/*******************************************************************************
 * Size: 55 px
 * Bpp: 4
 * Opts: --no-compress --no-prefilter --bpp 4 --format lvgl --lv-include lvgl.h --size 55 --font Countach-Bold-TRIAL-BF63c5f2076e572.otf -r 0x20,0x2D,0x30-0x39,0x41-0x5A --lv-font-name countach_bold_55 -o src/fonts/countach_bold_55.c
 ******************************************************************************/

#ifdef LV_LVGL_H_INCLUDE_SIMPLE
#include "lvgl.h"
#else
#include "lvgl.h"
#endif

#ifndef COUNTACH_BOLD_55
#define COUNTACH_BOLD_55 1
#endif

#if COUNTACH_BOLD_55

/*-----------------
 *    BITMAPS
 *----------------*/

/*Store the image of the glyphs*/
static LV_ATTRIBUTE_LARGE_CONST const uint8_t glyph_bitmap[] = {
    /* U+0020 " " */

    /* U+002D "-" */
    0x58, 0x88, 0x88, 0x88, 0x88, 0x83, 0x9f, 0xff,
    0xff, 0xff, 0xff, 0xf5, 0x9f, 0xff, 0xff, 0xff,
    0xff, 0xf5, 0x9f, 0xff, 0xff, 0xff, 0xff, 0xf5,
    0x9f, 0xff, 0xff, 0xff, 0xff, 0xf5, 0x9f, 0xff,
    0xff, 0xff, 0xff, 0xf5, 0x9f, 0xff, 0xff, 0xff,
    0xff, 0xf5,

    /* U+0030 "0" */
    0x0, 0x6, 0xef, 0xff, 0xff, 0xff, 0xff, 0xff,
    0xff, 0x81, 0x0, 0x0, 0xbf, 0xff, 0xff, 0xff,
    0xff, 0xff, 0xff, 0xff, 0xfd, 0x20, 0x9, 0xff,
    0xff, 0xff, 0xff, 0xff, 0xff, 0xff, 0xff, 0xff,
    0xc0, 0x2f, 0xff, 0xff, 0xff, 0xff, 0xff, 0xff,
    0xff, 0xff, 0xff, 0xf4, 0x6f, 0xff, 0xff, 0xff,
    0xff, 0xff, 0xff, 0xff, 0xff, 0xff, 0xf9, 0x8f,
    0xff, 0xff, 0xff, 0xff, 0xff, 0xff, 0xff, 0xff,
    0xff, 0xfb, 0x9f, 0xff, 0xff, 0xff, 0xff, 0xff,
    0xff, 0xff, 0xff, 0xff, 0xfc, 0x9f, 0xff, 0xff,
    0xff, 0xf6, 0x11, 0x3f, 0xff, 0xff, 0xff, 0xfd,
    0x9f, 0xff, 0xff, 0xff, 0xf2, 0x0, 0xf, 0xff,
    0xff, 0xff, 0xfd, 0x9f, 0xff, 0xff, 0xff, 0xf2,
    0x0, 0xf, 0xff, 0xff, 0xff, 0xfd, 0x9f, 0xff,
    0xff, 0xff, 0xf2, 0x0, 0xf, 0xff, 0xff, 0xff,
    0xfd, 0x9f, 0xff, 0xff, 0xff, 0xf2, 0x0, 0xf,
    0xff, 0xff, 0xff, 0xfd, 0x9f, 0xff, 0xff, 0xff,
    0xf2, 0x0, 0xf, 0xff, 0xff, 0xff, 0xfd, 0x9f,
    0xff, 0xff, 0xff, 0xf2, 0x0, 0xf, 0xff, 0xff,
    0xff, 0xfd, 0x9f, 0xff, 0xff, 0xff, 0xf2, 0x0,
    0xf, 0xff, 0xff, 0xff, 0xfd, 0x9f, 0xff, 0xff,
    0xff, 0xf2, 0x0, 0xf, 0xff, 0xff, 0xff, 0xfd,
    0x9f, 0xff, 0xff, 0xff, 0xf2, 0x0, 0xf, 0xff,
    0xff, 0xff, 0xfd, 0x9f, 0xff, 0xff, 0xff, 0xf2,
    0x0, 0xf, 0xff, 0xff, 0xff, 0xfd, 0x9f, 0xff,
    0xff, 0xff, 0xf2, 0x0, 0xf, 0xff, 0xff, 0xff,
    0xfd, 0x9f, 0xff, 0xff, 0xff, 0xf2, 0x0, 0xf,
    0xff, 0xff, 0xff, 0xfd, 0x9f, 0xff, 0xff, 0xff,
    0xf2, 0x0, 0xf, 0xff, 0xff, 0xff, 0xfd, 0x9f,
    0xff, 0xff, 0xff, 0xf2, 0x0, 0xf, 0xff, 0xff,
    0xff, 0xfd, 0x9f, 0xff, 0xff, 0xff, 0xf2, 0x0,
    0xf, 0xff, 0xff, 0xff, 0xfd, 0x9f, 0xff, 0xff,
    0xff, 0xf2, 0x0, 0xf, 0xff, 0xff, 0xff, 0xfd,
    0x9f, 0xff, 0xff, 0xff, 0xf2, 0x0, 0xf, 0xff,
    0xff, 0xff, 0xfd, 0x9f, 0xff, 0xff, 0xff, 0xf2,
    0x0, 0xf, 0xff, 0xff, 0xff, 0xfd, 0x9f, 0xff,
    0xff, 0xff, 0xf2, 0x0, 0xf, 0xff, 0xff, 0xff,
    0xfd, 0x9f, 0xff, 0xff, 0xff, 0xf2, 0x0, 0xf,
    0xff, 0xff, 0xff, 0xfd, 0x9f, 0xff, 0xff, 0xff,
    0xf2, 0x0, 0xf, 0xff, 0xff, 0xff, 0xfd, 0x9f,
    0xff, 0xff, 0xff, 0xf2, 0x0, 0xf, 0xff, 0xff,
    0xff, 0xfd, 0x9f, 0xff, 0xff, 0xff, 0xf2, 0x0,
    0xf, 0xff, 0xff, 0xff, 0xfd, 0x9f, 0xff, 0xff,
    0xff, 0xf6, 0x11, 0x3f, 0xff, 0xff, 0xff, 0xfd,
    0x9f, 0xff, 0xff, 0xff, 0xff, 0xff, 0xff, 0xff,
    0xff, 0xff, 0xfc, 0x8f, 0xff, 0xff, 0xff, 0xff,
    0xff, 0xff, 0xff, 0xff, 0xff, 0xfb, 0x6f, 0xff,
    0xff, 0xff, 0xff, 0xff, 0xff, 0xff, 0xff, 0xff,
    0xf9, 0x2f, 0xff, 0xff, 0xff, 0xff, 0xff, 0xff,
    0xff, 0xff, 0xff, 0xf4, 0x9, 0xff, 0xff, 0xff,
    0xff, 0xff, 0xff, 0xff, 0xff, 0xff, 0xd0, 0x0,
    0xbf, 0xff, 0xff, 0xff, 0xff, 0xff, 0xff, 0xff,
    0xfd, 0x20, 0x0, 0x7, 0xef, 0xff, 0xff, 0xff,
    0xff, 0xff, 0xff, 0x81, 0x0,

    /* U+0031 "1" */
    0x2f, 0xff, 0xff, 0xff, 0xff, 0xff, 0xff, 0x0,
    0x0, 0x2, 0xff, 0xff, 0xff, 0xff, 0xff, 0xff,
    0xf0, 0x0, 0x0, 0x2f, 0xff, 0xff, 0xff, 0xff,
    0xff, 0xff, 0x0, 0x0, 0x2, 0xff, 0xff, 0xff,
    0xff, 0xff, 0xff, 0xf0, 0x0, 0x0, 0x2f, 0xff,
    0xff, 0xff, 0xff, 0xff, 0xff, 0x0, 0x0, 0x2,
    0xff, 0xff, 0xff, 0xff, 0xff, 0xff, 0xf0, 0x0,
    0x0, 0x2f, 0xff, 0xff, 0xff, 0xff, 0xff, 0xff,
    0x0, 0x0, 0x2, 0xff, 0xff, 0xff, 0xff, 0xff,
    0xff, 0xf0, 0x0, 0x0, 0x2, 0x22, 0x2c, 0xff,
    0xff, 0xff, 0xff, 0x0, 0x0, 0x0, 0x0, 0x0,
    0xbf, 0xff, 0xff, 0xff, 0xf0, 0x0, 0x0, 0x0,
    0x0, 0xb, 0xff, 0xff, 0xff, 0xff, 0x0, 0x0,
    0x0, 0x0, 0x0, 0xbf, 0xff, 0xff, 0xff, 0xf0,
    0x0, 0x0, 0x0, 0x0, 0xb, 0xff, 0xff, 0xff,
    0xff, 0x0, 0x0, 0x0, 0x0, 0x0, 0xbf, 0xff,
    0xff, 0xff, 0xf0, 0x0, 0x0, 0x0, 0x0, 0xb,
    0xff, 0xff, 0xff, 0xff, 0x0, 0x0, 0x0, 0x0,
    0x0, 0xbf, 0xff, 0xff, 0xff, 0xf0, 0x0, 0x0,
    0x0, 0x0, 0xb, 0xff, 0xff, 0xff, 0xff, 0x0,
    0x0, 0x0, 0x0, 0x0, 0xbf, 0xff, 0xff, 0xff,
    0xf0, 0x0, 0x0, 0x0, 0x0, 0xb, 0xff, 0xff,
    0xff, 0xff, 0x0, 0x0, 0x0, 0x0, 0x0, 0xbf,
    0xff, 0xff, 0xff, 0xf0, 0x0, 0x0, 0x0, 0x0,
    0xb, 0xff, 0xff, 0xff, 0xff, 0x0, 0x0, 0x0,
    0x0, 0x0, 0xbf, 0xff, 0xff, 0xff, 0xf0, 0x0,
    0x0, 0x0, 0x0, 0xb, 0xff, 0xff, 0xff, 0xff,
    0x0, 0x0, 0x0, 0x0, 0x0, 0xbf, 0xff, 0xff,
    0xff, 0xf0, 0x0, 0x0, 0x0, 0x0, 0xb, 0xff,
    0xff, 0xff, 0xff, 0x0, 0x0, 0x0, 0x0, 0x0,
    0xbf, 0xff, 0xff, 0xff, 0xf0, 0x0, 0x0, 0x0,
    0x0, 0xb, 0xff, 0xff, 0xff, 0xff, 0x0, 0x0,
    0x0, 0x0, 0x0, 0xbf, 0xff, 0xff, 0xff, 0xf0,
    0x0, 0x0, 0x0, 0x0, 0xb, 0xff, 0xff, 0xff,
    0xff, 0x0, 0x0, 0x0, 0x0, 0x0, 0xbf, 0xff,
    0xff, 0xff, 0xf0, 0x0, 0x0, 0x12, 0x22, 0x2c,
    0xff, 0xff, 0xff, 0xff, 0x32, 0x22, 0x1b, 0xff,
    0xff, 0xff, 0xff, 0xff, 0xff, 0xff, 0xff, 0xf7,
    0xbf, 0xff, 0xff, 0xff, 0xff, 0xff, 0xff, 0xff,
    0xff, 0x7b, 0xff, 0xff, 0xff, 0xff, 0xff, 0xff,
    0xff, 0xff, 0xf7, 0xbf, 0xff, 0xff, 0xff, 0xff,
    0xff, 0xff, 0xff, 0xff, 0x7b, 0xff, 0xff, 0xff,
    0xff, 0xff, 0xff, 0xff, 0xff, 0xf7, 0xbf, 0xff,
    0xff, 0xff, 0xff, 0xff, 0xff, 0xff, 0xff, 0x7b,
    0xff, 0xff, 0xff, 0xff, 0xff, 0xff, 0xff, 0xff,
    0xf7, 0xbf, 0xff, 0xff, 0xff, 0xff, 0xff, 0xff,
    0xff, 0xff, 0x70,

    /* U+0032 "2" */
    0x0, 0x6, 0xef, 0xff, 0xff, 0xff, 0xff, 0xff,
    0xff, 0x81, 0x0, 0x0, 0xbf, 0xff, 0xff, 0xff,
    0xff, 0xff, 0xff, 0xff, 0xfd, 0x20, 0x9, 0xff,
    0xff, 0xff, 0xff, 0xff, 0xff, 0xff, 0xff, 0xff,
    0xc0, 0x1f, 0xff, 0xff, 0xff, 0xff, 0xff, 0xff,
    0xff, 0xff, 0xff, 0xf4, 0x5f, 0xff, 0xff, 0xff,
    0xff, 0xff, 0xff, 0xff, 0xff, 0xff, 0xf9, 0x7f,
    0xff, 0xff, 0xff, 0xff, 0xff, 0xff, 0xff, 0xff,
    0xff, 0xfb, 0x9f, 0xff, 0xff, 0xff, 0xff, 0xff,
    0xff, 0xff, 0xff, 0xff, 0xfc, 0x9f, 0xff, 0xff,
    0xff, 0xf6, 0x11, 0x3f, 0xff, 0xff, 0xff, 0xfd,
    0x9f, 0xff, 0xff, 0xff, 0xf2, 0x0, 0xf, 0xff,
    0xff, 0xff, 0xfd, 0x9f, 0xff, 0xff, 0xff, 0xf2,
    0x0, 0xf, 0xff, 0xff, 0xff, 0xfd, 0x9f, 0xff,
    0xff, 0xff, 0xf2, 0x0, 0xf, 0xff, 0xff, 0xff,
    0xfd, 0x9f, 0xff, 0xff, 0xff, 0xf2, 0x0, 0xf,
    0xff, 0xff, 0xff, 0xfd, 0x9f, 0xff, 0xff, 0xff,
    0xf2, 0x0, 0xf, 0xff, 0xff, 0xff, 0xfd, 0x23,
    0x33, 0x33, 0x33, 0x30, 0x0, 0xf, 0xff, 0xff,
    0xff, 0xfd, 0x0, 0x0, 0x0, 0x0, 0x0, 0x0,
    0xf, 0xff, 0xff, 0xff, 0xfd, 0x0, 0x0, 0x0,
    0x0, 0x0, 0x0, 0xf, 0xff, 0xff, 0xff, 0xfd,
    0x0, 0x0, 0x0, 0x0, 0x0, 0x17, 0xef, 0xff,
    0xff, 0xff, 0xfd, 0x0, 0x0, 0x0, 0x0, 0x29,
    0xff, 0xff, 0xff, 0xff, 0xff, 0xfc, 0x0, 0x0,
    0x0, 0x4b, 0xff, 0xff, 0xff, 0xff, 0xff, 0xff,
    0xfa, 0x0, 0x0, 0x6d, 0xff, 0xff, 0xff, 0xff,
    0xff, 0xff, 0xff, 0xf6, 0x0, 0x5e, 0xff, 0xff,
    0xff, 0xff, 0xff, 0xff, 0xff, 0xff, 0xd0, 0x6,
    0xff, 0xff, 0xff, 0xff, 0xff, 0xff, 0xff, 0xff,
    0xfc, 0x20, 0x1f, 0xff, 0xff, 0xff, 0xff, 0xff,
    0xff, 0xff, 0xfd, 0x60, 0x0, 0x5f, 0xff, 0xff,
    0xff, 0xff, 0xff, 0xff, 0xfb, 0x40, 0x0, 0x0,
    0x8f, 0xff, 0xff, 0xff, 0xff, 0xff, 0xf9, 0x20,
    0x0, 0x0, 0x0, 0x9f, 0xff, 0xff, 0xff, 0xff,
    0xe7, 0x10, 0x0, 0x0, 0x0, 0x0, 0x9f, 0xff,
    0xff, 0xff, 0xf7, 0x0, 0x0, 0x0, 0x0, 0x0,
    0x0, 0x9f, 0xff, 0xff, 0xff, 0xf2, 0x0, 0x0,
    0x0, 0x0, 0x0, 0x0, 0x9f, 0xff, 0xff, 0xff,
    0xf2, 0x0, 0x0, 0x0, 0x0, 0x0, 0x0, 0x9f,
    0xff, 0xff, 0xff, 0xf2, 0x0, 0x0, 0x0, 0x0,
    0x0, 0x0, 0x9f, 0xff, 0xff, 0xff, 0xf4, 0x22,
    0x22, 0x22, 0x22, 0x22, 0x22, 0x9f, 0xff, 0xff,
    0xff, 0xff, 0xff, 0xff, 0xff, 0xff, 0xff, 0xfd,
    0x9f, 0xff, 0xff, 0xff, 0xff, 0xff, 0xff, 0xff,
    0xff, 0xff, 0xfd, 0x9f, 0xff, 0xff, 0xff, 0xff,
    0xff, 0xff, 0xff, 0xff, 0xff, 0xfd, 0x9f, 0xff,
    0xff, 0xff, 0xff, 0xff, 0xff, 0xff, 0xff, 0xff,
    0xfd, 0x9f, 0xff, 0xff, 0xff, 0xff, 0xff, 0xff,
    0xff, 0xff, 0xff, 0xfd, 0x9f, 0xff, 0xff, 0xff,
    0xff, 0xff, 0xff, 0xff, 0xff, 0xff, 0xfd, 0x9f,
    0xff, 0xff, 0xff, 0xff, 0xff, 0xff, 0xff, 0xff,
    0xff, 0xfd, 0x9f, 0xff, 0xff, 0xff, 0xff, 0xff,
    0xff, 0xff, 0xff, 0xff, 0xfd,

    /* U+0033 "3" */
    0x0, 0x6, 0xef, 0xff, 0xff, 0xff, 0xff, 0xff,
    0xff, 0x81, 0x0, 0x0, 0xbf, 0xff, 0xff, 0xff,
    0xff, 0xff, 0xff, 0xff, 0xfd, 0x20, 0x9, 0xff,
    0xff, 0xff, 0xff, 0xff, 0xff, 0xff, 0xff, 0xff,
    0xc0, 0x1f, 0xff, 0xff, 0xff, 0xff, 0xff, 0xff,
    0xff, 0xff, 0xff, 0xf4, 0x5f, 0xff, 0xff, 0xff,
    0xff, 0xff, 0xff, 0xff, 0xff, 0xff, 0xf9, 0x7f,
    0xff, 0xff, 0xff, 0xff, 0xff, 0xff, 0xff, 0xff,
    0xff, 0xfb, 0x9f, 0xff, 0xff, 0xff, 0xff, 0xff,
    0xff, 0xff, 0xff, 0xff, 0xfc, 0x9f, 0xff, 0xff,
    0xff, 0xf6, 0x11, 0x3f, 0xff, 0xff, 0xff, 0xfd,
    0x9f, 0xff, 0xff, 0xff, 0xf2, 0x0, 0xf, 0xff,
    0xff, 0xff, 0xfd, 0x9f, 0xff, 0xff, 0xff, 0xf2,
    0x0, 0xf, 0xff, 0xff, 0xff, 0xfd, 0x9f, 0xff,
    0xff, 0xff, 0xf2, 0x0, 0xf, 0xff, 0xff, 0xff,
    0xfd, 0x7c, 0xcc, 0xcc, 0xcc, 0xc2, 0x0, 0xf,
    0xff, 0xff, 0xff, 0xfd, 0x0, 0x0, 0x0, 0x0,
    0x0, 0x0, 0xf, 0xff, 0xff, 0xff, 0xfd, 0x0,
    0x0, 0x0, 0x0, 0x0, 0x0, 0xf, 0xff, 0xff,
    0xff, 0xfc, 0x0, 0x0, 0x0, 0x0, 0x0, 0x0,
    0xf, 0xff, 0xff, 0xff, 0xfb, 0x0, 0x0, 0x0,
    0x0, 0x0, 0x0, 0x2f, 0xff, 0xff, 0xff, 0xf9,
    0x0, 0x0, 0x0, 0x7, 0xff, 0xff, 0xff, 0xff,
    0xff, 0xff, 0xf4, 0x0, 0x0, 0x0, 0x7, 0xff,
    0xff, 0xff, 0xff, 0xff, 0xff, 0xb0, 0x0, 0x0,
    0x0, 0x7, 0xff, 0xff, 0xff, 0xff, 0xff, 0xfb,
    0x10, 0x0, 0x0, 0x0, 0x7, 0xff, 0xff, 0xff,
    0xff, 0xff, 0xf4, 0x0, 0x0, 0x0, 0x0, 0x7,
    0xff, 0xff, 0xff, 0xff, 0xff, 0xff, 0x50, 0x0,
    0x0, 0x0, 0x7, 0xff, 0xff, 0xff, 0xff, 0xff,
    0xff, 0xe1, 0x0, 0x0, 0x0, 0x3, 0x88, 0x88,
    0xaf, 0xff, 0xff, 0xff, 0xf6, 0x0, 0x0, 0x0,
    0x0, 0x0, 0x0, 0xf, 0xff, 0xff, 0xff, 0xfa,
    0x0, 0x0, 0x0, 0x0, 0x0, 0x0, 0xf, 0xff,
    0xff, 0xff, 0xfc, 0x0, 0x0, 0x0, 0x0, 0x0,
    0x0, 0xf, 0xff, 0xff, 0xff, 0xfd, 0x0, 0x0,
    0x0, 0x0, 0x0, 0x0, 0xf, 0xff, 0xff, 0xff,
    0xfd, 0x7b, 0xbb, 0xbb, 0xbb, 0xb2, 0x0, 0xf,
    0xff, 0xff, 0xff, 0xfd, 0x9f, 0xff, 0xff, 0xff,
    0xf2, 0x0, 0xf, 0xff, 0xff, 0xff, 0xfd, 0x9f,
    0xff, 0xff, 0xff, 0xf2, 0x0, 0xf, 0xff, 0xff,
    0xff, 0xfd, 0x9f, 0xff, 0xff, 0xff, 0xf2, 0x0,
    0xf, 0xff, 0xff, 0xff, 0xfd, 0x9f, 0xff, 0xff,
    0xff, 0xf6, 0x11, 0x3f, 0xff, 0xff, 0xff, 0xfd,
    0x9f, 0xff, 0xff, 0xff, 0xff, 0xff, 0xff, 0xff,
    0xff, 0xff, 0xfd, 0x8f, 0xff, 0xff, 0xff, 0xff,
    0xff, 0xff, 0xff, 0xff, 0xff, 0xfb, 0x6f, 0xff,
    0xff, 0xff, 0xff, 0xff, 0xff, 0xff, 0xff, 0xff,
    0xf9, 0x2f, 0xff, 0xff, 0xff, 0xff, 0xff, 0xff,
    0xff, 0xff, 0xff, 0xf5, 0x9, 0xff, 0xff, 0xff,
    0xff, 0xff, 0xff, 0xff, 0xff, 0xff, 0xd0, 0x0,
    0xbf, 0xff, 0xff, 0xff, 0xff, 0xff, 0xff, 0xff,
    0xfd, 0x20, 0x0, 0x7, 0xef, 0xff, 0xff, 0xff,
    0xff, 0xff, 0xff, 0x81, 0x0,

    /* U+0034 "4" */
    0x0, 0x0, 0x0, 0x0, 0x6f, 0xff, 0xff, 0xff,
    0xf6, 0x0, 0x0, 0x0, 0x0, 0x0, 0x0, 0x0,
    0xbf, 0xff, 0xff, 0xff, 0xf1, 0x0, 0x0, 0x0,
    0x0, 0x0, 0x0, 0x1, 0xff, 0xff, 0xff, 0xff,
    0xb0, 0x0, 0x0, 0x0, 0x0, 0x0, 0x0, 0x7,
    0xff, 0xff, 0xff, 0xff, 0x50, 0x0, 0x0, 0x0,
    0x0, 0x0, 0x0, 0xd, 0xff, 0xff, 0xff, 0xff,
    0x0, 0x0, 0x0, 0x0, 0x0, 0x0, 0x0, 0x3f,
    0xff, 0xff, 0xff, 0xf9, 0x0, 0x0, 0x0, 0x0,
    0x0, 0x0, 0x0, 0x8f, 0xff, 0xff, 0xff, 0xf4,
    0x0, 0x0, 0x0, 0x0, 0x0, 0x0, 0x0, 0xef,
    0xff, 0xff, 0xff, 0xe0, 0x0, 0x0, 0x0, 0x0,
    0x0, 0x0, 0x4, 0xff, 0xff, 0xff, 0xff, 0x80,
    0x0, 0x0, 0x0, 0x0, 0x0, 0x0, 0xa, 0xff,
    0xff, 0xff, 0xff, 0x20, 0x0, 0x0, 0x0, 0x0,
    0x0, 0x0, 0xf, 0xff, 0xff, 0xff, 0xfd, 0x0,
    0x0, 0x0, 0x0, 0x0, 0x0, 0x0, 0x5f, 0xff,
    0xff, 0xff, 0xf7, 0x0, 0x0, 0x0, 0x0, 0x0,
    0x0, 0x0, 0xbf, 0xff, 0xff, 0xff, 0xf1, 0x0,
    0x0, 0x0, 0x0, 0x0, 0x0, 0x1, 0xff, 0xff,
    0xff, 0xff, 0xb0, 0x0, 0x0, 0x0, 0x0, 0x0,
    0x0, 0x6, 0xff, 0xff, 0xff, 0xff, 0x60, 0x0,
    0x0, 0x0, 0x0, 0x0, 0x0, 0xc, 0xff, 0xff,
    0xff, 0xff, 0x10, 0x11, 0x11, 0x11, 0x10, 0x0,
    0x0, 0x2f, 0xff, 0xff, 0xff, 0xfa, 0x3, 0xff,
    0xff, 0xff, 0x90, 0x0, 0x0, 0x8f, 0xff, 0xff,
    0xff, 0xf5, 0xa, 0xff, 0xff, 0xff, 0x90, 0x0,
    0x0, 0xef, 0xff, 0xff, 0xff, 0xe0, 0x2f, 0xff,
    0xff, 0xff, 0x90, 0x0, 0x3, 0xff, 0xff, 0xff,
    0xff, 0x90, 0x8f, 0xff, 0xff, 0xff, 0x90, 0x0,
    0x9, 0xff, 0xff, 0xff, 0xff, 0x30, 0xff, 0xff,
    0xff, 0xff, 0x90, 0x0, 0xe, 0xff, 0xff, 0xff,
    0xfe, 0x2, 0xff, 0xff, 0xff, 0xff, 0x90, 0x0,
    0x5f, 0xff, 0xff, 0xff, 0xf8, 0x2, 0xff, 0xff,
    0xff, 0xff, 0x90, 0x0, 0xaf, 0xff, 0xff, 0xff,
    0xff, 0xff, 0xff, 0xff, 0xff, 0xff, 0xff, 0xf5,
    0xbf, 0xff, 0xff, 0xff, 0xff, 0xff, 0xff, 0xff,
    0xff, 0xff, 0xff, 0xf5, 0xbf, 0xff, 0xff, 0xff,
    0xff, 0xff, 0xff, 0xff, 0xff, 0xff, 0xff, 0xf5,
    0xbf, 0xff, 0xff, 0xff, 0xff, 0xff, 0xff, 0xff,
    0xff, 0xff, 0xff, 0xf5, 0xbf, 0xff, 0xff, 0xff,
    0xff, 0xff, 0xff, 0xff, 0xff, 0xff, 0xff, 0xf5,
    0xbf, 0xff, 0xff, 0xff, 0xff, 0xff, 0xff, 0xff,
    0xff, 0xff, 0xff, 0xf5, 0xbf, 0xff, 0xff, 0xff,
    0xff, 0xff, 0xff, 0xff, 0xff, 0xff, 0xff, 0xf5,
    0xbf, 0xff, 0xff, 0xff, 0xff, 0xff, 0xff, 0xff,
    0xff, 0xff, 0xff, 0xf5, 0x12, 0x22, 0x22, 0x22,
    0x22, 0x25, 0xff, 0xff, 0xff, 0xff, 0xb2, 0x21,
    0x0, 0x0, 0x0, 0x0, 0x0, 0x2, 0xff, 0xff,
    0xff, 0xff, 0x90, 0x0, 0x0, 0x0, 0x0, 0x0,
    0x0, 0x2, 0xff, 0xff, 0xff, 0xff, 0x90, 0x0,
    0x0, 0x0, 0x0, 0x0, 0x0, 0x2, 0xff, 0xff,
    0xff, 0xff, 0x90, 0x0, 0x0, 0x0, 0x0, 0x0,
    0x0, 0x2, 0xff, 0xff, 0xff, 0xff, 0x90, 0x0,
    0x0, 0x0, 0x0, 0x0, 0x0, 0x2, 0xff, 0xff,
    0xff, 0xff, 0x90, 0x0, 0x0, 0x0, 0x0, 0x0,
    0x0, 0x2, 0xff, 0xff, 0xff, 0xff, 0x90, 0x0,
    0x0, 0x0, 0x0, 0x0, 0x0, 0x2, 0xff, 0xff,
    0xff, 0xff, 0x90, 0x0,

    /* U+0035 "5" */
    0x9f, 0xff, 0xff, 0xff, 0xff, 0xff, 0xff, 0xff,
    0xff, 0xff, 0xf4, 0x9f, 0xff, 0xff, 0xff, 0xff,
    0xff, 0xff, 0xff, 0xff, 0xff, 0xf4, 0x9f, 0xff,
    0xff, 0xff, 0xff, 0xff, 0xff, 0xff, 0xff, 0xff,
    0xf4, 0x9f, 0xff, 0xff, 0xff, 0xff, 0xff, 0xff,
    0xff, 0xff, 0xff, 0xf4, 0x9f, 0xff, 0xff, 0xff,
    0xff, 0xff, 0xff, 0xff, 0xff, 0xff, 0xf4, 0x9f,
    0xff, 0xff, 0xff, 0xff, 0xff, 0xff, 0xff, 0xff,
    0xff, 0xf4, 0x9f, 0xff, 0xff, 0xff, 0xff, 0xff,
    0xff, 0xff, 0xff, 0xff, 0xf4, 0x9f, 0xff, 0xff,
    0xff, 0xd9, 0x99, 0x99, 0x99, 0x99, 0x99, 0x92,
    0x9f, 0xff, 0xff, 0xff, 0x90, 0x0, 0x0, 0x0,
    0x0, 0x0, 0x0, 0x9f, 0xff, 0xff, 0xff, 0x90,
    0x0, 0x0, 0x0, 0x0, 0x0, 0x0, 0x9f, 0xff,
    0xff, 0xff, 0x90, 0x0, 0x0, 0x0, 0x0, 0x0,
    0x0, 0x9f, 0xff, 0xff, 0xff, 0x90, 0x0, 0x0,
    0x0, 0x0, 0x0, 0x0, 0x9f, 0xff, 0xff, 0xff,
    0x90, 0x0, 0x0, 0x0, 0x0, 0x0, 0x0, 0x9f,
    0xff, 0xff, 0xff, 0x90, 0x38, 0x88, 0x88, 0x87,
    0x10, 0x0, 0x9f, 0xff, 0xff, 0xff, 0x94, 0xff,
    0xff, 0xff, 0xff, 0xf7, 0x0, 0x9f, 0xff, 0xff,
    0xff, 0xdf, 0xff, 0xff, 0xff, 0xff, 0xff, 0x70,
    0x9f, 0xff, 0xff, 0xff, 0xff, 0xff, 0xff, 0xff,
    0xff, 0xff, 0xf1, 0x9f, 0xff, 0xff, 0xff, 0xff,
    0xff, 0xff, 0xff, 0xff, 0xff, 0xf7, 0x9f, 0xff,
    0xff, 0xff, 0xff, 0xff, 0xff, 0xff, 0xff, 0xff,
    0xfa, 0x9f, 0xff, 0xff, 0xff, 0xff, 0xff, 0xff,
    0xff, 0xff, 0xff, 0xfc, 0x9f, 0xff, 0xff, 0xff,
    0xc0, 0x0, 0x2f, 0xff, 0xff, 0xff, 0xfd, 0x9f,
    0xff, 0xff, 0xff, 0x90, 0x0, 0xf, 0xff, 0xff,
    0xff, 0xfd, 0x8d, 0xdd, 0xdd, 0xdd, 0x80, 0x0,
    0xf, 0xff, 0xff, 0xff, 0xfd, 0x0, 0x0, 0x0,
    0x0, 0x0, 0x0, 0xf, 0xff, 0xff, 0xff, 0xfd,
    0x0, 0x0, 0x0, 0x0, 0x0, 0x0, 0xf, 0xff,
    0xff, 0xff, 0xfd, 0x0, 0x0, 0x0, 0x0, 0x0,
    0x0, 0xf, 0xff, 0xff, 0xff, 0xfd, 0x0, 0x0,
    0x0, 0x0, 0x0, 0x0, 0xf, 0xff, 0xff, 0xff,
    0xfd, 0x8e, 0xee, 0xee, 0xee, 0x80, 0x0, 0xf,
    0xff, 0xff, 0xff, 0xfd, 0x9f, 0xff, 0xff, 0xff,
    0x90, 0x0, 0xf, 0xff, 0xff, 0xff, 0xfd, 0x9f,
    0xff, 0xff, 0xff, 0x90, 0x0, 0xf, 0xff, 0xff,
    0xff, 0xfd, 0x9f, 0xff, 0xff, 0xff, 0x90, 0x0,
    0xf, 0xff, 0xff, 0xff, 0xfd, 0x9f, 0xff, 0xff,
    0xff, 0xc1, 0x11, 0x3f, 0xff, 0xff, 0xff, 0xfd,
    0x9f, 0xff, 0xff, 0xff, 0xff, 0xff, 0xff, 0xff,
    0xff, 0xff, 0xfc, 0x7f, 0xff, 0xff, 0xff, 0xff,
    0xff, 0xff, 0xff, 0xff, 0xff, 0xfb, 0x5f, 0xff,
    0xff, 0xff, 0xff, 0xff, 0xff, 0xff, 0xff, 0xff,
    0xf9, 0x1f, 0xff, 0xff, 0xff, 0xff, 0xff, 0xff,
    0xff, 0xff, 0xff, 0xf4, 0x9, 0xff, 0xff, 0xff,
    0xff, 0xff, 0xff, 0xff, 0xff, 0xff, 0xc0, 0x0,
    0xbf, 0xff, 0xff, 0xff, 0xff, 0xff, 0xff, 0xff,
    0xfd, 0x10, 0x0, 0x7, 0xef, 0xff, 0xff, 0xff,
    0xff, 0xff, 0xff, 0x81, 0x0,

    /* U+0036 "6" */
    0x0, 0x6, 0xef, 0xff, 0xff, 0xff, 0xff, 0xff,
    0xff, 0x81, 0x0, 0x0, 0xbf, 0xff, 0xff, 0xff,
    0xff, 0xff, 0xff, 0xff, 0xfd, 0x20, 0x9, 0xff,
    0xff, 0xff, 0xff, 0xff, 0xff, 0xff, 0xff, 0xff,
    0xc0, 0x2f, 0xff, 0xff, 0xff, 0xff, 0xff, 0xff,
    0xff, 0xff, 0xff, 0xf4, 0x6f, 0xff, 0xff, 0xff,
    0xff, 0xff, 0xff, 0xff, 0xff, 0xff, 0xf9, 0x8f,
    0xff, 0xff, 0xff, 0xff, 0xff, 0xff, 0xff, 0xff,
    0xff, 0xfb, 0x9f, 0xff, 0xff, 0xff, 0xff, 0xff,
    0xff, 0xff, 0xff, 0xff, 0xfc, 0x9f, 0xff, 0xff,
    0xff, 0xf6, 0x11, 0x3f, 0xff, 0xff, 0xff, 0xfd,
    0x9f, 0xff, 0xff, 0xff, 0xf2, 0x0, 0xf, 0xff,
    0xff, 0xff, 0xfd, 0x9f, 0xff, 0xff, 0xff, 0xf2,
    0x0, 0xf, 0xff, 0xff, 0xff, 0xfd, 0x9f, 0xff,
    0xff, 0xff, 0xf2, 0x0, 0xf, 0xff, 0xff, 0xff,
    0xfd, 0x9f, 0xff, 0xff, 0xff, 0xf2, 0x0, 0xb,
    0xcc, 0xcc, 0xcc, 0xca, 0x9f, 0xff, 0xff, 0xff,
    0xf2, 0x0, 0x0, 0x0, 0x0, 0x0, 0x0, 0x9f,
    0xff, 0xff, 0xff, 0xf2, 0x0, 0x0, 0x0, 0x0,
    0x0, 0x0, 0x9f, 0xff, 0xff, 0xff, 0xf2, 0x0,
    0x0, 0x0, 0x0, 0x0, 0x0, 0x9f, 0xff, 0xff,
    0xff, 0xf3, 0xaf, 0xff, 0xff, 0xff, 0x81, 0x0,
    0x9f, 0xff, 0xff, 0xff, 0xfc, 0xff, 0xff, 0xff,
    0xff, 0xfd, 0x20, 0x9f, 0xff, 0xff, 0xff, 0xff,
    0xff, 0xff, 0xff, 0xff, 0xff, 0xd0, 0x9f, 0xff,
    0xff, 0xff, 0xff, 0xff, 0xff, 0xff, 0xff, 0xff,
    0xf4, 0x9f, 0xff, 0xff, 0xff, 0xff, 0xff, 0xff,
    0xff, 0xff, 0xff, 0xf9, 0x9f, 0xff, 0xff, 0xff,
    0xff, 0xff, 0xff, 0xff, 0xff, 0xff, 0xfb, 0x9f,
    0xff, 0xff, 0xff, 0xfc, 0x88, 0xaf, 0xff, 0xff,
    0xff, 0xfc, 0x9f, 0xff, 0xff, 0xff, 0xf2, 0x0,
    0xf, 0xff, 0xff, 0xff, 0xfd, 0x9f, 0xff, 0xff,
    0xff, 0xf2, 0x0, 0xf, 0xff, 0xff, 0xff, 0xfd,
    0x9f, 0xff, 0xff, 0xff, 0xf2, 0x0, 0xf, 0xff,
    0xff, 0xff, 0xfd, 0x9f, 0xff, 0xff, 0xff, 0xf2,
    0x0, 0xf, 0xff, 0xff, 0xff, 0xfd, 0x9f, 0xff,
    0xff, 0xff, 0xf2, 0x0, 0xf, 0xff, 0xff, 0xff,
    0xfd, 0x9f, 0xff, 0xff, 0xff, 0xf2, 0x0, 0xf,
    0xff, 0xff, 0xff, 0xfd, 0x9f, 0xff, 0xff, 0xff,
    0xf2, 0x0, 0xf, 0xff, 0xff, 0xff, 0xfd, 0x9f,
    0xff, 0xff, 0xff, 0xf2, 0x0, 0xf, 0xff, 0xff,
    0xff, 0xfd, 0x9f, 0xff, 0xff, 0xff, 0xf2, 0x0,
    0xf, 0xff, 0xff, 0xff, 0xfd, 0x9f, 0xff, 0xff,
    0xff, 0xf6, 0x11, 0x3f, 0xff, 0xff, 0xff, 0xfd,
    0x9f, 0xff, 0xff, 0xff, 0xff, 0xff, 0xff, 0xff,
    0xff, 0xff, 0xfc, 0x8f, 0xff, 0xff, 0xff, 0xff,
    0xff, 0xff, 0xff, 0xff, 0xff, 0xfb, 0x6f, 0xff,
    0xff, 0xff, 0xff, 0xff, 0xff, 0xff, 0xff, 0xff,
    0xf9, 0x2f, 0xff, 0xff, 0xff, 0xff, 0xff, 0xff,
    0xff, 0xff, 0xff, 0xf4, 0x9, 0xff, 0xff, 0xff,
    0xff, 0xff, 0xff, 0xff, 0xff, 0xff, 0xd0, 0x0,
    0xbf, 0xff, 0xff, 0xff, 0xff, 0xff, 0xff, 0xff,
    0xfd, 0x20, 0x0, 0x7, 0xef, 0xff, 0xff, 0xff,
    0xff, 0xff, 0xff, 0x81, 0x0,

    /* U+0037 "7" */
    0x9f, 0xff, 0xff, 0xff, 0xff, 0xff, 0xff, 0xff,
    0xff, 0xff, 0xfd, 0x9f, 0xff, 0xff, 0xff, 0xff,
    0xff, 0xff, 0xff, 0xff, 0xff, 0xfd, 0x9f, 0xff,
    0xff, 0xff, 0xff, 0xff, 0xff, 0xff, 0xff, 0xff,
    0xfd, 0x9f, 0xff, 0xff, 0xff, 0xff, 0xff, 0xff,
    0xff, 0xff, 0xff, 0xfd, 0x9f, 0xff, 0xff, 0xff,
    0xff, 0xff, 0xff, 0xff, 0xff, 0xff, 0xfd, 0x9f,
    0xff, 0xff, 0xff, 0xff, 0xff, 0xff, 0xff, 0xff,
    0xff, 0xfd, 0x9f, 0xff, 0xff, 0xff, 0xff, 0xff,
    0xff, 0xff, 0xff, 0xff, 0xfa, 0x69, 0x99, 0x99,
    0x99, 0x99, 0x99, 0xcf, 0xff, 0xff, 0xff, 0xf5,
    0x0, 0x0, 0x0, 0x0, 0x0, 0x0, 0xbf, 0xff,
    0xff, 0xff, 0xf0, 0x0, 0x0, 0x0, 0x0, 0x0,
    0x1, 0xff, 0xff, 0xff, 0xff, 0xa0, 0x0, 0x0,
    0x0, 0x0, 0x0, 0x6, 0xff, 0xff, 0xff, 0xff,
    0x50, 0x0, 0x0, 0x0, 0x0, 0x0, 0xc, 0xff,
    0xff, 0xff, 0xff, 0x0, 0x0, 0x0, 0x0, 0x0,
    0x0, 0x1f, 0xff, 0xff, 0xff, 0xfa, 0x0, 0x0,
    0x0, 0x0, 0x0, 0x0, 0x7f, 0xff, 0xff, 0xff,
    0xf5, 0x0, 0x0, 0x0, 0x0, 0x0, 0x0, 0xcf,
    0xff, 0xff, 0xff, 0xf0, 0x0, 0x0, 0x0, 0x0,
    0x0, 0x2, 0xff, 0xff, 0xff, 0xff, 0xb0, 0x0,
    0x0, 0x0, 0x0, 0x0, 0x8, 0xff, 0xff, 0xff,
    0xff, 0x50, 0x0, 0x0, 0x0, 0x0, 0x0, 0xd,
    0xff, 0xff, 0xff, 0xff, 0x10, 0x0, 0x0, 0x0,
    0x0, 0x0, 0x3f, 0xff, 0xff, 0xff, 0xfb, 0x0,
    0x0, 0x0, 0x0, 0x0, 0x0, 0x8f, 0xff, 0xff,
    0xff, 0xf6, 0x0, 0x0, 0x0, 0x0, 0x0, 0x0,
    0xef, 0xff, 0xff, 0xff, 0xf1, 0x0, 0x0, 0x0,
    0x0, 0x0, 0x3, 0xff, 0xff, 0xff, 0xff, 0xb0,
    0x0, 0x0, 0x0, 0x0, 0x0, 0x9, 0xff, 0xff,
    0xff, 0xff, 0x60, 0x0, 0x0, 0x0, 0x0, 0x0,
    0xe, 0xff, 0xff, 0xff, 0xff, 0x10, 0x0, 0x0,
    0x0, 0x0, 0x0, 0x4f, 0xff, 0xff, 0xff, 0xfb,
    0x0, 0x0, 0x0, 0x0, 0x0, 0x0, 0xaf, 0xff,
    0xff, 0xff, 0xf6, 0x0, 0x0, 0x0, 0x0, 0x0,
    0x0, 0xff, 0xff, 0xff, 0xff, 0xf1, 0x0, 0x0,
    0x0, 0x0, 0x0, 0x5, 0xff, 0xff, 0xff, 0xff,
    0xc0, 0x0, 0x0, 0x0, 0x0, 0x0, 0xa, 0xff,
    0xff, 0xff, 0xff, 0x60, 0x0, 0x0, 0x0, 0x0,
    0x0, 0xf, 0xff, 0xff, 0xff, 0xff, 0x10, 0x0,
    0x0, 0x0, 0x0, 0x0, 0x5f, 0xff, 0xff, 0xff,
    0xfc, 0x0, 0x0, 0x0, 0x0, 0x0, 0x0, 0xbf,
    0xff, 0xff, 0xff, 0xf7, 0x0, 0x0, 0x0, 0x0,
    0x0, 0x1, 0xff, 0xff, 0xff, 0xff, 0xf1, 0x0,
    0x0, 0x0, 0x0, 0x0, 0x6, 0xff, 0xff, 0xff,
    0xff, 0xc0, 0x0, 0x0, 0x0, 0x0, 0x0, 0xc,
    0xff, 0xff, 0xff, 0xff, 0x70, 0x0, 0x0, 0x0,
    0x0, 0x0, 0x1f, 0xff, 0xff, 0xff, 0xff, 0x20,
    0x0, 0x0, 0x0, 0x0, 0x0, 0x7f, 0xff, 0xff,
    0xff, 0xfc, 0x0, 0x0, 0x0, 0x0, 0x0, 0x0,
    0xcf, 0xff, 0xff, 0xff, 0xf7, 0x0, 0x0, 0x0,
    0x0, 0x0, 0x2, 0xff, 0xff, 0xff, 0xff, 0xf2,
    0x0, 0x0, 0x0, 0x0, 0x0,

    /* U+0038 "8" */
    0x0, 0x6, 0xef, 0xff, 0xff, 0xff, 0xff, 0xff,
    0xff, 0x81, 0x0, 0x0, 0xbf, 0xff, 0xff, 0xff,
    0xff, 0xff, 0xff, 0xff, 0xfd, 0x20, 0x9, 0xff,
    0xff, 0xff, 0xff, 0xff, 0xff, 0xff, 0xff, 0xff,
    0xc0, 0x1f, 0xff, 0xff, 0xff, 0xff, 0xff, 0xff,
    0xff, 0xff, 0xff, 0xf4, 0x5f, 0xff, 0xff, 0xff,
    0xff, 0xff, 0xff, 0xff, 0xff, 0xff, 0xf9, 0x7f,
    0xff, 0xff, 0xff, 0xff, 0xff, 0xff, 0xff, 0xff,
    0xff, 0xfb, 0x9f, 0xff, 0xff, 0xff, 0xff, 0xff,
    0xff, 0xff, 0xff, 0xff, 0xfc, 0x9f, 0xff, 0xff,
    0xff, 0xf6, 0x11, 0x3f, 0xff, 0xff, 0xff, 0xfd,
    0x9f, 0xff, 0xff, 0xff, 0xf2, 0x0, 0xf, 0xff,
    0xff, 0xff, 0xfd, 0x9f, 0xff, 0xff, 0xff, 0xf2,
    0x0, 0xf, 0xff, 0xff, 0xff, 0xfd, 0x9f, 0xff,
    0xff, 0xff, 0xf2, 0x0, 0xf, 0xff, 0xff, 0xff,
    0xfd, 0x9f, 0xff, 0xff, 0xff, 0xf2, 0x0, 0xf,
    0xff, 0xff, 0xff, 0xfd, 0x9f, 0xff, 0xff, 0xff,
    0xf2, 0x0, 0xf, 0xff, 0xff, 0xff, 0xfd, 0x9f,
    0xff, 0xff, 0xff, 0xf2, 0x0, 0xf, 0xff, 0xff,
    0xff, 0xfc, 0x8f, 0xff, 0xff, 0xff, 0xf2, 0x0,
    0xf, 0xff, 0xff, 0xff, 0xfb, 0x6f, 0xff, 0xff,
    0xff, 0xf5, 0x0, 0x2f, 0xff, 0xff, 0xff, 0xf9,
    0x1f, 0xff, 0xff, 0xff, 0xff, 0xff, 0xff, 0xff,
    0xff, 0xff, 0xf4, 0x8, 0xff, 0xff, 0xff, 0xff,
    0xff, 0xff, 0xff, 0xff, 0xff, 0xb0, 0x0, 0x9f,
    0xff, 0xff, 0xff, 0xff, 0xff, 0xff, 0xff, 0xfb,
    0x10, 0x0, 0x2e, 0xff, 0xff, 0xff, 0xff, 0xff,
    0xff, 0xff, 0xf4, 0x0, 0x2, 0xef, 0xff, 0xff,
    0xff, 0xff, 0xff, 0xff, 0xff, 0xff, 0x50, 0xc,
    0xff, 0xff, 0xff, 0xff, 0xff, 0xff, 0xff, 0xff,
    0xff, 0xe1, 0x3f, 0xff, 0xff, 0xff, 0xfc, 0x88,
    0xaf, 0xff, 0xff, 0xff, 0xf6, 0x7f, 0xff, 0xff,
    0xff, 0xf2, 0x0, 0xf, 0xff, 0xff, 0xff, 0xfa,
    0x9f, 0xff, 0xff, 0xff, 0xf2, 0x0, 0xf, 0xff,
    0xff, 0xff, 0xfc, 0x9f, 0xff, 0xff, 0xff, 0xf2,
    0x0, 0xf, 0xff, 0xff, 0xff, 0xfd, 0x9f, 0xff,
    0xff, 0xff, 0xf2, 0x0, 0xf, 0xff, 0xff, 0xff,
    0xfd, 0x9f, 0xff, 0xff, 0xff, 0xf2, 0x0, 0xf,
    0xff, 0xff, 0xff, 0xfd, 0x9f, 0xff, 0xff, 0xff,
    0xf2, 0x0, 0xf, 0xff, 0xff, 0xff, 0xfd, 0x9f,
    0xff, 0xff, 0xff, 0xf2, 0x0, 0xf, 0xff, 0xff,
    0xff, 0xfd, 0x9f, 0xff, 0xff, 0xff, 0xf2, 0x0,
    0xf, 0xff, 0xff, 0xff, 0xfd, 0x9f, 0xff, 0xff,
    0xff, 0xf6, 0x11, 0x3f, 0xff, 0xff, 0xff, 0xfd,
    0x9f, 0xff, 0xff, 0xff, 0xff, 0xff, 0xff, 0xff,
    0xff, 0xff, 0xfd, 0x8f, 0xff, 0xff, 0xff, 0xff,
    0xff, 0xff, 0xff, 0xff, 0xff, 0xfb, 0x6f, 0xff,
    0xff, 0xff, 0xff, 0xff, 0xff, 0xff, 0xff, 0xff,
    0xf9, 0x2f, 0xff, 0xff, 0xff, 0xff, 0xff, 0xff,
    0xff, 0xff, 0xff, 0xf5, 0x9, 0xff, 0xff, 0xff,
    0xff, 0xff, 0xff, 0xff, 0xff, 0xff, 0xd0, 0x0,
    0xbf, 0xff, 0xff, 0xff, 0xff, 0xff, 0xff, 0xff,
    0xfd, 0x20, 0x0, 0x7, 0xef, 0xff, 0xff, 0xff,
    0xff, 0xff, 0xff, 0x81, 0x0,

    /* U+0039 "9" */
    0x0, 0x6, 0xef, 0xff, 0xff, 0xff, 0xff, 0xff,
    0xff, 0x81, 0x0, 0x0, 0xbf, 0xff, 0xff, 0xff,
    0xff, 0xff, 0xff, 0xff, 0xfd, 0x20, 0x9, 0xff,
    0xff, 0xff, 0xff, 0xff, 0xff, 0xff, 0xff, 0xff,
    0xc0, 0x2f, 0xff, 0xff, 0xff, 0xff, 0xff, 0xff,
    0xff, 0xff, 0xff, 0xf4, 0x6f, 0xff, 0xff, 0xff,
    0xff, 0xff, 0xff, 0xff, 0xff, 0xff, 0xf9, 0x8f,
    0xff, 0xff, 0xff, 0xff, 0xff, 0xff, 0xff, 0xff,
    0xff, 0xfb, 0x9f, 0xff, 0xff, 0xff, 0xff, 0xff,
    0xff, 0xff, 0xff, 0xff, 0xfc, 0x9f, 0xff, 0xff,
    0xff, 0xf6, 0x11, 0x3f, 0xff, 0xff, 0xff, 0xfd,
    0x9f, 0xff, 0xff, 0xff, 0xf2, 0x0, 0xf, 0xff,
    0xff, 0xff, 0xfd, 0x9f, 0xff, 0xff, 0xff, 0xf2,
    0x0, 0xf, 0xff, 0xff, 0xff, 0xfd, 0x9f, 0xff,
    0xff, 0xff, 0xf2, 0x0, 0xf, 0xff, 0xff, 0xff,
    0xfd, 0x9f, 0xff, 0xff, 0xff, 0xf2, 0x0, 0xf,
    0xff, 0xff, 0xff, 0xfd, 0x9f, 0xff, 0xff, 0xff,
    0xf2, 0x0, 0xf, 0xff, 0xff, 0xff, 0xfd, 0x9f,
    0xff, 0xff, 0xff, 0xf2, 0x0, 0xf, 0xff, 0xff,
    0xff, 0xfd, 0x9f, 0xff, 0xff, 0xff, 0xf2, 0x0,
    0xf, 0xff, 0xff, 0xff, 0xfd, 0x9f, 0xff, 0xff,
    0xff, 0xf2, 0x0, 0xf, 0xff, 0xff, 0xff, 0xfd,
    0x9f, 0xff, 0xff, 0xff, 0xf2, 0x0, 0xf, 0xff,
    0xff, 0xff, 0xfd, 0x9f, 0xff, 0xff, 0xff, 0xfc,
    0x88, 0xaf, 0xff, 0xff, 0xff, 0xfd, 0x8f, 0xff,
    0xff, 0xff, 0xff, 0xff, 0xff, 0xff, 0xff, 0xff,
    0xfd, 0x6f, 0xff, 0xff, 0xff, 0xff, 0xff, 0xff,
    0xff, 0xff, 0xff, 0xfd, 0x2f, 0xff, 0xff, 0xff,
    0xff, 0xff, 0xff, 0xff, 0xff, 0xff, 0xfd, 0x9,
    0xff, 0xff, 0xff, 0xff, 0xff, 0xff, 0xff, 0xff,
    0xff, 0xfd, 0x0, 0xbf, 0xff, 0xff, 0xff, 0xff,
    0xcf, 0xff, 0xff, 0xff, 0xfd, 0x0, 0x7, 0xef,
    0xff, 0xff, 0xfc, 0x1f, 0xff, 0xff, 0xff, 0xfd,
    0x0, 0x0, 0x0, 0x0, 0x0, 0x0, 0xf, 0xff,
    0xff, 0xff, 0xfd, 0x0, 0x0, 0x0, 0x0, 0x0,
    0x0, 0xf, 0xff, 0xff, 0xff, 0xfd, 0x0, 0x0,
    0x0, 0x0, 0x0, 0x0, 0xf, 0xff, 0xff, 0xff,
    0xfd, 0x7c, 0xcc, 0xcc, 0xcc, 0xc2, 0x0, 0xf,
    0xff, 0xff, 0xff, 0xfd, 0x9f, 0xff, 0xff, 0xff,
    0xf2, 0x0, 0xf, 0xff, 0xff, 0xff, 0xfd, 0x9f,
    0xff, 0xff, 0xff, 0xf2, 0x0, 0xf, 0xff, 0xff,
    0xff, 0xfd, 0x9f, 0xff, 0xff, 0xff, 0xf2, 0x0,
    0xf, 0xff, 0xff, 0xff, 0xfd, 0x9f, 0xff, 0xff,
    0xff, 0xf6, 0x11, 0x3f, 0xff, 0xff, 0xff, 0xfd,
    0x9f, 0xff, 0xff, 0xff, 0xff, 0xff, 0xff, 0xff,
    0xff, 0xff, 0xfc, 0x7f, 0xff, 0xff, 0xff, 0xff,
    0xff, 0xff, 0xff, 0xff, 0xff, 0xfb, 0x5f, 0xff,
    0xff, 0xff, 0xff, 0xff, 0xff, 0xff, 0xff, 0xff,
    0xf9, 0x2f, 0xff, 0xff, 0xff, 0xff, 0xff, 0xff,
    0xff, 0xff, 0xff, 0xf4, 0x9, 0xff, 0xff, 0xff,
    0xff, 0xff, 0xff, 0xff, 0xff, 0xff, 0xd0, 0x0,
    0xbf, 0xff, 0xff, 0xff, 0xff, 0xff, 0xff, 0xff,
    0xfd, 0x20, 0x0, 0x7, 0xef, 0xff, 0xff, 0xff,
    0xff, 0xff, 0xff, 0x81, 0x0,

    /* U+0041 "A" */
    0x0, 0x0, 0x4, 0xff, 0xff, 0xff, 0xff, 0xff,
    0xfe, 0x0, 0x0, 0x0, 0x0, 0x0, 0x6f, 0xff,
    0xff, 0xff, 0xff, 0xff, 0xf0, 0x0, 0x0, 0x0,
    0x0, 0x8, 0xff, 0xff, 0xff, 0xff, 0xff, 0xff,
    0x30, 0x0, 0x0, 0x0, 0x0, 0xbf, 0xff, 0xff,
    0xff, 0xff, 0xff, 0xf5, 0x0, 0x0, 0x0, 0x0,
    0xd, 0xff, 0xff, 0xff, 0xff, 0xff, 0xff, 0x80,
    0x0, 0x0, 0x0, 0x0, 0xff, 0xff, 0xff, 0xff,
    0xff, 0xff, 0xfa, 0x0, 0x0, 0x0, 0x0, 0x2f,
    0xff, 0xff, 0xff, 0xff, 0xff, 0xff, 0xd0, 0x0,
    0x0, 0x0, 0x5, 0xff, 0xff, 0xff, 0xff, 0xff,
    0xff, 0xff, 0x0, 0x0, 0x0, 0x0, 0x7f, 0xff,
    0xff, 0xff, 0xff, 0xff, 0xff, 0xf2, 0x0, 0x0,
    0x0, 0xa, 0xff, 0xff, 0xff, 0xff, 0xff, 0xff,
    0xff, 0x40, 0x0, 0x0, 0x0, 0xcf, 0xff, 0xff,
    0xff, 0xff, 0xff, 0xff, 0xf7, 0x0, 0x0, 0x0,
    0xf, 0xff, 0xff, 0xff, 0x8d, 0xff, 0xff, 0xff,
    0x90, 0x0, 0x0, 0x1, 0xff, 0xff, 0xff, 0xf6,
    0xcf, 0xff, 0xff, 0xfc, 0x0, 0x0, 0x0, 0x4f,
    0xff, 0xff, 0xff, 0x5a, 0xff, 0xff, 0xff, 0xe0,
    0x0, 0x0, 0x6, 0xff, 0xff, 0xff, 0xf3, 0x9f,
    0xff, 0xff, 0xff, 0x10, 0x0, 0x0, 0x9f, 0xff,
    0xff, 0xff, 0x27, 0xff, 0xff, 0xff, 0xf3, 0x0,
    0x0, 0xb, 0xff, 0xff, 0xff, 0xf0, 0x6f, 0xff,
    0xff, 0xff, 0x60, 0x0, 0x0, 0xef, 0xff, 0xff,
    0xff, 0x4, 0xff, 0xff, 0xff, 0xf8, 0x0, 0x0,
    0xf, 0xff, 0xff, 0xff, 0xd0, 0x3f, 0xff, 0xff,
    0xff, 0xa0, 0x0, 0x3, 0xff, 0xff, 0xff, 0xfc,
    0x1, 0xff, 0xff, 0xff, 0xfd, 0x0, 0x0, 0x5f,
    0xff, 0xff, 0xff, 0xa0, 0xf, 0xff, 0xff, 0xff,
    0xf0, 0x0, 0x8, 0xff, 0xff, 0xff, 0xf9, 0x0,
    0xef, 0xff, 0xff, 0xff, 0x20, 0x0, 0xaf, 0xff,
    0xff, 0xff, 0x70, 0xd, 0xff, 0xff, 0xff, 0xf4,
    0x0, 0xd, 0xff, 0xff, 0xff, 0xff, 0xff, 0xff,
    0xff, 0xff, 0xff, 0x70, 0x0, 0xff, 0xff, 0xff,
    0xff, 0xff, 0xff, 0xff, 0xff, 0xff, 0xf9, 0x0,
    0x2f, 0xff, 0xff, 0xff, 0xff, 0xff, 0xff, 0xff,
    0xff, 0xff, 0xc0, 0x4, 0xff, 0xff, 0xff, 0xff,
    0xff, 0xff, 0xff, 0xff, 0xff, 0xfe, 0x0, 0x7f,
    0xff, 0xff, 0xff, 0xff, 0xff, 0xff, 0xff, 0xff,
    0xff, 0xf1, 0x9, 0xff, 0xff, 0xff, 0xff, 0xff,
    0xff, 0xff, 0xff, 0xff, 0xff, 0x30, 0xbf, 0xff,
    0xff, 0xff, 0xff, 0xff, 0xff, 0xff, 0xff, 0xff,
    0xf6, 0xe, 0xff, 0xff, 0xff, 0xff, 0xff, 0xff,
    0xff, 0xff, 0xff, 0xff, 0x80, 0xff, 0xff, 0xff,
    0xff, 0xc2, 0x22, 0x3f, 0xff, 0xff, 0xff, 0xfb,
    0x2f, 0xff, 0xff, 0xff, 0xf9, 0x0, 0x0, 0xff,
    0xff, 0xff, 0xff, 0xd2, 0xff, 0xff, 0xff, 0xff,
    0x80, 0x0, 0xe, 0xff, 0xff, 0xff, 0xfd, 0x2f,
    0xff, 0xff, 0xff, 0xf7, 0x0, 0x0, 0xcf, 0xff,
    0xff, 0xff, 0xd2, 0xff, 0xff, 0xff, 0xff, 0x50,
    0x0, 0xb, 0xff, 0xff, 0xff, 0xfd, 0x2f, 0xff,
    0xff, 0xff, 0xf4, 0x0, 0x0, 0xaf, 0xff, 0xff,
    0xff, 0xd2, 0xff, 0xff, 0xff, 0xff, 0x30, 0x0,
    0x8, 0xff, 0xff, 0xff, 0xfd, 0x2f, 0xff, 0xff,
    0xff, 0xf1, 0x0, 0x0, 0x7f, 0xff, 0xff, 0xff,
    0xd0,

    /* U+0042 "B" */
    0x9f, 0xff, 0xff, 0xff, 0xff, 0xff, 0xff, 0xff,
    0xff, 0x81, 0x0, 0x9f, 0xff, 0xff, 0xff, 0xff,
    0xff, 0xff, 0xff, 0xff, 0xfd, 0x20, 0x9f, 0xff,
    0xff, 0xff, 0xff, 0xff, 0xff, 0xff, 0xff, 0xff,
    0xd0, 0x9f, 0xff, 0xff, 0xff, 0xff, 0xff, 0xff,
    0xff, 0xff, 0xff, 0xf5, 0x9f, 0xff, 0xff, 0xff,
    0xff, 0xff, 0xff, 0xff, 0xff, 0xff, 0xf9, 0x9f,
    0xff, 0xff, 0xff, 0xff, 0xff, 0xff, 0xff, 0xff,
    0xff, 0xfb, 0x9f, 0xff, 0xff, 0xff, 0xf9, 0x88,
    0xaf, 0xff, 0xff, 0xff, 0xfd, 0x9f, 0xff, 0xff,
    0xff, 0xf2, 0x0, 0xf, 0xff, 0xff, 0xff, 0xfd,
    0x9f, 0xff, 0xff, 0xff, 0xf2, 0x0, 0xf, 0xff,
    0xff, 0xff, 0xfd, 0x9f, 0xff, 0xff, 0xff, 0xf2,
    0x0, 0xf, 0xff, 0xff, 0xff, 0xfd, 0x9f, 0xff,
    0xff, 0xff, 0xf2, 0x0, 0xf, 0xff, 0xff, 0xff,
    0xfd, 0x9f, 0xff, 0xff, 0xff, 0xf2, 0x0, 0xf,
    0xff, 0xff, 0xff, 0xfd, 0x9f, 0xff, 0xff, 0xff,
    0xf2, 0x0, 0xf, 0xff, 0xff, 0xff, 0xfc, 0x9f,
    0xff, 0xff, 0xff, 0xf2, 0x0, 0xf, 0xff, 0xff,
    0xff, 0xfa, 0x9f, 0xff, 0xff, 0xff, 0xf2, 0x0,
    0xf, 0xff, 0xff, 0xff, 0xf8, 0x9f, 0xff, 0xff,
    0xff, 0xf2, 0x0, 0x2f, 0xff, 0xff, 0xff, 0xf1,
    0x9f, 0xff, 0xff, 0xff, 0xff, 0xff, 0xff, 0xff,
    0xff, 0xff, 0x70, 0x9f, 0xff, 0xff, 0xff, 0xff,
    0xff, 0xff, 0xff, 0xff, 0xf7, 0x0, 0x9f, 0xff,
    0xff, 0xff, 0xff, 0xff, 0xff, 0xff, 0xfd, 0x10,
    0x0, 0x9f, 0xff, 0xff, 0xff, 0xff, 0xff, 0xff,
    0xff, 0xff, 0xe5, 0x0, 0x9f, 0xff, 0xff, 0xff,
    0xff, 0xff, 0xff, 0xff, 0xff, 0xff, 0x50, 0x9f,
    0xff, 0xff, 0xff, 0xff, 0xff, 0xff, 0xff, 0xff,
    0xff, 0xf1, 0x9f, 0xff, 0xff, 0xff, 0xf9, 0x88,
    0xaf, 0xff, 0xff, 0xff, 0xf6, 0x9f, 0xff, 0xff,
    0xff, 0xf2, 0x0, 0xf, 0xff, 0xff, 0xff, 0xfa,
    0x9f, 0xff, 0xff, 0xff, 0xf2, 0x0, 0xf, 0xff,
    0xff, 0xff, 0xfc, 0x9f, 0xff, 0xff, 0xff, 0xf2,
    0x0, 0xf, 0xff, 0xff, 0xff, 0xfd, 0x9f, 0xff,
    0xff, 0xff, 0xf2, 0x0, 0xf, 0xff, 0xff, 0xff,
    0xfd, 0x9f, 0xff, 0xff, 0xff, 0xf2, 0x0, 0xf,
    0xff, 0xff, 0xff, 0xfd, 0x9f, 0xff, 0xff, 0xff,
    0xf2, 0x0, 0xf, 0xff, 0xff, 0xff, 0xfd, 0x9f,
    0xff, 0xff, 0xff, 0xf2, 0x0, 0xf, 0xff, 0xff,
    0xff, 0xfd, 0x9f, 0xff, 0xff, 0xff, 0xf2, 0x0,
    0xf, 0xff, 0xff, 0xff, 0xfd, 0x9f, 0xff, 0xff,
    0xff, 0xf2, 0x0, 0xf, 0xff, 0xff, 0xff, 0xfd,
    0x9f, 0xff, 0xff, 0xff, 0xf9, 0x88, 0xaf, 0xff,
    0xff, 0xff, 0xfc, 0x9f, 0xff, 0xff, 0xff, 0xff,
    0xff, 0xff, 0xff, 0xff, 0xff, 0xfb, 0x9f, 0xff,
    0xff, 0xff, 0xff, 0xff, 0xff, 0xff, 0xff, 0xff,
    0xf9, 0x9f, 0xff, 0xff, 0xff, 0xff, 0xff, 0xff,
    0xff, 0xff, 0xff, 0xf4, 0x9f, 0xff, 0xff, 0xff,
    0xff, 0xff, 0xff, 0xff, 0xff, 0xff, 0xc0, 0x9f,
    0xff, 0xff, 0xff, 0xff, 0xff, 0xff, 0xff, 0xff,
    0xfd, 0x20, 0x9f, 0xff, 0xff, 0xff, 0xff, 0xff,
    0xff, 0xff, 0xff, 0x81, 0x0,

    /* U+0043 "C" */
    0x0, 0x6, 0xef, 0xff, 0xff, 0xff, 0xff, 0xff,
    0xff, 0x81, 0x0, 0x0, 0xbf, 0xff, 0xff, 0xff,
    0xff, 0xff, 0xff, 0xff, 0xfd, 0x20, 0x9, 0xff,
    0xff, 0xff, 0xff, 0xff, 0xff, 0xff, 0xff, 0xff,
    0xc0, 0x2f, 0xff, 0xff, 0xff, 0xff, 0xff, 0xff,
    0xff, 0xff, 0xff, 0xf4, 0x6f, 0xff, 0xff, 0xff,
    0xff, 0xff, 0xff, 0xff, 0xff, 0xff, 0xf9, 0x8f,
    0xff, 0xff, 0xff, 0xff, 0xff, 0xff, 0xff, 0xff,
    0xff, 0xfb, 0x9f, 0xff, 0xff, 0xff, 0xff, 0xff,
    0xff, 0xff, 0xff, 0xff, 0xfc, 0x9f, 0xff, 0xff,
    0xff, 0xf6, 0x11, 0x3f, 0xff, 0xff, 0xff, 0xfd,
    0x9f, 0xff, 0xff, 0xff, 0xf2, 0x0, 0xf, 0xff,
    0xff, 0xff, 0xfd, 0x9f, 0xff, 0xff, 0xff, 0xf2,
    0x0, 0xf, 0xff, 0xff, 0xff, 0xfd, 0x9f, 0xff,
    0xff, 0xff, 0xf2, 0x0, 0xf, 0xff, 0xff, 0xff,
    0xfd, 0x9f, 0xff, 0xff, 0xff, 0xf2, 0x0, 0xf,
    0xff, 0xff, 0xff, 0xfd, 0x9f, 0xff, 0xff, 0xff,
    0xf2, 0x0, 0xf, 0xff, 0xff, 0xff, 0xfd, 0x9f,
    0xff, 0xff, 0xff, 0xf2, 0x0, 0xf, 0xff, 0xff,
    0xff, 0xfd, 0x9f, 0xff, 0xff, 0xff, 0xf2, 0x0,
    0xf, 0xff, 0xff, 0xff, 0xfd, 0x9f, 0xff, 0xff,
    0xff, 0xf2, 0x0, 0xe, 0xee, 0xee, 0xee, 0xec,
    0x9f, 0xff, 0xff, 0xff, 0xf2, 0x0, 0x0, 0x0,
    0x0, 0x0, 0x0, 0x9f, 0xff, 0xff, 0xff, 0xf2,
    0x0, 0x0, 0x0, 0x0, 0x0, 0x0, 0x9f, 0xff,
    0xff, 0xff, 0xf2, 0x0, 0x0, 0x0, 0x0, 0x0,
    0x0, 0x9f, 0xff, 0xff, 0xff, 0xf2, 0x0, 0x0,
    0x0, 0x0, 0x0, 0x0, 0x9f, 0xff, 0xff, 0xff,
    0xf2, 0x0, 0x0, 0x0, 0x0, 0x0, 0x0, 0x9f,
    0xff, 0xff, 0xff, 0xf2, 0x0, 0x0, 0x0, 0x0,
    0x0, 0x0, 0x9f, 0xff, 0xff, 0xff, 0xf2, 0x0,
    0x0, 0x0, 0x0, 0x0, 0x0, 0x9f, 0xff, 0xff,
    0xff, 0xf2, 0x0, 0xc, 0xdd, 0xdd, 0xdd, 0xda,
    0x9f, 0xff, 0xff, 0xff, 0xf2, 0x0, 0xf, 0xff,
    0xff, 0xff, 0xfd, 0x9f, 0xff, 0xff, 0xff, 0xf2,
    0x0, 0xf, 0xff, 0xff, 0xff, 0xfd, 0x9f, 0xff,
    0xff, 0xff, 0xf2, 0x0, 0xf, 0xff, 0xff, 0xff,
    0xfd, 0x9f, 0xff, 0xff, 0xff, 0xf2, 0x0, 0xf,
    0xff, 0xff, 0xff, 0xfd, 0x9f, 0xff, 0xff, 0xff,
    0xf2, 0x0, 0xf, 0xff, 0xff, 0xff, 0xfd, 0x9f,
    0xff, 0xff, 0xff, 0xf2, 0x0, 0xf, 0xff, 0xff,
    0xff, 0xfd, 0x9f, 0xff, 0xff, 0xff, 0xf2, 0x0,
    0xf, 0xff, 0xff, 0xff, 0xfd, 0x9f, 0xff, 0xff,
    0xff, 0xf6, 0x11, 0x3f, 0xff, 0xff, 0xff, 0xfd,
    0x9f, 0xff, 0xff, 0xff, 0xff, 0xff, 0xff, 0xff,
    0xff, 0xff, 0xfc, 0x8f, 0xff, 0xff, 0xff, 0xff,
    0xff, 0xff, 0xff, 0xff, 0xff, 0xfb, 0x6f, 0xff,
    0xff, 0xff, 0xff, 0xff, 0xff, 0xff, 0xff, 0xff,
    0xf9, 0x2f, 0xff, 0xff, 0xff, 0xff, 0xff, 0xff,
    0xff, 0xff, 0xff, 0xf4, 0x9, 0xff, 0xff, 0xff,
    0xff, 0xff, 0xff, 0xff, 0xff, 0xff, 0xd0, 0x0,
    0xbf, 0xff, 0xff, 0xff, 0xff, 0xff, 0xff, 0xff,
    0xfd, 0x20, 0x0, 0x7, 0xef, 0xff, 0xff, 0xff,
    0xff, 0xff, 0xff, 0x81, 0x0,

    /* U+0044 "D" */
    0x9f, 0xff, 0xff, 0xff, 0xff, 0xff, 0xff, 0xff,
    0xff, 0x81, 0x0, 0x9f, 0xff, 0xff, 0xff, 0xff,
    0xff, 0xff, 0xff, 0xff, 0xfd, 0x20, 0x9f, 0xff,
    0xff, 0xff, 0xff, 0xff, 0xff, 0xff, 0xff, 0xff,
    0xc0, 0x9f, 0xff, 0xff, 0xff, 0xff, 0xff, 0xff,
    0xff, 0xff, 0xff, 0xf4, 0x9f, 0xff, 0xff, 0xff,
    0xff, 0xff, 0xff, 0xff, 0xff, 0xff, 0xf9, 0x9f,
    0xff, 0xff, 0xff, 0xff, 0xff, 0xff, 0xff, 0xff,
    0xff, 0xfb, 0x9f, 0xff, 0xff, 0xff, 0xff, 0xff,
    0xff, 0xff, 0xff, 0xff, 0xfc, 0x9f, 0xff, 0xff,
    0xff, 0xf3, 0x11, 0x3f, 0xff, 0xff, 0xff, 0xfd,
    0x9f, 0xff, 0xff, 0xff, 0xf2, 0x0, 0xf, 0xff,
    0xff, 0xff, 0xfd, 0x9f, 0xff, 0xff, 0xff, 0xf2,
    0x0, 0xf, 0xff, 0xff, 0xff, 0xfd, 0x9f, 0xff,
    0xff, 0xff, 0xf2, 0x0, 0xf, 0xff, 0xff, 0xff,
    0xfd, 0x9f, 0xff, 0xff, 0xff, 0xf2, 0x0, 0xf,
    0xff, 0xff, 0xff, 0xfd, 0x9f, 0xff, 0xff, 0xff,
    0xf2, 0x0, 0xf, 0xff, 0xff, 0xff, 0xfd, 0x9f,
    0xff, 0xff, 0xff, 0xf2, 0x0, 0xf, 0xff, 0xff,
    0xff, 0xfd, 0x9f, 0xff, 0xff, 0xff, 0xf2, 0x0,
    0xf, 0xff, 0xff, 0xff, 0xfd, 0x9f, 0xff, 0xff,
    0xff, 0xf2, 0x0, 0xf, 0xff, 0xff, 0xff, 0xfd,
    0x9f, 0xff, 0xff, 0xff, 0xf2, 0x0, 0xf, 0xff,
    0xff, 0xff, 0xfd, 0x9f, 0xff, 0xff, 0xff, 0xf2,
    0x0, 0xf, 0xff, 0xff, 0xff, 0xfd, 0x9f, 0xff,
    0xff, 0xff, 0xf2, 0x0, 0xf, 0xff, 0xff, 0xff,
    0xfd, 0x9f, 0xff, 0xff, 0xff, 0xf2, 0x0, 0xf,
    0xff, 0xff, 0xff, 0xfd, 0x9f, 0xff, 0xff, 0xff,
    0xf2, 0x0, 0xf, 0xff, 0xff, 0xff, 0xfd, 0x9f,
    0xff, 0xff, 0xff, 0xf2, 0x0, 0xf, 0xff, 0xff,
    0xff, 0xfd, 0x9f, 0xff, 0xff, 0xff, 0xf2, 0x0,
    0xf, 0xff, 0xff, 0xff, 0xfd, 0x9f, 0xff, 0xff,
    0xff, 0xf2, 0x0, 0xf, 0xff, 0xff, 0xff, 0xfd,
    0x9f, 0xff, 0xff, 0xff, 0xf2, 0x0, 0xf, 0xff,
    0xff, 0xff, 0xfd, 0x9f, 0xff, 0xff, 0xff, 0xf2,
    0x0, 0xf, 0xff, 0xff, 0xff, 0xfd, 0x9f, 0xff,
    0xff, 0xff, 0xf2, 0x0, 0xf, 0xff, 0xff, 0xff,
    0xfd, 0x9f, 0xff, 0xff, 0xff, 0xf2, 0x0, 0xf,
    0xff, 0xff, 0xff, 0xfd, 0x9f, 0xff, 0xff, 0xff,
    0xf2, 0x0, 0xf, 0xff, 0xff, 0xff, 0xfd, 0x9f,
    0xff, 0xff, 0xff, 0xf2, 0x0, 0xf, 0xff, 0xff,
    0xff, 0xfd, 0x9f, 0xff, 0xff, 0xff, 0xf2, 0x0,
    0xf, 0xff, 0xff, 0xff, 0xfd, 0x9f, 0xff, 0xff,
    0xff, 0xf3, 0x11, 0x3f, 0xff, 0xff, 0xff, 0xfd,
    0x9f, 0xff, 0xff, 0xff, 0xff, 0xff, 0xff, 0xff,
    0xff, 0xff, 0xfc, 0x9f, 0xff, 0xff, 0xff, 0xff,
    0xff, 0xff, 0xff, 0xff, 0xff, 0xfb, 0x9f, 0xff,
    0xff, 0xff, 0xff, 0xff, 0xff, 0xff, 0xff, 0xff,
    0xf9, 0x9f, 0xff, 0xff, 0xff, 0xff, 0xff, 0xff,
    0xff, 0xff, 0xff, 0xf4, 0x9f, 0xff, 0xff, 0xff,
    0xff, 0xff, 0xff, 0xff, 0xff, 0xff, 0xd0, 0x9f,
    0xff, 0xff, 0xff, 0xff, 0xff, 0xff, 0xff, 0xff,
    0xfd, 0x20, 0x9f, 0xff, 0xff, 0xff, 0xff, 0xff,
    0xff, 0xff, 0xff, 0x81, 0x0,

    /* U+0045 "E" */
    0x9f, 0xff, 0xff, 0xff, 0xff, 0xff, 0xff, 0xff,
    0xff, 0x89, 0xff, 0xff, 0xff, 0xff, 0xff, 0xff,
    0xff, 0xff, 0xf8, 0x9f, 0xff, 0xff, 0xff, 0xff,
    0xff, 0xff, 0xff, 0xff, 0x89, 0xff, 0xff, 0xff,
    0xff, 0xff, 0xff, 0xff, 0xff, 0xf8, 0x9f, 0xff,
    0xff, 0xff, 0xff, 0xff, 0xff, 0xff, 0xff, 0x89,
    0xff, 0xff, 0xff, 0xff, 0xff, 0xff, 0xff, 0xff,
    0xf8, 0x9f, 0xff, 0xff, 0xff, 0xff, 0xff, 0xff,
    0xff, 0xff, 0x89, 0xff, 0xff, 0xff, 0xff, 0xff,
    0xff, 0xff, 0xff, 0xf8, 0x9f, 0xff, 0xff, 0xff,
    0xf5, 0x22, 0x22, 0x22, 0x22, 0x19, 0xff, 0xff,
    0xff, 0xff, 0x20, 0x0, 0x0, 0x0, 0x0, 0x9f,
    0xff, 0xff, 0xff, 0xf2, 0x0, 0x0, 0x0, 0x0,
    0x9, 0xff, 0xff, 0xff, 0xff, 0x20, 0x0, 0x0,
    0x0, 0x0, 0x9f, 0xff, 0xff, 0xff, 0xf2, 0x0,
    0x0, 0x0, 0x0, 0x9, 0xff, 0xff, 0xff, 0xff,
    0x20, 0x0, 0x0, 0x0, 0x0, 0x9f, 0xff, 0xff,
    0xff, 0xf2, 0x0, 0x0, 0x0, 0x0, 0x9, 0xff,
    0xff, 0xff, 0xff, 0xff, 0xff, 0xff, 0xff, 0xf0,
    0x9f, 0xff, 0xff, 0xff, 0xff, 0xff, 0xff, 0xff,
    0xff, 0x9, 0xff, 0xff, 0xff, 0xff, 0xff, 0xff,
    0xff, 0xff, 0xf0, 0x9f, 0xff, 0xff, 0xff, 0xff,
    0xff, 0xff, 0xff, 0xff, 0x9, 0xff, 0xff, 0xff,
    0xff, 0xff, 0xff, 0xff, 0xff, 0xf0, 0x9f, 0xff,
    0xff, 0xff, 0xff, 0xff, 0xff, 0xff, 0xff, 0x9,
    0xff, 0xff, 0xff, 0xff, 0xff, 0xff, 0xff, 0xff,
    0xf0, 0x9f, 0xff, 0xff, 0xff, 0xff, 0xff, 0xff,
    0xff, 0xff, 0x9, 0xff, 0xff, 0xff, 0xff, 0x42,
    0x22, 0x22, 0x22, 0x20, 0x9f, 0xff, 0xff, 0xff,
    0xf2, 0x0, 0x0, 0x0, 0x0, 0x9, 0xff, 0xff,
    0xff, 0xff, 0x20, 0x0, 0x0, 0x0, 0x0, 0x9f,
    0xff, 0xff, 0xff, 0xf2, 0x0, 0x0, 0x0, 0x0,
    0x9, 0xff, 0xff, 0xff, 0xff, 0x20, 0x0, 0x0,
    0x0, 0x0, 0x9f, 0xff, 0xff, 0xff, 0xf2, 0x0,
    0x0, 0x0, 0x0, 0x9, 0xff, 0xff, 0xff, 0xff,
    0x20, 0x0, 0x0, 0x0, 0x0, 0x9f, 0xff, 0xff,
    0xff, 0xf4, 0x22, 0x22, 0x22, 0x22, 0x19, 0xff,
    0xff, 0xff, 0xff, 0xff, 0xff, 0xff, 0xff, 0xfc,
    0x9f, 0xff, 0xff, 0xff, 0xff, 0xff, 0xff, 0xff,
    0xff, 0xc9, 0xff, 0xff, 0xff, 0xff, 0xff, 0xff,
    0xff, 0xff, 0xfc, 0x9f, 0xff, 0xff, 0xff, 0xff,
    0xff, 0xff, 0xff, 0xff, 0xc9, 0xff, 0xff, 0xff,
    0xff, 0xff, 0xff, 0xff, 0xff, 0xfc, 0x9f, 0xff,
    0xff, 0xff, 0xff, 0xff, 0xff, 0xff, 0xff, 0xc9,
    0xff, 0xff, 0xff, 0xff, 0xff, 0xff, 0xff, 0xff,
    0xfc, 0x9f, 0xff, 0xff, 0xff, 0xff, 0xff, 0xff,
    0xff, 0xff, 0xc0,

    /* U+0046 "F" */
    0x9f, 0xff, 0xff, 0xff, 0xff, 0xff, 0xff, 0xff,
    0xff, 0x89, 0xff, 0xff, 0xff, 0xff, 0xff, 0xff,
    0xff, 0xff, 0xf8, 0x9f, 0xff, 0xff, 0xff, 0xff,
    0xff, 0xff, 0xff, 0xff, 0x89, 0xff, 0xff, 0xff,
    0xff, 0xff, 0xff, 0xff, 0xff, 0xf8, 0x9f, 0xff,
    0xff, 0xff, 0xff, 0xff, 0xff, 0xff, 0xff, 0x89,
    0xff, 0xff, 0xff, 0xff, 0xff, 0xff, 0xff, 0xff,
    0xf8, 0x9f, 0xff, 0xff, 0xff, 0xff, 0xff, 0xff,
    0xff, 0xff, 0x89, 0xff, 0xff, 0xff, 0xff, 0xff,
    0xff, 0xff, 0xff, 0xf8, 0x9f, 0xff, 0xff, 0xff,
    0xf5, 0x22, 0x22, 0x22, 0x22, 0x19, 0xff, 0xff,
    0xff, 0xff, 0x20, 0x0, 0x0, 0x0, 0x0, 0x9f,
    0xff, 0xff, 0xff, 0xf2, 0x0, 0x0, 0x0, 0x0,
    0x9, 0xff, 0xff, 0xff, 0xff, 0x20, 0x0, 0x0,
    0x0, 0x0, 0x9f, 0xff, 0xff, 0xff, 0xf2, 0x0,
    0x0, 0x0, 0x0, 0x9, 0xff, 0xff, 0xff, 0xff,
    0x20, 0x0, 0x0, 0x0, 0x0, 0x9f, 0xff, 0xff,
    0xff, 0xf2, 0x0, 0x0, 0x0, 0x0, 0x9, 0xff,
    0xff, 0xff, 0xff, 0x42, 0x22, 0x22, 0x22, 0x20,
    0x9f, 0xff, 0xff, 0xff, 0xff, 0xff, 0xff, 0xff,
    0xff, 0x9, 0xff, 0xff, 0xff, 0xff, 0xff, 0xff,
    0xff, 0xff, 0xf0, 0x9f, 0xff, 0xff, 0xff, 0xff,
    0xff, 0xff, 0xff, 0xff, 0x9, 0xff, 0xff, 0xff,
    0xff, 0xff, 0xff, 0xff, 0xff, 0xf0, 0x9f, 0xff,
    0xff, 0xff, 0xff, 0xff, 0xff, 0xff, 0xff, 0x9,
    0xff, 0xff, 0xff, 0xff, 0xff, 0xff, 0xff, 0xff,
    0xf0, 0x9f, 0xff, 0xff, 0xff, 0xff, 0xff, 0xff,
    0xff, 0xff, 0x9, 0xff, 0xff, 0xff, 0xff, 0xff,
    0xff, 0xff, 0xff, 0xf0, 0x9f, 0xff, 0xff, 0xff,
    0xf2, 0x0, 0x0, 0x0, 0x0, 0x9, 0xff, 0xff,
    0xff, 0xff, 0x20, 0x0, 0x0, 0x0, 0x0, 0x9f,
    0xff, 0xff, 0xff, 0xf2, 0x0, 0x0, 0x0, 0x0,
    0x9, 0xff, 0xff, 0xff, 0xff, 0x20, 0x0, 0x0,
    0x0, 0x0, 0x9f, 0xff, 0xff, 0xff, 0xf2, 0x0,
    0x0, 0x0, 0x0, 0x9, 0xff, 0xff, 0xff, 0xff,
    0x20, 0x0, 0x0, 0x0, 0x0, 0x9f, 0xff, 0xff,
    0xff, 0xf2, 0x0, 0x0, 0x0, 0x0, 0x9, 0xff,
    0xff, 0xff, 0xff, 0x20, 0x0, 0x0, 0x0, 0x0,
    0x9f, 0xff, 0xff, 0xff, 0xf2, 0x0, 0x0, 0x0,
    0x0, 0x9, 0xff, 0xff, 0xff, 0xff, 0x20, 0x0,
    0x0, 0x0, 0x0, 0x9f, 0xff, 0xff, 0xff, 0xf2,
    0x0, 0x0, 0x0, 0x0, 0x9, 0xff, 0xff, 0xff,
    0xff, 0x20, 0x0, 0x0, 0x0, 0x0, 0x9f, 0xff,
    0xff, 0xff, 0xf2, 0x0, 0x0, 0x0, 0x0, 0x9,
    0xff, 0xff, 0xff, 0xff, 0x20, 0x0, 0x0, 0x0,
    0x0, 0x9f, 0xff, 0xff, 0xff, 0xf2, 0x0, 0x0,
    0x0, 0x0, 0x0,

    /* U+0047 "G" */
    0x0, 0x6, 0xef, 0xff, 0xff, 0xff, 0xff, 0xff,
    0xff, 0x81, 0x0, 0x0, 0xbf, 0xff, 0xff, 0xff,
    0xff, 0xff, 0xff, 0xff, 0xfd, 0x20, 0x9, 0xff,
    0xff, 0xff, 0xff, 0xff, 0xff, 0xff, 0xff, 0xff,
    0xd0, 0x2f, 0xff, 0xff, 0xff, 0xff, 0xff, 0xff,
    0xff, 0xff, 0xff, 0xf5, 0x6f, 0xff, 0xff, 0xff,
    0xff, 0xff, 0xff, 0xff, 0xff, 0xff, 0xf9, 0x8f,
    0xff, 0xff, 0xff, 0xff, 0xff, 0xff, 0xff, 0xff,
    0xff, 0xfb, 0x9f, 0xff, 0xff, 0xff, 0xff, 0xff,
    0xff, 0xff, 0xff, 0xff, 0xfd, 0x9f, 0xff, 0xff,
    0xff, 0xf6, 0x11, 0x3f, 0xff, 0xff, 0xff, 0xfd,
    0x9f, 0xff, 0xff, 0xff, 0xf2, 0x0, 0xf, 0xff,
    0xff, 0xff, 0xfd, 0x9f, 0xff, 0xff, 0xff, 0xf2,
    0x0, 0xf, 0xff, 0xff, 0xff, 0xfd, 0x9f, 0xff,
    0xff, 0xff, 0xf2, 0x0, 0xf, 0xff, 0xff, 0xff,
    0xfd, 0x9f, 0xff, 0xff, 0xff, 0xf2, 0x0, 0xf,
    0xff, 0xff, 0xff, 0xfd, 0x9f, 0xff, 0xff, 0xff,
    0xf2, 0x0, 0xd, 0xdd, 0xdd, 0xdd, 0xdb, 0x9f,
    0xff, 0xff, 0xff, 0xf2, 0x0, 0x0, 0x0, 0x0,
    0x0, 0x0, 0x9f, 0xff, 0xff, 0xff, 0xf2, 0x0,
    0x0, 0x0, 0x0, 0x0, 0x0, 0x9f, 0xff, 0xff,
    0xff, 0xf2, 0x0, 0x0, 0x0, 0x0, 0x0, 0x0,
    0x9f, 0xff, 0xff, 0xff, 0xf2, 0x2f, 0xff, 0xff,
    0xff, 0xff, 0xfd, 0x9f, 0xff, 0xff, 0xff, 0xf2,
    0x2f, 0xff, 0xff, 0xff, 0xff, 0xfd, 0x9f, 0xff,
    0xff, 0xff, 0xf2, 0x2f, 0xff, 0xff, 0xff, 0xff,
    0xfd, 0x9f, 0xff, 0xff, 0xff, 0xf2, 0x2f, 0xff,
    0xff, 0xff, 0xff, 0xfd, 0x9f, 0xff, 0xff, 0xff,
    0xf2, 0x2f, 0xff, 0xff, 0xff, 0xff, 0xfd, 0x9f,
    0xff, 0xff, 0xff, 0xf2, 0x2f, 0xff, 0xff, 0xff,
    0xff, 0xfd, 0x9f, 0xff, 0xff, 0xff, 0xf2, 0x2f,
    0xff, 0xff, 0xff, 0xff, 0xfd, 0x9f, 0xff, 0xff,
    0xff, 0xf2, 0x2f, 0xff, 0xff, 0xff, 0xff, 0xfd,
    0x9f, 0xff, 0xff, 0xff, 0xf2, 0x2, 0x2f, 0xff,
    0xff, 0xff, 0xfd, 0x9f, 0xff, 0xff, 0xff, 0xf2,
    0x0, 0xf, 0xff, 0xff, 0xff, 0xfd, 0x9f, 0xff,
    0xff, 0xff, 0xf2, 0x0, 0xf, 0xff, 0xff, 0xff,
    0xfd, 0x9f, 0xff, 0xff, 0xff, 0xf2, 0x0, 0xf,
    0xff, 0xff, 0xff, 0xfd, 0x9f, 0xff, 0xff, 0xff,
    0xf2, 0x0, 0xf, 0xff, 0xff, 0xff, 0xfd, 0x9f,
    0xff, 0xff, 0xff, 0xf2, 0x0, 0xf, 0xff, 0xff,
    0xff, 0xfd, 0x9f, 0xff, 0xff, 0xff, 0xf2, 0x0,
    0xf, 0xff, 0xff, 0xff, 0xfd, 0x9f, 0xff, 0xff,
    0xff, 0xf6, 0x11, 0x3f, 0xff, 0xff, 0xff, 0xfd,
    0x9f, 0xff, 0xff, 0xff, 0xff, 0xff, 0xff, 0xff,
    0xff, 0xff, 0xfc, 0x8f, 0xff, 0xff, 0xff, 0xff,
    0xff, 0xff, 0xff, 0xff, 0xff, 0xfb, 0x6f, 0xff,
    0xff, 0xff, 0xff, 0xff, 0xff, 0xff, 0xff, 0xff,
    0xf9, 0x2f, 0xff, 0xff, 0xff, 0xff, 0xff, 0xff,
    0xff, 0xff, 0xff, 0xf4, 0x9, 0xff, 0xff, 0xff,
    0xff, 0xff, 0xff, 0xff, 0xff, 0xff, 0xc0, 0x0,
    0xbf, 0xff, 0xff, 0xff, 0xff, 0xff, 0xff, 0xff,
    0xfd, 0x20, 0x0, 0x7, 0xef, 0xff, 0xff, 0xff,
    0xff, 0xff, 0xff, 0x81, 0x0,

    /* U+0048 "H" */
    0x9f, 0xff, 0xff, 0xff, 0xf2, 0x0, 0xf, 0xff,
    0xff, 0xff, 0xfd, 0x9f, 0xff, 0xff, 0xff, 0xf2,
    0x0, 0xf, 0xff, 0xff, 0xff, 0xfd, 0x9f, 0xff,
    0xff, 0xff, 0xf2, 0x0, 0xf, 0xff, 0xff, 0xff,
    0xfd, 0x9f, 0xff, 0xff, 0xff, 0xf2, 0x0, 0xf,
    0xff, 0xff, 0xff, 0xfd, 0x9f, 0xff, 0xff, 0xff,
    0xf2, 0x0, 0xf, 0xff, 0xff, 0xff, 0xfd, 0x9f,
    0xff, 0xff, 0xff, 0xf2, 0x0, 0xf, 0xff, 0xff,
    0xff, 0xfd, 0x9f, 0xff, 0xff, 0xff, 0xf2, 0x0,
    0xf, 0xff, 0xff, 0xff, 0xfd, 0x9f, 0xff, 0xff,
    0xff, 0xf2, 0x0, 0xf, 0xff, 0xff, 0xff, 0xfd,
    0x9f, 0xff, 0xff, 0xff, 0xf2, 0x0, 0xf, 0xff,
    0xff, 0xff, 0xfd, 0x9f, 0xff, 0xff, 0xff, 0xf2,
    0x0, 0xf, 0xff, 0xff, 0xff, 0xfd, 0x9f, 0xff,
    0xff, 0xff, 0xf2, 0x0, 0xf, 0xff, 0xff, 0xff,
    0xfd, 0x9f, 0xff, 0xff, 0xff, 0xf2, 0x0, 0xf,
    0xff, 0xff, 0xff, 0xfd, 0x9f, 0xff, 0xff, 0xff,
    0xf2, 0x0, 0xf, 0xff, 0xff, 0xff, 0xfd, 0x9f,
    0xff, 0xff, 0xff, 0xf2, 0x0, 0xf, 0xff, 0xff,
    0xff, 0xfd, 0x9f, 0xff, 0xff, 0xff, 0xf2, 0x0,
    0xf, 0xff, 0xff, 0xff, 0xfd, 0x9f, 0xff, 0xff,
    0xff, 0xf4, 0x22, 0x2f, 0xff, 0xff, 0xff, 0xfd,
    0x9f, 0xff, 0xff, 0xff, 0xff, 0xff, 0xff, 0xff,
    0xff, 0xff, 0xfd, 0x9f, 0xff, 0xff, 0xff, 0xff,
    0xff, 0xff, 0xff, 0xff, 0xff, 0xfd, 0x9f, 0xff,
    0xff, 0xff, 0xff, 0xff, 0xff, 0xff, 0xff, 0xff,
    0xfd, 0x9f, 0xff, 0xff, 0xff, 0xff, 0xff, 0xff,
    0xff, 0xff, 0xff, 0xfd, 0x9f, 0xff, 0xff, 0xff,
    0xff, 0xff, 0xff, 0xff, 0xff, 0xff, 0xfd, 0x9f,
    0xff, 0xff, 0xff, 0xff, 0xff, 0xff, 0xff, 0xff,
    0xff, 0xfd, 0x9f, 0xff, 0xff, 0xff, 0xff, 0xff,
    0xff, 0xff, 0xff, 0xff, 0xfd, 0x9f, 0xff, 0xff,
    0xff, 0xff, 0xff, 0xff, 0xff, 0xff, 0xff, 0xfd,
    0x9f, 0xff, 0xff, 0xff, 0xf2, 0x0, 0xf, 0xff,
    0xff, 0xff, 0xfd, 0x9f, 0xff, 0xff, 0xff, 0xf2,
    0x0, 0xf, 0xff, 0xff, 0xff, 0xfd, 0x9f, 0xff,
    0xff, 0xff, 0xf2, 0x0, 0xf, 0xff, 0xff, 0xff,
    0xfd, 0x9f, 0xff, 0xff, 0xff, 0xf2, 0x0, 0xf,
    0xff, 0xff, 0xff, 0xfd, 0x9f, 0xff, 0xff, 0xff,
    0xf2, 0x0, 0xf, 0xff, 0xff, 0xff, 0xfd, 0x9f,
    0xff, 0xff, 0xff, 0xf2, 0x0, 0xf, 0xff, 0xff,
    0xff, 0xfd, 0x9f, 0xff, 0xff, 0xff, 0xf2, 0x0,
    0xf, 0xff, 0xff, 0xff, 0xfd, 0x9f, 0xff, 0xff,
    0xff, 0xf2, 0x0, 0xf, 0xff, 0xff, 0xff, 0xfd,
    0x9f, 0xff, 0xff, 0xff, 0xf2, 0x0, 0xf, 0xff,
    0xff, 0xff, 0xfd, 0x9f, 0xff, 0xff, 0xff, 0xf2,
    0x0, 0xf, 0xff, 0xff, 0xff, 0xfd, 0x9f, 0xff,
    0xff, 0xff, 0xf2, 0x0, 0xf, 0xff, 0xff, 0xff,
    0xfd, 0x9f, 0xff, 0xff, 0xff, 0xf2, 0x0, 0xf,
    0xff, 0xff, 0xff, 0xfd, 0x9f, 0xff, 0xff, 0xff,
    0xf2, 0x0, 0xf, 0xff, 0xff, 0xff, 0xfd, 0x9f,
    0xff, 0xff, 0xff, 0xf2, 0x0, 0xf, 0xff, 0xff,
    0xff, 0xfd, 0x9f, 0xff, 0xff, 0xff, 0xf2, 0x0,
    0xf, 0xff, 0xff, 0xff, 0xfd,

    /* U+0049 "I" */
    0x9f, 0xff, 0xff, 0xff, 0xff, 0xff, 0x79, 0xff,
    0xff, 0xff, 0xff, 0xff, 0xf7, 0x9f, 0xff, 0xff,
    0xff, 0xff, 0xff, 0x79, 0xff, 0xff, 0xff, 0xff,
    0xff, 0xf7, 0x9f, 0xff, 0xff, 0xff, 0xff, 0xff,
    0x79, 0xff, 0xff, 0xff, 0xff, 0xff, 0xf7, 0x9f,
    0xff, 0xff, 0xff, 0xff, 0xff, 0x79, 0xff, 0xff,
    0xff, 0xff, 0xff, 0xf7, 0x12, 0xff, 0xff, 0xff,
    0xff, 0xd2, 0x10, 0xf, 0xff, 0xff, 0xff, 0xfd,
    0x0, 0x0, 0xff, 0xff, 0xff, 0xff, 0xd0, 0x0,
    0xf, 0xff, 0xff, 0xff, 0xfd, 0x0, 0x0, 0xff,
    0xff, 0xff, 0xff, 0xd0, 0x0, 0xf, 0xff, 0xff,
    0xff, 0xfd, 0x0, 0x0, 0xff, 0xff, 0xff, 0xff,
    0xd0, 0x0, 0xf, 0xff, 0xff, 0xff, 0xfd, 0x0,
    0x0, 0xff, 0xff, 0xff, 0xff, 0xd0, 0x0, 0xf,
    0xff, 0xff, 0xff, 0xfd, 0x0, 0x0, 0xff, 0xff,
    0xff, 0xff, 0xd0, 0x0, 0xf, 0xff, 0xff, 0xff,
    0xfd, 0x0, 0x0, 0xff, 0xff, 0xff, 0xff, 0xd0,
    0x0, 0xf, 0xff, 0xff, 0xff, 0xfd, 0x0, 0x0,
    0xff, 0xff, 0xff, 0xff, 0xd0, 0x0, 0xf, 0xff,
    0xff, 0xff, 0xfd, 0x0, 0x0, 0xff, 0xff, 0xff,
    0xff, 0xd0, 0x0, 0xf, 0xff, 0xff, 0xff, 0xfd,
    0x0, 0x0, 0xff, 0xff, 0xff, 0xff, 0xd0, 0x0,
    0xf, 0xff, 0xff, 0xff, 0xfd, 0x0, 0x0, 0xff,
    0xff, 0xff, 0xff, 0xd0, 0x0, 0xf, 0xff, 0xff,
    0xff, 0xfd, 0x0, 0x12, 0xff, 0xff, 0xff, 0xff,
    0xd2, 0x19, 0xff, 0xff, 0xff, 0xff, 0xff, 0xf7,
    0x9f, 0xff, 0xff, 0xff, 0xff, 0xff, 0x79, 0xff,
    0xff, 0xff, 0xff, 0xff, 0xf7, 0x9f, 0xff, 0xff,
    0xff, 0xff, 0xff, 0x79, 0xff, 0xff, 0xff, 0xff,
    0xff, 0xf7, 0x9f, 0xff, 0xff, 0xff, 0xff, 0xff,
    0x79, 0xff, 0xff, 0xff, 0xff, 0xff, 0xf7, 0x9f,
    0xff, 0xff, 0xff, 0xff, 0xff, 0x70,

    /* U+004A "J" */
    0x0, 0x0, 0x4, 0xff, 0xff, 0xff, 0xff, 0x80,
    0x0, 0x0, 0x4f, 0xff, 0xff, 0xff, 0xf8, 0x0,
    0x0, 0x4, 0xff, 0xff, 0xff, 0xff, 0x80, 0x0,
    0x0, 0x4f, 0xff, 0xff, 0xff, 0xf8, 0x0, 0x0,
    0x4, 0xff, 0xff, 0xff, 0xff, 0x80, 0x0, 0x0,
    0x4f, 0xff, 0xff, 0xff, 0xf8, 0x0, 0x0, 0x4,
    0xff, 0xff, 0xff, 0xff, 0x80, 0x0, 0x0, 0x4f,
    0xff, 0xff, 0xff, 0xf8, 0x0, 0x0, 0x4, 0xff,
    0xff, 0xff, 0xff, 0x80, 0x0, 0x0, 0x4f, 0xff,
    0xff, 0xff, 0xf8, 0x0, 0x0, 0x4, 0xff, 0xff,
    0xff, 0xff, 0x80, 0x0, 0x0, 0x4f, 0xff, 0xff,
    0xff, 0xf8, 0x0, 0x0, 0x4, 0xff, 0xff, 0xff,
    0xff, 0x80, 0x0, 0x0, 0x4f, 0xff, 0xff, 0xff,
    0xf8, 0x0, 0x0, 0x4, 0xff, 0xff, 0xff, 0xff,
    0x80, 0x0, 0x0, 0x4f, 0xff, 0xff, 0xff, 0xf8,
    0x0, 0x0, 0x4, 0xff, 0xff, 0xff, 0xff, 0x80,
    0x0, 0x0, 0x4f, 0xff, 0xff, 0xff, 0xf8, 0x0,
    0x0, 0x4, 0xff, 0xff, 0xff, 0xff, 0x80, 0x0,
    0x0, 0x4f, 0xff, 0xff, 0xff, 0xf8, 0x0, 0x0,
    0x4, 0xff, 0xff, 0xff, 0xff, 0x80, 0x0, 0x0,
    0x4f, 0xff, 0xff, 0xff, 0xf8, 0x0, 0x0, 0x4,
    0xff, 0xff, 0xff, 0xff, 0x80, 0x0, 0x0, 0x4f,
    0xff, 0xff, 0xff, 0xf8, 0x0, 0x0, 0x4, 0xff,
    0xff, 0xff, 0xff, 0x80, 0x0, 0x0, 0x4f, 0xff,
    0xff, 0xff, 0xf8, 0x0, 0x0, 0x4, 0xff, 0xff,
    0xff, 0xff, 0x80, 0x0, 0x0, 0x4f, 0xff, 0xff,
    0xff, 0xf8, 0x0, 0x0, 0x4, 0xff, 0xff, 0xff,
    0xff, 0x80, 0x0, 0x0, 0x4f, 0xff, 0xff, 0xff,
    0xf8, 0x0, 0x0, 0x7, 0xff, 0xff, 0xff, 0xff,
    0x87, 0xff, 0xff, 0xff, 0xff, 0xff, 0xff, 0xf8,
    0x7f, 0xff, 0xff, 0xff, 0xff, 0xff, 0xff, 0x77,
    0xff, 0xff, 0xff, 0xff, 0xff, 0xff, 0xf6, 0x7f,
    0xff, 0xff, 0xff, 0xff, 0xff, 0xff, 0x47, 0xff,
    0xff, 0xff, 0xff, 0xff, 0xff, 0xf0, 0x7f, 0xff,
    0xff, 0xff, 0xff, 0xff, 0xf8, 0x7, 0xff, 0xff,
    0xff, 0xff, 0xff, 0xfa, 0x0, 0x7f, 0xff, 0xff,
    0xff, 0xff, 0xd6, 0x0, 0x0,

    /* U+004B "K" */
    0x9f, 0xff, 0xff, 0xff, 0xf2, 0x0, 0x0, 0x4f,
    0xff, 0xff, 0xff, 0xd9, 0xff, 0xff, 0xff, 0xff,
    0x20, 0x0, 0x9, 0xff, 0xff, 0xff, 0xfd, 0x9f,
    0xff, 0xff, 0xff, 0xf2, 0x0, 0x0, 0xef, 0xff,
    0xff, 0xff, 0xd9, 0xff, 0xff, 0xff, 0xff, 0x20,
    0x0, 0x3f, 0xff, 0xff, 0xff, 0xfd, 0x9f, 0xff,
    0xff, 0xff, 0xf2, 0x0, 0x8, 0xff, 0xff, 0xff,
    0xff, 0xd9, 0xff, 0xff, 0xff, 0xff, 0x20, 0x0,
    0xdf, 0xff, 0xff, 0xff, 0xfd, 0x9f, 0xff, 0xff,
    0xff, 0xf2, 0x0, 0x2f, 0xff, 0xff, 0xff, 0xff,
    0x99, 0xff, 0xff, 0xff, 0xff, 0x20, 0x7, 0xff,
    0xff, 0xff, 0xff, 0xf3, 0x9f, 0xff, 0xff, 0xff,
    0xf2, 0x0, 0xbf, 0xff, 0xff, 0xff, 0xfe, 0x9,
    0xff, 0xff, 0xff, 0xff, 0x20, 0x1f, 0xff, 0xff,
    0xff, 0xff, 0x80, 0x9f, 0xff, 0xff, 0xff, 0xf2,
    0x5, 0xff, 0xff, 0xff, 0xff, 0xf2, 0x9, 0xff,
    0xff, 0xff, 0xff, 0x20, 0xaf, 0xff, 0xff, 0xff,
    0xfc, 0x0, 0x9f, 0xff, 0xff, 0xff, 0xf2, 0xf,
    0xff, 0xff, 0xff, 0xff, 0x60, 0x9, 0xff, 0xff,
    0xff, 0xff, 0x24, 0xff, 0xff, 0xff, 0xff, 0xf1,
    0x0, 0x9f, 0xff, 0xff, 0xff, 0xf2, 0x9f, 0xff,
    0xff, 0xff, 0xfb, 0x0, 0x9, 0xff, 0xff, 0xff,
    0xff, 0xff, 0xff, 0xff, 0xff, 0xff, 0x50, 0x0,
    0x9f, 0xff, 0xff, 0xff, 0xff, 0xff, 0xff, 0xff,
    0xff, 0xe0, 0x0, 0x9, 0xff, 0xff, 0xff, 0xff,
    0xff, 0xff, 0xff, 0xff, 0xf9, 0x0, 0x0, 0x9f,
    0xff, 0xff, 0xff, 0xff, 0xff, 0xff, 0xff, 0xff,
    0x30, 0x0, 0x9, 0xff, 0xff, 0xff, 0xff, 0xff,
    0xff, 0xff, 0xff, 0xf1, 0x0, 0x0, 0x9f, 0xff,
    0xff, 0xff, 0xff, 0xff, 0xff, 0xff, 0xff, 0x60,
    0x0, 0x9, 0xff, 0xff, 0xff, 0xff, 0xff, 0xff,
    0xff, 0xff, 0xfc, 0x0, 0x0, 0x9f, 0xff, 0xff,
    0xff, 0xff, 0xff, 0xff, 0xff, 0xff, 0xf2, 0x0,
    0x9, 0xff, 0xff, 0xff, 0xff, 0x4c, 0xff, 0xff,
    0xff, 0xff, 0x70, 0x0, 0x9f, 0xff, 0xff, 0xff,
    0xf2, 0x6f, 0xff, 0xff, 0xff, 0xfd, 0x0, 0x9,
    0xff, 0xff, 0xff, 0xff, 0x22, 0xff, 0xff, 0xff,
    0xff, 0xf2, 0x0, 0x9f, 0xff, 0xff, 0xff, 0xf2,
    0xd, 0xff, 0xff, 0xff, 0xff, 0x80, 0x9, 0xff,
    0xff, 0xff, 0xff, 0x20, 0x8f, 0xff, 0xff, 0xff,
    0xfe, 0x0, 0x9f, 0xff, 0xff, 0xff, 0xf2, 0x4,
    0xff, 0xff, 0xff, 0xff, 0xf3, 0x9, 0xff, 0xff,
    0xff, 0xff, 0x20, 0xf, 0xff, 0xff, 0xff, 0xff,
    0x90, 0x9f, 0xff, 0xff, 0xff, 0xf2, 0x0, 0xaf,
    0xff, 0xff, 0xff, 0xfe, 0x9, 0xff, 0xff, 0xff,
    0xff, 0x20, 0x5, 0xff, 0xff, 0xff, 0xff, 0xf4,
    0x9f, 0xff, 0xff, 0xff, 0xf2, 0x0, 0x1f, 0xff,
    0xff, 0xff, 0xff, 0xa9, 0xff, 0xff, 0xff, 0xff,
    0x20, 0x0, 0xcf, 0xff, 0xff, 0xff, 0xfd, 0x9f,
    0xff, 0xff, 0xff, 0xf2, 0x0, 0x7, 0xff, 0xff,
    0xff, 0xff, 0xd9, 0xff, 0xff, 0xff, 0xff, 0x20,
    0x0, 0x3f, 0xff, 0xff, 0xff, 0xfd, 0x9f, 0xff,
    0xff, 0xff, 0xf2, 0x0, 0x0, 0xef, 0xff, 0xff,
    0xff, 0xd9, 0xff, 0xff, 0xff, 0xff, 0x20, 0x0,
    0x9, 0xff, 0xff, 0xff, 0xfd, 0x9f, 0xff, 0xff,
    0xff, 0xf2, 0x0, 0x0, 0x4f, 0xff, 0xff, 0xff,
    0xd0,

    /* U+004C "L" */
    0x9f, 0xff, 0xff, 0xff, 0xf2, 0x0, 0x0, 0x0,
    0x0, 0x9, 0xff, 0xff, 0xff, 0xff, 0x20, 0x0,
    0x0, 0x0, 0x0, 0x9f, 0xff, 0xff, 0xff, 0xf2,
    0x0, 0x0, 0x0, 0x0, 0x9, 0xff, 0xff, 0xff,
    0xff, 0x20, 0x0, 0x0, 0x0, 0x0, 0x9f, 0xff,
    0xff, 0xff, 0xf2, 0x0, 0x0, 0x0, 0x0, 0x9,
    0xff, 0xff, 0xff, 0xff, 0x20, 0x0, 0x0, 0x0,
    0x0, 0x9f, 0xff, 0xff, 0xff, 0xf2, 0x0, 0x0,
    0x0, 0x0, 0x9, 0xff, 0xff, 0xff, 0xff, 0x20,
    0x0, 0x0, 0x0, 0x0, 0x9f, 0xff, 0xff, 0xff,
    0xf2, 0x0, 0x0, 0x0, 0x0, 0x9, 0xff, 0xff,
    0xff, 0xff, 0x20, 0x0, 0x0, 0x0, 0x0, 0x9f,
    0xff, 0xff, 0xff, 0xf2, 0x0, 0x0, 0x0, 0x0,
    0x9, 0xff, 0xff, 0xff, 0xff, 0x20, 0x0, 0x0,
    0x0, 0x0, 0x9f, 0xff, 0xff, 0xff, 0xf2, 0x0,
    0x0, 0x0, 0x0, 0x9, 0xff, 0xff, 0xff, 0xff,
    0x20, 0x0, 0x0, 0x0, 0x0, 0x9f, 0xff, 0xff,
    0xff, 0xf2, 0x0, 0x0, 0x0, 0x0, 0x9, 0xff,
    0xff, 0xff, 0xff, 0x20, 0x0, 0x0, 0x0, 0x0,
    0x9f, 0xff, 0xff, 0xff, 0xf2, 0x0, 0x0, 0x0,
    0x0, 0x9, 0xff, 0xff, 0xff, 0xff, 0x20, 0x0,
    0x0, 0x0, 0x0, 0x9f, 0xff, 0xff, 0xff, 0xf2,
    0x0, 0x0, 0x0, 0x0, 0x9, 0xff, 0xff, 0xff,
    0xff, 0x20, 0x0, 0x0, 0x0, 0x0, 0x9f, 0xff,
    0xff, 0xff, 0xf2, 0x0, 0x0, 0x0, 0x0, 0x9,
    0xff, 0xff, 0xff, 0xff, 0x20, 0x0, 0x0, 0x0,
    0x0, 0x9f, 0xff, 0xff, 0xff, 0xf2, 0x0, 0x0,
    0x0, 0x0, 0x9, 0xff, 0xff, 0xff, 0xff, 0x20,
    0x0, 0x0, 0x0, 0x0, 0x9f, 0xff, 0xff, 0xff,
    0xf2, 0x0, 0x0, 0x0, 0x0, 0x9, 0xff, 0xff,
    0xff, 0xff, 0x20, 0x0, 0x0, 0x0, 0x0, 0x9f,
    0xff, 0xff, 0xff, 0xf2, 0x0, 0x0, 0x0, 0x0,
    0x9, 0xff, 0xff, 0xff, 0xff, 0x20, 0x0, 0x0,
    0x0, 0x0, 0x9f, 0xff, 0xff, 0xff, 0xf2, 0x0,
    0x0, 0x0, 0x0, 0x9, 0xff, 0xff, 0xff, 0xff,
    0x20, 0x0, 0x0, 0x0, 0x0, 0x9f, 0xff, 0xff,
    0xff, 0xf4, 0x22, 0x22, 0x22, 0x22, 0x9, 0xff,
    0xff, 0xff, 0xff, 0xff, 0xff, 0xff, 0xff, 0xf3,
    0x9f, 0xff, 0xff, 0xff, 0xff, 0xff, 0xff, 0xff,
    0xff, 0x39, 0xff, 0xff, 0xff, 0xff, 0xff, 0xff,
    0xff, 0xff, 0xf3, 0x9f, 0xff, 0xff, 0xff, 0xff,
    0xff, 0xff, 0xff, 0xff, 0x39, 0xff, 0xff, 0xff,
    0xff, 0xff, 0xff, 0xff, 0xff, 0xf3, 0x9f, 0xff,
    0xff, 0xff, 0xff, 0xff, 0xff, 0xff, 0xff, 0x39,
    0xff, 0xff, 0xff, 0xff, 0xff, 0xff, 0xff, 0xff,
    0xf3, 0x9f, 0xff, 0xff, 0xff, 0xff, 0xff, 0xff,
    0xff, 0xff, 0x30,

    /* U+004D "M" */
    0x9f, 0xff, 0xff, 0xff, 0xff, 0x20, 0x0, 0x0,
    0x0, 0x4, 0xff, 0xff, 0xff, 0xff, 0xf8, 0x9f,
    0xff, 0xff, 0xff, 0xff, 0x80, 0x0, 0x0, 0x0,
    0xa, 0xff, 0xff, 0xff, 0xff, 0xf8, 0x9f, 0xff,
    0xff, 0xff, 0xff, 0xe0, 0x0, 0x0, 0x0, 0xf,
    0xff, 0xff, 0xff, 0xff, 0xf8, 0x9f, 0xff, 0xff,
    0xff, 0xff, 0xf4, 0x0, 0x0, 0x0, 0x5f, 0xff,
    0xff, 0xff, 0xff, 0xf8, 0x9f, 0xff, 0xff, 0xff,
    0xff, 0xf9, 0x0, 0x0, 0x0, 0xbf, 0xff, 0xff,
    0xff, 0xff, 0xf8, 0x9f, 0xff, 0xff, 0xff, 0xff,
    0xff, 0x0, 0x0, 0x1, 0xff, 0xff, 0xff, 0xff,
    0xff, 0xf8, 0x9f, 0xff, 0xff, 0xff, 0xff, 0xff,
    0x50, 0x0, 0x6, 0xff, 0xff, 0xff, 0xff, 0xff,
    0xf8, 0x9f, 0xff, 0xff, 0xff, 0xff, 0xff, 0xa0,
    0x0, 0xc, 0xff, 0xff, 0xff, 0xff, 0xff, 0xf8,
    0x9f, 0xff, 0xff, 0xff, 0xff, 0xff, 0xf1, 0x0,
    0x2f, 0xff, 0xff, 0xff, 0xff, 0xff, 0xf8, 0x9f,
    0xff, 0xff, 0xff, 0xff, 0xff, 0xf6, 0x0, 0x8f,
    0xff, 0xff, 0xff, 0xff, 0xff, 0xf8, 0x9f, 0xff,
    0xff, 0xff, 0xff, 0xff, 0xfc, 0x0, 0xdf, 0xff,
    0xff, 0xff, 0xff, 0xff, 0xf8, 0x9f, 0xff, 0xff,
    0xff, 0xff, 0xff, 0xff, 0x23, 0xff, 0xff, 0xff,
    0xff, 0xff, 0xff, 0xf8, 0x9f, 0xff, 0xff, 0xff,
    0xff, 0xff, 0xff, 0x79, 0xff, 0xff, 0xff, 0xff,
    0xff, 0xff, 0xf8, 0x9f, 0xff, 0xff, 0xff, 0xff,
    0xff, 0xff, 0xff, 0xff, 0xff, 0xff, 0xff, 0xff,
    0xff, 0xf8, 0x9f, 0xff, 0xff, 0xff, 0xff, 0xff,
    0xff, 0xff, 0xff, 0xff, 0xff, 0xff, 0xff, 0xff,
    0xf8, 0x9f, 0xff, 0xff, 0xff, 0xff, 0xff, 0xff,
    0xff, 0xff, 0xff, 0xff, 0xff, 0xff, 0xff, 0xf8,
    0x9f, 0xff, 0xff, 0xff, 0xcf, 0xff, 0xff, 0xff,
    0xff, 0xff, 0xec, 0xff, 0xff, 0xff, 0xf8, 0x9f,
    0xff, 0xff, 0xff, 0x9b, 0xff, 0xff, 0xff, 0xff,
    0xff, 0x9b, 0xff, 0xff, 0xff, 0xf8, 0x9f, 0xff,
    0xff, 0xff, 0x96, 0xff, 0xff, 0xff, 0xff, 0xff,
    0x4b, 0xff, 0xff, 0xff, 0xf8, 0x9f, 0xff, 0xff,
    0xff, 0x91, 0xff, 0xff, 0xff, 0xff, 0xff, 0xb,
    0xff, 0xff, 0xff, 0xf8, 0x9f, 0xff, 0xff, 0xff,
    0x90, 0xcf, 0xff, 0xff, 0xff, 0xfa, 0xb, 0xff,
    0xff, 0xff, 0xf8, 0x9f, 0xff, 0xff, 0xff, 0x90,
    0x7f, 0xff, 0xff, 0xff, 0xf5, 0xb, 0xff, 0xff,
    0xff, 0xf8, 0x9f, 0xff, 0xff, 0xff, 0x90, 0x2f,
    0xff, 0xff, 0xff, 0xf0, 0xb, 0xff, 0xff, 0xff,
    0xf8, 0x9f, 0xff, 0xff, 0xff, 0x90, 0xd, 0xff,
    0xff, 0xff, 0xb0, 0xb, 0xff, 0xff, 0xff, 0xf8,
    0x9f, 0xff, 0xff, 0xff, 0x90, 0x8, 0xff, 0xff,
    0xff, 0x60, 0xb, 0xff, 0xff, 0xff, 0xf8, 0x9f,
    0xff, 0xff, 0xff, 0x90, 0x0, 0x0, 0x0, 0x0,
    0x0, 0xb, 0xff, 0xff, 0xff, 0xf8, 0x9f, 0xff,
    0xff, 0xff, 0x90, 0x0, 0x0, 0x0, 0x0, 0x0,
    0xb, 0xff, 0xff, 0xff, 0xf8, 0x9f, 0xff, 0xff,
    0xff, 0x90, 0x0, 0x0, 0x0, 0x0, 0x0, 0xb,
    0xff, 0xff, 0xff, 0xf8, 0x9f, 0xff, 0xff, 0xff,
    0x90, 0x0, 0x0, 0x0, 0x0, 0x0, 0xb, 0xff,
    0xff, 0xff, 0xf8, 0x9f, 0xff, 0xff, 0xff, 0x90,
    0x0, 0x0, 0x0, 0x0, 0x0, 0xb, 0xff, 0xff,
    0xff, 0xf8, 0x9f, 0xff, 0xff, 0xff, 0x90, 0x0,
    0x0, 0x0, 0x0, 0x0, 0xb, 0xff, 0xff, 0xff,
    0xf8, 0x9f, 0xff, 0xff, 0xff, 0x90, 0x0, 0x0,
    0x0, 0x0, 0x0, 0xb, 0xff, 0xff, 0xff, 0xf8,
    0x9f, 0xff, 0xff, 0xff, 0x90, 0x0, 0x0, 0x0,
    0x0, 0x0, 0xb, 0xff, 0xff, 0xff, 0xf8, 0x9f,
    0xff, 0xff, 0xff, 0x90, 0x0, 0x0, 0x0, 0x0,
    0x0, 0xb, 0xff, 0xff, 0xff, 0xf8, 0x9f, 0xff,
    0xff, 0xff, 0x90, 0x0, 0x0, 0x0, 0x0, 0x0,
    0xb, 0xff, 0xff, 0xff, 0xf8, 0x9f, 0xff, 0xff,
    0xff, 0x90, 0x0, 0x0, 0x0, 0x0, 0x0, 0xb,
    0xff, 0xff, 0xff, 0xf8, 0x9f, 0xff, 0xff, 0xff,
    0x90, 0x0, 0x0, 0x0, 0x0, 0x0, 0xb, 0xff,
    0xff, 0xff, 0xf8, 0x9f, 0xff, 0xff, 0xff, 0x90,
    0x0, 0x0, 0x0, 0x0, 0x0, 0xb, 0xff, 0xff,
    0xff, 0xf8, 0x9f, 0xff, 0xff, 0xff, 0x90, 0x0,
    0x0, 0x0, 0x0, 0x0, 0xb, 0xff, 0xff, 0xff,
    0xf8,

    /* U+004E "N" */
    0x9f, 0xff, 0xff, 0xff, 0x30, 0x0, 0x0, 0xdf,
    0xff, 0xff, 0xfd, 0x9f, 0xff, 0xff, 0xff, 0x80,
    0x0, 0x0, 0xdf, 0xff, 0xff, 0xfd, 0x9f, 0xff,
    0xff, 0xff, 0xe0, 0x0, 0x0, 0xdf, 0xff, 0xff,
    0xfd, 0x9f, 0xff, 0xff, 0xff, 0xf3, 0x0, 0x0,
    0xdf, 0xff, 0xff, 0xfd, 0x9f, 0xff, 0xff, 0xff,
    0xf8, 0x0, 0x0, 0xdf, 0xff, 0xff, 0xfd, 0x9f,
    0xff, 0xff, 0xff, 0xfd, 0x0, 0x0, 0xdf, 0xff,
    0xff, 0xfd, 0x9f, 0xff, 0xff, 0xff, 0xff, 0x20,
    0x0, 0xdf, 0xff, 0xff, 0xfd, 0x9f, 0xff, 0xff,
    0xff, 0xff, 0x70, 0x0, 0xdf, 0xff, 0xff, 0xfd,
    0x9f, 0xff, 0xff, 0xff, 0xff, 0xd0, 0x0, 0xdf,
    0xff, 0xff, 0xfd, 0x9f, 0xff, 0xff, 0xff, 0xff,
    0xf2, 0x0, 0xdf, 0xff, 0xff, 0xfd, 0x9f, 0xff,
    0xff, 0xff, 0xff, 0xf7, 0x0, 0xdf, 0xff, 0xff,
    0xfd, 0x9f, 0xff, 0xff, 0xff, 0xff, 0xfc, 0x0,
    0xdf, 0xff, 0xff, 0xfd, 0x9f, 0xff, 0xff, 0xff,
    0xff, 0xff, 0x10, 0xdf, 0xff, 0xff, 0xfd, 0x9f,
    0xff, 0xff, 0xff, 0xff, 0xff, 0x70, 0xdf, 0xff,
    0xff, 0xfd, 0x9f, 0xff, 0xff, 0xff, 0xff, 0xff,
    0xc0, 0xdf, 0xff, 0xff, 0xfd, 0x9f, 0xff, 0xff,
    0xff, 0xff, 0xff, 0xf1, 0xdf, 0xff, 0xff, 0xfd,
    0x9f, 0xff, 0xff, 0xff, 0xff, 0xff, 0xf6, 0xdf,
    0xff, 0xff, 0xfd, 0x9f, 0xff, 0xff, 0xff, 0xff,
    0xff, 0xff, 0xff, 0xff, 0xff, 0xfd, 0x9f, 0xff,
    0xff, 0xff, 0xff, 0xff, 0xff, 0xff, 0xff, 0xff,
    0xfd, 0x9f, 0xff, 0xff, 0xff, 0xff, 0xff, 0xff,
    0xff, 0xff, 0xff, 0xfd, 0x9f, 0xff, 0xff, 0xff,
    0xff, 0xff, 0xff, 0xff, 0xff, 0xff, 0xfd, 0x9f,
    0xff, 0xff, 0xff, 0xff, 0xff, 0xff, 0xff, 0xff,
    0xff, 0xfd, 0x9f, 0xff, 0xff, 0xff, 0x4f, 0xff,
    0xff, 0xff, 0xff, 0xff, 0xfd, 0x9f, 0xff, 0xff,
    0xff, 0x1e, 0xff, 0xff, 0xff, 0xff, 0xff, 0xfd,
    0x9f, 0xff, 0xff, 0xff, 0x19, 0xff, 0xff, 0xff,
    0xff, 0xff, 0xfd, 0x9f, 0xff, 0xff, 0xff, 0x13,
    0xff, 0xff, 0xff, 0xff, 0xff, 0xfd, 0x9f, 0xff,
    0xff, 0xff, 0x10, 0xef, 0xff, 0xff, 0xff, 0xff,
    0xfd, 0x9f, 0xff, 0xff, 0xff, 0x10, 0x9f, 0xff,
    0xff, 0xff, 0xff, 0xfd, 0x9f, 0xff, 0xff, 0xff,
    0x10, 0x4f, 0xff, 0xff, 0xff, 0xff, 0xfd, 0x9f,
    0xff, 0xff, 0xff, 0x10, 0xe, 0xff, 0xff, 0xff,
    0xff, 0xfd, 0x9f, 0xff, 0xff, 0xff, 0x10, 0xa,
    0xff, 0xff, 0xff, 0xff, 0xfd, 0x9f, 0xff, 0xff,
    0xff, 0x10, 0x4, 0xff, 0xff, 0xff, 0xff, 0xfd,
    0x9f, 0xff, 0xff, 0xff, 0x10, 0x0, 0xff, 0xff,
    0xff, 0xff, 0xfd, 0x9f, 0xff, 0xff, 0xff, 0x10,
    0x0, 0xaf, 0xff, 0xff, 0xff, 0xfd, 0x9f, 0xff,
    0xff, 0xff, 0x10, 0x0, 0x5f, 0xff, 0xff, 0xff,
    0xfd, 0x9f, 0xff, 0xff, 0xff, 0x10, 0x0, 0xf,
    0xff, 0xff, 0xff, 0xfd, 0x9f, 0xff, 0xff, 0xff,
    0x10, 0x0, 0xa, 0xff, 0xff, 0xff, 0xfd, 0x9f,
    0xff, 0xff, 0xff, 0x10, 0x0, 0x5, 0xff, 0xff,
    0xff, 0xfd, 0x9f, 0xff, 0xff, 0xff, 0x10, 0x0,
    0x0, 0xff, 0xff, 0xff, 0xfd,

    /* U+004F "O" */
    0x0, 0x6, 0xef, 0xff, 0xff, 0xff, 0xff, 0xff,
    0xff, 0x81, 0x0, 0x0, 0xbf, 0xff, 0xff, 0xff,
    0xff, 0xff, 0xff, 0xff, 0xfd, 0x20, 0x9, 0xff,
    0xff, 0xff, 0xff, 0xff, 0xff, 0xff, 0xff, 0xff,
    0xc0, 0x2f, 0xff, 0xff, 0xff, 0xff, 0xff, 0xff,
    0xff, 0xff, 0xff, 0xf4, 0x6f, 0xff, 0xff, 0xff,
    0xff, 0xff, 0xff, 0xff, 0xff, 0xff, 0xf9, 0x8f,
    0xff, 0xff, 0xff, 0xff, 0xff, 0xff, 0xff, 0xff,
    0xff, 0xfb, 0x9f, 0xff, 0xff, 0xff, 0xff, 0xff,
    0xff, 0xff, 0xff, 0xff, 0xfc, 0x9f, 0xff, 0xff,
    0xff, 0xf6, 0x11, 0x3f, 0xff, 0xff, 0xff, 0xfd,
    0x9f, 0xff, 0xff, 0xff, 0xf2, 0x0, 0xf, 0xff,
    0xff, 0xff, 0xfd, 0x9f, 0xff, 0xff, 0xff, 0xf2,
    0x0, 0xf, 0xff, 0xff, 0xff, 0xfd, 0x9f, 0xff,
    0xff, 0xff, 0xf2, 0x0, 0xf, 0xff, 0xff, 0xff,
    0xfd, 0x9f, 0xff, 0xff, 0xff, 0xf2, 0x0, 0xf,
    0xff, 0xff, 0xff, 0xfd, 0x9f, 0xff, 0xff, 0xff,
    0xf2, 0x0, 0xf, 0xff, 0xff, 0xff, 0xfd, 0x9f,
    0xff, 0xff, 0xff, 0xf2, 0x0, 0xf, 0xff, 0xff,
    0xff, 0xfd, 0x9f, 0xff, 0xff, 0xff, 0xf2, 0x0,
    0xf, 0xff, 0xff, 0xff, 0xfd, 0x9f, 0xff, 0xff,
    0xff, 0xf2, 0x0, 0xf, 0xff, 0xff, 0xff, 0xfd,
    0x9f, 0xff, 0xff, 0xff, 0xf2, 0x0, 0xf, 0xff,
    0xff, 0xff, 0xfd, 0x9f, 0xff, 0xff, 0xff, 0xf2,
    0x0, 0xf, 0xff, 0xff, 0xff, 0xfd, 0x9f, 0xff,
    0xff, 0xff, 0xf2, 0x0, 0xf, 0xff, 0xff, 0xff,
    0xfd, 0x9f, 0xff, 0xff, 0xff, 0xf2, 0x0, 0xf,
    0xff, 0xff, 0xff, 0xfd, 0x9f, 0xff, 0xff, 0xff,
    0xf2, 0x0, 0xf, 0xff, 0xff, 0xff, 0xfd, 0x9f,
    0xff, 0xff, 0xff, 0xf2, 0x0, 0xf, 0xff, 0xff,
    0xff, 0xfd, 0x9f, 0xff, 0xff, 0xff, 0xf2, 0x0,
    0xf, 0xff, 0xff, 0xff, 0xfd, 0x9f, 0xff, 0xff,
    0xff, 0xf2, 0x0, 0xf, 0xff, 0xff, 0xff, 0xfd,
    0x9f, 0xff, 0xff, 0xff, 0xf2, 0x0, 0xf, 0xff,
    0xff, 0xff, 0xfd, 0x9f, 0xff, 0xff, 0xff, 0xf2,
    0x0, 0xf, 0xff, 0xff, 0xff, 0xfd, 0x9f, 0xff,
    0xff, 0xff, 0xf2, 0x0, 0xf, 0xff, 0xff, 0xff,
    0xfd, 0x9f, 0xff, 0xff, 0xff, 0xf2, 0x0, 0xf,
    0xff, 0xff, 0xff, 0xfd, 0x9f, 0xff, 0xff, 0xff,
    0xf2, 0x0, 0xf, 0xff, 0xff, 0xff, 0xfd, 0x9f,
    0xff, 0xff, 0xff, 0xf2, 0x0, 0xf, 0xff, 0xff,
    0xff, 0xfd, 0x9f, 0xff, 0xff, 0xff, 0xf2, 0x0,
    0xf, 0xff, 0xff, 0xff, 0xfd, 0x9f, 0xff, 0xff,
    0xff, 0xf6, 0x11, 0x3f, 0xff, 0xff, 0xff, 0xfd,
    0x9f, 0xff, 0xff, 0xff, 0xff, 0xff, 0xff, 0xff,
    0xff, 0xff, 0xfc, 0x8f, 0xff, 0xff, 0xff, 0xff,
    0xff, 0xff, 0xff, 0xff, 0xff, 0xfb, 0x6f, 0xff,
    0xff, 0xff, 0xff, 0xff, 0xff, 0xff, 0xff, 0xff,
    0xf9, 0x2f, 0xff, 0xff, 0xff, 0xff, 0xff, 0xff,
    0xff, 0xff, 0xff, 0xf4, 0x9, 0xff, 0xff, 0xff,
    0xff, 0xff, 0xff, 0xff, 0xff, 0xff, 0xd0, 0x0,
    0xbf, 0xff, 0xff, 0xff, 0xff, 0xff, 0xff, 0xff,
    0xfd, 0x20, 0x0, 0x7, 0xef, 0xff, 0xff, 0xff,
    0xff, 0xff, 0xff, 0x81, 0x0,

    /* U+0050 "P" */
    0x9f, 0xff, 0xff, 0xff, 0xff, 0xff, 0xff, 0xff,
    0xff, 0x81, 0x0, 0x9f, 0xff, 0xff, 0xff, 0xff,
    0xff, 0xff, 0xff, 0xff, 0xfd, 0x20, 0x9f, 0xff,
    0xff, 0xff, 0xff, 0xff, 0xff, 0xff, 0xff, 0xff,
    0xd0, 0x9f, 0xff, 0xff, 0xff, 0xff, 0xff, 0xff,
    0xff, 0xff, 0xff, 0xf5, 0x9f, 0xff, 0xff, 0xff,
    0xff, 0xff, 0xff, 0xff, 0xff, 0xff, 0xf9, 0x9f,
    0xff, 0xff, 0xff, 0xff, 0xff, 0xff, 0xff, 0xff,
    0xff, 0xfb, 0x9f, 0xff, 0xff, 0xff, 0xff, 0xff,
    0xff, 0xff, 0xff, 0xff, 0xfd, 0x9f, 0xff, 0xff,
    0xff, 0xf3, 0x11, 0x3f, 0xff, 0xff, 0xff, 0xfd,
    0x9f, 0xff, 0xff, 0xff, 0xf2, 0x0, 0xf, 0xff,
    0xff, 0xff, 0xfd, 0x9f, 0xff, 0xff, 0xff, 0xf2,
    0x0, 0xf, 0xff, 0xff, 0xff, 0xfd, 0x9f, 0xff,
    0xff, 0xff, 0xf2, 0x0, 0xf, 0xff, 0xff, 0xff,
    0xfd, 0x9f, 0xff, 0xff, 0xff, 0xf2, 0x0, 0xf,
    0xff, 0xff, 0xff, 0xfd, 0x9f, 0xff, 0xff, 0xff,
    0xf2, 0x0, 0xf, 0xff, 0xff, 0xff, 0xfd, 0x9f,
    0xff, 0xff, 0xff, 0xf2, 0x0, 0xf, 0xff, 0xff,
    0xff, 0xfd, 0x9f, 0xff, 0xff, 0xff, 0xf2, 0x0,
    0xf, 0xff, 0xff, 0xff, 0xfd, 0x9f, 0xff, 0xff,
    0xff, 0xf2, 0x0, 0xf, 0xff, 0xff, 0xff, 0xfd,
    0x9f, 0xff, 0xff, 0xff, 0xf2, 0x0, 0xf, 0xff,
    0xff, 0xff, 0xfd, 0x9f, 0xff, 0xff, 0xff, 0xf2,
    0x0, 0x2f, 0xff, 0xff, 0xff, 0xfd, 0x9f, 0xff,
    0xff, 0xff, 0xff, 0xff, 0xff, 0xff, 0xff, 0xff,
    0xfd, 0x9f, 0xff, 0xff, 0xff, 0xff, 0xff, 0xff,
    0xff, 0xff, 0xff, 0xfb, 0x9f, 0xff, 0xff, 0xff,
    0xff, 0xff, 0xff, 0xff, 0xff, 0xff, 0xf9, 0x9f,
    0xff, 0xff, 0xff, 0xff, 0xff, 0xff, 0xff, 0xff,
    0xff, 0xf5, 0x9f, 0xff, 0xff, 0xff, 0xff, 0xff,
    0xff, 0xff, 0xff, 0xff, 0xd0, 0x9f, 0xff, 0xff,
    0xff, 0xff, 0xff, 0xff, 0xff, 0xff, 0xfe, 0x30,
    0x9f, 0xff, 0xff, 0xff, 0xff, 0xff, 0xff, 0xff,
    0xff, 0x91, 0x0, 0x9f, 0xff, 0xff, 0xff, 0xf3,
    0x11, 0x11, 0x11, 0x10, 0x0, 0x0, 0x9f, 0xff,
    0xff, 0xff, 0xf2, 0x0, 0x0, 0x0, 0x0, 0x0,
    0x0, 0x9f, 0xff, 0xff, 0xff, 0xf2, 0x0, 0x0,
    0x0, 0x0, 0x0, 0x0, 0x9f, 0xff, 0xff, 0xff,
    0xf2, 0x0, 0x0, 0x0, 0x0, 0x0, 0x0, 0x9f,
    0xff, 0xff, 0xff, 0xf2, 0x0, 0x0, 0x0, 0x0,
    0x0, 0x0, 0x9f, 0xff, 0xff, 0xff, 0xf2, 0x0,
    0x0, 0x0, 0x0, 0x0, 0x0, 0x9f, 0xff, 0xff,
    0xff, 0xf2, 0x0, 0x0, 0x0, 0x0, 0x0, 0x0,
    0x9f, 0xff, 0xff, 0xff, 0xf2, 0x0, 0x0, 0x0,
    0x0, 0x0, 0x0, 0x9f, 0xff, 0xff, 0xff, 0xf2,
    0x0, 0x0, 0x0, 0x0, 0x0, 0x0, 0x9f, 0xff,
    0xff, 0xff, 0xf2, 0x0, 0x0, 0x0, 0x0, 0x0,
    0x0, 0x9f, 0xff, 0xff, 0xff, 0xf2, 0x0, 0x0,
    0x0, 0x0, 0x0, 0x0, 0x9f, 0xff, 0xff, 0xff,
    0xf2, 0x0, 0x0, 0x0, 0x0, 0x0, 0x0, 0x9f,
    0xff, 0xff, 0xff, 0xf2, 0x0, 0x0, 0x0, 0x0,
    0x0, 0x0, 0x9f, 0xff, 0xff, 0xff, 0xf2, 0x0,
    0x0, 0x0, 0x0, 0x0, 0x0,

    /* U+0051 "Q" */
    0x0, 0x6, 0xef, 0xff, 0xff, 0xff, 0xff, 0xff,
    0xff, 0x81, 0x0, 0x0, 0xbf, 0xff, 0xff, 0xff,
    0xff, 0xff, 0xff, 0xff, 0xfd, 0x20, 0x9, 0xff,
    0xff, 0xff, 0xff, 0xff, 0xff, 0xff, 0xff, 0xff,
    0xc0, 0x2f, 0xff, 0xff, 0xff, 0xff, 0xff, 0xff,
    0xff, 0xff, 0xff, 0xf4, 0x6f, 0xff, 0xff, 0xff,
    0xff, 0xff, 0xff, 0xff, 0xff, 0xff, 0xf9, 0x8f,
    0xff, 0xff, 0xff, 0xff, 0xff, 0xff, 0xff, 0xff,
    0xff, 0xfb, 0x9f, 0xff, 0xff, 0xff, 0xff, 0xff,
    0xff, 0xff, 0xff, 0xff, 0xfc, 0x9f, 0xff, 0xff,
    0xff, 0xf6, 0x11, 0x3f, 0xff, 0xff, 0xff, 0xfd,
    0x9f, 0xff, 0xff, 0xff, 0xf2, 0x0, 0xf, 0xff,
    0xff, 0xff, 0xfd, 0x9f, 0xff, 0xff, 0xff, 0xf2,
    0x0, 0xf, 0xff, 0xff, 0xff, 0xfd, 0x9f, 0xff,
    0xff, 0xff, 0xf2, 0x0, 0xf, 0xff, 0xff, 0xff,
    0xfd, 0x9f, 0xff, 0xff, 0xff, 0xf2, 0x0, 0xf,
    0xff, 0xff, 0xff, 0xfd, 0x9f, 0xff, 0xff, 0xff,
    0xf2, 0x0, 0xf, 0xff, 0xff, 0xff, 0xfd, 0x9f,
    0xff, 0xff, 0xff, 0xf2, 0x0, 0xf, 0xff, 0xff,
    0xff, 0xfd, 0x9f, 0xff, 0xff, 0xff, 0xf2, 0x0,
    0xf, 0xff, 0xff, 0xff, 0xfd, 0x9f, 0xff, 0xff,
    0xff, 0xf2, 0x0, 0xf, 0xff, 0xff, 0xff, 0xfd,
    0x9f, 0xff, 0xff, 0xff, 0xf2, 0x0, 0xf, 0xff,
    0xff, 0xff, 0xfd, 0x9f, 0xff, 0xff, 0xff, 0xf2,
    0x0, 0xf, 0xff, 0xff, 0xff, 0xfd, 0x9f, 0xff,
    0xff, 0xff, 0xf2, 0x0, 0xf, 0xff, 0xff, 0xff,
    0xfd, 0x9f, 0xff, 0xff, 0xff, 0xf2, 0x0, 0xf,
    0xff, 0xff, 0xff, 0xfd, 0x9f, 0xff, 0xff, 0xff,
    0xf2, 0x0, 0xf, 0xff, 0xff, 0xff, 0xfd, 0x9f,
    0xff, 0xff, 0xff, 0xf2, 0x0, 0xf, 0xff, 0xff,
    0xff, 0xfd, 0x9f, 0xff, 0xff, 0xff, 0xf2, 0x0,
    0xf, 0xff, 0xff, 0xff, 0xfd, 0x9f, 0xff, 0xff,
    0xff, 0xf2, 0x0, 0xf, 0xff, 0xff, 0xff, 0xfd,
    0x9f, 0xff, 0xff, 0xff, 0xf2, 0x0, 0xf, 0xff,
    0xff, 0xff, 0xfd, 0x9f, 0xff, 0xff, 0xff, 0xf2,
    0x0, 0xf, 0xff, 0xff, 0xff, 0xfd, 0x9f, 0xff,
    0xff, 0xff, 0xf2, 0x0, 0xf, 0xff, 0xff, 0xff,
    0xfd, 0x9f, 0xff, 0xff, 0xff, 0xf2, 0x0, 0xf,
    0xff, 0xff, 0xff, 0xfd, 0x9f, 0xff, 0xff, 0xff,
    0xf2, 0x0, 0xf, 0xff, 0xff, 0xff, 0xfd, 0x9f,
    0xff, 0xff, 0xff, 0xf2, 0x0, 0xf, 0xff, 0xff,
    0xff, 0xfd, 0x9f, 0xff, 0xff, 0xff, 0xf2, 0x0,
    0xf, 0xff, 0xff, 0xff, 0xfd, 0x9f, 0xff, 0xff,
    0xff, 0xf5, 0x0, 0x2f, 0xff, 0xff, 0xff, 0xfd,
    0x9f, 0xff, 0xff, 0xff, 0xff, 0xff, 0xff, 0xff,
    0xff, 0xff, 0xfc, 0x8f, 0xff, 0xff, 0xff, 0xff,
    0xff, 0xff, 0xff, 0xff, 0xff, 0xfb, 0x6f, 0xff,
    0xff, 0xff, 0xff, 0xff, 0xff, 0xff, 0xff, 0xff,
    0xf9, 0x2f, 0xff, 0xff, 0xff, 0xff, 0xff, 0xff,
    0xff, 0xff, 0xff, 0xf4, 0x9, 0xff, 0xff, 0xff,
    0xff, 0xff, 0xff, 0xff, 0xff, 0xff, 0xd0, 0x0,
    0xbf, 0xff, 0xff, 0xff, 0xff, 0xff, 0xff, 0xff,
    0xfd, 0x20, 0x0, 0x7, 0xef, 0xff, 0xff, 0xff,
    0xff, 0xff, 0xff, 0x81, 0x0, 0x0, 0x0, 0x0,
    0x0, 0xa, 0xff, 0xff, 0xff, 0xd0, 0x0, 0x0,
    0x0, 0x0, 0x0, 0x0, 0x1, 0xff, 0xff, 0xff,
    0xfa, 0x0, 0x0, 0x0, 0x0, 0x0, 0x0, 0x0,
    0x8f, 0xff, 0xff, 0xff, 0x60, 0x0, 0x0, 0x0,
    0x0, 0x0, 0x0, 0xe, 0xff, 0xff, 0xff, 0xf2,
    0x0, 0x0, 0x0, 0x0, 0x0, 0x0, 0x6, 0xff,
    0xff, 0xff, 0xfc, 0x0, 0x0, 0x0, 0x0, 0x0,
    0x0, 0x0, 0xcf, 0xff, 0xff, 0xfd, 0x0, 0x0,
    0x0, 0x0, 0x0, 0x0, 0x0, 0x4f, 0xff, 0xff,
    0xfd, 0x0,

    /* U+0052 "R" */
    0x9f, 0xff, 0xff, 0xff, 0xff, 0xff, 0xff, 0xff,
    0xff, 0x81, 0x0, 0x9, 0xff, 0xff, 0xff, 0xff,
    0xff, 0xff, 0xff, 0xff, 0xff, 0xd2, 0x0, 0x9f,
    0xff, 0xff, 0xff, 0xff, 0xff, 0xff, 0xff, 0xff,
    0xff, 0xc0, 0x9, 0xff, 0xff, 0xff, 0xff, 0xff,
    0xff, 0xff, 0xff, 0xff, 0xff, 0x40, 0x9f, 0xff,
    0xff, 0xff, 0xff, 0xff, 0xff, 0xff, 0xff, 0xff,
    0xf9, 0x9, 0xff, 0xff, 0xff, 0xff, 0xff, 0xff,
    0xff, 0xff, 0xff, 0xff, 0xb0, 0x9f, 0xff, 0xff,
    0xff, 0xff, 0xff, 0xff, 0xff, 0xff, 0xff, 0xfc,
    0x9, 0xff, 0xff, 0xff, 0xff, 0x31, 0x13, 0xff,
    0xff, 0xff, 0xff, 0xd0, 0x9f, 0xff, 0xff, 0xff,
    0xf2, 0x0, 0xf, 0xff, 0xff, 0xff, 0xfd, 0x9,
    0xff, 0xff, 0xff, 0xff, 0x20, 0x0, 0xff, 0xff,
    0xff, 0xff, 0xd0, 0x9f, 0xff, 0xff, 0xff, 0xf2,
    0x0, 0xf, 0xff, 0xff, 0xff, 0xfd, 0x9, 0xff,
    0xff, 0xff, 0xff, 0x20, 0x0, 0xff, 0xff, 0xff,
    0xff, 0xd0, 0x9f, 0xff, 0xff, 0xff, 0xf2, 0x0,
    0xf, 0xff, 0xff, 0xff, 0xfd, 0x9, 0xff, 0xff,
    0xff, 0xff, 0x20, 0x0, 0xff, 0xff, 0xff, 0xff,
    0xd0, 0x9f, 0xff, 0xff, 0xff, 0xf2, 0x0, 0xf,
    0xff, 0xff, 0xff, 0xfd, 0x9, 0xff, 0xff, 0xff,
    0xff, 0x20, 0x0, 0xff, 0xff, 0xff, 0xff, 0xc0,
    0x9f, 0xff, 0xff, 0xff, 0xf3, 0x0, 0x3f, 0xff,
    0xff, 0xff, 0xfa, 0x9, 0xff, 0xff, 0xff, 0xff,
    0xff, 0xff, 0xff, 0xff, 0xff, 0xff, 0x70, 0x9f,
    0xff, 0xff, 0xff, 0xff, 0xff, 0xff, 0xff, 0xff,
    0xff, 0xf1, 0x9, 0xff, 0xff, 0xff, 0xff, 0xff,
    0xff, 0xff, 0xff, 0xff, 0xf7, 0x0, 0x9f, 0xff,
    0xff, 0xff, 0xff, 0xff, 0xff, 0xff, 0xff, 0xf6,
    0x0, 0x9, 0xff, 0xff, 0xff, 0xff, 0xff, 0xff,
    0xff, 0xff, 0xf4, 0x0, 0x0, 0x9f, 0xff, 0xff,
    0xff, 0xff, 0xff, 0xff, 0xff, 0xff, 0x90, 0x0,
    0x9, 0xff, 0xff, 0xff, 0xff, 0xff, 0xff, 0xff,
    0xff, 0xff, 0x0, 0x0, 0x9f, 0xff, 0xff, 0xff,
    0xf2, 0xbf, 0xff, 0xff, 0xff, 0xf6, 0x0, 0x9,
    0xff, 0xff, 0xff, 0xff, 0x26, 0xff, 0xff, 0xff,
    0xff, 0xc0, 0x0, 0x9f, 0xff, 0xff, 0xff, 0xf2,
    0x1f, 0xff, 0xff, 0xff, 0xff, 0x20, 0x9, 0xff,
    0xff, 0xff, 0xff, 0x20, 0xbf, 0xff, 0xff, 0xff,
    0xf8, 0x0, 0x9f, 0xff, 0xff, 0xff, 0xf2, 0x5,
    0xff, 0xff, 0xff, 0xff, 0xe0, 0x9, 0xff, 0xff,
    0xff, 0xff, 0x20, 0x1f, 0xff, 0xff, 0xff, 0xff,
    0x40, 0x9f, 0xff, 0xff, 0xff, 0xf2, 0x0, 0xbf,
    0xff, 0xff, 0xff, 0xfa, 0x9, 0xff, 0xff, 0xff,
    0xff, 0x20, 0x5, 0xff, 0xff, 0xff, 0xff, 0xf1,
    0x9f, 0xff, 0xff, 0xff, 0xf2, 0x0, 0xf, 0xff,
    0xff, 0xff, 0xff, 0x79, 0xff, 0xff, 0xff, 0xff,
    0x20, 0x0, 0xaf, 0xff, 0xff, 0xff, 0xfc, 0x9f,
    0xff, 0xff, 0xff, 0xf2, 0x0, 0x5, 0xff, 0xff,
    0xff, 0xff, 0xd9, 0xff, 0xff, 0xff, 0xff, 0x20,
    0x0, 0xf, 0xff, 0xff, 0xff, 0xfd, 0x9f, 0xff,
    0xff, 0xff, 0xf2, 0x0, 0x0, 0xaf, 0xff, 0xff,
    0xff, 0xd9, 0xff, 0xff, 0xff, 0xff, 0x20, 0x0,
    0x5, 0xff, 0xff, 0xff, 0xfd, 0x9f, 0xff, 0xff,
    0xff, 0xf2, 0x0, 0x0, 0xf, 0xff, 0xff, 0xff,
    0xd0,

    /* U+0053 "S" */
    0x0, 0x19, 0xff, 0xff, 0xff, 0xff, 0xff, 0xff,
    0xfd, 0x60, 0x0, 0x2, 0xef, 0xff, 0xff, 0xff,
    0xff, 0xff, 0xff, 0xff, 0xfa, 0x0, 0xd, 0xff,
    0xff, 0xff, 0xff, 0xff, 0xff, 0xff, 0xff, 0xff,
    0x80, 0x6f, 0xff, 0xff, 0xff, 0xff, 0xff, 0xff,
    0xff, 0xff, 0xff, 0xf1, 0xaf, 0xff, 0xff, 0xff,
    0xff, 0xff, 0xff, 0xff, 0xff, 0xff, 0xf4, 0xcf,
    0xff, 0xff, 0xff, 0xff, 0xff, 0xff, 0xff, 0xff,
    0xff, 0xf6, 0xef, 0xff, 0xff, 0xff, 0xff, 0xff,
    0xff, 0xff, 0xff, 0xff, 0xf8, 0xef, 0xff, 0xff,
    0xff, 0xf2, 0x11, 0x7f, 0xff, 0xff, 0xff, 0xf8,
    0xef, 0xff, 0xff, 0xff, 0xe0, 0x0, 0x3f, 0xff,
    0xff, 0xff, 0xf8, 0xef, 0xff, 0xff, 0xff, 0xe0,
    0x0, 0x3f, 0xff, 0xff, 0xff, 0xf8, 0xef, 0xff,
    0xff, 0xff, 0xe0, 0x0, 0x3f, 0xff, 0xff, 0xff,
    0xf8, 0xef, 0xff, 0xff, 0xff, 0xe0, 0x0, 0x3f,
    0xff, 0xff, 0xff, 0xf8, 0xef, 0xff, 0xff, 0xff,
    0xe0, 0x0, 0x3f, 0xff, 0xff, 0xff, 0xf8, 0xef,
    0xff, 0xff, 0xff, 0xf2, 0x0, 0x3c, 0xcc, 0xcc,
    0xcc, 0xc6, 0xef, 0xff, 0xff, 0xff, 0xfe, 0x71,
    0x0, 0x0, 0x0, 0x0, 0x0, 0xdf, 0xff, 0xff,
    0xff, 0xff, 0xff, 0xa4, 0x0, 0x0, 0x0, 0x0,
    0xcf, 0xff, 0xff, 0xff, 0xff, 0xff, 0xff, 0xe7,
    0x10, 0x0, 0x0, 0x9f, 0xff, 0xff, 0xff, 0xff,
    0xff, 0xff, 0xff, 0xfb, 0x40, 0x0, 0x3f, 0xff,
    0xff, 0xff, 0xff, 0xff, 0xff, 0xff, 0xff, 0xfb,
    0x10, 0x8, 0xff, 0xff, 0xff, 0xff, 0xff, 0xff,
    0xff, 0xff, 0xff, 0xa0, 0x0, 0x3c, 0xff, 0xff,
    0xff, 0xff, 0xff, 0xff, 0xff, 0xff, 0xf2, 0x0,
    0x0, 0x4b, 0xff, 0xff, 0xff, 0xff, 0xff, 0xff,
    0xff, 0xf6, 0x0, 0x0, 0x0, 0x29, 0xff, 0xff,
    0xff, 0xff, 0xff, 0xff, 0xf7, 0x0, 0x0, 0x0,
    0x0, 0x17, 0xef, 0xff, 0xff, 0xff, 0xff, 0xf8,
    0x23, 0x33, 0x33, 0x33, 0x20, 0x5, 0xdf, 0xff,
    0xff, 0xff, 0xf8, 0xef, 0xff, 0xff, 0xff, 0xe0,
    0x0, 0x5f, 0xff, 0xff, 0xff, 0xf8, 0xef, 0xff,
    0xff, 0xff, 0xe0, 0x0, 0x3f, 0xff, 0xff, 0xff,
    0xf8, 0xef, 0xff, 0xff, 0xff, 0xe0, 0x0, 0x3f,
    0xff, 0xff, 0xff, 0xf8, 0xef, 0xff, 0xff, 0xff,
    0xe0, 0x0, 0x3f, 0xff, 0xff, 0xff, 0xf8, 0xef,
    0xff, 0xff, 0xff, 0xe0, 0x0, 0x3f, 0xff, 0xff,
    0xff, 0xf8, 0xef, 0xff, 0xff, 0xff, 0xe0, 0x0,
    0x3f, 0xff, 0xff, 0xff, 0xf8, 0xef, 0xff, 0xff,
    0xff, 0xf2, 0x11, 0x7f, 0xff, 0xff, 0xff, 0xf8,
    0xef, 0xff, 0xff, 0xff, 0xff, 0xff, 0xff, 0xff,
    0xff, 0xff, 0xf8, 0xcf, 0xff, 0xff, 0xff, 0xff,
    0xff, 0xff, 0xff, 0xff, 0xff, 0xf6, 0xaf, 0xff,
    0xff, 0xff, 0xff, 0xff, 0xff, 0xff, 0xff, 0xff,
    0xf4, 0x6f, 0xff, 0xff, 0xff, 0xff, 0xff, 0xff,
    0xff, 0xff, 0xff, 0xf1, 0xe, 0xff, 0xff, 0xff,
    0xff, 0xff, 0xff, 0xff, 0xff, 0xff, 0x80, 0x2,
    0xef, 0xff, 0xff, 0xff, 0xff, 0xff, 0xff, 0xff,
    0xfb, 0x0, 0x0, 0x19, 0xff, 0xff, 0xff, 0xff,
    0xff, 0xff, 0xfd, 0x60, 0x0,

    /* U+0054 "T" */
    0xbf, 0xff, 0xff, 0xff, 0xff, 0xff, 0xff, 0xff,
    0xff, 0xff, 0xfb, 0xbf, 0xff, 0xff, 0xff, 0xff,
    0xff, 0xff, 0xff, 0xff, 0xff, 0xfb, 0xbf, 0xff,
    0xff, 0xff, 0xff, 0xff, 0xff, 0xff, 0xff, 0xff,
    0xfb, 0xbf, 0xff, 0xff, 0xff, 0xff, 0xff, 0xff,
    0xff, 0xff, 0xff, 0xfb, 0xbf, 0xff, 0xff, 0xff,
    0xff, 0xff, 0xff, 0xff, 0xff, 0xff, 0xfb, 0xbf,
    0xff, 0xff, 0xff, 0xff, 0xff, 0xff, 0xff, 0xff,
    0xff, 0xfb, 0xbf, 0xff, 0xff, 0xff, 0xff, 0xff,
    0xff, 0xff, 0xff, 0xff, 0xfb, 0xbf, 0xff, 0xff,
    0xff, 0xff, 0xff, 0xff, 0xff, 0xff, 0xff, 0xfb,
    0x12, 0x22, 0x22, 0x8f, 0xff, 0xff, 0xff, 0xf8,
    0x22, 0x22, 0x21, 0x0, 0x0, 0x0, 0x6f, 0xff,
    0xff, 0xff, 0xf6, 0x0, 0x0, 0x0, 0x0, 0x0,
    0x0, 0x6f, 0xff, 0xff, 0xff, 0xf6, 0x0, 0x0,
    0x0, 0x0, 0x0, 0x0, 0x6f, 0xff, 0xff, 0xff,
    0xf6, 0x0, 0x0, 0x0, 0x0, 0x0, 0x0, 0x6f,
    0xff, 0xff, 0xff, 0xf6, 0x0, 0x0, 0x0, 0x0,
    0x0, 0x0, 0x6f, 0xff, 0xff, 0xff, 0xf6, 0x0,
    0x0, 0x0, 0x0, 0x0, 0x0, 0x6f, 0xff, 0xff,
    0xff, 0xf6, 0x0, 0x0, 0x0, 0x0, 0x0, 0x0,
    0x6f, 0xff, 0xff, 0xff, 0xf6, 0x0, 0x0, 0x0,
    0x0, 0x0, 0x0, 0x6f, 0xff, 0xff, 0xff, 0xf6,
    0x0, 0x0, 0x0, 0x0, 0x0, 0x0, 0x6f, 0xff,
    0xff, 0xff, 0xf6, 0x0, 0x0, 0x0, 0x0, 0x0,
    0x0, 0x6f, 0xff, 0xff, 0xff, 0xf6, 0x0, 0x0,
    0x0, 0x0, 0x0, 0x0, 0x6f, 0xff, 0xff, 0xff,
    0xf6, 0x0, 0x0, 0x0, 0x0, 0x0, 0x0, 0x6f,
    0xff, 0xff, 0xff, 0xf6, 0x0, 0x0, 0x0, 0x0,
    0x0, 0x0, 0x6f, 0xff, 0xff, 0xff, 0xf6, 0x0,
    0x0, 0x0, 0x0, 0x0, 0x0, 0x6f, 0xff, 0xff,
    0xff, 0xf6, 0x0, 0x0, 0x0, 0x0, 0x0, 0x0,
    0x6f, 0xff, 0xff, 0xff, 0xf6, 0x0, 0x0, 0x0,
    0x0, 0x0, 0x0, 0x6f, 0xff, 0xff, 0xff, 0xf6,
    0x0, 0x0, 0x0, 0x0, 0x0, 0x0, 0x6f, 0xff,
    0xff, 0xff, 0xf6, 0x0, 0x0, 0x0, 0x0, 0x0,
    0x0, 0x6f, 0xff, 0xff, 0xff, 0xf6, 0x0, 0x0,
    0x0, 0x0, 0x0, 0x0, 0x6f, 0xff, 0xff, 0xff,
    0xf6, 0x0, 0x0, 0x0, 0x0, 0x0, 0x0, 0x6f,
    0xff, 0xff, 0xff, 0xf6, 0x0, 0x0, 0x0, 0x0,
    0x0, 0x0, 0x6f, 0xff, 0xff, 0xff, 0xf6, 0x0,
    0x0, 0x0, 0x0, 0x0, 0x0, 0x6f, 0xff, 0xff,
    0xff, 0xf6, 0x0, 0x0, 0x0, 0x0, 0x0, 0x0,
    0x6f, 0xff, 0xff, 0xff, 0xf6, 0x0, 0x0, 0x0,
    0x0, 0x0, 0x0, 0x6f, 0xff, 0xff, 0xff, 0xf6,
    0x0, 0x0, 0x0, 0x0, 0x0, 0x0, 0x6f, 0xff,
    0xff, 0xff, 0xf6, 0x0, 0x0, 0x0, 0x0, 0x0,
    0x0, 0x6f, 0xff, 0xff, 0xff, 0xf6, 0x0, 0x0,
    0x0, 0x0, 0x0, 0x0, 0x6f, 0xff, 0xff, 0xff,
    0xf6, 0x0, 0x0, 0x0, 0x0, 0x0, 0x0, 0x6f,
    0xff, 0xff, 0xff, 0xf6, 0x0, 0x0, 0x0, 0x0,
    0x0, 0x0, 0x6f, 0xff, 0xff, 0xff, 0xf6, 0x0,
    0x0, 0x0, 0x0, 0x0, 0x0, 0x6f, 0xff, 0xff,
    0xff, 0xf6, 0x0, 0x0, 0x0,

    /* U+0055 "U" */
    0x9f, 0xff, 0xff, 0xff, 0xf2, 0x0, 0x8f, 0xff,
    0xff, 0xff, 0xf4, 0x9f, 0xff, 0xff, 0xff, 0xf2,
    0x0, 0x8f, 0xff, 0xff, 0xff, 0xf4, 0x9f, 0xff,
    0xff, 0xff, 0xf2, 0x0, 0x8f, 0xff, 0xff, 0xff,
    0xf4, 0x9f, 0xff, 0xff, 0xff, 0xf2, 0x0, 0x8f,
    0xff, 0xff, 0xff, 0xf4, 0x9f, 0xff, 0xff, 0xff,
    0xf2, 0x0, 0x8f, 0xff, 0xff, 0xff, 0xf4, 0x9f,
    0xff, 0xff, 0xff, 0xf2, 0x0, 0x8f, 0xff, 0xff,
    0xff, 0xf4, 0x9f, 0xff, 0xff, 0xff, 0xf2, 0x0,
    0x8f, 0xff, 0xff, 0xff, 0xf4, 0x9f, 0xff, 0xff,
    0xff, 0xf2, 0x0, 0x8f, 0xff, 0xff, 0xff, 0xf4,
    0x9f, 0xff, 0xff, 0xff, 0xf2, 0x0, 0x8f, 0xff,
    0xff, 0xff, 0xf4, 0x9f, 0xff, 0xff, 0xff, 0xf2,
    0x0, 0x8f, 0xff, 0xff, 0xff, 0xf4, 0x9f, 0xff,
    0xff, 0xff, 0xf2, 0x0, 0x8f, 0xff, 0xff, 0xff,
    0xf4, 0x9f, 0xff, 0xff, 0xff, 0xf2, 0x0, 0x8f,
    0xff, 0xff, 0xff, 0xf4, 0x9f, 0xff, 0xff, 0xff,
    0xf2, 0x0, 0x8f, 0xff, 0xff, 0xff, 0xf4, 0x9f,
    0xff, 0xff, 0xff, 0xf2, 0x0, 0x8f, 0xff, 0xff,
    0xff, 0xf4, 0x9f, 0xff, 0xff, 0xff, 0xf2, 0x0,
    0x8f, 0xff, 0xff, 0xff, 0xf4, 0x9f, 0xff, 0xff,
    0xff, 0xf2, 0x0, 0x8f, 0xff, 0xff, 0xff, 0xf4,
    0x9f, 0xff, 0xff, 0xff, 0xf2, 0x0, 0x8f, 0xff,
    0xff, 0xff, 0xf4, 0x9f, 0xff, 0xff, 0xff, 0xf2,
    0x0, 0x8f, 0xff, 0xff, 0xff, 0xf4, 0x9f, 0xff,
    0xff, 0xff, 0xf2, 0x0, 0x8f, 0xff, 0xff, 0xff,
    0xf4, 0x9f, 0xff, 0xff, 0xff, 0xf2, 0x0, 0x8f,
    0xff, 0xff, 0xff, 0xf4, 0x9f, 0xff, 0xff, 0xff,
    0xf2, 0x0, 0x8f, 0xff, 0xff, 0xff, 0xf4, 0x9f,
    0xff, 0xff, 0xff, 0xf2, 0x0, 0x8f, 0xff, 0xff,
    0xff, 0xf4, 0x9f, 0xff, 0xff, 0xff, 0xf2, 0x0,
    0x8f, 0xff, 0xff, 0xff, 0xf4, 0x9f, 0xff, 0xff,
    0xff, 0xf2, 0x0, 0x8f, 0xff, 0xff, 0xff, 0xf4,
    0x9f, 0xff, 0xff, 0xff, 0xf2, 0x0, 0x8f, 0xff,
    0xff, 0xff, 0xf4, 0x9f, 0xff, 0xff, 0xff, 0xf2,
    0x0, 0x8f, 0xff, 0xff, 0xff, 0xf4, 0x9f, 0xff,
    0xff, 0xff, 0xf2, 0x0, 0x8f, 0xff, 0xff, 0xff,
    0xf4, 0x9f, 0xff, 0xff, 0xff, 0xf2, 0x0, 0x8f,
    0xff, 0xff, 0xff, 0xf4, 0x9f, 0xff, 0xff, 0xff,
    0xf2, 0x0, 0x8f, 0xff, 0xff, 0xff, 0xf4, 0x9f,
    0xff, 0xff, 0xff, 0xf2, 0x0, 0x8f, 0xff, 0xff,
    0xff, 0xf4, 0x9f, 0xff, 0xff, 0xff, 0xf2, 0x0,
    0x8f, 0xff, 0xff, 0xff, 0xf4, 0x9f, 0xff, 0xff,
    0xff, 0xf6, 0x11, 0xbf, 0xff, 0xff, 0xff, 0xf4,
    0x9f, 0xff, 0xff, 0xff, 0xff, 0xff, 0xff, 0xff,
    0xff, 0xff, 0xf4, 0x8f, 0xff, 0xff, 0xff, 0xff,
    0xff, 0xff, 0xff, 0xff, 0xff, 0xf2, 0x6f, 0xff,
    0xff, 0xff, 0xff, 0xff, 0xff, 0xff, 0xff, 0xff,
    0xf0, 0x2f, 0xff, 0xff, 0xff, 0xff, 0xff, 0xff,
    0xff, 0xff, 0xff, 0xc0, 0x9, 0xff, 0xff, 0xff,
    0xff, 0xff, 0xff, 0xff, 0xff, 0xff, 0x40, 0x0,
    0xbf, 0xff, 0xff, 0xff, 0xff, 0xff, 0xff, 0xff,
    0xf7, 0x0, 0x0, 0x7, 0xef, 0xff, 0xff, 0xff,
    0xff, 0xff, 0xfc, 0x40, 0x0,

    /* U+0056 "V" */
    0x2f, 0xff, 0xff, 0xff, 0xf1, 0x0, 0x0, 0x7f,
    0xff, 0xff, 0xff, 0xd2, 0xff, 0xff, 0xff, 0xff,
    0x30, 0x0, 0x8, 0xff, 0xff, 0xff, 0xfd, 0x2f,
    0xff, 0xff, 0xff, 0xf4, 0x0, 0x0, 0xaf, 0xff,
    0xff, 0xff, 0xd2, 0xff, 0xff, 0xff, 0xff, 0x60,
    0x0, 0xb, 0xff, 0xff, 0xff, 0xfd, 0x2f, 0xff,
    0xff, 0xff, 0xf7, 0x0, 0x0, 0xdf, 0xff, 0xff,
    0xff, 0xd2, 0xff, 0xff, 0xff, 0xff, 0x80, 0x0,
    0xe, 0xff, 0xff, 0xff, 0xfd, 0x2f, 0xff, 0xff,
    0xff, 0xfa, 0x0, 0x0, 0xff, 0xff, 0xff, 0xff,
    0xc0, 0xff, 0xff, 0xff, 0xff, 0xb0, 0x0, 0x1f,
    0xff, 0xff, 0xff, 0xfa, 0xd, 0xff, 0xff, 0xff,
    0xfd, 0x0, 0x2, 0xff, 0xff, 0xff, 0xff, 0x80,
    0xbf, 0xff, 0xff, 0xff, 0xe0, 0x0, 0x4f, 0xff,
    0xff, 0xff, 0xf5, 0x9, 0xff, 0xff, 0xff, 0xff,
    0x0, 0x5, 0xff, 0xff, 0xff, 0xff, 0x30, 0x6f,
    0xff, 0xff, 0xff, 0xf1, 0x0, 0x7f, 0xff, 0xff,
    0xff, 0xf0, 0x4, 0xff, 0xff, 0xff, 0xff, 0x20,
    0x8, 0xff, 0xff, 0xff, 0xfe, 0x0, 0x1f, 0xff,
    0xff, 0xff, 0xf4, 0x0, 0x9f, 0xff, 0xff, 0xff,
    0xc0, 0x0, 0xff, 0xff, 0xff, 0xff, 0x50, 0xb,
    0xff, 0xff, 0xff, 0xf9, 0x0, 0xc, 0xff, 0xff,
    0xff, 0xf7, 0x0, 0xcf, 0xff, 0xff, 0xff, 0x70,
    0x0, 0xaf, 0xff, 0xff, 0xff, 0x80, 0xe, 0xff,
    0xff, 0xff, 0xf4, 0x0, 0x7, 0xff, 0xff, 0xff,
    0xf9, 0x0, 0xff, 0xff, 0xff, 0xff, 0x20, 0x0,
    0x5f, 0xff, 0xff, 0xff, 0xb0, 0x1f, 0xff, 0xff,
    0xff, 0xf0, 0x0, 0x2, 0xff, 0xff, 0xff, 0xfc,
    0x2, 0xff, 0xff, 0xff, 0xfd, 0x0, 0x0, 0xf,
    0xff, 0xff, 0xff, 0xe0, 0x3f, 0xff, 0xff, 0xff,
    0xa0, 0x0, 0x0, 0xdf, 0xff, 0xff, 0xff, 0x5,
    0xff, 0xff, 0xff, 0xf8, 0x0, 0x0, 0xb, 0xff,
    0xff, 0xff, 0xf1, 0x6f, 0xff, 0xff, 0xff, 0x50,
    0x0, 0x0, 0x8f, 0xff, 0xff, 0xff, 0x28, 0xff,
    0xff, 0xff, 0xf3, 0x0, 0x0, 0x6, 0xff, 0xff,
    0xff, 0xf3, 0x9f, 0xff, 0xff, 0xff, 0x0, 0x0,
    0x0, 0x4f, 0xff, 0xff, 0xff, 0x5b, 0xff, 0xff,
    0xff, 0xe0, 0x0, 0x0, 0x1, 0xff, 0xff, 0xff,
    0xf6, 0xcf, 0xff, 0xff, 0xfb, 0x0, 0x0, 0x0,
    0xf, 0xff, 0xff, 0xff, 0x8d, 0xff, 0xff, 0xff,
    0x90, 0x0, 0x0, 0x0, 0xcf, 0xff, 0xff, 0xff,
    0xff, 0xff, 0xff, 0xf6, 0x0, 0x0, 0x0, 0xa,
    0xff, 0xff, 0xff, 0xff, 0xff, 0xff, 0xff, 0x40,
    0x0, 0x0, 0x0, 0x7f, 0xff, 0xff, 0xff, 0xff,
    0xff, 0xff, 0xf1, 0x0, 0x0, 0x0, 0x5, 0xff,
    0xff, 0xff, 0xff, 0xff, 0xff, 0xff, 0x0, 0x0,
    0x0, 0x0, 0x2f, 0xff, 0xff, 0xff, 0xff, 0xff,
    0xff, 0xd0, 0x0, 0x0, 0x0, 0x0, 0xff, 0xff,
    0xff, 0xff, 0xff, 0xff, 0xfa, 0x0, 0x0, 0x0,
    0x0, 0xd, 0xff, 0xff, 0xff, 0xff, 0xff, 0xff,
    0x80, 0x0, 0x0, 0x0, 0x0, 0xbf, 0xff, 0xff,
    0xff, 0xff, 0xff, 0xf5, 0x0, 0x0, 0x0, 0x0,
    0x8, 0xff, 0xff, 0xff, 0xff, 0xff, 0xff, 0x30,
    0x0, 0x0, 0x0, 0x0, 0x6f, 0xff, 0xff, 0xff,
    0xff, 0xff, 0xf0, 0x0, 0x0, 0x0, 0x0, 0x3,
    0xff, 0xff, 0xff, 0xff, 0xff, 0xfe, 0x0, 0x0,
    0x0,

    /* U+0057 "W" */
    0x3f, 0xff, 0xff, 0xff, 0x90, 0x0, 0x8f, 0xff,
    0xff, 0xff, 0xff, 0xf5, 0x0, 0xc, 0xff, 0xff,
    0xff, 0xf1, 0x3f, 0xff, 0xff, 0xff, 0xa0, 0x0,
    0x9f, 0xff, 0xff, 0xff, 0xff, 0xf6, 0x0, 0xd,
    0xff, 0xff, 0xff, 0xf1, 0x3f, 0xff, 0xff, 0xff,
    0xc0, 0x0, 0xbf, 0xff, 0xff, 0xff, 0xff, 0xf7,
    0x0, 0xe, 0xff, 0xff, 0xff, 0xf1, 0x3f, 0xff,
    0xff, 0xff, 0xd0, 0x0, 0xcf, 0xff, 0xff, 0xff,
    0xff, 0xf9, 0x0, 0xf, 0xff, 0xff, 0xff, 0xf1,
    0x3f, 0xff, 0xff, 0xff, 0xe0, 0x0, 0xdf, 0xff,
    0xff, 0xff, 0xff, 0xfa, 0x0, 0xf, 0xff, 0xff,
    0xff, 0xf1, 0x3f, 0xff, 0xff, 0xff, 0xf0, 0x0,
    0xef, 0xff, 0xff, 0xff, 0xff, 0xfb, 0x0, 0x2f,
    0xff, 0xff, 0xff, 0xf1, 0x3f, 0xff, 0xff, 0xff,
    0xf0, 0x0, 0xff, 0xff, 0xff, 0xff, 0xff, 0xfc,
    0x0, 0x3f, 0xff, 0xff, 0xff, 0xf1, 0x2f, 0xff,
    0xff, 0xff, 0xf2, 0x0, 0xff, 0xff, 0xff, 0xff,
    0xff, 0xfd, 0x0, 0x4f, 0xff, 0xff, 0xff, 0xf0,
    0xf, 0xff, 0xff, 0xff, 0xf3, 0x2, 0xff, 0xff,
    0xff, 0xff, 0xff, 0xff, 0x0, 0x5f, 0xff, 0xff,
    0xff, 0xd0, 0xd, 0xff, 0xff, 0xff, 0xf4, 0x3,
    0xff, 0xff, 0xff, 0xff, 0xff, 0xff, 0x0, 0x6f,
    0xff, 0xff, 0xff, 0xb0, 0xb, 0xff, 0xff, 0xff,
    0xf5, 0x4, 0xff, 0xff, 0xff, 0xff, 0xff, 0xff,
    0x10, 0x7f, 0xff, 0xff, 0xff, 0x90, 0x9, 0xff,
    0xff, 0xff, 0xf6, 0x5, 0xff, 0xff, 0xff, 0xff,
    0xff, 0xff, 0x20, 0x9f, 0xff, 0xff, 0xff, 0x70,
    0x7, 0xff, 0xff, 0xff, 0xf7, 0x6, 0xff, 0xff,
    0xff, 0xff, 0xff, 0xff, 0x30, 0xaf, 0xff, 0xff,
    0xff, 0x50, 0x5, 0xff, 0xff, 0xff, 0xf9, 0x7,
    0xff, 0xff, 0xff, 0xff, 0xff, 0xff, 0x50, 0xbf,
    0xff, 0xff, 0xff, 0x20, 0x2, 0xff, 0xff, 0xff,
    0xfa, 0x8, 0xff, 0xff, 0xff, 0xff, 0xff, 0xff,
    0x60, 0xcf, 0xff, 0xff, 0xff, 0x0, 0x0, 0xff,
    0xff, 0xff, 0xfb, 0xa, 0xff, 0xff, 0xfc, 0xdf,
    0xff, 0xff, 0x70, 0xdf, 0xff, 0xff, 0xfe, 0x0,
    0x0, 0xef, 0xff, 0xff, 0xfc, 0xb, 0xff, 0xff,
    0xf9, 0xbf, 0xff, 0xff, 0x80, 0xff, 0xff, 0xff,
    0xfc, 0x0, 0x0, 0xcf, 0xff, 0xff, 0xfd, 0xc,
    0xff, 0xff, 0xf8, 0xaf, 0xff, 0xff, 0x90, 0xff,
    0xff, 0xff, 0xfa, 0x0, 0x0, 0xaf, 0xff, 0xff,
    0xff, 0xd, 0xff, 0xff, 0xf6, 0x9f, 0xff, 0xff,
    0xb1, 0xff, 0xff, 0xff, 0xf7, 0x0, 0x0, 0x7f,
    0xff, 0xff, 0xff, 0xe, 0xff, 0xff, 0xf5, 0x8f,
    0xff, 0xff, 0xc2, 0xff, 0xff, 0xff, 0xf5, 0x0,
    0x0, 0x5f, 0xff, 0xff, 0xff, 0x1f, 0xff, 0xff,
    0xf4, 0x6f, 0xff, 0xff, 0xd3, 0xff, 0xff, 0xff,
    0xf3, 0x0, 0x0, 0x3f, 0xff, 0xff, 0xff, 0x3f,
    0xff, 0xff, 0xf3, 0x5f, 0xff, 0xff, 0xe4, 0xff,
    0xff, 0xff, 0xf1, 0x0, 0x0, 0x1f, 0xff, 0xff,
    0xff, 0x5f, 0xff, 0xff, 0xf2, 0x4f, 0xff, 0xff,
    0xf6, 0xff, 0xff, 0xff, 0xf0, 0x0, 0x0, 0xf,
    0xff, 0xff, 0xff, 0xff, 0xff, 0xff, 0xf1, 0x3f,
    0xff, 0xff, 0xff, 0xff, 0xff, 0xff, 0xc0, 0x0,
    0x0, 0xd, 0xff, 0xff, 0xff, 0xff, 0xff, 0xff,
    0xf0, 0x2f, 0xff, 0xff, 0xff, 0xff, 0xff, 0xff,
    0xa0, 0x0, 0x0, 0xa, 0xff, 0xff, 0xff, 0xff,
    0xff, 0xff, 0xe0, 0x1f, 0xff, 0xff, 0xff, 0xff,
    0xff, 0xff, 0x80, 0x0, 0x0, 0x8, 0xff, 0xff,
    0xff, 0xff, 0xff, 0xff, 0xd0, 0xf, 0xff, 0xff,
    0xff, 0xff, 0xff, 0xff, 0x60, 0x0, 0x0, 0x6,
    0xff, 0xff, 0xff, 0xff, 0xff, 0xff, 0xc0, 0xe,
    0xff, 0xff, 0xff, 0xff, 0xff, 0xff, 0x40, 0x0,
    0x0, 0x4, 0xff, 0xff, 0xff, 0xff, 0xff, 0xff,
    0xb0, 0xd, 0xff, 0xff, 0xff, 0xff, 0xff, 0xff,
    0x10, 0x0, 0x0, 0x2, 0xff, 0xff, 0xff, 0xff,
    0xff, 0xff, 0xa0, 0xc, 0xff, 0xff, 0xff, 0xff,
    0xff, 0xff, 0x0, 0x0, 0x0, 0x0, 0xff, 0xff,
    0xff, 0xff, 0xff, 0xff, 0x90, 0xb, 0xff, 0xff,
    0xff, 0xff, 0xff, 0xfd, 0x0, 0x0, 0x0, 0x0,
    0xdf, 0xff, 0xff, 0xff, 0xff, 0xff, 0x70, 0xa,
    0xff, 0xff, 0xff, 0xff, 0xff, 0xfb, 0x0, 0x0,
    0x0, 0x0, 0xbf, 0xff, 0xff, 0xff, 0xff, 0xff,
    0x60, 0x9, 0xff, 0xff, 0xff, 0xff, 0xff, 0xf9,
    0x0, 0x0, 0x0, 0x0, 0x9f, 0xff, 0xff, 0xff,
    0xff, 0xff, 0x50, 0x7, 0xff, 0xff, 0xff, 0xff,
    0xff, 0xf7, 0x0, 0x0, 0x0, 0x0, 0x7f, 0xff,
    0xff, 0xff, 0xff, 0xff, 0x40, 0x6, 0xff, 0xff,
    0xff, 0xff, 0xff, 0xf4, 0x0, 0x0, 0x0, 0x0,
    0x4f, 0xff, 0xff, 0xff, 0xff, 0xff, 0x30, 0x5,
    0xff, 0xff, 0xff, 0xff, 0xff, 0xf2, 0x0, 0x0,
    0x0, 0x0, 0x2f, 0xff, 0xff, 0xff, 0xff, 0xff,
    0x20, 0x4, 0xff, 0xff, 0xff, 0xff, 0xff, 0xf0,
    0x0, 0x0, 0x0, 0x0, 0xf, 0xff, 0xff, 0xff,
    0xff, 0xff, 0x0, 0x3, 0xff, 0xff, 0xff, 0xff,
    0xff, 0xe0, 0x0, 0x0, 0x0, 0x0, 0xe, 0xff,
    0xff, 0xff, 0xff, 0xff, 0x0, 0x2, 0xff, 0xff,
    0xff, 0xff, 0xff, 0xc0, 0x0, 0x0,

    /* U+0058 "X" */
    0x2f, 0xff, 0xff, 0xff, 0xf2, 0x0, 0x0, 0x8f,
    0xff, 0xff, 0xff, 0xd2, 0xff, 0xff, 0xff, 0xff,
    0x50, 0x0, 0xb, 0xff, 0xff, 0xff, 0xfd, 0x2f,
    0xff, 0xff, 0xff, 0xf8, 0x0, 0x0, 0xdf, 0xff,
    0xff, 0xff, 0xd2, 0xff, 0xff, 0xff, 0xff, 0xb0,
    0x0, 0xf, 0xff, 0xff, 0xff, 0xfd, 0x2f, 0xff,
    0xff, 0xff, 0xfe, 0x0, 0x3, 0xff, 0xff, 0xff,
    0xff, 0xd2, 0xff, 0xff, 0xff, 0xff, 0xf1, 0x0,
    0x6f, 0xff, 0xff, 0xff, 0xfd, 0x2f, 0xff, 0xff,
    0xff, 0xff, 0x30, 0x9, 0xff, 0xff, 0xff, 0xff,
    0xc0, 0xdf, 0xff, 0xff, 0xff, 0xf6, 0x0, 0xcf,
    0xff, 0xff, 0xff, 0xf7, 0x8, 0xff, 0xff, 0xff,
    0xff, 0x90, 0xf, 0xff, 0xff, 0xff, 0xff, 0x20,
    0x3f, 0xff, 0xff, 0xff, 0xfc, 0x2, 0xff, 0xff,
    0xff, 0xff, 0xd0, 0x0, 0xdf, 0xff, 0xff, 0xff,
    0xf0, 0x5f, 0xff, 0xff, 0xff, 0xf8, 0x0, 0x8,
    0xff, 0xff, 0xff, 0xff, 0x27, 0xff, 0xff, 0xff,
    0xff, 0x20, 0x0, 0x3f, 0xff, 0xff, 0xff, 0xf4,
    0xaf, 0xff, 0xff, 0xff, 0xd0, 0x0, 0x0, 0xdf,
    0xff, 0xff, 0xff, 0x9d, 0xff, 0xff, 0xff, 0xf8,
    0x0, 0x0, 0x8, 0xff, 0xff, 0xff, 0xff, 0xff,
    0xff, 0xff, 0xff, 0x30, 0x0, 0x0, 0x3f, 0xff,
    0xff, 0xff, 0xff, 0xff, 0xff, 0xff, 0xd0, 0x0,
    0x0, 0x0, 0xef, 0xff, 0xff, 0xff, 0xff, 0xff,
    0xff, 0xf8, 0x0, 0x0, 0x0, 0x9, 0xff, 0xff,
    0xff, 0xff, 0xff, 0xff, 0xff, 0x30, 0x0, 0x0,
    0x0, 0x3f, 0xff, 0xff, 0xff, 0xff, 0xff, 0xff,
    0xe0, 0x0, 0x0, 0x0, 0x0, 0xff, 0xff, 0xff,
    0xff, 0xff, 0xff, 0xfa, 0x0, 0x0, 0x0, 0x0,
    0x4f, 0xff, 0xff, 0xff, 0xff, 0xff, 0xff, 0xe0,
    0x0, 0x0, 0x0, 0x9, 0xff, 0xff, 0xff, 0xff,
    0xff, 0xff, 0xff, 0x40, 0x0, 0x0, 0x0, 0xef,
    0xff, 0xff, 0xff, 0xff, 0xff, 0xff, 0xf9, 0x0,
    0x0, 0x0, 0x4f, 0xff, 0xff, 0xff, 0xff, 0xff,
    0xff, 0xff, 0xe0, 0x0, 0x0, 0x9, 0xff, 0xff,
    0xff, 0xff, 0xff, 0xff, 0xff, 0xff, 0x40, 0x0,
    0x0, 0xef, 0xff, 0xff, 0xff, 0x7d, 0xff, 0xff,
    0xff, 0xf9, 0x0, 0x0, 0x3f, 0xff, 0xff, 0xff,
    0xf4, 0xaf, 0xff, 0xff, 0xff, 0xe0, 0x0, 0x9,
    0xff, 0xff, 0xff, 0xff, 0x17, 0xff, 0xff, 0xff,
    0xff, 0x30, 0x0, 0xef, 0xff, 0xff, 0xff, 0xe0,
    0x4f, 0xff, 0xff, 0xff, 0xf8, 0x0, 0x3f, 0xff,
    0xff, 0xff, 0xfc, 0x1, 0xff, 0xff, 0xff, 0xff,
    0xe0, 0x8, 0xff, 0xff, 0xff, 0xff, 0x90, 0xe,
    0xff, 0xff, 0xff, 0xff, 0x30, 0xdf, 0xff, 0xff,
    0xff, 0xf6, 0x0, 0xcf, 0xff, 0xff, 0xff, 0xf8,
    0x2f, 0xff, 0xff, 0xff, 0xff, 0x30, 0x9, 0xff,
    0xff, 0xff, 0xff, 0xc2, 0xff, 0xff, 0xff, 0xff,
    0xf0, 0x0, 0x6f, 0xff, 0xff, 0xff, 0xfd, 0x2f,
    0xff, 0xff, 0xff, 0xfd, 0x0, 0x3, 0xff, 0xff,
    0xff, 0xff, 0xd2, 0xff, 0xff, 0xff, 0xff, 0xb0,
    0x0, 0xf, 0xff, 0xff, 0xff, 0xfd, 0x2f, 0xff,
    0xff, 0xff, 0xf8, 0x0, 0x0, 0xdf, 0xff, 0xff,
    0xff, 0xd2, 0xff, 0xff, 0xff, 0xff, 0x50, 0x0,
    0xb, 0xff, 0xff, 0xff, 0xfd, 0x2f, 0xff, 0xff,
    0xff, 0xf2, 0x0, 0x0, 0x8f, 0xff, 0xff, 0xff,
    0xd0,

    /* U+0059 "Y" */
    0x2f, 0xff, 0xff, 0xff, 0xf2, 0x0, 0x0, 0x8f,
    0xff, 0xff, 0xff, 0xd2, 0xff, 0xff, 0xff, 0xff,
    0x50, 0x0, 0xb, 0xff, 0xff, 0xff, 0xfd, 0x2f,
    0xff, 0xff, 0xff, 0xf8, 0x0, 0x0, 0xef, 0xff,
    0xff, 0xff, 0xd2, 0xff, 0xff, 0xff, 0xff, 0xb0,
    0x0, 0x1f, 0xff, 0xff, 0xff, 0xfd, 0x2f, 0xff,
    0xff, 0xff, 0xfe, 0x0, 0x4, 0xff, 0xff, 0xff,
    0xff, 0xd2, 0xff, 0xff, 0xff, 0xff, 0xf1, 0x0,
    0x7f, 0xff, 0xff, 0xff, 0xfd, 0x1f, 0xff, 0xff,
    0xff, 0xff, 0x40, 0xa, 0xff, 0xff, 0xff, 0xff,
    0xc0, 0xcf, 0xff, 0xff, 0xff, 0xf7, 0x0, 0xdf,
    0xff, 0xff, 0xff, 0xf7, 0x6, 0xff, 0xff, 0xff,
    0xff, 0xa0, 0xf, 0xff, 0xff, 0xff, 0xff, 0x10,
    0xf, 0xff, 0xff, 0xff, 0xfd, 0x3, 0xff, 0xff,
    0xff, 0xff, 0xa0, 0x0, 0xaf, 0xff, 0xff, 0xff,
    0xf0, 0x6f, 0xff, 0xff, 0xff, 0xf4, 0x0, 0x3,
    0xff, 0xff, 0xff, 0xff, 0x39, 0xff, 0xff, 0xff,
    0xfe, 0x0, 0x0, 0xd, 0xff, 0xff, 0xff, 0xf6,
    0xcf, 0xff, 0xff, 0xff, 0x80, 0x0, 0x0, 0x7f,
    0xff, 0xff, 0xff, 0xdf, 0xff, 0xff, 0xff, 0xf2,
    0x0, 0x0, 0x1, 0xff, 0xff, 0xff, 0xff, 0xff,
    0xff, 0xff, 0xfb, 0x0, 0x0, 0x0, 0xb, 0xff,
    0xff, 0xff, 0xff, 0xff, 0xff, 0xff, 0x50, 0x0,
    0x0, 0x0, 0x5f, 0xff, 0xff, 0xff, 0xff, 0xff,
    0xff, 0xe0, 0x0, 0x0, 0x0, 0x0, 0xef, 0xff,
    0xff, 0xff, 0xff, 0xff, 0xf9, 0x0, 0x0, 0x0,
    0x0, 0x8, 0xff, 0xff, 0xff, 0xff, 0xff, 0xff,
    0x30, 0x0, 0x0, 0x0, 0x0, 0x2f, 0xff, 0xff,
    0xff, 0xff, 0xff, 0xc0, 0x0, 0x0, 0x0, 0x0,
    0x0, 0xcf, 0xff, 0xff, 0xff, 0xff, 0xf6, 0x0,
    0x0, 0x0, 0x0, 0x0, 0x6, 0xff, 0xff, 0xff,
    0xff, 0xff, 0x10, 0x0, 0x0, 0x0, 0x0, 0x0,
    0xf, 0xff, 0xff, 0xff, 0xff, 0xa0, 0x0, 0x0,
    0x0, 0x0, 0x0, 0x0, 0xaf, 0xff, 0xff, 0xff,
    0xf4, 0x0, 0x0, 0x0, 0x0, 0x0, 0x0, 0x9,
    0xff, 0xff, 0xff, 0xff, 0x30, 0x0, 0x0, 0x0,
    0x0, 0x0, 0x0, 0x9f, 0xff, 0xff, 0xff, 0xf3,
    0x0, 0x0, 0x0, 0x0, 0x0, 0x0, 0x9, 0xff,
    0xff, 0xff, 0xff, 0x30, 0x0, 0x0, 0x0, 0x0,
    0x0, 0x0, 0x9f, 0xff, 0xff, 0xff, 0xf3, 0x0,
    0x0, 0x0, 0x0, 0x0, 0x0, 0x9, 0xff, 0xff,
    0xff, 0xff, 0x30, 0x0, 0x0, 0x0, 0x0, 0x0,
    0x0, 0x9f, 0xff, 0xff, 0xff, 0xf3, 0x0, 0x0,
    0x0, 0x0, 0x0, 0x0, 0x9, 0xff, 0xff, 0xff,
    0xff, 0x30, 0x0, 0x0, 0x0, 0x0, 0x0, 0x0,
    0x9f, 0xff, 0xff, 0xff, 0xf3, 0x0, 0x0, 0x0,
    0x0, 0x0, 0x0, 0x9, 0xff, 0xff, 0xff, 0xff,
    0x30, 0x0, 0x0, 0x0, 0x0, 0x0, 0x0, 0x9f,
    0xff, 0xff, 0xff, 0xf3, 0x0, 0x0, 0x0, 0x0,
    0x0, 0x0, 0x9, 0xff, 0xff, 0xff, 0xff, 0x30,
    0x0, 0x0, 0x0, 0x0, 0x0, 0x0, 0x9f, 0xff,
    0xff, 0xff, 0xf3, 0x0, 0x0, 0x0, 0x0, 0x0,
    0x0, 0x9, 0xff, 0xff, 0xff, 0xff, 0x30, 0x0,
    0x0, 0x0, 0x0, 0x0, 0x0, 0x9f, 0xff, 0xff,
    0xff, 0xf3, 0x0, 0x0, 0x0, 0x0, 0x0, 0x0,
    0x9, 0xff, 0xff, 0xff, 0xff, 0x30, 0x0, 0x0,
    0x0,

    /* U+005A "Z" */
    0x9f, 0xff, 0xff, 0xff, 0xff, 0xff, 0xff, 0xff,
    0xff, 0xff, 0xfd, 0x9f, 0xff, 0xff, 0xff, 0xff,
    0xff, 0xff, 0xff, 0xff, 0xff, 0xfd, 0x9f, 0xff,
    0xff, 0xff, 0xff, 0xff, 0xff, 0xff, 0xff, 0xff,
    0xfd, 0x9f, 0xff, 0xff, 0xff, 0xff, 0xff, 0xff,
    0xff, 0xff, 0xff, 0xfd, 0x9f, 0xff, 0xff, 0xff,
    0xff, 0xff, 0xff, 0xff, 0xff, 0xff, 0xfd, 0x9f,
    0xff, 0xff, 0xff, 0xff, 0xff, 0xff, 0xff, 0xff,
    0xff, 0xfd, 0x9f, 0xff, 0xff, 0xff, 0xff, 0xff,
    0xff, 0xff, 0xff, 0xff, 0xfd, 0x9f, 0xff, 0xff,
    0xff, 0xff, 0xff, 0xff, 0xff, 0xff, 0xff, 0xf9,
    0x12, 0x22, 0x22, 0x22, 0x22, 0x26, 0xff, 0xff,
    0xff, 0xff, 0xf2, 0x0, 0x0, 0x0, 0x0, 0x0,
    0xb, 0xff, 0xff, 0xff, 0xff, 0xa0, 0x0, 0x0,
    0x0, 0x0, 0x0, 0x3f, 0xff, 0xff, 0xff, 0xff,
    0x20, 0x0, 0x0, 0x0, 0x0, 0x0, 0xbf, 0xff,
    0xff, 0xff, 0xfa, 0x0, 0x0, 0x0, 0x0, 0x0,
    0x2, 0xff, 0xff, 0xff, 0xff, 0xf3, 0x0, 0x0,
    0x0, 0x0, 0x0, 0xa, 0xff, 0xff, 0xff, 0xff,
    0xb0, 0x0, 0x0, 0x0, 0x0, 0x0, 0x2f, 0xff,
    0xff, 0xff, 0xff, 0x30, 0x0, 0x0, 0x0, 0x0,
    0x0, 0xaf, 0xff, 0xff, 0xff, 0xfb, 0x0, 0x0,
    0x0, 0x0, 0x0, 0x2, 0xff, 0xff, 0xff, 0xff,
    0xf3, 0x0, 0x0, 0x0, 0x0, 0x0, 0x9, 0xff,
    0xff, 0xff, 0xff, 0xc0, 0x0, 0x0, 0x0, 0x0,
    0x0, 0x1f, 0xff, 0xff, 0xff, 0xff, 0x40, 0x0,
    0x0, 0x0, 0x0, 0x0, 0x9f, 0xff, 0xff, 0xff,
    0xfc, 0x0, 0x0, 0x0, 0x0, 0x0, 0x1, 0xff,
    0xff, 0xff, 0xff, 0xf4, 0x0, 0x0, 0x0, 0x0,
    0x0, 0x8, 0xff, 0xff, 0xff, 0xff, 0xd0, 0x0,
    0x0, 0x0, 0x0, 0x0, 0x1f, 0xff, 0xff, 0xff,
    0xff, 0x50, 0x0, 0x0, 0x0, 0x0, 0x0, 0x8f,
    0xff, 0xff, 0xff, 0xfd, 0x0, 0x0, 0x0, 0x0,
    0x0, 0x1, 0xff, 0xff, 0xff, 0xff, 0xf5, 0x0,
    0x0, 0x0, 0x0, 0x0, 0x7, 0xff, 0xff, 0xff,
    0xff, 0xd0, 0x0, 0x0, 0x0, 0x0, 0x0, 0xe,
    0xff, 0xff, 0xff, 0xff, 0x60, 0x0, 0x0, 0x0,
    0x0, 0x0, 0x7f, 0xff, 0xff, 0xff, 0xfe, 0x0,
    0x0, 0x0, 0x0, 0x0, 0x0, 0xef, 0xff, 0xff,
    0xff, 0xf6, 0x0, 0x0, 0x0, 0x0, 0x0, 0x7,
    0xff, 0xff, 0xff, 0xff, 0xe0, 0x0, 0x0, 0x0,
    0x0, 0x0, 0xe, 0xff, 0xff, 0xff, 0xff, 0x92,
    0x22, 0x22, 0x22, 0x22, 0x22, 0x6f, 0xff, 0xff,
    0xff, 0xff, 0xff, 0xff, 0xff, 0xff, 0xff, 0xfd,
    0x9f, 0xff, 0xff, 0xff, 0xff, 0xff, 0xff, 0xff,
    0xff, 0xff, 0xfd, 0x9f, 0xff, 0xff, 0xff, 0xff,
    0xff, 0xff, 0xff, 0xff, 0xff, 0xfd, 0x9f, 0xff,
    0xff, 0xff, 0xff, 0xff, 0xff, 0xff, 0xff, 0xff,
    0xfd, 0x9f, 0xff, 0xff, 0xff, 0xff, 0xff, 0xff,
    0xff, 0xff, 0xff, 0xfd, 0x9f, 0xff, 0xff, 0xff,
    0xff, 0xff, 0xff, 0xff, 0xff, 0xff, 0xfd, 0x9f,
    0xff, 0xff, 0xff, 0xff, 0xff, 0xff, 0xff, 0xff,
    0xff, 0xfd, 0x9f, 0xff, 0xff, 0xff, 0xff, 0xff,
    0xff, 0xff, 0xff, 0xff, 0xfd
};


/*---------------------
 *  GLYPH DESCRIPTION
 *--------------------*/

static const lv_font_fmt_txt_glyph_dsc_t glyph_dsc[] = {
    {.bitmap_index = 0, .adv_w = 0, .box_w = 0, .box_h = 0, .ofs_x = 0, .ofs_y = 0} /* id = 0 reserved */,
    {.bitmap_index = 0, .adv_w = 132, .box_w = 0, .box_h = 0, .ofs_x = 0, .ofs_y = 0},
    {.bitmap_index = 0, .adv_w = 220, .box_w = 12, .box_h = 7, .ofs_x = 1, .ofs_y = 14},
    {.bitmap_index = 42, .adv_w = 387, .box_w = 22, .box_h = 39, .ofs_x = 1, .ofs_y = 0},
    {.bitmap_index = 471, .adv_w = 387, .box_w = 19, .box_h = 39, .ofs_x = 3, .ofs_y = 0},
    {.bitmap_index = 842, .adv_w = 387, .box_w = 22, .box_h = 39, .ofs_x = 1, .ofs_y = 0},
    {.bitmap_index = 1271, .adv_w = 387, .box_w = 22, .box_h = 39, .ofs_x = 1, .ofs_y = 0},
    {.bitmap_index = 1700, .adv_w = 387, .box_w = 24, .box_h = 39, .ofs_x = 0, .ofs_y = 0},
    {.bitmap_index = 2168, .adv_w = 387, .box_w = 22, .box_h = 39, .ofs_x = 1, .ofs_y = 0},
    {.bitmap_index = 2597, .adv_w = 387, .box_w = 22, .box_h = 39, .ofs_x = 1, .ofs_y = 0},
    {.bitmap_index = 3026, .adv_w = 387, .box_w = 22, .box_h = 39, .ofs_x = 1, .ofs_y = 0},
    {.bitmap_index = 3455, .adv_w = 387, .box_w = 22, .box_h = 39, .ofs_x = 1, .ofs_y = 0},
    {.bitmap_index = 3884, .adv_w = 387, .box_w = 22, .box_h = 39, .ofs_x = 1, .ofs_y = 0},
    {.bitmap_index = 4313, .adv_w = 378, .box_w = 23, .box_h = 39, .ofs_x = 0, .ofs_y = 0},
    {.bitmap_index = 4762, .adv_w = 387, .box_w = 22, .box_h = 39, .ofs_x = 1, .ofs_y = 0},
    {.bitmap_index = 5191, .adv_w = 387, .box_w = 22, .box_h = 39, .ofs_x = 1, .ofs_y = 0},
    {.bitmap_index = 5620, .adv_w = 387, .box_w = 22, .box_h = 39, .ofs_x = 1, .ofs_y = 0},
    {.bitmap_index = 6049, .adv_w = 339, .box_w = 19, .box_h = 39, .ofs_x = 1, .ofs_y = 0},
    {.bitmap_index = 6420, .adv_w = 334, .box_w = 19, .box_h = 39, .ofs_x = 1, .ofs_y = 0},
    {.bitmap_index = 6791, .adv_w = 387, .box_w = 22, .box_h = 39, .ofs_x = 1, .ofs_y = 0},
    {.bitmap_index = 7220, .adv_w = 387, .box_w = 22, .box_h = 39, .ofs_x = 1, .ofs_y = 0},
    {.bitmap_index = 7649, .adv_w = 238, .box_w = 13, .box_h = 39, .ofs_x = 1, .ofs_y = 0},
    {.bitmap_index = 7903, .adv_w = 254, .box_w = 15, .box_h = 39, .ofs_x = 0, .ofs_y = 0},
    {.bitmap_index = 8196, .adv_w = 387, .box_w = 23, .box_h = 39, .ofs_x = 1, .ofs_y = 0},
    {.bitmap_index = 8645, .adv_w = 317, .box_w = 19, .box_h = 39, .ofs_x = 1, .ofs_y = 0},
    {.bitmap_index = 9016, .adv_w = 510, .box_w = 30, .box_h = 39, .ofs_x = 1, .ofs_y = 0},
    {.bitmap_index = 9601, .adv_w = 387, .box_w = 22, .box_h = 39, .ofs_x = 1, .ofs_y = 0},
    {.bitmap_index = 10030, .adv_w = 387, .box_w = 22, .box_h = 39, .ofs_x = 1, .ofs_y = 0},
    {.bitmap_index = 10459, .adv_w = 378, .box_w = 22, .box_h = 39, .ofs_x = 1, .ofs_y = 0},
    {.bitmap_index = 10888, .adv_w = 387, .box_w = 22, .box_h = 46, .ofs_x = 1, .ofs_y = -7},
    {.bitmap_index = 11394, .adv_w = 385, .box_w = 23, .box_h = 39, .ofs_x = 1, .ofs_y = 0},
    {.bitmap_index = 11843, .adv_w = 378, .box_w = 22, .box_h = 39, .ofs_x = 1, .ofs_y = 0},
    {.bitmap_index = 12272, .adv_w = 352, .box_w = 22, .box_h = 39, .ofs_x = 0, .ofs_y = 0},
    {.bitmap_index = 12701, .adv_w = 378, .box_w = 22, .box_h = 39, .ofs_x = 1, .ofs_y = 0},
    {.bitmap_index = 13130, .adv_w = 378, .box_w = 23, .box_h = 39, .ofs_x = 0, .ofs_y = 0},
    {.bitmap_index = 13579, .adv_w = 574, .box_w = 36, .box_h = 39, .ofs_x = 0, .ofs_y = 0},
    {.bitmap_index = 14281, .adv_w = 378, .box_w = 23, .box_h = 39, .ofs_x = 0, .ofs_y = 0},
    {.bitmap_index = 14730, .adv_w = 378, .box_w = 23, .box_h = 39, .ofs_x = 0, .ofs_y = 0},
    {.bitmap_index = 15179, .adv_w = 387, .box_w = 22, .box_h = 39, .ofs_x = 1, .ofs_y = 0}
};

/*---------------------
 *  CHARACTER MAPPING
 *--------------------*/

static const uint16_t unicode_list_0[] = {
    0x0, 0xd
};

/*Collect the unicode lists and glyph_id offsets*/
static const lv_font_fmt_txt_cmap_t cmaps[] =
{
    {
        .range_start = 32, .range_length = 14, .glyph_id_start = 1,
        .unicode_list = unicode_list_0, .glyph_id_ofs_list = NULL, .list_length = 2, .type = LV_FONT_FMT_TXT_CMAP_SPARSE_TINY
    },
    {
        .range_start = 48, .range_length = 10, .glyph_id_start = 3,
        .unicode_list = NULL, .glyph_id_ofs_list = NULL, .list_length = 0, .type = LV_FONT_FMT_TXT_CMAP_FORMAT0_TINY
    },
    {
        .range_start = 65, .range_length = 26, .glyph_id_start = 13,
        .unicode_list = NULL, .glyph_id_ofs_list = NULL, .list_length = 0, .type = LV_FONT_FMT_TXT_CMAP_FORMAT0_TINY
    }
};

/*-----------------
 *    KERNING
 *----------------*/


/*Pair left and right glyphs for kerning*/
static const uint8_t kern_pair_glyph_ids[] =
{
    2, 22,
    2, 32,
    2, 34,
    2, 36,
    2, 37,
    13, 32,
    13, 34,
    13, 35,
    13, 37,
    15, 22,
    18, 13,
    18, 22,
    22, 22,
    23, 2,
    24, 2,
    24, 32,
    24, 34,
    24, 35,
    24, 36,
    24, 37,
    28, 13,
    28, 22,
    28, 38,
    30, 22,
    32, 2,
    32, 13,
    32, 22,
    32, 32,
    34, 2,
    34, 13,
    34, 22,
    35, 13,
    35, 22,
    36, 2,
    37, 2,
    37, 13,
    37, 22
};

/* Kerning between the respective left and right glyphs
 * 4.4 format which needs to scaled with `kern_scale`*/
static const int8_t kern_pair_values[] =
{
    -44, -26, -26, -26, -44, -35, -26, -26,
    -35, -9, -26, -62, -9, -18, -44, -70,
    -35, -26, 9, -70, -18, -44, -9, 9,
    -26, -35, -53, 18, -26, -26, -35, -26,
    -35, -26, -44, -35, -62
};

/*Collect the kern pair's data in one place*/
static const lv_font_fmt_txt_kern_pair_t kern_pairs =
{
    .glyph_ids = kern_pair_glyph_ids,
    .values = kern_pair_values,
    .pair_cnt = 37,
    .glyph_ids_size = 0
};

/*--------------------
 *  ALL CUSTOM DATA
 *--------------------*/

#if LVGL_VERSION_MAJOR == 8
/*Store all the custom data of the font*/
static  lv_font_fmt_txt_glyph_cache_t cache;
#endif

#if LVGL_VERSION_MAJOR >= 8
static const lv_font_fmt_txt_dsc_t font_dsc = {
#else
static lv_font_fmt_txt_dsc_t font_dsc = {
#endif
    .glyph_bitmap = glyph_bitmap,
    .glyph_dsc = glyph_dsc,
    .cmaps = cmaps,
    .kern_dsc = &kern_pairs,
    .kern_scale = 16,
    .cmap_num = 3,
    .bpp = 4,
    .kern_classes = 0,
    .bitmap_format = 0,
#if LVGL_VERSION_MAJOR == 8
    .cache = &cache
#endif
};



/*-----------------
 *  PUBLIC FONT
 *----------------*/

/*Initialize a public general font descriptor*/
#if LVGL_VERSION_MAJOR >= 8
const lv_font_t countach_bold_55 = {
#else
lv_font_t countach_bold_55 = {
#endif
    .get_glyph_dsc = lv_font_get_glyph_dsc_fmt_txt,    /*Function pointer to get glyph's data*/
    .get_glyph_bitmap = lv_font_get_bitmap_fmt_txt,    /*Function pointer to get glyph's bitmap*/
    .line_height = 46,          /*The maximum line height required by the font*/
    .base_line = 7,             /*Baseline measured from the bottom of the line*/
#if !(LVGL_VERSION_MAJOR == 6 && LVGL_VERSION_MINOR == 0)
    .subpx = LV_FONT_SUBPX_NONE,
#endif
#if LV_VERSION_CHECK(7, 4, 0) || LVGL_VERSION_MAJOR >= 8
    .underline_position = -1,
    .underline_thickness = 6,
#endif
    .dsc = &font_dsc,          /*The custom font data. Will be accessed by `get_glyph_bitmap/dsc` */
#if LV_VERSION_CHECK(8, 2, 0) || LVGL_VERSION_MAJOR >= 9
    .fallback = NULL,
#endif
    .user_data = NULL,
};



#endif /*#if COUNTACH_BOLD_55*/
