# capture_start=2026-07-14T23:43:57+0800
# port=/dev/cu.usbmodem112401 baud=115200 dur_req_ms=30000
# track=/Users/spectrasynq/Downloads/MartinGarrix-Animals.mp3
# track_sha256=174025b5ff4d326675cfb3b31b820e8448242d1b51d1a3b00e236e66373cc61a
# serial_identity={"description": "USB JTAG/serial debug unit", "device": "/dev/cu.usbmodem112401", "hwid": "USB VID:PID=303A:1001 SER=B4:3A:45:A5:89:B4 LOCATION=1-1.2.4", "location": "1-1.2.4", "manufacturer": "Espressif", "pid": 4097, "product": "USB JTAG/serial debug unit", "serial_number": "B4:3A:45:A5:89:B4", "vid": 12346}
BOOT_LOOP_GUARD: stable_clear=1
sbr{{
BUILD: version=40103 git=52a21db epoch=1784043799 env=k1_bench_ap_frontend_probe
}}
sbr{{
B489A500
}}
sbr{{
CONFIG.LIGHTSHOW_MODE: 16
}}
sbr{{
MODE: 16
}}
sbr{{
NOV_CAPTURE: active=off count=0 capacity=6144 dropped=0 start_ms=0 end_ms=0
}}
sbr{{
AP_FRONTEND_DEBUG: off
}}
sbr{{
TEMPO_STREAM: off
}}
sbr{{
AP_STREAM: off
}}
sbr{{
NOV_CAPTURE: armed 30000 ms capacity=6144
}}
NOV_CAPTURE_BEGIN,count=1333,capacity=6144,dropped=0,start_ms=21847,end_ms=51847
NOV,t=21861,emit=920,nov=0.03493,nov_scaled=0.55859,scale=16.00781,sil=1,acf=1,src=buf
NOV,t=21882,emit=921,nov=0.04941,nov_scaled=0.79297,scale=16.05078,sil=1,acf=1,src=buf
NOV,t=21906,emit=922,nov=0.03906,nov_scaled=0.62891,scale=16.05078,sil=1,acf=1,src=buf
NOV,t=21928,emit=923,nov=0.05579,nov_scaled=0.89453,scale=16.05078,sil=1,acf=1,src=buf
NOV,t=21950,emit=924,nov=0.05727,nov_scaled=0.92187,scale=16.09375,sil=1,acf=1,src=buf
NOV,t=21973,emit=925,nov=0.04260,nov_scaled=0.68750,scale=16.09375,sil=1,acf=1,src=buf
NOV,t=21995,emit=926,nov=0.07544,nov_scaled=1.21484,scale=16.09375,sil=1,acf=1,src=buf
NOV,t=22018,emit=927,nov=0.09889,nov_scaled=1.59766,scale=16.14063,sil=1,acf=1,src=buf
NOV,t=22040,emit=928,nov=0.07584,nov_scaled=1.22266,scale=16.14063,sil=1,acf=1,src=buf
NOV,t=22064,emit=929,nov=0.03244,nov_scaled=0.52344,scale=16.14063,sil=1,acf=1,src=buf
NOV,t=22085,emit=930,nov=0.10349,nov_scaled=1.67578,scale=16.18359,sil=1,acf=1,src=buf
NOV,t=22107,emit=931,nov=0.12813,nov_scaled=2.07422,scale=16.18359,sil=1,acf=1,src=buf
NOV,t=22131,emit=932,nov=0.10993,nov_scaled=1.77734,scale=16.18359,sil=1,acf=1,src=buf
NOV,t=22153,emit=933,nov=0.05397,nov_scaled=0.86328,scale=16.02344,sil=1,acf=1,src=buf
NOV,t=22176,emit=934,nov=0.02922,nov_scaled=0.46875,scale=16.02344,sil=1,acf=1,src=buf
NOV,t=22198,emit=935,nov=0.09812,nov_scaled=1.57031,scale=16.02344,sil=1,acf=1,src=buf
NOV,t=22221,emit=936,nov=0.08760,nov_scaled=1.39453,scale=15.92187,sil=1,acf=1,src=buf
NOV,t=22242,emit=937,nov=0.05606,nov_scaled=0.89062,scale=15.92187,sil=1,acf=1,src=buf
NOV,t=22265,emit=938,nov=0.03024,nov_scaled=0.48047,scale=15.92187,sil=1,acf=1,src=buf
NOV,t=22287,emit=939,nov=0.01105,nov_scaled=0.17578,scale=15.86719,sil=1,acf=1,src=buf
NOV,t=22310,emit=940,nov=0.02560,nov_scaled=0.40625,scale=15.86719,sil=1,acf=1,src=buf
NOV,t=22332,emit=941,nov=0.03172,nov_scaled=0.50391,scale=15.86719,sil=1,acf=1,src=buf
NOV,t=22355,emit=942,nov=0.05226,nov_scaled=0.82812,scale=15.83984,sil=1,acf=1,src=buf
NOV,t=22377,emit=943,nov=0.05565,nov_scaled=0.88281,scale=15.83984,sil=1,acf=1,src=buf
NOV,t=22400,emit=944,nov=0.05048,nov_scaled=0.80078,scale=15.83984,sil=1,acf=1,src=buf
NOV,t=22423,emit=945,nov=0.07492,nov_scaled=1.18750,scale=15.83594,sil=1,acf=1,src=buf
NOV,t=22445,emit=946,nov=0.08847,nov_scaled=1.40234,scale=15.83594,sil=1,acf=1,src=buf
NOV,t=22468,emit=947,nov=0.06954,nov_scaled=1.10156,scale=15.83594,sil=1,acf=1,src=buf
NOV,t=22490,emit=948,nov=0.07523,nov_scaled=1.19141,scale=15.84766,sil=1,acf=1,src=buf
NOV,t=22513,emit=949,nov=0.10648,nov_scaled=1.68750,scale=15.84766,sil=1,acf=1,src=buf
NOV,t=22535,emit=950,nov=0.07947,nov_scaled=1.25781,scale=15.84766,sil=1,acf=1,src=buf
NOV,t=22557,emit=951,nov=0.07031,nov_scaled=1.11719,scale=15.87109,sil=1,acf=1,src=buf
NOV,t=22580,emit=952,nov=0.04021,nov_scaled=0.63672,scale=15.87109,sil=1,acf=1,src=buf
NOV,t=22604,emit=953,nov=0.09773,nov_scaled=1.55078,scale=15.87109,sil=1,acf=1,src=buf
NOV,t=22625,emit=954,nov=0.10611,nov_scaled=1.68750,scale=15.90234,sil=1,acf=1,src=buf
NOV,t=22648,emit=955,nov=0.06101,nov_scaled=0.96875,scale=15.90234,sil=1,acf=1,src=buf
NOV,t=22671,emit=956,nov=0.03404,nov_scaled=0.54297,scale=15.90234,sil=1,acf=1,src=buf
NOV,t=22693,emit=957,nov=0.01953,nov_scaled=0.31250,scale=15.93750,sil=1,acf=1,src=buf
NOV,t=22716,emit=958,nov=0.01953,nov_scaled=0.31250,scale=15.93750,sil=1,acf=1,src=buf
NOV,t=22738,emit=959,nov=0.08043,nov_scaled=1.28125,scale=15.93750,sil=1,acf=1,src=buf
NOV,t=22761,emit=960,nov=0.05832,nov_scaled=0.93359,scale=15.97656,sil=1,acf=1,src=buf
NOV,t=22782,emit=961,nov=0.05167,nov_scaled=0.82422,scale=15.97656,sil=1,acf=1,src=buf
NOV,t=22805,emit=962,nov=0.04752,nov_scaled=0.75781,scale=15.97656,sil=1,acf=1,src=buf
NOV,t=22827,emit=963,nov=0.05182,nov_scaled=0.83203,scale=16.01953,sil=1,acf=1,src=buf
NOV,t=22850,emit=964,nov=0.06854,nov_scaled=1.09766,scale=16.01953,sil=1,acf=1,src=buf
NOV,t=22872,emit=965,nov=0.08664,nov_scaled=1.38672,scale=16.01953,sil=1,acf=1,src=buf
NOV,t=22895,emit=966,nov=0.08611,nov_scaled=1.38281,scale=16.06250,sil=1,acf=1,src=buf
NOV,t=22917,emit=967,nov=0.05078,nov_scaled=0.81641,scale=16.06250,sil=1,acf=1,src=buf
NOV,t=22940,emit=968,nov=0.06038,nov_scaled=0.96875,scale=16.06250,sil=1,acf=1,src=buf
NOV,t=22963,emit=969,nov=0.08414,nov_scaled=1.35547,scale=16.10938,sil=1,acf=1,src=buf
NOV,t=22985,emit=970,nov=0.07063,nov_scaled=1.13672,scale=16.10938,sil=1,acf=1,src=buf
NOV,t=23008,emit=971,nov=0.05510,nov_scaled=0.88672,scale=16.10938,sil=1,acf=1,src=buf
NOV,t=23030,emit=972,nov=0.01872,nov_scaled=0.30078,scale=16.15625,sil=1,acf=1,src=buf
NOV,t=23053,emit=973,nov=0.03099,nov_scaled=0.50000,scale=16.15625,sil=1,acf=1,src=buf
NOV,t=23075,emit=974,nov=0.03964,nov_scaled=0.64062,scale=16.15625,sil=1,acf=1,src=buf
NOV,t=23098,emit=975,nov=0.02438,nov_scaled=0.39453,scale=16.20313,sil=1,acf=1,src=buf
NOV,t=23120,emit=976,nov=0.04987,nov_scaled=0.80859,scale=16.20313,sil=1,acf=1,src=buf
NOV,t=23143,emit=977,nov=0.03886,nov_scaled=0.62891,scale=16.20313,sil=1,acf=1,src=buf
NOV,t=23165,emit=978,nov=0.04170,nov_scaled=0.67578,scale=16.25000,sil=1,acf=1,src=buf
NOV,t=23188,emit=979,nov=0.05820,nov_scaled=0.94531,scale=16.25000,sil=1,acf=1,src=buf
NOV,t=23210,emit=980,nov=0.04926,nov_scaled=0.80078,scale=16.25000,sil=1,acf=1,src=buf
NOV,t=23233,emit=981,nov=0.05687,nov_scaled=0.92578,scale=16.29688,sil=1,acf=1,src=buf
NOV,t=23256,emit=982,nov=0.06076,nov_scaled=0.99219,scale=16.29688,sil=1,acf=1,src=buf
NOV,t=23277,emit=983,nov=0.04471,nov_scaled=0.73047,scale=16.29688,sil=1,acf=1,src=buf
NOV,t=23300,emit=984,nov=0.03580,nov_scaled=0.58594,scale=16.34766,sil=1,acf=1,src=buf
NOV,t=23322,emit=985,nov=0.05898,nov_scaled=0.96484,scale=16.34766,sil=1,acf=1,src=buf
NOV,t=23345,emit=986,nov=0.05002,nov_scaled=0.81641,scale=16.34766,sil=1,acf=1,src=buf
NOV,t=23367,emit=987,nov=0.05092,nov_scaled=0.83594,scale=16.39453,sil=1,acf=1,src=buf
NOV,t=23390,emit=988,nov=0.06394,nov_scaled=1.04688,scale=16.39453,sil=1,acf=1,src=buf
NOV,t=23412,emit=989,nov=0.04799,nov_scaled=0.78516,scale=16.39453,sil=1,acf=1,src=buf
NOV,t=23436,emit=990,nov=0.04115,nov_scaled=0.67578,scale=16.44531,sil=1,acf=1,src=buf
NOV,t=23457,emit=991,nov=0.04242,nov_scaled=0.69922,scale=16.44531,sil=1,acf=1,src=buf
NOV,t=23480,emit=992,nov=0.05646,nov_scaled=0.92969,scale=16.44531,sil=1,acf=1,src=buf
NOV,t=23504,emit=993,nov=0.06297,nov_scaled=1.03906,scale=16.49219,sil=1,acf=1,src=buf
NOV,t=23525,emit=994,nov=0.05226,nov_scaled=0.86328,scale=16.49219,sil=1,acf=1,src=buf
NOV,t=23548,emit=995,nov=0.05780,nov_scaled=0.95312,scale=16.49219,sil=1,acf=1,src=buf
NOV,t=23570,emit=996,nov=0.06708,nov_scaled=1.10938,scale=16.54297,sil=1,acf=1,src=buf
NOV,t=23594,emit=997,nov=0.05284,nov_scaled=0.87500,scale=16.54297,sil=1,acf=1,src=buf
NOV,t=23615,emit=998,nov=0.08716,nov_scaled=1.44141,scale=16.54297,sil=1,acf=1,src=buf
NOV,t=23638,emit=999,nov=0.07234,nov_scaled=1.19922,scale=16.59375,sil=1,acf=1,src=buf
NOV,t=23660,emit=1000,nov=0.05240,nov_scaled=0.87109,scale=16.59375,sil=1,acf=1,src=buf
NOV,t=23682,emit=1001,nov=0.03906,nov_scaled=0.64844,scale=16.59375,sil=1,acf=1,src=buf
NOV,t=23706,emit=1002,nov=0.04242,nov_scaled=0.70703,scale=16.64063,sil=1,acf=1,src=buf
NOV,t=23727,emit=1003,nov=0.13101,nov_scaled=2.17969,scale=16.64063,sil=1,acf=1,src=buf
NOV,t=23751,emit=1004,nov=0.16475,nov_scaled=2.74219,scale=16.64063,sil=1,acf=1,src=buf
NOV,t=23772,emit=1005,nov=0.10944,nov_scaled=1.67578,scale=15.29687,sil=1,acf=1,src=buf
NOV,t=23795,emit=1006,nov=0.07654,nov_scaled=1.17188,scale=15.29687,sil=1,acf=1,src=buf
NOV,t=23817,emit=1007,nov=0.08522,nov_scaled=1.30469,scale=15.29687,sil=1,acf=1,src=buf
NOV,t=23840,emit=1008,nov=0.04572,nov_scaled=0.65625,scale=14.36328,sil=1,acf=1,src=buf
NOV,t=23862,emit=1009,nov=0.02376,nov_scaled=0.33984,scale=14.36328,sil=1,acf=1,src=buf
NOV,t=23885,emit=1010,nov=0.03580,nov_scaled=0.51562,scale=14.36328,sil=1,acf=1,src=buf
NOV,t=23907,emit=1011,nov=0.02243,nov_scaled=0.30859,scale=13.72266,sil=1,acf=1,src=buf
NOV,t=23930,emit=1012,nov=0.04021,nov_scaled=0.55078,scale=13.72266,sil=1,acf=1,src=buf
NOV,t=23953,emit=1013,nov=0.07985,nov_scaled=1.09375,scale=13.72266,sil=1,acf=1,src=buf
NOV,t=23975,emit=1014,nov=0.08222,nov_scaled=1.09375,scale=13.28516,sil=1,acf=1,src=buf
NOV,t=23997,emit=1015,nov=0.07802,nov_scaled=1.03516,scale=13.28516,sil=1,acf=1,src=buf
NOV,t=24020,emit=1016,nov=0.08081,nov_scaled=1.07422,scale=13.28516,sil=1,acf=1,src=buf
NOV,t=24043,emit=1017,nov=0.05284,nov_scaled=0.68750,scale=12.98828,sil=1,acf=1,src=buf
NOV,t=24065,emit=1018,nov=0.05255,nov_scaled=0.68359,scale=12.98828,sil=1,acf=1,src=buf
NOV,t=24087,emit=1019,nov=0.04605,nov_scaled=0.59766,scale=12.98828,sil=1,acf=1,src=buf
NOV,t=24111,emit=1020,nov=0.06998,nov_scaled=0.89453,scale=12.79297,sil=1,acf=1,src=buf
NOV,t=24133,emit=1021,nov=0.08450,nov_scaled=1.08203,scale=12.79297,sil=1,acf=1,src=buf
NOV,t=24155,emit=1022,nov=0.14110,nov_scaled=1.80469,scale=12.79297,sil=1,acf=1,src=buf
NOV,t=24178,emit=1023,nov=0.13672,nov_scaled=1.73047,scale=12.66797,sil=1,acf=1,src=buf
NOV,t=24201,emit=1024,nov=0.09407,nov_scaled=1.19141,scale=12.66797,sil=1,acf=1,src=buf
NOV,t=24222,emit=1025,nov=0.06418,nov_scaled=0.81250,scale=12.66797,sil=1,acf=1,src=buf
NOV,t=24246,emit=1026,nov=0.07604,nov_scaled=0.95703,scale=12.58984,sil=1,acf=1,src=buf
NOV,t=24267,emit=1027,nov=0.06050,nov_scaled=0.76172,scale=12.58984,sil=1,acf=1,src=buf
NOV,t=24291,emit=1028,nov=0.03337,nov_scaled=0.42187,scale=12.58984,sil=1,acf=1,src=buf
NOV,t=24312,emit=1029,nov=0.05910,nov_scaled=0.74219,scale=12.54687,sil=1,acf=1,src=buf
NOV,t=24335,emit=1030,nov=0.06629,nov_scaled=0.83203,scale=12.54687,sil=1,acf=1,src=buf
NOV,t=24357,emit=1031,nov=0.06500,nov_scaled=0.81641,scale=12.54687,sil=1,acf=1,src=buf
NOV,t=24380,emit=1032,nov=0.05524,nov_scaled=0.69141,scale=12.52734,sil=1,acf=1,src=buf
NOV,t=24403,emit=1033,nov=0.04170,nov_scaled=0.52344,scale=12.52734,sil=1,acf=1,src=buf
NOV,t=24425,emit=1034,nov=0.05298,nov_scaled=0.66406,scale=12.52734,sil=1,acf=1,src=buf
NOV,t=24449,emit=1035,nov=0.07704,nov_scaled=0.96484,scale=12.52734,sil=1,acf=1,src=buf
NOV,t=24470,emit=1036,nov=0.08341,nov_scaled=1.04297,scale=12.52734,sil=1,acf=1,src=buf
NOV,t=24493,emit=1037,nov=0.04488,nov_scaled=0.56250,scale=12.52734,sil=1,acf=1,src=buf
NOV,t=24515,emit=1038,nov=0.03886,nov_scaled=0.48828,scale=12.53516,sil=1,acf=1,src=buf
NOV,t=24538,emit=1039,nov=0.06224,nov_scaled=0.78125,scale=12.53516,sil=1,acf=1,src=buf
NOV,t=24560,emit=1040,nov=0.06651,nov_scaled=0.83203,scale=12.53516,sil=1,acf=1,src=buf
NOV,t=24583,emit=1041,nov=0.07665,nov_scaled=0.96094,scale=12.55469,sil=1,acf=1,src=buf
NOV,t=24606,emit=1042,nov=0.06076,nov_scaled=0.76172,scale=12.55469,sil=1,acf=1,src=buf
NOV,t=24627,emit=1043,nov=0.05327,nov_scaled=0.66797,scale=12.55469,sil=0,acf=1,src=buf
NOV,t=24651,emit=1044,nov=0.05551,nov_scaled=0.69922,scale=12.57812,sil=1,acf=1,src=buf
NOV,t=24673,emit=1045,nov=0.08942,nov_scaled=1.12500,scale=12.57812,sil=0,acf=1,src=buf
NOV,t=24695,emit=1046,nov=0.09169,nov_scaled=1.15234,scale=12.57812,sil=0,acf=1,src=buf
NOV,t=24717,emit=1047,nov=0.04021,nov_scaled=0.50781,scale=12.60547,sil=1,acf=1,src=buf
NOV,t=24740,emit=1048,nov=0.04002,nov_scaled=0.50391,scale=12.60547,sil=0,acf=1,src=buf
NOV,t=24763,emit=1049,nov=0.07106,nov_scaled=0.89453,scale=12.60547,sil=0,acf=1,src=buf
NOV,t=24785,emit=1050,nov=0.07724,nov_scaled=0.97656,scale=12.63672,sil=0,acf=1,src=buf
NOV,t=24808,emit=1051,nov=0.05727,nov_scaled=0.72266,scale=12.63672,sil=0,acf=1,src=buf
NOV,t=24830,emit=1052,nov=0.03075,nov_scaled=0.38672,scale=12.63672,sil=0,acf=1,src=buf
NOV,t=24853,emit=1053,nov=0.03807,nov_scaled=0.48437,scale=12.67187,sil=0,acf=1,src=buf
NOV,t=24875,emit=1054,nov=0.02870,nov_scaled=0.36328,scale=12.67187,sil=0,acf=1,src=buf
NOV,t=24898,emit=1055,nov=0.02762,nov_scaled=0.35156,scale=12.67187,sil=0,acf=1,src=buf
NOV,t=24921,emit=1056,nov=0.04367,nov_scaled=0.55469,scale=12.70703,sil=0,acf=1,src=buf
NOV,t=24943,emit=1057,nov=0.05701,nov_scaled=0.72266,scale=12.70703,sil=0,acf=1,src=buf
NOV,t=24966,emit=1058,nov=0.07127,nov_scaled=0.90625,scale=12.70703,sil=0,acf=1,src=buf
NOV,t=24988,emit=1059,nov=0.06358,nov_scaled=0.80859,scale=12.74219,sil=0,acf=1,src=buf
NOV,t=25011,emit=1060,nov=0.07462,nov_scaled=0.94922,scale=12.74219,sil=0,acf=1,src=buf
NOV,t=25033,emit=1061,nov=0.08052,nov_scaled=1.02734,scale=12.74219,sil=0,acf=1,src=buf
NOV,t=25055,emit=1062,nov=0.07019,nov_scaled=0.89844,scale=12.77734,sil=0,acf=1,src=buf
NOV,t=25077,emit=1063,nov=0.04956,nov_scaled=0.63281,scale=12.77734,sil=0,acf=1,src=buf
NOV,t=25100,emit=1064,nov=0.05646,nov_scaled=0.72266,scale=12.77734,sil=0,acf=1,src=buf
NOV,t=25122,emit=1065,nov=0.06899,nov_scaled=0.88281,scale=12.81641,sil=0,acf=1,src=buf
NOV,t=25146,emit=1066,nov=0.06899,nov_scaled=0.88281,scale=12.81641,sil=0,acf=1,src=buf
NOV,t=25167,emit=1067,nov=0.05107,nov_scaled=0.65625,scale=12.81641,sil=1,acf=1,src=buf
NOV,t=25190,emit=1068,nov=0.04419,nov_scaled=0.56641,scale=12.85547,sil=1,acf=1,src=buf
NOV,t=25213,emit=1069,nov=0.06114,nov_scaled=0.78516,scale=12.85547,sil=1,acf=1,src=buf
NOV,t=25235,emit=1070,nov=0.07359,nov_scaled=0.94531,scale=12.85547,sil=1,acf=1,src=buf
NOV,t=25259,emit=1071,nov=0.06076,nov_scaled=0.78516,scale=12.89062,sil=1,acf=1,src=buf
NOV,t=25280,emit=1072,nov=0.06453,nov_scaled=0.83203,scale=12.89062,sil=1,acf=1,src=buf
NOV,t=25304,emit=1073,nov=0.04115,nov_scaled=0.53125,scale=12.89062,sil=1,acf=1,src=buf
NOV,t=25326,emit=1074,nov=0.04453,nov_scaled=0.57422,scale=12.92969,sil=1,acf=1,src=buf
NOV,t=25348,emit=1075,nov=0.05469,nov_scaled=0.70703,scale=12.92969,sil=1,acf=1,src=buf
NOV,t=25371,emit=1076,nov=0.06163,nov_scaled=0.79687,scale=12.92969,sil=1,acf=1,src=buf
NOV,t=25392,emit=1077,nov=0.04816,nov_scaled=0.62500,scale=12.96875,sil=1,acf=1,src=buf
NOV,t=25416,emit=1078,nov=0.05151,nov_scaled=0.66797,scale=12.96875,sil=1,acf=1,src=buf
NOV,t=25437,emit=1079,nov=0.03827,nov_scaled=0.49609,scale=12.96875,sil=1,acf=1,src=buf
NOV,t=25460,emit=1080,nov=0.07967,nov_scaled=1.03516,scale=13.00781,sil=1,acf=1,src=buf
NOV,t=25482,emit=1081,nov=0.08467,nov_scaled=1.10156,scale=13.00781,sil=1,acf=1,src=buf
NOV,t=25505,emit=1082,nov=0.08450,nov_scaled=1.09766,scale=13.00781,sil=1,acf=1,src=buf
NOV,t=25528,emit=1083,nov=0.07379,nov_scaled=0.96094,scale=13.04687,sil=1,acf=1,src=buf
NOV,t=25550,emit=1084,nov=0.06500,nov_scaled=0.84766,scale=13.04687,sil=1,acf=1,src=buf
NOV,t=25573,emit=1085,nov=0.05078,nov_scaled=0.66406,scale=13.04687,sil=1,acf=1,src=buf
NOV,t=25595,emit=1086,nov=0.04605,nov_scaled=0.60156,scale=13.08594,sil=1,acf=1,src=buf
NOV,t=25619,emit=1087,nov=0.04436,nov_scaled=0.58203,scale=13.08594,sil=1,acf=1,src=buf
NOV,t=25640,emit=1088,nov=0.04401,nov_scaled=0.57422,scale=13.08594,sil=1,acf=1,src=buf
NOV,t=25663,emit=1089,nov=0.06139,nov_scaled=0.80469,scale=13.12500,sil=1,acf=1,src=buf
NOV,t=25686,emit=1090,nov=0.06358,nov_scaled=0.83594,scale=13.12500,sil=1,acf=1,src=buf
NOV,t=25708,emit=1091,nov=0.06126,nov_scaled=0.80469,scale=13.12500,sil=1,acf=1,src=buf
NOV,t=25731,emit=1092,nov=0.05255,nov_scaled=0.69141,scale=13.16406,sil=1,acf=1,src=buf
NOV,t=25752,emit=1093,nov=0.06188,nov_scaled=0.81641,scale=13.16406,sil=1,acf=1,src=buf
NOV,t=25776,emit=1094,nov=0.03291,nov_scaled=0.43359,scale=13.16406,sil=1,acf=1,src=buf
NOV,t=25797,emit=1095,nov=0.03148,nov_scaled=0.41406,scale=13.20312,sil=1,acf=1,src=buf
NOV,t=25820,emit=1096,nov=0.04894,nov_scaled=0.64453,scale=13.20312,sil=1,acf=1,src=buf
NOV,t=25842,emit=1097,nov=0.06358,nov_scaled=0.83984,scale=13.20312,sil=1,acf=1,src=buf
NOV,t=25865,emit=1098,nov=0.06175,nov_scaled=0.81641,scale=13.24609,sil=1,acf=1,src=buf
NOV,t=25889,emit=1099,nov=0.04488,nov_scaled=0.59375,scale=13.24609,sil=1,acf=1,src=buf
NOV,t=25910,emit=1100,nov=0.04453,nov_scaled=0.58984,scale=13.24609,sil=1,acf=1,src=buf
NOV,t=25933,emit=1101,nov=0.05327,nov_scaled=0.70703,scale=13.28516,sil=1,acf=1,src=buf
NOV,t=25955,emit=1102,nov=0.04894,nov_scaled=0.64844,scale=13.28516,sil=1,acf=1,src=buf
NOV,t=25979,emit=1103,nov=0.06064,nov_scaled=0.80469,scale=13.28516,sil=1,acf=1,src=buf
NOV,t=26000,emit=1104,nov=0.06687,nov_scaled=0.89062,scale=13.32422,sil=1,acf=1,src=buf
NOV,t=26023,emit=1105,nov=0.09592,nov_scaled=1.27734,scale=13.32422,sil=1,acf=1,src=buf
NOV,t=26046,emit=1106,nov=0.07149,nov_scaled=0.95312,scale=13.32422,sil=1,acf=1,src=buf
NOV,t=26068,emit=1107,nov=0.05182,nov_scaled=0.69141,scale=13.36328,sil=1,acf=1,src=buf
NOV,t=26091,emit=1108,nov=0.06101,nov_scaled=0.81641,scale=13.36328,sil=1,acf=1,src=buf
NOV,t=26112,emit=1109,nov=0.06548,nov_scaled=0.87500,scale=13.36328,sil=1,acf=1,src=buf
NOV,t=26136,emit=1110,nov=0.07031,nov_scaled=0.94141,scale=13.40234,sil=1,acf=1,src=buf
NOV,t=26157,emit=1111,nov=0.06754,nov_scaled=0.90625,scale=13.40234,sil=1,acf=1,src=buf
NOV,t=26180,emit=1112,nov=0.05924,nov_scaled=0.79297,scale=13.40234,sil=1,acf=1,src=buf
NOV,t=26202,emit=1113,nov=0.07245,nov_scaled=0.97266,scale=13.44531,sil=1,acf=1,src=buf
NOV,t=26225,emit=1114,nov=0.09026,nov_scaled=1.21484,scale=13.44531,sil=1,acf=1,src=buf
NOV,t=26248,emit=1115,nov=0.07822,nov_scaled=1.05078,scale=13.44531,sil=1,acf=1,src=buf
NOV,t=26270,emit=1116,nov=0.17031,nov_scaled=2.20312,scale=12.93359,sil=1,acf=1,src=buf
NOV,t=26293,emit=1117,nov=0.15615,nov_scaled=2.01953,scale=12.93359,sil=1,acf=1,src=buf
NOV,t=26315,emit=1118,nov=0.07181,nov_scaled=0.92969,scale=12.93359,sil=1,acf=1,src=buf
NOV,t=26338,emit=1119,nov=0.04260,nov_scaled=0.53516,scale=12.58594,sil=1,acf=1,src=buf
NOV,t=26360,emit=1120,nov=0.04297,nov_scaled=0.53906,scale=12.58594,sil=1,acf=1,src=buf
NOV,t=26383,emit=1121,nov=0.01991,nov_scaled=0.25000,scale=12.58594,sil=1,acf=1,src=buf
NOV,t=26406,emit=1122,nov=0.01831,nov_scaled=0.22656,scale=12.35547,sil=1,acf=1,src=buf
NOV,t=26428,emit=1123,nov=0.01512,nov_scaled=0.18750,scale=12.35547,sil=1,acf=1,src=buf
NOV,t=26450,emit=1124,nov=0.01610,nov_scaled=0.19922,scale=12.35547,sil=1,acf=1,src=buf
NOV,t=26472,emit=1125,nov=0.00957,nov_scaled=0.11719,scale=12.20312,sil=0,acf=1,src=buf
NOV,t=26495,emit=1126,nov=0.02843,nov_scaled=0.34766,scale=12.20312,sil=0,acf=1,src=buf
NOV,t=26517,emit=1127,nov=0.03906,nov_scaled=0.47656,scale=12.20312,sil=0,acf=1,src=buf
NOV,t=26540,emit=1128,nov=0.03471,nov_scaled=0.42187,scale=12.10937,sil=0,acf=1,src=buf
NOV,t=26564,emit=1129,nov=0.03024,nov_scaled=0.36719,scale=12.10937,sil=0,acf=1,src=buf
NOV,t=26585,emit=1130,nov=0.03267,nov_scaled=0.39453,scale=12.10937,sil=0,acf=1,src=buf
NOV,t=26609,emit=1131,nov=0.05240,nov_scaled=0.63281,scale=12.05078,sil=0,acf=1,src=buf
NOV,t=26630,emit=1132,nov=0.04225,nov_scaled=0.50781,scale=12.05078,sil=0,acf=1,src=buf
NOV,t=26654,emit=1133,nov=0.04115,nov_scaled=0.49609,scale=12.05078,sil=0,acf=1,src=buf
NOV,t=26675,emit=1134,nov=0.04134,nov_scaled=0.49609,scale=12.02344,sil=0,acf=1,src=buf
NOV,t=26698,emit=1135,nov=0.04453,nov_scaled=0.53516,scale=12.02344,sil=0,acf=1,src=buf
NOV,t=26720,emit=1136,nov=0.07503,nov_scaled=0.90234,scale=12.02344,sil=0,acf=1,src=buf
NOV,t=26742,emit=1137,nov=0.18631,nov_scaled=2.16797,scale=11.63672,sil=0,acf=1,src=buf
NOV,t=26766,emit=1138,nov=0.16072,nov_scaled=1.87109,scale=11.63672,sil=0,acf=1,src=buf
NOV,t=26788,emit=1139,nov=0.09560,nov_scaled=1.11328,scale=11.63672,sil=0,acf=1,src=buf
NOV,t=26810,emit=1140,nov=0.03314,nov_scaled=0.37891,scale=11.37500,sil=0,acf=1,src=buf
NOV,t=26832,emit=1141,nov=0.02438,nov_scaled=0.27734,scale=11.37500,sil=0,acf=1,src=buf
NOV,t=26856,emit=1142,nov=0.01991,nov_scaled=0.22656,scale=11.37500,sil=0,acf=1,src=buf
NOV,t=26877,emit=1143,nov=0.02470,nov_scaled=0.27734,scale=11.20312,sil=0,acf=1,src=buf
NOV,t=26901,emit=1144,nov=0.01831,nov_scaled=0.20703,scale=11.20312,sil=0,acf=1,src=buf
NOV,t=26922,emit=1145,nov=0.02591,nov_scaled=0.28906,scale=11.20312,sil=0,acf=1,src=buf
NOV,t=26945,emit=1146,nov=0.02501,nov_scaled=0.27734,scale=11.08984,sil=0,acf=1,src=buf
NOV,t=26969,emit=1147,nov=0.03685,nov_scaled=0.41016,scale=11.08984,sil=0,acf=1,src=buf
NOV,t=26990,emit=1148,nov=0.03807,nov_scaled=0.42187,scale=11.08984,sil=0,acf=1,src=buf
NOV,t=27014,emit=1149,nov=0.03291,nov_scaled=0.36328,scale=11.02344,sil=0,acf=1,src=buf
NOV,t=27035,emit=1150,nov=0.02066,nov_scaled=0.22656,scale=11.02344,sil=0,acf=1,src=buf
NOV,t=27059,emit=1151,nov=0.05924,nov_scaled=0.65234,scale=11.02344,sil=0,acf=1,src=buf
NOV,t=27080,emit=1152,nov=0.03787,nov_scaled=0.41797,scale=10.98437,sil=0,acf=1,src=buf
NOV,t=27104,emit=1153,nov=0.05832,nov_scaled=0.64062,scale=10.98437,sil=0,acf=1,src=buf
NOV,t=27126,emit=1154,nov=0.05240,nov_scaled=0.57422,scale=10.98437,sil=0,acf=1,src=buf
NOV,t=27148,emit=1155,nov=0.05924,nov_scaled=0.64844,scale=10.96875,sil=0,acf=1,src=buf
NOV,t=27170,emit=1156,nov=0.04332,nov_scaled=0.47656,scale=10.96875,sil=0,acf=1,src=buf
NOV,t=27193,emit=1157,nov=0.09398,nov_scaled=1.03125,scale=10.96875,sil=0,acf=1,src=buf
NOV,t=27216,emit=1158,nov=0.19670,nov_scaled=2.10937,scale=10.73047,sil=0,acf=1,src=buf
NOV,t=27237,emit=1159,nov=0.15001,nov_scaled=1.60937,scale=10.73047,sil=0,acf=1,src=buf
NOV,t=27260,emit=1160,nov=0.08629,nov_scaled=0.92578,scale=10.73047,sil=0,acf=1,src=buf
NOV,t=27282,emit=1161,nov=0.04909,nov_scaled=0.51953,scale=10.57031,sil=0,acf=1,src=buf
NOV,t=27305,emit=1162,nov=0.01872,nov_scaled=0.19922,scale=10.57031,sil=0,acf=1,src=buf
NOV,t=27327,emit=1163,nov=0.02531,nov_scaled=0.26562,scale=10.57031,sil=0,acf=1,src=buf
NOV,t=27350,emit=1164,nov=0.04059,nov_scaled=0.42578,scale=10.46875,sil=0,acf=1,src=buf
NOV,t=27374,emit=1165,nov=0.04021,nov_scaled=0.42187,scale=10.46875,sil=0,acf=1,src=buf
NOV,t=27395,emit=1166,nov=0.04367,nov_scaled=0.45703,scale=10.46875,sil=0,acf=1,src=buf
NOV,t=27418,emit=1167,nov=0.04846,nov_scaled=0.50391,scale=10.40625,sil=0,acf=1,src=buf
NOV,t=27440,emit=1168,nov=0.05620,nov_scaled=0.58594,scale=10.40625,sil=0,acf=1,src=buf
NOV,t=27464,emit=1169,nov=0.06606,nov_scaled=0.68750,scale=10.40625,sil=0,acf=1,src=buf
NOV,t=27485,emit=1170,nov=0.06966,nov_scaled=0.72266,scale=10.37109,sil=0,acf=1,src=buf
NOV,t=27508,emit=1171,nov=0.07604,nov_scaled=0.78906,scale=10.37109,sil=0,acf=1,src=buf
NOV,t=27530,emit=1172,nov=0.05496,nov_scaled=0.57031,scale=10.37109,sil=0,acf=1,src=buf
NOV,t=27553,emit=1173,nov=0.05936,nov_scaled=0.61328,scale=10.35547,sil=0,acf=1,src=buf
NOV,t=27575,emit=1174,nov=0.07202,nov_scaled=0.74609,scale=10.35547,sil=0,acf=1,src=buf
NOV,t=27598,emit=1175,nov=0.06465,nov_scaled=0.66797,scale=10.35547,sil=0,acf=1,src=buf
NOV,t=27621,emit=1176,nov=0.05255,nov_scaled=0.54297,scale=10.35547,sil=0,acf=1,src=buf
NOV,t=27642,emit=1177,nov=0.05017,nov_scaled=0.51953,scale=10.35547,sil=0,acf=1,src=buf
NOV,t=27665,emit=1178,nov=0.11705,nov_scaled=1.21094,scale=10.35547,sil=0,acf=1,src=buf
NOV,t=27687,emit=1179,nov=0.16896,nov_scaled=1.75000,scale=10.36328,sil=0,acf=1,src=buf
NOV,t=27710,emit=1180,nov=0.15750,nov_scaled=1.63281,scale=10.36328,sil=0,acf=1,src=buf
NOV,t=27732,emit=1181,nov=0.07584,nov_scaled=0.78516,scale=10.36328,sil=0,acf=1,src=buf
NOV,t=27755,emit=1182,nov=0.01657,nov_scaled=0.17188,scale=10.37891,sil=0,acf=1,src=buf
NOV,t=27779,emit=1183,nov=0.01610,nov_scaled=0.16797,scale=10.37891,sil=0,acf=1,src=buf
NOV,t=27800,emit=1184,nov=0.03000,nov_scaled=0.31250,scale=10.37891,sil=0,acf=1,src=buf
NOV,t=27824,emit=1185,nov=0.03664,nov_scaled=0.38281,scale=10.39844,sil=0,acf=1,src=buf
NOV,t=27845,emit=1186,nov=0.03983,nov_scaled=0.41406,scale=10.39844,sil=0,acf=1,src=buf
NOV,t=27868,emit=1187,nov=0.03000,nov_scaled=0.31250,scale=10.39844,sil=0,acf=1,src=buf
NOV,t=27890,emit=1188,nov=0.02066,nov_scaled=0.21484,scale=10.42187,sil=0,acf=1,src=buf
NOV,t=27913,emit=1189,nov=0.02948,nov_scaled=0.30859,scale=10.42187,sil=0,acf=1,src=buf
NOV,t=27935,emit=1190,nov=0.04134,nov_scaled=0.42969,scale=10.42187,sil=0,acf=1,src=buf
NOV,t=27957,emit=1191,nov=0.03685,nov_scaled=0.38672,scale=10.44922,sil=0,acf=1,src=buf
NOV,t=27981,emit=1192,nov=0.02620,nov_scaled=0.27344,scale=10.44922,sil=0,acf=1,src=buf
NOV,t=28003,emit=1193,nov=0.02243,nov_scaled=0.23437,scale=10.44922,sil=0,acf=1,src=buf
NOV,t=28025,emit=1194,nov=0.05780,nov_scaled=0.60547,scale=10.47656,sil=0,acf=1,src=buf
NOV,t=28047,emit=1195,nov=0.07762,nov_scaled=0.81250,scale=10.47656,sil=0,acf=1,src=buf
NOV,t=28070,emit=1196,nov=0.05949,nov_scaled=0.62500,scale=10.47656,sil=0,acf=1,src=buf
NOV,t=28093,emit=1197,nov=0.04189,nov_scaled=0.44141,scale=10.50391,sil=0,acf=1,src=buf
NOV,t=28115,emit=1198,nov=0.03291,nov_scaled=0.34766,scale=10.50391,sil=0,acf=1,src=buf
NOV,t=28139,emit=1199,nov=0.13677,nov_scaled=1.43750,scale=10.50391,sil=0,acf=1,src=buf
NOV,t=28160,emit=1200,nov=0.17426,nov_scaled=1.83594,scale=10.53516,sil=0,acf=1,src=buf
NOV,t=28183,emit=1201,nov=0.15746,nov_scaled=1.66016,scale=10.53516,sil=0,acf=1,src=buf
NOV,t=28205,emit=1202,nov=0.09503,nov_scaled=1.00000,scale=10.53516,sil=0,acf=1,src=buf
NOV,t=28228,emit=1203,nov=0.03099,nov_scaled=0.32812,scale=10.56641,sil=0,acf=1,src=buf
NOV,t=28251,emit=1204,nov=0.00873,nov_scaled=0.09375,scale=10.56641,sil=0,acf=1,src=buf
NOV,t=28273,emit=1205,nov=0.01872,nov_scaled=0.19922,scale=10.56641,sil=0,acf=1,src=buf
NOV,t=28295,emit=1206,nov=0.02870,nov_scaled=0.30469,scale=10.59766,sil=0,acf=1,src=buf
NOV,t=28317,emit=1207,nov=0.01172,nov_scaled=0.12500,scale=10.59766,sil=0,acf=1,src=buf
NOV,t=28340,emit=1208,nov=0.01033,nov_scaled=0.10938,scale=10.59766,sil=0,acf=1,src=buf
NOV,t=28362,emit=1209,nov=0.03172,nov_scaled=0.33594,scale=10.62891,sil=0,acf=1,src=buf
NOV,t=28385,emit=1210,nov=0.06175,nov_scaled=0.65625,scale=10.62891,sil=0,acf=1,src=buf
NOV,t=28408,emit=1211,nov=0.06236,nov_scaled=0.66406,scale=10.62891,sil=0,acf=1,src=buf
NOV,t=28430,emit=1212,nov=0.04471,nov_scaled=0.47656,scale=10.66016,sil=0,acf=1,src=buf
NOV,t=28454,emit=1213,nov=0.03314,nov_scaled=0.35156,scale=10.66016,sil=0,acf=1,src=buf
NOV,t=28475,emit=1214,nov=0.03099,nov_scaled=0.33203,scale=10.66016,sil=0,acf=1,src=buf
NOV,t=28498,emit=1215,nov=0.03024,nov_scaled=0.32422,scale=10.69141,sil=0,acf=1,src=buf
NOV,t=28520,emit=1216,nov=0.04314,nov_scaled=0.46094,scale=10.69141,sil=0,acf=1,src=buf
NOV,t=28543,emit=1217,nov=0.04784,nov_scaled=0.51172,scale=10.69141,sil=0,acf=1,src=buf
NOV,t=28566,emit=1218,nov=0.03685,nov_scaled=0.39453,scale=10.72266,sil=0,acf=1,src=buf
NOV,t=28588,emit=1219,nov=0.02762,nov_scaled=0.29687,scale=10.72266,sil=0,acf=1,src=buf
NOV,t=28611,emit=1220,nov=0.14704,nov_scaled=1.57812,scale=10.72266,sil=0,acf=1,src=buf
NOV,t=28632,emit=1221,nov=0.19686,nov_scaled=2.07812,scale=10.55469,sil=0,acf=1,src=buf
NOV,t=28656,emit=1222,nov=0.15329,nov_scaled=1.61719,scale=10.55469,sil=0,acf=1,src=buf
NOV,t=28677,emit=1223,nov=0.14415,nov_scaled=1.51953,scale=10.55469,sil=0,acf=1,src=buf
NOV,t=28701,emit=1224,nov=0.05284,nov_scaled=0.55078,scale=10.44531,sil=0,acf=1,src=buf
NOV,t=28722,emit=1225,nov=0.01105,nov_scaled=0.11719,scale=10.44531,sil=0,acf=1,src=buf
NOV,t=28745,emit=1226,nov=0.03099,nov_scaled=0.32422,scale=10.44531,sil=0,acf=1,src=buf
NOV,t=28767,emit=1227,nov=0.03516,nov_scaled=0.36328,scale=10.37891,sil=0,acf=1,src=buf
NOV,t=28790,emit=1228,nov=0.02103,nov_scaled=0.21875,scale=10.37891,sil=0,acf=1,src=buf
NOV,t=28814,emit=1229,nov=0.02310,nov_scaled=0.23828,scale=10.37891,sil=0,acf=1,src=buf
NOV,t=28835,emit=1230,nov=0.01512,nov_scaled=0.15625,scale=10.33984,sil=0,acf=1,src=buf
NOV,t=28859,emit=1231,nov=0.03827,nov_scaled=0.39453,scale=10.33984,sil=0,acf=1,src=buf
NOV,t=28880,emit=1232,nov=0.03404,nov_scaled=0.35156,scale=10.33984,sil=0,acf=1,src=buf
NOV,t=28904,emit=1233,nov=0.01831,nov_scaled=0.18750,scale=10.32422,sil=0,acf=1,src=buf
NOV,t=28925,emit=1234,nov=0.01295,nov_scaled=0.13281,scale=10.32422,sil=0,acf=1,src=buf
NOV,t=28948,emit=1235,nov=0.02277,nov_scaled=0.23437,scale=10.32422,sil=0,acf=1,src=buf
NOV,t=28970,emit=1236,nov=0.07085,nov_scaled=0.73047,scale=10.32031,sil=0,acf=1,src=buf
NOV,t=28993,emit=1237,nov=0.07938,nov_scaled=0.82031,scale=10.32031,sil=0,acf=1,src=buf
NOV,t=29016,emit=1238,nov=0.06212,nov_scaled=0.64062,scale=10.32031,sil=0,acf=1,src=buf
NOV,t=29037,emit=1239,nov=0.04971,nov_scaled=0.51172,scale=10.32812,sil=0,acf=1,src=buf
NOV,t=29061,emit=1240,nov=0.05524,nov_scaled=0.57031,scale=10.32812,sil=0,acf=1,src=buf
NOV,t=29082,emit=1241,nov=0.17742,nov_scaled=1.83203,scale=10.32812,sil=0,acf=1,src=buf
NOV,t=29106,emit=1242,nov=0.19948,nov_scaled=2.04297,scale=10.23828,sil=0,acf=1,src=buf
NOV,t=29127,emit=1243,nov=0.11783,nov_scaled=1.20703,scale=10.23828,sil=0,acf=1,src=buf
NOV,t=29150,emit=1244,nov=0.09950,nov_scaled=1.01953,scale=10.23828,sil=0,acf=1,src=buf
NOV,t=29172,emit=1245,nov=0.05806,nov_scaled=0.58984,scale=10.18359,sil=0,acf=1,src=buf
NOV,t=29195,emit=1246,nov=0.02620,nov_scaled=0.26562,scale=10.18359,sil=0,acf=1,src=buf
NOV,t=29218,emit=1247,nov=0.02789,nov_scaled=0.28516,scale=10.18359,sil=0,acf=1,src=buf
NOV,t=29240,emit=1248,nov=0.03449,nov_scaled=0.35156,scale=10.15234,sil=0,acf=1,src=buf
NOV,t=29264,emit=1249,nov=0.01991,nov_scaled=0.20312,scale=10.15234,sil=0,acf=1,src=buf
NOV,t=29285,emit=1250,nov=0.00000,nov_scaled=0.00000,scale=10.15234,sil=0,acf=1,src=buf
NOV,t=29308,emit=1251,nov=0.04349,nov_scaled=0.44141,scale=10.14453,sil=0,acf=1,src=buf
NOV,t=29330,emit=1252,nov=0.07411,nov_scaled=0.75000,scale=10.14453,sil=0,acf=1,src=buf
NOV,t=29353,emit=1253,nov=0.06833,nov_scaled=0.69141,scale=10.14453,sil=0,acf=1,src=buf
NOV,t=29376,emit=1254,nov=0.05298,nov_scaled=0.53906,scale=10.14453,sil=0,acf=1,src=buf
NOV,t=29398,emit=1255,nov=0.03099,nov_scaled=0.31250,scale=10.14453,sil=0,acf=1,src=buf
NOV,t=29420,emit=1256,nov=0.01953,nov_scaled=0.19922,scale=10.14453,sil=0,acf=1,src=buf
NOV,t=29442,emit=1257,nov=0.03906,nov_scaled=0.39844,scale=10.15234,sil=0,acf=1,src=buf
NOV,t=29465,emit=1258,nov=0.05048,nov_scaled=0.51172,scale=10.15234,sil=0,acf=1,src=buf
NOV,t=29487,emit=1259,nov=0.04538,nov_scaled=0.46094,scale=10.15234,sil=0,acf=1,src=buf
NOV,t=29510,emit=1260,nov=0.03197,nov_scaled=0.32422,scale=10.17187,sil=0,acf=1,src=buf
NOV,t=29532,emit=1261,nov=0.02843,nov_scaled=0.28906,scale=10.17187,sil=0,acf=1,src=buf
NOV,t=29556,emit=1262,nov=0.18112,nov_scaled=1.84375,scale=10.17187,sil=0,acf=1,src=buf
NOV,t=29578,emit=1263,nov=0.21299,nov_scaled=2.11719,scale=9.93750,sil=0,acf=1,src=buf
NOV,t=29600,emit=1264,nov=0.12705,nov_scaled=1.26172,scale=9.93750,sil=0,acf=1,src=buf
NOV,t=29623,emit=1265,nov=0.07462,nov_scaled=0.74219,scale=9.93750,sil=0,acf=1,src=buf
NOV,t=29645,emit=1266,nov=0.04279,nov_scaled=0.41797,scale=9.78125,sil=0,acf=1,src=buf
NOV,t=29668,emit=1267,nov=0.02620,nov_scaled=0.25781,scale=9.78125,sil=0,acf=1,src=buf
NOV,t=29690,emit=1268,nov=0.04572,nov_scaled=0.44531,scale=9.78125,sil=0,acf=1,src=buf
NOV,t=29713,emit=1269,nov=0.03726,nov_scaled=0.35937,scale=9.67969,sil=0,acf=1,src=buf
NOV,t=29735,emit=1270,nov=0.02470,nov_scaled=0.23828,scale=9.67969,sil=0,acf=1,src=buf
NOV,t=29758,emit=1271,nov=0.01172,nov_scaled=0.11328,scale=9.67969,sil=0,acf=1,src=buf
NOV,t=29781,emit=1272,nov=0.02678,nov_scaled=0.25781,scale=9.62109,sil=0,acf=1,src=buf
NOV,t=29803,emit=1273,nov=0.04242,nov_scaled=0.40625,scale=9.62109,sil=0,acf=1,src=buf
NOV,t=29826,emit=1274,nov=0.02531,nov_scaled=0.24219,scale=9.62109,sil=0,acf=1,src=buf
NOV,t=29847,emit=1275,nov=0.01033,nov_scaled=0.09766,scale=9.58594,sil=0,acf=1,src=buf
NOV,t=29871,emit=1276,nov=0.00000,nov_scaled=0.00000,scale=9.58594,sil=0,acf=1,src=buf
NOV,t=29892,emit=1277,nov=0.02531,nov_scaled=0.24219,scale=9.58594,sil=0,acf=1,src=buf
NOV,t=29915,emit=1278,nov=0.08495,nov_scaled=0.81250,scale=9.57031,sil=0,acf=1,src=buf
NOV,t=29938,emit=1279,nov=0.08690,nov_scaled=0.83203,scale=9.57031,sil=0,acf=1,src=buf
NOV,t=29960,emit=1280,nov=0.07431,nov_scaled=0.71094,scale=9.57031,sil=0,acf=1,src=buf
NOV,t=29983,emit=1281,nov=0.04314,nov_scaled=0.41406,scale=9.56641,sil=0,acf=1,src=buf
NOV,t=30005,emit=1282,nov=0.03944,nov_scaled=0.37891,scale=9.56641,sil=0,acf=1,src=buf
NOV,t=30029,emit=1283,nov=0.19554,nov_scaled=1.87109,scale=9.56641,sil=0,acf=1,src=buf
NOV,t=30050,emit=1284,nov=0.23316,nov_scaled=2.16016,scale=9.26953,sil=0,acf=1,src=buf
NOV,t=30074,emit=1285,nov=0.12389,nov_scaled=1.14844,scale=9.26953,sil=0,acf=1,src=buf
NOV,t=30095,emit=1286,nov=0.05859,nov_scaled=0.54297,scale=9.26953,sil=0,acf=1,src=buf
NOV,t=30118,emit=1287,nov=0.03516,nov_scaled=0.32031,scale=9.07031,sil=0,acf=1,src=buf
NOV,t=30141,emit=1288,nov=0.01172,nov_scaled=0.10547,scale=9.07031,sil=0,acf=1,src=buf
NOV,t=30163,emit=1289,nov=0.04703,nov_scaled=0.42578,scale=9.07031,sil=0,acf=1,src=buf
NOV,t=30185,emit=1290,nov=0.04572,nov_scaled=0.41016,scale=8.93750,sil=0,acf=1,src=buf
NOV,t=30207,emit=1291,nov=0.01790,nov_scaled=0.16016,scale=8.93750,sil=0,acf=1,src=buf
NOV,t=30230,emit=1292,nov=0.00391,nov_scaled=0.03516,scale=8.93750,sil=0,acf=1,src=buf
NOV,t=30252,emit=1293,nov=0.07674,nov_scaled=0.67969,scale=8.85156,sil=0,acf=1,src=buf
NOV,t=30275,emit=1294,nov=0.08734,nov_scaled=0.77344,scale=8.85156,sil=0,acf=1,src=buf
NOV,t=30297,emit=1295,nov=0.07117,nov_scaled=0.62891,scale=8.85156,sil=0,acf=1,src=buf
NOV,t=30320,emit=1296,nov=0.05606,nov_scaled=0.49219,scale=8.80078,sil=0,acf=1,src=buf
NOV,t=30344,emit=1297,nov=0.03291,nov_scaled=0.28906,scale=8.80078,sil=0,acf=1,src=buf
NOV,t=30365,emit=1298,nov=0.01991,nov_scaled=0.17578,scale=8.80078,sil=0,acf=1,src=buf
NOV,t=30388,emit=1299,nov=0.05412,nov_scaled=0.47656,scale=8.77344,sil=0,acf=1,src=buf
NOV,t=30410,emit=1300,nov=0.05383,nov_scaled=0.47266,scale=8.77344,sil=0,acf=1,src=buf
NOV,t=30433,emit=1301,nov=0.04654,nov_scaled=0.41016,scale=8.77344,sil=0,acf=1,src=buf
NOV,t=30455,emit=1302,nov=0.04170,nov_scaled=0.36719,scale=8.76172,sil=0,acf=1,src=buf
NOV,t=30478,emit=1303,nov=0.17098,nov_scaled=1.49609,scale=8.76172,sil=0,acf=1,src=buf
NOV,t=30501,emit=1304,nov=0.22010,nov_scaled=1.92969,scale=8.76172,sil=0,acf=1,src=buf
NOV,t=30523,emit=1305,nov=0.20346,nov_scaled=1.78125,scale=8.76172,sil=0,acf=1,src=buf
NOV,t=30546,emit=1306,nov=0.09851,nov_scaled=0.86328,scale=8.76172,sil=0,acf=1,src=buf
NOV,t=30567,emit=1307,nov=0.06050,nov_scaled=0.53125,scale=8.76172,sil=0,acf=1,src=buf
NOV,t=30591,emit=1308,nov=0.01701,nov_scaled=0.14844,scale=8.76953,sil=0,acf=1,src=buf
NOV,t=30612,emit=1309,nov=0.02762,nov_scaled=0.24219,scale=8.76953,sil=0,acf=1,src=buf
NOV,t=30635,emit=1310,nov=0.05092,nov_scaled=0.44531,scale=8.76953,sil=0,acf=1,src=buf
NOV,t=30657,emit=1311,nov=0.04703,nov_scaled=0.41406,scale=8.78125,sil=0,acf=1,src=buf
NOV,t=30680,emit=1312,nov=0.02922,nov_scaled=0.25781,scale=8.78125,sil=0,acf=1,src=buf
NOV,t=30703,emit=1313,nov=0.00676,nov_scaled=0.05859,scale=8.78125,sil=0,acf=1,src=buf
NOV,t=30725,emit=1314,nov=0.04134,nov_scaled=0.36328,scale=8.80078,sil=0,acf=1,src=buf
NOV,t=30749,emit=1315,nov=0.03664,nov_scaled=0.32422,scale=8.80078,sil=0,acf=1,src=buf
NOV,t=30770,emit=1316,nov=0.03075,nov_scaled=0.26953,scale=8.80078,sil=0,acf=1,src=buf
NOV,t=30793,emit=1317,nov=0.01352,nov_scaled=0.12109,scale=8.82031,sil=0,acf=1,src=buf
NOV,t=30815,emit=1318,nov=0.00000,nov_scaled=0.00000,scale=8.82031,sil=0,acf=1,src=buf
NOV,t=30838,emit=1319,nov=0.05936,nov_scaled=0.52344,scale=8.82031,sil=0,acf=1,src=buf
NOV,t=30860,emit=1320,nov=0.09950,nov_scaled=0.87891,scale=8.83984,sil=0,acf=1,src=buf
NOV,t=30883,emit=1321,nov=0.08975,nov_scaled=0.79297,scale=8.83984,sil=0,acf=1,src=buf
NOV,t=30905,emit=1322,nov=0.06014,nov_scaled=0.53125,scale=8.83984,sil=0,acf=1,src=buf
NOV,t=30927,emit=1323,nov=0.04077,nov_scaled=0.36328,scale=8.86328,sil=0,acf=1,src=buf
NOV,t=30950,emit=1324,nov=0.15590,nov_scaled=1.38281,scale=8.86328,sil=0,acf=1,src=buf
NOV,t=30972,emit=1325,nov=0.21569,nov_scaled=1.91016,scale=8.86328,sil=0,acf=1,src=buf
NOV,t=30996,emit=1326,nov=0.19413,nov_scaled=1.72656,scale=8.89062,sil=0,acf=1,src=buf
NOV,t=31017,emit=1327,nov=0.09520,nov_scaled=0.84766,scale=8.89062,sil=0,acf=1,src=buf
NOV,t=31040,emit=1328,nov=0.04225,nov_scaled=0.37500,scale=8.89062,sil=0,acf=1,src=buf
NOV,t=31062,emit=1329,nov=0.01408,nov_scaled=0.12500,scale=8.91406,sil=0,acf=1,src=buf
NOV,t=31085,emit=1330,nov=0.01913,nov_scaled=0.17188,scale=8.91406,sil=0,acf=1,src=buf
NOV,t=31108,emit=1331,nov=0.04189,nov_scaled=0.37500,scale=8.91406,sil=0,acf=1,src=buf
NOV,t=31130,emit=1332,nov=0.03622,nov_scaled=0.32422,scale=8.94141,sil=0,acf=1,src=buf
NOV,t=31153,emit=1333,nov=0.01352,nov_scaled=0.12109,scale=8.94141,sil=0,acf=1,src=buf
NOV,t=31175,emit=1334,nov=0.01295,nov_scaled=0.11719,scale=8.94141,sil=0,acf=1,src=buf
NOV,t=31199,emit=1335,nov=0.09169,nov_scaled=0.82031,scale=8.96484,sil=0,acf=1,src=buf
NOV,t=31221,emit=1336,nov=0.09317,nov_scaled=0.83594,scale=8.96484,sil=0,acf=1,src=buf
NOV,t=31243,emit=1337,nov=0.06888,nov_scaled=0.61719,scale=8.96484,sil=0,acf=1,src=buf
NOV,t=31265,emit=1338,nov=0.04816,nov_scaled=0.43359,scale=8.99219,sil=0,acf=1,src=buf
NOV,t=31288,emit=1339,nov=0.03449,nov_scaled=0.30859,scale=8.99219,sil=0,acf=1,src=buf
NOV,t=31311,emit=1340,nov=0.05713,nov_scaled=0.51562,scale=8.99219,sil=0,acf=1,src=buf
NOV,t=31333,emit=1341,nov=0.06697,nov_scaled=0.60547,scale=9.01953,sil=0,acf=1,src=buf
NOV,t=31355,emit=1342,nov=0.05565,nov_scaled=0.50000,scale=9.01953,sil=0,acf=1,src=buf
NOV,t=31377,emit=1343,nov=0.03622,nov_scaled=0.32812,scale=9.01953,sil=0,acf=1,src=buf
NOV,t=31400,emit=1344,nov=0.03449,nov_scaled=0.31250,scale=9.04687,sil=0,acf=1,src=buf
NOV,t=31422,emit=1345,nov=0.20929,nov_scaled=1.89453,scale=9.04687,sil=0,acf=1,src=buf
NOV,t=31445,emit=1346,nov=0.22193,nov_scaled=2.00781,scale=9.04687,sil=0,acf=1,src=buf
NOV,t=31469,emit=1347,nov=0.15933,nov_scaled=1.44141,scale=9.03906,sil=0,acf=1,src=buf
NOV,t=31490,emit=1348,nov=0.08441,nov_scaled=0.76172,scale=9.03906,sil=0,acf=1,src=buf
NOV,t=31513,emit=1349,nov=0.04688,nov_scaled=0.42187,scale=9.03906,sil=0,acf=1,src=buf
NOV,t=31535,emit=1350,nov=0.01105,nov_scaled=0.10156,scale=9.04297,sil=0,acf=1,src=buf
NOV,t=31558,emit=1351,nov=0.04260,nov_scaled=0.38672,scale=9.04297,sil=0,acf=1,src=buf
NOV,t=31580,emit=1352,nov=0.04735,nov_scaled=0.42969,scale=9.04297,sil=0,acf=1,src=buf
NOV,t=31603,emit=1353,nov=0.04115,nov_scaled=0.37109,scale=9.05078,sil=0,acf=1,src=buf
NOV,t=31626,emit=1354,nov=0.02277,nov_scaled=0.20703,scale=9.05078,sil=0,acf=1,src=buf
NOV,t=31648,emit=1355,nov=0.01234,nov_scaled=0.11328,scale=9.05078,sil=0,acf=1,src=buf
NOV,t=31671,emit=1356,nov=0.04242,nov_scaled=0.38281,scale=9.06641,sil=0,acf=1,src=buf
NOV,t=31692,emit=1357,nov=0.04367,nov_scaled=0.39453,scale=9.06641,sil=0,acf=1,src=buf
NOV,t=31715,emit=1358,nov=0.01563,nov_scaled=0.14063,scale=9.06641,sil=0,acf=1,src=buf
NOV,t=31737,emit=1359,nov=0.01033,nov_scaled=0.09375,scale=9.08594,sil=0,acf=1,src=buf
NOV,t=31760,emit=1360,nov=0.00957,nov_scaled=0.08594,scale=9.08594,sil=0,acf=1,src=buf
NOV,t=31782,emit=1361,nov=0.08504,nov_scaled=0.77344,scale=9.08594,sil=0,acf=1,src=buf
NOV,t=31806,emit=1362,nov=0.09726,nov_scaled=0.88672,scale=9.10547,sil=0,acf=1,src=buf
NOV,t=31828,emit=1363,nov=0.07575,nov_scaled=0.69141,scale=9.10547,sil=0,acf=1,src=buf
NOV,t=31850,emit=1364,nov=0.05078,nov_scaled=0.46094,scale=9.10547,sil=0,acf=1,src=buf
NOV,t=31873,emit=1365,nov=0.03886,nov_scaled=0.35547,scale=9.12891,sil=0,acf=1,src=buf
NOV,t=31895,emit=1366,nov=0.19362,nov_scaled=1.76953,scale=9.12891,sil=0,acf=1,src=buf
NOV,t=31918,emit=1367,nov=0.21010,nov_scaled=1.91797,scale=9.12891,sil=0,acf=1,src=buf
NOV,t=31940,emit=1368,nov=0.14781,nov_scaled=1.35156,scale=9.15625,sil=0,acf=1,src=buf
NOV,t=31963,emit=1369,nov=0.10341,nov_scaled=0.94531,scale=9.15625,sil=0,acf=1,src=buf
NOV,t=31985,emit=1370,nov=0.03024,nov_scaled=0.27734,scale=9.15625,sil=0,acf=1,src=buf
NOV,t=32008,emit=1371,nov=0.01352,nov_scaled=0.12500,scale=9.17969,sil=0,acf=1,src=buf
NOV,t=32031,emit=1372,nov=0.03383,nov_scaled=0.31250,scale=9.17969,sil=0,acf=1,src=buf
NOV,t=32054,emit=1373,nov=0.04909,nov_scaled=0.44922,scale=9.17969,sil=0,acf=1,src=buf
NOV,t=32076,emit=1374,nov=0.03622,nov_scaled=0.33203,scale=9.20703,sil=0,acf=1,src=buf
NOV,t=32097,emit=1375,nov=0.01105,nov_scaled=0.10156,scale=9.20703,sil=0,acf=1,src=buf
NOV,t=32120,emit=1376,nov=0.04077,nov_scaled=0.37500,scale=9.20703,sil=0,acf=1,src=buf
NOV,t=32142,emit=1377,nov=0.08899,nov_scaled=0.82031,scale=9.23437,sil=0,acf=1,src=buf
NOV,t=32166,emit=1378,nov=0.08396,nov_scaled=0.77344,scale=9.23437,sil=0,acf=1,src=buf
NOV,t=32187,emit=1379,nov=0.06976,nov_scaled=0.64453,scale=9.23437,sil=0,acf=1,src=buf
NOV,t=32210,emit=1380,nov=0.04367,nov_scaled=0.40625,scale=9.26172,sil=0,acf=1,src=buf
NOV,t=32232,emit=1381,nov=0.03726,nov_scaled=0.34375,scale=9.26172,sil=0,acf=1,src=buf
NOV,t=32255,emit=1382,nov=0.04588,nov_scaled=0.42578,scale=9.26172,sil=0,acf=1,src=buf
NOV,t=32278,emit=1383,nov=0.06088,nov_scaled=0.56641,scale=9.28906,sil=0,acf=1,src=buf
NOV,t=32300,emit=1384,nov=0.05240,nov_scaled=0.48828,scale=9.28906,sil=0,acf=1,src=buf
NOV,t=32324,emit=1385,nov=0.04588,nov_scaled=0.42578,scale=9.28906,sil=0,acf=1,src=buf
NOV,t=32345,emit=1386,nov=0.04401,nov_scaled=0.41016,scale=9.31641,sil=0,acf=1,src=buf
NOV,t=32369,emit=1387,nov=0.19129,nov_scaled=1.78125,scale=9.31641,sil=0,acf=1,src=buf
NOV,t=32390,emit=1388,nov=0.21909,nov_scaled=2.03906,scale=9.31641,sil=0,acf=1,src=buf
NOV,t=32413,emit=1389,nov=0.13480,nov_scaled=1.25000,scale=9.26172,sil=0,acf=1,src=buf
NOV,t=32435,emit=1390,nov=0.05975,nov_scaled=0.55469,scale=9.26172,sil=0,acf=1,src=buf
NOV,t=32458,emit=1391,nov=0.02501,nov_scaled=0.23047,scale=9.26172,sil=0,acf=1,src=buf
NOV,t=32480,emit=1392,nov=0.00957,nov_scaled=0.08984,scale=9.23437,sil=0,acf=1,src=buf
NOV,t=32502,emit=1393,nov=0.05859,nov_scaled=0.53906,scale=9.23437,sil=0,acf=1,src=buf
NOV,t=32526,emit=1394,nov=0.05806,nov_scaled=0.53516,scale=9.23437,sil=0,acf=1,src=buf
NOV,t=32547,emit=1395,nov=0.04538,nov_scaled=0.41797,scale=9.22266,sil=0,acf=1,src=buf
NOV,t=32570,emit=1396,nov=0.02734,nov_scaled=0.25391,scale=9.22266,sil=0,acf=1,src=buf
NOV,t=32592,emit=1397,nov=0.03314,nov_scaled=0.30469,scale=9.22266,sil=0,acf=1,src=buf
NOV,t=32615,emit=1398,nov=0.05327,nov_scaled=0.49219,scale=9.22266,sil=0,acf=1,src=buf
NOV,t=32639,emit=1399,nov=0.04260,nov_scaled=0.39453,scale=9.22266,sil=0,acf=1,src=buf
NOV,t=32660,emit=1400,nov=0.03197,nov_scaled=0.29297,scale=9.22266,sil=0,acf=1,src=buf
NOV,t=32684,emit=1401,nov=0.01790,nov_scaled=0.16406,scale=9.23047,sil=0,acf=1,src=buf
NOV,t=32705,emit=1402,nov=0.02678,nov_scaled=0.24609,scale=9.23047,sil=0,acf=1,src=buf
NOV,t=32727,emit=1403,nov=0.11144,nov_scaled=1.02734,scale=9.23047,sil=0,acf=1,src=buf
NOV,t=32751,emit=1404,nov=0.10619,nov_scaled=0.98047,scale=9.24219,sil=0,acf=1,src=buf
NOV,t=32773,emit=1405,nov=0.08286,nov_scaled=0.76562,scale=9.24219,sil=0,acf=1,src=buf
NOV,t=32795,emit=1406,nov=0.05766,nov_scaled=0.53125,scale=9.24219,sil=0,acf=1,src=buf
NOV,t=32817,emit=1407,nov=0.04401,nov_scaled=0.40625,scale=9.26172,sil=0,acf=1,src=buf
NOV,t=32841,emit=1408,nov=0.20607,nov_scaled=1.91016,scale=9.26172,sil=0,acf=1,src=buf
NOV,t=32862,emit=1409,nov=0.21161,nov_scaled=1.96094,scale=9.26172,sil=0,acf=1,src=buf
NOV,t=32886,emit=1410,nov=0.10524,nov_scaled=0.97656,scale=9.28125,sil=0,acf=1,src=buf
NOV,t=32907,emit=1411,nov=0.05167,nov_scaled=0.48047,scale=9.28125,sil=0,acf=1,src=buf
NOV,t=32930,emit=1412,nov=0.03906,nov_scaled=0.36328,scale=9.28125,sil=0,acf=1,src=buf
NOV,t=32952,emit=1413,nov=0.01234,nov_scaled=0.11328,scale=9.30469,sil=0,acf=1,src=buf
NOV,t=32975,emit=1414,nov=0.04784,nov_scaled=0.44531,scale=9.30469,sil=0,acf=1,src=buf
NOV,t=32998,emit=1415,nov=0.05269,nov_scaled=0.49219,scale=9.30469,sil=0,acf=1,src=buf
NOV,t=33020,emit=1416,nov=0.03964,nov_scaled=0.37109,scale=9.33203,sil=0,acf=1,src=buf
NOV,t=33044,emit=1417,nov=0.02310,nov_scaled=0.21484,scale=9.33203,sil=0,acf=1,src=buf
NOV,t=33065,emit=1418,nov=0.07813,nov_scaled=0.73047,scale=9.33203,sil=0,acf=1,src=buf
NOV,t=33088,emit=1419,nov=0.10747,nov_scaled=1.00391,scale=9.35547,sil=0,acf=1,src=buf
NOV,t=33110,emit=1420,nov=0.09210,nov_scaled=0.86328,scale=9.35547,sil=0,acf=1,src=buf
NOV,t=33133,emit=1421,nov=0.06346,nov_scaled=0.59375,scale=9.35547,sil=0,acf=1,src=buf
NOV,t=33156,emit=1422,nov=0.04831,nov_scaled=0.45312,scale=9.38281,sil=0,acf=1,src=buf
NOV,t=33178,emit=1423,nov=0.04453,nov_scaled=0.41797,scale=9.38281,sil=0,acf=1,src=buf
NOV,t=33201,emit=1424,nov=0.05975,nov_scaled=0.56250,scale=9.38281,sil=0,acf=1,src=buf
NOV,t=33222,emit=1425,nov=0.06844,nov_scaled=0.64453,scale=9.41016,sil=0,acf=1,src=buf
NOV,t=33245,emit=1426,nov=0.05634,nov_scaled=0.53125,scale=9.41016,sil=0,acf=1,src=buf
NOV,t=33267,emit=1427,nov=0.06064,nov_scaled=0.57031,scale=9.41016,sil=0,acf=1,src=buf
NOV,t=33290,emit=1428,nov=0.08052,nov_scaled=0.76172,scale=9.43750,sil=0,acf=1,src=buf
NOV,t=33313,emit=1429,nov=0.19077,nov_scaled=1.80078,scale=9.43750,sil=0,acf=1,src=buf
NOV,t=33335,emit=1430,nov=0.19263,nov_scaled=1.81641,scale=9.43750,sil=0,acf=1,src=buf
NOV,t=33358,emit=1431,nov=0.11116,nov_scaled=1.05078,scale=9.46484,sil=0,acf=1,src=buf
NOV,t=33380,emit=1432,nov=0.07095,nov_scaled=0.67187,scale=9.46484,sil=0,acf=1,src=buf
NOV,t=33403,emit=1433,nov=0.01872,nov_scaled=0.17578,scale=9.46484,sil=0,acf=1,src=buf
NOV,t=33425,emit=1434,nov=0.02817,nov_scaled=0.26562,scale=9.49219,sil=0,acf=1,src=buf
NOV,t=33448,emit=1435,nov=0.06038,nov_scaled=0.57422,scale=9.49219,sil=0,acf=1,src=buf
NOV,t=33470,emit=1436,nov=0.05537,nov_scaled=0.52734,scale=9.49219,sil=0,acf=1,src=buf
NOV,t=33493,emit=1437,nov=0.04971,nov_scaled=0.47266,scale=9.52344,sil=0,acf=1,src=buf
NOV,t=33516,emit=1438,nov=0.03471,nov_scaled=0.33203,scale=9.52344,sil=0,acf=1,src=buf
NOV,t=33538,emit=1439,nov=0.08231,nov_scaled=0.78516,scale=9.52344,sil=0,acf=1,src=buf
NOV,t=33561,emit=1440,nov=0.08203,nov_scaled=0.78516,scale=9.55078,sil=0,acf=1,src=buf
NOV,t=33582,emit=1441,nov=0.04436,nov_scaled=0.42187,scale=9.55078,sil=0,acf=1,src=buf
NOV,t=33606,emit=1442,nov=0.02922,nov_scaled=0.27734,scale=9.55078,sil=0,acf=1,src=buf
NOV,t=33627,emit=1443,nov=0.04002,nov_scaled=0.38281,scale=9.57812,sil=0,acf=1,src=buf
NOV,t=33650,emit=1444,nov=0.06126,nov_scaled=0.58594,scale=9.57812,sil=0,acf=1,src=buf
NOV,t=33673,emit=1445,nov=0.10790,nov_scaled=1.03516,scale=9.57812,sil=0,acf=1,src=buf
NOV,t=33695,emit=1446,nov=0.10011,nov_scaled=0.96094,scale=9.60547,sil=0,acf=1,src=buf
NOV,t=33718,emit=1447,nov=0.07753,nov_scaled=0.74609,scale=9.60547,sil=0,acf=1,src=buf
NOV,t=33740,emit=1448,nov=0.05606,nov_scaled=0.53906,scale=9.60547,sil=0,acf=1,src=buf
NOV,t=33763,emit=1449,nov=0.17267,nov_scaled=1.66406,scale=9.63672,sil=0,acf=1,src=buf
NOV,t=33785,emit=1450,nov=0.17870,nov_scaled=1.72266,scale=9.63672,sil=0,acf=1,src=buf
NOV,t=33808,emit=1451,nov=0.13469,nov_scaled=1.29688,scale=9.63672,sil=0,acf=1,src=buf
NOV,t=33831,emit=1452,nov=0.09664,nov_scaled=0.93359,scale=9.66406,sil=0,acf=1,src=buf
NOV,t=33853,emit=1453,nov=0.03075,nov_scaled=0.29687,scale=9.66406,sil=0,acf=1,src=buf
NOV,t=33875,emit=1454,nov=0.02344,nov_scaled=0.22656,scale=9.66406,sil=0,acf=1,src=buf
NOV,t=33897,emit=1455,nov=0.01105,nov_scaled=0.10547,scale=9.69531,sil=0,acf=1,src=buf
NOV,t=33921,emit=1456,nov=0.04332,nov_scaled=0.42187,scale=9.69531,sil=0,acf=1,src=buf
NOV,t=33942,emit=1457,nov=0.04671,nov_scaled=0.45312,scale=9.69531,sil=0,acf=1,src=buf
NOV,t=33965,emit=1458,nov=0.02896,nov_scaled=0.28125,scale=9.72266,sil=0,acf=1,src=buf
NOV,t=33987,emit=1459,nov=0.00781,nov_scaled=0.07422,scale=9.72266,sil=0,acf=1,src=buf
NOV,t=34010,emit=1460,nov=0.07544,nov_scaled=0.73437,scale=9.72266,sil=0,acf=1,src=buf
NOV,t=34033,emit=1461,nov=0.07929,nov_scaled=0.77344,scale=9.75391,sil=0,acf=1,src=buf
NOV,t=34055,emit=1462,nov=0.07149,nov_scaled=0.69531,scale=9.75391,sil=0,acf=1,src=buf
NOV,t=34079,emit=1463,nov=0.04863,nov_scaled=0.47266,scale=9.75391,sil=0,acf=1,src=buf
NOV,t=34100,emit=1464,nov=0.03075,nov_scaled=0.30078,scale=9.78125,sil=0,acf=1,src=buf
NOV,t=34123,emit=1465,nov=0.02139,nov_scaled=0.21094,scale=9.78125,sil=0,acf=1,src=buf
NOV,t=34146,emit=1466,nov=0.04538,nov_scaled=0.44531,scale=9.78125,sil=0,acf=1,src=buf
NOV,t=34167,emit=1467,nov=0.05078,nov_scaled=0.50000,scale=9.81250,sil=0,acf=1,src=buf
NOV,t=34190,emit=1468,nov=0.04488,nov_scaled=0.44141,scale=9.81250,sil=0,acf=1,src=buf
NOV,t=34213,emit=1469,nov=0.04488,nov_scaled=0.44141,scale=9.81250,sil=0,acf=1,src=buf
NOV,t=34235,emit=1470,nov=0.15254,nov_scaled=1.50000,scale=9.83984,sil=0,acf=1,src=buf
NOV,t=34257,emit=1471,nov=0.19484,nov_scaled=1.91797,scale=9.83984,sil=0,acf=1,src=buf
NOV,t=34281,emit=1472,nov=0.17452,nov_scaled=1.71875,scale=9.83984,sil=0,acf=1,src=buf
NOV,t=34302,emit=1473,nov=0.10661,nov_scaled=1.05078,scale=9.87109,sil=0,acf=1,src=buf
NOV,t=34325,emit=1474,nov=0.04863,nov_scaled=0.48047,scale=9.87109,sil=0,acf=1,src=buf
NOV,t=34347,emit=1475,nov=0.01913,nov_scaled=0.18750,scale=9.87109,sil=0,acf=1,src=buf
NOV,t=34370,emit=1476,nov=0.03050,nov_scaled=0.30078,scale=9.89844,sil=0,acf=1,src=buf
NOV,t=34393,emit=1477,nov=0.06050,nov_scaled=0.59766,scale=9.89844,sil=0,acf=1,src=buf
NOV,t=34415,emit=1478,nov=0.05646,nov_scaled=0.55859,scale=9.89844,sil=0,acf=1,src=buf
NOV,t=34439,emit=1479,nov=0.03404,nov_scaled=0.33984,scale=9.92969,sil=0,acf=1,src=buf
NOV,t=34460,emit=1480,nov=0.01610,nov_scaled=0.16016,scale=9.92969,sil=0,acf=1,src=buf
NOV,t=34483,emit=1481,nov=0.05740,nov_scaled=0.57031,scale=9.92969,sil=0,acf=1,src=buf
NOV,t=34506,emit=1482,nov=0.05537,nov_scaled=0.55078,scale=9.96094,sil=0,acf=1,src=buf
NOV,t=34527,emit=1483,nov=0.02843,nov_scaled=0.28125,scale=9.96094,sil=0,acf=1,src=buf
NOV,t=34550,emit=1484,nov=0.01657,nov_scaled=0.16406,scale=9.96094,sil=0,acf=1,src=buf
NOV,t=34572,emit=1485,nov=0.01790,nov_scaled=0.17969,scale=9.98828,sil=0,acf=1,src=buf
NOV,t=34597,emit=1486,nov=0.07318,nov_scaled=0.73047,scale=9.98828,sil=0,acf=1,src=buf
NOV,t=34617,emit=1487,nov=0.10510,nov_scaled=1.05078,scale=9.98828,sil=0,acf=1,src=buf
NOV,t=34640,emit=1488,nov=0.09639,nov_scaled=0.96484,scale=10.01953,sil=0,acf=1,src=buf
NOV,t=34662,emit=1489,nov=0.07042,nov_scaled=0.70703,scale=10.01953,sil=0,acf=1,src=buf
NOV,t=34685,emit=1490,nov=0.04703,nov_scaled=0.47266,scale=10.01953,sil=0,acf=1,src=buf
NOV,t=34707,emit=1491,nov=0.16809,nov_scaled=1.68750,scale=10.05078,sil=0,acf=1,src=buf
NOV,t=34730,emit=1492,nov=0.19457,nov_scaled=1.95703,scale=10.05078,sil=0,acf=1,src=buf
NOV,t=34753,emit=1493,nov=0.16637,nov_scaled=1.67187,scale=10.05078,sil=0,acf=1,src=buf
NOV,t=34775,emit=1494,nov=0.06966,nov_scaled=0.70312,scale=10.07812,sil=0,acf=1,src=buf
NOV,t=34798,emit=1495,nov=0.03580,nov_scaled=0.35937,scale=10.07812,sil=0,acf=1,src=buf
NOV,t=34820,emit=1496,nov=0.02029,nov_scaled=0.20312,scale=10.07812,sil=0,acf=1,src=buf
NOV,t=34843,emit=1497,nov=0.05167,nov_scaled=0.52344,scale=10.10937,sil=0,acf=1,src=buf
NOV,t=34865,emit=1498,nov=0.06322,nov_scaled=0.64062,scale=10.10937,sil=0,acf=1,src=buf
NOV,t=34888,emit=1499,nov=0.04504,nov_scaled=0.45703,scale=10.10937,sil=0,acf=1,src=buf
NOV,t=34911,emit=1500,nov=0.02591,nov_scaled=0.26172,scale=10.14062,sil=0,acf=1,src=buf
NOV,t=34933,emit=1501,nov=0.01033,nov_scaled=0.10547,scale=10.14062,sil=0,acf=1,src=buf
NOV,t=34955,emit=1502,nov=0.10416,nov_scaled=1.05469,scale=10.14062,sil=0,acf=1,src=buf
NOV,t=34977,emit=1503,nov=0.09464,nov_scaled=0.96094,scale=10.17187,sil=0,acf=1,src=buf
NOV,t=35001,emit=1504,nov=0.07359,nov_scaled=0.75000,scale=10.17187,sil=0,acf=1,src=buf
NOV,t=35022,emit=1505,nov=0.05727,nov_scaled=0.58203,scale=10.17187,sil=0,acf=1,src=buf
NOV,t=35046,emit=1506,nov=0.04436,nov_scaled=0.45312,scale=10.20312,sil=0,acf=1,src=buf
NOV,t=35067,emit=1507,nov=0.05284,nov_scaled=0.53906,scale=10.20312,sil=0,acf=1,src=buf
NOV,t=35090,emit=1508,nov=0.05510,nov_scaled=0.56250,scale=10.20312,sil=0,acf=1,src=buf
NOV,t=35113,emit=1509,nov=0.05510,nov_scaled=0.56250,scale=10.23047,sil=0,acf=1,src=buf
NOV,t=35135,emit=1510,nov=0.05356,nov_scaled=0.54687,scale=10.23047,sil=0,acf=1,src=buf
NOV,t=35159,emit=1511,nov=0.05182,nov_scaled=0.53125,scale=10.23047,sil=0,acf=1,src=buf
NOV,t=35180,emit=1512,nov=0.20890,nov_scaled=2.09766,scale=10.03516,sil=0,acf=1,src=buf
NOV,t=35203,emit=1513,nov=0.21477,nov_scaled=2.15625,scale=10.03516,sil=0,acf=1,src=buf
NOV,t=35226,emit=1514,nov=0.18288,nov_scaled=1.83594,scale=10.03516,sil=0,acf=1,src=buf
NOV,t=35248,emit=1515,nov=0.05284,nov_scaled=0.51953,scale=9.82422,sil=0,acf=1,src=buf
NOV,t=35271,emit=1516,nov=0.03337,nov_scaled=0.32812,scale=9.82422,sil=0,acf=1,src=buf
NOV,t=35293,emit=1517,nov=0.01408,nov_scaled=0.13672,scale=9.82422,sil=0,acf=1,src=buf
NOV,t=35316,emit=1518,nov=0.04926,nov_scaled=0.47656,scale=9.68359,sil=0,acf=1,src=buf
NOV,t=35337,emit=1519,nov=0.06224,nov_scaled=0.60156,scale=9.68359,sil=0,acf=1,src=buf
NOV,t=35361,emit=1520,nov=0.06076,nov_scaled=0.58984,scale=9.68359,sil=0,acf=1,src=buf
NOV,t=35382,emit=1521,nov=0.03148,nov_scaled=0.30078,scale=9.59375,sil=0,acf=1,src=buf
NOV,t=35405,emit=1522,nov=0.03000,nov_scaled=0.28906,scale=9.59375,sil=0,acf=1,src=buf
NOV,t=35428,emit=1523,nov=0.05740,nov_scaled=0.55078,scale=9.59375,sil=0,acf=1,src=buf
NOV,t=35450,emit=1524,nov=0.05341,nov_scaled=0.50781,scale=9.54297,sil=0,acf=1,src=buf
NOV,t=35473,emit=1525,nov=0.03291,nov_scaled=0.31250,scale=9.54297,sil=0,acf=1,src=buf
NOV,t=35495,emit=1526,nov=0.01701,nov_scaled=0.16406,scale=9.54297,sil=0,acf=1,src=buf
NOV,t=35518,emit=1527,nov=0.02531,nov_scaled=0.24219,scale=9.51172,sil=0,acf=1,src=buf
NOV,t=35540,emit=1528,nov=0.09342,nov_scaled=0.88672,scale=9.51172,sil=0,acf=1,src=buf
NOV,t=35563,emit=1529,nov=0.10553,nov_scaled=1.00391,scale=9.51172,sil=0,acf=1,src=buf
NOV,t=35585,emit=1530,nov=0.08847,nov_scaled=0.83984,scale=9.50000,sil=0,acf=1,src=buf
NOV,t=35607,emit=1531,nov=0.05754,nov_scaled=0.54687,scale=9.50000,sil=0,acf=1,src=buf
NOV,t=35631,emit=1532,nov=0.04002,nov_scaled=0.37891,scale=9.50000,sil=0,acf=1,src=buf
NOV,t=35652,emit=1533,nov=0.17763,nov_scaled=1.68750,scale=9.50000,sil=0,acf=1,src=buf
NOV,t=35676,emit=1534,nov=0.18430,nov_scaled=1.75000,scale=9.50000,sil=0,acf=1,src=buf
NOV,t=35697,emit=1535,nov=0.16115,nov_scaled=1.53125,scale=9.50000,sil=0,acf=1,src=buf
NOV,t=35721,emit=1536,nov=0.06406,nov_scaled=0.60937,scale=9.50781,sil=0,acf=1,src=buf
NOV,t=35742,emit=1537,nov=0.02210,nov_scaled=0.21094,scale=9.50781,sil=0,acf=1,src=buf
NOV,t=35765,emit=1538,nov=0.01352,nov_scaled=0.12891,scale=9.50781,sil=0,acf=1,src=buf
NOV,t=35788,emit=1539,nov=0.04735,nov_scaled=0.44922,scale=9.52344,sil=0,acf=1,src=buf
NOV,t=35810,emit=1540,nov=0.06050,nov_scaled=0.57812,scale=9.52344,sil=0,acf=1,src=buf
NOV,t=35834,emit=1541,nov=0.03867,nov_scaled=0.36719,scale=9.52344,sil=0,acf=1,src=buf
NOV,t=35855,emit=1542,nov=0.02243,nov_scaled=0.21484,scale=9.54297,sil=0,acf=1,src=buf
NOV,t=35878,emit=1543,nov=0.06535,nov_scaled=0.62500,scale=9.54297,sil=0,acf=1,src=buf
NOV,t=35900,emit=1544,nov=0.10739,nov_scaled=1.02344,scale=9.54297,sil=0,acf=1,src=buf
NOV,t=35923,emit=1545,nov=0.08664,nov_scaled=0.82812,scale=9.56250,sil=0,acf=1,src=buf
NOV,t=35946,emit=1546,nov=0.06383,nov_scaled=0.60937,scale=9.56250,sil=0,acf=1,src=buf
NOV,t=35968,emit=1547,nov=0.03766,nov_scaled=0.35937,scale=9.56250,sil=0,acf=1,src=buf
NOV,t=35991,emit=1548,nov=0.02948,nov_scaled=0.28125,scale=9.58984,sil=0,acf=1,src=buf
NOV,t=36012,emit=1549,nov=0.06064,nov_scaled=0.58203,scale=9.58984,sil=0,acf=1,src=buf
NOV,t=36035,emit=1550,nov=0.06114,nov_scaled=0.58594,scale=9.58984,sil=0,acf=1,src=buf
NOV,t=36057,emit=1551,nov=0.05898,nov_scaled=0.56641,scale=9.61328,sil=0,acf=1,src=buf
NOV,t=36080,emit=1552,nov=0.05859,nov_scaled=0.56250,scale=9.61328,sil=0,acf=1,src=buf
NOV,t=36102,emit=1553,nov=0.05240,nov_scaled=0.50391,scale=9.61328,sil=0,acf=1,src=buf
NOV,t=36125,emit=1554,nov=0.19477,nov_scaled=1.87891,scale=9.64062,sil=0,acf=1,src=buf
NOV,t=36148,emit=1555,nov=0.19109,nov_scaled=1.84375,scale=9.64062,sil=0,acf=1,src=buf
NOV,t=36170,emit=1556,nov=0.09169,nov_scaled=0.88281,scale=9.64062,sil=0,acf=1,src=buf
NOV,t=36193,emit=1557,nov=0.06987,nov_scaled=0.67578,scale=9.66797,sil=0,acf=1,src=buf
NOV,t=36215,emit=1558,nov=0.02470,nov_scaled=0.23828,scale=9.66797,sil=0,acf=1,src=buf
NOV,t=36239,emit=1559,nov=0.02678,nov_scaled=0.25781,scale=9.66797,sil=0,acf=1,src=buf
NOV,t=36261,emit=1560,nov=0.06114,nov_scaled=0.59375,scale=9.69531,sil=0,acf=1,src=buf
NOV,t=36283,emit=1561,nov=0.05975,nov_scaled=0.57812,scale=9.69531,sil=0,acf=1,src=buf
NOV,t=36306,emit=1562,nov=0.05032,nov_scaled=0.48828,scale=9.69531,sil=0,acf=1,src=buf
NOV,t=36328,emit=1563,nov=0.02531,nov_scaled=0.24609,scale=9.72266,sil=0,acf=1,src=buf
NOV,t=36351,emit=1564,nov=0.04863,nov_scaled=0.47266,scale=9.72266,sil=0,acf=1,src=buf
NOV,t=36372,emit=1565,nov=0.06346,nov_scaled=0.61719,scale=9.72266,sil=0,acf=1,src=buf
NOV,t=36395,emit=1566,nov=0.04863,nov_scaled=0.47266,scale=9.75391,sil=0,acf=1,src=buf
NOV,t=36417,emit=1567,nov=0.02762,nov_scaled=0.26953,scale=9.75391,sil=0,acf=1,src=buf
NOV,t=36440,emit=1568,nov=0.01790,nov_scaled=0.17578,scale=9.75391,sil=0,acf=1,src=buf
NOV,t=36464,emit=1569,nov=0.05182,nov_scaled=0.50781,scale=9.78125,sil=0,acf=1,src=buf
NOV,t=36485,emit=1570,nov=0.09325,nov_scaled=0.91016,scale=9.78125,sil=0,acf=1,src=buf
NOV,t=36508,emit=1571,nov=0.09471,nov_scaled=0.92578,scale=9.78125,sil=0,acf=1,src=buf
NOV,t=36530,emit=1572,nov=0.07411,nov_scaled=0.72656,scale=9.81250,sil=0,acf=1,src=buf
NOV,t=36553,emit=1573,nov=0.05454,nov_scaled=0.53516,scale=9.81250,sil=0,acf=1,src=buf
NOV,t=36575,emit=1574,nov=0.03622,nov_scaled=0.35547,scale=9.81250,sil=0,acf=1,src=buf
NOV,t=36598,emit=1575,nov=0.17630,nov_scaled=1.73437,scale=9.83984,sil=0,acf=1,src=buf
NOV,t=36620,emit=1576,nov=0.18032,nov_scaled=1.77344,scale=9.83984,sil=0,acf=1,src=buf
NOV,t=36642,emit=1577,nov=0.09966,nov_scaled=0.98047,scale=9.83984,sil=0,acf=1,src=buf
NOV,t=36666,emit=1578,nov=0.05780,nov_scaled=0.57031,scale=9.87109,sil=0,acf=1,src=buf
NOV,t=36687,emit=1579,nov=0.02103,nov_scaled=0.20703,scale=9.87109,sil=0,acf=1,src=buf
NOV,t=36710,emit=1580,nov=0.03221,nov_scaled=0.31641,scale=9.87109,sil=0,acf=1,src=buf
NOV,t=36732,emit=1581,nov=0.05412,nov_scaled=0.53516,scale=9.89844,sil=0,acf=1,src=buf
NOV,t=36755,emit=1582,nov=0.05524,nov_scaled=0.54687,scale=9.89844,sil=0,acf=1,src=buf
NOV,t=36778,emit=1583,nov=0.03664,nov_scaled=0.36328,scale=9.89844,sil=0,acf=1,src=buf
NOV,t=36800,emit=1584,nov=0.02139,nov_scaled=0.21094,scale=9.92969,sil=0,acf=1,src=buf
NOV,t=36824,emit=1585,nov=0.08655,nov_scaled=0.85937,scale=9.92969,sil=0,acf=1,src=buf
NOV,t=36845,emit=1586,nov=0.11501,nov_scaled=1.14063,scale=9.92969,sil=0,acf=1,src=buf
NOV,t=36868,emit=1587,nov=0.08099,nov_scaled=0.80469,scale=9.95703,sil=0,acf=1,src=buf
NOV,t=36890,emit=1588,nov=0.05356,nov_scaled=0.53516,scale=9.95703,sil=0,acf=1,src=buf
NOV,t=36913,emit=1589,nov=0.04878,nov_scaled=0.48437,scale=9.95703,sil=0,acf=1,src=buf
NOV,t=36935,emit=1590,nov=0.03024,nov_scaled=0.30078,scale=9.98828,sil=0,acf=1,src=buf
NOV,t=36958,emit=1591,nov=0.06932,nov_scaled=0.69141,scale=9.98828,sil=0,acf=1,src=buf
NOV,t=36981,emit=1592,nov=0.06844,nov_scaled=0.68359,scale=9.98828,sil=0,acf=1,src=buf
NOV,t=37003,emit=1593,nov=0.06358,nov_scaled=0.63672,scale=10.01953,sil=0,acf=1,src=buf
NOV,t=37026,emit=1594,nov=0.06674,nov_scaled=0.66797,scale=10.01953,sil=0,acf=1,src=buf
NOV,t=37047,emit=1595,nov=0.19713,nov_scaled=1.97656,scale=10.01953,sil=0,acf=1,src=buf
NOV,t=37070,emit=1596,nov=0.21569,nov_scaled=2.11328,scale=9.79297,sil=0,acf=1,src=buf
NOV,t=37092,emit=1597,nov=0.16185,nov_scaled=1.58594,scale=9.79297,sil=0,acf=1,src=buf
NOV,t=37116,emit=1598,nov=0.05606,nov_scaled=0.55078,scale=9.79297,sil=0,acf=1,src=buf
NOV,t=37138,emit=1599,nov=0.03964,nov_scaled=0.38281,scale=9.64844,sil=0,acf=1,src=buf
NOV,t=37160,emit=1600,nov=0.01172,nov_scaled=0.11328,scale=9.64844,sil=0,acf=1,src=buf
NOV,t=37182,emit=1601,nov=0.05017,nov_scaled=0.48437,scale=9.64844,sil=0,acf=1,src=buf
NOV,t=37205,emit=1602,nov=0.06076,nov_scaled=0.58203,scale=9.55078,sil=0,acf=1,src=buf
NOV,t=37228,emit=1603,nov=0.05820,nov_scaled=0.55469,scale=9.55078,sil=0,acf=1,src=buf
NOV,t=37251,emit=1604,nov=0.04115,nov_scaled=0.39453,scale=9.55078,sil=0,acf=1,src=buf
NOV,t=37273,emit=1605,nov=0.02678,nov_scaled=0.25391,scale=9.49219,sil=0,acf=1,src=buf
NOV,t=37296,emit=1606,nov=0.06346,nov_scaled=0.60156,scale=9.49219,sil=0,acf=1,src=buf
NOV,t=37318,emit=1607,nov=0.07453,nov_scaled=0.70703,scale=9.49219,sil=0,acf=1,src=buf
NOV,t=37341,emit=1608,nov=0.03664,nov_scaled=0.34766,scale=9.46094,sil=0,acf=1,src=buf
NOV,t=37362,emit=1609,nov=0.02817,nov_scaled=0.26562,scale=9.46094,sil=0,acf=1,src=buf
NOV,t=37385,emit=1610,nov=0.02139,nov_scaled=0.20312,scale=9.46094,sil=0,acf=1,src=buf
NOV,t=37407,emit=1611,nov=0.07744,nov_scaled=0.73047,scale=9.44531,sil=0,acf=1,src=buf
NOV,t=37431,emit=1612,nov=0.09726,nov_scaled=0.91797,scale=9.44531,sil=0,acf=1,src=buf
NOV,t=37453,emit=1613,nov=0.08829,nov_scaled=0.83203,scale=9.44531,sil=0,acf=1,src=buf
NOV,t=37475,emit=1614,nov=0.07170,nov_scaled=0.67578,scale=9.44531,sil=0,acf=1,src=buf
NOV,t=37499,emit=1615,nov=0.05092,nov_scaled=0.48047,scale=9.44531,sil=0,acf=1,src=buf
NOV,t=37520,emit=1616,nov=0.12615,nov_scaled=1.19141,scale=9.44531,sil=0,acf=1,src=buf
NOV,t=37543,emit=1617,nov=0.16555,nov_scaled=1.56641,scale=9.45312,sil=0,acf=1,src=buf
NOV,t=37565,emit=1618,nov=0.15012,nov_scaled=1.41797,scale=9.45312,sil=0,acf=1,src=buf
NOV,t=37588,emit=1619,nov=0.09912,nov_scaled=0.93750,scale=9.45312,sil=0,acf=1,src=buf
NOV,t=37611,emit=1620,nov=0.03360,nov_scaled=0.31641,scale=9.46484,sil=0,acf=1,src=buf
NOV,t=37633,emit=1621,nov=0.01512,nov_scaled=0.14453,scale=9.46484,sil=0,acf=1,src=buf
NOV,t=37656,emit=1622,nov=0.02922,nov_scaled=0.27734,scale=9.46484,sil=0,acf=1,src=buf
NOV,t=37677,emit=1623,nov=0.05646,nov_scaled=0.53516,scale=9.48437,sil=0,acf=1,src=buf
NOV,t=37700,emit=1624,nov=0.04752,nov_scaled=0.44922,scale=9.48437,sil=0,acf=1,src=buf
NOV,t=37722,emit=1625,nov=0.03427,nov_scaled=0.32422,scale=9.48437,sil=0,acf=1,src=buf
NOV,t=37745,emit=1626,nov=0.02438,nov_scaled=0.23047,scale=9.50391,sil=0,acf=1,src=buf
NOV,t=37767,emit=1627,nov=0.10590,nov_scaled=1.00781,scale=9.50391,sil=0,acf=1,src=buf
NOV,t=37790,emit=1628,nov=0.10408,nov_scaled=0.98828,scale=9.50391,sil=0,acf=1,src=buf
NOV,t=37812,emit=1629,nov=0.06976,nov_scaled=0.66406,scale=9.52734,sil=0,acf=1,src=buf
NOV,t=37835,emit=1630,nov=0.05397,nov_scaled=0.51562,scale=9.52734,sil=0,acf=1,src=buf
NOV,t=37858,emit=1631,nov=0.04021,nov_scaled=0.38281,scale=9.52734,sil=0,acf=1,src=buf
NOV,t=37880,emit=1632,nov=0.07297,nov_scaled=0.69531,scale=9.55469,sil=0,acf=1,src=buf
NOV,t=37903,emit=1633,nov=0.07604,nov_scaled=0.72656,scale=9.55469,sil=0,acf=1,src=buf
NOV,t=37925,emit=1634,nov=0.07276,nov_scaled=0.69531,scale=9.55469,sil=0,acf=1,src=buf
NOV,t=37948,emit=1635,nov=0.07753,nov_scaled=0.74219,scale=9.58203,sil=0,acf=1,src=buf
NOV,t=37970,emit=1636,nov=0.06987,nov_scaled=0.66797,scale=9.58203,sil=0,acf=1,src=buf
NOV,t=37992,emit=1637,nov=0.19557,nov_scaled=1.87500,scale=9.58203,sil=0,acf=1,src=buf
NOV,t=38016,emit=1638,nov=0.17913,nov_scaled=1.72266,scale=9.60937,sil=0,acf=1,src=buf
NOV,t=38037,emit=1639,nov=0.11475,nov_scaled=1.10156,scale=9.60937,sil=0,acf=1,src=buf
NOV,t=38060,emit=1640,nov=0.04720,nov_scaled=0.45312,scale=9.60937,sil=0,acf=1,src=buf
NOV,t=38082,emit=1641,nov=0.03244,nov_scaled=0.31250,scale=9.63672,sil=0,acf=1,src=buf
NOV,t=38106,emit=1642,nov=0.00781,nov_scaled=0.07422,scale=9.63672,sil=0,acf=1,src=buf
NOV,t=38128,emit=1643,nov=0.05226,nov_scaled=0.50391,scale=9.63672,sil=0,acf=1,src=buf
NOV,t=38150,emit=1644,nov=0.05646,nov_scaled=0.54687,scale=9.66406,sil=0,acf=1,src=buf
NOV,t=38173,emit=1645,nov=0.05002,nov_scaled=0.48437,scale=9.66406,sil=0,acf=1,src=buf
NOV,t=38195,emit=1646,nov=0.02762,nov_scaled=0.26562,scale=9.66406,sil=0,acf=1,src=buf
NOV,t=38218,emit=1647,nov=0.02896,nov_scaled=0.28125,scale=9.69141,sil=0,acf=1,src=buf
NOV,t=38240,emit=1648,nov=0.07773,nov_scaled=0.75391,scale=9.69141,sil=0,acf=1,src=buf
NOV,t=38263,emit=1649,nov=0.06250,nov_scaled=0.60547,scale=9.69141,sil=0,acf=1,src=buf
NOV,t=38285,emit=1650,nov=0.03622,nov_scaled=0.35156,scale=9.71875,sil=0,acf=1,src=buf
NOV,t=38307,emit=1651,nov=0.03360,nov_scaled=0.32812,scale=9.71875,sil=0,acf=1,src=buf
NOV,t=38330,emit=1652,nov=0.02620,nov_scaled=0.25391,scale=9.71875,sil=0,acf=1,src=buf
NOV,t=38352,emit=1653,nov=0.10401,nov_scaled=1.01563,scale=9.75000,sil=0,acf=1,src=buf
NOV,t=38375,emit=1654,nov=0.10625,nov_scaled=1.03516,scale=9.75000,sil=0,acf=1,src=buf
NOV,t=38397,emit=1655,nov=0.07308,nov_scaled=0.71094,scale=9.75000,sil=0,acf=1,src=buf
NOV,t=38420,emit=1656,nov=0.06674,nov_scaled=0.65234,scale=9.77734,sil=0,acf=1,src=buf
NOV,t=38443,emit=1657,nov=0.04909,nov_scaled=0.48047,scale=9.77734,sil=0,acf=1,src=buf
NOV,t=38465,emit=1658,nov=0.14002,nov_scaled=1.37109,scale=9.77734,sil=0,acf=1,src=buf
NOV,t=38489,emit=1659,nov=0.19522,nov_scaled=1.91406,scale=9.80859,sil=0,acf=1,src=buf
NOV,t=38510,emit=1660,nov=0.12322,nov_scaled=1.20703,scale=9.80859,sil=0,acf=1,src=buf
NOV,t=38533,emit=1661,nov=0.04926,nov_scaled=0.48437,scale=9.80859,sil=0,acf=1,src=buf
NOV,t=38555,emit=1662,nov=0.02620,nov_scaled=0.25781,scale=9.83594,sil=0,acf=1,src=buf
NOV,t=38578,emit=1663,nov=0.02470,nov_scaled=0.24219,scale=9.83594,sil=0,acf=1,src=buf
NOV,t=38601,emit=1664,nov=0.04242,nov_scaled=0.41797,scale=9.83594,sil=0,acf=1,src=buf
NOV,t=38623,emit=1665,nov=0.06606,nov_scaled=0.65234,scale=9.86719,sil=0,acf=1,src=buf
NOV,t=38646,emit=1666,nov=0.05496,nov_scaled=0.54297,scale=9.86719,sil=0,acf=1,src=buf
NOV,t=38668,emit=1667,nov=0.03099,nov_scaled=0.30469,scale=9.86719,sil=0,acf=1,src=buf
NOV,t=38691,emit=1668,nov=0.05924,nov_scaled=0.58594,scale=9.89453,sil=0,acf=1,src=buf
NOV,t=38712,emit=1669,nov=0.09342,nov_scaled=0.92578,scale=9.89453,sil=0,acf=1,src=buf
NOV,t=38735,emit=1670,nov=0.08386,nov_scaled=0.82812,scale=9.89453,sil=0,acf=1,src=buf
NOV,t=38757,emit=1671,nov=0.06151,nov_scaled=0.60937,scale=9.92578,sil=0,acf=1,src=buf
NOV,t=38780,emit=1672,nov=0.03622,nov_scaled=0.35937,scale=9.92578,sil=0,acf=1,src=buf
NOV,t=38803,emit=1673,nov=0.03360,nov_scaled=0.33203,scale=9.92578,sil=0,acf=1,src=buf
NOV,t=38825,emit=1674,nov=0.07181,nov_scaled=0.71484,scale=9.95703,sil=0,acf=1,src=buf
NOV,t=38848,emit=1675,nov=0.07523,nov_scaled=0.75000,scale=9.95703,sil=0,acf=1,src=buf
NOV,t=38870,emit=1676,nov=0.07318,nov_scaled=0.73047,scale=9.95703,sil=0,acf=1,src=buf
NOV,t=38894,emit=1677,nov=0.07773,nov_scaled=0.77734,scale=9.98437,sil=0,acf=1,src=buf
NOV,t=38915,emit=1678,nov=0.06114,nov_scaled=0.60937,scale=9.98437,sil=0,acf=1,src=buf
NOV,t=38938,emit=1679,nov=0.16323,nov_scaled=1.62891,scale=9.98437,sil=0,acf=1,src=buf
NOV,t=38961,emit=1680,nov=0.15639,nov_scaled=1.56641,scale=10.01562,sil=0,acf=1,src=buf
NOV,t=38983,emit=1681,nov=0.12328,nov_scaled=1.23438,scale=10.01562,sil=0,acf=1,src=buf
NOV,t=39006,emit=1682,nov=0.04059,nov_scaled=0.40625,scale=10.01562,sil=0,acf=1,src=buf
NOV,t=39027,emit=1683,nov=0.01657,nov_scaled=0.16797,scale=10.04687,sil=0,acf=1,src=buf
NOV,t=39050,emit=1684,nov=0.03558,nov_scaled=0.35937,scale=10.04687,sil=0,acf=1,src=buf
NOV,t=39072,emit=1685,nov=0.06014,nov_scaled=0.60547,scale=10.04687,sil=0,acf=1,src=buf
NOV,t=39095,emit=1686,nov=0.06014,nov_scaled=0.60547,scale=10.07422,sil=0,acf=1,src=buf
NOV,t=39119,emit=1687,nov=0.04521,nov_scaled=0.45703,scale=10.07422,sil=0,acf=1,src=buf
NOV,t=39140,emit=1688,nov=0.02470,nov_scaled=0.25000,scale=10.07422,sil=0,acf=1,src=buf
NOV,t=39164,emit=1689,nov=0.05962,nov_scaled=0.60156,scale=10.10547,sil=0,acf=1,src=buf
NOV,t=39185,emit=1690,nov=0.07401,nov_scaled=0.74609,scale=10.10547,sil=0,acf=1,src=buf
NOV,t=39208,emit=1691,nov=0.06297,nov_scaled=0.63672,scale=10.10547,sil=0,acf=1,src=buf
NOV,t=39230,emit=1692,nov=0.03493,nov_scaled=0.35547,scale=10.13672,sil=0,acf=1,src=buf
NOV,t=39253,emit=1693,nov=0.02817,nov_scaled=0.28516,scale=10.13672,sil=0,acf=1,src=buf
NOV,t=39276,emit=1694,nov=0.03906,nov_scaled=0.39453,scale=10.13672,sil=0,acf=1,src=buf
NOV,t=39297,emit=1695,nov=0.09631,nov_scaled=0.98047,scale=10.16797,sil=0,acf=1,src=buf
NOV,t=39320,emit=1696,nov=0.09757,nov_scaled=0.99219,scale=10.16797,sil=0,acf=1,src=buf
NOV,t=39343,emit=1697,nov=0.07503,nov_scaled=0.76172,scale=10.16797,sil=0,acf=1,src=buf
NOV,t=39365,emit=1698,nov=0.06064,nov_scaled=0.61719,scale=10.19922,sil=0,acf=1,src=buf
NOV,t=39387,emit=1699,nov=0.03886,nov_scaled=0.39453,scale=10.19922,sil=0,acf=1,src=buf
NOV,t=39410,emit=1700,nov=0.13269,nov_scaled=1.35156,scale=10.19922,sil=0,acf=1,src=buf
NOV,t=39434,emit=1701,nov=0.14531,nov_scaled=1.48437,scale=10.22656,sil=0,acf=1,src=buf
NOV,t=39455,emit=1702,nov=0.08476,nov_scaled=0.86719,scale=10.22656,sil=0,acf=1,src=buf
NOV,t=39478,emit=1703,nov=0.04384,nov_scaled=0.44922,scale=10.22656,sil=0,acf=1,src=buf
NOV,t=39500,emit=1704,nov=0.01790,nov_scaled=0.18359,scale=10.25781,sil=0,acf=1,src=buf
NOV,t=39523,emit=1705,nov=0.04971,nov_scaled=0.51172,scale=10.25781,sil=0,acf=1,src=buf
NOV,t=39546,emit=1706,nov=0.06525,nov_scaled=0.66797,scale=10.25781,sil=0,acf=1,src=buf
NOV,t=39568,emit=1707,nov=0.06212,nov_scaled=0.64062,scale=10.28906,sil=0,acf=1,src=buf
NOV,t=39591,emit=1708,nov=0.03983,nov_scaled=0.41016,scale=10.28906,sil=0,acf=1,src=buf
NOV,t=39613,emit=1709,nov=0.02870,nov_scaled=0.29687,scale=10.28906,sil=0,acf=1,src=buf
NOV,t=39635,emit=1710,nov=0.08646,nov_scaled=0.89062,scale=10.32031,sil=0,acf=1,src=buf
NOV,t=39657,emit=1711,nov=0.10356,nov_scaled=1.07031,scale=10.32031,sil=0,acf=1,src=buf
NOV,t=39680,emit=1712,nov=0.07871,nov_scaled=0.81250,scale=10.32031,sil=0,acf=1,src=buf
NOV,t=39702,emit=1713,nov=0.05469,nov_scaled=0.56641,scale=10.35156,sil=0,acf=1,src=buf
NOV,t=39725,emit=1714,nov=0.05483,nov_scaled=0.56641,scale=10.35156,sil=0,acf=1,src=buf
NOV,t=39749,emit=1715,nov=0.04538,nov_scaled=0.46875,scale=10.35156,sil=0,acf=1,src=buf
NOV,t=39770,emit=1716,nov=0.08165,nov_scaled=0.84766,scale=10.38281,sil=0,acf=1,src=buf
NOV,t=39793,emit=1717,nov=0.11501,nov_scaled=1.19531,scale=10.38281,sil=0,acf=1,src=buf
NOV,t=39815,emit=1718,nov=0.06535,nov_scaled=0.67969,scale=10.38281,sil=0,acf=1,src=buf
NOV,t=39838,emit=1719,nov=0.09317,nov_scaled=0.96875,scale=10.41406,sil=0,acf=1,src=buf
NOV,t=39860,emit=1720,nov=0.06525,nov_scaled=0.67969,scale=10.41406,sil=0,acf=1,src=buf
NOV,t=39883,emit=1721,nov=0.07674,nov_scaled=0.80078,scale=10.41406,sil=0,acf=1,src=buf
NOV,t=39906,emit=1722,nov=0.04720,nov_scaled=0.49219,scale=10.44531,sil=0,acf=1,src=buf
NOV,t=39927,emit=1723,nov=0.06064,nov_scaled=0.63281,scale=10.44531,sil=0,acf=1,src=buf
NOV,t=39951,emit=1724,nov=0.04894,nov_scaled=0.51172,scale=10.44531,sil=0,acf=1,src=buf
NOV,t=39972,emit=1725,nov=0.03827,nov_scaled=0.40234,scale=10.47656,sil=0,acf=1,src=buf
NOV,t=39995,emit=1726,nov=0.09920,nov_scaled=1.03906,scale=10.47656,sil=0,acf=1,src=buf
NOV,t=40017,emit=1727,nov=0.09102,nov_scaled=0.95312,scale=10.47656,sil=0,acf=1,src=buf
NOV,t=40040,emit=1728,nov=0.06664,nov_scaled=0.69922,scale=10.50781,sil=0,acf=1,src=buf
NOV,t=40063,emit=1729,nov=0.04115,nov_scaled=0.43359,scale=10.50781,sil=0,acf=1,src=buf
NOV,t=40085,emit=1730,nov=0.04115,nov_scaled=0.43359,scale=10.50781,sil=0,acf=1,src=buf
NOV,t=40109,emit=1731,nov=0.08267,nov_scaled=0.87109,scale=10.53906,sil=0,acf=1,src=buf
NOV,t=40130,emit=1732,nov=0.08890,nov_scaled=0.93750,scale=10.53906,sil=0,acf=1,src=buf
NOV,t=40153,emit=1733,nov=0.05646,nov_scaled=0.59375,scale=10.53906,sil=0,acf=1,src=buf
NOV,t=40176,emit=1734,nov=0.04059,nov_scaled=0.42969,scale=10.57031,sil=0,acf=1,src=buf
NOV,t=40198,emit=1735,nov=0.03267,nov_scaled=0.34375,scale=10.57031,sil=0,acf=1,src=buf
NOV,t=40221,emit=1736,nov=0.10111,nov_scaled=1.07031,scale=10.57031,sil=0,acf=1,src=buf
NOV,t=40242,emit=1737,nov=0.10712,nov_scaled=1.13672,scale=10.60547,sil=0,acf=1,src=buf
NOV,t=40266,emit=1738,nov=0.08414,nov_scaled=0.89062,scale=10.60547,sil=0,acf=1,src=buf
NOV,t=40288,emit=1739,nov=0.06616,nov_scaled=0.70312,scale=10.60547,sil=0,acf=1,src=buf
NOV,t=40310,emit=1740,nov=0.05167,nov_scaled=0.55078,scale=10.63672,sil=0,acf=1,src=buf
NOV,t=40332,emit=1741,nov=0.06346,nov_scaled=0.67578,scale=10.63672,sil=0,acf=1,src=buf
NOV,t=40356,emit=1742,nov=0.04115,nov_scaled=0.43750,scale=10.63672,sil=0,acf=1,src=buf
NOV,t=40378,emit=1743,nov=0.04816,nov_scaled=0.51562,scale=10.66797,sil=0,acf=1,src=buf
NOV,t=40400,emit=1744,nov=0.04207,nov_scaled=0.44922,scale=10.66797,sil=0,acf=1,src=buf
NOV,t=40424,emit=1745,nov=0.04816,nov_scaled=0.51562,scale=10.66797,sil=0,acf=1,src=buf
NOV,t=40445,emit=1746,nov=0.04767,nov_scaled=0.51172,scale=10.69922,sil=0,acf=1,src=buf
NOV,t=40468,emit=1747,nov=0.07483,nov_scaled=0.80078,scale=10.69922,sil=0,acf=1,src=buf
NOV,t=40491,emit=1748,nov=0.09543,nov_scaled=1.01953,scale=10.69922,sil=0,acf=1,src=buf
NOV,t=40513,emit=1749,nov=0.06616,nov_scaled=0.71094,scale=10.73047,sil=0,acf=1,src=buf
NOV,t=40536,emit=1750,nov=0.05524,nov_scaled=0.59375,scale=10.73047,sil=0,acf=1,src=buf
NOV,t=40557,emit=1751,nov=0.04971,nov_scaled=0.53516,scale=10.73047,sil=0,acf=1,src=buf
NOV,t=40581,emit=1752,nov=0.10275,nov_scaled=1.10547,scale=10.76562,sil=0,acf=1,src=buf
NOV,t=40602,emit=1753,nov=0.11441,nov_scaled=1.23047,scale=10.76562,sil=0,acf=1,src=buf
NOV,t=40625,emit=1754,nov=0.07985,nov_scaled=0.85937,scale=10.76562,sil=0,acf=1,src=buf
NOV,t=40647,emit=1755,nov=0.06285,nov_scaled=0.67969,scale=10.79687,sil=0,acf=1,src=buf
NOV,t=40670,emit=1756,nov=0.05832,nov_scaled=0.62891,scale=10.79687,sil=0,acf=1,src=buf
NOV,t=40693,emit=1757,nov=0.07634,nov_scaled=0.82422,scale=10.79687,sil=0,acf=1,src=buf
NOV,t=40715,emit=1758,nov=0.09244,nov_scaled=1.00000,scale=10.82812,sil=0,acf=1,src=buf
NOV,t=40739,emit=1759,nov=0.08557,nov_scaled=0.92578,scale=10.82812,sil=0,acf=1,src=buf
NOV,t=40760,emit=1760,nov=0.08495,nov_scaled=0.91797,scale=10.82812,sil=0,acf=1,src=buf
NOV,t=40783,emit=1761,nov=0.09009,nov_scaled=0.97656,scale=10.85937,sil=0,acf=1,src=buf
NOV,t=40806,emit=1762,nov=0.06175,nov_scaled=0.67187,scale=10.85937,sil=0,acf=1,src=buf
NOV,t=40828,emit=1763,nov=0.08070,nov_scaled=0.87500,scale=10.85937,sil=0,acf=1,src=buf
NOV,t=40851,emit=1764,nov=0.06777,nov_scaled=0.73828,scale=10.89453,sil=0,acf=1,src=buf
NOV,t=40872,emit=1765,nov=0.04419,nov_scaled=0.48047,scale=10.89453,sil=0,acf=1,src=buf
NOV,t=40896,emit=1766,nov=0.03906,nov_scaled=0.42578,scale=10.89453,sil=0,acf=1,src=buf
NOV,t=40918,emit=1767,nov=0.03291,nov_scaled=0.35937,scale=10.92578,sil=0,acf=1,src=buf
NOV,t=40940,emit=1768,nov=0.08258,nov_scaled=0.90234,scale=10.92578,sil=0,acf=1,src=buf
NOV,t=40963,emit=1769,nov=0.07224,nov_scaled=0.78906,scale=10.92578,sil=0,acf=1,src=buf
NOV,t=40985,emit=1770,nov=0.05002,nov_scaled=0.54687,scale=10.96094,sil=1,acf=1,src=buf
NOV,t=41009,emit=1771,nov=0.04555,nov_scaled=0.50000,scale=10.96094,sil=1,acf=1,src=buf
NOV,t=41030,emit=1772,nov=0.06126,nov_scaled=0.67187,scale=10.96094,sil=1,acf=1,src=buf
NOV,t=41054,emit=1773,nov=0.09905,nov_scaled=1.08984,scale=10.99219,sil=1,acf=1,src=buf
NOV,t=41075,emit=1774,nov=0.08829,nov_scaled=0.96875,scale=10.99219,sil=1,acf=1,src=buf
NOV,t=41099,emit=1775,nov=0.05002,nov_scaled=0.55078,scale=10.99219,sil=1,acf=1,src=buf
NOV,t=41121,emit=1776,nov=0.03360,nov_scaled=0.37109,scale=11.02734,sil=1,acf=1,src=buf
NOV,t=41143,emit=1777,nov=0.03664,nov_scaled=0.40234,scale=11.02734,sil=1,acf=1,src=buf
NOV,t=41166,emit=1778,nov=0.09920,nov_scaled=1.09375,scale=11.02734,sil=1,acf=1,src=buf
NOV,t=41188,emit=1779,nov=0.10661,nov_scaled=1.17969,scale=11.05859,sil=1,acf=1,src=buf
NOV,t=41211,emit=1780,nov=0.07422,nov_scaled=0.82031,scale=11.05859,sil=1,acf=1,src=buf
NOV,t=41232,emit=1781,nov=0.08231,nov_scaled=0.91016,scale=11.05859,sil=1,acf=1,src=buf
NOV,t=41255,emit=1782,nov=0.07860,nov_scaled=0.87109,scale=11.09375,sil=1,acf=1,src=buf
NOV,t=41277,emit=1783,nov=0.11341,nov_scaled=1.25781,scale=11.09375,sil=1,acf=1,src=buf
NOV,t=41300,emit=1784,nov=0.16149,nov_scaled=1.79297,scale=11.09375,sil=1,acf=1,src=buf
NOV,t=41324,emit=1785,nov=0.15521,nov_scaled=1.72656,scale=11.12500,sil=1,acf=1,src=buf
NOV,t=41345,emit=1786,nov=0.11771,nov_scaled=1.30859,scale=11.12500,sil=1,acf=1,src=buf
NOV,t=41368,emit=1787,nov=0.07514,nov_scaled=0.83594,scale=11.12500,sil=1,acf=1,src=buf
NOV,t=41390,emit=1788,nov=0.02277,nov_scaled=0.25391,scale=11.16016,sil=1,acf=1,src=buf
NOV,t=41414,emit=1789,nov=0.01831,nov_scaled=0.20312,scale=11.16016,sil=1,acf=1,src=buf
NOV,t=41435,emit=1790,nov=0.03221,nov_scaled=0.35937,scale=11.16016,sil=1,acf=1,src=buf
NOV,t=41458,emit=1791,nov=0.03050,nov_scaled=0.33984,scale=11.19141,sil=1,acf=1,src=buf
NOV,t=41480,emit=1792,nov=0.01953,nov_scaled=0.21875,scale=11.19141,sil=1,acf=1,src=buf
NOV,t=41504,emit=1793,nov=0.02974,nov_scaled=0.33203,scale=11.19141,sil=1,acf=1,src=buf
NOV,t=41526,emit=1794,nov=0.09859,nov_scaled=1.10547,scale=11.22656,sil=1,acf=1,src=buf
NOV,t=41548,emit=1795,nov=0.08594,nov_scaled=0.96484,scale=11.22656,sil=1,acf=1,src=buf
NOV,t=41571,emit=1796,nov=0.05524,nov_scaled=0.62109,scale=11.22656,sil=1,acf=1,src=buf
NOV,t=41593,emit=1797,nov=0.03314,nov_scaled=0.37500,scale=11.25781,sil=1,acf=1,src=buf
NOV,t=41616,emit=1798,nov=0.05063,nov_scaled=0.57031,scale=11.25781,sil=1,acf=1,src=buf
NOV,t=41637,emit=1799,nov=0.07900,nov_scaled=0.89062,scale=11.25781,sil=1,acf=1,src=buf
NOV,t=41660,emit=1800,nov=0.08916,nov_scaled=1.00781,scale=11.29297,sil=1,acf=1,src=buf
NOV,t=41682,emit=1801,nov=0.10170,nov_scaled=1.14844,scale=11.29297,sil=1,acf=1,src=buf
NOV,t=41705,emit=1802,nov=0.09218,nov_scaled=1.03906,scale=11.29297,sil=1,acf=1,src=buf
NOV,t=41728,emit=1803,nov=0.09702,nov_scaled=1.09766,scale=11.32812,sil=1,acf=1,src=buf
NOV,t=41750,emit=1804,nov=0.15987,nov_scaled=1.81250,scale=11.32812,sil=1,acf=1,src=buf
NOV,t=41773,emit=1805,nov=0.14585,nov_scaled=1.65234,scale=11.32812,sil=1,acf=1,src=buf
NOV,t=41795,emit=1806,nov=0.12197,nov_scaled=1.38672,scale=11.36328,sil=1,acf=1,src=buf
NOV,t=41818,emit=1807,nov=0.07492,nov_scaled=0.85156,scale=11.36328,sil=1,acf=1,src=buf
NOV,t=41840,emit=1808,nov=0.04956,nov_scaled=0.56250,scale=11.36328,sil=1,acf=1,src=buf
NOV,t=41863,emit=1809,nov=0.01953,nov_scaled=0.22266,scale=11.39453,sil=1,acf=1,src=buf
NOV,t=41885,emit=1810,nov=0.02531,nov_scaled=0.28906,scale=11.39453,sil=1,acf=1,src=buf
NOV,t=41908,emit=1811,nov=0.02591,nov_scaled=0.29687,scale=11.39453,sil=1,acf=1,src=buf
NOV,t=41930,emit=1812,nov=0.02470,nov_scaled=0.28125,scale=11.42969,sil=1,acf=1,src=buf
NOV,t=41953,emit=1813,nov=0.01953,nov_scaled=0.22266,scale=11.42969,sil=1,acf=1,src=buf
NOV,t=41976,emit=1814,nov=0.02344,nov_scaled=0.26953,scale=11.42969,sil=1,acf=1,src=buf
NOV,t=41997,emit=1815,nov=0.05454,nov_scaled=0.62500,scale=11.46484,sil=1,acf=1,src=buf
NOV,t=42020,emit=1816,nov=0.08258,nov_scaled=0.94531,scale=11.46484,sil=1,acf=1,src=buf
NOV,t=42042,emit=1817,nov=0.10170,nov_scaled=1.16406,scale=11.46484,sil=1,acf=1,src=buf
NOV,t=42065,emit=1818,nov=0.09169,nov_scaled=1.05469,scale=11.50000,sil=1,acf=1,src=buf
NOV,t=42089,emit=1819,nov=0.07401,nov_scaled=0.85156,scale=11.50000,sil=1,acf=1,src=buf
NOV,t=42110,emit=1820,nov=0.09366,nov_scaled=1.07813,scale=11.50000,sil=1,acf=1,src=buf
NOV,t=42133,emit=1821,nov=0.12456,nov_scaled=1.43750,scale=11.53516,sil=1,acf=1,src=buf
NOV,t=42155,emit=1822,nov=0.10149,nov_scaled=1.17188,scale=11.53516,sil=1,acf=1,src=buf
NOV,t=42178,emit=1823,nov=0.07327,nov_scaled=0.84375,scale=11.53516,sil=1,acf=1,src=buf
NOV,t=42200,emit=1824,nov=0.07462,nov_scaled=0.86328,scale=11.56641,sil=1,acf=1,src=buf
NOV,t=42223,emit=1825,nov=0.13469,nov_scaled=1.55859,scale=11.56641,sil=1,acf=1,src=buf
NOV,t=42245,emit=1826,nov=0.13497,nov_scaled=1.56250,scale=11.56641,sil=1,acf=1,src=buf
NOV,t=42268,emit=1827,nov=0.10224,nov_scaled=1.18750,scale=11.60156,sil=1,acf=1,src=buf
NOV,t=42290,emit=1828,nov=0.08052,nov_scaled=0.93359,scale=11.60156,sil=1,acf=1,src=buf
NOV,t=42313,emit=1829,nov=0.03886,nov_scaled=0.44922,scale=11.60156,sil=1,acf=1,src=buf
NOV,t=42336,emit=1830,nov=0.01033,nov_scaled=0.12109,scale=11.63672,sil=0,acf=1,src=buf
NOV,t=42358,emit=1831,nov=0.00957,nov_scaled=0.11328,scale=11.63672,sil=0,acf=1,src=buf
NOV,t=42381,emit=1832,nov=0.02560,nov_scaled=0.29687,scale=11.63672,sil=0,acf=1,src=buf
NOV,t=42403,emit=1833,nov=0.01991,nov_scaled=0.23437,scale=11.67187,sil=0,acf=1,src=buf
NOV,t=42426,emit=1834,nov=0.01610,nov_scaled=0.18750,scale=11.67187,sil=0,acf=1,src=buf
NOV,t=42447,emit=1835,nov=0.03404,nov_scaled=0.39844,scale=11.67187,sil=0,acf=1,src=buf
NOV,t=42471,emit=1836,nov=0.08249,nov_scaled=0.96484,scale=11.70703,sil=0,acf=1,src=buf
NOV,t=42492,emit=1837,nov=0.06406,nov_scaled=0.75000,scale=11.70703,sil=0,acf=1,src=buf
NOV,t=42515,emit=1838,nov=0.05975,nov_scaled=0.69922,scale=11.70703,sil=0,acf=1,src=buf
NOV,t=42539,emit=1839,nov=0.06799,nov_scaled=0.79687,scale=11.74219,sil=0,acf=1,src=buf
NOV,t=42560,emit=1840,nov=0.07623,nov_scaled=0.89453,scale=11.74219,sil=0,acf=1,src=buf
NOV,t=42583,emit=1841,nov=0.08467,nov_scaled=0.99609,scale=11.74219,sil=0,acf=1,src=buf
NOV,t=42605,emit=1842,nov=0.09851,nov_scaled=1.16016,scale=11.77734,sil=0,acf=1,src=buf
NOV,t=42628,emit=1843,nov=0.08341,nov_scaled=0.98047,scale=11.77734,sil=0,acf=1,src=buf
NOV,t=42650,emit=1844,nov=0.07514,nov_scaled=0.88672,scale=11.77734,sil=0,acf=1,src=buf
NOV,t=42674,emit=1845,nov=0.11000,nov_scaled=1.30078,scale=11.81250,sil=0,acf=1,src=buf
NOV,t=42696,emit=1846,nov=0.15349,nov_scaled=1.81250,scale=11.81250,sil=0,acf=1,src=buf
NOV,t=42718,emit=1847,nov=0.13194,nov_scaled=1.55859,scale=11.81250,sil=0,acf=1,src=buf
NOV,t=42741,emit=1848,nov=0.10452,nov_scaled=1.23828,scale=11.84766,sil=0,acf=1,src=buf
NOV,t=42763,emit=1849,nov=0.07127,nov_scaled=0.84375,scale=11.84766,sil=0,acf=1,src=buf
NOV,t=42786,emit=1850,nov=0.04401,nov_scaled=0.51953,scale=11.84766,sil=0,acf=1,src=buf
NOV,t=42808,emit=1851,nov=0.01408,nov_scaled=0.16797,scale=11.88281,sil=0,acf=1,src=buf
NOV,t=42831,emit=1852,nov=0.02620,nov_scaled=0.31250,scale=11.88281,sil=0,acf=1,src=buf
NOV,t=42853,emit=1853,nov=0.02470,nov_scaled=0.29297,scale=11.88281,sil=0,acf=1,src=buf
NOV,t=42875,emit=1854,nov=0.01460,nov_scaled=0.17578,scale=11.92187,sil=0,acf=1,src=buf
NOV,t=42898,emit=1855,nov=0.02277,nov_scaled=0.26953,scale=11.92187,sil=0,acf=1,src=buf
NOV,t=42920,emit=1856,nov=0.03558,nov_scaled=0.42578,scale=11.92187,sil=0,acf=1,src=buf
NOV,t=42944,emit=1857,nov=0.06674,nov_scaled=0.79687,scale=11.95703,sil=0,acf=1,src=buf
NOV,t=42965,emit=1858,nov=0.08405,nov_scaled=1.00391,scale=11.95703,sil=0,acf=1,src=buf
NOV,t=42988,emit=1859,nov=0.09981,nov_scaled=1.19141,scale=11.95703,sil=0,acf=1,src=buf
NOV,t=43011,emit=1860,nov=0.08681,nov_scaled=1.03906,scale=11.99219,sil=0,acf=1,src=buf
NOV,t=43034,emit=1861,nov=0.06664,nov_scaled=0.80078,scale=11.99219,sil=0,acf=1,src=buf
NOV,t=43055,emit=1862,nov=0.11705,nov_scaled=1.40234,scale=11.99219,sil=0,acf=1,src=buf
NOV,t=43079,emit=1863,nov=0.12825,nov_scaled=1.54297,scale=12.02734,sil=0,acf=1,src=buf
NOV,t=43100,emit=1864,nov=0.09358,nov_scaled=1.12500,scale=12.02734,sil=0,acf=1,src=buf
NOV,t=43123,emit=1865,nov=0.06641,nov_scaled=0.79687,scale=12.02734,sil=0,acf=1,src=buf
NOV,t=43145,emit=1866,nov=0.09866,nov_scaled=1.19141,scale=12.06250,sil=0,acf=1,src=buf
NOV,t=43169,emit=1867,nov=0.13632,nov_scaled=1.64453,scale=12.06250,sil=0,acf=1,src=buf
NOV,t=43190,emit=1868,nov=0.13593,nov_scaled=1.64062,scale=12.06250,sil=0,acf=1,src=buf
NOV,t=43213,emit=1869,nov=0.10335,nov_scaled=1.25000,scale=12.10156,sil=0,acf=1,src=buf
NOV,t=43235,emit=1870,nov=0.07422,nov_scaled=0.89844,scale=12.10156,sil=0,acf=1,src=buf
NOV,t=43258,emit=1871,nov=0.02734,nov_scaled=0.33203,scale=12.10156,sil=0,acf=1,src=buf
NOV,t=43280,emit=1872,nov=0.00781,nov_scaled=0.09375,scale=12.13672,sil=0,acf=1,src=buf
NOV,t=43303,emit=1873,nov=0.01831,nov_scaled=0.22266,scale=12.13672,sil=0,acf=1,src=buf
NOV,t=43325,emit=1874,nov=0.02438,nov_scaled=0.29687,scale=12.13672,sil=0,acf=1,src=buf
NOV,t=43348,emit=1875,nov=0.02344,nov_scaled=0.28516,scale=12.17187,sil=0,acf=1,src=buf
NOV,t=43371,emit=1876,nov=0.02310,nov_scaled=0.28125,scale=12.17187,sil=0,acf=1,src=buf
NOV,t=43393,emit=1877,nov=0.07411,nov_scaled=0.90234,scale=12.17187,sil=0,acf=1,src=buf
NOV,t=43416,emit=1878,nov=0.09584,nov_scaled=1.17188,scale=12.21094,sil=0,acf=1,src=buf
NOV,t=43438,emit=1879,nov=0.08249,nov_scaled=1.00781,scale=12.21094,sil=0,acf=1,src=buf
NOV,t=43461,emit=1880,nov=0.08655,nov_scaled=1.05859,scale=12.21094,sil=0,acf=1,src=buf
NOV,t=43483,emit=1881,nov=0.06250,nov_scaled=0.76562,scale=12.24609,sil=0,acf=1,src=buf
NOV,t=43505,emit=1882,nov=0.05727,nov_scaled=0.70312,scale=12.24609,sil=0,acf=1,src=buf
NOV,t=43529,emit=1883,nov=0.05727,nov_scaled=0.70312,scale=12.24609,sil=0,acf=1,src=buf
NOV,t=43550,emit=1884,nov=0.06629,nov_scaled=0.81250,scale=12.28516,sil=0,acf=1,src=buf
NOV,t=43574,emit=1885,nov=0.08664,nov_scaled=1.06250,scale=12.28516,sil=0,acf=1,src=buf
NOV,t=43595,emit=1886,nov=0.10356,nov_scaled=1.27344,scale=12.28516,sil=0,acf=1,src=buf
NOV,t=43618,emit=1887,nov=0.14363,nov_scaled=1.76953,scale=12.32031,sil=0,acf=1,src=buf
NOV,t=43640,emit=1888,nov=0.14133,nov_scaled=1.74219,scale=12.32031,sil=0,acf=1,src=buf
NOV,t=43663,emit=1889,nov=0.12891,nov_scaled=1.58984,scale=12.32031,sil=0,acf=1,src=buf
NOV,t=43685,emit=1890,nov=0.08959,nov_scaled=1.10547,scale=12.35937,sil=0,acf=1,src=buf
NOV,t=43708,emit=1891,nov=0.05017,nov_scaled=0.62109,scale=12.35937,sil=0,acf=1,src=buf
NOV,t=43730,emit=1892,nov=0.02896,nov_scaled=0.35937,scale=12.35937,sil=0,acf=1,src=buf
NOV,t=43753,emit=1893,nov=0.01234,nov_scaled=0.15234,scale=12.39453,sil=0,acf=1,src=buf
NOV,t=43775,emit=1894,nov=0.02649,nov_scaled=0.32812,scale=12.39453,sil=0,acf=1,src=buf
NOV,t=43798,emit=1895,nov=0.01953,nov_scaled=0.24219,scale=12.39453,sil=0,acf=1,src=buf
NOV,t=43820,emit=1896,nov=0.03601,nov_scaled=0.44922,scale=12.43359,sil=0,acf=1,src=buf
NOV,t=43844,emit=1897,nov=0.03580,nov_scaled=0.44531,scale=12.43359,sil=0,acf=1,src=buf
NOV,t=43865,emit=1898,nov=0.04096,nov_scaled=0.50781,scale=12.43359,sil=0,acf=1,src=buf
NOV,t=43888,emit=1899,nov=0.05701,nov_scaled=0.71094,scale=12.46875,sil=0,acf=1,src=buf
NOV,t=43910,emit=1900,nov=0.06720,nov_scaled=0.83984,scale=12.46875,sil=0,acf=1,src=buf
NOV,t=43933,emit=1901,nov=0.07614,nov_scaled=0.94922,scale=12.46875,sil=0,acf=1,src=buf
NOV,t=43956,emit=1902,nov=0.08081,nov_scaled=1.01172,scale=12.50781,sil=0,acf=1,src=buf
NOV,t=43978,emit=1903,nov=0.06987,nov_scaled=0.87500,scale=12.50781,sil=0,acf=1,src=buf
NOV,t=44001,emit=1904,nov=0.10881,nov_scaled=1.35938,scale=12.50781,sil=0,acf=1,src=buf
NOV,t=44022,emit=1905,nov=0.08629,nov_scaled=1.08203,scale=12.54297,sil=0,acf=1,src=buf
NOV,t=44046,emit=1906,nov=0.08673,nov_scaled=1.08984,scale=12.54297,sil=0,acf=1,src=buf
NOV,t=44067,emit=1907,nov=0.07634,nov_scaled=0.95703,scale=12.54297,sil=0,acf=1,src=buf
NOV,t=44090,emit=1908,nov=0.12271,nov_scaled=1.54297,scale=12.58203,sil=0,acf=1,src=buf
NOV,t=44112,emit=1909,nov=0.14520,nov_scaled=1.82812,scale=12.58203,sil=0,acf=1,src=buf
NOV,t=44135,emit=1910,nov=0.16228,nov_scaled=2.04297,scale=12.58203,sil=0,acf=1,src=buf
NOV,t=44157,emit=1911,nov=0.09694,nov_scaled=1.21094,scale=12.50781,sil=0,acf=1,src=buf
NOV,t=44180,emit=1912,nov=0.03337,nov_scaled=0.41797,scale=12.50781,sil=0,acf=1,src=buf
NOV,t=44202,emit=1913,nov=0.00957,nov_scaled=0.12109,scale=12.50781,sil=0,acf=1,src=buf
NOV,t=44225,emit=1914,nov=0.00873,nov_scaled=0.10938,scale=12.46875,sil=0,acf=1,src=buf
NOV,t=44248,emit=1915,nov=0.02678,nov_scaled=0.33203,scale=12.46875,sil=0,acf=1,src=buf
NOV,t=44270,emit=1916,nov=0.02310,nov_scaled=0.28906,scale=12.46875,sil=0,acf=1,src=buf
NOV,t=44293,emit=1917,nov=0.01512,nov_scaled=0.18750,scale=12.44922,sil=0,acf=1,src=buf
NOV,t=44315,emit=1918,nov=0.01105,nov_scaled=0.13672,scale=12.44922,sil=0,acf=1,src=buf
NOV,t=44338,emit=1919,nov=0.08673,nov_scaled=1.07813,scale=12.44922,sil=0,acf=1,src=buf
NOV,t=44360,emit=1920,nov=0.11382,nov_scaled=1.41797,scale=12.44922,sil=0,acf=1,src=buf
NOV,t=44384,emit=1921,nov=0.07802,nov_scaled=0.97266,scale=12.44922,sil=0,acf=1,src=buf
NOV,t=44405,emit=1922,nov=0.06200,nov_scaled=0.77344,scale=12.44922,sil=0,acf=1,src=buf
NOV,t=44429,emit=1923,nov=0.04941,nov_scaled=0.61719,scale=12.46094,sil=0,acf=1,src=buf
NOV,t=44450,emit=1924,nov=0.05885,nov_scaled=0.73437,scale=12.46094,sil=0,acf=1,src=buf
NOV,t=44473,emit=1925,nov=0.11069,nov_scaled=1.37891,scale=12.46094,sil=0,acf=1,src=buf
NOV,t=44495,emit=1926,nov=0.09639,nov_scaled=1.20313,scale=12.48047,sil=0,acf=1,src=buf
NOV,t=44518,emit=1927,nov=0.09334,nov_scaled=1.16406,scale=12.48047,sil=0,acf=1,src=buf
NOV,t=44541,emit=1928,nov=0.10193,nov_scaled=1.27344,scale=12.48047,sil=0,acf=1,src=buf
NOV,t=44563,emit=1929,nov=0.12001,nov_scaled=1.50000,scale=12.50391,sil=0,acf=1,src=buf
NOV,t=44586,emit=1930,nov=0.13593,nov_scaled=1.69922,scale=12.50391,sil=0,acf=1,src=buf
NOV,t=44608,emit=1931,nov=0.13570,nov_scaled=1.69531,scale=12.50391,sil=0,acf=1,src=buf
NOV,t=44631,emit=1932,nov=0.07422,nov_scaled=0.92969,scale=12.53125,sil=0,acf=1,src=buf
NOV,t=44653,emit=1933,nov=0.04471,nov_scaled=0.55859,scale=12.53125,sil=0,acf=1,src=buf
NOV,t=44676,emit=1934,nov=0.02922,nov_scaled=0.36719,scale=12.53125,sil=0,acf=1,src=buf
NOV,t=44698,emit=1935,nov=0.02174,nov_scaled=0.27344,scale=12.56250,sil=0,acf=1,src=buf
NOV,t=44721,emit=1936,nov=0.02408,nov_scaled=0.30078,scale=12.56250,sil=0,acf=1,src=buf
NOV,t=44743,emit=1937,nov=0.01991,nov_scaled=0.25000,scale=12.56250,sil=0,acf=1,src=buf
NOV,t=44766,emit=1938,nov=0.03050,nov_scaled=0.38281,scale=12.59766,sil=0,acf=1,src=buf
NOV,t=44788,emit=1939,nov=0.01610,nov_scaled=0.20312,scale=12.59766,sil=0,acf=1,src=buf
NOV,t=44810,emit=1940,nov=0.04816,nov_scaled=0.60547,scale=12.59766,sil=0,acf=1,src=buf
NOV,t=44832,emit=1941,nov=0.04488,nov_scaled=0.56641,scale=12.63281,sil=0,acf=1,src=buf
NOV,t=44855,emit=1942,nov=0.05687,nov_scaled=0.71875,scale=12.63281,sil=0,acf=1,src=buf
NOV,t=44878,emit=1943,nov=0.07842,nov_scaled=0.99219,scale=12.63281,sil=0,acf=1,src=buf
NOV,t=44900,emit=1944,nov=0.06976,nov_scaled=0.88281,scale=12.66797,sil=0,acf=1,src=buf
NOV,t=44923,emit=1945,nov=0.09842,nov_scaled=1.24609,scale=12.66797,sil=0,acf=1,src=buf
NOV,t=44945,emit=1946,nov=0.10895,nov_scaled=1.37891,scale=12.66797,sil=0,acf=1,src=buf
NOV,t=44968,emit=1947,nov=0.10561,nov_scaled=1.33984,scale=12.70312,sil=0,acf=1,src=buf
NOV,t=44991,emit=1948,nov=0.09342,nov_scaled=1.18750,scale=12.70312,sil=0,acf=1,src=buf
NOV,t=45013,emit=1949,nov=0.07390,nov_scaled=0.93750,scale=12.70312,sil=0,acf=1,src=buf
NOV,t=45036,emit=1950,nov=0.11334,nov_scaled=1.44531,scale=12.74219,sil=0,acf=1,src=buf
NOV,t=45058,emit=1951,nov=0.16327,nov_scaled=2.08203,scale=12.74219,sil=0,acf=1,src=buf
NOV,t=45081,emit=1952,nov=0.14035,nov_scaled=1.78906,scale=12.74219,sil=0,acf=1,src=buf
NOV,t=45103,emit=1953,nov=0.08548,nov_scaled=1.07813,scale=12.60156,sil=0,acf=1,src=buf
NOV,t=45125,emit=1954,nov=0.03050,nov_scaled=0.38281,scale=12.60156,sil=0,acf=1,src=buf
NOV,t=45148,emit=1955,nov=0.00676,nov_scaled=0.08594,scale=12.60156,sil=0,acf=1,src=buf
NOV,t=45170,emit=1956,nov=0.00873,nov_scaled=0.10938,scale=12.51562,sil=0,acf=1,src=buf
NOV,t=45193,emit=1957,nov=0.02277,nov_scaled=0.28516,scale=12.51562,sil=0,acf=1,src=buf
NOV,t=45216,emit=1958,nov=0.01790,nov_scaled=0.22266,scale=12.51562,sil=0,acf=1,src=buf
NOV,t=45238,emit=1959,nov=0.01790,nov_scaled=0.22266,scale=12.46484,sil=0,acf=1,src=buf
NOV,t=45260,emit=1960,nov=0.03314,nov_scaled=0.41406,scale=12.46484,sil=0,acf=1,src=buf
NOV,t=45283,emit=1961,nov=0.07085,nov_scaled=0.88281,scale=12.46484,sil=0,acf=1,src=buf
NOV,t=45306,emit=1962,nov=0.06558,nov_scaled=0.81641,scale=12.44141,sil=0,acf=1,src=buf
NOV,t=45328,emit=1963,nov=0.08646,nov_scaled=1.07422,scale=12.44141,sil=0,acf=1,src=buf
NOV,t=45351,emit=1964,nov=0.10437,nov_scaled=1.29688,scale=12.44141,sil=0,acf=1,src=buf
NOV,t=45372,emit=1965,nov=0.07958,nov_scaled=0.98828,scale=12.43359,sil=0,acf=1,src=buf
NOV,t=45395,emit=1966,nov=0.07976,nov_scaled=0.99219,scale=12.43359,sil=0,acf=1,src=buf
NOV,t=45419,emit=1967,nov=0.07773,nov_scaled=0.96484,scale=12.43359,sil=0,acf=1,src=buf
NOV,t=45440,emit=1968,nov=0.06731,nov_scaled=0.83594,scale=12.44141,sil=0,acf=1,src=buf
NOV,t=45463,emit=1969,nov=0.07349,nov_scaled=0.91406,scale=12.44141,sil=0,acf=1,src=buf
NOV,t=45485,emit=1970,nov=0.11246,nov_scaled=1.39844,scale=12.44141,sil=0,acf=1,src=buf
NOV,t=45508,emit=1971,nov=0.13072,nov_scaled=1.62891,scale=12.46094,sil=0,acf=1,src=buf
NOV,t=45530,emit=1972,nov=0.13877,nov_scaled=1.73047,scale=12.46094,sil=0,acf=1,src=buf
NOV,t=45553,emit=1973,nov=0.12438,nov_scaled=1.55078,scale=12.46094,sil=0,acf=1,src=buf
NOV,t=45575,emit=1974,nov=0.08620,nov_scaled=1.07422,scale=12.48047,sil=0,acf=1,src=buf
NOV,t=45598,emit=1975,nov=0.05820,nov_scaled=0.72656,scale=12.48047,sil=0,acf=1,src=buf
NOV,t=45620,emit=1976,nov=0.00873,nov_scaled=0.10938,scale=12.48047,sil=0,acf=1,src=buf
NOV,t=45643,emit=1977,nov=0.02243,nov_scaled=0.28125,scale=12.50781,sil=0,acf=1,src=buf
NOV,t=45665,emit=1978,nov=0.02277,nov_scaled=0.28516,scale=12.50781,sil=0,acf=1,src=buf
NOV,t=45688,emit=1979,nov=0.01790,nov_scaled=0.22266,scale=12.50781,sil=0,acf=1,src=buf
NOV,t=45710,emit=1980,nov=0.01913,nov_scaled=0.23828,scale=12.53906,sil=0,acf=1,src=buf
NOV,t=45733,emit=1981,nov=0.05820,nov_scaled=0.73047,scale=12.53906,sil=0,acf=1,src=buf
NOV,t=45755,emit=1982,nov=0.06629,nov_scaled=0.83203,scale=12.53906,sil=0,acf=1,src=buf
NOV,t=45778,emit=1983,nov=0.06310,nov_scaled=0.79297,scale=12.57031,sil=0,acf=1,src=buf
NOV,t=45801,emit=1984,nov=0.05469,nov_scaled=0.68750,scale=12.57031,sil=0,acf=1,src=buf
NOV,t=45823,emit=1985,nov=0.05510,nov_scaled=0.69141,scale=12.57031,sil=0,acf=1,src=buf
NOV,t=45846,emit=1986,nov=0.06629,nov_scaled=0.83594,scale=12.60547,sil=0,acf=1,src=buf
NOV,t=45868,emit=1987,nov=0.09375,nov_scaled=1.18359,scale=12.60547,sil=0,acf=1,src=buf
NOV,t=45891,emit=1988,nov=0.09119,nov_scaled=1.14844,scale=12.60547,sil=0,acf=1,src=buf
NOV,t=45913,emit=1989,nov=0.09285,nov_scaled=1.17188,scale=12.64062,sil=0,acf=1,src=buf
NOV,t=45935,emit=1990,nov=0.09439,nov_scaled=1.19141,scale=12.64062,sil=0,acf=1,src=buf
NOV,t=45959,emit=1991,nov=0.13394,nov_scaled=1.69141,scale=12.64062,sil=0,acf=1,src=buf
NOV,t=45980,emit=1992,nov=0.15290,nov_scaled=1.93750,scale=12.67969,sil=0,acf=1,src=buf
NOV,t=46002,emit=1993,nov=0.14018,nov_scaled=1.77734,scale=12.67969,sil=0,acf=1,src=buf
NOV,t=46025,emit=1994,nov=0.09252,nov_scaled=1.17188,scale=12.67969,sil=0,acf=1,src=buf
NOV,t=46049,emit=1995,nov=0.06500,nov_scaled=0.82812,scale=12.71484,sil=0,acf=1,src=buf
NOV,t=46070,emit=1996,nov=0.01913,nov_scaled=0.24219,scale=12.71484,sil=0,acf=1,src=buf
NOV,t=46094,emit=1997,nov=0.00781,nov_scaled=0.09766,scale=12.71484,sil=0,acf=1,src=buf
NOV,t=46115,emit=1998,nov=0.01701,nov_scaled=0.21875,scale=12.75391,sil=0,acf=1,src=buf
NOV,t=46138,emit=1999,nov=0.02376,nov_scaled=0.30469,scale=12.75391,sil=0,acf=1,src=buf
NOV,t=46160,emit=2000,nov=0.02649,nov_scaled=0.33594,scale=12.75391,sil=0,acf=1,src=buf
NOV,t=46183,emit=2001,nov=0.01105,nov_scaled=0.14063,scale=12.78906,sil=0,acf=1,src=buf
NOV,t=46205,emit=2002,nov=0.06310,nov_scaled=0.80859,scale=12.78906,sil=0,acf=1,src=buf
NOV,t=46229,emit=2003,nov=0.07929,nov_scaled=1.01563,scale=12.78906,sil=0,acf=1,src=buf
NOV,t=46250,emit=2004,nov=0.08304,nov_scaled=1.06641,scale=12.82812,sil=0,acf=1,src=buf
NOV,t=46274,emit=2005,nov=0.10291,nov_scaled=1.32031,scale=12.82812,sil=0,acf=1,src=buf
NOV,t=46295,emit=2006,nov=0.08460,nov_scaled=1.08594,scale=12.82812,sil=0,acf=1,src=buf
NOV,t=46319,emit=2007,nov=0.06558,nov_scaled=0.84375,scale=12.86719,sil=0,acf=1,src=buf
NOV,t=46340,emit=2008,nov=0.06535,nov_scaled=0.83984,scale=12.86719,sil=0,acf=1,src=buf
NOV,t=46364,emit=2009,nov=0.07645,nov_scaled=0.98437,scale=12.86719,sil=0,acf=1,src=buf
NOV,t=46385,emit=2010,nov=0.06877,nov_scaled=0.88672,scale=12.90625,sil=0,acf=1,src=buf
NOV,t=46409,emit=2011,nov=0.06987,nov_scaled=0.90234,scale=12.90625,sil=0,acf=1,src=buf
NOV,t=46430,emit=2012,nov=0.11528,nov_scaled=1.48828,scale=12.90625,sil=0,acf=1,src=buf
NOV,t=46454,emit=2013,nov=0.11449,nov_scaled=1.48047,scale=12.94531,sil=0,acf=1,src=buf
NOV,t=46475,emit=2014,nov=0.13440,nov_scaled=1.73828,scale=12.94531,sil=0,acf=1,src=buf
NOV,t=46499,emit=2015,nov=0.10590,nov_scaled=1.37109,scale=12.94531,sil=0,acf=1,src=buf
NOV,t=46520,emit=2016,nov=0.06810,nov_scaled=0.88281,scale=12.98047,sil=0,acf=1,src=buf
NOV,t=46544,emit=2017,nov=0.04735,nov_scaled=0.61328,scale=12.98047,sil=0,acf=1,src=buf
NOV,t=46565,emit=2018,nov=0.01033,nov_scaled=0.13281,scale=12.98047,sil=0,acf=1,src=buf
NOV,t=46588,emit=2019,nov=0.02649,nov_scaled=0.34375,scale=13.01953,sil=0,acf=1,src=buf
NOV,t=46610,emit=2020,nov=0.04189,nov_scaled=0.54687,scale=13.01953,sil=0,acf=1,src=buf
NOV,t=46633,emit=2021,nov=0.02243,nov_scaled=0.29297,scale=13.01953,sil=0,acf=1,src=buf
NOV,t=46655,emit=2022,nov=0.01563,nov_scaled=0.20312,scale=13.05859,sil=0,acf=1,src=buf
NOV,t=46679,emit=2023,nov=0.05806,nov_scaled=0.75781,scale=13.05859,sil=0,acf=1,src=buf
NOV,t=46700,emit=2024,nov=0.07181,nov_scaled=0.93750,scale=13.05859,sil=0,acf=1,src=buf
NOV,t=46723,emit=2025,nov=0.08090,nov_scaled=1.05859,scale=13.09766,sil=0,acf=1,src=buf
NOV,t=46745,emit=2026,nov=0.06465,nov_scaled=0.84766,scale=13.09766,sil=0,acf=1,src=buf
NOV,t=46768,emit=2027,nov=0.05122,nov_scaled=0.67187,scale=13.09766,sil=0,acf=1,src=buf
NOV,t=46791,emit=2028,nov=0.08109,nov_scaled=1.06641,scale=13.14062,sil=0,acf=1,src=buf
NOV,t=46813,emit=2029,nov=0.10718,nov_scaled=1.40625,scale=13.14062,sil=0,acf=1,src=buf
NOV,t=46836,emit=2030,nov=0.08566,nov_scaled=1.12500,scale=13.14062,sil=0,acf=1,src=buf
NOV,t=46858,emit=2031,nov=0.08611,nov_scaled=1.13281,scale=13.17969,sil=0,acf=1,src=buf
NOV,t=46881,emit=2032,nov=0.09694,nov_scaled=1.27734,scale=13.17969,sil=0,acf=1,src=buf
NOV,t=46903,emit=2033,nov=0.13446,nov_scaled=1.77344,scale=13.17969,sil=0,acf=1,src=buf
NOV,t=46926,emit=2034,nov=0.13622,nov_scaled=1.80078,scale=13.21875,sil=0,acf=1,src=buf
NOV,t=46948,emit=2035,nov=0.14063,nov_scaled=1.85937,scale=13.21875,sil=0,acf=1,src=buf
NOV,t=46971,emit=2036,nov=0.08441,nov_scaled=1.11719,scale=13.21875,sil=0,acf=1,src=buf
NOV,t=46993,emit=2037,nov=0.03726,nov_scaled=0.49219,scale=13.25781,sil=0,acf=1,src=buf
NOV,t=47016,emit=2038,nov=0.00781,nov_scaled=0.10547,scale=13.25781,sil=0,acf=1,src=buf
NOV,t=47038,emit=2039,nov=0.00957,nov_scaled=0.12500,scale=13.25781,sil=0,acf=1,src=buf
NOV,t=47061,emit=2040,nov=0.02438,nov_scaled=0.32422,scale=13.29687,sil=0,acf=1,src=buf
NOV,t=47082,emit=2041,nov=0.02174,nov_scaled=0.28906,scale=13.29687,sil=0,acf=1,src=buf
NOV,t=47106,emit=2042,nov=0.02408,nov_scaled=0.32031,scale=13.29687,sil=0,acf=1,src=buf
NOV,t=47127,emit=2043,nov=0.01831,nov_scaled=0.24609,scale=13.33594,sil=0,acf=1,src=buf
NOV,t=47150,emit=2044,nov=0.07564,nov_scaled=1.00781,scale=13.33594,sil=0,acf=1,src=buf
NOV,t=47172,emit=2045,nov=0.07359,nov_scaled=0.98047,scale=13.33594,sil=0,acf=1,src=buf
NOV,t=47195,emit=2046,nov=0.06766,nov_scaled=0.90625,scale=13.37891,sil=0,acf=1,src=buf
NOV,t=47219,emit=2047,nov=0.07851,nov_scaled=1.05078,scale=13.37891,sil=0,acf=1,src=buf
NOV,t=47240,emit=2048,nov=0.07762,nov_scaled=1.03906,scale=13.37891,sil=0,acf=1,src=buf
NOV,t=47263,emit=2049,nov=0.08023,nov_scaled=1.07813,scale=13.41797,sil=0,acf=1,src=buf
NOV,t=47285,emit=2050,nov=0.09042,nov_scaled=1.21484,scale=13.41797,sil=0,acf=1,src=buf
NOV,t=47309,emit=2051,nov=0.09252,nov_scaled=1.24219,scale=13.41797,sil=0,acf=1,src=buf
NOV,t=47330,emit=2052,nov=0.09935,nov_scaled=1.33594,scale=13.45703,sil=0,acf=1,src=buf
NOV,t=47353,emit=2053,nov=0.11989,nov_scaled=1.61328,scale=13.45703,sil=0,acf=1,src=buf
NOV,t=47376,emit=2054,nov=0.13492,nov_scaled=1.81641,scale=13.45703,sil=0,acf=1,src=buf
NOV,t=47398,emit=2055,nov=0.13716,nov_scaled=1.85156,scale=13.50000,sil=0,acf=1,src=buf
NOV,t=47421,emit=2056,nov=0.13321,nov_scaled=1.79687,scale=13.50000,sil=0,acf=1,src=buf
NOV,t=47443,emit=2057,nov=0.07704,nov_scaled=1.03906,scale=13.50000,sil=0,acf=1,src=buf
NOV,t=47465,emit=2058,nov=0.05092,nov_scaled=0.68750,scale=13.53906,sil=0,acf=1,src=buf
NOV,t=47488,emit=2059,nov=0.03125,nov_scaled=0.42187,scale=13.53906,sil=0,acf=1,src=buf
NOV,t=47510,emit=2060,nov=0.01913,nov_scaled=0.25781,scale=13.53906,sil=0,acf=1,src=buf
NOV,t=47533,emit=2061,nov=0.02705,nov_scaled=0.36719,scale=13.57812,sil=0,acf=1,src=buf
NOV,t=47555,emit=2062,nov=0.03925,nov_scaled=0.53125,scale=13.57812,sil=0,acf=1,src=buf
NOV,t=47578,emit=2063,nov=0.01512,nov_scaled=0.20703,scale=13.57812,sil=0,acf=1,src=buf
NOV,t=47601,emit=2064,nov=0.02066,nov_scaled=0.28125,scale=13.62109,sil=0,acf=1,src=buf
NOV,t=47623,emit=2065,nov=0.06322,nov_scaled=0.85937,scale=13.62109,sil=0,acf=1,src=buf
NOV,t=47646,emit=2066,nov=0.08405,nov_scaled=1.14453,scale=13.62109,sil=0,acf=1,src=buf
NOV,t=47668,emit=2067,nov=0.08751,nov_scaled=1.19531,scale=13.66016,sil=0,acf=1,src=buf
NOV,t=47690,emit=2068,nov=0.05673,nov_scaled=0.77344,scale=13.66016,sil=0,acf=1,src=buf
NOV,t=47713,emit=2069,nov=0.05312,nov_scaled=0.72656,scale=13.66016,sil=0,acf=1,src=buf
NOV,t=47735,emit=2070,nov=0.12370,nov_scaled=1.69531,scale=13.70312,sil=0,acf=1,src=buf
NOV,t=47758,emit=2071,nov=0.10881,nov_scaled=1.49219,scale=13.70312,sil=0,acf=1,src=buf
NOV,t=47780,emit=2072,nov=0.07584,nov_scaled=1.03906,scale=13.70312,sil=0,acf=1,src=buf
NOV,t=47802,emit=2073,nov=0.07967,nov_scaled=1.09375,scale=13.74219,sil=0,acf=1,src=buf
NOV,t=47825,emit=2074,nov=0.07213,nov_scaled=0.99219,scale=13.74219,sil=0,acf=1,src=buf
NOV,t=47847,emit=2075,nov=0.12566,nov_scaled=1.72656,scale=13.74219,sil=0,acf=1,src=buf
NOV,t=47870,emit=2076,nov=0.14379,nov_scaled=1.98047,scale=13.78516,sil=0,acf=1,src=buf
NOV,t=47892,emit=2077,nov=0.13515,nov_scaled=1.86328,scale=13.78516,sil=0,acf=1,src=buf
NOV,t=47915,emit=2078,nov=0.07575,nov_scaled=1.04297,scale=13.78516,sil=0,acf=1,src=buf
NOV,t=47937,emit=2079,nov=0.02470,nov_scaled=0.33984,scale=13.82812,sil=0,acf=1,src=buf
NOV,t=47961,emit=2080,nov=0.01408,nov_scaled=0.19531,scale=13.82812,sil=0,acf=1,src=buf
NOV,t=47982,emit=2081,nov=0.00873,nov_scaled=0.12109,scale=13.82812,sil=0,acf=1,src=buf
NOV,t=48005,emit=2082,nov=0.02620,nov_scaled=0.36328,scale=13.86719,sil=0,acf=1,src=buf
NOV,t=48027,emit=2083,nov=0.02310,nov_scaled=0.32031,scale=13.86719,sil=0,acf=1,src=buf
NOV,t=48050,emit=2084,nov=0.02376,nov_scaled=0.32812,scale=13.86719,sil=0,acf=1,src=buf
NOV,t=48074,emit=2085,nov=0.05298,nov_scaled=0.73828,scale=13.91016,sil=0,acf=1,src=buf
NOV,t=48095,emit=2086,nov=0.07793,nov_scaled=1.08203,scale=13.91016,sil=0,acf=1,src=buf
NOV,t=48119,emit=2087,nov=0.06285,nov_scaled=0.87500,scale=13.91016,sil=0,acf=1,src=buf
NOV,t=48140,emit=2088,nov=0.05063,nov_scaled=0.70703,scale=13.95312,sil=0,acf=1,src=buf
NOV,t=48163,emit=2089,nov=0.07095,nov_scaled=0.98828,scale=13.95312,sil=0,acf=1,src=buf
NOV,t=48185,emit=2090,nov=0.08258,nov_scaled=1.15234,scale=13.95312,sil=0,acf=1,src=buf
NOV,t=48208,emit=2091,nov=0.08821,nov_scaled=1.23438,scale=13.99219,sil=0,acf=1,src=buf
NOV,t=48231,emit=2092,nov=0.10349,nov_scaled=1.44922,scale=13.99219,sil=0,acf=1,src=buf
NOV,t=48253,emit=2093,nov=0.09718,nov_scaled=1.35938,scale=13.99219,sil=0,acf=1,src=buf
NOV,t=48276,emit=2094,nov=0.10632,nov_scaled=1.49219,scale=14.03516,sil=0,acf=1,src=buf
NOV,t=48298,emit=2095,nov=0.12566,nov_scaled=1.76172,scale=14.03516,sil=0,acf=1,src=buf
NOV,t=48321,emit=2096,nov=0.12801,nov_scaled=1.79687,scale=14.03516,sil=0,acf=1,src=buf
NOV,t=48343,emit=2097,nov=0.12547,nov_scaled=1.76562,scale=14.07812,sil=0,acf=1,src=buf
NOV,t=48366,emit=2098,nov=0.11179,nov_scaled=1.57422,scale=14.07812,sil=0,acf=1,src=buf
NOV,t=48388,emit=2099,nov=0.07160,nov_scaled=1.00781,scale=14.07812,sil=0,acf=1,src=buf
NOV,t=48411,emit=2100,nov=0.05151,nov_scaled=0.72656,scale=14.12109,sil=0,acf=1,src=buf
NOV,t=48433,emit=2101,nov=0.01512,nov_scaled=0.21484,scale=14.12109,sil=0,acf=1,src=buf
NOV,t=48456,emit=2102,nov=0.01991,nov_scaled=0.28125,scale=14.12109,sil=0,acf=1,src=buf
NOV,t=48478,emit=2103,nov=0.03337,nov_scaled=0.47266,scale=14.16406,sil=0,acf=1,src=buf
NOV,t=48501,emit=2104,nov=0.03197,nov_scaled=0.45312,scale=14.16406,sil=0,acf=1,src=buf
NOV,t=48522,emit=2105,nov=0.03906,nov_scaled=0.55469,scale=14.16406,sil=0,acf=1,src=buf
NOV,t=48546,emit=2106,nov=0.04189,nov_scaled=0.59375,scale=14.20703,sil=0,acf=1,src=buf
NOV,t=48568,emit=2107,nov=0.08855,nov_scaled=1.25781,scale=14.20703,sil=0,acf=1,src=buf
NOV,t=48591,emit=2108,nov=0.06465,nov_scaled=0.91797,scale=14.20703,sil=0,acf=1,src=buf
NOV,t=48613,emit=2109,nov=0.05832,nov_scaled=0.83203,scale=14.24609,sil=0,acf=1,src=buf
NOV,t=48636,emit=2110,nov=0.07327,nov_scaled=1.04297,scale=14.24609,sil=0,acf=1,src=buf
NOV,t=48657,emit=2111,nov=0.06641,nov_scaled=0.94531,scale=14.24609,sil=0,acf=1,src=buf
NOV,t=48680,emit=2112,nov=0.12358,nov_scaled=1.76562,scale=14.28906,sil=0,acf=1,src=buf
NOV,t=48702,emit=2113,nov=0.08708,nov_scaled=1.24609,scale=14.28906,sil=0,acf=1,src=buf
NOV,t=48725,emit=2114,nov=0.06212,nov_scaled=0.88672,scale=14.28906,sil=0,acf=1,src=buf
NOV,t=48747,emit=2115,nov=0.06844,nov_scaled=0.98047,scale=14.33203,sil=0,acf=1,src=buf
NOV,t=48770,emit=2116,nov=0.13072,nov_scaled=1.87500,scale=14.33203,sil=0,acf=1,src=buf
NOV,t=48792,emit=2117,nov=0.12766,nov_scaled=1.82812,scale=14.33203,sil=0,acf=1,src=buf
NOV,t=48816,emit=2118,nov=0.13782,nov_scaled=1.98047,scale=14.37500,sil=0,acf=1,src=buf
NOV,t=48837,emit=2119,nov=0.10422,nov_scaled=1.50000,scale=14.37500,sil=0,acf=1,src=buf
NOV,t=48860,emit=2120,nov=0.07192,nov_scaled=1.03516,scale=14.37500,sil=0,acf=1,src=buf
NOV,t=48882,emit=2121,nov=0.01512,nov_scaled=0.21875,scale=14.42187,sil=0,acf=1,src=buf
NOV,t=48905,emit=2122,nov=0.00781,nov_scaled=0.11328,scale=14.42187,sil=0,acf=1,src=buf
NOV,t=48927,emit=2123,nov=0.01790,nov_scaled=0.25781,scale=14.42187,sil=0,acf=1,src=buf
NOV,t=48950,emit=2124,nov=0.02376,nov_scaled=0.34375,scale=14.46484,sil=0,acf=1,src=buf
NOV,t=48973,emit=2125,nov=0.04002,nov_scaled=0.57812,scale=14.46484,sil=0,acf=1,src=buf
NOV,t=48995,emit=2126,nov=0.01991,nov_scaled=0.28906,scale=14.46484,sil=0,acf=1,src=buf
NOV,t=49018,emit=2127,nov=0.05780,nov_scaled=0.83984,scale=14.50781,sil=0,acf=1,src=buf
NOV,t=49040,emit=2128,nov=0.09920,nov_scaled=1.43750,scale=14.50781,sil=0,acf=1,src=buf
NOV,t=49064,emit=2129,nov=0.11554,nov_scaled=1.67578,scale=14.50781,sil=0,acf=1,src=buf
NOV,t=49085,emit=2130,nov=0.10761,nov_scaled=1.56641,scale=14.55078,sil=0,acf=1,src=buf
NOV,t=49109,emit=2131,nov=0.06833,nov_scaled=0.99609,scale=14.55078,sil=0,acf=1,src=buf
NOV,t=49130,emit=2132,nov=0.04242,nov_scaled=0.61719,scale=14.55078,sil=0,acf=1,src=buf
NOV,t=49153,emit=2133,nov=0.08690,nov_scaled=1.26953,scale=14.59375,sil=0,acf=1,src=buf
NOV,t=49175,emit=2134,nov=0.07327,nov_scaled=1.07031,scale=14.59375,sil=0,acf=1,src=buf
NOV,t=49198,emit=2135,nov=0.06720,nov_scaled=0.98047,scale=14.59375,sil=0,acf=1,src=buf
NOV,t=49220,emit=2136,nov=0.05284,nov_scaled=0.77344,scale=14.63672,sil=0,acf=1,src=buf
NOV,t=49243,emit=2137,nov=0.12717,nov_scaled=1.86328,scale=14.63672,sil=0,acf=1,src=buf
NOV,t=49265,emit=2138,nov=0.13050,nov_scaled=1.91016,scale=14.63672,sil=0,acf=1,src=buf
NOV,t=49288,emit=2139,nov=0.13782,nov_scaled=2.01172,scale=14.60156,sil=0,acf=1,src=buf
NOV,t=49310,emit=2140,nov=0.11495,nov_scaled=1.67969,scale=14.60156,sil=0,acf=1,src=buf
NOV,t=49333,emit=2141,nov=0.07684,nov_scaled=1.12109,scale=14.60156,sil=0,acf=1,src=buf
NOV,t=49355,emit=2142,nov=0.04622,nov_scaled=0.67578,scale=14.58594,sil=0,acf=1,src=buf
NOV,t=49378,emit=2143,nov=0.01234,nov_scaled=0.17969,scale=14.58594,sil=0,acf=1,src=buf
NOV,t=49401,emit=2144,nov=0.02591,nov_scaled=0.37891,scale=14.58594,sil=0,acf=1,src=buf
NOV,t=49423,emit=2145,nov=0.01610,nov_scaled=0.23437,scale=14.58984,sil=0,acf=1,src=buf
NOV,t=49446,emit=2146,nov=0.01033,nov_scaled=0.15234,scale=14.58984,sil=0,acf=1,src=buf
NOV,t=49468,emit=2147,nov=0.01512,nov_scaled=0.21875,scale=14.58984,sil=0,acf=1,src=buf
NOV,t=49491,emit=2148,nov=0.04878,nov_scaled=0.71094,scale=14.60547,sil=0,acf=1,src=buf
NOV,t=49513,emit=2149,nov=0.06911,nov_scaled=1.00781,scale=14.60547,sil=0,acf=1,src=buf
NOV,t=49536,emit=2150,nov=0.06261,nov_scaled=0.91406,scale=14.60547,sil=0,acf=1,src=buf
NOV,t=49558,emit=2151,nov=0.05766,nov_scaled=0.84375,scale=14.62891,sil=0,acf=1,src=buf
NOV,t=49580,emit=2152,nov=0.07031,nov_scaled=1.02734,scale=14.62891,sil=0,acf=1,src=buf
NOV,t=49603,emit=2153,nov=0.07213,nov_scaled=1.05469,scale=14.62891,sil=0,acf=1,src=buf
NOV,t=49626,emit=2154,nov=0.08855,nov_scaled=1.29688,scale=14.66016,sil=0,acf=1,src=buf
NOV,t=49648,emit=2155,nov=0.09528,nov_scaled=1.39844,scale=14.66016,sil=0,acf=1,src=buf
NOV,t=49670,emit=2156,nov=0.12560,nov_scaled=1.83984,scale=14.66016,sil=0,acf=1,src=buf
NOV,t=49692,emit=2157,nov=0.12621,nov_scaled=1.85547,scale=14.69531,sil=0,acf=1,src=buf
NOV,t=49715,emit=2158,nov=0.13480,nov_scaled=1.98047,scale=14.69531,sil=0,acf=1,src=buf
NOV,t=49737,emit=2159,nov=0.10561,nov_scaled=1.55078,scale=14.69531,sil=0,acf=1,src=buf
NOV,t=49760,emit=2160,nov=0.11951,nov_scaled=1.76172,scale=14.73437,sil=0,acf=1,src=buf
NOV,t=49782,emit=2161,nov=0.06844,nov_scaled=1.00781,scale=14.73437,sil=0,acf=1,src=buf
NOV,t=49805,emit=2162,nov=0.05167,nov_scaled=0.76172,scale=14.73437,sil=0,acf=1,src=buf
NOV,t=49827,emit=2163,nov=0.01105,nov_scaled=0.16406,scale=14.77344,sil=0,acf=1,src=buf
NOV,t=49850,emit=2164,nov=0.00676,nov_scaled=0.10156,scale=14.77344,sil=0,acf=1,src=buf
NOV,t=49872,emit=2165,nov=0.02174,nov_scaled=0.32031,scale=14.77344,sil=0,acf=1,src=buf
NOV,t=49895,emit=2166,nov=0.04225,nov_scaled=0.62500,scale=14.81250,sil=0,acf=1,src=buf
NOV,t=49917,emit=2167,nov=0.02277,nov_scaled=0.33594,scale=14.81250,sil=0,acf=1,src=buf
NOV,t=49941,emit=2168,nov=0.01790,nov_scaled=0.26562,scale=14.81250,sil=0,acf=1,src=buf
NOV,t=49962,emit=2169,nov=0.06273,nov_scaled=0.93359,scale=14.85547,sil=0,acf=1,src=buf
NOV,t=49985,emit=2170,nov=0.09528,nov_scaled=1.41406,scale=14.85547,sil=0,acf=1,src=buf
NOV,t=50009,emit=2171,nov=0.10532,nov_scaled=1.56641,scale=14.85547,sil=0,acf=1,src=buf
NOV,t=50030,emit=2172,nov=0.08734,nov_scaled=1.30078,scale=14.89844,sil=0,acf=1,src=buf
NOV,t=50053,emit=2173,nov=0.07085,nov_scaled=1.05469,scale=14.89844,sil=0,acf=1,src=buf
NOV,t=50075,emit=2174,nov=0.07254,nov_scaled=1.08203,scale=14.89844,sil=0,acf=1,src=buf
NOV,t=50098,emit=2175,nov=0.07929,nov_scaled=1.18359,scale=14.94141,sil=0,acf=1,src=buf
NOV,t=50120,emit=2176,nov=0.06687,nov_scaled=1.00000,scale=14.94141,sil=0,acf=1,src=buf
NOV,t=50143,emit=2177,nov=0.08548,nov_scaled=1.27734,scale=14.94141,sil=0,acf=1,src=buf
NOV,t=50166,emit=2178,nov=0.13655,nov_scaled=2.02734,scale=14.85547,sil=0,acf=1,src=buf
NOV,t=50188,emit=2179,nov=0.11679,nov_scaled=1.73437,scale=14.85547,sil=0,acf=1,src=buf
NOV,t=50211,emit=2180,nov=0.12529,nov_scaled=1.85937,scale=14.85547,sil=0,acf=1,src=buf
NOV,t=50233,emit=2181,nov=0.11600,nov_scaled=1.71875,scale=14.80469,sil=0,acf=1,src=buf
NOV,t=50255,emit=2182,nov=0.09026,nov_scaled=1.33594,scale=14.80469,sil=0,acf=1,src=buf
NOV,t=50278,emit=2183,nov=0.06175,nov_scaled=0.91406,scale=14.80469,sil=0,acf=1,src=buf
NOV,t=50301,emit=2184,nov=0.02789,nov_scaled=0.41406,scale=14.78516,sil=0,acf=1,src=buf
NOV,t=50323,emit=2185,nov=0.01790,nov_scaled=0.26562,scale=14.78516,sil=0,acf=1,src=buf
NOV,t=50345,emit=2186,nov=0.03404,nov_scaled=0.50391,scale=14.78516,sil=0,acf=1,src=buf
NOV,t=50368,emit=2187,nov=0.01657,nov_scaled=0.24609,scale=14.78125,sil=0,acf=1,src=buf
NOV,t=50390,emit=2188,nov=0.01033,nov_scaled=0.15234,scale=14.78125,sil=0,acf=1,src=buf
NOV,t=50413,emit=2189,nov=0.02649,nov_scaled=0.39062,scale=14.78125,sil=0,acf=1,src=buf
NOV,t=50436,emit=2190,nov=0.08423,nov_scaled=1.24609,scale=14.79297,sil=0,acf=1,src=buf
NOV,t=50458,emit=2191,nov=0.08576,nov_scaled=1.26953,scale=14.79297,sil=0,acf=1,src=buf
NOV,t=50481,emit=2192,nov=0.05832,nov_scaled=0.86328,scale=14.79297,sil=0,acf=1,src=buf
NOV,t=50502,emit=2193,nov=0.05211,nov_scaled=0.77344,scale=14.81641,sil=0,acf=1,src=buf
NOV,t=50525,emit=2194,nov=0.06224,nov_scaled=0.92187,scale=14.81641,sil=0,acf=1,src=buf
NOV,t=50549,emit=2195,nov=0.08495,nov_scaled=1.25781,scale=14.81641,sil=0,acf=1,src=buf
NOV,t=50570,emit=2196,nov=0.09503,nov_scaled=1.41016,scale=14.84375,sil=0,acf=1,src=buf
NOV,t=50594,emit=2197,nov=0.10072,nov_scaled=1.49609,scale=14.84375,sil=0,acf=1,src=buf
NOV,t=50615,emit=2198,nov=0.11600,nov_scaled=1.72266,scale=14.84375,sil=0,acf=1,src=buf
NOV,t=50638,emit=2199,nov=0.10852,nov_scaled=1.61328,scale=14.87891,sil=0,acf=1,src=buf
NOV,t=50660,emit=2200,nov=0.12432,nov_scaled=1.85156,scale=14.87891,sil=0,acf=1,src=buf
NOV,t=50684,emit=2201,nov=0.10874,nov_scaled=1.61719,scale=14.87891,sil=0,acf=1,src=buf
NOV,t=50705,emit=2202,nov=0.11273,nov_scaled=1.67969,scale=14.91797,sil=0,acf=1,src=buf
NOV,t=50729,emit=2203,nov=0.06641,nov_scaled=0.99219,scale=14.91797,sil=0,acf=1,src=buf
NOV,t=50750,emit=2204,nov=0.03906,nov_scaled=0.58203,scale=14.91797,sil=0,acf=1,src=buf
NOV,t=50773,emit=2205,nov=0.01512,nov_scaled=0.22656,scale=14.95703,sil=0,acf=1,src=buf
NOV,t=50795,emit=2206,nov=0.00781,nov_scaled=0.11719,scale=14.95703,sil=0,acf=1,src=buf
NOV,t=50819,emit=2207,nov=0.02376,nov_scaled=0.35547,scale=14.95703,sil=0,acf=1,src=buf
NOV,t=50840,emit=2208,nov=0.02560,nov_scaled=0.38281,scale=14.99609,sil=0,acf=1,src=buf
NOV,t=50863,emit=2209,nov=0.01460,nov_scaled=0.21875,scale=14.99609,sil=0,acf=1,src=buf
NOV,t=50885,emit=2210,nov=0.02843,nov_scaled=0.42578,scale=14.99609,sil=0,acf=1,src=buf
NOV,t=50909,emit=2211,nov=0.07422,nov_scaled=1.11719,scale=15.03906,sil=0,acf=1,src=buf
NOV,t=50930,emit=2212,nov=0.08156,nov_scaled=1.22656,scale=15.03906,sil=0,acf=1,src=buf
NOV,t=50953,emit=2213,nov=0.08890,nov_scaled=1.33594,scale=15.03906,sil=0,acf=1,src=buf
NOV,t=50975,emit=2214,nov=0.09671,nov_scaled=1.45703,scale=15.08203,sil=0,acf=1,src=buf
NOV,t=50998,emit=2215,nov=0.08118,nov_scaled=1.22266,scale=15.08203,sil=0,acf=1,src=buf
NOV,t=51020,emit=2216,nov=0.07453,nov_scaled=1.12500,scale=15.08203,sil=0,acf=1,src=buf
NOV,t=51043,emit=2217,nov=0.08486,nov_scaled=1.28516,scale=15.12500,sil=0,acf=1,src=buf
NOV,t=51066,emit=2218,nov=0.10335,nov_scaled=1.56250,scale=15.12500,sil=0,acf=1,src=buf
NOV,t=51088,emit=2219,nov=0.10518,nov_scaled=1.58984,scale=15.12500,sil=0,acf=1,src=buf
NOV,t=51111,emit=2220,nov=0.13101,nov_scaled=1.98828,scale=15.16797,sil=0,acf=1,src=buf
NOV,t=51133,emit=2221,nov=0.12645,nov_scaled=1.91797,scale=15.16797,sil=0,acf=1,src=buf
NOV,t=51156,emit=2222,nov=0.12789,nov_scaled=1.94141,scale=15.16797,sil=0,acf=1,src=buf
NOV,t=51178,emit=2223,nov=0.11719,nov_scaled=1.78125,scale=15.21094,sil=0,acf=1,src=buf
NOV,t=51201,emit=2224,nov=0.07842,nov_scaled=1.19141,scale=15.21094,sil=0,acf=1,src=buf
NOV,t=51223,emit=2225,nov=0.04831,nov_scaled=0.73437,scale=15.21094,sil=0,acf=1,src=buf
NOV,t=51246,emit=2226,nov=0.01295,nov_scaled=0.19922,scale=15.25391,sil=0,acf=1,src=buf
NOV,t=51268,emit=2227,nov=0.02678,nov_scaled=0.41016,scale=15.25391,sil=0,acf=1,src=buf
NOV,t=51291,emit=2228,nov=0.02789,nov_scaled=0.42578,scale=15.25391,sil=0,acf=1,src=buf
NOV,t=51313,emit=2229,nov=0.01234,nov_scaled=0.18750,scale=15.30078,sil=0,acf=1,src=buf
NOV,t=51336,emit=2230,nov=0.02922,nov_scaled=0.44531,scale=15.30078,sil=0,acf=1,src=buf
NOV,t=51359,emit=2231,nov=0.05634,nov_scaled=0.86328,scale=15.30078,sil=0,acf=1,src=buf
NOV,t=51380,emit=2232,nov=0.09349,nov_scaled=1.43359,scale=15.34375,sil=0,acf=1,src=buf
NOV,t=51402,emit=2233,nov=0.07349,nov_scaled=1.12891,scale=15.34375,sil=0,acf=1,src=buf
NOV,t=51425,emit=2234,nov=0.06430,nov_scaled=0.98828,scale=15.34375,sil=0,acf=1,src=buf
NOV,t=51449,emit=2235,nov=0.06297,nov_scaled=0.96875,scale=15.39062,sil=0,acf=1,src=buf
NOV,t=51470,emit=2236,nov=0.07523,nov_scaled=1.15625,scale=15.39062,sil=0,acf=1,src=buf
NOV,t=51494,emit=2237,nov=0.08557,nov_scaled=1.31641,scale=15.39062,sil=0,acf=1,src=buf
NOV,t=51515,emit=2238,nov=0.07614,nov_scaled=1.17578,scale=15.43750,sil=0,acf=1,src=buf
NOV,t=51538,emit=2239,nov=0.09390,nov_scaled=1.44922,scale=15.43750,sil=0,acf=1,src=buf
NOV,t=51561,emit=2240,nov=0.11951,nov_scaled=1.84375,scale=15.43750,sil=0,acf=1,src=buf
NOV,t=51583,emit=2241,nov=0.12908,nov_scaled=1.99609,scale=15.45312,sil=0,acf=1,src=buf
NOV,t=51605,emit=2242,nov=0.13066,nov_scaled=2.01953,scale=15.45312,sil=0,acf=1,src=buf
NOV,t=51628,emit=2243,nov=0.12967,nov_scaled=2.00391,scale=15.45312,sil=0,acf=1,src=buf
NOV,t=51650,emit=2244,nov=0.10019,nov_scaled=1.54297,scale=15.41797,sil=0,acf=1,src=buf
NOV,t=51673,emit=2245,nov=0.06821,nov_scaled=1.05078,scale=15.41797,sil=0,acf=1,src=buf
NOV,t=51696,emit=2246,nov=0.02376,nov_scaled=0.36719,scale=15.41797,sil=0,acf=1,src=buf
NOV,t=51718,emit=2247,nov=0.00873,nov_scaled=0.13281,scale=15.41016,sil=0,acf=1,src=buf
NOV,t=51741,emit=2248,nov=0.01610,nov_scaled=0.24609,scale=15.41016,sil=0,acf=1,src=buf
NOV,t=51763,emit=2249,nov=0.02344,nov_scaled=0.35937,scale=15.41016,sil=0,acf=1,src=buf
NOV,t=51786,emit=2250,nov=0.01408,nov_scaled=0.21875,scale=15.41406,sil=0,acf=1,src=buf
NOV,t=51808,emit=2251,nov=0.01105,nov_scaled=0.17188,scale=15.41406,sil=0,acf=1,src=buf
NOV,t=51831,emit=2252,nov=0.05167,nov_scaled=0.79687,scale=15.41406,sil=0,acf=1,src=buf
NOV_CAPTURE_DONE,count=1333,dropped=0
