432086 0.000000 0
432094 0.000000 0
432102 0.000000 0
432109 0.062120 1
432116 0.000000 0
432124 0.000000 0
432131 0.050480 1
432139 0.000000 0
432146 0.000000 0
432154 0.042790 1
432163 0.000000 0
432170 0.000000 0
432178 0.063220 1
432184 0.000000 0
432192 0.000000 0
432199 0.076450 1
432206 0.000000 0
432214 0.000000 0
432221 0.056870 1
432230 0.000000 0
432238 0.000000 0
432245 0.045040 1
432251 0.000000 0
432258 0.000000 0
432266 0.042070 1
432275 0.000000 0
432282 0.000000 0
432290 0.030240 1
432296 0.000000 0
432304 0.000000 0
432311 0.057010 1
432320 0.000000 0
432328 0.000000 0
432335 0.052260 1
432341 0.000000 0
432348 0.000000 0
432356 0.054260 1
432365 0.000000 0
432372 0.000000 0
432380 0.048160 1
432387 0.000000 0
432394 0.000000 0
432402 0.047200 1
432410 0.000000 0
432418 0.000000 0
432425 0.043840 1
432431 0.000000 0
432438 0.000000 0
432446 0.047350 1
432455 0.000000 0
432462 0.000000 0
432470 0.041340 1
432477 0.000000 0
432484 0.000000 0
432492 0.118670 1
432499 0.000000 0
432506 0.000000 0
432514 0.163320 1
432521 0.000000 0
432528 0.000000 0
432536 0.152390 1
432544 0.000000 0
432552 0.000000 0
432559 0.091020 1
432566 0.000000 0
432574 0.000000 0
432581 0.045380 1
432589 0.000000 0
432596 0.000000 0
432604 0.030240 1
432611 0.000000 0
432618 0.000000 0
432626 0.032910 1
432634 0.000000 0
432642 0.000000 0
432649 0.028430 1
432656 0.000000 0
432664 0.000000 0
432671 0.044530 1
432679 0.000000 0
432686 0.000000 0
432694 0.064880 1
432701 0.000000 0
432708 0.000000 0
432716 0.041340 1
432724 0.000000 0
432732 0.000000 0
432739 0.099280 1
432746 0.000000 0
432754 0.000000 0
432761 0.104520 1
432769 0.000000 0
432776 0.000000 0
432784 0.105100 1
432791 0.000000 0
432798 0.000000 0
432806 0.103560 1
432814 0.000000 0
432822 0.000000 0
432829 0.069110 1
432838 0.000000 0
432846 0.000000 0
432853 0.040020 1
432859 0.000000 0
432866 0.000000 0
432874 0.025010 1
432881 0.000000 0
432888 0.000000 0
432896 0.020660 1
432904 0.000000 0
432912 0.000000 0
432919 0.021740 1
432926 0.000000 0
432934 0.000000 0
432941 0.037460 1
432949 0.000000 0
432956 0.000000 0
432964 0.042790 1
432972 0.000000 0
432980 0.000000 0
432987 0.032440 1
432994 0.000000 0
433002 0.000000 0
433009 0.027890 1
433017 0.000000 0
433024 0.000000 0
433032 0.030750 1
433039 0.000000 0
433046 0.000000 0
433054 0.031480 1
433062 0.000000 0
433070 0.000000 0
433077 0.046540 1
433084 0.000000 0
433092 0.000000 0
433099 0.039250 1
433108 0.000000 0
433116 0.000000 0
433123 0.043320 1
433129 0.000000 0
433136 0.000000 0
433144 0.049870 1
433153 0.000000 0
433160 0.000000 0
433168 0.034270 1
433174 0.000000 0
433182 0.000000 0
433189 0.045880 1
433197 0.000000 0
433204 0.000000 0
433212 0.056200 1
433219 0.000000 0
433226 0.000000 0
433234 0.061510 1
433241 0.000000 0
433248 0.000000 0
433256 0.058460 1
433264 0.000000 0
433272 0.000000 0
433279 0.052110 1
433287 0.000000 0
433294 0.000000 0
433302 0.042600 1
433309 0.000000 0
433316 0.000000 0
433324 0.440570 1
433332 0.000000 0
433340 0.000000 0
433347 0.345430 1
433354 0.000000 0
433362 0.000000 0
433369 0.120520 1
433377 0.000000 0
433384 0.000000 0
433392 0.091190 1
433399 0.000000 0
433406 0.000000 0
433414 0.061390 1
433422 0.000000 0
433430 0.000000 0
433437 0.039060 1
433444 0.000000 0
433452 0.000000 0
433459 0.036420 1
433467 0.000000 0
433474 0.000000 0
433482 0.030240 1
433489 0.000000 0
433496 0.000000 0
433504 0.025600 1
433512 0.000000 0
433520 0.000000 0
433527 0.039440 1
433534 0.000000 0
433542 0.000000 0
433549 0.045380 1
433557 0.000000 0
433564 0.000000 0
433572 0.044190 1
433578 0.000000 0
433586 0.000000 0
433593 0.053410 1
433602 0.000000 0
433610 0.000000 0
433617 0.051070 0
433625 0.000000 0
433632 0.000000 0
433640 0.037460 0
433647 0.000000 0
433654 0.000000 0
433662 0.035160 0
433670 0.000000 0
433678 0.000000 0
433685 0.035580 0
433692 0.000000 0
433700 0.000000 0
433707 0.032210 0
433715 0.000000 0
433722 0.000000 0
433730 0.031250 0
433737 0.000000 0
433744 0.000000 0
433752 0.038270 0
433760 0.000000 0
433768 0.000000 0
433775 0.040590 0
433782 0.000000 0
433790 0.000000 0
433797 0.060380 0
433804 0.000000 0
433812 0.000000 0
433819 0.051510 0
433826 0.000000 0
433834 0.000000 0
433841 0.051820 0
433850 0.000000 0
433858 0.000000 0
433865 0.053270 0
433871 0.000000 0
433878 0.000000 0
433886 0.046880 0
433895 0.000000 0
433902 0.000000 0
433910 0.048630 0
433916 0.000000 0
433924 0.000000 0
433931 0.043670 0
433939 0.000000 0
433946 0.000000 0
433954 0.038070 0
433961 0.000000 0
433968 0.000000 0
433976 0.036220 0
433984 0.000000 0
433992 0.000000 0
433999 0.031250 0
434006 0.000000 0
434014 0.000000 0
434021 0.026780 0
434029 0.000000 0
434036 0.000000 0
434044 0.026780 0
434051 0.000000 0
434058 0.000000 0
434066 0.027890 0
434074 0.000000 0
434082 0.000000 0
434089 0.035580 0
434096 0.000000 0
434104 0.000000 0
434111 0.040770 0
434119 0.000000 0
434126 0.000000 0
434134 0.038670 0
434142 0.000000 0
434150 0.000000 0
434157 0.026200 0
434164 0.000000 0
434172 0.000000 0
434179 0.022430 0
434187 0.000000 0
434194 0.000000 0
434202 0.026200 0
434209 0.000000 0
434216 0.000000 0
434224 0.040020 0
434233 0.000000 0
434240 0.000000 0
434248 0.052690 0
434254 0.000000 0
434262 0.000000 0
434269 0.063580 0
434277 0.000000 0
434284 0.000000 0
434292 0.067990 0
434299 0.000000 0
434306 0.000000 0
434314 0.064180 0
434322 0.000000 0
434330 0.000000 0
434337 0.064530 0
434344 0.000000 0
434352 0.000000 0
434359 0.031970 0
434367 0.000000 0
434374 0.000000 0
434382 0.050020 0
434389 0.000000 0
434396 0.000000 0
434404 0.051380 0
434412 0.000000 0
434420 0.000000 0
434427 0.044360 0
434434 0.000000 0
434442 0.000000 0
434449 0.045380 0
434457 0.000000 0
434464 0.000000 0
434472 0.042970 0
434478 0.000000 0
434486 0.000000 0
434493 0.035800 0
434502 0.000000 0
434510 0.000000 0
434517 0.060880 0
434523 0.000000 0
434530 0.000000 0
434538 0.054260 0
434547 0.000000 0
434554 0.000000 0
434562 0.055510 0
434568 0.000000 0
434576 0.000000 0
434583 0.061510 0
434591 0.000000 0
434598 0.000000 0
434606 0.053560 0
434613 0.000000 0
434620 0.000000 0
434628 0.049410 0
434636 0.000000 0
434644 0.000000 0
434651 0.052690 0
434658 0.000000 0
434666 0.000000 0
434673 0.065480 0
434681 0.000000 0
434688 0.000000 0
434696 0.047350 0
434703 0.000000 0
434710 0.000000 0
434718 0.041150 0
434726 0.000000 0
434734 0.000000 0
434741 0.064300 0
434748 0.000000 0
434756 0.000000 0
434763 0.069430 0
434771 0.000000 0
434778 0.000000 0
434786 0.054960 0
434793 0.000000 0
434800 0.000000 0
434808 0.056600 0
434816 0.000000 0
434824 0.000000 0
434831 0.043140 0
434838 0.000000 0
434846 0.000000 0
434853 0.048630 0
434861 0.000000 0
434868 0.000000 0
434876 0.041340 0
434883 0.000000 0
434890 0.000000 0
434898 0.050320 0
434906 0.000000 0
434914 0.000000 0
434921 0.049260 0
434928 0.000000 0
434936 0.000000 0
434943 0.052690 0
434952 0.000000 0
434960 0.000000 0
434967 0.059490 0
434973 0.000000 0
434980 0.000000 0
434988 0.055790 0
434996 0.000000 0
435004 0.000000 0
435011 0.071490 0
435019 0.000000 0
435026 0.000000 0
435034 0.068990 0
435041 0.000000 0
435048 0.000000 0
435056 0.047520 0
435064 0.000000 0
435072 0.000000 0
435079 0.035370 0
435086 0.000000 0
435094 0.000000 0
435101 0.045880 0
435109 0.000000 0
435116 0.000000 0
435124 0.060640 0
435131 0.000000 0
435138 0.000000 0
435146 0.072540 0
435154 0.000000 0
435162 0.000000 0
435169 0.074420 0
435177 0.000000 0
435184 0.000000 0
435192 0.065000 0
435199 0.000000 0
435206 0.000000 0
435214 0.077440 0
435221 0.000000 0
435228 0.000000 0
435236 0.084950 0
435245 0.000000 0
435252 0.000000 0
435260 0.070190 0
435266 0.000000 0
435274 0.000000 0
435281 0.078310 0
435290 0.000000 0
435298 0.000000 0
435305 0.072860 0
435311 0.000000 0
435318 0.000000 0
435326 0.070740 0
435334 0.000000 0
435342 0.000000 0
435349 0.064420 0
435358 0.000000 0
435366 0.000000 0
435373 0.047670 0
435379 0.000000 0
435386 0.000000 0
435394 0.035370 0
435401 0.000000 0
435408 0.000000 0
435416 0.028170 0
435424 0.000000 0
435432 0.000000 0
435439 0.033830 0
435446 0.000000 0
435454 0.000000 0
435461 0.030500 0
435469 0.000000 0
435476 0.000000 0
435484 0.027340 0
435492 0.000000 0
435500 0.000000 0
435507 0.032910 0
435514 0.000000 0
435522 0.000000 0
435529 0.033370 0
435536 0.000000 0
435544 0.000000 0
435551 0.036850 0
435559 0.000000 0
435566 0.000000 0
435574 0.039250 0
435582 0.000000 0
435590 0.000000 0
435597 0.040410 0
435603 0.000000 0
435610 0.000000 0
435618 0.046880 0
435626 0.000000 0
435634 0.000000 0
435641 0.064650 0
435648 0.000000 0
435656 0.000000 0
435663 0.071600 0
435671 0.000000 0
435678 0.000000 0
435686 0.057010 0
435693 0.000000 0
435700 0.000000 0
435708 0.054120 0
435716 0.000000 0
435724 0.000000 0
435731 0.040770 0
435738 0.000000 0
435746 0.000000 0
435753 0.032670 0
435762 0.000000 0
435770 0.000000 0
435777 0.024380 0
435783 0.000000 0
435790 0.000000 0
435798 0.029480 0
435807 0.000000 0
435814 0.000000 0
435822 0.034930 0
435828 0.000000 0
435836 0.000000 0
435843 0.046370 0
435851 0.000000 0
435858 0.000000 0
435866 0.036220 0
435873 0.000000 0
435880 0.000000 0
435888 0.063100 0
435896 0.000000 0
435904 0.000000 0
435911 0.067080 0
435918 0.000000 0
435926 0.000000 0
435933 0.064650 0
435941 0.000000 0
435948 0.000000 0
435956 0.066970 0
435963 0.000000 0
435970 0.000000 0
435978 0.071170 0
435986 0.000000 0
435994 0.000000 0
436001 0.065580 0
436008 0.000000 0
436016 0.000000 0
436023 0.067200 0
436031 0.000000 0
436038 0.000000 0
436046 0.068770 0
436053 0.000000 0
436060 0.000000 0
436068 0.070850 0
436078 0.000000 0
436086 0.000000 0
436093 0.066970 0
436099 0.000000 0
436106 0.000000 0
436114 0.071380 0
436122 0.000000 0
436130 0.000000 0
436137 0.063340 0
436145 0.000000 0
436152 0.000000 0
436160 0.056060 0
436167 0.000000 0
436174 0.000000 0
436182 0.035160 0
436190 0.000000 0
436198 0.000000 0
436205 0.038470 0
436212 0.000000 0
436220 0.000000 0
436227 0.041340 0
436235 0.000000 0
436242 0.000000 0
436250 0.053830 1
436257 0.000000 0
436264 0.000000 0
436272 0.053700 1
436279 0.000000 0
436286 0.000000 0
436294 0.045550 1
436301 0.000000 0
436308 0.000000 0
436316 0.058850 1
436324 0.000000 0
436332 0.000000 0
436339 0.061750 1
436346 0.000000 0
436354 0.000000 0
436361 0.080050 1
436369 0.000000 0
436376 0.000000 0
436384 0.084670 1
436391 0.000000 0
436398 0.000000 0
436406 0.068770 1
436414 0.000000 0
436422 0.000000 0
436429 0.051510 1
436436 0.000000 0
436444 0.000000 0
436451 0.052110 1
436460 0.000000 0
436468 0.000000 0
436475 0.045040 1
436481 0.000000 0
436488 0.000000 0
436496 0.054540 1
436504 0.000000 0
436512 0.000000 0
436519 0.066510 1
436526 0.000000 0
436534 0.000000 0
436541 0.062730 1
436549 0.000000 0
436556 0.000000 0
436564 0.058460 1
436573 0.000000 0
436580 0.000000 0
436588 0.058980 1
436594 0.000000 0
436602 0.000000 0
436609 0.065250 1
436618 0.000000 0
436626 0.000000 0
436633 0.063940 1
436639 0.000000 0
436646 0.000000 0
436654 0.050780 1
436663 0.000000 0
436670 0.000000 0
436678 0.045550 1
436684 0.000000 0
436692 0.000000 0
436699 0.048630 1
436707 0.000000 0
436714 0.000000 0
436722 0.045380 1
436729 0.000000 0
436736 0.000000 0
436744 0.039440 1
436753 0.000000 0
436760 0.000000 0
436768 0.032440 1
436774 0.000000 0
436782 0.000000 0
436789 0.030500 1
436798 0.000000 0
436806 0.000000 0
436813 0.019910 1
436819 0.000000 0
436826 0.000000 0
436834 0.038670 1
436842 0.000000 0
436850 0.000000 0
436857 0.043140 1
436865 0.000000 0
436872 0.000000 0
436880 0.055920 1
436887 0.000000 0
436894 0.000000 0
436902 0.055790 1
436910 0.000000 0
436918 0.000000 0
436925 0.053410 1
436932 0.000000 0
436940 0.000000 0
436947 0.060640 1
436955 0.000000 0
436962 0.000000 0
436970 0.076740 1
436976 0.000000 0
436984 0.000000 0
436991 0.068770 1
436998 0.000000 0
437006 0.000000 0
437013 0.047520 1
437022 0.000000 0
437030 0.000000 0
437037 0.057540 1
437044 0.000000 0
437052 0.000000 0
437059 0.053830 1
437066 0.000000 0
437074 0.000000 0
437081 0.054540 1
437090 0.000000 0
437098 0.000000 0
437105 0.041520 1
437111 0.000000 0
437118 0.000000 0
437126 0.056730 1
437135 0.000000 0
437142 0.000000 0
437150 0.050170 1
437156 0.000000 0
437164 0.000000 0
437171 0.044880 1
437180 0.000000 0
437188 0.000000 0
437195 0.044010 1
437201 0.000000 0
437208 0.000000 0
437216 0.052400 1
437225 0.000000 0
437232 0.000000 0
437240 0.060260 1
437246 0.000000 0
437254 0.000000 0
437261 0.052690 1
437269 0.000000 0
437276 0.000000 0
437284 0.055370 1
437291 0.000000 0
437298 0.000000 0
437306 0.071270 1
437315 0.000000 0
437322 0.000000 0
437330 0.069110 1
437336 0.000000 0
437344 0.000000 0
437351 0.057130 1
437360 0.000000 0
437368 0.000000 0
437375 0.046220 1
437381 0.000000 0
437388 0.000000 0
437396 0.051510 1
437405 0.000000 0
437412 0.000000 0
437420 0.059490 1
437426 0.000000 0
437434 0.000000 0
437441 0.058850 1
437449 0.000000 0
437456 0.000000 0
437464 0.063100 1
437471 0.000000 0
437478 0.000000 0
437486 0.063340 1
437494 0.000000 0
437502 0.000000 0
437509 0.062610 1
437516 0.000000 0
437524 0.000000 0
437531 0.052550 1
437539 0.000000 0
437546 0.000000 0
437554 0.052550 1
437561 0.000000 0
437568 0.000000 0
437576 0.052840 1
437584 0.000000 0
437592 0.000000 0
437599 0.052550 1
437606 0.000000 0
437614 0.000000 0
437621 0.050320 1
437629 0.000000 0
437636 0.000000 0
437644 0.050480 1
437651 0.000000 0
437658 0.000000 0
437666 0.034930 1
437674 0.000000 0
437682 0.000000 0
437689 0.039830 1
437696 0.000000 0
437704 0.000000 0
437711 0.045550 1
437719 0.000000 0
437726 0.000000 0
437734 0.031480 1
437741 0.000000 0
437748 0.000000 0
437756 0.029740 1
437764 0.000000 0
437772 0.000000 0
437779 0.034930 1
437786 0.000000 0
437794 0.000000 0
437801 0.031250 1
437809 0.000000 0
437816 0.000000 0
437824 0.027050 1
437833 0.000000 0
437840 0.000000 0
437848 0.030990 1
437854 0.000000 0
437862 0.000000 0
437869 0.030500 1
437878 0.000000 0
437886 0.000000 0
437893 0.034490 1
437899 0.000000 0
437906 0.000000 0
437914 0.034270 1
437923 0.000000 0
437930 0.000000 0
437938 0.046370 1
437944 0.000000 0
437952 0.000000 0
437959 0.059360 1
437968 0.000000 0
437976 0.000000 0
437983 0.071060 1
437989 0.000000 0
437996 0.000000 0
438004 0.070850 1
438012 0.000000 0
438020 0.000000 0
438027 0.070850 1
438034 0.000000 0
438042 0.000000 0
438049 0.059100 1
438057 0.000000 0
438064 0.000000 0
438072 0.055650 1
438079 0.000000 0
438086 0.000000 0
438094 0.048310 1
438103 0.000000 0
438110 0.000000 0
438118 0.041150 1
438124 0.000000 0
438132 0.000000 0
438139 0.040770 1
438147 0.000000 0
438154 0.000000 0
438162 0.047030 1
438169 0.000000 0
438176 0.000000 0
438184 0.048630 1
438192 0.000000 0
438200 0.000000 0
438207 0.051510 1
438214 0.000000 0
438222 0.000000 0
438229 0.056060 1
438237 0.000000 0
438244 0.000000 0
438252 0.049090 1
438258 0.000000 0
438266 0.000000 0
438273 0.060640 1
438282 0.000000 0
438290 0.000000 0
438297 0.057540 1
438303 0.000000 0
438310 0.000000 0
438318 0.057540 1
438327 0.000000 0
438334 0.000000 0
438342 0.055510 1
438348 0.000000 0
438356 0.000000 0
438363 0.053410 1
438372 0.000000 0
438380 0.000000 0
438387 0.061510 1
438393 0.000000 0
438400 0.000000 0
438408 0.066640 1
438416 0.000000 0
438424 0.000000 0
438431 0.064880 1
438438 0.000000 0
438446 0.000000 0
438453 0.058320 1
438462 0.000000 0
438470 0.000000 0
438477 0.046370 1
438485 0.000000 0
438492 0.000000 0
438500 0.053410 1
438507 0.000000 0
438514 0.000000 0
438522 0.051070 1
438530 0.000000 0
438538 0.000000 0
438545 0.045720 1
438551 0.000000 0
438558 0.000000 0
438566 0.041340 1
438574 0.000000 0
438582 0.000000 0
438589 0.053830 1
438596 0.000000 0
438604 0.000000 0
438611 0.048940 1
438619 0.000000 0
438626 0.000000 0
438634 0.052980 1
438641 0.000000 0
438648 0.000000 0
438656 0.053410 1
438664 0.000000 0
438672 0.000000 0
438679 0.064880 1
438686 0.000000 0
438694 0.000000 0
438701 0.064300 1
438709 0.000000 0
438716 0.000000 0
438724 0.085660 0
438731 0.000000 0
438738 0.000000 0
438746 0.073790 0
438754 0.000000 0
438762 0.000000 0
438769 0.055240 0
438776 0.000000 0
438784 0.000000 0
438791 0.046370 0
438799 0.000000 0
438806 0.000000 0
438814 0.052110 0
438821 0.000000 0
438828 0.000000 0
438836 0.043670 0
438844 0.000000 0
438852 0.000000 0
438859 0.048940 0
438866 0.000000 0
438874 0.000000 0
438881 0.047840 0
438890 0.000000 0
438898 0.000000 0
438905 0.055240 0
438913 0.000000 0
438920 0.000000 0
438928 0.063100 0
438934 0.000000 0
438942 0.000000 0
438949 0.060380 0
438958 0.000000 0
438966 0.000000 0
438973 0.057010 0
438979 0.000000 0
438986 0.000000 0
438994 0.041150 0
439002 0.000000 0
439010 0.000000 0
439017 0.057270 0
439024 0.000000 0
439032 0.000000 0
439039 0.057270 0
439047 0.000000 0
439054 0.000000 0
439062 0.056600 0
439069 0.000000 0
439076 0.000000 0
439084 0.046540 0
439092 0.000000 0
439100 0.000000 0
439107 0.052550 0
439114 0.000000 0
439122 0.000000 0
439129 0.037660 0
439136 0.000000 0
439144 0.000000 0
439151 0.041890 0
439158 0.000000 0
439166 0.000000 0
439173 0.037050 0
439181 0.000000 0
439188 0.000000 0
439196 0.048780 0
439203 0.000000 0
439210 0.000000 0
439218 0.052400 0
439226 0.000000 0
439234 0.000000 0
439241 0.049870 0
439248 0.000000 0
439256 0.000000 0
439263 0.036220 0
439272 0.000000 0
439280 0.000000 0
439287 0.028170 0
439293 0.000000 0
439300 0.000000 0
439308 0.023100 0
439316 0.000000 0
439324 0.000000 0
439331 0.048460 0
439338 0.000000 0
439346 0.000000 0
439353 0.054690 0
439361 0.000000 0
439368 0.000000 0
439376 0.047840 0
439383 0.000000 0
439390 0.000000 0
439398 0.054540 0
439406 0.000000 0
439414 0.000000 0
439421 0.068210 0
439428 0.000000 0
439436 0.000000 0
439443 0.068990 0
439451 0.000000 0
439458 0.000000 0
439466 0.060880 0
439473 0.000000 0
439480 0.000000 0
439488 0.060140 0
439497 0.000000 0
439504 0.000000 0
439512 0.049560 0
439518 0.000000 0
439526 0.000000 0
439533 0.047840 0
439542 0.000000 0
439550 0.000000 0
439557 0.058980 0
439563 0.000000 0
439570 0.000000 0
439578 0.056460 0
439586 0.000000 0
439594 0.000000 0
439601 0.057540 0
439608 0.000000 0
439616 0.000000 0
439623 0.052980 0
439632 0.000000 0
439640 0.000000 0
439647 0.047990 0
439653 0.000000 0
439660 0.000000 0
439668 0.053560 0
439677 0.000000 0
439684 0.000000 0
439692 0.053830 1
439698 0.000000 0
439706 0.000000 0
439713 0.060000 1
439721 0.000000 0
439728 0.000000 0
439736 0.064880 1
439743 0.000000 0
439750 0.000000 0
439758 0.047670 1
439767 0.000000 0
439774 0.000000 0
439782 0.042790 1
439790 0.000000 0
439798 0.000000 0
439805 0.046050 1
439812 0.000000 0
439820 0.000000 0
439827 0.059490 1
439833 0.000000 0
439840 0.000000 0
439848 0.065710 1
439856 0.000000 0
439864 0.000000 0
439871 0.062970 1
439879 0.000000 0
439886 0.000000 0
439894 0.042070 1
439901 0.000000 0
439908 0.000000 0
439916 0.043840 1
439924 0.000000 0
439932 0.000000 0
439939 0.048630 1
439946 0.000000 0
439954 0.000000 0
439961 0.045040 1
439970 0.000000 0
439978 0.000000 0
439985 0.043840 1
439991 0.000000 0
439998 0.000000 0
440006 0.065480 1
440015 0.000000 0
440022 0.000000 0
440030 0.066160 1
440036 0.000000 0
440044 0.000000 0
440051 0.062970 1
440060 0.000000 0
440068 0.000000 0
440075 0.053830 1
440081 0.000000 0
440088 0.000000 0
440096 0.055240 1
440105 0.000000 0
440112 0.000000 0
440120 0.065130 1
440126 0.000000 0
440134 0.000000 0
440141 0.064530 1
440149 0.000000 0
440156 0.000000 0
440164 0.047200 1
440171 0.000000 0
440178 0.000000 0
440186 0.042970 1
440194 0.000000 0
440202 0.000000 0
440209 0.031720 1
440216 0.000000 0
440224 0.000000 0
440231 0.056060 1
440239 0.000000 0
440246 0.000000 0
440254 0.053700 1
440261 0.000000 0
440268 0.000000 0
440276 0.054830 1
440284 0.000000 0
440292 0.000000 0
440299 0.045720 1
440306 0.000000 0
440314 0.000000 0
440321 0.198900 1
440329 0.000000 0
440336 0.000000 0
440344 0.250870 1
440351 0.000000 0
440358 0.000000 0
440366 0.122960 1
440374 0.000000 0
440382 0.000000 0
440389 0.070740 1
440397 0.000000 0
440404 0.000000 0
440412 0.026490 1
440419 0.000000 0
440426 0.000000 0
440434 0.021390 1
440442 0.000000 0
440450 0.000000 0
440457 0.018310 0
440464 0.000000 0
440472 0.000000 0
440479 0.017900 0
440487 0.000000 0
440494 0.000000 0
440502 0.026490 0
440509 0.000000 0
440516 0.000000 0
440524 0.020660 0
440532 0.000000 0
440540 0.000000 0
440547 0.034490 0
440554 0.000000 0
440562 0.000000 0
440569 0.036850 0
440577 0.000000 0
440584 0.000000 0
440592 0.044880 0
440599 0.000000 0
440606 0.000000 0
440614 0.038670 0
440622 0.000000 0
440630 0.000000 0
440637 0.036010 0
440644 0.000000 0
440652 0.000000 0
440659 0.042790 0
440667 0.000000 0
440674 0.000000 0
440682 0.036220 0
440689 0.000000 0
440696 0.000000 0
440704 0.031250 0
440711 0.000000 0
440718 0.000000 0
440726 0.034040 0
440734 0.000000 0
440742 0.000000 0
440749 0.030750 0
440757 0.000000 0
440764 0.000000 0
440772 0.073790 0
440779 0.000000 0
440786 0.000000 0
440794 0.191680 0
440802 0.000000 0
440810 0.000000 0
440817 0.280000 0
440824 0.000000 0
440832 0.000000 0
440839 0.152290 0
440846 0.000000 0
440854 0.000000 0
440861 0.086380 0
440869 0.000000 0
440876 0.000000 0
440884 0.033370 0
440892 0.000000 0
440900 0.000000 0
440907 0.031250 0
440914 0.000000 0
440922 0.000000 0
440929 0.008730 0
440936 0.000000 0
440944 0.000000 0
440951 0.019910 0
440959 0.000000 0
440966 0.000000 0
440974 0.012340 0
440982 0.000000 0
440990 0.000000 0
440997 0.026490 0
441004 0.000000 0
441012 0.000000 0
441019 0.042420 0
441028 0.000000 0
441036 0.000000 0
441043 0.039440 0
441049 0.000000 0
441056 0.000000 0
441064 0.035160 0
441072 0.000000 0
441080 0.000000 0
441087 0.032910 0
441094 0.000000 0
441102 0.000000 0
441109 0.032910 0
441117 0.000000 0
441124 0.000000 0
441132 0.037050 0
441138 0.000000 0
441146 0.000000 0
441153 0.051220 0
441161 0.000000 0
441168 0.000000 0
441176 0.050020 0
441183 0.000000 0
441190 0.000000 0
441198 0.067200 0
441206 0.000000 0
441214 0.000000 0
441221 0.057130 0
441229 0.000000 0
441236 0.000000 0
441244 0.095750 0
441251 0.000000 0
441258 0.000000 0
441266 0.119110 0
441274 0.000000 0
441282 0.000000 0
441289 0.161490 0
441297 0.000000 0
441304 0.000000 0
441312 0.135650 0
441318 0.000000 0
441326 0.000000 0
441333 0.080900 0
441341 0.000000 0
441348 0.000000 0
441356 0.035800 0
441363 0.000000 0
441370 0.000000 0
441378 0.018720 0
441386 0.000000 0
441394 0.000000 0
441401 0.010330 0
441409 0.000000 0
441416 0.000000 0
441424 0.007810 0
441432 0.000000 0
441440 0.000000 0
441447 0.020290 0
441454 0.000000 0
441462 0.000000 0
441469 0.028960 0
441477 0.000000 0
441484 0.000000 0
441492 0.064300 0
441499 0.000000 0
441506 0.000000 0
441514 0.061010 0
441523 0.000000 0
441530 0.000000 0
441538 0.059240 0
441544 0.000000 0
441552 0.000000 0
441559 0.063460 0
441567 0.000000 0
441574 0.000000 0
441582 0.042420 0
441589 0.000000 0
441596 0.000000 0
441604 0.048630 0
441611 0.000000 0
441618 0.000000 0
441626 0.048780 0
441634 0.000000 0
441642 0.000000 0
441649 0.047030 0
441657 0.000000 0
441664 0.000000 0
441672 0.062850 0
441679 0.000000 0
441686 0.000000 0
441694 0.067540 0
441702 0.000000 0
441710 0.000000 0
441717 0.065480 0
441724 0.000000 0
441732 0.000000 0
441739 0.125540 0
441746 0.000000 0
441754 0.000000 0
441761 0.198140 0
441769 0.000000 0
441776 0.000000 0
441784 0.115280 0
441791 0.000000 0
441798 0.000000 0
441806 0.055920 0
441813 0.000000 0
441820 0.000000 0
441828 0.017010 0
441836 0.000000 0
441844 0.000000 0
441851 0.015120 0
441859 0.000000 0
441866 0.000000 0
441874 0.023440 0
441882 0.000000 0
441890 0.000000 0
441897 0.023100 0
441904 0.000000 0
441912 0.000000 0
441919 0.020290 0
441927 0.000000 0
441934 0.000000 0
441942 0.023440 0
441950 0.000000 0
441958 0.000000 0
441965 0.033600 0
441972 0.000000 0
441980 0.000000 0
441987 0.045880 0
441995 0.000000 0
442002 0.000000 0
442010 0.049260 0
442017 0.000000 0
442024 0.000000 0
442032 0.038670 0
442040 0.000000 0
442048 0.000000 0
442055 0.036640 0
442062 0.000000 0
442070 0.000000 0
442077 0.042250 0
442085 0.000000 0
442092 0.000000 0
442100 0.043840 0
442107 0.000000 0
442114 0.000000 0
442122 0.044010 0
442130 0.000000 0
442138 0.000000 0
442145 0.068330 0
442152 0.000000 0
442160 0.000000 0
442167 0.099500 0
442175 0.000000 0
442182 0.000000 0
442190 0.119370 0
442197 0.000000 0
442204 0.000000 0
442212 0.168050 0
442220 0.000000 0
442228 0.000000 0
442235 0.135480 0
442241 0.000000 0
442248 0.000000 0
442256 0.074530 0
442265 0.000000 0
442272 0.000000 0
442280 0.032910 0
442286 0.000000 0
442294 0.000000 0
442301 0.019130 0
442310 0.000000 0
442318 0.000000 0
442325 0.011720 0
442332 0.000000 0
442340 0.000000 0
442347 0.012950 0
442355 0.000000 0
442362 0.000000 0
442370 0.025010 0
442377 0.000000 0
442384 0.000000 0
442392 0.039830 0
442400 0.000000 0
442408 0.000000 0
442415 0.044360 0
442422 0.000000 0
442430 0.000000 0
442437 0.051820 0
442445 0.000000 0
442452 0.000000 0
442460 0.056200 0
442467 0.000000 0
442474 0.000000 0
442482 0.051510 0
442490 0.000000 0
442498 0.000000 0
442505 0.056200 0
442512 0.000000 0
442520 0.000000 0
442527 0.048940 0
442535 0.000000 0
442542 0.000000 0
442550 0.052110 0
442557 0.000000 0
442564 0.000000 0
442572 0.058720 0
442580 0.000000 0
442588 0.000000 0
442595 0.058980 0
442602 0.000000 0
442610 0.000000 0
442617 0.050320 0
442625 0.000000 0
442632 0.000000 0
442640 0.097260 0
442647 0.000000 0
442654 0.000000 0
442662 0.137000 0
442670 0.000000 0
442678 0.000000 0
442685 0.183630 0
442691 0.000000 0
442698 0.000000 0
442706 0.129670 0
442715 0.000000 0
442722 0.000000 0
442730 0.072650 0
442736 0.000000 0
442744 0.000000 0
442751 0.034930 0
442759 0.000000 0
442766 0.000000 0
442774 0.008730 0
442781 0.000000 0
442788 0.000000 0
442796 0.006760 0
442805 0.000000 0
442812 0.000000 0
442820 0.006760 0
442827 0.000000 0
442834 0.000000 0
442842 0.027050 0
442850 0.000000 0
442858 0.000000 0
442865 0.050920 0
442873 0.000000 0
442880 0.000000 0
442888 0.051670 0
442895 0.000000 0
442902 0.000000 0
442910 0.053410 0
442916 0.000000 0
442924 0.000000 0
442931 0.038670 0
442940 0.000000 0
442948 0.000000 0
442955 0.033600 0
442961 0.000000 0
442968 0.000000 0
442976 0.030000 0
442984 0.000000 0
442992 0.000000 0
442999 0.058200 0
443006 0.000000 0
443014 0.000000 0
443021 0.065130 0
443030 0.000000 0
443038 0.000000 0
443045 0.119250 0
443051 0.000000 0
443058 0.000000 0
443066 0.107330 0
443075 0.000000 0
443082 0.000000 0
443090 0.089590 0
443096 0.000000 0
443104 0.000000 0
443111 0.152440 0
443119 0.000000 0
443126 0.000000 0
443134 0.126330 0
443141 0.000000 0
443148 0.000000 0
443156 0.156920 0
443164 0.000000 0
443172 0.000000 0
443179 0.108520 0
443186 0.000000 0
443194 0.000000 0
443201 0.067200 0
443209 0.000000 0
443216 0.000000 0
443224 0.023440 0
443231 0.000000 0
443238 0.000000 0
443246 0.011050 0
443255 0.000000 0
443262 0.000000 0
443270 0.003910 0
443276 0.000000 0
443284 0.000000 0
443291 0.008730 0
443299 0.000000 0
443306 0.000000 0
443314 0.006760 0
443321 0.000000 0
443328 0.000000 0
443336 0.040960 0
443344 0.000000 0
443352 0.000000 0
443359 0.033830 0
443366 0.000000 0
443374 0.000000 0
443381 0.099430 0
443389 0.000000 0
443396 0.000000 0
443404 0.096790 0
443411 0.000000 0
443418 0.000000 0
443426 0.096470 0
443434 0.000000 0
443442 0.000000 0
443449 0.073900 0
443456 0.000000 0
443464 0.000000 0
443471 0.073700 0
443479 0.000000 0
443486 0.000000 0
443494 0.060640 0
443501 0.000000 0
443508 0.000000 0
443516 0.065250 0
443525 0.000000 0
443532 0.000000 0
443540 0.042600 0
443546 0.000000 0
443554 0.000000 0
443561 0.025010 0
443570 0.000000 0
443578 0.000000 0
443585 0.144900 0
443591 0.000000 0
443598 0.000000 0
443606 0.169150 0
443614 0.000000 0
443622 0.000000 0
443629 0.196630 0
443636 0.000000 0
443644 0.000000 0
443651 0.095670 0
443659 0.000000 0
443666 0.000000 0
443674 0.043140 0
443681 0.000000 0
443688 0.000000 0
443696 0.008730 0
443704 0.000000 0
443712 0.000000 0
443719 0.005520 0
443726 0.000000 0
443734 0.000000 0
443741 0.010330 0
443749 0.000000 0
443756 0.000000 0
443764 0.009570 0
443771 0.000000 0
443778 0.000000 0
443786 0.025310 0
443794 0.000000 0
443802 0.000000 0
443809 0.055650 0
443816 0.000000 0
443824 0.000000 0
443831 0.045880 0
443840 0.000000 0
443848 0.000000 0
443855 0.049090 0
443861 0.000000 0
443868 0.000000 0
443876 0.084760 0
443884 0.000000 0
443892 0.000000 0
443899 0.088900 0
443906 0.000000 0
443914 0.000000 0
443921 0.088030 0
443929 0.000000 0
443936 0.000000 0
443944 0.078710 0
443951 0.000000 0
443958 0.000000 0
443966 0.081380 0
443974 0.000000 0
443982 0.000000 0
443989 0.049560 0
443996 0.000000 0
444004 0.000000 0
444011 0.049410 0
444019 0.000000 0
444026 0.000000 0
444034 0.126330 0
444041 0.000000 0
444048 0.000000 0
444056 0.124860 0
444064 0.000000 0
444072 0.000000 0
444079 0.126090 0
444086 0.000000 0
444094 0.000000 0
444101 0.116000 0
444109 0.000000 0
444116 0.000000 0
444124 0.067430 0
444131 0.000000 0
444138 0.000000 0
444146 0.022430 0
444155 0.000000 0
444162 0.000000 0
444170 0.009570 0
444176 0.000000 0
444184 0.000000 0
444191 0.012950 0
444199 0.000000 0
444206 0.000000 0
444214 0.011050 0
444222 0.000000 0
444230 0.000000 0
444237 0.011050 0
444244 0.000000 0
444252 0.000000 0
444259 0.016100 0
444268 0.000000 0
444276 0.000000 0
444283 0.041520 0
444289 0.000000 0
444296 0.000000 0
444304 0.063220 0
444312 0.000000 0
444320 0.000000 0
444327 0.047840 0
444334 0.000000 0
444342 0.000000 0
444349 0.027620 0
444358 0.000000 0
444366 0.000000 0
444373 0.030500 0
444379 0.000000 0
444386 0.000000 0
444394 0.044360 0
444403 0.000000 0
444410 0.000000 0
444418 0.046220 0
444424 0.000000 0
444432 0.000000 0
444439 0.050480 0
444447 0.000000 0
444454 0.000000 0
444462 0.043670 0
444469 0.000000 0
444476 0.000000 0
444484 0.052690 0
444492 0.000000 0
444500 0.000000 0
444507 0.112060 0
444514 0.000000 0
444522 0.000000 0
444529 0.177460 0
444536 0.000000 0
444544 0.000000 0
444551 0.184080 0
444559 0.000000 0
444566 0.000000 0
444574 0.154730 0
444582 0.000000 0
444590 0.000000 0
444597 0.083770 0
444604 0.000000 0
444612 0.000000 0
444619 0.043840 0
444627 0.000000 0
444634 0.000000 0
444642 0.015630 0
444649 0.000000 0
444656 0.000000 0
444664 0.015630 0
444671 0.000000 0
444678 0.000000 0
444686 0.014600 0
444694 0.000000 0
444702 0.000000 0
444709 0.011720 0
444716 0.000000 0
444724 0.000000 0
444731 0.021390 0
444739 0.000000 0
444746 0.000000 0
444754 0.024700 0
444761 0.000000 0
444768 0.000000 0
444776 0.046370 0
444784 0.000000 0
444792 0.000000 0
444799 0.042420 0
444806 0.000000 0
444814 0.000000 0
444821 0.059620 0
444829 0.000000 0
444836 0.000000 0
444844 0.069870 0
444852 0.000000 0
444860 0.000000 0
444867 0.052550 0
444874 0.000000 0
444882 0.000000 0
444889 0.039440 0
444896 0.000000 0
444904 0.000000 0
444911 0.050780 0
444919 0.000000 0
444926 0.000000 0
444934 0.049090 0
444942 0.000000 0
444950 0.000000 0
444957 0.126390 0
444964 0.000000 0
444972 0.000000 0
444979 0.131010 0
444986 0.000000 0
444994 0.000000 0
445001 0.154730 0
445009 0.000000 0
445016 0.000000 0
445024 0.137540 0
445032 0.000000 0
445040 0.000000 0
445047 0.086380 0
445054 0.000000 0
445062 0.000000 0
445069 0.045550 0
445077 0.000000 0
445084 0.000000 0
445092 0.011050 0
445099 0.000000 0
445106 0.000000 0
445114 0.011050 0
445122 0.000000 0
445130 0.000000 0
445137 0.012950 0
445144 0.000000 0
445152 0.000000 0
445159 0.019130 0
445166 0.000000 0
445174 0.000000 0
445181 0.028960 0
445189 0.000000 0
445196 0.000000 0
445204 0.028430 0
445212 0.000000 0
445220 0.000000 0
445227 0.040020 0
445234 0.000000 0
445242 0.000000 0
445249 0.054830 0
445258 0.000000 0
445266 0.000000 0
445273 0.062730 0
445279 0.000000 0
445286 0.000000 0
445294 0.053120 0
445302 0.000000 0
445310 0.000000 0
445317 0.048630 0
445324 0.000000 0
445332 0.000000 0
445339 0.049560 0
445346 0.000000 0
445354 0.000000 0
445361 0.053120 0
445368 0.000000 0
445376 0.000000 0
445383 0.053410 0
445391 0.000000 0
445398 0.000000 0
445406 0.062120 0
445414 0.000000 0
445422 0.000000 0
445429 0.114080 0
445437 0.000000 0
445444 0.000000 0
445452 0.121780 0
445459 0.000000 0
445466 0.000000 0
445474 0.239930 0
445481 0.000000 0
445488 0.000000 0
445496 0.126760 0
445503 0.000000 0
445510 0.000000 0
445518 0.045720 0
445526 0.000000 0
445534 0.000000 0
445541 0.012340 0
445548 0.000000 0
445556 0.000000 0
445563 0.010330 0
445571 0.000000 0
445578 0.000000 0
445586 0.033600 0
445593 0.000000 0
445600 0.000000 0
445608 0.065250 0
445616 0.000000 0
445624 0.000000 0
445631 0.080700 0
445638 0.000000 0
445646 0.000000 0
445653 0.042970 0
445662 0.000000 0
445670 0.000000 0
445677 0.034490 0
445683 0.000000 0
445690 0.000000 0
445698 0.019530 0
445706 0.000000 0
445714 0.000000 0
445721 0.009570 0
445729 0.000000 0
445736 0.000000 0
445744 0.005520 0
445752 0.000000 0
445760 0.000000 0
445767 0.010330 0
445774 0.000000 0
445782 0.000000 0
445789 0.003910 0
445797 0.000000 0
445804 0.000000 0
445812 0.021030 0
445819 0.000000 0
445826 0.000000 0
445834 0.038860 0
445843 0.000000 0
445850 0.000000 0
445858 0.040210 0
445864 0.000000 0
445872 0.000000 0
445879 0.084140 0
445888 0.000000 0
445896 0.000000 0
445903 0.149160 0
445909 0.000000 0
445916 0.000000 0
445924 0.176780 0
445933 0.000000 0
445940 0.000000 0
445948 0.181460 0
445954 0.000000 0
445962 0.000000 0
445969 0.131140 0
445977 0.000000 0
445984 0.000000 0
445992 0.081470 0
445999 0.000000 0
446006 0.000000 0
446014 0.044010 0
446022 0.000000 0
446030 0.000000 0
446037 0.011050 0
446044 0.000000 0
446052 0.000000 0
446059 0.014600 0
446068 0.000000 0
446076 0.000000 0
446083 0.010330 0
446089 0.000000 0
446096 0.000000 0
446104 0.007810 0
446112 0.000000 0
446120 0.000000 0
446127 0.030000 0
446134 0.000000 0
446142 0.000000 0
446149 0.037260 0
446157 0.000000 0
446164 0.000000 0
446172 0.025310 0
446179 0.000000 0
446186 0.000000 0
446194 0.033140 0
446202 0.000000 0
446210 0.000000 0
446217 0.056730 0
446224 0.000000 0
446232 0.000000 0
446239 0.070190 0
446246 0.000000 0
446254 0.000000 0
446261 0.057940 0
446269 0.000000 0
446276 0.000000 0
446284 0.068440 0
446291 0.000000 0
446298 0.000000 0
446306 0.072020 0
446314 0.000000 0
446322 0.000000 0
446329 0.058060 0
446336 0.000000 0
446344 0.000000 0
446351 0.068670 0
446359 0.000000 0
446366 0.000000 0
446374 0.132340 0
446382 0.000000 0
446390 0.000000 0
446397 0.175810 0
446404 0.000000 0
446412 0.000000 0
446419 0.227600 0
446427 0.000000 0
446434 0.000000 0
446442 0.095350 0
446449 0.000000 0
446456 0.000000 0
446464 0.026200 0
446472 0.000000 0
446480 0.000000 0
446487 0.007810 0
446494 0.000000 0
446502 0.000000 0
446509 0.012340 0
446517 0.000000 0
446524 0.000000 0
446532 0.009570 0
446539 0.000000 0
446546 0.000000 0
446554 0.012950 0
446562 0.000000 0
446570 0.000000 0
446577 0.011720 0
446584 0.000000 0
446592 0.000000 0
446599 0.036420 0
446608 0.000000 0
446616 0.000000 0
446623 0.041340 0
446629 0.000000 0
446636 0.000000 0
446644 0.042790 0
446652 0.000000 0
446660 0.000000 0
446667 0.058850 0
446674 0.000000 0
446682 0.000000 0
446689 0.034270 0
446697 0.000000 0
446704 0.000000 0
446712 0.034930 0
446719 0.000000 0
446726 0.000000 0
446734 0.026200 0
446742 0.000000 0
446750 0.000000 0
446757 0.098820 0
446764 0.000000 0
446772 0.000000 0
446779 0.192800 0
446787 0.000000 0
446794 0.000000 0
446802 0.195930 0
446809 0.000000 0
446816 0.000000 0
446824 0.150930 0
446832 0.000000 0
446840 0.000000 0
446847 0.137440 0
446854 0.000000 0
446862 0.000000 0
446869 0.099430 0
446876 0.000000 0
446884 0.000000 0
446891 0.097260 0
446898 0.000000 0
446906 0.000000 0
446913 0.065130 0
446922 0.000000 0
446930 0.000000 0
446937 0.037870 0
446943 0.000000 0
446950 0.000000 0
446958 0.020660 0
446966 0.000000 0
446974 0.000000 0
446981 0.013520 0
446988 0.000000 0
446996 0.000000 0
447003 0.012950 0
447011 0.000000 0
447018 0.000000 0
447026 0.008730 0
447034 0.000000 0
447042 0.000000 0
447049 0.008730 0
447056 0.000000 0
447064 0.000000 0
447071 0.036640 0
447079 0.000000 0
447086 0.000000 0
447094 0.048780 0
447102 0.000000 0
447110 0.000000 0
447117 0.120130 0
447124 0.000000 0
447132 0.000000 0
447139 0.132860 0
447146 0.000000 0
447154 0.000000 0
447161 0.109220 0
447170 0.000000 0
447178 0.000000 0
447185 0.107900 0
447191 0.000000 0
447198 0.000000 0
447206 0.065830 0
447215 0.000000 0
447222 0.000000 0
447230 0.023440 0
447237 0.000000 0
447244 0.000000 0
447252 0.018720 0
447260 0.000000 0
447268 0.000000 0
447275 0.003910 0
447281 0.000000 0
447288 0.000000 0
447296 0.133840 0
447305 0.000000 0
447312 0.000000 0
447320 0.202290 0
447327 0.000000 0
447334 0.000000 0
447342 0.238820 0
447350 0.000000 0
447358 0.000000 0
447365 0.233920 0
447371 0.000000 0
447378 0.000000 0
447386 0.078020 0
447394 0.000000 0
447402 0.000000 0
447409 0.018310 0
447416 0.000000 0
447424 0.000000 0
447431 0.011050 0
447440 0.000000 0
447448 0.000000 0
447455 0.014080 0
447462 0.000000 0
447470 0.000000 0
447477 0.017010 0
447485 0.000000 0
447492 0.000000 0
447500 0.027620 0
447506 0.000000 0
447514 0.000000 0
447521 0.034040 0
447530 0.000000 0
447538 0.000000 0
447545 0.060760 0
447552 0.000000 0
447560 0.000000 0
447567 0.062240 0
447575 0.000000 0
447582 0.000000 0
447590 0.062730 0
447596 0.000000 0
447604 0.000000 0
447611 0.052980 0
447619 0.000000 0
447626 0.000000 0
447634 0.054400 0
447641 0.000000 0
447648 0.000000 0
447656 0.048630 0
447664 0.000000 0
447672 0.000000 0
447679 0.049090 0
447686 0.000000 0
447694 0.000000 0
447701 0.040410 0
447710 0.000000 0
447718 0.000000 0
447725 0.045880 0
447731 0.000000 0
447738 0.000000 0
447746 0.059490 0
447755 0.000000 0
447762 0.000000 0
447770 0.137650 0
447776 0.000000 0
447784 0.000000 0
447791 0.102530 0
447799 0.000000 0
447806 0.000000 0
447814 0.190650 0
447821 0.000000 0
447828 0.000000 0
447836 0.148940 0
447844 0.000000 0
447852 0.000000 0
447859 0.088900 0
447866 0.000000 0
447874 0.000000 0
447881 0.028170 0
447889 0.000000 0
447896 0.000000 0
447904 0.010330 0
447911 0.000000 0
447918 0.000000 0
447926 0.008730 0
447934 0.000000 0
447942 0.000000 0
447949 0.009570 0
447956 0.000000 0
447964 0.000000 0
447971 0.007810 0
447980 0.000000 0
447988 0.000000 0
447995 0.083860 0
448001 0.000000 0
448008 0.000000 0
448016 0.075640 0
448024 0.000000 0
448032 0.000000 0
448039 0.051380 0
448046 0.000000 0
448054 0.000000 0
448061 0.047350 0
448069 0.000000 0
448076 0.000000 0
448084 0.031480 0
448091 0.000000 0
448098 0.000000 0
448106 0.040410 0
448114 0.000000 0
448122 0.000000 0
448129 0.043670 0
448136 0.000000 0
448144 0.000000 0
448151 0.045040 0
448160 0.000000 0
448168 0.000000 0
448175 0.054540 0
448181 0.000000 0
448188 0.000000 0
448196 0.057400 0
448204 0.000000 0
448212 0.000000 0
448219 0.096150 0
448226 0.000000 0
448234 0.000000 0
448241 0.145200 0
448249 0.000000 0
448256 0.000000 0
448264 0.237770 0
448271 0.000000 0
448278 0.000000 0
448286 0.176000 0
448294 0.000000 0
448302 0.000000 0
448309 0.057270 0
448316 0.000000 0
448324 0.000000 0
448331 0.020290 0
448339 0.000000 0
448346 0.000000 0
448354 0.005520 0
448361 0.000000 0
448368 0.000000 0
448376 0.005520 0
448384 0.000000 0
448392 0.000000 0
448399 0.003910 0
448406 0.000000 0
448414 0.000000 0
448421 0.020290 0
448429 0.000000 0
448436 0.000000 0
448444 0.040210 0
448451 0.000000 0
448458 0.000000 0
448466 0.042790 0
448474 0.000000 0
448482 0.000000 0
448489 0.041890 0
448496 0.000000 0
448504 0.000000 0
448511 0.050780 0
448519 0.000000 0
448526 0.000000 0
448534 0.051220 0
448541 0.000000 0
448548 0.000000 0
448556 0.054830 0
448565 0.000000 0
448572 0.000000 0
448580 0.047350 0
448586 0.000000 0
448594 0.000000 0
448601 0.052400 0
448609 0.000000 0
448616 0.000000 0
448624 0.050920 0
448631 0.000000 0
448638 0.000000 0
448646 0.062360 0
448654 0.000000 0
448662 0.000000 0
448669 0.070310 0
448676 0.000000 0
448684 0.000000 0
448691 0.109160 0
448700 0.000000 0
448708 0.000000 0
448715 0.147510 0
448721 0.000000 0
448728 0.000000 0
448736 0.145480 0
448744 0.000000 0
448752 0.000000 0
448759 0.120390 0
448766 0.000000 0
448774 0.000000 0
448781 0.062500 0
448789 0.000000 0
448796 0.000000 0
448804 0.019910 0
448811 0.000000 0
448818 0.000000 0
448826 0.003910 0
448834 0.000000 0
448842 0.000000 0
448849 0.007810 0
448856 0.000000 0
448864 0.000000 0
448871 0.012950 0
448879 0.000000 0
448886 0.000000 0
448894 0.011050 0
448901 0.000000 0
448908 0.000000 0
448916 0.030000 0
448924 0.000000 0
448932 0.000000 0
448939 0.033600 0
448946 0.000000 0
448954 0.000000 0
448961 0.036420 0
448969 0.000000 0
448976 0.000000 0
448984 0.044360 0
448991 0.000000 0
448998 0.000000 0
449006 0.057660 0
449014 0.000000 0
449022 0.000000 0
449029 0.060760 0
449036 0.000000 0
449044 0.000000 0
449051 0.075030 0
449059 0.000000 0
449066 0.000000 0
449074 0.061510 0
449081 0.000000 0
449088 0.000000 0
449096 0.045040 0
449104 0.000000 0
449112 0.000000 0
449119 0.040590 0
449126 0.000000 0
449134 0.000000 0
449141 0.072860 0
449149 0.000000 0
449156 0.000000 0
449164 0.128130 0
449171 0.000000 0
449178 0.000000 0
449186 0.147300 0
449194 0.000000 0
449202 0.000000 0
449209 0.232440 0
449216 0.000000 0
449224 0.000000 0
449231 0.097340 0
449239 0.000000 0
449246 0.000000 0
449254 0.041340 0
449261 0.000000 0
449268 0.000000 0
449276 0.035160 0
449284 0.000000 0
449292 0.000000 0
449299 0.015120 0
449306 0.000000 0
449314 0.000000 0
449321 0.022100 0
449329 0.000000 0
449336 0.000000 0
449344 0.021030 0
449351 0.000000 0
449358 0.000000 0
449366 0.021740 0
449374 0.000000 0
449382 0.000000 0
449389 0.019910 0
449396 0.000000 0
449404 0.000000 0
449411 0.049710 0
449419 0.000000 0
449426 0.000000 0
449434 0.037870 0
449441 0.000000 0
449448 0.000000 0
449456 0.047520 0
449464 0.000000 0
449472 0.000000 0
449479 0.052400 0
449487 0.000000 0
449494 0.000000 0
449502 0.047350 0
449509 0.000000 0
449516 0.000000 0
449524 0.049870 0
449533 0.000000 0
449540 0.000000 0
449548 0.052260 0
449554 0.000000 0
449562 0.000000 0
449569 0.063710 0
449576 0.000000 0
449584 0.000000 0
449591 0.064770 0
449599 0.000000 0
449606 0.000000 0
449614 0.078890 0
449621 0.000000 0
449628 0.000000 0
449636 0.114690 0
449644 0.000000 0
449652 0.000000 0
449659 0.140080 0
449667 0.000000 0
449674 0.000000 0
449682 0.195150 0
449689 0.000000 0
449696 0.000000 0
449704 0.100340 0
449711 0.000000 0
449718 0.000000 0
449726 0.034930 0
449734 0.000000 0
449742 0.000000 0
449749 0.012340 0
449757 0.000000 0
449764 0.000000 0
449772 0.006760 0
449779 0.000000 0
449786 0.000000 0
449794 0.005520 0
449802 0.000000 0
449810 0.000000 0
449817 0.008730 0
449824 0.000000 0
449832 0.000000 0
449839 0.006760 0
449846 0.000000 0
449854 0.000000 0
449861 0.051820 0
449869 0.000000 0
449876 0.000000 0
449884 0.048780 0
449891 0.000000 0
449898 0.000000 0
449906 0.021030 0
449914 0.000000 0
449922 0.000000 0
449929 0.011050 0
449936 0.000000 0
449944 0.000000 0
449951 0.003910 0
449959 0.000000 0
449966 0.000000 0
449974 0.005520 0
449981 0.000000 0
449988 0.000000 0
449996 0.005520 0
450004 0.000000 0
450012 0.000000 0
450019 0.000000 0
450027 0.000000 0
450034 0.000000 0
450042 0.000000 0
450049 0.000000 0
450056 0.000000 0
450064 0.000000 0
450072 0.000000 0
450080 0.000000 0
450087 0.149310 0
450094 0.000000 0
450102 0.000000 0
450109 0.227860 0
450117 0.000000 0
450124 0.000000 0
450132 0.353400 0
450139 0.000000 0
450146 0.000000 0
450154 0.304200 0
450162 0.000000 0
450170 0.000000 0
450177 0.081180 0
450184 0.000000 0
450192 0.000000 0
450199 0.019910 0
450207 0.000000 0
450214 0.000000 0
450222 0.016570 0
450229 0.000000 0
450236 0.000000 0
450244 0.007810 0
450252 0.000000 0
450260 0.000000 0
450267 0.003910 0
450274 0.000000 0
450282 0.000000 0
450289 0.008730 0
450296 0.000000 0
450304 0.000000 0
450311 0.028430 0
450319 0.000000 0
450326 0.000000 0
450334 0.036010 0
450342 0.000000 0
450350 0.000000 0
450357 0.039060 0
450364 0.000000 0
450372 0.000000 0
450379 0.029480 0
450386 0.000000 0
450394 0.000000 0
450401 0.027050 0
450409 0.000000 0
450416 0.000000 0
450424 0.052980 0
450432 0.000000 0
450440 0.000000 0
450447 0.043490 0
450454 0.000000 0
450462 0.000000 0
450469 0.093490 0
450476 0.000000 0
450484 0.000000 0
450491 0.127290 0
450499 0.000000 0
450506 0.000000 0
450514 0.109090 0
450521 0.000000 0
450528 0.000000 0
450536 0.107550 0
450544 0.000000 0
450552 0.000000 0
450559 0.151780 0
450567 0.000000 0
450574 0.000000 0
450582 0.135930 0
450589 0.000000 0
450596 0.000000 0
450604 0.131300 0
450611 0.000000 0
450618 0.000000 0
450626 0.089330 0
450634 0.000000 0
450642 0.000000 0
450649 0.060000 0
450656 0.000000 0
450664 0.000000 0
450671 0.027620 0
450678 0.000000 0
450686 0.000000 0
450693 0.007810 0
450702 0.000000 0
450710 0.000000 0
450717 0.009570 0
450724 0.000000 0
450732 0.000000 0
450739 0.011050 0
450747 0.000000 0
450754 0.000000 0
450762 0.007810 0
450769 0.000000 0
450776 0.000000 0
450784 0.023440 0
450791 0.000000 0
450798 0.000000 0
450806 0.040770 0
450814 0.000000 0
450822 0.000000 0
450829 0.078710 0
450837 0.000000 0
450844 0.000000 0
450852 0.098040 0
450859 0.000000 0
450866 0.000000 0
450874 0.087950 0
450883 0.000000 0
450890 0.000000 0
450898 0.080810 0
450904 0.000000 0
450912 0.000000 0
450919 0.076650 0
450927 0.000000 0
450934 0.000000 0
450942 0.074920 0
450949 0.000000 0
450956 0.000000 0
450964 0.074220 0
450972 0.000000 0
450980 0.000000 0
450987 0.068770 0
450994 0.000000 0
451002 0.000000 0
451009 0.013520 0
451018 0.000000 0
451026 0.000000 0
451033 0.142930 0
451039 0.000000 0
451046 0.000000 0
451054 0.174820 0
451061 0.000000 0
451068 0.000000 0
451076 0.188100 0
451084 0.000000 0
451092 0.000000 0
451099 0.097490 0
451106 0.000000 0
451114 0.000000 0
451121 0.041890 0
451128 0.000000 0
451136 0.000000 0
451143 0.013520 0
451151 0.000000 0
451158 0.000000 0
451166 0.010330 0
451173 0.000000 0
451180 0.000000 0
451188 0.006760 0
451197 0.000000 0
451204 0.000000 0
451212 0.011720 0
451218 0.000000 0
451226 0.000000 0
451233 0.028170 0
451241 0.000000 0
451248 0.000000 0
451256 0.036220 0
451264 0.000000 0
451272 0.000000 0
451279 0.053410 0
451286 0.000000 0
451294 0.000000 0
451301 0.121400 0
451309 0.000000 0
451316 0.000000 0
451324 0.082400 0
451332 0.000000 0
451340 0.000000 0
451347 0.054960 0
451354 0.000000 0
451362 0.000000 0
451369 0.053970 0
451377 0.000000 0
451384 0.000000 0
451392 0.048630 0
451399 0.000000 0
451406 0.000000 0
451414 0.043840 0
451423 0.000000 0
451430 0.000000 0
451438 0.022770 0
451444 0.000000 0
451452 0.000000 0
451459 0.011050 0
451468 0.000000 0
451476 0.000000 0
451483 0.152640 0
451489 0.000000 0
451496 0.000000 0
451504 0.139910 0
451512 0.000000 0
451520 0.000000 0
451527 0.162840 0
451534 0.000000 0
451542 0.000000 0
451549 0.129780 0
451556 0.000000 0
451564 0.000000 0
451571 0.067990 0
451578 0.000000 0
451586 0.000000 0
451593 0.031250 0
451602 0.000000 0
451610 0.000000 0
451617 0.007810 0
451623 0.000000 0
451630 0.000000 0
451638 0.015120 0
451646 0.000000 0
451654 0.000000 0
451661 0.015120 0
451668 0.000000 0
451676 0.000000 0
451683 0.005520 0
451691 0.000000 0
451698 0.000000 0
451706 0.007810 0
451713 0.000000 0
451720 0.000000 0
451728 0.027620 0
451736 0.000000 0
451744 0.000000 0
451751 0.028170 0
451758 0.000000 0
451766 0.000000 0
451773 0.040410 0
451781 0.000000 0
451788 0.000000 0
451796 0.048780 0
451803 0.000000 0
451810 0.000000 0
451818 0.062360 0
451827 0.000000 0
451834 0.000000 0
451842 0.072450 0
451848 0.000000 0
451856 0.000000 0
451863 0.079580 0
451871 0.000000 0
451878 0.000000 0
451886 0.085220 0
451893 0.000000 0
451900 0.000000 0
451908 0.084320 0
451916 0.000000 0
451924 0.000000 0
451931 0.093420 0
451938 0.000000 0
451946 0.000000 0
451953 0.132630 0
451961 0.000000 0
451968 0.000000 0
451976 0.114210 0
451984 0.000000 0
451992 0.000000 0
451999 0.213340 0
452006 0.000000 0
452014 0.000000 0
452021 0.165870 0
452028 0.000000 0
452036 0.000000 0
452043 0.059100 0
452052 0.000000 0
452060 0.000000 0
452067 0.019130 0
452073 0.000000 0
452080 0.000000 0
452088 0.007810 0
452096 0.000000 0
452104 0.000000 0
452111 0.009570 0
452119 0.000000 0
452126 0.000000 0
452134 0.007810 0
452141 0.000000 0
452148 0.000000 0
452156 0.015630 0
452164 0.000000 0
452172 0.000000 0
452179 0.036420 0
452186 0.000000 0
452194 0.000000 0
452201 0.044010 0
452209 0.000000 0
452216 0.000000 0
452224 0.038860 0
452231 0.000000 0
452238 0.000000 0
452246 0.064300 0
452254 0.000000 0
452262 0.000000 0
452269 0.062000 0
452276 0.000000 0
452284 0.000000 0
452291 0.057270 0
452299 0.000000 0
452306 0.000000 0
452314 0.042250 0
452321 0.000000 0
452328 0.000000 0
452336 0.048940 0
452344 0.000000 0
452352 0.000000 0
452359 0.071700 0
452367 0.000000 0
452374 0.000000 0
452382 0.068210 0
452389 0.000000 0
452396 0.000000 0
452404 0.062120 0
452411 0.000000 0
452418 0.000000 0
452426 0.128660 0
452434 0.000000 0
452442 0.000000 0
452449 0.117190 0
452456 0.000000 0
452464 0.000000 0
452471 0.142240 0
452478 0.000000 0
452486 0.000000 0
452493 0.122530 0
452501 0.000000 0
452508 0.000000 0
452516 0.059100 0
452523 0.000000 0
452530 0.000000 0
452538 0.033600 0
452546 0.000000 0
452554 0.000000 0
452561 0.009570 0
452568 0.000000 0
452576 0.000000 0
452583 0.005520 0
452591 0.000000 0
452598 0.000000 0
452606 0.006760 0
452615 0.000000 0
452622 0.000000 0
452630 0.009570 0
452636 0.000000 0
452644 0.000000 0
452651 0.006760 0
452660 0.000000 0
452668 0.000000 0
452675 0.090930 0
452682 0.000000 0
452690 0.000000 0
452697 0.129430 0
452705 0.000000 0
452712 0.000000 0
452720 0.115540 0
452727 0.000000 0
452734 0.000000 0
452742 0.096390 0
452750 0.000000 0
452758 0.000000 0
452765 0.071380 0
452772 0.000000 0
452780 0.000000 0
452787 0.053560 0
452795 0.000000 0
452802 0.000000 0
452810 0.047520 0
452817 0.000000 0
452824 0.000000 0
452832 0.016100 0
452840 0.000000 0
452848 0.000000 0
452855 0.010330 0
452862 0.000000 0
452870 0.000000 0
452877 0.128370 0
452885 0.000000 0
452892 0.000000 0
452900 0.201650 0
452907 0.000000 0
452914 0.000000 0
452922 0.242940 0
452930 0.000000 0
452938 0.000000 0
452945 0.133150 0
452952 0.000000 0
452960 0.000000 0
452967 0.055790 0
452975 0.000000 0
452982 0.000000 0
452990 0.011720 0
452996 0.000000 0
453004 0.000000 0
453011 0.006760 0
453020 0.000000 0
453028 0.000000 0
453035 0.007810 0
453041 0.000000 0
453048 0.000000 0
453056 0.008730 0
453065 0.000000 0
453072 0.000000 0
453080 0.029740 0
453086 0.000000 0
453094 0.000000 0
453101 0.088810 0
453109 0.000000 0
453116 0.000000 0
453124 0.077930 0
453131 0.000000 0
453138 0.000000 0
453146 0.088640 0
453154 0.000000 0
453162 0.000000 0
453169 0.077620 0
453176 0.000000 0
453184 0.000000 0
453191 0.065580 0
453200 0.000000 0
453208 0.000000 0
453215 0.063100 0
453221 0.000000 0
453228 0.000000 0
453236 0.034710 0
453244 0.000000 0
453252 0.000000 0
453259 0.026200 0
453266 0.000000 0
453274 0.000000 0
453281 0.020290 0
453290 0.000000 0
453298 0.000000 0
453305 0.015630 0
453311 0.000000 0
453318 0.000000 0
453326 0.062610 0
453335 0.000000 0
453342 0.000000 0
453350 0.079580 0
453356 0.000000 0
453364 0.000000 0
453371 0.106750 0
453379 0.000000 0
453386 0.000000 0
453394 0.115800 0
453401 0.000000 0
453408 0.000000 0
453416 0.077820 0
453424 0.000000 0
453432 0.000000 0
453439 0.028170 0
453446 0.000000 0
453454 0.000000 0
453461 0.006760 0
453469 0.000000 0
453476 0.000000 0
453484 0.009570 0
453491 0.000000 0
453498 0.000000 0
453506 0.009570 0
453514 0.000000 0
453522 0.000000 0
453529 0.007810 0
453536 0.000000 0
453544 0.000000 0
453551 0.007810 0
453559 0.000000 0
453566 0.000000 0
453574 0.023100 0
453581 0.000000 0
453588 0.000000 0
453596 0.042970 0
453604 0.000000 0
453612 0.000000 0
453619 0.046220 0
453626 0.000000 0
453634 0.000000 0
453641 0.030990 0
453649 0.000000 0
453656 0.000000 0
453664 0.034930 0
453671 0.000000 0
453678 0.000000 0
453686 0.041340 0
453695 0.000000 0
453702 0.000000 0
453710 0.047990 0
453716 0.000000 0
453724 0.000000 0
453731 0.053700 0
453739 0.000000 0
453746 0.000000 0
453754 0.054120 0
453761 0.000000 0
453768 0.000000 0
453776 0.061390 0
453784 0.000000 0
453792 0.000000 0
453799 0.102680 0
453806 0.000000 0
453814 0.000000 0
453821 0.141590 0
453829 0.000000 0
453836 0.000000 0
453844 0.249500 0
453851 0.000000 0
453858 0.000000 0
453866 0.223160 0
453874 0.000000 0
453882 0.000000 0
453889 0.078130 0
453896 0.000000 0
453904 0.000000 0
453911 0.035800 0
453919 0.000000 0
453926 0.000000 0
453934 0.016100 0
453941 0.000000 0
453948 0.000000 0
453956 0.009570 0
453964 0.000000 0
453972 0.000000 0
453979 0.012340 0
453986 0.000000 0
453994 0.000000 0
454001 0.027620 0
454009 0.000000 0
454016 0.000000 0
454024 0.032910 0
454031 0.000000 0
454038 0.000000 0
454046 0.030750 0
454054 0.000000 0
454062 0.000000 0
454069 0.028170 0
454076 0.000000 0
454084 0.000000 0
454091 0.038270 0
454099 0.000000 0
454106 0.000000 0
454114 0.040020 0
454121 0.000000 0
454128 0.000000 0
454136 0.047030 0
454144 0.000000 0
454152 0.000000 0
454159 0.046370 0
454166 0.000000 0
454174 0.000000 0
454181 0.021390 0
454189 0.000000 0
454196 0.000000 0
454204 0.140630 0
454211 0.000000 0
454218 0.000000 0
454226 0.201800 0
454234 0.000000 0
454242 0.000000 0
454249 0.197990 0
454256 0.000000 0
454264 0.000000 0
454271 0.149770 0
454279 0.000000 0
454286 0.000000 0
454294 0.113340 0
454301 0.000000 0
454308 0.000000 0
454316 0.091260 0
454324 0.000000 0
454332 0.000000 0
454339 0.093170 0
454346 0.000000 0
454354 0.000000 0
454361 0.059620 0
454369 0.000000 0
454376 0.000000 0
454384 0.025910 0
454391 0.000000 0
454398 0.000000 0
454406 0.006760 0
454414 0.000000 0
454422 0.000000 0
454429 0.009570 0
454436 0.000000 0
454444 0.000000 0
454451 0.009570 0
454459 0.000000 0
454466 0.000000 0
454474 0.007810 0
454481 0.000000 0
454488 0.000000 0
454496 0.003910 0
454504 0.000000 0
454512 0.000000 0
454519 0.038670 0
454526 0.000000 0
454534 0.000000 0
454541 0.084320 0
454550 0.000000 0
454558 0.000000 0
454565 0.137540 0
454571 0.000000 0
454578 0.000000 0
454586 0.116400 0
454594 0.000000 0
454602 0.000000 0
454609 0.124680 0
454616 0.000000 0
454624 0.000000 0
454631 0.082490 0
454639 0.000000 0
454646 0.000000 0
454654 0.033830 0
454661 0.000000 0
454668 0.000000 0
454676 0.024080 0
454684 0.000000 0
454692 0.000000 0
454699 0.020290 0
454708 0.000000 0
454716 0.000000 0
454723 0.000000 0
454729 0.000000 0
454736 0.000000 0
454744 0.145890 0
454753 0.000000 0
454760 0.000000 0
454768 0.185610 0
454774 0.000000 0
454782 0.000000 0
454789 0.243030 0
454797 0.000000 0
454804 0.000000 0
454812 0.137160 0
454819 0.000000 0
454826 0.000000 0
454834 0.051070 0
454843 0.000000 0
454850 0.000000 0
454858 0.015630 0
454864 0.000000 0
454872 0.000000 0
454879 0.006760 0
454888 0.000000 0
454896 0.000000 0
454903 0.007810 0
454909 0.000000 0
454916 0.000000 0
454924 0.019130 0
454932 0.000000 0
454940 0.000000 0
454947 0.036010 0
454954 0.000000 0
454962 0.000000 0
454969 0.037660 0
454978 0.000000 0
454986 0.000000 0
454993 0.040770 0
454999 0.000000 0
455006 0.000000 0
455014 0.055510 0
455021 0.000000 0
455028 0.000000 0
455036 0.052980 0
455044 0.000000 0
455052 0.000000 0
455059 0.054690 0
455066 0.000000 0
455074 0.000000 0
455081 0.051510 0
455089 0.000000 0
455096 0.000000 0
455104 0.057660 0
455111 0.000000 0
455118 0.000000 0
455126 0.053410 0
455134 0.000000 0
455142 0.000000 0
455149 0.048310 0
455157 0.000000 0
455164 0.000000 0
455172 0.054690 0
455178 0.000000 0
455186 0.000000 0
455193 0.078510 0
455201 0.000000 0
455208 0.000000 0
455216 0.130790 0
455224 0.000000 0
455232 0.000000 0
455239 0.150160 0
455246 0.000000 0
455254 0.000000 0
455261 0.152350 0
455268 0.000000 0
455276 0.000000 0
455283 0.101850 0
455291 0.000000 0
455298 0.000000 0
455306 0.065830 0
455314 0.000000 0
455322 0.000000 0
455329 0.019130 0
455336 0.000000 0
455344 0.000000 0
455351 0.019910 0
455359 0.000000 0
455366 0.000000 0
455374 0.027340 0
455382 0.000000 0
455390 0.000000 0
455397 0.019530 0
455404 0.000000 0
455412 0.000000 0
455419 0.032670 0
455427 0.000000 0
455434 0.000000 0
455442 0.031970 0
455449 0.000000 0
455456 0.000000 0
455464 0.051510 0
455473 0.000000 0
455480 0.000000 0
455488 0.058320 0
455494 0.000000 0
455502 0.000000 0
455509 0.051220 0
455517 0.000000 0
455524 0.000000 0
455532 0.039830 0
455539 0.000000 0
455546 0.000000 0
455554 0.039640 0
455562 0.000000 0
455570 0.000000 0
455577 0.042250 0
455584 0.000000 0
455592 0.000000 0
455599 0.048630 0
455607 0.000000 0
455614 0.000000 0
455622 0.061140 0
455629 0.000000 0
455636 0.000000 0
455644 0.055370 0
455652 0.000000 0
455660 0.000000 0
455667 0.040210 0
455674 0.000000 0
455682 0.000000 0
455689 0.121520 0
455697 0.000000 0
455704 0.000000 0
455712 0.266220 0
455719 0.000000 0
455726 0.000000 0
455734 0.219900 0
455741 0.000000 0
455748 0.000000 0
455756 0.065130 0
455763 0.000000 0
455770 0.000000 0
455778 0.015630 0
455786 0.000000 0
455794 0.000000 0
455801 0.008730 0
455808 0.000000 0
455816 0.000000 0
455823 0.003910 0
455831 0.000000 0
455838 0.000000 0
455846 0.008730 0
455854 0.000000 0
455862 0.000000 0
455869 0.029220 0
455876 0.000000 0
455884 0.000000 0
455891 0.030500 0
455899 0.000000 0
455906 0.000000 0
455914 0.047200 0
455921 0.000000 0
455928 0.000000 0
455936 0.053560 0
455944 0.000000 0
455952 0.000000 0
455959 0.056200 0
455966 0.000000 0
455974 0.000000 0
455981 0.055370 0
455990 0.000000 0
455998 0.000000 0
456005 0.071920 0
456011 0.000000 0
456018 0.000000 0
456026 0.055370 0
456035 0.000000 0
456042 0.000000 0
456050 0.035160 0
456056 0.000000 0
456064 0.000000 0
456071 0.046050 0
456080 0.000000 0
456088 0.000000 0
456095 0.042600 0
456101 0.000000 0
456108 0.000000 0
456116 0.045720 0
456125 0.000000 0
456132 0.000000 0
456140 0.105530 0
456146 0.000000 0
456154 0.000000 0
456161 0.106320 0
456170 0.000000 0
456178 0.000000 0
456185 0.148990 0
456191 0.000000 0
456198 0.000000 0
456206 0.138220 0
456213 0.000000 0
456220 0.000000 0
456228 0.081280 0
456236 0.000000 0
456244 0.000000 0
456251 0.052840 0
456258 0.000000 0
456266 0.000000 0
456273 0.019910 0
456281 0.000000 0
456288 0.000000 0
456296 0.013520 0
456305 0.000000 0
456312 0.000000 0
456320 0.010330 0
456327 0.000000 0
456334 0.000000 0
456342 0.038860 0
456350 0.000000 0
456358 0.000000 0
456365 0.042250 0
456372 0.000000 0
456380 0.000000 0
456387 0.042600 0
456395 0.000000 0
456402 0.000000 0
456410 0.063100 0
456417 0.000000 0
456424 0.000000 0
456432 0.062610 0
456440 0.000000 0
456448 0.000000 0
456455 0.059620 0
456462 0.000000 0
456470 0.000000 0
456477 0.059100 0
456485 0.000000 0
456492 0.000000 0
456500 0.053120 0
456507 0.000000 0
456514 0.000000 0
456522 0.060000 0
456530 0.000000 0
456538 0.000000 0
456545 0.048780 0
456552 0.000000 0
456560 0.000000 0
456567 0.061010 0
456575 0.000000 0
456582 0.000000 0
456590 0.080700 0
456597 0.000000 0
456604 0.000000 0
456612 0.105030 0
456620 0.000000 0
456628 0.000000 0
456635 0.114020 0
456642 0.000000 0
456650 0.000000 0
456657 0.206580 0
456665 0.000000 0
456672 0.000000 0
456680 0.148070 0
456686 0.000000 0
456694 0.000000 0
456701 0.050630 0
456710 0.000000 0
456718 0.000000 0
456725 0.017460 0
456731 0.000000 0
456738 0.000000 0
456746 0.009570 0
456754 0.000000 0
456762 0.000000 0
456769 0.008730 0
456777 0.000000 0
456784 0.000000 0
456792 0.024080 0
456800 0.000000 0
456808 0.000000 0
456815 0.027620 0
456821 0.000000 0
456828 0.000000 0
456836 0.042790 0
456845 0.000000 0
456852 0.000000 0
456860 0.040210 0
456866 0.000000 0
456874 0.000000 0
456881 0.034490 0
456890 0.000000 0
456898 0.000000 0
456905 0.050320 0
456911 0.000000 0
456918 0.000000 0
456926 0.052690 0
456934 0.000000 0
456942 0.000000 0
456949 0.058460 0
456956 0.000000 0
456964 0.000000 0
456971 0.050320 0
456980 0.000000 0
456988 0.000000 0
456995 0.056060 0
457001 0.000000 0
457008 0.000000 0
457016 0.051220 0
457024 0.000000 0
457032 0.000000 0
457039 0.070310 0
457046 0.000000 0
457054 0.000000 0
457061 0.147450 0
457069 0.000000 0
457076 0.000000 0
457084 0.107330 0
457091 0.000000 0
457098 0.000000 0
457106 0.167190 0
457115 0.000000 0
457122 0.000000 0
457130 0.142020 0
457136 0.000000 0
457144 0.000000 0
457151 0.063830 0
457160 0.000000 0
457168 0.000000 0
457175 0.014600 0
457181 0.000000 0
457188 0.000000 0
457196 0.007810 0
457205 0.000000 0
457212 0.000000 0
457220 0.007810 0
457226 0.000000 0
457234 0.000000 0
457241 0.009570 0
457250 0.000000 0
457258 0.000000 0
457265 0.005520 0
457272 0.000000 0
457280 0.000000 0
457287 0.039250 0
457294 0.000000 0
457302 0.000000 0
457309 0.051220 0
457316 0.000000 0
457324 0.000000 0
457331 0.067200 0
457339 0.000000 0
457346 0.000000 0
457354 0.062970 0
457361 0.000000 0
457368 0.000000 0
457376 0.055100 0
457384 0.000000 0
457392 0.000000 0
457399 0.068670 0
457406 0.000000 0
457414 0.000000 0
457421 0.071700 0
457429 0.000000 0
457436 0.000000 0
457444 0.062970 0
457451 0.000000 0
457458 0.000000 0
457466 0.058590 0
457475 0.000000 0
457482 0.000000 0
457490 0.060500 0
457496 0.000000 0
457504 0.000000 0
457511 0.062240 0
457519 0.000000 0
457526 0.000000 0
457534 0.115800 0
457541 0.000000 0
457548 0.000000 0
457556 0.105390 0
457564 0.000000 0
457572 0.000000 0
457579 0.250970 0
457586 0.000000 0
457594 0.000000 0
457601 0.090180 0
457609 0.000000 0
457616 0.000000 0
457624 0.031480 0
457631 0.000000 0
457638 0.000000 0
457646 0.013520 0
457654 0.000000 0
457662 0.000000 0
457669 0.008730 0
457676 0.000000 0
457684 0.000000 0
457691 0.003910 0
457699 0.000000 0
457706 0.000000 0
457714 0.003910 0
457721 0.000000 0
457728 0.000000 0
457736 0.008730 0
457744 0.000000 0
457752 0.000000 0
457759 0.018720 0
457766 0.000000 0
457774 0.000000 0
457781 0.032910 0
457789 0.000000 0
457796 0.000000 0
457804 0.024080 0
457811 0.000000 0
457818 0.000000 0
457826 0.029480 0
457834 0.000000 0
457842 0.000000 0
457849 0.046540 0
457856 0.000000 0
457864 0.000000 0
457871 0.052260 0
457879 0.000000 0
457886 0.000000 0
457894 0.060140 0
457901 0.000000 0
457908 0.000000 0
457916 0.105820 0
457924 0.000000 0
457932 0.000000 0
457939 0.119430 0
457946 0.000000 0
457954 0.000000 0
457961 0.106320 0
457969 0.000000 0
457976 0.000000 0
457984 0.090680 0
457991 0.000000 0
457998 0.000000 0
458006 0.121160 0
458014 0.000000 0
458022 0.000000 0
458029 0.094150 0
458036 0.000000 0
458044 0.000000 0
458051 0.134230 0
458059 0.000000 0
458066 0.000000 0
458074 0.086110 0
458083 0.000000 0
458090 0.000000 0
458098 0.038270 0
458104 0.000000 0
458112 0.000000 0
458119 0.020290 0
458128 0.000000 0
458136 0.000000 0
458143 0.015630 0
458149 0.000000 0
458156 0.000000 0
458164 0.014080 0
458173 0.000000 0
458180 0.000000 0
458188 0.010330 0
458194 0.000000 0
458202 0.000000 0
458209 0.039830 0
458217 0.000000 0
458224 0.000000 0
458232 0.061630 0
458239 0.000000 0
458246 0.000000 0
458254 0.068100 0
458261 0.000000 0
458268 0.000000 0
458276 0.090260 0
458284 0.000000 0
458292 0.000000 0
458299 0.082400 0
458308 0.000000 0
458316 0.000000 0
458323 0.061260 0
458329 0.000000 0
458336 0.000000 0
458344 0.062500 0
458351 0.000000 0
458358 0.000000 0
458366 0.057400 0
458374 0.000000 0
458382 0.000000 0
458389 0.036220 0
458397 0.000000 0
458404 0.000000 0
458412 0.030240 0
458419 0.000000 0
458426 0.000000 0
458434 0.046540 0
458442 0.000000 0
458450 0.000000 0
458457 0.048780 0
458464 0.000000 0
458472 0.000000 0
458479 0.173770 0
458487 0.000000 0
458494 0.000000 0
458502 0.174940 0
458509 0.000000 0
458516 0.000000 0
458524 0.190450 0
458532 0.000000 0
458540 0.000000 0
458547 0.094150 0
458554 0.000000 0
458562 0.000000 0
458569 0.040590 0
458577 0.000000 0
458584 0.000000 0
458592 0.012950 0
458599 0.000000 0
458606 0.000000 0
458614 0.007810 0
458622 0.000000 0
458630 0.000000 0
458637 0.019910 0
458643 0.000000 0
458650 0.000000 0
458658 0.020290 0
458666 0.000000 0
458674 0.000000 0
458681 0.021390 0
458688 0.000000 0
458696 0.000000 0
458703 0.042250 0
458711 0.000000 0
458718 0.000000 0
458726 0.050020 0
458733 0.000000 0
458740 0.000000 0
458748 0.047990 0
458757 0.000000 0
458764 0.000000 0
458772 0.063460 0
458778 0.000000 0
458786 0.000000 0
458793 0.076540 0
458801 0.000000 0
458808 0.000000 0
458816 0.066870 0
458824 0.000000 0
458832 0.000000 0
458839 0.057940 0
458846 0.000000 0
458854 0.000000 0
458861 0.075230 0
458868 0.000000 0
458876 0.000000 0
458883 0.087160 0
458891 0.000000 0
458898 0.000000 0
458906 0.084860 0
458913 0.000000 0
458920 0.000000 0
458928 0.111020 0
458937 0.000000 0
458944 0.000000 0
458952 0.092100 0
458958 0.000000 0
458966 0.000000 0
458973 0.125470 0
458982 0.000000 0
458990 0.000000 0
458997 0.114150 0
459003 0.000000 0
459010 0.000000 0
459018 0.073900 0
459026 0.000000 0
459034 0.000000 0
459041 0.025600 0
459048 0.000000 0
459056 0.000000 0
459063 0.017460 0
459071 0.000000 0
459078 0.000000 0
459086 0.011720 0
459093 0.000000 0
459100 0.000000 0
459108 0.009570 0
459117 0.000000 0
459124 0.000000 0
459132 0.006760 0
459138 0.000000 0
459146 0.000000 0
459153 0.044190 0
459161 0.000000 0
459168 0.000000 0
459176 0.066870 0
459184 0.000000 0
459192 0.000000 0
459199 0.056870 0
459206 0.000000 0
459214 0.000000 0
459221 0.056460 0
459229 0.000000 0
459236 0.000000 0
459244 0.077620 0
459251 0.000000 0
459258 0.000000 0
459266 0.088380 0
459273 0.000000 0
459280 0.000000 0
459288 0.076540 0
459296 0.000000 0
459304 0.000000 0
459311 0.055510 0
459319 0.000000 0
459326 0.000000 0
459334 0.041890 0
459341 0.000000 0
459348 0.000000 0
459356 0.045880 0
459363 0.000000 0
459370 0.000000 0
459378 0.046050 0
459386 0.000000 0
459394 0.000000 0
459401 0.107610 0
459409 0.000000 0
459416 0.000000 0
459424 0.128660 0
459432 0.000000 0
459440 0.000000 0
459447 0.253600 0
459454 0.000000 0
459462 0.000000 0
459469 0.136830 0
459477 0.000000 0
459484 0.000000 0
459492 0.055100 0
459499 0.000000 0
459506 0.000000 0
459514 0.026780 0
459521 0.000000 0
459528 0.000000 0
459536 0.013520 0
459544 0.000000 0
459552 0.000000 0
459559 0.005520 0
459566 0.000000 0
459574 0.000000 0
459581 0.012950 0
459589 0.000000 0
459596 0.000000 0
459604 0.025010 0
459613 0.000000 0
459620 0.000000 0
459628 0.050920 0
459634 0.000000 0
459642 0.000000 0
459649 0.050480 0
459658 0.000000 0
459666 0.000000 0
459673 0.042970 0
459679 0.000000 0
459686 0.000000 0
459694 0.051510 0
459702 0.000000 0
459710 0.000000 0
459717 0.055650 0
459724 0.000000 0
459732 0.000000 0
459739 0.044010 0
459746 0.000000 0
459754 0.000000 0
459761 0.049710 0
459770 0.000000 0
459778 0.000000 0
459785 0.060140 0
459791 0.000000 0
459798 0.000000 0
459806 0.054400 0
459814 0.000000 0
459822 0.000000 0
459829 0.043490 0
459836 0.000000 0
459844 0.000000 0
459851 0.095200 0
459860 0.000000 0
459868 0.000000 0
459875 0.088640 0
459881 0.000000 0
459888 0.000000 0
459896 0.139800 0
459904 0.000000 0
459912 0.000000 0
459919 0.124010 0
459926 0.000000 0
459934 0.000000 0
459941 0.066640 0
459948 0.000000 0
459956 0.000000 0
459963 0.039250 0
459971 0.000000 0
459978 0.000000 0
459986 0.015630 0
459993 0.000000 0
460000 0.000000 0
460008 0.010330 0
460016 0.000000 0
460024 0.000000 0
460031 0.016100 0
460039 0.000000 0
460046 0.000000 0
460054 0.025310 0
460061 0.000000 0
460068 0.000000 0
460076 0.022100 0
460085 0.000000 0
460092 0.000000 0
460100 0.038070 0
460107 0.000000 0
460114 0.000000 0
460122 0.048460 0
460130 0.000000 0
460138 0.000000 0
460145 0.047350 0
460151 0.000000 0
460158 0.000000 0
460166 0.040770 0
460175 0.000000 0
460182 0.000000 0
460190 0.055510 0
460196 0.000000 0
460204 0.000000 0
460211 0.049710 0
460219 0.000000 0
460226 0.000000 0
460234 0.042070 0
460242 0.000000 0
460250 0.000000 0
460257 0.070950 0
460265 0.000000 0
460272 0.000000 0
460280 0.057540 0
460286 0.000000 0
460294 0.000000 0
460301 0.072240 0
460310 0.000000 0
460318 0.000000 0
460325 0.088640 0
460331 0.000000 0
460338 0.000000 0
460346 0.095520 0
460353 0.000000 0
460360 0.000000 0
460368 0.215050 0
460376 0.000000 0
460384 0.000000 0
460391 0.151080 0
460400 0.000000 0
460408 0.000000 0
460415 0.045720 0
460421 0.000000 0
460428 0.000000 0
460436 0.018310 0
460445 0.000000 0
460452 0.000000 0
460460 0.011050 0
460466 0.000000 0
460474 0.000000 0
460481 0.013520 0
460490 0.000000 0
460498 0.000000 0
460505 0.046880 0
460511 0.000000 0
460518 0.000000 0
460526 0.039640 0
460534 0.000000 0
460542 0.000000 0
460549 0.059880 0
460556 0.000000 0
460564 0.000000 0
460571 0.023440 0
460579 0.000000 0
460586 0.000000 0
460594 0.014600 0
460601 0.000000 0
460608 0.000000 0
460616 0.007810 0
460624 0.000000 0
460632 0.000000 0
460639 0.011050 0
460646 0.000000 0
460654 0.000000 0
460661 0.007810 0
460670 0.000000 0
460678 0.000000 0
460685 0.008730 0
460691 0.000000 0
460698 0.000000 0
460706 0.006760 0
460715 0.000000 0
460722 0.000000 0
460730 0.020290 0
460736 0.000000 0
460744 0.000000 0
460751 0.045720 0
460760 0.000000 0
460768 0.000000 0
460775 0.078220 0
460781 0.000000 0
460788 0.000000 0
460796 0.160860 0
460804 0.000000 0
460812 0.000000 0
460819 0.181120 0
460826 0.000000 0
460834 0.000000 0
460841 0.198140 0
460849 0.000000 0
460856 0.000000 0
460864 0.137440 0
460871 0.000000 0
460878 0.000000 0
460886 0.080050 0
460894 0.000000 0
460902 0.000000 0
460909 0.038670 0
460916 0.000000 0
460924 0.000000 0
460931 0.011720 0
460939 0.000000 0
460946 0.000000 0
460954 0.011720 0
460961 0.000000 0
460968 0.000000 0
460976 0.007810 0
460984 0.000000 0
460992 0.000000 0
460999 0.009570 0
461006 0.000000 0
461014 0.000000 0
461021 0.013520 0
461029 0.000000 0
461036 0.000000 0
461044 0.038470 0
461051 0.000000 0
461058 0.000000 0
461066 0.031970 0
461074 0.000000 0
461082 0.000000 0
461089 0.024700 0
461096 0.000000 0
461104 0.000000 0
461111 0.043140 0
461119 0.000000 0
461126 0.000000 0
461134 0.062120 0
461141 0.000000 0
461148 0.000000 0
461156 0.071700 0
461164 0.000000 0
461172 0.000000 0
461179 0.057800 0
461186 0.000000 0
461194 0.000000 0
461201 0.061140 0
461209 0.000000 0
461216 0.000000 0
461224 0.065930 0
461231 0.000000 0
461238 0.000000 0
461246 0.058980 0
461255 0.000000 0
461262 0.000000 0
461270 0.149660 0
461276 0.000000 0
461284 0.000000 0
461291 0.179000 0
461299 0.000000 0
461306 0.000000 0
461314 0.167930 0
461321 0.000000 0
461328 0.000000 0
461336 0.099580 0
461344 0.000000 0
461352 0.000000 0
461359 0.039250 0
461366 0.000000 0
461374 0.000000 0
461381 0.010330 0
461389 0.000000 0
461396 0.000000 0
461404 0.011050 0
461411 0.000000 0
461418 0.000000 0
461426 0.021030 0
461434 0.000000 0
461442 0.000000 0
461449 0.021030 0
461456 0.000000 0
461464 0.000000 0
461471 0.037260 0
461480 0.000000 0
461488 0.000000 0
461495 0.051670 0
461501 0.000000 0
461508 0.000000 0
461516 0.055240 0
461525 0.000000 0
461532 0.000000 0
461540 0.043490 0
461547 0.000000 0
461554 0.000000 0
461562 0.054120 0
461569 0.000000 0
461576 0.000000 0
461584 0.048460 0
461592 0.000000 0
461600 0.000000 0
461607 0.034040 0
461614 0.000000 0
461622 0.000000 0
461629 0.023440 0
461636 0.000000 0
461644 0.000000 0
461651 0.102910 0
461659 0.000000 0
461666 0.000000 0
461674 0.177580 0
461682 0.000000 0
461690 0.000000 0
461697 0.184330 0
461704 0.000000 0
461712 0.000000 0
461719 0.144260 0
461726 0.000000 0
461734 0.000000 0
461741 0.147140 0
461749 0.000000 0
461756 0.000000 0
461764 0.099280 0
461772 0.000000 0
461780 0.000000 0
461787 0.096940 0
461794 0.000000 0
461802 0.000000 0
461809 0.074530 0
461817 0.000000 0
461824 0.000000 0
461832 0.039640 0
461839 0.000000 0
461846 0.000000 0
461854 0.023100 0
461862 0.000000 0
461870 0.000000 0
461877 0.009570 0
461884 0.000000 0
461892 0.000000 0
461899 0.008730 0
461907 0.000000 0
461914 0.000000 0
461922 0.008730 0
461929 0.000000 0
461936 0.000000 0
461944 0.007810 0
461952 0.000000 0
461960 0.000000 0
461967 0.033370 0
461974 0.000000 0
461982 0.000000 0
461989 0.047520 0
461996 0.000000 0
462004 0.000000 0
462011 0.125290 0
462019 0.000000 0
462026 0.000000 0
462034 0.125350 0
462041 0.000000 0
462048 0.000000 0
462056 0.109440 0
462064 0.000000 0
462072 0.000000 0
462079 0.109160 0
462086 0.000000 0
462094 0.000000 0
462101 0.057660 0
462109 0.000000 0
462116 0.000000 0
462124 0.019130 0
462132 0.000000 0
462140 0.000000 0
462147 0.009570 0
462154 0.000000 0
462162 0.000000 0
462169 0.006760 0
462177 0.000000 0
462184 0.000000 0
462192 0.160200 0
462199 0.000000 0
462206 0.000000 0
462214 0.189120 0
462223 0.000000 0
462230 0.000000 0
462238 0.252930 0
462244 0.000000 0
462252 0.000000 0
462259 0.181580 0
462267 0.000000 0
462274 0.000000 0
462282 0.068210 0
462289 0.000000 0
462296 0.000000 0
462304 0.020660 0
462312 0.000000 0
462320 0.000000 0
462327 0.009570 0
462334 0.000000 0
462342 0.000000 0
462349 0.006760 0
462358 0.000000 0
462366 0.000000 0
462373 0.021390 0
462379 0.000000 0
462386 0.000000 0
462394 0.040960 0
462403 0.000000 0
462410 0.000000 0
462418 0.049090 0
462424 0.000000 0
462432 0.000000 0
462439 0.075140 0
462447 0.000000 0
462454 0.000000 0
462462 0.053560 0
462469 0.000000 0
462476 0.000000 0
462484 0.065930 0
462492 0.000000 0
462500 0.000000 0
462507 0.076840 0
462514 0.000000 0
462522 0.000000 0
462529 0.058980 0
462538 0.000000 0
462546 0.000000 0
462553 0.044530 0
462559 0.000000 0
462566 0.000000 0
462574 0.047350 0
462581 0.000000 0
462588 0.000000 0
462596 0.042070 0
462604 0.000000 0
462612 0.000000 0
462619 0.041700 0
462627 0.000000 0
462634 0.000000 0
462642 0.055650 0
462649 0.000000 0
462656 0.000000 0
462664 0.107260 0
462671 0.000000 0
462678 0.000000 0
462686 0.167650 0
462694 0.000000 0
462702 0.000000 0
462709 0.150840 0
462716 0.000000 0
462724 0.000000 0
462731 0.105970 0
462738 0.000000 0
462746 0.000000 0
462753 0.072340 0
462761 0.000000 0
462768 0.000000 0
462776 0.034040 0
462783 0.000000 0
462790 0.000000 0
462798 0.010330 0
462806 0.000000 0
462814 0.000000 0
462821 0.011720 0
462828 0.000000 0
462836 0.000000 0
462843 0.010330 0
462851 0.000000 0
462858 0.000000 0
462866 0.015120 0
462873 0.000000 0
462880 0.000000 0
462888 0.066410 0
462896 0.000000 0
462904 0.000000 0
462911 0.072020 0
462918 0.000000 0
462926 0.000000 0
462933 0.071060 0
462942 0.000000 0
462950 0.000000 0
462957 0.051670 0
462963 0.000000 0
462970 0.000000 0
462978 0.061140 0
462987 0.000000 0
462994 0.000000 0
463002 0.053830 0
463009 0.000000 0
463016 0.000000 0
463024 0.046880 0
463033 0.000000 0
463040 0.000000 0
463048 0.041150 0
463054 0.000000 0
463062 0.000000 0
463069 0.044010 0
463076 0.000000 0
463084 0.000000 0
463091 0.046370 0
463099 0.000000 0
463106 0.000000 0
463114 0.075640 0
463121 0.000000 0
463128 0.000000 0
463136 0.130600 0
463144 0.000000 0
463152 0.000000 0
463159 0.234330 0
463167 0.000000 0
463174 0.000000 0
463182 0.217140 0
463189 0.000000 0
463196 0.000000 0
463204 0.058320 0
463211 0.000000 0
463218 0.000000 0
463226 0.017900 0
463234 0.000000 0
463242 0.000000 0
463249 0.010330 0
463257 0.000000 0
463264 0.000000 0
463272 0.011050 0
463279 0.000000 0
463286 0.000000 0
463294 0.011050 0
463301 0.000000 0
463308 0.000000 0
463316 0.037660 0
463324 0.000000 0
463332 0.000000 0
463339 0.023100 0
463347 0.000000 0
463354 0.000000 0
463362 0.039250 0
463369 0.000000 0
463376 0.000000 0
463384 0.051510 0
463391 0.000000 0
463398 0.000000 0
463406 0.063580 0
463414 0.000000 0
463422 0.000000 0
463429 0.069430 0
463436 0.000000 0
463444 0.000000 0
463451 0.067430 0
463460 0.000000 0
463468 0.000000 0
463475 0.067870 0
463481 0.000000 0
463488 0.000000 0
463496 0.063830 0
463505 0.000000 0
463512 0.000000 0
463520 0.070530 0
463526 0.000000 0
463534 0.000000 0
463541 0.055920 0
463550 0.000000 0
463558 0.000000 0
463565 0.054400 0
463572 0.000000 0
463580 0.000000 0
463587 0.092520 0
463595 0.000000 0
463602 0.000000 0
463610 0.113880 0
463617 0.000000 0
463624 0.000000 0
463632 0.138600 0
463640 0.000000 0
463648 0.000000 0
463655 0.126090 0
463662 0.000000 0
463670 0.000000 0
463677 0.081380 0
463685 0.000000 0
463692 0.000000 0
463700 0.048630 0
463707 0.000000 0
463714 0.000000 0
463722 0.024380 0
463730 0.000000 0
463738 0.000000 0
463745 0.010330 0
463752 0.000000 0
463760 0.000000 0
463767 0.015120 0
463775 0.000000 0
463782 0.000000 0
463790 0.021740 0
463797 0.000000 0
463804 0.000000 0
463812 0.029220 0
463820 0.000000 0
463828 0.000000 0
463835 0.051960 0
463842 0.000000 0
463850 0.000000 0
463857 0.062120 0
463865 0.000000 0
463872 0.000000 0
463880 0.054400 0
463887 0.000000 0
463894 0.000000 0
463902 0.042420 0
463910 0.000000 0
463918 0.000000 0
463925 0.052840 0
463932 0.000000 0
463940 0.000000 0
463947 0.049090 0
463955 0.000000 0
463962 0.000000 0
463970 0.054400 0
463977 0.000000 0
463984 0.000000 0
463992 0.052840 0
464000 0.000000 0
464008 0.000000 0
464015 0.061260 0
464021 0.000000 0
464028 0.000000 0
464036 0.064770 0
464045 0.000000 0
464052 0.000000 0
464060 0.083220 0
464067 0.000000 0
464074 0.000000 0
464082 0.134750 0
464090 0.000000 0
464098 0.000000 0
464105 0.173720 0
464111 0.000000 0
464118 0.000000 0
464126 0.133270 0
464133 0.000000 0
464140 0.000000 0
464148 0.042970 0
464156 0.000000 0
464164 0.000000 0
464171 0.010330 0
464179 0.000000 0
464186 0.000000 0
464194 0.012950 0
464201 0.000000 0
464208 0.000000 0
464216 0.021030 0
464225 0.000000 0
464232 0.000000 0
464240 0.024700 0
464247 0.000000 0
464254 0.000000 0
464262 0.031970 0
464270 0.000000 0
464278 0.000000 0
464285 0.028170 0
464292 0.000000 0
464300 0.000000 0
464307 0.024380 0
464315 0.000000 0
464322 0.000000 0
464330 0.053270 0
464336 0.000000 0
464344 0.000000 0
464351 0.058590 0
464359 0.000000 0
464366 0.000000 0
464374 0.059750 0
464381 0.000000 0
464388 0.000000 0
464396 0.056340 0
464404 0.000000 0
464412 0.000000 0
464419 0.059750 0
464426 0.000000 0
464434 0.000000 0
464441 0.071600 0
464449 0.000000 0
464456 0.000000 0
464464 0.062730 0
464471 0.000000 0
464478 0.000000 0
464486 0.057660 0
464495 0.000000 0
464502 0.000000 0
464510 0.115600 0
464516 0.000000 0
464524 0.000000 0
464531 0.150620 0
464540 0.000000 0
464548 0.000000 0
464555 0.159240 0
464561 0.000000 0
464568 0.000000 0
464576 0.130250 0
464584 0.000000 0
464592 0.000000 0
464599 0.058720 0
464606 0.000000 0
464614 0.000000 0
464621 0.019130 0
464630 0.000000 0
464638 0.000000 0
464645 0.007810 0
464651 0.000000 0
464658 0.000000 0
464666 0.014080 0
464675 0.000000 0
464682 0.000000 0
464690 0.020290 0
464696 0.000000 0
464704 0.000000 0
464711 0.027050 0
464720 0.000000 0
464728 0.000000 0
464735 0.029740 0
464741 0.000000 0
464748 0.000000 0
464756 0.056200 0
464764 0.000000 0
464772 0.000000 0
464779 0.041520 0
464786 0.000000 0
464794 0.000000 0
464801 0.047350 0
464809 0.000000 0
464816 0.000000 0
464824 0.055510 0
464831 0.000000 0
464838 0.000000 0
464846 0.056200 0
464854 0.000000 0
464862 0.000000 0
464869 0.046710 0
464876 0.000000 0
464884 0.000000 0
464891 0.052400 0
464899 0.000000 0
464906 0.000000 0
464914 0.049710 0
464921 0.000000 0
464928 0.000000 0
464936 0.081650 0
464945 0.000000 0
464952 0.000000 0
464960 0.097110 0
464966 0.000000 0
464974 0.000000 0
464981 0.138930 0
464989 0.000000 0
464996 0.000000 0
465004 0.184790 0
465011 0.000000 0
465018 0.000000 0
465026 0.230530 0
465034 0.000000 0
465042 0.000000 0
465049 0.120270 0
465056 0.000000 0
465064 0.000000 0
465071 0.052840 0
465079 0.000000 0
465086 0.000000 0
465094 0.020290 0
465101 0.000000 0
465108 0.000000 0
465116 0.009570 0
465124 0.000000 0
465132 0.000000 0
465139 0.006760 0
465146 0.000000 0
465154 0.000000 0
465161 0.017010 0
465169 0.000000 0
465176 0.000000 0
465184 0.034710 0
465191 0.000000 0
465198 0.000000 0
465206 0.028960 0
465214 0.000000 0
465222 0.000000 0
465229 0.046370 0
465236 0.000000 0
465244 0.000000 0
465251 0.028170 0
465259 0.000000 0
465266 0.000000 0
465274 0.028960 0
465281 0.000000 0
465288 0.000000 0
465296 0.033830 0
465304 0.000000 0
465312 0.000000 0
465319 0.054960 0
465326 0.000000 0
465334 0.000000 0
465341 0.076650 0
465349 0.000000 0
465356 0.000000 0
465364 0.091600 0
465371 0.000000 0
465378 0.000000 0
465386 0.081830 0
465394 0.000000 0
465402 0.000000 0
465409 0.068540 0
465416 0.000000 0
465424 0.000000 0
465431 0.095840 0
465439 0.000000 0
465446 0.000000 0
465454 0.125900 0
465461 0.000000 0
465468 0.000000 0
465476 0.164110 0
465484 0.000000 0
465492 0.000000 0
465499 0.144470 0
465506 0.000000 0
465514 0.000000 0
465521 0.086900 0
465529 0.000000 0
465536 0.000000 0
465544 0.051670 0
465551 0.000000 0
465558 0.000000 0
465566 0.013520 0
465574 0.000000 0
465582 0.000000 0
465589 0.011050 0
465596 0.000000 0
465604 0.000000 0
465611 0.009570 0
465619 0.000000 0
465626 0.000000 0
465634 0.022770 0
465641 0.000000 0
465648 0.000000 0
465656 0.030500 0
465664 0.000000 0
465672 0.000000 0
465679 0.042420 0
465686 0.000000 0
465694 0.000000 0
465701 0.060500 0
465709 0.000000 0
465716 0.000000 0
465724 0.064880 0
465731 0.000000 0
465738 0.000000 0
465746 0.094960 0
465755 0.000000 0
465762 0.000000 0
465770 0.084320 0
465776 0.000000 0
465784 0.000000 0
465791 0.076450 0
465800 0.000000 0
465808 0.000000 0
465815 0.053410 0
465821 0.000000 0
465828 0.000000 0
465836 0.043320 0
465844 0.000000 0
465852 0.000000 0
465859 0.048940 0
465866 0.000000 0
465874 0.000000 0
465881 0.048310 0
465889 0.000000 0
465896 0.000000 0
465904 0.111020 0
465911 0.000000 0
465918 0.000000 0
465926 0.137610 0
465934 0.000000 0
465942 0.000000 0
465949 0.228980 0
465956 0.000000 0
465964 0.000000 0
465971 0.220040 0
465979 0.000000 0
465986 0.000000 0
465994 0.065830 0
466001 0.000000 0
466008 0.000000 0
466016 0.013520 0
466024 0.000000 0
466032 0.000000 0
466039 0.012340 0
466046 0.000000 0
466054 0.000000 0
466061 0.010330 0
466069 0.000000 0
466076 0.000000 0
466084 0.027050 0
466091 0.000000 0
466098 0.000000 0
466106 0.028700 0
466114 0.000000 0
466122 0.000000 0
466129 0.023100 0
466136 0.000000 0
466144 0.000000 0
466151 0.019530 0
466159 0.000000 0
466166 0.000000 0
466174 0.025010 0
466181 0.000000 0
466188 0.000000 0
466196 0.077530 0
466204 0.000000 0
466212 0.000000 0
466219 0.056060 0
466226 0.000000 0
466234 0.000000 0
466241 0.060500 0
466249 0.000000 0
466256 0.000000 0
466264 0.071600 0
466271 0.000000 0
466278 0.000000 0
466286 0.065580 0
466294 0.000000 0
466302 0.000000 0
466309 0.062240 0
466316 0.000000 0
466324 0.000000 0
466331 0.066410 0
466339 0.000000 0
466346 0.000000 0
466354 0.045880 0
466361 0.000000 0
466368 0.000000 0
466376 0.110750 0
466384 0.000000 0
466392 0.000000 0
466399 0.101850 0
466406 0.000000 0
466414 0.000000 0
466421 0.134860 0
466429 0.000000 0
466436 0.000000 0
466444 0.124250 0
466451 0.000000 0
466458 0.000000 0
466466 0.068440 0
466474 0.000000 0
466482 0.000000 0
466489 0.034270 0
466496 0.000000 0
466504 0.000000 0
466511 0.007810 0
466519 0.000000 0
466526 0.000000 0
466534 0.009570 0
466541 0.000000 0
466548 0.000000 0
466556 0.010330 0
466564 0.000000 0
466572 0.000000 0
466579 0.016570 0
466586 0.000000 0
466594 0.000000 0
466601 0.051960 0
466609 0.000000 0
466616 0.000000 0
466624 0.066060 0
466632 0.000000 0
466640 0.000000 0
466647 0.059490 0
466654 0.000000 0
466662 0.000000 0
466669 0.052690 0
466677 0.000000 0
466684 0.000000 0
466692 0.058590 0
466699 0.000000 0
466706 0.000000 0
466714 0.060760 0
466722 0.000000 0
466730 0.000000 0
466737 0.057270 0
466744 0.000000 0
466752 0.000000 0
466759 0.059100 0
466766 0.000000 0
466774 0.000000 0
466781 0.044190 0
466789 0.000000 0
466796 0.000000 0
466804 0.050920 0
466811 0.000000 0
466818 0.000000 0
466826 0.065480 0
466834 0.000000 0
466842 0.000000 0
466849 0.108600 0
466857 0.000000 0
466864 0.000000 0
466872 0.118930 0
466879 0.000000 0
466886 0.000000 0
466894 0.160390 0
466902 0.000000 0
466910 0.000000 0
466917 0.115340 0
466924 0.000000 0
466932 0.000000 0
466939 0.080700 0
466947 0.000000 0
466954 0.000000 0
466962 0.031970 0
466969 0.000000 0
466976 0.000000 0
466984 0.011050 0
466992 0.000000 0
467000 0.000000 0
467007 0.053270 0
467014 0.000000 0
467022 0.000000 0
467029 0.051670 0
467037 0.000000 0
467044 0.000000 0
467052 0.036420 0
467059 0.000000 0
467066 0.000000 0
467074 0.017900 0
467081 0.000000 0
467088 0.000000 0
467096 0.026780 0
467104 0.000000 0
467112 0.000000 0
467119 0.046370 0
467127 0.000000 0
467134 0.000000 0
467142 0.062850 0
467149 0.000000 0
467156 0.000000 0
467164 0.062970 0
467172 0.000000 0
467180 0.000000 0
467187 0.047520 0
467193 0.000000 0
467200 0.000000 0
467208 0.040770 0
467217 0.000000 0
467224 0.000000 0
467232 0.042790 0
467238 0.000000 0
467246 0.000000 0
467253 0.064300 0
467262 0.000000 0
467270 0.000000 0
467277 0.078710 0
467283 0.000000 0
467290 0.000000 0
467298 0.123520 0
467306 0.000000 0
467314 0.000000 0
467321 0.122840 0
467329 0.000000 0
467336 0.000000 0
467344 0.149660 0
467351 0.000000 0
467358 0.000000 0
467366 0.101630 0
467373 0.000000 0
467380 0.000000 0
467388 0.071170 0
467396 0.000000 0
467404 0.000000 0
467411 0.035580 0
467418 0.000000 0
467426 0.000000 0
467433 0.015630 0
467441 0.000000 0
467448 0.000000 0
467456 0.008730 0
467463 0.000000 0
467470 0.000000 0
467478 0.016570 0
467486 0.000000 0
467494 0.000000 0
467501 0.011050 0
467509 0.000000 0
467516 0.000000 0
467524 0.018720 0
467531 0.000000 0
467538 0.000000 0
467546 0.038860 0
467553 0.000000 0
467560 0.000000 0
467568 0.105530 0
467577 0.000000 0
467584 0.000000 0
467592 0.101560 0
467599 0.000000 0
467606 0.000000 0
467614 0.104520 0
467621 0.000000 0
467628 0.000000 0
467636 0.058590 0
467644 0.000000 0
467652 0.000000 0
467659 0.059880 0
467667 0.000000 0
467674 0.000000 0
467682 0.053410 0
467689 0.000000 0
467696 0.000000 0
467704 0.030750 0
467712 0.000000 0
467720 0.000000 0
467727 0.022770 0
467734 0.000000 0
467742 0.000000 0
467749 0.012340 0
467757 0.000000 0
467764 0.000000 0
467772 0.114810 0
467779 0.000000 0
467786 0.000000 0
467794 0.283050 0
467803 0.000000 0
467810 0.000000 0
467818 0.210130 0
467824 0.000000 0
467832 0.000000 0
467839 0.077620 0
467847 0.000000 0
467854 0.000000 0
467862 0.045380 0
467868 0.000000 0
467876 0.000000 0
467883 0.021030 0
467892 0.000000 0
467900 0.000000 0
467907 0.014600 0
467913 0.000000 0
467920 0.000000 0
467928 0.005520 0
467936 0.000000 0
467944 0.000000 0
467951 0.007810 0
467959 0.000000 0
467966 0.000000 0
467974 0.026490 0
467981 0.000000 0
467988 0.000000 0
467996 0.039060 0
468005 0.000000 0
468012 0.000000 0
468020 0.069430 0
468026 0.000000 0
468034 0.000000 0
468041 0.052550 0
468050 0.000000 0
468058 0.000000 0
468065 0.079760 0
468072 0.000000 0
468080 0.000000 0
468087 0.059360 0
468095 0.000000 0
468102 0.000000 0
468110 0.050780 0
468117 0.000000 0
468124 0.000000 0
468132 0.037460 0
468140 0.000000 0
468148 0.000000 0
468155 0.026490 0
468162 0.000000 0
468170 0.000000 0
468177 0.017460 0
468185 0.000000 0
468192 0.000000 0
468200 0.018720 0
468207 0.000000 0
468214 0.000000 0
468222 0.049260 0
468230 0.000000 0
468238 0.000000 0
468245 0.087430 0
468252 0.000000 0
468260 0.000000 0
468267 0.115080 0
468275 0.000000 0
468282 0.000000 0
468290 0.130950 0
468297 0.000000 0
468304 0.000000 0
468312 0.090010 0
468320 0.000000 0
468328 0.000000 0
468335 0.039830 0
468342 0.000000 0
468350 0.000000 0
468357 0.009570 0
468365 0.000000 0
468372 0.000000 0
468380 0.011050 0
468387 0.000000 0
468394 0.000000 0
468402 0.010330 0
468410 0.000000 0
468418 0.000000 0
468425 0.018310 0
468432 0.000000 0
468440 0.000000 0
468447 0.012340 0
468455 0.000000 0
468462 0.000000 0
468470 0.043140 0
468477 0.000000 0
468484 0.000000 0
468492 0.034930 0
468500 0.000000 0
468508 0.000000 0
468515 0.059240 0
468522 0.000000 0
468530 0.000000 0
468537 0.058060 0
468545 0.000000 0
468552 0.000000 0
468560 0.069430 0
468567 0.000000 0
468574 0.000000 0
468582 0.050020 0
468590 0.000000 0
468598 0.000000 0
468605 0.052980 0
468612 0.000000 0
468620 0.000000 0
468627 0.060880 0
468635 0.000000 0
468642 0.000000 0
468650 0.063220 0
468657 0.000000 0
468664 0.000000 0
468672 0.054830 0
468680 0.000000 0
468688 0.000000 0
468695 0.041520 0
468702 0.000000 0
468710 0.000000 0
468717 0.152440 0
468724 0.000000 0
468732 0.000000 0
468739 0.187340 0
468746 0.000000 0
468754 0.000000 0
468761 0.216680 0
468770 0.000000 0
468778 0.000000 0
468785 0.100270 0
468791 0.000000 0
468798 0.000000 0
468806 0.036010 0
468813 0.000000 0
468820 0.000000 0
468828 0.014600 0
468836 0.000000 0
468844 0.000000 0
468851 0.007810 0
468860 0.000000 0
468868 0.000000 0
468875 0.015120 0
468881 0.000000 0
468888 0.000000 0
468896 0.020660 0
468905 0.000000 0
468912 0.000000 0
468920 0.028430 0
468926 0.000000 0
468934 0.000000 0
468941 0.031970 0
468950 0.000000 0
468958 0.000000 0
468965 0.018720 0
468971 0.000000 0
468978 0.000000 0
468986 0.048780 0
468994 0.000000 0
469002 0.000000 0
469009 0.046050 0
469016 0.000000 0
469024 0.000000 0
469031 0.042790 0
469039 0.000000 0
469046 0.000000 0
469054 0.022430 0
469061 0.000000 0
469068 0.000000 0
469076 0.021390 0
469085 0.000000 0
469092 0.000000 0
469100 0.127530 0
469106 0.000000 0
469114 0.000000 0
469121 0.195970 0
469130 0.000000 0
469138 0.000000 0
469145 0.184180 0
469151 0.000000 0
469158 0.000000 0
469166 0.151890 0
469175 0.000000 0
469182 0.000000 0
469190 0.121100 0
469196 0.000000 0
469204 0.000000 0
469211 0.095030 0
469219 0.000000 0
469226 0.000000 0
469234 0.093900 0
469241 0.000000 0
469248 0.000000 0
469256 0.067870 0
469265 0.000000 0
469272 0.000000 0
469280 0.027620 0
469286 0.000000 0
469294 0.000000 0
469301 0.011050 0
469309 0.000000 0
469316 0.000000 0
469324 0.010330 0
469331 0.000000 0
469338 0.000000 0
469346 0.007810 0
469354 0.000000 0
469362 0.000000 0
469369 0.007810 0
469376 0.000000 0
469384 0.000000 0
469391 0.009570 0
469399 0.000000 0
469406 0.000000 0
469414 0.018310 0
469421 0.000000 0
469428 0.000000 0
469436 0.076940 0
469444 0.000000 0
469452 0.000000 0
469459 0.140780 0
469466 0.000000 0
469474 0.000000 0
469481 0.118670 0
469489 0.000000 0
469496 0.000000 0
469504 0.124190 0
469511 0.000000 0
469518 0.000000 0
469526 0.080700 0
469534 0.000000 0
469542 0.000000 0
469549 0.031480 0
469556 0.000000 0
469564 0.000000 0
469571 0.024380 0
469579 0.000000 0
469586 0.000000 0
469594 0.020660 0
469601 0.000000 0
469608 0.000000 0
469616 0.003910 0
469624 0.000000 0
469632 0.000000 0
469639 0.146520 0
469646 0.000000 0
469654 0.000000 0
469661 0.174170 0
469669 0.000000 0
469676 0.000000 0
469684 0.266910 0
469691 0.000000 0
469698 0.000000 0
469706 0.121840 0
469714 0.000000 0
469722 0.000000 0
469729 0.032440 0
469736 0.000000 0
469744 0.000000 0
469751 0.015120 0
469760 0.000000 0
469768 0.000000 0
469775 0.009570 0
469781 0.000000 0
469788 0.000000 0
469796 0.019530 0
469804 0.000000 0
469812 0.000000 0
469819 0.021030 0
469826 0.000000 0
469834 0.000000 0
469841 0.034270 0
469849 0.000000 0
469856 0.000000 0
469864 0.039250 0
469871 0.000000 0
469878 0.000000 0
469886 0.030990 0
469894 0.000000 0
469902 0.000000 0
469909 0.033600 0
469916 0.000000 0
469924 0.000000 0
469931 0.042420 0
469939 0.000000 0
469946 0.000000 0
469954 0.061390 0
469961 0.000000 0
469968 0.000000 0
469976 0.060000 0
469984 0.000000 0
469992 0.000000 0
469999 0.056460 0
470006 0.000000 0
470014 0.000000 0
470021 0.058200 0
470029 0.000000 0
470036 0.000000 0
470044 0.055100 0
470051 0.000000 0
470058 0.000000 0
470066 0.043670 0
470074 0.000000 0
470082 0.000000 0
470089 0.111240 0
470096 0.000000 0
470104 0.000000 0
470111 0.158280 0
470119 0.000000 0
470126 0.000000 0
470134 0.139590 0
470141 0.000000 0
470148 0.000000 0
470156 0.157260 0
470164 0.000000 0
470172 0.000000 0
470179 0.101850 0
470186 0.000000 0
470194 0.000000 0
470201 0.064180 0
470210 0.000000 0
470218 0.000000 0
470225 0.031720 0
470231 0.000000 0
470238 0.000000 0
470246 0.033140 0
470254 0.000000 0
470262 0.000000 0
470269 0.030750 0
470276 0.000000 0
470284 0.000000 0
470291 0.038670 0
470299 0.000000 0
470306 0.000000 0
470314 0.050170 0
470321 0.000000 0
470328 0.000000 0
470336 0.044010 0
470344 0.000000 0
470352 0.000000 0
470359 0.026780 0
470366 0.000000 0
470374 0.000000 0
470381 0.061510 0
470389 0.000000 0
470396 0.000000 0
470404 0.072650 0
470411 0.000000 0
470418 0.000000 0
470426 0.057130 0
470434 0.000000 0
470442 0.000000 0
470449 0.050020 0
470456 0.000000 0
470464 0.000000 0
470471 0.055510 0
470479 0.000000 0
470486 0.000000 0
470494 0.039640 0
470501 0.000000 0
470508 0.000000 0
470516 0.066410 0
470524 0.000000 0
470532 0.000000 0
470539 0.049870 0
470546 0.000000 0
470554 0.000000 0
470561 0.038270 0
470569 0.000000 0
470576 0.000000 0
470584 0.107470 0
470591 0.000000 0
470598 0.000000 0
470606 0.174590 0
470614 0.000000 0
470622 0.000000 0
470629 0.195120 0
470636 0.000000 0
470644 0.000000 0
470651 0.083500 0
470659 0.000000 0
470666 0.000000 0
470674 0.021390 0
470681 0.000000 0
470688 0.000000 0
470696 0.008730 0
470704 0.000000 0
470712 0.000000 0
470719 0.007810 0
470726 0.000000 0
470734 0.000000 0
470741 0.010330 0
470750 0.000000 0
470758 0.000000 0
470765 0.015630 0
470771 0.000000 0
470778 0.000000 0
470786 0.037870 0
470794 0.000000 0
470802 0.000000 0
470809 0.056460 0
470816 0.000000 0
470824 0.000000 0
470831 0.060760 0
470839 0.000000 0
470846 0.000000 0
470854 0.047200 0
470861 0.000000 0
470868 0.000000 0
470876 0.044710 0
470884 0.000000 0
470892 0.000000 0
470899 0.059880 0
470906 0.000000 0
470914 0.000000 0
470921 0.077040 0
470929 0.000000 0
470936 0.000000 0
470944 0.075840 0
470951 0.000000 0
470958 0.000000 0
470966 0.075330 0
470974 0.000000 0
470982 0.000000 0
470989 0.062240 0
470996 0.000000 0
471004 0.000000 0
471011 0.064530 0
471019 0.000000 0
471026 0.000000 0
471034 0.082220 0
471041 0.000000 0
471048 0.000000 0
471056 0.108950 0
471064 0.000000 0
471072 0.000000 0
471079 0.150880 0
471086 0.000000 0
471094 0.000000 0
471101 0.132300 0
471109 0.000000 0
471116 0.000000 0
471124 0.076940 0
471131 0.000000 0
471138 0.000000 0
471146 0.057800 0
471154 0.000000 0
471162 0.000000 0
471169 0.018310 0
471176 0.000000 0
471184 0.000000 0
471191 0.012950 0
471199 0.000000 0
471206 0.000000 0
471214 0.014080 0
471221 0.000000 0
471228 0.000000 0
471236 0.035370 0
471244 0.000000 0
471252 0.000000 0
471259 0.039440 0
471266 0.000000 0
471274 0.000000 0
471281 0.040590 0
471289 0.000000 0
471296 0.000000 0
471304 0.047030 0
471311 0.000000 0
471318 0.000000 0
471326 0.048460 0
471334 0.000000 0
471342 0.000000 0
471349 0.051220 0
471356 0.000000 0
471364 0.000000 0
471371 0.055920 0
471379 0.000000 0
471386 0.000000 0
471394 0.061390 0
471401 0.000000 0
471408 0.000000 0
471416 0.050920 0
471424 0.000000 0
471432 0.000000 0
471439 0.052690 0
471446 0.000000 0
471454 0.000000 0
471461 0.071270 0
471469 0.000000 0
471476 0.000000 0
471484 0.097490 0
471491 0.000000 0
471498 0.000000 0
471506 0.101180 0
471514 0.000000 0
471522 0.000000 0
471529 0.139970 0
471536 0.000000 0
471544 0.000000 0
471551 0.131530 0
471559 0.000000 0
471566 0.000000 0
471574 0.084600 0
471581 0.000000 0
471588 0.000000 0
471596 0.029740 0
471605 0.000000 0
471612 0.000000 0
471620 0.007810 0
471626 0.000000 0
471634 0.000000 0
471641 0.006760 0
471649 0.000000 0
471656 0.000000 0
471664 0.031720 0
471671 0.000000 0
471678 0.000000 0
471686 0.040020 0
471694 0.000000 0
471702 0.000000 0
471709 0.040410 0
471716 0.000000 0
471724 0.000000 0
471731 0.041520 0
471739 0.000000 0
471746 0.000000 0
471754 0.067540 0
471761 0.000000 0
471768 0.000000 0
471776 0.058590 0
471784 0.000000 0
471792 0.000000 0
471799 0.068330 0
471806 0.000000 0
471814 0.000000 0
471821 0.083770 0
471829 0.000000 0
471836 0.000000 0
471844 0.073180 0
471851 0.000000 0
471858 0.000000 0
471866 0.062000 0
471874 0.000000 0
471882 0.000000 0
471889 0.053700 0
471896 0.000000 0
471904 0.000000 0
471911 0.061390 0
471920 0.000000 0
471928 0.000000 0
471935 0.064420 0
471941 0.000000 0
471948 0.000000 0
471956 0.095990 0
471965 0.000000 0
471972 0.000000 0
471980 0.114150 0
471986 0.000000 0
471994 0.000000 0
472001 0.145200 0
472009 0.000000 0
472016 0.000000 0
472024 0.125230 0
472031 0.000000 0
472038 0.000000 0
472046 0.078310 0
472054 0.000000 0
472062 0.000000 0
472069 0.044530 0
472077 0.000000 0
472084 0.000000 0
472092 0.014080 0
472099 0.000000 0
472106 0.000000 0
472114 0.011720 0
472122 0.000000 0
472130 0.000000 0
472137 0.010330 0
472144 0.000000 0
472152 0.000000 0
472159 0.026200 0
472168 0.000000 0
472176 0.000000 0
472183 0.030990 0
472189 0.000000 0
472196 0.000000 0
472204 0.038470 0
472212 0.000000 0
472220 0.000000 0
472227 0.035370 0
472234 0.000000 0
472242 0.000000 0
472249 0.053560 0
472257 0.000000 0
472264 0.000000 0
472272 0.055100 0
472279 0.000000 0
472286 0.000000 0
472294 0.051070 0
472302 0.000000 0
472310 0.000000 0
472317 0.052550 0
472324 0.000000 0
472332 0.000000 0
472339 0.056340 0
472347 0.000000 0
472354 0.000000 0
472362 0.051070 0
472369 0.000000 0
472376 0.000000 0
472384 0.046220 0
472391 0.000000 0
472398 0.000000 0
472406 0.046880 0
472414 0.000000 0
472422 0.000000 0
472429 0.089230 0
472437 0.000000 0
472444 0.000000 0
472452 0.169730 0
472459 0.000000 0
472466 0.000000 0
472474 0.193850 0
472482 0.000000 0
472490 0.000000 0
472497 0.138810 0
472504 0.000000 0
472512 0.000000 0
472519 0.042250 0
472527 0.000000 0
472534 0.000000 0
472542 0.010330 0
472550 0.000000 0
472558 0.000000 0
472565 0.005520 0
472572 0.000000 0
472580 0.000000 0
472587 0.003910 0
472594 0.000000 0
472602 0.000000 0
472609 0.020290 0
472617 0.000000 0
472624 0.000000 0
472632 0.021030 0
472639 0.000000 0
472646 0.000000 0
472654 0.021740 0
472662 0.000000 0
472670 0.000000 0
472677 0.043490 0
472684 0.000000 0
472692 0.000000 0
472699 0.050170 0
472707 0.000000 0
472714 0.000000 0
472722 0.046710 0
472729 0.000000 0
472736 0.000000 0
472744 0.055510 0
472752 0.000000 0
472760 0.000000 0
472767 0.065350 0
472774 0.000000 0
472782 0.000000 0
472789 0.067080 0
472796 0.000000 0
472804 0.000000 0
472811 0.089660 0
472818 0.000000 0
472826 0.000000 0
472833 0.104880 0
472841 0.000000 0
472848 0.000000 0
472856 0.098970 0
472864 0.000000 0
472872 0.000000 0
472879 0.087600 0
472887 0.000000 0
472894 0.000000 0
472902 0.132340 0
472908 0.000000 0
472916 0.000000 0
472923 0.141700 0
472931 0.000000 0
472938 0.000000 0
472946 0.130080 0
472953 0.000000 0
472960 0.000000 0
472968 0.090090 0
472976 0.000000 0
472984 0.000000 0
472991 0.060380 0
472998 0.000000 0
473006 0.000000 0
473013 0.025600 0
473022 0.000000 0
473030 0.000000 0
473037 0.016100 0
473043 0.000000 0
473050 0.000000 0
473058 0.005520 0
473066 0.000000 0
473074 0.000000 0
473081 0.009570 0
473089 0.000000 0
473096 0.000000 0
473104 0.050170 0
473112 0.000000 0
473120 0.000000 0
473127 0.056340 0
473134 0.000000 0
473142 0.000000 0
473149 0.074920 0
473157 0.000000 0
473164 0.000000 0
473172 0.068440 0
473179 0.000000 0
473186 0.000000 0
473194 0.074720 0
473202 0.000000 0
473210 0.000000 0
473217 0.061880 0
473224 0.000000 0
473232 0.000000 0
473239 0.062120 0
473247 0.000000 0
473254 0.000000 0
473262 0.077240 0
473269 0.000000 0
473276 0.000000 0
473284 0.066410 0
473291 0.000000 0
473298 0.000000 0
473306 0.031480 0
473314 0.000000 0
473322 0.000000 0
473329 0.052980 0
473337 0.000000 0
473344 0.000000 0
473352 0.113210 0
473359 0.000000 0
473366 0.000000 0
473374 0.142780 0
473381 0.000000 0
473388 0.000000 0
473396 0.193100 0
473404 0.000000 0
473412 0.000000 0
473419 0.118730 0
473426 0.000000 0
473434 0.000000 0
473441 0.049260 0
473449 0.000000 0
473456 0.000000 0
473464 0.014600 0
473471 0.000000 0
473478 0.000000 0
473486 0.008730 0
473495 0.000000 0
473502 0.000000 0
473510 0.005520 0
473516 0.000000 0
473524 0.000000 0
473531 0.006760 0
473540 0.000000 0
473548 0.000000 0
473555 0.021390 0
473562 0.000000 0
473570 0.000000 0
473577 0.038270 0
473585 0.000000 0
473592 0.000000 0
473600 0.051820 0
473606 0.000000 0
473614 0.000000 0
473621 0.052400 0
473630 0.000000 0
473638 0.000000 0
473645 0.070740 0
473652 0.000000 0
473660 0.000000 0
473667 0.092010 0
473674 0.000000 0
473682 0.000000 0
473689 0.089160 0
473697 0.000000 0
473704 0.000000 0
473712 0.086460 0
473720 0.000000 0
473728 0.000000 0
473735 0.064770 0
473741 0.000000 0
473748 0.000000 0
473756 0.054400 0
473764 0.000000 0
473772 0.000000 0
473779 0.055920 0
473786 0.000000 0
473794 0.000000 0
473801 0.070740 0
473810 0.000000 0
473818 0.000000 0
473825 0.085660 0
473831 0.000000 0
473838 0.000000 0
473846 0.114080 0
473853 0.000000 0
473860 0.000000 0
473868 0.104740 0
473876 0.000000 0
473884 0.000000 0
473891 0.069980 0
473898 0.000000 0
473906 0.000000 0
473913 0.029220 0
473921 0.000000 0
473928 0.000000 0
473936 0.011720 0
473945 0.000000 0
473952 0.000000 0
473960 0.010330 0
473966 0.000000 0
473974 0.000000 0
473981 0.011720 0
473989 0.000000 0
473996 0.000000 0
474004 0.015120 0
474011 0.000000 0
474018 0.000000 0
474026 0.019530 0
474034 0.000000 0
474042 0.000000 0
474049 0.040210 0
474056 0.000000 0
474064 0.000000 0
474071 0.053120 0
474079 0.000000 0
474086 0.000000 0
474094 0.037050 0
474101 0.000000 0
474108 0.000000 0
474116 0.054400 0
474124 0.000000 0
474132 0.000000 0
474139 0.042250 0
474146 0.000000 0
474154 0.000000 0
474161 0.051220 0
474170 0.000000 0
474178 0.000000 0
474185 0.047990 0
474191 0.000000 0
474198 0.000000 0
474206 0.053560 0
474214 0.000000 0
474222 0.000000 0
474229 0.066640 0
474236 0.000000 0
474244 0.000000 0
474251 0.064060 0
474259 0.000000 0
474266 0.000000 0
474274 0.047350 0
474281 0.000000 0
474288 0.000000 0
474296 0.119250 0
474304 0.000000 0
474312 0.000000 0
474319 0.164660 0
474326 0.000000 0
474334 0.000000 0
474341 0.206990 0
474349 0.000000 0
474356 0.000000 0
474364 0.096860 0
474371 0.000000 0
474378 0.000000 0
474386 0.040410 0
474394 0.000000 0
474402 0.000000 0
474409 0.012340 0
474416 0.000000 0
474424 0.000000 0
474431 0.007810 0
474439 0.000000 0
474446 0.000000 0
474454 0.006760 0
474461 0.000000 0
474468 0.000000 0
474476 0.018720 0
474484 0.000000 0
474492 0.000000 0
474499 0.017010 0
474506 0.000000 0
474514 0.000000 0
474521 0.039640 0
474529 0.000000 0
474536 0.000000 0
474544 0.024700 0
474551 0.000000 0
474558 0.000000 0
474566 0.047030 0
474574 0.000000 0
474582 0.000000 0
474589 0.057400 0
474596 0.000000 0
474604 0.000000 0
474611 0.056870 0
474619 0.000000 0
474626 0.000000 0
474634 0.060000 0
474641 0.000000 0
474648 0.000000 0
474656 0.078420 0
474664 0.000000 0
474672 0.000000 0
474679 0.106610 0
474686 0.000000 0
474694 0.000000 0
474701 0.100420 0
474709 0.000000 0
474716 0.000000 0
474724 0.076540 0
474731 0.000000 0
474738 0.000000 0
474746 0.084050 0
474754 0.000000 0
474762 0.000000 0
474769 0.108870 0
474776 0.000000 0
474784 0.000000 0
474791 0.136260 0
474799 0.000000 0
474806 0.000000 0
474814 0.157610 0
474821 0.000000 0
474828 0.000000 0
474836 0.068540 0
474844 0.000000 0
474852 0.000000 0
474859 0.022770 0
474866 0.000000 0
474874 0.000000 0
474881 0.014600 0
474889 0.000000 0
474896 0.000000 0
474904 0.011720 0
474911 0.000000 0
474918 0.000000 0
474926 0.018310 0
474934 0.000000 0
474942 0.000000 0
474949 0.028430 0
474956 0.000000 0
474964 0.000000 0
474971 0.031480 0
474979 0.000000 0
474986 0.000000 0
474994 0.040770 0
475001 0.000000 0
475008 0.000000 0
475016 0.035580 0
475024 0.000000 0
475032 0.000000 0
475039 0.049710 0
475046 0.000000 0
475054 0.000000 0
475061 0.055510 0
475069 0.000000 0
475076 0.000000 0
475084 0.047350 0
475091 0.000000 0
475098 0.000000 0
475106 0.040590 0
475114 0.000000 0
475122 0.000000 0
475129 0.036850 0
475136 0.000000 0
475144 0.000000 0
475151 0.059100 0
475160 0.000000 0
475168 0.000000 0
475175 0.072970 0
475181 0.000000 0
475188 0.000000 0
475196 0.066160 0
475204 0.000000 0
475212 0.000000 0
475219 0.090010 0
475226 0.000000 0
475234 0.000000 0
475241 0.105680 0
475249 0.000000 0
475256 0.000000 0
475264 0.151080 0
475271 0.000000 0
475278 0.000000 0
475286 0.108950 0
475294 0.000000 0
475302 0.000000 0
475309 0.073790 0
475316 0.000000 0
475324 0.000000 0
475331 0.038070 0
475339 0.000000 0
475346 0.000000 0
475354 0.016100 0
475361 0.000000 0
475368 0.000000 0
475376 0.025310 0
475384 0.000000 0
475392 0.000000 0
475399 0.045380 0
475406 0.000000 0
475414 0.000000 0
475421 0.063940 0
475429 0.000000 0
475436 0.000000 0
475444 0.050480 0
475451 0.000000 0
475458 0.000000 0
475466 0.046220 0
475474 0.000000 0
475482 0.000000 0
475489 0.037050 0
475496 0.000000 0
475504 0.000000 0
475511 0.025310 0
475519 0.000000 0
475526 0.000000 0
475534 0.037870 0
475541 0.000000 0
475548 0.000000 0
475556 0.023440 0
475564 0.000000 0
475572 0.000000 0
475579 0.048940 0
475586 0.000000 0
475594 0.000000 0
475601 0.090180 0
475609 0.000000 0
475616 0.000000 0
475624 0.084140 0
475631 0.000000 0
475638 0.000000 0
475646 0.060760 0
475654 0.000000 0
475662 0.000000 0
475669 0.049260 0
475676 0.000000 0
475684 0.000000 0
475691 0.098510 0
475699 0.000000 0
475706 0.000000 0
475714 0.152900 0
475721 0.000000 0
475728 0.000000 0
475736 0.156390 0
475745 0.000000 0
475752 0.000000 0
475760 0.119250 0
475766 0.000000 0
475774 0.000000 0
475781 0.060640 0
475789 0.000000 0
475796 0.000000 0
475804 0.025600 0
475811 0.000000 0
475818 0.000000 0
475826 0.013520 0
475834 0.000000 0
475842 0.000000 0
475849 0.013520 0
475856 0.000000 0
475864 0.000000 0
475871 0.018310 0
475879 0.000000 0
475886 0.000000 0
475894 0.018720 0
475901 0.000000 0
475908 0.000000 0
475916 0.028170 0
475924 0.000000 0
475932 0.000000 0
475939 0.036420 0
475946 0.000000 0
475954 0.000000 0
475961 0.042070 0
475969 0.000000 0
475976 0.000000 0
475984 0.049260 0
475992 0.000000 0
476000 0.000000 0
476007 0.047030 0
476014 0.000000 0
476022 0.000000 0
476029 0.045880 0
476036 0.000000 0
476044 0.000000 0
476051 0.044010 0
476060 0.000000 0
476068 0.000000 0
476075 0.057940 0
476081 0.000000 0
476088 0.000000 0
476096 0.051220 0
476104 0.000000 0
476112 0.000000 0
476119 0.038470 0
476126 0.000000 0
476134 0.000000 0
476141 0.125960 0
476149 0.000000 0
476156 0.000000 0
476164 0.142140 0
476171 0.000000 0
476178 0.000000 0
476186 0.254690 0
476194 0.000000 0
476202 0.000000 0
476209 0.152790 0
476216 0.000000 0
476224 0.000000 0
476231 0.047840 0
476239 0.000000 0
476246 0.000000 0
476254 0.017900 0
476261 0.000000 0
476268 0.000000 0
476276 0.012340 0
476284 0.000000 0
476292 0.000000 0
476299 0.003910 0
476306 0.000000 0
476314 0.000000 0
476321 0.005520 0
476330 0.000000 0
476338 0.000000 0
476345 0.000000 0
476351 0.000000 0
476358 0.000000 0
476366 0.006760 0
476374 0.000000 0
476382 0.000000 0
476389 0.016570 0
476396 0.000000 0
476404 0.000000 0
476411 0.035160 0
476419 0.000000 0
476426 0.000000 0
476434 0.051670 0
476441 0.000000 0
476448 0.000000 0
476456 0.061880 0
476464 0.000000 0
476472 0.000000 0
476479 0.064530 0
476486 0.000000 0
476494 0.000000 0
476501 0.049710 0
476509 0.000000 0
476516 0.000000 0
476524 0.038670 0
476531 0.000000 0
476538 0.000000 0
476546 0.157850 0
476554 0.000000 0
476562 0.000000 0
476569 0.157560 0
476576 0.000000 0
476584 0.000000 0
476591 0.154570 0
476599 0.000000 0
476606 0.000000 0
476614 0.112600 0
476621 0.000000 0
476628 0.000000 0
476636 0.087080 0
476644 0.000000 0
476652 0.000000 0
476659 0.108110 0
476666 0.000000 0
476674 0.000000 0
476681 0.083410 0
476689 0.000000 0
476696 0.000000 0
476704 0.044360 0
476711 0.000000 0
476718 0.000000 0
476726 0.016100 0
476734 0.000000 0
476742 0.000000 0
476749 0.009570 0
476756 0.000000 0
476764 0.000000 0
476771 0.007810 0
476779 0.000000 0
476786 0.000000 0
476794 0.006760 0
476801 0.000000 0
476808 0.000000 0
476816 0.020290 0
476824 0.000000 0
476832 0.000000 0
476839 0.041150 0
476846 0.000000 0
476854 0.000000 0
476861 0.078020 0
476869 0.000000 0
476876 0.000000 0
476884 0.092440 0
476891 0.000000 0
476898 0.000000 0
476906 0.100270 0
476915 0.000000 0
476922 0.000000 0
476930 0.111790 0
476936 0.000000 0
476944 0.000000 0
476951 0.092930 0
476959 0.000000 0
476966 0.000000 0
476974 0.051510 0
476981 0.000000 0
476988 0.000000 0
476996 0.025910 0
477004 0.000000 0
477012 0.000000 0
477019 0.015120 0
477026 0.000000 0
477034 0.000000 0
477041 0.014080 0
477049 0.000000 0
477056 0.000000 0
477064 0.046880 0
477071 0.000000 0
477078 0.000000 0
477086 0.128600 0
477094 0.000000 0
477102 0.000000 0
477109 0.193940 0
477116 0.000000 0
477124 0.000000 0
477131 0.256890 0
477139 0.000000 0
477146 0.000000 0
477154 0.120450 0
477161 0.000000 0
477168 0.000000 0
477176 0.041150 0
477184 0.000000 0
477192 0.000000 0
477199 0.017900 0
477206 0.000000 0
477214 0.000000 0
477221 0.011050 0
477229 0.000000 0
477236 0.000000 0
477244 0.014080 0
477252 0.000000 0
477260 0.000000 0
477267 0.014080 0
477274 0.000000 0
477282 0.000000 0
477289 0.019530 0
477296 0.000000 0
477304 0.000000 0
477311 0.052980 0
477319 0.000000 0
477326 0.000000 0
477334 0.059620 0
477342 0.000000 0
477350 0.000000 0
477357 0.048630 0
477364 0.000000 0
477372 0.000000 0
477379 0.046540 0
477388 0.000000 0
477396 0.000000 0
477403 0.048630 0
477409 0.000000 0
477416 0.000000 0
477424 0.038270 0
477433 0.000000 0
477440 0.000000 0
477448 0.058980 0
477454 0.000000 0
477462 0.000000 0
477469 0.054960 0
477478 0.000000 0
477486 0.000000 0
477493 0.058320 0
477499 0.000000 0
477506 0.000000 0
477514 0.046880 0
477522 0.000000 0
477530 0.000000 0
477537 0.057940 0
477544 0.000000 0
477552 0.000000 0
477559 0.100570 0
477567 0.000000 0
477574 0.000000 0
477582 0.142930 0
477589 0.000000 0
477596 0.000000 0
477604 0.129670 0
477612 0.000000 0
477620 0.000000 0
477627 0.080610 0
477634 0.000000 0
477642 0.000000 0
477649 0.045210 0
477658 0.000000 0
477666 0.000000 0
477673 0.020660 0
477679 0.000000 0
477686 0.000000 0
477694 0.016570 0
477703 0.000000 0
477710 0.000000 0
477718 0.020660 0
477724 0.000000 0
477732 0.000000 0
477739 0.020290 0
477748 0.000000 0
477756 0.000000 0
477763 0.034710 0
477769 0.000000 0
477776 0.000000 0
477784 0.041700 0
477792 0.000000 0
477800 0.000000 0
477807 0.031720 0
477814 0.000000 0
477822 0.000000 0
477829 0.033140 0
477837 0.000000 0
477844 0.000000 0
477852 0.040590 0
477859 0.000000 0
477866 0.000000 0
477874 0.054830 0
477882 0.000000 0
477890 0.000000 0
477897 0.054830 0
477904 0.000000 0
477912 0.000000 0
477919 0.062610 0
477928 0.000000 0
477936 0.000000 0
477943 0.054830 0
477949 0.000000 0
477956 0.000000 0
477964 0.048940 0
477973 0.000000 0
477980 0.000000 0
477988 0.047840 0
477994 0.000000 0
478002 0.000000 0
478009 0.085660 0
478018 0.000000 0
478026 0.000000 0
478033 0.140780 0
478039 0.000000 0
478046 0.000000 0
478054 0.192900 0
478063 0.000000 0
478070 0.000000 0
478078 0.104370 0
478084 0.000000 0
478092 0.000000 0
478099 0.050020 0
478107 0.000000 0
478114 0.000000 0
478122 0.011720 0
478128 0.000000 0
478136 0.000000 0
478143 0.008730 0
478152 0.000000 0
478160 0.000000 0
478167 0.006760 0
478174 0.000000 0
478182 0.000000 0
478189 0.008730 0
478198 0.000000 0
478206 0.000000 0
478213 0.031720 0
478219 0.000000 0
478226 0.000000 0
478234 0.037460 0
478242 0.000000 0
478250 0.000000 0
478257 0.066510 0
478264 0.000000 0
478272 0.000000 0
478279 0.057800 0
478287 0.000000 0
478294 0.000000 0
478302 0.076230 0
478309 0.000000 0
478316 0.000000 0
478324 0.084500 0
478332 0.000000 0
478340 0.000000 0
478347 0.073080 0
478354 0.000000 0
478362 0.000000 0
478369 0.063940 0
478378 0.000000 0
478386 0.000000 0
478393 0.082030 0
478399 0.000000 0
478406 0.000000 0
478414 0.073490 0
478422 0.000000 0
478430 0.000000 0
478437 0.069660 0
478444 0.000000 0
478452 0.000000 0
478459 0.082860 0
478466 0.000000 0
478474 0.000000 0
478481 0.102080 0
478489 0.000000 0
478496 0.000000 0
478504 0.096860 0
478513 0.000000 0
478520 0.000000 0
478528 0.124740 0
478534 0.000000 0
478542 0.000000 0
478549 0.069980 0
478557 0.000000 0
478564 0.000000 0
478572 0.046220 0
478579 0.000000 0
478586 0.000000 0
478594 0.019130 0
478602 0.000000 0
478610 0.000000 0
478617 0.012340 0
478624 0.000000 0
478632 0.000000 0
478639 0.019910 0
478648 0.000000 0
478656 0.000000 0
478663 0.014600 0
478669 0.000000 0
478676 0.000000 0
478684 0.034040 0
478693 0.000000 0
478700 0.000000 0
478708 0.059360 0
478714 0.000000 0
478722 0.000000 0
478729 0.057400 0
478738 0.000000 0
478746 0.000000 0
478753 0.056060 0
478759 0.000000 0
478766 0.000000 0
478774 0.053270 0
478783 0.000000 0
478790 0.000000 0
478798 0.055650 0
478804 0.000000 0
478812 0.000000 0
478819 0.062730 0
478827 0.000000 0
478834 0.000000 0
478842 0.064770 0
478849 0.000000 0
478856 0.000000 0
478864 0.050020 0
478872 0.000000 0
478880 0.000000 0
478887 0.055920 0
478894 0.000000 0
478902 0.000000 0
478909 0.050020 0
478916 0.000000 0
478924 0.000000 0
478931 0.075750 0
478939 0.000000 0
478946 0.000000 0
478954 0.092930 0
478962 0.000000 0
478970 0.000000 0
478977 0.144950 0
478983 0.000000 0
478990 0.000000 0
478998 0.183050 0
479007 0.000000 0
479014 0.000000 0
479022 0.056600 0
479028 0.000000 0
479036 0.000000 0
479043 0.009570 0
479051 0.000000 0
479058 0.000000 0
479066 0.005520 0
479074 0.000000 0
479082 0.000000 0
479089 0.012340 0
479097 0.000000 0
479104 0.000000 0
479112 0.026490 0
479119 0.000000 0
479126 0.000000 0
479134 0.026200 0
479143 0.000000 0
479150 0.000000 0
479158 0.022770 0
479164 0.000000 0
479172 0.000000 0
479179 0.036640 0
479188 0.000000 0
479196 0.000000 0
479203 0.061750 0
479209 0.000000 0
479216 0.000000 0
479224 0.043490 0
479233 0.000000 0
479240 0.000000 0
479248 0.047990 0
479254 0.000000 0
479262 0.000000 0
479269 0.061260 0
479278 0.000000 0
479286 0.000000 0
479293 0.058850 0
479299 0.000000 0
479306 0.000000 0
479314 0.047670 0
479323 0.000000 0
479330 0.000000 0
479338 0.049560 0
479344 0.000000 0
479352 0.000000 0
479359 0.086640 0
479368 0.000000 0
479376 0.000000 0
479383 0.092350 0
479389 0.000000 0
479396 0.000000 0
479404 0.092440 0
479413 0.000000 0
479420 0.000000 0
479428 0.114690 0
479434 0.000000 0
479442 0.000000 0
479449 0.156390 0
479457 0.000000 0
479464 0.000000 0
479472 0.107470 0
479479 0.000000 0
479486 0.000000 0
479494 0.079090 0
479502 0.000000 0
479510 0.000000 0
479517 0.044530 0
479524 0.000000 0
479532 0.000000 0
479539 0.018310 0
479547 0.000000 0
479554 0.000000 0
479562 0.008730 0
479569 0.000000 0
479576 0.000000 0
479584 0.010330 0
479593 0.000000 0
479600 0.000000 0
479608 0.023100 0
479614 0.000000 0
479622 0.000000 0
479629 0.050780 0
479637 0.000000 0
479644 0.000000 0
479652 0.068990 0
479659 0.000000 0
479666 0.000000 0
479674 0.044710 0
479683 0.000000 0
479690 0.000000 0
479698 0.036640 0
479704 0.000000 0
479712 0.000000 0
479719 0.039250 0
479728 0.000000 0
479736 0.000000 0
479743 0.056340 0
479749 0.000000 0
479756 0.000000 0
479764 0.056730 0
479772 0.000000 0
479780 0.000000 0
479787 0.045380 0
479794 0.000000 0
479802 0.000000 0
479809 0.087250 0
479818 0.000000 0
479826 0.000000 0
479833 0.128540 0
479839 0.000000 0
479846 0.000000 0
479854 0.095670 0
479862 0.000000 0
479870 0.000000 0
479877 0.105180 0
479884 0.000000 0
479892 0.000000 0
479899 0.199760 0
479907 0.000000 0
479914 0.000000 0
479922 0.199530 0
479929 0.000000 0
479936 0.000000 0
479944 0.140290 0
479951 0.000000 0
479958 0.000000 0
479966 0.053700 0
479974 0.000000 0
479982 0.000000 0
479989 0.018720 0
479997 0.000000 0
480004 0.000000 0
480012 0.009570 0
480019 0.000000 0
480026 0.000000 0
480034 0.012340 0
480042 0.000000 0
480050 0.000000 0
480057 0.018720 0
480064 0.000000 0
480072 0.000000 0
480079 0.013520 0
480087 0.000000 0
480094 0.000000 0
480102 0.015630 0
480109 0.000000 0
480116 0.000000 0
480124 0.027890 0
480132 0.000000 0
480140 0.000000 0
480147 0.066970 0
480154 0.000000 0
480162 0.000000 0
480169 0.071700 0
480177 0.000000 0
480184 0.000000 0
480192 0.068210 0
480199 0.000000 0
480206 0.000000 0
480214 0.061390 0
480221 0.000000 0
480228 0.000000 0
480236 0.042250 0
480244 0.000000 0
480252 0.000000 0
480259 0.072450 0
480267 0.000000 0
480274 0.000000 0
480282 0.090520 0
480289 0.000000 0
480296 0.000000 0
480304 0.074010 0
480311 0.000000 0
480318 0.000000 0
480326 0.146040 0
480334 0.000000 0
480342 0.000000 0
480349 0.099120 0
480357 0.000000 0
480364 0.000000 0
480372 0.149610 0
480379 0.000000 0
480386 0.000000 0
480394 0.118210 0
480402 0.000000 0
480410 0.000000 0
480417 0.078130 0
480423 0.000000 0
480430 0.000000 0
480438 0.040020 0
480446 0.000000 0
480454 0.000000 0
480461 0.021030 0
480468 0.000000 0
480476 0.000000 0
480483 0.020660 0
480492 0.000000 0
480500 0.000000 0
480507 0.015630 0
480514 0.000000 0
480522 0.000000 0
480529 0.034490 0
480538 0.000000 0
480546 0.000000 0
480553 0.032440 0
480559 0.000000 0
480566 0.000000 0
480574 0.063830 0
480583 0.000000 0
480590 0.000000 0
480598 0.065710 0
480604 0.000000 0
480612 0.000000 0
480619 0.073790 0
480628 0.000000 0
480636 0.000000 0
480643 0.058980 0
480649 0.000000 0
480656 0.000000 0
480664 0.049870 0
480673 0.000000 0
480680 0.000000 0
480688 0.031970 0
480694 0.000000 0
480702 0.000000 0
480709 0.043490 0
480718 0.000000 0
480726 0.000000 0
480733 0.049870 0
480739 0.000000 0
480746 0.000000 0
480754 0.044530 0
480762 0.000000 0
480770 0.000000 0
480777 0.052110 0
480784 0.000000 0
480792 0.000000 0
480799 0.160590 0
480808 0.000000 0
480816 0.000000 0
480823 0.154680 0
480829 0.000000 0
480836 0.000000 0
480844 0.270940 0
480852 0.000000 0
480860 0.000000 0
480867 0.096540 0
480874 0.000000 0
480882 0.000000 0
480889 0.035370 0
480896 0.000000 0
480904 0.000000 0
480911 0.016100 0
480919 0.000000 0
480926 0.000000 0
480934 0.012340 0
480942 0.000000 0
480950 0.000000 0
480957 0.005520 0
480964 0.000000 0
480972 0.000000 0
480979 0.026780 0
480987 0.000000 0
480994 0.000000 0
481002 0.045550 0
481009 0.000000 0
481016 0.000000 0
481024 0.042250 0
481032 0.000000 0
481040 0.000000 0
481047 0.059240 0
481055 0.000000 0
481062 0.000000 0
481070 0.065130 0
481077 0.000000 0
481084 0.000000 0
481092 0.066510 0
481100 0.000000 0
481108 0.000000 0
481115 0.073700 0
481122 0.000000 0
481130 0.000000 0
481137 0.056340 0
481145 0.000000 0
481152 0.000000 0
481160 0.060000 0
481167 0.000000 0
481174 0.000000 0
481182 0.048940 0
481190 0.000000 0
481198 0.000000 0
481205 0.046880 0
481212 0.000000 0
481220 0.000000 0
481227 0.045040 0
481235 0.000000 0
481242 0.000000 0
481250 0.053270 0
481257 0.000000 0
481264 0.000000 0
481272 0.139480 0
481280 0.000000 0
481288 0.000000 0
481295 0.146880 0
481302 0.000000 0
481310 0.000000 0
481317 0.164160 0
481325 0.000000 0
481332 0.000000 0
481340 0.111100 0
481346 0.000000 0
481354 0.000000 0
481361 0.047840 0
481370 0.000000 0
481378 0.000000 0
481385 0.016570 0
481392 0.000000 0
481400 0.000000 0
481407 0.014600 0
481415 0.000000 0
481422 0.000000 0
481430 0.010330 0
481437 0.000000 0
481444 0.000000 0
481452 0.014600 0
481460 0.000000 0
481468 0.000000 0
481475 0.017900 0
481482 0.000000 0
481490 0.000000 0
481497 0.032670 0
481505 0.000000 0
481512 0.000000 0
481520 0.053270 0
481527 0.000000 0
481534 0.000000 0
481542 0.051670 0
481550 0.000000 0
481558 0.000000 0
481565 0.047030 0
481572 0.000000 0
481580 0.000000 0
481587 0.045210 0
481595 0.000000 0
481602 0.000000 0
481610 0.061010 0
481617 0.000000 0
481624 0.000000 0
481632 0.071600 0
481640 0.000000 0
481648 0.000000 0
481655 0.057800 0
481662 0.000000 0
481670 0.000000 0
481677 0.085570 0
481685 0.000000 0
481692 0.000000 0
481700 0.080430 0
481707 0.000000 0
481714 0.000000 0
481722 0.053560 0
481730 0.000000 0
481738 0.000000 0
481745 0.115140 0
481752 0.000000 0
481760 0.000000 0
481767 0.144370 0
481775 0.000000 0
481782 0.000000 0
481790 0.223190 0
481796 0.000000 0
481804 0.000000 0
481811 0.088120 0
481820 0.000000 0
481828 0.000000 0
481835 0.031250 0
481842 0.000000 0
481850 0.000000 0
481857 0.010330 0
481865 0.000000 0
481872 0.000000 0
481880 0.007810 0
481887 0.000000 0
481894 0.000000 0
481902 0.009570 0
481910 0.000000 0
481918 0.000000 0
481925 0.011720 0
481932 0.000000 0
481940 0.000000 0
481947 0.022770 0
481955 0.000000 0
481962 0.000000 0
481970 0.045380 0
481977 0.000000 0
481984 0.000000 0
481992 0.056060 0
482000 0.000000 0
482008 0.000000 0
482015 0.042070 0
482022 0.000000 0
482030 0.000000 0
482037 0.049560 0
482045 0.000000 0
482052 0.000000 0
482060 0.054960 0
482067 0.000000 0
482074 0.000000 0
482082 0.049260 0
482090 0.000000 0
482098 0.000000 0
482105 0.050630 0
482112 0.000000 0
482120 0.000000 0
482127 0.053970 0
482135 0.000000 0
482142 0.000000 0
482150 0.101780 0
482157 0.000000 0
482164 0.000000 0
482172 0.085040 0
482180 0.000000 0
482188 0.000000 0
482195 0.097810 0
482202 0.000000 0
482210 0.000000 0
482217 0.112600 0
482225 0.000000 0
482232 0.000000 0
482240 0.143890 0
482247 0.000000 0
482254 0.000000 0
482262 0.130720 0
482269 0.000000 0
482276 0.000000 0
482284 0.080430 0
482291 0.000000 0
482298 0.000000 0
482306 0.031480 0
482313 0.000000 0
482320 0.000000 0
482328 0.012950 0
482337 0.000000 0
482344 0.000000 0
482352 0.012950 0
482360 0.000000 0
482368 0.000000 0
482375 0.005520 0
482382 0.000000 0
482390 0.000000 0
482397 0.023440 0
482405 0.000000 0
482412 0.000000 0
482420 0.044360 0
482427 0.000000 0
482434 0.000000 0
482442 0.076140 0
482450 0.000000 0
482458 0.000000 0
482465 0.087250 0
482472 0.000000 0
482480 0.000000 0
482487 0.093830 0
482495 0.000000 0
482502 0.000000 0
482510 0.077820 0
482517 0.000000 0
482524 0.000000 0
482532 0.056730 0
482540 0.000000 0
482548 0.000000 0
482555 0.054400 0
482562 0.000000 0
482570 0.000000 0
482577 0.057270 0
482585 0.000000 0
482592 0.000000 0
482600 0.059880 0
482607 0.000000 0
482614 0.000000 0
482622 0.052690 0
482630 0.000000 0
482638 0.000000 0
482645 0.069980 0
482652 0.000000 0
482660 0.000000 0
482667 0.101110 0
482675 0.000000 0
482682 0.000000 0
482690 0.161490 0
482696 0.000000 0
482704 0.000000 0
482711 0.133090 0
482720 0.000000 0
482728 0.000000 0
482735 0.063100 0
482741 0.000000 0
482748 0.000000 0
482756 0.025910 0
482763 0.000000 0
482770 0.000000 0
482778 0.011050 0
482786 0.000000 0
482794 0.000000 0
482801 0.011050 0
482810 0.000000 0
482818 0.000000 0
482825 0.023100 0
482832 0.000000 0
482840 0.000000 0
482847 0.021390 0
482854 0.000000 0
482862 0.000000 0
482869 0.043840 0
482876 0.000000 0
482884 0.000000 0
482891 0.055370 0
482899 0.000000 0
482906 0.000000 0
482914 0.105030 0
482921 0.000000 0
482928 0.000000 0
482936 0.083680 0
482945 0.000000 0
482952 0.000000 0
482960 0.087510 0
482966 0.000000 0
482974 0.000000 0
482981 0.072450 0
482990 0.000000 0
482998 0.000000 0
483005 0.044190 0
483011 0.000000 0
483018 0.000000 0
483026 0.030750 0
483034 0.000000 0
483042 0.000000 0
483049 0.032210 0
483056 0.000000 0
483064 0.000000 0
483071 0.024080 0
483079 0.000000 0
483086 0.000000 0
483094 0.025010 0
483101 0.000000 0
483108 0.000000 0
483116 0.094560 0
483125 0.000000 0
483132 0.000000 0
483140 0.093750 0
483146 0.000000 0
483154 0.000000 0
483161 0.149310 0
483170 0.000000 0
483178 0.000000 0
483185 0.122210 0
483191 0.000000 0
483198 0.000000 0
483206 0.063460 0
483215 0.000000 0
483222 0.000000 0
483230 0.027340 0
483236 0.000000 0
483244 0.000000 0
483251 0.010330 0
483259 0.000000 0
483266 0.000000 0
483274 0.009570 0
483282 0.000000 0
483290 0.000000 0
483297 0.006760 0
483305 0.000000 0
483312 0.000000 0
483320 0.015630 0
483326 0.000000 0
483334 0.000000 0
483341 0.019910 0
483350 0.000000 0
483358 0.000000 0
483365 0.041890 0
483371 0.000000 0
483378 0.000000 0
483386 0.037260 0
483395 0.000000 0
483402 0.000000 0
483410 0.050920 0
483416 0.000000 0
483424 0.000000 0
483431 0.067310 0
483439 0.000000 0
483446 0.000000 0
483454 0.083590 0
483461 0.000000 0
483468 0.000000 0
483476 0.048940 0
483484 0.000000 0
483492 0.000000 0
483499 0.054260 0
483506 0.000000 0
483514 0.000000 0
483521 0.031970 0
483529 0.000000 0
483536 0.000000 0
483544 0.031480 0
483551 0.000000 0
483558 0.000000 0
483566 0.085220 0
483574 0.000000 0
483582 0.000000 0
483589 0.122210 0
483596 0.000000 0
483604 0.000000 0
483611 0.139700 0
483619 0.000000 0
483626 0.000000 0
483634 0.163780 0
483641 0.000000 0
483648 0.000000 0
483656 0.118030 0
483664 0.000000 0
483672 0.000000 0
483679 0.057800 0
483686 0.000000 0
483694 0.000000 0
483701 0.017900 0
483709 0.000000 0
483716 0.000000 0
483724 0.012950 0
483731 0.000000 0
483738 0.000000 0
483746 0.016100 0
483754 0.000000 0
483762 0.000000 0
483769 0.028700 0
483776 0.000000 0
483784 0.000000 0
483791 0.023440 0
483799 0.000000 0
483806 0.000000 0
483814 0.029480 0
483821 0.000000 0
483828 0.000000 0
483836 0.048310 0
483844 0.000000 0
483852 0.000000 0
483859 0.040590 0
483866 0.000000 0
483874 0.000000 0
483881 0.049260 0
483889 0.000000 0
483896 0.000000 0
483904 0.056460 0
483911 0.000000 0
483918 0.000000 0
483926 0.064300 0
483935 0.000000 0
483942 0.000000 0
483950 0.046050 0
483956 0.000000 0
483964 0.000000 0
483971 0.073380 0
483979 0.000000 0
483986 0.000000 0
483994 0.138540 0
484001 0.000000 0
484008 0.000000 0
484016 0.121020 0
484024 0.000000 0
484032 0.000000 0
484039 0.105820 0
484046 0.000000 0
484054 0.000000 0
484061 0.130720 0
484069 0.000000 0
484076 0.000000 0
484084 0.091860 0
484091 0.000000 0
484098 0.000000 0
484106 0.109510 0
484115 0.000000 0
484122 0.000000 0
484130 0.077330 0
484136 0.000000 0
484144 0.000000 0
484151 0.052110 0
484159 0.000000 0
484166 0.000000 0
484174 0.020660 0
484181 0.000000 0
484188 0.000000 0
484196 0.008730 0
484204 0.000000 0
484212 0.000000 0
484219 0.012340 0
484226 0.000000 0
484234 0.000000 0
484241 0.019130 0
484250 0.000000 0
484258 0.000000 0
484265 0.035370 0
484271 0.000000 0
484278 0.000000 0
484286 0.049090 0
484294 0.000000 0
484302 0.000000 0
484309 0.057940 0
484316 0.000000 0
484324 0.000000 0
484331 0.080430 0
484339 0.000000 0
484346 0.000000 0
484354 0.083590 0
484361 0.000000 0
484368 0.000000 0
484376 0.068100 0
484384 0.000000 0
484392 0.000000 0
484399 0.072450 0
484406 0.000000 0
484414 0.000000 0
484421 0.052110 0
484429 0.000000 0
484436 0.000000 0
484444 0.030000 0
484452 0.000000 0
484460 0.000000 0
484467 0.010330 0
484474 0.000000 0
484482 0.000000 0
484489 0.020660 0
484496 0.000000 0
484504 0.000000 0
484511 0.066060 0
484519 0.000000 0
484526 0.000000 0
484534 0.132630 0
484541 0.000000 0
484548 0.000000 0
484556 0.168320 0
484564 0.000000 0
484572 0.000000 0
484579 0.209480 0
484586 0.000000 0
484594 0.000000 0
484601 0.098190 0
484609 0.000000 0
484616 0.000000 0
484624 0.040960 0
484631 0.000000 0
484638 0.000000 0
484646 0.016570 0
484654 0.000000 0
484662 0.000000 0
484669 0.009570 0
484676 0.000000 0
484684 0.000000 0
484691 0.010330 0
484699 0.000000 0
484706 0.000000 0
484714 0.011050 0
484721 0.000000 0
484728 0.000000 0
484736 0.018720 0
484744 0.000000 0
484752 0.000000 0
484759 0.054830 0
484766 0.000000 0
484774 0.000000 0
484781 0.070080 0
484789 0.000000 0
484796 0.000000 0
484804 0.050920 0
484811 0.000000 0
484818 0.000000 0
484826 0.038670 0
484834 0.000000 0
484842 0.000000 0
484849 0.047670 0
484856 0.000000 0
484864 0.000000 0
484871 0.059360 0
484879 0.000000 0
484886 0.000000 0
484894 0.051070 0
484901 0.000000 0
484908 0.000000 0
484916 0.057010 0
484924 0.000000 0
484932 0.000000 0
484939 0.055920 0
484946 0.000000 0
484954 0.000000 0
484961 0.060880 0
484969 0.000000 0
484976 0.000000 0
484984 0.102010 0
484991 0.000000 0
484998 0.000000 0
485006 0.095920 0
485014 0.000000 0
485022 0.000000 0
485029 0.163120 0
485036 0.000000 0
485044 0.000000 0
485051 0.141650 0
485059 0.000000 0
485066 0.000000 0
485074 0.098890 0
485081 0.000000 0
485088 0.000000 0
485096 0.056460 0
485104 0.000000 0
485112 0.000000 0
485119 0.027620 0
485126 0.000000 0
485134 0.000000 0
485141 0.017900 0
485149 0.000000 0
485156 0.000000 0
485164 0.022770 0
485172 0.000000 0
485180 0.000000 0
485187 0.027050 0
485194 0.000000 0
485202 0.000000 0
485209 0.044880 0
485216 0.000000 0
485224 0.000000 0
485231 0.059880 0
485239 0.000000 0
485246 0.000000 0
485254 0.054400 0
485261 0.000000 0
485268 0.000000 0
485276 0.044190 0
485284 0.000000 0
485292 0.000000 0
485299 0.041150 0
485306 0.000000 0
485314 0.000000 0
485321 0.044530 0
485329 0.000000 0
485336 0.000000 0
485344 0.038270 0
485351 0.000000 0
485358 0.000000 0
485366 0.053830 0
485374 0.000000 0
485382 0.000000 0
485389 0.062000 0
485396 0.000000 0
485404 0.000000 0
485411 0.059360 0
485419 0.000000 0
485426 0.000000 0
485434 0.030240 0
485441 0.000000 0
485448 0.000000 0
485456 0.047030 0
485464 0.000000 0
485472 0.000000 0
485479 0.077930 0
485486 0.000000 0
485494 0.000000 0
485501 0.088210 0
485509 0.000000 0
485516 0.000000 0
485524 0.083040 0
485531 0.000000 0
485538 0.000000 0
485546 0.068990 0
485554 0.000000 0
485562 0.000000 0
485569 0.054960 0
485576 0.000000 0
485584 0.000000 0
485591 0.054690 0
485599 0.000000 0
485606 0.000000 0
485614 0.052550 0
485621 0.000000 0
485628 0.000000 0
485636 0.042070 0
485644 0.000000 0
485652 0.000000 0
485659 0.042250 0
485666 0.000000 0
485674 0.000000 0
485681 0.045210 0
485689 0.000000 0
485696 0.000000 0
485704 0.044710 0
485711 0.000000 0
485718 0.000000 0
485726 0.064180 0
485734 0.000000 0
485742 0.000000 0
485749 0.050480 0
485756 0.000000 0
485764 0.000000 0
485771 0.060260 0
485779 0.000000 0
485786 0.000000 0
485794 0.061260 0
485801 0.000000 0
485808 0.000000 0
485816 0.069760 0
485824 0.000000 0
485832 0.000000 0
485839 0.076450 0
485846 0.000000 0
485854 0.000000 0
485861 0.074720 0
485870 0.000000 0
485878 0.000000 0
485885 0.073490 0
485891 0.000000 0
485898 0.000000 0
485906 0.082400 0
485915 0.000000 0
485922 0.000000 0
485930 0.080700 0
485936 0.000000 0
485944 0.000000 0
485951 0.071270 0
485959 0.000000 0
485966 0.000000 0
485974 0.059750 0
485981 0.000000 0
485988 0.000000 0
485996 0.051670 0
486004 0.000000 0
486012 0.000000 0
486019 0.040210 0
486026 0.000000 0
486034 0.000000 0
486041 0.035800 0
486049 0.000000 0
486056 0.000000 0
486064 0.028960 0
486071 0.000000 0
486078 0.000000 0
486086 0.061630 0
486094 0.000000 0
486102 0.000000 0
486109 0.074720 0
486117 0.000000 0
486124 0.000000 0
486132 0.070850 0
486139 0.000000 0
486146 0.000000 0
486154 0.057010 0
486163 0.000000 0
486170 0.000000 0
486178 0.049710 0
486184 0.000000 0
486192 0.000000 0
486199 0.055790 0
486207 0.000000 0
486214 0.000000 0
486222 0.060500 0
486229 0.000000 0
486236 0.000000 0
486244 0.068770 0
486251 0.000000 0
486258 0.000000 0
486266 0.057010 0
486274 0.000000 0
486282 0.000000 0
486289 0.045040 0
486297 0.000000 0
486304 0.000000 0
486312 0.043140 0
486319 0.000000 0
486326 0.000000 0
486334 0.040590 0
486341 0.000000 0
486348 0.000000 0
486356 0.052840 0
486364 0.000000 0
486372 0.000000 0
486379 0.067990 0
486386 0.000000 0
486394 0.000000 0
486401 0.069760 0
486409 0.000000 0
486416 0.000000 0
486424 0.063830 0
486432 0.000000 0
486440 0.000000 0
486447 0.045880 0
486454 0.000000 0
486462 0.000000 0
486469 0.042600 0
486478 0.000000 0
486486 0.000000 0
486493 0.060000 0
486499 0.000000 0
486506 0.000000 0
486514 0.050920 0
486522 0.000000 0
486530 0.000000 0
486537 0.049410 0
486543 0.000000 0
486550 0.000000 0
486558 0.045380 0
486566 0.000000 0
486574 0.000000 0
486581 0.035580 0
486588 0.000000 0
486596 0.000000 0
486603 0.044190 0
486611 0.000000 0
486618 0.000000 0
486626 0.046050 0
486633 0.000000 0
486640 0.000000 0
486648 0.040410 0
486656 0.000000 0
486664 0.000000 0
486671 0.050320 0
486678 0.000000 0
486686 0.000000 0
486693 0.041520 0
486701 0.000000 0
486708 0.000000 0
486716 0.039440 0
486723 0.000000 0
486730 0.000000 0
486738 0.060880 0
486746 0.000000 0
486754 0.000000 0
486761 0.057540 0
486768 0.000000 0
486776 0.000000 0
486783 0.070530 0
486791 0.000000 0
486798 0.000000 0
486806 0.061510 0
486813 0.000000 0
486820 0.000000 0
486828 0.056600 0
486836 0.000000 0
486844 0.000000 0
486851 0.050020 0
486858 0.000000 0
486866 0.000000 0
486873 0.055920 0
486882 0.000000 0
486890 0.000000 0
486897 0.062360 0
486903 0.000000 0
486910 0.000000 0
486918 0.056200 0
486927 0.000000 0
486934 0.000000 0
486942 0.036420 0
486948 0.000000 0
486956 0.000000 0
486963 0.046540 0
486972 0.000000 0
486980 0.000000 0
486987 0.053410 0
486994 0.000000 0
487002 0.000000 0
487009 0.052260 0
487016 0.000000 0
487024 0.000000 0
487031 0.057660 0
487038 0.000000 0
487046 0.000000 0
487053 0.040210 0
487061 0.000000 0
487068 0.000000 0
487076 0.039640 0
487083 0.000000 0
487090 0.000000 0
487098 0.030000 0
487106 0.000000 0
487114 0.000000 0
487121 0.052980 0
487128 0.000000 0
487136 0.000000 0
487143 0.047030 0
487151 0.000000 0
487158 0.000000 0
487166 0.037660 0
487173 0.000000 0
487180 0.000000 0
487188 0.056600 0
487196 0.000000 0
487204 0.000000 0
487211 0.045720 0
487218 0.000000 0
487226 0.000000 0
487233 0.027890 0
487241 0.000000 0
487248 0.000000 0
487256 0.031250 0
487263 0.000000 0
487270 0.000000 0
487278 0.034710 0
487286 0.000000 0
487294 0.000000 0
487301 0.040960 0
487308 0.000000 0
487316 0.000000 0
487323 0.058320 0
487331 0.000000 0
487338 0.000000 0
487346 0.054120 0
487353 0.000000 0
487360 0.000000 0
487368 0.072650 0
487376 0.000000 0
487384 0.000000 0
487391 0.057130 0
487398 0.000000 0
487406 0.000000 0
487413 0.038860 0
487421 0.000000 0
487428 0.000000 0
487436 0.037260 0
487443 0.000000 0
487450 0.000000 0
487458 0.037660 0
487466 0.000000 0
487474 0.000000 0
487481 0.034040 0
487488 0.000000 0
487496 0.000000 0
487503 0.035370 0
487511 0.000000 0
487518 0.000000 0
487526 0.036010 0
487533 0.000000 0
487540 0.000000 0
487548 0.054690 0
487556 0.000000 0
487564 0.000000 0
487571 0.053560 0
487580 0.000000 0
487588 0.000000 0
487595 0.050170 1
487601 0.000000 0
487608 0.000000 0
487616 0.054260 1
487624 0.000000 0
487632 0.000000 0
487639 0.071700 1
487646 0.000000 0
487654 0.000000 0
487661 0.061880 1
487670 0.000000 0
487678 0.000000 0
487685 0.066970 1
487691 0.000000 0
487698 0.000000 0
487706 0.050920 1
487714 0.000000 0
487722 0.000000 0
487729 0.028960 1
487736 0.000000 0
487744 0.000000 0
487751 0.044530 1
487760 0.000000 0
487768 0.000000 0
487775 0.063940 1
487781 0.000000 0
487788 0.000000 0
487796 0.063710 1
487804 0.000000 0
487812 0.000000 0
487819 0.065250 1
487826 0.000000 0
487834 0.000000 0
487841 0.056460 1
487850 0.000000 0
487858 0.000000 0
487865 0.049410 1
487871 0.000000 0
487878 0.000000 0
487886 0.045210 1
487895 0.000000 0
487902 0.000000 0
487910 0.034490 1
487916 0.000000 0
487924 0.000000 0
487931 0.058460 1
487940 0.000000 0
487948 0.000000 0
487955 0.067200 1
487961 0.000000 0
487968 0.000000 0
487976 0.068100 1
487984 0.000000 0
487992 0.000000 0
487999 0.055240 1
488006 0.000000 0
488014 0.000000 0
488021 0.046050 1
488029 0.000000 0
488036 0.000000 0
488044 0.071170 1
488051 0.000000 0
488058 0.000000 0
488066 0.059750 1
488074 0.000000 0
488082 0.000000 0
488089 0.066640 1
488096 0.000000 0
488104 0.000000 0
488111 0.046050 1
488119 0.000000 0
488126 0.000000 0
488134 0.037460 1
488141 0.000000 0
488148 0.000000 0
488156 0.046540 1
488164 0.000000 0
488172 0.000000 0
488179 0.060260 1
488186 0.000000 0
488194 0.000000 0
488201 0.055920 1
488209 0.000000 0
488216 0.000000 0
488224 0.056870 1
488231 0.000000 0
488238 0.000000 0
488246 0.051220 1
488254 0.000000 0
488262 0.000000 0
488269 0.054960 1
488276 0.000000 0
488284 0.000000 0
488291 0.057940 1
488299 0.000000 0
488306 0.000000 0
488314 0.051220 1
488321 0.000000 0
488328 0.000000 0
488336 0.042250 1
488344 0.000000 0
488352 0.000000 0
488359 0.056340 1
488366 0.000000 0
488374 0.000000 0
488381 0.053560 1
488389 0.000000 0
488396 0.000000 0
488404 0.044710 1
488411 0.000000 0
488418 0.000000 0
488426 0.052980 1
488434 0.000000 0
488442 0.000000 0
488449 0.050780 1
488456 0.000000 0
488464 0.000000 0
488471 0.058590 1
488479 0.000000 0
488486 0.000000 0
488494 0.054260 1
488501 0.000000 0
488508 0.000000 0
488516 0.053560 1
488524 0.000000 0
488532 0.000000 0
488539 0.053410 1
488546 0.000000 0
488554 0.000000 0
488561 0.046220 1
488569 0.000000 0
488576 0.000000 0
488584 0.062240 1
488591 0.000000 0
488598 0.000000 0
488606 0.058060 1
488614 0.000000 0
488622 0.000000 0
488629 0.048940 1
488636 0.000000 0
488644 0.000000 0
488651 0.044710 1
488659 0.000000 0
488666 0.000000 0
488674 0.051070 1
488681 0.000000 0
488688 0.000000 0
488696 0.049560 1
488704 0.000000 0
488712 0.000000 0
488719 0.043320 1
488726 0.000000 0
488734 0.000000 0
488741 0.044010 1
488749 0.000000 0
488756 0.000000 0
488764 0.046370 1
488771 0.000000 0
488778 0.000000 0
488786 0.046540 1
488794 0.000000 0
488802 0.000000 0
488809 0.038270 1
488816 0.000000 0
488824 0.000000 0
488831 0.033140 1
488839 0.000000 0
488846 0.000000 0
488854 0.034040 1
488861 0.000000 0
488868 0.000000 0
488876 0.045550 1
488884 0.000000 0
488892 0.000000 0
488899 0.053120 1
488906 0.000000 0
488914 0.000000 0
488921 0.066290 1
488930 0.000000 0
488938 0.000000 0
488945 0.070190 1
488951 0.000000 0
488958 0.000000 0
488966 0.087950 1
488974 0.000000 0
488982 0.000000 0
488989 0.084600 1
488996 0.000000 0
489004 0.000000 0
489011 0.073790 1
489019 0.000000 0
489026 0.000000 0
489034 0.068440 1
489041 0.000000 0
489048 0.000000 0
489056 0.051220 1
489064 0.000000 0
489072 0.000000 0
489079 0.041700 1
489086 0.000000 0
489094 0.000000 0
489101 0.048630 1
489109 0.000000 0
489116 0.000000 0
489124 0.049090 1
489131 0.000000 0
489138 0.000000 0
489146 0.052840 1
489154 0.000000 0
489162 0.000000 0
489169 0.042970 1
489176 0.000000 0
489184 0.000000 0
489191 0.037050 1
489199 0.000000 0
489206 0.000000 0
489214 0.035370 1
489221 0.000000 0
489228 0.000000 0
489236 0.047200 1
489244 0.000000 0
489252 0.000000 0
489259 0.047670 1
489266 0.000000 0
489274 0.000000 0
489281 0.058060 1
489289 0.000000 0
489296 0.000000 0
489304 0.055790 1
489311 0.000000 0
489318 0.000000 0
489326 0.053970 1
489334 0.000000 0
489342 0.000000 0
489349 0.047350 1
489356 0.000000 0
489364 0.000000 0
489371 0.038470 1
489379 0.000000 0
489386 0.000000 0
489394 0.037870 1
489401 0.000000 0
489408 0.000000 0
489416 0.036640 1
489424 0.000000 0
489432 0.000000 0
489439 0.057400 1
489446 0.000000 0
489454 0.000000 0
489461 0.051670 1
489469 0.000000 0
489476 0.000000 0
489484 0.049560 1
489491 0.000000 0
489498 0.000000 0
489506 0.036640 1
489514 0.000000 0
489522 0.000000 0
489529 0.033830 1
489536 0.000000 0
489544 0.000000 0
489551 0.043320 1
489559 0.000000 0
489566 0.000000 0
489574 0.063220 1
489581 0.000000 0
489588 0.000000 0
489596 0.040590 1
489604 0.000000 0
489612 0.000000 0
489619 0.040960 1
489627 0.000000 0
489634 0.000000 0
489642 0.037460 1
489649 0.000000 0
489656 0.000000 0
489664 0.056340 1
489671 0.000000 0
489678 0.000000 0
489686 0.049870 1
489694 0.000000 0
489702 0.000000 0
489709 0.049560 1
489717 0.000000 0
489724 0.000000 0
489732 0.052400 1
489738 0.000000 0
489746 0.000000 0
489753 0.055920 1
489762 0.000000 0
489770 0.000000 0
489777 0.039440 1
489784 0.000000 0
489792 0.000000 0
489799 0.038470 1
489807 0.000000 0
489814 0.000000 0
489822 0.036010 1
489829 0.000000 0
489836 0.000000 0
489844 0.067770 1
489851 0.000000 0
489858 0.000000 0
489866 0.062850 1
489874 0.000000 0
489882 0.000000 0
489889 0.055920 1
489897 0.000000 0
489904 0.000000 0
489912 0.068540 1
489918 0.000000 0
489926 0.000000 0
489933 0.049870 1
489942 0.000000 0
489950 0.000000 0
489957 0.036420 1
489964 0.000000 0
489972 0.000000 0
489979 0.041520 1
489987 0.000000 0
489994 0.000000 0
490002 0.058720 1
490009 0.000000 0
490016 0.000000 0
490024 0.038670 1
490032 0.000000 0
490040 0.000000 0
490047 0.043840 1
490054 0.000000 0
490062 0.000000 0
490069 0.039640 1
490077 0.000000 0
490084 0.000000 0
490092 0.058200 1
490099 0.000000 0
490106 0.000000 0
490114 0.045720 1
490122 0.000000 0
490130 0.000000 0
490137 0.035370 1
490144 0.000000 0
490152 0.000000 0
490159 0.055510 1
490167 0.000000 0
490174 0.000000 0
490182 0.069980 1
490189 0.000000 0
490196 0.000000 0
490204 0.047840 1
490211 0.000000 0
490218 0.000000 0
490226 0.058060 1
490234 0.000000 0
490242 0.000000 0
490249 0.050780 1
490257 0.000000 0
490264 0.000000 0
490272 0.066870 1
490278 0.000000 0
490286 0.000000 0
490293 0.045040 1
490301 0.000000 0
490308 0.000000 0
490316 0.047840 1
490323 0.000000 0
490330 0.000000 0
490338 0.038470 1
490346 0.000000 0
490354 0.000000 0
490361 0.049260 1
490368 0.000000 0
490376 0.000000 0
490383 0.040210 1
490391 0.000000 0
490398 0.000000 0
490406 0.069660 1
490413 0.000000 0
490420 0.000000 0
490428 0.059750 1
490436 0.000000 0
490444 0.000000 0
490451 0.082120 1
490458 0.000000 0
490466 0.000000 0
490473 0.053970 1
490481 0.000000 0
490488 0.000000 0
490496 0.039060 1
490503 0.000000 0
490510 0.000000 0
490518 0.032910 1
490526 0.000000 0
490534 0.000000 0
490541 0.040020 1
490548 0.000000 0
490556 0.000000 0
490563 0.047030 1
490572 0.000000 0
490580 0.000000 0
490587 0.052110 1
490593 0.000000 0
490600 0.000000 0
490608 0.052840 1
490617 0.000000 0
490624 0.000000 0
490632 0.065250 1
490639 0.000000 0
490646 0.000000 0
490654 0.063460 1
490661 0.000000 0
490668 0.000000 0
490676 0.062000 1
490683 0.000000 0
490690 0.000000 0
490698 0.057010 1
490706 0.000000 0
490714 0.000000 0
490721 0.040590 1
490728 0.000000 0
490736 0.000000 0
490743 0.048160 1
490751 0.000000 0
490758 0.000000 0
490766 0.056730 1
490773 0.000000 0
490780 0.000000 0
490788 0.063220 1
490796 0.000000 0
490804 0.000000 0
490811 0.068880 1
490818 0.000000 0
490826 0.000000 0
490833 0.040770 1
490841 0.000000 0
490848 0.000000 0
490856 0.047520 1
490863 0.000000 0
490870 0.000000 0
490878 0.044710 1
490886 0.000000 0
490894 0.000000 0
490901 0.044190 1
490908 0.000000 0
490916 0.000000 0
490923 0.045210 1
490931 0.000000 0
490938 0.000000 0
490946 0.059240 1
490953 0.000000 0
490960 0.000000 0
490968 0.062240 1
490976 0.000000 0
490984 0.000000 0
490991 0.064060 1
490998 0.000000 0
491006 0.000000 0
491013 0.038070 1
491021 0.000000 0
491028 0.000000 0
491036 0.050780 1
491043 0.000000 0
491050 0.000000 0
491058 0.046370 1
491066 0.000000 0
491074 0.000000 0
491081 0.057540 1
491088 0.000000 0
491096 0.000000 0
491103 0.047520 1
491112 0.000000 0
491120 0.000000 0
491127 0.065130 1
491133 0.000000 0
491140 0.000000 0
491148 0.057270 1
491156 0.000000 0
491164 0.000000 0
491171 0.051820 1
491178 0.000000 0
491186 0.000000 0
491193 0.039250 1
491201 0.000000 0
491208 0.000000 0
491216 0.033830 1
491223 0.000000 0
491230 0.000000 0
491238 0.024380 1
491246 0.000000 0
491254 0.000000 0
491261 0.036640 1
491268 0.000000 0
491276 0.000000 0
491283 0.038670 1
491291 0.000000 0
491298 0.000000 0
491306 0.075230 1
491315 0.000000 0
491322 0.000000 0
491330 0.065930 1
491336 0.000000 0
491344 0.000000 0
491351 0.049560 1
491360 0.000000 0
491368 0.000000 0
491375 0.012950 1
491381 0.000000 0
491388 0.000000 0
491396 0.031720 1
491405 0.000000 0
491412 0.000000 0
491420 0.064880 1
491426 0.000000 0
491434 0.000000 0
491441 0.070530 1
491450 0.000000 0
491458 0.000000 0
491465 0.064420 1
491471 0.000000 0
491478 0.000000 0
491486 0.109380 1
491495 0.000000 0
491502 0.000000 0
491510 0.091860 1
491516 0.000000 0
491524 0.000000 0
491531 0.082400 1
491540 0.000000 0
491548 0.000000 0
491555 0.071270 1
491561 0.000000 0
491568 0.000000 0
491576 0.068100 1
491585 0.000000 0
491592 0.000000 0
491600 0.041150 1
491606 0.000000 0
491614 0.000000 0
491621 0.053700 1
491630 0.000000 0
491638 0.000000 0
491645 0.053270 1
491651 0.000000 0
491658 0.000000 0
491666 0.063220 1
491675 0.000000 0
491682 0.000000 0
491690 0.066410 1
491696 0.000000 0
491704 0.000000 0
491711 0.063830 1
491720 0.000000 0
491728 0.000000 0
491735 0.068990 1
491741 0.000000 0
491748 0.000000 0
491756 0.062000 1
491764 0.000000 0
491772 0.000000 0
491779 0.044880 1
491786 0.000000 0
491794 0.000000 0
491801 0.042250 1
491809 0.000000 0
491816 0.000000 0
491824 0.045880 1
491831 0.000000 0
491838 0.000000 0
491846 0.071380 1
491854 0.000000 0
491862 0.000000 0
491869 0.076230 1
491876 0.000000 0
491884 0.000000 0
491891 0.069430 1
491899 0.000000 0
491906 0.000000 0
491914 0.053410 1
491921 0.000000 0
491928 0.000000 0
491936 0.052840 1
491944 0.000000 0
491952 0.000000 0
491959 0.046710 1
491966 0.000000 0
491974 0.000000 0
491981 0.031720 1
491989 0.000000 0
491996 0.000000 0
492004 0.034490 1
492011 0.000000 0
492018 0.000000 0
492026 0.061140 1
492034 0.000000 0
492042 0.000000 0
492049 0.067870 1
492056 0.000000 0
492064 0.000000 0
492071 0.064180 1
492079 0.000000 0
492086 0.000000 0
492094 0.055510 1
492101 0.000000 0
492108 0.000000 0
492116 0.062730 1
492124 0.000000 0
492132 0.000000 0
492139 0.039440 1
492146 0.000000 0
492154 0.000000 0
492161 0.045210 1
492169 0.000000 0
492176 0.000000 0
492184 0.043320 1
492191 0.000000 0
492198 0.000000 0
492206 0.039250 1
492214 0.000000 0
492222 0.000000 0
492229 0.063100 1
492236 0.000000 0
492244 0.000000 0
492251 0.055920 1
492259 0.000000 0
492266 0.000000 0
492274 0.065710 1
492281 0.000000 0
492288 0.000000 0
492296 0.082860 1
492304 0.000000 0
492312 0.000000 0
492319 0.056730 1
492326 0.000000 0
492334 0.000000 0
492341 0.047990 1
492349 0.000000 0
492356 0.000000 0
492364 0.045380 1
492371 0.000000 0
492378 0.000000 0
492386 0.033140 1
492394 0.000000 0
492402 0.000000 0
492409 0.052260 1
492416 0.000000 0
492424 0.000000 0
492431 0.049260 1
492439 0.000000 0
492446 0.000000 0
492454 0.064180 1
492461 0.000000 0
492468 0.000000 0
492476 0.073180 1
492484 0.000000 0
492492 0.000000 0
492499 0.058060 1
492506 0.000000 0
492514 0.000000 0
492521 0.052980 1
492529 0.000000 0
492536 0.000000 0
492544 0.048160 1
492551 0.000000 0
492558 0.000000 0
492566 0.049410 1
492574 0.000000 0
492582 0.000000 0
492589 0.049710 1
492596 0.000000 0
492604 0.000000 0
492611 0.064770 1
492619 0.000000 0
492626 0.000000 0
492634 0.064180 1
492641 0.000000 0
492648 0.000000 0
492656 0.063220 1
492664 0.000000 0
492672 0.000000 0
492679 0.050170 1
492686 0.000000 0
492694 0.000000 0
492701 0.049260 1
492709 0.000000 0
492716 0.000000 0
492724 0.047200 1
492731 0.000000 0
492738 0.000000 0
492746 0.029480 1
492754 0.000000 0
492762 0.000000 0
492769 0.042420 1
492776 0.000000 0
492784 0.000000 0
492791 0.059100 1
492799 0.000000 0
492806 0.000000 0
492814 0.062360 1
492821 0.000000 0
492828 0.000000 0
492836 0.060880 1
492844 0.000000 0
492852 0.000000 0
492859 0.051670 1
492866 0.000000 0
492874 0.000000 0
492881 0.045380 1
492889 0.000000 0
492896 0.000000 0
492904 0.039440 1
492911 0.000000 0
492918 0.000000 0
492926 0.050320 1
492934 0.000000 0
492942 0.000000 0
492949 0.045040 1
492957 0.000000 0
492964 0.000000 0
492972 0.038470 1
492979 0.000000 0
492986 0.000000 0
492994 0.025310 1
493001 0.000000 0
493008 0.000000 0
493016 0.031250 1
493024 0.000000 0
493032 0.000000 0
493039 0.036640 1
493047 0.000000 0
493054 0.000000 0
493062 0.036850 1
493069 0.000000 0
493076 0.000000 0
493084 0.039250 1
493092 0.000000 0
493100 0.000000 0
493107 0.072650 1
493114 0.000000 0
493122 0.000000 0
493129 0.077730 1
493138 0.000000 0
493146 0.000000 0
493153 0.066060 1
493159 0.000000 0
493166 0.000000 0
493174 0.057540 1
493183 0.000000 0
493190 0.000000 0
493198 0.049090 1
493204 0.000000 0
493212 0.000000 0
493219 0.057270 1
493227 0.000000 0
493234 0.000000 0
493242 0.071700 1
493249 0.000000 0
493256 0.000000 0
493264 0.066290 1
493272 0.000000 0
493280 0.000000 0
493287 0.058850 1
493294 0.000000 0
493302 0.000000 0
493309 0.059880 1
493316 0.000000 0
493324 0.000000 0
493331 0.053970 1
493339 0.000000 0
493346 0.000000 0
493354 0.059360 1
493362 0.000000 0
493370 0.000000 0
493377 0.072540 1
493384 0.000000 0
493392 0.000000 0
493399 0.080230 1
493407 0.000000 0
493414 0.000000 0
493422 0.061880 1
493429 0.000000 0
493436 0.000000 0
493444 0.052400 1
493453 0.000000 0
493460 0.000000 0
493468 0.058460 1
493474 0.000000 0
493482 0.000000 0
493489 0.053700 1
493497 0.000000 0
493504 0.000000 0
493512 0.038070 1
493519 0.000000 0
493526 0.000000 0
493534 0.044010 1
493541 0.000000 0
493548 0.000000 0
493556 0.039060 1
493564 0.000000 0
493572 0.000000 0
493579 0.030750 1
493586 0.000000 0
493594 0.000000 0
493601 0.049870 1
493609 0.000000 0
493616 0.000000 0
493624 0.066970 1
493632 0.000000 0
493640 0.000000 0
493647 0.064650 1
493654 0.000000 0
493662 0.000000 0
493669 0.062850 1
493677 0.000000 0
493684 0.000000 0
493692 0.059880 1
493698 0.000000 0
493706 0.000000 0
493713 0.051670 1
493722 0.000000 0
493730 0.000000 0
493737 0.051960 1
493744 0.000000 0
493752 0.000000 0
493759 0.067990 1
493767 0.000000 0
493774 0.000000 0
493782 0.052550 1
493788 0.000000 0
493796 0.000000 0
493803 0.036220 1
493811 0.000000 0
493818 0.000000 0
493826 0.074620 1
493833 0.000000 0
493840 0.000000 0
493848 0.071270 1
493856 0.000000 0
493864 0.000000 0
493871 0.080340 1
493878 0.000000 0
493886 0.000000 0
493893 0.076040 1
493901 0.000000 0
493908 0.000000 0
493916 0.061750 1
493923 0.000000 0
493930 0.000000 0
493938 0.061510 1
493946 0.000000 0
493954 0.000000 0
493961 0.061260 1
493968 0.000000 0
493976 0.000000 0
493983 0.044190 1
493991 0.000000 0
493998 0.000000 0
494006 0.042070 1
494013 0.000000 0
494020 0.000000 0
494028 0.044360 1
494037 0.000000 0
494044 0.000000 0
494052 0.062730 1
494058 0.000000 0
494066 0.000000 0
494073 0.065930 1
494082 0.000000 0
494090 0.000000 0
494097 0.053700 1
494104 0.000000 0
494112 0.000000 0
494119 0.060260 1
494127 0.000000 0
494134 0.000000 0
494142 0.051820 1
494148 0.000000 0
494156 0.000000 0
494163 0.052690 1
494171 0.000000 0
494178 0.000000 0
494186 0.061260 1
494193 0.000000 0
494200 0.000000 0
494208 0.062500 1
494216 0.000000 0
494224 0.000000 0
494231 0.049090 1
494238 0.000000 0
494246 0.000000 0
494253 0.061880 1
494261 0.000000 0
494268 0.000000 0
494276 0.042420 1
494283 0.000000 0
494290 0.000000 0
494298 0.053120 1
494306 0.000000 0
494314 0.000000 0
494321 0.052980 1
494328 0.000000 0
494336 0.000000 0
494343 0.050630 1
494351 0.000000 0
494358 0.000000 0
494366 0.056060 1
494373 0.000000 0
494380 0.000000 0
494388 0.050170 1
494396 0.000000 0
494404 0.000000 0
494411 0.050780 1
494418 0.000000 0
494426 0.000000 0
494433 0.047840 1
494441 0.000000 0
494448 0.000000 0
494456 0.039060 1
494463 0.000000 0
494470 0.000000 0
494478 0.035580 1
494486 0.000000 0
494494 0.000000 0
494501 0.055100 1
494508 0.000000 0
494516 0.000000 0
494523 0.063940 1
494531 0.000000 0
494538 0.000000 0
494546 0.056730 1
494553 0.000000 0
494560 0.000000 0
494568 0.054690 1
494576 0.000000 0
494584 0.000000 0
494591 0.052260 1
494598 0.000000 0
494606 0.000000 0
494613 0.066410 1
494621 0.000000 0
494628 0.000000 0
494636 0.058460 1
494643 0.000000 0
494650 0.000000 0
494658 0.041890 1
494666 0.000000 0
494674 0.000000 0
494681 0.060000 1
494689 0.000000 0
494696 0.000000 0
494704 0.064300 1
494711 0.000000 0
494718 0.000000 0
494726 0.052980 1
494735 0.000000 0
494742 0.000000 0
494750 0.054830 1
494756 0.000000 0
494764 0.000000 0
494771 0.084760 1
494780 0.000000 0
494788 0.000000 0
494795 0.089660 1
494801 0.000000 0
494808 0.000000 0
494816 0.067200 1
494825 0.000000 0
494832 0.000000 0
494840 0.053270 1
494846 0.000000 0
494854 0.000000 0
494861 0.054260 1
494870 0.000000 0
494878 0.000000 0
494885 0.046370 1
494891 0.000000 0
494898 0.000000 0
494906 0.043140 1
494915 0.000000 0
494922 0.000000 0
494930 0.047350 1
494936 0.000000 0
494944 0.000000 0
494951 0.030750 1
494960 0.000000 0
494968 0.000000 0
494975 0.030750 1
494981 0.000000 0
494988 0.000000 0
494996 0.050170 1
495004 0.000000 0
495012 0.000000 0
495019 0.044190 1
495026 0.000000 0
495034 0.000000 0
495041 0.041520 1
495050 0.000000 0
495058 0.000000 0
495065 0.055370 1
495071 0.000000 0
495078 0.000000 0
495086 0.056460 1
495094 0.000000 0
495102 0.000000 0
495109 0.073590 1
495116 0.000000 0
495124 0.000000 0
495131 0.065480 1
495139 0.000000 0
495146 0.000000 0
495154 0.030000 1
495161 0.000000 0
495168 0.000000 0
495176 0.036640 1
495184 0.000000 0
495192 0.000000 0
495199 0.075330 1
495206 0.000000 0
495214 0.000000 0
495221 0.066970 1
495229 0.000000 0
495236 0.000000 0
495244 0.063460 1
495251 0.000000 0
495258 0.000000 0
495266 0.058980 1
495274 0.000000 0
495282 0.000000 0
495289 0.047520 1
495296 0.000000 0
495304 0.000000 0
495311 0.039250 1
495319 0.000000 0
495326 0.000000 0
495334 0.048940 1
495341 0.000000 0
495348 0.000000 0
495356 0.046050 1
495364 0.000000 0
495372 0.000000 0
495379 0.043840 1
495386 0.000000 0
495394 0.000000 0
495401 0.043140 1
495409 0.000000 0
495416 0.000000 0
495424 0.052110 1
495431 0.000000 0
495438 0.000000 0
495446 0.067200 1
495454 0.000000 0
495462 0.000000 0
495469 0.074420 1
495476 0.000000 0
495484 0.000000 0
495491 0.059620 1
495499 0.000000 0
495506 0.000000 0
495514 0.044880 1
495521 0.000000 0
495528 0.000000 0
495536 0.047350 1
495544 0.000000 0
495552 0.000000 0
495559 0.037460 1
495566 0.000000 0
495574 0.000000 0
495581 0.032210 1
495589 0.000000 0
495596 0.000000 0
495604 0.039640 1
495611 0.000000 0
495618 0.000000 0
495626 0.063830 1
495634 0.000000 0
495642 0.000000 0
495649 0.055240 1
495656 0.000000 0
495664 0.000000 0
495671 0.044010 1
495679 0.000000 0
495686 0.000000 0
495694 0.047350 1
495701 0.000000 0
495708 0.000000 0
495716 0.056200 1
495724 0.000000 0
495732 0.000000 0
495739 0.062500 1
495746 0.000000 0
495754 0.000000 0
495761 0.049260 1
495769 0.000000 0
495776 0.000000 0
495784 0.030750 1
495791 0.000000 0
495798 0.000000 0
495806 0.039830 1
495814 0.000000 0
495822 0.000000 0
495829 0.042970 1
495836 0.000000 0
495844 0.000000 0
495851 0.040020 1
495859 0.000000 0
495866 0.000000 0
495874 0.043490 1
495881 0.000000 0
495888 0.000000 0
495896 0.055370 1
495904 0.000000 0
495912 0.000000 0
495919 0.056600 1
495926 0.000000 0
495934 0.000000 0
495941 0.055790 1
495949 0.000000 0
495956 0.000000 0
495964 0.050780 1
495971 0.000000 0
495978 0.000000 0
495986 0.048780 1
495994 0.000000 0
496002 0.000000 0
496009 0.045210 1
496016 0.000000 0
496024 0.000000 0
496031 0.051960 1
496039 0.000000 0
496046 0.000000 0
496054 0.043670 1
496061 0.000000 0
496068 0.000000 0
496076 0.030000 1
496084 0.000000 0
496092 0.000000 0
496099 0.063460 1
496106 0.000000 0
496114 0.000000 0
496121 0.058980 1
496129 0.000000 0
496136 0.000000 0
496144 0.045210 1
496151 0.000000 0
496158 0.000000 0
496166 0.039060 1
496174 0.000000 0
496182 0.000000 0
496189 0.049410 1
496196 0.000000 0
496204 0.000000 0
496211 0.065130 1
496219 0.000000 0
496226 0.000000 0
496234 0.061630 1
496241 0.000000 0
496248 0.000000 0
496256 0.044530 1
496264 0.000000 0
496272 0.000000 0
496279 0.047670 1
496286 0.000000 0
496294 0.000000 0
496301 0.051960 1
496309 0.000000 0
496316 0.000000 0
496324 0.053830 1
496331 0.000000 0
496338 0.000000 0
496346 0.040770 1
496354 0.000000 0
496362 0.000000 0
496369 0.052110 1
496376 0.000000 0
496384 0.000000 0
496391 0.072650 1
496399 0.000000 0
496406 0.000000 0
496414 0.062120 1
496421 0.000000 0
496428 0.000000 0
496436 0.064420 1
496444 0.000000 0
496452 0.000000 0
496459 0.046540 1
496467 0.000000 0
496474 0.000000 0
496482 0.053700 1
496489 0.000000 0
496496 0.000000 0
496504 0.054260 1
496512 0.000000 0
496520 0.000000 0
496527 0.047030 1
496533 0.000000 0
496540 0.000000 0
496548 0.031480 1
496557 0.000000 0
496564 0.000000 0
496572 0.044010 1
496579 0.000000 0
496586 0.000000 0
496594 0.047520 1
496602 0.000000 0
496610 0.000000 0
496617 0.046050 1
496624 0.000000 0
496632 0.000000 0
496639 0.046370 1
496646 0.000000 0
496654 0.000000 0
496661 0.061750 1
496669 0.000000 0
496676 0.000000 0
496684 0.058200 1
496692 0.000000 0
496700 0.000000 0
496707 0.041700 1
496714 0.000000 0
496722 0.000000 0
496729 0.037260 1
496736 0.000000 0
496744 0.000000 0
496751 0.041700 1
496759 0.000000 0
496766 0.000000 0
496774 0.053270 1
496782 0.000000 0
496790 0.000000 0
496797 0.042070 1
496804 0.000000 0
496812 0.000000 0
496819 0.042790 1
496827 0.000000 0
496834 0.000000 0
496842 0.059880 1
496849 0.000000 0
496856 0.000000 0
496864 0.055240 1
496872 0.000000 0
496880 0.000000 0
496887 0.042250 1
496894 0.000000 0
496902 0.000000 0
496909 0.050630 1
496917 0.000000 0
496924 0.000000 0
496932 0.046370 1
496939 0.000000 0
496946 0.000000 0
496954 0.045040 1
496962 0.000000 0
496970 0.000000 0
496977 0.061630 1
496984 0.000000 0
496992 0.000000 0
496999 0.051960 1
497007 0.000000 0
497014 0.000000 0
497022 0.043490 1
497028 0.000000 0
497036 0.000000 0
497043 0.052110 1
497051 0.000000 0
497058 0.000000 0
497066 0.040410 1
497073 0.000000 0
497080 0.000000 0
497088 0.047350 1
497096 0.000000 0
497104 0.000000 0
497111 0.043670 1
497119 0.000000 0
497126 0.000000 0
497134 0.042250 1
497141 0.000000 0
497148 0.000000 0
497156 0.045720 1
497163 0.000000 0
497170 0.000000 0
497178 0.044880 1
497187 0.000000 0
497194 0.000000 0
497202 0.052110 1
497209 0.000000 0
497216 0.000000 0
497224 0.064420 1
497232 0.000000 0
497240 0.000000 0
497247 0.056600 1
497254 0.000000 0
497262 0.000000 0
497269 0.040410 1
497277 0.000000 0
497284 0.000000 0
497292 0.042600 1
497298 0.000000 0
497306 0.000000 0
497313 0.039640 1
497321 0.000000 0
497328 0.000000 0
497336 0.045550 1
497343 0.000000 0
497350 0.000000 0
497358 0.049260 1
497367 0.000000 0
497374 0.000000 0
497382 0.056870 1
497388 0.000000 0
497396 0.000000 0
497403 0.074720 1
497411 0.000000 0
497418 0.000000 0
497426 0.051960 1
497433 0.000000 0
497440 0.000000 0
497448 0.037260 1
497457 0.000000 0
497464 0.000000 0
497472 0.044530 1
497478 0.000000 0
497486 0.000000 0
497493 0.046880 1
497501 0.000000 0
497508 0.000000 0
497516 0.050480 1
497523 0.000000 0
497530 0.000000 0
497538 0.055510 1
497547 0.000000 0
497554 0.000000 0
497562 0.039640 1
497568 0.000000 0
497576 0.000000 0
497583 0.058850 1
497591 0.000000 0
497598 0.000000 0
497606 0.057130 1
497613 0.000000 0
497620 0.000000 0
497628 0.052690 1
497637 0.000000 0
497644 0.000000 0
497652 0.042970 1
497659 0.000000 0
497666 0.000000 0
497674 0.044530 1
497681 0.000000 0
497688 0.000000 0
497696 0.053270 1
497703 0.000000 0
497710 0.000000 0
497718 0.064770 1
497726 0.000000 0
497734 0.000000 0
497741 0.060880 1
497748 0.000000 0
497756 0.000000 0
497763 0.071060 1
497771 0.000000 0
497778 0.000000 0
497786 0.046880 1
497793 0.000000 0
497800 0.000000 0
497808 0.048940 1
497816 0.000000 0
497824 0.000000 0
497831 0.042070 1
497838 0.000000 0
497846 0.000000 0
497853 0.049090 1
497861 0.000000 0
497868 0.000000 0
497876 0.042790 1
497883 0.000000 0
497890 0.000000 0
497898 0.057010 1
497906 0.000000 0
497914 0.000000 0
497921 0.052550 1
497928 0.000000 0
497936 0.000000 0
497943 0.063100 1
497951 0.000000 0
497958 0.000000 0
497966 0.042970 1
497973 0.000000 0
497980 0.000000 0
497988 0.040020 1
497996 0.000000 0
498004 0.000000 0
498011 0.038860 1
498018 0.000000 0
498026 0.000000 0
498033 0.063100 1
498041 0.000000 0
498048 0.000000 0
498056 0.055370 1
498063 0.000000 0
498070 0.000000 0
498078 0.058850 1
498087 0.000000 0
498094 0.000000 0
498102 0.049560 1
498108 0.000000 0
498116 0.000000 0
498123 0.061390 1
498131 0.000000 0
498138 0.000000 0
498146 0.047840 1
498153 0.000000 0
498160 0.000000 0
498168 0.050480 1
498176 0.000000 0
498184 0.000000 0
498191 0.043490 1
498198 0.000000 0
498206 0.000000 0
498213 0.054260 1
498221 0.000000 0
498228 0.000000 0
498236 0.041700 1
498245 0.000000 0
498252 0.000000 0
498260 0.048460 1
498266 0.000000 0
498274 0.000000 0
498281 0.047200 1
498288 0.000000 0
498296 0.000000 0
498303 0.056060 1
498312 0.000000 0
498320 0.000000 0
498327 0.051070 1
498334 0.000000 0
498342 0.000000 0
498349 0.057010 1
498356 0.000000 0
498364 0.000000 0
498371 0.059490 1
498379 0.000000 0
498386 0.000000 0
498394 0.041150 1
498401 0.000000 0
498408 0.000000 0
498416 0.049260 1
498425 0.000000 0
498432 0.000000 0
498440 0.073490 1
498446 0.000000 0
498454 0.000000 0
498461 0.048310 1
498470 0.000000 0
498478 0.000000 0
498485 0.052840 1
498491 0.000000 0
498498 0.000000 0
498506 0.044710 1
498514 0.000000 0
498522 0.000000 0
498529 0.057800 1
498536 0.000000 0
498544 0.000000 0
498551 0.063580 1
498560 0.000000 0
498568 0.000000 0
498575 0.043670 1
498581 0.000000 0
498588 0.000000 0
498596 0.061260 1
498605 0.000000 0
498612 0.000000 0
498620 0.062610 1
498626 0.000000 0
498634 0.000000 0
498641 0.051960 1
498650 0.000000 0
498658 0.000000 0
498665 0.054400 1
498671 0.000000 0
498678 0.000000 0
498686 0.048940 1
498695 0.000000 0
498702 0.000000 0
498710 0.047990 1
498717 0.000000 0
498724 0.000000 0
498732 0.045380 1
498739 0.000000 0
498746 0.000000 0
498754 0.042070 1
498761 0.000000 0
498768 0.000000 0
498776 0.061630 1
498784 0.000000 0
498792 0.000000 0
498799 0.069540 1
498806 0.000000 0
498814 0.000000 0
498821 0.051510 1
498829 0.000000 0
498836 0.000000 0
498844 0.050480 1
498851 0.000000 0
498858 0.000000 0
498866 0.040770 1
498874 0.000000 0
498882 0.000000 0
498889 0.044360 1
498896 0.000000 0
498904 0.000000 0
498911 0.045880 1
498919 0.000000 0
498926 0.000000 0
498934 0.060760 1
498941 0.000000 0
498948 0.000000 0
498956 0.053270 1
498964 0.000000 0
498972 0.000000 0
498979 0.040210 1
498986 0.000000 0
498994 0.000000 0
499001 0.047200 1
499009 0.000000 0
499016 0.000000 0
499024 0.049710 1
499031 0.000000 0
499038 0.000000 0
499046 0.058850 1
499054 0.000000 0
499062 0.000000 0
499069 0.055240 1
499076 0.000000 0
499084 0.000000 0
499091 0.033370 1
499099 0.000000 0
499106 0.000000 0
499114 0.045040 1
499121 0.000000 0
499128 0.000000 0
499136 0.033600 1
499144 0.000000 0
499152 0.000000 0
499159 0.019530 1
499166 0.000000 0
499174 0.000000 0
499181 0.036010 1
499189 0.000000 0
499196 0.000000 0
499204 0.035580 1
499211 0.000000 0
499218 0.000000 0
499226 0.049410 1
499234 0.000000 0
499242 0.000000 0
499249 0.042420 1
499256 0.000000 0
499264 0.000000 0
499271 0.038670 1
499279 0.000000 0
499286 0.000000 0
499294 0.062120 1
499301 0.000000 0
499308 0.000000 0
499316 0.044010 1
499324 0.000000 0
499332 0.000000 0
499339 0.032440 1
499346 0.000000 0
499354 0.000000 0
499361 0.036850 1
499369 0.000000 0
499376 0.000000 0
499384 0.050920 1
499391 0.000000 0
499398 0.000000 0
499406 0.063940 1
499414 0.000000 0
499422 0.000000 0
499429 0.052260 1
499436 0.000000 0
499444 0.000000 0
499451 0.054690 1
499459 0.000000 0
499466 0.000000 0
499474 0.069660 1
499481 0.000000 0
499488 0.000000 0
499496 0.066970 1
499504 0.000000 0
499512 0.000000 0
499519 0.055790 1
499526 0.000000 0
499534 0.000000 0
499541 0.054260 1
499549 0.000000 0
499556 0.000000 0
499564 0.053270 1
499571 0.000000 0
499578 0.000000 0
499586 0.067770 1
499594 0.000000 0
499602 0.000000 0
499609 0.068770 1
499616 0.000000 0
499624 0.000000 0
499631 0.080610 1
499639 0.000000 0
499646 0.000000 0
499654 0.049710 1
499661 0.000000 0
499668 0.000000 0
499676 0.040960 1
499684 0.000000 0
499692 0.000000 0
499699 0.056460 1
499706 0.000000 0
499714 0.000000 0
499721 0.046220 1
499729 0.000000 0
499736 0.000000 0
499744 0.046710 1
499751 0.000000 0
499758 0.000000 0
499766 0.050320 1
499774 0.000000 0
499782 0.000000 0
499789 0.058200 1
499796 0.000000 0
499804 0.000000 0
499811 0.065350 1
499819 0.000000 0
499826 0.000000 0
499834 0.073490 1
499841 0.000000 0
499848 0.000000 0
499856 0.069760 1
499864 0.000000 0
499872 0.000000 0
499879 0.093580 1
499886 0.000000 0
499894 0.000000 0
499901 0.097960 1
499909 0.000000 0
499916 0.000000 0
499924 0.069320 1
499931 0.000000 0
499938 0.000000 0
499946 0.039640 1
499954 0.000000 0
499962 0.000000 0
499969 0.040960 1
499976 0.000000 0
499984 0.000000 0
499991 0.043840 1
499999 0.000000 0
500006 0.000000 0
500014 0.052690 1
500021 0.000000 0
500028 0.000000 0
500036 0.051670 1
500044 0.000000 0
500052 0.000000 0
500059 0.034710 1
500066 0.000000 0
500074 0.000000 0
500081 0.050780 1
500089 0.000000 0
500096 0.000000 0
500104 0.030750 1
500111 0.000000 0
500118 0.000000 0
500126 0.045880 1
500134 0.000000 0
500142 0.000000 0
500149 0.066410 1
500156 0.000000 0
500164 0.000000 0
500171 0.079000 1
500180 0.000000 0
500188 0.000000 0
500195 0.057800 1
500201 0.000000 0
500208 0.000000 0
500216 0.060760 1
500224 0.000000 0
500232 0.000000 0
500239 0.045880 1
500246 0.000000 0
500254 0.000000 0
500261 0.054120 1
500269 0.000000 0
500276 0.000000 0
500284 0.049410 1
500291 0.000000 0
500298 0.000000 0
500306 0.053970 1
500314 0.000000 0
500322 0.000000 0
500329 0.063460 1
500336 0.000000 0
500344 0.000000 0
500351 0.069540 1
500359 0.000000 0
500366 0.000000 0
500374 0.094710 1
500382 0.000000 0
500390 0.000000 0
500397 0.124860 1
500404 0.000000 0
500412 0.000000 0
500419 0.064770 1
500427 0.000000 0
500434 0.000000 0
500442 0.019910 1
500449 0.000000 0
500456 0.000000 0
500464 0.011050 1
500472 0.000000 0
500480 0.000000 0
500487 0.017010 1
500494 0.000000 0
500502 0.000000 0
500509 0.012340 1
500518 0.000000 0
500526 0.000000 0
500533 0.041520 1
500539 0.000000 0
500546 0.000000 0
500554 0.047030 1
500563 0.000000 0
500570 0.000000 0
500578 0.040770 1
500584 0.000000 0
500592 0.000000 0
500599 0.050170 1
500608 0.000000 0
500616 0.000000 0
500623 0.043140 1
500629 0.000000 0
500636 0.000000 0
500644 0.041890 1
500652 0.000000 0
500660 0.000000 0
500667 0.047200 1
500674 0.000000 0
500682 0.000000 0
500689 0.078890 1
500698 0.000000 0
500706 0.000000 0
500713 0.069320 1
500719 0.000000 0
500726 0.000000 0
500734 0.061260 1
500743 0.000000 0
500750 0.000000 0
500758 0.059490 1
500764 0.000000 0
500772 0.000000 0
500779 0.066060 1
500787 0.000000 0
500794 0.000000 0
500802 0.095520 1
500809 0.000000 0
500816 0.000000 0
500824 0.128070 1
500832 0.000000 0
500840 0.000000 0
500847 0.164390 1
500854 0.000000 0
500862 0.000000 0
500869 0.116400 1
500876 0.000000 0
500884 0.000000 0
500891 0.071700 1
500898 0.000000 0
500906 0.000000 0
500913 0.026490 1
500921 0.000000 0
500928 0.000000 0
500936 0.019130 1
500944 0.000000 0
500952 0.000000 0
500959 0.021030 1
500966 0.000000 0
500974 0.000000 0
500981 0.026780 1
500989 0.000000 0
500996 0.000000 0
501004 0.028170 1
501011 0.000000 0
501018 0.000000 0
501026 0.062970 1
501034 0.000000 0
501042 0.000000 0
501049 0.040960 1
501057 0.000000 0
501064 0.000000 0
501072 0.039440 1
501079 0.000000 0
501086 0.000000 0
501094 0.043490 1
501102 0.000000 0
501110 0.000000 0
501117 0.041890 1
501124 0.000000 0
501132 0.000000 0
501139 0.045380 1
501147 0.000000 0
501154 0.000000 0
501162 0.050920 1
501169 0.000000 0
501176 0.000000 0
501184 0.055650 1
501191 0.000000 0
501198 0.000000 0
501206 0.048460 1
501214 0.000000 0
501222 0.000000 0
501229 0.044530 1
501237 0.000000 0
501244 0.000000 0
501252 0.054960 1
501259 0.000000 0
501266 0.000000 0
501274 0.114270 1
501282 0.000000 0
501290 0.000000 0
501297 0.220830 1
501304 0.000000 0
501312 0.000000 0
501319 0.198980 0
501326 0.000000 0
501334 0.000000 0
501341 0.090850 0
501349 0.000000 0
501356 0.000000 0
501364 0.033830 0
501372 0.000000 0
501380 0.000000 0
501387 0.023100 0
501394 0.000000 0
501402 0.000000 0
501409 0.019130 0
501417 0.000000 0
501424 0.000000 0
501432 0.027620 0
501439 0.000000 0
501446 0.000000 0
501454 0.025310 0
501463 0.000000 0
501470 0.000000 0
501478 0.028170 0
501484 0.000000 0
501492 0.000000 0
501499 0.038470 0
501507 0.000000 0
501514 0.000000 0
501522 0.050630 0
501529 0.000000 0
501536 0.000000 0
501544 0.047990 0
501553 0.000000 0
501560 0.000000 0
501568 0.046540 0
501574 0.000000 0
501582 0.000000 0
501589 0.058980 0
501597 0.000000 0
501604 0.000000 0
501612 0.061140 0
501619 0.000000 0
501626 0.000000 0
501634 0.056340 0
501642 0.000000 0
501650 0.000000 0
501657 0.045550 0
501664 0.000000 0
501672 0.000000 0
501679 0.055100 0
501687 0.000000 0
501694 0.000000 0
501702 0.056340 0
501709 0.000000 0
501716 0.000000 0
501724 0.105470 0
501732 0.000000 0
501740 0.000000 0
501747 0.100500 0
501754 0.000000 0
501762 0.000000 0
501769 0.181700 0
501777 0.000000 0
501784 0.000000 0
501792 0.184300 0
501799 0.000000 0
501806 0.000000 0
501814 0.084670 0
501821 0.000000 0
501828 0.000000 0
501836 0.024080 0
501844 0.000000 0
501852 0.000000 0
501859 0.014080 0
501867 0.000000 0
501874 0.000000 0
501882 0.011720 0
501889 0.000000 0
501896 0.000000 0
501904 0.022770 0
501912 0.000000 0
501920 0.000000 0
501927 0.027340 0
501934 0.000000 0
501942 0.000000 0
501949 0.040770 0
501957 0.000000 0
501964 0.000000 0
501972 0.057400 0
501980 0.000000 0
501988 0.000000 0
501995 0.045880 0
502002 0.000000 0
502010 0.000000 0
502017 0.045720 0
502025 0.000000 0
502032 0.000000 0
502040 0.053700 0
502047 0.000000 0
502054 0.000000 0
502062 0.064770 0
502070 0.000000 0
502078 0.000000 0
502085 0.053270 0
502092 0.000000 0
502100 0.000000 0
502107 0.046050 0
502115 0.000000 0
502122 0.000000 0
502130 0.042970 0
502137 0.000000 0
502144 0.000000 0
502152 0.047670 0
502160 0.000000 0
502168 0.000000 0
502175 0.052110 0
502182 0.000000 0
502190 0.000000 0
502197 0.096860 0
502205 0.000000 0
502212 0.000000 0
502220 0.138540 0
502227 0.000000 0
502234 0.000000 0
502242 0.169240 0
502250 0.000000 0
502258 0.000000 0
502265 0.130950 0
502271 0.000000 0
502278 0.000000 0
502286 0.072130 0
502294 0.000000 0
502302 0.000000 0
502309 0.040410 0
502316 0.000000 0
502324 0.000000 0
502331 0.015120 0
502340 0.000000 0
502348 0.000000 0
502355 0.027890 0
502362 0.000000 0
502370 0.000000 0
502377 0.028960 0
502385 0.000000 0
502392 0.000000 0
502400 0.017900 0
502407 0.000000 0
502414 0.000000 0
502422 0.054120 0
502430 0.000000 0
502438 0.000000 0
502445 0.072130 0
502452 0.000000 0
502460 0.000000 0
502467 0.057540 0
502475 0.000000 0
502482 0.000000 0
502490 0.062120 0
502497 0.000000 0
502504 0.000000 0
502512 0.076340 0
502520 0.000000 0
502528 0.000000 0
502535 0.058200 0
502542 0.000000 0
502550 0.000000 0
502557 0.051220 0
502565 0.000000 0
502572 0.000000 0
502580 0.055240 0
502587 0.000000 0
502594 0.000000 0
502602 0.053270 0
502610 0.000000 0
502618 0.000000 0
502625 0.076040 0
502632 0.000000 0
502640 0.000000 0
502647 0.079090 0
502655 0.000000 0
502662 0.000000 0
502670 0.099350 0
502676 0.000000 0
502684 0.000000 0
502691 0.112930 0
502699 0.000000 0
502706 0.000000 0
502714 0.160340 0
502721 0.000000 0
502728 0.000000 0
502736 0.124500 0
502744 0.000000 0
502752 0.000000 0
502759 0.062360 0
502766 0.000000 0
502774 0.000000 0
502781 0.028430 0
502789 0.000000 0
502796 0.000000 0
502804 0.017460 0
502811 0.000000 0
502818 0.000000 0
502826 0.021030 0
502835 0.000000 0
502842 0.000000 0
502850 0.021740 0
502856 0.000000 0
502864 0.000000 0
502871 0.025910 0
502879 0.000000 0
502886 0.000000 0
502894 0.045550 0
502901 0.000000 0
502908 0.000000 0
502916 0.051820 0
502924 0.000000 0
502932 0.000000 0
502939 0.070850 0
502946 0.000000 0
502954 0.000000 0
502961 0.069980 0
502969 0.000000 0
502976 0.000000 0
502984 0.064180 0
502992 0.000000 0
503000 0.000000 0
503007 0.044710 0
503014 0.000000 0
503022 0.000000 0
503029 0.053700 0
503036 0.000000 0
503044 0.000000 0
503051 0.045210 0
503059 0.000000 0
503066 0.000000 0
503074 0.062970 0
503081 0.000000 0
503088 0.000000 0
503096 0.083130 0
503104 0.000000 0
503112 0.000000 0
503119 0.083680 0
503126 0.000000 0
503134 0.000000 0
503141 0.108320 0
503149 0.000000 0
503156 0.000000 0
503164 0.148180 0
503172 0.000000 0
503180 0.000000 0
503187 0.177420 0
503194 0.000000 0
503202 0.000000 0
503209 0.073700 0
503216 0.000000 0
503224 0.000000 0
503231 0.025600 0
503239 0.000000 0
503246 0.000000 0
503254 0.016570 0
503261 0.000000 0
503268 0.000000 0
503276 0.023100 0
503284 0.000000 0
503292 0.000000 0
503299 0.023440 0
503306 0.000000 0
503314 0.000000 0
503321 0.031970 0
503330 0.000000 0
503338 0.000000 0
503345 0.041150 0
503351 0.000000 0
503358 0.000000 0
503366 0.036220 0
503374 0.000000 0
503382 0.000000 0
503389 0.027340 0
503396 0.000000 0
503404 0.000000 0
503411 0.037870 0
503419 0.000000 0
503426 0.000000 0
503434 0.057660 0
503441 0.000000 0
503448 0.000000 0
503456 0.069760 0
503465 0.000000 0
503472 0.000000 0
503480 0.068330 0
503486 0.000000 0
503494 0.000000 0
503501 0.070080 0
503509 0.000000 0
503516 0.000000 0
503524 0.061750 0
503531 0.000000 0
503538 0.000000 0
503546 0.056730 0
503555 0.000000 0
503562 0.000000 0
503570 0.047200 0
503576 0.000000 0
503584 0.000000 0
503591 0.070950 0
503599 0.000000 0
503606 0.000000 0
503614 0.123340 0
503621 0.000000 0
503628 0.000000 0
503636 0.147710 0
503644 0.000000 0
503652 0.000000 0
503659 0.126820 0
503666 0.000000 0
503674 0.000000 0
503681 0.069110 0
503689 0.000000 0
503696 0.000000 0
503704 0.043140 0
503711 0.000000 0
503718 0.000000 0
503726 0.010330 0
503734 0.000000 0
503742 0.000000 0
503749 0.007810 0
503758 0.000000 0
503766 0.000000 0
503773 0.018310 0
503779 0.000000 0
503786 0.000000 0
503794 0.025310 0
503803 0.000000 0
503810 0.000000 0
503818 0.028430 0
503824 0.000000 0
503832 0.000000 0
503839 0.038070 0
503848 0.000000 0
503856 0.000000 0
503863 0.043670 0
503869 0.000000 0
503876 0.000000 0
503884 0.067770 0
503892 0.000000 0
503900 0.000000 0
503907 0.065830 0
503914 0.000000 0
503922 0.000000 0
503929 0.076840 0
503936 0.000000 0
503944 0.000000 0
503951 0.068210 0
503959 0.000000 0
503966 0.000000 0
503974 0.077730 0
503983 0.000000 0
503990 0.000000 0
503998 0.072240 0
504004 0.000000 0
504012 0.000000 0
504019 0.087250 0
504026 0.000000 0
504034 0.000000 0
504041 0.088550 0
504049 0.000000 0
504056 0.000000 0
504064 0.082030 0
504071 0.000000 0
504078 0.000000 0
504086 0.116140 0
504094 0.000000 0
504102 0.000000 0
504109 0.149310 0
504117 0.000000 0
504124 0.000000 0
504132 0.094880 0
504138 0.000000 0
504146 0.000000 0
504153 0.041520 0
504161 0.000000 0
504168 0.000000 0
504176 0.017010 0
504183 0.000000 0
504190 0.000000 0
504198 0.006760 0
504207 0.000000 0
504214 0.000000 0
504222 0.019530 0
504229 0.000000 0
504236 0.000000 0
504244 0.035370 0
504252 0.000000 0
504260 0.000000 0
504267 0.022100 0
504274 0.000000 0
504282 0.000000 0
504289 0.033140 0
504297 0.000000 0
504304 0.000000 0
504312 0.040410 0
504319 0.000000 0
504326 0.000000 0
504334 0.043840 0
504343 0.000000 0
504350 0.000000 0
504358 0.055510 0
504364 0.000000 0
504372 0.000000 0
504379 0.069210 0
504387 0.000000 0
504394 0.000000 0
504402 0.055920 0
504409 0.000000 0
504416 0.000000 0
504424 0.056200 0
504432 0.000000 0
504440 0.000000 0
504447 0.053830 0
504454 0.000000 0
504462 0.000000 0
504469 0.059100 0
504478 0.000000 0
504486 0.000000 0
504493 0.060140 0
504499 0.000000 0
504506 0.000000 0
504514 0.093660 0
504522 0.000000 0
504530 0.000000 0
504537 0.107180 0
504544 0.000000 0
504552 0.000000 0
504559 0.153690 0
504567 0.000000 0
504574 0.000000 0
504582 0.120270 0
504588 0.000000 0
504596 0.000000 0
504603 0.060260 0
504612 0.000000 0
504620 0.000000 0
504627 0.027050 0
504634 0.000000 0
504642 0.000000 0
504649 0.017010 0
504657 0.000000 0
504664 0.000000 0
504672 0.014600 0
504679 0.000000 0
504686 0.000000 0
504694 0.015120 0
504702 0.000000 0
504710 0.000000 0
504717 0.035370 0
504724 0.000000 0
504732 0.000000 0
504739 0.040770 0
504747 0.000000 0
504754 0.000000 0
504762 0.043670 0
504769 0.000000 0
504776 0.000000 0
504784 0.045040 0
504792 0.000000 0
504800 0.000000 0
504807 0.051670 0
504814 0.000000 0
504822 0.000000 0
504829 0.062120 0
504838 0.000000 0
504846 0.000000 0
504853 0.057270 0
504859 0.000000 0
504866 0.000000 0
504874 0.054120 0
504882 0.000000 0
504890 0.000000 0
504897 0.049090 0
504904 0.000000 0
504912 0.000000 0
504919 0.044880 0
504927 0.000000 0
504934 0.000000 0
504942 0.053830 0
504949 0.000000 0
504956 0.000000 0
504964 0.050170 0
504973 0.000000 0
504980 0.000000 0
504988 0.082760 0
504994 0.000000 0
505002 0.000000 0
505009 0.105750 0
505018 0.000000 0
505026 0.000000 0
505033 0.164660 0
505039 0.000000 0
505046 0.000000 0
505054 0.122900 0
505062 0.000000 0
505070 0.000000 0
505077 0.047200 0
505084 0.000000 0
505092 0.000000 0
505099 0.013520 0
505107 0.000000 0
505114 0.000000 0
505122 0.008730 0
505129 0.000000 0
505136 0.000000 0
505144 0.027050 0
505152 0.000000 0
505160 0.000000 0
505167 0.031480 0
505174 0.000000 0
505182 0.000000 0
505189 0.028700 0
505198 0.000000 0
505206 0.000000 0
505213 0.034490 0
505219 0.000000 0
505226 0.000000 0
505234 0.037460 0
505243 0.000000 0
505250 0.000000 0
505258 0.042070 0
505264 0.000000 0
505272 0.000000 0
505279 0.039640 0
505287 0.000000 0
505294 0.000000 0
505302 0.042790 0
505309 0.000000 0
505316 0.000000 0
505324 0.048780 0
505332 0.000000 0
505340 0.000000 0
505347 0.058980 0
505354 0.000000 0
505362 0.000000 0
505369 0.062610 0
505377 0.000000 0
505384 0.000000 0
505392 0.053970 0
505399 0.000000 0
505406 0.000000 0
505414 0.062120 0
505422 0.000000 0
505430 0.000000 0
505437 0.051220 0
505444 0.000000 0
505452 0.000000 0
505459 0.096390 0
505468 0.000000 0
505476 0.000000 0
505483 0.106750 0
505489 0.000000 0
505496 0.000000 0
505504 0.141050 0
505512 0.000000 0
505520 0.000000 0
505527 0.119570 0
505534 0.000000 0
505542 0.000000 0
505549 0.060760 0
505556 0.000000 0
505564 0.000000 0
505571 0.018310 0
505578 0.000000 0
505586 0.000000 0
505593 0.007810 0
505602 0.000000 0
505610 0.000000 0
505617 0.012340 0
505624 0.000000 0
505632 0.000000 0
505639 0.017900 0
505647 0.000000 0
505654 0.000000 0
505662 0.030240 0
505669 0.000000 0
505676 0.000000 0
505684 0.030500 0
505693 0.000000 0
505700 0.000000 0
505708 0.045040 0
505714 0.000000 0
505722 0.000000 0
505729 0.051220 0
505737 0.000000 0
505744 0.000000 0
505752 0.059360 0
505759 0.000000 0
505766 0.000000 0
505774 0.073700 0
505782 0.000000 0
505790 0.000000 0
505797 0.064770 0
505804 0.000000 0
505812 0.000000 0
505819 0.057940 0
505827 0.000000 0
505834 0.000000 0
505842 0.058060 0
505849 0.000000 0
505856 0.000000 0
505864 0.044190 0
505872 0.000000 0
505880 0.000000 0
505887 0.051960 0
505894 0.000000 0
505902 0.000000 0
505909 0.045720 0
505918 0.000000 0
505926 0.000000 0
505933 0.097110 0
505939 0.000000 0
505946 0.000000 0
505954 0.186920 0
505962 0.000000 0
505970 0.000000 0
505977 0.164390 0
505984 0.000000 0
505992 0.000000 0
505999 0.070740 0
506006 0.000000 0
506014 0.000000 0
506021 0.039830 0
506029 0.000000 0
506036 0.000000 0
506044 0.008730 0
506052 0.000000 0
506060 0.000000 0
506067 0.007810 0
506074 0.000000 0
506082 0.000000 0
506089 0.019910 0
506097 0.000000 0
506104 0.000000 0
506112 0.036640 0
506119 0.000000 0
506126 0.000000 0
506134 0.032440 0
506142 0.000000 0
506150 0.000000 0
506157 0.030990 0
506164 0.000000 0
506172 0.000000 0
506179 0.033600 0
506187 0.000000 0
506194 0.000000 0
506202 0.042600 0
506209 0.000000 0
506216 0.000000 0
506224 0.048940 0
506232 0.000000 0
506240 0.000000 0
506247 0.054120 0
506254 0.000000 0
506262 0.000000 0
506269 0.055370 0
506277 0.000000 0
506284 0.000000 0
506292 0.042600 0
506299 0.000000 0
506306 0.000000 0
506314 0.046050 0
506322 0.000000 0
506330 0.000000 0
506337 0.053120 0
506344 0.000000 0
506352 0.000000 0
506359 0.053970 0
506367 0.000000 0
506374 0.000000 0
506382 0.099730 0
506389 0.000000 0
506396 0.000000 0
506404 0.106970 0
506413 0.000000 0
506420 0.000000 0
506428 0.150930 0
506434 0.000000 0
506442 0.000000 0
506449 0.127350 0
506457 0.000000 0
506464 0.000000 0
506472 0.088810 0
506479 0.000000 0
506486 0.000000 0
506494 0.036220 0
506502 0.000000 0
506510 0.000000 0
506517 0.011050 0
506524 0.000000 0
506532 0.000000 0
506539 0.008730 0
506548 0.000000 0
506556 0.000000 0
506563 0.019130 0
506569 0.000000 0
506576 0.000000 0
506584 0.030500 0
506592 0.000000 0
506600 0.000000 0
506607 0.032210 0
506614 0.000000 0
506622 0.000000 0
506629 0.049090 0
506638 0.000000 0
506646 0.000000 0
506653 0.042250 0
506659 0.000000 0
506666 0.000000 0
506674 0.049410 0
506683 0.000000 0
506690 0.000000 0
506698 0.053560 0
506704 0.000000 0
506712 0.000000 0
506719 0.059240 0
506727 0.000000 0
506734 0.000000 0
506742 0.053830 0
506749 0.000000 0
506756 0.000000 0
506764 0.052260 0
506772 0.000000 0
506780 0.000000 0
506787 0.049870 0
506794 0.000000 0
506802 0.000000 0
506809 0.052400 0
506818 0.000000 0
506826 0.000000 0
506833 0.062500 0
506839 0.000000 0
506846 0.000000 0
506854 0.059240 0
506863 0.000000 0
506870 0.000000 0
506878 0.164480 0
506884 0.000000 0
506892 0.000000 0
506899 0.212410 0
506907 0.000000 0
506914 0.000000 0
506922 0.088730 0
506929 0.000000 0
506936 0.000000 0
506944 0.027890 0
506952 0.000000 0
506960 0.000000 0
506967 0.011050 0
506974 0.000000 0
506982 0.000000 0
506989 0.012340 0
506998 0.000000 0
507006 0.000000 0
507013 0.015630 0
507019 0.000000 0
507026 0.000000 0
507034 0.024700 0
507043 0.000000 0
507050 0.000000 0
507058 0.032670 0
507064 0.000000 0
507072 0.000000 0
507079 0.054540 0
507087 0.000000 0
507094 0.000000 0
507102 0.056730 0
507109 0.000000 0
507116 0.000000 0
507124 0.034270 0
507132 0.000000 0
507140 0.000000 0
507147 0.046220 0
507154 0.000000 0
507162 0.000000 0
507169 0.062500 0
507177 0.000000 0
507184 0.000000 0
507192 0.084320 0
507199 0.000000 0
507206 0.000000 0
507214 0.072130 0
507222 0.000000 0
507230 0.000000 0
507237 0.052400 0
507244 0.000000 0
507252 0.000000 0
507259 0.043320 0
507268 0.000000 0
507276 0.000000 0
507283 0.059880 0
507289 0.000000 0
507296 0.000000 0
507304 0.078420 0
507312 0.000000 0
507320 0.000000 0
507327 0.100040 0
507334 0.000000 0
507342 0.000000 0
507349 0.127230 0
507357 0.000000 0
507364 0.000000 0
507372 0.156300 0
507379 0.000000 0
507386 0.000000 0
507394 0.080340 0
507401 0.000000 0
507408 0.000000 0
507416 0.043320 0
507424 0.000000 0
507432 0.000000 0
507439 0.017010 0
507447 0.000000 0
507454 0.000000 0
507462 0.003910 0
507469 0.000000 0
507476 0.000000 0
507484 0.006760 0
507492 0.000000 0
507500 0.000000 0
507507 0.005520 0
507514 0.000000 0
507522 0.000000 0
507529 0.024700 0
507537 0.000000 0
507544 0.000000 0
507552 0.036850 0
507559 0.000000 0
507566 0.000000 0
507574 0.045040 0
507582 0.000000 0
507590 0.000000 0
507597 0.051960 0
507604 0.000000 0
507612 0.000000 0
507619 0.039640 0
507627 0.000000 0
507634 0.000000 0
507642 0.056460 0
507649 0.000000 0
507656 0.000000 0
507664 0.058720 0
507672 0.000000 0
507680 0.000000 0
507687 0.085940 0
507694 0.000000 0
507702 0.000000 0
507709 0.087690 0
507717 0.000000 0
507724 0.000000 0
507732 0.075230 0
507739 0.000000 0
507746 0.000000 0
507754 0.069540 0
507762 0.000000 0
507770 0.000000 0
507777 0.098190 0
507784 0.000000 0
507792 0.000000 0
507799 0.106030 0
507808 0.000000 0
507816 0.000000 0
507823 0.138700 0
507829 0.000000 0
507836 0.000000 0
507844 0.131300 0
507851 0.000000 0
507858 0.000000 0
507866 0.051510 0
507873 0.000000 0
507880 0.000000 0
507888 0.017900 0
507896 0.000000 0
507904 0.000000 0
507911 0.015120 0
507918 0.000000 0
507926 0.000000 0
507933 0.021390 0
507941 0.000000 0
507948 0.000000 0
507956 0.020660 0
507964 0.000000 0
507972 0.000000 0
507979 0.018310 0
507987 0.000000 0
507994 0.000000 0
508002 0.015120 0
508009 0.000000 0
508016 0.000000 0
508024 0.022430 0
508033 0.000000 0
508040 0.000000 0
508048 0.042070 0
508054 0.000000 0
508062 0.000000 0
508069 0.052260 0
508077 0.000000 0
508084 0.000000 0
508092 0.056060 0
508099 0.000000 0
508106 0.000000 0
508114 0.042970 0
508122 0.000000 0
508130 0.000000 0
508137 0.064880 0
508144 0.000000 0
508152 0.000000 0
508159 0.070420 0
508167 0.000000 0
508174 0.000000 0
508182 0.073700 0
508189 0.000000 0
508196 0.000000 0
508204 0.053120 0
508212 0.000000 0
508220 0.000000 0
508227 0.060500 0
508234 0.000000 0
508242 0.000000 0
508249 0.079850 0
508256 0.000000 0
508264 0.000000 0
508271 0.133500 0
508279 0.000000 0
508286 0.000000 0
508294 0.164290 0
508301 0.000000 0
508308 0.000000 0
508316 0.111240 0
508323 0.000000 0
508330 0.000000 0
508338 0.080610 0
508346 0.000000 0
508354 0.000000 0
508361 0.045550 0
508368 0.000000 0
508376 0.000000 0
508383 0.022770 0
508391 0.000000 0
508398 0.000000 0
508406 0.016100 0
508415 0.000000 0
508422 0.000000 0
508430 0.021030 0
508437 0.000000 0
508444 0.000000 0
508452 0.030240 0
508460 0.000000 0
508468 0.000000 0
508475 0.039640 0
508482 0.000000 0
508490 0.000000 0
508497 0.038470 0
508505 0.000000 0
508512 0.000000 0
508520 0.041340 0
508526 0.000000 0
508534 0.000000 0
508541 0.038670 0
508550 0.000000 0
508558 0.000000 0
508565 0.046540 0
508572 0.000000 0
508580 0.000000 0
508587 0.055510 0
508595 0.000000 0
508602 0.000000 0
508610 0.059620 0
508617 0.000000 0
508624 0.000000 0
508632 0.064650 0
508640 0.000000 0
508648 0.000000 0
508655 0.059490 0
508661 0.000000 0
508668 0.000000 0
508676 0.066160 0
508684 0.000000 0
508692 0.000000 0
508699 0.088990 0
508706 0.000000 0
508714 0.000000 0
508721 0.112540 0
508730 0.000000 0
508738 0.000000 0
508745 0.205330 0
508751 0.000000 0
508758 0.000000 0
508766 0.128850 0
508773 0.000000 0
508780 0.000000 0
508788 0.048940 0
508796 0.000000 0
508804 0.000000 0
508811 0.026490 0
508818 0.000000 0
508826 0.000000 0
508833 0.009570 0
508841 0.000000 0
508848 0.000000 0
508856 0.014600 0
508865 0.000000 0
508872 0.000000 0
508880 0.012950 0
508886 0.000000 0
508894 0.000000 0
508901 0.018310 0
508909 0.000000 0
508916 0.000000 0
508924 0.018310 0
508931 0.000000 0
508938 0.000000 0
508946 0.035580 0
508954 0.000000 0
508962 0.000000 0
508969 0.042250 0
508976 0.000000 0
508984 0.000000 0
508991 0.040020 0
508999 0.000000 0
509006 0.000000 0
509014 0.040210 0
509021 0.000000 0
509028 0.000000 0
509036 0.051510 0
509044 0.000000 0
509052 0.000000 0
509059 0.064060 0
509066 0.000000 0
509074 0.000000 0
509081 0.063460 0
509089 0.000000 0
509096 0.000000 0
509104 0.062120 0
509111 0.000000 0
509118 0.000000 0
509126 0.059240 0
509134 0.000000 0
509142 0.000000 0
509149 0.050320 0
509156 0.000000 0
509164 0.000000 0
509171 0.093250 0
509180 0.000000 0
509188 0.000000 0
509195 0.125170 0
509201 0.000000 0
509208 0.000000 0
509216 0.129490 0
509225 0.000000 0
509232 0.000000 0
509240 0.109090 0
509246 0.000000 0
509254 0.000000 0
509261 0.055370 0
509269 0.000000 0
509276 0.000000 0
509284 0.017010 0
509291 0.000000 0
509298 0.000000 0
509306 0.017010 0
509314 0.000000 0
509322 0.000000 0
509329 0.013520 0
509336 0.000000 0
509344 0.000000 0
509351 0.020290 0
509359 0.000000 0
509366 0.000000 0
509374 0.022100 0
509381 0.000000 0
509388 0.000000 0
509396 0.032440 0
509404 0.000000 0
509412 0.000000 0
509419 0.031250 0
509426 0.000000 0
509434 0.000000 0
509441 0.041890 0
509449 0.000000 0
509456 0.000000 0
509464 0.042420 0
509471 0.000000 0
509478 0.000000 0
509486 0.043140 0
509494 0.000000 0
509502 0.000000 0
509509 0.052110 0
509516 0.000000 0
509524 0.000000 0
509531 0.061260 0
509539 0.000000 0
509546 0.000000 0
509554 0.076840 0
509561 0.000000 0
509568 0.000000 0
509576 0.080610 0
509584 0.000000 0
509592 0.000000 0
509599 0.061510 0
509606 0.000000 0
509614 0.000000 0
509621 0.037260 0
509629 0.000000 0
509636 0.000000 0
509644 0.075030 0
509651 0.000000 0
509658 0.000000 0
509666 0.128600 0
509675 0.000000 0
509682 0.000000 0
509690 0.220280 0
509696 0.000000 0
509704 0.000000 0
509711 0.078510 0
509719 0.000000 0
509726 0.000000 0
509734 0.040960 0
509741 0.000000 0
509748 0.000000 0
509756 0.017010 0
509764 0.000000 0
509772 0.000000 0
509779 0.008730 0
509786 0.000000 0
509794 0.000000 0
509801 0.016570 0
509809 0.000000 0
509816 0.000000 0
509824 0.015630 0
509831 0.000000 0
509838 0.000000 0
509846 0.036850 0
509854 0.000000 0
509862 0.000000 0
509869 0.044360 0
509876 0.000000 0
509884 0.000000 0
509891 0.042790 0
509899 0.000000 0
509906 0.000000 0
509914 0.052840 0
509921 0.000000 0
509928 0.000000 0
509936 0.059100 0
509944 0.000000 0
509952 0.000000 0
509959 0.050170 0
509966 0.000000 0
509974 0.000000 0
509981 0.062240 0
509990 0.000000 0
509998 0.000000 0
510005 0.050020 0
510011 0.000000 0
510018 0.000000 0
510026 0.051070 0
510034 0.000000 0
510042 0.000000 0
510049 0.042970 0
510056 0.000000 0
510064 0.000000 0
510071 0.037870 0
510079 0.000000 0
510086 0.000000 0
510094 0.085660 0
510101 0.000000 0
510108 0.000000 0
510116 0.112260 0
510124 0.000000 0
510132 0.000000 0
510139 0.129020 0
510146 0.000000 0
510154 0.000000 0
510161 0.131880 0
510169 0.000000 0
510176 0.000000 0
510184 0.095030 0
510192 0.000000 0
510200 0.000000 0
510207 0.040770 0
510214 0.000000 0
510222 0.000000 0
510229 0.016570 0
510237 0.000000 0
510244 0.000000 0
510252 0.023100 0
510259 0.000000 0
510266 0.000000 0
510274 0.024080 0
510281 0.000000 0
510288 0.000000 0
510296 0.017460 0
510304 0.000000 0
510312 0.000000 0
510319 0.022430 0
510328 0.000000 0
510336 0.000000 0
510343 0.050480 0
510349 0.000000 0
510356 0.000000 0
510364 0.060760 0
510373 0.000000 0
510380 0.000000 0
510388 0.065000 0
510394 0.000000 0
510402 0.000000 0
510409 0.062970 0
510417 0.000000 0
510424 0.000000 0
510432 0.046710 0
510439 0.000000 0
510446 0.000000 0
510454 0.053970 0
510463 0.000000 0
510470 0.000000 0
510478 0.052840 0
510484 0.000000 0
510492 0.000000 0
510499 0.045040 0
510506 0.000000 0
510514 0.000000 0
510521 0.045880 0
510529 0.000000 0
510536 0.000000 0
510544 0.054260 0
510552 0.000000 0
510560 0.000000 0
510567 0.061390 0
510574 0.000000 0
510582 0.000000 0
510589 0.088900 0
510597 0.000000 0
510604 0.000000 0
510612 0.133270 0
510619 0.000000 0
510626 0.000000 0
510634 0.207100 0
510642 0.000000 0
510650 0.000000 0
510657 0.085130 0
510664 0.000000 0
510672 0.000000 0
510679 0.033370 0
510687 0.000000 0
510694 0.000000 0
510702 0.017010 0
510709 0.000000 0
510716 0.000000 0
510724 0.017900 0
510733 0.000000 0
510740 0.000000 0
510748 0.017900 0
510754 0.000000 0
510762 0.000000 0
510769 0.016570 0
510777 0.000000 0
510784 0.000000 0
510792 0.019910 0
510799 0.000000 0
510806 0.000000 0
510814 0.016570 0
510822 0.000000 0
510830 0.000000 0
510837 0.023440 0
510844 0.000000 0
510852 0.000000 0
510859 0.037660 0
510868 0.000000 0
510876 0.000000 0
510883 0.034490 0
510889 0.000000 0
510896 0.000000 0
510904 0.075840 0
510913 0.000000 0
510920 0.000000 0
510928 0.111920 0
510934 0.000000 0
510942 0.000000 0
510949 0.099350 0
510958 0.000000 0
510966 0.000000 0
510973 0.090090 0
510979 0.000000 0
510986 0.000000 0
510994 0.076650 0
511002 0.000000 0
511010 0.000000 0
511017 0.074530 0
511024 0.000000 0
511032 0.000000 0
511039 0.103560 0
511048 0.000000 0
511056 0.000000 0
511063 0.142780 0
511069 0.000000 0
511076 0.000000 0
511084 0.124380 0
511092 0.000000 0
511100 0.000000 0
511107 0.088290 0
511114 0.000000 0
511122 0.000000 0
511129 0.052110 0
511137 0.000000 0
511144 0.000000 0
511152 0.022430 0
511159 0.000000 0
511166 0.000000 0
511174 0.021030 0
511182 0.000000 0
511190 0.000000 0
511197 0.042790 0
511204 0.000000 0
511212 0.000000 0
511219 0.054540 0
511227 0.000000 0
511234 0.000000 0
511242 0.044530 0
511249 0.000000 0
511256 0.000000 0
511264 0.053560 0
511272 0.000000 0
511280 0.000000 0
511287 0.062730 0
511294 0.000000 0
511302 0.000000 0
511309 0.073700 0
511317 0.000000 0
511324 0.000000 0
511332 0.074830 0
511339 0.000000 0
511346 0.000000 0
511354 0.053120 0
511362 0.000000 0
511370 0.000000 0
511377 0.065350 0
511384 0.000000 0
511392 0.000000 0
511399 0.064880 0
511408 0.000000 0
511416 0.000000 0
511423 0.068770 0
511429 0.000000 0
511436 0.000000 0
511444 0.048780 0
511452 0.000000 0
511460 0.000000 0
511467 0.051220 0
511474 0.000000 0
511482 0.000000 0
511489 0.075230 0
511497 0.000000 0
511504 0.000000 0
511512 0.090010 0
511519 0.000000 0
511526 0.000000 0
511534 0.192230 0
511542 0.000000 0
511550 0.000000 0
511557 0.184330 0
511564 0.000000 0
511572 0.000000 0
511579 0.057800 0
511587 0.000000 0
511594 0.000000 0
511602 0.018310 0
511609 0.000000 0
511616 0.000000 0
511624 0.010330 0
511632 0.000000 0
511640 0.000000 0
511647 0.005520 0
511654 0.000000 0
511662 0.000000 0
511669 0.006760 0
511677 0.000000 0
511684 0.000000 0
511692 0.016570 0
511699 0.000000 0
511706 0.000000 0
511714 0.032670 0
511722 0.000000 0
511730 0.000000 0
511737 0.033830 0
511744 0.000000 0
511752 0.000000 0
511759 0.039830 0
511767 0.000000 0
511774 0.000000 0
511782 0.030500 0
511789 0.000000 0
511796 0.000000 0
511804 0.063460 0
511812 0.000000 0
511820 0.000000 0
511827 0.067660 0
511834 0.000000 0
511842 0.000000 0
511849 0.052110 0
511857 0.000000 0
511864 0.000000 0
511872 0.050020 0
511879 0.000000 0
511886 0.000000 0
511894 0.048310 0
511901 0.000000 0
511908 0.000000 0
511916 0.045880 0
511924 0.000000 0
511932 0.000000 0
511939 0.063580 0
511947 0.000000 0
511954 0.000000 0
511962 0.099890 0
511969 0.000000 0
511976 0.000000 0
511984 0.114150 0
511991 0.000000 0
511998 0.000000 0
512006 0.128910 0
512013 0.000000 0
512020 0.000000 0
512028 0.125600 0
512037 0.000000 0
512044 0.000000 0
512052 0.075530 0
512058 0.000000 0
512066 0.000000 0
512073 0.038270 0
512081 0.000000 0
512088 0.000000 0
512096 0.015630 0
512103 0.000000 0
512110 0.000000 0
512118 0.015630 0
512127 0.000000 0
512134 0.000000 0
512142 0.011050 0
512149 0.000000 0
512156 0.000000 0
512164 0.023440 0
512173 0.000000 0
512180 0.000000 0
512188 0.020660 0
512194 0.000000 0
512202 0.000000 0
512209 0.033370 0
512217 0.000000 0
512224 0.000000 0
512232 0.053270 0
512239 0.000000 0
512246 0.000000 0
512254 0.056460 0
512262 0.000000 0
512270 0.000000 0
512277 0.049870 0
512284 0.000000 0
512292 0.000000 0
512299 0.059490 0
512307 0.000000 0
512314 0.000000 0
512322 0.062240 0
512329 0.000000 0
512336 0.000000 0
512344 0.059240 0
512352 0.000000 0
512360 0.000000 0
512367 0.053830 0
512374 0.000000 0
512382 0.000000 0
512389 0.052840 0
512397 0.000000 0
512404 0.000000 0
512412 0.047520 0
512419 0.000000 0
512426 0.000000 0
512434 0.080700 0
512443 0.000000 0
512450 0.000000 0
512458 0.090260 0
512464 0.000000 0
512472 0.000000 0
512479 0.215870 0
512486 0.000000 0
512494 0.000000 0
512501 0.157030 0
512508 0.000000 0
512516 0.000000 0
512523 0.051070 0
512531 0.000000 0
512538 0.000000 0
512546 0.021030 0
512553 0.000000 0
512560 0.000000 0
512568 0.017460 0
512577 0.000000 0
512584 0.000000 0
512592 0.017010 0
512599 0.000000 0
512606 0.000000 0
512614 0.014080 0
512622 0.000000 0
512630 0.000000 0
512637 0.014080 0
512644 0.000000 0
512652 0.000000 0
512659 0.026490 0
512667 0.000000 0
512674 0.000000 0
512682 0.039440 0
512689 0.000000 0
512696 0.000000 0
512704 0.038070 0
512712 0.000000 0
512720 0.000000 0
512727 0.052690 0
512734 0.000000 0
512742 0.000000 0
512749 0.037460 0
512757 0.000000 0
512764 0.000000 0
512772 0.042600 0
512779 0.000000 0
512786 0.000000 0
512794 0.048460 0
512803 0.000000 0
512810 0.000000 0
512818 0.047990 0
512823 0.000000 0
512830 0.000000 0
512838 0.056200 0
512847 0.000000 0
512854 0.000000 0
512862 0.054540 0
512869 0.000000 0
512876 0.000000 0
512884 0.060000 0
512893 0.000000 0
512900 0.000000 0
512908 0.094470 0
512914 0.000000 0
512922 0.000000 0
512929 0.108030 0
512937 0.000000 0
512944 0.000000 0
512952 0.116460 0
512958 0.000000 0
512966 0.000000 0
512973 0.097410 0
512982 0.000000 0
512990 0.000000 0
512997 0.061880 0
513003 0.000000 0
513010 0.000000 0
513018 0.034710 0
513026 0.000000 0
513034 0.000000 0
513041 0.015630 0
513048 0.000000 0
513056 0.000000 0
513063 0.024080 0
513072 0.000000 0
513080 0.000000 0
513087 0.019910 0
513094 0.000000 0
513102 0.000000 0
513109 0.024080 0
513117 0.000000 0
513124 0.000000 0
513132 0.061010 0
513139 0.000000 0
513146 0.000000 0
513154 0.050480 0
513162 0.000000 0
513170 0.000000 0
513177 0.050020 0
513184 0.000000 0
513192 0.000000 0
513199 0.061880 0
513207 0.000000 0
513214 0.000000 0
513222 0.051220 0
513229 0.000000 0
513236 0.000000 0
513244 0.052550 0
513253 0.000000 0
513260 0.000000 0
513268 0.052840 0
513274 0.000000 0
513282 0.000000 0
513289 0.047350 0
513297 0.000000 0
513304 0.000000 0
513312 0.057130 0
513319 0.000000 0
513326 0.000000 0
513334 0.048940 0
513342 0.000000 0
513350 0.000000 0
513357 0.082670 0
513363 0.000000 0
513370 0.000000 0
513378 0.099960 0
513387 0.000000 0
513394 0.000000 0
513402 0.221100 0
513409 0.000000 0
513416 0.000000 0
513424 0.098040 0
513432 0.000000 0
513440 0.000000 0
513447 0.036850 0
513453 0.000000 0
513460 0.000000 0
513468 0.009570 0
513477 0.000000 0
513484 0.000000 0
513492 0.007810 0
513499 0.000000 0
513506 0.000000 0
513514 0.012950 0
513522 0.000000 0
513530 0.000000 0
513537 0.018310 0
513544 0.000000 0
513552 0.000000 0
513559 0.034710 0
513567 0.000000 0
513574 0.000000 0
513582 0.027620 0
513589 0.000000 0
513596 0.000000 0
513604 0.027620 0
513612 0.000000 0
513620 0.000000 0
513627 0.039250 0
513634 0.000000 0
513642 0.000000 0
513649 0.034710 0
513657 0.000000 0
513664 0.000000 0
513672 0.037460 0
513679 0.000000 0
513686 0.000000 0
513694 0.040590 0
513702 0.000000 0
513710 0.000000 0
513717 0.052400 0
513724 0.000000 0
513732 0.000000 0
513739 0.068770 0
513747 0.000000 0
513754 0.000000 0
513762 0.065350 0
513769 0.000000 0
513776 0.000000 0
513784 0.062970 0
513792 0.000000 0
513800 0.000000 0
513807 0.062120 0
513814 0.000000 0
513822 0.000000 0
513829 0.098890 0
513837 0.000000 0
513844 0.000000 0
513852 0.115600 0
513859 0.000000 0
513866 0.000000 0
513874 0.168640 0
513882 0.000000 0
513890 0.000000 0
513897 0.115480 0
513903 0.000000 0
513910 0.000000 0
513918 0.053120 0
513926 0.000000 0
513934 0.000000 0
513941 0.015120 0
513948 0.000000 0
513956 0.000000 0
513963 0.009570 0
513972 0.000000 0
513980 0.000000 0
513987 0.008730 0
513994 0.000000 0
514002 0.000000 0
514009 0.014080 0
514017 0.000000 0
514024 0.000000 0
514032 0.027890 0
514039 0.000000 0
514046 0.000000 0
514054 0.036010 0
514063 0.000000 0
514070 0.000000 0
514078 0.042970 0
514084 0.000000 0
514092 0.000000 0
514099 0.041890 0
514108 0.000000 0
514116 0.000000 0
514123 0.053120 0
514129 0.000000 0
514136 0.000000 0
514144 0.057800 0
514152 0.000000 0
514160 0.000000 0
514167 0.062850 0
514174 0.000000 0
514182 0.000000 0
514189 0.045880 0
514197 0.000000 0
514204 0.000000 0
514212 0.060260 0
514219 0.000000 0
514226 0.000000 0
514234 0.065710 0
514242 0.000000 0
514250 0.000000 0
514257 0.058460 0
514264 0.000000 0
514272 0.000000 0
514279 0.054260 0
514288 0.000000 0
514296 0.000000 0
514303 0.108460 0
514309 0.000000 0
514316 0.000000 0
514324 0.134860 0
514332 0.000000 0
514340 0.000000 0
514347 0.163320 0
514354 0.000000 0
514362 0.000000 0
514369 0.091600 0
514377 0.000000 0
514384 0.000000 0
514392 0.038470 0
514399 0.000000 0
514406 0.000000 0
514414 0.009570 0
514422 0.000000 0
514430 0.000000 0
514437 0.009570 0
514444 0.000000 0
514452 0.000000 0
514459 0.015630 0
514468 0.000000 0
514476 0.000000 0
514483 0.024080 0
514489 0.000000 0
514496 0.000000 0
514504 0.041520 0
514512 0.000000 0
514520 0.000000 0
514527 0.046540 0
514534 0.000000 0
514542 0.000000 0
514549 0.050320 0
514558 0.000000 0
514566 0.000000 0
514573 0.043140 0
514579 0.000000 0
514586 0.000000 0
514594 0.045040 0
514602 0.000000 0
514610 0.000000 0
514617 0.047670 0
514624 0.000000 0
514632 0.000000 0
514639 0.060000 0
514647 0.000000 0
514654 0.000000 0
514662 0.062360 0
514669 0.000000 0
514676 0.000000 0
514684 0.071700 0
514692 0.000000 0
514700 0.000000 0
514707 0.070740 0
514714 0.000000 0
514722 0.000000 0
514729 0.055370 0
514737 0.000000 0
514744 0.000000 0
514752 0.100880 0
514759 0.000000 0
514766 0.000000 0
514774 0.102830 0
514782 0.000000 0
514790 0.000000 0
514797 0.108740 0
514804 0.000000 0
514812 0.000000 0
514819 0.100190 0
514827 0.000000 0
514834 0.000000 0
514842 0.076650 0
514849 0.000000 0
514856 0.000000 0
514864 0.030990 0
514872 0.000000 0
514880 0.000000 0
514887 0.027050 0
514894 0.000000 0
514902 0.000000 0
514909 0.017460 0
514918 0.000000 0
514926 0.000000 0
514933 0.024080 0
514939 0.000000 0
514946 0.000000 0
514954 0.033600 0
514962 0.000000 0
514970 0.000000 0
514977 0.040590 0
514984 0.000000 0
514992 0.000000 0
514999 0.049560 0
515007 0.000000 0
515014 0.000000 0
515022 0.042250 0
515029 0.000000 0
515036 0.000000 0
515044 0.035800 0
515053 0.000000 0
515060 0.000000 0
515068 0.042420 0
515074 0.000000 0
515082 0.000000 0
515089 0.054120 0
515097 0.000000 0
515104 0.000000 0
515112 0.047670 0
515119 0.000000 0
515126 0.000000 0
515134 0.055240 0
515142 0.000000 0
515150 0.000000 0
515157 0.055510 0
515164 0.000000 0
515172 0.000000 0
515179 0.054120 0
515187 0.000000 0
515194 0.000000 0
515202 0.054830 0
515209 0.000000 0
515216 0.000000 0
515224 0.062000 0
515232 0.000000 0
515240 0.000000 0
515247 0.122470 0
515254 0.000000 0
515262 0.000000 0
515269 0.230960 0
515277 0.000000 0
515284 0.000000 0
515292 0.131720 0
515299 0.000000 0
515306 0.000000 0
515314 0.050630 0
515321 0.000000 0
515328 0.000000 0
515336 0.012950 0
515344 0.000000 0
515352 0.000000 0
515359 0.007810 0
515367 0.000000 0
515374 0.000000 0
515382 0.005520 0
515389 0.000000 0
515396 0.000000 0
515404 0.007810 0
515412 0.000000 0
515420 0.000000 0
515427 0.022770 0
515434 0.000000 0
515442 0.000000 0
515449 0.022100 0
515458 0.000000 0
515466 0.000000 0
515473 0.036640 0
515479 0.000000 0
515486 0.000000 0
515494 0.041700 0
515503 0.000000 0
515510 0.000000 0
515518 0.049090 0
515524 0.000000 0
515532 0.000000 0
515539 0.033600 0
515547 0.000000 0
515554 0.000000 0
515562 0.037050 0
515569 0.000000 0
515576 0.000000 0
515584 0.046050 0
515593 0.000000 0
515600 0.000000 0
515608 0.044710 0
515614 0.000000 0
515622 0.000000 0
515629 0.051070 0
515637 0.000000 0
515644 0.000000 0
515652 0.045380 0
515659 0.000000 0
515666 0.000000 0
515674 0.047840 0
515682 0.000000 0
515690 0.000000 0
515697 0.086900 0
515704 0.000000 0
515712 0.000000 0
515719 0.098820 0
515727 0.000000 0
515734 0.000000 0
515742 0.132690 0
515749 0.000000 0
515756 0.000000 0
515764 0.108810 0
515772 0.000000 0
515780 0.000000 0
515787 0.059490 0
515794 0.000000 0
515802 0.000000 0
515809 0.020290 0
515816 0.000000 0
515824 0.000000 0
515831 0.012950 0
515839 0.000000 0
515846 0.000000 0
515854 0.038670 0
515862 0.000000 0
515870 0.000000 0
515877 0.036640 0
515884 0.000000 0
515892 0.000000 0
515899 0.042420 0
515907 0.000000 0
515914 0.000000 0
515922 0.065250 0
515929 0.000000 0
515936 0.000000 0
515944 0.062970 0
515952 0.000000 0
515960 0.000000 0
515967 0.035580 0
515974 0.000000 0
515982 0.000000 0
515989 0.060380 0
515997 0.000000 0
516004 0.000000 0
516012 0.063710 0
516019 0.000000 0
516026 0.000000 0
516034 0.061880 0
516042 0.000000 0
516050 0.000000 0
516057 0.048630 0
516064 0.000000 0
516072 0.000000 0
516079 0.054690 0
516088 0.000000 0
516096 0.000000 0
516103 0.051070 0
516109 0.000000 0
516116 0.000000 0
516124 0.042970 0
516132 0.000000 0
516140 0.000000 0
516147 0.087510 0
516154 0.000000 0
516162 0.000000 0
516169 0.114690 0
516178 0.000000 0
516186 0.000000 0
516193 0.188750 0
516199 0.000000 0
516206 0.000000 0
516214 0.123090 0
516221 0.000000 0
516228 0.000000 0
516236 0.038860 0
516243 0.000000 0
516250 0.000000 0
516258 0.012340 0
516266 0.000000 0
516274 0.000000 0
516281 0.011050 0
516288 0.000000 0
516296 0.000000 0
516303 0.009570 0
516312 0.000000 0
516320 0.000000 0
516327 0.006760 0
516334 0.000000 0
516342 0.000000 0
516349 0.011050 0
516357 0.000000 0
516364 0.000000 0
516372 0.016100 0
516379 0.000000 0
516386 0.000000 0
516394 0.016570 0
516402 0.000000 0
516410 0.000000 0
516417 0.038270 0
516424 0.000000 0
516432 0.000000 0
516439 0.045720 0
516447 0.000000 0
516454 0.000000 0
516462 0.041150 0
516469 0.000000 0
516476 0.000000 0
516484 0.042420 0
516492 0.000000 0
516500 0.000000 0
516507 0.052550 0
516514 0.000000 0
516522 0.000000 0
516529 0.048460 0
516537 0.000000 0
516544 0.000000 0
516552 0.048630 0
516559 0.000000 0
516566 0.000000 0
516574 0.056340 0
516582 0.000000 0
516590 0.000000 0
516597 0.070850 0
516604 0.000000 0
516612 0.000000 0
516619 0.103720 0
516627 0.000000 0
516634 0.000000 0
516642 0.126570 0
516649 0.000000 0
516656 0.000000 0
516664 0.151130 0
516672 0.000000 0
516680 0.000000 0
516687 0.125840 0
516693 0.000000 0
516700 0.000000 0
516708 0.044010 0
516717 0.000000 0
516724 0.000000 0
516732 0.012950 0
516739 0.000000 0
516746 0.000000 0
516754 0.011050 0
516762 0.000000 0
516770 0.000000 0
516777 0.007810 0
516784 0.000000 0
516792 0.000000 0
516799 0.011720 0
516807 0.000000 0
516814 0.000000 0
516822 0.011050 0
516829 0.000000 0
516836 0.000000 0
516844 0.042970 0
516853 0.000000 0
516860 0.000000 0
516868 0.049090 0
516874 0.000000 0
516882 0.000000 0
516889 0.054400 0
516897 0.000000 0
516904 0.000000 0
516912 0.047030 0
516919 0.000000 0
516926 0.000000 0
516934 0.056340 0
516942 0.000000 0
516950 0.000000 0
516957 0.089230 0
516964 0.000000 0
516972 0.000000 0
516979 0.077530 0
516987 0.000000 0
516994 0.000000 0
517002 0.054260 0
517009 0.000000 0
517016 0.000000 0
517024 0.047520 0
517033 0.000000 0
517040 0.000000 0
517048 0.064300 0
517054 0.000000 0
517062 0.000000 0
517069 0.052110 0
517077 0.000000 0
517084 0.000000 0
517092 0.089490 0
517099 0.000000 0
517106 0.000000 0
517114 0.143630 0
517122 0.000000 0
517130 0.000000 0
517137 0.200520 0
517144 0.000000 0
517152 0.000000 0
517159 0.085220 0
517167 0.000000 0
517174 0.000000 0
517182 0.030750 0
517189 0.000000 0
517196 0.000000 0
517204 0.009570 0
517212 0.000000 0
517220 0.000000 0
517227 0.016100 0
517234 0.000000 0
517242 0.000000 0
517249 0.013520 0
517257 0.000000 0
517264 0.000000 0
517272 0.010330 0
517279 0.000000 0
517286 0.000000 0
517294 0.013520 0
517303 0.000000 0
517310 0.000000 0
517318 0.019130 0
517324 0.000000 0
517332 0.000000 0
517339 0.047350 0
517348 0.000000 0
517356 0.000000 0
517363 0.034930 0
517369 0.000000 0
517376 0.000000 0
517384 0.031720 0
517393 0.000000 0
517400 0.000000 0
517408 0.077620 0
517414 0.000000 0
517422 0.000000 0
517429 0.080230 0
517437 0.000000 0
517444 0.000000 0
517452 0.061260 0
517459 0.000000 0
517466 0.000000 0
517474 0.096710 0
517482 0.000000 0
517490 0.000000 0
517497 0.086550 0
517504 0.000000 0
517512 0.000000 0
517519 0.095120 0
517527 0.000000 0
517534 0.000000 0
517542 0.109580 0
517549 0.000000 0
517556 0.000000 0
517564 0.107330 0
517572 0.000000 0
517580 0.000000 0
517587 0.133320 0
517594 0.000000 0
517602 0.000000 0
517609 0.117570 0
517617 0.000000 0
517624 0.000000 0
517632 0.067660 0
517639 0.000000 0
517646 0.000000 0
517654 0.038270 0
517662 0.000000 0
517670 0.000000 0
517677 0.011720 0
517684 0.000000 0
517692 0.000000 0
517699 0.009570 0
517707 0.000000 0
517714 0.000000 0
517722 0.016100 0
517729 0.000000 0
517736 0.000000 0
517744 0.011050 0
517753 0.000000 0
517760 0.000000 0
517768 0.011720 0
517774 0.000000 0
517782 0.000000 0
517789 0.075030 0
517797 0.000000 0
517804 0.000000 0
517812 0.075230 0
517819 0.000000 0
517826 0.000000 0
517834 0.063220 0
517842 0.000000 0
517850 0.000000 0
517857 0.065130 0
517864 0.000000 0
517872 0.000000 0
517879 0.055650 0
517888 0.000000 0
517896 0.000000 0
517903 0.053410 0
517909 0.000000 0
517916 0.000000 0
517924 0.054960 0
517932 0.000000 0
517940 0.000000 0
517947 0.040590 0
517954 0.000000 0
517962 0.000000 0
517969 0.039830 0
517977 0.000000 0
517984 0.000000 0
517992 0.055790 0
517999 0.000000 0
518006 0.000000 0
518014 0.103120 0
518023 0.000000 0
518030 0.000000 0
518038 0.156100 0
518044 0.000000 0
518052 0.000000 0
518059 0.165680 0
518067 0.000000 0
518074 0.000000 0
518082 0.103560 0
518089 0.000000 0
518096 0.000000 0
518104 0.035800 0
518112 0.000000 0
518120 0.000000 0
518127 0.006760 0
518134 0.000000 0
518142 0.000000 0
518149 0.008730 0
518157 0.000000 0
518164 0.000000 0
518172 0.014600 0
518179 0.000000 0
518186 0.000000 0
518194 0.025910 0
518203 0.000000 0
518210 0.000000 0
518218 0.049560 0
518224 0.000000 0
518232 0.000000 0
518239 0.041520 0
518247 0.000000 0
518254 0.000000 0
518262 0.055100 0
518269 0.000000 0
518276 0.000000 0
518284 0.056600 0
518292 0.000000 0
518300 0.000000 0
518307 0.037260 0
518314 0.000000 0
518322 0.000000 0
518329 0.068990 0
518337 0.000000 0
518344 0.000000 0
518352 0.086900 0
518359 0.000000 0
518366 0.000000 0
518374 0.087160 0
518382 0.000000 0
518390 0.000000 0
518397 0.076540 0
518404 0.000000 0
518412 0.000000 0
518419 0.074220 0
518427 0.000000 0
518434 0.000000 0
518442 0.073270 0
518449 0.000000 0
518456 0.000000 0
518464 0.110890 0
518472 0.000000 0
518480 0.000000 0
518487 0.118670 0
518494 0.000000 0
518502 0.000000 0
518509 0.124680 0
518517 0.000000 0
518524 0.000000 0
518532 0.171830 0
518539 0.000000 0
518546 0.000000 0
518554 0.075440 0
518562 0.000000 0
518570 0.000000 0
518577 0.032210 0
518584 0.000000 0
518592 0.000000 0
518599 0.012340 0
518607 0.000000 0
518614 0.000000 0
518622 0.008730 0
518629 0.000000 0
518636 0.000000 0
518644 0.009570 0
518652 0.000000 0
518660 0.000000 0
518667 0.010330 0
518674 0.000000 0
518682 0.000000 0
518689 0.027340 0
518697 0.000000 0
518704 0.000000 0
518712 0.050920 0
518719 0.000000 0
518726 0.000000 0
518734 0.056600 0
518742 0.000000 0
518750 0.000000 0
518757 0.059360 0
518764 0.000000 0
518772 0.000000 0
518779 0.050320 0
518788 0.000000 0
518796 0.000000 0
518803 0.067430 0
518809 0.000000 0
518816 0.000000 0
518824 0.068330 0
518832 0.000000 0
518840 0.000000 0
518847 0.059620 0
518854 0.000000 0
518862 0.000000 0
518869 0.059880 0
518877 0.000000 0
518884 0.000000 0
518892 0.058720 0
518899 0.000000 0
518906 0.000000 0
518914 0.063830 0
518922 0.000000 0
518930 0.000000 0
518937 0.089850 0
518944 0.000000 0
518952 0.000000 0
518959 0.116790 0
518967 0.000000 0
518974 0.000000 0
518982 0.182090 0
518989 0.000000 0
518996 0.000000 0
519004 0.142670 0
519011 0.000000 0
519018 0.000000 0
519026 0.067540 0
519033 0.000000 0
519040 0.000000 0
519048 0.025600 0
519056 0.000000 0
519064 0.000000 0
519071 0.008730 0
519078 0.000000 0
519086 0.000000 0
519093 0.009570 0
519102 0.000000 0
519110 0.000000 0
519117 0.007810 0
519124 0.000000 0
519132 0.000000 0
519139 0.028700 0
519147 0.000000 0
519154 0.000000 0
519162 0.029480 0
519169 0.000000 0
519176 0.000000 0
519184 0.057660 0
519192 0.000000 0
519200 0.000000 0
519207 0.057130 0
519214 0.000000 0
519222 0.000000 0
519229 0.047350 0
519237 0.000000 0
519244 0.000000 0
519252 0.050920 0
519259 0.000000 0
519266 0.000000 0
519274 0.051820 0
519282 0.000000 0
519290 0.000000 0
519297 0.045880 0
519304 0.000000 0
519312 0.000000 0
519319 0.064530 0
519327 0.000000 0
519334 0.000000 0
519342 0.059240 0
519349 0.000000 0
519356 0.000000 0
519364 0.051220 0
519372 0.000000 0
519380 0.000000 0
519387 0.048780 0
519394 0.000000 0
519402 0.000000 0
519409 0.104950 0
519417 0.000000 0
519424 0.000000 0
519432 0.108670 0
519439 0.000000 0
519446 0.000000 0
519454 0.132750 0
519461 0.000000 0
519468 0.000000 0
519476 0.114550 0
519483 0.000000 0
519490 0.000000 0
519498 0.083500 0
519506 0.000000 0
519514 0.000000 0
519521 0.039060 0
519529 0.000000 0
519536 0.000000 0
519544 0.020660 0
519552 0.000000 0
519560 0.000000 0
519567 0.010330 0
519574 0.000000 0
519582 0.000000 0
519589 0.030000 0
519597 0.000000 0
519604 0.000000 0
519612 0.028700 0
519619 0.000000 0
519626 0.000000 0
519634 0.036640 0
519642 0.000000 0
519650 0.000000 0
519657 0.042250 0
519664 0.000000 0
519672 0.000000 0
519679 0.036010 0
519687 0.000000 0
519694 0.000000 0
519702 0.040960 0
519710 0.000000 0
519718 0.000000 0
519725 0.053410 0
519732 0.000000 0
519740 0.000000 0
519747 0.058320 0
519755 0.000000 0
519762 0.000000 0
519770 0.057130 0
519777 0.000000 0
519784 0.000000 0
519792 0.074720 0
519800 0.000000 0
519808 0.000000 0
519815 0.065830 0
519822 0.000000 0
519830 0.000000 0
519837 0.055510 0
519845 0.000000 0
519852 0.000000 0
519860 0.057940 0
519867 0.000000 0
519874 0.000000 0
519882 0.086290 0
519890 0.000000 0
519898 0.000000 0
519905 0.112460 0
519912 0.000000 0
519920 0.000000 0
519927 0.164750 0
519935 0.000000 0
519942 0.000000 0
519950 0.124620 0
519956 0.000000 0
519964 0.000000 0
519971 0.036010 0
519980 0.000000 0
519988 0.000000 0
519995 0.009570 0
520002 0.000000 0
520010 0.000000 0
520017 0.007810 0
520025 0.000000 0
520032 0.000000 0
520040 0.022100 0
520047 0.000000 0
520054 0.000000 0
520062 0.051070 0
520070 0.000000 0
520078 0.000000 0
520085 0.058850 0
520092 0.000000 0
520100 0.000000 0
520107 0.022430 0
520115 0.000000 0
520122 0.000000 0
520130 0.035580 0
520137 0.000000 0
520144 0.000000 0
520152 0.019910 0
520160 0.000000 0
520168 0.000000 0
520175 0.019130 0
520182 0.000000 0
520190 0.000000 0
520197 0.028430 0
520205 0.000000 0
520212 0.000000 0
520220 0.010330 0
520227 0.000000 0
520234 0.000000 0
520242 0.020290 0
520250 0.000000 0
520258 0.000000 0
520265 0.027340 0
520272 0.000000 0
520280 0.000000 0
520287 0.024080 0
520295 0.000000 0
520302 0.000000 0
520310 0.040960 0
520317 0.000000 0
520324 0.000000 0
520332 0.148380 0
520340 0.000000 0
520348 0.000000 0
520355 0.145480 0
520362 0.000000 0
520370 0.000000 0
520377 0.181200 0
520385 0.000000 0
520392 0.000000 0
520400 0.156480 0
520407 0.000000 0
520414 0.000000 0
520422 0.081740 0
520430 0.000000 0
520438 0.000000 0
520445 0.025310 0
520452 0.000000 0
520460 0.000000 0
520467 0.011050 0
520475 0.000000 0
520482 0.000000 0
520490 0.007810 0
520497 0.000000 0
520504 0.000000 0
520512 0.011050 0
520520 0.000000 0
520528 0.000000 0
520535 0.010330 0
520542 0.000000 0
520550 0.000000 0
520557 0.003910 0
520565 0.000000 0
520572 0.000000 0
520580 0.036850 0
520587 0.000000 0
520594 0.000000 0
520602 0.058850 0
520610 0.000000 0
520618 0.000000 0
520625 0.042970 0
520632 0.000000 0
520640 0.000000 0
520647 0.046540 0
520655 0.000000 0
520662 0.000000 0
520670 0.045210 0
520677 0.000000 0
520684 0.000000 0
520692 0.052110 0
520700 0.000000 0
520708 0.000000 0
520715 0.070080 0
520722 0.000000 0
520730 0.000000 0
520737 0.060140 0
520745 0.000000 0
520752 0.000000 0
520760 0.051960 0
520767 0.000000 0
520774 0.000000 0
520782 0.057660 0
520790 0.000000 0
520798 0.000000 0
520805 0.126270 0
520812 0.000000 0
520820 0.000000 0
520827 0.150230 0
520835 0.000000 0
520842 0.000000 0
520850 0.201620 0
520857 0.000000 0
520864 0.000000 0
520872 0.134400 0
520880 0.000000 0
520888 0.000000 0
520895 0.081830 0
520901 0.000000 0
520908 0.000000 0
520916 0.038860 0
520925 0.000000 0
520932 0.000000 0
520940 0.020290 0
520946 0.000000 0
520954 0.000000 0
520961 0.013520 0
520970 0.000000 0
520978 0.000000 0
520985 0.017460 0
520992 0.000000 0
521000 0.000000 0
521007 0.015630 0
521015 0.000000 0
521022 0.000000 0
521030 0.018310 0
521037 0.000000 0
521044 0.000000 0
521052 0.036220 0
521060 0.000000 0
521068 0.000000 0
521075 0.053120 0
521082 0.000000 0
521090 0.000000 0
521097 0.054830 0
521105 0.000000 0
521112 0.000000 0
521120 0.055240 0
521127 0.000000 0
521134 0.000000 0
521142 0.045210 0
521150 0.000000 0
521158 0.000000 0
521165 0.023100 0
521171 0.000000 0
521178 0.000000 0
521186 0.059100 0
521195 0.000000 0
521202 0.000000 0
521210 0.168370 0
521216 0.000000 0
521224 0.000000 0
521231 0.198490 0
521240 0.000000 0
521248 0.000000 0
521255 0.162840 0
521262 0.000000 0
521270 0.000000 0
521277 0.142180 0
521285 0.000000 0
521292 0.000000 0
521300 0.092930 0
521307 0.000000 0
521314 0.000000 0
521322 0.095430 0
521330 0.000000 0
521338 0.000000 0
521345 0.079850 0
521351 0.000000 0
521358 0.000000 0
521366 0.044360 0
521375 0.000000 0
521382 0.000000 0
521390 0.016570 0
521396 0.000000 0
521404 0.000000 0
521411 0.007810 0
521420 0.000000 0
521428 0.000000 0
521435 0.009570 0
521441 0.000000 0
521448 0.000000 0
521456 0.007810 0
521465 0.000000 0
521472 0.000000 0
521480 0.008730 0
521486 0.000000 0
521494 0.000000 0
521501 0.017460 0
521510 0.000000 0
521518 0.000000 0
521525 0.034710 0
521531 0.000000 0
521538 0.000000 0
521546 0.100190 0
521555 0.000000 0
521562 0.000000 0
521570 0.139910 0
521576 0.000000 0
521584 0.000000 0
521591 0.119370 0
521600 0.000000 0
521608 0.000000 0
521615 0.104880 0
521621 0.000000 0
521628 0.000000 0
521636 0.076840 0
521644 0.000000 0
521652 0.000000 0
521659 0.031480 0
521666 0.000000 0
521674 0.000000 0
521681 0.023100 0
521690 0.000000 0
521698 0.000000 0
521705 0.011720 0
521711 0.000000 0
521718 0.000000 0
521726 0.007810 0
521735 0.000000 0
521742 0.000000 0
521750 0.166830 0
521756 0.000000 0
521764 0.000000 0
521771 0.319220 0
521779 0.000000 0
521786 0.000000 0
521794 0.247460 0
521801 0.000000 0
521808 0.000000 0
521816 0.084500 0
521825 0.000000 0
521832 0.000000 0
521840 0.027890 0
521846 0.000000 0
521854 0.000000 0
521861 0.012950 0
521870 0.000000 0
521878 0.000000 0
521885 0.007810 0
521891 0.000000 0
521898 0.000000 0
521906 0.012950 0
521914 0.000000 0
521922 0.000000 0
521929 0.015120 0
521936 0.000000 0
521944 0.000000 0
521951 0.023100 0
521959 0.000000 0
521966 0.000000 0
521974 0.044360 0
521981 0.000000 0
521988 0.000000 0
521996 0.056340 0
522004 0.000000 0
522012 0.000000 0
522019 0.042600 0
522026 0.000000 0
522034 0.000000 0
522041 0.044360 0
522049 0.000000 0
522056 0.000000 0
522064 0.039440 0
522071 0.000000 0
522078 0.000000 0
522086 0.038270 0
522094 0.000000 0
522102 0.000000 0
522109 0.045720 0
522116 0.000000 0
522124 0.000000 0
522131 0.043140 0
522139 0.000000 0
522146 0.000000 0
522154 0.042600 0
522161 0.000000 0
522168 0.000000 0
522176 0.069210 0
522184 0.000000 0
522192 0.000000 0
522199 0.101410 0
522206 0.000000 0
522214 0.000000 0
522221 0.102970 0
522229 0.000000 0
522236 0.000000 0
522244 0.148330 0
522251 0.000000 0
522258 0.000000 0
522266 0.140990 0
522274 0.000000 0
522282 0.000000 0
522289 0.081740 0
522297 0.000000 0
522304 0.000000 0
522312 0.042970 0
522319 0.000000 0
522326 0.000000 0
522334 0.006760 0
522341 0.000000 0
522348 0.000000 0
522356 0.010330 0
522364 0.000000 0
522372 0.000000 0
522379 0.014600 0
522386 0.000000 0
522394 0.000000 0
522401 0.003910 0
522409 0.000000 0
522416 0.000000 0
522424 0.025910 0
522431 0.000000 0
522438 0.000000 0
522446 0.068670 0
522454 0.000000 0
522462 0.000000 0
522469 0.064770 0
522476 0.000000 0
522484 0.000000 0
522491 0.050170 0
522499 0.000000 0
522506 0.000000 0
522514 0.057540 0
522522 0.000000 0
522530 0.000000 0
522537 0.059620 0
522545 0.000000 0
522552 0.000000 0
522560 0.055510 0
522566 0.000000 0
522574 0.000000 0
522581 0.059360 0
522589 0.000000 0
522596 0.000000 0
522604 0.050020 0
522611 0.000000 0
522618 0.000000 0
522626 0.051670 0
522635 0.000000 0
522642 0.000000 0
522650 0.050780 0
522656 0.000000 0
522664 0.000000 0
522671 0.081560 0
522679 0.000000 0
522686 0.000000 0
522694 0.132010 0
522701 0.000000 0
522708 0.000000 0
522716 0.229370 0
522724 0.000000 0
522732 0.000000 0
522739 0.131650 0
522746 0.000000 0
522754 0.000000 0
522761 0.052550 0
522769 0.000000 0
522776 0.000000 0
522784 0.012340 0
522791 0.000000 0
522798 0.000000 0
522806 0.005520 0
522814 0.000000 0
522822 0.000000 0
522829 0.005520 0
522836 0.000000 0
522844 0.000000 0
522851 0.017010 0
522860 0.000000 0
522868 0.000000 0
522875 0.039440 0
522881 0.000000 0
522888 0.000000 0
522896 0.051960 0
522904 0.000000 0
522912 0.000000 0
522919 0.034710 0
522926 0.000000 0
522934 0.000000 0
522941 0.045210 0
522949 0.000000 0
522956 0.000000 0
522964 0.038670 0
522971 0.000000 0
522978 0.000000 0
522986 0.080430 0
522995 0.000000 0
523002 0.000000 0
523010 0.098970 0
523016 0.000000 0
523024 0.000000 0
523031 0.079470 0
523039 0.000000 0
523046 0.000000 0
523054 0.076230 0
523061 0.000000 0
523068 0.000000 0
523076 0.090180 0
523084 0.000000 0
523092 0.000000 0
523099 0.093170 0
523106 0.000000 0
523114 0.000000 0
523121 0.100800 0
523129 0.000000 0
523136 0.000000 0
523144 0.091600 0
523151 0.000000 0
523158 0.000000 0
523166 0.131240 0
523174 0.000000 0
523182 0.000000 0
523189 0.106480 0
523196 0.000000 0
523204 0.000000 0
523211 0.069430 0
523219 0.000000 0
523226 0.000000 0
523234 0.040210 0
523241 0.000000 0
523248 0.000000 0
523256 0.012950 0
523265 0.000000 0
523272 0.000000 0
523280 0.007810 0
523286 0.000000 0
523294 0.000000 0
523301 0.025010 0
523309 0.000000 0
523316 0.000000 0
523324 0.020660 0
523331 0.000000 0
523338 0.000000 0
523346 0.040210 0
523354 0.000000 0
523362 0.000000 0
523369 0.044710 0
523376 0.000000 0
523384 0.000000 0
523391 0.047520 0
523399 0.000000 0
523406 0.000000 0
523414 0.050480 0
523421 0.000000 0
523428 0.000000 0
523436 0.059240 0
523444 0.000000 0
523452 0.000000 0
523459 0.068540 0
523466 0.000000 0
523474 0.000000 0
523481 0.058590 0
523489 0.000000 0
523496 0.000000 0
523504 0.045550 0
523511 0.000000 0
523518 0.000000 0
523526 0.051820 0
523534 0.000000 0
523542 0.000000 0
523549 0.046710 0
523556 0.000000 0
523564 0.000000 0
523571 0.063100 0
523579 0.000000 0
523586 0.000000 0
523594 0.080990 0
523601 0.000000 0
523608 0.000000 0
523616 0.128660 0
523624 0.000000 0
523632 0.000000 0
523639 0.181460 0
523646 0.000000 0
523654 0.000000 0
523661 0.115210 0
523669 0.000000 0
523676 0.000000 0
523684 0.043670 0
523691 0.000000 0
523698 0.000000 0
523706 0.013520 0
523714 0.000000 0
523722 0.000000 0
523729 0.007810 0
523736 0.000000 0
523744 0.000000 0
523751 0.017900 0
523759 0.000000 0
523766 0.000000 0
523774 0.018720 0
523781 0.000000 0
523788 0.000000 0
523796 0.021390 0
523804 0.000000 0
523812 0.000000 0
523819 0.030500 0
523826 0.000000 0
523834 0.000000 0
523841 0.038670 0
523849 0.000000 0
523856 0.000000 0
523864 0.044360 0
523871 0.000000 0
523878 0.000000 0
523886 0.047200 0
523894 0.000000 0
523902 0.000000 0
523909 0.065710 0
523916 0.000000 0
523924 0.000000 0
523931 0.055100 0
523939 0.000000 0
523946 0.000000 0
523954 0.070420 0
523961 0.000000 0
523968 0.000000 0
523976 0.067310 0
523984 0.000000 0
523992 0.000000 0
523999 0.103560 0
524006 0.000000 0
524014 0.000000 0
524021 0.083590 0
524029 0.000000 0
524036 0.000000 0
524044 0.069110 0
524051 0.000000 0
524058 0.000000 0
524066 0.107680 0
524074 0.000000 0
524082 0.000000 0
524089 0.137710 0
524096 0.000000 0
524104 0.000000 0
524111 0.192680 0
524119 0.000000 0
524126 0.000000 0
524134 0.108110 0
524141 0.000000 0
524148 0.000000 0
524156 0.049560 0
524164 0.000000 0
524172 0.000000 0
524179 0.020290 0
524186 0.000000 0
524194 0.000000 0
524201 0.019910 0
524210 0.000000 0
524218 0.000000 0
524225 0.012340 0
524231 0.000000 0
524238 0.000000 0
524246 0.006760 0
524254 0.000000 0
524262 0.000000 0
524269 0.016570 0
524276 0.000000 0
524284 0.000000 0
524291 0.019130 0
524299 0.000000 0
524306 0.000000 0
524314 0.021740 0
524321 0.000000 0
524328 0.000000 0
524336 0.022430 0
524344 0.000000 0
524352 0.000000 0
524359 0.030000 0
524366 0.000000 0
524374 0.000000 0
524381 0.034490 0
524389 0.000000 0
524396 0.000000 0
524404 0.042790 0
524411 0.000000 0
524418 0.000000 0
524426 0.042790 0
524434 0.000000 0
524442 0.000000 0
524449 0.038860 0
524456 0.000000 0
524464 0.000000 0
524471 0.029480 0
524479 0.000000 0
524486 0.000000 0
524494 0.080140 0
524501 0.000000 0
524508 0.000000 0
524516 0.090680 0
524524 0.000000 0
524532 0.000000 0
524539 0.153090 0
524546 0.000000 0
524554 0.000000 0
524561 0.206000 0
524569 0.000000 0
524576 0.000000 0
524584 0.207510 0
524591 0.000000 0
524598 0.000000 0
524606 0.102680 0
524614 0.000000 0
524622 0.000000 0
524629 0.044880 0
524636 0.000000 0
524644 0.000000 0
524651 0.017900 0
524659 0.000000 0
524666 0.000000 0
524674 0.016100 0
524681 0.000000 0
524688 0.000000 0
524696 0.017010 0
524704 0.000000 0
524712 0.000000 0
524719 0.012950 0
524726 0.000000 0
524734 0.000000 0
524741 0.019530 0
524749 0.000000 0
524756 0.000000 0
524764 0.022770 0
524771 0.000000 0
524778 0.000000 0
524786 0.043670 0
524794 0.000000 0
524802 0.000000 0
524809 0.047030 0
524816 0.000000 0
524824 0.000000 0
524831 0.040020 0
524839 0.000000 0
524846 0.000000 0
524854 0.069540 0
524861 0.000000 0
524868 0.000000 0
524876 0.065350 0
524885 0.000000 0
524892 0.000000 0
524900 0.047200 0
524906 0.000000 0
524914 0.000000 0
524921 0.088210 0
524929 0.000000 0
524936 0.000000 0
524944 0.107820 0
524951 0.000000 0
524958 0.000000 0
524966 0.095030 0
524974 0.000000 0
524982 0.000000 0
524989 0.095990 0
524996 0.000000 0
525004 0.000000 0
525011 0.106750 0
525019 0.000000 0
525026 0.000000 0
525034 0.127890 0
525041 0.000000 0
525048 0.000000 0
525056 0.124930 0
525064 0.000000 0
525072 0.000000 0
525079 0.087690 0
525086 0.000000 0
525094 0.000000 0
525101 0.050480 0
525109 0.000000 0
525116 0.000000 0
525124 0.023760 0
525131 0.000000 0
525138 0.000000 0
525146 0.024380 0
525154 0.000000 0
525162 0.000000 0
525169 0.016570 0
525176 0.000000 0
525184 0.000000 0
525191 0.017900 0
525199 0.000000 0
525206 0.000000 0
525214 0.021030 0
525221 0.000000 0
525228 0.000000 0
525236 0.056600 0
525244 0.000000 0
525252 0.000000 0
525259 0.058590 0
525266 0.000000 0
525274 0.000000 0
525281 0.086110 0
525289 0.000000 0
525296 0.000000 0
525304 0.086990 0
525311 0.000000 0
525318 0.000000 0
525326 0.065710 0
525334 0.000000 0
525342 0.000000 0
525349 0.036850 0
525356 0.000000 0
525364 0.000000 0
525371 0.028700 0
525379 0.000000 0
525386 0.000000 0
525394 0.042600 0
525401 0.000000 0
525408 0.000000 0
525416 0.097020 0
525424 0.000000 0
525432 0.000000 0
525439 0.117570 0
525446 0.000000 0
525454 0.000000 0
525461 0.131240 0
525470 0.000000 0
525478 0.000000 0
525485 0.144530 0
525491 0.000000 0
525498 0.000000 0
525506 0.198260 0
525514 0.000000 0
525522 0.000000 0
525529 0.081180 0
525536 0.000000 0
525544 0.000000 0
525551 0.029220 0
525559 0.000000 0
525566 0.000000 0
525574 0.007810 0
525581 0.000000 0
525588 0.000000 0
525596 0.009570 0
525604 0.000000 0
525612 0.000000 0
525619 0.025910 0
525626 0.000000 0
525634 0.000000 0
525641 0.021740 0
525649 0.000000 0
525656 0.000000 0
525664 0.024380 0
525671 0.000000 0
525678 0.000000 0
525686 0.034490 0
525694 0.000000 0
525702 0.000000 0
525709 0.040590 0
525716 0.000000 0
525724 0.000000 0
525731 0.090680 0
525739 0.000000 0
525746 0.000000 0
525754 0.074530 0
525761 0.000000 0
525768 0.000000 0
525776 0.061750 0
525784 0.000000 0
525792 0.000000 0
525799 0.055240 0
525806 0.000000 0
525814 0.000000 0
525821 0.038470 0
525829 0.000000 0
525836 0.000000 0
525844 0.031970 0
525851 0.000000 0
525858 0.000000 0
525866 0.035160 0
525874 0.000000 0
525882 0.000000 0
525889 0.071600 0
525896 0.000000 0
525904 0.000000 0
525911 0.114350 0
525919 0.000000 0
525926 0.000000 0
525934 0.109650 0
525941 0.000000 0
525948 0.000000 0
525956 0.147920 0
525964 0.000000 0
525972 0.000000 0
525979 0.133150 0
525986 0.000000 0
525994 0.000000 0
526001 0.075140 0
526009 0.000000 0
526016 0.000000 0
526024 0.030990 0
526031 0.000000 0
526038 0.000000 0
526046 0.009570 0
526054 0.000000 0
526062 0.000000 0
526069 0.014600 0
526076 0.000000 0
526084 0.000000 0
526091 0.017010 0
526099 0.000000 0
526106 0.000000 0
526114 0.023440 0
526121 0.000000 0
526128 0.000000 0
526136 0.032440 0
526144 0.000000 0
526152 0.000000 0
526159 0.031480 0
526166 0.000000 0
526174 0.000000 0
526181 0.045720 0
526189 0.000000 0
526196 0.000000 0
526204 0.049870 0
526212 0.000000 0
526220 0.000000 0
526227 0.043840 0
526234 0.000000 0
526242 0.000000 0
526249 0.049710 0
526256 0.000000 0
526264 0.000000 0
526271 0.055100 0
526279 0.000000 0
526286 0.000000 0
526294 0.046710 0
526301 0.000000 0
526308 0.000000 0
526316 0.065580 0
526324 0.000000 0
526332 0.000000 0
526339 0.064880 0
526346 0.000000 0
526354 0.000000 0
526361 0.049090 0
526370 0.000000 0
526378 0.000000 0
526385 0.112730 0
526392 0.000000 0
526400 0.000000 0
526407 0.103490 0
526415 0.000000 0
526422 0.000000 0
526430 0.184660 0
526436 0.000000 0
526444 0.000000 0
526451 0.125960 0
526459 0.000000 0
526466 0.000000 0
526474 0.077930 0
526481 0.000000 0
526488 0.000000 0
526496 0.034710 0
526504 0.000000 0
526512 0.000000 0
526519 0.017900 0
526526 0.000000 0
526534 0.000000 0
526541 0.005520 0
526550 0.000000 0
526558 0.000000 0
526565 0.009570 0
526571 0.000000 0
526578 0.000000 0
526586 0.019530 0
526594 0.000000 0
526602 0.000000 0
526609 0.036220 0
526616 0.000000 0
526624 0.000000 0
526631 0.053700 0
526639 0.000000 0
526646 0.000000 0
526654 0.046050 0
526661 0.000000 0
526668 0.000000 0
526676 0.048310 0
526684 0.000000 0
526692 0.000000 0
526699 0.041700 0
526706 0.000000 0
526714 0.000000 0
526721 0.064770 0
526729 0.000000 0
526736 0.000000 0
526744 0.069210 0
526751 0.000000 0
526758 0.000000 0
526766 0.066160 0
526774 0.000000 0
526782 0.000000 0
526789 0.071600 0
526796 0.000000 0
526804 0.000000 0
526811 0.060380 0
526819 0.000000 0
526826 0.000000 0
526834 0.068440 0
526842 0.000000 0
526850 0.000000 0
526857 0.113340 0
526864 0.000000 0
526872 0.000000 0
526879 0.097730 0
526886 0.000000 0
526894 0.000000 0
526901 0.126150 0
526909 0.000000 0
526916 0.000000 0
526924 0.110410 0
526931 0.000000 0
526938 0.000000 0
526946 0.064420 0
526954 0.000000 0
526962 0.000000 0
526969 0.035370 0
526976 0.000000 0
526984 0.000000 0
526991 0.014600 0
526999 0.000000 0
527006 0.000000 0
527014 0.011720 0
527021 0.000000 0
527028 0.000000 0
527036 0.005520 0
527045 0.000000 0
527052 0.000000 0
527060 0.007810 0
527066 0.000000 0
527074 0.000000 0
527081 0.012340 0
527089 0.000000 0
527096 0.000000 0
527104 0.054690 0
527111 0.000000 0
527118 0.000000 0
527126 0.114490 0
527134 0.000000 0
527142 0.000000 0
527149 0.103930 0
527156 0.000000 0
527164 0.000000 0
527171 0.076650 0
527179 0.000000 0
527186 0.000000 0
527194 0.072860 0
527201 0.000000 0
527208 0.000000 0
527216 0.051670 0
527225 0.000000 0
527232 0.000000 0
527240 0.046880 0
527246 0.000000 0
527254 0.000000 0
527261 0.035370 0
527269 0.000000 0
527276 0.000000 0
527284 0.018310 0
527291 0.000000 0
527298 0.000000 0
527306 0.010330 0
527314 0.000000 0
527322 0.000000 0
527329 0.144210 0
527336 0.000000 0
527344 0.000000 0
527351 0.275610 0
527359 0.000000 0
527366 0.000000 0
527374 0.160200 0
527381 0.000000 0
527388 0.000000 0
527396 0.075140 0
527404 0.000000 0
527412 0.000000 0
527419 0.035160 0
527426 0.000000 0
527434 0.000000 0
527441 0.018310 0
527449 0.000000 0
527456 0.000000 0
527464 0.017010 0
527471 0.000000 0
527478 0.000000 0
527486 0.027050 0
527494 0.000000 0
527502 0.000000 0
527509 0.037660 0
527516 0.000000 0
527524 0.000000 0
527531 0.064880 0
527539 0.000000 0
527546 0.000000 0
527554 0.098890 0
527561 0.000000 0
527568 0.000000 0
527576 0.077620 0
527584 0.000000 0
527592 0.000000 0
527599 0.082220 0
527606 0.000000 0
527614 0.000000 0
527621 0.071380 0
527629 0.000000 0
527636 0.000000 0
527644 0.064420 0
527651 0.000000 0
527658 0.000000 0
527666 0.039640 0
527674 0.000000 0
527682 0.000000 0
527689 0.033140 0
527696 0.000000 0
527704 0.000000 0
527711 0.019130 0
527719 0.000000 0
527726 0.000000 0
527734 0.016570 0
527741 0.000000 0
527748 0.000000 0
527756 0.010330 0
527764 0.000000 0
527772 0.000000 0
527779 0.088380 0
527786 0.000000 0
527794 0.000000 0
527801 0.078710 0
527809 0.000000 0
527816 0.000000 0
527824 0.112460 0
527831 0.000000 0
527838 0.000000 0
527846 0.094790 0
527854 0.000000 0
527862 0.000000 0
527869 0.059880 0
527876 0.000000 0
527884 0.000000 0
527891 0.037460 0
527899 0.000000 0
527906 0.000000 0
527914 0.009570 0
527921 0.000000 0
527928 0.000000 0
527936 0.009570 0
527944 0.000000 0
527952 0.000000 0
527959 0.007810 0
527966 0.000000 0
527974 0.000000 0
527981 0.008730 0
527989 0.000000 0
527996 0.000000 0
528004 0.012950 0
528011 0.000000 0
528018 0.000000 0
528026 0.053830 0
528034 0.000000 0
528042 0.000000 0
528049 0.042420 0
528056 0.000000 0
528064 0.000000 0
528071 0.031970 0
528079 0.000000 0
528086 0.000000 0
528094 0.035160 0
528101 0.000000 0
528108 0.000000 0
528116 0.037870 0
528125 0.000000 0
528132 0.000000 0
528140 0.051380 0
528146 0.000000 0
528154 0.000000 0
528161 0.055100 0
528169 0.000000 0
528176 0.000000 0
528184 0.064420 0
528191 0.000000 0
528198 0.000000 0
528206 0.057800 0
528214 0.000000 0
528222 0.000000 0
528229 0.056730 0
528236 0.000000 0
528244 0.000000 0
528251 0.123460 0
528259 0.000000 0
528266 0.000000 0
528274 0.187170 0
528281 0.000000 0
528288 0.000000 0
528296 0.208580 0
528304 0.000000 0
528312 0.000000 0
528319 0.147100 0
528326 0.000000 0
528334 0.000000 0
528341 0.053700 0
528349 0.000000 0
528356 0.000000 0
528364 0.024080 0
528371 0.000000 0
528378 0.000000 0
528386 0.011720 0
528394 0.000000 0
528402 0.000000 0
528409 0.014080 0
528416 0.000000 0
528424 0.000000 0
528431 0.005520 0
528439 0.000000 0
528446 0.000000 0
528454 0.005520 0
528461 0.000000 0
528468 0.000000 0
528476 0.020290 0
528484 0.000000 0
528492 0.000000 0
528499 0.040960 0
528506 0.000000 0
528514 0.000000 0
528521 0.037660 0
528529 0.000000 0
528536 0.000000 0
528544 0.047200 0
528551 0.000000 0
528558 0.000000 0
528566 0.054690 0
528574 0.000000 0
528582 0.000000 0
528589 0.039440 0
528596 0.000000 0
528604 0.000000 0
528611 0.020290 0
528619 0.000000 0
528626 0.000000 0
528634 0.107390 0
528641 0.000000 0
528648 0.000000 0
528656 0.186070 0
528664 0.000000 0
528672 0.000000 0
528679 0.190010 0
528686 0.000000 0
528694 0.000000 0
528701 0.147510 0
528709 0.000000 0
528716 0.000000 0
528724 0.148270 0
528731 0.000000 0
528738 0.000000 0
528746 0.081470 0
528754 0.000000 0
528762 0.000000 0
528769 0.110690 0
528776 0.000000 0
528784 0.000000 0
528791 0.090590 0
528799 0.000000 0
528806 0.000000 0
528814 0.057800 0
528821 0.000000 0
528828 0.000000 0
528836 0.020660 0
528844 0.000000 0
528852 0.000000 0
528859 0.012340 0
528866 0.000000 0
528874 0.000000 0
528881 0.009570 0
528889 0.000000 0
528896 0.000000 0
528904 0.012340 0
528911 0.000000 0
528918 0.000000 0
528926 0.011050 0
528935 0.000000 0
528942 0.000000 0
528950 0.018310 0
528956 0.000000 0
528964 0.000000 0
528971 0.058200 0
528979 0.000000 0
528986 0.000000 0
528994 0.123160 0
529001 0.000000 0
529008 0.000000 0
529016 0.140020 0
529024 0.000000 0
529032 0.000000 0
529039 0.131940 0
529046 0.000000 0
529054 0.000000 0
529061 0.100420 0
529069 0.000000 0
529076 0.000000 0
529084 0.070530 0
529091 0.000000 0
529098 0.000000 0
529106 0.018720 0
529114 0.000000 0
529122 0.000000 0
529129 0.013520 0
529136 0.000000 0
529144 0.000000 0
529151 0.007810 0
529159 0.000000 0
529166 0.000000 0
529174 0.125470 0
529181 0.000000 0
529188 0.000000 0
529196 0.162460 0
529204 0.000000 0
529212 0.000000 0
529219 0.224730 0
529226 0.000000 0
529234 0.000000 0
529241 0.231300 0
529249 0.000000 0
529256 0.000000 0
529264 0.096790 0
529271 0.000000 0
529278 0.000000 0
529286 0.035370 0
529294 0.000000 0
529302 0.000000 0
529309 0.019130 0
529316 0.000000 0
529324 0.000000 0
529331 0.017010 0
529339 0.000000 0
529346 0.000000 0
529354 0.022770 0
529361 0.000000 0
529368 0.000000 0
529376 0.041340 0
529384 0.000000 0
529392 0.000000 0
529399 0.039060 0
529406 0.000000 0
529414 0.000000 0
529421 0.041340 0
529429 0.000000 0
529436 0.000000 0
529444 0.026200 0
529451 0.000000 0
529458 0.000000 0
529466 0.029480 0
529474 0.000000 0
529482 0.000000 0
529489 0.050780 0
529496 0.000000 0
529504 0.000000 0
529511 0.055370 0
529519 0.000000 0
529526 0.000000 0
529534 0.064770 0
529541 0.000000 0
529548 0.000000 0
529556 0.080810 0
529565 0.000000 0
529572 0.000000 0
529580 0.065250 0
529586 0.000000 0
529594 0.000000 0
529601 0.063220 0
529609 0.000000 0
529616 0.000000 0
529624 0.055510 0
529631 0.000000 0
529638 0.000000 0
529646 0.104520 0
529654 0.000000 0
529662 0.000000 0
529669 0.114020 0
529676 0.000000 0
529684 0.000000 0
529691 0.196170 0
529699 0.000000 0
529706 0.000000 0
529714 0.159670 0
529721 0.000000 0
529728 0.000000 0
529736 0.077440 0
529744 0.000000 0
529752 0.000000 0
529759 0.027050 0
529766 0.000000 0
529774 0.000000 0
529781 0.017460 0
529789 0.000000 0
529796 0.000000 0
529804 0.020660 0
529811 0.000000 0
529818 0.000000 0
529826 0.031720 0
529834 0.000000 0
529842 0.000000 0
529849 0.031480 0
529856 0.000000 0
529864 0.000000 0
529871 0.024080 0
529879 0.000000 0
529886 0.000000 0
529894 0.051960 0
529901 0.000000 0
529908 0.000000 0
529916 0.048940 0
529925 0.000000 0
529932 0.000000 0
529940 0.053270 0
529946 0.000000 0
529954 0.000000 0
529961 0.055370 0
529969 0.000000 0
529976 0.000000 0
529984 0.064650 0
529991 0.000000 0
529998 0.000000 0
530006 0.061140 0
530014 0.000000 0
530022 0.000000 0
530029 0.056060 0
530036 0.000000 0
530044 0.000000 0
530051 0.061140 0
530059 0.000000 0
530066 0.000000 0
530074 0.051380 0
530081 0.000000 0
530088 0.000000 0
530096 0.047200 0
530104 0.000000 0
530112 0.000000 0
530119 0.064420 0
530126 0.000000 0
530134 0.000000 0
530141 0.083770 0
530149 0.000000 0
530156 0.000000 0
530164 0.167380 0
530171 0.000000 0
530178 0.000000 0
530186 0.127170 0
530194 0.000000 0
530202 0.000000 0
530209 0.054960 0
530216 0.000000 0
530224 0.000000 0
530231 0.027050 0
530240 0.000000 0
530248 0.000000 0
530255 0.017900 0
530261 0.000000 0
530268 0.000000 0
530276 0.016100 0
530284 0.000000 0
530292 0.000000 0
530299 0.015120 0
530306 0.000000 0
530314 0.000000 0
530321 0.023760 0
530329 0.000000 0
530336 0.000000 0
530344 0.042420 0
530351 0.000000 0
530358 0.000000 0
530366 0.051510 0
530374 0.000000 0
530382 0.000000 0
530389 0.051960 0
530396 0.000000 0
530404 0.000000 0
530411 0.042250 0
530419 0.000000 0
530426 0.000000 0
530434 0.045720 0
530441 0.000000 0
530448 0.000000 0
530456 0.056200 0
530464 0.000000 0
530472 0.000000 0
530479 0.068210 0
530486 0.000000 0
530494 0.000000 0
530501 0.056870 0
530509 0.000000 0
530516 0.000000 0
530524 0.075030 0
530531 0.000000 0
530538 0.000000 0
530546 0.056600 0
530554 0.000000 0
530562 0.000000 0
530569 0.106830 0
530576 0.000000 0
530584 0.000000 0
530591 0.094220 0
530600 0.000000 0
530608 0.000000 0
530615 0.150470 0
530621 0.000000 0
530628 0.000000 0
530636 0.111440 0
530644 0.000000 0
530652 0.000000 0
530659 0.064770 0
530666 0.000000 0
530674 0.000000 0
530681 0.029220 0
530690 0.000000 0
530698 0.000000 0
530705 0.020660 0
530711 0.000000 0
530718 0.000000 0
530726 0.009570 0
530735 0.000000 0
530742 0.000000 0
530750 0.016570 0
530756 0.000000 0
530764 0.000000 0
530771 0.038860 0
530779 0.000000 0
530786 0.000000 0
530794 0.056460 0
530801 0.000000 0
530808 0.000000 0
530816 0.063940 0
530824 0.000000 0
530832 0.000000 0
530839 0.059880 0
530846 0.000000 0
530854 0.000000 0
530861 0.037260 0
530869 0.000000 0
530876 0.000000 0
530884 0.040210 0
530891 0.000000 0
530898 0.000000 0
530906 0.052980 0
530914 0.000000 0
530922 0.000000 0
530929 0.056460 0
530936 0.000000 0
530944 0.000000 0
530951 0.095280 0
530959 0.000000 0
530966 0.000000 0
530974 0.096540 0
530981 0.000000 0
530988 0.000000 0
530996 0.059750 0
531004 0.000000 0
531012 0.000000 0
531019 0.072540 0
531026 0.000000 0
531034 0.000000 0
531041 0.080520 0
531050 0.000000 0
531058 0.000000 0
531065 0.124250 0
531071 0.000000 0
531078 0.000000 0
531086 0.172490 0
531094 0.000000 0
531102 0.000000 0
531109 0.124930 0
531116 0.000000 0
531124 0.000000 0
531131 0.053270 0
531139 0.000000 0
531146 0.000000 0
531154 0.027340 0
531161 0.000000 0
531168 0.000000 0
531176 0.006760 0
531184 0.000000 0
531192 0.000000 0
531199 0.015120 0
531206 0.000000 0
531214 0.000000 0
531221 0.008730 0
531229 0.000000 0
531236 0.000000 0
531244 0.016570 0
531251 0.000000 0
531258 0.000000 0
531266 0.037460 0
531274 0.000000 0
531282 0.000000 0
531289 0.040770 0
531296 0.000000 0
531304 0.000000 0
531311 0.047030 0
531320 0.000000 0
531328 0.000000 0
531335 0.066870 0
531341 0.000000 0
531348 0.000000 0
531356 0.065580 0
531364 0.000000 0
531372 0.000000 0
531379 0.049710 0
531386 0.000000 0
531394 0.000000 0
531401 0.043670 0
531409 0.000000 0
531416 0.000000 0
531424 0.043670 0
531431 0.000000 0
531438 0.000000 0
531446 0.057800 0
531454 0.000000 0
531462 0.000000 0
531469 0.041890 0
531476 0.000000 0
531484 0.000000 0
531491 0.058060 0
531499 0.000000 0
531506 0.000000 0
531514 0.127050 0
531521 0.000000 0
531528 0.000000 0
531536 0.135320 0
531544 0.000000 0
531552 0.000000 0
531559 0.150120 0
531566 0.000000 0
531574 0.000000 0
531581 0.105750 0
531589 0.000000 0
531596 0.000000 0
531604 0.053120 0
531611 0.000000 0
531618 0.000000 0
531626 0.021740 0
531634 0.000000 0
531642 0.000000 0
531649 0.022100 0
531656 0.000000 0
531664 0.000000 0
531671 0.018310 0
531679 0.000000 0
531686 0.000000 0
531694 0.022100 0
531701 0.000000 0
531708 0.000000 0
531716 0.018720 0
531724 0.000000 0
531732 0.000000 0
531739 0.052110 0
531746 0.000000 0
531754 0.000000 0
531761 0.046370 0
531769 0.000000 0
531776 0.000000 0
531784 0.036420 0
531791 0.000000 0
531798 0.000000 0
531806 0.031250 0
531814 0.000000 0
531822 0.000000 0
531829 0.050780 0
531836 0.000000 0
531844 0.000000 0
531851 0.068880 0
531859 0.000000 0
531866 0.000000 0
531874 0.053410 0
531881 0.000000 0
531888 0.000000 0
531896 0.072340 0
531905 0.000000 0
531912 0.000000 0
531920 0.083040 0
531926 0.000000 0
531934 0.000000 0
531941 0.080340 0
531949 0.000000 0
531956 0.000000 0
531964 0.046880 0
531971 0.000000 0
531978 0.000000 0
531986 0.093100 0
531994 0.000000 0
532002 0.000000 0
532009 0.135480 0
532016 0.000000 0
532024 0.000000 0
532031 0.202700 0
532039 0.000000 0
532046 0.000000 0
532054 0.076740 0
532061 0.000000 0
532068 0.000000 0
532076 0.030500 0
532084 0.000000 0
532092 0.000000 0
532099 0.009570 0
532106 0.000000 0
532114 0.000000 0
532121 0.007810 0
532129 0.000000 0
532136 0.000000 0
532144 0.015630 0
532151 0.000000 0
532158 0.000000 0
532166 0.023440 0
532174 0.000000 0
532182 0.000000 0
532189 0.034270 0
532196 0.000000 0
532204 0.000000 0
532211 0.051820 0
532219 0.000000 0
532226 0.000000 0
532234 0.056870 0
532241 0.000000 0
532248 0.000000 0
532256 0.051510 0
532264 0.000000 0
532272 0.000000 0
532279 0.044190 0
532286 0.000000 0
532294 0.000000 0
532301 0.047990 0
532310 0.000000 0
532318 0.000000 0
532325 0.038270 0
532331 0.000000 0
532338 0.000000 0
532346 0.044360 0
532354 0.000000 0
532362 0.000000 0
532369 0.057940 0
532377 0.000000 0
532384 0.000000 0
532392 0.080990 0
532399 0.000000 0
532406 0.000000 0
532414 0.077240 0
532421 0.000000 0
532428 0.000000 0
532436 0.107040 0
532444 0.000000 0
532452 0.000000 0
532459 0.121970 0
532466 0.000000 0
532474 0.000000 0
532481 0.163030 0
532489 0.000000 0
532496 0.000000 0
532504 0.084860 0
532511 0.000000 0
532518 0.000000 0
532526 0.039440 0
532534 0.000000 0
532542 0.000000 0
532549 0.009570 0
532556 0.000000 0
532564 0.000000 0
532571 0.011050 0
532579 0.000000 0
532586 0.000000 0
532594 0.012340 0
532601 0.000000 0
532608 0.000000 0
532616 0.011720 0
532624 0.000000 0
532632 0.000000 0
532639 0.021390 0
532646 0.000000 0
532654 0.000000 0
532661 0.082950 0
532669 0.000000 0
532676 0.000000 0
532684 0.087510 0
532691 0.000000 0
532698 0.000000 0
532706 0.067540 0
532714 0.000000 0
532722 0.000000 0
532729 0.071490 0
532736 0.000000 0
532744 0.000000 0
532751 0.057540 0
532759 0.000000 0
532766 0.000000 0
532774 0.050780 0
532781 0.000000 0
532788 0.000000 0
532796 0.057940 0
532804 0.000000 0
532812 0.000000 0
532819 0.077730 0
532826 0.000000 0
532834 0.000000 0
532841 0.064300 0
532849 0.000000 0
532856 0.000000 0
532864 0.052260 0
532871 0.000000 0
532878 0.000000 0
532886 0.092520 0
532894 0.000000 0
532902 0.000000 0
532909 0.136770 0
532916 0.000000 0
532924 0.000000 0
532931 0.185950 0
532939 0.000000 0
532946 0.000000 0
532954 0.180580 0
532961 0.000000 0
532968 0.000000 0
532976 0.066290 0
532984 0.000000 0
532992 0.000000 0
532999 0.013520 0
533006 0.000000 0
533014 0.000000 0
533021 0.015630 0
533029 0.000000 0
533036 0.000000 0
533044 0.037050 0
533051 0.000000 0
533058 0.000000 0
533066 0.040960 0
533074 0.000000 0
533082 0.000000 0
533089 0.027620 0
533096 0.000000 0
533104 0.000000 0
533111 0.034490 0
533119 0.000000 0
533126 0.000000 0
533134 0.031970 0
533141 0.000000 0
533148 0.000000 0
533156 0.039060 0
533164 0.000000 0
533172 0.000000 0
533179 0.039640 0
533186 0.000000 0
533194 0.000000 0
533201 0.047990 0
533210 0.000000 0
533218 0.000000 0
533225 0.047670 0
533231 0.000000 0
533238 0.000000 0
533246 0.041520 0
533255 0.000000 0
533262 0.000000 0
533270 0.045880 0
533276 0.000000 0
533284 0.000000 0
533291 0.060140 0
533300 0.000000 0
533308 0.000000 0
533315 0.071380 0
533321 0.000000 0
533328 0.000000 0
533336 0.083590 0
533344 0.000000 0
533352 0.000000 0
533359 0.130080 0
533366 0.000000 0
533374 0.000000 0
533381 0.116530 0
533389 0.000000 0
533396 0.000000 0
533404 0.136660 0
533411 0.000000 0
533418 0.000000 0
533426 0.107040 0
533434 0.000000 0
533442 0.000000 0
533449 0.065480 0
533456 0.000000 0
533464 0.000000 0
533471 0.031720 0
533480 0.000000 0
533488 0.000000 0
533495 0.007810 0
533501 0.000000 0
533508 0.000000 0
533516 0.012340 0
533525 0.000000 0
533532 0.000000 0
533540 0.010330 0
533546 0.000000 0
533554 0.000000 0
533561 0.016100 0
533569 0.000000 0
533576 0.000000 0
533584 0.018310 0
533592 0.000000 0
533600 0.000000 0
533607 0.042420 0
533614 0.000000 0
533622 0.000000 0
533629 0.048160 0
533636 0.000000 0
533644 0.000000 0
533651 0.048630 0
533659 0.000000 0
533666 0.000000 0
533674 0.052260 0
533681 0.000000 0
533688 0.000000 0
533696 0.038070 0
533704 0.000000 0
533712 0.000000 0
533719 0.046710 0
533726 0.000000 0
533734 0.000000 0
533741 0.041520 0
533749 0.000000 0
533756 0.000000 0
533764 0.062000 0
533771 0.000000 0
533778 0.000000 0
533786 0.060380 0
533794 0.000000 0
533802 0.000000 0
533809 0.060880 0
533816 0.000000 0
533824 0.000000 0
533831 0.114750 0
533839 0.000000 0
533846 0.000000 0
533854 0.156630 0
533861 0.000000 0
533868 0.000000 0
533876 0.195700 0
533884 0.000000 0
533892 0.000000 0
533899 0.137270 0
533906 0.000000 0
533914 0.000000 0
533921 0.039440 0
533929 0.000000 0
533936 0.000000 0
533944 0.011050 0
533951 0.000000 0
533958 0.000000 0
533966 0.005520 0
533974 0.000000 0
533982 0.000000 0
533989 0.013520 0
533996 0.000000 0
534004 0.000000 0
534011 0.021740 0
534019 0.000000 0
534026 0.000000 0
534034 0.017010 0
534041 0.000000 0
534048 0.000000 0
534056 0.037260 0
534064 0.000000 0
534072 0.000000 0
534079 0.062610 0
534086 0.000000 0
534094 0.000000 0
534101 0.066870 0
534109 0.000000 0
534116 0.000000 0
534124 0.064060 0
534131 0.000000 0
534138 0.000000 0
534146 0.071600 0
534154 0.000000 0
534162 0.000000 0
534169 0.074420 0
534176 0.000000 0
534184 0.000000 0
534191 0.057940 0
534199 0.000000 0
534206 0.000000 0
534214 0.059100 0
534221 0.000000 0
534228 0.000000 0
534236 0.057940 0
534245 0.000000 0
534252 0.000000 0
534260 0.088810 0
534266 0.000000 0
534274 0.000000 0
534281 0.075330 0
534289 0.000000 0
534296 0.000000 0
534304 0.092930 0
534311 0.000000 0
534318 0.000000 0
534326 0.108030 0
534334 0.000000 0
534342 0.000000 0
534349 0.180740 0
534356 0.000000 0
534364 0.000000 0
534371 0.093580 0
534379 0.000000 0
534386 0.000000 0
534394 0.045720 0
534401 0.000000 0
534408 0.000000 0
534416 0.012340 0
534424 0.000000 0
534432 0.000000 0
534439 0.014080 0
534446 0.000000 0
534454 0.000000 0
534461 0.014080 0
534469 0.000000 0
534476 0.000000 0
534484 0.009570 0
534491 0.000000 0
534498 0.000000 0
534506 0.022770 0
534514 0.000000 0
534522 0.000000 0
534529 0.035800 0
534536 0.000000 0
534544 0.000000 0
534551 0.047990 0
534559 0.000000 0
534566 0.000000 0
534574 0.046540 0
534581 0.000000 0
534588 0.000000 0
534596 0.049870 0
534604 0.000000 0
534612 0.000000 0
534619 0.059240 0
534626 0.000000 0
534634 0.000000 0
534641 0.055240 0
534649 0.000000 0
534656 0.000000 0
534664 0.033140 0
534671 0.000000 0
534678 0.000000 0
534686 0.045880 0
534694 0.000000 0
534702 0.000000 0
534709 0.054540 0
534716 0.000000 0
534724 0.000000 0
534731 0.052400 0
534739 0.000000 0
534746 0.000000 0
534754 0.063580 0
534761 0.000000 0
534768 0.000000 0
534776 0.081740 0
534784 0.000000 0
534792 0.000000 0
534799 0.151580 0
534806 0.000000 0
534814 0.000000 0
534821 0.140350 0
534829 0.000000 0
534836 0.000000 0
534844 0.094470 0
534851 0.000000 0
534858 0.000000 0
534866 0.044530 0
534874 0.000000 0
534882 0.000000 0
534889 0.017010 0
534896 0.000000 0
534904 0.000000 0
534911 0.006760 0
534919 0.000000 0
534926 0.000000 0
534934 0.035800 0
534941 0.000000 0
534948 0.000000 0
534956 0.035370 0
534964 0.000000 0
534972 0.000000 0
534979 0.047990 0
534986 0.000000 0
534994 0.000000 0
535001 0.039060 0
535009 0.000000 0
535016 0.000000 0
535024 0.025600 0
535031 0.000000 0
535038 0.000000 0
535046 0.026780 0
535054 0.000000 0
535062 0.000000 0
535069 0.021390 0
535076 0.000000 0
535084 0.000000 0
535091 0.025600 0
535099 0.000000 0
535106 0.000000 0
535114 0.042070 0
535121 0.000000 0
535128 0.000000 0
535136 0.047990 0
535144 0.000000 0
535152 0.000000 0
535159 0.054120 0
535166 0.000000 0
535174 0.000000 0
535181 0.042250 0
535189 0.000000 0
535196 0.000000 0
535204 0.070310 0
535211 0.000000 0
535218 0.000000 0
535226 0.134920 0
535234 0.000000 0
535242 0.000000 0
535249 0.165590 0
535257 0.000000 0
535264 0.000000 0
535272 0.150840 0
535279 0.000000 0
535286 0.000000 0
535294 0.096790 0
535301 0.000000 0
535308 0.000000 0
535316 0.040960 0
535324 0.000000 0
535332 0.000000 0
535339 0.016570 0
535348 0.000000 0
535356 0.000000 0
535363 0.010330 0
535369 0.000000 0
535376 0.000000 0
535384 0.014080 0
535393 0.000000 0
535400 0.000000 0
535408 0.022770 0
535414 0.000000 0
535422 0.000000 0
535429 0.020660 0
535438 0.000000 0
535446 0.000000 0
535453 0.062000 0
535459 0.000000 0
535466 0.000000 0
535474 0.064880 0
535482 0.000000 0
535490 0.000000 0
535497 0.026200 0
535504 0.000000 0
535512 0.000000 0
535519 0.041340 0
535528 0.000000 0
535536 0.000000 0
535543 0.030000 0
535549 0.000000 0
535556 0.000000 0
535564 0.023440 0
535571 0.000000 0
535578 0.000000 0
535586 0.027340 0
535595 0.000000 0
535602 0.000000 0
535610 0.080810 0
535616 0.000000 0
535624 0.000000 0
535631 0.094320 0
535639 0.000000 0
535646 0.000000 0
535654 0.093830 0
535663 0.000000 0
535670 0.000000 0
535678 0.078420 0
535684 0.000000 0
535692 0.000000 0
535699 0.126450 0
535708 0.000000 0
535716 0.000000 0
535723 0.230620 0
535729 0.000000 0
535736 0.000000 0
535744 0.203980 0
535752 0.000000 0
535760 0.000000 0
535767 0.069760 0
535774 0.000000 0
535782 0.000000 0
535789 0.026490 0
535797 0.000000 0
535804 0.000000 0
535812 0.012950 0
535819 0.000000 0
535826 0.000000 0
535834 0.008730 0
535842 0.000000 0
535850 0.000000 0
535857 0.012340 0
535864 0.000000 0
535872 0.000000 0
535879 0.015630 0
535887 0.000000 0
535894 0.000000 0
535902 0.016100 0
535909 0.000000 0
535916 0.000000 0
535924 0.037660 0
535933 0.000000 0
535940 0.000000 0
535948 0.055370 0
535954 0.000000 0
535962 0.000000 0
535969 0.060500 0
535978 0.000000 0
535986 0.000000 0
535993 0.050920 0
535999 0.000000 0
536006 0.000000 0
536014 0.044010 0
536023 0.000000 0
536030 0.000000 0
536038 0.036010 0
536044 0.000000 0
536052 0.000000 0
536059 0.036010 0
536067 0.000000 0
536074 0.000000 0
536082 0.106030 0
536089 0.000000 0
536096 0.000000 0
536104 0.160200 0
536112 0.000000 0
536120 0.000000 0
536127 0.161200 0
536134 0.000000 0
536142 0.000000 0
536149 0.131470 0
536157 0.000000 0
536164 0.000000 0
536172 0.107120 0
536179 0.000000 0
536186 0.000000 0
536194 0.110000 0
536203 0.000000 0
536210 0.000000 0
536218 0.102830 0
536224 0.000000 0
536232 0.000000 0
536239 0.060380 0
536246 0.000000 0
536254 0.000000 0
536261 0.025310 0
536269 0.000000 0
536276 0.000000 0
536284 0.010330 0
536292 0.000000 0
536300 0.000000 0
536307 0.011050 0
536314 0.000000 0
536322 0.000000 0
536329 0.013520 0
536337 0.000000 0
536344 0.000000 0
536352 0.026780 0
536359 0.000000 0
536366 0.000000 0
536374 0.030750 0
536382 0.000000 0
536390 0.000000 0
536397 0.058320 0
536404 0.000000 0
536412 0.000000 0
536419 0.054830 0
536427 0.000000 0
536434 0.000000 0
536442 0.091690 0
536449 0.000000 0
536456 0.000000 0
536464 0.092100 0
536472 0.000000 0
536480 0.000000 0
536487 0.084230 0
536494 0.000000 0
536502 0.000000 0
536509 0.067660 0
536517 0.000000 0
536524 0.000000 0
536532 0.034270 0
536539 0.000000 0
536546 0.000000 0
536554 0.058720 0
536563 0.000000 0
536570 0.000000 0
536578 0.095990 0
536584 0.000000 0
536592 0.000000 0
536599 0.098510 0
536608 0.000000 0
536616 0.000000 0
536623 0.093170 0
536629 0.000000 0
536636 0.000000 0
536644 0.087160 0
536652 0.000000 0
536660 0.000000 0
536667 0.228760 0
536674 0.000000 0
536682 0.000000 0
536689 0.142350 0
536698 0.000000 0
536706 0.000000 0
536713 0.044360 0
536719 0.000000 0
536726 0.000000 0
536734 0.008730 0
536743 0.000000 0
536750 0.000000 0
536758 0.009570 0
536764 0.000000 0
536772 0.000000 0
536779 0.019130 0
536787 0.000000 0
536794 0.000000 0
536802 0.014080 0
536809 0.000000 0
536816 0.000000 0
536824 0.039830 0
536832 0.000000 0
536840 0.000000 0
536847 0.040210 0
536854 0.000000 0
536862 0.000000 0
536869 0.036850 0
536877 0.000000 0
536884 0.000000 0
536892 0.034040 0
536899 0.000000 0
536906 0.000000 0
536914 0.045880 0
536922 0.000000 0
536930 0.000000 0
536937 0.048310 0
536944 0.000000 0
536952 0.000000 0
536959 0.044360 0
536968 0.000000 0
536976 0.000000 0
536983 0.044710 0
536989 0.000000 0
536996 0.000000 0
537004 0.041890 0
537012 0.000000 0
537020 0.000000 0
537027 0.043490 0
537034 0.000000 0
537042 0.000000 0
537049 0.049560 0
537057 0.000000 0
537064 0.000000 0
537072 0.060880 0
537079 0.000000 0
537086 0.000000 0
537094 0.096390 0
537102 0.000000 0
537110 0.000000 0
537117 0.087600 0
537124 0.000000 0
537132 0.000000 0
537139 0.147450 0
537147 0.000000 0
537154 0.000000 0
537162 0.107260 0
537169 0.000000 0
537176 0.000000 0
537184 0.063100 0
537192 0.000000 0
537200 0.000000 0
537207 0.037050 0
537214 0.000000 0
537222 0.000000 0
537229 0.007810 0
537237 0.000000 0
537244 0.000000 0
537252 0.011050 0
537259 0.000000 0
537266 0.000000 0
537274 0.011720 0
537282 0.000000 0
537290 0.000000 0
537297 0.017010 0
537304 0.000000 0
537312 0.000000 0
537319 0.046880 0
537327 0.000000 0
537334 0.000000 0
537342 0.056460 0
537349 0.000000 0
537356 0.000000 0
537364 0.044710 0
537372 0.000000 0
537380 0.000000 0
537387 0.043490 0
537394 0.000000 0
537402 0.000000 0
537409 0.047840 0
537418 0.000000 0
537426 0.000000 0
537433 0.041150 0
537439 0.000000 0
537446 0.000000 0
537454 0.047840 0
537463 0.000000 0
537470 0.000000 0
537478 0.066160 0
537484 0.000000 0
537492 0.000000 0
537499 0.063710 0
537508 0.000000 0
537516 0.000000 0
537523 0.066290 0
537529 0.000000 0
537536 0.000000 0
537544 0.066060 0
537552 0.000000 0
537560 0.000000 0
537567 0.093980 0
537574 0.000000 0
537582 0.000000 0
537589 0.120780 0
537597 0.000000 0
537604 0.000000 0
537612 0.218840 0
537619 0.000000 0
537626 0.000000 0
537634 0.125900 0
537643 0.000000 0
537650 0.000000 0
537658 0.036220 0
537664 0.000000 0
537672 0.000000 0
537679 0.011050 0
537687 0.000000 0
537694 0.000000 0
537702 0.024380 0
537709 0.000000 0
537716 0.000000 0
537724 0.016100 0
537732 0.000000 0
537740 0.000000 0
537747 0.008730 0
537754 0.000000 0
537762 0.000000 0
537769 0.011720 0
537777 0.000000 0
537784 0.000000 0
537792 0.040210 0
537799 0.000000 0
537806 0.000000 0
537814 0.052690 0
537822 0.000000 0
537830 0.000000 0
537837 0.065830 0
537844 0.000000 0
537852 0.000000 0
537859 0.060380 0
537867 0.000000 0
537874 0.000000 0
537882 0.051070 0
537889 0.000000 0
537896 0.000000 0
537904 0.048630 0
537912 0.000000 0
537920 0.000000 0
537927 0.056200 0
537934 0.000000 0
537942 0.000000 0
537949 0.052980 0
537957 0.000000 0
537964 0.000000 0
537972 0.034930 0
537979 0.000000 0
537986 0.000000 0
537994 0.077040 0
538002 0.000000 0
538010 0.000000 0
538017 0.130140 0
538024 0.000000 0
538032 0.000000 0
538039 0.132400 0
538047 0.000000 0
538054 0.000000 0
538062 0.144000 0
538069 0.000000 0
538076 0.000000 0
538084 0.105970 0
538093 0.000000 0
538100 0.000000 0
538108 0.045880 0
538114 0.000000 0
538122 0.000000 0
538129 0.016100 0
538137 0.000000 0
538144 0.000000 0
538152 0.005520 0
538159 0.000000 0
538166 0.000000 0
538174 0.018310 0
538183 0.000000 0
538190 0.000000 0
538198 0.016570 0
538204 0.000000 0
538212 0.000000 0
538219 0.052110 0
538227 0.000000 0
538234 0.000000 0
538242 0.063220 0
538249 0.000000 0
538256 0.000000 0
538264 0.048460 0
538273 0.000000 0
538280 0.000000 0
538288 0.047840 0
538294 0.000000 0
538302 0.000000 0
538309 0.046710 0
538317 0.000000 0
538324 0.000000 0
538332 0.043840 0
538339 0.000000 0
538346 0.000000 0
538354 0.041340 0
538362 0.000000 0
538370 0.000000 0
538377 0.047030 0
538384 0.000000 0
538392 0.000000 0
538399 0.058720 0
538406 0.000000 0
538414 0.000000 0
538421 0.055790 0
538429 0.000000 0
538436 0.000000 0
538444 0.050630 0
538452 0.000000 0
538460 0.000000 0
538467 0.054400 0
538474 0.000000 0
538482 0.000000 0
538489 0.098340 0
538497 0.000000 0
538504 0.000000 0
538512 0.153490 0
538519 0.000000 0
538526 0.000000 0
538534 0.230330 0
538542 0.000000 0
538550 0.000000 0
538557 0.111020 0
538564 0.000000 0
538572 0.000000 0
538579 0.036640 0
538587 0.000000 0
538594 0.000000 0
538602 0.021390 0
538609 0.000000 0
538616 0.000000 0
538624 0.012340 0
538632 0.000000 0
538640 0.000000 0
538647 0.016100 0
538654 0.000000 0
538662 0.000000 0
538669 0.019530 0
538678 0.000000 0
538686 0.000000 0
538693 0.034490 0
538699 0.000000 0
538706 0.000000 0
538714 0.033140 0
538723 0.000000 0
538730 0.000000 0
538738 0.040210 0
538744 0.000000 0
538752 0.000000 0
538759 0.038470 0
538767 0.000000 0
538774 0.000000 0
538782 0.041890 0
538789 0.000000 0
538796 0.000000 0
538804 0.054120 0
538812 0.000000 0
538820 0.000000 0
538827 0.042420 0
538834 0.000000 0
538842 0.000000 0
538849 0.054540 0
538857 0.000000 0
538864 0.000000 0
538872 0.057400 0
538879 0.000000 0
538886 0.000000 0
538894 0.056200 0
538902 0.000000 0
538910 0.000000 0
538917 0.057800 0
538924 0.000000 0
538932 0.000000 0
538939 0.070420 0
538947 0.000000 0
538954 0.000000 0
538962 0.099960 0
538969 0.000000 0
538976 0.000000 0
538984 0.150770 0
538992 0.000000 0
539000 0.000000 0
539007 0.139090 0
539014 0.000000 0
539022 0.000000 0
539029 0.085850 0
539037 0.000000 0
539044 0.000000 0
539052 0.060380 0
539059 0.000000 0
539066 0.000000 0
539074 0.023100 0
539082 0.000000 0
539090 0.000000 0
539097 0.011050 0
539104 0.000000 0
539112 0.000000 0
539119 0.011050 0
539127 0.000000 0
539134 0.000000 0
539142 0.023760 0
539149 0.000000 0
539156 0.000000 0
539164 0.026200 0
539173 0.000000 0
539180 0.000000 0
539188 0.044530 0
539194 0.000000 0
539202 0.000000 0
539209 0.054260 0
539217 0.000000 0
539224 0.000000 0
539232 0.072650 0
539239 0.000000 0
539246 0.000000 0
539254 0.064530 0
539263 0.000000 0
539270 0.000000 0
539278 0.059880 0
539284 0.000000 0
539292 0.000000 0
539299 0.060500 0
539308 0.000000 0
539316 0.000000 0
539323 0.062500 0
539329 0.000000 0
539336 0.000000 0
539344 0.055650 0
539352 0.000000 0
539360 0.000000 0
539367 0.041520 0
539374 0.000000 0
539382 0.000000 0
539389 0.036220 0
539397 0.000000 0
539404 0.000000 0
539412 0.081280 0
539419 0.000000 0
539426 0.000000 0
539434 0.191490 0
539443 0.000000 0
539450 0.000000 0
539458 0.206030 0
539464 0.000000 0
539472 0.000000 0
539479 0.182500 0
539486 0.000000 0
539494 0.000000 0
539501 0.108170 0
539509 0.000000 0
539516 0.000000 0
539524 0.046880 0
539531 0.000000 0
539538 0.000000 0
539546 0.022430 0
539554 0.000000 0
539562 0.000000 0
539569 0.020660 0
539576 0.000000 0
539584 0.000000 0
539591 0.016100 0
539600 0.000000 0
539608 0.000000 0
539615 0.047520 0
539622 0.000000 0
539630 0.000000 0
539637 0.065000 0
539645 0.000000 0
539652 0.000000 0
539660 0.068770 0
539667 0.000000 0
539674 0.000000 0
539682 0.052110 0
539690 0.000000 0
539698 0.000000 0
539705 0.055510 0
539712 0.000000 0
539720 0.000000 0
539727 0.038270 0
539735 0.000000 0
539742 0.000000 0
539750 0.040020 0
539757 0.000000 0
539764 0.000000 0
539772 0.049090 0
539780 0.000000 0
539788 0.000000 0
539795 0.088640 0
539802 0.000000 0
539810 0.000000 0
539817 0.084050 0
539825 0.000000 0
539832 0.000000 0
539840 0.078220 0
539847 0.000000 0
539854 0.000000 0
539862 0.134630 0
539870 0.000000 0
539878 0.000000 0
539885 0.121840 0
539892 0.000000 0
539900 0.000000 0
539907 0.135590 0
539915 0.000000 0
539922 0.000000 0
539930 0.153630 0
539937 0.000000 0
539944 0.000000 0
539952 0.087080 0
539960 0.000000 0
539968 0.000000 0
539975 0.041150 0
539982 0.000000 0
539990 0.000000 0
539997 0.018720 0
540005 0.000000 0
540012 0.000000 0
540020 0.009570 0
540027 0.000000 0
540034 0.000000 0
540042 0.008730 0
540050 0.000000 0
540058 0.000000 0
540065 0.018720 0
540072 0.000000 0
540080 0.000000 0
540087 0.043670 0
540095 0.000000 0
540102 0.000000 0
540110 0.063100 0
540117 0.000000 0
540124 0.000000 0
540132 0.064530 0
540140 0.000000 0
540148 0.000000 0
540155 0.065000 0
540162 0.000000 0
540170 0.000000 0
540177 0.049710 0
540185 0.000000 0
540192 0.000000 0
540200 0.046050 0
540207 0.000000 0
540214 0.000000 0
540222 0.072020 0
540230 0.000000 0
540238 0.000000 0
540245 0.061140 0
540252 0.000000 0
540260 0.000000 0
540267 0.056340 0
540275 0.000000 0
540282 0.000000 0
540290 0.052690 0
540297 0.000000 0
540304 0.000000 0
540312 0.040210 0
540320 0.000000 0
540328 0.000000 0
540335 0.105100 0
540342 0.000000 0
540350 0.000000 0
540357 0.101340 0
540365 0.000000 0
540372 0.000000 0
540380 0.254660 0
540387 0.000000 0
540394 0.000000 0
540402 0.159760 0
540410 0.000000 0
540418 0.000000 0
540425 0.062240 0
540431 0.000000 0
540438 0.000000 0
540446 0.021740 0
540453 0.000000 0
540460 0.000000 0
540468 0.008730 0
540477 0.000000 0
540484 0.000000 0
540492 0.003910 0
540500 0.000000 0
540508 0.000000 0
540515 0.009570 0
540522 0.000000 0
540530 0.000000 0
540537 0.027050 0
540545 0.000000 0
540552 0.000000 0
540560 0.035160 0
540567 0.000000 0
540574 0.000000 0
540582 0.032210 0
540590 0.000000 0
540598 0.000000 0
540605 0.021030 0
540612 0.000000 0
540620 0.000000 0
540627 0.058060 0
540635 0.000000 0
540642 0.000000 0
540650 0.087690 0
540657 0.000000 0
540664 0.000000 0
540672 0.070630 0
540680 0.000000 0
540688 0.000000 0
540695 0.044530 0
540702 0.000000 0
540710 0.000000 0
540717 0.036220 0
540725 0.000000 0
540732 0.000000 0
540740 0.050020 0
540747 0.000000 0
540754 0.000000 0
540762 0.041150 0
540770 0.000000 0
540778 0.000000 0
540785 0.038670 0
540792 0.000000 0
540800 0.000000 0
540807 0.120520 0
540815 0.000000 0
540822 0.000000 0
540830 0.115880 0
540837 0.000000 0
540844 0.000000 0
540852 0.173110 0
540860 0.000000 0
540868 0.000000 0
540875 0.129550 0
540882 0.000000 0
540890 0.000000 0
540897 0.069430 0
540905 0.000000 0
540912 0.000000 0
540920 0.029740 0
540927 0.000000 0
540934 0.000000 0
540942 0.011050 0
540950 0.000000 0
540958 0.000000 0
540965 0.013520 0
540972 0.000000 0
540980 0.000000 0
540987 0.012950 0
540995 0.000000 0
541002 0.000000 0
541010 0.012950 0
541017 0.000000 0
541024 0.000000 0
541032 0.027890 0
541040 0.000000 0
541048 0.000000 0
541055 0.054690 0
541062 0.000000 0
541070 0.000000 0
541077 0.049870 0
541085 0.000000 0
541092 0.000000 0
541100 0.067870 0
541107 0.000000 0
541114 0.000000 0
541122 0.063580 0
541130 0.000000 0
541138 0.000000 0
541145 0.045210 0
541152 0.000000 0
541160 0.000000 0
541167 0.059100 0
541175 0.000000 0
541182 0.000000 0
541190 0.067430 0
541197 0.000000 0
541204 0.000000 0
541212 0.075230 0
541220 0.000000 0
541228 0.000000 0
541235 0.074530 0
541242 0.000000 0
541250 0.000000 0
541257 0.100110 0
541265 0.000000 0
541272 0.000000 0
541280 0.116400 0
541287 0.000000 0
541294 0.000000 0
541302 0.140990 0
541310 0.000000 0
541318 0.000000 0
541325 0.254110 0
541332 0.000000 0
541340 0.000000 0
541347 0.081380 0
541355 0.000000 0
541362 0.000000 0
541370 0.036220 0
541377 0.000000 0
541384 0.000000 0
541392 0.015630 0
541400 0.000000 0
541408 0.000000 0
541415 0.008730 0
541422 0.000000 0
541430 0.000000 0
541437 0.005520 0
541445 0.000000 0
541452 0.000000 0
541460 0.006760 0
541467 0.000000 0
541474 0.000000 0
541482 0.019910 0
541490 0.000000 0
541498 0.000000 0
541505 0.026200 0
541512 0.000000 0
541520 0.000000 0
541527 0.049870 0
541535 0.000000 0
541542 0.000000 0
541550 0.040020 0
541557 0.000000 0
541564 0.000000 0
541572 0.043840 0
541580 0.000000 0
541588 0.000000 0
541595 0.038270 0
541602 0.000000 0
541610 0.000000 0
541617 0.060000 0
541625 0.000000 0
541632 0.000000 0
541640 0.092270 0
541647 0.000000 0
541654 0.000000 0
541662 0.113070 0
541670 0.000000 0
541678 0.000000 0
541685 0.094560 0
541692 0.000000 0
541700 0.000000 0
541707 0.076140 0
541715 0.000000 0
541722 0.000000 0
541730 0.085130 0
541737 0.000000 0
541744 0.000000 0
541752 0.106190 0
541760 0.000000 0
541768 0.000000 0
541775 0.103930 0
541782 0.000000 0
541790 0.000000 0
541797 0.129080 0
541805 0.000000 0
541812 0.000000 0
541820 0.089920 0
541827 0.000000 0
541834 0.000000 0
541842 0.038070 0
541850 0.000000 0
541858 0.000000 0
541865 0.012950 0
541872 0.000000 0
541880 0.000000 0
541887 0.006760 0
541895 0.000000 0
541902 0.000000 0
541910 0.016100 0
541917 0.000000 0
541924 0.000000 0
541932 0.022770 0
541940 0.000000 0
541948 0.000000 0
541955 0.043670 0
541962 0.000000 0
541970 0.000000 0
541977 0.047520 0
541985 0.000000 0
541992 0.000000 0
542000 0.065930 0
542007 0.000000 0
542014 0.000000 0
542022 0.096240 0
542030 0.000000 0
542038 0.000000 0
542045 0.074920 0
542052 0.000000 0
542060 0.000000 0
542067 0.045880 0
542075 0.000000 0
542082 0.000000 0
542090 0.044190 0
542097 0.000000 0
542104 0.000000 0
542112 0.077440 0
542120 0.000000 0
542128 0.000000 0
542135 0.061010 0
542142 0.000000 0
542150 0.000000 0
542157 0.047670 0
542165 0.000000 0
542172 0.000000 0
542180 0.040770 0
542187 0.000000 0
542194 0.000000 0
542202 0.106110 0
542210 0.000000 0
542218 0.000000 0
542225 0.116400 0
542232 0.000000 0
542240 0.000000 0
542247 0.234820 0
542255 0.000000 0
542262 0.000000 0
542270 0.092270 0
542276 0.000000 0
542284 0.000000 0
542291 0.031250 0
542298 0.000000 0
542306 0.000000 0
542313 0.011050 0
542321 0.000000 0
542328 0.000000 0
542336 0.011720 0
542344 0.000000 0
542352 0.000000 0
542359 0.007810 0
542366 0.000000 0
542374 0.000000 0
542381 0.009570 0
542390 0.000000 0
542398 0.000000 0
542405 0.018310 0
542411 0.000000 0
542418 0.000000 0
542426 0.044360 0
542435 0.000000 0
542442 0.000000 0
542450 0.060760 0
542456 0.000000 0
542464 0.000000 0
542471 0.095280 0
542480 0.000000 0
542488 0.000000 0
542495 0.086020 0
542501 0.000000 0
542508 0.000000 0
542516 0.075750 0
542524 0.000000 0
542532 0.000000 0
542539 0.051960 0
542546 0.000000 0
542554 0.000000 0
542561 0.028960 0
542569 0.000000 0
542576 0.000000 0
542584 0.034490 0
542591 0.000000 0
542598 0.000000 0
542606 0.057130 0
542614 0.000000 0
542622 0.000000 0
542629 0.038070 0
542636 0.000000 0
542644 0.000000 0
542651 0.045040 0
542659 0.000000 0
542666 0.000000 0
542674 0.067870 0
542681 0.000000 0
542688 0.000000 0
542696 0.105530 0
542705 0.000000 0
542712 0.000000 0
542720 0.119310 0
542726 0.000000 0
542734 0.000000 0
542741 0.086990 0
542749 0.000000 0
542756 0.000000 0
542764 0.035800 0
542771 0.000000 0
542778 0.000000 0
542786 0.018310 0
542795 0.000000 0
542802 0.000000 0
542810 0.022430 0
542816 0.000000 0
542824 0.000000 0
542831 0.016570 0
542839 0.000000 0
542846 0.000000 0
542854 0.012950 0
542861 0.000000 0
542868 0.000000 0
542876 0.019910 0
542884 0.000000 0
542892 0.000000 0
542899 0.063830 0
542906 0.000000 0
542914 0.000000 0
542921 0.057010 0
542929 0.000000 0
542936 0.000000 0
542944 0.056600 0
542951 0.000000 0
542958 0.000000 0
542966 0.037660 0
542974 0.000000 0
542982 0.000000 0
542989 0.048630 0
542996 0.000000 0
543004 0.000000 0
543011 0.040020 0
543019 0.000000 0
543026 0.000000 0
543034 0.045040 0
543041 0.000000 0
543048 0.000000 0
543056 0.055100 0
543064 0.000000 0
543072 0.000000 0
543079 0.053970 0
543086 0.000000 0
543094 0.000000 0
543101 0.051960 0
543109 0.000000 0
543116 0.000000 0
543124 0.063220 0
543131 0.000000 0
543138 0.000000 0
543146 0.130080 0
543154 0.000000 0
543162 0.000000 0
543169 0.179080 0
543176 0.000000 0
543184 0.000000 0
543191 0.219680 0
543199 0.000000 0
543206 0.000000 0
543214 0.089330 0
543221 0.000000 0
543228 0.000000 0
543236 0.034710 0
543244 0.000000 0
543252 0.000000 0
543259 0.009570 0
543266 0.000000 0
543274 0.000000 0
543281 0.008730 0
543290 0.000000 0
543298 0.000000 0
543305 0.008730 0
543311 0.000000 0
543318 0.000000 0
543326 0.009570 0
543334 0.000000 0
543342 0.000000 0
543349 0.007810 0
543356 0.000000 0
543364 0.000000 0
543371 0.019910 0
543379 0.000000 0
543386 0.000000 0
543394 0.039640 0
543401 0.000000 0
543408 0.000000 0
543416 0.038070 0
543424 0.000000 0
543432 0.000000 0
543439 0.038470 0
543446 0.000000 0
543454 0.000000 0
543461 0.050480 0
543469 0.000000 0
543476 0.000000 0
543484 0.045880 0
543491 0.000000 0
543498 0.000000 0
543506 0.041150 0
543514 0.000000 0
543522 0.000000 0
543529 0.087080 0
543536 0.000000 0
543544 0.000000 0
543551 0.138160 0
543559 0.000000 0
543566 0.000000 0
543574 0.149360 0
543581 0.000000 0
543588 0.000000 0
543596 0.116790 0
543605 0.000000 0
543612 0.000000 0
543620 0.098190 0
543626 0.000000 0
543634 0.000000 0
543641 0.109650 0
543650 0.000000 0
543658 0.000000 0
543665 0.098340 0
543671 0.000000 0
543678 0.000000 0
543686 0.052260 0
543694 0.000000 0
543702 0.000000 0
543709 0.022430 0
543716 0.000000 0
543724 0.000000 0
543731 0.008730 0
543739 0.000000 0
543746 0.000000 0
543754 0.008730 0
543761 0.000000 0
543768 0.000000 0
543776 0.003910 0
543784 0.000000 0
543792 0.000000 0
543799 0.015630 0
543806 0.000000 0
543814 0.000000 0
543821 0.024380 0
543829 0.000000 0
543836 0.000000 0
543844 0.055650 0
543851 0.000000 0
543858 0.000000 0
543866 0.049870 0
543874 0.000000 0
543882 0.000000 0
543889 0.076650 0
543896 0.000000 0
543904 0.000000 0
543911 0.103850 0
543920 0.000000 0
543928 0.000000 0
543935 0.077620 0
543941 0.000000 0
543948 0.000000 0
543956 0.066410 0
543964 0.000000 0
543972 0.000000 0
543979 0.054690 0
543986 0.000000 0
543994 0.000000 0
544001 0.051670 0
544009 0.000000 0
544016 0.000000 0
544024 0.052260 0
544031 0.000000 0
544038 0.000000 0
544046 0.042420 0
544054 0.000000 0
544062 0.000000 0
544069 0.078420 0
544076 0.000000 0
544084 0.000000 0
544091 0.112930 0
544099 0.000000 0
544106 0.000000 0
544114 0.231690 0
544121 0.000000 0
544128 0.000000 0
544136 0.173110 0
544144 0.000000 0
544152 0.000000 0
544159 0.070850 0
544166 0.000000 0
544174 0.000000 0
544181 0.028700 0
544190 0.000000 0
544198 0.000000 0
544205 0.012340 0
544211 0.000000 0
544218 0.000000 0
544226 0.008730 0
544234 0.000000 0
544242 0.000000 0
544249 0.010330 0
544256 0.000000 0
544264 0.000000 0
544271 0.024080 0
544279 0.000000 0
544286 0.000000 0
544294 0.021740 0
544301 0.000000 0
544308 0.000000 0
544316 0.048460 0
544324 0.000000 0
544332 0.000000 0
544339 0.042250 0
544346 0.000000 0
544354 0.000000 0
544361 0.034270 0
544369 0.000000 0
544376 0.000000 0
544384 0.041700 0
544391 0.000000 0
544398 0.000000 0
544406 0.042600 0
544414 0.000000 0
544422 0.000000 0
544429 0.064530 0
544436 0.000000 0
544444 0.000000 0
544451 0.057130 0
544459 0.000000 0
544466 0.000000 0
544474 0.049410 0
544481 0.000000 0
544488 0.000000 0
544496 0.062360 0
544504 0.000000 0
544512 0.000000 0
544519 0.105970 0
544526 0.000000 0
544534 0.000000 0
544541 0.108600 0
544549 0.000000 0
544556 0.000000 0
544564 0.139150 0
544571 0.000000 0
544578 0.000000 0
544586 0.134690 0
544594 0.000000 0
544602 0.000000 0
544609 0.081090 0
544616 0.000000 0
544624 0.000000 0
544631 0.044880 0
544639 0.000000 0
544646 0.000000 0
544654 0.015630 0
544661 0.000000 0
544668 0.000000 0
544676 0.012950 0
544684 0.000000 0
544692 0.000000 0
544699 0.017900 0
544706 0.000000 0
544714 0.000000 0
544721 0.024080 0
544729 0.000000 0
544736 0.000000 0
544744 0.020290 0
544751 0.000000 0
544758 0.000000 0
544766 0.034040 0
544775 0.000000 0
544782 0.000000 0
544790 0.047840 0
544796 0.000000 0
544804 0.000000 0
544811 0.048630 0
544819 0.000000 0
544826 0.000000 0
544834 0.064530 0
544841 0.000000 0
544848 0.000000 0
544856 0.063340 0
544864 0.000000 0
544872 0.000000 0
544879 0.055100 0
544886 0.000000 0
544894 0.000000 0
544901 0.056200 0
544909 0.000000 0
544916 0.000000 0
544924 0.069660 0
544931 0.000000 0
544938 0.000000 0
544946 0.055510 0
544955 0.000000 0
544962 0.000000 0
544970 0.046710 0
544976 0.000000 0
544984 0.000000 0
544991 0.045380 0
544999 0.000000 0
545006 0.000000 0
545014 0.052550 0
545021 0.000000 0
545028 0.000000 0
545036 0.058460 0
545044 0.000000 0
545052 0.000000 0
545059 0.063100 0
545066 0.000000 0
545074 0.000000 0
545081 0.067990 0
545089 0.000000 0
545096 0.000000 0
545104 0.040590 0
545112 0.000000 0
545120 0.000000 0
545127 0.053410 0
545134 0.000000 0
545142 0.000000 0
545149 0.052840 0
545156 0.000000 0
545164 0.000000 0
545171 0.048630 0
545179 0.000000 0
545186 0.000000 0
545194 0.054400 0
545201 0.000000 0
545208 0.000000 0
545216 0.058720 0
545224 0.000000 0
545232 0.000000 0
545239 0.050320 0
545246 0.000000 0
545254 0.000000 0
545261 0.035160 0
545269 0.000000 0
545276 0.000000 0
545284 0.030990 0
545291 0.000000 0
545298 0.000000 0
545306 0.053970 0
545315 0.000000 0
545322 0.000000 0
545330 0.050780 0
545336 0.000000 0
545344 0.000000 0
545351 0.082490 0
545359 0.000000 0
545366 0.000000 0
545374 0.084050 0
545381 0.000000 0
545388 0.000000 0
545396 0.069540 0
545404 0.000000 0
545412 0.000000 0
545419 0.068990 0
545426 0.000000 0
545434 0.000000 0
545441 0.069540 0
545449 0.000000 0
545456 0.000000 0
545464 0.050480 0
545472 0.000000 0
545480 0.000000 0
545487 0.053560 0
545494 0.000000 0
545502 0.000000 0
545509 0.062970 0
545517 0.000000 0
545524 0.000000 0
545532 0.062610 0
545539 0.000000 0
545546 0.000000 0
545554 0.039060 0
545562 0.000000 0
545570 0.000000 0
545577 0.046050 0
545584 0.000000 0
545592 0.000000 0
545599 0.056200 0
545607 0.000000 0
545614 0.000000 0
545622 0.055650 0
545630 0.000000 0
545638 0.000000 0
545645 0.056460 0
545652 0.000000 0
545660 0.000000 0
545667 0.082670 0
545673 0.000000 0
545680 0.000000 0
545688 0.094560 0
545697 0.000000 0
545704 0.000000 0
545712 0.074920 0
545718 0.000000 0
545726 0.000000 0
545733 0.055510 0
545741 0.000000 0
545748 0.000000 0
545756 0.046050 0
545764 0.000000 0
545772 0.000000 0
545779 0.039060 0
545786 0.000000 0
545794 0.000000 0
545801 0.047030 0
545809 0.000000 0
545816 0.000000 0
545824 0.032670 0
545831 0.000000 0
545838 0.000000 0
545846 0.038470 0
545854 0.000000 0
545862 0.000000 0
545869 0.042420 0
545876 0.000000 0
545884 0.000000 0
545891 0.058060 0
545900 0.000000 0
545908 0.000000 0
545915 0.079090 0
545921 0.000000 0
545928 0.000000 0
545936 0.083040 0
545945 0.000000 0
545952 0.000000 0
545960 0.092760 0
545966 0.000000 0
545974 0.000000 0
545981 0.095200 0
545990 0.000000 0
545998 0.000000 0
546005 0.061880 0
546011 0.000000 0
546018 0.000000 0
546026 0.051820 0
546035 0.000000 0
546042 0.000000 0
546050 0.045880 0
546056 0.000000 0
546064 0.000000 0
546071 0.044880 0
546079 0.000000 0
546086 0.000000 0
546094 0.044190 0
546101 0.000000 0
546108 0.000000 0
546116 0.045210 0
546124 0.000000 0
546132 0.000000 0
546139 0.042250 0
546146 0.000000 0
546154 0.000000 0
546161 0.049870 0
546169 0.000000 0
546176 0.000000 0
546184 0.064180 0
546191 0.000000 0
546198 0.000000 0
546206 0.063830 0
546214 0.000000 0
546222 0.000000 0
546229 0.061010 0
546236 0.000000 0
546244 0.000000 0
546251 0.051510 0
546260 0.000000 0
546268 0.000000 0
546275 0.055370 0
546281 0.000000 0
546288 0.000000 0
546296 0.047200 0
546304 0.000000 0
546312 0.000000 0
546319 0.048780 0
546326 0.000000 0
546334 0.000000 0
546341 0.059100 0
546349 0.000000 0
546356 0.000000 0
546364 0.072970 0
546371 0.000000 0
546378 0.000000 0
546386 0.081180 0
546394 0.000000 0
546402 0.000000 0
546409 0.078420 0
546416 0.000000 0
546424 0.000000 0
546431 0.056340 0
546439 0.000000 0
546446 0.000000 0
546454 0.059490 0
546461 0.000000 0
546468 0.000000 0
546476 0.045550 0
546485 0.000000 0
546492 0.000000 0
546500 0.035160 0
546506 0.000000 0
546514 0.000000 0
546521 0.037460 0
546530 0.000000 0
546538 0.000000 0
546545 0.038670 0
546551 0.000000 0
546558 0.000000 0
546566 0.034040 0
546575 0.000000 0
546582 0.000000 0
546590 0.040770 0
546596 0.000000 0
546604 0.000000 0
546611 0.043490 0
546619 0.000000 0
546626 0.000000 0
546634 0.036640 0
546641 0.000000 0
546648 0.000000 0
546656 0.046370 0
546664 0.000000 0
546672 0.000000 0
546679 0.043670 0
546686 0.000000 0
546694 0.000000 0
546701 0.048310 0
546710 0.000000 0
546718 0.000000 0
546725 0.048460 0
546731 0.000000 0
546738 0.000000 0
546746 0.058850 0
546754 0.000000 0
546762 0.000000 0
546769 0.045040 0
546776 0.000000 0
546784 0.000000 0
546791 0.038670 0
546799 0.000000 0
546806 0.000000 0
546814 0.055240 0
546821 0.000000 0
546828 0.000000 0
546836 0.064300 0
546844 0.000000 0
546852 0.000000 0
546859 0.071490 0
546866 0.000000 0
546874 0.000000 0
546881 0.067990 0
546889 0.000000 0
546896 0.000000 0
546904 0.073790 0
546911 0.000000 0
546918 0.000000 0
546926 0.069760 0
546934 0.000000 0
546942 0.000000 0
546949 0.066740 0
546956 0.000000 0
546964 0.000000 0
546971 0.052260 0
546980 0.000000 0
546988 0.000000 0
546995 0.049090 0
547001 0.000000 0
547008 0.000000 0
547016 0.047030 0
547024 0.000000 0
547032 0.000000 0
547039 0.049560 0
547046 0.000000 0
547054 0.000000 0
547061 0.040770 0
547070 0.000000 0
547078 0.000000 0
547085 0.052690 0
547091 0.000000 0
547098 0.000000 0
547106 0.058460 0
547115 0.000000 0
547122 0.000000 0
547130 0.050780 0
547136 0.000000 0
547144 0.000000 0
547151 0.037050 0
547160 0.000000 0
547168 0.000000 0
547175 0.057400 0
547181 0.000000 0
547188 0.000000 0
547196 0.060640 0
547205 0.000000 0
547212 0.000000 0
547220 0.049260 0
547226 0.000000 0
547234 0.000000 0
547241 0.054830 0
547250 0.000000 0
547258 0.000000 0
547265 0.056870 0
547271 0.000000 0
547278 0.000000 0
547286 0.055650 0
547294 0.000000 0
547302 0.000000 0
547309 0.059490 0
547316 0.000000 0
547324 0.000000 0
547331 0.086900 0
547339 0.000000 0
547346 0.000000 0
547354 0.087080 0
547361 0.000000 0
547368 0.000000 0
547376 0.071380 0
547385 0.000000 0
547392 0.000000 0
547400 0.061010 0
547406 0.000000 0
547414 0.000000 0
547421 0.052110 0
547430 0.000000 0
547438 0.000000 0
547445 0.052840 0
547451 0.000000 0
547458 0.000000 0
547466 0.051960 0
547474 0.000000 0
547482 0.000000 0
547489 0.050320 0
547496 0.000000 0
547504 0.000000 0
547511 0.048310 0
547519 0.000000 0
547526 0.000000 0
547534 0.052550 0
547541 0.000000 0
547548 0.000000 0
547556 0.052980 1
547564 0.000000 0
547572 0.000000 0
547579 0.058980 1
547587 0.000000 0
547594 0.000000 0
547602 0.067870 1
547609 0.000000 0
547616 0.000000 0
547624 0.066970 1
547632 0.000000 0
547640 0.000000 0
547647 0.056200 1
547653 0.000000 0
547660 0.000000 0
547668 0.041340 1
547677 0.000000 0
547684 0.000000 0
547692 0.038070 1
547699 0.000000 0
547706 0.000000 0
547714 0.036220 1
547722 0.000000 0
547730 0.000000 0
547737 0.042790 1
547744 0.000000 0
547752 0.000000 0
547759 0.072240 1
547766 0.000000 0
547774 0.000000 0
547781 0.066160 1
547789 0.000000 0
547796 0.000000 0
547804 0.084950 1
547812 0.000000 0
547820 0.000000 0
547827 0.088640 1
547834 0.000000 0
547842 0.000000 0
547849 0.077440 1
547857 0.000000 0
547864 0.000000 0
547872 0.057400 1
547879 0.000000 0
547886 0.000000 0
547894 0.066870 1
547903 0.000000 0
547910 0.000000 0
547918 0.043490 1
547924 0.000000 0
547932 0.000000 0
547939 0.042600 1
547948 0.000000 0
547956 0.000000 0
547963 0.037050 1
547969 0.000000 0
547976 0.000000 0
547984 0.042790 1
547992 0.000000 0
548000 0.000000 0
548007 0.034270 1
548014 0.000000 0
548022 0.000000 0
548029 0.027050 1
548037 0.000000 0
548044 0.000000 0
548052 0.042420 1
548059 0.000000 0
548066 0.000000 0
548074 0.044010 1
548082 0.000000 0
548090 0.000000 0
548097 0.041520 1
548104 0.000000 0
548112 0.000000 0
548119 0.046540 1
548127 0.000000 0
548134 0.000000 0
548142 0.066160 1
548149 0.000000 0
548156 0.000000 0
548164 0.059100 1
548172 0.000000 0
548180 0.000000 0
548187 0.054400 1
548194 0.000000 0
548202 0.000000 0
548209 0.051820 1
548216 0.000000 0
548224 0.000000 0
548231 0.046880 1
548239 0.000000 0
548246 0.000000 0
548254 0.051960 1
548262 0.000000 0
548270 0.000000 0
548277 0.048630 1
548284 0.000000 0
548292 0.000000 0
548299 0.042250 1
548307 0.000000 0
548314 0.000000 0
548322 0.044190 1
548328 0.000000 0
548336 0.000000 0
548343 0.041700 1
548351 0.000000 0
548358 0.000000 0
548366 0.038470 1
548373 0.000000 0
548380 0.000000 0
548388 0.041340 1
548396 0.000000 0
548404 0.000000 0
548411 0.040410 1
548418 0.000000 0
548426 0.000000 0
548433 0.051960 1
548442 0.000000 0
548450 0.000000 0
548457 0.051510 1
548463 0.000000 0
548470 0.000000 0
548478 0.066290 1
548486 0.000000 0
548494 0.000000 0
548501 0.072240 1
548510 0.000000 0
548518 0.000000 0
548525 0.078420 1
548531 0.000000 0
548538 0.000000 0
548546 0.092590 1
548555 0.000000 0
548562 0.000000 0
548570 0.081180 1
548576 0.000000 0
548584 0.000000 0
548591 0.078710 1
548600 0.000000 0
548608 0.000000 0
548615 0.067310 1
548621 0.000000 0
548628 0.000000 0
548636 0.069980 1
548643 0.000000 0
548650 0.000000 0
548658 0.052260 1
548666 0.000000 0
548674 0.000000 0
548681 0.047670 1
548690 0.000000 0
548698 0.000000 0
548705 0.048460 1
548711 0.000000 0
548718 0.000000 0
548726 0.050780 1
548735 0.000000 0
548742 0.000000 0
548750 0.048780 1
548756 0.000000 0
548764 0.000000 0
548771 0.044010 1
548780 0.000000 0
548788 0.000000 0
548795 0.046540 1
548801 0.000000 0
548808 0.000000 0
548816 0.041890 1
548825 0.000000 0
548832 0.000000 0
548840 0.043490 1
548846 0.000000 0
548854 0.000000 0
548861 0.041150 1
548869 0.000000 0
548876 0.000000 0
548884 0.044010 1
548891 0.000000 0
548898 0.000000 0
548906 0.042970 1
548914 0.000000 0
548922 0.000000 0
548929 0.042250 1
548936 0.000000 0
548944 0.000000 0
548951 0.036420 1
548959 0.000000 0
548966 0.000000 0
548974 0.040960 1
548981 0.000000 0
548988 0.000000 0
548996 0.048160 1
549004 0.000000 0
549012 0.000000 0
549019 0.044190 1
549026 0.000000 0
549034 0.000000 0
549041 0.037870 1
549049 0.000000 0
549056 0.000000 0
549064 0.047840 1
549071 0.000000 0
549078 0.000000 0
549086 0.048630 1
549094 0.000000 0
549102 0.000000 0
549109 0.065350 1
549116 0.000000 0
549124 0.000000 0
549131 0.067540 1
549139 0.000000 0
549146 0.000000 0
549154 0.056730 1
549161 0.000000 0
549168 0.000000 0
549176 0.043490 1
549184 0.000000 0
549192 0.000000 0
549199 0.045550 1
549206 0.000000 0
549214 0.000000 0
549221 0.037460 1
549229 0.000000 0
549236 0.000000 0
549244 0.044190 1
549251 0.000000 0
549258 0.000000 0
549266 0.058460 1
549274 0.000000 0
549282 0.000000 0
549289 0.056460 1
549297 0.000000 0
549304 0.000000 0
549312 0.053970 1
549319 0.000000 0
549326 0.000000 0
549334 0.054260 1
549341 0.000000 0
549348 0.000000 0
549356 0.056340 1
549364 0.000000 0
549372 0.000000 0
549379 0.067310 1
549387 0.000000 0
549394 0.000000 0
549402 0.062000 1
549409 0.000000 0
549416 0.000000 0
549424 0.061510 1
549433 0.000000 0
549440 0.000000 0
549448 0.074830 1
549454 0.000000 0
549462 0.000000 0
549469 0.072760 1
549478 0.000000 0
549486 0.000000 0
549493 0.055650 1
549499 0.000000 0
549506 0.000000 0
549514 0.051070 1
549521 0.000000 0
549528 0.000000 0
549536 0.055920 1
549544 0.000000 0
549552 0.000000 0
549559 0.042790 1
549566 0.000000 0
549574 0.000000 0
549581 0.044880 1
549589 0.000000 0
549596 0.000000 0
549604 0.045880 1
549612 0.000000 0
549620 0.000000 0
549627 0.049410 1
549634 0.000000 0
549642 0.000000 0
549649 0.050320 1
549656 0.000000 0
549664 0.000000 0
549671 0.043140 1
549678 0.000000 0
549686 0.000000 0
549693 0.051070 1
549702 0.000000 0
549710 0.000000 0
549717 0.043840 1
549723 0.000000 0
549730 0.000000 0
549738 0.043140 1
549746 0.000000 0
549754 0.000000 0
549761 0.048460 1
549769 0.000000 0
549776 0.000000 0
549784 0.051220 1
549792 0.000000 0
549800 0.000000 0
549807 0.044360 1
549814 0.000000 0
549822 0.000000 0
549829 0.058320 1
549837 0.000000 0
549844 0.000000 0
549852 0.064530 1
549859 0.000000 0
549866 0.000000 0
549874 0.054260 1
549882 0.000000 0
549890 0.000000 0
549897 0.062500 1
549904 0.000000 0
549912 0.000000 0
549919 0.046220 1
549927 0.000000 0
549934 0.000000 0
549942 0.041150 1
549950 0.000000 0
549958 0.000000 0
549965 0.038270 1
549971 0.000000 0
549978 0.000000 0
549986 0.035160 1
549993 0.000000 0
550000 0.000000 0
550008 0.049710 1
550016 0.000000 0
550024 0.000000 0
550031 0.051220 1
550040 0.000000 0
550048 0.000000 0
550055 0.042420 1
550062 0.000000 0
550070 0.000000 0
550077 0.043320 1
550085 0.000000 0
550092 0.000000 0
550100 0.043490 1
550106 0.000000 0
550114 0.000000 0
550121 0.044880 1
550130 0.000000 0
550138 0.000000 0
550145 0.052690 1
550152 0.000000 0
550160 0.000000 0
550167 0.043670 1
550175 0.000000 0
550182 0.000000 0
550190 0.050780 1
550197 0.000000 0
550204 0.000000 0
550212 0.063340 1
550220 0.000000 0
550228 0.000000 0
550235 0.048780 1
550241 0.000000 0
550248 0.000000 0
550256 0.049560 1
550264 0.000000 0
550272 0.000000 0
550279 0.053410 1
550286 0.000000 0
550294 0.000000 0
550301 0.055370 1
550310 0.000000 0
550318 0.000000 0
550325 0.048630 1
550331 0.000000 0
550338 0.000000 0
550346 0.047520 1
550355 0.000000 0
550362 0.000000 0
550370 0.066640 1
550376 0.000000 0
550384 0.000000 0
550391 0.054120 1
550400 0.000000 0
550408 0.000000 0
550415 0.042790 1
550421 0.000000 0
550428 0.000000 0
550436 0.041520 1
550444 0.000000 0
550452 0.000000 0
550459 0.053410 1
550466 0.000000 0
550474 0.000000 0
550481 0.053120 1
550489 0.000000 0
550496 0.000000 0
550504 0.053120 1
550511 0.000000 0
550518 0.000000 0
550526 0.064420 1
550534 0.000000 0
550542 0.000000 0
550549 0.058590 1
550556 0.000000 0
550564 0.000000 0
550571 0.054830 1
550579 0.000000 0
550586 0.000000 0
550594 0.048310 1
550601 0.000000 0
550608 0.000000 0
550616 0.045550 1
550624 0.000000 0
550632 0.000000 0
550639 0.053270 1
550646 0.000000 0
550654 0.000000 0
550661 0.044190 1
550669 0.000000 0
550676 0.000000 0
550684 0.050920 1
550691 0.000000 0
550698 0.000000 0
550706 0.051070 1
550714 0.000000 0
550722 0.000000 0
550729 0.057800 1
550736 0.000000 0
550744 0.000000 0
550751 0.057660 1
550759 0.000000 0
550766 0.000000 0
550774 0.057270 1
550781 0.000000 0
550788 0.000000 0
550796 0.056730 1
550804 0.000000 0
550812 0.000000 0
550819 0.057800 1
550826 0.000000 0
550834 0.000000 0
550841 0.063340 1
550849 0.000000 0
550856 0.000000 0
550864 0.059240 1
550872 0.000000 0
550880 0.000000 0
550887 0.060000 1
550894 0.000000 0
550902 0.000000 0
550909 0.040590 1
550917 0.000000 0
550924 0.000000 0
550932 0.033370 1
550939 0.000000 0
550946 0.000000 0
550954 0.035160 1
550961 0.000000 0
550968 0.000000 0
550976 0.039830 1
550983 0.000000 0
550990 0.000000 0
550998 0.041520 1
551006 0.000000 0
551014 0.000000 0
551021 0.036220 1
551028 0.000000 0
551036 0.000000 0
551043 0.047030 1
551051 0.000000 0
551058 0.000000 0
551066 0.054120 1
551073 0.000000 0
551080 0.000000 0
551088 0.054540 1
551097 0.000000 0
551104 0.000000 0
551112 0.049870 1
551118 0.000000 0
551126 0.000000 0
551133 0.060640 1
551141 0.000000 0
551148 0.000000 0
551156 0.058720 1
551163 0.000000 0
551170 0.000000 0
551178 0.054120 1
551188 0.000000 0
551196 0.000000 0
551203 0.069110 1
551209 0.000000 0
551216 0.000000 0
551224 0.073900 1
551232 0.000000 0
551240 0.000000 0
551247 0.053120 1
551255 0.000000 0
551262 0.000000 0
551270 0.042790 1
551276 0.000000 0
551284 0.000000 0
551291 0.047030 1
551298 0.000000 0
551306 0.000000 0
551313 0.051380 1
551321 0.000000 0
551328 0.000000 0
551336 0.042790 1
551343 0.000000 0
551350 0.000000 0
551358 0.038470 1
551366 0.000000 0
551374 0.000000 0
551381 0.059490 1
551388 0.000000 0
551396 0.000000 0
551403 0.054830 1
551411 0.000000 0
551418 0.000000 0
551426 0.050170 1
551433 0.000000 0
551440 0.000000 0
551448 0.053700 1
551456 0.000000 0
551464 0.000000 0
551471 0.059240 1
551479 0.000000 0
551486 0.000000 0
551494 0.054260 1
551501 0.000000 0
551508 0.000000 0
551516 0.038670 1
551525 0.000000 0
551532 0.000000 0
551540 0.060500 1
551546 0.000000 0
551554 0.000000 0
551561 0.085850 1
551570 0.000000 0
551578 0.000000 0
551585 0.070950 1
551591 0.000000 0
551598 0.000000 0
551606 0.061630 1
551615 0.000000 0
551622 0.000000 0
551630 0.058060 1
551636 0.000000 0
551644 0.000000 0
551651 0.061510 1
551660 0.000000 0
551668 0.000000 0
551675 0.054960 1
551681 0.000000 0
551688 0.000000 0
551696 0.089920 1
551705 0.000000 0
551712 0.000000 0
551720 0.088470 1
551726 0.000000 0
551734 0.000000 0
551741 0.092850 1
551749 0.000000 0
551756 0.000000 0
551764 0.077730 1
551771 0.000000 0
551778 0.000000 0
551786 0.076540 1
551794 0.000000 0
551802 0.000000 0
551809 0.079290 1
551816 0.000000 0
551824 0.000000 0
551831 0.055370 1
551839 0.000000 0
551846 0.000000 0
551854 0.040770 1
551861 0.000000 0
551868 0.000000 0
551876 0.043140 1
551884 0.000000 0
551892 0.000000 0
551899 0.034270 1
551906 0.000000 0
551914 0.000000 0
551921 0.033600 1
551929 0.000000 0
551936 0.000000 0
551944 0.034930 1
551951 0.000000 0
551958 0.000000 0
551966 0.049090 1
551974 0.000000 0
551982 0.000000 0
551989 0.074720 1
551996 0.000000 0
552004 0.000000 0
552011 0.069760 1
552019 0.000000 0
552026 0.000000 0
552034 0.063220 1
552041 0.000000 0
552048 0.000000 0
552056 0.045040 1
552064 0.000000 0
552072 0.000000 0
552079 0.034040 1
552086 0.000000 0
552094 0.000000 0
552101 0.038670 1
