T 0 0.0 0.0000 0 0.0000 0
T 8 0.0 0.0000 0 0.0000 0
T 15 0.0 0.0000 0 0.0000 0
T 22 108.0 0.0000 0 0.0396 0
T 30 108.0 0.0000 0 0.0396 0
T 38 108.0 0.0000 0 0.0396 0
T 45 108.0 0.0000 0 0.0810 0
T 52 108.0 0.0000 0 0.0810 0
T 60 108.0 0.0000 0 0.0810 0
T 68 108.0 0.0000 0 0.1224 0
T 75 108.0 0.0000 0 0.1224 0
T 82 108.0 0.0000 0 0.1224 0
T 90 108.0 0.0000 0 0.1620 0
T 98 108.0 0.0000 0 0.1620 0
T 105 108.0 0.0000 0 0.1620 0
T 112 108.0 0.0000 0 0.2016 0
T 120 108.0 0.0000 0 0.2016 0
T 128 108.0 0.0000 0 0.2016 0
T 135 108.0 0.0000 0 0.2430 0
T 142 108.0 0.0000 0 0.2430 0
T 150 108.0 0.0000 0 0.2430 0
T 158 108.0 0.0000 0 0.2844 0
T 165 108.0 0.0000 0 0.2844 0
T 172 108.0 0.0000 0 0.2844 0
T 180 108.0 0.0000 0 0.3240 0
T 188 108.0 0.0000 0 0.3240 0
T 195 108.0 0.0000 0 0.3240 0
T 202 108.0 0.0000 0 0.3636 0
T 210 108.0 0.0000 0 0.3636 0
T 218 108.0 0.0000 0 0.3636 0
T 225 108.0 0.0000 0 0.4050 0
T 232 108.0 0.0000 0 0.4050 0
T 240 108.0 0.0000 0 0.4050 0
T 248 108.0 0.0000 0 0.4464 0
T 255 108.0 0.0000 0 0.4464 0
T 262 108.0 0.0000 0 0.4464 0
T 270 108.0 0.0000 0 0.4860 0
T 278 108.0 0.0000 0 0.4860 0
T 285 108.0 0.0000 0 0.4860 0
T 292 108.0 0.0000 0 0.5256 0
T 300 108.0 0.0000 0 0.5256 0
T 308 108.0 0.0000 0 0.5256 0
T 315 108.0 0.0000 0 0.5670 0
T 322 108.0 0.0000 0 0.5670 0
T 330 108.0 0.0000 0 0.5670 0
T 338 108.0 0.0000 0 0.6084 0
T 345 108.0 0.0000 0 0.6084 0
T 352 108.0 0.0000 0 0.6084 0
T 360 108.0 0.0000 0 0.6480 0
T 368 108.0 0.0000 0 0.6480 0
T 375 108.0 0.0000 0 0.6480 0
T 382 108.0 0.0000 0 0.6876 0
T 390 108.0 0.0000 0 0.6876 0
T 398 108.0 0.0000 0 0.6876 0
T 405 108.0 0.0000 0 0.7290 0
T 412 108.0 0.0000 0 0.7290 0
T 420 108.0 0.0000 0 0.7290 0
T 428 108.0 0.0000 0 0.7704 0
T 435 108.0 0.0000 0 0.7704 0
T 442 108.0 0.0000 0 0.7704 0
T 450 108.0 0.0000 0 0.8100 0
T 458 108.0 0.0000 0 0.8100 0
T 465 108.0 0.0000 0 0.8100 0
T 472 108.0 0.0000 0 0.8496 0
T 480 108.0 0.0000 0 0.8496 0
T 488 108.0 0.0000 0 0.8496 0
T 495 108.0 0.0000 0 0.8910 0
T 502 108.0 0.0000 0 0.8910 0
T 510 108.0 0.0000 0 0.8910 0
T 518 108.0 0.0000 0 0.9324 0
T 525 108.0 0.0000 0 0.9324 0
T 532 108.0 0.0000 0 0.9324 0
T 540 108.0 0.0000 0 0.9720 0
T 548 108.0 0.0000 0 0.9720 0
T 555 108.0 0.0000 0 0.9720 0
T 562 155.0 0.1288 0 0.0133 0
T 570 155.0 0.1288 0 0.0133 0
T 578 155.0 0.1288 0 0.0133 0
T 585 155.0 0.2393 0 0.0706 0
T 592 155.0 0.2393 0 0.0706 0
T 600 155.0 0.2393 0 0.0706 0
T 608 155.0 0.3233 0 0.1281 0
T 615 155.0 0.3233 0 0.1281 0
T 622 155.0 0.3233 0 0.1281 0
T 630 155.0 0.3837 0 0.1833 0
T 638 155.0 0.3837 0 0.1833 0
T 645 155.0 0.3837 0 0.1833 0
T 652 155.0 0.4295 0 0.2386 0
T 660 155.0 0.4295 0 0.2386 0
T 668 155.0 0.4295 0 0.2386 0
T 675 155.0 0.4658 0 0.2966 0
T 682 155.0 0.4658 0 0.2966 0
T 690 155.0 0.4658 0 0.2966 0
T 698 155.0 0.4929 0 0.3548 0
T 705 155.0 0.4929 0 0.3548 0
T 712 155.0 0.4929 0 0.3548 0
T 720 155.0 0.5126 0 0.4105 0
T 728 155.0 0.5126 0 0.4105 0
T 735 155.0 0.5126 0 0.4105 0
T 742 155.0 0.5266 0 0.4664 0
T 750 155.0 0.5266 0 0.4664 0
T 758 155.0 0.5266 0 0.4664 0
T 765 155.0 0.5368 0 0.5249 0
T 772 155.0 0.5368 0 0.5249 0
T 780 155.0 0.5368 0 0.5249 0
T 788 155.0 0.5428 0 0.5835 0
T 795 155.0 0.5428 0 0.5835 0
T 802 155.0 0.5428 0 0.5835 0
T 810 155.0 0.5452 0 0.6396 0
T 818 155.0 0.5452 0 0.6396 0
T 825 155.0 0.5452 0 0.6396 0
T 832 155.0 0.5452 0 0.6958 0
T 840 155.0 0.5452 0 0.6958 0
T 848 155.0 0.5452 0 0.6958 0
T 855 155.0 0.5430 0 0.7546 0
T 862 155.0 0.5430 0 0.7546 0
T 870 155.0 0.5430 0 0.7546 0
T 878 155.0 0.5385 0 0.8135 0
T 885 155.0 0.5385 0 0.8135 0
T 892 155.0 0.5385 0 0.8135 0
T 900 155.0 0.5333 0 0.8698 0
T 908 155.0 0.5333 0 0.8698 0
T 915 155.0 0.5333 0 0.8698 0
T 922 155.0 0.5274 0 0.9262 0
T 930 155.0 0.5274 0 0.9262 0
T 938 155.0 0.5274 0 0.9262 0
T 945 155.0 0.5209 0 0.9853 0
T 952 155.0 0.5209 0 0.9853 0
T 960 155.0 0.5209 0 0.9853 0
T 968 155.0 0.5145 0 0.0443 0
T 975 155.0 0.5145 0 0.0443 0
T 982 155.0 0.5145 0 0.0443 0
T 990 155.0 0.5082 0 0.1008 0
T 998 155.0 0.5082 0 0.1008 0
T 1005 155.0 0.5082 0 0.1008 0
T 1012 155.0 0.5023 0 0.1574 0
T 1020 155.0 0.5023 0 0.1574 0
T 1028 155.0 0.5023 0 0.1574 0
T 1035 155.0 0.4964 0 0.2166 0
T 1042 155.0 0.4964 0 0.2166 0
T 1050 155.0 0.4964 0 0.2166 0
T 1058 155.0 0.4901 0 0.2757 0
T 1065 155.0 0.4901 0 0.2757 0
T 1072 155.0 0.4901 0 0.2757 0
T 1080 155.0 0.4840 0 0.3324 0
T 1088 155.0 0.4840 0 0.3324 0
T 1095 155.0 0.4840 0 0.3324 0
T 1102 155.0 0.4777 0 0.3890 0
T 1110 155.0 0.4777 0 0.3890 0
T 1118 155.0 0.4777 0 0.3890 0
T 1125 155.0 0.4713 0 0.4483 0
T 1132 155.0 0.4713 0 0.4483 0
T 1140 155.0 0.4713 0 0.4483 0
T 1148 155.0 0.4646 0 0.5075 0
T 1155 155.0 0.4646 0 0.5075 0
T 1162 155.0 0.4646 0 0.5075 0
T 1170 155.0 0.4587 0 0.5642 0
T 1178 155.0 0.4587 0 0.5642 0
T 1185 155.0 0.4587 0 0.5642 0
T 1192 155.0 0.4530 0 0.6209 0
T 1200 155.0 0.4530 0 0.6209 0
T 1208 155.0 0.4530 0 0.6209 0
T 1215 155.0 0.4470 0 0.6803 0
T 1222 155.0 0.4470 0 0.6803 0
T 1230 155.0 0.4470 0 0.6803 0
T 1238 155.0 0.4414 0 0.7396 0
T 1245 155.0 0.4414 0 0.7396 0
T 1252 155.0 0.4414 0 0.7396 0
T 1260 155.0 0.4363 0 0.7963 0
T 1268 155.0 0.4363 0 0.7963 0
T 1275 155.0 0.4363 0 0.7963 0
T 1282 155.0 0.4315 0 0.8531 0
T 1290 155.0 0.4315 0 0.8531 0
T 1298 155.0 0.4315 0 0.8531 0
T 1305 155.0 0.4270 0 0.9124 0
T 1312 155.0 0.4270 0 0.9124 0
T 1320 155.0 0.4270 0 0.9124 0
T 1328 123.0 0.4137 0 0.9705 0
T 1335 123.0 0.4137 0 0.9705 0
T 1342 123.0 0.4137 0 0.9705 0
T 1350 123.0 0.4027 0 0.0173 0
T 1358 123.0 0.4027 0 0.0173 0
T 1365 123.0 0.4027 0 0.0173 0
T 1372 123.0 0.3931 0 0.0638 0
T 1380 123.0 0.3931 0 0.0638 0
T 1388 123.0 0.3931 0 0.0638 0
T 1395 123.0 0.3846 0 0.1123 0
T 1402 123.0 0.3846 0 0.1123 0
T 1410 123.0 0.3846 0 0.1123 0
T 1418 123.0 0.3772 0 0.1607 0
T 1425 123.0 0.3772 0 0.1607 0
T 1432 123.0 0.3772 0 0.1607 0
T 1440 123.0 0.3704 0 0.2069 0
T 1448 123.0 0.3704 0 0.2069 0
T 1455 123.0 0.3704 0 0.2069 0
T 1462 123.0 0.3647 0 0.2530 0
T 1470 123.0 0.3647 0 0.2530 0
T 1478 123.0 0.3647 0 0.2530 0
T 1485 123.0 0.3592 0 0.3010 0
T 1492 123.0 0.3592 0 0.3010 0
T 1500 123.0 0.3592 0 0.3010 0
T 1508 123.0 0.3545 0 0.3490 0
T 1515 123.0 0.3545 0 0.3490 0
T 1522 123.0 0.3545 0 0.3490 0
T 1530 123.0 0.3504 0 0.3948 0
T 1538 123.0 0.3504 0 0.3948 0
T 1545 123.0 0.3504 0 0.3948 0
T 1552 123.0 0.3469 0 0.4405 0
T 1560 123.0 0.3469 0 0.4405 0
T 1568 123.0 0.3469 0 0.4405 0
T 1575 123.0 0.3437 0 0.4882 0
T 1582 123.0 0.3437 0 0.4882 0
T 1590 123.0 0.3437 0 0.4882 0
T 1598 123.0 0.3414 0 0.5359 0
T 1605 123.0 0.3414 0 0.5359 0
T 1612 123.0 0.3414 0 0.5359 0
T 1620 123.0 0.3397 0 0.5815 0
T 1628 123.0 0.3397 0 0.5815 0
T 1635 123.0 0.3397 0 0.5815 0
T 1642 123.0 0.3381 0 0.6270 0
T 1650 123.0 0.3381 0 0.6270 0
T 1658 123.0 0.3381 0 0.6270 0
T 1665 123.0 0.3367 0 0.6745 0
T 1672 123.0 0.3367 0 0.6745 0
T 1680 123.0 0.3367 0 0.6745 0
T 1688 123.0 0.3356 0 0.7220 0
T 1695 123.0 0.3356 0 0.7220 0
T 1702 123.0 0.3356 0 0.7220 0
T 1710 123.0 0.3347 0 0.7674 0
T 1718 123.0 0.3347 0 0.7674 0
T 1725 123.0 0.3347 0 0.7674 0
T 1732 123.0 0.3340 0 0.8128 0
T 1740 123.0 0.3340 0 0.8128 0
T 1748 123.0 0.3340 0 0.8128 0
T 1755 123.0 0.3337 0 0.8602 0
T 1762 123.0 0.3337 0 0.8602 0
T 1770 123.0 0.3337 0 0.8602 0
T 1778 123.0 0.3332 0 0.9076 0
T 1785 123.0 0.3332 0 0.9076 0
T 1792 123.0 0.3332 0 0.9076 0
T 1800 123.0 0.3327 0 0.9529 0
T 1808 123.0 0.3327 0 0.9529 0
T 1815 123.0 0.3327 0 0.9529 0
T 1822 123.0 0.3324 0 0.9982 0
T 1830 123.0 0.3324 0 0.9982 0
T 1838 123.0 0.3324 0 0.9982 0
T 1845 123.0 0.3321 0 0.0455 0
T 1852 123.0 0.3321 0 0.0455 0
T 1860 123.0 0.3321 0 0.0455 0
T 1868 123.0 0.3320 0 0.0928 0
T 1875 123.0 0.3320 0 0.0928 0
T 1882 123.0 0.3320 0 0.0928 0
T 1890 123.0 0.3315 0 0.1380 0
T 1898 123.0 0.3315 0 0.1380 0
T 1905 123.0 0.3315 0 0.1380 0
T 1912 123.0 0.3312 0 0.1832 0
T 1920 123.0 0.3312 0 0.1832 0
T 1928 123.0 0.3312 0 0.1832 0
T 1935 123.0 0.3309 0 0.2305 0
T 1942 123.0 0.3309 0 0.2305 0
T 1950 123.0 0.3309 0 0.2305 0
T 1958 123.0 0.3302 0 0.2777 0
T 1965 123.0 0.3302 0 0.2777 0
T 1972 123.0 0.3302 0 0.2777 0
T 1980 123.0 0.3297 0 0.3229 0
T 1988 123.0 0.3297 0 0.3229 0
T 1995 123.0 0.3297 0 0.3229 0
T 2002 123.0 0.3289 0 0.3681 0
T 2010 123.0 0.3289 0 0.3681 0
T 2018 123.0 0.3289 0 0.3681 0
T 2025 123.0 0.3284 0 0.4153 0
T 2032 123.0 0.3284 0 0.4153 0
T 2040 123.0 0.3284 0 0.4153 0
T 2048 123.0 0.3279 0 0.4625 0
T 2055 123.0 0.3279 0 0.4625 0
T 2062 123.0 0.3279 0 0.4625 0
T 2070 123.0 0.3282 0 0.5077 0
T 2078 123.0 0.3282 0 0.5077 0
T 2085 123.0 0.3282 0 0.5077 0
T 2092 123.0 0.3295 0 0.5528 0
T 2100 123.0 0.3295 0 0.5528 0
T 2108 123.0 0.3295 0 0.5528 0
T 2115 123.0 0.3310 0 0.6000 0
T 2122 123.0 0.3310 0 0.6000 0
T 2130 123.0 0.3310 0 0.6000 0
T 2138 123.0 0.3322 0 0.6472 0
T 2145 123.0 0.3322 0 0.6472 0
T 2152 123.0 0.3322 0 0.6472 0
T 2160 123.0 0.3328 0 0.6924 0
T 2168 123.0 0.3328 0 0.6924 0
T 2175 123.0 0.3328 0 0.6924 0
T 2182 123.0 0.3333 0 0.7375 0
T 2190 123.0 0.3333 0 0.7375 0
T 2198 123.0 0.3333 0 0.7375 0
T 2205 123.0 0.3340 0 0.7847 0
T 2212 123.0 0.3340 0 0.7847 0
T 2220 123.0 0.3340 0 0.7847 0
T 2228 123.0 0.3349 0 0.8319 0
T 2235 123.0 0.3349 0 0.8319 0
T 2242 123.0 0.3349 0 0.8319 0
T 2250 123.0 0.3357 0 0.8770 0
T 2258 123.0 0.3357 0 0.8770 0
T 2265 123.0 0.3357 0 0.8770 0
T 2272 123.0 0.3370 0 0.9221 0
T 2280 123.0 0.3370 0 0.9221 0
T 2288 123.0 0.3370 0 0.9221 0
T 2295 123.0 0.3381 0 0.9693 0
T 2302 123.0 0.3381 0 0.9693 0
T 2310 123.0 0.3381 0 0.9693 0
T 2318 123.0 0.3393 0 0.0164 0
T 2325 123.0 0.3393 0 0.0164 0
T 2332 123.0 0.3393 0 0.0164 0
T 2340 123.0 0.3404 0 0.0616 0
T 2348 123.0 0.3404 0 0.0616 0
T 2355 123.0 0.3404 0 0.0616 0
T 2362 123.0 0.3414 0 0.1067 0
T 2370 123.0 0.3414 0 0.1067 0
T 2378 123.0 0.3414 0 0.1067 0
T 2385 123.0 0.3423 0 0.1538 0
T 2392 123.0 0.3423 0 0.1538 0
T 2400 123.0 0.3423 0 0.1538 0
T 2408 123.0 0.3431 0 0.2010 0
T 2415 123.0 0.3431 0 0.2010 0
T 2422 123.0 0.3431 0 0.2010 0
T 2430 123.0 0.3438 0 0.2461 0
T 2438 123.0 0.3438 0 0.2461 0
T 2445 123.0 0.3438 0 0.2461 0
T 2452 123.0 0.3443 0 0.2912 0
T 2460 123.0 0.3443 0 0.2912 0
T 2468 123.0 0.3443 0 0.2912 0
T 2475 123.0 0.3447 0 0.3384 0
T 2482 123.0 0.3447 0 0.3384 0
T 2490 123.0 0.3447 0 0.3384 0
T 2498 123.0 0.3451 0 0.3855 0
T 2505 123.0 0.3451 0 0.3855 0
T 2512 123.0 0.3451 0 0.3855 0
T 2520 123.0 0.3452 0 0.4306 0
T 2528 123.0 0.3452 0 0.4306 0
T 2535 123.0 0.3452 0 0.4306 0
T 2542 123.0 0.3457 0 0.4757 0
T 2550 123.0 0.3457 0 0.4757 0
T 2558 123.0 0.3457 0 0.4757 0
T 2565 123.0 0.3467 0 0.5229 0
T 2572 123.0 0.3467 0 0.5229 0
T 2580 123.0 0.3467 0 0.5229 0
T 2588 123.0 0.3479 0 0.5701 0
T 2595 123.0 0.3479 0 0.5701 0
T 2602 123.0 0.3479 0 0.5701 0
T 2610 123.0 0.3489 0 0.6152 0
T 2618 123.0 0.3489 0 0.6152 0
T 2625 123.0 0.3489 0 0.6152 0
T 2632 123.0 0.3497 0 0.6603 0
T 2640 123.0 0.3497 0 0.6603 0
T 2648 123.0 0.3497 0 0.6603 0
T 2655 123.0 0.3506 0 0.7074 0
T 2662 123.0 0.3506 0 0.7074 0
T 2670 123.0 0.3506 0 0.7074 0
T 2678 123.0 0.3513 0 0.7546 0
T 2685 123.0 0.3513 0 0.7546 0
T 2692 123.0 0.3513 0 0.7546 0
T 2700 123.0 0.3520 0 0.7997 0
T 2708 123.0 0.3520 0 0.7997 0
T 2715 123.0 0.3520 0 0.7997 0
T 2722 123.0 0.3525 0 0.8448 0
T 2730 123.0 0.3525 0 0.8448 0
T 2738 123.0 0.3525 0 0.8448 0
T 2745 123.0 0.3533 0 0.8919 0
T 2752 123.0 0.3533 0 0.8919 0
T 2760 123.0 0.3533 0 0.8919 0
T 2768 123.0 0.3537 0 0.9391 0
T 2775 123.0 0.3537 0 0.9391 0
T 2782 123.0 0.3537 0 0.9391 0
T 2790 123.0 0.3541 0 0.9842 0
T 2798 123.0 0.3541 0 0.9842 0
T 2805 123.0 0.3541 0 0.9842 0
T 2812 123.0 0.3547 0 0.0293 0
T 2820 123.0 0.3547 0 0.0293 0
T 2828 123.0 0.3547 0 0.0293 0
T 2835 123.0 0.3553 0 0.0764 0
T 2842 123.0 0.3553 0 0.0764 0
T 2850 123.0 0.3553 0 0.0764 0
T 2858 123.0 0.3559 0 0.1236 0
T 2865 123.0 0.3559 0 0.1236 0
T 2872 123.0 0.3559 0 0.1236 0
T 2880 123.0 0.3564 0 0.1687 0
T 2888 123.0 0.3564 0 0.1687 0
T 2895 123.0 0.3564 0 0.1687 0
T 2902 123.0 0.3565 0 0.2138 0
T 2910 123.0 0.3565 0 0.2138 0
T 2918 123.0 0.3565 0 0.2138 0
T 2925 123.0 0.3565 0 0.2609 0
T 2932 123.0 0.3565 0 0.2609 0
T 2940 123.0 0.3565 0 0.2609 0
T 2948 123.0 0.3566 0 0.3081 0
T 2955 123.0 0.3566 0 0.3081 0
T 2962 123.0 0.3566 0 0.3081 0
T 2970 123.0 0.3568 0 0.3532 0
T 2978 123.0 0.3568 0 0.3532 0
T 2985 123.0 0.3568 0 0.3532 0
T 2992 123.0 0.3570 0 0.3983 0
T 3000 123.0 0.3570 0 0.3983 0
T 3008 123.0 0.3570 0 0.3983 0
T 3015 123.0 0.3583 0 0.4454 0
T 3022 123.0 0.3583 0 0.4454 0
T 3030 123.0 0.3583 0 0.4454 0
T 3038 123.0 0.3598 0 0.4926 0
T 3045 123.0 0.3598 0 0.4926 0
T 3052 123.0 0.3598 0 0.4926 0
T 3060 123.0 0.3618 0 0.5377 0
T 3068 123.0 0.3618 0 0.5377 0
T 3075 123.0 0.3618 0 0.5377 0
T 3082 123.0 0.3636 0 0.5828 0
T 3090 123.0 0.3636 0 0.5828 0
T 3098 123.0 0.3636 0 0.5828 0
T 3105 123.0 0.3655 0 0.6299 0
T 3112 123.0 0.3655 0 0.6299 0
T 3120 123.0 0.3655 0 0.6299 0
T 3128 123.0 0.3668 0 0.6771 0
T 3135 123.0 0.3668 0 0.6771 0
T 3142 123.0 0.3668 0 0.6771 0
T 3150 123.0 0.3677 0 0.7222 0
T 3158 123.0 0.3677 0 0.7222 0
T 3165 123.0 0.3677 0 0.7222 0
T 3172 123.0 0.3684 0 0.7673 0
T 3180 123.0 0.3684 0 0.7673 0
T 3188 123.0 0.3684 0 0.7673 0
T 3195 123.0 0.3692 0 0.8145 0
T 3202 123.0 0.3692 0 0.8145 0
T 3210 123.0 0.3692 0 0.8145 0
T 3218 123.0 0.3703 0 0.8616 0
T 3225 123.0 0.3703 0 0.8616 0
T 3232 123.0 0.3703 0 0.8616 0
T 3240 123.0 0.3720 0 0.9067 0
T 3248 123.0 0.3720 0 0.9067 0
T 3255 123.0 0.3720 0 0.9067 0
T 3262 123.0 0.3735 0 0.9518 0
T 3270 123.0 0.3735 0 0.9518 0
T 3278 123.0 0.3735 0 0.9518 0
T 3285 123.0 0.3750 0 0.9990 0
T 3292 123.0 0.3750 0 0.9990 0
T 3300 123.0 0.3750 0 0.9990 0
T 3308 123.0 0.3763 0 0.0461 0
T 3315 123.0 0.3763 0 0.0461 0
T 3322 123.0 0.3763 0 0.0461 0
T 3330 123.0 0.3773 0 0.0912 0
T 3338 123.0 0.3773 0 0.0912 0
T 3345 123.0 0.3773 0 0.0912 0
T 3352 123.0 0.3780 0 0.1363 0
T 3360 123.0 0.3780 0 0.1363 0
T 3368 123.0 0.3780 0 0.1363 0
T 3375 123.0 0.3788 0 0.1835 0
T 3382 123.0 0.3788 0 0.1835 0
T 3390 123.0 0.3788 0 0.1835 0
T 3398 123.0 0.3795 0 0.2306 0
T 3405 123.0 0.3795 0 0.2306 0
T 3412 123.0 0.3795 0 0.2306 0
T 3420 123.0 0.3799 0 0.2757 0
T 3428 123.0 0.3799 0 0.2757 0
T 3435 123.0 0.3799 0 0.2757 0
T 3442 123.0 0.3806 0 0.3208 0
T 3450 123.0 0.3806 0 0.3208 0
T 3458 123.0 0.3806 0 0.3208 0
T 3465 123.0 0.3814 0 0.3680 0
T 3472 123.0 0.3814 0 0.3680 0
T 3480 123.0 0.3814 0 0.3680 0
T 3488 123.0 0.3821 0 0.4151 0
T 3495 123.0 0.3821 0 0.4151 0
T 3502 123.0 0.3821 0 0.4151 0
T 3510 123.0 0.3830 0 0.4602 0
T 3518 123.0 0.3830 0 0.4602 0
T 3525 123.0 0.3830 0 0.4602 0
T 3532 123.0 0.3840 0 0.5053 0
T 3540 123.0 0.3840 0 0.5053 0
T 3548 123.0 0.3840 0 0.5053 0
T 3555 123.0 0.3854 0 0.5525 0
T 3562 123.0 0.3854 0 0.5525 0
T 3570 123.0 0.3854 0 0.5525 0
T 3578 123.0 0.3865 0 0.5996 0
T 3585 123.0 0.3865 0 0.5996 0
T 3592 123.0 0.3865 0 0.5996 0
T 3600 123.0 0.3870 0 0.6447 0
T 3608 123.0 0.3870 0 0.6447 0
T 3615 123.0 0.3870 0 0.6447 0
T 3622 123.0 0.3875 0 0.6898 0
T 3630 123.0 0.3875 0 0.6898 0
T 3638 123.0 0.3875 0 0.6898 0
T 3645 123.0 0.3879 0 0.7370 0
T 3652 123.0 0.3879 0 0.7370 0
T 3660 123.0 0.3879 0 0.7370 0
T 3668 123.0 0.3883 0 0.7841 0
T 3675 123.0 0.3883 0 0.7841 0
T 3682 123.0 0.3883 0 0.7841 0
T 3690 123.0 0.3887 0 0.8292 0
T 3698 123.0 0.3887 0 0.8292 0
T 3705 123.0 0.3887 0 0.8292 0
T 3712 123.0 0.3892 0 0.8743 0
T 3720 123.0 0.3892 0 0.8743 0
T 3728 123.0 0.3892 0 0.8743 0
T 3735 123.0 0.3903 0 0.9215 0
T 3742 123.0 0.3903 0 0.9215 0
T 3750 123.0 0.3903 0 0.9215 0
T 3758 123.0 0.3913 0 0.9686 0
T 3765 123.0 0.3913 0 0.9686 0
T 3772 123.0 0.3913 0 0.9686 0
T 3780 123.0 0.3920 0 0.0137 0
T 3788 123.0 0.3920 0 0.0137 0
T 3795 123.0 0.3920 0 0.0137 0
T 3802 123.0 0.3925 0 0.0588 0
T 3810 123.0 0.3925 0 0.0588 0
T 3818 123.0 0.3925 0 0.0588 0
T 3825 123.0 0.3931 0 0.1060 0
T 3832 123.0 0.3931 0 0.1060 0
T 3840 123.0 0.3931 0 0.1060 0
T 3848 123.0 0.3940 0 0.1531 0
T 3855 123.0 0.3940 0 0.1531 0
T 3862 123.0 0.3940 0 0.1531 0
T 3870 123.0 0.3949 0 0.1982 0
T 3878 123.0 0.3949 0 0.1982 0
T 3885 123.0 0.3949 0 0.1982 0
T 3892 123.0 0.3956 0 0.2433 0
T 3900 123.0 0.3956 0 0.2433 0
T 3908 123.0 0.3956 0 0.2433 0
T 3915 123.0 0.3959 0 0.2905 0
T 3922 123.0 0.3959 0 0.2905 0
T 3930 123.0 0.3959 0 0.2905 0
T 3938 123.0 0.3964 0 0.3376 0
T 3945 123.0 0.3964 0 0.3376 0
T 3952 123.0 0.3964 0 0.3376 0
T 3960 123.0 0.3960 0 0.3827 0
T 3968 123.0 0.3960 0 0.3827 0
T 3975 123.0 0.3960 0 0.3827 0
T 3982 123.0 0.3959 0 0.4278 0
T 3990 123.0 0.3959 0 0.4278 0
T 3998 123.0 0.3959 0 0.4278 0
T 4005 123.0 0.3958 0 0.4750 0
T 4012 123.0 0.3958 0 0.4750 0
T 4020 123.0 0.3958 0 0.4750 0
T 4028 123.0 0.3957 0 0.5221 0
T 4035 123.0 0.3957 0 0.5221 0
T 4042 123.0 0.3957 0 0.5221 0
T 4050 123.0 0.3958 0 0.5672 0
T 4058 123.0 0.3958 0 0.5672 0
T 4065 123.0 0.3958 0 0.5672 0
T 4072 123.0 0.3959 0 0.6123 0
T 4080 123.0 0.3959 0 0.6123 0
T 4088 123.0 0.3959 0 0.6123 0
T 4095 123.0 0.3961 0 0.6595 0
T 4102 123.0 0.3961 0 0.6595 0
T 4110 123.0 0.3961 0 0.6595 0
T 4118 123.0 0.3965 0 0.7066 0
T 4125 123.0 0.3965 0 0.7066 0
T 4132 123.0 0.3965 0 0.7066 0
T 4140 123.0 0.3968 0 0.7517 0
T 4148 123.0 0.3968 0 0.7517 0
T 4155 123.0 0.3968 0 0.7517 0
T 4162 123.0 0.3970 0 0.7968 0
T 4170 123.0 0.3970 0 0.7968 0
T 4178 123.0 0.3970 0 0.7968 0
T 4185 123.0 0.3971 0 0.8440 0
T 4192 123.0 0.3971 0 0.8440 0
T 4200 123.0 0.3971 0 0.8440 0
T 4208 123.0 0.3975 0 0.8911 0
T 4215 123.0 0.3975 0 0.8911 0
T 4222 123.0 0.3975 0 0.8911 0
T 4230 123.0 0.3979 0 0.9362 0
T 4238 123.0 0.3979 0 0.9362 0
T 4245 123.0 0.3979 0 0.9362 0
T 4252 123.0 0.3985 0 0.9813 0
T 4260 123.0 0.3985 0 0.9813 0
T 4268 123.0 0.3985 0 0.9813 0
T 4275 123.0 0.3989 0 0.0285 0
T 4282 123.0 0.3989 0 0.0285 0
T 4290 123.0 0.3989 0 0.0285 0
T 4298 123.0 0.3991 0 0.0756 0
T 4305 123.0 0.3991 0 0.0756 0
T 4312 123.0 0.3991 0 0.0756 0
T 4320 123.0 0.3989 0 0.1207 0
T 4328 123.0 0.3989 0 0.1207 0
T 4335 123.0 0.3989 0 0.1207 0
T 4342 123.0 0.3987 0 0.1658 0
T 4350 123.0 0.3987 0 0.1658 0
T 4358 123.0 0.3987 0 0.1658 0
T 4365 123.0 0.3986 0 0.2130 0
T 4372 123.0 0.3986 0 0.2130 0
T 4380 123.0 0.3986 0 0.2130 0
T 4388 123.0 0.3984 0 0.2601 0
T 4395 123.0 0.3984 0 0.2601 0
T 4402 123.0 0.3984 0 0.2601 0
T 4410 123.0 0.3983 0 0.3052 0
T 4418 123.0 0.3983 0 0.3052 0
T 4425 123.0 0.3983 0 0.3052 0
T 4432 123.0 0.3979 0 0.3503 0
T 4440 123.0 0.3979 0 0.3503 0
T 4448 123.0 0.3979 0 0.3503 0
T 4455 123.0 0.3974 0 0.3975 0
T 4462 123.0 0.3974 0 0.3975 0
T 4470 123.0 0.3974 0 0.3975 0
T 4478 123.0 0.3968 0 0.4446 0
T 4485 123.0 0.3968 0 0.4446 0
T 4492 123.0 0.3968 0 0.4446 0
T 4500 123.0 0.3965 0 0.4897 0
T 4508 123.0 0.3965 0 0.4897 0
T 4515 123.0 0.3965 0 0.4897 0
T 4522 123.0 0.3963 0 0.5348 0
T 4530 123.0 0.3963 0 0.5348 0
T 4538 123.0 0.3963 0 0.5348 0
T 4545 123.0 0.3962 0 0.5820 0
T 4552 123.0 0.3962 0 0.5820 0
T 4560 123.0 0.3962 0 0.5820 0
T 4568 123.0 0.3958 0 0.6291 0
T 4575 123.0 0.3958 0 0.6291 0
T 4582 123.0 0.3958 0 0.6291 0
T 4590 123.0 0.3957 0 0.6742 0
T 4598 123.0 0.3957 0 0.6742 0
T 4605 123.0 0.3957 0 0.6742 0
T 4612 123.0 0.3957 0 0.7193 0
T 4620 123.0 0.3957 0 0.7193 0
T 4628 123.0 0.3957 0 0.7193 0
T 4635 123.0 0.3956 0 0.7665 0
T 4642 123.0 0.3956 0 0.7665 0
T 4650 123.0 0.3956 0 0.7665 0
T 4658 123.0 0.3956 0 0.8136 0
T 4665 123.0 0.3956 0 0.8136 0
T 4672 123.0 0.3956 0 0.8136 0
T 4680 123.0 0.3955 0 0.8587 0
T 4688 123.0 0.3955 0 0.8587 0
T 4695 123.0 0.3955 0 0.8587 0
T 4702 123.0 0.3956 0 0.9038 0
T 4710 123.0 0.3956 0 0.9038 0
T 4718 123.0 0.3956 0 0.9038 0
T 4725 123.0 0.3957 0 0.9510 0
T 4732 123.0 0.3957 0 0.9510 0
T 4740 123.0 0.3957 0 0.9510 0
T 4748 123.0 0.3954 0 0.9981 0
T 4755 123.0 0.3954 0 0.9981 0
T 4762 123.0 0.3954 0 0.9981 0
T 4770 123.0 0.3951 0 0.0432 0
T 4778 123.0 0.3951 0 0.0432 0
T 4785 123.0 0.3951 0 0.0432 0
T 4792 123.0 0.3949 0 0.0883 0
T 4800 123.0 0.3949 0 0.0883 0
T 4808 123.0 0.3949 0 0.0883 0
T 4815 123.0 0.3946 0 0.1355 0
T 4822 123.0 0.3946 0 0.1355 0
T 4830 123.0 0.3946 0 0.1355 0
T 4838 123.0 0.3943 0 0.1826 0
T 4845 123.0 0.3943 0 0.1826 0
T 4852 123.0 0.3943 0 0.1826 0
T 4860 123.0 0.3942 0 0.2277 0
T 4868 123.0 0.3942 0 0.2277 0
T 4875 123.0 0.3942 0 0.2277 0
T 4882 123.0 0.3940 0 0.2728 0
T 4890 123.0 0.3940 0 0.2728 0
T 4898 123.0 0.3940 0 0.2728 0
T 4905 123.0 0.3936 0 0.3200 0
T 4912 123.0 0.3936 0 0.3200 0
T 4920 123.0 0.3936 0 0.3200 0
T 4928 123.0 0.3934 0 0.3671 0
T 4935 123.0 0.3934 0 0.3671 0
T 4942 123.0 0.3934 0 0.3671 0
T 4950 123.0 0.3933 0 0.4122 0
T 4958 123.0 0.3933 0 0.4122 0
T 4965 123.0 0.3933 0 0.4122 0
T 4972 123.0 0.3932 0 0.4573 0
T 4980 123.0 0.3932 0 0.4573 0
T 4988 123.0 0.3932 0 0.4573 0
T 4995 123.0 0.3930 0 0.5045 0
T 5002 123.0 0.3930 0 0.5045 0
T 5010 123.0 0.3930 0 0.5045 0
T 5018 123.0 0.3929 0 0.5516 0
T 5025 123.0 0.3929 0 0.5516 0
T 5032 123.0 0.3929 0 0.5516 0
T 5040 123.0 0.3927 0 0.5967 0
T 5048 123.0 0.3927 0 0.5967 0
T 5055 123.0 0.3927 0 0.5967 0
T 5062 123.0 0.3926 0 0.6418 0
T 5070 123.0 0.3926 0 0.6418 0
T 5078 123.0 0.3926 0 0.6418 0
T 5085 123.0 0.3927 0 0.6890 0
T 5092 123.0 0.3927 0 0.6890 0
T 5100 123.0 0.3927 0 0.6890 0
T 5108 123.0 0.3929 0 0.7361 0
T 5115 123.0 0.3929 0 0.7361 0
T 5122 123.0 0.3929 0 0.7361 0
T 5130 123.0 0.3930 0 0.7812 0
T 5138 123.0 0.3930 0 0.7812 0
T 5145 123.0 0.3930 0 0.7812 0
T 5152 123.0 0.3931 0 0.8263 0
T 5160 123.0 0.3931 0 0.8263 0
T 5168 123.0 0.3931 0 0.8263 0
T 5175 123.0 0.3934 0 0.8735 0
T 5182 123.0 0.3934 0 0.8735 0
T 5190 123.0 0.3934 0 0.8735 0
T 5198 123.0 0.3936 0 0.9206 0
T 5205 123.0 0.3936 0 0.9206 0
T 5212 123.0 0.3936 0 0.9206 0
T 5220 123.0 0.3938 0 0.9657 0
T 5228 123.0 0.3938 0 0.9657 0
T 5235 123.0 0.3938 0 0.9657 0
T 5242 123.0 0.3939 0 0.0108 0
T 5250 123.0 0.3939 0 0.0108 0
T 5258 123.0 0.3939 0 0.0108 0
T 5265 123.0 0.3941 0 0.0580 0
T 5272 123.0 0.3941 0 0.0580 0
T 5280 123.0 0.3941 0 0.0580 0
T 5288 123.0 0.3942 0 0.1051 0
T 5295 123.0 0.3942 0 0.1051 0
T 5302 123.0 0.3942 0 0.1051 0
T 5310 123.0 0.3944 0 0.1502 0
T 5318 123.0 0.3944 0 0.1502 0
T 5325 123.0 0.3944 0 0.1502 0
T 5332 123.0 0.3945 0 0.1953 0
T 5340 123.0 0.3945 0 0.1953 0
T 5348 123.0 0.3945 0 0.1953 0
T 5355 123.0 0.3949 0 0.2425 0
T 5362 123.0 0.3949 0 0.2425 0
T 5370 123.0 0.3949 0 0.2425 0
T 5378 123.0 0.3953 0 0.2896 0
T 5385 123.0 0.3953 0 0.2896 0
T 5392 123.0 0.3953 0 0.2896 0
T 5400 123.0 0.3955 0 0.3347 0
T 5408 123.0 0.3955 0 0.3347 0
T 5415 123.0 0.3955 0 0.3347 0
T 5422 123.0 0.3955 0 0.3798 0
T 5430 123.0 0.3955 0 0.3798 0
T 5438 123.0 0.3955 0 0.3798 0
T 5445 123.0 0.3959 0 0.4270 0
T 5452 123.0 0.3959 0 0.4270 0
T 5460 123.0 0.3959 0 0.4270 0
T 5468 123.0 0.3962 0 0.4741 0
T 5475 123.0 0.3962 0 0.4741 0
T 5482 123.0 0.3962 0 0.4741 0
T 5490 123.0 0.3965 0 0.5192 0
T 5498 123.0 0.3965 0 0.5192 0
T 5505 123.0 0.3965 0 0.5192 0
T 5512 123.0 0.3964 0 0.5643 0
T 5520 123.0 0.3964 0 0.5643 0
T 5528 123.0 0.3964 0 0.5643 0
T 5535 123.0 0.3962 0 0.6115 0
T 5542 123.0 0.3962 0 0.6115 0
T 5550 123.0 0.3962 0 0.6115 0
T 5558 123.0 0.3962 0 0.6586 0
T 5565 123.0 0.3962 0 0.6586 0
T 5572 123.0 0.3962 0 0.6586 0
T 5580 123.0 0.3961 0 0.7037 0
T 5588 123.0 0.3961 0 0.7037 0
T 5595 123.0 0.3961 0 0.7037 0
T 5602 123.0 0.3961 0 0.7488 0
T 5610 123.0 0.3961 0 0.7488 0
T 5618 123.0 0.3961 0 0.7488 0
T 5625 123.0 0.3962 0 0.7960 0
T 5632 123.0 0.3962 0 0.7960 0
T 5640 123.0 0.3962 0 0.7960 0
T 5648 123.0 0.3964 0 0.8431 0
T 5655 123.0 0.3964 0 0.8431 0
T 5662 123.0 0.3964 0 0.8431 0
T 5670 123.0 0.3966 0 0.8882 0
T 5678 123.0 0.3966 0 0.8882 0
T 5685 123.0 0.3966 0 0.8882 0
T 5692 123.0 0.3968 0 0.9333 0
T 5700 123.0 0.3968 0 0.9333 0
T 5708 123.0 0.3968 0 0.9333 0
T 5715 123.0 0.3971 0 0.9805 0
T 5722 123.0 0.3971 0 0.9805 0
T 5730 123.0 0.3971 0 0.9805 0
T 5738 123.0 0.3971 0 0.0276 0
T 5745 123.0 0.3971 0 0.0276 0
T 5752 123.0 0.3971 0 0.0276 0
T 5760 123.0 0.3970 0 0.0727 0
T 5768 123.0 0.3970 0 0.0727 0
T 5775 123.0 0.3970 0 0.0727 0
T 5782 123.0 0.3969 0 0.1178 0
T 5790 123.0 0.3969 0 0.1178 0
T 5798 123.0 0.3969 0 0.1178 0
T 5805 123.0 0.3970 0 0.1650 0
T 5812 123.0 0.3970 0 0.1650 0
T 5820 123.0 0.3970 0 0.1650 0
T 5828 123.0 0.3969 0 0.2121 0
T 5835 123.0 0.3969 0 0.2121 0
T 5842 123.0 0.3969 0 0.2121 0
T 5850 123.0 0.3967 0 0.2572 0
T 5858 123.0 0.3967 0 0.2572 0
T 5865 123.0 0.3967 0 0.2572 0
T 5872 123.0 0.3963 0 0.3023 0
T 5880 123.0 0.3963 0 0.3023 0
T 5888 123.0 0.3963 0 0.3023 0
T 5895 123.0 0.3962 0 0.3495 0
T 5902 123.0 0.3962 0 0.3495 0
T 5910 123.0 0.3962 0 0.3495 0
T 5918 123.0 0.3961 0 0.3966 0
T 5925 123.0 0.3961 0 0.3966 0
T 5932 123.0 0.3961 0 0.3966 0
T 5940 123.0 0.3962 0 0.4417 0
T 5948 123.0 0.3962 0 0.4417 0
T 5955 123.0 0.3962 0 0.4417 0
T 5962 123.0 0.3963 0 0.4868 0
T 5970 123.0 0.3963 0 0.4868 0
T 5978 123.0 0.3963 0 0.4868 0
T 5985 123.0 0.3964 0 0.5340 0
T 5992 123.0 0.3964 0 0.5340 0
T 6000 123.0 0.3964 0 0.5340 0
T 6008 123.0 0.3966 0 0.5811 0
T 6015 123.0 0.3966 0 0.5811 0
T 6022 123.0 0.3966 0 0.5811 0
T 6030 123.0 0.3965 0 0.6262 0
T 6038 123.0 0.3965 0 0.6262 0
T 6045 123.0 0.3965 0 0.6262 0
T 6052 123.0 0.3966 0 0.6713 0
T 6060 123.0 0.3966 0 0.6713 0
T 6068 123.0 0.3966 0 0.6713 0
T 6075 123.0 0.3966 0 0.7185 0
T 6082 123.0 0.3966 0 0.7185 0
T 6090 123.0 0.3966 0 0.7185 0
T 6098 123.0 0.3966 0 0.7656 0
T 6105 123.0 0.3966 0 0.7656 0
T 6112 123.0 0.3966 0 0.7656 0
T 6120 123.0 0.3968 0 0.8107 0
T 6128 123.0 0.3968 0 0.8107 0
T 6135 123.0 0.3968 0 0.8107 0
T 6142 123.0 0.3970 0 0.8558 0
T 6150 123.0 0.3970 0 0.8558 0
T 6158 123.0 0.3970 0 0.8558 0
T 6165 123.0 0.3973 0 0.9030 0
T 6172 123.0 0.3973 0 0.9030 0
T 6180 123.0 0.3973 0 0.9030 0
T 6188 123.0 0.3973 0 0.9501 0
T 6195 123.0 0.3973 0 0.9501 0
T 6202 123.0 0.3973 0 0.9501 0
T 6210 123.0 0.3972 0 0.9952 0
T 6218 123.0 0.3972 0 0.9952 0
T 6225 123.0 0.3972 0 0.9952 0
T 6232 123.0 0.3972 0 0.0403 0
T 6240 123.0 0.3972 0 0.0403 0
T 6248 123.0 0.3972 0 0.0403 0
T 6255 123.0 0.3971 0 0.0875 0
T 6262 123.0 0.3971 0 0.0875 0
T 6270 123.0 0.3971 0 0.0875 0
T 6278 123.0 0.3970 0 0.1346 0
T 6285 123.0 0.3970 0 0.1346 0
T 6292 123.0 0.3970 0 0.1346 0
T 6300 123.0 0.3971 0 0.1797 0
T 6308 123.0 0.3971 0 0.1797 0
T 6315 123.0 0.3971 0 0.1797 0
T 6322 123.0 0.3971 0 0.2248 0
T 6330 123.0 0.3971 0 0.2248 0
T 6338 123.0 0.3971 0 0.2248 0
T 6345 123.0 0.3964 0 0.2720 0
T 6352 123.0 0.3964 0 0.2720 0
T 6360 123.0 0.3964 0 0.2720 0
T 6368 123.0 0.3962 0 0.3191 0
T 6375 123.0 0.3962 0 0.3191 0
T 6382 123.0 0.3962 0 0.3191 0
T 6390 123.0 0.3958 0 0.3642 0
T 6398 123.0 0.3958 0 0.3642 0
T 6405 123.0 0.3958 0 0.3642 0
T 6412 123.0 0.3956 0 0.4093 0
T 6420 123.0 0.3956 0 0.4093 0
T 6428 123.0 0.3956 0 0.4093 0
T 6435 123.0 0.3954 0 0.4565 0
T 6442 123.0 0.3954 0 0.4565 0
T 6450 123.0 0.3954 0 0.4565 0
T 6458 123.0 0.3954 0 0.5036 0
T 6465 123.0 0.3954 0 0.5036 0
T 6472 123.0 0.3954 0 0.5036 0
T 6480 123.0 0.3953 0 0.5487 0
T 6488 123.0 0.3953 0 0.5487 0
T 6495 123.0 0.3953 0 0.5487 0
T 6502 123.0 0.3951 0 0.5938 0
T 6510 123.0 0.3951 0 0.5938 0
T 6518 123.0 0.3951 0 0.5938 0
T 6525 123.0 0.3948 0 0.6410 0
T 6532 123.0 0.3948 0 0.6410 0
T 6540 123.0 0.3948 0 0.6410 0
T 6548 123.0 0.3946 0 0.6881 0
T 6555 123.0 0.3946 0 0.6881 0
T 6562 123.0 0.3946 0 0.6881 0
T 6570 123.0 0.3943 0 0.7332 0
T 6578 123.0 0.3943 0 0.7332 0
T 6585 123.0 0.3943 0 0.7332 0
T 6592 123.0 0.3940 0 0.7783 0
T 6600 123.0 0.3940 0 0.7783 0
T 6608 123.0 0.3940 0 0.7783 0
T 6615 123.0 0.3937 0 0.8255 0
T 6622 123.0 0.3937 0 0.8255 0
T 6630 123.0 0.3937 0 0.8255 0
T 6638 123.0 0.3936 0 0.8726 0
T 6645 123.0 0.3936 0 0.8726 0
T 6652 123.0 0.3936 0 0.8726 0
T 6660 123.0 0.3935 0 0.9177 0
T 6668 123.0 0.3935 0 0.9177 0
T 6675 123.0 0.3935 0 0.9177 0
T 6682 123.0 0.3934 0 0.9628 0
T 6690 123.0 0.3934 0 0.9628 0
T 6698 123.0 0.3934 0 0.9628 0
T 6705 123.0 0.3932 0 0.0100 0
T 6712 123.0 0.3932 0 0.0100 0
T 6720 123.0 0.3932 0 0.0100 0
T 6728 123.0 0.3929 0 0.0571 0
T 6735 123.0 0.3929 0 0.0571 0
T 6742 123.0 0.3929 0 0.0571 0
T 6750 123.0 0.3926 0 0.1022 0
T 6758 123.0 0.3926 0 0.1022 0
T 6765 123.0 0.3926 0 0.1022 0
T 6772 123.0 0.3924 0 0.1473 0
T 6780 123.0 0.3924 0 0.1473 0
T 6788 123.0 0.3924 0 0.1473 0
T 6795 123.0 0.3923 0 0.1945 0
T 6802 123.0 0.3923 0 0.1945 0
T 6810 123.0 0.3923 0 0.1945 0
T 6818 123.0 0.3920 0 0.2416 0
T 6825 123.0 0.3920 0 0.2416 0
T 6832 123.0 0.3920 0 0.2416 0
T 6840 123.0 0.3919 0 0.2867 0
T 6848 123.0 0.3919 0 0.2867 0
T 6855 123.0 0.3919 0 0.2867 0
T 6862 123.0 0.3921 0 0.3318 0
T 6870 123.0 0.3921 0 0.3318 0
T 6878 123.0 0.3921 0 0.3318 0
T 6885 123.0 0.3921 0 0.3790 0
T 6892 123.0 0.3921 0 0.3790 0
T 6900 123.0 0.3921 0 0.3790 0
T 6908 123.0 0.3922 0 0.4261 0
T 6915 123.0 0.3922 0 0.4261 0
T 6922 123.0 0.3922 0 0.4261 0
T 6930 123.0 0.3922 0 0.4712 0
T 6938 123.0 0.3922 0 0.4712 0
T 6945 123.0 0.3922 0 0.4712 0
T 6952 123.0 0.3924 0 0.5163 0
T 6960 123.0 0.3924 0 0.5163 0
T 6968 123.0 0.3924 0 0.5163 0
T 6975 123.0 0.3924 0 0.5635 0
T 6982 123.0 0.3924 0 0.5635 0
T 6990 123.0 0.3924 0 0.5635 0
T 6998 123.0 0.3923 0 0.6106 0
T 7005 123.0 0.3923 0 0.6106 0
T 7012 123.0 0.3923 0 0.6106 0
T 7020 123.0 0.3921 0 0.6557 0
T 7028 123.0 0.3921 0 0.6557 0
T 7035 123.0 0.3921 0 0.6557 0
T 7042 123.0 0.3919 0 0.7008 0
T 7050 123.0 0.3919 0 0.7008 0
T 7058 123.0 0.3919 0 0.7008 0
T 7065 123.0 0.3920 0 0.7480 0
T 7072 123.0 0.3920 0 0.7480 0
T 7080 123.0 0.3920 0 0.7480 0
T 7088 123.0 0.3921 0 0.7951 0
T 7095 123.0 0.3921 0 0.7951 0
T 7102 123.0 0.3921 0 0.7951 0
T 7110 123.0 0.3922 0 0.8402 0
T 7118 123.0 0.3922 0 0.8402 0
T 7125 123.0 0.3922 0 0.8402 0
T 7132 123.0 0.3924 0 0.8853 0
T 7140 123.0 0.3924 0 0.8853 0
T 7148 123.0 0.3924 0 0.8853 0
T 7155 123.0 0.3926 0 0.9325 0
T 7162 123.0 0.3926 0 0.9325 0
T 7170 123.0 0.3926 0 0.9325 0
T 7178 123.0 0.3929 0 0.9796 0
T 7185 123.0 0.3929 0 0.9796 0
T 7192 123.0 0.3929 0 0.9796 0
T 7200 123.0 0.3932 0 0.0247 0
T 7208 123.0 0.3932 0 0.0247 0
T 7215 123.0 0.3932 0 0.0247 0
T 7222 123.0 0.3934 0 0.0698 0
T 7230 123.0 0.3934 0 0.0698 0
T 7238 123.0 0.3934 0 0.0698 0
T 7245 123.0 0.3936 0 0.1170 0
T 7252 123.0 0.3936 0 0.1170 0
T 7260 123.0 0.3936 0 0.1170 0
T 7268 123.0 0.3937 0 0.1641 0
T 7275 123.0 0.3937 0 0.1641 0
T 7282 123.0 0.3937 0 0.1641 0
T 7290 123.0 0.3938 0 0.2092 0
T 7298 123.0 0.3938 0 0.2092 0
T 7305 123.0 0.3938 0 0.2092 0
T 7312 123.0 0.3938 0 0.2543 0
T 7320 123.0 0.3938 0 0.2543 0
T 7328 123.0 0.3938 0 0.2543 0
T 7335 123.0 0.3938 0 0.3015 0
T 7342 123.0 0.3938 0 0.3015 0
T 7350 123.0 0.3938 0 0.3015 0
T 7358 123.0 0.3940 0 0.3486 0
T 7365 123.0 0.3940 0 0.3486 0
T 7372 123.0 0.3940 0 0.3486 0
T 7380 123.0 0.3942 0 0.3937 0
T 7388 123.0 0.3942 0 0.3937 0
T 7395 123.0 0.3942 0 0.3937 0
T 7402 123.0 0.3945 0 0.4388 0
T 7410 123.0 0.3945 0 0.4388 0
T 7418 123.0 0.3945 0 0.4388 0
T 7425 123.0 0.3949 0 0.4860 0
T 7432 123.0 0.3949 0 0.4860 0
T 7440 123.0 0.3949 0 0.4860 0
T 7448 123.0 0.3952 0 0.5331 0
T 7455 123.0 0.3952 0 0.5331 0
T 7462 123.0 0.3952 0 0.5331 0
T 7470 123.0 0.3956 0 0.5782 0
T 7478 123.0 0.3956 0 0.5782 0
T 7485 123.0 0.3956 0 0.5782 0
T 7492 123.0 0.3962 0 0.6233 0
T 7500 123.0 0.3962 0 0.6233 0
T 7508 123.0 0.3962 0 0.6233 0
T 7515 123.0 0.3967 0 0.6705 0
T 7522 123.0 0.3967 0 0.6705 0
T 7530 123.0 0.3967 0 0.6705 0
T 7538 123.0 0.3965 0 0.7176 0
T 7545 123.0 0.3965 0 0.7176 0
T 7552 123.0 0.3965 0 0.7176 0
T 7560 123.0 0.3965 0 0.7627 0
T 7568 123.0 0.3965 0 0.7627 0
T 7575 123.0 0.3965 0 0.7627 0
T 7582 123.0 0.3966 0 0.8078 0
T 7590 123.0 0.3966 0 0.8078 0
T 7598 123.0 0.3966 0 0.8078 0
T 7605 123.0 0.3966 0 0.8550 0
T 7612 123.0 0.3966 0 0.8550 0
T 7620 123.0 0.3966 0 0.8550 0
T 7628 123.0 0.3968 0 0.9021 0
T 7635 123.0 0.3968 0 0.9021 0
T 7642 123.0 0.3968 0 0.9021 0
T 7650 123.0 0.3968 0 0.9472 0
T 7658 123.0 0.3968 0 0.9472 0
T 7665 123.0 0.3968 0 0.9472 0
T 7672 123.0 0.3969 0 0.9923 0
T 7680 123.0 0.3969 0 0.9923 0
T 7688 123.0 0.3969 0 0.9923 0
T 7695 123.0 0.3973 0 0.0395 0
T 7702 123.0 0.3973 0 0.0395 0
T 7710 123.0 0.3973 0 0.0395 0
T 7718 123.0 0.3976 0 0.0866 0
T 7725 123.0 0.3976 0 0.0866 0
T 7732 123.0 0.3976 0 0.0866 0
T 7740 123.0 0.3982 0 0.1317 0
T 7748 123.0 0.3982 0 0.1317 0
T 7755 123.0 0.3982 0 0.1317 0
T 7762 123.0 0.3990 0 0.1768 0
T 7770 123.0 0.3990 0 0.1768 0
T 7778 123.0 0.3990 0 0.1768 0
T 7785 123.0 0.3995 0 0.2240 0
T 7792 123.0 0.3995 0 0.2240 0
T 7800 123.0 0.3995 0 0.2240 0
T 7808 123.0 0.4001 0 0.2711 0
T 7815 123.0 0.4001 0 0.2711 0
T 7822 123.0 0.4001 0 0.2711 0
T 7830 123.0 0.4006 0 0.3162 0
T 7838 123.0 0.4006 0 0.3162 0
T 7845 123.0 0.4006 0 0.3162 0
T 7852 123.0 0.4011 0 0.3613 0
T 7860 123.0 0.4011 0 0.3613 0
T 7868 123.0 0.4011 0 0.3613 0
T 7875 123.0 0.4015 0 0.4085 0
T 7882 123.0 0.4015 0 0.4085 0
T 7890 123.0 0.4015 0 0.4085 0
T 7898 123.0 0.4018 0 0.4556 0
T 7905 123.0 0.4018 0 0.4556 0
T 7912 123.0 0.4018 0 0.4556 0
T 7920 123.0 0.4021 0 0.5007 0
T 7928 123.0 0.4021 0 0.5007 0
T 7935 123.0 0.4021 0 0.5007 0
T 7942 123.0 0.4017 0 0.5458 0
T 7950 123.0 0.4017 0 0.5458 0
T 7958 123.0 0.4017 0 0.5458 0
T 7965 125.0 0.4102 0 0.5930 0
T 7972 125.0 0.4102 0 0.5930 0
T 7980 125.0 0.4102 0 0.5930 0
T 7988 125.0 0.4176 0 0.6403 0
T 7995 125.0 0.4176 0 0.6403 0
T 8002 125.0 0.4176 0 0.6403 0
T 8010 125.0 0.4235 0 0.6856 0
T 8018 125.0 0.4235 0 0.6856 0
T 8025 125.0 0.4235 0 0.6856 0
T 8032 125.0 0.4288 0 0.7310 0
T 8040 125.0 0.4288 0 0.7310 0
T 8048 125.0 0.4288 0 0.7310 0
T 8055 125.0 0.4342 0 0.7784 0
T 8062 125.0 0.4342 0 0.7784 0
T 8070 125.0 0.4342 0 0.7784 0
T 8078 125.0 0.4390 0 0.8260 0
T 8085 125.0 0.4390 0 0.8260 0
T 8092 125.0 0.4390 0 0.8260 0
T 8100 125.0 0.4429 0 0.8714 0
T 8108 125.0 0.4429 0 0.8714 0
T 8115 125.0 0.4429 0 0.8714 0
T 8122 125.0 0.4462 0 0.9170 0
T 8130 125.0 0.4462 0 0.9170 0
T 8138 125.0 0.4462 0 0.9170 0
T 8145 125.0 0.4493 0 0.9646 0
T 8152 125.0 0.4493 0 0.9646 0
T 8160 125.0 0.4493 0 0.9646 0
T 8168 125.0 0.4520 0 0.0122 0
T 8175 125.0 0.4520 0 0.0122 0
T 8182 125.0 0.4520 0 0.0122 0
T 8190 125.0 0.4564 0 0.0578 0
T 8198 125.0 0.4564 0 0.0578 0
T 8205 125.0 0.4564 0 0.0578 0
T 8212 125.0 0.4593 0 0.1035 0
T 8220 125.0 0.4593 0 0.1035 0
T 8228 125.0 0.4593 0 0.1035 0
T 8235 125.0 0.4628 0 0.1512 0
T 8242 125.0 0.4628 0 0.1512 0
T 8250 125.0 0.4628 0 0.1512 0
T 8258 125.0 0.4660 0 0.1989 0
T 8265 125.0 0.4660 0 0.1989 0
T 8272 125.0 0.4660 0 0.1989 0
T 8280 125.0 0.4685 0 0.2446 0
T 8288 125.0 0.4685 0 0.2446 0
T 8295 125.0 0.4685 0 0.2446 0
T 8302 125.0 0.4708 0 0.2903 0
T 8310 125.0 0.4708 0 0.2903 0
T 8318 125.0 0.4708 0 0.2903 0
T 8325 125.0 0.4729 0 0.3381 0
T 8332 125.0 0.4729 0 0.3381 0
T 8340 125.0 0.4729 0 0.3381 0
T 8348 125.0 0.4753 0 0.3859 0
T 8355 125.0 0.4753 0 0.3859 0
T 8362 125.0 0.4753 0 0.3859 0
T 8370 125.0 0.4778 0 0.4316 0
T 8378 125.0 0.4778 0 0.4316 0
T 8385 125.0 0.4778 0 0.4316 0
T 8392 125.0 0.4795 0 0.4774 0
T 8400 125.0 0.4795 0 0.4774 0
T 8408 125.0 0.4795 0 0.4774 0
T 8415 125.0 0.4811 0 0.5252 0
T 8422 125.0 0.4811 0 0.5252 0
T 8430 125.0 0.4811 0 0.5252 0
T 8438 125.0 0.4816 0 0.5730 0
T 8445 125.0 0.4816 0 0.5730 0
T 8452 125.0 0.4816 0 0.5730 0
T 8460 125.0 0.4818 0 0.6188 0
T 8468 125.0 0.4818 0 0.6188 0
T 8475 125.0 0.4818 0 0.6188 0
T 8482 125.0 0.4825 0 0.6646 0
T 8490 125.0 0.4825 0 0.6646 0
T 8498 125.0 0.4825 0 0.6646 0
T 8505 125.0 0.4834 0 0.7124 0
T 8512 125.0 0.4834 0 0.7124 0
T 8520 125.0 0.4834 0 0.7124 0
T 8528 125.0 0.4847 0 0.7603 0
T 8535 125.0 0.4847 0 0.7603 0
T 8542 125.0 0.4847 0 0.7603 0
T 8550 125.0 0.4853 0 0.8061 0
T 8558 125.0 0.4853 0 0.8061 0
T 8565 125.0 0.4853 0 0.8061 0
T 8572 125.0 0.4861 0 0.8519 0
T 8580 125.0 0.4861 0 0.8519 0
T 8588 125.0 0.4861 0 0.8519 0
T 8595 125.0 0.4863 0 0.8998 0
T 8602 125.0 0.4863 0 0.8998 0
T 8610 125.0 0.4863 0 0.8998 0
T 8618 125.0 0.4861 0 0.9477 0
T 8625 125.0 0.4861 0 0.9477 0
T 8632 125.0 0.4861 0 0.9477 0
T 8640 125.0 0.4858 0 0.9935 0
T 8648 125.0 0.4858 0 0.9935 0
T 8655 125.0 0.4858 0 0.9935 0
T 8662 125.0 0.4877 0 0.0393 0
T 8670 125.0 0.4877 0 0.0393 0
T 8678 125.0 0.4877 0 0.0393 0
T 8685 125.0 0.4955 0 0.0872 0
T 8692 125.0 0.4955 0 0.0872 0
T 8700 125.0 0.4955 0 0.0872 0
T 8708 125.0 0.5027 0 0.1351 0
T 8715 125.0 0.5027 0 0.1351 0
T 8722 125.0 0.5027 0 0.1351 0
T 8730 125.0 0.5087 0 0.1809 0
T 8738 125.0 0.5087 0 0.1809 0
T 8745 125.0 0.5087 0 0.1809 0
T 8752 125.0 0.5137 0 0.2267 0
T 8760 125.0 0.5137 0 0.2267 0
T 8768 125.0 0.5137 0 0.2267 0
T 8775 125.0 0.5185 0 0.2746 0
T 8782 125.0 0.5185 0 0.2746 0
T 8790 125.0 0.5185 0 0.2746 0
T 8798 125.0 0.5228 0 0.3225 0
T 8805 125.0 0.5228 0 0.3225 0
T 8812 125.0 0.5228 0 0.3225 0
T 8820 125.0 0.5263 0 0.3683 0
T 8828 125.0 0.5263 0 0.3683 0
T 8835 125.0 0.5263 0 0.3683 0
T 8842 125.0 0.5296 0 0.4141 0
T 8850 125.0 0.5296 0 0.4141 0
T 8858 125.0 0.5296 0 0.4141 0
T 8865 125.0 0.5330 0 0.4620 0
T 8872 125.0 0.5330 0 0.4620 0
T 8880 125.0 0.5330 0 0.4620 0
T 8888 125.0 0.5359 0 0.5100 0
T 8895 125.0 0.5359 0 0.5100 0
T 8902 125.0 0.5359 0 0.5100 0
T 8910 125.0 0.5373 0 0.5558 0
T 8918 125.0 0.5373 0 0.5558 0
T 8925 125.0 0.5373 0 0.5558 0
T 8932 125.0 0.5380 0 0.6016 0
T 8940 125.0 0.5380 0 0.6016 0
T 8948 125.0 0.5380 0 0.6016 0
T 8955 125.0 0.5392 0 0.6495 0
T 8962 125.0 0.5392 0 0.6495 0
T 8970 125.0 0.5392 0 0.6495 0
T 8978 125.0 0.5406 0 0.6974 0
T 8985 125.0 0.5406 0 0.6974 0
T 8992 125.0 0.5406 0 0.6974 0
T 9000 125.0 0.5423 0 0.7433 0
T 9008 125.0 0.5423 0 0.7433 0
T 9015 125.0 0.5423 0 0.7433 0
T 9022 125.0 0.5440 0 0.7891 0
T 9030 125.0 0.5440 0 0.7891 0
T 9038 125.0 0.5440 0 0.7891 0
T 9045 125.0 0.5464 0 0.8370 0
T 9052 125.0 0.5464 0 0.8370 0
T 9060 125.0 0.5464 0 0.8370 0
T 9068 125.0 0.5490 0 0.8849 0
T 9075 125.0 0.5490 0 0.8849 0
T 9082 125.0 0.5490 0 0.8849 0
T 9090 125.0 0.5514 0 0.9307 0
T 9098 125.0 0.5514 0 0.9307 0
T 9105 125.0 0.5514 0 0.9307 0
T 9112 125.0 0.5538 0 0.9766 0
T 9120 125.0 0.5538 0 0.9766 0
T 9128 125.0 0.5538 0 0.9766 0
T 9135 125.0 0.5550 0 0.0245 0
T 9142 125.0 0.5550 0 0.0245 0
T 9150 125.0 0.5550 0 0.0245 0
T 9158 125.0 0.5636 0 0.0724 0
T 9165 125.0 0.5636 0 0.0724 0
T 9172 125.0 0.5636 0 0.0724 0
T 9180 125.0 0.5713 0 0.1182 0
T 9188 125.0 0.5713 0 0.1182 0
T 9195 125.0 0.5713 0 0.1182 0
T 9202 125.0 0.5788 0 0.1641 0
T 9210 125.0 0.5788 0 0.1641 0
T 9218 125.0 0.5788 0 0.1641 0
T 9225 125.0 0.5861 0 0.2120 0
T 9232 125.0 0.5861 0 0.2120 0
T 9240 125.0 0.5861 0 0.2120 0
T 9248 125.0 0.5927 0 0.2599 0
T 9255 125.0 0.5927 0 0.2599 0
T 9262 125.0 0.5927 0 0.2599 0
T 9270 125.0 0.5988 0 0.3057 0
T 9278 125.0 0.5988 0 0.3057 0
T 9285 125.0 0.5988 0 0.3057 0
T 9292 125.0 0.6034 0 0.3516 0
T 9300 125.0 0.6034 0 0.3516 0
T 9308 125.0 0.6034 0 0.3516 0
T 9315 125.0 0.6081 0 0.3995 0
T 9322 125.0 0.6081 0 0.3995 0
T 9330 125.0 0.6081 0 0.3995 0
T 9338 125.0 0.6122 0 0.4474 0
T 9345 125.0 0.6122 0 0.4474 0
T 9352 125.0 0.6122 0 0.4474 0
T 9360 125.0 0.6159 0 0.4932 0
T 9368 125.0 0.6159 0 0.4932 0
T 9375 125.0 0.6159 0 0.4932 0
T 9382 125.0 0.6255 0 0.5390 0
T 9390 125.0 0.6255 0 0.5390 0
T 9398 125.0 0.6255 0 0.5390 0
T 9405 125.0 0.6384 0 0.5870 0
T 9412 125.0 0.6384 0 0.5870 0
T 9420 125.0 0.6384 0 0.5870 0
T 9428 125.0 0.6506 0 0.6349 0
T 9435 125.0 0.6506 0 0.6349 0
T 9442 125.0 0.6506 0 0.6349 0
T 9450 125.0 0.6614 0 0.6807 0
T 9458 125.0 0.6614 0 0.6807 0
T 9465 125.0 0.6614 0 0.6807 0
T 9472 125.0 0.6719 0 0.7265 0
T 9480 125.0 0.6719 0 0.7265 0
T 9488 125.0 0.6719 0 0.7265 0
T 9495 125.0 0.6825 0 0.7745 0
T 9502 125.0 0.6825 0 0.7745 0
T 9510 125.0 0.6825 0 0.7745 0
T 9518 125.0 0.6920 0 0.8224 0
T 9525 125.0 0.6920 0 0.8224 0
T 9532 125.0 0.6920 0 0.8224 0
T 9540 125.0 0.7006 0 0.8682 0
T 9548 125.0 0.7006 0 0.8682 0
T 9555 125.0 0.7006 0 0.8682 0
T 9562 125.0 0.7087 0 0.9140 0
T 9570 125.0 0.7087 0 0.9140 0
T 9578 125.0 0.7087 0 0.9140 0
T 9585 125.0 0.7170 0 0.9620 0
T 9592 125.0 0.7170 0 0.9620 0
T 9600 125.0 0.7170 0 0.9620 0
T 9608 125.0 0.7251 0 0.0099 0
T 9615 125.0 0.7251 0 0.0099 0
T 9622 125.0 0.7251 0 0.0099 0
T 9630 125.0 0.7384 0 0.0557 0
T 9638 125.0 0.7384 0 0.0557 0
T 9645 125.0 0.7384 0 0.0557 0
T 9652 125.0 0.7506 0 0.1015 0
T 9660 125.0 0.7506 0 0.1015 0
T 9668 125.0 0.7506 0 0.1015 0
T 9675 125.0 0.7621 0 0.1495 0
T 9682 125.0 0.7621 0 0.1495 0
T 9690 125.0 0.7621 0 0.1495 0
T 9698 125.0 0.7735 0 0.1974 0
T 9705 125.0 0.7735 0 0.1974 0
T 9712 125.0 0.7735 0 0.1974 0
T 9720 125.0 0.7838 0 0.2432 0
T 9728 125.0 0.7838 0 0.2432 0
T 9735 125.0 0.7838 0 0.2432 0
T 9742 125.0 0.7938 0 0.2890 0
T 9750 125.0 0.7938 0 0.2890 0
T 9758 125.0 0.7938 0 0.2890 0
T 9765 125.0 0.8038 0 0.3370 0
T 9772 125.0 0.8038 0 0.3370 0
T 9780 125.0 0.8038 0 0.3370 0
T 9788 125.0 0.8142 0 0.3849 0
T 9795 125.0 0.8142 0 0.3849 0
T 9802 125.0 0.8142 0 0.3849 0
T 9810 125.0 0.8249 0 0.4307 0
T 9818 125.0 0.8249 0 0.4307 0
T 9825 125.0 0.8249 0 0.4307 0
T 9832 125.0 0.8361 0 0.4765 0
T 9840 125.0 0.8361 0 0.4765 0
T 9848 125.0 0.8361 0 0.4765 0
T 9855 125.0 0.8494 0 0.5245 0
T 9862 125.0 0.8494 0 0.5245 0
T 9870 125.0 0.8494 0 0.5245 0
T 9878 125.0 0.8631 0 0.5724 0
T 9885 125.0 0.8631 0 0.5724 0
T 9892 125.0 0.8631 0 0.5724 0
T 9900 125.0 0.8746 0 0.6182 0
T 9908 125.0 0.8746 0 0.6182 0
T 9915 125.0 0.8746 0 0.6182 0
T 9922 125.0 0.8848 0 0.6640 0
T 9930 125.0 0.8848 0 0.6640 0
T 9938 125.0 0.8848 0 0.6640 0
T 9945 125.0 0.8943 0 0.7120 0
T 9952 125.0 0.8943 0 0.7120 0
T 9960 125.0 0.8943 0 0.7120 0
T 9968 125.0 0.9027 0 0.7599 0
T 9975 125.0 0.9027 0 0.7599 0
T 9982 125.0 0.9027 0 0.7599 0
T 9990 125.0 0.9098 0 0.8057 0
T 9998 125.0 0.9098 0 0.8057 0
T 10005 125.0 0.9098 0 0.8057 0
T 10012 125.0 0.9161 0 0.8515 0
T 10020 125.0 0.9161 0 0.8515 0
T 10028 125.0 0.9161 0 0.8515 0
T 10035 125.0 0.9220 0 0.8995 0
T 10042 125.0 0.9220 0 0.8995 0
T 10050 125.0 0.9220 0 0.8995 0
T 10058 125.0 0.9274 0 0.9474 0
T 10065 125.0 0.9274 0 0.9474 0
T 10072 125.0 0.9274 0 0.9474 0
T 10080 125.0 0.9321 0 0.9932 0
T 10088 125.0 0.9321 0 0.9932 0
T 10095 125.0 0.9321 0 0.9932 0
T 10102 125.0 0.9364 0 0.0390 0
T 10110 125.0 0.9364 0 0.0390 0
T 10118 125.0 0.9364 0 0.0390 0
T 10125 125.0 0.9401 0 0.0870 0
T 10132 125.0 0.9401 0 0.0870 0
T 10140 125.0 0.9401 0 0.0870 0
T 10148 125.0 0.9435 0 0.1349 0
T 10155 125.0 0.9435 0 0.1349 0
T 10162 125.0 0.9435 0 0.1349 0
T 10170 125.0 0.9466 0 0.1807 0
T 10178 125.0 0.9466 0 0.1807 0
T 10185 125.0 0.9466 0 0.1807 0
T 10192 125.0 0.9494 0 0.2265 0
T 10200 125.0 0.9494 0 0.2265 0
T 10208 125.0 0.9494 0 0.2265 0
T 10215 125.0 0.9519 0 0.2745 0
T 10222 125.0 0.9519 0 0.2745 0
T 10230 125.0 0.9519 0 0.2745 0
T 10238 125.0 0.9542 0 0.3224 0
T 10245 125.0 0.9542 0 0.3224 0
T 10252 125.0 0.9542 0 0.3224 0
T 10260 125.0 0.9562 0 0.3682 0
T 10268 125.0 0.9562 0 0.3682 0
T 10275 125.0 0.9562 0 0.3682 0
T 10282 125.0 0.9579 0 0.4140 0
T 10290 125.0 0.9579 0 0.4140 0
T 10298 125.0 0.9579 0 0.4140 0
T 10305 125.0 0.9596 0 0.4620 0
T 10312 125.0 0.9596 0 0.4620 0
T 10320 125.0 0.9596 0 0.4620 0
T 10328 125.0 0.9608 0 0.5099 0
T 10335 125.0 0.9608 0 0.5099 0
T 10342 125.0 0.9608 0 0.5099 0
T 10350 125.0 0.9628 0 0.5557 0
T 10358 125.0 0.9628 0 0.5557 0
T 10365 125.0 0.9628 0 0.5557 0
T 10372 125.0 0.9651 0 0.6015 0
T 10380 125.0 0.9651 0 0.6015 0
T 10388 125.0 0.9651 0 0.6015 0
T 10395 125.0 0.9673 0 0.6495 0
T 10402 125.0 0.9673 0 0.6495 0
T 10410 125.0 0.9673 0 0.6495 0
T 10418 125.0 0.9692 0 0.6974 0
T 10425 125.0 0.9692 0 0.6974 0
T 10432 125.0 0.9692 0 0.6974 0
T 10440 125.0 0.9709 0 0.7432 0
T 10448 125.0 0.9709 0 0.7432 0
T 10455 125.0 0.9709 0 0.7432 0
T 10462 125.0 0.9723 0 0.7890 0
T 10470 125.0 0.9723 0 0.7890 0
T 10478 125.0 0.9723 0 0.7890 0
T 10485 125.0 0.9737 0 0.8370 0
T 10492 125.0 0.9737 0 0.8370 0
T 10500 125.0 0.9737 0 0.8370 0
T 10508 125.0 0.9748 0 0.8849 0
T 10515 125.0 0.9748 0 0.8849 0
T 10522 125.0 0.9748 0 0.8849 0
T 10530 125.0 0.9758 0 0.9307 0
T 10538 125.0 0.9758 0 0.9307 0
T 10545 125.0 0.9758 0 0.9307 0
T 10552 125.0 0.9769 0 0.9765 0
T 10560 125.0 0.9769 0 0.9765 0
T 10568 125.0 0.9769 0 0.9765 0
T 10575 125.0 0.9777 0 0.0245 0
T 10582 125.0 0.9777 0 0.0245 0
T 10590 125.0 0.9777 0 0.0245 0
T 10598 125.0 0.9778 0 0.0724 0
T 10605 125.0 0.9778 0 0.0724 0
T 10612 125.0 0.9778 0 0.0724 0
T 10620 125.0 0.9779 0 0.1182 0
T 10628 125.0 0.9779 0 0.1182 0
T 10635 125.0 0.9779 0 0.1182 0
T 10642 125.0 0.9781 0 0.1640 0
T 10650 125.0 0.9781 0 0.1640 0
T 10658 125.0 0.9781 0 0.1640 0
T 10665 125.0 0.9784 0 0.2120 0
T 10672 125.0 0.9784 0 0.2120 0
T 10680 125.0 0.9784 0 0.2120 0
T 10688 125.0 0.9786 0 0.2599 0
T 10695 125.0 0.9786 0 0.2599 0
T 10702 125.0 0.9786 0 0.2599 0
T 10710 125.0 0.9789 0 0.3057 0
T 10718 125.0 0.9789 0 0.3057 0
T 10725 125.0 0.9789 0 0.3057 0
T 10732 125.0 0.9790 0 0.3515 0
T 10740 125.0 0.9790 0 0.3515 0
T 10748 125.0 0.9790 0 0.3515 0
T 10755 125.0 0.9793 0 0.3995 0
T 10762 125.0 0.9793 0 0.3995 0
T 10770 125.0 0.9793 0 0.3995 0
T 10778 125.0 0.9794 0 0.4474 0
T 10785 125.0 0.9794 0 0.4474 0
T 10792 125.0 0.9794 0 0.4474 0
T 10800 125.0 0.9801 0 0.4932 0
T 10808 125.0 0.9801 0 0.4932 0
T 10815 125.0 0.9801 0 0.4932 0
T 10822 125.0 0.9802 0 0.5390 0
T 10830 125.0 0.9802 0 0.5390 0
T 10838 125.0 0.9802 0 0.5390 0
T 10845 125.0 0.9811 0 0.5870 0
T 10852 125.0 0.9811 0 0.5870 0
T 10860 125.0 0.9811 0 0.5870 0
T 10868 125.0 0.9819 0 0.6349 0
T 10875 125.0 0.9819 0 0.6349 0
T 10882 125.0 0.9819 0 0.6349 0
T 10890 125.0 0.9824 0 0.6807 0
T 10898 125.0 0.9824 0 0.6807 0
T 10905 125.0 0.9824 0 0.6807 0
T 10912 125.0 0.9828 0 0.7265 0
T 10920 125.0 0.9828 0 0.7265 0
T 10928 125.0 0.9828 0 0.7265 0
T 10935 125.0 0.9832 0 0.7745 0
T 10942 125.0 0.9832 0 0.7745 0
T 10950 125.0 0.9832 0 0.7745 0
T 10958 125.0 0.9835 0 0.8224 0
T 10965 125.0 0.9835 0 0.8224 0
T 10972 125.0 0.9835 0 0.8224 0
T 10980 125.0 0.9838 0 0.8682 0
T 10988 125.0 0.9838 0 0.8682 0
T 10995 125.0 0.9838 0 0.8682 0
T 11002 125.0 0.9839 0 0.9140 0
T 11010 125.0 0.9839 0 0.9140 0
T 11018 125.0 0.9839 0 0.9140 0
T 11025 125.0 0.9839 0 0.9620 0
T 11032 125.0 0.9839 0 0.9620 0
T 11040 125.0 0.9839 0 0.9620 0
T 11048 125.0 0.9817 0 0.0099 0
T 11055 125.0 0.9817 0 0.0099 0
T 11062 125.0 0.9817 0 0.0099 0
T 11070 125.0 0.9809 0 0.0557 0
T 11078 125.0 0.9809 0 0.0557 0
T 11085 125.0 0.9809 0 0.0557 0
T 11092 125.0 0.9803 0 0.1015 0
T 11100 125.0 0.9803 0 0.1015 0
T 11108 125.0 0.9803 0 0.1015 0
T 11115 125.0 0.9797 0 0.1495 0
T 11122 125.0 0.9797 0 0.1495 0
T 11130 125.0 0.9797 0 0.1495 0
T 11138 125.0 0.9792 0 0.1974 0
T 11145 125.0 0.9792 0 0.1974 0
T 11152 125.0 0.9792 0 0.1974 0
T 11160 125.0 0.9788 0 0.2432 0
T 11168 125.0 0.9788 0 0.2432 0
T 11175 125.0 0.9788 0 0.2432 0
T 11182 125.0 0.9785 0 0.2890 0
T 11190 125.0 0.9785 0 0.2890 0
T 11198 125.0 0.9785 0 0.2890 0
T 11205 125.0 0.9780 0 0.3370 0
T 11212 125.0 0.9780 0 0.3370 0
T 11220 125.0 0.9780 0 0.3370 0
T 11228 125.0 0.9776 0 0.3849 0
T 11235 125.0 0.9776 0 0.3849 0
T 11242 125.0 0.9776 0 0.3849 0
T 11250 125.0 0.9772 0 0.4307 0
T 11258 125.0 0.9772 0 0.4307 0
T 11265 125.0 0.9772 0 0.4307 0
T 11272 125.0 0.9767 0 0.4765 0
T 11280 125.0 0.9767 0 0.4765 0
T 11288 125.0 0.9767 0 0.4765 0
T 11295 125.0 0.9752 0 0.5245 0
T 11302 125.0 0.9752 0 0.5245 0
T 11310 125.0 0.9752 0 0.5245 0
T 11318 125.0 0.9746 0 0.5724 0
T 11325 125.0 0.9746 0 0.5724 0
T 11332 125.0 0.9746 0 0.5724 0
T 11340 125.0 0.9739 0 0.6182 0
T 11348 125.0 0.9739 0 0.6182 0
T 11355 125.0 0.9739 0 0.6182 0
T 11362 125.0 0.9734 0 0.6640 0
T 11370 125.0 0.9734 0 0.6640 0
T 11378 125.0 0.9734 0 0.6640 0
T 11385 125.0 0.9729 0 0.7120 0
T 11392 125.0 0.9729 0 0.7120 0
T 11400 125.0 0.9729 0 0.7120 0
T 11408 125.0 0.9725 0 0.7599 0
T 11415 125.0 0.9725 0 0.7599 0
T 11422 125.0 0.9725 0 0.7599 0
T 11430 125.0 0.9722 0 0.8057 0
T 11438 125.0 0.9722 0 0.8057 0
T 11445 125.0 0.9722 0 0.8057 0
T 11452 125.0 0.9720 0 0.8515 0
T 11460 125.0 0.9720 0 0.8515 0
T 11468 125.0 0.9720 0 0.8515 0
T 11475 125.0 0.9716 0 0.8995 0
T 11482 125.0 0.9716 0 0.8995 0
T 11490 125.0 0.9716 0 0.8995 0
T 11498 125.0 0.9713 0 0.9474 0
T 11505 125.0 0.9713 0 0.9474 0
T 11512 125.0 0.9713 0 0.9474 0
T 11520 125.0 0.9706 1 0.9932 0
T 11528 125.0 0.9706 1 0.9932 0
T 11535 125.0 0.9706 1 0.9932 0
T 11542 125.0 0.9711 1 0.0390 1
T 11550 125.0 0.9711 1 0.0390 0
T 11558 125.0 0.9711 1 0.0390 0
T 11565 125.0 0.9716 1 0.0772 0
T 11572 125.0 0.9716 1 0.0772 0
T 11580 125.0 0.9716 1 0.0772 0
T 11588 125.0 0.9719 1 0.1251 0
T 11595 125.0 0.9719 1 0.1251 0
T 11602 125.0 0.9719 1 0.1251 0
T 11610 125.0 0.9721 1 0.1709 0
T 11618 125.0 0.9721 1 0.1709 0
T 11625 125.0 0.9721 1 0.1709 0
T 11632 125.0 0.9724 1 0.2168 0
T 11640 125.0 0.9724 1 0.2168 0
T 11648 125.0 0.9724 1 0.2168 0
T 11655 125.0 0.9725 1 0.2647 0
T 11662 125.0 0.9725 1 0.2647 0
T 11670 125.0 0.9725 1 0.2647 0
T 11678 125.0 0.9726 1 0.3126 0
T 11685 125.0 0.9726 1 0.3126 0
T 11692 125.0 0.9726 1 0.3126 0
T 11700 125.0 0.9727 1 0.3584 0
T 11708 125.0 0.9727 1 0.3584 0
T 11715 125.0 0.9727 1 0.3584 0
T 11722 125.0 0.9728 1 0.4043 0
T 11730 125.0 0.9728 1 0.4043 0
T 11738 125.0 0.9728 1 0.4043 0
T 11745 125.0 0.9729 1 0.4522 0
T 11752 125.0 0.9729 1 0.4522 0
T 11760 125.0 0.9729 1 0.4522 0
T 11768 125.0 0.9717 1 0.5001 0
T 11775 125.0 0.9717 1 0.5001 0
T 11782 125.0 0.9717 1 0.5001 0
T 11790 125.0 0.9714 1 0.6459 0
T 11798 125.0 0.9714 1 0.6459 0
T 11805 125.0 0.9714 1 0.6459 0
T 11812 125.0 0.9712 1 0.6918 0
T 11820 125.0 0.9712 1 0.6918 0
T 11828 125.0 0.9712 1 0.6918 0
T 11835 125.0 0.9710 1 0.7398 0
T 11842 125.0 0.9710 1 0.7398 0
T 11850 125.0 0.9710 1 0.7398 0
T 11858 125.0 0.9708 1 0.7877 0
T 11865 125.0 0.9708 1 0.7877 0
T 11872 125.0 0.9708 1 0.7877 0
T 11880 125.0 0.9707 1 0.8336 0
T 11888 125.0 0.9707 1 0.8336 0
T 11895 125.0 0.9707 1 0.8336 0
T 11902 125.0 0.9706 1 0.8794 0
T 11910 125.0 0.9706 1 0.8794 0
T 11918 125.0 0.9706 1 0.8794 0
T 11925 125.0 0.9705 1 0.9274 0
T 11932 125.0 0.9705 1 0.9274 0
T 11940 125.0 0.9705 1 0.9274 0
T 11948 125.0 0.9704 1 0.9753 0
T 11955 125.0 0.9704 1 0.9753 0
T 11962 125.0 0.9704 1 0.9753 0
T 11970 125.0 0.9704 1 0.0212 1
T 11978 125.0 0.9704 1 0.0212 0
T 11985 125.0 0.9704 1 0.0212 0
T 11992 125.0 0.9706 1 0.0670 0
T 12000 125.0 0.9706 1 0.0670 0
T 12008 125.0 0.9706 1 0.0670 0
T 12015 125.0 0.9712 1 0.1149 0
T 12022 125.0 0.9712 1 0.1149 0
T 12030 125.0 0.9712 1 0.1149 0
T 12038 125.0 0.9717 1 0.1341 0
T 12045 125.0 0.9717 1 0.1341 0
T 12052 125.0 0.9717 1 0.1341 0
T 12060 125.0 0.9720 1 0.1800 0
T 12068 125.0 0.9720 1 0.1800 0
T 12075 125.0 0.9720 1 0.1800 0
T 12082 125.0 0.9723 1 0.2258 0
T 12090 125.0 0.9723 1 0.2258 0
T 12098 125.0 0.9723 1 0.2258 0
T 12105 125.0 0.9726 1 0.2737 0
T 12112 125.0 0.9726 1 0.2737 0
T 12120 125.0 0.9726 1 0.2737 0
T 12128 125.0 0.9729 1 0.3216 0
T 12135 125.0 0.9729 1 0.3216 0
T 12142 125.0 0.9729 1 0.3216 0
T 12150 125.0 0.9731 1 0.3675 0
T 12158 125.0 0.9731 1 0.3675 0
T 12165 125.0 0.9731 1 0.3675 0
T 12172 125.0 0.9734 1 0.4133 0
T 12180 125.0 0.9734 1 0.4133 0
T 12188 125.0 0.9734 1 0.4133 0
T 12195 125.0 0.9737 1 0.4612 0
T 12202 125.0 0.9737 1 0.4612 0
T 12210 125.0 0.9737 1 0.4612 0
T 12218 125.0 0.9741 1 0.4092 0
T 12225 125.0 0.9741 1 0.4092 0
T 12232 125.0 0.9741 1 0.4092 0
T 12240 125.0 0.9747 1 0.4550 0
T 12248 125.0 0.9747 1 0.4550 0
T 12255 125.0 0.9747 1 0.4550 0
T 12262 125.0 0.9750 1 0.5008 0
T 12270 125.0 0.9750 1 0.5008 0
T 12278 125.0 0.9750 1 0.5008 0
T 12285 125.0 0.9752 1 0.5486 0
T 12292 125.0 0.9752 1 0.5486 0
T 12300 125.0 0.9752 1 0.5486 0
T 12308 125.0 0.9753 1 0.5965 0
T 12315 125.0 0.9753 1 0.5965 0
T 12322 125.0 0.9753 1 0.5965 0
T 12330 125.0 0.9754 1 0.6423 0
T 12338 125.0 0.9754 1 0.6423 0
T 12345 125.0 0.9754 1 0.6423 0
T 12352 125.0 0.9755 1 0.6881 0
T 12360 125.0 0.9755 1 0.6881 0
T 12368 125.0 0.9755 1 0.6881 0
T 12375 125.0 0.9756 1 0.7360 0
T 12382 125.0 0.9756 1 0.7360 0
T 12390 125.0 0.9756 1 0.7360 0
T 12398 125.0 0.9757 1 0.7839 0
T 12405 125.0 0.9757 1 0.7839 0
T 12412 125.0 0.9757 1 0.7839 0
T 12420 125.0 0.9758 1 0.8298 0
T 12428 125.0 0.9758 1 0.8298 0
T 12435 125.0 0.9758 1 0.8298 0
T 12442 125.0 0.9758 1 0.8756 0
T 12450 125.0 0.9758 1 0.8756 0
T 12458 125.0 0.9758 1 0.8756 0
T 12465 125.0 0.9755 1 0.9235 0
T 12472 125.0 0.9755 1 0.9235 0
T 12480 125.0 0.9755 1 0.9235 0
T 12488 125.0 0.9750 1 0.9714 0
T 12495 125.0 0.9750 1 0.9714 0
T 12502 125.0 0.9750 1 0.9714 0
T 12510 125.0 0.9745 1 0.0244 1
T 12518 125.0 0.9745 1 0.0244 0
T 12525 125.0 0.9745 1 0.0244 0
T 12532 125.0 0.9740 1 0.0702 0
T 12540 125.0 0.9740 1 0.0702 0
T 12548 125.0 0.9740 1 0.0702 0
T 12555 125.0 0.9736 1 0.1181 0
T 12562 125.0 0.9736 1 0.1181 0
T 12570 125.0 0.9736 1 0.1181 0
T 12578 125.0 0.9733 1 0.1660 0
T 12585 125.0 0.9733 1 0.1660 0
T 12592 125.0 0.9733 1 0.1660 0
T 12600 125.0 0.9731 1 0.2118 0
T 12608 125.0 0.9731 1 0.2118 0
T 12615 125.0 0.9731 1 0.2118 0
T 12622 125.0 0.9730 1 0.2577 0
T 12630 125.0 0.9730 1 0.2577 0
T 12638 125.0 0.9730 1 0.2577 0
T 12645 125.0 0.9729 1 0.2412 0
T 12652 125.0 0.9729 1 0.2412 0
T 12660 125.0 0.9729 1 0.2412 0
T 12668 125.0 0.9729 1 0.2891 0
T 12675 125.0 0.9729 1 0.2891 0
T 12682 125.0 0.9729 1 0.2891 0
T 12690 125.0 0.9729 1 0.3349 0
T 12698 125.0 0.9729 1 0.3349 0
T 12705 125.0 0.9729 1 0.3349 0
T 12712 125.0 0.9716 1 0.3807 0
T 12720 125.0 0.9716 1 0.3807 0
T 12728 125.0 0.9716 1 0.3807 0
T 12735 125.0 0.9708 1 0.4286 0
T 12742 125.0 0.9708 1 0.4286 0
T 12750 125.0 0.9708 1 0.4286 0
T 12758 125.0 0.9699 1 0.3765 0
T 12765 125.0 0.9699 1 0.3765 0
T 12772 125.0 0.9699 1 0.3765 0
T 12780 125.0 0.9692 1 0.4223 0
T 12788 125.0 0.9692 1 0.4223 0
T 12795 125.0 0.9692 1 0.4223 0
T 12802 125.0 0.9685 1 0.4680 0
T 12810 125.0 0.9685 1 0.4680 0
T 12818 125.0 0.9685 1 0.4680 0
T 12825 125.0 0.9680 1 0.5159 0
T 12832 125.0 0.9680 1 0.5159 0
T 12840 125.0 0.9680 1 0.5159 0
T 12848 125.0 0.9675 1 0.5638 0
T 12855 125.0 0.9675 1 0.5638 0
T 12862 125.0 0.9675 1 0.5638 0
T 12870 125.0 0.9671 1 0.6096 0
T 12878 125.0 0.9671 1 0.6096 0
T 12885 125.0 0.9671 1 0.6096 0
T 12892 125.0 0.9667 1 0.6554 0
T 12900 125.0 0.9667 1 0.6554 0
T 12908 125.0 0.9667 1 0.6554 0
T 12915 125.0 0.9664 1 0.7033 0
T 12922 125.0 0.9664 1 0.7033 0
T 12930 125.0 0.9664 1 0.7033 0
T 12938 125.0 0.9662 1 0.7512 0
T 12945 125.0 0.9662 1 0.7512 0
T 12952 125.0 0.9662 1 0.7512 0
T 12960 125.0 0.9657 1 0.7970 0
T 12968 125.0 0.9657 1 0.7970 0
T 12975 125.0 0.9657 1 0.7970 0
T 12982 125.0 0.9649 1 0.8936 0
T 12990 125.0 0.9649 1 0.8936 0
T 12998 125.0 0.9649 1 0.8936 0
T 13005 125.0 0.9643 1 0.9415 0
T 13012 125.0 0.9643 1 0.9415 0
T 13020 125.0 0.9643 1 0.9415 0
T 13028 125.0 0.9637 1 0.9894 0
T 13035 125.0 0.9637 1 0.9894 0
T 13042 125.0 0.9637 1 0.9894 0
T 13050 125.0 0.9633 1 0.0352 1
T 13058 125.0 0.9633 1 0.0352 0
T 13065 125.0 0.9633 1 0.0352 0
T 13072 125.0 0.9629 1 0.0811 0
T 13080 125.0 0.9629 1 0.0811 0
T 13088 125.0 0.9629 1 0.0811 0
T 13095 125.0 0.9627 1 0.1290 0
T 13102 125.0 0.9627 1 0.1290 0
T 13110 125.0 0.9627 1 0.1290 0
T 13118 125.0 0.9624 1 0.1769 0
T 13125 125.0 0.9624 1 0.1769 0
T 13132 125.0 0.9624 1 0.1769 0
T 13140 125.0 0.9622 1 0.2227 0
T 13148 125.0 0.9622 1 0.2227 0
T 13155 125.0 0.9622 1 0.2227 0
T 13162 125.0 0.9621 1 0.2686 0
T 13170 125.0 0.9621 1 0.2686 0
T 13178 125.0 0.9621 1 0.2686 0
T 13185 125.0 0.9617 1 0.3165 0
T 13192 125.0 0.9617 1 0.3165 0
T 13200 125.0 0.9617 1 0.3165 0
T 13208 125.0 0.9619 1 0.3644 0
T 13215 125.0 0.9619 1 0.3644 0
T 13222 125.0 0.9619 1 0.3644 0
T 13230 125.0 0.9620 1 0.3191 0
T 13238 125.0 0.9620 1 0.3191 0
T 13245 125.0 0.9620 1 0.3191 0
T 13252 125.0 0.9620 1 0.3649 0
T 13260 125.0 0.9620 1 0.3649 0
T 13268 125.0 0.9620 1 0.3649 0
T 13275 125.0 0.9621 1 0.4128 0
T 13282 125.0 0.9621 1 0.4128 0
T 13290 125.0 0.9621 1 0.4128 0
T 13298 84.0 0.9529 1 0.4591 0
T 13305 84.0 0.9529 1 0.4591 0
T 13312 84.0 0.9529 1 0.4591 0
T 13320 84.0 0.9453 1 0.4910 0
T 13328 84.0 0.9453 1 0.4910 0
T 13335 84.0 0.9453 1 0.4910 0
T 13342 84.0 0.9387 1 0.5228 0
T 13350 84.0 0.9387 1 0.5228 0
T 13358 84.0 0.9387 1 0.5228 0
T 13365 84.0 0.9328 1 0.5560 0
T 13372 84.0 0.9328 1 0.5560 0
T 13380 84.0 0.9328 1 0.5560 0
T 13388 84.0 0.9277 1 0.5890 0
T 13395 84.0 0.9277 1 0.5890 0
T 13402 84.0 0.9277 1 0.5890 0
T 13410 84.0 0.9234 1 0.6206 0
T 13418 84.0 0.9234 1 0.6206 0
T 13425 84.0 0.9234 1 0.6206 0
T 13432 84.0 0.9202 1 0.6520 0
T 13440 84.0 0.9202 1 0.6520 0
T 13448 84.0 0.9202 1 0.6520 0
T 13455 84.0 0.9177 1 0.7718 0
T 13462 84.0 0.9177 1 0.7718 0
T 13470 84.0 0.9177 1 0.7718 0
T 13478 84.0 0.9158 1 0.8046 0
T 13485 84.0 0.9158 1 0.8046 0
T 13492 84.0 0.9158 1 0.8046 0
T 13500 84.0 0.9143 1 0.8359 0
T 13508 84.0 0.9143 1 0.8359 0
T 13515 84.0 0.9143 1 0.8359 0
T 13522 84.0 0.9131 1 0.8671 0
T 13530 84.0 0.9131 1 0.8671 0
T 13538 84.0 0.9131 1 0.8671 0
T 13545 84.0 0.9120 1 0.8998 0
T 13552 84.0 0.9120 1 0.8998 0
T 13560 84.0 0.9120 1 0.8998 0
T 13568 84.0 0.9112 1 0.9323 0
T 13575 84.0 0.9112 1 0.9323 0
T 13582 84.0 0.9112 1 0.9323 0
T 13590 84.0 0.9106 1 0.9635 0
T 13598 84.0 0.9106 1 0.9635 0
T 13605 84.0 0.9106 1 0.9635 0
T 13612 84.0 0.9101 1 0.9945 0
T 13620 84.0 0.9101 1 0.9945 0
T 13628 84.0 0.9101 1 0.9945 0
T 13635 84.0 0.9095 1 0.0270 1
T 13642 84.0 0.9095 1 0.0270 0
T 13650 84.0 0.9095 1 0.0270 0
T 13658 84.0 0.9093 1 0.0595 0
T 13665 84.0 0.9093 1 0.0595 0
T 13672 84.0 0.9093 1 0.0595 0
T 13680 84.0 0.9085 1 0.0905 0
T 13688 84.0 0.9085 1 0.0905 0
T 13695 84.0 0.9085 1 0.0905 0
T 13702 84.0 0.9079 1 0.0989 0
T 13710 84.0 0.9079 1 0.0989 0
T 13718 84.0 0.9079 1 0.0989 0
T 13725 84.0 0.9072 1 0.1312 0
T 13732 84.0 0.9072 1 0.1312 0
T 13740 84.0 0.9072 1 0.1312 0
T 13748 84.0 0.9065 1 0.1636 0
T 13755 84.0 0.9065 1 0.1636 0
T 13762 84.0 0.9065 1 0.1636 0
T 13770 84.0 0.9059 1 0.1945 0
T 13778 84.0 0.9059 1 0.1945 0
T 13785 84.0 0.9059 1 0.1945 0
T 13792 84.0 0.9054 1 0.2254 0
T 13800 84.0 0.9054 1 0.2254 0
T 13808 84.0 0.9054 1 0.2254 0
T 13815 84.0 0.9050 1 0.2578 0
T 13822 84.0 0.9050 1 0.2578 0
T 13830 84.0 0.9050 1 0.2578 0
T 13838 84.0 0.9046 1 0.2901 0
T 13845 84.0 0.9046 1 0.2901 0
T 13852 84.0 0.9046 1 0.2901 0
T 13860 84.0 0.9042 1 0.3210 0
T 13868 84.0 0.9042 1 0.3210 0
T 13875 84.0 0.9042 1 0.3210 0
T 13882 84.0 0.9038 1 0.3518 0
T 13890 84.0 0.9038 1 0.3518 0
T 13898 84.0 0.9038 1 0.3518 0
T 13905 84.0 0.9037 1 0.3841 0
T 13912 84.0 0.9037 1 0.3841 0
T 13920 84.0 0.9037 1 0.3841 0
T 13928 84.0 0.9040 1 0.4164 0
T 13935 84.0 0.9040 1 0.4164 0
T 13942 84.0 0.9040 1 0.4164 0
T 13950 84.0 0.9044 1 0.3472 0
T 13958 84.0 0.9044 1 0.3472 0
T 13965 84.0 0.9044 1 0.3472 0
T 13972 84.0 0.9047 1 0.3781 0
T 13980 84.0 0.9047 1 0.3781 0
T 13988 84.0 0.9047 1 0.3781 0
T 13995 84.0 0.9050 1 0.4103 0
T 14002 84.0 0.9050 1 0.4103 0
T 14010 84.0 0.9050 1 0.4103 0
T 14018 84.0 0.9053 1 0.4425 0
T 14025 84.0 0.9053 1 0.4425 0
T 14032 84.0 0.9053 1 0.4425 0
T 14040 84.0 0.9055 1 0.4733 0
T 14048 84.0 0.9055 1 0.4733 0
T 14055 84.0 0.9055 1 0.4733 0
T 14062 84.0 0.9056 1 0.5042 0
T 14070 84.0 0.9056 1 0.5042 0
T 14078 84.0 0.9056 1 0.5042 0
T 14085 84.0 0.9057 1 0.5364 0
T 14092 84.0 0.9057 1 0.5364 0
T 14100 84.0 0.9057 1 0.5364 0
T 14108 84.0 0.9057 1 0.5686 0
T 14115 84.0 0.9057 1 0.5686 0
T 14122 84.0 0.9057 1 0.5686 0
T 14130 84.0 0.9056 1 0.5994 0
T 14138 84.0 0.9056 1 0.5994 0
T 14145 84.0 0.9056 1 0.5994 0
T 14152 84.0 0.9066 1 0.6302 0
T 14160 84.0 0.9066 1 0.6302 0
T 14168 84.0 0.9066 1 0.6302 0
T 14175 84.0 0.9075 1 0.7549 0
T 14182 84.0 0.9075 1 0.7549 0
T 14190 84.0 0.9075 1 0.7549 0
T 14198 84.0 0.9084 1 0.7871 0
T 14205 84.0 0.9084 1 0.7871 0
T 14212 84.0 0.9084 1 0.7871 0
T 14220 84.0 0.9090 1 0.8179 0
T 14228 84.0 0.9090 1 0.8179 0
T 14235 84.0 0.9090 1 0.8179 0
T 14242 84.0 0.9096 1 0.8488 0
T 14250 84.0 0.9096 1 0.8488 0
T 14258 84.0 0.9096 1 0.8488 0
T 14265 84.0 0.9101 1 0.8810 0
T 14272 84.0 0.9101 1 0.8810 0
T 14280 84.0 0.9101 1 0.8810 0
T 14288 84.0 0.9106 1 0.9132 0
T 14295 84.0 0.9106 1 0.9132 0
T 14302 84.0 0.9106 1 0.9132 0
T 14310 84.0 0.9109 1 0.9440 0
T 14318 84.0 0.9109 1 0.9440 0
T 14325 84.0 0.9109 1 0.9440 0
T 14332 84.0 0.9113 1 0.9748 0
T 14340 84.0 0.9113 1 0.9748 0
T 14348 84.0 0.9113 1 0.9748 0
T 14355 84.0 0.9117 1 0.0071 1
T 14362 84.0 0.9117 1 0.0071 0
T 14370 84.0 0.9117 1 0.0071 0
T 14378 84.0 0.9117 1 0.0393 0
T 14385 84.0 0.9117 1 0.0393 0
T 14392 84.0 0.9117 1 0.0393 0
T 14400 84.0 0.9119 1 0.0701 0
T 14408 84.0 0.9119 1 0.0701 0
T 14415 84.0 0.9119 1 0.0701 0
T 14422 84.0 0.9121 1 0.1009 0
T 14430 84.0 0.9121 1 0.1009 0
T 14438 84.0 0.9121 1 0.1009 0
T 14445 84.0 0.9122 1 0.1331 0
T 14452 84.0 0.9122 1 0.1331 0
T 14460 84.0 0.9122 1 0.1331 0
T 14468 84.0 0.9123 1 0.1653 0
T 14475 84.0 0.9123 1 0.1653 0
T 14482 84.0 0.9123 1 0.1653 0
T 14490 84.0 0.9124 1 0.1961 0
T 14498 84.0 0.9124 1 0.1961 0
T 14505 84.0 0.9124 1 0.1961 0
T 14512 84.0 0.9125 1 0.2269 0
T 14520 84.0 0.9125 1 0.2269 0
T 14528 84.0 0.9125 1 0.2269 0
T 14535 84.0 0.9126 1 0.2591 0
T 14542 84.0 0.9126 1 0.2591 0
T 14550 84.0 0.9126 1 0.2591 0
T 14558 84.0 0.9128 1 0.2913 0
T 14565 84.0 0.9128 1 0.2913 0
T 14572 84.0 0.9128 1 0.2913 0
T 14580 84.0 0.9131 1 0.3221 0
T 14588 84.0 0.9131 1 0.3221 0
T 14595 84.0 0.9131 1 0.3221 0
T 14602 84.0 0.9133 1 0.3529 0
T 14610 84.0 0.9133 1 0.3529 0
T 14618 84.0 0.9133 1 0.3529 0
T 14625 84.0 0.9136 1 0.3852 0
T 14632 84.0 0.9136 1 0.3852 0
T 14640 84.0 0.9136 1 0.3852 0
T 14648 84.0 0.9137 1 0.3211 0
T 14655 84.0 0.9137 1 0.3211 0
T 14662 84.0 0.9137 1 0.3211 0
T 14670 84.0 0.9138 1 0.3519 0
T 14678 84.0 0.9138 1 0.3519 0
T 14685 84.0 0.9138 1 0.3519 0
T 14692 84.0 0.9137 1 0.3826 0
T 14700 84.0 0.9137 1 0.3826 0
T 14708 84.0 0.9137 1 0.3826 0
T 14715 84.0 0.9137 1 0.4148 0
T 14722 84.0 0.9137 1 0.4148 0
T 14730 84.0 0.9137 1 0.4148 0
T 14738 84.0 0.9137 1 0.4470 0
T 14745 84.0 0.9137 1 0.4470 0
T 14752 84.0 0.9137 1 0.4470 0
T 14760 84.0 0.9136 1 0.4778 0
T 14768 84.0 0.9136 1 0.4778 0
T 14775 84.0 0.9136 1 0.4778 0
T 14782 84.0 0.9137 1 0.5086 0
T 14790 84.0 0.9137 1 0.5086 0
T 14798 84.0 0.9137 1 0.5086 0
T 14805 84.0 0.9137 1 0.5408 0
T 14812 84.0 0.9137 1 0.5408 0
T 14820 84.0 0.9137 1 0.5408 0
T 14828 84.0 0.9138 1 0.5730 0
T 14835 84.0 0.9138 1 0.5730 0
T 14842 84.0 0.9138 1 0.5730 0
T 14850 84.0 0.9139 1 0.6038 0
T 14858 84.0 0.9139 1 0.6038 0
T 14865 84.0 0.9139 1 0.6038 0
T 14872 84.0 0.9154 1 0.6345 0
T 14880 84.0 0.9154 1 0.6345 0
T 14888 84.0 0.9154 1 0.6345 0
T 14895 84.0 0.9167 1 0.7581 0
T 14902 84.0 0.9167 1 0.7581 0
T 14910 84.0 0.9167 1 0.7581 0
T 14918 84.0 0.9179 1 0.7903 0
T 14925 84.0 0.9179 1 0.7903 0
T 14932 84.0 0.9179 1 0.7903 0
T 14940 84.0 0.9191 1 0.8211 0
T 14948 84.0 0.9191 1 0.8211 0
T 14955 84.0 0.9191 1 0.8211 0
T 14962 84.0 0.9201 1 0.8519 0
T 14970 84.0 0.9201 1 0.8519 0
T 14978 84.0 0.9201 1 0.8519 0
T 14985 84.0 0.9210 1 0.8842 0
T 14992 84.0 0.9210 1 0.8842 0
T 15000 84.0 0.9210 1 0.8842 0
T 15008 84.0 0.9218 1 0.9164 0
T 15015 84.0 0.9218 1 0.9164 0
T 15022 84.0 0.9218 1 0.9164 0
T 15030 84.0 0.9225 1 0.9472 0
T 15038 84.0 0.9225 1 0.9472 0
T 15045 84.0 0.9225 1 0.9472 0
T 15052 84.0 0.9230 1 0.9780 0
T 15060 84.0 0.9230 1 0.9780 0
T 15068 84.0 0.9230 1 0.9780 0
T 15075 84.0 0.9235 1 0.0102 1
T 15082 84.0 0.9235 1 0.0102 0
T 15090 84.0 0.9235 1 0.0102 0
T 15098 84.0 0.9227 1 0.0424 0
T 15105 84.0 0.9227 1 0.0424 0
T 15112 84.0 0.9227 1 0.0424 0
T 15120 84.0 0.9206 1 0.0626 0
T 15128 84.0 0.9206 1 0.0626 0
T 15135 84.0 0.9206 1 0.0626 0
T 15142 84.0 0.9187 1 0.0934 0
T 15150 84.0 0.9187 1 0.0934 0
T 15158 84.0 0.9187 1 0.0934 0
T 15165 84.0 0.9169 1 0.1256 0
T 15172 84.0 0.9169 1 0.1256 0
T 15180 84.0 0.9169 1 0.1256 0
T 15188 84.0 0.9153 1 0.1578 0
T 15195 84.0 0.9153 1 0.1578 0
T 15202 84.0 0.9153 1 0.1578 0
T 15210 84.0 0.9141 1 0.1886 0
T 15218 84.0 0.9141 1 0.1886 0
T 15225 84.0 0.9141 1 0.1886 0
T 15232 84.0 0.9130 1 0.2194 0
T 15240 84.0 0.9130 1 0.2194 0
T 15248 84.0 0.9130 1 0.2194 0
T 15255 84.0 0.9119 1 0.2516 0
T 15262 84.0 0.9119 1 0.2516 0
T 15270 84.0 0.9119 1 0.2516 0
T 15278 84.0 0.9110 1 0.2838 0
T 15285 84.0 0.9110 1 0.2838 0
T 15292 84.0 0.9110 1 0.2838 0
T 15300 84.0 0.9103 1 0.3146 0
T 15308 84.0 0.9103 1 0.3146 0
T 15315 84.0 0.9103 1 0.3146 0
T 15322 84.0 0.9097 1 0.3454 0
T 15330 84.0 0.9097 1 0.3454 0
T 15338 84.0 0.9097 1 0.3454 0
T 15345 84.0 0.9102 1 0.3776 0
T 15352 84.0 0.9102 1 0.3776 0
T 15360 84.0 0.9102 1 0.3776 0
T 15368 84.0 0.9105 1 0.3154 0
T 15375 84.0 0.9105 1 0.3154 0
T 15382 84.0 0.9105 1 0.3154 0
T 15390 84.0 0.9108 1 0.3462 0
T 15398 84.0 0.9108 1 0.3462 0
T 15405 84.0 0.9108 1 0.3462 0
T 15412 84.0 0.9110 1 0.3770 0
T 15420 84.0 0.9110 1 0.3770 0
T 15428 84.0 0.9110 1 0.3770 0
T 15435 84.0 0.9112 1 0.4092 0
T 15442 84.0 0.9112 1 0.4092 0
T 15450 84.0 0.9112 1 0.4092 0
T 15458 84.0 0.9115 1 0.4413 0
T 15465 84.0 0.9115 1 0.4413 0
T 15472 84.0 0.9115 1 0.4413 0
T 15480 84.0 0.9116 1 0.4721 0
T 15488 84.0 0.9116 1 0.4721 0
T 15495 84.0 0.9116 1 0.4721 0
T 15502 84.0 0.9117 1 0.5029 0
T 15510 84.0 0.9117 1 0.5029 0
T 15518 84.0 0.9117 1 0.5029 0
T 15525 84.0 0.9119 1 0.5351 0
T 15532 84.0 0.9119 1 0.5351 0
T 15540 84.0 0.9119 1 0.5351 0
T 15548 84.0 0.9121 1 0.5673 0
T 15555 84.0 0.9121 1 0.5673 0
T 15562 84.0 0.9121 1 0.5673 0
T 15570 84.0 0.9121 1 0.5981 0
T 15578 84.0 0.9121 1 0.5981 0
T 15585 84.0 0.9121 1 0.5981 0
T 15592 84.0 0.9118 1 0.6289 0
T 15600 84.0 0.9118 1 0.6289 0
T 15608 84.0 0.9118 1 0.6289 0
T 15615 84.0 0.9117 1 0.7539 0
T 15622 84.0 0.9117 1 0.7539 0
T 15630 84.0 0.9117 1 0.7539 0
T 15638 84.0 0.9116 1 0.7861 0
T 15645 84.0 0.9116 1 0.7861 0
T 15652 84.0 0.9116 1 0.7861 0
T 15660 84.0 0.9115 1 0.8169 0
T 15668 84.0 0.9115 1 0.8169 0
T 15675 84.0 0.9115 1 0.8169 0
T 15682 84.0 0.9113 1 0.8477 0
T 15690 84.0 0.9113 1 0.8477 0
T 15698 84.0 0.9113 1 0.8477 0
T 15705 84.0 0.9112 1 0.8799 0
T 15712 84.0 0.9112 1 0.8799 0
T 15720 84.0 0.9112 1 0.8799 0
T 15728 84.0 0.9110 1 0.9121 0
T 15735 84.0 0.9110 1 0.9121 0
T 15742 84.0 0.9110 1 0.9121 0
T 15750 84.0 0.9109 1 0.9429 0
T 15758 84.0 0.9109 1 0.9429 0
T 15765 84.0 0.9109 1 0.9429 0
T 15772 84.0 0.9109 1 0.9737 0
T 15780 84.0 0.9109 1 0.9737 0
T 15788 84.0 0.9109 1 0.9737 0
T 15795 84.0 0.9107 1 0.0059 1
T 15802 84.0 0.9107 1 0.0059 0
T 15810 84.0 0.9107 1 0.0059 0
T 15818 84.0 0.9111 1 0.0381 0
T 15825 84.0 0.9111 1 0.0381 0
T 15832 84.0 0.9111 1 0.0381 0
T 15840 84.0 0.9113 1 0.0594 0
T 15848 84.0 0.9113 1 0.0594 0
T 15855 84.0 0.9113 1 0.0594 0
T 15862 84.0 0.9115 1 0.0902 0
T 15870 84.0 0.9115 1 0.0902 0
T 15878 84.0 0.9115 1 0.0902 0
T 15885 84.0 0.9117 1 0.1224 0
T 15892 84.0 0.9117 1 0.1224 0
T 15900 84.0 0.9117 1 0.1224 0
T 15908 84.0 0.9119 1 0.1546 0
T 15915 84.0 0.9119 1 0.1546 0
T 15922 84.0 0.9119 1 0.1546 0
T 15930 84.0 0.9120 1 0.1854 0
T 15938 84.0 0.9120 1 0.1854 0
T 15945 84.0 0.9120 1 0.1854 0
T 15952 84.0 0.9121 1 0.2162 0
T 15960 84.0 0.9121 1 0.2162 0
T 15968 84.0 0.9121 1 0.2162 0
T 15975 84.0 0.9123 1 0.2484 0
T 15982 84.0 0.9123 1 0.2484 0
T 15990 84.0 0.9123 1 0.2484 0
T 15998 84.0 0.9125 1 0.2806 0
T 16005 84.0 0.9125 1 0.2806 0
T 16012 84.0 0.9125 1 0.2806 0
T 16020 84.0 0.9127 1 0.3114 0
T 16028 84.0 0.9127 1 0.3114 0
T 16035 84.0 0.9127 1 0.3114 0
T 16042 84.0 0.9128 1 0.3422 0
T 16050 84.0 0.9128 1 0.3422 0
T 16058 84.0 0.9128 1 0.3422 0
T 16065 84.0 0.9129 1 0.3744 0
T 16072 84.0 0.9129 1 0.3744 0
T 16080 84.0 0.9129 1 0.3744 0
T 16088 84.0 0.9132 1 0.4066 0
T 16095 84.0 0.9132 1 0.4066 0
T 16102 84.0 0.9132 1 0.4066 0
T 16110 84.0 0.9134 1 0.4374 0
T 16118 84.0 0.9134 1 0.4374 0
T 16125 84.0 0.9134 1 0.4374 0
T 16132 84.0 0.9136 1 0.4682 0
T 16140 84.0 0.9136 1 0.4682 0
T 16148 84.0 0.9136 1 0.4682 0
T 16155 84.0 0.9137 1 0.5004 0
T 16162 84.0 0.9137 1 0.5004 0
T 16170 84.0 0.9137 1 0.5004 0
T 16178 84.0 0.9139 1 0.5326 0
T 16185 84.0 0.9139 1 0.5326 0
T 16192 84.0 0.9139 1 0.5326 0
T 16200 84.0 0.9140 1 0.5634 0
T 16208 84.0 0.9140 1 0.5634 0
T 16215 84.0 0.9140 1 0.5634 0
T 16222 84.0 0.9141 1 0.5942 0
T 16230 84.0 0.9141 1 0.5942 0
T 16238 84.0 0.9141 1 0.5942 0
T 16245 84.0 0.9141 1 0.6264 0
T 16252 84.0 0.9141 1 0.6264 0
T 16260 84.0 0.9141 1 0.6264 0
T 16268 84.0 0.9140 1 0.6586 0
T 16275 84.0 0.9140 1 0.6586 0
T 16282 84.0 0.9140 1 0.6586 0
T 16290 84.0 0.9147 1 0.6894 0
T 16298 84.0 0.9147 1 0.6894 0
T 16305 84.0 0.9147 1 0.6894 0
T 16312 84.0 0.9159 1 0.7979 0
T 16320 84.0 0.9159 1 0.7979 0
T 16328 84.0 0.9159 1 0.7979 0
T 16335 84.0 0.9169 1 0.8301 0
T 16342 84.0 0.9169 1 0.8301 0
T 16350 84.0 0.9169 1 0.8301 0
T 16358 84.0 0.9178 1 0.8623 0
T 16365 84.0 0.9178 1 0.8623 0
T 16372 84.0 0.9178 1 0.8623 0
T 16380 84.0 0.9185 1 0.8931 0
T 16388 84.0 0.9185 1 0.8931 0
T 16395 84.0 0.9185 1 0.8931 0
T 16402 84.0 0.9191 1 0.9239 0
T 16410 84.0 0.9191 1 0.9239 0
T 16418 84.0 0.9191 1 0.9239 0
T 16425 84.0 0.9197 1 0.9562 0
T 16432 84.0 0.9197 1 0.9562 0
T 16440 84.0 0.9197 1 0.9562 0
T 16448 84.0 0.9201 1 0.9884 0
T 16455 84.0 0.9201 1 0.9884 0
T 16462 84.0 0.9201 1 0.9884 0
T 16470 84.0 0.9204 1 0.0192 1
T 16478 84.0 0.9204 1 0.0192 0
T 16485 84.0 0.9204 1 0.0192 0
T 16492 84.0 0.9207 1 0.0500 0
T 16500 84.0 0.9207 1 0.0500 0
T 16508 84.0 0.9207 1 0.0500 0
T 16515 84.0 0.9209 1 0.0822 0
T 16522 84.0 0.9209 1 0.0822 0
T 16530 84.0 0.9209 1 0.0822 0
T 16538 84.0 0.9214 1 0.1144 0
T 16545 84.0 0.9214 1 0.1144 0
T 16552 84.0 0.9214 1 0.1144 0
T 16560 84.0 0.9219 1 0.1166 0
T 16568 84.0 0.9219 1 0.1166 0
T 16575 84.0 0.9219 1 0.1166 0
T 16582 84.0 0.9222 1 0.1474 0
T 16590 84.0 0.9222 1 0.1474 0
T 16598 84.0 0.9222 1 0.1474 0
T 16605 84.0 0.9225 1 0.1796 0
T 16612 84.0 0.9225 1 0.1796 0
T 16620 84.0 0.9225 1 0.1796 0
T 16628 84.0 0.9228 1 0.2118 0
T 16635 84.0 0.9228 1 0.2118 0
T 16642 84.0 0.9228 1 0.2118 0
T 16650 84.0 0.9229 1 0.2426 0
T 16658 84.0 0.9229 1 0.2426 0
T 16665 84.0 0.9229 1 0.2426 0
T 16672 84.0 0.9231 1 0.2734 0
T 16680 84.0 0.9231 1 0.2734 0
T 16688 84.0 0.9231 1 0.2734 0
T 16695 84.0 0.9233 1 0.3056 0
T 16702 84.0 0.9233 1 0.3056 0
T 16710 84.0 0.9233 1 0.3056 0
T 16718 84.0 0.9234 1 0.3378 0
T 16725 84.0 0.9234 1 0.3378 0
T 16732 84.0 0.9234 1 0.3378 0
T 16740 84.0 0.9235 1 0.3686 0
T 16748 84.0 0.9235 1 0.3686 0
T 16755 84.0 0.9235 1 0.3686 0
T 16762 84.0 0.9230 1 0.3994 0
T 16770 84.0 0.9230 1 0.3994 0
T 16778 84.0 0.9230 1 0.3994 0
T 16785 84.0 0.9221 1 0.3317 0
T 16792 84.0 0.9221 1 0.3317 0
T 16800 84.0 0.9221 1 0.3317 0
T 16808 84.0 0.9214 1 0.3639 0
T 16815 84.0 0.9214 1 0.3639 0
T 16822 84.0 0.9214 1 0.3639 0
T 16830 84.0 0.9208 1 0.3947 0
T 16838 84.0 0.9208 1 0.3947 0
T 16845 84.0 0.9208 1 0.3947 0
T 16852 84.0 0.9204 1 0.4255 0
T 16860 84.0 0.9204 1 0.4255 0
T 16868 84.0 0.9204 1 0.4255 0
T 16875 84.0 0.9200 1 0.4577 0
T 16882 84.0 0.9200 1 0.4577 0
T 16890 84.0 0.9200 1 0.4577 0
T 16898 84.0 0.9196 1 0.4899 0
T 16905 84.0 0.9196 1 0.4899 0
T 16912 84.0 0.9196 1 0.4899 0
T 16920 84.0 0.9193 1 0.5206 0
T 16928 84.0 0.9193 1 0.5206 0
T 16935 84.0 0.9193 1 0.5206 0
T 16942 84.0 0.9191 1 0.5514 0
T 16950 84.0 0.9191 1 0.5514 0
T 16958 84.0 0.9191 1 0.5514 0
T 16965 84.0 0.9188 1 0.5836 0
T 16972 84.0 0.9188 1 0.5836 0
T 16980 84.0 0.9188 1 0.5836 0
T 16988 84.0 0.9186 1 0.6158 0
T 16995 84.0 0.9186 1 0.6158 0
T 17002 84.0 0.9186 1 0.6158 0
T 17010 84.0 0.9191 1 0.6466 0
T 17018 84.0 0.9191 1 0.6466 0
T 17025 84.0 0.9191 1 0.6466 0
T 17032 84.0 0.9195 1 0.7657 0
T 17040 84.0 0.9195 1 0.7657 0
T 17048 84.0 0.9195 1 0.7657 0
T 17055 84.0 0.9200 1 0.7980 0
T 17062 84.0 0.9200 1 0.7980 0
T 17070 84.0 0.9200 1 0.7980 0
T 17078 84.0 0.9203 1 0.8302 0
T 17085 84.0 0.9203 1 0.8302 0
T 17092 84.0 0.9203 1 0.8302 0
T 17100 84.0 0.9206 1 0.8610 0
T 17108 84.0 0.9206 1 0.8610 0
T 17115 84.0 0.9206 1 0.8610 0
T 17122 84.0 0.9208 1 0.8918 0
T 17130 84.0 0.9208 1 0.8918 0
T 17138 84.0 0.9208 1 0.8918 0
T 17145 84.0 0.9210 1 0.9240 0
T 17152 84.0 0.9210 1 0.9240 0
T 17160 84.0 0.9210 1 0.9240 0
T 17168 84.0 0.9211 1 0.9562 0
T 17175 84.0 0.9211 1 0.9562 0
T 17182 84.0 0.9211 1 0.9562 0
T 17190 84.0 0.9212 1 0.9870 0
T 17198 84.0 0.9212 1 0.9870 0
T 17205 84.0 0.9212 1 0.9870 0
T 17212 84.0 0.9214 1 0.0178 1
T 17220 84.0 0.9214 1 0.0178 0
T 17228 84.0 0.9214 1 0.0178 0
T 17235 84.0 0.9213 1 0.0500 0
T 17242 84.0 0.9213 1 0.0500 0
T 17250 84.0 0.9213 1 0.0500 0
T 17258 84.0 0.9208 1 0.0822 0
T 17265 84.0 0.9208 1 0.0822 0
T 17272 84.0 0.9208 1 0.0822 0
T 17280 84.0 0.9205 1 0.0925 0
T 17288 84.0 0.9205 1 0.0925 0
T 17295 84.0 0.9205 1 0.0925 0
T 17302 84.0 0.9202 1 0.1233 0
T 17310 84.0 0.9202 1 0.1233 0
T 17318 84.0 0.9202 1 0.1233 0
T 17325 84.0 0.9200 1 0.1555 0
T 17332 84.0 0.9200 1 0.1555 0
T 17340 84.0 0.9200 1 0.1555 0
T 17348 84.0 0.9198 1 0.1877 0
T 17355 84.0 0.9198 1 0.1877 0
T 17362 84.0 0.9198 1 0.1877 0
T 17370 84.0 0.9195 1 0.2185 0
T 17378 84.0 0.9195 1 0.2185 0
T 17385 84.0 0.9195 1 0.2185 0
T 17392 84.0 0.9193 1 0.2493 0
T 17400 84.0 0.9193 1 0.2493 0
T 17408 84.0 0.9193 1 0.2493 0
T 17415 84.0 0.9191 1 0.2815 0
T 17422 84.0 0.9191 1 0.2815 0
T 17430 84.0 0.9191 1 0.2815 0
T 17438 84.0 0.9189 1 0.3137 0
T 17445 84.0 0.9189 1 0.3137 0
T 17452 84.0 0.9189 1 0.3137 0
T 17460 84.0 0.9188 1 0.3445 0
T 17468 84.0 0.9188 1 0.3445 0
T 17475 84.0 0.9188 1 0.3445 0
T 17482 84.0 0.9188 1 0.3753 0
T 17490 84.0 0.9188 1 0.3753 0
T 17498 84.0 0.9188 1 0.3753 0
T 17505 84.0 0.9189 1 0.3137 0
T 17512 84.0 0.9189 1 0.3137 0
T 17520 84.0 0.9189 1 0.3137 0
T 17528 84.0 0.9191 1 0.3458 0
T 17535 84.0 0.9191 1 0.3458 0
T 17542 84.0 0.9191 1 0.3458 0
T 17550 84.0 0.9193 1 0.3766 0
T 17558 84.0 0.9193 1 0.3766 0
T 17565 84.0 0.9193 1 0.3766 0
T 17572 84.0 0.9195 1 0.4074 0
T 17580 84.0 0.9195 1 0.4074 0
T 17588 84.0 0.9195 1 0.4074 0
T 17595 84.0 0.9197 1 0.4396 0
T 17602 84.0 0.9197 1 0.4396 0
T 17610 84.0 0.9197 1 0.4396 0
T 17618 84.0 0.9200 1 0.4718 0
T 17625 84.0 0.9200 1 0.4718 0
T 17632 84.0 0.9200 1 0.4718 0
T 17640 84.0 0.9201 1 0.5026 0
T 17648 84.0 0.9201 1 0.5026 0
T 17655 84.0 0.9201 1 0.5026 0
T 17662 84.0 0.9202 1 0.5333 0
T 17670 84.0 0.9202 1 0.5333 0
T 17678 84.0 0.9202 1 0.5333 0
T 17685 84.0 0.9203 1 0.5655 0
T 17692 84.0 0.9203 1 0.5655 0
T 17700 84.0 0.9203 1 0.5655 0
T 17708 84.0 0.9203 1 0.5977 0
T 17715 84.0 0.9203 1 0.5977 0
T 17722 84.0 0.9203 1 0.5977 0
T 17730 84.0 0.9204 1 0.6285 0
T 17738 84.0 0.9204 1 0.6285 0
T 17745 84.0 0.9204 1 0.6285 0
T 17752 84.0 0.9204 1 0.7522 0
T 17760 84.0 0.9204 1 0.7522 0
T 17768 84.0 0.9204 1 0.7522 0
T 17775 84.0 0.9205 1 0.7844 0
T 17782 84.0 0.9205 1 0.7844 0
T 17790 84.0 0.9205 1 0.7844 0
T 17798 84.0 0.9205 1 0.8166 0
T 17805 84.0 0.9205 1 0.8166 0
T 17812 84.0 0.9205 1 0.8166 0
T 17820 84.0 0.9205 1 0.8474 0
T 17828 84.0 0.9205 1 0.8474 0
T 17835 84.0 0.9205 1 0.8474 0
T 17842 84.0 0.9205 1 0.8782 0
T 17850 84.0 0.9205 1 0.8782 0
T 17858 84.0 0.9205 1 0.8782 0
T 17865 84.0 0.9206 1 0.9104 0
T 17872 84.0 0.9206 1 0.9104 0
T 17880 84.0 0.9206 1 0.9104 0
T 17888 84.0 0.9206 1 0.9426 0
T 17895 84.0 0.9206 1 0.9426 0
T 17902 84.0 0.9206 1 0.9426 0
T 17910 84.0 0.9206 1 0.9735 0
T 17918 84.0 0.9206 1 0.9735 0
T 17925 84.0 0.9206 1 0.9735 0
T 17932 84.0 0.9206 1 0.0109 1
T 17940 84.0 0.9206 1 0.0109 0
T 17948 84.0 0.9206 1 0.0109 0
T 17955 84.0 0.9208 1 0.0431 0
T 17962 84.0 0.9208 1 0.0431 0
T 17970 84.0 0.9208 1 0.0431 0
T 17978 84.0 0.9208 1 0.0645 0
T 17985 84.0 0.9208 1 0.0645 0
T 17992 84.0 0.9208 1 0.0645 0
T 18000 84.0 0.9210 1 0.0953 0
T 18008 84.0 0.9210 1 0.0953 0
T 18015 84.0 0.9210 1 0.0953 0
T 18022 84.0 0.9211 1 0.1261 0
T 18030 84.0 0.9211 1 0.1261 0
T 18038 84.0 0.9211 1 0.1261 0
T 18045 84.0 0.9213 1 0.1583 0
T 18052 84.0 0.9213 1 0.1583 0
T 18060 84.0 0.9213 1 0.1583 0
T 18068 84.0 0.9215 1 0.1905 0
T 18075 84.0 0.9215 1 0.1905 0
T 18082 84.0 0.9215 1 0.1905 0
T 18090 84.0 0.9217 1 0.2213 0
T 18098 84.0 0.9217 1 0.2213 0
T 18105 84.0 0.9217 1 0.2213 0
T 18112 84.0 0.9219 1 0.2522 0
T 18120 84.0 0.9219 1 0.2522 0
T 18128 84.0 0.9219 1 0.2522 0
T 18135 84.0 0.9221 1 0.2844 0
T 18142 84.0 0.9221 1 0.2844 0
T 18150 84.0 0.9221 1 0.2844 0
T 18158 84.0 0.9222 1 0.3166 0
T 18165 84.0 0.9222 1 0.3166 0
T 18172 84.0 0.9222 1 0.3166 0
T 18180 84.0 0.9223 1 0.3474 0
T 18188 84.0 0.9223 1 0.3474 0
T 18195 84.0 0.9223 1 0.3474 0
T 18202 84.0 0.9224 1 0.3782 0
T 18210 84.0 0.9224 1 0.3782 0
T 18218 84.0 0.9224 1 0.3782 0
T 18225 84.0 0.9225 1 0.4104 0
T 18232 84.0 0.9225 1 0.4104 0
T 18240 84.0 0.9225 1 0.4104 0
T 18248 84.0 0.9225 1 0.4426 0
T 18255 84.0 0.9225 1 0.4426 0
T 18262 84.0 0.9225 1 0.4426 0
T 18270 84.0 0.9226 1 0.4734 0
T 18278 84.0 0.9226 1 0.4734 0
T 18285 84.0 0.9226 1 0.4734 0
T 18292 84.0 0.9227 1 0.5042 0
T 18300 84.0 0.9227 1 0.5042 0
T 18308 84.0 0.9227 1 0.5042 0
T 18315 84.0 0.9229 1 0.5364 0
T 18322 84.0 0.9229 1 0.5364 0
T 18330 84.0 0.9229 1 0.5364 0
T 18338 84.0 0.9231 1 0.5686 0
T 18345 84.0 0.9231 1 0.5686 0
T 18352 84.0 0.9231 1 0.5686 0
T 18360 84.0 0.9232 1 0.5994 0
T 18368 84.0 0.9232 1 0.5994 0
T 18375 84.0 0.9232 1 0.5994 0
T 18382 84.0 0.9233 1 0.6302 0
T 18390 84.0 0.9233 1 0.6302 0
T 18398 84.0 0.9233 1 0.6302 0
T 18405 84.0 0.9234 1 0.7548 0
T 18412 84.0 0.9234 1 0.7548 0
T 18420 84.0 0.9234 1 0.7548 0
T 18428 84.0 0.9229 1 0.7870 0
T 18435 84.0 0.9229 1 0.7870 0
T 18442 84.0 0.9229 1 0.7870 0
T 18450 84.0 0.9221 1 0.8179 0
T 18458 84.0 0.9221 1 0.8179 0
T 18465 84.0 0.9221 1 0.8179 0
T 18472 84.0 0.9214 1 0.8942 0
T 18480 84.0 0.9214 1 0.8942 0
T 18488 84.0 0.9214 1 0.8942 0
T 18495 84.0 0.9208 1 0.9264 0
T 18502 84.0 0.9208 1 0.9264 0
T 18510 84.0 0.9208 1 0.9264 0
T 18518 84.0 0.9204 1 0.9587 0
T 18525 84.0 0.9204 1 0.9587 0
T 18532 84.0 0.9204 1 0.9587 0
T 18540 84.0 0.9199 1 0.9895 0
T 18548 84.0 0.9199 1 0.9895 0
T 18555 84.0 0.9199 1 0.9895 0
T 18562 84.0 0.9194 1 0.0203 1
T 18570 84.0 0.9194 1 0.0203 0
T 18578 84.0 0.9194 1 0.0203 0
T 18585 84.0 0.9190 1 0.0525 0
T 18592 84.0 0.9190 1 0.0525 0
T 18600 84.0 0.9190 1 0.0525 0
T 18608 84.0 0.9186 1 0.0847 0
T 18615 84.0 0.9186 1 0.0847 0
T 18622 84.0 0.9186 1 0.0847 0
T 18630 84.0 0.9183 1 0.1156 0
T 18638 84.0 0.9183 1 0.1156 0
T 18645 84.0 0.9183 1 0.1156 0
T 18652 84.0 0.9180 1 0.1464 0
T 18660 84.0 0.9180 1 0.1464 0
T 18668 84.0 0.9180 1 0.1464 0
T 18675 84.0 0.9189 1 0.1786 0
T 18682 84.0 0.9189 1 0.1786 0
T 18690 84.0 0.9189 1 0.1786 0
T 18698 84.0 0.9196 1 0.1661 0
T 18705 84.0 0.9196 1 0.1661 0
T 18712 84.0 0.9196 1 0.1661 0
T 18720 84.0 0.9202 1 0.1969 0
T 18728 84.0 0.9202 1 0.1969 0
T 18735 84.0 0.9202 1 0.1969 0
T 18742 84.0 0.9206 1 0.2277 0
T 18750 84.0 0.9206 1 0.2277 0
T 18758 84.0 0.9206 1 0.2277 0
T 18765 84.0 0.9211 1 0.2599 0
T 18772 84.0 0.9211 1 0.2599 0
T 18780 84.0 0.9211 1 0.2599 0
T 18788 84.0 0.9216 1 0.2921 0
T 18795 84.0 0.9216 1 0.2921 0
T 18802 84.0 0.9216 1 0.2921 0
T 18810 84.0 0.9221 1 0.3229 0
T 18818 84.0 0.9221 1 0.3229 0
T 18825 84.0 0.9221 1 0.3229 0
T 18832 84.0 0.9224 1 0.3537 0
T 18840 84.0 0.9224 1 0.3537 0
T 18848 84.0 0.9224 1 0.3537 0
T 18855 84.0 0.9227 1 0.3859 0
T 18862 84.0 0.9227 1 0.3859 0
T 18870 84.0 0.9227 1 0.3859 0
T 18878 84.0 0.9229 1 0.4181 0
T 18885 84.0 0.9229 1 0.4181 0
T 18892 84.0 0.9229 1 0.4181 0
T 18900 84.0 0.9227 1 0.4489 0
T 18908 84.0 0.9227 1 0.4489 0
T 18915 84.0 0.9227 1 0.4489 0
T 18922 84.0 0.9212 1 0.4797 0
T 18930 84.0 0.9212 1 0.4797 0
T 18938 84.0 0.9212 1 0.4797 0
T 18945 84.0 0.9198 1 0.4119 0
T 18952 84.0 0.9198 1 0.4119 0
T 18960 84.0 0.9198 1 0.4119 0
T 18968 84.0 0.9186 1 0.4441 0
T 18975 84.0 0.9186 1 0.4441 0
T 18982 84.0 0.9186 1 0.4441 0
T 18990 84.0 0.9176 1 0.4749 0
T 18998 84.0 0.9176 1 0.4749 0
T 19005 84.0 0.9176 1 0.4749 0
T 19012 84.0 0.9166 1 0.5057 0
T 19020 84.0 0.9166 1 0.5057 0
T 19028 84.0 0.9166 1 0.5057 0
T 19035 84.0 0.9157 1 0.5378 0
T 19042 84.0 0.9157 1 0.5378 0
T 19050 84.0 0.9157 1 0.5378 0
T 19058 84.0 0.9150 1 0.5700 0
T 19065 84.0 0.9150 1 0.5700 0
T 19072 84.0 0.9150 1 0.5700 0
T 19080 84.0 0.9143 1 0.6008 0
T 19088 84.0 0.9143 1 0.6008 0
T 19095 84.0 0.9143 1 0.6008 0
T 19102 84.0 0.9138 1 0.6316 0
T 19110 84.0 0.9138 1 0.6316 0
T 19118 84.0 0.9138 1 0.6316 0
T 19125 84.0 0.9133 1 0.6638 0
T 19132 84.0 0.9133 1 0.6638 0
T 19140 84.0 0.9133 1 0.6638 0
T 19148 84.0 0.9138 1 0.6960 0
T 19155 84.0 0.9138 1 0.6960 0
T 19162 84.0 0.9138 1 0.6960 0
T 19170 84.0 0.9145 1 0.8028 0
T 19178 84.0 0.9145 1 0.8028 0
T 19185 84.0 0.9145 1 0.8028 0
T 19192 84.0 0.9150 1 0.8336 0
T 19200 84.0 0.9150 1 0.8336 0
T 19208 84.0 0.9150 1 0.8336 0
T 19215 84.0 0.9154 1 0.8658 0
T 19222 84.0 0.9154 1 0.8658 0
T 19230 84.0 0.9154 1 0.8658 0
T 19238 84.0 0.9161 1 0.8980 0
T 19245 84.0 0.9161 1 0.8980 0
T 19252 84.0 0.9161 1 0.8980 0
T 19260 84.0 0.9166 1 0.9288 0
T 19268 84.0 0.9166 1 0.9288 0
T 19275 84.0 0.9166 1 0.9288 0
T 19282 84.0 0.9170 1 0.9596 0
T 19290 84.0 0.9170 1 0.9596 0
T 19298 84.0 0.9170 1 0.9596 0
T 19305 84.0 0.9173 1 0.9918 0
T 19312 84.0 0.9173 1 0.9918 0
T 19320 84.0 0.9173 1 0.9918 0
T 19328 84.0 0.9176 1 0.0240 1
T 19335 84.0 0.9176 1 0.0240 0
T 19342 84.0 0.9176 1 0.0240 0
T 19350 84.0 0.9179 1 0.0548 0
T 19358 84.0 0.9179 1 0.0548 0
T 19365 84.0 0.9179 1 0.0548 0
T 19372 84.0 0.9181 1 0.0856 0
T 19380 84.0 0.9181 1 0.0856 0
T 19388 84.0 0.9181 1 0.0856 0
T 19395 84.0 0.9180 1 0.1178 0
T 19402 84.0 0.9180 1 0.1178 0
T 19410 84.0 0.9180 1 0.1178 0
T 19418 84.0 0.9179 1 0.1206 0
T 19425 84.0 0.9179 1 0.1206 0
T 19432 84.0 0.9179 1 0.1206 0
T 19440 84.0 0.9177 1 0.1514 0
T 19448 84.0 0.9177 1 0.1514 0
T 19455 84.0 0.9177 1 0.1514 0
T 19462 84.0 0.9175 1 0.1822 0
T 19470 84.0 0.9175 1 0.1822 0
T 19478 84.0 0.9175 1 0.1822 0
T 19485 84.0 0.9170 1 0.2144 0
T 19492 84.0 0.9170 1 0.2144 0
T 19500 84.0 0.9170 1 0.2144 0
T 19508 84.0 0.9165 1 0.2465 0
T 19515 84.0 0.9165 1 0.2465 0
T 19522 84.0 0.9165 1 0.2465 0
T 19530 84.0 0.9161 1 0.2773 0
T 19538 84.0 0.9161 1 0.2773 0
T 19545 84.0 0.9161 1 0.2773 0
T 19552 84.0 0.9157 1 0.3081 0
T 19560 84.0 0.9157 1 0.3081 0
T 19568 84.0 0.9157 1 0.3081 0
T 19575 84.0 0.9154 1 0.3403 0
T 19582 84.0 0.9154 1 0.3403 0
T 19590 84.0 0.9154 1 0.3403 0
T 19598 84.0 0.9152 1 0.3725 0
T 19605 84.0 0.9152 1 0.3725 0
T 19612 84.0 0.9152 1 0.3725 0
T 19620 84.0 0.9151 1 0.4033 0
T 19628 84.0 0.9151 1 0.4033 0
T 19635 84.0 0.9151 1 0.4033 0
T 19642 84.0 0.9154 1 0.4341 0
T 19650 84.0 0.9154 1 0.4341 0
T 19658 84.0 0.9154 1 0.4341 0
T 19665 84.0 0.9157 1 0.3663 0
T 19672 84.0 0.9157 1 0.3663 0
T 19680 84.0 0.9157 1 0.3663 0
T 19688 84.0 0.9159 1 0.3985 0
T 19695 84.0 0.9159 1 0.3985 0
T 19702 84.0 0.9159 1 0.3985 0
T 19710 84.0 0.9160 1 0.4293 0
T 19718 84.0 0.9160 1 0.4293 0
T 19725 84.0 0.9160 1 0.4293 0
T 19732 84.0 0.9161 1 0.4601 0
T 19740 84.0 0.9161 1 0.4601 0
T 19748 84.0 0.9161 1 0.4601 0
T 19755 84.0 0.9163 1 0.4922 0
T 19762 84.0 0.9163 1 0.4922 0
T 19770 84.0 0.9163 1 0.4922 0
T 19778 84.0 0.9164 1 0.5244 0
T 19785 84.0 0.9164 1 0.5244 0
T 19792 84.0 0.9164 1 0.5244 0
T 19800 84.0 0.9165 1 0.5552 0
T 19808 84.0 0.9165 1 0.5552 0
T 19815 84.0 0.9165 1 0.5552 0
T 19822 84.0 0.9167 1 0.5860 0
T 19830 84.0 0.9167 1 0.5860 0
T 19838 84.0 0.9167 1 0.5860 0
T 19845 84.0 0.9168 1 0.6182 0
T 19852 84.0 0.9168 1 0.6182 0
T 19860 84.0 0.9168 1 0.6182 0
T 19868 84.0 0.9168 1 0.6504 0
T 19875 84.0 0.9168 1 0.6504 0
T 19882 84.0 0.9168 1 0.6504 0
T 19890 84.0 0.9170 1 0.6812 0
T 19898 84.0 0.9170 1 0.6812 0
T 19905 84.0 0.9170 1 0.6812 0
T 19912 84.0 0.9171 1 0.7120 0
T 19920 84.0 0.9171 1 0.7120 0
T 19928 84.0 0.9171 1 0.7120 0
T 19935 84.0 0.9171 1 0.7441 0
T 19942 84.0 0.9171 1 0.7441 0
T 19950 84.0 0.9171 1 0.7441 0
T 19958 84.0 0.9170 1 0.7763 0
T 19965 84.0 0.9170 1 0.7763 0
T 19972 84.0 0.9170 1 0.7763 0
T 19980 84.0 0.9168 1 0.8071 0
T 19988 84.0 0.9168 1 0.8071 0
T 19995 84.0 0.9168 1 0.8071 0
T 20002 84.0 0.9166 1 0.8379 0
T 20010 84.0 0.9166 1 0.8379 0
T 20018 84.0 0.9166 1 0.8379 0
T 20025 84.0 0.9165 1 0.8701 0
T 20032 84.0 0.9165 1 0.8701 0
T 20040 84.0 0.9165 1 0.8701 0
T 20048 84.0 0.9163 1 0.9023 0
T 20055 84.0 0.9163 1 0.9023 0
T 20062 84.0 0.9163 1 0.9023 0
T 20070 84.0 0.9162 1 0.9331 0
T 20078 84.0 0.9162 1 0.9331 0
T 20085 84.0 0.9162 1 0.9331 0
T 20092 84.0 0.9161 1 0.9639 0
T 20100 84.0 0.9161 1 0.9639 0
T 20108 84.0 0.9161 1 0.9639 0
T 20115 84.0 0.9164 1 0.0051 1
T 20122 84.0 0.9164 1 0.0051 0
T 20130 84.0 0.9164 1 0.0051 0
T 20138 84.0 0.9167 1 0.0373 0
T 20145 84.0 0.9167 1 0.0373 0
T 20152 84.0 0.9167 1 0.0373 0
T 20160 84.0 0.9168 1 0.0681 0
T 20168 84.0 0.9168 1 0.0681 0
T 20175 84.0 0.9168 1 0.0681 0
T 20182 84.0 0.9168 1 0.0989 0
T 20190 84.0 0.9168 1 0.0989 0
T 20198 84.0 0.9168 1 0.0989 0
T 20205 84.0 0.9164 1 0.1311 0
T 20212 84.0 0.9164 1 0.1311 0
T 20220 84.0 0.9164 1 0.1311 0
T 20228 84.0 0.9161 1 0.1633 0
T 20235 84.0 0.9161 1 0.1633 0
T 20242 84.0 0.9161 1 0.1633 0
T 20250 84.0 0.9159 1 0.1941 0
T 20258 84.0 0.9159 1 0.1941 0
T 20265 84.0 0.9159 1 0.1941 0
T 20272 84.0 0.9157 1 0.2249 0
T 20280 84.0 0.9157 1 0.2249 0
T 20288 84.0 0.9157 1 0.2249 0
T 20295 84.0 0.9155 1 0.2571 0
T 20302 84.0 0.9155 1 0.2571 0
T 20310 84.0 0.9155 1 0.2571 0
T 20318 84.0 0.9155 1 0.2893 0
T 20325 84.0 0.9155 1 0.2893 0
T 20332 84.0 0.9155 1 0.2893 0
T 20340 84.0 0.9159 1 0.3201 0
T 20348 84.0 0.9159 1 0.3201 0
T 20355 84.0 0.9159 1 0.3201 0
T 20362 84.0 0.9166 1 0.2709 0
T 20370 84.0 0.9166 1 0.2709 0
T 20378 84.0 0.9166 1 0.2709 0
T 20385 84.0 0.9172 1 0.3031 0
T 20392 84.0 0.9172 1 0.3031 0
T 20400 84.0 0.9172 1 0.3031 0
T 20408 84.0 0.9176 1 0.3353 0
T 20415 84.0 0.9176 1 0.3353 0
T 20422 84.0 0.9176 1 0.3353 0
T 20430 84.0 0.9179 1 0.3660 0
T 20438 84.0 0.9179 1 0.3660 0
T 20445 84.0 0.9179 1 0.3660 0
T 20452 84.0 0.9182 1 0.3968 0
T 20460 84.0 0.9182 1 0.3968 0
T 20468 84.0 0.9182 1 0.3968 0
T 20475 84.0 0.9185 1 0.4290 0
T 20482 84.0 0.9185 1 0.4290 0
T 20490 84.0 0.9185 1 0.4290 0
T 20498 84.0 0.9187 1 0.4612 0
T 20505 84.0 0.9187 1 0.4612 0
T 20512 84.0 0.9187 1 0.4612 0
T 20520 84.0 0.9189 1 0.4920 0
T 20528 84.0 0.9189 1 0.4920 0
T 20535 84.0 0.9189 1 0.4920 0
T 20542 84.0 0.9190 1 0.5228 0
T 20550 84.0 0.9190 1 0.5228 0
T 20558 84.0 0.9190 1 0.5228 0
T 20565 84.0 0.9190 1 0.5550 0
T 20572 84.0 0.9190 1 0.5550 0
T 20580 84.0 0.9190 1 0.5550 0
T 20588 84.0 0.9180 1 0.5872 0
T 20595 84.0 0.9180 1 0.5872 0
T 20602 84.0 0.9180 1 0.5872 0
T 20610 84.0 0.9173 1 0.7180 0
T 20618 84.0 0.9173 1 0.7180 0
T 20625 84.0 0.9173 1 0.7180 0
T 20632 84.0 0.9167 1 0.7488 0
T 20640 84.0 0.9167 1 0.7488 0
T 20648 84.0 0.9167 1 0.7488 0
T 20655 84.0 0.9161 1 0.7810 0
T 20662 84.0 0.9161 1 0.7810 0
T 20670 84.0 0.9161 1 0.7810 0
T 20678 84.0 0.9156 1 0.8132 0
T 20685 84.0 0.9156 1 0.8132 0
T 20692 84.0 0.9156 1 0.8132 0
T 20700 84.0 0.9152 1 0.8440 0
T 20708 84.0 0.9152 1 0.8440 0
T 20715 84.0 0.9152 1 0.8440 0
T 20722 84.0 0.9149 1 0.8748 0
T 20730 84.0 0.9149 1 0.8748 0
T 20738 84.0 0.9149 1 0.8748 0
T 20745 84.0 0.9146 1 0.9070 0
T 20752 84.0 0.9146 1 0.9070 0
T 20760 84.0 0.9146 1 0.9070 0
T 20768 84.0 0.9143 1 0.9393 0
T 20775 84.0 0.9143 1 0.9393 0
T 20782 84.0 0.9143 1 0.9393 0
T 20790 84.0 0.9140 1 0.9701 0
T 20798 84.0 0.9140 1 0.9701 0
T 20805 84.0 0.9140 1 0.9701 0
T 20812 84.0 0.9146 1 0.0009 1
T 20820 84.0 0.9146 1 0.0009 0
T 20828 84.0 0.9146 1 0.0009 0
T 20835 84.0 0.9152 1 0.0329 0
T 20842 84.0 0.9152 1 0.0329 0
T 20850 84.0 0.9152 1 0.0329 0
T 20858 84.0 0.9157 1 0.0651 0
T 20865 84.0 0.9157 1 0.0651 0
T 20872 84.0 0.9157 1 0.0651 0
T 20880 84.0 0.9161 1 0.0959 0
T 20888 84.0 0.9161 1 0.0959 0
T 20895 84.0 0.9161 1 0.0959 0
T 20902 84.0 0.9165 1 0.1267 0
T 20910 84.0 0.9165 1 0.1267 0
T 20918 84.0 0.9165 1 0.1267 0
T 20925 84.0 0.9170 1 0.1589 0
T 20932 84.0 0.9170 1 0.1589 0
T 20940 84.0 0.9170 1 0.1589 0
T 20948 84.0 0.9176 1 0.1911 0
T 20955 84.0 0.9176 1 0.1911 0
T 20962 84.0 0.9176 1 0.1911 0
T 20970 84.0 0.9180 1 0.2219 0
T 20978 84.0 0.9180 1 0.2219 0
T 20985 84.0 0.9180 1 0.2219 0
T 20992 84.0 0.9184 1 0.2527 0
T 21000 84.0 0.9184 1 0.2527 0
T 21008 84.0 0.9184 1 0.2527 0
T 21015 84.0 0.9187 1 0.2849 0
T 21022 84.0 0.9187 1 0.2849 0
T 21030 84.0 0.9187 1 0.2849 0
T 21038 84.0 0.9190 1 0.3171 0
T 21045 84.0 0.9190 1 0.3171 0
T 21052 84.0 0.9190 1 0.3171 0
T 21060 84.0 0.9191 1 0.3479 0
T 21068 84.0 0.9191 1 0.3479 0
T 21075 84.0 0.9191 1 0.3479 0
T 21082 84.0 0.9191 1 0.2917 0
T 21090 84.0 0.9191 1 0.2917 0
T 21098 84.0 0.9191 1 0.2917 0
T 21105 84.0 0.9192 1 0.3239 0
T 21112 84.0 0.9192 1 0.3239 0
T 21120 84.0 0.9192 1 0.3239 0
T 21128 84.0 0.9192 1 0.3561 0
T 21135 84.0 0.9192 1 0.3561 0
T 21142 84.0 0.9192 1 0.3561 0
T 21150 84.0 0.9190 1 0.3869 0
T 21158 84.0 0.9190 1 0.3869 0
T 21165 84.0 0.9190 1 0.3869 0
T 21172 84.0 0.9189 1 0.4177 0
T 21180 84.0 0.9189 1 0.4177 0
T 21188 84.0 0.9189 1 0.4177 0
T 21195 84.0 0.9188 1 0.4499 0
T 21202 84.0 0.9188 1 0.4499 0
T 21210 84.0 0.9188 1 0.4499 0
T 21218 84.0 0.9187 1 0.4820 0
T 21225 84.0 0.9187 1 0.4820 0
T 21232 84.0 0.9187 1 0.4820 0
T 21240 84.0 0.9187 1 0.5128 0
T 21248 84.0 0.9187 1 0.5128 0
T 21255 84.0 0.9187 1 0.5128 0
T 21262 84.0 0.9186 1 0.5436 0
T 21270 84.0 0.9186 1 0.5436 0
T 21278 84.0 0.9186 1 0.5436 0
T 21285 84.0 0.9184 1 0.5758 0
T 21292 84.0 0.9184 1 0.5758 0
T 21300 84.0 0.9184 1 0.5758 0
T 21308 84.0 0.9180 1 0.6080 0
T 21315 84.0 0.9180 1 0.6080 0
T 21322 84.0 0.9180 1 0.6080 0
T 21330 84.0 0.9178 1 0.7368 0
T 21338 84.0 0.9178 1 0.7368 0
T 21345 84.0 0.9178 1 0.7368 0
T 21352 84.0 0.9176 1 0.7676 0
T 21360 84.0 0.9176 1 0.7676 0
T 21368 84.0 0.9176 1 0.7676 0
T 21375 84.0 0.9174 1 0.7998 0
T 21382 84.0 0.9174 1 0.7998 0
T 21390 84.0 0.9174 1 0.7998 0
T 21398 84.0 0.9174 1 0.8320 0
T 21405 84.0 0.9174 1 0.8320 0
T 21412 84.0 0.9174 1 0.8320 0
T 21420 84.0 0.9174 1 0.8629 0
T 21428 84.0 0.9174 1 0.8629 0
T 21435 84.0 0.9174 1 0.8629 0
T 21442 84.0 0.9173 1 0.8937 0
T 21450 84.0 0.9173 1 0.8937 0
T 21458 84.0 0.9173 1 0.8937 0
T 21465 84.0 0.9171 1 0.9259 0
T 21472 84.0 0.9171 1 0.9259 0
T 21480 84.0 0.9171 1 0.9259 0
T 21488 84.0 0.9171 1 0.9581 0
T 21495 84.0 0.9171 1 0.9581 0
T 21502 84.0 0.9171 1 0.9581 0
T 21510 84.0 0.9170 1 0.9889 0
T 21518 84.0 0.9170 1 0.9889 0
T 21525 84.0 0.9170 1 0.9889 0
T 21532 84.0 0.9172 1 0.0197 1
T 21540 84.0 0.9172 1 0.0197 0
T 21548 84.0 0.9172 1 0.0197 0
T 21555 84.0 0.9174 1 0.0470 0
T 21562 84.0 0.9174 1 0.0470 0
T 21570 84.0 0.9174 1 0.0470 0
T 21578 84.0 0.9175 1 0.0792 0
T 21585 84.0 0.9175 1 0.0792 0
T 21592 84.0 0.9175 1 0.0792 0
T 21600 84.0 0.9177 1 0.1100 0
T 21608 84.0 0.9177 1 0.1100 0
T 21615 84.0 0.9177 1 0.1100 0
T 21622 84.0 0.9178 1 0.1408 0
T 21630 84.0 0.9178 1 0.1408 0
T 21638 84.0 0.9178 1 0.1408 0
T 21645 84.0 0.9178 1 0.1730 0
T 21652 84.0 0.9178 1 0.1730 0
T 21660 84.0 0.9178 1 0.1730 0
T 21668 84.0 0.9179 1 0.2052 0
T 21675 84.0 0.9179 1 0.2052 0
T 21682 84.0 0.9179 1 0.2052 0
T 21690 84.0 0.9180 1 0.2360 0
T 21698 84.0 0.9180 1 0.2360 0
T 21705 84.0 0.9180 1 0.2360 0
T 21712 84.0 0.9182 1 0.2668 0
T 21720 84.0 0.9182 1 0.2668 0
T 21728 84.0 0.9182 1 0.2668 0
T 21735 84.0 0.9183 1 0.2990 0
T 21742 84.0 0.9183 1 0.2990 0
T 21750 84.0 0.9183 1 0.2990 0
T 21758 84.0 0.9184 1 0.3312 0
T 21765 84.0 0.9184 1 0.3312 0
T 21772 84.0 0.9184 1 0.3312 0
T 21780 84.0 0.9183 1 0.3620 0
T 21788 84.0 0.9183 1 0.3620 0
T 21795 84.0 0.9183 1 0.3620 0
T 21802 84.0 0.9183 1 0.3023 0
T 21810 84.0 0.9183 1 0.3023 0
T 21818 84.0 0.9183 1 0.3023 0
T 21825 84.0 0.9184 1 0.3345 0
T 21832 84.0 0.9184 1 0.3345 0
T 21840 84.0 0.9184 1 0.3345 0
T 21848 84.0 0.9183 1 0.3667 0
T 21855 84.0 0.9183 1 0.3667 0
T 21862 84.0 0.9183 1 0.3667 0
T 21870 84.0 0.9181 1 0.3975 0
T 21878 84.0 0.9181 1 0.3975 0
T 21885 84.0 0.9181 1 0.3975 0
T 21892 84.0 0.9179 1 0.4282 0
T 21900 84.0 0.9179 1 0.4282 0
T 21908 84.0 0.9179 1 0.4282 0
T 21915 84.0 0.9177 1 0.4604 0
T 21922 84.0 0.9177 1 0.4604 0
T 21930 84.0 0.9177 1 0.4604 0
T 21938 84.0 0.9176 1 0.4926 0
T 21945 84.0 0.9176 1 0.4926 0
T 21952 84.0 0.9176 1 0.4926 0
T 21960 84.0 0.9175 1 0.5234 0
T 21968 84.0 0.9175 1 0.5234 0
T 21975 84.0 0.9175 1 0.5234 0
T 21982 84.0 0.9174 1 0.5542 0
T 21990 84.0 0.9174 1 0.5542 0
T 21998 84.0 0.9174 1 0.5542 0
T 22005 84.0 0.9174 1 0.5864 0
T 22012 84.0 0.9174 1 0.5864 0
T 22020 84.0 0.9174 1 0.5864 0
T 22028 84.0 0.9173 1 0.6186 0
T 22035 84.0 0.9173 1 0.6186 0
T 22042 84.0 0.9173 1 0.6186 0
T 22050 84.0 0.9172 1 0.6494 0
T 22058 84.0 0.9172 1 0.6494 0
T 22065 84.0 0.9172 1 0.6494 0
T 22072 84.0 0.9172 1 0.6802 0
T 22080 84.0 0.9172 1 0.6802 0
T 22088 84.0 0.9172 1 0.6802 0
T 22095 84.0 0.9171 1 0.7124 0
T 22102 84.0 0.9171 1 0.7124 0
T 22110 84.0 0.9171 1 0.7124 0
T 22118 84.0 0.9170 1 0.7446 0
T 22125 84.0 0.9170 1 0.7446 0
T 22132 84.0 0.9170 1 0.7446 0
T 22140 84.0 0.9170 1 0.7754 0
T 22148 84.0 0.9170 1 0.7754 0
T 22155 84.0 0.9170 1 0.7754 0
T 22162 84.0 0.9169 1 0.8062 0
T 22170 84.0 0.9169 1 0.8062 0
T 22178 84.0 0.9169 1 0.8062 0
T 22185 84.0 0.9169 1 0.8384 0
T 22192 84.0 0.9169 1 0.8384 0
T 22200 84.0 0.9169 1 0.8384 0
T 22208 84.0 0.9168 1 0.8706 0
T 22215 84.0 0.9168 1 0.8706 0
T 22222 84.0 0.9168 1 0.8706 0
T 22230 84.0 0.9167 1 0.9013 0
T 22238 84.0 0.9167 1 0.9013 0
T 22245 84.0 0.9167 1 0.9013 0
T 22252 84.0 0.9164 1 0.9321 0
T 22260 84.0 0.9164 1 0.9321 0
T 22268 84.0 0.9164 1 0.9321 0
T 22275 84.0 0.9161 1 0.9813 0
T 22282 84.0 0.9161 1 0.9813 0
T 22290 84.0 0.9161 1 0.9813 0
T 22298 84.0 0.9158 1 0.0135 1
T 22305 84.0 0.9158 1 0.0135 0
T 22312 84.0 0.9158 1 0.0135 0
T 22320 84.0 0.9155 1 0.0443 0
T 22328 84.0 0.9155 1 0.0443 0
T 22335 84.0 0.9155 1 0.0443 0
T 22342 84.0 0.9152 1 0.0751 0
T 22350 84.0 0.9152 1 0.0751 0
T 22358 84.0 0.9152 1 0.0751 0
T 22365 84.0 0.9149 1 0.1073 0
T 22372 84.0 0.9149 1 0.1073 0
T 22380 84.0 0.9149 1 0.1073 0
T 22388 84.0 0.9146 1 0.1395 0
T 22395 84.0 0.9146 1 0.1395 0
T 22402 84.0 0.9146 1 0.1395 0
T 22410 84.0 0.9144 1 0.1703 0
T 22418 84.0 0.9144 1 0.1703 0
T 22425 84.0 0.9144 1 0.1703 0
T 22432 84.0 0.9143 1 0.2011 0
T 22440 84.0 0.9143 1 0.2011 0
T 22448 84.0 0.9143 1 0.2011 0
T 22455 84.0 0.9143 1 0.2333 0
T 22462 84.0 0.9143 1 0.2333 0
T 22470 84.0 0.9143 1 0.2333 0
T 22478 84.0 0.9150 1 0.2655 0
T 22485 84.0 0.9150 1 0.2655 0
T 22492 84.0 0.9150 1 0.2655 0
T 22500 84.0 0.9163 1 0.2299 0
T 22508 84.0 0.9163 1 0.2299 0
T 22515 84.0 0.9163 1 0.2299 0
T 22522 84.0 0.9174 1 0.2607 0
T 22530 84.0 0.9174 1 0.2607 0
T 22538 84.0 0.9174 1 0.2607 0
T 22545 84.0 0.9185 1 0.2929 0
T 22552 84.0 0.9185 1 0.2929 0
T 22560 84.0 0.9185 1 0.2929 0
T 22568 84.0 0.9194 1 0.3251 0
T 22575 84.0 0.9194 1 0.3251 0
T 22582 84.0 0.9194 1 0.3251 0
T 22590 84.0 0.9201 1 0.3559 0
T 22598 84.0 0.9201 1 0.3559 0
T 22605 84.0 0.9201 1 0.3559 0
T 22612 84.0 0.9207 1 0.3867 0
T 22620 84.0 0.9207 1 0.3867 0
T 22628 84.0 0.9207 1 0.3867 0
T 22635 84.0 0.9212 1 0.4189 0
T 22642 84.0 0.9212 1 0.4189 0
T 22650 84.0 0.9212 1 0.4189 0
T 22658 84.0 0.9217 1 0.4511 0
T 22665 84.0 0.9217 1 0.4511 0
T 22672 84.0 0.9217 1 0.4511 0
T 22680 84.0 0.9221 1 0.4819 0
T 22688 84.0 0.9221 1 0.4819 0
T 22695 84.0 0.9221 1 0.4819 0
T 22702 84.0 0.9226 1 0.5127 0
T 22710 84.0 0.9226 1 0.5127 0
T 22718 84.0 0.9226 1 0.5127 0
T 22725 84.0 0.9215 1 0.5448 0
T 22732 84.0 0.9215 1 0.5448 0
T 22740 84.0 0.9215 1 0.5448 0
T 22748 84.0 0.9204 1 0.6770 0
T 22755 84.0 0.9204 1 0.6770 0
T 22762 84.0 0.9204 1 0.6770 0
T 22770 84.0 0.9195 1 0.7079 0
T 22778 84.0 0.9195 1 0.7079 0
T 22785 84.0 0.9195 1 0.7079 0
T 22792 84.0 0.9187 1 0.7387 0
T 22800 84.0 0.9187 1 0.7387 0
T 22808 84.0 0.9187 1 0.7387 0
T 22815 84.0 0.9178 1 0.7709 0
T 22822 84.0 0.9178 1 0.7709 0
T 22830 84.0 0.9178 1 0.7709 0
T 22838 84.0 0.9169 1 0.8031 0
T 22845 84.0 0.9169 1 0.8031 0
T 22852 84.0 0.9169 1 0.8031 0
T 22860 84.0 0.9162 1 0.8339 0
T 22868 84.0 0.9162 1 0.8339 0
T 22875 84.0 0.9162 1 0.8339 0
T 22882 84.0 0.9155 1 0.8647 0
T 22890 84.0 0.9155 1 0.8647 0
T 22898 84.0 0.9155 1 0.8647 0
T 22905 84.0 0.9150 1 0.8969 0
T 22912 84.0 0.9150 1 0.8969 0
T 22920 84.0 0.9150 1 0.8969 0
T 22928 84.0 0.9144 1 0.9292 0
T 22935 84.0 0.9144 1 0.9292 0
T 22942 84.0 0.9144 1 0.9292 0
T 22950 84.0 0.9148 1 0.9600 0
T 22958 84.0 0.9148 1 0.9600 0
T 22965 84.0 0.9148 1 0.9600 0
T 22972 84.0 0.9156 1 0.0008 1
T 22980 84.0 0.9156 1 0.0008 0
T 22988 84.0 0.9156 1 0.0008 0
T 22995 84.0 0.9163 1 0.0330 0
T 23002 84.0 0.9163 1 0.0330 0
T 23010 84.0 0.9163 1 0.0330 0
T 23018 84.0 0.9169 1 0.0652 0
T 23025 84.0 0.9169 1 0.0652 0
T 23032 84.0 0.9169 1 0.0652 0
T 23040 84.0 0.9174 1 0.0960 0
T 23048 84.0 0.9174 1 0.0960 0
T 23055 84.0 0.9174 1 0.0960 0
T 23062 84.0 0.9182 1 0.1268 0
T 23070 84.0 0.9182 1 0.1268 0
T 23078 84.0 0.9182 1 0.1268 0
T 23085 84.0 0.9189 1 0.1590 0
T 23092 84.0 0.9189 1 0.1590 0
T 23100 84.0 0.9189 1 0.1590 0
T 23108 84.0 0.9195 1 0.1912 0
T 23115 84.0 0.9195 1 0.1912 0
T 23122 84.0 0.9195 1 0.1912 0
T 23130 84.0 0.9201 1 0.2220 0
T 23138 84.0 0.9201 1 0.2220 0
T 23145 84.0 0.9201 1 0.2220 0
T 23152 84.0 0.9205 1 0.2528 0
T 23160 84.0 0.9205 1 0.2528 0
T 23168 84.0 0.9205 1 0.2528 0
T 23175 84.0 0.9210 1 0.2850 0
T 23182 84.0 0.9210 1 0.2850 0
T 23190 84.0 0.9210 1 0.2850 0
T 23198 84.0 0.9214 1 0.3172 0
T 23205 84.0 0.9214 1 0.3172 0
T 23212 84.0 0.9214 1 0.3172 0
T 23220 84.0 0.9217 1 0.2687 0
T 23228 84.0 0.9217 1 0.2687 0
T 23235 84.0 0.9217 1 0.2687 0
T 23242 84.0 0.9220 1 0.2995 0
T 23250 84.0 0.9220 1 0.2995 0
T 23258 84.0 0.9220 1 0.2995 0
T 23265 84.0 0.9222 1 0.3317 0
T 23272 84.0 0.9222 1 0.3317 0
T 23280 84.0 0.9222 1 0.3317 0
T 23288 84.0 0.9221 1 0.3639 0
T 23295 84.0 0.9221 1 0.3639 0
T 23302 84.0 0.9221 1 0.3639 0
T 23310 84.0 0.9218 1 0.3947 0
T 23318 84.0 0.9218 1 0.3947 0
T 23325 84.0 0.9218 1 0.3947 0
T 23332 84.0 0.9217 1 0.4255 0
T 23340 84.0 0.9217 1 0.4255 0
T 23348 84.0 0.9217 1 0.4255 0
T 23355 84.0 0.9216 1 0.4577 0
T 23362 84.0 0.9216 1 0.4577 0
T 23370 84.0 0.9216 1 0.4577 0
T 23378 84.0 0.9215 1 0.4899 0
T 23385 84.0 0.9215 1 0.4899 0
T 23392 84.0 0.9215 1 0.4899 0
T 23400 84.0 0.9214 1 0.5207 0
T 23408 84.0 0.9214 1 0.5207 0
T 23415 84.0 0.9214 1 0.5207 0
T 23422 84.0 0.9209 1 0.5514 0
T 23430 84.0 0.9209 1 0.5514 0
T 23438 84.0 0.9209 1 0.5514 0
T 23445 84.0 0.9206 1 0.6836 0
T 23452 84.0 0.9206 1 0.6836 0
T 23460 84.0 0.9206 1 0.6836 0
T 23468 84.0 0.9202 1 0.7159 0
T 23475 84.0 0.9202 1 0.7159 0
T 23482 84.0 0.9202 1 0.7159 0
T 23490 84.0 0.9201 1 0.7467 0
T 23498 84.0 0.9201 1 0.7467 0
T 23505 84.0 0.9201 1 0.7467 0
T 23512 84.0 0.9200 1 0.7775 0
T 23520 84.0 0.9200 1 0.7775 0
T 23528 84.0 0.9200 1 0.7775 0
T 23535 84.0 0.9197 1 0.8097 0
T 23542 84.0 0.9197 1 0.8097 0
T 23550 84.0 0.9197 1 0.8097 0
T 23558 84.0 0.9195 1 0.8419 0
T 23565 84.0 0.9195 1 0.8419 0
T 23572 84.0 0.9195 1 0.8419 0
T 23580 84.0 0.9193 1 0.8727 0
T 23588 84.0 0.9193 1 0.8727 0
T 23595 84.0 0.9193 1 0.8727 0
T 23602 84.0 0.9191 1 0.9035 0
T 23610 84.0 0.9191 1 0.9035 0
T 23618 84.0 0.9191 1 0.9035 0
T 23625 84.0 0.9190 1 0.9358 0
T 23632 84.0 0.9190 1 0.9358 0
T 23640 84.0 0.9190 1 0.9358 0
T 23648 84.0 0.9189 1 0.9680 0
T 23655 84.0 0.9189 1 0.9680 0
T 23662 84.0 0.9189 1 0.9680 0
T 23670 84.0 0.9189 1 0.9988 0
T 23678 84.0 0.9189 1 0.9988 0
T 23685 84.0 0.9189 1 0.9988 0
T 23692 84.0 0.9188 1 0.0296 1
T 23700 84.0 0.9188 1 0.0296 0
T 23708 84.0 0.9188 1 0.0296 0
T 23715 84.0 0.9189 1 0.0618 0
T 23722 84.0 0.9189 1 0.0618 0
T 23730 84.0 0.9189 1 0.0618 0
T 23738 84.0 0.9187 1 0.0940 0
T 23745 84.0 0.9187 1 0.0940 0
T 23752 84.0 0.9187 1 0.0940 0
T 23760 84.0 0.9186 1 0.1248 0
T 23768 84.0 0.9186 1 0.1248 0
T 23775 84.0 0.9186 1 0.1248 0
T 23782 84.0 0.9183 1 0.1556 0
T 23790 84.0 0.9183 1 0.1556 0
T 23798 84.0 0.9183 1 0.1556 0
T 23805 84.0 0.9181 1 0.1878 0
T 23812 84.0 0.9181 1 0.1878 0
T 23820 84.0 0.9181 1 0.1878 0
T 23828 84.0 0.9179 1 0.2200 0
T 23835 84.0 0.9179 1 0.2200 0
T 23842 84.0 0.9179 1 0.2200 0
T 23850 84.0 0.9178 1 0.2508 0
T 23858 84.0 0.9178 1 0.2508 0
T 23865 84.0 0.9178 1 0.2508 0
T 23872 84.0 0.9176 1 0.2816 0
T 23880 84.0 0.9176 1 0.2816 0
T 23888 84.0 0.9176 1 0.2816 0
T 23895 84.0 0.9172 1 0.3138 0
T 23902 84.0 0.9172 1 0.3138 0
T 23910 84.0 0.9172 1 0.3138 0
T 23918 84.0 0.9175 1 0.3460 0
T 23925 84.0 0.9175 1 0.3460 0
T 23932 84.0 0.9175 1 0.3460 0
T 23940 84.0 0.9177 1 0.2903 0
T 23948 84.0 0.9177 1 0.2903 0
T 23955 84.0 0.9177 1 0.2903 0
T 23962 84.0 0.9179 1 0.3211 0
T 23970 84.0 0.9179 1 0.3211 0
T 23978 84.0 0.9179 1 0.3211 0
T 23985 84.0 0.9181 1 0.3533 0
T 23992 84.0 0.9181 1 0.3533 0
T 24000 84.0 0.9181 1 0.3533 0
T 24008 84.0 0.9180 1 0.3855 0
T 24015 84.0 0.9180 1 0.3855 0
T 24022 84.0 0.9180 1 0.3855 0
T 24030 84.0 0.9179 1 0.4163 0
T 24038 84.0 0.9179 1 0.4163 0
T 24045 84.0 0.9179 1 0.4163 0
T 24052 84.0 0.9180 1 0.4470 0
T 24060 84.0 0.9180 1 0.4470 0
T 24068 84.0 0.9180 1 0.4470 0
T 24075 84.0 0.9180 1 0.4792 0
T 24082 84.0 0.9180 1 0.4792 0
T 24090 84.0 0.9180 1 0.4792 0
T 24098 84.0 0.9180 1 0.5114 0
T 24105 84.0 0.9180 1 0.5114 0
T 24112 84.0 0.9180 1 0.5114 0
T 24120 84.0 0.9180 1 0.5422 0
T 24128 84.0 0.9180 1 0.5422 0
T 24135 84.0 0.9180 1 0.5422 0
T 24142 84.0 0.9183 1 0.5730 0
T 24150 84.0 0.9183 1 0.5730 0
T 24158 84.0 0.9183 1 0.5730 0
T 24165 84.0 0.9189 1 0.7052 0
T 24172 84.0 0.9189 1 0.7052 0
T 24180 84.0 0.9189 1 0.7052 0
T 24188 84.0 0.9193 1 0.7374 0
T 24195 84.0 0.9193 1 0.7374 0
T 24202 84.0 0.9193 1 0.7374 0
T 24210 84.0 0.9197 1 0.7682 0
T 24218 84.0 0.9197 1 0.7682 0
T 24225 84.0 0.9197 1 0.7682 0
T 24232 84.0 0.9199 1 0.7991 0
T 24240 84.0 0.9199 1 0.7991 0
T 24248 84.0 0.9199 1 0.7991 0
T 24255 84.0 0.9200 1 0.8313 0
T 24262 84.0 0.9200 1 0.8313 0
T 24270 84.0 0.9200 1 0.8313 0
T 24278 84.0 0.9200 1 0.8635 0
T 24285 84.0 0.9200 1 0.8635 0
T 24292 84.0 0.9200 1 0.8635 0
T 24300 84.0 0.9200 1 0.8943 0
T 24308 84.0 0.9200 1 0.8943 0
T 24315 84.0 0.9200 1 0.8943 0
T 24322 84.0 0.9200 1 0.9251 0
T 24330 84.0 0.9200 1 0.9251 0
T 24338 84.0 0.9200 1 0.9251 0
T 24345 84.0 0.9201 1 0.9573 0
T 24352 84.0 0.9201 1 0.9573 0
T 24360 84.0 0.9201 1 0.9573 0
T 24368 84.0 0.9193 1 0.9895 0
T 24375 84.0 0.9193 1 0.9895 0
T 24382 84.0 0.9193 1 0.9895 0
T 24390 84.0 0.9184 1 0.0229 1
T 24398 84.0 0.9184 1 0.0229 0
T 24405 84.0 0.9184 1 0.0229 0
T 24412 84.0 0.9177 1 0.0537 0
T 24420 84.0 0.9177 1 0.0537 0
T 24428 84.0 0.9177 1 0.0537 0
T 24435 84.0 0.9170 1 0.0860 0
T 24442 84.0 0.9170 1 0.0860 0
T 24450 84.0 0.9170 1 0.0860 0
T 24458 84.0 0.9164 1 0.1182 0
T 24465 84.0 0.9164 1 0.1182 0
T 24472 84.0 0.9164 1 0.1182 0
T 24480 84.0 0.9160 1 0.1490 0
T 24488 84.0 0.9160 1 0.1490 0
T 24495 84.0 0.9160 1 0.1490 0
T 24502 84.0 0.9156 1 0.1798 0
T 24510 84.0 0.9156 1 0.1798 0
T 24518 84.0 0.9156 1 0.1798 0
T 24525 84.0 0.9153 1 0.2120 0
T 24532 84.0 0.9153 1 0.2120 0
T 24540 84.0 0.9153 1 0.2120 0
T 24548 84.0 0.9150 1 0.2442 0
T 24555 84.0 0.9150 1 0.2442 0
T 24562 84.0 0.9150 1 0.2442 0
T 24570 84.0 0.9147 1 0.2750 0
T 24578 84.0 0.9147 1 0.2750 0
T 24585 84.0 0.9147 1 0.2750 0
T 24592 84.0 0.9144 1 0.3058 0
T 24600 84.0 0.9144 1 0.3058 0
T 24608 84.0 0.9144 1 0.3058 0
T 24615 84.0 0.9144 1 0.3380 0
T 24622 84.0 0.9144 1 0.3380 0
T 24630 84.0 0.9144 1 0.3380 0
T 24638 84.0 0.9145 1 0.3702 0
T 24645 84.0 0.9145 1 0.3702 0
T 24652 84.0 0.9145 1 0.3702 0
T 24660 84.0 0.9146 1 0.3084 0
T 24668 84.0 0.9146 1 0.3084 0
T 24675 84.0 0.9146 1 0.3084 0
T 24682 84.0 0.9146 1 0.3392 0
T 24690 84.0 0.9146 1 0.3392 0
T 24698 84.0 0.9146 1 0.3392 0
T 24705 84.0 0.9146 1 0.3714 0
T 24712 84.0 0.9146 1 0.3714 0
T 24720 84.0 0.9146 1 0.3714 0
T 24728 84.0 0.9145 1 0.4036 0
T 24735 84.0 0.9145 1 0.4036 0
T 24742 84.0 0.9145 1 0.4036 0
T 24750 84.0 0.9144 1 0.4344 0
T 24758 84.0 0.9144 1 0.4344 0
T 24765 84.0 0.9144 1 0.4344 0
T 24772 84.0 0.9144 1 0.4652 0
T 24780 84.0 0.9144 1 0.4652 0
T 24788 84.0 0.9144 1 0.4652 0
T 24795 84.0 0.9143 1 0.4974 0
T 24802 84.0 0.9143 1 0.4974 0
T 24810 84.0 0.9143 1 0.4974 0
T 24818 84.0 0.9144 1 0.5295 0
T 24825 84.0 0.9144 1 0.5295 0
T 24832 84.0 0.9144 1 0.5295 0
T 24840 84.0 0.9146 1 0.5603 0
T 24848 84.0 0.9146 1 0.5603 0
T 24855 84.0 0.9146 1 0.5603 0
T 24862 84.0 0.9149 1 0.5911 0
T 24870 84.0 0.9149 1 0.5911 0
T 24878 84.0 0.9149 1 0.5911 0
T 24885 84.0 0.9150 1 0.7233 0
T 24892 84.0 0.9150 1 0.7233 0
T 24900 84.0 0.9150 1 0.7233 0
T 24908 84.0 0.9152 1 0.7555 0
T 24915 84.0 0.9152 1 0.7555 0
T 24922 84.0 0.9152 1 0.7555 0
T 24930 84.0 0.9153 1 0.7864 0
T 24938 84.0 0.9153 1 0.7864 0
T 24945 84.0 0.9153 1 0.7864 0
T 24952 84.0 0.9153 1 0.8172 0
T 24960 84.0 0.9153 1 0.8172 0
T 24968 84.0 0.9153 1 0.8172 0
T 24975 84.0 0.9151 1 0.8494 0
T 24982 84.0 0.9151 1 0.8494 0
T 24990 84.0 0.9151 1 0.8494 0
T 24998 84.0 0.9150 1 0.8816 0
T 25005 84.0 0.9150 1 0.8816 0
T 25012 84.0 0.9150 1 0.8816 0
T 25020 84.0 0.9149 1 0.9124 0
T 25028 84.0 0.9149 1 0.9124 0
T 25035 84.0 0.9149 1 0.9124 0
T 25042 84.0 0.9148 1 0.9432 0
T 25050 84.0 0.9148 1 0.9432 0
T 25058 84.0 0.9148 1 0.9432 0
T 25065 84.0 0.9147 1 0.9754 0
T 25072 84.0 0.9147 1 0.9754 0
T 25080 84.0 0.9147 1 0.9754 0
T 25088 84.0 0.9147 1 0.0076 1
T 25095 84.0 0.9147 1 0.0076 0
T 25102 84.0 0.9147 1 0.0076 0
T 25110 84.0 0.9142 1 0.0384 0
T 25118 84.0 0.9142 1 0.0384 0
T 25125 84.0 0.9142 1 0.0384 0
T 25132 84.0 0.9137 1 0.0596 0
T 25140 84.0 0.9137 1 0.0596 0
T 25148 84.0 0.9137 1 0.0596 0
T 25155 84.0 0.9132 1 0.0918 0
T 25162 84.0 0.9132 1 0.0918 0
T 25170 84.0 0.9132 1 0.0918 0
T 25178 84.0 0.9128 1 0.1240 0
T 25185 84.0 0.9128 1 0.1240 0
T 25192 84.0 0.9128 1 0.1240 0
T 25200 84.0 0.9126 1 0.1548 0
T 25208 84.0 0.9126 1 0.1548 0
T 25215 84.0 0.9126 1 0.1548 0
T 25222 84.0 0.9124 1 0.1856 0
T 25230 84.0 0.9124 1 0.1856 0
T 25238 84.0 0.9124 1 0.1856 0
T 25245 84.0 0.9121 1 0.2178 0
T 25252 84.0 0.9121 1 0.2178 0
T 25260 84.0 0.9121 1 0.2178 0
T 25268 84.0 0.9119 1 0.2500 0
T 25275 84.0 0.9119 1 0.2500 0
T 25282 84.0 0.9119 1 0.2500 0
T 25290 84.0 0.9117 1 0.2808 0
T 25298 84.0 0.9117 1 0.2808 0
T 25305 84.0 0.9117 1 0.2808 0
T 25312 84.0 0.9113 1 0.3116 0
T 25320 84.0 0.9113 1 0.3116 0
T 25328 84.0 0.9113 1 0.3116 0
T 25335 84.0 0.9113 1 0.3438 0
T 25342 84.0 0.9113 1 0.3438 0
T 25350 84.0 0.9113 1 0.3438 0
T 25358 84.0 0.9114 1 0.2901 0
T 25365 84.0 0.9114 1 0.2901 0
T 25372 84.0 0.9114 1 0.2901 0
T 25380 84.0 0.9115 1 0.3209 0
T 25388 84.0 0.9115 1 0.3209 0
T 25395 84.0 0.9115 1 0.3209 0
T 25402 84.0 0.9115 1 0.3517 0
T 25410 84.0 0.9115 1 0.3517 0
T 25418 84.0 0.9115 1 0.3517 0
T 25425 84.0 0.9114 1 0.3838 0
T 25432 84.0 0.9114 1 0.3838 0
T 25440 84.0 0.9114 1 0.3838 0
T 25448 84.0 0.9111 1 0.4160 0
T 25455 84.0 0.9111 1 0.4160 0
T 25462 84.0 0.9111 1 0.4160 0
T 25470 84.0 0.9108 1 0.4468 0
T 25478 84.0 0.9108 1 0.4468 0
T 25485 84.0 0.9108 1 0.4468 0
T 25492 84.0 0.9106 1 0.4776 0
T 25500 84.0 0.9106 1 0.4776 0
T 25508 84.0 0.9106 1 0.4776 0
T 25515 84.0 0.9104 1 0.5098 0
T 25522 84.0 0.9104 1 0.5098 0
T 25530 84.0 0.9104 1 0.5098 0
T 25538 84.0 0.9101 1 0.5420 0
T 25545 84.0 0.9101 1 0.5420 0
T 25552 84.0 0.9101 1 0.5420 0
T 25560 84.0 0.9099 1 0.5728 0
T 25568 84.0 0.9099 1 0.5728 0
T 25575 84.0 0.9099 1 0.5728 0
T 25582 84.0 0.9096 1 0.6036 0
T 25590 84.0 0.9096 1 0.6036 0
T 25598 84.0 0.9096 1 0.6036 0
T 25605 84.0 0.9093 1 0.7349 0
T 25612 84.0 0.9093 1 0.7349 0
T 25620 84.0 0.9093 1 0.7349 0
T 25628 84.0 0.9091 1 0.7671 0
T 25635 84.0 0.9091 1 0.7671 0
T 25642 84.0 0.9091 1 0.7671 0
T 25650 84.0 0.9089 1 0.7979 0
T 25658 84.0 0.9089 1 0.7979 0
T 25665 84.0 0.9089 1 0.7979 0
T 25672 84.0 0.9087 1 0.8287 0
T 25680 84.0 0.9087 1 0.8287 0
T 25688 84.0 0.9087 1 0.8287 0
T 25695 84.0 0.9085 1 0.8609 0
T 25702 84.0 0.9085 1 0.8609 0
T 25710 84.0 0.9085 1 0.8609 0
T 25718 84.0 0.9083 1 0.8931 0
T 25725 84.0 0.9083 1 0.8931 0
T 25732 84.0 0.9083 1 0.8931 0
T 25740 84.0 0.9082 1 0.9239 0
T 25748 84.0 0.9082 1 0.9239 0
T 25755 84.0 0.9082 1 0.9239 0
T 25762 84.0 0.9081 1 0.9548 0
T 25770 84.0 0.9081 1 0.9548 0
T 25778 84.0 0.9081 1 0.9548 0
T 25785 84.0 0.9079 1 0.9870 0
T 25792 84.0 0.9079 1 0.9870 0
T 25800 84.0 0.9079 1 0.9870 0
T 25808 84.0 0.9073 1 0.0192 1
T 25815 84.0 0.9073 1 0.0192 0
T 25822 84.0 0.9073 1 0.0192 0
T 25830 84.0 0.9069 1 0.0452 0
T 25838 84.0 0.9069 1 0.0452 0
T 25845 84.0 0.9069 1 0.0452 0
T 25852 84.0 0.9066 1 0.0760 0
T 25860 84.0 0.9066 1 0.0760 0
T 25868 84.0 0.9066 1 0.0760 0
T 25875 84.0 0.9063 1 0.1082 0
T 25882 84.0 0.9063 1 0.1082 0
T 25890 84.0 0.9063 1 0.1082 0
T 25898 84.0 0.9061 1 0.1404 0
T 25905 84.0 0.9061 1 0.1404 0
T 25912 84.0 0.9061 1 0.1404 0
T 25920 84.0 0.9059 1 0.1712 0
T 25928 84.0 0.9059 1 0.1712 0
T 25935 84.0 0.9059 1 0.1712 0
T 25942 84.0 0.9058 1 0.2020 0
T 25950 84.0 0.9058 1 0.2020 0
T 25958 84.0 0.9058 1 0.2020 0
T 25965 84.0 0.9057 1 0.2342 0
T 25972 84.0 0.9057 1 0.2342 0
T 25980 84.0 0.9057 1 0.2342 0
T 25988 84.0 0.9056 1 0.2664 0
T 25995 84.0 0.9056 1 0.2664 0
T 26002 84.0 0.9056 1 0.2664 0
T 26010 84.0 0.9055 1 0.2972 0
T 26018 84.0 0.9055 1 0.2972 0
T 26025 84.0 0.9055 1 0.2972 0
T 26032 84.0 0.9054 1 0.3280 0
T 26040 84.0 0.9054 1 0.3280 0
T 26048 84.0 0.9054 1 0.3280 0
T 26055 84.0 0.9053 1 0.3602 0
T 26062 84.0 0.9053 1 0.3602 0
T 26070 84.0 0.9053 1 0.3602 0
T 26078 84.0 0.9052 1 0.3024 0
T 26085 84.0 0.9052 1 0.3024 0
T 26092 84.0 0.9052 1 0.3024 0
T 26100 84.0 0.9051 1 0.3331 0
T 26108 84.0 0.9051 1 0.3331 0
T 26115 84.0 0.9051 1 0.3331 0
T 26122 84.0 0.9050 1 0.3639 0
T 26130 84.0 0.9050 1 0.3639 0
T 26138 84.0 0.9050 1 0.3639 0
T 26145 84.0 0.9050 1 0.3961 0
T 26152 84.0 0.9050 1 0.3961 0
T 26160 84.0 0.9050 1 0.3961 0
T 26168 84.0 0.9049 1 0.4283 0
T 26175 84.0 0.9049 1 0.4283 0
T 26182 84.0 0.9049 1 0.4283 0
T 26190 84.0 0.9049 1 0.4591 0
T 26198 84.0 0.9049 1 0.4591 0
T 26205 84.0 0.9049 1 0.4591 0
T 26212 84.0 0.9049 1 0.4899 0
T 26220 84.0 0.9049 1 0.4899 0
T 26228 84.0 0.9049 1 0.4899 0
T 26235 84.0 0.9049 1 0.5221 0
T 26242 84.0 0.9049 1 0.5221 0
T 26250 84.0 0.9049 1 0.5221 0
T 26258 84.0 0.9050 1 0.5543 0
T 26265 84.0 0.9050 1 0.5543 0
T 26272 84.0 0.9050 1 0.5543 0
T 26280 84.0 0.9048 1 0.5850 0
T 26288 84.0 0.9048 1 0.5850 0
T 26295 84.0 0.9048 1 0.5850 0
T 26302 84.0 0.9048 1 0.7158 0
T 26310 84.0 0.9048 1 0.7158 0
T 26318 84.0 0.9048 1 0.7158 0
T 26325 84.0 0.9049 1 0.7481 0
T 26332 84.0 0.9049 1 0.7481 0
T 26340 84.0 0.9049 1 0.7481 0
T 26348 84.0 0.9049 1 0.7803 0
T 26355 84.0 0.9049 1 0.7803 0
T 26362 84.0 0.9049 1 0.7803 0
T 26370 84.0 0.9050 1 0.8111 0
T 26378 84.0 0.9050 1 0.8111 0
T 26385 84.0 0.9050 1 0.8111 0
T 26392 84.0 0.9049 1 0.8419 0
T 26400 84.0 0.9049 1 0.8419 0
T 26408 84.0 0.9049 1 0.8419 0
T 26415 84.0 0.9048 1 0.8741 0
T 26422 84.0 0.9048 1 0.8741 0
T 26430 84.0 0.9048 1 0.8741 0
T 26438 84.0 0.9047 1 0.9063 0
T 26445 84.0 0.9047 1 0.9063 0
T 26452 84.0 0.9047 1 0.9063 0
T 26460 84.0 0.9046 1 0.9371 0
T 26468 84.0 0.9046 1 0.9371 0
T 26475 84.0 0.9046 1 0.9371 0
T 26482 84.0 0.9046 1 0.9679 0
T 26490 84.0 0.9046 1 0.9679 0
T 26498 84.0 0.9046 1 0.9679 0
T 26505 84.0 0.9046 1 0.0001 1
T 26512 84.0 0.9046 1 0.0001 0
T 26520 84.0 0.9046 1 0.0001 0
T 26528 84.0 0.9046 1 0.0324 0
T 26535 84.0 0.9046 1 0.0324 0
T 26542 84.0 0.9046 1 0.0324 0
T 26550 84.0 0.9043 1 0.0551 0
T 26558 84.0 0.9043 1 0.0551 0
T 26565 84.0 0.9043 1 0.0551 0
T 26572 84.0 0.9040 1 0.0859 0
T 26580 84.0 0.9040 1 0.0859 0
T 26588 84.0 0.9040 1 0.0859 0
T 26595 84.0 0.9038 1 0.1181 0
T 26602 84.0 0.9038 1 0.1181 0
T 26610 84.0 0.9038 1 0.1181 0
T 26618 84.0 0.9035 1 0.1503 0
T 26625 84.0 0.9035 1 0.1503 0
T 26632 84.0 0.9035 1 0.1503 0
T 26640 84.0 0.9032 1 0.1811 0
T 26648 84.0 0.9032 1 0.1811 0
T 26655 84.0 0.9032 1 0.1811 0
T 26662 84.0 0.9030 1 0.2119 0
T 26670 84.0 0.9030 1 0.2119 0
T 26678 84.0 0.9030 1 0.2119 0
T 26685 84.0 0.9027 1 0.2441 0
T 26692 84.0 0.9027 1 0.2441 0
T 26700 84.0 0.9027 1 0.2441 0
T 26708 84.0 0.9025 1 0.2763 0
T 26715 84.0 0.9025 1 0.2763 0
T 26722 84.0 0.9025 1 0.2763 0
T 26730 84.0 0.9024 1 0.3071 0
T 26738 84.0 0.9024 1 0.3071 0
T 26745 84.0 0.9024 1 0.3071 0
T 26752 84.0 0.9023 1 0.3379 0
T 26760 84.0 0.9023 1 0.3379 0
T 26768 84.0 0.9023 1 0.3379 0
T 26775 84.0 0.9025 1 0.3701 0
T 26782 84.0 0.9025 1 0.3701 0
T 26790 84.0 0.9025 1 0.3701 0
T 26798 84.0 0.9028 1 0.3098 0
T 26805 84.0 0.9028 1 0.3098 0
T 26812 84.0 0.9028 1 0.3098 0
T 26820 84.0 0.9031 1 0.3406 0
T 26828 84.0 0.9031 1 0.3406 0
T 26835 84.0 0.9031 1 0.3406 0
T 26842 84.0 0.9033 1 0.3713 0
T 26850 84.0 0.9033 1 0.3713 0
T 26858 84.0 0.9033 1 0.3713 0
T 26865 84.0 0.9038 1 0.4035 0
T 26872 84.0 0.9038 1 0.4035 0
T 26880 84.0 0.9038 1 0.4035 0
T 26888 84.0 0.9041 1 0.4357 0
T 26895 84.0 0.9041 1 0.4357 0
T 26902 84.0 0.9041 1 0.4357 0
T 26910 84.0 0.9044 1 0.4665 0
T 26918 84.0 0.9044 1 0.4665 0
T 26925 84.0 0.9044 1 0.4665 0
T 26932 84.0 0.9046 1 0.4973 0
T 26940 84.0 0.9046 1 0.4973 0
T 26948 84.0 0.9046 1 0.4973 0
T 26955 84.0 0.9048 1 0.5295 0
T 26962 84.0 0.9048 1 0.5295 0
T 26970 84.0 0.9048 1 0.5295 0
T 26978 84.0 0.9050 1 0.5617 0
T 26985 84.0 0.9050 1 0.5617 0
T 26992 84.0 0.9050 1 0.5617 0
T 27000 84.0 0.9052 1 0.5924 0
T 27008 84.0 0.9052 1 0.5924 0
T 27015 84.0 0.9052 1 0.5924 0
T 27022 84.0 0.9052 1 0.6232 0
T 27030 84.0 0.9052 1 0.6232 0
T 27038 84.0 0.9052 1 0.6232 0
T 27045 84.0 0.9052 1 0.7496 0
T 27052 84.0 0.9052 1 0.7496 0
T 27060 84.0 0.9052 1 0.7496 0
T 27068 84.0 0.9051 1 0.7818 0
T 27075 84.0 0.9051 1 0.7818 0
T 27082 84.0 0.9051 1 0.7818 0
T 27090 84.0 0.9049 1 0.8127 0
T 27098 84.0 0.9049 1 0.8127 0
T 27105 84.0 0.9049 1 0.8127 0
T 27112 84.0 0.9044 1 0.8435 0
T 27120 84.0 0.9044 1 0.8435 0
T 27128 84.0 0.9044 1 0.8435 0
T 27135 84.0 0.9041 1 0.8757 0
T 27142 84.0 0.9041 1 0.8757 0
T 27150 84.0 0.9041 1 0.8757 0
T 27158 84.0 0.9037 1 0.9079 0
T 27165 84.0 0.9037 1 0.9079 0
T 27172 84.0 0.9037 1 0.9079 0
T 27180 84.0 0.9034 1 0.9387 0
T 27188 84.0 0.9034 1 0.9387 0
T 27195 84.0 0.9034 1 0.9387 0
T 27202 84.0 0.9031 1 0.9695 0
T 27210 84.0 0.9031 1 0.9695 0
T 27218 84.0 0.9031 1 0.9695 0
T 27225 84.0 0.9029 1 0.0017 1
T 27232 84.0 0.9029 1 0.0017 0
T 27240 84.0 0.9029 1 0.0017 0
T 27248 84.0 0.9030 1 0.0335 0
T 27255 84.0 0.9030 1 0.0335 0
T 27262 84.0 0.9030 1 0.0335 0
T 27270 84.0 0.9030 1 0.0643 0
T 27278 84.0 0.9030 1 0.0643 0
T 27285 84.0 0.9030 1 0.0643 0
T 27292 84.0 0.9031 1 0.0951 0
T 27300 84.0 0.9031 1 0.0951 0
T 27308 84.0 0.9031 1 0.0951 0
T 27315 84.0 0.9032 1 0.1273 0
T 27322 84.0 0.9032 1 0.1273 0
T 27330 84.0 0.9032 1 0.1273 0
T 27338 84.0 0.9033 1 0.1595 0
T 27345 84.0 0.9033 1 0.1595 0
T 27352 84.0 0.9033 1 0.1595 0
T 27360 84.0 0.9033 1 0.1903 0
T 27368 84.0 0.9033 1 0.1903 0
T 27375 84.0 0.9033 1 0.1903 0
T 27382 84.0 0.9032 1 0.2211 0
T 27390 84.0 0.9032 1 0.2211 0
T 27398 84.0 0.9032 1 0.2211 0
T 27405 84.0 0.9031 1 0.2533 0
T 27412 84.0 0.9031 1 0.2533 0
T 27420 84.0 0.9031 1 0.2533 0
T 27428 84.0 0.9030 1 0.2855 0
T 27435 84.0 0.9030 1 0.2855 0
T 27442 84.0 0.9030 1 0.2855 0
T 27450 84.0 0.9030 1 0.3163 0
T 27458 84.0 0.9030 1 0.3163 0
T 27465 84.0 0.9030 1 0.3163 0
T 27472 84.0 0.9030 1 0.3471 0
T 27480 84.0 0.9030 1 0.3471 0
T 27488 84.0 0.9030 1 0.3471 0
T 27495 84.0 0.9030 1 0.3793 0
T 27502 84.0 0.9030 1 0.3793 0
T 27510 84.0 0.9030 1 0.3793 0
T 27518 84.0 0.9031 1 0.4115 0
T 27525 84.0 0.9031 1 0.4115 0
T 27532 84.0 0.9031 1 0.4115 0
T 27540 84.0 0.9032 1 0.4423 0
T 27548 84.0 0.9032 1 0.4423 0
T 27555 84.0 0.9032 1 0.4423 0
T 27562 84.0 0.9032 1 0.4731 0
T 27570 84.0 0.9032 1 0.4731 0
T 27578 84.0 0.9032 1 0.4731 0
T 27585 84.0 0.9033 1 0.5053 0
T 27592 84.0 0.9033 1 0.5053 0
T 27600 84.0 0.9033 1 0.5053 0
T 27608 84.0 0.9034 1 0.5375 0
T 27615 84.0 0.9034 1 0.5375 0
T 27622 84.0 0.9034 1 0.5375 0
T 27630 84.0 0.9034 1 0.5683 0
T 27638 84.0 0.9034 1 0.5683 0
T 27645 84.0 0.9034 1 0.5683 0
T 27652 84.0 0.9034 1 0.5991 0
T 27660 84.0 0.9034 1 0.5991 0
T 27668 84.0 0.9034 1 0.5991 0
T 27675 84.0 0.9034 1 0.6313 0
T 27682 84.0 0.9034 1 0.6313 0
T 27690 84.0 0.9034 1 0.6313 0
T 27698 84.0 0.9036 1 0.6635 0
T 27705 84.0 0.9036 1 0.6635 0
T 27712 84.0 0.9036 1 0.6635 0
T 27720 84.0 0.9041 1 0.6943 0
T 27728 84.0 0.9041 1 0.6943 0
T 27735 84.0 0.9041 1 0.6943 0
T 27742 84.0 0.9044 1 0.8016 0
T 27750 84.0 0.9044 1 0.8016 0
T 27758 84.0 0.9044 1 0.8016 0
T 27765 84.0 0.9047 1 0.8338 0
T 27772 84.0 0.9047 1 0.8338 0
T 27780 84.0 0.9047 1 0.8338 0
T 27788 84.0 0.9050 1 0.8660 0
T 27795 84.0 0.9050 1 0.8660 0
T 27802 84.0 0.9050 1 0.8660 0
T 27810 84.0 0.9050 1 0.8968 0
T 27818 84.0 0.9050 1 0.8968 0
T 27825 84.0 0.9050 1 0.8968 0
T 27832 84.0 0.9051 1 0.9276 0
T 27840 84.0 0.9051 1 0.9276 0
T 27848 84.0 0.9051 1 0.9276 0
T 27855 84.0 0.9053 1 0.9598 0
T 27862 84.0 0.9053 1 0.9598 0
T 27870 84.0 0.9053 1 0.9598 0
T 27878 84.0 0.9053 1 0.9920 0
T 27885 84.0 0.9053 1 0.9920 0
T 27892 84.0 0.9053 1 0.9920 0
T 27900 84.0 0.9054 1 0.0228 1
T 27908 84.0 0.9054 1 0.0228 0
T 27915 84.0 0.9054 1 0.0228 0
T 27922 84.0 0.9056 1 0.0537 0
T 27930 84.0 0.9056 1 0.0537 0
T 27938 84.0 0.9056 1 0.0537 0
T 27945 84.0 0.9058 1 0.0859 0
T 27952 84.0 0.9058 1 0.0859 0
T 27960 84.0 0.9058 1 0.0859 0
T 27968 84.0 0.9063 1 0.1181 0
T 27975 84.0 0.9063 1 0.1181 0
T 27982 84.0 0.9063 1 0.1181 0
T 27990 84.0 0.9067 1 0.1194 0
T 27998 84.0 0.9067 1 0.1194 0
T 28005 84.0 0.9067 1 0.1194 0
T 28012 84.0 0.9071 1 0.1502 0
T 28020 84.0 0.9071 1 0.1502 0
T 28028 84.0 0.9071 1 0.1502 0
T 28035 84.0 0.9074 1 0.1824 0
T 28042 84.0 0.9074 1 0.1824 0
T 28050 84.0 0.9074 1 0.1824 0
T 28058 84.0 0.9077 1 0.2146 0
T 28065 84.0 0.9077 1 0.2146 0
T 28072 84.0 0.9077 1 0.2146 0
T 28080 84.0 0.9078 1 0.2454 0
T 28088 84.0 0.9078 1 0.2454 0
T 28095 84.0 0.9078 1 0.2454 0
T 28102 84.0 0.9079 1 0.2762 0
T 28110 84.0 0.9079 1 0.2762 0
T 28118 84.0 0.9079 1 0.2762 0
T 28125 84.0 0.9078 1 0.3084 0
T 28132 84.0 0.9078 1 0.3084 0
T 28140 84.0 0.9078 1 0.3084 0
T 28148 84.0 0.9078 1 0.3406 0
T 28155 84.0 0.9078 1 0.3406 0
T 28162 84.0 0.9078 1 0.3406 0
T 28170 84.0 0.9076 1 0.3714 0
T 28178 84.0 0.9076 1 0.3714 0
T 28185 84.0 0.9076 1 0.3714 0
T 28192 84.0 0.9071 1 0.4022 0
T 28200 84.0 0.9071 1 0.4022 0
T 28208 84.0 0.9071 1 0.4022 0
T 28215 84.0 0.9066 1 0.3344 0
T 28222 84.0 0.9066 1 0.3344 0
T 28230 84.0 0.9066 1 0.3344 0
T 28238 84.0 0.9062 1 0.3665 0
T 28245 84.0 0.9062 1 0.3665 0
T 28252 84.0 0.9062 1 0.3665 0
T 28260 84.0 0.9058 1 0.3973 0
T 28268 84.0 0.9058 1 0.3973 0
T 28275 84.0 0.9058 1 0.3973 0
T 28282 84.0 0.9053 1 0.4281 0
T 28290 84.0 0.9053 1 0.4281 0
T 28298 84.0 0.9053 1 0.4281 0
T 28305 84.0 0.9048 1 0.4603 0
T 28312 84.0 0.9048 1 0.4603 0
T 28320 84.0 0.9048 1 0.4603 0
T 28328 84.0 0.9043 1 0.4925 0
T 28335 84.0 0.9043 1 0.4925 0
T 28342 84.0 0.9043 1 0.4925 0
T 28350 84.0 0.9039 1 0.5232 0
T 28358 84.0 0.9039 1 0.5232 0
T 28365 84.0 0.9039 1 0.5232 0
T 28372 84.0 0.9036 1 0.5540 0
T 28380 84.0 0.9036 1 0.5540 0
T 28388 84.0 0.9036 1 0.5540 0
T 28395 84.0 0.9034 1 0.5862 0
T 28402 84.0 0.9034 1 0.5862 0
T 28410 84.0 0.9034 1 0.5862 0
T 28418 84.0 0.9033 1 0.6184 0
T 28425 84.0 0.9033 1 0.6184 0
T 28432 84.0 0.9033 1 0.6184 0
T 28440 84.0 0.9035 1 0.6492 0
T 28448 84.0 0.9035 1 0.6492 0
T 28455 84.0 0.9035 1 0.6492 0
T 28462 84.0 0.9036 1 0.7677 0
T 28470 84.0 0.9036 1 0.7677 0
T 28478 84.0 0.9036 1 0.7677 0
T 28485 84.0 0.9037 1 0.7999 0
T 28492 84.0 0.9037 1 0.7999 0
T 28500 84.0 0.9037 1 0.7999 0
T 28508 84.0 0.9037 1 0.8321 0
T 28515 84.0 0.9037 1 0.8321 0
T 28522 84.0 0.9037 1 0.8321 0
T 28530 84.0 0.9039 1 0.8629 0
T 28538 84.0 0.9039 1 0.8629 0
T 28545 84.0 0.9039 1 0.8629 0
T 28552 84.0 0.9041 1 0.8937 0
T 28560 84.0 0.9041 1 0.8937 0
T 28568 84.0 0.9041 1 0.8937 0
T 28575 84.0 0.9042 1 0.9259 0
T 28582 84.0 0.9042 1 0.9259 0
T 28590 84.0 0.9042 1 0.9259 0
T 28598 84.0 0.9042 1 0.9582 0
T 28605 84.0 0.9042 1 0.9582 0
T 28612 84.0 0.9042 1 0.9582 0
T 28620 84.0 0.9043 1 0.9890 0
T 28628 84.0 0.9043 1 0.9890 0
T 28635 84.0 0.9043 1 0.9890 0
T 28642 84.0 0.9043 1 0.0198 1
T 28650 84.0 0.9043 1 0.0198 0
T 28658 84.0 0.9043 1 0.0198 0
T 28665 84.0 0.9043 1 0.0520 0
T 28672 84.0 0.9043 1 0.0520 0
T 28680 84.0 0.9043 1 0.0520 0
T 28688 84.0 0.9047 1 0.0842 0
T 28695 84.0 0.9047 1 0.0842 0
T 28702 84.0 0.9047 1 0.0842 0
T 28710 84.0 0.9051 1 0.0939 0
T 28718 84.0 0.9051 1 0.0939 0
T 28725 84.0 0.9051 1 0.0939 0
T 28732 84.0 0.9054 1 0.1247 0
T 28740 84.0 0.9054 1 0.1247 0
T 28748 84.0 0.9054 1 0.1247 0
T 28755 84.0 0.9057 1 0.1569 0
T 28762 84.0 0.9057 1 0.1569 0
T 28770 84.0 0.9057 1 0.1569 0
T 28778 84.0 0.9055 1 0.1891 0
T 28785 84.0 0.9055 1 0.1891 0
T 28792 84.0 0.9055 1 0.1891 0
T 28800 84.0 0.9054 1 0.2199 0
T 28808 84.0 0.9054 1 0.2199 0
T 28815 84.0 0.9054 1 0.2199 0
T 28822 84.0 0.9052 1 0.2507 0
T 28830 84.0 0.9052 1 0.2507 0
T 28838 84.0 0.9052 1 0.2507 0
T 28845 84.0 0.9051 1 0.2829 0
T 28852 84.0 0.9051 1 0.2829 0
T 28860 84.0 0.9051 1 0.2829 0
T 28868 84.0 0.9049 1 0.3151 0
T 28875 84.0 0.9049 1 0.3151 0
T 28882 84.0 0.9049 1 0.3151 0
T 28890 84.0 0.9047 1 0.3459 0
T 28898 84.0 0.9047 1 0.3459 0
T 28905 84.0 0.9047 1 0.3459 0
T 28912 84.0 0.9045 1 0.3767 0
T 28920 84.0 0.9045 1 0.3767 0
T 28928 84.0 0.9045 1 0.3767 0
T 28935 84.0 0.9042 1 0.3147 0
T 28942 84.0 0.9042 1 0.3147 0
T 28950 84.0 0.9042 1 0.3147 0
T 28958 84.0 0.9040 1 0.3469 0
T 28965 84.0 0.9040 1 0.3469 0
T 28972 84.0 0.9040 1 0.3469 0
T 28980 84.0 0.9038 1 0.3777 0
T 28988 84.0 0.9038 1 0.3777 0
T 28995 84.0 0.9038 1 0.3777 0
T 29002 84.0 0.9039 1 0.4085 0
T 29010 84.0 0.9039 1 0.4085 0
T 29018 84.0 0.9039 1 0.4085 0
T 29025 84.0 0.9041 1 0.4407 0
T 29032 84.0 0.9041 1 0.4407 0
T 29040 84.0 0.9041 1 0.4407 0
T 29048 84.0 0.9043 1 0.4729 0
T 29055 84.0 0.9043 1 0.4729 0
T 29062 84.0 0.9043 1 0.4729 0
T 29070 84.0 0.9044 1 0.5036 0
T 29078 84.0 0.9044 1 0.5036 0
T 29085 84.0 0.9044 1 0.5036 0
T 29092 84.0 0.9045 1 0.5344 0
T 29100 84.0 0.9045 1 0.5344 0
T 29108 84.0 0.9045 1 0.5344 0
T 29115 84.0 0.9045 1 0.5666 0
T 29122 84.0 0.9045 1 0.5666 0
T 29130 84.0 0.9045 1 0.5666 0
T 29138 84.0 0.9044 1 0.5988 0
T 29145 84.0 0.9044 1 0.5988 0
T 29152 84.0 0.9044 1 0.5988 0
T 29160 84.0 0.9043 1 0.7296 0
T 29168 84.0 0.9043 1 0.7296 0
T 29175 84.0 0.9043 1 0.7296 0
T 29182 84.0 0.9043 1 0.7604 0
T 29190 84.0 0.9043 1 0.7604 0
T 29198 84.0 0.9043 1 0.7604 0
T 29205 84.0 0.9043 1 0.7926 0
T 29212 84.0 0.9043 1 0.7926 0
T 29220 84.0 0.9043 1 0.7926 0
T 29228 84.0 0.9044 1 0.8248 0
T 29235 84.0 0.9044 1 0.8248 0
T 29242 84.0 0.9044 1 0.8248 0
T 29250 84.0 0.9042 1 0.8557 0
T 29258 84.0 0.9042 1 0.8557 0
T 29265 84.0 0.9042 1 0.8557 0
T 29272 84.0 0.9041 1 0.8865 0
T 29280 84.0 0.9041 1 0.8865 0
T 29288 84.0 0.9041 1 0.8865 0
T 29295 84.0 0.9040 1 0.9187 0
T 29302 84.0 0.9040 1 0.9187 0
T 29310 84.0 0.9040 1 0.9187 0
T 29318 84.0 0.9039 1 0.9509 0
T 29325 84.0 0.9039 1 0.9509 0
T 29332 84.0 0.9039 1 0.9509 0
T 29340 84.0 0.9037 1 0.9817 0
T 29348 84.0 0.9037 1 0.9817 0
T 29355 84.0 0.9037 1 0.9817 0
T 29362 84.0 0.9037 1 0.0125 1
T 29370 84.0 0.9037 1 0.0125 0
T 29378 84.0 0.9037 1 0.0125 0
T 29385 84.0 0.9042 1 0.0447 0
T 29392 84.0 0.9042 1 0.0447 0
T 29400 84.0 0.9042 1 0.0447 0
T 29408 84.0 0.9047 1 0.0657 0
T 29415 84.0 0.9047 1 0.0657 0
T 29422 84.0 0.9047 1 0.0657 0
T 29430 84.0 0.9051 1 0.0965 0
T 29438 84.0 0.9051 1 0.0965 0
T 29445 84.0 0.9051 1 0.0965 0
T 29452 84.0 0.9053 1 0.1273 0
T 29460 84.0 0.9053 1 0.1273 0
T 29468 84.0 0.9053 1 0.1273 0
T 29475 84.0 0.9055 1 0.1595 0
T 29482 84.0 0.9055 1 0.1595 0
T 29490 84.0 0.9055 1 0.1595 0
T 29498 84.0 0.9057 1 0.1917 0
T 29505 84.0 0.9057 1 0.1917 0
T 29512 84.0 0.9057 1 0.1917 0
T 29520 84.0 0.9057 1 0.2225 0
T 29528 84.0 0.9057 1 0.2225 0
T 29535 84.0 0.9057 1 0.2225 0
T 29542 84.0 0.9057 1 0.2533 0
T 29550 84.0 0.9057 1 0.2533 0
T 29558 84.0 0.9057 1 0.2533 0
T 29565 84.0 0.9058 1 0.2855 0
T 29572 84.0 0.9058 1 0.2855 0
T 29580 84.0 0.9058 1 0.2855 0
T 29588 84.0 0.9058 1 0.3177 0
T 29595 84.0 0.9058 1 0.3177 0
T 29602 84.0 0.9058 1 0.3177 0
T 29610 84.0 0.9057 1 0.3485 0
T 29618 84.0 0.9057 1 0.3485 0
T 29625 84.0 0.9057 1 0.3485 0
T 29632 84.0 0.9056 1 0.3794 0
T 29640 84.0 0.9056 1 0.3794 0
T 29648 84.0 0.9056 1 0.3794 0
T 29655 84.0 0.9056 1 0.3167 0
T 29662 84.0 0.9056 1 0.3167 0
T 29670 84.0 0.9056 1 0.3167 0
T 29678 84.0 0.9056 1 0.3489 0
T 29685 84.0 0.9056 1 0.3489 0
T 29692 84.0 0.9056 1 0.3489 0
T 29700 84.0 0.9056 1 0.3797 0
T 29708 84.0 0.9056 1 0.3797 0
T 29715 84.0 0.9056 1 0.3797 0
T 29722 84.0 0.9056 1 0.4105 0
T 29730 84.0 0.9056 1 0.4105 0
T 29738 84.0 0.9056 1 0.4105 0
T 29745 84.0 0.9055 1 0.4426 0
T 29752 84.0 0.9055 1 0.4426 0
T 29760 84.0 0.9055 1 0.4426 0
T 29768 84.0 0.9053 1 0.3748 0
T 29775 84.0 0.9053 1 0.3748 0
T 29782 84.0 0.9053 1 0.3748 0
T 29790 84.0 0.9051 1 0.4056 0
T 29798 84.0 0.9051 1 0.4056 0
T 29805 84.0 0.9051 1 0.4056 0
T 29812 84.0 0.9050 1 0.4364 0
T 29820 84.0 0.9050 1 0.4364 0
T 29828 84.0 0.9050 1 0.4364 0
T 29835 84.0 0.9049 1 0.4685 0
T 29842 84.0 0.9049 1 0.4685 0
T 29850 84.0 0.9049 1 0.4685 0
T 29858 84.0 0.9050 1 0.5007 0
T 29865 84.0 0.9050 1 0.5007 0
T 29872 84.0 0.9050 1 0.5007 0
T 29880 84.0 0.9046 1 0.5315 0
T 29888 84.0 0.9046 1 0.5315 0
T 29895 84.0 0.9046 1 0.5315 0
T 29902 84.0 0.9043 1 0.6623 0
T 29910 84.0 0.9043 1 0.6623 0
T 29918 84.0 0.9043 1 0.6623 0
T 29925 84.0 0.9039 1 0.6945 0
T 29932 84.0 0.9039 1 0.6945 0
T 29940 84.0 0.9039 1 0.6945 0
T 29948 84.0 0.9035 1 0.7267 0
T 29955 84.0 0.9035 1 0.7267 0
T 29962 84.0 0.9035 1 0.7267 0
T 29970 84.0 0.9030 1 0.7575 0
T 29978 84.0 0.9030 1 0.7575 0
T 29985 84.0 0.9030 1 0.7575 0
T 29992 84.0 0.9026 1 0.7883 0
T 30000 84.0 0.9026 1 0.7883 0
T 30008 84.0 0.9026 1 0.7883 0
T 30015 84.0 0.9021 1 0.8205 0
T 30022 84.0 0.9021 1 0.8205 0
T 30030 84.0 0.9021 1 0.8205 0
T 30038 84.0 0.9018 1 0.8527 0
T 30045 84.0 0.9018 1 0.8527 0
T 30052 84.0 0.9018 1 0.8527 0
T 30060 84.0 0.9015 1 0.8835 0
T 30068 84.0 0.9015 1 0.8835 0
T 30075 84.0 0.9015 1 0.8835 0
T 30082 84.0 0.9013 1 0.9143 0
T 30090 84.0 0.9013 1 0.9143 0
T 30098 84.0 0.9013 1 0.9143 0
T 30105 84.0 0.9015 1 0.9679 0
T 30112 84.0 0.9015 1 0.9679 0
T 30120 84.0 0.9015 1 0.9679 0
T 30128 84.0 0.9016 1 0.0001 1
T 30135 84.0 0.9016 1 0.0001 0
T 30142 84.0 0.9016 1 0.0001 0
T 30150 84.0 0.9017 1 0.0309 0
T 30158 84.0 0.9017 1 0.0309 0
T 30165 84.0 0.9017 1 0.0309 0
T 30172 84.0 0.9018 1 0.0617 0
T 30180 84.0 0.9018 1 0.0617 0
T 30188 84.0 0.9018 1 0.0617 0
T 30195 84.0 0.9018 1 0.0939 0
T 30202 84.0 0.9018 1 0.0939 0
T 30210 84.0 0.9018 1 0.0939 0
T 30218 84.0 0.9017 1 0.1262 0
T 30225 84.0 0.9017 1 0.1262 0
T 30232 84.0 0.9017 1 0.1262 0
T 30240 84.0 0.9015 1 0.1570 0
T 30248 84.0 0.9015 1 0.1570 0
T 30255 84.0 0.9015 1 0.1570 0
T 30262 84.0 0.9014 1 0.1878 0
T 30270 84.0 0.9014 1 0.1878 0
T 30278 84.0 0.9014 1 0.1878 0
T 30285 84.0 0.9013 1 0.2200 0
T 30292 84.0 0.9013 1 0.2200 0
T 30300 84.0 0.9013 1 0.2200 0
T 30308 84.0 0.9012 1 0.2522 0
T 30315 84.0 0.9012 1 0.2522 0
T 30322 84.0 0.9012 1 0.2522 0
T 30330 84.0 0.9010 1 0.2830 0
T 30338 84.0 0.9010 1 0.2830 0
T 30345 84.0 0.9010 1 0.2830 0
T 30352 84.0 0.9001 1 0.3138 0
T 30360 84.0 0.9001 1 0.3138 0
T 30368 84.0 0.9001 1 0.3138 0
T 30375 84.0 0.8994 1 0.2675 0
T 30382 84.0 0.8994 1 0.2675 0
T 30390 84.0 0.8994 1 0.2675 0
T 30398 84.0 0.8989 1 0.2997 0
T 30405 84.0 0.8989 1 0.2997 0
T 30412 84.0 0.8989 1 0.2997 0
T 30420 84.0 0.8983 1 0.3305 0
T 30428 84.0 0.8983 1 0.3305 0
T 30435 84.0 0.8983 1 0.3305 0
T 30442 84.0 0.8976 1 0.3613 0
T 30450 84.0 0.8976 1 0.3613 0
T 30458 84.0 0.8976 1 0.3613 0
T 30465 84.0 0.8970 1 0.3935 0
T 30472 84.0 0.8970 1 0.3935 0
T 30480 84.0 0.8970 1 0.3935 0
T 30488 84.0 0.8967 1 0.4257 0
T 30495 84.0 0.8967 1 0.4257 0
T 30502 84.0 0.8967 1 0.4257 0
T 30510 84.0 0.8965 1 0.4565 0
T 30518 84.0 0.8965 1 0.4565 0
T 30525 84.0 0.8965 1 0.4565 0
T 30532 84.0 0.8964 1 0.4873 0
T 30540 84.0 0.8964 1 0.4873 0
T 30548 84.0 0.8964 1 0.4873 0
T 30555 84.0 0.8962 1 0.5194 0
T 30562 84.0 0.8962 1 0.5194 0
T 30570 84.0 0.8962 1 0.5194 0
T 30578 84.0 0.8966 1 0.5516 0
T 30585 84.0 0.8966 1 0.5516 0
T 30592 84.0 0.8966 1 0.5516 0
T 30600 84.0 0.8968 1 0.6824 0
T 30608 84.0 0.8968 1 0.6824 0
T 30615 84.0 0.8968 1 0.6824 0
T 30622 84.0 0.8970 1 0.7132 0
T 30630 84.0 0.8970 1 0.7132 0
T 30638 84.0 0.8970 1 0.7132 0
T 30645 84.0 0.8971 1 0.7455 0
T 30652 84.0 0.8971 1 0.7455 0
T 30660 84.0 0.8971 1 0.7455 0
T 30668 84.0 0.8974 1 0.7777 0
T 30675 84.0 0.8974 1 0.7777 0
T 30682 84.0 0.8974 1 0.7777 0
T 30690 84.0 0.8976 1 0.8085 0
T 30698 84.0 0.8976 1 0.8085 0
T 30705 84.0 0.8976 1 0.8085 0
T 30712 84.0 0.8978 1 0.8393 0
T 30720 84.0 0.8978 1 0.8393 0
T 30728 84.0 0.8978 1 0.8393 0
T 30735 84.0 0.8979 1 0.8715 0
T 30742 84.0 0.8979 1 0.8715 0
T 30750 84.0 0.8979 1 0.8715 0
T 30758 84.0 0.8981 1 0.9037 0
T 30765 84.0 0.8981 1 0.9037 0
T 30772 84.0 0.8981 1 0.9037 0
T 30780 84.0 0.8981 1 0.9345 0
T 30788 84.0 0.8981 1 0.9345 0
T 30795 84.0 0.8981 1 0.9345 0
T 30802 84.0 0.8982 1 0.9654 0
T 30810 84.0 0.8982 1 0.9654 0
T 30818 84.0 0.8982 1 0.9654 0
T 30825 84.0 0.8981 1 0.9976 0
T 30832 84.0 0.8981 1 0.9976 0
T 30840 84.0 0.8981 1 0.9976 0
T 30848 84.0 0.8981 1 0.0304 1
T 30855 84.0 0.8981 1 0.0304 0
T 30862 84.0 0.8981 1 0.0304 0
T 30870 84.0 0.8979 1 0.0612 0
T 30878 84.0 0.8979 1 0.0612 0
T 30885 84.0 0.8979 1 0.0612 0
T 30892 84.0 0.8979 1 0.0920 0
T 30900 84.0 0.8979 1 0.0920 0
T 30908 84.0 0.8979 1 0.0920 0
T 30915 84.0 0.8974 1 0.1242 0
T 30922 84.0 0.8974 1 0.1242 0
T 30930 84.0 0.8974 1 0.1242 0
T 30938 84.0 0.8970 1 0.1564 0
T 30945 84.0 0.8970 1 0.1564 0
T 30952 84.0 0.8970 1 0.1564 0
T 30960 84.0 0.8967 1 0.1872 0
T 30968 84.0 0.8967 1 0.1872 0
T 30975 84.0 0.8967 1 0.1872 0
T 30982 84.0 0.8964 1 0.2180 0
T 30990 84.0 0.8964 1 0.2180 0
T 30998 84.0 0.8964 1 0.2180 0
T 31005 84.0 0.8962 1 0.2502 0
T 31012 84.0 0.8962 1 0.2502 0
T 31020 84.0 0.8962 1 0.2502 0
T 31028 84.0 0.8960 1 0.2824 0
T 31035 84.0 0.8960 1 0.2824 0
T 31042 84.0 0.8960 1 0.2824 0
T 31050 84.0 0.8960 1 0.3132 0
T 31058 84.0 0.8960 1 0.3132 0
T 31065 84.0 0.8960 1 0.3132 0
T 31072 84.0 0.8959 1 0.2657 0
T 31080 84.0 0.8959 1 0.2657 0
T 31088 84.0 0.8959 1 0.2657 0
T 31095 84.0 0.8957 1 0.2979 0
T 31102 84.0 0.8957 1 0.2979 0
T 31110 84.0 0.8957 1 0.2979 0
T 31118 84.0 0.8954 1 0.3301 0
T 31125 84.0 0.8954 1 0.3301 0
T 31132 84.0 0.8954 1 0.3301 0
T 31140 84.0 0.8952 1 0.3609 0
T 31148 84.0 0.8952 1 0.3609 0
T 31155 84.0 0.8952 1 0.3609 0
T 31162 84.0 0.8949 1 0.3917 0
T 31170 84.0 0.8949 1 0.3917 0
T 31178 84.0 0.8949 1 0.3917 0
T 31185 84.0 0.8947 1 0.4239 0
T 31192 84.0 0.8947 1 0.4239 0
T 31200 84.0 0.8947 1 0.4239 0
T 31208 84.0 0.8946 1 0.4560 0
T 31215 84.0 0.8946 1 0.4560 0
T 31222 84.0 0.8946 1 0.4560 0
T 31230 84.0 0.8944 1 0.4868 0
T 31238 84.0 0.8944 1 0.4868 0
T 31245 84.0 0.8944 1 0.4868 0
T 31252 84.0 0.8942 1 0.5176 0
T 31260 84.0 0.8942 1 0.5176 0
T 31268 84.0 0.8942 1 0.5176 0
T 31275 84.0 0.8940 1 0.6498 0
T 31282 84.0 0.8940 1 0.6498 0
T 31290 84.0 0.8940 1 0.6498 0
T 31298 84.0 0.8939 1 0.6820 0
T 31305 84.0 0.8939 1 0.6820 0
T 31312 84.0 0.8939 1 0.6820 0
T 31320 84.0 0.8938 1 0.7129 0
T 31328 84.0 0.8938 1 0.7129 0
T 31335 84.0 0.8938 1 0.7129 0
T 31342 84.0 0.8936 1 0.8155 0
T 31350 84.0 0.8936 1 0.8155 0
T 31358 84.0 0.8936 1 0.8155 0
T 31365 84.0 0.8934 1 0.8477 0
T 31372 84.0 0.8934 1 0.8477 0
T 31380 84.0 0.8934 1 0.8477 0
T 31388 84.0 0.8931 1 0.8799 0
T 31395 84.0 0.8931 1 0.8799 0
T 31402 84.0 0.8931 1 0.8799 0
T 31410 84.0 0.8928 1 0.9107 0
T 31418 84.0 0.8928 1 0.9107 0
T 31425 84.0 0.8928 1 0.9107 0
T 31432 84.0 0.8924 1 0.9416 0
T 31440 84.0 0.8924 1 0.9416 0
T 31448 84.0 0.8924 1 0.9416 0
T 31455 84.0 0.8921 1 0.9738 0
T 31462 84.0 0.8921 1 0.9738 0
T 31470 84.0 0.8921 1 0.9738 0
T 31478 84.0 0.8918 1 0.0060 1
T 31485 84.0 0.8918 1 0.0060 0
T 31492 84.0 0.8918 1 0.0060 0
T 31500 84.0 0.8916 1 0.0368 0
T 31508 84.0 0.8916 1 0.0368 0
T 31515 84.0 0.8916 1 0.0368 0
T 31522 84.0 0.8916 1 0.0676 0
T 31530 84.0 0.8916 1 0.0676 0
T 31538 84.0 0.8916 1 0.0676 0
T 31545 84.0 0.8919 1 0.0829 0
T 31552 84.0 0.8919 1 0.0829 0
T 31560 84.0 0.8919 1 0.0829 0
T 31568 84.0 0.8921 1 0.1152 0
T 31575 84.0 0.8921 1 0.1152 0
T 31582 84.0 0.8921 1 0.1152 0
T 31590 84.0 0.8923 1 0.1460 0
T 31598 84.0 0.8923 1 0.1460 0
T 31605 84.0 0.8923 1 0.1460 0
T 31612 84.0 0.8921 1 0.1768 0
T 31620 84.0 0.8921 1 0.1768 0
T 31628 84.0 0.8921 1 0.1768 0
T 31635 84.0 0.8917 1 0.2090 0
T 31642 84.0 0.8917 1 0.2090 0
T 31650 84.0 0.8917 1 0.2090 0
T 31658 84.0 0.8913 1 0.2412 0
T 31665 84.0 0.8913 1 0.2412 0
T 31672 84.0 0.8913 1 0.2412 0
T 31680 84.0 0.8911 1 0.2720 0
T 31688 84.0 0.8911 1 0.2720 0
T 31695 84.0 0.8911 1 0.2720 0
T 31702 84.0 0.8908 1 0.3028 0
T 31710 84.0 0.8908 1 0.3028 0
T 31718 84.0 0.8908 1 0.3028 0
T 31725 84.0 0.8905 1 0.3350 0
T 31732 84.0 0.8905 1 0.3350 0
T 31740 84.0 0.8905 1 0.3350 0
T 31748 84.0 0.8903 1 0.2835 0
T 31755 84.0 0.8903 1 0.2835 0
T 31762 84.0 0.8903 1 0.2835 0
T 31770 84.0 0.8901 1 0.3142 0
T 31778 84.0 0.8901 1 0.3142 0
T 31785 84.0 0.8901 1 0.3142 0
T 31792 84.0 0.8897 1 0.2665 0
T 31800 84.0 0.8897 1 0.2665 0
T 31808 84.0 0.8897 1 0.2665 0
T 31815 84.0 0.8893 1 0.2986 0
T 31822 84.0 0.8893 1 0.2986 0
T 31830 84.0 0.8893 1 0.2986 0
T 31838 84.0 0.8890 1 0.3308 0
T 31845 84.0 0.8890 1 0.3308 0
T 31852 84.0 0.8890 1 0.3308 0
T 31860 84.0 0.8887 1 0.3616 0
T 31868 84.0 0.8887 1 0.3616 0
T 31875 84.0 0.8887 1 0.3616 0
T 31882 84.0 0.8886 1 0.3924 0
T 31890 84.0 0.8886 1 0.3924 0
T 31898 84.0 0.8886 1 0.3924 0
T 31905 84.0 0.8884 1 0.4245 0
T 31912 84.0 0.8884 1 0.4245 0
T 31920 84.0 0.8884 1 0.4245 0
T 31928 84.0 0.8882 1 0.4567 0
T 31935 84.0 0.8882 1 0.4567 0
T 31942 84.0 0.8882 1 0.4567 0
T 31950 84.0 0.8880 1 0.4875 0
T 31958 84.0 0.8880 1 0.4875 0
T 31965 84.0 0.8880 1 0.4875 0
T 31972 84.0 0.8879 1 0.5183 0
T 31980 84.0 0.8879 1 0.5183 0
T 31988 84.0 0.8879 1 0.5183 0
T 31995 84.0 0.8876 1 0.5505 0
T 32002 84.0 0.8876 1 0.5505 0
T 32010 84.0 0.8876 1 0.5505 0
T 32018 84.0 0.8874 1 0.6827 0
T 32025 84.0 0.8874 1 0.6827 0
T 32032 84.0 0.8874 1 0.6827 0
T 32040 84.0 0.8874 1 0.7135 0
T 32048 84.0 0.8874 1 0.7135 0
T 32055 84.0 0.8874 1 0.7135 0
T 32062 84.0 0.8874 1 0.7443 0
T 32070 84.0 0.8874 1 0.7443 0
T 32078 84.0 0.8874 1 0.7443 0
T 32085 84.0 0.8875 1 0.7765 0
T 32092 84.0 0.8875 1 0.7765 0
T 32100 84.0 0.8875 1 0.7765 0
T 32108 84.0 0.8873 1 0.8087 0
T 32115 84.0 0.8873 1 0.8087 0
T 32122 84.0 0.8873 1 0.8087 0
T 32130 84.0 0.8872 1 0.8395 0
T 32138 84.0 0.8872 1 0.8395 0
T 32145 84.0 0.8872 1 0.8395 0
T 32152 84.0 0.8870 1 0.8703 0
T 32160 84.0 0.8870 1 0.8703 0
T 32168 84.0 0.8870 1 0.8703 0
T 32175 84.0 0.8869 1 0.9025 0
T 32182 84.0 0.8869 1 0.9025 0
T 32190 84.0 0.8869 1 0.9025 0
T 32198 84.0 0.8868 1 0.9347 0
T 32205 84.0 0.8868 1 0.9347 0
T 32212 84.0 0.8868 1 0.9347 0
T 32220 84.0 0.8867 1 0.9656 0
T 32228 84.0 0.8867 1 0.9656 0
T 32235 84.0 0.8867 1 0.9656 0
T 32242 84.0 0.8869 1 0.9964 0
T 32250 84.0 0.8869 1 0.9964 0
T 32258 84.0 0.8869 1 0.9964 0
T 32265 84.0 0.8869 1 0.0295 1
T 32272 84.0 0.8869 1 0.0295 0
T 32280 84.0 0.8869 1 0.0295 0
T 32288 84.0 0.8869 1 0.0617 0
T 32295 84.0 0.8869 1 0.0617 0
T 32302 84.0 0.8869 1 0.0617 0
T 32310 84.0 0.8868 1 0.0925 0
T 32318 84.0 0.8868 1 0.0925 0
T 32325 84.0 0.8868 1 0.0925 0
T 32332 84.0 0.8867 1 0.1233 0
T 32340 84.0 0.8867 1 0.1233 0
T 32348 84.0 0.8867 1 0.1233 0
T 32355 84.0 0.8869 1 0.1555 0
T 32362 84.0 0.8869 1 0.1555 0
T 32370 84.0 0.8869 1 0.1555 0
T 32378 84.0 0.8869 1 0.1877 0
T 32385 84.0 0.8869 1 0.1877 0
T 32392 84.0 0.8869 1 0.1877 0
T 32400 84.0 0.8870 1 0.2185 0
T 32408 84.0 0.8870 1 0.2185 0
T 32415 84.0 0.8870 1 0.2185 0
T 32422 84.0 0.8871 1 0.2493 0
T 32430 84.0 0.8871 1 0.2493 0
T 32438 84.0 0.8871 1 0.2493 0
T 32445 84.0 0.8873 1 0.2815 0
T 32452 84.0 0.8873 1 0.2815 0
T 32460 84.0 0.8873 1 0.2815 0
T 32468 84.0 0.8874 1 0.3137 0
T 32475 84.0 0.8874 1 0.3137 0
T 32482 84.0 0.8874 1 0.3137 0
T 32490 84.0 0.8880 1 0.3445 0
T 32498 84.0 0.8880 1 0.3445 0
T 32505 84.0 0.8880 1 0.3445 0
T 32512 84.0 0.8885 1 0.2892 0
T 32520 84.0 0.8885 1 0.2892 0
T 32528 84.0 0.8885 1 0.2892 0
T 32535 84.0 0.8889 1 0.3214 0
T 32542 84.0 0.8889 1 0.3214 0
T 32550 84.0 0.8889 1 0.3214 0
T 32558 84.0 0.8891 1 0.3535 0
T 32565 84.0 0.8891 1 0.3535 0
T 32572 84.0 0.8891 1 0.3535 0
T 32580 84.0 0.8889 1 0.3843 0
T 32588 84.0 0.8889 1 0.3843 0
T 32595 84.0 0.8889 1 0.3843 0
T 32602 84.0 0.8888 1 0.4151 0
T 32610 84.0 0.8888 1 0.4151 0
T 32618 84.0 0.8888 1 0.4151 0
T 32625 84.0 0.8887 1 0.4473 0
T 32632 84.0 0.8887 1 0.4473 0
T 32640 84.0 0.8887 1 0.4473 0
T 32648 84.0 0.8886 1 0.4795 0
T 32655 84.0 0.8886 1 0.4795 0
T 32662 84.0 0.8886 1 0.4795 0
T 32670 84.0 0.8885 1 0.5103 0
T 32678 84.0 0.8885 1 0.5103 0
T 32685 84.0 0.8885 1 0.5103 0
T 32692 84.0 0.8884 1 0.5411 0
T 32700 84.0 0.8884 1 0.5411 0
T 32708 84.0 0.8884 1 0.5411 0
T 32715 84.0 0.8884 1 0.5733 0
T 32722 84.0 0.8884 1 0.5733 0
T 32730 84.0 0.8884 1 0.5733 0
T 32738 84.0 0.8881 1 0.6055 0
T 32745 84.0 0.8881 1 0.6055 0
T 32752 84.0 0.8881 1 0.6055 0
T 32760 84.0 0.8879 1 0.7349 0
T 32768 84.0 0.8879 1 0.7349 0
T 32775 84.0 0.8879 1 0.7349 0
T 32782 84.0 0.8878 1 0.7657 0
T 32790 84.0 0.8878 1 0.7657 0
T 32798 84.0 0.8878 1 0.7657 0
T 32805 84.0 0.8877 1 0.7979 0
T 32812 84.0 0.8877 1 0.7979 0
T 32820 84.0 0.8877 1 0.7979 0
T 32828 84.0 0.8879 1 0.8301 0
T 32835 84.0 0.8879 1 0.8301 0
T 32842 84.0 0.8879 1 0.8301 0
T 32850 84.0 0.8881 1 0.8609 0
T 32858 84.0 0.8881 1 0.8609 0
T 32865 84.0 0.8881 1 0.8609 0
T 32872 84.0 0.8883 1 0.8918 0
T 32880 84.0 0.8883 1 0.8918 0
T 32888 84.0 0.8883 1 0.8918 0
T 32895 84.0 0.8883 1 0.9240 0
T 32902 84.0 0.8883 1 0.9240 0
T 32910 84.0 0.8883 1 0.9240 0
T 32918 84.0 0.8885 1 0.9562 0
T 32925 84.0 0.8885 1 0.9562 0
T 32932 84.0 0.8885 1 0.9562 0
T 32940 84.0 0.8887 1 0.9870 0
T 32948 84.0 0.8887 1 0.9870 0
T 32955 84.0 0.8887 1 0.9870 0
T 32962 84.0 0.8894 1 0.0210 1
T 32970 84.0 0.8894 1 0.0210 0
T 32978 84.0 0.8894 1 0.0210 0
T 32985 84.0 0.8898 1 0.0533 0
T 32992 84.0 0.8898 1 0.0533 0
T 33000 84.0 0.8898 1 0.0533 0
T 33008 84.0 0.8903 1 0.0855 0
T 33015 84.0 0.8903 1 0.0855 0
T 33022 84.0 0.8903 1 0.0855 0
T 33030 84.0 0.8906 1 0.1163 0
T 33038 84.0 0.8906 1 0.1163 0
T 33045 84.0 0.8906 1 0.1163 0
T 33052 84.0 0.8907 1 0.1471 0
T 33060 84.0 0.8907 1 0.1471 0
T 33068 84.0 0.8907 1 0.1471 0
T 33075 84.0 0.8908 1 0.1793 0
T 33082 84.0 0.8908 1 0.1793 0
T 33090 84.0 0.8908 1 0.1793 0
T 33098 84.0 0.8908 1 0.2115 0
T 33105 84.0 0.8908 1 0.2115 0
T 33112 84.0 0.8908 1 0.2115 0
T 33120 84.0 0.8908 1 0.2423 0
T 33128 84.0 0.8908 1 0.2423 0
T 33135 84.0 0.8908 1 0.2423 0
T 33142 84.0 0.8908 1 0.2731 0
T 33150 84.0 0.8908 1 0.2731 0
T 33158 84.0 0.8908 1 0.2731 0
T 33165 84.0 0.8908 1 0.3053 0
T 33172 84.0 0.8908 1 0.3053 0
T 33180 84.0 0.8908 1 0.3053 0
T 33188 84.0 0.8906 1 0.3375 0
T 33195 84.0 0.8906 1 0.3375 0
T 33202 84.0 0.8906 1 0.3375 0
T 33210 84.0 0.8902 1 0.3683 0
T 33218 84.0 0.8902 1 0.3683 0
T 33225 84.0 0.8902 1 0.3683 0
T 33232 84.0 0.8897 1 0.3070 0
T 33240 84.0 0.8897 1 0.3070 0
T 33248 84.0 0.8897 1 0.3070 0
T 33255 84.0 0.8892 1 0.3392 0
T 33262 84.0 0.8892 1 0.3392 0
T 33270 84.0 0.8892 1 0.3392 0
T 33278 84.0 0.8887 1 0.3714 0
T 33285 84.0 0.8887 1 0.3714 0
T 33292 84.0 0.8887 1 0.3714 0
T 33300 84.0 0.8881 1 0.4022 0
T 33308 84.0 0.8881 1 0.4022 0
T 33315 84.0 0.8881 1 0.4022 0
T 33322 84.0 0.8876 1 0.4330 0
T 33330 84.0 0.8876 1 0.4330 0
T 33338 84.0 0.8876 1 0.4330 0
T 33345 84.0 0.8872 1 0.4651 0
T 33352 84.0 0.8872 1 0.4651 0
T 33360 84.0 0.8872 1 0.4651 0
T 33368 84.0 0.8869 1 0.4973 0
T 33375 84.0 0.8869 1 0.4973 0
T 33382 84.0 0.8869 1 0.4973 0
T 33390 84.0 0.8866 1 0.5281 0
T 33398 84.0 0.8866 1 0.5281 0
T 33405 84.0 0.8866 1 0.5281 0
T 33412 84.0 0.8864 1 0.5589 0
T 33420 84.0 0.8864 1 0.5589 0
T 33428 84.0 0.8864 1 0.5589 0
T 33435 84.0 0.8863 1 0.5911 0
T 33442 84.0 0.8863 1 0.5911 0
T 33450 84.0 0.8863 1 0.5911 0
T 33458 84.0 0.8862 1 0.7233 0
T 33465 84.0 0.8862 1 0.7233 0
T 33472 84.0 0.8862 1 0.7233 0
T 33480 84.0 0.8861 1 0.7541 0
T 33488 84.0 0.8861 1 0.7541 0
T 33495 84.0 0.8861 1 0.7541 0
T 33502 84.0 0.8860 1 0.7849 0
T 33510 84.0 0.8860 1 0.7849 0
T 33518 84.0 0.8860 1 0.7849 0
T 33525 84.0 0.8859 1 0.8171 0
T 33532 84.0 0.8859 1 0.8171 0
T 33540 84.0 0.8859 1 0.8171 0
T 33548 84.0 0.8857 1 0.8494 0
T 33555 84.0 0.8857 1 0.8494 0
T 33562 84.0 0.8857 1 0.8494 0
T 33570 84.0 0.8855 1 0.8802 0
T 33578 84.0 0.8855 1 0.8802 0
T 33585 84.0 0.8855 1 0.8802 0
T 33592 84.0 0.8852 1 0.9110 0
T 33600 84.0 0.8852 1 0.9110 0
T 33608 84.0 0.8852 1 0.9110 0
T 33615 84.0 0.8849 1 0.9432 0
T 33622 84.0 0.8849 1 0.9432 0
T 33630 84.0 0.8849 1 0.9432 0
T 33638 84.0 0.8847 1 0.9754 0
T 33645 84.0 0.8847 1 0.9754 0
T 33652 84.0 0.8847 1 0.9754 0
T 33660 84.0 0.8847 1 0.0062 1
T 33668 84.0 0.8847 1 0.0062 0
T 33675 84.0 0.8847 1 0.0062 0
T 33682 84.0 0.8843 1 0.0370 0
T 33690 84.0 0.8843 1 0.0370 0
T 33698 84.0 0.8843 1 0.0370 0
T 33705 84.0 0.8838 1 0.0600 0
T 33712 84.0 0.8838 1 0.0600 0
T 33720 84.0 0.8838 1 0.0600 0
T 33728 84.0 0.8834 1 0.0922 0
T 33735 84.0 0.8834 1 0.0922 0
T 33742 84.0 0.8834 1 0.0922 0
T 33750 84.0 0.8827 1 0.1230 0
T 33758 84.0 0.8827 1 0.1230 0
T 33765 84.0 0.8827 1 0.1230 0
T 33772 84.0 0.8821 1 0.1538 0
T 33780 84.0 0.8821 1 0.1538 0
T 33788 84.0 0.8821 1 0.1538 0
T 33795 84.0 0.8815 1 0.1860 0
T 33802 84.0 0.8815 1 0.1860 0
T 33810 84.0 0.8815 1 0.1860 0
T 33818 84.0 0.8810 1 0.2182 0
T 33825 84.0 0.8810 1 0.2182 0
T 33832 84.0 0.8810 1 0.2182 0
T 33840 84.0 0.8806 1 0.2490 0
T 33848 84.0 0.8806 1 0.2490 0
T 33855 84.0 0.8806 1 0.2490 0
T 33862 84.0 0.8802 1 0.2798 0
T 33870 84.0 0.8802 1 0.2798 0
T 33878 84.0 0.8802 1 0.2798 0
T 33885 84.0 0.8798 1 0.3120 0
T 33892 84.0 0.8798 1 0.3120 0
T 33900 84.0 0.8798 1 0.3120 0
T 33908 84.0 0.8795 1 0.3442 0
T 33915 84.0 0.8795 1 0.3442 0
T 33922 84.0 0.8795 1 0.3442 0
T 33930 84.0 0.8793 1 0.2889 0
T 33938 84.0 0.8793 1 0.2889 0
T 33945 84.0 0.8793 1 0.2889 0
T 33952 84.0 0.8791 1 0.3197 0
T 33960 84.0 0.8791 1 0.3197 0
T 33968 84.0 0.8791 1 0.3197 0
T 33975 84.0 0.8789 1 0.3519 0
T 33982 84.0 0.8789 1 0.3519 0
T 33990 84.0 0.8789 1 0.3519 0
T 33998 84.0 0.8787 1 0.3841 0
T 34005 84.0 0.8787 1 0.3841 0
T 34012 84.0 0.8787 1 0.3841 0
T 34020 84.0 0.8785 1 0.4149 0
T 34028 84.0 0.8785 1 0.4149 0
T 34035 84.0 0.8785 1 0.4149 0
T 34042 84.0 0.8782 1 0.4457 0
T 34050 84.0 0.8782 1 0.4457 0
T 34058 84.0 0.8782 1 0.4457 0
T 34065 84.0 0.8779 1 0.4779 0
T 34072 84.0 0.8779 1 0.4779 0
T 34080 84.0 0.8779 1 0.4779 0
T 34088 84.0 0.8776 1 0.5100 0
T 34095 84.0 0.8776 1 0.5100 0
T 34102 84.0 0.8776 1 0.5100 0
T 34110 84.0 0.8773 1 0.5408 0
T 34118 84.0 0.8773 1 0.5408 0
T 34125 84.0 0.8773 1 0.5408 0
T 34132 84.0 0.8770 1 0.5716 0
T 34140 84.0 0.8770 1 0.5716 0
T 34148 84.0 0.8770 1 0.5716 0
T 34155 84.0 0.8763 1 0.6038 0
T 34162 84.0 0.8763 1 0.6038 0
T 34170 84.0 0.8763 1 0.6038 0
T 34178 84.0 0.8755 1 0.7351 0
T 34185 84.0 0.8755 1 0.7351 0
T 34192 84.0 0.8755 1 0.7351 0
T 34200 84.0 0.8749 1 0.7659 0
T 34208 84.0 0.8749 1 0.7659 0
T 34215 84.0 0.8749 1 0.7659 0
T 34222 84.0 0.8743 1 0.7967 0
T 34230 84.0 0.8743 1 0.7967 0
T 34238 84.0 0.8743 1 0.7967 0
T 34245 84.0 0.8736 1 0.8289 0
T 34252 84.0 0.8736 1 0.8289 0
T 34260 84.0 0.8736 1 0.8289 0
T 34268 84.0 0.8730 1 0.8611 0
T 34275 84.0 0.8730 1 0.8611 0
T 34282 84.0 0.8730 1 0.8611 0
T 34290 84.0 0.8723 1 0.8919 0
T 34298 84.0 0.8723 1 0.8919 0
T 34305 84.0 0.8723 1 0.8919 0
T 34312 84.0 0.8717 1 0.9227 0
T 34320 84.0 0.8717 1 0.9227 0
T 34328 84.0 0.8717 1 0.9227 0
T 34335 84.0 0.8711 1 0.9549 0
T 34342 84.0 0.8711 1 0.9549 0
T 34350 84.0 0.8711 1 0.9549 0
T 34358 84.0 0.8707 1 0.9872 0
T 34365 84.0 0.8707 1 0.9872 0
T 34372 84.0 0.8707 1 0.9872 0
T 34380 84.0 0.8707 1 0.0180 1
T 34388 84.0 0.8707 1 0.0180 0
T 34395 84.0 0.8707 1 0.0180 0
T 34402 84.0 0.8712 1 0.0443 0
T 34410 84.0 0.8712 1 0.0443 0
T 34418 84.0 0.8712 1 0.0443 0
T 34425 84.0 0.8716 1 0.0765 0
T 34432 84.0 0.8716 1 0.0765 0
T 34440 84.0 0.8716 1 0.0765 0
T 34448 84.0 0.8720 1 0.1087 0
T 34455 84.0 0.8720 1 0.1087 0
T 34462 84.0 0.8720 1 0.1087 0
T 34470 84.0 0.8726 1 0.1395 0
T 34478 84.0 0.8726 1 0.1395 0
T 34485 84.0 0.8726 1 0.1395 0
T 34492 84.0 0.8731 1 0.1703 0
T 34500 84.0 0.8731 1 0.1703 0
T 34508 84.0 0.8731 1 0.1703 0
T 34515 84.0 0.8737 1 0.2025 0
T 34522 84.0 0.8737 1 0.2025 0
T 34530 84.0 0.8737 1 0.2025 0
T 34538 84.0 0.8740 1 0.2347 0
T 34545 84.0 0.8740 1 0.2347 0
T 34552 84.0 0.8740 1 0.2347 0
T 34560 84.0 0.8742 1 0.2655 0
T 34568 84.0 0.8742 1 0.2655 0
T 34575 84.0 0.8742 1 0.2655 0
T 34582 84.0 0.8743 1 0.2963 0
T 34590 84.0 0.8743 1 0.2963 0
T 34598 84.0 0.8743 1 0.2963 0
T 34605 84.0 0.8744 1 0.3285 0
T 34612 84.0 0.8744 1 0.3285 0
T 34620 84.0 0.8744 1 0.3285 0
T 34628 84.0 0.8744 1 0.3607 0
T 34635 84.0 0.8744 1 0.3607 0
T 34642 84.0 0.8744 1 0.3607 0
T 34650 84.0 0.8741 1 0.3013 0
T 34658 84.0 0.8741 1 0.3013 0
T 34665 84.0 0.8741 1 0.3013 0
T 34672 84.0 0.8738 1 0.3321 0
T 34680 84.0 0.8738 1 0.3321 0
T 34688 84.0 0.8738 1 0.3321 0
T 34695 84.0 0.8736 1 0.3643 0
T 34702 84.0 0.8736 1 0.3643 0
T 34710 84.0 0.8736 1 0.3643 0
T 34718 84.0 0.8728 1 0.3965 0
T 34725 84.0 0.8728 1 0.3965 0
T 34732 84.0 0.8728 1 0.3965 0
T 34740 84.0 0.8722 1 0.4273 0
T 34748 84.0 0.8722 1 0.4273 0
T 34755 84.0 0.8722 1 0.4273 0
T 34762 84.0 0.8715 1 0.4581 0
T 34770 84.0 0.8715 1 0.4581 0
T 34778 84.0 0.8715 1 0.4581 0
T 34785 84.0 0.8708 1 0.4902 0
T 34792 84.0 0.8708 1 0.4902 0
T 34800 84.0 0.8708 1 0.4902 0
T 34808 84.0 0.8704 1 0.5224 0
T 34815 84.0 0.8704 1 0.5224 0
T 34822 84.0 0.8704 1 0.5224 0
T 34830 84.0 0.8699 1 0.5532 0
T 34838 84.0 0.8699 1 0.5532 0
T 34845 84.0 0.8699 1 0.5532 0
T 34852 84.0 0.8692 1 0.5840 0
T 34860 84.0 0.8692 1 0.5840 0
T 34868 84.0 0.8692 1 0.5840 0
T 34875 84.0 0.8689 1 0.7162 0
T 34882 84.0 0.8689 1 0.7162 0
T 34890 84.0 0.8689 1 0.7162 0
T 34898 84.0 0.8686 1 0.7484 0
T 34905 84.0 0.8686 1 0.7484 0
T 34912 84.0 0.8686 1 0.7484 0
T 34920 84.0 0.8683 1 0.7792 0
T 34928 84.0 0.8683 1 0.7792 0
T 34935 84.0 0.8683 1 0.7792 0
T 34942 84.0 0.8681 1 0.8101 0
T 34950 84.0 0.8681 1 0.8101 0
T 34958 84.0 0.8681 1 0.8101 0
T 34965 84.0 0.8678 1 0.8423 0
T 34972 84.0 0.8678 1 0.8423 0
T 34980 84.0 0.8678 1 0.8423 0
T 34988 84.0 0.8675 1 0.8745 0
T 34995 84.0 0.8675 1 0.8745 0
T 35002 84.0 0.8675 1 0.8745 0
T 35010 84.0 0.8674 1 0.9053 0
T 35018 84.0 0.8674 1 0.9053 0
T 35025 84.0 0.8674 1 0.9053 0
T 35032 84.0 0.8672 1 0.9361 0
T 35040 84.0 0.8672 1 0.9361 0
T 35048 84.0 0.8672 1 0.9361 0
T 35055 84.0 0.8671 1 0.9683 0
T 35062 84.0 0.8671 1 0.9683 0
T 35070 84.0 0.8671 1 0.9683 0
T 35078 84.0 0.8670 1 0.0005 1
T 35085 84.0 0.8670 1 0.0005 0
T 35092 84.0 0.8670 1 0.0005 0
T 35100 84.0 0.8671 1 0.0313 0
T 35108 84.0 0.8671 1 0.0313 0
T 35115 84.0 0.8671 1 0.0313 0
T 35122 84.0 0.8670 1 0.0543 0
T 35130 84.0 0.8670 1 0.0543 0
T 35138 84.0 0.8670 1 0.0543 0
T 35145 84.0 0.8669 1 0.0865 0
T 35152 84.0 0.8669 1 0.0865 0
T 35160 84.0 0.8669 1 0.0865 0
T 35168 84.0 0.8669 1 0.1187 0
T 35175 84.0 0.8669 1 0.1187 0
T 35182 84.0 0.8669 1 0.1187 0
T 35190 84.0 0.8669 1 0.1495 0
T 35198 84.0 0.8669 1 0.1495 0
T 35205 84.0 0.8669 1 0.1495 0
T 35212 84.0 0.8668 1 0.1803 0
T 35220 84.0 0.8668 1 0.1803 0
T 35228 84.0 0.8668 1 0.1803 0
T 35235 84.0 0.8667 1 0.2125 0
T 35242 84.0 0.8667 1 0.2125 0
T 35250 84.0 0.8667 1 0.2125 0
T 35258 84.0 0.8665 1 0.2447 0
T 35265 84.0 0.8665 1 0.2447 0
T 35272 84.0 0.8665 1 0.2447 0
T 35280 84.0 0.8664 1 0.2755 0
T 35288 84.0 0.8664 1 0.2755 0
T 35295 84.0 0.8664 1 0.2755 0
T 35302 84.0 0.8664 1 0.3063 0
T 35310 84.0 0.8664 1 0.3063 0
T 35318 84.0 0.8664 1 0.3063 0
T 35325 84.0 0.8660 1 0.3385 0
T 35332 84.0 0.8660 1 0.3385 0
T 35340 84.0 0.8660 1 0.3385 0
T 35348 84.0 0.8664 1 0.3707 0
T 35355 84.0 0.8664 1 0.3707 0
T 35362 84.0 0.8664 1 0.3707 0
T 35370 84.0 0.8666 1 0.3088 0
T 35378 84.0 0.8666 1 0.3088 0
T 35385 84.0 0.8666 1 0.3088 0
T 35392 84.0 0.8668 1 0.3396 0
T 35400 84.0 0.8668 1 0.3396 0
T 35408 84.0 0.8668 1 0.3396 0
T 35415 84.0 0.8672 1 0.3718 0
T 35422 84.0 0.8672 1 0.3718 0
T 35430 84.0 0.8672 1 0.3718 0
T 35438 84.0 0.8672 1 0.4040 0
T 35445 84.0 0.8672 1 0.4040 0
T 35452 84.0 0.8672 1 0.4040 0
T 35460 84.0 0.8674 1 0.4348 0
T 35468 84.0 0.8674 1 0.4348 0
T 35475 84.0 0.8674 1 0.4348 0
T 35482 84.0 0.8674 1 0.4656 0
T 35490 84.0 0.8674 1 0.4656 0
T 35498 84.0 0.8674 1 0.4656 0
T 35505 84.0 0.8675 1 0.4977 0
T 35512 84.0 0.8675 1 0.4977 0
T 35520 84.0 0.8675 1 0.4977 0
T 35528 84.0 0.8676 1 0.5299 0
T 35535 84.0 0.8676 1 0.5299 0
T 35542 84.0 0.8676 1 0.5299 0
T 35550 84.0 0.8677 1 0.5607 0
T 35558 84.0 0.8677 1 0.5607 0
T 35565 84.0 0.8677 1 0.5607 0
T 35572 84.0 0.8681 1 0.5915 0
T 35580 84.0 0.8681 1 0.5915 0
T 35588 84.0 0.8681 1 0.5915 0
T 35595 84.0 0.8679 1 0.6237 0
T 35602 84.0 0.8679 1 0.6237 0
T 35610 84.0 0.8679 1 0.6237 0
T 35618 84.0 0.8678 1 0.7500 0
T 35625 84.0 0.8678 1 0.7500 0
T 35632 84.0 0.8678 1 0.7500 0
T 35640 84.0 0.8676 1 0.7808 0
T 35648 84.0 0.8676 1 0.7808 0
T 35655 84.0 0.8676 1 0.7808 0
T 35662 84.0 0.8672 1 0.8116 0
T 35670 84.0 0.8672 1 0.8116 0
T 35678 84.0 0.8672 1 0.8116 0
T 35685 84.0 0.8670 1 0.8438 0
T 35692 84.0 0.8670 1 0.8438 0
T 35700 84.0 0.8670 1 0.8438 0
T 35708 84.0 0.8668 1 0.8760 0
T 35715 84.0 0.8668 1 0.8760 0
T 35722 84.0 0.8668 1 0.8760 0
T 35730 84.0 0.8667 1 0.9068 0
T 35738 84.0 0.8667 1 0.9068 0
T 35745 84.0 0.8667 1 0.9068 0
T 35752 84.0 0.8665 1 0.9376 0
T 35760 84.0 0.8665 1 0.9376 0
T 35768 84.0 0.8665 1 0.9376 0
T 35775 84.0 0.8665 1 0.9699 0
T 35782 84.0 0.8665 1 0.9699 0
T 35790 84.0 0.8665 1 0.9699 0
T 35798 84.0 0.8661 1 0.0021 1
T 35805 84.0 0.8661 1 0.0021 0
T 35812 84.0 0.8661 1 0.0021 0
T 35820 84.0 0.8659 1 0.0324 0
T 35828 84.0 0.8659 1 0.0324 0
T 35835 84.0 0.8659 1 0.0324 0
T 35842 84.0 0.8657 1 0.0632 0
T 35850 84.0 0.8657 1 0.0632 0
T 35858 84.0 0.8657 1 0.0632 0
T 35865 84.0 0.8655 1 0.0954 0
T 35872 84.0 0.8655 1 0.0954 0
T 35880 84.0 0.8655 1 0.0954 0
T 35888 84.0 0.8652 1 0.1276 0
T 35895 84.0 0.8652 1 0.1276 0
T 35902 84.0 0.8652 1 0.1276 0
T 35910 84.0 0.8649 1 0.1584 0
T 35918 84.0 0.8649 1 0.1584 0
T 35925 84.0 0.8649 1 0.1584 0
T 35932 84.0 0.8646 1 0.1892 0
T 35940 84.0 0.8646 1 0.1892 0
T 35948 84.0 0.8646 1 0.1892 0
T 35955 84.0 0.8643 1 0.2214 0
T 35962 84.0 0.8643 1 0.2214 0
T 35970 84.0 0.8643 1 0.2214 0
T 35978 84.0 0.8641 1 0.2536 0
T 35985 84.0 0.8641 1 0.2536 0
T 35992 84.0 0.8641 1 0.2536 0
T 36000 84.0 0.8638 1 0.2844 0
T 36008 84.0 0.8638 1 0.2844 0
T 36015 84.0 0.8638 1 0.2844 0
T 36022 84.0 0.8635 1 0.3152 0
T 36030 84.0 0.8635 1 0.3152 0
T 36038 84.0 0.8635 1 0.3152 0
T 36045 84.0 0.8636 1 0.3474 0
T 36052 84.0 0.8636 1 0.3474 0
T 36060 84.0 0.8636 1 0.3474 0
T 36068 84.0 0.8633 1 0.3796 0
T 36075 84.0 0.8633 1 0.3796 0
T 36082 84.0 0.8633 1 0.3796 0
T 36090 84.0 0.8630 1 0.3155 0
T 36098 84.0 0.8630 1 0.3155 0
T 36105 84.0 0.8630 1 0.3155 0
T 36112 84.0 0.8627 1 0.3463 0
T 36120 84.0 0.8627 1 0.3463 0
T 36128 84.0 0.8627 1 0.3463 0
T 36135 84.0 0.8622 1 0.3785 0
T 36142 84.0 0.8622 1 0.3785 0
T 36150 84.0 0.8622 1 0.3785 0
T 36158 84.0 0.8619 1 0.4106 0
T 36165 84.0 0.8619 1 0.4106 0
T 36172 84.0 0.8619 1 0.4106 0
T 36180 84.0 0.8616 1 0.4414 0
T 36188 84.0 0.8616 1 0.4414 0
T 36195 84.0 0.8616 1 0.4414 0
T 36202 84.0 0.8613 1 0.4722 0
T 36210 84.0 0.8613 1 0.4722 0
T 36218 84.0 0.8613 1 0.4722 0
T 36225 84.0 0.8610 1 0.5044 0
T 36232 84.0 0.8610 1 0.5044 0
T 36240 84.0 0.8610 1 0.5044 0
T 36248 84.0 0.8609 1 0.5366 0
T 36255 84.0 0.8609 1 0.5366 0
T 36262 84.0 0.8609 1 0.5366 0
T 36270 84.0 0.8610 1 0.5674 0
T 36278 84.0 0.8610 1 0.5674 0
T 36285 84.0 0.8610 1 0.5674 0
T 36292 84.0 0.8618 1 0.5982 0
T 36300 84.0 0.8618 1 0.5982 0
T 36308 84.0 0.8618 1 0.5982 0
T 36315 84.0 0.8625 1 0.7304 0
T 36322 84.0 0.8625 1 0.7304 0
T 36330 84.0 0.8625 1 0.7304 0
T 36338 84.0 0.8630 1 0.7626 0
T 36345 84.0 0.8630 1 0.7626 0
T 36352 84.0 0.8630 1 0.7626 0
T 36360 84.0 0.8633 1 0.7934 0
T 36368 84.0 0.8633 1 0.7934 0
T 36375 84.0 0.8633 1 0.7934 0
T 36382 84.0 0.8634 1 0.8242 0
T 36390 84.0 0.8634 1 0.8242 0
T 36398 84.0 0.8634 1 0.8242 0
T 36405 84.0 0.8635 1 0.8564 0
T 36412 84.0 0.8635 1 0.8564 0
T 36420 84.0 0.8635 1 0.8564 0
T 36428 84.0 0.8637 1 0.8886 0
T 36435 84.0 0.8637 1 0.8886 0
T 36442 84.0 0.8637 1 0.8886 0
T 36450 84.0 0.8638 1 0.9194 0
T 36458 84.0 0.8638 1 0.9194 0
T 36465 84.0 0.8638 1 0.9194 0
T 36472 84.0 0.8639 1 0.9502 0
T 36480 84.0 0.8639 1 0.9502 0
T 36488 84.0 0.8639 1 0.9502 0
T 36495 84.0 0.8641 1 0.9825 0
T 36502 84.0 0.8641 1 0.9825 0
T 36510 84.0 0.8641 1 0.9825 0
T 36518 84.0 0.8642 1 0.0147 1
T 36525 84.0 0.8642 1 0.0147 0
T 36532 84.0 0.8642 1 0.0147 0
T 36540 84.0 0.8639 1 0.0455 0
T 36548 84.0 0.8639 1 0.0455 0
T 36555 84.0 0.8639 1 0.0455 0
T 36562 84.0 0.8633 1 0.0649 0
T 36570 84.0 0.8633 1 0.0649 0
T 36578 84.0 0.8633 1 0.0649 0
T 36585 84.0 0.8628 1 0.0971 0
T 36592 84.0 0.8628 1 0.0971 0
T 36600 84.0 0.8628 1 0.0971 0
T 36608 84.0 0.8623 1 0.1293 0
T 36615 84.0 0.8623 1 0.1293 0
T 36622 84.0 0.8623 1 0.1293 0
T 36630 84.0 0.8618 1 0.1601 0
T 36638 84.0 0.8618 1 0.1601 0
T 36645 84.0 0.8618 1 0.1601 0
T 36652 84.0 0.8613 1 0.1909 0
T 36660 84.0 0.8613 1 0.1909 0
T 36668 84.0 0.8613 1 0.1909 0
T 36675 84.0 0.8603 1 0.2231 0
T 36682 84.0 0.8603 1 0.2231 0
T 36690 84.0 0.8603 1 0.2231 0
T 36698 84.0 0.8593 1 0.2553 0
T 36705 84.0 0.8593 1 0.2553 0
T 36712 84.0 0.8593 1 0.2553 0
T 36720 84.0 0.8584 1 0.2861 0
T 36728 84.0 0.8584 1 0.2861 0
T 36735 84.0 0.8584 1 0.2861 0
T 36742 84.0 0.8573 1 0.3169 0
T 36750 84.0 0.8573 1 0.3169 0
T 36758 84.0 0.8573 1 0.3169 0
T 36765 84.0 0.8576 1 0.3491 0
T 36772 84.0 0.8576 1 0.3491 0
T 36780 84.0 0.8576 1 0.3491 0
T 36788 84.0 0.8576 1 0.2940 0
T 36795 84.0 0.8576 1 0.2940 0
T 36802 84.0 0.8576 1 0.2940 0
T 36810 84.0 0.8575 1 0.3248 0
T 36818 84.0 0.8575 1 0.3248 0
T 36825 84.0 0.8575 1 0.3248 0
T 36832 84.0 0.8575 1 0.3556 0
T 36840 84.0 0.8575 1 0.3556 0
T 36848 84.0 0.8575 1 0.3556 0
T 36855 84.0 0.8578 1 0.3878 0
T 36862 84.0 0.8578 1 0.3878 0
T 36870 84.0 0.8578 1 0.3878 0
T 36878 84.0 0.8579 1 0.4200 0
T 36885 84.0 0.8579 1 0.4200 0
T 36892 84.0 0.8579 1 0.4200 0
T 36900 84.0 0.8580 1 0.4508 0
T 36908 84.0 0.8580 1 0.4508 0
T 36915 84.0 0.8580 1 0.4508 0
T 36922 84.0 0.8581 1 0.4816 0
T 36930 84.0 0.8581 1 0.4816 0
T 36938 84.0 0.8581 1 0.4816 0
T 36945 84.0 0.8582 1 0.5137 0
T 36952 84.0 0.8582 1 0.5137 0
T 36960 84.0 0.8582 1 0.5137 0
T 36968 84.0 0.8583 1 0.5459 0
T 36975 84.0 0.8583 1 0.5459 0
T 36982 84.0 0.8583 1 0.5459 0
T 36990 84.0 0.8584 1 0.5767 0
T 36998 84.0 0.8584 1 0.5767 0
T 37005 84.0 0.8584 1 0.5767 0
T 37012 84.0 0.8585 1 0.6075 0
T 37020 84.0 0.8585 1 0.6075 0
T 37028 84.0 0.8585 1 0.6075 0
T 37035 84.0 0.8584 1 0.7378 0
T 37042 84.0 0.8584 1 0.7378 0
T 37050 84.0 0.8584 1 0.7378 0
T 37058 84.0 0.8583 1 0.7700 0
T 37065 84.0 0.8583 1 0.7700 0
T 37072 84.0 0.8583 1 0.7700 0
T 37080 84.0 0.8582 1 0.8009 0
T 37088 84.0 0.8582 1 0.8009 0
T 37095 84.0 0.8582 1 0.8009 0
T 37102 84.0 0.8576 1 0.8317 0
T 37110 84.0 0.8576 1 0.8317 0
T 37118 84.0 0.8576 1 0.8317 0
T 37125 84.0 0.8574 1 0.8639 0
T 37132 84.0 0.8574 1 0.8639 0
T 37140 84.0 0.8574 1 0.8639 0
T 37148 84.0 0.8570 1 0.8961 0
T 37155 84.0 0.8570 1 0.8961 0
T 37162 84.0 0.8570 1 0.8961 0
T 37170 84.0 0.8566 1 0.9269 0
T 37178 84.0 0.8566 1 0.9269 0
T 37185 84.0 0.8566 1 0.9269 0
T 37192 84.0 0.8562 1 0.9577 0
T 37200 84.0 0.8562 1 0.9577 0
T 37208 84.0 0.8562 1 0.9577 0
T 37215 84.0 0.8555 1 0.9899 0
T 37222 84.0 0.8555 1 0.9899 0
T 37230 84.0 0.8555 1 0.9899 0
T 37238 84.0 0.8545 1 0.0221 1
T 37245 84.0 0.8545 1 0.0221 0
T 37252 84.0 0.8545 1 0.0221 0
T 37260 84.0 0.8542 1 0.0474 0
T 37268 84.0 0.8542 1 0.0474 0
T 37275 84.0 0.8542 1 0.0474 0
T 37282 84.0 0.8536 1 0.0782 0
T 37290 84.0 0.8536 1 0.0782 0
T 37298 84.0 0.8536 1 0.0782 0
T 37305 84.0 0.8531 1 0.1104 0
T 37312 84.0 0.8531 1 0.1104 0
T 37320 84.0 0.8531 1 0.1104 0
T 37328 84.0 0.8521 1 0.1426 0
T 37335 84.0 0.8521 1 0.1426 0
T 37342 84.0 0.8521 1 0.1426 0
T 37350 84.0 0.8510 1 0.1734 0
T 37358 84.0 0.8510 1 0.1734 0
T 37365 84.0 0.8510 1 0.1734 0
T 37372 84.0 0.8500 1 0.2042 0
T 37380 84.0 0.8500 1 0.2042 0
T 37388 84.0 0.8500 1 0.2042 0
T 37395 84.0 0.8485 1 0.2364 0
T 37402 84.0 0.8485 1 0.2364 0
T 37410 84.0 0.8485 1 0.2364 0
T 37418 84.0 0.8476 1 0.2686 0
T 37425 84.0 0.8476 1 0.2686 0
T 37432 84.0 0.8476 1 0.2686 0
T 37440 84.0 0.8469 1 0.2994 0
T 37448 84.0 0.8469 1 0.2994 0
T 37455 84.0 0.8469 1 0.2994 0
T 37462 84.0 0.8453 1 0.3302 0
T 37470 84.0 0.8453 1 0.3302 0
T 37478 84.0 0.8453 1 0.3302 0
T 37485 84.0 0.8444 1 0.3624 0
T 37492 84.0 0.8444 1 0.3624 0
T 37500 84.0 0.8444 1 0.3624 0
T 37508 84.0 0.8414 1 0.3040 0
T 37515 84.0 0.8414 1 0.3040 0
T 37522 84.0 0.8414 1 0.3040 0
T 37530 84.0 0.8389 1 0.3348 0
T 37538 84.0 0.8389 1 0.3348 0
T 37545 84.0 0.8389 1 0.3348 0
T 37552 84.0 0.8363 1 0.3656 0
T 37560 84.0 0.8363 1 0.3656 0
T 37568 84.0 0.8363 1 0.3656 0
T 37575 84.0 0.8339 1 0.3978 0
T 37582 84.0 0.8339 1 0.3978 0
T 37590 84.0 0.8339 1 0.3978 0
T 37598 84.0 0.8317 1 0.4300 0
T 37605 84.0 0.8317 1 0.4300 0
T 37612 84.0 0.8317 1 0.4300 0
T 37620 84.0 0.8295 1 0.4607 0
T 37628 84.0 0.8295 1 0.4607 0
T 37635 84.0 0.8295 1 0.4607 0
T 37642 84.0 0.8274 1 0.4915 0
T 37650 84.0 0.8274 1 0.4915 0
T 37658 84.0 0.8274 1 0.4915 0
T 37665 84.0 0.8257 1 0.5237 0
T 37672 84.0 0.8257 1 0.5237 0
T 37680 84.0 0.8257 1 0.5237 0
T 37688 84.0 0.8250 1 0.5559 0
T 37695 84.0 0.8250 1 0.5559 0
T 37702 84.0 0.8250 1 0.5559 0
T 37710 84.0 0.8238 1 0.5867 0
T 37718 84.0 0.8238 1 0.5867 0
T 37725 84.0 0.8238 1 0.5867 0
T 37732 84.0 0.8242 1 0.7175 0
T 37740 84.0 0.8242 1 0.7175 0
T 37748 84.0 0.8242 1 0.7175 0
T 37755 84.0 0.8247 1 0.7497 0
T 37762 84.0 0.8247 1 0.7497 0
T 37770 84.0 0.8247 1 0.7497 0
T 37778 84.0 0.8254 1 0.7819 0
T 37785 84.0 0.8254 1 0.7819 0
T 37792 84.0 0.8254 1 0.7819 0
T 37800 84.0 0.8253 1 0.8127 0
T 37808 84.0 0.8253 1 0.8127 0
T 37815 84.0 0.8253 1 0.8127 0
T 37822 84.0 0.8246 1 0.8436 0
T 37830 84.0 0.8246 1 0.8436 0
T 37838 84.0 0.8246 1 0.8436 0
T 37845 84.0 0.8239 1 0.8758 0
T 37852 84.0 0.8239 1 0.8758 0
T 37860 84.0 0.8239 1 0.8758 0
T 37868 84.0 0.8234 1 0.9080 0
T 37875 84.0 0.8234 1 0.9080 0
T 37882 84.0 0.8234 1 0.9080 0
T 37890 84.0 0.8230 1 0.9388 0
T 37898 84.0 0.8230 1 0.9388 0
T 37905 84.0 0.8230 1 0.9388 0
T 37912 84.0 0.8227 1 0.9696 0
T 37920 84.0 0.8227 1 0.9696 0
T 37928 84.0 0.8227 1 0.9696 0
T 37935 84.0 0.8224 1 0.0018 1
T 37942 84.0 0.8224 1 0.0018 0
T 37950 84.0 0.8224 1 0.0018 0
T 37958 84.0 0.8233 1 0.0340 0
T 37965 84.0 0.8233 1 0.0340 0
T 37972 84.0 0.8233 1 0.0340 0
T 37980 84.0 0.8226 1 0.0563 0
T 37988 84.0 0.8226 1 0.0563 0
T 37995 84.0 0.8226 1 0.0563 0
T 38002 84.0 0.8223 1 0.0871 0
T 38010 84.0 0.8223 1 0.0871 0
T 38018 84.0 0.8223 1 0.0871 0
T 38025 84.0 0.8217 1 0.1193 0
T 38032 84.0 0.8217 1 0.1193 0
T 38040 84.0 0.8217 1 0.1193 0
T 38048 84.0 0.8206 1 0.1515 0
T 38055 84.0 0.8206 1 0.1515 0
T 38062 84.0 0.8206 1 0.1515 0
T 38070 84.0 0.8200 1 0.1823 0
T 38078 84.0 0.8200 1 0.1823 0
T 38085 84.0 0.8200 1 0.1823 0
T 38092 84.0 0.8196 1 0.2131 0
T 38100 84.0 0.8196 1 0.2131 0
T 38108 84.0 0.8196 1 0.2131 0
T 38115 84.0 0.8194 1 0.2453 0
T 38122 84.0 0.8194 1 0.2453 0
T 38130 84.0 0.8194 1 0.2453 0
T 38138 84.0 0.8192 1 0.2775 0
T 38145 84.0 0.8192 1 0.2775 0
T 38152 84.0 0.8192 1 0.2775 0
T 38160 84.0 0.8192 1 0.3083 0
T 38168 84.0 0.8192 1 0.3083 0
T 38175 84.0 0.8192 1 0.3083 0
T 38182 84.0 0.8190 1 0.3391 0
T 38190 84.0 0.8190 1 0.3391 0
T 38198 84.0 0.8190 1 0.3391 0
T 38205 84.0 0.8225 1 0.3713 0
T 38212 84.0 0.8225 1 0.3713 0
T 38220 84.0 0.8225 1 0.3713 0
T 38228 84.0 0.8256 1 0.3107 0
T 38235 84.0 0.8256 1 0.3107 0
T 38242 84.0 0.8256 1 0.3107 0
T 38250 84.0 0.8277 1 0.3415 0
T 38258 84.0 0.8277 1 0.3415 0
T 38265 84.0 0.8277 1 0.3415 0
T 38272 84.0 0.8291 1 0.3723 0
T 38280 84.0 0.8291 1 0.3723 0
T 38288 84.0 0.8291 1 0.3723 0
T 38295 84.0 0.8310 1 0.4045 0
T 38302 84.0 0.8310 1 0.4045 0
T 38310 84.0 0.8310 1 0.4045 0
T 38318 84.0 0.8324 1 0.4366 0
T 38325 84.0 0.8324 1 0.4366 0
T 38332 84.0 0.8324 1 0.4366 0
T 38340 84.0 0.8335 1 0.4674 0
T 38348 84.0 0.8335 1 0.4674 0
T 38355 84.0 0.8335 1 0.4674 0
T 38362 84.0 0.8346 1 0.4982 0
T 38370 84.0 0.8346 1 0.4982 0
T 38378 84.0 0.8346 1 0.4982 0
T 38385 84.0 0.8356 1 0.5304 0
T 38392 84.0 0.8356 1 0.5304 0
T 38400 84.0 0.8356 1 0.5304 0
T 38408 84.0 0.8366 1 0.5626 0
T 38415 84.0 0.8366 1 0.5626 0
T 38422 84.0 0.8366 1 0.5626 0
T 38430 84.0 0.8376 1 0.5934 0
T 38438 84.0 0.8376 1 0.5934 0
T 38445 84.0 0.8376 1 0.5934 0
T 38452 84.0 0.8382 1 0.6242 0
T 38460 84.0 0.8382 1 0.6242 0
T 38468 84.0 0.8382 1 0.6242 0
T 38475 84.0 0.8393 1 0.6564 0
T 38482 84.0 0.8393 1 0.6564 0
T 38490 84.0 0.8393 1 0.6564 0
T 38498 84.0 0.8403 1 0.6886 0
T 38505 84.0 0.8403 1 0.6886 0
T 38512 84.0 0.8403 1 0.6886 0
T 38520 84.0 0.8403 1 0.7194 0
T 38528 84.0 0.8403 1 0.7194 0
T 38535 84.0 0.8403 1 0.7194 0
T 38542 84.0 0.8396 1 0.7502 0
T 38550 84.0 0.8396 1 0.7502 0
T 38558 84.0 0.8396 1 0.7502 0
T 38565 84.0 0.8389 1 0.7823 0
T 38572 84.0 0.8389 1 0.7823 0
T 38580 84.0 0.8389 1 0.7823 0
T 38588 84.0 0.8384 1 0.8145 0
T 38595 84.0 0.8384 1 0.8145 0
T 38602 84.0 0.8384 1 0.8145 0
T 38610 84.0 0.8379 1 0.8453 0
T 38618 84.0 0.8379 1 0.8453 0
T 38625 84.0 0.8379 1 0.8453 0
T 38632 84.0 0.8377 1 0.8761 0
T 38640 84.0 0.8377 1 0.8761 0
T 38648 84.0 0.8377 1 0.8761 0
T 38655 84.0 0.8376 1 0.9083 0
T 38662 84.0 0.8376 1 0.9083 0
T 38670 84.0 0.8376 1 0.9083 0
T 38678 84.0 0.8383 1 0.9405 0
T 38685 84.0 0.8383 1 0.9405 0
T 38692 84.0 0.8383 1 0.9405 0
T 38700 84.0 0.8388 1 0.9862 0
T 38708 84.0 0.8388 1 0.9862 0
T 38715 84.0 0.8388 1 0.9862 0
T 38722 84.0 0.8387 1 0.0170 1
T 38730 84.0 0.8387 1 0.0170 0
T 38738 84.0 0.8387 1 0.0170 0
T 38745 84.0 0.8393 1 0.0492 0
T 38752 84.0 0.8393 1 0.0492 0
T 38760 84.0 0.8393 1 0.0492 0
T 38768 84.0 0.8393 1 0.0814 0
T 38775 84.0 0.8393 1 0.0814 0
T 38782 84.0 0.8393 1 0.0814 0
T 38790 84.0 0.8395 1 0.1122 0
T 38798 84.0 0.8395 1 0.1122 0
T 38805 84.0 0.8395 1 0.1122 0
T 38812 84.0 0.8394 1 0.1430 0
T 38820 84.0 0.8394 1 0.1430 0
T 38828 84.0 0.8394 1 0.1430 0
T 38835 84.0 0.8394 1 0.1752 0
T 38842 84.0 0.8394 1 0.1752 0
T 38850 84.0 0.8394 1 0.1752 0
T 38858 84.0 0.8394 1 0.1636 0
T 38865 84.0 0.8394 1 0.1636 0
T 38872 84.0 0.8394 1 0.1636 0
T 38880 84.0 0.8393 1 0.1944 0
T 38888 84.0 0.8393 1 0.1944 0
T 38895 84.0 0.8393 1 0.1944 0
T 38902 84.0 0.8389 1 0.2252 0
T 38910 84.0 0.8389 1 0.2252 0
T 38918 84.0 0.8389 1 0.2252 0
T 38925 84.0 0.8378 1 0.2574 0
T 38932 84.0 0.8378 1 0.2574 0
T 38940 84.0 0.8378 1 0.2574 0
T 38948 84.0 0.8366 1 0.2896 0
T 38955 84.0 0.8366 1 0.2896 0
T 38962 84.0 0.8366 1 0.2896 0
T 38970 84.0 0.8358 1 0.3204 0
T 38978 84.0 0.8358 1 0.3204 0
T 38985 84.0 0.8358 1 0.3204 0
T 38992 84.0 0.8351 1 0.3512 0
T 39000 84.0 0.8351 1 0.3512 0
T 39008 84.0 0.8351 1 0.3512 0
T 39015 84.0 0.8349 1 0.3834 0
T 39022 84.0 0.8349 1 0.3834 0
T 39030 84.0 0.8349 1 0.3834 0
T 39038 84.0 0.8344 1 0.3197 0
T 39045 84.0 0.8344 1 0.3197 0
T 39052 84.0 0.8344 1 0.3197 0
T 39060 84.0 0.8340 1 0.3505 0
T 39068 84.0 0.8340 1 0.3505 0
T 39075 84.0 0.8340 1 0.3505 0
T 39082 84.0 0.8335 1 0.3813 0
T 39090 84.0 0.8335 1 0.3813 0
T 39098 84.0 0.8335 1 0.3813 0
T 39105 84.0 0.8333 1 0.4134 0
T 39112 84.0 0.8333 1 0.4134 0
T 39120 84.0 0.8333 1 0.4134 0
T 39128 84.0 0.8333 1 0.4456 0
T 39135 84.0 0.8333 1 0.4456 0
T 39142 84.0 0.8333 1 0.4456 0
T 39150 84.0 0.8338 1 0.4764 0
T 39158 84.0 0.8338 1 0.4764 0
T 39165 84.0 0.8338 1 0.4764 0
T 39172 84.0 0.8342 1 0.4072 0
T 39180 84.0 0.8342 1 0.4072 0
T 39188 84.0 0.8342 1 0.4072 0
T 39195 84.0 0.8342 1 0.4393 0
T 39202 84.0 0.8342 1 0.4393 0
T 39210 84.0 0.8342 1 0.4393 0
T 39218 84.0 0.8339 1 0.4715 0
T 39225 84.0 0.8339 1 0.4715 0
T 39232 84.0 0.8339 1 0.4715 0
T 39240 84.0 0.8331 1 0.5023 0
T 39248 84.0 0.8331 1 0.5023 0
T 39255 84.0 0.8331 1 0.5023 0
T 39262 84.0 0.8323 1 0.5330 0
T 39270 84.0 0.8323 1 0.5330 0
T 39278 84.0 0.8323 1 0.5330 0
T 39285 84.0 0.8316 1 0.6652 0
T 39292 84.0 0.8316 1 0.6652 0
T 39300 84.0 0.8316 1 0.6652 0
T 39308 84.0 0.8310 1 0.6974 0
T 39315 84.0 0.8310 1 0.6974 0
T 39322 84.0 0.8310 1 0.6974 0
T 39330 84.0 0.8305 1 0.7282 0
T 39338 84.0 0.8305 1 0.7282 0
T 39345 84.0 0.8305 1 0.7282 0
T 39352 84.0 0.8300 1 0.7590 0
T 39360 84.0 0.8300 1 0.7590 0
T 39368 84.0 0.8300 1 0.7590 0
T 39375 84.0 0.8294 1 0.7912 0
T 39382 84.0 0.8294 1 0.7912 0
T 39390 84.0 0.8294 1 0.7912 0
T 39398 84.0 0.8293 1 0.8234 0
T 39405 84.0 0.8293 1 0.8234 0
T 39412 84.0 0.8293 1 0.8234 0
T 39420 84.0 0.8292 1 0.8984 0
T 39428 84.0 0.8292 1 0.8984 0
T 39435 84.0 0.8292 1 0.8984 0
T 39442 84.0 0.8290 1 0.9292 0
T 39450 84.0 0.8290 1 0.9292 0
T 39458 84.0 0.8290 1 0.9292 0
T 39465 84.0 0.8289 1 0.9614 0
T 39472 84.0 0.8289 1 0.9614 0
T 39480 84.0 0.8289 1 0.9614 0
T 39488 84.0 0.8277 1 0.9936 0
T 39495 84.0 0.8277 1 0.9936 0
T 39502 84.0 0.8277 1 0.9936 0
T 39510 84.0 0.8270 1 0.0260 1
T 39518 84.0 0.8270 1 0.0260 0
T 39525 84.0 0.8270 1 0.0260 0
T 39532 84.0 0.8266 1 0.0568 0
T 39540 84.0 0.8266 1 0.0568 0
T 39548 84.0 0.8266 1 0.0568 0
T 39555 84.0 0.8268 1 0.0890 0
T 39562 84.0 0.8268 1 0.0890 0
T 39570 84.0 0.8268 1 0.0890 0
T 39578 84.0 0.8269 1 0.1212 0
T 39585 84.0 0.8269 1 0.1212 0
T 39592 84.0 0.8269 1 0.1212 0
T 39600 84.0 0.8270 1 0.1520 0
T 39608 84.0 0.8270 1 0.1520 0
T 39615 84.0 0.8270 1 0.1520 0
T 39622 84.0 0.8269 1 0.1828 0
T 39630 84.0 0.8269 1 0.1828 0
T 39638 84.0 0.8269 1 0.1828 0
T 39645 84.0 0.8270 1 0.1693 0
T 39652 84.0 0.8270 1 0.1693 0
T 39660 84.0 0.8270 1 0.1693 0
T 39668 84.0 0.8271 1 0.2015 0
T 39675 84.0 0.8271 1 0.2015 0
T 39682 84.0 0.8271 1 0.2015 0
T 39690 84.0 0.8278 1 0.2323 0
T 39698 84.0 0.8278 1 0.2323 0
T 39705 84.0 0.8278 1 0.2323 0
T 39712 84.0 0.8287 1 0.2631 0
T 39720 84.0 0.8287 1 0.2631 0
T 39728 84.0 0.8287 1 0.2631 0
T 39735 84.0 0.8295 1 0.2953 0
T 39742 84.0 0.8295 1 0.2953 0
T 39750 84.0 0.8295 1 0.2953 0
T 39758 84.0 0.8298 1 0.3275 0
T 39765 84.0 0.8298 1 0.3275 0
T 39772 84.0 0.8298 1 0.3275 0
T 39780 84.0 0.8295 1 0.3583 0
T 39788 84.0 0.8295 1 0.3583 0
T 39795 84.0 0.8295 1 0.3583 0
T 39802 84.0 0.8291 1 0.3891 0
T 39810 84.0 0.8291 1 0.3891 0
T 39818 84.0 0.8291 1 0.3891 0
T 39825 84.0 0.8287 1 0.4213 0
T 39832 84.0 0.8287 1 0.4213 0
T 39840 84.0 0.8287 1 0.4213 0
T 39848 84.0 0.8284 1 0.4535 0
T 39855 84.0 0.8284 1 0.4535 0
T 39862 84.0 0.8284 1 0.4535 0
T 39870 84.0 0.8285 1 0.4843 0
T 39878 84.0 0.8285 1 0.4843 0
T 39885 84.0 0.8285 1 0.4843 0
T 39892 84.0 0.8285 1 0.4151 0
T 39900 84.0 0.8285 1 0.4151 0
T 39908 84.0 0.8285 1 0.4151 0
T 39915 84.0 0.8286 1 0.4473 0
T 39922 84.0 0.8286 1 0.4473 0
T 39930 84.0 0.8286 1 0.4473 0
T 39938 84.0 0.8288 1 0.4794 0
T 39945 84.0 0.8288 1 0.4794 0
T 39952 84.0 0.8288 1 0.4794 0
T 39960 84.0 0.8288 1 0.5102 0
T 39968 84.0 0.8288 1 0.5102 0
T 39975 84.0 0.8288 1 0.5102 0
T 39982 84.0 0.8285 1 0.5410 0
T 39990 84.0 0.8285 1 0.5410 0
T 39998 84.0 0.8285 1 0.5410 0
T 40005 84.0 0.8281 1 0.5732 0
T 40012 84.0 0.8281 1 0.5732 0
T 40020 84.0 0.8281 1 0.5732 0
T 40028 84.0 0.8282 1 0.6054 0
T 40035 84.0 0.8282 1 0.6054 0
T 40042 84.0 0.8282 1 0.6054 0
T 40050 84.0 0.8287 1 0.6361 0
T 40058 84.0 0.8287 1 0.6361 0
T 40065 84.0 0.8287 1 0.6361 0
T 40072 84.0 0.8296 1 0.6669 0
T 40080 84.0 0.8296 1 0.6669 0
T 40088 84.0 0.8296 1 0.6669 0
T 40095 84.0 0.8305 1 0.6991 0
T 40102 84.0 0.8305 1 0.6991 0
T 40110 84.0 0.8305 1 0.6991 0
T 40118 84.0 0.8312 1 0.8065 0
T 40125 84.0 0.8312 1 0.8065 0
T 40132 84.0 0.8312 1 0.8065 0
T 40140 84.0 0.8317 1 0.8373 0
T 40148 84.0 0.8317 1 0.8373 0
T 40155 84.0 0.8317 1 0.8373 0
T 40162 84.0 0.8320 1 0.8681 0
T 40170 84.0 0.8320 1 0.8681 0
T 40178 84.0 0.8320 1 0.8681 0
T 40185 84.0 0.8324 1 0.9003 0
T 40192 84.0 0.8324 1 0.9003 0
T 40200 84.0 0.8324 1 0.9003 0
T 40208 84.0 0.8318 1 0.9325 0
T 40215 84.0 0.8318 1 0.9325 0
T 40222 84.0 0.8318 1 0.9325 0
T 40230 84.0 0.8313 1 0.9634 0
T 40238 84.0 0.8313 1 0.9634 0
T 40245 84.0 0.8313 1 0.9634 0
T 40252 84.0 0.8309 1 0.9942 0
T 40260 84.0 0.8309 1 0.9942 0
T 40268 84.0 0.8309 1 0.9942 0
T 40275 84.0 0.8306 1 0.0264 1
T 40282 84.0 0.8306 1 0.0264 0
T 40290 84.0 0.8306 1 0.0264 0
T 40298 84.0 0.8301 1 0.0520 0
T 40305 84.0 0.8301 1 0.0520 0
T 40312 84.0 0.8301 1 0.0520 0
T 40320 84.0 0.8293 1 0.0828 0
T 40328 84.0 0.8293 1 0.0828 0
T 40335 84.0 0.8293 1 0.0828 0
T 40342 84.0 0.8286 1 0.0929 0
T 40350 84.0 0.8286 1 0.0929 0
T 40358 84.0 0.8286 1 0.0929 0
T 40365 84.0 0.8283 1 0.1251 0
T 40372 84.0 0.8283 1 0.1251 0
T 40380 84.0 0.8283 1 0.1251 0
T 40388 84.0 0.8280 1 0.1573 0
T 40395 84.0 0.8280 1 0.1573 0
T 40402 84.0 0.8280 1 0.1573 0
T 40410 84.0 0.8270 1 0.1881 0
T 40418 84.0 0.8270 1 0.1881 0
T 40425 84.0 0.8270 1 0.1881 0
T 40432 84.0 0.8259 1 0.1719 0
T 40440 84.0 0.8259 1 0.1719 0
T 40448 84.0 0.8259 1 0.1719 0
T 40455 84.0 0.8254 1 0.2040 0
T 40462 84.0 0.8254 1 0.2040 0
T 40470 84.0 0.8254 1 0.2040 0
T 40478 84.0 0.8247 1 0.2362 0
T 40485 84.0 0.8247 1 0.2362 0
T 40492 84.0 0.8247 1 0.2362 0
T 40500 84.0 0.8246 1 0.2670 0
T 40508 84.0 0.8246 1 0.2670 0
T 40515 84.0 0.8246 1 0.2670 0
T 40522 84.0 0.8242 1 0.2311 0
T 40530 84.0 0.8242 1 0.2311 0
T 40538 84.0 0.8242 1 0.2311 0
T 40545 84.0 0.8248 1 0.2632 0
T 40552 84.0 0.8248 1 0.2632 0
T 40560 84.0 0.8248 1 0.2632 0
T 40568 84.0 0.8264 1 0.2954 0
T 40575 84.0 0.8264 1 0.2954 0
T 40582 84.0 0.8264 1 0.2954 0
T 40590 84.0 0.8278 1 0.3262 0
T 40598 84.0 0.8278 1 0.3262 0
T 40605 84.0 0.8278 1 0.3262 0
T 40612 84.0 0.8286 1 0.2754 0
T 40620 84.0 0.8286 1 0.2754 0
T 40628 84.0 0.8286 1 0.2754 0
T 40635 84.0 0.8288 1 0.3076 0
T 40642 84.0 0.8288 1 0.3076 0
T 40650 84.0 0.8288 1 0.3076 0
T 40658 84.0 0.8287 1 0.3398 0
T 40665 84.0 0.8287 1 0.3398 0
T 40672 84.0 0.8287 1 0.3398 0
T 40680 84.0 0.8281 1 0.3705 0
T 40688 84.0 0.8281 1 0.3705 0
T 40695 84.0 0.8281 1 0.3705 0
T 40702 84.0 0.8283 1 0.4013 0
T 40710 84.0 0.8283 1 0.4013 0
T 40718 84.0 0.8283 1 0.4013 0
T 40725 84.0 0.8284 1 0.4335 0
T 40732 84.0 0.8284 1 0.4335 0
T 40740 84.0 0.8284 1 0.4335 0
T 40748 84.0 0.8287 1 0.4657 0
T 40755 84.0 0.8287 1 0.4657 0
T 40762 84.0 0.8287 1 0.4657 0
T 40770 84.0 0.8285 1 0.4964 0
T 40778 84.0 0.8285 1 0.4964 0
T 40785 84.0 0.8285 1 0.4964 0
T 40792 84.0 0.8279 1 0.4272 0
T 40800 84.0 0.8279 1 0.4272 0
T 40808 84.0 0.8279 1 0.4272 0
T 40815 84.0 0.8274 1 0.4594 0
T 40822 84.0 0.8274 1 0.4594 0
T 40830 84.0 0.8274 1 0.4594 0
T 40838 84.0 0.8273 1 0.3915 0
T 40845 84.0 0.8273 1 0.3915 0
T 40852 84.0 0.8273 1 0.3915 0
T 40860 84.0 0.8271 1 0.4223 0
T 40868 84.0 0.8271 1 0.4223 0
T 40875 84.0 0.8271 1 0.4223 0
T 40882 84.0 0.8267 1 0.4530 0
T 40890 84.0 0.8267 1 0.4530 0
T 40898 84.0 0.8267 1 0.4530 0
T 40905 84.0 0.8261 1 0.4852 0
T 40912 84.0 0.8261 1 0.4852 0
T 40920 84.0 0.8261 1 0.4852 0
T 40928 84.0 0.8258 1 0.5173 0
T 40935 84.0 0.8258 1 0.5173 0
T 40942 84.0 0.8258 1 0.5173 0
T 40950 84.0 0.8255 1 0.5481 0
T 40958 84.0 0.8255 1 0.5481 0
T 40965 84.0 0.8255 1 0.5481 0
T 40972 84.0 0.8257 1 0.5789 0
T 40980 84.0 0.8257 1 0.5789 0
T 40988 84.0 0.8257 1 0.5789 0
T 40995 84.0 0.8264 1 0.6110 0
T 41002 84.0 0.8264 1 0.6110 0
T 41010 84.0 0.8264 1 0.6110 0
T 41018 84.0 0.8274 1 0.6432 0
T 41025 84.0 0.8274 1 0.6432 0
T 41032 84.0 0.8274 1 0.6432 0
T 41040 84.0 0.8285 1 0.6740 0
T 41048 84.0 0.8285 1 0.6740 0
T 41055 84.0 0.8285 1 0.6740 0
T 41062 84.0 0.8294 1 0.7048 0
T 41070 84.0 0.8294 1 0.7048 0
T 41078 84.0 0.8294 1 0.7048 0
T 41085 84.0 0.8303 1 0.7369 0
T 41092 84.0 0.8303 1 0.7369 0
T 41100 84.0 0.8303 1 0.7369 0
T 41108 84.0 0.8305 1 0.7691 0
T 41115 84.0 0.8305 1 0.7691 0
T 41122 84.0 0.8305 1 0.7691 0
T 41130 84.0 0.8309 1 0.7999 0
T 41138 84.0 0.8309 1 0.7999 0
T 41145 84.0 0.8309 1 0.7999 0
T 41152 84.0 0.8309 1 0.8307 0
T 41160 84.0 0.8309 1 0.8307 0
T 41168 84.0 0.8309 1 0.8307 0
T 41175 84.0 0.8306 1 0.8629 0
T 41182 84.0 0.8306 1 0.8629 0
T 41190 84.0 0.8306 1 0.8629 0
T 41198 84.0 0.8302 1 0.8951 0
T 41205 84.0 0.8302 1 0.8951 0
T 41212 84.0 0.8302 1 0.8951 0
T 41220 84.0 0.8298 1 0.9258 0
T 41228 84.0 0.8298 1 0.9258 0
T 41235 84.0 0.8298 1 0.9258 0
T 41242 84.0 0.8289 1 0.9566 0
T 41250 84.0 0.8289 1 0.9566 0
T 41258 84.0 0.8289 1 0.9566 0
T 41265 84.0 0.8278 1 0.9888 0
T 41272 84.0 0.8278 1 0.9888 0
T 41280 84.0 0.8278 1 0.9888 0
T 41288 84.0 0.8272 1 0.0210 1
T 41295 84.0 0.8272 1 0.0210 0
T 41302 84.0 0.8272 1 0.0210 0
T 41310 84.0 0.8268 1 0.0466 0
T 41318 84.0 0.8268 1 0.0466 0
T 41325 84.0 0.8268 1 0.0466 0
T 41332 84.0 0.8267 1 0.0773 0
T 41340 84.0 0.8267 1 0.0773 0
T 41348 84.0 0.8267 1 0.0773 0
T 41355 84.0 0.8265 1 0.1095 0
T 41362 84.0 0.8265 1 0.1095 0
T 41370 84.0 0.8265 1 0.1095 0
T 41378 84.0 0.8259 1 0.1417 0
T 41385 84.0 0.8259 1 0.1417 0
T 41392 84.0 0.8259 1 0.1417 0
T 41400 84.0 0.8257 1 0.1725 0
T 41408 84.0 0.8257 1 0.1725 0
T 41415 84.0 0.8257 1 0.1725 0
T 41422 84.0 0.8256 1 0.2033 0
T 41430 84.0 0.8256 1 0.2033 0
T 41438 84.0 0.8256 1 0.2033 0
T 41445 84.0 0.8265 1 0.2355 0
T 41452 84.0 0.8265 1 0.2355 0
T 41460 84.0 0.8265 1 0.2355 0
T 41468 84.0 0.8274 1 0.2677 0
T 41475 84.0 0.8274 1 0.2677 0
T 41482 84.0 0.8274 1 0.2677 0
T 41490 84.0 0.8287 1 0.2985 0
T 41498 84.0 0.8287 1 0.2985 0
T 41505 84.0 0.8287 1 0.2985 0
T 41512 84.0 0.8294 1 0.3293 0
T 41520 84.0 0.8294 1 0.3293 0
T 41528 84.0 0.8294 1 0.3293 0
T 41535 84.0 0.8311 1 0.3615 0
T 41542 84.0 0.8311 1 0.3615 0
T 41550 84.0 0.8311 1 0.3615 0
T 41558 84.0 0.8326 1 0.3033 0
T 41565 84.0 0.8326 1 0.3033 0
T 41572 84.0 0.8326 1 0.3033 0
T 41580 84.0 0.8334 1 0.3341 0
T 41588 84.0 0.8334 1 0.3341 0
T 41595 84.0 0.8334 1 0.3341 0
T 41602 84.0 0.8343 1 0.3649 0
T 41610 84.0 0.8343 1 0.3649 0
T 41618 84.0 0.8343 1 0.3649 0
T 41625 84.0 0.8347 1 0.3971 0
T 41632 84.0 0.8347 1 0.3971 0
T 41640 84.0 0.8347 1 0.3971 0
T 41648 84.0 0.8351 1 0.4292 0
T 41655 84.0 0.8351 1 0.4292 0
T 41662 84.0 0.8351 1 0.4292 0
T 41670 84.0 0.8355 1 0.4600 0
T 41678 84.0 0.8355 1 0.4600 0
T 41685 84.0 0.8355 1 0.4600 0
T 41692 84.0 0.8359 1 0.4908 0
T 41700 84.0 0.8359 1 0.4908 0
T 41708 84.0 0.8359 1 0.4908 0
T 41715 84.0 0.8362 1 0.5230 0
T 41722 84.0 0.8362 1 0.5230 0
T 41730 84.0 0.8362 1 0.5230 0
T 41738 84.0 0.8365 1 0.5552 0
T 41745 84.0 0.8365 1 0.5552 0
T 41752 84.0 0.8365 1 0.5552 0
T 41760 84.0 0.8360 1 0.5860 0
T 41768 84.0 0.8360 1 0.5860 0
T 41775 84.0 0.8360 1 0.5860 0
T 41782 84.0 0.8348 1 0.7168 0
T 41790 84.0 0.8348 1 0.7168 0
T 41798 84.0 0.8348 1 0.7168 0
T 41805 84.0 0.8338 1 0.7490 0
T 41812 84.0 0.8338 1 0.7490 0
T 41820 84.0 0.8338 1 0.7490 0
T 41828 84.0 0.8331 1 0.7812 0
T 41835 84.0 0.8331 1 0.7812 0
T 41842 84.0 0.8331 1 0.7812 0
T 41850 84.0 0.8324 1 0.8120 0
T 41858 84.0 0.8324 1 0.8120 0
T 41865 84.0 0.8324 1 0.8120 0
T 41872 84.0 0.8318 1 0.8428 0
T 41880 84.0 0.8318 1 0.8428 0
T 41888 84.0 0.8318 1 0.8428 0
T 41895 84.0 0.8313 1 0.8750 0
T 41902 84.0 0.8313 1 0.8750 0
T 41910 84.0 0.8313 1 0.8750 0
T 41918 84.0 0.8309 1 0.9072 0
T 41925 84.0 0.8309 1 0.9072 0
T 41932 84.0 0.8309 1 0.9072 0
T 41940 84.0 0.8305 1 0.9381 0
T 41948 84.0 0.8305 1 0.9381 0
T 41955 84.0 0.8305 1 0.9381 0
T 41962 84.0 0.8301 1 0.9689 0
T 41970 84.0 0.8301 1 0.9689 0
T 41978 84.0 0.8301 1 0.9689 0
T 41985 84.0 0.8297 1 0.0011 1
T 41992 84.0 0.8297 1 0.0011 0
T 42000 84.0 0.8297 1 0.0011 0
T 42008 84.0 0.8307 1 0.0333 0
T 42015 84.0 0.8307 1 0.0333 0
T 42022 84.0 0.8307 1 0.0333 0
T 42030 84.0 0.8311 1 0.0558 0
T 42038 84.0 0.8311 1 0.0558 0
T 42045 84.0 0.8311 1 0.0558 0
T 42052 84.0 0.8318 1 0.0866 0
T 42060 84.0 0.8318 1 0.0866 0
T 42068 84.0 0.8318 1 0.0866 0
T 42075 84.0 0.8322 1 0.1188 0
T 42082 84.0 0.8322 1 0.1188 0
T 42090 84.0 0.8322 1 0.1188 0
T 42098 84.0 0.8325 1 0.1510 0
T 42105 84.0 0.8325 1 0.1510 0
T 42112 84.0 0.8325 1 0.1510 0
T 42120 84.0 0.8332 1 0.1818 0
T 42128 84.0 0.8332 1 0.1818 0
T 42135 84.0 0.8332 1 0.1818 0
T 42142 84.0 0.8336 1 0.2126 0
T 42150 84.0 0.8336 1 0.2126 0
T 42158 84.0 0.8336 1 0.2126 0
T 42165 84.0 0.8337 1 0.2448 0
T 42172 84.0 0.8337 1 0.2448 0
T 42180 84.0 0.8337 1 0.2448 0
T 42188 84.0 0.8340 1 0.2770 0
T 42195 84.0 0.8340 1 0.2770 0
T 42202 84.0 0.8340 1 0.2770 0
T 42210 84.0 0.8341 1 0.3078 0
T 42218 84.0 0.8341 1 0.3078 0
T 42225 84.0 0.8341 1 0.3078 0
T 42232 84.0 0.8335 1 0.3386 0
T 42240 84.0 0.8335 1 0.3386 0
T 42248 84.0 0.8335 1 0.3386 0
T 42255 84.0 0.8331 1 0.2861 0
T 42262 84.0 0.8331 1 0.2861 0
T 42270 84.0 0.8331 1 0.2861 0
T 42278 84.0 0.8324 1 0.3183 0
T 42285 84.0 0.8324 1 0.3183 0
T 42292 84.0 0.8324 1 0.3183 0
T 42300 84.0 0.8317 1 0.3491 0
T 42308 84.0 0.8317 1 0.3491 0
T 42315 84.0 0.8317 1 0.3491 0
T 42322 84.0 0.8310 1 0.2926 0
T 42330 84.0 0.8310 1 0.2926 0
T 42338 84.0 0.8310 1 0.2926 0
T 42345 84.0 0.8299 1 0.3248 0
T 42352 84.0 0.8299 1 0.3248 0
T 42360 84.0 0.8299 1 0.3248 0
T 42368 84.0 0.8293 1 0.3569 0
T 42375 84.0 0.8293 1 0.3569 0
T 42382 84.0 0.8293 1 0.3569 0
T 42390 84.0 0.8290 1 0.2985 0
T 42398 84.0 0.8290 1 0.2985 0
T 42405 84.0 0.8290 1 0.2985 0
T 42412 84.0 0.8286 1 0.3292 0
T 42420 84.0 0.8286 1 0.3292 0
T 42428 84.0 0.8286 1 0.3292 0
T 42435 84.0 0.8283 1 0.3614 0
T 42442 84.0 0.8283 1 0.3614 0
T 42450 84.0 0.8283 1 0.3614 0
T 42458 84.0 0.8282 1 0.3936 0
T 42465 84.0 0.8282 1 0.3936 0
T 42472 84.0 0.8282 1 0.3936 0
T 42480 84.0 0.8294 1 0.4243 0
T 42488 84.0 0.8294 1 0.4243 0
T 42495 84.0 0.8294 1 0.4243 0
T 42502 84.0 0.8303 1 0.3551 0
T 42510 84.0 0.8303 1 0.3551 0
T 42518 84.0 0.8303 1 0.3551 0
T 42525 84.0 0.8313 1 0.3873 0
T 42532 84.0 0.8313 1 0.3873 0
T 42540 84.0 0.8313 1 0.3873 0
T 42548 84.0 0.8323 1 0.4194 0
T 42555 84.0 0.8323 1 0.4194 0
T 42562 84.0 0.8323 1 0.4194 0
T 42570 84.0 0.8333 1 0.4502 0
T 42578 84.0 0.8333 1 0.4502 0
T 42585 84.0 0.8333 1 0.4502 0
T 42592 84.0 0.8347 1 0.4809 0
T 42600 84.0 0.8347 1 0.4809 0
T 42608 84.0 0.8347 1 0.4809 0
T 42615 84.0 0.8355 1 0.5131 0
T 42622 84.0 0.8355 1 0.5131 0
T 42630 84.0 0.8355 1 0.5131 0
T 42638 84.0 0.8358 1 0.5453 0
T 42645 84.0 0.8358 1 0.5453 0
T 42652 84.0 0.8358 1 0.5453 0
T 42660 84.0 0.8362 1 0.5760 0
T 42668 84.0 0.8362 1 0.5760 0
T 42675 84.0 0.8362 1 0.5760 0
T 42682 84.0 0.8375 1 0.6068 0
T 42690 84.0 0.8375 1 0.6068 0
T 42698 84.0 0.8375 1 0.6068 0
T 42705 84.0 0.8384 1 0.6390 0
T 42712 84.0 0.8384 1 0.6390 0
T 42720 84.0 0.8384 1 0.6390 0
T 42728 84.0 0.8393 1 0.6712 0
T 42735 84.0 0.8393 1 0.6712 0
T 42742 84.0 0.8393 1 0.6712 0
T 42750 84.0 0.8401 1 0.7020 0
T 42758 84.0 0.8401 1 0.7020 0
T 42765 84.0 0.8401 1 0.7020 0
T 42772 84.0 0.8410 1 0.7327 0
T 42780 84.0 0.8410 1 0.7327 0
T 42788 84.0 0.8410 1 0.7327 0
T 42795 84.0 0.8417 1 0.7649 0
T 42802 84.0 0.8417 1 0.7649 0
T 42810 84.0 0.8417 1 0.7649 0
T 42818 84.0 0.8422 1 0.7971 0
T 42825 84.0 0.8422 1 0.7971 0
T 42832 84.0 0.8422 1 0.7971 0
T 42840 84.0 0.8432 1 0.8279 0
T 42848 84.0 0.8432 1 0.8279 0
T 42855 84.0 0.8432 1 0.8279 0
T 42862 84.0 0.8436 1 0.8587 0
T 42870 84.0 0.8436 1 0.8587 0
T 42878 84.0 0.8436 1 0.8587 0
T 42885 84.0 0.8446 1 0.8909 0
T 42892 84.0 0.8446 1 0.8909 0
T 42900 84.0 0.8446 1 0.8909 0
T 42908 84.0 0.8454 1 0.9231 0
T 42915 84.0 0.8454 1 0.9231 0
T 42922 84.0 0.8454 1 0.9231 0
T 42930 84.0 0.8462 1 0.9539 0
T 42938 84.0 0.8462 1 0.9539 0
T 42945 84.0 0.8462 1 0.9539 0
T 42952 84.0 0.8471 1 0.9847 0
T 42960 84.0 0.8471 1 0.9847 0
T 42968 84.0 0.8471 1 0.9847 0
T 42975 84.0 0.8481 1 0.0207 1
T 42982 84.0 0.8481 1 0.0207 0
T 42990 84.0 0.8481 1 0.0207 0
T 42998 84.0 0.8492 1 0.0529 0
T 43005 84.0 0.8492 1 0.0529 0
T 43012 84.0 0.8492 1 0.0529 0
T 43020 84.0 0.8500 1 0.0837 0
T 43028 84.0 0.8500 1 0.0837 0
T 43035 84.0 0.8500 1 0.0837 0
T 43042 84.0 0.8505 1 0.1145 0
T 43050 84.0 0.8505 1 0.1145 0
T 43058 84.0 0.8505 1 0.1145 0
T 43065 84.0 0.8495 1 0.1467 0
T 43072 84.0 0.8495 1 0.1467 0
T 43080 84.0 0.8495 1 0.1467 0
T 43088 84.0 0.8483 1 0.1789 0
T 43095 84.0 0.8483 1 0.1789 0
T 43102 84.0 0.8483 1 0.1789 0
T 43110 84.0 0.8471 1 0.2097 0
T 43118 84.0 0.8471 1 0.2097 0
T 43125 84.0 0.8471 1 0.2097 0
T 43132 84.0 0.8461 1 0.2405 0
T 43140 84.0 0.8461 1 0.2405 0
T 43148 84.0 0.8461 1 0.2405 0
T 43155 84.0 0.8454 1 0.2727 0
T 43162 84.0 0.8454 1 0.2727 0
T 43170 84.0 0.8454 1 0.2727 0
T 43178 84.0 0.8452 1 0.3049 0
T 43185 84.0 0.8452 1 0.3049 0
T 43192 84.0 0.8452 1 0.3049 0
T 43200 84.0 0.8463 1 0.3357 0
T 43208 84.0 0.8463 1 0.3357 0
T 43215 84.0 0.8463 1 0.3357 0
T 43222 84.0 0.8471 1 0.2825 0
T 43230 84.0 0.8471 1 0.2825 0
T 43238 84.0 0.8471 1 0.2825 0
T 43245 84.0 0.8480 1 0.3147 0
T 43252 84.0 0.8480 1 0.3147 0
T 43260 84.0 0.8480 1 0.3147 0
T 43268 84.0 0.8488 1 0.3469 0
T 43275 84.0 0.8488 1 0.3469 0
T 43282 84.0 0.8488 1 0.3469 0
T 43290 84.0 0.8493 1 0.3777 0
T 43298 84.0 0.8493 1 0.3777 0
T 43305 84.0 0.8493 1 0.3777 0
T 43312 84.0 0.8499 1 0.4085 0
T 43320 84.0 0.8499 1 0.4085 0
T 43328 84.0 0.8499 1 0.4085 0
T 43335 84.0 0.8501 1 0.4407 0
T 43342 84.0 0.8501 1 0.4407 0
T 43350 84.0 0.8501 1 0.4407 0
T 43358 84.0 0.8504 1 0.4728 0
T 43365 84.0 0.8504 1 0.4728 0
T 43372 84.0 0.8504 1 0.4728 0
T 43380 84.0 0.8509 1 0.5036 0
T 43388 84.0 0.8509 1 0.5036 0
T 43395 84.0 0.8509 1 0.5036 0
T 43402 84.0 0.8515 1 0.5344 0
T 43410 84.0 0.8515 1 0.5344 0
T 43418 84.0 0.8515 1 0.5344 0
T 43425 84.0 0.8515 1 0.5666 0
T 43432 84.0 0.8515 1 0.5666 0
T 43440 84.0 0.8515 1 0.5666 0
T 43448 84.0 0.8468 1 0.5988 0
T 43455 84.0 0.8468 1 0.5988 0
T 43462 84.0 0.8468 1 0.5988 0
T 43470 84.0 0.8440 1 0.7296 0
T 43478 84.0 0.8440 1 0.7296 0
T 43485 84.0 0.8440 1 0.7296 0
T 43492 84.0 0.8415 1 0.7604 0
T 43500 84.0 0.8415 1 0.7604 0
T 43508 84.0 0.8415 1 0.7604 0
T 43515 84.0 0.8389 1 0.7926 0
T 43522 84.0 0.8389 1 0.7926 0
T 43530 84.0 0.8389 1 0.7926 0
T 43538 84.0 0.8357 1 0.8248 0
T 43545 84.0 0.8357 1 0.8248 0
T 43552 84.0 0.8357 1 0.8248 0
T 43560 84.0 0.8332 1 0.8557 0
T 43568 84.0 0.8332 1 0.8557 0
T 43575 84.0 0.8332 1 0.8557 0
T 43582 84.0 0.8311 1 0.8865 0
T 43590 84.0 0.8311 1 0.8865 0
T 43598 84.0 0.8311 1 0.8865 0
T 43605 84.0 0.8290 1 0.9187 0
T 43612 84.0 0.8290 1 0.9187 0
T 43620 84.0 0.8290 1 0.9187 0
T 43628 84.0 0.8275 1 0.9509 0
T 43635 84.0 0.8275 1 0.9509 0
T 43642 84.0 0.8275 1 0.9509 0
T 43650 84.0 0.8255 1 0.9817 0
T 43658 84.0 0.8255 1 0.9817 0
T 43665 84.0 0.8255 1 0.9817 0
T 43672 84.0 0.8281 1 0.0125 1
T 43680 84.0 0.8281 1 0.0125 0
T 43688 84.0 0.8281 1 0.0125 0
T 43695 84.0 0.8314 1 0.0416 0
T 43702 84.0 0.8314 1 0.0416 0
T 43710 84.0 0.8314 1 0.0416 0
T 43718 84.0 0.8340 1 0.0738 0
T 43725 84.0 0.8340 1 0.0738 0
T 43732 84.0 0.8340 1 0.0738 0
T 43740 84.0 0.8363 1 0.1046 0
T 43748 84.0 0.8363 1 0.1046 0
T 43755 84.0 0.8363 1 0.1046 0
T 43762 84.0 0.8379 1 0.1354 0
T 43770 84.0 0.8379 1 0.1354 0
T 43778 84.0 0.8379 1 0.1354 0
T 43785 84.0 0.8396 1 0.1676 0
T 43792 84.0 0.8396 1 0.1676 0
T 43800 84.0 0.8396 1 0.1676 0
T 43808 84.0 0.8405 1 0.1998 0
T 43815 84.0 0.8405 1 0.1998 0
T 43822 84.0 0.8405 1 0.1998 0
T 43830 84.0 0.8410 1 0.2306 0
T 43838 84.0 0.8410 1 0.2306 0
T 43845 84.0 0.8410 1 0.2306 0
T 43852 84.0 0.8415 1 0.2614 0
T 43860 84.0 0.8415 1 0.2614 0
T 43868 84.0 0.8415 1 0.2614 0
T 43875 84.0 0.8418 1 0.2936 0
T 43882 84.0 0.8418 1 0.2936 0
T 43890 84.0 0.8418 1 0.2936 0
T 43898 84.0 0.8421 1 0.3258 0
T 43905 84.0 0.8421 1 0.3258 0
T 43912 84.0 0.8421 1 0.3258 0
T 43920 84.0 0.8427 1 0.3566 0
T 43928 84.0 0.8427 1 0.3566 0
T 43935 84.0 0.8427 1 0.3566 0
T 43942 84.0 0.8433 1 0.2983 0
T 43950 84.0 0.8433 1 0.2983 0
T 43958 84.0 0.8433 1 0.2983 0
T 43965 84.0 0.8437 1 0.3304 0
T 43972 84.0 0.8437 1 0.3304 0
T 43980 84.0 0.8437 1 0.3304 0
T 43988 84.0 0.8441 1 0.3626 0
T 43995 84.0 0.8441 1 0.3626 0
T 44002 84.0 0.8441 1 0.3626 0
T 44010 126.0 0.8629 1 0.3950 0
T 44018 126.0 0.8629 1 0.3950 0
T 44025 126.0 0.8629 1 0.3950 0
T 44032 126.0 0.8791 1 0.4395 0
T 44040 126.0 0.8791 1 0.4395 0
T 44048 126.0 0.8791 1 0.4395 0
T 44055 126.0 0.8937 1 0.4862 0
T 44062 126.0 0.8937 1 0.4862 0
T 44070 126.0 0.8937 1 0.4862 0
T 44078 126.0 0.9063 1 0.5331 0
T 44085 126.0 0.9063 1 0.5331 0
T 44092 126.0 0.9063 1 0.5331 0
T 44100 126.0 0.9166 1 0.5781 0
T 44108 126.0 0.9166 1 0.5781 0
T 44115 126.0 0.9166 1 0.5781 0
T 44122 126.0 0.9255 1 0.6232 0
T 44130 126.0 0.9255 1 0.6232 0
T 44138 126.0 0.9255 1 0.6232 0
T 44145 126.0 0.9335 1 0.6705 0
T 44152 126.0 0.9335 1 0.6705 0
T 44160 126.0 0.9335 1 0.6705 0
T 44168 126.0 0.9404 1 0.7179 0
T 44175 126.0 0.9404 1 0.7179 0
T 44182 126.0 0.9404 1 0.7179 0
T 44190 126.0 0.9460 1 0.8338 0
T 44198 126.0 0.9460 1 0.8338 0
T 44205 126.0 0.9460 1 0.8338 0
T 44212 126.0 0.9509 1 0.8793 0
T 44220 126.0 0.9509 1 0.8793 0
T 44228 126.0 0.9509 1 0.8793 0
T 44235 126.0 0.9552 1 0.9270 0
T 44242 126.0 0.9552 1 0.9270 0
T 44250 126.0 0.9552 1 0.9270 0
T 44258 126.0 0.9590 1 0.9747 0
T 44265 126.0 0.9590 1 0.9747 0
T 44272 126.0 0.9590 1 0.9747 0
T 44280 126.0 0.9621 1 0.0204 1
T 44288 126.0 0.9621 1 0.0204 0
T 44295 126.0 0.9621 1 0.0204 0
T 44302 126.0 0.9647 1 0.0661 0
T 44310 126.0 0.9647 1 0.0661 0
T 44318 126.0 0.9647 1 0.0661 0
T 44325 126.0 0.9671 1 0.1140 0
T 44332 126.0 0.9671 1 0.1140 0
T 44340 126.0 0.9671 1 0.1140 0
T 44348 126.0 0.9692 1 0.1619 0
T 44355 126.0 0.9692 1 0.1619 0
T 44362 126.0 0.9692 1 0.1619 0
T 44370 126.0 0.9709 1 0.2078 0
T 44378 126.0 0.9709 1 0.2078 0
T 44385 126.0 0.9709 1 0.2078 0
T 44392 126.0 0.9723 1 0.2537 0
T 44400 126.0 0.9723 1 0.2537 0
T 44408 126.0 0.9723 1 0.2537 0
T 44415 126.0 0.9737 1 0.2383 0
T 44422 126.0 0.9737 1 0.2383 0
T 44430 126.0 0.9737 1 0.2383 0
T 44438 126.0 0.9749 1 0.2863 0
T 44445 126.0 0.9749 1 0.2863 0
T 44452 126.0 0.9749 1 0.2863 0
T 44460 126.0 0.9759 1 0.3323 0
T 44468 126.0 0.9759 1 0.3323 0
T 44475 126.0 0.9759 1 0.3323 0
T 44482 126.0 0.9767 1 0.3782 0
T 44490 126.0 0.9767 1 0.3782 0
T 44498 126.0 0.9767 1 0.3782 0
T 44505 126.0 0.9774 1 0.4263 0
T 44512 126.0 0.9774 1 0.4263 0
T 44520 126.0 0.9774 1 0.4263 0
T 44528 126.0 0.9780 1 0.4745 0
T 44535 126.0 0.9780 1 0.4745 0
T 44542 126.0 0.9780 1 0.4745 0
T 44550 126.0 0.9785 1 0.5205 0
T 44558 126.0 0.9785 1 0.5205 0
T 44565 126.0 0.9785 1 0.5205 0
T 44572 126.0 0.9789 1 0.5666 0
T 44580 126.0 0.9789 1 0.5666 0
T 44588 126.0 0.9789 1 0.5666 0
T 44595 126.0 0.9793 1 0.6147 0
T 44602 126.0 0.9793 1 0.6147 0
T 44610 126.0 0.9793 1 0.6147 0
T 44618 126.0 0.9797 1 0.6629 0
T 44625 126.0 0.9797 1 0.6629 0
T 44632 126.0 0.9797 1 0.6629 0
T 44640 126.0 0.9800 1 0.7090 0
T 44648 126.0 0.9800 1 0.7090 0
T 44655 126.0 0.9800 1 0.7090 0
T 44662 126.0 0.9803 1 0.8279 0
T 44670 126.0 0.9803 1 0.8279 0
T 44678 126.0 0.9803 1 0.8279 0
T 44685 126.0 0.9805 1 0.8761 0
T 44692 126.0 0.9805 1 0.8761 0
T 44700 126.0 0.9805 1 0.8761 0
T 44708 126.0 0.9807 1 0.9244 0
T 44715 126.0 0.9807 1 0.9244 0
T 44722 126.0 0.9807 1 0.9244 0
T 44730 126.0 0.9809 1 0.9705 0
T 44738 126.0 0.9809 1 0.9705 0
T 44745 126.0 0.9809 1 0.9705 0
T 44752 126.0 0.9810 1 0.0167 1
T 44760 126.0 0.9810 1 0.0167 0
T 44768 126.0 0.9810 1 0.0167 0
T 44775 126.0 0.9812 1 0.0649 0
T 44782 126.0 0.9812 1 0.0649 0
T 44790 126.0 0.9812 1 0.0649 0
T 44798 126.0 0.9813 1 0.1132 0
T 44805 126.0 0.9813 1 0.1132 0
T 44812 126.0 0.9813 1 0.1132 0
T 44820 126.0 0.9814 1 0.1594 0
T 44828 126.0 0.9814 1 0.1594 0
T 44835 126.0 0.9814 1 0.1594 0
T 44842 126.0 0.9815 1 0.2055 0
T 44850 126.0 0.9815 1 0.2055 0
T 44858 126.0 0.9815 1 0.2055 0
T 44865 126.0 0.9816 1 0.2538 0
T 44872 126.0 0.9816 1 0.2538 0
T 44880 126.0 0.9816 1 0.2538 0
T 44888 126.0 0.9817 1 0.3021 0
T 44895 126.0 0.9817 1 0.3021 0
T 44902 126.0 0.9817 1 0.3021 0
T 44910 126.0 0.9818 1 0.3483 0
T 44918 126.0 0.9818 1 0.3483 0
T 44925 126.0 0.9818 1 0.3483 0
T 44932 126.0 0.9819 1 0.3944 0
T 44940 126.0 0.9819 1 0.3944 0
T 44948 126.0 0.9819 1 0.3944 0
T 44955 126.0 0.9820 1 0.4427 0
T 44962 126.0 0.9820 1 0.4427 0
T 44970 126.0 0.9820 1 0.4427 0
T 44978 126.0 0.9821 1 0.4910 0
T 44985 126.0 0.9821 1 0.4910 0
T 44992 126.0 0.9821 1 0.4910 0
T 45000 126.0 0.9821 1 0.5372 0
T 45008 126.0 0.9821 1 0.5372 0
T 45015 126.0 0.9821 1 0.5372 0
T 45022 126.0 0.9821 1 0.5834 0
T 45030 126.0 0.9821 1 0.5834 0
T 45038 126.0 0.9821 1 0.5834 0
T 45045 126.0 0.9822 1 0.6317 0
T 45052 126.0 0.9822 1 0.6317 0
T 45060 126.0 0.9822 1 0.6317 0
T 45068 126.0 0.9822 1 0.6800 0
T 45075 126.0 0.9822 1 0.6800 0
T 45082 126.0 0.9822 1 0.6800 0
T 45090 126.0 0.9822 1 0.7262 0
T 45098 126.0 0.9822 1 0.7262 0
T 45105 126.0 0.9822 1 0.7262 0
T 45112 126.0 0.9823 1 0.7724 0
T 45120 126.0 0.9823 1 0.7724 0
T 45128 126.0 0.9823 1 0.7724 0
T 45135 126.0 0.9823 1 0.8776 0
T 45142 126.0 0.9823 1 0.8776 0
T 45150 126.0 0.9823 1 0.8776 0
T 45158 126.0 0.9824 1 0.9259 0
T 45165 126.0 0.9824 1 0.9259 0
T 45172 126.0 0.9824 1 0.9259 0
T 45180 126.0 0.9824 1 0.9721 0
T 45188 126.0 0.9824 1 0.9721 0
T 45195 126.0 0.9824 1 0.9721 0
T 45202 126.0 0.9825 1 0.0183 1
T 45210 126.0 0.9825 1 0.0183 0
T 45218 126.0 0.9825 1 0.0183 0
T 45225 126.0 0.9825 1 0.0666 0
T 45232 126.0 0.9825 1 0.0666 0
T 45240 126.0 0.9825 1 0.0666 0
T 45248 126.0 0.9825 1 0.1149 0
T 45255 126.0 0.9825 1 0.1149 0
T 45262 126.0 0.9825 1 0.1149 0
T 45270 126.0 0.9826 1 0.1611 0
T 45278 126.0 0.9826 1 0.1611 0
T 45285 126.0 0.9826 1 0.1611 0
T 45292 126.0 0.9826 1 0.2073 0
T 45300 126.0 0.9826 1 0.2073 0
T 45308 126.0 0.9826 1 0.2073 0
T 45315 126.0 0.9826 1 0.2556 0
T 45322 126.0 0.9826 1 0.2556 0
T 45330 126.0 0.9826 1 0.2556 0
T 45338 126.0 0.9825 1 0.3039 0
T 45345 126.0 0.9825 1 0.3039 0
T 45352 126.0 0.9825 1 0.3039 0
T 45360 126.0 0.9823 1 0.2742 0
T 45368 126.0 0.9823 1 0.2742 0
T 45375 126.0 0.9823 1 0.2742 0
T 45382 126.0 0.9822 1 0.3203 0
T 45390 126.0 0.9822 1 0.3203 0
T 45398 126.0 0.9822 1 0.3203 0
T 45405 126.0 0.9821 1 0.3686 0
T 45412 126.0 0.9821 1 0.3686 0
T 45420 126.0 0.9821 1 0.3686 0
T 45428 126.0 0.9820 1 0.4169 0
T 45435 126.0 0.9820 1 0.4169 0
T 45442 126.0 0.9820 1 0.4169 0
T 45450 126.0 0.9819 1 0.4631 0
T 45458 126.0 0.9819 1 0.4631 0
T 45465 126.0 0.9819 1 0.4631 0
T 45472 126.0 0.9818 1 0.5093 0
T 45480 126.0 0.9818 1 0.5093 0
T 45488 126.0 0.9818 1 0.5093 0
T 45495 126.0 0.9817 1 0.5576 0
T 45502 126.0 0.9817 1 0.5576 0
T 45510 126.0 0.9817 1 0.5576 0
T 45518 126.0 0.9816 1 0.6058 0
T 45525 126.0 0.9816 1 0.6058 0
T 45532 126.0 0.9816 1 0.6058 0
T 45540 126.0 0.9816 1 0.6520 0
T 45548 126.0 0.9816 1 0.6520 0
T 45555 126.0 0.9816 1 0.6520 0
T 45562 126.0 0.9816 1 0.6982 0
T 45570 126.0 0.9816 1 0.6982 0
T 45578 126.0 0.9816 1 0.6982 0
T 45585 126.0 0.9817 1 0.7465 0
T 45592 126.0 0.9817 1 0.7465 0
T 45600 126.0 0.9817 1 0.7465 0
T 45608 126.0 0.9819 1 0.8582 0
T 45615 126.0 0.9819 1 0.8582 0
T 45622 126.0 0.9819 1 0.8582 0
T 45630 126.0 0.9820 1 0.9044 0
T 45638 126.0 0.9820 1 0.9044 0
T 45645 126.0 0.9820 1 0.9044 0
T 45652 126.0 0.9821 1 0.9506 0
T 45660 126.0 0.9821 1 0.9506 0
T 45668 126.0 0.9821 1 0.9506 0
T 45675 126.0 0.9821 1 0.9989 0
T 45682 126.0 0.9821 1 0.9989 0
T 45690 126.0 0.9821 1 0.9989 0
T 45698 126.0 0.9822 1 0.0472 1
T 45705 126.0 0.9822 1 0.0472 0
T 45712 126.0 0.9822 1 0.0472 0
T 45720 126.0 0.9823 1 0.0934 0
T 45728 126.0 0.9823 1 0.0934 0
T 45735 126.0 0.9823 1 0.0934 0
T 45742 126.0 0.9823 1 0.1396 0
T 45750 126.0 0.9823 1 0.1396 0
T 45758 126.0 0.9823 1 0.1396 0
T 45765 126.0 0.9823 1 0.1880 0
T 45772 126.0 0.9823 1 0.1880 0
T 45780 126.0 0.9823 1 0.1880 0
T 45788 126.0 0.9824 1 0.2363 0
T 45795 126.0 0.9824 1 0.2363 0
T 45802 126.0 0.9824 1 0.2363 0
T 45810 126.0 0.9825 1 0.2825 0
T 45818 126.0 0.9825 1 0.2825 0
T 45825 126.0 0.9825 1 0.2825 0
T 45832 126.0 0.9826 1 0.3287 0
T 45840 126.0 0.9826 1 0.3287 0
T 45848 126.0 0.9826 1 0.3287 0
T 45855 126.0 0.9826 1 0.2948 0
T 45862 126.0 0.9826 1 0.2948 0
T 45870 126.0 0.9826 1 0.2948 0
T 45878 126.0 0.9826 1 0.3431 0
T 45885 126.0 0.9826 1 0.3431 0
T 45892 126.0 0.9826 1 0.3431 0
T 45900 126.0 0.9827 1 0.3893 0
T 45908 126.0 0.9827 1 0.3893 0
T 45915 126.0 0.9827 1 0.3893 0
T 45922 126.0 0.9827 1 0.4354 0
T 45930 126.0 0.9827 1 0.4354 0
T 45938 126.0 0.9827 1 0.4354 0
T 45945 126.0 0.9827 1 0.4837 0
T 45952 126.0 0.9827 1 0.4837 0
T 45960 126.0 0.9827 1 0.4837 0
T 45968 126.0 0.9828 1 0.5320 0
T 45975 126.0 0.9828 1 0.5320 0
T 45982 126.0 0.9828 1 0.5320 0
T 45990 126.0 0.9828 1 0.5782 0
T 45998 126.0 0.9828 1 0.5782 0
T 46005 126.0 0.9828 1 0.5782 0
T 46012 126.0 0.9828 1 0.6244 0
T 46020 126.0 0.9828 1 0.6244 0
T 46028 126.0 0.9828 1 0.6244 0
T 46035 126.0 0.9829 1 0.6727 0
T 46042 126.0 0.9829 1 0.6727 0
T 46050 126.0 0.9829 1 0.6727 0
T 46058 126.0 0.9829 1 0.7210 0
T 46065 126.0 0.9829 1 0.7210 0
T 46072 126.0 0.9829 1 0.7210 0
T 46080 126.0 0.9829 1 0.8369 0
T 46088 126.0 0.9829 1 0.8369 0
T 46095 126.0 0.9829 1 0.8369 0
T 46102 126.0 0.9828 1 0.8831 0
T 46110 126.0 0.9828 1 0.8831 0
T 46118 126.0 0.9828 1 0.8831 0
T 46125 126.0 0.9828 1 0.9314 0
T 46132 126.0 0.9828 1 0.9314 0
T 46140 126.0 0.9828 1 0.9314 0
T 46148 126.0 0.9828 1 0.9798 0
T 46155 126.0 0.9828 1 0.9798 0
T 46162 126.0 0.9828 1 0.9798 0
T 46170 126.0 0.9828 1 0.0260 1
T 46178 126.0 0.9828 1 0.0260 0
T 46185 126.0 0.9828 1 0.0260 0
T 46192 126.0 0.9828 1 0.0722 0
T 46200 126.0 0.9828 1 0.0722 0
T 46208 126.0 0.9828 1 0.0722 0
T 46215 126.0 0.9828 1 0.1205 0
T 46222 126.0 0.9828 1 0.1205 0
T 46230 126.0 0.9828 1 0.1205 0
T 46238 126.0 0.9828 1 0.1688 0
T 46245 126.0 0.9828 1 0.1688 0
T 46252 126.0 0.9828 1 0.1688 0
T 46260 126.0 0.9828 1 0.2150 0
T 46268 126.0 0.9828 1 0.2150 0
T 46275 126.0 0.9828 1 0.2150 0
T 46282 126.0 0.9828 1 0.2612 0
T 46290 126.0 0.9828 1 0.2612 0
T 46298 126.0 0.9828 1 0.2612 0
T 46305 126.0 0.9828 1 0.3095 0
T 46312 126.0 0.9828 1 0.3095 0
T 46320 126.0 0.9828 1 0.3095 0
T 46328 126.0 0.9829 1 0.2804 0
T 46335 126.0 0.9829 1 0.2804 0
T 46342 126.0 0.9829 1 0.2804 0
T 46350 126.0 0.9830 1 0.3266 0
T 46358 126.0 0.9830 1 0.3266 0
T 46365 126.0 0.9830 1 0.3266 0
T 46372 126.0 0.9830 1 0.3728 0
T 46380 126.0 0.9830 1 0.3728 0
T 46388 126.0 0.9830 1 0.3728 0
T 46395 126.0 0.9831 1 0.4211 0
T 46402 126.0 0.9831 1 0.4211 0
T 46410 126.0 0.9831 1 0.4211 0
T 46418 126.0 0.9831 1 0.4694 0
T 46425 126.0 0.9831 1 0.4694 0
T 46432 126.0 0.9831 1 0.4694 0
T 46440 126.0 0.9832 1 0.5156 0
T 46448 126.0 0.9832 1 0.5156 0
T 46455 126.0 0.9832 1 0.5156 0
T 46462 126.0 0.9832 1 0.5617 0
T 46470 126.0 0.9832 1 0.5617 0
T 46478 126.0 0.9832 1 0.5617 0
T 46485 126.0 0.9833 1 0.6100 0
T 46492 126.0 0.9833 1 0.6100 0
T 46500 126.0 0.9833 1 0.6100 0
T 46508 126.0 0.9833 1 0.6583 0
T 46515 126.0 0.9833 1 0.6583 0
T 46522 126.0 0.9833 1 0.6583 0
T 46530 126.0 0.9834 1 0.7045 0
T 46538 126.0 0.9834 1 0.7045 0
T 46545 126.0 0.9834 1 0.7045 0
T 46552 126.0 0.9835 1 0.7507 0
T 46560 126.0 0.9835 1 0.7507 0
T 46568 126.0 0.9835 1 0.7507 0
T 46575 126.0 0.9835 1 0.7990 0
T 46582 126.0 0.9835 1 0.7990 0
T 46590 126.0 0.9835 1 0.7990 0
T 46598 126.0 0.9836 1 0.8975 0
T 46605 126.0 0.9836 1 0.8975 0
T 46612 126.0 0.9836 1 0.8975 0
T 46620 126.0 0.9836 1 0.9438 0
T 46628 126.0 0.9836 1 0.9438 0
T 46635 126.0 0.9836 1 0.9438 0
T 46642 126.0 0.9836 1 0.9900 0
T 46650 126.0 0.9836 1 0.9900 0
T 46658 126.0 0.9836 1 0.9900 0
T 46665 126.0 0.9836 1 0.0383 1
T 46672 126.0 0.9836 1 0.0383 0
T 46680 126.0 0.9836 1 0.0383 0
T 46688 126.0 0.9836 1 0.0866 0
T 46695 126.0 0.9836 1 0.0866 0
T 46702 126.0 0.9836 1 0.0866 0
T 46710 126.0 0.9837 1 0.1328 0
T 46718 126.0 0.9837 1 0.1328 0
T 46725 126.0 0.9837 1 0.1328 0
T 46732 126.0 0.9837 1 0.1790 0
T 46740 126.0 0.9837 1 0.1790 0
T 46748 126.0 0.9837 1 0.1790 0
T 46755 126.0 0.9835 1 0.2273 0
T 46762 126.0 0.9835 1 0.2273 0
T 46770 126.0 0.9835 1 0.2273 0
T 46778 126.0 0.9834 1 0.2756 0
T 46785 126.0 0.9834 1 0.2756 0
T 46792 126.0 0.9834 1 0.2756 0
T 46800 126.0 0.9833 1 0.2529 0
T 46808 126.0 0.9833 1 0.2529 0
T 46815 126.0 0.9833 1 0.2529 0
T 46822 126.0 0.9832 1 0.2991 0
T 46830 126.0 0.9832 1 0.2991 0
T 46838 126.0 0.9832 1 0.2991 0
T 46845 126.0 0.9831 1 0.3474 0
T 46852 126.0 0.9831 1 0.3474 0
T 46860 126.0 0.9831 1 0.3474 0
T 46868 126.0 0.9831 1 0.3957 0
T 46875 126.0 0.9831 1 0.3957 0
T 46882 126.0 0.9831 1 0.3957 0
T 46890 126.0 0.9830 1 0.4418 0
T 46898 126.0 0.9830 1 0.4418 0
T 46905 126.0 0.9830 1 0.4418 0
T 46912 126.0 0.9829 1 0.4880 0
T 46920 126.0 0.9829 1 0.4880 0
T 46928 126.0 0.9829 1 0.4880 0
T 46935 126.0 0.9829 1 0.5363 0
T 46942 126.0 0.9829 1 0.5363 0
T 46950 126.0 0.9829 1 0.5363 0
T 46958 126.0 0.9829 1 0.5846 0
T 46965 126.0 0.9829 1 0.5846 0
T 46972 126.0 0.9829 1 0.5846 0
T 46980 126.0 0.9828 1 0.6308 0
T 46988 126.0 0.9828 1 0.6308 0
T 46995 126.0 0.9828 1 0.6308 0
T 47002 126.0 0.9827 1 0.6770 0
T 47010 126.0 0.9827 1 0.6770 0
T 47018 126.0 0.9827 1 0.6770 0
T 47025 126.0 0.9825 1 0.8060 0
T 47032 126.0 0.9825 1 0.8060 0
T 47040 126.0 0.9825 1 0.8060 0
T 47048 126.0 0.9823 1 0.8544 0
T 47055 126.0 0.9823 1 0.8544 0
T 47062 126.0 0.9823 1 0.8544 0
T 47070 126.0 0.9821 1 0.9006 0
T 47078 126.0 0.9821 1 0.9006 0
T 47085 126.0 0.9821 1 0.9006 0
T 47092 126.0 0.9820 1 0.9468 0
T 47100 126.0 0.9820 1 0.9468 0
T 47108 126.0 0.9820 1 0.9468 0
T 47115 126.0 0.9819 1 0.9951 0
T 47122 126.0 0.9819 1 0.9951 0
T 47130 126.0 0.9819 1 0.9951 0
T 47138 126.0 0.9818 1 0.0434 1
T 47145 126.0 0.9818 1 0.0434 0
T 47152 126.0 0.9818 1 0.0434 0
T 47160 126.0 0.9817 1 0.0896 0
T 47168 126.0 0.9817 1 0.0896 0
T 47175 126.0 0.9817 1 0.0896 0
T 47182 126.0 0.9817 1 0.1358 0
T 47190 126.0 0.9817 1 0.1358 0
T 47198 126.0 0.9817 1 0.1358 0
T 47205 126.0 0.9816 1 0.1842 0
T 47212 126.0 0.9816 1 0.1842 0
T 47220 126.0 0.9816 1 0.1842 0
T 47228 126.0 0.9816 1 0.2325 0
T 47235 126.0 0.9816 1 0.2325 0
T 47242 126.0 0.9816 1 0.2325 0
T 47250 126.0 0.9817 1 0.2787 0
T 47258 126.0 0.9817 1 0.2787 0
T 47265 126.0 0.9817 1 0.2787 0
T 47272 126.0 0.9818 1 0.2552 0
T 47280 126.0 0.9818 1 0.2552 0
T 47288 126.0 0.9818 1 0.2552 0
T 47295 126.0 0.9820 1 0.3035 0
T 47302 126.0 0.9820 1 0.3035 0
T 47310 126.0 0.9820 1 0.3035 0
T 47318 126.0 0.9821 1 0.3518 0
T 47325 126.0 0.9821 1 0.3518 0
T 47332 126.0 0.9821 1 0.3518 0
T 47340 126.0 0.9823 1 0.3980 0
T 47348 126.0 0.9823 1 0.3980 0
T 47355 126.0 0.9823 1 0.3980 0
T 47362 126.0 0.9824 1 0.4442 0
T 47370 126.0 0.9824 1 0.4442 0
T 47378 126.0 0.9824 1 0.4442 0
T 47385 126.0 0.9824 1 0.4924 0
T 47392 126.0 0.9824 1 0.4924 0
T 47400 126.0 0.9824 1 0.4924 0
T 47408 126.0 0.9825 1 0.5407 0
T 47415 126.0 0.9825 1 0.5407 0
T 47422 126.0 0.9825 1 0.5407 0
T 47430 126.0 0.9825 1 0.5869 0
T 47438 126.0 0.9825 1 0.5869 0
T 47445 126.0 0.9825 1 0.5869 0
T 47452 126.0 0.9826 1 0.6331 0
T 47460 126.0 0.9826 1 0.6331 0
T 47468 126.0 0.9826 1 0.6331 0
T 47475 126.0 0.9827 1 0.6814 0
T 47482 126.0 0.9827 1 0.6814 0
T 47490 126.0 0.9827 1 0.6814 0
T 47498 126.0 0.9828 1 0.7297 0
T 47505 126.0 0.9828 1 0.7297 0
T 47512 126.0 0.9828 1 0.7297 0
T 47520 126.0 0.9829 1 0.8435 0
T 47528 126.0 0.9829 1 0.8435 0
T 47535 126.0 0.9829 1 0.8435 0
T 47542 126.0 0.9830 1 0.8897 0
T 47550 126.0 0.9830 1 0.8897 0
T 47558 126.0 0.9830 1 0.8897 0
T 47565 126.0 0.9831 1 0.9380 0
T 47572 126.0 0.9831 1 0.9380 0
T 47580 126.0 0.9831 1 0.9380 0
T 47588 126.0 0.9831 1 0.9863 0
T 47595 126.0 0.9831 1 0.9863 0
T 47602 126.0 0.9831 1 0.9863 0
T 47610 126.0 0.9831 1 0.0325 1
T 47618 126.0 0.9831 1 0.0325 0
T 47625 126.0 0.9831 1 0.0325 0
T 47632 126.0 0.9831 1 0.0787 0
T 47640 126.0 0.9831 1 0.0787 0
T 47648 126.0 0.9831 1 0.0787 0
T 47655 126.0 0.9831 1 0.1271 0
T 47662 126.0 0.9831 1 0.1271 0
T 47670 126.0 0.9831 1 0.1271 0
T 47678 126.0 0.9831 1 0.1754 0
T 47685 126.0 0.9831 1 0.1754 0
T 47692 126.0 0.9831 1 0.1754 0
T 47700 126.0 0.9831 1 0.2216 0
T 47708 126.0 0.9831 1 0.2216 0
T 47715 126.0 0.9831 1 0.2216 0
T 47722 126.0 0.9831 1 0.2678 0
T 47730 126.0 0.9831 1 0.2678 0
T 47738 126.0 0.9831 1 0.2678 0
T 47745 126.0 0.9831 1 0.2491 0
T 47752 126.0 0.9831 1 0.2491 0
T 47760 126.0 0.9831 1 0.2491 0
T 47768 126.0 0.9832 1 0.2974 0
T 47775 126.0 0.9832 1 0.2974 0
T 47782 126.0 0.9832 1 0.2974 0
T 47790 126.0 0.9832 1 0.3436 0
T 47798 126.0 0.9832 1 0.3436 0
T 47805 126.0 0.9832 1 0.3436 0
T 47812 126.0 0.9832 1 0.3898 0
T 47820 126.0 0.9832 1 0.3898 0
T 47828 126.0 0.9832 1 0.3898 0
T 47835 126.0 0.9831 1 0.4381 0
T 47842 126.0 0.9831 1 0.4381 0
T 47850 126.0 0.9831 1 0.4381 0
T 47858 126.0 0.9831 1 0.4864 0
T 47865 126.0 0.9831 1 0.4864 0
T 47872 126.0 0.9831 1 0.4864 0
T 47880 126.0 0.9830 1 0.5326 0
T 47888 126.0 0.9830 1 0.5326 0
T 47895 126.0 0.9830 1 0.5326 0
T 47902 126.0 0.9830 1 0.5788 0
T 47910 126.0 0.9830 1 0.5788 0
T 47918 126.0 0.9830 1 0.5788 0
T 47925 126.0 0.9830 1 0.6270 0
T 47932 126.0 0.9830 1 0.6270 0
T 47940 126.0 0.9830 1 0.6270 0
T 47948 126.0 0.9829 1 0.6753 0
T 47955 126.0 0.9829 1 0.6753 0
T 47962 126.0 0.9829 1 0.6753 0
T 47970 126.0 0.9829 1 0.7215 0
T 47978 126.0 0.9829 1 0.7215 0
T 47985 126.0 0.9829 1 0.7215 0
T 47992 126.0 0.9830 1 0.8373 0
T 48000 126.0 0.9830 1 0.8373 0
T 48008 126.0 0.9830 1 0.8373 0
T 48015 126.0 0.9830 1 0.8857 0
T 48022 126.0 0.9830 1 0.8857 0
T 48030 126.0 0.9830 1 0.8857 0
T 48038 126.0 0.9830 1 0.9340 0
T 48045 126.0 0.9830 1 0.9340 0
T 48052 126.0 0.9830 1 0.9340 0
T 48060 126.0 0.9829 1 0.9802 0
T 48068 126.0 0.9829 1 0.9802 0
T 48075 126.0 0.9829 1 0.9802 0
T 48082 126.0 0.9829 1 0.0264 1
T 48090 126.0 0.9829 1 0.0264 0
T 48098 126.0 0.9829 1 0.0264 0
T 48105 126.0 0.9829 1 0.0747 0
T 48112 126.0 0.9829 1 0.0747 0
T 48120 126.0 0.9829 1 0.0747 0
T 48128 126.0 0.9829 1 0.1230 0
T 48135 126.0 0.9829 1 0.1230 0
T 48142 126.0 0.9829 1 0.1230 0
T 48150 126.0 0.9829 1 0.1692 0
T 48158 126.0 0.9829 1 0.1692 0
T 48165 126.0 0.9829 1 0.1692 0
T 48172 126.0 0.9829 1 0.2154 0
T 48180 126.0 0.9829 1 0.2154 0
T 48188 126.0 0.9829 1 0.2154 0
T 48195 126.0 0.9828 1 0.2638 0
T 48202 126.0 0.9828 1 0.2638 0
T 48210 126.0 0.9828 1 0.2638 0
T 48218 126.0 0.9827 1 0.2461 0
T 48225 126.0 0.9827 1 0.2461 0
T 48232 126.0 0.9827 1 0.2461 0
T 48240 126.0 0.9827 1 0.2923 0
T 48248 126.0 0.9827 1 0.2923 0
T 48255 126.0 0.9827 1 0.2923 0
T 48262 126.0 0.9826 1 0.3385 0
T 48270 126.0 0.9826 1 0.3385 0
T 48278 126.0 0.9826 1 0.3385 0
T 48285 84.0 0.9728 1 0.3852 0
T 48292 84.0 0.9728 1 0.3852 0
T 48300 84.0 0.9728 1 0.3852 0
T 48308 84.0 0.9647 1 0.4185 0
T 48315 84.0 0.9647 1 0.4185 0
T 48322 84.0 0.9647 1 0.4185 0
T 48330 84.0 0.9580 1 0.4503 0
T 48338 84.0 0.9580 1 0.4503 0
T 48345 84.0 0.9580 1 0.4503 0
T 48352 84.0 0.9523 1 0.4820 0
T 48360 84.0 0.9523 1 0.4820 0
T 48368 84.0 0.9523 1 0.4820 0
T 48375 84.0 0.9468 1 0.5151 0
T 48382 84.0 0.9468 1 0.5151 0
T 48390 84.0 0.9468 1 0.5151 0
T 48398 84.0 0.9421 1 0.5480 0
T 48405 84.0 0.9421 1 0.5480 0
T 48412 84.0 0.9421 1 0.5480 0
T 48420 84.0 0.9383 1 0.5795 0
T 48428 84.0 0.9383 1 0.5795 0
T 48435 84.0 0.9383 1 0.5795 0
T 48442 84.0 0.9350 1 0.6109 0
T 48450 84.0 0.9350 1 0.6109 0
T 48458 84.0 0.9350 1 0.6109 0
T 48465 84.0 0.9323 1 0.7409 0
T 48472 84.0 0.9323 1 0.7409 0
T 48480 84.0 0.9323 1 0.7409 0
T 48488 84.0 0.9300 1 0.7736 0
T 48495 84.0 0.9300 1 0.7736 0
T 48502 84.0 0.9300 1 0.7736 0
T 48510 84.0 0.9280 1 0.8049 0
T 48518 84.0 0.9280 1 0.8049 0
T 48525 84.0 0.9280 1 0.8049 0
T 48532 84.0 0.9263 1 0.8361 0
T 48540 84.0 0.9263 1 0.8361 0
T 48548 84.0 0.9263 1 0.8361 0
T 48555 84.0 0.9249 1 0.8687 0
T 48562 84.0 0.9249 1 0.8687 0
T 48570 84.0 0.9249 1 0.8687 0
T 48578 84.0 0.9236 1 0.9012 0
T 48585 84.0 0.9236 1 0.9012 0
T 48592 84.0 0.9236 1 0.9012 0
T 48600 84.0 0.9227 1 0.9323 0
T 48608 84.0 0.9227 1 0.9323 0
T 48615 84.0 0.9227 1 0.9323 0
T 48622 84.0 0.9220 1 0.9803 0
T 48630 84.0 0.9220 1 0.9803 0
T 48638 84.0 0.9220 1 0.9803 0
T 48645 84.0 0.9214 1 0.0127 1
T 48652 84.0 0.9214 1 0.0127 0
T 48660 84.0 0.9214 1 0.0127 0
T 48668 84.0 0.9209 1 0.0452 0
T 48675 84.0 0.9209 1 0.0452 0
T 48682 84.0 0.9209 1 0.0452 0
T 48690 84.0 0.9205 1 0.0762 0
T 48698 84.0 0.9205 1 0.0762 0
T 48705 84.0 0.9205 1 0.0762 0
T 48712 84.0 0.9203 1 0.1071 0
T 48720 84.0 0.9203 1 0.1071 0
T 48728 84.0 0.9203 1 0.1071 0
T 48735 84.0 0.9200 1 0.1395 0
T 48742 84.0 0.9200 1 0.1395 0
T 48750 84.0 0.9200 1 0.1395 0
T 48758 84.0 0.9199 1 0.1719 0
T 48765 84.0 0.9199 1 0.1719 0
T 48772 84.0 0.9199 1 0.1719 0
T 48780 84.0 0.9198 1 0.2028 0
T 48788 84.0 0.9198 1 0.2028 0
T 48795 84.0 0.9198 1 0.2028 0
T 48802 84.0 0.9197 1 0.2337 0
T 48810 84.0 0.9197 1 0.2337 0
T 48818 84.0 0.9197 1 0.2337 0
T 48825 84.0 0.9197 1 0.2660 0
T 48832 84.0 0.9197 1 0.2660 0
T 48840 84.0 0.9197 1 0.2660 0
T 48848 84.0 0.9199 1 0.2983 0
T 48855 84.0 0.9199 1 0.2983 0
T 48862 84.0 0.9199 1 0.2983 0
T 48870 84.0 0.9201 1 0.3292 0
T 48878 84.0 0.9201 1 0.3292 0
T 48885 84.0 0.9201 1 0.3292 0
T 48892 84.0 0.9203 1 0.3601 0
T 48900 84.0 0.9203 1 0.3601 0
T 48908 84.0 0.9203 1 0.3601 0
T 48915 84.0 0.9209 1 0.3923 0
T 48922 84.0 0.9209 1 0.3923 0
T 48930 84.0 0.9209 1 0.3923 0
T 48938 84.0 0.9215 1 0.3265 0
T 48945 84.0 0.9215 1 0.3265 0
T 48952 84.0 0.9215 1 0.3265 0
T 48960 84.0 0.9219 1 0.3574 0
T 48968 84.0 0.9219 1 0.3574 0
T 48975 84.0 0.9219 1 0.3574 0
T 48982 84.0 0.9222 1 0.3882 0
T 48990 84.0 0.9222 1 0.3882 0
T 48998 84.0 0.9222 1 0.3882 0
T 49005 84.0 0.9225 1 0.4204 0
T 49012 84.0 0.9225 1 0.4204 0
T 49020 84.0 0.9225 1 0.4204 0
T 49028 84.0 0.9228 1 0.4526 0
T 49035 84.0 0.9228 1 0.4526 0
T 49042 84.0 0.9228 1 0.4526 0
T 49050 84.0 0.9231 1 0.4835 0
T 49058 84.0 0.9231 1 0.4835 0
T 49065 84.0 0.9231 1 0.4835 0
T 49072 84.0 0.9235 1 0.5143 0
T 49080 84.0 0.9235 1 0.5143 0
T 49088 84.0 0.9235 1 0.5143 0
T 49095 84.0 0.9238 1 0.5465 0
T 49102 84.0 0.9238 1 0.5465 0
T 49110 84.0 0.9238 1 0.5465 0
T 49118 84.0 0.9243 1 0.5787 0
T 49125 84.0 0.9243 1 0.5787 0
T 49132 84.0 0.9243 1 0.5787 0
T 49140 84.0 0.9249 1 0.6095 0
T 49148 84.0 0.9249 1 0.6095 0
T 49155 84.0 0.9249 1 0.6095 0
T 49162 84.0 0.9268 1 0.6403 0
T 49170 84.0 0.9268 1 0.6403 0
T 49178 84.0 0.9268 1 0.6403 0
T 49185 84.0 0.9285 1 0.7625 0
T 49192 84.0 0.9285 1 0.7625 0
T 49200 84.0 0.9285 1 0.7625 0
T 49208 84.0 0.9300 1 0.7947 0
T 49215 84.0 0.9300 1 0.7947 0
T 49222 84.0 0.9300 1 0.7947 0
T 49230 84.0 0.9313 1 0.8255 0
T 49238 84.0 0.9313 1 0.8255 0
T 49245 84.0 0.9313 1 0.8255 0
T 49252 84.0 0.9326 1 0.8564 0
T 49260 84.0 0.9326 1 0.8564 0
T 49268 84.0 0.9326 1 0.8564 0
T 49275 84.0 0.9337 1 0.8886 0
T 49282 84.0 0.9337 1 0.8886 0
T 49290 84.0 0.9337 1 0.8886 0
T 49298 84.0 0.9346 1 0.9208 0
T 49305 84.0 0.9346 1 0.9208 0
T 49312 84.0 0.9346 1 0.9208 0
T 49320 84.0 0.9353 1 0.9516 0
T 49328 84.0 0.9353 1 0.9516 0
T 49335 84.0 0.9353 1 0.9516 0
T 49342 84.0 0.9359 1 0.9824 0
T 49350 84.0 0.9359 1 0.9824 0
T 49358 84.0 0.9359 1 0.9824 0
T 49365 84.0 0.9364 1 0.0147 1
T 49372 84.0 0.9364 1 0.0147 0
T 49380 84.0 0.9364 1 0.0147 0
T 49388 84.0 0.9345 1 0.0469 0
T 49395 84.0 0.9345 1 0.0469 0
T 49402 84.0 0.9345 1 0.0469 0
T 49410 84.0 0.9325 1 0.0660 0
T 49418 84.0 0.9325 1 0.0660 0
T 49425 84.0 0.9325 1 0.0660 0
T 49432 84.0 0.9309 1 0.0968 0
T 49440 84.0 0.9309 1 0.0968 0
T 49448 84.0 0.9309 1 0.0968 0
T 49455 84.0 0.9294 1 0.1290 0
T 49462 84.0 0.9294 1 0.1290 0
T 49470 84.0 0.9294 1 0.1290 0
T 49478 84.0 0.9279 1 0.1612 0
T 49485 84.0 0.9279 1 0.1612 0
T 49492 84.0 0.9279 1 0.1612 0
T 49500 84.0 0.9266 1 0.1920 0
T 49508 84.0 0.9266 1 0.1920 0
T 49515 84.0 0.9266 1 0.1920 0
T 49522 84.0 0.9256 1 0.2228 0
T 49530 84.0 0.9256 1 0.2228 0
T 49538 84.0 0.9256 1 0.2228 0
T 49545 84.0 0.9247 1 0.2550 0
T 49552 84.0 0.9247 1 0.2550 0
T 49560 84.0 0.9247 1 0.2550 0
T 49568 84.0 0.9240 1 0.2872 0
T 49575 84.0 0.9240 1 0.2872 0
T 49582 84.0 0.9240 1 0.2872 0
T 49590 84.0 0.9234 1 0.3180 0
T 49598 84.0 0.9234 1 0.3180 0
T 49605 84.0 0.9234 1 0.3180 0
T 49612 84.0 0.9230 1 0.3488 0
T 49620 84.0 0.9230 1 0.3488 0
T 49628 84.0 0.9230 1 0.3488 0
T 49635 84.0 0.9235 1 0.3810 0
T 49642 84.0 0.9235 1 0.3810 0
T 49650 84.0 0.9235 1 0.3810 0
T 49658 84.0 0.9240 1 0.3180 0
T 49665 84.0 0.9240 1 0.3180 0
T 49672 84.0 0.9240 1 0.3180 0
T 49680 84.0 0.9245 1 0.3487 0
T 49688 84.0 0.9245 1 0.3487 0
T 49695 84.0 0.9245 1 0.3487 0
T 49702 84.0 0.9249 1 0.3795 0
T 49710 84.0 0.9249 1 0.3795 0
T 49718 84.0 0.9249 1 0.3795 0
T 49725 84.0 0.9255 1 0.4117 0
T 49732 84.0 0.9255 1 0.4117 0
T 49740 84.0 0.9255 1 0.4117 0
T 49748 84.0 0.9260 1 0.4439 0
T 49755 84.0 0.9260 1 0.4439 0
T 49762 84.0 0.9260 1 0.4439 0
T 49770 84.0 0.9264 1 0.4747 0
T 49778 84.0 0.9264 1 0.4747 0
T 49785 84.0 0.9264 1 0.4747 0
T 49792 84.0 0.9268 1 0.5055 0
T 49800 84.0 0.9268 1 0.5055 0
T 49808 84.0 0.9268 1 0.5055 0
T 49815 84.0 0.9272 1 0.5377 0
T 49822 84.0 0.9272 1 0.5377 0
T 49830 84.0 0.9272 1 0.5377 0
T 49838 84.0 0.9274 1 0.5699 0
T 49845 84.0 0.9274 1 0.5699 0
T 49852 84.0 0.9274 1 0.5699 0
T 49860 84.0 0.9279 1 0.6006 0
T 49868 84.0 0.9279 1 0.6006 0
T 49875 84.0 0.9279 1 0.6006 0
T 49882 84.0 0.9281 1 0.7313 0
T 49890 84.0 0.9281 1 0.7313 0
T 49898 84.0 0.9281 1 0.7313 0
T 49905 84.0 0.9284 1 0.7635 0
T 49912 84.0 0.9284 1 0.7635 0
T 49920 84.0 0.9284 1 0.7635 0
T 49928 84.0 0.9286 1 0.7957 0
T 49935 84.0 0.9286 1 0.7957 0
T 49942 84.0 0.9286 1 0.7957 0
T 49950 84.0 0.9287 1 0.8265 0
T 49958 84.0 0.9287 1 0.8265 0
T 49965 84.0 0.9287 1 0.8265 0
T 49972 84.0 0.9290 1 0.8573 0
T 49980 84.0 0.9290 1 0.8573 0
T 49988 84.0 0.9290 1 0.8573 0
T 49995 84.0 0.9292 1 0.8895 0
T 50002 84.0 0.9292 1 0.8895 0
T 50010 84.0 0.9292 1 0.8895 0
T 50018 84.0 0.9294 1 0.9218 0
T 50025 84.0 0.9294 1 0.9218 0
T 50032 84.0 0.9294 1 0.9218 0
T 50040 84.0 0.9295 1 0.9526 0
T 50048 84.0 0.9295 1 0.9526 0
T 50055 84.0 0.9295 1 0.9526 0
T 50062 84.0 0.9296 1 0.9834 0
T 50070 84.0 0.9296 1 0.9834 0
T 50078 84.0 0.9296 1 0.9834 0
T 50085 84.0 0.9298 1 0.0156 1
T 50092 84.0 0.9298 1 0.0156 0
T 50100 84.0 0.9298 1 0.0156 0
T 50108 84.0 0.9299 1 0.0478 0
T 50115 84.0 0.9299 1 0.0478 0
T 50122 84.0 0.9299 1 0.0478 0
T 50130 84.0 0.9300 1 0.0666 0
T 50138 84.0 0.9300 1 0.0666 0
T 50145 84.0 0.9300 1 0.0666 0
T 50152 84.0 0.9302 1 0.0974 0
T 50160 84.0 0.9302 1 0.0974 0
T 50168 84.0 0.9302 1 0.0974 0
T 50175 84.0 0.9304 1 0.1296 0
T 50182 84.0 0.9304 1 0.1296 0
T 50190 84.0 0.9304 1 0.1296 0
T 50198 84.0 0.9305 1 0.1618 0
T 50205 84.0 0.9305 1 0.1618 0
T 50212 84.0 0.9305 1 0.1618 0
T 50220 84.0 0.9306 1 0.1927 0
T 50228 84.0 0.9306 1 0.1927 0
T 50235 84.0 0.9306 1 0.1927 0
T 50242 84.0 0.9306 1 0.2235 0
T 50250 84.0 0.9306 1 0.2235 0
T 50258 84.0 0.9306 1 0.2235 0
T 50265 84.0 0.9308 1 0.2557 0
T 50272 84.0 0.9308 1 0.2557 0
T 50280 84.0 0.9308 1 0.2557 0
T 50288 84.0 0.9311 1 0.2879 0
T 50295 84.0 0.9311 1 0.2879 0
T 50302 84.0 0.9311 1 0.2879 0
T 50310 84.0 0.9310 1 0.3187 0
T 50318 84.0 0.9310 1 0.3187 0
T 50325 84.0 0.9310 1 0.3187 0
T 50332 84.0 0.9311 1 0.2698 0
T 50340 84.0 0.9311 1 0.2698 0
T 50348 84.0 0.9311 1 0.2698 0
T 50355 84.0 0.9313 1 0.3020 0
T 50362 84.0 0.9313 1 0.3020 0
T 50370 84.0 0.9313 1 0.3020 0
T 50378 84.0 0.9314 1 0.3342 0
T 50385 84.0 0.9314 1 0.3342 0
T 50392 84.0 0.9314 1 0.3342 0
T 50400 84.0 0.9316 1 0.3649 0
T 50408 84.0 0.9316 1 0.3649 0
T 50415 84.0 0.9316 1 0.3649 0
T 50422 84.0 0.9317 1 0.3957 0
T 50430 84.0 0.9317 1 0.3957 0
T 50438 84.0 0.9317 1 0.3957 0
T 50445 84.0 0.9318 1 0.4279 0
T 50452 84.0 0.9318 1 0.4279 0
T 50460 84.0 0.9318 1 0.4279 0
T 50468 84.0 0.9319 1 0.4601 0
T 50475 84.0 0.9319 1 0.4601 0
T 50482 84.0 0.9319 1 0.4601 0
T 50490 84.0 0.9318 1 0.4909 0
T 50498 84.0 0.9318 1 0.4909 0
T 50505 84.0 0.9318 1 0.4909 0
T 50512 84.0 0.9317 1 0.5217 0
T 50520 84.0 0.9317 1 0.5217 0
T 50528 84.0 0.9317 1 0.5217 0
T 50535 84.0 0.9317 1 0.5539 0
T 50542 84.0 0.9317 1 0.5539 0
T 50550 84.0 0.9317 1 0.5539 0
T 50558 84.0 0.9316 1 0.5861 0
T 50565 84.0 0.9316 1 0.5861 0
T 50572 84.0 0.9316 1 0.5861 0
T 50580 84.0 0.9327 1 0.6169 0
T 50588 84.0 0.9327 1 0.6169 0
T 50595 84.0 0.9327 1 0.6169 0
T 50602 84.0 0.9335 1 0.7435 0
T 50610 84.0 0.9335 1 0.7435 0
T 50618 84.0 0.9335 1 0.7435 0
T 50625 84.0 0.9342 1 0.7757 0
T 50632 84.0 0.9342 1 0.7757 0
T 50640 84.0 0.9342 1 0.7757 0
T 50648 84.0 0.9347 1 0.8079 0
T 50655 84.0 0.9347 1 0.8079 0
T 50662 84.0 0.9347 1 0.8079 0
T 50670 84.0 0.9351 1 0.8387 0
T 50678 84.0 0.9351 1 0.8387 0
T 50685 84.0 0.9351 1 0.8387 0
T 50692 84.0 0.9354 1 0.8695 0
T 50700 84.0 0.9354 1 0.8695 0
T 50708 84.0 0.9354 1 0.8695 0
T 50715 84.0 0.9357 1 0.9017 0
T 50722 84.0 0.9357 1 0.9017 0
T 50730 84.0 0.9357 1 0.9017 0
T 50738 84.0 0.9360 1 0.9339 0
T 50745 84.0 0.9360 1 0.9339 0
T 50752 84.0 0.9360 1 0.9339 0
T 50760 84.0 0.9362 1 0.9647 0
T 50768 84.0 0.9362 1 0.9647 0
T 50775 84.0 0.9362 1 0.9647 0
T 50782 84.0 0.9364 1 0.9955 0
T 50790 84.0 0.9364 1 0.9955 0
T 50798 84.0 0.9364 1 0.9955 0
T 50805 84.0 0.9366 1 0.0278 1
T 50812 84.0 0.9366 1 0.0278 0
T 50820 84.0 0.9366 1 0.0278 0
T 50828 84.0 0.9369 1 0.0600 0
T 50835 84.0 0.9369 1 0.0600 0
T 50842 84.0 0.9369 1 0.0600 0
T 50850 84.0 0.9372 1 0.0758 0
T 50858 84.0 0.9372 1 0.0758 0
T 50865 84.0 0.9372 1 0.0758 0
T 50872 84.0 0.9374 1 0.1066 0
T 50880 84.0 0.9374 1 0.1066 0
T 50888 84.0 0.9374 1 0.1066 0
T 50895 84.0 0.9376 1 0.1388 0
T 50902 84.0 0.9376 1 0.1388 0
T 50910 84.0 0.9376 1 0.1388 0
T 50918 84.0 0.9377 1 0.1710 0
T 50925 84.0 0.9377 1 0.1710 0
T 50932 84.0 0.9377 1 0.1710 0
T 50940 84.0 0.9377 1 0.2018 0
T 50948 84.0 0.9377 1 0.2018 0
T 50955 84.0 0.9377 1 0.2018 0
T 50962 84.0 0.9378 1 0.2326 0
T 50970 84.0 0.9378 1 0.2326 0
T 50978 84.0 0.9378 1 0.2326 0
T 50985 84.0 0.9378 1 0.2648 0
T 50992 84.0 0.9378 1 0.2648 0
T 51000 84.0 0.9378 1 0.2648 0
T 51008 84.0 0.9378 1 0.2970 0
T 51015 84.0 0.9378 1 0.2970 0
T 51022 84.0 0.9378 1 0.2970 0
T 51030 84.0 0.9378 1 0.3278 0
T 51038 84.0 0.9378 1 0.3278 0
T 51045 84.0 0.9378 1 0.3278 0
T 51052 84.0 0.9366 1 0.3586 0
T 51060 84.0 0.9366 1 0.3586 0
T 51068 84.0 0.9366 1 0.3586 0
T 51075 84.0 0.9355 1 0.3011 0
T 51082 84.0 0.9355 1 0.3011 0
T 51090 84.0 0.9355 1 0.3011 0
T 51098 84.0 0.9346 1 0.3333 0
T 51105 84.0 0.9346 1 0.3333 0
T 51112 84.0 0.9346 1 0.3333 0
T 51120 84.0 0.9339 1 0.3641 0
T 51128 84.0 0.9339 1 0.3641 0
T 51135 84.0 0.9339 1 0.3641 0
T 51142 84.0 0.9333 1 0.3949 0
T 51150 84.0 0.9333 1 0.3949 0
T 51158 84.0 0.9333 1 0.3949 0
T 51165 84.0 0.9327 1 0.4271 0
T 51172 84.0 0.9327 1 0.4271 0
T 51180 84.0 0.9327 1 0.4271 0
T 51188 84.0 0.9322 1 0.4593 0
T 51195 84.0 0.9322 1 0.4593 0
T 51202 84.0 0.9322 1 0.4593 0
T 51210 84.0 0.9317 1 0.4900 0
T 51218 84.0 0.9317 1 0.4900 0
T 51225 84.0 0.9317 1 0.4900 0
T 51232 84.0 0.9316 1 0.5208 0
T 51240 84.0 0.9316 1 0.5208 0
T 51248 84.0 0.9316 1 0.5208 0
T 51255 84.0 0.9314 1 0.5530 0
T 51262 84.0 0.9314 1 0.5530 0
T 51270 84.0 0.9314 1 0.5530 0
T 51278 84.0 0.9313 1 0.5852 0
T 51285 84.0 0.9313 1 0.5852 0
T 51292 84.0 0.9313 1 0.5852 0
T 51300 84.0 0.9318 1 0.6160 0
T 51308 84.0 0.9318 1 0.6160 0
T 51315 84.0 0.9318 1 0.6160 0
T 51322 84.0 0.9323 1 0.7428 0
T 51330 84.0 0.9323 1 0.7428 0
T 51338 84.0 0.9323 1 0.7428 0
T 51345 84.0 0.9327 1 0.7750 0
T 51352 84.0 0.9327 1 0.7750 0
T 51360 84.0 0.9327 1 0.7750 0
T 51368 84.0 0.9330 1 0.8072 0
T 51375 84.0 0.9330 1 0.8072 0
T 51382 84.0 0.9330 1 0.8072 0
T 51390 84.0 0.9332 1 0.8380 0
T 51398 84.0 0.9332 1 0.8380 0
T 51405 84.0 0.9332 1 0.8380 0
T 51412 84.0 0.9335 1 0.8689 0
T 51420 84.0 0.9335 1 0.8689 0
T 51428 84.0 0.9335 1 0.8689 0
T 51435 84.0 0.9337 1 0.9011 0
T 51442 84.0 0.9337 1 0.9011 0
T 51450 84.0 0.9337 1 0.9011 0
T 51458 84.0 0.9339 1 0.9333 0
T 51465 84.0 0.9339 1 0.9333 0
T 51472 84.0 0.9339 1 0.9333 0
T 51480 84.0 0.9340 1 0.9641 0
T 51488 84.0 0.9340 1 0.9641 0
T 51495 84.0 0.9340 1 0.9641 0
T 51502 84.0 0.9342 1 0.9949 0
T 51510 84.0 0.9342 1 0.9949 0
T 51518 84.0 0.9342 1 0.9949 0
T 51525 84.0 0.9340 1 0.0271 1
T 51532 84.0 0.9340 1 0.0271 0
T 51540 84.0 0.9340 1 0.0271 0
T 51548 84.0 0.9340 1 0.0525 0
T 51555 84.0 0.9340 1 0.0525 0
T 51562 84.0 0.9340 1 0.0525 0
T 51570 84.0 0.9340 1 0.0833 0
T 51578 84.0 0.9340 1 0.0833 0
T 51585 84.0 0.9340 1 0.0833 0
T 51592 84.0 0.9341 1 0.1141 0
T 51600 84.0 0.9341 1 0.1141 0
T 51608 84.0 0.9341 1 0.1141 0
T 51615 84.0 0.9342 1 0.1463 0
T 51622 84.0 0.9342 1 0.1463 0
T 51630 84.0 0.9342 1 0.1463 0
T 51638 84.0 0.9342 1 0.1785 0
T 51645 84.0 0.9342 1 0.1785 0
T 51652 84.0 0.9342 1 0.1785 0
T 51660 84.0 0.9342 1 0.2093 0
T 51668 84.0 0.9342 1 0.2093 0
T 51675 84.0 0.9342 1 0.2093 0
T 51682 84.0 0.9343 1 0.2401 0
T 51690 84.0 0.9343 1 0.2401 0
T 51698 84.0 0.9343 1 0.2401 0
T 51705 84.0 0.9343 1 0.2724 0
T 51712 84.0 0.9343 1 0.2724 0
T 51720 84.0 0.9343 1 0.2724 0
T 51728 84.0 0.9342 1 0.3046 0
T 51735 84.0 0.9342 1 0.3046 0
T 51742 84.0 0.9342 1 0.3046 0
T 51750 84.0 0.9342 1 0.3354 0
T 51758 84.0 0.9342 1 0.3354 0
T 51765 84.0 0.9342 1 0.3354 0
T 51772 84.0 0.9339 1 0.3662 0
T 51780 84.0 0.9339 1 0.3662 0
T 51788 84.0 0.9339 1 0.3662 0
T 51795 84.0 0.9336 1 0.3068 0
T 51802 84.0 0.9336 1 0.3068 0
T 51810 84.0 0.9336 1 0.3068 0
T 51818 84.0 0.9333 1 0.3390 0
T 51825 84.0 0.9333 1 0.3390 0
T 51832 84.0 0.9333 1 0.3390 0
T 51840 84.0 0.9331 1 0.3698 0
T 51848 84.0 0.9331 1 0.3698 0
T 51855 84.0 0.9331 1 0.3698 0
T 51862 84.0 0.9330 1 0.4006 0
T 51870 84.0 0.9330 1 0.4006 0
T 51878 84.0 0.9330 1 0.4006 0
T 51885 84.0 0.9328 1 0.4328 0
T 51892 84.0 0.9328 1 0.4328 0
T 51900 84.0 0.9328 1 0.4328 0
T 51908 84.0 0.9326 1 0.4649 0
T 51915 84.0 0.9326 1 0.4649 0
T 51922 84.0 0.9326 1 0.4649 0
T 51930 84.0 0.9325 1 0.4957 0
T 51938 84.0 0.9325 1 0.4957 0
T 51945 84.0 0.9325 1 0.4957 0
T 51952 84.0 0.9324 1 0.5265 0
T 51960 84.0 0.9324 1 0.5265 0
T 51968 84.0 0.9324 1 0.5265 0
T 51975 84.0 0.9324 1 0.5587 0
T 51982 84.0 0.9324 1 0.5587 0
T 51990 84.0 0.9324 1 0.5587 0
T 51998 84.0 0.9323 1 0.5909 0
T 52005 84.0 0.9323 1 0.5909 0
T 52012 84.0 0.9323 1 0.5909 0
T 52020 84.0 0.9324 1 0.6217 0
T 52028 84.0 0.9324 1 0.6217 0
T 52035 84.0 0.9324 1 0.6217 0
T 52042 84.0 0.9325 1 0.7471 0
T 52050 84.0 0.9325 1 0.7471 0
T 52058 84.0 0.9325 1 0.7471 0
T 52065 84.0 0.9327 1 0.7793 0
T 52072 84.0 0.9327 1 0.7793 0
T 52080 84.0 0.9327 1 0.7793 0
T 52088 84.0 0.9328 1 0.8115 0
T 52095 84.0 0.9328 1 0.8115 0
T 52102 84.0 0.9328 1 0.8115 0
T 52110 84.0 0.9329 1 0.8423 0
T 52118 84.0 0.9329 1 0.8423 0
T 52125 84.0 0.9329 1 0.8423 0
T 52132 84.0 0.9330 1 0.8731 0
T 52140 84.0 0.9330 1 0.8731 0
T 52148 84.0 0.9330 1 0.8731 0
T 52155 84.0 0.9331 1 0.9053 0
T 52162 84.0 0.9331 1 0.9053 0
T 52170 84.0 0.9331 1 0.9053 0
T 52178 84.0 0.9332 1 0.9375 0
T 52185 84.0 0.9332 1 0.9375 0
T 52192 84.0 0.9332 1 0.9375 0
T 52200 84.0 0.9333 1 0.9683 0
T 52208 84.0 0.9333 1 0.9683 0
T 52215 84.0 0.9333 1 0.9683 0
T 52222 84.0 0.9334 1 0.9991 0
T 52230 84.0 0.9334 1 0.9991 0
T 52238 84.0 0.9334 1 0.9991 0
T 52245 84.0 0.9340 1 0.0314 1
T 52252 84.0 0.9340 1 0.0314 0
T 52260 84.0 0.9340 1 0.0314 0
T 52268 84.0 0.9348 1 0.0557 0
T 52275 84.0 0.9348 1 0.0557 0
T 52282 84.0 0.9348 1 0.0557 0
T 52290 84.0 0.9353 1 0.0865 0
T 52298 84.0 0.9353 1 0.0865 0
T 52305 84.0 0.9353 1 0.0865 0
T 52312 84.0 0.9358 1 0.1173 0
T 52320 84.0 0.9358 1 0.1173 0
T 52328 84.0 0.9358 1 0.1173 0
T 52335 84.0 0.9362 1 0.1495 0
T 52342 84.0 0.9362 1 0.1495 0
T 52350 84.0 0.9362 1 0.1495 0
T 52358 84.0 0.9365 1 0.1817 0
T 52365 84.0 0.9365 1 0.1817 0
T 52372 84.0 0.9365 1 0.1817 0
T 52380 84.0 0.9366 1 0.2125 0
T 52388 84.0 0.9366 1 0.2125 0
T 52395 84.0 0.9366 1 0.2125 0
T 52402 84.0 0.9368 1 0.2433 0
T 52410 84.0 0.9368 1 0.2433 0
T 52418 84.0 0.9368 1 0.2433 0
T 52425 84.0 0.9370 1 0.2755 0
T 52432 84.0 0.9370 1 0.2755 0
T 52440 84.0 0.9370 1 0.2755 0
T 52448 84.0 0.9372 1 0.3077 0
T 52455 84.0 0.9372 1 0.3077 0
T 52462 84.0 0.9372 1 0.3077 0
T 52470 84.0 0.9373 1 0.3385 0
T 52478 84.0 0.9373 1 0.3385 0
T 52485 84.0 0.9373 1 0.3385 0
T 52492 84.0 0.9376 1 0.3693 0
T 52500 84.0 0.9376 1 0.3693 0
T 52508 84.0 0.9376 1 0.3693 0
T 52515 84.0 0.9378 1 0.4015 0
T 52522 84.0 0.9378 1 0.4015 0
T 52530 84.0 0.9378 1 0.4015 0
T 52538 84.0 0.9380 1 0.4337 0
T 52545 84.0 0.9380 1 0.4337 0
T 52552 84.0 0.9380 1 0.4337 0
T 52560 84.0 0.9381 1 0.3645 0
T 52568 84.0 0.9381 1 0.3645 0
T 52575 84.0 0.9381 1 0.3645 0
T 52582 84.0 0.9382 1 0.3953 0
T 52590 84.0 0.9382 1 0.3953 0
T 52598 84.0 0.9382 1 0.3953 0
T 52605 84.0 0.9382 1 0.4275 0
T 52612 84.0 0.9382 1 0.4275 0
T 52620 84.0 0.9382 1 0.4275 0
T 52628 84.0 0.9383 1 0.4597 0
T 52635 84.0 0.9383 1 0.4597 0
T 52642 84.0 0.9383 1 0.4597 0
T 52650 84.0 0.9385 1 0.4905 0
T 52658 84.0 0.9385 1 0.4905 0
T 52665 84.0 0.9385 1 0.4905 0
T 52672 84.0 0.9386 1 0.5213 0
T 52680 84.0 0.9386 1 0.5213 0
T 52688 84.0 0.9386 1 0.5213 0
T 52695 84.0 0.9386 1 0.5534 0
T 52702 84.0 0.9386 1 0.5534 0
T 52710 84.0 0.9386 1 0.5534 0
T 52718 84.0 0.9386 1 0.5856 0
T 52725 84.0 0.9386 1 0.5856 0
T 52732 84.0 0.9386 1 0.5856 0
T 52740 84.0 0.9382 1 0.7164 0
T 52748 84.0 0.9382 1 0.7164 0
T 52755 84.0 0.9382 1 0.7164 0
T 52762 84.0 0.9379 1 0.7472 0
T 52770 84.0 0.9379 1 0.7472 0
T 52778 84.0 0.9379 1 0.7472 0
T 52785 84.0 0.9376 1 0.7794 0
T 52792 84.0 0.9376 1 0.7794 0
T 52800 84.0 0.9376 1 0.7794 0
T 52808 84.0 0.9372 1 0.8117 0
T 52815 84.0 0.9372 1 0.8117 0
T 52822 84.0 0.9372 1 0.8117 0
T 52830 84.0 0.9369 1 0.8425 0
T 52838 84.0 0.9369 1 0.8425 0
T 52845 84.0 0.9369 1 0.8425 0
T 52852 84.0 0.9367 1 0.8733 0
T 52860 84.0 0.9367 1 0.8733 0
T 52868 84.0 0.9367 1 0.8733 0
T 52875 84.0 0.9365 1 0.9055 0
T 52882 84.0 0.9365 1 0.9055 0
T 52890 84.0 0.9365 1 0.9055 0
T 52898 84.0 0.9364 1 0.9377 0
T 52905 84.0 0.9364 1 0.9377 0
T 52912 84.0 0.9364 1 0.9377 0
T 52920 84.0 0.9362 1 0.9685 0
T 52928 84.0 0.9362 1 0.9685 0
T 52935 84.0 0.9362 1 0.9685 0
T 52942 84.0 0.9362 1 0.9993 0
T 52950 84.0 0.9362 1 0.9993 0
T 52958 84.0 0.9362 1 0.9993 0
T 52965 84.0 0.9373 1 0.0315 1
T 52972 84.0 0.9373 1 0.0315 0
T 52980 84.0 0.9373 1 0.0315 0
T 52988 84.0 0.9381 1 0.0558 0
T 52995 84.0 0.9381 1 0.0558 0
T 53002 84.0 0.9381 1 0.0558 0
T 53010 84.0 0.9388 1 0.0866 0
T 53018 84.0 0.9388 1 0.0866 0
T 53025 84.0 0.9388 1 0.0866 0
T 53032 84.0 0.9394 1 0.1174 0
T 53040 84.0 0.9394 1 0.1174 0
T 53048 84.0 0.9394 1 0.1174 0
T 53055 84.0 0.9399 1 0.1496 0
T 53062 84.0 0.9399 1 0.1496 0
T 53070 84.0 0.9399 1 0.1496 0
T 53078 84.0 0.9403 1 0.1818 0
T 53085 84.0 0.9403 1 0.1818 0
T 53092 84.0 0.9403 1 0.1818 0
T 53100 84.0 0.9407 1 0.2126 0
T 53108 84.0 0.9407 1 0.2126 0
T 53115 84.0 0.9407 1 0.2126 0
T 53122 84.0 0.9411 1 0.2434 0
T 53130 84.0 0.9411 1 0.2434 0
T 53138 84.0 0.9411 1 0.2434 0
T 53145 84.0 0.9414 1 0.2756 0
T 53152 84.0 0.9414 1 0.2756 0
T 53160 84.0 0.9414 1 0.2756 0
T 53168 84.0 0.9418 1 0.3078 0
T 53175 84.0 0.9418 1 0.3078 0
T 53182 84.0 0.9418 1 0.3078 0
T 53190 84.0 0.9411 1 0.3386 0
T 53198 84.0 0.9411 1 0.3386 0
T 53205 84.0 0.9411 1 0.3386 0
T 53212 84.0 0.9392 1 0.2848 0
T 53220 84.0 0.9392 1 0.2848 0
T 53228 84.0 0.9392 1 0.2848 0
T 53235 84.0 0.9376 1 0.3170 0
T 53242 84.0 0.9376 1 0.3170 0
T 53250 84.0 0.9376 1 0.3170 0
T 53258 84.0 0.9362 1 0.3491 0
T 53265 84.0 0.9362 1 0.3491 0
T 53272 84.0 0.9362 1 0.3491 0
T 53280 84.0 0.9350 1 0.3799 0
T 53288 84.0 0.9350 1 0.3799 0
T 53295 84.0 0.9350 1 0.3799 0
T 53302 84.0 0.9340 1 0.4107 0
T 53310 84.0 0.9340 1 0.4107 0
T 53318 84.0 0.9340 1 0.4107 0
T 53325 84.0 0.9330 1 0.4429 0
T 53332 84.0 0.9330 1 0.4429 0
T 53340 84.0 0.9330 1 0.4429 0
T 53348 84.0 0.9320 1 0.4751 0
T 53355 84.0 0.9320 1 0.4751 0
T 53362 84.0 0.9320 1 0.4751 0
T 53370 84.0 0.9310 1 0.5059 0
T 53378 84.0 0.9310 1 0.5059 0
T 53385 84.0 0.9310 1 0.5059 0
T 53392 84.0 0.9300 1 0.5367 0
T 53400 84.0 0.9300 1 0.5367 0
T 53408 84.0 0.9300 1 0.5367 0
T 53415 84.0 0.9292 1 0.5689 0
T 53422 84.0 0.9292 1 0.5689 0
T 53430 84.0 0.9292 1 0.5689 0
T 53438 84.0 0.9294 1 0.6011 0
T 53445 84.0 0.9294 1 0.6011 0
T 53452 84.0 0.9294 1 0.6011 0
T 53460 84.0 0.9295 1 0.7316 0
T 53468 84.0 0.9295 1 0.7316 0
T 53475 84.0 0.9295 1 0.7316 0
T 53482 84.0 0.9295 1 0.7624 0
T 53490 84.0 0.9295 1 0.7624 0
T 53498 84.0 0.9295 1 0.7624 0
T 53505 84.0 0.9295 1 0.7946 0
T 53512 84.0 0.9295 1 0.7946 0
T 53520 84.0 0.9295 1 0.7946 0
T 53528 84.0 0.9295 1 0.8268 0
T 53535 84.0 0.9295 1 0.8268 0
T 53542 84.0 0.9295 1 0.8268 0
T 53550 84.0 0.9295 1 0.8577 0
T 53558 84.0 0.9295 1 0.8577 0
T 53565 84.0 0.9295 1 0.8577 0
T 53572 84.0 0.9295 1 0.8885 0
T 53580 84.0 0.9295 1 0.8885 0
T 53588 84.0 0.9295 1 0.8885 0
T 53595 84.0 0.9293 1 0.9207 0
T 53602 84.0 0.9293 1 0.9207 0
T 53610 84.0 0.9293 1 0.9207 0
T 53618 84.0 0.9292 1 0.9529 0
T 53625 84.0 0.9292 1 0.9529 0
T 53632 84.0 0.9292 1 0.9529 0
T 53640 84.0 0.9292 1 0.9837 0
T 53648 84.0 0.9292 1 0.9837 0
T 53655 84.0 0.9292 1 0.9837 0
T 53662 84.0 0.9290 1 0.0145 1
T 53670 84.0 0.9290 1 0.0145 0
T 53678 84.0 0.9290 1 0.0145 0
T 53685 84.0 0.9287 1 0.0467 0
T 53692 84.0 0.9287 1 0.0467 0
T 53700 84.0 0.9287 1 0.0467 0
T 53708 84.0 0.9285 1 0.0672 0
T 53715 84.0 0.9285 1 0.0672 0
T 53722 84.0 0.9285 1 0.0672 0
T 53730 84.0 0.9284 1 0.0980 0
T 53738 84.0 0.9284 1 0.0980 0
T 53745 84.0 0.9284 1 0.0980 0
T 53752 84.0 0.9281 1 0.1288 0
T 53760 84.0 0.9281 1 0.1288 0
T 53768 84.0 0.9281 1 0.1288 0
T 53775 84.0 0.9278 1 0.1610 0
T 53782 84.0 0.9278 1 0.1610 0
T 53790 84.0 0.9278 1 0.1610 0
T 53798 84.0 0.9275 1 0.1932 0
T 53805 84.0 0.9275 1 0.1932 0
T 53812 84.0 0.9275 1 0.1932 0
T 53820 84.0 0.9273 1 0.2240 0
T 53828 84.0 0.9273 1 0.2240 0
T 53835 84.0 0.9273 1 0.2240 0
T 53842 84.0 0.9270 1 0.2548 0
T 53850 84.0 0.9270 1 0.2548 0
T 53858 84.0 0.9270 1 0.2548 0
T 53865 84.0 0.9268 1 0.2870 0
T 53872 84.0 0.9268 1 0.2870 0
T 53880 84.0 0.9268 1 0.2870 0
T 53888 84.0 0.9265 1 0.3192 0
T 53895 84.0 0.9265 1 0.3192 0
T 53902 84.0 0.9265 1 0.3192 0
T 53910 84.0 0.9263 1 0.3500 0
T 53918 84.0 0.9263 1 0.3500 0
T 53925 84.0 0.9263 1 0.3500 0
T 53932 84.0 0.9261 1 0.2933 0
T 53940 84.0 0.9261 1 0.2933 0
T 53948 84.0 0.9261 1 0.2933 0
T 53955 84.0 0.9260 1 0.3255 0
T 53962 84.0 0.9260 1 0.3255 0
T 53970 84.0 0.9260 1 0.3255 0
T 53978 84.0 0.9259 1 0.3577 0
T 53985 84.0 0.9259 1 0.3577 0
T 53992 84.0 0.9259 1 0.3577 0
T 54000 84.0 0.9258 1 0.3885 0
T 54008 84.0 0.9258 1 0.3885 0
T 54015 84.0 0.9258 1 0.3885 0
T 54022 84.0 0.9257 1 0.4193 0
T 54030 84.0 0.9257 1 0.4193 0
T 54038 84.0 0.9257 1 0.4193 0
T 54045 84.0 0.9255 1 0.4515 0
T 54052 84.0 0.9255 1 0.4515 0
T 54060 84.0 0.9255 1 0.4515 0
T 54068 84.0 0.9251 1 0.4836 0
T 54075 84.0 0.9251 1 0.4836 0
T 54082 84.0 0.9251 1 0.4836 0
T 54090 84.0 0.9248 1 0.5144 0
T 54098 84.0 0.9248 1 0.5144 0
T 54105 84.0 0.9248 1 0.5144 0
T 54112 84.0 0.9246 1 0.5452 0
T 54120 84.0 0.9246 1 0.5452 0
T 54128 84.0 0.9246 1 0.5452 0
T 54135 84.0 0.9244 1 0.5774 0
T 54142 84.0 0.9244 1 0.5774 0
T 54150 84.0 0.9244 1 0.5774 0
T 54158 84.0 0.9243 1 0.6096 0
T 54165 84.0 0.9243 1 0.6096 0
T 54172 84.0 0.9243 1 0.6096 0
T 54180 84.0 0.9240 1 0.6404 0
T 54188 84.0 0.9240 1 0.6404 0
T 54195 84.0 0.9240 1 0.6404 0
T 54202 84.0 0.9237 1 0.7611 0
T 54210 84.0 0.9237 1 0.7611 0
T 54218 84.0 0.9237 1 0.7611 0
T 54225 84.0 0.9234 1 0.7933 0
T 54232 84.0 0.9234 1 0.7933 0
T 54240 84.0 0.9234 1 0.7933 0
T 54248 84.0 0.9232 1 0.8255 0
T 54255 84.0 0.9232 1 0.8255 0
T 54262 84.0 0.9232 1 0.8255 0
T 54270 84.0 0.9229 1 0.8563 0
T 54278 84.0 0.9229 1 0.8563 0
T 54285 84.0 0.9229 1 0.8563 0
T 54292 84.0 0.9227 1 0.8872 0
T 54300 84.0 0.9227 1 0.8872 0
T 54308 84.0 0.9227 1 0.8872 0
T 54315 84.0 0.9225 1 0.9194 0
T 54322 84.0 0.9225 1 0.9194 0
T 54330 84.0 0.9225 1 0.9194 0
T 54338 84.0 0.9222 1 0.9516 0
T 54345 84.0 0.9222 1 0.9516 0
T 54352 84.0 0.9222 1 0.9516 0
T 54360 84.0 0.9220 1 0.9824 0
T 54368 84.0 0.9220 1 0.9824 0
T 54375 84.0 0.9220 1 0.9824 0
T 54382 84.0 0.9222 1 0.0132 1
T 54390 84.0 0.9222 1 0.0132 0
T 54398 84.0 0.9222 1 0.0132 0
T 54405 84.0 0.9225 1 0.0421 0
T 54412 84.0 0.9225 1 0.0421 0
T 54420 84.0 0.9225 1 0.0421 0
T 54428 84.0 0.9227 1 0.0743 0
T 54435 84.0 0.9227 1 0.0743 0
T 54442 84.0 0.9227 1 0.0743 0
T 54450 84.0 0.9229 1 0.1051 0
T 54458 84.0 0.9229 1 0.1051 0
T 54465 84.0 0.9229 1 0.1051 0
T 54472 84.0 0.9226 1 0.1359 0
T 54480 84.0 0.9226 1 0.1359 0
T 54488 84.0 0.9226 1 0.1359 0
T 54495 84.0 0.9222 1 0.1681 0
T 54502 84.0 0.9222 1 0.1681 0
T 54510 84.0 0.9222 1 0.1681 0
T 54518 84.0 0.9218 1 0.2003 0
T 54525 84.0 0.9218 1 0.2003 0
T 54532 84.0 0.9218 1 0.2003 0
T 54540 84.0 0.9216 1 0.2311 0
T 54548 84.0 0.9216 1 0.2311 0
T 54555 84.0 0.9216 1 0.2311 0
T 54562 84.0 0.9216 1 0.2619 0
T 54570 84.0 0.9216 1 0.2619 0
T 54578 84.0 0.9216 1 0.2619 0
T 54585 84.0 0.9217 1 0.2941 0
T 54592 84.0 0.9217 1 0.2941 0
T 54600 84.0 0.9217 1 0.2941 0
T 54608 84.0 0.9216 1 0.3263 0
T 54615 84.0 0.9216 1 0.3263 0
T 54622 84.0 0.9216 1 0.3263 0
T 54630 84.0 0.9212 1 0.3571 0
T 54638 84.0 0.9212 1 0.3571 0
T 54645 84.0 0.9212 1 0.3571 0
T 54652 84.0 0.9208 1 0.2986 0
T 54660 84.0 0.9208 1 0.2986 0
T 54668 84.0 0.9208 1 0.2986 0
T 54675 84.0 0.9204 1 0.3308 0
T 54682 84.0 0.9204 1 0.3308 0
T 54690 84.0 0.9204 1 0.3308 0
T 54698 84.0 0.9200 1 0.3630 0
T 54705 84.0 0.9200 1 0.3630 0
T 54712 84.0 0.9200 1 0.3630 0
T 54720 84.0 0.9196 1 0.3938 0
T 54728 84.0 0.9196 1 0.3938 0
T 54735 84.0 0.9196 1 0.3938 0
T 54742 84.0 0.9193 1 0.4246 0
T 54750 84.0 0.9193 1 0.4246 0
T 54758 84.0 0.9193 1 0.4246 0
T 54765 84.0 0.9190 1 0.4568 0
T 54772 84.0 0.9190 1 0.4568 0
T 54780 84.0 0.9190 1 0.4568 0
T 54788 84.0 0.9186 1 0.4890 0
T 54795 84.0 0.9186 1 0.4890 0
T 54802 84.0 0.9186 1 0.4890 0
T 54810 84.0 0.9182 1 0.5198 0
T 54818 84.0 0.9182 1 0.5198 0
T 54825 84.0 0.9182 1 0.5198 0
T 54832 84.0 0.9180 1 0.5505 0
T 54840 84.0 0.9180 1 0.5505 0
T 54848 84.0 0.9180 1 0.5505 0
T 54855 84.0 0.9174 1 0.5827 0
T 54862 84.0 0.9174 1 0.5827 0
T 54870 84.0 0.9174 1 0.5827 0
T 54878 84.0 0.9173 1 0.7149 0
T 54885 84.0 0.9173 1 0.7149 0
T 54892 84.0 0.9173 1 0.7149 0
T 54900 84.0 0.9172 1 0.7457 0
T 54908 84.0 0.9172 1 0.7457 0
T 54915 84.0 0.9172 1 0.7457 0
T 54922 84.0 0.9172 1 0.7766 0
T 54930 84.0 0.9172 1 0.7766 0
T 54938 84.0 0.9172 1 0.7766 0
T 54945 84.0 0.9173 1 0.8088 0
T 54952 84.0 0.9173 1 0.8088 0
T 54960 84.0 0.9173 1 0.8088 0
T 54968 84.0 0.9172 1 0.8410 0
T 54975 84.0 0.9172 1 0.8410 0
T 54982 84.0 0.9172 1 0.8410 0
T 54990 84.0 0.9171 1 0.8718 0
T 54998 84.0 0.9171 1 0.8718 0
T 55005 84.0 0.9171 1 0.8718 0
T 55012 84.0 0.9171 1 0.9026 0
T 55020 84.0 0.9171 1 0.9026 0
T 55028 84.0 0.9171 1 0.9026 0
T 55035 84.0 0.9171 1 0.9348 0
T 55042 84.0 0.9171 1 0.9348 0
T 55050 84.0 0.9171 1 0.9348 0
T 55058 84.0 0.9170 1 0.9670 0
T 55065 84.0 0.9170 1 0.9670 0
T 55072 84.0 0.9170 1 0.9670 0
T 55080 84.0 0.9169 1 0.9978 0
T 55088 84.0 0.9169 1 0.9978 0
T 55095 84.0 0.9169 1 0.9978 0
T 55102 84.0 0.9172 1 0.0286 1
T 55110 84.0 0.9172 1 0.0286 0
T 55118 84.0 0.9172 1 0.0286 0
T 55125 84.0 0.9172 1 0.0537 0
T 55132 84.0 0.9172 1 0.0537 0
T 55140 84.0 0.9172 1 0.0537 0
T 55148 84.0 0.9171 1 0.0859 0
T 55155 84.0 0.9171 1 0.0859 0
T 55162 84.0 0.9171 1 0.0859 0
T 55170 84.0 0.9169 1 0.1167 0
T 55178 84.0 0.9169 1 0.1167 0
T 55185 84.0 0.9169 1 0.1167 0
T 55192 84.0 0.9168 1 0.1475 0
T 55200 84.0 0.9168 1 0.1475 0
T 55208 84.0 0.9168 1 0.1475 0
T 55215 84.0 0.9167 1 0.1797 0
T 55222 84.0 0.9167 1 0.1797 0
T 55230 84.0 0.9167 1 0.1797 0
T 55238 84.0 0.9167 1 0.2119 0
T 55245 84.0 0.9167 1 0.2119 0
T 55252 84.0 0.9167 1 0.2119 0
T 55260 84.0 0.9167 1 0.2427 0
T 55268 84.0 0.9167 1 0.2427 0
T 55275 84.0 0.9167 1 0.2427 0
T 55282 84.0 0.9168 1 0.2735 0
T 55290 84.0 0.9168 1 0.2735 0
T 55298 84.0 0.9168 1 0.2735 0
T 55305 84.0 0.9168 1 0.3057 0
T 55312 84.0 0.9168 1 0.3057 0
T 55320 84.0 0.9168 1 0.3057 0
T 55328 84.0 0.9165 1 0.3379 0
T 55335 84.0 0.9165 1 0.3379 0
T 55342 84.0 0.9165 1 0.3379 0
T 55350 84.0 0.9162 1 0.3687 0
T 55358 84.0 0.9162 1 0.3687 0
T 55365 84.0 0.9162 1 0.3687 0
T 55372 84.0 0.9159 1 0.3073 0
T 55380 84.0 0.9159 1 0.3073 0
T 55388 84.0 0.9159 1 0.3073 0
T 55395 84.0 0.9156 1 0.3395 0
T 55402 84.0 0.9156 1 0.3395 0
T 55410 84.0 0.9156 1 0.3395 0
T 55418 84.0 0.9154 1 0.2868 0
T 55425 84.0 0.9154 1 0.2868 0
T 55432 84.0 0.9154 1 0.2868 0
T 55440 84.0 0.9148 1 0.3176 0
T 55448 84.0 0.9148 1 0.3176 0
T 55455 84.0 0.9148 1 0.3176 0
T 55462 84.0 0.9144 1 0.3484 0
T 55470 84.0 0.9144 1 0.3484 0
T 55478 84.0 0.9144 1 0.3484 0
T 55485 84.0 0.9140 1 0.3805 0
T 55492 84.0 0.9140 1 0.3805 0
T 55500 84.0 0.9140 1 0.3805 0
T 55508 84.0 0.9135 1 0.4127 0
T 55515 84.0 0.9135 1 0.4127 0
T 55522 84.0 0.9135 1 0.4127 0
T 55530 84.0 0.9130 1 0.4435 0
T 55538 84.0 0.9130 1 0.4435 0
T 55545 84.0 0.9130 1 0.4435 0
T 55552 84.0 0.9127 1 0.4743 0
T 55560 84.0 0.9127 1 0.4743 0
T 55568 84.0 0.9127 1 0.4743 0
T 55575 84.0 0.9126 1 0.5064 0
T 55582 84.0 0.9126 1 0.5064 0
T 55590 84.0 0.9126 1 0.5064 0
T 55598 84.0 0.9123 1 0.6386 0
T 55605 84.0 0.9123 1 0.6386 0
T 55612 84.0 0.9123 1 0.6386 0
T 55620 84.0 0.9121 1 0.6694 0
T 55628 84.0 0.9121 1 0.6694 0
T 55635 84.0 0.9121 1 0.6694 0
T 55642 84.0 0.9118 1 0.7002 0
T 55650 84.0 0.9118 1 0.7002 0
T 55658 84.0 0.9118 1 0.7002 0
T 55665 84.0 0.9118 1 0.7325 0
T 55672 84.0 0.9118 1 0.7325 0
T 55680 84.0 0.9118 1 0.7325 0
T 55688 84.0 0.9121 1 0.7647 0
T 55695 84.0 0.9121 1 0.7647 0
T 55702 84.0 0.9121 1 0.7647 0
T 55710 84.0 0.9122 1 0.7955 0
T 55718 84.0 0.9122 1 0.7955 0
T 55725 84.0 0.9122 1 0.7955 0
T 55732 84.0 0.9123 1 0.8263 0
T 55740 84.0 0.9123 1 0.8263 0
T 55748 84.0 0.9123 1 0.8263 0
T 55755 84.0 0.9124 1 0.8585 0
T 55762 84.0 0.9124 1 0.8585 0
T 55770 84.0 0.9124 1 0.8585 0
T 55778 84.0 0.9125 1 0.8907 0
T 55785 84.0 0.9125 1 0.8907 0
T 55792 84.0 0.9125 1 0.8907 0
T 55800 84.0 0.9122 1 0.9215 0
T 55808 84.0 0.9122 1 0.9215 0
T 55815 84.0 0.9122 1 0.9215 0
T 55822 84.0 0.9123 1 0.9719 0
T 55830 84.0 0.9123 1 0.9719 0
T 55838 84.0 0.9123 1 0.9719 0
T 55845 84.0 0.9123 1 0.0041 1
T 55852 84.0 0.9123 1 0.0041 0
T 55860 84.0 0.9123 1 0.0041 0
T 55868 84.0 0.9125 1 0.0363 0
T 55875 84.0 0.9125 1 0.0363 0
T 55882 84.0 0.9125 1 0.0363 0
T 55890 84.0 0.9125 1 0.0672 0
T 55898 84.0 0.9125 1 0.0672 0
T 55905 84.0 0.9125 1 0.0672 0
T 55912 84.0 0.9124 1 0.0980 0
T 55920 84.0 0.9124 1 0.0980 0
T 55928 84.0 0.9124 1 0.0980 0
T 55935 84.0 0.9122 1 0.1302 0
T 55942 84.0 0.9122 1 0.1302 0
T 55950 84.0 0.9122 1 0.1302 0
T 55958 84.0 0.9120 1 0.1624 0
T 55965 84.0 0.9120 1 0.1624 0
T 55972 84.0 0.9120 1 0.1624 0
T 55980 84.0 0.9116 1 0.1932 0
T 55988 84.0 0.9116 1 0.1932 0
T 55995 84.0 0.9116 1 0.1932 0
T 56002 84.0 0.9114 1 0.2240 0
T 56010 84.0 0.9114 1 0.2240 0
T 56018 84.0 0.9114 1 0.2240 0
T 56025 84.0 0.9112 1 0.2562 0
T 56032 84.0 0.9112 1 0.2562 0
T 56040 84.0 0.9112 1 0.2562 0
T 56048 84.0 0.9111 1 0.2884 0
T 56055 84.0 0.9111 1 0.2884 0
T 56062 84.0 0.9111 1 0.2884 0
T 56070 84.0 0.9104 1 0.3192 0
T 56078 84.0 0.9104 1 0.3192 0
T 56085 84.0 0.9104 1 0.3192 0
T 56092 84.0 0.9099 1 0.2702 0
T 56100 84.0 0.9099 1 0.2702 0
T 56108 84.0 0.9099 1 0.2702 0
T 56115 84.0 0.9093 1 0.3024 0
T 56122 84.0 0.9093 1 0.3024 0
T 56130 84.0 0.9093 1 0.3024 0
T 56138 84.0 0.9086 1 0.3346 0
T 56145 84.0 0.9086 1 0.3346 0
T 56152 84.0 0.9086 1 0.3346 0
T 56160 84.0 0.9079 1 0.3654 0
T 56168 84.0 0.9079 1 0.3654 0
T 56175 84.0 0.9079 1 0.3654 0
T 56182 84.0 0.9071 1 0.3961 0
T 56190 84.0 0.9071 1 0.3961 0
T 56198 84.0 0.9071 1 0.3961 0
T 56205 84.0 0.9065 1 0.4283 0
T 56212 84.0 0.9065 1 0.4283 0
T 56220 84.0 0.9065 1 0.4283 0
T 56228 84.0 0.9060 1 0.4605 0
T 56235 84.0 0.9060 1 0.4605 0
T 56242 84.0 0.9060 1 0.4605 0
T 56250 84.0 0.9056 1 0.4913 0
T 56258 84.0 0.9056 1 0.4913 0
T 56265 84.0 0.9056 1 0.4913 0
T 56272 84.0 0.9052 1 0.5221 0
T 56280 84.0 0.9052 1 0.5221 0
T 56288 84.0 0.9052 1 0.5221 0
T 56295 84.0 0.9051 1 0.5543 0
T 56302 84.0 0.9051 1 0.5543 0
T 56310 84.0 0.9051 1 0.5543 0
T 56318 84.0 0.9048 1 0.6865 0
T 56325 84.0 0.9048 1 0.6865 0
T 56332 84.0 0.9048 1 0.6865 0
T 56340 84.0 0.9045 1 0.7173 0
T 56348 84.0 0.9045 1 0.7173 0
T 56355 84.0 0.9045 1 0.7173 0
T 56362 84.0 0.9042 1 0.7481 0
T 56370 84.0 0.9042 1 0.7481 0
T 56378 84.0 0.9042 1 0.7481 0
T 56385 84.0 0.9040 1 0.7803 0
T 56392 84.0 0.9040 1 0.7803 0
T 56400 84.0 0.9040 1 0.7803 0
T 56408 84.0 0.9037 1 0.8126 0
T 56415 84.0 0.9037 1 0.8126 0
T 56422 84.0 0.9037 1 0.8126 0
T 56430 84.0 0.9034 1 0.8434 0
T 56438 84.0 0.9034 1 0.8434 0
T 56445 84.0 0.9034 1 0.8434 0
T 56452 84.0 0.9031 1 0.8742 0
T 56460 84.0 0.9031 1 0.8742 0
T 56468 84.0 0.9031 1 0.8742 0
T 56475 84.0 0.9028 1 0.9064 0
T 56482 84.0 0.9028 1 0.9064 0
T 56490 84.0 0.9028 1 0.9064 0
T 56498 84.0 0.9026 1 0.9386 0
T 56505 84.0 0.9026 1 0.9386 0
T 56512 84.0 0.9026 1 0.9386 0
T 56520 84.0 0.9026 1 0.9694 0
T 56528 84.0 0.9026 1 0.9694 0
T 56535 84.0 0.9026 1 0.9694 0
T 56542 84.0 0.9018 1 0.0002 1
T 56550 84.0 0.9018 1 0.0002 0
T 56558 84.0 0.9018 1 0.0002 0
T 56565 84.0 0.9013 1 0.0324 0
T 56572 84.0 0.9013 1 0.0324 0
T 56580 84.0 0.9013 1 0.0324 0
T 56588 84.0 0.9008 1 0.0646 0
T 56595 84.0 0.9008 1 0.0646 0
T 56602 84.0 0.9008 1 0.0646 0
T 56610 84.0 0.9002 1 0.0954 0
T 56618 84.0 0.9002 1 0.0954 0
T 56625 84.0 0.9002 1 0.0954 0
T 56632 84.0 0.8996 1 0.1262 0
T 56640 84.0 0.8996 1 0.1262 0
T 56648 84.0 0.8996 1 0.1262 0
T 56655 84.0 0.8988 1 0.1584 0
T 56662 84.0 0.8988 1 0.1584 0
T 56670 84.0 0.8988 1 0.1584 0
T 56678 84.0 0.8983 1 0.1906 0
T 56685 84.0 0.8983 1 0.1906 0
T 56692 84.0 0.8983 1 0.1906 0
T 56700 84.0 0.8978 1 0.2214 0
T 56708 84.0 0.8978 1 0.2214 0
T 56715 84.0 0.8978 1 0.2214 0
T 56722 84.0 0.8974 1 0.2522 0
T 56730 84.0 0.8974 1 0.2522 0
T 56738 84.0 0.8974 1 0.2522 0
T 56745 84.0 0.8970 1 0.2844 0
T 56752 84.0 0.8970 1 0.2844 0
T 56760 84.0 0.8970 1 0.2844 0
T 56768 84.0 0.8970 1 0.2455 0
T 56775 84.0 0.8970 1 0.2455 0
T 56782 84.0 0.8970 1 0.2455 0
T 56790 84.0 0.8969 1 0.2763 0
T 56798 84.0 0.8969 1 0.2763 0
T 56805 84.0 0.8969 1 0.2763 0
T 56812 84.0 0.8968 1 0.3071 0
T 56820 84.0 0.8968 1 0.3071 0
T 56828 84.0 0.8968 1 0.3071 0
T 56835 84.0 0.8968 1 0.3393 0
T 56842 84.0 0.8968 1 0.3393 0
T 56850 84.0 0.8968 1 0.3393 0
T 56858 84.0 0.8966 1 0.3715 0
T 56865 84.0 0.8966 1 0.3715 0
T 56872 84.0 0.8966 1 0.3715 0
T 56880 84.0 0.8963 1 0.4023 0
T 56888 84.0 0.8963 1 0.4023 0
T 56895 84.0 0.8963 1 0.4023 0
T 56902 84.0 0.8961 1 0.4330 0
T 56910 84.0 0.8961 1 0.4330 0
T 56918 84.0 0.8961 1 0.4330 0
T 56925 84.0 0.8958 1 0.4652 0
T 56932 84.0 0.8958 1 0.4652 0
T 56940 84.0 0.8958 1 0.4652 0
T 56948 84.0 0.8956 1 0.4974 0
T 56955 84.0 0.8956 1 0.4974 0
T 56962 84.0 0.8956 1 0.4974 0
T 56970 84.0 0.8955 1 0.5282 0
T 56978 84.0 0.8955 1 0.5282 0
T 56985 84.0 0.8955 1 0.5282 0
T 56992 84.0 0.8954 1 0.5590 0
T 57000 84.0 0.8954 1 0.5590 0
T 57008 84.0 0.8954 1 0.5590 0
T 57015 84.0 0.8946 1 0.5912 0
T 57022 84.0 0.8946 1 0.5912 0
T 57030 84.0 0.8946 1 0.5912 0
T 57038 84.0 0.8939 1 0.7234 0
T 57045 84.0 0.8939 1 0.7234 0
T 57052 84.0 0.8939 1 0.7234 0
T 57060 84.0 0.8932 1 0.7542 0
T 57068 84.0 0.8932 1 0.7542 0
T 57075 84.0 0.8932 1 0.7542 0
T 57082 84.0 0.8926 1 0.7850 0
T 57090 84.0 0.8926 1 0.7850 0
T 57098 84.0 0.8926 1 0.7850 0
T 57105 84.0 0.8918 1 0.8173 0
T 57112 84.0 0.8918 1 0.8173 0
T 57120 84.0 0.8918 1 0.8173 0
T 57128 84.0 0.8910 1 0.8495 0
T 57135 84.0 0.8910 1 0.8495 0
T 57142 84.0 0.8910 1 0.8495 0
T 57150 84.0 0.8902 1 0.8803 0
T 57158 84.0 0.8902 1 0.8803 0
T 57165 84.0 0.8902 1 0.8803 0
T 57172 84.0 0.8895 1 0.9111 0
T 57180 84.0 0.8895 1 0.9111 0
T 57188 84.0 0.8895 1 0.9111 0
T 57195 84.0 0.8888 1 0.9433 0
T 57202 84.0 0.8888 1 0.9433 0
T 57210 84.0 0.8888 1 0.9433 0
T 57218 84.0 0.8883 1 0.9755 0
T 57225 84.0 0.8883 1 0.9755 0
T 57232 84.0 0.8883 1 0.9755 0
T 57240 84.0 0.8886 1 0.0063 1
T 57248 84.0 0.8886 1 0.0063 0
T 57255 84.0 0.8886 1 0.0063 0
T 57262 84.0 0.8891 1 0.0356 0
T 57270 84.0 0.8891 1 0.0356 0
T 57278 84.0 0.8891 1 0.0356 0
T 57285 84.0 0.8897 1 0.0678 0
T 57292 84.0 0.8897 1 0.0678 0
T 57300 84.0 0.8897 1 0.0678 0
T 57308 84.0 0.8901 1 0.1000 0
T 57315 84.0 0.8901 1 0.1000 0
T 57322 84.0 0.8901 1 0.1000 0
T 57330 84.0 0.8907 1 0.1308 0
T 57338 84.0 0.8907 1 0.1308 0
T 57345 84.0 0.8907 1 0.1308 0
T 57352 84.0 0.8913 1 0.1616 0
T 57360 84.0 0.8913 1 0.1616 0
T 57368 84.0 0.8913 1 0.1616 0
T 57375 84.0 0.8920 1 0.1938 0
T 57382 84.0 0.8920 1 0.1938 0
T 57390 84.0 0.8920 1 0.1938 0
T 57398 84.0 0.8925 1 0.2260 0
T 57405 84.0 0.8925 1 0.2260 0
T 57412 84.0 0.8925 1 0.2260 0
T 57420 84.0 0.8930 1 0.2568 0
T 57428 84.0 0.8930 1 0.2568 0
T 57435 84.0 0.8930 1 0.2568 0
T 57442 84.0 0.8935 1 0.2876 0
T 57450 84.0 0.8935 1 0.2876 0
T 57458 84.0 0.8935 1 0.2876 0
T 57465 84.0 0.8939 1 0.3198 0
T 57472 84.0 0.8939 1 0.3198 0
T 57480 84.0 0.8939 1 0.3198 0
T 57488 84.0 0.8935 1 0.3520 0
T 57495 84.0 0.8935 1 0.3520 0
T 57502 84.0 0.8935 1 0.3520 0
T 57510 84.0 0.8931 1 0.2948 0
T 57518 84.0 0.8931 1 0.2948 0
T 57525 84.0 0.8931 1 0.2948 0
T 57532 84.0 0.8926 1 0.3256 0
T 57540 84.0 0.8926 1 0.3256 0
T 57548 84.0 0.8926 1 0.3256 0
T 57555 84.0 0.8921 1 0.3578 0
T 57562 84.0 0.8921 1 0.3578 0
T 57570 84.0 0.8921 1 0.3578 0
T 57578 84.0 0.8912 1 0.3899 0
T 57585 84.0 0.8912 1 0.3899 0
T 57592 84.0 0.8912 1 0.3899 0
T 57600 84.0 0.8904 1 0.4207 0
T 57608 84.0 0.8904 1 0.4207 0
T 57615 84.0 0.8904 1 0.4207 0
T 57622 84.0 0.8897 1 0.4515 0
T 57630 84.0 0.8897 1 0.4515 0
T 57638 84.0 0.8897 1 0.4515 0
T 57645 84.0 0.8891 1 0.4837 0
T 57652 84.0 0.8891 1 0.4837 0
T 57660 84.0 0.8891 1 0.4837 0
T 57668 84.0 0.8884 1 0.5159 0
T 57675 84.0 0.8884 1 0.5159 0
T 57682 84.0 0.8884 1 0.5159 0
T 57690 84.0 0.8879 1 0.5467 0
T 57698 84.0 0.8879 1 0.5467 0
T 57705 84.0 0.8879 1 0.5467 0
T 57712 84.0 0.8874 1 0.5775 0
T 57720 84.0 0.8874 1 0.5775 0
T 57728 84.0 0.8874 1 0.5775 0
T 57735 84.0 0.8873 1 0.7097 0
T 57742 84.0 0.8873 1 0.7097 0
T 57750 84.0 0.8873 1 0.7097 0
T 57758 84.0 0.8872 1 0.7419 0
T 57765 84.0 0.8872 1 0.7419 0
T 57772 84.0 0.8872 1 0.7419 0
T 57780 84.0 0.8873 1 0.7727 0
T 57788 84.0 0.8873 1 0.7727 0
T 57795 84.0 0.8873 1 0.7727 0
T 57802 84.0 0.8873 1 0.8035 0
T 57810 84.0 0.8873 1 0.8035 0
T 57818 84.0 0.8873 1 0.8035 0
T 57825 84.0 0.8873 1 0.8357 0
T 57832 84.0 0.8873 1 0.8357 0
T 57840 84.0 0.8873 1 0.8357 0
T 57848 84.0 0.8872 1 0.8680 0
T 57855 84.0 0.8872 1 0.8680 0
T 57862 84.0 0.8872 1 0.8680 0
T 57870 84.0 0.8872 1 0.8988 0
T 57878 84.0 0.8872 1 0.8988 0
T 57885 84.0 0.8872 1 0.8988 0
T 57892 84.0 0.8872 1 0.9296 0
T 57900 84.0 0.8872 1 0.9296 0
T 57908 84.0 0.8872 1 0.9296 0
T 57915 84.0 0.8873 1 0.9618 0
T 57922 84.0 0.8873 1 0.9618 0
T 57930 84.0 0.8873 1 0.9618 0
T 57938 84.0 0.8873 1 0.9940 0
T 57945 84.0 0.8873 1 0.9940 0
T 57952 84.0 0.8873 1 0.9940 0
T 57960 84.0 0.8874 1 0.0248 1
T 57968 84.0 0.8874 1 0.0248 0
T 57975 84.0 0.8874 1 0.0248 0
T 57982 84.0 0.8871 1 0.0494 0
T 57990 84.0 0.8871 1 0.0494 0
T 57998 84.0 0.8871 1 0.0494 0
T 58005 84.0 0.8869 1 0.0816 0
T 58012 84.0 0.8869 1 0.0816 0
T 58020 84.0 0.8869 1 0.0816 0
T 58028 84.0 0.8865 1 0.1138 0
T 58035 84.0 0.8865 1 0.1138 0
T 58042 84.0 0.8865 1 0.1138 0
T 58050 84.0 0.8860 1 0.1446 0
T 58058 84.0 0.8860 1 0.1446 0
T 58065 84.0 0.8860 1 0.1446 0
T 58072 84.0 0.8857 1 0.1754 0
T 58080 84.0 0.8857 1 0.1754 0
T 58088 84.0 0.8857 1 0.1754 0
T 58095 84.0 0.8855 1 0.2076 0
T 58102 84.0 0.8855 1 0.2076 0
T 58110 84.0 0.8855 1 0.2076 0
T 58118 84.0 0.8854 1 0.1879 0
T 58125 84.0 0.8854 1 0.1879 0
T 58132 84.0 0.8854 1 0.1879 0
T 58140 84.0 0.8854 1 0.2187 0
T 58148 84.0 0.8854 1 0.2187 0
T 58155 84.0 0.8854 1 0.2187 0
T 58162 84.0 0.8854 1 0.2495 0
T 58170 84.0 0.8854 1 0.2495 0
T 58178 84.0 0.8854 1 0.2495 0
T 58185 84.0 0.8853 1 0.2817 0
T 58192 84.0 0.8853 1 0.2817 0
T 58200 84.0 0.8853 1 0.2817 0
T 58208 84.0 0.8861 1 0.3139 0
T 58215 84.0 0.8861 1 0.3139 0
T 58222 84.0 0.8861 1 0.3139 0
T 58230 84.0 0.8866 1 0.2662 0
T 58238 84.0 0.8866 1 0.2662 0
T 58245 84.0 0.8866 1 0.2662 0
T 58252 84.0 0.8871 1 0.2970 0
T 58260 84.0 0.8871 1 0.2970 0
T 58268 84.0 0.8871 1 0.2970 0
T 58275 84.0 0.8874 1 0.3292 0
T 58282 84.0 0.8874 1 0.3292 0
T 58290 84.0 0.8874 1 0.3292 0
T 58298 84.0 0.8871 1 0.3613 0
T 58305 84.0 0.8871 1 0.3613 0
T 58312 84.0 0.8871 1 0.3613 0
T 58320 84.0 0.8870 1 0.3921 0
T 58328 84.0 0.8870 1 0.3921 0
T 58335 84.0 0.8870 1 0.3921 0
T 58342 84.0 0.8868 1 0.4229 0
T 58350 84.0 0.8868 1 0.4229 0
T 58358 84.0 0.8868 1 0.4229 0
T 58365 84.0 0.8866 1 0.4551 0
T 58372 84.0 0.8866 1 0.4551 0
T 58380 84.0 0.8866 1 0.4551 0
T 58388 84.0 0.8864 1 0.4873 0
T 58395 84.0 0.8864 1 0.4873 0
T 58402 84.0 0.8864 1 0.4873 0
T 58410 84.0 0.8863 1 0.5181 0
T 58418 84.0 0.8863 1 0.5181 0
T 58425 84.0 0.8863 1 0.5181 0
T 58432 84.0 0.8864 1 0.5489 0
T 58440 84.0 0.8864 1 0.5489 0
T 58448 84.0 0.8864 1 0.5489 0
T 58455 84.0 0.8861 1 0.6811 0
T 58462 84.0 0.8861 1 0.6811 0
T 58470 84.0 0.8861 1 0.6811 0
T 58478 84.0 0.8859 1 0.7133 0
T 58485 84.0 0.8859 1 0.7133 0
T 58492 84.0 0.8859 1 0.7133 0
T 58500 84.0 0.8857 1 0.7441 0
T 58508 84.0 0.8857 1 0.7441 0
T 58515 84.0 0.8857 1 0.7441 0
T 58522 84.0 0.8854 1 0.7749 0
T 58530 84.0 0.8854 1 0.7749 0
T 58538 84.0 0.8854 1 0.7749 0
T 58545 84.0 0.8853 1 0.8071 0
T 58552 84.0 0.8853 1 0.8071 0
T 58560 84.0 0.8853 1 0.8071 0
T 58568 84.0 0.8852 1 0.8393 0
T 58575 84.0 0.8852 1 0.8393 0
T 58582 84.0 0.8852 1 0.8393 0
T 58590 84.0 0.8851 1 0.8701 0
T 58598 84.0 0.8851 1 0.8701 0
T 58605 84.0 0.8851 1 0.8701 0
T 58612 84.0 0.8851 1 0.9009 0
T 58620 84.0 0.8851 1 0.9009 0
T 58628 84.0 0.8851 1 0.9009 0
T 58635 84.0 0.8852 1 0.9332 0
T 58642 84.0 0.8852 1 0.9332 0
T 58650 84.0 0.8852 1 0.9332 0
T 58658 84.0 0.8847 1 0.9654 0
T 58665 84.0 0.8847 1 0.9654 0
T 58672 84.0 0.8847 1 0.9654 0
T 58680 84.0 0.8846 1 0.0048 1
T 58688 84.0 0.8846 1 0.0048 0
T 58695 84.0 0.8846 1 0.0048 0
T 58702 84.0 0.8844 1 0.0356 0
T 58710 84.0 0.8844 1 0.0356 0
T 58718 84.0 0.8844 1 0.0356 0
T 58725 84.0 0.8843 1 0.0678 0
T 58732 84.0 0.8843 1 0.0678 0
T 58740 84.0 0.8843 1 0.0678 0
T 58748 84.0 0.8842 1 0.1000 0
T 58755 84.0 0.8842 1 0.1000 0
T 58762 84.0 0.8842 1 0.1000 0
T 58770 84.0 0.8840 1 0.1309 0
T 58778 84.0 0.8840 1 0.1309 0
T 58785 84.0 0.8840 1 0.1309 0
T 58792 84.0 0.8840 1 0.1617 0
T 58800 84.0 0.8840 1 0.1617 0
T 58808 84.0 0.8840 1 0.1617 0
T 58815 84.0 0.8840 1 0.1939 0
T 58822 84.0 0.8840 1 0.1939 0
T 58830 84.0 0.8840 1 0.1939 0
T 58838 84.0 0.8841 1 0.2261 0
T 58845 84.0 0.8841 1 0.2261 0
T 58852 84.0 0.8841 1 0.2261 0
T 58860 84.0 0.8841 1 0.2569 0
T 58868 84.0 0.8841 1 0.2569 0
T 58875 84.0 0.8841 1 0.2569 0
T 58882 84.0 0.8841 1 0.2877 0
T 58890 84.0 0.8841 1 0.2877 0
T 58898 84.0 0.8841 1 0.2877 0
T 58905 84.0 0.8848 1 0.3199 0
T 58912 84.0 0.8848 1 0.3199 0
T 58920 84.0 0.8848 1 0.3199 0
T 58928 84.0 0.8850 1 0.3521 0
T 58935 84.0 0.8850 1 0.3521 0
T 58942 84.0 0.8850 1 0.3521 0
T 58950 84.0 0.8853 1 0.2949 0
T 58958 84.0 0.8853 1 0.2949 0
T 58965 84.0 0.8853 1 0.2949 0
T 58972 84.0 0.8855 1 0.3256 0
T 58980 84.0 0.8855 1 0.3256 0
T 58988 84.0 0.8855 1 0.3256 0
T 58995 84.0 0.8855 1 0.3578 0
T 59002 84.0 0.8855 1 0.3578 0
T 59010 84.0 0.8855 1 0.3578 0
T 59018 84.0 0.8855 1 0.3900 0
T 59025 84.0 0.8855 1 0.3900 0
T 59032 84.0 0.8855 1 0.3900 0
T 59040 84.0 0.8854 1 0.4208 0
T 59048 84.0 0.8854 1 0.4208 0
T 59055 84.0 0.8854 1 0.4208 0
T 59062 84.0 0.8854 1 0.4516 0
T 59070 84.0 0.8854 1 0.4516 0
T 59078 84.0 0.8854 1 0.4516 0
T 59085 84.0 0.8853 1 0.4838 0
T 59092 84.0 0.8853 1 0.4838 0
T 59100 84.0 0.8853 1 0.4838 0
T 59108 84.0 0.8853 1 0.5160 0
T 59115 84.0 0.8853 1 0.5160 0
T 59122 84.0 0.8853 1 0.5160 0
T 59130 84.0 0.8853 1 0.5468 0
T 59138 84.0 0.8853 1 0.5468 0
T 59145 84.0 0.8853 1 0.5468 0
T 59152 84.0 0.8859 1 0.5776 0
T 59160 84.0 0.8859 1 0.5776 0
T 59168 84.0 0.8859 1 0.5776 0
T 59175 84.0 0.8864 1 0.7097 0
T 59182 84.0 0.8864 1 0.7097 0
T 59190 84.0 0.8864 1 0.7097 0
T 59198 84.0 0.8868 1 0.7420 0
T 59205 84.0 0.8868 1 0.7420 0
T 59212 84.0 0.8868 1 0.7420 0
T 59220 84.0 0.8871 1 0.7728 0
T 59228 84.0 0.8871 1 0.7728 0
T 59235 84.0 0.8871 1 0.7728 0
T 59242 84.0 0.8872 1 0.8036 0
T 59250 84.0 0.8872 1 0.8036 0
T 59258 84.0 0.8872 1 0.8036 0
T 59265 84.0 0.8873 1 0.8358 0
T 59272 84.0 0.8873 1 0.8358 0
T 59280 84.0 0.8873 1 0.8358 0
T 59288 84.0 0.8872 1 0.8680 0
T 59295 84.0 0.8872 1 0.8680 0
T 59302 84.0 0.8872 1 0.8680 0
T 59310 84.0 0.8872 1 0.8988 0
T 59318 84.0 0.8872 1 0.8988 0
T 59325 84.0 0.8872 1 0.8988 0
T 59332 84.0 0.8871 1 0.9296 0
T 59340 84.0 0.8871 1 0.9296 0
T 59348 84.0 0.8871 1 0.9296 0
T 59355 84.0 0.8870 1 0.9619 0
T 59362 84.0 0.8870 1 0.9619 0
T 59370 84.0 0.8870 1 0.9619 0
T 59378 84.0 0.8869 1 0.9941 0
T 59385 84.0 0.8869 1 0.9941 0
T 59392 84.0 0.8869 1 0.9941 0
T 59400 84.0 0.8862 1 0.0249 1
T 59408 84.0 0.8862 1 0.0249 0
T 59415 84.0 0.8862 1 0.0249 0
T 59422 84.0 0.8855 1 0.0495 0
T 59430 84.0 0.8855 1 0.0495 0
T 59438 84.0 0.8855 1 0.0495 0
T 59445 84.0 0.8847 1 0.0817 0
T 59452 84.0 0.8847 1 0.0817 0
T 59460 84.0 0.8847 1 0.0817 0
T 59468 84.0 0.8841 1 0.1139 0
T 59475 84.0 0.8841 1 0.1139 0
T 59482 84.0 0.8841 1 0.1139 0
T 59490 84.0 0.8837 1 0.1447 0
T 59498 84.0 0.8837 1 0.1447 0
T 59505 84.0 0.8837 1 0.1447 0
T 59512 84.0 0.8833 1 0.1755 0
T 59520 84.0 0.8833 1 0.1755 0
T 59528 84.0 0.8833 1 0.1755 0
T 59535 84.0 0.8829 1 0.2077 0
T 59542 84.0 0.8829 1 0.2077 0
T 59550 84.0 0.8829 1 0.2077 0
T 59558 84.0 0.8826 1 0.2399 0
T 59565 84.0 0.8826 1 0.2399 0
T 59572 84.0 0.8826 1 0.2399 0
T 59580 84.0 0.8822 1 0.2707 0
T 59588 84.0 0.8822 1 0.2707 0
T 59595 84.0 0.8822 1 0.2707 0
T 59602 84.0 0.8822 1 0.3015 0
T 59610 84.0 0.8822 1 0.3015 0
T 59618 84.0 0.8822 1 0.3015 0
T 59625 84.0 0.8827 1 0.2583 0
T 59632 84.0 0.8827 1 0.2583 0
T 59640 84.0 0.8827 1 0.2583 0
T 59648 84.0 0.8829 1 0.2905 0
T 59655 84.0 0.8829 1 0.2905 0
T 59662 84.0 0.8829 1 0.2905 0
T 59670 84.0 0.8831 1 0.3213 0
T 59678 84.0 0.8831 1 0.3213 0
T 59685 84.0 0.8831 1 0.3213 0
T 59692 84.0 0.8833 1 0.3521 0
T 59700 84.0 0.8833 1 0.3521 0
T 59708 84.0 0.8833 1 0.3521 0
T 59715 84.0 0.8831 1 0.3843 0
T 59722 84.0 0.8831 1 0.3843 0
T 59730 84.0 0.8831 1 0.3843 0
T 59738 84.0 0.8828 1 0.4164 0
T 59745 84.0 0.8828 1 0.4164 0
T 59752 84.0 0.8828 1 0.4164 0
T 59760 84.0 0.8827 1 0.4472 0
T 59768 84.0 0.8827 1 0.4472 0
T 59775 84.0 0.8827 1 0.4472 0
T 59782 84.0 0.8826 1 0.4780 0
T 59790 84.0 0.8826 1 0.4780 0
T 59798 84.0 0.8826 1 0.4780 0
T 59805 84.0 0.8825 1 0.5102 0
T 59812 84.0 0.8825 1 0.5102 0
T 59820 84.0 0.8825 1 0.5102 0
T 59828 84.0 0.8825 1 0.5424 0
T 59835 84.0 0.8825 1 0.5424 0
T 59842 84.0 0.8825 1 0.5424 0
T 59850 84.0 0.8825 1 0.5732 0
T 59858 84.0 0.8825 1 0.5732 0
T 59865 84.0 0.8825 1 0.5732 0
T 59872 84.0 0.8823 1 0.6040 0
T 59880 84.0 0.8823 1 0.6040 0
T 59888 84.0 0.8823 1 0.6040 0
T 59895 84.0 0.8819 1 0.7352 0
T 59902 84.0 0.8819 1 0.7352 0
T 59910 84.0 0.8819 1 0.7352 0
T 59918 84.0 0.8816 1 0.7674 0
T 59925 84.0 0.8816 1 0.7674 0
T 59932 84.0 0.8816 1 0.7674 0
T 59940 84.0 0.8813 1 0.7982 0
T 59948 84.0 0.8813 1 0.7982 0
T 59955 84.0 0.8813 1 0.7982 0
T 59962 84.0 0.8807 1 0.8290 0
T 59970 84.0 0.8807 1 0.8290 0
T 59978 84.0 0.8807 1 0.8290 0
T 59985 84.0 0.8802 1 0.8613 0
T 59992 84.0 0.8802 1 0.8613 0
T 60000 84.0 0.8802 1 0.8613 0
T 60008 84.0 0.8797 1 0.8935 0
T 60015 84.0 0.8797 1 0.8935 0
T 60022 84.0 0.8797 1 0.8935 0
T 60030 84.0 0.8793 1 0.9243 0
T 60038 84.0 0.8793 1 0.9243 0
T 60045 84.0 0.8793 1 0.9243 0
T 60052 84.0 0.8790 1 0.9551 0
T 60060 84.0 0.8790 1 0.9551 0
T 60068 84.0 0.8790 1 0.9551 0
T 60075 84.0 0.8787 1 0.9873 0
T 60082 84.0 0.8787 1 0.9873 0
T 60090 84.0 0.8787 1 0.9873 0
T 60098 84.0 0.8784 1 0.0195 1
T 60105 84.0 0.8784 1 0.0195 0
T 60112 84.0 0.8784 1 0.0195 0
T 60120 84.0 0.8778 1 0.0503 0
T 60128 84.0 0.8778 1 0.0503 0
T 60135 84.0 0.8778 1 0.0503 0
T 60142 84.0 0.8773 1 0.0811 0
T 60150 84.0 0.8773 1 0.0811 0
T 60158 84.0 0.8773 1 0.0811 0
T 60165 84.0 0.8767 1 0.1133 0
T 60172 84.0 0.8767 1 0.1133 0
T 60180 84.0 0.8767 1 0.1133 0
T 60188 84.0 0.8762 1 0.1455 0
T 60195 84.0 0.8762 1 0.1455 0
T 60202 84.0 0.8762 1 0.1455 0
T 60210 84.0 0.8758 1 0.1763 0
T 60218 84.0 0.8758 1 0.1763 0
T 60225 84.0 0.8758 1 0.1763 0
T 60232 84.0 0.8755 1 0.2071 0
T 60240 84.0 0.8755 1 0.2071 0
T 60248 84.0 0.8755 1 0.2071 0
T 60255 84.0 0.8752 1 0.2393 0
T 60262 84.0 0.8752 1 0.2393 0
T 60270 84.0 0.8752 1 0.2393 0
T 60278 84.0 0.8749 1 0.2715 0
T 60285 84.0 0.8749 1 0.2715 0
T 60292 84.0 0.8749 1 0.2715 0
T 60300 84.0 0.8747 1 0.3024 0
T 60308 84.0 0.8747 1 0.3024 0
T 60315 84.0 0.8747 1 0.3024 0
T 60322 84.0 0.8748 1 0.3332 0
T 60330 84.0 0.8748 1 0.3332 0
T 60338 84.0 0.8748 1 0.3332 0
T 60345 84.0 0.8747 1 0.3654 0
T 60352 84.0 0.8747 1 0.3654 0
T 60360 84.0 0.8747 1 0.3654 0
T 60368 84.0 0.8743 1 0.3062 0
T 60375 84.0 0.8743 1 0.3062 0
T 60382 84.0 0.8743 1 0.3062 0
T 60390 84.0 0.8740 1 0.3370 0
T 60398 84.0 0.8740 1 0.3370 0
T 60405 84.0 0.8740 1 0.3370 0
T 60412 84.0 0.8737 1 0.3678 0
T 60420 84.0 0.8737 1 0.3678 0
T 60428 84.0 0.8737 1 0.3678 0
T 60435 84.0 0.8734 1 0.4000 0
T 60442 84.0 0.8734 1 0.4000 0
T 60450 84.0 0.8734 1 0.4000 0
T 60458 84.0 0.8731 1 0.4322 0
T 60465 84.0 0.8731 1 0.4322 0
T 60472 84.0 0.8731 1 0.4322 0
T 60480 84.0 0.8728 1 0.4629 0
T 60488 84.0 0.8728 1 0.4629 0
T 60495 84.0 0.8728 1 0.4629 0
T 60502 84.0 0.8726 1 0.4937 0
T 60510 84.0 0.8726 1 0.4937 0
T 60518 84.0 0.8726 1 0.4937 0
T 60525 84.0 0.8724 1 0.5259 0
T 60532 84.0 0.8724 1 0.5259 0
T 60540 84.0 0.8724 1 0.5259 0
T 60548 84.0 0.8722 1 0.5581 0
T 60555 84.0 0.8722 1 0.5581 0
T 60562 84.0 0.8722 1 0.5581 0
T 60570 84.0 0.8724 1 0.5889 0
T 60578 84.0 0.8724 1 0.5889 0
T 60585 84.0 0.8724 1 0.5889 0
T 60592 84.0 0.8737 1 0.7197 0
T 60600 84.0 0.8737 1 0.7197 0
T 60608 84.0 0.8737 1 0.7197 0
T 60615 84.0 0.8748 1 0.7519 0
T 60622 84.0 0.8748 1 0.7519 0
T 60630 84.0 0.8748 1 0.7519 0
T 60638 84.0 0.8759 1 0.7841 0
T 60645 84.0 0.8759 1 0.7841 0
T 60652 84.0 0.8759 1 0.7841 0
T 60660 84.0 0.8766 1 0.8149 0
T 60668 84.0 0.8766 1 0.8149 0
T 60675 84.0 0.8766 1 0.8149 0
T 60682 84.0 0.8771 1 0.8458 0
T 60690 84.0 0.8771 1 0.8458 0
T 60698 84.0 0.8771 1 0.8458 0
T 60705 84.0 0.8775 1 0.8780 0
T 60712 84.0 0.8775 1 0.8780 0
T 60720 84.0 0.8775 1 0.8780 0
T 60728 84.0 0.8779 1 0.9102 0
T 60735 84.0 0.8779 1 0.9102 0
T 60742 84.0 0.8779 1 0.9102 0
T 60750 84.0 0.8782 1 0.9410 0
T 60758 84.0 0.8782 1 0.9410 0
T 60765 84.0 0.8782 1 0.9410 0
T 60772 84.0 0.8785 1 0.9718 0
T 60780 84.0 0.8785 1 0.9718 0
T 60788 84.0 0.8785 1 0.9718 0
T 60795 84.0 0.8786 1 0.0040 1
T 60802 84.0 0.8786 1 0.0040 0
T 60810 84.0 0.8786 1 0.0040 0
T 60818 84.0 0.8779 1 0.0362 0
T 60825 84.0 0.8779 1 0.0362 0
T 60832 84.0 0.8779 1 0.0362 0
T 60840 84.0 0.8769 1 0.0580 0
T 60848 84.0 0.8769 1 0.0580 0
T 60855 84.0 0.8769 1 0.0580 0
T 60862 84.0 0.8760 1 0.0888 0
T 60870 84.0 0.8760 1 0.0888 0
T 60878 84.0 0.8760 1 0.0888 0
T 60885 84.0 0.8753 1 0.1210 0
T 60892 84.0 0.8753 1 0.1210 0
T 60900 84.0 0.8753 1 0.1210 0
T 60908 84.0 0.8744 1 0.1532 0
T 60915 84.0 0.8744 1 0.1532 0
T 60922 84.0 0.8744 1 0.1532 0
T 60930 84.0 0.8737 1 0.1840 0
T 60938 84.0 0.8737 1 0.1840 0
T 60945 84.0 0.8737 1 0.1840 0
T 60952 84.0 0.8730 1 0.2148 0
T 60960 84.0 0.8730 1 0.2148 0
T 60968 84.0 0.8730 1 0.2148 0
T 60975 84.0 0.8723 1 0.2470 0
T 60982 84.0 0.8723 1 0.2470 0
T 60990 84.0 0.8723 1 0.2470 0
T 60998 84.0 0.8717 1 0.2792 0
T 61005 84.0 0.8717 1 0.2792 0
T 61012 84.0 0.8717 1 0.2792 0
T 61020 84.0 0.8712 1 0.3100 0
T 61028 84.0 0.8712 1 0.3100 0
T 61035 84.0 0.8712 1 0.3100 0
T 61042 84.0 0.8710 1 0.3408 0
T 61050 84.0 0.8710 1 0.3408 0
T 61058 84.0 0.8710 1 0.3408 0
T 61065 84.0 0.8718 1 0.3730 0
T 61072 84.0 0.8718 1 0.3730 0
T 61080 84.0 0.8718 1 0.3730 0
T 61088 84.0 0.8724 1 0.3119 0
T 61095 84.0 0.8724 1 0.3119 0
T 61102 84.0 0.8724 1 0.3119 0
T 61110 84.0 0.8729 1 0.3427 0
T 61118 84.0 0.8729 1 0.3427 0
T 61125 84.0 0.8729 1 0.3427 0
T 61132 84.0 0.8732 1 0.3735 0
T 61140 84.0 0.8732 1 0.3735 0
T 61148 84.0 0.8732 1 0.3735 0
T 61155 84.0 0.8738 1 0.4057 0
T 61162 84.0 0.8738 1 0.4057 0
T 61170 84.0 0.8738 1 0.4057 0
T 61178 84.0 0.8744 1 0.4379 0
T 61185 84.0 0.8744 1 0.4379 0
T 61192 84.0 0.8744 1 0.4379 0
T 61200 84.0 0.8749 1 0.4687 0
T 61208 84.0 0.8749 1 0.4687 0
T 61215 84.0 0.8749 1 0.4687 0
T 61222 84.0 0.8754 1 0.4994 0
T 61230 84.0 0.8754 1 0.4994 0
T 61238 84.0 0.8754 1 0.4994 0
T 61245 84.0 0.8759 1 0.5316 0
T 61252 84.0 0.8759 1 0.5316 0
T 61260 84.0 0.8759 1 0.5316 0
T 61268 84.0 0.8762 1 0.5638 0
T 61275 84.0 0.8762 1 0.5638 0
T 61282 84.0 0.8762 1 0.5638 0
T 61290 84.0 0.8768 1 0.5946 0
T 61298 84.0 0.8768 1 0.5946 0
T 61305 84.0 0.8768 1 0.5946 0
T 61312 84.0 0.8773 1 0.7254 0
T 61320 84.0 0.8773 1 0.7254 0
T 61328 84.0 0.8773 1 0.7254 0
T 61335 84.0 0.8778 1 0.7576 0
T 61342 84.0 0.8778 1 0.7576 0
T 61350 84.0 0.8778 1 0.7576 0
T 61358 84.0 0.8783 1 0.7898 0
T 61365 84.0 0.8783 1 0.7898 0
T 61372 84.0 0.8783 1 0.7898 0
T 61380 84.0 0.8783 1 0.8207 0
T 61388 84.0 0.8783 1 0.8207 0
T 61395 84.0 0.8783 1 0.8207 0
T 61402 84.0 0.8781 1 0.8515 0
T 61410 84.0 0.8781 1 0.8515 0
T 61418 84.0 0.8781 1 0.8515 0
T 61425 84.0 0.8778 1 0.8837 0
T 61432 84.0 0.8778 1 0.8837 0
T 61440 84.0 0.8778 1 0.8837 0
T 61448 84.0 0.8775 1 0.9450 0
T 61455 84.0 0.8775 1 0.9450 0
T 61462 84.0 0.8775 1 0.9450 0
T 61470 84.0 0.8772 1 0.9758 0
T 61478 84.0 0.8772 1 0.9758 0
T 61485 84.0 0.8772 1 0.9758 0
T 61492 84.0 0.8769 1 0.0066 1
T 61500 84.0 0.8769 1 0.0066 0
T 61508 84.0 0.8769 1 0.0066 0
T 61515 84.0 0.8765 1 0.0388 0
T 61522 84.0 0.8765 1 0.0388 0
T 61530 84.0 0.8765 1 0.0388 0
T 61538 84.0 0.8762 1 0.0613 0
T 61545 84.0 0.8762 1 0.0613 0
T 61552 84.0 0.8762 1 0.0613 0
T 61560 84.0 0.8759 1 0.0921 0
T 61568 84.0 0.8759 1 0.0921 0
T 61575 84.0 0.8759 1 0.0921 0
T 61582 84.0 0.8757 1 0.1229 0
T 61590 84.0 0.8757 1 0.1229 0
T 61598 84.0 0.8757 1 0.1229 0
T 61605 84.0 0.8755 1 0.1551 0
T 61612 84.0 0.8755 1 0.1551 0
T 61620 84.0 0.8755 1 0.1551 0
T 61628 84.0 0.8752 1 0.1873 0
T 61635 84.0 0.8752 1 0.1873 0
T 61642 84.0 0.8752 1 0.1873 0
T 61650 84.0 0.8749 1 0.2181 0
T 61658 84.0 0.8749 1 0.2181 0
T 61665 84.0 0.8749 1 0.2181 0
T 61672 84.0 0.8747 1 0.2490 0
T 61680 84.0 0.8747 1 0.2490 0
T 61688 84.0 0.8747 1 0.2490 0
T 61695 84.0 0.8745 1 0.2812 0
T 61702 84.0 0.8745 1 0.2812 0
T 61710 84.0 0.8745 1 0.2812 0
T 61718 84.0 0.8743 1 0.3134 0
T 61725 84.0 0.8743 1 0.3134 0
T 61732 84.0 0.8743 1 0.3134 0
T 61740 84.0 0.8742 1 0.3442 0
T 61748 84.0 0.8742 1 0.3442 0
T 61755 84.0 0.8742 1 0.3442 0
T 61762 84.0 0.8742 1 0.3750 0
T 61770 84.0 0.8742 1 0.3750 0
T 61778 84.0 0.8742 1 0.3750 0
T 61785 84.0 0.8743 1 0.4072 0
T 61792 84.0 0.8743 1 0.4072 0
T 61800 84.0 0.8743 1 0.4072 0
T 61808 84.0 0.8745 1 0.3394 0
T 61815 84.0 0.8745 1 0.3394 0
T 61822 84.0 0.8745 1 0.3394 0
T 61830 84.0 0.8745 1 0.3701 0
T 61838 84.0 0.8745 1 0.3701 0
T 61845 84.0 0.8745 1 0.3701 0
T 61852 84.0 0.8745 1 0.4009 0
T 61860 84.0 0.8745 1 0.4009 0
T 61868 84.0 0.8745 1 0.4009 0
T 61875 84.0 0.8744 1 0.4331 0
T 61882 84.0 0.8744 1 0.4331 0
T 61890 84.0 0.8744 1 0.4331 0
T 61898 84.0 0.8743 1 0.4653 0
T 61905 84.0 0.8743 1 0.4653 0
T 61912 84.0 0.8743 1 0.4653 0
T 61920 84.0 0.8743 1 0.3961 0
T 61928 84.0 0.8743 1 0.3961 0
T 61935 84.0 0.8743 1 0.3961 0
T 61942 84.0 0.8743 1 0.4268 0
T 61950 84.0 0.8743 1 0.4268 0
T 61958 84.0 0.8743 1 0.4268 0
T 61965 84.0 0.8744 1 0.4590 0
T 61972 84.0 0.8744 1 0.4590 0
T 61980 84.0 0.8744 1 0.4590 0
T 61988 84.0 0.8744 1 0.4912 0
T 61995 84.0 0.8744 1 0.4912 0
T 62002 84.0 0.8744 1 0.4912 0
T 62010 84.0 0.8748 1 0.5220 0
T 62018 84.0 0.8748 1 0.5220 0
T 62025 84.0 0.8748 1 0.5220 0
T 62032 84.0 0.8752 1 0.6527 0
T 62040 84.0 0.8752 1 0.6527 0
T 62048 84.0 0.8752 1 0.6527 0
T 62055 84.0 0.8755 1 0.6849 0
T 62062 84.0 0.8755 1 0.6849 0
T 62070 84.0 0.8755 1 0.6849 0
T 62078 84.0 0.8758 1 0.7171 0
T 62085 84.0 0.8758 1 0.7171 0
T 62092 84.0 0.8758 1 0.7171 0
T 62100 84.0 0.8759 1 0.7479 0
T 62108 84.0 0.8759 1 0.7479 0
T 62115 84.0 0.8759 1 0.7479 0
T 62122 84.0 0.8760 1 0.7787 0
T 62130 84.0 0.8760 1 0.7787 0
T 62138 84.0 0.8760 1 0.7787 0
T 62145 84.0 0.8762 1 0.8109 0
T 62152 84.0 0.8762 1 0.8109 0
T 62160 84.0 0.8762 1 0.8109 0
T 62168 84.0 0.8763 1 0.8904 0
T 62175 84.0 0.8763 1 0.8904 0
T 62182 84.0 0.8763 1 0.8904 0
T 62190 84.0 0.8764 1 0.9212 0
T 62198 84.0 0.8764 1 0.9212 0
T 62205 84.0 0.8764 1 0.9212 0
T 62212 84.0 0.8765 1 0.9520 0
T 62220 84.0 0.8765 1 0.9520 0
T 62228 84.0 0.8765 1 0.9520 0
T 62235 84.0 0.8766 1 0.9842 0
T 62242 84.0 0.8766 1 0.9842 0
T 62250 84.0 0.8766 1 0.9842 0
T 62258 84.0 0.8762 1 0.0165 1
T 62265 84.0 0.8762 1 0.0165 0
T 62272 84.0 0.8762 1 0.0165 0
T 62280 84.0 0.8759 1 0.0431 0
T 62288 84.0 0.8759 1 0.0431 0
T 62295 84.0 0.8759 1 0.0431 0
T 62302 84.0 0.8756 1 0.0740 0
T 62310 84.0 0.8756 1 0.0740 0
T 62318 84.0 0.8756 1 0.0740 0
T 62325 84.0 0.8752 1 0.1062 0
T 62332 84.0 0.8752 1 0.1062 0
T 62340 84.0 0.8752 1 0.1062 0
T 62348 84.0 0.8747 1 0.1384 0
T 62355 84.0 0.8747 1 0.1384 0
T 62362 84.0 0.8747 1 0.1384 0
T 62370 84.0 0.8741 1 0.1692 0
T 62378 84.0 0.8741 1 0.1692 0
T 62385 84.0 0.8741 1 0.1692 0
T 62392 84.0 0.8737 1 0.2000 0
T 62400 84.0 0.8737 1 0.2000 0
T 62408 84.0 0.8737 1 0.2000 0
T 62415 84.0 0.8734 1 0.2322 0
T 62422 84.0 0.8734 1 0.2322 0
T 62430 84.0 0.8734 1 0.2322 0
T 62438 84.0 0.8731 1 0.2644 0
T 62445 84.0 0.8731 1 0.2644 0
T 62452 84.0 0.8731 1 0.2644 0
T 62460 84.0 0.8727 1 0.2952 0
T 62468 84.0 0.8727 1 0.2952 0
T 62475 84.0 0.8727 1 0.2952 0
T 62482 84.0 0.8723 1 0.2522 0
T 62490 84.0 0.8723 1 0.2522 0
T 62498 84.0 0.8723 1 0.2522 0
T 62505 84.0 0.8719 1 0.2844 0
T 62512 84.0 0.8719 1 0.2844 0
T 62520 84.0 0.8719 1 0.2844 0
T 62528 84.0 0.8715 1 0.3166 0
T 62535 84.0 0.8715 1 0.3166 0
T 62542 84.0 0.8715 1 0.3166 0
T 62550 84.0 0.8713 1 0.3474 0
T 62558 84.0 0.8713 1 0.3474 0
T 62565 84.0 0.8713 1 0.3474 0
T 62572 84.0 0.8710 1 0.3781 0
T 62580 84.0 0.8710 1 0.3781 0
T 62588 84.0 0.8710 1 0.3781 0
T 62595 84.0 0.8707 1 0.4103 0
T 62602 84.0 0.8707 1 0.4103 0
T 62610 84.0 0.8707 1 0.4103 0
T 62618 84.0 0.8704 1 0.4425 0
T 62625 84.0 0.8704 1 0.4425 0
T 62632 84.0 0.8704 1 0.4425 0
T 62640 84.0 0.8702 1 0.4733 0
T 62648 84.0 0.8702 1 0.4733 0
T 62655 84.0 0.8702 1 0.4733 0
T 62662 84.0 0.8699 1 0.5041 0
T 62670 84.0 0.8699 1 0.5041 0
T 62678 84.0 0.8699 1 0.5041 0
T 62685 84.0 0.8696 1 0.5363 0
T 62692 84.0 0.8696 1 0.5363 0
T 62700 84.0 0.8696 1 0.5363 0
T 62708 84.0 0.8694 1 0.5685 0
T 62715 84.0 0.8694 1 0.5685 0
T 62722 84.0 0.8694 1 0.5685 0
T 62730 84.0 0.8693 1 0.5993 0
T 62738 84.0 0.8693 1 0.5993 0
T 62745 84.0 0.8693 1 0.5993 0
T 62752 84.0 0.8692 1 0.7301 0
T 62760 84.0 0.8692 1 0.7301 0
T 62768 84.0 0.8692 1 0.7301 0
T 62775 84.0 0.8692 1 0.7623 0
T 62782 84.0 0.8692 1 0.7623 0
T 62790 84.0 0.8692 1 0.7623 0
T 62798 84.0 0.8691 1 0.7945 0
T 62805 84.0 0.8691 1 0.7945 0
T 62812 84.0 0.8691 1 0.7945 0
T 62820 84.0 0.8689 1 0.8253 0
T 62828 84.0 0.8689 1 0.8253 0
T 62835 84.0 0.8689 1 0.8253 0
T 62842 84.0 0.8687 1 0.8562 0
T 62850 84.0 0.8687 1 0.8562 0
T 62858 84.0 0.8687 1 0.8562 0
T 62865 84.0 0.8684 1 0.8884 0
T 62872 84.0 0.8684 1 0.8884 0
T 62880 84.0 0.8684 1 0.8884 0
T 62888 84.0 0.8681 1 0.9206 0
T 62895 84.0 0.8681 1 0.9206 0
T 62902 84.0 0.8681 1 0.9206 0
T 62910 84.0 0.8680 1 0.9514 0
T 62918 84.0 0.8680 1 0.9514 0
T 62925 84.0 0.8680 1 0.9514 0
T 62932 84.0 0.8680 1 0.9822 0
T 62940 84.0 0.8680 1 0.9822 0
T 62948 84.0 0.8680 1 0.9822 0
T 62955 84.0 0.8682 1 0.0144 1
T 62962 84.0 0.8682 1 0.0144 0
T 62970 84.0 0.8682 1 0.0144 0
T 62978 84.0 0.8682 1 0.0430 0
T 62985 84.0 0.8682 1 0.0430 0
T 62992 84.0 0.8682 1 0.0430 0
T 63000 84.0 0.8682 1 0.0738 0
T 63008 84.0 0.8682 1 0.0738 0
T 63015 84.0 0.8682 1 0.0738 0
T 63022 84.0 0.8682 1 0.1046 0
T 63030 84.0 0.8682 1 0.1046 0
T 63038 84.0 0.8682 1 0.1046 0
T 63045 84.0 0.8679 1 0.1368 0
T 63052 84.0 0.8679 1 0.1368 0
T 63060 84.0 0.8679 1 0.1368 0
T 63068 84.0 0.8675 1 0.1690 0
T 63075 84.0 0.8675 1 0.1690 0
T 63082 84.0 0.8675 1 0.1690 0
T 63090 84.0 0.8671 1 0.1998 0
T 63098 84.0 0.8671 1 0.1998 0
T 63105 84.0 0.8671 1 0.1998 0
T 63112 84.0 0.8667 1 0.2306 0
T 63120 84.0 0.8667 1 0.2306 0
T 63128 84.0 0.8667 1 0.2306 0
T 63135 84.0 0.8663 1 0.2628 0
T 63142 84.0 0.8663 1 0.2628 0
T 63150 84.0 0.8663 1 0.2628 0
T 63158 84.0 0.8660 1 0.2950 0
T 63165 84.0 0.8660 1 0.2950 0
T 63172 84.0 0.8660 1 0.2950 0
T 63180 84.0 0.8658 1 0.3258 0
T 63188 84.0 0.8658 1 0.3258 0
T 63195 84.0 0.8658 1 0.3258 0
T 63202 84.0 0.8654 1 0.3567 0
T 63210 84.0 0.8654 1 0.3567 0
T 63218 84.0 0.8654 1 0.3567 0
T 63225 84.0 0.8650 1 0.2997 0
T 63232 84.0 0.8650 1 0.2997 0
T 63240 84.0 0.8650 1 0.2997 0
T 63248 84.0 0.8647 1 0.3319 0
T 63255 84.0 0.8647 1 0.3319 0
T 63262 84.0 0.8647 1 0.3319 0
T 63270 84.0 0.8644 1 0.3627 0
T 63278 84.0 0.8644 1 0.3627 0
T 63285 84.0 0.8644 1 0.3627 0
T 63292 84.0 0.8642 1 0.3934 0
T 63300 84.0 0.8642 1 0.3934 0
T 63308 84.0 0.8642 1 0.3934 0
T 63315 84.0 0.8642 1 0.4256 0
T 63322 84.0 0.8642 1 0.4256 0
T 63330 84.0 0.8642 1 0.4256 0
T 63338 84.0 0.8642 1 0.4578 0
T 63345 84.0 0.8642 1 0.4578 0
T 63352 84.0 0.8642 1 0.4578 0
T 63360 84.0 0.8642 1 0.4886 0
T 63368 84.0 0.8642 1 0.4886 0
T 63375 84.0 0.8642 1 0.4886 0
T 63382 84.0 0.8643 1 0.5194 0
T 63390 84.0 0.8643 1 0.5194 0
T 63398 84.0 0.8643 1 0.5194 0
T 63405 84.0 0.8645 1 0.5516 0
T 63412 84.0 0.8645 1 0.5516 0
T 63420 84.0 0.8645 1 0.5516 0
T 63428 84.0 0.8652 1 0.5838 0
T 63435 84.0 0.8652 1 0.5838 0
T 63442 84.0 0.8652 1 0.5838 0
T 63450 84.0 0.8661 1 0.7146 0
T 63458 84.0 0.8661 1 0.7146 0
T 63465 84.0 0.8661 1 0.7146 0
T 63472 84.0 0.8668 1 0.7454 0
T 63480 84.0 0.8668 1 0.7454 0
T 63488 84.0 0.8668 1 0.7454 0
T 63495 84.0 0.8674 1 0.7776 0
T 63502 84.0 0.8674 1 0.7776 0
T 63510 84.0 0.8674 1 0.7776 0
T 63518 84.0 0.8678 1 0.8098 0
T 63525 84.0 0.8678 1 0.8098 0
T 63532 84.0 0.8678 1 0.8098 0
T 63540 84.0 0.8678 1 0.8406 0
T 63548 84.0 0.8678 1 0.8406 0
T 63555 84.0 0.8678 1 0.8406 0
T 63562 84.0 0.8678 1 0.8714 0
T 63570 84.0 0.8678 1 0.8714 0
T 63578 84.0 0.8678 1 0.8714 0
T 63585 84.0 0.8679 1 0.9036 0
T 63592 84.0 0.8679 1 0.9036 0
T 63600 84.0 0.8679 1 0.9036 0
T 63608 84.0 0.8679 1 0.9359 0
T 63615 84.0 0.8679 1 0.9359 0
T 63622 84.0 0.8679 1 0.9359 0
T 63630 84.0 0.8680 1 0.9667 0
T 63638 84.0 0.8680 1 0.9667 0
T 63645 84.0 0.8680 1 0.9667 0
T 63652 84.0 0.8679 1 0.9975 0
T 63660 84.0 0.8679 1 0.9975 0
T 63668 84.0 0.8679 1 0.9975 0
T 63675 84.0 0.8678 1 0.0297 1
T 63682 84.0 0.8678 1 0.0297 0
T 63690 84.0 0.8678 1 0.0297 0
T 63698 84.0 0.8675 1 0.0545 0
T 63705 84.0 0.8675 1 0.0545 0
T 63712 84.0 0.8675 1 0.0545 0
T 63720 84.0 0.8673 1 0.0853 0
T 63728 84.0 0.8673 1 0.0853 0
T 63735 84.0 0.8673 1 0.0853 0
T 63742 84.0 0.8671 1 0.1161 0
T 63750 84.0 0.8671 1 0.1161 0
T 63758 84.0 0.8671 1 0.1161 0
T 63765 84.0 0.8668 1 0.1483 0
T 63772 84.0 0.8668 1 0.1483 0
T 63780 84.0 0.8668 1 0.1483 0
T 63788 84.0 0.8667 1 0.1805 0
T 63795 84.0 0.8667 1 0.1805 0
T 63802 84.0 0.8667 1 0.1805 0
T 63810 84.0 0.8664 1 0.2113 0
T 63818 84.0 0.8664 1 0.2113 0
T 63825 84.0 0.8664 1 0.2113 0
T 63832 84.0 0.8663 1 0.2421 0
T 63840 84.0 0.8663 1 0.2421 0
T 63848 84.0 0.8663 1 0.2421 0
T 63855 84.0 0.8662 1 0.2743 0
T 63862 84.0 0.8662 1 0.2743 0
T 63870 84.0 0.8662 1 0.2743 0
T 63878 84.0 0.8661 1 0.3065 0
T 63885 84.0 0.8661 1 0.3065 0
T 63892 84.0 0.8661 1 0.3065 0
T 63900 84.0 0.8660 1 0.3373 0
T 63908 84.0 0.8660 1 0.3373 0
T 63915 84.0 0.8660 1 0.3373 0
T 63922 84.0 0.8662 1 0.3681 0
T 63930 84.0 0.8662 1 0.3681 0
T 63938 84.0 0.8662 1 0.3681 0
T 63945 84.0 0.8665 1 0.3083 0
T 63952 84.0 0.8665 1 0.3083 0
T 63960 84.0 0.8665 1 0.3083 0
T 63968 84.0 0.8666 1 0.3404 0
T 63975 84.0 0.8666 1 0.3404 0
T 63982 84.0 0.8666 1 0.3404 0
T 63990 84.0 0.8667 1 0.3712 0
T 63998 84.0 0.8667 1 0.3712 0
T 64005 84.0 0.8667 1 0.3712 0
T 64012 84.0 0.8668 1 0.4020 0
T 64020 84.0 0.8668 1 0.4020 0
T 64028 84.0 0.8668 1 0.4020 0
T 64035 84.0 0.8662 1 0.4342 0
T 64042 84.0 0.8662 1 0.4342 0
T 64050 84.0 0.8662 1 0.4342 0
T 64058 84.0 0.8657 1 0.3664 0
T 64065 84.0 0.8657 1 0.3664 0
T 64072 84.0 0.8657 1 0.3664 0
T 64080 84.0 0.8654 1 0.3972 0
T 64088 84.0 0.8654 1 0.3972 0
T 64095 84.0 0.8654 1 0.3972 0
T 64102 84.0 0.8654 1 0.4279 0
T 64110 84.0 0.8654 1 0.4279 0
T 64118 84.0 0.8654 1 0.4279 0
T 64125 84.0 0.8652 1 0.4601 0
T 64132 84.0 0.8652 1 0.4601 0
T 64140 84.0 0.8652 1 0.4601 0
T 64148 84.0 0.8655 1 0.4923 0
T 64155 84.0 0.8655 1 0.4923 0
T 64162 84.0 0.8655 1 0.4923 0
T 64170 84.0 0.8656 1 0.4230 0
T 64178 84.0 0.8656 1 0.4230 0
T 64185 84.0 0.8656 1 0.4230 0
T 64192 84.0 0.8657 1 0.4538 0
T 64200 84.0 0.8657 1 0.4538 0
T 64208 84.0 0.8657 1 0.4538 0
T 64215 84.0 0.8658 1 0.4859 0
T 64222 84.0 0.8658 1 0.4859 0
T 64230 84.0 0.8658 1 0.4859 0
T 64238 84.0 0.8654 1 0.5181 0
T 64245 84.0 0.8654 1 0.5181 0
T 64252 84.0 0.8654 1 0.5181 0
T 64260 84.0 0.8652 1 0.5489 0
T 64268 84.0 0.8652 1 0.5489 0
T 64275 84.0 0.8652 1 0.5489 0
T 64282 84.0 0.8651 1 0.5796 0
T 64290 84.0 0.8651 1 0.5796 0
T 64298 84.0 0.8651 1 0.5796 0
T 64305 84.0 0.8651 1 0.6118 0
T 64312 84.0 0.8651 1 0.6118 0
T 64320 84.0 0.8651 1 0.6118 0
T 64328 84.0 0.8652 1 0.6440 0
T 64335 84.0 0.8652 1 0.6440 0
T 64342 84.0 0.8652 1 0.6440 0
T 64350 84.0 0.8652 1 0.6748 0
T 64358 84.0 0.8652 1 0.6748 0
T 64365 84.0 0.8652 1 0.6748 0
T 64372 84.0 0.8651 1 0.7055 0
T 64380 84.0 0.8651 1 0.7055 0
T 64388 84.0 0.8651 1 0.7055 0
T 64395 84.0 0.8654 1 0.8113 0
T 64402 84.0 0.8654 1 0.8113 0
T 64410 84.0 0.8654 1 0.8113 0
T 64418 84.0 0.8658 1 0.8435 0
T 64425 84.0 0.8658 1 0.8435 0
T 64432 84.0 0.8658 1 0.8435 0
T 64440 84.0 0.8662 1 0.8743 0
T 64448 84.0 0.8662 1 0.8743 0
T 64455 84.0 0.8662 1 0.8743 0
T 64462 84.0 0.8666 1 0.9051 0
T 64470 84.0 0.8666 1 0.9051 0
T 64478 84.0 0.8666 1 0.9051 0
T 64485 84.0 0.8667 1 0.9373 0
T 64492 84.0 0.8667 1 0.9373 0
T 64500 84.0 0.8667 1 0.9373 0
T 64508 84.0 0.8666 1 0.9695 0
T 64515 84.0 0.8666 1 0.9695 0
T 64522 84.0 0.8666 1 0.9695 0
T 64530 84.0 0.8667 1 0.0003 1
T 64538 84.0 0.8667 1 0.0003 0
T 64545 84.0 0.8667 1 0.0003 0
T 64552 84.0 0.8668 1 0.0311 0
T 64560 84.0 0.8668 1 0.0311 0
T 64568 84.0 0.8668 1 0.0311 0
T 64575 84.0 0.8667 1 0.0633 0
T 64582 84.0 0.8667 1 0.0633 0
T 64590 84.0 0.8667 1 0.0633 0
T 64598 84.0 0.8667 1 0.0955 0
T 64605 84.0 0.8667 1 0.0955 0
T 64612 84.0 0.8667 1 0.0955 0
T 64620 84.0 0.8666 1 0.1263 0
T 64628 84.0 0.8666 1 0.1263 0
T 64635 84.0 0.8666 1 0.1263 0
T 64642 84.0 0.8661 1 0.1255 0
T 64650 84.0 0.8661 1 0.1255 0
T 64658 84.0 0.8661 1 0.1255 0
T 64665 84.0 0.8656 1 0.1577 0
T 64672 84.0 0.8656 1 0.1577 0
T 64680 84.0 0.8656 1 0.1577 0
T 64688 84.0 0.8649 1 0.1899 0
T 64695 84.0 0.8649 1 0.1899 0
T 64702 84.0 0.8649 1 0.1899 0
T 64710 84.0 0.8636 1 0.2207 0
T 64718 84.0 0.8636 1 0.2207 0
T 64725 84.0 0.8636 1 0.2207 0
T 64732 84.0 0.8626 1 0.2515 0
T 64740 84.0 0.8626 1 0.2515 0
T 64748 84.0 0.8626 1 0.2515 0
T 64755 84.0 0.8615 1 0.2837 0
T 64762 84.0 0.8615 1 0.2837 0
T 64770 84.0 0.8615 1 0.2837 0
T 64778 84.0 0.8608 1 0.3159 0
T 64785 84.0 0.8608 1 0.3159 0
T 64792 84.0 0.8608 1 0.3159 0
T 64800 84.0 0.8605 1 0.3467 0
T 64808 84.0 0.8605 1 0.3467 0
T 64815 84.0 0.8605 1 0.3467 0
T 64822 84.0 0.8602 1 0.3775 0
T 64830 84.0 0.8602 1 0.3775 0
T 64838 84.0 0.8602 1 0.3775 0
T 64845 84.0 0.8601 1 0.4097 0
T 64852 84.0 0.8601 1 0.4097 0
T 64860 84.0 0.8601 1 0.4097 0
T 64868 84.0 0.8612 1 0.4419 0
T 64875 84.0 0.8612 1 0.4419 0
T 64882 84.0 0.8612 1 0.4419 0
T 64890 84.0 0.8622 1 0.3727 0
T 64898 84.0 0.8622 1 0.3727 0
T 64905 84.0 0.8622 1 0.3727 0
T 64912 84.0 0.8630 1 0.4035 0
T 64920 84.0 0.8630 1 0.4035 0
T 64928 84.0 0.8630 1 0.4035 0
T 64935 84.0 0.8636 1 0.4356 0
T 64942 84.0 0.8636 1 0.4356 0
T 64950 84.0 0.8636 1 0.4356 0
T 64958 84.0 0.8643 1 0.4678 0
T 64965 84.0 0.8643 1 0.4678 0
T 64972 84.0 0.8643 1 0.4678 0
T 64980 84.0 0.8649 1 0.4986 0
T 64988 84.0 0.8649 1 0.4986 0
T 64995 84.0 0.8649 1 0.4986 0
T 65002 84.0 0.8654 1 0.5294 0
T 65010 84.0 0.8654 1 0.5294 0
T 65018 84.0 0.8654 1 0.5294 0
T 65025 84.0 0.8658 1 0.5616 0
T 65032 84.0 0.8658 1 0.5616 0
T 65040 84.0 0.8658 1 0.5616 0
T 65048 84.0 0.8661 1 0.5938 0
T 65055 84.0 0.8661 1 0.5938 0
T 65062 84.0 0.8661 1 0.5938 0
T 65070 84.0 0.8665 1 0.6245 0
T 65078 84.0 0.8665 1 0.6245 0
T 65085 84.0 0.8665 1 0.6245 0
T 65092 84.0 0.8668 1 0.6553 0
T 65100 84.0 0.8668 1 0.6553 0
T 65108 84.0 0.8668 1 0.6553 0
T 65115 84.0 0.8665 1 0.6875 0
T 65122 84.0 0.8665 1 0.6875 0
T 65130 84.0 0.8665 1 0.6875 0
T 65138 84.0 0.8662 1 0.7978 0
T 65145 84.0 0.8662 1 0.7978 0
T 65152 84.0 0.8662 1 0.7978 0
T 65160 84.0 0.8660 1 0.8286 0
T 65168 84.0 0.8660 1 0.8286 0
T 65175 84.0 0.8660 1 0.8286 0
T 65182 84.0 0.8658 1 0.8594 0
T 65190 84.0 0.8658 1 0.8594 0
T 65198 84.0 0.8658 1 0.8594 0
T 65205 84.0 0.8655 1 0.8917 0
T 65212 84.0 0.8655 1 0.8917 0
T 65220 84.0 0.8655 1 0.8917 0
T 65228 84.0 0.8647 1 0.9239 0
T 65235 84.0 0.8647 1 0.9239 0
T 65242 84.0 0.8647 1 0.9239 0
T 65250 84.0 0.8641 1 0.9547 0
T 65258 84.0 0.8641 1 0.9547 0
T 65265 84.0 0.8641 1 0.9547 0
T 65272 84.0 0.8637 1 0.9855 0
T 65280 84.0 0.8637 1 0.9855 0
T 65288 84.0 0.8637 1 0.9855 0
T 65295 84.0 0.8633 1 0.0177 1
T 65302 84.0 0.8633 1 0.0177 0
T 65310 84.0 0.8633 1 0.0177 0
T 65318 84.0 0.8630 1 0.0499 0
T 65325 84.0 0.8630 1 0.0499 0
T 65332 84.0 0.8630 1 0.0499 0
T 65340 84.0 0.8635 1 0.0682 0
T 65348 84.0 0.8635 1 0.0682 0
T 65355 84.0 0.8635 1 0.0682 0
T 65362 84.0 0.8637 1 0.0990 0
T 65370 84.0 0.8637 1 0.0990 0
T 65378 84.0 0.8637 1 0.0990 0
T 65385 84.0 0.8639 1 0.1312 0
T 65392 84.0 0.8639 1 0.1312 0
T 65400 84.0 0.8639 1 0.1312 0
T 65408 84.0 0.8641 1 0.1634 0
T 65415 84.0 0.8641 1 0.1634 0
T 65422 84.0 0.8641 1 0.1634 0
T 65430 84.0 0.8644 1 0.1942 0
T 65438 84.0 0.8644 1 0.1942 0
T 65445 84.0 0.8644 1 0.1942 0
T 65452 84.0 0.8647 1 0.2250 0
T 65460 84.0 0.8647 1 0.2250 0
T 65468 84.0 0.8647 1 0.2250 0
T 65475 84.0 0.8648 1 0.2572 0
T 65482 84.0 0.8648 1 0.2572 0
T 65490 84.0 0.8648 1 0.2572 0
T 65498 84.0 0.8650 1 0.2251 0
T 65505 84.0 0.8650 1 0.2251 0
T 65512 84.0 0.8650 1 0.2251 0
T 65520 84.0 0.8651 1 0.2559 0
T 65528 84.0 0.8651 1 0.2559 0
T 65535 84.0 0.8651 1 0.2559 0
T 65542 84.0 0.8652 1 0.2867 0
T 65550 84.0 0.8652 1 0.2867 0
T 65558 84.0 0.8652 1 0.2867 0
T 65565 84.0 0.8653 1 0.3189 0
T 65572 84.0 0.8653 1 0.3189 0
T 65580 84.0 0.8653 1 0.3189 0
T 65588 84.0 0.8652 1 0.3511 0
T 65595 84.0 0.8652 1 0.3511 0
T 65602 84.0 0.8652 1 0.3511 0
T 65610 84.0 0.8650 1 0.2941 0
T 65618 84.0 0.8650 1 0.2941 0
T 65625 84.0 0.8650 1 0.2941 0
T 65632 84.0 0.8645 1 0.3249 0
T 65640 84.0 0.8645 1 0.3249 0
T 65648 84.0 0.8645 1 0.3249 0
T 65655 84.0 0.8641 1 0.3570 0
T 65662 84.0 0.8641 1 0.3570 0
T 65670 84.0 0.8641 1 0.3570 0
T 65678 84.0 0.8639 1 0.3892 0
T 65685 84.0 0.8639 1 0.3892 0
T 65692 84.0 0.8639 1 0.3892 0
T 65700 84.0 0.8632 1 0.4200 0
T 65708 84.0 0.8632 1 0.4200 0
T 65715 84.0 0.8632 1 0.4200 0
T 65722 84.0 0.8628 1 0.3508 0
T 65730 84.0 0.8628 1 0.3508 0
T 65738 84.0 0.8628 1 0.3508 0
T 65745 84.0 0.8623 1 0.3829 0
T 65752 84.0 0.8623 1 0.3829 0
T 65760 84.0 0.8623 1 0.3829 0
T 65768 84.0 0.8619 1 0.4151 0
T 65775 84.0 0.8619 1 0.4151 0
T 65782 84.0 0.8619 1 0.4151 0
T 65790 84.0 0.8616 1 0.4459 0
T 65798 84.0 0.8616 1 0.4459 0
T 65805 84.0 0.8616 1 0.4459 0
T 65812 84.0 0.8619 1 0.4766 0
T 65820 84.0 0.8619 1 0.4766 0
T 65828 84.0 0.8619 1 0.4766 0
T 65835 84.0 0.8625 1 0.4088 0
T 65842 84.0 0.8625 1 0.4088 0
T 65850 84.0 0.8625 1 0.4088 0
T 65858 84.0 0.8629 1 0.4410 0
T 65865 84.0 0.8629 1 0.4410 0
T 65872 84.0 0.8629 1 0.4410 0
T 65880 84.0 0.8633 1 0.4717 0
T 65888 84.0 0.8633 1 0.4717 0
T 65895 84.0 0.8633 1 0.4717 0
T 65902 84.0 0.8633 1 0.5025 0
T 65910 84.0 0.8633 1 0.5025 0
T 65918 84.0 0.8633 1 0.5025 0
T 65925 84.0 0.8633 1 0.5346 0
T 65932 84.0 0.8633 1 0.5346 0
T 65940 84.0 0.8633 1 0.5346 0
T 65948 84.0 0.8632 1 0.5668 0
T 65955 84.0 0.8632 1 0.5668 0
T 65962 84.0 0.8632 1 0.5668 0
T 65970 84.0 0.8632 1 0.6976 0
T 65978 84.0 0.8632 1 0.6976 0
T 65985 84.0 0.8632 1 0.6976 0
T 65992 84.0 0.8632 1 0.7284 0
T 66000 84.0 0.8632 1 0.7284 0
T 66008 84.0 0.8632 1 0.7284 0
T 66015 84.0 0.8634 1 0.7606 0
T 66022 84.0 0.8634 1 0.7606 0
T 66030 84.0 0.8634 1 0.7606 0
T 66038 84.0 0.8627 1 0.7928 0
T 66045 84.0 0.8627 1 0.7928 0
T 66052 84.0 0.8627 1 0.7928 0
T 66060 84.0 0.8603 1 0.8236 0
T 66068 84.0 0.8603 1 0.8236 0
T 66075 84.0 0.8603 1 0.8236 0
T 66082 84.0 0.8581 1 0.8985 0
T 66090 84.0 0.8581 1 0.8985 0
T 66098 84.0 0.8581 1 0.8985 0
T 66105 84.0 0.8564 1 0.9307 0
T 66112 84.0 0.8564 1 0.9307 0
T 66120 84.0 0.8564 1 0.9307 0
T 66128 84.0 0.8550 1 0.9629 0
T 66135 84.0 0.8550 1 0.9629 0
T 66142 84.0 0.8550 1 0.9629 0
T 66150 84.0 0.8536 1 0.9937 0
T 66158 84.0 0.8536 1 0.9937 0
T 66165 84.0 0.8536 1 0.9937 0
T 66172 84.0 0.8522 1 0.0245 1
T 66180 84.0 0.8522 1 0.0245 0
T 66188 84.0 0.8522 1 0.0245 0
T 66195 84.0 0.8511 1 0.0567 0
T 66202 84.0 0.8511 1 0.0567 0
T 66210 84.0 0.8511 1 0.0567 0
T 66218 84.0 0.8503 1 0.0889 0
T 66225 84.0 0.8503 1 0.0889 0
T 66232 84.0 0.8503 1 0.0889 0
T 66240 84.0 0.8495 1 0.1197 0
T 66248 84.0 0.8495 1 0.1197 0
T 66255 84.0 0.8495 1 0.1197 0
T 66262 84.0 0.8479 1 0.1505 0
T 66270 84.0 0.8479 1 0.1505 0
T 66278 84.0 0.8479 1 0.1505 0
T 66285 84.0 0.8457 1 0.1827 0
T 66292 84.0 0.8457 1 0.1827 0
T 66300 84.0 0.8457 1 0.1827 0
T 66308 84.0 0.8455 1 0.1692 0
T 66315 84.0 0.8455 1 0.1692 0
T 66322 84.0 0.8455 1 0.1692 0
T 66330 84.0 0.8453 1 0.2000 0
T 66338 84.0 0.8453 1 0.2000 0
T 66345 84.0 0.8453 1 0.2000 0
T 66352 84.0 0.8452 1 0.2308 0
T 66360 84.0 0.8452 1 0.2308 0
T 66368 84.0 0.8452 1 0.2308 0
T 66375 84.0 0.8452 1 0.2630 0
T 66382 84.0 0.8452 1 0.2630 0
T 66390 84.0 0.8452 1 0.2630 0
T 66398 84.0 0.8449 1 0.2952 0
T 66405 84.0 0.8449 1 0.2952 0
T 66412 84.0 0.8449 1 0.2952 0
T 66420 84.0 0.8448 1 0.3260 0
T 66428 84.0 0.8448 1 0.3260 0
T 66435 84.0 0.8448 1 0.3260 0
T 66442 84.0 0.8449 1 0.3568 0
T 66450 84.0 0.8449 1 0.3568 0
T 66458 84.0 0.8449 1 0.3568 0
T 66465 84.0 0.8451 1 0.3890 0
T 66472 84.0 0.8451 1 0.3890 0
T 66480 84.0 0.8451 1 0.3890 0
T 66488 84.0 0.8451 1 0.4212 0
T 66495 84.0 0.8451 1 0.4212 0
T 66502 84.0 0.8451 1 0.4212 0
T 66510 84.0 0.8446 1 0.4520 0
T 66518 84.0 0.8446 1 0.4520 0
T 66525 84.0 0.8446 1 0.4520 0
T 66532 84.0 0.8453 1 0.4828 0
T 66540 84.0 0.8453 1 0.4828 0
T 66548 84.0 0.8453 1 0.4828 0
T 66555 84.0 0.8454 1 0.4150 0
T 66562 84.0 0.8454 1 0.4150 0
T 66570 84.0 0.8454 1 0.4150 0
T 66578 84.0 0.8455 1 0.4472 0
T 66585 84.0 0.8455 1 0.4472 0
T 66592 84.0 0.8455 1 0.4472 0
T 66600 84.0 0.8455 1 0.4779 0
T 66608 84.0 0.8455 1 0.4779 0
T 66615 84.0 0.8455 1 0.4779 0
T 66622 84.0 0.8451 1 0.5087 0
T 66630 84.0 0.8451 1 0.5087 0
T 66638 84.0 0.8451 1 0.5087 0
T 66645 84.0 0.8447 1 0.5409 0
T 66652 84.0 0.8447 1 0.5409 0
T 66660 84.0 0.8447 1 0.5409 0
T 66668 84.0 0.8443 1 0.5731 0
T 66675 84.0 0.8443 1 0.5731 0
T 66682 84.0 0.8443 1 0.5731 0
T 66690 84.0 0.8441 1 0.6039 0
T 66698 84.0 0.8441 1 0.6039 0
T 66705 84.0 0.8441 1 0.6039 0
T 66712 84.0 0.8437 1 0.6346 0
T 66720 84.0 0.8437 1 0.6346 0
T 66728 84.0 0.8437 1 0.6346 0
T 66735 84.0 0.8438 1 0.6668 0
T 66742 84.0 0.8438 1 0.6668 0
T 66750 84.0 0.8438 1 0.6668 0
T 66758 84.0 0.8429 1 0.6990 0
T 66765 84.0 0.8429 1 0.6990 0
T 66772 84.0 0.8429 1 0.6990 0
T 66780 84.0 0.8437 1 0.7298 0
T 66788 84.0 0.8437 1 0.7298 0
T 66795 84.0 0.8437 1 0.7298 0
T 66802 84.0 0.8446 1 0.8281 0
T 66810 84.0 0.8446 1 0.8281 0
T 66818 84.0 0.8446 1 0.8281 0
T 66825 84.0 0.8454 1 0.8603 0
T 66832 84.0 0.8454 1 0.8603 0
T 66840 84.0 0.8454 1 0.8603 0
T 66848 84.0 0.8460 1 0.8926 0
T 66855 84.0 0.8460 1 0.8926 0
T 66862 84.0 0.8460 1 0.8926 0
T 66870 84.0 0.8462 1 0.9234 0
T 66878 84.0 0.8462 1 0.9234 0
T 66885 84.0 0.8462 1 0.9234 0
T 66892 84.0 0.8465 1 0.9542 0
T 66900 84.0 0.8465 1 0.9542 0
T 66908 84.0 0.8465 1 0.9542 0
T 66915 84.0 0.8467 1 0.9864 0
T 66922 84.0 0.8467 1 0.9864 0
T 66930 84.0 0.8467 1 0.9864 0
T 66938 84.0 0.8469 1 0.0186 1
T 66945 84.0 0.8469 1 0.0186 0
T 66952 84.0 0.8469 1 0.0186 0
T 66960 84.0 0.8469 1 0.0494 0
T 66968 84.0 0.8469 1 0.0494 0
T 66975 84.0 0.8469 1 0.0494 0
T 66982 84.0 0.8468 1 0.0802 0
T 66990 84.0 0.8468 1 0.0802 0
T 66998 84.0 0.8468 1 0.0802 0
T 67005 84.0 0.8484 1 0.1124 0
T 67012 84.0 0.8484 1 0.1124 0
T 67020 84.0 0.8484 1 0.1124 0
T 67028 84.0 0.8492 1 0.1165 0
T 67035 84.0 0.8492 1 0.1165 0
T 67042 84.0 0.8492 1 0.1165 0
T 67050 84.0 0.8499 1 0.1473 0
T 67058 84.0 0.8499 1 0.1473 0
T 67065 84.0 0.8499 1 0.1473 0
T 67072 84.0 0.8504 1 0.1781 0
T 67080 84.0 0.8504 1 0.1781 0
T 67088 84.0 0.8504 1 0.1781 0
T 67095 84.0 0.8506 1 0.2103 0
T 67102 84.0 0.8506 1 0.2103 0
T 67110 84.0 0.8506 1 0.2103 0
T 67118 84.0 0.8509 1 0.2425 0
T 67125 84.0 0.8509 1 0.2425 0
T 67132 84.0 0.8509 1 0.2425 0
T 67140 84.0 0.8508 1 0.2733 0
T 67148 84.0 0.8508 1 0.2733 0
T 67155 84.0 0.8508 1 0.2733 0
T 67162 84.0 0.8508 1 0.3041 0
T 67170 84.0 0.8508 1 0.3041 0
T 67178 84.0 0.8508 1 0.3041 0
T 67185 84.0 0.8507 1 0.3363 0
T 67192 84.0 0.8507 1 0.3363 0
T 67200 84.0 0.8507 1 0.3363 0
T 67208 84.0 0.8506 1 0.3685 0
T 67215 84.0 0.8506 1 0.3685 0
T 67222 84.0 0.8506 1 0.3685 0
T 67230 84.0 0.8496 1 0.3993 0
T 67238 84.0 0.8496 1 0.3993 0
T 67245 84.0 0.8496 1 0.3993 0
T 67252 84.0 0.8493 1 0.3302 0
T 67260 84.0 0.8493 1 0.3302 0
T 67268 84.0 0.8493 1 0.3302 0
T 67275 84.0 0.8491 1 0.3624 0
T 67282 84.0 0.8491 1 0.3624 0
T 67290 84.0 0.8491 1 0.3624 0
T 67298 84.0 0.8493 1 0.3946 0
T 67305 84.0 0.8493 1 0.3946 0
T 67312 84.0 0.8493 1 0.3946 0
T 67320 84.0 0.8495 1 0.4254 0
T 67328 84.0 0.8495 1 0.4254 0
T 67335 84.0 0.8495 1 0.4254 0
T 67342 84.0 0.8491 1 0.4562 0
T 67350 84.0 0.8491 1 0.4562 0
T 67358 84.0 0.8491 1 0.4562 0
T 67365 84.0 0.8489 1 0.4883 0
T 67372 84.0 0.8489 1 0.4883 0
T 67380 84.0 0.8489 1 0.4883 0
T 67388 84.0 0.8484 1 0.5205 0
T 67395 84.0 0.8484 1 0.5205 0
T 67402 84.0 0.8484 1 0.5205 0
T 67410 84.0 0.8481 1 0.5513 0
T 67418 84.0 0.8481 1 0.5513 0
T 67425 84.0 0.8481 1 0.5513 0
T 67432 84.0 0.8476 1 0.5821 0
T 67440 84.0 0.8476 1 0.5821 0
T 67448 84.0 0.8476 1 0.5821 0
T 67455 84.0 0.8472 1 0.6143 0
T 67462 84.0 0.8472 1 0.6143 0
T 67470 84.0 0.8472 1 0.6143 0
T 67478 84.0 0.8484 1 0.6465 0
T 67485 84.0 0.8484 1 0.6465 0
T 67492 84.0 0.8484 1 0.6465 0
T 67500 84.0 0.8482 1 0.6773 0
T 67508 84.0 0.8482 1 0.6773 0
T 67515 84.0 0.8482 1 0.6773 0
T 67522 84.0 0.8484 1 0.7887 0
T 67530 84.0 0.8484 1 0.7887 0
T 67538 84.0 0.8484 1 0.7887 0
T 67545 84.0 0.8483 1 0.8210 0
T 67552 84.0 0.8483 1 0.8210 0
T 67560 84.0 0.8483 1 0.8210 0
T 67568 84.0 0.8479 1 0.8532 0
T 67575 84.0 0.8479 1 0.8532 0
T 67582 84.0 0.8479 1 0.8532 0
T 67590 84.0 0.8483 1 0.8840 0
T 67598 84.0 0.8483 1 0.8840 0
T 67605 84.0 0.8483 1 0.8840 0
T 67612 84.0 0.8487 1 0.9148 0
T 67620 84.0 0.8487 1 0.9148 0
T 67628 84.0 0.8487 1 0.9148 0
T 67635 84.0 0.8490 1 0.9470 0
T 67642 84.0 0.8490 1 0.9470 0
T 67650 84.0 0.8490 1 0.9470 0
T 67658 84.0 0.8492 1 0.9792 0
T 67665 84.0 0.8492 1 0.9792 0
T 67672 84.0 0.8492 1 0.9792 0
T 67680 84.0 0.8492 1 0.0100 1
T 67688 84.0 0.8492 1 0.0100 0
T 67695 84.0 0.8492 1 0.0100 0
T 67702 84.0 0.8494 1 0.0408 0
T 67710 84.0 0.8494 1 0.0408 0
T 67718 84.0 0.8494 1 0.0408 0
T 67725 84.0 0.8506 1 0.0730 0
T 67732 84.0 0.8506 1 0.0730 0
T 67740 84.0 0.8506 1 0.0730 0
T 67748 84.0 0.8514 1 0.0870 0
T 67755 84.0 0.8514 1 0.0870 0
T 67762 84.0 0.8514 1 0.0870 0
T 67770 84.0 0.8520 1 0.1178 0
T 67778 84.0 0.8520 1 0.1178 0
T 67785 84.0 0.8520 1 0.1178 0
T 67792 84.0 0.8524 1 0.1486 0
T 67800 84.0 0.8524 1 0.1486 0
T 67808 84.0 0.8524 1 0.1486 0
T 67815 84.0 0.8521 1 0.1808 0
T 67822 84.0 0.8521 1 0.1808 0
T 67830 84.0 0.8521 1 0.1808 0
T 67838 84.0 0.8518 1 0.2130 0
T 67845 84.0 0.8518 1 0.2130 0
T 67852 84.0 0.8518 1 0.2130 0
T 67860 84.0 0.8516 1 0.1905 0
T 67868 84.0 0.8516 1 0.1905 0
T 67875 84.0 0.8516 1 0.1905 0
T 67882 84.0 0.8513 1 0.2213 0
T 67890 84.0 0.8513 1 0.2213 0
T 67898 84.0 0.8513 1 0.2213 0
T 67905 84.0 0.8512 1 0.2535 0
T 67912 84.0 0.8512 1 0.2535 0
T 67920 84.0 0.8512 1 0.2535 0
T 67928 84.0 0.8515 1 0.2857 0
T 67935 84.0 0.8515 1 0.2857 0
T 67942 84.0 0.8515 1 0.2857 0
T 67950 84.0 0.8521 1 0.3165 0
T 67958 84.0 0.8521 1 0.3165 0
T 67965 84.0 0.8521 1 0.3165 0
T 67972 84.0 0.8507 1 0.3473 0
T 67980 84.0 0.8507 1 0.3473 0
T 67988 84.0 0.8507 1 0.3473 0
T 67995 84.0 0.8492 1 0.2927 0
T 68002 84.0 0.8492 1 0.2927 0
T 68010 84.0 0.8492 1 0.2927 0
T 68018 84.0 0.8480 1 0.3248 0
T 68025 84.0 0.8480 1 0.3248 0
T 68032 84.0 0.8480 1 0.3248 0
T 68040 84.0 0.8470 1 0.3556 0
T 68048 84.0 0.8470 1 0.3556 0
T 68055 84.0 0.8470 1 0.3556 0
T 68062 84.0 0.8458 1 0.3864 0
T 68070 84.0 0.8458 1 0.3864 0
T 68078 84.0 0.8458 1 0.3864 0
T 68085 84.0 0.8446 1 0.4186 0
T 68092 84.0 0.8446 1 0.4186 0
T 68100 84.0 0.8446 1 0.4186 0
T 68108 84.0 0.8437 1 0.4507 0
T 68115 84.0 0.8437 1 0.4507 0
T 68122 84.0 0.8437 1 0.4507 0
T 68130 84.0 0.8432 1 0.4815 0
T 68138 84.0 0.8432 1 0.4815 0
T 68145 84.0 0.8432 1 0.4815 0
T 68152 84.0 0.8431 1 0.5123 0
T 68160 84.0 0.8431 1 0.5123 0
T 68168 84.0 0.8431 1 0.5123 0
T 68175 84.0 0.8427 1 0.5445 0
T 68182 84.0 0.8427 1 0.5445 0
T 68190 84.0 0.8427 1 0.5445 0
T 68198 84.0 0.8444 1 0.6767 0
T 68205 84.0 0.8444 1 0.6767 0
T 68212 84.0 0.8444 1 0.6767 0
T 68220 84.0 0.8455 1 0.7075 0
T 68228 84.0 0.8455 1 0.7075 0
T 68235 84.0 0.8455 1 0.7075 0
T 68242 84.0 0.8466 1 0.7383 0
T 68250 84.0 0.8466 1 0.7383 0
T 68258 84.0 0.8466 1 0.7383 0
T 68265 84.0 0.8476 1 0.7705 0
T 68272 84.0 0.8476 1 0.7705 0
T 68280 84.0 0.8476 1 0.7705 0
T 68288 84.0 0.8480 1 0.8027 0
T 68295 84.0 0.8480 1 0.8027 0
T 68302 84.0 0.8480 1 0.8027 0
T 68310 84.0 0.8483 1 0.8336 0
T 68318 84.0 0.8483 1 0.8336 0
T 68325 84.0 0.8483 1 0.8336 0
T 68332 84.0 0.8481 1 0.8644 0
T 68340 84.0 0.8481 1 0.8644 0
T 68348 84.0 0.8481 1 0.8644 0
T 68355 84.0 0.8478 1 0.8966 0
T 68362 84.0 0.8478 1 0.8966 0
T 68370 84.0 0.8478 1 0.8966 0
T 68378 84.0 0.8475 1 0.9288 0
T 68385 84.0 0.8475 1 0.9288 0
T 68392 84.0 0.8475 1 0.9288 0
T 68400 84.0 0.8476 1 0.9596 0
T 68408 84.0 0.8476 1 0.9596 0
T 68415 84.0 0.8476 1 0.9596 0
T 68422 84.0 0.8468 1 0.9904 0
T 68430 84.0 0.8468 1 0.9904 0
T 68438 84.0 0.8468 1 0.9904 0
T 68445 84.0 0.8442 1 0.0226 1
T 68452 84.0 0.8442 1 0.0226 0
T 68460 84.0 0.8442 1 0.0226 0
T 68468 84.0 0.8427 1 0.0492 0
T 68475 84.0 0.8427 1 0.0492 0
T 68482 84.0 0.8427 1 0.0492 0
T 68490 84.0 0.8414 1 0.0800 0
T 68498 84.0 0.8414 1 0.0800 0
T 68505 84.0 0.8414 1 0.0800 0
T 68512 84.0 0.8401 1 0.1108 0
T 68520 84.0 0.8401 1 0.1108 0
T 68528 84.0 0.8401 1 0.1108 0
T 68535 84.0 0.8383 1 0.1430 0
T 68542 84.0 0.8383 1 0.1430 0
T 68550 84.0 0.8383 1 0.1430 0
T 68558 84.0 0.8371 1 0.1752 0
T 68565 84.0 0.8371 1 0.1752 0
T 68572 84.0 0.8371 1 0.1752 0
T 68580 84.0 0.8361 1 0.2060 0
T 68588 84.0 0.8361 1 0.2060 0
T 68595 84.0 0.8361 1 0.2060 0
T 68602 84.0 0.8352 1 0.2368 0
T 68610 84.0 0.8352 1 0.2368 0
T 68618 84.0 0.8352 1 0.2368 0
T 68625 84.0 0.8347 1 0.2690 0
T 68632 84.0 0.8347 1 0.2690 0
T 68640 84.0 0.8347 1 0.2690 0
T 68648 84.0 0.8340 1 0.3012 0
T 68655 84.0 0.8340 1 0.3012 0
T 68662 84.0 0.8340 1 0.3012 0
T 68670 84.0 0.8359 1 0.3320 0
T 68678 84.0 0.8359 1 0.3320 0
T 68685 84.0 0.8359 1 0.3320 0
T 68692 84.0 0.8370 1 0.2798 0
T 68700 84.0 0.8370 1 0.2798 0
T 68708 84.0 0.8370 1 0.2798 0
T 68715 84.0 0.8379 1 0.3120 0
T 68722 84.0 0.8379 1 0.3120 0
T 68730 84.0 0.8379 1 0.3120 0
T 68738 84.0 0.8380 1 0.3441 0
T 68745 84.0 0.8380 1 0.3441 0
T 68752 84.0 0.8380 1 0.3441 0
T 68760 84.0 0.8375 1 0.3749 0
T 68768 84.0 0.8375 1 0.3749 0
T 68775 84.0 0.8375 1 0.3749 0
T 68782 84.0 0.8368 1 0.4057 0
T 68790 84.0 0.8368 1 0.4057 0
T 68798 84.0 0.8368 1 0.4057 0
T 68805 84.0 0.8363 1 0.4379 0
T 68812 84.0 0.8363 1 0.4379 0
T 68820 84.0 0.8363 1 0.4379 0
T 68828 84.0 0.8358 1 0.4701 0
T 68835 84.0 0.8358 1 0.4701 0
T 68842 84.0 0.8358 1 0.4701 0
T 68850 84.0 0.8354 1 0.5009 0
T 68858 84.0 0.8354 1 0.5009 0
T 68865 84.0 0.8354 1 0.5009 0
T 68872 84.0 0.8351 1 0.5317 0
T 68880 84.0 0.8351 1 0.5317 0
T 68888 84.0 0.8351 1 0.5317 0
T 68895 84.0 0.8348 1 0.5639 0
T 68902 84.0 0.8348 1 0.5639 0
T 68910 84.0 0.8348 1 0.5639 0
T 68918 84.0 0.8338 1 0.5961 0
T 68925 84.0 0.8338 1 0.5961 0
T 68932 84.0 0.8338 1 0.5961 0
T 68940 84.0 0.8333 1 0.7269 0
T 68948 84.0 0.8333 1 0.7269 0
T 68955 84.0 0.8333 1 0.7269 0
T 68962 84.0 0.8326 1 0.7577 0
T 68970 84.0 0.8326 1 0.7577 0
T 68978 84.0 0.8326 1 0.7577 0
T 68985 84.0 0.8316 1 0.7899 0
T 68992 84.0 0.8316 1 0.7899 0
T 69000 84.0 0.8316 1 0.7899 0
T 69008 84.0 0.8295 1 0.8221 0
T 69015 84.0 0.8295 1 0.8221 0
T 69022 84.0 0.8295 1 0.8221 0
T 69030 84.0 0.8277 1 0.8529 0
T 69038 84.0 0.8277 1 0.8529 0
T 69045 84.0 0.8277 1 0.8529 0
T 69052 84.0 0.8262 1 0.8837 0
T 69060 84.0 0.8262 1 0.8837 0
T 69068 84.0 0.8262 1 0.8837 0
T 69075 84.0 0.8251 1 0.9159 0
T 69082 84.0 0.8251 1 0.9159 0
T 69090 84.0 0.8251 1 0.9159 0
T 69098 84.0 0.8239 1 0.9481 0
T 69105 84.0 0.8239 1 0.9481 0
T 69112 84.0 0.8239 1 0.9481 0
T 69120 84.0 0.8225 1 0.9790 0
T 69128 84.0 0.8225 1 0.9790 0
T 69135 84.0 0.8225 1 0.9790 0
T 69142 84.0 0.8221 1 0.0098 1
T 69150 84.0 0.8221 1 0.0098 0
T 69158 84.0 0.8221 1 0.0098 0
T 69165 84.0 0.8222 1 0.0395 0
T 69172 84.0 0.8222 1 0.0395 0
T 69180 84.0 0.8222 1 0.0395 0
T 69188 84.0 0.8226 1 0.0717 0
T 69195 84.0 0.8226 1 0.0717 0
T 69202 84.0 0.8226 1 0.0717 0
T 69210 84.0 0.8226 1 0.1025 0
T 69218 84.0 0.8226 1 0.1025 0
T 69225 84.0 0.8226 1 0.1025 0
T 69232 84.0 0.8222 1 0.1333 0
T 69240 84.0 0.8222 1 0.1333 0
T 69248 84.0 0.8222 1 0.1333 0
T 69255 84.0 0.8219 1 0.1655 0
T 69262 84.0 0.8219 1 0.1655 0
T 69270 84.0 0.8219 1 0.1655 0
T 69278 84.0 0.8219 1 0.1978 0
T 69285 84.0 0.8219 1 0.1978 0
T 69292 84.0 0.8219 1 0.1978 0
T 69300 84.0 0.8218 1 0.2286 0
T 69308 84.0 0.8218 1 0.2286 0
T 69315 84.0 0.8218 1 0.2286 0
T 69322 84.0 0.8217 1 0.2594 0
T 69330 84.0 0.8217 1 0.2594 0
T 69338 84.0 0.8217 1 0.2594 0
T 69345 84.0 0.8220 1 0.2916 0
T 69352 84.0 0.8220 1 0.2916 0
T 69360 84.0 0.8220 1 0.2916 0
T 69368 84.0 0.8222 1 0.3238 0
T 69375 84.0 0.8222 1 0.3238 0
T 69382 84.0 0.8222 1 0.3238 0
T 69390 84.0 0.8222 1 0.3546 0
T 69398 84.0 0.8222 1 0.3546 0
T 69405 84.0 0.8222 1 0.3546 0
T 69412 84.0 0.8216 1 0.2967 0
T 69420 84.0 0.8216 1 0.2967 0
T 69428 84.0 0.8216 1 0.2967 0
T 69435 84.0 0.8207 1 0.3289 0
T 69442 84.0 0.8207 1 0.3289 0
T 69450 84.0 0.8207 1 0.3289 0
T 69458 84.0 0.8194 1 0.3611 0
T 69465 84.0 0.8194 1 0.3611 0
T 69472 84.0 0.8194 1 0.3611 0
T 69480 84.0 0.8178 1 0.3919 0
T 69488 84.0 0.8178 1 0.3919 0
T 69495 84.0 0.8178 1 0.3919 0
T 69502 84.0 0.8165 1 0.4227 0
T 69510 84.0 0.8165 1 0.4227 0
T 69518 84.0 0.8165 1 0.4227 0
T 69525 84.0 0.8152 1 0.3549 0
T 69532 84.0 0.8152 1 0.3549 0
T 69540 84.0 0.8152 1 0.3549 0
T 69548 84.0 0.8141 1 0.3870 0
T 69555 84.0 0.8141 1 0.3870 0
T 69562 84.0 0.8141 1 0.3870 0
T 69570 84.0 0.8133 1 0.4178 0
T 69578 84.0 0.8133 1 0.4178 0
T 69585 84.0 0.8133 1 0.4178 0
T 69592 84.0 0.8125 1 0.4486 0
T 69600 84.0 0.8125 1 0.4486 0
T 69608 84.0 0.8125 1 0.4486 0
T 69615 84.0 0.8121 1 0.4807 0
T 69622 84.0 0.8121 1 0.4807 0
T 69630 84.0 0.8121 1 0.4807 0
T 69638 84.0 0.8144 1 0.5129 0
T 69645 84.0 0.8144 1 0.5129 0
T 69652 84.0 0.8144 1 0.5129 0
T 69660 84.0 0.8166 1 0.6437 0
T 69668 84.0 0.8166 1 0.6437 0
T 69675 84.0 0.8166 1 0.6437 0
T 69682 84.0 0.8186 1 0.6745 0
T 69690 84.0 0.8186 1 0.6745 0
T 69698 84.0 0.8186 1 0.6745 0
T 69705 84.0 0.8197 1 0.7067 0
T 69712 84.0 0.8197 1 0.7067 0
T 69720 84.0 0.8197 1 0.7067 0
T 69728 84.0 0.8197 1 0.7389 0
T 69735 84.0 0.8197 1 0.7389 0
T 69742 84.0 0.8197 1 0.7389 0
T 69750 84.0 0.8195 1 0.7697 0
T 69758 84.0 0.8195 1 0.7697 0
T 69765 84.0 0.8195 1 0.7697 0
T 69772 84.0 0.8194 1 0.8005 0
T 69780 84.0 0.8194 1 0.8005 0
T 69788 84.0 0.8194 1 0.8005 0
T 69795 84.0 0.8193 1 0.8327 0
T 69802 84.0 0.8193 1 0.8327 0
T 69810 84.0 0.8193 1 0.8327 0
T 69818 84.0 0.8192 1 0.8649 0
T 69825 84.0 0.8192 1 0.8649 0
T 69832 84.0 0.8192 1 0.8649 0
T 69840 84.0 0.8191 1 0.8957 0
T 69848 84.0 0.8191 1 0.8957 0
T 69855 84.0 0.8191 1 0.8957 0
T 69862 84.0 0.8197 1 0.9265 0
T 69870 84.0 0.8197 1 0.9265 0
T 69878 84.0 0.8197 1 0.9265 0
T 69885 84.0 0.8197 1 0.9771 0
T 69892 84.0 0.8197 1 0.9771 0
T 69900 84.0 0.8197 1 0.9771 0
T 69908 84.0 0.8195 1 0.0093 1
T 69915 84.0 0.8195 1 0.0093 0
T 69922 84.0 0.8195 1 0.0093 0
T 69930 84.0 0.8187 1 0.0401 0
T 69938 84.0 0.8187 1 0.0401 0
T 69945 84.0 0.8187 1 0.0401 0
T 69952 84.0 0.8178 1 0.0709 0
T 69960 84.0 0.8178 1 0.0709 0
T 69968 84.0 0.8178 1 0.0709 0
T 69975 84.0 0.8169 1 0.1031 0
T 69982 84.0 0.8169 1 0.1031 0
T 69990 84.0 0.8169 1 0.1031 0
T 69998 84.0 0.8151 1 0.1353 0
T 70005 84.0 0.8151 1 0.1353 0
T 70012 84.0 0.8151 1 0.1353 0
T 70020 84.0 0.8140 1 0.1323 0
T 70028 84.0 0.8140 1 0.1323 0
T 70035 84.0 0.8140 1 0.1323 0
T 70042 84.0 0.8132 1 0.1631 0
T 70050 84.0 0.8132 1 0.1631 0
T 70058 84.0 0.8132 1 0.1631 0
T 70065 84.0 0.8129 1 0.1953 0
T 70072 84.0 0.8129 1 0.1953 0
T 70080 84.0 0.8129 1 0.1953 0
T 70088 84.0 0.8111 1 0.2275 0
T 70095 84.0 0.8111 1 0.2275 0
T 70102 84.0 0.8111 1 0.2275 0
T 70110 84.0 0.8103 1 0.2014 0
T 70118 84.0 0.8103 1 0.2014 0
T 70125 84.0 0.8103 1 0.2014 0
T 70132 84.0 0.8099 1 0.2322 0
T 70140 84.0 0.8099 1 0.2322 0
T 70148 84.0 0.8099 1 0.2322 0
T 70155 84.0 0.8101 1 0.2644 0
T 70162 84.0 0.8101 1 0.2644 0
T 70170 84.0 0.8101 1 0.2644 0
T 70178 84.0 0.8104 1 0.2966 0
T 70185 84.0 0.8104 1 0.2966 0
T 70192 84.0 0.8104 1 0.2966 0
T 70200 84.0 0.8106 1 0.3274 0
T 70208 84.0 0.8106 1 0.3274 0
T 70215 84.0 0.8106 1 0.3274 0
T 70222 84.0 0.8113 1 0.3582 0
T 70230 84.0 0.8113 1 0.3582 0
T 70238 84.0 0.8113 1 0.3582 0
T 70245 84.0 0.8122 1 0.3904 0
T 70252 84.0 0.8122 1 0.3904 0
T 70260 84.0 0.8122 1 0.3904 0
T 70268 84.0 0.8126 1 0.4225 0
T 70275 84.0 0.8126 1 0.4225 0
T 70282 84.0 0.8126 1 0.4225 0
T 70290 84.0 0.8128 1 0.4533 0
T 70298 84.0 0.8128 1 0.4533 0
T 70305 84.0 0.8128 1 0.4533 0
T 70312 84.0 0.8129 1 0.4841 0
T 70320 84.0 0.8129 1 0.4841 0
T 70328 84.0 0.8129 1 0.4841 0
T 70335 84.0 0.8151 1 0.5163 0
T 70342 84.0 0.8151 1 0.5163 0
T 70350 84.0 0.8151 1 0.5163 0
T 70358 84.0 0.8173 1 0.6485 0
T 70365 84.0 0.8173 1 0.6485 0
T 70372 84.0 0.8173 1 0.6485 0
T 70380 84.0 0.8193 1 0.6793 0
T 70388 84.0 0.8193 1 0.6793 0
T 70395 84.0 0.8193 1 0.6793 0
T 70402 84.0 0.8208 1 0.7102 0
T 70410 84.0 0.8208 1 0.7102 0
T 70418 84.0 0.8208 1 0.7102 0
T 70425 84.0 0.8213 1 0.7424 0
T 70432 84.0 0.8213 1 0.7424 0
T 70440 84.0 0.8213 1 0.7424 0
T 70448 84.0 0.8227 1 0.7746 0
T 70455 84.0 0.8227 1 0.7746 0
T 70462 84.0 0.8227 1 0.7746 0
T 70470 84.0 0.8229 1 0.8054 0
T 70478 84.0 0.8229 1 0.8054 0
T 70485 84.0 0.8229 1 0.8054 0
T 70492 84.0 0.8236 1 0.8362 0
T 70500 84.0 0.8236 1 0.8362 0
T 70508 84.0 0.8236 1 0.8362 0
T 70515 84.0 0.8244 1 0.8684 0
T 70522 84.0 0.8244 1 0.8684 0
T 70530 84.0 0.8244 1 0.8684 0
T 70538 84.0 0.8253 1 0.9006 0
T 70545 84.0 0.8253 1 0.9006 0
T 70552 84.0 0.8253 1 0.9006 0
T 70560 84.0 0.8262 1 0.9315 0
T 70568 84.0 0.8262 1 0.9315 0
T 70575 84.0 0.8262 1 0.9315 0
T 70582 84.0 0.8283 1 0.9623 0
T 70590 84.0 0.8283 1 0.9623 0
T 70598 84.0 0.8283 1 0.9623 0
T 70605 84.0 0.8303 1 0.0039 1
T 70612 84.0 0.8303 1 0.0039 0
T 70620 84.0 0.8303 1 0.0039 0
T 70628 84.0 0.8318 1 0.0361 0
T 70635 84.0 0.8318 1 0.0361 0
T 70642 84.0 0.8318 1 0.0361 0
T 70650 84.0 0.8327 1 0.0669 0
T 70658 84.0 0.8327 1 0.0669 0
T 70665 84.0 0.8327 1 0.0669 0
T 70672 84.0 0.8330 1 0.0977 0
T 70680 84.0 0.8330 1 0.0977 0
T 70688 84.0 0.8330 1 0.0977 0
T 70695 84.0 0.8340 1 0.1299 0
T 70702 84.0 0.8340 1 0.1299 0
T 70710 84.0 0.8340 1 0.1299 0
T 70718 84.0 0.8351 1 0.1621 0
T 70725 84.0 0.8351 1 0.1621 0
T 70732 84.0 0.8351 1 0.1621 0
T 70740 84.0 0.8357 1 0.1929 0
T 70748 84.0 0.8357 1 0.1929 0
T 70755 84.0 0.8357 1 0.1929 0
T 70762 84.0 0.8361 1 0.2238 0
T 70770 84.0 0.8361 1 0.2238 0
T 70778 84.0 0.8361 1 0.2238 0
T 70785 84.0 0.8366 1 0.2560 0
T 70792 84.0 0.8366 1 0.2560 0
T 70800 84.0 0.8366 1 0.2560 0
T 70808 84.0 0.8381 1 0.2882 0
T 70815 84.0 0.8381 1 0.2882 0
T 70822 84.0 0.8381 1 0.2882 0
T 70830 84.0 0.8382 1 0.3190 0
T 70838 84.0 0.8382 1 0.3190 0
T 70845 84.0 0.8382 1 0.3190 0
T 70852 84.0 0.8383 1 0.2700 0
T 70860 84.0 0.8383 1 0.2700 0
T 70868 84.0 0.8383 1 0.2700 0
T 70875 84.0 0.8383 1 0.3022 0
T 70882 84.0 0.8383 1 0.3022 0
T 70890 84.0 0.8383 1 0.3022 0
T 70898 84.0 0.8384 1 0.3344 0
T 70905 84.0 0.8384 1 0.3344 0
T 70912 84.0 0.8384 1 0.3344 0
T 70920 84.0 0.8389 1 0.3652 0
T 70928 84.0 0.8389 1 0.3652 0
T 70935 84.0 0.8389 1 0.3652 0
T 70942 84.0 0.8386 1 0.3960 0
T 70950 84.0 0.8386 1 0.3960 0
T 70958 84.0 0.8386 1 0.3960 0
T 70965 84.0 0.8387 1 0.4282 0
T 70972 84.0 0.8387 1 0.4282 0
T 70980 84.0 0.8387 1 0.4282 0
T 70988 84.0 0.8386 1 0.4604 0
T 70995 84.0 0.8386 1 0.4604 0
T 71002 84.0 0.8386 1 0.4604 0
T 71010 84.0 0.8386 1 0.4911 0
T 71018 84.0 0.8386 1 0.4911 0
T 71025 84.0 0.8386 1 0.4911 0
T 71032 84.0 0.8389 1 0.5219 0
T 71040 84.0 0.8389 1 0.5219 0
T 71048 84.0 0.8389 1 0.5219 0
T 71055 84.0 0.8406 1 0.6541 0
T 71062 84.0 0.8406 1 0.6541 0
T 71070 84.0 0.8406 1 0.6541 0
T 71078 84.0 0.8418 1 0.6864 0
T 71085 84.0 0.8418 1 0.6864 0
T 71092 84.0 0.8418 1 0.6864 0
T 71100 84.0 0.8427 1 0.7172 0
T 71108 84.0 0.8427 1 0.7172 0
T 71115 84.0 0.8427 1 0.7172 0
T 71122 84.0 0.8433 1 0.7480 0
T 71130 84.0 0.8433 1 0.7480 0
T 71138 84.0 0.8433 1 0.7480 0
T 71145 84.0 0.8434 1 0.7802 0
T 71152 84.0 0.8434 1 0.7802 0
T 71160 84.0 0.8434 1 0.7802 0
T 71168 84.0 0.8444 1 0.8124 0
T 71175 84.0 0.8444 1 0.8124 0
T 71182 84.0 0.8444 1 0.8124 0
T 71190 84.0 0.8453 1 0.8432 0
T 71198 84.0 0.8453 1 0.8432 0
T 71205 84.0 0.8453 1 0.8432 0
T 71212 84.0 0.8459 1 0.8740 0
T 71220 84.0 0.8459 1 0.8740 0
T 71228 84.0 0.8459 1 0.8740 0
T 71235 84.0 0.8464 1 0.9063 0
T 71242 84.0 0.8464 1 0.9063 0
T 71250 84.0 0.8464 1 0.9063 0
T 71258 84.0 0.8474 1 0.9385 0
T 71265 84.0 0.8474 1 0.9385 0
T 71272 84.0 0.8474 1 0.9385 0
T 71280 84.0 0.8481 1 0.9693 0
T 71288 84.0 0.8481 1 0.9693 0
T 71295 84.0 0.8481 1 0.9693 0
T 71302 84.0 0.8484 1 0.0001 1
T 71310 84.0 0.8484 1 0.0001 0
T 71318 84.0 0.8484 1 0.0001 0
T 71325 84.0 0.8489 1 0.0323 0
T 71332 84.0 0.8489 1 0.0323 0
T 71340 84.0 0.8489 1 0.0323 0
T 71348 84.0 0.8492 1 0.0645 0
T 71355 84.0 0.8492 1 0.0645 0
T 71362 84.0 0.8492 1 0.0645 0
T 71370 84.0 0.8496 1 0.0953 0
T 71378 84.0 0.8496 1 0.0953 0
T 71385 84.0 0.8496 1 0.0953 0
T 71392 84.0 0.8501 1 0.1261 0
T 71400 84.0 0.8501 1 0.1261 0
T 71408 84.0 0.8501 1 0.1261 0
T 71415 84.0 0.8504 1 0.1583 0
T 71422 84.0 0.8504 1 0.1583 0
T 71430 84.0 0.8504 1 0.1583 0
T 71438 84.0 0.8505 1 0.1905 0
T 71445 84.0 0.8505 1 0.1905 0
T 71452 84.0 0.8505 1 0.1905 0
T 71460 84.0 0.8510 1 0.2213 0
T 71468 84.0 0.8510 1 0.2213 0
T 71475 84.0 0.8510 1 0.2213 0
T 71482 84.0 0.8513 1 0.2521 0
T 71490 84.0 0.8513 1 0.2521 0
T 71498 84.0 0.8513 1 0.2521 0
T 71505 84.0 0.8516 1 0.2843 0
T 71512 84.0 0.8516 1 0.2843 0
T 71520 84.0 0.8516 1 0.2843 0
T 71528 84.0 0.8521 1 0.3165 0
T 71535 84.0 0.8521 1 0.3165 0
T 71542 84.0 0.8521 1 0.3165 0
T 71550 84.0 0.8527 1 0.2682 0
T 71558 84.0 0.8527 1 0.2682 0
T 71565 84.0 0.8527 1 0.2682 0
T 71572 84.0 0.8535 1 0.2990 0
T 71580 84.0 0.8535 1 0.2990 0
T 71588 84.0 0.8535 1 0.2990 0
T 71595 84.0 0.8542 1 0.3311 0
T 71602 84.0 0.8542 1 0.3311 0
T 71610 84.0 0.8542 1 0.3311 0
T 71618 84.0 0.8551 1 0.3633 0
T 71625 84.0 0.8551 1 0.3633 0
T 71632 84.0 0.8551 1 0.3633 0
T 71640 84.0 0.8559 1 0.3941 0
T 71648 84.0 0.8559 1 0.3941 0
T 71655 84.0 0.8559 1 0.3941 0
T 71662 84.0 0.8567 1 0.4249 0
T 71670 84.0 0.8567 1 0.4249 0
T 71678 84.0 0.8567 1 0.4249 0
T 71685 84.0 0.8577 1 0.3571 0
T 71692 84.0 0.8577 1 0.3571 0
T 71700 84.0 0.8577 1 0.3571 0
T 71708 84.0 0.8587 1 0.3893 0
T 71715 84.0 0.8587 1 0.3893 0
T 71722 84.0 0.8587 1 0.3893 0
T 71730 84.0 0.8595 1 0.4200 0
T 71738 84.0 0.8595 1 0.4200 0
T 71745 84.0 0.8595 1 0.4200 0
T 71752 84.0 0.8603 1 0.4508 0
T 71760 84.0 0.8603 1 0.4508 0
T 71768 84.0 0.8603 1 0.4508 0
T 71775 84.0 0.8607 1 0.4830 0
T 71782 84.0 0.8607 1 0.4830 0
T 71790 84.0 0.8607 1 0.4830 0
T 71798 84.0 0.8610 1 0.4152 0
T 71805 84.0 0.8610 1 0.4152 0
T 71812 84.0 0.8610 1 0.4152 0
T 71820 84.0 0.8608 1 0.4459 0
T 71828 84.0 0.8608 1 0.4459 0
T 71835 84.0 0.8608 1 0.4459 0
T 71842 84.0 0.8605 1 0.4767 0
T 71850 84.0 0.8605 1 0.4767 0
T 71858 84.0 0.8605 1 0.4767 0
T 71865 84.0 0.8598 1 0.5088 0
T 71872 84.0 0.8598 1 0.5088 0
T 71880 84.0 0.8598 1 0.5088 0
T 71888 84.0 0.8589 1 0.5410 0
T 71895 84.0 0.8589 1 0.5410 0
T 71902 84.0 0.8589 1 0.5410 0
T 71910 84.0 0.8584 1 0.6718 0
T 71918 84.0 0.8584 1 0.6718 0
T 71925 84.0 0.8584 1 0.6718 0
T 71932 84.0 0.8583 1 0.7026 0
T 71940 84.0 0.8583 1 0.7026 0
T 71948 84.0 0.8583 1 0.7026 0
T 71955 84.0 0.8582 1 0.7348 0
T 71962 84.0 0.8582 1 0.7348 0
T 71970 84.0 0.8582 1 0.7348 0
T 71978 84.0 0.8575 1 0.7670 0
T 71985 84.0 0.8575 1 0.7670 0
T 71992 84.0 0.8575 1 0.7670 0
T 72000 84.0 0.8581 1 0.7978 0
T 72008 84.0 0.8581 1 0.7978 0
T 72015 84.0 0.8581 1 0.7978 0
T 72022 84.0 0.8592 1 0.8791 0
T 72030 84.0 0.8592 1 0.8791 0
T 72038 84.0 0.8592 1 0.8791 0
T 72045 84.0 0.8601 1 0.9113 0
T 72052 84.0 0.8601 1 0.9113 0
T 72060 84.0 0.8601 1 0.9113 0
T 72068 84.0 0.8610 1 0.9436 0
T 72075 84.0 0.8610 1 0.9436 0
T 72082 84.0 0.8610 1 0.9436 0
T 72090 84.0 0.8617 1 0.9744 0
T 72098 84.0 0.8617 1 0.9744 0
T 72105 84.0 0.8617 1 0.9744 0
T 72112 84.0 0.8623 1 0.0052 1
T 72120 84.0 0.8623 1 0.0052 0
T 72128 84.0 0.8623 1 0.0052 0
T 72135 84.0 0.8628 1 0.0374 0
T 72142 84.0 0.8628 1 0.0374 0
T 72150 84.0 0.8628 1 0.0374 0
T 72158 84.0 0.8631 1 0.0696 0
T 72165 84.0 0.8631 1 0.0696 0
T 72172 84.0 0.8631 1 0.0696 0
T 72180 84.0 0.8634 1 0.1004 0
T 72188 84.0 0.8634 1 0.1004 0
T 72195 84.0 0.8634 1 0.1004 0
T 72202 84.0 0.8636 1 0.1312 0
T 72210 84.0 0.8636 1 0.1312 0
T 72218 84.0 0.8636 1 0.1312 0
T 72225 84.0 0.8639 1 0.1634 0
T 72232 84.0 0.8639 1 0.1634 0
T 72240 84.0 0.8639 1 0.1634 0
T 72248 84.0 0.8632 1 0.1956 0
T 72255 84.0 0.8632 1 0.1956 0
T 72262 84.0 0.8632 1 0.1956 0
T 72270 84.0 0.8624 1 0.1775 0
T 72278 84.0 0.8624 1 0.1775 0
T 72285 84.0 0.8624 1 0.1775 0
T 72292 84.0 0.8617 1 0.2083 0
T 72300 84.0 0.8617 1 0.2083 0
T 72308 84.0 0.8617 1 0.2083 0
T 72315 84.0 0.8609 1 0.2405 0
T 72322 84.0 0.8609 1 0.2405 0
T 72330 84.0 0.8609 1 0.2405 0
T 72338 84.0 0.8600 1 0.2727 0
T 72345 84.0 0.8600 1 0.2727 0
T 72352 84.0 0.8600 1 0.2727 0
T 72360 84.0 0.8593 1 0.3035 0
T 72368 84.0 0.8593 1 0.3035 0
T 72375 84.0 0.8593 1 0.3035 0
T 72382 84.0 0.8588 1 0.3343 0
T 72390 84.0 0.8588 1 0.3343 0
T 72398 84.0 0.8588 1 0.3343 0
T 72405 84.0 0.8590 1 0.3665 0
T 72412 84.0 0.8590 1 0.3665 0
T 72420 84.0 0.8590 1 0.3665 0
T 72428 84.0 0.8592 1 0.3987 0
T 72435 84.0 0.8592 1 0.3987 0
T 72442 84.0 0.8592 1 0.3987 0
T 72450 84.0 0.8593 1 0.4295 0
T 72458 84.0 0.8593 1 0.4295 0
T 72465 84.0 0.8593 1 0.4295 0
T 72472 84.0 0.8589 1 0.4603 0
T 72480 84.0 0.8589 1 0.4603 0
T 72488 84.0 0.8589 1 0.4603 0
T 72495 84.0 0.8602 1 0.4925 0
T 72502 84.0 0.8602 1 0.4925 0
T 72510 84.0 0.8602 1 0.4925 0
T 72518 84.0 0.8613 1 0.4247 0
T 72525 84.0 0.8613 1 0.4247 0
T 72532 84.0 0.8613 1 0.4247 0
T 72540 84.0 0.8622 1 0.4554 0
T 72548 84.0 0.8622 1 0.4554 0
T 72555 84.0 0.8622 1 0.4554 0
T 72562 84.0 0.8629 1 0.4862 0
T 72570 84.0 0.8629 1 0.4862 0
T 72578 84.0 0.8629 1 0.4862 0
T 72585 84.0 0.8631 1 0.5184 0
T 72592 84.0 0.8631 1 0.5184 0
T 72600 84.0 0.8631 1 0.5184 0
T 72608 84.0 0.8636 1 0.5505 0
T 72615 84.0 0.8636 1 0.5505 0
T 72622 84.0 0.8636 1 0.5505 0
T 72630 84.0 0.8639 1 0.5813 0
T 72638 84.0 0.8639 1 0.5813 0
T 72645 84.0 0.8639 1 0.5813 0
T 72652 84.0 0.8643 1 0.6121 0
T 72660 84.0 0.8643 1 0.6121 0
T 72668 84.0 0.8643 1 0.6121 0
T 72675 84.0 0.8646 1 0.6443 0
T 72682 84.0 0.8646 1 0.6443 0
T 72690 84.0 0.8646 1 0.6443 0
T 72698 84.0 0.8647 1 0.6765 0
T 72705 84.0 0.8647 1 0.6765 0
T 72712 84.0 0.8647 1 0.6765 0
T 72720 84.0 0.8653 1 0.7073 0
T 72728 84.0 0.8653 1 0.7073 0
T 72735 84.0 0.8653 1 0.7073 0
T 72742 84.0 0.8656 1 0.8112 0
T 72750 84.0 0.8656 1 0.8112 0
T 72758 84.0 0.8656 1 0.8112 0
T 72765 84.0 0.8659 1 0.8434 0
T 72772 84.0 0.8659 1 0.8434 0
T 72780 84.0 0.8659 1 0.8434 0
T 72788 84.0 0.8662 1 0.8756 0
T 72795 84.0 0.8662 1 0.8756 0
T 72802 84.0 0.8662 1 0.8756 0
T 72810 84.0 0.8661 1 0.9065 0
T 72818 84.0 0.8661 1 0.9065 0
T 72825 84.0 0.8661 1 0.9065 0
T 72832 84.0 0.8663 1 0.9373 0
T 72840 84.0 0.8663 1 0.9373 0
T 72848 84.0 0.8663 1 0.9373 0
T 72855 84.0 0.8663 1 0.9695 0
T 72862 84.0 0.8663 1 0.9695 0
T 72870 84.0 0.8663 1 0.9695 0
T 72878 84.0 0.8659 1 0.0017 1
T 72885 84.0 0.8659 1 0.0017 0
T 72892 84.0 0.8659 1 0.0017 0
T 72900 84.0 0.8655 1 0.0325 0
T 72908 84.0 0.8655 1 0.0325 0
T 72915 84.0 0.8655 1 0.0325 0
T 72922 84.0 0.8649 1 0.0633 0
T 72930 84.0 0.8649 1 0.0633 0
T 72938 84.0 0.8649 1 0.0633 0
T 72945 84.0 0.8642 1 0.0955 0
T 72952 84.0 0.8642 1 0.0955 0
T 72960 84.0 0.8642 1 0.0955 0
T 72968 84.0 0.8645 1 0.1038 0
T 72975 84.0 0.8645 1 0.1038 0
T 72982 84.0 0.8645 1 0.1038 0
T 72990 84.0 0.8647 1 0.1346 0
T 72998 84.0 0.8647 1 0.1346 0
T 73005 84.0 0.8647 1 0.1346 0
T 73012 84.0 0.8652 1 0.1654 0
T 73020 84.0 0.8652 1 0.1654 0
T 73028 84.0 0.8652 1 0.1654 0
T 73035 84.0 0.8654 1 0.1976 0
T 73042 84.0 0.8654 1 0.1976 0
T 73050 84.0 0.8654 1 0.1976 0
T 73058 84.0 0.8655 1 0.2298 0
T 73065 84.0 0.8655 1 0.2298 0
T 73072 84.0 0.8655 1 0.2298 0
T 73080 84.0 0.8650 1 0.2606 0
T 73088 84.0 0.8650 1 0.2606 0
T 73095 84.0 0.8650 1 0.2606 0
T 73102 84.0 0.8654 1 0.2914 0
T 73110 84.0 0.8654 1 0.2914 0
T 73118 84.0 0.8654 1 0.2914 0
T 73125 84.0 0.8656 1 0.3236 0
T 73132 84.0 0.8656 1 0.3236 0
T 73140 84.0 0.8656 1 0.3236 0
T 73148 84.0 0.8653 1 0.3558 0
T 73155 84.0 0.8653 1 0.3558 0
T 73162 84.0 0.8653 1 0.3558 0
T 73170 84.0 0.8652 1 0.3866 0
T 73178 84.0 0.8652 1 0.3866 0
T 73185 84.0 0.8652 1 0.3866 0
T 73192 84.0 0.8655 1 0.4174 0
T 73200 84.0 0.8655 1 0.4174 0
T 73208 84.0 0.8655 1 0.4174 0
T 73215 84.0 0.8661 1 0.3496 0
T 73222 84.0 0.8661 1 0.3496 0
T 73230 84.0 0.8661 1 0.3496 0
T 73238 84.0 0.8666 1 0.3818 0
T 73245 84.0 0.8666 1 0.3818 0
T 73252 84.0 0.8666 1 0.3818 0
T 73260 84.0 0.8671 1 0.4125 0
T 73268 84.0 0.8671 1 0.4125 0
T 73275 84.0 0.8671 1 0.4125 0
T 73282 84.0 0.8672 1 0.4433 0
T 73290 84.0 0.8672 1 0.4433 0
T 73298 84.0 0.8672 1 0.4433 0
T 73305 84.0 0.8676 1 0.4755 0
T 73312 84.0 0.8676 1 0.4755 0
T 73320 84.0 0.8676 1 0.4755 0
T 73328 84.0 0.8680 1 0.5077 0
T 73335 84.0 0.8680 1 0.5077 0
T 73342 84.0 0.8680 1 0.5077 0
T 73350 84.0 0.8684 1 0.5385 0
T 73358 84.0 0.8684 1 0.5385 0
T 73365 84.0 0.8684 1 0.5385 0
T 73372 84.0 0.8687 1 0.5693 0
T 73380 84.0 0.8687 1 0.5693 0
T 73388 84.0 0.8687 1 0.5693 0
T 73395 84.0 0.8690 1 0.6014 0
T 73402 84.0 0.8690 1 0.6014 0
T 73410 84.0 0.8690 1 0.6014 0
T 73418 84.0 0.8692 1 0.6336 0
T 73425 84.0 0.8692 1 0.6336 0
T 73432 84.0 0.8692 1 0.6336 0
T 73440 84.0 0.8699 1 0.6644 0
T 73448 84.0 0.8699 1 0.6644 0
T 73455 84.0 0.8699 1 0.6644 0
T 73462 84.0 0.8705 1 0.7791 0
T 73470 84.0 0.8705 1 0.7791 0
T 73478 84.0 0.8705 1 0.7791 0
T 73485 84.0 0.8710 1 0.8113 0
T 73492 84.0 0.8710 1 0.8113 0
T 73500 84.0 0.8710 1 0.8113 0
T 73508 84.0 0.8713 1 0.8435 0
T 73515 84.0 0.8713 1 0.8435 0
T 73522 84.0 0.8713 1 0.8435 0
T 73530 84.0 0.8714 1 0.8743 0
T 73538 84.0 0.8714 1 0.8743 0
T 73545 84.0 0.8714 1 0.8743 0
T 73552 84.0 0.8714 1 0.9051 0
T 73560 84.0 0.8714 1 0.9051 0
T 73568 84.0 0.8714 1 0.9051 0
T 73575 84.0 0.8713 1 0.9374 0
T 73582 84.0 0.8713 1 0.9374 0
T 73590 84.0 0.8713 1 0.9374 0
T 73598 84.0 0.8712 1 0.9696 0
T 73605 84.0 0.8712 1 0.9696 0
T 73612 84.0 0.8712 1 0.9696 0
T 73620 84.0 0.8709 1 0.0004 1
T 73628 84.0 0.8709 1 0.0004 0
T 73635 84.0 0.8709 1 0.0004 0
T 73642 84.0 0.8707 1 0.0312 0
T 73650 84.0 0.8707 1 0.0312 0
T 73658 84.0 0.8707 1 0.0312 0
T 73665 84.0 0.8707 1 0.0634 0
T 73672 84.0 0.8707 1 0.0634 0
T 73680 84.0 0.8707 1 0.0634 0
T 73688 84.0 0.8696 1 0.0956 0
T 73695 84.0 0.8696 1 0.0956 0
T 73702 84.0 0.8696 1 0.0956 0
T 73710 84.0 0.8691 1 0.1025 0
T 73718 84.0 0.8691 1 0.1025 0
T 73725 84.0 0.8691 1 0.1025 0
T 73732 84.0 0.8685 1 0.1333 0
T 73740 84.0 0.8685 1 0.1333 0
T 73748 84.0 0.8685 1 0.1333 0
T 73755 84.0 0.8679 1 0.1655 0
T 73762 84.0 0.8679 1 0.1655 0
T 73770 84.0 0.8679 1 0.1655 0
T 73778 84.0 0.8678 1 0.1977 0
T 73785 84.0 0.8678 1 0.1977 0
T 73792 84.0 0.8678 1 0.1977 0
T 73800 84.0 0.8672 1 0.2285 0
T 73808 84.0 0.8672 1 0.2285 0
T 73815 84.0 0.8672 1 0.2285 0
T 73822 84.0 0.8673 1 0.2593 0
T 73830 84.0 0.8673 1 0.2593 0
T 73838 84.0 0.8673 1 0.2593 0
T 73845 84.0 0.8675 1 0.2915 0
T 73852 84.0 0.8675 1 0.2915 0
T 73860 84.0 0.8675 1 0.2915 0
T 73868 84.0 0.8677 1 0.3237 0
T 73875 84.0 0.8677 1 0.3237 0
T 73882 84.0 0.8677 1 0.3237 0
T 73890 84.0 0.8675 1 0.3545 0
T 73898 84.0 0.8675 1 0.3545 0
T 73905 84.0 0.8675 1 0.3545 0
T 73912 84.0 0.8680 1 0.2967 0
T 73920 84.0 0.8680 1 0.2967 0
T 73928 84.0 0.8680 1 0.2967 0
T 73935 84.0 0.8683 1 0.3288 0
T 73942 84.0 0.8683 1 0.3288 0
T 73950 84.0 0.8683 1 0.3288 0
T 73958 84.0 0.8687 1 0.3610 0
T 73965 84.0 0.8687 1 0.3610 0
T 73972 84.0 0.8687 1 0.3610 0
T 73980 84.0 0.8691 1 0.3918 0
T 73988 84.0 0.8691 1 0.3918 0
T 73995 84.0 0.8691 1 0.3918 0
T 74002 84.0 0.8693 1 0.4226 0
T 74010 84.0 0.8693 1 0.4226 0
T 74018 84.0 0.8693 1 0.4226 0
T 74025 84.0 0.8695 1 0.4548 0
T 74032 84.0 0.8695 1 0.4548 0
T 74040 84.0 0.8695 1 0.4548 0
T 74048 84.0 0.8697 1 0.4870 0
T 74055 84.0 0.8697 1 0.4870 0
T 74062 84.0 0.8697 1 0.4870 0
T 74070 84.0 0.8698 1 0.5178 0
T 74078 84.0 0.8698 1 0.5178 0
T 74085 84.0 0.8698 1 0.5178 0
T 74092 84.0 0.8696 1 0.5485 0
T 74100 84.0 0.8696 1 0.5485 0
T 74108 84.0 0.8696 1 0.5485 0
T 74115 84.0 0.8694 1 0.5807 0
T 74122 84.0 0.8694 1 0.5807 0
T 74130 84.0 0.8694 1 0.5807 0
T 74138 84.0 0.8691 1 0.6129 0
T 74145 84.0 0.8691 1 0.6129 0
T 74152 84.0 0.8691 1 0.6129 0
T 74160 84.0 0.8690 1 0.6437 0
T 74168 84.0 0.8690 1 0.6437 0
T 74175 84.0 0.8690 1 0.6437 0
T 74182 84.0 0.8687 1 0.7636 0
T 74190 84.0 0.8687 1 0.7636 0
T 74198 84.0 0.8687 1 0.7636 0
T 74205 84.0 0.8681 1 0.7958 0
T 74212 84.0 0.8681 1 0.7958 0
T 74220 84.0 0.8681 1 0.7958 0
T 74228 84.0 0.8673 1 0.8280 0
T 74235 84.0 0.8673 1 0.8280 0
T 74242 84.0 0.8673 1 0.8280 0
T 74250 84.0 0.8663 1 0.8588 0
T 74258 84.0 0.8663 1 0.8588 0
T 74265 84.0 0.8663 1 0.8588 0
T 74272 84.0 0.8653 1 0.8896 0
T 74280 84.0 0.8653 1 0.8896 0
T 74288 84.0 0.8653 1 0.8896 0
T 74295 84.0 0.8647 1 0.9218 0
T 74302 84.0 0.8647 1 0.9218 0
T 74310 84.0 0.8647 1 0.9218 0
T 74318 84.0 0.8639 1 0.9540 0
T 74325 84.0 0.8639 1 0.9540 0
T 74332 84.0 0.8639 1 0.9540 0
T 74340 84.0 0.8632 1 0.9849 0
T 74348 84.0 0.8632 1 0.9849 0
T 74355 84.0 0.8632 1 0.9849 0
T 74362 84.0 0.8628 1 0.0157 1
T 74370 84.0 0.8628 1 0.0157 0
T 74378 84.0 0.8628 1 0.0157 0
T 74385 84.0 0.8631 1 0.0479 0
T 74392 84.0 0.8631 1 0.0479 0
T 74400 84.0 0.8631 1 0.0479 0
T 74408 84.0 0.8634 1 0.0681 0
T 74415 84.0 0.8634 1 0.0681 0
T 74422 84.0 0.8634 1 0.0681 0
T 74430 84.0 0.8636 1 0.0989 0
T 74438 84.0 0.8636 1 0.0989 0
T 74445 84.0 0.8636 1 0.0989 0
T 74452 84.0 0.8634 1 0.1297 0
T 74460 84.0 0.8634 1 0.1297 0
T 74468 84.0 0.8634 1 0.1297 0
T 74475 84.0 0.8632 1 0.1619 0
T 74482 84.0 0.8632 1 0.1619 0
T 74490 84.0 0.8632 1 0.1619 0
T 74498 84.0 0.8630 1 0.1941 0
T 74505 84.0 0.8630 1 0.1941 0
T 74512 84.0 0.8630 1 0.1941 0
T 74520 84.0 0.8629 1 0.2249 0
T 74528 84.0 0.8629 1 0.2249 0
T 74535 84.0 0.8629 1 0.2249 0
T 74542 84.0 0.8626 1 0.2557 0
T 74550 84.0 0.8626 1 0.2557 0
T 74558 84.0 0.8626 1 0.2557 0
T 74565 84.0 0.8625 1 0.2879 0
T 74572 84.0 0.8625 1 0.2879 0
T 74580 84.0 0.8625 1 0.2879 0
T 74588 84.0 0.8622 1 0.3201 0
T 74595 84.0 0.8622 1 0.3201 0
T 74602 84.0 0.8622 1 0.3201 0
T 74610 84.0 0.8625 1 0.3509 0
T 74618 84.0 0.8625 1 0.3509 0
T 74625 84.0 0.8625 1 0.3509 0
T 74632 84.0 0.8622 1 0.3817 0
T 74640 84.0 0.8622 1 0.3817 0
T 74648 84.0 0.8622 1 0.3817 0
T 74655 84.0 0.8616 1 0.3185 0
T 74662 84.0 0.8616 1 0.3185 0
T 74670 84.0 0.8616 1 0.3185 0
T 74678 84.0 0.8614 1 0.3507 0
T 74685 84.0 0.8614 1 0.3507 0
T 74692 84.0 0.8614 1 0.3507 0
T 74700 84.0 0.8611 1 0.3815 0
T 74708 84.0 0.8611 1 0.3815 0
T 74715 84.0 0.8611 1 0.3815 0
T 74722 84.0 0.8604 1 0.4122 0
T 74730 84.0 0.8604 1 0.4122 0
T 74738 84.0 0.8604 1 0.4122 0
T 74745 84.0 0.8595 1 0.4444 0
T 74752 84.0 0.8595 1 0.4444 0
T 74760 84.0 0.8595 1 0.4444 0
T 74768 84.0 0.8587 1 0.3766 0
T 74775 84.0 0.8587 1 0.3766 0
T 74782 84.0 0.8587 1 0.3766 0
T 74790 84.0 0.8579 1 0.4074 0
T 74798 84.0 0.8579 1 0.4074 0
T 74805 84.0 0.8579 1 0.4074 0
T 74812 84.0 0.8570 1 0.4381 0
T 74820 84.0 0.8570 1 0.4381 0
T 74828 84.0 0.8570 1 0.4381 0
T 74835 84.0 0.8562 1 0.4703 0
T 74842 84.0 0.8562 1 0.4703 0
T 74850 84.0 0.8562 1 0.4703 0
T 74858 84.0 0.8559 1 0.5025 0
T 74865 84.0 0.8559 1 0.5025 0
T 74872 84.0 0.8559 1 0.5025 0
T 74880 84.0 0.8570 1 0.5333 0
T 74888 84.0 0.8570 1 0.5333 0
T 74895 84.0 0.8570 1 0.5333 0
T 74902 84.0 0.8576 1 0.6640 0
T 74910 84.0 0.8576 1 0.6640 0
T 74918 84.0 0.8576 1 0.6640 0
T 74925 84.0 0.8583 1 0.6962 0
T 74932 84.0 0.8583 1 0.6962 0
T 74940 84.0 0.8583 1 0.6962 0
T 74948 84.0 0.8586 1 0.7284 0
T 74955 84.0 0.8586 1 0.7284 0
T 74962 84.0 0.8586 1 0.7284 0
T 74970 84.0 0.8585 1 0.7592 0
T 74978 84.0 0.8585 1 0.7592 0
T 74985 84.0 0.8585 1 0.7592 0
T 74992 84.0 0.8584 1 0.7901 0
T 75000 84.0 0.8584 1 0.7901 0
T 75008 84.0 0.8584 1 0.7901 0
T 75015 84.0 0.8585 1 0.8223 0
T 75022 84.0 0.8585 1 0.8223 0
T 75030 84.0 0.8585 1 0.8223 0
T 75038 84.0 0.8584 1 0.8545 0
T 75045 84.0 0.8584 1 0.8545 0
T 75052 84.0 0.8584 1 0.8545 0
T 75060 84.0 0.8581 1 0.8853 0
T 75068 84.0 0.8581 1 0.8853 0
T 75075 84.0 0.8581 1 0.8853 0
T 75082 84.0 0.8579 1 0.9161 0
T 75090 84.0 0.8579 1 0.9161 0
T 75098 84.0 0.8579 1 0.9161 0
T 75105 84.0 0.8576 1 0.9483 0
T 75112 84.0 0.8576 1 0.9483 0
T 75120 84.0 0.8576 1 0.9483 0
T 75128 84.0 0.8570 1 0.9934 0
T 75135 84.0 0.8570 1 0.9934 0
T 75142 84.0 0.8570 1 0.9934 0
T 75150 84.0 0.8569 1 0.0242 1
T 75158 84.0 0.8569 1 0.0242 0
T 75165 84.0 0.8569 1 0.0242 0
T 75172 84.0 0.8561 1 0.0550 0
T 75180 84.0 0.8561 1 0.0550 0
T 75188 84.0 0.8561 1 0.0550 0
T 75195 84.0 0.8552 1 0.0872 0
T 75202 84.0 0.8552 1 0.0872 0
T 75210 84.0 0.8552 1 0.0872 0
T 75218 84.0 0.8547 1 0.1194 0
T 75225 84.0 0.8547 1 0.1194 0
T 75232 84.0 0.8547 1 0.1194 0
T 75240 84.0 0.8542 1 0.1502 0
T 75248 84.0 0.8542 1 0.1502 0
T 75255 84.0 0.8542 1 0.1502 0
T 75262 84.0 0.8541 1 0.1810 0
T 75270 84.0 0.8541 1 0.1810 0
T 75278 84.0 0.8541 1 0.1810 0
T 75285 84.0 0.8541 1 0.2132 0
T 75292 84.0 0.8541 1 0.2132 0
T 75300 84.0 0.8541 1 0.2132 0
T 75308 84.0 0.8542 1 0.2454 0
T 75315 84.0 0.8542 1 0.2454 0
T 75322 84.0 0.8542 1 0.2454 0
T 75330 84.0 0.8543 1 0.2762 0
T 75338 84.0 0.8543 1 0.2762 0
T 75345 84.0 0.8543 1 0.2762 0
T 75352 84.0 0.8546 1 0.3070 0
T 75360 84.0 0.8546 1 0.3070 0
T 75368 84.0 0.8546 1 0.3070 0
T 75375 84.0 0.8550 1 0.3392 0
T 75382 84.0 0.8550 1 0.3392 0
T 75390 84.0 0.8550 1 0.3392 0
T 75398 84.0 0.8550 1 0.3714 0
T 75405 84.0 0.8550 1 0.3714 0
T 75412 84.0 0.8550 1 0.3714 0
T 75420 84.0 0.8551 1 0.4022 0
T 75428 84.0 0.8551 1 0.4022 0
T 75435 84.0 0.8551 1 0.4022 0
T 75442 84.0 0.8539 1 0.4330 0
T 75450 84.0 0.8539 1 0.4330 0
T 75458 84.0 0.8539 1 0.4330 0
T 75465 84.0 0.8533 1 0.4652 0
T 75472 84.0 0.8533 1 0.4652 0
T 75480 84.0 0.8533 1 0.4652 0
T 75488 84.0 0.8527 1 0.4974 0
T 75495 84.0 0.8527 1 0.4974 0
T 75502 84.0 0.8527 1 0.4974 0
T 75510 84.0 0.8526 1 0.5282 0
T 75518 84.0 0.8526 1 0.5282 0
T 75525 84.0 0.8526 1 0.5282 0
T 75532 84.0 0.8523 1 0.5591 0
T 75540 84.0 0.8523 1 0.5591 0
T 75548 84.0 0.8523 1 0.5591 0
T 75555 84.0 0.8522 1 0.6913 0
T 75562 84.0 0.8522 1 0.6913 0
T 75570 84.0 0.8522 1 0.6913 0
T 75578 84.0 0.8525 1 0.7235 0
T 75585 84.0 0.8525 1 0.7235 0
T 75592 84.0 0.8525 1 0.7235 0
T 75600 84.0 0.8524 1 0.8234 0
T 75608 84.0 0.8524 1 0.8234 0
T 75615 84.0 0.8524 1 0.8234 0
T 75622 84.0 0.8528 1 0.8543 0
T 75630 84.0 0.8528 1 0.8543 0
T 75638 84.0 0.8528 1 0.8543 0
T 75645 84.0 0.8532 1 0.8865 0
T 75652 84.0 0.8532 1 0.8865 0
T 75660 84.0 0.8532 1 0.8865 0
T 75668 84.0 0.8540 1 0.9187 0
T 75675 84.0 0.8540 1 0.9187 0
T 75682 84.0 0.8540 1 0.9187 0
T 75690 84.0 0.8550 1 0.9496 0
T 75698 84.0 0.8550 1 0.9496 0
T 75705 84.0 0.8550 1 0.9496 0
T 75712 84.0 0.8554 1 0.9804 0
T 75720 84.0 0.8554 1 0.9804 0
T 75728 84.0 0.8554 1 0.9804 0
T 75735 84.0 0.8560 1 0.0126 1
T 75742 84.0 0.8560 1 0.0126 0
T 75750 84.0 0.8560 1 0.0126 0
T 75758 84.0 0.8566 1 0.0448 0
T 75765 84.0 0.8566 1 0.0448 0
T 75772 84.0 0.8566 1 0.0448 0
T 75780 84.0 0.8571 1 0.0756 0
T 75788 84.0 0.8571 1 0.0756 0
T 75795 84.0 0.8571 1 0.0756 0
T 75802 84.0 0.8584 1 0.1065 0
T 75810 84.0 0.8584 1 0.1065 0
T 75818 84.0 0.8584 1 0.1065 0
T 75825 84.0 0.8605 1 0.1121 0
T 75832 84.0 0.8605 1 0.1121 0
T 75840 84.0 0.8605 1 0.1121 0
T 75848 84.0 0.8623 1 0.1443 0
T 75855 84.0 0.8623 1 0.1443 0
T 75862 84.0 0.8623 1 0.1443 0
T 75870 84.0 0.8638 1 0.1751 0
T 75878 84.0 0.8638 1 0.1751 0
T 75885 84.0 0.8638 1 0.1751 0
T 75892 84.0 0.8651 1 0.2059 0
T 75900 84.0 0.8651 1 0.2059 0
T 75908 84.0 0.8651 1 0.2059 0
T 75915 84.0 0.8658 1 0.2381 0
T 75922 84.0 0.8658 1 0.2381 0
T 75930 84.0 0.8658 1 0.2381 0
T 75938 84.0 0.8666 1 0.2703 0
T 75945 84.0 0.8666 1 0.2703 0
T 75952 84.0 0.8666 1 0.2703 0
T 75960 84.0 0.8674 1 0.3011 0
T 75968 84.0 0.8674 1 0.3011 0
T 75975 84.0 0.8674 1 0.3011 0
T 75982 84.0 0.8680 1 0.3319 0
T 75990 84.0 0.8680 1 0.3319 0
T 75998 84.0 0.8680 1 0.3319 0
T 76005 84.0 0.8686 1 0.3641 0
T 76012 84.0 0.8686 1 0.3641 0
T 76020 84.0 0.8686 1 0.3641 0
T 76028 84.0 0.8691 1 0.3963 0
T 76035 84.0 0.8691 1 0.3963 0
T 76042 84.0 0.8691 1 0.3963 0
T 76050 84.0 0.8683 1 0.4271 0
T 76058 84.0 0.8683 1 0.4271 0
T 76065 84.0 0.8683 1 0.4271 0
T 76072 84.0 0.8673 1 0.3579 0
T 76080 84.0 0.8673 1 0.3579 0
T 76088 84.0 0.8673 1 0.3579 0
T 76095 84.0 0.8664 1 0.3901 0
T 76102 84.0 0.8664 1 0.3901 0
T 76110 84.0 0.8664 1 0.3901 0
T 76118 84.0 0.8660 1 0.4223 0
T 76125 84.0 0.8660 1 0.4223 0
T 76132 84.0 0.8660 1 0.4223 0
T 76140 84.0 0.8650 1 0.4530 0
T 76148 84.0 0.8650 1 0.4530 0
T 76155 84.0 0.8650 1 0.4530 0
T 76162 84.0 0.8649 1 0.4838 0
T 76170 84.0 0.8649 1 0.4838 0
T 76178 84.0 0.8649 1 0.4838 0
T 76185 84.0 0.8646 1 0.5160 0
T 76192 84.0 0.8646 1 0.5160 0
T 76200 84.0 0.8646 1 0.5160 0
T 76208 84.0 0.8644 1 0.5482 0
T 76215 84.0 0.8644 1 0.5482 0
T 76222 84.0 0.8644 1 0.5482 0
T 76230 84.0 0.8644 1 0.5790 0
T 76238 84.0 0.8644 1 0.5790 0
T 76245 84.0 0.8644 1 0.5790 0
T 76252 84.0 0.8642 1 0.6098 0
T 76260 84.0 0.8642 1 0.6098 0
T 76268 84.0 0.8642 1 0.6098 0
T 76275 84.0 0.8639 1 0.6420 0
T 76282 84.0 0.8639 1 0.6420 0
T 76290 84.0 0.8639 1 0.6420 0
T 76298 84.0 0.8650 1 0.6742 0
T 76305 84.0 0.8650 1 0.6742 0
T 76312 84.0 0.8650 1 0.6742 0
T 76320 84.0 0.8658 1 0.7864 0
T 76328 84.0 0.8658 1 0.7864 0
T 76335 84.0 0.8658 1 0.7864 0
T 76342 84.0 0.8666 1 0.8172 0
T 76350 84.0 0.8666 1 0.8172 0
T 76358 84.0 0.8666 1 0.8172 0
T 76365 84.0 0.8667 1 0.8494 0
T 76372 84.0 0.8667 1 0.8494 0
T 76380 84.0 0.8667 1 0.8494 0
T 76388 84.0 0.8660 1 0.8816 0
T 76395 84.0 0.8660 1 0.8816 0
T 76402 84.0 0.8660 1 0.8816 0
T 76410 84.0 0.8660 1 0.9124 0
T 76418 84.0 0.8660 1 0.9124 0
T 76425 84.0 0.8660 1 0.9124 0
T 76432 84.0 0.8663 1 0.9433 0
T 76440 84.0 0.8663 1 0.9433 0
T 76448 84.0 0.8663 1 0.9433 0
T 76455 84.0 0.8667 1 0.9755 0
T 76462 84.0 0.8667 1 0.9755 0
T 76470 84.0 0.8667 1 0.9755 0
T 76478 84.0 0.8667 1 0.0077 1
T 76485 84.0 0.8667 1 0.0077 0
T 76492 84.0 0.8667 1 0.0077 0
T 76500 84.0 0.8666 1 0.0385 0
T 76508 84.0 0.8666 1 0.0385 0
T 76515 84.0 0.8666 1 0.0385 0
T 76522 84.0 0.8667 1 0.0693 0
T 76530 84.0 0.8667 1 0.0693 0
T 76538 84.0 0.8667 1 0.0693 0
T 76545 84.0 0.8665 1 0.1015 0
T 76552 84.0 0.8665 1 0.1015 0
T 76560 84.0 0.8665 1 0.1015 0
T 76568 84.0 0.8667 1 0.1083 0
T 76575 84.0 0.8667 1 0.1083 0
T 76582 84.0 0.8667 1 0.1083 0
T 76590 84.0 0.8670 1 0.1391 0
T 76598 84.0 0.8670 1 0.1391 0
T 76605 84.0 0.8670 1 0.1391 0
T 76612 84.0 0.8669 1 0.1699 0
T 76620 84.0 0.8669 1 0.1699 0
T 76628 84.0 0.8669 1 0.1699 0
T 76635 84.0 0.8668 1 0.2021 0
T 76642 84.0 0.8668 1 0.2021 0
T 76650 84.0 0.8668 1 0.2021 0
T 76658 84.0 0.8663 1 0.2343 0
T 76665 84.0 0.8663 1 0.2343 0
T 76672 84.0 0.8663 1 0.2343 0
T 76680 84.0 0.8663 1 0.2651 0
T 76688 84.0 0.8663 1 0.2651 0
T 76695 84.0 0.8663 1 0.2651 0
T 76702 84.0 0.8668 1 0.2959 0
T 76710 84.0 0.8668 1 0.2959 0
T 76718 84.0 0.8668 1 0.2959 0
T 76725 84.0 0.8672 1 0.3281 0
T 76732 84.0 0.8672 1 0.3281 0
T 76740 84.0 0.8672 1 0.3281 0
T 76748 84.0 0.8677 1 0.3603 0
T 76755 84.0 0.8677 1 0.3603 0
T 76762 84.0 0.8677 1 0.3603 0
T 76770 84.0 0.8684 1 0.3911 0
T 76778 84.0 0.8684 1 0.3911 0
T 76785 84.0 0.8684 1 0.3911 0
T 76792 84.0 0.8690 1 0.3241 0
T 76800 84.0 0.8690 1 0.3241 0
T 76808 84.0 0.8690 1 0.3241 0
T 76815 84.0 0.8695 1 0.3563 0
T 76822 84.0 0.8695 1 0.3563 0
T 76830 84.0 0.8695 1 0.3563 0
T 76838 84.0 0.8700 1 0.3885 0
T 76845 84.0 0.8700 1 0.3885 0
T 76852 84.0 0.8700 1 0.3885 0
T 76860 84.0 0.8703 1 0.4193 0
T 76868 84.0 0.8703 1 0.4193 0
T 76875 84.0 0.8703 1 0.4193 0
T 76882 84.0 0.8708 1 0.4500 0
T 76890 84.0 0.8708 1 0.4500 0
T 76898 84.0 0.8708 1 0.4500 0
T 76905 84.0 0.8711 1 0.4822 0
T 76912 84.0 0.8711 1 0.4822 0
T 76920 84.0 0.8711 1 0.4822 0
T 76928 84.0 0.8714 1 0.5144 0
T 76935 84.0 0.8714 1 0.5144 0
T 76942 84.0 0.8714 1 0.5144 0
T 76950 84.0 0.8717 1 0.5452 0
T 76958 84.0 0.8717 1 0.5452 0
T 76965 84.0 0.8717 1 0.5452 0
T 76972 84.0 0.8719 1 0.5760 0
T 76980 84.0 0.8719 1 0.5760 0
T 76988 84.0 0.8719 1 0.5760 0
T 76995 84.0 0.8721 1 0.6082 0
T 77002 84.0 0.8721 1 0.6082 0
T 77010 84.0 0.8721 1 0.6082 0
T 77018 84.0 0.8723 1 0.6404 0
T 77025 84.0 0.8723 1 0.6404 0
T 77032 84.0 0.8723 1 0.6404 0
T 77040 84.0 0.8725 1 0.7611 0
T 77048 84.0 0.8725 1 0.7611 0
T 77055 84.0 0.8725 1 0.7611 0
T 77062 84.0 0.8727 1 0.7919 0
T 77070 84.0 0.8727 1 0.7919 0
T 77078 84.0 0.8727 1 0.7919 0
T 77085 84.0 0.8731 1 0.8241 0
T 77092 84.0 0.8731 1 0.8241 0
T 77100 84.0 0.8731 1 0.8241 0
T 77108 84.0 0.8734 1 0.8563 0
T 77115 84.0 0.8734 1 0.8563 0
T 77122 84.0 0.8734 1 0.8563 0
T 77130 84.0 0.8737 1 0.8871 0
T 77138 84.0 0.8737 1 0.8871 0
T 77145 84.0 0.8737 1 0.8871 0
T 77152 84.0 0.8740 1 0.9179 0
T 77160 84.0 0.8740 1 0.9179 0
T 77168 84.0 0.8740 1 0.9179 0
T 77175 84.0 0.8743 1 0.9501 0
T 77182 84.0 0.8743 1 0.9501 0
T 77190 84.0 0.8743 1 0.9501 0
T 77198 84.0 0.8745 1 0.9823 0
T 77205 84.0 0.8745 1 0.9823 0
T 77212 84.0 0.8745 1 0.9823 0
T 77220 84.0 0.8747 1 0.0132 1
T 77228 84.0 0.8747 1 0.0132 0
T 77235 84.0 0.8747 1 0.0132 0
T 77242 84.0 0.8750 1 0.0440 0
T 77250 84.0 0.8750 1 0.0440 0
T 77258 84.0 0.8750 1 0.0440 0
T 77265 84.0 0.8755 1 0.0652 0
T 77272 84.0 0.8755 1 0.0652 0
T 77280 84.0 0.8755 1 0.0652 0
T 77288 84.0 0.8760 1 0.0974 0
T 77295 84.0 0.8760 1 0.0974 0
T 77302 84.0 0.8760 1 0.0974 0
T 77310 84.0 0.8763 1 0.1282 0
T 77318 84.0 0.8763 1 0.1282 0
T 77325 84.0 0.8763 1 0.1282 0
T 77332 84.0 0.8764 1 0.1590 0
T 77340 84.0 0.8764 1 0.1590 0
T 77348 84.0 0.8764 1 0.1590 0
T 77355 84.0 0.8766 1 0.1912 0
T 77362 84.0 0.8766 1 0.1912 0
T 77370 84.0 0.8766 1 0.1912 0
T 77378 84.0 0.8767 1 0.2234 0
T 77385 84.0 0.8767 1 0.2234 0
T 77392 84.0 0.8767 1 0.2234 0
T 77400 84.0 0.8767 1 0.2542 0
T 77408 84.0 0.8767 1 0.2542 0
T 77415 84.0 0.8767 1 0.2542 0
T 77422 84.0 0.8767 1 0.2850 0
T 77430 84.0 0.8767 1 0.2850 0
T 77438 84.0 0.8767 1 0.2850 0
T 77445 84.0 0.8767 1 0.3172 0
T 77452 84.0 0.8767 1 0.3172 0
T 77460 84.0 0.8767 1 0.3172 0
T 77468 84.0 0.8767 1 0.3494 0
T 77475 84.0 0.8767 1 0.3494 0
T 77482 84.0 0.8767 1 0.3494 0
T 77490 84.0 0.8766 1 0.3802 0
T 77498 84.0 0.8766 1 0.3802 0
T 77505 84.0 0.8766 1 0.3802 0
T 77512 84.0 0.8765 1 0.3159 0
T 77520 84.0 0.8765 1 0.3159 0
T 77528 84.0 0.8765 1 0.3159 0
T 77535 84.0 0.8765 1 0.3481 0
T 77542 84.0 0.8765 1 0.3481 0
T 77550 84.0 0.8765 1 0.3481 0
T 77558 84.0 0.8766 1 0.3803 0
T 77565 84.0 0.8766 1 0.3803 0
T 77572 84.0 0.8766 1 0.3803 0
T 77580 84.0 0.8765 1 0.4111 0
T 77588 84.0 0.8765 1 0.4111 0
T 77595 84.0 0.8765 1 0.4111 0
T 77602 84.0 0.8765 1 0.4419 0
T 77610 84.0 0.8765 1 0.4419 0
T 77618 84.0 0.8765 1 0.4419 0
T 77625 84.0 0.8765 1 0.4741 0
T 77632 84.0 0.8765 1 0.4741 0
T 77640 84.0 0.8765 1 0.4741 0
T 77648 84.0 0.8765 1 0.5062 0
T 77655 84.0 0.8765 1 0.5062 0
T 77662 84.0 0.8765 1 0.5062 0
T 77670 84.0 0.8766 1 0.5370 0
T 77678 84.0 0.8766 1 0.5370 0
T 77685 84.0 0.8766 1 0.5370 0
T 77692 84.0 0.8766 1 0.5678 0
T 77700 84.0 0.8766 1 0.5678 0
T 77708 84.0 0.8766 1 0.5678 0
T 77715 84.0 0.8766 1 0.6000 0
T 77722 84.0 0.8766 1 0.6000 0
T 77730 84.0 0.8766 1 0.6000 0
T 77738 84.0 0.8768 1 0.6322 0
T 77745 84.0 0.8768 1 0.6322 0
T 77752 84.0 0.8768 1 0.6322 0
T 77760 84.0 0.8769 1 0.7549 0
T 77768 84.0 0.8769 1 0.7549 0
T 77775 84.0 0.8769 1 0.7549 0
T 77782 84.0 0.8770 1 0.7858 0
T 77790 84.0 0.8770 1 0.7858 0
T 77798 84.0 0.8770 1 0.7858 0
T 77805 84.0 0.8770 1 0.8180 0
T 77812 84.0 0.8770 1 0.8180 0
T 77820 84.0 0.8770 1 0.8180 0
T 77828 84.0 0.8769 1 0.8502 0
T 77835 84.0 0.8769 1 0.8502 0
T 77842 84.0 0.8769 1 0.8502 0
T 77850 84.0 0.8768 1 0.8810 0
T 77858 84.0 0.8768 1 0.8810 0
T 77865 84.0 0.8768 1 0.8810 0
T 77872 84.0 0.8767 1 0.9118 0
T 77880 84.0 0.8767 1 0.9118 0
T 77888 84.0 0.8767 1 0.9118 0
T 77895 84.0 0.8766 1 0.9440 0
T 77902 84.0 0.8766 1 0.9440 0
T 77910 84.0 0.8766 1 0.9440 0
T 77918 84.0 0.8765 1 0.9762 0
T 77925 84.0 0.8765 1 0.9762 0
T 77932 84.0 0.8765 1 0.9762 0
T 77940 84.0 0.8763 1 0.0070 1
T 77948 84.0 0.8763 1 0.0070 0
T 77955 84.0 0.8763 1 0.0070 0
T 77962 84.0 0.8762 1 0.0361 0
T 77970 84.0 0.8762 1 0.0361 0
T 77978 84.0 0.8762 1 0.0361 0
T 77985 84.0 0.8761 1 0.0683 0
T 77992 84.0 0.8761 1 0.0683 0
T 78000 84.0 0.8761 1 0.0683 0
T 78008 84.0 0.8760 1 0.1005 0
T 78015 84.0 0.8760 1 0.1005 0
T 78022 84.0 0.8760 1 0.1005 0
T 78030 84.0 0.8759 1 0.1313 0
T 78038 84.0 0.8759 1 0.1313 0
T 78045 84.0 0.8759 1 0.1313 0
T 78052 84.0 0.8759 1 0.1621 0
T 78060 84.0 0.8759 1 0.1621 0
T 78068 84.0 0.8759 1 0.1621 0
T 78075 84.0 0.8758 1 0.1943 0
T 78082 84.0 0.8758 1 0.1943 0
T 78090 84.0 0.8758 1 0.1943 0
T 78098 84.0 0.8759 1 0.2265 0
T 78105 84.0 0.8759 1 0.2265 0
T 78112 84.0 0.8759 1 0.2265 0
T 78120 84.0 0.8759 1 0.2573 0
T 78128 84.0 0.8759 1 0.2573 0
T 78135 84.0 0.8759 1 0.2573 0
T 78142 84.0 0.8759 1 0.2881 0
T 78150 84.0 0.8759 1 0.2881 0
T 78158 84.0 0.8759 1 0.2881 0
T 78165 84.0 0.8758 1 0.3203 0
T 78172 84.0 0.8758 1 0.3203 0
T 78180 84.0 0.8758 1 0.3203 0
T 78188 84.0 0.8758 1 0.3525 0
T 78195 84.0 0.8758 1 0.3525 0
T 78202 84.0 0.8758 1 0.3525 0
T 78210 84.0 0.8759 1 0.3833 0
T 78218 84.0 0.8759 1 0.3833 0
T 78225 84.0 0.8759 1 0.3833 0
T 78232 84.0 0.8759 1 0.3183 0
T 78240 84.0 0.8759 1 0.3183 0
T 78248 84.0 0.8759 1 0.3183 0
T 78255 84.0 0.8759 1 0.3505 0
T 78262 84.0 0.8759 1 0.3505 0
T 78270 84.0 0.8759 1 0.3505 0
T 78278 84.0 0.8757 1 0.3826 0
T 78285 84.0 0.8757 1 0.3826 0
T 78292 84.0 0.8757 1 0.3826 0
T 78300 84.0 0.8750 1 0.4134 0
T 78308 84.0 0.8750 1 0.4134 0
T 78315 84.0 0.8750 1 0.4134 0
T 78322 84.0 0.8745 1 0.4442 0
T 78330 84.0 0.8745 1 0.4442 0
T 78338 84.0 0.8745 1 0.4442 0
T 78345 84.0 0.8741 1 0.4764 0
T 78352 84.0 0.8741 1 0.4764 0
T 78360 84.0 0.8741 1 0.4764 0
T 78368 84.0 0.8737 1 0.5086 0
T 78375 84.0 0.8737 1 0.5086 0
T 78382 84.0 0.8737 1 0.5086 0
T 78390 84.0 0.8733 1 0.5394 0
T 78398 84.0 0.8733 1 0.5394 0
T 78405 84.0 0.8733 1 0.5394 0
T 78412 84.0 0.8731 1 0.5702 0
T 78420 84.0 0.8731 1 0.5702 0
T 78428 84.0 0.8731 1 0.5702 0
T 78435 84.0 0.8729 1 0.6024 0
T 78442 84.0 0.8729 1 0.6024 0
T 78450 84.0 0.8729 1 0.6024 0
T 78458 84.0 0.8729 1 0.7340 0
T 78465 84.0 0.8729 1 0.7340 0
T 78472 84.0 0.8729 1 0.7340 0
T 78480 84.0 0.8729 1 0.7648 0
T 78488 84.0 0.8729 1 0.7648 0
T 78495 84.0 0.8729 1 0.7648 0
T 78502 84.0 0.8729 1 0.7956 0
T 78510 84.0 0.8729 1 0.7956 0
T 78518 84.0 0.8729 1 0.7956 0
T 78525 84.0 0.8730 1 0.8278 0
T 78532 84.0 0.8730 1 0.8278 0
T 78540 84.0 0.8730 1 0.8278 0
T 78548 84.0 0.8733 1 0.8600 0
T 78555 84.0 0.8733 1 0.8600 0
T 78562 84.0 0.8733 1 0.8600 0
T 78570 84.0 0.8736 1 0.8908 0
T 78578 84.0 0.8736 1 0.8908 0
T 78585 84.0 0.8736 1 0.8908 0
T 78592 84.0 0.8739 1 0.9216 0
T 78600 84.0 0.8739 1 0.9216 0
T 78608 84.0 0.8739 1 0.9216 0
T 78615 84.0 0.8743 1 0.9538 0
T 78622 84.0 0.8743 1 0.9538 0
T 78630 84.0 0.8743 1 0.9538 0
T 78638 84.0 0.8744 1 0.9861 0
T 78645 84.0 0.8744 1 0.9861 0
T 78652 84.0 0.8744 1 0.9861 0
T 78660 84.0 0.8743 1 0.0169 1
T 78668 84.0 0.8743 1 0.0169 0
T 78675 84.0 0.8743 1 0.0169 0
T 78682 84.0 0.8744 1 0.0477 0
T 78690 84.0 0.8744 1 0.0477 0
T 78698 84.0 0.8744 1 0.0477 0
T 78705 84.0 0.8745 1 0.0680 0
T 78712 84.0 0.8745 1 0.0680 0
T 78720 84.0 0.8745 1 0.0680 0
T 78728 84.0 0.8745 1 0.1002 0
T 78735 84.0 0.8745 1 0.1002 0
T 78742 84.0 0.8745 1 0.1002 0
T 78750 84.0 0.8743 1 0.1310 0
T 78758 84.0 0.8743 1 0.1310 0
T 78765 84.0 0.8743 1 0.1310 0
T 78772 84.0 0.8740 1 0.1618 0
T 78780 84.0 0.8740 1 0.1618 0
T 78788 84.0 0.8740 1 0.1618 0
T 78795 84.0 0.8737 1 0.1940 0
T 78802 84.0 0.8737 1 0.1940 0
T 78810 84.0 0.8737 1 0.1940 0
T 78818 84.0 0.8737 1 0.2262 0
T 78825 84.0 0.8737 1 0.2262 0
T 78832 84.0 0.8737 1 0.2262 0
T 78840 84.0 0.8735 1 0.2570 0
T 78848 84.0 0.8735 1 0.2570 0
T 78855 84.0 0.8735 1 0.2570 0
T 78862 84.0 0.8732 1 0.2878 0
T 78870 84.0 0.8732 1 0.2878 0
T 78878 84.0 0.8732 1 0.2878 0
T 78885 84.0 0.8731 1 0.3200 0
T 78892 84.0 0.8731 1 0.3200 0
T 78900 84.0 0.8731 1 0.3200 0
T 78908 84.0 0.8731 1 0.3522 0
T 78915 84.0 0.8731 1 0.3522 0
T 78922 84.0 0.8731 1 0.3522 0
T 78930 84.0 0.8731 1 0.3830 0
T 78938 84.0 0.8731 1 0.3830 0
T 78945 84.0 0.8731 1 0.3830 0
T 78952 84.0 0.8731 1 0.3180 0
T 78960 84.0 0.8731 1 0.3180 0
T 78968 84.0 0.8731 1 0.3180 0
T 78975 84.0 0.8733 1 0.3502 0
T 78982 84.0 0.8733 1 0.3502 0
T 78990 84.0 0.8733 1 0.3502 0
T 78998 84.0 0.8734 1 0.3824 0
T 79005 84.0 0.8734 1 0.3824 0
T 79012 84.0 0.8734 1 0.3824 0
T 79020 84.0 0.8737 1 0.4132 0
T 79028 84.0 0.8737 1 0.4132 0
T 79035 84.0 0.8737 1 0.4132 0
T 79042 84.0 0.8740 1 0.4440 0
T 79050 84.0 0.8740 1 0.4440 0
T 79058 84.0 0.8740 1 0.4440 0
T 79065 84.0 0.8743 1 0.4761 0
T 79072 84.0 0.8743 1 0.4761 0
T 79080 84.0 0.8743 1 0.4761 0
T 79088 84.0 0.8745 1 0.5083 0
T 79095 84.0 0.8745 1 0.5083 0
T 79102 84.0 0.8745 1 0.5083 0
T 79110 84.0 0.8748 1 0.5391 0
T 79118 84.0 0.8748 1 0.5391 0
T 79125 84.0 0.8748 1 0.5391 0
T 79132 84.0 0.8749 1 0.5699 0
T 79140 84.0 0.8749 1 0.5699 0
T 79148 84.0 0.8749 1 0.5699 0
T 79155 84.0 0.8755 1 0.6021 0
T 79162 84.0 0.8755 1 0.6021 0
T 79170 84.0 0.8755 1 0.6021 0
T 79178 84.0 0.8759 1 0.7338 0
T 79185 84.0 0.8759 1 0.7338 0
T 79192 84.0 0.8759 1 0.7338 0
T 79200 84.0 0.8762 1 0.7646 0
T 79208 84.0 0.8762 1 0.7646 0
T 79215 84.0 0.8762 1 0.7646 0
T 79222 84.0 0.8764 1 0.7954 0
T 79230 84.0 0.8764 1 0.7954 0
T 79238 84.0 0.8764 1 0.7954 0
T 79245 84.0 0.8765 1 0.8276 0
T 79252 84.0 0.8765 1 0.8276 0
T 79260 84.0 0.8765 1 0.8276 0
T 79268 84.0 0.8767 1 0.8598 0
T 79275 84.0 0.8767 1 0.8598 0
T 79282 84.0 0.8767 1 0.8598 0
T 79290 84.0 0.8769 1 0.8906 0
T 79298 84.0 0.8769 1 0.8906 0
T 79305 84.0 0.8769 1 0.8906 0
T 79312 84.0 0.8769 1 0.9488 0
T 79320 84.0 0.8769 1 0.9488 0
T 79328 84.0 0.8769 1 0.9488 0
T 79335 84.0 0.8770 1 0.9810 0
T 79342 84.0 0.8770 1 0.9810 0
T 79350 84.0 0.8770 1 0.9810 0
T 79358 84.0 0.8771 1 0.0132 1
T 79365 84.0 0.8771 1 0.0132 0
T 79372 84.0 0.8771 1 0.0132 0
T 79380 84.0 0.8771 1 0.0440 0
T 79388 84.0 0.8771 1 0.0440 0
T 79395 84.0 0.8771 1 0.0440 0
T 79402 84.0 0.8769 1 0.0748 0
T 79410 84.0 0.8769 1 0.0748 0
T 79418 84.0 0.8769 1 0.0748 0
T 79425 84.0 0.8769 1 0.0883 0
T 79432 84.0 0.8769 1 0.0883 0
T 79440 84.0 0.8769 1 0.0883 0
T 79448 84.0 0.8768 1 0.1205 0
T 79455 84.0 0.8768 1 0.1205 0
T 79462 84.0 0.8768 1 0.1205 0
T 79470 84.0 0.8766 1 0.1513 0
T 79478 84.0 0.8766 1 0.1513 0
T 79485 84.0 0.8766 1 0.1513 0
T 79492 84.0 0.8764 1 0.1821 0
T 79500 84.0 0.8764 1 0.1821 0
T 79508 84.0 0.8764 1 0.1821 0
T 79515 84.0 0.8762 1 0.2143 0
T 79522 84.0 0.8762 1 0.2143 0
T 79530 84.0 0.8762 1 0.2143 0
T 79538 84.0 0.8763 1 0.2465 0
T 79545 84.0 0.8763 1 0.2465 0
T 79552 84.0 0.8763 1 0.2465 0
T 79560 84.0 0.8766 1 0.2773 0
T 79568 84.0 0.8766 1 0.2773 0
T 79575 84.0 0.8766 1 0.2773 0
T 79582 84.0 0.8770 1 0.3082 0
T 79590 84.0 0.8770 1 0.3082 0
T 79598 84.0 0.8770 1 0.3082 0
T 79605 84.0 0.8773 1 0.3404 0
T 79612 84.0 0.8773 1 0.3404 0
T 79620 84.0 0.8773 1 0.3404 0
T 79628 84.0 0.8780 1 0.3726 0
T 79635 84.0 0.8780 1 0.3726 0
T 79642 84.0 0.8780 1 0.3726 0
T 79650 84.0 0.8787 1 0.3102 0
T 79658 84.0 0.8787 1 0.3102 0
T 79665 84.0 0.8787 1 0.3102 0
T 79672 84.0 0.8794 1 0.3410 0
T 79680 84.0 0.8794 1 0.3410 0
T 79688 84.0 0.8794 1 0.3410 0
T 79695 84.0 0.8800 1 0.3732 0
T 79702 84.0 0.8800 1 0.3732 0
T 79710 84.0 0.8800 1 0.3732 0
T 79718 84.0 0.8804 1 0.4054 0
T 79725 84.0 0.8804 1 0.4054 0
T 79732 84.0 0.8804 1 0.4054 0
T 79740 84.0 0.8808 1 0.4362 0
T 79748 84.0 0.8808 1 0.4362 0
T 79755 84.0 0.8808 1 0.4362 0
T 79762 84.0 0.8811 1 0.4669 0
T 79770 84.0 0.8811 1 0.4669 0
T 79778 84.0 0.8811 1 0.4669 0
T 79785 84.0 0.8814 1 0.4991 0
T 79792 84.0 0.8814 1 0.4991 0
T 79800 84.0 0.8814 1 0.4991 0
T 79808 84.0 0.8817 1 0.5313 0
T 79815 84.0 0.8817 1 0.5313 0
T 79822 84.0 0.8817 1 0.5313 0
T 79830 84.0 0.8818 1 0.5621 0
T 79838 84.0 0.8818 1 0.5621 0
T 79845 84.0 0.8818 1 0.5621 0
T 79852 84.0 0.8818 1 0.5929 0
T 79860 84.0 0.8818 1 0.5929 0
T 79868 84.0 0.8818 1 0.5929 0
T 79875 84.0 0.8817 1 0.6251 0
T 79882 84.0 0.8817 1 0.6251 0
T 79890 84.0 0.8817 1 0.6251 0
T 79898 84.0 0.8817 1 0.7510 0
T 79905 84.0 0.8817 1 0.7510 0
T 79912 84.0 0.8817 1 0.7510 0
T 79920 84.0 0.8818 1 0.7818 0
T 79928 84.0 0.8818 1 0.7818 0
T 79935 84.0 0.8818 1 0.7818 0
T 79942 84.0 0.8817 1 0.8126 0
T 79950 84.0 0.8817 1 0.8126 0
T 79958 84.0 0.8817 1 0.8126 0
T 79965 84.0 0.8816 1 0.8449 0
T 79972 84.0 0.8816 1 0.8449 0
T 79980 84.0 0.8816 1 0.8449 0
T 79988 84.0 0.8814 1 0.8771 0
T 79995 84.0 0.8814 1 0.8771 0
T 80002 84.0 0.8814 1 0.8771 0
T 80010 84.0 0.8814 1 0.9079 0
T 80018 84.0 0.8814 1 0.9079 0
T 80025 84.0 0.8814 1 0.9079 0
T 80032 84.0 0.8815 1 0.9387 0
T 80040 84.0 0.8815 1 0.9387 0
T 80048 84.0 0.8815 1 0.9387 0
T 80055 84.0 0.8816 1 0.9709 0
T 80062 84.0 0.8816 1 0.9709 0
T 80070 84.0 0.8816 1 0.9709 0
T 80078 84.0 0.8815 1 0.0031 1
T 80085 84.0 0.8815 1 0.0031 0
T 80092 84.0 0.8815 1 0.0031 0
T 80100 84.0 0.8817 1 0.0339 0
T 80108 84.0 0.8817 1 0.0339 0
T 80115 84.0 0.8817 1 0.0339 0
T 80122 84.0 0.8818 1 0.0562 0
T 80130 84.0 0.8818 1 0.0562 0
T 80138 84.0 0.8818 1 0.0562 0
T 80145 84.0 0.8820 1 0.0884 0
T 80152 84.0 0.8820 1 0.0884 0
T 80160 84.0 0.8820 1 0.0884 0
T 80168 84.0 0.8820 1 0.1206 0
T 80175 84.0 0.8820 1 0.1206 0
T 80182 84.0 0.8820 1 0.1206 0
T 80190 84.0 0.8821 1 0.1514 0
T 80198 84.0 0.8821 1 0.1514 0
T 80205 84.0 0.8821 1 0.1514 0
T 80212 84.0 0.8824 1 0.1822 0
T 80220 84.0 0.8824 1 0.1822 0
T 80228 84.0 0.8824 1 0.1822 0
T 80235 84.0 0.8826 1 0.2144 0
T 80242 84.0 0.8826 1 0.2144 0
T 80250 84.0 0.8826 1 0.2144 0
T 80258 84.0 0.8828 1 0.2466 0
T 80265 84.0 0.8828 1 0.2466 0
T 80272 84.0 0.8828 1 0.2466 0
T 80280 84.0 0.8830 1 0.2775 0
T 80288 84.0 0.8830 1 0.2775 0
T 80295 84.0 0.8830 1 0.2775 0
T 80302 84.0 0.8829 1 0.3083 0
T 80310 84.0 0.8829 1 0.3083 0
T 80318 84.0 0.8829 1 0.3083 0
T 80325 84.0 0.8828 1 0.2634 0
T 80332 84.0 0.8828 1 0.2634 0
T 80340 84.0 0.8828 1 0.2634 0
T 80348 84.0 0.8828 1 0.2956 0
T 80355 84.0 0.8828 1 0.2956 0
T 80362 84.0 0.8828 1 0.2956 0
T 80370 84.0 0.8828 1 0.2525 0
T 80378 84.0 0.8828 1 0.2525 0
T 80385 84.0 0.8828 1 0.2525 0
T 80392 84.0 0.8828 1 0.2832 0
T 80400 84.0 0.8828 1 0.2832 0
T 80408 84.0 0.8828 1 0.2832 0
T 80415 84.0 0.8827 1 0.3154 0
T 80422 84.0 0.8827 1 0.3154 0
T 80430 84.0 0.8827 1 0.3154 0
T 80438 84.0 0.8825 1 0.3476 0
T 80445 84.0 0.8825 1 0.3476 0
T 80452 84.0 0.8825 1 0.3476 0
T 80460 84.0 0.8821 1 0.3784 0
T 80468 84.0 0.8821 1 0.3784 0
T 80475 84.0 0.8821 1 0.3784 0
T 80482 84.0 0.8819 1 0.4091 0
T 80490 84.0 0.8819 1 0.4091 0
T 80498 84.0 0.8819 1 0.4091 0
T 80505 84.0 0.8817 1 0.4413 0
T 80512 84.0 0.8817 1 0.4413 0
T 80520 84.0 0.8817 1 0.4413 0
T 80528 84.0 0.8815 1 0.4735 0
T 80535 84.0 0.8815 1 0.4735 0
T 80542 84.0 0.8815 1 0.4735 0
T 80550 84.0 0.8813 1 0.5043 0
T 80558 84.0 0.8813 1 0.5043 0
T 80565 84.0 0.8813 1 0.5043 0
T 80572 84.0 0.8811 1 0.5351 0
T 80580 84.0 0.8811 1 0.5351 0
T 80588 84.0 0.8811 1 0.5351 0
T 80595 84.0 0.8812 1 0.5673 0
T 80602 84.0 0.8812 1 0.5673 0
T 80610 84.0 0.8812 1 0.5673 0
T 80618 84.0 0.8813 1 0.6995 0
T 80625 84.0 0.8813 1 0.6995 0
T 80632 84.0 0.8813 1 0.6995 0
T 80640 84.0 0.8813 1 0.7303 0
T 80648 84.0 0.8813 1 0.7303 0
T 80655 84.0 0.8813 1 0.7303 0
T 80662 84.0 0.8814 1 0.7611 0
T 80670 84.0 0.8814 1 0.7611 0
T 80678 84.0 0.8814 1 0.7611 0
T 80685 84.0 0.8814 1 0.7933 0
T 80692 84.0 0.8814 1 0.7933 0
T 80700 84.0 0.8814 1 0.7933 0
T 80708 84.0 0.8814 1 0.8255 0
T 80715 84.0 0.8814 1 0.8255 0
T 80722 84.0 0.8814 1 0.8255 0
T 80730 84.0 0.8813 1 0.8563 0
T 80738 84.0 0.8813 1 0.8563 0
T 80745 84.0 0.8813 1 0.8563 0
T 80752 84.0 0.8812 1 0.8871 0
T 80760 84.0 0.8812 1 0.8871 0
T 80768 84.0 0.8812 1 0.8871 0
T 80775 84.0 0.8814 1 0.9193 0
T 80782 84.0 0.8814 1 0.9193 0
T 80790 84.0 0.8814 1 0.9193 0
T 80798 84.0 0.8815 1 0.9515 0
T 80805 84.0 0.8815 1 0.9515 0
T 80812 84.0 0.8815 1 0.9515 0
T 80820 84.0 0.8815 1 0.9824 0
T 80828 84.0 0.8815 1 0.9824 0
T 80835 84.0 0.8815 1 0.9824 0
T 80842 84.0 0.8812 1 0.0176 1
T 80850 84.0 0.8812 1 0.0176 0
T 80858 84.0 0.8812 1 0.0176 0
T 80865 84.0 0.8809 1 0.0498 0
T 80872 84.0 0.8809 1 0.0498 0
T 80880 84.0 0.8809 1 0.0498 0
T 80888 84.0 0.8808 1 0.0820 0
T 80895 84.0 0.8808 1 0.0820 0
T 80902 84.0 0.8808 1 0.0820 0
T 80910 84.0 0.8808 1 0.1128 0
T 80918 84.0 0.8808 1 0.1128 0
T 80925 84.0 0.8808 1 0.1128 0
T 80932 84.0 0.8807 1 0.1436 0
T 80940 84.0 0.8807 1 0.1436 0
T 80948 84.0 0.8807 1 0.1436 0
T 80955 84.0 0.8806 1 0.1758 0
T 80962 84.0 0.8806 1 0.1758 0
T 80970 84.0 0.8806 1 0.1758 0
T 80978 84.0 0.8806 1 0.2080 0
T 80985 84.0 0.8806 1 0.2080 0
T 80992 84.0 0.8806 1 0.2080 0
T 81000 84.0 0.8805 1 0.2388 0
T 81008 84.0 0.8805 1 0.2388 0
T 81015 84.0 0.8805 1 0.2388 0
T 81022 84.0 0.8805 1 0.2696 0
T 81030 84.0 0.8805 1 0.2696 0
T 81038 84.0 0.8805 1 0.2696 0
T 81045 84.0 0.8805 1 0.3018 0
T 81052 84.0 0.8805 1 0.3018 0
T 81060 84.0 0.8805 1 0.3018 0
T 81068 84.0 0.8810 1 0.3340 0
T 81075 84.0 0.8810 1 0.3340 0
T 81082 84.0 0.8810 1 0.3340 0
T 81090 84.0 0.8814 1 0.2813 0
T 81098 84.0 0.8814 1 0.2813 0
T 81105 84.0 0.8814 1 0.2813 0
T 81112 84.0 0.8815 1 0.3121 0
T 81120 84.0 0.8815 1 0.3121 0
T 81128 84.0 0.8815 1 0.3121 0
T 81135 84.0 0.8816 1 0.3443 0
T 81142 84.0 0.8816 1 0.3443 0
T 81150 84.0 0.8816 1 0.3443 0
T 81158 84.0 0.8810 1 0.3765 0
T 81165 84.0 0.8810 1 0.3765 0
T 81172 84.0 0.8810 1 0.3765 0
T 81180 84.0 0.8807 1 0.4073 0
T 81188 84.0 0.8807 1 0.4073 0
T 81195 84.0 0.8807 1 0.4073 0
T 81202 84.0 0.8803 1 0.4380 0
T 81210 84.0 0.8803 1 0.4380 0
T 81218 84.0 0.8803 1 0.4380 0
T 81225 84.0 0.8800 1 0.4702 0
T 81232 84.0 0.8800 1 0.4702 0
T 81240 84.0 0.8800 1 0.4702 0
T 81248 84.0 0.8796 1 0.5024 0
T 81255 84.0 0.8796 1 0.5024 0
T 81262 84.0 0.8796 1 0.5024 0
T 81270 84.0 0.8795 1 0.5332 0
T 81278 84.0 0.8795 1 0.5332 0
T 81285 84.0 0.8795 1 0.5332 0
T 81292 84.0 0.8789 1 0.5640 0
T 81300 84.0 0.8789 1 0.5640 0
T 81308 84.0 0.8789 1 0.5640 0
T 81315 84.0 0.8781 1 0.6962 0
T 81322 84.0 0.8781 1 0.6962 0
T 81330 84.0 0.8781 1 0.6962 0
T 81338 84.0 0.8776 1 0.7284 0
T 81345 84.0 0.8776 1 0.7284 0
T 81352 84.0 0.8776 1 0.7284 0
T 81360 84.0 0.8771 1 0.7592 0
T 81368 84.0 0.8771 1 0.7592 0
T 81375 84.0 0.8771 1 0.7592 0
T 81382 84.0 0.8766 1 0.7901 0
T 81390 84.0 0.8766 1 0.7901 0
T 81398 84.0 0.8766 1 0.7901 0
T 81405 84.0 0.8762 1 0.8223 0
T 81412 84.0 0.8762 1 0.8223 0
T 81420 84.0 0.8762 1 0.8223 0
T 81428 84.0 0.8759 1 0.8545 0
T 81435 84.0 0.8759 1 0.8545 0
T 81442 84.0 0.8759 1 0.8545 0
T 81450 84.0 0.8757 1 0.8853 0
T 81458 84.0 0.8757 1 0.8853 0
T 81465 84.0 0.8757 1 0.8853 0
T 81472 84.0 0.8755 1 0.9161 0
T 81480 84.0 0.8755 1 0.9161 0
T 81488 84.0 0.8755 1 0.9161 0
T 81495 84.0 0.8754 1 0.9483 0
T 81502 84.0 0.8754 1 0.9483 0
T 81510 84.0 0.8754 1 0.9483 0
T 81518 84.0 0.8752 1 0.9805 0
T 81525 84.0 0.8752 1 0.9805 0
T 81532 84.0 0.8752 1 0.9805 0
T 81540 84.0 0.8756 1 0.0113 1
T 81548 84.0 0.8756 1 0.0113 0
T 81555 84.0 0.8756 1 0.0113 0
T 81562 84.0 0.8760 1 0.0393 0
T 81570 84.0 0.8760 1 0.0393 0
T 81578 84.0 0.8760 1 0.0393 0
T 81585 84.0 0.8764 1 0.0715 0
T 81592 84.0 0.8764 1 0.0715 0
T 81600 84.0 0.8764 1 0.0715 0
T 81608 84.0 0.8767 1 0.1037 0
T 81615 84.0 0.8767 1 0.1037 0
T 81622 84.0 0.8767 1 0.1037 0
T 81630 84.0 0.8767 1 0.1345 0
T 81638 84.0 0.8767 1 0.1345 0
T 81645 84.0 0.8767 1 0.1345 0
T 81652 84.0 0.8769 1 0.1653 0
T 81660 84.0 0.8769 1 0.1653 0
T 81668 84.0 0.8769 1 0.1653 0
T 81675 84.0 0.8771 1 0.1975 0
T 81682 84.0 0.8771 1 0.1975 0
T 81690 84.0 0.8771 1 0.1975 0
T 81698 84.0 0.8771 1 0.2297 0
T 81705 84.0 0.8771 1 0.2297 0
T 81712 84.0 0.8771 1 0.2297 0
T 81720 84.0 0.8774 1 0.2605 0
T 81728 84.0 0.8774 1 0.2605 0
T 81735 84.0 0.8774 1 0.2605 0
T 81742 84.0 0.8776 1 0.2913 0
T 81750 84.0 0.8776 1 0.2913 0
T 81758 84.0 0.8776 1 0.2913 0
T 81765 84.0 0.8769 1 0.3235 0
T 81772 84.0 0.8769 1 0.3235 0
T 81780 84.0 0.8769 1 0.3235 0
T 81788 84.0 0.8760 1 0.2749 0
T 81795 84.0 0.8760 1 0.2749 0
T 81802 84.0 0.8760 1 0.2749 0
T 81810 84.0 0.8753 1 0.3056 0
T 81818 84.0 0.8753 1 0.3056 0
T 81825 84.0 0.8753 1 0.3056 0
T 81832 84.0 0.8749 1 0.3364 0
T 81840 84.0 0.8749 1 0.3364 0
T 81848 84.0 0.8749 1 0.3364 0
T 81855 84.0 0.8743 1 0.3686 0
T 81862 84.0 0.8743 1 0.3686 0
T 81870 84.0 0.8743 1 0.3686 0
T 81878 84.0 0.8740 1 0.4008 0
T 81885 84.0 0.8740 1 0.4008 0
T 81892 84.0 0.8740 1 0.4008 0
T 81900 84.0 0.8738 1 0.4316 0
T 81908 84.0 0.8738 1 0.4316 0
T 81915 84.0 0.8738 1 0.4316 0
T 81922 84.0 0.8740 1 0.4624 0
T 81930 84.0 0.8740 1 0.4624 0
T 81938 84.0 0.8740 1 0.4624 0
T 81945 84.0 0.8738 1 0.4946 0
T 81952 84.0 0.8738 1 0.4946 0
T 81960 84.0 0.8738 1 0.4946 0
T 81968 84.0 0.8735 1 0.5268 0
T 81975 84.0 0.8735 1 0.5268 0
T 81982 84.0 0.8735 1 0.5268 0
T 81990 84.0 0.8732 1 0.5575 0
T 81998 84.0 0.8732 1 0.5575 0
T 82005 84.0 0.8732 1 0.5575 0
T 82012 84.0 0.8742 1 0.5883 0
T 82020 84.0 0.8742 1 0.5883 0
T 82028 84.0 0.8742 1 0.5883 0
T 82035 84.0 0.8750 1 0.7205 0
T 82042 84.0 0.8750 1 0.7205 0
T 82050 84.0 0.8750 1 0.7205 0
T 82058 84.0 0.8756 1 0.7528 0
T 82065 84.0 0.8756 1 0.7528 0
T 82072 84.0 0.8756 1 0.7528 0
T 82080 84.0 0.8757 1 0.7836 0
T 82088 84.0 0.8757 1 0.7836 0
T 82095 84.0 0.8757 1 0.7836 0
T 82102 84.0 0.8753 1 0.8144 0
T 82110 84.0 0.8753 1 0.8144 0
T 82118 84.0 0.8753 1 0.8144 0
T 82125 84.0 0.8750 1 0.8466 0
T 82132 84.0 0.8750 1 0.8466 0
T 82140 84.0 0.8750 1 0.8466 0
T 82148 84.0 0.8746 1 0.8788 0
T 82155 84.0 0.8746 1 0.8788 0
T 82162 84.0 0.8746 1 0.8788 0
T 82170 84.0 0.8744 1 0.9096 0
T 82178 84.0 0.8744 1 0.9096 0
T 82185 84.0 0.8744 1 0.9096 0
T 82192 84.0 0.8742 1 0.9404 0
T 82200 84.0 0.8742 1 0.9404 0
T 82208 84.0 0.8742 1 0.9404 0
T 82215 84.0 0.8741 1 0.9726 0
T 82222 84.0 0.8741 1 0.9726 0
T 82230 84.0 0.8741 1 0.9726 0
T 82238 84.0 0.8731 1 0.0048 1
T 82245 84.0 0.8731 1 0.0048 0
T 82252 84.0 0.8731 1 0.0048 0
T 82260 84.0 0.8716 1 0.0357 0
T 82268 84.0 0.8716 1 0.0357 0
T 82275 84.0 0.8716 1 0.0357 0
T 82282 84.0 0.8703 1 0.0575 0
T 82290 84.0 0.8703 1 0.0575 0
T 82298 84.0 0.8703 1 0.0575 0
T 82305 84.0 0.8692 1 0.0898 0
T 82312 84.0 0.8692 1 0.0898 0
T 82320 84.0 0.8692 1 0.0898 0
T 82328 84.0 0.8682 1 0.1220 0
T 82335 84.0 0.8682 1 0.1220 0
T 82342 84.0 0.8682 1 0.1220 0
T 82350 84.0 0.8675 1 0.1528 0
T 82358 84.0 0.8675 1 0.1528 0
T 82365 84.0 0.8675 1 0.1528 0
T 82372 84.0 0.8670 1 0.1836 0
T 82380 84.0 0.8670 1 0.1836 0
T 82388 84.0 0.8670 1 0.1836 0
T 82395 84.0 0.8664 1 0.2158 0
T 82402 84.0 0.8664 1 0.2158 0
T 82410 84.0 0.8664 1 0.2158 0
T 82418 84.0 0.8660 1 0.2480 0
T 82425 84.0 0.8660 1 0.2480 0
T 82432 84.0 0.8660 1 0.2480 0
T 82440 84.0 0.8656 1 0.2788 0
T 82448 84.0 0.8656 1 0.2788 0
T 82455 84.0 0.8656 1 0.2788 0
T 82462 84.0 0.8649 1 0.3096 0
T 82470 84.0 0.8649 1 0.3096 0
T 82478 84.0 0.8649 1 0.3096 0
T 82485 84.0 0.8652 1 0.3418 0
T 82492 84.0 0.8652 1 0.3418 0
T 82500 84.0 0.8652 1 0.3418 0
T 82508 84.0 0.8655 1 0.2885 0
T 82515 84.0 0.8655 1 0.2885 0
T 82522 84.0 0.8655 1 0.2885 0
T 82530 84.0 0.8657 1 0.3193 0
T 82538 84.0 0.8657 1 0.3193 0
T 82545 84.0 0.8657 1 0.3193 0
T 82552 84.0 0.8657 1 0.3501 0
T 82560 84.0 0.8657 1 0.3501 0
T 82568 84.0 0.8657 1 0.3501 0
T 82575 84.0 0.8651 1 0.3823 0
T 82582 84.0 0.8651 1 0.3823 0
T 82590 84.0 0.8651 1 0.3823 0
T 82598 84.0 0.8649 1 0.4145 0
T 82605 84.0 0.8649 1 0.4145 0
T 82612 84.0 0.8649 1 0.4145 0
T 82620 84.0 0.8646 1 0.4453 0
T 82628 84.0 0.8646 1 0.4453 0
T 82635 84.0 0.8646 1 0.4453 0
T 82642 84.0 0.8642 1 0.4760 0
T 82650 84.0 0.8642 1 0.4760 0
T 82658 84.0 0.8642 1 0.4760 0
T 82665 84.0 0.8637 1 0.5082 0
T 82672 84.0 0.8637 1 0.5082 0
T 82680 84.0 0.8637 1 0.5082 0
T 82688 84.0 0.8635 1 0.5404 0
T 82695 84.0 0.8635 1 0.5404 0
T 82702 84.0 0.8635 1 0.5404 0
T 82710 84.0 0.8635 1 0.5712 0
T 82718 84.0 0.8635 1 0.5712 0
T 82725 84.0 0.8635 1 0.5712 0
T 82732 84.0 0.8630 1 0.6020 0
T 82740 84.0 0.8630 1 0.6020 0
T 82748 84.0 0.8630 1 0.6020 0
T 82755 84.0 0.8626 1 0.7337 0
T 82762 84.0 0.8626 1 0.7337 0
T 82770 84.0 0.8626 1 0.7337 0
T 82778 84.0 0.8623 1 0.7659 0
T 82785 84.0 0.8623 1 0.7659 0
T 82792 84.0 0.8623 1 0.7659 0
T 82800 84.0 0.8620 1 0.7967 0
T 82808 84.0 0.8620 1 0.7967 0
T 82815 84.0 0.8620 1 0.7967 0
T 82822 84.0 0.8619 1 0.8275 0
T 82830 84.0 0.8619 1 0.8275 0
T 82838 84.0 0.8619 1 0.8275 0
T 82845 84.0 0.8617 1 0.8598 0
T 82852 84.0 0.8617 1 0.8598 0
T 82860 84.0 0.8617 1 0.8598 0
T 82868 84.0 0.8617 1 0.8920 0
T 82875 84.0 0.8617 1 0.8920 0
T 82882 84.0 0.8617 1 0.8920 0
T 82890 84.0 0.8618 1 0.9228 0
T 82898 84.0 0.8618 1 0.9228 0
T 82905 84.0 0.8618 1 0.9228 0
T 82912 84.0 0.8618 1 0.9536 0
T 82920 84.0 0.8618 1 0.9536 0
T 82928 84.0 0.8618 1 0.9536 0
T 82935 84.0 0.8618 1 0.9858 0
T 82942 84.0 0.8618 1 0.9858 0
T 82950 84.0 0.8618 1 0.9858 0
T 82958 84.0 0.8625 1 0.0180 1
T 82965 84.0 0.8625 1 0.0180 0
T 82972 84.0 0.8625 1 0.0180 0
T 82980 84.0 0.8634 1 0.0443 0
T 82988 84.0 0.8634 1 0.0443 0
T 82995 84.0 0.8634 1 0.0443 0
T 83002 84.0 0.8642 1 0.0751 0
T 83010 84.0 0.8642 1 0.0751 0
T 83018 84.0 0.8642 1 0.0751 0
T 83025 84.0 0.8644 1 0.1073 0
T 83032 84.0 0.8644 1 0.1073 0
T 83040 84.0 0.8644 1 0.1073 0
T 83048 84.0 0.8645 1 0.1395 0
T 83055 84.0 0.8645 1 0.1395 0
T 83062 84.0 0.8645 1 0.1395 0
T 83070 84.0 0.8644 1 0.1703 0
T 83078 84.0 0.8644 1 0.1703 0
T 83085 84.0 0.8644 1 0.1703 0
T 83092 84.0 0.8642 1 0.2011 0
T 83100 84.0 0.8642 1 0.2011 0
T 83108 84.0 0.8642 1 0.2011 0
T 83115 84.0 0.8636 1 0.2333 0
T 83122 84.0 0.8636 1 0.2333 0
T 83130 84.0 0.8636 1 0.2333 0
T 83138 84.0 0.8632 1 0.2655 0
T 83145 84.0 0.8632 1 0.2655 0
T 83152 84.0 0.8632 1 0.2655 0
T 83160 84.0 0.8627 1 0.2963 0
T 83168 84.0 0.8627 1 0.2963 0
T 83175 84.0 0.8627 1 0.2963 0
T 83182 84.0 0.8622 1 0.3271 0
T 83190 84.0 0.8622 1 0.3271 0
T 83198 84.0 0.8622 1 0.3271 0
T 83205 84.0 0.8616 1 0.3593 0
T 83212 84.0 0.8616 1 0.3593 0
T 83220 84.0 0.8616 1 0.3593 0
T 83228 84.0 0.8611 1 0.3017 0
T 83235 84.0 0.8611 1 0.3017 0
T 83242 84.0 0.8611 1 0.3017 0
T 83250 84.0 0.8607 1 0.3325 0
T 83258 84.0 0.8607 1 0.3325 0
T 83265 84.0 0.8607 1 0.3325 0
T 83272 84.0 0.8605 1 0.3633 0
T 83280 84.0 0.8605 1 0.3633 0
T 83288 84.0 0.8605 1 0.3633 0
T 83295 84.0 0.8602 1 0.3955 0
T 83302 84.0 0.8602 1 0.3955 0
T 83310 84.0 0.8602 1 0.3955 0
T 83318 84.0 0.8600 1 0.4276 0
T 83325 84.0 0.8600 1 0.4276 0
T 83332 84.0 0.8600 1 0.4276 0
T 83340 84.0 0.8599 1 0.4584 0
T 83348 84.0 0.8599 1 0.4584 0
T 83355 84.0 0.8599 1 0.4584 0
T 83362 84.0 0.8600 1 0.4892 0
T 83370 84.0 0.8600 1 0.4892 0
T 83378 84.0 0.8600 1 0.4892 0
T 83385 84.0 0.8603 1 0.5214 0
T 83392 84.0 0.8603 1 0.5214 0
T 83400 84.0 0.8603 1 0.5214 0
T 83408 84.0 0.8605 1 0.5536 0
T 83415 84.0 0.8605 1 0.5536 0
T 83422 84.0 0.8605 1 0.5536 0
T 83430 84.0 0.8607 1 0.5844 0
T 83438 84.0 0.8607 1 0.5844 0
T 83445 84.0 0.8607 1 0.5844 0
T 83452 84.0 0.8612 1 0.6152 0
T 83460 84.0 0.8612 1 0.6152 0
T 83468 84.0 0.8612 1 0.6152 0
T 83475 84.0 0.8616 1 0.7436 0
T 83482 84.0 0.8616 1 0.7436 0
T 83490 84.0 0.8616 1 0.7436 0
T 83498 84.0 0.8619 1 0.7758 0
T 83505 84.0 0.8619 1 0.7758 0
T 83512 84.0 0.8619 1 0.7758 0
T 83520 84.0 0.8620 1 0.8066 0
T 83528 84.0 0.8620 1 0.8066 0
T 83535 84.0 0.8620 1 0.8066 0
T 83542 84.0 0.8619 1 0.8374 0
T 83550 84.0 0.8619 1 0.8374 0
T 83558 84.0 0.8619 1 0.8374 0
T 83565 84.0 0.8617 1 0.8696 0
T 83572 84.0 0.8617 1 0.8696 0
T 83580 84.0 0.8617 1 0.8696 0
T 83588 84.0 0.8614 1 0.9018 0
T 83595 84.0 0.8614 1 0.9018 0
T 83602 84.0 0.8614 1 0.9018 0
T 83610 84.0 0.8607 1 0.9327 0
T 83618 84.0 0.8607 1 0.9327 0
T 83625 84.0 0.8607 1 0.9327 0
T 83632 84.0 0.8601 1 0.9635 0
T 83640 84.0 0.8601 1 0.9635 0
T 83648 84.0 0.8601 1 0.9635 0
T 83655 84.0 0.8595 1 0.9957 0
T 83662 84.0 0.8595 1 0.9957 0
T 83670 84.0 0.8595 1 0.9957 0
T 83678 84.0 0.8594 1 0.0279 1
T 83685 84.0 0.8594 1 0.0279 0
T 83692 84.0 0.8594 1 0.0279 0
T 83700 84.0 0.8594 1 0.0517 0
T 83708 84.0 0.8594 1 0.0517 0
T 83715 84.0 0.8594 1 0.0517 0
T 83722 84.0 0.8595 1 0.0825 0
T 83730 84.0 0.8595 1 0.0825 0
T 83738 84.0 0.8595 1 0.0825 0
T 83745 84.0 0.8598 1 0.1147 0
T 83752 84.0 0.8598 1 0.1147 0
T 83760 84.0 0.8598 1 0.1147 0
T 83768 84.0 0.8598 1 0.1469 0
T 83775 84.0 0.8598 1 0.1469 0
T 83782 84.0 0.8598 1 0.1469 0
T 83790 84.0 0.8598 1 0.1777 0
T 83798 84.0 0.8598 1 0.1777 0
T 83805 84.0 0.8598 1 0.1777 0
T 83812 84.0 0.8597 1 0.2085 0
T 83820 84.0 0.8597 1 0.2085 0
T 83828 84.0 0.8597 1 0.2085 0
T 83835 84.0 0.8598 1 0.2407 0
T 83842 84.0 0.8598 1 0.2407 0
T 83850 84.0 0.8598 1 0.2407 0
T 83858 84.0 0.8600 1 0.2729 0
T 83865 84.0 0.8600 1 0.2729 0
T 83872 84.0 0.8600 1 0.2729 0
T 83880 84.0 0.8602 1 0.3037 0
T 83888 84.0 0.8602 1 0.3037 0
T 83895 84.0 0.8602 1 0.3037 0
T 83902 84.0 0.8605 1 0.3345 0
T 83910 84.0 0.8605 1 0.3345 0
T 83918 84.0 0.8605 1 0.3345 0
T 83925 84.0 0.8619 1 0.3667 0
T 83932 84.0 0.8619 1 0.3667 0
T 83940 84.0 0.8619 1 0.3667 0
T 83948 84.0 0.8630 1 0.3073 0
T 83955 84.0 0.8630 1 0.3073 0
T 83962 84.0 0.8630 1 0.3073 0
T 83970 84.0 0.8641 1 0.3380 0
T 83978 84.0 0.8641 1 0.3380 0
T 83985 84.0 0.8641 1 0.3380 0
T 83992 84.0 0.8652 1 0.3688 0
T 84000 84.0 0.8652 1 0.3688 0
T 84008 84.0 0.8652 1 0.3688 0
T 84015 84.0 0.8662 1 0.3088 0
T 84022 84.0 0.8662 1 0.3088 0
T 84030 84.0 0.8662 1 0.3088 0
T 84038 84.0 0.8670 1 0.3410 0
T 84045 84.0 0.8670 1 0.3410 0
T 84052 84.0 0.8670 1 0.3410 0
T 84060 84.0 0.8678 1 0.2865 0
T 84068 84.0 0.8678 1 0.2865 0
T 84075 84.0 0.8678 1 0.2865 0
T 84082 84.0 0.8685 1 0.3172 0
T 84090 84.0 0.8685 1 0.3172 0
T 84098 84.0 0.8685 1 0.3172 0
T 84105 84.0 0.8692 1 0.2701 0
T 84112 84.0 0.8692 1 0.2701 0
T 84120 84.0 0.8692 1 0.2701 0
T 84128 84.0 0.8697 1 0.3022 0
T 84135 84.0 0.8697 1 0.3022 0
T 84142 84.0 0.8697 1 0.3022 0
T 84150 84.0 0.8702 1 0.3330 0
T 84158 84.0 0.8702 1 0.3330 0
T 84165 84.0 0.8702 1 0.3330 0
T 84172 84.0 0.8705 1 0.3637 0
T 84180 84.0 0.8705 1 0.3637 0
T 84188 84.0 0.8705 1 0.3637 0
T 84195 84.0 0.8708 1 0.3959 0
T 84202 84.0 0.8708 1 0.3959 0
T 84210 84.0 0.8708 1 0.3959 0
T 84218 84.0 0.8711 1 0.4281 0
T 84225 84.0 0.8711 1 0.4281 0
T 84232 84.0 0.8711 1 0.4281 0
T 84240 84.0 0.8714 1 0.4588 0
T 84248 84.0 0.8714 1 0.4588 0
T 84255 84.0 0.8714 1 0.4588 0
T 84262 84.0 0.8715 1 0.4896 0
T 84270 84.0 0.8715 1 0.4896 0
T 84278 84.0 0.8715 1 0.4896 0
T 84285 84.0 0.8716 1 0.5218 0
T 84292 84.0 0.8716 1 0.5218 0
T 84300 84.0 0.8716 1 0.5218 0
T 84308 84.0 0.8719 1 0.5539 0
T 84315 84.0 0.8719 1 0.5539 0
T 84322 84.0 0.8719 1 0.5539 0
T 84330 84.0 0.8722 1 0.5847 0
T 84338 84.0 0.8722 1 0.5847 0
T 84345 84.0 0.8722 1 0.5847 0
T 84352 84.0 0.8724 1 0.6155 0
T 84360 84.0 0.8724 1 0.6155 0
T 84368 84.0 0.8724 1 0.6155 0
T 84375 84.0 0.8724 1 0.6477 0
T 84382 84.0 0.8724 1 0.6477 0
T 84390 84.0 0.8724 1 0.6477 0
T 84398 84.0 0.8726 1 0.6799 0
T 84405 84.0 0.8726 1 0.6799 0
T 84412 84.0 0.8726 1 0.6799 0
T 84420 84.0 0.8726 1 0.7107 0
T 84428 84.0 0.8726 1 0.7107 0
T 84435 84.0 0.8726 1 0.7107 0
T 84442 84.0 0.8729 1 0.7414 0
T 84450 84.0 0.8729 1 0.7414 0
T 84458 84.0 0.8729 1 0.7414 0
T 84465 84.0 0.8727 1 0.7736 0
T 84472 84.0 0.8727 1 0.7736 0
T 84480 84.0 0.8727 1 0.7736 0
T 84488 84.0 0.8728 1 0.8058 0
T 84495 84.0 0.8728 1 0.8058 0
T 84502 84.0 0.8728 1 0.8058 0
T 84510 84.0 0.8722 1 0.8366 0
T 84518 84.0 0.8722 1 0.8366 0
T 84525 84.0 0.8722 1 0.8366 0
T 84532 84.0 0.8712 1 0.8674 0
T 84540 84.0 0.8712 1 0.8674 0
T 84548 84.0 0.8712 1 0.8674 0
T 84555 84.0 0.8707 1 0.8996 0
T 84562 84.0 0.8707 1 0.8996 0
T 84570 84.0 0.8707 1 0.8996 0
T 84578 84.0 0.8702 1 0.9318 0
T 84585 84.0 0.8702 1 0.9318 0
T 84592 84.0 0.8702 1 0.9318 0
T 84600 84.0 0.8697 1 0.9626 0
T 84608 84.0 0.8697 1 0.9626 0
T 84615 84.0 0.8697 1 0.9626 0
T 84622 84.0 0.8702 1 0.9934 0
T 84630 84.0 0.8702 1 0.9934 0
T 84638 84.0 0.8702 1 0.9934 0
T 84645 84.0 0.8722 1 0.0256 1
T 84652 84.0 0.8722 1 0.0256 0
T 84660 84.0 0.8722 1 0.0256 0
T 84668 84.0 0.8740 1 0.0514 0
T 84675 84.0 0.8740 1 0.0514 0
T 84682 84.0 0.8740 1 0.0514 0
T 84690 84.0 0.8760 1 0.0822 0
T 84698 84.0 0.8760 1 0.0822 0
T 84705 84.0 0.8760 1 0.0822 0
T 84712 84.0 0.8775 1 0.1130 0
T 84720 84.0 0.8775 1 0.1130 0
T 84728 84.0 0.8775 1 0.1130 0
T 84735 84.0 0.8788 1 0.1452 0
T 84742 84.0 0.8788 1 0.1452 0
T 84750 84.0 0.8788 1 0.1452 0
T 84758 84.0 0.8799 1 0.1774 0
T 84765 84.0 0.8799 1 0.1774 0
T 84772 84.0 0.8799 1 0.1774 0
T 84780 84.0 0.8810 1 0.2081 0
T 84788 84.0 0.8810 1 0.2081 0
T 84795 84.0 0.8810 1 0.2081 0
T 84802 84.0 0.8820 1 0.2389 0
T 84810 84.0 0.8820 1 0.2389 0
T 84818 84.0 0.8820 1 0.2389 0
T 84825 84.0 0.8829 1 0.2711 0
T 84832 84.0 0.8829 1 0.2711 0
T 84840 84.0 0.8829 1 0.2711 0
T 84848 84.0 0.8833 1 0.3033 0
T 84855 84.0 0.8833 1 0.3033 0
T 84862 84.0 0.8833 1 0.3033 0
T 84870 84.0 0.8838 1 0.3341 0
T 84878 84.0 0.8838 1 0.3341 0
T 84885 84.0 0.8838 1 0.3341 0
T 84892 84.0 0.8846 1 0.3649 0
T 84900 84.0 0.8846 1 0.3649 0
T 84908 84.0 0.8846 1 0.3649 0
T 84915 84.0 0.8855 1 0.3971 0
T 84922 84.0 0.8855 1 0.3971 0
T 84930 84.0 0.8855 1 0.3971 0
T 84938 84.0 0.8863 1 0.4293 0
T 84945 84.0 0.8863 1 0.4293 0
T 84952 84.0 0.8863 1 0.4293 0
T 84960 84.0 0.8862 1 0.4601 0
T 84968 84.0 0.8862 1 0.4601 0
T 84975 84.0 0.8862 1 0.4601 0
T 84982 84.0 0.8863 1 0.3909 0
T 84990 84.0 0.8863 1 0.3909 0
T 84998 84.0 0.8863 1 0.3909 0
T 85005 84.0 0.8866 1 0.4231 0
T 85012 84.0 0.8866 1 0.4231 0
T 85020 84.0 0.8866 1 0.4231 0
T 85028 84.0 0.8869 1 0.4553 0
T 85035 84.0 0.8869 1 0.4553 0
T 85042 84.0 0.8869 1 0.4553 0
T 85050 84.0 0.8869 1 0.4861 0
T 85058 84.0 0.8869 1 0.4861 0
T 85065 84.0 0.8869 1 0.4861 0
T 85072 84.0 0.8869 1 0.5168 0
T 85080 84.0 0.8869 1 0.5168 0
T 85088 84.0 0.8869 1 0.5168 0
T 85095 84.0 0.8865 1 0.5490 0
T 85102 84.0 0.8865 1 0.5490 0
T 85110 84.0 0.8865 1 0.5490 0
T 85118 84.0 0.8857 1 0.5812 0
T 85125 84.0 0.8857 1 0.5812 0
T 85132 84.0 0.8857 1 0.5812 0
T 85140 84.0 0.8849 1 0.7120 0
T 85148 84.0 0.8849 1 0.7120 0
T 85155 84.0 0.8849 1 0.7120 0
T 85162 84.0 0.8843 1 0.7428 0
T 85170 84.0 0.8843 1 0.7428 0
T 85178 84.0 0.8843 1 0.7428 0
T 85185 84.0 0.8835 1 0.7750 0
T 85192 84.0 0.8835 1 0.7750 0
T 85200 84.0 0.8835 1 0.7750 0
T 85208 84.0 0.8829 1 0.8072 0
T 85215 84.0 0.8829 1 0.8072 0
T 85222 84.0 0.8829 1 0.8072 0
T 85230 84.0 0.8821 1 0.8380 0
T 85238 84.0 0.8821 1 0.8380 0
T 85245 84.0 0.8821 1 0.8380 0
T 85252 84.0 0.8817 1 0.8688 0
T 85260 84.0 0.8817 1 0.8688 0
T 85268 84.0 0.8817 1 0.8688 0
T 85275 84.0 0.8816 1 0.9010 0
T 85282 84.0 0.8816 1 0.9010 0
T 85290 84.0 0.8816 1 0.9010 0
T 85298 84.0 0.8815 1 0.9332 0
T 85305 84.0 0.8815 1 0.9332 0
T 85312 84.0 0.8815 1 0.9332 0
T 85320 84.0 0.8814 1 0.9640 0
T 85328 84.0 0.8814 1 0.9640 0
T 85335 84.0 0.8814 1 0.9640 0
T 85342 84.0 0.8814 1 0.9949 0
T 85350 84.0 0.8814 1 0.9949 0
T 85358 84.0 0.8814 1 0.9949 0
T 85365 84.0 0.8814 1 0.0271 1
T 85372 84.0 0.8814 1 0.0271 0
T 85380 84.0 0.8814 1 0.0271 0
T 85388 84.0 0.8809 1 0.0593 0
T 85395 84.0 0.8809 1 0.0593 0
T 85402 84.0 0.8809 1 0.0593 0
T 85410 84.0 0.8806 1 0.0901 0
T 85418 84.0 0.8806 1 0.0901 0
T 85425 84.0 0.8806 1 0.0901 0
T 85432 84.0 0.8800 1 0.1209 0
T 85440 84.0 0.8800 1 0.1209 0
T 85448 84.0 0.8800 1 0.1209 0
T 85455 84.0 0.8791 1 0.1531 0
T 85462 84.0 0.8791 1 0.1531 0
T 85470 84.0 0.8791 1 0.1531 0
T 85478 84.0 0.8783 1 0.1470 0
T 85485 84.0 0.8783 1 0.1470 0
T 85492 84.0 0.8783 1 0.1470 0
T 85500 84.0 0.8776 1 0.1778 0
T 85508 84.0 0.8776 1 0.1778 0
T 85515 84.0 0.8776 1 0.1778 0
T 85522 84.0 0.8770 1 0.2086 0
T 85530 84.0 0.8770 1 0.2086 0
T 85538 84.0 0.8770 1 0.2086 0
T 85545 84.0 0.8765 1 0.2408 0
T 85552 84.0 0.8765 1 0.2408 0
T 85560 84.0 0.8765 1 0.2408 0
T 85568 84.0 0.8758 1 0.2730 0
T 85575 84.0 0.8758 1 0.2730 0
T 85582 84.0 0.8758 1 0.2730 0
T 85590 84.0 0.8743 1 0.3038 0
T 85598 84.0 0.8743 1 0.3038 0
T 85605 84.0 0.8743 1 0.3038 0
T 85612 84.0 0.8735 1 0.2586 0
T 85620 84.0 0.8735 1 0.2586 0
T 85628 84.0 0.8735 1 0.2586 0
T 85635 84.0 0.8726 1 0.2908 0
T 85642 84.0 0.8726 1 0.2908 0
T 85650 84.0 0.8726 1 0.2908 0
T 85658 84.0 0.8720 1 0.3230 0
T 85665 84.0 0.8720 1 0.3230 0
T 85672 84.0 0.8720 1 0.3230 0
T 85680 84.0 0.8711 1 0.3538 0
T 85688 84.0 0.8711 1 0.3538 0
T 85695 84.0 0.8711 1 0.3538 0
T 85702 84.0 0.8703 1 0.3846 0
T 85710 84.0 0.8703 1 0.3846 0
T 85718 84.0 0.8703 1 0.3846 0
T 85725 84.0 0.8696 1 0.4167 0
T 85732 84.0 0.8696 1 0.4167 0
T 85740 84.0 0.8696 1 0.4167 0
T 85748 84.0 0.8691 1 0.4489 0
T 85755 84.0 0.8691 1 0.4489 0
T 85762 84.0 0.8691 1 0.4489 0
T 85770 84.0 0.8691 1 0.4797 0
T 85778 84.0 0.8691 1 0.4797 0
T 85785 84.0 0.8691 1 0.4797 0
T 85792 84.0 0.8692 1 0.5105 0
T 85800 84.0 0.8692 1 0.5105 0
T 85808 84.0 0.8692 1 0.5105 0
T 85815 84.0 0.8710 1 0.5427 0
T 85822 84.0 0.8710 1 0.5427 0
T 85830 84.0 0.8710 1 0.5427 0
T 85838 84.0 0.8738 1 0.6749 0
T 85845 84.0 0.8738 1 0.6749 0
T 85852 84.0 0.8738 1 0.6749 0
T 85860 84.0 0.8763 1 0.7057 0
T 85868 84.0 0.8763 1 0.7057 0
T 85875 84.0 0.8763 1 0.7057 0
T 85882 84.0 0.8776 1 0.7365 0
T 85890 84.0 0.8776 1 0.7365 0
T 85898 84.0 0.8776 1 0.7365 0
T 85905 84.0 0.8784 1 0.8346 0
T 85912 84.0 0.8784 1 0.8346 0
T 85920 84.0 0.8784 1 0.8346 0
T 85928 84.0 0.8789 1 0.8668 0
T 85935 84.0 0.8789 1 0.8668 0
T 85942 84.0 0.8789 1 0.8668 0
T 85950 84.0 0.8791 1 0.8977 0
T 85958 84.0 0.8791 1 0.8977 0
T 85965 84.0 0.8791 1 0.8977 0
T 85972 84.0 0.8793 1 0.9285 0
T 85980 84.0 0.8793 1 0.9285 0
T 85988 84.0 0.8793 1 0.9285 0
T 85995 84.0 0.8794 1 0.9607 0
T 86002 84.0 0.8794 1 0.9607 0
T 86010 84.0 0.8794 1 0.9607 0
T 86018 84.0 0.8794 1 0.9929 0
T 86025 84.0 0.8794 1 0.9929 0
T 86032 84.0 0.8794 1 0.9929 0
T 86040 84.0 0.8798 1 0.0237 1
T 86048 84.0 0.8798 1 0.0237 0
T 86055 84.0 0.8798 1 0.0237 0
T 86062 84.0 0.8798 1 0.0546 0
T 86070 84.0 0.8798 1 0.0546 0
T 86078 84.0 0.8798 1 0.0546 0
T 86085 84.0 0.8801 1 0.0868 0
T 86092 84.0 0.8801 1 0.0868 0
T 86100 84.0 0.8801 1 0.0868 0
T 86108 84.0 0.8802 1 0.1190 0
T 86115 84.0 0.8802 1 0.1190 0
T 86122 84.0 0.8802 1 0.1190 0
T 86130 84.0 0.8806 1 0.1498 0
T 86138 84.0 0.8806 1 0.1498 0
T 86145 84.0 0.8806 1 0.1498 0
T 86152 84.0 0.8814 1 0.1806 0
T 86160 84.0 0.8814 1 0.1806 0
T 86168 84.0 0.8814 1 0.1806 0
T 86175 84.0 0.8823 1 0.2128 0
T 86182 84.0 0.8823 1 0.2128 0
T 86190 84.0 0.8823 1 0.2128 0
T 86198 84.0 0.8835 1 0.2450 0
T 86205 84.0 0.8835 1 0.2450 0
T 86212 84.0 0.8835 1 0.2450 0
T 86220 84.0 0.8850 1 0.2758 0
T 86228 84.0 0.8850 1 0.2758 0
T 86235 84.0 0.8850 1 0.2758 0
T 86242 84.0 0.8862 1 0.3066 0
T 86250 84.0 0.8862 1 0.3066 0
T 86258 84.0 0.8862 1 0.3066 0
T 86265 84.0 0.8872 1 0.2622 0
T 86272 84.0 0.8872 1 0.2622 0
T 86280 84.0 0.8872 1 0.2622 0
T 86288 84.0 0.8883 1 0.2944 0
T 86295 84.0 0.8883 1 0.2944 0
T 86302 84.0 0.8883 1 0.2944 0
T 86310 84.0 0.8885 1 0.3252 0
T 86318 84.0 0.8885 1 0.3252 0
T 86325 84.0 0.8885 1 0.3252 0
T 86332 84.0 0.8881 1 0.2747 0
T 86340 84.0 0.8881 1 0.2747 0
T 86348 84.0 0.8881 1 0.2747 0
T 86355 84.0 0.8871 1 0.3068 0
T 86362 84.0 0.8871 1 0.3068 0
T 86370 84.0 0.8871 1 0.3068 0
T 86378 84.0 0.8860 1 0.3390 0
T 86385 84.0 0.8860 1 0.3390 0
T 86392 84.0 0.8860 1 0.3390 0
T 86400 84.0 0.8852 1 0.3698 0
T 86408 84.0 0.8852 1 0.3698 0
T 86415 84.0 0.8852 1 0.3698 0
T 86422 84.0 0.8837 1 0.4006 0
T 86430 84.0 0.8837 1 0.4006 0
T 86438 84.0 0.8837 1 0.4006 0
T 86445 84.0 0.8821 1 0.4327 0
T 86452 84.0 0.8821 1 0.4327 0
T 86460 84.0 0.8821 1 0.4327 0
T 86468 84.0 0.8807 1 0.4649 0
T 86475 84.0 0.8807 1 0.4649 0
T 86482 84.0 0.8807 1 0.4649 0
T 86490 84.0 0.8794 1 0.4957 0
T 86498 84.0 0.8794 1 0.4957 0
T 86505 84.0 0.8794 1 0.4957 0
T 86512 84.0 0.8782 1 0.5265 0
T 86520 84.0 0.8782 1 0.5265 0
T 86528 84.0 0.8782 1 0.5265 0
T 86535 84.0 0.8775 1 0.5587 0
T 86542 84.0 0.8775 1 0.5587 0
T 86550 84.0 0.8775 1 0.5587 0
T 86558 84.0 0.8774 1 0.5909 0
T 86565 84.0 0.8774 1 0.5909 0
T 86572 84.0 0.8774 1 0.5909 0
T 86580 84.0 0.8773 1 0.6217 0
T 86588 84.0 0.8773 1 0.6217 0
T 86595 84.0 0.8773 1 0.6217 0
T 86602 84.0 0.8772 1 0.6525 0
T 86610 84.0 0.8772 1 0.6525 0
T 86618 84.0 0.8772 1 0.6525 0
T 86625 84.0 0.8770 1 0.6847 0
T 86632 84.0 0.8770 1 0.6847 0
T 86640 84.0 0.8770 1 0.6847 0
T 86648 84.0 0.8768 1 0.7169 0
T 86655 84.0 0.8768 1 0.7169 0
T 86662 84.0 0.8768 1 0.7169 0
T 86670 84.0 0.8766 1 0.7476 0
T 86678 84.0 0.8766 1 0.7476 0
T 86685 84.0 0.8766 1 0.7476 0
T 86692 84.0 0.8768 1 0.7784 0
T 86700 84.0 0.8768 1 0.7784 0
T 86708 84.0 0.8768 1 0.7784 0
T 86715 84.0 0.8767 1 0.8106 0
T 86722 84.0 0.8767 1 0.8106 0
T 86730 84.0 0.8767 1 0.8106 0
T 86738 84.0 0.8757 1 0.8428 0
T 86745 84.0 0.8757 1 0.8428 0
T 86752 84.0 0.8757 1 0.8428 0
T 86760 84.0 0.8744 1 0.9129 0
T 86768 84.0 0.8744 1 0.9129 0
T 86775 84.0 0.8744 1 0.9129 0
T 86782 84.0 0.8715 1 0.9437 0
T 86790 84.0 0.8715 1 0.9437 0
T 86798 84.0 0.8715 1 0.9437 0
T 86805 84.0 0.8667 1 0.9900 0
T 86812 84.0 0.8667 1 0.9900 0
T 86820 84.0 0.8667 1 0.9900 0
T 86828 84.0 0.8631 1 0.0222 1
T 86835 84.0 0.8631 1 0.0222 0
T 86842 84.0 0.8631 1 0.0222 0
T 86850 84.0 0.8609 1 0.0530 0
T 86858 84.0 0.8609 1 0.0530 0
T 86865 84.0 0.8609 1 0.0530 0
T 86872 84.0 0.8590 1 0.0838 0
T 86880 84.0 0.8590 1 0.0838 0
T 86888 84.0 0.8590 1 0.0838 0
T 86895 84.0 0.8569 1 0.1160 0
T 86902 84.0 0.8569 1 0.1160 0
T 86910 84.0 0.8569 1 0.1160 0
T 86918 84.0 0.8552 1 0.1482 0
T 86925 84.0 0.8552 1 0.1482 0
T 86932 84.0 0.8552 1 0.1482 0
T 86940 84.0 0.8530 1 0.1790 0
T 86948 84.0 0.8530 1 0.1790 0
T 86955 84.0 0.8530 1 0.1790 0
T 86962 84.0 0.8519 1 0.2098 0
T 86970 84.0 0.8519 1 0.2098 0
T 86978 84.0 0.8519 1 0.2098 0
T 86985 84.0 0.8506 1 0.2420 0
T 86992 84.0 0.8506 1 0.2420 0
T 87000 84.0 0.8506 1 0.2420 0
T 87008 84.0 0.8534 1 0.2742 0
T 87015 84.0 0.8534 1 0.2742 0
T 87022 84.0 0.8534 1 0.2742 0
T 87030 84.0 0.8558 1 0.2365 0
T 87038 84.0 0.8558 1 0.2365 0
T 87045 84.0 0.8558 1 0.2365 0
T 87052 84.0 0.8581 1 0.2673 0
T 87060 84.0 0.8581 1 0.2673 0
T 87068 84.0 0.8581 1 0.2673 0
T 87075 84.0 0.8598 1 0.2995 0
T 87082 84.0 0.8598 1 0.2995 0
T 87090 84.0 0.8598 1 0.2995 0
T 87098 84.0 0.8612 1 0.3316 0
T 87105 84.0 0.8612 1 0.3316 0
T 87112 84.0 0.8612 1 0.3316 0
T 87120 84.0 0.8627 1 0.3624 0
T 87128 84.0 0.8627 1 0.3624 0
T 87135 84.0 0.8627 1 0.3624 0
T 87142 84.0 0.8638 1 0.3932 0
T 87150 84.0 0.8638 1 0.3932 0
T 87158 84.0 0.8638 1 0.3932 0
T 87165 84.0 0.8646 1 0.4254 0
T 87172 84.0 0.8646 1 0.4254 0
T 87180 84.0 0.8646 1 0.4254 0
T 87188 84.0 0.8656 1 0.4576 0
T 87195 84.0 0.8656 1 0.4576 0
T 87202 84.0 0.8656 1 0.4576 0
T 87210 84.0 0.8668 1 0.4884 0
T 87218 84.0 0.8668 1 0.4884 0
T 87225 84.0 0.8668 1 0.4884 0
T 87232 84.0 0.8642 1 0.5192 0
T 87240 84.0 0.8642 1 0.5192 0
T 87248 84.0 0.8642 1 0.5192 0
T 87255 84.0 0.8617 1 0.6514 0
T 87262 84.0 0.8617 1 0.6514 0
T 87270 84.0 0.8617 1 0.6514 0
T 87278 84.0 0.8602 1 0.6836 0
T 87285 84.0 0.8602 1 0.6836 0
T 87292 84.0 0.8602 1 0.6836 0
T 87300 84.0 0.8589 1 0.7144 0
T 87308 84.0 0.8589 1 0.7144 0
T 87315 84.0 0.8589 1 0.7144 0
T 87322 84.0 0.8580 1 0.7453 0
T 87330 84.0 0.8580 1 0.7453 0
T 87338 84.0 0.8580 1 0.7453 0
T 87345 84.0 0.8552 1 0.7775 0
T 87352 84.0 0.8552 1 0.7775 0
T 87360 84.0 0.8552 1 0.7775 0
T 87368 84.0 0.8530 1 0.8653 0
T 87375 84.0 0.8530 1 0.8653 0
T 87382 84.0 0.8530 1 0.8653 0
T 87390 84.0 0.8508 1 0.8961 0
T 87398 84.0 0.8508 1 0.8961 0
T 87405 84.0 0.8508 1 0.8961 0
T 87412 84.0 0.8493 1 0.9270 0
T 87420 84.0 0.8493 1 0.9270 0
T 87428 84.0 0.8493 1 0.9270 0
T 87435 84.0 0.8480 1 0.9592 0
T 87442 84.0 0.8480 1 0.9592 0
T 87450 84.0 0.8480 1 0.9592 0
T 87458 84.0 0.8467 1 0.9914 0
T 87465 84.0 0.8467 1 0.9914 0
T 87472 84.0 0.8467 1 0.9914 0
T 87480 84.0 0.8434 1 0.0222 1
T 87488 84.0 0.8434 1 0.0222 0
T 87495 84.0 0.8434 1 0.0222 0
T 87502 84.0 0.8404 1 0.0475 0
T 87510 84.0 0.8404 1 0.0475 0
T 87518 84.0 0.8404 1 0.0475 0
T 87525 84.0 0.8369 1 0.0797 0
T 87532 84.0 0.8369 1 0.0797 0
T 87540 84.0 0.8369 1 0.0797 0
T 87548 84.0 0.8349 1 0.1119 0
T 87555 84.0 0.8349 1 0.1119 0
T 87562 84.0 0.8349 1 0.1119 0
T 87570 84.0 0.8340 1 0.1427 0
T 87578 84.0 0.8340 1 0.1427 0
T 87585 84.0 0.8340 1 0.1427 0
T 87592 84.0 0.8332 1 0.1735 0
T 87600 84.0 0.8332 1 0.1735 0
T 87608 84.0 0.8332 1 0.1735 0
T 87615 84.0 0.8328 1 0.2057 0
T 87622 84.0 0.8328 1 0.2057 0
T 87630 84.0 0.8328 1 0.2057 0
T 87638 84.0 0.8326 1 0.2379 0
T 87645 84.0 0.8326 1 0.2379 0
T 87652 84.0 0.8326 1 0.2379 0
T 87660 84.0 0.8323 1 0.2688 0
T 87668 84.0 0.8323 1 0.2688 0
T 87675 84.0 0.8323 1 0.2688 0
T 87682 84.0 0.8318 1 0.2996 0
T 87690 84.0 0.8318 1 0.2996 0
T 87698 84.0 0.8318 1 0.2996 0
T 87705 84.0 0.8304 1 0.3318 0
T 87712 84.0 0.8304 1 0.3318 0
T 87720 84.0 0.8304 1 0.3318 0
T 87728 84.0 0.8324 1 0.2810 0
T 87735 84.0 0.8324 1 0.2810 0
T 87742 84.0 0.8324 1 0.2810 0
T 87750 84.0 0.8347 1 0.3118 0
T 87758 84.0 0.8347 1 0.3118 0
T 87765 84.0 0.8347 1 0.3118 0
T 87772 84.0 0.8368 1 0.3426 0
T 87780 84.0 0.8368 1 0.3426 0
T 87788 84.0 0.8368 1 0.3426 0
T 87795 84.0 0.8383 1 0.3748 0
T 87802 84.0 0.8383 1 0.3748 0
T 87810 84.0 0.8383 1 0.3748 0
T 87818 84.0 0.8404 1 0.4070 0
T 87825 84.0 0.8404 1 0.4070 0
T 87832 84.0 0.8404 1 0.4070 0
T 87840 84.0 0.8417 1 0.4378 0
T 87848 84.0 0.8417 1 0.4378 0
T 87855 84.0 0.8417 1 0.4378 0
T 87862 84.0 0.8430 1 0.4686 0
T 87870 84.0 0.8430 1 0.4686 0
T 87878 84.0 0.8430 1 0.4686 0
T 87885 84.0 0.8434 1 0.5008 0
T 87892 84.0 0.8434 1 0.5008 0
T 87900 84.0 0.8434 1 0.5008 0
T 87908 84.0 0.8420 1 0.5329 0
T 87915 84.0 0.8420 1 0.5329 0
T 87922 84.0 0.8420 1 0.5329 0
T 87930 84.0 0.8406 1 0.5637 0
T 87938 84.0 0.8406 1 0.5637 0
T 87945 84.0 0.8406 1 0.5637 0
T 87952 84.0 0.8404 1 0.5945 0
T 87960 84.0 0.8404 1 0.5945 0
T 87968 84.0 0.8404 1 0.5945 0
T 87975 84.0 0.8380 1 0.6267 0
T 87982 84.0 0.8380 1 0.6267 0
T 87990 84.0 0.8380 1 0.6267 0
T 87998 84.0 0.8348 1 0.7522 0
T 88005 84.0 0.8348 1 0.7522 0
T 88012 84.0 0.8348 1 0.7522 0
T 88020 84.0 0.8320 1 0.7831 0
T 88028 84.0 0.8320 1 0.7831 0
T 88035 84.0 0.8320 1 0.7831 0
T 88042 84.0 0.8301 1 0.8139 0
T 88050 84.0 0.8301 1 0.8139 0
T 88058 84.0 0.8301 1 0.8139 0
T 88065 84.0 0.8270 1 0.8461 0
T 88072 84.0 0.8270 1 0.8461 0
T 88080 84.0 0.8270 1 0.8461 0
T 88088 84.0 0.8238 1 0.8783 0
T 88095 84.0 0.8238 1 0.8783 0
T 88102 84.0 0.8238 1 0.8783 0
T 88110 84.0 0.8211 1 0.9091 0
T 88118 84.0 0.8211 1 0.9091 0
T 88125 84.0 0.8211 1 0.9091 0
T 88132 84.0 0.8192 1 0.9399 0
T 88140 84.0 0.8192 1 0.9399 0
T 88148 84.0 0.8192 1 0.9399 0
T 88155 84.0 0.8171 1 0.9721 0
T 88162 84.0 0.8171 1 0.9721 0
T 88170 84.0 0.8171 1 0.9721 0
T 88178 84.0 0.8158 1 0.0043 1
T 88185 84.0 0.8158 1 0.0043 0
T 88192 84.0 0.8158 1 0.0043 0
T 88200 84.0 0.8145 1 0.0351 0
T 88208 84.0 0.8145 1 0.0351 0
T 88215 84.0 0.8145 1 0.0351 0
T 88222 84.0 0.8139 1 0.0660 0
T 88230 84.0 0.8139 1 0.0660 0
T 88238 84.0 0.8139 1 0.0660 0
T 88245 84.0 0.8130 1 0.0982 0
T 88252 84.0 0.8130 1 0.0982 0
T 88260 84.0 0.8130 1 0.0982 0
T 88268 84.0 0.8141 1 0.1304 0
T 88275 84.0 0.8141 1 0.1304 0
T 88282 84.0 0.8141 1 0.1304 0
T 88290 84.0 0.8132 1 0.1612 0
T 88298 84.0 0.8132 1 0.1612 0
T 88305 84.0 0.8132 1 0.1612 0
T 88312 84.0 0.8123 1 0.1920 0
T 88320 84.0 0.8123 1 0.1920 0
T 88328 84.0 0.8123 1 0.1920 0
T 88335 84.0 0.8125 1 0.2242 0
T 88342 84.0 0.8125 1 0.2242 0
T 88350 84.0 0.8125 1 0.2242 0
T 88358 84.0 0.8138 1 0.2564 0
T 88365 84.0 0.8138 1 0.2564 0
T 88372 84.0 0.8138 1 0.2564 0
T 88380 84.0 0.8158 1 0.2872 0
T 88388 84.0 0.8158 1 0.2872 0
T 88395 84.0 0.8158 1 0.2872 0
T 88402 84.0 0.8180 1 0.3180 0
T 88410 84.0 0.8180 1 0.3180 0
T 88418 84.0 0.8180 1 0.3180 0
T 88425 84.0 0.8202 1 0.3502 0
T 88432 84.0 0.8202 1 0.3502 0
T 88440 84.0 0.8202 1 0.3502 0
T 88448 84.0 0.8211 1 0.3824 0
T 88455 84.0 0.8211 1 0.3824 0
T 88462 84.0 0.8211 1 0.3824 0
T 88470 84.0 0.8187 1 0.4132 0
T 88478 84.0 0.8187 1 0.4132 0
T 88485 84.0 0.8187 1 0.4132 0
T 88492 84.0 0.8164 1 0.3440 0
T 88500 84.0 0.8164 1 0.3440 0
T 88508 84.0 0.8164 1 0.3440 0
T 88515 84.0 0.8139 1 0.3762 0
T 88522 84.0 0.8139 1 0.3762 0
T 88530 84.0 0.8139 1 0.3762 0
T 88538 84.0 0.8122 1 0.4084 0
T 88545 84.0 0.8122 1 0.4084 0
T 88552 84.0 0.8122 1 0.4084 0
T 88560 84.0 0.8107 1 0.4391 0
T 88568 84.0 0.8107 1 0.4391 0
T 88575 84.0 0.8107 1 0.4391 0
T 88582 84.0 0.8097 1 0.4699 0
T 88590 84.0 0.8097 1 0.4699 0
T 88598 84.0 0.8097 1 0.4699 0
T 88605 84.0 0.8093 1 0.5021 0
T 88612 84.0 0.8093 1 0.5021 0
T 88620 84.0 0.8093 1 0.5021 0
T 88628 84.0 0.8090 1 0.5343 0
T 88635 84.0 0.8090 1 0.5343 0
T 88642 84.0 0.8090 1 0.5343 0
T 88650 84.0 0.8088 1 0.5651 0
T 88658 84.0 0.8088 1 0.5651 0
T 88665 84.0 0.8088 1 0.5651 0
T 88672 84.0 0.8092 1 0.5959 0
T 88680 84.0 0.8092 1 0.5959 0
T 88688 84.0 0.8092 1 0.5959 0
T 88695 84.0 0.8077 1 0.6281 0
T 88702 84.0 0.8077 1 0.6281 0
T 88710 84.0 0.8077 1 0.6281 0
T 88718 84.0 0.8057 1 0.6603 0
T 88725 84.0 0.8057 1 0.6603 0
T 88732 84.0 0.8057 1 0.6603 0
T 88740 84.0 0.8040 1 0.6910 0
T 88748 84.0 0.8040 1 0.6910 0
T 88755 84.0 0.8040 1 0.6910 0
T 88762 84.0 0.8020 1 0.7218 0
T 88770 84.0 0.8020 1 0.7218 0
T 88778 84.0 0.8020 1 0.7218 0
T 88785 84.0 0.8003 1 0.7540 0
T 88792 84.0 0.8003 1 0.7540 0
T 88800 84.0 0.8003 1 0.7540 0
T 88808 84.0 0.7979 1 0.7862 0
T 88815 84.0 0.7979 1 0.7862 0
T 88822 84.0 0.7979 1 0.7862 0
T 88830 84.0 0.7958 1 0.8170 0
T 88838 84.0 0.7958 1 0.8170 0
T 88845 84.0 0.7958 1 0.8170 0
T 88852 84.0 0.7926 1 0.8478 0
T 88860 84.0 0.7926 1 0.8478 0
T 88868 84.0 0.7926 1 0.8478 0
T 88875 84.0 0.7898 1 0.8800 0
T 88882 84.0 0.7898 1 0.8800 0
T 88890 84.0 0.7898 1 0.8800 0
T 88898 84.0 0.7881 1 0.9122 0
T 88905 84.0 0.7881 1 0.9122 0
T 88912 84.0 0.7881 1 0.9122 0
T 88920 84.0 0.7876 1 0.9430 0
T 88928 84.0 0.7876 1 0.9430 0
T 88935 84.0 0.7876 1 0.9430 0
T 88942 84.0 0.7870 1 0.9738 0
T 88950 84.0 0.7870 1 0.9738 0
T 88958 84.0 0.7870 1 0.9738 0
T 88965 84.0 0.7871 1 0.0060 1
T 88972 84.0 0.7871 1 0.0060 0
T 88980 84.0 0.7871 1 0.0060 0
T 88988 84.0 0.7879 1 0.0382 0
T 88995 84.0 0.7879 1 0.0382 0
T 89002 84.0 0.7879 1 0.0382 0
T 89010 84.0 0.7877 1 0.0690 0
T 89018 84.0 0.7877 1 0.0690 0
T 89025 84.0 0.7877 1 0.0690 0
T 89032 84.0 0.7877 1 0.0998 0
T 89040 84.0 0.7877 1 0.0998 0
T 89048 84.0 0.7877 1 0.0998 0
T 89055 84.0 0.7883 1 0.1320 0
T 89062 84.0 0.7883 1 0.1320 0
T 89070 84.0 0.7883 1 0.1320 0
T 89078 84.0 0.7894 1 0.1642 0
T 89085 84.0 0.7894 1 0.1642 0
T 89092 84.0 0.7894 1 0.1642 0
T 89100 84.0 0.7910 1 0.1950 0
T 89108 84.0 0.7910 1 0.1950 0
T 89115 84.0 0.7910 1 0.1950 0
T 89122 84.0 0.7929 1 0.2258 0
T 89130 84.0 0.7929 1 0.2258 0
T 89138 84.0 0.7929 1 0.2258 0
T 89145 84.0 0.7937 1 0.2580 0
T 89152 84.0 0.7937 1 0.2580 0
T 89160 84.0 0.7937 1 0.2580 0
T 89168 84.0 0.7923 1 0.2902 0
T 89175 84.0 0.7923 1 0.2902 0
T 89182 84.0 0.7923 1 0.2902 0
T 89190 84.0 0.7891 1 0.3210 0
T 89198 84.0 0.7891 1 0.3210 0
T 89205 84.0 0.7891 1 0.3210 0
T 89212 84.0 0.7853 1 0.3518 0
T 89220 84.0 0.7853 1 0.3518 0
T 89228 84.0 0.7853 1 0.3518 0
T 89235 84.0 0.7812 1 0.3840 0
T 89242 84.0 0.7812 1 0.3840 0
T 89250 84.0 0.7812 1 0.3840 0
T 89258 84.0 0.7755 1 0.4162 0
T 89265 84.0 0.7755 1 0.4162 0
T 89272 84.0 0.7755 1 0.4162 0
T 89280 84.0 0.7696 1 0.4470 0
T 89288 84.0 0.7696 1 0.4470 0
T 89295 84.0 0.7696 1 0.4470 0
T 89302 84.0 0.7639 1 0.4778 0
T 89310 84.0 0.7639 1 0.4778 0
T 89318 84.0 0.7639 1 0.4778 0
T 89325 84.0 0.7582 1 0.5100 0
T 89332 84.0 0.7582 1 0.5100 0
T 89340 84.0 0.7582 1 0.5100 0
T 89348 84.0 0.7525 1 0.5422 0
T 89355 84.0 0.7525 1 0.5422 0
T 89362 84.0 0.7525 1 0.5422 0
T 89370 84.0 0.7466 1 0.5730 0
T 89378 84.0 0.7466 1 0.5730 0
T 89385 84.0 0.7466 1 0.5730 0
T 89392 84.0 0.7443 1 0.6038 0
T 89400 84.0 0.7443 1 0.6038 0
T 89408 84.0 0.7443 1 0.6038 0
T 89415 84.0 0.7416 1 0.7350 0
T 89422 84.0 0.7416 1 0.7350 0
T 89430 84.0 0.7416 1 0.7350 0
T 89438 84.0 0.7393 1 0.7673 0
T 89445 84.0 0.7393 1 0.7673 0
T 89452 84.0 0.7393 1 0.7673 0
T 89460 84.0 0.7378 1 0.7981 0
T 89468 84.0 0.7378 1 0.7981 0
T 89475 84.0 0.7378 1 0.7981 0
T 89482 84.0 0.7365 1 0.8794 0
T 89490 84.0 0.7365 1 0.8794 0
T 89498 84.0 0.7365 1 0.8794 0
T 89505 84.0 0.7353 1 0.9116 0
T 89512 84.0 0.7353 1 0.9116 0
T 89520 84.0 0.7353 1 0.9116 0
T 89528 84.0 0.7344 1 0.9438 0
T 89535 84.0 0.7344 1 0.9438 0
T 89542 84.0 0.7344 1 0.9438 0
T 89550 84.0 0.7341 1 0.9747 0
T 89558 84.0 0.7341 1 0.9747 0
T 89565 84.0 0.7341 1 0.9747 0
T 89572 84.0 0.7342 1 0.0055 1
T 89580 84.0 0.7342 1 0.0055 0
T 89588 84.0 0.7342 1 0.0055 0
T 89595 84.0 0.7347 1 0.0377 0
T 89602 84.0 0.7347 1 0.0377 0
T 89610 84.0 0.7347 1 0.0377 0
T 89618 84.0 0.7346 1 0.0699 0
T 89625 84.0 0.7346 1 0.0699 0
T 89632 84.0 0.7346 1 0.0699 0
T 89640 84.0 0.7355 1 0.1007 0
T 89648 84.0 0.7355 1 0.1007 0
T 89655 84.0 0.7355 1 0.1007 0
T 89662 84.0 0.7366 1 0.1315 0
T 89670 84.0 0.7366 1 0.1315 0
T 89678 84.0 0.7366 1 0.1315 0
T 89685 84.0 0.7376 1 0.1637 0
T 89692 84.0 0.7376 1 0.1637 0
T 89700 84.0 0.7376 1 0.1637 0
T 89708 84.0 0.7386 1 0.1960 0
T 89715 84.0 0.7386 1 0.1960 0
T 89722 84.0 0.7386 1 0.1960 0
T 89730 84.0 0.7381 1 0.2268 0
T 89738 84.0 0.7381 1 0.2268 0
T 89745 84.0 0.7381 1 0.2268 0
T 89752 84.0 0.7377 1 0.2576 0
T 89760 84.0 0.7377 1 0.2576 0
T 89768 84.0 0.7377 1 0.2576 0
T 89775 84.0 0.7375 1 0.2898 0
T 89782 84.0 0.7375 1 0.2898 0
T 89790 84.0 0.7375 1 0.2898 0
T 89798 84.0 0.7373 1 0.3220 0
T 89805 84.0 0.7373 1 0.3220 0
T 89812 84.0 0.7373 1 0.3220 0
T 89820 84.0 0.7369 1 0.3528 0
T 89828 84.0 0.7369 1 0.3528 0
T 89835 84.0 0.7369 1 0.3528 0
T 89842 84.0 0.7334 1 0.3836 0
T 89850 84.0 0.7334 1 0.3836 0
T 89858 84.0 0.7334 1 0.3836 0
T 89865 84.0 0.7267 1 0.3199 0
T 89872 84.0 0.7267 1 0.3199 0
T 89880 84.0 0.7267 1 0.3199 0
T 89888 84.0 0.7122 1 0.3521 0
T 89895 84.0 0.7122 1 0.3521 0
T 89902 84.0 0.7122 1 0.3521 0
T 89910 84.0 0.6958 1 0.2949 0
T 89918 84.0 0.6958 1 0.2949 0
T 89925 84.0 0.6958 1 0.2949 0
T 89932 84.0 0.6770 1 0.3256 0
T 89940 84.0 0.6770 1 0.3256 0
T 89948 84.0 0.6770 1 0.3256 0
T 89955 84.0 0.6566 1 0.3578 0
T 89962 84.0 0.6566 1 0.3578 0
T 89970 84.0 0.6566 1 0.3578 0
T 89978 84.0 0.6358 1 0.3900 0
T 89985 84.0 0.6358 1 0.3900 0
T 89992 84.0 0.6358 1 0.3900 0
T 90000 84.0 0.6170 1 0.4207 0
T 90008 84.0 0.6170 1 0.4207 0
T 90015 84.0 0.6170 1 0.4207 0
T 90022 126.0 0.6668 1 0.4531 0
T 90030 126.0 0.6668 1 0.4531 0
T 90038 126.0 0.6668 1 0.4531 0
T 90045 126.0 0.7117 1 0.4996 0
T 90052 126.0 0.7117 1 0.4996 0
T 90060 126.0 0.7117 1 0.4996 0
T 90068 126.0 0.7501 1 0.5463 0
T 90075 126.0 0.7501 1 0.5463 0
T 90082 126.0 0.7501 1 0.5463 0
T 90090 126.0 0.7817 1 0.5912 0
T 90098 126.0 0.7817 1 0.5912 0
T 90105 126.0 0.7817 1 0.5912 0
T 90112 126.0 0.8089 1 0.6362 0
T 90120 126.0 0.8089 1 0.6362 0
T 90128 126.0 0.8089 1 0.6362 0
T 90135 126.0 0.8333 1 0.6833 0
T 90142 126.0 0.8333 1 0.6833 0
T 90150 126.0 0.8333 1 0.6833 0
T 90158 126.0 0.8542 1 0.7306 0
T 90165 126.0 0.8542 1 0.7306 0
T 90172 126.0 0.8542 1 0.7306 0
T 90180 126.0 0.8714 1 0.7759 0
T 90188 126.0 0.8714 1 0.7759 0
T 90195 126.0 0.8714 1 0.7759 0
T 90202 126.0 0.8862 1 0.8213 0
T 90210 126.0 0.8862 1 0.8213 0
T 90218 126.0 0.8862 1 0.8213 0
T 90225 126.0 0.8994 1 0.8689 0
T 90232 126.0 0.8994 1 0.8689 0
T 90240 126.0 0.8994 1 0.8689 0
T 90248 126.0 0.9107 1 0.9165 0
T 90255 126.0 0.9107 1 0.9165 0
T 90262 126.0 0.9107 1 0.9165 0
T 90270 126.0 0.9199 1 0.9621 0
T 90278 126.0 0.9199 1 0.9621 0
T 90285 126.0 0.9199 1 0.9621 0
T 90292 126.0 0.9279 1 0.0078 1
T 90300 126.0 0.9279 1 0.0078 0
T 90308 126.0 0.9279 1 0.0078 0
T 90315 126.0 0.9350 1 0.0556 0
T 90322 126.0 0.9350 1 0.0556 0
T 90330 126.0 0.9350 1 0.0556 0
T 90338 126.0 0.9413 1 0.1035 0
T 90345 126.0 0.9413 1 0.1035 0
T 90352 126.0 0.9413 1 0.1035 0
T 90360 126.0 0.9464 1 0.1493 0
T 90368 126.0 0.9464 1 0.1493 0
T 90375 126.0 0.9464 1 0.1493 0
T 90382 126.0 0.9507 1 0.1952 0
T 90390 126.0 0.9507 1 0.1952 0
T 90398 126.0 0.9507 1 0.1952 0
T 90405 126.0 0.9545 1 0.2431 0
T 90412 126.0 0.9545 1 0.2431 0
T 90420 126.0 0.9545 1 0.2431 0
T 90428 126.0 0.9578 1 0.2912 0
T 90435 126.0 0.9578 1 0.2912 0
T 90442 126.0 0.9578 1 0.2912 0
T 90450 126.0 0.9604 1 0.3371 0
T 90458 126.0 0.9604 1 0.3371 0
T 90465 126.0 0.9604 1 0.3371 0
T 90472 126.0 0.9626 1 0.3831 0
T 90480 126.0 0.9626 1 0.3831 0
T 90488 126.0 0.9626 1 0.3831 0
T 90495 126.0 0.9647 1 0.4312 0
T 90502 126.0 0.9647 1 0.4312 0
T 90510 126.0 0.9647 1 0.4312 0
T 90518 126.0 0.9664 1 0.4793 0
T 90525 126.0 0.9664 1 0.4793 0
T 90532 126.0 0.9664 1 0.4793 0
T 90540 126.0 0.9679 1 0.5253 0
T 90548 126.0 0.9679 1 0.5253 0
T 90555 126.0 0.9679 1 0.5253 0
T 90562 126.0 0.9692 1 0.5714 0
T 90570 126.0 0.9692 1 0.5714 0
T 90578 126.0 0.9692 1 0.5714 0
T 90585 126.0 0.9704 1 0.6195 0
T 90592 126.0 0.9704 1 0.6195 0
T 90600 126.0 0.9704 1 0.6195 0
T 90608 126.0 0.9716 1 0.6677 0
T 90615 126.0 0.9716 1 0.6677 0
T 90622 126.0 0.9716 1 0.6677 0
T 90630 126.0 0.9726 1 0.7138 0
T 90638 126.0 0.9726 1 0.7138 0
T 90645 126.0 0.9726 1 0.7138 0
T 90652 126.0 0.9736 1 0.7599 0
T 90660 126.0 0.9736 1 0.7599 0
T 90668 126.0 0.9736 1 0.7599 0
T 90675 126.0 0.9745 1 0.8081 0
T 90682 126.0 0.9745 1 0.8081 0
T 90690 126.0 0.9745 1 0.8081 0
T 90698 126.0 0.9753 1 0.8563 0
T 90705 126.0 0.9753 1 0.8563 0
T 90712 126.0 0.9753 1 0.8563 0
T 90720 126.0 0.9760 1 0.9025 0
T 90728 126.0 0.9760 1 0.9025 0
T 90735 126.0 0.9760 1 0.9025 0
T 90742 126.0 0.9767 1 0.9486 0
T 90750 126.0 0.9767 1 0.9486 0
T 90758 126.0 0.9767 1 0.9486 0
T 90765 126.0 0.9774 1 0.9968 0
T 90772 126.0 0.9774 1 0.9968 0
T 90780 126.0 0.9774 1 0.9968 0
T 90788 126.0 0.9780 1 0.0451 1
T 90795 126.0 0.9780 1 0.0451 0
T 90802 126.0 0.9780 1 0.0451 0
T 90810 126.0 0.9786 1 0.0912 0
T 90818 126.0 0.9786 1 0.0912 0
T 90825 126.0 0.9786 1 0.0912 0
T 90832 126.0 0.9791 1 0.1374 0
T 90840 126.0 0.9791 1 0.1374 0
T 90848 126.0 0.9791 1 0.1374 0
T 90855 126.0 0.9796 1 0.1856 0
T 90862 126.0 0.9796 1 0.1856 0
T 90870 126.0 0.9796 1 0.1856 0
T 90878 126.0 0.9801 1 0.2339 0
T 90885 126.0 0.9801 1 0.2339 0
T 90892 126.0 0.9801 1 0.2339 0
T 90900 126.0 0.9806 1 0.2801 0
T 90908 126.0 0.9806 1 0.2801 0
T 90915 126.0 0.9806 1 0.2801 0
T 90922 126.0 0.9810 1 0.3263 0
T 90930 126.0 0.9810 1 0.3263 0
T 90938 126.0 0.9810 1 0.3263 0
T 90945 126.0 0.9814 1 0.3745 0
T 90952 126.0 0.9814 1 0.3745 0
T 90960 126.0 0.9814 1 0.3745 0
T 90968 126.0 0.9817 1 0.4228 0
T 90975 126.0 0.9817 1 0.4228 0
T 90982 126.0 0.9817 1 0.4228 0
T 90990 126.0 0.9820 1 0.4690 0
T 90998 126.0 0.9820 1 0.4690 0
T 91005 126.0 0.9820 1 0.4690 0
T 91012 126.0 0.9822 1 0.5152 0
T 91020 126.0 0.9822 1 0.5152 0
T 91028 126.0 0.9822 1 0.5152 0
T 91035 126.0 0.9824 1 0.5635 0
T 91042 126.0 0.9824 1 0.5635 0
T 91050 126.0 0.9824 1 0.5635 0
T 91058 126.0 0.9826 1 0.6117 0
T 91065 126.0 0.9826 1 0.6117 0
T 91072 126.0 0.9826 1 0.6117 0
T 91080 126.0 0.9827 1 0.6579 0
T 91088 126.0 0.9827 1 0.6579 0
T 91095 126.0 0.9827 1 0.6579 0
T 91102 126.0 0.9828 1 0.7041 0
T 91110 126.0 0.9828 1 0.7041 0
T 91118 126.0 0.9828 1 0.7041 0
T 91125 126.0 0.9828 1 0.7524 0
T 91132 126.0 0.9828 1 0.7524 0
T 91140 126.0 0.9828 1 0.7524 0
T 91148 126.0 0.9828 1 0.8007 0
T 91155 126.0 0.9828 1 0.8007 0
T 91162 126.0 0.9828 1 0.8007 0
T 91170 126.0 0.9827 1 0.8469 0
T 91178 126.0 0.9827 1 0.8469 0
T 91185 126.0 0.9827 1 0.8469 0
T 91192 126.0 0.9826 1 0.8931 0
T 91200 126.0 0.9826 1 0.8931 0
T 91208 126.0 0.9826 1 0.8931 0
T 91215 126.0 0.9825 1 0.9414 0
T 91222 126.0 0.9825 1 0.9414 0
T 91230 126.0 0.9825 1 0.9414 0
T 91238 126.0 0.9824 1 0.9897 0
T 91245 126.0 0.9824 1 0.9897 0
T 91252 126.0 0.9824 1 0.9897 0
T 91260 126.0 0.9822 1 0.0359 1
T 91268 126.0 0.9822 1 0.0359 0
T 91275 126.0 0.9822 1 0.0359 0
T 91282 126.0 0.9820 1 0.0821 0
T 91290 126.0 0.9820 1 0.0821 0
T 91298 126.0 0.9820 1 0.0821 0
T 91305 126.0 0.9818 1 0.1303 0
T 91312 126.0 0.9818 1 0.1303 0
T 91320 126.0 0.9818 1 0.1303 0
T 91328 126.0 0.9815 1 0.1786 0
T 91335 126.0 0.9815 1 0.1786 0
T 91342 126.0 0.9815 1 0.1786 0
T 91350 126.0 0.9813 1 0.2248 0
T 91358 126.0 0.9813 1 0.2248 0
T 91365 126.0 0.9813 1 0.2248 0
T 91372 126.0 0.9810 1 0.2710 0
T 91380 126.0 0.9810 1 0.2710 0
T 91388 126.0 0.9810 1 0.2710 0
T 91395 126.0 0.9806 1 0.3193 0
T 91402 126.0 0.9806 1 0.3193 0
T 91410 126.0 0.9806 1 0.3193 0
T 91418 126.0 0.9802 1 0.3676 0
T 91425 126.0 0.9802 1 0.3676 0
T 91432 126.0 0.9802 1 0.3676 0
T 91440 126.0 0.9798 1 0.4138 0
T 91448 126.0 0.9798 1 0.4138 0
T 91455 126.0 0.9798 1 0.4138 0
T 91462 126.0 0.9795 1 0.4600 0
T 91470 126.0 0.9795 1 0.4600 0
T 91478 126.0 0.9795 1 0.4600 0
T 91485 126.0 0.9791 1 0.5083 0
T 91492 126.0 0.9791 1 0.5083 0
T 91500 126.0 0.9791 1 0.5083 0
T 91508 126.0 0.9786 1 0.5566 0
T 91515 126.0 0.9786 1 0.5566 0
T 91522 126.0 0.9786 1 0.5566 0
T 91530 126.0 0.9783 1 0.6028 0
T 91538 126.0 0.9783 1 0.6028 0
T 91545 126.0 0.9783 1 0.6028 0
T 91552 126.0 0.9780 1 0.7483 0
T 91560 126.0 0.9780 1 0.7483 0
T 91568 126.0 0.9780 1 0.7483 0
T 91575 126.0 0.9776 1 0.7966 0
T 91582 126.0 0.9776 1 0.7966 0
T 91590 126.0 0.9776 1 0.7966 0
T 91598 126.0 0.9771 1 0.8450 0
T 91605 126.0 0.9771 1 0.8450 0
T 91612 126.0 0.9771 1 0.8450 0
T 91620 126.0 0.9767 1 0.8912 0
T 91628 126.0 0.9767 1 0.8912 0
T 91635 126.0 0.9767 1 0.8912 0
T 91642 126.0 0.9762 1 0.9374 0
T 91650 126.0 0.9762 1 0.9374 0
T 91658 126.0 0.9762 1 0.9374 0
T 91665 126.0 0.9756 1 0.9857 0
T 91672 126.0 0.9756 1 0.9857 0
T 91680 126.0 0.9756 1 0.9857 0
T 91688 126.0 0.9751 1 0.0341 1
T 91695 126.0 0.9751 1 0.0341 0
T 91702 126.0 0.9751 1 0.0341 0
T 91710 126.0 0.9745 1 0.0803 0
T 91718 126.0 0.9745 1 0.0803 0
T 91725 126.0 0.9745 1 0.0803 0
T 91732 126.0 0.9739 1 0.1265 0
T 91740 126.0 0.9739 1 0.1265 0
T 91748 126.0 0.9739 1 0.1265 0
T 91755 126.0 0.9733 1 0.1748 0
T 91762 126.0 0.9733 1 0.1748 0
T 91770 126.0 0.9733 1 0.1748 0
T 91778 126.0 0.9726 1 0.2231 0
T 91785 126.0 0.9726 1 0.2231 0
T 91792 126.0 0.9726 1 0.2231 0
T 91800 126.0 0.9720 1 0.2693 0
T 91808 126.0 0.9720 1 0.2693 0
T 91815 126.0 0.9720 1 0.2693 0
T 91822 126.0 0.9713 1 0.3155 0
T 91830 126.0 0.9713 1 0.3155 0
T 91838 126.0 0.9713 1 0.3155 0
T 91845 126.0 0.9705 1 0.3639 0
T 91852 126.0 0.9705 1 0.3639 0
T 91860 126.0 0.9705 1 0.3639 0
T 91868 126.0 0.9697 1 0.4122 0
T 91875 126.0 0.9697 1 0.4122 0
T 91882 126.0 0.9697 1 0.4122 0
T 91890 126.0 0.9688 1 0.4584 0
T 91898 126.0 0.9688 1 0.4584 0
T 91905 126.0 0.9688 1 0.4584 0
T 91912 126.0 0.9680 1 0.5046 0
T 91920 126.0 0.9680 1 0.5046 0
T 91928 126.0 0.9680 1 0.5046 0
T 91935 126.0 0.9671 1 0.5529 0
T 91942 126.0 0.9671 1 0.5529 0
T 91950 126.0 0.9671 1 0.5529 0
T 91958 126.0 0.9663 1 0.6012 0
T 91965 126.0 0.9663 1 0.6012 0
T 91972 126.0 0.9663 1 0.6012 0
T 91980 126.0 0.9655 1 0.6474 0
T 91988 126.0 0.9655 1 0.6474 0
T 91995 126.0 0.9655 1 0.6474 0
T 92002 126.0 0.9655 1 0.6936 0
T 92010 126.0 0.9655 1 0.6936 0
T 92018 126.0 0.9655 1 0.6936 0
T 92025 126.0 0.9661 1 0.8185 0
T 92032 126.0 0.9661 1 0.8185 0
T 92040 126.0 0.9661 1 0.8185 0
T 92048 126.0 0.9665 1 0.8668 0
T 92055 126.0 0.9665 1 0.8668 0
T 92062 126.0 0.9665 1 0.8668 0
T 92070 126.0 0.9670 1 0.9131 0
T 92078 126.0 0.9670 1 0.9131 0
T 92085 126.0 0.9670 1 0.9131 0
T 92092 126.0 0.9676 1 0.9593 0
T 92100 126.0 0.9676 1 0.9593 0
T 92108 126.0 0.9676 1 0.9593 0
T 92115 126.0 0.9683 1 0.0178 1
T 92122 126.0 0.9683 1 0.0178 0
T 92130 126.0 0.9683 1 0.0178 0
T 92138 126.0 0.9690 1 0.0661 0
T 92145 126.0 0.9690 1 0.0661 0
T 92152 126.0 0.9690 1 0.0661 0
T 92160 126.0 0.9698 1 0.1123 0
T 92168 126.0 0.9698 1 0.1123 0
T 92175 126.0 0.9698 1 0.1123 0
T 92182 126.0 0.9706 1 0.1585 0
T 92190 126.0 0.9706 1 0.1585 0
T 92198 126.0 0.9706 1 0.1585 0
T 92205 126.0 0.9714 1 0.2069 0
T 92212 126.0 0.9714 1 0.2069 0
T 92220 126.0 0.9714 1 0.2069 0
T 92228 126.0 0.9724 1 0.2552 0
T 92235 126.0 0.9724 1 0.2552 0
T 92242 126.0 0.9724 1 0.2552 0
T 92250 126.0 0.9734 1 0.2376 0
T 92258 126.0 0.9734 1 0.2376 0
T 92265 126.0 0.9734 1 0.2376 0
T 92272 126.0 0.9744 1 0.2838 0
T 92280 126.0 0.9744 1 0.2838 0
T 92288 126.0 0.9744 1 0.2838 0
T 92295 126.0 0.9755 1 0.2611 0
T 92302 126.0 0.9755 1 0.2611 0
T 92310 126.0 0.9755 1 0.2611 0
T 92318 126.0 0.9764 1 0.3094 0
T 92325 126.0 0.9764 1 0.3094 0
T 92332 126.0 0.9764 1 0.3094 0
T 92340 126.0 0.9772 1 0.3556 0
T 92348 126.0 0.9772 1 0.3556 0
T 92355 126.0 0.9772 1 0.3556 0
T 92362 126.0 0.9778 1 0.4017 0
T 92370 126.0 0.9778 1 0.4017 0
T 92378 126.0 0.9778 1 0.4017 0
T 92385 126.0 0.9784 1 0.4500 0
T 92392 126.0 0.9784 1 0.4500 0
T 92400 126.0 0.9784 1 0.4500 0
T 92408 126.0 0.9788 1 0.4983 0
T 92415 126.0 0.9788 1 0.4983 0
T 92422 126.0 0.9788 1 0.4983 0
T 92430 126.0 0.9791 1 0.5445 0
T 92438 126.0 0.9791 1 0.5445 0
T 92445 126.0 0.9791 1 0.5445 0
T 92452 126.0 0.9792 1 0.5907 0
T 92460 126.0 0.9792 1 0.5907 0
T 92468 126.0 0.9792 1 0.5907 0
T 92475 126.0 0.9794 1 0.6390 0
T 92482 126.0 0.9794 1 0.6390 0
T 92490 126.0 0.9794 1 0.6390 0
T 92498 126.0 0.9794 1 0.6872 0
T 92505 126.0 0.9794 1 0.6872 0
T 92512 126.0 0.9794 1 0.6872 0
T 92520 126.0 0.9797 1 0.8116 0
T 92528 126.0 0.9797 1 0.8116 0
T 92535 126.0 0.9797 1 0.8116 0
T 92542 126.0 0.9798 1 0.8578 0
T 92550 126.0 0.9798 1 0.8578 0
T 92558 126.0 0.9798 1 0.8578 0
T 92565 126.0 0.9798 1 0.9061 0
T 92572 126.0 0.9798 1 0.9061 0
T 92580 126.0 0.9798 1 0.9061 0
T 92588 126.0 0.9798 1 0.9545 0
T 92595 126.0 0.9798 1 0.9545 0
T 92602 126.0 0.9798 1 0.9545 0
T 92610 126.0 0.9797 1 0.0007 1
T 92618 126.0 0.9797 1 0.0007 0
T 92625 126.0 0.9797 1 0.0007 0
T 92632 126.0 0.9794 1 0.0469 0
T 92640 126.0 0.9794 1 0.0469 0
T 92648 126.0 0.9794 1 0.0469 0
T 92655 126.0 0.9790 1 0.0952 0
T 92662 126.0 0.9790 1 0.0952 0
T 92670 126.0 0.9790 1 0.0952 0
T 92678 126.0 0.9784 1 0.1435 0
T 92685 126.0 0.9784 1 0.1435 0
T 92692 126.0 0.9784 1 0.1435 0
T 92700 126.0 0.9778 1 0.1897 0
T 92708 126.0 0.9778 1 0.1897 0
T 92715 126.0 0.9778 1 0.1897 0
T 92722 126.0 0.9773 1 0.2359 0
T 92730 126.0 0.9773 1 0.2359 0
T 92738 126.0 0.9773 1 0.2359 0
T 92745 126.0 0.9767 1 0.2842 0
T 92752 126.0 0.9767 1 0.2842 0
T 92760 126.0 0.9767 1 0.2842 0
T 92768 126.0 0.9762 1 0.3325 0
T 92775 126.0 0.9762 1 0.3325 0
T 92782 126.0 0.9762 1 0.3325 0
T 92790 126.0 0.9756 1 0.3787 0
T 92798 126.0 0.9756 1 0.3787 0
T 92805 126.0 0.9756 1 0.3787 0
T 92812 126.0 0.9747 1 0.4249 0
T 92820 126.0 0.9747 1 0.4249 0
T 92828 126.0 0.9747 1 0.4249 0
T 92835 126.0 0.9739 1 0.3732 0
T 92842 126.0 0.9739 1 0.3732 0
T 92850 126.0 0.9739 1 0.3732 0
T 92858 126.0 0.9729 1 0.4215 0
T 92865 126.0 0.9729 1 0.4215 0
T 92872 126.0 0.9729 1 0.4215 0
T 92880 126.0 0.9720 1 0.4677 0
T 92888 126.0 0.9720 1 0.4677 0
T 92895 126.0 0.9720 1 0.4677 0
T 92902 126.0 0.9706 1 0.5138 0
T 92910 126.0 0.9706 1 0.5138 0
T 92918 126.0 0.9706 1 0.5138 0
T 92925 126.0 0.9697 1 0.6621 0
T 92932 126.0 0.9697 1 0.6621 0
T 92940 126.0 0.9697 1 0.6621 0
T 92948 126.0 0.9687 1 0.7104 0
T 92955 126.0 0.9687 1 0.7104 0
T 92962 126.0 0.9687 1 0.7104 0
T 92970 126.0 0.9678 1 0.7567 0
T 92978 126.0 0.9678 1 0.7567 0
T 92985 126.0 0.9678 1 0.7567 0
T 92992 126.0 0.9668 1 0.8637 0
T 93000 126.0 0.9668 1 0.8637 0
T 93008 126.0 0.9668 1 0.8637 0
T 93015 126.0 0.9661 1 0.9120 0
T 93022 126.0 0.9661 1 0.9120 0
T 93030 126.0 0.9661 1 0.9120 0
T 93038 126.0 0.9656 1 0.9604 0
T 93045 126.0 0.9656 1 0.9604 0
T 93052 126.0 0.9656 1 0.9604 0
T 93060 126.0 0.9653 1 0.0066 1
T 93068 126.0 0.9653 1 0.0066 0
T 93075 126.0 0.9653 1 0.0066 0
T 93082 126.0 0.9650 1 0.0528 0
T 93090 126.0 0.9650 1 0.0528 0
T 93098 126.0 0.9650 1 0.0528 0
T 93105 126.0 0.9647 1 0.1012 0
T 93112 126.0 0.9647 1 0.1012 0
T 93120 126.0 0.9647 1 0.1012 0
T 93128 126.0 0.9644 1 0.1495 0
T 93135 126.0 0.9644 1 0.1495 0
T 93142 126.0 0.9644 1 0.1495 0
T 93150 126.0 0.9641 1 0.1957 0
T 93158 126.0 0.9641 1 0.1957 0
T 93165 126.0 0.9641 1 0.1957 0
T 93172 126.0 0.9637 1 0.2419 0
T 93180 126.0 0.9637 1 0.2419 0
T 93188 126.0 0.9637 1 0.2419 0
T 93195 126.0 0.9635 1 0.2902 0
T 93202 126.0 0.9635 1 0.2902 0
T 93210 126.0 0.9635 1 0.2902 0
T 93218 126.0 0.9635 1 0.3385 0
T 93225 126.0 0.9635 1 0.3385 0
T 93232 126.0 0.9635 1 0.3385 0
T 93240 126.0 0.9637 1 0.3848 0
T 93248 126.0 0.9637 1 0.3848 0
T 93255 126.0 0.9637 1 0.3848 0
T 93262 126.0 0.9639 1 0.4310 0
T 93270 126.0 0.9639 1 0.4310 0
T 93278 126.0 0.9639 1 0.4310 0
T 93285 126.0 0.9640 1 0.4793 0
T 93292 126.0 0.9640 1 0.4793 0
T 93300 126.0 0.9640 1 0.4793 0
T 93308 126.0 0.9640 1 0.5276 0
T 93315 126.0 0.9640 1 0.5276 0
T 93322 126.0 0.9640 1 0.5276 0
T 93330 126.0 0.9639 1 0.5738 0
T 93338 126.0 0.9639 1 0.5738 0
T 93345 126.0 0.9639 1 0.5738 0
T 93352 126.0 0.9641 1 0.6200 0
T 93360 126.0 0.9641 1 0.6200 0
T 93368 126.0 0.9641 1 0.6200 0
T 93375 126.0 0.9641 1 0.6683 0
T 93382 126.0 0.9641 1 0.6683 0
T 93390 126.0 0.9641 1 0.6683 0
T 93398 126.0 0.9639 1 0.7166 0
T 93405 126.0 0.9639 1 0.7166 0
T 93412 126.0 0.9639 1 0.7166 0
T 93420 126.0 0.9636 1 0.7628 0
T 93428 126.0 0.9636 1 0.7628 0
T 93435 126.0 0.9636 1 0.7628 0
T 93442 126.0 0.9637 1 0.8090 0
T 93450 126.0 0.9637 1 0.8090 0
T 93458 126.0 0.9637 1 0.8090 0
T 93465 126.0 0.9637 1 0.9051 0
T 93472 126.0 0.9637 1 0.9051 0
T 93480 126.0 0.9637 1 0.9051 0
T 93488 126.0 0.9635 1 0.9534 0
T 93495 126.0 0.9635 1 0.9534 0
T 93502 126.0 0.9635 1 0.9534 0
T 93510 126.0 0.9630 1 0.9996 0
T 93518 126.0 0.9630 1 0.9996 0
T 93525 126.0 0.9630 1 0.9996 0
T 93532 126.0 0.9623 1 0.0458 1
T 93540 126.0 0.9623 1 0.0458 0
T 93548 126.0 0.9623 1 0.0458 0
T 93555 126.0 0.9617 1 0.0941 0
T 93562 126.0 0.9617 1 0.0941 0
T 93570 126.0 0.9617 1 0.0941 0
T 93578 126.0 0.9611 1 0.1425 0
T 93585 126.0 0.9611 1 0.1425 0
T 93592 126.0 0.9611 1 0.1425 0
T 93600 126.0 0.9607 1 0.1887 0
T 93608 126.0 0.9607 1 0.1887 0
T 93615 126.0 0.9607 1 0.1887 0
T 93622 126.0 0.9603 1 0.2349 0
T 93630 126.0 0.9603 1 0.2349 0
T 93638 126.0 0.9603 1 0.2349 0
T 93645 126.0 0.9602 1 0.2832 0
T 93652 126.0 0.9602 1 0.2832 0
T 93660 126.0 0.9602 1 0.2832 0
T 93668 126.0 0.9601 1 0.3315 0
T 93675 126.0 0.9601 1 0.3315 0
T 93682 126.0 0.9601 1 0.3315 0
T 93690 126.0 0.9600 1 0.3777 0
T 93698 126.0 0.9600 1 0.3777 0
T 93705 126.0 0.9600 1 0.3777 0
T 93712 126.0 0.9600 1 0.4239 0
T 93720 126.0 0.9600 1 0.4239 0
T 93728 126.0 0.9600 1 0.4239 0
T 93735 126.0 0.9600 1 0.4722 0
T 93742 126.0 0.9600 1 0.4722 0
T 93750 126.0 0.9600 1 0.4722 0
T 93758 126.0 0.9600 1 0.5205 0
T 93765 126.0 0.9600 1 0.5205 0
T 93772 126.0 0.9600 1 0.5205 0
T 93780 126.0 0.9598 1 0.5667 0
T 93788 126.0 0.9598 1 0.5667 0
T 93795 126.0 0.9598 1 0.5667 0
T 93802 126.0 0.9597 1 0.7129 0
T 93810 126.0 0.9597 1 0.7129 0
T 93818 126.0 0.9597 1 0.7129 0
T 93825 126.0 0.9596 1 0.7613 0
T 93832 126.0 0.9596 1 0.7613 0
T 93840 126.0 0.9596 1 0.7613 0
T 93848 126.0 0.9595 1 0.8096 0
T 93855 126.0 0.9595 1 0.8096 0
T 93862 126.0 0.9595 1 0.8096 0
T 93870 126.0 0.9596 1 0.8558 0
T 93878 126.0 0.9596 1 0.8558 0
T 93885 126.0 0.9596 1 0.8558 0
T 93892 126.0 0.9596 1 0.9021 0
T 93900 126.0 0.9596 1 0.9021 0
T 93908 126.0 0.9596 1 0.9021 0
T 93915 126.0 0.9596 1 0.9504 0
T 93922 126.0 0.9596 1 0.9504 0
T 93930 126.0 0.9596 1 0.9504 0
T 93938 126.0 0.9595 1 0.0111 1
T 93945 126.0 0.9595 1 0.0111 0
T 93952 126.0 0.9595 1 0.0111 0
T 93960 126.0 0.9593 1 0.0573 0
T 93968 126.0 0.9593 1 0.0573 0
T 93975 126.0 0.9593 1 0.0573 0
T 93982 126.0 0.9592 1 0.1036 0
T 93990 126.0 0.9592 1 0.1036 0
T 93998 126.0 0.9592 1 0.1036 0
T 94005 126.0 0.9589 1 0.1519 0
T 94012 126.0 0.9589 1 0.1519 0
T 94020 126.0 0.9589 1 0.1519 0
T 94028 126.0 0.9588 1 0.2002 0
T 94035 126.0 0.9588 1 0.2002 0
T 94042 126.0 0.9588 1 0.2002 0
T 94050 126.0 0.9588 1 0.2464 0
T 94058 126.0 0.9588 1 0.2464 0
T 94065 126.0 0.9588 1 0.2464 0
T 94072 126.0 0.9587 1 0.2926 0
T 94080 126.0 0.9587 1 0.2926 0
T 94088 126.0 0.9587 1 0.2926 0
T 94095 126.0 0.9589 1 0.3410 0
T 94102 126.0 0.9589 1 0.3410 0
T 94110 126.0 0.9589 1 0.3410 0
T 94118 126.0 0.9589 1 0.3893 0
T 94125 126.0 0.9589 1 0.3893 0
T 94132 126.0 0.9589 1 0.3893 0
T 94140 126.0 0.9589 1 0.4355 0
T 94148 126.0 0.9589 1 0.4355 0
T 94155 126.0 0.9589 1 0.4355 0
T 94162 126.0 0.9589 1 0.3817 0
T 94170 126.0 0.9589 1 0.3817 0
T 94178 126.0 0.9589 1 0.3817 0
T 94185 126.0 0.9590 1 0.4300 0
T 94192 126.0 0.9590 1 0.4300 0
T 94200 126.0 0.9590 1 0.4300 0
T 94208 126.0 0.9592 1 0.4782 0
T 94215 126.0 0.9592 1 0.4782 0
T 94222 126.0 0.9592 1 0.4782 0
T 94230 126.0 0.9594 1 0.5244 0
T 94238 126.0 0.9594 1 0.5244 0
T 94245 126.0 0.9594 1 0.5244 0
T 94252 126.0 0.9594 1 0.5706 0
T 94260 126.0 0.9594 1 0.5706 0
T 94268 126.0 0.9594 1 0.5706 0
T 94275 126.0 0.9594 1 0.6189 0
T 94282 126.0 0.9594 1 0.6189 0
T 94290 126.0 0.9594 1 0.6189 0
T 94298 126.0 0.9594 1 0.6672 0
T 94305 126.0 0.9594 1 0.6672 0
T 94312 126.0 0.9594 1 0.6672 0
T 94320 126.0 0.9594 1 0.7133 0
T 94328 126.0 0.9594 1 0.7133 0
T 94335 126.0 0.9594 1 0.7133 0
T 94342 126.0 0.9593 1 0.7595 0
T 94350 126.0 0.9593 1 0.7595 0
T 94358 126.0 0.9593 1 0.7595 0
T 94365 126.0 0.9592 1 0.8078 0
T 94372 126.0 0.9592 1 0.8078 0
T 94380 126.0 0.9592 1 0.8078 0
T 94388 126.0 0.9592 1 0.8561 0
T 94395 126.0 0.9592 1 0.8561 0
T 94402 126.0 0.9592 1 0.8561 0
T 94410 126.0 0.9592 1 0.9023 0
T 94418 126.0 0.9592 1 0.9023 0
T 94425 126.0 0.9592 1 0.9023 0
T 94432 126.0 0.9593 1 0.9485 0
T 94440 126.0 0.9593 1 0.9485 0
T 94448 126.0 0.9593 1 0.9485 0
T 94455 126.0 0.9595 1 0.9968 0
T 94462 126.0 0.9595 1 0.9968 0
T 94470 126.0 0.9595 1 0.9968 0
T 94478 126.0 0.9594 1 0.0451 1
T 94485 126.0 0.9594 1 0.0451 0
T 94492 126.0 0.9594 1 0.0451 0
T 94500 126.0 0.9591 1 0.0913 0
T 94508 126.0 0.9591 1 0.0913 0
T 94515 126.0 0.9591 1 0.0913 0
T 94522 126.0 0.9591 1 0.1375 0
T 94530 126.0 0.9591 1 0.1375 0
T 94538 126.0 0.9591 1 0.1375 0
T 94545 126.0 0.9592 1 0.1858 0
T 94552 126.0 0.9592 1 0.1858 0
T 94560 126.0 0.9592 1 0.1858 0
T 94568 126.0 0.9593 1 0.2341 0
T 94575 126.0 0.9593 1 0.2341 0
T 94582 126.0 0.9593 1 0.2341 0
T 94590 126.0 0.9595 1 0.2802 0
T 94598 126.0 0.9595 1 0.2802 0
T 94605 126.0 0.9595 1 0.2802 0
T 94612 126.0 0.9601 1 0.3264 0
T 94620 126.0 0.9601 1 0.3264 0
T 94628 126.0 0.9601 1 0.3264 0
T 94635 126.0 0.9605 1 0.2931 0
T 94642 126.0 0.9605 1 0.2931 0
T 94650 126.0 0.9605 1 0.2931 0
T 94658 126.0 0.9609 1 0.3414 0
T 94665 126.0 0.9609 1 0.3414 0
T 94672 126.0 0.9609 1 0.3414 0
T 94680 126.0 0.9613 1 0.3876 0
T 94688 126.0 0.9613 1 0.3876 0
T 94695 126.0 0.9613 1 0.3876 0
T 94702 126.0 0.9618 1 0.4337 0
T 94710 126.0 0.9618 1 0.4337 0
T 94718 126.0 0.9618 1 0.4337 0
T 94725 126.0 0.9621 1 0.4820 0
T 94732 126.0 0.9621 1 0.4820 0
T 94740 126.0 0.9621 1 0.4820 0
T 94748 126.0 0.9623 1 0.5303 0
T 94755 126.0 0.9623 1 0.5303 0
T 94762 126.0 0.9623 1 0.5303 0
T 94770 126.0 0.9625 1 0.5765 0
T 94778 126.0 0.9625 1 0.5765 0
T 94785 126.0 0.9625 1 0.5765 0
T 94792 126.0 0.9625 1 0.6227 0
T 94800 126.0 0.9625 1 0.6227 0
T 94808 126.0 0.9625 1 0.6227 0
T 94815 126.0 0.9625 1 0.6710 0
T 94822 126.0 0.9625 1 0.6710 0
T 94830 126.0 0.9625 1 0.6710 0
T 94838 126.0 0.9623 1 0.8015 0
T 94845 126.0 0.9623 1 0.8015 0
T 94852 126.0 0.9623 1 0.8015 0
T 94860 126.0 0.9621 1 0.8477 0
T 94868 126.0 0.9621 1 0.8477 0
T 94875 126.0 0.9621 1 0.8477 0
T 94882 126.0 0.9619 1 0.8939 0
T 94890 126.0 0.9619 1 0.8939 0
T 94898 126.0 0.9619 1 0.8939 0
T 94905 126.0 0.9617 1 0.9422 0
T 94912 126.0 0.9617 1 0.9422 0
T 94920 126.0 0.9617 1 0.9422 0
T 94928 126.0 0.9614 1 0.9906 0
T 94935 126.0 0.9614 1 0.9906 0
T 94942 126.0 0.9614 1 0.9906 0
T 94950 126.0 0.9612 1 0.0368 1
T 94958 126.0 0.9612 1 0.0368 0
T 94965 126.0 0.9612 1 0.0368 0
T 94972 126.0 0.9610 1 0.0830 0
T 94980 126.0 0.9610 1 0.0830 0
T 94988 126.0 0.9610 1 0.0830 0
T 94995 126.0 0.9607 1 0.1313 0
T 95002 126.0 0.9607 1 0.1313 0
T 95010 126.0 0.9607 1 0.1313 0
T 95018 126.0 0.9602 1 0.1796 0
T 95025 126.0 0.9602 1 0.1796 0
T 95032 126.0 0.9602 1 0.1796 0
T 95040 126.0 0.9596 1 0.2258 0
T 95048 126.0 0.9596 1 0.2258 0
T 95055 126.0 0.9596 1 0.2258 0
T 95062 126.0 0.9588 1 0.2720 0
T 95070 126.0 0.9588 1 0.2720 0
T 95078 126.0 0.9588 1 0.2720 0
T 95085 126.0 0.9581 1 0.3203 0
T 95092 126.0 0.9581 1 0.3203 0
T 95100 126.0 0.9581 1 0.3203 0
T 95108 126.0 0.9575 1 0.3686 0
T 95115 126.0 0.9575 1 0.3686 0
T 95122 126.0 0.9575 1 0.3686 0
T 95130 126.0 0.9571 1 0.4148 0
T 95138 126.0 0.9571 1 0.4148 0
T 95145 126.0 0.9571 1 0.4148 0
T 95152 126.0 0.9565 1 0.4610 0
T 95160 126.0 0.9565 1 0.4610 0
T 95168 126.0 0.9565 1 0.4610 0
T 95175 126.0 0.9562 1 0.5093 0
T 95182 126.0 0.9562 1 0.5093 0
T 95190 126.0 0.9562 1 0.5093 0
T 95198 126.0 0.9560 1 0.5576 0
T 95205 126.0 0.9560 1 0.5576 0
T 95212 126.0 0.9560 1 0.5576 0
T 95220 126.0 0.9557 1 0.6038 0
T 95228 126.0 0.9557 1 0.6038 0
T 95235 126.0 0.9557 1 0.6038 0
T 95242 126.0 0.9553 1 0.6500 0
T 95250 126.0 0.9553 1 0.6500 0
T 95258 126.0 0.9553 1 0.6500 0
T 95265 126.0 0.9549 1 0.6983 0
T 95272 126.0 0.9549 1 0.6983 0
T 95280 126.0 0.9549 1 0.6983 0
T 95288 126.0 0.9545 1 0.7466 0
T 95295 126.0 0.9545 1 0.7466 0
T 95302 126.0 0.9545 1 0.7466 0
T 95310 126.0 0.9542 1 0.8562 0
T 95318 126.0 0.9542 1 0.8562 0
T 95325 126.0 0.9542 1 0.8562 0
T 95332 126.0 0.9541 1 0.9024 0
T 95340 126.0 0.9541 1 0.9024 0
T 95348 126.0 0.9541 1 0.9024 0
T 95355 126.0 0.9540 1 0.9507 0
T 95362 126.0 0.9540 1 0.9507 0
T 95370 126.0 0.9540 1 0.9507 0
T 95378 126.0 0.9538 1 0.9990 0
T 95385 126.0 0.9538 1 0.9990 0
T 95392 126.0 0.9538 1 0.9990 0
T 95400 126.0 0.9538 1 0.0453 1
T 95408 126.0 0.9538 1 0.0453 0
T 95415 126.0 0.9538 1 0.0453 0
T 95422 126.0 0.9540 1 0.0915 0
T 95430 126.0 0.9540 1 0.0915 0
T 95438 126.0 0.9540 1 0.0915 0
T 95445 126.0 0.9542 1 0.1398 0
T 95452 126.0 0.9542 1 0.1398 0
T 95460 126.0 0.9542 1 0.1398 0
T 95468 126.0 0.9544 1 0.1881 0
T 95475 126.0 0.9544 1 0.1881 0
T 95482 126.0 0.9544 1 0.1881 0
T 95490 126.0 0.9546 1 0.2343 0
T 95498 126.0 0.9546 1 0.2343 0
T 95505 126.0 0.9546 1 0.2343 0
T 95512 126.0 0.9548 1 0.2805 0
T 95520 126.0 0.9548 1 0.2805 0
T 95528 126.0 0.9548 1 0.2805 0
T 95535 126.0 0.9551 1 0.3288 0
T 95542 126.0 0.9551 1 0.3288 0
T 95550 126.0 0.9551 1 0.3288 0
T 95558 126.0 0.9553 1 0.3771 0
T 95565 126.0 0.9553 1 0.3771 0
T 95572 126.0 0.9553 1 0.3771 0
T 95580 126.0 0.9554 1 0.4234 0
T 95588 126.0 0.9554 1 0.4234 0
T 95595 126.0 0.9554 1 0.4234 0
T 95602 126.0 0.9556 1 0.4696 0
T 95610 126.0 0.9556 1 0.4696 0
T 95618 126.0 0.9556 1 0.4696 0
T 95625 126.0 0.9558 1 0.5179 0
T 95632 126.0 0.9558 1 0.5179 0
T 95640 126.0 0.9558 1 0.5179 0
T 95648 126.0 0.9558 1 0.5662 0
T 95655 126.0 0.9558 1 0.5662 0
T 95662 126.0 0.9558 1 0.5662 0
T 95670 126.0 0.9560 1 0.6124 0
T 95678 126.0 0.9560 1 0.6124 0
T 95685 126.0 0.9560 1 0.6124 0
T 95692 126.0 0.9562 1 0.6586 0
T 95700 126.0 0.9562 1 0.6586 0
T 95708 126.0 0.9562 1 0.6586 0
T 95715 126.0 0.9565 1 0.7069 0
T 95722 126.0 0.9565 1 0.7069 0
T 95730 126.0 0.9565 1 0.7069 0
T 95738 126.0 0.9569 1 0.7552 0
T 95745 126.0 0.9569 1 0.7552 0
T 95752 126.0 0.9569 1 0.7552 0
T 95760 126.0 0.9571 1 0.8014 0
T 95768 126.0 0.9571 1 0.8014 0
T 95775 126.0 0.9571 1 0.8014 0
T 95782 126.0 0.9572 1 0.8476 0
T 95790 126.0 0.9572 1 0.8476 0
T 95798 126.0 0.9572 1 0.8476 0
T 95805 126.0 0.9572 1 0.9340 0
T 95812 126.0 0.9572 1 0.9340 0
T 95820 126.0 0.9572 1 0.9340 0
T 95828 126.0 0.9572 1 0.9823 0
T 95835 126.0 0.9572 1 0.9823 0
T 95842 126.0 0.9572 1 0.9823 0
T 95850 126.0 0.9571 1 0.0285 1
T 95858 126.0 0.9571 1 0.0285 0
T 95865 126.0 0.9571 1 0.0285 0
T 95872 126.0 0.9572 1 0.0747 0
T 95880 126.0 0.9572 1 0.0747 0
T 95888 126.0 0.9572 1 0.0747 0
T 95895 126.0 0.9572 1 0.1230 0
T 95902 126.0 0.9572 1 0.1230 0
T 95910 126.0 0.9572 1 0.1230 0
T 95918 126.0 0.9572 1 0.1714 0
T 95925 126.0 0.9572 1 0.1714 0
T 95932 126.0 0.9572 1 0.1714 0
T 95940 126.0 0.9571 1 0.2176 0
T 95948 126.0 0.9571 1 0.2176 0
T 95955 126.0 0.9571 1 0.2176 0
T 95962 126.0 0.9571 1 0.2638 0
T 95970 126.0 0.9571 1 0.2638 0
T 95978 126.0 0.9571 1 0.2638 0
T 95985 126.0 0.9570 1 0.3121 0
T 95992 126.0 0.9570 1 0.3121 0
T 96000 126.0 0.9570 1 0.3121 0
T 96008 126.0 0.9572 1 0.3604 0
T 96015 126.0 0.9572 1 0.3604 0
T 96022 126.0 0.9572 1 0.3604 0
T 96030 126.0 0.9573 1 0.4066 0
T 96038 126.0 0.9573 1 0.4066 0
T 96045 126.0 0.9573 1 0.4066 0
T 96052 126.0 0.9573 1 0.4528 0
T 96060 126.0 0.9573 1 0.4528 0
T 96068 126.0 0.9573 1 0.4528 0
T 96075 126.0 0.9573 1 0.4011 0
T 96082 126.0 0.9573 1 0.4011 0
T 96090 126.0 0.9573 1 0.4011 0
T 96098 126.0 0.9574 1 0.4494 0
T 96105 126.0 0.9574 1 0.4494 0
T 96112 126.0 0.9574 1 0.4494 0
T 96120 126.0 0.9573 1 0.4955 0
T 96128 126.0 0.9573 1 0.4955 0
T 96135 126.0 0.9573 1 0.4955 0
T 96142 126.0 0.9571 1 0.5417 0
T 96150 126.0 0.9571 1 0.5417 0
T 96158 126.0 0.9571 1 0.5417 0
T 96165 126.0 0.9567 1 0.5900 0
T 96172 126.0 0.9567 1 0.5900 0
T 96180 126.0 0.9567 1 0.5900 0
T 96188 126.0 0.9565 1 0.6383 0
T 96195 126.0 0.9565 1 0.6383 0
T 96202 126.0 0.9565 1 0.6383 0
T 96210 126.0 0.9564 1 0.6844 0
T 96218 126.0 0.9564 1 0.6844 0
T 96225 126.0 0.9564 1 0.6844 0
T 96232 126.0 0.9563 1 0.7306 0
T 96240 126.0 0.9563 1 0.7306 0
T 96248 126.0 0.9563 1 0.7306 0
T 96255 126.0 0.9563 1 0.7789 0
T 96262 126.0 0.9563 1 0.7789 0
T 96270 126.0 0.9563 1 0.7789 0
T 96278 126.0 0.9564 1 0.8272 0
T 96285 126.0 0.9564 1 0.8272 0
T 96292 126.0 0.9564 1 0.8272 0
T 96300 126.0 0.9564 1 0.8734 0
T 96308 126.0 0.9564 1 0.8734 0
T 96315 126.0 0.9564 1 0.8734 0
T 96322 126.0 0.9564 1 0.9196 0
T 96330 126.0 0.9564 1 0.9196 0
T 96338 126.0 0.9564 1 0.9196 0
T 96345 126.0 0.9565 1 0.9679 0
T 96352 126.0 0.9565 1 0.9679 0
T 96360 126.0 0.9565 1 0.9679 0
T 96368 126.0 0.9565 1 0.0162 1
T 96375 126.0 0.9565 1 0.0162 0
T 96382 126.0 0.9565 1 0.0162 0
T 96390 126.0 0.9564 1 0.0623 0
T 96398 126.0 0.9564 1 0.0623 0
T 96405 126.0 0.9564 1 0.0623 0
T 96412 126.0 0.9563 1 0.1085 0
T 96420 126.0 0.9563 1 0.1085 0
T 96428 126.0 0.9563 1 0.1085 0
T 96435 126.0 0.9561 1 0.1568 0
T 96442 126.0 0.9561 1 0.1568 0
T 96450 126.0 0.9561 1 0.1568 0
T 96458 126.0 0.9560 1 0.2051 0
T 96465 126.0 0.9560 1 0.2051 0
T 96472 126.0 0.9560 1 0.2051 0
T 96480 126.0 0.9560 1 0.2513 0
T 96488 126.0 0.9560 1 0.2513 0
T 96495 126.0 0.9560 1 0.2513 0
T 96502 126.0 0.9560 1 0.2975 0
T 96510 126.0 0.9560 1 0.2975 0
T 96518 126.0 0.9560 1 0.2975 0
T 96525 126.0 0.9565 1 0.3458 0
T 96532 126.0 0.9565 1 0.3458 0
T 96540 126.0 0.9565 1 0.3458 0
T 96548 126.0 0.9569 1 0.3076 0
T 96555 126.0 0.9569 1 0.3076 0
T 96562 126.0 0.9569 1 0.3076 0
T 96570 126.0 0.9572 1 0.3538 0
T 96578 126.0 0.9572 1 0.3538 0
T 96585 126.0 0.9572 1 0.3538 0
T 96592 126.0 0.9575 1 0.3115 0
T 96600 126.0 0.9575 1 0.3115 0
T 96608 126.0 0.9575 1 0.3115 0
T 96615 126.0 0.9578 1 0.3598 0
T 96622 126.0 0.9578 1 0.3598 0
T 96630 126.0 0.9578 1 0.3598 0
T 96638 126.0 0.9581 1 0.4080 0
T 96645 126.0 0.9581 1 0.4080 0
T 96652 126.0 0.9581 1 0.4080 0
T 96660 126.0 0.9583 1 0.4542 0
T 96668 126.0 0.9583 1 0.4542 0
T 96675 126.0 0.9583 1 0.4542 0
T 96682 126.0 0.9585 1 0.5003 0
T 96690 126.0 0.9585 1 0.5003 0
T 96698 126.0 0.9585 1 0.5003 0
T 96705 126.0 0.9586 1 0.5486 0
T 96712 126.0 0.9586 1 0.5486 0
T 96720 126.0 0.9586 1 0.5486 0
T 96728 126.0 0.9589 1 0.5969 0
T 96735 126.0 0.9589 1 0.5969 0
T 96742 126.0 0.9589 1 0.5969 0
T 96750 126.0 0.9594 1 0.6430 0
T 96758 126.0 0.9594 1 0.6430 0
T 96765 126.0 0.9594 1 0.6430 0
T 96772 126.0 0.9599 1 0.7785 0
T 96780 126.0 0.9599 1 0.7785 0
T 96788 126.0 0.9599 1 0.7785 0
T 96795 126.0 0.9604 1 0.8268 0
T 96802 126.0 0.9604 1 0.8268 0
T 96810 126.0 0.9604 1 0.8268 0
T 96818 126.0 0.9608 1 0.8751 0
T 96825 126.0 0.9608 1 0.8751 0
T 96832 126.0 0.9608 1 0.8751 0
T 96840 126.0 0.9612 1 0.9213 0
T 96848 126.0 0.9612 1 0.9213 0
T 96855 126.0 0.9612 1 0.9213 0
T 96862 126.0 0.9617 1 0.9675 0
T 96870 126.0 0.9617 1 0.9675 0
T 96878 126.0 0.9617 1 0.9675 0
T 96885 126.0 0.9621 1 0.0158 1
T 96892 126.0 0.9621 1 0.0158 0
T 96900 126.0 0.9621 1 0.0158 0
T 96908 126.0 0.9624 1 0.0641 0
T 96915 126.0 0.9624 1 0.0641 0
T 96922 126.0 0.9624 1 0.0641 0
T 96930 126.0 0.9626 1 0.1103 0
T 96938 126.0 0.9626 1 0.1103 0
T 96945 126.0 0.9626 1 0.1103 0
T 96952 126.0 0.9629 1 0.1565 0
T 96960 126.0 0.9629 1 0.1565 0
T 96968 126.0 0.9629 1 0.1565 0
T 96975 126.0 0.9630 1 0.2048 0
T 96982 126.0 0.9630 1 0.2048 0
T 96990 126.0 0.9630 1 0.2048 0
T 96998 126.0 0.9632 1 0.2531 0
T 97005 126.0 0.9632 1 0.2531 0
T 97012 126.0 0.9632 1 0.2531 0
T 97020 126.0 0.9634 1 0.2993 0
T 97028 126.0 0.9634 1 0.2993 0
T 97035 126.0 0.9634 1 0.2993 0
T 97042 126.0 0.9637 1 0.3455 0
T 97050 126.0 0.9637 1 0.3455 0
T 97058 126.0 0.9637 1 0.3455 0
T 97065 126.0 0.9638 1 0.3938 0
T 97072 126.0 0.9638 1 0.3938 0
T 97080 126.0 0.9638 1 0.3938 0
T 97088 126.0 0.9640 1 0.4421 0
T 97095 126.0 0.9640 1 0.4421 0
T 97102 126.0 0.9640 1 0.4421 0
T 97110 126.0 0.9640 1 0.4883 0
T 97118 126.0 0.9640 1 0.4883 0
T 97125 126.0 0.9640 1 0.4883 0
T 97132 126.0 0.9642 1 0.5345 0
T 97140 126.0 0.9642 1 0.5345 0
T 97148 126.0 0.9642 1 0.5345 0
T 97155 126.0 0.9643 1 0.5828 0
T 97162 126.0 0.9643 1 0.5828 0
T 97170 126.0 0.9643 1 0.5828 0
T 97178 126.0 0.9646 1 0.6311 0
T 97185 126.0 0.9646 1 0.6311 0
T 97192 126.0 0.9646 1 0.6311 0
T 97200 126.0 0.9647 1 0.6773 0
T 97208 126.0 0.9647 1 0.6773 0
T 97215 126.0 0.9647 1 0.6773 0
T 97222 126.0 0.9647 1 0.7235 0
T 97230 126.0 0.9647 1 0.7235 0
T 97238 126.0 0.9647 1 0.7235 0
T 97245 126.0 0.9645 1 0.8409 0
T 97252 126.0 0.9645 1 0.8409 0
T 97260 126.0 0.9645 1 0.8409 0
T 97268 126.0 0.9644 1 0.8893 0
T 97275 126.0 0.9644 1 0.8893 0
T 97282 126.0 0.9644 1 0.8893 0
T 97290 126.0 0.9641 1 0.9355 0
T 97298 126.0 0.9641 1 0.9355 0
T 97305 126.0 0.9641 1 0.9355 0
T 97312 126.0 0.9639 1 0.9817 0
T 97320 126.0 0.9639 1 0.9817 0
T 97328 126.0 0.9639 1 0.9817 0
T 97335 126.0 0.9638 1 0.0300 1
T 97342 126.0 0.9638 1 0.0300 0
T 97350 126.0 0.9638 1 0.0300 0
T 97358 126.0 0.9638 1 0.0783 0
T 97365 126.0 0.9638 1 0.0783 0
T 97372 126.0 0.9638 1 0.0783 0
T 97380 126.0 0.9638 1 0.1245 0
T 97388 126.0 0.9638 1 0.1245 0
T 97395 126.0 0.9638 1 0.1245 0
T 97402 126.0 0.9637 1 0.1708 0
T 97410 126.0 0.9637 1 0.1708 0
T 97418 126.0 0.9637 1 0.1708 0
T 97425 126.0 0.9634 1 0.2191 0
T 97432 126.0 0.9634 1 0.2191 0
T 97440 126.0 0.9634 1 0.2191 0
T 97448 126.0 0.9631 1 0.2674 0
T 97455 126.0 0.9631 1 0.2674 0
T 97462 126.0 0.9631 1 0.2674 0
T 97470 126.0 0.9628 1 0.3136 0
T 97478 126.0 0.9628 1 0.3136 0
T 97485 126.0 0.9628 1 0.3136 0
T 97492 126.0 0.9625 1 0.3598 0
T 97500 126.0 0.9625 1 0.3598 0
T 97508 126.0 0.9625 1 0.3598 0
T 97515 126.0 0.9623 1 0.4081 0
T 97522 126.0 0.9623 1 0.4081 0
T 97530 126.0 0.9623 1 0.4081 0
T 97538 126.0 0.9621 1 0.4564 0
T 97545 126.0 0.9621 1 0.4564 0
T 97552 126.0 0.9621 1 0.4564 0
T 97560 126.0 0.9619 1 0.5026 0
T 97568 126.0 0.9619 1 0.5026 0
T 97575 126.0 0.9619 1 0.5026 0
T 97582 126.0 0.9617 1 0.5488 0
T 97590 126.0 0.9617 1 0.5488 0
T 97598 126.0 0.9617 1 0.5488 0
T 97605 126.0 0.9617 1 0.5971 0
T 97612 126.0 0.9617 1 0.5971 0
T 97620 126.0 0.9617 1 0.5971 0
T 97628 126.0 0.9616 1 0.6454 0
T 97635 126.0 0.9616 1 0.6454 0
T 97642 126.0 0.9616 1 0.6454 0
T 97650 126.0 0.9614 1 0.6916 0
T 97658 126.0 0.9614 1 0.6916 0
T 97665 126.0 0.9614 1 0.6916 0
T 97672 126.0 0.9612 1 0.7378 0
T 97680 126.0 0.9612 1 0.7378 0
T 97688 126.0 0.9612 1 0.7378 0
T 97695 126.0 0.9611 1 0.7861 0
T 97702 126.0 0.9611 1 0.7861 0
T 97710 126.0 0.9611 1 0.7861 0
T 97718 126.0 0.9609 1 0.8344 0
T 97725 126.0 0.9609 1 0.8344 0
T 97732 126.0 0.9609 1 0.8344 0
T 97740 126.0 0.9608 1 0.8806 0
T 97748 126.0 0.9608 1 0.8806 0
T 97755 126.0 0.9608 1 0.8806 0
T 97762 126.0 0.9608 1 0.9268 0
T 97770 126.0 0.9608 1 0.9268 0
T 97778 126.0 0.9608 1 0.9268 0
T 97785 126.0 0.9608 1 0.9751 0
T 97792 126.0 0.9608 1 0.9751 0
T 97800 126.0 0.9608 1 0.9751 0
T 97808 126.0 0.9608 1 0.0235 1
T 97815 126.0 0.9608 1 0.0235 0
T 97822 126.0 0.9608 1 0.0235 0
T 97830 126.0 0.9608 1 0.0697 0
T 97838 126.0 0.9608 1 0.0697 0
T 97845 126.0 0.9608 1 0.0697 0
T 97852 126.0 0.9606 1 0.1159 0
T 97860 126.0 0.9606 1 0.1159 0
T 97868 126.0 0.9606 1 0.1159 0
T 97875 126.0 0.9605 1 0.1642 0
T 97882 126.0 0.9605 1 0.1642 0
T 97890 126.0 0.9605 1 0.1642 0
T 97898 126.0 0.9600 1 0.2125 0
T 97905 126.0 0.9600 1 0.2125 0
T 97912 126.0 0.9600 1 0.2125 0
T 97920 126.0 0.9593 1 0.2055 0
T 97928 126.0 0.9593 1 0.2055 0
T 97935 126.0 0.9593 1 0.2055 0
T 97942 126.0 0.9585 1 0.2517 0
T 97950 126.0 0.9585 1 0.2517 0
T 97958 126.0 0.9585 1 0.2517 0
T 97965 126.0 0.9576 1 0.3000 0
T 97972 126.0 0.9576 1 0.3000 0
T 97980 126.0 0.9576 1 0.3000 0
T 97988 126.0 0.9569 1 0.3483 0
T 97995 126.0 0.9569 1 0.3483 0
T 98002 126.0 0.9569 1 0.3483 0
T 98010 126.0 0.9563 1 0.3945 0
T 98018 126.0 0.9563 1 0.3945 0
T 98025 126.0 0.9563 1 0.3945 0
T 98032 126.0 0.9557 1 0.4407 0
T 98040 126.0 0.9557 1 0.4407 0
T 98048 126.0 0.9557 1 0.4407 0
T 98055 126.0 0.9552 1 0.4890 0
T 98062 126.0 0.9552 1 0.4890 0
T 98070 126.0 0.9552 1 0.4890 0
T 98078 126.0 0.9547 1 0.5373 0
T 98085 126.0 0.9547 1 0.5373 0
T 98092 126.0 0.9547 1 0.5373 0
T 98100 126.0 0.9542 1 0.5834 0
T 98108 126.0 0.9542 1 0.5834 0
T 98115 126.0 0.9542 1 0.5834 0
T 98122 126.0 0.9538 1 0.6296 0
T 98130 126.0 0.9538 1 0.6296 0
T 98138 126.0 0.9538 1 0.6296 0
T 98145 126.0 0.9535 1 0.6779 0
T 98152 126.0 0.9535 1 0.6779 0
T 98160 126.0 0.9535 1 0.6779 0
T 98168 126.0 0.9532 1 0.7262 0
T 98175 126.0 0.9532 1 0.7262 0
T 98182 126.0 0.9532 1 0.7262 0
T 98190 126.0 0.9531 1 0.7724 0
T 98198 126.0 0.9531 1 0.7724 0
T 98205 126.0 0.9531 1 0.7724 0
T 98212 126.0 0.9529 1 0.8186 0
T 98220 126.0 0.9529 1 0.8186 0
T 98228 126.0 0.9529 1 0.8186 0
T 98235 126.0 0.9528 1 0.8669 0
T 98242 126.0 0.9528 1 0.8669 0
T 98250 126.0 0.9528 1 0.8669 0
T 98258 126.0 0.9527 1 0.9152 0
T 98265 126.0 0.9527 1 0.9152 0
T 98272 126.0 0.9527 1 0.9152 0
T 98280 126.0 0.9526 1 0.9614 0
T 98288 126.0 0.9526 1 0.9614 0
T 98295 126.0 0.9526 1 0.9614 0
T 98302 126.0 0.9527 1 0.0076 1
T 98310 126.0 0.9527 1 0.0076 0
T 98318 126.0 0.9527 1 0.0076 0
T 98325 126.0 0.9528 1 0.0559 0
T 98332 126.0 0.9528 1 0.0559 0
T 98340 126.0 0.9528 1 0.0559 0
T 98348 126.0 0.9529 1 0.1042 0
T 98355 126.0 0.9529 1 0.1042 0
T 98362 126.0 0.9529 1 0.1042 0
T 98370 126.0 0.9529 1 0.1504 0
T 98378 126.0 0.9529 1 0.1504 0
T 98385 126.0 0.9529 1 0.1504 0
T 98392 126.0 0.9531 1 0.1590 0
T 98400 126.0 0.9531 1 0.1590 0
T 98408 126.0 0.9531 1 0.1590 0
T 98415 126.0 0.9533 1 0.2073 0
T 98422 126.0 0.9533 1 0.2073 0
T 98430 126.0 0.9533 1 0.2073 0
T 98438 126.0 0.9534 1 0.2556 0
T 98445 126.0 0.9534 1 0.2556 0
T 98452 126.0 0.9534 1 0.2556 0
T 98460 126.0 0.9535 1 0.3018 0
T 98468 126.0 0.9535 1 0.3018 0
T 98475 126.0 0.9535 1 0.3018 0
T 98482 126.0 0.9535 1 0.3479 0
T 98490 126.0 0.9535 1 0.3479 0
T 98498 126.0 0.9535 1 0.3479 0
T 98505 126.0 0.9537 1 0.3962 0
T 98512 126.0 0.9537 1 0.3962 0
T 98520 126.0 0.9537 1 0.3962 0
T 98528 126.0 0.9537 1 0.4445 0
T 98535 126.0 0.9537 1 0.4445 0
T 98542 126.0 0.9537 1 0.4445 0
T 98550 126.0 0.9538 1 0.4907 0
T 98558 126.0 0.9538 1 0.4907 0
T 98565 126.0 0.9538 1 0.4907 0
T 98572 126.0 0.9538 1 0.5369 0
T 98580 126.0 0.9538 1 0.5369 0
T 98588 126.0 0.9538 1 0.5369 0
T 98595 126.0 0.9538 1 0.6852 0
T 98602 126.0 0.9538 1 0.6852 0
T 98610 126.0 0.9538 1 0.6852 0
T 98618 126.0 0.9540 1 0.7335 0
T 98625 126.0 0.9540 1 0.7335 0
T 98632 126.0 0.9540 1 0.7335 0
T 98640 126.0 0.9541 1 0.7798 0
T 98648 126.0 0.9541 1 0.7798 0
T 98655 126.0 0.9541 1 0.7798 0
T 98662 126.0 0.9540 1 0.8260 0
T 98670 126.0 0.9540 1 0.8260 0
T 98678 126.0 0.9540 1 0.8260 0
T 98685 126.0 0.9538 1 0.8743 0
T 98692 126.0 0.9538 1 0.8743 0
T 98700 126.0 0.9538 1 0.8743 0
T 98708 126.0 0.9535 1 0.9226 0
T 98715 126.0 0.9535 1 0.9226 0
T 98722 126.0 0.9535 1 0.9226 0
T 98730 126.0 0.9534 1 0.9689 0
T 98738 126.0 0.9534 1 0.9689 0
T 98745 126.0 0.9534 1 0.9689 0
T 98752 126.0 0.9533 1 0.0229 1
T 98760 126.0 0.9533 1 0.0229 0
T 98768 126.0 0.9533 1 0.0229 0
T 98775 126.0 0.9534 1 0.0712 0
T 98782 126.0 0.9534 1 0.0712 0
T 98790 126.0 0.9534 1 0.0712 0
T 98798 126.0 0.9534 1 0.1195 0
T 98805 126.0 0.9534 1 0.1195 0
T 98812 126.0 0.9534 1 0.1195 0
T 98820 126.0 0.9533 1 0.1657 0
T 98828 126.0 0.9533 1 0.1657 0
T 98835 126.0 0.9533 1 0.1657 0
T 98842 126.0 0.9530 1 0.2119 0
T 98850 126.0 0.9530 1 0.2119 0
T 98858 126.0 0.9530 1 0.2119 0
T 98865 126.0 0.9526 1 0.2602 0
T 98872 126.0 0.9526 1 0.2602 0
T 98880 126.0 0.9526 1 0.2602 0
T 98888 126.0 0.9524 1 0.3086 0
T 98895 126.0 0.9524 1 0.3086 0
T 98902 126.0 0.9524 1 0.3086 0
T 98910 126.0 0.9521 1 0.3548 0
T 98918 126.0 0.9521 1 0.3548 0
T 98925 126.0 0.9521 1 0.3548 0
T 98932 126.0 0.9518 1 0.4010 0
T 98940 126.0 0.9518 1 0.4010 0
T 98948 126.0 0.9518 1 0.4010 0
T 98955 126.0 0.9516 1 0.4493 0
T 98962 126.0 0.9516 1 0.4493 0
T 98970 126.0 0.9516 1 0.4493 0
T 98978 126.0 0.9517 1 0.4976 0
T 98985 126.0 0.9517 1 0.4976 0
T 98992 126.0 0.9517 1 0.4976 0
T 99000 126.0 0.9517 1 0.5438 0
T 99008 126.0 0.9517 1 0.5438 0
T 99015 126.0 0.9517 1 0.5438 0
T 99022 126.0 0.9516 1 0.5900 0
T 99030 126.0 0.9516 1 0.5900 0
T 99038 126.0 0.9516 1 0.5900 0
T 99045 126.0 0.9515 1 0.6383 0
T 99052 126.0 0.9515 1 0.6383 0
T 99060 126.0 0.9515 1 0.6383 0
T 99068 126.0 0.9513 1 0.6866 0
T 99075 126.0 0.9513 1 0.6866 0
T 99082 126.0 0.9513 1 0.6866 0
T 99090 126.0 0.9511 1 0.7328 0
T 99098 126.0 0.9511 1 0.7328 0
T 99105 126.0 0.9511 1 0.7328 0
T 99112 126.0 0.9509 1 0.7790 0
T 99120 126.0 0.9509 1 0.7790 0
T 99128 126.0 0.9509 1 0.7790 0
T 99135 126.0 0.9507 1 0.8273 0
T 99142 126.0 0.9507 1 0.8273 0
T 99150 126.0 0.9507 1 0.8273 0
T 99158 126.0 0.9500 1 0.8756 0
T 99165 126.0 0.9500 1 0.8756 0
T 99172 126.0 0.9500 1 0.8756 0
T 99180 126.0 0.9495 1 0.9529 0
T 99188 126.0 0.9495 1 0.9529 0
T 99195 126.0 0.9495 1 0.9529 0
T 99202 126.0 0.9495 1 0.9991 0
T 99210 126.0 0.9495 1 0.9991 0
T 99218 126.0 0.9495 1 0.9991 0
T 99225 126.0 0.9496 1 0.0474 1
T 99232 126.0 0.9496 1 0.0474 0
T 99240 126.0 0.9496 1 0.0474 0
T 99248 126.0 0.9495 1 0.0839 0
T 99255 126.0 0.9495 1 0.0839 0
T 99262 126.0 0.9495 1 0.0839 0
T 99270 126.0 0.9494 1 0.1301 0
T 99278 126.0 0.9494 1 0.1301 0
T 99285 126.0 0.9494 1 0.1301 0
T 99292 126.0 0.9498 1 0.1763 0
T 99300 126.0 0.9498 1 0.1763 0
T 99308 126.0 0.9498 1 0.1763 0
T 99315 126.0 0.9510 1 0.1805 0
T 99322 126.0 0.9510 1 0.1805 0
T 99330 126.0 0.9510 1 0.1805 0
T 99338 126.0 0.9521 1 0.2288 0
T 99345 126.0 0.9521 1 0.2288 0
T 99352 126.0 0.9521 1 0.2288 0
T 99360 126.0 0.9530 1 0.2750 0
T 99368 126.0 0.9530 1 0.2750 0
T 99375 126.0 0.9530 1 0.2750 0
T 99382 126.0 0.9539 1 0.3212 0
T 99390 126.0 0.9539 1 0.3212 0
T 99398 126.0 0.9539 1 0.3212 0
T 99405 126.0 0.9548 1 0.3695 0
T 99412 126.0 0.9548 1 0.3695 0
T 99420 126.0 0.9548 1 0.3695 0
T 99428 126.0 0.9556 1 0.4178 0
T 99435 126.0 0.9556 1 0.4178 0
T 99442 126.0 0.9556 1 0.4178 0
T 99450 126.0 0.9562 1 0.4640 0
T 99458 126.0 0.9562 1 0.4640 0
T 99465 126.0 0.9562 1 0.4640 0
T 99472 126.0 0.9566 1 0.5102 0
T 99480 126.0 0.9566 1 0.5102 0
T 99488 126.0 0.9566 1 0.5102 0
T 99495 126.0 0.9570 1 0.5585 0
T 99502 126.0 0.9570 1 0.5585 0
T 99510 126.0 0.9570 1 0.5585 0
T 99518 126.0 0.9574 1 0.6068 0
T 99525 126.0 0.9574 1 0.6068 0
T 99532 126.0 0.9574 1 0.6068 0
T 99540 126.0 0.9577 1 0.6530 0
T 99548 126.0 0.9577 1 0.6530 0
T 99555 126.0 0.9577 1 0.6530 0
T 99562 126.0 0.9578 1 0.6992 0
T 99570 126.0 0.9578 1 0.6992 0
T 99578 126.0 0.9578 1 0.6992 0
T 99585 126.0 0.9578 1 0.7475 0
T 99592 126.0 0.9578 1 0.7475 0
T 99600 126.0 0.9578 1 0.7475 0
T 99608 126.0 0.9580 1 0.7958 0
T 99615 126.0 0.9580 1 0.7958 0
T 99622 126.0 0.9580 1 0.7958 0
T 99630 126.0 0.9584 1 0.8419 0
T 99638 126.0 0.9584 1 0.8419 0
T 99645 126.0 0.9584 1 0.8419 0
T 99652 126.0 0.9584 1 0.9277 0
T 99660 126.0 0.9584 1 0.9277 0
T 99668 126.0 0.9584 1 0.9277 0
T 99675 126.0 0.9584 1 0.9760 0
T 99682 126.0 0.9584 1 0.9760 0
T 99690 126.0 0.9584 1 0.9760 0
T 99698 126.0 0.9585 1 0.0243 1
T 99705 126.0 0.9585 1 0.0243 0
T 99712 126.0 0.9585 1 0.0243 0
T 99720 126.0 0.9587 1 0.0705 0
T 99728 126.0 0.9587 1 0.0705 0
T 99735 126.0 0.9587 1 0.0705 0
T 99742 126.0 0.9589 1 0.1167 0
T 99750 126.0 0.9589 1 0.1167 0
T 99758 126.0 0.9589 1 0.1167 0
T 99765 126.0 0.9591 1 0.1650 0
T 99772 126.0 0.9591 1 0.1650 0
T 99780 126.0 0.9591 1 0.1650 0
T 99788 126.0 0.9594 1 0.2133 0
T 99795 126.0 0.9594 1 0.2133 0
T 99802 126.0 0.9594 1 0.2133 0
T 99810 126.0 0.9596 1 0.2595 0
T 99818 126.0 0.9596 1 0.2595 0
T 99825 126.0 0.9596 1 0.2595 0
T 99832 126.0 0.9600 1 0.3057 0
T 99840 126.0 0.9600 1 0.3057 0
T 99848 126.0 0.9600 1 0.3057 0
T 99855 126.0 0.9602 1 0.3540 0
T 99862 126.0 0.9602 1 0.3540 0
T 99870 126.0 0.9602 1 0.3540 0
T 99878 126.0 0.9602 1 0.4023 0
T 99885 126.0 0.9602 1 0.4023 0
T 99892 126.0 0.9602 1 0.4023 0
T 99900 126.0 0.9600 1 0.3485 0
T 99908 126.0 0.9600 1 0.3485 0
T 99915 126.0 0.9600 1 0.3485 0
T 99922 126.0 0.9595 1 0.3947 0
T 99930 126.0 0.9595 1 0.3947 0
T 99938 126.0 0.9595 1 0.3947 0
T 99945 126.0 0.9594 1 0.4430 0
T 99952 126.0 0.9594 1 0.4430 0
T 99960 126.0 0.9594 1 0.4430 0
T 99968 126.0 0.9591 1 0.4913 0
T 99975 126.0 0.9591 1 0.4913 0
T 99982 126.0 0.9591 1 0.4913 0
T 99990 126.0 0.9585 1 0.5374 0
T 99998 126.0 0.9585 1 0.5374 0
T 100005 126.0 0.9585 1 0.5374 0
T 100012 126.0 0.9578 1 0.5836 0
T 100020 126.0 0.9578 1 0.5836 0
T 100028 126.0 0.9578 1 0.5836 0
T 100035 126.0 0.9572 1 0.6319 0
T 100042 126.0 0.9572 1 0.6319 0
T 100050 126.0 0.9572 1 0.6319 0
T 100058 126.0 0.9568 1 0.6802 0
T 100065 126.0 0.9568 1 0.6802 0
T 100072 126.0 0.9568 1 0.6802 0
T 100080 126.0 0.9563 1 0.7264 0
T 100088 126.0 0.9563 1 0.7264 0
T 100095 126.0 0.9563 1 0.7264 0
T 100102 126.0 0.9566 1 0.7725 0
T 100110 126.0 0.9566 1 0.7725 0
T 100118 126.0 0.9566 1 0.7725 0
T 100125 126.0 0.9570 1 0.8208 0
T 100132 126.0 0.9570 1 0.8208 0
T 100140 126.0 0.9570 1 0.8208 0
T 100148 126.0 0.9575 1 0.8691 0
T 100155 126.0 0.9575 1 0.8691 0
T 100162 126.0 0.9575 1 0.8691 0
T 100170 126.0 0.9578 1 0.9153 0
T 100178 126.0 0.9578 1 0.9153 0
T 100185 126.0 0.9578 1 0.9153 0
T 100192 126.0 0.9580 1 0.9615 0
T 100200 126.0 0.9580 1 0.9615 0
T 100208 126.0 0.9580 1 0.9615 0
T 100215 126.0 0.9583 1 0.0098 1
T 100222 126.0 0.9583 1 0.0098 0
T 100230 126.0 0.9583 1 0.0098 0
T 100238 126.0 0.9586 1 0.0556 0
T 100245 126.0 0.9586 1 0.0556 0
T 100252 126.0 0.9586 1 0.0556 0
T 100260 126.0 0.9589 1 0.1018 0
T 100268 126.0 0.9589 1 0.1018 0
T 100275 126.0 0.9589 1 0.1018 0
T 100282 126.0 0.9594 1 0.1480 0
T 100290 126.0 0.9594 1 0.1480 0
T 100298 126.0 0.9594 1 0.1480 0
T 100305 126.0 0.9601 1 0.1963 0
T 100312 126.0 0.9601 1 0.1963 0
T 100320 126.0 0.9601 1 0.1963 0
T 100328 126.0 0.9608 1 0.2446 0
T 100335 126.0 0.9608 1 0.2446 0
T 100342 126.0 0.9608 1 0.2446 0
T 100350 126.0 0.9613 1 0.2908 0
T 100358 126.0 0.9613 1 0.2908 0
T 100365 126.0 0.9613 1 0.2908 0
T 100372 126.0 0.9618 1 0.3370 0
T 100380 126.0 0.9618 1 0.3370 0
T 100388 126.0 0.9618 1 0.3370 0
T 100395 126.0 0.9622 1 0.3011 0
T 100402 126.0 0.9622 1 0.3011 0
T 100410 126.0 0.9622 1 0.3011 0
T 100418 126.0 0.9626 1 0.3493 0
T 100425 126.0 0.9626 1 0.3493 0
T 100432 126.0 0.9626 1 0.3493 0
T 100440 126.0 0.9631 1 0.3955 0
T 100448 126.0 0.9631 1 0.3955 0
T 100455 126.0 0.9631 1 0.3955 0
T 100462 126.0 0.9635 1 0.4417 0
T 100470 126.0 0.9635 1 0.4417 0
T 100478 126.0 0.9635 1 0.4417 0
T 100485 126.0 0.9639 1 0.4899 0
T 100492 126.0 0.9639 1 0.4899 0
T 100500 126.0 0.9639 1 0.4899 0
T 100508 126.0 0.9643 1 0.5382 0
T 100515 126.0 0.9643 1 0.5382 0
T 100522 126.0 0.9643 1 0.5382 0
T 100530 126.0 0.9645 1 0.5844 0
T 100538 126.0 0.9645 1 0.5844 0
T 100545 126.0 0.9645 1 0.5844 0
T 100552 126.0 0.9646 1 0.6306 0
T 100560 126.0 0.9646 1 0.6306 0
T 100568 126.0 0.9646 1 0.6306 0
T 100575 126.0 0.9645 1 0.6789 0
T 100582 126.0 0.9645 1 0.6789 0
T 100590 126.0 0.9645 1 0.6789 0
T 100598 126.0 0.9639 1 0.8074 0
T 100605 126.0 0.9639 1 0.8074 0
T 100612 126.0 0.9639 1 0.8074 0
T 100620 126.0 0.9631 1 0.8537 0
T 100628 126.0 0.9631 1 0.8537 0
T 100635 126.0 0.9631 1 0.8537 0
T 100642 126.0 0.9626 1 0.8999 0
T 100650 126.0 0.9626 1 0.8999 0
T 100658 126.0 0.9626 1 0.8999 0
T 100665 126.0 0.9620 1 0.9482 0
T 100672 126.0 0.9620 1 0.9482 0
T 100680 126.0 0.9620 1 0.9482 0
T 100688 126.0 0.9616 1 0.9965 0
T 100695 126.0 0.9616 1 0.9965 0
T 100702 126.0 0.9616 1 0.9965 0
T 100710 126.0 0.9612 1 0.0427 1
T 100718 126.0 0.9612 1 0.0427 0
T 100725 126.0 0.9612 1 0.0427 0
T 100732 126.0 0.9607 1 0.0889 0
T 100740 126.0 0.9607 1 0.0889 0
T 100748 126.0 0.9607 1 0.0889 0
T 100755 126.0 0.9603 1 0.1372 0
T 100762 126.0 0.9603 1 0.1372 0
T 100770 126.0 0.9603 1 0.1372 0
T 100778 126.0 0.9599 1 0.1855 0
T 100785 126.0 0.9599 1 0.1855 0
T 100792 126.0 0.9599 1 0.1855 0
T 100800 126.0 0.9596 1 0.2317 0
T 100808 126.0 0.9596 1 0.2317 0
T 100815 126.0 0.9596 1 0.2317 0
T 100822 126.0 0.9592 1 0.2779 0
T 100830 126.0 0.9592 1 0.2779 0
T 100838 126.0 0.9592 1 0.2779 0
T 100845 126.0 0.9588 1 0.2568 0
T 100852 126.0 0.9588 1 0.2568 0
T 100860 126.0 0.9588 1 0.2568 0
T 100868 126.0 0.9584 1 0.3050 0
T 100875 126.0 0.9584 1 0.3050 0
T 100882 126.0 0.9584 1 0.3050 0
T 100890 126.0 0.9581 1 0.3512 0
T 100898 126.0 0.9581 1 0.3512 0
T 100905 126.0 0.9581 1 0.3512 0
T 100912 126.0 0.9579 1 0.3974 0
T 100920 126.0 0.9579 1 0.3974 0
T 100928 126.0 0.9579 1 0.3974 0
T 100935 126.0 0.9576 1 0.4457 0
T 100942 126.0 0.9576 1 0.4457 0
T 100950 126.0 0.9576 1 0.4457 0
T 100958 126.0 0.9575 1 0.4940 0
T 100965 126.0 0.9575 1 0.4940 0
T 100972 126.0 0.9575 1 0.4940 0
T 100980 126.0 0.9577 1 0.5402 0
T 100988 126.0 0.9577 1 0.5402 0
T 100995 126.0 0.9577 1 0.5402 0
T 101002 126.0 0.9581 1 0.5864 0
T 101010 126.0 0.9581 1 0.5864 0
T 101018 126.0 0.9581 1 0.5864 0
T 101025 126.0 0.9586 1 0.6346 0
T 101032 126.0 0.9586 1 0.6346 0
T 101040 126.0 0.9586 1 0.6346 0
T 101048 126.0 0.9594 1 0.6829 0
T 101055 126.0 0.9594 1 0.6829 0
T 101062 126.0 0.9594 1 0.6829 0
T 101070 126.0 0.9603 1 0.8084 0
T 101078 126.0 0.9603 1 0.8084 0
T 101085 126.0 0.9603 1 0.8084 0
T 101092 126.0 0.9611 1 0.8546 0
T 101100 126.0 0.9611 1 0.8546 0
T 101108 126.0 0.9611 1 0.8546 0
T 101115 126.0 0.9615 1 0.9029 0
T 101122 126.0 0.9615 1 0.9029 0
T 101130 126.0 0.9615 1 0.9029 0
T 101138 126.0 0.9619 1 0.9755 0
T 101145 126.0 0.9619 1 0.9755 0
T 101152 126.0 0.9619 1 0.9755 0
T 101160 126.0 0.9622 1 0.0217 1
T 101168 126.0 0.9622 1 0.0217 0
T 101175 126.0 0.9622 1 0.0217 0
T 101182 126.0 0.9624 1 0.0680 0
T 101190 126.0 0.9624 1 0.0680 0
T 101198 126.0 0.9624 1 0.0680 0
T 101205 126.0 0.9625 1 0.1163 0
T 101212 126.0 0.9625 1 0.1163 0
T 101220 126.0 0.9625 1 0.1163 0
T 101228 126.0 0.9626 1 0.1646 0
T 101235 126.0 0.9626 1 0.1646 0
T 101242 126.0 0.9626 1 0.1646 0
T 101250 126.0 0.9628 1 0.2108 0
T 101258 126.0 0.9628 1 0.2108 0
T 101265 126.0 0.9628 1 0.2108 0
T 101272 126.0 0.9630 1 0.2570 0
T 101280 126.0 0.9630 1 0.2570 0
T 101288 126.0 0.9630 1 0.2570 0
T 101295 126.0 0.9632 1 0.3053 0
T 101302 126.0 0.9632 1 0.3053 0
T 101310 126.0 0.9632 1 0.3053 0
T 101318 126.0 0.9634 1 0.3537 0
T 101325 126.0 0.9634 1 0.3537 0
T 101332 126.0 0.9634 1 0.3537 0
T 101340 126.0 0.9636 1 0.3999 0
T 101348 126.0 0.9636 1 0.3999 0
T 101355 126.0 0.9636 1 0.3999 0
T 101362 126.0 0.9637 1 0.4461 0
T 101370 126.0 0.9637 1 0.4461 0
T 101378 126.0 0.9637 1 0.4461 0
T 101385 126.0 0.9638 1 0.4944 0
T 101392 126.0 0.9638 1 0.4944 0
T 101400 126.0 0.9638 1 0.4944 0
T 101408 126.0 0.9638 1 0.5427 0
T 101415 126.0 0.9638 1 0.5427 0
T 101422 126.0 0.9638 1 0.5427 0
T 101430 126.0 0.9637 1 0.5889 0
T 101438 126.0 0.9637 1 0.5889 0
T 101445 126.0 0.9637 1 0.5889 0
T 101452 126.0 0.9635 1 0.6351 0
T 101460 126.0 0.9635 1 0.6351 0
T 101468 126.0 0.9635 1 0.6351 0
T 101475 126.0 0.9632 1 0.6834 0
T 101482 126.0 0.9632 1 0.6834 0
T 101490 126.0 0.9632 1 0.6834 0
T 101498 126.0 0.9624 1 0.7317 0
T 101505 126.0 0.9624 1 0.7317 0
T 101512 126.0 0.9624 1 0.7317 0
T 101520 126.0 0.9618 1 0.7779 0
T 101528 126.0 0.9618 1 0.7779 0
T 101535 126.0 0.9618 1 0.7779 0
T 101542 126.0 0.9613 1 0.8241 0
T 101550 126.0 0.9613 1 0.8241 0
T 101558 126.0 0.9613 1 0.8241 0
T 101565 126.0 0.9606 1 0.9164 0
T 101572 126.0 0.9606 1 0.9164 0
T 101580 126.0 0.9606 1 0.9164 0
T 101588 126.0 0.9600 1 0.9647 0
T 101595 126.0 0.9600 1 0.9647 0
T 101602 126.0 0.9600 1 0.9647 0
T 101610 126.0 0.9594 1 0.0109 1
T 101618 126.0 0.9594 1 0.0109 0
T 101625 126.0 0.9594 1 0.0109 0
T 101632 126.0 0.9588 1 0.0571 0
T 101640 126.0 0.9588 1 0.0571 0
T 101648 126.0 0.9588 1 0.0571 0
T 101655 126.0 0.9582 1 0.1055 0
T 101662 126.0 0.9582 1 0.1055 0
T 101670 126.0 0.9582 1 0.1055 0
T 101678 126.0 0.9576 1 0.1538 0
T 101685 126.0 0.9576 1 0.1538 0
T 101692 126.0 0.9576 1 0.1538 0
T 101700 126.0 0.9571 1 0.2000 0
T 101708 126.0 0.9571 1 0.2000 0
T 101715 126.0 0.9571 1 0.2000 0
T 101722 126.0 0.9566 1 0.2462 0
T 101730 126.0 0.9566 1 0.2462 0
T 101738 126.0 0.9566 1 0.2462 0
T 101745 126.0 0.9562 1 0.2945 0
T 101752 126.0 0.9562 1 0.2945 0
T 101760 126.0 0.9562 1 0.2945 0
T 101768 126.0 0.9558 1 0.3428 0
T 101775 126.0 0.9558 1 0.3428 0
T 101782 126.0 0.9558 1 0.3428 0
T 101790 126.0 0.9555 1 0.3890 0
T 101798 126.0 0.9555 1 0.3890 0
T 101805 126.0 0.9555 1 0.3890 0
T 101812 126.0 0.9552 1 0.4352 0
T 101820 126.0 0.9552 1 0.4352 0
T 101828 126.0 0.9552 1 0.4352 0
T 101835 126.0 0.9550 1 0.4835 0
T 101842 126.0 0.9550 1 0.4835 0
T 101850 126.0 0.9550 1 0.4835 0
T 101858 126.0 0.9550 1 0.5318 0
T 101865 126.0 0.9550 1 0.5318 0
T 101872 126.0 0.9550 1 0.5318 0
T 101880 126.0 0.9549 1 0.5780 0
T 101888 126.0 0.9549 1 0.5780 0
T 101895 126.0 0.9549 1 0.5780 0
T 101902 126.0 0.9548 1 0.6242 0
T 101910 126.0 0.9548 1 0.6242 0
T 101918 126.0 0.9548 1 0.6242 0
T 101925 126.0 0.9549 1 0.6725 0
T 101932 126.0 0.9549 1 0.6725 0
T 101940 126.0 0.9549 1 0.6725 0
T 101948 126.0 0.9552 1 0.7208 0
T 101955 126.0 0.9552 1 0.7208 0
T 101962 126.0 0.9552 1 0.7208 0
T 101970 126.0 0.9555 1 0.7670 0
T 101978 126.0 0.9555 1 0.7670 0
T 101985 126.0 0.9555 1 0.7670 0
T 101992 126.0 0.9555 1 0.8132 0
T 102000 126.0 0.9555 1 0.8132 0
T 102008 126.0 0.9555 1 0.8132 0
T 102015 126.0 0.9555 1 0.8615 0
T 102022 126.0 0.9555 1 0.8615 0
T 102030 126.0 0.9555 1 0.8615 0
T 102038 126.0 0.9555 1 0.9445 0
T 102045 126.0 0.9555 1 0.9445 0
T 102052 126.0 0.9555 1 0.9445 0
T 102060 126.0 0.9559 1 0.9907 0
T 102068 126.0 0.9559 1 0.9907 0
T 102075 126.0 0.9559 1 0.9907 0
T 102082 126.0 0.9563 1 0.0369 1
T 102090 126.0 0.9563 1 0.0369 0
T 102098 126.0 0.9563 1 0.0369 0
T 102105 126.0 0.9568 1 0.0852 0
T 102112 126.0 0.9568 1 0.0852 0
T 102120 126.0 0.9568 1 0.0852 0
T 102128 126.0 0.9575 1 0.1335 0
T 102135 126.0 0.9575 1 0.1335 0
T 102142 126.0 0.9575 1 0.1335 0
T 102150 126.0 0.9580 1 0.1797 0
T 102158 126.0 0.9580 1 0.1797 0
T 102165 126.0 0.9580 1 0.1797 0
T 102172 126.0 0.9587 1 0.2259 0
T 102180 126.0 0.9587 1 0.2259 0
T 102188 126.0 0.9587 1 0.2259 0
T 102195 126.0 0.9594 1 0.2742 0
T 102202 126.0 0.9594 1 0.2742 0
T 102210 126.0 0.9594 1 0.2742 0
T 102218 126.0 0.9603 1 0.3225 0
T 102225 126.0 0.9603 1 0.3225 0
T 102232 126.0 0.9603 1 0.3225 0
T 102240 126.0 0.9609 1 0.3687 0
T 102248 126.0 0.9609 1 0.3687 0
T 102255 126.0 0.9609 1 0.3687 0
T 102262 126.0 0.9614 1 0.3228 0
T 102270 126.0 0.9614 1 0.3228 0
T 102278 126.0 0.9614 1 0.3228 0
T 102285 126.0 0.9620 1 0.3710 0
T 102292 126.0 0.9620 1 0.3710 0
T 102300 126.0 0.9620 1 0.3710 0
T 102308 126.0 0.9626 1 0.3266 0
T 102315 126.0 0.9626 1 0.3266 0
T 102322 126.0 0.9626 1 0.3266 0
T 102330 126.0 0.9633 1 0.3727 0
T 102338 126.0 0.9633 1 0.3727 0
T 102345 126.0 0.9633 1 0.3727 0
T 102352 126.0 0.9640 1 0.4189 0
T 102360 126.0 0.9640 1 0.4189 0
T 102368 126.0 0.9640 1 0.4189 0
T 102375 126.0 0.9648 1 0.4671 0
T 102382 126.0 0.9648 1 0.4671 0
T 102390 126.0 0.9648 1 0.4671 0
T 102398 126.0 0.9656 1 0.5154 0
T 102405 126.0 0.9656 1 0.5154 0
T 102412 126.0 0.9656 1 0.5154 0
T 102420 126.0 0.9664 1 0.5615 0
T 102428 126.0 0.9664 1 0.5615 0
T 102435 126.0 0.9664 1 0.5615 0
T 102442 126.0 0.9672 1 0.6077 0
T 102450 126.0 0.9672 1 0.6077 0
T 102458 126.0 0.9672 1 0.6077 0
T 102465 126.0 0.9680 1 0.6560 0
T 102472 126.0 0.9680 1 0.6560 0
T 102480 126.0 0.9680 1 0.6560 0
T 102488 126.0 0.9689 1 0.7903 0
T 102495 126.0 0.9689 1 0.7903 0
T 102502 126.0 0.9689 1 0.7903 0
T 102510 126.0 0.9696 1 0.8365 0
T 102518 126.0 0.9696 1 0.8365 0
T 102525 126.0 0.9696 1 0.8365 0
T 102532 126.0 0.9704 1 0.8827 0
T 102540 126.0 0.9704 1 0.8827 0
T 102548 126.0 0.9704 1 0.8827 0
T 102555 126.0 0.9712 1 0.9310 0
T 102562 126.0 0.9712 1 0.9310 0
T 102570 126.0 0.9712 1 0.9310 0
T 102578 126.0 0.9719 1 0.9793 0
T 102585 126.0 0.9719 1 0.9793 0
T 102592 126.0 0.9719 1 0.9793 0
T 102600 126.0 0.9726 1 0.0255 1
T 102608 126.0 0.9726 1 0.0255 0
T 102615 126.0 0.9726 1 0.0255 0
T 102622 126.0 0.9731 1 0.0717 0
T 102630 126.0 0.9731 1 0.0717 0
T 102638 126.0 0.9731 1 0.0717 0
T 102645 126.0 0.9737 1 0.1200 0
T 102652 126.0 0.9737 1 0.1200 0
T 102660 126.0 0.9737 1 0.1200 0
T 102668 126.0 0.9742 1 0.1683 0
T 102675 126.0 0.9742 1 0.1683 0
T 102682 126.0 0.9742 1 0.1683 0
T 102690 126.0 0.9746 1 0.2145 0
T 102698 126.0 0.9746 1 0.2145 0
T 102705 126.0 0.9746 1 0.2145 0
T 102712 126.0 0.9750 1 0.2607 0
T 102720 126.0 0.9750 1 0.2607 0
T 102728 126.0 0.9750 1 0.2607 0
T 102735 126.0 0.9753 1 0.3090 0
T 102742 126.0 0.9753 1 0.3090 0
T 102750 126.0 0.9753 1 0.3090 0
T 102758 126.0 0.9757 1 0.3573 0
T 102765 126.0 0.9757 1 0.3573 0
T 102772 126.0 0.9757 1 0.3573 0
T 102780 126.0 0.9760 1 0.4035 0
T 102788 126.0 0.9760 1 0.4035 0
T 102795 126.0 0.9760 1 0.4035 0
T 102802 126.0 0.9763 1 0.4497 0
T 102810 126.0 0.9763 1 0.4497 0
T 102818 126.0 0.9763 1 0.4497 0
T 102825 126.0 0.9765 1 0.4980 0
T 102832 126.0 0.9765 1 0.4980 0
T 102840 126.0 0.9765 1 0.4980 0
T 102848 126.0 0.9767 1 0.5463 0
T 102855 126.0 0.9767 1 0.5463 0
T 102862 126.0 0.9767 1 0.5463 0
T 102870 126.0 0.9768 1 0.5925 0
T 102878 126.0 0.9768 1 0.5925 0
T 102885 126.0 0.9768 1 0.5925 0
T 102892 126.0 0.9769 1 0.6387 0
T 102900 126.0 0.9769 1 0.6387 0
T 102908 126.0 0.9769 1 0.6387 0
T 102915 126.0 0.9770 1 0.6870 0
T 102922 126.0 0.9770 1 0.6870 0
T 102930 126.0 0.9770 1 0.6870 0
T 102938 126.0 0.9771 1 0.7353 0
T 102945 126.0 0.9771 1 0.7353 0
T 102952 126.0 0.9771 1 0.7353 0
T 102960 126.0 0.9770 1 0.7815 0
T 102968 126.0 0.9770 1 0.7815 0
T 102975 126.0 0.9770 1 0.7815 0
T 102982 126.0 0.9770 1 0.8823 0
T 102990 126.0 0.9770 1 0.8823 0
T 102998 126.0 0.9770 1 0.8823 0
T 103005 126.0 0.9769 1 0.9307 0
T 103012 126.0 0.9769 1 0.9307 0
T 103020 126.0 0.9769 1 0.9307 0
T 103028 126.0 0.9767 1 0.9790 0
T 103035 126.0 0.9767 1 0.9790 0
T 103042 126.0 0.9767 1 0.9790 0
T 103050 126.0 0.9768 1 0.0252 1
T 103058 126.0 0.9768 1 0.0252 0
T 103065 126.0 0.9768 1 0.0252 0
T 103072 126.0 0.9767 1 0.0714 0
T 103080 126.0 0.9767 1 0.0714 0
T 103088 126.0 0.9767 1 0.0714 0
T 103095 126.0 0.9766 1 0.1197 0
T 103102 126.0 0.9766 1 0.1197 0
T 103110 126.0 0.9766 1 0.1197 0
T 103118 126.0 0.9765 1 0.1680 0
T 103125 126.0 0.9765 1 0.1680 0
T 103132 126.0 0.9765 1 0.1680 0
T 103140 126.0 0.9764 1 0.2142 0
T 103148 126.0 0.9764 1 0.2142 0
T 103155 126.0 0.9764 1 0.2142 0
T 103162 126.0 0.9763 1 0.2604 0
T 103170 126.0 0.9763 1 0.2604 0
T 103178 126.0 0.9763 1 0.2604 0
T 103185 126.0 0.9762 1 0.3088 0
T 103192 126.0 0.9762 1 0.3088 0
T 103200 126.0 0.9762 1 0.3088 0
T 103208 126.0 0.9759 1 0.3571 0
T 103215 126.0 0.9759 1 0.3571 0
T 103222 126.0 0.9759 1 0.3571 0
T 103230 126.0 0.9756 1 0.3140 0
T 103238 126.0 0.9756 1 0.3140 0
T 103245 126.0 0.9756 1 0.3140 0
T 103252 126.0 0.9753 1 0.3602 0
T 103260 126.0 0.9753 1 0.3602 0
T 103268 126.0 0.9753 1 0.3602 0
T 103275 126.0 0.9751 1 0.4085 0
T 103282 126.0 0.9751 1 0.4085 0
T 103290 126.0 0.9751 1 0.4085 0
T 103298 126.0 0.9748 1 0.4567 0
T 103305 126.0 0.9748 1 0.4567 0
T 103312 126.0 0.9748 1 0.4567 0
T 103320 126.0 0.9746 1 0.5029 0
T 103328 126.0 0.9746 1 0.5029 0
T 103335 126.0 0.9746 1 0.5029 0
T 103342 126.0 0.9743 1 0.5491 0
T 103350 126.0 0.9743 1 0.5491 0
T 103358 126.0 0.9743 1 0.5491 0
T 103365 126.0 0.9741 1 0.5974 0
T 103372 126.0 0.9741 1 0.5974 0
T 103380 126.0 0.9741 1 0.5974 0
T 103388 126.0 0.9740 1 0.6457 0
T 103395 126.0 0.9740 1 0.6457 0
T 103402 126.0 0.9740 1 0.6457 0
T 103410 126.0 0.9739 1 0.6919 0
T 103418 126.0 0.9739 1 0.6919 0
T 103425 126.0 0.9739 1 0.6919 0
T 103432 126.0 0.9739 1 0.7381 0
T 103440 126.0 0.9739 1 0.7381 0
T 103448 126.0 0.9739 1 0.7381 0
T 103455 126.0 0.9736 1 0.8518 0
T 103462 126.0 0.9736 1 0.8518 0
T 103470 126.0 0.9736 1 0.8518 0
T 103478 126.0 0.9731 1 0.9001 0
T 103485 126.0 0.9731 1 0.9001 0
T 103492 126.0 0.9731 1 0.9001 0
T 103500 126.0 0.9727 1 0.9464 0
T 103508 126.0 0.9727 1 0.9464 0
T 103515 126.0 0.9727 1 0.9464 0
T 103522 126.0 0.9723 1 0.9926 0
T 103530 126.0 0.9723 1 0.9926 0
T 103538 126.0 0.9723 1 0.9926 0
T 103545 126.0 0.9718 1 0.0409 1
T 103552 126.0 0.9718 1 0.0409 0
T 103560 126.0 0.9718 1 0.0409 0
T 103568 126.0 0.9714 1 0.0892 0
T 103575 126.0 0.9714 1 0.0892 0
T 103582 126.0 0.9714 1 0.0892 0
T 103590 126.0 0.9711 1 0.1354 0
T 103598 126.0 0.9711 1 0.1354 0
T 103605 126.0 0.9711 1 0.1354 0
T 103612 126.0 0.9708 1 0.1816 0
T 103620 126.0 0.9708 1 0.1816 0
T 103628 126.0 0.9708 1 0.1816 0
T 103635 126.0 0.9705 1 0.2299 0
T 103642 126.0 0.9705 1 0.2299 0
T 103650 126.0 0.9705 1 0.2299 0
T 103658 126.0 0.9705 1 0.2782 0
T 103665 126.0 0.9705 1 0.2782 0
T 103672 126.0 0.9705 1 0.2782 0
T 103680 126.0 0.9704 1 0.3244 0
T 103688 126.0 0.9704 1 0.3244 0
T 103695 126.0 0.9704 1 0.3244 0
T 103702 126.0 0.9704 1 0.3706 0
T 103710 126.0 0.9704 1 0.3706 0
T 103718 126.0 0.9704 1 0.3706 0
T 103725 126.0 0.9703 1 0.4189 0
T 103732 126.0 0.9703 1 0.4189 0
T 103740 126.0 0.9703 1 0.4189 0
T 103748 126.0 0.9703 1 0.4672 0
T 103755 126.0 0.9703 1 0.4672 0
T 103762 126.0 0.9703 1 0.4672 0
T 103770 126.0 0.9703 1 0.5134 0
T 103778 126.0 0.9703 1 0.5134 0
T 103785 126.0 0.9703 1 0.5134 0
T 103792 126.0 0.9703 1 0.5596 0
T 103800 126.0 0.9703 1 0.5596 0
T 103808 126.0 0.9703 1 0.5596 0
T 103815 126.0 0.9703 1 0.6079 0
T 103822 126.0 0.9703 1 0.6079 0
T 103830 126.0 0.9703 1 0.6079 0
T 103838 126.0 0.9703 1 0.6562 0
T 103845 126.0 0.9703 1 0.6562 0
T 103852 126.0 0.9703 1 0.6562 0
T 103860 126.0 0.9704 1 0.7024 0
T 103868 126.0 0.9704 1 0.7024 0
T 103875 126.0 0.9704 1 0.7024 0
T 103882 126.0 0.9706 1 0.7487 0
T 103890 126.0 0.9706 1 0.7487 0
T 103898 126.0 0.9706 1 0.7487 0
T 103905 126.0 0.9706 1 0.7970 0
T 103912 126.0 0.9706 1 0.7970 0
T 103920 126.0 0.9706 1 0.7970 0
T 103928 126.0 0.9706 1 0.8960 0
T 103935 126.0 0.9706 1 0.8960 0
T 103942 126.0 0.9706 1 0.8960 0
T 103950 126.0 0.9706 1 0.9422 0
T 103958 126.0 0.9706 1 0.9422 0
T 103965 126.0 0.9706 1 0.9422 0
T 103972 126.0 0.9707 1 0.9885 0
T 103980 126.0 0.9707 1 0.9885 0
T 103988 126.0 0.9707 1 0.9885 0
T 103995 126.0 0.9707 1 0.0368 1
T 104002 126.0 0.9707 1 0.0368 0
T 104010 126.0 0.9707 1 0.0368 0
T 104018 126.0 0.9707 1 0.0851 0
T 104025 126.0 0.9707 1 0.0851 0
T 104032 126.0 0.9707 1 0.0851 0
T 104040 126.0 0.9706 1 0.1313 0
T 104048 126.0 0.9706 1 0.1313 0
T 104055 126.0 0.9706 1 0.1313 0
T 104062 126.0 0.9705 1 0.1775 0
T 104070 126.0 0.9705 1 0.1775 0
T 104078 126.0 0.9705 1 0.1775 0
T 104085 126.0 0.9703 1 0.2258 0
T 104092 126.0 0.9703 1 0.2258 0
T 104100 126.0 0.9703 1 0.2258 0
T 104108 126.0 0.9703 1 0.2741 0
T 104115 126.0 0.9703 1 0.2741 0
T 104122 126.0 0.9703 1 0.2741 0
T 104130 126.0 0.9703 1 0.3203 0
T 104138 126.0 0.9703 1 0.3203 0
T 104145 126.0 0.9703 1 0.3203 0
T 104152 126.0 0.9703 1 0.3665 0
T 104160 126.0 0.9703 1 0.3665 0
T 104168 126.0 0.9703 1 0.3665 0
T 104175 126.0 0.9704 1 0.4148 0
T 104182 126.0 0.9704 1 0.4148 0
T 104190 126.0 0.9704 1 0.4148 0
T 104198 126.0 0.9706 1 0.4632 0
T 104205 126.0 0.9706 1 0.4632 0
T 104212 126.0 0.9706 1 0.4632 0
T 104220 126.0 0.9707 1 0.5094 0
T 104228 126.0 0.9707 1 0.5094 0
T 104235 126.0 0.9707 1 0.5094 0
T 104242 126.0 0.9708 1 0.5556 0
T 104250 126.0 0.9708 1 0.5556 0
T 104258 126.0 0.9708 1 0.5556 0
T 104265 126.0 0.9708 1 0.6039 0
T 104272 126.0 0.9708 1 0.6039 0
T 104280 126.0 0.9708 1 0.6039 0
T 104288 126.0 0.9708 1 0.6522 0
T 104295 126.0 0.9708 1 0.6522 0
T 104302 126.0 0.9708 1 0.6522 0
T 104310 126.0 0.9708 1 0.6984 0
T 104318 126.0 0.9708 1 0.6984 0
T 104325 126.0 0.9708 1 0.6984 0
T 104332 126.0 0.9707 1 0.7446 0
T 104340 126.0 0.9707 1 0.7446 0
T 104348 126.0 0.9707 1 0.7446 0
T 104355 126.0 0.9708 1 0.7929 0
T 104362 126.0 0.9708 1 0.7929 0
T 104370 126.0 0.9708 1 0.7929 0
T 104378 126.0 0.9710 1 0.8412 0
T 104385 126.0 0.9710 1 0.8412 0
T 104392 126.0 0.9710 1 0.8412 0
T 104400 126.0 0.9714 1 0.8874 0
T 104408 126.0 0.9714 1 0.8874 0
T 104415 126.0 0.9714 1 0.8874 0
T 104422 126.0 0.9716 1 0.9617 0
T 104430 126.0 0.9716 1 0.9617 0
T 104438 126.0 0.9716 1 0.9617 0
T 104445 126.0 0.9718 1 0.0101 1
T 104452 126.0 0.9718 1 0.0101 0
T 104460 126.0 0.9718 1 0.0101 0
T 104468 126.0 0.9720 1 0.0584 0
T 104475 126.0 0.9720 1 0.0584 0
T 104482 126.0 0.9720 1 0.0584 0
T 104490 126.0 0.9721 1 0.1046 0
T 104498 126.0 0.9721 1 0.1046 0
T 104505 126.0 0.9721 1 0.1046 0
T 104512 126.0 0.9721 1 0.1508 0
T 104520 126.0 0.9721 1 0.1508 0
T 104528 126.0 0.9721 1 0.1508 0
T 104535 126.0 0.9722 1 0.1991 0
T 104542 126.0 0.9722 1 0.1991 0
T 104550 126.0 0.9722 1 0.1991 0
T 104558 126.0 0.9723 1 0.2474 0
T 104565 126.0 0.9723 1 0.2474 0
T 104572 126.0 0.9723 1 0.2474 0
T 104580 126.0 0.9723 1 0.2936 0
T 104588 126.0 0.9723 1 0.2936 0
T 104595 126.0 0.9723 1 0.2936 0
T 104602 126.0 0.9723 1 0.3398 0
T 104610 126.0 0.9723 1 0.3398 0
T 104618 126.0 0.9723 1 0.3398 0
T 104625 126.0 0.9723 1 0.3881 0
T 104632 126.0 0.9723 1 0.3881 0
T 104640 126.0 0.9723 1 0.3881 0
T 104648 126.0 0.9722 1 0.3394 0
T 104655 126.0 0.9722 1 0.3394 0
T 104662 126.0 0.9722 1 0.3394 0
T 104670 126.0 0.9722 1 0.3856 0
T 104678 126.0 0.9722 1 0.3856 0
T 104685 126.0 0.9722 1 0.3856 0
T 104692 126.0 0.9722 1 0.4317 0
T 104700 126.0 0.9722 1 0.4317 0
T 104708 126.0 0.9722 1 0.4317 0
T 104715 126.0 0.9723 1 0.4800 0
T 104722 126.0 0.9723 1 0.4800 0
T 104730 126.0 0.9723 1 0.4800 0
T 104738 126.0 0.9723 1 0.5283 0
T 104745 126.0 0.9723 1 0.5283 0
T 104752 126.0 0.9723 1 0.5283 0
T 104760 126.0 0.9724 1 0.5745 0
T 104768 126.0 0.9724 1 0.5745 0
T 104775 126.0 0.9724 1 0.5745 0
T 104782 126.0 0.9725 1 0.6207 0
T 104790 126.0 0.9725 1 0.6207 0
T 104798 126.0 0.9725 1 0.6207 0
T 104805 126.0 0.9727 1 0.6689 0
T 104812 126.0 0.9727 1 0.6689 0
T 104820 126.0 0.9727 1 0.6689 0
T 104828 126.0 0.9728 1 0.7172 0
T 104835 126.0 0.9728 1 0.7172 0
T 104842 126.0 0.9728 1 0.7172 0
T 104850 126.0 0.9729 1 0.7634 0
T 104858 126.0 0.9729 1 0.7634 0
T 104865 126.0 0.9729 1 0.7634 0
T 104872 126.0 0.9732 1 0.8096 0
T 104880 126.0 0.9732 1 0.8096 0
T 104888 126.0 0.9732 1 0.8096 0
T 104895 126.0 0.9735 1 0.9055 0
T 104902 126.0 0.9735 1 0.9055 0
T 104910 126.0 0.9735 1 0.9055 0
T 104918 126.0 0.9737 1 0.9538 0
T 104925 126.0 0.9737 1 0.9538 0
T 104932 126.0 0.9737 1 0.9538 0
T 104940 126.0 0.9739 1 0.0000 1
T 104948 126.0 0.9739 1 0.0000 0
T 104955 126.0 0.9739 1 0.0000 0
T 104962 126.0 0.9741 1 0.0462 0
T 104970 126.0 0.9741 1 0.0462 0
T 104978 126.0 0.9741 1 0.0462 0
T 104985 126.0 0.9742 1 0.0945 0
T 104992 126.0 0.9742 1 0.0945 0
T 105000 126.0 0.9742 1 0.0945 0
T 105008 126.0 0.9743 1 0.1428 0
T 105015 126.0 0.9743 1 0.1428 0
T 105022 126.0 0.9743 1 0.1428 0
T 105030 126.0 0.9744 1 0.1890 0
T 105038 126.0 0.9744 1 0.1890 0
T 105045 126.0 0.9744 1 0.1890 0
T 105052 126.0 0.9745 1 0.2352 0
T 105060 126.0 0.9745 1 0.2352 0
T 105068 126.0 0.9745 1 0.2352 0
T 105075 126.0 0.9746 1 0.2835 0
T 105082 126.0 0.9746 1 0.2835 0
T 105090 126.0 0.9746 1 0.2835 0
T 105098 126.0 0.9747 1 0.3318 0
T 105105 126.0 0.9747 1 0.3318 0
T 105112 126.0 0.9747 1 0.3318 0
T 105120 126.0 0.9748 1 0.3780 0
T 105128 126.0 0.9748 1 0.3780 0
T 105135 126.0 0.9748 1 0.3780 0
T 105142 126.0 0.9747 1 0.3297 0
T 105150 126.0 0.9747 1 0.3297 0
T 105158 126.0 0.9747 1 0.3297 0
T 105165 126.0 0.9747 1 0.3780 0
T 105172 126.0 0.9747 1 0.3780 0
T 105180 126.0 0.9747 1 0.3780 0
T 105188 126.0 0.9747 1 0.4263 0
T 105195 126.0 0.9747 1 0.4263 0
T 105202 126.0 0.9747 1 0.4263 0
T 105210 126.0 0.9747 1 0.4724 0
T 105218 126.0 0.9747 1 0.4724 0
T 105225 126.0 0.9747 1 0.4724 0
T 105232 126.0 0.9747 1 0.5186 0
T 105240 126.0 0.9747 1 0.5186 0
T 105248 126.0 0.9747 1 0.5186 0
T 105255 126.0 0.9746 1 0.5669 0
T 105262 126.0 0.9746 1 0.5669 0
T 105270 126.0 0.9746 1 0.5669 0
T 105278 126.0 0.9746 1 0.6152 0
T 105285 126.0 0.9746 1 0.6152 0
T 105292 126.0 0.9746 1 0.6152 0
T 105300 126.0 0.9746 1 0.6614 0
T 105308 126.0 0.9746 1 0.6614 0
T 105315 126.0 0.9746 1 0.6614 0
T 105322 126.0 0.9745 1 0.7076 0
T 105330 126.0 0.9745 1 0.7076 0
T 105338 126.0 0.9745 1 0.7076 0
T 105345 126.0 0.9745 1 0.7558 0
T 105352 126.0 0.9745 1 0.7558 0
T 105360 126.0 0.9745 1 0.7558 0
T 105368 126.0 0.9742 1 0.8652 0
T 105375 126.0 0.9742 1 0.8652 0
T 105382 126.0 0.9742 1 0.8652 0
T 105390 126.0 0.9740 1 0.9114 0
T 105398 126.0 0.9740 1 0.9114 0
T 105405 126.0 0.9740 1 0.9114 0
T 105412 126.0 0.9738 1 0.9576 0
T 105420 126.0 0.9738 1 0.9576 0
T 105428 126.0 0.9738 1 0.9576 0
T 105435 126.0 0.9737 1 0.0059 1
T 105442 126.0 0.9737 1 0.0059 0
T 105450 126.0 0.9737 1 0.0059 0
T 105458 126.0 0.9735 1 0.0542 0
T 105465 126.0 0.9735 1 0.0542 0
T 105472 126.0 0.9735 1 0.0542 0
T 105480 126.0 0.9734 1 0.1004 0
T 105488 126.0 0.9734 1 0.1004 0
T 105495 126.0 0.9734 1 0.1004 0
T 105502 126.0 0.9733 1 0.1466 0
T 105510 126.0 0.9733 1 0.1466 0
T 105518 126.0 0.9733 1 0.1466 0
T 105525 126.0 0.9732 1 0.1949 0
T 105532 126.0 0.9732 1 0.1949 0
T 105540 126.0 0.9732 1 0.1949 0
T 105548 126.0 0.9732 1 0.2432 0
T 105555 126.0 0.9732 1 0.2432 0
T 105562 126.0 0.9732 1 0.2432 0
T 105570 126.0 0.9731 1 0.2894 0
T 105578 126.0 0.9731 1 0.2894 0
T 105585 126.0 0.9731 1 0.2894 0
T 105592 126.0 0.9729 1 0.3356 0
T 105600 126.0 0.9729 1 0.3356 0
T 105608 126.0 0.9729 1 0.3356 0
T 105615 126.0 0.9728 1 0.3839 0
T 105622 126.0 0.9728 1 0.3839 0
T 105630 126.0 0.9728 1 0.3839 0
T 105638 126.0 0.9727 1 0.4322 0
T 105645 126.0 0.9727 1 0.4322 0
T 105652 126.0 0.9727 1 0.4322 0
T 105660 126.0 0.9726 1 0.4784 0
T 105668 126.0 0.9726 1 0.4784 0
T 105675 126.0 0.9726 1 0.4784 0
T 105682 126.0 0.9726 1 0.5247 0
T 105690 126.0 0.9726 1 0.5247 0
T 105698 126.0 0.9726 1 0.5247 0
T 105705 126.0 0.9725 1 0.5730 0
T 105712 126.0 0.9725 1 0.5730 0
T 105720 126.0 0.9725 1 0.5730 0
T 105728 126.0 0.9725 1 0.6213 0
T 105735 126.0 0.9725 1 0.6213 0
T 105742 126.0 0.9725 1 0.6213 0
T 105750 126.0 0.9725 1 0.6675 0
T 105758 126.0 0.9725 1 0.6675 0
T 105765 126.0 0.9725 1 0.6675 0
T 105772 126.0 0.9725 1 0.7137 0
T 105780 126.0 0.9725 1 0.7137 0
T 105788 126.0 0.9725 1 0.7137 0
T 105795 126.0 0.9725 1 0.7620 0
T 105802 126.0 0.9725 1 0.7620 0
T 105810 126.0 0.9725 1 0.7620 0
T 105818 126.0 0.9727 1 0.8103 0
T 105825 126.0 0.9727 1 0.8103 0
T 105832 126.0 0.9727 1 0.8103 0
T 105840 126.0 0.9729 1 0.9039 0
T 105848 126.0 0.9729 1 0.9039 0
T 105855 126.0 0.9729 1 0.9039 0
T 105862 126.0 0.9731 1 0.9501 0
T 105870 126.0 0.9731 1 0.9501 0
T 105878 126.0 0.9731 1 0.9501 0
T 105885 126.0 0.9732 1 0.9984 0
T 105892 126.0 0.9732 1 0.9984 0
T 105900 126.0 0.9732 1 0.9984 0
T 105908 126.0 0.9734 1 0.0467 1
T 105915 126.0 0.9734 1 0.0467 0
T 105922 126.0 0.9734 1 0.0467 0
T 105930 126.0 0.9736 1 0.0930 0
T 105938 126.0 0.9736 1 0.0930 0
T 105945 126.0 0.9736 1 0.0930 0
T 105952 126.0 0.9737 1 0.1392 0
T 105960 126.0 0.9737 1 0.1392 0
T 105968 126.0 0.9737 1 0.1392 0
T 105975 126.0 0.9738 1 0.1875 0
T 105982 126.0 0.9738 1 0.1875 0
T 105990 126.0 0.9738 1 0.1875 0
T 105998 126.0 0.9739 1 0.2358 0
T 106005 126.0 0.9739 1 0.2358 0
T 106012 126.0 0.9739 1 0.2358 0
T 106020 126.0 0.9740 1 0.2820 0
T 106028 126.0 0.9740 1 0.2820 0
T 106035 126.0 0.9740 1 0.2820 0
T 106042 126.0 0.9742 1 0.3282 0
T 106050 126.0 0.9742 1 0.3282 0
T 106058 126.0 0.9742 1 0.3282 0
T 106065 126.0 0.9743 1 0.3765 0
T 106072 126.0 0.9743 1 0.3765 0
T 106080 126.0 0.9743 1 0.3765 0
T 106088 126.0 0.9745 1 0.4248 0
T 106095 126.0 0.9745 1 0.4248 0
T 106102 126.0 0.9745 1 0.4248 0
T 106110 126.0 0.9747 1 0.4710 0
T 106118 126.0 0.9747 1 0.4710 0
T 106125 126.0 0.9747 1 0.4710 0
T 106132 126.0 0.9748 1 0.5172 0
T 106140 126.0 0.9748 1 0.5172 0
T 106148 126.0 0.9748 1 0.5172 0
T 106155 126.0 0.9750 1 0.5655 0
T 106162 126.0 0.9750 1 0.5655 0
T 106170 126.0 0.9750 1 0.5655 0
T 106178 126.0 0.9751 1 0.6138 0
T 106185 126.0 0.9751 1 0.6138 0
T 106192 126.0 0.9751 1 0.6138 0
T 106200 126.0 0.9753 1 0.6600 0
T 106208 126.0 0.9753 1 0.6600 0
T 106215 126.0 0.9753 1 0.6600 0
T 106222 126.0 0.9754 1 0.7062 0
T 106230 126.0 0.9754 1 0.7062 0
T 106238 126.0 0.9754 1 0.7062 0
T 106245 126.0 0.9755 1 0.7545 0
T 106252 126.0 0.9755 1 0.7545 0
T 106260 126.0 0.9755 1 0.7545 0
T 106268 126.0 0.9756 1 0.8028 0
T 106275 126.0 0.9756 1 0.8028 0
T 106282 126.0 0.9756 1 0.8028 0
T 106290 126.0 0.9759 1 0.8490 0
T 106298 126.0 0.9759 1 0.8490 0
T 106305 126.0 0.9759 1 0.8490 0
T 106312 126.0 0.9761 1 0.9330 0
T 106320 126.0 0.9761 1 0.9330 0
T 106328 126.0 0.9761 1 0.9330 0
T 106335 126.0 0.9762 1 0.9813 0
T 106342 126.0 0.9762 1 0.9813 0
T 106350 126.0 0.9762 1 0.9813 0
T 106358 126.0 0.9762 1 0.0296 1
T 106365 126.0 0.9762 1 0.0296 0
T 106372 126.0 0.9762 1 0.0296 0
T 106380 126.0 0.9762 1 0.0758 0
T 106388 126.0 0.9762 1 0.0758 0
T 106395 126.0 0.9762 1 0.0758 0
T 106402 126.0 0.9763 1 0.1220 0
T 106410 126.0 0.9763 1 0.1220 0
T 106418 126.0 0.9763 1 0.1220 0
T 106425 126.0 0.9764 1 0.1703 0
T 106432 126.0 0.9764 1 0.1703 0
T 106440 126.0 0.9764 1 0.1703 0
T 106448 126.0 0.9765 1 0.2187 0
T 106455 126.0 0.9765 1 0.2187 0
T 106462 126.0 0.9765 1 0.2187 0
T 106470 126.0 0.9765 1 0.2649 0
T 106478 126.0 0.9765 1 0.2649 0
T 106485 126.0 0.9765 1 0.2649 0
T 106492 126.0 0.9766 1 0.3111 0
T 106500 126.0 0.9766 1 0.3111 0
T 106508 126.0 0.9766 1 0.3111 0
T 106515 126.0 0.9767 1 0.3594 0
T 106522 126.0 0.9767 1 0.3594 0
T 106530 126.0 0.9767 1 0.3594 0
T 106538 126.0 0.9767 1 0.4077 0
T 106545 126.0 0.9767 1 0.4077 0
T 106552 126.0 0.9767 1 0.4077 0
T 106560 126.0 0.9768 1 0.4539 0
T 106568 126.0 0.9768 1 0.4539 0
T 106575 126.0 0.9768 1 0.4539 0
T 106582 126.0 0.9768 1 0.5001 0
T 106590 126.0 0.9768 1 0.5001 0
T 106598 126.0 0.9768 1 0.5001 0
T 106605 126.0 0.9768 1 0.5484 0
T 106612 126.0 0.9768 1 0.5484 0
T 106620 126.0 0.9768 1 0.5484 0
T 106628 126.0 0.9767 1 0.5967 0
T 106635 126.0 0.9767 1 0.5967 0
T 106642 126.0 0.9767 1 0.5967 0
T 106650 126.0 0.9767 1 0.6429 0
T 106658 126.0 0.9767 1 0.6429 0
T 106665 126.0 0.9767 1 0.6429 0
T 106672 126.0 0.9766 1 0.6891 0
T 106680 126.0 0.9766 1 0.6891 0
T 106688 126.0 0.9766 1 0.6891 0
T 106695 126.0 0.9765 1 0.7374 0
T 106702 126.0 0.9765 1 0.7374 0
T 106710 126.0 0.9765 1 0.7374 0
T 106718 126.0 0.9764 1 0.7857 0
T 106725 126.0 0.9764 1 0.7857 0
T 106732 126.0 0.9764 1 0.7857 0
T 106740 126.0 0.9764 1 0.8319 0
T 106748 126.0 0.9764 1 0.8319 0
T 106755 126.0 0.9764 1 0.8319 0
T 106762 126.0 0.9765 1 0.8781 0
T 106770 126.0 0.9765 1 0.8781 0
T 106778 126.0 0.9765 1 0.8781 0
T 106785 126.0 0.9767 1 0.9569 0
T 106792 126.0 0.9767 1 0.9569 0
T 106800 126.0 0.9767 1 0.9569 0
T 106808 126.0 0.9769 1 0.0052 1
T 106815 126.0 0.9769 1 0.0052 0
T 106822 126.0 0.9769 1 0.0052 0
T 106830 126.0 0.9770 1 0.0514 0
T 106838 126.0 0.9770 1 0.0514 0
T 106845 126.0 0.9770 1 0.0514 0
T 106852 126.0 0.9771 1 0.0976 0
T 106860 126.0 0.9771 1 0.0976 0
T 106868 126.0 0.9771 1 0.0976 0
T 106875 126.0 0.9771 1 0.1459 0
T 106882 126.0 0.9771 1 0.1459 0
T 106890 126.0 0.9771 1 0.1459 0
T 106898 126.0 0.9771 1 0.1942 0
T 106905 126.0 0.9771 1 0.1942 0
T 106912 126.0 0.9771 1 0.1942 0
T 106920 126.0 0.9771 1 0.2404 0
T 106928 126.0 0.9771 1 0.2404 0
T 106935 126.0 0.9771 1 0.2404 0
T 106942 126.0 0.9771 1 0.2867 0
T 106950 126.0 0.9771 1 0.2867 0
T 106958 126.0 0.9771 1 0.2867 0
T 106965 126.0 0.9771 1 0.3350 0
T 106972 126.0 0.9771 1 0.3350 0
T 106980 126.0 0.9771 1 0.3350 0
T 106988 126.0 0.9771 1 0.3833 0
T 106995 126.0 0.9771 1 0.3833 0
T 107002 126.0 0.9771 1 0.3833 0
T 107010 126.0 0.9772 1 0.4295 0
T 107018 126.0 0.9772 1 0.4295 0
T 107025 126.0 0.9772 1 0.4295 0
T 107032 126.0 0.9773 1 0.4757 0
T 107040 126.0 0.9773 1 0.4757 0
T 107048 126.0 0.9773 1 0.4757 0
T 107055 126.0 0.9774 1 0.5240 0
T 107062 126.0 0.9774 1 0.5240 0
T 107070 126.0 0.9774 1 0.5240 0
T 107078 126.0 0.9775 1 0.5723 0
T 107085 126.0 0.9775 1 0.5723 0
T 107092 126.0 0.9775 1 0.5723 0
T 107100 126.0 0.9777 1 0.6185 0
T 107108 126.0 0.9777 1 0.6185 0
T 107115 126.0 0.9777 1 0.6185 0
T 107122 126.0 0.9778 1 0.6647 0
T 107130 126.0 0.9778 1 0.6647 0
T 107138 126.0 0.9778 1 0.6647 0
T 107145 126.0 0.9779 1 0.7130 0
T 107152 126.0 0.9779 1 0.7130 0
T 107160 126.0 0.9779 1 0.7130 0
T 107168 126.0 0.9779 1 0.7613 0
T 107175 126.0 0.9779 1 0.7613 0
T 107182 126.0 0.9779 1 0.7613 0
T 107190 126.0 0.9780 1 0.8075 0
T 107198 126.0 0.9780 1 0.8075 0
T 107205 126.0 0.9780 1 0.8075 0
T 107212 126.0 0.9782 1 0.8537 0
T 107220 126.0 0.9782 1 0.8537 0
T 107228 126.0 0.9782 1 0.8537 0
T 107235 126.0 0.9784 1 0.9020 0
T 107242 126.0 0.9784 1 0.9020 0
T 107250 126.0 0.9784 1 0.9020 0
T 107258 126.0 0.9787 1 0.9748 0
T 107265 126.0 0.9787 1 0.9748 0
T 107272 126.0 0.9787 1 0.9748 0
T 107280 126.0 0.9790 1 0.0210 1
T 107288 126.0 0.9790 1 0.0210 0
T 107295 126.0 0.9790 1 0.0210 0
T 107302 126.0 0.9791 1 0.0672 0
T 107310 126.0 0.9791 1 0.0672 0
T 107318 126.0 0.9791 1 0.0672 0
T 107325 126.0 0.9793 1 0.1155 0
T 107332 126.0 0.9793 1 0.1155 0
T 107340 126.0 0.9793 1 0.1155 0
T 107348 126.0 0.9795 1 0.1638 0
T 107355 126.0 0.9795 1 0.1638 0
T 107362 126.0 0.9795 1 0.1638 0
T 107370 126.0 0.9797 1 0.2100 0
T 107378 126.0 0.9797 1 0.2100 0
T 107385 126.0 0.9797 1 0.2100 0
T 107392 126.0 0.9798 1 0.2562 0
T 107400 126.0 0.9798 1 0.2562 0
T 107408 126.0 0.9798 1 0.2562 0
T 107415 126.0 0.9800 1 0.3045 0
T 107422 126.0 0.9800 1 0.3045 0
T 107430 126.0 0.9800 1 0.3045 0
T 107438 126.0 0.9802 1 0.3529 0
T 107445 126.0 0.9802 1 0.3529 0
T 107452 126.0 0.9802 1 0.3529 0
T 107460 126.0 0.9803 1 0.3991 0
T 107468 126.0 0.9803 1 0.3991 0
T 107475 126.0 0.9803 1 0.3991 0
T 107482 126.0 0.9804 1 0.3455 0
T 107490 126.0 0.9804 1 0.3455 0
T 107498 126.0 0.9804 1 0.3455 0
T 107505 126.0 0.9804 1 0.3938 0
T 107512 126.0 0.9804 1 0.3938 0
T 107520 126.0 0.9804 1 0.3938 0
T 107528 126.0 0.9805 1 0.4420 0
T 107535 126.0 0.9805 1 0.4420 0
T 107542 126.0 0.9805 1 0.4420 0
T 107550 126.0 0.9805 1 0.4882 0
T 107558 126.0 0.9805 1 0.4882 0
T 107565 126.0 0.9805 1 0.4882 0
T 107572 126.0 0.9805 1 0.5344 0
T 107580 126.0 0.9805 1 0.5344 0
T 107588 126.0 0.9805 1 0.5344 0
T 107595 126.0 0.9805 1 0.5827 0
T 107602 126.0 0.9805 1 0.5827 0
T 107610 126.0 0.9805 1 0.5827 0
T 107618 126.0 0.9805 1 0.6310 0
T 107625 126.0 0.9805 1 0.6310 0
T 107632 126.0 0.9805 1 0.6310 0
T 107640 126.0 0.9805 1 0.6771 0
T 107648 126.0 0.9805 1 0.6771 0
T 107655 126.0 0.9805 1 0.6771 0
T 107662 126.0 0.9805 1 0.7233 0
T 107670 126.0 0.9805 1 0.7233 0
T 107678 126.0 0.9805 1 0.7233 0
T 107685 126.0 0.9806 1 0.7716 0
T 107692 126.0 0.9806 1 0.7716 0
T 107700 126.0 0.9806 1 0.7716 0
T 107708 126.0 0.9807 1 0.8199 0
T 107715 126.0 0.9807 1 0.8199 0
T 107722 126.0 0.9807 1 0.8199 0
T 107730 126.0 0.9809 1 0.8661 0
T 107738 126.0 0.9809 1 0.8661 0
T 107745 126.0 0.9809 1 0.8661 0
T 107752 126.0 0.9811 1 0.9458 0
T 107760 126.0 0.9811 1 0.9458 0
T 107768 126.0 0.9811 1 0.9458 0
T 107775 126.0 0.9813 1 0.9941 0
T 107782 126.0 0.9813 1 0.9941 0
T 107790 126.0 0.9813 1 0.9941 0
T 107798 126.0 0.9815 1 0.0424 1
T 107805 126.0 0.9815 1 0.0424 0
T 107812 126.0 0.9815 1 0.0424 0
T 107820 126.0 0.9816 1 0.0886 0
T 107828 126.0 0.9816 1 0.0886 0
T 107835 126.0 0.9816 1 0.0886 0
T 107842 126.0 0.9817 1 0.1348 0
T 107850 126.0 0.9817 1 0.1348 0
T 107858 126.0 0.9817 1 0.1348 0
T 107865 126.0 0.9818 1 0.1831 0
T 107872 126.0 0.9818 1 0.1831 0
T 107880 126.0 0.9818 1 0.1831 0
T 107888 126.0 0.9819 1 0.2314 0
T 107895 126.0 0.9819 1 0.2314 0
T 107902 126.0 0.9819 1 0.2314 0
T 107910 126.0 0.9820 1 0.2776 0
T 107918 126.0 0.9820 1 0.2776 0
T 107925 126.0 0.9820 1 0.2776 0
T 107932 126.0 0.9821 1 0.3238 0
T 107940 126.0 0.9821 1 0.3238 0
T 107948 126.0 0.9821 1 0.3238 0
T 107955 126.0 0.9822 1 0.3721 0
T 107962 126.0 0.9822 1 0.3721 0
T 107970 126.0 0.9822 1 0.3721 0
T 107978 126.0 0.9823 1 0.4204 0
T 107985 126.0 0.9823 1 0.4204 0
T 107992 126.0 0.9823 1 0.4204 0
T 108000 126.0 0.9823 1 0.4666 0
T 108008 126.0 0.9823 1 0.4666 0
T 108015 126.0 0.9823 1 0.4666 0
T 108022 126.0 0.9824 1 0.5128 0
T 108030 126.0 0.9824 1 0.5128 0
T 108038 126.0 0.9824 1 0.5128 0
T 108045 126.0 0.9825 1 0.5611 0
T 108052 126.0 0.9825 1 0.5611 0
T 108060 126.0 0.9825 1 0.5611 0
T 108068 126.0 0.9825 1 0.6094 0
T 108075 126.0 0.9825 1 0.6094 0
T 108082 126.0 0.9825 1 0.6094 0
T 108090 126.0 0.9826 1 0.7532 0
T 108098 126.0 0.9826 1 0.7532 0
T 108105 126.0 0.9826 1 0.7532 0
T 108112 126.0 0.9826 1 0.7995 0
T 108120 126.0 0.9826 1 0.7995 0
T 108128 126.0 0.9826 1 0.7995 0
T 108135 126.0 0.9827 1 0.8478 0
T 108142 126.0 0.9827 1 0.8478 0
T 108150 126.0 0.9827 1 0.8478 0
T 108158 126.0 0.9828 1 0.8961 0
T 108165 126.0 0.9828 1 0.8961 0
T 108172 126.0 0.9828 1 0.8961 0
T 108180 126.0 0.9829 1 0.9423 0
T 108188 126.0 0.9829 1 0.9423 0
T 108195 126.0 0.9829 1 0.9423 0
T 108202 126.0 0.9829 1 0.9886 0
T 108210 126.0 0.9829 1 0.9886 0
T 108218 126.0 0.9829 1 0.9886 0
T 108225 126.0 0.9830 1 0.0397 1
T 108232 126.0 0.9830 1 0.0397 0
T 108240 126.0 0.9830 1 0.0397 0
T 108248 126.0 0.9830 1 0.0881 0
T 108255 126.0 0.9830 1 0.0881 0
T 108262 126.0 0.9830 1 0.0881 0
T 108270 126.0 0.9831 1 0.1343 0
T 108278 126.0 0.9831 1 0.1343 0
T 108285 126.0 0.9831 1 0.1343 0
T 108292 126.0 0.9832 1 0.1805 0
T 108300 126.0 0.9832 1 0.1805 0
T 108308 126.0 0.9832 1 0.1805 0
T 108315 126.0 0.9832 1 0.2288 0
T 108322 126.0 0.9832 1 0.2288 0
T 108330 126.0 0.9832 1 0.2288 0
T 108338 126.0 0.9832 1 0.2771 0
T 108345 126.0 0.9832 1 0.2771 0
T 108352 126.0 0.9832 1 0.2771 0
T 108360 126.0 0.9832 1 0.3233 0
T 108368 126.0 0.9832 1 0.3233 0
T 108375 126.0 0.9832 1 0.3233 0
T 108382 126.0 0.9833 1 0.3695 0
T 108390 126.0 0.9833 1 0.3695 0
T 108398 126.0 0.9833 1 0.3695 0
T 108405 126.0 0.9833 1 0.4179 0
T 108412 126.0 0.9833 1 0.4179 0
T 108420 126.0 0.9833 1 0.4179 0
T 108428 126.0 0.9833 1 0.4662 0
T 108435 126.0 0.9833 1 0.4662 0
T 108442 126.0 0.9833 1 0.4662 0
T 108450 126.0 0.9833 1 0.5124 0
T 108458 126.0 0.9833 1 0.5124 0
T 108465 126.0 0.9833 1 0.5124 0
T 108472 126.0 0.9833 1 0.5586 0
T 108480 126.0 0.9833 1 0.5586 0
T 108488 126.0 0.9833 1 0.5586 0
T 108495 126.0 0.9834 1 0.6069 0
T 108502 126.0 0.9834 1 0.6069 0
T 108510 126.0 0.9834 1 0.6069 0
T 108518 126.0 0.9834 1 0.6552 0
T 108525 126.0 0.9834 1 0.6552 0
T 108532 126.0 0.9834 1 0.6552 0
T 108540 126.0 0.9834 1 0.7014 0
T 108548 126.0 0.9834 1 0.7014 0
T 108555 126.0 0.9834 1 0.7014 0
T 108562 126.0 0.9835 1 0.7476 0
T 108570 126.0 0.9835 1 0.7476 0
T 108578 126.0 0.9835 1 0.7476 0
T 108585 126.0 0.9835 1 0.7959 0
T 108592 126.0 0.9835 1 0.7959 0
T 108600 126.0 0.9835 1 0.7959 0
T 108608 126.0 0.9835 1 0.8442 0
T 108615 126.0 0.9835 1 0.8442 0
T 108622 126.0 0.9835 1 0.8442 0
T 108630 126.0 0.9835 1 0.8904 0
T 108638 126.0 0.9835 1 0.8904 0
T 108645 126.0 0.9835 1 0.8904 0
T 108652 126.0 0.9834 1 0.9366 0
T 108660 126.0 0.9834 1 0.9366 0
T 108668 126.0 0.9834 1 0.9366 0
T 108675 126.0 0.9834 1 0.9849 0
T 108682 126.0 0.9834 1 0.9849 0
T 108690 126.0 0.9834 1 0.9849 0
T 108698 126.0 0.9834 1 0.0370 1
T 108705 126.0 0.9834 1 0.0370 0
T 108712 126.0 0.9834 1 0.0370 0
T 108720 126.0 0.9833 1 0.0832 0
T 108728 126.0 0.9833 1 0.0832 0
T 108735 126.0 0.9833 1 0.0832 0
T 108742 126.0 0.9833 1 0.1086 0
T 108750 126.0 0.9833 1 0.1086 0
T 108758 126.0 0.9833 1 0.1086 0
T 108765 126.0 0.9833 1 0.1569 0
T 108772 126.0 0.9833 1 0.1569 0
T 108780 126.0 0.9833 1 0.1569 0
T 108788 126.0 0.9833 1 0.2052 0
T 108795 126.0 0.9833 1 0.2052 0
T 108802 126.0 0.9833 1 0.2052 0
T 108810 126.0 0.9832 1 0.2514 0
T 108818 126.0 0.9832 1 0.2514 0
T 108825 126.0 0.9832 1 0.2514 0
T 108832 126.0 0.9832 1 0.2976 0
T 108840 126.0 0.9832 1 0.2976 0
T 108848 126.0 0.9832 1 0.2976 0
T 108855 126.0 0.9832 1 0.3459 0
T 108862 126.0 0.9832 1 0.3459 0
T 108870 126.0 0.9832 1 0.3459 0
T 108878 126.0 0.9832 1 0.3942 0
T 108885 126.0 0.9832 1 0.3942 0
T 108892 126.0 0.9832 1 0.3942 0
T 108900 126.0 0.9832 1 0.4404 0
T 108908 126.0 0.9832 1 0.4404 0
T 108915 126.0 0.9832 1 0.4404 0
T 108922 126.0 0.9832 1 0.4866 0
T 108930 126.0 0.9832 1 0.4866 0
T 108938 126.0 0.9832 1 0.4866 0
T 108945 126.0 0.9832 1 0.5349 0
T 108952 126.0 0.9832 1 0.5349 0
T 108960 126.0 0.9832 1 0.5349 0
T 108968 126.0 0.9832 1 0.5832 0
T 108975 126.0 0.9832 1 0.5832 0
T 108982 126.0 0.9832 1 0.5832 0
T 108990 126.0 0.9832 1 0.6294 0
T 108998 126.0 0.9832 1 0.6294 0
T 109005 126.0 0.9832 1 0.6294 0
T 109012 126.0 0.9832 1 0.6756 0
T 109020 126.0 0.9832 1 0.6756 0
T 109028 126.0 0.9832 1 0.6756 0
T 109035 126.0 0.9831 1 0.7239 0
T 109042 126.0 0.9831 1 0.7239 0
T 109050 126.0 0.9831 1 0.7239 0
T 109058 126.0 0.9831 1 0.7722 0
T 109065 126.0 0.9831 1 0.7722 0
T 109072 126.0 0.9831 1 0.7722 0
T 109080 126.0 0.9831 1 0.8184 0
T 109088 126.0 0.9831 1 0.8184 0
T 109095 126.0 0.9831 1 0.8184 0
T 109102 126.0 0.9831 1 0.8646 0
T 109110 126.0 0.9831 1 0.8646 0
T 109118 126.0 0.9831 1 0.8646 0
T 109125 126.0 0.9831 1 0.9129 0
T 109132 126.0 0.9831 1 0.9129 0
T 109140 126.0 0.9831 1 0.9129 0
T 109148 126.0 0.9831 1 0.9612 0
T 109155 126.0 0.9831 1 0.9612 0
T 109162 126.0 0.9831 1 0.9612 0
T 109170 126.0 0.9831 1 0.0171 1
T 109178 126.0 0.9831 1 0.0171 0
T 109185 126.0 0.9831 1 0.0171 0
T 109192 126.0 0.9831 1 0.0633 0
T 109200 126.0 0.9831 1 0.0633 0
T 109208 126.0 0.9831 1 0.0633 0
T 109215 126.0 0.9831 1 0.1116 0
T 109222 126.0 0.9831 1 0.1116 0
T 109230 126.0 0.9831 1 0.1116 0
T 109238 126.0 0.9831 1 0.1599 0
T 109245 126.0 0.9831 1 0.1599 0
T 109252 126.0 0.9831 1 0.1599 0
T 109260 126.0 0.9831 1 0.2061 0
T 109268 126.0 0.9831 1 0.2061 0
T 109275 126.0 0.9831 1 0.2061 0
T 109282 126.0 0.9831 1 0.2523 0
T 109290 126.0 0.9831 1 0.2523 0
T 109298 126.0 0.9831 1 0.2523 0
T 109305 126.0 0.9831 1 0.3006 0
T 109312 126.0 0.9831 1 0.3006 0
T 109320 126.0 0.9831 1 0.3006 0
T 109328 126.0 0.9832 1 0.3489 0
T 109335 126.0 0.9832 1 0.3489 0
T 109342 126.0 0.9832 1 0.3489 0
T 109350 126.0 0.9832 1 0.3951 0
T 109358 126.0 0.9832 1 0.3951 0
T 109365 126.0 0.9832 1 0.3951 0
T 109372 126.0 0.9831 1 0.4413 0
T 109380 126.0 0.9831 1 0.4413 0
T 109388 126.0 0.9831 1 0.4413 0
T 109395 126.0 0.9831 1 0.3896 0
T 109402 126.0 0.9831 1 0.3896 0
T 109410 126.0 0.9831 1 0.3896 0
T 109418 126.0 0.9830 1 0.4378 0
T 109425 126.0 0.9830 1 0.4378 0
T 109432 126.0 0.9830 1 0.4378 0
T 109440 126.0 0.9829 1 0.4840 0
T 109448 126.0 0.9829 1 0.4840 0
T 109455 126.0 0.9829 1 0.4840 0
T 109462 126.0 0.9827 1 0.5302 0
T 109470 126.0 0.9827 1 0.5302 0
T 109478 126.0 0.9827 1 0.5302 0
T 109485 126.0 0.9826 1 0.5785 0
T 109492 126.0 0.9826 1 0.5785 0
T 109500 126.0 0.9826 1 0.5785 0
T 109508 126.0 0.9825 1 0.6267 0
T 109515 126.0 0.9825 1 0.6267 0
T 109522 126.0 0.9825 1 0.6267 0
T 109530 126.0 0.9824 1 0.6729 0
T 109538 126.0 0.9824 1 0.6729 0
T 109545 126.0 0.9824 1 0.6729 0
T 109552 126.0 0.9823 1 0.7191 0
T 109560 126.0 0.9823 1 0.7191 0
T 109568 126.0 0.9823 1 0.7191 0
T 109575 126.0 0.9823 1 0.7674 0
T 109582 126.0 0.9823 1 0.7674 0
T 109590 126.0 0.9823 1 0.7674 0
T 109598 126.0 0.9822 1 0.8157 0
T 109605 126.0 0.9822 1 0.8157 0
T 109612 126.0 0.9822 1 0.8157 0
T 109620 126.0 0.9821 1 0.8618 0
T 109628 126.0 0.9821 1 0.8618 0
T 109635 126.0 0.9821 1 0.8618 0
T 109642 126.0 0.9820 1 0.9426 0
T 109650 126.0 0.9820 1 0.9426 0
T 109658 126.0 0.9820 1 0.9426 0
T 109665 126.0 0.9820 1 0.9909 0
T 109672 126.0 0.9820 1 0.9909 0
T 109680 126.0 0.9820 1 0.9909 0
T 109688 126.0 0.9820 1 0.0392 1
T 109695 126.0 0.9820 1 0.0392 0
T 109702 126.0 0.9820 1 0.0392 0
T 109710 126.0 0.9820 1 0.0854 0
T 109718 126.0 0.9820 1 0.0854 0
T 109725 126.0 0.9820 1 0.0854 0
T 109732 126.0 0.9820 1 0.1316 0
T 109740 126.0 0.9820 1 0.1316 0
T 109748 126.0 0.9820 1 0.1316 0
T 109755 126.0 0.9820 1 0.1799 0
T 109762 126.0 0.9820 1 0.1799 0
T 109770 126.0 0.9820 1 0.1799 0
T 109778 126.0 0.9820 1 0.2282 0
T 109785 126.0 0.9820 1 0.2282 0
T 109792 126.0 0.9820 1 0.2282 0
T 109800 126.0 0.9821 1 0.2744 0
T 109808 126.0 0.9821 1 0.2744 0
T 109815 126.0 0.9821 1 0.2744 0
T 109822 126.0 0.9822 1 0.3206 0
T 109830 126.0 0.9822 1 0.3206 0
T 109838 126.0 0.9822 1 0.3206 0
T 109845 126.0 0.9823 1 0.3689 0
T 109852 126.0 0.9823 1 0.3689 0
T 109860 126.0 0.9823 1 0.3689 0
T 109868 126.0 0.9823 1 0.3250 0
T 109875 126.0 0.9823 1 0.3250 0
T 109882 126.0 0.9823 1 0.3250 0
T 109890 126.0 0.9824 1 0.3711 0
T 109898 126.0 0.9824 1 0.3711 0
T 109905 126.0 0.9824 1 0.3711 0
T 109912 126.0 0.9825 1 0.4173 0
T 109920 126.0 0.9825 1 0.4173 0
T 109928 126.0 0.9825 1 0.4173 0
T 109935 126.0 0.9825 1 0.4656 0
T 109942 126.0 0.9825 1 0.4656 0
T 109950 126.0 0.9825 1 0.4656 0
T 109958 126.0 0.9826 1 0.5138 0
T 109965 126.0 0.9826 1 0.5138 0
T 109972 126.0 0.9826 1 0.5138 0
T 109980 126.0 0.9826 1 0.5600 0
T 109988 126.0 0.9826 1 0.5600 0
T 109995 126.0 0.9826 1 0.5600 0
T 110002 126.0 0.9827 1 0.6062 0
T 110010 126.0 0.9827 1 0.6062 0
T 110018 126.0 0.9827 1 0.6062 0
T 110025 126.0 0.9828 1 0.6545 0
T 110032 126.0 0.9828 1 0.6545 0
T 110040 126.0 0.9828 1 0.6545 0
T 110048 126.0 0.9828 1 0.7028 0
T 110055 126.0 0.9828 1 0.7028 0
T 110062 126.0 0.9828 1 0.7028 0
T 110070 126.0 0.9827 1 0.8233 0
T 110078 126.0 0.9827 1 0.8233 0
T 110085 126.0 0.9827 1 0.8233 0
T 110092 126.0 0.9827 1 0.8695 0
T 110100 126.0 0.9827 1 0.8695 0
T 110108 126.0 0.9827 1 0.8695 0
T 110115 126.0 0.9826 1 0.9178 0
T 110122 126.0 0.9826 1 0.9178 0
T 110130 126.0 0.9826 1 0.9178 0
T 110138 126.0 0.9825 1 0.9661 0
T 110145 126.0 0.9825 1 0.9661 0
T 110152 126.0 0.9825 1 0.9661 0
T 110160 126.0 0.9824 1 0.0208 1
T 110168 126.0 0.9824 1 0.0208 0
T 110175 126.0 0.9824 1 0.0208 0
T 110182 126.0 0.9823 1 0.0670 0
T 110190 126.0 0.9823 1 0.0670 0
T 110198 126.0 0.9823 1 0.0670 0
T 110205 126.0 0.9822 1 0.1153 0
T 110212 126.0 0.9822 1 0.1153 0
T 110220 126.0 0.9822 1 0.1153 0
T 110228 126.0 0.9822 1 0.1636 0
T 110235 126.0 0.9822 1 0.1636 0
T 110242 126.0 0.9822 1 0.1636 0
T 110250 126.0 0.9821 1 0.2098 0
T 110258 126.0 0.9821 1 0.2098 0
T 110265 126.0 0.9821 1 0.2098 0
T 110272 126.0 0.9821 1 0.2560 0
T 110280 126.0 0.9821 1 0.2560 0
T 110288 126.0 0.9821 1 0.2560 0
T 110295 126.0 0.9820 1 0.3043 0
T 110302 126.0 0.9820 1 0.3043 0
T 110310 126.0 0.9820 1 0.3043 0
T 110318 126.0 0.9820 1 0.3526 0
T 110325 126.0 0.9820 1 0.3526 0
T 110332 126.0 0.9820 1 0.3526 0
T 110340 126.0 0.9819 1 0.3107 0
T 110348 126.0 0.9819 1 0.3107 0
T 110355 126.0 0.9819 1 0.3107 0
T 110362 126.0 0.9819 1 0.3569 0
T 110370 126.0 0.9819 1 0.3569 0
T 110378 126.0 0.9819 1 0.3569 0
T 110385 126.0 0.9818 1 0.4051 0
T 110392 126.0 0.9818 1 0.4051 0
T 110400 126.0 0.9818 1 0.4051 0
T 110408 126.0 0.9817 1 0.4534 0
T 110415 126.0 0.9817 1 0.4534 0
T 110422 126.0 0.9817 1 0.4534 0
T 110430 126.0 0.9816 1 0.4996 0
T 110438 126.0 0.9816 1 0.4996 0
T 110445 126.0 0.9816 1 0.4996 0
T 110452 126.0 0.9816 1 0.5458 0
T 110460 126.0 0.9816 1 0.5458 0
T 110468 126.0 0.9816 1 0.5458 0
T 110475 126.0 0.9815 1 0.5941 0
T 110482 126.0 0.9815 1 0.5941 0
T 110490 126.0 0.9815 1 0.5941 0
T 110498 126.0 0.9814 1 0.6424 0
T 110505 126.0 0.9814 1 0.6424 0
T 110512 126.0 0.9814 1 0.6424 0
T 110520 126.0 0.9814 1 0.6886 0
T 110528 126.0 0.9814 1 0.6886 0
T 110535 126.0 0.9814 1 0.6886 0
T 110542 126.0 0.9814 1 0.7347 0
T 110550 126.0 0.9814 1 0.7347 0
T 110558 126.0 0.9814 1 0.7347 0
T 110565 126.0 0.9813 1 0.7830 0
T 110572 126.0 0.9813 1 0.7830 0
T 110580 126.0 0.9813 1 0.7830 0
T 110588 126.0 0.9812 1 0.8856 0
T 110595 126.0 0.9812 1 0.8856 0
T 110602 126.0 0.9812 1 0.8856 0
T 110610 126.0 0.9812 1 0.9318 0
T 110618 126.0 0.9812 1 0.9318 0
T 110625 126.0 0.9812 1 0.9318 0
T 110632 126.0 0.9811 1 0.9780 0
T 110640 126.0 0.9811 1 0.9780 0
T 110648 126.0 0.9811 1 0.9780 0
T 110655 126.0 0.9810 1 0.0263 1
T 110662 126.0 0.9810 1 0.0263 0
T 110670 126.0 0.9810 1 0.0263 0
T 110678 126.0 0.9810 1 0.0746 0
T 110685 126.0 0.9810 1 0.0746 0
T 110692 126.0 0.9810 1 0.0746 0
T 110700 126.0 0.9810 1 0.1208 0
T 110708 126.0 0.9810 1 0.1208 0
T 110715 126.0 0.9810 1 0.1208 0
T 110722 126.0 0.9809 1 0.1670 0
T 110730 126.0 0.9809 1 0.1670 0
T 110738 126.0 0.9809 1 0.1670 0
T 110745 126.0 0.9809 1 0.2153 0
T 110752 126.0 0.9809 1 0.2153 0
T 110760 126.0 0.9809 1 0.2153 0
T 110768 126.0 0.9809 1 0.2636 0
T 110775 126.0 0.9809 1 0.2636 0
T 110782 126.0 0.9809 1 0.2636 0
T 110790 126.0 0.9808 1 0.3098 0
T 110798 126.0 0.9808 1 0.3098 0
T 110805 126.0 0.9808 1 0.3098 0
T 110812 126.0 0.9808 1 0.3560 0
T 110820 126.0 0.9808 1 0.3560 0
T 110828 126.0 0.9808 1 0.3560 0
T 110835 126.0 0.9807 1 0.4043 0
T 110842 126.0 0.9807 1 0.4043 0
T 110850 126.0 0.9807 1 0.4043 0
T 110858 126.0 0.9806 1 0.4526 0
T 110865 126.0 0.9806 1 0.4526 0
T 110872 126.0 0.9806 1 0.4526 0
T 110880 126.0 0.9806 1 0.4988 0
T 110888 126.0 0.9806 1 0.4988 0
T 110895 126.0 0.9806 1 0.4988 0
T 110902 126.0 0.9806 1 0.5450 0
T 110910 126.0 0.9806 1 0.5450 0
T 110918 126.0 0.9806 1 0.5450 0
T 110925 126.0 0.9806 1 0.5933 0
T 110932 126.0 0.9806 1 0.5933 0
T 110940 126.0 0.9806 1 0.5933 0
T 110948 126.0 0.9805 1 0.6416 0
T 110955 126.0 0.9805 1 0.6416 0
T 110962 126.0 0.9805 1 0.6416 0
T 110970 126.0 0.9806 1 0.6879 0
T 110978 126.0 0.9806 1 0.6879 0
T 110985 126.0 0.9806 1 0.6879 0
T 110992 126.0 0.9806 1 0.7341 0
T 111000 126.0 0.9806 1 0.7341 0
T 111008 126.0 0.9806 1 0.7341 0
T 111015 126.0 0.9805 1 0.7824 0
T 111022 126.0 0.9805 1 0.7824 0
T 111030 126.0 0.9805 1 0.7824 0
T 111038 126.0 0.9805 1 0.8851 0
T 111045 126.0 0.9805 1 0.8851 0
T 111052 126.0 0.9805 1 0.8851 0
T 111060 126.0 0.9804 1 0.9313 0
T 111068 126.0 0.9804 1 0.9313 0
T 111075 126.0 0.9804 1 0.9313 0
T 111082 126.0 0.9803 1 0.9947 0
T 111090 126.0 0.9803 1 0.9947 0
T 111098 126.0 0.9803 1 0.9947 0
T 111105 126.0 0.9802 1 0.0430 1
T 111112 126.0 0.9802 1 0.0430 0
T 111120 126.0 0.9802 1 0.0430 0
T 111128 126.0 0.9802 1 0.0913 0
T 111135 126.0 0.9802 1 0.0913 0
T 111142 126.0 0.9802 1 0.0913 0
T 111150 126.0 0.9801 1 0.1375 0
T 111158 126.0 0.9801 1 0.1375 0
T 111165 126.0 0.9801 1 0.1375 0
T 111172 126.0 0.9800 1 0.1838 0
T 111180 126.0 0.9800 1 0.1838 0
T 111188 126.0 0.9800 1 0.1838 0
T 111195 126.0 0.9800 1 0.2321 0
T 111202 126.0 0.9800 1 0.2321 0
T 111210 126.0 0.9800 1 0.2321 0
T 111218 126.0 0.9799 1 0.2804 0
T 111225 126.0 0.9799 1 0.2804 0
T 111232 126.0 0.9799 1 0.2804 0
T 111240 126.0 0.9799 1 0.3266 0
T 111248 126.0 0.9799 1 0.3266 0
T 111255 126.0 0.9799 1 0.3266 0
T 111262 126.0 0.9799 1 0.3728 0
T 111270 126.0 0.9799 1 0.3728 0
T 111278 126.0 0.9799 1 0.3728 0
T 111285 126.0 0.9799 1 0.4211 0
T 111292 126.0 0.9799 1 0.4211 0
T 111300 126.0 0.9799 1 0.4211 0
T 111308 126.0 0.9799 1 0.4694 0
T 111315 126.0 0.9799 1 0.4694 0
T 111322 126.0 0.9799 1 0.4694 0
T 111330 126.0 0.9799 1 0.5156 0
T 111338 126.0 0.9799 1 0.5156 0
T 111345 126.0 0.9799 1 0.5156 0
T 111352 126.0 0.9799 1 0.5618 0
T 111360 126.0 0.9799 1 0.5618 0
T 111368 126.0 0.9799 1 0.5618 0
T 111375 126.0 0.9799 1 0.6101 0
T 111382 126.0 0.9799 1 0.6101 0
T 111390 126.0 0.9799 1 0.6101 0
T 111398 126.0 0.9799 1 0.6585 0
T 111405 126.0 0.9799 1 0.6585 0
T 111412 126.0 0.9799 1 0.6585 0
T 111420 126.0 0.9799 1 0.7047 0
T 111428 126.0 0.9799 1 0.7047 0
T 111435 126.0 0.9799 1 0.7047 0
T 111442 126.0 0.9799 1 0.7509 0
T 111450 126.0 0.9799 1 0.7509 0
T 111458 126.0 0.9799 1 0.7509 0
T 111465 126.0 0.9799 1 0.7992 0
T 111472 126.0 0.9799 1 0.7992 0
T 111480 126.0 0.9799 1 0.7992 0
T 111488 126.0 0.9799 1 0.8475 0
T 111495 126.0 0.9799 1 0.8475 0
T 111502 126.0 0.9799 1 0.8475 0
T 111510 126.0 0.9799 1 0.8937 0
T 111518 126.0 0.9799 1 0.8937 0
T 111525 126.0 0.9799 1 0.8937 0
T 111532 126.0 0.9799 1 0.9399 0
T 111540 126.0 0.9799 1 0.9399 0
T 111548 126.0 0.9799 1 0.9399 0
T 111555 126.0 0.9799 1 0.0032 1
T 111562 126.0 0.9799 1 0.0032 0
T 111570 126.0 0.9799 1 0.0032 0
T 111578 126.0 0.9799 1 0.0515 0
T 111585 126.0 0.9799 1 0.0515 0
T 111592 126.0 0.9799 1 0.0515 0
T 111600 126.0 0.9799 1 0.0977 0
T 111608 126.0 0.9799 1 0.0977 0
T 111615 126.0 0.9799 1 0.0977 0
T 111622 126.0 0.9798 1 0.1439 0
T 111630 126.0 0.9798 1 0.1439 0
T 111638 126.0 0.9798 1 0.1439 0
T 111645 126.0 0.9798 1 0.1922 0
T 111652 126.0 0.9798 1 0.1922 0
T 111660 126.0 0.9798 1 0.1922 0
T 111668 126.0 0.9797 1 0.2405 0
T 111675 126.0 0.9797 1 0.2405 0
T 111682 126.0 0.9797 1 0.2405 0
T 111690 126.0 0.9797 1 0.2266 0
T 111698 126.0 0.9797 1 0.2266 0
T 111705 126.0 0.9797 1 0.2266 0
T 111712 126.0 0.9796 1 0.2728 0
T 111720 126.0 0.9796 1 0.2728 0
T 111728 126.0 0.9796 1 0.2728 0
T 111735 126.0 0.9795 1 0.3211 0
T 111742 126.0 0.9795 1 0.3211 0
T 111750 126.0 0.9795 1 0.3211 0
T 111758 126.0 0.9794 1 0.3694 0
T 111765 126.0 0.9794 1 0.3694 0
T 111772 126.0 0.9794 1 0.3694 0
T 111780 126.0 0.9793 1 0.3232 0
T 111788 126.0 0.9793 1 0.3232 0
T 111795 126.0 0.9793 1 0.3232 0
T 111802 126.0 0.9792 1 0.3694 0
T 111810 126.0 0.9792 1 0.3694 0
T 111818 126.0 0.9792 1 0.3694 0
T 111825 126.0 0.9791 1 0.4176 0
T 111832 126.0 0.9791 1 0.4176 0
T 111840 126.0 0.9791 1 0.4176 0
T 111848 126.0 0.9791 1 0.4659 0
T 111855 126.0 0.9791 1 0.4659 0
T 111862 126.0 0.9791 1 0.4659 0
T 111870 126.0 0.9790 1 0.5121 0
T 111878 126.0 0.9790 1 0.5121 0
T 111885 126.0 0.9790 1 0.5121 0
T 111892 126.0 0.9790 1 0.5582 0
T 111900 126.0 0.9790 1 0.5582 0
T 111908 126.0 0.9790 1 0.5582 0
T 111915 126.0 0.9789 1 0.6065 0
T 111922 126.0 0.9789 1 0.6065 0
T 111930 126.0 0.9789 1 0.6065 0
T 111938 126.0 0.9789 1 0.6548 0
T 111945 126.0 0.9789 1 0.6548 0
T 111952 126.0 0.9789 1 0.6548 0
T 111960 126.0 0.9789 1 0.7010 0
T 111968 126.0 0.9789 1 0.7010 0
T 111975 126.0 0.9789 1 0.7010 0
T 111982 126.0 0.9789 1 0.7472 0
T 111990 126.0 0.9789 1 0.7472 0
T 111998 126.0 0.9789 1 0.7472 0
T 112005 126.0 0.9789 1 0.7954 0
T 112012 126.0 0.9789 1 0.7954 0
T 112020 126.0 0.9789 1 0.7954 0
T 112028 126.0 0.9788 1 0.8437 0
T 112035 126.0 0.9788 1 0.8437 0
T 112042 126.0 0.9788 1 0.8437 0
T 112050 126.0 0.9787 1 0.9290 0
T 112058 126.0 0.9787 1 0.9290 0
T 112065 126.0 0.9787 1 0.9290 0
T 112072 126.0 0.9786 1 0.9752 0
T 112080 126.0 0.9786 1 0.9752 0
T 112088 126.0 0.9786 1 0.9752 0
T 112095 126.0 0.9785 1 0.0235 1
T 112102 126.0 0.9785 1 0.0235 0
T 112110 126.0 0.9785 1 0.0235 0
T 112118 126.0 0.9783 1 0.0718 0
T 112125 126.0 0.9783 1 0.0718 0
T 112132 126.0 0.9783 1 0.0718 0
T 112140 126.0 0.9782 1 0.1180 0
T 112148 126.0 0.9782 1 0.1180 0
T 112155 126.0 0.9782 1 0.1180 0
T 112162 126.0 0.9782 1 0.1642 0
T 112170 126.0 0.9782 1 0.1642 0
T 112178 126.0 0.9782 1 0.1642 0
T 112185 126.0 0.9781 1 0.2125 0
T 112192 126.0 0.9781 1 0.2125 0
T 112200 126.0 0.9781 1 0.2125 0
T 112208 126.0 0.9780 1 0.2608 0
T 112215 126.0 0.9780 1 0.2608 0
T 112222 126.0 0.9780 1 0.2608 0
T 112230 126.0 0.9780 1 0.3070 0
T 112238 126.0 0.9780 1 0.3070 0
T 112245 126.0 0.9780 1 0.3070 0
T 112252 126.0 0.9779 1 0.3532 0
T 112260 126.0 0.9779 1 0.3532 0
T 112268 126.0 0.9779 1 0.3532 0
T 112275 126.0 0.9778 1 0.4015 0
T 112282 126.0 0.9778 1 0.4015 0
T 112290 126.0 0.9778 1 0.4015 0
T 112298 126.0 0.9778 1 0.4498 0
T 112305 126.0 0.9778 1 0.4498 0
T 112312 126.0 0.9778 1 0.4498 0
T 112320 126.0 0.9777 1 0.4960 0
T 112328 126.0 0.9777 1 0.4960 0
T 112335 126.0 0.9777 1 0.4960 0
T 112342 126.0 0.9777 1 0.5422 0
T 112350 126.0 0.9777 1 0.5422 0
T 112358 126.0 0.9777 1 0.5422 0
T 112365 126.0 0.9776 1 0.5905 0
T 112372 126.0 0.9776 1 0.5905 0
T 112380 126.0 0.9776 1 0.5905 0
T 112388 126.0 0.9775 1 0.6388 0
T 112395 126.0 0.9775 1 0.6388 0
T 112402 126.0 0.9775 1 0.6388 0
T 112410 126.0 0.9775 1 0.6850 0
T 112418 126.0 0.9775 1 0.6850 0
T 112425 126.0 0.9775 1 0.6850 0
T 112432 126.0 0.9774 1 0.7312 0
T 112440 126.0 0.9774 1 0.7312 0
T 112448 126.0 0.9774 1 0.7312 0
T 112455 126.0 0.9773 1 0.8467 0
T 112462 126.0 0.9773 1 0.8467 0
T 112470 126.0 0.9773 1 0.8467 0
T 112478 126.0 0.9772 1 0.8950 0
T 112485 126.0 0.9772 1 0.8950 0
T 112492 126.0 0.9772 1 0.8950 0
T 112500 126.0 0.9771 1 0.9675 0
T 112508 126.0 0.9771 1 0.9675 0
T 112515 126.0 0.9771 1 0.9675 0
T 112522 126.0 0.9770 1 0.0137 1
T 112530 126.0 0.9770 1 0.0137 0
T 112538 126.0 0.9770 1 0.0137 0
T 112545 126.0 0.9770 1 0.0620 0
T 112552 126.0 0.9770 1 0.0620 0
T 112560 126.0 0.9770 1 0.0620 0
T 112568 126.0 0.9769 1 0.1104 0
T 112575 126.0 0.9769 1 0.1104 0
T 112582 126.0 0.9769 1 0.1104 0
T 112590 126.0 0.9769 1 0.1290 0
T 112598 126.0 0.9769 1 0.1290 0
T 112605 126.0 0.9769 1 0.1290 0
T 112612 126.0 0.9769 1 0.1752 0
T 112620 126.0 0.9769 1 0.1752 0
T 112628 126.0 0.9769 1 0.1752 0
T 112635 126.0 0.9769 1 0.1797 0
T 112642 126.0 0.9769 1 0.1797 0
T 112650 126.0 0.9769 1 0.1797 0
T 112658 126.0 0.9768 1 0.2280 0
T 112665 126.0 0.9768 1 0.2280 0
T 112672 126.0 0.9768 1 0.2280 0
T 112680 126.0 0.9768 1 0.2742 0
T 112688 126.0 0.9768 1 0.2742 0
T 112695 126.0 0.9768 1 0.2742 0
T 112702 126.0 0.9769 1 0.3204 0
T 112710 126.0 0.9769 1 0.3204 0
T 112718 126.0 0.9769 1 0.3204 0
T 112725 126.0 0.9768 1 0.3687 0
T 112732 126.0 0.9768 1 0.3687 0
T 112740 126.0 0.9768 1 0.3687 0
T 112748 126.0 0.9767 1 0.4170 0
T 112755 126.0 0.9767 1 0.4170 0
T 112762 126.0 0.9767 1 0.4170 0
T 112770 126.0 0.9766 1 0.3632 0
T 112778 126.0 0.9766 1 0.3632 0
T 112785 126.0 0.9766 1 0.3632 0
T 112792 126.0 0.9766 1 0.4093 0
T 112800 126.0 0.9766 1 0.4093 0
T 112808 126.0 0.9766 1 0.4093 0
T 112815 126.0 0.9766 1 0.4576 0
T 112822 126.0 0.9766 1 0.4576 0
T 112830 126.0 0.9766 1 0.4576 0
T 112838 126.0 0.9765 1 0.5059 0
T 112845 126.0 0.9765 1 0.5059 0
T 112852 126.0 0.9765 1 0.5059 0
T 112860 126.0 0.9765 1 0.5520 0
T 112868 126.0 0.9765 1 0.5520 0
T 112875 126.0 0.9765 1 0.5520 0
T 112882 126.0 0.9765 1 0.5982 0
T 112890 126.0 0.9765 1 0.5982 0
T 112898 126.0 0.9765 1 0.5982 0
T 112905 126.0 0.9765 1 0.6465 0
T 112912 126.0 0.9765 1 0.6465 0
T 112920 126.0 0.9765 1 0.6465 0
T 112928 126.0 0.9765 1 0.6948 0
T 112935 126.0 0.9765 1 0.6948 0
T 112942 126.0 0.9765 1 0.6948 0
T 112950 126.0 0.9766 1 0.7409 0
T 112958 126.0 0.9766 1 0.7409 0
T 112965 126.0 0.9766 1 0.7409 0
T 112972 126.0 0.9766 1 0.7871 0
T 112980 126.0 0.9766 1 0.7871 0
T 112988 126.0 0.9766 1 0.7871 0
T 112995 126.0 0.9765 1 0.8886 0
T 113002 126.0 0.9765 1 0.8886 0
T 113010 126.0 0.9765 1 0.8886 0
T 113018 126.0 0.9765 1 0.9369 0
T 113025 126.0 0.9765 1 0.9369 0
T 113032 126.0 0.9765 1 0.9369 0
T 113040 126.0 0.9765 1 0.9831 0
T 113048 126.0 0.9765 1 0.9831 0
T 113055 126.0 0.9765 1 0.9831 0
T 113062 126.0 0.9765 1 0.0293 1
T 113070 126.0 0.9765 1 0.0293 0
T 113078 126.0 0.9765 1 0.0293 0
T 113085 126.0 0.9765 1 0.0776 0
T 113092 126.0 0.9765 1 0.0776 0
T 113100 126.0 0.9765 1 0.0776 0
T 113108 126.0 0.9765 1 0.1259 0
T 113115 126.0 0.9765 1 0.1259 0
T 113122 126.0 0.9765 1 0.1259 0
T 113130 126.0 0.9765 1 0.1721 0
T 113138 126.0 0.9765 1 0.1721 0
T 113145 126.0 0.9765 1 0.1721 0
T 113152 126.0 0.9766 1 0.2184 0
T 113160 126.0 0.9766 1 0.2184 0
T 113168 126.0 0.9766 1 0.2184 0
T 113175 126.0 0.9766 1 0.2667 0
T 113182 126.0 0.9766 1 0.2667 0
T 113190 126.0 0.9766 1 0.2667 0
T 113198 126.0 0.9767 1 0.3150 0
T 113205 126.0 0.9767 1 0.3150 0
T 113212 126.0 0.9767 1 0.3150 0
T 113220 126.0 0.9768 1 0.3612 0
T 113228 126.0 0.9768 1 0.3612 0
T 113235 126.0 0.9768 1 0.3612 0
T 113242 126.0 0.9769 1 0.3171 0
T 113250 126.0 0.9769 1 0.3171 0
T 113258 126.0 0.9769 1 0.3171 0
T 113265 126.0 0.9770 1 0.3653 0
T 113272 126.0 0.9770 1 0.3653 0
T 113280 126.0 0.9770 1 0.3653 0
T 113288 126.0 0.9771 1 0.4136 0
T 113295 126.0 0.9771 1 0.4136 0
T 113302 126.0 0.9771 1 0.4136 0
T 113310 126.0 0.9771 1 0.4598 0
T 113318 126.0 0.9771 1 0.4598 0
T 113325 126.0 0.9771 1 0.4598 0
T 113332 126.0 0.9772 1 0.5060 0
T 113340 126.0 0.9772 1 0.5060 0
T 113348 126.0 0.9772 1 0.5060 0
T 113355 126.0 0.9772 1 0.5542 0
T 113362 126.0 0.9772 1 0.5542 0
T 113370 126.0 0.9772 1 0.5542 0
T 113378 126.0 0.9773 1 0.6025 0
T 113385 126.0 0.9773 1 0.6025 0
T 113392 126.0 0.9773 1 0.6025 0
T 113400 126.0 0.9773 1 0.6487 0
T 113408 126.0 0.9773 1 0.6487 0
T 113415 126.0 0.9773 1 0.6487 0
T 113422 126.0 0.9773 1 0.6949 0
T 113430 126.0 0.9773 1 0.6949 0
T 113438 126.0 0.9773 1 0.6949 0
T 113445 126.0 0.9773 1 0.8195 0
T 113452 126.0 0.9773 1 0.8195 0
T 113460 126.0 0.9773 1 0.8195 0
T 113468 126.0 0.9773 1 0.8678 0
T 113475 126.0 0.9773 1 0.8678 0
T 113482 126.0 0.9773 1 0.8678 0
T 113490 126.0 0.9774 1 0.9140 0
T 113498 126.0 0.9774 1 0.9140 0
T 113505 126.0 0.9774 1 0.9140 0
T 113512 126.0 0.9774 1 0.9602 0
T 113520 126.0 0.9774 1 0.9602 0
T 113528 126.0 0.9774 1 0.9602 0
T 113535 126.0 0.9774 1 0.0085 1
T 113542 126.0 0.9774 1 0.0085 0
T 113550 126.0 0.9774 1 0.0085 0
T 113558 126.0 0.9774 1 0.0568 0
T 113565 126.0 0.9774 1 0.0568 0
T 113572 126.0 0.9774 1 0.0568 0
T 113580 126.0 0.9774 1 0.1030 0
T 113588 126.0 0.9774 1 0.1030 0
T 113595 126.0 0.9774 1 0.1030 0
T 113602 126.0 0.9774 1 0.1492 0
T 113610 126.0 0.9774 1 0.1492 0
T 113618 126.0 0.9774 1 0.1492 0
T 113625 126.0 0.9775 1 0.1975 0
T 113632 126.0 0.9775 1 0.1975 0
T 113640 126.0 0.9775 1 0.1975 0
T 113648 126.0 0.9775 1 0.1965 0
T 113655 126.0 0.9775 1 0.1965 0
T 113662 126.0 0.9775 1 0.1965 0
T 113670 126.0 0.9776 1 0.2427 0
T 113678 126.0 0.9776 1 0.2427 0
T 113685 126.0 0.9776 1 0.2427 0
T 113692 126.0 0.9776 1 0.2888 0
T 113700 126.0 0.9776 1 0.2888 0
T 113708 126.0 0.9776 1 0.2888 0
T 113715 126.0 0.9777 1 0.3371 0
T 113722 126.0 0.9777 1 0.3371 0
T 113730 126.0 0.9777 1 0.3371 0
T 113738 126.0 0.9777 1 0.3854 0
T 113745 126.0 0.9777 1 0.3854 0
T 113752 126.0 0.9777 1 0.3854 0
T 113760 126.0 0.9778 1 0.4316 0
T 113768 126.0 0.9778 1 0.4316 0
T 113775 126.0 0.9778 1 0.4316 0
T 113782 126.0 0.9778 1 0.4778 0
T 113790 126.0 0.9778 1 0.4778 0
T 113798 126.0 0.9778 1 0.4778 0
T 113805 126.0 0.9779 1 0.5261 0
T 113812 126.0 0.9779 1 0.5261 0
T 113820 126.0 0.9779 1 0.5261 0
T 113828 126.0 0.9779 1 0.5744 0
T 113835 126.0 0.9779 1 0.5744 0
T 113842 126.0 0.9779 1 0.5744 0
T 113850 126.0 0.9779 1 0.7206 0
T 113858 126.0 0.9779 1 0.7206 0
T 113865 126.0 0.9779 1 0.7206 0
T 113872 126.0 0.9779 1 0.7668 0
T 113880 126.0 0.9779 1 0.7668 0
T 113888 126.0 0.9779 1 0.7668 0
T 113895 126.0 0.9780 1 0.8152 0
T 113902 126.0 0.9780 1 0.8152 0
T 113910 126.0 0.9780 1 0.8152 0
T 113918 126.0 0.9780 1 0.8635 0
T 113925 126.0 0.9780 1 0.8635 0
T 113932 126.0 0.9780 1 0.8635 0
T 113940 126.0 0.9780 1 0.9438 0
T 113948 126.0 0.9780 1 0.9438 0
T 113955 126.0 0.9780 1 0.9438 0
T 113962 126.0 0.9780 1 0.9901 0
T 113970 126.0 0.9780 1 0.9901 0
T 113978 126.0 0.9780 1 0.9901 0
T 113985 126.0 0.9780 1 0.0384 1
T 113992 126.0 0.9780 1 0.0384 0
T 114000 126.0 0.9780 1 0.0384 0
T 114008 126.0 0.9781 1 0.0867 0
T 114015 126.0 0.9781 1 0.0867 0
T 114022 126.0 0.9781 1 0.0867 0
T 114030 126.0 0.9782 1 0.1329 0
T 114038 126.0 0.9782 1 0.1329 0
T 114045 126.0 0.9782 1 0.1329 0
T 114052 126.0 0.9782 1 0.1792 0
T 114060 126.0 0.9782 1 0.1792 0
T 114068 126.0 0.9782 1 0.1792 0
T 114075 126.0 0.9782 1 0.2275 0
T 114082 126.0 0.9782 1 0.2275 0
T 114090 126.0 0.9782 1 0.2275 0
T 114098 126.0 0.9783 1 0.2758 0
T 114105 126.0 0.9783 1 0.2758 0
T 114112 126.0 0.9783 1 0.2758 0
T 114120 126.0 0.9783 1 0.2531 0
T 114128 126.0 0.9783 1 0.2531 0
T 114135 126.0 0.9783 1 0.2531 0
T 114142 126.0 0.9782 1 0.2993 0
T 114150 126.0 0.9782 1 0.2993 0
T 114158 126.0 0.9782 1 0.2993 0
T 114165 126.0 0.9782 1 0.2727 0
T 114172 126.0 0.9782 1 0.2727 0
T 114180 126.0 0.9782 1 0.2727 0
T 114188 126.0 0.9782 1 0.3210 0
T 114195 126.0 0.9782 1 0.3210 0
T 114202 126.0 0.9782 1 0.3210 0
T 114210 126.0 0.9782 1 0.3672 0
T 114218 126.0 0.9782 1 0.3672 0
T 114225 126.0 0.9782 1 0.3672 0
T 114232 126.0 0.9782 1 0.4133 0
T 114240 126.0 0.9782 1 0.4133 0
T 114248 126.0 0.9782 1 0.4133 0
T 114255 126.0 0.9783 1 0.4616 0
T 114262 126.0 0.9783 1 0.4616 0
T 114270 126.0 0.9783 1 0.4616 0
T 114278 126.0 0.9783 1 0.5099 0
T 114285 126.0 0.9783 1 0.5099 0
T 114292 126.0 0.9783 1 0.5099 0
T 114300 126.0 0.9783 1 0.5561 0
T 114308 126.0 0.9783 1 0.5561 0
T 114315 126.0 0.9783 1 0.5561 0
T 114322 126.0 0.9784 1 0.7023 0
T 114330 126.0 0.9784 1 0.7023 0
T 114338 126.0 0.9784 1 0.7023 0
T 114345 126.0 0.9785 1 0.7506 0
T 114352 126.0 0.9785 1 0.7506 0
T 114360 126.0 0.9785 1 0.7506 0
T 114368 126.0 0.9786 1 0.7989 0
T 114375 126.0 0.9786 1 0.7989 0
T 114382 126.0 0.9786 1 0.7989 0
T 114390 126.0 0.9786 1 0.8451 0
T 114398 126.0 0.9786 1 0.8451 0
T 114405 126.0 0.9786 1 0.8451 0
T 114412 126.0 0.9787 1 0.9301 0
T 114420 126.0 0.9787 1 0.9301 0
T 114428 126.0 0.9787 1 0.9301 0
T 114435 126.0 0.9787 1 0.9784 0
T 114442 126.0 0.9787 1 0.9784 0
T 114450 126.0 0.9787 1 0.9784 0
T 114458 126.0 0.9786 1 0.0267 1
T 114465 126.0 0.9786 1 0.0267 0
T 114472 126.0 0.9786 1 0.0267 0
T 114480 126.0 0.9786 1 0.0729 0
T 114488 126.0 0.9786 1 0.0729 0
T 114495 126.0 0.9786 1 0.0729 0
T 114502 126.0 0.9786 1 0.1192 0
T 114510 126.0 0.9786 1 0.1192 0
T 114518 126.0 0.9786 1 0.1192 0
T 114525 126.0 0.9786 1 0.1675 0
T 114532 126.0 0.9786 1 0.1675 0
T 114540 126.0 0.9786 1 0.1675 0
T 114548 126.0 0.9786 1 0.2158 0
T 114555 126.0 0.9786 1 0.2158 0
T 114562 126.0 0.9786 1 0.2158 0
T 114570 126.0 0.9786 1 0.2620 0
T 114578 126.0 0.9786 1 0.2620 0
T 114585 126.0 0.9786 1 0.2620 0
T 114592 126.0 0.9786 1 0.3082 0
T 114600 126.0 0.9786 1 0.3082 0
T 114608 126.0 0.9786 1 0.3082 0
T 114615 126.0 0.9786 1 0.3565 0
T 114622 126.0 0.9786 1 0.3565 0
T 114630 126.0 0.9786 1 0.3565 0
T 114638 126.0 0.9786 1 0.4048 0
T 114645 126.0 0.9786 1 0.4048 0
T 114652 126.0 0.9786 1 0.4048 0
T 114660 126.0 0.9787 1 0.4510 0
T 114668 126.0 0.9787 1 0.4510 0
T 114675 126.0 0.9787 1 0.4510 0
T 114682 126.0 0.9787 1 0.4973 0
T 114690 126.0 0.9787 1 0.4973 0
T 114698 126.0 0.9787 1 0.4973 0
T 114705 126.0 0.9788 1 0.5456 0
T 114712 126.0 0.9788 1 0.5456 0
T 114720 126.0 0.9788 1 0.5456 0
T 114728 126.0 0.9788 1 0.5939 0
T 114735 126.0 0.9788 1 0.5939 0
T 114742 126.0 0.9788 1 0.5939 0
T 114750 126.0 0.9788 1 0.6401 0
T 114758 126.0 0.9788 1 0.6401 0
T 114765 126.0 0.9788 1 0.6401 0
T 114772 126.0 0.9788 1 0.6863 0
T 114780 126.0 0.9788 1 0.6863 0
T 114788 126.0 0.9788 1 0.6863 0
T 114795 126.0 0.9788 1 0.7346 0
T 114802 126.0 0.9788 1 0.7346 0
T 114810 126.0 0.9788 1 0.7346 0
T 114818 126.0 0.9788 1 0.7829 0
T 114825 126.0 0.9788 1 0.7829 0
T 114832 126.0 0.9788 1 0.7829 0
T 114840 126.0 0.9788 1 0.8291 0
T 114848 126.0 0.9788 1 0.8291 0
T 114855 126.0 0.9788 1 0.8291 0
T 114862 126.0 0.9788 1 0.8753 0
T 114870 126.0 0.9788 1 0.8753 0
T 114878 126.0 0.9788 1 0.8753 0
T 114885 126.0 0.9789 1 0.9548 0
T 114892 126.0 0.9789 1 0.9548 0
T 114900 126.0 0.9789 1 0.9548 0
T 114908 126.0 0.9791 1 0.0031 1
T 114915 126.0 0.9791 1 0.0031 0
T 114922 126.0 0.9791 1 0.0031 0
T 114930 126.0 0.9792 1 0.0493 0
T 114938 126.0 0.9792 1 0.0493 0
T 114945 126.0 0.9792 1 0.0493 0
T 114952 126.0 0.9792 1 0.0955 0
T 114960 126.0 0.9792 1 0.0955 0
T 114968 126.0 0.9792 1 0.0955 0
T 114975 126.0 0.9792 1 0.1438 0
T 114982 126.0 0.9792 1 0.1438 0
T 114990 126.0 0.9792 1 0.1438 0
T 114998 126.0 0.9791 1 0.1921 0
T 115005 126.0 0.9791 1 0.1921 0
T 115012 126.0 0.9791 1 0.1921 0
T 115020 126.0 0.9790 1 0.1903 0
T 115028 126.0 0.9790 1 0.1903 0
T 115035 126.0 0.9790 1 0.1903 0
T 115042 126.0 0.9790 1 0.2365 0
T 115050 126.0 0.9790 1 0.2365 0
T 115058 126.0 0.9790 1 0.2365 0
T 115065 126.0 0.9789 1 0.2848 0
T 115072 126.0 0.9789 1 0.2848 0
T 115080 126.0 0.9789 1 0.2848 0
T 115088 126.0 0.9789 1 0.3331 0
T 115095 126.0 0.9789 1 0.3331 0
T 115102 126.0 0.9789 1 0.3331 0
T 115110 126.0 0.9789 1 0.3793 0
T 115118 126.0 0.9789 1 0.3793 0
T 115125 126.0 0.9789 1 0.3793 0
T 115132 126.0 0.9790 1 0.4255 0
T 115140 126.0 0.9790 1 0.4255 0
T 115148 126.0 0.9790 1 0.4255 0
T 115155 126.0 0.9791 1 0.4738 0
T 115162 126.0 0.9791 1 0.4738 0
T 115170 126.0 0.9791 1 0.4738 0
T 115178 126.0 0.9791 1 0.5221 0
T 115185 126.0 0.9791 1 0.5221 0
T 115192 126.0 0.9791 1 0.5221 0
T 115200 126.0 0.9792 1 0.5683 0
T 115208 126.0 0.9792 1 0.5683 0
T 115215 126.0 0.9792 1 0.5683 0
T 115222 126.0 0.9792 1 0.6145 0
T 115230 126.0 0.9792 1 0.6145 0
T 115238 126.0 0.9792 1 0.6145 0
T 115245 126.0 0.9793 1 0.7591 0
T 115252 126.0 0.9793 1 0.7591 0
T 115260 126.0 0.9793 1 0.7591 0
T 115268 126.0 0.9794 1 0.8075 0
T 115275 126.0 0.9794 1 0.8075 0
T 115282 126.0 0.9794 1 0.8075 0
T 115290 126.0 0.9794 1 0.8537 0
T 115298 126.0 0.9794 1 0.8537 0
T 115305 126.0 0.9794 1 0.8537 0
T 115312 126.0 0.9794 1 0.9365 0
T 115320 126.0 0.9794 1 0.9365 0
T 115328 126.0 0.9794 1 0.9365 0
T 115335 126.0 0.9796 1 0.9848 0
T 115342 126.0 0.9796 1 0.9848 0
T 115350 126.0 0.9796 1 0.9848 0
T 115358 126.0 0.9796 1 0.0370 1
T 115365 126.0 0.9796 1 0.0370 0
T 115372 126.0 0.9796 1 0.0370 0
T 115380 126.0 0.9796 1 0.0832 0
T 115388 126.0 0.9796 1 0.0832 0
T 115395 126.0 0.9796 1 0.0832 0
T 115402 126.0 0.9796 1 0.1294 0
T 115410 126.0 0.9796 1 0.1294 0
T 115418 126.0 0.9796 1 0.1294 0
T 115425 126.0 0.9795 1 0.1777 0
T 115432 126.0 0.9795 1 0.1777 0
T 115440 126.0 0.9795 1 0.1777 0
T 115448 126.0 0.9795 1 0.2261 0
T 115455 126.0 0.9795 1 0.2261 0
T 115462 126.0 0.9795 1 0.2261 0
T 115470 126.0 0.9795 1 0.2723 0
T 115478 126.0 0.9795 1 0.2723 0
T 115485 126.0 0.9795 1 0.2723 0
T 115492 126.0 0.9794 1 0.3185 0
T 115500 126.0 0.9794 1 0.3185 0
T 115508 126.0 0.9794 1 0.3185 0
T 115515 126.0 0.9793 1 0.3668 0
T 115522 126.0 0.9793 1 0.3668 0
T 115530 126.0 0.9793 1 0.3668 0
T 115538 126.0 0.9792 1 0.4151 0
T 115545 126.0 0.9792 1 0.4151 0
T 115552 126.0 0.9792 1 0.4151 0
T 115560 126.0 0.9792 1 0.4613 0
T 115568 126.0 0.9792 1 0.4613 0
T 115575 126.0 0.9792 1 0.4613 0
T 115582 126.0 0.9791 1 0.5075 0
T 115590 126.0 0.9791 1 0.5075 0
T 115598 126.0 0.9791 1 0.5075 0
T 115605 126.0 0.9791 1 0.5558 0
T 115612 126.0 0.9791 1 0.5558 0
T 115620 126.0 0.9791 1 0.5558 0
T 115628 126.0 0.9790 1 0.6042 0
T 115635 126.0 0.9790 1 0.6042 0
T 115642 126.0 0.9790 1 0.6042 0
T 115650 126.0 0.9790 1 0.6504 0
T 115658 126.0 0.9790 1 0.6504 0
T 115665 126.0 0.9790 1 0.6504 0
T 115672 126.0 0.9790 1 0.6966 0
T 115680 126.0 0.9790 1 0.6966 0
T 115688 126.0 0.9790 1 0.6966 0
T 115695 126.0 0.9789 1 0.7449 0
T 115702 126.0 0.9789 1 0.7449 0
T 115710 126.0 0.9789 1 0.7449 0
T 115718 126.0 0.9787 1 0.8570 0
T 115725 126.0 0.9787 1 0.8570 0
T 115732 126.0 0.9787 1 0.8570 0
T 115740 126.0 0.9786 1 0.9032 0
T 115748 126.0 0.9786 1 0.9032 0
T 115755 126.0 0.9786 1 0.9032 0
T 115762 126.0 0.9786 1 0.9494 0
T 115770 126.0 0.9786 1 0.9494 0
T 115778 126.0 0.9786 1 0.9494 0
T 115785 126.0 0.9785 1 0.9977 0
T 115792 126.0 0.9785 1 0.9977 0
T 115800 126.0 0.9785 1 0.9977 0
T 115808 126.0 0.9784 1 0.0461 1
T 115815 126.0 0.9784 1 0.0461 0
T 115822 126.0 0.9784 1 0.0461 0
T 115830 126.0 0.9782 1 0.0923 0
T 115838 126.0 0.9782 1 0.0923 0
T 115845 126.0 0.9782 1 0.0923 0
T 115852 126.0 0.9780 1 0.1154 0
T 115860 126.0 0.9780 1 0.1154 0
T 115868 126.0 0.9780 1 0.1154 0
T 115875 126.0 0.9778 1 0.1637 0
T 115882 126.0 0.9778 1 0.1637 0
T 115890 126.0 0.9778 1 0.1637 0
T 115898 126.0 0.9777 1 0.2120 0
T 115905 126.0 0.9777 1 0.2120 0
T 115912 126.0 0.9777 1 0.2120 0
T 115920 126.0 0.9775 1 0.2582 0
T 115928 126.0 0.9775 1 0.2582 0
T 115935 126.0 0.9775 1 0.2582 0
T 115942 126.0 0.9772 1 0.3044 0
T 115950 126.0 0.9772 1 0.3044 0
T 115958 126.0 0.9772 1 0.3044 0
T 115965 126.0 0.9771 1 0.3528 0
T 115972 126.0 0.9771 1 0.3528 0
T 115980 126.0 0.9771 1 0.3528 0
T 115988 126.0 0.9770 1 0.4011 0
T 115995 126.0 0.9770 1 0.4011 0
T 116002 126.0 0.9770 1 0.4011 0
T 116010 126.0 0.9769 1 0.4473 0
T 116018 126.0 0.9769 1 0.4473 0
T 116025 126.0 0.9769 1 0.4473 0
T 116032 126.0 0.9768 1 0.4935 0
T 116040 126.0 0.9768 1 0.4935 0
T 116048 126.0 0.9768 1 0.4935 0
T 116055 126.0 0.9765 1 0.5418 0
T 116062 126.0 0.9765 1 0.5418 0
T 116070 126.0 0.9765 1 0.5418 0
T 116078 126.0 0.9764 1 0.6901 0
T 116085 126.0 0.9764 1 0.6901 0
T 116092 126.0 0.9764 1 0.6901 0
T 116100 126.0 0.9763 1 0.7363 0
T 116108 126.0 0.9763 1 0.7363 0
T 116115 126.0 0.9763 1 0.7363 0
T 116122 126.0 0.9763 1 0.7825 0
T 116130 126.0 0.9763 1 0.7825 0
T 116138 126.0 0.9763 1 0.7825 0
T 116145 126.0 0.9762 1 0.8309 0
T 116152 126.0 0.9762 1 0.8309 0
T 116160 126.0 0.9762 1 0.8309 0
T 116168 126.0 0.9761 1 0.8792 0
T 116175 126.0 0.9761 1 0.8792 0
T 116182 126.0 0.9761 1 0.8792 0
T 116190 126.0 0.9760 1 0.9254 0
T 116198 126.0 0.9760 1 0.9254 0
T 116205 126.0 0.9760 1 0.9254 0
T 116212 126.0 0.9760 1 0.9903 0
T 116220 126.0 0.9760 1 0.9903 0
T 116228 126.0 0.9760 1 0.9903 0
T 116235 126.0 0.9759 1 0.0386 1
T 116242 126.0 0.9759 1 0.0386 0
T 116250 126.0 0.9759 1 0.0386 0
T 116258 126.0 0.9760 1 0.0870 0
T 116265 126.0 0.9760 1 0.0870 0
T 116272 126.0 0.9760 1 0.0870 0
T 116280 126.0 0.9760 1 0.1332 0
T 116288 126.0 0.9760 1 0.1332 0
T 116295 126.0 0.9760 1 0.1332 0
T 116302 126.0 0.9760 1 0.1794 0
T 116310 126.0 0.9760 1 0.1794 0
T 116318 126.0 0.9760 1 0.1794 0
T 116325 126.0 0.9761 1 0.1829 0
T 116332 126.0 0.9761 1 0.1829 0
T 116340 126.0 0.9761 1 0.1829 0
T 116348 126.0 0.9761 1 0.2312 0
T 116355 126.0 0.9761 1 0.2312 0
T 116362 126.0 0.9761 1 0.2312 0
T 116370 126.0 0.9761 1 0.2774 0
T 116378 126.0 0.9761 1 0.2774 0
T 116385 126.0 0.9761 1 0.2774 0
T 116392 126.0 0.9761 1 0.3236 0
T 116400 126.0 0.9761 1 0.3236 0
T 116408 126.0 0.9761 1 0.3236 0
T 116415 126.0 0.9760 1 0.3719 0
T 116422 126.0 0.9760 1 0.3719 0
T 116430 126.0 0.9760 1 0.3719 0
T 116438 126.0 0.9759 1 0.4202 0
T 116445 126.0 0.9759 1 0.4202 0
T 116452 126.0 0.9759 1 0.4202 0
T 116460 126.0 0.9759 1 0.4664 0
T 116468 126.0 0.9759 1 0.4664 0
T 116475 126.0 0.9759 1 0.4664 0
T 116482 126.0 0.9758 1 0.5126 0
T 116490 126.0 0.9758 1 0.5126 0
T 116498 126.0 0.9758 1 0.5126 0
T 116505 126.0 0.9757 1 0.5609 0
T 116512 126.0 0.9757 1 0.5609 0
T 116520 126.0 0.9757 1 0.5609 0
T 116528 126.0 0.9756 1 0.6092 0
T 116535 126.0 0.9756 1 0.6092 0
T 116542 126.0 0.9756 1 0.6092 0
T 116550 126.0 0.9756 1 0.7531 0
T 116558 126.0 0.9756 1 0.7531 0
T 116565 126.0 0.9756 1 0.7531 0
T 116572 126.0 0.9756 1 0.7993 0
T 116580 126.0 0.9756 1 0.7993 0
T 116588 126.0 0.9756 1 0.7993 0
T 116595 126.0 0.9757 1 0.8476 0
T 116602 126.0 0.9757 1 0.8476 0
T 116610 126.0 0.9757 1 0.8476 0
T 116618 126.0 0.9758 1 0.8960 0
T 116625 126.0 0.9758 1 0.8960 0
T 116632 126.0 0.9758 1 0.8960 0
T 116640 126.0 0.9758 1 0.9422 0
T 116648 126.0 0.9758 1 0.9422 0
T 116655 126.0 0.9758 1 0.9422 0
T 116662 126.0 0.9758 1 0.9884 0
T 116670 126.0 0.9758 1 0.9884 0
T 116678 126.0 0.9758 1 0.9884 0
T 116685 126.0 0.9758 1 0.0396 1
T 116692 126.0 0.9758 1 0.0396 0
T 116700 126.0 0.9758 1 0.0396 0
T 116708 126.0 0.9758 1 0.0880 0
T 116715 126.0 0.9758 1 0.0880 0
T 116722 126.0 0.9758 1 0.0880 0
T 116730 126.0 0.9759 1 0.1342 0
T 116738 126.0 0.9759 1 0.1342 0
T 116745 126.0 0.9759 1 0.1342 0
T 116752 126.0 0.9760 1 0.1804 0
T 116760 126.0 0.9760 1 0.1804 0
T 116768 126.0 0.9760 1 0.1804 0
T 116775 126.0 0.9763 1 0.2287 0
T 116782 126.0 0.9763 1 0.2287 0
T 116790 126.0 0.9763 1 0.2287 0
T 116798 126.0 0.9765 1 0.2198 0
T 116805 126.0 0.9765 1 0.2198 0
T 116812 126.0 0.9765 1 0.2198 0
T 116820 126.0 0.9768 1 0.2660 0
T 116828 126.0 0.9768 1 0.2660 0
T 116835 126.0 0.9768 1 0.2660 0
T 116842 126.0 0.9769 1 0.3122 0
T 116850 126.0 0.9769 1 0.3122 0
T 116858 126.0 0.9769 1 0.3122 0
T 116865 126.0 0.9769 1 0.3605 0
T 116872 126.0 0.9769 1 0.3605 0
T 116880 126.0 0.9769 1 0.3605 0
T 116888 126.0 0.9767 1 0.4088 0
T 116895 126.0 0.9767 1 0.4088 0
T 116902 126.0 0.9767 1 0.4088 0
T 116910 126.0 0.9767 1 0.3550 0
T 116918 126.0 0.9767 1 0.3550 0
T 116925 126.0 0.9767 1 0.3550 0
T 116932 126.0 0.9766 1 0.4012 0
T 116940 126.0 0.9766 1 0.4012 0
T 116948 126.0 0.9766 1 0.4012 0
T 116955 126.0 0.9765 1 0.4494 0
T 116962 126.0 0.9765 1 0.4494 0
T 116970 126.0 0.9765 1 0.4494 0
T 116978 126.0 0.9765 1 0.4977 0
T 116985 126.0 0.9765 1 0.4977 0
T 116992 126.0 0.9765 1 0.4977 0
T 117000 126.0 0.9765 1 0.5439 0
T 117008 126.0 0.9765 1 0.5439 0
T 117015 126.0 0.9765 1 0.5439 0
T 117022 126.0 0.9763 1 0.5900 0
T 117030 126.0 0.9763 1 0.5900 0
T 117038 126.0 0.9763 1 0.5900 0
T 117045 126.0 0.9762 1 0.7383 0
T 117052 126.0 0.9762 1 0.7383 0
T 117060 126.0 0.9762 1 0.7383 0
T 117068 126.0 0.9762 1 0.7866 0
T 117075 126.0 0.9762 1 0.7866 0
T 117082 126.0 0.9762 1 0.7866 0
T 117090 126.0 0.9761 1 0.8328 0
T 117098 126.0 0.9761 1 0.8328 0
T 117105 126.0 0.9761 1 0.8328 0
T 117112 126.0 0.9760 1 0.8791 0
T 117120 126.0 0.9760 1 0.8791 0
T 117128 126.0 0.9760 1 0.8791 0
T 117135 126.0 0.9760 1 0.9274 0
T 117142 126.0 0.9760 1 0.9274 0
T 117150 126.0 0.9760 1 0.9274 0
T 117158 126.0 0.9760 1 0.9757 0
T 117165 126.0 0.9760 1 0.9757 0
T 117172 126.0 0.9760 1 0.9757 0
T 117180 126.0 0.9761 1 0.0219 1
T 117188 126.0 0.9761 1 0.0219 0
T 117195 126.0 0.9761 1 0.0219 0
T 117202 126.0 0.9762 1 0.0681 0
T 117210 126.0 0.9762 1 0.0681 0
T 117218 126.0 0.9762 1 0.0681 0
T 117225 126.0 0.9763 1 0.1164 0
T 117232 126.0 0.9763 1 0.1164 0
T 117240 126.0 0.9763 1 0.1164 0
T 117248 126.0 0.9765 1 0.1647 0
T 117255 126.0 0.9765 1 0.1647 0
T 117262 126.0 0.9765 1 0.1647 0
T 117270 126.0 0.9767 1 0.1697 0
T 117278 126.0 0.9767 1 0.1697 0
T 117285 126.0 0.9767 1 0.1697 0
T 117292 126.0 0.9770 1 0.2159 0
T 117300 126.0 0.9770 1 0.2159 0
T 117308 126.0 0.9770 1 0.2159 0
T 117315 126.0 0.9772 1 0.2642 0
T 117322 126.0 0.9772 1 0.2642 0
T 117330 126.0 0.9772 1 0.2642 0
T 117338 126.0 0.9773 1 0.3125 0
T 117345 126.0 0.9773 1 0.3125 0
T 117352 126.0 0.9773 1 0.3125 0
T 117360 126.0 0.9774 1 0.3587 0
T 117368 126.0 0.9774 1 0.3587 0
T 117375 126.0 0.9774 1 0.3587 0
T 117382 126.0 0.9773 1 0.3152 0
T 117390 126.0 0.9773 1 0.3152 0
T 117398 126.0 0.9773 1 0.3152 0
T 117405 126.0 0.9773 1 0.3635 0
T 117412 126.0 0.9773 1 0.3635 0
T 117420 126.0 0.9773 1 0.3635 0
T 117428 126.0 0.9773 1 0.4117 0
T 117435 126.0 0.9773 1 0.4117 0
T 117442 126.0 0.9773 1 0.4117 0
T 117450 126.0 0.9773 1 0.4579 0
T 117458 126.0 0.9773 1 0.4579 0
T 117465 126.0 0.9773 1 0.4579 0
T 117472 126.0 0.9773 1 0.5041 0
T 117480 126.0 0.9773 1 0.5041 0
T 117488 126.0 0.9773 1 0.5041 0
T 117495 126.0 0.9773 1 0.5524 0
T 117502 126.0 0.9773 1 0.5524 0
T 117510 126.0 0.9773 1 0.5524 0
T 117518 126.0 0.9774 1 0.7007 0
T 117525 126.0 0.9774 1 0.7007 0
T 117532 126.0 0.9774 1 0.7007 0
T 117540 126.0 0.9775 1 0.7469 0
T 117548 126.0 0.9775 1 0.7469 0
T 117555 126.0 0.9775 1 0.7469 0
T 117562 126.0 0.9776 1 0.7931 0
T 117570 126.0 0.9776 1 0.7931 0
T 117578 126.0 0.9776 1 0.7931 0
T 117585 126.0 0.9777 1 0.8414 0
T 117592 126.0 0.9777 1 0.8414 0
T 117600 126.0 0.9777 1 0.8414 0
T 117608 126.0 0.9776 1 0.8897 0
T 117615 126.0 0.9776 1 0.8897 0
T 117622 126.0 0.9776 1 0.8897 0
T 117630 126.0 0.9776 1 0.9635 0
T 117638 126.0 0.9776 1 0.9635 0
T 117645 126.0 0.9776 1 0.9635 0
T 117652 126.0 0.9776 1 0.0097 1
T 117660 126.0 0.9776 1 0.0097 0
T 117668 126.0 0.9776 1 0.0097 0
T 117675 126.0 0.9776 1 0.0580 0
T 117682 126.0 0.9776 1 0.0580 0
T 117690 126.0 0.9776 1 0.0580 0
T 117698 126.0 0.9778 1 0.1064 0
T 117705 126.0 0.9778 1 0.1064 0
T 117712 126.0 0.9778 1 0.1064 0
T 117720 126.0 0.9780 1 0.1526 0
T 117728 126.0 0.9780 1 0.1526 0
T 117735 126.0 0.9780 1 0.1526 0
T 117742 126.0 0.9783 1 0.1606 0
T 117750 126.0 0.9783 1 0.1606 0
T 117758 126.0 0.9783 1 0.1606 0
T 117765 126.0 0.9786 1 0.2089 0
T 117772 126.0 0.9786 1 0.2089 0
T 117780 126.0 0.9786 1 0.2089 0
T 117788 126.0 0.9789 1 0.2572 0
T 117795 126.0 0.9789 1 0.2572 0
T 117802 126.0 0.9789 1 0.2572 0
T 117810 126.0 0.9790 1 0.3034 0
T 117818 126.0 0.9790 1 0.3034 0
T 117825 126.0 0.9790 1 0.3034 0
T 117832 126.0 0.9790 1 0.3496 0
T 117840 126.0 0.9790 1 0.3496 0
T 117848 126.0 0.9790 1 0.3496 0
T 117855 126.0 0.9789 1 0.3979 0
T 117862 126.0 0.9789 1 0.3979 0
T 117870 126.0 0.9789 1 0.3979 0
T 117878 126.0 0.9789 1 0.3468 0
T 117885 126.0 0.9789 1 0.3468 0
T 117892 126.0 0.9789 1 0.3468 0
T 117900 126.0 0.9788 1 0.3929 0
T 117908 126.0 0.9788 1 0.3929 0
T 117915 126.0 0.9788 1 0.3929 0
T 117922 126.0 0.9788 1 0.4391 0
T 117930 126.0 0.9788 1 0.4391 0
T 117938 126.0 0.9788 1 0.4391 0
T 117945 126.0 0.9787 1 0.4874 0
T 117952 126.0 0.9787 1 0.4874 0
T 117960 126.0 0.9787 1 0.4874 0
T 117968 126.0 0.9786 1 0.5356 0
T 117975 126.0 0.9786 1 0.5356 0
T 117982 126.0 0.9786 1 0.5356 0
T 117990 126.0 0.9786 1 0.6818 0
T 117998 126.0 0.9786 1 0.6818 0
T 118005 126.0 0.9786 1 0.6818 0
T 118012 126.0 0.9786 1 0.7280 0
T 118020 126.0 0.9786 1 0.7280 0
T 118028 126.0 0.9786 1 0.7280 0
T 118035 126.0 0.9786 1 0.7763 0
T 118042 126.0 0.9786 1 0.7763 0
T 118050 126.0 0.9786 1 0.7763 0
T 118058 126.0 0.9785 1 0.8247 0
T 118065 126.0 0.9785 1 0.8247 0
T 118072 126.0 0.9785 1 0.8247 0
T 118080 126.0 0.9785 1 0.8709 0
T 118088 126.0 0.9785 1 0.8709 0
T 118095 126.0 0.9785 1 0.8709 0
T 118102 126.0 0.9785 1 0.9494 0
T 118110 126.0 0.9785 1 0.9494 0
T 118118 126.0 0.9785 1 0.9494 0
T 118125 126.0 0.9786 1 0.9977 0
T 118132 126.0 0.9786 1 0.9977 0
T 118140 126.0 0.9786 1 0.9977 0
T 118148 126.0 0.9786 1 0.0460 1
T 118155 126.0 0.9786 1 0.0460 0
T 118162 126.0 0.9786 1 0.0460 0
T 118170 126.0 0.9785 1 0.0922 0
T 118178 126.0 0.9785 1 0.0922 0
T 118185 126.0 0.9785 1 0.0922 0
T 118192 126.0 0.9784 1 0.1384 0
T 118200 126.0 0.9784 1 0.1384 0
T 118208 126.0 0.9784 1 0.1384 0
T 118215 126.0 0.9782 1 0.1522 0
T 118222 126.0 0.9782 1 0.1522 0
T 118230 126.0 0.9782 1 0.1522 0
T 118238 126.0 0.9780 1 0.2005 0
T 118245 126.0 0.9780 1 0.2005 0
T 118252 126.0 0.9780 1 0.2005 0
T 118260 126.0 0.9778 1 0.2467 0
T 118268 126.0 0.9778 1 0.2467 0
T 118275 126.0 0.9778 1 0.2467 0
T 118282 126.0 0.9776 1 0.2929 0
T 118290 126.0 0.9776 1 0.2929 0
T 118298 126.0 0.9776 1 0.2929 0
T 118305 126.0 0.9774 1 0.3412 0
T 118312 126.0 0.9774 1 0.3412 0
T 118320 126.0 0.9774 1 0.3412 0
T 118328 126.0 0.9772 1 0.3895 0
T 118335 126.0 0.9772 1 0.3895 0
T 118342 126.0 0.9772 1 0.3895 0
T 118350 126.0 0.9770 1 0.3383 0
T 118358 126.0 0.9770 1 0.3383 0
T 118365 126.0 0.9770 1 0.3383 0
T 118372 126.0 0.9768 1 0.3845 0
T 118380 126.0 0.9768 1 0.3845 0
T 118388 126.0 0.9768 1 0.3845 0
T 118395 126.0 0.9767 1 0.4327 0
T 118402 126.0 0.9767 1 0.4327 0
T 118410 126.0 0.9767 1 0.4327 0
T 118418 126.0 0.9765 1 0.4810 0
T 118425 126.0 0.9765 1 0.4810 0
T 118432 126.0 0.9765 1 0.4810 0
T 118440 126.0 0.9763 1 0.5272 0
T 118448 126.0 0.9763 1 0.5272 0
T 118455 126.0 0.9763 1 0.5272 0
T 118462 126.0 0.9762 1 0.6734 0
T 118470 126.0 0.9762 1 0.6734 0
T 118478 126.0 0.9762 1 0.6734 0
T 118485 126.0 0.9760 1 0.7217 0
T 118492 126.0 0.9760 1 0.7217 0
T 118500 126.0 0.9760 1 0.7217 0
T 118508 126.0 0.9759 1 0.7700 0
T 118515 126.0 0.9759 1 0.7700 0
T 118522 126.0 0.9759 1 0.7700 0
T 118530 126.0 0.9759 1 0.8162 0
T 118538 126.0 0.9759 1 0.8162 0
T 118545 126.0 0.9759 1 0.8162 0
T 118552 126.0 0.9757 1 0.8624 0
T 118560 126.0 0.9757 1 0.8624 0
T 118568 126.0 0.9757 1 0.8624 0
T 118575 126.0 0.9756 1 0.9451 0
T 118582 126.0 0.9756 1 0.9451 0
T 118590 126.0 0.9756 1 0.9451 0
T 118598 126.0 0.9755 1 0.9935 0
T 118605 126.0 0.9755 1 0.9935 0
T 118612 126.0 0.9755 1 0.9935 0
T 118620 126.0 0.9754 1 0.0397 1
T 118628 126.0 0.9754 1 0.0397 0
T 118635 126.0 0.9754 1 0.0397 0
T 118642 126.0 0.9753 1 0.0859 0
T 118650 126.0 0.9753 1 0.0859 0
T 118658 126.0 0.9753 1 0.0859 0
T 118665 126.0 0.9752 1 0.1342 0
T 118672 126.0 0.9752 1 0.1342 0
T 118680 126.0 0.9752 1 0.1342 0
T 118688 126.0 0.9751 1 0.1825 0
T 118695 126.0 0.9751 1 0.1825 0
T 118702 126.0 0.9751 1 0.1825 0
T 118710 126.0 0.9750 1 0.1831 0
T 118718 126.0 0.9750 1 0.1831 0
T 118725 126.0 0.9750 1 0.1831 0
T 118732 126.0 0.9750 1 0.2293 0
T 118740 126.0 0.9750 1 0.2293 0
T 118748 126.0 0.9750 1 0.2293 0
T 118755 126.0 0.9749 1 0.2776 0
T 118762 126.0 0.9749 1 0.2776 0
T 118770 126.0 0.9749 1 0.2776 0
T 118778 126.0 0.9748 1 0.3259 0
T 118785 126.0 0.9748 1 0.3259 0
T 118792 126.0 0.9748 1 0.3259 0
T 118800 126.0 0.9746 1 0.3721 0
T 118808 126.0 0.9746 1 0.3721 0
T 118815 126.0 0.9746 1 0.3721 0
T 118822 126.0 0.9745 1 0.3253 0
T 118830 126.0 0.9745 1 0.3253 0
T 118838 126.0 0.9745 1 0.3253 0
T 118845 126.0 0.9744 1 0.3735 0
T 118852 126.0 0.9744 1 0.3735 0
T 118860 126.0 0.9744 1 0.3735 0
T 118868 126.0 0.9742 1 0.4218 0
T 118875 126.0 0.9742 1 0.4218 0
T 118882 126.0 0.9742 1 0.4218 0
T 118890 126.0 0.9742 1 0.4680 0
T 118898 126.0 0.9742 1 0.4680 0
T 118905 126.0 0.9742 1 0.4680 0
T 118912 126.0 0.9741 1 0.5142 0
T 118920 126.0 0.9741 1 0.5142 0
T 118928 126.0 0.9741 1 0.5142 0
T 118935 126.0 0.9740 1 0.6624 0
T 118942 126.0 0.9740 1 0.6624 0
T 118950 126.0 0.9740 1 0.6624 0
T 118958 126.0 0.9740 1 0.7108 0
T 118965 126.0 0.9740 1 0.7108 0
T 118972 126.0 0.9740 1 0.7108 0
T 118980 126.0 0.9740 1 0.7570 0
T 118988 126.0 0.9740 1 0.7570 0
T 118995 126.0 0.9740 1 0.7570 0
T 119002 126.0 0.9739 1 0.8032 0
T 119010 126.0 0.9739 1 0.8032 0
T 119018 126.0 0.9739 1 0.8032 0
T 119025 126.0 0.9739 1 0.8515 0
T 119032 126.0 0.9739 1 0.8515 0
T 119040 126.0 0.9739 1 0.8515 0
T 119048 126.0 0.9738 1 0.9370 0
T 119055 126.0 0.9738 1 0.9370 0
T 119062 126.0 0.9738 1 0.9370 0
T 119070 126.0 0.9737 1 0.9832 0
T 119078 126.0 0.9737 1 0.9832 0
T 119085 126.0 0.9737 1 0.9832 0
T 119092 126.0 0.9737 1 0.0294 1
T 119100 126.0 0.9737 1 0.0294 0
T 119108 126.0 0.9737 1 0.0294 0
T 119115 126.0 0.9736 1 0.0777 0
T 119122 126.0 0.9736 1 0.0777 0
T 119130 126.0 0.9736 1 0.0777 0
T 119138 126.0 0.9736 1 0.1260 0
T 119145 126.0 0.9736 1 0.1260 0
T 119152 126.0 0.9736 1 0.1260 0
T 119160 126.0 0.9736 1 0.1723 0
T 119168 126.0 0.9736 1 0.1723 0
T 119175 126.0 0.9736 1 0.1723 0
T 119182 126.0 0.9736 1 0.1754 0
T 119190 126.0 0.9736 1 0.1754 0
T 119198 126.0 0.9736 1 0.1754 0
T 119205 126.0 0.9736 1 0.2237 0
T 119212 126.0 0.9736 1 0.2237 0
T 119220 126.0 0.9736 1 0.2237 0
T 119228 126.0 0.9736 1 0.2720 0
T 119235 126.0 0.9736 1 0.2720 0
T 119242 126.0 0.9736 1 0.2720 0
T 119250 126.0 0.9735 1 0.3182 0
T 119258 126.0 0.9735 1 0.3182 0
T 119265 126.0 0.9735 1 0.3182 0
T 119272 126.0 0.9733 1 0.3644 0
T 119280 126.0 0.9733 1 0.3644 0
T 119288 126.0 0.9733 1 0.3644 0
T 119295 126.0 0.9732 1 0.3216 0
T 119302 126.0 0.9732 1 0.3216 0
T 119310 126.0 0.9732 1 0.3216 0
T 119318 126.0 0.9730 1 0.3699 0
T 119325 126.0 0.9730 1 0.3699 0
T 119332 126.0 0.9730 1 0.3699 0
T 119340 126.0 0.9729 1 0.4160 0
T 119348 126.0 0.9729 1 0.4160 0
T 119355 126.0 0.9729 1 0.4160 0
T 119362 126.0 0.9727 1 0.4622 0
T 119370 126.0 0.9727 1 0.4622 0
T 119378 126.0 0.9727 1 0.4622 0
T 119385 126.0 0.9725 1 0.5105 0
T 119392 126.0 0.9725 1 0.5105 0
T 119400 126.0 0.9725 1 0.5105 0
T 119408 126.0 0.9724 1 0.6588 0
T 119415 126.0 0.9724 1 0.6588 0
T 119422 126.0 0.9724 1 0.6588 0
T 119430 126.0 0.9722 1 0.7050 0
T 119438 126.0 0.9722 1 0.7050 0
T 119445 126.0 0.9722 1 0.7050 0
T 119452 126.0 0.9721 1 0.7512 0
T 119460 126.0 0.9721 1 0.7512 0
T 119468 126.0 0.9721 1 0.7512 0
T 119475 126.0 0.9720 1 0.7995 0
T 119482 126.0 0.9720 1 0.7995 0
T 119490 126.0 0.9720 1 0.7995 0
T 119498 126.0 0.9719 1 0.8479 0
T 119505 126.0 0.9719 1 0.8479 0
T 119512 126.0 0.9719 1 0.8479 0
T 119520 126.0 0.9717 1 0.8941 0
T 119528 126.0 0.9717 1 0.8941 0
T 119535 126.0 0.9717 1 0.8941 0
T 119542 126.0 0.9716 1 0.9668 0
T 119550 126.0 0.9716 1 0.9668 0
T 119558 126.0 0.9716 1 0.9668 0
T 119565 126.0 0.9714 1 0.0151 1
T 119572 126.0 0.9714 1 0.0151 0
T 119580 126.0 0.9714 1 0.0151 0
T 119588 126.0 0.9713 1 0.0634 0
T 119595 126.0 0.9713 1 0.0634 0
T 119602 126.0 0.9713 1 0.0634 0
T 119610 126.0 0.9712 1 0.1096 0
T 119618 126.0 0.9712 1 0.1096 0
T 119625 126.0 0.9712 1 0.1096 0
T 119632 126.0 0.9712 1 0.1558 0
T 119640 126.0 0.9712 1 0.1558 0
T 119648 126.0 0.9712 1 0.1558 0
T 119655 126.0 0.9712 1 0.1652 0
T 119662 126.0 0.9712 1 0.1652 0
T 119670 126.0 0.9712 1 0.1652 0
T 119678 126.0 0.9712 1 0.2135 0
T 119685 126.0 0.9712 1 0.2135 0
T 119692 126.0 0.9712 1 0.2135 0
T 119700 126.0 0.9711 1 0.2597 0
T 119708 126.0 0.9711 1 0.2597 0
T 119715 126.0 0.9711 1 0.2597 0
T 119722 126.0 0.9711 1 0.3059 0
T 119730 126.0 0.9711 1 0.3059 0
T 119738 126.0 0.9711 1 0.3059 0
T 119745 126.0 0.9709 1 0.3542 0
T 119752 126.0 0.9709 1 0.3542 0
T 119760 126.0 0.9709 1 0.3542 0
T 119768 126.0 0.9709 1 0.3139 0
T 119775 126.0 0.9709 1 0.3139 0
T 119782 126.0 0.9709 1 0.3139 0
T 119790 126.0 0.9709 1 0.3601 0
T 119798 126.0 0.9709 1 0.3601 0
T 119805 126.0 0.9709 1 0.3601 0
T 119812 126.0 0.9709 1 0.4063 0
T 119820 126.0 0.9709 1 0.4063 0
T 119828 126.0 0.9709 1 0.4063 0
T 119835 126.0 0.9709 1 0.4546 0
T 119842 126.0 0.9709 1 0.4546 0
T 119850 126.0 0.9709 1 0.4546 0
T 119858 126.0 0.9708 1 0.5028 0
T 119865 126.0 0.9708 1 0.5028 0
T 119872 126.0 0.9708 1 0.5028 0
T 119880 126.0 0.9707 1 0.6490 0
T 119888 126.0 0.9707 1 0.6490 0
T 119895 126.0 0.9707 1 0.6490 0
T 119902 126.0 0.9706 1 0.6952 0
T 119910 126.0 0.9706 1 0.6952 0
T 119918 126.0 0.9706 1 0.6952 0
T 119925 126.0 0.9705 1 0.7436 0
T 119932 126.0 0.9705 1 0.7436 0
T 119940 126.0 0.9705 1 0.7436 0
T 119948 126.0 0.9704 1 0.7919 0
T 119955 126.0 0.9704 1 0.7919 0
RAWSPEC 0.0155 0.0142 0.0089 0.0067 0.0161 0.0217 0.0206 0.0169 0.0263 0.0397 0.0491 0.0515 0.0437 0.0301 0.0176 0.0092 0.0178 0.0203 0.0140 0.0132 0.0257 0.0330 0.0361 0.0299 0.0200 0.0112 0.0135 0.0159 0.0162 0.0092 0.0162 0.0231 0.0282 0.0259 0.0184 0.0107 0.0083 0.0138 0.0175 0.0093 0.0127 0.0259 0.0321 0.0291 0.0187 0.0046 0.0232 0.0405 0.0510 0.0487 0.0328 0.0196 0.0126 0.0163 0.0156 0.0102 0.0140 0.0250 0.0318 0.0289 0.0129 0.0128 0.0339 0.0534 0.0714 0.0845 0.0896 0.0830 0.0694 0.0427 0.0153 0.0186 0.0385 0.0362 0.0208 0.0044 0.0329 0.0511 0.0565 0.0502 0.0388 0.0291 0.0300 0.0410 0.0469 0.0451 0.0373 0.0274 0.0203 0.0194 0.0234 0.0223 0.0179 0.0076 0.0097 0.0197
FILE_DONE frames=15995
