572218 0.000000 0
572225 0.000000 0
572232 0.000000 0
572240 0.061630 1
572247 0.000000 0
572254 0.000000 0
572262 0.063580 1
572270 0.000000 0
572278 0.000000 0
572285 0.169500 1
572292 0.000000 0
572300 0.000000 0
572307 0.159000 1
572315 0.000000 0
572322 0.000000 0
572330 0.074830 1
572337 0.000000 0
572344 0.000000 0
572352 0.034490 1
572360 0.000000 0
572368 0.000000 0
572375 0.029480 1
572381 0.000000 0
572388 0.000000 0
572396 0.023760 1
572405 0.000000 0
572412 0.000000 0
572420 0.021390 1
572426 0.000000 0
572434 0.000000 0
572441 0.014080 1
572450 0.000000 0
572458 0.000000 0
572465 0.015630 1
572472 0.000000 0
572480 0.000000 0
572487 0.013520 1
572495 0.000000 0
572502 0.000000 0
572510 0.024700 1
572516 0.000000 0
572524 0.000000 0
572531 0.029740 1
572540 0.000000 0
572548 0.000000 0
572555 0.030500 1
572561 0.000000 0
572568 0.000000 0
572576 0.034710 1
572585 0.000000 0
572592 0.000000 0
572600 0.042420 1
572606 0.000000 0
572614 0.000000 0
572621 0.071170 1
572630 0.000000 0
572638 0.000000 0
572645 0.068330 1
572651 0.000000 0
572658 0.000000 0
572666 0.104880 1
572675 0.000000 0
572682 0.000000 0
572690 0.120270 1
572696 0.000000 0
572704 0.000000 0
572711 0.080140 1
572720 0.000000 0
572728 0.000000 0
572735 0.044010 1
572741 0.000000 0
572748 0.000000 0
572756 0.037460 1
572765 0.000000 0
572772 0.000000 0
572780 0.048160 1
572786 0.000000 0
572794 0.000000 0
572801 0.051220 1
572810 0.000000 0
572818 0.000000 0
572825 0.052690 1
572831 0.000000 0
572838 0.000000 0
572846 0.051670 1
572854 0.000000 0
572862 0.000000 0
572869 0.057800 1
572876 0.000000 0
572884 0.000000 0
572891 0.091770 1
572899 0.000000 0
572906 0.000000 0
572914 0.096390 1
572921 0.000000 0
572928 0.000000 0
572936 0.068540 1
572945 0.000000 0
572952 0.000000 0
572960 0.032210 1
572966 0.000000 0
572974 0.000000 0
572981 0.085040 1
572990 0.000000 0
572998 0.000000 0
573005 0.083960 1
573011 0.000000 0
573018 0.000000 0
573026 0.077040 1
573035 0.000000 0
573042 0.000000 0
573050 0.059100 1
573057 0.000000 0
573064 0.000000 0
573072 0.059360 1
573079 0.000000 0
573086 0.000000 0
573094 0.045210 1
573101 0.000000 0
573108 0.000000 0
573116 0.038860 1
573124 0.000000 0
573132 0.000000 0
573139 0.016570 1
573146 0.000000 0
573154 0.000000 0
573161 0.010330 1
573170 0.000000 0
573178 0.000000 0
573185 0.010330 1
573191 0.000000 0
573198 0.000000 0
573206 0.011050 1
573214 0.000000 0
573222 0.000000 0
573229 0.025600 1
573236 0.000000 0
573244 0.000000 0
573251 0.030000 1
573259 0.000000 0
573266 0.000000 0
573274 0.048630 1
573281 0.000000 0
573288 0.000000 0
573296 0.041520 1
573304 0.000000 0
573312 0.000000 0
573319 0.106830 1
573326 0.000000 0
573334 0.000000 0
573341 0.157610 1
573349 0.000000 0
573356 0.000000 0
573364 0.145370 1
573371 0.000000 0
573378 0.000000 0
573386 0.090420 1
573395 0.000000 0
573402 0.000000 0
573410 0.050480 1
573416 0.000000 0
573424 0.000000 0
573431 0.026780 1
573439 0.000000 0
573446 0.000000 0
573454 0.017010 1
573461 0.000000 0
573468 0.000000 0
573476 0.017900 1
573484 0.000000 0
573492 0.000000 0
573499 0.038860 1
573506 0.000000 0
573514 0.000000 0
573521 0.519620 0
573529 0.000000 0
573536 0.000000 0
573544 0.166690 0
573551 0.000000 0
573558 0.000000 0
573566 0.097570 0
573574 0.000000 0
573582 0.000000 0
573589 0.048630 0
573597 0.000000 0
573604 0.000000 0
573612 0.033140 0
573619 0.000000 0
573626 0.000000 0
573634 0.011050 0
573641 0.000000 0
573648 0.000000 0
573656 0.010330 0
573664 0.000000 0
573672 0.000000 0
573679 0.006760 0
573687 0.000000 0
573694 0.000000 0
573702 0.014080 0
573709 0.000000 0
573716 0.000000 0
573724 0.009570 0
573732 0.000000 0
573740 0.000000 0
573747 0.014600 0
573754 0.000000 0
573762 0.000000 0
573769 0.017460 0
573777 0.000000 0
573784 0.000000 0
573792 0.012950 0
573799 0.000000 0
573806 0.000000 0
573814 0.019130 0
573822 0.000000 0
573830 0.000000 0
573837 0.016100 0
573844 0.000000 0
573852 0.000000 0
573859 0.019530 0
573867 0.000000 0
573874 0.000000 0
573882 0.027340 0
573889 0.000000 0
573896 0.000000 0
573904 0.024380 0
573912 0.000000 0
573920 0.000000 0
573927 0.019530 0
573934 0.000000 0
573942 0.000000 0
573949 0.013520 0
573957 0.000000 0
573964 0.000000 0
573972 0.017460 0
573979 0.000000 0
573986 0.000000 0
573994 0.036420 0
574002 0.000000 0
574010 0.000000 0
574017 0.035370 0
574023 0.000000 0
574030 0.000000 0
574038 0.026490 0
574047 0.000000 0
574054 0.000000 0
574062 0.019130 0
574068 0.000000 0
574076 0.000000 0
574083 0.026200 0
574092 0.000000 0
574100 0.000000 0
574107 0.029220 0
574113 0.000000 0
574120 0.000000 0
574128 0.025910 0
574137 0.000000 0
574144 0.000000 0
574152 0.029220 0
574158 0.000000 0
574166 0.000000 0
574173 0.023100 0
574181 0.000000 0
574188 0.000000 0
574196 0.026490 0
574203 0.000000 0
574210 0.000000 0
574218 0.022770 0
574226 0.000000 0
574234 0.000000 0
574241 0.034710 0
574248 0.000000 0
574256 0.000000 0
574263 0.048460 0
574272 0.000000 0
574280 0.000000 0
574287 0.043320 0
574293 0.000000 0
574300 0.000000 0
574308 0.043320 0
574317 0.000000 0
574324 0.000000 0
574332 0.041520 0
574338 0.000000 0
574346 0.000000 0
574353 0.036220 0
574361 0.000000 0
574368 0.000000 0
574376 0.033600 0
574383 0.000000 0
574390 0.000000 0
574398 0.025910 0
574406 0.000000 0
574414 0.000000 0
574421 0.020660 0
574428 0.000000 0
574436 0.000000 0
574443 0.021030 0
574451 0.000000 0
574458 0.000000 0
574466 0.024080 0
574473 0.000000 0
574480 0.000000 0
574488 0.013520 0
574496 0.000000 0
574504 0.000000 0
574511 0.014600 0
574518 0.000000 0
574526 0.000000 0
574533 0.023100 0
574542 0.000000 0
574550 0.000000 0
574557 0.029740 0
574563 0.000000 0
574570 0.000000 0
574578 0.030990 0
574586 0.000000 0
574594 0.000000 0
574601 0.047350 0
574608 0.000000 0
574616 0.000000 0
574623 0.039640 0
574631 0.000000 0
574638 0.000000 0
574646 0.051070 0
574653 0.000000 0
574660 0.000000 0
574668 0.049870 0
574676 0.000000 0
574684 0.000000 0
574691 0.065250 0
574698 0.000000 0
574706 0.000000 0
574713 0.080610 0
574721 0.000000 0
574728 0.000000 0
574736 0.084860 0
574743 0.000000 0
574750 0.000000 0
574758 0.069210 0
574766 0.000000 0
574774 0.000000 0
574781 0.073180 0
574788 0.000000 0
574796 0.000000 0
574803 0.056460 0
574812 0.000000 0
574820 0.000000 0
574827 0.050170 0
574833 0.000000 0
574840 0.000000 0
574848 0.039640 0
574856 0.000000 0
574864 0.000000 0
574871 0.040210 0
574878 0.000000 0
574886 0.000000 0
574893 0.053970 0
574901 0.000000 0
574908 0.000000 0
574916 0.044360 0
574923 0.000000 0
574930 0.000000 0
574938 0.040210 0
574946 0.000000 0
574954 0.000000 0
574961 0.039830 0
574969 0.000000 0
574976 0.000000 0
574984 0.044190 0
574991 0.000000 0
574998 0.000000 0
575006 0.044360 0
575014 0.000000 0
575022 0.000000 0
575029 0.050630 0
575037 0.000000 0
575044 0.000000 0
575052 0.064650 0
575058 0.000000 0
575066 0.000000 0
575073 0.057540 0
575082 0.000000 0
575090 0.000000 0
575097 0.050480 0
575103 0.000000 0
575110 0.000000 0
575118 0.055510 0
575127 0.000000 0
575134 0.000000 0
575142 0.063340 0
575148 0.000000 0
575156 0.000000 0
575163 0.072540 0
575171 0.000000 0
575178 0.000000 0
575186 0.086200 0
575193 0.000000 0
575200 0.000000 0
575208 0.080900 0
575218 0.000000 0
575226 0.000000 0
575233 0.089070 0
575239 0.000000 0
575246 0.000000 0
575254 0.073590 0
575262 0.000000 0
575270 0.000000 0
575277 0.071380 0
575285 0.000000 0
575292 0.000000 0
575300 0.069980 0
575306 0.000000 0
575314 0.000000 0
575321 0.075440 0
575330 0.000000 0
575338 0.000000 0
575345 0.063460 0
575351 0.000000 0
575358 0.000000 0
575366 0.046880 0
575373 0.000000 0
575380 0.000000 0
575388 0.054540 0
575397 0.000000 0
575404 0.000000 0
575412 0.044530 0
575418 0.000000 0
575426 0.000000 0
575433 0.057660 0
575441 0.000000 0
575448 0.000000 0
575456 0.037460 0
575463 0.000000 0
575470 0.000000 0
575478 0.035160 0
575486 0.000000 0
575494 0.000000 0
575501 0.040020 0
575510 0.000000 0
575518 0.000000 0
575525 0.044710 0
575532 0.000000 0
575540 0.000000 0
575547 0.042250 0
575553 0.000000 0
575560 0.000000 0
575568 0.047350 0
575576 0.000000 0
575584 0.000000 0
575591 0.055100 0
575600 0.000000 0
575608 0.000000 0
575615 0.060640 0
575621 0.000000 0
575628 0.000000 0
575636 0.064770 0
575644 0.000000 0
575652 0.000000 0
575659 0.075330 0
575666 0.000000 0
575674 0.000000 0
575681 0.069320 0
575689 0.000000 0
575696 0.000000 0
575704 0.074530 0
575711 0.000000 0
575718 0.000000 0
575726 0.066970 0
575734 0.000000 0
575742 0.000000 0
575749 0.071170 0
575756 0.000000 0
575764 0.000000 0
575771 0.054540 0
575779 0.000000 0
575786 0.000000 0
575794 0.055370 0
575801 0.000000 0
575808 0.000000 0
575816 0.067200 0
575824 0.000000 0
575832 0.000000 0
575839 0.068330 0
575846 0.000000 0
575854 0.000000 0
575861 0.036220 0
575870 0.000000 0
575878 0.000000 0
575885 0.055790 0
575891 0.000000 0
575898 0.000000 0
575906 0.055510 0
575915 0.000000 0
575922 0.000000 0
575930 0.036640 0
575936 0.000000 0
575944 0.000000 0
575951 0.041150 0
575960 0.000000 0
575968 0.000000 0
575975 0.044360 0
575981 0.000000 0
575988 0.000000 0
575996 0.051380 0
576004 0.000000 0
576012 0.000000 0
576019 0.065580 0
576026 0.000000 0
576034 0.000000 0
576041 0.047520 0
576049 0.000000 0
576056 0.000000 0
576064 0.056600 0
576071 0.000000 0
576078 0.000000 0
576086 0.056730 0
576094 0.000000 0
576102 0.000000 0
576109 0.055370 0
576116 0.000000 0
576124 0.000000 0
576131 0.051220 0
576139 0.000000 0
576146 0.000000 0
576154 0.051220 0
576161 0.000000 0
576168 0.000000 0
576176 0.045550 0
576184 0.000000 0
576192 0.000000 0
576199 0.046710 0
576206 0.000000 0
576214 0.000000 0
576221 0.069110 0
576229 0.000000 0
576236 0.000000 0
576244 0.062000 0
576251 0.000000 0
576258 0.000000 0
576266 0.074530 0
576274 0.000000 0
576282 0.000000 0
576289 0.063830 0
576296 0.000000 0
576304 0.000000 0
576311 0.064530 0
576319 0.000000 0
576326 0.000000 0
576334 0.053560 0
576341 0.000000 0
576348 0.000000 0
576356 0.046370 0
576364 0.000000 0
576372 0.000000 0
576379 0.048160 0
576386 0.000000 0
576394 0.000000 0
576401 0.036220 0
576409 0.000000 0
576416 0.000000 0
576424 0.016100 0
576431 0.000000 0
576438 0.000000 0
576446 0.019130 0
576454 0.000000 0
576462 0.000000 0
576469 0.027890 0
576476 0.000000 0
576484 0.000000 0
576491 0.031250 0
576500 0.000000 0
576508 0.000000 0
576515 0.049090 0
576521 0.000000 0
576528 0.000000 0
576536 0.049090 0
576544 0.000000 0
576552 0.000000 0
576559 0.060260 0
576566 0.000000 0
576574 0.000000 0
576581 0.064880 0
576589 0.000000 0
576596 0.000000 0
576604 0.074310 0
576611 0.000000 0
576618 0.000000 0
576626 0.061750 0
576634 0.000000 0
576642 0.000000 0
576649 0.081470 0
576656 0.000000 0
576664 0.000000 0
576671 0.086990 0
576679 0.000000 0
576686 0.000000 0
576694 0.083310 0
576701 0.000000 0
576708 0.000000 0
576716 0.079290 0
576724 0.000000 0
576732 0.000000 0
576739 0.072240 0
576746 0.000000 0
576754 0.000000 0
576761 0.058060 0
576769 0.000000 0
576776 0.000000 0
576784 0.067430 0
576792 0.000000 0
576800 0.000000 0
576807 0.071270 0
576814 0.000000 0
576822 0.000000 0
576829 0.066410 0
576836 0.000000 0
576844 0.000000 0
576851 0.070420 0
576859 0.000000 0
576866 0.000000 0
576874 0.059750 0
576882 0.000000 0
576890 0.000000 0
576897 0.036420 0
576904 0.000000 0
576912 0.000000 0
576919 0.026490 0
576927 0.000000 0
576934 0.000000 0
576942 0.037870 0
576949 0.000000 0
576956 0.000000 0
576964 0.030500 0
576972 0.000000 0
576980 0.000000 0
576987 0.033600 0
576994 0.000000 0
577002 0.000000 0
577009 0.035370 0
577016 0.000000 0
577024 0.000000 0
577031 0.046050 0
577039 0.000000 0
577046 0.000000 0
577054 0.051510 0
577062 0.000000 0
577070 0.000000 0
577077 0.066740 0
577083 0.000000 0
577090 0.000000 0
577098 0.069320 0
577107 0.000000 0
577114 0.000000 0
577122 0.061630 0
577128 0.000000 0
577136 0.000000 0
577143 0.087430 0
577152 0.000000 0
577160 0.000000 0
577167 0.095120 0
577173 0.000000 0
577180 0.000000 0
577188 0.089230 0
577197 0.000000 0
577204 0.000000 0
577212 0.085390 0
577218 0.000000 0
577226 0.000000 0
577233 0.088380 0
577242 0.000000 0
577250 0.000000 0
577257 0.063460 0
577263 0.000000 0
577270 0.000000 0
577278 0.054260 0
577287 0.000000 0
577294 0.000000 0
577302 0.049260 0
577308 0.000000 0
577316 0.000000 0
577323 0.047200 0
577332 0.000000 0
577340 0.000000 0
577347 0.053970 0
577354 0.000000 0
577362 0.000000 0
577369 0.026780 0
577377 0.000000 0
577384 0.000000 0
577392 0.027050 0
577398 0.000000 0
577406 0.000000 0
577413 0.038070 0
577422 0.000000 0
577430 0.000000 0
577437 0.040020 0
577443 0.000000 0
577450 0.000000 0
577458 0.039250 0
577466 0.000000 0
577474 0.000000 0
577481 0.040590 0
577488 0.000000 0
577496 0.000000 0
577503 0.055100 0
577511 0.000000 0
577518 0.000000 0
577526 0.066510 0
577533 0.000000 0
577540 0.000000 0
577548 0.091430 0
577556 0.000000 0
577564 0.000000 0
577571 0.094960 0
577578 0.000000 0
577586 0.000000 0
577593 0.083960 0
577601 0.000000 0
577608 0.000000 0
577616 0.094880 0
577623 0.000000 0
577630 0.000000 0
577638 0.068330 0
577646 0.000000 0
577654 0.000000 0
577661 0.074830 0
577668 0.000000 0
577676 0.000000 0
577683 0.062610 0
577692 0.000000 0
577700 0.000000 0
577707 0.058200 0
577713 0.000000 0
577720 0.000000 0
577728 0.080340 0
577736 0.000000 0
577744 0.000000 0
577751 0.073590 0
577758 0.000000 0
577766 0.000000 0
577773 0.077040 0
577781 0.000000 0
577788 0.000000 0
577796 0.047670 0
577803 0.000000 0
577810 0.000000 0
577818 0.043840 0
577827 0.000000 0
577834 0.000000 0
577842 0.034930 0
577849 0.000000 0
577856 0.000000 0
577864 0.034490 0
577871 0.000000 0
577878 0.000000 0
577886 0.030750 0
577895 0.000000 0
577902 0.000000 0
577910 0.037660 0
577916 0.000000 0
577924 0.000000 0
577931 0.046370 0
577940 0.000000 0
577948 0.000000 0
577955 0.055370 0
577961 0.000000 0
577968 0.000000 0
577976 0.077330 0
577985 0.000000 0
577992 0.000000 0
578000 0.067540 0
578006 0.000000 0
578014 0.000000 0
578021 0.066510 0
578030 0.000000 0
578038 0.000000 0
578045 0.072340 0
578051 0.000000 0
578058 0.000000 0
578066 0.069110 0
578074 0.000000 0
578082 0.000000 0
578089 0.085040 0
578096 0.000000 0
578104 0.000000 0
578111 0.081470 0
578119 0.000000 0
578126 0.000000 0
578134 0.088120 0
578141 0.000000 0
578148 0.000000 0
578156 0.079960 0
578164 0.000000 0
578172 0.000000 0
578179 0.069870 0
578186 0.000000 0
578194 0.000000 0
578201 0.070310 0
578209 0.000000 0
578216 0.000000 0
578224 0.062120 0
578232 0.000000 0
578240 0.000000 0
578247 0.068330 0
578254 0.000000 0
578262 0.000000 0
578269 0.044190 0
578277 0.000000 0
578284 0.000000 0
578292 0.045550 0
578298 0.000000 0
578306 0.000000 0
578313 0.023440 0
578322 0.000000 0
578330 0.000000 0
578337 0.028170 0
578344 0.000000 0
578352 0.000000 0
578359 0.029740 0
578367 0.000000 0
578374 0.000000 0
578382 0.033600 0
578389 0.000000 0
578396 0.000000 0
578404 0.036220 0
578412 0.000000 0
578420 0.000000 0
578427 0.032670 0
578434 0.000000 0
578442 0.000000 0
578449 0.039440 0
578457 0.000000 0
578464 0.000000 0
578472 0.062360 0
578480 0.000000 0
578488 0.000000 0
578495 0.071380 0
578501 0.000000 0
578508 0.000000 0
578516 0.082400 0
578523 0.000000 0
578530 0.000000 0
578538 0.084230 0
578546 0.000000 0
578554 0.000000 0
578561 0.090760 0
578568 0.000000 0
578576 0.000000 0
578583 0.103350 0
578593 0.000000 0
578600 0.000000 0
578608 0.093900 0
578614 0.000000 0
578622 0.000000 0
578629 0.079670 0
578636 0.000000 0
578644 0.000000 0
578651 0.065580 0
578658 0.000000 0
578666 0.000000 0
578673 0.066870 0
578681 0.000000 0
578688 0.000000 0
578696 0.050020 0
578703 0.000000 0
578710 0.000000 0
578718 0.049410 0
578726 0.000000 0
578734 0.000000 0
578741 0.061260 0
578748 0.000000 0
578756 0.000000 0
578763 0.063830 0
578772 0.000000 0
578780 0.000000 0
578787 0.052690 0
578793 0.000000 0
578800 0.000000 0
578808 0.044880 0
578816 0.000000 0
578824 0.000000 0
578831 0.040590 0
578838 0.000000 0
578846 0.000000 0
578853 0.033140 0
578861 0.000000 0
578868 0.000000 0
578876 0.050480 0
578883 0.000000 0
578890 0.000000 0
578898 0.050170 0
578906 0.000000 0
578914 0.000000 0
578921 0.059360 0
578928 0.000000 0
578936 0.000000 0
578943 0.069430 0
578951 0.000000 0
578958 0.000000 0
578966 0.071600 0
578973 0.000000 0
578980 0.000000 0
578988 0.066160 0
578996 0.000000 0
579004 0.000000 0
579011 0.083680 0
579018 0.000000 0
579026 0.000000 0
579033 0.093980 0
579041 0.000000 0
579048 0.000000 0
579056 0.082950 0
579063 0.000000 0
579070 0.000000 0
579078 0.106400 0
579086 0.000000 0
579094 0.000000 0
579101 0.095200 0
579109 0.000000 0
579116 0.000000 0
579124 0.082950 0
579131 0.000000 0
579138 0.000000 0
579146 0.044710 0
579155 0.000000 0
579162 0.000000 0
579170 0.039640 0
579176 0.000000 0
579184 0.000000 0
579191 0.049560 0
579200 0.000000 0
579208 0.000000 0
579215 0.075140 0
579221 0.000000 0
579228 0.000000 0
579236 0.068880 0
579245 0.000000 0
579252 0.000000 0
579260 0.045380 0
579266 0.000000 0
579274 0.000000 0
579281 0.028430 0
579289 0.000000 0
579296 0.000000 0
579304 0.038670 0
579311 0.000000 0
579318 0.000000 0
579326 0.039440 0
579334 0.000000 0
579342 0.000000 0
579349 0.045210 0
579356 0.000000 0
579364 0.000000 0
579371 0.056600 0
579380 0.000000 0
579388 0.000000 0
579395 0.050920 0
579401 0.000000 0
579408 0.000000 0
579416 0.062730 0
579425 0.000000 0
579432 0.000000 0
579440 0.064530 0
579446 0.000000 0
579454 0.000000 0
579461 0.061510 0
579469 0.000000 0
579476 0.000000 0
579484 0.083310 0
579491 0.000000 0
579498 0.000000 0
579506 0.081830 0
579514 0.000000 0
579522 0.000000 0
579529 0.079000 0
579536 0.000000 0
579544 0.000000 0
579551 0.075440 0
579559 0.000000 0
579566 0.000000 0
579574 0.052840 0
579581 0.000000 0
579588 0.000000 0
579596 0.051510 0
579604 0.000000 0
579612 0.000000 0
579619 0.041890 0
579626 0.000000 0
579634 0.000000 0
579641 0.061630 0
579649 0.000000 0
579656 0.000000 0
579664 0.072760 0
579671 0.000000 0
579678 0.000000 0
579686 0.065480 0
579694 0.000000 0
579702 0.000000 0
579709 0.059360 0
579716 0.000000 0
579724 0.000000 0
579731 0.050630 0
579739 0.000000 0
579746 0.000000 0
579754 0.034040 0
579761 0.000000 0
579768 0.000000 0
579776 0.055100 0
579784 0.000000 0
579792 0.000000 0
579799 0.054960 0
579806 0.000000 0
579814 0.000000 0
579821 0.055370 0
579829 0.000000 0
579836 0.000000 0
579844 0.064420 0
579851 0.000000 0
579858 0.000000 0
579866 0.073900 0
579874 0.000000 0
579882 0.000000 0
579889 0.071700 0
579896 0.000000 0
579904 0.000000 0
579911 0.068990 0
579920 0.000000 0
579928 0.000000 0
579935 0.067080 0
579941 0.000000 0
579948 0.000000 0
579956 0.068880 0
579964 0.000000 0
579972 0.000000 0
579979 0.065710 0
579987 0.000000 0
579994 0.000000 0
580002 0.092100 0
580009 0.000000 0
580016 0.000000 0
580024 0.106610 0
580032 0.000000 0
580040 0.000000 0
580047 0.088120 0
580054 0.000000 0
580062 0.000000 0
580069 0.080520 0
580078 0.000000 0
580086 0.000000 0
580093 0.069870 0
580099 0.000000 0
580106 0.000000 0
580114 0.072020 0
580123 0.000000 0
580130 0.000000 0
580138 0.059240 0
580144 0.000000 0
580152 0.000000 0
580159 0.061140 0
580167 0.000000 0
580174 0.000000 0
580182 0.057270 0
580188 0.000000 0
580196 0.000000 0
580203 0.044880 0
580212 0.000000 0
580220 0.000000 0
580227 0.042970 0
580233 0.000000 0
580240 0.000000 0
580248 0.048940 0
580257 0.000000 0
580264 0.000000 0
580272 0.049870 0
580278 0.000000 0
580286 0.000000 0
580293 0.052260 0
580302 0.000000 0
580310 0.000000 0
580317 0.060000 0
580323 0.000000 0
580330 0.000000 0
580338 0.058460 0
580346 0.000000 0
580354 0.000000 0
580361 0.074620 0
580368 0.000000 0
580376 0.000000 0
580383 0.090680 0
580391 0.000000 0
580398 0.000000 0
580406 0.087860 0
580413 0.000000 0
580420 0.000000 0
580428 0.065580 0
580437 0.000000 0
580444 0.000000 0
580452 0.069540 0
580458 0.000000 0
580466 0.000000 0
580473 0.068100 0
580482 0.000000 0
580490 0.000000 0
580497 0.078510 0
580503 0.000000 0
580510 0.000000 0
580518 0.079180 0
580527 0.000000 0
580534 0.000000 0
580542 0.074220 0
580548 0.000000 0
580556 0.000000 0
580563 0.052260 0
580572 0.000000 0
580580 0.000000 0
580587 0.068770 0
580593 0.000000 0
580600 0.000000 0
580608 0.063710 0
580617 0.000000 0
580624 0.000000 0
580632 0.066060 0
580638 0.000000 0
580646 0.000000 0
580653 0.056600 0
580662 0.000000 0
580670 0.000000 0
580677 0.056060 0
580683 0.000000 0
580690 0.000000 0
580698 0.054120 0
580707 0.000000 0
580714 0.000000 0
580722 0.042970 0
580728 0.000000 0
580736 0.000000 0
580743 0.077930 0
580752 0.000000 0
580760 0.000000 0
580767 0.068440 0
580773 0.000000 0
580780 0.000000 0
580788 0.068330 0
580797 0.000000 0
580804 0.000000 0
580812 0.073180 0
580818 0.000000 0
580826 0.000000 0
580833 0.073790 0
580841 0.000000 0
580848 0.000000 0
580856 0.057270 0
580863 0.000000 0
580870 0.000000 0
580878 0.043490 0
580886 0.000000 0
580894 0.000000 0
580901 0.034270 0
580908 0.000000 0
580916 0.000000 0
580923 0.036640 0
580932 0.000000 0
580940 0.000000 0
580947 0.058850 0
580953 0.000000 0
580960 0.000000 0
580968 0.065830 0
580977 0.000000 0
580984 0.000000 0
580992 0.059240 0
580998 0.000000 0
581006 0.000000 0
581013 0.052690 0
581022 0.000000 0
581030 0.000000 0
581037 0.062500 0
581044 0.000000 0
581052 0.000000 0
581059 0.060880 0
581067 0.000000 0
581074 0.000000 0
581082 0.059100 0
581089 0.000000 0
581096 0.000000 0
581104 0.058320 0
581112 0.000000 0
581120 0.000000 0
581127 0.069760 0
581134 0.000000 0
581142 0.000000 0
581149 0.079380 0
581156 0.000000 0
581164 0.000000 0
581171 0.086990 0
581180 0.000000 0
581188 0.000000 0
581195 0.067080 1
581201 0.000000 0
581208 0.000000 0
581216 0.059490 1
581223 0.000000 0
581230 0.000000 0
581238 0.048460 1
581246 0.000000 0
581254 0.000000 0
581261 0.020660 0
581268 0.000000 0
581276 0.000000 0
581283 0.020660 0
581291 0.000000 0
581298 0.000000 0
581306 0.011050 0
581313 0.000000 0
581320 0.000000 0
581328 0.030500 0
581336 0.000000 0
581344 0.000000 0
581351 0.059360 0
581358 0.000000 0
581366 0.000000 0
581373 0.035370 0
581381 0.000000 0
581388 0.000000 0
581396 0.065830 0
581403 0.000000 0
581410 0.000000 0
581418 0.083590 0
581426 0.000000 0
581434 0.000000 0
581441 0.089850 0
581448 0.000000 0
581456 0.000000 0
581463 0.076740 0
581471 0.000000 0
581478 0.000000 0
581486 0.058460 0
581493 0.000000 0
581500 0.000000 0
581508 0.057130 0
581517 0.000000 0
581524 0.000000 0
581532 0.050920 0
581538 0.000000 0
581546 0.000000 0
581553 0.034490 0
581561 0.000000 0
581568 0.000000 0
581576 0.033140 0
581583 0.000000 0
581590 0.000000 0
581598 0.028170 0
581606 0.000000 0
581614 0.000000 0
581621 0.038670 0
581628 0.000000 0
581636 0.000000 0
581643 0.073180 0
581651 0.000000 0
581658 0.000000 0
581666 0.053270 0
581673 0.000000 0
581680 0.000000 0
581688 0.043670 0
581696 0.000000 0
581704 0.000000 0
581711 0.042420 0
581720 0.000000 0
581728 0.000000 0
581735 0.036850 0
581741 0.000000 0
581748 0.000000 0
581756 0.027050 0
581765 0.000000 0
581772 0.000000 0
581780 0.034490 0
581786 0.000000 0
581794 0.000000 0
581801 0.029740 0
581809 0.000000 0
581816 0.000000 0
581824 0.040210 0
581831 0.000000 0
581838 0.000000 0
581846 0.049710 0
581854 0.000000 0
581862 0.000000 0
581869 0.057270 0
581876 0.000000 0
581884 0.000000 0
581891 0.056870 0
581899 0.000000 0
581906 0.000000 0
581914 0.048940 0
581921 0.000000 0
581928 0.000000 0
581936 0.027050 0
581944 0.000000 0
581952 0.000000 0
581959 0.040960 0
581966 0.000000 0
581974 0.000000 0
581981 0.027620 0
581990 0.000000 0
581998 0.000000 0
582005 0.021740 0
582011 0.000000 0
582018 0.000000 0
582026 0.012340 0
582034 0.000000 0
582042 0.000000 0
582049 0.009570 0
582056 0.000000 0
582064 0.000000 0
582071 0.020660 0
582079 0.000000 0
582086 0.000000 0
582094 0.031250 0
582101 0.000000 0
582108 0.000000 0
582116 0.149920 0
582124 0.000000 0
582132 0.000000 0
582139 0.156390 0
582146 0.000000 0
582154 0.000000 0
582161 0.120070 0
582169 0.000000 0
582176 0.000000 0
582184 0.073380 0
582191 0.000000 0
582198 0.000000 0
582206 0.067430 0
582214 0.000000 0
582222 0.000000 0
582229 0.048940 0
582236 0.000000 0
582244 0.000000 0
582251 0.040770 0
582259 0.000000 0
582266 0.000000 0
582274 0.034710 0
582281 0.000000 0
582288 0.000000 0
582296 0.049560 0
582305 0.000000 0
582312 0.000000 0
582320 0.055790 0
582326 0.000000 0
582334 0.000000 0
582341 0.074920 0
582349 0.000000 0
582356 0.000000 0
582364 0.144470 0
582371 0.000000 0
582378 0.000000 0
582386 0.138260 0
582394 0.000000 0
582402 0.000000 0
582409 0.108670 0
582416 0.000000 0
582424 0.000000 0
582431 0.069660 0
582439 0.000000 0
582446 0.000000 0
582454 0.059620 0
582461 0.000000 0
582468 0.000000 0
582476 0.039250 0
582484 0.000000 0
582492 0.000000 0
582499 0.033830 0
582506 0.000000 0
582514 0.000000 0
582521 0.046220 0
582529 0.000000 0
582536 0.000000 0
582544 0.051670 0
582551 0.000000 0
582558 0.000000 0
582566 0.049410 0
582575 0.000000 0
582582 0.000000 0
582590 0.084140 0
582596 0.000000 0
582604 0.000000 0
582611 0.083590 0
582619 0.000000 0
582626 0.000000 0
582634 0.050780 0
582641 0.000000 0
582648 0.000000 0
582656 0.035580 0
582664 0.000000 0
582672 0.000000 0
582679 0.036010 0
582687 0.000000 0
582694 0.000000 0
582702 0.038860 0
582709 0.000000 0
582716 0.000000 0
582724 0.038670 0
582733 0.000000 0
582740 0.000000 0
582748 0.026780 0
582754 0.000000 0
582762 0.000000 0
582769 0.046220 0
582777 0.000000 0
582784 0.000000 0
582792 0.059880 0
582799 0.000000 0
582806 0.000000 0
582814 0.037050 0
582823 0.000000 0
582830 0.000000 0
582838 0.132010 0
582844 0.000000 0
582852 0.000000 0
582859 0.134170 0
582868 0.000000 0
582876 0.000000 0
582883 0.099960 0
582889 0.000000 0
582896 0.000000 0
582904 0.087690 0
582912 0.000000 0
582920 0.000000 0
582927 0.068100 0
582934 0.000000 0
582942 0.000000 0
582949 0.081740 0
582957 0.000000 0
582964 0.000000 0
582972 0.060640 0
582979 0.000000 0
582986 0.000000 0
582994 0.043320 0
583002 0.000000 0
583010 0.000000 0
583017 0.066870 0
583024 0.000000 0
583032 0.000000 0
583039 0.029480 0
583048 0.000000 0
583056 0.000000 0
583063 0.052550 0
583068 0.000000 0
583076 0.000000 0
583083 0.062000 0
583093 0.000000 0
583100 0.000000 0
583108 0.044530 0
583114 0.000000 0
583122 0.000000 0
583129 0.045880 0
583138 0.000000 0
583146 0.000000 0
583153 0.055240 0
583159 0.000000 0
583166 0.000000 0
583174 0.052690 0
583182 0.000000 0
583190 0.000000 0
583197 0.052550 0
583204 0.000000 0
583212 0.000000 0
583219 0.048940 0
583227 0.000000 0
583234 0.000000 0
583242 0.062000 0
583249 0.000000 0
583256 0.000000 0
583264 0.053560 0
583273 0.000000 0
583280 0.000000 0
583288 0.054690 0
583294 0.000000 0
583302 0.000000 0
583309 0.110280 0
583317 0.000000 0
583324 0.000000 0
583332 0.116660 0
583338 0.000000 0
583346 0.000000 0
583353 0.088640 0
583361 0.000000 0
583368 0.000000 0
583376 0.080050 0
583383 0.000000 0
583390 0.000000 0
583398 0.063580 0
583407 0.000000 0
583414 0.000000 0
583422 0.047670 0
583428 0.000000 0
583436 0.000000 0
583443 0.040020 0
583452 0.000000 0
583460 0.000000 0
583467 0.039250 0
583474 0.000000 0
583482 0.000000 0
583489 0.024380 0
583496 0.000000 0
583504 0.000000 0
583511 0.024080 0
583518 0.000000 0
583526 0.000000 0
583533 0.028170 0
583541 0.000000 0
583548 0.000000 0
583556 0.044710 0
583563 0.000000 0
583570 0.000000 0
583578 0.020660 0
583586 0.000000 0
583594 0.000000 0
583601 0.025010 0
583608 0.000000 0
583616 0.000000 0
583623 0.026490 0
583632 0.000000 0
583640 0.000000 0
583647 0.027050 0
583654 0.000000 0
583662 0.000000 0
583669 0.023100 0
583678 0.000000 0
583686 0.000000 0
583693 0.026200 0
583699 0.000000 0
583706 0.000000 0
583714 0.024700 0
583723 0.000000 0
583730 0.000000 0
583738 0.025600 0
583744 0.000000 0
583752 0.000000 0
583759 0.036420 0
583768 0.000000 0
583776 0.000000 0
583783 0.107960 0
583789 0.000000 0
583796 0.000000 0
583804 0.109510 0
583813 0.000000 0
583820 0.000000 0
583828 0.110550 0
583834 0.000000 0
583842 0.000000 0
583849 0.093580 0
583857 0.000000 0
583864 0.000000 0
583872 0.063460 0
583879 0.000000 0
583886 0.000000 0
583894 0.066290 0
583901 0.000000 0
583908 0.000000 0
583916 0.036850 0
583924 0.000000 0
583932 0.000000 0
583939 0.038470 0
583947 0.000000 0
583954 0.000000 0
583962 0.038070 0
583969 0.000000 0
583976 0.000000 0
583984 0.042070 0
583992 0.000000 0
584000 0.000000 0
584007 0.046050 0
584014 0.000000 0
584022 0.000000 0
584029 0.049560 0
584038 0.000000 0
584046 0.000000 0
584053 0.023440 0
584059 0.000000 0
584066 0.000000 0
584074 0.018720 0
584083 0.000000 0
584090 0.000000 0
584098 0.030500 0
584104 0.000000 0
584112 0.000000 0
584119 0.027340 0
584128 0.000000 0
584136 0.000000 0
584143 0.033830 0
584149 0.000000 0
584156 0.000000 0
584164 0.029220 0
584172 0.000000 0
584180 0.000000 0
584187 0.028170 0
584194 0.000000 0
584202 0.000000 0
584209 0.026780 0
584217 0.000000 0
584224 0.000000 0
584232 0.024700 0
584239 0.000000 0
584246 0.000000 0
584254 0.147600 0
584262 0.000000 0
584270 0.000000 0
584277 0.205950 0
584284 0.000000 0
584292 0.000000 0
584299 0.182760 0
584307 0.000000 0
584314 0.000000 0
584322 0.133670 0
584328 0.000000 0
584336 0.000000 0
584343 0.087430 0
584352 0.000000 0
584360 0.000000 0
584367 0.058980 0
584373 0.000000 0
584380 0.000000 0
584388 0.037870 0
584396 0.000000 0
584404 0.000000 0
584411 0.035800 0
584419 0.000000 0
584426 0.000000 0
584434 0.025910 0
584442 0.000000 0
584450 0.000000 0
584457 0.021740 0
584464 0.000000 0
584472 0.000000 0
584479 0.016570 0
584487 0.000000 0
584494 0.000000 0
584502 0.084050 0
584509 0.000000 0
584516 0.000000 0
584524 0.072860 0
584532 0.000000 0
584540 0.000000 0
584547 0.037260 0
584554 0.000000 0
584562 0.000000 0
584569 0.024700 0
584577 0.000000 0
584584 0.000000 0
584592 0.028170 0
584599 0.000000 0
584606 0.000000 0
584614 0.016570 0
584622 0.000000 0
584630 0.000000 0
584637 0.019530 0
584644 0.000000 0
584652 0.000000 0
584659 0.025010 0
584667 0.000000 0
584674 0.000000 0
584682 0.033830 0
584689 0.000000 0
584696 0.000000 0
584704 0.044710 0
584713 0.000000 0
584720 0.000000 0
584728 0.080140 0
584734 0.000000 0
584742 0.000000 0
584749 0.145420 0
584758 0.000000 0
584766 0.000000 0
584773 0.130600 0
584778 0.000000 0
584786 0.000000 0
584793 0.108380 0
584802 0.000000 0
584810 0.000000 0
584817 0.073080 0
584823 0.000000 0
584830 0.000000 0
584838 0.057010 0
584847 0.000000 0
584854 0.000000 0
584862 0.049710 0
584868 0.000000 0
584876 0.000000 0
584883 0.043140 0
584892 0.000000 0
584900 0.000000 0
584907 0.030500 0
584913 0.000000 0
584920 0.000000 0
584928 0.024080 0
584936 0.000000 0
584944 0.000000 0
584951 0.017900 0
584958 0.000000 0
584966 0.000000 0
584973 0.063940 0
584981 0.000000 0
584988 0.000000 0
584996 0.078600 0
585003 0.000000 0
585010 0.000000 0
585018 0.066970 0
585026 0.000000 0
585034 0.000000 0
585041 0.050320 0
585048 0.000000 0
585056 0.000000 0
585063 0.032910 0
585071 0.000000 0
585078 0.000000 0
585086 0.027050 0
585093 0.000000 0
585100 0.000000 0
585108 0.022430 0
585116 0.000000 0
585124 0.000000 0
585131 0.023440 1
585138 0.000000 0
585146 0.000000 0
585153 0.018720 1
585161 0.000000 0
585168 0.000000 0
585176 0.037870 1
585183 0.000000 0
585190 0.000000 0
585198 0.040960 1
585206 0.000000 0
585214 0.000000 0
585221 0.126630 1
585228 0.000000 0
585236 0.000000 0
585243 0.162050 1
585252 0.000000 0
585260 0.000000 0
585267 0.104880 1
585273 0.000000 0
585280 0.000000 0
585288 0.082120 1
585297 0.000000 0
585304 0.000000 0
585312 0.044880 1
585318 0.000000 0
585326 0.000000 0
585333 0.038270 1
585341 0.000000 0
585348 0.000000 0
585356 0.036640 1
585363 0.000000 0
585370 0.000000 0
585378 0.030500 1
585387 0.000000 0
585394 0.000000 0
585402 0.026490 1
585408 0.000000 0
585416 0.000000 0
585423 0.023100 1
585431 0.000000 0
585438 0.000000 0
585446 0.048940 1
585453 0.000000 0
585460 0.000000 0
585468 0.052110 1
585476 0.000000 0
585484 0.000000 0
585491 0.043840 1
585498 0.000000 0
585506 0.000000 0
585513 0.038860 1
585521 0.000000 0
585528 0.000000 0
585536 0.034270 1
585543 0.000000 0
585550 0.000000 0
585558 0.028960 1
585567 0.000000 0
585574 0.000000 0
585582 0.027620 1
585589 0.000000 0
585596 0.000000 0
585604 0.036010 1
585611 0.000000 0
585618 0.000000 0
585626 0.043320 1
585633 0.000000 0
585640 0.000000 0
585648 0.046370 1
585656 0.000000 0
585664 0.000000 0
585671 0.048630 1
585678 0.000000 0
585686 0.000000 0
585693 0.039830 1
585701 0.000000 0
585708 0.000000 0
585716 0.015120 1
585724 0.000000 0
585732 0.000000 0
585739 0.027050 1
585747 0.000000 0
585754 0.000000 0
585762 0.027620 1
585769 0.000000 0
585776 0.000000 0
585784 0.027050 1
585793 0.000000 0
585800 0.000000 0
585808 0.014600 1
585814 0.000000 0
585822 0.000000 0
585829 0.000000 0
585837 0.000000 0
585844 0.000000 0
585852 0.006760 0
585858 0.000000 0
585866 0.000000 0
585873 0.005520 0
585882 0.000000 0
585890 0.000000 0
585897 0.000000 0
585904 0.000000 0
585912 0.000000 0
585919 0.178100 0
585926 0.000000 0
585934 0.000000 0
585941 0.236320 0
585949 0.000000 0
585956 0.000000 0
585964 0.165350 0
585972 0.000000 0
585980 0.000000 0
585987 0.112320 0
585994 0.000000 0
586002 0.000000 0
586009 0.091600 0
586017 0.000000 0
586024 0.000000 0
586032 0.068670 0
586039 0.000000 0
586046 0.000000 0
586054 0.045380 0
586062 0.000000 0
586070 0.000000 0
586077 0.035370 0
586084 0.000000 0
586092 0.000000 0
586099 0.044190 0
586108 0.000000 0
586116 0.000000 0
586123 0.056060 0
586129 0.000000 0
586136 0.000000 0
586144 0.050480 0
586152 0.000000 0
586160 0.000000 0
586167 0.120520 0
586173 0.000000 0
586180 0.000000 0
586188 0.132920 0
586197 0.000000 0
586204 0.000000 0
586212 0.139480 0
586220 0.000000 0
586228 0.000000 0
586235 0.120130 0
586241 0.000000 0
586248 0.000000 0
586256 0.085130 0
586265 0.000000 0
586272 0.000000 0
586280 0.054400 0
586287 0.000000 0
586294 0.000000 0
586302 0.036010 0
586310 0.000000 0
586318 0.000000 0
586325 0.027890 0
586331 0.000000 0
586338 0.000000 0
586346 0.028960 0
586354 0.000000 0
586362 0.000000 0
586369 0.029220 0
586376 0.000000 0
586384 0.000000 0
586391 0.018720 0
586399 0.000000 0
586406 0.000000 0
586414 0.076940 0
586421 0.000000 0
586428 0.000000 0
586436 0.044880 0
586444 0.000000 0
586452 0.000000 0
586459 0.035580 0
586466 0.000000 0
586474 0.000000 0
586481 0.024080 0
586489 0.000000 0
586496 0.000000 0
586504 0.024080 0
586511 0.000000 0
586518 0.000000 0
586526 0.021030 0
586535 0.000000 0
586542 0.000000 0
586550 0.030500 0
586556 0.000000 0
586564 0.000000 0
586571 0.027340 0
586580 0.000000 0
586588 0.000000 0
586595 0.029740 0
586601 0.000000 0
586608 0.000000 0
586616 0.021030 0
586624 0.000000 0
586632 0.000000 0
586639 0.096240 0
586646 0.000000 0
586654 0.000000 0
586661 0.149660 0
586669 0.000000 0
586676 0.000000 0
586684 0.124740 0
586691 0.000000 0
586698 0.000000 0
586706 0.096070 0
586714 0.000000 0
586722 0.000000 0
586729 0.067770 0
586736 0.000000 0
586744 0.000000 0
586751 0.040770 0
586759 0.000000 0
586766 0.000000 0
586774 0.030990 0
586781 0.000000 0
586788 0.000000 0
586796 0.039060 0
586804 0.000000 0
586812 0.000000 0
586819 0.051220 0
586826 0.000000 0
586834 0.000000 0
586841 0.049710 0
586850 0.000000 0
586858 0.000000 0
586865 0.038860 0
586871 0.000000 0
586878 0.000000 0
586886 0.076740 0
586894 0.000000 0
586902 0.000000 0
586909 0.078420 0
586916 0.000000 0
586924 0.000000 0
586931 0.073490 0
586940 0.000000 0
586948 0.000000 0
586955 0.052260 0
586961 0.000000 0
586968 0.000000 0
586976 0.046710 0
586985 0.000000 0
586992 0.000000 0
587000 0.041700 0
587006 0.000000 0
587014 0.000000 0
587021 0.030750 0
587030 0.000000 0
587038 0.000000 0
587045 0.030000 0
587051 0.000000 0
587058 0.000000 0
587066 0.023760 0
587074 0.000000 0
587082 0.000000 0
587089 0.027620 0
587096 0.000000 0
587104 0.000000 0
587111 0.076140 0
587120 0.000000 0
587128 0.000000 0
587135 0.150420 0
587141 0.000000 0
587148 0.000000 0
587156 0.129490 0
587164 0.000000 0
587172 0.000000 0
587179 0.111990 0
587186 0.000000 0
587194 0.000000 0
587201 0.072240 0
587209 0.000000 0
587216 0.000000 0
587224 0.060500 0
587231 0.000000 0
587238 0.000000 0
587246 0.043140 0
587254 0.000000 0
587262 0.000000 0
587269 0.025600 0
587276 0.000000 0
587284 0.000000 0
587291 0.024380 0
587299 0.000000 0
587306 0.000000 0
587314 0.024380 0
587321 0.000000 0
587328 0.000000 0
587336 0.027340 0
587344 0.000000 0
587352 0.000000 0
587359 0.053700 0
587366 0.000000 0
587374 0.000000 0
587381 0.060380 0
587389 0.000000 0
587396 0.000000 0
587404 0.026490 0
587411 0.000000 0
587418 0.000000 0
587426 0.020660 0
587434 0.000000 0
587442 0.000000 0
587449 0.020290 0
587456 0.000000 0
587464 0.000000 0
587471 0.023760 0
587479 0.000000 0
587486 0.000000 0
587494 0.031720 0
587501 0.000000 0
587508 0.000000 0
587516 0.032210 0
587524 0.000000 0
587532 0.000000 0
587539 0.031250 0
587546 0.000000 0
587554 0.000000 0
587561 0.034040 0
587569 0.000000 0
587576 0.000000 0
587584 0.048310 0
587591 0.000000 0
587598 0.000000 0
587606 0.122030 0
587614 0.000000 0
587622 0.000000 0
587629 0.125600 0
587636 0.000000 0
587644 0.000000 0
587651 0.118210 0
587659 0.000000 0
587666 0.000000 0
587674 0.079290 0
587681 0.000000 0
587688 0.000000 0
587696 0.063220 0
587704 0.000000 0
587712 0.000000 0
587719 0.043670 0
587726 0.000000 0
587734 0.000000 0
587741 0.036850 0
587749 0.000000 0
587756 0.000000 0
587764 0.025600 0
587772 0.000000 0
587780 0.000000 0
587787 0.031970 0
587794 0.000000 0
587802 0.000000 0
587809 0.031970 0
587817 0.000000 0
587824 0.000000 0
587832 0.046050 0
587839 0.000000 0
587846 0.000000 0
587854 0.029220 0
587862 0.000000 0
587870 0.000000 0
587877 0.011050 0
587884 0.000000 0
587892 0.000000 0
587899 0.006760 0
587906 0.000000 0
587914 0.000000 0
587921 0.030500 0
587929 0.000000 0
587936 0.000000 0
587944 0.028960 0
587951 0.000000 0
587958 0.000000 0
587966 0.036220 0
587974 0.000000 0
587982 0.000000 0
587989 0.041150 0
587998 0.000000 0
588006 0.000000 0
588013 0.040960 0
588019 0.000000 0
588026 0.000000 0
588034 0.040770 0
588041 0.000000 0
588048 0.000000 0
588056 0.028430 0
588064 0.000000 0
588072 0.000000 0
588079 0.212950 0
588086 0.000000 0
588094 0.000000 0
588101 0.199760 0
588109 0.000000 0
588116 0.000000 0
588124 0.147140 0
588132 0.000000 0
588140 0.000000 0
588147 0.095120 0
588154 0.000000 0
588162 0.000000 0
588169 0.063710 0
588177 0.000000 0
588184 0.000000 0
588192 0.039060 0
588198 0.000000 0
588206 0.000000 0
588213 0.028700 0
588222 0.000000 0
588230 0.000000 0
588237 0.027340 0
588244 0.000000 0
588252 0.000000 0
588259 0.028170 0
588267 0.000000 0
588274 0.000000 0
588282 0.036010 0
588289 0.000000 0
588296 0.000000 0
588304 0.060000 0
588312 0.000000 0
588320 0.000000 0
588327 0.085760 0
588334 0.000000 0
588342 0.000000 0
588349 0.059490 0
588357 0.000000 0
588364 0.000000 0
588372 0.044530 0
588379 0.000000 0
588386 0.000000 0
588394 0.026200 0
588402 0.000000 0
588410 0.000000 0
588417 0.019130 0
588424 0.000000 0
588432 0.000000 0
588439 0.014600 0
588447 0.000000 0
588454 0.000000 0
588462 0.021740 0
588469 0.000000 0
588476 0.000000 0
588484 0.030990 0
588492 0.000000 0
588500 0.000000 0
588507 0.034040 0
588514 0.000000 0
588522 0.000000 0
588529 0.032210 0
588537 0.000000 0
588544 0.000000 0
588552 0.104370 0
588558 0.000000 0
588566 0.000000 0
588573 0.132460 0
588582 0.000000 0
588590 0.000000 0
588597 0.123700 0
588604 0.000000 0
588612 0.000000 0
588619 0.110830 0
588626 0.000000 0
588634 0.000000 0
588641 0.059240 0
588648 0.000000 0
588656 0.000000 0
588663 0.043320 0
588672 0.000000 0
588680 0.000000 0
588687 0.031970 0
588693 0.000000 0
588700 0.000000 0
588708 0.024700 0
588716 0.000000 0
588724 0.000000 0
588731 0.025600 0
588738 0.000000 0
588746 0.000000 0
588753 0.029220 0
588761 0.000000 0
588768 0.000000 0
588776 0.044360 0
588783 0.000000 0
588790 0.000000 0
588798 0.079180 0
588806 0.000000 0
588814 0.000000 0
588821 0.089230 0
588828 0.000000 0
588836 0.000000 0
588843 0.066510 0
588851 0.000000 0
588858 0.000000 0
588866 0.031480 0
588873 0.000000 0
588880 0.000000 0
588888 0.020660 0
588897 0.000000 0
588904 0.000000 0
588912 0.022100 0
588918 0.000000 0
588926 0.000000 0
588933 0.030750 0
588941 0.000000 0
588948 0.000000 0
588956 0.027050 0
588963 0.000000 0
588970 0.000000 0
588978 0.043840 0
588986 0.000000 0
588994 0.000000 0
589001 0.053700 0
589009 0.000000 0
589016 0.000000 0
589024 0.109710 0
589031 0.000000 0
589038 0.000000 0
589046 0.152290 0
589053 0.000000 0
589060 0.000000 0
589068 0.118990 0
589076 0.000000 0
589084 0.000000 0
589091 0.096240 0
589098 0.000000 0
589106 0.000000 0
589113 0.056060 0
589121 0.000000 0
589128 0.000000 0
589136 0.042070 0
589143 0.000000 0
589150 0.000000 0
589158 0.036420 0
589166 0.000000 0
589174 0.000000 0
589181 0.025310 0
589190 0.000000 0
589198 0.000000 0
589205 0.020290 0
589211 0.000000 0
589218 0.000000 0
589226 0.019910 0
589234 0.000000 0
589242 0.000000 0
589249 0.022770 0
589256 0.000000 0
589264 0.000000 0
589271 0.060640 0
589279 0.000000 0
589286 0.000000 0
589294 0.065480 0
589301 0.000000 0
589308 0.000000 0
589316 0.060140 0
589325 0.000000 0
589332 0.000000 0
589340 0.032440 0
589346 0.000000 0
589354 0.000000 0
589361 0.027050 0
589369 0.000000 0
589376 0.000000 0
589384 0.019130 0
589391 0.000000 0
589398 0.000000 0
589406 0.022770 0
589415 0.000000 0
589422 0.000000 0
589430 0.025600 0
589436 0.000000 0
589444 0.000000 0
589451 0.028700 0
589460 0.000000 0
589468 0.000000 0
589475 0.046880 0
589481 0.000000 0
589488 0.000000 0
589496 0.037050 0
589505 0.000000 0
589512 0.000000 0
589520 0.027890 0
589526 0.000000 0
589534 0.000000 0
589541 0.021030 0
589550 0.000000 0
589558 0.000000 0
589565 0.023100 0
589571 0.000000 0
589578 0.000000 0
589586 0.023100 0
589594 0.000000 0
589602 0.000000 0
589609 0.020660 0
589616 0.000000 0
589624 0.000000 0
589631 0.018310 0
589639 0.000000 0
589646 0.000000 0
589654 0.006760 0
589661 0.000000 0
589668 0.000000 0
589676 0.021030 0
589684 0.000000 0
589692 0.000000 0
589699 0.024700 0
589706 0.000000 0
589714 0.000000 0
589721 0.010330 0
589729 0.000000 0
589736 0.000000 0
589744 0.212990 0
589751 0.000000 0
589758 0.000000 0
589766 0.209840 0
589774 0.000000 0
589782 0.000000 0
589789 0.146670 0
589796 0.000000 0
589804 0.000000 0
589811 0.106320 0
589819 0.000000 0
589826 0.000000 0
589834 0.076940 0
589841 0.000000 0
589848 0.000000 0
589856 0.065130 0
589864 0.000000 0
589872 0.000000 0
589879 0.052690 0
589886 0.000000 0
589894 0.000000 0
589901 0.043490 0
589909 0.000000 0
589916 0.000000 0
589924 0.046050 0
589931 0.000000 0
589938 0.000000 0
589946 0.051380 0
589954 0.000000 0
589962 0.000000 0
589969 0.059360 0
589976 0.000000 0
589984 0.000000 0
589991 0.148270 0
589999 0.000000 0
590006 0.000000 0
590014 0.150380 0
590021 0.000000 0
590028 0.000000 0
590036 0.120650 0
590044 0.000000 0
590052 0.000000 0
590059 0.087160 0
590066 0.000000 0
590074 0.000000 0
590081 0.061140 0
590089 0.000000 0
590096 0.000000 0
590104 0.033600 0
590112 0.000000 0
590120 0.000000 0
590127 0.027340 0
590134 0.000000 0
590142 0.000000 0
590149 0.024380 0
590156 0.000000 0
590164 0.000000 0
590171 0.021390 0
590179 0.000000 0
590186 0.000000 0
590194 0.021390 0
590203 0.000000 0
590210 0.000000 0
590218 0.061260 0
590224 0.000000 0
590232 0.000000 0
590239 0.062360 0
590247 0.000000 0
590254 0.000000 0
590262 0.029480 0
590269 0.000000 0
590276 0.000000 0
590284 0.014080 0
590292 0.000000 0
590300 0.000000 0
590307 0.020660 0
590314 0.000000 0
590322 0.000000 0
590329 0.020660 0
590337 0.000000 0
590344 0.000000 0
590352 0.018720 0
590359 0.000000 0
590366 0.000000 0
590374 0.021030 0
590383 0.000000 0
590390 0.000000 0
590398 0.029220 0
590404 0.000000 0
590412 0.000000 0
590419 0.031970 0
590428 0.000000 0
590436 0.000000 0
590443 0.029220 0
590449 0.000000 0
590456 0.000000 0
590464 0.141650 0
590472 0.000000 0
590480 0.000000 0
590487 0.136660 0
590494 0.000000 0
590502 0.000000 0
590509 0.102600 0
590517 0.000000 0
590524 0.000000 0
590532 0.085220 0
590538 0.000000 0
590546 0.000000 0
590553 0.056870 0
590561 0.000000 0
590568 0.000000 0
590576 0.032440 0
590584 0.000000 0
590592 0.000000 0
590599 0.033830 0
590607 0.000000 0
590614 0.000000 0
590622 0.038270 0
590629 0.000000 0
590636 0.000000 0
590644 0.030750 0
590651 0.000000 0
590658 0.000000 0
590666 0.030240 0
590673 0.000000 0
590680 0.000000 0
590688 0.067430 0
590697 0.000000 0
590704 0.000000 0
590712 0.074110 0
590719 0.000000 0
590726 0.000000 0
590734 0.085130 0
590742 0.000000 0
590750 0.000000 0
590757 0.064770 0
590764 0.000000 0
590772 0.000000 0
590779 0.057540 0
590787 0.000000 0
590794 0.000000 0
590802 0.050320 0
590809 0.000000 0
590816 0.000000 0
590824 0.050920 0
590831 0.000000 0
590838 0.000000 0
590846 0.048310 0
590855 0.000000 0
590862 0.000000 0
590870 0.029220 0
590876 0.000000 0
590884 0.000000 0
590891 0.021030 0
590900 0.000000 0
590908 0.000000 0
590915 0.035580 0
590922 0.000000 0
590930 0.000000 0
590937 0.102530 0
590945 0.000000 0
590952 0.000000 0
590960 0.126940 0
590966 0.000000 0
590974 0.000000 0
590981 0.125470 0
590990 0.000000 0
590998 0.000000 0
591005 0.092100 0
591011 0.000000 0
591018 0.000000 0
591026 0.060000 0
591035 0.000000 0
591042 0.000000 0
591050 0.045550 0
591056 0.000000 0
591064 0.000000 0
591071 0.049410 0
591080 0.000000 0
591088 0.000000 0
591095 0.045040 0
591102 0.000000 0
591110 0.000000 0
591117 0.028700 0
591125 0.000000 0
591132 0.000000 0
591140 0.036420 0
591148 0.000000 0
591156 0.000000 0
591163 0.042070 0
591169 0.000000 0
591176 0.000000 0
591184 0.051670 0
591191 0.000000 0
591198 0.000000 0
591206 0.026490 0
591215 0.000000 0
591222 0.000000 0
591230 0.020290 0
591236 0.000000 0
591244 0.000000 0
591251 0.020290 0
591259 0.000000 0
591266 0.000000 0
591274 0.020290 0
591281 0.000000 0
591288 0.000000 0
591296 0.023440 0
591305 0.000000 0
591312 0.000000 0
591320 0.023760 0
591326 0.000000 0
591334 0.000000 0
591341 0.015630 0
591350 0.000000 0
591358 0.000000 0
591365 0.029740 0
591371 0.000000 0
591378 0.000000 0
591386 0.034270 0
591395 0.000000 0
591402 0.000000 0
591410 0.111020 0
591416 0.000000 0
591424 0.000000 0
591431 0.125720 0
591440 0.000000 0
591448 0.000000 0
591455 0.122590 0
591461 0.000000 0
591468 0.000000 0
591476 0.088120 0
591484 0.000000 0
591492 0.000000 0
591499 0.072450 0
591506 0.000000 0
591514 0.000000 0
591521 0.045550 0
591530 0.000000 0
591538 0.000000 0
591545 0.029220 0
591551 0.000000 0
591558 0.000000 0
591566 0.033600 0
591575 0.000000 0
591582 0.000000 0
591590 0.034710 0
591596 0.000000 0
591604 0.000000 0
591611 0.037460 0
591620 0.000000 0
591628 0.000000 0
591635 0.032910 0
591641 0.000000 0
591648 0.000000 0
591656 0.034270 0
591664 0.000000 0
591672 0.000000 0
591679 0.015120 0
591686 0.000000 0
591694 0.000000 0
591701 0.009570 0
591709 0.000000 0
591716 0.000000 0
591724 0.018310 0
591731 0.000000 0
591738 0.000000 0
591746 0.014600 0
591754 0.000000 0
591762 0.000000 0
591769 0.018310 0
591776 0.000000 0
591784 0.000000 0
591791 0.017010 0
591799 0.000000 0
591806 0.000000 0
591814 0.016570 0
591821 0.000000 0
591828 0.000000 0
591836 0.022100 0
591844 0.000000 0
591852 0.000000 0
591859 0.027620 0
591866 0.000000 0
591874 0.000000 0
591881 0.176070 0
591889 0.000000 0
591896 0.000000 0
591904 0.214240 0
591911 0.000000 0
591918 0.000000 0
591926 0.180440 0
591934 0.000000 0
591942 0.000000 0
591949 0.121900 0
591956 0.000000 0
591964 0.000000 0
591971 0.094390 0
591980 0.000000 0
591988 0.000000 0
591995 0.069110 0
592001 0.000000 0
592008 0.000000 0
592016 0.047840 0
592024 0.000000 0
592032 0.000000 0
592039 0.041150 0
592046 0.000000 0
592054 0.000000 0
592061 0.029740 0
592070 0.000000 0
592078 0.000000 0
592085 0.033370 0
592091 0.000000 0
592098 0.000000 0
592106 0.027890 0
592114 0.000000 0
592122 0.000000 0
592129 0.081650 0
592136 0.000000 0
592144 0.000000 0
592151 0.070420 0
592159 0.000000 0
592166 0.000000 0
592174 0.046880 0
592181 0.000000 0
592188 0.000000 0
592196 0.044530 0
592204 0.000000 0
592212 0.000000 0
592219 0.028170 0
592226 0.000000 0
592234 0.000000 0
592241 0.027050 0
592249 0.000000 0
592256 0.000000 0
592264 0.027050 0
592271 0.000000 0
592278 0.000000 0
592286 0.033140 0
592294 0.000000 0
592302 0.000000 0
592309 0.024080 0
592316 0.000000 0
592324 0.000000 0
592331 0.029480 0
592339 0.000000 0
592346 0.000000 0
592354 0.067770 0
592361 0.000000 0
592368 0.000000 0
592376 0.131430 0
592384 0.000000 0
592392 0.000000 0
592399 0.138870 0
592406 0.000000 0
592414 0.000000 0
592421 0.098970 0
592429 0.000000 0
592436 0.000000 0
592444 0.066410 0
592451 0.000000 0
592458 0.000000 0
592466 0.046370 0
592474 0.000000 0
592482 0.000000 0
592489 0.034270 0
592496 0.000000 0
592504 0.000000 0
592511 0.021740 0
592519 0.000000 0
592526 0.000000 0
592534 0.014600 0
592541 0.000000 0
592548 0.000000 0
592556 0.026780 0
592564 0.000000 0
592572 0.000000 0
592579 0.031720 0
592586 0.000000 0
592594 0.000000 0
592601 0.079380 0
592609 0.000000 0
592616 0.000000 0
592624 0.072240 0
592631 0.000000 0
592638 0.000000 0
592646 0.049410 0
592654 0.000000 0
592662 0.000000 0
592669 0.039830 0
592676 0.000000 0
592684 0.000000 0
592691 0.026780 0
592699 0.000000 0
592706 0.000000 0
592714 0.025310 0
592721 0.000000 0
592728 0.000000 0
592736 0.025910 0
592744 0.000000 0
592752 0.000000 0
592759 0.035580 0
592766 0.000000 0
592774 0.000000 0
592781 0.031480 0
592789 0.000000 0
592796 0.000000 0
592804 0.038070 0
592811 0.000000 0
592818 0.000000 0
592826 0.047350 0
592834 0.000000 0
592842 0.000000 0
592849 0.110060 0
592856 0.000000 0
592864 0.000000 0
592871 0.100040 0
592879 0.000000 0
592886 0.000000 0
592894 0.074920 0
592901 0.000000 0
592908 0.000000 0
592916 0.056200 0
592924 0.000000 0
592932 0.000000 0
592939 0.043140 0
592946 0.000000 0
592954 0.000000 0
592961 0.033140 0
592969 0.000000 0
592976 0.000000 0
592984 0.038470 0
592992 0.000000 0
593000 0.000000 0
593007 0.031720 0
593014 0.000000 0
593022 0.000000 0
593029 0.029220 0
593037 0.000000 0
593044 0.000000 0
593052 0.025010 0
593059 0.000000 0
593066 0.000000 0
593074 0.042070 0
593082 0.000000 0
593090 0.000000 0
593097 0.047840 0
593104 0.000000 0
593112 0.000000 0
593119 0.027050 0
593127 0.000000 0
593134 0.000000 0
593142 0.028700 0
593149 0.000000 0
593156 0.000000 0
593164 0.028960 0
593172 0.000000 0
593180 0.000000 0
593187 0.022100 0
593194 0.000000 0
593202 0.000000 0
593209 0.022770 0
593217 0.000000 0
593224 0.000000 0
593232 0.027890 0
593238 0.000000 0
593246 0.000000 0
593253 0.032910 0
593261 0.000000 0
593268 0.000000 0
593276 0.037460 0
593284 0.000000 0
593292 0.000000 0
593299 0.039060 0
593306 0.000000 0
593314 0.000000 0
593321 0.029480 0
593329 0.000000 0
593336 0.000000 0
593344 0.017900 0
593352 0.000000 0
593360 0.000000 0
593367 0.022100 0
593374 0.000000 0
593382 0.000000 0
593389 0.026780 0
593396 0.000000 0
593404 0.000000 0
593411 0.023440 0
593419 0.000000 0
593426 0.000000 0
593434 0.017900 0
593442 0.000000 0
593450 0.000000 0
593457 0.011720 0
593464 0.000000 0
593472 0.000000 0
593479 0.007810 0
593486 0.000000 0
593494 0.000000 0
593501 0.005520 0
593509 0.000000 0
593516 0.000000 0
593524 0.005520 0
593531 0.000000 0
593538 0.000000 0
593546 0.208420 0
593554 0.000000 0
593562 0.000000 0
593569 0.223030 0
593576 0.000000 0
593584 0.000000 0
593591 0.155370 0
593599 0.000000 0
593606 0.000000 0
593614 0.144260 0
593623 0.000000 0
593630 0.000000 0
593638 0.099200 0
593644 0.000000 0
593652 0.000000 0
593659 0.075230 0
593668 0.000000 0
593676 0.000000 0
593683 0.045040 0
593689 0.000000 0
593696 0.000000 0
593704 0.030240 0
593712 0.000000 0
593720 0.000000 0
593727 0.047350 0
593734 0.000000 0
593742 0.000000 0
593749 0.046880 0
593757 0.000000 0
593764 0.000000 0
593772 0.046710 0
593779 0.000000 0
593786 0.000000 0
593794 0.120270 0
593802 0.000000 0
593810 0.000000 0
593817 0.136050 0
593824 0.000000 0
593832 0.000000 0
593839 0.127890 0
593846 0.000000 0
593854 0.000000 0
593861 0.095350 0
593868 0.000000 0
593876 0.000000 0
593883 0.069110 0
593892 0.000000 0
593900 0.000000 0
593907 0.045880 0
593915 0.000000 0
593922 0.000000 0
593930 0.040770 0
593936 0.000000 0
593944 0.000000 0
593951 0.033140 0
593958 0.000000 0
593966 0.000000 0
593973 0.024080 0
593981 0.000000 0
593988 0.000000 0
593996 0.023760 0
594004 0.000000 0
594012 0.000000 0
594019 0.024080 0
594026 0.000000 0
594034 0.000000 0
594041 0.070530 0
594048 0.000000 0
594056 0.000000 0
594063 0.048780 0
594071 0.000000 0
594078 0.000000 0
594086 0.042070 0
594095 0.000000 0
594102 0.000000 0
594110 0.024080 0
594117 0.000000 0
594124 0.000000 0
594132 0.011720 0
594140 0.000000 0
594148 0.000000 0
594155 0.012950 0
594162 0.000000 0
594170 0.000000 0
594177 0.020290 0
594185 0.000000 0
594192 0.000000 0
594200 0.025010 0
594207 0.000000 0
594214 0.000000 0
594222 0.028430 0
594230 0.000000 0
594238 0.000000 0
594245 0.072340 0
594252 0.000000 0
594260 0.000000 0
594267 0.118870 0
594275 0.000000 0
594282 0.000000 0
594290 0.158530 0
594297 0.000000 0
594304 0.000000 0
594312 0.114020 0
594320 0.000000 0
594328 0.000000 0
594335 0.094880 0
594341 0.000000 0
594348 0.000000 0
594356 0.069980 0
594365 0.000000 0
594372 0.000000 0
594380 0.053700 0
594386 0.000000 0
594394 0.000000 0
594401 0.031970 0
594409 0.000000 0
594416 0.000000 0
594424 0.027620 0
594431 0.000000 0
594438 0.000000 0
594446 0.026200 0
594455 0.000000 0
594462 0.000000 0
594470 0.021390 0
594476 0.000000 0
594484 0.000000 0
594491 0.025600 0
594500 0.000000 0
594508 0.000000 0
594515 0.089160 0
594521 0.000000 0
594528 0.000000 0
594536 0.056200 0
594545 0.000000 0
594552 0.000000 0
594560 0.057130 0
594566 0.000000 0
594574 0.000000 0
594581 0.093490 0
594590 0.000000 0
594598 0.000000 0
594605 0.047030 0
594612 0.000000 0
594620 0.000000 0
594627 0.035370 0
594634 0.000000 0
594642 0.000000 0
594649 0.026780 0
594656 0.000000 0
594664 0.000000 0
594671 0.021740 0
594680 0.000000 0
594688 0.000000 0
594695 0.023440 0
594701 0.000000 0
594708 0.000000 0
594716 0.022430 0
594725 0.000000 0
594732 0.000000 0
594740 0.098190 0
594746 0.000000 0
594754 0.000000 0
594761 0.119050 0
594770 0.000000 0
594778 0.000000 0
594785 0.111790 0
594791 0.000000 0
594798 0.000000 0
594806 0.069980 0
594814 0.000000 0
594822 0.000000 0
594829 0.058320 0
594837 0.000000 0
594844 0.000000 0
594852 0.041150 0
594860 0.000000 0
594868 0.000000 0
594875 0.044190 0
594881 0.000000 0
594888 0.000000 0
594896 0.048310 0
594905 0.000000 0
594912 0.000000 0
594920 0.045210 0
594926 0.000000 0
594934 0.000000 0
594941 0.037050 0
594949 0.000000 0
594956 0.000000 0
594964 0.037050 0
594971 0.000000 0
594978 0.000000 0
594986 0.072970 0
594994 0.000000 0
595002 0.000000 0
595009 0.052690 0
595016 0.000000 0
595024 0.000000 0
595031 0.037870 0
595040 0.000000 0
595048 0.000000 0
595055 0.020660 0
595061 0.000000 0
595068 0.000000 0
595076 0.027050 0
595084 0.000000 0
595092 0.000000 0
595099 0.029480 0
595106 0.000000 0
595114 0.000000 0
595121 0.028430 0
595130 0.000000 0
595138 0.000000 0
595145 0.027620 0
595151 0.000000 0
595158 0.000000 0
595166 0.023760 0
595174 0.000000 0
595182 0.000000 0
595189 0.042420 0
595196 0.000000 0
595204 0.000000 0
595211 0.058980 0
595219 0.000000 0
595226 0.000000 0
595234 0.145050 0
595241 0.000000 0
595248 0.000000 0
595256 0.126090 0
595264 0.000000 0
595272 0.000000 0
595279 0.100950 0
595286 0.000000 0
595294 0.000000 0
595301 0.077040 0
595309 0.000000 0
595316 0.000000 0
595324 0.056460 0
595331 0.000000 0
595338 0.000000 0
595346 0.051670 0
595354 0.000000 0
595362 0.000000 0
595369 0.038270 0
595376 0.000000 0
595384 0.000000 0
595391 0.031250 0
595399 0.000000 0
595406 0.000000 0
595414 0.053120 0
595421 0.000000 0
595428 0.000000 0
595436 0.050170 0
595444 0.000000 0
595452 0.000000 0
595459 0.039440 0
595466 0.000000 0
595474 0.000000 0
595481 0.026200 0
595489 0.000000 0
595496 0.000000 0
595504 0.017900 0
595511 0.000000 0
595518 0.000000 0
595526 0.019530 0
595534 0.000000 0
595542 0.000000 0
595549 0.014600 0
595556 0.000000 0
595564 0.000000 0
595571 0.022100 0
595579 0.000000 0
595586 0.000000 0
595594 0.029740 0
595601 0.000000 0
595608 0.000000 0
595616 0.021390 0
595624 0.000000 0
595632 0.000000 0
595639 0.036220 0
595646 0.000000 0
595654 0.000000 0
595661 0.041150 0
595670 0.000000 0
595678 0.000000 0
595685 0.065710 0
595691 0.000000 0
595698 0.000000 0
595706 0.219230 0
595714 0.000000 0
595722 0.000000 0
595729 0.194370 0
595736 0.000000 0
595744 0.000000 0
595751 0.121660 0
595759 0.000000 0
595766 0.000000 0
595774 0.096470 0
595781 0.000000 0
595788 0.000000 0
595796 0.057130 0
595804 0.000000 0
595812 0.000000 0
595819 0.040960 0
595826 0.000000 0
595834 0.000000 0
595841 0.029740 0
595849 0.000000 0
595856 0.000000 0
595864 0.027340 0
595871 0.000000 0
595878 0.000000 0
595886 0.019130 0
595894 0.000000 0
595902 0.000000 0
595909 0.021030 0
595916 0.000000 0
595924 0.000000 0
595931 0.065830 0
595939 0.000000 0
595946 0.000000 0
595954 0.076140 0
595962 0.000000 0
595970 0.000000 0
595977 0.061630 0
595984 0.000000 0
595992 0.000000 0
595999 0.043140 0
596007 0.000000 0
596014 0.000000 0
596022 0.045880 0
596029 0.000000 0
596036 0.000000 0
596044 0.032440 0
596053 0.000000 0
596060 0.000000 0
596068 0.027340 0
596074 0.000000 0
596082 0.000000 0
596089 0.021740 0
596096 0.000000 0
596104 0.000000 0
596111 0.028430 0
596119 0.000000 0
596126 0.000000 0
596134 0.026780 0
596142 0.000000 0
596150 0.000000 0
596157 0.028430 0
596164 0.000000 0
596172 0.000000 0
596179 0.131590 0
596187 0.000000 0
596194 0.000000 0
596202 0.144690 0
596209 0.000000 0
596216 0.000000 0
596224 0.151930 0
596231 0.000000 0
596238 0.000000 0
596246 0.092680 0
596254 0.000000 0
596262 0.000000 0
596269 0.061390 0
596277 0.000000 0
596284 0.000000 0
596292 0.034710 0
596299 0.000000 0
596306 0.000000 0
596314 0.026780 0
596322 0.000000 0
596330 0.000000 0
596337 0.027890 0
596344 0.000000 0
596352 0.000000 0
596359 0.025310 0
596367 0.000000 0
596374 0.000000 0
596382 0.028700 0
596388 0.000000 0
596396 0.000000 0
596403 0.111710 0
596412 0.000000 0
596420 0.000000 0
596427 0.123830 0
596434 0.000000 0
596442 0.000000 0
596449 0.128600 0
596457 0.000000 0
596464 0.000000 0
596472 0.071920 0
596478 0.000000 0
596486 0.000000 0
596493 0.024380 0
596502 0.000000 0
596510 0.000000 0
596517 0.007810 0
596523 0.000000 0
596530 0.000000 0
596538 0.009570 0
596547 0.000000 0
596554 0.000000 0
596562 0.003910 0
596568 0.000000 0
596576 0.000000 0
596583 0.005520 0
596591 0.000000 0
596598 0.000000 0
596606 0.005520 0
596613 0.000000 0
596620 0.000000 0
596628 0.008730 0
596636 0.000000 0
596644 0.000000 0
596651 0.084140 0
596659 0.000000 0
596666 0.000000 0
596674 0.094150 0
596682 0.000000 0
596690 0.000000 0
596697 0.079290 0
596704 0.000000 0
596712 0.000000 0
596719 0.059240 0
596726 0.000000 0
596734 0.000000 0
596741 0.066870 0
596748 0.000000 0
596756 0.000000 0
596763 0.063830 0
596772 0.000000 0
596780 0.000000 0
596787 0.065130 0
596793 0.000000 0
596800 0.000000 0
596808 0.055920 0
596816 0.000000 0
596824 0.000000 0
596831 0.043840 0
596838 0.000000 0
596846 0.000000 0
596853 0.034930 0
596862 0.000000 0
596870 0.000000 0
596877 0.063460 0
596883 0.000000 0
596890 0.000000 0
596898 0.081090 0
596907 0.000000 0
596914 0.000000 0
596922 0.066640 0
596928 0.000000 0
596936 0.000000 0
596943 0.061260 0
596952 0.000000 0
596960 0.000000 0
596967 0.027890 0
596973 0.000000 0
596980 0.000000 0
596988 0.006760 0
596997 0.000000 0
597004 0.000000 0
597012 0.007810 0
597019 0.000000 0
597026 0.000000 0
597034 0.009570 0
597041 0.000000 0
597048 0.000000 0
597056 0.021030 0
597063 0.000000 0
597070 0.000000 0
597078 0.028700 0
597086 0.000000 0
597094 0.000000 0
597101 0.023760 0
597108 0.000000 0
597116 0.000000 0
597123 0.032210 0
597131 0.000000 0
597138 0.000000 0
597146 0.027050 0
597153 0.000000 0
597160 0.000000 0
597168 0.028170 0
597176 0.000000 0
597184 0.000000 0
597191 0.022100 0
597198 0.000000 0
597206 0.000000 0
597213 0.022430 0
597223 0.000000 0
597230 0.000000 0
597238 0.003910 0
597244 0.000000 0
597252 0.000000 0
597259 0.006760 0
597267 0.000000 0
597274 0.000000 0
597282 0.011720 0
597289 0.000000 0
597296 0.000000 0
597304 0.000000 0
597311 0.000000 0
597318 0.000000 0
597326 0.006760 0
597334 0.000000 0
597342 0.000000 0
597349 0.012950 0
597356 0.000000 0
597364 0.000000 0
597371 0.272650 0
597379 0.000000 0
597386 0.000000 0
597394 0.245290 0
597402 0.000000 0
597410 0.000000 0
597417 0.176000 0
597424 0.000000 0
597432 0.000000 0
597439 0.098270 0
597447 0.000000 0
597454 0.000000 0
597462 0.038670 0
597468 0.000000 0
597476 0.000000 0
597483 0.019130 0
597491 0.000000 0
597498 0.000000 0
597506 0.016100 0
597514 0.000000 0
597522 0.000000 0
597529 0.034490 0
597536 0.000000 0
597544 0.000000 0
597551 0.016570 0
597560 0.000000 0
597568 0.000000 0
597575 0.050020 0
597582 0.000000 0
597590 0.000000 0
597597 0.109650 0
597605 0.000000 0
597612 0.000000 0
597620 0.128130 0
597627 0.000000 0
597634 0.000000 0
597642 0.108110 0
597650 0.000000 0
597658 0.000000 0
597665 0.090010 0
597671 0.000000 0
597678 0.000000 0
597686 0.089920 0
597695 0.000000 0
597702 0.000000 0
597710 0.069980 0
597717 0.000000 0
597724 0.000000 0
597732 0.067310 0
597740 0.000000 0
597748 0.000000 0
597755 0.068770 0
597761 0.000000 0
597768 0.000000 0
597776 0.056600 0
597783 0.000000 0
597790 0.000000 0
597798 0.039440 0
597806 0.000000 0
597814 0.000000 0
597821 0.041520 0
597828 0.000000 0
597836 0.000000 0
597843 0.055240 0
597851 0.000000 0
597858 0.000000 0
597866 0.046880 0
597873 0.000000 0
597880 0.000000 0
597888 0.043320 0
597896 0.000000 0
597904 0.000000 0
597911 0.030990 0
597918 0.000000 0
597926 0.000000 0
597933 0.009570 0
597941 0.000000 0
597948 0.000000 0
597956 0.006760 0
597965 0.000000 0
597972 0.000000 0
597980 0.009570 0
597986 0.000000 0
597994 0.000000 0
598001 0.012950 0
598009 0.000000 0
598016 0.000000 0
598024 0.007810 0
598031 0.000000 0
598038 0.000000 0
598046 0.017460 0
598054 0.000000 0
598062 0.000000 0
598069 0.070310 0
598076 0.000000 0
598084 0.000000 0
598091 0.113340 0
598100 0.000000 0
598108 0.000000 0
598115 0.105180 0
598121 0.000000 0
598128 0.000000 0
598136 0.099500 0
598145 0.000000 0
598152 0.000000 0
598160 0.098660 0
598166 0.000000 0
598174 0.000000 0
598181 0.074620 0
598189 0.000000 0
598196 0.000000 0
598204 0.074830 0
598211 0.000000 0
598218 0.000000 0
598226 0.060260 0
598234 0.000000 0
598242 0.000000 0
598249 0.047840 0
598256 0.000000 0
598264 0.000000 0
598271 0.047520 0
598280 0.000000 0
598288 0.000000 0
598295 0.032670 0
598301 0.000000 0
598308 0.000000 0
598316 0.053120 0
598324 0.000000 0
598332 0.000000 0
598339 0.047670 0
598346 0.000000 0
598354 0.000000 0
598361 0.041520 0
598370 0.000000 0
598378 0.000000 0
598385 0.011720 0
598391 0.000000 0
598398 0.000000 0
598406 0.008730 0
598414 0.000000 0
598422 0.000000 0
598429 0.009570 0
598436 0.000000 0
598444 0.000000 0
598451 0.008730 0
598459 0.000000 0
598466 0.000000 0
598474 0.014600 0
598481 0.000000 0
598488 0.000000 0
598496 0.017460 0
598504 0.000000 0
598512 0.000000 0
598519 0.022100 0
598526 0.000000 0
598534 0.000000 0
598541 0.027050 0
598549 0.000000 0
598556 0.000000 0
598564 0.117710 0
598571 0.000000 0
598578 0.000000 0
598586 0.121100 0
598594 0.000000 0
598602 0.000000 0
598609 0.106110 0
598616 0.000000 0
598624 0.000000 0
598631 0.094640 0
598639 0.000000 0
598646 0.000000 0
598654 0.085220 0
598661 0.000000 0
598668 0.000000 0
598676 0.062850 0
598685 0.000000 0
598692 0.000000 0
598700 0.044190 0
598706 0.000000 0
598714 0.000000 0
598721 0.048630 0
598729 0.000000 0
598736 0.000000 0
598744 0.042790 0
598751 0.000000 0
598758 0.000000 0
598766 0.059240 0
598774 0.000000 0
598782 0.000000 0
598789 0.066740 0
598796 0.000000 0
598804 0.000000 0
598811 0.069540 0
598819 0.000000 0
598826 0.000000 0
598834 0.078510 0
598841 0.000000 0
598848 0.000000 0
598856 0.072240 0
598864 0.000000 0
598872 0.000000 0
598879 0.033830 0
598886 0.000000 0
598894 0.000000 0
598901 0.017010 0
598909 0.000000 0
598916 0.000000 0
598924 0.012950 0
598931 0.000000 0
598938 0.000000 0
598946 0.013520 0
598955 0.000000 0
598962 0.000000 0
598970 0.025600 0
598976 0.000000 0
598984 0.000000 0
598991 0.034270 0
598999 0.000000 0
599006 0.000000 0
599014 0.028170 0
599021 0.000000 0
599028 0.000000 0
599036 0.109930 0
599044 0.000000 0
599052 0.000000 0
599059 0.114750 0
599066 0.000000 0
599074 0.000000 0
599081 0.120520 0
599089 0.000000 0
599096 0.000000 0
599104 0.105030 0
599111 0.000000 0
599118 0.000000 0
599126 0.076940 0
599134 0.000000 0
599142 0.000000 0
599149 0.070190 0
599156 0.000000 0
599164 0.000000 0
599171 0.052110 0
599180 0.000000 0
599188 0.000000 0
599195 0.057270 0
599201 0.000000 0
599208 0.000000 0
599216 0.064880 0
599224 0.000000 0
599232 0.000000 0
599239 0.053830 0
599246 0.000000 0
599254 0.000000 0
599261 0.062970 0
599270 0.000000 0
599278 0.000000 0
599285 0.072240 0
599291 0.000000 0
599298 0.000000 0
599306 0.066970 0
599314 0.000000 0
599322 0.000000 0
599329 0.051670 0
599337 0.000000 0
599344 0.000000 0
599352 0.025010 0
599359 0.000000 0
599366 0.000000 0
599374 0.011050 0
599383 0.000000 0
599390 0.000000 0
599398 0.005520 0
599404 0.000000 0
599412 0.000000 0
599419 0.003910 0
599428 0.000000 0
599436 0.000000 0
599443 0.011050 0
599449 0.000000 0
599456 0.000000 0
599464 0.015630 0
599473 0.000000 0
599480 0.000000 0
599488 0.029220 0
599494 0.000000 0
599502 0.000000 0
599509 0.139590 0
599518 0.000000 0
599526 0.000000 0
599533 0.159240 0
599539 0.000000 0
599546 0.000000 0
599554 0.135420 0
599563 0.000000 0
599570 0.000000 0
599578 0.112460 0
599584 0.000000 0
599592 0.000000 0
599599 0.097260 0
599608 0.000000 0
599616 0.000000 0
599623 0.069660 0
599629 0.000000 0
599636 0.000000 0
599644 0.056060 0
599651 0.000000 0
599658 0.000000 0
599666 0.054690 0
599674 0.000000 0
599682 0.000000 0
599689 0.057400 0
599698 0.000000 0
599706 0.000000 0
599713 0.061390 0
599719 0.000000 0
599726 0.000000 0
599734 0.055650 0
599743 0.000000 0
599750 0.000000 0
599758 0.084050 0
599764 0.000000 0
599772 0.000000 0
599779 0.082490 0
599788 0.000000 0
599796 0.000000 0
599803 0.071060 0
599809 0.000000 0
599816 0.000000 0
599824 0.045720 0
599832 0.000000 0
599840 0.000000 0
599847 0.010330 0
599854 0.000000 0
599862 0.000000 0
599869 0.008730 0
599878 0.000000 0
599886 0.000000 0
599893 0.008730 0
599899 0.000000 0
599906 0.000000 0
599914 0.014600 0
599923 0.000000 0
599930 0.000000 0
599938 0.024380 0
599944 0.000000 0
599952 0.000000 0
599959 0.023440 0
599966 0.000000 0
599974 0.000000 0
599981 0.082950 0
599989 0.000000 0
599996 0.000000 0
600004 0.121840 0
600013 0.000000 0
600020 0.000000 0
600028 0.123640 0
600034 0.000000 0
600042 0.000000 0
600049 0.103640 0
600058 0.000000 0
600066 0.000000 0
600073 0.086290 0
600079 0.000000 0
600086 0.000000 0
600094 0.067870 0
600102 0.000000 0
600110 0.000000 0
600117 0.057940 0
600123 0.000000 0
600130 0.000000 0
600138 0.048460 0
600146 0.000000 0
600154 0.000000 0
600161 0.038470 0
600168 0.000000 0
600176 0.000000 0
600183 0.034930 0
600191 0.000000 0
600198 0.000000 0
600206 0.028430 0
600213 0.000000 0
600220 0.000000 0
600228 0.081380 0
600237 0.000000 0
600244 0.000000 0
600252 0.082030 0
600258 0.000000 0
600266 0.000000 0
600273 0.065130 0
600282 0.000000 0
600290 0.000000 0
600297 0.026200 0
600303 0.000000 0
600310 0.000000 0
600318 0.011050 0
600327 0.000000 0
600334 0.000000 0
600342 0.011050 0
600348 0.000000 0
600356 0.000000 0
600363 0.006760 0
600371 0.000000 0
600378 0.000000 0
600386 0.011720 0
600393 0.000000 0
600400 0.000000 0
600408 0.030750 0
600416 0.000000 0
600424 0.000000 0
600431 0.041890 0
600438 0.000000 0
600446 0.000000 0
600453 0.086900 0
600461 0.000000 0
600468 0.000000 0
600476 0.113620 0
600484 0.000000 0
600492 0.000000 0
600499 0.093980 0
600506 0.000000 0
600514 0.000000 0
600521 0.077330 0
600529 0.000000 0
600536 0.000000 0
600544 0.074010 0
600551 0.000000 0
600558 0.000000 0
600566 0.077330 0
600574 0.000000 0
600582 0.000000 0
600589 0.069870 0
600596 0.000000 0
600604 0.000000 0
600611 0.055920 0
600618 0.000000 0
600626 0.000000 0
600633 0.043840 0
600642 0.000000 0
600650 0.000000 0
600657 0.035580 0
600663 0.000000 0
600670 0.000000 0
600678 0.050780 0
600687 0.000000 0
600694 0.000000 0
600702 0.081380 0
600708 0.000000 0
600716 0.000000 0
600723 0.066410 0
600732 0.000000 0
600740 0.000000 0
600747 0.063220 0
600753 0.000000 0
600760 0.000000 0
600768 0.037460 0
600777 0.000000 0
600784 0.000000 0
600792 0.015120 0
600799 0.000000 0
600806 0.000000 0
600814 0.008730 0
600821 0.000000 0
600828 0.000000 0
600836 0.008730 0
600843 0.000000 0
600850 0.000000 0
600858 0.012340 0
600866 0.000000 0
600874 0.000000 0
600881 0.023760 0
600888 0.000000 0
600896 0.000000 0
600903 0.029220 0
600911 0.000000 0
600918 0.000000 0
600926 0.031720 0
600933 0.000000 0
600940 0.000000 0
600948 0.012950 0
600956 0.000000 0
600964 0.000000 0
600971 0.016570 0
600978 0.000000 0
600986 0.000000 0
600993 0.019130 0
601002 0.000000 0
601010 0.000000 0
601017 0.017900 0
601024 0.000000 0
601032 0.000000 0
601039 0.009570 0
601046 0.000000 0
601054 0.000000 0
601061 0.007810 0
601069 0.000000 0
601076 0.000000 0
601084 0.000000 0
601092 0.000000 0
601100 0.000000 0
601107 0.006760 0
601114 0.000000 0
601122 0.000000 0
601129 0.007810 0
601136 0.000000 0
601144 0.000000 0
601151 0.011720 0
601159 0.000000 0
601166 0.000000 0
601174 0.257660 0
601182 0.000000 0
601190 0.000000 0
601197 0.287310 0
601204 0.000000 0
601212 0.000000 0
601219 0.199680 0
601227 0.000000 0
601234 0.000000 0
601242 0.110060 0
601248 0.000000 0
601256 0.000000 0
601263 0.062500 0
601271 0.000000 0
601278 0.000000 0
601286 0.026490 0
601293 0.000000 0
601300 0.000000 0
601308 0.017460 0
601317 0.000000 0
601324 0.000000 0
601332 0.027340 0
601339 0.000000 0
601346 0.000000 0
601354 0.032210 0
601362 0.000000 0
601370 0.000000 0
601377 0.048460 0
601384 0.000000 0
601392 0.000000 0
601399 0.047520 0
601406 0.000000 0
601414 0.000000 0
601421 0.122900 0
601429 0.000000 0
601436 0.000000 0
601444 0.103490 0
601452 0.000000 0
601460 0.000000 0
601467 0.102830 0
601474 0.000000 0
601482 0.000000 0
601489 0.107680 0
601496 0.000000 0
601504 0.000000 0
601511 0.074530 0
601518 0.000000 0
601526 0.000000 0
601533 0.079580 0
601541 0.000000 0
601548 0.000000 0
601556 0.057270 0
601563 0.000000 0
601570 0.000000 0
601578 0.051960 0
601587 0.000000 0
601594 0.000000 0
601602 0.046220 0
601608 0.000000 0
601616 0.000000 0
601623 0.035800 0
601632 0.000000 0
601640 0.000000 0
601647 0.038070 0
601653 0.000000 0
601660 0.000000 0
601668 0.042790 0
601676 0.000000 0
601684 0.000000 0
601691 0.036220 0
601698 0.000000 0
601706 0.000000 0
601713 0.033370 0
601722 0.000000 0
601730 0.000000 0
601737 0.016570 0
601743 0.000000 0
601750 0.000000 0
601758 0.010330 0
601766 0.000000 0
601774 0.000000 0
601781 0.006760 0
601788 0.000000 0
601796 0.000000 0
601803 0.003910 0
601811 0.000000 0
601818 0.000000 0
601826 0.008730 0
601834 0.000000 0
601842 0.000000 0
601849 0.012950 0
601856 0.000000 0
601864 0.000000 0
601871 0.026490 0
601879 0.000000 0
601886 0.000000 0
601894 0.117970 0
601902 0.000000 0
601910 0.000000 0
601917 0.121660 0
601924 0.000000 0
601932 0.000000 0
601939 0.103350 0
601948 0.000000 0
601956 0.000000 0
601963 0.103490 0
601969 0.000000 0
601976 0.000000 0
601984 0.066160 0
601993 0.000000 0
602000 0.000000 0
602008 0.056340 0
602014 0.000000 0
602022 0.000000 0
602029 0.054400 0
602036 0.000000 0
602044 0.000000 0
602051 0.062610 0
602059 0.000000 0
602066 0.000000 0
602074 0.058060 0
602081 0.000000 0
602088 0.000000 0
602096 0.040020 0
602103 0.000000 0
602110 0.000000 0
602118 0.060000 0
602126 0.000000 0
602134 0.000000 0
602141 0.062730 0
602149 0.000000 0
602156 0.000000 0
602164 0.025310 0
602171 0.000000 0
602178 0.000000 0
602186 0.021030 0
602194 0.000000 0
602202 0.000000 0
602209 0.023760 0
602217 0.000000 0
602224 0.000000 0
602232 0.020290 0
602240 0.000000 0
602248 0.000000 0
602255 0.014080 0
602262 0.000000 0
602270 0.000000 0
602277 0.025600 0
602285 0.000000 0
602292 0.000000 0
602300 0.039250 0
602307 0.000000 0
602314 0.000000 0
602322 0.036640 0
602330 0.000000 0
602338 0.000000 0
602345 0.037460 0
602352 0.000000 0
602360 0.000000 0
602367 0.121160 0
602375 0.000000 0
602382 0.000000 0
602390 0.127110 0
602397 0.000000 0
602404 0.000000 0
602412 0.111100 0
602420 0.000000 0
602428 0.000000 0
602435 0.113880 0
602442 0.000000 0
602450 0.000000 0
602457 0.074420 0
602465 0.000000 0
602472 0.000000 0
602480 0.056200 0
602487 0.000000 0
602494 0.000000 0
602502 0.051510 0
602510 0.000000 0
602518 0.000000 0
602525 0.049410 0
602532 0.000000 0
602540 0.000000 0
602547 0.048780 0
602555 0.000000 0
602562 0.000000 0
602570 0.046710 0
602577 0.000000 0
602584 0.000000 0
602592 0.046370 0
602600 0.000000 0
602608 0.000000 0
602615 0.046370 0
602622 0.000000 0
602630 0.000000 0
602637 0.025600 0
602645 0.000000 0
602652 0.000000 0
602660 0.022100 0
602667 0.000000 0
602674 0.000000 0
602682 0.018720 0
602690 0.000000 0
602698 0.000000 0
602705 0.018720 0
602712 0.000000 0
602720 0.000000 0
602727 0.017900 0
602735 0.000000 0
602742 0.000000 0
602750 0.022430 0
602757 0.000000 0
602764 0.000000 0
602772 0.027340 0
602780 0.000000 0
602788 0.000000 0
602795 0.031720 0
602802 0.000000 0
602810 0.000000 0
602817 0.036640 0
602825 0.000000 0
602832 0.000000 0
602840 0.143790 0
602847 0.000000 0
602854 0.000000 0
602862 0.134520 0
602870 0.000000 0
602878 0.000000 0
602885 0.096470 0
602892 0.000000 0
602900 0.000000 0
602907 0.088380 0
602915 0.000000 0
602922 0.000000 0
602930 0.079960 0
602937 0.000000 0
602944 0.000000 0
602952 0.049870 0
602958 0.000000 0
602966 0.000000 0
602973 0.045210 0
602981 0.000000 0
602988 0.000000 0
602996 0.037870 0
603003 0.000000 0
603010 0.000000 0
603018 0.034490 0
603026 0.000000 0
603034 0.000000 0
603041 0.048160 0
603048 0.000000 0
603056 0.000000 0
603063 0.044530 0
603071 0.000000 0
603078 0.000000 0
603086 0.047350 0
603095 0.000000 0
603102 0.000000 0
603110 0.014600 0
603116 0.000000 0
603124 0.000000 0
603131 0.009570 0
603139 0.000000 0
603146 0.000000 0
603154 0.005520 0
603161 0.000000 0
603168 0.000000 0
603176 0.003910 0
603184 0.000000 0
603192 0.000000 0
603199 0.035160 0
603206 0.000000 0
603214 0.000000 0
603221 0.040410 0
603230 0.000000 0
603238 0.000000 0
603245 0.031250 0
603251 0.000000 0
603258 0.000000 0
603266 0.018310 0
603275 0.000000 0
603282 0.000000 0
603290 0.021030 0
603296 0.000000 0
603304 0.000000 0
603311 0.139800 0
603320 0.000000 0
603328 0.000000 0
603335 0.178320 0
603341 0.000000 0
603348 0.000000 0
603356 0.152480 0
603365 0.000000 0
603372 0.000000 0
603380 0.112120 0
603386 0.000000 0
603394 0.000000 0
603401 0.102830 0
603410 0.000000 0
603418 0.000000 0
603425 0.074010 0
603431 0.000000 0
603438 0.000000 0
603446 0.056060 0
603455 0.000000 0
603462 0.000000 0
603470 0.049260 0
603476 0.000000 0
603484 0.000000 0
603491 0.043840 0
603499 0.000000 0
603506 0.000000 0
603514 0.046050 0
603521 0.000000 0
603528 0.000000 0
603536 0.049410 0
603544 0.000000 0
603552 0.000000 0
603559 0.056730 0
603566 0.000000 0
603574 0.000000 0
603581 0.050780 0
603589 0.000000 0
603596 0.000000 0
603604 0.043320 0
603611 0.000000 0
603618 0.000000 0
603626 0.031970 0
603635 0.000000 0
603642 0.000000 0
603650 0.034930 0
603656 0.000000 0
603664 0.000000 0
603671 0.030240 0
603679 0.000000 0
603686 0.000000 0
603694 0.033140 0
603701 0.000000 0
603708 0.000000 0
603716 0.030000 0
603724 0.000000 0
603732 0.000000 0
603739 0.024380 0
603746 0.000000 0
603754 0.000000 0
603761 0.037460 0
603769 0.000000 0
603776 0.000000 0
603784 0.054260 0
603791 0.000000 0
603798 0.000000 0
603806 0.086380 0
603814 0.000000 0
603822 0.000000 0
603829 0.104660 0
603836 0.000000 0
603844 0.000000 0
603851 0.071270 0
603859 0.000000 0
603866 0.000000 0
603874 0.053830 0
603881 0.000000 0
603888 0.000000 0
603896 0.046710 0
603904 0.000000 0
603912 0.000000 0
603919 0.028170 0
603926 0.000000 0
603934 0.000000 0
603941 0.024380 0
603949 0.000000 0
603956 0.000000 0
603964 0.032440 0
603971 0.000000 0
603978 0.000000 0
603986 0.036640 0
603994 0.000000 0
604002 0.000000 0
604009 0.032210 0
604016 0.000000 0
604024 0.000000 0
604031 0.052980 0
604039 0.000000 0
604046 0.000000 0
604054 0.047520 0
604061 0.000000 0
604068 0.000000 0
604076 0.049410 0
604084 0.000000 0
604092 0.000000 0
604099 0.025310 0
604106 0.000000 0
604114 0.000000 0
604121 0.017010 0
604129 0.000000 0
604136 0.000000 0
604144 0.012340 0
604151 0.000000 0
604158 0.000000 0
604166 0.019530 0
604174 0.000000 0
604182 0.000000 0
604189 0.017010 0
604196 0.000000 0
604204 0.000000 0
604211 0.023100 0
604219 0.000000 0
604226 0.000000 0
604234 0.031970 0
604241 0.000000 0
604248 0.000000 0
604256 0.037660 0
604264 0.000000 0
604272 0.000000 0
604279 0.084140 0
604286 0.000000 0
604294 0.000000 0
604301 0.091190 0
604309 0.000000 0
604316 0.000000 0
604324 0.065830 0
604331 0.000000 0
604338 0.000000 0
604346 0.060380 0
604354 0.000000 0
604362 0.000000 0
604369 0.063940 0
604376 0.000000 0
604384 0.000000 0
604391 0.072860 0
604399 0.000000 0
604406 0.000000 0
604414 0.073790 0
604421 0.000000 0
604428 0.000000 0
604436 0.071600 0
604444 0.000000 0
604452 0.000000 0
604459 0.049090 0
604466 0.000000 0
604474 0.000000 0
604481 0.046540 0
604489 0.000000 0
604496 0.000000 0
604504 0.065930 0
604511 0.000000 0
604518 0.000000 0
604526 0.081930 0
604534 0.000000 0
604542 0.000000 0
604549 0.060500 0
604556 0.000000 0
604564 0.000000 0
604571 0.054120 0
604579 0.000000 0
604586 0.000000 0
604594 0.020290 0
604601 0.000000 0
604608 0.000000 0
604616 0.014080 0
604624 0.000000 0
604632 0.000000 0
604639 0.009570 0
604647 0.000000 0
604654 0.000000 0
604662 0.017460 0
604669 0.000000 0
604676 0.000000 0
604684 0.012950 0
604691 0.000000 0
604698 0.000000 0
604706 0.015630 0
604714 0.000000 0
604722 0.000000 0
604729 0.030500 0
604737 0.000000 0
604744 0.000000 0
604752 0.048630 0
604759 0.000000 0
604766 0.000000 0
604774 0.057940 0
604782 0.000000 0
604790 0.000000 0
604797 0.044710 0
604804 0.000000 0
604812 0.000000 0
604819 0.045380 0
604826 0.000000 0
604834 0.000000 0
604841 0.034040 0
604849 0.000000 0
604856 0.000000 0
604864 0.045380 0
604872 0.000000 0
604880 0.000000 0
604887 0.037660 0
604894 0.000000 0
604902 0.000000 0
604909 0.036850 0
604917 0.000000 0
604924 0.000000 0
604932 0.021390 0
604939 0.000000 0
604946 0.000000 0
604954 0.026490 0
604962 0.000000 0
604970 0.000000 0
604977 0.148900 0
604984 0.000000 0
604992 0.000000 0
604999 0.229940 0
605007 0.000000 0
605014 0.000000 0
605022 0.168000 0
605029 0.000000 0
605036 0.000000 0
605044 0.099810 0
605052 0.000000 0
605060 0.000000 0
605067 0.049410 0
605074 0.000000 0
605082 0.000000 0
605089 0.022100 0
605097 0.000000 0
605104 0.000000 0
605112 0.020660 0
605119 0.000000 0
605126 0.000000 0
605134 0.016570 0
605141 0.000000 0
605148 0.000000 0
605156 0.019130 0
605164 0.000000 0
605172 0.000000 0
605179 0.026780 0
605186 0.000000 0
605194 0.000000 0
605201 0.037460 0
605209 0.000000 0
605216 0.000000 0
605224 0.089330 0
605232 0.000000 0
605240 0.000000 0
605247 0.099280 0
605254 0.000000 0
605262 0.000000 0
605269 0.089590 0
605277 0.000000 0
605284 0.000000 0
605292 0.092680 0
605299 0.000000 0
605306 0.000000 0
605314 0.076940 0
605322 0.000000 0
605330 0.000000 0
605337 0.075440 0
605344 0.000000 0
605352 0.000000 0
605359 0.057660 0
605366 0.000000 0
605374 0.000000 0
605381 0.046370 0
605389 0.000000 0
605396 0.000000 0
605404 0.058320 0
605412 0.000000 0
605420 0.000000 0
605427 0.045550 0
605434 0.000000 0
605442 0.000000 0
605449 0.045550 0
605457 0.000000 0
605464 0.000000 0
605472 0.042970 0
605479 0.000000 0
605486 0.000000 0
605494 0.030750 0
605502 0.000000 0
605510 0.000000 0
605517 0.039640 0
605525 0.000000 0
605532 0.000000 0
605540 0.027340 0
605547 0.000000 0
605554 0.000000 0
605562 0.011050 0
605568 0.000000 0
605576 0.000000 0
605583 0.012340 0
605591 0.000000 0
605598 0.000000 0
605606 0.015120 0
605614 0.000000 0
605622 0.000000 0
605629 0.021740 0
605637 0.000000 0
605644 0.000000 0
605652 0.023100 0
605659 0.000000 0
605666 0.000000 0
605674 0.022430 0
605681 0.000000 0
605688 0.000000 0
605696 0.070420 0
605704 0.000000 0
605712 0.000000 0
605719 0.086200 0
605726 0.000000 0
605734 0.000000 0
605741 0.086290 0
605749 0.000000 0
605756 0.000000 0
605764 0.092590 0
605772 0.000000 0
605780 0.000000 0
605787 0.076140 0
605793 0.000000 0
605800 0.000000 0
605808 0.060380 0
605816 0.000000 0
605824 0.000000 0
605831 0.083130 0
605838 0.000000 0
605846 0.000000 0
605853 0.055100 0
605861 0.000000 0
605868 0.000000 0
605876 0.061510 0
605883 0.000000 0
605890 0.000000 0
605898 0.039060 0
605906 0.000000 0
605914 0.000000 0
605921 0.041340 0
605928 0.000000 0
605936 0.000000 0
605943 0.065130 0
605952 0.000000 0
605960 0.000000 0
605967 0.076940 0
605973 0.000000 0
605980 0.000000 0
605988 0.048310 0
605997 0.000000 0
606004 0.000000 0
606012 0.009570 0
606018 0.000000 0
606026 0.000000 0
606033 0.006760 0
606042 0.000000 0
606050 0.000000 0
606057 0.009570 0
606063 0.000000 0
606070 0.000000 0
606078 0.011050 0
606087 0.000000 0
606094 0.000000 0
606102 0.016570 0
606109 0.000000 0
606116 0.000000 0
606124 0.011050 0
606132 0.000000 0
606140 0.000000 0
606147 0.023440 0
606154 0.000000 0
606162 0.000000 0
606169 0.064180 0
606176 0.000000 0
606184 0.000000 0
606191 0.084500 0
606199 0.000000 0
606206 0.000000 0
606214 0.077820 0
606222 0.000000 0
606230 0.000000 0
606237 0.087860 0
606244 0.000000 0
606252 0.000000 0
606259 0.072340 0
606268 0.000000 0
606276 0.000000 0
606283 0.086640 0
606289 0.000000 0
606296 0.000000 0
606304 0.064180 0
606312 0.000000 0
606320 0.000000 0
606327 0.054690 0
606334 0.000000 0
606342 0.000000 0
606349 0.058200 0
606357 0.000000 0
606364 0.000000 0
606372 0.060000 0
606378 0.000000 0
606386 0.000000 0
606393 0.059240 0
606402 0.000000 0
606410 0.000000 0
606417 0.065250 0
606423 0.000000 0
606430 0.000000 0
606438 0.065480 0
606446 0.000000 0
606454 0.000000 0
606461 0.081740 0
606468 0.000000 0
606476 0.000000 0
606483 0.051220 0
606491 0.000000 0
606498 0.000000 0
606506 0.017900 0
606513 0.000000 0
606520 0.000000 0
606528 0.014080 0
606537 0.000000 0
606544 0.000000 0
606552 0.012950 0
606559 0.000000 0
606566 0.000000 0
606574 0.021030 0
606581 0.000000 0
606588 0.000000 0
606596 0.025600 0
606604 0.000000 0
606612 0.000000 0
606619 0.032210 0
606627 0.000000 0
606634 0.000000 0
606642 0.055100 0
606649 0.000000 0
606656 0.000000 0
606664 0.100110 0
606672 0.000000 0
606680 0.000000 0
606687 0.101850 0
606694 0.000000 0
606702 0.000000 0
606709 0.091190 0
606718 0.000000 0
606726 0.000000 0
606733 0.097810 0
606739 0.000000 0
606746 0.000000 0
606754 0.076340 0
606763 0.000000 0
606770 0.000000 0
606778 0.059100 0
606784 0.000000 0
606792 0.000000 0
606799 0.053560 0
606808 0.000000 0
606816 0.000000 0
606823 0.051510 0
606829 0.000000 0
606836 0.000000 0
606844 0.053560 0
606852 0.000000 0
606860 0.000000 0
606867 0.049870 0
606874 0.000000 0
606882 0.000000 0
606889 0.069110 0
606897 0.000000 0
606904 0.000000 0
606912 0.075140 0
606919 0.000000 0
606926 0.000000 0
606934 0.066060 0
606941 0.000000 0
606948 0.000000 0
606956 0.042600 0
606963 0.000000 0
606970 0.000000 0
606978 0.012950 0
606986 0.000000 0
606994 0.000000 0
607001 0.008730 0
607009 0.000000 0
607016 0.000000 0
607024 0.008730 0
607032 0.000000 0
607040 0.000000 0
607047 0.009570 0
607054 0.000000 0
607062 0.000000 0
607069 0.016100 0
607078 0.000000 0
607086 0.000000 0
607093 0.021390 0
607099 0.000000 0
607106 0.000000 0
607114 0.022430 0
607122 0.000000 0
607130 0.000000 0
607137 0.133780 0
607144 0.000000 0
607152 0.000000 0
607159 0.131360 0
607168 0.000000 0
607176 0.000000 0
607183 0.103930 0
607189 0.000000 0
607196 0.000000 0
607204 0.098890 0
607212 0.000000 0
607220 0.000000 0
607227 0.070630 0
607234 0.000000 0
607242 0.000000 0
607249 0.064650 0
607257 0.000000 0
607264 0.000000 0
607272 0.055920 0
607279 0.000000 0
607286 0.000000 0
607294 0.051670 0
607303 0.000000 0
607310 0.000000 0
607318 0.044710 0
607324 0.000000 0
607332 0.000000 0
607339 0.052400 0
607347 0.000000 0
607354 0.000000 0
607362 0.072760 0
607369 0.000000 0
607376 0.000000 0
607384 0.091940 0
607392 0.000000 0
607400 0.000000 0
607407 0.075330 0
607414 0.000000 0
607422 0.000000 0
607429 0.063940 0
607437 0.000000 0
607444 0.000000 0
607452 0.036220 0
607459 0.000000 0
607466 0.000000 0
607474 0.011050 0
607482 0.000000 0
607490 0.000000 0
607497 0.017010 0
607504 0.000000 0
607512 0.000000 0
607519 0.017460 0
607528 0.000000 0
607536 0.000000 0
607543 0.016100 0
607549 0.000000 0
607556 0.000000 0
607564 0.021740 0
607573 0.000000 0
607580 0.000000 0
607588 0.028170 0
607594 0.000000 0
607602 0.000000 0
607609 0.098270 0
607617 0.000000 0
607624 0.000000 0
607632 0.113070 0
607639 0.000000 0
607646 0.000000 0
607654 0.103850 0
607662 0.000000 0
607670 0.000000 0
607677 0.102450 0
607684 0.000000 0
607692 0.000000 0
607699 0.090180 0
607708 0.000000 0
607716 0.000000 0
607723 0.066970 0
607729 0.000000 0
607736 0.000000 0
607744 0.047990 0
607753 0.000000 0
607760 0.000000 0
607768 0.043320 0
607774 0.000000 0
607782 0.000000 0
607789 0.050020 0
607796 0.000000 0
607804 0.000000 0
607811 0.052550 0
607818 0.000000 0
607826 0.000000 0
607833 0.055650 0
607841 0.000000 0
607848 0.000000 0
607856 0.081380 0
607863 0.000000 0
607870 0.000000 0
607878 0.069430 0
607887 0.000000 0
607894 0.000000 0
607902 0.050020 0
607908 0.000000 0
607916 0.000000 0
607923 0.021740 0
607932 0.000000 0
607940 0.000000 0
607947 0.013520 0
607953 0.000000 0
607960 0.000000 0
607968 0.011050 0
607977 0.000000 0
607984 0.000000 0
607992 0.006760 0
607999 0.000000 0
608006 0.000000 0
608014 0.011050 0
608021 0.000000 0
608028 0.000000 0
608036 0.017900 0
608044 0.000000 0
608052 0.000000 0
608059 0.033370 0
608066 0.000000 0
608074 0.000000 0
608081 0.092350 0
608089 0.000000 0
608096 0.000000 0
608104 0.109650 0
608112 0.000000 0
608120 0.000000 0
608127 0.087160 0
608134 0.000000 0
608142 0.000000 0
608149 0.086730 0
608157 0.000000 0
608164 0.000000 0
608172 0.080610 0
608179 0.000000 0
608186 0.000000 0
608194 0.082400 0
608201 0.000000 0
608208 0.000000 0
608216 0.068770 0
608224 0.000000 0
608232 0.000000 0
608239 0.052550 0
608246 0.000000 0
608254 0.000000 0
608261 0.041520 0
608269 0.000000 0
608276 0.000000 0
608284 0.030990 0
608291 0.000000 0
608298 0.000000 0
608306 0.057800 0
608313 0.000000 0
608320 0.000000 0
608328 0.073270 0
608336 0.000000 0
608344 0.000000 0
608351 0.060000 0
608358 0.000000 0
608366 0.000000 0
608373 0.054960 0
608381 0.000000 0
608388 0.000000 0
608396 0.025310 0
608403 0.000000 0
608410 0.000000 0
608418 0.006760 0
608426 0.000000 0
608434 0.000000 0
608441 0.009570 0
608450 0.000000 0
608458 0.000000 0
608465 0.030750 0
608471 0.000000 0
608478 0.000000 0
608486 0.031250 0
608495 0.000000 0
608502 0.000000 0
608510 0.014600 0
608517 0.000000 0
608524 0.000000 0
608532 0.038860 0
608540 0.000000 0
608548 0.000000 0
608555 0.062850 0
608562 0.000000 0
608570 0.000000 0
608577 0.084600 0
608585 0.000000 0
608592 0.000000 0
608600 0.071270 0
608607 0.000000 0
608614 0.000000 0
608622 0.033830 0
608630 0.000000 0
608638 0.000000 0
608645 0.009570 0
608652 0.000000 0
608660 0.000000 0
608667 0.006760 0
608675 0.000000 0
608682 0.000000 0
608690 0.003910 0
608697 0.000000 0
608704 0.000000 0
608712 0.006760 0
608720 0.000000 0
608728 0.000000 0
608735 0.000000 0
608742 0.000000 0
608750 0.000000 0
608757 0.000000 0
608765 0.000000 0
608772 0.000000 0
608780 0.007810 0
608787 0.000000 0
608794 0.000000 0
608802 0.261250 0
608810 0.000000 0
608818 0.000000 0
608825 0.256820 0
608832 0.000000 0
608840 0.000000 0
608847 0.174430 0
608855 0.000000 0
608862 0.000000 0
608870 0.084950 0
608876 0.000000 0
608884 0.000000 0
608891 0.030750 0
608900 0.000000 0
608908 0.000000 0
608915 0.015630 0
608921 0.000000 0
608928 0.000000 0
608936 0.008730 0
608945 0.000000 0
608952 0.000000 0
608960 0.028170 0
608967 0.000000 0
608974 0.000000 0
608982 0.035160 0
608990 0.000000 0
608998 0.000000 0
609005 0.043320 0
609012 0.000000 0
609020 0.000000 0
609027 0.112810 0
609035 0.000000 0
609042 0.000000 0
609050 0.137160 0
609056 0.000000 0
609064 0.000000 0
609071 0.100720 0
609080 0.000000 0
609088 0.000000 0
609095 0.103200 0
609102 0.000000 0
609110 0.000000 0
609117 0.101110 0
609123 0.000000 0
609130 0.000000 0
609138 0.062360 0
609146 0.000000 0
609154 0.000000 0
609161 0.068330 0
609168 0.000000 0
609176 0.000000 0
609183 0.049410 0
609191 0.000000 0
609198 0.000000 0
609206 0.044530 0
609213 0.000000 0
609220 0.000000 0
609228 0.030240 0
609236 0.000000 0
609244 0.000000 0
609251 0.034930 0
609259 0.000000 0
609266 0.000000 0
609274 0.053700 0
609281 0.000000 0
609288 0.000000 0
609296 0.045720 0
609304 0.000000 0
609312 0.000000 0
609319 0.039640 0
609326 0.000000 0
609334 0.000000 0
609341 0.024080 0
609350 0.000000 0
609358 0.000000 0
609365 0.012340 0
609371 0.000000 0
609378 0.000000 0
609386 0.012340 0
609395 0.000000 0
609402 0.000000 0
609410 0.009570 0
609416 0.000000 0
609424 0.000000 0
609431 0.006760 0
609440 0.000000 0
609448 0.000000 0
609455 0.011050 0
609461 0.000000 0
609468 0.000000 0
609476 0.021030 0
609485 0.000000 0
609492 0.000000 0
609500 0.041700 0
609506 0.000000 0
609514 0.000000 0
609521 0.111510 0
609530 0.000000 0
609538 0.000000 0
609545 0.120960 0
609551 0.000000 0
609558 0.000000 0
609566 0.094320 0
609574 0.000000 0
609582 0.000000 0
609589 0.102970 0
609596 0.000000 0
609604 0.000000 0
609611 0.075750 0
609620 0.000000 0
609628 0.000000 0
609635 0.075530 0
609641 0.000000 0
609648 0.000000 0
609656 0.053120 0
609664 0.000000 0
609672 0.000000 0
609679 0.055790 0
609686 0.000000 0
609694 0.000000 0
609701 0.080610 0
609709 0.000000 0
609716 0.000000 0
609724 0.042070 0
609731 0.000000 0
609738 0.000000 0
609746 0.065350 0
609754 0.000000 0
609762 0.000000 0
609769 0.050320 0
609776 0.000000 0
609784 0.000000 0
609791 0.054960 0
609799 0.000000 0
609806 0.000000 0
609814 0.023440 0
609821 0.000000 0
609828 0.000000 0
609836 0.013520 0
609844 0.000000 0
609852 0.000000 0
609859 0.012340 0
609866 0.000000 0
609874 0.000000 0
609881 0.011050 0
609889 0.000000 0
609896 0.000000 0
609904 0.011720 0
609911 0.000000 0
609918 0.000000 0
609926 0.018720 0
609934 0.000000 0
609942 0.000000 0
609949 0.028170 0
609956 0.000000 0
609964 0.000000 0
609971 0.034710 0
609979 0.000000 0
609986 0.000000 0
609994 0.124250 0
610001 0.000000 0
610008 0.000000 0
610016 0.140510 0
610024 0.000000 0
610032 0.000000 0
610039 0.110000 0
610046 0.000000 0
610054 0.000000 0
610061 0.101030 0
610070 0.000000 0
610078 0.000000 0
610085 0.082950 0
610091 0.000000 0
610098 0.000000 0
610106 0.078420 0
610114 0.000000 0
610122 0.000000 0
610129 0.054540 0
610136 0.000000 0
610144 0.000000 0
610151 0.053410 0
610160 0.000000 0
610168 0.000000 0
610175 0.050780 0
610181 0.000000 0
610188 0.000000 0
610196 0.050780 0
610204 0.000000 0
610212 0.000000 0
610219 0.063830 0
610227 0.000000 0
610234 0.000000 0
610242 0.066160 0
610249 0.000000 0
610256 0.000000 0
610264 0.075140 0
610271 0.000000 0
610278 0.000000 0
610286 0.066970 0
610294 0.000000 0
610302 0.000000 0
610309 0.022430 0
610316 0.000000 0
610324 0.000000 0
610331 0.010330 0
610339 0.000000 0
610346 0.000000 0
610354 0.006760 0
610361 0.000000 0
610368 0.000000 0
610376 0.016570 0
610384 0.000000 0
610392 0.000000 0
610399 0.024380 0
610406 0.000000 0
610414 0.000000 0
610421 0.025010 0
610429 0.000000 0
610436 0.000000 0
610444 0.037050 0
610451 0.000000 0
610458 0.000000 0
610466 0.113950 0
610474 0.000000 0
610482 0.000000 0
610489 0.129200 0
610496 0.000000 0
610504 0.000000 0
610511 0.100650 0
610519 0.000000 0
610526 0.000000 0
610534 0.096540 0
610541 0.000000 0
610548 0.000000 0
610556 0.091770 0
610564 0.000000 0
610572 0.000000 0
610579 0.055650 0
610586 0.000000 0
610594 0.000000 0
610601 0.046880 0
610610 0.000000 0
610618 0.000000 0
610625 0.047670 0
610631 0.000000 0
610638 0.000000 0
610646 0.074010 0
610654 0.000000 0
610662 0.000000 0
610669 0.063940 0
610676 0.000000 0
610684 0.000000 0
610691 0.065350 0
610699 0.000000 0
610706 0.000000 0
610714 0.079580 0
610721 0.000000 0
610728 0.000000 0
610736 0.074830 0
610744 0.000000 0
610752 0.000000 0
610759 0.055240 0
610766 0.000000 0
610774 0.000000 0
610781 0.025600 0
610789 0.000000 0
610796 0.000000 0
610804 0.010330 0
610811 0.000000 0
610818 0.000000 0
610826 0.008730 0
610834 0.000000 0
610842 0.000000 0
610849 0.007810 0
610856 0.000000 0
610864 0.000000 0
610871 0.006760 0
610880 0.000000 0
610888 0.000000 0
610895 0.011720 0
610901 0.000000 0
610908 0.000000 0
610916 0.012340 0
610925 0.000000 0
610932 0.000000 0
610940 0.140630 0
610946 0.000000 0
610954 0.000000 0
610961 0.167560 0
610970 0.000000 0
610978 0.000000 0
610985 0.126700 0
610991 0.000000 0
610998 0.000000 0
611006 0.112400 0
611014 0.000000 0
611022 0.000000 0
611029 0.092440 0
611036 0.000000 0
611044 0.000000 0
611051 0.066740 0
611059 0.000000 0
611066 0.000000 0
611074 0.056600 0
611081 0.000000 0
611088 0.000000 0
611096 0.058060 0
611105 0.000000 0
611112 0.000000 0
611120 0.061140 0
611126 0.000000 0
611134 0.000000 0
611141 0.055650 0
611149 0.000000 0
611156 0.000000 0
611164 0.058850 0
611171 0.000000 0
611178 0.000000 0
611186 0.076740 0
611194 0.000000 0
611202 0.000000 0
611209 0.072020 0
611216 0.000000 0
611224 0.000000 0
611231 0.070740 0
611239 0.000000 0
611246 0.000000 0
611254 0.048940 0
611261 0.000000 0
611268 0.000000 0
611276 0.014600 0
611284 0.000000 0
611292 0.000000 0
611299 0.008730 0
611306 0.000000 0
611314 0.000000 0
611321 0.017900 0
611329 0.000000 0
611336 0.000000 0
611344 0.025010 0
611351 0.000000 0
611358 0.000000 0
611366 0.021740 0
611374 0.000000 0
611382 0.000000 0
611389 0.021030 0
611396 0.000000 0
611404 0.000000 0
611411 0.068100 0
611419 0.000000 0
611426 0.000000 0
611434 0.095990 0
611441 0.000000 0
611448 0.000000 0
611456 0.112120 0
611464 0.000000 0
611472 0.000000 0
611479 0.107610 0
611486 0.000000 0
611494 0.000000 0
611501 0.092350 0
611509 0.000000 0
611516 0.000000 0
611524 0.063940 0
611531 0.000000 0
611538 0.000000 0
611546 0.054540 0
611555 0.000000 0
611562 0.000000 0
611570 0.043140 0
611576 0.000000 0
611584 0.000000 0
611591 0.041520 0
611599 0.000000 0
611606 0.000000 0
611614 0.037260 0
611621 0.000000 0
611628 0.000000 0
611636 0.030240 0
611644 0.000000 0
611652 0.000000 0
611659 0.047200 0
611666 0.000000 0
611674 0.000000 0
611681 0.062240 0
611689 0.000000 0
611696 0.000000 0
611704 0.075750 0
611711 0.000000 0
611718 0.000000 0
611726 0.057130 0
611734 0.000000 0
611742 0.000000 0
611749 0.048160 0
611756 0.000000 0
611764 0.000000 0
611771 0.032910 0
611779 0.000000 0
611786 0.000000 0
611794 0.033140 0
611801 0.000000 0
611808 0.000000 0
611816 0.021030 0
611824 0.000000 0
611832 0.000000 0
611839 0.038270 0
611846 0.000000 0
611854 0.000000 0
611861 0.036850 0
611869 0.000000 0
611876 0.000000 0
611884 0.046370 0
611891 0.000000 0
611898 0.000000 0
611906 0.049560 0
611914 0.000000 0
611922 0.000000 0
611929 0.053830 0
611936 0.000000 0
611944 0.000000 0
611951 0.054400 0
611959 0.000000 0
611966 0.000000 0
611974 0.036420 0
611981 0.000000 0
611988 0.000000 0
611996 0.042790 0
612004 0.000000 0
612012 0.000000 0
612019 0.047030 0
612027 0.000000 0
612034 0.000000 0
612042 0.055790 0
612049 0.000000 0
612056 0.000000 0
612064 0.034930 0
612072 0.000000 0
612080 0.000000 0
612087 0.038670 0
612094 0.000000 0
612102 0.000000 0
612109 0.033830 0
612117 0.000000 0
612124 0.000000 0
612132 0.044710 0
612139 0.000000 0
612146 0.000000 0
612154 0.055650 0
612162 0.000000 0
612170 0.000000 0
612177 0.041890 0
612184 0.000000 0
612192 0.000000 0
612199 0.042070 0
612207 0.000000 0
612214 0.000000 0
612222 0.040590 0
612229 0.000000 0
612236 0.000000 0
612244 0.032670 0
612252 0.000000 0
612260 0.000000 0
612267 0.031480 0
612274 0.000000 0
612282 0.000000 0
612289 0.028700 0
612297 0.000000 0
612304 0.000000 0
612312 0.022100 0
612319 0.000000 0
612326 0.000000 0
612334 0.030500 0
612342 0.000000 0
612350 0.000000 0
612357 0.031480 0
612364 0.000000 0
612372 0.000000 0
612379 0.023760 0
612387 0.000000 0
612394 0.000000 0
612402 0.031480 0
612409 0.000000 0
612416 0.000000 0
612424 0.034930 0
612432 0.000000 0
612440 0.000000 0
612447 0.051380 0
612454 0.000000 0
612462 0.000000 0
612469 0.036010 0
612477 0.000000 0
612484 0.000000 0
612492 0.034040 0
612499 0.000000 0
612506 0.000000 0
612514 0.032670 0
612522 0.000000 0
612530 0.000000 0
612537 0.022430 0
612543 0.000000 0
612550 0.000000 0
612558 0.022770 0
612566 0.000000 0
612574 0.000000 0
612581 0.026200 0
612588 0.000000 0
612596 0.000000 0
612603 0.085760 0
612611 0.000000 0
612618 0.000000 0
612626 0.094150 0
612633 0.000000 0
612640 0.000000 0
612648 0.053410 0
612656 0.000000 0
612664 0.000000 0
612671 0.043670 0
612678 0.000000 0
612686 0.000000 0
612693 0.037050 0
612701 0.000000 0
612708 0.000000 0
612716 0.025600 0
612724 0.000000 0
612732 0.000000 0
612739 0.037660 0
612746 0.000000 0
612754 0.000000 0
612761 0.036220 0
612768 0.000000 0
612776 0.000000 0
612783 0.041340 0
612791 0.000000 0
612798 0.000000 0
612806 0.045720 0
612813 0.000000 0
612820 0.000000 0
612828 0.052690 0
612836 0.000000 0
612844 0.000000 0
612851 0.093340 0
612858 0.000000 0
612866 0.000000 0
612873 0.093170 0
612881 0.000000 0
612888 0.000000 0
612896 0.068100 0
612903 0.000000 0
612910 0.000000 0
612918 0.067660 0
612927 0.000000 0
612934 0.000000 0
612942 0.040960 0
612948 0.000000 0
612956 0.000000 0
612963 0.050020 0
612972 0.000000 0
612980 0.000000 0
612987 0.051670 0
612994 0.000000 0
613002 0.000000 0
613009 0.033370 0
613017 0.000000 0
613024 0.000000 0
613032 0.034270 0
613039 0.000000 0
613046 0.000000 0
613054 0.039640 0
613062 0.000000 0
613070 0.000000 0
613077 0.068540 0
613084 0.000000 0
613092 0.000000 0
613099 0.088380 0
613108 0.000000 0
613116 0.000000 0
613123 0.069870 0
613129 0.000000 0
613136 0.000000 0
613144 0.052400 0
613152 0.000000 0
613160 0.000000 0
613167 0.044360 0
613174 0.000000 0
613182 0.000000 0
613189 0.035800 0
613196 0.000000 0
613204 0.000000 0
613211 0.029220 0
613218 0.000000 0
613226 0.000000 0
613233 0.042970 0
613241 0.000000 0
613248 0.000000 0
613256 0.042070 0
613263 0.000000 0
613270 0.000000 0
613278 0.042970 0
613286 0.000000 0
613294 0.000000 0
613301 0.034270 0
613308 0.000000 0
613316 0.000000 0
613323 0.090850 0
613332 0.000000 0
613340 0.000000 0
613347 0.098420 0
613353 0.000000 0
613360 0.000000 0
613368 0.083410 0
613376 0.000000 0
613384 0.000000 0
613391 0.062500 0
613398 0.000000 0
613406 0.000000 0
613413 0.039640 0
613421 0.000000 0
613428 0.000000 0
613436 0.039440 0
613443 0.000000 0
613450 0.000000 0
613458 0.048630 0
613466 0.000000 0
613474 0.000000 0
613481 0.039060 0
613488 0.000000 0
613496 0.000000 0
613503 0.044190 0
613512 0.000000 0
613520 0.000000 0
613527 0.037050 0
613533 0.000000 0
613540 0.000000 0
613548 0.029220 0
613557 0.000000 0
613564 0.000000 0
613572 0.049870 0
613579 0.000000 0
613586 0.000000 0
613594 0.049710 0
613602 0.000000 0
613610 0.000000 0
613617 0.036640 0
613624 0.000000 0
613632 0.000000 0
613639 0.043140 0
613646 0.000000 0
613654 0.000000 0
613661 0.044530 0
613668 0.000000 0
613676 0.000000 0
613683 0.050320 0
613691 0.000000 0
613698 0.000000 0
613706 0.041700 0
613713 0.000000 0
613720 0.000000 0
613728 0.031720 0
613736 0.000000 0
613744 0.000000 0
613751 0.042070 0
613758 0.000000 0
613766 0.000000 0
613773 0.068440 0
613781 0.000000 0
613788 0.000000 0
613796 0.062360 0
613803 0.000000 0
613810 0.000000 0
613818 0.081090 0
613826 0.000000 0
613834 0.000000 0
613841 0.077730 0
613848 0.000000 0
613856 0.000000 0
613863 0.050480 0
613872 0.000000 0
613880 0.000000 0
613887 0.042970 0
613893 0.000000 0
613900 0.000000 0
613908 0.047350 0
613916 0.000000 0
613924 0.000000 0
613931 0.039830 0
613938 0.000000 0
613946 0.000000 0
613953 0.026200 0
613961 0.000000 0
613968 0.000000 0
613976 0.034930 0
613983 0.000000 0
613990 0.000000 0
613998 0.035800 0
614006 0.000000 0
614014 0.000000 0
614021 0.036640 0
614030 0.000000 0
614038 0.000000 0
614045 0.046880 0
614052 0.000000 0
614060 0.000000 0
614067 0.030750 0
614075 0.000000 0
614082 0.000000 0
614090 0.040210 0
614097 0.000000 0
614104 0.000000 0
614112 0.041520 0
614120 0.000000 0
614128 0.000000 0
614135 0.043490 0
614142 0.000000 0
614150 0.000000 0
614157 0.038470 0
614165 0.000000 0
614172 0.000000 0
614180 0.037460 1
614187 0.000000 0
614194 0.000000 0
614202 0.028960 1
614210 0.000000 0
614218 0.000000 0
614225 0.033600 1
614232 0.000000 0
614240 0.000000 0
614247 0.035370 1
614255 0.000000 0
614262 0.000000 0
614270 0.064770 1
614277 0.000000 0
614284 0.000000 0
614292 0.076840 1
614300 0.000000 0
614308 0.000000 0
614315 0.063460 1
614322 0.000000 0
614330 0.000000 0
614337 0.050780 1
614345 0.000000 0
614352 0.000000 0
614360 0.038070 1
614367 0.000000 0
614374 0.000000 0
614382 0.033370 1
614390 0.000000 0
614398 0.000000 0
614405 0.036010 1
614412 0.000000 0
614420 0.000000 0
614427 0.035800 1
614435 0.000000 0
614442 0.000000 0
614450 0.044190 1
614457 0.000000 0
614464 0.000000 0
614472 0.057010 1
614480 0.000000 0
614488 0.000000 0
614495 0.050780 1
614501 0.000000 0
614508 0.000000 0
614516 0.040590 1
614524 0.000000 0
614532 0.000000 0
614539 0.031970 1
614546 0.000000 0
614554 0.000000 0
614561 0.042070 1
614570 0.000000 0
614578 0.000000 0
614585 0.035160 1
614591 0.000000 0
614598 0.000000 0
614606 0.046220 1
614615 0.000000 0
614622 0.000000 0
614630 0.058980 1
614636 0.000000 0
614644 0.000000 0
614651 0.061750 1
614660 0.000000 0
614668 0.000000 0
614675 0.057660 1
614681 0.000000 0
614688 0.000000 0
614696 0.050480 1
614705 0.000000 0
614712 0.000000 0
614720 0.047990 1
614726 0.000000 0
614734 0.000000 0
614741 0.065000 1
614749 0.000000 0
614756 0.000000 0
614764 0.099350 1
614771 0.000000 0
614778 0.000000 0
614786 0.098890 1
614795 0.000000 0
614802 0.000000 0
614810 0.086110 1
614816 0.000000 0
614824 0.000000 0
614831 0.068670 1
614840 0.000000 0
614848 0.000000 0
614855 0.042420 1
614861 0.000000 0
614868 0.000000 0
614876 0.037460 1
614884 0.000000 0
614892 0.000000 0
614899 0.030750 1
614906 0.000000 0
614914 0.000000 0
614921 0.034490 1
614929 0.000000 0
614936 0.000000 0
614944 0.042070 1
614951 0.000000 0
614958 0.000000 0
614966 0.038070 1
614975 0.000000 0
614982 0.000000 0
614990 0.081560 1
614996 0.000000 0
615004 0.000000 0
615011 0.079850 1
615019 0.000000 0
615026 0.000000 0
615034 0.055100 1
615041 0.000000 0
615048 0.000000 0
615056 0.044190 1
615064 0.000000 0
615072 0.000000 0
615079 0.034930 1
615086 0.000000 0
615094 0.000000 0
615101 0.036420 1
615110 0.000000 0
615118 0.000000 0
615125 0.037460 1
615131 0.000000 0
615138 0.000000 0
615146 0.030000 1
615155 0.000000 0
615162 0.000000 0
615170 0.046370 1
615176 0.000000 0
615184 0.000000 0
615191 0.042790 1
615200 0.000000 0
615208 0.000000 0
615215 0.054830 1
615221 0.000000 0
615228 0.000000 0
615236 0.113620 1
615244 0.000000 0
615252 0.000000 0
615259 0.108950 1
615266 0.000000 0
615274 0.000000 0
615281 0.094710 1
615289 0.000000 0
615296 0.000000 0
615304 0.087340 1
615311 0.000000 0
615318 0.000000 0
615326 0.067430 1
615334 0.000000 0
615342 0.000000 0
615349 0.063220 1
615356 0.000000 0
615364 0.000000 0
615371 0.042250 1
615379 0.000000 0
615386 0.000000 0
615394 0.033830 1
615401 0.000000 0
615408 0.000000 0
615416 0.029480 1
615424 0.000000 0
615432 0.000000 0
615439 0.023100 1
615446 0.000000 0
615454 0.000000 0
615461 0.053270 1
615470 0.000000 0
615478 0.000000 0
615485 0.071270 1
615491 0.000000 0
615498 0.000000 0
615506 0.069430 1
615514 0.000000 0
615522 0.000000 0
615529 0.068770 1
615536 0.000000 0
615544 0.000000 0
615551 0.054120 1
615559 0.000000 0
615566 0.000000 0
615574 0.048630 1
615581 0.000000 0
615588 0.000000 0
615596 0.040770 1
615604 0.000000 0
615612 0.000000 0
615619 0.040960 1
615626 0.000000 0
615634 0.000000 0
615641 0.042420 1
615649 0.000000 0
615656 0.000000 0
615664 0.043490 1
615671 0.000000 0
615678 0.000000 0
615686 0.031720 1
615694 0.000000 0
615702 0.000000 0
615709 0.069320 1
615716 0.000000 0
615724 0.000000 0
615731 0.109850 1
615739 0.000000 0
615746 0.000000 0
615754 0.098270 1
615761 0.000000 0
615768 0.000000 0
615776 0.060760 1
615784 0.000000 0
615792 0.000000 0
615799 0.035800 1
615807 0.000000 0
615814 0.000000 0
615822 0.035800 1
615829 0.000000 0
615836 0.000000 0
615844 0.028430 1
615852 0.000000 0
615860 0.000000 0
615867 0.021030 1
615874 0.000000 0
615882 0.000000 0
615889 0.029220 1
615898 0.000000 0
615906 0.000000 0
615913 0.031480 1
615919 0.000000 0
615926 0.000000 0
615934 0.057010 1
615943 0.000000 0
615950 0.000000 0
615958 0.070530 1
615964 0.000000 0
615972 0.000000 0
615979 0.066510 1
615988 0.000000 0
615996 0.000000 0
616003 0.046540 1
616009 0.000000 0
616016 0.000000 0
616024 0.025310 1
616031 0.000000 0
616038 0.000000 0
616046 0.027340 1
616054 0.000000 0
616062 0.000000 0
616069 0.038670 1
616077 0.000000 0
616084 0.000000 0
616092 0.040770 1
616099 0.000000 0
616106 0.000000 0
616114 0.039640 1
616123 0.000000 0
616130 0.000000 0
616138 0.047350 1
616144 0.000000 0
616152 0.000000 0
616159 0.051220 1
616167 0.000000 0
616174 0.000000 0
616182 0.040020 1
616189 0.000000 0
616196 0.000000 0
616204 0.033140 1
616212 0.000000 0
616220 0.000000 0
616227 0.030240 1
616234 0.000000 0
616242 0.000000 0
616249 0.045040 1
616257 0.000000 0
616264 0.000000 0
616272 0.028700 1
616279 0.000000 0
616286 0.000000 0
616294 0.033370 1
616301 0.000000 0
616308 0.000000 0
616316 0.030750 1
616324 0.000000 0
616332 0.000000 0
616339 0.028960 1
616347 0.000000 0
616354 0.000000 0
616362 0.025910 1
616369 0.000000 0
616376 0.000000 0
616384 0.029220 1
616393 0.000000 0
616400 0.000000 0
616408 0.097810 1
616414 0.000000 0
616422 0.000000 0
616429 0.180580 1
616437 0.000000 0
616444 0.000000 0
616452 0.164710 1
616459 0.000000 0
616466 0.000000 0
616474 0.115400 1
616482 0.000000 0
616490 0.000000 0
616497 0.074220 1
616504 0.000000 0
616512 0.000000 0
616519 0.074220 1
616528 0.000000 0
616536 0.000000 0
616543 0.054120 1
616549 0.000000 0
616556 0.000000 0
616564 0.039060 1
616573 0.000000 0
616580 0.000000 0
616588 0.037460 1
616594 0.000000 0
616602 0.000000 0
616609 0.039060 1
616617 0.000000 0
616624 0.000000 0
616632 0.041340 1
616639 0.000000 0
616646 0.000000 0
616654 0.143470 1
616663 0.000000 0
616670 0.000000 0
616678 0.162840 1
616684 0.000000 0
616692 0.000000 0
616699 0.142020 1
616708 0.000000 0
616716 0.000000 0
616723 0.110410 1
616729 0.000000 0
616736 0.000000 0
616744 0.091770 1
616751 0.000000 0
616758 0.000000 0
616766 0.052840 1
616775 0.000000 0
616782 0.000000 0
616790 0.060500 1
616796 0.000000 0
616804 0.000000 0
616811 0.046540 1
616820 0.000000 0
616828 0.000000 0
616835 0.035370 1
616841 0.000000 0
616848 0.000000 0
616856 0.023760 1
616865 0.000000 0
616872 0.000000 0
616880 0.039440 1
616887 0.000000 0
616894 0.000000 0
616902 0.092010 1
616908 0.000000 0
616916 0.000000 0
616923 0.056870 1
616932 0.000000 0
616940 0.000000 0
616947 0.041700 1
616955 0.000000 0
616962 0.000000 0
616970 0.032210 1
616977 0.000000 0
616984 0.000000 0
616992 0.018720 1
617000 0.000000 0
617008 0.000000 0
617015 0.032910 1
617022 0.000000 0
617030 0.000000 0
617037 0.034040 1
617045 0.000000 0
617052 0.000000 0
617060 0.037660 1
617067 0.000000 0
617074 0.000000 0
617082 0.044010 1
617090 0.000000 0
617098 0.000000 0
617105 0.039250 1
617112 0.000000 0
617120 0.000000 0
617127 0.114020 1
617135 0.000000 0
617142 0.000000 0
617150 0.127660 1
617156 0.000000 0
617164 0.000000 0
617171 0.126020 1
617179 0.000000 0
617186 0.000000 0
617194 0.099660 1
617201 0.000000 0
617208 0.000000 0
617216 0.073900 1
617223 0.000000 0
617230 0.000000 0
617238 0.061010 1
617246 0.000000 0
617254 0.000000 0
617261 0.069320 1
617270 0.000000 0
617278 0.000000 0
617285 0.072970 1
617291 0.000000 0
617298 0.000000 0
617306 0.071810 1
617315 0.000000 0
617322 0.000000 0
617330 0.042790 1
617336 0.000000 0
617344 0.000000 0
617351 0.019910 1
617360 0.000000 0
617368 0.000000 0
617375 0.064530 1
617381 0.000000 0
617388 0.000000 0
617396 0.092590 1
617405 0.000000 0
617412 0.000000 0
617420 0.054400 1
617426 0.000000 0
617434 0.000000 0
617441 0.066640 1
617450 0.000000 0
617458 0.000000 0
617465 0.051070 1
617471 0.000000 0
617478 0.000000 0
617486 0.032210 1
617494 0.000000 0
617502 0.000000 0
617509 0.047840 1
617516 0.000000 0
617524 0.000000 0
617531 0.058850 1
617540 0.000000 0
617548 0.000000 0
617555 0.056870 1
617561 0.000000 0
617568 0.000000 0
617576 0.051220 1
617584 0.000000 0
617592 0.000000 0
617599 0.059620 1
617606 0.000000 0
617614 0.000000 0
617621 0.133500 1
617629 0.000000 0
617636 0.000000 0
617644 0.129430 1
617651 0.000000 0
617658 0.000000 0
617666 0.097490 1
617674 0.000000 0
617682 0.000000 0
617689 0.071170 1
617696 0.000000 0
617704 0.000000 0
617711 0.065930 1
617719 0.000000 0
617726 0.000000 0
617734 0.049090 1
617741 0.000000 0
617748 0.000000 0
617756 0.041150 1
617764 0.000000 0
617772 0.000000 0
617779 0.040410 1
617786 0.000000 0
617794 0.000000 0
617801 0.021740 1
617810 0.000000 0
617818 0.000000 0
617825 0.019530 1
617831 0.000000 0
617838 0.000000 0
617846 0.040590 1
617854 0.000000 0
617862 0.000000 0
617869 0.034270 1
617876 0.000000 0
617884 0.000000 0
617891 0.032670 1
617899 0.000000 0
617906 0.000000 0
617914 0.041890 1
617921 0.000000 0
617928 0.000000 0
617936 0.032910 1
617944 0.000000 0
617952 0.000000 0
617959 0.037460 1
617966 0.000000 0
617974 0.000000 0
617981 0.032440 1
617989 0.000000 0
617996 0.000000 0
618004 0.036220 1
618011 0.000000 0
618018 0.000000 0
618026 0.030000 1
618034 0.000000 0
618042 0.000000 0
618049 0.043490 1
618056 0.000000 0
618064 0.000000 0
618071 0.080990 1
618079 0.000000 0
618086 0.000000 0
618094 0.129370 1
618101 0.000000 0
618108 0.000000 0
618116 0.127720 1
618124 0.000000 0
618132 0.000000 0
618139 0.100190 1
618146 0.000000 0
618154 0.000000 0
618161 0.063340 1
618169 0.000000 0
618176 0.000000 0
618184 0.061750 1
618191 0.000000 0
618198 0.000000 0
618206 0.043670 1
618215 0.000000 0
618222 0.000000 0
618230 0.031720 1
618236 0.000000 0
618244 0.000000 0
618251 0.029740 1
618259 0.000000 0
618266 0.000000 0
618274 0.045210 1
618281 0.000000 0
618288 0.000000 0
618296 0.048160 1
618304 0.000000 0
618312 0.000000 0
618319 0.036220 1
618326 0.000000 0
618334 0.000000 0
618341 0.020290 1
618349 0.000000 0
618356 0.000000 0
618364 0.020660 1
618371 0.000000 0
618378 0.000000 0
618386 0.042600 1
618394 0.000000 0
618402 0.000000 0
618409 0.055510 1
618416 0.000000 0
618424 0.000000 0
618431 0.058320 1
618439 0.000000 0
618446 0.000000 0
618454 0.046220 1
618461 0.000000 0
618468 0.000000 0
618476 0.034490 1
618484 0.000000 0
618492 0.000000 0
618499 0.036220 1
618506 0.000000 0
618514 0.000000 0
618521 0.047200 1
618529 0.000000 0
618536 0.000000 0
618544 0.049410 1
618551 0.000000 0
618558 0.000000 0
618566 0.136550 1
618574 0.000000 0
618582 0.000000 0
618589 0.136930 1
618596 0.000000 0
618604 0.000000 0
618611 0.122470 1
618620 0.000000 0
618628 0.000000 0
618635 0.093580 1
618642 0.000000 0
618650 0.000000 0
618657 0.073490 1
618664 0.000000 0
618672 0.000000 0
618679 0.048630 1
618688 0.000000 0
618696 0.000000 0
618703 0.034490 1
618709 0.000000 0
618716 0.000000 0
618724 0.028700 1
618732 0.000000 0
618740 0.000000 0
618747 0.030750 1
618754 0.000000 0
618762 0.000000 0
618769 0.036640 1
618777 0.000000 0
618784 0.000000 0
618792 0.085040 1
618799 0.000000 0
618806 0.000000 0
618814 0.088730 1
618822 0.000000 0
618830 0.000000 0
618837 0.064060 1
618844 0.000000 0
618852 0.000000 0
618859 0.046370 1
618867 0.000000 0
618874 0.000000 0
618882 0.045720 1
618889 0.000000 0
618896 0.000000 0
618904 0.049090 1
618912 0.000000 0
618920 0.000000 0
618927 0.034710 1
618934 0.000000 0
618942 0.000000 0
618949 0.040960 1
618956 0.000000 0
618964 0.000000 0
618971 0.058850 1
618979 0.000000 0
618986 0.000000 0
618994 0.046050 1
619002 0.000000 0
619010 0.000000 0
619017 0.054960 1
619024 0.000000 0
619032 0.000000 0
619039 0.119630 1
619047 0.000000 0
619054 0.000000 0
619062 0.138050 1
619068 0.000000 0
619076 0.000000 0
619083 0.129260 1
619092 0.000000 0
619100 0.000000 0
619107 0.081830 1
619114 0.000000 0
619122 0.000000 0
619129 0.065480 1
619137 0.000000 0
619144 0.000000 0
619152 0.052260 1
619158 0.000000 0
619166 0.000000 0
619173 0.045720 1
619181 0.000000 0
619188 0.000000 0
619196 0.034490 1
619203 0.000000 0
619210 0.000000 0
619218 0.033600 1
619227 0.000000 0
619234 0.000000 0
619242 0.018720 1
619248 0.000000 0
619256 0.000000 0
619263 0.049090 1
619272 0.000000 0
619280 0.000000 0
619287 0.082120 1
619293 0.000000 0
619300 0.000000 0
619308 0.083590 1
619316 0.000000 0
619324 0.000000 0
619331 0.059490 1
619338 0.000000 0
619346 0.000000 0
619353 0.050020 1
619361 0.000000 0
619368 0.000000 0
619376 0.044360 1
619383 0.000000 0
619390 0.000000 0
619398 0.039640 1
619406 0.000000 0
619414 0.000000 0
619421 0.041700 1
619428 0.000000 0
619436 0.000000 0
619443 0.031970 1
619451 0.000000 0
619458 0.000000 0
619466 0.039640 1
619473 0.000000 0
619480 0.000000 0
619488 0.043670 1
619496 0.000000 0
619504 0.000000 0
619511 0.095120 1
619518 0.000000 0
619526 0.000000 0
619533 0.116330 1
619541 0.000000 0
619548 0.000000 0
619556 0.096640 1
619563 0.000000 0
619570 0.000000 0
619578 0.074010 1
619587 0.000000 0
619594 0.000000 0
619602 0.047520 1
619608 0.000000 0
619616 0.000000 0
619623 0.030500 1
619631 0.000000 0
619638 0.000000 0
619646 0.021740 1
619653 0.000000 0
619660 0.000000 0
619668 0.017010 1
619676 0.000000 0
619684 0.000000 0
619691 0.023760 1
619698 0.000000 0
619706 0.000000 0
619713 0.033140 1
619721 0.000000 0
619728 0.000000 0
619736 0.038270 1
619743 0.000000 0
619750 0.000000 0
619758 0.062850 1
619767 0.000000 0
619774 0.000000 0
619782 0.055790 1
619788 0.000000 0
619796 0.000000 0
619803 0.055920 1
619813 0.000000 0
619820 0.000000 0
619828 0.045550 1
619833 0.000000 0
619840 0.000000 0
619848 0.027340 1
619857 0.000000 0
619864 0.000000 0
619872 0.022430 1
619878 0.000000 0
619886 0.000000 0
619893 0.033830 1
619901 0.000000 0
619908 0.000000 0
619916 0.039060 1
619923 0.000000 0
619930 0.000000 0
619938 0.029220 1
619947 0.000000 0
619954 0.000000 0
619962 0.047030 1
619968 0.000000 0
619976 0.000000 0
619983 0.037050 1
619991 0.000000 0
619998 0.000000 0
620006 0.014600 1
620014 0.000000 0
620022 0.000000 0
620029 0.026200 1
620036 0.000000 0
620044 0.000000 0
620051 0.037460 1
620059 0.000000 0
620066 0.000000 0
620074 0.046370 1
620082 0.000000 0
620090 0.000000 0
620097 0.038070 1
620104 0.000000 0
620112 0.000000 0
620119 0.033830 1
620127 0.000000 0
620134 0.000000 0
620142 0.030000 1
620149 0.000000 0
620156 0.000000 0
620164 0.018310 1
620172 0.000000 0
620180 0.000000 0
620187 0.017460 1
620194 0.000000 0
620202 0.000000 0
620209 0.030750 1
620217 0.000000 0
620224 0.000000 0
620232 0.194840 1
620239 0.000000 0
620246 0.000000 0
620254 0.165300 1
620262 0.000000 0
620270 0.000000 0
620277 0.102370 1
620285 0.000000 0
620292 0.000000 0
620300 0.088900 1
620307 0.000000 0
620314 0.000000 0
620322 0.081740 1
620330 0.000000 0
620338 0.000000 0
620345 0.059240 1
620352 0.000000 0
620360 0.000000 0
620367 0.059880 1
620375 0.000000 0
620382 0.000000 0
620390 0.052110 1
620397 0.000000 0
620404 0.000000 0
620412 0.057940 1
620420 0.000000 0
620428 0.000000 0
620435 0.056060 1
620442 0.000000 0
620450 0.000000 0
620457 0.121100 1
620465 0.000000 0
620472 0.000000 0
620480 0.178480 1
620487 0.000000 0
620494 0.000000 0
620502 0.159580 1
620508 0.000000 0
620516 0.000000 0
620523 0.099350 1
620531 0.000000 0
620538 0.000000 0
620546 0.083310 1
620553 0.000000 0
620560 0.000000 0
620568 0.074720 1
620576 0.000000 0
620584 0.000000 0
620591 0.049260 1
620599 0.000000 0
620606 0.000000 0
620614 0.030240 1
620621 0.000000 0
620628 0.000000 0
620636 0.013520 1
620645 0.000000 0
620652 0.000000 0
620660 0.020660 1
620666 0.000000 0
620674 0.000000 0
620681 0.024080 1
620690 0.000000 0
620698 0.000000 0
620705 0.086020 1
620711 0.000000 0
620718 0.000000 0
620726 0.071700 1
620735 0.000000 0
620742 0.000000 0
620750 0.032440 1
620756 0.000000 0
620764 0.000000 0
620771 0.018310 1
620780 0.000000 0
620788 0.000000 0
620795 0.025600 1
620801 0.000000 0
620808 0.000000 0
620816 0.019130 1
620824 0.000000 0
620832 0.000000 0
620839 0.021740 1
620846 0.000000 0
620854 0.000000 0
620861 0.025310 1
620869 0.000000 0
620876 0.000000 0
620884 0.030500 1
620891 0.000000 0
620898 0.000000 0
620906 0.044010 1
620914 0.000000 0
620922 0.000000 0
620929 0.063710 1
620936 0.000000 0
620944 0.000000 0
620951 0.157030 1
620960 0.000000 0
620968 0.000000 0
620975 0.133730 1
620981 0.000000 0
620988 0.000000 0
620996 0.113210 1
621004 0.000000 0
621012 0.000000 0
621019 0.065480 1
621026 0.000000 0
621034 0.000000 0
621041 0.065830 1
621049 0.000000 0
621056 0.000000 0
621064 0.056340 1
621072 0.000000 0
621080 0.000000 0
621087 0.036220 1
621094 0.000000 0
621102 0.000000 0
621109 0.036220 1
621117 0.000000 0
621124 0.000000 0
621132 0.033600 1
621139 0.000000 0
621146 0.000000 0
621154 0.024700 1
621162 0.000000 0
621170 0.000000 0
621177 0.058590 1
621184 0.000000 0
621192 0.000000 0
621199 0.079850 1
621207 0.000000 0
621214 0.000000 0
621222 0.087860 1
621229 0.000000 0
621236 0.000000 0
621244 0.060260 1
621252 0.000000 0
621260 0.000000 0
621267 0.066160 1
621274 0.000000 0
621282 0.000000 0
621289 0.053270 1
621297 0.000000 0
621304 0.000000 0
621312 0.039640 1
621319 0.000000 0
621326 0.000000 0
621334 0.042250 1
621342 0.000000 0
621350 0.000000 0
621357 0.034040 1
621364 0.000000 0
621372 0.000000 0
621379 0.038670 1
621387 0.000000 0
621394 0.000000 0
621402 0.046710 1
621408 0.000000 0
621416 0.000000 0
621423 0.102830 1
621431 0.000000 0
621438 0.000000 0
621446 0.107040 1
621453 0.000000 0
621460 0.000000 0
621468 0.100340 1
621477 0.000000 0
621484 0.000000 0
621492 0.085040 1
621498 0.000000 0
621506 0.000000 0
621513 0.056870 1
621522 0.000000 0
621530 0.000000 0
621537 0.040960 1
621543 0.000000 0
621550 0.000000 0
621558 0.051510 1
621567 0.000000 0
621574 0.000000 0
621582 0.033140 1
621588 0.000000 0
621596 0.000000 0
621603 0.028700 1
621612 0.000000 0
621620 0.000000 0
621627 0.031480 1
621633 0.000000 0
621640 0.000000 0
621648 0.046050 1
621656 0.000000 0
621664 0.000000 0
621671 0.050920 1
621678 0.000000 0
621686 0.000000 0
621693 0.027890 1
621701 0.000000 0
621708 0.000000 0
621716 0.026200 1
621724 0.000000 0
621732 0.000000 0
621739 0.022430 1
621747 0.000000 0
621754 0.000000 0
621762 0.019130 1
621769 0.000000 0
621776 0.000000 0
621784 0.018720 1
621792 0.000000 0
621800 0.000000 0
621807 0.025910 1
621814 0.000000 0
621822 0.000000 0
621829 0.028700 1
621838 0.000000 0
621846 0.000000 0
621853 0.030500 1
621859 0.000000 0
621866 0.000000 0
621874 0.047200 1
621883 0.000000 0
621890 0.000000 0
621898 0.109850 1
621904 0.000000 0
621912 0.000000 0
621919 0.114550 1
621927 0.000000 0
621934 0.000000 0
621942 0.087690 1
621948 0.000000 0
621956 0.000000 0
621963 0.070530 1
621971 0.000000 0
621978 0.000000 0
621986 0.045380 1
621993 0.000000 0
622000 0.000000 0
622008 0.034490 1
622016 0.000000 0
622024 0.000000 0
622031 0.023760 1
622038 0.000000 0
622046 0.000000 0
622053 0.021030 1
622061 0.000000 0
622068 0.000000 0
622076 0.033830 1
622083 0.000000 0
622090 0.000000 0
622098 0.039440 1
622107 0.000000 0
622114 0.000000 0
622122 0.048940 1
622129 0.000000 0
622136 0.000000 0
622144 0.047670 1
622152 0.000000 0
622160 0.000000 0
622167 0.026490 1
622174 0.000000 0
622182 0.000000 0
622189 0.034930 1
622198 0.000000 0
622206 0.000000 0
622213 0.026780 1
622219 0.000000 0
622226 0.000000 0
622234 0.022430 1
622243 0.000000 0
622250 0.000000 0
622258 0.031250 1
622264 0.000000 0
622272 0.000000 0
622279 0.045720 1
622288 0.000000 0
622296 0.000000 0
622303 0.042250 1
622309 0.000000 0
622316 0.000000 0
622324 0.045550 1
622333 0.000000 0
622340 0.000000 0
622348 0.038270 1
622354 0.000000 0
622362 0.000000 0
622369 0.142890 1
622377 0.000000 0
622384 0.000000 0
622392 0.153430 1
622399 0.000000 0
622406 0.000000 0
622414 0.132400 1
622422 0.000000 0
622430 0.000000 0
622437 0.086200 1
622444 0.000000 0
622452 0.000000 0
622459 0.072970 1
622468 0.000000 0
622476 0.000000 0
622483 0.049560 1
622489 0.000000 0
622496 0.000000 0
622504 0.039830 1
622512 0.000000 0
622520 0.000000 0
622527 0.028170 1
622534 0.000000 0
622542 0.000000 0
622549 0.027340 1
622557 0.000000 0
622564 0.000000 0
622572 0.030000 1
622579 0.000000 0
622586 0.000000 0
622594 0.038470 1
622602 0.000000 0
622610 0.000000 0
622617 0.075640 1
622624 0.000000 0
622632 0.000000 0
622639 0.064180 1
622647 0.000000 0
622654 0.000000 0
622662 0.032210 1
622669 0.000000 0
622676 0.000000 0
622684 0.027890 1
622692 0.000000 0
622700 0.000000 0
622707 0.025600 1
622714 0.000000 0
622722 0.000000 0
622729 0.020290 1
622737 0.000000 0
622744 0.000000 0
622752 0.031720 1
622759 0.000000 0
622766 0.000000 0
622774 0.040410 1
622783 0.000000 0
622790 0.000000 0
622798 0.043490 1
622804 0.000000 0
622812 0.000000 0
622819 0.036640 1
622828 0.000000 0
622836 0.000000 0
622843 0.111710 1
622849 0.000000 0
622856 0.000000 0
622864 0.137820 1
622872 0.000000 0
622880 0.000000 0
622887 0.117830 1
622893 0.000000 0
622900 0.000000 0
622908 0.086900 1
622916 0.000000 0
622924 0.000000 0
622931 0.065000 1
622938 0.000000 0
622946 0.000000 0
622953 0.045040 1
622961 0.000000 0
622968 0.000000 0
622976 0.038270 1
622984 0.000000 0
622992 0.000000 0
622999 0.031480 1
623006 0.000000 0
623014 0.000000 0
623021 0.032670 1
623028 0.000000 0
623036 0.000000 0
623043 0.022430 1
623051 0.000000 0
623058 0.000000 0
623066 0.024700 1
623073 0.000000 0
623080 0.000000 0
623088 0.079580 1
623096 0.000000 0
623104 0.000000 0
623111 0.078890 1
623118 0.000000 0
623126 0.000000 0
623133 0.053270 1
623141 0.000000 0
623148 0.000000 0
623156 0.044190 1
623163 0.000000 0
623170 0.000000 0
623178 0.030990 1
623186 0.000000 0
623194 0.000000 0
623201 0.022100 1
623208 0.000000 0
623216 0.000000 0
623223 0.021390 1
623231 0.000000 0
623238 0.000000 0
623246 0.023100 1
623254 0.000000 0
623262 0.000000 0
623269 0.023760 1
623276 0.000000 0
623284 0.000000 0
623291 0.031480 1
623299 0.000000 0
623306 0.000000 0
623314 0.063100 1
623322 0.000000 0
623330 0.000000 0
623337 0.093100 1
623343 0.000000 0
623350 0.000000 0
623358 0.083310 1
623366 0.000000 0
623374 0.000000 0
623381 0.068100 1
623388 0.000000 0
623396 0.000000 0
623403 0.053270 1
623411 0.000000 0
623418 0.000000 0
623426 0.037460 1
623433 0.000000 0
623440 0.000000 0
623448 0.035160 1
623456 0.000000 0
623464 0.000000 0
623471 0.042070 1
623478 0.000000 0
623486 0.000000 0
623493 0.038670 1
623501 0.000000 0
623508 0.000000 0
623516 0.031720 1
623523 0.000000 0
623530 0.000000 0
623538 0.030000 1
623546 0.000000 0
623554 0.000000 0
623561 0.047990 1
623568 0.000000 0
623576 0.000000 0
623583 0.051070 1
623591 0.000000 0
623598 0.000000 0
623606 0.070850 1
623613 0.000000 0
623620 0.000000 0
623628 0.045040 1
623637 0.000000 0
623644 0.000000 0
623652 0.022430 1
623659 0.000000 0
623666 0.000000 0
623674 0.018720 1
623683 0.000000 0
623690 0.000000 0
623698 0.036220 1
623703 0.000000 0
623710 0.000000 0
623718 0.044190 1
623727 0.000000 0
623734 0.000000 0
623742 0.040960 1
623748 0.000000 0
623756 0.000000 0
623763 0.038670 1
623771 0.000000 0
623778 0.000000 0
623786 0.045880 1
623793 0.000000 0
623800 0.000000 0
623808 0.026200 1
623816 0.000000 0
623824 0.000000 0
623831 0.025010 1
623838 0.000000 0
623846 0.000000 0
623853 0.040020 1
623861 0.000000 0
623868 0.000000 0
623876 0.045720 1
623883 0.000000 0
623890 0.000000 0
623898 0.038470 1
623906 0.000000 0
623914 0.000000 0
623921 0.031480 1
623929 0.000000 0
623936 0.000000 0
623944 0.021390 1
623951 0.000000 0
623958 0.000000 0
623966 0.026490 1
623974 0.000000 0
623982 0.000000 0
623989 0.019130 1
623997 0.000000 0
624004 0.000000 0
624012 0.023760 1
624019 0.000000 0
624026 0.000000 0
624034 0.148680 1
624042 0.000000 0
624050 0.000000 0
624057 0.163230 1
624064 0.000000 0
624072 0.000000 0
624079 0.130660 1
624086 0.000000 0
624094 0.000000 0
624101 0.125960 1
624109 0.000000 0
624116 0.000000 0
624124 0.079960 1
624133 0.000000 0
624140 0.000000 0
624148 0.064420 1
624154 0.000000 0
624162 0.000000 0
624169 0.042790 1
624177 0.000000 0
624184 0.000000 0
624192 0.040410 1
624199 0.000000 0
624206 0.000000 0
624214 0.037870 1
624221 0.000000 0
624228 0.000000 0
624236 0.034270 1
624243 0.000000 0
624250 0.000000 0
624258 0.036220 1
624267 0.000000 0
624274 0.000000 0
624282 0.126510 1
624288 0.000000 0
624296 0.000000 0
624303 0.126700 1
624312 0.000000 0
624320 0.000000 0
624327 0.107180 1
624335 0.000000 0
624342 0.000000 0
624350 0.093660 1
624357 0.000000 0
624364 0.000000 0
624372 0.059490 1
624380 0.000000 0
624388 0.000000 0
624395 0.059880 1
624401 0.000000 0
624408 0.000000 0
624416 0.032210 1
624425 0.000000 0
624432 0.000000 0
624440 0.028170 1
624446 0.000000 0
624454 0.000000 0
624461 0.029480 1
624469 0.000000 0
624476 0.000000 0
624484 0.015120 1
624491 0.000000 0
624498 0.000000 0
624506 0.068990 1
624515 0.000000 0
624522 0.000000 0
624530 0.074220 1
624536 0.000000 0
624544 0.000000 0
624551 0.042970 1
624560 0.000000 0
624568 0.000000 0
624575 0.030240 1
624581 0.000000 0
624588 0.000000 0
624596 0.028430 1
624605 0.000000 0
624612 0.000000 0
624620 0.018720 1
624626 0.000000 0
624634 0.000000 0
624641 0.017010 1
624649 0.000000 0
624656 0.000000 0
624664 0.021390 1
624671 0.000000 0
624678 0.000000 0
624686 0.027340 1
624694 0.000000 0
624702 0.000000 0
624709 0.035370 1
624717 0.000000 0
624724 0.000000 0
624732 0.030990 1
624739 0.000000 0
624746 0.000000 0
624754 0.121400 1
624761 0.000000 0
624768 0.000000 0
624776 0.122030 1
624784 0.000000 0
624792 0.000000 0
624799 0.114950 1
624806 0.000000 0
624814 0.000000 0
624821 0.084950 1
624829 0.000000 0
624836 0.000000 0
624844 0.096390 1
624851 0.000000 0
624858 0.000000 0
624866 0.074720 1
624874 0.000000 0
624882 0.000000 0
624889 0.046710 1
624897 0.000000 0
624904 0.000000 0
624912 0.041700 1
624919 0.000000 0
624926 0.000000 0
624934 0.021740 1
624942 0.000000 0
624950 0.000000 0
624957 0.023100 1
624964 0.000000 0
624972 0.000000 0
624979 0.039830 1
624987 0.000000 0
624994 0.000000 0
625002 0.052110 1
625009 0.000000 0
625016 0.000000 0
625024 0.057130 1
625031 0.000000 0
625038 0.000000 0
625046 0.057400 1
625054 0.000000 0
625062 0.000000 0
625069 0.062850 1
625077 0.000000 0
625084 0.000000 0
625092 0.043670 1
625099 0.000000 0
625106 0.000000 0
625114 0.041520 1
625123 0.000000 0
625130 0.000000 0
625138 0.038070 1
625145 0.000000 0
625152 0.000000 0
625160 0.037050 1
625167 0.000000 0
625174 0.000000 0
625182 0.039250 1
625189 0.000000 0
625196 0.000000 0
625204 0.044530 1
625212 0.000000 0
625220 0.000000 0
625227 0.085480 1
625234 0.000000 0
625242 0.000000 0
625249 0.094390 1
625257 0.000000 0
625264 0.000000 0
625272 0.091260 1
625279 0.000000 0
625286 0.000000 0
625294 0.068770 1
625302 0.000000 0
625310 0.000000 0
625317 0.052260 1
625323 0.000000 0
625330 0.000000 0
625338 0.044880 1
625347 0.000000 0
625354 0.000000 0
625362 0.036420 1
625368 0.000000 0
625376 0.000000 0
625383 0.033370 1
625392 0.000000 0
625400 0.000000 0
625407 0.024700 1
625413 0.000000 0
625420 0.000000 0
625428 0.020660 1
625437 0.000000 0
625444 0.000000 0
625452 0.042250 1
625458 0.000000 0
625466 0.000000 0
625473 0.045040 1
625481 0.000000 0
625488 0.000000 0
625496 0.043490 1
625503 0.000000 0
625510 0.000000 0
625518 0.038470 1
625526 0.000000 0
625534 0.000000 0
625541 0.035370 1
625548 0.000000 0
625556 0.000000 0
625563 0.035800 1
625572 0.000000 0
625580 0.000000 0
625587 0.038470 1
625593 0.000000 0
625600 0.000000 0
625608 0.029480 1
625617 0.000000 0
625624 0.000000 0
625632 0.028700 1
625639 0.000000 0
625646 0.000000 0
625654 0.022770 1
625662 0.000000 0
625670 0.000000 0
625677 0.031480 1
625684 0.000000 0
625692 0.000000 0
625699 0.085570 1
625707 0.000000 0
625714 0.000000 0
625722 0.102310 1
625728 0.000000 0
625736 0.000000 0
625743 0.103490 1
625751 0.000000 0
625758 0.000000 0
625766 0.070080 1
625773 0.000000 0
625780 0.000000 0
625788 0.060380 1
625796 0.000000 0
625804 0.000000 0
625811 0.035160 1
625818 0.000000 0
625826 0.000000 0
625833 0.036640 1
625842 0.000000 0
625850 0.000000 0
625857 0.029220 1
625863 0.000000 0
625870 0.000000 0
625878 0.035800 1
625886 0.000000 0
625894 0.000000 0
625901 0.048630 1
625908 0.000000 0
625916 0.000000 0
625923 0.040410 1
625931 0.000000 0
625938 0.000000 0
625946 0.043140 1
625953 0.000000 0
625960 0.000000 0
625968 0.033140 1
625977 0.000000 0
625984 0.000000 0
625992 0.026200 1
625999 0.000000 0
626006 0.000000 0
626014 0.028170 1
626022 0.000000 0
626030 0.000000 0
626037 0.034710 1
626044 0.000000 0
626052 0.000000 0
626059 0.035370 1
626068 0.000000 0
626076 0.000000 0
626083 0.034710 1
626089 0.000000 0
626096 0.000000 0
626104 0.041890 1
626113 0.000000 0
626120 0.000000 0
626128 0.038470 1
626134 0.000000 0
626142 0.000000 0
626149 0.028430 1
626157 0.000000 0
626164 0.000000 0
626172 0.059880 1
626179 0.000000 0
626186 0.000000 0
626194 0.105390 1
626202 0.000000 0
626210 0.000000 0
626217 0.104220 1
626224 0.000000 0
626232 0.000000 0
626239 0.084600 1
626247 0.000000 0
626254 0.000000 0
626262 0.079850 1
626268 0.000000 0
626276 0.000000 0
626283 0.060760 1
626291 0.000000 0
626298 0.000000 0
626306 0.044710 1
626313 0.000000 0
626320 0.000000 0
626328 0.028430 1
626336 0.000000 0
626344 0.000000 0
626351 0.015630 1
626358 0.000000 0
626366 0.000000 0
626373 0.027050 1
626382 0.000000 0
626390 0.000000 0
626397 0.026200 1
626403 0.000000 0
626410 0.000000 0
626418 0.060760 1
626426 0.000000 0
626434 0.000000 0
626441 0.066970 1
626449 0.000000 0
626456 0.000000 0
626464 0.044530 1
626472 0.000000 0
626480 0.000000 0
626487 0.034710 1
626493 0.000000 0
626500 0.000000 0
626508 0.028170 1
626517 0.000000 0
626524 0.000000 0
626532 0.027050 1
626539 0.000000 0
626546 0.000000 0
626554 0.023100 1
626563 0.000000 0
626570 0.000000 0
626578 0.029220 1
626584 0.000000 0
626592 0.000000 0
626599 0.038070 1
626607 0.000000 0
626614 0.000000 0
626622 0.041890 1
626629 0.000000 0
626636 0.000000 0
626644 0.065830 1
626652 0.000000 0
626660 0.000000 0
626667 0.102750 1
626673 0.000000 0
626680 0.000000 0
626688 0.099120 1
626696 0.000000 0
626704 0.000000 0
626711 0.080230 1
626718 0.000000 0
626726 0.000000 0
626733 0.067770 1
626741 0.000000 0
626748 0.000000 0
626756 0.039250 1
626763 0.000000 0
626770 0.000000 0
626778 0.025310 1
626786 0.000000 0
626794 0.000000 0
626801 0.027890 1
626808 0.000000 0
626816 0.000000 0
626823 0.032670 1
626831 0.000000 0
626838 0.000000 0
626846 0.031250 1
626853 0.000000 0
626860 0.000000 0
626868 0.021390 1
626876 0.000000 0
626884 0.000000 0
626891 0.121220 1
626899 0.000000 0
626906 0.000000 0
626914 0.099580 1
626921 0.000000 0
626928 0.000000 0
626936 0.078020 1
626943 0.000000 0
626950 0.000000 0
626958 0.043670 1
626966 0.000000 0
626974 0.000000 0
626981 0.023760 1
626988 0.000000 0
626996 0.000000 0
627003 0.006760 0
627012 0.000000 0
627020 0.000000 0
627027 0.009570 0
627033 0.000000 0
627040 0.000000 0
627048 0.019530 0
627056 0.000000 0
627064 0.000000 0
627071 0.027620 0
627079 0.000000 0
627086 0.000000 0
627094 0.026200 0
627102 0.000000 0
627110 0.000000 0
627117 0.026200 0
627124 0.000000 0
627132 0.000000 0
627139 0.072450 0
627147 0.000000 0
627154 0.000000 0
627162 0.079850 0
627169 0.000000 0
627176 0.000000 0
627184 0.071380 0
627191 0.000000 0
627198 0.000000 0
627206 0.062240 0
627214 0.000000 0
627222 0.000000 0
627229 0.078890 0
627237 0.000000 0
627244 0.000000 0
627252 0.066410 0
627259 0.000000 0
627266 0.000000 0
627274 0.051380 0
627282 0.000000 0
627290 0.000000 0
627297 0.039440 0
627303 0.000000 0
627310 0.000000 0
627318 0.038070 0
627326 0.000000 0
627334 0.000000 0
627341 0.055100 0
627348 0.000000 0
627356 0.000000 0
627363 0.074310 0
627371 0.000000 0
627378 0.000000 0
627386 0.071600 0
627394 0.000000 0
627402 0.000000 0
627409 0.067430 0
627416 0.000000 0
627424 0.000000 0
627431 0.047990 0
627438 0.000000 0
627446 0.000000 0
627453 0.022770 0
627461 0.000000 0
627468 0.000000 0
627476 0.008730 0
627483 0.000000 0
627490 0.000000 0
627498 0.013520 0
627506 0.000000 0
627514 0.000000 0
627521 0.017900 0
627530 0.000000 0
627538 0.000000 0
627545 0.022770 0
627551 0.000000 0
627558 0.000000 0
627566 0.030000 0
627573 0.000000 0
627580 0.000000 0
627588 0.035160 0
627596 0.000000 0
627604 0.000000 0
627611 0.047670 0
627620 0.000000 0
627628 0.000000 0
627635 0.055920 0
627642 0.000000 0
627650 0.000000 0
627657 0.037660 0
627665 0.000000 0
627672 0.000000 0
627680 0.025600 0
627686 0.000000 0
627694 0.000000 0
627701 0.029220 0
627710 0.000000 0
627718 0.000000 0
627725 0.029740 0
627732 0.000000 0
627740 0.000000 0
627747 0.030240 0
627755 0.000000 0
627762 0.000000 0
627770 0.030500 0
627777 0.000000 0
627784 0.000000 0
627792 0.025600 0
627800 0.000000 0
627808 0.000000 0
627815 0.019910 0
627822 0.000000 0
627830 0.000000 0
627837 0.162940 0
627845 0.000000 0
627852 0.000000 0
627860 0.224430 0
627867 0.000000 0
627874 0.000000 0
627882 0.172230 0
627890 0.000000 0
627898 0.000000 0
627905 0.131880 0
627911 0.000000 0
627918 0.000000 0
627926 0.072540 0
627935 0.000000 0
627942 0.000000 0
627950 0.023440 0
627956 0.000000 0
627964 0.000000 0
627971 0.026200 0
627980 0.000000 0
627988 0.000000 0
627995 0.022100 0
628002 0.000000 0
628010 0.000000 0
628017 0.021390 0
628025 0.000000 0
628032 0.000000 0
628040 0.022770 0
628047 0.000000 0
628054 0.000000 0
628062 0.031480 0
628070 0.000000 0
628078 0.000000 0
628085 0.079960 0
628091 0.000000 0
628098 0.000000 0
628106 0.081380 0
628115 0.000000 0
628122 0.000000 0
628130 0.088290 0
628136 0.000000 0
628144 0.000000 0
628151 0.075750 0
628160 0.000000 0
628168 0.000000 0
628175 0.079760 0
628181 0.000000 0
628188 0.000000 0
628196 0.072130 0
628203 0.000000 0
628210 0.000000 0
628218 0.077530 0
628226 0.000000 0
628234 0.000000 0
628241 0.060880 0
628250 0.000000 0
628258 0.000000 0
628265 0.044710 0
628271 0.000000 0
628278 0.000000 0
628286 0.055790 0
628295 0.000000 0
628302 0.000000 0
628310 0.044010 0
628316 0.000000 0
628324 0.000000 0
628331 0.044710 0
628340 0.000000 0
628348 0.000000 0
628355 0.044530 0
628361 0.000000 0
628368 0.000000 0
628376 0.034930 0
628385 0.000000 0
628392 0.000000 0
628400 0.014600 0
628406 0.000000 0
628414 0.000000 0
628421 0.003910 0
628430 0.000000 0
628438 0.000000 0
628445 0.010330 0
628451 0.000000 0
628458 0.000000 0
628466 0.009570 0
628475 0.000000 0
628482 0.000000 0
628490 0.014600 0
628496 0.000000 0
628504 0.000000 0
628511 0.017010 0
628520 0.000000 0
628528 0.000000 0
628535 0.032670 0
628541 0.000000 0
628548 0.000000 0
628556 0.062850 0
628564 0.000000 0
628572 0.000000 0
628579 0.099430 0
628586 0.000000 0
628594 0.000000 0
628601 0.091690 0
628610 0.000000 0
628618 0.000000 0
628625 0.093340 0
628631 0.000000 0
628638 0.000000 0
628646 0.084670 0
628655 0.000000 0
628662 0.000000 0
628670 0.079580 0
628676 0.000000 0
628684 0.000000 0
628691 0.052980 0
628699 0.000000 0
628706 0.000000 0
628714 0.053970 0
628721 0.000000 0
628728 0.000000 0
628736 0.040590 0
628744 0.000000 0
628752 0.000000 0
628759 0.047350 0
628766 0.000000 0
628774 0.000000 0
628781 0.041700 0
628789 0.000000 0
628796 0.000000 0
628804 0.056460 0
628811 0.000000 0
628818 0.000000 0
628826 0.064880 0
628834 0.000000 0
628842 0.000000 0
628849 0.038670 0
628856 0.000000 0
628864 0.000000 0
628871 0.019910 0
628879 0.000000 0
628886 0.000000 0
628894 0.006760 0
628901 0.000000 0
628908 0.000000 0
628916 0.007810 0
628924 0.000000 0
628932 0.000000 0
628939 0.009570 0
628946 0.000000 0
628954 0.000000 0
628961 0.016570 0
628969 0.000000 0
628976 0.000000 0
628984 0.025010 0
628991 0.000000 0
628998 0.000000 0
629006 0.034930 0
629014 0.000000 0
629022 0.000000 0
629029 0.053120 0
629036 0.000000 0
629044 0.000000 0
629051 0.085850 0
629059 0.000000 0
629066 0.000000 0
629074 0.072860 0
629081 0.000000 0
629088 0.000000 0
629096 0.063100 0
629105 0.000000 0
629112 0.000000 0
629120 0.084410 0
629126 0.000000 0
629134 0.000000 0
629141 0.082310 0
629150 0.000000 0
629158 0.000000 0
629165 0.086110 0
629171 0.000000 0
629178 0.000000 0
629186 0.071060 0
629194 0.000000 0
629202 0.000000 0
629209 0.046050 0
629216 0.000000 0
629224 0.000000 0
629231 0.044880 0
629239 0.000000 0
629246 0.000000 0
629254 0.043490 0
629261 0.000000 0
629268 0.000000 0
629276 0.054260 0
629284 0.000000 0
629292 0.000000 0
629299 0.055920 0
629306 0.000000 0
629314 0.000000 0
629321 0.074220 0
629329 0.000000 0
629336 0.000000 0
629344 0.048310 0
629351 0.000000 0
629358 0.000000 0
629366 0.015120 0
629374 0.000000 0
629382 0.000000 0
629389 0.008730 0
629396 0.000000 0
629404 0.000000 0
629411 0.010330 0
629419 0.000000 0
629426 0.000000 0
629434 0.026200 0
629441 0.000000 0
629448 0.000000 0
629456 0.041150 0
629464 0.000000 0
629472 0.000000 0
629479 0.055100 0
629486 0.000000 0
629494 0.000000 0
629501 0.083500 0
629509 0.000000 0
629516 0.000000 0
629524 0.095840 0
629531 0.000000 0
629538 0.000000 0
629546 0.090680 0
629554 0.000000 0
629562 0.000000 0
629569 0.070310 0
629576 0.000000 0
629584 0.000000 0
629591 0.067540 0
629600 0.000000 0
629608 0.000000 0
629615 0.056340 0
629621 0.000000 0
629628 0.000000 0
629636 0.057540 0
629644 0.000000 0
629652 0.000000 0
629659 0.058590 0
629666 0.000000 0
629674 0.000000 0
629681 0.038270 0
629689 0.000000 0
629696 0.000000 0
629704 0.039440 0
629711 0.000000 0
629718 0.000000 0
629726 0.040410 0
629734 0.000000 0
629742 0.000000 0
629749 0.083860 0
629756 0.000000 0
629764 0.000000 0
629771 0.086460 0
629779 0.000000 0
629786 0.000000 0
629794 0.069760 0
629801 0.000000 0
629808 0.000000 0
629816 0.053700 0
629824 0.000000 0
629832 0.000000 0
629839 0.032910 0
629846 0.000000 0
629854 0.000000 0
629861 0.007810 0
629869 0.000000 0
629876 0.000000 0
629884 0.009570 0
629891 0.000000 0
629898 0.000000 0
629906 0.014080 0
629914 0.000000 0
629922 0.000000 0
629929 0.018310 0
629936 0.000000 0
629944 0.000000 0
629951 0.011720 0
629959 0.000000 0
629966 0.000000 0
629974 0.050170 0
629981 0.000000 0
629988 0.000000 0
629996 0.128310 0
630004 0.000000 0
630012 0.000000 0
630019 0.122960 0
630026 0.000000 0
630034 0.000000 0
630041 0.094150 0
630049 0.000000 0
630056 0.000000 0
630064 0.086900 0
630071 0.000000 0
630078 0.000000 0
630086 0.064880 0
630095 0.000000 0
630102 0.000000 0
630110 0.066870 0
630116 0.000000 0
630124 0.000000 0
630131 0.062500 0
630139 0.000000 0
630146 0.000000 0
630154 0.051380 0
630161 0.000000 0
630168 0.000000 0
630176 0.043490 0
630184 0.000000 0
630192 0.000000 0
630199 0.051820 0
630206 0.000000 0
630214 0.000000 0
630221 0.070420 0
630230 0.000000 0
630238 0.000000 0
630245 0.080610 0
630251 0.000000 0
630258 0.000000 0
630266 0.070950 0
630274 0.000000 0
630282 0.000000 0
630289 0.051820 0
630296 0.000000 0
630304 0.000000 0
630311 0.025010 0
630320 0.000000 0
630328 0.000000 0
630335 0.012340 0
630341 0.000000 0
630348 0.000000 0
630356 0.013520 0
630364 0.000000 0
630372 0.000000 0
630379 0.013520 0
630386 0.000000 0
630394 0.000000 0
630401 0.021390 0
630409 0.000000 0
630416 0.000000 0
630424 0.014080 0
630431 0.000000 0
630438 0.000000 0
630446 0.024080 0
630454 0.000000 0
630462 0.000000 0
630469 0.104010 0
630476 0.000000 0
630484 0.000000 0
630491 0.120580 0
630499 0.000000 0
630506 0.000000 0
630514 0.089750 0
630521 0.000000 0
630528 0.000000 0
630536 0.075330 0
630545 0.000000 0
630552 0.000000 0
630560 0.083220 0
630566 0.000000 0
630574 0.000000 0
630581 0.077040 0
630589 0.000000 0
630596 0.000000 0
630604 0.056200 0
630611 0.000000 0
630618 0.000000 0
630626 0.035800 0
630634 0.000000 0
630642 0.000000 0
630649 0.026780 0
630656 0.000000 0
630664 0.000000 0
630671 0.034710 0
630679 0.000000 0
630686 0.000000 0
630694 0.073590 0
630701 0.000000 0
630708 0.000000 0
630716 0.076340 0
630724 0.000000 0
630732 0.000000 0
630739 0.074920 0
630746 0.000000 0
630754 0.000000 0
630761 0.055920 0
630769 0.000000 0
630776 0.000000 0
630784 0.038070 0
630791 0.000000 0
630798 0.000000 0
630806 0.015120 0
630814 0.000000 0
630822 0.000000 0
630829 0.006760 0
630836 0.000000 0
630844 0.000000 0
630851 0.007810 0
630859 0.000000 0
630866 0.000000 0
630874 0.016100 0
630881 0.000000 0
630888 0.000000 0
630896 0.026200 0
630904 0.000000 0
630912 0.000000 0
630919 0.030240 0
630926 0.000000 0
630934 0.000000 0
630941 0.095990 0
630949 0.000000 0
630956 0.000000 0
630964 0.110060 0
630971 0.000000 0
630978 0.000000 0
630986 0.078510 0
630994 0.000000 0
631002 0.000000 0
631009 0.070420 0
631016 0.000000 0
631024 0.000000 0
631031 0.064650 0
631039 0.000000 0
631046 0.000000 0
631054 0.056730 0
631061 0.000000 0
631068 0.000000 0
631076 0.042790 0
631084 0.000000 0
631092 0.000000 0
631099 0.038670 0
631106 0.000000 0
631114 0.000000 0
631121 0.040020 0
631129 0.000000 0
631136 0.000000 0
631144 0.049260 0
631151 0.000000 0
631158 0.000000 0
631166 0.065130 0
631174 0.000000 0
631182 0.000000 0
631189 0.069110 0
631196 0.000000 0
631204 0.000000 0
631211 0.061630 0
631219 0.000000 0
631226 0.000000 0
631234 0.047520 0
631241 0.000000 0
631248 0.000000 0
631256 0.014080 0
631264 0.000000 0
631272 0.000000 0
631279 0.007810 0
631286 0.000000 0
631294 0.000000 0
631301 0.010330 0
631309 0.000000 0
631316 0.000000 0
631324 0.013520 0
631331 0.000000 0
631338 0.000000 0
631346 0.007810 0
631354 0.000000 0
631362 0.000000 0
631369 0.015630 0
631376 0.000000 0
631384 0.000000 0
631391 0.028170 0
631399 0.000000 0
631406 0.000000 0
631414 0.062500 0
631421 0.000000 0
631428 0.000000 0
631436 0.088640 0
631445 0.000000 0
631452 0.000000 0
631460 0.062730 0
631466 0.000000 0
631474 0.000000 0
631481 0.029220 0
631489 0.000000 0
631496 0.000000 0
631504 0.025310 0
631512 0.000000 0
631520 0.000000 0
631527 0.016100 0
631534 0.000000 0
631542 0.000000 0
631549 0.011050 0
631557 0.000000 0
631564 0.000000 0
631572 0.016570 0
631579 0.000000 0
631586 0.000000 0
631594 0.013520 0
631603 0.000000 0
631610 0.000000 0
631618 0.014600 0
631624 0.000000 0
631632 0.000000 0
631639 0.121280 0
631648 0.000000 0
631656 0.000000 0
631663 0.254830 0
631669 0.000000 0
631676 0.000000 0
631684 0.200320 0
631691 0.000000 0
631698 0.000000 0
631706 0.147450 0
631714 0.000000 0
631722 0.000000 0
631729 0.089330 0
631736 0.000000 0
631744 0.000000 0
631751 0.022430 0
631759 0.000000 0
631766 0.000000 0
631774 0.012950 0
631782 0.000000 0
631790 0.000000 0
631797 0.014600 0
631804 0.000000 0
631812 0.000000 0
631819 0.017010 0
631827 0.000000 0
631834 0.000000 0
631842 0.023760 0
631849 0.000000 0
631856 0.000000 0
631864 0.031720 0
631873 0.000000 0
631880 0.000000 0
631888 0.102680 0
631894 0.000000 0
631902 0.000000 0
631909 0.119110 0
631918 0.000000 0
631926 0.000000 0
631933 0.091190 0
631939 0.000000 0
631946 0.000000 0
631954 0.112670 0
631961 0.000000 0
631968 0.000000 0
631976 0.091190 0
631984 0.000000 0
631992 0.000000 0
631999 0.086110 0
632007 0.000000 0
632014 0.000000 0
632022 0.061140 0
632029 0.000000 0
632036 0.000000 0
632044 0.069980 0
632052 0.000000 0
632060 0.000000 0
632067 0.052550 0
632074 0.000000 0
632082 0.000000 0
632089 0.037870 0
632096 0.000000 0
632104 0.000000 0
632111 0.039060 0
632118 0.000000 0
632126 0.000000 0
632133 0.057800 0
632142 0.000000 0
632150 0.000000 0
632157 0.055920 0
632164 0.000000 0
632172 0.000000 0
632179 0.046050 0
632187 0.000000 0
632194 0.000000 0
632202 0.017010 0
632208 0.000000 0
632216 0.000000 0
632223 0.007810 0
632231 0.000000 0
632238 0.000000 0
632246 0.005520 0
632253 0.000000 0
632260 0.000000 0
632268 0.010330 0
632276 0.000000 0
632284 0.000000 0
632291 0.013520 0
632299 0.000000 0
632306 0.000000 0
632314 0.012340 0
632321 0.000000 0
632328 0.000000 0
632336 0.025010 0
632344 0.000000 0
632352 0.000000 0
632359 0.078710 0
632367 0.000000 0
632374 0.000000 0
632382 0.121340 0
632389 0.000000 0
632396 0.000000 0
632404 0.098970 0
632413 0.000000 0
632420 0.000000 0
632428 0.100570 0
632434 0.000000 0
632442 0.000000 0
632449 0.093490 0
632458 0.000000 0
632466 0.000000 0
632473 0.078710 0
632479 0.000000 0
632486 0.000000 0
632494 0.073900 0
632501 0.000000 0
632508 0.000000 0
632516 0.067870 0
632524 0.000000 0
632532 0.000000 0
632539 0.056600 0
632547 0.000000 0
632554 0.000000 0
632562 0.042790 0
632568 0.000000 0
632576 0.000000 0
632583 0.050320 0
632591 0.000000 0
632598 0.000000 0
632606 0.086020 0
632613 0.000000 0
632620 0.000000 0
632628 0.046050 0
632637 0.000000 0
632644 0.000000 0
632652 0.015120 0
632658 0.000000 0
632666 0.000000 0
632673 0.018720 0
632681 0.000000 0
632688 0.000000 0
632696 0.018720 0
632703 0.000000 0
632710 0.000000 0
632718 0.017900 0
632726 0.000000 0
632734 0.000000 0
632741 0.028430 0
632749 0.000000 0
632756 0.000000 0
632764 0.022430 0
632771 0.000000 0
632778 0.000000 0
632786 0.030000 0
632794 0.000000 0
632802 0.000000 0
632809 0.035370 0
632816 0.000000 0
632824 0.000000 0
632831 0.069430 0
632839 0.000000 0
632846 0.000000 0
632854 0.121970 0
632861 0.000000 0
632868 0.000000 0
632876 0.120390 0
632885 0.000000 0
632892 0.000000 0
632900 0.093830 0
632907 0.000000 0
632914 0.000000 0
632922 0.080610 0
632930 0.000000 0
632938 0.000000 0
632945 0.078600 0
632952 0.000000 0
632960 0.000000 0
632967 0.075440 0
632975 0.000000 0
632982 0.000000 0
632990 0.065250 0
632997 0.000000 0
633004 0.000000 0
633012 0.067770 0
633018 0.000000 0
633026 0.000000 0
633033 0.039060 0
633042 0.000000 0
633050 0.000000 0
633057 0.041340 0
633065 0.000000 0
633072 0.000000 0
633080 0.062120 0
633087 0.000000 0
633094 0.000000 0
633102 0.046370 0
633110 0.000000 0
633118 0.000000 0
633125 0.025600 0
633132 0.000000 0
633140 0.000000 0
633147 0.030500 0
633155 0.000000 0
633162 0.000000 0
633170 0.027620 0
633177 0.000000 0
633184 0.000000 0
633192 0.030500 0
633200 0.000000 0
633208 0.000000 0
633215 0.016100 0
633222 0.000000 0
633230 0.000000 0
633237 0.014600 0
633245 0.000000 0
633252 0.000000 0
633260 0.024700 0
633267 0.000000 0
633274 0.000000 0
633282 0.035800 0
633290 0.000000 0
633298 0.000000 0
633305 0.037260 0
633312 0.000000 0
633320 0.000000 0
633327 0.110060 0
633335 0.000000 0
633342 0.000000 0
633350 0.099810 0
633357 0.000000 0
633364 0.000000 0
633372 0.087770 0
633380 0.000000 0
633388 0.000000 0
633395 0.072540 0
633402 0.000000 0
633410 0.000000 0
633417 0.069110 0
633425 0.000000 0
633432 0.000000 0
633440 0.066970 0
633446 0.000000 0
633454 0.000000 0
633461 0.048630 0
633468 0.000000 0
633476 0.000000 0
633483 0.039830 0
633491 0.000000 0
633498 0.000000 0
633506 0.037660 0
633513 0.000000 0
633520 0.000000 0
633528 0.040770 0
633536 0.000000 0
633544 0.000000 0
633551 0.037050 0
633558 0.000000 0
633566 0.000000 0
633573 0.028700 0
633581 0.000000 0
633588 0.000000 0
633596 0.022770 0
633605 0.000000 0
633612 0.000000 0
633620 0.008730 0
633626 0.000000 0
633634 0.000000 0
633641 0.019130 0
633649 0.000000 0
633656 0.000000 0
633664 0.022770 0
633671 0.000000 0
633678 0.000000 0
633686 0.019130 0
633695 0.000000 0
633702 0.000000 0
633710 0.011720 0
633716 0.000000 0
633724 0.000000 0
633731 0.031250 0
633740 0.000000 0
633748 0.000000 0
633755 0.031250 0
633761 0.000000 0
633768 0.000000 0
633776 0.036640 0
633785 0.000000 0
633792 0.000000 0
633800 0.142020 0
633806 0.000000 0
633814 0.000000 0
633821 0.170580 0
633830 0.000000 0
633838 0.000000 0
633845 0.120840 0
633851 0.000000 0
633858 0.000000 0
633866 0.106030 0
633875 0.000000 0
633882 0.000000 0
633890 0.099050 0
633896 0.000000 0
633904 0.000000 0
633911 0.073490 0
633920 0.000000 0
633928 0.000000 0
633935 0.050480 0
633941 0.000000 0
633948 0.000000 0
633956 0.040960 0
633965 0.000000 0
633972 0.000000 0
633980 0.037660 0
633986 0.000000 0
633994 0.000000 0
634001 0.036850 0
634010 0.000000 0
634018 0.000000 0
634025 0.048630 0
634031 0.000000 0
634038 0.000000 0
634046 0.058060 0
634054 0.000000 0
634062 0.000000 0
634069 0.040410 0
634076 0.000000 0
634084 0.000000 0
634091 0.021740 0
634099 0.000000 0
634106 0.000000 0
634114 0.022430 0
634121 0.000000 0
634128 0.000000 0
634136 0.022770 0
634144 0.000000 0
634152 0.000000 0
634159 0.021030 0
634166 0.000000 0
634174 0.000000 0
634181 0.037260 0
634189 0.000000 0
634196 0.000000 0
634204 0.036640 0
634211 0.000000 0
634218 0.000000 0
634226 0.026490 0
634234 0.000000 0
634242 0.000000 0
634249 0.042790 0
634257 0.000000 0
634264 0.000000 0
634272 0.104300 0
634279 0.000000 0
634286 0.000000 0
634294 0.113740 0
634301 0.000000 0
634308 0.000000 0
634316 0.106690 0
634324 0.000000 0
634332 0.000000 0
634339 0.088810 0
634346 0.000000 0
634354 0.000000 0
634361 0.074920 0
634369 0.000000 0
634376 0.000000 0
634384 0.053700 0
634391 0.000000 0
634398 0.000000 0
634406 0.036640 0
634414 0.000000 0
634422 0.000000 0
634429 0.036420 0
634436 0.000000 0
634444 0.000000 0
634451 0.033600 0
634459 0.000000 0
634466 0.000000 0
634474 0.035800 0
634481 0.000000 0
634488 0.000000 0
634496 0.018310 0
634504 0.000000 0
634512 0.000000 0
634519 0.063460 0
634526 0.000000 0
634534 0.000000 0
634541 0.050780 0
634549 0.000000 0
634556 0.000000 0
634564 0.050480 0
634571 0.000000 0
634578 0.000000 0
634586 0.041890 0
634594 0.000000 0
634602 0.000000 0
634609 0.027340 0
634616 0.000000 0
634624 0.000000 0
634631 0.025310 0
634639 0.000000 0
634646 0.000000 0
634654 0.023440 0
634661 0.000000 0
634668 0.000000 0
634676 0.021030 0
634684 0.000000 0
634692 0.000000 0
634699 0.022770 0
634706 0.000000 0
634714 0.000000 0
634721 0.031480 0
634729 0.000000 0
634736 0.000000 0
634744 0.056870 0
634751 0.000000 0
634758 0.000000 0
634766 0.075530 0
634774 0.000000 0
634782 0.000000 0
634789 0.075030 0
634796 0.000000 0
634804 0.000000 0
634811 0.075330 0
634820 0.000000 0
634828 0.000000 0
634835 0.069110 0
634841 0.000000 0
634848 0.000000 0
634856 0.054690 0
634865 0.000000 0
634872 0.000000 0
634880 0.067310 0
634886 0.000000 0
634894 0.000000 0
634901 0.060760 0
634909 0.000000 0
634916 0.000000 0
634924 0.040020 0
634931 0.000000 0
634938 0.000000 0
634946 0.053700 0
634954 0.000000 0
634962 0.000000 0
634969 0.071920 0
634976 0.000000 0
634984 0.000000 0
634991 0.096240 0
634999 0.000000 0
635006 0.000000 0
635014 0.080900 0
635021 0.000000 0
635028 0.000000 0
635036 0.063710 0
635045 0.000000 0
635052 0.000000 0
635060 0.022770 0
635066 0.000000 0
635074 0.000000 0
635081 0.016100 0
635089 0.000000 0
635096 0.000000 0
635104 0.013520 0
635111 0.000000 0
635118 0.000000 0
635126 0.023440 0
635134 0.000000 0
635142 0.000000 0
635149 0.020660 0
635156 0.000000 0
635164 0.000000 0
635171 0.026200 0
635179 0.000000 0
635186 0.000000 0
635194 0.025600 0
635201 0.000000 0
635208 0.000000 0
635216 0.056060 0
635225 0.000000 0
635232 0.000000 0
635240 0.091430 0
635246 0.000000 0
635254 0.000000 0
635261 0.092350 0
635269 0.000000 0
635276 0.000000 0
635284 0.055370 0
635292 0.000000 0
635300 0.000000 0
635307 0.034040 0
635314 0.000000 0
635322 0.000000 0
635329 0.028960 0
635337 0.000000 0
635344 0.000000 0
635352 0.083590 0
635359 0.000000 0
635366 0.000000 0
635374 0.054960 0
635383 0.000000 0
635390 0.000000 0
635398 0.044710 0
635404 0.000000 0
635412 0.000000 0
635419 0.047520 0
635428 0.000000 0
635436 0.000000 0
635443 0.049090 0
635449 0.000000 0
635456 0.000000 0
635464 0.172400 0
635472 0.000000 0
635480 0.000000 0
635487 0.193420 0
635494 0.000000 0
635502 0.000000 0
635509 0.132170 0
635517 0.000000 0
635524 0.000000 0
635532 0.086460 0
635539 0.000000 0
635546 0.000000 0
635554 0.043490 0
635562 0.000000 0
635570 0.000000 0
635577 0.025010 0
635584 0.000000 0
635592 0.000000 0
635599 0.036220 0
635607 0.000000 0
635614 0.000000 0
635622 0.032910 0
635629 0.000000 0
635636 0.000000 0
635644 0.030750 0
635653 0.000000 0
635660 0.000000 0
635668 0.028700 0
635674 0.000000 0
635682 0.000000 0
635689 0.047200 0
635696 0.000000 0
635704 0.000000 0
635711 0.078890 0
635719 0.000000 0
635726 0.000000 0
635734 0.077730 0
635743 0.000000 0
635750 0.000000 0
635758 0.074220 0
635765 0.000000 0
635772 0.000000 0
635780 0.092930 0
635787 0.000000 0
635794 0.000000 0
635802 0.068670 0
635808 0.000000 0
635816 0.000000 0
635823 0.072860 0
635832 0.000000 0
635840 0.000000 0
635847 0.053120 0
635853 0.000000 0
635860 0.000000 0
635868 0.057400 0
635877 0.000000 0
635884 0.000000 0
635892 0.076230 0
635898 0.000000 0
635906 0.000000 0
635913 0.046710 0
635922 0.000000 0
635930 0.000000 0
635937 0.049260 0
635943 0.000000 0
635950 0.000000 0
635958 0.053120 0
635967 0.000000 0
635974 0.000000 0
635982 0.047200 0
635988 0.000000 0
635996 0.000000 0
636003 0.023760 0
636012 0.000000 0
636020 0.000000 0
636027 0.014080 0
636033 0.000000 0
636040 0.000000 0
636048 0.021390 0
636057 0.000000 0
636064 0.000000 0
636072 0.017460 0
636078 0.000000 0
636086 0.000000 0
636093 0.011050 0
636101 0.000000 0
636108 0.000000 0
636116 0.017900 0
636123 0.000000 0
636130 0.000000 0
636138 0.025310 0
636146 0.000000 0
636154 0.000000 0
636161 0.036010 0
636169 0.000000 0
636176 0.000000 0
636184 0.094320 0
636191 0.000000 0
636198 0.000000 0
636206 0.096540 0
636214 0.000000 0
636222 0.000000 0
636229 0.079960 0
636238 0.000000 0
636246 0.000000 0
636253 0.083500 0
636259 0.000000 0
636266 0.000000 0
636274 0.072450 0
636282 0.000000 0
636290 0.000000 0
636297 0.075140 0
636303 0.000000 0
636310 0.000000 0
636318 0.080610 0
636326 0.000000 0
636334 0.000000 0
636341 0.056340 0
636348 0.000000 0
636356 0.000000 0
636363 0.049090 0
636371 0.000000 0
636378 0.000000 0
636386 0.033830 0
636393 0.000000 0
636400 0.000000 0
636408 0.040590 0
636417 0.000000 0
636424 0.000000 0
636432 0.057660 0
636438 0.000000 0
636446 0.000000 0
636453 0.075940 0
636462 0.000000 0
636470 0.000000 0
636477 0.034040 0
636483 0.000000 0
636490 0.000000 0
636498 0.008730 0
636507 0.000000 0
636514 0.000000 0
636522 0.006760 0
636528 0.000000 0
636536 0.000000 0
636543 0.015630 0
636552 0.000000 0
636560 0.000000 0
636567 0.024080 0
636574 0.000000 0
636582 0.000000 0
636589 0.016100 0
636596 0.000000 0
636604 0.000000 0
636611 0.031720 0
636619 0.000000 0
636626 0.000000 0
636634 0.031250 0
636642 0.000000 0
636650 0.000000 0
636657 0.079850 0
636664 0.000000 0
636672 0.000000 0
636679 0.083590 0
636686 0.000000 0
636694 0.000000 0
636701 0.074830 0
636709 0.000000 0
636716 0.000000 0
636724 0.070530 0
636733 0.000000 0
636740 0.000000 0
636748 0.065930 0
636754 0.000000 0
636762 0.000000 0
636769 0.082310 0
636777 0.000000 0
636784 0.000000 0
636792 0.074310 0
636798 0.000000 0
636806 0.000000 0
636813 0.066640 0
636822 0.000000 0
636830 0.000000 0
636837 0.060880 0
636844 0.000000 0
636852 0.000000 0
636859 0.037870 0
636866 0.000000 0
636874 0.000000 0
636881 0.057130 0
636888 0.000000 0
636896 0.000000 0
636903 0.065830 0
636912 0.000000 0
636920 0.000000 0
636927 0.076840 0
636933 0.000000 0
636940 0.000000 0
636948 0.067540 0
636956 0.000000 0
636964 0.000000 0
636971 0.028170 0
636978 0.000000 0
636986 0.000000 0
636993 0.012950 0
637001 0.000000 0
637008 0.000000 0
637016 0.011720 0
637024 0.000000 0
637032 0.000000 0
637039 0.021030 0
637047 0.000000 0
637054 0.000000 0
637062 0.025600 0
637069 0.000000 0
637076 0.000000 0
637084 0.026200 0
637093 0.000000 0
637100 0.000000 0
637108 0.040210 0
637114 0.000000 0
637122 0.000000 0
637129 0.100340 0
637136 0.000000 0
637144 0.000000 0
637151 0.118730 0
637159 0.000000 0
637166 0.000000 0
637174 0.092100 0
637183 0.000000 0
637190 0.000000 0
637198 0.083500 0
637204 0.000000 0
637212 0.000000 0
637219 0.062850 0
637227 0.000000 0
637234 0.000000 0
637242 0.060880 0
637249 0.000000 0
637256 0.000000 0
637264 0.046710 0
637272 0.000000 0
637280 0.000000 0
637287 0.038270 0
637294 0.000000 0
637302 0.000000 0
637309 0.051820 0
637318 0.000000 0
637326 0.000000 0
637333 0.072760 0
637338 0.000000 0
637346 0.000000 0
637353 0.059490 0
637362 0.000000 0
637370 0.000000 0
637377 0.072860 0
637384 0.000000 0
637392 0.000000 0
637399 0.070630 0
637406 0.000000 0
637414 0.000000 0
637421 0.072970 0
637428 0.000000 0
637436 0.000000 0
637443 0.058590 0
637451 0.000000 0
637458 0.000000 0
637466 0.019130 0
637474 0.000000 0
637482 0.000000 0
637489 0.017900 0
637497 0.000000 0
637504 0.000000 0
637512 0.042790 0
637519 0.000000 0
637526 0.000000 0
637534 0.051070 0
637543 0.000000 0
637550 0.000000 0
637558 0.041150 0
637564 0.000000 0
637572 0.000000 0
637579 0.032210 0
637587 0.000000 0
637594 0.000000 0
637602 0.095200 0
637609 0.000000 0
637616 0.000000 0
637624 0.110480 0
637632 0.000000 0
637640 0.000000 0
637647 0.077330 0
637654 0.000000 0
637662 0.000000 0
637669 0.078020 0
637678 0.000000 0
637686 0.000000 0
637693 0.075750 0
637699 0.000000 0
637706 0.000000 0
637714 0.059750 0
637722 0.000000 0
637730 0.000000 0
637737 0.066410 0
637744 0.000000 0
637752 0.000000 0
637759 0.051220 0
637767 0.000000 0
637774 0.000000 0
637782 0.039640 0
637789 0.000000 0
637796 0.000000 0
637804 0.028430 0
637812 0.000000 0
637820 0.000000 0
637827 0.047520 0
637834 0.000000 0
637842 0.000000 0
637849 0.078130 0
637857 0.000000 0
637864 0.000000 0
637872 0.086460 0
637878 0.000000 0
637886 0.000000 0
637893 0.065930 0
637901 0.000000 0
637908 0.000000 0
637916 0.027890 0
637923 0.000000 0
637930 0.000000 0
637938 0.017900 0
637947 0.000000 0
637954 0.000000 0
637962 0.017460 0
637968 0.000000 0
637976 0.000000 0
637983 0.028700 0
637992 0.000000 0
638000 0.000000 0
638007 0.023100 0
638014 0.000000 0
638022 0.000000 0
638029 0.019530 0
638037 0.000000 0
638044 0.000000 0
638052 0.021030 0
638059 0.000000 0
638066 0.000000 0
638074 0.068100 0
638082 0.000000 0
638090 0.000000 0
638097 0.109300 0
638104 0.000000 0
638112 0.000000 0
638119 0.092270 0
638127 0.000000 0
638134 0.000000 0
638142 0.090350 0
638149 0.000000 0
638156 0.000000 0
638164 0.099280 0
638173 0.000000 0
638180 0.000000 0
638188 0.064770 0
638194 0.000000 0
638202 0.000000 0
638209 0.060640 0
638218 0.000000 0
638226 0.000000 0
638233 0.060760 0
638239 0.000000 0
638246 0.000000 0
638254 0.036640 0
638262 0.000000 0
638270 0.000000 0
638277 0.038670 0
638283 0.000000 0
638290 0.000000 0
638298 0.032910 0
638306 0.000000 0
638314 0.000000 0
638321 0.051510 0
638328 0.000000 0
638336 0.000000 0
638343 0.057010 0
638351 0.000000 0
638358 0.000000 0
638366 0.060000 0
638373 0.000000 0
638380 0.000000 0
638388 0.040770 0
638397 0.000000 0
638404 0.000000 0
638412 0.027620 0
638418 0.000000 0
638426 0.000000 0
638433 0.012340 0
638441 0.000000 0
638448 0.000000 0
638456 0.018720 0
638463 0.000000 0
638470 0.000000 0
638478 0.020290 0
638487 0.000000 0
638494 0.000000 0
638502 0.033600 0
638509 0.000000 0
638516 0.000000 0
638524 0.040410 0
638531 0.000000 0
638538 0.000000 0
638546 0.051510 0
638554 0.000000 0
638562 0.000000 0
638569 0.098890 0
638577 0.000000 0
638584 0.000000 0
638592 0.081280 0
638599 0.000000 0
638606 0.000000 0
638614 0.076450 0
638623 0.000000 0
638630 0.000000 0
638638 0.063830 0
638644 0.000000 0
638652 0.000000 0
638659 0.060760 0
638666 0.000000 0
638674 0.000000 0
638681 0.053970 0
638689 0.000000 0
638696 0.000000 0
638704 0.050920 0
638711 0.000000 0
638718 0.000000 0
638726 0.047520 0
638733 0.000000 0
638740 0.000000 0
638748 0.051820 0
638756 0.000000 0
638764 0.000000 0
638771 0.053120 0
638778 0.000000 0
638786 0.000000 0
638793 0.065710 0
638801 0.000000 0
638808 0.000000 0
638816 0.053700 0
638823 0.000000 0
638830 0.000000 0
638838 0.051670 0
638846 0.000000 0
638854 0.000000 0
638861 0.031720 0
638868 0.000000 0
638876 0.000000 0
638883 0.015630 0
638891 0.000000 0
638898 0.000000 0
638906 0.012340 0
638913 0.000000 0
638920 0.000000 0
638928 0.013520 0
638936 0.000000 0
638944 0.000000 0
638951 0.015630 0
638960 0.000000 0
638968 0.000000 0
638975 0.024700 0
638981 0.000000 0
638988 0.000000 0
638996 0.030240 0
639005 0.000000 0
639012 0.000000 0
639020 0.028430 0
639027 0.000000 0
639034 0.000000 0
639042 0.096470 0
639050 0.000000 0
639058 0.000000 0
639065 0.098340 0
639072 0.000000 0
639080 0.000000 0
639087 0.069540 0
639095 0.000000 0
639102 0.000000 0
639110 0.051070 0
639117 0.000000 0
639124 0.000000 0
639132 0.037660 0
639140 0.000000 0
639148 0.000000 0
639155 0.073790 0
639162 0.000000 0
639170 0.000000 0
639177 0.062000 0
639185 0.000000 0
639192 0.000000 0
639200 0.036640 0
639207 0.000000 0
639214 0.000000 0
639222 0.038070 0
639230 0.000000 0
639238 0.000000 0
639245 0.033370 0
639252 0.000000 0
639260 0.000000 0
639267 0.143420 0
639275 0.000000 0
639282 0.000000 0
639290 0.199450 0
639297 0.000000 0
639304 0.000000 0
639312 0.129260 0
639320 0.000000 0
639328 0.000000 0
639335 0.097490 0
639342 0.000000 0
639350 0.000000 0
639357 0.056600 0
639365 0.000000 0
639372 0.000000 0
639380 0.036010 0
639387 0.000000 0
639394 0.000000 0
639402 0.023440 0
639410 0.000000 0
639418 0.000000 0
639425 0.028430 0
639432 0.000000 0
639440 0.000000 0
639447 0.044360 0
639455 0.000000 0
639462 0.000000 0
639470 0.050170 0
639477 0.000000 0
639484 0.000000 0
639492 0.038860 0
639500 0.000000 0
639508 0.000000 0
639515 0.109220 0
639522 0.000000 0
639530 0.000000 0
639537 0.097020 0
639545 0.000000 0
639552 0.000000 0
639560 0.071700 0
639567 0.000000 0
639574 0.000000 0
639582 0.082860 0
639590 0.000000 0
639598 0.000000 0
639605 0.087340 0
639612 0.000000 0
639620 0.000000 0
639627 0.063710 0
639633 0.000000 0
639640 0.000000 0
639648 0.063940 0
639656 0.000000 0
639664 0.000000 0
639671 0.038670 0
639678 0.000000 0
639686 0.000000 0
639693 0.035580 0
639701 0.000000 0
639708 0.000000 0
639716 0.024380 0
639723 0.000000 0
639730 0.000000 0
639738 0.048160 0
639746 0.000000 0
639754 0.000000 0
639761 0.066870 0
639769 0.000000 0
639776 0.000000 0
639784 0.034710 0
639791 0.000000 0
639798 0.000000 0
639806 0.027890 0
639814 0.000000 0
639822 0.000000 0
639829 0.005520 0
639836 0.000000 0
639844 0.000000 0
639851 0.006760 0
639860 0.000000 0
639868 0.000000 0
639875 0.012340 0
639881 0.000000 0
639888 0.000000 0
639896 0.011720 0
639904 0.000000 0
639912 0.000000 0
639919 0.008730 0
639926 0.000000 0
639934 0.000000 0
639941 0.020290 0
639950 0.000000 0
639958 0.000000 0
639965 0.024380 0
639971 0.000000 0
639978 0.000000 0
639986 0.116200 0
639995 0.000000 0
640002 0.000000 0
640010 0.129320 0
640016 0.000000 0
640024 0.000000 0
640031 0.085310 0
640039 0.000000 0
640046 0.000000 0
640054 0.074720 0
640061 0.000000 0
640068 0.000000 0
640076 0.081280 0
640085 0.000000 0
640092 0.000000 0
640100 0.063340 0
640106 0.000000 0
640114 0.000000 0
640121 0.061010 0
640130 0.000000 0
640138 0.000000 0
640145 0.041700 0
640151 0.000000 0
640158 0.000000 0
640166 0.060260 0
640174 0.000000 0
640182 0.000000 0
640189 0.045550 0
640196 0.000000 0
640204 0.000000 0
640211 0.030240 0
640219 0.000000 0
640226 0.000000 0
640234 0.051070 0
640241 0.000000 0
640248 0.000000 0
640256 0.067540 0
640264 0.000000 0
640272 0.000000 0
640279 0.049410 0
640286 0.000000 0
640294 0.000000 0
640301 0.034710 0
640309 0.000000 0
640316 0.000000 0
640324 0.017900 0
640331 0.000000 0
640338 0.000000 0
640346 0.026200 0
640354 0.000000 0
640362 0.000000 0
640369 0.040020 0
640376 0.000000 0
640384 0.000000 0
640391 0.031250 0
640399 0.000000 0
640406 0.000000 0
640414 0.028170 0
640421 0.000000 0
640428 0.000000 0
640436 0.019910 0
640444 0.000000 0
640452 0.000000 0
640459 0.088990 0
640466 0.000000 0
640474 0.000000 0
640481 0.101490 0
640489 0.000000 0
640496 0.000000 0
640504 0.095030 0
640511 0.000000 0
640518 0.000000 0
640526 0.079180 0
640534 0.000000 0
640542 0.000000 0
640549 0.076940 0
640556 0.000000 0
640564 0.000000 0
640571 0.064770 0
640580 0.000000 0
640588 0.000000 0
640595 0.069320 0
640601 0.000000 0
640608 0.000000 0
640616 0.053830 0
640624 0.000000 0
640632 0.000000 0
640639 0.048460 0
640646 0.000000 0
640654 0.000000 0
640661 0.040590 0
640669 0.000000 0
640676 0.000000 0
640684 0.046710 0
640691 0.000000 0
640698 0.000000 0
640706 0.054830 0
640714 0.000000 0
640722 0.000000 0
640729 0.061010 0
640736 0.000000 0
640744 0.000000 0
640751 0.060380 0
640759 0.000000 0
640766 0.000000 0
640774 0.021390 0
640781 0.000000 0
640788 0.000000 0
640796 0.011720 0
640804 0.000000 0
640812 0.000000 0
640819 0.006760 0
640826 0.000000 0
640834 0.000000 0
640841 0.015630 0
640849 0.000000 0
640856 0.000000 0
640864 0.017010 0
640871 0.000000 0
640878 0.000000 0
640886 0.019910 0
640894 0.000000 0
640902 0.000000 0
640909 0.025600 0
640916 0.000000 0
640924 0.000000 0
640931 0.113010 0
640939 0.000000 0
640946 0.000000 0
640954 0.119110 0
640961 0.000000 0
640968 0.000000 0
640976 0.102600 0
640984 0.000000 0
640992 0.000000 0
640999 0.087600 0
641006 0.000000 0
641014 0.000000 0
641021 0.079090 0
641029 0.000000 0
641036 0.000000 0
641044 0.049710 0
641051 0.000000 0
641058 0.000000 0
641066 0.059360 0
641074 0.000000 0
641082 0.000000 0
641089 0.047840 0
641096 0.000000 0
641104 0.000000 0
641111 0.050320 0
641120 0.000000 0
641128 0.000000 0
641135 0.057940 0
641141 0.000000 0
641148 0.000000 0
641156 0.053560 0
641165 0.000000 0
641172 0.000000 0
641180 0.062240 0
641186 0.000000 0
641194 0.000000 0
641201 0.069760 0
641209 0.000000 0
641216 0.000000 0
641224 0.061750 0
641231 0.000000 0
641238 0.000000 0
641246 0.062500 0
641254 0.000000 0
641262 0.000000 0
641269 0.026490 0
641276 0.000000 0
641284 0.000000 0
641291 0.011720 0
641299 0.000000 0
641306 0.000000 0
641314 0.022770 0
641321 0.000000 0
641328 0.000000 0
641336 0.033370 0
641344 0.000000 0
641352 0.000000 0
641359 0.019530 0
641366 0.000000 0
641374 0.000000 0
641381 0.016100 0
641389 0.000000 0
641396 0.000000 0
641404 0.072340 0
641411 0.000000 0
641418 0.000000 0
641426 0.110690 0
641434 0.000000 0
641442 0.000000 0
641449 0.102750 0
641456 0.000000 0
641464 0.000000 0
641471 0.092760 0
641479 0.000000 0
641486 0.000000 0
641494 0.064650 0
641501 0.000000 0
641508 0.000000 0
641516 0.053410 0
641524 0.000000 0
641532 0.000000 0
641539 0.054260 0
641546 0.000000 0
641554 0.000000 0
641561 0.050020 0
641569 0.000000 0
641576 0.000000 0
641584 0.044190 0
641591 0.000000 0
641598 0.000000 0
641606 0.055100 0
641615 0.000000 0
641622 0.000000 0
641630 0.047840 0
641636 0.000000 0
641644 0.000000 0
641651 0.056340 0
641659 0.000000 0
641666 0.000000 0
641674 0.069980 0
641681 0.000000 0
641688 0.000000 0
641696 0.066160 0
641704 0.000000 0
641712 0.000000 0
641719 0.046540 0
641726 0.000000 0
641734 0.000000 0
641741 0.015630 0
641749 0.000000 0
641756 0.000000 0
641764 0.016570 0
641771 0.000000 0
641778 0.000000 0
641786 0.022100 0
641794 0.000000 0
641802 0.000000 0
641809 0.025600 0
641816 0.000000 0
641824 0.000000 0
641831 0.029740 0
641839 0.000000 0
641846 0.000000 0
641854 0.027620 0
641861 0.000000 0
641868 0.000000 0
641876 0.028960 0
641885 0.000000 0
641892 0.000000 0
641900 0.093170 0
641906 0.000000 0
641914 0.000000 0
641921 0.092440 0
641930 0.000000 0
641938 0.000000 0
641945 0.088640 0
641951 0.000000 0
641958 0.000000 0
641966 0.073590 0
641974 0.000000 0
641982 0.000000 0
641989 0.059750 0
641996 0.000000 0
642004 0.000000 0
642011 0.050920 0
642019 0.000000 0
642026 0.000000 0
642034 0.070420 0
642041 0.000000 0
642048 0.000000 0
642056 0.059360 0
642064 0.000000 0
642072 0.000000 0
642079 0.038470 0
642086 0.000000 0
642094 0.000000 0
642101 0.029480 0
642109 0.000000 0
642116 0.000000 0
642124 0.032910 0
642131 0.000000 0
642138 0.000000 0
642146 0.033140 0
642154 0.000000 0
642162 0.000000 0
642169 0.030000 0
642176 0.000000 0
642184 0.000000 0
642191 0.048160 0
642199 0.000000 0
642206 0.000000 0
642214 0.050320 0
642221 0.000000 0
642228 0.000000 0
642236 0.028960 0
642244 0.000000 0
642252 0.000000 0
642259 0.052260 0
642266 0.000000 0
642274 0.000000 0
642281 0.051960 0
642289 0.000000 0
642296 0.000000 0
642304 0.044880 0
642311 0.000000 0
642318 0.000000 0
642326 0.050920 0
642335 0.000000 0
642342 0.000000 0
642350 0.035160 0
642356 0.000000 0
642364 0.000000 0
642371 0.070420 0
642379 0.000000 0
642386 0.000000 0
642394 0.063220 0
642401 0.000000 0
642408 0.000000 0
642416 0.047200 0
642424 0.000000 0
642432 0.000000 0
642439 0.031720 0
642446 0.000000 0
642454 0.000000 0
642461 0.028430 0
642469 0.000000 0
642476 0.000000 0
642484 0.042070 0
642491 0.000000 0
642498 0.000000 0
642506 0.050020 0
642514 0.000000 0
642522 0.000000 0
642529 0.032440 0
642537 0.000000 0
642544 0.000000 0
642552 0.039640 0
642559 0.000000 0
642566 0.000000 0
642574 0.041340 0
642582 0.000000 0
642590 0.000000 0
642597 0.042420 0
642604 0.000000 0
642612 0.000000 0
642619 0.054830 0
642627 0.000000 0
642634 0.000000 0
642642 0.030500 0
642649 0.000000 0
642656 0.000000 0
642664 0.025600 0
642672 0.000000 0
642680 0.000000 0
642687 0.024700 0
642694 0.000000 0
642702 0.000000 0
642709 0.022430 0
642717 0.000000 0
642724 0.000000 0
642732 0.040590 0
642739 0.000000 0
642746 0.000000 0
642754 0.044880 0
642762 0.000000 0
642770 0.000000 0
642777 0.034490 0
642784 0.000000 0
642792 0.000000 0
642799 0.036420 0
642807 0.000000 0
642814 0.000000 0
642822 0.033600 0
642829 0.000000 0
642836 0.000000 0
642844 0.065130 0
642852 0.000000 0
642860 0.000000 0
642867 0.072650 0
642874 0.000000 0
642882 0.000000 0
642889 0.053410 0
642897 0.000000 0
642904 0.000000 0
642912 0.028960 0
642919 0.000000 0
642926 0.000000 0
642934 0.018310 0
642942 0.000000 0
642950 0.000000 0
642957 0.032910 0
642964 0.000000 0
642972 0.000000 0
642979 0.042420 0
642987 0.000000 0
642994 0.000000 0
643002 0.030750 0
643009 0.000000 0
643016 0.000000 0
643024 0.023760 0
643032 0.000000 0
643040 0.000000 0
643047 0.047840 0
643054 0.000000 0
643062 0.000000 0
643069 0.044880 0
643077 0.000000 0
643084 0.000000 0
643092 0.090180 0
643099 0.000000 0
643106 0.000000 0
643114 0.055650 0
643122 0.000000 0
643130 0.000000 0
643137 0.028960 0
643144 0.000000 0
643152 0.000000 0
643159 0.037660 0
643167 0.000000 0
643174 0.000000 0
643182 0.044530 0
643189 0.000000 0
643196 0.000000 0
643204 0.059750 0
643212 0.000000 0
643220 0.000000 0
643227 0.080230 0
643234 0.000000 0
643242 0.000000 0
643249 0.065350 0
643258 0.000000 0
643266 0.000000 0
643273 0.044880 0
643279 0.000000 0
643286 0.000000 0
643294 0.039250 0
643302 0.000000 0
643310 0.000000 0
643317 0.078420 0
643324 0.000000 0
643332 0.000000 0
643339 0.088290 0
643347 0.000000 0
643354 0.000000 0
643362 0.074110 0
643368 0.000000 0
643376 0.000000 0
643383 0.064420 0
643392 0.000000 0
643400 0.000000 0
643407 0.061260 0
643414 0.000000 0
643422 0.000000 0
643429 0.047670 0
643437 0.000000 0
643444 0.000000 0
643452 0.054260 0
643459 0.000000 0
643466 0.000000 0
643474 0.050320 0
643483 0.000000 0
643490 0.000000 0
643498 0.044880 0
643504 0.000000 0
643512 0.000000 0
643519 0.029220 0
643527 0.000000 0
643534 0.000000 0
643542 0.052400 0
643549 0.000000 0
643556 0.000000 0
643564 0.100340 0
643572 0.000000 0
643580 0.000000 0
643587 0.085310 0
643594 0.000000 0
643602 0.000000 0
643609 0.050780 0
643617 0.000000 0
643624 0.000000 0
643632 0.030990 0
643639 0.000000 0
643646 0.000000 0
643654 0.042970 0
643662 0.000000 0
643670 0.000000 0
643677 0.053970 0
643684 0.000000 0
643692 0.000000 0
643699 0.052260 1
643708 0.000000 0
643716 0.000000 0
643723 0.037260 1
643729 0.000000 0
643736 0.000000 0
643744 0.040210 1
643752 0.000000 0
643760 0.000000 0
643767 0.052690 1
643774 0.000000 0
643782 0.000000 0
643789 0.084050 1
643797 0.000000 0
643804 0.000000 0
643812 0.102450 1
643819 0.000000 0
643826 0.000000 0
643834 0.086020 1
643842 0.000000 0
643850 0.000000 0
643857 0.061510 1
643863 0.000000 0
643870 0.000000 0
643878 0.054400 1
643886 0.000000 0
643894 0.000000 0
643901 0.042600 1
643908 0.000000 0
643916 0.000000 0
643923 0.064880 1
643931 0.000000 0
643938 0.000000 0
643946 0.058320 1
643953 0.000000 0
643960 0.000000 0
643968 0.043670 1
643976 0.000000 0
643984 0.000000 0
643991 0.029220 1
643998 0.000000 0
644006 0.000000 0
644013 0.025910 1
644022 0.000000 0
644030 0.000000 0
644037 0.051510 1
644044 0.000000 0
644052 0.000000 0
644059 0.038470 1
644067 0.000000 0
644074 0.000000 0
644082 0.025910 1
644089 0.000000 0
644096 0.000000 0
644104 0.032910 1
644112 0.000000 0
644120 0.000000 0
644127 0.047670 1
644134 0.000000 0
644142 0.000000 0
644149 0.042070 1
644157 0.000000 0
644164 0.000000 0
644172 0.048780 1
644179 0.000000 0
644186 0.000000 0
644194 0.043840 1
644202 0.000000 0
644210 0.000000 0
644217 0.048630 1
644224 0.000000 0
644232 0.000000 0
644239 0.043320 1
644248 0.000000 0
644256 0.000000 0
644263 0.054690 1
644269 0.000000 0
644276 0.000000 0
644284 0.076140 1
644292 0.000000 0
644300 0.000000 0
644307 0.067870 1
644314 0.000000 0
644322 0.000000 0
644329 0.058200 1
644337 0.000000 0
644344 0.000000 0
644352 0.067200 1
644359 0.000000 0
644366 0.000000 0
644374 0.048460 1
644382 0.000000 0
644390 0.000000 0
644397 0.045720 1
644404 0.000000 0
644412 0.000000 0
644419 0.038670 1
644427 0.000000 0
644434 0.000000 0
644442 0.034490 1
644449 0.000000 0
644456 0.000000 0
644464 0.022770 1
644472 0.000000 0
644480 0.000000 0
644487 0.025600 1
644494 0.000000 0
644502 0.000000 0
644509 0.037050 1
644517 0.000000 0
644524 0.000000 0
644532 0.030990 1
644539 0.000000 0
644546 0.000000 0
644554 0.020290 1
644562 0.000000 0
644570 0.000000 0
644577 0.020660 1
644584 0.000000 0
644592 0.000000 0
644599 0.019910 1
644607 0.000000 0
644614 0.000000 0
644622 0.028430 1
644629 0.000000 0
644636 0.000000 0
644644 0.031250 1
644652 0.000000 0
644660 0.000000 0
644667 0.032910 1
644674 0.000000 0
644682 0.000000 0
644689 0.036640 1
644697 0.000000 0
644704 0.000000 0
644712 0.034040 1
644719 0.000000 0
644726 0.000000 0
644734 0.038070 1
644742 0.000000 0
644750 0.000000 0
644757 0.071270 1
644764 0.000000 0
644772 0.000000 0
644779 0.068770 1
644787 0.000000 0
644794 0.000000 0
644802 0.058980 1
644808 0.000000 0
644816 0.000000 0
644823 0.052550 1
644831 0.000000 0
644838 0.000000 0
644846 0.034490 1
644853 0.000000 0
644860 0.000000 0
644868 0.036850 1
644876 0.000000 0
644884 0.000000 0
644891 0.034040 1
644898 0.000000 0
644906 0.000000 0
644913 0.021030 1
644922 0.000000 0
644930 0.000000 0
644937 0.027050 1
644943 0.000000 0
644950 0.000000 0
644958 0.026780 1
644967 0.000000 0
644974 0.000000 0
644982 0.039060 1
644988 0.000000 0
644996 0.000000 0
645003 0.043840 1
645013 0.000000 0
645020 0.000000 0
645028 0.024080 1
645034 0.000000 0
645042 0.000000 0
645049 0.021740 1
645058 0.000000 0
645066 0.000000 0
645073 0.019530 1
645079 0.000000 0
645086 0.000000 0
645094 0.029740 1
645103 0.000000 0
645110 0.000000 0
645118 0.051380 1
645124 0.000000 0
645132 0.000000 0
645139 0.050020 1
645147 0.000000 0
645154 0.000000 0
645162 0.042070 1
645169 0.000000 0
645176 0.000000 0
645184 0.035580 1
645192 0.000000 0
645200 0.000000 0
645207 0.053700 1
645214 0.000000 0
645222 0.000000 0
645229 0.107330 1
645237 0.000000 0
645244 0.000000 0
645252 0.103270 1
645259 0.000000 0
645266 0.000000 0
645274 0.084320 1
645282 0.000000 0
645290 0.000000 0
645297 0.067540 1
645304 0.000000 0
645312 0.000000 0
645319 0.056060 1
645327 0.000000 0
645334 0.000000 0
645342 0.061140 1
645349 0.000000 0
645356 0.000000 0
645364 0.062730 1
645372 0.000000 0
645380 0.000000 0
645387 0.043670 1
645394 0.000000 0
645402 0.000000 0
645409 0.031720 1
645417 0.000000 0
645424 0.000000 0
645432 0.029220 1
645439 0.000000 0
645446 0.000000 0
645454 0.069320 1
645462 0.000000 0
645470 0.000000 0
645477 0.106320 1
645483 0.000000 0
645490 0.000000 0
645498 0.060140 1
645506 0.000000 0
645514 0.000000 0
645521 0.032440 1
645528 0.000000 0
645536 0.000000 0
645543 0.019530 1
645551 0.000000 0
645558 0.000000 0
645566 0.027890 1
645573 0.000000 0
645580 0.000000 0
645588 0.038470 1
645596 0.000000 0
645604 0.000000 0
645611 0.041700 1
645619 0.000000 0
645626 0.000000 0
645634 0.033600 1
645642 0.000000 0
645650 0.000000 0
645657 0.034270 1
645664 0.000000 0
645672 0.000000 0
645679 0.034930 1
645687 0.000000 0
645694 0.000000 0
645702 0.077330 1
645709 0.000000 0
645716 0.000000 0
645724 0.091260 1
645733 0.000000 0
645740 0.000000 0
645748 0.067430 1
645754 0.000000 0
645762 0.000000 0
645769 0.058980 1
645776 0.000000 0
645784 0.000000 0
645791 0.047520 1
645798 0.000000 0
645806 0.000000 0
645813 0.049090 1
645821 0.000000 0
645828 0.000000 0
645836 0.051070 1
645843 0.000000 0
645850 0.000000 0
645858 0.042600 1
645867 0.000000 0
645874 0.000000 0
645882 0.030000 1
645888 0.000000 0
645896 0.000000 0
645903 0.024380 1
645912 0.000000 0
645920 0.000000 0
645927 0.033140 1
645933 0.000000 0
645940 0.000000 0
645948 0.047200 1
645956 0.000000 0
645964 0.000000 0
645971 0.036640 1
645978 0.000000 0
645986 0.000000 0
645993 0.025010 1
646001 0.000000 0
646008 0.000000 0
646016 0.025310 1
646023 0.000000 0
646030 0.000000 0
646038 0.029740 1
646046 0.000000 0
646054 0.000000 0
646061 0.044710 1
646068 0.000000 0
646076 0.000000 0
646083 0.052980 1
646091 0.000000 0
646098 0.000000 0
646106 0.043670 1
646113 0.000000 0
646120 0.000000 0
646128 0.037050 1
646136 0.000000 0
646144 0.000000 0
646151 0.031970 1
646158 0.000000 0
646166 0.000000 0
646173 0.050780 1
646182 0.000000 0
646190 0.000000 0
646197 0.060260 1
646204 0.000000 0
646212 0.000000 0
646219 0.053700 1
646226 0.000000 0
646234 0.000000 0
646241 0.046880 1
646248 0.000000 0
646256 0.000000 0
646263 0.038860 1
646271 0.000000 0
646278 0.000000 0
646286 0.033600 1
646293 0.000000 0
646300 0.000000 0
646308 0.044880 1
646316 0.000000 0
646324 0.000000 0
646331 0.045380 1
646338 0.000000 0
646346 0.000000 0
646353 0.027620 1
646361 0.000000 0
646368 0.000000 0
646376 0.023440 1
646383 0.000000 0
646390 0.000000 0
646398 0.030990 1
646406 0.000000 0
646414 0.000000 0
646421 0.065480 1
646428 0.000000 0
646436 0.000000 0
646443 0.057270 1
646451 0.000000 0
646458 0.000000 0
646466 0.037460 1
646473 0.000000 0
646480 0.000000 0
646488 0.050320 1
646496 0.000000 0
646504 0.000000 0
646511 0.031480 1
646519 0.000000 0
646526 0.000000 0
646534 0.033370 1
646541 0.000000 0
646548 0.000000 0
646556 0.027890 1
646563 0.000000 0
646570 0.000000 0
646578 0.039440 1
646586 0.000000 0
646594 0.000000 0
646601 0.027890 1
646608 0.000000 0
646616 0.000000 0
646623 0.031480 1
646631 0.000000 0
646638 0.000000 0
646646 0.055510 1
646655 0.000000 0
646662 0.000000 0
646670 0.065480 1
646676 0.000000 0
646684 0.000000 0
646691 0.053830 1
646698 0.000000 0
646706 0.000000 0
646713 0.033140 1
646721 0.000000 0
646728 0.000000 0
646736 0.038270 1
646744 0.000000 0
646752 0.000000 0
646759 0.032910 1
646766 0.000000 0
646774 0.000000 0
646781 0.052840 1
646788 0.000000 0
646796 0.000000 0
646803 0.040410 1
646812 0.000000 0
646820 0.000000 0
646827 0.030990 1
646833 0.000000 0
646840 0.000000 0
646848 0.038470 1
646856 0.000000 0
646864 0.000000 0
646871 0.036640 1
646880 0.000000 0
646888 0.000000 0
646895 0.075440 1
646901 0.000000 0
646908 0.000000 0
646916 0.067770 1
646925 0.000000 0
646932 0.000000 0
646940 0.053410 1
646946 0.000000 0
646954 0.000000 0
646961 0.051070 1
646970 0.000000 0
646978 0.000000 0
646985 0.047520 1
646991 0.000000 0
646998 0.000000 0
647006 0.039440 1
647014 0.000000 0
647022 0.000000 0
647029 0.054120 1
647036 0.000000 0
647044 0.000000 0
647051 0.055370 1
647059 0.000000 0
647066 0.000000 0
647074 0.049710 1
647081 0.000000 0
647088 0.000000 0
647096 0.051070 1
647105 0.000000 0
647112 0.000000 0
647120 0.060500 1
647126 0.000000 0
647134 0.000000 0
647141 0.066640 1
647150 0.000000 0
647158 0.000000 0
647165 0.067660 1
647171 0.000000 0
647178 0.000000 0
647186 0.049710 1
647194 0.000000 0
647202 0.000000 0
647209 0.048310 1
647216 0.000000 0
647224 0.000000 0
647231 0.039060 1
647239 0.000000 0
647246 0.000000 0
647254 0.045380 1
647261 0.000000 0
647268 0.000000 0
647276 0.048780 1
647285 0.000000 0
647292 0.000000 0
647300 0.037660 1
647306 0.000000 0
647314 0.000000 0
647321 0.041700 1
647330 0.000000 0
647338 0.000000 0
647345 0.035800 1
647351 0.000000 0
647358 0.000000 0
647366 0.063580 1
647375 0.000000 0
647382 0.000000 0
647390 0.065130 1
647396 0.000000 0
647404 0.000000 0
647411 0.049410 1
647419 0.000000 0
647426 0.000000 0
647434 0.082490 1
647441 0.000000 0
647448 0.000000 0
647456 0.047200 1
647464 0.000000 0
647472 0.000000 0
647479 0.041150 1
647486 0.000000 0
647494 0.000000 0
647501 0.053410 1
647509 0.000000 0
647516 0.000000 0
647524 0.047840 1
647531 0.000000 0
647538 0.000000 0
647546 0.042250 1
647554 0.000000 0
647562 0.000000 0
647569 0.042070 1
647576 0.000000 0
647584 0.000000 0
647591 0.045380 1
647599 0.000000 0
647606 0.000000 0
647614 0.063460 1
647621 0.000000 0
647628 0.000000 0
647636 0.058720 1
647644 0.000000 0
647652 0.000000 0
647659 0.039640 1
647666 0.000000 0
647674 0.000000 0
647681 0.036640 1
647690 0.000000 0
647698 0.000000 0
647705 0.037460 1
647711 0.000000 0
647718 0.000000 0
647726 0.039060 1
647734 0.000000 0
647742 0.000000 0
647749 0.039830 1
647756 0.000000 0
647764 0.000000 0
647771 0.034710 1
647779 0.000000 0
647786 0.000000 0
647794 0.021740 1
647801 0.000000 0
647808 0.000000 0
647816 0.026200 1
647824 0.000000 0
647832 0.000000 0
647839 0.050170 1
647846 0.000000 0
647854 0.000000 0
647861 0.046220 1
647869 0.000000 0
647876 0.000000 0
647884 0.034040 1
647891 0.000000 0
647898 0.000000 0
647906 0.030990 1
647914 0.000000 0
647922 0.000000 0
647929 0.034040 1
647936 0.000000 0
647944 0.000000 0
647951 0.053830 1
647959 0.000000 0
647966 0.000000 0
647974 0.076140 1
647981 0.000000 0
647988 0.000000 0
647996 0.075030 1
648004 0.000000 0
648012 0.000000 0
648019 0.065130 1
648026 0.000000 0
648034 0.000000 0
648041 0.050020 1
648049 0.000000 0
648056 0.000000 0
648064 0.046710 1
648071 0.000000 0
648078 0.000000 0
648086 0.072650 1
648094 0.000000 0
648102 0.000000 0
648109 0.068540 1
648116 0.000000 0
648124 0.000000 0
648131 0.050320 1
648139 0.000000 0
648146 0.000000 0
648154 0.044880 1
648161 0.000000 0
648168 0.000000 0
648176 0.033600 1
648184 0.000000 0
648192 0.000000 0
648199 0.043320 1
648206 0.000000 0
648214 0.000000 0
648221 0.053410 1
648229 0.000000 0
648236 0.000000 0
648244 0.046050 1
648251 0.000000 0
648258 0.000000 0
648266 0.035160 1
648274 0.000000 0
648282 0.000000 0
648289 0.034710 1
648296 0.000000 0
648304 0.000000 0
648311 0.050020 1
648319 0.000000 0
648326 0.000000 0
648334 0.042420 1
648341 0.000000 0
648348 0.000000 0
648356 0.042420 1
648364 0.000000 0
648372 0.000000 0
648379 0.042790 1
648386 0.000000 0
648394 0.000000 0
648401 0.036010 1
648409 0.000000 0
648416 0.000000 0
648424 0.034930 1
648432 0.000000 0
648440 0.000000 0
648447 0.043670 1
648454 0.000000 0
648462 0.000000 0
648469 0.042420 1
648476 0.000000 0
648484 0.000000 0
648491 0.041890 1
648499 0.000000 0
648506 0.000000 0
648514 0.048630 1
648522 0.000000 0
648530 0.000000 0
648537 0.048460 1
648544 0.000000 0
648552 0.000000 0
648559 0.064770 1
648567 0.000000 0
648574 0.000000 0
648582 0.071060 1
648589 0.000000 0
648596 0.000000 0
648604 0.058320 1
648612 0.000000 0
648620 0.000000 0
648627 0.051220 1
648633 0.000000 0
648640 0.000000 0
648648 0.037870 1
648657 0.000000 0
648664 0.000000 0
648672 0.032670 1
648679 0.000000 0
648686 0.000000 0
648694 0.040020 1
648701 0.000000 0
648708 0.000000 0
648716 0.034270 1
648724 0.000000 0
648732 0.000000 0
648739 0.038860 1
648747 0.000000 0
648754 0.000000 0
648762 0.046370 1
648769 0.000000 0
648776 0.000000 0
648784 0.063940 1
648792 0.000000 0
648800 0.000000 0
648807 0.061390 1
648814 0.000000 0
648822 0.000000 0
648829 0.036850 1
648837 0.000000 0
648844 0.000000 0
648852 0.032210 1
648859 0.000000 0
648866 0.000000 0
648874 0.034930 1
648882 0.000000 0
648890 0.000000 0
648897 0.025600 1
648904 0.000000 0
648912 0.000000 0
648919 0.049870 1
648927 0.000000 0
648934 0.000000 0
648942 0.065350 1
648948 0.000000 0
648956 0.000000 0
648963 0.052260 1
648971 0.000000 0
648978 0.000000 0
648986 0.043320 1
648993 0.000000 0
649000 0.000000 0
649008 0.037260 1
649016 0.000000 0
649024 0.000000 0
649031 0.058320 1
649038 0.000000 0
649046 0.000000 0
649053 0.061880 1
649061 0.000000 0
649068 0.000000 0
649076 0.050170 1
649083 0.000000 0
649090 0.000000 0
649098 0.048160 1
649106 0.000000 0
649114 0.000000 0
649121 0.043320 1
649128 0.000000 0
649136 0.000000 0
649143 0.038860 1
649152 0.000000 0
649160 0.000000 0
649167 0.041520 1
649173 0.000000 0
649180 0.000000 0
649188 0.042790 1
649197 0.000000 0
649204 0.000000 0
649212 0.044360 1
649218 0.000000 0
649226 0.000000 0
649233 0.037660 1
649241 0.000000 0
649248 0.000000 0
649256 0.046880 1
649263 0.000000 0
649270 0.000000 0
649278 0.065930 1
649286 0.000000 0
649294 0.000000 0
649301 0.072340 1
649308 0.000000 0
649316 0.000000 0
649323 0.057010 1
649332 0.000000 0
649340 0.000000 0
649347 0.050780 1
649353 0.000000 0
649360 0.000000 0
649368 0.055510 1
649377 0.000000 0
649384 0.000000 0
649392 0.058200 1
649398 0.000000 0
649406 0.000000 0
649413 0.057660 1
649422 0.000000 0
649430 0.000000 0
649437 0.046370 1
649443 0.000000 0
649450 0.000000 0
649458 0.046050 1
649466 0.000000 0
649474 0.000000 0
649481 0.043320 1
649488 0.000000 0
649496 0.000000 0
649503 0.049410 1
649512 0.000000 0
649520 0.000000 0
649527 0.056340 1
649533 0.000000 0
649540 0.000000 0
649548 0.072760 1
649557 0.000000 0
649564 0.000000 0
649572 0.101030 1
649578 0.000000 0
649586 0.000000 0
649593 0.053970 1
649602 0.000000 0
649610 0.000000 0
649617 0.067990 1
649623 0.000000 0
649630 0.000000 0
649638 0.038070 1
649647 0.000000 0
649654 0.000000 0
649662 0.033140 1
649668 0.000000 0
649676 0.000000 0
649683 0.026200 1
649692 0.000000 0
649700 0.000000 0
649707 0.025310 1
649714 0.000000 0
649722 0.000000 0
649729 0.035160 1
649736 0.000000 0
649744 0.000000 0
649751 0.029480 1
649758 0.000000 0
649766 0.000000 0
649773 0.031970 1
649781 0.000000 0
649788 0.000000 0
649796 0.032670 1
649803 0.000000 0
649810 0.000000 0
649818 0.041520 1
649826 0.000000 0
649834 0.000000 0
649841 0.021390 1
649848 0.000000 0
649856 0.000000 0
649863 0.027890 1
649871 0.000000 0
649878 0.000000 0
649886 0.029740 1
649893 0.000000 0
649900 0.000000 0
649908 0.033140 1
649916 0.000000 0
649924 0.000000 0
649931 0.067540 1
649938 0.000000 0
649946 0.000000 0
649953 0.055240 1
649961 0.000000 0
649968 0.000000 0
649976 0.036010 1
649983 0.000000 0
649990 0.000000 0
649998 0.052840 1
650006 0.000000 0
650014 0.000000 0
650021 0.050020 1
650028 0.000000 0
650036 0.000000 0
650043 0.057010 1
650051 0.000000 0
650058 0.000000 0
650066 0.020290 1
650073 0.000000 0
650080 0.000000 0
650088 0.032210 1
650096 0.000000 0
650104 0.000000 0
650111 0.032670 1
650118 0.000000 0
650126 0.000000 0
650133 0.037050 1
650141 0.000000 0
650148 0.000000 0
650156 0.032670 1
650163 0.000000 0
650170 0.000000 0
650178 0.028700 1
650186 0.000000 0
650194 0.000000 0
650201 0.024380 1
650208 0.000000 0
650216 0.000000 0
650223 0.038070 1
650231 0.000000 0
650238 0.000000 0
650246 0.046880 1
650255 0.000000 0
650262 0.000000 0
650270 0.043140 1
650276 0.000000 0
650284 0.000000 0
650291 0.037460 1
650300 0.000000 0
650308 0.000000 0
650315 0.034710 1
650321 0.000000 0
650328 0.000000 0
650336 0.023440 1
650345 0.000000 0
650352 0.000000 0
650360 0.034040 1
650366 0.000000 0
650374 0.000000 0
650381 0.041150 1
650390 0.000000 0
650398 0.000000 0
650405 0.037050 1
650411 0.000000 0
650418 0.000000 0
650426 0.049560 1
650434 0.000000 0
650442 0.000000 0
650449 0.044010 1
650456 0.000000 0
650464 0.000000 0
650471 0.048780 1
650480 0.000000 0
650488 0.000000 0
650495 0.044530 1
650501 0.000000 0
650508 0.000000 0
650516 0.044880 1
650525 0.000000 0
650532 0.000000 0
650540 0.051070 1
650546 0.000000 0
650554 0.000000 0
650561 0.036010 1
650569 0.000000 0
650576 0.000000 0
650584 0.031480 1
650591 0.000000 0
650598 0.000000 0
650606 0.025010 1
650614 0.000000 0
650622 0.000000 0
650629 0.033370 1
650636 0.000000 0
650644 0.000000 0
650651 0.030990 1
650659 0.000000 0
650666 0.000000 0
650674 0.033370 1
650681 0.000000 0
650688 0.000000 0
650696 0.039440 1
650705 0.000000 0
650712 0.000000 0
650720 0.044710 1
650726 0.000000 0
650734 0.000000 0
650741 0.040020 1
650749 0.000000 0
650756 0.000000 0
650764 0.044360 1
650771 0.000000 0
650778 0.000000 0
650786 0.046220 1
650794 0.000000 0
650802 0.000000 0
650809 0.041150 1
650816 0.000000 0
650824 0.000000 0
650831 0.036220 1
650839 0.000000 0
650846 0.000000 0
650854 0.028700 1
650861 0.000000 0
650868 0.000000 0
650876 0.027340 1
650884 0.000000 0
650892 0.000000 0
650899 0.032440 1
650906 0.000000 0
650914 0.000000 0
650921 0.027340 1
650929 0.000000 0
650936 0.000000 0
650944 0.079470 1
650951 0.000000 0
650958 0.000000 0
650966 0.082760 1
650974 0.000000 0
650982 0.000000 0
650989 0.080520 1
650996 0.000000 0
651004 0.000000 0
651011 0.073590 1
651020 0.000000 0
651028 0.000000 0
651035 0.056340 1
651041 0.000000 0
651048 0.000000 0
651056 0.039060 1
651064 0.000000 0
651072 0.000000 0
651079 0.032210 1
651086 0.000000 0
651094 0.000000 0
651101 0.036640 1
651109 0.000000 0
651116 0.000000 0
651124 0.033140 1
651131 0.000000 0
651138 0.000000 0
651146 0.039640 1
651154 0.000000 0
651162 0.000000 0
651169 0.047520 1
651176 0.000000 0
651184 0.000000 0
651191 0.056200 1
651199 0.000000 0
651206 0.000000 0
651214 0.043320 1
651221 0.000000 0
651228 0.000000 0
651236 0.047030 1
651244 0.000000 0
651252 0.000000 0
651259 0.038860 1
651266 0.000000 0
651274 0.000000 0
651281 0.040210 1
651289 0.000000 0
651296 0.000000 0
651304 0.038470 1
651311 0.000000 0
651318 0.000000 0
651326 0.039440 1
651334 0.000000 0
651342 0.000000 0
651349 0.044010 1
651356 0.000000 0
651364 0.000000 0
651371 0.049870 1
651379 0.000000 0
651386 0.000000 0
651394 0.046710 1
651401 0.000000 0
651408 0.000000 0
651416 0.072240 1
651424 0.000000 0
651432 0.000000 0
651439 0.086550 1
651446 0.000000 0
651454 0.000000 0
651461 0.084050 1
651469 0.000000 0
651476 0.000000 0
651484 0.067080 1
651491 0.000000 0
651498 0.000000 0
651506 0.056200 1
651514 0.000000 0
651522 0.000000 0
651529 0.053270 1
651536 0.000000 0
651544 0.000000 0
651551 0.060380 1
651559 0.000000 0
651566 0.000000 0
651574 0.058200 1
651581 0.000000 0
651588 0.000000 0
651596 0.032910 1
651604 0.000000 0
651612 0.000000 0
651619 0.034710 1
651626 0.000000 0
651634 0.000000 0
651641 0.034040 1
651649 0.000000 0
651656 0.000000 0
651664 0.042250 1
651671 0.000000 0
651678 0.000000 0
651686 0.039640 1
651694 0.000000 0
651702 0.000000 0
651709 0.040210 1
651716 0.000000 0
651724 0.000000 0
651731 0.025010 1
651740 0.000000 0
651748 0.000000 0
651755 0.025600 1
651761 0.000000 0
651768 0.000000 0
651776 0.040020 1
651784 0.000000 0
651792 0.000000 0
651799 0.053270 1
651806 0.000000 0
651814 0.000000 0
651821 0.042070 1
651829 0.000000 0
651836 0.000000 0
651844 0.049870 1
651851 0.000000 0
651858 0.000000 0
651866 0.045380 1
651874 0.000000 0
651882 0.000000 0
651889 0.066970 1
651896 0.000000 0
651904 0.000000 0
651911 0.080430 1
651919 0.000000 0
651926 0.000000 0
651934 0.078890 1
651941 0.000000 0
651948 0.000000 0
651956 0.066740 1
651964 0.000000 0
651972 0.000000 0
651979 0.049710 1
651986 0.000000 0
651994 0.000000 0
652001 0.053970 1
652009 0.000000 0
652016 0.000000 0
652024 0.037660 1
652031 0.000000 0
652038 0.000000 0
652046 0.037460 1
652054 0.000000 0
652062 0.000000 0
652069 0.023100 1
652076 0.000000 0
652084 0.000000 0
652091 0.026200 1
652099 0.000000 0
652106 0.000000 0
652114 0.037050 1
652121 0.000000 0
652128 0.000000 0
652136 0.056060 1
652144 0.000000 0
652152 0.000000 0
652159 0.046370 1
652167 0.000000 0
652174 0.000000 0
652182 0.041700 1
652189 0.000000 0
652196 0.000000 0
652204 0.052260 1
652212 0.000000 0
652220 0.000000 0
652227 0.061010 1
652234 0.000000 0
652242 0.000000 0
652249 0.049560 1
652257 0.000000 0
652264 0.000000 0
652272 0.049410 1
652279 0.000000 0
652286 0.000000 0
652294 0.030240 1
652302 0.000000 0
652310 0.000000 0
652317 0.045210 1
652324 0.000000 0
652332 0.000000 0
652339 0.038860 1
652347 0.000000 0
652354 0.000000 0
652362 0.054540 1
652369 0.000000 0
652376 0.000000 0
652384 0.074620 1
652392 0.000000 0
652400 0.000000 0
652407 0.070530 1
652414 0.000000 0
652422 0.000000 0
652429 0.059240 1
652437 0.000000 0
652444 0.000000 0
652452 0.044360 1
652459 0.000000 0
652466 0.000000 0
652474 0.038670 1
652482 0.000000 0
652490 0.000000 0
652497 0.041890 1
652504 0.000000 0
652512 0.000000 0
652519 0.041890 1
652526 0.000000 0
652534 0.000000 0
652541 0.039830 1
652549 0.000000 0
652556 0.000000 0
652564 0.032440 1
652572 0.000000 0
652580 0.000000 0
652587 0.027890 1
652594 0.000000 0
652602 0.000000 0
652609 0.049410 1
652616 0.000000 0
652624 0.000000 0
652631 0.046540 1
652639 0.000000 0
652646 0.000000 0
652654 0.042970 1
652662 0.000000 0
652670 0.000000 0
652677 0.039060 1
652684 0.000000 0
652692 0.000000 0
652699 0.027050 1
652706 0.000000 0
652714 0.000000 0
652721 0.053120 1
652729 0.000000 0
652736 0.000000 0
652744 0.062970 1
652751 0.000000 0
652758 0.000000 0
652766 0.048780 1
652774 0.000000 0
652782 0.000000 0
652789 0.045720 1
652796 0.000000 0
652804 0.000000 0
652811 0.039640 1
652819 0.000000 0
652826 0.000000 0
652834 0.040590 1
652842 0.000000 0
652850 0.000000 0
652857 0.099120 1
652864 0.000000 0
652872 0.000000 0
652879 0.099890 1
652886 0.000000 0
652894 0.000000 0
652901 0.089330 1
652909 0.000000 0
652916 0.000000 0
652924 0.062000 1
652932 0.000000 0
652940 0.000000 0
652947 0.055790 1
652953 0.000000 0
652960 0.000000 0
652968 0.045210 1
652976 0.000000 0
652984 0.000000 0
652991 0.042970 1
652998 0.000000 0
653006 0.000000 0
653013 0.047520 1
653022 0.000000 0
653030 0.000000 0
653037 0.029480 1
653043 0.000000 0
653050 0.000000 0
653058 0.027620 1
653067 0.000000 0
653074 0.000000 0
653082 0.057130 1
653088 0.000000 0
653096 0.000000 0
653103 0.057010 1
653112 0.000000 0
653120 0.000000 0
653127 0.041890 1
653133 0.000000 0
653140 0.000000 0
653148 0.052110 1
653157 0.000000 0
653164 0.000000 0
653172 0.054690 1
653179 0.000000 0
653186 0.000000 0
653194 0.049410 1
653201 0.000000 0
653208 0.000000 0
653216 0.042790 1
653224 0.000000 0
653232 0.000000 0
653239 0.038070 1
653246 0.000000 0
653254 0.000000 0
653261 0.040020 1
653269 0.000000 0
653276 0.000000 0
653284 0.039440 1
653291 0.000000 0
653298 0.000000 0
653306 0.060260 1
653315 0.000000 0
653322 0.000000 0
653330 0.113950 1
653336 0.000000 0
653344 0.000000 0
653351 0.106830 1
653360 0.000000 0
653368 0.000000 0
653375 0.093100 1
653381 0.000000 0
653388 0.000000 0
653396 0.069210 1
653405 0.000000 0
653412 0.000000 0
653420 0.058060 1
653426 0.000000 0
653434 0.000000 0
653441 0.049260 1
653450 0.000000 0
653458 0.000000 0
653465 0.049710 1
653471 0.000000 0
653478 0.000000 0
653486 0.060760 1
653495 0.000000 0
653502 0.000000 0
653510 0.051380 1
653516 0.000000 0
653524 0.000000 0
653531 0.041520 1
653538 0.000000 0
653546 0.000000 0
653553 0.045720 1
653561 0.000000 0
653568 0.000000 0
653576 0.047990 1
653583 0.000000 0
653590 0.000000 0
653598 0.047990 1
653606 0.000000 0
653614 0.000000 0
653621 0.043840 1
653628 0.000000 0
653636 0.000000 0
653643 0.037460 1
653651 0.000000 0
653658 0.000000 0
653666 0.027050 1
653674 0.000000 0
653682 0.000000 0
653689 0.029480 1
653696 0.000000 0
653704 0.000000 0
653711 0.028960 1
653719 0.000000 0
653726 0.000000 0
653734 0.039830 1
653741 0.000000 0
653748 0.000000 0
653756 0.038860 1
653764 0.000000 0
653772 0.000000 0
653779 0.041340 1
653786 0.000000 0
653794 0.000000 0
653801 0.087600 1
653810 0.000000 0
653818 0.000000 0
653825 0.111100 1
653831 0.000000 0
653838 0.000000 0
653846 0.114550 1
653855 0.000000 0
653862 0.000000 0
653870 0.089490 1
653876 0.000000 0
653884 0.000000 0
653891 0.083680 1
653899 0.000000 0
653906 0.000000 0
653914 0.056340 1
653921 0.000000 0
653928 0.000000 0
653936 0.047520 1
653944 0.000000 0
653952 0.000000 0
653959 0.049090 1
653966 0.000000 0
653974 0.000000 0
653981 0.042070 1
653989 0.000000 0
653996 0.000000 0
654004 0.041890 1
654011 0.000000 0
654018 0.000000 0
654026 0.076840 1
654034 0.000000 0
654042 0.000000 0
654049 0.078890 1
654056 0.000000 0
654064 0.000000 0
654071 0.040590 1
654080 0.000000 0
654088 0.000000 0
654095 0.036010 1
654101 0.000000 0
654108 0.000000 0
654116 0.037260 1
654125 0.000000 0
654132 0.000000 0
654140 0.032910 1
654147 0.000000 0
654154 0.000000 0
654162 0.032670 1
654169 0.000000 0
654176 0.000000 0
654184 0.029740 1
654193 0.000000 0
654200 0.000000 0
654208 0.038070 1
654214 0.000000 0
654222 0.000000 0
654229 0.047840 1
654238 0.000000 0
654246 0.000000 0
654253 0.044190 1
654259 0.000000 0
654266 0.000000 0
654274 0.070630 1
654283 0.000000 0
654290 0.000000 0
654298 0.093830 1
654304 0.000000 0
654312 0.000000 0
654319 0.088640 1
654327 0.000000 0
654334 0.000000 0
654342 0.082220 1
654350 0.000000 0
654358 0.000000 0
654365 0.074830 1
654372 0.000000 0
654380 0.000000 0
654387 0.065480 1
654395 0.000000 0
654402 0.000000 0
654410 0.072970 1
654417 0.000000 0
654424 0.000000 0
654432 0.067310 1
654440 0.000000 0
654448 0.000000 0
654455 0.042070 1
654461 0.000000 0
654468 0.000000 0
654476 0.039440 1
654485 0.000000 0
654492 0.000000 0
654500 0.040960 1
654507 0.000000 0
654514 0.000000 0
654522 0.061010 1
654530 0.000000 0
654538 0.000000 0
654545 0.040590 1
654552 0.000000 0
654560 0.000000 0
654567 0.041700 1
654574 0.000000 0
654582 0.000000 0
654589 0.033370 1
654596 0.000000 0
654604 0.000000 0
654611 0.036220 1
654619 0.000000 0
654626 0.000000 0
654634 0.025310 1
654641 0.000000 0
654648 0.000000 0
654656 0.024080 1
654664 0.000000 0
654672 0.000000 0
654679 0.033140 1
654686 0.000000 0
654694 0.000000 0
654701 0.041340 1
654710 0.000000 0
654718 0.000000 0
654725 0.057010 1
654732 0.000000 0
654740 0.000000 0
654747 0.069980 1
654754 0.000000 0
654762 0.000000 0
654769 0.092680 1
654778 0.000000 0
654786 0.000000 0
654793 0.091260 1
654799 0.000000 0
654806 0.000000 0
654814 0.078600 1
654823 0.000000 0
654830 0.000000 0
654838 0.071700 1
654844 0.000000 0
654852 0.000000 0
654859 0.059360 1
654867 0.000000 0
654874 0.000000 0
654882 0.062240 1
654889 0.000000 0
654896 0.000000 0
654904 0.048160 1
654912 0.000000 0
654920 0.000000 0
654927 0.050020 1
654934 0.000000 0
654942 0.000000 0
654949 0.054540 1
654957 0.000000 0
654964 0.000000 0
654972 0.033830 1
654979 0.000000 0
654986 0.000000 0
654994 0.049090 1
655002 0.000000 0
655010 0.000000 0
655017 0.046220 1
655025 0.000000 0
655032 0.000000 0
655040 0.037260 1
655047 0.000000 0
655054 0.000000 0
655062 0.037660 1
655070 0.000000 0
655078 0.000000 0
655085 0.031720 1
655092 0.000000 0
655100 0.000000 0
655107 0.032210 1
655114 0.000000 0
655122 0.000000 0
655129 0.024080 1
655136 0.000000 0
655144 0.000000 0
655151 0.027620 1
655159 0.000000 0
655166 0.000000 0
655174 0.040960 1
655181 0.000000 0
655188 0.000000 0
655196 0.046220 1
655205 0.000000 0
655212 0.000000 0
655220 0.060880 1
655226 0.000000 0
655234 0.000000 0
655241 0.089420 1
655250 0.000000 0
655258 0.000000 0
655265 0.089590 1
655271 0.000000 0
655278 0.000000 0
655286 0.076650 1
655294 0.000000 0
655302 0.000000 0
655309 0.065710 1
655318 0.000000 0
655326 0.000000 0
655333 0.061010 1
655339 0.000000 0
655346 0.000000 0
655354 0.062120 1
655363 0.000000 0
655370 0.000000 0
655378 0.051960 1
655384 0.000000 0
655392 0.000000 0
655399 0.044530 1
655407 0.000000 0
655414 0.000000 0
655422 0.077240 1
655429 0.000000 0
655436 0.000000 0
655444 0.033600 1
655452 0.000000 0
655460 0.000000 0
655467 0.058980 1
655474 0.000000 0
655482 0.000000 0
655489 0.060640 1
655497 0.000000 0
655504 0.000000 0
655512 0.052550 1
655520 0.000000 0
655528 0.000000 0
655535 0.041700 1
655542 0.000000 0
655550 0.000000 0
655557 0.039440 1
655565 0.000000 0
655572 0.000000 0
655580 0.025910 1
655587 0.000000 0
655594 0.000000 0
655602 0.049710 1
655609 0.000000 0
655616 0.000000 0
655624 0.052980 1
655631 0.000000 0
655638 0.000000 0
655646 0.043670 1
655654 0.000000 0
655662 0.000000 0
655669 0.046370 1
655676 0.000000 0
655684 0.000000 0
655691 0.046710 1
655700 0.000000 0
655708 0.000000 0
655715 0.068990 1
655721 0.000000 0
655728 0.000000 0
655736 0.078600 1
655744 0.000000 0
655752 0.000000 0
655759 0.072020 1
655766 0.000000 0
655774 0.000000 0
655781 0.068210 1
655789 0.000000 0
655796 0.000000 0
655804 0.065000 1
655813 0.000000 0
655820 0.000000 0
655828 0.056600 1
655834 0.000000 0
655842 0.000000 0
655849 0.055240 1
655857 0.000000 0
655864 0.000000 0
655872 0.045380 1
655879 0.000000 0
655886 0.000000 0
655894 0.041700 1
655903 0.000000 0
655910 0.000000 0
655918 0.055100 1
655924 0.000000 0
655932 0.000000 0
655939 0.046370 1
655948 0.000000 0
655956 0.000000 0
655963 0.069660 1
655969 0.000000 0
655976 0.000000 0
655984 0.057400 1
655992 0.000000 0
656000 0.000000 0
656007 0.044360 1
656014 0.000000 0
656022 0.000000 0
656029 0.039830 1
656037 0.000000 0
656044 0.000000 0
656052 0.022770 1
656060 0.000000 0
656068 0.000000 0
656075 0.040020 1
656082 0.000000 0
656090 0.000000 0
656097 0.049090 1
656105 0.000000 0
656112 0.000000 0
656120 0.045880 1
656127 0.000000 0
656134 0.000000 0
656142 0.055790 1
656150 0.000000 0
656158 0.000000 0
656165 0.056200 1
656171 0.000000 0
656178 0.000000 0
656186 0.067770 1
656194 0.000000 0
656202 0.000000 0
656209 0.060500 1
656216 0.000000 0
656224 0.000000 0
656231 0.054260 1
656239 0.000000 0
656246 0.000000 0
656254 0.069430 1
656261 0.000000 0
656268 0.000000 0
656276 0.071810 1
656284 0.000000 0
656292 0.000000 0
656299 0.061510 1
656306 0.000000 0
656314 0.000000 0
656321 0.060140 1
656329 0.000000 0
656336 0.000000 0
656344 0.049410 1
656351 0.000000 0
656358 0.000000 0
656366 0.043670 1
656374 0.000000 0
656382 0.000000 0
656389 0.046540 1
656397 0.000000 0
656404 0.000000 0
656412 0.048310 1
656419 0.000000 0
656426 0.000000 0
656434 0.056060 1
656442 0.000000 0
656450 0.000000 0
656457 0.052840 1
656464 0.000000 0
656472 0.000000 0
656479 0.052980 1
656488 0.000000 0
656496 0.000000 0
656503 0.046880 1
656509 0.000000 0
656516 0.000000 0
656524 0.018310 1
656533 0.000000 0
656540 0.000000 0
656548 0.038670 1
656554 0.000000 0
656562 0.000000 0
656569 0.042790 1
656578 0.000000 0
656586 0.000000 0
656593 0.037660 1
656599 0.000000 0
656606 0.000000 0
656614 0.046540 1
656622 0.000000 0
656630 0.000000 0
656637 0.048310 1
656644 0.000000 0
656652 0.000000 0
656659 0.058200 1
656667 0.000000 0
656674 0.000000 0
656682 0.065830 1
656689 0.000000 0
656696 0.000000 0
656704 0.064300 1
656712 0.000000 0
656720 0.000000 0
656727 0.086380 1
656735 0.000000 0
656742 0.000000 0
656750 0.085130 1
656757 0.000000 0
656764 0.000000 0
656772 0.093660 1
656780 0.000000 0
656788 0.000000 0
656795 0.084140 1
656802 0.000000 0
656810 0.000000 0
656817 0.065830 1
656825 0.000000 0
656832 0.000000 0
656840 0.042790 1
656847 0.000000 0
656854 0.000000 0
656862 0.050920 1
656869 0.000000 0
656876 0.000000 0
656884 0.045040 1
656891 0.000000 0
656898 0.000000 0
656906 0.049870 1
656914 0.000000 0
656922 0.000000 0
656929 0.050170 1
656936 0.000000 0
656944 0.000000 0
656951 0.045210 1
656960 0.000000 0
656968 0.000000 0
656975 0.036420 1
656981 0.000000 0
656988 0.000000 0
656996 0.030750 1
657004 0.000000 0
657012 0.000000 0
657019 0.028170 1
657026 0.000000 0
657034 0.000000 0
657041 0.040960 1
657049 0.000000 0
657056 0.000000 0
657064 0.037050 1
657071 0.000000 0
657078 0.000000 0
657086 0.030990 1
657094 0.000000 0
657102 0.000000 0
657109 0.042070 1
657116 0.000000 0
657124 0.000000 0
657131 0.034710 1
657139 0.000000 0
657146 0.000000 0
657154 0.051820 1
657161 0.000000 0
657168 0.000000 0
657176 0.055920 1
657184 0.000000 0
657192 0.000000 0
657199 0.071170 1
657206 0.000000 0
657214 0.000000 0
657221 0.073900 1
657229 0.000000 0
657236 0.000000 0
657244 0.058060 1
657251 0.000000 0
657258 0.000000 0
657266 0.057270 1
657274 0.000000 0
657282 0.000000 0
657289 0.053120 1
657296 0.000000 0
657304 0.000000 0
657311 0.051670 1
657319 0.000000 0
657326 0.000000 0
657334 0.052400 1
657342 0.000000 0
657350 0.000000 0
657357 0.043320 1
657364 0.000000 0
657372 0.000000 0
657379 0.104220 1
657387 0.000000 0
657394 0.000000 0
657402 0.210030 1
657409 0.000000 0
657416 0.000000 0
657424 0.202260 1
657433 0.000000 0
657440 0.000000 0
657448 0.144370 1
657454 0.000000 0
657462 0.000000 0
657469 0.108740 1
657477 0.000000 0
657484 0.000000 0
657492 0.067310 1
657499 0.000000 0
657506 0.000000 0
657514 0.048780 1
657522 0.000000 0
657530 0.000000 0
657537 0.060500 1
657545 0.000000 0
657552 0.000000 0
657560 0.065580 1
657567 0.000000 0
657574 0.000000 0
657582 0.053700 1
657590 0.000000 0
657598 0.000000 0
657605 0.044190 1
657612 0.000000 0
657620 0.000000 0
657627 0.046880 1
657635 0.000000 0
657642 0.000000 0
657650 0.038270 1
657657 0.000000 0
657664 0.000000 0
657672 0.036420 1
657680 0.000000 0
657688 0.000000 0
657695 0.036220 1
657701 0.000000 0
657708 0.000000 0
657716 0.030750 1
657724 0.000000 0
657732 0.000000 0
657739 0.034040 1
657746 0.000000 0
657754 0.000000 0
657761 0.039060 1
657769 0.000000 0
657776 0.000000 0
657784 0.038470 1
657792 0.000000 0
657800 0.000000 0
657807 0.035160 1
657814 0.000000 0
657822 0.000000 0
657829 0.031970 1
657836 0.000000 0
657844 0.000000 0
657851 0.033140 1
657859 0.000000 0
657866 0.000000 0
657874 0.030990 1
657881 0.000000 0
657888 0.000000 0
657896 0.043490 1
657905 0.000000 0
657912 0.000000 0
657920 0.050630 1
657926 0.000000 0
657934 0.000000 0
657941 0.030240 1
657949 0.000000 0
657956 0.000000 0
657964 0.030000 1
657973 0.000000 0
657980 0.000000 0
657988 0.023100 1
657994 0.000000 0
658002 0.000000 0
658009 0.012950 1
658018 0.000000 0
658026 0.000000 0
658033 0.025910 1
658039 0.000000 0
658046 0.000000 0
658054 0.038470 1
658063 0.000000 0
658070 0.000000 0
658078 0.042070 1
658084 0.000000 0
658092 0.000000 0
658099 0.045720 1
658107 0.000000 0
658114 0.000000 0
658122 0.070630 1
658129 0.000000 0
658136 0.000000 0
658144 0.075230 1
658152 0.000000 0
658160 0.000000 0
658167 0.052550 1
658174 0.000000 0
658182 0.000000 0
658189 0.038860 1
658197 0.000000 0
658204 0.000000 0
658212 0.036220 1
658219 0.000000 0
658226 0.000000 0
658234 0.043490 1
658242 0.000000 0
658250 0.000000 0
658257 0.040210 1
658265 0.000000 0
658272 0.000000 0
658280 0.036640 1
658287 0.000000 0
658294 0.000000 0
658302 0.036850 1
658310 0.000000 0
658318 0.000000 0
658325 0.044880 1
658332 0.000000 0
658340 0.000000 0
658347 0.052400 1
658354 0.000000 0
658362 0.000000 0
658369 0.054690 1
658376 0.000000 0
658384 0.000000 0
658391 0.058060 1
658399 0.000000 0
658406 0.000000 0
658414 0.058460 1
658421 0.000000 0
658428 0.000000 0
658436 0.062360 1
658445 0.000000 0
658452 0.000000 0
658460 0.049410 1
658466 0.000000 0
658474 0.000000 0
658481 0.052840 1
658490 0.000000 0
658498 0.000000 0
658505 0.055790 1
658511 0.000000 0
658518 0.000000 0
658526 0.040210 1
658534 0.000000 0
658542 0.000000 0
658549 0.047350 1
658556 0.000000 0
658564 0.000000 0
658571 0.045550 1
658580 0.000000 0
658588 0.000000 0
658595 0.050780 1
658603 0.000000 0
658610 0.000000 0
658618 0.048780 1
658624 0.000000 0
658632 0.000000 0
658639 0.046370 1
658647 0.000000 0
658654 0.000000 0
658662 0.047990 1
658669 0.000000 0
658676 0.000000 0
658684 0.048630 1
658693 0.000000 0
658700 0.000000 0
658708 0.051220 1
658714 0.000000 0
658722 0.000000 0
658729 0.042600 1
658738 0.000000 0
658746 0.000000 0
658753 0.042250 1
658759 0.000000 0
658766 0.000000 0
658774 0.040410 1
658782 0.000000 0
658790 0.000000 0
658797 0.040210 1
658804 0.000000 0
658812 0.000000 0
658819 0.039060 1
658827 0.000000 0
658834 0.000000 0
658842 0.035580 1
658849 0.000000 0
658856 0.000000 0
658864 0.036010 1
658872 0.000000 0
658880 0.000000 0
658887 0.048780 1
658895 0.000000 0
658902 0.000000 0
658910 0.056340 1
658917 0.000000 0
658924 0.000000 0
658932 0.047030 1
658940 0.000000 0
658948 0.000000 0
658955 0.047990 1
658962 0.000000 0
658970 0.000000 0
658977 0.052840 1
658985 0.000000 0
658992 0.000000 0
659000 0.024700 1
659007 0.000000 0
659014 0.000000 0
659022 0.076140 1
659030 0.000000 0
659038 0.000000 0
659045 0.115280 1
659051 0.000000 0
659058 0.000000 0
659066 0.122710 1
659074 0.000000 0
659082 0.000000 0
659089 0.105240 1
659096 0.000000 0
659104 0.000000 0
659111 0.078220 1
659120 0.000000 0
659128 0.000000 0
659135 0.053120 1
659141 0.000000 0
659148 0.000000 0
659156 0.044190 1
659164 0.000000 0
659172 0.000000 0
659179 0.040770 1
659186 0.000000 0
659194 0.000000 0
659201 0.028430 1
659210 0.000000 0
659218 0.000000 0
659225 0.019530 1
659232 0.000000 0
659240 0.000000 0
659247 0.016570 1
659254 0.000000 0
659262 0.000000 0
659269 0.028960 1
659277 0.000000 0
659284 0.000000 0
659292 0.081470 1
659299 0.000000 0
659306 0.000000 0
659314 0.160860 1
659323 0.000000 0
659330 0.000000 0
659338 0.158530 1
659344 0.000000 0
659352 0.000000 0
659359 0.104810 1
659367 0.000000 0
659374 0.000000 0
659382 0.088290 1
659389 0.000000 0
659396 0.000000 0
659404 0.069540 1
659412 0.000000 0
659420 0.000000 0
659427 0.084050 1
659434 0.000000 0
659442 0.000000 0
659449 0.077040 1
659457 0.000000 0
659464 0.000000 0
659472 0.047990 1
659480 0.000000 0
659488 0.000000 0
659495 0.042420 1
659502 0.000000 0
659510 0.000000 0
659517 0.053410 1
659525 0.000000 0
659532 0.000000 0
659540 0.053410 1
659546 0.000000 0
659554 0.000000 0
659561 0.040210 1
659568 0.000000 0
659576 0.000000 0
659583 0.046710 1
659591 0.000000 0
659598 0.000000 0
659606 0.046370 1
659613 0.000000 0
659620 0.000000 0
659628 0.073490 1
659636 0.000000 0
659644 0.000000 0
659651 0.050170 1
659660 0.000000 0
659668 0.000000 0
659675 0.043670 1
659681 0.000000 0
659688 0.000000 0
659696 0.033140 1
659705 0.000000 0
659712 0.000000 0
659720 0.047350 1
659726 0.000000 0
659734 0.000000 0
659741 0.046540 1
659748 0.000000 0
659756 0.000000 0
659763 0.054120 1
659771 0.000000 0
659778 0.000000 0
659786 0.065130 1
659793 0.000000 0
659800 0.000000 0
659808 0.065350 1
659816 0.000000 0
659824 0.000000 0
659831 0.053560 1
659840 0.000000 0
659848 0.000000 0
659855 0.054260 1
659861 0.000000 0
659868 0.000000 0
659876 0.045720 1
659884 0.000000 0
659892 0.000000 0
659899 0.037050 1
659906 0.000000 0
659914 0.000000 0
659921 0.035800 1
659930 0.000000 0
659938 0.000000 0
659945 0.032670 1
659951 0.000000 0
659958 0.000000 0
659966 0.033370 1
659975 0.000000 0
659982 0.000000 0
659990 0.041340 1
659996 0.000000 0
660004 0.000000 0
660011 0.042600 1
660020 0.000000 0
660028 0.000000 0
660035 0.044190 1
660041 0.000000 0
660048 0.000000 0
660056 0.050780 1
660065 0.000000 0
660072 0.000000 0
660080 0.042420 1
660086 0.000000 0
660094 0.000000 0
660101 0.043140 1
660110 0.000000 0
660118 0.000000 0
660125 0.037660 1
660131 0.000000 0
660138 0.000000 0
660146 0.038470 1
660154 0.000000 0
660162 0.000000 0
660169 0.029220 1
660177 0.000000 0
660184 0.000000 0
660192 0.027340 1
660199 0.000000 0
660206 0.000000 0
660214 0.042600 1
660221 0.000000 0
660228 0.000000 0
660236 0.051380 1
660244 0.000000 0
660252 0.000000 0
660259 0.057270 1
660266 0.000000 0
660274 0.000000 0
660281 0.058850 1
660289 0.000000 0
660296 0.000000 0
660304 0.055240 1
660311 0.000000 0
660318 0.000000 0
660326 0.052260 1
660334 0.000000 0
660342 0.000000 0
660349 0.047200 1
660356 0.000000 0
660364 0.000000 0
660371 0.036010 1
660379 0.000000 0
660386 0.000000 0
660394 0.017460 1
660401 0.000000 0
660408 0.000000 0
660416 0.027050 1
660424 0.000000 0
660432 0.000000 0
660439 0.046540 1
660446 0.000000 0
660454 0.000000 0
660461 0.099890 1
660470 0.000000 0
660478 0.000000 0
660485 0.129550 1
660491 0.000000 0
660498 0.000000 0
660506 0.118090 1
660514 0.000000 0
660522 0.000000 0
660529 0.106900 1
660537 0.000000 0
660544 0.000000 0
660552 0.074420 1
660559 0.000000 0
660566 0.000000 0
660574 0.042420 1
660582 0.000000 0
660590 0.000000 0
660597 0.028430 1
660604 0.000000 0
660612 0.000000 0
660619 0.030990 1
660627 0.000000 0
660634 0.000000 0
660642 0.025310 1
660649 0.000000 0
660656 0.000000 0
660664 0.030750 1
660671 0.000000 0
660678 0.000000 0
660686 0.047200 1
660694 0.000000 0
660702 0.000000 0
660709 0.095350 1
660716 0.000000 0
660724 0.000000 0
660731 0.144000 1
660739 0.000000 0
660746 0.000000 0
660754 0.119810 1
660762 0.000000 0
660770 0.000000 0
660777 0.062500 1
660784 0.000000 0
660792 0.000000 0
660799 0.033370 1
660807 0.000000 0
660814 0.000000 0
660822 0.052400 1
660829 0.000000 0
660836 0.000000 0
660844 0.052980 1
660852 0.000000 0
660860 0.000000 0
660867 0.053970 1
660874 0.000000 0
660882 0.000000 0
660889 0.020660 1
660897 0.000000 0
660904 0.000000 0
660912 0.030000 1
660918 0.000000 0
660926 0.000000 0
660933 0.064650 1
660942 0.000000 0
660950 0.000000 0
660957 0.080050 1
660963 0.000000 0
660970 0.000000 0
660978 0.095280 1
660987 0.000000 0
660994 0.000000 0
661002 0.111650 1
661009 0.000000 0
661016 0.000000 0
661024 0.084050 1
661033 0.000000 0
661040 0.000000 0
661048 0.035800 1
661054 0.000000 0
661062 0.000000 0
661069 0.015120 1
661077 0.000000 0
661084 0.000000 0
661092 0.014080 1
661098 0.000000 0
661106 0.000000 0
661113 0.009570 0
661121 0.000000 0
661128 0.000000 0
661136 0.042420 0
661143 0.000000 0
661150 0.000000 0
661158 0.037660 0
661167 0.000000 0
661174 0.000000 0
661182 0.106540 0
661190 0.000000 0
661198 0.000000 0
661205 0.116530 0
661212 0.000000 0
661220 0.000000 0
661227 0.138050 0
661235 0.000000 0
661242 0.000000 0
661250 0.089070 0
661256 0.000000 0
661264 0.000000 0
661271 0.095280 0
661280 0.000000 0
661288 0.000000 0
661295 0.073490 0
661301 0.000000 0
661308 0.000000 0
661316 0.053830 0
661323 0.000000 0
661330 0.000000 0
661338 0.036420 0
661346 0.000000 0
661354 0.000000 0
661361 0.024080 0
661369 0.000000 0
661376 0.000000 0
661384 0.032440 0
661391 0.000000 0
661398 0.000000 0
661406 0.037050 0
661415 0.000000 0
661422 0.000000 0
661430 0.104590 0
661436 0.000000 0
661444 0.000000 0
661451 0.095030 0
661460 0.000000 0
661468 0.000000 0
661475 0.099500 0
661481 0.000000 0
661488 0.000000 0
661496 0.096390 0
661505 0.000000 0
661512 0.000000 0
661520 0.072130 0
661526 0.000000 0
661534 0.000000 0
661541 0.057940 0
661550 0.000000 0
661558 0.000000 0
661565 0.041520 0
661571 0.000000 0
661578 0.000000 0
661586 0.042970 0
661594 0.000000 0
661602 0.000000 0
661609 0.044530 0
661616 0.000000 0
661624 0.000000 0
661631 0.049710 0
661639 0.000000 0
661646 0.000000 0
661654 0.047350 0
661661 0.000000 0
661668 0.000000 0
661676 0.038070 0
661684 0.000000 0
661692 0.000000 0
661699 0.031970 0
661706 0.000000 0
661714 0.000000 0
661721 0.035370 0
661729 0.000000 0
661736 0.000000 0
661744 0.049710 0
661751 0.000000 0
661758 0.000000 0
661766 0.040020 0
661775 0.000000 0
661782 0.000000 0
661790 0.044530 0
661796 0.000000 0
661804 0.000000 0
661811 0.036420 0
661819 0.000000 0
661826 0.000000 0
661834 0.027050 0
661841 0.000000 0
661848 0.000000 0
661856 0.030000 0
661865 0.000000 0
661872 0.000000 0
661880 0.031480 0
661886 0.000000 0
661894 0.000000 0
661901 0.046050 0
661909 0.000000 0
661916 0.000000 0
661924 0.050320 0
661931 0.000000 0
661938 0.000000 0
661946 0.074530 0
661954 0.000000 0
661962 0.000000 0
661969 0.077330 0
661976 0.000000 0
661984 0.000000 0
661991 0.063100 0
661999 0.000000 0
662006 0.000000 0
662014 0.043840 0
662021 0.000000 0
662028 0.000000 0
662036 0.052400 0
662044 0.000000 0
662052 0.000000 0
662059 0.039830 0
662066 0.000000 0
662074 0.000000 0
662081 0.036010 0
662089 0.000000 0
662096 0.000000 0
662104 0.037050 0
662111 0.000000 0
662118 0.000000 0
662126 0.034490 0
662134 0.000000 0
662142 0.000000 0
662149 0.058200 0
662158 0.000000 0
662166 0.000000 0
662173 0.065710 0
662179 0.000000 0
662186 0.000000 0
662194 0.063100 0
662203 0.000000 0
662210 0.000000 0
662218 0.053970 0
662224 0.000000 0
662232 0.000000 0
662239 0.038270 0
662248 0.000000 0
662256 0.000000 0
662263 0.030750 0
662269 0.000000 0
662276 0.000000 0
662284 0.023100 0
662292 0.000000 0
662300 0.000000 0
662307 0.027620 0
662313 0.000000 0
662320 0.000000 0
662328 0.042790 0
662337 0.000000 0
662344 0.000000 0
662352 0.042790 0
662359 0.000000 0
662366 0.000000 0
662374 0.040210 0
662382 0.000000 0
662390 0.000000 0
662397 0.051380 0
662403 0.000000 0
662410 0.000000 0
662418 0.051070 0
662427 0.000000 0
662434 0.000000 0
662442 0.058590 0
662448 0.000000 0
662456 0.000000 0
662463 0.052110 0
662472 0.000000 0
662480 0.000000 0
662487 0.042070 0
662493 0.000000 0
662500 0.000000 0
662508 0.036220 0
662517 0.000000 0
662524 0.000000 0
662532 0.051960 0
662538 0.000000 0
662546 0.000000 0
662553 0.048780 0
662562 0.000000 0
662570 0.000000 0
662577 0.051380 0
662585 0.000000 0
662592 0.000000 0
662600 0.046710 0
662607 0.000000 0
662614 0.000000 0
662622 0.048310 0
662630 0.000000 0
662638 0.000000 0
662645 0.056460 0
662652 0.000000 0
662660 0.000000 0
662667 0.053120 0
662675 0.000000 0
662682 0.000000 0
662690 0.047990 0
662697 0.000000 0
662704 0.000000 0
662712 0.034710 0
662719 0.000000 0
662726 0.000000 0
662734 0.034710 0
662741 0.000000 0
662748 0.000000 0
662756 0.039830 0
662764 0.000000 0
662772 0.000000 0
662779 0.032670 0
662786 0.000000 0
662794 0.000000 0
662801 0.045210 0
662809 0.000000 0
662816 0.000000 0
662824 0.046050 0
662831 0.000000 0
662838 0.000000 0
662846 0.083860 0
662855 0.000000 0
662862 0.000000 0
662870 0.152390 0
662876 0.000000 0
662884 0.000000 0
662891 0.190450 0
662899 0.000000 0
662906 0.000000 0
662914 0.183920 0
662921 0.000000 0
662928 0.000000 0
662936 0.153730 0
662944 0.000000 0
662952 0.000000 0
662959 0.093660 0
662966 0.000000 0
662974 0.000000 0
662981 0.074010 0
662989 0.000000 0
662996 0.000000 0
663004 0.059880 0
663013 0.000000 0
663020 0.000000 0
663028 0.067080 0
663034 0.000000 0
663042 0.000000 0
663049 0.042070 0
663058 0.000000 0
663066 0.000000 0
663073 0.042600 0
663079 0.000000 0
663086 0.000000 0
663094 0.054690 0
663102 0.000000 0
663110 0.000000 0
663117 0.089330 0
663124 0.000000 0
663132 0.000000 0
663139 0.063940 0
663147 0.000000 0
663154 0.000000 0
663162 0.078890 0
663169 0.000000 0
663176 0.000000 0
663184 0.061880 0
663192 0.000000 0
663200 0.000000 0
663207 0.033140 0
663213 0.000000 0
663220 0.000000 0
663228 0.027890 0
663237 0.000000 0
663244 0.000000 0
663252 0.032440 0
663258 0.000000 0
663266 0.000000 0
663273 0.018310 0
663282 0.000000 0
663290 0.000000 0
663297 0.036220 0
663303 0.000000 0
663310 0.000000 0
663318 0.028700 0
663326 0.000000 0
663334 0.000000 0
663341 0.040210 0
663348 0.000000 0
663356 0.000000 0
663363 0.079470 0
663372 0.000000 0
663380 0.000000 0
663387 0.076540 0
663393 0.000000 0
663400 0.000000 0
663408 0.066060 0
663417 0.000000 0
663424 0.000000 0
663432 0.042790 0
663439 0.000000 0
663446 0.000000 0
663454 0.043320 0
663462 0.000000 0
663470 0.000000 0
663477 0.053970 0
663485 0.000000 0
663492 0.000000 0
663500 0.066290 0
663507 0.000000 0
663514 0.000000 0
663522 0.063710 0
663530 0.000000 0
663538 0.000000 0
663545 0.038270 0
663552 0.000000 0
663560 0.000000 0
663567 0.057130 0
663575 0.000000 0
663582 0.000000 0
663590 0.060000 0
663597 0.000000 0
663604 0.000000 0
663612 0.051220 0
663620 0.000000 0
663628 0.000000 0
663635 0.051510 0
663642 0.000000 0
663650 0.000000 0
663657 0.055790 0
663664 0.000000 0
663672 0.000000 0
663679 0.071170 0
663686 0.000000 0
663694 0.000000 0
663701 0.077930 0
663710 0.000000 0
663718 0.000000 0
663725 0.089330 0
663731 0.000000 0
663738 0.000000 0
663746 0.096940 0
663754 0.000000 0
663762 0.000000 0
663769 0.080990 0
663776 0.000000 0
663784 0.000000 0
663791 0.058980 0
663799 0.000000 0
663806 0.000000 0
663814 0.078710 0
663821 0.000000 0
663828 0.000000 0
663836 0.066410 0
663844 0.000000 0
663852 0.000000 0
663859 0.053270 0
663866 0.000000 0
663874 0.000000 0
663881 0.061260 0
663889 0.000000 0
663896 0.000000 0
663904 0.042070 0
663911 0.000000 0
663918 0.000000 0
663926 0.051220 0
663934 0.000000 0
663942 0.000000 0
663949 0.057660 0
663956 0.000000 0
663964 0.000000 0
663971 0.050920 0
663979 0.000000 0
663986 0.000000 0
663994 0.038860 1
664001 0.000000 0
664008 0.000000 0
664016 0.038860 1
664025 0.000000 0
664032 0.000000 0
664040 0.057540 1
664046 0.000000 0
664054 0.000000 0
664061 0.072860 1
664069 0.000000 0
664076 0.000000 0
664084 0.053830 1
664091 0.000000 0
664098 0.000000 0
664106 0.045550 1
664114 0.000000 0
664122 0.000000 0
664129 0.037660 1
664136 0.000000 0
664144 0.000000 0
664151 0.050920 1
664159 0.000000 0
664166 0.000000 0
664174 0.059100 1
664182 0.000000 0
664190 0.000000 0
664197 0.081090 1
664204 0.000000 0
664212 0.000000 0
664219 0.080610 1
664227 0.000000 0
664234 0.000000 0
664242 0.078890 1
664249 0.000000 0
664256 0.000000 0
664264 0.047840 1
664272 0.000000 0
664280 0.000000 0
664287 0.037870 1
664294 0.000000 0
664302 0.000000 0
664309 0.034930 1
664317 0.000000 0
664324 0.000000 0
664332 0.028960 1
664338 0.000000 0
664346 0.000000 0
664353 0.043320 1
664362 0.000000 0
664370 0.000000 0
664377 0.047840 1
664384 0.000000 0
664392 0.000000 0
664399 0.037260 1
664407 0.000000 0
664414 0.000000 0
664422 0.047200 1
664429 0.000000 0
664436 0.000000 0
664444 0.044190 1
664452 0.000000 0
664460 0.000000 0
664467 0.051070 1
664474 0.000000 0
664482 0.000000 0
664489 0.056730 1
664497 0.000000 0
664504 0.000000 0
664512 0.046540 1
664519 0.000000 0
664526 0.000000 0
664534 0.064180 1
664542 0.000000 0
664550 0.000000 0
664557 0.066640 1
664564 0.000000 0
664572 0.000000 0
664579 0.061880 1
664587 0.000000 0
664594 0.000000 0
664602 0.048460 1
664610 0.000000 0
664618 0.000000 0
664625 0.048460 1
664632 0.000000 0
664640 0.000000 0
664647 0.030750 1
664655 0.000000 0
664662 0.000000 0
664670 0.045880 1
664677 0.000000 0
664684 0.000000 0
664692 0.051510 1
664700 0.000000 0
664708 0.000000 0
664715 0.045720 1
664722 0.000000 0
664730 0.000000 0
664737 0.046050 1
664745 0.000000 0
664752 0.000000 0
664760 0.059620 1
664766 0.000000 0
664774 0.000000 0
664781 0.077330 1
664790 0.000000 0
664798 0.000000 0
664805 0.069430 1
664811 0.000000 0
664818 0.000000 0
664826 0.059880 1
664835 0.000000 0
664842 0.000000 0
664850 0.057130 1
664856 0.000000 0
664864 0.000000 0
664871 0.075140 1
664880 0.000000 0
664888 0.000000 0
664895 0.055510 1
664901 0.000000 0
664908 0.000000 0
664916 0.039640 1
664925 0.000000 0
664932 0.000000 0
664940 0.042790 1
664948 0.000000 0
664956 0.000000 0
664963 0.045720 1
664969 0.000000 0
664976 0.000000 0
664984 0.057400 1
664993 0.000000 0
665000 0.000000 0
665008 0.071060 1
665014 0.000000 0
665022 0.000000 0
665029 0.064300 1
665038 0.000000 0
665046 0.000000 0
665053 0.046370 1
665059 0.000000 0
665066 0.000000 0
665074 0.026780 1
665082 0.000000 0
665090 0.000000 0
665097 0.021390 1
665104 0.000000 0
665112 0.000000 0
665119 0.030750 1
665127 0.000000 0
665134 0.000000 0
665142 0.034040 1
665149 0.000000 0
665156 0.000000 0
665164 0.051070 1
665172 0.000000 0
665180 0.000000 0
665187 0.046710 1
665195 0.000000 0
665202 0.000000 0
665210 0.044360 1
665217 0.000000 0
665224 0.000000 0
665232 0.049410 1
665240 0.000000 0
665248 0.000000 0
665255 0.056600 1
665262 0.000000 0
665270 0.000000 0
665277 0.057270 1
665285 0.000000 0
665292 0.000000 0
665300 0.050780 1
665306 0.000000 0
665314 0.000000 0
665321 0.046220 1
665329 0.000000 0
665336 0.000000 0
665344 0.036010 1
665351 0.000000 0
665358 0.000000 0
665366 0.036640 1
665375 0.000000 0
665382 0.000000 0
665390 0.026490 1
665396 0.000000 0
665404 0.000000 0
665411 0.064300 1
665419 0.000000 0
665426 0.000000 0
665434 0.062240 1
665441 0.000000 0
665448 0.000000 0
665456 0.120330 1
665465 0.000000 0
665472 0.000000 0
665480 0.166090 1
665488 0.000000 0
665496 0.000000 0
665503 0.168230 1
665509 0.000000 0
665516 0.000000 0
665524 0.140670 1
665532 0.000000 0
665540 0.000000 0
665547 0.104590 1
665554 0.000000 0
665562 0.000000 0
665569 0.069870 1
665578 0.000000 0
665586 0.000000 0
665593 0.054400 1
665599 0.000000 0
665606 0.000000 0
665614 0.044010 1
665622 0.000000 0
665630 0.000000 0
665637 0.037260 1
665644 0.000000 0
665652 0.000000 0
665659 0.035370 1
665667 0.000000 0
665674 0.000000 0
665682 0.062610 1
665688 0.000000 0
665696 0.000000 0
665703 0.078130 1
665712 0.000000 0
665720 0.000000 0
665727 0.077730 1
665733 0.000000 0
665740 0.000000 0
665748 0.060500 1
665757 0.000000 0
665764 0.000000 0
665772 0.039250 1
665778 0.000000 0
665786 0.000000 0
665793 0.028960 1
665802 0.000000 0
665810 0.000000 0
665817 0.022770 1
665823 0.000000 0
665830 0.000000 0
665838 0.021390 1
665846 0.000000 0
665854 0.000000 0
665861 0.020660 1
665868 0.000000 0
665876 0.000000 0
665883 0.030990 1
665891 0.000000 0
665898 0.000000 0
665906 0.026490 1
665913 0.000000 0
665920 0.000000 0
665928 0.081740 1
665937 0.000000 0
665944 0.000000 0
665952 0.150930 1
665958 0.000000 0
665966 0.000000 0
665973 0.156250 1
665982 0.000000 0
665990 0.000000 0
665997 0.107330 1
666003 0.000000 0
666010 0.000000 0
666018 0.071060 1
666026 0.000000 0
666034 0.000000 0
666041 0.044360 1
666048 0.000000 0
666056 0.000000 0
666063 0.040590 1
666071 0.000000 0
666078 0.000000 0
666086 0.037260 1
666093 0.000000 0
666100 0.000000 0
666108 0.044710 1
666116 0.000000 0
666124 0.000000 0
666131 0.050480 1
666138 0.000000 0
666146 0.000000 0
666153 0.049870 1
666161 0.000000 0
666168 0.000000 0
666176 0.055370 1
666183 0.000000 0
666190 0.000000 0
666198 0.048160 1
666206 0.000000 0
666214 0.000000 0
666221 0.047990 1
666228 0.000000 0
666236 0.000000 0
666243 0.042420 1
666252 0.000000 0
666260 0.000000 0
666267 0.033140 1
666273 0.000000 0
666280 0.000000 0
666288 0.017010 1
666296 0.000000 0
666304 0.000000 0
666311 0.009570 0
666318 0.000000 0
666326 0.000000 0
666333 0.015630 0
666341 0.000000 0
666348 0.000000 0
666356 0.022100 0
666363 0.000000 0
666370 0.000000 0
666378 0.035370 0
666386 0.000000 0
666394 0.000000 0
666401 0.040020 0
666408 0.000000 0
666416 0.000000 0
666423 0.085310 0
666431 0.000000 0
666438 0.000000 0
666446 0.105320 0
666455 0.000000 0
666462 0.000000 0
666470 0.087340 0
666476 0.000000 0
666484 0.000000 0
666491 0.071920 0
666499 0.000000 0
666506 0.000000 0
666514 0.059100 0
666521 0.000000 0
666528 0.000000 0
666536 0.054960 0
666544 0.000000 0
666552 0.000000 0
666559 0.041340 0
666566 0.000000 0
666574 0.000000 0
666581 0.028430 0
666590 0.000000 0
666598 0.000000 0
666605 0.027050 0
666611 0.000000 0
666618 0.000000 0
666626 0.033600 0
666634 0.000000 0
666642 0.000000 0
666649 0.032670 0
666656 0.000000 0
666664 0.000000 0
666671 0.037660 0
666679 0.000000 0
666686 0.000000 0
666694 0.036010 0
666701 0.000000 0
666708 0.000000 0
666716 0.029740 0
666724 0.000000 0
666732 0.000000 0
666739 0.030750 0
666746 0.000000 0
666754 0.000000 0
666761 0.030750 0
666769 0.000000 0
666776 0.000000 0
666784 0.032910 0
666791 0.000000 0
666798 0.000000 0
666806 0.032440 0
666814 0.000000 0
666822 0.000000 0
666829 0.042250 0
666836 0.000000 0
666844 0.000000 0
666851 0.041890 0
666859 0.000000 0
666866 0.000000 0
666874 0.054400 0
666881 0.000000 0
666888 0.000000 0
666896 0.071920 0
666904 0.000000 0
666912 0.000000 0
666919 0.126270 0
666927 0.000000 0
666934 0.000000 0
666942 0.125410 0
666949 0.000000 0
666956 0.000000 0
666964 0.079000 0
666972 0.000000 0
666980 0.000000 0
666987 0.070190 0
666994 0.000000 0
667002 0.000000 0
667009 0.061630 0
667017 0.000000 0
667024 0.000000 0
667032 0.060640 0
667039 0.000000 0
667046 0.000000 0
667054 0.043320 0
667062 0.000000 0
667070 0.000000 0
667077 0.025310 0
667084 0.000000 0
667092 0.000000 0
667099 0.029740 0
667106 0.000000 0
667114 0.000000 0
667121 0.065830 0
667129 0.000000 0
667136 0.000000 0
667144 0.069320 0
667151 0.000000 0
667158 0.000000 0
667166 0.052840 0
667173 0.000000 0
667180 0.000000 0
667188 0.025010 0
667196 0.000000 0
667204 0.000000 0
667211 0.023760 0
667218 0.000000 0
667226 0.000000 0
667233 0.061630 0
667241 0.000000 0
667248 0.000000 0
667256 0.066970 0
667263 0.000000 0
667270 0.000000 0
667278 0.068440 0
667287 0.000000 0
667294 0.000000 0
667302 0.075640 0
667308 0.000000 0
667316 0.000000 0
667323 0.057130 0
667332 0.000000 0
667340 0.000000 0
667347 0.063340 0
667353 0.000000 0
667360 0.000000 0
667368 0.054260 0
667377 0.000000 0
667384 0.000000 0
667392 0.061880 0
667398 0.000000 0
667406 0.000000 0
667413 0.057130 0
667421 0.000000 0
667428 0.000000 0
667436 0.053270 0
667443 0.000000 0
667450 0.000000 0
667458 0.051510 0
667466 0.000000 0
667474 0.000000 0
667481 0.031970 0
667488 0.000000 0
667496 0.000000 0
667503 0.024380 0
667512 0.000000 0
667520 0.000000 0
667527 0.025310 0
667533 0.000000 0
667540 0.000000 0
667548 0.040020 0
667556 0.000000 0
667564 0.000000 0
667571 0.078800 0
667578 0.000000 0
667586 0.000000 0
667593 0.085310 0
667601 0.000000 0
667608 0.000000 0
667616 0.079850 0
667623 0.000000 0
667630 0.000000 0
667638 0.074420 0
667646 0.000000 0
667654 0.000000 0
667661 0.057270 0
667668 0.000000 0
667676 0.000000 0
667683 0.057130 0
667691 0.000000 0
667698 0.000000 0
667706 0.052260 0
667713 0.000000 0
667720 0.000000 0
667728 0.044010 0
667736 0.000000 0
667744 0.000000 0
667751 0.050920 0
667759 0.000000 0
667766 0.000000 0
667774 0.063580 0
667781 0.000000 0
667788 0.000000 0
667796 0.063340 0
667803 0.000000 0
667810 0.000000 0
667818 0.060880 0
667826 0.000000 0
667834 0.000000 0
667841 0.047520 0
667848 0.000000 0
667856 0.000000 0
667863 0.029740 0
667872 0.000000 0
667880 0.000000 0
667887 0.027340 0
667893 0.000000 0
667900 0.000000 0
667908 0.028700 0
667916 0.000000 0
667924 0.000000 0
667931 0.085940 0
667938 0.000000 0
667946 0.000000 0
667953 0.088290 0
667961 0.000000 0
667968 0.000000 0
667976 0.079470 0
667983 0.000000 0
667990 0.000000 0
667998 0.048160 0
668006 0.000000 0
668014 0.000000 0
668021 0.043140 0
668028 0.000000 0
668036 0.000000 0
668043 0.028170 0
668051 0.000000 0
668058 0.000000 0
668066 0.044190 0
668073 0.000000 0
668080 0.000000 0
668088 0.091260 0
668096 0.000000 0
668104 0.000000 0
668111 0.084600 0
668118 0.000000 0
668126 0.000000 0
668133 0.073900 0
668141 0.000000 0
668148 0.000000 0
668156 0.056870 0
668163 0.000000 0
668170 0.000000 0
668178 0.043320 0
668186 0.000000 0
668194 0.000000 0
668201 0.052260 0
668208 0.000000 0
668216 0.000000 0
668223 0.062000 0
668231 0.000000 0
668238 0.000000 0
668246 0.056060 0
668255 0.000000 0
668262 0.000000 0
668270 0.080230 0
668276 0.000000 0
668284 0.000000 0
668291 0.092520 0
668300 0.000000 0
668308 0.000000 0
668315 0.080900 0
668321 0.000000 0
668328 0.000000 0
668336 0.037260 0
668344 0.000000 0
668352 0.000000 0
668359 0.022430 0
668366 0.000000 0
668374 0.000000 0
668381 0.020660 0
668390 0.000000 0
668398 0.000000 0
668405 0.026780 0
668412 0.000000 0
668420 0.000000 0
668427 0.021740 0
668435 0.000000 0
668442 0.000000 0
668450 0.021390 0
668457 0.000000 0
668464 0.000000 0
668472 0.024080 0
668480 0.000000 0
668488 0.000000 0
668495 0.028700 0
668502 0.000000 0
668510 0.000000 0
668517 0.054540 0
668525 0.000000 0
668532 0.000000 0
668540 0.068770 0
668547 0.000000 0
668554 0.000000 0
668562 0.063220 0
668570 0.000000 0
668578 0.000000 0
668585 0.095840 0
668591 0.000000 0
668598 0.000000 0
668606 0.105320 0
668613 0.000000 0
668620 0.000000 0
668628 0.082670 0
668636 0.000000 0
668644 0.000000 0
668651 0.056460 0
668658 0.000000 0
668666 0.000000 0
668673 0.034930 0
668681 0.000000 0
668688 0.000000 0
668696 0.030240 0
668705 0.000000 0
668712 0.000000 0
668720 0.024700 0
668727 0.000000 0
668734 0.000000 0
668742 0.033370 0
668750 0.000000 0
668758 0.000000 0
668765 0.059490 0
668771 0.000000 0
668778 0.000000 0
668786 0.073790 0
668794 0.000000 0
668802 0.000000 0
668809 0.056060 0
668816 0.000000 0
668824 0.000000 0
668831 0.094790 0
668839 0.000000 0
668846 0.000000 0
668854 0.085760 0
668861 0.000000 0
668868 0.000000 0
668876 0.056870 0
668884 0.000000 0
668892 0.000000 0
668899 0.039250 0
668906 0.000000 0
668914 0.000000 0
668921 0.025600 0
668929 0.000000 0
668936 0.000000 0
668944 0.032210 0
668951 0.000000 0
668958 0.000000 0
668966 0.023100 0
668975 0.000000 0
668982 0.000000 0
668990 0.021390 0
668996 0.000000 0
669004 0.000000 0
669011 0.030990 0
669020 0.000000 0
669028 0.000000 0
669035 0.031720 0
669042 0.000000 0
669050 0.000000 0
669057 0.032670 0
669065 0.000000 0
669072 0.000000 0
669080 0.047670 0
669086 0.000000 0
669094 0.000000 0
669101 0.051820 0
669110 0.000000 0
669118 0.000000 0
669125 0.066410 0
669131 0.000000 0
669138 0.000000 0
669146 0.041890 0
669154 0.000000 0
669162 0.000000 0
669169 0.035800 0
669176 0.000000 0
669184 0.000000 0
669191 0.024380 1
669199 0.000000 0
669206 0.000000 0
669214 0.042600 1
669221 0.000000 0
669228 0.000000 0
669236 0.062850 1
669244 0.000000 0
669252 0.000000 0
669259 0.089330 1
669266 0.000000 0
669274 0.000000 0
669281 0.097110 1
669289 0.000000 0
669296 0.000000 0
669304 0.092590 1
669311 0.000000 0
669318 0.000000 0
669326 0.083860 1
669334 0.000000 0
669342 0.000000 0
669349 0.085480 1
669356 0.000000 0
669364 0.000000 0
669371 0.047350 1
669380 0.000000 0
669388 0.000000 0
669395 0.028430 1
669401 0.000000 0
669408 0.000000 0
669416 0.031250 1
669424 0.000000 0
669432 0.000000 0
669439 0.024700 1
669446 0.000000 0
669454 0.000000 0
669461 0.024380 1
669469 0.000000 0
669476 0.000000 0
669484 0.050630 1
669491 0.000000 0
669498 0.000000 0
669506 0.084050 1
669514 0.000000 0
669522 0.000000 0
669529 0.067200 1
669536 0.000000 0
669544 0.000000 0
669551 0.087690 1
669559 0.000000 0
669566 0.000000 0
669574 0.085760 1
669581 0.000000 0
669588 0.000000 0
669596 0.082120 1
669604 0.000000 0
669612 0.000000 0
669619 0.088550 1
669626 0.000000 0
669634 0.000000 0
669641 0.075140 1
669649 0.000000 0
669656 0.000000 0
669664 0.062970 1
669671 0.000000 0
669678 0.000000 0
669686 0.064180 1
669694 0.000000 0
669702 0.000000 0
669709 0.063940 1
669716 0.000000 0
669724 0.000000 0
669731 0.053120 1
669739 0.000000 0
669746 0.000000 0
669754 0.099050 1
669761 0.000000 0
669768 0.000000 0
669776 0.104810 1
669784 0.000000 0
669792 0.000000 0
669799 0.088030 1
669806 0.000000 0
669814 0.000000 0
669821 0.055920 1
669829 0.000000 0
669836 0.000000 0
669844 0.026780 1
669851 0.000000 0
669858 0.000000 0
669866 0.022100 1
669874 0.000000 0
669882 0.000000 0
669889 0.029480 1
669896 0.000000 0
669904 0.000000 0
669911 0.026200 1
669920 0.000000 0
669928 0.000000 0
669935 0.019130 1
669941 0.000000 0
669948 0.000000 0
669956 0.032210 1
669964 0.000000 0
669972 0.000000 0
669979 0.136430 1
669986 0.000000 0
669994 0.000000 0
670001 0.165640 1
670010 0.000000 0
670018 0.000000 0
670025 0.155460 1
670031 0.000000 0
670038 0.000000 0
670046 0.110200 1
670054 0.000000 0
670062 0.000000 0
670069 0.087250 1
670076 0.000000 0
670084 0.000000 0
670091 0.039440 1
670099 0.000000 0
670106 0.000000 0
670114 0.019910 1
670121 0.000000 0
670128 0.000000 0
670136 0.012340 1
670144 0.000000 0
670152 0.000000 0
670159 0.012950 1
670166 0.000000 0
670174 0.000000 0
670181 0.014600 1
670189 0.000000 0
670196 0.000000 0
670204 0.055920 1
670212 0.000000 0
670220 0.000000 0
670227 0.069210 1
670234 0.000000 0
670242 0.000000 0
670249 0.110610 1
670257 0.000000 0
670264 0.000000 0
670272 0.077240 1
670279 0.000000 0
670286 0.000000 0
670294 0.044880 1
670302 0.000000 0
670310 0.000000 0
670317 0.046880 1
670324 0.000000 0
670332 0.000000 0
670339 0.073380 1
670347 0.000000 0
670354 0.000000 0
670362 0.034490 1
670369 0.000000 0
670376 0.000000 0
670384 0.017010 1
670392 0.000000 0
670400 0.000000 0
670407 0.017010 1
670414 0.000000 0
670422 0.000000 0
670429 0.026780 1
670437 0.000000 0
670444 0.000000 0
670452 0.050320 1
670459 0.000000 0
670466 0.000000 0
670474 0.088810 1
670482 0.000000 0
670490 0.000000 0
670497 0.111570 1
670504 0.000000 0
670512 0.000000 0
670519 0.102530 1
670527 0.000000 0
670534 0.000000 0
670542 0.056730 1
670549 0.000000 0
670556 0.000000 0
670564 0.026490 1
670572 0.000000 0
670580 0.000000 0
670587 0.016570 1
670594 0.000000 0
670602 0.000000 0
670609 0.025600 1
670617 0.000000 0
670624 0.000000 0
670632 0.016570 1
670639 0.000000 0
670646 0.000000 0
670654 0.022770 1
670662 0.000000 0
670670 0.000000 0
670677 0.038470 1
670684 0.000000 0
670692 0.000000 0
670699 0.110410 1
670707 0.000000 0
670714 0.000000 0
670722 0.137100 1
670729 0.000000 0
670736 0.000000 0
670744 0.133210 1
670752 0.000000 0
670760 0.000000 0
670767 0.110890 1
670773 0.000000 0
670780 0.000000 0
670788 0.087600 1
670797 0.000000 0
670804 0.000000 0
670812 0.050630 1
670818 0.000000 0
670826 0.000000 0
670833 0.044530 1
670841 0.000000 0
670848 0.000000 0
670856 0.058060 1
670863 0.000000 0
670870 0.000000 0
670878 0.036010 1
670886 0.000000 0
670894 0.000000 0
670901 0.025310 1
670908 0.000000 0
670916 0.000000 0
670923 0.069760 1
670931 0.000000 0
670938 0.000000 0
670946 0.082310 1
670953 0.000000 0
670960 0.000000 0
670968 0.086110 1
670976 0.000000 0
670984 0.000000 0
670991 0.091360 1
670998 0.000000 0
671006 0.000000 0
671013 0.072020 1
671021 0.000000 0
671028 0.000000 0
671036 0.058060 1
671043 0.000000 0
671050 0.000000 0
671058 0.041520 1
671067 0.000000 0
671074 0.000000 0
671082 0.038470 1
671088 0.000000 0
671096 0.000000 0
671103 0.034270 1
671112 0.000000 0
671120 0.000000 0
671127 0.043670 1
671133 0.000000 0
671140 0.000000 0
671148 0.047350 1
671156 0.000000 0
671164 0.000000 0
671171 0.025910 1
671178 0.000000 0
671186 0.000000 0
671193 0.055790 1
671201 0.000000 0
671208 0.000000 0
671216 0.041340 1
671223 0.000000 0
671230 0.000000 0
671238 0.067870 1
671246 0.000000 0
671254 0.000000 0
671261 0.079580 1
671268 0.000000 0
671276 0.000000 0
671283 0.065000 1
671292 0.000000 0
671300 0.000000 0
671307 0.056060 1
671313 0.000000 0
671320 0.000000 0
671328 0.040020 1
671336 0.000000 0
671344 0.000000 0
671351 0.054120 1
671358 0.000000 0
671366 0.000000 0
671373 0.092350 1
671382 0.000000 0
671390 0.000000 0
671397 0.110280 1
671403 0.000000 0
671410 0.000000 0
671418 0.103040 1
671427 0.000000 0
671434 0.000000 0
671442 0.094220 1
671448 0.000000 0
671456 0.000000 0
671463 0.051510 1
671472 0.000000 0
671480 0.000000 0
671487 0.034040 1
671493 0.000000 0
671500 0.000000 0
671508 0.057010 1
671516 0.000000 0
671524 0.000000 0
671531 0.044190 1
671538 0.000000 0
671546 0.000000 0
671553 0.066740 1
671561 0.000000 0
671568 0.000000 0
671576 0.030750 1
671583 0.000000 0
671590 0.000000 0
671598 0.035800 1
671606 0.000000 0
671614 0.000000 0
671621 0.052260 1
671628 0.000000 0
671636 0.000000 0
671643 0.058850 1
671651 0.000000 0
671658 0.000000 0
671666 0.124320 1
671675 0.000000 0
671682 0.000000 0
671690 0.124560 1
671697 0.000000 0
671704 0.000000 0
671712 0.063580 1
671718 0.000000 0
671726 0.000000 0
671733 0.024080 1
671741 0.000000 0
671748 0.000000 0
671756 0.018720 1
671763 0.000000 0
671770 0.000000 0
671778 0.017460 1
671787 0.000000 0
671794 0.000000 0
671802 0.032910 1
671810 0.000000 0
671818 0.000000 0
671825 0.023100 1
671832 0.000000 0
671840 0.000000 0
671847 0.036640 1
671855 0.000000 0
671862 0.000000 0
671870 0.046370 1
671876 0.000000 0
671884 0.000000 0
671891 0.052550 1
671898 0.000000 0
671906 0.000000 0
671913 0.036850 1
671921 0.000000 0
671928 0.000000 0
671936 0.039440 1
671943 0.000000 0
671950 0.000000 0
671958 0.048780 1
671966 0.000000 0
671974 0.000000 0
671981 0.034040 1
671988 0.000000 0
671996 0.000000 0
672003 0.042070 1
672011 0.000000 0
672018 0.000000 0
672026 0.033600 1
672034 0.000000 0
672042 0.000000 0
672049 0.048780 1
672056 0.000000 0
672064 0.000000 0
672071 0.076740 1
672079 0.000000 0
672086 0.000000 0
672094 0.053560 1
672101 0.000000 0
672108 0.000000 0
672116 0.051960 1
672124 0.000000 0
672132 0.000000 0
672139 0.031970 1
672146 0.000000 0
672154 0.000000 0
672161 0.037460 1
672169 0.000000 0
672176 0.000000 0
672184 0.033830 1
672191 0.000000 0
672198 0.000000 0
672206 0.043670 1
672214 0.000000 0
672222 0.000000 0
672229 0.043140 1
672236 0.000000 0
672244 0.000000 0
672251 0.030990 1
672259 0.000000 0
672266 0.000000 0
672274 0.036220 1
672281 0.000000 0
672288 0.000000 0
672296 0.072240 1
672304 0.000000 0
672312 0.000000 0
672319 0.078420 1
672326 0.000000 0
672334 0.000000 0
672341 0.073700 1
672349 0.000000 0
672356 0.000000 0
672364 0.043670 1
672371 0.000000 0
672378 0.000000 0
672386 0.061630 1
672394 0.000000 0
672402 0.000000 0
672409 0.051380 1
672416 0.000000 0
672424 0.000000 0
672431 0.047200 1
672439 0.000000 0
672446 0.000000 0
672454 0.050630 1
672461 0.000000 0
672468 0.000000 0
672476 0.048160 1
672484 0.000000 0
672492 0.000000 0
672499 0.039060 1
672506 0.000000 0
672514 0.000000 0
672521 0.053410 1
672529 0.000000 0
672536 0.000000 0
672544 0.077620 1
672551 0.000000 0
672558 0.000000 0
672566 0.072240 1
672574 0.000000 0
672582 0.000000 0
672589 0.060380 1
672596 0.000000 0
672604 0.000000 0
672611 0.105610 1
672619 0.000000 0
672626 0.000000 0
672634 0.137380 1
672641 0.000000 0
672648 0.000000 0
672656 0.138380 1
672664 0.000000 0
672672 0.000000 0
672679 0.126510 1
672686 0.000000 0
672694 0.000000 0
672701 0.096710 1
672709 0.000000 0
672716 0.000000 0
672724 0.067310 1
672731 0.000000 0
672738 0.000000 0
672746 0.051220 1
672754 0.000000 0
672762 0.000000 0
672769 0.056600 1
672777 0.000000 0
672784 0.000000 0
672792 0.061010 1
672799 0.000000 0
672806 0.000000 0
672814 0.057660 1
672822 0.000000 0
672830 0.000000 0
672837 0.047200 1
672843 0.000000 0
672850 0.000000 0
672858 0.040210 1
672867 0.000000 0
672874 0.000000 0
672882 0.033830 1
672889 0.000000 0
672896 0.000000 0
672904 0.029220 1
672912 0.000000 0
672920 0.000000 0
672927 0.029740 1
672934 0.000000 0
672942 0.000000 0
672949 0.030000 1
672957 0.000000 0
672964 0.000000 0
672972 0.021390 1
672979 0.000000 0
672986 0.000000 0
672994 0.025010 1
673002 0.000000 0
673010 0.000000 0
673017 0.033140 1
673024 0.000000 0
673032 0.000000 0
673039 0.055240 1
673047 0.000000 0
673054 0.000000 0
673062 0.028960 1
673069 0.000000 0
673076 0.000000 0
673084 0.037660 1
673092 0.000000 0
673100 0.000000 0
673107 0.027050 1
673114 0.000000 0
673122 0.000000 0
673129 0.028960 1
673137 0.000000 0
673144 0.000000 0
673152 0.039640 1
673160 0.000000 0
673168 0.000000 0
673175 0.037050 1
673182 0.000000 0
673190 0.000000 0
673197 0.039640 1
673205 0.000000 0
673212 0.000000 0
673220 0.042790 1
673227 0.000000 0
673234 0.000000 0
673242 0.034270 1
673250 0.000000 0
673258 0.000000 0
673265 0.035800 1
673272 0.000000 0
673280 0.000000 0
673287 0.041890 1
673295 0.000000 0
673302 0.000000 0
673310 0.051510 1
673317 0.000000 0
673324 0.000000 0
673332 0.037260 1
673340 0.000000 0
673348 0.000000 0
673355 0.055920 1
673361 0.000000 0
673368 0.000000 0
673376 0.070080 1
673384 0.000000 0
673392 0.000000 0
673399 0.052550 1
673406 0.000000 0
673414 0.000000 0
673421 0.039640 1
673429 0.000000 0
673436 0.000000 0
673444 0.031250 1
673451 0.000000 0
673458 0.000000 0
673466 0.035370 1
673474 0.000000 0
673482 0.000000 0
673489 0.037050 1
673496 0.000000 0
673504 0.000000 0
673511 0.039250 1
673520 0.000000 0
673528 0.000000 0
673535 0.049410 1
673541 0.000000 0
673548 0.000000 0
673556 0.050630 1
673564 0.000000 0
673572 0.000000 0
673579 0.062240 1
673586 0.000000 0
673594 0.000000 0
673601 0.075440 1
673609 0.000000 0
673616 0.000000 0
673624 0.076340 1
673633 0.000000 0
673640 0.000000 0
673648 0.071170 1
673654 0.000000 0
673662 0.000000 0
673669 0.061140 1
673678 0.000000 0
673686 0.000000 0
673693 0.047670 1
673699 0.000000 0
673706 0.000000 0
673714 0.047840 1
673723 0.000000 0
673730 0.000000 0
673738 0.051070 1
673744 0.000000 0
673752 0.000000 0
673759 0.047200 1
673768 0.000000 0
673776 0.000000 0
673783 0.051070 1
673789 0.000000 0
673796 0.000000 0
673804 0.045720 1
673813 0.000000 0
673820 0.000000 0
673828 0.041150 1
673834 0.000000 0
673842 0.000000 0
673849 0.036420 1
673858 0.000000 0
673866 0.000000 0
673873 0.043140 1
673879 0.000000 0
673886 0.000000 0
673894 0.041890 1
673902 0.000000 0
673910 0.000000 0
673917 0.041150 1
673925 0.000000 0
673932 0.000000 0
673940 0.044880 1
673947 0.000000 0
673954 0.000000 0
673962 0.059620 1
673970 0.000000 0
673978 0.000000 0
673985 0.046220 1
673992 0.000000 0
674000 0.000000 0
674007 0.034040 1
674015 0.000000 0
674022 0.000000 0
674030 0.063580 1
674036 0.000000 0
674044 0.000000 0
674051 0.056060 1
674060 0.000000 0
674068 0.000000 0
674075 0.044190 1
674081 0.000000 0
674088 0.000000 0
674096 0.026780 1
674105 0.000000 0
674112 0.000000 0
674120 0.029740 1
674126 0.000000 0
674134 0.000000 0
674141 0.039830 1
674150 0.000000 0
674158 0.000000 0
674165 0.029480 1
674171 0.000000 0
674178 0.000000 0
674186 0.033830 1
674195 0.000000 0
674202 0.000000 0
674210 0.039640 1
674216 0.000000 0
674224 0.000000 0
674231 0.041890 1
674239 0.000000 0
674246 0.000000 0
674254 0.065480 1
674261 0.000000 0
674268 0.000000 0
674276 0.087250 1
674284 0.000000 0
674292 0.000000 0
674299 0.107900 1
674308 0.000000 0
674316 0.000000 0
674323 0.097660 1
674329 0.000000 0
674336 0.000000 0
674344 0.071060 1
674353 0.000000 0
674360 0.000000 0
674368 0.049560 1
674374 0.000000 0
674382 0.000000 0
674389 0.037660 1
674397 0.000000 0
674404 0.000000 0
674412 0.033600 1
674419 0.000000 0
674426 0.000000 0
674434 0.027050 1
674442 0.000000 0
674450 0.000000 0
674457 0.027890 1
674464 0.000000 0
674472 0.000000 0
674479 0.022100 1
674487 0.000000 0
674494 0.000000 0
674502 0.060880 1
674510 0.000000 0
674518 0.000000 0
674525 0.098590 1
674532 0.000000 0
674540 0.000000 0
674547 0.136050 1
674555 0.000000 0
674562 0.000000 0
674570 0.125660 1
674577 0.000000 0
674584 0.000000 0
674592 0.103560 1
674600 0.000000 0
674608 0.000000 0
674615 0.095200 1
674622 0.000000 0
674630 0.000000 0
674637 0.085220 1
674644 0.000000 0
674652 0.000000 0
674659 0.068540 1
674666 0.000000 0
674674 0.000000 0
674681 0.058720 1
674690 0.000000 0
674698 0.000000 0
674705 0.054260 1
674711 0.000000 0
674718 0.000000 0
674726 0.059240 1
674735 0.000000 0
674742 0.000000 0
674750 0.061630 1
674756 0.000000 0
674764 0.000000 0
674771 0.050630 1
674779 0.000000 0
674786 0.000000 0
674794 0.046710 1
674801 0.000000 0
674808 0.000000 0
674816 0.041700 1
674825 0.000000 0
674832 0.000000 0
674840 0.040410 1
674846 0.000000 0
674854 0.000000 0
674861 0.037260 1
674870 0.000000 0
674878 0.000000 0
674885 0.041340 1
674891 0.000000 0
674898 0.000000 0
674906 0.035160 1
674915 0.000000 0
674922 0.000000 0
674930 0.033600 1
674936 0.000000 0
674944 0.000000 0
674951 0.044880 1
674960 0.000000 0
674968 0.000000 0
674975 0.055920 1
674981 0.000000 0
674988 0.000000 0
674996 0.065130 1
675004 0.000000 0
675012 0.000000 0
675019 0.057540 1
675026 0.000000 0
675034 0.000000 0
675041 0.048940 1
675049 0.000000 0
675056 0.000000 0
675064 0.045210 1
675071 0.000000 0
675078 0.000000 0
675086 0.053830 1
675094 0.000000 0
675102 0.000000 0
675109 0.034930 1
675116 0.000000 0
675124 0.000000 0
675131 0.024380 1
675139 0.000000 0
675146 0.000000 0
675154 0.046880 1
675161 0.000000 0
675168 0.000000 0
675176 0.034930 1
675184 0.000000 0
675192 0.000000 0
675199 0.047990 1
675206 0.000000 0
675214 0.000000 0
675221 0.044530 1
675229 0.000000 0
675236 0.000000 0
675244 0.043670 1
675251 0.000000 0
675258 0.000000 0
675266 0.043140 1
675274 0.000000 0
675282 0.000000 0
675289 0.034490 1
675296 0.000000 0
675304 0.000000 0
675311 0.040210 1
675319 0.000000 0
675326 0.000000 0
675334 0.036010 1
675341 0.000000 0
675348 0.000000 0
675356 0.045210 1
675364 0.000000 0
675372 0.000000 0
675379 0.052110 1
675386 0.000000 0
675394 0.000000 0
675401 0.029740 1
675409 0.000000 0
675416 0.000000 0
675424 0.024080 1
675431 0.000000 0
675438 0.000000 0
675446 0.037260 1
675454 0.000000 0
675462 0.000000 0
675469 0.058980 1
675476 0.000000 0
675484 0.000000 0
675491 0.054830 1
675499 0.000000 0
675506 0.000000 0
675514 0.047520 1
675521 0.000000 0
675528 0.000000 0
675536 0.044010 1
675544 0.000000 0
675552 0.000000 0
675559 0.041700 1
675566 0.000000 0
675574 0.000000 0
675581 0.035370 1
675589 0.000000 0
675596 0.000000 0
675604 0.035580 1
675611 0.000000 0
675618 0.000000 0
675626 0.045210 1
675634 0.000000 0
675642 0.000000 0
675649 0.046220 1
675656 0.000000 0
675664 0.000000 0
675671 0.059240 1
675679 0.000000 0
675686 0.000000 0
675694 0.082490 1
675701 0.000000 0
675708 0.000000 0
675716 0.103850 1
675724 0.000000 0
675732 0.000000 0
675739 0.105680 1
675746 0.000000 0
675754 0.000000 0
675761 0.106320 1
675769 0.000000 0
675776 0.000000 0
675784 0.073270 1
675791 0.000000 0
675798 0.000000 0
675806 0.035800 1
675814 0.000000 0
675822 0.000000 0
675829 0.030990 1
675836 0.000000 0
675844 0.000000 0
675851 0.032440 1
675859 0.000000 0
675866 0.000000 0
675874 0.040770 1
675881 0.000000 0
675888 0.000000 0
675896 0.038270 1
675904 0.000000 0
675912 0.000000 0
675919 0.036850 1
675926 0.000000 0
675934 0.000000 0
675941 0.107120 1
675949 0.000000 0
675956 0.000000 0
675964 0.125960 1
675972 0.000000 0
675980 0.000000 0
675987 0.115210 1
675994 0.000000 0
676002 0.000000 0
676009 0.056870 1
676017 0.000000 0
676024 0.000000 0
676032 0.037870 1
676039 0.000000 0
676046 0.000000 0
676054 0.044880 1
676062 0.000000 0
676070 0.000000 0
676077 0.028430 1
676084 0.000000 0
676092 0.000000 0
676099 0.023760 1
676106 0.000000 0
676114 0.000000 0
676121 0.028430 1
676129 0.000000 0
676136 0.000000 0
676144 0.032440 1
676152 0.000000 0
676160 0.000000 0
676167 0.034040 1
676174 0.000000 0
676182 0.000000 0
676189 0.070740 1
676196 0.000000 0
676204 0.000000 0
676211 0.090850 1
676219 0.000000 0
676226 0.000000 0
676234 0.085940 1
676242 0.000000 0
676250 0.000000 0
676257 0.061750 1
676264 0.000000 0
676272 0.000000 0
676279 0.030240 1
676287 0.000000 0
676294 0.000000 0
676302 0.018720 1
676309 0.000000 0
676316 0.000000 0
676324 0.035370 1
676332 0.000000 0
676340 0.000000 0
676347 0.032910 1
676354 0.000000 0
676362 0.000000 0
676369 0.036420 1
676378 0.000000 0
676386 0.000000 0
676393 0.032210 1
676399 0.000000 0
676406 0.000000 0
676414 0.116400 1
676423 0.000000 0
676430 0.000000 0
676438 0.107040 1
676444 0.000000 0
676452 0.000000 0
676459 0.108460 1
676467 0.000000 0
676474 0.000000 0
676482 0.071700 1
676489 0.000000 0
676496 0.000000 0
676504 0.099280 1
676512 0.000000 0
676520 0.000000 0
676527 0.072860 1
676534 0.000000 0
676542 0.000000 0
676549 0.045210 1
676557 0.000000 0
676564 0.000000 0
676572 0.034040 1
676579 0.000000 0
676586 0.000000 0
676594 0.026490 1
676602 0.000000 0
676610 0.000000 0
676617 0.036220 1
676623 0.000000 0
676630 0.000000 0
676638 0.026490 1
676646 0.000000 0
676654 0.000000 0
676661 0.075750 1
676668 0.000000 0
676676 0.000000 0
676683 0.105970 1
676691 0.000000 0
676698 0.000000 0
676706 0.111160 1
676713 0.000000 0
676720 0.000000 0
676728 0.078890 1
676736 0.000000 0
676744 0.000000 0
676751 0.063940 1
676758 0.000000 0
676766 0.000000 0
676773 0.063340 1
676782 0.000000 0
676790 0.000000 0
676797 0.048940 1
676803 0.000000 0
676810 0.000000 0
676818 0.057800 1
676826 0.000000 0
676834 0.000000 0
676841 0.066740 1
676848 0.000000 0
676856 0.000000 0
676863 0.026200 1
676871 0.000000 0
676878 0.000000 0
676886 0.070310 1
676893 0.000000 0
676900 0.000000 0
676908 0.069660 1
676917 0.000000 0
676924 0.000000 0
676932 0.051820 1
676938 0.000000 0
676946 0.000000 0
676953 0.024700 1
676962 0.000000 0
676970 0.000000 0
676977 0.030240 1
676983 0.000000 0
676990 0.000000 0
676998 0.035370 1
677006 0.000000 0
677014 0.000000 0
677021 0.030500 1
677028 0.000000 0
677036 0.000000 0
677043 0.027620 1
677051 0.000000 0
677058 0.000000 0
677066 0.024700 1
677073 0.000000 0
677080 0.000000 0
677088 0.031720 1
677096 0.000000 0
677104 0.000000 0
677111 0.041340 1
677118 0.000000 0
677126 0.000000 0
677133 0.045880 1
677142 0.000000 0
677150 0.000000 0
677157 0.047670 1
677163 0.000000 0
677170 0.000000 0
677178 0.057130 1
677186 0.000000 0
677194 0.000000 0
677201 0.066060 1
677208 0.000000 0
677216 0.000000 0
677223 0.050780 1
677232 0.000000 0
677240 0.000000 0
677247 0.043320 1
677253 0.000000 0
677260 0.000000 0
677268 0.054540 1
677277 0.000000 0
677284 0.000000 0
677292 0.042790 1
677298 0.000000 0
677306 0.000000 0
677313 0.052550 1
677322 0.000000 0
677330 0.000000 0
677337 0.041520 1
677343 0.000000 0
677350 0.000000 0
677358 0.084410 1
677367 0.000000 0
677374 0.000000 0
677382 0.116460 1
677388 0.000000 0
677396 0.000000 0
677403 0.111240 1
677411 0.000000 0
677418 0.000000 0
677426 0.094960 1
677434 0.000000 0
677442 0.000000 0
677449 0.067080 1
677456 0.000000 0
677464 0.000000 0
677471 0.044710 1
677478 0.000000 0
677486 0.000000 0
677493 0.038860 1
677501 0.000000 0
677508 0.000000 0
677516 0.042070 1
677523 0.000000 0
677530 0.000000 0
677538 0.060880 1
677546 0.000000 0
677554 0.000000 0
677561 0.033140 1
677568 0.000000 0
677576 0.000000 0
677583 0.037460 1
677591 0.000000 0
677598 0.000000 0
677606 0.029740 1
677613 0.000000 0
677620 0.000000 0
677628 0.039640 1
677636 0.000000 0
677644 0.000000 0
677651 0.053270 1
677658 0.000000 0
677666 0.000000 0
677673 0.069320 1
677681 0.000000 0
677688 0.000000 0
677696 0.055650 1
677703 0.000000 0
677710 0.000000 0
677718 0.047990 1
677726 0.000000 0
677734 0.000000 0
677741 0.040960 1
677748 0.000000 0
677756 0.000000 0
677763 0.053970 1
677771 0.000000 0
677778 0.000000 0
677786 0.056600 1
677793 0.000000 0
677800 0.000000 0
677808 0.072240 1
677816 0.000000 0
677824 0.000000 0
677831 0.087080 1
677840 0.000000 0
677848 0.000000 0
677855 0.131360 1
677861 0.000000 0
677868 0.000000 0
677876 0.109650 1
677885 0.000000 0
677892 0.000000 0
677900 0.047350 1
677906 0.000000 0
677914 0.000000 0
677921 0.045550 1
677930 0.000000 0
677938 0.000000 0
677945 0.047030 1
677951 0.000000 0
677958 0.000000 0
677966 0.041520 1
677975 0.000000 0
677982 0.000000 0
677990 0.034710 1
677996 0.000000 0
678004 0.000000 0
678011 0.034040 1
678020 0.000000 0
678028 0.000000 0
678035 0.036010 1
678041 0.000000 0
678048 0.000000 0
678056 0.053120 1
678065 0.000000 0
678072 0.000000 0
678080 0.073700 1
678086 0.000000 0
678094 0.000000 0
678101 0.109380 1
678110 0.000000 0
678118 0.000000 0
678125 0.144730 1
678131 0.000000 0
678138 0.000000 0
678146 0.150930 1
678155 0.000000 0
678162 0.000000 0
678170 0.115740 1
678176 0.000000 0
678184 0.000000 0
678191 0.096940 1
678200 0.000000 0
678208 0.000000 0
678215 0.080810 1
678222 0.000000 0
678230 0.000000 0
678237 0.058460 1
678244 0.000000 0
678252 0.000000 0
678259 0.044530 1
678266 0.000000 0
678274 0.000000 0
678281 0.033600 1
678289 0.000000 0
678296 0.000000 0
678304 0.037460 1
678311 0.000000 0
678318 0.000000 0
678326 0.068540 1
678334 0.000000 0
678342 0.000000 0
678349 0.084760 1
678356 0.000000 0
678364 0.000000 0
678371 0.068770 1
678379 0.000000 0
678386 0.000000 0
678394 0.034710 1
678401 0.000000 0
678408 0.000000 0
678416 0.047350 1
678424 0.000000 0
678432 0.000000 0
678439 0.041890 1
678446 0.000000 0
678454 0.000000 0
678461 0.029480 1
678469 0.000000 0
678476 0.000000 0
678484 0.032440 1
678491 0.000000 0
678498 0.000000 0
678506 0.025310 1
678514 0.000000 0
678522 0.000000 0
678529 0.034710 1
678536 0.000000 0
678544 0.000000 0
678551 0.075140 1
678559 0.000000 0
678566 0.000000 0
678574 0.033370 1
678581 0.000000 0
678588 0.000000 0
678596 0.059880 1
678604 0.000000 0
678612 0.000000 0
678619 0.059620 1
678626 0.000000 0
678634 0.000000 0
678641 0.044710 1
678649 0.000000 0
678656 0.000000 0
678664 0.043140 1
678671 0.000000 0
678678 0.000000 0
678686 0.054830 1
678694 0.000000 0
678702 0.000000 0
678709 0.072860 1
678716 0.000000 0
678724 0.000000 0
678731 0.049870 1
678739 0.000000 0
678746 0.000000 0
678754 0.052690 1
678761 0.000000 0
678768 0.000000 0
678776 0.041890 1
678784 0.000000 0
678792 0.000000 0
678799 0.118730 1
678806 0.000000 0
678814 0.000000 0
678821 0.097810 1
678829 0.000000 0
678836 0.000000 0
678844 0.065000 1
678851 0.000000 0
678858 0.000000 0
678866 0.050920 1
678874 0.000000 0
678882 0.000000 0
678889 0.045880 1
678896 0.000000 0
678904 0.000000 0
678911 0.035370 1
678919 0.000000 0
678926 0.000000 0
678934 0.030990 1
678942 0.000000 0
678950 0.000000 0
678957 0.039250 1
678964 0.000000 0
678972 0.000000 0
678979 0.057540 1
678987 0.000000 0
678994 0.000000 0
679002 0.038670 1
679009 0.000000 0
679016 0.000000 0
679024 0.036850 1
679032 0.000000 0
679040 0.000000 0
679047 0.043840 1
679054 0.000000 0
679062 0.000000 0
679069 0.046540 1
679077 0.000000 0
679084 0.000000 0
679092 0.050780 1
679099 0.000000 0
679106 0.000000 0
679114 0.072860 1
679121 0.000000 0
679128 0.000000 0
679136 0.085220 1
679144 0.000000 0
679152 0.000000 0
679159 0.062240 1
679166 0.000000 0
679174 0.000000 0
679181 0.041520 1
679189 0.000000 0
679196 0.000000 0
679204 0.034930 1
679211 0.000000 0
679218 0.000000 0
679226 0.040020 1
679234 0.000000 0
679242 0.000000 0
679249 0.068670 1
679256 0.000000 0
679264 0.000000 0
679271 0.098890 1
679279 0.000000 0
679286 0.000000 0
679294 0.072240 1
679302 0.000000 0
679310 0.000000 0
679317 0.053120 1
679323 0.000000 0
679330 0.000000 0
679338 0.040020 1
679347 0.000000 0
679354 0.000000 0
679362 0.059360 1
679369 0.000000 0
679376 0.000000 0
679384 0.053830 1
679392 0.000000 0
679400 0.000000 0
679407 0.058980 1
679414 0.000000 0
679422 0.000000 0
679429 0.041340 1
679437 0.000000 0
679444 0.000000 0
679452 0.035800 1
679458 0.000000 0
679466 0.000000 0
679473 0.033140 1
679482 0.000000 0
679490 0.000000 0
679497 0.042970 1
679503 0.000000 0
679510 0.000000 0
679518 0.075530 1
679528 0.000000 0
679536 0.000000 0
679543 0.055100 1
679548 0.000000 0
679556 0.000000 0
679563 0.052400 1
679572 0.000000 0
679580 0.000000 0
679587 0.060000 1
679594 0.000000 0
679602 0.000000 0
679609 0.062730 1
679617 0.000000 0
679624 0.000000 0
679632 0.086380 1
679639 0.000000 0
679646 0.000000 0
679654 0.075230 1
679662 0.000000 0
679670 0.000000 0
679677 0.045380 1
679684 0.000000 0
679692 0.000000 0
679699 0.060380 1
679707 0.000000 0
679714 0.000000 0
679722 0.042970 1
679729 0.000000 0
679736 0.000000 0
679744 0.126940 1
679751 0.000000 0
679758 0.000000 0
679766 0.121160 1
679773 0.000000 0
679780 0.000000 0
679788 0.097020 1
679796 0.000000 0
679804 0.000000 0
679811 0.042790 1
679818 0.000000 0
679826 0.000000 0
679833 0.034040 1
679841 0.000000 0
679848 0.000000 0
679856 0.048780 1
679863 0.000000 0
679870 0.000000 0
679878 0.070420 1
679886 0.000000 0
679894 0.000000 0
679901 0.062360 1
679908 0.000000 0
679916 0.000000 0
679923 0.040770 1
679932 0.000000 0
679940 0.000000 0
679947 0.036010 1
679953 0.000000 0
679960 0.000000 0
679968 0.040410 1
679976 0.000000 0
679984 0.000000 0
679991 0.043490 1
680000 0.000000 0
680008 0.000000 0
680015 0.056460 1
680021 0.000000 0
680028 0.000000 0
680036 0.041700 1
680044 0.000000 0
680052 0.000000 0
680059 0.045720 1
680066 0.000000 0
680074 0.000000 0
680081 0.044880 1
680090 0.000000 0
680098 0.000000 0
680105 0.065830 1
680111 0.000000 0
680118 0.000000 0
680126 0.079180 1
680135 0.000000 0
680142 0.000000 0
680150 0.076940 1
680156 0.000000 0
680164 0.000000 0
680171 0.054960 1
680180 0.000000 0
680188 0.000000 0
680195 0.059240 1
680201 0.000000 0
680208 0.000000 0
680216 0.100720 1
680224 0.000000 0
680232 0.000000 0
680239 0.102600 1
680246 0.000000 0
680254 0.000000 0
680261 0.061510 1
680269 0.000000 0
680276 0.000000 0
680284 0.051670 1
680291 0.000000 0
680298 0.000000 0
680306 0.047200 1
680314 0.000000 0
680322 0.000000 0
680329 0.040590 1
680336 0.000000 0
680344 0.000000 0
680351 0.034710 1
680360 0.000000 0
680368 0.000000 0
680375 0.023440 1
680381 0.000000 0
680388 0.000000 0
680396 0.031720 1
680405 0.000000 0
680412 0.000000 0
680420 0.047350 1
680426 0.000000 0
680434 0.000000 0
680441 0.065250 1
680449 0.000000 0
680456 0.000000 0
680464 0.058060 1
680471 0.000000 0
680478 0.000000 0
680486 0.047670 1
680494 0.000000 0
680502 0.000000 0
680509 0.059100 1
680517 0.000000 0
680524 0.000000 0
680532 0.068440 1
680539 0.000000 0
680546 0.000000 0
680554 0.050780 1
680563 0.000000 0
680570 0.000000 0
680578 0.037260 1
680584 0.000000 0
680592 0.000000 0
680599 0.056870 1
680607 0.000000 0
680614 0.000000 0
680622 0.056060 1
680629 0.000000 0
680636 0.000000 0
680644 0.039250 1
680653 0.000000 0
680660 0.000000 0
680668 0.048460 1
680674 0.000000 0
680682 0.000000 0
680689 0.095520 1
680697 0.000000 0
680704 0.000000 0
680712 0.152990 1
680719 0.000000 0
680726 0.000000 0
680734 0.160300 1
680743 0.000000 0
680750 0.000000 0
680758 0.112320 1
680764 0.000000 0
680772 0.000000 0
680779 0.079670 1
680787 0.000000 0
680794 0.000000 0
680802 0.057130 1
680809 0.000000 0
680816 0.000000 0
680824 0.049560 1
680832 0.000000 0
680840 0.000000 0
680847 0.036850 1
680853 0.000000 0
680860 0.000000 0
680868 0.040770 1
680877 0.000000 0
680884 0.000000 0
680892 0.034040 1
680899 0.000000 0
680906 0.000000 0
680914 0.042600 1
680922 0.000000 0
680930 0.000000 0
680937 0.060260 1
680943 0.000000 0
680950 0.000000 0
680958 0.058460 1
680967 0.000000 0
680974 0.000000 0
680982 0.046050 1
680988 0.000000 0
680996 0.000000 0
681003 0.039830 1
681011 0.000000 0
681018 0.000000 0
681026 0.024380 1
681033 0.000000 0
681040 0.000000 0
681048 0.025010 1
681056 0.000000 0
681064 0.000000 0
681071 0.019530 1
681078 0.000000 0
681086 0.000000 0
681093 0.017010 1
681101 0.000000 0
681108 0.000000 0
681116 0.022430 1
681124 0.000000 0
681132 0.000000 0
681139 0.040960 1
681147 0.000000 0
681154 0.000000 0
681162 0.061390 1
681169 0.000000 0
681176 0.000000 0
681184 0.157560 1
681191 0.000000 0
681198 0.000000 0
681206 0.146730 1
681213 0.000000 0
681220 0.000000 0
681228 0.103200 1
681236 0.000000 0
681244 0.000000 0
681251 0.065000 1
681258 0.000000 0
681266 0.000000 0
681273 0.041890 1
681281 0.000000 0
681288 0.000000 0
681296 0.037460 1
681303 0.000000 0
681310 0.000000 0
681318 0.036640 1
681326 0.000000 0
681334 0.000000 0
681341 0.037870 1
681348 0.000000 0
681356 0.000000 0
681363 0.051070 1
681371 0.000000 0
681378 0.000000 0
681386 0.053560 1
681393 0.000000 0
681400 0.000000 0
681408 0.047350 1
681416 0.000000 0
681424 0.000000 0
681431 0.038860 1
681438 0.000000 0
681446 0.000000 0
681453 0.040590 1
681461 0.000000 0
681468 0.000000 0
681476 0.039640 1
681483 0.000000 0
681490 0.000000 0
681498 0.023760 1
681507 0.000000 0
681514 0.000000 0
681522 0.020660 1
681528 0.000000 0
681536 0.000000 0
681543 0.016570 1
681551 0.000000 0
681558 0.000000 0
681566 0.027620 1
681573 0.000000 0
681580 0.000000 0
681588 0.028960 1
681596 0.000000 0
681604 0.000000 0
681611 0.029220 1
681618 0.000000 0
681626 0.000000 0
681633 0.032670 1
681641 0.000000 0
681648 0.000000 0
681656 0.069660 1
681663 0.000000 0
681670 0.000000 0
681678 0.081280 1
681686 0.000000 0
681694 0.000000 0
681701 0.085850 1
681709 0.000000 0
681716 0.000000 0
681724 0.077440 1
681731 0.000000 0
681738 0.000000 0
681746 0.056060 1
681754 0.000000 0
681762 0.000000 0
681769 0.047670 1
681776 0.000000 0
681784 0.000000 0
681791 0.041890 1
681799 0.000000 0
681806 0.000000 0
681814 0.040210 1
681821 0.000000 0
681828 0.000000 0
681836 0.033140 1
681845 0.000000 0
681852 0.000000 0
681860 0.043490 1
681866 0.000000 0
681874 0.000000 0
681881 0.038070 1
681890 0.000000 0
681898 0.000000 0
681905 0.035160 1
681911 0.000000 0
681918 0.000000 0
681926 0.027890 1
681935 0.000000 0
681942 0.000000 0
681950 0.032210 1
681956 0.000000 0
681964 0.000000 0
681971 0.025010 1
681980 0.000000 0
681988 0.000000 0
681995 0.027050 1
682001 0.000000 0
682008 0.000000 0
682016 0.031970 1
682024 0.000000 0
682032 0.000000 0
682039 0.030750 1
682046 0.000000 0
682054 0.000000 0
682061 0.040960 1
682069 0.000000 0
682076 0.000000 0
682084 0.042420 1
682091 0.000000 0
682098 0.000000 0
682106 0.054830 1
682114 0.000000 0
682122 0.000000 0
682129 0.084320 1
682136 0.000000 0
682144 0.000000 0
682151 0.099350 1
682159 0.000000 0
682166 0.000000 0
682174 0.112060 1
682181 0.000000 0
682188 0.000000 0
682196 0.097340 1
682204 0.000000 0
682212 0.000000 0
682219 0.073900 1
682226 0.000000 0
682234 0.000000 0
682241 0.060760 1
682250 0.000000 0
682258 0.000000 0
682265 0.054960 1
682271 0.000000 0
682278 0.000000 0
682286 0.042790 1
682294 0.000000 0
682302 0.000000 0
682309 0.034930 1
682318 0.000000 0
682326 0.000000 0
682333 0.040210 1
682339 0.000000 0
682346 0.000000 0
682354 0.050780 1
682362 0.000000 0
682370 0.000000 0
682377 0.059490 1
682384 0.000000 0
682392 0.000000 0
682399 0.061510 1
682407 0.000000 0
682414 0.000000 0
682422 0.035370 1
682429 0.000000 0
682436 0.000000 0
682444 0.022100 1
682451 0.000000 0
682458 0.000000 0
682466 0.058320 1
682474 0.000000 0
682482 0.000000 0
682489 0.060500 1
682497 0.000000 0
682504 0.000000 0
682512 0.056340 1
682519 0.000000 0
682526 0.000000 0
682534 0.067310 1
682542 0.000000 0
682550 0.000000 0
682557 0.053270 1
682564 0.000000 0
682572 0.000000 0
682579 0.052400 1
682587 0.000000 0
682594 0.000000 0
682602 0.072020 1
682608 0.000000 0
682616 0.000000 0
682623 0.049410 1
682632 0.000000 0
682640 0.000000 0
682647 0.044880 1
682654 0.000000 0
682662 0.000000 0
682669 0.056460 1
682677 0.000000 0
682684 0.000000 0
682692 0.058460 1
682699 0.000000 0
682706 0.000000 0
682714 0.040960 1
682722 0.000000 0
682730 0.000000 0
682737 0.034270 1
682743 0.000000 0
682750 0.000000 0
682758 0.026200 1
682767 0.000000 0
682774 0.000000 0
682782 0.030240 1
682789 0.000000 0
682796 0.000000 0
682804 0.053970 1
682812 0.000000 0
682820 0.000000 0
682827 0.078310 1
682834 0.000000 0
682842 0.000000 0
682849 0.085130 1
682857 0.000000 0
682864 0.000000 0
682872 0.073380 1
682879 0.000000 0
682886 0.000000 0
682894 0.053700 1
682902 0.000000 0
682910 0.000000 0
682917 0.050170 1
682924 0.000000 0
682932 0.000000 0
682939 0.054540 1
682948 0.000000 0
682956 0.000000 0
682963 0.053560 1
682969 0.000000 0
682976 0.000000 0
682984 0.054830 1
682992 0.000000 0
683000 0.000000 0
683007 0.064060 1
683014 0.000000 0
683022 0.000000 0
683029 0.060640 1
683037 0.000000 0
683044 0.000000 0
683052 0.061140 1
683059 0.000000 0
683066 0.000000 0
683074 0.062500 1
683082 0.000000 0
683090 0.000000 0
683097 0.046540 1
683104 0.000000 0
683112 0.000000 0
683119 0.033140 1
683127 0.000000 0
683134 0.000000 0
683142 0.028430 1
683149 0.000000 0
683156 0.000000 0
683164 0.055510 1
683172 0.000000 0
683180 0.000000 0
683187 0.073490 1
683194 0.000000 0
683202 0.000000 0
683209 0.066640 1
683217 0.000000 0
683224 0.000000 0
683232 0.041890 1
683238 0.000000 0
683246 0.000000 0
683253 0.044360 1
683262 0.000000 0
683270 0.000000 0
683277 0.038470 1
683283 0.000000 0
683290 0.000000 0
683298 0.053830 1
683306 0.000000 0
683314 0.000000 0
683321 0.088730 1
683328 0.000000 0
683336 0.000000 0
683343 0.085390 1
683351 0.000000 0
683358 0.000000 0
683366 0.075230 1
683373 0.000000 0
683380 0.000000 0
683388 0.048940 1
683396 0.000000 0
683404 0.000000 0
683411 0.043670 1
683419 0.000000 0
683426 0.000000 0
683434 0.038670 1
683442 0.000000 0
683450 0.000000 0
683457 0.064880 1
683464 0.000000 0
683472 0.000000 0
683479 0.064880 1
683486 0.000000 0
683494 0.000000 0
683501 0.079760 1
683508 0.000000 0
683516 0.000000 0
683523 0.087340 1
683531 0.000000 0
683538 0.000000 0
683546 0.083040 1
683553 0.000000 0
683560 0.000000 0
683568 0.060760 1
683577 0.000000 0
683584 0.000000 0
683592 0.033600 1
683598 0.000000 0
683606 0.000000 0
683613 0.024700 1
683621 0.000000 0
683628 0.000000 0
683636 0.026780 1
683643 0.000000 0
683650 0.000000 0
683658 0.022100 1
683667 0.000000 0
683674 0.000000 0
683682 0.015120 1
683689 0.000000 0
683696 0.000000 0
683704 0.025310 1
683712 0.000000 0
683720 0.000000 0
683727 0.032210 1
683734 0.000000 0
683742 0.000000 0
683749 0.053120 1
683756 0.000000 0
683764 0.000000 0
683771 0.063940 1
683779 0.000000 0
683786 0.000000 0
683794 0.056460 1
683801 0.000000 0
683808 0.000000 0
683816 0.090590 1
683823 0.000000 0
683830 0.000000 0
683838 0.106400 1
683846 0.000000 0
683854 0.000000 0
683861 0.081930 1
683868 0.000000 0
683876 0.000000 0
683883 0.065000 1
683892 0.000000 0
683900 0.000000 0
683907 0.040210 1
683913 0.000000 0
683920 0.000000 0
683928 0.030990 1
683936 0.000000 0
683944 0.000000 0
683951 0.023100 1
683958 0.000000 0
683966 0.000000 0
683973 0.029740 1
683981 0.000000 0
683988 0.000000 0
683996 0.055650 1
684003 0.000000 0
684010 0.000000 0
684018 0.076940 1
684026 0.000000 0
684034 0.000000 0
684041 0.097490 1
684048 0.000000 0
684056 0.000000 0
684063 0.081930 1
684071 0.000000 0
684078 0.000000 0
684086 0.080520 1
684093 0.000000 0
684100 0.000000 0
684108 0.058060 1
684116 0.000000 0
684124 0.000000 0
684131 0.036640 1
684138 0.000000 0
684146 0.000000 0
684153 0.032910 1
684161 0.000000 0
684168 0.000000 0
684176 0.032670 1
684183 0.000000 0
684190 0.000000 0
684198 0.047840 1
684207 0.000000 0
684214 0.000000 0
684222 0.041340 1
684229 0.000000 0
684236 0.000000 0
684244 0.034490 1
684252 0.000000 0
684260 0.000000 0
684267 0.043490 1
684274 0.000000 0
684282 0.000000 0
684289 0.045380 1
684298 0.000000 0
684306 0.000000 0
684313 0.047990 1
684319 0.000000 0
684326 0.000000 0
684334 0.059880 1
684341 0.000000 0
684348 0.000000 0
684356 0.057540 1
684363 0.000000 0
684370 0.000000 0
684378 0.051220 1
684386 0.000000 0
684394 0.000000 0
684401 0.053830 1
684408 0.000000 0
684416 0.000000 0
684423 0.055240 1
684432 0.000000 0
684440 0.000000 0
684447 0.039250 1
684454 0.000000 0
684462 0.000000 0
684469 0.062360 1
684476 0.000000 0
684484 0.000000 0
684491 0.077040 1
684498 0.000000 0
684506 0.000000 0
684513 0.101630 1
684521 0.000000 0
684528 0.000000 0
684536 0.097020 1
684543 0.000000 0
684550 0.000000 0
684558 0.068210 1
684566 0.000000 0
684574 0.000000 0
684581 0.066740 1
684588 0.000000 0
684596 0.000000 0
684603 0.052260 1
684611 0.000000 0
684618 0.000000 0
684626 0.040590 1
684633 0.000000 0
684640 0.000000 0
684648 0.033830 1
684656 0.000000 0
684664 0.000000 0
684671 0.030750 1
684678 0.000000 0
684686 0.000000 0
684693 0.037660 1
684703 0.000000 0
684710 0.000000 0
684718 0.058720 1
684723 0.000000 0
684730 0.000000 0
684738 0.061390 1
684746 0.000000 0
684754 0.000000 0
684761 0.061260 1
684768 0.000000 0
684776 0.000000 0
684783 0.089490 1
684791 0.000000 0
684798 0.000000 0
684806 0.072450 1
684813 0.000000 0
684820 0.000000 0
684828 0.079580 1
684836 0.000000 0
684844 0.000000 0
684851 0.067310 1
684858 0.000000 0
684866 0.000000 0
684873 0.062970 1
684881 0.000000 0
684888 0.000000 0
684896 0.045720 1
684903 0.000000 0
684910 0.000000 0
684918 0.053970 1
684927 0.000000 0
684934 0.000000 0
684942 0.049260 1
684948 0.000000 0
684956 0.000000 0
684963 0.058720 1
684971 0.000000 0
684978 0.000000 0
684986 0.065930 1
684994 0.000000 0
685002 0.000000 0
685009 0.102370 1
685016 0.000000 0
685024 0.000000 0
685031 0.076840 1
685038 0.000000 0
685046 0.000000 0
685053 0.060760 1
685061 0.000000 0
685068 0.000000 0
685076 0.040020 1
685083 0.000000 0
685090 0.000000 0
685098 0.025010 1
685106 0.000000 0
685114 0.000000 0
685121 0.031250 1
685129 0.000000 0
685136 0.000000 0
685144 0.027890 1
685151 0.000000 0
685158 0.000000 0
685166 0.041150 1
685173 0.000000 0
685180 0.000000 0
685188 0.049870 1
685196 0.000000 0
685204 0.000000 0
685211 0.082120 1
685218 0.000000 0
685226 0.000000 0
685233 0.102750 1
685241 0.000000 0
685248 0.000000 0
685256 0.107120 1
685263 0.000000 0
685270 0.000000 0
685278 0.088470 1
685286 0.000000 0
685294 0.000000 0
685301 0.062730 1
685308 0.000000 0
685316 0.000000 0
685323 0.045210 1
685331 0.000000 0
685338 0.000000 0
685346 0.021390 1
685353 0.000000 0
685360 0.000000 0
685368 0.009570 1
685376 0.000000 0
685384 0.000000 0
685391 0.021030 1
685398 0.000000 0
685406 0.000000 0
685413 0.021030 1
685422 0.000000 0
685430 0.000000 0
685437 0.036420 1
685443 0.000000 0
685450 0.000000 0
685458 0.063460 1
685466 0.000000 0
685474 0.000000 0
685481 0.092010 1
685488 0.000000 0
685496 0.000000 0
685503 0.085220 1
685511 0.000000 0
685518 0.000000 0
685526 0.047200 1
685533 0.000000 0
685540 0.000000 0
685548 0.039640 1
685556 0.000000 0
685564 0.000000 0
685571 0.037260 1
685578 0.000000 0
685586 0.000000 0
685593 0.028430 1
685601 0.000000 0
685608 0.000000 0
685616 0.028170 1
685625 0.000000 0
685632 0.000000 0
685640 0.030990 1
685646 0.000000 0
685654 0.000000 0
685661 0.026200 1
685669 0.000000 0
685676 0.000000 0
685684 0.042420 1
685691 0.000000 0
685698 0.000000 0
685706 0.058200 1
685715 0.000000 0
685722 0.000000 0
685730 0.090930 1
685736 0.000000 0
685744 0.000000 0
685751 0.091860 1
685759 0.000000 0
685766 0.000000 0
685774 0.058980 1
685781 0.000000 0
685788 0.000000 0
685796 0.040020 1
685805 0.000000 0
685812 0.000000 0
685820 0.025910 1
685826 0.000000 0
685834 0.000000 0
685841 0.030240 1
685849 0.000000 0
685856 0.000000 0
685864 0.029480 1
685871 0.000000 0
685878 0.000000 0
685886 0.024380 1
685894 0.000000 0
685902 0.000000 0
685909 0.042970 1
685916 0.000000 0
685924 0.000000 0
685931 0.079290 1
685939 0.000000 0
685946 0.000000 0
685954 0.114950 1
685961 0.000000 0
685968 0.000000 0
685976 0.108870 1
685985 0.000000 0
685992 0.000000 0
686000 0.087510 1
686007 0.000000 0
686014 0.000000 0
686022 0.056870 1
686029 0.000000 0
686036 0.000000 0
686044 0.051220 1
686051 0.000000 0
686058 0.000000 0
686066 0.052400 1
686074 0.000000 0
686082 0.000000 0
686089 0.045040 1
686096 0.000000 0
686104 0.000000 0
686111 0.036850 1
686119 0.000000 0
686126 0.000000 0
686134 0.028960 1
686141 0.000000 0
686148 0.000000 0
686156 0.045380 1
686164 0.000000 0
686172 0.000000 0
686179 0.046880 1
686186 0.000000 0
686194 0.000000 0
686201 0.065930 1
686209 0.000000 0
686216 0.000000 0
686224 0.061750 1
686231 0.000000 0
686238 0.000000 0
686246 0.042790 1
686254 0.000000 0
686262 0.000000 0
686269 0.043840 1
686276 0.000000 0
686284 0.000000 0
686291 0.038860 1
686299 0.000000 0
686306 0.000000 0
686314 0.040590 1
686321 0.000000 0
686328 0.000000 0
686336 0.032910 1
686344 0.000000 0
686352 0.000000 0
686359 0.032910 1
686366 0.000000 0
686374 0.000000 0
686381 0.028430 1
686389 0.000000 0
686396 0.000000 0
686404 0.042420 1
686411 0.000000 0
686418 0.000000 0
686426 0.052110 1
686434 0.000000 0
686442 0.000000 0
686449 0.066870 1
686456 0.000000 0
686464 0.000000 0
686471 0.055100 1
686479 0.000000 0
686486 0.000000 0
686494 0.050630 1
686501 0.000000 0
686508 0.000000 0
686516 0.049090 1
686524 0.000000 0
686532 0.000000 0
686539 0.043490 1
686546 0.000000 0
686554 0.000000 0
686561 0.042970 1
686569 0.000000 0
686576 0.000000 0
686584 0.031250 1
686591 0.000000 0
686598 0.000000 0
686606 0.050320 1
686614 0.000000 0
686622 0.000000 0
686629 0.103850 1
686636 0.000000 0
686644 0.000000 0
686651 0.093580 1
686659 0.000000 0
686666 0.000000 0
686674 0.051670 1
686681 0.000000 0
686688 0.000000 0
686696 0.044710 1
686704 0.000000 0
686712 0.000000 0
686719 0.041520 1
686726 0.000000 0
686734 0.000000 0
686741 0.035370 1
686749 0.000000 0
686756 0.000000 0
686764 0.028430 1
686771 0.000000 0
686778 0.000000 0
686786 0.034490 1
686794 0.000000 0
686802 0.000000 0
686809 0.030240 1
686816 0.000000 0
686824 0.000000 0
686831 0.036850 1
686839 0.000000 0
686846 0.000000 0
686854 0.032440 1
686861 0.000000 0
686868 0.000000 0
686876 0.048460 1
686884 0.000000 0
686892 0.000000 0
686899 0.049870 1
686906 0.000000 0
686914 0.000000 0
686921 0.055240 1
686929 0.000000 0
686936 0.000000 0
686944 0.046370 1
686951 0.000000 0
686958 0.000000 0
686966 0.047990 1
686974 0.000000 0
686982 0.000000 0
686989 0.037260 1
686996 0.000000 0
687004 0.000000 0
687011 0.038470 1
687019 0.000000 0
687026 0.000000 0
687034 0.031480 1
687041 0.000000 0
687048 0.000000 0
687056 0.026490 1
687064 0.000000 0
687072 0.000000 0
687079 0.034490 1
687086 0.000000 0
687094 0.000000 0
687101 0.054400 1
687109 0.000000 0
687116 0.000000 0
687124 0.065000 1
687131 0.000000 0
687138 0.000000 0
687146 0.065350 1
687154 0.000000 0
687162 0.000000 0
687169 0.067870 1
687176 0.000000 0
687184 0.000000 0
687191 0.070950 1
687199 0.000000 0
687206 0.000000 0
687214 0.047200 1
687221 0.000000 0
687228 0.000000 0
687236 0.046050 1
687244 0.000000 0
687252 0.000000 0
687259 0.048780 1
687266 0.000000 0
687274 0.000000 0
687281 0.032910 1
687289 0.000000 0
687296 0.000000 0
687304 0.030750 1
687311 0.000000 0
687318 0.000000 0
687326 0.035800 1
687334 0.000000 0
687342 0.000000 0
687349 0.046880 1
687356 0.000000 0
687364 0.000000 0
687371 0.040590 1
687379 0.000000 0
687386 0.000000 0
687394 0.039440 1
687401 0.000000 0
687408 0.000000 0
687416 0.047200 1
687424 0.000000 0
687432 0.000000 0
687439 0.052690 1
687446 0.000000 0
687454 0.000000 0
687461 0.043840 1
687469 0.000000 0
687476 0.000000 0
687484 0.036420 1
687491 0.000000 0
687498 0.000000 0
687506 0.024700 1
687514 0.000000 0
687522 0.000000 0
687529 0.015630 1
687536 0.000000 0
687544 0.000000 0
687551 0.031250 1
687559 0.000000 0
687566 0.000000 0
687574 0.046370 1
687582 0.000000 0
687590 0.000000 0
687597 0.080900 1
687604 0.000000 0
687612 0.000000 0
687619 0.057800 1
687627 0.000000 0
687634 0.000000 0
687642 0.062850 1
687649 0.000000 0
687656 0.000000 0
687664 0.046540 1
687672 0.000000 0
687680 0.000000 0
687687 0.034930 1
687694 0.000000 0
687702 0.000000 0
687709 0.039250 1
687717 0.000000 0
687724 0.000000 0
687732 0.038670 1
687738 0.000000 0
687746 0.000000 0
687753 0.025600 1
687762 0.000000 0
687770 0.000000 0
687777 0.032910 1
687784 0.000000 0
687792 0.000000 0
687799 0.036640 1
687807 0.000000 0
687814 0.000000 0
687822 0.030000 1
687829 0.000000 0
687836 0.000000 0
687844 0.072340 1
687852 0.000000 0
687860 0.000000 0
687867 0.049870 1
687874 0.000000 0
687882 0.000000 0
687889 0.068770 1
687896 0.000000 0
687904 0.000000 0
687911 0.061880 1
687918 0.000000 0
687926 0.000000 0
687933 0.051820 1
687942 0.000000 0
687950 0.000000 0
687957 0.029480 1
687963 0.000000 0
687970 0.000000 0
687978 0.036010 1
687987 0.000000 0
687994 0.000000 0
688002 0.041520 1
688009 0.000000 0
688016 0.000000 0
688024 0.033140 1
688031 0.000000 0
688038 0.000000 0
688046 0.024700 1
688054 0.000000 0
688062 0.000000 0
688069 0.024080 1
688077 0.000000 0
688084 0.000000 0
688092 0.050170 1
688099 0.000000 0
688106 0.000000 0
688114 0.041340 1
688122 0.000000 0
688130 0.000000 0
688137 0.041520 1
688144 0.000000 0
688152 0.000000 0
688159 0.057540 1
688167 0.000000 0
688174 0.000000 0
688182 0.058850 1
688189 0.000000 0
688196 0.000000 0
688204 0.072240 1
688212 0.000000 0
688220 0.000000 0
688227 0.057660 1
688235 0.000000 0
688242 0.000000 0
688250 0.038270 1
688257 0.000000 0
688264 0.000000 0
688272 0.034040 1
688278 0.000000 0
688286 0.000000 0
688293 0.033140 1
688302 0.000000 0
688310 0.000000 0
688317 0.064420 1
688323 0.000000 0
688330 0.000000 0
688338 0.054400 1
688347 0.000000 0
688354 0.000000 0
688362 0.027340 1
688368 0.000000 0
688376 0.000000 0
688383 0.021740 1
688391 0.000000 0
688398 0.000000 0
688406 0.045210 1
688413 0.000000 0
688420 0.000000 0
688428 0.041340 1
688437 0.000000 0
688444 0.000000 0
688452 0.051070 1
688458 0.000000 0
688466 0.000000 0
688473 0.040590 1
688482 0.000000 0
688490 0.000000 0
688497 0.030240 1
688503 0.000000 0
688510 0.000000 0
688518 0.034270 1
688526 0.000000 0
688534 0.000000 0
688541 0.037460 1
688548 0.000000 0
688556 0.000000 0
688563 0.060880 1
688572 0.000000 0
688580 0.000000 0
688587 0.060880 1
688593 0.000000 0
688600 0.000000 0
688608 0.063340 1
688616 0.000000 0
688624 0.000000 0
688631 0.039250 1
688638 0.000000 0
688646 0.000000 0
688653 0.025310 1
688661 0.000000 0
688668 0.000000 0
688676 0.058720 1
688683 0.000000 0
688690 0.000000 0
688698 0.059240 1
688706 0.000000 0
688714 0.000000 0
688721 0.046370 1
688728 0.000000 0
688736 0.000000 0
688743 0.063710 1
688751 0.000000 0
688758 0.000000 0
688766 0.064180 1
688773 0.000000 0
688780 0.000000 0
688788 0.061260 1
688797 0.000000 0
688804 0.000000 0
688812 0.062730 1
688818 0.000000 0
688826 0.000000 0
688833 0.079760 1
688841 0.000000 0
688848 0.000000 0
688856 0.057660 1
688863 0.000000 0
688870 0.000000 0
688878 0.041700 1
688887 0.000000 0
688894 0.000000 0
688902 0.034040 1
688908 0.000000 0
688916 0.000000 0
688923 0.043320 1
688931 0.000000 0
688938 0.000000 0
688946 0.066970 1
688953 0.000000 0
688960 0.000000 0
688968 0.054830 1
688977 0.000000 0
688984 0.000000 0
688992 0.031720 1
688999 0.000000 0
689006 0.000000 0
689014 0.046880 1
689021 0.000000 0
689028 0.000000 0
689036 0.064300 1
689044 0.000000 0
689052 0.000000 0
689059 0.057800 1
689067 0.000000 0
689074 0.000000 0
689082 0.047030 1
689089 0.000000 0
689096 0.000000 0
689104 0.036850 1
689112 0.000000 0
689120 0.000000 0
689127 0.037050 1
689134 0.000000 0
689142 0.000000 0
689149 0.075840 1
689157 0.000000 0
689164 0.000000 0
689172 0.078310 1
689179 0.000000 0
689186 0.000000 0
689194 0.061750 1
689202 0.000000 0
689210 0.000000 0
689217 0.046540 1
689224 0.000000 0
689232 0.000000 0
689239 0.058060 1
689247 0.000000 0
689254 0.000000 0
689262 0.062970 1
689269 0.000000 0
689276 0.000000 0
689284 0.072340 1
689292 0.000000 0
689300 0.000000 0
689307 0.073270 1
689314 0.000000 0
689322 0.000000 0
689329 0.072450 1
689337 0.000000 0
689344 0.000000 0
689352 0.033140 1
689358 0.000000 0
689366 0.000000 0
689373 0.034930 1
689382 0.000000 0
689390 0.000000 0
689397 0.048160 1
689403 0.000000 0
689410 0.000000 0
689418 0.051820 1
689427 0.000000 0
689434 0.000000 0
689442 0.038270 1
689449 0.000000 0
689456 0.000000 0
689464 0.050480 1
689472 0.000000 0
689480 0.000000 0
689487 0.042790 1
689494 0.000000 0
689502 0.000000 0
689509 0.059490 1
689517 0.000000 0
689524 0.000000 0
689532 0.059490 1
689538 0.000000 0
689546 0.000000 0
689553 0.055790 1
689561 0.000000 0
689568 0.000000 0
689576 0.060500 1
689583 0.000000 0
689590 0.000000 0
689598 0.040410 1
689606 0.000000 0
689614 0.000000 0
689621 0.056870 1
689628 0.000000 0
689636 0.000000 0
689643 0.071380 1
689652 0.000000 0
689660 0.000000 0
689667 0.083860 1
689674 0.000000 0
689682 0.000000 0
689689 0.050320 1
689697 0.000000 0
689704 0.000000 0
689712 0.036420 1
689719 0.000000 0
689726 0.000000 0
689734 0.038070 1
689742 0.000000 0
689750 0.000000 0
689757 0.051070 1
689764 0.000000 0
689772 0.000000 0
689779 0.069870 1
689786 0.000000 0
689794 0.000000 0
689801 0.054540 1
689808 0.000000 0
689816 0.000000 0
689823 0.032910 1
689832 0.000000 0
689840 0.000000 0
689847 0.031720 1
689853 0.000000 0
689860 0.000000 0
689868 0.045720 1
689876 0.000000 0
689884 0.000000 0
689891 0.053560 1
689898 0.000000 0
689906 0.000000 0
689913 0.051670 1
689922 0.000000 0
689930 0.000000 0
689937 0.033830 1
689944 0.000000 0
689952 0.000000 0
689959 0.050920 1
689968 0.000000 0
689976 0.000000 0
689983 0.062970 1
689989 0.000000 0
689996 0.000000 0
690004 0.053830 1
690013 0.000000 0
690020 0.000000 0
690028 0.038270 1
690034 0.000000 0
690042 0.000000 0
690049 0.036850 1
690056 0.000000 0
690064 0.000000 0
690071 0.034710 1
690078 0.000000 0
690086 0.000000 0
690093 0.060500 1
690101 0.000000 0
690108 0.000000 0
690116 0.072650 1
690123 0.000000 0
690130 0.000000 0
690138 0.058200 1
690146 0.000000 0
690154 0.000000 0
690161 0.038270 1
690168 0.000000 0
690176 0.000000 0
690183 0.044880 1
690192 0.000000 0
690200 0.000000 0
690207 0.050630 1
690213 0.000000 0
690220 0.000000 0
690228 0.070190 1
690236 0.000000 0
690244 0.000000 0
690251 0.061140 1
690258 0.000000 0
690266 0.000000 0
690273 0.103790 1
690281 0.000000 0
690288 0.000000 0
690296 0.030990 1
690303 0.000000 0
690310 0.000000 0
690318 0.030990 1
690326 0.000000 0
690334 0.000000 0
690341 0.028960 1
690348 0.000000 0
690356 0.000000 0
690363 0.031970 1
690371 0.000000 0
690378 0.000000 0
690386 0.039830 1
690394 0.000000 0
690402 0.000000 0
690409 0.023440 1
690417 0.000000 0
690424 0.000000 0
690432 0.024080 1
690439 0.000000 0
690446 0.000000 0
690454 0.039060 1
690462 0.000000 0
690470 0.000000 0
690477 0.076230 1
690484 0.000000 0
690492 0.000000 0
690499 0.048310 1
690507 0.000000 0
690514 0.000000 0
690522 0.020660 1
690529 0.000000 0
690536 0.000000 0
690544 0.024080 1
690552 0.000000 0
690560 0.000000 0
690567 0.038860 1
690574 0.000000 0
690582 0.000000 0
690589 0.066870 1
690597 0.000000 0
690604 0.000000 0
690612 0.058060 1
690619 0.000000 0
690626 0.000000 0
690634 0.048310 1
690643 0.000000 0
690650 0.000000 0
690658 0.040590 1
690664 0.000000 0
690672 0.000000 0
690679 0.032440 1
690688 0.000000 0
690696 0.000000 0
690703 0.091190 1
690709 0.000000 0
690716 0.000000 0
690724 0.089750 1
690733 0.000000 0
690740 0.000000 0
690748 0.087430 1
690754 0.000000 0
690762 0.000000 0
690769 0.051960 1
690777 0.000000 0
690784 0.000000 0
690792 0.036010 1
690798 0.000000 0
690806 0.000000 0
690813 0.036010 1
690821 0.000000 0
690828 0.000000 0
690836 0.071380 1
690843 0.000000 0
690850 0.000000 0
690858 0.054120 1
690867 0.000000 0
690874 0.000000 0
690882 0.027620 1
690889 0.000000 0
690896 0.000000 0
690904 0.029740 1
690912 0.000000 0
690920 0.000000 0
690927 0.061260 1
690934 0.000000 0
690942 0.000000 0
690949 0.070080 1
690957 0.000000 0
690964 0.000000 0
690972 0.052840 1
690978 0.000000 0
690986 0.000000 0
690993 0.058590 1
691001 0.000000 0
691008 0.000000 0
691016 0.039060 1
691023 0.000000 0
691030 0.000000 0
691038 0.036010 1
691047 0.000000 0
691054 0.000000 0
691062 0.061630 1
691068 0.000000 0
691076 0.000000 0
691083 0.050480 1
691091 0.000000 0
691098 0.000000 0
691106 0.048160 1
691113 0.000000 0
691120 0.000000 0
691128 0.043320 1
691136 0.000000 0
691144 0.000000 0
691151 0.033370 1
691158 0.000000 0
691166 0.000000 0
691173 0.068330 1
691181 0.000000 0
691188 0.000000 0
691196 0.087250 1
691203 0.000000 0
691210 0.000000 0
691218 0.075440 1
691226 0.000000 0
691234 0.000000 0
691241 0.058460 1
691248 0.000000 0
691256 0.000000 0
691263 0.029740 1
691271 0.000000 0
691278 0.000000 0
691286 0.039640 1
691293 0.000000 0
691300 0.000000 0
691308 0.046220 1
691316 0.000000 0
691324 0.000000 0
691331 0.037050 1
691338 0.000000 0
691346 0.000000 0
691353 0.023100 1
691361 0.000000 0
691368 0.000000 0
691376 0.028170 1
691383 0.000000 0
691390 0.000000 0
691398 0.046710 1
691406 0.000000 0
691414 0.000000 0
691421 0.063580 1
691428 0.000000 0
691436 0.000000 0
691443 0.065130 1
691451 0.000000 0
691458 0.000000 0
691466 0.052690 1
691473 0.000000 0
691480 0.000000 0
691488 0.045720 1
691496 0.000000 0
691504 0.000000 0
691511 0.045550 1
691518 0.000000 0
691526 0.000000 0
691533 0.071060 1
691541 0.000000 0
691548 0.000000 0
691556 0.067430 1
691563 0.000000 0
691570 0.000000 0
691578 0.053700 1
691586 0.000000 0
691594 0.000000 0
691601 0.041150 1
691608 0.000000 0
691616 0.000000 0
691623 0.042070 1
691631 0.000000 0
691638 0.000000 0
691646 0.061140 1
691653 0.000000 0
691660 0.000000 0
691668 0.057010 1
691676 0.000000 0
691684 0.000000 0
691691 0.063580 1
691698 0.000000 0
691706 0.000000 0
691713 0.044190 1
691721 0.000000 0
691728 0.000000 0
691736 0.017900 1
691743 0.000000 0
691750 0.000000 0
691758 0.024380 1
691766 0.000000 0
691774 0.000000 0
691781 0.057010 1
691788 0.000000 0
691796 0.000000 0
691803 0.042970 1
691811 0.000000 0
691818 0.000000 0
691826 0.044710 1
691833 0.000000 0
691840 0.000000 0
691848 0.024700 1
691856 0.000000 0
691864 0.000000 0
691871 0.028960 1
691878 0.000000 0
691886 0.000000 0
691893 0.054830 1
691901 0.000000 0
691908 0.000000 0
691916 0.043140 1
691923 0.000000 0
691930 0.000000 0
691938 0.045040 1
691946 0.000000 0
691954 0.000000 0
691961 0.037660 1
691968 0.000000 0
691976 0.000000 0
691983 0.046710 1
691991 0.000000 0
691998 0.000000 0
692006 0.073900 1
692013 0.000000 0
692020 0.000000 0
692028 0.062730 1
692036 0.000000 0
692044 0.000000 0
692051 0.054830 1
692058 0.000000 0
692066 0.000000 0
692073 0.052110 1
692082 0.000000 0
692090 0.000000 0
692097 0.046050 1
692103 0.000000 0
692110 0.000000 0
692118 0.068990 1
692126 0.000000 0
692134 0.000000 0
692141 0.082030 1
692148 0.000000 0
692156 0.000000 0
692163 0.089160 1
692171 0.000000 0
692178 0.000000 0
692186 0.074530 1
692193 0.000000 0
692200 0.000000 0
692208 0.032440 1
692216 0.000000 0
692224 0.000000 0
692231 0.033140 1
