0 0.000000 1
8 0.000000 1
15 0.000000 1
22 0.000000 1
30 0.000000 1
38 0.000000 1
45 0.000000 1
52 0.000000 1
60 0.000000 1
68 0.000000 1
75 0.000000 1
82 0.464559 0
90 1.000000 0
98 1.000000 0
105 0.860715 0
112 0.212829 0
120 0.502731 0
128 0.718300 0
135 0.722176 0
142 0.627218 0
150 0.646425 0
158 0.526140 0
165 0.524589 0
172 0.618346 0
180 0.667700 0
188 0.542404 0
195 0.473407 0
202 0.503234 0
210 0.481894 0
218 0.585204 0
225 0.536877 0
232 0.650277 0
240 0.500756 0
248 0.373363 0
255 0.457396 0
262 0.553900 0
270 0.517134 0
278 0.309819 0
285 0.527382 0
292 0.462167 0
300 0.508169 0
308 0.625732 0
315 0.566231 0
322 0.573751 0
330 0.683371 0
338 0.442260 0
345 0.246278 0
352 0.407816 0
360 0.589628 0
368 0.535340 0
375 0.246780 0
382 0.340726 0
390 0.492525 0
398 0.614773 0
405 0.516586 0
412 0.491176 0
420 0.402711 0
428 0.348410 0
435 0.490790 0
442 0.440673 0
450 0.371602 0
458 0.408836 0
465 0.513741 0
472 0.458133 0
480 0.436370 0
488 0.349516 0
495 0.410133 0
502 0.541163 0
510 0.415967 0
518 0.451862 0
525 0.443308 0
532 0.477121 0
540 0.233133 0
548 0.323799 0
555 0.432884 0
562 0.298068 0
570 0.590415 0
578 0.509535 0
585 0.386340 0
592 0.359783 0
600 0.478447 0
608 0.513597 0
615 0.660339 0
622 0.605875 0
630 0.424703 0
638 0.549055 0
645 0.418276 0
652 0.415474 0
660 0.370270 0
668 0.323368 0
675 0.459412 0
682 0.519436 0
690 0.165070 0
698 0.488046 0
705 0.403855 0
712 0.472755 0
720 0.319876 0
728 0.362825 0
735 0.490949 0
742 0.474579 0
750 0.322971 0
758 0.355677 0
765 0.310791 0
772 0.526161 0
780 0.523015 0
788 0.206254 0
795 0.448636 0
802 0.436098 0
810 0.361376 0
818 0.402328 0
825 0.000000 0
832 0.337971 0
840 0.395940 0
848 0.301835 0
855 0.455920 0
862 0.275469 0
870 0.331397 0
878 0.540830 0
885 0.438668 0
892 0.283821 0
900 0.302949 0
908 0.312723 0
915 0.416761 0
922 0.108411 0
930 0.306991 0
938 0.231989 0
945 0.000000 0
952 0.000000 0
960 0.381327 0
968 0.306056 0
975 0.336835 0
982 0.390916 0
990 0.093507 0
998 0.251767 0
1005 0.363176 0
1012 0.374665 0
1020 0.142034 0
1028 0.109584 0
1035 0.262284 0
1042 0.000000 0
1050 0.415013 0
1058 0.380866 0
1065 0.000000 0
1072 0.052820 0
1080 0.392509 0
1088 0.433117 0
1095 0.370163 0
1102 0.334063 0
1110 0.338677 0
1118 0.377920 0
1125 0.289748 0
1132 0.396224 0
1140 0.364640 0
1148 0.191490 0
1155 0.276493 0
1162 0.220635 0
1170 0.000000 0
1178 0.385329 0
1185 0.000000 0
1192 0.000000 0
1200 0.098494 0
1208 0.375560 0
1215 0.388334 0
1222 0.357097 0
1230 0.000000 0
1238 0.215492 0
1245 0.000000 0
1252 0.485086 0
1260 0.414757 0
1268 0.291078 0
1275 0.389095 0
1282 0.254385 0
1290 0.000000 0
1298 0.000000 0
1305 0.084822 0
1312 0.269978 0
1320 0.412449 0
1328 0.000000 0
1335 0.130680 0
1342 0.000000 0
1350 0.000000 0
1358 0.000000 0
1365 0.000000 0
1372 0.406463 0
1380 0.000000 0
1388 0.000000 0
1395 0.000000 0
1402 0.000000 0
1410 0.000000 0
1418 0.161336 0
1425 0.160804 0
1432 0.414940 0
1440 0.000000 0
1448 0.000000 0
1455 0.000000 0
1462 0.000000 0
1470 0.246299 0
1478 0.197006 0
1485 0.000000 0
1492 0.000000 0
1500 0.042215 0
1508 0.076542 0
1515 0.000000 0
1522 0.211457 0
1530 0.000000 0
1538 0.000000 0
1545 0.000000 0
1552 0.000000 0
1560 0.148456 0
1568 0.437850 0
1575 0.105084 0
1582 0.000000 0
1590 0.327718 0
1598 0.000000 0
1605 0.357776 0
1612 0.000000 0
1620 0.000000 0
1628 0.220663 0
1635 0.198057 0
1642 0.000000 0
1650 0.000000 0
1658 0.000000 0
1665 0.000000 0
1672 0.000000 0
1680 0.068644 0
1688 0.000000 0
1695 0.000000 0
1702 0.000000 0
1710 0.256902 0
1718 0.118588 0
1725 0.073563 0
1732 0.254939 0
1740 0.163088 0
1748 0.293776 0
1755 0.000000 0
1762 0.194830 0
1770 0.000000 0
1778 0.000000 0
1785 0.000000 0
1792 0.367732 0
1800 0.247379 0
1808 0.000000 0
1815 0.000000 0
1822 0.000000 0
1830 0.315384 0
1838 0.000000 0
1845 0.311251 0
1852 0.000000 0
1860 0.000000 0
1868 0.000000 0
1875 0.000000 0
1882 0.000000 0
1890 0.170813 0
1898 0.220420 0
1905 0.000000 0
1912 0.158638 0
1920 0.000000 0
1928 0.000000 0
1935 0.000000 0
1942 0.167874 0
1950 0.294386 0
1958 0.213882 0
1965 0.000000 0
1972 0.000000 0
1980 0.000000 0
1988 0.264861 0
1995 0.000000 0
2002 0.189894 0
2010 0.000000 0
2018 0.000000 0
2025 0.000000 0
2032 0.151858 0
2040 0.382969 0
2048 0.297704 0
2055 0.226177 0
2062 0.334229 0
2070 0.000000 0
2078 0.232100 0
2085 0.447560 0
2092 0.000000 0
2100 0.265897 0
2108 0.215228 0
2115 0.254661 0
2122 0.158288 0
2130 0.219686 0
2138 0.000000 0
2145 0.198234 0
2152 0.000000 0
2160 0.272734 0
2168 0.416068 0
2175 0.000000 0
2182 0.000000 0
2190 0.227339 0
2198 0.000000 0
2205 0.338000 0
2212 0.284187 0
2220 0.259361 0
2228 0.000000 0
2235 0.000000 0
2242 0.116733 0
2250 0.000000 0
2258 0.000000 0
2265 0.445014 0
2272 0.291017 0
2280 0.000000 0
2288 0.000000 0
2295 0.013073 0
2302 0.208907 0
2310 0.000000 0
2318 0.369980 0
2325 0.000000 0
2332 0.000000 0
2340 0.407330 0
2348 0.000000 0
2355 0.000000 0
2362 0.000000 0
2370 0.000000 0
2378 0.429885 0
2385 0.384875 0
2392 0.000000 0
2400 0.067042 0
2408 0.000000 0
2415 0.000000 0
2422 0.000000 0
2430 0.000000 0
2438 0.000000 0
2445 0.000000 0
2452 0.088871 0
2460 0.217541 0
2468 0.142440 0
2475 0.221310 0
2482 0.000000 0
2490 0.000000 0
2498 0.000000 0
2505 0.000000 0
2512 0.212974 0
2520 0.496762 0
2528 0.356132 0
2535 0.229138 0
2542 0.000000 0
2550 0.246224 0
2558 0.253657 0
2565 0.211699 0
2572 0.000000 0
2580 0.165712 0
2588 0.285578 0
2595 0.000000 0
2602 0.000000 0
2610 0.000000 0
2618 0.000000 0
2625 0.000000 0
2632 0.000000 0
2640 0.000000 0
2648 0.286352 0
2655 0.265968 0
2662 0.000000 0
2670 0.000000 0
2678 0.000000 0
2685 0.232570 0
2692 0.133606 0
2700 0.208710 0
2708 0.322206 0
2715 0.000000 0
2722 0.000000 0
2730 0.329254 0
2738 0.144678 0
2745 0.039847 0
2752 0.000000 0
2760 0.213508 0
2768 0.362078 0
2775 0.000000 0
2782 0.000000 0
2790 0.000000 0
2798 0.207349 0
2805 0.194958 0
2812 0.154793 0
2820 0.292077 0
2828 0.000000 0
2835 0.319713 0
2842 0.000000 0
2850 0.000000 0
2858 0.000000 0
2865 0.000000 0
2872 0.000000 0
2880 0.085028 0
2888 0.000000 0
2895 0.131434 0
2902 0.243163 0
2910 0.000000 0
2918 0.074284 0
2925 0.040759 0
2932 0.073210 0
2940 0.000000 0
2948 0.000000 0
2955 0.000000 0
2962 0.000000 0
2970 0.000000 0
2978 0.000000 0
2985 0.000000 0
2992 0.148701 0
3000 0.282596 0
3008 0.411483 0
3015 0.175461 0
3022 0.164894 0
3030 0.298778 0
3038 0.352514 0
3045 0.000000 0
3052 0.405643 0
3060 0.000000 0
3068 0.000000 0
3075 0.262467 0
3082 0.319288 0
3090 0.000000 0
3098 0.000000 0
3105 0.000000 0
3112 0.396247 0
3120 0.339110 0
3128 0.000000 0
3135 0.202147 0
3142 0.071851 0
3150 0.000000 0
3158 0.360981 0
3165 0.132434 0
3172 0.000000 0
3180 0.167959 0
3188 0.155200 0
3195 0.226868 0
3202 0.279818 0
3210 0.000000 0
3218 0.308877 0
3225 0.259870 0
3232 0.472125 0
3240 0.177815 0
3248 0.000000 0
3255 0.209769 0
3262 0.000000 0
3270 0.000000 0
3278 0.000000 0
3285 0.000000 0
3292 0.000000 0
3300 0.000000 0
3308 0.140344 0
3315 0.190912 0
3322 0.304388 0
3330 0.000000 0
3338 0.000000 0
3345 0.000000 0
3352 0.191555 0
3360 0.444188 0
3368 0.000000 0
3375 0.000000 0
3382 0.000000 0
3390 0.000000 0
3398 0.000000 0
3405 0.000000 0
3412 0.156331 0
3420 0.000000 0
3428 0.000000 0
3435 0.000000 0
3442 0.000000 0
3450 0.000000 0
3458 0.000000 0
3465 0.000000 0
3472 0.385094 0
3480 0.468019 0
3488 0.000000 0
3495 0.146602 0
3502 0.000000 0
3510 0.338753 0
3518 0.219863 0
3525 0.299968 0
3532 0.229739 0
3540 0.000000 0
3548 0.000000 0
3555 0.289401 0
3562 0.000000 0
3570 0.000000 0
3578 0.270103 0
3585 0.459968 0
3592 0.347587 0
3600 0.000000 0
3608 0.414814 0
3615 0.192831 0
3622 0.286801 0
3630 0.000000 0
3638 0.269810 0
3645 0.000000 0
3652 0.319330 0
3660 0.000000 0
3668 0.000000 0
3675 0.210420 0
3682 0.000000 0
3690 0.000000 0
3698 0.486615 0
3705 0.238657 0
3712 0.282909 0
3720 0.293753 0
3728 0.383831 0
3735 0.000000 0
3742 0.097478 0
3750 0.000000 0
3758 0.000000 0
3765 0.181643 0
3772 0.112018 0
3780 0.000000 0
3788 0.000000 0
3795 0.000000 0
3802 0.000000 0
3810 0.000000 0
3818 0.000000 0
3825 0.000000 0
3832 0.000000 0
3840 0.000000 0
3848 0.373285 0
3855 0.000000 0
3862 0.237654 0
3870 0.298853 0
3878 0.149119 0
3885 0.000000 0
3892 0.000000 0
3900 0.308687 0
3908 0.237112 0
3915 0.000000 0
3922 0.000000 0
3930 0.000000 0
3938 0.000000 0
3945 0.196316 0
3952 0.507776 0
3960 0.074926 0
3968 0.237910 0
3975 0.084521 0
3982 0.000000 0
3990 0.042653 0
3998 0.000000 0
4005 0.000000 0
4012 0.000000 0
4020 0.250746 0
4028 0.305580 0
4035 0.000000 0
4042 0.295649 0
4050 0.031227 0
4058 0.000000 0
4065 0.000000 0
4072 0.204716 0
4080 0.390475 0
4088 0.235309 0
4095 0.000000 0
4102 0.246696 0
4110 0.356205 0
4118 0.234623 0
4125 0.232155 0
4132 0.000000 0
4140 0.061253 0
4148 0.145912 0
4155 0.000000 0
4162 0.000000 0
4170 0.306382 0
4178 0.288399 0
4185 0.000000 0
4192 0.191938 0
4200 0.000000 0
4208 0.000000 0
4215 0.100717 0
4222 0.253879 0
4230 0.000000 0
4238 0.000000 0
4245 0.000000 0
4252 0.000000 0
4260 0.000000 0
4268 0.000000 0
4275 0.116916 0
4282 0.242093 0
4290 0.231811 0
4298 0.000000 0
4305 0.282050 0
4312 0.000000 0
4320 0.000000 0
4328 0.000000 0
4335 0.000000 0
4342 0.000000 0
4350 0.000000 0
4358 0.000000 0
4365 0.000000 0
4372 0.278873 0
4380 0.083651 0
4388 0.312699 0
4395 0.000000 0
4402 0.000000 0
4410 0.000000 0
4418 0.000000 0
4425 0.351623 0
4432 0.230585 0
4440 0.000000 0
4448 0.000000 0
4455 0.000000 0
4462 0.314472 0
4470 0.406867 0
4478 0.378242 0
4485 0.000000 0
4492 0.000000 0
4500 0.000000 0
4508 0.000000 0
4515 0.235836 0
4522 0.231590 0
4530 0.117573 0
4538 0.017885 0
4545 0.000000 0
4552 0.414765 0
4560 0.000000 0
4568 0.000000 0
4575 0.000000 0
4582 0.255342 0
4590 0.278716 0
4598 0.320774 0
4605 0.297643 0
4612 0.373844 0
4620 0.000000 0
4628 0.000000 0
4635 0.235409 0
4642 0.203775 0
4650 0.208379 0
4658 0.219141 0
4665 0.469675 0
4672 0.244178 0
4680 0.000000 0
4688 0.000000 0
4695 0.000000 0
4702 0.293951 0
4710 0.220968 0
4718 0.130752 0
4725 0.000000 0
4732 0.081786 0
4740 0.250958 0
4748 0.338113 0
4755 0.263917 0
4762 0.000000 0
4770 0.337206 0
4778 0.000000 0
4785 0.243208 0
4792 0.000000 0
4800 0.155005 0
4808 0.000000 0
4815 0.340589 0
4822 0.160838 0
4830 0.000000 0
4838 0.000000 0
4845 0.000000 0
4852 0.000000 0
4860 0.000000 0
4868 0.000000 0
4875 0.000000 0
4882 0.000000 0
4890 0.000000 0
4898 0.000000 0
4905 0.528126 0
4912 0.000000 0
4920 0.000000 0
4928 0.000000 0
4935 0.000000 0
4942 0.000000 0
4950 0.335172 0
4958 0.381938 0
4965 0.000000 0
4972 0.000000 0
4980 0.268133 0
4988 0.000000 0
4995 0.000000 0
5002 0.000000 0
5010 0.000000 0
5018 0.000000 0
5025 0.297403 0
5032 0.000000 0
5040 0.180501 0
5048 0.036564 0
5055 0.273283 0
5062 0.000000 0
5070 0.246049 0
5078 0.000000 0
5085 0.000000 0
5092 0.238562 0
5100 0.000000 0
5108 0.000000 0
5115 0.000000 0
5122 0.000000 0
5130 0.300283 0
5138 0.000000 0
5145 0.000000 0
5152 0.333202 0
5160 0.056323 0
5168 0.000000 0
5175 0.310733 0
5182 0.000000 0
5190 0.056450 0
5198 0.000000 0
5205 0.000000 0
5212 0.291100 0
5220 0.000000 0
5228 0.000000 0
5235 0.000000 0
5242 0.000000 0
5250 0.000000 0
5258 0.000000 0
5265 0.178433 0
5272 0.266657 0
5280 0.000000 0
5288 0.000000 0
5295 0.201626 0
5302 0.000000 0
5310 0.187439 0
5318 0.205877 0
5325 0.000000 0
5332 0.000000 0
5340 0.000000 0
5348 0.000000 0
5355 0.000000 0
5362 0.000000 0
5370 0.000000 0
5378 0.000000 0
5385 0.311897 0
5392 0.346714 0
5400 0.000000 0
5408 0.000000 0
5415 0.000000 0
5422 0.293849 0
5430 0.352914 0
5438 0.000000 0
5445 0.185576 0
5452 0.000000 0
5460 0.000000 0
5468 0.134273 0
5475 0.000000 0
5482 0.164835 0
5490 0.000000 0
5498 0.210317 0
5505 0.362481 0
5512 0.000000 0
5520 0.142428 0
5528 0.232254 0
5535 0.000000 0
5542 0.231452 0
5550 0.000000 0
5558 0.000000 0
5565 0.190572 0
5572 0.180579 0
5580 0.429910 0
5588 0.275889 0
5595 0.000000 0
5602 0.000000 0
5610 0.227414 0
5618 0.398576 0
5625 0.158613 0
5632 0.298880 0
5640 0.000000 0
5648 0.131729 0
5655 0.223554 0
5662 0.000000 0
5670 0.102153 0
5678 0.212326 0
5685 0.000000 0
5692 0.000000 0
5700 0.000000 0
5708 0.000000 0
5715 0.000000 0
5722 0.335339 0
5730 0.146670 0
5738 0.000000 0
5745 0.276617 0
5752 0.312345 0
5760 0.143336 0
5768 0.000000 0
5775 0.000000 0
5782 0.034631 0
5790 0.000000 0
5798 0.321719 0
5805 0.068369 0
5812 0.288834 0
5820 0.000000 0
5828 0.000000 0
5835 0.000000 0
5842 0.000000 0
5850 0.179692 0
5858 0.286648 0
5865 0.000000 0
5872 0.298336 0
5880 0.000000 0
5888 0.321471 0
5895 0.000000 0
5902 0.000000 0
5910 0.000000 0
5918 0.000000 0
5925 0.093586 0
5932 0.445902 0
5940 0.131394 0
5948 0.000000 0
5955 0.091536 0
5962 0.213938 0
5970 0.000000 0
5978 0.118161 0
5985 0.000000 0
5992 0.000000 0
6000 0.000000 0
6008 0.000000 0
6015 0.411458 0
6022 0.397314 0
6030 0.000000 0
6038 0.000000 0
6045 0.000000 0
6052 0.260715 0
6060 0.000000 0
6068 0.000000 0
6075 0.000000 0
6082 0.351106 0
6090 0.259518 0
6098 0.000000 0
6105 0.178930 0
6112 0.176043 0
6120 0.000000 0
6128 0.220429 0
6135 0.000000 0
6142 0.306445 0
6150 0.189706 0
6158 0.000000 0
6165 0.000000 0
6172 0.352226 0
6180 0.000000 0
6188 0.000000 0
6195 0.000000 0
6202 0.204587 0
6210 0.144630 0
6218 0.163879 0
6225 0.269571 0
6232 0.000000 0
6240 0.217395 0
6248 0.379876 0
6255 0.000000 0
6262 0.242378 0
6270 0.000000 0
6278 0.000000 0
6285 0.207052 0
6292 0.320241 0
6300 0.000000 0
6308 0.000000 0
6315 0.000000 0
6322 0.000000 0
6330 0.000000 0
6338 0.563190 0
6345 0.000000 0
6352 0.000000 0
6360 0.000000 0
6368 0.356852 0
6375 0.078225 0
6382 0.251146 0
6390 0.236530 0
6398 0.000000 0
6405 0.306611 0
6412 0.000000 0
6420 0.000000 0
6428 0.214592 0
6435 0.184055 0
6442 0.000000 0
6450 0.091698 0
6458 0.000000 0
6465 0.174978 0
6472 0.000000 0
6480 0.000000 0
6488 0.329849 0
6495 0.255614 0
6502 0.000000 0
6510 0.000000 0
6518 0.000000 0
6525 0.086024 0
6532 0.000000 0
6540 0.212883 0
6548 0.000000 0
6555 0.045729 0
6562 0.108420 0
6570 0.352696 0
6578 0.219453 0
6585 0.322947 0
6592 0.000000 0
6600 0.000000 0
6608 0.178875 0
6615 0.198396 0
6622 0.177837 0
6630 0.000000 0
6638 0.072514 0
6645 0.034618 0
6652 0.201951 0
6660 0.286555 0
6668 0.000000 0
6675 0.000000 0
6682 0.000000 0
6690 0.294479 0
6698 0.383936 0
6705 0.379558 0
6712 0.000000 0
6720 0.000000 0
6728 0.000000 0
6735 0.000000 0
6742 0.000000 0
6750 0.000000 0
6758 0.000000 0
6765 0.159596 0
6772 0.000000 0
6780 0.000000 0
6788 0.000000 0
6795 0.157934 0
6802 0.000000 0
6810 0.000000 0
6818 0.226014 0
6825 0.163431 0
6832 0.038825 0
6840 0.055410 0
6848 0.000000 0
6855 0.317895 0
6862 0.180982 0
6870 0.103620 0
6878 0.000000 0
6885 0.283445 0
6892 0.117987 0
6900 0.000000 0
6908 0.180679 0
6915 0.370530 0
6922 0.402565 0
6930 0.000000 0
6938 0.000000 0
6945 0.035309 0
6952 0.105960 0
6960 0.377402 0
6968 0.118999 0
6975 0.238336 0
6982 0.264037 0
6990 0.000000 0
6998 0.170625 0
7005 0.329171 0
7012 0.202650 0
7020 0.000000 0
7028 0.000000 0
7035 0.000000 0
7042 0.000000 0
7050 0.265726 0
7058 0.000000 0
7065 0.308180 0
7072 0.248655 0
7080 0.168387 0
7088 0.000000 0
7095 0.218855 0
7102 0.000000 0
7110 0.000000 0
7118 0.250180 0
7125 0.000000 0
7132 0.108276 0
7140 0.398425 0
7148 0.327285 0
7155 0.000000 0
7162 0.000000 0
7170 0.000000 0
7178 0.000000 0
7185 0.432284 0
7192 0.243976 0
7200 0.000000 0
7208 0.000000 0
7215 0.205953 0
7222 0.219459 0
7230 0.000000 0
7238 0.183478 0
7245 0.000000 0
7252 0.000000 0
7260 0.000000 0
7268 0.000000 0
7275 0.177186 0
7282 0.000000 0
7290 0.000000 0
7298 0.225113 0
7305 0.316727 0
7312 0.000000 0
7320 0.178646 0
7328 0.000000 0
7335 0.175065 0
7342 0.220828 0
7350 0.000000 0
7358 0.000000 0
7365 0.000000 0
7372 0.000000 0
7380 0.196402 0
7388 0.000000 0
7395 0.181855 0
7402 0.271399 0
7410 0.000000 0
7418 0.159598 0
7425 0.000000 0
7432 0.000000 0
7440 0.181905 0
7448 0.000000 0
7455 0.000000 0
7462 0.200450 0
7470 0.153321 0
7478 0.318646 0
7485 0.386726 0
7492 0.375933 0
7500 0.239996 0
7508 0.000000 0
7515 0.000000 0
7522 0.440079 0
7530 0.000000 0
7538 0.000000 0
7545 0.203833 0
7552 0.290899 0
7560 0.222425 0
7568 0.000000 0
7575 0.000000 0
7582 0.000000 0
7590 0.339740 0
7598 0.000000 0
7605 0.261643 0
7612 0.000000 0
7620 0.000000 0
7628 0.205236 0
7635 0.351055 0
7642 0.400833 0
7650 0.267039 0
7658 0.000000 0
7665 0.000000 0
7672 0.108332 0
7680 0.000000 0
7688 0.126784 0
7695 0.254133 0
7702 0.000000 0
7710 0.566435 0
7718 0.792954 0
7725 0.000000 0
7732 0.000000 0
7740 0.000000 0
7748 0.000000 0
7755 0.000000 0
7762 0.000000 0
7770 0.413605 0
7778 0.000000 0
7785 0.000000 0
7792 0.000000 0
7800 0.329820 0
7808 0.396009 0
7815 0.212267 0
7822 0.000000 0
7830 0.000000 0
7838 0.000000 0
7845 0.000000 0
7852 0.296539 0
7860 0.527003 0
7868 0.000000 0
7875 0.000000 0
7882 0.000000 0
7890 0.000000 0
7898 0.000000 0
7905 0.000000 0
7912 0.000000 0
7920 0.182783 0
7928 0.298254 0
7935 0.460110 0
7942 0.000000 0
7950 0.542848 0
7958 0.916445 0
7965 0.572369 0
7972 0.092660 0
7980 0.365128 0
7988 0.000000 0
7995 0.000000 0
8002 0.000000 0
8010 0.000000 0
8018 0.000000 0
8025 0.000000 0
8032 0.313536 0
8040 0.000000 0
8048 0.000000 0
8055 0.000000 0
8062 0.000000 0
8070 0.000000 0
8078 0.000000 0
8085 0.000000 0
8092 0.257178 0
8100 0.000000 0
8108 0.000000 0
8115 0.000000 0
8122 0.000000 0
8130 0.176891 0
8138 0.000000 0
8145 0.201309 0
8152 0.000000 0
8160 0.215457 0
8168 0.000000 0
8175 0.000000 0
8182 0.000000 0
8190 0.532052 0
8198 0.773565 0
8205 0.000000 0
8212 0.000000 0
8220 0.000000 0
8228 0.000000 0
8235 0.000000 0
8242 0.000000 0
8250 0.000000 0
8258 0.000000 0
8265 0.000000 0
8272 0.000000 0
8280 0.000000 0
8288 0.350835 0
8295 0.000000 0
8302 0.000000 0
8310 0.128339 0
8318 0.000000 0
8325 0.000000 0
8332 0.371623 0
8340 0.000000 0
8348 0.000000 0
8355 0.000000 0
8362 0.068430 0
8370 0.000000 0
8378 0.201161 0
8385 0.346915 0
8392 0.148618 0
8400 0.000000 0
8408 0.000000 0
8415 0.000000 0
8422 0.000000 0
8430 0.000000 0
8438 0.000000 0
8445 0.000000 0
8452 0.000000 0
8460 0.000000 0
8468 0.000000 0
8475 0.000000 0
8482 0.000000 0
8490 0.000000 0
8498 0.000000 0
8505 0.129800 0
8512 0.000000 0
8520 0.000000 0
8528 0.000000 0
8535 0.000000 0
8542 0.332456 0
8550 0.000000 0
8558 0.000000 0
8565 0.000000 0
8572 0.000000 0
8580 0.314047 0
8588 0.000000 0
8595 0.000000 0
8602 0.386146 0
8610 0.000000 0
8618 0.000000 0
8625 0.238776 0
8632 0.312286 0
8640 0.066273 0
8648 0.000000 0
8655 0.000000 0
8662 1.000000 0
8670 1.000000 0
8678 0.701408 0
8685 0.000000 0
8692 0.000000 0
8700 0.000000 0
8708 0.000000 0
8715 0.181533 0
8722 0.000000 0
8730 0.148197 0
8738 0.268014 0
8745 0.000000 0
8752 0.000000 0
8760 0.000000 0
8768 0.116311 0
8775 0.000000 0
8782 0.041985 0
8790 0.192684 0
8798 0.000000 0
8805 0.000000 0
8812 0.000000 0
8820 0.000000 0
8828 0.000000 0
8835 0.143940 0
8842 0.000000 0
8850 0.208033 0
8858 0.000000 0
8865 0.000000 0
8872 0.000000 0
8880 0.000000 0
8888 0.328140 0
8895 0.000000 0
8902 0.856930 0
8910 1.000000 0
8918 0.543832 0
8925 0.123068 0
8932 0.000000 0
8940 0.000000 0
8948 0.000000 0
8955 0.000000 0
8962 0.000000 0
8970 0.000000 0
8978 0.273924 0
8985 0.000000 0
8992 0.000000 0
9000 0.000000 0
9008 0.000000 0
9015 0.000000 0
9022 0.140661 0
9030 0.000000 0
9038 0.000000 0
9045 0.000000 0
9052 0.000000 0
9060 0.000000 0
9068 0.000000 0
9075 0.392542 0
9082 0.000000 0
9090 0.035645 0
9098 0.000000 0
9105 0.000000 0
9112 0.157633 0
9120 0.000000 0
9128 0.000000 0
9135 0.000000 0
9142 0.772406 0
9150 0.810131 0
9158 0.000000 0
9165 0.000000 0
9172 0.000000 0
9180 0.000000 0
9188 0.000000 0
9195 0.000000 0
9202 0.000000 0
9210 0.000000 0
9218 0.000000 0
9225 0.000000 0
9232 0.177641 0
9240 0.000000 0
9248 0.000000 0
9255 0.000000 0
9262 0.000000 0
9270 0.000000 0
9278 0.000000 0
9285 0.403710 0
9292 0.227437 0
9300 0.000000 0
9308 0.000000 0
9315 0.147573 0
9322 0.264026 0
9330 0.166558 0
9338 0.000000 0
9345 0.000000 0
9352 0.000000 0
9360 0.209717 0
9368 0.000000 0
9375 0.235485 0
9382 1.000000 0
9390 0.979000 0
9398 0.509816 0
9405 0.000000 0
9412 0.000000 0
9420 0.000000 0
9428 0.000000 0
9435 0.000000 0
9442 0.000000 0
9450 0.000000 0
9458 0.000000 0
9465 0.000000 0
9472 0.000000 0
9480 0.000000 0
9488 0.000000 0
9495 0.000000 0
9502 0.000000 0
9510 0.202464 0
9518 0.263104 0
9525 0.146174 0
9532 0.020636 0
9540 0.006065 0
9548 0.000000 0
9555 0.000000 0
9562 0.000000 0
9570 0.000000 0
9578 0.000000 0
9585 0.000000 0
9592 0.000000 0
9600 0.119959 0
9608 0.000000 0
9615 0.537451 0
9622 1.000000 0
9630 0.706182 0
9638 0.000000 0
9645 0.000000 0
9652 0.000000 0
9660 0.000000 0
9668 0.294823 0
9675 0.000000 0
9682 0.000000 0
9690 0.000000 0
9698 0.000000 0
9705 0.181889 0
9712 0.000000 0
9720 0.000000 0
9728 0.138851 0
9735 0.087304 0
9742 0.000000 0
9750 0.000000 0
9758 0.092585 0
9765 0.000000 0
9772 0.000000 0
9780 0.000000 0
9788 0.000000 0
9795 0.000000 0
9802 0.000000 0
9810 0.000000 0
9818 0.000000 0
9825 0.000000 0
9832 0.067426 0
9840 0.194688 0
9848 0.000000 0
9855 0.506899 0
9862 0.989214 0
9870 0.786375 0
9878 0.322836 0
9885 0.000000 0
9892 0.000000 0
9900 0.000000 0
9908 0.000000 0
9915 0.000000 0
9922 0.000000 0
9930 0.000000 0
9938 0.000000 0
9945 0.000000 0
9952 0.000000 0
9960 0.000000 0
9968 0.000000 0
9975 0.000000 0
9982 0.000000 0
9990 0.000000 0
9998 0.000000 0
10005 0.370133 0
10012 0.053161 0
10020 0.000000 0
10028 0.000000 0
10035 0.047092 0
10042 0.000000 0
10050 0.000000 0
10058 0.000000 0
10065 0.171574 0
10072 0.000000 0
10080 0.000000 0
10088 0.000000 0
10095 0.635922 0
10102 0.821535 0
10110 0.107750 0
10118 0.000000 0
10125 0.000000 0
10132 0.000000 0
10140 0.000000 0
10148 0.000000 0
10155 0.000000 0
10162 0.000000 0
10170 0.000000 0
10178 0.000000 0
10185 0.000000 0
10192 0.000000 0
10200 0.000000 0
10208 0.000000 0
10215 0.166715 0
10222 0.000000 0
10230 0.335289 0
10238 0.142496 0
10245 0.136243 0
10252 0.000000 0
10260 0.148304 0
10268 0.329883 0
10275 0.000000 0
10282 0.000000 0
10290 0.000000 0
10298 0.000000 0
10305 0.000000 0
10312 0.190892 0
10320 0.000000 0
10328 0.368367 0
10335 1.000000 0
10342 0.880571 0
10350 0.366653 0
10358 0.000000 0
10365 0.000000 0
10372 0.389139 0
10380 0.000000 0
10388 0.000000 0
10395 0.113230 0
10402 0.000000 0
10410 0.124597 0
10418 0.000000 0
10425 0.000000 0
10432 0.000000 0
10440 0.160341 0
10448 0.000000 0
10455 0.000000 0
10462 0.000000 0
10470 0.000000 0
10478 0.000000 0
10485 0.000000 0
10492 0.432126 0
10500 0.433662 0
10508 0.000000 0
10515 0.000000 0
10522 0.235057 0
10530 0.000000 0
10538 0.000000 0
10545 0.000000 0
10552 0.000000 0
10560 0.264442 0
10568 0.187308 0
10575 0.226064 0
10582 0.000000 0
10590 0.000000 0
10598 0.000000 0
10605 0.000000 0
10612 0.222401 0
10620 0.284923 0
10628 0.000000 0
10635 0.000000 0
10642 0.000000 0
10650 0.000000 0
10658 0.000000 0
10665 0.218410 0
10672 0.253066 0
10680 0.000000 0
10688 0.000000 0
10695 0.000000 0
10702 0.000000 0
10710 0.274645 0
10718 0.000000 0
10725 0.000000 0
10732 0.156110 0
10740 0.000000 0
10748 0.000000 0
10755 0.000000 0
10762 0.000000 0
10770 0.000000 0
10778 0.000000 0
10785 0.000000 0
10792 0.000000 0
10800 0.000000 0
10808 1.000000 0
10815 1.000000 0
10822 0.866249 0
10830 0.444165 0
10838 0.165914 0
10845 0.000000 0
10852 0.000000 0
10860 0.000000 0
10868 0.000000 0
10875 0.000000 0
10882 0.000000 0
10890 0.000000 0
10898 0.000000 0
10905 0.221440 0
10912 0.159903 0
10920 0.000000 0
10928 0.000000 0
10935 0.000000 0
10942 0.000000 0
10950 0.000000 0
10958 0.000000 0
10965 0.000000 0
10972 0.000000 0
10980 0.000000 0
10988 0.088384 0
10995 0.000000 0
11002 0.000000 0
11010 0.000000 0
11018 0.000000 0
11025 0.000000 0
11032 0.000000 0
11040 0.296752 0
11048 1.000000 0
11055 0.859031 0
11062 0.000000 0
11070 0.000000 0
11078 0.000000 0
11085 0.000000 0
11092 0.000000 0
11100 0.000000 0
11108 0.000000 0
11115 0.000000 0
11122 0.000000 0
11130 0.000000 0
11138 0.000000 0
11145 0.000000 0
11152 0.000000 0
11160 0.115106 0
11168 0.000000 0
11175 0.000000 0
11182 0.396803 0
11190 0.000000 0
11198 0.000000 0
11205 0.000000 0
11212 0.000000 0
11220 0.000000 0
11228 0.383309 0
11235 0.000000 0
11242 0.000000 0
11250 0.000000 0
11258 0.000000 0
11265 0.275519 0
11272 0.000000 0
11280 0.250610 0
11288 1.000000 0
11295 0.946863 0
11302 0.425344 0
11310 0.000000 0
11318 0.000000 0
11325 0.000000 0
11332 0.000000 0
11340 0.000000 0
11348 0.000000 0
11355 0.000000 0
11362 0.000000 0
11370 0.000000 0
11378 0.000000 0
11385 0.000000 0
11392 0.000000 0
11400 0.000000 0
11408 0.000000 0
11415 0.000000 0
11422 0.000000 0
11430 0.000000 0
11438 0.000000 0
11445 0.000000 0
11452 0.000000 0
11460 0.000000 0
11468 0.000000 0
11475 0.000000 0
11482 0.000000 0
11490 0.000000 0
11498 0.000000 0
11505 0.221356 0
11512 0.000000 0
11520 0.480917 0
11528 1.000000 0
11535 0.765600 0
11542 0.000000 0
11550 0.000000 0
11558 0.000000 0
11565 0.000000 0
11572 0.000000 0
11580 0.000000 0
11588 0.000000 0
11595 0.000000 0
11602 0.059685 0
11610 0.000000 0
11618 0.264140 0
11625 0.000000 0
11632 0.000000 0
11640 0.000000 0
11648 0.000000 0
11655 0.000000 0
11662 0.000000 0
11670 0.000000 0
11678 0.000000 0
11685 0.000000 0
11692 0.089738 0
11700 0.000000 0
11708 0.237651 0
11715 0.293634 0
11722 0.000000 0
11730 0.000000 0
11738 0.000000 0
11745 0.144815 0
11752 0.000000 0
11760 0.660780 0
11768 1.000000 0
11775 0.740965 0
11782 0.413586 0
11790 0.000000 0
11798 0.000000 0
11805 0.000000 0
11812 0.256375 0
11820 0.000000 0
11828 0.000000 0
11835 0.000000 0
11842 0.000000 0
11850 0.000000 0
11858 0.236290 0
11865 0.000000 0
11872 0.000000 0
11880 0.000000 0
11888 0.000000 0
11895 0.000000 0
11902 0.000000 0
11910 0.000000 0
11918 0.000000 0
11925 0.000000 0
11932 0.000000 0
11940 0.000000 0
11948 0.000000 0
11955 0.095603 0
11962 0.157634 0
11970 0.000000 0
11978 0.000000 0
11985 0.000000 0
11992 0.000000 0
12000 0.698834 0
12008 0.913309 0
12015 0.000000 0
12022 0.000000 0
12030 0.000000 0
12038 0.000000 0
12045 0.000000 0
12052 0.000000 0
12060 0.000000 0
12068 0.000000 0
12075 0.000000 0
12082 0.000000 0
12090 0.000000 0
12098 0.000000 0
12105 0.000000 0
12112 0.000000 0
12120 0.000000 0
12128 0.000000 0
12135 0.000000 0
12142 0.206561 0
12150 0.000000 0
12158 0.000000 0
12165 0.000000 0
12172 0.000000 0
12180 0.000000 0
12188 0.504305 0
12195 0.296502 0
12202 0.000000 0
12210 0.000000 0
12218 0.000000 0
12225 0.000000 0
12232 0.000000 0
12240 0.000000 0
12248 0.000000 0
12255 0.000000 0
12262 0.000000 0
12270 0.000000 0
12278 0.000000 0
12285 0.000000 0
12292 0.255987 0
12300 0.000000 0
12308 0.000000 0
12315 0.000000 0
12322 0.000000 0
12330 0.000000 0
12338 0.285054 0
12345 0.000000 0
12352 0.000000 0
12360 0.000000 0
12368 0.000000 0
12375 0.000000 0
12382 0.000000 0
12390 0.276226 0
12398 0.000000 0
12405 0.000000 0
12412 0.000000 0
12420 0.000000 0
12428 0.000000 0
12435 0.000000 0
12442 0.000000 0
12450 0.000000 0
12458 0.000000 0
12465 0.379090 0
12472 1.000000 0
12480 1.000000 0
12488 0.797105 0
12495 0.000000 0
12502 0.000000 0
12510 0.000000 0
12518 0.000000 0
12525 0.168339 0
12532 0.221773 0
12540 0.000000 0
12548 0.000000 0
12555 0.154982 0
12562 0.000000 0
12570 0.000000 0
12578 0.000000 0
12585 0.000000 0
12592 0.000000 0
12600 0.000000 0
12608 0.000000 0
12615 0.428968 0
12622 0.000000 0
12630 0.000000 0
12638 0.000000 0
12645 0.125111 0
12652 0.000000 0
12660 0.241746 0
12668 0.000000 0
12675 0.353847 0
12682 0.000000 0
12690 0.000000 0
12698 0.000000 0
12705 0.000000 0
12712 0.952758 0
12720 1.000000 0
12728 0.675890 0
12735 0.000000 0
12742 0.000000 0
12750 0.000000 0
12758 0.000000 0
12765 0.000000 0
12772 0.000000 0
12780 0.000000 0
12788 0.000000 0
12795 0.000000 0
12802 0.000000 0
12810 0.000000 0
12818 0.000000 0
12825 0.142804 0
12832 0.000000 0
12840 0.000000 0
12848 0.000000 0
12855 0.000000 0
12862 0.000000 0
12870 0.000000 0
12878 0.000000 0
12885 0.270333 0
12892 0.000000 0
12900 0.000000 0
12908 0.000000 0
12915 0.000000 0
12922 0.000000 0
12930 0.000000 0
12938 0.000000 0
12945 0.000000 0
12952 0.977182 0
12960 1.000000 0
12968 0.000000 0
12975 0.000000 0
12982 0.000000 0
12990 0.000000 0
12998 0.218388 0
13005 0.000000 0
13012 0.000000 0
13020 0.433029 0
13028 0.000000 0
13035 0.000000 0
13042 0.000000 0
13050 0.000000 0
13058 0.000000 0
13065 0.000000 0
13072 0.000000 0
13080 0.000000 0
13088 0.322699 0
13095 0.000000 0
13102 0.000000 0
13110 0.216409 0
13118 0.154012 0
13125 0.000000 0
13132 0.000000 0
13140 0.000000 0
13148 0.385764 0
13155 0.000000 0
13162 0.000000 0
13170 0.000000 0
13178 0.000000 0
13185 0.457481 0
13192 1.000000 0
13200 0.968509 0
13208 0.518586 0
13215 0.000000 0
13222 0.000000 0
13230 0.000000 0
13238 0.000000 0
13245 0.000000 0
13252 0.000000 0
13260 0.000000 0
13268 0.000000 0
13275 0.000000 0
13282 0.000000 0
13290 0.000000 0
13298 0.289849 0
13305 0.000000 0
13312 0.000000 0
13320 0.000000 0
13328 0.000000 0
13335 0.000000 0
13342 0.000000 0
13350 0.000000 0
13358 0.000000 0
13365 0.000000 0
13372 0.307122 0
13380 0.000000 0
13388 0.000000 0
13395 0.000000 0
13402 0.000000 0
13410 0.000000 0
13418 0.000000 0
13425 0.517886 0
13432 1.000000 0
13440 0.707913 0
13448 0.000000 0
13455 0.000000 0
13462 0.000000 0
13470 0.000000 0
13478 0.000000 0
13485 0.000000 0
13492 0.000000 0
13500 0.000000 0
13508 0.000000 0
13515 0.218413 0
13522 0.000000 0
13530 0.000000 0
13538 0.000000 0
13545 0.000000 0
13552 0.000000 0
13560 0.000000 0
13568 0.000000 0
13575 0.000000 0
13582 0.000000 0
13590 0.000000 0
13598 0.000000 0
13605 0.278279 0
13612 0.000000 0
13620 0.235254 0
13628 0.000000 0
13635 0.000000 0
13642 0.000000 0
13650 0.000000 0
13658 0.000000 0
13665 0.635961 0
13672 1.000000 0
13680 0.803703 0
13688 0.204698 0
13695 0.107696 0
13702 0.000000 0
13710 0.000000 0
13718 0.000000 0
13725 0.000000 0
13732 0.000000 0
13740 0.000000 0
13748 0.000000 0
13755 0.000000 0
13762 0.000000 0
13770 0.145092 0
13778 0.000000 0
13785 0.000000 0
13792 0.000000 0
13800 0.000000 0
13808 0.128751 0
13815 0.000000 0
13822 0.000000 0
13830 0.000000 0
13838 0.000000 0
13845 0.000000 0
13852 0.000000 0
13860 0.000000 0
13868 0.000000 0
13875 0.000000 0
13882 0.000000 0
13890 0.000000 0
13898 0.277303 0
13905 0.732298 0
13912 0.837804 0
13920 0.000000 0
13928 0.000000 0
13935 0.000000 0
13942 0.000000 0
13950 0.000000 0
13958 0.267447 0
13965 0.000000 0
13972 0.000000 0
13980 0.000000 0
13988 0.000000 0
13995 0.331384 0
14002 0.000000 0
14010 0.000000 0
14018 0.000000 0
14025 0.298637 0
14032 0.220559 0
14040 0.000000 0
14048 0.000000 0
14055 0.000000 0
14062 0.232396 0
14070 0.277804 0
14078 0.373755 0
14085 0.000000 0
14092 0.000000 0
14100 0.343313 0
14108 0.000000 0
14115 0.143893 0
14122 0.066943 0
14130 0.000000 0
14138 0.000000 0
14145 0.883545 0
14152 1.000000 0
14160 0.532978 0
14168 0.000000 0
14175 0.000000 0
14182 0.000000 0
14190 0.000000 0
14198 0.000000 0
14205 0.000000 0
14212 0.000000 0
14220 0.000000 0
14228 0.284449 0
14235 0.000000 0
14242 0.000000 0
14250 0.000000 0
14258 0.000000 0
14265 0.000000 0
14272 0.380404 0
14280 0.000000 0
14288 0.000000 0
14295 0.000000 0
14302 0.369743 0
14310 0.330015 0
14318 0.000000 0
14325 0.198608 0
14332 0.000000 0
14340 0.191643 0
14348 0.000000 0
14355 0.000000 0
14362 0.325782 0
14370 0.376646 0
14378 0.000000 0
14385 0.000000 0
14392 0.000000 0
14400 0.000000 0
14408 0.000000 0
14415 0.000000 0
14422 0.150357 0
14430 0.000000 0
14438 0.285806 0
14445 0.000000 0
14452 0.000000 0
14460 0.307467 0
14468 0.285700 0
14475 0.000000 0
14482 0.000000 0
14490 0.000000 0
14498 0.179040 0
14505 0.000000 0
14512 0.000000 0
14520 0.240374 0
14528 0.000000 0
14535 0.000000 0
14542 0.000000 0
14550 0.000000 0
14558 0.000000 0
14565 0.000000 0
14572 0.139656 0
14580 0.000000 0
14588 0.000000 0
14595 0.000000 0
14602 0.000000 0
14610 0.405264 0
14618 1.000000 0
14625 1.000000 0
14632 0.695345 0
14640 0.000000 0
14648 0.000000 0
14655 0.000000 0
14662 0.000000 0
14670 0.000000 0
14678 0.000000 0
14685 0.000000 0
14692 0.000000 0
14700 0.000000 0
14708 0.000000 0
14715 0.000000 0
14722 0.000000 0
14730 0.000000 0
14738 0.000000 0
14745 0.000000 0
14752 0.000000 0
14760 0.000000 0
14768 0.000000 0
14775 0.000000 0
14782 0.000000 0
14790 0.297883 0
14798 0.125792 0
14805 0.000000 0
14812 0.141635 0
14820 0.000000 0
14828 0.000000 0
14835 0.000000 0
14842 0.000000 0
14850 0.000000 0
14858 0.971148 0
14865 0.979305 0
14872 0.000000 0
14880 0.000000 0
14888 0.000000 0
14895 0.000000 0
14902 0.000000 0
14910 0.000000 0
14918 0.134453 0
14925 0.000000 0
14932 0.000000 0
14940 0.000000 0
14948 0.000000 0
14955 0.000000 0
14962 0.000000 0
14970 0.000000 0
14978 0.000000 0
14985 0.170462 0
14992 0.121879 0
15000 0.186864 0
15008 0.000000 0
15015 0.000000 0
15022 0.135988 0
15030 0.000000 0
15038 0.000000 0
15045 0.158158 0
15052 0.000000 0
15060 0.000000 0
15068 0.000000 0
15075 0.000000 0
15082 0.000000 0
15090 0.618531 0
15098 0.989662 0
15105 0.901367 0
15112 0.412742 0
15120 0.094795 0
15128 0.000000 0
15135 0.000000 0
15142 0.316011 0
15150 0.000000 0
15158 0.000000 0
15165 0.000000 0
15172 0.000000 0
15180 0.000000 0
15188 0.000000 0
15195 0.000000 0
15202 0.373361 0
15210 0.000000 0
15218 0.000000 0
15225 0.172564 0
15232 0.000000 0
15240 0.000000 0
15248 0.000000 0
15255 0.000000 0
15262 0.214331 0
15270 0.000000 0
15278 0.000000 0
15285 0.000000 0
15292 0.000000 0
15300 0.000000 0
15308 0.000000 0
15315 0.000000 0
15322 0.000000 0
15330 0.413206 0
15338 0.977509 0
15345 0.642279 0
15352 0.000000 0
15360 0.000000 0
15368 0.000000 0
15375 0.000000 0
15382 0.000000 0
15390 0.239133 0
15398 0.358709 0
15405 0.000000 0
15412 0.000000 0
15420 0.000000 0
15428 0.098303 0
15435 0.000000 0
15442 0.000000 0
15450 0.000000 0
15458 0.000000 0
15465 0.000000 0
15472 0.258617 0
15480 0.324881 0
15488 0.000000 0
15495 0.000000 0
15502 0.000000 0
15510 0.000000 0
15518 0.187998 0
15525 0.424338 0
15532 0.000000 0
15540 0.000000 0
15548 0.217926 0
15555 0.000000 0
15562 0.000000 0
15570 0.860280 0
15578 1.000000 0
15585 0.542380 0
15592 0.197872 0
15600 0.000000 0
15608 0.000000 0
15615 0.000000 0
15622 0.204649 0
15630 0.000000 0
15638 0.000000 0
15645 0.000000 0
15652 0.000000 0
15660 0.000000 0
15668 0.349842 0
15675 0.000000 0
15682 0.000000 0
15690 0.281492 0
15698 0.000000 0
15705 0.000000 0
15712 0.000000 0
15720 0.258825 0
15728 0.000000 0
15735 0.000000 0
15742 0.000000 0
15750 0.000000 0
15758 0.000000 0
15765 0.000000 0
15772 0.000000 0
15780 0.000000 0
15788 0.000000 0
15795 0.000000 0
15802 0.000000 0
15810 0.769099 0
15818 0.894442 0
15825 0.043103 0
15832 0.000000 0
15840 0.000000 0
15848 0.000000 0
15855 0.000000 0
15862 0.000000 0
15870 0.154634 0
15878 0.000000 0
15885 0.000000 0
15892 0.000000 0
15900 0.000000 0
15908 0.000000 0
15915 0.000000 0
15922 0.000000 0
15930 0.000000 0
15938 0.000000 0
15945 0.000000 0
15952 0.000000 0
15960 0.000000 0
15968 0.000000 0
15975 0.000000 0
15982 0.206207 0
15990 0.000000 0
15998 0.218639 0
16005 0.000000 0
16012 0.000000 0
16020 0.000000 0
16028 0.257992 0
16035 0.000000 0
16042 0.000000 0
16050 0.000000 0
16058 0.000000 0
16065 0.000000 0
16072 0.000000 0
16080 0.000000 0
16088 0.000000 0
16095 0.108765 0
16102 0.046196 0
16110 0.000000 0
16118 0.000000 0
16125 0.000000 0
16132 0.000000 0
16140 0.000000 0
16148 0.000000 0
16155 0.000000 0
16162 0.000000 0
16170 0.180236 0
16178 0.000000 0
16185 0.000000 0
16192 0.000000 0
16200 0.119567 0
16208 0.000000 0
16215 0.117900 0
16222 0.000000 0
16230 0.000000 0
16238 0.000000 0
16245 0.000000 0
16252 0.000000 0
16260 0.000000 0
16268 0.000000 0
16275 0.000000 0
16282 1.000000 0
16290 1.000000 0
16298 0.578220 0
16305 0.000000 0
16312 0.000000 0
16320 0.000000 0
16328 0.000000 0
16335 0.372219 0
16342 0.284523 0
16350 0.000000 0
16358 0.000000 0
16365 0.000000 0
16372 0.000000 0
16380 0.000000 0
16388 0.000000 0
16395 0.000000 0
16402 0.000000 0
16410 0.126483 0
16418 0.000000 0
16425 0.159816 0
16432 0.000000 0
16440 0.000000 0
16448 0.000000 0
16455 0.000000 0
16462 0.277978 0
16470 0.278132 0
16478 0.000000 0
16485 0.000000 0
16492 0.000000 0
16500 0.230859 0
16508 0.000000 0
16515 0.199655 0
16522 0.985410 0
16530 1.000000 0
16538 0.587018 0
16545 0.000000 0
16552 0.000000 0
16560 0.000000 0
16568 0.000000 0
16575 0.000000 0
16582 0.000000 0
16590 0.000000 0
16598 0.000000 0
16605 0.000000 0
16612 0.000000 0
16620 0.000000 0
16628 0.000000 0
16635 0.000000 0
16642 0.269136 0
16650 0.258929 0
16658 0.000000 0
16665 0.000000 0
16672 0.000000 0
16680 0.000000 0
16688 0.108376 0
16695 0.000000 0
16702 0.163383 0
16710 0.000000 0
16718 0.000000 0
16725 0.000000 0
16732 0.182886 0
16740 0.000000 0
16748 0.000000 0
16755 0.361250 0
16762 0.962151 0
16770 0.903035 0
16778 0.000000 0
16785 0.000000 0
16792 0.000000 0
16800 0.000000 0
16808 0.000000 0
16815 0.000000 0
16822 0.000000 0
16830 0.000000 0
16838 0.000000 0
16845 0.000000 0
16852 0.000000 0
16860 0.000000 0
16868 0.000000 0
16875 0.000000 0
16882 0.000000 0
16890 0.000000 0
16898 0.000000 0
16905 0.227677 0
16912 0.000000 0
16920 0.076414 0
16928 0.252377 0
16935 0.000000 0
16942 0.201971 0
16950 0.000000 0
16958 0.000000 0
16965 0.000000 0
16972 0.289673 0
16980 0.000000 0
16988 0.000000 0
16995 0.506559 0
17002 1.000000 0
17010 0.940250 0
17018 0.226134 0
17025 0.000000 0
17032 0.000000 0
17040 0.000000 0
17048 0.153666 0
17055 0.262166 0
17062 0.000000 0
17070 0.000000 0
17078 0.000000 0
17085 0.000000 0
17092 0.000000 0
17100 0.000000 0
17108 0.000000 0
17115 0.000000 0
17122 0.171487 0
17130 0.000000 0
17138 0.178609 0
17145 0.000000 0
17152 0.000000 0
17160 0.000000 0
17168 0.000000 0
17175 0.000000 0
17182 0.000000 0
17190 0.070429 0
17198 0.000000 0
17205 0.000000 0
17212 0.000000 0
17220 0.000000 0
17228 0.000000 0
17235 0.530605 0
17242 1.000000 0
17250 0.580042 0
17258 0.000000 0
17265 0.000000 0
17272 0.000000 0
17280 0.000000 0
17288 0.000000 0
17295 0.000000 0
17302 0.000000 0
17310 0.000000 0
17318 0.000000 0
17325 0.000000 0
17332 0.000000 0
17340 0.000000 0
17348 0.000000 0
17355 0.000000 0
17362 0.000000 0
17370 0.000000 0
17378 0.241470 0
17385 0.390432 0
17392 0.000000 0
17400 0.000000 0
17408 0.000000 0
17415 0.000000 0
17422 0.000000 0
17430 0.141070 0
17438 0.000000 0
17445 0.000000 0
17452 0.267918 0
17460 0.399368 0
17468 0.000000 0
17475 0.591732 0
17482 1.000000 0
17490 0.838191 0
17498 0.000000 0
17505 0.000000 0
17512 0.000000 0
17520 0.000000 0
17528 0.000000 0
17535 0.136427 0
17542 0.000000 0
17550 0.000000 0
17558 0.000000 0
17565 0.212408 0
17572 0.000000 0
17580 0.000000 0
17588 0.000000 0
17595 0.000000 0
17602 0.000000 0
17610 0.000000 0
17618 0.000000 0
17625 0.000000 0
17632 0.000000 0
17640 0.000000 0
17648 0.000000 0
17655 0.000000 0
17662 0.000000 0
17670 0.000000 0
17678 0.000000 0
17685 0.000000 0
17692 0.000000 0
17700 0.000000 0
17708 0.000000 0
17715 0.795937 0
17722 0.808814 0
17730 0.000000 0
17738 0.000000 0
17745 0.000000 0
17752 0.166537 0
17760 0.000000 0
17768 0.000000 0
17775 0.184072 0
17782 0.000000 0
17790 0.000000 0
17798 0.000000 0
17805 0.000000 0
17812 0.000000 0
17820 0.000000 0
17828 0.000000 0
17835 0.275592 0
17842 0.000000 0
17850 0.000000 0
17858 0.000000 0
17865 0.000000 0
17872 0.000000 0
17880 0.000000 0
17888 0.000000 0
17895 0.000000 0
17902 0.522091 0
17910 0.000000 0
17918 0.000000 0
17925 0.000000 0
17932 0.110994 0
17940 0.253224 0
17948 0.217763 0
17955 0.985295 0
17962 0.937709 0
17970 0.575232 0
17978 0.000000 0
17985 0.000000 0
17992 0.000000 0
18000 0.000000 0
18008 0.000000 0
18015 0.000000 0
18022 0.000000 0
18030 0.000000 0
18038 0.000000 0
18045 0.000000 0
18052 0.000000 0
18060 0.000000 0
18068 0.000000 0
18075 0.000000 0
18082 0.000000 0
18090 0.000000 0
18098 0.000000 0
18105 0.000000 0
18112 0.364198 0
18120 0.192667 0
18128 0.333227 0
18135 0.000000 0
18142 0.000000 0
18150 0.000000 0
18158 0.000000 0
18165 0.181789 0
18172 0.150118 0
18180 0.000000 0
18188 0.000000 0
18195 0.160691 0
18202 0.000000 0
18210 0.000000 0
18218 0.000000 0
18225 0.000000 0
18232 0.000000 0
18240 0.000000 0
18248 0.000000 0
18255 0.337756 0
18262 0.000000 0
18270 0.000000 0
18278 0.000000 0
18285 0.000000 0
18292 0.323220 0
18300 0.000000 0
18308 0.000000 0
18315 0.000000 0
18322 0.000000 0
18330 0.000000 0
18338 0.000000 0
18345 0.000000 0
18352 0.000000 0
18360 0.000000 0
18368 0.000000 0
18375 0.000000 0
18382 0.413561 0
18390 0.000000 0
18398 0.000000 0
18405 0.000000 0
18412 0.000000 0
18420 0.918300 0
18428 1.000000 0
18435 1.000000 0
18442 0.736909 0
18450 0.349389 0
18458 0.147083 0
18465 0.000000 0
18472 0.000000 0
18480 0.202195 0
18488 0.199027 0
18495 0.000000 0
18502 0.000000 0
18510 0.000000 0
18518 0.000000 0
18525 0.000000 0
18532 0.000000 0
18540 0.000000 0
18548 0.000000 0
18555 0.000000 0
18562 0.000000 0
18570 0.000000 0
18578 0.000000 0
18585 0.000000 0
18592 0.192494 0
18600 0.000000 0
18608 0.000000 0
18615 0.177573 0
18622 0.000000 0
18630 0.000000 0
18638 0.000000 0
18645 0.000000 0
18652 0.000000 0
18660 0.215666 0
18668 0.985427 0
18675 0.989295 0
18682 0.000000 0
18690 0.000000 0
18698 0.000000 0
18705 0.000000 0
18712 0.000000 0
18720 0.000000 0
18728 0.000000 0
18735 0.365271 0
18742 0.000000 0
18750 0.000000 0
18758 0.000000 0
18765 0.000000 0
18772 0.000000 0
18780 0.000000 0
18788 0.000000 0
18795 0.000000 0
18802 0.228470 0
18810 0.000000 0
18818 0.000000 0
18825 0.000000 0
18832 0.000000 0
18840 0.000000 0
18848 0.000000 0
18855 0.139781 0
18862 0.000000 0
18870 0.000000 0
18878 0.000000 0
18885 0.000000 0
18892 0.000000 0
18900 0.626068 0
18908 1.000000 0
18915 0.902026 0
18922 0.275819 0
18930 0.255034 0
18938 0.000000 0
18945 0.000000 0
18952 0.000000 0
18960 0.000000 0
18968 0.000000 0
18975 0.000000 0
18982 0.000000 0
18990 0.000000 0
18998 0.000000 0
19005 0.000000 0
19012 0.000000 0
19020 0.000000 0
19028 0.193520 0
19035 0.000000 0
19042 0.000000 0
19050 0.288447 0
19058 0.000000 0
19065 0.000000 0
19072 0.000000 0
19080 0.208778 0
19088 0.000000 0
19095 0.000000 0
19102 0.000000 0
19110 0.000000 0
19118 0.000000 0
19125 0.000000 0
19132 0.000000 0
19140 0.624455 0
19148 0.983417 0
19155 0.557734 0
19162 0.000000 0
19170 0.000000 0
19178 0.000000 0
19185 0.000000 0
19192 0.000000 0
19200 0.175809 0
19208 0.000000 0
19215 0.000000 0
19222 0.000000 0
19230 0.000000 0
19238 0.000000 0
19245 0.000000 0
19252 0.286974 0
19260 0.268310 0
19268 0.000000 0
19275 0.000000 0
19282 0.341951 0
19290 0.307342 0
19298 0.000000 0
19305 0.000000 0
19312 0.000000 0
19320 0.000000 0
19328 0.000000 0
19335 0.000000 0
19342 0.000000 0
19350 0.191484 0
19358 0.000000 0
19365 0.000000 0
19372 0.000000 0
19380 0.687090 0
19388 0.989368 0
19395 0.743003 0
19402 0.280489 0
19410 0.000000 0
19418 0.000000 0
19425 0.000000 0
19432 0.000000 0
19440 0.000000 0
19448 0.000000 0
19455 0.000000 0
19462 0.000000 0
19470 0.000000 0
19478 0.000000 0
19485 0.000000 0
19492 0.000000 0
19500 0.000000 0
19508 0.000000 0
19515 0.000000 0
19522 0.000000 0
19530 0.000000 0
19538 0.000000 0
19545 0.000000 0
19552 0.169334 0
19560 0.000000 0
19568 0.000000 0
19575 0.000000 0
19582 0.000000 0
19590 0.000000 0
19598 0.181197 0
19605 0.000000 0
19612 0.000000 0
19620 0.671160 0
19628 0.790541 0
19635 0.000000 0
19642 0.000000 0
19650 0.000000 0
19658 0.000000 0
19665 0.000000 0
19672 0.241409 0
19680 0.000000 0
19688 0.000000 0
19695 0.000000 0
19702 0.000000 0
19710 0.058757 0
19718 0.000000 0
19725 0.000000 0
19732 0.000000 0
19740 0.000000 0
19748 0.000000 0
19755 0.000000 0
19762 0.225438 0
19770 0.000000 0
19778 0.000000 0
19785 0.127765 0
19792 0.000000 0
19800 0.000000 0
19808 0.106888 0
19815 0.130207 0
19822 0.000000 0
19830 0.000000 0
19838 0.178365 0
19845 0.000000 0
19852 0.000000 0
19860 0.000000 0
19868 0.000000 0
19875 0.000000 0
19882 0.000000 0
19890 0.000000 0
19898 0.000000 0
19905 0.000000 0
19912 0.000000 0
19920 0.000000 0
19928 0.000000 0
19935 0.000000 0
19942 0.180541 0
19950 0.000000 0
19958 0.000000 0
19965 0.000000 0
19972 0.000000 0
19980 0.000000 0
19988 0.273938 0
19995 0.000000 0
20002 0.000000 0
20010 0.000000 0
20018 0.091802 0
20025 0.000000 0
20032 0.000000 0
20040 0.000000 0
20048 0.000000 0
20055 0.000000 0
20062 0.000000 0
20070 0.000000 0
20078 0.178734 0
20085 0.244042 0
20092 1.000000 0
20100 1.000000 0
20108 0.569234 0
20115 0.000000 0
20122 0.000000 0
20130 0.000000 0
20138 0.000000 0
20145 0.318153 0
20152 0.162778 0
20160 0.000000 0
20168 0.000000 0
20175 0.000000 0
20182 0.000000 0
20190 0.378084 0
20198 0.000000 0
20205 0.000000 0
20212 0.000000 0
20220 0.000000 0
20228 0.000000 0
20235 0.146185 0
20242 0.041975 0
20250 0.000000 0
20258 0.000000 0
20265 0.190311 0
20272 0.078312 0
20280 0.000000 0
20288 0.000000 0
20295 0.000000 0
20302 0.000000 0
20310 0.277348 0
20318 0.000000 0
20325 0.000000 0
20332 0.977257 0
20340 1.000000 0
20348 0.604683 0
20355 0.295935 0
20362 0.000000 0
20370 0.000000 0
20378 0.000000 0
20385 0.260594 0
20392 0.000000 0
20400 0.000000 0
20408 0.000000 0
20415 0.000000 0
20422 0.000000 0
20430 0.000000 0
20438 0.000000 0
20445 0.000000 0
20452 0.264406 0
20460 0.000000 0
20468 0.000000 0
20475 0.338405 0
20482 0.000000 0
20490 0.000000 0
20498 0.231828 0
20505 0.000000 0
20512 0.000000 0
20520 0.000000 0
20528 0.000000 0
20535 0.000000 0
20542 0.000000 0
20550 0.000000 0
20558 0.000000 0
20565 0.307460 0
20572 1.000000 0
20580 0.972249 0
20588 0.000000 0
20595 0.000000 0
20602 0.000000 0
20610 0.000000 0
20618 0.000000 0
20625 0.000000 0
20632 0.000000 0
20640 0.000000 0
20648 0.176869 0
20655 0.000000 0
20662 0.000000 0
20670 0.000000 0
20678 0.000000 0
20685 0.000000 0
20692 0.242305 0
20700 0.000000 0
20708 0.258716 0
20715 0.088652 0
20722 0.000000 0
20730 0.000000 0
20738 0.000000 0
20745 0.000000 0
20752 0.000000 0
20760 0.241594 0
20768 0.000000 0
20775 0.000000 0
20782 0.000000 0
20790 0.000000 0
20798 0.000000 0
20805 0.541944 0
20812 1.000000 0
20820 0.920841 0
20828 0.295244 0
20835 0.000000 0
20842 0.000000 0
20850 0.000000 0
20858 0.000000 0
20865 0.000000 0
20872 0.000000 0
20880 0.000000 0
20888 0.000000 0
20895 0.000000 0
20902 0.000000 0
20910 0.000000 0
20918 0.000000 0
20925 0.000000 0
20932 0.000000 0
20940 0.000000 0
20948 0.000000 0
20955 0.000000 0
20962 0.000000 0
20970 0.000000 0
20978 0.000000 0
20985 0.000000 0
20992 0.000000 0
21000 0.000000 0
21008 0.000000 0
21015 0.000000 0
21022 0.000000 0
21030 0.373151 0
21038 0.000000 0
21045 0.607665 0
21052 1.000000 0
21060 0.573828 0
21068 0.000000 0
21075 0.000000 0
21082 0.000000 0
21090 0.347047 0
21098 0.000000 0
21105 0.000000 0
21112 0.000000 0
21120 0.141149 0
21128 0.000000 0
21135 0.000000 0
21142 0.000000 0
21150 0.000000 0
21158 0.000000 0
21165 0.000000 0
21172 0.000000 0
21180 0.000000 0
21188 0.054361 0
21195 0.000000 0
21202 0.000000 0
21210 0.000000 0
21218 0.188623 0
21225 0.086518 0
21232 0.122394 0
21240 0.000000 0
21248 0.000000 0
21255 0.000000 0
21262 0.156316 0
21270 0.000000 0
21278 0.000000 0
21285 0.910554 0
21292 1.000000 0
21300 0.689048 0
21308 0.000000 0
21315 0.000000 0
21322 0.000000 0
21330 0.000000 0
21338 0.000000 0
21345 0.000000 0
21352 0.233103 0
21360 0.000000 0
21368 0.000000 0
21375 0.000000 0
21382 0.000000 0
21390 0.000000 0
21398 0.000000 0
21405 0.000000 0
21412 0.000000 0
21420 0.000000 0
21428 0.000000 0
21435 0.000000 0
21442 0.000000 0
21450 0.000000 0
21458 0.000000 0
21465 0.000000 0
21472 0.211353 0
21480 0.000000 0
21488 0.000000 0
21495 0.000000 0
21502 0.271658 0
21510 0.000000 0
21518 0.365588 0
21525 0.877858 0
21532 0.775573 0
21540 0.000000 0
21548 0.000000 0
21555 0.000000 0
21562 0.000000 0
21570 0.000000 0
21578 0.000000 0
21585 0.000000 0
21592 0.000000 0
21600 0.000000 0
21608 0.282754 0
21615 0.000000 0
21622 0.000000 0
21630 0.000000 0
21638 0.000000 0
21645 0.338103 0
21652 0.000000 0
21660 0.082489 0
21668 0.000000 0
21675 0.000000 0
21682 0.096543 0
21690 0.000000 0
21698 0.000000 0
21705 0.000000 0
21712 0.000000 0
21720 0.000000 0
21728 0.081559 0
21735 0.000000 0
21742 0.000000 0
21750 0.181482 0
21758 0.429902 0
21765 1.000000 0
21772 0.796213 0
21780 0.506019 0
21788 0.000000 0
21795 0.000000 0
21802 0.000000 0
21810 0.259374 0
21818 0.190273 0
21825 0.000000 0
21832 0.000000 0
21840 0.000000 0
21848 0.000000 0
21855 0.000000 0
21862 0.000000 0
21870 0.000000 0
21878 0.000000 0
21885 0.098897 0
21892 0.000000 0
21900 0.000000 0
21908 0.000000 0
21915 0.000000 0
21922 0.373437 0
21930 0.199411 0
21938 0.000000 0
21945 0.000000 0
21952 0.000000 0
21960 0.183942 0
21968 0.261977 0
21975 0.000000 0
21982 0.217961 0
21990 0.000000 0
21998 0.000000 0
22005 0.000000 0
22012 0.000000 0
22020 0.000000 0
22028 0.000000 0
22035 0.000000 0
22042 0.000000 0
22050 0.000000 0
22058 0.260459 0
22065 0.000000 0
22072 0.000000 0
22080 0.000000 0
22088 0.000000 0
22095 0.275910 0
22102 0.237649 0
22110 0.131244 0
22118 0.000000 0
22125 0.000000 0
22132 0.000000 0
22140 0.000000 0
22148 0.000000 0
22155 0.000000 0
22162 0.000000 0
22170 0.000000 0
22178 0.000000 0
22185 0.000000 0
22192 0.000000 0
22200 0.000000 0
22208 0.000000 0
22215 0.000000 0
22222 0.000000 0
22230 0.962229 0
22238 1.000000 0
22245 1.000000 0
22252 0.630395 0
22260 0.220777 0
22268 0.000000 0
22275 0.000000 0
22282 0.052620 0
22290 0.000000 0
22298 0.000000 0
22305 0.206599 0
22312 0.000000 0
22320 0.000000 0
22328 0.000000 0
22335 0.000000 0
22342 0.000000 0
22350 0.000000 0
22358 0.000000 0
22365 0.000000 0
22372 0.000000 0
22380 0.000000 0
22388 0.000000 0
22395 0.000000 0
22402 0.000000 0
22410 0.245769 0
22418 0.000000 0
22425 0.000000 0
22432 0.000000 0
22440 0.000000 0
22448 0.000000 0
22455 0.000000 0
22462 0.255971 0
22470 0.315291 0
22478 0.908767 0
22485 0.816840 0
22492 0.000000 0
22500 0.000000 0
22508 0.000000 0
22515 0.000000 0
22522 0.171976 0
22530 0.233029 0
22538 0.000000 0
22545 0.000000 0
22552 0.000000 0
22560 0.000000 0
22568 0.000000 0
22575 0.000000 0
22582 0.000000 0
22590 0.000000 0
22598 0.000000 0
22605 0.000000 0
22612 0.000000 0
22620 0.000000 0
22628 0.000000 0
22635 0.000000 0
22642 0.000000 0
22650 0.172658 0
22658 0.000000 0
22665 0.000000 0
22672 0.000000 0
22680 0.000000 0
22688 0.000000 0
22695 0.000000 0
22702 0.000000 0
22710 0.722905 0
22718 1.000000 0
22725 0.883131 0
22732 0.419231 0
22740 0.000000 0
22748 0.000000 0
22755 0.000000 0
22762 0.136958 0
22770 0.000000 0
22778 0.000000 0
22785 0.000000 0
22792 0.000000 0
22800 0.000000 0
22808 0.000000 0
22815 0.000000 0
22822 0.000000 0
22830 0.000000 0
22838 0.000000 0
22845 0.374095 0
22852 0.000000 0
22860 0.000000 0
22868 0.000000 0
22875 0.000000 0
22882 0.239021 0
22890 0.000000 0
22898 0.000000 0
22905 0.000000 0
22912 0.000000 0
22920 0.000000 0
22928 0.000000 0
22935 0.148282 0
22942 0.000000 0
22950 1.000000 0
22958 0.797584 0
22965 0.000000 0
22972 0.000000 0
22980 0.000000 0
22988 0.000000 0
22995 0.251328 0
23002 0.224790 0
23010 0.000000 0
23018 0.000000 0
23025 0.000000 0
23032 0.000000 0
23040 0.265118 0
23048 0.000000 0
23055 0.000000 0
23062 0.000000 0
23070 0.000000 0
23078 0.000000 0
23085 0.000000 0
23092 0.238418 0
23100 0.302949 0
23108 0.000000 0
23115 0.194659 0
23122 0.236385 0
23130 0.000000 0
23138 0.000000 0
23145 0.362285 0
23152 0.059245 0
23160 0.000000 0
23168 0.211985 0
23175 0.000000 0
23182 0.000000 0
23190 0.814191 0
23198 1.000000 0
23205 0.561746 0
23212 0.072765 0
23220 0.154075 0
23228 0.000000 0
23235 0.000000 0
23242 0.000000 0
23250 0.000000 0
23258 0.000000 0
23265 0.177268 0
23272 0.000000 0
23280 0.000000 0
23288 0.000000 0
23295 0.000000 0
23302 0.000000 0
23310 0.000000 0
23318 0.000000 0
23325 0.000000 0
23332 0.000000 0
23340 0.000000 0
23348 0.000000 0
23355 0.000000 0
23362 0.000000 0
23370 0.000000 0
23378 0.152943 0
23385 0.000000 0
23392 0.000000 0
23400 0.000000 0
23408 0.572077 0
23415 0.890686 0
23422 0.374056 0
23430 0.584626 0
23438 0.367332 0
23445 0.000000 0
23452 0.000000 0
23460 0.000000 0
23468 0.266234 0
23475 0.000000 0
23482 0.000000 0
23490 0.000000 0
23498 0.000000 0
23505 0.000000 0
23512 0.000000 0
23520 0.000000 0
23528 0.000000 0
23535 0.235589 0
23542 0.000000 0
23550 0.000000 0
23558 0.000000 0
23565 0.000000 0
23572 0.362779 0
23580 0.000000 0
23588 0.000000 0
23595 0.243233 0
23602 0.000000 0
23610 0.000000 0
23618 0.000000 0
23625 0.000000 0
23632 0.000000 0
23640 0.129774 0
23648 0.000000 0
23655 0.000000 0
23662 0.000000 0
23670 0.248452 0
23678 0.000000 0
23685 0.000000 0
23692 0.000000 0
23700 0.000000 0
23708 0.000000 0
23715 0.000000 0
23722 0.000000 0
23730 0.000000 0
23738 0.000000 0
23745 0.000000 0
23752 0.000000 0
23760 0.000000 0
23768 0.000000 0
23775 0.000000 0
23782 0.000000 0
23790 0.000000 0
23798 0.000000 0
23805 0.000000 0
23812 0.000000 0
23820 0.257091 0
23828 0.000000 0
23835 0.000000 0
23842 0.000000 0
23850 0.080707 0
23858 0.075690 0
23865 0.000000 0
23872 0.000000 0
23880 0.000000 0
23888 0.000000 0
23895 1.000000 0
23902 1.000000 0
23910 1.000000 0
23918 0.000000 0
23925 0.000000 0
23932 0.000000 0
23940 0.000000 0
23948 0.124151 0
23955 0.120604 0
23962 0.000000 0
23970 0.251825 0
23978 0.000000 0
23985 0.090060 0
23992 0.000000 0
24000 0.291328 0
24008 0.000000 0
24015 0.000000 0
24022 0.329583 0
24030 0.000000 0
24038 0.000000 0
24045 0.000000 0
24052 0.000000 0
24060 0.000000 0
24068 0.257461 0
24075 0.002835 0
24082 0.000000 0
24090 0.000000 0
24098 0.000000 0
24105 0.000000 0
24112 0.000000 0
24120 0.000000 0
24128 0.000000 0
24135 0.000000 0
24142 1.000000 0
24150 1.000000 0
24158 0.561607 0
24165 0.000000 0
24172 0.000000 0
24180 0.000000 0
24188 0.000000 0
24195 0.000000 0
24202 0.000000 0
24210 0.000000 0
24218 0.000000 0
24225 0.000000 0
24232 0.000000 0
24240 0.000000 0
24248 0.000000 0
24255 0.000000 0
24262 0.000000 0
24270 0.000000 0
24278 0.000000 0
24285 0.000000 0
24292 0.000000 0
24300 0.000000 0
24308 0.096252 0
24315 0.000000 0
24322 0.176131 0
24330 0.000000 0
24338 0.000000 0
24345 0.000000 0
24352 0.000000 0
24360 0.625230 0
24368 0.996003 0
24375 0.365063 0
24382 0.636985 0
24390 0.305955 0
24398 0.000000 0
24405 0.000000 0
24412 0.000000 0
24420 0.000000 0
24428 0.000000 0
24435 0.149868 0
24442 0.000000 0
24450 0.127298 0
24458 0.000000 0
24465 0.000000 0
24472 0.000000 0
24480 0.000000 0
24488 0.163011 0
24495 0.000000 0
24502 0.000000 0
24510 0.000000 0
24518 0.291876 0
24525 0.298121 0
24532 0.000000 0
24540 0.000000 0
24548 0.000000 0
24555 0.276827 0
24562 0.000000 0
24570 0.000000 0
24578 0.000000 0
24585 0.000000 0
24592 0.000000 0
24600 0.325234 0
24608 0.000000 0
24615 0.484192 0
24622 1.000000 0
24630 0.906766 0
24638 0.191696 0
24645 0.000000 0
24652 0.000000 0
24660 0.000000 0
24668 0.000000 0
24675 0.000000 0
24682 0.000000 0
24690 0.000000 0
24698 0.000000 0
24705 0.000000 0
24712 0.000000 0
24720 0.000000 0
24728 0.000000 0
24735 0.000000 0
24742 0.000000 0
24750 0.126523 0
24758 0.000000 0
24765 0.000000 0
24772 0.000000 0
24780 0.000000 0
24788 0.000000 0
24795 0.000000 0
24802 0.000000 0
24810 0.000000 0
24818 0.000000 0
24825 0.000000 0
24832 0.000000 0
24840 0.000000 0
24848 0.000000 0
24855 0.787718 0
24862 0.738166 0
24870 0.000000 0
24878 0.000000 0
24885 0.000000 0
24892 0.000000 0
24900 0.000000 0
24908 0.000000 0
24915 0.000000 0
24922 0.349756 0
24930 0.000000 0
24938 0.000000 0
24945 0.000000 0
24952 0.000000 0
24960 0.000000 0
24968 0.000000 0
24975 0.000000 0
24982 0.000000 0
24990 0.000000 0
24998 0.276271 0
25005 0.000000 0
25012 0.000000 0
25020 0.000000 0
25028 0.123375 0
25035 0.000000 0
25042 0.000000 0
25050 0.240286 0
25058 0.000000 0
25065 0.000000 0
25072 0.000000 0
25080 0.080802 0
25088 0.238791 0
25095 0.776091 0
25102 0.968506 0
25110 0.655238 0
25118 0.258366 0
25125 0.000000 0
25132 0.000000 0
25140 0.000000 0
25148 0.000000 0
25155 0.000000 0
25162 0.000000 0
25170 0.000000 0
25178 0.000000 0
25185 0.000000 0
25192 0.000000 0
25200 0.000000 0
25208 0.000000 0
25215 0.000000 0
25222 0.000000 0
25230 0.000000 0
25238 0.000000 0
25245 0.000000 0
25252 0.000000 0
25260 0.000000 0
25268 0.000000 0
25275 0.030713 0
25282 0.000000 0
25290 0.000000 0
25298 0.000000 0
25305 0.000000 0
25312 0.698531 0
25320 1.000000 0
25328 0.084135 0
25335 0.500222 0
25342 0.319563 0
25350 0.000000 0
25358 0.000000 0
25365 0.000000 0
25372 0.119736 0
25380 0.000000 0
25388 0.000000 0
25395 0.215305 0
25402 0.289584 0
25410 0.000000 0
25418 0.000000 0
25425 0.000000 0
25432 0.000000 0
25440 0.291308 0
25448 0.246573 0
25455 0.000000 0
25462 0.435331 0
25470 0.000000 0
25478 0.000000 0
25485 0.000000 0
25492 0.000000 0
25500 0.000000 0
25508 0.000000 0
25515 0.310720 0
25522 0.306764 0
25530 0.037304 0
25538 0.000000 0
25545 0.000000 0
25552 0.150122 0
25560 0.000000 0
25568 0.434438 0
25575 1.000000 0
25582 0.706247 0
25590 0.202280 0
25598 0.000000 0
25605 0.000000 0
25612 0.000000 0
25620 0.248578 0
25628 0.000000 0
25635 0.168526 0
25642 0.000000 0
25650 0.000000 0
25658 0.000000 0
25665 0.000000 0
25672 0.146247 0
25680 0.000000 0
25688 0.303577 0
25695 0.273764 0
25702 0.000000 0
25710 0.000000 0
25718 0.000000 0
25725 0.000000 0
25732 0.357933 0
25740 0.000000 0
25748 0.000000 0
25755 0.199571 0
25762 0.000000 0
25770 0.000000 0
25778 0.330977 0
25785 0.308139 0
25792 0.000000 0
25800 0.000000 0
25808 0.931978 0
25815 0.637539 0
25822 0.000000 0
25830 0.000000 0
25838 0.000000 0
25845 0.000000 0
25852 0.000000 0
25860 0.066921 0
25868 0.000000 0
25875 0.000000 0
25882 0.000000 0
25890 0.214418 0
25898 0.279309 0
25905 0.288404 0
25912 0.000000 0
25920 0.000000 0
25928 0.127747 0
25935 0.000000 0
25942 0.000000 0
25950 0.000000 0
25958 0.000000 0
25965 0.000000 0
25972 0.176566 0
25980 0.000000 0
25988 0.000000 0
25995 0.000000 0
26002 0.000000 0
26010 0.000000 0
26018 0.000000 0
26025 0.000000 0
26032 0.000000 0
26040 0.970460 0
26048 1.000000 0
26055 1.000000 0
26062 0.429668 0
26070 0.000000 0
26078 0.000000 0
26085 0.000000 0
26092 0.000000 0
26100 0.000000 0
26108 0.000000 0
26115 0.355218 0
26122 0.000000 0
26130 0.000000 0
26138 0.000000 0
26145 0.000000 0
26152 0.000000 0
26160 0.000000 0
26168 0.000000 0
26175 0.000000 0
26182 0.000000 0
26190 0.367978 0
26198 0.000000 0
26205 0.000000 0
26212 0.000000 0
26220 0.000000 0
26228 0.000000 0
26235 0.000000 0
26242 0.000000 0
26250 0.000000 0
26258 0.000000 0
26265 0.502551 0
26272 0.811560 0
26280 0.413144 0
26288 0.707729 0
26295 0.341489 0
26302 0.000000 0
26310 0.000000 0
26318 0.365418 0
26325 0.000000 0
26332 0.000000 0
26340 0.000000 0
26348 0.000000 0
26355 0.000000 0
26362 0.000000 0
26370 0.241117 0
26378 0.284003 0
26385 0.000000 0
26392 0.000000 0
26400 0.000000 0
26408 0.000000 0
26415 0.251147 0
26422 0.253704 0
26430 0.000000 0
26438 0.000000 0
26445 0.277787 0
26452 0.000000 0
26460 0.000000 0
26468 0.000000 0
26475 0.000000 0
26482 0.000000 0
26490 0.000000 0
26498 0.000000 0
26505 0.190100 0
26512 0.000000 0
26520 0.708904 0
26528 1.000000 0
26535 0.798734 0
26542 0.255097 0
26550 0.265689 0
26558 0.000000 0
26565 0.000000 0
26572 0.000000 0
26580 0.000000 0
26588 0.000000 0
26595 0.000000 0
26602 0.000000 0
26610 0.000000 0
26618 0.000000 0
26625 0.107532 0
26632 0.000000 0
26640 0.000000 0
26648 0.279970 0
26655 0.000000 0
26662 0.000000 0
26670 0.000000 0
26678 0.000000 0
26685 0.000000 0
26692 0.000000 0
26700 0.000000 0
26708 0.000000 0
26715 0.000000 0
26722 0.000000 0
26730 0.000000 0
26738 0.000000 0
26745 0.000000 0
26752 0.171991 0
26760 0.998832 0
26768 0.752680 0
26775 0.000000 0
26782 0.000000 0
26790 0.000000 0
26798 0.000000 0
26805 0.000000 0
26812 0.216542 0
26820 0.042766 0
26828 0.000000 0
26835 0.000000 0
26842 0.000000 0
26850 0.000000 0
26858 0.071724 0
26865 0.129508 0
26872 0.000000 0
26880 0.000000 0
26888 0.000000 0
26895 0.243842 0
26902 0.230352 0
26910 0.173115 0
26918 0.000000 0
26925 0.408196 0
26932 0.000000 0
26940 0.000000 0
26948 0.000000 0
26955 0.000000 0
26962 0.318422 0
26970 0.000000 0
26978 0.000000 0
26985 0.000000 0
26992 0.089018 0
27000 0.804499 0
27008 0.925839 0
27015 0.560910 0
27022 0.312972 0
27030 0.000000 0
27038 0.000000 0
27045 0.000000 0
27052 0.000000 0
27060 0.000000 0
27068 0.000000 0
27075 0.000000 0
27082 0.000000 0
27090 0.000000 0
27098 0.000000 0
27105 0.299446 0
27112 0.000000 0
27120 0.000000 0
27128 0.000000 0
27135 0.000000 0
27142 0.000000 0
27150 0.000000 0
27158 0.000000 0
27165 0.000000 0
27172 0.000000 0
27180 0.000000 0
27188 0.378205 0
27195 0.256611 0
27202 0.000000 0
27210 0.104194 0
27218 0.429123 0
27225 0.976108 0
27232 0.359749 0
27240 0.539225 0
27248 0.350030 0
27255 0.000000 0
27262 0.000000 0
27270 0.000000 0
27278 0.000000 0
27285 0.000000 0
27292 0.000000 0
27300 0.000000 0
27308 0.128697 0
27315 0.000000 0
27322 0.000000 0
27330 0.000000 0
27338 0.000000 0
27345 0.000000 0
27352 0.000000 0
27360 0.000000 0
27368 0.000000 0
27375 0.000000 0
27382 0.229364 0
27390 0.243595 0
27398 0.000000 0
27405 0.000000 0
27412 0.000000 0
27420 0.000000 0
27428 0.000000 0
27435 0.145245 0
27442 0.000000 0
27450 0.042959 0
27458 0.000000 0
27465 0.000000 0
27472 0.208413 0
27480 0.000000 0
27488 0.000000 0
27495 0.000000 0
27502 0.000000 0
27510 0.000000 0
27518 0.000000 0
27525 0.143423 0
27532 0.000000 0
27540 0.000000 0
27548 0.000000 0
27555 0.000000 0
27562 0.294078 0
27570 0.000000 0
27578 0.000000 0
27585 0.000000 0
27592 0.000000 0
27600 0.000000 0
27608 0.000000 0
27615 0.000000 0
27622 0.000000 0
27630 0.000000 0
27638 0.000000 0
27645 0.000000 0
27652 0.000000 0
27660 0.000000 0
27668 0.000000 0
27675 0.000000 0
27682 0.000000 0
27690 0.000000 0
27698 0.000000 0
27705 1.000000 0
27712 1.000000 0
27720 0.999637 0
27728 0.000000 0
27735 0.000000 0
27742 0.000000 0
27750 0.000000 0
27758 0.247676 0
27765 0.189596 0
27772 0.000000 0
27780 0.111607 0
27788 0.000000 0
27795 0.047213 0
27802 0.000000 0
27810 0.000000 0
27818 0.000000 0
27825 0.232127 0
27832 0.337884 0
27840 0.000000 0
27848 0.000000 0
27855 0.000000 0
27862 0.000000 0
27870 0.000000 0
27878 0.190203 0
27885 0.000000 0
27892 0.000000 0
27900 0.149009 0
27908 0.268062 0
27915 0.000000 0
27922 0.000000 0
27930 0.000000 0
27938 0.000000 0
27945 0.241826 0
27952 1.000000 0
27960 1.000000 0
27968 0.471341 0
27975 0.000000 0
27982 0.000000 0
27990 0.000000 0
27998 0.000000 0
28005 0.000000 0
28012 0.000000 0
28020 0.000000 0
28028 0.000000 0
28035 0.000000 0
28042 0.000000 0
28050 0.000000 0
28058 0.192630 0
28065 0.000000 0
28072 0.000000 0
28080 0.000000 0
28088 0.000000 0
28095 0.000000 0
28102 0.000000 0
28110 0.000000 0
28118 0.000000 0
28125 0.000000 0
28132 0.000000 0
28140 0.000000 0
28148 0.000000 0
28155 0.000000 0
28162 0.177643 0
28170 0.646746 0
28178 0.919041 0
28185 0.327102 0
28192 0.664853 0
28200 0.322300 0
28208 0.000000 0
28215 0.000000 0
28222 0.000000 0
28230 0.000000 0
28238 0.000000 0
28245 0.000000 0
28252 0.000000 0
28260 0.000000 0
28268 0.000000 0
28275 0.000000 0
28282 0.000000 0
28290 0.098305 0
28298 0.000000 0
28305 0.000000 0
28312 0.124881 0
28320 0.138446 0
28328 0.000000 0
28335 0.242638 0
28342 0.000000 0
28350 0.000000 0
28358 0.000000 0
28365 0.000000 0
28372 0.000000 0
28380 0.000000 0
28388 0.000000 0
28395 0.000000 0
28402 0.235905 0
28410 0.280854 0
28418 0.240283 0
28425 0.489041 0
28432 1.000000 0
28440 0.822578 0
28448 0.090967 0
28455 0.000000 0
28462 0.000000 0
28470 0.000000 0
28478 0.188060 0
28485 0.000000 0
28492 0.000000 0
28500 0.000000 0
28508 0.000000 0
28515 0.000000 0
28522 0.000000 0
28530 0.000000 0
28538 0.000000 0
28545 0.000000 0
28552 0.000000 0
28560 0.183199 0
28568 0.000000 0
28575 0.000000 0
28582 0.000000 0
28590 0.110755 0
28598 0.000000 0
28605 0.000000 0
28612 0.000000 0
28620 0.000000 0
28628 0.000000 0
28635 0.000000 0
28642 0.000000 0
28650 0.000000 0
28658 0.000000 0
28665 0.823526 0
28672 0.985723 0
28680 0.329533 0
28688 0.000000 0
28695 0.000000 0
28702 0.000000 0
28710 0.423417 0
28718 0.340702 0
28725 0.000000 0
28732 0.000000 0
28740 0.344178 0
28748 0.000000 0
28755 0.000000 0
28762 0.000000 0
28770 0.000000 0
28778 0.000000 0
28785 0.000000 0
28792 0.000000 0
28800 0.000000 0
28808 0.000000 0
28815 0.000000 0
28822 0.300434 0
28830 0.000000 0
28838 0.000000 0
28845 0.000000 0
28852 0.024345 0
28860 0.000000 0
28868 0.000000 0
28875 0.000000 0
28882 0.000000 0
28890 0.000000 0
28898 0.313558 0
28905 0.947729 0
28912 0.961808 0
28920 0.598919 0
28928 0.000000 0
28935 0.000000 0
28942 0.000000 0
28950 0.000000 0
28958 0.000000 0
28965 0.000000 0
28972 0.000000 0
28980 0.000000 0
28988 0.000000 0
28995 0.000000 0
29002 0.127975 0
29010 0.000000 0
29018 0.000000 0
29025 0.000000 0
29032 0.000000 0
29040 0.000000 0
29048 0.000000 0
29055 0.000000 0
29062 0.000000 0
29070 0.000000 0
29078 0.000000 0
29085 0.000000 0
29092 0.000000 0
29100 0.000000 0
29108 0.282500 0
29115 0.000000 0
29122 0.638178 0
29130 0.972237 0
29138 0.000000 0
29145 0.433923 0
29152 0.162273 0
29160 0.000000 0
29168 0.000000 0
29175 0.000000 0
29182 0.000000 0
29190 0.000000 0
29198 0.000000 0
29205 0.000000 0
29212 0.000000 0
29220 0.000000 0
29228 0.344007 0
29235 0.396967 0
29242 0.000000 0
29250 0.199089 0
29258 0.000000 0
29265 0.215344 0
29272 0.101962 0
29280 0.000000 0
29288 0.000000 0
29295 0.000000 0
29302 0.000000 0
29310 0.000000 0
29318 0.000000 0
29325 0.000000 0
29332 0.000000 0
29340 0.000000 0
29348 0.000000 0
29355 0.000000 0
29362 0.387330 0
29370 0.000000 0
29378 0.726088 0
29385 1.000000 0
29392 0.461033 0
29400 0.228273 0
29408 0.000000 0
29415 0.000000 0
29422 0.000000 0
29430 0.000000 0
29438 0.000000 0
29445 0.000000 0
29452 0.000000 0
29460 0.000000 0
29468 0.263641 0
29475 0.000000 0
29482 0.000000 0
29490 0.000000 0
29498 0.000000 0
29505 0.000000 0
29512 0.000000 0
29520 0.000000 0
29528 0.000000 0
29535 0.000000 0
29542 0.000000 0
29550 0.183042 0
29558 0.338426 0
29565 0.000000 0
29572 0.000000 0
29580 0.000000 0
29588 0.000000 0
29595 0.448765 0
29602 0.271680 0
29610 0.453207 0
29618 0.596565 0
29625 0.212807 0
29632 0.000000 0
29640 0.000000 0
29648 0.000000 0
29655 0.000000 0
29662 0.000000 0
29670 0.000000 0
29678 0.000000 0
29685 0.208728 0
29692 0.000000 0
29700 0.050764 0
29708 0.000000 0
29715 0.000000 0
29722 0.000000 0
29730 0.110929 0
29738 0.930591 0
29745 0.988312 0
29752 0.485236 0
29760 0.000000 0
29768 0.000000 0
29775 0.000000 0
29782 0.000000 0
29790 0.000000 0
29798 0.000000 0
29805 0.000000 0
29812 0.000000 0
29820 0.000000 0
29828 0.168494 0
29835 0.000000 0
29842 0.237341 0
29850 0.996749 0
29858 1.000000 0
29865 1.000000 0
29872 0.532518 0
29880 0.000000 0
29888 0.000000 0
29895 0.000000 0
29902 0.342534 0
29910 0.000000 0
29918 0.000000 0
29925 0.000000 0
29932 0.000000 0
29940 0.000000 0
29948 0.000000 0
29955 0.000000 0
29962 0.000000 0
29970 0.000000 0
29978 0.000000 0
29985 0.000000 0
29992 0.000000 0
30000 0.000000 0
30008 0.000000 0
30015 0.164191 0
30022 0.000000 0
30030 0.087166 0
30038 0.328426 0
30045 0.000000 0
30052 0.186139 0
30060 0.000000 0
30068 0.000000 0
30075 0.534180 0
30082 0.726502 0
30090 0.313025 0
30098 0.688419 0
30105 0.443275 0
30112 0.000000 0
30120 0.000000 0
30128 0.000000 0
30135 0.449628 0
30142 0.000000 0
30150 0.000000 0
30158 0.000000 0
30165 0.099453 0
30172 0.342667 0
30180 0.000000 0
30188 0.000000 0
30195 0.000000 0
30202 0.292497 0
30210 0.058041 0
30218 0.266753 0
30225 0.223366 0
30232 0.000000 0
30240 0.000000 0
30248 0.189967 0
30255 0.172967 0
30262 0.000000 0
30270 0.116714 0
30278 0.000000 0
30285 0.381498 0
30292 0.000000 0
30300 0.000000 0
30308 0.000000 0
30315 0.000000 0
30322 0.000000 0
30330 0.473514 0
30338 0.805983 0
30345 0.604051 0
30352 0.000000 0
30360 0.000000 0
30368 0.000000 0
30375 0.000000 0
30382 0.000000 0
30390 0.000000 0
30398 0.000000 0
30405 0.000000 0
30412 0.000000 0
30420 0.000000 0
30428 0.000000 0
30435 0.150359 0
30442 0.000000 0
30450 0.000000 0
30458 0.273124 0
30465 0.142978 0
30472 0.000000 0
30480 0.000000 0
30488 0.333778 0
30495 0.026595 0
30502 0.000000 0
30510 0.000000 0
30518 0.000000 0
30525 0.126226 0
30532 0.000000 0
30540 0.000000 0
30548 0.000000 0
30555 0.189909 0
30562 0.146928 0
30570 0.730292 0
30578 0.561813 0
30585 0.000000 0
30592 0.000000 0
30600 0.000000 0
30608 0.000000 0
30615 0.000000 0
30622 0.315134 0
30630 0.000000 0
30638 0.310895 0
30645 0.156677 0
30652 0.000000 0
30660 0.345016 0
30668 0.316932 0
30675 0.000000 0
30682 0.264768 0
30690 0.426601 0
30698 0.136904 0
30705 0.000000 0
30712 0.000000 0
30720 0.301609 0
30728 0.000000 0
30735 0.092858 0
30742 0.467530 0
30750 0.000000 0
30758 0.000000 0
30765 0.000000 0
30772 0.000000 0
30780 0.000000 0
30788 0.000000 0
30795 0.039810 0
30802 0.320779 0
30810 0.509763 0
30818 0.647217 0
30825 0.266974 0
30832 0.000000 0
30840 0.000000 0
30848 0.000000 0
30855 0.000000 0
30862 0.000000 0
30870 0.000000 0
30878 0.000000 0
30885 0.000000 0
30892 0.243790 0
30900 0.261319 0
30908 0.000000 0
30915 0.000000 0
30922 0.000000 0
30930 0.000000 0
30938 0.099896 0
30945 0.000000 0
30952 0.403652 0
30960 0.114760 0
30968 0.296963 0
30975 0.000000 0
30982 0.000000 0
30990 0.000000 0
30998 0.000000 0
31005 0.261551 0
31012 0.196888 0
31020 0.000000 0
31028 0.293405 0
31035 0.725915 0
31042 0.000000 0
31050 0.549900 0
31058 0.000000 0
31065 0.000000 0
31072 0.000000 0
31080 0.272970 0
31088 0.101754 0
31095 0.000000 0
31102 0.332888 0
31110 0.281255 0
31118 0.000000 0
31125 0.000000 0
31132 0.000000 0
31140 0.000000 0
31148 0.397827 0
31155 0.000000 0
31162 0.000000 0
31170 0.000000 0
31178 0.218206 0
31185 0.371321 0
31192 0.000000 0
31200 0.000000 0
31208 0.000000 0
31215 0.209624 0
31222 0.000000 0
31230 0.000000 0
31238 0.000000 0
31245 0.000000 0
31252 0.471035 0
31260 0.277302 0
31268 0.279855 0
31275 0.000000 0
31282 0.000000 0
31290 0.000000 0
31298 0.448755 0
31305 0.475454 0
31312 0.412602 0
31320 0.268700 0
31328 0.000000 0
31335 0.000000 0
31342 0.000000 0
31350 0.000000 0
31358 0.085448 0
31365 0.108056 0
31372 0.000000 0
31380 0.000000 0
31388 0.000000 0
31395 0.000000 0
31402 0.000000 0
31410 0.209374 0
31418 0.403277 0
31425 0.000000 0
31432 0.257857 0
31440 0.000000 0
31448 0.000000 0
31455 0.155548 0
31462 0.000000 0
31470 0.000000 0
31478 0.174953 0
31485 0.199042 0
31492 0.148038 0
31500 0.000000 0
31508 0.219940 0
31515 0.426344 0
31522 0.945051 0
31530 0.609499 0
31538 0.000000 0
31545 0.000000 0
31552 0.000000 0
31560 0.000000 0
31568 0.379196 0
31575 0.000000 0
31582 0.000000 0
31590 0.268131 0
31598 0.000000 0
31605 0.280442 0
31612 0.033127 0
31620 0.000000 0
31628 0.251901 0
31635 0.073801 0
31642 0.152511 0
31650 0.000000 0
31658 0.000000 0
31665 0.318480 0
31672 0.125210 0
31680 0.000000 0
31688 0.000000 0
31695 0.000000 0
31702 0.000000 0
31710 0.000000 0
31718 0.502439 0
31725 0.201949 0
31732 0.000000 0
31740 0.000000 0
31748 0.311121 0
31755 0.186416 0
31762 0.524392 0
31770 0.935732 0
31778 0.552360 0
31785 0.000000 0
31792 0.000000 0
31800 0.000000 0
31808 0.000000 0
31815 0.000000 0
31822 0.000000 0
31830 0.231629 0
31838 0.246608 0
31845 0.000000 0
31852 0.000000 0
31860 0.000000 0
31868 0.000000 0
31875 0.271090 0
31882 0.000000 0
31890 0.000000 0
31898 0.000000 0
31905 0.000000 0
31912 0.000000 0
31920 0.494931 0
31928 0.000000 0
31935 0.000000 0
31942 0.293577 0
31950 0.216592 0
31958 0.000000 0
31965 0.000000 0
31972 0.000000 0
31980 0.580032 0
31988 0.630410 0
31995 0.257974 0
32002 0.625179 0
32010 0.000000 0
32018 0.000000 0
32025 0.000000 0
32032 0.000000 0
32040 0.000000 0
32048 0.000000 0
32055 0.000000 0
32062 0.000000 0
32070 0.264101 0
32078 0.000000 0
32085 0.050383 0
32092 0.262146 0
32100 0.148465 0
32108 0.190389 0
32115 0.268065 0
32122 0.000000 0
32130 0.000000 0
32138 0.193501 0
32145 0.000000 0
32152 0.186444 0
32160 0.000000 0
32168 0.203182 0
32175 0.352511 0
32182 0.181261 0
32190 0.000000 0
32198 0.000000 0
32205 0.000000 0
32212 0.000000 0
32220 0.000000 0
32228 0.000000 0
32235 0.577503 0
32242 0.870286 0
32250 0.655201 0
32258 0.000000 0
32265 0.000000 0
32272 0.000000 0
32280 0.000000 0
32288 0.000000 0
32295 0.000000 0
32302 0.000000 0
32310 0.000000 0
32318 0.000000 0
32325 0.138138 0
32332 0.000000 0
32340 0.000000 0
32348 0.000000 0
32355 0.268930 0
32362 0.000000 0
32370 0.000000 0
32378 0.361108 0
32385 0.000000 0
32392 0.000000 0
32400 0.000000 0
32408 0.000000 0
32415 0.000000 0
32422 0.000000 0
32430 0.163777 0
32438 0.000000 0
32445 0.000000 0
32452 0.000000 0
32460 0.000000 0
32468 0.000000 0
32475 0.813236 0
32482 0.571345 0
32490 0.000000 0
32498 0.000000 0
32505 0.000000 0
32512 0.000000 0
32520 0.290257 0
32528 0.000000 0
32535 0.153148 0
32542 0.419033 0
32550 0.000000 0
32558 0.000000 0
32565 0.000000 0
32572 0.299437 0
32580 0.302216 0
32588 0.000000 0
32595 0.000000 0
32602 0.000000 0
32610 0.000000 0
32618 0.189265 0
32625 0.188397 0
32632 0.126141 0
32640 0.331096 0
32648 0.000000 0
32655 0.000000 0
32662 0.000000 0
32670 0.000000 0
32678 0.161456 0
32685 0.127755 0
32692 0.228173 0
32700 0.000000 0
32708 0.051190 0
32715 0.667122 0
32722 0.920724 0
32730 0.483699 0
32738 0.342987 0
32745 0.000000 0
32752 0.000000 0
32760 0.000000 0
32768 0.000000 0
32775 0.410021 0
32782 0.000000 0
32790 0.000000 0
32798 0.000000 0
32805 0.000000 0
32812 0.000000 0
32820 0.000000 0
32828 0.000000 0
32835 0.000000 0
32842 0.000000 0
32850 0.000000 0
32858 0.054054 0
32865 0.210448 0
32872 0.000000 0
32880 0.000000 0
32888 0.000000 0
32895 0.000000 0
32902 0.000000 0
32910 0.000000 0
32918 0.000000 0
32925 0.000000 0
32932 0.683222 0
32940 0.787012 0
32948 0.343050 0
32955 0.679007 0
32962 0.000000 0
32970 0.000000 0
32978 0.000000 0
32985 0.000000 0
32992 0.000000 0
33000 0.000000 0
33008 0.000000 0
33015 0.000000 0
33022 0.198741 0
33030 0.000000 0
33038 0.089321 0
33045 0.156672 0
33052 0.000000 0
33060 0.328190 0
33068 0.000000 0
33075 0.000000 0
33082 0.000000 0
33090 0.206303 0
33098 0.000000 0
33105 0.208812 0
33112 0.000000 0
33120 0.297222 0
33128 0.266315 0
33135 0.000000 0
33142 0.000000 0
33150 0.000000 0
33158 0.000000 0
33165 0.303543 0
33172 0.261089 0
33180 0.174073 0
33188 0.500423 0
33195 0.850157 0
33202 0.508559 0
33210 0.205554 0
33218 0.340108 0
33225 0.000000 0
33232 0.000000 0
33240 0.000000 0
33248 0.000000 0
33255 0.000000 0
33262 0.000000 0
33270 0.000000 0
33278 0.000000 0
33285 0.000000 0
33292 0.354517 0
33300 0.000000 0
33308 0.000000 0
33315 0.000000 0
33322 0.173755 0
33330 0.307205 0
33338 0.363137 0
33345 0.000000 0
33352 0.000000 0
33360 0.000000 0
33368 0.170344 0
33375 0.237511 0
33382 0.000000 0
33390 0.024490 0
33398 0.000000 0
33405 0.297288 0
33412 0.000000 0
33420 0.276387 0
33428 0.904503 0
33435 0.366915 0
33442 0.000000 0
33450 0.000000 0
33458 0.000000 0
33465 0.000000 0
33472 0.189819 0
33480 0.300544 0
33488 0.000000 0
33495 0.221505 0
33502 0.316211 0
33510 0.243252 0
33518 0.000000 0
33525 0.265588 0
33532 0.215444 0
33540 0.235843 0
33548 0.319913 0
33555 0.409854 0
33562 0.000000 0
33570 0.000000 0
33578 0.122385 0
33585 0.460272 0
33592 0.055245 0
33600 0.000000 0
33608 0.238560 0
33615 0.200323 0
33622 0.000000 0
33630 0.000000 0
33638 0.000000 0
33645 0.000000 0
33652 0.215822 0
33660 0.330897 0
33668 1.000000 0
33675 1.000000 0
33682 0.545940 0
33690 0.298222 0
33698 0.000000 0
33705 0.000000 0
33712 0.000000 0
33720 0.000000 0
33728 0.117098 0
33735 0.000000 0
33742 0.000000 0
33750 0.000000 0
33758 0.000000 0
33765 0.000000 0
33772 0.000000 0
33780 0.000000 0
33788 0.303033 0
33795 0.000000 0
33802 0.000000 0
33810 0.039156 0
33818 0.000000 0
33825 0.104392 0
33832 0.000000 0
33840 0.000000 0
33848 0.000000 0
33855 0.000000 0
33862 0.000000 0
33870 0.000000 0
33878 0.265611 0
33885 0.393145 0
33892 0.762869 0
33900 0.585129 0
33908 0.760888 0
33915 0.104829 0
33922 0.000000 0
33930 0.000000 0
33938 0.000000 0
33945 0.000000 0
33952 0.000000 0
33960 0.000000 0
33968 0.021168 0
33975 0.186733 0
33982 0.000000 0
33990 0.236322 0
33998 0.000000 0
34005 0.000000 0
34012 0.096687 0
34020 0.048620 0
34028 0.375283 0
34035 0.000000 0
34042 0.114247 0
34050 0.000000 0
34058 0.000000 0
34065 0.402144 0
34072 0.000000 0
34080 0.000000 0
34088 0.000000 0
34095 0.000000 0
34102 0.000000 0
34110 0.000000 0
34118 0.000000 0
34125 0.000000 0
34132 0.000000 0
34140 0.667847 0
34148 1.000000 0
34155 0.676859 0
34162 0.298501 0
34170 0.154919 0
34178 0.077634 0
34185 0.000000 0
34192 0.000000 0
34200 0.000000 0
34208 0.000000 0
34215 0.222222 0
34222 0.000000 0
34230 0.000000 0
34238 0.000000 0
34245 0.000000 0
34252 0.000000 0
34260 0.000000 0
34268 0.235956 0
34275 0.000000 0
34282 0.000000 0
34290 0.000000 0
34298 0.000000 0
34305 0.000000 0
34312 0.000000 0
34320 0.000000 0
34328 0.000000 0
34335 0.341837 0
34342 0.000000 0
34350 0.000000 0
34358 0.142975 0
34365 0.000000 0
34372 0.319791 0
34380 0.952630 0
34388 0.566433 0
34395 0.000000 0
34402 0.000000 0
34410 0.000000 0
34418 0.055607 0
34425 0.000000 0
34432 0.000000 0
34440 0.000000 0
34448 0.000000 0
34455 0.000000 0
34462 0.136440 0
34470 0.133211 0
34478 0.327965 0
34485 0.000000 0
34492 0.000000 0
34500 0.049296 0
34508 0.000000 0
34515 0.000000 0
34522 0.000000 0
34530 0.355320 0
34538 0.000000 0
34545 0.000000 0
34552 0.272452 0
34560 0.000000 0
34568 0.000000 0
34575 0.000000 0
34582 0.000000 0
34590 0.000000 0
34598 0.000000 0
34605 0.267081 0
34612 0.000000 0
34620 0.981978 0
34628 0.810475 0
34635 0.602823 0
34642 0.359339 0
34650 0.300150 0
34658 0.000000 0
34665 0.000000 0
34672 0.000000 0
34680 0.000000 0
34688 0.000000 0
34695 0.000000 0
34702 0.000000 0
34710 0.185063 0
34718 0.000000 0
34725 0.000000 0
34732 0.000000 0
34740 0.164293 0
34748 0.000000 0
34755 0.000000 0
34762 0.000000 0
34770 0.000000 0
34778 0.000000 0
34785 0.000000 0
34792 0.000000 0
34800 0.000000 0
34808 0.000000 0
34815 0.000000 0
34822 0.000000 0
34830 0.307423 0
34838 0.849061 0
34845 0.894021 0
34852 0.220929 0
34860 0.518598 0
34868 0.198381 0
34875 0.000000 0
34882 0.000000 0
34890 0.000000 0
34898 0.000000 0
34905 0.000000 0
34912 0.000000 0
34920 0.000000 0
34928 0.000000 0
34935 0.000000 0
34942 0.302929 0
34950 0.000000 0
34958 0.240512 0
34965 0.000000 0
34972 0.000000 0
34980 0.266621 0
34988 0.000000 0
34995 0.000000 0
35002 0.000000 0
35010 0.000000 0
35018 0.230316 0
35025 0.204460 0
35032 0.000000 0
35040 0.168841 0
35048 0.132738 0
35055 0.000000 0
35062 0.000000 0
35070 0.146394 0
35078 0.401621 0
35085 0.000000 0
35092 0.000000 0
35100 0.738057 0
35108 0.726918 0
35115 0.561728 0
35122 0.548493 0
35130 0.188928 0
35138 0.000000 0
35145 0.000000 0
35152 0.000000 0
35160 0.000000 0
35168 0.000000 0
35175 0.000000 0
35182 0.000000 0
35190 0.000000 0
35198 0.000000 0
35205 0.129364 0
35212 0.429794 0
35220 0.406684 0
35228 0.000000 0
35235 0.000000 0
35242 0.000000 0
35250 0.000000 0
35258 0.000000 0
35265 0.000000 0
35272 0.000000 0
35280 0.000000 0
35288 0.000000 0
35295 0.000000 0
35302 0.000000 0
35310 0.000000 0
35318 0.000000 0
35325 1.000000 0
35332 1.000000 0
35340 0.831153 0
35348 0.000000 0
35355 0.000000 0
35362 0.000000 0
35370 0.000000 0
35378 0.000000 0
35385 0.000000 0
35392 0.000000 0
35400 0.392107 0
35408 0.292380 0
35415 0.000000 0
35422 0.000000 0
35430 0.000000 0
35438 0.000000 0
35445 0.067152 0
35452 0.000000 0
35460 0.000000 0
35468 0.000000 0
35475 0.357653 0
35482 0.000000 0
35490 0.000000 0
35498 0.093993 0
35505 0.000000 0
35512 0.000000 0
35520 0.000000 0
35528 0.000000 0
35535 0.000000 0
35542 0.000000 0
35550 0.171877 0
35558 0.000000 0
35565 0.218025 0
35572 1.000000 0
35580 1.000000 0
35588 0.548210 0
35595 0.220129 0
35602 0.000000 0
35610 0.000000 0
35618 0.000000 0
35625 0.000000 0
35632 0.000000 0
35640 0.000000 0
35648 0.000000 0
35655 0.000000 0
35662 0.000000 0
35670 0.000000 0
35678 0.000000 0
35685 0.000000 0
35692 0.000000 0
35700 0.000000 0
35708 0.000000 0
35715 0.000000 0
35722 0.000000 0
35730 0.000000 0
35738 0.000000 0
35745 0.000000 0
35752 0.120668 0
35760 0.000000 0
35768 0.000000 0
35775 0.000000 0
35782 0.000000 0
35790 0.791806 0
35798 0.911049 0
35805 0.340227 0
35812 0.660133 0
35820 0.000000 0
35828 0.000000 0
35835 0.000000 0
35842 0.000000 0
35850 0.000000 0
35858 0.000000 0
35865 0.000000 0
35872 0.306905 0
35880 0.000000 0
35888 0.000000 0
35895 0.000000 0
35902 0.011222 0
35910 0.297334 0
35918 0.000000 0
35925 0.000000 0
35932 0.000000 0
35940 0.000000 0
35948 0.000000 0
35955 0.394283 0
35962 0.000000 0
35970 0.000000 0
35978 0.000000 0
35985 0.000000 0
35992 0.101240 0
36000 0.318719 0
36008 0.193304 0
36015 0.000000 0
36022 0.000000 0
36030 0.000000 0
36038 0.000000 0
36045 0.609205 0
36052 1.000000 0
36060 0.758202 0
36068 0.266368 0
36075 0.401583 0
36082 0.000000 0
36090 0.000000 0
36098 0.000000 0
36105 0.000000 0
36112 0.000000 0
36120 0.000000 0
36128 0.000000 0
36135 0.000000 0
36142 0.000000 0
36150 0.000000 0
36158 0.000000 0
36165 0.000000 0
36172 0.000000 0
36180 0.000000 0
36188 0.000000 0
36195 0.171559 0
36202 0.000000 0
36210 0.000000 0
36218 0.000000 0
36225 0.000000 0
36232 0.000000 0
36240 0.000000 0
36248 0.000000 0
36255 0.000000 0
36262 0.000000 0
36270 0.000000 0
36278 0.348956 0
36285 0.999992 0
36292 0.618466 0
36300 0.000000 0
36308 0.000000 0
36315 0.000000 0
36322 0.000000 0
36330 0.061958 0
36338 0.000000 0
36345 0.000000 0
36352 0.443800 0
36360 0.000000 0
36368 0.205673 0
36375 0.312180 0
36382 0.000000 0
36390 0.000000 0
36398 0.324289 0
36405 0.000000 0
36412 0.000000 0
36420 0.000000 0
36428 0.173314 0
36435 0.175445 0
36442 0.000000 0
36450 0.000000 0
36458 0.000000 0
36465 0.000000 0
36472 0.000000 0
36480 0.000000 0
36488 0.139179 0
36495 0.163866 0
36502 0.000000 0
36510 0.333694 0
36518 0.000000 0
36525 0.868539 0
36532 1.000000 0
36540 0.662197 0
36548 0.455625 0
36555 0.000000 0
36562 0.000000 0
36570 0.000000 0
36578 0.000000 0
36585 0.000000 0
36592 0.000000 0
36600 0.000000 0
36608 0.000000 0
36615 0.000000 0
36622 0.000000 0
36630 0.106301 0
36638 0.000000 0
36645 0.000000 0
36652 0.000000 0
36660 0.000000 0
36668 0.000000 0
36675 0.000000 0
36682 0.000000 0
36690 0.000000 0
36698 0.000000 0
36705 0.000000 0
36712 0.000000 0
36720 0.000000 0
36728 0.000000 0
36735 0.000000 0
36742 0.898592 0
36750 0.988689 0
36758 0.000000 0
36765 0.550226 0
36772 0.000000 0
36780 0.000000 0
36788 0.000000 0
36795 0.000000 0
36802 0.000000 0
36810 0.000000 0
36818 0.000000 0
36825 0.197433 0
36832 0.000000 0
36840 0.000000 0
36848 0.000000 0
36855 0.000000 0
36862 0.307750 0
36870 0.000000 0
36878 0.000000 0
36885 0.000000 0
36892 0.000000 0
36900 0.190582 0
36908 0.440477 0
36915 0.270495 0
36922 0.105411 0
36930 0.000000 0
36938 0.000000 0
36945 0.000000 0
36952 0.177171 0
36960 0.000000 0
36968 0.000000 0
36975 0.000000 0
36982 0.000000 0
36990 0.119625 0
36998 0.637906 0
37005 1.000000 0
37012 0.761668 0
37020 0.174547 0
37028 0.000000 0
37035 0.280915 0
37042 0.000000 0
37050 0.000000 0
37058 0.000000 0
37065 0.000000 0
37072 0.000000 0
37080 0.000000 0
37088 0.000000 0
37095 0.000000 0
37102 0.185674 0
37110 0.000000 0
37118 0.000000 0
37125 0.346958 0
37132 0.000000 0
37140 0.000000 0
37148 0.000000 0
37155 0.241544 0
37162 0.173152 0
37170 0.000000 0
37178 0.000000 0
37185 0.000000 0
37192 0.384699 0
37200 0.000000 0
37208 0.294319 0
37215 0.000000 0
37222 0.000000 0
37230 0.282335 0
37238 1.000000 0
37245 0.311099 0
37252 0.000000 0
37260 0.000000 0
37268 0.000000 0
37275 0.000000 0
37282 0.000000 0
37290 0.146364 0
37298 0.230088 0
37305 0.217513 0
37312 0.000000 0
37320 0.345008 0
37328 0.411286 0
37335 0.000000 0
37342 0.000000 0
37350 0.000000 0
37358 0.197762 0
37365 0.000000 0
37372 0.201633 0
37380 0.250884 0
37388 0.407808 0
37395 0.152845 0
37402 0.000000 0
37410 0.000000 0
37418 0.000000 0
37425 0.000000 0
37432 0.141378 0
37440 0.000000 0
37448 0.000000 0
37455 0.000000 0
37462 0.000000 0
37470 0.549105 0
37478 1.000000 0
37485 1.000000 0
37492 0.712785 0
37500 0.453207 0
37508 0.213214 0
37515 0.000000 0
37522 0.000000 0
37530 0.000000 0
37538 0.000000 0
37545 0.000000 0
37552 0.000000 0
37560 0.088393 0
37568 0.000000 0
37575 0.000000 0
37582 0.000000 0
37590 0.000000 0
37598 0.000000 0
37605 0.000000 0
37612 0.000000 0
37620 0.000000 0
37628 0.000000 0
37635 0.000000 0
37642 0.000000 0
37650 0.133683 0
37658 0.000000 0
37665 0.000000 0
37672 0.000000 0
37680 0.000000 0
37688 0.000000 0
37695 0.662460 0
37702 0.780472 0
37710 0.111050 0
37718 0.551295 0
37725 0.000000 0
37732 0.000000 0
37740 0.000000 0
37748 0.000000 0
37755 0.000000 0
37762 0.000000 0
37770 0.000000 0
37778 0.000000 0
37785 0.257060 0
37792 0.412110 0
37800 0.077328 0
37808 0.000000 0
37815 0.000000 0
37822 0.000000 0
37830 0.000000 0
37838 0.340059 0
37845 0.000000 0
37852 0.000000 0
37860 0.000000 0
37868 0.051870 0
37875 0.243474 0
37882 0.000000 0
37890 0.000000 0
37898 0.000000 0
37905 0.162235 0
37912 0.000000 0
37920 0.000000 0
37928 0.175231 0
37935 0.000000 0
37942 0.000000 0
37950 0.623109 0
37958 0.946187 0
37965 0.604355 0
37972 0.187835 0
37980 0.428680 0
37988 0.000000 0
37995 0.000000 0
38002 0.000000 0
38010 0.000000 0
38018 0.000000 0
38025 0.000000 0
38032 0.000000 0
38040 0.000000 0
38048 0.000000 0
38055 0.156800 0
38062 0.000000 0
38070 0.000000 0
38078 0.289587 0
38085 0.000000 0
38092 0.000000 0
38100 0.000000 0
38108 0.186917 0
38115 0.250131 0
38122 0.216317 0
38130 0.000000 0
38138 0.000000 0
38145 0.094770 0
38152 0.000000 0
38160 0.000000 0
38168 0.000000 0
38175 0.000000 0
38182 0.422224 0
38190 1.000000 0
38198 0.701818 0
38205 0.000000 0
38212 0.000000 0
38220 0.212354 0
38228 0.263362 0
38235 0.323491 0
38242 0.182088 0
38250 0.291058 0
38258 0.303132 0
38265 0.000000 0
38272 0.000000 0
38280 0.293486 0
38288 0.000000 0
38295 0.191763 0
38302 0.231030 0
38310 0.000000 0
38318 0.223655 0
38325 0.290307 0
38332 0.000000 0
38340 0.135068 0
38348 0.000000 0
38355 0.256901 0
38362 0.140125 0
38370 0.000000 0
38378 0.000000 0
38385 0.126740 0
38392 0.103657 0
38400 0.119555 0
38408 0.000000 0
38415 0.000000 0
38422 0.347249 0
38430 0.000000 0
38438 0.302484 0
38445 0.000000 0
38452 0.000000 0
38460 0.000000 0
38468 0.000000 0
38475 0.000000 0
38482 0.000000 0
38490 0.000000 0
38498 0.326916 0
38505 0.000000 0
38512 0.144520 0
38520 0.000000 0
38528 0.000000 0
38535 0.134401 0
38542 0.000000 0
38550 0.000000 0
38558 0.000000 0
38565 0.000000 0
38572 0.283393 0
38580 0.000000 0
38588 0.309711 0
38595 0.247009 0
38602 0.096610 0
38610 0.311493 0
38618 0.000000 0
38625 0.000000 0
38632 0.000000 0
38640 0.124606 0
38648 0.225235 0
38655 0.000000 0
38662 0.000000 0
38670 0.224260 0
38678 0.406706 0
38685 0.000000 0
38692 0.000000 0
38700 0.344219 0
38708 0.191453 0
38715 0.401982 0
38722 0.363600 0
38730 0.000000 0
38738 0.000000 0
38745 0.000000 0
38752 0.000000 0
38760 0.379691 0
38768 0.240439 0
38775 0.000000 0
38782 0.020594 0
38790 0.000000 0
38798 0.112290 0
38805 0.000000 0
38812 0.000000 0
38820 0.000000 0
38828 0.000000 0
38835 0.494127 0
38842 0.000000 0
38850 0.000000 0
38858 0.000000 0
38865 0.000000 0
38872 0.359071 0
38880 0.169729 0
38888 0.000000 0
38895 0.000000 0
38902 0.084262 0
38910 0.000000 0
38918 0.000000 0
38925 0.000000 0
38932 0.000000 0
38940 0.215518 0
38948 0.000000 0
38955 0.194678 0
38962 0.249873 0
38970 0.000000 0
38978 0.054491 0
38985 0.000000 0
38992 0.000000 0
39000 0.295060 0
39008 0.000000 0
39015 0.417180 0
39022 0.229629 0
39030 0.000000 0
39038 0.214924 0
39045 0.000000 0
39052 0.000000 0
39060 0.000000 0
39068 0.232376 0
39075 0.367376 0
39082 0.120270 0
39090 0.000000 0
39098 0.000000 0
39105 0.000000 0
39112 0.024066 0
39120 0.142947 0
39128 0.000000 0
39135 0.000000 0
39142 0.545521 0
39150 0.526697 0
39158 0.189824 0
39165 0.000000 0
39172 0.000000 0
39180 0.246264 0
39188 0.132999 0
39195 0.026750 0
39202 0.000000 0
39210 0.210788 0
39218 0.000000 0
39225 0.318133 0
39232 0.243686 0
39240 0.158609 0
39248 0.000000 0
39255 0.402779 0
39262 0.000000 0
39270 0.000000 0
39278 0.251034 0
39285 0.000000 0
39292 0.089807 0
39300 0.000000 0
39308 0.213106 0
39315 0.172420 0
39322 0.000000 0
39330 0.000000 0
39338 0.000000 0
39345 0.287271 0
39352 0.242405 0
39360 0.108467 0
39368 0.000000 0
39375 0.000000 0
39382 0.349510 0
39390 0.000000 0
39398 0.365489 0
39405 0.000000 0
39412 0.169113 0
39420 0.000000 0
39428 0.000000 0
39435 0.000000 0
39442 0.274983 0
39450 0.331703 0
39458 0.000000 0
39465 0.273396 0
39472 0.471374 0
39480 0.000000 0
39488 0.000000 0
39495 0.000000 0
39502 0.178085 0
39510 0.000000 0
39518 0.000000 0
39525 0.178351 0
39532 0.000000 0
39540 0.000000 0
39548 0.000000 0
39555 0.277831 0
39562 0.278123 0
39570 0.138445 0
39578 0.325663 0
39585 0.000000 0
39592 0.220344 0
39600 0.000000 0
39608 0.101886 0
39615 0.304059 0
39622 0.400148 0
39630 0.112442 0
39638 0.000000 0
39645 0.000000 0
39652 0.235801 0
39660 0.249174 0
39668 0.337179 0
39675 0.000000 0
39682 0.000000 0
39690 0.000000 0
39698 0.000000 0
39705 0.000000 0
39712 0.000000 0
39720 0.100144 0
39728 0.181899 0
39735 0.000000 0
39742 0.000000 0
39750 0.191927 0
39758 0.000000 0
39765 0.326229 0
39772 0.000000 0
39780 0.000000 0
39788 0.310757 0
39795 0.000000 0
39802 0.000000 0
39810 0.000000 0
39818 0.000000 0
39825 0.239356 0
39832 0.221830 0
39840 0.000000 0
39848 0.307068 0
39855 0.326697 0
39862 0.363612 0
39870 0.000000 0
39878 0.000000 0
39885 0.000000 0
39892 0.229072 0
39900 0.160832 0
39908 0.211677 0
39915 0.131880 0
39922 0.082285 0
39930 0.000000 0
39938 0.000000 0
39945 0.000000 0
39952 0.000000 0
39960 0.145581 0
39968 0.000000 0
39975 0.248489 0
39982 0.000000 0
39990 0.207817 0
39998 0.327017 0
40005 0.324525 0
40012 0.000000 0
40020 0.000000 0
40028 0.000000 0
40035 0.132618 0
40042 0.000000 0
40050 0.336763 0
40058 0.000000 0
40065 0.000000 0
40072 0.000000 0
40080 0.124091 0
40088 0.332141 0
40095 0.455746 0
40102 0.305505 0
40110 0.000000 0
40118 0.000000 0
40125 0.000000 0
40132 0.335492 0
40140 0.000000 0
40148 0.000000 0
40155 0.253733 0
40162 0.364294 0
40170 0.384006 0
40178 0.187593 0
40185 0.000000 0
40192 0.145192 0
40200 0.129175 0
40208 0.202719 0
40215 0.000000 0
40222 0.000000 0
40230 0.284060 0
40238 0.000000 0
40245 0.000000 0
40252 0.000000 0
40260 0.455882 0
40268 0.000000 0
40275 0.141168 0
40282 0.138101 0
40290 0.000000 0
40298 0.273755 0
40305 0.417850 0
40312 0.251000 0
40320 0.000000 0
40328 0.000000 0
40335 0.235848 0
40342 0.000000 0
40350 0.000000 0
40358 0.253042 0
40365 0.057432 0
40372 0.000000 0
40380 0.000000 0
40388 0.000000 0
40395 0.000000 0
40402 0.415560 0
40410 0.000000 0
40418 0.361996 0
40425 0.000000 0
40432 0.182086 0
40440 0.000000 0
40448 0.000000 0
40455 0.041600 0
40462 0.163601 0
40470 0.307033 0
40478 0.000000 0
40485 0.000000 0
40492 0.402512 0
40500 0.407750 0
40508 0.044569 0
40515 0.000000 0
40522 0.000000 0
40530 0.000000 0
40538 0.273388 0
40545 0.000000 0
40552 0.178984 0
40560 0.357482 0
40568 0.000000 0
40575 0.310750 0
40582 0.547990 0
40590 0.000000 0
40598 0.000000 0
40605 0.000000 0
40612 0.207146 0
40620 0.000000 0
40628 0.428989 0
40635 0.144549 0
40642 0.000000 0
40650 0.000000 0
40658 0.000000 0
40665 0.000000 0
40672 0.308696 0
40680 0.092062 0
40688 0.150535 0
40695 0.000000 0
40702 0.278211 0
40710 0.175429 0
40718 0.000000 0
40725 0.000000 0
40732 0.000000 0
40740 0.000000 0
40748 0.043051 0
40755 0.000000 0
40762 0.000000 0
40770 0.472563 0
40778 0.000000 0
40785 0.175701 0
40792 0.328970 0
40800 0.000000 0
40808 0.321820 0
40815 0.494128 0
40822 0.000000 0
40830 0.000000 0
40838 0.257941 0
40845 0.000000 0
40852 0.000000 0
40860 0.000000 0
40868 0.000000 0
40875 0.000000 0
40882 0.000000 0
40890 0.000000 0
40898 0.343237 0
40905 0.000000 0
40912 0.000000 0
40920 0.000000 0
40928 0.000000 0
40935 0.183579 0
40942 0.000000 0
40950 0.000000 0
40958 0.000000 0
40965 0.000000 0
40972 0.261483 0
40980 0.409149 0
40988 0.241352 0
40995 0.374450 0
41002 0.000000 0
41010 0.000000 0
41018 0.336796 0
41025 0.131492 0
41032 0.162722 0
41040 0.000000 0
41048 0.274589 0
41055 0.287246 0
41062 0.000000 0
41070 0.093437 0
41078 0.145925 0
41085 0.091429 0
41092 0.367916 0
41100 0.000000 0
41108 0.000000 0
41115 0.072671 0
41122 0.280350 0
41130 0.000000 0
41138 0.000000 0
41145 0.000000 0
41152 0.000000 0
41160 0.000000 0
41168 0.000000 0
41175 0.386744 0
41182 0.377346 0
41190 0.000000 0
41198 0.256725 0
41205 0.141909 0
41212 0.285560 0
41220 0.000000 0
41228 0.394011 0
41235 0.000000 0
41242 0.267715 0
41250 0.195945 0
41258 0.000000 0
41265 0.000000 0
41272 0.000000 0
41280 0.407261 0
41288 0.545213 0
41295 0.210231 0
41302 0.000000 0
41310 0.359213 0
41318 0.393140 0
41325 0.000000 0
41332 0.000000 0
41340 0.000000 0
41348 0.197565 0
41355 0.256607 0
41362 0.155527 0
41370 0.000000 0
41378 0.000000 0
41385 0.160470 0
41392 0.212490 0
41400 0.000000 0
41408 0.000000 0
41415 0.221650 0
41422 0.167127 0
41430 0.000000 0
41438 0.000000 0
41445 0.000000 0
41452 0.159742 0
41460 0.329340 0
41468 0.000000 0
41475 0.000000 0
41482 0.284288 0
41490 0.000000 0
41498 0.000000 0
41505 0.000000 0
41512 0.000000 0
41520 0.384403 0
41528 0.598226 0
41535 0.368611 0
41542 0.000000 0
41550 0.000000 0
41558 0.142885 0
41565 0.000000 0
41572 0.306182 0
41580 0.191339 0
41588 0.283710 0
41595 0.000000 0
41602 0.000000 0
41610 0.198760 0
41618 0.000000 0
41625 0.195485 0
41632 0.000000 0
41640 0.000000 0
41648 0.196975 0
41655 0.000000 0
41662 0.000000 0
41670 0.218137 0
41678 0.000000 0
41685 0.000000 0
41692 0.163305 0
41700 0.198265 0
41708 0.000000 0
41715 0.000000 0
41722 0.000000 0
41730 0.000000 0
41738 0.093377 0
41745 0.281069 0
41752 0.307015 0
41760 0.535649 0
41768 0.465563 0
41775 0.000000 0
41782 0.000000 0
41790 0.000000 0
41798 0.000000 0
41805 0.214985 0
41812 0.325607 0
41820 0.000000 0
41828 0.000000 0
41835 0.000000 0
41842 0.129517 0
41850 0.000000 0
41858 0.149966 0
41865 0.114426 0
41872 0.000000 0
41880 0.210251 0
41888 0.223201 0
41895 0.000000 0
41902 0.000000 0
41910 0.000000 0
41918 0.000000 0
41925 0.128755 0
41932 0.000000 0
41940 0.000000 0
41948 0.000000 0
41955 0.178850 0
41962 0.000000 0
41970 0.000000 0
41978 0.000000 0
41985 0.000000 0
41992 0.000000 0
42000 0.636040 0
42008 0.693260 0
42015 0.000000 0
42022 0.000000 0
42030 0.071131 0
42038 0.378001 0
42045 0.000000 0
42052 0.062605 0
42060 0.296306 0
42068 0.000000 0
42075 0.000000 0
42082 0.231679 0
42090 0.260990 0
42098 0.302025 0
42105 0.000000 0
42112 0.000000 0
42120 0.261502 0
42128 0.314093 0
42135 0.103828 0
42142 0.000000 0
42150 0.000000 0
42158 0.346017 0
42165 0.394381 0
42172 0.000000 0
42180 0.325259 0
42188 0.342093 0
42195 0.000000 0
42202 0.000000 0
42210 0.406398 0
42218 0.000000 0
42225 0.000000 0
42232 0.583353 0
42240 0.561164 0
42248 0.370496 0
42255 0.259819 0
42262 0.000000 0
42270 0.348600 0
42278 0.000000 0
42285 0.148497 0
42292 0.536439 0
42300 0.000000 0
42308 0.146067 0
42315 0.000000 0
42322 0.048545 0
42330 0.262418 0
42338 0.197738 0
42345 0.425117 0
42352 0.000000 0
42360 0.000000 0
42368 0.505648 0
42375 0.209702 0
42382 0.000000 0
42390 0.000000 0
42398 0.000000 0
42405 0.000000 0
42412 0.000000 0
42420 0.288462 0
42428 0.125695 0
42435 0.000000 0
42442 0.521047 0
42450 0.394950 0
42458 0.000000 0
42465 0.000000 0
42472 0.377653 0
42480 0.639165 0
42488 0.487199 0
42495 0.000000 0
42502 0.000000 0
42510 0.000000 0
42518 0.000000 0
42525 0.000000 0
42532 0.000000 0
42540 0.000000 0
42548 0.000000 0
42555 0.000000 0
42562 0.080184 0
42570 0.000000 0
42578 0.000000 0
42585 0.000000 0
42592 0.000000 0
42600 0.417212 0
42608 0.000000 0
42615 0.000000 0
42622 0.000000 0
42630 0.000000 0
42638 0.295473 0
42645 0.000000 0
42652 0.000000 0
42660 0.000000 0
42668 0.000000 0
42675 0.000000 0
42682 0.000000 0
42690 0.000000 0
42698 0.316125 0
42705 0.293038 0
42712 0.355807 0
42720 0.000000 0
42728 0.000000 0
42735 0.000000 0
42742 0.000000 0
42750 0.215259 0
42758 0.000000 0
42765 0.000000 0
42772 0.000000 0
42780 0.327707 0
42788 0.000000 0
42795 0.000000 0
42802 0.111524 0
42810 0.000000 0
42818 0.000000 0
42825 0.000000 0
42832 0.000000 0
42840 0.000000 0
42848 0.160876 0
42855 0.079917 0
42862 0.000000 0
42870 0.000000 0
42878 0.366559 0
42885 0.000000 0
42892 0.000000 0
42900 0.000000 0
42908 0.000000 0
42915 0.000000 0
42922 0.000000 0
42930 0.445732 0
42938 0.362853 0
42945 0.000000 0
42952 1.000000 0
42960 0.915536 0
42968 0.000000 0
42975 0.000000 0
42982 0.000000 0
42990 0.325473 0
42998 0.474022 0
43005 0.000000 0
43012 0.228201 0
43020 0.000000 0
43028 0.000000 0
43035 0.137537 0
43042 0.000000 0
43050 0.000000 0
43058 0.000000 0
43065 0.000000 0
43072 0.000000 0
43080 0.000000 0
43088 0.000000 0
43095 0.268179 0
43102 0.000000 0
43110 0.000000 0
43118 0.100802 0
43125 0.087092 0
43132 0.000000 0
43140 0.272629 0
43148 0.000000 0
43155 0.000000 0
43162 0.000000 0
43170 0.000000 0
43178 0.264885 0
43185 0.461124 0
43192 0.766925 0
43200 0.784085 0
43208 0.340635 0
43215 0.000000 0
43222 0.000000 0
43230 0.070539 0
43238 0.000000 0
43245 0.000000 0
43252 0.197700 0
43260 0.000000 0
43268 0.000000 0
43275 0.256944 0
43282 0.000000 0
43290 0.000000 0
43298 0.000000 0
43305 0.000000 0
43312 0.219482 0
43320 0.000000 0
43328 0.000000 0
43335 0.000000 0
43342 0.000000 0
43350 0.000000 0
43358 0.211015 0
43365 0.000000 0
43372 0.000000 0
43380 0.000000 0
43388 0.000000 0
43395 0.000000 0
43402 0.000000 0
43410 0.000000 0
43418 0.522147 0
43425 0.476804 0
43432 0.947050 0
43440 0.578432 0
43448 0.000000 0
43455 0.000000 0
43462 0.000000 0
43470 0.000000 0
43478 0.129472 0
43485 0.218030 0
43492 0.000000 0
43500 0.000000 0
43508 0.184155 0
43515 0.000000 0
43522 0.000000 0
43530 0.000000 0
43538 0.000000 0
43545 0.000000 0
43552 0.000000 0
43560 0.000000 0
43568 0.000000 0
43575 0.000000 0
43582 0.208338 0
43590 0.000000 0
43598 0.000000 0
43605 0.000000 0
43612 0.000000 0
43620 0.000000 0
43628 0.000000 0
43635 0.000000 0
43642 0.000000 0
43650 0.000000 0
43658 0.268198 0
43665 0.675790 0
43672 0.865111 0
43680 0.513546 0
43688 0.000000 0
43695 0.000000 0
43702 0.000000 0
43710 0.000000 0
43718 0.000000 0
43725 0.000000 0
43732 0.000000 0
43740 0.000000 0
43748 0.052166 0
43755 0.000000 0
43762 0.000000 0
43770 0.000000 0
43778 0.000000 0
43785 0.278770 0
43792 0.000000 0
43800 0.000000 0
43808 0.000000 0
43815 0.000000 0
43822 0.000000 0
43830 0.000000 0
43838 0.000000 0
43845 0.000000 0
43852 0.101909 0
43860 0.000000 0
43868 0.000000 0
43875 0.000000 0
43882 0.000000 0
43890 0.000000 0
43898 0.000000 0
43905 0.746078 0
43912 0.844625 0
43920 0.426444 0
43928 0.000000 0
43935 0.000000 0
43942 0.000000 0
43950 0.230156 0
43958 0.457761 0
43965 0.000000 0
43972 0.000000 0
43980 0.000000 0
43988 0.274441 0
43995 0.203617 0
44002 0.000000 0
44010 0.000000 0
44018 0.455367 0
44025 0.000000 0
44032 0.406916 0
44040 0.449443 0
44048 0.323002 0
44055 0.381694 0
44062 0.261418 0
44070 0.000000 0
44078 0.347550 0
44085 0.284713 0
44092 0.000000 0
44100 0.190750 0
44108 0.415900 0
44115 0.000000 0
44122 0.130972 0
44130 0.401177 0
44138 0.465944 0
44145 0.682590 0
44152 0.780093 0
44160 0.529766 0
44168 0.262091 0
44175 0.215283 0
44182 0.144108 0
44190 0.000000 0
44198 0.000000 0
44205 0.000000 0
44212 0.240083 0
44220 0.000000 0
44228 0.000000 0
44235 0.000000 0
44242 0.000000 0
44250 0.240625 0
44258 0.147372 0
44265 0.000000 0
44272 0.000000 0
44280 0.154178 0
44288 0.000000 0
44295 0.325555 0
44302 0.000000 0
44310 0.000000 0
44318 0.329782 0
44325 0.172947 0
44332 0.266468 0
44340 0.029044 0
44348 0.000000 0
44355 0.000000 0
44362 0.397771 0
44370 0.446087 0
44378 0.309616 0
44385 0.569384 0
44392 0.466559 0
44400 0.000000 0
44408 0.000000 0
44415 0.000000 0
44422 0.236511 0
44430 0.000000 0
44438 0.000000 0
44445 0.000000 0
44452 0.000000 0
44460 0.254500 0
44468 0.000000 0
44475 0.210438 0
44482 0.000000 0
44490 0.000000 0
44498 0.000000 0
44505 0.000000 0
44512 0.000000 0
44520 0.246433 0
44528 0.000000 0
44535 0.000000 0
44542 0.000000 0
44550 0.000000 0
44558 0.000000 0
44565 0.122181 0
44572 0.000000 0
44580 0.000000 0
44588 0.000000 0
44595 0.158443 0
44602 0.000000 0
44610 0.000000 0
44618 0.643163 0
44625 1.000000 0
44632 0.725455 0
44640 0.000000 0
44648 0.000000 0
44655 0.000000 0
44662 0.000000 0
44670 0.262632 0
44678 0.000000 0
44685 0.000000 0
44692 0.185497 0
44700 0.000000 0
44708 0.301486 0
44715 0.000000 0
44722 0.000000 0
44730 0.000000 0
44738 0.000000 0
44745 0.000000 0
44752 0.000000 0
44760 0.000000 0
44768 0.000000 0
44775 0.000000 0
44782 0.304993 0
44790 0.000000 0
44798 0.193772 0
44805 0.408599 0
44812 0.172328 0
44820 0.000000 0
44828 0.124786 0
44835 0.000000 0
44842 0.000000 0
44850 0.057995 0
44858 0.000000 0
44865 0.000000 0
44872 0.000000 0
44880 0.000000 0
44888 0.000000 0
44895 0.000000 0
44902 0.278634 0
44910 0.236426 0
44918 0.381538 0
44925 0.000000 0
44932 0.000000 0
44940 0.000000 0
44948 0.317346 0
44955 0.000000 0
44962 0.270039 0
44970 0.209673 0
44978 0.000000 0
44985 0.000000 0
44992 0.000000 0
45000 0.000000 0
45008 0.132633 0
45015 0.000000 0
45022 0.000000 0
45030 0.000000 0
45038 0.000000 0
45045 0.184940 0
45052 0.000000 0
45060 0.000000 0
45068 0.000000 0
45075 0.000000 0
45082 0.118307 0
45090 0.850983 0
45098 1.000000 0
45105 0.952519 0
45112 0.388967 0
45120 0.000000 0
45128 0.000000 0
45135 0.000000 0
45142 0.000000 0
45150 0.000000 0
45158 0.000000 0
45165 0.000000 0
45172 0.318027 0
45180 0.112779 0
45188 0.000000 0
45195 0.121304 0
45202 0.000000 0
45210 0.000000 0
45218 0.000000 0
45225 0.000000 0
45232 0.082724 0
45240 0.000000 0
45248 0.000000 0
45255 0.000000 0
45262 0.231660 0
45270 0.202664 0
45278 0.000000 0
45285 0.000000 0
45292 0.000000 0
45300 0.000000 0
45308 0.000000 0
45315 0.000000 0
45322 0.000000 0
45330 0.708919 0
45338 1.000000 0
45345 0.668013 0
45352 0.000000 0
45360 0.000000 0
45368 0.000000 0
45375 0.000000 0
45382 0.000000 0
45390 0.000000 0
45398 0.000000 0
45405 0.000000 0
45412 0.000000 0
45420 0.000000 0
45428 0.000000 0
45435 0.000000 0
45442 0.000000 0
45450 0.000000 0
45458 0.000000 0
45465 0.000000 0
45472 0.000000 0
45480 0.378408 0
45488 0.000000 0
45495 0.000000 0
45502 0.000000 0
45510 0.135545 0
45518 0.000000 0
45525 0.000000 0
45532 0.000000 0
45540 0.000000 0
45548 0.000000 0
45555 0.252729 0
45562 0.000000 0
45570 0.968909 0
45578 0.979635 0
45585 0.586336 0
45592 0.000000 0
45600 0.000000 0
45608 0.000000 0
45615 0.000000 0
45622 0.103944 0
45630 0.000000 0
45638 0.000000 0
45645 0.293619 0
45652 0.000000 0
45660 0.000000 0
45668 0.000000 0
45675 0.000000 0
45682 0.000000 0
45690 0.000000 0
45698 0.000000 0
45705 0.000000 0
45712 0.000000 0
45720 0.173236 0
45728 0.000000 0
45735 0.107750 0
45742 0.000000 0
45750 0.000000 0
45758 0.000000 0
45765 0.182733 0
45772 0.000000 0
45780 0.000000 0
45788 0.000000 0
45795 0.069146 0
45802 0.000000 0
45810 0.872680 0
45818 0.901666 0
45825 0.000000 0
45832 0.000000 0
45840 0.000000 0
45848 0.219668 0
45855 0.000000 0
45862 0.173123 0
45870 0.443469 0
45878 0.255081 0
45885 0.000000 0
45892 0.000000 0
45900 0.152521 0
45908 0.000000 0
45915 0.000000 0
45922 0.000000 0
45930 0.235808 0
45938 0.000000 0
45945 0.000000 0
45952 0.213922 0
45960 0.252912 0
45968 0.362061 0
45975 0.172761 0
45982 0.128365 0
45990 0.000000 0
45998 0.352831 0
46005 0.362497 0
46012 0.090601 0
46020 0.325435 0
46028 0.000000 0
46035 0.189824 0
46042 0.302401 0
46050 0.693033 0
46058 0.869285 0
46065 0.437219 0
46072 0.000000 0
46080 0.000000 0
46088 0.115378 0
46095 0.000000 0
46102 0.248730 0
46110 0.000000 0
46118 0.000000 0
46125 0.163658 0
46132 0.000000 0
46140 0.000000 0
46148 0.236559 0
46155 0.219945 0
46162 0.000000 0
46170 0.000000 0
46178 0.000000 0
46185 0.000000 0
46192 0.000000 0
46200 0.000000 0
46208 0.107352 0
46215 0.182425 0
46222 0.224803 0
46230 0.000000 0
46238 0.000000 0
46245 0.000000 0
46252 0.179616 0
46260 0.212237 0
46268 0.000000 0
46275 0.000000 0
46282 0.142347 0
46290 0.685442 0
46298 0.482912 0
46305 0.000000 0
46312 0.000000 0
46320 0.000000 0
46328 0.000000 0
46335 0.162364 0
46342 0.340228 0
46350 0.000000 0
46358 0.000000 0
46365 0.449858 0
46372 0.000000 0
46380 0.081569 0
46388 0.070945 0
46395 0.000000 0
46402 0.000000 0
46410 0.200179 0
46418 0.000000 0
46425 0.000000 0
46432 0.407188 0
46440 0.000000 0
46448 0.000000 0
46455 0.000000 0
46462 0.000000 0
46470 0.000000 0
46478 0.222603 0
46485 0.000000 0
46492 0.104978 0
46500 0.195960 0
46508 0.000000 0
46515 0.000000 0
46522 0.000000 0
46530 0.000000 0
46538 0.000000 0
46545 0.000000 0
46552 0.000000 0
46560 0.000000 0
46568 0.000000 0
46575 0.492079 0
46582 0.032791 0
46590 0.000000 0
46598 0.085203 0
46605 0.000000 0
46612 0.000000 0
46620 0.000000 0
46628 0.000000 0
46635 0.000000 0
46642 0.000000 0
46650 0.000000 0
46658 0.000000 0
46665 0.000000 0
46672 0.000000 0
46680 0.185406 0
46688 0.000000 0
46695 0.000000 0
46702 0.000000 0
46710 0.261681 0
46718 0.000000 0
46725 0.000000 0
46732 0.280051 0
46740 0.000000 0
46748 0.043646 0
46755 0.829062 0
46762 1.000000 0
46770 1.000000 0
46778 0.000000 0
46785 0.000000 0
46792 0.000000 0
46800 0.000000 0
46808 0.000000 0
46815 0.000000 0
46822 0.000000 0
46830 0.000000 0
46838 0.000000 0
46845 0.000000 0
46852 0.186191 0
46860 0.000000 0
46868 0.000000 0
46875 0.000000 0
46882 0.000000 0
46890 0.000000 0
46898 0.348582 0
46905 0.155200 0
46912 0.000000 0
46920 0.000000 0
46928 0.243888 0
46935 0.000000 0
46942 0.000000 0
46950 0.000000 0
46958 0.000000 0
46965 0.303547 0
46972 0.000000 0
46980 0.000000 0
46988 0.000000 0
46995 0.480660 0
47002 1.000000 0
47010 0.909465 0
47018 0.227925 0
47025 0.000000 0
47032 0.000000 0
47040 0.000000 0
47048 0.268334 0
47055 0.000000 0
47062 0.000000 0
47070 0.000000 0
47078 0.124836 0
47085 0.000000 0
47092 0.000000 0
47100 0.000000 0
47108 0.000000 0
47115 0.000000 0
47122 0.000000 0
47130 0.000000 0
47138 0.000000 0
47145 0.000000 0
47152 0.241014 0
47160 0.000000 0
47168 0.000000 0
47175 0.000000 0
47182 0.144622 0
47190 0.000000 0
47198 0.000000 0
47205 0.000000 0
47212 0.000000 0
47220 0.000000 0
47228 0.000000 0
47235 0.695814 0
47242 1.000000 0
47250 0.483926 0
47258 0.000000 0
47265 0.000000 0
47272 0.000000 0
47280 0.000000 0
47288 0.000000 0
47295 0.000000 0
47302 0.254197 0
47310 0.000000 0
47318 0.000000 0
47325 0.273417 0
47332 0.000000 0
47340 0.000000 0
47348 0.000000 0
47355 0.000000 0
47362 0.000000 0
47370 0.082544 0
47378 0.000000 0
47385 0.000000 0
47392 0.000000 0
47400 0.000000 0
47408 0.424279 0
47415 0.000000 0
47422 0.033928 0
47430 0.000000 0
47438 0.000000 0
47445 0.000000 0
47452 0.000000 0
47460 0.000000 0
47468 0.285175 0
47475 0.984780 0
47482 1.000000 0
47490 0.629468 0
47498 0.000000 0
47505 0.000000 0
47512 0.000000 0
47520 0.000000 0
47528 0.000000 0
47535 0.000000 0
47542 0.296848 0
47550 0.000000 0
47558 0.000000 0
47565 0.000000 0
47572 0.000000 0
47580 0.000000 0
47588 0.000000 0
47595 0.236875 0
47602 0.000000 0
47610 0.000000 0
47618 0.000000 0
47625 0.000000 0
47632 0.138537 0
47640 0.000000 0
47648 0.000000 0
47655 0.000000 0
47662 0.239205 0
47670 0.000000 0
47678 0.000000 0
47685 0.000000 0
47692 0.251391 0
47700 0.000000 0
47708 0.000000 0
47715 0.918596 0
47722 0.770999 0
47730 0.000000 0
47738 0.000000 0
47745 0.000000 0
47752 0.000000 0
47760 0.270278 0
47768 0.000000 0
47775 0.189883 0
47782 0.295785 0
47790 0.000000 0
47798 0.000000 0
47805 0.000000 0
47812 0.000000 0
47820 0.000000 0
47828 0.000000 0
47835 0.000000 0
47842 0.000000 0
47850 0.245100 0
47858 0.209504 0
47865 0.000000 0
47872 0.000000 0
47880 0.038424 0
47888 0.000000 0
47895 0.177270 0
47902 0.426836 0
47910 0.000000 0
47918 0.000000 0
47925 0.185111 0
47932 0.000000 0
47940 0.252276 0
47948 0.336697 0
47955 0.839970 0
47962 0.816409 0
47970 0.402493 0
47978 0.000000 0
47985 0.151712 0
47992 0.000000 0
48000 0.000000 0
48008 0.000000 0
48015 0.202316 0
48022 0.116761 0
48030 0.000000 0
48038 0.000000 0
48045 0.000000 0
48052 0.241877 0
48060 0.000000 0
48068 0.000000 0
48075 0.102547 0
48082 0.000000 0
48090 0.000000 0
48098 0.000000 0
48105 0.181320 0
48112 0.000000 0
48120 0.000000 0
48128 0.000000 0
48135 0.195491 0
48142 0.000000 0
48150 0.000000 0
48158 0.000000 0
48165 0.451580 0
48172 0.309808 0
48180 0.000000 0
48188 0.407044 0
48195 0.944323 0
48202 0.580967 0
48210 0.000000 0
48218 0.000000 0
48225 0.000000 0
48232 0.000000 0
48240 0.000000 0
48248 0.000000 0
48255 0.000000 0
48262 0.000000 0
48270 0.000000 0
48278 0.180227 0
48285 0.000000 0
48292 0.000000 0
48300 0.206463 0
48308 0.338497 0
48315 0.000000 0
48322 0.000000 0
48330 0.000000 0
48338 0.000000 0
48345 0.228941 0
48352 0.000000 0
48360 0.000000 0
48368 0.000000 0
48375 0.433893 0
48382 0.000000 0
48390 0.000000 0
48398 0.000000 0
48405 0.000000 0
48412 0.000000 0
48420 0.154002 0
48428 0.883574 0
48435 1.000000 0
48442 0.587526 0
48450 0.000000 0
48458 0.000000 0
48465 0.000000 0
48472 0.218958 0
48480 0.139815 0
48488 0.134327 0
48495 0.000000 0
48502 0.000000 0
48510 0.000000 0
48518 0.000000 0
48525 0.268956 0
48532 0.000000 0
48540 0.000000 0
48548 0.000000 0
48555 0.000000 0
48562 0.000000 0
48570 0.000000 0
48578 0.000000 0
48585 0.000000 0
48592 0.520564 0
48600 0.416282 0
48608 0.129241 0
48615 0.170865 0
48622 0.146090 0
48630 0.217503 0
48638 0.000000 0
48645 0.000000 0
48652 0.192280 0
48660 0.000000 0
48668 0.000000 0
48675 0.000000 0
48682 0.000000 0
48690 0.000000 0
48698 0.000000 0
48705 0.000000 0
48712 0.398186 0
48720 0.000000 0
48728 0.119846 0
48735 0.000000 0
48742 0.000000 0
48750 0.000000 0
48758 0.091137 0
48765 0.277647 0
48772 0.000000 0
48780 0.153234 0
48788 0.000000 0
48795 0.000000 0
48802 0.000000 0
48810 0.000000 0
48818 0.174184 0
48825 0.000000 0
48832 0.000000 0
48840 0.000000 0
48848 0.000000 0
48855 0.000000 0
48862 0.261539 0
48870 0.000000 0
48878 0.000000 0
48885 0.000000 0
48892 0.245399 0
48900 0.971464 0
48908 1.000000 0
48915 1.000000 0
48922 0.423054 0
48930 0.000000 0
48938 0.000000 0
48945 0.299893 0
48952 0.193048 0
48960 0.000000 0
48968 0.000000 0
48975 0.259934 0
48982 0.000000 0
48990 0.000000 0
48998 0.000000 0
49005 0.000000 0
49012 0.347811 0
49020 0.000000 0
49028 0.000000 0
49035 0.000000 0
49042 0.000000 0
49050 0.000000 0
49058 0.000000 0
49065 0.000000 0
49072 0.049982 0
49080 0.000000 0
49088 0.155758 0
49095 0.000000 0
49102 0.000000 0
49110 0.000000 0
49118 0.000000 0
49125 0.000000 0
49132 0.000000 0
49140 0.687121 0
49148 1.000000 0
49155 0.515929 0
49162 0.000000 0
49170 0.000000 0
49178 0.000000 0
49185 0.000000 0
49192 0.248067 0
49200 0.000000 0
49208 0.000000 0
49215 0.000000 0
49222 0.000000 0
49230 0.000000 0
49238 0.000000 0
49245 0.000000 0
49252 0.000000 0
49260 0.000000 0
49268 0.000000 0
49275 0.000000 0
49282 0.199798 0
49290 0.038882 0
49298 0.145150 0
49305 0.058579 0
49312 0.000000 0
49320 0.000000 0
49328 0.000000 0
49335 0.000000 0
49342 0.000000 0
49350 0.000000 0
49358 0.248729 0
49365 0.000000 0
49372 0.000000 0
49380 0.934177 0
49388 1.000000 0
49395 0.488154 0
49402 0.152953 0
49410 0.000000 0
49418 0.000000 0
49425 0.000000 0
49432 0.000000 0
49440 0.000000 0
49448 0.000000 0
49455 0.096428 0
49462 0.000000 0
49470 0.000000 0
49478 0.000000 0
49485 0.000000 0
49492 0.000000 0
49500 0.000000 0
49508 0.201813 0
49515 0.000000 0
49522 0.000000 0
49530 0.000000 0
49538 0.170593 0
49545 0.000000 0
49552 0.000000 0
49560 0.000000 0
49568 0.000000 0
49575 0.000000 0
49582 0.000000 0
49590 0.000000 0
49598 0.000000 0
49605 0.000000 0
49612 0.326224 0
49620 0.687553 0
49628 0.873935 0
49635 0.000000 0
49642 0.000000 0
49650 0.000000 0
49658 0.000000 0
49665 0.191170 0
49672 0.262788 0
49680 0.000000 0
49688 0.000000 0
49695 0.000000 0
49702 0.000000 0
49710 0.000000 0
49718 0.000000 0
49725 0.000000 0
49732 0.050763 0
49740 0.224889 0
49748 0.000000 0
49755 0.000000 0
49762 0.000000 0
49770 0.430540 0
49778 0.000000 0
49785 0.261459 0
49792 0.000000 0
49800 0.147674 0
49808 0.200109 0
49815 0.000000 0
49822 0.000000 0
49830 0.092949 0
49838 0.391769 0
49845 0.000000 0
49852 0.386811 0
49860 0.954150 0
49868 0.865409 0
49875 0.314047 0
49882 0.000000 0
49890 0.000000 0
49898 0.000000 0
49905 0.000000 0
49912 0.526663 0
49920 0.000000 0
49928 0.000000 0
49935 0.000000 0
49942 0.000000 0
49950 0.000000 0
49958 0.000000 0
49965 0.000000 0
49972 0.000000 0
49980 0.000000 0
49988 0.216428 0
49995 0.000000 0
50002 0.000000 0
50010 0.000000 0
50018 0.108293 0
50025 0.069488 0
50032 0.000000 0
50040 0.000000 0
50048 0.000000 0
50055 0.361899 0
50062 0.000000 0
50070 0.000000 0
50078 0.000000 0
50085 0.153193 0
50092 0.452320 0
50100 0.843939 0
50108 0.281501 0
50115 0.000000 0
50122 0.000000 0
50130 0.000000 0
50138 0.000000 0
50145 0.184880 0
50152 0.146696 0
50160 0.000000 0
50168 0.072819 0
50175 0.000000 0
50182 0.000000 0
50190 0.000000 0
50198 0.000000 0
50205 0.000000 0
50212 0.189394 0
50220 0.185088 0
50228 0.134610 0
50235 0.000000 0
50242 0.000000 0
50250 0.000000 0
50258 0.000000 0
50265 0.111105 0
50272 0.000000 0
50280 0.000000 0
50288 0.000000 0
50295 0.000000 0
50302 0.000000 0
50310 0.488001 0
50318 0.000000 0
50325 0.000000 0
50332 0.000000 0
50340 0.000000 0
50348 0.000000 0
50355 0.000000 0
50362 0.000000 0
50370 0.000000 0
50378 0.273814 0
50385 0.000000 0
50392 0.000000 0
50400 0.000000 0
50408 0.000000 0
50415 0.309747 0
50422 0.000000 0
50430 0.000000 0
50438 0.000000 0
50445 0.000000 0
50452 0.000000 0
50460 0.162249 0
50468 0.139393 0
50475 0.000000 0
50482 0.000000 0
50490 0.000000 0
50498 0.000000 0
50505 0.120192 0
50512 0.261535 0
50520 0.205282 0
50528 0.335989 0
50535 0.000000 0
50542 0.000000 0
50550 0.000000 0
50558 0.112637 0
50565 0.456100 0
50572 1.000000 0
50580 1.000000 0
50588 0.000000 0
50595 0.000000 0
50602 0.000000 0
50610 0.000000 0
50618 0.000000 0
50625 0.165928 0
50632 0.000000 0
50640 0.000000 0
50648 0.000000 0
50655 0.250428 0
50662 0.000000 0
50670 0.201703 0
50678 0.180991 0
50685 0.213502 0
50692 0.000000 0
50700 0.000000 0
50708 0.000000 0
50715 0.000000 0
50722 0.304742 0
50730 0.000000 0
50738 0.193864 0
50745 0.000000 0
50752 0.000000 0
50760 0.000000 0
50768 0.000000 0
50775 0.000000 0
50782 0.000000 0
50790 0.077716 0
50798 0.114731 0
50805 0.404869 0
50812 0.977845 0
50820 0.805700 0
50828 0.142277 0
50835 0.000000 0
50842 0.000000 0
50850 0.000000 0
50858 0.253553 0
50865 0.000000 0
50872 0.000000 0
50880 0.227920 0
50888 0.000000 0
50895 0.000000 0
50902 0.000000 0
50910 0.000000 0
50918 0.000000 0
50925 0.000000 0
50932 0.384592 0
50940 0.000000 0
50948 0.000000 0
50955 0.000000 0
50962 0.112018 0
50970 0.000000 0
50978 0.000000 0
50985 0.257738 0
50992 0.000000 0
51000 0.000000 0
51008 0.000000 0
51015 0.140329 0
51022 0.000000 0
51030 0.000000 0
51038 0.000000 0
51045 0.605840 0
51052 0.952141 0
51060 0.215966 0
51068 0.000000 0
51075 0.000000 0
51082 0.000000 0
51090 0.000000 0
51098 0.155438 0
51105 0.287251 0
51112 0.000000 0
51120 0.000000 0
51128 0.000000 0
51135 0.000000 0
51142 0.000000 0
51150 0.198317 0
51158 0.000000 0
51165 0.000000 0
51172 0.179046 0
51180 0.000000 0
51188 0.000000 0
51195 0.000000 0
51202 0.087852 0
51210 0.000000 0
51218 0.000000 0
51225 0.280516 0
51232 0.419235 0
51240 0.000000 0
51248 0.000000 0
51255 0.000000 0
51262 0.173469 0
51270 0.000000 0
51278 0.198406 0
51285 0.894430 0
51292 1.000000 0
51300 0.410393 0
51308 0.000000 0
51315 0.000000 0
51322 0.000000 0
51330 0.000000 0
51338 0.000000 0
51345 0.213620 0
51352 0.256624 0
51360 0.000000 0
51368 0.000000 0
51375 0.000000 0
51382 0.000000 0
51390 0.000000 0
51398 0.000000 0
51405 0.000000 0
51412 0.000000 0
51420 0.213001 0
51428 0.000000 0
51435 0.000000 0
51442 0.000000 0
51450 0.000000 0
51458 0.000000 0
51465 0.000000 0
51472 0.132817 0
51480 0.234563 0
51488 0.000000 0
51495 0.000000 0
51502 0.000000 0
51510 0.000000 0
51518 0.332710 0
51525 0.834679 0
51532 0.767509 0
51540 0.000000 0
51548 0.000000 0
51555 0.000000 0
51562 0.000000 0
51570 0.253784 0
51578 0.000000 0
51585 0.000000 0
51592 0.132094 0
51600 0.223711 0
51608 0.000000 0
51615 0.000000 0
51622 0.000000 0
51630 0.000000 0
51638 0.101054 0
51645 0.000000 0
51652 0.000000 0
51660 0.089904 0
51668 0.257100 0
51675 0.000000 0
51682 0.254654 0
51690 0.000000 0
51698 0.232569 0
51705 0.000000 0
51712 0.000000 0
51720 0.296035 0
51728 0.211209 0
51735 0.000000 0
51742 0.140245 0
51750 0.000000 0
51758 0.350729 0
51765 0.783898 0
51772 0.775307 0
51780 0.000000 0
51788 0.000000 0
51795 0.329929 0
51802 0.000000 0
51810 0.000000 0
51818 0.000000 0
51825 0.000000 0
51832 0.000000 0
51840 0.000000 0
51848 0.000000 0
51855 0.000000 0
51862 0.000000 0
51870 0.000000 0
51878 0.000000 0
51885 0.000000 0
51892 0.000000 0
51900 0.000000 0
51908 0.074383 0
51915 0.306773 0
51922 0.000000 0
51930 0.000000 0
51938 0.281814 0
51945 0.295057 0
51952 0.000000 0
51960 0.100674 0
51968 0.000000 0
51975 0.121594 0
51982 0.119155 0
51990 0.000000 0
51998 0.556534 0
52005 0.742195 0
52012 0.440707 0
52020 0.000000 0
52028 0.000000 0
52035 0.000000 0
52042 0.000000 0
52050 0.000000 0
52058 0.000000 0
52065 0.144114 0
52072 0.000000 0
52080 0.000000 0
52088 0.259292 0
52095 0.000000 0
52102 0.000000 0
52110 0.000000 0
52118 0.000000 0
52125 0.186390 0
52132 0.000000 0
52140 0.000000 0
52148 0.000000 0
52155 0.000000 0
52162 0.000000 0
52170 0.219389 0
52178 0.088531 0
52185 0.297951 0
52192 0.000000 0
52200 0.000000 0
52208 0.440783 0
52215 0.510285 0
52222 0.000000 0
52230 0.000000 0
52238 0.488911 0
52245 0.896154 0
52252 0.591416 0
52260 0.000000 0
52268 0.000000 0
52275 0.000000 0
52282 0.129539 0
52290 0.000000 0
52298 0.082813 0
52305 0.000000 0
52312 0.000000 0
52320 0.065135 0
52328 0.000000 0
52335 0.000000 0
52342 0.000000 0
52350 0.000000 0
52358 0.000000 0
52365 0.000000 0
52372 0.000000 0
52380 0.000000 0
52388 0.061676 0
52395 0.000000 0
52402 0.298790 0
52410 0.000000 0
52418 0.000000 0
52425 0.000000 0
52432 0.000000 0
52440 0.000000 0
52448 0.421456 0
52455 0.000000 0
52462 0.265347 0
52470 0.000000 0
52478 0.000000 0
52485 0.000000 0
52492 0.000000 0
52500 0.000000 0
52508 0.000000 0
52515 0.000000 0
52522 0.000000 0
52530 0.491690 0
52538 0.000000 0
52545 0.000000 0
52552 0.202961 0
52560 0.252603 0
52568 0.000000 0
52575 0.000000 0
52582 0.211818 0
52590 0.000000 0
52598 0.116002 0
52605 0.414113 0
52612 0.453678 0
52620 0.146251 0
52628 0.000000 0
52635 0.000000 0
52642 0.000000 0
52650 0.468387 0
52658 0.291558 0
52665 0.000000 0
52672 0.000000 0
52680 0.313960 0
52688 0.000000 0
52695 0.000000 0
52702 0.564562 0
52710 0.390265 0
52718 0.912943 0
52725 0.828279 0
52732 0.000000 0
52740 0.000000 0
52748 0.000000 0
52755 0.000000 0
52762 0.170800 0
52770 0.137442 0
52778 0.000000 0
52785 0.123030 0
52792 0.000000 0
52800 0.000000 0
52808 0.000000 0
52815 0.000000 0
52822 0.091478 0
52830 0.000000 0
52838 0.000000 0
52845 0.282125 0
52852 0.000000 0
52860 0.000000 0
52868 0.016531 0
52875 0.000000 0
52882 0.000000 0
52890 0.000000 0
52898 0.000000 0
52905 0.291025 0
52912 0.250320 0
52920 0.000000 0
52928 0.000000 0
52935 0.266626 0
52942 0.000000 0
52950 0.451542 0
52958 0.796157 0
52965 0.243322 0
52972 0.000000 0
52980 0.000000 0
52988 0.000000 0
52995 0.000000 0
53002 0.000000 0
53010 0.285753 0
53018 0.000000 0
53025 0.279166 0
53032 0.000000 0
53040 0.000000 0
53048 0.000000 0
53055 0.000000 0
53062 0.396931 0
53070 0.154938 0
53078 0.013446 0
53085 0.000000 0
53092 0.000000 0
53100 0.000000 0
53108 0.101407 0
53115 0.000000 0
53122 0.000000 0
53130 0.000000 0
53138 0.081476 0
53145 0.255465 0
53152 0.000000 0
53160 0.000000 0
53168 0.000000 0
53175 0.150038 0
53182 0.000000 0
53190 0.736823 0
53198 0.690434 0
53205 0.136313 0
53212 0.000000 0
53220 0.000000 0
53228 0.000000 0
53235 0.000000 0
53242 0.000000 0
53250 0.000000 0
53258 0.204724 0
53265 0.000000 0
53272 0.000000 0
53280 0.212670 0
53288 0.114896 0
53295 0.000000 0
53302 0.227166 0
53310 0.000000 0
53318 0.000000 0
53325 0.000000 0
53332 0.000000 0
53340 0.064650 0
53348 0.000000 0
53355 0.000000 0
53362 0.000000 0
53370 0.000000 0
53378 0.212218 0
53385 0.283545 0
53392 0.000000 0
53400 0.000000 0
53408 0.000000 0
53415 0.222332 0
53422 0.457874 0
53430 0.788007 0
53438 0.201537 0
53445 0.000000 0
53452 0.000000 0
53460 0.000000 0
53468 0.174061 0
53475 0.000000 0
53482 0.225116 0
53490 0.250256 0
53498 0.000000 0
53505 0.169169 0
53512 0.446700 0
53520 0.400557 0
53528 0.094229 0
53535 0.000000 0
53542 0.000000 0
53550 0.000000 0
53558 0.250380 0
53565 0.000000 0
53572 0.301206 0
53580 0.000000 0
53588 0.150368 0
53595 0.416463 0
53602 0.148882 0
53610 0.000000 0
53618 0.000000 0
53625 0.000000 0
53632 0.179073 0
53640 0.216864 0
53648 0.000000 0
53655 0.130591 0
53662 0.408680 0
53670 0.630382 0
53678 0.608308 0
53685 0.196979 0
53692 0.000000 0
53700 0.000000 0
53708 0.000000 0
53715 0.000000 0
53722 0.213198 0
53730 0.000000 0
53738 0.000000 0
53745 0.000000 0
53752 0.305058 0
53760 0.173901 0
53768 0.225207 0
53775 0.000000 0
53782 0.143371 0
53790 0.000000 0
53798 0.310313 0
53805 0.000000 0
53812 0.260320 0
53820 0.339825 0
53828 0.000000 0
53835 0.000000 0
53842 0.000000 0
53850 0.000000 0
53858 0.075203 0
53865 0.000000 0
53872 0.186323 0
53880 0.293201 0
53888 0.585213 0
53895 0.532321 0
53902 0.311684 0
53910 0.587282 0
53918 0.000000 0
53925 0.000000 0
53932 0.000000 0
53940 0.000000 0
53948 0.000000 0
53955 0.000000 0
53962 0.000000 0
53970 0.173579 0
53978 0.373332 0
53985 0.152467 0
53992 0.310568 0
54000 0.000000 0
54008 0.000000 0
54015 0.170851 0
54022 0.000000 0
54030 0.000000 0
54038 0.000000 0
54045 0.402558 0
54052 0.000000 0
54060 0.423047 0
54068 0.177250 0
54075 0.346400 0
54082 0.000000 0
54090 0.000000 0
54098 0.387920 0
54105 0.000000 0
54112 0.000000 0
54120 0.144522 0
54128 0.000000 0
54135 0.000000 0
54142 0.000000 0
54150 0.395636 0
54158 0.499324 0
54165 0.552781 0
54172 0.437695 0
54180 0.000000 0
54188 0.000000 0
54195 0.000000 0
54202 0.000000 0
54210 0.000000 0
54218 0.000000 0
54225 0.000000 0
54232 0.000000 0
54240 0.233278 0
54248 0.000000 0
54255 0.000000 0
54262 0.232910 0
54270 0.364372 0
54278 0.000000 0
54285 0.278878 0
54292 0.000000 0
54300 0.000000 0
54308 0.000000 0
54315 0.125146 0
54322 0.278010 0
54330 0.000000 0
54338 0.000000 0
54345 0.000000 0
54352 0.203579 0
54360 0.000000 0
54368 0.229784 0
54375 0.897226 0
54382 0.945505 0
54390 0.265695 0
54398 0.000000 0
54405 0.000000 0
54412 0.000000 0
54420 0.000000 0
54428 0.000000 0
54435 0.000000 0
54442 0.368203 0
54450 0.410636 0
54458 0.000000 0
54465 0.344852 0
54472 0.258600 0
54480 0.000000 0
54488 0.167376 0
54495 0.145411 0
54502 0.225298 0
54510 0.000000 0
54518 0.000000 0
54525 0.000000 0
54532 0.000000 0
54540 0.000000 0
54548 0.000000 0
54555 0.000000 0
54562 0.000000 0
54570 0.309064 0
54578 0.249018 0
54585 0.000000 0
54592 0.000000 0
54600 0.102086 0
54608 0.000000 0
54615 0.580156 0
54622 0.834988 0
54630 0.771242 0
54638 0.181098 0
54645 0.000000 0
54652 0.000000 0
54660 0.000000 0
54668 0.199354 0
54675 0.000000 0
54682 0.000000 0
54690 0.000000 0
54698 0.000000 0
54705 0.000000 0
54712 0.000000 0
54720 0.048776 0
54728 0.000000 0
54735 0.000000 0
54742 0.212083 0
54750 0.042299 0
54758 0.000000 0
54765 0.000000 0
54772 0.000000 0
54780 0.000000 0
54788 0.000000 0
54795 0.078401 0
54802 0.084318 0
54810 0.000000 0
54818 0.000000 0
54825 0.000000 0
54832 0.000000 0
54840 0.758874 0
54848 0.540492 0
54855 0.381350 0
54862 0.576453 0
54870 0.000000 0
54878 0.000000 0
54885 0.000000 0
54892 0.000000 0
54900 0.000000 0
54908 0.170648 0
54915 0.000000 0
54922 0.000000 0
54930 0.000000 0
54938 0.000000 0
54945 0.000000 0
54952 0.114141 0
54960 0.000000 0
54968 0.170559 0
54975 0.000000 0
54982 0.080314 0
54990 0.157513 0
54998 0.000000 0
55005 0.347697 0
55012 0.000000 0
55020 0.000000 0
55028 0.000000 0
55035 0.256100 0
55042 0.142128 0
55050 0.000000 0
55058 0.000000 0
55065 0.000000 0
55072 0.156042 0
55080 0.000000 0
55088 0.000000 0
55095 0.739955 0
55102 0.888968 0
55110 0.560851 0
55118 0.333331 0
55125 0.000000 0
55132 0.000000 0
55140 0.000000 0
55148 0.000000 0
55155 0.000000 0
55162 0.000000 0
55170 0.000000 0
55178 0.000000 0
55185 0.000000 0
55192 0.000000 0
55200 0.139720 0
55208 0.000000 0
55215 0.000000 0
55222 0.000000 0
55230 0.000000 0
55238 0.000000 0
55245 0.000000 0
55252 0.057134 0
55260 0.000000 0
55268 0.000000 0
55275 0.093443 0
55282 0.159983 0
55290 0.000000 0
55298 0.000000 0
55305 0.000000 0
55312 0.000000 0
55320 0.000000 0
55328 0.607542 0
55335 0.739471 0
55342 0.000000 0
55350 0.000000 0
55358 0.000000 0
55365 0.000000 0
55372 0.000000 0
55380 0.188453 0
55388 0.000000 0
55395 0.533054 0
55402 0.231239 0
55410 0.205422 0
55418 0.071093 0
55425 0.000000 0
55432 0.000000 0
55440 0.000000 0
55448 0.000000 0
55455 0.000000 0
55462 0.351478 0
55470 0.390516 0
55478 0.434469 0
55485 0.018872 0
55492 0.403199 0
55500 0.000000 0
55508 0.000000 0
55515 0.000000 0
55522 0.000000 0
55530 0.324389 0
55538 0.201939 0
55545 0.104010 0
55552 0.348184 0
55560 0.000000 0
55568 0.295892 0
55575 0.825299 0
55582 0.696704 0
55590 0.184262 0
55598 0.353708 0
55605 0.000000 0
55612 0.000000 0
55620 0.000000 0
55628 0.000000 0
55635 0.000000 0
55642 0.000000 0
55650 0.000000 0
55658 0.063656 0
55665 0.000000 0
55672 0.390693 0
55680 0.000000 0
55688 0.240747 0
55695 0.000000 0
55702 0.000000 0
55710 0.000000 0
55718 0.116244 0
55725 0.000000 0
55732 0.227182 0
55740 0.042027 0
55748 0.000000 0
55755 0.000000 0
55762 0.000000 0
55770 0.000000 0
55778 0.116370 0
55785 0.124436 0
55792 0.953591 0
55800 0.579970 0
55808 0.416877 0
55815 0.673927 0
55822 0.000000 0
55830 0.000000 0
55838 0.000000 0
55845 0.000000 0
55852 0.000000 0
55860 0.000000 0
55868 0.000000 0
55875 0.165707 0
55882 0.373920 0
55890 0.000000 0
55898 0.000000 0
55905 0.000000 0
55912 0.000000 0
55920 0.302925 0
55928 0.068526 0
55935 0.000000 0
55942 0.000000 0
55950 0.153498 0
55958 0.332925 0
55965 0.308628 0
55972 0.000000 0
55980 0.056581 0
55988 0.000000 0
55995 0.000000 0
56002 0.000000 0
56010 0.000000 0
56018 0.000000 0
56025 0.250487 0
56032 0.000000 0
56040 0.000000 0
56048 0.809552 0
56055 0.848968 0
56062 0.540025 0
56070 0.000000 0
56078 0.165870 0
56085 0.000000 0
56092 0.000000 0
56100 0.000000 0
56108 0.000000 0
56115 0.161289 0
56122 0.000000 0
56130 0.000000 0
56138 0.000000 0
56145 0.000000 0
56152 0.000000 0
56160 0.000000 0
56168 0.064255 0
56175 0.000000 0
56182 0.000000 0
56190 0.000000 0
56198 0.185661 0
56205 0.216103 0
56212 0.000000 0
56220 0.386941 0
56228 0.296355 0
56235 0.000000 0
56242 0.000000 0
56250 0.000000 0
56258 0.000000 0
56265 0.204722 0
56272 0.226811 0
56280 0.425291 0
56288 0.830785 0
56295 0.000000 0
56302 0.000000 0
56310 0.000000 0
56318 0.000000 0
56325 0.000000 0
56332 0.381381 0
56340 0.140289 0
56348 0.191071 0
56355 0.000000 0
56362 0.000000 0
56370 0.000000 0
56378 0.165165 0
56385 0.266369 0
56392 0.334198 0
56400 0.000000 0
56408 0.449832 0
56415 0.236320 0
56422 0.000000 0
56430 0.130282 0
56438 0.296559 0
56445 0.000000 0
56452 0.363345 0
56460 0.336689 0
56468 0.000000 0
56475 0.000000 0
56482 0.190649 0
56490 0.000000 0
56498 0.000000 0
56505 0.000000 0
56512 0.419719 0
56520 0.673306 0
56528 1.000000 0
56535 0.928074 0
56542 0.281066 0
56550 0.088572 0
56558 0.000000 0
56565 0.000000 0
56572 0.000000 0
56580 0.092949 0
56588 0.000000 0
56595 0.000000 0
56602 0.000000 0
56610 0.000000 0
56618 0.000000 0
56625 0.331203 0
56632 0.000000 0
56640 0.000000 0
56648 0.000000 0
56655 0.000000 0
56662 0.000000 0
56670 0.179864 0
56678 0.117522 0
56685 0.227638 0
56692 0.234148 0
56700 0.000000 0
56708 0.000000 0
56715 0.000000 0
56722 0.000000 0
56730 0.000000 0
56738 0.000000 0
56745 0.703310 0
56752 0.593381 0
56760 0.578411 0
56768 0.620967 0
56775 0.000000 0
56782 0.000000 0
56790 0.000000 0
56798 0.291004 0
56805 0.000000 0
56812 0.000000 0
56820 0.000000 0
56828 0.196785 0
56835 0.000000 0
56842 0.000000 0
56850 0.000000 0
56858 0.000000 0
56865 0.000000 0
56872 0.000000 0
56880 0.394029 0
56888 0.125945 0
56895 0.000000 0
56902 0.019075 0
56910 0.000000 0
56918 0.000000 0
56925 0.000000 0
56932 0.257555 0
56940 0.000000 0
56948 0.000000 0
56955 0.000000 0
56962 0.000000 0
56970 0.000000 0
56978 0.000000 0
56985 0.000000 0
56992 0.248658 0
57000 0.870327 0
57008 0.962482 0
57015 0.627360 0
57022 0.340853 0
57030 0.182675 0
57038 0.000000 0
57045 0.000000 0
57052 0.000000 0
57060 0.000000 0
57068 0.192211 0
57075 0.000000 0
57082 0.000000 0
57090 0.000000 0
57098 0.000000 0
57105 0.000000 0
57112 0.000000 0
57120 0.110881 0
57128 0.000000 0
57135 0.000000 0
57142 0.000000 0
57150 0.000000 0
57158 0.000000 0
57165 0.076937 0
57172 0.000000 0
57180 0.000000 0
57188 0.000000 0
57195 0.065507 0
57202 0.000000 0
57210 0.000000 0
57218 0.000000 0
57225 0.092586 0
57232 0.518512 0
57240 0.917517 0
57248 0.420013 0
57255 0.000000 0
57262 0.000000 0
57270 0.000000 0
57278 0.000000 0
57285 0.000000 0
57292 0.000000 0
57300 0.385341 0
57308 0.000000 0
57315 0.000000 0
57322 0.159993 0
57330 0.000000 0
57338 0.258364 0
57345 0.204885 0
57352 0.000000 0
57360 0.000000 0
57368 0.216224 0
57375 0.000000 0
57382 0.000000 0
57390 0.000000 0
57398 0.000000 0
57405 0.000000 0
57412 0.000000 0
57420 0.000000 0
57428 0.306626 0
57435 0.000000 0
57442 0.000000 0
57450 0.085442 0
57458 0.000000 0
57465 0.162070 0
57472 0.335421 0
57480 1.000000 0
57488 0.829957 0
57495 0.373577 0
57502 0.123336 0
57510 0.000000 0
57518 0.000000 0
57525 0.000000 0
57532 0.000000 0
57540 0.000000 0
57548 0.000000 0
57555 0.000000 0
57562 0.000000 0
57570 0.000000 0
57578 0.000000 0
57585 0.000000 0
57592 0.119834 0
57600 0.000000 0
57608 0.000000 0
57615 0.000000 0
57622 0.000000 0
57630 0.391612 0
57638 0.000000 0
57645 0.000000 0
57652 0.000000 0
57660 0.000000 0
57668 0.000000 0
57675 0.276240 0
57682 0.000000 0
57690 0.193663 0
57698 0.730952 0
57705 0.448027 0
57712 0.536303 0
57720 0.495060 0
57728 0.000000 0
57735 0.000000 0
57742 0.000000 0
57750 0.000000 0
57758 0.000000 0
57765 0.000000 0
57772 0.000000 0
57780 0.000000 0
57788 0.074754 0
57795 0.000000 0
57802 0.000000 0
57810 0.174690 0
57818 0.000000 0
57825 0.000000 0
57832 0.246028 0
57840 0.000000 0
57848 0.000000 0
57855 0.237598 0
57862 0.336464 0
57870 0.000000 0
57878 0.000000 0
57885 0.000000 0
57892 0.121437 0
57900 0.000000 0
57908 0.000000 0
57915 0.000000 0
57922 0.000000 0
57930 0.000000 0
57938 0.000000 0
57945 0.000000 0
57952 0.232304 0
57960 0.809568 0
57968 0.675760 0
57975 0.484578 0
57982 0.420081 0
57990 0.000000 0
57998 0.000000 0
58005 0.000000 0
58012 0.000000 0
58020 0.000000 0
58028 0.000000 0
58035 0.000000 0
58042 0.000000 0
58050 0.000000 0
58058 0.000000 0
58065 0.000000 0
58072 0.479837 0
58080 0.532377 0
58088 0.000000 0
58095 0.000000 0
58102 0.000000 0
58110 0.000000 0
58118 0.000000 0
58125 0.000000 0
58132 0.360645 0
58140 0.000000 0
58148 0.000000 0
58155 0.000000 0
58162 0.000000 0
58170 0.000000 0
58178 0.201064 0
58185 1.000000 0
58192 1.000000 0
58200 0.141366 0
58208 0.000000 0
58215 0.000000 0
58222 0.000000 0
58230 0.000000 0
58238 0.000000 0
58245 0.000000 0
58252 0.000000 0
58260 0.000000 0
58268 0.000000 0
58275 0.230538 0
58282 0.000000 0
58290 0.000000 0
58298 0.186009 0
58305 0.000000 0
58312 0.000000 0
58320 0.270087 0
58328 0.226907 0
58335 0.103924 0
58342 0.000000 0
58350 0.000000 0
58358 0.000000 0
58365 0.000000 0
58372 0.000000 0
58380 0.000000 0
58388 0.000000 0
58395 0.000000 0
58402 0.000000 0
58410 0.308977 0
58418 0.000000 0
58425 0.713011 0
58432 1.000000 0
58440 0.713162 0
58448 0.000000 0
58455 0.321417 0
58462 0.000000 0
58470 0.000000 0
58478 0.000000 0
58485 0.000000 0
58492 0.000000 0
58500 0.000000 0
58508 0.131868 0
58515 0.000000 0
58522 0.000000 0
58530 0.000000 0
58538 0.000000 0
58545 0.000000 0
58552 0.210141 0
58560 0.000000 0
58568 0.000000 0
58575 0.000000 0
58582 0.000000 0
58590 0.000000 0
58598 0.000000 0
58605 0.000000 0
58612 0.000000 0
58620 0.000000 0
58628 0.000000 0
58635 0.000000 0
58642 0.243893 0
58650 0.791177 0
58658 0.508435 0
58665 0.525549 0
58672 0.608867 0
58680 0.000000 0
58688 0.000000 0
58695 0.000000 0
58702 0.000000 0
58710 0.000000 0
58718 0.000000 0
58725 0.000000 0
58732 0.000000 0
58740 0.000000 0
58748 0.000000 0
58755 0.363175 0
58762 0.324679 0
58770 0.000000 0
58778 0.277080 0
58785 0.434377 0
58792 0.000000 0
58800 0.000000 0
58808 0.237432 0
58815 0.444648 0
58822 0.000000 0
58830 0.207116 0
58838 0.185824 0
58845 0.000000 0
58852 0.078962 0
58860 0.183339 0
58868 0.000000 0
58875 0.000000 0
58882 0.227401 0
58890 0.136141 0
58898 0.000000 0
58905 0.952492 0
58912 1.000000 0
58920 0.589369 0
58928 0.121535 0
58935 0.000000 0
58942 0.000000 0
58950 0.000000 0
58958 0.000000 0
58965 0.000000 0
58972 0.000000 0
58980 0.000000 0
58988 0.000000 0
58995 0.000000 0
59002 0.000000 0
59010 0.000000 0
59018 0.000000 0
59025 0.000000 0
59032 0.000000 0
59040 0.349691 0
59048 0.000000 0
59055 0.000000 0
59062 0.000000 0
59070 0.000000 0
59078 0.000000 0
59085 0.000000 0
59092 0.000000 0
59100 0.000000 0
59108 0.000000 0
59115 0.000000 0
59122 0.000000 0
59130 0.000000 0
59138 0.583991 0
59145 1.000000 0
59152 0.583159 0
59160 0.000000 0
59168 0.000000 0
59175 0.000000 0
59182 0.000000 0
59190 0.139453 0
59198 0.000000 0
59205 0.000000 0
59212 0.000000 0
59220 0.000000 0
59228 0.000000 0
59235 0.000000 0
59242 0.185935 0
59250 0.343891 0
59258 0.000000 0
59265 0.000000 0
59272 0.000000 0
59280 0.087297 0
59288 0.241943 0
59295 0.170346 0
59302 0.309281 0
59310 0.000000 0
59318 0.167559 0
59325 0.000000 0
59332 0.000000 0
59340 0.247786 0
59348 0.000000 0
59355 0.000000 0
59362 0.102631 0
59370 0.000000 0
59378 0.231872 0
59385 1.000000 0
59392 0.726365 0
59400 0.578698 0
59408 0.424171 0
59415 0.000000 0
59422 0.000000 0
59430 0.000000 0
59438 0.000000 0
59445 0.000000 0
59452 0.000000 0
59460 0.000000 0
59468 0.000000 0
59475 0.000000 0
59482 0.165431 0
59490 0.000000 0
59498 0.000000 0
59505 0.150982 0
59512 0.000000 0
59520 0.000000 0
59528 0.000000 0
59535 0.000000 0
59542 0.335086 0
59550 0.000000 0
59558 0.000000 0
59565 0.000000 0
59572 0.000000 0
59580 0.000000 0
59588 0.280765 0
59595 0.000000 0
59602 0.804790 0
59610 0.575814 0
59618 0.406447 0
59625 0.676664 0
59632 0.000000 0
59640 0.000000 0
59648 0.000000 0
59655 0.000000 0
59662 0.000000 0
59670 0.000000 0
59678 0.190505 0
59685 0.000000 0
59692 0.000000 0
59700 0.000000 0
59708 0.000000 0
59715 0.409773 0
59722 0.000000 0
59730 0.000000 0
59738 0.266000 0
59745 0.000000 0
59752 0.000000 0
59760 0.166987 0
59768 0.000000 0
59775 0.156836 0
59782 0.000000 0
59790 0.000000 0
59798 0.200356 0
59805 0.244620 0
59812 0.000000 0
59820 0.000000 0
59828 0.000000 0
59835 0.000000 0
59842 0.000000 0
59850 0.226928 0
59858 0.787440 0
59865 0.916490 0
59872 0.684082 0
59880 0.383244 0
59888 0.000000 0
59895 0.000000 0
59902 0.000000 0
59910 0.000000 0
59918 0.000000 0
59925 0.000000 0
59932 0.000000 0
59940 0.000000 0
59948 0.000000 0
59955 0.000000 0
59962 0.215167 0
59970 0.000000 0
59978 0.000000 0
59985 0.000000 0
59992 0.000000 0
60000 0.000000 0
60008 0.201503 0
60015 0.000000 0
60022 0.365999 0
60030 0.000000 0
60038 0.000000 0
60045 0.000000 0
60052 0.000000 0
60060 0.000000 0
60068 0.173646 0
60075 0.000000 0
60082 0.000000 0
60090 0.000000 0
60098 0.331775 0
60105 0.000000 0
60112 0.000000 0
60120 0.000000 0
60128 0.000000 0
60135 0.000000 0
60142 0.000000 0
60150 0.000000 0
60158 0.276768 0
60165 0.360418 0
60172 0.000000 0
60180 0.364975 0
60188 0.000000 0
60195 0.000000 0
60202 0.276867 0
60210 0.242810 0
60218 0.000000 0
60225 0.000000 0
60232 0.000000 0
60240 0.000000 0
60248 0.110098 0
60255 0.210153 0
60262 0.000000 0
60270 0.000000 0
60278 0.000000 0
60285 0.000000 0
60292 0.000000 0
60300 0.271383 0
60308 0.337872 0
60315 0.278223 0
60322 0.304679 0
60330 1.000000 0
60338 1.000000 0
60345 0.866894 0
60352 0.516605 0
60360 0.186429 0
60368 0.000000 0
60375 0.000000 0
60382 0.000000 0
60390 0.000000 0
60398 0.000000 0
60405 0.000000 0
60412 0.000000 0
60420 0.000000 0
60428 0.000000 0
60435 0.174560 0
60442 0.000000 0
60450 0.000000 0
60458 0.000000 0
60465 0.000000 0
60472 0.172180 0
60480 0.000000 0
60488 0.000000 0
60495 0.000000 0
60502 0.000000 0
60510 0.000000 0
60518 0.000000 0
60525 0.000000 0
60532 0.000000 0
60540 0.000000 0
60548 0.320975 0
60555 0.849153 0
60562 0.505077 0
60570 0.494858 0
60578 0.777804 0
60585 0.000000 0
60592 0.000000 0
60600 0.000000 0
60608 0.038177 0
60615 0.000000 0
60622 0.000000 0
60630 0.000000 0
60638 0.000000 0
60645 0.277523 0
60652 0.303005 0
60660 0.000000 0
60668 0.000000 0
60675 0.000000 0
60682 0.000000 0
60690 0.000000 0
60698 0.000000 0
60705 0.000000 0
60712 0.000000 0
60720 0.000000 0
60728 0.000000 0
60735 0.000000 0
60742 0.221051 0
60750 0.000000 0
60758 0.000000 0
60765 0.314481 0
60772 0.000000 0
60780 0.000000 0
60788 0.106208 0
60795 0.000000 0
60802 0.304118 0
60810 0.953317 0
60818 1.000000 0
60825 0.455607 0
60832 0.000000 0
60840 0.000000 0
60848 0.000000 0
60855 0.000000 0
60862 0.000000 0
60870 0.000000 0
60878 0.188220 0
60885 0.000000 0
60892 0.000000 0
60900 0.000000 0
60908 0.000000 0
60915 0.000000 0
60922 0.000000 0
60930 0.239076 0
60938 0.000000 0
60945 0.000000 0
60952 0.000000 0
60960 0.000000 0
60968 0.236380 0
60975 0.000000 0
60982 0.084569 0
60990 0.000000 0
60998 0.000000 0
61005 0.000000 0
61012 0.000000 0
61020 0.195682 0
61028 0.000000 0
61035 0.000000 0
61042 0.676735 0
61050 0.940253 0
61058 0.093320 0
61065 0.000000 0
61072 0.000000 0
61080 0.000000 0
61088 0.263841 0
61095 0.200661 0
61102 0.296056 0
61110 0.000000 0
61118 0.256499 0
61125 0.334988 0
61132 0.223652 0
61140 0.000000 0
61148 0.000000 0
61155 0.357550 0
61162 0.269773 0
61170 0.284143 0
61178 0.412318 0
61185 0.129776 0
61192 0.494483 0
61200 0.000000 0
61208 0.000000 0
61215 0.000000 0
61222 0.000000 0
61230 0.000000 0
61238 0.000000 0
61245 0.227326 0
61252 0.232142 0
61260 0.000000 0
61268 0.000000 0
61275 0.307464 0
61282 0.319187 0
61290 0.661254 0
61298 0.488393 0
61305 0.503921 0
61312 0.240831 0
61320 0.000000 0
61328 0.000000 0
61335 0.000000 0
61342 0.000000 0
61350 0.000000 0
61358 0.000000 0
61365 0.000000 0
61372 0.000000 0
61380 0.221729 0
61388 0.000000 0
61395 0.000000 0
61402 0.376804 0
61410 0.604909 0
61418 0.302592 0
61425 0.000000 0
61432 0.000000 0
61440 0.000000 0
61448 0.198391 0
61455 0.000000 0
61462 0.000000 0
61470 0.000000 0
61478 0.346071 0
61485 0.087764 0
61492 0.000000 0
61500 0.328479 0
61508 0.562167 0
61515 0.451629 0
61522 0.403723 0
61530 0.488014 0
61538 0.000000 0
61545 0.000000 0
61552 0.000000 0
61560 0.000000 0
61568 0.000000 0
61575 0.000000 0
61582 0.178861 0
61590 0.226182 0
61598 0.038270 0
61605 0.146106 0
61612 0.000000 0
61620 0.210153 0
61628 0.000000 0
61635 0.033702 0
61642 0.084957 0
61650 0.307017 0
61658 0.244543 0
61665 0.253188 0
61672 0.000000 0
61680 0.000000 0
61688 0.129374 0
61695 0.000000 0
61702 0.000000 0
61710 0.000000 0
61718 0.000000 0
61725 0.000000 0
61732 0.000000 0
61740 0.027485 0
61748 0.000000 0
61755 0.000000 0
61762 0.419696 0
61770 0.635891 0
61778 0.591672 0
61785 0.382016 0
61792 0.337722 0
61800 0.000000 0
61808 0.000000 0
61815 0.000000 0
61822 0.000000 0
61830 0.000000 0
61838 0.000000 0
61845 0.000000 0
61852 0.000000 0
61860 0.000000 0
61868 0.000000 0
61875 0.195255 0
61882 0.634365 0
61890 0.490490 0
61898 0.000000 0
61905 0.000000 0
61912 0.000000 0
61920 0.000000 0
61928 0.000000 0
61935 0.000000 0
61942 0.450197 0
61950 0.000000 0
61958 0.000000 0
61965 0.000000 0
61972 0.000000 0
61980 0.116066 0
61988 0.359702 0
61995 0.816046 0
62002 0.896894 0
62010 0.000000 0
62018 0.000000 0
62025 0.000000 0
62032 0.000000 0
62040 0.000000 0
62048 0.000000 0
62055 0.166179 0
62062 0.000000 0
62070 0.111834 0
62078 0.000000 0
62085 0.000000 0
62092 0.000000 0
62100 0.139093 0
62108 0.193607 0
62115 0.000000 0
62122 0.346201 0
62130 0.335876 0
62138 0.559516 0
62145 0.000000 0
62152 0.000000 0
62160 0.000000 0
62168 0.000000 0
62175 0.000000 0
62182 0.000000 0
62190 0.000000 0
62198 0.317077 0
62205 0.000000 0
62212 0.000000 0
62220 0.000000 0
62228 0.000000 0
62235 0.506032 0
62242 0.984319 0
62250 0.690949 0
62258 0.000000 0
62265 0.000000 0
62272 0.000000 0
62280 0.000000 0
62288 0.000000 0
62295 0.000000 0
62302 0.000000 0
62310 0.000000 0
62318 0.000000 0
62325 0.000000 0
62332 0.000000 0
62340 0.258710 0
62348 0.000000 0
62355 0.000000 0
62362 0.453892 0
62370 0.226727 0
62378 0.000000 0
62385 0.000000 0
62392 0.000000 0
62400 0.000000 0
62408 0.000000 0
62415 0.000000 0
62422 0.000000 0
62430 0.268298 0
62438 0.000000 0
62445 0.000000 0
62452 0.000000 0
62460 0.650549 0
62468 0.446423 0
62475 0.380428 0
62482 0.607093 0
62490 0.000000 0
62498 0.000000 0
62505 0.000000 0
62512 0.000000 0
62520 0.000000 0
62528 0.191057 0
62535 0.147967 0
62542 0.000000 0
62550 0.000000 0
62558 0.000000 0
62565 0.436561 0
62572 0.000000 0
62580 0.207652 0
62588 0.000000 0
62595 0.198829 0
62602 0.278853 0
62610 0.175664 0
62618 0.063601 0
62625 0.000000 0
62632 0.000000 0
62640 0.275368 0
62648 0.000000 0
62655 0.000000 0
62662 0.000000 0
62670 0.000000 0
62678 0.000000 0
62685 0.187886 0
62692 0.000000 0
62700 0.000000 0
62708 0.475186 0
62715 0.704285 0
62722 0.833584 0
62730 0.151124 0
62738 0.000000 0
62745 0.000000 0
62752 0.000000 0
62760 0.000000 0
62768 0.000000 0
62775 0.000000 0
62782 0.000000 0
62790 0.000000 0
62798 0.000000 0
62805 0.000000 0
62812 0.000000 0
62820 0.000000 0
62828 0.000000 0
62835 0.455979 0
62842 0.470305 0
62850 0.000000 0
62858 0.000000 0
62865 0.000000 0
62872 0.150579 0
62880 0.000000 0
62888 0.000000 0
62895 0.000000 0
62902 0.000000 0
62910 0.000000 0
62918 0.000000 0
62925 0.000000 0
62932 0.000000 0
62940 0.000000 0
62948 0.479605 0
62955 0.749082 0
62962 0.102847 0
62970 0.000000 0
62978 0.000000 0
62985 0.000000 0
62992 0.080737 0
63000 0.361201 0
63008 0.055900 0
63015 0.169954 0
63022 0.047822 0
63030 0.246439 0
63038 0.312378 0
63045 0.182657 0
63052 0.000000 0
63060 0.000000 0
63068 0.000000 0
63075 0.400280 0
63082 0.322930 0
63090 0.000000 0
63098 0.213307 0
63105 0.220325 0
63112 0.000000 0
63120 0.000000 0
63128 0.000000 0
63135 0.218247 0
63142 0.000000 0
63150 0.402362 0
63158 0.000000 0
63165 0.000000 0
63172 0.297322 0
63180 0.280727 0
63188 0.442158 0
63195 0.965956 0
63202 0.680922 0
63210 0.000000 0
63218 0.000000 0
63225 0.000000 0
63232 0.000000 0
63240 0.000000 0
63248 0.201446 0
63255 0.000000 0
63262 0.038740 0
63270 0.000000 0
63278 0.000000 0
63285 0.000000 0
63292 0.174873 0
63300 0.000000 0
63308 0.000000 0
63315 0.000000 0
63322 0.000000 0
63330 0.000000 0
63338 0.000000 0
63345 0.124009 0
63352 0.000000 0
63360 0.292974 0
63368 0.000000 0
63375 0.000000 0
63382 0.000000 0
63390 0.000000 0
63398 0.486758 0
63405 0.269817 0
63412 0.885617 0
63420 0.465440 0
63428 0.475206 0
63435 0.557213 0
63442 0.000000 0
63450 0.000000 0
63458 0.000000 0
63465 0.255312 0
63472 0.000000 0
63480 0.000000 0
63488 0.000000 0
63495 0.245818 0
63502 0.395675 0
63510 0.000000 0
63518 0.000000 0
63525 0.000000 0
63532 0.204628 0
63540 0.000000 0
63548 0.462201 0
63555 0.151080 0
63562 0.000000 0
63570 0.135092 0
63578 0.000000 0
63585 0.096576 0
63592 0.292431 0
63600 0.300899 0
63608 0.000000 0
63615 0.000000 0
63622 0.000000 0
63630 0.000000 0
63638 0.260035 0
63645 0.357506 0
63652 0.233392 0
63660 0.304449 0
63668 0.589918 0
63675 0.802986 0
63682 0.545861 0
63690 0.261398 0
63698 0.000000 0
63705 0.000000 0
63712 0.000000 0
63720 0.000000 0
63728 0.000000 0
63735 0.000000 0
63742 0.186258 0
63750 0.290334 0
63758 0.000000 0
63765 0.000000 0
63772 0.000000 0
63780 0.000000 0
63788 0.263457 0
63795 0.000000 0
63802 0.000000 0
63810 0.000000 0
63818 0.153722 0
63825 0.215787 0
63832 0.053715 0
63840 0.288240 0
63848 0.229486 0
63855 0.247312 0
63862 0.000000 0
63870 0.143534 0
63878 0.213885 0
63885 0.000000 0
63892 0.308785 0
63900 0.648691 0
63908 0.843019 0
63915 0.000000 0
63922 0.000000 0
63930 0.000000 0
63938 0.000000 0
63945 0.224357 0
63952 0.391948 0
63960 0.000000 0
63968 0.040356 0
63975 0.298456 0
63982 0.000000 0
63990 0.000000 0
63998 0.415103 0
64005 0.102619 0
64012 0.000000 0
64020 0.201514 0
64028 0.580538 0
64035 0.432526 0
64042 0.000000 0
64050 0.167595 0
64058 0.220442 0
64065 0.000000 0
64072 0.000000 0
64080 0.000000 0
64088 0.000000 0
64095 0.000000 0
64102 0.000000 0
64110 0.000000 0
64118 0.000000 0
64125 0.081442 0
64132 0.160103 0
64140 0.683953 0
64148 1.000000 0
64155 0.762964 0
64162 0.136728 0
64170 0.000000 0
64178 0.146672 0
64185 0.000000 0
64192 0.000000 0
64200 0.000000 0
64208 0.000000 0
64215 0.000000 0
64222 0.000000 0
64230 0.199789 0
64238 0.000000 0
64245 0.000000 0
64252 0.041162 0
64260 0.000000 0
64268 0.291496 0
64275 0.000000 0
64282 0.000000 0
64290 0.000000 0
64298 0.000000 0
64305 0.000000 0
64312 0.000000 0
64320 0.212843 0
64328 0.000000 0
64335 0.167060 0
64342 0.000000 0
64350 0.000000 0
64358 0.375827 0
64365 0.647297 0
64372 0.426355 0
64380 0.616931 0
64388 0.585079 0
64395 0.000000 0
64402 0.000000 0
64410 0.000000 0
64418 0.000000 0
64425 0.000000 0
64432 0.000000 0
64440 0.000000 0
64448 0.210352 0
64455 0.000000 0
64462 0.079683 0
64470 0.368113 0
64478 0.160861 0
64485 0.000000 0
64492 0.136148 0
64500 0.434045 0
64508 0.139784 0
64515 0.000000 0
64522 0.000000 0
64530 0.000000 0
64538 0.000000 0
64545 0.137995 0
64552 0.000000 0
64560 0.121552 0
64568 0.000000 0
64575 0.000000 0
64582 0.000000 0
64590 0.000000 0
64598 0.000000 0
64605 0.000000 0
64612 0.330567 0
64620 0.974295 0
64628 0.926928 0
64635 0.157601 0
64642 0.000000 0
64650 0.217551 0
64658 0.000000 0
64665 0.000000 0
64672 0.000000 0
64680 0.000000 0
64688 0.000000 0
64695 0.000000 0
64702 0.000000 0
64710 0.000000 0
64718 0.000000 0
64725 0.215679 0
64732 0.000000 0
64740 0.362527 0
64748 0.000000 0
64755 0.000000 0
64762 0.000000 0
64770 0.000000 0
64778 0.000000 0
64785 0.000000 0
64792 0.000000 0
64800 0.000000 0
64808 0.176949 0
64815 0.000000 0
64822 0.000000 0
64830 0.000000 0
64838 0.000000 0
64845 0.000000 0
64852 0.730120 0
64860 0.869749 0
64868 0.000000 0
64875 0.000000 0
64882 0.000000 0
64890 0.000000 0
64898 0.204765 0
64905 0.000000 0
64912 0.000000 0
64920 0.145980 0
64928 0.000000 0
64935 0.357452 0
64942 0.000000 0
64950 0.000000 0
64958 0.000000 0
64965 0.000000 0
64972 0.000000 0
64980 0.428140 0
64988 0.000000 0
64995 0.000000 0
65002 0.312980 0
65010 0.354292 0
65018 0.000000 0
65025 0.000000 0
65032 0.000000 0
65040 0.000000 0
65048 0.275781 0
65055 0.000000 0
65062 0.000000 0
65070 0.318449 0
65078 0.000000 0
65085 0.000000 0
65092 0.402221 0
65100 0.871361 0
65108 0.717915 0
65115 0.486654 0
65122 0.141905 0
65130 0.000000 0
65138 0.000000 0
65145 0.000000 0
65152 0.000000 0
65160 0.000000 0
65168 0.000000 0
65175 0.000000 0
65182 0.058748 0
65190 0.364060 0
65198 0.232247 0
65205 0.000000 0
65212 0.000000 0
65220 0.476765 0
65228 0.081729 0
65235 0.000000 0
65242 0.000000 0
65250 0.158409 0
65258 0.236245 0
65265 0.000000 0
65272 0.000000 0
65280 0.084337 0
65288 0.000000 0
65295 0.000000 0
65302 0.098164 0
65310 0.240661 0
65318 0.776438 0
65325 0.320844 0
65332 0.415722 0
65340 0.476650 0
65348 0.000000 0
65355 0.000000 0
65362 0.000000 0
65370 0.000000 0
65378 0.000000 0
65385 0.000000 0
65392 0.000000 0
65400 0.000000 0
65408 0.000000 0
65415 0.000000 0
65422 0.000000 0
65430 0.000000 0
65438 0.000000 0
65445 0.000000 0
65452 0.214597 0
65460 0.511562 0
65468 0.000000 0
65475 0.000000 0
65482 0.000000 0
65490 0.000000 0
65498 0.141876 0
65505 0.321683 0
65512 0.000000 0
65520 0.047002 0
65528 0.000000 0
65535 0.000000 0
65542 0.000000 0
65550 0.000000 0
65558 0.000000 0
65565 0.000000 0
65572 0.772881 0
65580 0.926682 0
65588 0.550627 0
65595 0.255975 0
65602 0.376892 0
65610 0.000000 0
65618 0.000000 0
65625 0.000000 0
65632 0.000000 0
65640 0.000000 0
65648 0.000000 0
65655 0.000000 0
65662 0.000000 0
65670 0.000000 0
65678 0.000000 0
65685 0.055585 0
65692 0.765962 0
65700 0.357360 0
65708 0.000000 0
65715 0.000000 0
65722 0.000000 0
65730 0.000000 0
65738 0.000000 0
65745 0.000000 0
65752 0.052365 0
65760 0.137660 0
65768 0.000000 0
65775 0.000000 0
65782 0.173468 0
65790 0.000000 0
65798 0.000000 0
65805 1.000000 0
65812 1.000000 0
65820 0.224532 0
65828 0.000000 0
65835 0.000000 0
65842 0.000000 0
65850 0.000000 0
65858 0.129151 0
65865 0.156890 0
65872 0.000000 0
65880 0.000000 0
65888 0.000000 0
65895 0.181428 0
65902 0.272173 0
65910 0.000000 0
65918 0.000000 0
65925 0.000000 0
65932 0.522455 0
65940 0.347132 0
65948 0.000000 0
65955 0.000000 0
65962 0.000000 0
65970 0.000000 0
65978 0.000000 0
65985 0.271414 0
65992 0.118820 0
66000 0.000000 0
66008 0.280855 0
66015 0.000000 0
66022 0.000000 0
66030 0.000000 0
66038 0.000000 0
66045 0.874241 0
66052 1.000000 0
66060 0.624264 0
66068 0.000000 0
66075 0.209936 0
66082 0.000000 0
66090 0.000000 0
66098 0.000000 0
66105 0.000000 0
66112 0.000000 0
66120 0.359863 0
66128 0.000000 0
66135 0.000000 0
66142 0.000000 0
66150 0.000000 0
66158 0.000000 0
66165 0.157143 0
66172 0.406780 0
66180 0.108636 0
66188 0.000000 0
66195 0.000000 0
66202 0.000000 0
66210 0.000000 0
66218 0.000000 0
66225 0.000000 0
66232 0.086675 0
66240 0.014188 0
66248 0.000000 0
66255 0.000000 0
66262 0.429326 0
66270 0.850081 0
66278 0.503836 0
66285 0.679531 0
66292 0.624008 0
66300 0.000000 0
66308 0.000000 0
66315 0.000000 0
66322 0.000000 0
66330 0.000000 0
66338 0.000000 0
66345 0.180144 0
66352 0.000000 0
66360 0.000000 0
66368 0.000000 0
66375 0.000000 0
66382 0.000000 0
66390 0.000000 0
66398 0.182025 0
66405 0.431356 0
66412 0.191909 0
66420 0.000000 0
66428 0.000000 0
66435 0.000000 0
66442 0.000000 0
66450 0.000000 0
66458 0.000000 0
66465 0.000000 0
66472 0.000000 0
66480 0.345630 0
66488 0.000000 0
66495 0.000000 0
66502 0.000000 0
66510 0.000000 0
66518 0.463243 0
66525 1.000000 0
66532 0.867095 0
66540 0.471485 0
66548 0.000000 0
66555 0.000000 0
66562 0.000000 0
66570 0.000000 0
66578 0.000000 0
66585 0.000000 0
66592 0.000000 0
66600 0.000000 0
66608 0.000000 0
66615 0.000000 0
66622 0.000000 0
66630 0.000000 0
66638 0.201841 0
66645 0.301244 0
66652 0.419748 0
66660 0.000000 0
66668 0.000000 0
66675 0.000000 0
66682 0.000000 0
66690 0.000000 0
66698 0.000000 0
66705 0.000000 0
66712 0.000000 0
66720 0.000000 0
66728 0.000000 0
66735 0.000000 0
66742 0.000000 0
66750 0.000000 0
66758 0.784281 0
66765 0.848695 0
66772 0.000000 0
66780 0.000000 0
66788 0.000000 0
66795 0.000000 0
66802 0.000000 0
66810 0.266843 0
66818 0.307977 0
66825 0.155786 0
66832 0.367360 0
66840 0.000000 0
66848 0.321065 0
66855 0.000000 0
66862 0.000000 0
66870 0.000000 0
66878 0.000000 0
66885 0.267117 0
66892 0.152403 0
66900 0.241579 0
66908 0.402944 0
66915 0.162495 0
66922 0.000000 0
66930 0.000000 0
66938 0.000000 0
66945 0.000000 0
66952 0.263881 0
66960 0.000000 0
66968 0.000000 0
66975 0.178473 0
66982 0.000000 0
66990 0.000000 0
66998 0.641588 0
67005 1.000000 0
67012 0.641798 0
67020 0.000000 0
67028 0.345222 0
67035 0.207476 0
67042 0.000000 0
67050 0.000000 0
67058 0.000000 0
67065 0.000000 0
67072 0.000000 0
67080 0.000000 0
67088 0.125353 0
67095 0.233739 0
67102 0.209013 0
67110 0.000000 0
67118 0.129152 0
67125 0.453466 0
67132 0.000000 0
67140 0.000000 0
67148 0.000000 0
67155 0.000000 0
67162 0.309613 0
67170 0.066025 0
67178 0.000000 0
67185 0.000000 0
67192 0.207846 0
67200 0.000000 0
67208 0.000000 0
67215 0.496470 0
67222 0.872037 0
67230 0.221781 0
67238 0.385770 0
67245 0.479442 0
67252 0.000000 0
67260 0.000000 0
67268 0.000000 0
67275 0.243522 0
67282 0.000000 0
67290 0.000000 0
67298 0.000000 0
67305 0.000000 0
67312 0.047321 0
67320 0.000000 0
67328 0.000000 0
67335 0.108853 0
67342 0.000000 0
67350 0.180210 0
67358 0.366924 0
67365 0.151523 0
67372 0.000000 0
67380 0.340348 0
67388 0.000000 0
67395 0.112904 0
67402 0.000000 0
67410 0.000000 0
67418 0.000000 0
67425 0.000000 0
67432 0.251441 0
67440 0.000000 0
67448 0.000000 0
67455 0.000000 0
67462 0.000000 0
67470 0.000000 0
67478 0.895122 0
67485 0.972931 0
67492 0.429816 0
67500 0.000000 0
67508 0.000000 0
67515 0.000000 0
67522 0.000000 0
67530 0.000000 0
67538 0.000000 0
67545 0.103460 0
67552 0.233997 0
67560 0.000000 0
67568 0.000000 0
67575 0.103330 0
67582 0.000000 0
67590 0.000000 0
67598 0.000000 0
67605 0.157582 0
67612 0.000000 0
67620 0.000000 0
67628 0.000000 0
67635 0.339926 0
67642 0.248118 0
67650 0.336930 0
67658 0.000000 0
67665 0.195233 0
67672 0.000000 0
67680 0.389191 0
67688 0.063652 0
67695 0.000000 0
67702 0.143705 0
67710 0.410214 0
67718 0.649040 0
67725 0.000000 0
67732 0.000000 0
67740 0.000000 0
67748 0.000000 0
67755 0.000000 0
67762 0.249428 0
67770 0.280229 0
67778 0.073601 0
67785 0.169737 0
67792 0.143491 0
67800 0.334725 0
67808 0.218469 0
67815 0.000000 0
67822 0.000000 0
67830 0.255391 0
67838 0.712573 0
67845 0.375609 0
67852 0.000000 0
67860 0.000000 0
67868 0.226374 0
67875 0.000000 0
67882 0.000000 0
67890 0.000000 0
67898 0.000000 0
67905 0.000000 0
67912 0.000000 0
67920 0.000000 0
67928 0.375281 0
67935 0.105698 0
67942 0.000000 0
67950 0.966385 0
67958 1.000000 0
67965 0.758653 0
67972 0.576825 0
67980 0.294961 0
67988 0.000000 0
67995 0.000000 0
68002 0.000000 0
68010 0.000000 0
68018 0.000000 0
68025 0.000000 0
68032 0.000000 0
68040 0.000000 0
68048 0.000000 0
68055 0.000000 0
68062 0.000000 0
68070 0.200816 0
68078 0.303938 0
68085 0.000000 0
68092 0.221587 0
68100 0.000000 0
68108 0.000000 0
68115 0.179798 0
68122 0.213238 0
68130 0.000000 0
68138 0.000000 0
68145 0.000000 0
68152 0.000000 0
68160 0.000000 0
68168 0.000000 0
68175 0.697333 0
68182 0.439784 0
68190 0.633722 0
68198 0.618096 0
68205 0.000000 0
68212 0.000000 0
68220 0.000000 0
68228 0.190127 0
68235 0.000000 0
68242 0.000000 0
68250 0.220827 0
68258 0.326468 0
68265 0.000000 0
68272 0.330575 0
68280 0.000000 0
68288 0.000000 0
68295 0.078413 0
68302 0.298075 0
68310 0.313643 0
68318 0.412884 0
68325 0.000000 0
68332 0.000000 0
68340 0.000000 0
68348 0.000000 0
68355 0.000000 0
68362 0.107085 0
68370 0.000000 0
68378 0.344174 0
68385 0.000000 0
68392 0.000000 0
68400 0.000000 0
68408 0.282480 0
68415 0.000000 0
68422 0.396462 0
68430 0.693285 0
68438 0.764569 0
68445 0.448402 0
68452 0.000000 0
68460 0.000000 0
68468 0.000000 0
68475 0.000000 0
68482 0.000000 0
68490 0.000000 0
68498 0.000000 0
68505 0.000000 0
68512 0.000000 0
68520 0.000000 0
68528 0.000000 0
68535 0.000000 0
68542 0.000000 0
68550 0.479702 0
68558 0.282300 0
68565 0.215333 0
68572 0.000000 0
68580 0.216491 0
68588 0.000000 0
68595 0.270387 0
68602 0.226716 0
68610 0.000000 0
68618 0.000000 0
68625 0.000000 0
68632 0.000000 0
68640 0.000000 0
68648 0.000000 0
68655 0.324732 0
68662 0.428775 0
68670 0.758983 0
68678 0.000000 0
68685 0.000000 0
68692 0.000000 0
68700 0.000000 0
68708 0.241265 0
68715 0.000000 0
68722 0.000000 0
68730 0.390582 0
68738 0.164861 0
68745 0.000000 0
68752 0.000000 0
68760 0.459012 0
68768 0.000000 0
68775 0.000000 0
68782 0.228155 0
68790 0.105025 0
68798 0.287088 0
68805 0.000000 0
68812 0.000000 0
68820 0.143638 0
68828 0.000000 0
68835 0.322474 0
68842 0.000000 0
68850 0.000000 0
68858 0.000000 0
68865 0.202568 0
68872 0.000000 0
68880 0.052291 0
68888 0.226025 0
68895 0.000000 0
68902 0.664192 0
68910 0.934986 0
68918 0.590969 0
68925 0.000000 0
68932 0.134206 0
68940 0.000000 0
68948 0.000000 0
68955 0.000000 0
68962 0.000000 0
68970 0.000000 0
68978 0.000000 0
68985 0.000000 0
68992 0.000000 0
69000 0.000000 0
69008 0.000000 0
69015 0.106132 0
69022 0.386799 0
69030 0.332421 0
69038 0.000000 0
69045 0.000000 0
69052 0.000000 0
69060 0.000000 0
69068 0.170265 0
69075 0.336361 0
69082 0.068241 0
69090 0.000000 0
69098 0.000000 0
69105 0.261022 0
69112 0.000000 0
69120 0.424603 0
69128 0.701627 0
69135 0.429034 0
69142 0.642289 0
69150 0.476532 0
69158 0.000000 0
69165 0.000000 0
69172 0.000000 0
69180 0.000000 0
69188 0.000000 0
69195 0.000000 0
69202 0.000000 0
69210 0.363602 0
69218 0.149983 0
69225 0.294046 0
69232 0.000000 0
69240 0.000000 0
69248 0.000000 0
69255 0.000000 0
69262 0.306306 0
69270 0.377728 0
69278 0.000000 0
69285 0.000000 0
69292 0.000000 0
69300 0.000000 0
69308 0.000000 0
69315 0.237629 0
69322 0.211283 0
69330 0.000000 0
69338 0.000000 0
69345 0.000000 0
69352 0.000000 0
69360 0.094075 0
69368 0.000000 0
69375 0.167682 0
69382 0.645379 0
69390 0.855356 0
69398 0.503969 0
69405 0.230716 0
69412 0.201555 0
69420 0.000000 0
69428 0.000000 0
69435 0.000000 0
69442 0.000000 0
69450 0.000000 0
69458 0.000000 0
69465 0.000000 0
69472 0.000000 0
69480 0.000000 0
69488 0.000000 0
69495 0.385045 0
69502 0.620979 0
69510 0.306774 0
69518 0.000000 0
69525 0.000000 0
69532 0.000000 0
69540 0.000000 0
69548 0.000000 0
69555 0.000000 0
69562 0.000000 0
69570 0.071964 0
69578 0.000000 0
69585 0.197167 0
69592 0.000000 0
69600 0.000000 0
69608 0.305522 0
69615 0.874284 0
69622 1.000000 0
69630 0.689891 0
69638 0.000000 0
69645 0.000000 0
69652 0.000000 0
69660 0.000000 0
69668 0.000000 0
69675 0.193379 0
69682 0.000000 0
69690 0.000000 0
69698 0.298379 0
69705 0.223588 0
69712 0.000000 0
69720 0.000000 0
69728 0.000000 0
69735 0.000000 0
69742 0.553585 0
69750 0.387149 0
69758 0.000000 0
69765 0.000000 0
69772 0.000000 0
69780 0.000000 0
69788 0.214679 0
69795 0.278835 0
69802 0.000000 0
69810 0.000000 0
69818 0.359882 0
69825 0.000000 0
69832 0.000000 0
69840 0.235882 0
69848 0.000000 0
69855 0.689633 0
69862 0.992465 0
69870 0.542889 0
69878 0.000000 0
69885 0.000000 0
69892 0.000000 0
69900 0.000000 0
69908 0.000000 0
69915 0.000000 0
69922 0.000000 0
69930 0.000000 0
69938 0.000000 0
69945 0.000000 0
69952 0.000000 0
69960 0.000000 0
69968 0.000000 0
69975 0.347185 0
69982 0.662383 0
69990 0.374273 0
69998 0.000000 0
70005 0.000000 0
70012 0.000000 0
70020 0.000000 0
70028 0.000000 0
70035 0.000000 0
70042 0.322475 0
70050 0.000000 0
70058 0.000000 0
70065 0.139215 0
70072 0.425594 0
70080 0.879902 0
70088 0.313689 0
70095 0.459731 0
70102 0.704783 0
70110 0.000000 0
70118 0.000000 0
70125 0.000000 0
70132 0.000000 0
70140 0.000000 0
70148 0.000000 0
70155 0.000000 0
70162 0.000000 0
70170 0.182510 0
70178 0.000000 0
70185 0.000000 0
70192 0.000000 0
70200 0.000000 0
70208 0.305355 0
70215 0.235938 0
70222 0.000000 0
70230 0.000000 0
70238 0.000000 0
70245 0.000000 0
70252 0.000000 0
70260 0.404749 0
70268 0.000000 0
70275 0.246436 0
70282 0.341897 0
70290 0.000000 0
70298 0.000000 0
70305 0.000000 0
70312 0.000000 0
70320 0.354295 0
70328 0.402212 0
70335 0.882685 0
70342 0.796167 0
70350 0.507207 0
70358 0.417157 0
70365 0.000000 0
70372 0.000000 0
70380 0.000000 0
70388 0.000000 0
70395 0.000000 0
70402 0.000000 0
70410 0.000000 0
70418 0.000000 0
70425 0.000000 0
70432 0.000000 0
70440 0.000000 0
70448 0.000000 0
70455 0.400307 0
70462 0.437316 0
70470 0.000000 0
70478 0.000000 0
70485 0.000000 0
70492 0.000000 0
70500 0.000000 0
70508 0.000000 0
70515 0.137399 0
70522 0.000000 0
70530 0.000000 0
70538 0.000000 0
70545 0.000000 0
70552 0.000000 0
70560 0.000000 0
70568 0.418283 0
70575 1.000000 0
70582 0.464384 0
70590 0.000000 0
70598 0.000000 0
70605 0.000000 0
70612 0.000000 0
70620 0.046650 0
70628 0.228486 0
70635 0.198711 0
70642 0.000000 0
70650 0.000000 0
70658 0.000000 0
70665 0.000000 0
70672 0.000000 0
70680 0.000000 0
70688 0.261322 0
70695 0.255692 0
70702 0.000000 0
70710 0.345131 0
70718 0.297392 0
70725 0.000000 0
70732 0.000000 0
70740 0.235378 0
70748 0.300813 0
70755 0.211416 0
70762 0.000000 0
70770 0.277355 0
70778 0.043481 0
70785 0.000000 0
70792 0.000000 0
70800 0.000000 0
70808 0.601647 0
70815 1.000000 0
70822 0.567356 0
70830 0.000000 0
70838 0.275598 0
70845 0.000000 0
70852 0.000000 0
70860 0.000000 0
70868 0.000000 0
70875 0.000000 0
70882 0.420927 0
70890 0.000000 0
70898 0.000000 0
70905 0.000000 0
70912 0.431826 0
70920 0.000000 0
70928 0.190228 0
70935 0.561823 0
70942 0.124811 0
70950 0.000000 0
70958 0.000000 0
70965 0.000000 0
70972 0.000000 0
70980 0.000000 0
70988 0.000000 0
70995 0.173565 0
71002 0.000000 0
71010 0.000000 0
71018 0.000000 0
71025 0.406384 0
71032 0.917835 0
71040 0.295693 0
71048 0.221060 0
71055 0.600090 0
71062 0.000000 0
71070 0.000000 0
71078 0.000000 0
71085 0.314481 0
71092 0.000000 0
71100 0.000000 0
71108 0.000000 0
71115 0.191481 0
71122 0.227242 0
71130 0.000000 0
71138 0.000000 0
71145 0.000000 0
71152 0.000000 0
71160 0.000000 0
71168 0.110682 0
71175 0.352107 0
71182 0.000000 0
71190 0.000000 0
71198 0.000000 0
71205 0.207527 0
71212 0.217045 0
71220 0.281138 0
71228 0.000000 0
71235 0.244629 0
71242 0.000000 0
71250 0.000000 0
71258 0.000000 0
71265 0.209618 0
71272 0.000000 0
71280 0.152633 0
71288 0.805969 0
71295 0.787233 0
71302 0.526550 0
71310 0.119730 0
71318 0.000000 0
71325 0.000000 0
71332 0.000000 0
71340 0.000000 0
71348 0.000000 0
71355 0.000000 0
71362 0.000000 0
71370 0.156010 0
71378 0.000000 0
71385 0.000000 0
71392 0.000000 0
71400 0.000000 0
71408 0.303612 0
71415 0.000000 0
71422 0.000000 0
71430 0.000000 0
71438 0.000000 0
71445 0.027215 0
71452 0.247828 0
71460 0.154165 0
71468 0.000000 0
71475 0.000000 0
71482 0.192514 0
71490 0.000000 0
71498 0.107967 0
71505 0.000000 0
71512 0.110596 0
71520 0.000000 0
71528 0.443839 0
71535 0.264834 0
71542 0.000000 0
71550 0.000000 0
71558 0.000000 0
71565 0.000000 0
71572 0.196356 0
71580 0.000000 0
71588 0.000000 0
71595 0.000000 0
71602 0.399205 0
71610 0.000000 0
71618 0.000000 0
71625 0.041813 0
71632 0.000000 0
71640 0.051175 0
71648 0.609212 0
71655 0.344168 0
71662 0.268527 0
71670 0.000000 0
71678 0.000000 0
71685 0.000000 0
71692 0.000000 0
71700 0.000000 0
71708 0.000000 0
71715 0.368400 0
71722 0.263934 0
71730 0.000000 0
71738 0.000000 0
71745 0.217857 0
71752 0.131422 0
71760 0.931857 0
71768 1.000000 0
71775 0.680458 0
71782 0.335784 0
71790 0.236704 0
71798 0.109898 0
71805 0.000000 0
71812 0.000000 0
71820 0.000000 0
71828 0.000000 0
71835 0.000000 0
71842 0.000000 0
71850 0.000000 0
71858 0.000000 0
71865 0.000000 0
71872 0.000000 0
71880 0.562494 0
71888 0.617900 0
71895 0.398202 0
71902 0.000000 0
71910 0.000000 0
71918 0.000000 0
71925 0.209686 0
71932 0.000000 0
71940 0.000000 0
71948 0.000000 0
71955 0.000000 0
71962 0.000000 0
71970 0.000000 0
71978 0.552027 0
71985 0.889227 0
71992 0.400772 0
72000 0.596461 0
72008 0.491991 0
72015 0.000000 0
72022 0.000000 0
72030 0.000000 0
72038 0.000000 0
72045 0.000000 0
72052 0.000000 0
72060 0.000000 0
72068 0.278753 0
72075 0.000000 0
72082 0.000000 0
72090 0.000000 0
72098 0.304594 0
72105 0.000000 0
72112 0.000000 0
72120 0.271301 0
72128 0.000000 0
72135 0.000000 0
72142 0.000000 0
72150 0.295944 0
72158 0.000000 0
72165 0.000000 0
72172 0.299741 0
72180 0.394015 0
72188 0.000000 0
72195 0.000000 0
72202 0.000000 0
72210 0.000000 0
72218 0.000000 0
72225 0.269215 0
72232 0.000000 0
72240 0.877983 0
72248 0.936300 0
72255 0.364173 0
72262 0.000000 0
72270 0.000000 0
72278 0.000000 0
72285 0.000000 0
72292 0.000000 0
72300 0.000000 0
72308 0.000000 0
72315 0.000000 0
72322 0.000000 0
72330 0.032512 0
72338 0.000000 0
72345 0.000000 0
72352 0.000000 0
72360 0.299308 0
72368 0.000000 0
72375 0.000000 0
72382 0.000000 0
72390 0.000000 0
72398 0.000000 0
72405 0.000000 0
72412 0.000000 0
72420 0.000000 0
72428 0.366319 0
72435 0.292591 0
72442 0.000000 0
72450 0.000000 0
72458 0.000000 0
72465 0.000000 0
72472 0.473016 0
72480 0.891835 0
72488 0.369983 0
72495 0.000000 0
72502 0.000000 0
72510 0.000000 0
72518 0.000000 0
72525 0.198998 0
72532 0.000000 0
72540 0.249149 0
72548 0.000000 0
72555 0.000000 0
72562 0.205558 0
72570 0.259656 0
72578 0.000000 0
72585 0.210916 0
72592 0.000000 0
72600 0.418212 0
72608 0.082119 0
72615 0.000000 0
72622 0.000000 0
72630 0.331174 0
72638 0.155713 0
72645 0.156586 0
72652 0.000000 0
72660 0.099716 0
72668 0.000000 0
72675 0.000000 0
72682 0.000000 0
72690 0.181818 0
72698 0.000000 0
72705 0.000000 0
72712 0.648013 0
72720 0.754340 0
72728 0.485638 0
72735 0.389867 0
72742 0.382009 0
72750 0.000000 0
72758 0.000000 0
72765 0.000000 0
72772 0.000000 0
72780 0.000000 0
72788 0.000000 0
72795 0.000000 0
72802 0.000000 0
72810 0.000000 0
72818 0.000000 0
72825 0.000000 0
72832 0.000000 0
72840 0.365278 0
72848 0.106955 0
72855 0.000000 0
72862 0.000000 0
72870 0.000000 0
72878 0.000000 0
72885 0.000000 0
72892 0.000000 0
72900 0.000000 0
72908 0.000000 0
72915 0.000000 0
72922 0.329568 0
72930 0.302528 0
72938 0.785495 0
72945 0.442428 0
72952 0.477266 0
72960 0.548062 0
72968 0.000000 0
72975 0.000000 0
72982 0.066389 0
72990 0.000000 0
72998 0.000000 0
73005 0.000000 0
73012 0.000000 0
73020 0.305952 0
73028 0.035311 0
73035 0.000000 0
73042 0.000000 0
73050 0.236203 0
73058 0.039679 0
73065 0.237721 0
73072 0.000000 0
73080 0.452940 0
73088 0.000000 0
73095 0.000000 0
73102 0.000000 0
73110 0.000000 0
73118 0.357924 0
73125 0.000000 0
73132 0.000000 0
73140 0.000000 0
73148 0.000000 0
73155 0.245272 0
73162 0.341108 0
73170 0.000000 0
73178 0.000000 0
73185 0.396552 0
73192 0.753199 0
73200 0.734639 0
73208 0.329390 0
73215 0.000000 0
73222 0.171372 0
73230 0.000000 0
73238 0.000000 0
73245 0.000000 0
73252 0.000000 0
73260 0.000000 0
73268 0.000000 0
73275 0.000000 0
73282 0.000000 0
73290 0.000000 0
73298 0.000000 0
73305 0.434284 0
73312 0.552790 0
73320 0.206142 0
73328 0.000000 0
73335 0.000000 0
73342 0.000000 0
73350 0.000000 0
73358 0.000000 0
73365 0.000000 0
73372 0.000000 0
73380 0.000000 0
73388 0.250639 0
73395 0.000000 0
73402 0.330707 0
73410 0.334371 0
73418 0.102527 0
73425 0.429984 0
73432 1.000000 0
73440 0.510540 0
73448 0.000000 0
73455 0.000000 0
73462 0.000000 0
73470 0.000000 0
73478 0.307749 0
73485 0.402859 0
73492 0.222945 0
73500 0.000000 0
73508 0.000000 0
73515 0.000000 0
73522 0.257239 0
73530 0.000000 0
73538 0.000000 0
73545 0.113570 0
73552 0.428186 0
73560 0.193983 0
73568 0.000000 0
73575 0.000000 0
73582 0.000000 0
73590 0.371352 0
73598 0.196140 0
73605 0.000000 0
73612 0.000000 0
73620 0.423982 0
73628 0.287520 0
73635 0.000000 0
73642 0.000000 0
73650 0.270567 0
73658 0.230468 0
73665 0.465223 0
73672 0.810162 0
73680 0.526071 0
73688 0.000000 0
73695 0.000000 0
73702 0.106127 0
73710 0.000000 0
73718 0.000000 0
73725 0.000000 0
73732 0.000000 0
73740 0.242688 0
73748 0.053231 0
73755 0.000000 0
73762 0.000000 0
73770 0.000000 0
73778 0.000000 0
73785 0.396177 0
73792 0.461893 0
73800 0.261357 0
73808 0.000000 0
73815 0.000000 0
73822 0.000000 0
73830 0.000000 0
73838 0.000000 0
73845 0.090090 0
73852 0.000000 0
73860 0.000000 0
73868 0.281563 0
73875 0.000000 0
73882 0.064586 0
73890 0.677966 0
73898 0.310417 0
73905 0.602329 0
73912 0.619541 0
73920 0.000000 0
73928 0.000000 0
73935 0.000000 0
73942 0.000000 0
73950 0.000000 0
73958 0.000000 0
73965 0.000000 0
73972 0.000000 0
73980 0.000000 0
73988 0.000000 0
73995 0.000000 0
74002 0.305903 0
74010 0.205755 0
74018 0.000000 0
74025 0.267983 0
74032 0.267098 0
74040 0.000000 0
74048 0.000000 0
74055 0.000000 0
74062 0.238179 0
74070 0.235510 0
74078 0.000000 0
74085 0.344011 0
74092 0.000000 0
74100 0.153468 0
74108 0.000000 0
74115 0.000000 0
74122 0.218362 0
74130 0.000000 0
74138 0.000000 0
74145 0.649698 0
74152 0.807161 0
74160 0.378692 0
74168 0.138705 0
74175 0.300904 0
74182 0.000000 0
74190 0.000000 0
74198 0.000000 0
74205 0.000000 0
74212 0.000000 0
74220 0.000000 0
74228 0.000000 0
74235 0.000000 0
74242 0.335413 0
74250 0.137296 0
74258 0.000000 0
74265 0.176394 0
74272 0.277944 0
74280 0.000000 0
74288 0.128303 0
74295 0.000000 0
74302 0.000000 0
74310 0.000000 0
74318 0.000000 0
74325 0.000000 0
74332 0.000000 0
74340 0.049935 0
74348 0.000000 0
74355 0.000000 0
74362 0.041507 0
74370 0.233696 0
74378 0.470504 0
74385 0.680097 0
74392 0.224431 0
74400 0.000000 0
74408 0.000000 0
74415 0.000000 0
74422 0.000000 0
74430 0.000000 0
74438 0.229459 0
74445 0.000000 0
74452 0.367343 0
74460 0.227997 0
74468 0.000000 0
74475 0.162058 0
74482 0.257772 0
74490 0.000000 0
74498 0.000000 0
74505 0.303549 0
74512 0.331395 0
74520 0.000000 0
74528 0.000000 0
74535 0.209143 0
74542 0.000000 0
74550 0.000000 0
74558 0.141466 0
74565 0.000000 0
74572 0.216668 0
74580 0.000000 0
74588 0.000000 0
74595 0.355902 0
74602 0.265191 0
74610 0.175867 0
74618 0.412054 0
74625 0.751259 0
74632 0.519505 0
74640 0.000000 0
74648 0.328405 0
74655 0.000000 0
74662 0.000000 0
74670 0.000000 0
74678 0.000000 0
74685 0.000000 0
74692 0.000000 0
74700 0.000000 0
74708 0.000000 0
74715 0.000000 0
74722 0.000000 0
74730 0.000000 0
74738 0.274206 0
74745 0.573302 0
74752 0.280136 0
74760 0.000000 0
74768 0.000000 0
74775 0.000000 0
74782 0.000000 0
74790 0.000000 0
74798 0.140983 0
74805 0.000000 0
74812 0.000000 0
74820 0.000000 0
74828 0.328425 0
74835 0.351044 0
74842 0.586319 0
74850 0.000000 0
74858 0.410321 0
74865 0.647138 0
74872 0.000000 0
74880 0.000000 0
74888 0.000000 0
74895 0.000000 0
74902 0.000000 0
74910 0.000000 0
74918 0.249908 0
74925 0.198553 0
74932 0.000000 0
74940 0.000000 0
74948 0.372804 0
74955 0.000000 0
74962 0.000000 0
74970 0.338038 0
74978 0.298425 0
74985 0.036436 0
74992 0.000000 0
75000 0.000000 0
75008 0.000000 0
75015 0.000000 0
75022 0.000000 0
75030 0.351019 0
75038 0.000000 0
75045 0.000000 0
75052 0.238799 0
75060 0.219662 0
75068 0.000000 0
75075 0.000000 0
75082 0.326527 0
75090 0.411498 0
75098 0.747195 0
75105 0.659562 0
75112 0.364455 0
75120 0.290064 0
75128 0.087664 0
75135 0.000000 0
75142 0.000000 0
75150 0.341574 0
75158 0.000000 0
75165 0.000000 0
75172 0.000000 0
75180 0.000000 0
75188 0.000000 0
75195 0.000000 0
75202 0.000000 0
75210 0.000000 0
75218 0.188097 0
75225 0.000000 0
75232 0.000000 0
75240 0.000000 0
75248 0.375147 0
75255 0.170869 0
75262 0.000000 0
75270 0.000000 0
75278 0.407406 0
75285 0.377874 0
75292 0.000000 0
75300 0.000000 0
75308 0.301392 0
75315 0.000000 0
75322 0.000000 0
75330 0.000000 0
75338 0.424302 0
75345 0.207266 0
75352 0.000000 0
75360 0.000000 0
75368 0.000000 0
75375 0.153679 0
75382 0.000000 0
75390 0.355471 0
75398 0.000000 0
75405 0.143734 0
75412 0.100959 0
75420 0.000000 0
75428 0.259433 0
75435 0.000000 0
75442 0.000000 0
75450 0.209755 0
75458 0.421936 0
75465 0.141532 0
75472 0.000000 0
75480 0.235451 0
75488 0.000000 0
75495 0.000000 0
75502 0.000000 0
75510 0.000000 0
75518 0.000000 0
75525 0.428834 0
75532 0.000000 0
75540 0.000000 0
75548 0.173194 0
75555 0.000000 0
75562 0.361896 0
75570 0.573305 0
75578 0.619629 0
75585 0.571792 0
75592 0.372339 0
75600 0.000000 0
75608 0.000000 0
75615 0.000000 0
75622 0.000000 0
75630 0.000000 0
75638 0.000000 0
75645 0.365643 0
75652 0.122326 0
75660 0.365946 0
75668 0.239397 0
75675 0.000000 0
75682 0.000000 0
75690 0.111736 0
75698 0.450997 0
75705 0.000000 0
75712 0.000000 0
75720 0.337810 0
75728 0.200573 0
75735 0.221462 0
75742 0.000000 0
75750 0.000000 0
75758 0.061995 0
75765 0.183987 0
75772 0.300898 0
75780 0.000000 0
75788 0.207516 0
75795 0.535772 0
75802 0.370590 0
75810 0.531270 0
75818 0.501710 0
75825 0.000000 0
75832 0.000000 0
75840 0.000000 0
75848 0.000000 0
75855 0.000000 0
75862 0.000000 0
75870 0.107602 0
75878 0.247816 0
75885 0.381986 0
75892 0.000000 0
75900 0.000000 0
75908 0.210673 0
75915 0.352342 0
75922 0.267197 0
75930 0.168356 0
75938 0.000000 0
75945 0.000000 0
75952 0.000000 0
75960 0.000000 0
75968 0.000000 0
75975 0.327160 0
75982 0.000000 0
75990 0.000000 0
75998 0.245937 0
76005 0.000000 0
76012 0.153027 0
76020 0.000000 0
76028 0.218099 0
76035 0.254903 0
76042 0.236897 0
76050 0.610234 0
76058 0.463970 0
76065 0.246556 0
76072 0.000000 0
76080 0.000000 0
76088 0.000000 0
76095 0.000000 0
76102 0.105329 0
76110 0.000000 0
76118 0.000000 0
76125 0.000000 0
76132 0.368911 0
76140 0.382442 0
76148 0.000000 0
76155 0.000000 0
76162 0.000000 0
76170 0.000000 0
76178 0.170690 0
76185 0.000000 0
76192 0.136540 0
76200 0.000000 0
76208 0.228502 0
76215 0.000000 0
76222 0.000000 0
76230 0.000000 0
76238 0.000000 0
76245 0.203409 0
76252 0.211987 0
76260 0.000000 0
76268 0.298842 0
76275 0.312232 0
76282 0.304346 0
76290 0.588841 0
76298 0.330189 0
76305 0.000000 0
76312 0.000000 0
76320 0.000000 0
76328 0.000000 0
76335 0.334122 0
76342 0.079298 0
76350 0.000000 0
76358 0.000000 0
76365 0.115213 0
76372 0.381299 0
76380 0.325623 0
76388 0.000000 0
76395 0.000000 0
76402 0.155869 0
76410 0.339485 0
76418 0.000000 0
76425 0.000000 0
76432 0.302452 0
76440 0.000000 0
76448 0.000000 0
76455 0.394146 0
76462 0.402521 0
76470 0.000000 0
76478 0.000000 0
76485 0.242835 0
76492 0.000000 0
76500 0.000000 0
76508 0.000000 0
76515 0.393649 0
76522 0.323020 0
76530 0.652002 0
76538 0.475903 0
76545 0.190638 0
76552 0.000000 0
76560 0.000000 0
76568 0.000000 0
76575 0.408761 0
76582 0.000000 0
76590 0.000000 0
76598 0.000000 0
76605 0.000000 0
76612 0.000000 0
76620 0.254685 0
76628 0.000000 0
76635 0.000000 0
76642 0.000000 0
76650 0.367193 0
76658 0.000000 0
76665 0.000000 0
76672 0.000000 0
76680 0.000000 0
76688 0.319557 0
76695 0.000000 0
76702 0.000000 0
76710 0.000000 0
76718 0.000000 0
76725 0.141075 0
76732 0.000000 0
76740 0.000000 0
76748 0.255207 0
76755 0.000000 0
76762 0.255175 0
76770 0.633166 0
76778 0.185286 0
76785 0.000000 0
76792 0.000000 0
76800 0.000000 0
76808 0.431650 0
76815 0.187496 0
76822 0.000000 0
76830 0.383850 0
76838 0.000000 0
76845 0.000000 0
76852 0.316224 0
76860 0.000000 0
76868 0.000000 0
76875 0.175677 0
76882 0.000000 0
76890 0.000000 0
76898 0.224786 0
76905 0.000000 0
76912 0.000000 0
76920 0.000000 0
76928 0.358862 0
76935 0.129140 0
76942 0.000000 0
76950 0.000000 0
76958 0.000000 0
76965 0.000000 0
76972 0.340591 0
76980 0.000000 0
76988 0.219481 0
76995 0.280129 0
77002 0.512817 0
77010 0.710352 0
77018 0.212777 0
77025 0.000000 0
77032 0.000000 0
77040 0.000000 0
77048 0.029777 0
77055 0.000000 0
77062 0.000000 0
77070 0.000000 0
77078 0.000000 0
77085 0.000000 0
77092 0.327304 0
77100 0.000000 0
77108 0.000000 0
77115 0.000000 0
77122 0.000000 0
77130 0.000000 0
77138 0.000000 0
77145 0.311209 0
77152 0.000000 0
77160 0.000000 0
77168 0.085142 0
77175 0.338050 0
77182 0.340839 0
77190 0.000000 0
77198 0.000000 0
77205 0.000000 0
77212 0.000000 0
77220 0.025660 0
77228 0.000000 0
77235 0.000000 0
77242 0.626267 0
77250 0.519556 0
77258 0.000000 0
77265 0.000000 0
77272 0.000000 0
77280 0.000000 0
77288 0.000000 0
77295 0.000000 0
77302 0.000000 0
77310 0.430633 0
77318 0.227443 0
77325 0.181222 0
77332 0.251837 0
77340 0.000000 0
77348 0.000000 0
77355 0.000000 0
77362 0.414710 0
77370 0.253482 0
77378 0.185007 0
77385 0.256777 0
77392 0.155146 0
77400 0.000000 0
77408 0.181496 0
77415 0.000000 0
77422 0.000000 0
77430 0.167591 0
77438 0.094698 0
77445 0.000000 0
77452 0.000000 0
77460 0.359442 0
77468 0.225800 0
77475 0.409439 0
77482 0.813190 0
77490 0.468467 0
77498 0.250368 0
77505 0.000000 0
77512 0.000000 0
77520 0.000000 0
77528 0.286658 0
77535 0.330038 0
77542 0.145681 0
77550 0.000000 0
77558 0.000000 0
77565 0.000000 0
77572 0.000000 0
77580 0.000000 0
77588 0.000000 0
77595 0.274841 0
77602 0.000000 0
77610 0.079166 0
77618 0.405058 0
77625 0.000000 0
77632 0.103515 0
77640 0.000000 0
77648 0.000000 0
77655 0.297362 0
77662 0.269357 0
77670 0.000000 0
77678 0.000000 0
77685 0.025114 0
77692 0.000000 0
77700 0.000000 0
77708 0.000000 0
77715 0.429689 0
77722 0.502675 0
77730 0.000000 0
77738 0.000000 0
77745 0.000000 0
77752 0.321671 0
77760 0.374027 0
77768 0.213694 0
77775 0.000000 0
77782 0.000000 0
77790 0.000000 0
77798 0.167229 0
77805 0.426069 0
77812 0.000000 0
77820 0.154063 0
77828 0.241267 0
77835 0.000000 0
77842 0.000000 0
77850 0.202690 0
77858 0.008891 0
77865 0.304858 0
77872 0.000000 0
77880 0.208546 0
77888 0.000000 0
77895 0.131308 0
77902 0.337487 0
77910 0.000000 0
77918 0.000000 0
77925 0.000000 0
77932 0.000000 0
77940 0.561132 0
77948 0.378509 0
77955 0.535829 0
77962 0.420481 0
77970 0.401292 0
77978 0.364877 0
77985 0.000000 0
77992 0.000000 0
78000 0.285115 0
78008 0.000000 0
78015 0.000000 0
78022 0.000000 0
78030 0.023839 0
78038 0.145609 0
78045 0.000000 0
78052 0.000000 0
78060 0.000000 0
78068 0.000000 0
78075 0.333705 0
78082 0.000000 0
78090 0.000000 0
78098 0.000000 0
78105 0.000000 0
78112 0.249735 0
78120 0.229471 0
78128 0.000000 0
78135 0.000000 0
78142 0.242844 0
78150 0.000000 0
78158 0.000000 0
78165 0.000000 0
78172 0.258377 0
78180 0.187877 0
78188 0.000000 0
78195 0.651177 0
78202 0.345095 0
78210 0.000000 0
78218 0.000000 0
78225 0.321060 0
78232 0.379536 0
78240 0.246204 0
78248 0.000000 0
78255 0.000000 0
78262 0.179818 0
78270 0.000000 0
78278 0.343114 0
78285 0.065911 0
78292 0.216539 0
78300 0.000000 0
78308 0.294015 0
78315 0.000000 0
78322 0.000000 0
78330 0.240232 0
78338 0.000000 0
78345 0.000000 0
78352 0.129125 0
78360 0.185165 0
78368 0.000000 0
78375 0.050901 0
78382 0.073117 0
78390 0.000000 0
78398 0.000000 0
78405 0.000000 0
78412 0.068271 0
78420 0.000000 0
78428 0.333729 0
78435 0.645051 0
78442 0.524848 0
78450 0.220385 0
78458 0.000000 0
78465 0.000000 0
78472 0.130922 0
78480 0.000000 0
78488 0.277235 0
78495 0.000000 0
78502 0.000000 0
78510 0.138253 0
78518 0.000000 0
78525 0.000000 0
78532 0.000000 0
78540 0.000000 0
78548 0.000000 0
78555 0.000000 0
78562 0.422653 0
78570 0.216932 0
78578 0.125013 0
78585 0.000000 0
78592 0.000000 0
78600 0.417011 0
78608 0.130017 0
78615 0.000000 0
78622 0.000000 0
78630 0.000000 0
78638 0.000000 0
78645 0.000000 0
78652 0.000000 0
78660 0.134161 0
78668 0.307552 0
78675 0.496102 0
78682 0.000000 0
78690 0.000000 0
78698 0.000000 0
78705 0.000000 0
78712 0.000000 0
78720 0.318989 0
78728 0.130243 0
78735 0.000000 0
78742 0.000000 0
78750 0.223401 0
78758 0.281193 0
78765 0.000000 0
78772 0.000000 0
78780 0.000000 0
78788 0.106893 0
78795 0.000000 0
78802 0.000000 0
78810 0.000000 0
78818 0.000000 0
78825 0.232550 0
78832 0.154822 0
78840 0.204961 0
78848 0.000000 0
78855 0.000000 0
78862 0.235431 0
78870 0.000000 0
78878 0.000000 0
78885 0.000000 0
78892 0.000000 0
78900 0.000000 0
78908 0.442915 0
78915 0.639143 0
78922 0.533222 0
78930 0.000000 0
78938 0.000000 0
78945 0.000000 0
78952 0.395951 0
78960 0.302481 0
78968 0.000000 0
78975 0.000000 0
78982 0.000000 0
78990 0.332931 0
78998 0.221545 0
79005 0.259894 0
79012 0.000000 0
79020 0.182703 0
79028 0.000000 0
79035 0.000000 0
79042 0.000000 0
79050 0.000000 0
79058 0.000000 0
79065 0.092686 0
79072 0.000000 0
79080 0.261191 0
79088 0.000000 0
79095 0.000000 0
79102 0.000000 0
79110 0.000000 0
79118 0.000000 0
79125 0.000000 0
79132 0.000000 0
79140 0.351085 0
79148 0.588914 0
79155 0.320356 0
79162 0.000000 0
79170 0.000000 0
79178 0.000000 0
79185 0.000000 0
79192 0.308764 0
79200 0.000000 0
79208 0.158754 0
79215 0.000000 0
79222 0.208948 0
79230 0.000000 0
79238 0.000000 0
79245 0.000000 0
79252 0.000000 0
79260 0.130861 0
79268 0.216298 0
79275 0.262227 0
79282 0.000000 0
79290 0.429820 0
79298 0.000000 0
79305 0.000000 0
79312 0.000000 0
79320 0.230826 0
79328 0.000000 0
79335 0.319891 0
79342 0.299299 0
79350 0.224450 0
79358 0.000000 0
79365 0.000000 0
79372 0.000000 0
79380 0.439183 0
79388 0.560558 0
79395 0.547895 0
79402 0.431153 0
79410 0.109265 0
79418 0.000000 0
79425 0.000000 0
79432 0.345284 0
79440 0.289839 0
79448 0.000000 0
79455 0.233822 0
79462 0.236659 0
79470 0.000000 0
79478 0.000000 0
79485 0.000000 0
79492 0.284905 0
79500 0.374436 0
79508 0.000000 0
79515 0.000000 0
79522 0.000000 0
79530 0.000000 0
79538 0.000000 0
79545 0.095103 0
79552 0.119128 0
79560 0.000000 0
79568 0.000000 0
79575 0.000000 0
79582 0.000000 0
79590 0.226555 0
79598 0.000000 0
79605 0.000000 0
79612 0.325690 0
79620 0.343521 0
79628 0.535820 0
79635 0.280805 0
79642 0.000000 0
79650 0.000000 0
79658 0.000000 0
79665 0.213726 0
79672 0.349443 0
79680 0.000000 0
79688 0.000000 0
79695 0.000000 0
79702 0.254208 0
79710 0.116838 0
79718 0.000000 0
79725 0.000000 0
79732 0.100122 0
79740 0.376013 0
79748 0.260538 0
79755 0.000000 0
79762 0.000000 0
79770 0.000000 0
79778 0.187709 0
79785 0.186402 0
79792 0.000000 0
79800 0.000000 0
79808 0.000000 0
79815 0.000000 0
79822 0.325833 0
79830 0.080382 0
79838 0.261208 0
79845 0.305033 0
79852 0.212793 0
79860 0.596191 0
79868 0.556792 0
79875 0.296665 0
79882 0.000000 0
79890 0.101720 0
79898 0.000000 0
79905 0.095428 0
79912 0.392758 0
79920 0.000000 0
79928 0.000000 0
79935 0.075652 0
79942 0.266896 0
79950 0.000000 0
79958 0.000000 0
79965 0.235946 0
79972 0.000000 0
79980 0.382555 0
79988 0.000000 0
79995 0.000000 0
80002 0.000000 0
80010 0.179662 0
80018 0.000000 0
80025 0.243601 0
80032 0.000000 0
80040 0.220017 0
80048 0.000000 0
80055 0.191003 0
80062 0.000000 0
80070 0.000000 0
80078 0.000000 0
80085 0.000000 0
80092 0.481503 0
80100 0.576341 0
80108 0.238943 0
80115 0.000000 0
80122 0.000000 0
80130 0.000000 0
80138 0.000000 0
80145 0.057814 0
80152 0.326506 0
80160 0.000000 0
80168 0.000000 0
80175 0.270584 0
80182 0.353208 0
80190 0.221493 0
80198 0.139959 0
80205 0.000000 0
80212 0.209213 0
80220 0.000000 0
80228 0.000000 0
80235 0.144627 0
80242 0.386390 0
80250 0.000000 0
80258 0.000000 0
80265 0.269939 0
80272 0.000000 0
80280 0.147055 0
80288 0.478502 0
80295 0.323337 0
80302 0.149170 0
80310 0.000000 0
80318 0.000000 0
80325 0.317231 0
80332 0.556276 0
80340 0.680378 0
80348 0.486220 0
80355 0.188432 0
80362 0.217451 0
80370 0.000000 0
80378 0.000000 0
80385 0.260627 0
80392 0.209071 0
80400 0.000000 0
80408 0.000000 0
80415 0.339260 0
80422 0.000000 0
80430 0.000000 0
80438 0.399346 0
80445 0.000000 0
80452 0.000000 0
80460 0.378652 0
80468 0.000000 0
80475 0.172438 0
80482 0.000000 0
80490 0.286444 0
80498 0.370039 0
80505 0.000000 0
80512 0.000000 0
80520 0.000000 0
80528 0.000000 0
80535 0.090210 0
80542 0.251188 0
80550 0.000000 0
80558 0.000000 0
80565 0.357708 0
80572 0.317965 0
80580 0.498038 0
80588 0.015547 0
80595 0.000000 0
80602 0.000000 0
80610 0.000000 0
80618 0.000000 0
80625 0.000000 0
80632 0.000000 0
80640 0.000000 0
80648 0.318159 0
80655 0.000000 0
80662 0.000000 0
80670 0.000000 0
80678 0.000000 0
80685 0.291510 0
80692 0.156620 0
80700 0.000000 0
80708 0.000000 0
80715 0.000000 0
80722 0.342107 0
80730 0.271439 0
80738 0.000000 0
80745 0.108869 0
80752 0.230811 0
80760 0.000000 0
80768 0.000000 0
80775 0.000000 0
80782 0.000000 0
80790 0.381290 0
80798 0.356371 0
80805 0.000000 0
80812 0.790289 0
80820 0.731095 0
80828 0.434790 0
80835 0.052838 0
80842 0.000000 0
80850 0.000000 0
80858 0.000000 0
80865 0.266194 0
80872 0.000000 0
80880 0.000000 0
80888 0.000000 0
80895 0.000000 0
80902 0.000000 0
80910 0.045814 0
80918 0.243687 0
80925 0.000000 0
80932 0.310397 0
80940 0.139220 0
80948 0.000000 0
80955 0.000000 0
80962 0.000000 0
80970 0.000000 0
80978 0.046330 0
80985 0.000000 0
80992 0.000000 0
81000 0.000000 0
81008 0.177311 0
81015 0.319167 0
81022 0.000000 0
81030 0.000000 0
81038 0.000000 0
81045 0.230516 0
81052 0.617085 0
81060 0.454225 0
81068 0.000000 0
81075 0.000000 0
81082 0.000000 0
81090 0.000000 0
81098 0.021189 0
81105 0.000000 0
81112 0.000000 0
81120 0.000000 0
81128 0.193132 0
81135 0.185799 0
81142 0.000000 0
81150 0.110854 0
81158 0.000000 0
81165 0.000000 0
81172 0.000000 0
81180 0.000000 0
81188 0.349503 0
81195 0.244646 0
81202 0.000000 0
81210 0.000000 0
81218 0.333959 0
81225 0.000000 0
81232 0.000000 0
81240 0.158012 0
81248 0.260612 0
81255 0.000000 0
81262 0.000000 0
81270 0.000000 0
81278 0.123523 0
81285 0.580939 0
81292 0.910980 0
81300 0.616459 0
81308 0.175941 0
81315 0.000000 0
81322 0.054428 0
81330 0.009208 0
81338 0.000000 0
81345 0.000000 0
81352 0.000000 0
81360 0.000000 0
81368 0.050618 0
81375 0.324522 0
81382 0.156076 0
81390 0.000000 0
81398 0.000000 0
81405 0.166137 0
81412 0.142212 0
81420 0.000000 0
81428 0.000000 0
81435 0.186537 0
81442 0.000000 0
81450 0.000000 0
81458 0.221948 0
81465 0.162511 0
81472 0.000000 0
81480 0.163745 0
81488 0.000000 0
81495 0.000000 0
81502 0.000000 0
81510 0.000000 0
81518 0.000000 0
81525 0.515179 0
81532 0.636853 0
81540 0.326112 0
81548 0.000000 0
81555 0.000000 0
81562 0.094267 0
81570 0.000000 0
81578 0.000000 0
81585 0.267892 0
81592 0.000000 0
81600 0.000000 0
81608 0.000000 0
81615 0.000000 0
81622 0.000000 0
81630 0.000000 0
81638 0.224491 0
81645 0.000000 0
81652 0.000000 0
81660 0.000000 0
81668 0.141680 0
81675 0.000000 0
81682 0.296413 0
81690 0.202465 0
81698 0.000000 0
81705 0.000000 0
81712 0.000000 0
81720 0.076794 0
81728 0.276095 0
81735 0.000000 0
81742 0.000000 0
81750 0.000000 0
81758 0.498014 0
81765 0.896597 0
81772 0.768867 0
81780 0.354155 0
81788 0.000000 0
81795 0.000000 0
81802 0.000000 0
81810 0.171012 0
81818 0.383773 0
81825 0.000000 0
81832 0.000000 0
81840 0.000000 0
81848 0.111700 0
81855 0.244246 0
81862 0.272743 0
81870 0.000000 0
81878 0.000000 0
81885 0.000000 0
81892 0.000000 0
81900 0.000000 0
81908 0.000000 0
81915 0.329118 0
81922 0.335774 0
81930 0.000000 0
81938 0.096566 0
81945 0.000000 0
81952 0.199763 0
81960 0.000000 0
81968 0.000000 0
81975 0.000000 0
81982 0.000000 0
81990 0.000000 0
81998 0.252510 0
82005 0.739487 0
82012 0.448779 0
82020 0.000000 0
82028 0.000000 0
82035 0.000000 0
82042 0.179599 0
82050 0.212107 0
82058 0.000000 0
82065 0.000000 0
82072 0.000000 0
82080 0.000000 0
82088 0.000000 0
82095 0.000000 0
82102 0.000000 0
82110 0.000000 0
82118 0.000000 0
82125 0.000000 0
82132 0.000000 0
82140 0.191497 0
82148 0.139604 0
82155 0.000000 0
82162 0.000000 0
82170 0.000000 0
82178 0.100962 0
82185 0.000000 0
82192 0.252412 0
82200 0.167592 0
82208 0.000000 0
82215 0.000000 0
82222 0.000000 0
82230 0.000000 0
82238 0.648682 0
82245 0.810058 0
82252 0.608000 0
82260 0.342856 0
82268 0.110025 0
82275 0.000000 0
82282 0.135273 0
82290 0.404417 0
82298 0.268703 0
82305 0.000000 0
82312 0.000000 0
82320 0.000000 0
82328 0.123449 0
82335 0.000000 0
82342 0.000000 0
82350 0.199698 0
82358 0.279790 0
82365 0.164110 0
82372 0.000000 0
82380 0.000000 0
82388 0.148066 0
82395 0.206580 0
82402 0.000000 0
82410 0.000000 0
82418 0.000000 0
82425 0.000000 0
82432 0.225740 0
82440 0.121473 0
82448 0.047668 0
82455 0.000000 0
82462 0.000000 0
82470 0.225517 0
82478 0.506303 0
82485 0.564970 0
82492 0.274299 0
82500 0.000000 0
82508 0.000000 0
82515 0.000000 0
82522 0.000000 0
82530 0.168118 0
82538 0.000000 0
82545 0.054300 0
82552 0.000000 0
82560 0.000000 0
82568 0.000000 0
82575 0.000000 0
82582 0.000000 0
82590 0.000000 0
82598 0.080074 0
82605 0.000000 0
82612 0.000000 0
82620 0.000000 0
82628 0.000000 0
82635 0.000000 0
82642 0.000000 0
82650 0.000000 0
82658 0.000000 0
82665 0.000000 0
82672 0.000000 0
82680 0.137611 0
82688 0.000000 0
82695 0.000000 0
82702 0.000000 0
82710 0.000000 0
82718 0.689407 0
82725 0.815550 0
82732 0.405853 0
82740 0.210178 0
82748 0.000000 0
82755 0.000000 0
82762 0.216465 0
82770 0.000000 0
82778 0.000000 0
82785 0.000000 0
82792 0.290695 0
82800 0.000000 0
82808 0.000000 0
82815 0.000000 0
82822 0.000000 0
82830 0.000000 0
82838 0.201176 0
82845 0.000000 0
82852 0.000000 0
82860 0.000000 0
82868 0.000000 0
82875 0.317294 0
82882 0.000000 0
82890 0.155540 0
82898 0.099669 0
82905 0.000000 0
82912 0.000000 0
82920 0.000000 0
82928 0.000000 0
82935 0.042248 0
82942 0.000000 0
82950 0.290178 0
82958 0.589641 0
82965 0.465368 0
82972 0.000000 0
82980 0.000000 0
82988 0.000000 0
82995 0.000000 0
83002 0.000000 0
83010 0.000000 0
83018 0.000000 0
83025 0.000000 0
83032 0.000000 0
83040 0.000000 0
83048 0.000000 0
83055 0.000000 0
83062 0.000000 0
83070 0.000000 0
83078 0.000000 0
83085 0.000000 0
83092 0.000000 0
83100 0.000000 0
83108 0.000000 0
83115 0.000000 0
83122 0.000000 0
83130 0.000000 0
83138 0.000000 0
83145 0.000000 0
83152 0.000000 0
83160 0.000000 0
83168 0.000000 0
83175 0.000000 0
83182 0.000000 0
83190 0.432686 0
83198 0.779625 0
83205 0.577559 0
83212 0.047951 0
83220 0.000000 0
83228 0.000000 0
83235 0.189170 0
83242 0.102472 0
83250 0.132065 0
83258 0.000000 0
83265 0.000000 0
83272 0.000000 0
83280 0.000000 0
83288 0.000000 0
83295 0.000000 0
83302 0.000000 0
83310 0.000000 0
83318 0.000000 0
83325 0.000000 0
83332 0.000000 0
83340 0.000000 0
83348 0.000000 0
83355 0.000000 0
83362 0.000000 0
83370 0.000000 0
83378 0.000000 0
83385 0.000000 0
83392 0.000000 0
83400 0.000000 0
83408 0.000000 0
83415 0.000000 0
83422 0.292786 0
83430 0.392904 0
83438 0.458637 0
83445 0.000000 0
83452 0.000000 0
83460 0.000000 0
83468 0.000000 0
83475 0.000000 0
83482 0.000000 0
83490 0.000000 0
83498 0.000000 0
83505 0.000000 0
83512 0.000000 0
83520 0.000000 0
83528 0.000000 0
83535 0.000000 0
83542 0.000000 0
83550 0.000000 0
83558 0.000000 0
83565 0.000000 0
83572 0.000000 0
83580 0.000000 0
83588 0.000000 0
83595 0.000000 0
83602 0.000000 0
83610 0.000000 0
83618 0.000000 0
83625 0.000000 0
83632 0.000000 0
83640 0.000000 0
83648 0.000000 0
83655 0.000000 0
83662 0.000000 0
83670 0.651264 0
83678 0.734011 0
83685 0.370522 0
83692 0.000000 0
83700 0.000000 0
83708 0.000000 0
83715 0.000000 0
83722 0.000000 0
83730 0.000000 0
83738 0.000000 0
83745 0.000000 0
83752 0.266527 0
83760 0.000000 0
83768 0.155925 0
83775 0.000000 0
83782 0.000000 0
83790 0.000000 0
83798 0.000000 0
83805 0.000000 0
83812 0.000000 0
83820 0.000000 0
83828 0.000000 0
83835 0.000000 0
83842 0.000000 0
83850 0.000000 0
83858 0.177846 0
83865 0.000000 0
83872 0.000000 0
83880 0.000000 0
83888 0.000000 0
83895 0.000000 0
83902 0.492812 0
83910 0.981052 0
83918 0.864668 0
83925 0.669107 0
83932 0.684018 0
83940 0.501816 0
83948 0.286498 0
83955 0.480237 0
83962 0.188063 0
83970 0.446030 0
83978 0.711719 0
83985 0.329072 0
83992 0.000000 0
84000 0.000000 0
84008 0.265771 0
84015 0.705504 0
84022 0.270502 0
84030 0.404580 0
84038 0.811331 0
84045 0.468914 0
84052 0.426026 0
84060 0.379438 0
84068 0.585802 0
84075 0.946959 0
84082 0.511128 0
84090 0.000000 0
84098 0.000000 0
84105 0.000000 0
84112 0.163770 0
84120 0.000000 0
84128 0.000000 0
84135 0.330852 0
84142 0.000000 0
84150 0.561027 0
84158 0.232615 0
84165 0.000000 0
84172 0.000000 0
84180 0.000000 0
84188 0.163019 0
84195 0.000000 0
84202 0.000000 0
84210 0.000000 0
84218 0.000000 0
84225 0.000000 0
84232 0.000000 0
84240 0.000000 0
84248 0.478047 0
84255 0.235305 0
84262 0.000000 0
84270 0.208045 0
84278 0.048715 0
84285 0.000000 0
84292 0.000000 0
84300 0.000000 0
84308 0.360506 0
84315 0.554391 0
84322 0.314264 0
84330 0.000000 0
84338 0.000000 0
84345 0.000000 0
84352 0.434845 0
84360 0.469587 0
84368 0.000000 0
84375 0.000000 0
84382 0.000000 0
84390 0.000000 0
84398 0.122441 0
84405 0.316008 0
84412 0.259647 0
84420 0.373579 0
84428 0.000000 0
84435 0.000000 0
84442 0.000000 0
84450 0.285974 0
84458 0.515137 0
84465 0.000000 0
84472 0.000000 0
84480 0.000000 0
84488 0.000000 0
84495 0.069943 0
84502 0.403281 0
84510 0.492651 0
84518 0.342842 0
84525 0.000000 0
84532 0.000000 0
84540 0.000000 0
84548 0.000000 0
84555 0.000000 0
84562 0.370604 0
84570 0.029292 0
84578 0.275065 0
84585 0.000000 0
84592 0.000000 0
84600 0.357991 0
84608 0.441910 0
84615 0.701001 0
84622 0.663809 0
84630 0.500043 0
84638 0.775197 0
84645 0.537770 0
84652 0.321294 0
84660 0.000000 0
84668 0.148964 0
84675 0.375999 0
84682 0.091838 0
84690 0.000000 0
84698 0.178671 0
84705 0.000000 0
84712 0.000000 0
84720 0.000000 0
84728 0.000000 0
84735 0.000000 0
84742 0.000000 0
84750 0.093255 0
84758 0.240448 0
84765 0.175038 0
84772 0.281249 0
84780 0.225529 0
84788 0.000000 0
84795 0.000000 0
84802 0.074072 0
84810 0.000000 0
84818 0.201887 0
84825 0.000000 0
84832 0.000000 0
84840 0.000000 0
84848 0.415790 0
84855 0.000000 0
84862 0.301433 0
84870 0.175032 0
84878 0.000000 0
84885 0.000000 0
84892 0.000000 0
84900 0.000000 0
84908 0.000000 0
84915 0.000000 0
84922 0.000000 0
84930 0.144675 0
84938 0.172363 0
84945 0.000000 0
84952 0.000000 0
84960 0.493681 0
84968 0.267515 0
84975 0.000000 0
84982 0.000000 0
84990 0.000000 0
84998 0.000000 0
85005 0.000000 0
85012 0.000000 0
85020 0.134503 0
85028 0.000000 0
85035 0.000000 0
85042 0.000000 0
85050 0.000000 0
85058 0.000000 0
85065 0.000000 0
85072 0.000000 0
85080 0.114516 0
85088 0.000000 0
85095 0.472141 0
85102 0.195548 0
85110 0.000000 0
85118 0.588320 0
85125 0.306663 0
85132 0.000000 0
85140 0.000000 0
85148 0.142977 0
85155 0.000000 0
85162 0.000000 0
85170 0.000000 0
85178 0.000000 0
85185 0.000000 0
85192 0.000000 0
85200 0.372718 0
85208 0.192943 0
85215 0.000000 0
85222 0.000000 0
85230 0.000000 0
85238 0.000000 0
85245 0.000000 0
85252 0.000000 0
85260 0.000000 0
85268 0.000000 0
85275 0.000000 0
85282 0.000000 0
85290 0.000000 0
85298 0.393053 0
85305 0.198574 0
85312 0.000000 0
85320 0.000000 0
85328 0.080191 0
85335 0.091594 0
85342 0.217701 0
85350 0.090550 0
85358 0.118650 0
85365 0.000000 0
85372 0.000000 0
85380 0.000000 0
85388 0.000000 0
85395 0.308840 0
85402 0.060778 0
85410 0.351974 0
85418 0.381864 0
85425 0.000000 0
85432 0.000000 0
85440 0.555179 0
85448 0.000000 0
85455 0.000000 0
85462 0.000000 0
85470 0.000000 0
85478 0.125917 0
85485 0.377853 0
85492 0.000000 0
85500 0.000000 0
85508 0.000000 0
85515 0.000000 0
85522 0.000000 0
85530 0.269593 0
85538 0.000000 0
85545 0.000000 0
85552 0.628304 0
85560 0.524501 0
85568 0.451011 0
85575 0.756035 0
85582 0.595756 0
85590 0.435445 0
85598 0.000000 0
85605 0.000000 0
85612 0.000000 0
85620 0.000000 0
85628 0.321777 0
85635 0.140911 0
85642 0.319367 0
85650 0.340028 0
85658 0.110029 0
85665 0.000000 0
85672 0.000000 0
85680 0.000000 0
85688 0.000000 0
85695 0.000000 0
85702 0.000000 0
85710 0.000000 0
85718 0.000000 0
85725 0.000000 0
85732 0.000000 0
85740 0.000000 0
85748 0.000000 0
85755 0.000000 0
85762 0.000000 0
85770 0.000000 0
85778 0.000000 0
85785 0.000000 0
85792 0.000000 0
85800 0.000000 0
85808 0.000000 0
85815 1.000000 0
85822 0.792654 0
85830 0.493348 0
85838 0.603018 0
85845 0.314111 0
85852 0.000000 0
85860 0.381968 0
85868 0.630185 0
85875 0.554248 0
85882 0.000000 0
85890 0.000000 0
85898 0.251492 0
85905 0.071043 0
85912 0.000000 0
85920 0.332244 0
85928 0.308287 0
85935 0.000000 0
85942 0.000000 0
85950 0.265148 0
85958 0.208672 0
85965 0.000000 0
85972 0.000000 0
85980 0.020006 0
85988 0.000000 0
85995 0.199223 0
86002 0.000000 0
86010 0.000000 0
86018 0.000000 0
86025 0.000000 0
86032 0.000000 0
86040 0.000000 0
86048 0.342453 0
86055 0.536675 0
86062 0.294906 0
86070 0.000000 0
86078 0.000000 0
86085 0.000000 0
86092 0.000000 0
86100 0.000000 0
86108 0.349091 0
86115 0.263902 0
86122 0.402641 0
86130 0.000000 0
86138 0.000000 0
86145 0.000000 0
86152 0.323253 0
86160 0.000000 0
86168 0.147858 0
86175 0.260378 0
86182 0.363418 0
86190 0.000000 0
86198 0.000000 0
86205 0.299526 0
86212 0.449410 0
86220 0.000000 0
86228 0.269126 0
86235 0.177557 0
86242 0.616023 0
86250 0.259042 0
86258 0.000000 0
86265 0.000000 0
86272 0.215828 0
86280 0.356567 0
86288 0.571398 0
86295 0.654373 0
86302 0.501644 0
86310 0.000000 0
86318 0.430916 0
86325 0.000000 0
86332 0.000000 0
86340 0.000000 0
86348 0.569963 0
86355 0.315501 0
86362 0.206416 0
86370 0.000000 0
86378 0.298392 0
86385 0.000000 0
86392 0.000000 0
86400 0.000000 0
86408 0.584279 0
86415 0.323493 0
86422 0.214464 0
86430 0.000000 0
86438 0.398527 0
86445 0.000000 0
86452 0.000000 0
86460 0.000000 0
86468 0.189469 0
86475 0.340902 0
86482 0.300287 0
86490 0.182173 0
86498 0.038718 0
86505 0.000000 0
86512 0.000000 0
86520 0.000000 0
86528 0.000000 0
86535 0.294051 0
86542 0.417573 0
86550 0.000000 0
86558 0.000000 0
86565 0.281036 0
86572 0.124790 0
86580 0.000000 0
86588 0.000000 0
86595 0.000000 0
86602 0.000000 0
86610 0.000000 0
86618 0.000000 0
86625 0.000000 0
86632 0.000000 0
86640 0.000000 0
86648 0.000000 0
86655 0.000000 0
86662 0.222836 0
86670 0.000000 0
86678 0.000000 0
86685 0.000000 0
86692 0.000000 0
86700 0.000000 0
86708 0.000000 0
86715 0.406811 0
86722 0.512680 0
86730 0.000000 0
86738 0.000000 0
86745 0.185722 0
86752 0.371182 0
86760 0.292439 0
86768 0.566876 0
86775 0.528680 0
86782 0.418078 0
86790 0.000000 0
86798 0.373320 0
86805 0.000000 0
86812 0.000000 0
86820 0.000000 0
86828 0.000000 0
86835 0.000000 0
86842 0.000000 0
86850 0.000000 0
86858 0.080597 0
86865 0.000000 0
86872 0.000000 0
86880 0.402337 0
86888 0.231387 0
86895 0.000000 0
86902 0.000000 0
86910 0.162181 0
86918 0.149017 0
86925 0.000000 0
86932 0.000000 0
86940 0.000000 0
86948 0.446448 0
86955 0.000000 0
86962 0.000000 0
86970 0.000000 0
86978 0.000000 0
86985 0.000000 0
86992 0.800993 0
87000 0.981751 0
87008 0.568054 0
87015 0.314711 0
87022 0.464905 0
87030 0.184414 0
87038 0.225561 0
87045 0.512025 0
87052 0.345577 0
87060 0.000000 0
87068 0.000000 0
87075 0.000000 0
87082 0.328695 0
87090 0.000000 0
87098 0.000000 0
87105 0.000000 0
87112 0.449452 0
87120 0.000000 0
87128 0.000000 0
87135 0.000000 0
87142 0.000000 0
87150 0.000000 0
87158 0.000000 0
87165 0.000000 0
87172 0.000000 0
87180 0.000000 0
87188 0.000000 0
87195 0.000000 0
87202 0.000000 0
87210 0.000000 0
87218 0.701296 0
87225 0.947995 0
87232 0.524966 0
87240 0.156838 0
87248 0.264875 0
87255 0.233182 0
87262 0.000000 0
87270 0.134037 0
87278 0.000000 0
87285 0.134087 0
87292 0.172337 0
87300 0.000000 0
87308 0.094767 0
87315 0.000000 0
87322 0.000000 0
87330 0.393533 0
87338 0.604079 0
87345 0.432158 0
87352 0.000000 0
87360 0.000000 0
87368 0.000000 0
87375 0.000000 0
87382 0.000000 0
87390 0.282492 0
87398 0.000000 0
87405 0.000000 0
87412 0.000000 0
87420 0.000000 0
87428 0.000000 0
87435 0.201385 0
87442 0.320840 0
87450 0.485282 0
87458 0.523077 0
87465 0.294731 0
87472 0.297617 0
87480 0.612581 0
87488 0.410529 0
87495 0.315614 0
87502 0.404183 0
87510 0.028849 0
87518 0.303372 0
87525 0.355137 0
87532 0.000000 0
87540 0.000000 0
87548 0.000000 0
87555 0.000000 0
87562 0.000000 0
87570 0.000000 0
87578 0.000000 0
87585 0.000000 0
87592 0.251688 0
87600 0.000000 0
87608 0.108717 0
87615 0.262131 0
87622 0.000000 0
87630 0.000000 0
87638 0.000000 0
87645 0.000000 0
87652 0.170968 0
87660 0.000000 0
87668 0.000000 0
87675 0.000000 0
87682 0.299169 0
87690 0.806559 0
87698 0.743110 0
87705 0.553376 0
87712 0.644203 0
87720 0.716883 0
87728 0.444405 0
87735 0.155371 0
87742 0.334074 0
87750 0.000000 0
87758 0.000000 0
87765 0.097677 0
87772 0.300491 0
87780 0.410855 0
87788 0.000000 0
87795 0.000000 0
87802 0.421300 0
87810 0.531808 0
87818 0.316573 0
87825 0.280150 0
87832 0.409942 0
87840 0.294532 0
87848 0.000000 0
87855 0.000000 0
87862 0.168030 0
87870 0.000000 0
87878 0.304873 0
87885 0.000000 0
87892 0.000000 0
87900 0.370495 0
87908 0.084113 0
87915 0.000000 0
87922 0.318216 0
87930 0.224674 0
87938 0.328061 0
87945 0.202295 0
87952 0.643605 0
87960 0.694053 0
87968 0.160295 0
87975 0.521399 0
87982 0.527399 0
87990 0.658892 0
87998 0.434307 0
88005 0.255920 0
88012 0.176981 0
88020 0.343431 0
88028 0.000000 0
88035 0.110732 0
88042 0.417150 0
88050 0.000000 0
88058 0.000000 0
88065 0.000000 0
88072 0.000000 0
88080 0.442425 0
88088 0.297730 0
88095 0.000000 0
88102 0.000000 0
88110 0.000000 0
88118 0.000000 0
88125 0.210622 0
88132 0.318114 0
88140 0.000000 0
88148 0.000000 0
88155 0.277393 0
88162 0.000000 0
88170 0.000000 0
88178 0.000000 0
88185 0.431342 0
88192 0.198215 0
88200 0.315927 0
88208 0.000000 0
88215 0.000000 0
88222 0.000000 0
88230 0.000000 0
88238 0.247046 0
88245 0.098301 0
88252 0.000000 0
88260 0.000000 0
88268 0.000000 0
88275 0.273578 0
88282 0.000000 0
88290 0.360830 0
88298 0.000000 0
88305 0.289787 0
88312 0.203242 0
88320 0.000000 0
88328 0.000000 0
88335 0.000000 0
88342 0.000000 0
88350 0.000000 0
88358 0.000000 0
88365 0.000000 0
88372 0.000000 0
88380 0.000000 0
88388 0.000000 0
88395 0.000000 0
88402 0.000000 0
88410 0.215448 0
88418 0.167290 0
88425 0.000000 0
88432 0.567135 0
88440 0.394088 0
88448 0.000000 0
88455 0.000000 0
88462 0.639397 0
88470 0.502261 0
88478 0.158419 0
88485 0.220566 0
88492 0.292241 0
88500 0.000000 0
88508 0.000000 0
88515 0.000000 0
88522 0.334394 0
88530 0.000000 0
88538 0.000000 0
88545 0.000000 0
88552 0.000000 0
88560 0.434846 0
88568 0.000000 0
88575 0.000000 0
88582 0.000000 0
88590 0.000000 0
88598 0.000000 0
88605 0.141255 0
88612 0.000000 0
88620 0.000000 0
88628 0.000000 0
88635 0.000000 0
88642 0.215782 0
88650 0.000000 0
88658 0.000000 0
88665 0.282264 0
88672 0.000000 0
88680 0.000000 0
88688 0.000000 0
88695 0.000000 0
88702 0.000000 0
88710 0.085239 0
88718 0.000000 0
88725 0.000000 0
88732 0.000000 0
88740 0.000000 0
88748 0.000000 0
88755 0.000000 0
88762 0.000000 0
88770 0.000000 0
88778 0.000000 0
88785 0.000000 0
88792 0.000000 0
88800 0.000000 0
88808 0.000000 0
88815 0.000000 0
88822 0.000000 0
88830 0.000000 0
88838 0.000000 0
88845 0.000000 0
88852 0.000000 0
88860 0.000000 0
88868 0.000000 0
88875 0.000000 0
88882 0.000000 0
88890 0.000000 0
88898 0.000000 0
88905 0.000000 0
88912 0.000000 0
88920 0.000000 0
88928 0.000000 0
88935 0.171472 0
88942 0.214769 0
88950 0.015112 0
88958 0.000000 0
88965 0.000000 0
88972 0.039463 0
88980 0.000000 0
88988 0.000000 0
88995 0.000000 0
89002 0.000000 0
89010 0.000000 0
89018 0.000000 0
89025 0.000000 0
89032 0.000000 0
89040 0.000000 0
89048 0.000000 0
89055 0.000000 0
89062 0.000000 0
89070 0.000000 0
89078 0.000000 0
89085 0.000000 0
89092 0.000000 0
89100 0.000000 0
89108 0.000000 0
89115 0.000000 0
89122 0.000000 0
89130 0.000000 0
89138 0.000000 0
89145 0.000000 0
89152 0.000000 0
89160 0.000000 0
89168 0.000000 0
89175 0.000000 0
89182 0.000000 0
89190 0.000000 0
89198 0.000000 0
89205 0.000000 0
89212 0.000000 0
89220 0.000000 0
89228 0.000000 0
89235 0.000000 0
89242 0.000000 0
89250 0.000000 0
89258 0.000000 0
89265 0.000000 0
89272 0.000000 0
89280 0.000000 0
89288 0.000000 0
89295 0.000000 0
89302 0.000000 0
89310 0.000000 0
89318 0.000000 0
89325 0.000000 0
89332 0.000000 0
89340 0.000000 0
89348 0.000000 0
89355 0.000000 0
89362 0.000000 0
89370 0.000000 0
89378 0.000000 0
89385 1.000000 0
89392 1.000000 0
89400 0.759489 0
89408 0.818640 0
89415 0.734759 0
89422 0.000000 0
89430 0.000000 0
89438 0.435810 0
89445 0.466062 0
89452 0.431562 0
89460 0.601827 0
89468 0.524590 0
89475 0.478544 0
89482 0.340500 0
89490 0.486679 0
89498 0.468856 0
89505 0.000000 0
89512 0.208289 0
89520 0.000000 0
89528 0.312303 0
89535 0.459186 0
89542 0.419355 0
89550 0.450838 0
89558 0.390182 0
89565 0.420662 0
89572 0.376444 0
89580 0.466596 0
89588 0.255762 0
89595 0.433917 0
89602 0.379568 0
89610 0.386055 0
89618 0.351056 0
89625 0.459572 0
89632 0.000000 0
89640 0.000000 0
89648 0.224692 0
89655 0.275297 0
89662 0.167328 0
89670 0.344621 0
89678 0.207532 0
89685 0.299895 0
89692 0.255539 0
89700 0.190413 0
89708 0.358955 0
89715 0.297879 0
89722 0.312918 0
89730 0.258703 0
89738 0.394832 0
89745 0.000000 0
89752 0.358203 0
89760 0.181793 0
89768 0.000000 0
89775 0.385848 0
89782 0.107747 0
89790 0.000000 0
89798 0.000000 0
89805 0.000000 0
89812 0.226300 0
89820 0.324952 0
89828 0.102426 0
89835 0.554193 0
89842 0.190812 0
89850 0.000000 0
89858 0.000000 0
89865 0.440652 0
89872 0.701819 0
89880 0.575975 0
89888 0.578167 0
89895 0.480791 0
89902 0.000000 0
89910 0.193003 0
89918 0.484437 0
89925 0.474812 0
89932 0.370195 0
89940 0.447055 0
89948 0.394888 0
89955 0.463032 0
89962 0.488804 0
89970 0.513250 0
89978 0.096156 0
89985 0.293259 0
89992 0.293620 0
90000 0.163853 0
90008 0.217837 0
90015 0.347067 0
90022 0.073798 0
90030 0.463773 0
90038 0.451858 0
90045 0.293724 0
90052 0.224261 0
90060 0.000000 0
90068 0.402935 0
90075 0.449011 0
90082 0.257704 0
90090 0.397072 0
90098 0.425233 0
90105 0.000000 0
90112 0.000000 0
90120 0.164887 0
90128 0.000000 0
90135 0.301159 0
90142 0.181547 0
90150 0.115319 0
90158 0.385570 0
90165 0.324792 0
90172 0.000000 0
90180 0.298594 0
90188 0.181674 0
90195 0.240821 0
90202 0.394989 0
90210 0.095997 0
90218 0.000000 0
90225 0.320057 0
90232 0.351919 0
90240 0.391877 0
90248 0.165765 0
90255 0.111523 0
90262 0.458690 0
90270 0.062362 0
90278 0.000000 0
90285 0.000000 0
90292 0.122846 0
90300 0.000000 0
90308 0.000000 0
90315 0.370819 0
90322 0.000000 0
90330 0.000000 0
90338 0.000000 0
90345 0.358147 0
90352 0.276306 0
90360 0.377742 0
90368 0.403102 0
90375 0.000000 0
90382 0.000000 0
90390 0.274193 0
90398 0.313338 0
90405 0.260896 0
90412 0.272715 0
90420 0.202780 0
90428 0.000000 0
90435 0.257618 0
90442 0.208198 0
90450 0.186770 0
90458 0.365773 0
90465 0.089211 0
90472 0.000000 0
90480 0.104678 0
90488 0.000000 0
90495 0.000000 0
90502 0.000000 0
90510 0.000000 0
90518 0.291734 0
90525 0.000000 0
90532 0.000000 0
90540 0.000000 0
90548 0.000000 0
90555 0.217508 0
90562 0.000000 0
90570 0.107701 0
90578 0.000000 0
90585 0.000000 0
90592 0.000000 0
90600 0.000000 0
90608 0.000000 0
90615 0.000000 0
90622 0.000000 0
90630 0.092509 0
90638 0.000000 0
90645 0.000000 0
90652 0.000000 0
90660 0.000000 0
90668 0.000000 0
90675 0.000000 0
90682 0.000000 0
90690 0.000000 0
90698 0.000000 0
90705 0.000000 0
90712 0.000000 0
90720 0.000000 0
90728 0.000000 0
90735 0.000000 0
90742 0.000000 0
90750 0.000000 0
90758 0.000000 0
90765 0.000000 0
90772 0.000000 0
90780 0.000000 0
90788 0.000000 0
90795 0.000000 0
90802 0.000000 0
90810 0.000000 0
90818 0.000000 0
90825 0.000000 0
90832 0.000000 0
90840 0.000000 0
90848 0.032592 0
90855 0.000000 0
90862 0.000000 0
90870 0.000000 0
90878 0.000000 0
90885 0.000000 0
90892 0.000000 0
90900 0.000000 0
90908 0.000000 0
90915 0.000000 0
90922 0.000000 0
90930 0.000000 0
90938 0.000000 0
90945 0.000000 0
90952 0.000000 0
90960 0.000000 0
90968 0.000000 0
90975 0.000000 0
90982 0.000000 0
90990 0.000000 0
90998 0.000000 0
91005 0.000000 0
91012 0.000000 0
91020 0.000000 0
91028 0.000000 0
91035 0.000000 0
91042 0.000000 0
91050 0.207449 0
91058 0.000000 0
91065 0.000000 0
91072 0.000000 0
91080 0.000000 0
91088 0.000000 0
91095 0.000000 0
91102 0.000000 0
91110 0.000000 0
91118 0.000000 0
91125 0.000000 0
91132 0.000000 0
91140 0.000000 0
91148 0.000000 0
91155 0.000000 0
91162 0.000000 0
91170 0.000000 0
91178 0.000000 0
91185 0.000000 0
91192 0.000000 0
91200 0.000000 0
91208 0.000000 0
91215 0.000000 0
91222 0.000000 0
91230 0.000000 0
91238 0.000000 0
91245 0.000000 0
91252 0.000000 0
91260 0.000000 0
91268 0.000000 0
91275 0.000000 0
91282 0.000000 0
91290 0.000000 0
91298 0.000000 0
91305 0.000000 0
91312 0.000000 0
91320 0.000000 0
91328 0.000000 0
91335 0.000000 0
91342 0.000000 0
91350 0.000000 0
91358 0.000000 0
91365 0.000000 0
91372 0.000000 0
91380 0.000000 0
91388 0.000000 0
91395 0.000000 0
91402 0.000000 0
91410 0.000000 0
91418 0.000000 0
91425 0.000000 0
91432 0.000000 0
91440 0.000000 0
91448 0.000000 0
91455 0.000000 0
91462 0.000000 0
91470 0.000000 0
91478 0.000000 0
91485 0.000000 0
91492 0.000000 0
91500 0.000000 0
91508 0.000000 0
91515 0.000000 0
91522 0.198355 0
91530 0.000000 0
91538 0.000000 0
91545 0.000000 0
91552 0.000000 0
91560 0.000000 0
91568 0.000000 0
91575 0.000000 0
91582 0.000000 0
91590 0.000000 0
91598 0.000000 0
91605 0.000000 0
91612 0.000000 0
91620 0.000000 0
91628 0.000000 0
91635 0.000000 0
91642 0.000000 0
91650 0.000000 0
91658 0.000000 0
91665 0.000000 0
91672 0.000000 0
91680 0.000000 0
91688 0.000000 0
91695 0.000000 0
91702 0.000000 0
91710 0.000000 0
91718 0.000000 0
91725 0.000000 0
91732 0.000000 0
91740 0.000000 0
91748 0.000000 0
91755 0.000000 0
91762 0.000000 0
91770 0.000000 0
91778 0.000000 0
91785 0.000000 0
91792 0.000000 0
91800 0.000000 0
91808 0.000000 0
91815 0.000000 0
91822 0.000000 0
91830 0.000000 0
91838 0.000000 0
91845 0.000000 0
91852 0.000000 0
91860 0.000000 0
91868 0.000000 0
91875 0.000000 0
91882 0.000000 0
91890 0.000000 0
91898 0.000000 0
91905 0.000000 0
91912 0.000000 0
91920 0.000000 0
91928 0.000000 0
91935 0.000000 0
91942 0.000000 0
91950 0.000000 0
91958 0.000000 0
91965 0.000000 0
91972 0.000000 0
91980 0.000000 0
91988 0.889028 0
91995 1.000000 0
92002 1.000000 0
92010 0.939743 0
92018 0.726790 0
92025 0.416809 0
92032 0.000000 0
92040 0.000000 0
92048 0.000000 0
92055 0.148369 0
92062 0.513318 0
92070 0.000000 0
92078 0.000000 0
92085 0.401648 0
92092 0.586704 0
92100 0.369683 0
92108 0.343283 0
92115 0.250797 0
92122 0.145534 0
92130 0.360021 0
92138 0.408864 0
92145 0.405031 0
92152 0.425414 0
92160 0.365028 0
92168 0.359177 0
92175 0.205531 0
92182 0.405906 0
92190 0.000000 0
92198 0.075072 0
92205 0.417029 0
92212 0.765005 0
92220 0.915051 0
92228 0.467526 0
92235 0.285301 0
92242 0.530379 0
92250 0.600282 0
92258 0.668509 0
92265 0.418312 0
92272 0.172623 0
92280 0.231573 0
92288 0.391652 0
92295 0.468432 0
92302 0.302797 0
92310 0.181988 0
92318 0.000000 0
92325 0.239622 0
92332 0.152408 0
92340 0.000000 0
92348 0.224926 0
92355 0.128761 0
92362 0.172015 0
92370 0.237773 0
92378 0.000000 0
92385 0.000000 0
92392 0.228597 0
92400 0.441479 0
92408 0.235007 0
92415 0.283140 0
92422 0.320993 0
92430 0.360865 0
92438 0.000000 0
92445 0.334273 0
92452 0.305303 0
92460 0.318011 0
92468 0.954346 0
92475 1.000000 0
92482 1.000000 0
92490 0.641985 0
92498 0.000000 0
92505 0.000000 0
92512 0.000000 0
92520 0.000000 0
92528 0.000000 0
92535 0.290962 0
92542 0.000000 0
92550 0.524169 0
92558 0.426413 0
92565 0.365588 0
92572 0.099893 0
92580 0.000000 0
92588 0.256904 0
92595 0.000000 0
92602 0.000000 0
92610 0.368124 0
92618 0.392319 0
92625 0.051704 0
92632 0.000000 0
92640 0.357669 0
92648 0.262186 0
92655 0.402814 0
92662 0.000000 0
92670 0.000000 0
92678 0.411418 0
92685 0.035711 0
92692 0.381722 0
92700 0.368485 0
92708 0.366875 0
92715 0.162876 0
92722 0.000000 0
92730 0.288360 0
92738 0.332653 0
92745 0.206083 0
92752 0.273409 0
92760 0.000000 0
92768 0.000000 0
92775 0.198311 0
92782 0.372000 0
92790 0.396796 0
92798 0.000000 0
92805 0.288955 0
92812 0.651202 0
92820 0.071999 0
92828 0.000000 0
92835 0.000000 0
92842 0.000000 0
92850 0.460494 0
92858 0.294890 0
92865 0.000000 0
92872 0.000000 0
92880 0.304414 0
92888 0.583119 0
92895 0.326618 0
92902 0.000000 0
92910 0.000000 0
92918 0.000000 0
92925 0.000000 0
92932 0.000000 0
92940 0.368241 0
92948 0.894908 0
92955 1.000000 0
92962 0.871221 0
92970 0.493883 0
92978 0.000000 0
92985 0.368525 0
92992 0.000000 0
93000 0.000000 0
93008 0.000000 0
93015 0.000000 0
93022 0.000000 0
93030 0.000000 0
93038 0.000000 0
93045 0.000000 0
93052 0.000000 0
93060 0.000000 0
93068 0.106309 0
93075 0.367179 0
93082 0.000000 0
93090 0.000000 0
93098 0.138972 0
93105 0.000000 0
93112 0.361583 0
93120 0.000000 0
93128 0.000000 0
93135 0.000000 0
93142 0.000000 0
93150 0.213666 0
93158 0.129125 0
93165 0.434527 0
93172 0.000000 0
93180 0.000000 0
93188 0.000000 0
93195 0.000000 0
93202 0.000000 0
93210 0.000000 0
93218 0.000000 0
93225 0.000000 0
93232 0.000000 0
93240 0.000000 0
93248 0.000000 0
93255 0.000000 0
93262 0.000000 0
93270 0.000000 0
93278 0.000000 0
93285 0.125211 0
93292 0.122031 0
93300 0.000000 0
93308 0.000000 0
93315 0.000000 0
93322 0.306501 0
93330 0.000000 0
93338 0.000000 0
93345 0.000000 0
93352 0.000000 0
93360 0.174717 0
93368 0.250477 0
93375 0.099256 0
93382 0.255552 0
93390 0.378770 0
93398 0.000000 0
93405 0.202267 0
93412 0.349204 0
93420 0.867316 0
93428 0.875862 0
93435 0.000000 0
93442 0.000000 0
93450 0.000000 0
93458 0.372136 0
93465 0.262537 0
93472 0.000000 0
93480 0.542972 0
93488 0.577439 0
93495 0.372435 0
93502 0.579401 0
93510 0.000000 0
93518 0.000000 0
93525 0.306574 0
93532 0.268884 0
93540 0.345249 0
93548 0.316596 0
93555 0.000000 0
93562 0.000000 0
93570 0.000000 0
93578 0.263945 0
93585 0.000000 0
93592 0.000000 0
93600 0.000000 0
93608 0.000000 0
93615 0.000000 0
93622 0.336278 0
93630 0.431936 0
93638 0.430053 0
93645 0.154062 0
93652 0.000000 0
93660 0.200793 0
93668 0.000000 0
93675 0.209104 0
93682 0.000000 0
93690 0.000000 0
93698 0.000000 0
93705 0.148050 0
93712 0.000000 0
93720 0.000000 0
93728 0.000000 0
93735 0.000000 0
93742 0.382219 0
93750 0.000000 0
93758 0.100193 0
93765 0.000000 0
93772 0.325359 0
93780 0.526184 0
93788 0.000000 0
93795 0.000000 0
93802 0.305517 0
93810 0.000000 0
93818 0.000000 0
93825 0.123042 0
93832 0.000000 0
93840 0.280721 0
93848 0.000000 0
93855 0.000000 0
93862 0.000000 0
93870 0.000000 0
93878 0.000000 0
93885 0.000000 0
93892 0.366417 0
93900 0.684806 0
93908 0.494163 0
93915 0.000000 0
93922 0.000000 0
93930 0.000000 0
93938 0.468625 0
93945 0.409596 0
93952 0.367257 0
93960 0.243130 0
93968 0.303014 0
93975 0.472799 0
93982 0.321474 0
93990 0.000000 0
93998 0.000000 0
94005 0.287202 0
94012 0.000000 0
94020 0.000000 0
94028 0.000000 0
94035 0.000000 0
94042 0.000000 0
94050 0.000000 0
94058 0.331459 0
94065 0.000000 0
94072 0.000000 0
94080 0.000000 0
94088 0.000000 0
94095 0.000000 0
94102 0.331514 0
94110 0.456054 0
94118 0.750550 0
94125 0.821525 0
94132 0.590999 0
94140 0.000000 0
94148 0.273627 0
94155 0.416681 0
94162 0.000000 0
94170 0.000000 0
94178 0.000000 0
94185 0.000000 0
94192 0.176177 0
94200 0.266118 0
94208 0.191860 0
94215 0.000000 0
94222 0.230052 0
94230 0.000000 0
94238 0.000000 0
94245 0.000000 0
94252 0.223593 0
94260 0.480512 0
94268 0.000000 0
94275 0.000000 0
94282 0.000000 0
94290 0.081845 0
94298 0.000000 0
94305 0.000000 0
94312 0.397299 0
94320 0.282434 0
94328 0.000000 0
94335 0.304214 0
94342 0.000000 0
94350 0.000000 0
94358 0.311731 0
94365 0.339484 0
94372 0.000000 0
94380 0.181603 0
94388 0.000000 0
94395 0.000000 0
94402 0.000000 0
94410 0.036873 0
94418 0.120073 0
94425 0.000000 0
94432 0.353767 0
94440 0.363121 0
94448 0.313639 0
94455 0.249439 0
94462 0.243163 0
94470 0.258041 0
94478 0.481545 0
94485 0.440808 0
94492 0.228626 0
94500 0.242314 0
94508 0.000000 0
94515 0.000000 0
94522 0.000000 0
94530 0.000000 0
94538 0.000000 0
94545 0.227957 0
94552 0.000000 0
94560 0.000000 0
94568 0.145076 0
94575 0.000000 0
94582 0.000000 0
94590 0.231864 0
94598 0.598818 0
94605 0.761515 0
94612 0.253671 0
94620 0.253813 0
94628 0.554176 0
94635 0.284455 0
94642 0.000000 0
94650 0.000000 0
94658 0.358640 0
94665 0.000000 0
94672 0.000000 0
94680 0.000000 0
94688 0.098808 0
94695 0.000000 0
94702 0.195285 0
94710 0.000000 0
94718 0.000000 0
94725 0.235149 0
94732 0.433973 0
94740 0.365257 0
94748 0.322409 0
94755 0.469068 0
94762 0.232516 0
94770 0.000000 0
94778 0.000000 0
94785 0.089624 0
94792 0.353755 0
94800 0.537285 0
94808 0.563810 0
94815 0.626927 0
94822 0.607655 0
94830 0.521657 0
94838 0.000000 0
94845 0.228744 0
94852 0.000000 0
94860 0.000000 0
94868 0.000000 0
94875 0.100726 0
94882 0.208267 0
94890 0.000000 0
94898 0.000000 0
94905 0.000000 0
94912 0.000000 0
94920 0.000000 0
94928 0.000000 0
94935 0.000000 0
94942 0.000000 0
94950 0.000000 0
94958 0.162705 0
94965 0.189563 0
94972 0.000000 0
94980 0.339311 0
94988 0.153169 0
94995 0.000000 0
95002 0.000000 0
95010 0.316656 0
95018 0.000000 0
95025 0.250033 0
95032 0.314107 0
95040 0.396947 0
95048 0.137065 0
95055 0.445685 0
95062 0.199372 0
95070 0.309555 0
95078 0.455760 0
95085 0.261463 0
95092 0.000000 0
95100 0.227564 0
95108 0.448442 0
95115 0.218694 0
95122 0.237463 0
95130 0.000000 0
95138 0.000000 0
95145 0.000000 0
95152 0.235578 0
95160 0.000000 0
95168 0.000000 0
95175 0.000000 0
95182 0.000000 0
95190 0.000000 0
95198 0.000000 0
95205 0.000000 0
95212 0.402993 0
95220 0.000000 0
95228 0.000000 0
95235 0.326405 0
95242 0.425949 0
95250 0.000000 0
95258 0.000000 0
95265 0.272029 0
95272 0.388371 0
95280 0.442170 0
95288 0.530861 0
95295 0.503281 0
95302 0.370748 0
95310 0.352363 0
95318 0.000000 0
95325 0.000000 0
95332 0.000000 0
95340 0.258446 0
95348 0.461906 0
95355 0.185852 0
95362 0.000000 0
95370 0.000000 0
95378 0.347721 0
95385 0.000000 0
95392 0.000000 0
95400 0.000000 0
95408 0.000000 0
95415 0.000000 0
95422 0.000000 0
95430 0.000000 0
95438 0.339673 0
95445 0.047955 0
95452 0.221754 0
95460 0.000000 0
95468 0.000000 0
95475 0.000000 0
95482 0.000000 0
95490 0.000000 0
95498 0.000000 0
95505 0.000000 0
95512 0.000000 0
95520 0.000000 0
95528 0.000000 0
95535 0.000000 0
95542 0.000000 0
95550 0.000000 0
95558 0.281250 0
95565 0.000000 0
95572 0.000000 0
95580 0.000000 0
95588 0.345095 0
95595 0.000000 0
95602 0.000000 0
95610 0.000000 0
95618 0.241495 0
95625 0.153637 0
95632 0.000000 0
95640 0.000000 0
95648 0.343379 0
95655 0.000000 0
95662 0.000000 0
95670 0.000000 0
95678 0.000000 0
95685 0.000000 0
95692 0.000000 0
95700 0.000000 0
95708 0.000000 0
95715 0.000000 0
95722 0.000000 0
95730 0.000000 0
95738 0.000000 0
95745 0.245633 0
95752 0.208411 0
95760 0.364902 0
95768 0.395097 0
95775 0.273642 0
95782 0.518485 0
95790 0.454535 0
95798 0.404042 0
95805 0.389211 0
95812 0.162681 0
95820 0.368607 0
95828 0.000000 0
95835 0.000000 0
95842 0.215888 0
95850 0.000000 0
95858 0.000000 0
95865 0.000000 0
95872 0.000000 0
95880 0.000000 0
95888 0.000000 0
95895 0.000000 0
95902 0.000000 0
95910 0.000000 0
95918 0.000000 0
95925 0.000000 0
95932 0.000000 0
95940 0.000000 0
95948 0.000000 0
95955 0.000000 0
95962 0.000000 0
95970 0.000000 0
95978 0.000000 0
95985 0.000000 0
95992 0.000000 0
96000 0.000000 0
96008 0.000000 0
96015 0.000000 0
96022 0.000000 0
96030 0.382137 0
96038 0.621656 0
96045 0.371142 0
96052 0.000000 0
96060 0.000000 0
96068 0.000000 0
96075 0.180363 0
96082 0.268633 0
96090 0.000000 0
96098 0.000000 0
96105 0.000000 0
96112 0.000000 0
96120 0.000000 0
96128 0.244955 0
96135 0.000000 0
96142 0.000000 0
96150 0.000000 0
96158 0.000000 0
96165 0.315657 0
96172 0.000000 0
96180 0.000000 0
96188 0.000000 0
96195 0.000000 0
96202 0.000000 0
96210 0.000000 0
96218 0.000000 0
96225 0.326216 0
96232 0.000000 0
96240 0.000000 0
96248 0.283002 0
96255 0.000000 0
96262 0.244784 0
96270 0.000000 0
96278 0.243718 0
96285 0.137052 0
96292 0.000000 0
96300 0.000000 0
96308 0.000000 0
96315 0.000000 0
96322 0.000000 0
96330 0.000000 0
96338 0.000000 0
96345 0.000000 0
96352 0.000000 0
96360 0.000000 0
96368 0.000000 0
96375 0.000000 0
96382 0.000000 0
96390 0.000000 0
96398 0.000000 0
96405 0.000000 0
96412 0.000000 0
96420 0.000000 0
96428 0.000000 0
96435 0.000000 0
96442 0.000000 0
96450 0.000000 0
96458 0.000000 0
96465 0.000000 0
96472 0.000000 0
96480 0.000000 0
96488 0.000000 0
96495 0.000000 0
96502 0.000000 0
96510 1.000000 0
96518 1.000000 0
96525 0.797689 0
96532 0.363687 0
96540 0.578791 0
96548 0.371499 0
96555 0.323728 0
96562 0.605469 0
96570 0.481160 0
96578 0.000000 0
96585 0.000000 0
96592 0.000000 0
96600 0.257627 0
96608 0.413241 0
96615 0.000000 0
96622 0.000000 0
96630 0.256677 0
96638 0.353813 0
96645 0.000000 0
96652 0.000000 0
96660 0.000000 0
96668 0.000000 0
96675 0.000000 0
96682 0.320204 0
96690 0.324817 0
96698 0.000000 0
96705 0.000000 0
96712 0.000000 0
96720 0.049042 0
96728 0.614640 0
96735 1.000000 0
96742 0.610127 0
96750 0.095463 0
96758 0.146812 0
96765 0.241881 0
96772 0.456874 0
96780 0.187430 0
96788 0.000000 0
96795 0.205856 0
96802 0.196101 0
96810 0.216582 0
96818 0.000000 0
96825 0.000000 0
96832 0.000000 0
96840 0.519685 0
96848 0.325946 0
96855 0.000000 0
96862 0.000000 0
96870 0.000000 0
96878 0.000000 0
96885 0.000000 0
96892 0.000000 0
96900 0.000000 0
96908 0.000000 0
96915 0.000000 0
96922 0.000000 0
96930 0.000000 0
96938 0.000000 0
96945 0.000000 0
96952 0.171761 0
96960 0.374520 0
96968 0.465245 0
96975 0.472416 0
96982 0.000000 0
96990 0.517305 0
96998 0.519437 0
97005 0.518820 0
97012 0.319430 0
97020 0.437943 0
97028 0.000000 0
97035 0.376040 0
97042 0.514489 0
97050 0.298083 0
97058 0.000000 0
97065 0.000000 0
97072 0.000000 0
97080 0.000000 0
97088 0.000000 0
97095 0.000000 0
97102 0.000000 0
97110 0.000000 0
97118 0.000000 0
97125 0.000000 0
97132 0.000000 0
97140 0.000000 0
97148 0.000000 0
97155 0.198534 0
97162 0.000000 0
97170 0.000000 0
97178 0.000000 0
97185 0.000000 0
97192 0.269255 0
97200 0.739757 0
97208 0.770901 0
97215 0.668505 0
97222 0.495174 0
97230 0.583502 0
97238 0.673393 0
97245 0.410388 0
97252 0.056134 0
97260 0.000000 0
97268 0.000000 0
97275 0.000000 0
97282 0.414287 0
97290 0.520929 0
97298 0.000000 0
97305 0.000000 0
97312 0.431731 0
97320 0.552528 0
97328 0.472158 0
97335 0.000000 0
97342 0.000000 0
97350 0.221483 0
97358 0.000000 0
97365 0.000000 0
97372 0.000000 0
97380 0.000000 0
97388 0.351763 0
97395 0.143968 0
97402 0.000000 0
97410 0.000000 0
97418 0.470677 0
97425 0.120461 0
97432 0.284069 0
97440 0.396040 0
97448 0.325990 0
97455 0.464778 0
97462 0.112043 0
97470 0.348948 0
97478 0.422718 0
97485 0.610143 0
97492 0.599381 0
97500 0.456929 0
97508 0.568741 0
97515 0.314383 0
97522 0.417049 0
97530 0.425047 0
97538 0.000000 0
97545 0.000000 0
97552 0.320416 0
97560 0.347790 0
97568 0.000000 0
97575 0.000000 0
97582 0.000000 0
97590 0.037259 0
97598 0.228241 0
97605 0.217475 0
97612 0.246037 0
97620 0.154448 0
97628 0.000000 0
97635 0.338697 0
97642 0.000000 0
97650 0.000000 0
97658 0.000000 0
97665 0.000000 0
97672 0.257651 0
97680 0.000000 0
97688 0.000000 0
97695 0.000000 0
97702 0.320637 0
97710 0.319847 0
97718 0.192378 0
97725 0.000000 0
97732 0.126433 0
97740 0.135037 0
97748 0.000000 0
97755 0.000000 0
97762 0.000000 0
97770 0.102455 0
97778 0.000000 0
97785 0.000000 0
97792 0.088374 0
97800 0.000000 0
97808 0.000000 0
97815 0.091579 0
97822 0.000000 0
97830 0.000000 0
97838 0.000000 0
97845 0.000000 0
97852 0.371493 0
97860 0.354596 0
97868 0.000000 0
97875 0.000000 0
97882 0.657908 0
97890 0.354567 0
97898 0.611403 0
97905 0.656942 0
97912 0.298565 0
97920 0.000000 0
97928 0.000000 0
97935 0.297009 0
97942 0.134817 0
97950 0.495716 0
97958 0.349863 0
97965 0.495403 0
97972 0.436745 0
97980 0.000000 0
97988 0.178121 0
97995 0.000000 0
98002 0.000000 0
98010 0.000000 0
98018 0.038161 0
98025 0.000000 0
98032 0.375868 0
98040 0.000000 0
98048 0.156483 0
98055 0.162455 0
98062 0.000000 0
98070 0.000000 0
98078 0.336228 0
98085 0.421241 0
98092 0.000000 0
98100 0.000000 0
98108 0.000000 0
98115 0.000000 0
98122 0.000000 0
98130 0.000000 0
98138 0.000000 0
98145 0.000000 0
98152 0.000000 0
98160 0.216378 0
98168 0.000000 0
98175 0.000000 0
98182 0.000000 0
98190 0.207700 0
98198 0.240519 0
98205 0.339538 0
98212 0.143403 0
98220 0.000000 0
98228 0.000000 0
98235 0.000000 0
98242 0.170995 0
98250 0.000000 0
98258 0.000000 0
98265 0.000000 0
98272 0.022717 0
98280 0.000000 0
98288 0.000000 0
98295 0.000000 0
98302 0.000000 0
98310 0.000000 0
98318 0.000000 0
98325 0.068235 0
98332 0.000000 0
98340 0.000000 0
98348 0.000000 0
98355 0.000000 0
98362 0.499089 0
98370 0.280062 0
98378 0.425334 0
98385 0.000000 0
98392 0.000000 0
98400 0.000000 0
98408 0.000000 0
98415 0.000000 0
98422 0.000000 0
98430 0.288781 0
98438 0.183296 0
98445 0.151574 0
98452 0.000000 0
98460 0.244904 0
98468 0.000000 0
98475 0.000000 0
98482 0.214746 0
98490 0.000000 0
98498 0.000000 0
98505 0.000000 0
98512 0.309156 0
98520 0.000000 0
98528 0.197457 0
98535 0.000000 0
98542 0.226921 0
98550 0.000000 0
98558 0.406709 0
98565 0.000000 0
98572 0.000000 0
98580 0.000000 0
98588 0.000000 0
98595 0.000000 0
98602 0.000000 0
98610 0.000000 0
98618 0.000000 0
98625 0.000000 0
98632 0.000000 0
98640 0.000000 0
98648 0.000000 0
98655 0.000000 0
98662 0.000000 0
98670 0.000000 0
98678 0.000000 0
98685 0.000000 0
98692 0.000000 0
98700 0.000000 0
98708 0.000000 0
98715 0.000000 0
98722 0.000000 0
98730 0.378791 0
98738 0.000000 0
98745 0.000000 0
98752 0.000000 0
98760 0.000000 0
98768 0.000000 0
98775 0.000000 0
98782 0.000000 0
98790 0.000000 0
98798 0.000000 0
98805 0.000000 0
98812 0.000000 0
98820 0.000000 0
98828 0.000000 0
98835 0.000000 0
98842 0.000000 0
98850 0.000000 0
98858 0.000000 0
98865 0.000000 0
98872 0.000000 0
98880 0.000000 0
98888 0.000000 0
98895 0.000000 0
98902 0.000000 0
98910 0.000000 0
98918 0.000000 0
98925 0.000000 0
98932 0.000000 0
98940 0.000000 0
98948 0.000000 0
98955 0.000000 0
98962 0.000000 0
98970 0.000000 0
98978 0.000000 0
98985 0.000000 0
98992 0.000000 0
99000 0.000000 0
99008 0.000000 0
99015 0.000000 0
99022 0.000000 0
99030 0.000000 0
99038 0.000000 0
99045 0.000000 0
99052 0.000000 0
99060 0.000000 0
99068 0.000000 0
99075 0.000000 0
99082 0.000000 0
99090 0.000000 0
99098 0.000000 0
99105 0.000000 0
99112 0.000000 0
99120 0.000000 0
99128 0.000000 0
99135 0.762307 0
99142 1.000000 0
99150 0.995217 0
99158 0.613841 0
99165 0.444328 0
99172 0.565697 0
99180 0.300207 0
99188 0.000000 0
99195 0.460192 0
99202 0.046312 0
99210 0.615200 0
99218 0.701495 0
99225 0.189228 0
99232 0.000000 0
99240 0.000000 0
99248 0.301939 0
99255 0.616229 0
99262 0.263573 0
99270 0.354644 0
99278 0.802332 0
99285 0.378389 0
99292 0.192388 0
99300 0.494177 0
99308 0.680315 0
99315 0.757065 0
99322 0.493610 0
99330 0.000000 0
99338 0.000000 0
99345 0.000000 0
99352 0.291704 0
99360 0.000000 0
99368 0.229874 0
99375 0.000000 0
99382 0.000000 0
99390 0.311270 0
99398 0.000000 0
99405 0.000000 0
99412 0.000000 0
99420 0.000000 0
99428 0.283471 0
99435 0.000000 0
99442 0.000000 0
99450 0.000000 0
99458 0.000000 0
99465 0.000000 0
99472 0.151937 0
99480 0.000000 0
99488 0.332523 0
99495 0.288646 0
99502 0.148502 0
99510 0.458110 0
99518 0.000000 0
99525 0.000000 0
99532 0.000000 0
99540 0.056680 0
99548 0.392994 0
99555 0.541251 0
99562 0.188805 0
99570 0.254397 0
99578 0.000000 0
99585 0.000000 0
99592 0.533139 0
99600 0.472591 0
99608 0.000000 0
99615 0.237959 0
99622 0.797646 0
99630 0.721932 0
99638 0.247162 0
99645 0.152109 0
99652 0.605199 0
99660 0.000000 0
99668 0.000000 0
99675 0.000000 0
99682 0.000000 0
99690 0.315738 0
99698 0.280578 0
99705 0.000000 0
99712 0.000000 0
99720 0.000000 0
99728 0.000000 0
99735 0.339437 0
99742 0.400047 0
99750 0.212181 0
99758 0.262311 0
99765 0.000000 0
99772 0.256973 0
99780 0.000000 0
99788 0.000000 0
99795 0.000000 0
99802 0.396431 0
99810 0.153769 0
99818 0.000000 0
99825 0.000000 0
99832 0.000000 0
99840 0.402782 0
99848 0.000000 0
99855 0.619577 0
99862 0.533005 0
99870 0.493544 0
99878 0.737728 0
99885 0.554360 0
99892 0.422272 0
99900 0.000000 0
99908 0.324102 0
99915 0.512396 0
99922 0.000000 0
99930 0.000000 0
99938 0.000000 0
99945 0.000000 0
99952 0.116874 0
99960 0.000000 0
99968 0.110984 0
99975 0.000000 0
99982 0.000000 0
99990 0.347825 0
99998 0.226251 0
100005 0.000000 0
100012 0.046881 0
100020 0.318211 0
100028 0.000000 0
100035 0.341041 0
100042 0.167709 0
100050 0.000000 0
100058 0.000000 0
100065 0.160019 0
100072 0.000000 0
100080 0.073341 0
100088 0.407801 0
100095 0.322735 0
100102 0.411589 0
100110 0.000000 0
100118 0.000000 0
100125 0.000000 0
100132 0.000000 0
100140 0.121724 0
100148 0.000000 0
100155 0.000000 0
100162 0.024952 0
100170 0.000000 0
100178 0.441638 0
100185 0.000000 0
100192 0.000000 0
100200 0.554277 0
100208 0.106112 0
100215 0.000000 0
100222 0.000000 0
100230 0.162468 0
100238 0.000000 0
100245 0.000000 0
100252 0.000000 0
100260 0.185949 0
100268 0.000000 0
100275 0.000000 0
100282 0.000000 0
100290 0.072803 0
100298 0.000000 0
100305 0.000000 0
100312 0.199748 0
100320 0.000000 0
100328 0.000000 0
100335 0.000000 0
100342 0.000000 0
100350 0.124430 0
100358 0.515791 0
100365 0.281615 0
100372 0.000000 0
100380 0.038325 0
100388 0.000000 0
100395 0.000000 0
100402 0.000000 0
100410 0.000000 0
100418 0.000000 0
100425 0.000000 0
100432 0.085191 0
100440 0.232040 0
100448 0.000000 0
100455 0.000000 0
100462 0.000000 0
100470 0.000000 0
100478 0.000000 0
100485 0.000000 0
100492 0.000000 0
100500 0.000000 0
100508 0.000000 0
100515 0.000000 0
100522 0.000000 0
100530 0.000000 0
100538 0.348112 0
100545 0.274590 0
100552 0.000000 0
100560 0.000000 0
100568 0.529860 0
100575 0.989044 0
100582 0.961843 0
100590 0.000000 0
100598 0.371361 0
100605 0.464482 0
100612 0.000000 0
100620 0.000000 0
100628 0.000000 0
100635 0.000000 0
100642 0.000000 0
100650 0.498964 0
100658 0.055980 0
100665 0.000000 0
100672 0.000000 0
100680 0.291395 0
100688 0.000000 0
100695 0.000000 0
100702 0.000000 0
100710 0.000000 0
100718 0.130752 0
100725 0.309692 0
100732 0.000000 0
100740 0.000000 0
100748 0.170207 0
100755 0.000000 0
100762 0.000000 0
100770 0.181248 0
100778 0.000000 0
100785 0.000000 0
100792 0.607088 0
100800 0.380571 0
100808 0.352963 0
100815 0.672189 0
100822 0.507352 0
100830 0.157650 0
100838 0.000000 0
100845 0.000000 0
100852 0.000000 0
100860 0.000000 0
100868 0.175492 0
100875 0.000000 0
100882 0.000000 0
100890 0.429572 0
100898 0.226812 0
100905 0.000000 0
100912 0.000000 0
100920 0.000000 0
100928 0.000000 0
100935 0.000000 0
100942 0.000000 0
100950 0.000000 0
100958 0.000000 0
100965 0.000000 0
100972 0.000000 0
100980 0.000000 0
100988 0.000000 0
100995 0.000000 0
101002 0.000000 0
101010 0.000000 0
101018 0.000000 0
101025 0.000000 0
101032 0.000000 0
101040 0.368722 0
101048 1.000000 0
101055 0.768932 0
101062 0.513255 0
101070 0.491636 0
101078 0.318945 0
101085 0.195815 0
101092 0.000000 0
101100 0.340380 0
101108 0.648140 0
101115 0.455896 0
101122 0.229426 0
101130 0.000000 0
101138 0.205914 0
101145 0.000000 0
101152 0.000000 0
101160 0.358167 0
101168 0.208076 0
101175 0.000000 0
101182 0.000000 0
101190 0.327098 0
101198 0.177362 0
101205 0.086525 0
101212 0.000000 0
101220 0.000000 0
101228 0.306674 0
101235 0.000000 0
101242 0.000000 0
101250 0.000000 0
101258 0.000000 0
101265 0.000000 0
101272 0.000000 0
101280 0.353222 0
101288 0.452556 0
101295 0.386041 0
101302 0.000000 0
101310 0.000000 0
101318 0.000000 0
101325 0.000000 0
101332 0.000000 0
101340 0.338996 0
101348 0.000000 0
101355 0.264040 0
101362 0.000000 0
101370 0.000000 0
101378 0.000000 0
101385 0.000000 0
101392 0.143883 0
101400 0.355503 0
101408 0.384657 0
101415 0.418772 0
101422 0.000000 0
101430 0.000000 0
101438 0.238096 0
101445 0.330052 0
101452 0.355077 0
101460 0.291035 0
101468 0.215459 0
101475 0.000000 0
101482 0.602343 0
101490 0.000000 0
101498 0.000000 0
101505 0.166413 0
101512 0.378915 0
101520 0.667440 0
101528 0.738598 0
101535 0.828179 0
101542 0.335377 0
101550 0.182588 0
101558 0.570961 0
101565 0.000000 0
101572 0.000000 0
101580 0.000000 0
101588 0.387382 0
101595 0.170893 0
101602 0.350071 0
101610 0.000000 0
101618 0.284980 0
101625 0.000000 0
101632 0.000000 0
101640 0.254029 0
101648 0.477451 0
101655 0.200973 0
101662 0.350628 0
101670 0.000000 0
101678 0.306367 0
101685 0.000000 0
101692 0.000000 0
101700 0.000000 0
101708 0.101903 0
101715 0.351346 0
101722 0.306224 0
101730 0.045602 0
101738 0.000000 0
101745 0.000000 0
101752 0.000000 0
101760 0.000000 0
101768 0.283627 0
101775 0.250418 0
101782 0.000000 0
101790 0.000000 0
101798 0.000000 0
101805 0.346046 0
101812 0.301563 0
101820 0.000000 0
101828 0.000000 0
101835 0.000000 0
101842 0.000000 0
101850 0.000000 0
101858 0.277080 0
101865 0.235812 0
101872 0.000000 0
101880 0.000000 0
101888 0.000000 0
101895 0.000000 0
101902 0.000000 0
101910 0.000000 0
101918 0.000000 0
101925 0.000000 0
101932 0.000000 0
101940 0.000000 0
101948 0.000000 0
101955 0.278801 0
101962 0.268945 0
101970 0.000000 0
101978 0.000000 0
101985 0.000000 0
101992 0.504133 0
102000 0.809199 0
102008 0.485742 0
102015 0.423590 0
102022 0.165161 0
102030 0.000000 0
102038 0.000000 0
102045 0.000000 0
102052 0.000000 0
102060 0.000000 0
102068 0.000000 0
102075 0.000000 0
102082 0.000000 0
102090 0.000000 0
102098 0.278547 0
102105 0.000000 0
102112 0.000000 0
102120 0.096771 0
102128 0.000000 0
102135 0.233224 0
102142 0.091189 0
102150 0.298816 0
102158 0.117467 0
102165 0.000000 0
102172 0.000000 0
102180 0.000000 0
102188 0.144890 0
102195 0.000000 0
102202 0.000000 0
102210 0.056623 0
102218 0.000000 0
102225 0.000000 0
102232 0.827042 0
102240 0.917600 0
102248 0.492652 0
102255 0.423070 0
102262 0.471894 0
102270 0.000000 0
102278 0.389262 0
102285 0.547674 0
102292 0.000000 0
102300 0.000000 0
102308 0.000000 0
102315 0.000000 0
102322 0.187449 0
102330 0.000000 0
102338 0.000000 0
102345 0.000000 0
102352 0.262005 0
102360 0.000000 0
102368 0.000000 0
102375 0.000000 0
102382 0.000000 0
102390 0.000000 0
102398 0.000000 0
102405 0.000000 0
102412 0.000000 0
102420 0.000000 0
102428 0.000000 0
102435 0.000000 0
102442 0.000000 0
102450 0.000000 0
102458 0.919497 0
102465 0.836674 0
102472 0.738759 0
102480 0.690750 0
102488 0.715396 0
102495 0.000000 0
102502 0.421943 0
102510 0.563366 0
102518 0.000000 0
102525 0.000000 0
102532 0.000000 0
102540 0.000000 0
102548 0.000000 0
102555 0.000000 0
102562 0.352075 0
102570 0.529376 0
102578 0.000000 0
102585 0.000000 0
102592 0.000000 0
102600 0.000000 0
102608 0.000000 0
102615 0.000000 0
102622 0.000000 0
102630 0.000000 0
102638 0.000000 0
102645 0.000000 0
102652 0.000000 0
102660 0.000000 0
102668 0.000000 0
102675 0.000000 0
102682 0.429459 0
102690 0.451042 0
102698 0.000000 0
102705 0.000000 0
102712 0.442129 0
102720 0.510898 0
102728 0.268739 0
102735 0.257496 0
102742 0.380302 0
102750 0.000000 0
102758 0.345778 0
102765 0.380836 0
102772 0.000000 0
102780 0.000000 0
102788 0.158407 0
102795 0.000000 0
102802 0.000000 0
102810 0.000000 0
102818 0.142447 0
102825 0.000000 0
102832 0.000000 0
102840 0.320801 0
102848 0.000000 0
102855 0.000000 0
102862 0.000000 0
102870 0.000000 0
102878 0.244327 0
102885 0.142895 0
102892 0.000000 0
102900 0.000000 0
102908 0.000000 0
102915 0.194270 0
102922 0.780233 0
102930 0.655603 0
102938 0.471067 0
102945 0.607031 0
102952 0.962800 0
102960 0.773182 0
102968 0.000000 0
102975 0.000000 0
102982 0.000000 0
102990 0.000000 0
102998 0.000000 0
103005 0.220032 0
103012 0.401876 0
103020 0.165663 0
103028 0.000000 0
103035 0.000000 0
103042 0.521559 0
103050 0.384049 0
103058 0.194329 0
103065 0.213728 0
103072 0.000000 0
103080 0.000000 0
103088 0.000000 0
103095 0.000000 0
103102 0.000000 0
103110 0.289853 0
103118 0.192686 0
103125 0.000000 0
103132 0.000000 0
103140 0.262773 0
103148 0.000000 0
103155 0.290957 0
103162 0.000000 0
103170 0.227149 0
103178 0.249644 0
103185 0.000000 0
103192 0.871496 0
103200 0.570076 0
103208 0.000000 0
103215 0.439435 0
103222 0.347664 0
103230 0.616759 0
103238 0.080174 0
103245 0.287521 0
103252 0.340724 0
103260 0.302594 0
103268 0.000000 0
103275 0.166679 0
103282 0.244574 0
103290 0.000000 0
103298 0.000000 0
103305 0.000000 0
103312 0.397076 0
103320 0.412007 0
103328 0.000000 0
103335 0.000000 0
103342 0.000000 0
103350 0.000000 0
103358 0.000000 0
103365 0.137914 0
103372 0.000000 0
103380 0.000000 0
103388 0.000000 0
103395 0.000000 0
103402 0.000000 0
103410 0.341714 0
103418 0.000000 0
103425 0.605177 0
103432 0.891936 0
103440 0.858575 0
103448 0.000000 0
103455 0.325705 0
103462 0.590199 0
103470 0.000000 0
103478 0.000000 0
103485 0.000000 0
103492 0.000000 0
103500 0.000000 0
103508 0.352809 0
103515 0.248094 0
103522 0.266663 0
103530 0.000000 0
103538 0.000000 0
103545 0.000000 0
103552 0.000000 0
103560 0.000000 0
103568 0.000000 0
103575 0.000000 0
103582 0.000000 0
103590 0.000000 0
103598 0.000000 0
103605 0.000000 0
103612 0.000000 0
103620 0.000000 0
103628 0.000000 0
103635 0.000000 0
103642 0.000000 0
103650 0.000000 0
103658 0.000000 0
103665 0.375457 0
103672 0.399104 0
103680 0.253472 0
103688 0.000000 0
103695 0.217381 0
103702 0.000000 0
103710 0.325644 0
103718 0.166066 0
103725 0.000000 0
103732 0.115162 0
103740 0.000000 0
103748 0.000000 0
103755 0.216720 0
103762 0.000000 0
103770 0.219926 0
103778 0.000000 0
103785 0.000000 0
103792 0.000000 0
103800 0.000000 0
103808 0.000000 0
103815 0.000000 0
103822 0.000000 0
103830 0.000000 0
103838 0.000000 0
103845 0.000000 0
103852 0.000000 0
103860 0.000000 0
103868 0.000000 0
103875 0.000000 0
103882 0.000000 0
103890 0.000000 0
103898 0.608940 0
103905 1.000000 0
103912 0.753921 0
103920 0.000000 0
103928 0.000000 0
103935 0.000000 0
103942 0.000000 0
103950 0.000000 0
103958 0.000000 0
103965 0.000000 0
103972 0.000000 0
103980 0.000000 0
103988 0.000000 0
103995 0.000000 0
104002 0.000000 0
104010 0.000000 0
104018 0.000000 0
104025 0.000000 0
104032 0.000000 0
104040 0.000000 0
104048 0.000000 0
104055 0.000000 0
104062 0.000000 0
104070 0.000000 0
104078 0.000000 0
104085 0.000000 0
104092 0.000000 0
104100 0.000000 0
104108 0.000000 0
104115 0.000000 0
104122 0.000000 0
104130 0.000000 0
104138 0.000000 0
104145 0.000000 0
104152 0.000000 0
104160 0.000000 0
104168 0.000000 0
104175 0.000000 0
104182 0.000000 0
104190 0.000000 0
104198 0.000000 0
104205 0.000000 0
104212 0.000000 0
104220 0.000000 0
104228 0.000000 0
104235 0.000000 0
104242 0.000000 0
104250 0.000000 0
104258 0.000000 0
104265 0.000000 0
104272 0.000000 0
104280 0.000000 0
104288 0.000000 0
104295 0.000000 0
104302 0.000000 0
104310 0.000000 0
104318 0.000000 0
104325 0.000000 0
104332 0.000000 0
104340 0.000000 0
104348 0.000000 0
104355 0.000000 0
104362 0.000000 0
104370 0.000000 0
104378 1.000000 0
104385 1.000000 0
104392 1.000000 0
104400 0.294786 0
104408 0.520832 0
104415 0.662608 0
104422 0.000000 0
104430 0.000000 0
104438 0.000000 0
104445 0.000000 0
104452 0.201039 0
104460 0.152346 0
104468 0.000000 0
104475 0.344405 0
104482 0.000000 0
104490 0.000000 0
104498 0.000000 0
104505 0.000000 0
104512 0.000000 0
104520 0.239665 0
104528 0.153327 0
104535 0.147954 0
104542 0.000000 0
104550 0.000000 0
104558 0.000000 0
104565 0.258718 0
104572 0.000000 0
104580 0.000000 0
104588 0.000000 0
104595 0.000000 0
104602 0.000000 0
104610 0.000000 0
104618 0.000000 0
104625 0.892838 0
104632 0.860459 0
104640 0.561805 0
104648 0.692718 0
104655 0.524208 0
104662 0.000000 0
104670 0.000000 0
104678 0.194304 0
104685 0.465668 0
104692 0.494510 0
104700 0.423680 0
104708 0.334193 0
104715 0.513050 0
104722 0.206669 0
104730 0.396278 0
104738 0.000000 0
104745 0.000000 0
104752 0.391114 0
104760 0.000000 0
104768 0.000000 0
104775 0.311174 0
104782 0.412297 0
104790 0.251837 0
104798 0.367375 0
104805 0.331122 0
104812 0.075096 0
104820 0.248009 0
104828 0.000000 0
104835 0.248353 0
104842 0.320986 0
104850 0.410008 0
104858 0.889434 0
104865 0.652762 0
104872 0.000000 0
104880 0.000000 0
104888 0.000000 0
104895 0.000000 0
104902 0.167875 0
104910 0.074058 0
104918 0.000000 0
104925 0.236692 0
104932 0.000000 0
104940 0.000000 0
104948 0.281716 0
104955 0.225132 0
104962 0.085967 0
104970 0.000000 0
104978 0.000000 0
104985 0.000000 0
104992 0.337090 0
105000 0.000000 0
105008 0.000000 0
105015 0.000000 0
105022 0.000000 0
105030 0.172987 0
105038 0.000000 0
105045 0.000000 0
105052 0.047216 0
105060 0.206383 0
105068 0.000000 0
105075 0.205202 0
105082 0.000000 0
105090 0.000000 0
105098 0.000000 0
105105 0.292848 0
105112 0.545157 0
105120 0.478526 0
105128 0.447591 0
105135 0.000000 0
105142 0.000000 0
105150 0.281418 0
105158 0.000000 0
105165 0.000000 0
105172 0.209618 0
105180 0.000000 0
105188 0.296350 0
105195 0.398541 0
105202 0.066740 0
105210 0.191713 0
105218 0.000000 0
105225 0.000000 0
105232 0.169008 0
105240 0.000000 0
105248 0.000000 0
105255 0.000000 0
105262 0.147757 0
105270 0.385136 0
105278 0.000000 0
105285 0.277935 0
105292 0.099165 0
105300 0.000000 0
105308 0.368011 0
105315 0.000000 0
105322 0.000000 0
105330 1.000000 0
105338 1.000000 0
105345 1.000000 0
105352 0.231984 0
105360 0.521238 0
105368 0.664077 0
105375 0.000000 0
105382 0.000000 0
105390 0.000000 0
105398 0.000000 0
105405 0.434424 0
105412 0.000000 0
105420 0.119519 0
105428 0.204214 0
105435 0.194452 0
105442 0.000000 0
105450 0.196970 0
105458 0.267403 0
105465 0.248632 0
105472 0.368232 0
105480 0.407227 0
105488 0.320882 0
105495 0.000000 0
105502 0.250774 0
105510 0.000000 0
105518 0.000000 0
105525 0.000000 0
105532 0.000000 0
105540 0.000000 0
105548 0.000000 0
105555 0.224398 0
105562 0.420126 0
105570 0.182677 0
105578 0.213647 0
105585 0.452697 0
105592 0.249549 0
105600 0.260579 0
105608 0.000000 0
105615 0.000000 0
105622 0.000000 0
105630 0.000000 0
105638 0.000000 0
105645 0.000000 0
105652 0.000000 0
105660 0.000000 0
105668 0.000000 0
105675 0.077643 0
105682 0.167041 0
105690 0.000000 0
105698 0.115996 0
105705 0.000000 0
105712 0.000000 0
105720 0.000000 0
105728 0.166261 0
105735 0.000000 0
105742 0.000000 0
105750 0.000000 0
105758 0.000000 0
105765 0.000000 0
105772 0.000000 0
105780 0.000000 0
105788 0.000000 0
105795 0.000000 0
105802 0.756165 0
105810 1.000000 0
105818 0.682631 0
105825 0.000000 0
105832 0.000000 0
105840 0.000000 0
105848 0.000000 0
105855 0.000000 0
105862 0.000000 0
105870 0.000000 0
105878 0.000000 0
105885 0.000000 0
105892 0.000000 0
105900 0.000000 0
105908 0.000000 0
105915 0.000000 0
105922 0.000000 0
105930 0.000000 0
105938 0.000000 0
105945 0.000000 0
105952 0.000000 0
105960 0.000000 0
105968 0.000000 0
105975 0.000000 0
105982 0.000000 0
105990 0.000000 0
105998 0.000000 0
106005 0.000000 0
106012 0.000000 0
106020 0.000000 0
106028 0.000000 0
106035 0.000000 0
106042 0.000000 0
106050 0.000000 0
106058 0.000000 0
106065 0.000000 0
106072 0.000000 0
106080 0.000000 0
106088 0.000000 0
106095 0.000000 0
106102 0.000000 0
106110 0.000000 0
106118 0.000000 0
106125 0.000000 0
106132 0.000000 0
106140 0.000000 0
106148 0.000000 0
106155 0.000000 0
106162 0.000000 0
106170 0.000000 0
106178 0.000000 0
106185 0.000000 0
106192 0.000000 0
106200 0.000000 0
106208 0.000000 0
106215 0.000000 0
106222 0.000000 0
106230 0.000000 0
106238 0.000000 0
106245 0.000000 0
106252 0.000000 0
106260 0.000000 0
106268 0.000000 0
106275 0.000000 0
106282 1.000000 0
106290 1.000000 0
106298 1.000000 0
106305 0.000000 0
106312 0.541441 0
106320 0.684979 0
106328 0.000000 0
106335 0.000000 0
106342 0.000000 0
106350 0.000000 0
106358 0.189596 0
106365 0.377623 0
106372 0.240797 0
106380 0.285689 0
106388 0.000000 0
106395 0.000000 0
106402 0.352655 0
106410 0.121886 0
106418 0.000000 0
106425 0.360810 0
106432 0.302140 0
106440 0.000000 0
106448 0.000000 0
106455 0.068533 0
106462 0.000000 0
106470 0.087085 0
106478 0.000000 0
106485 0.000000 0
106492 0.263430 0
106500 0.000000 0
106508 0.000000 0
106515 0.000000 0
106522 0.000000 0
106530 0.217363 0
106538 0.000000 0
106545 0.000000 0
106552 0.088960 0
106560 0.246977 0
106568 0.000000 0
106575 0.000000 0
106582 0.000000 0
106590 0.026106 0
106598 0.000000 0
106605 0.000000 0
106612 0.000000 0
106620 0.000000 0
106628 0.000000 0
106635 0.000000 0
106642 0.000000 0
106650 0.000000 0
106658 0.000000 0
106665 0.000000 0
106672 0.000000 0
106680 0.000000 0
106688 0.000000 0
106695 0.000000 0
106702 0.000000 0
106710 0.000000 0
106718 0.000000 0
106725 0.000000 0
106732 0.000000 0
106740 0.000000 0
106748 0.000000 0
106755 0.798634 0
106762 1.000000 0
106770 0.714884 0
106778 0.000000 0
106785 0.000000 0
106792 0.000000 0
106800 0.000000 0
106808 0.000000 0
106815 0.000000 0
106822 0.000000 0
106830 0.000000 0
106838 0.000000 0
106845 0.000000 0
106852 0.000000 0
106860 0.000000 0
106868 0.000000 0
106875 0.000000 0
106882 0.000000 0
106890 0.000000 0
106898 0.000000 0
106905 0.000000 0
106912 0.000000 0
106920 0.000000 0
106928 0.000000 0
106935 0.000000 0
106942 0.000000 0
106950 0.000000 0
106958 0.000000 0
106965 0.000000 0
106972 0.000000 0
106980 0.000000 0
106988 0.000000 0
106995 0.000000 0
107002 0.000000 0
107010 0.000000 0
107018 0.000000 0
107025 0.000000 0
107032 0.000000 0
107040 0.000000 0
107048 0.000000 0
107055 0.000000 0
107062 0.000000 0
107070 0.000000 0
107078 0.000000 0
107085 0.000000 0
107092 0.000000 0
107100 0.000000 0
107108 0.000000 0
107115 0.000000 0
107122 0.000000 0
107130 0.000000 0
107138 0.000000 0
107145 0.000000 0
107152 0.000000 0
107160 0.000000 0
107168 0.000000 0
107175 0.000000 0
107182 0.000000 0
107190 0.000000 0
107198 0.000000 0
107205 0.000000 0
107212 0.000000 0
107220 0.000000 0
107228 0.000000 0
107235 1.000000 0
107242 1.000000 0
107250 0.993970 0
107258 0.727138 0
107265 0.528877 0
107272 0.483219 0
107280 0.000000 0
107288 0.000000 0
107295 0.000000 0
107302 0.000000 0
107310 0.000000 0
107318 0.277101 0
107325 0.308531 0
107332 0.241972 0
107340 0.338525 0
107348 0.225558 0
107355 0.000000 0
107362 0.000000 0
107370 0.513090 0
107378 0.407862 0
107385 0.000000 0
107392 0.126295 0
107400 0.000000 0
107408 0.217598 0
107415 0.170304 0
107422 0.206103 0
107430 0.120455 0
107438 0.157889 0
107445 0.321775 0
107452 0.749538 0
107460 0.669634 0
107468 0.291183 0
107475 0.247698 0
107482 0.433110 0
107490 0.485795 0
107498 0.543012 0
107505 0.434968 0
107512 0.231586 0
107520 0.159397 0
107528 0.170210 0
107535 0.369328 0
107542 0.000000 0
107550 0.000000 0
107558 0.000000 0
107565 0.056519 0
107572 0.000000 0
107580 0.000000 0
107588 0.000000 0
107595 0.244910 0
107602 0.161659 0
107610 0.000000 0
107618 0.000000 0
107625 0.170628 0
107632 0.146387 0
107640 0.168889 0
107648 0.000000 0
107655 0.433776 0
107662 0.000000 0
107670 0.000000 0
107678 0.000000 0
107685 0.000000 0
107692 0.321336 0
107700 0.198916 0
107708 0.796160 0
107715 1.000000 0
107722 0.978698 0
107730 0.448284 0
107738 0.000000 0
107745 0.000000 0
107752 0.000000 0
107760 0.000000 0
107768 0.000000 0
107775 0.000000 0
107782 0.067691 0
107790 0.370913 0
107798 0.430440 0
107805 0.345335 0
107812 0.000000 0
107820 0.108738 0
107828 0.323712 0
107835 0.000000 0
107842 0.000000 0
107850 0.273092 0
107858 0.204883 0
107865 0.000000 0
107872 0.435516 0
107880 0.361126 0
107888 0.278422 0
107895 0.225931 0
107902 0.053205 0
107910 0.189318 0
107918 0.351192 0
107925 0.000000 0
107932 0.000000 0
107940 0.243713 0
107948 0.218464 0
107955 0.000000 0
107962 0.000000 0
107970 0.244869 0
107978 0.223146 0
107985 0.189404 0
107992 0.000000 0
108000 0.000000 0
108008 0.000000 0
108015 0.298113 0
108022 0.252943 0
108030 0.270645 0
108038 0.000000 0
108045 0.098467 0
108052 0.578090 0
108060 0.236638 0
108068 0.000000 0
108075 0.000000 0
108082 0.000000 0
108090 0.275742 0
108098 0.000000 0
108105 0.000000 0
108112 0.000000 0
108120 0.399949 0
108128 0.281163 0
108135 0.000000 0
108142 0.000000 0
108150 0.000000 0
108158 0.000000 0
108165 0.000000 0
108172 0.333841 0
108180 0.429642 0
108188 0.875926 0
108195 1.000000 0
108202 0.981772 0
108210 0.115260 0
108218 0.000000 0
108225 0.258047 0
108232 0.000000 0
108240 0.000000 0
108248 0.000000 0
108255 0.000000 0
108262 0.000000 0
108270 0.136678 0
108278 0.000000 0
108285 0.000000 0
108292 0.000000 0
108300 0.000000 0
108308 0.000000 0
108315 0.405643 0
108322 0.000000 0
108330 0.191816 0
108338 0.000000 0
108345 0.000000 0
108352 0.000000 0
108360 0.000000 0
108368 0.000000 0
108375 0.000000 0
108382 0.000000 0
108390 0.000000 0
108398 0.427874 0
108405 0.308235 0
108412 0.000000 0
108420 0.000000 0
108428 0.076586 0
108435 0.317988 0
108442 0.000000 0
108450 0.000000 0
108458 0.000000 0
108465 0.000000 0
108472 0.000000 0
108480 0.000000 0
108488 0.000000 0
108495 0.000000 0
108502 0.000000 0
108510 0.000000 0
108518 0.000000 0
108525 0.000000 0
108532 0.214645 0
108540 0.000000 0
108548 0.000000 0
108555 0.000000 0
108562 0.150891 0
108570 0.180041 0
108578 0.000000 0
108585 0.000000 0
108592 0.000000 0
108600 0.000000 0
108608 0.333298 0
108615 0.000000 0
108622 0.000000 0
108630 0.449032 0
108638 0.094625 0
108645 0.000000 0
108652 0.604857 0
108660 0.840697 0
108668 0.786034 0
108675 0.000000 0
108682 0.000000 0
108690 0.000000 0
108698 0.248467 0
108705 0.483151 0
108712 0.203177 0
108720 0.582030 0
108728 0.447455 0
108735 0.444524 0
108742 0.446741 0
108750 0.000000 0
108758 0.000000 0
108765 0.214262 0
108772 0.000000 0
108780 0.383379 0
108788 0.432699 0
108795 0.000000 0
108802 0.000000 0
108810 0.372839 0
108818 0.000000 0
108825 0.000000 0
108832 0.046531 0
108840 0.000000 0
108848 0.000000 0
108855 0.000000 0
108862 0.262046 0
108870 0.000000 0
108878 0.332637 0
108885 0.000000 0
108892 0.236100 0
108900 0.000000 0
108908 0.247536 0
108915 0.096494 0
108922 0.211752 0
108930 0.000000 0
108938 0.234837 0
108945 0.178088 0
108952 0.000000 0
108960 0.000000 0
108968 0.000000 0
108975 0.000000 0
108982 0.372823 0
108990 0.000000 0
108998 0.000000 0
109005 0.283452 0
109012 0.292944 0
109020 0.408420 0
109028 0.000000 0
109035 0.000000 0
109042 0.000000 0
109050 0.000000 0
109058 0.000000 0
109065 0.000000 0
109072 0.122396 0
109080 0.339645 0
109088 0.000000 0
109095 0.125573 0
109102 0.000000 0
109110 0.000000 0
109118 0.000000 0
109125 0.336968 0
109132 0.086550 0
109140 0.681160 0
109148 0.514979 0
109155 0.467983 0
109162 0.000000 0
109170 0.380477 0
109178 0.435665 0
109185 0.000000 0
109192 0.000000 0
109200 0.283743 0
109208 0.000000 0
109215 0.347093 0
109222 0.000000 0
109230 0.000000 0
109238 0.380363 0
109245 0.252169 0
109252 0.000000 0
109260 0.000000 0
109268 0.000000 0
109275 0.000000 0
109282 0.000000 0
109290 0.192389 0
109298 0.000000 0
109305 0.278466 0
109312 0.095031 0
109320 0.000000 0
109328 0.000000 0
109335 0.219629 0
109342 0.069072 0
109350 0.501365 0
109358 0.676786 0
109365 0.645253 0
109372 0.305871 0
109380 0.000000 0
109388 0.133711 0
109395 0.000000 0
109402 0.000000 0
109410 0.000000 0
109418 0.000000 0
109425 0.000000 0
109432 0.000000 0
109440 0.464631 0
109448 0.475965 0
109455 0.207446 0
109462 0.000000 0
109470 0.000000 0
109478 0.112827 0
109485 0.000000 0
109492 0.000000 0
109500 0.433159 0
109508 0.000000 0
109515 0.015640 0
109522 0.254473 0
109530 0.000000 0
109538 0.000000 0
109545 0.000000 0
109552 0.000000 0
109560 0.354078 0
109568 0.000000 0
109575 0.000000 0
109582 0.000000 0
109590 0.223721 0
109598 0.000000 0
109605 0.000000 0
109612 0.439305 0
109620 0.593433 0
109628 0.274669 0
109635 0.000000 0
109642 0.000000 0
109650 0.000000 0
109658 0.000000 0
109665 0.000000 0
109672 0.106709 0
109680 0.000000 0
109688 0.141078 0
109695 0.350482 0
109702 0.000000 0
109710 0.357387 0
109718 0.468223 0
109725 0.252339 0
109732 0.143237 0
109740 0.189169 0
109748 0.000000 0
109755 0.000000 0
109762 0.000000 0
109770 0.292913 0
109778 0.000000 0
109785 0.000000 0
109792 0.000000 0
109800 0.000000 0
109808 0.000000 0
109815 0.000000 0
109822 0.000000 0
109830 0.313945 0
109838 0.455190 0
109845 0.523822 0
109852 0.000000 0
109860 0.388187 0
109868 0.478752 0
109875 0.000000 0
109882 0.000000 0
109890 0.000000 0
109898 0.000000 0
109905 0.000000 0
109912 0.284526 0
109920 0.000000 0
109928 0.000000 0
109935 0.000000 0
109942 0.092412 0
109950 0.000000 0
109958 0.000000 0
109965 0.000000 0
109972 0.431130 0
109980 0.288234 0
109988 0.235612 0
109995 0.416866 0
110002 0.211512 0
110010 0.000000 0
110018 0.000000 0
110025 0.000000 0
110032 0.394234 0
110040 0.676006 0
110048 0.426850 0
110055 0.461881 0
110062 0.558509 0
110070 0.323776 0
110078 0.000000 0
110085 0.000000 0
110092 0.268270 0
110100 0.537773 0
110108 0.255867 0
110115 0.000000 0
110122 0.630377 0
110130 0.388589 0
110138 0.000000 0
110145 0.000000 0
110152 0.000000 0
110160 0.000000 0
110168 0.000000 0
110175 0.196709 0
110182 0.000000 0
110190 0.186976 0
110198 0.000000 0
110205 0.165982 0
110212 0.000000 0
110220 0.295896 0
110228 0.185997 0
110235 0.000000 0
110242 0.000000 0
110250 0.104596 0
110258 0.000000 0
110265 0.243101 0
110272 0.139130 0
110280 0.000000 0
110288 0.000000 0
110295 0.307333 0
110302 0.254118 0
110310 0.367169 0
110318 0.491610 0
110325 0.000000 0
110332 0.000000 0
110340 0.296110 0
110348 0.000000 0
110355 0.044089 0
110362 0.210760 0
110370 0.000000 0
110378 0.000000 0
110385 0.000000 0
110392 0.000000 0
110400 0.000000 0
110408 0.000000 0
110415 0.000000 0
110422 0.000000 0
110430 0.281275 0
110438 0.000000 0
110445 0.225029 0
110452 0.103889 0
110460 0.000000 0
110468 0.000000 0
110475 0.000000 0
110482 0.000000 0
110490 0.125698 0
110498 0.016200 0
110505 0.000000 0
110512 0.253771 0
110520 0.345736 0
110528 0.442524 0
110535 0.213069 0
110542 0.285521 0
110550 0.186337 0
110558 0.000000 0
110565 0.494583 0
110572 0.430037 0
110580 0.313501 0
110588 0.366666 0
110595 0.000000 0
110602 0.000000 0
110610 0.000000 0
110618 0.000000 0
110625 0.109476 0
110632 0.171642 0
110640 0.000000 0
110648 0.000000 0
110655 0.000000 0
110662 0.000000 0
110670 0.000000 0
110678 0.000000 0
110685 0.260374 0
110692 0.000000 0
110700 0.000000 0
110708 0.000000 0
110715 0.000000 0
110722 0.204637 0
110730 0.000000 0
110738 0.000000 0
110745 0.279987 0
110752 0.316971 0
110760 0.000000 0
110768 0.154581 0
110775 0.000000 0
110782 0.000000 0
110790 0.000000 0
110798 0.000000 0
110805 0.294817 0
110812 0.000000 0
110820 0.372240 0
110828 0.000000 0
110835 0.248509 0
110842 0.000000 0
110850 0.000000 0
110858 0.000000 0
110865 0.203981 0
110872 0.000000 0
110880 0.000000 0
110888 0.340002 0
110895 0.130729 0
110902 0.000000 0
110910 0.123246 0
110918 0.000000 0
110925 0.000000 0
110932 0.201011 0
110940 0.141058 0
110948 0.000000 0
110955 0.000000 0
110962 0.000000 0
110970 0.000000 0
110978 0.000000 0
110985 0.347529 0
110992 0.151970 0
111000 0.434938 0
111008 0.453538 0
111015 0.140945 0
111022 0.000000 0
111030 0.277844 0
111038 0.400430 0
111045 0.516897 0
111052 0.665574 0
111060 0.683707 0
111068 0.000000 0
111075 0.232610 0
111082 0.484575 0
111090 0.000000 0
111098 0.000000 0
111105 0.000000 0
111112 0.000000 0
111120 0.000000 0
111128 0.000000 0
111135 0.000000 0
111142 0.000000 0
111150 0.000000 0
111158 0.000000 0
111165 0.000000 0
111172 0.264032 0
111180 0.000000 0
111188 0.000000 0
111195 0.000000 0
111202 0.045319 0
111210 0.162192 0
111218 0.000000 0
111225 0.000000 0
111232 0.000000 0
111240 0.000000 0
111248 0.194155 0
111255 0.229840 0
111262 0.159920 0
111270 0.000000 0
111278 0.000000 0
111285 0.164464 0
111292 0.000000 0
111300 0.000000 0
111308 0.286647 0
111315 0.142633 0
111322 0.216801 0
111330 0.275798 0
111338 0.000000 0
111345 0.000000 0
111352 0.000000 0
111360 0.000000 0
111368 0.144393 0
111375 0.000000 0
111382 0.000000 0
111390 0.000000 0
111398 0.000000 0
111405 0.000000 0
111412 0.000000 0
111420 0.000000 0
111428 0.000000 0
111435 0.000000 0
111442 0.278166 0
111450 0.139762 0
111458 0.000000 0
111465 0.268576 0
111472 0.238268 0
111480 0.000000 0
111488 0.000000 0
111495 0.000000 0
111502 0.000000 0
111510 0.350905 0
111518 0.478360 0
111525 0.530830 0
111532 0.513818 0
111540 0.000000 0
111548 0.000000 0
111555 0.000000 0
111562 0.000000 0
111570 0.000000 0
111578 0.340870 0
111585 0.000000 0
111592 0.000000 0
111600 0.391066 0
111608 0.000000 0
111615 0.000000 0
111622 0.000000 0
111630 0.000000 0
111638 0.000000 0
111645 0.000000 0
111652 0.000000 0
111660 0.481103 0
111668 0.050325 0
111675 0.000000 0
111682 0.000000 0
111690 0.184101 0
111698 0.000000 0
111705 0.000000 0
111712 0.000000 0
111720 0.144484 0
111728 0.000000 0
111735 0.000000 0
111742 0.000000 0
111750 0.677185 0
111758 0.671553 0
111765 0.446670 0
111772 0.171077 0
111780 0.123020 0
111788 0.266900 0
111795 0.327228 0
111802 0.098884 0
111810 0.071452 0
111818 0.000000 0
111825 0.000000 0
111832 0.000000 0
111840 0.000000 0
111848 0.164847 0
111855 0.260065 0
111862 0.000000 0
111870 0.000000 0
111878 0.000000 0
111885 0.000000 0
111892 0.000000 0
111900 0.000000 0
111908 0.000000 0
111915 0.000000 0
111922 0.089545 0
111930 0.000000 0
111938 0.000000 0
111945 0.000000 0
111952 0.105690 0
111960 0.000000 0
111968 0.288464 0
111975 0.476206 0
111982 0.246047 0
111990 0.000000 0
111998 0.000000 0
112005 0.624193 0
112012 0.658157 0
112020 0.000000 0
112028 0.103345 0
112035 0.489687 0
112042 0.000000 0
112050 0.000000 0
112058 0.000000 0
112065 0.000000 0
112072 0.148766 0
112080 0.260049 0
112088 0.182874 0
112095 0.000000 0
112102 0.000000 0
112110 0.000000 0
112118 0.332314 0
112125 0.138282 0
112132 0.196200 0
112140 0.000000 0
112148 0.000000 0
112155 0.161184 0
112162 0.000000 0
112170 0.000000 0
112178 0.179345 0
112185 0.000000 0
112192 0.419726 0
112200 0.151724 0
112208 0.000000 0
112215 0.302705 0
112222 0.000000 0
112230 0.158626 0
112238 0.084204 0
112245 0.000000 0
112252 0.000000 0
112260 0.296603 0
112268 0.290294 0
112275 0.000000 0
112282 0.000000 0
112290 0.266539 0
112298 0.000000 0
112305 0.000000 0
112312 0.000000 0
112320 0.000000 0
112328 0.000000 0
112335 0.000000 0
112342 0.152654 0
112350 0.113945 0
112358 0.000000 0
112365 0.000000 0
112372 0.000000 0
112380 0.000000 0
112388 0.322106 0
112395 0.000000 0
112402 0.141639 0
112410 0.000000 0
112418 0.000000 0
112425 0.399896 0
112432 0.000000 0
112440 0.000000 0
112448 0.316306 0
112455 0.290268 0
112462 0.374272 0
112470 0.563639 0
112478 0.576706 0
112485 0.334381 0
112492 0.000000 0
112500 0.000000 0
112508 0.000000 0
112515 0.000000 0
112522 0.000000 0
112530 0.000000 0
112538 0.000000 0
112545 0.000000 0
112552 0.078717 0
112560 0.462114 0
112568 0.351103 0
112575 0.158819 0
112582 0.000000 0
112590 0.000000 0
112598 0.449930 0
112605 0.000000 0
112612 0.000000 0
112620 0.000000 0
112628 0.000000 0
112635 0.000000 0
112642 0.237142 0
112650 0.432229 0
112658 0.000000 0
112665 0.191064 0
112672 0.000000 0
112680 0.000000 0
112688 0.000000 0
112695 0.000000 0
112702 0.000000 0
112710 0.132155 0
112718 0.384696 0
112725 0.310584 0
112732 0.449754 0
112740 0.499455 0
112748 0.326617 0
112755 0.000000 0
112762 0.000000 0
112770 0.000000 0
112778 0.000000 0
112785 0.000000 0
112792 0.000000 0
112800 0.212833 0
112808 0.000000 0
112815 0.089126 0
112822 0.145491 0
112830 0.000000 0
112838 0.221999 0
112845 0.135968 0
112852 0.000000 0
112860 0.000000 0
112868 0.000000 0
112875 0.000000 0
112882 0.000000 0
112890 0.000000 0
112898 0.000000 0
112905 0.000000 0
112912 0.000000 0
112920 0.000000 0
112928 0.262436 0
112935 0.305979 0
112942 0.180415 0
112950 0.231040 0
112958 0.494661 0
112965 0.583800 0
112972 0.163167 0
112980 0.262530 0
112988 0.447981 0
112995 0.000000 0
113002 0.000000 0
113010 0.085212 0
113018 0.000000 0
113025 0.159201 0
113032 0.000000 0
113040 0.000000 0
113048 0.271992 0
113055 0.235166 0
113062 0.000000 0
113070 0.000000 0
113078 0.000000 0
113085 0.000000 0
113092 0.000000 0
113100 0.017456 0
113108 0.000000 0
113115 0.187163 0
113122 0.363622 0
113130 0.262847 0
113138 0.115971 0
113145 0.217770 0
113152 0.316004 0
113160 0.000000 0
113168 0.000000 0
113175 0.052665 0
113182 0.201586 0
113190 0.202898 0
113198 0.000000 0
113205 0.470596 0
113212 0.327154 0
113220 0.000000 0
113228 0.000000 0
113235 0.000000 0
113242 0.000000 0
113250 0.000000 0
113258 0.000000 0
113265 0.174261 0
113272 0.373101 0
113280 0.000000 0
113288 0.000000 0
113295 0.000000 0
113302 0.000000 0
113310 0.000000 0
113318 0.000000 0
113325 0.000000 0
113332 0.000000 0
113340 0.000000 0
113348 0.000000 0
113355 0.000000 0
113362 0.000000 0
113370 0.314959 0
113378 0.000000 0
113385 0.000000 0
113392 0.000000 0
113400 0.300637 0
113408 0.220773 0
113415 0.274834 0
113422 0.459756 0
113430 0.455931 0
113438 0.252463 0
113445 0.000000 0
113452 0.000000 0
113460 0.000000 0
113468 0.274325 0
113475 0.000000 0
113482 0.000000 0
113490 0.000000 0
113498 0.104964 0
113505 0.000000 0
113512 0.294578 0
113520 0.000000 0
113528 0.000000 0
113535 0.066755 0
113542 0.070798 0
113550 0.000000 0
113558 0.000000 0
113565 0.000000 0
113572 0.245100 0
113580 0.000000 0
113588 0.290903 0
113595 0.228838 0
113602 0.000000 0
113610 0.280768 0
113618 0.320924 0
113625 0.429087 0
113632 0.000000 0
113640 0.000000 0
113648 0.000000 0
113655 0.211412 0
113662 0.204133 0
113670 0.221809 0
113678 0.284229 0
113685 0.106351 0
113692 0.287274 0
113700 0.000000 0
113708 0.261289 0
113715 0.216084 0
113722 0.264805 0
113730 0.247725 0
113738 0.190294 0
113745 0.148989 0
113752 0.000000 0
113760 0.000000 0
113768 0.000000 0
113775 0.000000 0
113782 0.090709 0
113790 0.000000 0
113798 0.000000 0
113805 0.000000 0
113812 0.000000 0
113820 0.316019 0
113828 0.354410 0
113835 0.000000 0
113842 0.000000 0
113850 0.000000 0
113858 0.354343 0
113865 0.000000 0
113872 0.242100 0
113880 0.242735 0
113888 0.379884 0
113895 0.159551 0
113902 0.171859 0
113910 0.128321 0
113918 0.458547 0
113925 0.166428 0
113932 0.451055 0
113940 0.000000 0
113948 0.000000 0
113955 0.000000 0
113962 0.000000 0
113970 0.261008 0
113978 0.237789 0
113985 0.183651 0
113992 0.297565 0
114000 0.000000 0
114008 0.000000 0
114015 0.000000 0
114022 0.000000 0
114030 0.000000 0
114038 0.000000 0
114045 0.000000 0
114052 0.000000 0
114060 0.000000 0
114068 0.000000 0
114075 0.000000 0
114082 0.455715 0
114090 0.402048 0
114098 0.072161 0
114105 0.000000 0
114112 0.076928 0
114120 0.300609 0
114128 0.364834 0
114135 0.218792 0
114142 0.463470 0
114150 0.000000 0
114158 0.000000 0
114165 0.461383 0
114172 0.000000 0
114180 0.000000 0
114188 0.000000 0
114195 0.000000 0
114202 0.000000 0
114210 0.292299 0
114218 0.000000 0
114225 0.000000 0
114232 0.000000 0
114240 0.000000 0
114248 0.290975 0
114255 0.000000 0
114262 0.000000 0
114270 0.326850 0
114278 0.000000 0
114285 0.095966 0
114292 0.575783 0
114300 0.244709 0
114308 0.000000 0
114315 0.000000 0
114322 0.000000 0
114330 0.209056 0
114338 0.330763 0
114345 0.000000 0
114352 0.000000 0
114360 0.240706 0
114368 0.335858 0
114375 0.616998 0
114382 0.880230 0
114390 0.355524 0
114398 0.000000 0
114405 0.000000 0
114412 0.153447 0
114420 0.424884 0
114428 0.306064 0
114435 0.391422 0
114442 0.000000 0
114450 0.000000 0
114458 0.360037 0
114465 0.456143 0
114472 0.000000 0
114480 0.130009 0
114488 0.181315 0
114495 0.229254 0
114502 0.410480 0
114510 0.000000 0
114518 0.000000 0
114525 0.000000 0
114532 0.000000 0
114540 0.000000 0
114548 0.167780 0
114555 0.000000 0
114562 0.000000 0
114570 0.367832 0
114578 0.000000 0
114585 0.000000 0
114592 0.231909 0
114600 0.047691 0
114608 0.047088 0
114615 0.323273 0
114622 0.375003 0
114630 0.000000 0
114638 0.000000 0
114645 0.000000 0
114652 0.000000 0
114660 0.000000 0
114668 0.128444 0
114675 0.000000 0
114682 0.263302 0
114690 0.000000 0
114698 0.239236 0
114705 0.209207 0
114712 0.000000 0
114720 0.331519 0
114728 0.297733 0
114735 0.000000 0
114742 0.403650 0
114750 0.365095 0
114758 0.000000 0
114765 0.000000 0
114772 0.000000 0
114780 0.000000 0
114788 0.000000 0
114795 0.026483 0
114802 0.000000 0
114810 0.276087 0
114818 0.134677 0
114825 0.204958 0
114832 0.000000 0
114840 0.000000 0
114848 0.000000 0
114855 0.749377 0
114862 0.789210 0
114870 0.000000 0
114878 0.000000 0
114885 0.000000 0
114892 0.000000 0
114900 0.000000 0
114908 0.161240 0
114915 0.000000 0
114922 0.000000 0
114930 0.235377 0
114938 0.352604 0
114945 0.000000 0
114952 0.000000 0
114960 0.213222 0
114968 0.159243 0
114975 0.425284 0
114982 0.660481 0
114990 0.000000 0
114998 0.000000 0
115005 0.000000 0
115012 0.000000 0
115020 0.000000 0
115028 0.148789 0
115035 0.000000 0
115042 0.074993 0
115050 0.286363 0
115058 0.000000 0
115065 0.128738 0
115072 0.000000 0
115080 0.000000 0
115088 0.320662 0
115095 0.262525 0
115102 0.308668 0
115110 0.000000 0
115118 0.000000 0
115125 0.000000 0
115132 0.258007 0
115140 0.000000 0
115148 0.000000 0
115155 0.000000 0
115162 0.088864 0
115170 0.000000 0
115178 0.054882 0
115185 0.000000 0
115192 0.309408 0
115200 0.000000 0
115208 0.000000 0
115215 0.557626 0
115222 0.303924 0
115230 0.000000 0
115238 0.000000 0
115245 0.000000 0
115252 0.000000 0
115260 0.000000 0
115268 0.196173 0
115275 0.000000 0
115282 0.000000 0
115290 0.521070 0
115298 0.341936 0
115305 0.000000 0
115312 0.000000 0
115320 0.000000 0
115328 0.385439 0
115335 0.962114 0
115342 0.613474 0
115350 0.000000 0
115358 0.000000 0
115365 0.000000 0
115372 0.000000 0
115380 0.313563 0
115388 0.282174 0
115395 0.135291 0
115402 0.266108 0
115410 0.225465 0
115418 0.000000 0
115425 0.000000 0
115432 0.160132 0
115440 0.128746 0
115448 0.000000 0
115455 0.315659 0
115462 0.487371 0
115470 0.000000 0
115478 0.000000 0
115485 0.036986 0
115492 0.000000 0
115500 0.321169 0
115508 0.000000 0
115515 0.000000 0
115522 0.000000 0
115530 0.000000 0
115538 0.297751 0
115545 0.000000 0
115552 0.000000 0
115560 0.000000 0
115568 0.351298 0
115575 0.294373 0
115582 0.000000 0
115590 0.000000 0
115598 0.000000 0
115605 0.000000 0
115612 0.000000 0
115620 0.143182 0
115628 0.000000 0
115635 0.087634 0
115642 0.000000 0
115650 0.000000 0
115658 0.000000 0
115665 0.351904 0
115672 0.000000 0
115680 0.286114 0
115688 0.343952 0
115695 0.662445 0
115702 0.418608 0
115710 0.000000 0
115718 0.000000 0
115725 0.000000 0
115732 0.000000 0
115740 0.000000 0
115748 0.000000 0
115755 0.000000 0
115762 0.208857 0
115770 0.151719 0
115778 0.000000 0
115785 0.100938 0
115792 0.000000 0
115800 0.000000 0
115808 0.769092 0
115815 0.949862 0
115822 0.000000 0
115830 0.000000 0
115838 0.000000 0
115845 0.000000 0
115852 0.214010 0
115860 0.330127 0
115868 0.000000 0
115875 0.190324 0
115882 0.082108 0
115890 0.000000 0
115898 0.000000 0
115905 0.175026 0
115912 0.208867 0
115920 0.000000 0
115928 0.415433 0
115935 0.520045 0
115942 0.000000 0
115950 0.000000 0
115958 0.000000 0
115965 0.000000 0
115972 0.000000 0
115980 0.273343 0
115988 0.058167 0
115995 0.000000 0
116002 0.000000 0
116010 0.409165 0
116018 0.250598 0
116025 0.000000 0
116032 0.000000 0
116040 0.314736 0
116048 0.565949 0
116055 0.393533 0
116062 0.000000 0
116070 0.000000 0
116078 0.000000 0
116085 0.000000 0
116092 0.000000 0
116100 0.272795 0
116108 0.186969 0
116115 0.000000 0
116122 0.000000 0
116130 0.000000 0
116138 0.477250 0
116145 0.000000 0
116152 0.000000 0
116160 0.000000 0
116168 0.416918 0
116175 0.563943 0
116182 0.000000 0
116190 0.000000 0
116198 0.000000 0
116205 0.000000 0
116212 0.000000 0
116220 0.000000 0
116228 0.000000 0
116235 0.012650 0
116242 0.000000 0
116250 0.000000 0
116258 0.000000 0
116265 0.000000 0
116272 0.000000 0
116280 0.479858 0
116288 1.000000 0
116295 0.593738 0
116302 0.000000 0
116310 0.000000 0
116318 0.000000 0
116325 0.000000 0
116332 0.374666 0
116340 0.000000 0
116348 0.000000 0
116355 0.260320 0
116362 0.258110 0
116370 0.279995 0
116378 0.000000 0
116385 0.000000 0
116392 0.000000 0
116400 0.319732 0
116408 0.492842 0
116415 0.259767 0
116422 0.000000 0
116430 0.000000 0
116438 0.212337 0
116445 0.000000 0
116452 0.000000 0
116460 0.381778 0
116468 0.202079 0
116475 0.000000 0
116482 0.000000 0
116490 0.249409 0
116498 0.105431 0
116505 0.000000 0
116512 0.416643 0
116520 0.000000 0
116528 0.596835 0
116535 0.000000 0
116542 0.000000 0
116550 0.000000 0
116558 0.000000 0
116565 0.000000 0
116572 0.090282 0
116580 0.000000 0
116588 0.000000 0
116595 0.295833 0
116602 0.000000 0
116610 0.000000 0
116618 0.000000 0
116625 0.000000 0
116632 0.000000 0
116640 0.368705 0
116648 0.592055 0
116655 0.452827 0
116662 0.000000 0
116670 0.000000 0
116678 0.000000 0
116685 0.000000 0
116692 0.000000 0
116700 0.000000 0
116708 0.212920 0
116715 0.000000 0
116722 0.000000 0
116730 0.000000 0
116738 0.000000 0
116745 0.161028 0
116752 0.000000 0
116760 0.974772 0
116768 1.000000 0
116775 0.000000 0
116782 0.000000 0
116790 0.000000 0
116798 0.000000 0
116805 0.229647 0
116812 0.345225 0
116820 0.000000 0
116828 0.291759 0
116835 0.000000 0
116842 0.268939 0
116850 0.000000 0
116858 0.000000 0
116865 0.200890 0
116872 0.367752 0
116880 0.388180 0
116888 0.594583 0
116895 0.000000 0
116902 0.000000 0
116910 0.000000 0
116918 0.000000 0
116925 0.259501 0
116932 0.000000 0
116940 0.000000 0
116948 0.000000 0
116955 0.000000 0
116962 0.242035 0
116970 0.218145 0
116978 0.000000 0
116985 0.000000 0
116992 0.000000 0
117000 0.641587 0
117008 0.706065 0
117015 0.000000 0
117022 0.000000 0
117030 0.000000 0
117038 0.000000 0
117045 0.000000 0
117052 0.181540 0
117060 0.288177 0
117068 0.304355 0
117075 0.000000 0
117082 0.000000 0
117090 0.471642 0
117098 0.000000 0
117105 0.000000 0
117112 0.000000 0
117120 0.447828 0
117128 0.468452 0
117135 0.000000 0
117142 0.000000 0
117150 0.000000 0
117158 0.073259 0
117165 0.000000 0
117172 0.000000 0
117180 0.387917 0
117188 0.201505 0
117195 0.000000 0
117202 0.218673 0
117210 0.000000 0
117218 0.000000 0
117225 0.000000 0
117232 0.630032 0
117240 1.000000 0
117248 0.613609 0
117255 0.000000 0
117262 0.000000 0
117270 0.000000 0
117278 0.000000 0
117285 0.000000 0
117292 0.186869 0
117300 0.000000 0
117308 0.000000 0
117315 0.000000 0
117322 0.000000 0
117330 0.000000 0
117338 0.000000 0
117345 0.532663 0
117352 0.000000 0
117360 0.645351 0
117368 0.529003 0
117375 0.000000 0
117382 0.000000 0
117390 0.000000 0
117398 0.000000 0
117405 0.000000 0
117412 0.000000 0
117420 0.317949 0
117428 0.000000 0
117435 0.000000 0
117442 0.000000 0
117450 0.259117 0
117458 0.178301 0
117465 0.149376 0
117472 0.398348 0
117480 0.704973 0
117488 0.315486 0
117495 0.000000 0
117502 0.000000 0
117510 0.251311 0
117518 0.000000 0
117525 0.000000 0
117532 0.000000 0
117540 0.000000 0
117548 0.000000 0
117555 0.000000 0
117562 0.000000 0
117570 0.000000 0
117578 0.328514 0
117585 0.000000 0
117592 0.396010 0
117600 0.923817 0
117608 0.338883 0
117615 0.000000 0
117622 0.000000 0
117630 0.000000 0
117638 0.000000 0
117645 0.000000 0
117652 0.000000 0
117660 0.230935 0
117668 0.143214 0
117675 0.035723 0
117682 0.000000 0
117690 0.000000 0
117698 0.000000 0
117705 0.198629 0
117712 1.000000 0
117720 1.000000 0
117728 0.000000 0
117735 0.000000 0
117742 0.000000 0
117750 0.000000 0
117758 0.000000 0
117765 0.212129 0
117772 0.139345 0
117780 0.000000 0
117788 0.000000 0
117795 0.039783 0
117802 0.000000 0
117810 0.175088 0
117818 0.000000 0
117825 0.000000 0
117832 0.677396 0
117840 0.685656 0
117848 0.000000 0
117855 0.000000 0
117862 0.000000 0
117870 0.176644 0
117878 0.217825 0
117885 0.000000 0
117892 0.097424 0
117900 0.000000 0
117908 0.000000 0
117915 0.000000 0
117922 0.000000 0
117930 0.214173 0
117938 0.225093 0
117945 0.000000 0
117952 0.631400 0
117960 0.564264 0
117968 0.000000 0
117975 0.000000 0
117982 0.000000 0
117990 0.000000 0
117998 0.000000 0
118005 0.000000 0
118012 0.000000 0
118020 0.000000 0
118028 0.000000 0
118035 0.000000 0
118042 0.000000 0
118050 0.000000 0
118058 0.158807 0
118065 0.000000 0
118072 0.696954 0
118080 0.626627 0
118088 0.000000 0
118095 0.000000 0
118102 0.000000 0
118110 0.000000 0
118118 0.000000 0
118125 0.000000 0
118132 0.118918 0
118140 0.150266 0
118148 0.000000 0
118155 0.000000 0
118162 0.000000 0
118170 0.000000 0
118178 0.000000 0
118185 0.707052 0
118192 1.000000 0
118200 0.604689 0
118208 0.000000 0
118215 0.000000 0
118222 0.000000 0
118230 0.000000 0
118238 0.000000 0
118245 0.177333 0
118252 0.000000 0
118260 0.000000 0
118268 0.000000 0
118275 0.000000 0
118282 0.204135 0
118290 0.326423 0
118298 0.000000 0
118305 0.298137 0
118312 0.635190 0
118320 0.346429 0
118328 0.000000 0
118335 0.000000 0
118342 0.000000 0
118350 0.000000 0
118358 0.000000 0
118365 0.215636 0
118372 0.000000 0
118380 0.000000 0
118388 0.000000 0
118395 0.000000 0
118402 0.000000 0
118410 0.219990 0
118418 0.000000 0
118425 0.000000 0
118432 0.765322 0
118440 0.135973 0
118448 0.000000 0
118455 0.000000 0
118462 0.000000 0
118470 0.000000 0
118478 0.000000 0
118485 0.000000 0
118492 0.000000 0
118500 0.088460 0
118508 0.000000 0
118515 0.000000 0
118522 0.286794 0
118530 0.172514 0
118538 0.145913 0
118545 0.362324 0
118552 0.721434 0
118560 0.329182 0
118568 0.000000 0
118575 0.000000 0
118582 0.000000 0
118590 0.000000 0
118598 0.100718 0
118605 0.000000 0
118612 0.000000 0
118620 0.000000 0
118628 0.110881 0
118635 0.000000 0
118642 0.000000 0
118650 0.278572 0
118658 0.266610 0
118665 1.000000 0
118672 1.000000 0
118680 0.000000 0
118688 0.000000 0
118695 0.000000 0
118702 0.000000 0
118710 0.000000 0
118718 0.105372 0
118725 0.000000 0
118732 0.000000 0
118740 0.230624 0
118748 0.000000 0
118755 0.000000 0
118762 0.080744 0
118770 0.000000 0
118778 0.000000 0
118785 0.574970 0
118792 0.617066 0
118800 0.451904 0
118808 0.185291 0
118815 0.000000 0
118822 0.000000 0
118830 0.000000 0
118838 0.000000 0
118845 0.203544 0
118852 0.000000 0
118860 0.000000 0
118868 0.201919 0
118875 0.000000 0
118882 0.000000 0
118890 0.000000 0
118898 0.000000 0
118905 0.678801 0
118912 0.715305 0
118920 0.000000 0
118928 0.000000 0
118935 0.000000 0
118942 0.227255 0
118950 0.000000 0
118958 0.000000 0
118965 0.000000 0
118972 0.000000 0
118980 0.000000 0
118988 0.264801 0
118995 0.000000 0
119002 0.273049 0
119010 0.000000 0
119018 0.175114 0
119025 0.676553 0
119032 0.479849 0
119040 0.000000 0
119048 0.000000 0
119055 0.000000 0
119062 0.000000 0
119070 0.232877 0
119078 0.000000 0
119085 0.000000 0
119092 0.000000 0
119100 0.000000 0
119108 0.194802 0
119115 0.099988 0
119122 0.000000 0
119130 0.000000 0
119138 0.821000 0
119145 1.000000 0
119152 0.632194 0
119160 0.000000 0
119168 0.000000 0
119175 0.000000 0
119182 0.000000 0
119190 0.000000 0
119198 0.259663 0
119205 0.000000 0
119212 0.000000 0
119220 0.000000 0
119228 0.332557 0
119235 0.000000 0
119242 0.000000 0
119250 0.232798 0
119258 0.470521 0
119265 0.872028 0
119272 0.580612 0
119280 0.000000 0
119288 0.000000 0
119295 0.000000 0
119302 0.000000 0
119310 0.000000 0
119318 0.000000 0
119325 0.133604 0
119332 0.000000 0
119340 0.148655 0
119348 0.450279 0
119355 0.000000 0
119362 0.162673 0
119370 0.000000 0
119378 0.382865 0
119385 0.918054 0
119392 0.139617 0
119400 0.000000 0
119408 0.000000 0
119415 0.000000 0
119422 0.000000 0
119430 0.000000 0
119438 0.000000 0
119445 0.000000 0
119452 0.000000 0
119460 0.000000 0
119468 0.000000 0
119475 0.000000 0
119482 0.038224 0
119490 0.000000 0
119498 0.621584 0
119505 0.956633 0
119512 0.515546 0
119520 0.207710 0
119528 0.000000 0
119535 0.000000 0
119542 0.000000 0
119550 0.000000 0
119558 0.215535 0
119565 0.000000 0
119572 0.000000 0
119580 0.000000 0
119588 0.277879 0
119595 0.138342 0
119602 0.000000 0
119610 0.339043 0
119618 1.000000 0
119625 1.000000 0
119632 0.000000 0
119640 0.000000 0
119648 0.000000 0
119655 0.000000 0
119662 0.375635 0
119670 0.220243 0
119678 0.000000 0
119685 0.000000 0
119692 0.000000 0
119700 0.000000 0
119708 0.183750 0
119715 0.347379 0
119722 0.212530 0
119730 0.000000 0
119738 0.717094 0
119745 0.636020 0
119752 0.000000 0
119760 0.000000 0
119768 0.000000 0
119775 0.000000 0
119782 0.000000 0
119790 0.000000 0
119798 0.000000 0
119805 0.000000 0
119812 0.000000 0
119820 0.324935 0
119828 0.255264 0
119835 0.000000 0
119842 0.000000 0
119850 0.000000 0
119858 0.736950 0
119865 0.733283 0
119872 0.000000 0
119880 0.219234 0
119888 0.000000 0
119895 0.000000 0
119902 0.000000 0
119910 0.000000 0
119918 0.000000 0
119925 0.172461 0
119932 0.000000 0
119940 0.000000 0
119948 0.210736 0
119955 0.000000 0
