T 0 0.0 0.0000 0 0.0000 0
T 8 0.0 0.0000 0 0.0000 0
T 15 0.0 0.0000 0 0.0000 0
T 22 108.0 0.0000 0 0.0396 0
T 30 108.0 0.0000 0 0.0396 0
T 38 108.0 0.0000 0 0.0396 0
T 45 108.0 0.0000 0 0.0810 0
T 52 108.0 0.0000 0 0.0810 0
T 60 108.0 0.0000 0 0.0810 0
T 68 108.0 0.0000 0 0.1224 0
T 75 108.0 0.0000 0 0.1224 0
T 82 108.0 0.0000 0 0.1224 0
T 90 108.0 0.0000 0 0.1620 0
T 98 108.0 0.0000 0 0.1620 0
T 105 108.0 0.0000 0 0.1620 0
T 112 108.0 0.0000 0 0.2016 0
T 120 108.0 0.0000 0 0.2016 0
T 128 108.0 0.0000 0 0.2016 0
T 135 108.0 0.0000 0 0.2430 0
T 142 108.0 0.0000 0 0.2430 0
T 150 108.0 0.0000 0 0.2430 0
T 158 108.0 0.0000 0 0.2844 0
T 165 108.0 0.0000 0 0.2844 0
T 172 108.0 0.0000 0 0.2844 0
T 180 108.0 0.0000 0 0.3240 0
T 188 108.0 0.0000 0 0.3240 0
T 195 108.0 0.0000 0 0.3240 0
T 202 108.0 0.0000 0 0.3636 0
T 210 108.0 0.0000 0 0.3636 0
T 218 108.0 0.0000 0 0.3636 0
T 225 108.0 0.0000 0 0.4050 0
T 232 108.0 0.0000 0 0.4050 0
T 240 108.0 0.0000 0 0.4050 0
T 248 108.0 0.0000 0 0.4464 0
T 255 108.0 0.0000 0 0.4464 0
T 262 108.0 0.0000 0 0.4464 0
T 270 108.0 0.0000 0 0.4860 0
T 278 108.0 0.0000 0 0.4860 0
T 285 108.0 0.0000 0 0.4860 0
T 292 108.0 0.0000 0 0.5256 0
T 300 108.0 0.0000 0 0.5256 0
T 308 108.0 0.0000 0 0.5256 0
T 315 108.0 0.0000 0 0.5670 0
T 322 108.0 0.0000 0 0.5670 0
T 330 108.0 0.0000 0 0.5670 0
T 338 108.0 0.0000 0 0.6084 0
T 345 108.0 0.0000 0 0.6084 0
T 352 108.0 0.0000 0 0.6084 0
T 360 108.0 0.0000 0 0.6480 0
T 368 108.0 0.0000 0 0.6480 0
T 375 108.0 0.0000 0 0.6480 0
T 382 108.0 0.0000 0 0.6876 0
T 390 108.0 0.0000 0 0.6876 0
T 398 108.0 0.0000 0 0.6876 0
T 405 108.0 0.0000 0 0.7290 0
T 412 108.0 0.0000 0 0.7290 0
T 420 108.0 0.0000 0 0.7290 0
T 428 108.0 0.0000 0 0.7704 0
T 435 108.0 0.0000 0 0.7704 0
T 442 108.0 0.0000 0 0.7704 0
T 450 108.0 0.0000 0 0.8100 0
T 458 108.0 0.0000 0 0.8100 0
T 465 108.0 0.0000 0 0.8100 0
T 472 108.0 0.0000 0 0.8496 0
T 480 108.0 0.0000 0 0.8496 0
T 488 108.0 0.0000 0 0.8496 0
T 495 108.0 0.0000 0 0.8910 0
T 502 108.0 0.0000 0 0.8910 0
T 510 108.0 0.0000 0 0.8910 0
T 518 108.0 0.0000 0 0.9324 0
T 525 108.0 0.0000 0 0.9324 0
T 532 108.0 0.0000 0 0.9324 0
T 540 108.0 0.0000 0 0.9720 0
T 548 108.0 0.0000 0 0.9720 0
T 555 108.0 0.0000 0 0.9720 0
T 562 108.0 0.0000 0 0.0116 0
T 570 108.0 0.0000 0 0.0116 0
T 578 108.0 0.0000 0 0.0116 0
T 585 108.0 0.0000 0 0.0530 0
T 592 108.0 0.0000 0 0.0530 0
T 600 108.0 0.0000 0 0.0530 0
T 608 108.0 0.0000 0 0.0944 0
T 615 108.0 0.0000 0 0.0944 0
T 622 108.0 0.0000 0 0.0944 0
T 630 108.0 0.0000 0 0.1340 0
T 638 108.0 0.0000 0 0.1340 0
T 645 108.0 0.0000 0 0.1340 0
T 652 108.0 0.0000 0 0.1736 0
T 660 108.0 0.0000 0 0.1736 0
T 668 108.0 0.0000 0 0.1736 0
T 675 108.0 0.0000 0 0.2150 0
T 682 108.0 0.0000 0 0.2150 0
T 690 108.0 0.0000 0 0.2150 0
T 698 108.0 0.0000 0 0.2564 0
T 705 108.0 0.0000 0 0.2564 0
T 712 108.0 0.0000 0 0.2564 0
T 720 108.0 0.0000 0 0.2960 0
T 728 108.0 0.0000 0 0.2960 0
T 735 108.0 0.0000 0 0.2960 0
T 742 108.0 0.0000 0 0.3356 0
T 750 108.0 0.0000 0 0.3356 0
T 758 108.0 0.0000 0 0.3356 0
T 765 108.0 0.0000 0 0.3770 0
T 772 108.0 0.0000 0 0.3770 0
T 780 108.0 0.0000 0 0.3770 0
T 788 108.0 0.0000 0 0.4184 0
T 795 108.0 0.0000 0 0.4184 0
T 802 108.0 0.0000 0 0.4184 0
T 810 108.0 0.0000 0 0.4580 0
T 818 108.0 0.0000 0 0.4580 0
T 825 108.0 0.0000 0 0.4580 0
T 832 108.0 0.0000 0 0.4976 0
T 840 108.0 0.0000 0 0.4976 0
T 848 108.0 0.0000 0 0.4976 0
T 855 108.0 0.0000 0 0.5390 0
T 862 108.0 0.0000 0 0.5390 0
T 870 108.0 0.0000 0 0.5390 0
T 878 108.0 0.0000 0 0.5804 0
T 885 108.0 0.0000 0 0.5804 0
T 892 108.0 0.0000 0 0.5804 0
T 900 108.0 0.0000 0 0.6200 0
T 908 108.0 0.0000 0 0.6200 0
T 915 108.0 0.0000 0 0.6200 0
T 922 108.0 0.0000 0 0.6596 0
T 930 108.0 0.0000 0 0.6596 0
T 938 108.0 0.0000 0 0.6596 0
T 945 108.0 0.0000 0 0.7010 0
T 952 108.0 0.0000 0 0.7010 0
T 960 108.0 0.0000 0 0.7010 0
T 968 108.0 0.0000 0 0.7424 0
T 975 108.0 0.0000 0 0.7424 0
T 982 108.0 0.0000 0 0.7424 0
T 990 108.0 0.0000 0 0.7820 0
T 998 108.0 0.0000 0 0.7820 0
T 1005 108.0 0.0000 0 0.7820 0
T 1012 108.0 0.0000 0 0.8216 0
T 1020 108.0 0.0000 0 0.8216 0
T 1028 108.0 0.0000 0 0.8216 0
T 1035 108.0 0.0000 0 0.8630 0
T 1042 108.0 0.0000 0 0.8630 0
T 1050 108.0 0.0000 0 0.8630 0
T 1058 108.0 0.0000 0 0.9044 0
T 1065 108.0 0.0000 0 0.9044 0
T 1072 108.0 0.0000 0 0.9044 0
T 1080 108.0 0.0000 0 0.9440 0
T 1088 108.0 0.0000 0 0.9440 0
T 1095 108.0 0.0000 0 0.9440 0
T 1102 108.0 0.0000 0 0.9836 0
T 1110 108.0 0.0000 0 0.9836 0
T 1118 108.0 0.0000 0 0.9836 0
T 1125 108.0 0.0000 0 0.0250 0
T 1132 108.0 0.0000 0 0.0250 0
T 1140 108.0 0.0000 0 0.0250 0
T 1148 108.0 0.0000 0 0.0664 0
T 1155 108.0 0.0000 0 0.0664 0
T 1162 108.0 0.0000 0 0.0664 0
T 1170 108.0 0.0000 0 0.1060 0
T 1178 108.0 0.0000 0 0.1060 0
T 1185 108.0 0.0000 0 0.1060 0
T 1192 108.0 0.0000 0 0.1456 0
T 1200 108.0 0.0000 0 0.1456 0
T 1208 108.0 0.0000 0 0.1456 0
T 1215 108.0 0.0000 0 0.1870 0
T 1222 108.0 0.0000 0 0.1870 0
T 1230 108.0 0.0000 0 0.1870 0
T 1238 108.0 0.0000 0 0.2284 0
T 1245 108.0 0.0000 0 0.2284 0
T 1252 108.0 0.0000 0 0.2284 0
T 1260 108.0 0.0000 0 0.2680 0
T 1268 108.0 0.0000 0 0.2680 0
T 1275 108.0 0.0000 0 0.2680 0
T 1282 108.0 0.0000 0 0.3076 0
T 1290 108.0 0.0000 0 0.3076 0
T 1298 108.0 0.0000 0 0.3076 0
T 1305 108.0 0.0000 0 0.3490 0
T 1312 108.0 0.0000 0 0.3490 0
T 1320 108.0 0.0000 0 0.3490 0
T 1328 108.0 0.0000 0 0.3904 0
T 1335 108.0 0.0000 0 0.3904 0
T 1342 108.0 0.0000 0 0.3904 0
T 1350 108.0 0.0000 0 0.4300 0
T 1358 108.0 0.0000 0 0.4300 0
T 1365 108.0 0.0000 0 0.4300 0
T 1372 108.0 0.0000 0 0.4696 0
T 1380 108.0 0.0000 0 0.4696 0
T 1388 108.0 0.0000 0 0.4696 0
T 1395 108.0 0.0000 0 0.5110 0
T 1402 108.0 0.0000 0 0.5110 0
T 1410 108.0 0.0000 0 0.5110 0
T 1418 108.0 0.0000 0 0.5524 0
T 1425 108.0 0.0000 0 0.5524 0
T 1432 108.0 0.0000 0 0.5524 0
T 1440 108.0 0.0000 0 0.5920 0
T 1448 108.0 0.0000 0 0.5920 0
T 1455 108.0 0.0000 0 0.5920 0
T 1462 108.0 0.0000 0 0.6316 0
T 1470 108.0 0.0000 0 0.6316 0
T 1478 108.0 0.0000 0 0.6316 0
T 1485 108.0 0.0000 0 0.6730 0
T 1492 108.0 0.0000 0 0.6730 0
T 1500 108.0 0.0000 0 0.6730 0
T 1508 108.0 0.0000 0 0.7144 0
T 1515 108.0 0.0000 0 0.7144 0
T 1522 108.0 0.0000 0 0.7144 0
T 1530 108.0 0.0000 0 0.7540 0
T 1538 108.0 0.0000 0 0.7540 0
T 1545 108.0 0.0000 0 0.7540 0
T 1552 108.0 0.0000 0 0.7936 0
T 1560 108.0 0.0000 0 0.7936 0
T 1568 108.0 0.0000 0 0.7936 0
T 1575 108.0 0.0000 0 0.8350 0
T 1582 108.0 0.0000 0 0.8350 0
T 1590 108.0 0.0000 0 0.8350 0
T 1598 108.0 0.0000 0 0.8764 0
T 1605 108.0 0.0000 0 0.8764 0
T 1612 108.0 0.0000 0 0.8764 0
T 1620 108.0 0.0000 0 0.9160 0
T 1628 108.0 0.0000 0 0.9160 0
T 1635 108.0 0.0000 0 0.9160 0
T 1642 108.0 0.0000 0 0.9556 0
T 1650 108.0 0.0000 0 0.9556 0
T 1658 108.0 0.0000 0 0.9556 0
T 1665 108.0 0.0000 0 0.9970 0
T 1672 108.0 0.0000 0 0.9970 0
T 1680 108.0 0.0000 0 0.9970 0
T 1688 108.0 0.0000 0 0.0384 0
T 1695 108.0 0.0000 0 0.0384 0
T 1702 108.0 0.0000 0 0.0384 0
T 1710 108.0 0.0000 0 0.0780 0
T 1718 108.0 0.0000 0 0.0780 0
T 1725 108.0 0.0000 0 0.0780 0
T 1732 108.0 0.0000 0 0.1176 0
T 1740 108.0 0.0000 0 0.1176 0
T 1748 108.0 0.0000 0 0.1176 0
T 1755 108.0 0.0000 0 0.1590 0
T 1762 108.0 0.0000 0 0.1590 0
T 1770 108.0 0.0000 0 0.1590 0
T 1778 108.0 0.0000 0 0.2004 0
T 1785 108.0 0.0000 0 0.2004 0
T 1792 108.0 0.0000 0 0.2004 0
T 1800 108.0 0.0000 0 0.2400 0
T 1808 108.0 0.0000 0 0.2400 0
T 1815 108.0 0.0000 0 0.2400 0
T 1822 108.0 0.0000 0 0.2796 0
T 1830 108.0 0.0000 0 0.2796 0
T 1838 108.0 0.0000 0 0.2796 0
T 1845 108.0 0.0000 0 0.3210 0
T 1852 108.0 0.0000 0 0.3210 0
T 1860 108.0 0.0000 0 0.3210 0
T 1868 108.0 0.0000 0 0.3624 0
T 1875 108.0 0.0000 0 0.3624 0
T 1882 108.0 0.0000 0 0.3624 0
T 1890 108.0 0.0000 0 0.4020 0
T 1898 108.0 0.0000 0 0.4020 0
T 1905 108.0 0.0000 0 0.4020 0
T 1912 108.0 0.0000 0 0.4416 0
T 1920 108.0 0.0000 0 0.4416 0
T 1928 108.0 0.0000 0 0.4416 0
T 1935 108.0 0.0000 0 0.4830 0
T 1942 108.0 0.0000 0 0.4830 0
T 1950 108.0 0.0000 0 0.4830 0
T 1958 108.0 0.0000 0 0.5244 0
T 1965 108.0 0.0000 0 0.5244 0
T 1972 108.0 0.0000 0 0.5244 0
T 1980 108.0 0.0000 0 0.5640 0
T 1988 108.0 0.0000 0 0.5640 0
T 1995 108.0 0.0000 0 0.5640 0
T 2002 108.0 0.0000 0 0.6036 0
T 2010 108.0 0.0000 0 0.6036 0
T 2018 108.0 0.0000 0 0.6036 0
T 2025 108.0 0.0000 0 0.6450 0
T 2032 108.0 0.0000 0 0.6450 0
T 2040 108.0 0.0000 0 0.6450 0
T 2048 108.0 0.0000 0 0.6864 0
T 2055 108.0 0.0000 0 0.6864 0
T 2062 108.0 0.0000 0 0.6864 0
T 2070 108.0 0.0000 0 0.7260 0
T 2078 108.0 0.0000 0 0.7260 0
T 2085 108.0 0.0000 0 0.7260 0
T 2092 108.0 0.0000 0 0.7656 0
T 2100 108.0 0.0000 0 0.7656 0
T 2108 108.0 0.0000 0 0.7656 0
T 2115 108.0 0.0000 0 0.8070 0
T 2122 108.0 0.0000 0 0.8070 0
T 2130 108.0 0.0000 0 0.8070 0
T 2138 108.0 0.0000 0 0.8484 0
T 2145 108.0 0.0000 0 0.8484 0
T 2152 108.0 0.0000 0 0.8484 0
T 2160 108.0 0.0000 0 0.8880 0
T 2168 108.0 0.0000 0 0.8880 0
T 2175 108.0 0.0000 0 0.8880 0
T 2182 108.0 0.0000 0 0.9276 0
T 2190 108.0 0.0000 0 0.9276 0
T 2198 108.0 0.0000 0 0.9276 0
T 2205 108.0 0.0000 0 0.9690 0
T 2212 108.0 0.0000 0 0.9690 0
T 2220 108.0 0.0000 0 0.9690 0
T 2228 108.0 0.0000 0 0.0104 0
T 2235 108.0 0.0000 0 0.0104 0
T 2242 108.0 0.0000 0 0.0104 0
T 2250 108.0 0.0000 0 0.0500 0
T 2258 108.0 0.0000 0 0.0500 0
T 2265 108.0 0.0000 0 0.0500 0
T 2272 108.0 0.0000 0 0.0896 0
T 2280 108.0 0.0000 0 0.0896 0
T 2288 108.0 0.0000 0 0.0896 0
T 2295 108.0 0.0000 0 0.1310 0
T 2302 108.0 0.0000 0 0.1310 0
T 2310 108.0 0.0000 0 0.1310 0
T 2318 108.0 0.0000 0 0.1724 0
T 2325 108.0 0.0000 0 0.1724 0
T 2332 108.0 0.0000 0 0.1724 0
T 2340 108.0 0.0000 0 0.2120 0
T 2348 108.0 0.0000 0 0.2120 0
T 2355 108.0 0.0000 0 0.2120 0
T 2362 108.0 0.0000 0 0.2516 0
T 2370 108.0 0.0000 0 0.2516 0
T 2378 108.0 0.0000 0 0.2516 0
T 2385 108.0 0.0000 0 0.2930 0
T 2392 108.0 0.0000 0 0.2930 0
T 2400 108.0 0.0000 0 0.2930 0
T 2408 108.0 0.0000 0 0.3344 0
T 2415 108.0 0.0000 0 0.3344 0
T 2422 108.0 0.0000 0 0.3344 0
T 2430 108.0 0.0000 0 0.3740 0
T 2438 108.0 0.0000 0 0.3740 0
T 2445 108.0 0.0000 0 0.3740 0
T 2452 108.0 0.0000 0 0.4136 0
T 2460 108.0 0.0000 0 0.4136 0
T 2468 108.0 0.0000 0 0.4136 0
T 2475 108.0 0.0000 0 0.4550 0
T 2482 108.0 0.0000 0 0.4550 0
T 2490 108.0 0.0000 0 0.4550 0
T 2498 108.0 0.0000 0 0.4964 0
T 2505 108.0 0.0000 0 0.4964 0
T 2512 108.0 0.0000 0 0.4964 0
T 2520 148.0 0.1295 0 0.5375 0
T 2528 148.0 0.1295 0 0.5375 0
T 2535 148.0 0.1295 0 0.5375 0
T 2542 148.0 0.2183 0 0.5898 0
T 2550 148.0 0.2183 0 0.5898 0
T 2558 148.0 0.2183 0 0.5898 0
T 2565 148.0 0.2962 0 0.6447 0
T 2572 148.0 0.2962 0 0.6447 0
T 2580 148.0 0.2962 0 0.6447 0
T 2588 148.0 0.3616 0 0.6998 0
T 2595 148.0 0.3616 0 0.6998 0
T 2602 148.0 0.3616 0 0.6998 0
T 2610 148.0 0.4155 0 0.7526 0
T 2618 148.0 0.4155 0 0.7526 0
T 2625 148.0 0.4155 0 0.7526 0
T 2632 148.0 0.4520 0 0.8056 0
T 2640 148.0 0.4520 0 0.8056 0
T 2648 148.0 0.4520 0 0.8056 0
T 2655 148.0 0.4679 0 0.8611 0
T 2662 148.0 0.4679 0 0.8611 0
T 2670 148.0 0.4679 0 0.8611 0
T 2678 148.0 0.4818 0 0.9168 0
T 2685 148.0 0.4818 0 0.9168 0
T 2692 148.0 0.4818 0 0.9168 0
T 2700 148.0 0.4926 0 0.9701 0
T 2708 148.0 0.4926 0 0.9701 0
T 2715 148.0 0.4926 0 0.9701 0
T 2722 148.0 0.5014 0 0.0235 0
T 2730 148.0 0.5014 0 0.0235 0
T 2738 148.0 0.5014 0 0.0235 0
T 2745 133.0 0.5185 0 0.0789 0
T 2752 133.0 0.5185 0 0.0789 0
T 2760 133.0 0.5185 0 0.0789 0
T 2768 133.0 0.5388 0 0.1317 0
T 2775 133.0 0.5388 0 0.1317 0
T 2782 133.0 0.5388 0 0.1317 0
T 2790 133.0 0.5551 0 0.1820 0
T 2798 133.0 0.5551 0 0.1820 0
T 2805 133.0 0.5551 0 0.1820 0
T 2812 133.0 0.5694 0 0.2322 0
T 2820 133.0 0.5694 0 0.2322 0
T 2828 133.0 0.5694 0 0.2322 0
T 2835 133.0 0.5826 0 0.2846 0
T 2842 133.0 0.5826 0 0.2846 0
T 2850 133.0 0.5826 0 0.2846 0
T 2858 133.0 0.5879 0 0.3367 0
T 2865 133.0 0.5879 0 0.3367 0
T 2872 133.0 0.5879 0 0.3367 0
T 2880 133.0 0.5966 0 0.3865 0
T 2888 133.0 0.5966 0 0.3865 0
T 2895 133.0 0.5966 0 0.3865 0
T 2902 133.0 0.6029 0 0.4362 0
T 2910 133.0 0.6029 0 0.4362 0
T 2918 133.0 0.6029 0 0.4362 0
T 2925 133.0 0.6088 0 0.4881 0
T 2932 133.0 0.6088 0 0.4881 0
T 2940 133.0 0.6088 0 0.4881 0
T 2948 133.0 0.6142 0 0.5399 0
T 2955 133.0 0.6142 0 0.5399 0
T 2962 133.0 0.6142 0 0.5399 0
T 2970 133.0 0.6147 0 0.5893 0
T 2978 133.0 0.6147 0 0.5893 0
T 2985 133.0 0.6147 0 0.5893 0
T 2992 133.0 0.6208 0 0.6387 0
T 3000 133.0 0.6208 0 0.6387 0
T 3008 133.0 0.6208 0 0.6387 0
T 3015 133.0 0.6265 0 0.6903 0
T 3022 133.0 0.6265 0 0.6903 0
T 3030 133.0 0.6265 0 0.6903 0
T 3038 133.0 0.6318 0 0.7418 0
T 3045 133.0 0.6318 0 0.7418 0
T 3052 133.0 0.6318 0 0.7418 0
T 3060 133.0 0.6364 0 0.7910 0
T 3068 133.0 0.6364 0 0.7910 0
T 3075 133.0 0.6364 0 0.7910 0
T 3082 133.0 0.6367 0 0.8402 0
T 3090 133.0 0.6367 0 0.8402 0
T 3098 133.0 0.6367 0 0.8402 0
T 3105 133.0 0.6390 0 0.8915 0
T 3112 133.0 0.6390 0 0.8915 0
T 3120 133.0 0.6390 0 0.8915 0
T 3128 133.0 0.6412 0 0.9428 0
T 3135 133.0 0.6412 0 0.9428 0
T 3142 133.0 0.6412 0 0.9428 0
T 3150 133.0 0.6433 0 0.9919 0
T 3158 133.0 0.6433 0 0.9919 0
T 3165 133.0 0.6433 0 0.9919 0
T 3172 133.0 0.6454 0 0.0409 0
T 3180 133.0 0.6454 0 0.0409 0
T 3188 133.0 0.6454 0 0.0409 0
T 3195 133.0 0.6472 0 0.0922 0
T 3202 133.0 0.6472 0 0.0922 0
T 3210 133.0 0.6472 0 0.0922 0
T 3218 133.0 0.6505 0 0.1434 0
T 3225 133.0 0.6505 0 0.1434 0
T 3232 133.0 0.6505 0 0.1434 0
T 3240 133.0 0.6534 0 0.1923 0
T 3248 133.0 0.6534 0 0.1923 0
T 3255 133.0 0.6534 0 0.1923 0
T 3262 133.0 0.6562 0 0.2413 0
T 3270 133.0 0.6562 0 0.2413 0
T 3278 133.0 0.6562 0 0.2413 0
T 3285 133.0 0.6591 0 0.2924 0
T 3292 133.0 0.6591 0 0.2924 0
T 3300 133.0 0.6591 0 0.2924 0
T 3308 133.0 0.6625 0 0.3435 0
T 3315 133.0 0.6625 0 0.3435 0
T 3322 133.0 0.6625 0 0.3435 0
T 3330 133.0 0.6658 0 0.3924 0
T 3338 133.0 0.6658 0 0.3924 0
T 3345 133.0 0.6658 0 0.3924 0
T 3352 133.0 0.6688 0 0.4413 0
T 3360 133.0 0.6688 0 0.4413 0
T 3368 133.0 0.6688 0 0.4413 0
T 3375 133.0 0.6718 0 0.4924 0
T 3382 133.0 0.6718 0 0.4924 0
T 3390 133.0 0.6718 0 0.4924 0
T 3398 133.0 0.6741 0 0.5435 0
T 3405 133.0 0.6741 0 0.5435 0
T 3412 133.0 0.6741 0 0.5435 0
T 3420 133.0 0.6764 0 0.5923 0
T 3428 133.0 0.6764 0 0.5923 0
T 3435 133.0 0.6764 0 0.5923 0
T 3442 133.0 0.6796 0 0.6412 0
T 3450 133.0 0.6796 0 0.6412 0
T 3458 133.0 0.6796 0 0.6412 0
T 3465 133.0 0.6828 0 0.6922 0
T 3472 133.0 0.6828 0 0.6922 0
T 3480 133.0 0.6828 0 0.6922 0
T 3488 133.0 0.6858 0 0.7433 0
T 3495 133.0 0.6858 0 0.7433 0
T 3502 133.0 0.6858 0 0.7433 0
T 3510 133.0 0.6886 0 0.7921 0
T 3518 133.0 0.6886 0 0.7921 0
T 3525 133.0 0.6886 0 0.7921 0
T 3532 133.0 0.6908 0 0.8409 0
T 3540 133.0 0.6908 0 0.8409 0
T 3548 133.0 0.6908 0 0.8409 0
T 3555 133.0 0.6929 0 0.8919 0
T 3562 133.0 0.6929 0 0.8919 0
T 3570 133.0 0.6929 0 0.8919 0
T 3578 133.0 0.6950 0 0.9430 0
T 3585 133.0 0.6950 0 0.9430 0
T 3592 133.0 0.6950 0 0.9430 0
T 3600 133.0 0.6969 0 0.9918 0
T 3608 133.0 0.6969 0 0.9918 0
T 3615 133.0 0.6969 0 0.9918 0
T 3622 133.0 0.6979 0 0.0406 0
T 3630 133.0 0.6979 0 0.0406 0
T 3638 133.0 0.6979 0 0.0406 0
T 3645 133.0 0.6994 0 0.0916 0
T 3652 133.0 0.6994 0 0.0916 0
T 3660 133.0 0.6994 0 0.0916 0
T 3668 133.0 0.7007 0 0.1426 0
T 3675 133.0 0.7007 0 0.1426 0
T 3682 133.0 0.7007 0 0.1426 0
T 3690 133.0 0.7019 0 0.1914 0
T 3698 133.0 0.7019 0 0.1914 0
T 3705 133.0 0.7019 0 0.1914 0
T 3712 133.0 0.7031 0 0.2402 0
T 3720 133.0 0.7031 0 0.2402 0
T 3728 133.0 0.7031 0 0.2402 0
T 3735 133.0 0.7046 0 0.2912 0
T 3742 133.0 0.7046 0 0.2912 0
T 3750 133.0 0.7046 0 0.2912 0
T 3758 133.0 0.7066 0 0.3422 0
T 3765 133.0 0.7066 0 0.3422 0
T 3772 133.0 0.7066 0 0.3422 0
T 3780 133.0 0.7083 0 0.3909 0
T 3788 133.0 0.7083 0 0.3909 0
T 3795 133.0 0.7083 0 0.3909 0
T 3802 133.0 0.7099 0 0.4397 0
T 3810 133.0 0.7099 0 0.4397 0
T 3818 133.0 0.7099 0 0.4397 0
T 3825 133.0 0.7116 0 0.4907 0
T 3832 133.0 0.7116 0 0.4907 0
T 3840 133.0 0.7116 0 0.4907 0
T 3848 133.0 0.7134 0 0.5417 0
T 3855 133.0 0.7134 0 0.5417 0
T 3862 133.0 0.7134 0 0.5417 0
T 3870 133.0 0.7158 0 0.5905 0
T 3878 133.0 0.7158 0 0.5905 0
T 3885 133.0 0.7158 0 0.5905 0
T 3892 133.0 0.7181 0 0.6393 0
T 3900 133.0 0.7181 0 0.6393 0
T 3908 133.0 0.7181 0 0.6393 0
T 3915 133.0 0.7203 0 0.6903 0
T 3922 133.0 0.7203 0 0.6903 0
T 3930 133.0 0.7203 0 0.6903 0
T 3938 133.0 0.7224 0 0.7413 0
T 3945 133.0 0.7224 0 0.7413 0
T 3952 133.0 0.7224 0 0.7413 0
T 3960 133.0 0.7245 0 0.7900 0
T 3968 133.0 0.7245 0 0.7900 0
T 3975 133.0 0.7245 0 0.7900 0
T 3982 133.0 0.7266 0 0.8388 0
T 3990 133.0 0.7266 0 0.8388 0
T 3998 133.0 0.7266 0 0.8388 0
T 4005 133.0 0.7285 0 0.8898 0
T 4012 133.0 0.7285 0 0.8898 0
T 4020 133.0 0.7285 0 0.8898 0
T 4028 133.0 0.7303 0 0.9408 0
T 4035 133.0 0.7303 0 0.9408 0
T 4042 133.0 0.7303 0 0.9408 0
T 4050 133.0 0.7320 0 0.9895 0
T 4058 133.0 0.7320 0 0.9895 0
T 4065 133.0 0.7320 0 0.9895 0
T 4072 133.0 0.7337 0 0.0383 0
T 4080 133.0 0.7337 0 0.0383 0
T 4088 133.0 0.7337 0 0.0383 0
T 4095 133.0 0.7373 0 0.0893 0
T 4102 133.0 0.7373 0 0.0893 0
T 4110 133.0 0.7373 0 0.0893 0
T 4118 133.0 0.7405 0 0.1403 0
T 4125 133.0 0.7405 0 0.1403 0
T 4132 133.0 0.7405 0 0.1403 0
T 4140 133.0 0.7433 0 0.1891 0
T 4148 133.0 0.7433 0 0.1891 0
T 4155 133.0 0.7433 0 0.1891 0
T 4162 133.0 0.7459 0 0.2378 0
T 4170 133.0 0.7459 0 0.2378 0
T 4178 133.0 0.7459 0 0.2378 0
T 4185 133.0 0.7477 0 0.2888 0
T 4192 133.0 0.7477 0 0.2888 0
T 4200 133.0 0.7477 0 0.2888 0
T 4208 133.0 0.7512 0 0.3398 0
T 4215 133.0 0.7512 0 0.3398 0
T 4222 133.0 0.7512 0 0.3398 0
T 4230 133.0 0.7541 0 0.3886 0
T 4238 133.0 0.7541 0 0.3886 0
T 4245 133.0 0.7541 0 0.3886 0
T 4252 133.0 0.7568 0 0.4373 0
T 4260 133.0 0.7568 0 0.4373 0
T 4268 133.0 0.7568 0 0.4373 0
T 4275 133.0 0.7594 0 0.4883 0
T 4282 133.0 0.7594 0 0.4883 0
T 4290 133.0 0.7594 0 0.4883 0
T 4298 133.0 0.7584 0 0.5393 0
T 4305 133.0 0.7584 0 0.5393 0
T 4312 133.0 0.7584 0 0.5393 0
T 4320 133.0 0.7610 0 0.5881 0
T 4328 133.0 0.7610 0 0.5881 0
T 4335 133.0 0.7610 0 0.5881 0
T 4342 133.0 0.7632 0 0.6368 0
T 4350 133.0 0.7632 0 0.6368 0
T 4358 133.0 0.7632 0 0.6368 0
T 4365 133.0 0.7654 0 0.6878 0
T 4372 133.0 0.7654 0 0.6878 0
T 4380 133.0 0.7654 0 0.6878 0
T 4388 133.0 0.7674 0 0.7388 0
T 4395 133.0 0.7674 0 0.7388 0
T 4402 133.0 0.7674 0 0.7388 0
T 4410 133.0 0.7682 0 0.7876 0
T 4418 133.0 0.7682 0 0.7876 0
T 4425 133.0 0.7682 0 0.7876 0
T 4432 133.0 0.7697 0 0.8363 0
T 4440 133.0 0.7697 0 0.8363 0
T 4448 133.0 0.7697 0 0.8363 0
T 4455 133.0 0.7712 0 0.8873 0
T 4462 133.0 0.7712 0 0.8873 0
T 4470 133.0 0.7712 0 0.8873 0
T 4478 133.0 0.7726 0 0.9383 0
T 4485 133.0 0.7726 0 0.9383 0
T 4492 133.0 0.7726 0 0.9383 0
T 4500 133.0 0.7739 0 0.9871 0
T 4508 133.0 0.7739 0 0.9871 0
T 4515 133.0 0.7739 0 0.9871 0
T 4522 133.0 0.7724 0 0.0359 0
T 4530 133.0 0.7724 0 0.0359 0
T 4538 133.0 0.7724 0 0.0359 0
T 4545 133.0 0.7739 0 0.0868 0
T 4552 133.0 0.7739 0 0.0868 0
T 4560 133.0 0.7739 0 0.0868 0
T 4568 133.0 0.7754 0 0.1378 0
T 4575 133.0 0.7754 0 0.1378 0
T 4582 133.0 0.7754 0 0.1378 0
T 4590 133.0 0.7767 0 0.1866 0
T 4598 133.0 0.7767 0 0.1866 0
T 4605 133.0 0.7767 0 0.1866 0
T 4612 108.0 0.7576 0 0.2344 0
T 4620 108.0 0.7576 0 0.2344 0
T 4628 108.0 0.7576 0 0.2344 0
T 4635 108.0 0.7414 0 0.2773 0
T 4642 108.0 0.7414 0 0.2773 0
T 4650 108.0 0.7414 0 0.2773 0
T 4658 108.0 0.7289 0 0.3201 0
T 4665 108.0 0.7289 0 0.3201 0
T 4672 108.0 0.7289 0 0.3201 0
T 4680 108.0 0.7186 0 0.3608 0
T 4688 108.0 0.7186 0 0.3608 0
T 4695 108.0 0.7186 0 0.3608 0
T 4702 108.0 0.7100 0 0.4015 0
T 4710 108.0 0.7100 0 0.4015 0
T 4718 108.0 0.7100 0 0.4015 0
T 4725 108.0 0.7025 0 0.4438 0
T 4732 108.0 0.7025 0 0.4438 0
T 4740 108.0 0.7025 0 0.4438 0
T 4748 108.0 0.6961 0 0.4861 0
T 4755 108.0 0.6961 0 0.4861 0
T 4762 108.0 0.6961 0 0.4861 0
T 4770 108.0 0.6908 0 0.5265 0
T 4778 108.0 0.6908 0 0.5265 0
T 4785 108.0 0.6908 0 0.5265 0
T 4792 108.0 0.6865 0 0.5668 0
T 4800 108.0 0.6865 0 0.5668 0
T 4808 108.0 0.6865 0 0.5668 0
T 4815 108.0 0.6828 0 0.6088 0
T 4822 108.0 0.6828 0 0.6088 0
T 4830 108.0 0.6828 0 0.6088 0
T 4838 108.0 0.6797 0 0.6508 0
T 4845 108.0 0.6797 0 0.6508 0
T 4852 108.0 0.6797 0 0.6508 0
T 4860 108.0 0.6789 0 0.6909 0
T 4868 108.0 0.6789 0 0.6909 0
T 4875 108.0 0.6789 0 0.6909 0
T 4882 108.0 0.6789 0 0.7309 0
T 4890 108.0 0.6789 0 0.7309 0
T 4898 108.0 0.6789 0 0.7309 0
T 4905 108.0 0.6791 0 0.7727 0
T 4912 108.0 0.6791 0 0.7727 0
T 4920 108.0 0.6791 0 0.7727 0
T 4928 108.0 0.6795 0 0.8145 0
T 4935 108.0 0.6795 0 0.8145 0
T 4942 108.0 0.6795 0 0.8145 0
T 4950 108.0 0.6800 0 0.8544 0
T 4958 108.0 0.6800 0 0.8544 0
T 4965 108.0 0.6800 0 0.8544 0
T 4972 108.0 0.6804 0 0.8943 0
T 4980 108.0 0.6804 0 0.8943 0
T 4988 108.0 0.6804 0 0.8943 0
T 4995 108.0 0.6807 0 0.9360 0
T 5002 108.0 0.6807 0 0.9360 0
T 5010 108.0 0.6807 0 0.9360 0
T 5018 108.0 0.6811 0 0.9777 0
T 5025 108.0 0.6811 0 0.9777 0
T 5032 108.0 0.6811 0 0.9777 0
T 5040 108.0 0.6817 0 0.0175 0
T 5048 108.0 0.6817 0 0.0175 0
T 5055 108.0 0.6817 0 0.0175 0
T 5062 108.0 0.6824 0 0.0573 0
T 5070 108.0 0.6824 0 0.0573 0
T 5078 108.0 0.6824 0 0.0573 0
T 5085 108.0 0.6840 0 0.0989 0
T 5092 108.0 0.6840 0 0.0989 0
T 5100 108.0 0.6840 0 0.0989 0
T 5108 108.0 0.6854 0 0.1404 0
T 5115 108.0 0.6854 0 0.1404 0
T 5122 108.0 0.6854 0 0.1404 0
T 5130 108.0 0.6867 0 0.1802 0
T 5138 108.0 0.6867 0 0.1802 0
T 5145 108.0 0.6867 0 0.1802 0
T 5152 108.0 0.6880 0 0.2199 0
T 5160 108.0 0.6880 0 0.2199 0
T 5168 108.0 0.6880 0 0.2199 0
T 5175 108.0 0.6893 0 0.2614 0
T 5182 108.0 0.6893 0 0.2614 0
T 5190 108.0 0.6893 0 0.2614 0
T 5198 108.0 0.6912 0 0.3029 0
T 5205 108.0 0.6912 0 0.3029 0
T 5212 108.0 0.6912 0 0.3029 0
T 5220 108.0 0.6924 0 0.3426 0
T 5228 108.0 0.6924 0 0.3426 0
T 5235 108.0 0.6924 0 0.3426 0
T 5242 108.0 0.6936 0 0.3823 0
T 5250 108.0 0.6936 0 0.3823 0
T 5258 108.0 0.6936 0 0.3823 0
T 5265 108.0 0.6949 0 0.4238 0
T 5272 108.0 0.6949 0 0.4238 0
T 5280 108.0 0.6949 0 0.4238 0
T 5288 108.0 0.6960 0 0.4652 0
T 5295 108.0 0.6960 0 0.4652 0
T 5302 108.0 0.6960 0 0.4652 0
T 5310 108.0 0.6981 0 0.5049 0
T 5318 108.0 0.6981 0 0.5049 0
T 5325 108.0 0.6981 0 0.5049 0
T 5332 108.0 0.7000 0 0.5445 0
T 5340 108.0 0.7000 0 0.5445 0
T 5348 108.0 0.7000 0 0.5445 0
T 5355 108.0 0.7018 0 0.5860 0
T 5362 108.0 0.7018 0 0.5860 0
T 5370 108.0 0.7018 0 0.5860 0
T 5378 108.0 0.7035 0 0.6274 0
T 5385 108.0 0.7035 0 0.6274 0
T 5392 108.0 0.7035 0 0.6274 0
T 5400 108.0 0.7049 0 0.6671 0
T 5408 108.0 0.7049 0 0.6671 0
T 5415 108.0 0.7049 0 0.6671 0
T 5422 108.0 0.7062 0 0.7067 0
T 5430 108.0 0.7062 0 0.7067 0
T 5438 108.0 0.7062 0 0.7067 0
T 5445 108.0 0.7075 0 0.7482 0
T 5452 108.0 0.7075 0 0.7482 0
T 5460 108.0 0.7075 0 0.7482 0
T 5468 108.0 0.7086 0 0.7896 0
T 5475 108.0 0.7086 0 0.7896 0
T 5482 108.0 0.7086 0 0.7896 0
T 5490 108.0 0.7095 0 0.8292 0
T 5498 108.0 0.7095 0 0.8292 0
T 5505 108.0 0.7095 0 0.8292 0
T 5512 108.0 0.7103 0 0.8688 0
T 5520 108.0 0.7103 0 0.8688 0
T 5528 108.0 0.7103 0 0.8688 0
T 5535 108.0 0.7111 0 0.9103 0
T 5542 108.0 0.7111 0 0.9103 0
T 5550 108.0 0.7111 0 0.9103 0
T 5558 108.0 0.7119 0 0.9517 0
T 5565 108.0 0.7119 0 0.9517 0
T 5572 108.0 0.7119 0 0.9517 0
T 5580 108.0 0.7126 0 0.9913 0
T 5588 108.0 0.7126 0 0.9913 0
T 5595 108.0 0.7126 0 0.9913 0
T 5602 108.0 0.7133 0 0.0309 0
T 5610 108.0 0.7133 0 0.0309 0
T 5618 108.0 0.7133 0 0.0309 0
T 5625 108.0 0.7141 0 0.0723 0
T 5632 108.0 0.7141 0 0.0723 0
T 5640 108.0 0.7141 0 0.0723 0
T 5648 108.0 0.7149 0 0.1137 0
T 5655 108.0 0.7149 0 0.1137 0
T 5662 108.0 0.7149 0 0.1137 0
T 5670 108.0 0.7154 0 0.1533 0
T 5678 108.0 0.7154 0 0.1533 0
T 5685 108.0 0.7154 0 0.1533 0
T 5692 108.0 0.7159 0 0.1930 0
T 5700 108.0 0.7159 0 0.1930 0
T 5708 108.0 0.7159 0 0.1930 0
T 5715 108.0 0.7165 0 0.2344 0
T 5722 108.0 0.7165 0 0.2344 0
T 5730 108.0 0.7165 0 0.2344 0
T 5738 108.0 0.7170 0 0.2758 0
T 5745 108.0 0.7170 0 0.2758 0
T 5752 108.0 0.7170 0 0.2758 0
T 5760 108.0 0.7182 0 0.3154 0
T 5768 108.0 0.7182 0 0.3154 0
T 5775 108.0 0.7182 0 0.3154 0
T 5782 108.0 0.7193 0 0.3550 0
T 5790 108.0 0.7193 0 0.3550 0
T 5798 108.0 0.7193 0 0.3550 0
T 5805 108.0 0.7203 0 0.3964 0
T 5812 108.0 0.7203 0 0.3964 0
T 5820 108.0 0.7203 0 0.3964 0
T 5828 108.0 0.7213 0 0.4378 0
T 5835 108.0 0.7213 0 0.4378 0
T 5842 108.0 0.7213 0 0.4378 0
T 5850 108.0 0.7222 0 0.4774 0
T 5858 108.0 0.7222 0 0.4774 0
T 5865 108.0 0.7222 0 0.4774 0
T 5872 108.0 0.7232 0 0.5170 0
T 5880 108.0 0.7232 0 0.5170 0
T 5888 108.0 0.7232 0 0.5170 0
T 5895 108.0 0.7242 0 0.5584 0
T 5902 108.0 0.7242 0 0.5584 0
T 5910 108.0 0.7242 0 0.5584 0
T 5918 108.0 0.7250 0 0.5998 0
T 5925 108.0 0.7250 0 0.5998 0
T 5932 108.0 0.7250 0 0.5998 0
T 5940 108.0 0.7258 0 0.6394 0
T 5948 108.0 0.7258 0 0.6394 0
T 5955 108.0 0.7258 0 0.6394 0
T 5962 108.0 0.7265 0 0.6790 0
T 5970 108.0 0.7265 0 0.6790 0
T 5978 108.0 0.7265 0 0.6790 0
T 5985 108.0 0.7274 0 0.7204 0
T 5992 108.0 0.7274 0 0.7204 0
T 6000 108.0 0.7274 0 0.7204 0
T 6008 108.0 0.7283 0 0.7618 0
T 6015 108.0 0.7283 0 0.7618 0
T 6022 108.0 0.7283 0 0.7618 0
T 6030 108.0 0.7290 0 0.8014 0
T 6038 108.0 0.7290 0 0.8014 0
T 6045 108.0 0.7290 0 0.8014 0
T 6052 108.0 0.7296 0 0.8410 0
T 6060 108.0 0.7296 0 0.8410 0
T 6068 108.0 0.7296 0 0.8410 0
T 6075 108.0 0.7302 0 0.8824 0
T 6082 108.0 0.7302 0 0.8824 0
T 6090 108.0 0.7302 0 0.8824 0
T 6098 108.0 0.7305 0 0.9238 0
T 6105 108.0 0.7305 0 0.9238 0
T 6112 108.0 0.7305 0 0.9238 0
T 6120 108.0 0.7309 0 0.9634 0
T 6128 108.0 0.7309 0 0.9634 0
T 6135 108.0 0.7309 0 0.9634 0
T 6142 108.0 0.7312 0 0.0030 0
T 6150 108.0 0.7312 0 0.0030 0
T 6158 108.0 0.7312 0 0.0030 0
T 6165 108.0 0.7316 0 0.0444 0
T 6172 108.0 0.7316 0 0.0444 0
T 6180 108.0 0.7316 0 0.0444 0
T 6188 108.0 0.7321 0 0.0858 0
T 6195 108.0 0.7321 0 0.0858 0
T 6202 108.0 0.7321 0 0.0858 0
T 6210 108.0 0.7332 0 0.1254 0
T 6218 108.0 0.7332 0 0.1254 0
T 6225 108.0 0.7332 0 0.1254 0
T 6232 108.0 0.7342 0 0.1650 0
T 6240 108.0 0.7342 0 0.1650 0
T 6248 108.0 0.7342 0 0.1650 0
T 6255 108.0 0.7351 0 0.2064 0
T 6262 108.0 0.7351 0 0.2064 0
T 6270 108.0 0.7351 0 0.2064 0
T 6278 108.0 0.7359 0 0.2478 0
T 6285 108.0 0.7359 0 0.2478 0
T 6292 108.0 0.7359 0 0.2478 0
T 6300 108.0 0.7364 0 0.2874 0
T 6308 108.0 0.7364 0 0.2874 0
T 6315 108.0 0.7364 0 0.2874 0
T 6322 108.0 0.7369 0 0.3270 0
T 6330 108.0 0.7369 0 0.3270 0
T 6338 108.0 0.7369 0 0.3270 0
T 6345 108.0 0.7374 0 0.3684 0
T 6352 108.0 0.7374 0 0.3684 0
T 6360 108.0 0.7374 0 0.3684 0
T 6368 108.0 0.7378 0 0.4098 0
T 6375 108.0 0.7378 0 0.4098 0
T 6382 108.0 0.7378 0 0.4098 0
T 6390 108.0 0.7383 0 0.4494 0
T 6398 108.0 0.7383 0 0.4494 0
T 6405 108.0 0.7383 0 0.4494 0
T 6412 108.0 0.7383 0 0.4890 0
T 6420 108.0 0.7383 0 0.4890 0
T 6428 108.0 0.7383 0 0.4890 0
T 6435 108.0 0.7382 0 0.5304 0
T 6442 108.0 0.7382 0 0.5304 0
T 6450 108.0 0.7382 0 0.5304 0
T 6458 108.0 0.7383 0 0.5718 0
T 6465 108.0 0.7383 0 0.5718 0
T 6472 108.0 0.7383 0 0.5718 0
T 6480 108.0 0.7384 0 0.6114 0
T 6488 108.0 0.7384 0 0.6114 0
T 6495 108.0 0.7384 0 0.6114 0
T 6502 108.0 0.7385 0 0.6510 0
T 6510 108.0 0.7385 0 0.6510 0
T 6518 108.0 0.7385 0 0.6510 0
T 6525 108.0 0.7389 0 0.6924 0
T 6532 108.0 0.7389 0 0.6924 0
T 6540 108.0 0.7389 0 0.6924 0
T 6548 108.0 0.7391 0 0.7338 0
T 6555 108.0 0.7391 0 0.7338 0
T 6562 108.0 0.7391 0 0.7338 0
T 6570 108.0 0.7394 0 0.7734 0
T 6578 108.0 0.7394 0 0.7734 0
T 6585 108.0 0.7394 0 0.7734 0
T 6592 108.0 0.7397 0 0.8130 0
T 6600 108.0 0.7397 0 0.8130 0
T 6608 108.0 0.7397 0 0.8130 0
T 6615 108.0 0.7400 0 0.8544 0
T 6622 108.0 0.7400 0 0.8544 0
T 6630 108.0 0.7400 0 0.8544 0
T 6638 108.0 0.7411 0 0.8958 0
T 6645 108.0 0.7411 0 0.8958 0
T 6652 108.0 0.7411 0 0.8958 0
T 6660 108.0 0.7423 0 0.9354 0
T 6668 108.0 0.7423 0 0.9354 0
T 6675 108.0 0.7423 0 0.9354 0
T 6682 108.0 0.7434 0 0.9750 0
T 6690 108.0 0.7434 0 0.9750 0
T 6698 108.0 0.7434 0 0.9750 0
T 6705 108.0 0.7444 0 0.0164 0
T 6712 108.0 0.7444 0 0.0164 0
T 6720 108.0 0.7444 0 0.0164 0
T 6728 108.0 0.7454 0 0.0578 0
T 6735 108.0 0.7454 0 0.0578 0
T 6742 108.0 0.7454 0 0.0578 0
T 6750 108.0 0.7456 0 0.0974 0
T 6758 108.0 0.7456 0 0.0974 0
T 6765 108.0 0.7456 0 0.0974 0
T 6772 108.0 0.7457 0 0.1370 0
T 6780 108.0 0.7457 0 0.1370 0
T 6788 108.0 0.7457 0 0.1370 0
T 6795 108.0 0.7458 0 0.1784 0
T 6802 108.0 0.7458 0 0.1784 0
T 6810 108.0 0.7458 0 0.1784 0
T 6818 108.0 0.7460 0 0.2198 0
T 6825 108.0 0.7460 0 0.2198 0
T 6832 108.0 0.7460 0 0.2198 0
T 6840 108.0 0.7463 0 0.2594 0
T 6848 108.0 0.7463 0 0.2594 0
T 6855 108.0 0.7463 0 0.2594 0
T 6862 108.0 0.7469 0 0.2990 0
T 6870 108.0 0.7469 0 0.2990 0
T 6878 108.0 0.7469 0 0.2990 0
T 6885 108.0 0.7475 0 0.3405 0
T 6892 108.0 0.7475 0 0.3405 0
T 6900 108.0 0.7475 0 0.3405 0
T 6908 108.0 0.7480 0 0.3819 0
T 6915 108.0 0.7480 0 0.3819 0
T 6922 108.0 0.7480 0 0.3819 0
T 6930 108.0 0.7486 0 0.4215 0
T 6938 108.0 0.7486 0 0.4215 0
T 6945 108.0 0.7486 0 0.4215 0
T 6952 108.0 0.7491 0 0.4611 0
T 6960 108.0 0.7491 0 0.4611 0
T 6968 108.0 0.7491 0 0.4611 0
T 6975 108.0 0.7494 0 0.5025 0
T 6982 108.0 0.7494 0 0.5025 0
T 6990 108.0 0.7494 0 0.5025 0
T 6998 108.0 0.7493 0 0.5439 0
T 7005 108.0 0.7493 0 0.5439 0
T 7012 108.0 0.7493 0 0.5439 0
T 7020 108.0 0.7493 0 0.5835 0
T 7028 108.0 0.7493 0 0.5835 0
T 7035 108.0 0.7493 0 0.5835 0
T 7042 108.0 0.7494 0 0.6231 0
T 7050 108.0 0.7494 0 0.6231 0
T 7058 108.0 0.7494 0 0.6231 0
T 7065 108.0 0.7495 0 0.6645 0
T 7072 108.0 0.7495 0 0.6645 0
T 7080 108.0 0.7495 0 0.6645 0
T 7088 108.0 0.7508 0 0.7059 0
T 7095 108.0 0.7508 0 0.7059 0
T 7102 108.0 0.7508 0 0.7059 0
T 7110 108.0 0.7520 0 0.7455 0
T 7118 108.0 0.7520 0 0.7455 0
T 7125 108.0 0.7520 0 0.7455 0
T 7132 108.0 0.7530 0 0.7851 0
T 7140 108.0 0.7530 0 0.7851 0
T 7148 108.0 0.7530 0 0.7851 0
T 7155 108.0 0.7540 0 0.8265 0
T 7162 108.0 0.7540 0 0.8265 0
T 7170 108.0 0.7540 0 0.8265 0
T 7178 108.0 0.7550 0 0.8679 0
T 7185 108.0 0.7550 0 0.8679 0
T 7192 108.0 0.7550 0 0.8679 0
T 7200 108.0 0.7552 0 0.9075 0
T 7208 108.0 0.7552 0 0.9075 0
T 7215 108.0 0.7552 0 0.9075 0
T 7222 108.0 0.7555 0 0.9471 0
T 7230 108.0 0.7555 0 0.9471 0
T 7238 108.0 0.7555 0 0.9471 0
T 7245 108.0 0.7558 0 0.9885 0
T 7252 108.0 0.7558 0 0.9885 0
T 7260 108.0 0.7558 0 0.9885 0
T 7268 108.0 0.7562 0 0.0299 0
T 7275 108.0 0.7562 0 0.0299 0
T 7282 108.0 0.7562 0 0.0299 0
T 7290 108.0 0.7566 0 0.0695 0
T 7298 108.0 0.7566 0 0.0695 0
T 7305 108.0 0.7566 0 0.0695 0
T 7312 108.0 0.7570 0 0.1091 0
T 7320 108.0 0.7570 0 0.1091 0
T 7328 108.0 0.7570 0 0.1091 0
T 7335 108.0 0.7574 0 0.1505 0
T 7342 108.0 0.7574 0 0.1505 0
T 7350 108.0 0.7574 0 0.1505 0
T 7358 108.0 0.7578 0 0.1919 0
T 7365 108.0 0.7578 0 0.1919 0
T 7372 108.0 0.7578 0 0.1919 0
T 7380 108.0 0.7582 0 0.2315 0
T 7388 108.0 0.7582 0 0.2315 0
T 7395 108.0 0.7582 0 0.2315 0
T 7402 108.0 0.7587 0 0.2711 0
T 7410 108.0 0.7587 0 0.2711 0
T 7418 108.0 0.7587 0 0.2711 0
T 7425 108.0 0.7591 0 0.3125 0
T 7432 108.0 0.7591 0 0.3125 0
T 7440 108.0 0.7591 0 0.3125 0
T 7448 108.0 0.7595 0 0.3539 0
T 7455 108.0 0.7595 0 0.3539 0
T 7462 108.0 0.7595 0 0.3539 0
T 7470 108.0 0.7599 0 0.3935 0
T 7478 108.0 0.7599 0 0.3935 0
T 7485 108.0 0.7599 0 0.3935 0
T 7492 108.0 0.7603 0 0.4331 0
T 7500 108.0 0.7603 0 0.4331 0
T 7508 108.0 0.7603 0 0.4331 0
T 7515 108.0 0.7607 0 0.4745 0
T 7522 108.0 0.7607 0 0.4745 0
T 7530 108.0 0.7607 0 0.4745 0
T 7538 108.0 0.7617 0 0.5159 0
T 7545 108.0 0.7617 0 0.5159 0
T 7552 108.0 0.7617 0 0.5159 0
T 7560 108.0 0.7626 0 0.5555 0
T 7568 108.0 0.7626 0 0.5555 0
T 7575 108.0 0.7626 0 0.5555 0
T 7582 108.0 0.7633 0 0.5951 0
T 7590 108.0 0.7633 0 0.5951 0
T 7598 108.0 0.7633 0 0.5951 0
T 7605 108.0 0.7641 0 0.6365 0
T 7612 108.0 0.7641 0 0.6365 0
T 7620 108.0 0.7641 0 0.6365 0
T 7628 108.0 0.7648 0 0.6779 0
T 7635 108.0 0.7648 0 0.6779 0
T 7642 108.0 0.7648 0 0.6779 0
T 7650 108.0 0.7654 0 0.7175 0
T 7658 108.0 0.7654 0 0.7175 0
T 7665 108.0 0.7654 0 0.7175 0
T 7672 108.0 0.7659 0 0.7571 0
T 7680 108.0 0.7659 0 0.7571 0
T 7688 108.0 0.7659 0 0.7571 0
T 7695 108.0 0.7663 0 0.7985 0
T 7702 108.0 0.7663 0 0.7985 0
T 7710 108.0 0.7663 0 0.7985 0
T 7718 108.0 0.7668 0 0.8399 0
T 7725 108.0 0.7668 0 0.8399 0
T 7732 108.0 0.7668 0 0.8399 0
T 7740 108.0 0.7673 0 0.8795 0
T 7748 108.0 0.7673 0 0.8795 0
T 7755 108.0 0.7673 0 0.8795 0
T 7762 108.0 0.7678 0 0.9191 0
T 7770 108.0 0.7678 0 0.9191 0
T 7778 108.0 0.7678 0 0.9191 0
T 7785 108.0 0.7685 0 0.9605 0
T 7792 108.0 0.7685 0 0.9605 0
T 7800 108.0 0.7685 0 0.9605 0
T 7808 108.0 0.7690 0 0.0019 0
T 7815 108.0 0.7690 0 0.0019 0
T 7822 108.0 0.7690 0 0.0019 0
T 7830 108.0 0.7695 0 0.0415 0
T 7838 108.0 0.7695 0 0.0415 0
T 7845 108.0 0.7695 0 0.0415 0
T 7852 108.0 0.7699 0 0.0811 0
T 7860 108.0 0.7699 0 0.0811 0
T 7868 108.0 0.7699 0 0.0811 0
T 7875 108.0 0.7703 0 0.1225 0
T 7882 108.0 0.7703 0 0.1225 0
T 7890 108.0 0.7703 0 0.1225 0
T 7898 108.0 0.7707 0 0.1639 0
T 7905 108.0 0.7707 0 0.1639 0
T 7912 108.0 0.7707 0 0.1639 0
T 7920 108.0 0.7710 0 0.2035 0
T 7928 108.0 0.7710 0 0.2035 0
T 7935 108.0 0.7710 0 0.2035 0
T 7942 108.0 0.7713 0 0.2431 0
T 7950 108.0 0.7713 0 0.2431 0
T 7958 108.0 0.7713 0 0.2431 0
T 7965 108.0 0.7718 0 0.2845 0
T 7972 108.0 0.7718 0 0.2845 0
T 7980 108.0 0.7718 0 0.2845 0
T 7988 108.0 0.7726 0 0.3259 0
T 7995 108.0 0.7726 0 0.3259 0
T 8002 108.0 0.7726 0 0.3259 0
T 8010 108.0 0.7733 0 0.3655 0
T 8018 108.0 0.7733 0 0.3655 0
T 8025 108.0 0.7733 0 0.3655 0
T 8032 108.0 0.7739 0 0.4051 0
T 8040 108.0 0.7739 0 0.4051 0
T 8048 108.0 0.7739 0 0.4051 0
T 8055 108.0 0.7745 0 0.4465 0
T 8062 108.0 0.7745 0 0.4465 0
T 8070 108.0 0.7745 0 0.4465 0
T 8078 108.0 0.7750 0 0.4879 0
T 8085 108.0 0.7750 0 0.4879 0
T 8092 108.0 0.7750 0 0.4879 0
T 8100 108.0 0.7752 0 0.5275 0
T 8108 108.0 0.7752 0 0.5275 0
T 8115 108.0 0.7752 0 0.5275 0
T 8122 108.0 0.7755 0 0.5671 0
T 8130 108.0 0.7755 0 0.5671 0
T 8138 108.0 0.7755 0 0.5671 0
T 8145 108.0 0.7758 0 0.6085 0
T 8152 108.0 0.7758 0 0.6085 0
T 8160 108.0 0.7758 0 0.6085 0
T 8168 108.0 0.7761 0 0.6499 0
T 8175 108.0 0.7761 0 0.6499 0
T 8182 108.0 0.7761 0 0.6499 0
T 8190 108.0 0.7762 0 0.6895 0
T 8198 108.0 0.7762 0 0.6895 0
T 8205 108.0 0.7762 0 0.6895 0
T 8212 108.0 0.7764 0 0.7291 0
T 8220 108.0 0.7764 0 0.7291 0
T 8228 108.0 0.7764 0 0.7291 0
T 8235 108.0 0.7766 0 0.7705 0
T 8242 108.0 0.7766 0 0.7705 0
T 8250 108.0 0.7766 0 0.7705 0
T 8258 108.0 0.7768 0 0.8119 0
T 8265 108.0 0.7768 0 0.8119 0
T 8272 108.0 0.7768 0 0.8119 0
T 8280 108.0 0.7770 0 0.8515 0
T 8288 108.0 0.7770 0 0.8515 0
T 8295 108.0 0.7770 0 0.8515 0
T 8302 108.0 0.7771 0 0.8911 0
T 8310 108.0 0.7771 0 0.8911 0
T 8318 108.0 0.7771 0 0.8911 0
T 8325 108.0 0.7772 0 0.9325 0
T 8332 108.0 0.7772 0 0.9325 0
T 8340 108.0 0.7772 0 0.9325 0
T 8348 108.0 0.7774 0 0.9739 0
T 8355 108.0 0.7774 0 0.9739 0
T 8362 108.0 0.7774 0 0.9739 0
T 8370 108.0 0.7775 0 0.0135 0
T 8378 108.0 0.7775 0 0.0135 0
T 8385 108.0 0.7775 0 0.0135 0
T 8392 108.0 0.7776 0 0.0531 0
T 8400 108.0 0.7776 0 0.0531 0
T 8408 108.0 0.7776 0 0.0531 0
T 8415 108.0 0.7784 0 0.0945 0
T 8422 108.0 0.7784 0 0.0945 0
T 8430 108.0 0.7784 0 0.0945 0
T 8438 108.0 0.7793 0 0.1359 0
T 8445 108.0 0.7793 0 0.1359 0
T 8452 108.0 0.7793 0 0.1359 0
T 8460 108.0 0.7801 0 0.1755 0
T 8468 108.0 0.7801 0 0.1755 0
T 8475 108.0 0.7801 0 0.1755 0
T 8482 108.0 0.7807 0 0.2151 0
T 8490 108.0 0.7807 0 0.2151 0
T 8498 108.0 0.7807 0 0.2151 0
T 8505 108.0 0.7815 0 0.2565 0
T 8512 108.0 0.7815 0 0.2565 0
T 8520 108.0 0.7815 0 0.2565 0
T 8528 108.0 0.7816 0 0.2979 0
T 8535 108.0 0.7816 0 0.2979 0
T 8542 108.0 0.7816 0 0.2979 0
T 8550 108.0 0.7816 0 0.3375 0
T 8558 108.0 0.7816 0 0.3375 0
T 8565 108.0 0.7816 0 0.3375 0
T 8572 108.0 0.7817 0 0.3771 0
T 8580 108.0 0.7817 0 0.3771 0
T 8588 108.0 0.7817 0 0.3771 0
T 8595 108.0 0.7818 0 0.4185 0
T 8602 108.0 0.7818 0 0.4185 0
T 8610 108.0 0.7818 0 0.4185 0
T 8618 108.0 0.7819 0 0.4599 0
T 8625 108.0 0.7819 0 0.4599 0
T 8632 108.0 0.7819 0 0.4599 0
T 8640 108.0 0.7822 0 0.4995 0
T 8648 108.0 0.7822 0 0.4995 0
T 8655 108.0 0.7822 0 0.4995 0
T 8662 108.0 0.7825 0 0.5391 0
T 8670 108.0 0.7825 0 0.5391 0
T 8678 108.0 0.7825 0 0.5391 0
T 8685 108.0 0.7827 0 0.5805 0
T 8692 108.0 0.7827 0 0.5805 0
T 8700 108.0 0.7827 0 0.5805 0
T 8708 108.0 0.7830 0 0.6219 0
T 8715 108.0 0.7830 0 0.6219 0
T 8722 108.0 0.7830 0 0.6219 0
T 8730 108.0 0.7833 0 0.6615 0
T 8738 108.0 0.7833 0 0.6615 0
T 8745 108.0 0.7833 0 0.6615 0
T 8752 108.0 0.7833 0 0.7011 0
T 8760 108.0 0.7833 0 0.7011 0
T 8768 108.0 0.7833 0 0.7011 0
T 8775 108.0 0.7832 0 0.7425 0
T 8782 108.0 0.7832 0 0.7425 0
T 8790 108.0 0.7832 0 0.7425 0
T 8798 108.0 0.7831 0 0.7839 0
T 8805 108.0 0.7831 0 0.7839 0
T 8812 108.0 0.7831 0 0.7839 0
T 8820 108.0 0.7831 0 0.8235 0
T 8828 108.0 0.7831 0 0.8235 0
T 8835 108.0 0.7831 0 0.8235 0
T 8842 108.0 0.7830 0 0.8631 0
T 8850 108.0 0.7830 0 0.8631 0
T 8858 108.0 0.7830 0 0.8631 0
T 8865 108.0 0.7838 0 0.9045 0
T 8872 108.0 0.7838 0 0.9045 0
T 8880 108.0 0.7838 0 0.9045 0
T 8888 108.0 0.7844 0 0.9459 0
T 8895 108.0 0.7844 0 0.9459 0
T 8902 108.0 0.7844 0 0.9459 0
T 8910 108.0 0.7850 0 0.9855 0
T 8918 108.0 0.7850 0 0.9855 0
T 8925 108.0 0.7850 0 0.9855 0
T 8932 108.0 0.7855 0 0.0251 0
T 8940 108.0 0.7855 0 0.0251 0
T 8948 108.0 0.7855 0 0.0251 0
T 8955 108.0 0.7861 0 0.0665 0
T 8962 108.0 0.7861 0 0.0665 0
T 8970 108.0 0.7861 0 0.0665 0
T 8978 108.0 0.7860 0 0.1079 0
T 8985 108.0 0.7860 0 0.1079 0
T 8992 108.0 0.7860 0 0.1079 0
T 9000 108.0 0.7861 0 0.1475 0
T 9008 108.0 0.7861 0 0.1475 0
T 9015 108.0 0.7861 0 0.1475 0
T 9022 108.0 0.7862 0 0.1871 0
T 9030 108.0 0.7862 0 0.1871 0
T 9038 108.0 0.7862 0 0.1871 0
T 9045 108.0 0.7863 0 0.2285 0
T 9052 108.0 0.7863 0 0.2285 0
T 9060 108.0 0.7863 0 0.2285 0
T 9068 108.0 0.7864 0 0.2699 0
T 9075 108.0 0.7864 0 0.2699 0
T 9082 108.0 0.7864 0 0.2699 0
T 9090 108.0 0.7867 0 0.3095 0
T 9098 108.0 0.7867 0 0.3095 0
T 9105 108.0 0.7867 0 0.3095 0
T 9112 108.0 0.7870 0 0.3491 0
T 9120 108.0 0.7870 0 0.3491 0
T 9128 108.0 0.7870 0 0.3491 0
T 9135 108.0 0.7874 0 0.3905 0
T 9142 108.0 0.7874 0 0.3905 0
T 9150 108.0 0.7874 0 0.3905 0
T 9158 108.0 0.7877 0 0.4319 0
T 9165 108.0 0.7877 0 0.4319 0
T 9172 108.0 0.7877 0 0.4319 0
T 9180 108.0 0.7881 0 0.4715 0
T 9188 108.0 0.7881 0 0.4715 0
T 9195 108.0 0.7881 0 0.4715 0
T 9202 108.0 0.7880 0 0.5111 0
T 9210 108.0 0.7880 0 0.5111 0
T 9218 108.0 0.7880 0 0.5111 0
T 9225 108.0 0.7880 0 0.5525 0
T 9232 108.0 0.7880 0 0.5525 0
T 9240 108.0 0.7880 0 0.5525 0
T 9248 108.0 0.7881 0 0.5939 0
T 9255 108.0 0.7881 0 0.5939 0
T 9262 108.0 0.7881 0 0.5939 0
T 9270 108.0 0.7882 0 0.6335 0
T 9278 108.0 0.7882 0 0.6335 0
T 9285 108.0 0.7882 0 0.6335 0
T 9292 108.0 0.7883 0 0.6731 0
T 9300 108.0 0.7883 0 0.6731 0
T 9308 108.0 0.7883 0 0.6731 0
T 9315 108.0 0.7889 0 0.7145 0
T 9322 108.0 0.7889 0 0.7145 0
T 9330 108.0 0.7889 0 0.7145 0
T 9338 108.0 0.7895 0 0.7559 0
T 9345 108.0 0.7895 0 0.7559 0
T 9352 108.0 0.7895 0 0.7559 0
T 9360 108.0 0.7899 0 0.7955 0
T 9368 108.0 0.7899 0 0.7955 0
T 9375 108.0 0.7899 0 0.7955 0
T 9382 108.0 0.7904 0 0.8351 0
T 9390 108.0 0.7904 0 0.8351 0
T 9398 108.0 0.7904 0 0.8351 0
T 9405 108.0 0.7908 0 0.8765 0
T 9412 108.0 0.7908 0 0.8765 0
T 9420 108.0 0.7908 0 0.8765 0
T 9428 108.0 0.7906 0 0.9179 0
T 9435 108.0 0.7906 0 0.9179 0
T 9442 108.0 0.7906 0 0.9179 0
T 9450 108.0 0.7906 0 0.9575 0
T 9458 108.0 0.7906 0 0.9575 0
T 9465 108.0 0.7906 0 0.9575 0
T 9472 108.0 0.7905 0 0.9971 0
T 9480 108.0 0.7905 0 0.9971 0
T 9488 108.0 0.7905 0 0.9971 0
T 9495 108.0 0.7906 0 0.0385 0
T 9502 108.0 0.7906 0 0.0385 0
T 9510 108.0 0.7906 0 0.0385 0
T 9518 108.0 0.7907 0 0.0799 0
T 9525 108.0 0.7907 0 0.0799 0
T 9532 108.0 0.7907 0 0.0799 0
T 9540 108.0 0.7910 0 0.1195 0
T 9548 108.0 0.7910 0 0.1195 0
T 9555 108.0 0.7910 0 0.1195 0
T 9562 108.0 0.7914 0 0.1591 0
T 9570 108.0 0.7914 0 0.1591 0
T 9578 108.0 0.7914 0 0.1591 0
T 9585 108.0 0.7918 0 0.2005 0
T 9592 108.0 0.7918 0 0.2005 0
T 9600 108.0 0.7918 0 0.2005 0
T 9608 108.0 0.7922 0 0.2419 0
T 9615 108.0 0.7922 0 0.2419 0
T 9622 108.0 0.7922 0 0.2419 0
T 9630 108.0 0.7924 0 0.2815 0
T 9638 108.0 0.7924 0 0.2815 0
T 9645 108.0 0.7924 0 0.2815 0
T 9652 108.0 0.7923 0 0.3211 0
T 9660 108.0 0.7923 0 0.3211 0
T 9668 108.0 0.7923 0 0.3211 0
T 9675 108.0 0.7923 0 0.3625 0
T 9682 108.0 0.7923 0 0.3625 0
T 9690 108.0 0.7923 0 0.3625 0
T 9698 108.0 0.7924 0 0.4039 0
T 9705 108.0 0.7924 0 0.4039 0
T 9712 108.0 0.7924 0 0.4039 0
T 9720 108.0 0.7925 0 0.4435 0
T 9728 108.0 0.7925 0 0.4435 0
T 9735 108.0 0.7925 0 0.4435 0
T 9742 108.0 0.7928 0 0.4831 0
T 9750 108.0 0.7928 0 0.4831 0
T 9758 108.0 0.7928 0 0.4831 0
T 9765 108.0 0.7937 0 0.5245 0
T 9772 108.0 0.7937 0 0.5245 0
T 9780 108.0 0.7937 0 0.5245 0
T 9788 108.0 0.7945 0 0.5659 0
T 9795 108.0 0.7945 0 0.5659 0
T 9802 108.0 0.7945 0 0.5659 0
T 9810 108.0 0.7952 0 0.6055 0
T 9818 108.0 0.7952 0 0.6055 0
T 9825 108.0 0.7952 0 0.6055 0
T 9832 108.0 0.7959 0 0.6451 0
T 9840 108.0 0.7959 0 0.6451 0
T 9848 108.0 0.7959 0 0.6451 0
T 9855 108.0 0.7960 0 0.6865 0
T 9862 108.0 0.7960 0 0.6865 0
T 9870 108.0 0.7960 0 0.6865 0
T 9878 108.0 0.7958 0 0.7279 0
T 9885 108.0 0.7958 0 0.7279 0
T 9892 108.0 0.7958 0 0.7279 0
T 9900 108.0 0.7957 0 0.7675 0
T 9908 108.0 0.7957 0 0.7675 0
T 9915 108.0 0.7957 0 0.7675 0
T 9922 108.0 0.7956 0 0.8071 0
T 9930 108.0 0.7956 0 0.8071 0
T 9938 108.0 0.7956 0 0.8071 0
T 9945 108.0 0.7956 0 0.8485 0
T 9952 108.0 0.7956 0 0.8485 0
T 9960 108.0 0.7956 0 0.8485 0
T 9968 108.0 0.7958 0 0.8899 0
T 9975 108.0 0.7958 0 0.8899 0
T 9982 108.0 0.7958 0 0.8899 0
T 9990 108.0 0.7960 0 0.9295 0
T 9998 108.0 0.7960 0 0.9295 0
T 10005 108.0 0.7960 0 0.9295 0
T 10012 108.0 0.7962 0 0.9691 0
T 10020 108.0 0.7962 0 0.9691 0
T 10028 108.0 0.7962 0 0.9691 0
T 10035 108.0 0.7964 0 0.0105 0
T 10042 108.0 0.7964 0 0.0105 0
T 10050 108.0 0.7964 0 0.0105 0
T 10058 108.0 0.7968 0 0.0519 0
T 10065 108.0 0.7968 0 0.0519 0
T 10072 108.0 0.7968 0 0.0519 0
T 10080 108.0 0.7968 0 0.0915 0
T 10088 108.0 0.7968 0 0.0915 0
T 10095 108.0 0.7968 0 0.0915 0
T 10102 108.0 0.7969 0 0.1311 0
T 10110 108.0 0.7969 0 0.1311 0
T 10118 108.0 0.7969 0 0.1311 0
T 10125 108.0 0.7970 0 0.1725 0
T 10132 108.0 0.7970 0 0.1725 0
T 10140 108.0 0.7970 0 0.1725 0
T 10148 108.0 0.7972 0 0.2139 0
T 10155 108.0 0.7972 0 0.2139 0
T 10162 108.0 0.7972 0 0.2139 0
T 10170 108.0 0.7973 0 0.2535 0
T 10178 108.0 0.7973 0 0.2535 0
T 10185 108.0 0.7973 0 0.2535 0
T 10192 108.0 0.7980 0 0.2931 0
T 10200 108.0 0.7980 0 0.2931 0
T 10208 108.0 0.7980 0 0.2931 0
T 10215 108.0 0.7988 0 0.3345 0
T 10222 108.0 0.7988 0 0.3345 0
T 10230 108.0 0.7988 0 0.3345 0
T 10238 108.0 0.7996 0 0.3759 0
T 10245 108.0 0.7996 0 0.3759 0
T 10252 108.0 0.7996 0 0.3759 0
T 10260 108.0 0.8002 0 0.4155 0
T 10268 108.0 0.8002 0 0.4155 0
T 10275 108.0 0.8002 0 0.4155 0
T 10282 108.0 0.8009 0 0.4551 0
T 10290 108.0 0.8009 0 0.4551 0
T 10298 108.0 0.8009 0 0.4551 0
T 10305 108.0 0.8011 0 0.4965 0
T 10312 108.0 0.8011 0 0.4965 0
T 10320 108.0 0.8011 0 0.4965 0
T 10328 108.0 0.8013 0 0.5379 0
T 10335 108.0 0.8013 0 0.5379 0
T 10342 108.0 0.8013 0 0.5379 0
T 10350 108.0 0.8015 0 0.5775 0
T 10358 108.0 0.8015 0 0.5775 0
T 10365 108.0 0.8015 0 0.5775 0
T 10372 108.0 0.8017 0 0.6171 0
T 10380 108.0 0.8017 0 0.6171 0
T 10388 108.0 0.8017 0 0.6171 0
T 10395 108.0 0.8019 0 0.6585 0
T 10402 108.0 0.8019 0 0.6585 0
T 10410 108.0 0.8019 0 0.6585 0
T 10418 108.0 0.8022 0 0.6999 0
T 10425 108.0 0.8022 0 0.6999 0
T 10432 108.0 0.8022 0 0.6999 0
T 10440 108.0 0.8024 0 0.7395 0
T 10448 108.0 0.8024 0 0.7395 0
T 10455 108.0 0.8024 0 0.7395 0
T 10462 108.0 0.8026 0 0.7791 0
T 10470 108.0 0.8026 0 0.7791 0
T 10478 108.0 0.8026 0 0.7791 0
T 10485 108.0 0.8028 0 0.8205 0
T 10492 108.0 0.8028 0 0.8205 0
T 10500 108.0 0.8028 0 0.8205 0
T 10508 108.0 0.8031 0 0.8619 0
T 10515 108.0 0.8031 0 0.8619 0
T 10522 108.0 0.8031 0 0.8619 0
T 10530 108.0 0.8032 0 0.9015 0
T 10538 108.0 0.8032 0 0.9015 0
T 10545 108.0 0.8032 0 0.9015 0
T 10552 108.0 0.8032 0 0.9411 0
T 10560 108.0 0.8032 0 0.9411 0
T 10568 108.0 0.8032 0 0.9411 0
T 10575 108.0 0.8032 0 0.9825 0
T 10582 108.0 0.8032 0 0.9825 0
T 10590 108.0 0.8032 0 0.9825 0
T 10598 108.0 0.8034 0 0.0239 0
T 10605 108.0 0.8034 0 0.0239 0
T 10612 108.0 0.8034 0 0.0239 0
T 10620 108.0 0.8034 0 0.0635 0
T 10628 108.0 0.8034 0 0.0635 0
T 10635 108.0 0.8034 0 0.0635 0
T 10642 108.0 0.8041 0 0.1031 0
T 10650 108.0 0.8041 0 0.1031 0
T 10658 108.0 0.8041 0 0.1031 0
T 10665 108.0 0.8048 0 0.1445 0
T 10672 108.0 0.8048 0 0.1445 0
T 10680 108.0 0.8048 0 0.1445 0
T 10688 108.0 0.8053 0 0.1859 0
T 10695 108.0 0.8053 0 0.1859 0
T 10702 108.0 0.8053 0 0.1859 0
T 10710 108.0 0.8059 0 0.2255 0
T 10718 108.0 0.8059 0 0.2255 0
T 10725 108.0 0.8059 0 0.2255 0
T 10732 108.0 0.8064 0 0.2651 0
T 10740 108.0 0.8064 0 0.2651 0
T 10748 108.0 0.8064 0 0.2651 0
T 10755 108.0 0.8065 0 0.3065 0
T 10762 108.0 0.8065 0 0.3065 0
T 10770 108.0 0.8065 0 0.3065 0
T 10778 108.0 0.8066 0 0.3479 0
T 10785 108.0 0.8066 0 0.3479 0
T 10792 108.0 0.8066 0 0.3479 0
T 10800 108.0 0.8068 0 0.3875 0
T 10808 108.0 0.8068 0 0.3875 0
T 10815 108.0 0.8068 0 0.3875 0
T 10822 108.0 0.8070 0 0.4271 0
T 10830 108.0 0.8070 0 0.4271 0
T 10838 108.0 0.8070 0 0.4271 0
T 10845 108.0 0.8072 0 0.4685 0
T 10852 108.0 0.8072 0 0.4685 0
T 10860 108.0 0.8072 0 0.4685 0
T 10868 108.0 0.8074 0 0.5099 0
T 10875 108.0 0.8074 0 0.5099 0
T 10882 108.0 0.8074 0 0.5099 0
T 10890 108.0 0.8076 0 0.5495 0
T 10898 108.0 0.8076 0 0.5495 0
T 10905 108.0 0.8076 0 0.5495 0
T 10912 108.0 0.8078 0 0.5891 0
T 10920 108.0 0.8078 0 0.5891 0
T 10928 108.0 0.8078 0 0.5891 0
T 10935 108.0 0.8081 0 0.6305 0
T 10942 108.0 0.8081 0 0.6305 0
T 10950 108.0 0.8081 0 0.6305 0
T 10958 108.0 0.8084 0 0.6719 0
T 10965 108.0 0.8084 0 0.6719 0
T 10972 108.0 0.8084 0 0.6719 0
T 10980 108.0 0.8084 0 0.7115 0
T 10988 108.0 0.8084 0 0.7115 0
T 10995 108.0 0.8084 0 0.7115 0
T 11002 108.0 0.8085 0 0.7511 0
T 11010 108.0 0.8085 0 0.7511 0
T 11018 108.0 0.8085 0 0.7511 0
T 11025 108.0 0.8087 0 0.7925 0
T 11032 108.0 0.8087 0 0.7925 0
T 11040 108.0 0.8087 0 0.7925 0
T 11048 108.0 0.8089 0 0.8339 0
T 11055 108.0 0.8089 0 0.8339 0
T 11062 108.0 0.8089 0 0.8339 0
T 11070 108.0 0.8091 0 0.8735 0
T 11078 108.0 0.8091 0 0.8735 0
T 11085 108.0 0.8091 0 0.8735 0
T 11092 108.0 0.8097 0 0.9131 0
T 11100 108.0 0.8097 0 0.9131 0
T 11108 108.0 0.8097 0 0.9131 0
T 11115 108.0 0.8103 0 0.9545 0
T 11122 108.0 0.8103 0 0.9545 0
T 11130 108.0 0.8103 0 0.9545 0
T 11138 108.0 0.8108 0 0.9959 0
T 11145 108.0 0.8108 0 0.9959 0
T 11152 108.0 0.8108 0 0.9959 0
T 11160 108.0 0.8113 0 0.0355 0
T 11168 108.0 0.8113 0 0.0355 0
T 11175 108.0 0.8113 0 0.0355 0
T 11182 108.0 0.8118 0 0.0751 0
T 11190 108.0 0.8118 0 0.0751 0
T 11198 108.0 0.8118 0 0.0751 0
T 11205 108.0 0.8120 0 0.1165 0
T 11212 108.0 0.8120 0 0.1165 0
T 11220 108.0 0.8120 0 0.1165 0
T 11228 108.0 0.8123 0 0.1579 0
T 11235 108.0 0.8123 0 0.1579 0
T 11242 108.0 0.8123 0 0.1579 0
T 11250 108.0 0.8126 0 0.1975 0
T 11258 108.0 0.8126 0 0.1975 0
T 11265 108.0 0.8126 0 0.1975 0
T 11272 108.0 0.8129 0 0.2371 0
T 11280 108.0 0.8129 0 0.2371 0
T 11288 108.0 0.8129 0 0.2371 0
T 11295 108.0 0.8132 0 0.2785 0
T 11302 108.0 0.8132 0 0.2785 0
T 11310 108.0 0.8132 0 0.2785 0
T 11318 108.0 0.8134 0 0.3199 0
T 11325 108.0 0.8134 0 0.3199 0
T 11332 108.0 0.8134 0 0.3199 0
T 11340 108.0 0.8138 0 0.3595 0
T 11348 108.0 0.8138 0 0.3595 0
T 11355 108.0 0.8138 0 0.3595 0
T 11362 108.0 0.8141 0 0.3991 0
T 11370 108.0 0.8141 0 0.3991 0
T 11378 108.0 0.8141 0 0.3991 0
T 11385 108.0 0.8145 0 0.4405 0
T 11392 108.0 0.8145 0 0.4405 0
T 11400 108.0 0.8145 0 0.4405 0
T 11408 108.0 0.8148 0 0.4819 0
T 11415 108.0 0.8148 0 0.4819 0
T 11422 108.0 0.8148 0 0.4819 0
T 11430 108.0 0.8149 0 0.5215 0
T 11438 108.0 0.8149 0 0.5215 0
T 11445 108.0 0.8149 0 0.5215 0
T 11452 108.0 0.8151 0 0.5611 0
T 11460 108.0 0.8151 0 0.5611 0
T 11468 108.0 0.8151 0 0.5611 0
T 11475 108.0 0.8152 0 0.6025 0
T 11482 108.0 0.8152 0 0.6025 0
T 11490 108.0 0.8152 0 0.6025 0
T 11498 108.0 0.8155 0 0.6439 0
T 11505 108.0 0.8155 0 0.6439 0
T 11512 108.0 0.8155 0 0.6439 0
T 11520 108.0 0.8157 1 0.6835 0
T 11528 108.0 0.8157 1 0.6835 0
T 11535 108.0 0.8157 1 0.6835 0
T 11542 108.0 0.8163 1 0.7231 0
T 11550 108.0 0.8163 1 0.7231 0
T 11558 108.0 0.8163 1 0.7231 0
T 11565 108.0 0.8168 1 0.8337 0
T 11572 108.0 0.8168 1 0.8337 0
T 11580 108.0 0.8168 1 0.8337 0
T 11588 108.0 0.8174 1 0.8751 0
T 11595 108.0 0.8174 1 0.8751 0
T 11602 108.0 0.8174 1 0.8751 0
T 11610 108.0 0.8178 1 0.9147 0
T 11618 108.0 0.8178 1 0.9147 0
T 11625 108.0 0.8178 1 0.9147 0
T 11632 108.0 0.8182 1 0.9543 0
T 11640 108.0 0.8182 1 0.9543 0
T 11648 108.0 0.8182 1 0.9543 0
T 11655 108.0 0.8184 1 0.9958 0
T 11662 108.0 0.8184 1 0.9958 0
T 11670 108.0 0.8184 1 0.9958 0
T 11678 108.0 0.8186 1 0.0382 1
T 11685 108.0 0.8186 1 0.0382 0
T 11692 108.0 0.8186 1 0.0382 0
T 11700 108.0 0.8188 1 0.0778 0
T 11708 108.0 0.8188 1 0.0778 0
T 11715 108.0 0.8188 1 0.0778 0
T 11722 108.0 0.8191 1 0.1175 0
T 11730 108.0 0.8191 1 0.1175 0
T 11738 108.0 0.8191 1 0.1175 0
T 11745 108.0 0.8190 1 0.1589 0
T 11752 108.0 0.8190 1 0.1589 0
T 11760 108.0 0.8190 1 0.1589 0
T 11768 108.0 0.8189 1 0.1606 0
T 11775 108.0 0.8189 1 0.1606 0
T 11782 108.0 0.8189 1 0.1606 0
T 11790 108.0 0.8188 1 0.2002 0
T 11798 108.0 0.8188 1 0.2002 0
T 11805 108.0 0.8188 1 0.2002 0
T 11812 108.0 0.8187 1 0.2398 0
T 11820 108.0 0.8187 1 0.2398 0
T 11828 108.0 0.8187 1 0.2398 0
T 11835 108.0 0.8188 1 0.2811 0
T 11842 108.0 0.8188 1 0.2811 0
T 11850 108.0 0.8188 1 0.2811 0
T 11858 108.0 0.8189 1 0.3225 0
T 11865 108.0 0.8189 1 0.3225 0
T 11872 108.0 0.8189 1 0.3225 0
T 11880 108.0 0.8191 1 0.2815 0
T 11888 108.0 0.8191 1 0.2815 0
T 11895 108.0 0.8191 1 0.2815 0
T 11902 108.0 0.8194 1 0.3211 0
T 11910 108.0 0.8194 1 0.3211 0
T 11918 108.0 0.8194 1 0.3211 0
T 11925 108.0 0.8197 1 0.3625 0
T 11932 108.0 0.8197 1 0.3625 0
T 11940 108.0 0.8197 1 0.3625 0
T 11948 108.0 0.8199 1 0.4038 0
T 11955 108.0 0.8199 1 0.4038 0
T 11962 108.0 0.8199 1 0.4038 0
T 11970 108.0 0.8207 1 0.4434 0
T 11978 108.0 0.8207 1 0.4434 0
T 11985 108.0 0.8207 1 0.4434 0
T 11992 108.0 0.8218 1 0.4830 0
T 12000 108.0 0.8218 1 0.4830 0
T 12008 108.0 0.8218 1 0.4830 0
T 12015 108.0 0.8228 1 0.5244 0
T 12022 108.0 0.8228 1 0.5244 0
T 12030 108.0 0.8228 1 0.5244 0
T 12038 108.0 0.8237 1 0.5658 0
T 12045 108.0 0.8237 1 0.5658 0
T 12052 108.0 0.8237 1 0.5658 0
T 12060 108.0 0.8247 1 0.6054 0
T 12068 108.0 0.8247 1 0.6054 0
T 12075 108.0 0.8247 1 0.6054 0
T 12082 108.0 0.8248 1 0.6450 0
T 12090 108.0 0.8248 1 0.6450 0
T 12098 108.0 0.8248 1 0.6450 0
T 12105 108.0 0.8249 1 0.7751 0
T 12112 108.0 0.8249 1 0.7751 0
T 12120 108.0 0.8249 1 0.7751 0
T 12128 108.0 0.8250 1 0.8165 0
T 12135 108.0 0.8250 1 0.8165 0
T 12142 108.0 0.8250 1 0.8165 0
T 12150 108.0 0.8251 1 0.8561 0
T 12158 108.0 0.8251 1 0.8561 0
T 12165 108.0 0.8251 1 0.8561 0
T 12172 108.0 0.8254 1 0.8957 0
T 12180 108.0 0.8254 1 0.8957 0
T 12188 108.0 0.8254 1 0.8957 0
T 12195 108.0 0.8258 1 0.9372 0
T 12202 108.0 0.8258 1 0.9372 0
T 12210 108.0 0.8258 1 0.9372 0
T 12218 108.0 0.8262 1 0.9943 0
T 12225 108.0 0.8262 1 0.9943 0
T 12232 108.0 0.8262 1 0.9943 0
T 12240 108.0 0.8266 1 0.0339 1
T 12248 108.0 0.8266 1 0.0339 0
T 12255 108.0 0.8266 1 0.0339 0
T 12262 108.0 0.8269 1 0.0735 0
T 12270 108.0 0.8269 1 0.0735 0
T 12278 108.0 0.8269 1 0.0735 0
T 12285 108.0 0.8273 1 0.1149 0
T 12292 108.0 0.8273 1 0.1149 0
T 12300 108.0 0.8273 1 0.1149 0
T 12308 108.0 0.8275 1 0.1563 0
T 12315 108.0 0.8275 1 0.1563 0
T 12322 108.0 0.8275 1 0.1563 0
T 12330 108.0 0.8275 1 0.1569 0
T 12338 108.0 0.8275 1 0.1569 0
T 12345 108.0 0.8275 1 0.1569 0
T 12352 108.0 0.8275 1 0.1965 0
T 12360 108.0 0.8275 1 0.1965 0
T 12368 108.0 0.8275 1 0.1965 0
T 12375 108.0 0.8276 1 0.2379 0
T 12382 108.0 0.8276 1 0.2379 0
T 12390 108.0 0.8276 1 0.2379 0
T 12398 108.0 0.8277 1 0.2793 0
T 12405 108.0 0.8277 1 0.2793 0
T 12412 108.0 0.8277 1 0.2793 0
T 12420 108.0 0.8285 1 0.3188 0
T 12428 108.0 0.8285 1 0.3188 0
T 12435 108.0 0.8285 1 0.3188 0
T 12442 108.0 0.8293 1 0.2787 0
T 12450 108.0 0.8293 1 0.2787 0
T 12458 108.0 0.8293 1 0.2787 0
T 12465 108.0 0.8300 1 0.3201 0
T 12472 108.0 0.8300 1 0.3201 0
T 12480 108.0 0.8300 1 0.3201 0
T 12488 108.0 0.8307 1 0.3615 0
T 12495 108.0 0.8307 1 0.3615 0
T 12502 108.0 0.8307 1 0.3615 0
T 12510 108.0 0.8315 1 0.4011 0
T 12518 108.0 0.8315 1 0.4011 0
T 12525 108.0 0.8315 1 0.4011 0
T 12532 108.0 0.8320 1 0.4406 0
T 12540 108.0 0.8320 1 0.4406 0
T 12548 108.0 0.8320 1 0.4406 0
T 12555 108.0 0.8325 1 0.3820 0
T 12562 108.0 0.8325 1 0.3820 0
T 12570 108.0 0.8325 1 0.3820 0
T 12578 108.0 0.8329 1 0.4234 0
T 12585 108.0 0.8329 1 0.4234 0
T 12592 108.0 0.8329 1 0.4234 0
T 12600 108.0 0.8333 1 0.4629 0
T 12608 108.0 0.8333 1 0.4629 0
T 12615 108.0 0.8333 1 0.4629 0
T 12622 108.0 0.8338 1 0.5025 0
T 12630 108.0 0.8338 1 0.5025 0
T 12638 108.0 0.8338 1 0.5025 0
T 12645 108.0 0.8338 1 0.5439 0
T 12652 108.0 0.8338 1 0.5439 0
T 12660 108.0 0.8338 1 0.5439 0
T 12668 108.0 0.8339 1 0.6852 0
T 12675 108.0 0.8339 1 0.6852 0
T 12682 108.0 0.8339 1 0.6852 0
T 12690 108.0 0.8340 1 0.7248 0
T 12698 108.0 0.8340 1 0.7248 0
T 12705 108.0 0.8340 1 0.7248 0
T 12712 108.0 0.8341 1 0.7645 0
T 12720 108.0 0.8341 1 0.7645 0
T 12728 108.0 0.8341 1 0.7645 0
T 12735 108.0 0.8342 1 0.8059 0
T 12742 108.0 0.8342 1 0.8059 0
T 12750 108.0 0.8342 1 0.8059 0
T 12758 108.0 0.8341 1 0.8473 0
T 12765 108.0 0.8341 1 0.8473 0
T 12772 108.0 0.8341 1 0.8473 0
T 12780 108.0 0.8341 1 0.9250 0
T 12788 108.0 0.8341 1 0.9250 0
T 12795 108.0 0.8341 1 0.9250 0
T 12802 108.0 0.8341 1 0.9647 0
T 12810 108.0 0.8341 1 0.9647 0
T 12818 108.0 0.8341 1 0.9647 0
T 12825 108.0 0.8341 1 0.0061 1
T 12832 108.0 0.8341 1 0.0061 0
T 12840 108.0 0.8341 1 0.0061 0
T 12848 108.0 0.8341 1 0.0475 0
T 12855 108.0 0.8341 1 0.0475 0
T 12862 108.0 0.8341 1 0.0475 0
T 12870 108.0 0.8344 1 0.0871 0
T 12878 108.0 0.8344 1 0.0871 0
T 12885 108.0 0.8344 1 0.0871 0
T 12892 108.0 0.8346 1 0.1049 0
T 12900 108.0 0.8346 1 0.1049 0
T 12908 108.0 0.8346 1 0.1049 0
T 12915 108.0 0.8348 1 0.1463 0
T 12922 108.0 0.8348 1 0.1463 0
T 12930 108.0 0.8348 1 0.1463 0
T 12938 108.0 0.8348 1 0.1877 0
T 12945 108.0 0.8348 1 0.1877 0
T 12952 108.0 0.8348 1 0.1877 0
T 12960 108.0 0.8349 1 0.2273 0
T 12968 108.0 0.8349 1 0.2273 0
T 12975 108.0 0.8349 1 0.2273 0
T 12982 108.0 0.8350 1 0.2669 0
T 12990 108.0 0.8350 1 0.2669 0
T 12998 108.0 0.8350 1 0.2669 0
T 13005 108.0 0.8355 1 0.2416 0
T 13012 108.0 0.8355 1 0.2416 0
T 13020 108.0 0.8355 1 0.2416 0
T 13028 108.0 0.8359 1 0.2830 0
T 13035 108.0 0.8359 1 0.2830 0
T 13042 108.0 0.8359 1 0.2830 0
T 13050 108.0 0.8365 1 0.3226 0
T 13058 108.0 0.8365 1 0.3226 0
T 13065 108.0 0.8365 1 0.3226 0
T 13072 108.0 0.8371 1 0.3622 0
T 13080 108.0 0.8371 1 0.3622 0
T 13088 108.0 0.8371 1 0.3622 0
T 13095 108.0 0.8372 1 0.4035 0
T 13102 108.0 0.8372 1 0.4035 0
T 13110 108.0 0.8372 1 0.4035 0
T 13118 108.0 0.8374 1 0.3449 0
T 13125 108.0 0.8374 1 0.3449 0
T 13132 108.0 0.8374 1 0.3449 0
T 13140 108.0 0.8373 1 0.3845 0
T 13148 108.0 0.8373 1 0.3845 0
T 13155 108.0 0.8373 1 0.3845 0
T 13162 108.0 0.8372 1 0.4241 0
T 13170 108.0 0.8372 1 0.4241 0
T 13178 108.0 0.8372 1 0.4241 0
T 13185 108.0 0.8370 1 0.4654 0
T 13192 108.0 0.8370 1 0.4654 0
T 13200 108.0 0.8370 1 0.4654 0
T 13208 108.0 0.8367 1 0.5068 0
T 13215 108.0 0.8367 1 0.5068 0
T 13222 108.0 0.8367 1 0.5068 0
T 13230 108.0 0.8365 1 0.6464 0
T 13238 108.0 0.8365 1 0.6464 0
T 13245 108.0 0.8365 1 0.6464 0
T 13252 108.0 0.8363 1 0.6860 0
T 13260 108.0 0.8363 1 0.6860 0
T 13268 108.0 0.8363 1 0.6860 0
T 13275 108.0 0.8362 1 0.7274 0
T 13282 108.0 0.8362 1 0.7274 0
T 13290 108.0 0.8362 1 0.7274 0
T 13298 108.0 0.8360 1 0.7688 0
T 13305 108.0 0.8360 1 0.7688 0
T 13312 108.0 0.8360 1 0.7688 0
T 13320 108.0 0.8360 1 0.8084 0
T 13328 108.0 0.8360 1 0.8084 0
T 13335 108.0 0.8360 1 0.8084 0
T 13342 108.0 0.8362 1 0.8959 0
T 13350 108.0 0.8362 1 0.8959 0
T 13358 108.0 0.8362 1 0.8959 0
T 13365 108.0 0.8362 1 0.9373 0
T 13372 108.0 0.8362 1 0.9373 0
T 13380 108.0 0.8362 1 0.9373 0
T 13388 108.0 0.8363 1 0.9788 0
T 13395 108.0 0.8363 1 0.9788 0
T 13402 108.0 0.8363 1 0.9788 0
T 13410 108.0 0.8363 1 0.0184 1
T 13418 108.0 0.8363 1 0.0184 0
T 13425 108.0 0.8363 1 0.0184 0
T 13432 108.0 0.8363 1 0.0580 0
T 13440 108.0 0.8363 1 0.0580 0
T 13448 108.0 0.8363 1 0.0580 0
T 13455 108.0 0.8364 1 0.0849 0
T 13462 108.0 0.8364 1 0.0849 0
T 13470 108.0 0.8364 1 0.0849 0
T 13478 108.0 0.8364 1 0.1263 0
T 13485 108.0 0.8364 1 0.1263 0
T 13492 108.0 0.8364 1 0.1263 0
T 13500 108.0 0.8365 1 0.1659 0
T 13508 108.0 0.8365 1 0.1659 0
T 13515 108.0 0.8365 1 0.1659 0
T 13522 108.0 0.8363 1 0.2055 0
T 13530 108.0 0.8363 1 0.2055 0
T 13538 108.0 0.8363 1 0.2055 0
T 13545 108.0 0.8360 1 0.2469 0
T 13552 108.0 0.8360 1 0.2469 0
T 13560 108.0 0.8360 1 0.2469 0
T 13568 108.0 0.8358 1 0.2266 0
T 13575 108.0 0.8358 1 0.2266 0
T 13582 108.0 0.8358 1 0.2266 0
T 13590 108.0 0.8356 1 0.2662 0
T 13598 108.0 0.8356 1 0.2662 0
T 13605 108.0 0.8356 1 0.2662 0
T 13612 108.0 0.8357 1 0.3058 0
T 13620 108.0 0.8357 1 0.3058 0
T 13628 108.0 0.8357 1 0.3058 0
T 13635 108.0 0.8357 1 0.3472 0
T 13642 108.0 0.8357 1 0.3472 0
T 13650 108.0 0.8357 1 0.3472 0
T 13658 108.0 0.8356 1 0.3018 0
T 13665 108.0 0.8356 1 0.3018 0
T 13672 108.0 0.8356 1 0.3018 0
T 13680 108.0 0.8356 1 0.3413 0
T 13688 108.0 0.8356 1 0.3413 0
T 13695 108.0 0.8356 1 0.3413 0
T 13702 108.0 0.8356 1 0.3809 0
T 13710 108.0 0.8356 1 0.3809 0
T 13718 108.0 0.8356 1 0.3809 0
T 13725 108.0 0.8354 1 0.4223 0
T 13732 108.0 0.8354 1 0.4223 0
T 13740 108.0 0.8354 1 0.4223 0
T 13748 108.0 0.8361 1 0.4637 0
T 13755 108.0 0.8361 1 0.4637 0
T 13762 108.0 0.8361 1 0.4637 0
T 13770 108.0 0.8368 1 0.5032 0
T 13778 108.0 0.8368 1 0.5032 0
T 13785 108.0 0.8368 1 0.5032 0
T 13792 108.0 0.8374 1 0.5428 0
T 13800 108.0 0.8374 1 0.5428 0
T 13808 108.0 0.8374 1 0.5428 0
T 13815 108.0 0.8380 1 0.5842 0
T 13822 108.0 0.8380 1 0.5842 0
T 13830 108.0 0.8380 1 0.5842 0
T 13838 108.0 0.8385 1 0.6256 0
T 13845 108.0 0.8385 1 0.6256 0
T 13852 108.0 0.8385 1 0.6256 0
T 13860 108.0 0.8384 1 0.6652 0
T 13868 108.0 0.8384 1 0.6652 0
T 13875 108.0 0.8384 1 0.6652 0
T 13882 108.0 0.8382 1 0.7885 0
T 13890 108.0 0.8382 1 0.7885 0
T 13898 108.0 0.8382 1 0.7885 0
T 13905 108.0 0.8380 1 0.8299 0
T 13912 108.0 0.8380 1 0.8299 0
T 13920 108.0 0.8380 1 0.8299 0
T 13928 108.0 0.8378 1 0.8713 0
T 13935 108.0 0.8378 1 0.8713 0
T 13942 108.0 0.8378 1 0.8713 0
T 13950 108.0 0.8376 1 0.9109 0
T 13958 108.0 0.8376 1 0.9109 0
T 13965 108.0 0.8376 1 0.9109 0
T 13972 108.0 0.8374 1 0.9505 0
T 13980 108.0 0.8374 1 0.9505 0
T 13988 108.0 0.8374 1 0.9505 0
T 13995 108.0 0.8373 1 0.0043 1
T 14002 108.0 0.8373 1 0.0043 0
T 14010 108.0 0.8373 1 0.0043 0
T 14018 108.0 0.8372 1 0.0457 0
T 14025 108.0 0.8372 1 0.0457 0
T 14032 108.0 0.8372 1 0.0457 0
T 14040 108.0 0.8372 1 0.0853 0
T 14048 108.0 0.8372 1 0.0853 0
T 14055 108.0 0.8372 1 0.0853 0
T 14062 108.0 0.8373 1 0.1249 0
T 14070 108.0 0.8373 1 0.1249 0
T 14078 108.0 0.8373 1 0.1249 0
T 14085 108.0 0.8371 1 0.1663 0
T 14092 108.0 0.8371 1 0.1663 0
T 14100 108.0 0.8371 1 0.1663 0
T 14108 108.0 0.8369 1 0.1661 0
T 14115 108.0 0.8369 1 0.1661 0
T 14122 108.0 0.8369 1 0.1661 0
T 14130 108.0 0.8367 1 0.2057 0
T 14138 108.0 0.8367 1 0.2057 0
T 14145 108.0 0.8367 1 0.2057 0
T 14152 108.0 0.8365 1 0.2453 0
T 14160 108.0 0.8365 1 0.2453 0
T 14168 108.0 0.8365 1 0.2453 0
T 14175 108.0 0.8362 1 0.2867 0
T 14182 108.0 0.8362 1 0.2867 0
T 14190 108.0 0.8362 1 0.2867 0
T 14198 108.0 0.8366 1 0.3281 0
T 14205 108.0 0.8366 1 0.3281 0
T 14212 108.0 0.8366 1 0.3281 0
T 14220 108.0 0.8369 1 0.2857 0
T 14228 108.0 0.8369 1 0.2857 0
T 14235 108.0 0.8369 1 0.2857 0
T 14242 108.0 0.8371 1 0.3253 0
T 14250 108.0 0.8371 1 0.3253 0
T 14258 108.0 0.8371 1 0.3253 0
T 14265 108.0 0.8374 1 0.3666 0
T 14272 108.0 0.8374 1 0.3666 0
T 14280 108.0 0.8374 1 0.3666 0
T 14288 108.0 0.8377 1 0.4080 0
T 14295 108.0 0.8377 1 0.4080 0
T 14302 108.0 0.8377 1 0.4080 0
T 14310 108.0 0.8378 1 0.4476 0
T 14318 108.0 0.8378 1 0.4476 0
T 14325 108.0 0.8378 1 0.4476 0
T 14332 108.0 0.8380 1 0.3872 0
T 14340 108.0 0.8380 1 0.3872 0
T 14348 108.0 0.8380 1 0.3872 0
T 14355 108.0 0.8382 1 0.4285 0
T 14362 108.0 0.8382 1 0.4285 0
T 14370 108.0 0.8382 1 0.4285 0
T 14378 108.0 0.8382 1 0.4699 0
T 14385 108.0 0.8382 1 0.4699 0
T 14392 108.0 0.8382 1 0.4699 0
T 14400 108.0 0.8382 1 0.5094 0
T 14408 108.0 0.8382 1 0.5094 0
T 14415 108.0 0.8382 1 0.5094 0
T 14422 108.0 0.8383 1 0.5490 0
T 14430 108.0 0.8383 1 0.5490 0
T 14438 108.0 0.8383 1 0.5490 0
T 14445 108.0 0.8384 1 0.6904 0
T 14452 108.0 0.8384 1 0.6904 0
T 14460 108.0 0.8384 1 0.6904 0
T 14468 108.0 0.8384 1 0.7318 0
T 14475 108.0 0.8384 1 0.7318 0
T 14482 108.0 0.8384 1 0.7318 0
T 14490 108.0 0.8386 1 0.7714 0
T 14498 108.0 0.8386 1 0.7714 0
T 14505 108.0 0.8386 1 0.7714 0
T 14512 108.0 0.8388 1 0.8110 0
T 14520 108.0 0.8388 1 0.8110 0
T 14528 108.0 0.8388 1 0.8110 0
T 14535 108.0 0.8387 1 0.8524 0
T 14542 108.0 0.8387 1 0.8524 0
T 14550 108.0 0.8387 1 0.8524 0
T 14558 108.0 0.8388 1 0.9307 0
T 14565 108.0 0.8388 1 0.9307 0
T 14572 108.0 0.8388 1 0.9307 0
T 14580 108.0 0.8388 1 0.9703 0
T 14588 108.0 0.8388 1 0.9703 0
T 14595 108.0 0.8388 1 0.9703 0
T 14602 108.0 0.8388 1 0.0099 1
T 14610 108.0 0.8388 1 0.0099 0
T 14618 108.0 0.8388 1 0.0099 0
T 14625 108.0 0.8387 1 0.0513 0
T 14632 108.0 0.8387 1 0.0513 0
T 14640 108.0 0.8387 1 0.0513 0
T 14648 108.0 0.8389 1 0.0927 0
T 14655 108.0 0.8389 1 0.0927 0
T 14662 108.0 0.8389 1 0.0927 0
T 14670 108.0 0.8391 1 0.1092 0
T 14678 108.0 0.8391 1 0.1092 0
T 14685 108.0 0.8391 1 0.1092 0
T 14692 108.0 0.8393 1 0.1488 0
T 14700 108.0 0.8393 1 0.1488 0
T 14708 108.0 0.8393 1 0.1488 0
T 14715 108.0 0.8394 1 0.1902 0
T 14722 108.0 0.8394 1 0.1902 0
T 14730 108.0 0.8394 1 0.1902 0
T 14738 108.0 0.8395 1 0.2316 0
T 14745 108.0 0.8395 1 0.2316 0
T 14752 108.0 0.8395 1 0.2316 0
T 14760 108.0 0.8395 1 0.2712 0
T 14768 108.0 0.8395 1 0.2712 0
T 14775 108.0 0.8395 1 0.2712 0
T 14782 108.0 0.8396 1 0.2430 0
T 14790 108.0 0.8396 1 0.2430 0
T 14798 108.0 0.8396 1 0.2430 0
T 14805 108.0 0.8396 1 0.2844 0
T 14812 108.0 0.8396 1 0.2844 0
T 14820 108.0 0.8396 1 0.2844 0
T 14828 108.0 0.8396 1 0.3257 0
T 14835 108.0 0.8396 1 0.3257 0
T 14842 108.0 0.8396 1 0.3257 0
T 14850 108.0 0.8396 1 0.3653 0
T 14858 108.0 0.8396 1 0.3653 0
T 14865 108.0 0.8396 1 0.3653 0
T 14872 108.0 0.8396 1 0.4049 0
T 14880 108.0 0.8396 1 0.4049 0
T 14888 108.0 0.8396 1 0.4049 0
T 14895 108.0 0.8397 1 0.3463 0
T 14902 108.0 0.8397 1 0.3463 0
T 14910 108.0 0.8397 1 0.3463 0
T 14918 108.0 0.8397 1 0.3877 0
T 14925 108.0 0.8397 1 0.3877 0
T 14932 108.0 0.8397 1 0.3877 0
T 14940 108.0 0.8399 1 0.4272 0
T 14948 108.0 0.8399 1 0.4272 0
T 14955 108.0 0.8399 1 0.4272 0
T 14962 108.0 0.8401 1 0.4668 0
T 14970 108.0 0.8401 1 0.4668 0
T 14978 108.0 0.8401 1 0.4668 0
T 14985 108.0 0.8399 1 0.5082 0
T 14992 108.0 0.8399 1 0.5082 0
T 15000 108.0 0.8399 1 0.5082 0
T 15008 108.0 0.8399 1 0.6495 0
T 15015 108.0 0.8399 1 0.6495 0
T 15022 108.0 0.8399 1 0.6495 0
T 15030 108.0 0.8398 1 0.6891 0
T 15038 108.0 0.8398 1 0.6891 0
T 15045 108.0 0.8398 1 0.6891 0
T 15052 108.0 0.8397 1 0.7288 0
T 15060 108.0 0.8397 1 0.7288 0
T 15068 108.0 0.8397 1 0.7288 0
T 15075 108.0 0.8396 1 0.7702 0
T 15082 108.0 0.8396 1 0.7702 0
T 15090 108.0 0.8396 1 0.7702 0
T 15098 108.0 0.8398 1 0.8116 0
T 15105 108.0 0.8398 1 0.8116 0
T 15112 108.0 0.8398 1 0.8116 0
T 15120 108.0 0.8401 1 0.8983 0
T 15128 108.0 0.8401 1 0.8983 0
T 15135 108.0 0.8401 1 0.8983 0
T 15142 108.0 0.8402 1 0.9379 0
T 15150 108.0 0.8402 1 0.9379 0
T 15158 108.0 0.8402 1 0.9379 0
T 15165 108.0 0.8404 1 0.9793 0
T 15172 108.0 0.8404 1 0.9793 0
T 15180 108.0 0.8404 1 0.9793 0
T 15188 108.0 0.8406 1 0.0207 1
T 15195 108.0 0.8406 1 0.0207 0
T 15202 108.0 0.8406 1 0.0207 0
T 15210 108.0 0.8408 1 0.0604 0
T 15218 108.0 0.8408 1 0.0604 0
T 15225 108.0 0.8408 1 0.0604 0
T 15232 108.0 0.8410 1 0.0849 0
T 15240 108.0 0.8410 1 0.0849 0
T 15248 108.0 0.8410 1 0.0849 0
T 15255 108.0 0.8411 1 0.1263 0
T 15262 108.0 0.8411 1 0.1263 0
T 15270 108.0 0.8411 1 0.1263 0
T 15278 108.0 0.8411 1 0.1677 0
T 15285 108.0 0.8411 1 0.1677 0
T 15292 108.0 0.8411 1 0.1677 0
T 15300 108.0 0.8412 1 0.2073 0
T 15308 108.0 0.8412 1 0.2073 0
T 15315 108.0 0.8412 1 0.2073 0
T 15322 108.0 0.8414 1 0.2469 0
T 15330 108.0 0.8414 1 0.2469 0
T 15338 108.0 0.8414 1 0.2469 0
T 15345 108.0 0.8415 1 0.2266 0
T 15352 108.0 0.8415 1 0.2266 0
T 15360 108.0 0.8415 1 0.2266 0
T 15368 108.0 0.8415 1 0.2680 0
T 15375 108.0 0.8415 1 0.2680 0
T 15382 108.0 0.8415 1 0.2680 0
T 15390 108.0 0.8418 1 0.3076 0
T 15398 108.0 0.8418 1 0.3076 0
T 15405 108.0 0.8418 1 0.3076 0
T 15412 108.0 0.8417 1 0.3472 0
T 15420 108.0 0.8417 1 0.3472 0
T 15428 108.0 0.8417 1 0.3472 0
T 15435 108.0 0.8415 1 0.3018 0
T 15442 108.0 0.8415 1 0.3018 0
T 15450 108.0 0.8415 1 0.3018 0
T 15458 108.0 0.8413 1 0.3431 0
T 15465 108.0 0.8413 1 0.3431 0
T 15472 108.0 0.8413 1 0.3431 0
T 15480 108.0 0.8411 1 0.3827 0
T 15488 108.0 0.8411 1 0.3827 0
T 15495 108.0 0.8411 1 0.3827 0
T 15502 108.0 0.8410 1 0.4223 0
T 15510 108.0 0.8410 1 0.4223 0
T 15518 108.0 0.8410 1 0.4223 0
T 15525 108.0 0.8412 1 0.4636 0
T 15532 108.0 0.8412 1 0.4636 0
T 15540 108.0 0.8412 1 0.4636 0
T 15548 108.0 0.8416 1 0.5050 0
T 15555 108.0 0.8416 1 0.5050 0
T 15562 108.0 0.8416 1 0.5050 0
T 15570 108.0 0.8420 1 0.5446 0
T 15578 108.0 0.8420 1 0.5446 0
T 15585 108.0 0.8420 1 0.5446 0
T 15592 108.0 0.8423 1 0.5842 0
T 15600 108.0 0.8423 1 0.5842 0
T 15608 108.0 0.8423 1 0.5842 0
T 15615 108.0 0.8425 1 0.6256 0
T 15622 108.0 0.8425 1 0.6256 0
T 15630 108.0 0.8425 1 0.6256 0
T 15638 108.0 0.8426 1 0.6669 0
T 15645 108.0 0.8426 1 0.6669 0
T 15652 108.0 0.8426 1 0.6669 0
T 15660 108.0 0.8426 1 0.7898 0
T 15668 108.0 0.8426 1 0.7898 0
T 15675 108.0 0.8426 1 0.7898 0
T 15682 108.0 0.8427 1 0.8294 0
T 15690 108.0 0.8427 1 0.8294 0
T 15698 108.0 0.8427 1 0.8294 0
T 15705 108.0 0.8427 1 0.8708 0
T 15712 108.0 0.8427 1 0.8708 0
T 15720 108.0 0.8427 1 0.8708 0
T 15728 108.0 0.8427 1 0.9122 0
T 15735 108.0 0.8427 1 0.9122 0
T 15742 108.0 0.8427 1 0.9122 0
T 15750 108.0 0.8428 1 0.9518 0
T 15758 108.0 0.8428 1 0.9518 0
T 15765 108.0 0.8428 1 0.9518 0
T 15772 108.0 0.8428 1 0.0035 1
T 15780 108.0 0.8428 1 0.0035 0
T 15788 108.0 0.8428 1 0.0035 0
T 15795 108.0 0.8429 1 0.0449 0
T 15802 108.0 0.8429 1 0.0449 0
T 15810 108.0 0.8429 1 0.0449 0
T 15818 108.0 0.8431 1 0.0863 0
T 15825 108.0 0.8431 1 0.0863 0
T 15832 108.0 0.8431 1 0.0863 0
T 15840 108.0 0.8433 1 0.1259 0
T 15848 108.0 0.8433 1 0.1259 0
T 15855 108.0 0.8433 1 0.1259 0
T 15862 108.0 0.8434 1 0.1655 0
T 15870 108.0 0.8434 1 0.1655 0
T 15878 108.0 0.8434 1 0.1655 0
T 15885 108.0 0.8434 1 0.1655 0
T 15892 108.0 0.8434 1 0.1655 0
T 15900 108.0 0.8434 1 0.1655 0
T 15908 108.0 0.8434 1 0.2069 0
T 15915 108.0 0.8434 1 0.2069 0
T 15922 108.0 0.8434 1 0.2069 0
T 15930 108.0 0.8434 1 0.2465 0
T 15938 108.0 0.8434 1 0.2465 0
T 15945 108.0 0.8434 1 0.2465 0
T 15952 108.0 0.8434 1 0.2861 0
T 15960 108.0 0.8434 1 0.2861 0
T 15968 108.0 0.8434 1 0.2861 0
T 15975 108.0 0.8438 1 0.3275 0
T 15982 108.0 0.8438 1 0.3275 0
T 15990 108.0 0.8438 1 0.3275 0
T 15998 108.0 0.8441 1 0.2870 0
T 16005 108.0 0.8441 1 0.2870 0
T 16012 108.0 0.8441 1 0.2870 0
T 16020 108.0 0.8444 1 0.3266 0
T 16028 108.0 0.8444 1 0.3266 0
T 16035 108.0 0.8444 1 0.3266 0
T 16042 108.0 0.8447 1 0.3662 0
T 16050 108.0 0.8447 1 0.3662 0
T 16058 108.0 0.8447 1 0.3662 0
T 16065 108.0 0.8448 1 0.4076 0
T 16072 108.0 0.8448 1 0.4076 0
T 16080 108.0 0.8448 1 0.4076 0
T 16088 108.0 0.8450 1 0.4490 0
T 16095 108.0 0.8450 1 0.4490 0
T 16102 108.0 0.8450 1 0.4490 0
T 16110 108.0 0.8451 1 0.3885 0
T 16118 108.0 0.8451 1 0.3885 0
T 16125 108.0 0.8451 1 0.3885 0
T 16132 108.0 0.8452 1 0.4281 0
T 16140 108.0 0.8452 1 0.4281 0
T 16148 108.0 0.8452 1 0.4281 0
T 16155 108.0 0.8453 1 0.4694 0
T 16162 108.0 0.8453 1 0.4694 0
T 16170 108.0 0.8453 1 0.4694 0
T 16178 108.0 0.8453 1 0.5108 0
T 16185 108.0 0.8453 1 0.5108 0
T 16192 108.0 0.8453 1 0.5108 0
T 16200 108.0 0.8452 1 0.5504 0
T 16208 108.0 0.8452 1 0.5504 0
T 16215 108.0 0.8452 1 0.5504 0
T 16222 108.0 0.8453 1 0.6899 0
T 16230 108.0 0.8453 1 0.6899 0
T 16238 108.0 0.8453 1 0.6899 0
T 16245 108.0 0.8453 1 0.7313 0
T 16252 108.0 0.8453 1 0.7313 0
T 16260 108.0 0.8453 1 0.7313 0
T 16268 108.0 0.8454 1 0.7727 0
T 16275 108.0 0.8454 1 0.7727 0
T 16282 108.0 0.8454 1 0.7727 0
T 16290 108.0 0.8456 1 0.8123 0
T 16298 108.0 0.8456 1 0.8123 0
T 16305 108.0 0.8456 1 0.8123 0
T 16312 108.0 0.8457 1 0.8519 0
T 16320 108.0 0.8457 1 0.8519 0
T 16328 108.0 0.8457 1 0.8519 0
T 16335 108.0 0.8459 1 0.9304 0
T 16342 108.0 0.8459 1 0.9304 0
T 16350 108.0 0.8459 1 0.9304 0
T 16358 108.0 0.8460 1 0.9718 0
T 16365 108.0 0.8460 1 0.9718 0
T 16372 108.0 0.8460 1 0.9718 0
T 16380 108.0 0.8461 1 0.0114 1
T 16388 108.0 0.8461 1 0.0114 0
T 16395 108.0 0.8461 1 0.0114 0
T 16402 108.0 0.8461 1 0.0510 0
T 16410 108.0 0.8461 1 0.0510 0
T 16418 108.0 0.8461 1 0.0510 0
T 16425 108.0 0.8463 1 0.0924 0
T 16432 108.0 0.8463 1 0.0924 0
T 16440 108.0 0.8463 1 0.0924 0
T 16448 108.0 0.8466 1 0.1107 0
T 16455 108.0 0.8466 1 0.1107 0
T 16462 108.0 0.8466 1 0.1107 0
T 16470 108.0 0.8469 1 0.1503 0
T 16478 108.0 0.8469 1 0.1503 0
T 16485 108.0 0.8469 1 0.1503 0
T 16492 108.0 0.8470 1 0.1899 0
T 16500 108.0 0.8470 1 0.1899 0
T 16508 108.0 0.8470 1 0.1899 0
T 16515 108.0 0.8472 1 0.2313 0
T 16522 108.0 0.8472 1 0.2313 0
T 16530 108.0 0.8472 1 0.2313 0
T 16538 108.0 0.8474 1 0.2727 0
T 16545 108.0 0.8474 1 0.2727 0
T 16552 108.0 0.8474 1 0.2727 0
T 16560 108.0 0.8476 1 0.2441 0
T 16568 108.0 0.8476 1 0.2441 0
T 16575 108.0 0.8476 1 0.2441 0
T 16582 108.0 0.8477 1 0.2837 0
T 16590 108.0 0.8477 1 0.2837 0
T 16598 108.0 0.8477 1 0.2837 0
T 16605 108.0 0.8478 1 0.3251 0
T 16612 108.0 0.8478 1 0.3251 0
T 16620 108.0 0.8478 1 0.3251 0
T 16628 108.0 0.8479 1 0.3665 0
T 16635 108.0 0.8479 1 0.3665 0
T 16642 108.0 0.8479 1 0.3665 0
T 16650 108.0 0.8480 1 0.4061 0
T 16658 108.0 0.8480 1 0.4061 0
T 16665 108.0 0.8480 1 0.4061 0
T 16672 108.0 0.8481 1 0.3457 0
T 16680 108.0 0.8481 1 0.3457 0
T 16688 108.0 0.8481 1 0.3457 0
T 16695 108.0 0.8481 1 0.3870 0
T 16702 108.0 0.8481 1 0.3870 0
T 16710 108.0 0.8481 1 0.3870 0
T 16718 108.0 0.8483 1 0.4284 0
T 16725 108.0 0.8483 1 0.4284 0
T 16732 108.0 0.8483 1 0.4284 0
T 16740 108.0 0.8485 1 0.4679 0
T 16748 108.0 0.8485 1 0.4679 0
T 16755 108.0 0.8485 1 0.4679 0
T 16762 108.0 0.8483 1 0.5075 0
T 16770 108.0 0.8483 1 0.5075 0
T 16778 108.0 0.8483 1 0.5075 0
T 16785 108.0 0.8482 1 0.6489 0
T 16792 108.0 0.8482 1 0.6489 0
T 16800 108.0 0.8482 1 0.6489 0
T 16808 108.0 0.8481 1 0.6903 0
T 16815 108.0 0.8481 1 0.6903 0
T 16822 108.0 0.8481 1 0.6903 0
T 16830 108.0 0.8480 1 0.7299 0
T 16838 108.0 0.8480 1 0.7299 0
T 16845 108.0 0.8480 1 0.7299 0
T 16852 108.0 0.8478 1 0.7695 0
T 16860 108.0 0.8478 1 0.7695 0
T 16868 108.0 0.8478 1 0.7695 0
T 16875 108.0 0.8480 1 0.8109 0
T 16882 108.0 0.8480 1 0.8109 0
T 16890 108.0 0.8480 1 0.8109 0
T 16898 108.0 0.8482 1 0.8996 0
T 16905 108.0 0.8482 1 0.8996 0
T 16912 108.0 0.8482 1 0.8996 0
T 16920 108.0 0.8483 1 0.9392 0
T 16928 108.0 0.8483 1 0.9392 0
T 16935 108.0 0.8483 1 0.9392 0
T 16942 108.0 0.8483 1 0.9788 0
T 16950 108.0 0.8483 1 0.9788 0
T 16958 108.0 0.8483 1 0.9788 0
T 16965 108.0 0.8484 1 0.0203 1
T 16972 108.0 0.8484 1 0.0203 0
T 16980 108.0 0.8484 1 0.0203 0
T 16988 108.0 0.8485 1 0.0617 0
T 16995 108.0 0.8485 1 0.0617 0
T 17002 108.0 0.8485 1 0.0617 0
T 17010 108.0 0.8487 1 0.0859 0
T 17018 108.0 0.8487 1 0.0859 0
T 17025 108.0 0.8487 1 0.0859 0
T 17032 108.0 0.8487 1 0.1255 0
T 17040 108.0 0.8487 1 0.1255 0
T 17048 108.0 0.8487 1 0.1255 0
T 17055 108.0 0.8487 1 0.1669 0
T 17062 108.0 0.8487 1 0.1669 0
T 17070 108.0 0.8487 1 0.1669 0
T 17078 108.0 0.8487 1 0.2083 0
T 17085 108.0 0.8487 1 0.2083 0
T 17092 108.0 0.8487 1 0.2083 0
T 17100 108.0 0.8488 1 0.2479 0
T 17108 108.0 0.8488 1 0.2479 0
T 17115 108.0 0.8488 1 0.2479 0
T 17122 108.0 0.8489 1 0.2255 0
T 17130 108.0 0.8489 1 0.2255 0
T 17138 108.0 0.8489 1 0.2255 0
T 17145 108.0 0.8488 1 0.2669 0
T 17152 108.0 0.8488 1 0.2669 0
T 17160 108.0 0.8488 1 0.2669 0
T 17168 108.0 0.8490 1 0.3083 0
T 17175 108.0 0.8490 1 0.3083 0
T 17182 108.0 0.8490 1 0.3083 0
T 17190 108.0 0.8489 1 0.3479 0
T 17198 108.0 0.8489 1 0.3479 0
T 17205 108.0 0.8489 1 0.3479 0
T 17212 108.0 0.8486 1 0.3875 0
T 17220 108.0 0.8486 1 0.3875 0
T 17228 108.0 0.8486 1 0.3875 0
T 17235 108.0 0.8485 1 0.3320 0
T 17242 108.0 0.8485 1 0.3320 0
T 17250 108.0 0.8485 1 0.3320 0
T 17258 108.0 0.8483 1 0.3734 0
T 17265 108.0 0.8483 1 0.3734 0
T 17272 108.0 0.8483 1 0.3734 0
T 17280 108.0 0.8482 1 0.4129 0
T 17288 108.0 0.8482 1 0.4129 0
T 17295 108.0 0.8482 1 0.4129 0
T 17302 108.0 0.8482 1 0.4525 0
T 17310 108.0 0.8482 1 0.4525 0
T 17318 108.0 0.8482 1 0.4525 0
T 17325 108.0 0.8484 1 0.4939 0
T 17332 108.0 0.8484 1 0.4939 0
T 17340 108.0 0.8484 1 0.4939 0
T 17348 108.0 0.8486 1 0.5353 0
T 17355 108.0 0.8486 1 0.5353 0
T 17362 108.0 0.8486 1 0.5353 0
T 17370 108.0 0.8487 1 0.5748 0
T 17378 108.0 0.8487 1 0.5748 0
T 17385 108.0 0.8487 1 0.5748 0
T 17392 108.0 0.8489 1 0.6144 0
T 17400 108.0 0.8489 1 0.6144 0
T 17408 108.0 0.8489 1 0.6144 0
T 17415 108.0 0.8489 1 0.6558 0
T 17422 108.0 0.8489 1 0.6558 0
T 17430 108.0 0.8489 1 0.6558 0
T 17438 108.0 0.8489 1 0.7832 0
T 17445 108.0 0.8489 1 0.7832 0
T 17452 108.0 0.8489 1 0.7832 0
T 17460 108.0 0.8489 1 0.8228 0
T 17468 108.0 0.8489 1 0.8228 0
T 17475 108.0 0.8489 1 0.8228 0
T 17482 108.0 0.8489 1 0.8625 0
T 17490 108.0 0.8489 1 0.8625 0
T 17498 108.0 0.8489 1 0.8625 0
T 17505 108.0 0.8488 1 0.9039 0
T 17512 108.0 0.8488 1 0.9039 0
T 17520 108.0 0.8488 1 0.9039 0
T 17528 108.0 0.8487 1 0.9453 0
T 17535 108.0 0.8487 1 0.9453 0
T 17542 108.0 0.8487 1 0.9453 0
T 17550 108.0 0.8487 1 0.9986 0
T 17558 108.0 0.8487 1 0.9986 0
T 17565 108.0 0.8487 1 0.9986 0
T 17572 108.0 0.8487 1 0.0382 1
T 17580 108.0 0.8487 1 0.0382 0
T 17588 108.0 0.8487 1 0.0382 0
T 17595 108.0 0.8487 1 0.0796 0
T 17602 108.0 0.8487 1 0.0796 0
T 17610 108.0 0.8487 1 0.0796 0
T 17618 108.0 0.8490 1 0.1210 0
T 17625 108.0 0.8490 1 0.1210 0
T 17632 108.0 0.8490 1 0.1210 0
T 17640 108.0 0.8491 1 0.1606 0
T 17648 108.0 0.8491 1 0.1606 0
T 17655 108.0 0.8491 1 0.1606 0
T 17662 108.0 0.8491 1 0.1601 0
T 17670 108.0 0.8491 1 0.1601 0
T 17678 108.0 0.8491 1 0.1601 0
T 17685 108.0 0.8492 1 0.2014 0
T 17692 108.0 0.8492 1 0.2014 0
T 17700 108.0 0.8492 1 0.2014 0
T 17708 108.0 0.8493 1 0.2428 0
T 17715 108.0 0.8493 1 0.2428 0
T 17722 108.0 0.8493 1 0.2428 0
T 17730 108.0 0.8492 1 0.2824 0
T 17738 108.0 0.8492 1 0.2824 0
T 17745 108.0 0.8492 1 0.2824 0
T 17752 108.0 0.8498 1 0.3220 0
T 17760 108.0 0.8498 1 0.3220 0
T 17768 108.0 0.8498 1 0.3220 0
T 17775 108.0 0.8504 1 0.2829 0
T 17782 108.0 0.8504 1 0.2829 0
T 17790 108.0 0.8504 1 0.2829 0
T 17798 108.0 0.8508 1 0.3243 0
T 17805 108.0 0.8508 1 0.3243 0
T 17812 108.0 0.8508 1 0.3243 0
T 17820 108.0 0.8512 1 0.3639 0
T 17828 108.0 0.8512 1 0.3639 0
T 17835 108.0 0.8512 1 0.3639 0
T 17842 108.0 0.8516 1 0.4035 0
T 17850 108.0 0.8516 1 0.4035 0
T 17858 108.0 0.8516 1 0.4035 0
T 17865 108.0 0.8512 1 0.4448 0
T 17872 108.0 0.8512 1 0.4448 0
T 17880 108.0 0.8512 1 0.4448 0
T 17888 108.0 0.8510 1 0.3862 0
T 17895 108.0 0.8510 1 0.3862 0
T 17902 108.0 0.8510 1 0.3862 0
T 17910 108.0 0.8509 1 0.4258 0
T 17918 108.0 0.8509 1 0.4258 0
T 17925 108.0 0.8509 1 0.4258 0
T 17932 108.0 0.8507 1 0.4653 0
T 17940 108.0 0.8507 1 0.4653 0
T 17948 108.0 0.8507 1 0.4653 0
T 17955 108.0 0.8505 1 0.5067 0
T 17962 108.0 0.8505 1 0.5067 0
T 17970 108.0 0.8505 1 0.5067 0
T 17978 108.0 0.8508 1 0.5480 0
T 17985 108.0 0.8508 1 0.5480 0
T 17992 108.0 0.8508 1 0.5480 0
T 18000 108.0 0.8510 1 0.6876 0
T 18008 108.0 0.8510 1 0.6876 0
T 18015 108.0 0.8510 1 0.6876 0
T 18022 108.0 0.8513 1 0.7272 0
T 18030 108.0 0.8513 1 0.7272 0
T 18038 108.0 0.8513 1 0.7272 0
T 18045 108.0 0.8516 1 0.7686 0
T 18052 108.0 0.8516 1 0.7686 0
T 18060 108.0 0.8516 1 0.7686 0
T 18068 108.0 0.8520 1 0.8100 0
T 18075 108.0 0.8520 1 0.8100 0
T 18082 108.0 0.8520 1 0.8100 0
T 18090 108.0 0.8522 1 0.8496 0
T 18098 108.0 0.8522 1 0.8496 0
T 18105 108.0 0.8522 1 0.8496 0
T 18112 108.0 0.8525 1 0.9268 0
T 18120 108.0 0.8525 1 0.9268 0
T 18128 108.0 0.8525 1 0.9268 0
T 18135 108.0 0.8528 1 0.9682 0
T 18142 108.0 0.8528 1 0.9682 0
T 18150 108.0 0.8528 1 0.9682 0
T 18158 108.0 0.8530 1 0.0097 1
T 18165 108.0 0.8530 1 0.0097 0
T 18172 108.0 0.8530 1 0.0097 0
T 18180 108.0 0.8531 1 0.0493 0
T 18188 108.0 0.8531 1 0.0493 0
T 18195 108.0 0.8531 1 0.0493 0
T 18202 108.0 0.8532 1 0.0889 0
T 18210 108.0 0.8532 1 0.0889 0
T 18218 108.0 0.8532 1 0.0889 0
T 18225 108.0 0.8534 1 0.1081 0
T 18232 108.0 0.8534 1 0.1081 0
T 18240 108.0 0.8534 1 0.1081 0
T 18248 108.0 0.8535 1 0.1495 0
T 18255 108.0 0.8535 1 0.1495 0
T 18262 108.0 0.8535 1 0.1495 0
T 18270 108.0 0.8536 1 0.1891 0
T 18278 108.0 0.8536 1 0.1891 0
T 18285 108.0 0.8536 1 0.1891 0
T 18292 108.0 0.8536 1 0.2287 0
T 18300 108.0 0.8536 1 0.2287 0
T 18308 108.0 0.8536 1 0.2287 0
T 18315 108.0 0.8534 1 0.2701 0
T 18322 108.0 0.8534 1 0.2701 0
T 18330 108.0 0.8534 1 0.2701 0
T 18338 108.0 0.8533 1 0.2440 0
T 18345 108.0 0.8533 1 0.2440 0
T 18352 108.0 0.8533 1 0.2440 0
T 18360 108.0 0.8532 1 0.2835 0
T 18368 108.0 0.8532 1 0.2835 0
T 18375 108.0 0.8532 1 0.2835 0
T 18382 108.0 0.8531 1 0.3231 0
T 18390 108.0 0.8531 1 0.3231 0
T 18398 108.0 0.8531 1 0.3231 0
T 18405 108.0 0.8531 1 0.3645 0
T 18412 108.0 0.8531 1 0.3645 0
T 18420 108.0 0.8531 1 0.3645 0
T 18428 108.0 0.8531 1 0.4059 0
T 18435 108.0 0.8531 1 0.4059 0
T 18442 108.0 0.8531 1 0.4059 0
T 18450 108.0 0.8532 1 0.3455 0
T 18458 108.0 0.8532 1 0.3455 0
T 18465 108.0 0.8532 1 0.3455 0
T 18472 108.0 0.8533 1 0.3850 0
T 18480 108.0 0.8533 1 0.3850 0
T 18488 108.0 0.8533 1 0.3850 0
T 18495 108.0 0.8534 1 0.4264 0
T 18502 108.0 0.8534 1 0.4264 0
T 18510 108.0 0.8534 1 0.4264 0
T 18518 108.0 0.8536 1 0.4678 0
T 18525 108.0 0.8536 1 0.4678 0
T 18532 108.0 0.8536 1 0.4678 0
T 18540 108.0 0.8538 1 0.5073 0
T 18548 108.0 0.8538 1 0.5073 0
T 18555 108.0 0.8538 1 0.5073 0
T 18562 108.0 0.8540 1 0.6469 0
T 18570 108.0 0.8540 1 0.6469 0
T 18578 108.0 0.8540 1 0.6469 0
T 18585 108.0 0.8541 1 0.6883 0
T 18592 108.0 0.8541 1 0.6883 0
T 18600 108.0 0.8541 1 0.6883 0
T 18608 108.0 0.8542 1 0.7297 0
T 18615 108.0 0.8542 1 0.7297 0
T 18622 108.0 0.8542 1 0.7297 0
T 18630 108.0 0.8544 1 0.7693 0
T 18638 108.0 0.8544 1 0.7693 0
T 18645 108.0 0.8544 1 0.7693 0
T 18652 108.0 0.8546 1 0.8090 0
T 18660 108.0 0.8546 1 0.8090 0
T 18668 108.0 0.8546 1 0.8090 0
T 18675 108.0 0.8549 1 0.8981 0
T 18682 108.0 0.8549 1 0.8981 0
T 18690 108.0 0.8549 1 0.8981 0
T 18698 108.0 0.8550 1 0.9395 0
T 18705 108.0 0.8550 1 0.9395 0
T 18712 108.0 0.8550 1 0.9395 0
T 18720 108.0 0.8552 1 0.9792 0
T 18728 108.0 0.8552 1 0.9792 0
T 18735 108.0 0.8552 1 0.9792 0
T 18742 108.0 0.8552 1 0.0188 1
T 18750 108.0 0.8552 1 0.0188 0
T 18758 108.0 0.8552 1 0.0188 0
T 18765 108.0 0.8552 1 0.0602 0
T 18772 108.0 0.8552 1 0.0602 0
T 18780 108.0 0.8552 1 0.0602 0
T 18788 108.0 0.8552 1 0.0866 0
T 18795 108.0 0.8552 1 0.0866 0
T 18802 108.0 0.8552 1 0.0866 0
T 18810 108.0 0.8552 1 0.1262 0
T 18818 108.0 0.8552 1 0.1262 0
T 18825 108.0 0.8552 1 0.1262 0
T 18832 108.0 0.8552 1 0.1658 0
T 18840 108.0 0.8552 1 0.1658 0
T 18848 108.0 0.8552 1 0.1658 0
T 18855 108.0 0.8551 1 0.2072 0
T 18862 108.0 0.8551 1 0.2072 0
T 18870 108.0 0.8551 1 0.2072 0
T 18878 108.0 0.8551 1 0.1968 0
T 18885 108.0 0.8551 1 0.1968 0
T 18892 108.0 0.8551 1 0.1968 0
T 18900 108.0 0.8551 1 0.2364 0
T 18908 108.0 0.8551 1 0.2364 0
T 18915 108.0 0.8551 1 0.2364 0
T 18922 108.0 0.8550 1 0.2760 0
T 18930 108.0 0.8550 1 0.2760 0
T 18938 108.0 0.8550 1 0.2760 0
T 18945 108.0 0.8552 1 0.3174 0
T 18952 108.0 0.8552 1 0.3174 0
T 18960 108.0 0.8552 1 0.3174 0
T 18968 108.0 0.8552 1 0.3588 0
T 18975 108.0 0.8552 1 0.3588 0
T 18982 108.0 0.8552 1 0.3588 0
T 18990 108.0 0.8552 1 0.3087 0
T 18998 108.0 0.8552 1 0.3087 0
T 19005 108.0 0.8552 1 0.3087 0
T 19012 108.0 0.8552 1 0.3482 0
T 19020 108.0 0.8552 1 0.3482 0
T 19028 108.0 0.8552 1 0.3482 0
T 19035 108.0 0.8552 1 0.3896 0
T 19042 108.0 0.8552 1 0.3896 0
T 19050 108.0 0.8552 1 0.3896 0
T 19058 108.0 0.8553 1 0.4310 0
T 19065 108.0 0.8553 1 0.4310 0
T 19072 108.0 0.8553 1 0.4310 0
T 19080 108.0 0.8551 1 0.4706 0
T 19088 108.0 0.8551 1 0.4706 0
T 19095 108.0 0.8551 1 0.4706 0
T 19102 108.0 0.8548 1 0.4101 0
T 19110 108.0 0.8548 1 0.4101 0
T 19118 108.0 0.8548 1 0.4101 0
T 19125 108.0 0.8547 1 0.4515 0
T 19132 108.0 0.8547 1 0.4515 0
T 19140 108.0 0.8547 1 0.4515 0
T 19148 108.0 0.8546 1 0.4928 0
T 19155 108.0 0.8546 1 0.4928 0
T 19162 108.0 0.8546 1 0.4928 0
T 19170 108.0 0.8544 1 0.5324 0
T 19178 108.0 0.8544 1 0.5324 0
T 19185 108.0 0.8544 1 0.5324 0
T 19192 108.0 0.8547 1 0.5719 0
T 19200 108.0 0.8547 1 0.5719 0
T 19208 108.0 0.8547 1 0.5719 0
T 19215 108.0 0.8549 1 0.7133 0
T 19222 108.0 0.8549 1 0.7133 0
T 19230 108.0 0.8549 1 0.7133 0
T 19238 108.0 0.8551 1 0.7547 0
T 19245 108.0 0.8551 1 0.7547 0
T 19252 108.0 0.8551 1 0.7547 0
T 19260 108.0 0.8553 1 0.7943 0
T 19268 108.0 0.8553 1 0.7943 0
T 19275 108.0 0.8553 1 0.7943 0
T 19282 108.0 0.8553 1 0.8339 0
T 19290 108.0 0.8553 1 0.8339 0
T 19298 108.0 0.8553 1 0.8339 0
T 19305 108.0 0.8552 1 0.8753 0
T 19312 108.0 0.8552 1 0.8753 0
T 19320 108.0 0.8552 1 0.8753 0
T 19328 108.0 0.8551 1 0.9479 0
T 19335 108.0 0.8551 1 0.9479 0
T 19342 108.0 0.8551 1 0.9479 0
T 19350 108.0 0.8551 1 0.9875 0
T 19358 108.0 0.8551 1 0.9875 0
T 19365 108.0 0.8551 1 0.9875 0
T 19372 108.0 0.8551 1 0.0271 1
T 19380 108.0 0.8551 1 0.0271 0
T 19388 108.0 0.8551 1 0.0271 0
T 19395 108.0 0.8553 1 0.0685 0
T 19402 108.0 0.8553 1 0.0685 0
T 19410 108.0 0.8553 1 0.0685 0
T 19418 108.0 0.8555 1 0.1099 0
T 19425 108.0 0.8555 1 0.1099 0
T 19432 108.0 0.8555 1 0.1099 0
T 19440 108.0 0.8556 1 0.1220 0
T 19448 108.0 0.8556 1 0.1220 0
T 19455 108.0 0.8556 1 0.1220 0
T 19462 108.0 0.8557 1 0.1616 0
T 19470 108.0 0.8557 1 0.1616 0
T 19478 108.0 0.8557 1 0.1616 0
T 19485 108.0 0.8558 1 0.2030 0
T 19492 108.0 0.8558 1 0.2030 0
T 19500 108.0 0.8558 1 0.2030 0
T 19508 108.0 0.8559 1 0.2444 0
T 19515 108.0 0.8559 1 0.2444 0
T 19522 108.0 0.8559 1 0.2444 0
T 19530 108.0 0.8559 1 0.2840 0
T 19538 108.0 0.8559 1 0.2840 0
T 19545 108.0 0.8559 1 0.2840 0
T 19552 108.0 0.8560 1 0.2526 0
T 19560 108.0 0.8560 1 0.2526 0
T 19568 108.0 0.8560 1 0.2526 0
T 19575 108.0 0.8561 1 0.2940 0
T 19582 108.0 0.8561 1 0.2940 0
T 19590 108.0 0.8561 1 0.2940 0
T 19598 108.0 0.8563 1 0.3354 0
T 19605 108.0 0.8563 1 0.3354 0
T 19612 108.0 0.8563 1 0.3354 0
T 19620 108.0 0.8564 1 0.3750 0
T 19628 108.0 0.8564 1 0.3750 0
T 19635 108.0 0.8564 1 0.3750 0
T 19642 108.0 0.8564 1 0.4145 0
T 19650 108.0 0.8564 1 0.4145 0
T 19658 108.0 0.8564 1 0.4145 0
T 19665 108.0 0.8566 1 0.3559 0
T 19672 108.0 0.8566 1 0.3559 0
T 19680 108.0 0.8566 1 0.3559 0
T 19688 108.0 0.8567 1 0.3973 0
T 19695 108.0 0.8567 1 0.3973 0
T 19702 108.0 0.8567 1 0.3973 0
T 19710 108.0 0.8567 1 0.4368 0
T 19718 108.0 0.8567 1 0.4368 0
T 19725 108.0 0.8567 1 0.4368 0
T 19732 108.0 0.8567 1 0.4764 0
T 19740 108.0 0.8567 1 0.4764 0
T 19748 108.0 0.8567 1 0.4764 0
T 19755 108.0 0.8567 1 0.5178 0
T 19762 108.0 0.8567 1 0.5178 0
T 19770 108.0 0.8567 1 0.5178 0
T 19778 108.0 0.8567 1 0.6592 0
T 19785 108.0 0.8567 1 0.6592 0
T 19792 108.0 0.8567 1 0.6592 0
T 19800 108.0 0.8567 1 0.6988 0
T 19808 108.0 0.8567 1 0.6988 0
T 19815 108.0 0.8567 1 0.6988 0
T 19822 108.0 0.8569 1 0.7384 0
T 19830 108.0 0.8569 1 0.7384 0
T 19838 108.0 0.8569 1 0.7384 0
T 19845 108.0 0.8573 1 0.7798 0
T 19852 108.0 0.8573 1 0.7798 0
T 19860 108.0 0.8573 1 0.7798 0
T 19868 108.0 0.8575 1 0.8212 0
T 19875 108.0 0.8575 1 0.8212 0
T 19882 108.0 0.8575 1 0.8212 0
T 19890 108.0 0.8577 1 0.9055 0
T 19898 108.0 0.8577 1 0.9055 0
T 19905 108.0 0.8577 1 0.9055 0
T 19912 108.0 0.8579 1 0.9451 0
T 19920 108.0 0.8579 1 0.9451 0
T 19928 108.0 0.8579 1 0.9451 0
T 19935 108.0 0.8580 1 0.9865 0
T 19942 108.0 0.8580 1 0.9865 0
T 19950 108.0 0.8580 1 0.9865 0
T 19958 108.0 0.8582 1 0.0279 1
T 19965 108.0 0.8582 1 0.0279 0
T 19972 108.0 0.8582 1 0.0279 0
T 19980 108.0 0.8583 1 0.0676 0
T 19988 108.0 0.8583 1 0.0676 0
T 19995 108.0 0.8583 1 0.0676 0
T 20002 108.0 0.8585 1 0.0903 0
T 20010 108.0 0.8585 1 0.0903 0
T 20018 108.0 0.8585 1 0.0903 0
T 20025 108.0 0.8586 1 0.1317 0
T 20032 108.0 0.8586 1 0.1317 0
T 20040 108.0 0.8586 1 0.1317 0
T 20048 108.0 0.8587 1 0.1731 0
T 20055 108.0 0.8587 1 0.1731 0
T 20062 108.0 0.8587 1 0.1731 0
T 20070 108.0 0.8588 1 0.2127 0
T 20078 108.0 0.8588 1 0.2127 0
T 20085 108.0 0.8588 1 0.2127 0
T 20092 108.0 0.8587 1 0.2523 0
T 20100 108.0 0.8587 1 0.2523 0
T 20108 108.0 0.8587 1 0.2523 0
T 20115 108.0 0.8587 1 0.2306 0
T 20122 108.0 0.8587 1 0.2306 0
T 20130 108.0 0.8587 1 0.2306 0
T 20138 108.0 0.8587 1 0.2720 0
T 20145 108.0 0.8587 1 0.2720 0
T 20152 108.0 0.8587 1 0.2720 0
T 20160 108.0 0.8587 1 0.3116 0
T 20168 108.0 0.8587 1 0.3116 0
T 20175 108.0 0.8587 1 0.3116 0
T 20182 108.0 0.8586 1 0.3512 0
T 20190 108.0 0.8586 1 0.3512 0
T 20198 108.0 0.8586 1 0.3512 0
T 20205 108.0 0.8585 1 0.3926 0
T 20212 108.0 0.8585 1 0.3926 0
T 20220 108.0 0.8585 1 0.3926 0
T 20228 108.0 0.8585 1 0.3358 0
T 20235 108.0 0.8585 1 0.3358 0
T 20242 108.0 0.8585 1 0.3358 0
T 20250 108.0 0.8585 1 0.3754 0
T 20258 108.0 0.8585 1 0.3754 0
T 20265 108.0 0.8585 1 0.3754 0
T 20272 108.0 0.8587 1 0.4150 0
T 20280 108.0 0.8587 1 0.4150 0
T 20288 108.0 0.8587 1 0.4150 0
T 20295 108.0 0.8589 1 0.4563 0
T 20302 108.0 0.8589 1 0.4563 0
T 20310 108.0 0.8589 1 0.4563 0
T 20318 108.0 0.8591 1 0.4977 0
T 20325 108.0 0.8591 1 0.4977 0
T 20332 108.0 0.8591 1 0.4977 0
T 20340 108.0 0.8594 1 0.4373 0
T 20348 108.0 0.8594 1 0.4373 0
T 20355 108.0 0.8594 1 0.4373 0
T 20362 108.0 0.8595 1 0.4768 0
T 20370 108.0 0.8595 1 0.4768 0
T 20378 108.0 0.8595 1 0.4768 0
T 20385 108.0 0.8597 1 0.5182 0
T 20392 108.0 0.8597 1 0.5182 0
T 20400 108.0 0.8597 1 0.5182 0
T 20408 108.0 0.8598 1 0.5595 0
T 20415 108.0 0.8598 1 0.5595 0
T 20422 108.0 0.8598 1 0.5595 0
T 20430 108.0 0.8599 1 0.5991 0
T 20438 108.0 0.8599 1 0.5991 0
T 20445 108.0 0.8599 1 0.5991 0
T 20452 108.0 0.8601 1 0.7386 0
T 20460 108.0 0.8601 1 0.7386 0
T 20468 108.0 0.8601 1 0.7386 0
T 20475 108.0 0.8601 1 0.7800 0
T 20482 108.0 0.8601 1 0.7800 0
T 20490 108.0 0.8601 1 0.7800 0
T 20498 108.0 0.8602 1 0.8214 0
T 20505 108.0 0.8602 1 0.8214 0
T 20512 108.0 0.8602 1 0.8214 0
T 20520 108.0 0.8604 1 0.8610 0
T 20528 108.0 0.8604 1 0.8610 0
T 20535 108.0 0.8604 1 0.8610 0
T 20542 108.0 0.8605 1 0.9006 0
T 20550 108.0 0.8605 1 0.9006 0
T 20558 108.0 0.8605 1 0.9006 0
T 20565 108.0 0.8607 1 0.9669 0
T 20572 108.0 0.8607 1 0.9669 0
T 20580 108.0 0.8607 1 0.9669 0
T 20588 108.0 0.8609 1 0.0083 1
T 20595 108.0 0.8609 1 0.0083 0
T 20602 108.0 0.8609 1 0.0083 0
T 20610 108.0 0.8610 1 0.0479 0
T 20618 108.0 0.8610 1 0.0479 0
T 20625 108.0 0.8610 1 0.0479 0
T 20632 108.0 0.8610 1 0.0875 0
T 20640 108.0 0.8610 1 0.0875 0
T 20648 108.0 0.8610 1 0.0875 0
T 20655 108.0 0.8610 1 0.1070 0
T 20662 108.0 0.8610 1 0.1070 0
T 20670 108.0 0.8610 1 0.1070 0
T 20678 108.0 0.8611 1 0.1484 0
T 20685 108.0 0.8611 1 0.1484 0
T 20692 108.0 0.8611 1 0.1484 0
T 20700 108.0 0.8610 1 0.1880 0
T 20708 108.0 0.8610 1 0.1880 0
T 20715 108.0 0.8610 1 0.1880 0
T 20722 108.0 0.8612 1 0.2276 0
T 20730 108.0 0.8612 1 0.2276 0
T 20738 108.0 0.8612 1 0.2276 0
T 20745 108.0 0.8613 1 0.2690 0
T 20752 108.0 0.8613 1 0.2690 0
T 20760 108.0 0.8613 1 0.2690 0
T 20768 108.0 0.8613 1 0.2431 0
T 20775 108.0 0.8613 1 0.2431 0
T 20782 108.0 0.8613 1 0.2431 0
T 20790 108.0 0.8614 1 0.2827 0
T 20798 108.0 0.8614 1 0.2827 0
T 20805 108.0 0.8614 1 0.2827 0
T 20812 108.0 0.8615 1 0.3223 0
T 20820 108.0 0.8615 1 0.3223 0
T 20828 108.0 0.8615 1 0.3223 0
T 20835 108.0 0.8616 1 0.3637 0
T 20842 108.0 0.8616 1 0.3637 0
T 20850 108.0 0.8616 1 0.3637 0
T 20858 108.0 0.8614 1 0.4051 0
T 20865 108.0 0.8614 1 0.4051 0
T 20872 108.0 0.8614 1 0.4051 0
T 20880 108.0 0.8613 1 0.3447 0
T 20888 108.0 0.8613 1 0.3447 0
T 20895 108.0 0.8613 1 0.3447 0
T 20902 108.0 0.8612 1 0.3842 0
T 20910 108.0 0.8612 1 0.3842 0
T 20918 108.0 0.8612 1 0.3842 0
T 20925 108.0 0.8611 1 0.4256 0
T 20932 108.0 0.8611 1 0.4256 0
T 20940 108.0 0.8611 1 0.4256 0
T 20948 108.0 0.8610 1 0.4669 0
T 20955 108.0 0.8610 1 0.4669 0
T 20962 108.0 0.8610 1 0.4669 0
T 20970 108.0 0.8612 1 0.5065 0
T 20978 108.0 0.8612 1 0.5065 0
T 20985 108.0 0.8612 1 0.5065 0
T 20992 108.0 0.8613 1 0.6461 0
T 21000 108.0 0.8613 1 0.6461 0
T 21008 108.0 0.8613 1 0.6461 0
T 21015 108.0 0.8614 1 0.6875 0
T 21022 108.0 0.8614 1 0.6875 0
T 21030 108.0 0.8614 1 0.6875 0
T 21038 108.0 0.8616 1 0.7289 0
T 21045 108.0 0.8616 1 0.7289 0
T 21052 108.0 0.8616 1 0.7289 0
T 21060 108.0 0.8616 1 0.7685 0
T 21068 108.0 0.8616 1 0.7685 0
T 21075 108.0 0.8616 1 0.7685 0
T 21082 108.0 0.8617 1 0.8081 0
T 21090 108.0 0.8617 1 0.8081 0
T 21098 108.0 0.8617 1 0.8081 0
T 21105 108.0 0.8617 1 0.8975 0
T 21112 108.0 0.8617 1 0.8975 0
T 21120 108.0 0.8617 1 0.8975 0
T 21128 108.0 0.8618 1 0.9389 0
T 21135 108.0 0.8618 1 0.9389 0
T 21142 108.0 0.8618 1 0.9389 0
T 21150 108.0 0.8619 1 0.9785 0
T 21158 108.0 0.8619 1 0.9785 0
T 21165 108.0 0.8619 1 0.9785 0
T 21172 108.0 0.8622 1 0.0182 1
T 21180 108.0 0.8622 1 0.0182 0
T 21188 108.0 0.8622 1 0.0182 0
T 21195 108.0 0.8624 1 0.0596 0
T 21202 108.0 0.8624 1 0.0596 0
T 21210 108.0 0.8624 1 0.0596 0
T 21218 108.0 0.8627 1 0.0861 0
T 21225 108.0 0.8627 1 0.0861 0
T 21232 108.0 0.8627 1 0.0861 0
T 21240 108.0 0.8629 1 0.1257 0
T 21248 108.0 0.8629 1 0.1257 0
T 21255 108.0 0.8629 1 0.1257 0
T 21262 108.0 0.8631 1 0.1653 0
T 21270 108.0 0.8631 1 0.1653 0
T 21278 108.0 0.8631 1 0.1653 0
T 21285 108.0 0.8632 1 0.2067 0
T 21292 108.0 0.8632 1 0.2067 0
T 21300 108.0 0.8632 1 0.2067 0
T 21308 108.0 0.8633 1 0.2481 0
T 21315 108.0 0.8633 1 0.2481 0
T 21322 108.0 0.8633 1 0.2481 0
T 21330 108.0 0.8634 1 0.2257 0
T 21338 108.0 0.8634 1 0.2257 0
T 21345 108.0 0.8634 1 0.2257 0
T 21352 108.0 0.8635 1 0.2653 0
T 21360 108.0 0.8635 1 0.2653 0
T 21368 108.0 0.8635 1 0.2653 0
T 21375 108.0 0.8636 1 0.3067 0
T 21382 108.0 0.8636 1 0.3067 0
T 21390 108.0 0.8636 1 0.3067 0
T 21398 108.0 0.8637 1 0.3481 0
T 21405 108.0 0.8637 1 0.3481 0
T 21412 108.0 0.8637 1 0.3481 0
T 21420 108.0 0.8637 1 0.3876 0
T 21428 108.0 0.8637 1 0.3876 0
T 21435 108.0 0.8637 1 0.3876 0
T 21442 108.0 0.8638 1 0.3303 0
T 21450 108.0 0.8638 1 0.3303 0
T 21458 108.0 0.8638 1 0.3303 0
T 21465 108.0 0.8638 1 0.3717 0
T 21472 108.0 0.8638 1 0.3717 0
T 21480 108.0 0.8638 1 0.3717 0
T 21488 108.0 0.8639 1 0.4131 0
T 21495 108.0 0.8639 1 0.4131 0
T 21502 108.0 0.8639 1 0.4131 0
T 21510 108.0 0.8639 1 0.4526 0
T 21518 108.0 0.8639 1 0.4526 0
T 21525 108.0 0.8639 1 0.4526 0
T 21532 108.0 0.8638 1 0.4922 0
T 21540 108.0 0.8638 1 0.4922 0
T 21548 108.0 0.8638 1 0.4922 0
T 21555 108.0 0.8639 1 0.4336 0
T 21562 108.0 0.8639 1 0.4336 0
T 21570 108.0 0.8639 1 0.4336 0
T 21578 108.0 0.8639 1 0.4749 0
T 21585 108.0 0.8639 1 0.4749 0
T 21592 108.0 0.8639 1 0.4749 0
T 21600 108.0 0.8641 1 0.5145 0
T 21608 108.0 0.8641 1 0.5145 0
T 21615 108.0 0.8641 1 0.5145 0
T 21622 108.0 0.8644 1 0.5540 0
T 21630 108.0 0.8644 1 0.5540 0
T 21638 108.0 0.8644 1 0.5540 0
T 21645 108.0 0.8648 1 0.5954 0
T 21652 108.0 0.8648 1 0.5954 0
T 21660 108.0 0.8648 1 0.5954 0
T 21668 108.0 0.8651 1 0.7367 0
T 21675 108.0 0.8651 1 0.7367 0
T 21682 108.0 0.8651 1 0.7367 0
T 21690 108.0 0.8654 1 0.7763 0
T 21698 108.0 0.8654 1 0.7763 0
T 21705 108.0 0.8654 1 0.7763 0
T 21712 108.0 0.8656 1 0.8159 0
T 21720 108.0 0.8656 1 0.8159 0
T 21728 108.0 0.8656 1 0.8159 0
T 21735 108.0 0.8658 1 0.8573 0
T 21742 108.0 0.8658 1 0.8573 0
T 21750 108.0 0.8658 1 0.8573 0
T 21758 108.0 0.8657 1 0.8987 0
T 21765 108.0 0.8657 1 0.8987 0
T 21772 108.0 0.8657 1 0.8987 0
T 21780 108.0 0.8657 1 0.9636 0
T 21788 108.0 0.8657 1 0.9636 0
T 21795 108.0 0.8657 1 0.9636 0
T 21802 108.0 0.8658 1 0.0032 1
T 21810 108.0 0.8658 1 0.0032 0
T 21818 108.0 0.8658 1 0.0032 0
T 21825 108.0 0.8658 1 0.0447 0
T 21832 108.0 0.8658 1 0.0447 0
T 21840 108.0 0.8658 1 0.0447 0
T 21848 108.0 0.8658 1 0.0861 0
T 21855 108.0 0.8658 1 0.0861 0
T 21862 108.0 0.8658 1 0.0861 0
T 21870 108.0 0.8657 1 0.1257 0
T 21878 108.0 0.8657 1 0.1257 0
T 21885 108.0 0.8657 1 0.1257 0
T 21892 108.0 0.8657 1 0.1338 0
T 21900 108.0 0.8657 1 0.1338 0
T 21908 108.0 0.8657 1 0.1338 0
T 21915 108.0 0.8657 1 0.1752 0
T 21922 108.0 0.8657 1 0.1752 0
T 21930 108.0 0.8657 1 0.1752 0
T 21938 108.0 0.8657 1 0.2166 0
T 21945 108.0 0.8657 1 0.2166 0
T 21952 108.0 0.8657 1 0.2166 0
T 21960 108.0 0.8656 1 0.2562 0
T 21968 108.0 0.8656 1 0.2562 0
T 21975 108.0 0.8656 1 0.2562 0
T 21982 108.0 0.8655 1 0.2958 0
T 21990 108.0 0.8655 1 0.2958 0
T 21998 108.0 0.8655 1 0.2958 0
T 22005 108.0 0.8656 1 0.2633 0
T 22012 108.0 0.8656 1 0.2633 0
T 22020 108.0 0.8656 1 0.2633 0
T 22028 108.0 0.8655 1 0.3046 0
T 22035 108.0 0.8655 1 0.3046 0
T 22042 108.0 0.8655 1 0.3046 0
T 22050 108.0 0.8656 1 0.3442 0
T 22058 108.0 0.8656 1 0.3442 0
T 22065 108.0 0.8656 1 0.3442 0
T 22072 108.0 0.8658 1 0.3838 0
T 22080 108.0 0.8658 1 0.3838 0
T 22088 108.0 0.8658 1 0.3838 0
T 22095 108.0 0.8659 1 0.4252 0
T 22102 108.0 0.8659 1 0.4252 0
T 22110 108.0 0.8659 1 0.4252 0
T 22118 108.0 0.8661 1 0.3666 0
T 22125 108.0 0.8661 1 0.3666 0
T 22132 108.0 0.8661 1 0.3666 0
T 22140 108.0 0.8662 1 0.4061 0
T 22148 108.0 0.8662 1 0.4061 0
T 22155 108.0 0.8662 1 0.4061 0
T 22162 108.0 0.8663 1 0.4457 0
T 22170 108.0 0.8663 1 0.4457 0
T 22178 108.0 0.8663 1 0.4457 0
T 22185 108.0 0.8664 1 0.4870 0
T 22192 108.0 0.8664 1 0.4870 0
T 22200 108.0 0.8664 1 0.4870 0
T 22208 108.0 0.8665 1 0.5284 0
T 22215 108.0 0.8665 1 0.5284 0
T 22222 108.0 0.8665 1 0.5284 0
T 22230 108.0 0.8667 1 0.6680 0
T 22238 108.0 0.8667 1 0.6680 0
T 22245 108.0 0.8667 1 0.6680 0
T 22252 108.0 0.8668 1 0.7076 0
T 22260 108.0 0.8668 1 0.7076 0
T 22268 108.0 0.8668 1 0.7076 0
T 22275 108.0 0.8668 1 0.7490 0
T 22282 108.0 0.8668 1 0.7490 0
T 22290 108.0 0.8668 1 0.7490 0
T 22298 108.0 0.8669 1 0.7904 0
T 22305 108.0 0.8669 1 0.7904 0
T 22312 108.0 0.8669 1 0.7904 0
T 22320 108.0 0.8670 1 0.8300 0
T 22328 108.0 0.8670 1 0.8300 0
T 22335 108.0 0.8670 1 0.8300 0
T 22342 108.0 0.8671 1 0.9121 0
T 22350 108.0 0.8671 1 0.9121 0
T 22358 108.0 0.8671 1 0.9121 0
T 22365 108.0 0.8672 1 0.9535 0
T 22372 108.0 0.8672 1 0.9535 0
T 22380 108.0 0.8672 1 0.9535 0
T 22388 108.0 0.8672 1 0.9949 0
T 22395 108.0 0.8672 1 0.9949 0
T 22402 108.0 0.8672 1 0.9949 0
T 22410 108.0 0.8673 1 0.0345 1
T 22418 108.0 0.8673 1 0.0345 0
T 22425 108.0 0.8673 1 0.0345 0
T 22432 108.0 0.8674 1 0.0655 0
T 22440 108.0 0.8674 1 0.0655 0
T 22448 108.0 0.8674 1 0.0655 0
T 22455 108.0 0.8676 1 0.1069 0
T 22462 108.0 0.8676 1 0.1069 0
T 22470 108.0 0.8676 1 0.1069 0
T 22478 108.0 0.8675 1 0.1483 0
T 22485 108.0 0.8675 1 0.1483 0
T 22492 108.0 0.8675 1 0.1483 0
T 22500 108.0 0.8679 1 0.1879 0
T 22508 108.0 0.8679 1 0.1879 0
T 22515 108.0 0.8679 1 0.1879 0
T 22522 108.0 0.8679 1 0.2276 0
T 22530 108.0 0.8679 1 0.2276 0
T 22538 108.0 0.8679 1 0.2276 0
T 22545 108.0 0.8679 1 0.2121 0
T 22552 108.0 0.8679 1 0.2121 0
T 22560 108.0 0.8679 1 0.2121 0
T 22568 108.0 0.8680 1 0.2535 0
T 22575 108.0 0.8680 1 0.2535 0
T 22582 108.0 0.8680 1 0.2535 0
T 22590 108.0 0.8681 1 0.2930 0
T 22598 108.0 0.8681 1 0.2930 0
T 22605 108.0 0.8681 1 0.2930 0
T 22612 108.0 0.8681 1 0.3326 0
T 22620 108.0 0.8681 1 0.3326 0
T 22628 108.0 0.8681 1 0.3326 0
T 22635 108.0 0.8681 1 0.3740 0
T 22642 108.0 0.8681 1 0.3740 0
T 22650 108.0 0.8681 1 0.3740 0
T 22658 108.0 0.8680 1 0.3219 0
T 22665 108.0 0.8680 1 0.3219 0
T 22672 108.0 0.8680 1 0.3219 0
T 22680 108.0 0.8680 1 0.3615 0
T 22688 108.0 0.8680 1 0.3615 0
T 22695 108.0 0.8680 1 0.3615 0
T 22702 108.0 0.8680 1 0.4011 0
T 22710 108.0 0.8680 1 0.4011 0
T 22718 108.0 0.8680 1 0.4011 0
T 22725 108.0 0.8679 1 0.4424 0
T 22732 108.0 0.8679 1 0.4424 0
T 22740 108.0 0.8679 1 0.4424 0
T 22748 108.0 0.8681 1 0.4838 0
T 22755 108.0 0.8681 1 0.4838 0
T 22762 108.0 0.8681 1 0.4838 0
T 22770 108.0 0.8682 1 0.4234 0
T 22778 108.0 0.8682 1 0.4234 0
T 22785 108.0 0.8682 1 0.4234 0
T 22792 108.0 0.8684 1 0.4629 0
T 22800 108.0 0.8684 1 0.4629 0
T 22808 108.0 0.8684 1 0.4629 0
T 22815 108.0 0.8685 1 0.5043 0
T 22822 108.0 0.8685 1 0.5043 0
T 22830 108.0 0.8685 1 0.5043 0
T 22838 108.0 0.8685 1 0.5456 0
T 22845 108.0 0.8685 1 0.5456 0
T 22852 108.0 0.8685 1 0.5456 0
T 22860 108.0 0.8685 1 0.5852 0
T 22868 108.0 0.8685 1 0.5852 0
T 22875 108.0 0.8685 1 0.5852 0
T 22882 108.0 0.8685 1 0.7247 0
T 22890 108.0 0.8685 1 0.7247 0
T 22898 108.0 0.8685 1 0.7247 0
T 22905 108.0 0.8686 1 0.7661 0
T 22912 108.0 0.8686 1 0.7661 0
T 22920 108.0 0.8686 1 0.7661 0
T 22928 108.0 0.8687 1 0.8075 0
T 22935 108.0 0.8687 1 0.8075 0
T 22942 108.0 0.8687 1 0.8075 0
T 22950 108.0 0.8689 1 0.8471 0
T 22958 108.0 0.8689 1 0.8471 0
T 22965 108.0 0.8689 1 0.8471 0
T 22972 108.0 0.8691 1 0.8867 0
T 22980 108.0 0.8691 1 0.8867 0
T 22988 108.0 0.8691 1 0.8867 0
T 22995 108.0 0.8692 1 0.9565 0
T 23002 108.0 0.8692 1 0.9565 0
T 23010 108.0 0.8692 1 0.9565 0
T 23018 108.0 0.8693 1 0.9979 0
T 23025 108.0 0.8693 1 0.9979 0
T 23032 108.0 0.8693 1 0.9979 0
T 23040 108.0 0.8695 1 0.0375 1
T 23048 108.0 0.8695 1 0.0375 0
T 23055 108.0 0.8695 1 0.0375 0
T 23062 108.0 0.8697 1 0.0771 0
T 23070 108.0 0.8697 1 0.0771 0
T 23078 108.0 0.8697 1 0.0771 0
T 23085 108.0 0.8699 1 0.1185 0
T 23092 108.0 0.8699 1 0.1185 0
T 23100 108.0 0.8699 1 0.1185 0
T 23108 108.0 0.8700 1 0.1303 0
T 23115 108.0 0.8700 1 0.1303 0
T 23122 108.0 0.8700 1 0.1303 0
T 23130 108.0 0.8702 1 0.1699 0
T 23138 108.0 0.8702 1 0.1699 0
T 23145 108.0 0.8702 1 0.1699 0
T 23152 108.0 0.8703 1 0.2095 0
T 23160 108.0 0.8703 1 0.2095 0
T 23168 108.0 0.8703 1 0.2095 0
T 23175 108.0 0.8704 1 0.2509 0
T 23182 108.0 0.8704 1 0.2509 0
T 23190 108.0 0.8704 1 0.2509 0
T 23198 108.0 0.8703 1 0.2922 0
T 23205 108.0 0.8703 1 0.2922 0
T 23212 108.0 0.8703 1 0.2922 0
T 23220 108.0 0.8704 1 0.2588 0
T 23228 108.0 0.8704 1 0.2588 0
T 23235 108.0 0.8704 1 0.2588 0
T 23242 108.0 0.8704 1 0.2984 0
T 23250 108.0 0.8704 1 0.2984 0
T 23258 108.0 0.8704 1 0.2984 0
T 23265 108.0 0.8705 1 0.3397 0
T 23272 108.0 0.8705 1 0.3397 0
T 23280 108.0 0.8705 1 0.3397 0
T 23288 108.0 0.8705 1 0.3811 0
T 23295 108.0 0.8705 1 0.3811 0
T 23302 108.0 0.8705 1 0.3811 0
T 23310 108.0 0.8705 1 0.4207 0
T 23318 108.0 0.8705 1 0.4207 0
T 23325 108.0 0.8705 1 0.4207 0
T 23332 108.0 0.8706 1 0.3603 0
T 23340 108.0 0.8706 1 0.3603 0
T 23348 108.0 0.8706 1 0.3603 0
T 23355 108.0 0.8706 1 0.4016 0
T 23362 108.0 0.8706 1 0.4016 0
T 23370 108.0 0.8706 1 0.4016 0
T 23378 108.0 0.8708 1 0.4430 0
T 23385 108.0 0.8708 1 0.4430 0
T 23392 108.0 0.8708 1 0.4430 0
T 23400 108.0 0.8711 1 0.4826 0
T 23408 108.0 0.8711 1 0.4826 0
T 23415 108.0 0.8711 1 0.4826 0
T 23422 108.0 0.8712 1 0.5221 0
T 23430 108.0 0.8712 1 0.5221 0
T 23438 108.0 0.8712 1 0.5221 0
T 23445 108.0 0.8714 1 0.6635 0
T 23452 108.0 0.8714 1 0.6635 0
T 23460 108.0 0.8714 1 0.6635 0
T 23468 108.0 0.8715 1 0.7049 0
T 23475 108.0 0.8715 1 0.7049 0
T 23482 108.0 0.8715 1 0.7049 0
T 23490 108.0 0.8716 1 0.7445 0
T 23498 108.0 0.8716 1 0.7445 0
T 23505 108.0 0.8716 1 0.7445 0
T 23512 108.0 0.8717 1 0.7841 0
T 23520 108.0 0.8717 1 0.7841 0
T 23528 108.0 0.8717 1 0.7841 0
T 23535 108.0 0.8718 1 0.8255 0
T 23542 108.0 0.8718 1 0.8255 0
T 23550 108.0 0.8718 1 0.8255 0
T 23558 108.0 0.8719 1 0.9106 0
T 23565 108.0 0.8719 1 0.9106 0
T 23572 108.0 0.8719 1 0.9106 0
T 23580 108.0 0.8720 1 0.9502 0
T 23588 108.0 0.8720 1 0.9502 0
T 23595 108.0 0.8720 1 0.9502 0
T 23602 108.0 0.8720 1 0.9898 0
T 23610 108.0 0.8720 1 0.9898 0
T 23618 108.0 0.8720 1 0.9898 0
T 23625 108.0 0.8720 1 0.0312 1
T 23632 108.0 0.8720 1 0.0312 0
T 23640 108.0 0.8720 1 0.0312 0
T 23648 108.0 0.8719 1 0.0726 0
T 23655 108.0 0.8719 1 0.0726 0
T 23662 108.0 0.8719 1 0.0726 0
T 23670 108.0 0.8719 1 0.0941 0
T 23678 108.0 0.8719 1 0.0941 0
T 23685 108.0 0.8719 1 0.0941 0
T 23692 108.0 0.8719 1 0.1337 0
T 23700 108.0 0.8719 1 0.1337 0
T 23708 108.0 0.8719 1 0.1337 0
T 23715 108.0 0.8718 1 0.1751 0
T 23722 108.0 0.8718 1 0.1751 0
T 23730 108.0 0.8718 1 0.1751 0
T 23738 108.0 0.8718 1 0.2165 0
T 23745 108.0 0.8718 1 0.2165 0
T 23752 108.0 0.8718 1 0.2165 0
T 23760 108.0 0.8717 1 0.2561 0
T 23768 108.0 0.8717 1 0.2561 0
T 23775 108.0 0.8717 1 0.2561 0
T 23782 108.0 0.8717 1 0.2317 0
T 23790 108.0 0.8717 1 0.2317 0
T 23798 108.0 0.8717 1 0.2317 0
T 23805 108.0 0.8716 1 0.2731 0
T 23812 108.0 0.8716 1 0.2731 0
T 23820 108.0 0.8716 1 0.2731 0
T 23828 108.0 0.8717 1 0.3144 0
T 23835 108.0 0.8717 1 0.3144 0
T 23842 108.0 0.8717 1 0.3144 0
T 23850 108.0 0.8717 1 0.3540 0
T 23858 108.0 0.8717 1 0.3540 0
T 23865 108.0 0.8717 1 0.3540 0
T 23872 108.0 0.8718 1 0.3936 0
T 23880 108.0 0.8718 1 0.3936 0
T 23888 108.0 0.8718 1 0.3936 0
T 23895 108.0 0.8719 1 0.3366 0
T 23902 108.0 0.8719 1 0.3366 0
T 23910 108.0 0.8719 1 0.3366 0
T 23918 108.0 0.8719 1 0.3780 0
T 23925 108.0 0.8719 1 0.3780 0
T 23932 108.0 0.8719 1 0.3780 0
T 23940 108.0 0.8720 1 0.4175 0
T 23948 108.0 0.8720 1 0.4175 0
T 23955 108.0 0.8720 1 0.4175 0
T 23962 108.0 0.8720 1 0.4571 0
T 23970 108.0 0.8720 1 0.4571 0
T 23978 108.0 0.8720 1 0.4571 0
T 23985 108.0 0.8721 1 0.4985 0
T 23992 108.0 0.8721 1 0.4985 0
T 24000 108.0 0.8721 1 0.4985 0
T 24008 108.0 0.8723 1 0.4398 0
T 24015 108.0 0.8723 1 0.4398 0
T 24022 108.0 0.8723 1 0.4398 0
T 24030 108.0 0.8723 1 0.4794 0
T 24038 108.0 0.8723 1 0.4794 0
T 24045 108.0 0.8723 1 0.4794 0
T 24052 108.0 0.8723 1 0.5189 0
T 24060 108.0 0.8723 1 0.5189 0
T 24068 108.0 0.8723 1 0.5189 0
T 24075 108.0 0.8724 1 0.5603 0
T 24082 108.0 0.8724 1 0.5603 0
T 24090 108.0 0.8724 1 0.5603 0
T 24098 108.0 0.8725 1 0.6016 0
T 24105 108.0 0.8725 1 0.6016 0
T 24112 108.0 0.8725 1 0.6016 0
T 24120 108.0 0.8726 1 0.7408 0
T 24128 108.0 0.8726 1 0.7408 0
T 24135 108.0 0.8726 1 0.7408 0
T 24142 108.0 0.8727 1 0.7804 0
T 24150 108.0 0.8727 1 0.7804 0
T 24158 108.0 0.8727 1 0.7804 0
T 24165 108.0 0.8727 1 0.8218 0
T 24172 108.0 0.8727 1 0.8218 0
T 24180 108.0 0.8727 1 0.8218 0
T 24188 108.0 0.8727 1 0.8632 0
T 24195 108.0 0.8727 1 0.8632 0
T 24202 108.0 0.8727 1 0.8632 0
T 24210 108.0 0.8728 1 0.9370 0
T 24218 108.0 0.8728 1 0.9370 0
T 24225 108.0 0.8728 1 0.9370 0
T 24232 108.0 0.8729 1 0.9766 0
T 24240 108.0 0.8729 1 0.9766 0
T 24248 108.0 0.8729 1 0.9766 0
T 24255 108.0 0.8728 1 0.0180 1
T 24262 108.0 0.8728 1 0.0180 0
T 24270 108.0 0.8728 1 0.0180 0
T 24278 108.0 0.8731 1 0.0594 0
T 24285 108.0 0.8731 1 0.0594 0
T 24292 108.0 0.8731 1 0.0594 0
T 24300 108.0 0.8732 1 0.0990 0
T 24308 108.0 0.8732 1 0.0990 0
T 24315 108.0 0.8732 1 0.0990 0
T 24322 108.0 0.8732 1 0.1139 0
T 24330 108.0 0.8732 1 0.1139 0
T 24338 108.0 0.8732 1 0.1139 0
T 24345 108.0 0.8734 1 0.1553 0
T 24352 108.0 0.8734 1 0.1553 0
T 24360 108.0 0.8734 1 0.1553 0
T 24368 108.0 0.8734 1 0.1966 0
T 24375 108.0 0.8734 1 0.1966 0
T 24382 108.0 0.8734 1 0.1966 0
T 24390 108.0 0.8735 1 0.2362 0
T 24398 108.0 0.8735 1 0.2362 0
T 24405 108.0 0.8735 1 0.2362 0
T 24412 108.0 0.8734 1 0.2758 0
T 24420 108.0 0.8734 1 0.2758 0
T 24428 108.0 0.8734 1 0.2758 0
T 24435 108.0 0.8732 1 0.2483 0
T 24442 108.0 0.8732 1 0.2483 0
T 24450 108.0 0.8732 1 0.2483 0
T 24458 108.0 0.8732 1 0.2897 0
T 24465 108.0 0.8732 1 0.2897 0
T 24472 108.0 0.8732 1 0.2897 0
T 24480 108.0 0.8731 1 0.3292 0
T 24488 108.0 0.8731 1 0.3292 0
T 24495 108.0 0.8731 1 0.3292 0
T 24502 108.0 0.8730 1 0.3688 0
T 24510 108.0 0.8730 1 0.3688 0
T 24518 108.0 0.8730 1 0.3688 0
T 24525 108.0 0.8731 1 0.4102 0
T 24532 108.0 0.8731 1 0.4102 0
T 24540 108.0 0.8731 1 0.4102 0
T 24548 108.0 0.8732 1 0.3516 0
T 24555 108.0 0.8732 1 0.3516 0
T 24562 108.0 0.8732 1 0.3516 0
T 24570 108.0 0.8733 1 0.3911 0
T 24578 108.0 0.8733 1 0.3911 0
T 24585 108.0 0.8733 1 0.3911 0
T 24592 108.0 0.8734 1 0.4307 0
T 24600 108.0 0.8734 1 0.4307 0
T 24608 108.0 0.8734 1 0.4307 0
T 24615 108.0 0.8733 1 0.4721 0
T 24622 108.0 0.8733 1 0.4721 0
T 24630 108.0 0.8733 1 0.4721 0
T 24638 108.0 0.8733 1 0.5134 0
T 24645 108.0 0.8733 1 0.5134 0
T 24652 108.0 0.8733 1 0.5134 0
T 24660 108.0 0.8733 1 0.6530 0
T 24668 108.0 0.8733 1 0.6530 0
T 24675 108.0 0.8733 1 0.6530 0
T 24682 108.0 0.8733 1 0.6926 0
T 24690 108.0 0.8733 1 0.6926 0
T 24698 108.0 0.8733 1 0.6926 0
T 24705 108.0 0.8733 1 0.7340 0
T 24712 108.0 0.8733 1 0.7340 0
T 24720 108.0 0.8733 1 0.7340 0
T 24728 108.0 0.8735 1 0.7754 0
T 24735 108.0 0.8735 1 0.7754 0
T 24742 108.0 0.8735 1 0.7754 0
T 24750 108.0 0.8736 1 0.8150 0
T 24758 108.0 0.8736 1 0.8150 0
T 24765 108.0 0.8736 1 0.8150 0
T 24772 108.0 0.8737 1 0.9009 0
T 24780 108.0 0.8737 1 0.9009 0
T 24788 108.0 0.8737 1 0.9009 0
T 24795 108.0 0.8737 1 0.9423 0
T 24802 108.0 0.8737 1 0.9423 0
T 24810 108.0 0.8737 1 0.9423 0
T 24818 108.0 0.8739 1 0.9837 0
T 24825 108.0 0.8739 1 0.9837 0
T 24832 108.0 0.8739 1 0.9837 0
T 24840 108.0 0.8740 1 0.0233 1
T 24848 108.0 0.8740 1 0.0233 0
T 24855 108.0 0.8740 1 0.0233 0
T 24862 108.0 0.8741 1 0.0630 0
T 24870 108.0 0.8741 1 0.0630 0
T 24878 108.0 0.8741 1 0.0630 0
T 24885 108.0 0.8742 1 0.0886 0
T 24892 108.0 0.8742 1 0.0886 0
T 24900 108.0 0.8742 1 0.0886 0
T 24908 108.0 0.8743 1 0.1300 0
T 24915 108.0 0.8743 1 0.1300 0
T 24922 108.0 0.8743 1 0.1300 0
T 24930 108.0 0.8744 1 0.1696 0
T 24938 108.0 0.8744 1 0.1696 0
T 24945 108.0 0.8744 1 0.1696 0
T 24952 108.0 0.8746 1 0.2093 0
T 24960 108.0 0.8746 1 0.2093 0
T 24968 108.0 0.8746 1 0.2093 0
T 24975 108.0 0.8746 1 0.2507 0
T 24982 108.0 0.8746 1 0.2507 0
T 24990 108.0 0.8746 1 0.2507 0
T 24998 108.0 0.8747 1 0.2294 0
T 25005 108.0 0.8747 1 0.2294 0
T 25012 108.0 0.8747 1 0.2294 0
T 25020 108.0 0.8748 1 0.2690 0
T 25028 108.0 0.8748 1 0.2690 0
T 25035 108.0 0.8748 1 0.2690 0
T 25042 108.0 0.8748 1 0.3086 0
T 25050 108.0 0.8748 1 0.3086 0
T 25058 108.0 0.8748 1 0.3086 0
T 25065 108.0 0.8748 1 0.3500 0
T 25072 108.0 0.8748 1 0.3500 0
T 25080 108.0 0.8748 1 0.3500 0
T 25088 108.0 0.8748 1 0.3913 0
T 25095 108.0 0.8748 1 0.3913 0
T 25102 108.0 0.8748 1 0.3913 0
T 25110 108.0 0.8748 1 0.3331 0
T 25118 108.0 0.8748 1 0.3331 0
T 25125 108.0 0.8748 1 0.3331 0
T 25132 108.0 0.8748 1 0.3727 0
T 25140 108.0 0.8748 1 0.3727 0
T 25148 108.0 0.8748 1 0.3727 0
T 25155 108.0 0.8749 1 0.4140 0
T 25162 108.0 0.8749 1 0.4140 0
T 25170 108.0 0.8749 1 0.4140 0
T 25178 108.0 0.8751 1 0.4554 0
T 25185 108.0 0.8751 1 0.4554 0
T 25192 108.0 0.8751 1 0.4554 0
T 25200 108.0 0.8752 1 0.4950 0
T 25208 108.0 0.8752 1 0.4950 0
T 25215 108.0 0.8752 1 0.4950 0
T 25222 108.0 0.8754 1 0.4346 0
T 25230 108.0 0.8754 1 0.4346 0
T 25238 108.0 0.8754 1 0.4346 0
T 25245 108.0 0.8755 1 0.4759 0
T 25252 108.0 0.8755 1 0.4759 0
T 25260 108.0 0.8755 1 0.4759 0
T 25268 108.0 0.8756 1 0.5172 0
T 25275 108.0 0.8756 1 0.5172 0
T 25282 108.0 0.8756 1 0.5172 0
T 25290 108.0 0.8756 1 0.5568 0
T 25298 108.0 0.8756 1 0.5568 0
T 25305 108.0 0.8756 1 0.5568 0
T 25312 108.0 0.8756 1 0.5964 0
T 25320 108.0 0.8756 1 0.5964 0
T 25328 108.0 0.8756 1 0.5964 0
T 25335 108.0 0.8756 1 0.7377 0
T 25342 108.0 0.8756 1 0.7377 0
T 25350 108.0 0.8756 1 0.7377 0
T 25358 108.0 0.8756 1 0.7791 0
T 25365 108.0 0.8756 1 0.7791 0
T 25372 108.0 0.8756 1 0.7791 0
T 25380 108.0 0.8756 1 0.8187 0
T 25388 108.0 0.8756 1 0.8187 0
T 25395 108.0 0.8756 1 0.8187 0
T 25402 108.0 0.8756 1 0.8583 0
T 25410 108.0 0.8756 1 0.8583 0
T 25418 108.0 0.8756 1 0.8583 0
T 25425 108.0 0.8756 1 0.8997 0
T 25432 108.0 0.8756 1 0.8997 0
T 25440 108.0 0.8756 1 0.8997 0
T 25448 108.0 0.8757 1 0.9662 0
T 25455 108.0 0.8757 1 0.9662 0
T 25462 108.0 0.8757 1 0.9662 0
T 25470 108.0 0.8757 1 0.0058 1
T 25478 108.0 0.8757 1 0.0058 0
T 25485 108.0 0.8757 1 0.0058 0
T 25492 108.0 0.8757 1 0.0454 0
T 25500 108.0 0.8757 1 0.0454 0
T 25508 108.0 0.8757 1 0.0454 0
T 25515 108.0 0.8757 1 0.0868 0
T 25522 108.0 0.8757 1 0.0868 0
T 25530 108.0 0.8757 1 0.0868 0
T 25538 108.0 0.8755 1 0.1282 0
T 25545 108.0 0.8755 1 0.1282 0
T 25552 108.0 0.8755 1 0.1282 0
T 25560 108.0 0.8755 1 0.1357 0
T 25568 108.0 0.8755 1 0.1357 0
T 25575 108.0 0.8755 1 0.1357 0
T 25582 108.0 0.8755 1 0.1753 0
T 25590 108.0 0.8755 1 0.1753 0
T 25598 108.0 0.8755 1 0.1753 0
T 25605 108.0 0.8755 1 0.2167 0
T 25612 108.0 0.8755 1 0.2167 0
T 25620 108.0 0.8755 1 0.2167 0
T 25628 108.0 0.8755 1 0.2581 0
T 25635 108.0 0.8755 1 0.2581 0
T 25642 108.0 0.8755 1 0.2581 0
T 25650 108.0 0.8754 1 0.2977 0
T 25658 108.0 0.8754 1 0.2977 0
T 25665 108.0 0.8754 1 0.2977 0
T 25672 108.0 0.8755 1 0.2629 0
T 25680 108.0 0.8755 1 0.2629 0
T 25688 108.0 0.8755 1 0.2629 0
T 25695 108.0 0.8755 1 0.3043 0
T 25702 108.0 0.8755 1 0.3043 0
T 25710 108.0 0.8755 1 0.3043 0
T 25718 108.0 0.8755 1 0.3456 0
T 25725 108.0 0.8755 1 0.3456 0
T 25732 108.0 0.8755 1 0.3456 0
T 25740 108.0 0.8755 1 0.3852 0
T 25748 108.0 0.8755 1 0.3852 0
T 25755 108.0 0.8755 1 0.3852 0
T 25762 108.0 0.8755 1 0.4248 0
T 25770 108.0 0.8755 1 0.4248 0
T 25778 108.0 0.8755 1 0.4248 0
T 25785 108.0 0.8756 1 0.3662 0
T 25792 108.0 0.8756 1 0.3662 0
T 25800 108.0 0.8756 1 0.3662 0
T 25808 108.0 0.8756 1 0.4075 0
T 25815 108.0 0.8756 1 0.4075 0
T 25822 108.0 0.8756 1 0.4075 0
T 25830 108.0 0.8757 1 0.4471 0
T 25838 108.0 0.8757 1 0.4471 0
T 25845 108.0 0.8757 1 0.4471 0
T 25852 108.0 0.8758 1 0.4867 0
T 25860 108.0 0.8758 1 0.4867 0
T 25868 108.0 0.8758 1 0.4867 0
T 25875 108.0 0.8758 1 0.5280 0
T 25882 108.0 0.8758 1 0.5280 0
T 25890 108.0 0.8758 1 0.5280 0
T 25898 108.0 0.8760 1 0.6694 0
T 25905 108.0 0.8760 1 0.6694 0
T 25912 108.0 0.8760 1 0.6694 0
T 25920 108.0 0.8761 1 0.7090 0
T 25928 108.0 0.8761 1 0.7090 0
T 25935 108.0 0.8761 1 0.7090 0
T 25942 108.0 0.8761 1 0.7486 0
T 25950 108.0 0.8761 1 0.7486 0
T 25958 108.0 0.8761 1 0.7486 0
T 25965 108.0 0.8762 1 0.7900 0
T 25972 108.0 0.8762 1 0.7900 0
T 25980 108.0 0.8762 1 0.7900 0
T 25988 108.0 0.8764 1 0.8839 0
T 25995 108.0 0.8764 1 0.8839 0
T 26002 108.0 0.8764 1 0.8839 0
T 26010 108.0 0.8766 1 0.9235 0
T 26018 108.0 0.8766 1 0.9235 0
T 26025 108.0 0.8766 1 0.9235 0
T 26032 108.0 0.8767 1 0.9631 0
T 26040 108.0 0.8767 1 0.9631 0
T 26048 108.0 0.8767 1 0.9631 0
T 26055 108.0 0.8769 1 0.0046 1
T 26062 108.0 0.8769 1 0.0046 0
T 26070 108.0 0.8769 1 0.0046 0
T 26078 108.0 0.8770 1 0.0460 0
T 26085 108.0 0.8770 1 0.0460 0
T 26092 108.0 0.8770 1 0.0460 0
T 26100 108.0 0.8770 1 0.0741 0
T 26108 108.0 0.8770 1 0.0741 0
T 26115 108.0 0.8770 1 0.0741 0
T 26122 108.0 0.8771 1 0.1137 0
T 26130 108.0 0.8771 1 0.1137 0
T 26138 108.0 0.8771 1 0.1137 0
T 26145 108.0 0.8771 1 0.1551 0
T 26152 108.0 0.8771 1 0.1551 0
T 26160 108.0 0.8771 1 0.1551 0
T 26168 108.0 0.8772 1 0.1965 0
T 26175 108.0 0.8772 1 0.1965 0
T 26182 108.0 0.8772 1 0.1965 0
T 26190 108.0 0.8770 1 0.2361 0
T 26198 108.0 0.8770 1 0.2361 0
T 26205 108.0 0.8770 1 0.2361 0
T 26212 108.0 0.8768 1 0.2167 0
T 26220 108.0 0.8768 1 0.2167 0
T 26228 108.0 0.8768 1 0.2167 0
T 26235 108.0 0.8767 1 0.2581 0
T 26242 108.0 0.8767 1 0.2581 0
T 26250 108.0 0.8767 1 0.2581 0
T 26258 108.0 0.8766 1 0.2995 0
T 26265 108.0 0.8766 1 0.2995 0
T 26272 108.0 0.8766 1 0.2995 0
T 26280 108.0 0.8765 1 0.3391 0
T 26288 108.0 0.8765 1 0.3391 0
T 26295 108.0 0.8765 1 0.3391 0
T 26302 108.0 0.8765 1 0.3787 0
T 26310 108.0 0.8765 1 0.3787 0
T 26318 108.0 0.8765 1 0.3787 0
T 26325 108.0 0.8765 1 0.3254 0
T 26332 108.0 0.8765 1 0.3254 0
T 26340 108.0 0.8765 1 0.3254 0
T 26348 108.0 0.8765 1 0.3668 0
T 26355 108.0 0.8765 1 0.3668 0
T 26362 108.0 0.8765 1 0.3668 0
T 26370 108.0 0.8765 1 0.4063 0
T 26378 108.0 0.8765 1 0.4063 0
T 26385 108.0 0.8765 1 0.4063 0
T 26392 108.0 0.8765 1 0.4459 0
T 26400 108.0 0.8765 1 0.4459 0
T 26408 108.0 0.8765 1 0.4459 0
T 26415 108.0 0.8767 1 0.4873 0
T 26422 108.0 0.8767 1 0.4873 0
T 26430 108.0 0.8767 1 0.4873 0
T 26438 108.0 0.8768 1 0.4286 0
T 26445 108.0 0.8768 1 0.4286 0
T 26452 108.0 0.8768 1 0.4286 0
T 26460 108.0 0.8769 1 0.4682 0
T 26468 108.0 0.8769 1 0.4682 0
T 26475 108.0 0.8769 1 0.4682 0
T 26482 108.0 0.8770 1 0.5077 0
T 26490 108.0 0.8770 1 0.5077 0
T 26498 108.0 0.8770 1 0.5077 0
T 26505 108.0 0.8772 1 0.5491 0
T 26512 108.0 0.8772 1 0.5491 0
T 26520 108.0 0.8772 1 0.5491 0
T 26528 108.0 0.8773 1 0.5905 0
T 26535 108.0 0.8773 1 0.5905 0
T 26542 108.0 0.8773 1 0.5905 0
T 26550 108.0 0.8773 1 0.7300 0
T 26558 108.0 0.8773 1 0.7300 0
T 26565 108.0 0.8773 1 0.7300 0
T 26572 108.0 0.8774 1 0.7696 0
T 26580 108.0 0.8774 1 0.7696 0
T 26588 108.0 0.8774 1 0.7696 0
T 26595 108.0 0.8774 1 0.8110 0
T 26602 108.0 0.8774 1 0.8110 0
T 26610 108.0 0.8774 1 0.8110 0
T 26618 108.0 0.8775 1 0.8524 0
T 26625 108.0 0.8775 1 0.8524 0
T 26632 108.0 0.8775 1 0.8524 0
T 26640 108.0 0.8775 1 0.8920 0
T 26648 108.0 0.8775 1 0.8920 0
T 26655 108.0 0.8775 1 0.8920 0
T 26662 108.0 0.8776 1 0.9586 0
T 26670 108.0 0.8776 1 0.9586 0
T 26678 108.0 0.8776 1 0.9586 0
T 26685 108.0 0.8777 1 0.0000 1
T 26692 108.0 0.8777 1 0.0000 0
T 26700 108.0 0.8777 1 0.0000 0
T 26708 108.0 0.8778 1 0.0414 0
T 26715 108.0 0.8778 1 0.0414 0
T 26722 108.0 0.8778 1 0.0414 0
T 26730 108.0 0.8778 1 0.0810 0
T 26738 108.0 0.8778 1 0.0810 0
T 26745 108.0 0.8778 1 0.0810 0
T 26752 108.0 0.8778 1 0.1206 0
T 26760 108.0 0.8778 1 0.1206 0
T 26768 108.0 0.8778 1 0.1206 0
T 26775 108.0 0.8779 1 0.1319 0
T 26782 108.0 0.8779 1 0.1319 0
T 26790 108.0 0.8779 1 0.1319 0
T 26798 108.0 0.8779 1 0.1733 0
T 26805 108.0 0.8779 1 0.1733 0
T 26812 108.0 0.8779 1 0.1733 0
T 26820 108.0 0.8780 1 0.2129 0
T 26828 108.0 0.8780 1 0.2129 0
T 26835 108.0 0.8780 1 0.2129 0
T 26842 108.0 0.8780 1 0.2525 0
T 26850 108.0 0.8780 1 0.2525 0
T 26858 108.0 0.8780 1 0.2525 0
T 26865 108.0 0.8779 1 0.2939 0
T 26872 108.0 0.8779 1 0.2939 0
T 26880 108.0 0.8779 1 0.2939 0
T 26888 108.0 0.8780 1 0.2618 0
T 26895 108.0 0.8780 1 0.2618 0
T 26902 108.0 0.8780 1 0.2618 0
T 26910 108.0 0.8780 1 0.3014 0
T 26918 108.0 0.8780 1 0.3014 0
T 26925 108.0 0.8780 1 0.3014 0
T 26932 108.0 0.8781 1 0.3409 0
T 26940 108.0 0.8781 1 0.3409 0
T 26948 108.0 0.8781 1 0.3409 0
T 26955 108.0 0.8782 1 0.3823 0
T 26962 108.0 0.8782 1 0.3823 0
T 26970 108.0 0.8782 1 0.3823 0
T 26978 108.0 0.8783 1 0.4237 0
T 26985 108.0 0.8783 1 0.4237 0
T 26992 108.0 0.8783 1 0.4237 0
T 27000 108.0 0.8785 1 0.3633 0
T 27008 108.0 0.8785 1 0.3633 0
T 27015 108.0 0.8785 1 0.3633 0
T 27022 108.0 0.8786 1 0.4028 0
T 27030 108.0 0.8786 1 0.4028 0
T 27038 108.0 0.8786 1 0.4028 0
T 27045 108.0 0.8787 1 0.4442 0
T 27052 108.0 0.8787 1 0.4442 0
T 27060 108.0 0.8787 1 0.4442 0
T 27068 108.0 0.8788 1 0.4856 0
T 27075 108.0 0.8788 1 0.4856 0
T 27082 108.0 0.8788 1 0.4856 0
T 27090 108.0 0.8788 1 0.5251 0
T 27098 108.0 0.8788 1 0.5251 0
T 27105 108.0 0.8788 1 0.5251 0
T 27112 108.0 0.8789 1 0.6647 0
T 27120 108.0 0.8789 1 0.6647 0
T 27128 108.0 0.8789 1 0.6647 0
T 27135 108.0 0.8790 1 0.7061 0
T 27142 108.0 0.8790 1 0.7061 0
T 27150 108.0 0.8790 1 0.7061 0
T 27158 108.0 0.8791 1 0.7475 0
T 27165 108.0 0.8791 1 0.7475 0
T 27172 108.0 0.8791 1 0.7475 0
T 27180 108.0 0.8791 1 0.7871 0
T 27188 108.0 0.8791 1 0.7871 0
T 27195 108.0 0.8791 1 0.7871 0
T 27202 108.0 0.8791 1 0.8267 0
T 27210 108.0 0.8791 1 0.8267 0
T 27218 108.0 0.8791 1 0.8267 0
T 27225 108.0 0.8791 1 0.9115 0
T 27232 108.0 0.8791 1 0.9115 0
T 27240 108.0 0.8791 1 0.9115 0
T 27248 108.0 0.8792 1 0.9529 0
T 27255 108.0 0.8792 1 0.9529 0
T 27262 108.0 0.8792 1 0.9529 0
T 27270 108.0 0.8791 1 0.9925 0
T 27278 108.0 0.8791 1 0.9925 0
T 27285 108.0 0.8791 1 0.9925 0
T 27292 108.0 0.8790 1 0.0321 1
T 27300 108.0 0.8790 1 0.0321 0
T 27308 108.0 0.8790 1 0.0321 0
T 27315 108.0 0.8789 1 0.0735 0
T 27322 108.0 0.8789 1 0.0735 0
T 27330 108.0 0.8789 1 0.0735 0
T 27338 108.0 0.8788 1 0.0965 0
T 27345 108.0 0.8788 1 0.0965 0
T 27352 108.0 0.8788 1 0.0965 0
T 27360 108.0 0.8787 1 0.1361 0
T 27368 108.0 0.8787 1 0.1361 0
T 27375 108.0 0.8787 1 0.1361 0
T 27382 108.0 0.8787 1 0.1758 0
T 27390 108.0 0.8787 1 0.1758 0
T 27398 108.0 0.8787 1 0.1758 0
T 27405 108.0 0.8787 1 0.2172 0
T 27412 108.0 0.8787 1 0.2172 0
T 27420 108.0 0.8787 1 0.2172 0
T 27428 108.0 0.8786 1 0.2586 0
T 27435 108.0 0.8786 1 0.2586 0
T 27442 108.0 0.8786 1 0.2586 0
T 27450 108.0 0.8786 1 0.2335 0
T 27458 108.0 0.8786 1 0.2335 0
T 27465 108.0 0.8786 1 0.2335 0
T 27472 108.0 0.8786 1 0.2731 0
T 27480 108.0 0.8786 1 0.2731 0
T 27488 108.0 0.8786 1 0.2731 0
T 27495 108.0 0.8786 1 0.3145 0
T 27502 108.0 0.8786 1 0.3145 0
T 27510 108.0 0.8786 1 0.3145 0
T 27518 108.0 0.8786 1 0.3559 0
T 27525 108.0 0.8786 1 0.3559 0
T 27532 108.0 0.8786 1 0.3559 0
T 27540 108.0 0.8786 1 0.3955 0
T 27548 108.0 0.8786 1 0.3955 0
T 27555 108.0 0.8786 1 0.3955 0
T 27562 108.0 0.8787 1 0.3362 0
T 27570 108.0 0.8787 1 0.3362 0
T 27578 108.0 0.8787 1 0.3362 0
T 27585 108.0 0.8787 1 0.3776 0
T 27592 108.0 0.8787 1 0.3776 0
T 27600 108.0 0.8787 1 0.3776 0
T 27608 108.0 0.8787 1 0.4189 0
T 27615 108.0 0.8787 1 0.4189 0
T 27622 108.0 0.8787 1 0.4189 0
T 27630 108.0 0.8788 1 0.4585 0
T 27638 108.0 0.8788 1 0.4585 0
T 27645 108.0 0.8788 1 0.4585 0
T 27652 108.0 0.8789 1 0.4981 0
T 27660 108.0 0.8789 1 0.4981 0
T 27668 108.0 0.8789 1 0.4981 0
T 27675 108.0 0.8790 1 0.4394 0
T 27682 108.0 0.8790 1 0.4394 0
T 27690 108.0 0.8790 1 0.4394 0
T 27698 108.0 0.8791 1 0.4808 0
T 27705 108.0 0.8791 1 0.4808 0
T 27712 108.0 0.8791 1 0.4808 0
T 27720 108.0 0.8791 1 0.5203 0
T 27728 108.0 0.8791 1 0.5203 0
T 27735 108.0 0.8791 1 0.5203 0
T 27742 108.0 0.8792 1 0.5599 0
T 27750 108.0 0.8792 1 0.5599 0
T 27758 108.0 0.8792 1 0.5599 0
T 27765 108.0 0.8793 1 0.7012 0
T 27772 108.0 0.8793 1 0.7012 0
T 27780 108.0 0.8793 1 0.7012 0
T 27788 108.0 0.8795 1 0.7426 0
T 27795 108.0 0.8795 1 0.7426 0
T 27802 108.0 0.8795 1 0.7426 0
T 27810 108.0 0.8795 1 0.7822 0
T 27818 108.0 0.8795 1 0.7822 0
T 27825 108.0 0.8795 1 0.7822 0
T 27832 108.0 0.8797 1 0.8218 0
T 27840 108.0 0.8797 1 0.8218 0
T 27848 108.0 0.8797 1 0.8218 0
T 27855 108.0 0.8798 1 0.8632 0
T 27862 108.0 0.8798 1 0.8632 0
T 27870 108.0 0.8798 1 0.8632 0
T 27878 108.0 0.8799 1 0.9388 0
T 27885 108.0 0.8799 1 0.9388 0
T 27892 108.0 0.8799 1 0.9388 0
T 27900 108.0 0.8800 1 0.9784 0
T 27908 108.0 0.8800 1 0.9784 0
T 27915 108.0 0.8800 1 0.9784 0
T 27922 108.0 0.8801 1 0.0180 1
T 27930 108.0 0.8801 1 0.0180 0
T 27938 108.0 0.8801 1 0.0180 0
T 27945 108.0 0.8803 1 0.0594 0
T 27952 108.0 0.8803 1 0.0594 0
T 27960 108.0 0.8803 1 0.0594 0
T 27968 108.0 0.8801 1 0.1008 0
T 27975 108.0 0.8801 1 0.1008 0
T 27982 108.0 0.8801 1 0.1008 0
T 27990 108.0 0.8800 1 0.1152 0
T 27998 108.0 0.8800 1 0.1152 0
T 28005 108.0 0.8800 1 0.1152 0
T 28012 108.0 0.8800 1 0.1548 0
T 28020 108.0 0.8800 1 0.1548 0
T 28028 108.0 0.8800 1 0.1548 0
T 28035 108.0 0.8799 1 0.1962 0
T 28042 108.0 0.8799 1 0.1962 0
T 28050 108.0 0.8799 1 0.1962 0
T 28058 108.0 0.8798 1 0.2376 0
T 28065 108.0 0.8798 1 0.2376 0
T 28072 108.0 0.8798 1 0.2376 0
T 28080 108.0 0.8799 1 0.2772 0
T 28088 108.0 0.8799 1 0.2772 0
T 28095 108.0 0.8799 1 0.2772 0
T 28102 108.0 0.8801 1 0.2475 0
T 28110 108.0 0.8801 1 0.2475 0
T 28118 108.0 0.8801 1 0.2475 0
T 28125 108.0 0.8802 1 0.2889 0
T 28132 108.0 0.8802 1 0.2889 0
T 28140 108.0 0.8802 1 0.2889 0
T 28148 108.0 0.8804 1 0.3303 0
T 28155 108.0 0.8804 1 0.3303 0
T 28162 108.0 0.8804 1 0.3303 0
T 28170 108.0 0.8805 1 0.3698 0
T 28178 108.0 0.8805 1 0.3698 0
T 28185 108.0 0.8805 1 0.3698 0
T 28192 108.0 0.8805 1 0.4094 0
T 28200 108.0 0.8805 1 0.4094 0
T 28208 108.0 0.8805 1 0.4094 0
T 28215 108.0 0.8805 1 0.3508 0
T 28222 108.0 0.8805 1 0.3508 0
T 28230 108.0 0.8805 1 0.3508 0
T 28238 108.0 0.8805 1 0.3922 0
T 28245 108.0 0.8805 1 0.3922 0
T 28252 108.0 0.8805 1 0.3922 0
T 28260 108.0 0.8805 1 0.4317 0
T 28268 108.0 0.8805 1 0.4317 0
T 28275 108.0 0.8805 1 0.4317 0
T 28282 108.0 0.8806 1 0.4713 0
T 28290 108.0 0.8806 1 0.4713 0
T 28298 108.0 0.8806 1 0.4713 0
T 28305 108.0 0.8807 1 0.5127 0
T 28312 108.0 0.8807 1 0.5127 0
T 28320 108.0 0.8807 1 0.5127 0
T 28328 108.0 0.8807 1 0.6540 0
T 28335 108.0 0.8807 1 0.6540 0
T 28342 108.0 0.8807 1 0.6540 0
T 28350 108.0 0.8807 1 0.6936 0
T 28358 108.0 0.8807 1 0.6936 0
T 28365 108.0 0.8807 1 0.6936 0
T 28372 108.0 0.8808 1 0.7333 0
T 28380 108.0 0.8808 1 0.7333 0
T 28388 108.0 0.8808 1 0.7333 0
T 28395 108.0 0.8808 1 0.7747 0
T 28402 108.0 0.8808 1 0.7747 0
T 28410 108.0 0.8808 1 0.7747 0
T 28418 108.0 0.8809 1 0.8161 0
T 28425 108.0 0.8809 1 0.8161 0
T 28432 108.0 0.8809 1 0.8161 0
T 28440 108.0 0.8810 1 0.9017 0
T 28448 108.0 0.8810 1 0.9017 0
T 28455 108.0 0.8810 1 0.9017 0
T 28462 108.0 0.8811 1 0.9413 0
T 28470 108.0 0.8811 1 0.9413 0
T 28478 108.0 0.8811 1 0.9413 0
T 28485 108.0 0.8812 1 0.9827 0
T 28492 108.0 0.8812 1 0.9827 0
T 28500 108.0 0.8812 1 0.9827 0
T 28508 108.0 0.8814 1 0.0241 1
T 28515 108.0 0.8814 1 0.0241 0
T 28522 108.0 0.8814 1 0.0241 0
T 28530 108.0 0.8814 1 0.0637 0
T 28538 108.0 0.8814 1 0.0637 0
T 28545 108.0 0.8814 1 0.0637 0
T 28552 108.0 0.8816 1 0.0874 0
T 28560 108.0 0.8816 1 0.0874 0
T 28568 108.0 0.8816 1 0.0874 0
T 28575 108.0 0.8817 1 0.1288 0
T 28582 108.0 0.8817 1 0.1288 0
T 28590 108.0 0.8817 1 0.1288 0
T 28598 108.0 0.8819 1 0.1702 0
T 28605 108.0 0.8819 1 0.1702 0
T 28612 108.0 0.8819 1 0.1702 0
T 28620 108.0 0.8820 1 0.2098 0
T 28628 108.0 0.8820 1 0.2098 0
T 28635 108.0 0.8820 1 0.2098 0
T 28642 108.0 0.8820 1 0.2494 0
T 28650 108.0 0.8820 1 0.2494 0
T 28658 108.0 0.8820 1 0.2494 0
T 28665 108.0 0.8822 1 0.2285 0
T 28672 108.0 0.8822 1 0.2285 0
T 28680 108.0 0.8822 1 0.2285 0
T 28688 108.0 0.8823 1 0.2699 0
T 28695 108.0 0.8823 1 0.2699 0
T 28702 108.0 0.8823 1 0.2699 0
T 28710 108.0 0.8824 1 0.3094 0
T 28718 108.0 0.8824 1 0.3094 0
T 28725 108.0 0.8824 1 0.3094 0
T 28732 108.0 0.8824 1 0.3490 0
T 28740 108.0 0.8824 1 0.3490 0
T 28748 108.0 0.8824 1 0.3490 0
T 28755 108.0 0.8824 1 0.3904 0
T 28762 108.0 0.8824 1 0.3904 0
T 28770 108.0 0.8824 1 0.3904 0
T 28778 108.0 0.8825 1 0.3342 0
T 28785 108.0 0.8825 1 0.3342 0
T 28792 108.0 0.8825 1 0.3342 0
T 28800 108.0 0.8826 1 0.3738 0
T 28808 108.0 0.8826 1 0.3738 0
T 28815 108.0 0.8826 1 0.3738 0
T 28822 108.0 0.8827 1 0.4133 0
T 28830 108.0 0.8827 1 0.4133 0
T 28838 108.0 0.8827 1 0.4133 0
T 28845 108.0 0.8827 1 0.4547 0
T 28852 108.0 0.8827 1 0.4547 0
T 28860 108.0 0.8827 1 0.4547 0
T 28868 108.0 0.8827 1 0.4961 0
T 28875 108.0 0.8827 1 0.4961 0
T 28882 108.0 0.8827 1 0.4961 0
T 28890 108.0 0.8828 1 0.4357 0
T 28898 108.0 0.8828 1 0.4357 0
T 28905 108.0 0.8828 1 0.4357 0
T 28912 108.0 0.8829 1 0.4752 0
T 28920 108.0 0.8829 1 0.4752 0
T 28928 108.0 0.8829 1 0.4752 0
T 28935 108.0 0.8829 1 0.5166 0
T 28942 108.0 0.8829 1 0.5166 0
T 28950 108.0 0.8829 1 0.5166 0
T 28958 108.0 0.8830 1 0.5579 0
T 28965 108.0 0.8830 1 0.5579 0
T 28972 108.0 0.8830 1 0.5579 0
T 28980 108.0 0.8830 1 0.5975 0
T 28988 108.0 0.8830 1 0.5975 0
T 28995 108.0 0.8830 1 0.5975 0
T 29002 108.0 0.8831 1 0.7370 0
T 29010 108.0 0.8831 1 0.7370 0
T 29018 108.0 0.8831 1 0.7370 0
T 29025 108.0 0.8831 1 0.7784 0
T 29032 108.0 0.8831 1 0.7784 0
T 29040 108.0 0.8831 1 0.7784 0
T 29048 108.0 0.8832 1 0.8198 0
T 29055 108.0 0.8832 1 0.8198 0
T 29062 108.0 0.8832 1 0.8198 0
T 29070 108.0 0.8832 1 0.8594 0
T 29078 108.0 0.8832 1 0.8594 0
T 29085 108.0 0.8832 1 0.8594 0
T 29092 108.0 0.8831 1 0.8990 0
T 29100 108.0 0.8831 1 0.8990 0
T 29108 108.0 0.8831 1 0.8990 0
T 29115 108.0 0.8831 1 0.9657 0
T 29122 108.0 0.8831 1 0.9657 0
T 29130 108.0 0.8831 1 0.9657 0
T 29138 108.0 0.8831 1 0.0071 1
T 29145 108.0 0.8831 1 0.0071 0
T 29152 108.0 0.8831 1 0.0071 0
T 29160 108.0 0.8831 1 0.0467 0
T 29168 108.0 0.8831 1 0.0467 0
T 29175 108.0 0.8831 1 0.0467 0
T 29182 108.0 0.8831 1 0.0863 0
T 29190 108.0 0.8831 1 0.0863 0
T 29198 108.0 0.8831 1 0.0863 0
T 29205 108.0 0.8830 1 0.1277 0
T 29212 108.0 0.8830 1 0.1277 0
T 29220 108.0 0.8830 1 0.1277 0
T 29228 108.0 0.8830 1 0.1372 0
T 29235 108.0 0.8830 1 0.1372 0
T 29242 108.0 0.8830 1 0.1372 0
T 29250 108.0 0.8830 1 0.1767 0
T 29258 108.0 0.8830 1 0.1767 0
T 29265 108.0 0.8830 1 0.1767 0
T 29272 108.0 0.8829 1 0.2163 0
T 29280 108.0 0.8829 1 0.2163 0
T 29288 108.0 0.8829 1 0.2163 0
T 29295 108.0 0.8829 1 0.2577 0
T 29302 108.0 0.8829 1 0.2577 0
T 29310 108.0 0.8829 1 0.2577 0
T 29318 108.0 0.8829 1 0.2991 0
T 29325 108.0 0.8829 1 0.2991 0
T 29332 108.0 0.8829 1 0.2991 0
T 29340 108.0 0.8830 1 0.2639 0
T 29348 108.0 0.8830 1 0.2639 0
T 29355 108.0 0.8830 1 0.2639 0
T 29362 108.0 0.8830 1 0.3035 0
T 29370 108.0 0.8830 1 0.3035 0
T 29378 108.0 0.8830 1 0.3035 0
T 29385 108.0 0.8830 1 0.3449 0
T 29392 108.0 0.8830 1 0.3449 0
T 29400 108.0 0.8830 1 0.3449 0
T 29408 108.0 0.8831 1 0.3863 0
T 29415 108.0 0.8831 1 0.3863 0
T 29422 108.0 0.8831 1 0.3863 0
T 29430 108.0 0.8831 1 0.4259 0
T 29438 108.0 0.8831 1 0.4259 0
T 29445 108.0 0.8831 1 0.4259 0
T 29452 108.0 0.8833 1 0.3654 0
T 29460 108.0 0.8833 1 0.3654 0
T 29468 108.0 0.8833 1 0.3654 0
T 29475 108.0 0.8833 1 0.4068 0
T 29482 108.0 0.8833 1 0.4068 0
T 29490 108.0 0.8833 1 0.4068 0
T 29498 108.0 0.8833 1 0.4481 0
T 29505 108.0 0.8833 1 0.4481 0
T 29512 108.0 0.8833 1 0.4481 0
T 29520 108.0 0.8834 1 0.4877 0
T 29528 108.0 0.8834 1 0.4877 0
T 29535 108.0 0.8834 1 0.4877 0
T 29542 108.0 0.8835 1 0.4273 0
T 29550 108.0 0.8835 1 0.4273 0
T 29558 108.0 0.8835 1 0.4273 0
T 29565 108.0 0.8837 1 0.4686 0
T 29572 108.0 0.8837 1 0.4686 0
T 29580 108.0 0.8837 1 0.4686 0
T 29588 108.0 0.8839 1 0.5100 0
T 29595 108.0 0.8839 1 0.5100 0
T 29602 108.0 0.8839 1 0.5100 0
T 29610 108.0 0.8839 1 0.5495 0
T 29618 108.0 0.8839 1 0.5495 0
T 29625 108.0 0.8839 1 0.5495 0
T 29632 108.0 0.8839 1 0.5891 0
T 29640 108.0 0.8839 1 0.5891 0
T 29648 108.0 0.8839 1 0.5891 0
T 29655 108.0 0.8839 1 0.7304 0
T 29662 108.0 0.8839 1 0.7304 0
T 29670 108.0 0.8839 1 0.7304 0
T 29678 108.0 0.8839 1 0.7718 0
T 29685 108.0 0.8839 1 0.7718 0
T 29692 108.0 0.8839 1 0.7718 0
T 29700 108.0 0.8838 1 0.8114 0
T 29708 108.0 0.8838 1 0.8114 0
T 29715 108.0 0.8838 1 0.8114 0
T 29722 108.0 0.8838 1 0.8510 0
T 29730 108.0 0.8838 1 0.8510 0
T 29738 108.0 0.8838 1 0.8510 0
T 29745 108.0 0.8836 1 0.8924 0
T 29752 108.0 0.8836 1 0.8924 0
T 29760 108.0 0.8836 1 0.8924 0
T 29768 108.0 0.8834 1 0.9607 0
T 29775 108.0 0.8834 1 0.9607 0
T 29782 108.0 0.8834 1 0.9607 0
T 29790 108.0 0.8832 1 0.0003 1
T 29798 108.0 0.8832 1 0.0003 0
T 29805 108.0 0.8832 1 0.0003 0
T 29812 108.0 0.8831 1 0.0399 0
T 29820 108.0 0.8831 1 0.0399 0
T 29828 108.0 0.8831 1 0.0399 0
T 29835 108.0 0.8829 1 0.0813 0
T 29842 108.0 0.8829 1 0.0813 0
T 29850 108.0 0.8829 1 0.0813 0
T 29858 108.0 0.8830 1 0.1227 0
T 29865 108.0 0.8830 1 0.1227 0
T 29872 108.0 0.8830 1 0.1227 0
T 29880 108.0 0.8830 1 0.1316 0
T 29888 108.0 0.8830 1 0.1316 0
T 29895 108.0 0.8830 1 0.1316 0
T 29902 108.0 0.8831 1 0.1712 0
T 29910 108.0 0.8831 1 0.1712 0
T 29918 108.0 0.8831 1 0.1712 0
T 29925 108.0 0.8831 1 0.2126 0
T 29932 108.0 0.8831 1 0.2126 0
T 29940 108.0 0.8831 1 0.2126 0
T 29948 108.0 0.8832 1 0.2540 0
T 29955 108.0 0.8832 1 0.2540 0
T 29962 108.0 0.8832 1 0.2540 0
T 29970 108.0 0.8831 1 0.2936 0
T 29978 108.0 0.8831 1 0.2936 0
T 29985 108.0 0.8831 1 0.2936 0
T 29992 108.0 0.8831 1 0.2598 0
T 30000 108.0 0.8831 1 0.2598 0
T 30008 108.0 0.8831 1 0.2598 0
T 30015 108.0 0.8831 1 0.3012 0
T 30022 108.0 0.8831 1 0.3012 0
T 30030 108.0 0.8831 1 0.3012 0
T 30038 108.0 0.8831 1 0.3425 0
T 30045 108.0 0.8831 1 0.3425 0
T 30052 108.0 0.8831 1 0.3425 0
T 30060 108.0 0.8831 1 0.3821 0
T 30068 108.0 0.8831 1 0.3821 0
T 30075 108.0 0.8831 1 0.3821 0
T 30082 108.0 0.8830 1 0.4217 0
T 30090 108.0 0.8830 1 0.4217 0
T 30098 108.0 0.8830 1 0.4217 0
T 30105 108.0 0.8829 1 0.3631 0
T 30112 108.0 0.8829 1 0.3631 0
T 30120 108.0 0.8829 1 0.3631 0
T 30128 108.0 0.8829 1 0.4044 0
T 30135 108.0 0.8829 1 0.4044 0
T 30142 108.0 0.8829 1 0.4044 0
T 30150 108.0 0.8828 1 0.4440 0
T 30158 108.0 0.8828 1 0.4440 0
T 30165 108.0 0.8828 1 0.4440 0
T 30172 108.0 0.8828 1 0.4836 0
T 30180 108.0 0.8828 1 0.4836 0
T 30188 108.0 0.8828 1 0.4836 0
T 30195 108.0 0.8828 1 0.5249 0
T 30202 108.0 0.8828 1 0.5249 0
T 30210 108.0 0.8828 1 0.5249 0
T 30218 108.0 0.8828 1 0.6663 0
T 30225 108.0 0.8828 1 0.6663 0
T 30232 108.0 0.8828 1 0.6663 0
T 30240 108.0 0.8829 1 0.7059 0
T 30248 108.0 0.8829 1 0.7059 0
T 30255 108.0 0.8829 1 0.7059 0
T 30262 108.0 0.8829 1 0.7455 0
T 30270 108.0 0.8829 1 0.7455 0
T 30278 108.0 0.8829 1 0.7455 0
T 30285 108.0 0.8829 1 0.7869 0
T 30292 108.0 0.8829 1 0.7869 0
T 30300 108.0 0.8829 1 0.7869 0
T 30308 108.0 0.8828 1 0.8283 0
T 30315 108.0 0.8828 1 0.8283 0
T 30322 108.0 0.8828 1 0.8283 0
T 30330 108.0 0.8829 1 0.9108 0
T 30338 108.0 0.8829 1 0.9108 0
T 30345 108.0 0.8829 1 0.9108 0
T 30352 108.0 0.8830 1 0.9505 0
T 30360 108.0 0.8830 1 0.9505 0
T 30368 108.0 0.8830 1 0.9505 0
T 30375 108.0 0.8830 1 0.9919 0
T 30382 108.0 0.8830 1 0.9919 0
T 30390 108.0 0.8830 1 0.9919 0
T 30398 108.0 0.8830 1 0.0333 1
T 30405 108.0 0.8830 1 0.0333 0
T 30412 108.0 0.8830 1 0.0333 0
T 30420 108.0 0.8830 1 0.0729 0
T 30428 108.0 0.8830 1 0.0729 0
T 30435 108.0 0.8830 1 0.0729 0
T 30442 108.0 0.8831 1 0.0943 0
T 30450 108.0 0.8831 1 0.0943 0
T 30458 108.0 0.8831 1 0.0943 0
T 30465 108.0 0.8831 1 0.1357 0
T 30472 108.0 0.8831 1 0.1357 0
T 30480 108.0 0.8831 1 0.1357 0
T 30488 108.0 0.8832 1 0.1771 0
T 30495 108.0 0.8832 1 0.1771 0
T 30502 108.0 0.8832 1 0.1771 0
T 30510 108.0 0.8832 1 0.2167 0
T 30518 108.0 0.8832 1 0.2167 0
T 30525 108.0 0.8832 1 0.2167 0
T 30532 108.0 0.8833 1 0.2563 0
T 30540 108.0 0.8833 1 0.2563 0
T 30548 108.0 0.8833 1 0.2563 0
T 30555 108.0 0.8834 1 0.2336 0
T 30562 108.0 0.8834 1 0.2336 0
T 30570 108.0 0.8834 1 0.2336 0
T 30578 108.0 0.8835 1 0.2750 0
T 30585 108.0 0.8835 1 0.2750 0
T 30592 108.0 0.8835 1 0.2750 0
T 30600 108.0 0.8836 1 0.3146 0
T 30608 108.0 0.8836 1 0.3146 0
T 30615 108.0 0.8836 1 0.3146 0
T 30622 108.0 0.8836 1 0.3542 0
T 30630 108.0 0.8836 1 0.3542 0
T 30638 108.0 0.8836 1 0.3542 0
T 30645 108.0 0.8835 1 0.3956 0
T 30652 108.0 0.8835 1 0.3956 0
T 30660 108.0 0.8835 1 0.3956 0
T 30668 108.0 0.8835 1 0.3381 0
T 30675 108.0 0.8835 1 0.3381 0
T 30682 108.0 0.8835 1 0.3381 0
T 30690 108.0 0.8835 1 0.3776 0
T 30698 108.0 0.8835 1 0.3776 0
T 30705 108.0 0.8835 1 0.3776 0
T 30712 108.0 0.8834 1 0.4172 0
T 30720 108.0 0.8834 1 0.4172 0
T 30728 108.0 0.8834 1 0.4172 0
T 30735 108.0 0.8834 1 0.4586 0
T 30742 108.0 0.8834 1 0.4586 0
T 30750 108.0 0.8834 1 0.4586 0
T 30758 108.0 0.8835 1 0.4999 0
T 30765 108.0 0.8835 1 0.4999 0
T 30772 108.0 0.8835 1 0.4999 0
T 30780 108.0 0.8836 1 0.4395 0
T 30788 108.0 0.8836 1 0.4395 0
T 30795 108.0 0.8836 1 0.4395 0
T 30802 108.0 0.8836 1 0.4791 0
T 30810 108.0 0.8836 1 0.4791 0
T 30818 108.0 0.8836 1 0.4791 0
T 30825 108.0 0.8836 1 0.5204 0
T 30832 108.0 0.8836 1 0.5204 0
T 30840 108.0 0.8836 1 0.5204 0
T 30848 108.0 0.8837 1 0.5618 0
T 30855 108.0 0.8837 1 0.5618 0
T 30862 108.0 0.8837 1 0.5618 0
T 30870 108.0 0.8835 1 0.6013 0
T 30878 108.0 0.8835 1 0.6013 0
T 30885 108.0 0.8835 1 0.6013 0
T 30892 108.0 0.8835 1 0.7405 0
T 30900 108.0 0.8835 1 0.7405 0
T 30908 108.0 0.8835 1 0.7405 0
T 30915 108.0 0.8834 1 0.7819 0
T 30922 108.0 0.8834 1 0.7819 0
T 30930 108.0 0.8834 1 0.7819 0
T 30938 108.0 0.8834 1 0.8233 0
T 30945 108.0 0.8834 1 0.8233 0
T 30952 108.0 0.8834 1 0.8233 0
T 30960 108.0 0.8833 1 0.8629 0
T 30968 108.0 0.8833 1 0.8629 0
T 30975 108.0 0.8833 1 0.8629 0
T 30982 108.0 0.8832 1 0.9025 0
T 30990 108.0 0.8832 1 0.9025 0
T 30998 108.0 0.8832 1 0.9025 0
T 31005 108.0 0.8832 1 0.9683 0
T 31012 108.0 0.8832 1 0.9683 0
T 31020 108.0 0.8832 1 0.9683 0
T 31028 108.0 0.8832 1 0.0097 1
T 31035 108.0 0.8832 1 0.0097 0
T 31042 108.0 0.8832 1 0.0097 0
T 31050 108.0 0.8832 1 0.0493 0
T 31058 108.0 0.8832 1 0.0493 0
T 31065 108.0 0.8832 1 0.0493 0
T 31072 108.0 0.8832 1 0.0889 0
T 31080 108.0 0.8832 1 0.0889 0
T 31088 108.0 0.8832 1 0.0889 0
T 31095 108.0 0.8832 1 0.1303 0
T 31102 108.0 0.8832 1 0.1303 0
T 31110 108.0 0.8832 1 0.1303 0
T 31118 108.0 0.8832 1 0.1391 0
T 31125 108.0 0.8832 1 0.1391 0
T 31132 108.0 0.8832 1 0.1391 0
T 31140 108.0 0.8833 1 0.1787 0
T 31148 108.0 0.8833 1 0.1787 0
T 31155 108.0 0.8833 1 0.1787 0
T 31162 108.0 0.8833 1 0.2183 0
T 31170 108.0 0.8833 1 0.2183 0
T 31178 108.0 0.8833 1 0.2183 0
T 31185 108.0 0.8833 1 0.2597 0
T 31192 108.0 0.8833 1 0.2597 0
T 31200 108.0 0.8833 1 0.2597 0
T 31208 108.0 0.8834 1 0.3011 0
T 31215 108.0 0.8834 1 0.3011 0
T 31222 108.0 0.8834 1 0.3011 0
T 31230 108.0 0.8834 1 0.2654 0
T 31238 108.0 0.8834 1 0.2654 0
T 31245 108.0 0.8834 1 0.2654 0
T 31252 108.0 0.8834 1 0.3050 0
T 31260 108.0 0.8834 1 0.3050 0
T 31268 108.0 0.8834 1 0.3050 0
T 31275 108.0 0.8835 1 0.3464 0
T 31282 108.0 0.8835 1 0.3464 0
T 31290 108.0 0.8835 1 0.3464 0
T 31298 108.0 0.8835 1 0.3878 0
T 31305 108.0 0.8835 1 0.3878 0
T 31312 108.0 0.8835 1 0.3878 0
T 31320 108.0 0.8836 1 0.4273 0
T 31328 108.0 0.8836 1 0.4273 0
T 31335 108.0 0.8836 1 0.4273 0
T 31342 108.0 0.8837 1 0.3669 0
T 31350 108.0 0.8837 1 0.3669 0
T 31358 108.0 0.8837 1 0.3669 0
T 31365 108.0 0.8838 1 0.4083 0
T 31372 108.0 0.8838 1 0.4083 0
T 31380 108.0 0.8838 1 0.4083 0
T 31388 108.0 0.8838 1 0.4496 0
T 31395 108.0 0.8838 1 0.4496 0
T 31402 108.0 0.8838 1 0.4496 0
T 31410 108.0 0.8839 1 0.4892 0
T 31418 108.0 0.8839 1 0.4892 0
T 31425 108.0 0.8839 1 0.4892 0
T 31432 108.0 0.8841 1 0.5288 0
T 31440 108.0 0.8841 1 0.5288 0
T 31448 108.0 0.8841 1 0.5288 0
T 31455 108.0 0.8843 1 0.6701 0
T 31462 108.0 0.8843 1 0.6701 0
T 31470 108.0 0.8843 1 0.6701 0
T 31478 108.0 0.8844 1 0.7115 0
T 31485 108.0 0.8844 1 0.7115 0
T 31492 108.0 0.8844 1 0.7115 0
T 31500 108.0 0.8845 1 0.7511 0
T 31508 108.0 0.8845 1 0.7511 0
T 31515 108.0 0.8845 1 0.7511 0
T 31522 108.0 0.8845 1 0.7907 0
T 31530 108.0 0.8845 1 0.7907 0
T 31538 108.0 0.8845 1 0.7907 0
T 31545 108.0 0.8846 1 0.8321 0
T 31552 108.0 0.8846 1 0.8321 0
T 31560 108.0 0.8846 1 0.8321 0
T 31568 108.0 0.8846 1 0.9155 0
T 31575 108.0 0.8846 1 0.9155 0
T 31582 108.0 0.8846 1 0.9155 0
T 31590 108.0 0.8846 1 0.9551 0
T 31598 108.0 0.8846 1 0.9551 0
T 31605 108.0 0.8846 1 0.9551 0
T 31612 108.0 0.8847 1 0.9947 0
T 31620 108.0 0.8847 1 0.9947 0
T 31628 108.0 0.8847 1 0.9947 0
T 31635 108.0 0.8847 1 0.0362 1
T 31642 108.0 0.8847 1 0.0362 0
T 31650 108.0 0.8847 1 0.0362 0
T 31658 108.0 0.8847 1 0.0685 0
T 31665 108.0 0.8847 1 0.0685 0
T 31672 108.0 0.8847 1 0.0685 0
T 31680 108.0 0.8848 1 0.1081 0
T 31688 108.0 0.8848 1 0.1081 0
T 31695 108.0 0.8848 1 0.1081 0
T 31702 108.0 0.8848 1 0.1477 0
T 31710 108.0 0.8848 1 0.1477 0
T 31718 108.0 0.8848 1 0.1477 0
T 31725 108.0 0.8849 1 0.1892 0
T 31732 108.0 0.8849 1 0.1892 0
T 31740 108.0 0.8849 1 0.1892 0
T 31748 108.0 0.8846 1 0.2306 0
T 31755 108.0 0.8846 1 0.2306 0
T 31762 108.0 0.8846 1 0.2306 0
T 31770 108.0 0.8843 1 0.2125 0
T 31778 108.0 0.8843 1 0.2125 0
T 31785 108.0 0.8843 1 0.2125 0
T 31792 108.0 0.8841 1 0.2521 0
T 31800 108.0 0.8841 1 0.2521 0
T 31808 108.0 0.8841 1 0.2521 0
T 31815 108.0 0.8838 1 0.2935 0
T 31822 108.0 0.8838 1 0.2935 0
T 31830 108.0 0.8838 1 0.2935 0
T 31838 108.0 0.8836 1 0.3349 0
T 31845 108.0 0.8836 1 0.3349 0
T 31852 108.0 0.8836 1 0.3349 0
T 31860 108.0 0.8836 1 0.3745 0
T 31868 108.0 0.8836 1 0.3745 0
T 31875 108.0 0.8836 1 0.3745 0
T 31882 108.0 0.8836 1 0.3205 0
T 31890 108.0 0.8836 1 0.3205 0
T 31898 108.0 0.8836 1 0.3205 0
T 31905 108.0 0.8837 1 0.3618 0
T 31912 108.0 0.8837 1 0.3618 0
T 31920 108.0 0.8837 1 0.3618 0
T 31928 108.0 0.8837 1 0.4032 0
T 31935 108.0 0.8837 1 0.4032 0
T 31942 108.0 0.8837 1 0.4032 0
T 31950 108.0 0.8837 1 0.4428 0
T 31958 108.0 0.8837 1 0.4428 0
T 31965 108.0 0.8837 1 0.4428 0
T 31972 108.0 0.8838 1 0.4823 0
T 31980 108.0 0.8838 1 0.4823 0
T 31988 108.0 0.8838 1 0.4823 0
T 31995 108.0 0.8839 1 0.5237 0
T 32002 108.0 0.8839 1 0.5237 0
T 32010 108.0 0.8839 1 0.5237 0
T 32018 108.0 0.8841 1 0.5651 0
T 32025 108.0 0.8841 1 0.5651 0
T 32032 108.0 0.8841 1 0.5651 0
T 32040 108.0 0.8842 1 0.6047 0
T 32048 108.0 0.8842 1 0.6047 0
T 32055 108.0 0.8842 1 0.6047 0
T 32062 108.0 0.8842 1 0.6443 0
T 32070 108.0 0.8842 1 0.6443 0
T 32078 108.0 0.8842 1 0.6443 0
T 32085 108.0 0.8842 1 0.6856 0
T 32092 108.0 0.8842 1 0.6856 0
T 32100 108.0 0.8842 1 0.6856 0
T 32108 108.0 0.8842 1 0.8056 0
T 32115 108.0 0.8842 1 0.8056 0
T 32122 108.0 0.8842 1 0.8056 0
T 32130 108.0 0.8842 1 0.8452 0
T 32138 108.0 0.8842 1 0.8452 0
T 32145 108.0 0.8842 1 0.8452 0
T 32152 108.0 0.8842 1 0.8848 0
T 32160 108.0 0.8842 1 0.8848 0
T 32168 108.0 0.8842 1 0.8848 0
T 32175 108.0 0.8843 1 0.9262 0
T 32182 108.0 0.8843 1 0.9262 0
T 32190 108.0 0.8843 1 0.9262 0
T 32198 108.0 0.8843 1 0.9677 0
T 32205 108.0 0.8843 1 0.9677 0
T 32212 108.0 0.8843 1 0.9677 0
T 32220 108.0 0.8843 1 0.0153 1
T 32228 108.0 0.8843 1 0.0153 0
T 32235 108.0 0.8843 1 0.0153 0
T 32242 108.0 0.8844 1 0.0550 0
T 32250 108.0 0.8844 1 0.0550 0
T 32258 108.0 0.8844 1 0.0550 0
T 32265 108.0 0.8844 1 0.0964 0
T 32272 108.0 0.8844 1 0.0964 0
T 32280 108.0 0.8844 1 0.0964 0
T 32288 108.0 0.8844 1 0.1378 0
T 32295 108.0 0.8844 1 0.1378 0
T 32302 108.0 0.8844 1 0.1378 0
T 32310 108.0 0.8843 1 0.1774 0
T 32318 108.0 0.8843 1 0.1774 0
T 32325 108.0 0.8843 1 0.1774 0
T 32332 108.0 0.8843 1 0.1726 0
T 32340 108.0 0.8843 1 0.1726 0
T 32348 108.0 0.8843 1 0.1726 0
T 32355 108.0 0.8843 1 0.2140 0
T 32362 108.0 0.8843 1 0.2140 0
T 32370 108.0 0.8843 1 0.2140 0
T 32378 108.0 0.8843 1 0.2554 0
T 32385 108.0 0.8843 1 0.2554 0
T 32392 108.0 0.8843 1 0.2554 0
T 32400 108.0 0.8843 1 0.2950 0
T 32408 108.0 0.8843 1 0.2950 0
T 32415 108.0 0.8843 1 0.2950 0
T 32422 108.0 0.8843 1 0.3346 0
T 32430 108.0 0.8843 1 0.3346 0
T 32438 108.0 0.8843 1 0.3346 0
T 32445 108.0 0.8844 1 0.3760 0
T 32452 108.0 0.8844 1 0.3760 0
T 32460 108.0 0.8844 1 0.3760 0
T 32468 108.0 0.8845 1 0.4174 0
T 32475 108.0 0.8845 1 0.4174 0
T 32482 108.0 0.8845 1 0.4174 0
T 32490 108.0 0.8845 1 0.4570 0
T 32498 108.0 0.8845 1 0.4570 0
T 32505 108.0 0.8845 1 0.4570 0
T 32512 108.0 0.8846 1 0.4966 0
T 32520 108.0 0.8846 1 0.4966 0
T 32528 108.0 0.8846 1 0.4966 0
T 32535 108.0 0.8846 1 0.5380 0
T 32542 108.0 0.8846 1 0.5380 0
T 32550 108.0 0.8846 1 0.5380 0
T 32558 108.0 0.8846 1 0.6794 0
T 32565 108.0 0.8846 1 0.6794 0
T 32572 108.0 0.8846 1 0.6794 0
T 32580 108.0 0.8846 1 0.7190 0
T 32588 108.0 0.8846 1 0.7190 0
T 32595 108.0 0.8846 1 0.7190 0
T 32602 108.0 0.8846 1 0.7586 0
T 32610 108.0 0.8846 1 0.7586 0
T 32618 108.0 0.8846 1 0.7586 0
T 32625 108.0 0.8846 1 0.8001 0
T 32632 108.0 0.8846 1 0.8001 0
T 32640 108.0 0.8846 1 0.8001 0
T 32648 108.0 0.8843 1 0.8415 0
T 32655 108.0 0.8843 1 0.8415 0
T 32662 108.0 0.8843 1 0.8415 0
T 32670 108.0 0.8842 1 0.9207 0
T 32678 108.0 0.8842 1 0.9207 0
T 32685 108.0 0.8842 1 0.9207 0
T 32692 108.0 0.8840 1 0.9604 0
T 32700 108.0 0.8840 1 0.9604 0
T 32708 108.0 0.8840 1 0.9604 0
T 32715 108.0 0.8839 1 0.0018 1
T 32722 108.0 0.8839 1 0.0018 0
T 32730 108.0 0.8839 1 0.0018 0
T 32738 108.0 0.8838 1 0.0432 0
T 32745 108.0 0.8838 1 0.0432 0
T 32752 108.0 0.8838 1 0.0432 0
T 32760 108.0 0.8838 1 0.0828 0
T 32768 108.0 0.8838 1 0.0828 0
T 32775 108.0 0.8838 1 0.0828 0
T 32782 108.0 0.8838 1 0.1018 0
T 32790 108.0 0.8838 1 0.1018 0
T 32798 108.0 0.8838 1 0.1018 0
T 32805 108.0 0.8837 1 0.1432 0
T 32812 108.0 0.8837 1 0.1432 0
T 32820 108.0 0.8837 1 0.1432 0
T 32828 108.0 0.8837 1 0.1846 0
T 32835 108.0 0.8837 1 0.1846 0
T 32842 108.0 0.8837 1 0.1846 0
T 32850 108.0 0.8837 1 0.2242 0
T 32858 108.0 0.8837 1 0.2242 0
T 32865 108.0 0.8837 1 0.2242 0
T 32872 108.0 0.8838 1 0.2638 0
T 32880 108.0 0.8838 1 0.2638 0
T 32888 108.0 0.8838 1 0.2638 0
T 32895 108.0 0.8840 1 0.2393 0
T 32902 108.0 0.8840 1 0.2393 0
T 32910 108.0 0.8840 1 0.2393 0
T 32918 108.0 0.8840 1 0.2806 0
T 32925 108.0 0.8840 1 0.2806 0
T 32932 108.0 0.8840 1 0.2806 0
T 32940 108.0 0.8841 1 0.3202 0
T 32948 108.0 0.8841 1 0.3202 0
T 32955 108.0 0.8841 1 0.3202 0
T 32962 108.0 0.8842 1 0.3598 0
T 32970 108.0 0.8842 1 0.3598 0
T 32978 108.0 0.8842 1 0.3598 0
T 32985 108.0 0.8843 1 0.4012 0
T 32992 108.0 0.8843 1 0.4012 0
T 33000 108.0 0.8843 1 0.4012 0
T 33008 108.0 0.8843 1 0.3426 0
T 33015 108.0 0.8843 1 0.3426 0
T 33022 108.0 0.8843 1 0.3426 0
T 33030 108.0 0.8843 1 0.3822 0
T 33038 108.0 0.8843 1 0.3822 0
T 33045 108.0 0.8843 1 0.3822 0
T 33052 108.0 0.8843 1 0.4217 0
T 33060 108.0 0.8843 1 0.4217 0
T 33068 108.0 0.8843 1 0.4217 0
T 33075 108.0 0.8843 1 0.4631 0
T 33082 108.0 0.8843 1 0.4631 0
T 33090 108.0 0.8843 1 0.4631 0
T 33098 108.0 0.8843 1 0.5045 0
T 33105 108.0 0.8843 1 0.5045 0
T 33112 108.0 0.8843 1 0.5045 0
T 33120 108.0 0.8844 1 0.6441 0
T 33128 108.0 0.8844 1 0.6441 0
T 33135 108.0 0.8844 1 0.6441 0
T 33142 108.0 0.8844 1 0.6837 0
T 33150 108.0 0.8844 1 0.6837 0
T 33158 108.0 0.8844 1 0.6837 0
T 33165 108.0 0.8844 1 0.7251 0
T 33172 108.0 0.8844 1 0.7251 0
T 33180 108.0 0.8844 1 0.7251 0
T 33188 108.0 0.8844 1 0.7665 0
T 33195 108.0 0.8844 1 0.7665 0
T 33202 108.0 0.8844 1 0.7665 0
T 33210 108.0 0.8844 1 0.8061 0
T 33218 108.0 0.8844 1 0.8061 0
T 33225 108.0 0.8844 1 0.8061 0
T 33232 108.0 0.8844 1 0.8942 0
T 33240 108.0 0.8844 1 0.8942 0
T 33248 108.0 0.8844 1 0.8942 0
T 33255 108.0 0.8844 1 0.9356 0
T 33262 108.0 0.8844 1 0.9356 0
T 33270 108.0 0.8844 1 0.9356 0
T 33278 108.0 0.8843 1 0.9770 0
T 33285 108.0 0.8843 1 0.9770 0
T 33292 108.0 0.8843 1 0.9770 0
T 33300 108.0 0.8844 1 0.0166 1
T 33308 108.0 0.8844 1 0.0166 0
T 33315 108.0 0.8844 1 0.0166 0
T 33322 108.0 0.8845 1 0.0563 0
T 33330 108.0 0.8845 1 0.0563 0
T 33338 108.0 0.8845 1 0.0563 0
T 33345 108.0 0.8847 1 0.0977 0
T 33352 108.0 0.8847 1 0.0977 0
T 33360 108.0 0.8847 1 0.0977 0
T 33368 108.0 0.8848 1 0.1391 0
T 33375 108.0 0.8848 1 0.1391 0
T 33382 108.0 0.8848 1 0.1391 0
T 33390 108.0 0.8848 1 0.1787 0
T 33398 108.0 0.8848 1 0.1787 0
T 33405 108.0 0.8848 1 0.1787 0
T 33412 108.0 0.8848 1 0.2183 0
T 33420 108.0 0.8848 1 0.2183 0
T 33428 108.0 0.8848 1 0.2183 0
T 33435 108.0 0.8849 1 0.2051 0
T 33442 108.0 0.8849 1 0.2051 0
T 33450 108.0 0.8849 1 0.2051 0
T 33458 108.0 0.8850 1 0.2465 0
T 33465 108.0 0.8850 1 0.2465 0
T 33472 108.0 0.8850 1 0.2465 0
T 33480 108.0 0.8850 1 0.2861 0
T 33488 108.0 0.8850 1 0.2861 0
T 33495 108.0 0.8850 1 0.2861 0
T 33502 108.0 0.8850 1 0.3257 0
T 33510 108.0 0.8850 1 0.3257 0
T 33518 108.0 0.8850 1 0.3257 0
T 33525 108.0 0.8847 1 0.3671 0
T 33532 108.0 0.8847 1 0.3671 0
T 33540 108.0 0.8847 1 0.3671 0
T 33548 108.0 0.8844 1 0.3167 0
T 33555 108.0 0.8844 1 0.3167 0
T 33562 108.0 0.8844 1 0.3167 0
T 33570 108.0 0.8842 1 0.3563 0
T 33578 108.0 0.8842 1 0.3563 0
T 33585 108.0 0.8842 1 0.3563 0
T 33592 108.0 0.8840 1 0.3959 0
T 33600 108.0 0.8840 1 0.3959 0
T 33608 108.0 0.8840 1 0.3959 0
T 33615 108.0 0.8838 1 0.4373 0
T 33622 108.0 0.8838 1 0.4373 0
T 33630 108.0 0.8838 1 0.4373 0
T 33638 108.0 0.8836 1 0.4786 0
T 33645 108.0 0.8836 1 0.4786 0
T 33652 108.0 0.8836 1 0.4786 0
T 33660 108.0 0.8834 1 0.4182 0
T 33668 108.0 0.8834 1 0.4182 0
T 33675 108.0 0.8834 1 0.4182 0
T 33682 108.0 0.8832 1 0.4578 0
T 33690 108.0 0.8832 1 0.4578 0
T 33698 108.0 0.8832 1 0.4578 0
T 33705 108.0 0.8831 1 0.4991 0
T 33712 108.0 0.8831 1 0.4991 0
T 33720 108.0 0.8831 1 0.4991 0
T 33728 108.0 0.8828 1 0.5405 0
T 33735 108.0 0.8828 1 0.5405 0
T 33742 108.0 0.8828 1 0.5405 0
T 33750 108.0 0.8828 1 0.5800 0
T 33758 108.0 0.8828 1 0.5800 0
T 33765 108.0 0.8828 1 0.5800 0
T 33772 108.0 0.8830 1 0.6196 0
T 33780 108.0 0.8830 1 0.6196 0
T 33788 108.0 0.8830 1 0.6196 0
T 33795 108.0 0.8831 1 0.6610 0
T 33802 108.0 0.8831 1 0.6610 0
T 33810 108.0 0.8831 1 0.6610 0
T 33818 108.0 0.8831 1 0.7023 0
T 33825 108.0 0.8831 1 0.7023 0
T 33832 108.0 0.8831 1 0.7023 0
T 33840 108.0 0.8833 1 0.7419 0
T 33848 108.0 0.8833 1 0.7419 0
T 33855 108.0 0.8833 1 0.7419 0
T 33862 108.0 0.8832 1 0.7815 0
T 33870 108.0 0.8832 1 0.7815 0
T 33878 108.0 0.8832 1 0.7815 0
T 33885 108.0 0.8832 1 0.8775 0
T 33892 108.0 0.8832 1 0.8775 0
T 33900 108.0 0.8832 1 0.8775 0
T 33908 108.0 0.8832 1 0.9189 0
T 33915 108.0 0.8832 1 0.9189 0
T 33922 108.0 0.8832 1 0.9189 0
T 33930 108.0 0.8832 1 0.9585 0
T 33938 108.0 0.8832 1 0.9585 0
T 33945 108.0 0.8832 1 0.9585 0
T 33952 108.0 0.8831 1 0.9981 0
T 33960 108.0 0.8831 1 0.9981 0
T 33968 108.0 0.8831 1 0.9981 0
T 33975 108.0 0.8830 1 0.0395 1
T 33982 108.0 0.8830 1 0.0395 0
T 33990 108.0 0.8830 1 0.0395 0
T 33998 108.0 0.8830 1 0.0710 0
T 34005 108.0 0.8830 1 0.0710 0
T 34012 108.0 0.8830 1 0.0710 0
T 34020 108.0 0.8829 1 0.1106 0
T 34028 108.0 0.8829 1 0.1106 0
T 34035 108.0 0.8829 1 0.1106 0
T 34042 108.0 0.8829 1 0.1502 0
T 34050 108.0 0.8829 1 0.1502 0
T 34058 108.0 0.8829 1 0.1502 0
T 34065 108.0 0.8828 1 0.1916 0
T 34072 108.0 0.8828 1 0.1916 0
T 34080 108.0 0.8828 1 0.1916 0
T 34088 108.0 0.8826 1 0.2330 0
T 34095 108.0 0.8826 1 0.2330 0
T 34102 108.0 0.8826 1 0.2330 0
T 34110 108.0 0.8826 1 0.2143 0
T 34118 108.0 0.8826 1 0.2143 0
T 34125 108.0 0.8826 1 0.2143 0
T 34132 108.0 0.8825 1 0.2539 0
T 34140 108.0 0.8825 1 0.2539 0
T 34148 108.0 0.8825 1 0.2539 0
T 34155 108.0 0.8824 1 0.2953 0
T 34162 108.0 0.8824 1 0.2953 0
T 34170 108.0 0.8824 1 0.2953 0
T 34178 108.0 0.8822 1 0.3367 0
T 34185 108.0 0.8822 1 0.3367 0
T 34192 108.0 0.8822 1 0.3367 0
T 34200 108.0 0.8823 1 0.3763 0
T 34208 108.0 0.8823 1 0.3763 0
T 34215 108.0 0.8823 1 0.3763 0
T 34222 108.0 0.8824 1 0.4159 0
T 34230 108.0 0.8824 1 0.4159 0
T 34238 108.0 0.8824 1 0.4159 0
T 34245 108.0 0.8824 1 0.4573 0
T 34252 108.0 0.8824 1 0.4573 0
T 34260 108.0 0.8824 1 0.4573 0
T 34268 108.0 0.8824 1 0.4986 0
T 34275 108.0 0.8824 1 0.4986 0
T 34282 108.0 0.8824 1 0.4986 0
T 34290 108.0 0.8824 1 0.5382 0
T 34298 108.0 0.8824 1 0.5382 0
T 34305 108.0 0.8824 1 0.5382 0
T 34312 108.0 0.8824 1 0.5778 0
T 34320 108.0 0.8824 1 0.5778 0
T 34328 108.0 0.8824 1 0.5778 0
T 34335 108.0 0.8824 1 0.7192 0
T 34342 108.0 0.8824 1 0.7192 0
T 34350 108.0 0.8824 1 0.7192 0
T 34358 108.0 0.8824 1 0.7606 0
T 34365 108.0 0.8824 1 0.7606 0
T 34372 108.0 0.8824 1 0.7606 0
T 34380 108.0 0.8823 1 0.8003 0
T 34388 108.0 0.8823 1 0.8003 0
T 34395 108.0 0.8823 1 0.8003 0
T 34402 108.0 0.8823 1 0.8399 0
T 34410 108.0 0.8823 1 0.8399 0
T 34418 108.0 0.8823 1 0.8399 0
T 34425 108.0 0.8820 1 0.8813 0
T 34432 108.0 0.8820 1 0.8813 0
T 34440 108.0 0.8820 1 0.8813 0
T 34448 108.0 0.8819 1 0.9524 0
T 34455 108.0 0.8819 1 0.9524 0
T 34462 108.0 0.8819 1 0.9524 0
T 34470 108.0 0.8817 1 0.9920 0
T 34478 108.0 0.8817 1 0.9920 0
T 34485 108.0 0.8817 1 0.9920 0
T 34492 108.0 0.8816 1 0.0316 1
T 34500 108.0 0.8816 1 0.0316 0
T 34508 108.0 0.8816 1 0.0316 0
T 34515 108.0 0.8814 1 0.0731 0
T 34522 108.0 0.8814 1 0.0731 0
T 34530 108.0 0.8814 1 0.0731 0
T 34538 108.0 0.8810 1 0.1145 0
T 34545 108.0 0.8810 1 0.1145 0
T 34552 108.0 0.8810 1 0.1145 0
T 34560 108.0 0.8808 1 0.1255 0
T 34568 108.0 0.8808 1 0.1255 0
T 34575 108.0 0.8808 1 0.1255 0
T 34582 108.0 0.8806 1 0.1651 0
T 34590 108.0 0.8806 1 0.1651 0
T 34598 108.0 0.8806 1 0.1651 0
T 34605 108.0 0.8804 1 0.2065 0
T 34612 108.0 0.8804 1 0.2065 0
T 34620 108.0 0.8804 1 0.2065 0
T 34628 108.0 0.8801 1 0.2479 0
T 34635 108.0 0.8801 1 0.2479 0
T 34642 108.0 0.8801 1 0.2479 0
T 34650 108.0 0.8801 1 0.2875 0
T 34658 108.0 0.8801 1 0.2875 0
T 34665 108.0 0.8801 1 0.2875 0
T 34672 108.0 0.8801 1 0.2552 0
T 34680 108.0 0.8801 1 0.2552 0
T 34688 108.0 0.8801 1 0.2552 0
T 34695 108.0 0.8800 1 0.2966 0
T 34702 108.0 0.8800 1 0.2966 0
T 34710 108.0 0.8800 1 0.2966 0
T 34718 108.0 0.8800 1 0.3380 0
T 34725 108.0 0.8800 1 0.3380 0
T 34732 108.0 0.8800 1 0.3380 0
T 34740 108.0 0.8800 1 0.3776 0
T 34748 108.0 0.8800 1 0.3776 0
T 34755 108.0 0.8800 1 0.3776 0
T 34762 108.0 0.8800 1 0.4172 0
T 34770 108.0 0.8800 1 0.4172 0
T 34778 108.0 0.8800 1 0.4172 0
T 34785 108.0 0.8800 1 0.3585 0
T 34792 108.0 0.8800 1 0.3585 0
T 34800 108.0 0.8800 1 0.3585 0
T 34808 108.0 0.8799 1 0.3999 0
T 34815 108.0 0.8799 1 0.3999 0
T 34822 108.0 0.8799 1 0.3999 0
T 34830 108.0 0.8798 1 0.4395 0
T 34838 108.0 0.8798 1 0.4395 0
T 34845 108.0 0.8798 1 0.4395 0
T 34852 108.0 0.8798 1 0.4790 0
T 34860 108.0 0.8798 1 0.4790 0
T 34868 108.0 0.8798 1 0.4790 0
T 34875 108.0 0.8799 1 0.5204 0
T 34882 108.0 0.8799 1 0.5204 0
T 34890 108.0 0.8799 1 0.5204 0
T 34898 108.0 0.8800 1 0.6618 0
T 34905 108.0 0.8800 1 0.6618 0
T 34912 108.0 0.8800 1 0.6618 0
T 34920 108.0 0.8801 1 0.7014 0
T 34928 108.0 0.8801 1 0.7014 0
T 34935 108.0 0.8801 1 0.7014 0
T 34942 108.0 0.8801 1 0.7410 0
T 34950 108.0 0.8801 1 0.7410 0
T 34958 108.0 0.8801 1 0.7410 0
T 34965 108.0 0.8800 1 0.7824 0
T 34972 108.0 0.8800 1 0.7824 0
T 34980 108.0 0.8800 1 0.7824 0
T 34988 108.0 0.8798 1 0.8238 0
T 34995 108.0 0.8798 1 0.8238 0
T 35002 108.0 0.8798 1 0.8238 0
T 35010 108.0 0.8797 1 0.9075 0
T 35018 108.0 0.8797 1 0.9075 0
T 35025 108.0 0.8797 1 0.9075 0
T 35032 108.0 0.8795 1 0.9471 0
T 35040 108.0 0.8795 1 0.9471 0
T 35048 108.0 0.8795 1 0.9471 0
T 35055 108.0 0.8793 1 0.9885 0
T 35062 108.0 0.8793 1 0.9885 0
T 35070 108.0 0.8793 1 0.9885 0
T 35078 108.0 0.8793 1 0.0299 1
T 35085 108.0 0.8793 1 0.0299 0
T 35092 108.0 0.8793 1 0.0299 0
T 35100 108.0 0.8795 1 0.0695 0
T 35108 108.0 0.8795 1 0.0695 0
T 35115 108.0 0.8795 1 0.0695 0
T 35122 108.0 0.8796 1 0.1091 0
T 35130 108.0 0.8796 1 0.1091 0
T 35138 108.0 0.8796 1 0.1091 0
T 35145 108.0 0.8797 1 0.1506 0
T 35152 108.0 0.8797 1 0.1506 0
T 35160 108.0 0.8797 1 0.1506 0
T 35168 108.0 0.8798 1 0.1920 0
T 35175 108.0 0.8798 1 0.1920 0
T 35182 108.0 0.8798 1 0.1920 0
T 35190 108.0 0.8798 1 0.2316 0
T 35198 108.0 0.8798 1 0.2316 0
T 35205 108.0 0.8798 1 0.2316 0
T 35212 108.0 0.8797 1 0.2133 0
T 35220 108.0 0.8797 1 0.2133 0
T 35228 108.0 0.8797 1 0.2133 0
T 35235 108.0 0.8797 1 0.2547 0
T 35242 108.0 0.8797 1 0.2547 0
T 35250 108.0 0.8797 1 0.2547 0
T 35258 108.0 0.8796 1 0.2961 0
T 35265 108.0 0.8796 1 0.2961 0
T 35272 108.0 0.8796 1 0.2961 0
T 35280 108.0 0.8795 1 0.3357 0
T 35288 108.0 0.8795 1 0.3357 0
T 35295 108.0 0.8795 1 0.3357 0
T 35302 108.0 0.8789 1 0.3753 0
T 35310 108.0 0.8789 1 0.3753 0
T 35318 108.0 0.8789 1 0.3753 0
T 35325 108.0 0.8783 1 0.3228 0
T 35332 108.0 0.8783 1 0.3228 0
T 35340 108.0 0.8783 1 0.3228 0
T 35348 108.0 0.8778 1 0.3642 0
T 35355 108.0 0.8778 1 0.3642 0
T 35362 108.0 0.8778 1 0.3642 0
T 35370 108.0 0.8773 1 0.4038 0
T 35378 108.0 0.8773 1 0.4038 0
T 35385 108.0 0.8773 1 0.4038 0
T 35392 108.0 0.8770 1 0.4433 0
T 35400 108.0 0.8770 1 0.4433 0
T 35408 108.0 0.8770 1 0.4433 0
T 35415 108.0 0.8766 1 0.4847 0
T 35422 108.0 0.8766 1 0.4847 0
T 35430 108.0 0.8766 1 0.4847 0
T 35438 108.0 0.8762 1 0.4261 0
T 35445 108.0 0.8762 1 0.4261 0
T 35452 108.0 0.8762 1 0.4261 0
T 35460 108.0 0.8759 1 0.4656 0
T 35468 108.0 0.8759 1 0.4656 0
T 35475 108.0 0.8759 1 0.4656 0
T 35482 108.0 0.8757 1 0.5052 0
T 35490 108.0 0.8757 1 0.5052 0
T 35498 108.0 0.8757 1 0.5052 0
T 35505 108.0 0.8753 1 0.5466 0
T 35512 108.0 0.8753 1 0.5466 0
T 35520 108.0 0.8753 1 0.5466 0
T 35528 108.0 0.8755 1 0.5879 0
T 35535 108.0 0.8755 1 0.5879 0
T 35542 108.0 0.8755 1 0.5879 0
T 35550 108.0 0.8757 1 0.6275 0
T 35558 108.0 0.8757 1 0.6275 0
T 35565 108.0 0.8757 1 0.6275 0
T 35572 108.0 0.8759 1 0.6670 0
T 35580 108.0 0.8759 1 0.6670 0
T 35588 108.0 0.8759 1 0.6670 0
T 35595 108.0 0.8760 1 0.7084 0
T 35602 108.0 0.8760 1 0.7084 0
T 35610 108.0 0.8760 1 0.7084 0
T 35618 108.0 0.8762 1 0.7498 0
T 35625 108.0 0.8762 1 0.7498 0
T 35632 108.0 0.8762 1 0.7498 0
T 35640 108.0 0.8760 1 0.7894 0
T 35648 108.0 0.8760 1 0.7894 0
T 35655 108.0 0.8760 1 0.7894 0
T 35662 108.0 0.8760 1 0.8816 0
T 35670 108.0 0.8760 1 0.8816 0
T 35678 108.0 0.8760 1 0.8816 0
T 35685 108.0 0.8759 1 0.9230 0
T 35692 108.0 0.8759 1 0.9230 0
T 35700 108.0 0.8759 1 0.9230 0
T 35708 108.0 0.8758 1 0.9644 0
T 35715 108.0 0.8758 1 0.9644 0
T 35722 108.0 0.8758 1 0.9644 0
T 35730 108.0 0.8757 1 0.0040 1
T 35738 108.0 0.8757 1 0.0040 0
T 35745 108.0 0.8757 1 0.0040 0
T 35752 108.0 0.8755 1 0.0436 0
T 35760 108.0 0.8755 1 0.0436 0
T 35768 108.0 0.8755 1 0.0436 0
T 35775 108.0 0.8755 1 0.0741 0
T 35782 108.0 0.8755 1 0.0741 0
T 35790 108.0 0.8755 1 0.0741 0
T 35798 108.0 0.8755 1 0.1155 0
T 35805 108.0 0.8755 1 0.1155 0
T 35812 108.0 0.8755 1 0.1155 0
T 35820 108.0 0.8754 1 0.1551 0
T 35828 108.0 0.8754 1 0.1551 0
T 35835 108.0 0.8754 1 0.1551 0
T 35842 108.0 0.8753 1 0.1947 0
T 35850 108.0 0.8753 1 0.1947 0
T 35858 108.0 0.8753 1 0.1947 0
T 35865 108.0 0.8751 1 0.2361 0
T 35872 108.0 0.8751 1 0.2361 0
T 35880 108.0 0.8751 1 0.2361 0
T 35888 108.0 0.8749 1 0.2185 0
T 35895 108.0 0.8749 1 0.2185 0
T 35902 108.0 0.8749 1 0.2185 0
T 35910 108.0 0.8747 1 0.2580 0
T 35918 108.0 0.8747 1 0.2580 0
T 35925 108.0 0.8747 1 0.2580 0
T 35932 108.0 0.8746 1 0.2976 0
T 35940 108.0 0.8746 1 0.2976 0
T 35948 108.0 0.8746 1 0.2976 0
T 35955 108.0 0.8744 1 0.3390 0
T 35962 108.0 0.8744 1 0.3390 0
T 35970 108.0 0.8744 1 0.3390 0
T 35978 108.0 0.8744 1 0.3804 0
T 35985 108.0 0.8744 1 0.3804 0
T 35992 108.0 0.8744 1 0.3804 0
T 36000 108.0 0.8745 1 0.4200 0
T 36008 108.0 0.8745 1 0.4200 0
T 36015 108.0 0.8745 1 0.4200 0
T 36022 108.0 0.8745 1 0.4596 0
T 36030 108.0 0.8745 1 0.4596 0
T 36038 108.0 0.8745 1 0.4596 0
T 36045 108.0 0.8745 1 0.5009 0
T 36052 108.0 0.8745 1 0.5009 0
T 36060 108.0 0.8745 1 0.5009 0
T 36068 108.0 0.8746 1 0.5423 0
T 36075 108.0 0.8746 1 0.5423 0
T 36082 108.0 0.8746 1 0.5423 0
T 36090 108.0 0.8745 1 0.5819 0
T 36098 108.0 0.8745 1 0.5819 0
T 36105 108.0 0.8745 1 0.5819 0
T 36112 108.0 0.8745 1 0.7215 0
T 36120 108.0 0.8745 1 0.7215 0
T 36128 108.0 0.8745 1 0.7215 0
T 36135 108.0 0.8745 1 0.7629 0
T 36142 108.0 0.8745 1 0.7629 0
T 36150 108.0 0.8745 1 0.7629 0
T 36158 108.0 0.8743 1 0.8044 0
T 36165 108.0 0.8743 1 0.8044 0
T 36172 108.0 0.8743 1 0.8044 0
T 36180 108.0 0.8742 1 0.8440 0
T 36188 108.0 0.8742 1 0.8440 0
T 36195 108.0 0.8742 1 0.8440 0
T 36202 108.0 0.8738 1 0.8836 0
T 36210 108.0 0.8738 1 0.8836 0
T 36218 108.0 0.8738 1 0.8836 0
T 36225 108.0 0.8736 1 0.9541 0
T 36232 108.0 0.8736 1 0.9541 0
T 36240 108.0 0.8736 1 0.9541 0
T 36248 108.0 0.8734 1 0.9955 0
T 36255 108.0 0.8734 1 0.9955 0
T 36262 108.0 0.8734 1 0.9955 0
T 36270 108.0 0.8732 1 0.0352 1
T 36278 108.0 0.8732 1 0.0352 0
T 36285 108.0 0.8732 1 0.0352 0
T 36292 108.0 0.8731 1 0.0748 0
T 36300 108.0 0.8731 1 0.0748 0
T 36308 108.0 0.8731 1 0.0748 0
T 36315 108.0 0.8725 1 0.1162 0
T 36322 108.0 0.8725 1 0.1162 0
T 36330 108.0 0.8725 1 0.1162 0
T 36338 108.0 0.8721 1 0.1286 0
T 36345 108.0 0.8721 1 0.1286 0
T 36352 108.0 0.8721 1 0.1286 0
T 36360 108.0 0.8717 1 0.1682 0
T 36368 108.0 0.8717 1 0.1682 0
T 36375 108.0 0.8717 1 0.1682 0
T 36382 108.0 0.8714 1 0.2078 0
T 36390 108.0 0.8714 1 0.2078 0
T 36398 108.0 0.8714 1 0.2078 0
T 36405 108.0 0.8709 1 0.2492 0
T 36412 108.0 0.8709 1 0.2492 0
T 36420 108.0 0.8709 1 0.2492 0
T 36428 108.0 0.8710 1 0.2906 0
T 36435 108.0 0.8710 1 0.2906 0
T 36442 108.0 0.8710 1 0.2906 0
T 36450 108.0 0.8711 1 0.2575 0
T 36458 108.0 0.8711 1 0.2575 0
T 36465 108.0 0.8711 1 0.2575 0
T 36472 108.0 0.8711 1 0.2971 0
T 36480 108.0 0.8711 1 0.2971 0
T 36488 108.0 0.8711 1 0.2971 0
T 36495 108.0 0.8713 1 0.3385 0
T 36502 108.0 0.8713 1 0.3385 0
T 36510 108.0 0.8713 1 0.3385 0
T 36518 108.0 0.8714 1 0.3799 0
T 36525 108.0 0.8714 1 0.3799 0
T 36532 108.0 0.8714 1 0.3799 0
T 36540 108.0 0.8713 1 0.4195 0
T 36548 108.0 0.8713 1 0.4195 0
T 36555 108.0 0.8713 1 0.4195 0
T 36562 108.0 0.8713 1 0.3591 0
T 36570 108.0 0.8713 1 0.3591 0
T 36578 108.0 0.8713 1 0.3591 0
T 36585 108.0 0.8711 1 0.4004 0
T 36592 108.0 0.8711 1 0.4004 0
T 36600 108.0 0.8711 1 0.4004 0
T 36608 108.0 0.8711 1 0.4418 0
T 36615 108.0 0.8711 1 0.4418 0
T 36622 108.0 0.8711 1 0.4418 0
T 36630 108.0 0.8711 1 0.4813 0
T 36638 108.0 0.8711 1 0.4813 0
T 36645 108.0 0.8711 1 0.4813 0
T 36652 108.0 0.8712 1 0.5209 0
T 36660 108.0 0.8712 1 0.5209 0
T 36668 108.0 0.8712 1 0.5209 0
T 36675 108.0 0.8715 1 0.6623 0
T 36682 108.0 0.8715 1 0.6623 0
T 36690 108.0 0.8715 1 0.6623 0
T 36698 108.0 0.8716 1 0.7037 0
T 36705 108.0 0.8716 1 0.7037 0
T 36712 108.0 0.8716 1 0.7037 0
T 36720 108.0 0.8717 1 0.7433 0
T 36728 108.0 0.8717 1 0.7433 0
T 36735 108.0 0.8717 1 0.7433 0
T 36742 108.0 0.8716 1 0.7829 0
T 36750 108.0 0.8716 1 0.7829 0
T 36758 108.0 0.8716 1 0.7829 0
T 36765 108.0 0.8714 1 0.8243 0
T 36772 108.0 0.8714 1 0.8243 0
T 36780 108.0 0.8714 1 0.8243 0
T 36788 108.0 0.8713 1 0.9097 0
T 36795 108.0 0.8713 1 0.9097 0
T 36802 108.0 0.8713 1 0.9097 0
T 36810 108.0 0.8712 1 0.9493 0
T 36818 108.0 0.8712 1 0.9493 0
T 36825 108.0 0.8712 1 0.9493 0
T 36832 108.0 0.8711 1 0.9889 0
T 36840 108.0 0.8711 1 0.9889 0
T 36848 108.0 0.8711 1 0.9889 0
T 36855 108.0 0.8709 1 0.0303 1
T 36862 108.0 0.8709 1 0.0303 0
T 36870 108.0 0.8709 1 0.0303 0
T 36878 108.0 0.8710 1 0.0717 0
T 36885 108.0 0.8710 1 0.0717 0
T 36892 108.0 0.8710 1 0.0717 0
T 36900 108.0 0.8710 1 0.1113 0
T 36908 108.0 0.8710 1 0.1113 0
T 36915 108.0 0.8710 1 0.1113 0
T 36922 108.0 0.8710 1 0.1509 0
T 36930 108.0 0.8710 1 0.1509 0
T 36938 108.0 0.8710 1 0.1509 0
T 36945 108.0 0.8710 1 0.1923 0
T 36952 108.0 0.8710 1 0.1923 0
T 36960 108.0 0.8710 1 0.1923 0
T 36968 108.0 0.8710 1 0.2338 0
T 36975 108.0 0.8710 1 0.2338 0
T 36982 108.0 0.8710 1 0.2338 0
T 36990 108.0 0.8710 1 0.2149 0
T 36998 108.0 0.8710 1 0.2149 0
T 37005 108.0 0.8710 1 0.2149 0
T 37012 108.0 0.8710 1 0.2545 0
T 37020 108.0 0.8710 1 0.2545 0
T 37028 108.0 0.8710 1 0.2545 0
T 37035 108.0 0.8710 1 0.2959 0
T 37042 108.0 0.8710 1 0.2959 0
T 37050 108.0 0.8710 1 0.2959 0
T 37058 108.0 0.8710 1 0.3373 0
T 37065 108.0 0.8710 1 0.3373 0
T 37072 108.0 0.8710 1 0.3373 0
T 37080 108.0 0.8704 1 0.3769 0
T 37088 108.0 0.8704 1 0.3769 0
T 37095 108.0 0.8704 1 0.3769 0
T 37102 108.0 0.8698 1 0.3223 0
T 37110 108.0 0.8698 1 0.3223 0
T 37118 108.0 0.8698 1 0.3223 0
T 37125 108.0 0.8692 1 0.3636 0
T 37132 108.0 0.8692 1 0.3636 0
T 37140 108.0 0.8692 1 0.3636 0
T 37148 108.0 0.8687 1 0.4050 0
T 37155 108.0 0.8687 1 0.4050 0
T 37162 108.0 0.8687 1 0.4050 0
T 37170 108.0 0.8683 1 0.4446 0
T 37178 108.0 0.8683 1 0.4446 0
T 37185 108.0 0.8683 1 0.4446 0
T 37192 108.0 0.8678 1 0.4841 0
T 37200 108.0 0.8678 1 0.4841 0
T 37208 108.0 0.8678 1 0.4841 0
T 37215 108.0 0.8672 1 0.4255 0
T 37222 108.0 0.8672 1 0.4255 0
T 37230 108.0 0.8672 1 0.4255 0
T 37238 108.0 0.8667 1 0.4669 0
T 37245 108.0 0.8667 1 0.4669 0
T 37252 108.0 0.8667 1 0.4669 0
T 37260 108.0 0.8664 1 0.5064 0
T 37268 108.0 0.8664 1 0.5064 0
T 37275 108.0 0.8664 1 0.5064 0
T 37282 108.0 0.8659 1 0.5460 0
T 37290 108.0 0.8659 1 0.5460 0
T 37298 108.0 0.8659 1 0.5460 0
T 37305 108.0 0.8660 1 0.5873 0
T 37312 108.0 0.8660 1 0.5873 0
T 37320 108.0 0.8660 1 0.5873 0
T 37328 108.0 0.8661 1 0.6287 0
T 37335 108.0 0.8661 1 0.6287 0
T 37342 108.0 0.8661 1 0.6287 0
T 37350 108.0 0.8662 1 0.6683 0
T 37358 108.0 0.8662 1 0.6683 0
T 37365 108.0 0.8662 1 0.6683 0
T 37372 108.0 0.8663 1 0.7078 0
T 37380 108.0 0.8663 1 0.7078 0
T 37388 108.0 0.8663 1 0.7078 0
T 37395 108.0 0.8665 1 0.7492 0
T 37402 108.0 0.8665 1 0.7492 0
T 37410 108.0 0.8665 1 0.7492 0
T 37418 108.0 0.8660 1 0.7906 0
T 37425 108.0 0.8660 1 0.7906 0
T 37432 108.0 0.8660 1 0.7906 0
T 37440 108.0 0.8657 1 0.8825 0
T 37448 108.0 0.8657 1 0.8825 0
T 37455 108.0 0.8657 1 0.8825 0
T 37462 108.0 0.8654 1 0.9221 0
T 37470 108.0 0.8654 1 0.9221 0
T 37478 108.0 0.8654 1 0.9221 0
T 37485 108.0 0.8652 1 0.9635 0
T 37492 108.0 0.8652 1 0.9635 0
T 37500 108.0 0.8652 1 0.9635 0
T 37508 108.0 0.8649 1 0.0049 1
T 37515 108.0 0.8649 1 0.0049 0
T 37522 108.0 0.8649 1 0.0049 0
T 37530 108.0 0.8647 1 0.0445 0
T 37538 108.0 0.8647 1 0.0445 0
T 37545 108.0 0.8647 1 0.0445 0
T 37552 108.0 0.8646 1 0.0730 0
T 37560 108.0 0.8646 1 0.0730 0
T 37568 108.0 0.8646 1 0.0730 0
T 37575 108.0 0.8646 1 0.1144 0
T 37582 108.0 0.8646 1 0.1144 0
T 37590 108.0 0.8646 1 0.1144 0
T 37598 108.0 0.8645 1 0.1558 0
T 37605 108.0 0.8645 1 0.1558 0
T 37612 108.0 0.8645 1 0.1558 0
T 37620 108.0 0.8644 1 0.1954 0
T 37628 108.0 0.8644 1 0.1954 0
T 37635 108.0 0.8644 1 0.1954 0
T 37642 108.0 0.8641 1 0.2350 0
T 37650 108.0 0.8641 1 0.2350 0
T 37658 108.0 0.8641 1 0.2350 0
T 37665 108.0 0.8640 1 0.2176 0
T 37672 108.0 0.8640 1 0.2176 0
T 37680 108.0 0.8640 1 0.2176 0
T 37688 108.0 0.8638 1 0.2590 0
T 37695 108.0 0.8638 1 0.2590 0
T 37702 108.0 0.8638 1 0.2590 0
T 37710 108.0 0.8637 1 0.2986 0
T 37718 108.0 0.8637 1 0.2986 0
T 37725 108.0 0.8637 1 0.2986 0
T 37732 108.0 0.8635 1 0.3382 0
T 37740 108.0 0.8635 1 0.3382 0
T 37748 108.0 0.8635 1 0.3382 0
T 37755 108.0 0.8636 1 0.3795 0
T 37762 108.0 0.8636 1 0.3795 0
T 37770 108.0 0.8636 1 0.3795 0
T 37778 108.0 0.8637 1 0.4209 0
T 37785 108.0 0.8637 1 0.4209 0
T 37792 108.0 0.8637 1 0.4209 0
T 37800 108.0 0.8638 1 0.4605 0
T 37808 108.0 0.8638 1 0.4605 0
T 37815 108.0 0.8638 1 0.4605 0
T 37822 108.0 0.8638 1 0.5001 0
T 37830 108.0 0.8638 1 0.5001 0
T 37838 108.0 0.8638 1 0.5001 0
T 37845 108.0 0.8638 1 0.5415 0
T 37852 108.0 0.8638 1 0.5415 0
T 37860 108.0 0.8638 1 0.5415 0
T 37868 108.0 0.8634 1 0.5829 0
T 37875 108.0 0.8634 1 0.5829 0
T 37882 108.0 0.8634 1 0.5829 0
T 37890 108.0 0.8631 1 0.7225 0
T 37898 108.0 0.8631 1 0.7225 0
T 37905 108.0 0.8631 1 0.7225 0
T 37912 108.0 0.8629 1 0.7621 0
T 37920 108.0 0.8629 1 0.7621 0
T 37928 108.0 0.8629 1 0.7621 0
T 37935 108.0 0.8626 1 0.8035 0
T 37942 108.0 0.8626 1 0.8035 0
T 37950 108.0 0.8626 1 0.8035 0
T 37958 108.0 0.8623 1 0.8449 0
T 37965 108.0 0.8623 1 0.8449 0
T 37972 108.0 0.8623 1 0.8449 0
T 37980 108.0 0.8618 1 0.8846 0
T 37988 108.0 0.8618 1 0.8846 0
T 37995 108.0 0.8618 1 0.8846 0
T 38002 108.0 0.8615 1 0.9530 0
T 38010 108.0 0.8615 1 0.9530 0
T 38018 108.0 0.8615 1 0.9530 0
T 38025 108.0 0.8611 1 0.9945 0
T 38032 108.0 0.8611 1 0.9945 0
T 38040 108.0 0.8611 1 0.9945 0
T 38048 108.0 0.8608 1 0.0359 1
T 38055 108.0 0.8608 1 0.0359 0
T 38062 108.0 0.8608 1 0.0359 0
T 38070 108.0 0.8606 1 0.0755 0
T 38078 108.0 0.8606 1 0.0755 0
T 38085 108.0 0.8606 1 0.0755 0
T 38092 108.0 0.8599 1 0.1151 0
T 38100 108.0 0.8599 1 0.1151 0
T 38108 108.0 0.8599 1 0.1151 0
T 38115 108.0 0.8594 1 0.1278 0
T 38122 108.0 0.8594 1 0.1278 0
T 38130 108.0 0.8594 1 0.1278 0
T 38138 108.0 0.8589 1 0.1692 0
T 38145 108.0 0.8589 1 0.1692 0
T 38152 108.0 0.8589 1 0.1692 0
T 38160 108.0 0.8586 1 0.2088 0
T 38168 108.0 0.8586 1 0.2088 0
T 38175 108.0 0.8586 1 0.2088 0
T 38182 108.0 0.8581 1 0.2484 0
T 38190 108.0 0.8581 1 0.2484 0
T 38198 108.0 0.8581 1 0.2484 0
T 38205 108.0 0.8582 1 0.2898 0
T 38212 108.0 0.8582 1 0.2898 0
T 38220 108.0 0.8582 1 0.2898 0
T 38228 108.0 0.8582 1 0.2587 0
T 38235 108.0 0.8582 1 0.2587 0
T 38242 108.0 0.8582 1 0.2587 0
T 38250 108.0 0.8582 1 0.2983 0
T 38258 108.0 0.8582 1 0.2983 0
T 38265 108.0 0.8582 1 0.2983 0
T 38272 108.0 0.8583 1 0.3379 0
T 38280 108.0 0.8583 1 0.3379 0
T 38288 108.0 0.8583 1 0.3379 0
T 38295 108.0 0.8585 1 0.3793 0
T 38302 108.0 0.8585 1 0.3793 0
T 38310 108.0 0.8585 1 0.3793 0
T 38318 108.0 0.8583 1 0.4207 0
T 38325 108.0 0.8583 1 0.4207 0
T 38332 108.0 0.8583 1 0.4207 0
T 38340 108.0 0.8583 1 0.3603 0
T 38348 108.0 0.8583 1 0.3603 0
T 38355 108.0 0.8583 1 0.3603 0
T 38362 108.0 0.8582 1 0.3998 0
T 38370 108.0 0.8582 1 0.3998 0
T 38378 108.0 0.8582 1 0.3998 0
T 38385 108.0 0.8581 1 0.4412 0
T 38392 108.0 0.8581 1 0.4412 0
T 38400 108.0 0.8581 1 0.4412 0
T 38408 108.0 0.8582 1 0.4825 0
T 38415 108.0 0.8582 1 0.4825 0
T 38422 108.0 0.8582 1 0.4825 0
T 38430 108.0 0.8585 1 0.5221 0
T 38438 108.0 0.8585 1 0.5221 0
T 38445 108.0 0.8585 1 0.5221 0
T 38452 108.0 0.8588 1 0.6617 0
T 38460 108.0 0.8588 1 0.6617 0
T 38468 108.0 0.8588 1 0.6617 0
T 38475 108.0 0.8590 1 0.7031 0
T 38482 108.0 0.8590 1 0.7031 0
T 38490 108.0 0.8590 1 0.7031 0
T 38498 108.0 0.8592 1 0.7445 0
T 38505 108.0 0.8592 1 0.7445 0
T 38512 108.0 0.8592 1 0.7445 0
T 38520 108.0 0.8589 1 0.7841 0
T 38528 108.0 0.8589 1 0.7841 0
T 38535 108.0 0.8589 1 0.7841 0
T 38542 108.0 0.8584 1 0.8237 0
T 38550 108.0 0.8584 1 0.8237 0
T 38558 108.0 0.8584 1 0.8237 0
T 38565 108.0 0.8580 1 0.9092 0
T 38572 108.0 0.8580 1 0.9092 0
T 38580 108.0 0.8580 1 0.9092 0
T 38588 108.0 0.8576 1 0.9506 0
T 38595 108.0 0.8576 1 0.9506 0
T 38602 108.0 0.8576 1 0.9506 0
T 38610 108.0 0.8573 1 0.9902 0
T 38618 108.0 0.8573 1 0.9902 0
T 38625 108.0 0.8573 1 0.9902 0
T 38632 108.0 0.8571 1 0.0298 1
T 38640 108.0 0.8571 1 0.0298 0
T 38648 108.0 0.8571 1 0.0298 0
T 38655 108.0 0.8571 1 0.0713 0
T 38662 108.0 0.8571 1 0.0713 0
T 38670 108.0 0.8571 1 0.0713 0
T 38678 108.0 0.8572 1 0.1127 0
T 38685 108.0 0.8572 1 0.1127 0
T 38692 108.0 0.8572 1 0.1127 0
T 38700 108.0 0.8572 1 0.1523 0
T 38708 108.0 0.8572 1 0.1523 0
T 38715 108.0 0.8572 1 0.1523 0
T 38722 108.0 0.8572 1 0.1919 0
T 38730 108.0 0.8572 1 0.1919 0
T 38738 108.0 0.8572 1 0.1919 0
T 38745 108.0 0.8571 1 0.2333 0
T 38752 108.0 0.8571 1 0.2333 0
T 38760 108.0 0.8571 1 0.2333 0
T 38768 108.0 0.8569 1 0.2164 0
T 38775 108.0 0.8569 1 0.2164 0
T 38782 108.0 0.8569 1 0.2164 0
T 38790 108.0 0.8568 1 0.2560 0
T 38798 108.0 0.8568 1 0.2560 0
T 38805 108.0 0.8568 1 0.2560 0
T 38812 108.0 0.8566 1 0.2956 0
T 38820 108.0 0.8566 1 0.2956 0
T 38828 108.0 0.8566 1 0.2956 0
T 38835 108.0 0.8564 1 0.3370 0
T 38842 108.0 0.8564 1 0.3370 0
T 38850 108.0 0.8564 1 0.3370 0
T 38858 108.0 0.8556 1 0.3784 0
T 38865 108.0 0.8556 1 0.3784 0
T 38872 108.0 0.8556 1 0.3784 0
T 38880 108.0 0.8547 1 0.3234 0
T 38888 108.0 0.8547 1 0.3234 0
T 38895 108.0 0.8547 1 0.3234 0
T 38902 108.0 0.8540 1 0.3629 0
T 38910 108.0 0.8540 1 0.3629 0
T 38918 108.0 0.8540 1 0.3629 0
T 38925 108.0 0.8533 1 0.4043 0
T 38932 108.0 0.8533 1 0.4043 0
T 38940 108.0 0.8533 1 0.4043 0
T 38948 108.0 0.8527 1 0.4457 0
T 38955 108.0 0.8527 1 0.4457 0
T 38962 108.0 0.8527 1 0.4457 0
T 38970 108.0 0.8519 1 0.4852 0
T 38978 108.0 0.8519 1 0.4852 0
T 38985 108.0 0.8519 1 0.4852 0
T 38992 108.0 0.8509 1 0.4248 0
T 39000 108.0 0.8509 1 0.4248 0
T 39008 108.0 0.8509 1 0.4248 0
T 39015 108.0 0.8501 1 0.4662 0
T 39022 108.0 0.8501 1 0.4662 0
T 39030 108.0 0.8501 1 0.4662 0
T 39038 108.0 0.8495 1 0.5075 0
T 39045 108.0 0.8495 1 0.5075 0
T 39052 108.0 0.8495 1 0.5075 0
T 39060 108.0 0.8487 1 0.5471 0
T 39068 108.0 0.8487 1 0.5471 0
T 39075 108.0 0.8487 1 0.5471 0
T 39082 108.0 0.8489 1 0.5866 0
T 39090 108.0 0.8489 1 0.5866 0
T 39098 108.0 0.8489 1 0.5866 0
T 39105 108.0 0.8493 1 0.6280 0
T 39112 108.0 0.8493 1 0.6280 0
T 39120 108.0 0.8493 1 0.6280 0
T 39128 108.0 0.8496 1 0.6694 0
T 39135 108.0 0.8496 1 0.6694 0
T 39142 108.0 0.8496 1 0.6694 0
T 39150 108.0 0.8498 1 0.7089 0
T 39158 108.0 0.8498 1 0.7089 0
T 39165 108.0 0.8498 1 0.7089 0
T 39172 108.0 0.8501 1 0.7485 0
T 39180 108.0 0.8501 1 0.7485 0
T 39188 108.0 0.8501 1 0.7485 0
T 39195 108.0 0.8496 1 0.7899 0
T 39202 108.0 0.8496 1 0.7899 0
T 39210 108.0 0.8496 1 0.7899 0
T 39218 108.0 0.8491 1 0.8838 0
T 39225 108.0 0.8491 1 0.8838 0
T 39232 108.0 0.8491 1 0.8838 0
T 39240 108.0 0.8488 1 0.9234 0
T 39248 108.0 0.8488 1 0.9234 0
T 39255 108.0 0.8488 1 0.9234 0
T 39262 108.0 0.8485 1 0.9630 0
T 39270 108.0 0.8485 1 0.9630 0
T 39278 108.0 0.8485 1 0.9630 0
T 39285 108.0 0.8482 1 0.0044 1
T 39292 108.0 0.8482 1 0.0044 0
T 39300 108.0 0.8482 1 0.0044 0
T 39308 108.0 0.8478 1 0.0458 0
T 39315 108.0 0.8478 1 0.0458 0
T 39322 108.0 0.8478 1 0.0458 0
T 39330 108.0 0.8475 1 0.0739 0
T 39338 108.0 0.8475 1 0.0739 0
T 39345 108.0 0.8475 1 0.0739 0
T 39352 108.0 0.8472 1 0.1135 0
T 39360 108.0 0.8472 1 0.1135 0
T 39368 108.0 0.8472 1 0.1135 0
T 39375 108.0 0.8470 1 0.1549 0
T 39382 108.0 0.8470 1 0.1549 0
T 39390 108.0 0.8470 1 0.1549 0
T 39398 108.0 0.8467 1 0.1963 0
T 39405 108.0 0.8467 1 0.1963 0
T 39412 108.0 0.8467 1 0.1963 0
T 39420 108.0 0.8464 1 0.2359 0
T 39428 108.0 0.8464 1 0.2359 0
T 39435 108.0 0.8464 1 0.2359 0
T 39442 108.0 0.8462 1 0.2165 0
T 39450 108.0 0.8462 1 0.2165 0
T 39458 108.0 0.8462 1 0.2165 0
T 39465 108.0 0.8460 1 0.2579 0
T 39472 108.0 0.8460 1 0.2579 0
T 39480 108.0 0.8460 1 0.2579 0
T 39488 108.0 0.8459 1 0.2993 0
T 39495 108.0 0.8459 1 0.2993 0
T 39502 108.0 0.8459 1 0.2993 0
T 39510 108.0 0.8457 1 0.3389 0
T 39518 108.0 0.8457 1 0.3389 0
T 39525 108.0 0.8457 1 0.3389 0
T 39532 108.0 0.8459 1 0.3785 0
T 39540 108.0 0.8459 1 0.3785 0
T 39548 108.0 0.8459 1 0.3785 0
T 39555 108.0 0.8461 1 0.4198 0
T 39562 108.0 0.8461 1 0.4198 0
T 39570 108.0 0.8461 1 0.4198 0
T 39578 108.0 0.8463 1 0.4612 0
T 39585 108.0 0.8463 1 0.4612 0
T 39592 108.0 0.8463 1 0.4612 0
T 39600 108.0 0.8464 1 0.5008 0
T 39608 108.0 0.8464 1 0.5008 0
T 39615 108.0 0.8464 1 0.5008 0
T 39622 108.0 0.8465 1 0.5404 0
T 39630 108.0 0.8465 1 0.5404 0
T 39638 108.0 0.8465 1 0.5404 0
T 39645 108.0 0.8463 1 0.5818 0
T 39652 108.0 0.8463 1 0.5818 0
T 39660 108.0 0.8463 1 0.5818 0
T 39668 108.0 0.8462 1 0.7232 0
T 39675 108.0 0.8462 1 0.7232 0
T 39682 108.0 0.8462 1 0.7232 0
T 39690 108.0 0.8462 1 0.7628 0
T 39698 108.0 0.8462 1 0.7628 0
T 39705 108.0 0.8462 1 0.7628 0
T 39712 108.0 0.8460 1 0.8024 0
T 39720 108.0 0.8460 1 0.8024 0
T 39728 108.0 0.8460 1 0.8024 0
T 39735 108.0 0.8459 1 0.8439 0
T 39742 108.0 0.8459 1 0.8439 0
T 39750 108.0 0.8459 1 0.8439 0
T 39758 108.0 0.8454 1 0.8853 0
T 39765 108.0 0.8454 1 0.8853 0
T 39772 108.0 0.8454 1 0.8853 0
T 39780 108.0 0.8452 1 0.9536 0
T 39788 108.0 0.8452 1 0.9536 0
T 39795 108.0 0.8452 1 0.9536 0
T 39802 108.0 0.8449 1 0.9932 0
T 39810 108.0 0.8449 1 0.9932 0
T 39818 108.0 0.8449 1 0.9932 0
T 39825 108.0 0.8447 1 0.0346 1
T 39832 108.0 0.8447 1 0.0346 0
T 39840 108.0 0.8447 1 0.0346 0
T 39848 108.0 0.8445 1 0.0760 0
T 39855 108.0 0.8445 1 0.0760 0
T 39862 108.0 0.8445 1 0.0760 0
T 39870 108.0 0.8441 1 0.1156 0
T 39878 108.0 0.8441 1 0.1156 0
T 39885 108.0 0.8441 1 0.1156 0
T 39892 108.0 0.8438 1 0.1264 0
T 39900 108.0 0.8438 1 0.1264 0
T 39908 108.0 0.8438 1 0.1264 0
T 39915 108.0 0.8435 1 0.1678 0
T 39922 108.0 0.8435 1 0.1678 0
T 39930 108.0 0.8435 1 0.1678 0
T 39938 108.0 0.8433 1 0.2092 0
T 39945 108.0 0.8433 1 0.2092 0
T 39952 108.0 0.8433 1 0.2092 0
T 39960 108.0 0.8431 1 0.2488 0
T 39968 108.0 0.8431 1 0.2488 0
T 39975 108.0 0.8431 1 0.2488 0
T 39982 108.0 0.8432 1 0.2884 0
T 39990 108.0 0.8432 1 0.2884 0
T 39998 108.0 0.8432 1 0.2884 0
T 40005 108.0 0.8434 1 0.2577 0
T 40012 108.0 0.8434 1 0.2577 0
T 40020 108.0 0.8434 1 0.2577 0
T 40028 108.0 0.8434 1 0.2991 0
T 40035 108.0 0.8434 1 0.2991 0
T 40042 108.0 0.8434 1 0.2991 0
T 40050 108.0 0.8435 1 0.3386 0
T 40058 108.0 0.8435 1 0.3386 0
T 40065 108.0 0.8435 1 0.3386 0
T 40072 108.0 0.8436 1 0.3782 0
T 40080 108.0 0.8436 1 0.3782 0
T 40088 108.0 0.8436 1 0.3782 0
T 40095 108.0 0.8434 1 0.4196 0
T 40102 108.0 0.8434 1 0.4196 0
T 40110 108.0 0.8434 1 0.4196 0
T 40118 108.0 0.8433 1 0.3610 0
T 40125 108.0 0.8433 1 0.3610 0
T 40132 108.0 0.8433 1 0.3610 0
T 40140 108.0 0.8432 1 0.4006 0
T 40148 108.0 0.8432 1 0.4006 0
T 40155 108.0 0.8432 1 0.4006 0
T 40162 108.0 0.8431 1 0.4401 0
T 40170 108.0 0.8431 1 0.4401 0
T 40178 108.0 0.8431 1 0.4401 0
T 40185 108.0 0.8431 1 0.4815 0
T 40192 108.0 0.8431 1 0.4815 0
T 40200 108.0 0.8431 1 0.4815 0
T 40208 108.0 0.8432 1 0.5229 0
T 40215 108.0 0.8432 1 0.5229 0
T 40222 108.0 0.8432 1 0.5229 0
T 40230 108.0 0.8433 1 0.6624 0
T 40238 108.0 0.8433 1 0.6624 0
T 40245 108.0 0.8433 1 0.6624 0
T 40252 108.0 0.8434 1 0.7020 0
T 40260 108.0 0.8434 1 0.7020 0
T 40268 108.0 0.8434 1 0.7020 0
T 40275 108.0 0.8434 1 0.7435 0
T 40282 108.0 0.8434 1 0.7435 0
T 40290 108.0 0.8434 1 0.7435 0
T 40298 108.0 0.8433 1 0.7849 0
T 40305 108.0 0.8433 1 0.7849 0
T 40312 108.0 0.8433 1 0.7849 0
T 40320 108.0 0.8431 1 0.8245 0
T 40328 108.0 0.8431 1 0.8245 0
T 40335 108.0 0.8431 1 0.8245 0
T 40342 108.0 0.8430 1 0.9080 0
T 40350 108.0 0.8430 1 0.9080 0
T 40358 108.0 0.8430 1 0.9080 0
T 40365 108.0 0.8427 1 0.9494 0
T 40372 108.0 0.8427 1 0.9494 0
T 40380 108.0 0.8427 1 0.9494 0
T 40388 108.0 0.8426 1 0.9908 0
T 40395 108.0 0.8426 1 0.9908 0
T 40402 108.0 0.8426 1 0.9908 0
T 40410 108.0 0.8427 1 0.0304 1
T 40418 108.0 0.8427 1 0.0304 0
T 40425 108.0 0.8427 1 0.0304 0
T 40432 108.0 0.8430 1 0.0700 0
T 40440 108.0 0.8430 1 0.0700 0
T 40448 108.0 0.8430 1 0.0700 0
T 40455 108.0 0.8433 1 0.1114 0
T 40462 108.0 0.8433 1 0.1114 0
T 40470 108.0 0.8433 1 0.1114 0
T 40478 108.0 0.8436 1 0.1528 0
T 40485 108.0 0.8436 1 0.1528 0
T 40492 108.0 0.8436 1 0.1528 0
T 40500 108.0 0.8437 1 0.1925 0
T 40508 108.0 0.8437 1 0.1925 0
T 40515 108.0 0.8437 1 0.1925 0
T 40522 108.0 0.8438 1 0.2321 0
T 40530 108.0 0.8438 1 0.2321 0
T 40538 108.0 0.8438 1 0.2321 0
T 40545 108.0 0.8439 1 0.2155 0
T 40552 108.0 0.8439 1 0.2155 0
T 40560 108.0 0.8439 1 0.2155 0
T 40568 108.0 0.8439 1 0.2568 0
T 40575 108.0 0.8439 1 0.2568 0
T 40582 108.0 0.8439 1 0.2568 0
T 40590 108.0 0.8439 1 0.2964 0
T 40598 108.0 0.8439 1 0.2964 0
T 40605 108.0 0.8439 1 0.2964 0
T 40612 108.0 0.8439 1 0.3360 0
T 40620 108.0 0.8439 1 0.3360 0
T 40628 108.0 0.8439 1 0.3360 0
T 40635 108.0 0.8431 1 0.3774 0
T 40642 108.0 0.8431 1 0.3774 0
T 40650 108.0 0.8431 1 0.3774 0
T 40658 108.0 0.8421 1 0.3245 0
T 40665 108.0 0.8421 1 0.3245 0
T 40672 108.0 0.8421 1 0.3245 0
T 40680 108.0 0.8413 1 0.3640 0
T 40688 108.0 0.8413 1 0.3640 0
T 40695 108.0 0.8413 1 0.3640 0
T 40702 108.0 0.8406 1 0.4036 0
T 40710 108.0 0.8406 1 0.4036 0
T 40718 108.0 0.8406 1 0.4036 0
T 40725 108.0 0.8400 1 0.4450 0
T 40732 108.0 0.8400 1 0.4450 0
T 40740 108.0 0.8400 1 0.4450 0
T 40748 108.0 0.8394 1 0.4863 0
T 40755 108.0 0.8394 1 0.4863 0
T 40762 108.0 0.8394 1 0.4863 0
T 40770 108.0 0.8389 1 0.4259 0
T 40778 108.0 0.8389 1 0.4259 0
T 40785 108.0 0.8389 1 0.4259 0
T 40792 108.0 0.8384 1 0.4655 0
T 40800 108.0 0.8384 1 0.4655 0
T 40808 108.0 0.8384 1 0.4655 0
T 40815 108.0 0.8380 1 0.5068 0
T 40822 108.0 0.8380 1 0.5068 0
T 40830 108.0 0.8380 1 0.5068 0
T 40838 108.0 0.8376 1 0.5482 0
T 40845 108.0 0.8376 1 0.5482 0
T 40852 108.0 0.8376 1 0.5482 0
T 40860 108.0 0.8379 1 0.5877 0
T 40868 108.0 0.8379 1 0.5877 0
T 40875 108.0 0.8379 1 0.5877 0
T 40882 108.0 0.8383 1 0.6273 0
T 40890 108.0 0.8383 1 0.6273 0
T 40898 108.0 0.8383 1 0.6273 0
T 40905 108.0 0.8387 1 0.6687 0
T 40912 108.0 0.8387 1 0.6687 0
T 40920 108.0 0.8387 1 0.6687 0
T 40928 108.0 0.8391 1 0.7100 0
T 40935 108.0 0.8391 1 0.7100 0
T 40942 108.0 0.8391 1 0.7100 0
T 40950 108.0 0.8394 1 0.7496 0
T 40958 108.0 0.8394 1 0.7496 0
T 40965 108.0 0.8394 1 0.7496 0
T 40972 108.0 0.8391 1 0.7892 0
T 40980 108.0 0.8391 1 0.7892 0
T 40988 108.0 0.8391 1 0.7892 0
T 40995 108.0 0.8389 1 0.8833 0
T 41002 108.0 0.8389 1 0.8833 0
T 41010 108.0 0.8389 1 0.8833 0
T 41018 108.0 0.8387 1 0.9247 0
T 41025 108.0 0.8387 1 0.9247 0
T 41032 108.0 0.8387 1 0.9247 0
T 41040 108.0 0.8386 1 0.9643 0
T 41048 108.0 0.8386 1 0.9643 0
T 41055 108.0 0.8386 1 0.9643 0
T 41062 108.0 0.8385 1 0.0039 1
T 41070 108.0 0.8385 1 0.0039 0
T 41078 108.0 0.8385 1 0.0039 0
T 41085 108.0 0.8385 1 0.0453 0
T 41092 108.0 0.8385 1 0.0453 0
T 41100 108.0 0.8385 1 0.0453 0
T 41108 108.0 0.8384 1 0.0753 0
T 41115 108.0 0.8384 1 0.0753 0
T 41122 108.0 0.8384 1 0.0753 0
T 41130 108.0 0.8384 1 0.1149 0
T 41138 108.0 0.8384 1 0.1149 0
T 41145 108.0 0.8384 1 0.1149 0
T 41152 108.0 0.8384 1 0.1545 0
T 41160 108.0 0.8384 1 0.1545 0
T 41168 108.0 0.8384 1 0.1545 0
T 41175 108.0 0.8382 1 0.1959 0
T 41182 108.0 0.8382 1 0.1959 0
T 41190 108.0 0.8382 1 0.1959 0
T 41198 108.0 0.8380 1 0.2373 0
T 41205 108.0 0.8380 1 0.2373 0
T 41212 108.0 0.8380 1 0.2373 0
T 41220 108.0 0.8378 1 0.2176 0
T 41228 108.0 0.8378 1 0.2176 0
T 41235 108.0 0.8378 1 0.2176 0
T 41242 108.0 0.8377 1 0.2572 0
T 41250 108.0 0.8377 1 0.2572 0
T 41258 108.0 0.8377 1 0.2572 0
T 41265 108.0 0.8375 1 0.2985 0
T 41272 108.0 0.8375 1 0.2985 0
T 41280 108.0 0.8375 1 0.2985 0
T 41288 108.0 0.8374 1 0.3399 0
T 41295 108.0 0.8374 1 0.3399 0
T 41302 108.0 0.8374 1 0.3399 0
T 41310 108.0 0.8376 1 0.3795 0
T 41318 108.0 0.8376 1 0.3795 0
T 41325 108.0 0.8376 1 0.3795 0
T 41332 108.0 0.8378 1 0.4191 0
T 41340 108.0 0.8378 1 0.4191 0
T 41348 108.0 0.8378 1 0.4191 0
T 41355 108.0 0.8380 1 0.4605 0
T 41362 108.0 0.8380 1 0.4605 0
T 41370 108.0 0.8380 1 0.4605 0
T 41378 108.0 0.8381 1 0.5019 0
T 41385 108.0 0.8381 1 0.5019 0
T 41392 108.0 0.8381 1 0.5019 0
T 41400 108.0 0.8383 1 0.5415 0
T 41408 108.0 0.8383 1 0.5415 0
T 41415 108.0 0.8383 1 0.5415 0
T 41422 108.0 0.8382 1 0.5811 0
T 41430 108.0 0.8382 1 0.5811 0
T 41438 108.0 0.8382 1 0.5811 0
T 41445 108.0 0.8382 1 0.7225 0
T 41452 108.0 0.8382 1 0.7225 0
T 41460 108.0 0.8382 1 0.7225 0
T 41468 108.0 0.8381 1 0.7639 0
T 41475 108.0 0.8381 1 0.7639 0
T 41482 108.0 0.8381 1 0.7639 0
T 41490 108.0 0.8380 1 0.8035 0
T 41498 108.0 0.8380 1 0.8035 0
T 41505 108.0 0.8380 1 0.8035 0
T 41512 108.0 0.8380 1 0.8431 0
T 41520 108.0 0.8380 1 0.8431 0
T 41528 108.0 0.8380 1 0.8431 0
T 41535 108.0 0.8376 1 0.8845 0
T 41542 108.0 0.8376 1 0.8845 0
T 41550 108.0 0.8376 1 0.8845 0
T 41558 108.0 0.8375 1 0.9548 0
T 41565 108.0 0.8375 1 0.9548 0
T 41572 108.0 0.8375 1 0.9548 0
T 41580 108.0 0.8373 1 0.9944 0
T 41588 108.0 0.8373 1 0.9944 0
T 41595 108.0 0.8373 1 0.9944 0
T 41602 108.0 0.8371 1 0.0341 1
T 41610 108.0 0.8371 1 0.0341 0
T 41618 108.0 0.8371 1 0.0341 0
T 41625 108.0 0.8371 1 0.0755 0
T 41632 108.0 0.8371 1 0.0755 0
T 41640 108.0 0.8371 1 0.0755 0
T 41648 108.0 0.8366 1 0.1169 0
T 41655 108.0 0.8366 1 0.1169 0
T 41662 108.0 0.8366 1 0.1169 0
T 41670 108.0 0.8364 1 0.1273 0
T 41678 108.0 0.8364 1 0.1273 0
T 41685 108.0 0.8364 1 0.1273 0
T 41692 108.0 0.8362 1 0.1669 0
T 41700 108.0 0.8362 1 0.1669 0
T 41708 108.0 0.8362 1 0.1669 0
T 41715 108.0 0.8359 1 0.2083 0
T 41722 108.0 0.8359 1 0.2083 0
T 41730 108.0 0.8359 1 0.2083 0
T 41738 108.0 0.8355 1 0.2497 0
T 41745 108.0 0.8355 1 0.2497 0
T 41752 108.0 0.8355 1 0.2497 0
T 41760 108.0 0.8356 1 0.2893 0
T 41768 108.0 0.8356 1 0.2893 0
T 41775 108.0 0.8356 1 0.2893 0
T 41782 108.0 0.8357 1 0.2566 0
T 41790 108.0 0.8357 1 0.2566 0
T 41798 108.0 0.8357 1 0.2566 0
T 41805 108.0 0.8356 1 0.2980 0
T 41812 108.0 0.8356 1 0.2980 0
T 41820 108.0 0.8356 1 0.2980 0
T 41828 108.0 0.8355 1 0.3393 0
T 41835 108.0 0.8355 1 0.3393 0
T 41842 108.0 0.8355 1 0.3393 0
T 41850 108.0 0.8356 1 0.3789 0
T 41858 108.0 0.8356 1 0.3789 0
T 41865 108.0 0.8356 1 0.3789 0
T 41872 108.0 0.8353 1 0.4185 0
T 41880 108.0 0.8353 1 0.4185 0
T 41888 108.0 0.8353 1 0.4185 0
T 41895 108.0 0.8351 1 0.3599 0
T 41902 108.0 0.8351 1 0.3599 0
T 41910 108.0 0.8351 1 0.3599 0
T 41918 108.0 0.8349 1 0.4013 0
T 41925 108.0 0.8349 1 0.4013 0
T 41932 108.0 0.8349 1 0.4013 0
T 41940 108.0 0.8348 1 0.4408 0
T 41948 108.0 0.8348 1 0.4408 0
T 41955 108.0 0.8348 1 0.4408 0
T 41962 108.0 0.8348 1 0.4804 0
T 41970 108.0 0.8348 1 0.4804 0
T 41978 108.0 0.8348 1 0.4804 0
T 41985 108.0 0.8350 1 0.5218 0
T 41992 108.0 0.8350 1 0.5218 0
T 42000 108.0 0.8350 1 0.5218 0
T 42008 108.0 0.8353 1 0.6631 0
T 42015 108.0 0.8353 1 0.6631 0
T 42022 108.0 0.8353 1 0.6631 0
T 42030 108.0 0.8354 1 0.7027 0
T 42038 108.0 0.8354 1 0.7027 0
T 42045 108.0 0.8354 1 0.7027 0
T 42052 108.0 0.8356 1 0.7424 0
T 42060 108.0 0.8356 1 0.7424 0
T 42068 108.0 0.8356 1 0.7424 0
T 42075 108.0 0.8357 1 0.7838 0
T 42082 108.0 0.8357 1 0.7838 0
T 42090 108.0 0.8357 1 0.7838 0
T 42098 108.0 0.8357 1 0.8252 0
T 42105 108.0 0.8357 1 0.8252 0
T 42112 108.0 0.8357 1 0.8252 0
T 42120 108.0 0.8357 1 0.9085 0
T 42128 108.0 0.8357 1 0.9085 0
T 42135 108.0 0.8357 1 0.9085 0
T 42142 108.0 0.8357 1 0.9481 0
T 42150 108.0 0.8357 1 0.9481 0
T 42158 108.0 0.8357 1 0.9481 0
T 42165 108.0 0.8357 1 0.9895 0
T 42172 108.0 0.8357 1 0.9895 0
T 42180 108.0 0.8357 1 0.9895 0
T 42188 108.0 0.8359 1 0.0309 1
T 42195 108.0 0.8359 1 0.0309 0
T 42202 108.0 0.8359 1 0.0309 0
T 42210 108.0 0.8363 1 0.0705 0
T 42218 108.0 0.8363 1 0.0705 0
T 42225 108.0 0.8363 1 0.0705 0
T 42232 108.0 0.8367 1 0.1102 0
T 42240 108.0 0.8367 1 0.1102 0
T 42248 108.0 0.8367 1 0.1102 0
T 42255 108.0 0.8371 1 0.1516 0
T 42262 108.0 0.8371 1 0.1516 0
T 42270 108.0 0.8371 1 0.1516 0
T 42278 108.0 0.8372 1 0.1930 0
T 42285 108.0 0.8372 1 0.1930 0
T 42292 108.0 0.8372 1 0.1930 0
T 42300 108.0 0.8372 1 0.2326 0
T 42308 108.0 0.8372 1 0.2326 0
T 42315 108.0 0.8372 1 0.2326 0
T 42322 108.0 0.8371 1 0.2141 0
T 42330 108.0 0.8371 1 0.2141 0
T 42338 108.0 0.8371 1 0.2141 0
T 42345 108.0 0.8371 1 0.2554 0
T 42352 108.0 0.8371 1 0.2554 0
T 42360 108.0 0.8371 1 0.2554 0
T 42368 108.0 0.8369 1 0.2968 0
T 42375 108.0 0.8369 1 0.2968 0
T 42382 108.0 0.8369 1 0.2968 0
T 42390 108.0 0.8369 1 0.3364 0
T 42398 108.0 0.8369 1 0.3364 0
T 42405 108.0 0.8369 1 0.3364 0
T 42412 108.0 0.8361 1 0.3760 0
T 42420 108.0 0.8361 1 0.3760 0
T 42428 108.0 0.8361 1 0.3760 0
T 42435 108.0 0.8352 1 0.3234 0
T 42442 108.0 0.8352 1 0.3234 0
T 42450 108.0 0.8352 1 0.3234 0
T 42458 108.0 0.8344 1 0.3648 0
T 42465 108.0 0.8344 1 0.3648 0
T 42472 108.0 0.8344 1 0.3648 0
T 42480 108.0 0.8337 1 0.4043 0
T 42488 108.0 0.8337 1 0.4043 0
T 42495 108.0 0.8337 1 0.4043 0
T 42502 108.0 0.8332 1 0.4439 0
T 42510 108.0 0.8332 1 0.4439 0
T 42518 108.0 0.8332 1 0.4439 0
T 42525 108.0 0.8327 1 0.4853 0
T 42532 108.0 0.8327 1 0.4853 0
T 42540 108.0 0.8327 1 0.4853 0
T 42548 108.0 0.8322 1 0.4267 0
T 42555 108.0 0.8322 1 0.4267 0
T 42562 108.0 0.8322 1 0.4267 0
T 42570 108.0 0.8319 1 0.4662 0
T 42578 108.0 0.8319 1 0.4662 0
T 42585 108.0 0.8319 1 0.4662 0
T 42592 108.0 0.8317 1 0.5058 0
T 42600 108.0 0.8317 1 0.5058 0
T 42608 108.0 0.8317 1 0.5058 0
T 42615 108.0 0.8312 1 0.5471 0
T 42622 108.0 0.8312 1 0.5471 0
T 42630 108.0 0.8312 1 0.5471 0
T 42638 108.0 0.8316 1 0.5885 0
T 42645 108.0 0.8316 1 0.5885 0
T 42652 108.0 0.8316 1 0.5885 0
T 42660 108.0 0.8322 1 0.6280 0
T 42668 108.0 0.8322 1 0.6280 0
T 42675 108.0 0.8322 1 0.6280 0
T 42682 108.0 0.8326 1 0.6676 0
T 42690 108.0 0.8326 1 0.6676 0
T 42698 108.0 0.8326 1 0.6676 0
T 42705 108.0 0.8331 1 0.7090 0
T 42712 108.0 0.8331 1 0.7090 0
T 42720 108.0 0.8331 1 0.7090 0
T 42728 108.0 0.8335 1 0.7504 0
T 42735 108.0 0.8335 1 0.7504 0
T 42742 108.0 0.8335 1 0.7504 0
T 42750 108.0 0.8331 1 0.7899 0
T 42758 108.0 0.8331 1 0.7899 0
T 42765 108.0 0.8331 1 0.7899 0
T 42772 108.0 0.8328 1 0.8820 0
T 42780 108.0 0.8328 1 0.8820 0
T 42788 108.0 0.8328 1 0.8820 0
T 42795 108.0 0.8325 1 0.9234 0
T 42802 108.0 0.8325 1 0.9234 0
T 42810 108.0 0.8325 1 0.9234 0
T 42818 108.0 0.8322 1 0.9648 0
T 42825 108.0 0.8322 1 0.9648 0
T 42832 108.0 0.8322 1 0.9648 0
T 42840 108.0 0.8319 1 0.0044 1
T 42848 108.0 0.8319 1 0.0044 0
T 42855 108.0 0.8319 1 0.0044 0
T 42862 108.0 0.8317 1 0.0440 0
T 42870 108.0 0.8317 1 0.0440 0
T 42878 108.0 0.8317 1 0.0440 0
T 42885 108.0 0.8314 1 0.0744 0
T 42892 108.0 0.8314 1 0.0744 0
T 42900 108.0 0.8314 1 0.0744 0
T 42908 108.0 0.8312 1 0.1158 0
T 42915 108.0 0.8312 1 0.1158 0
T 42922 108.0 0.8312 1 0.1158 0
T 42930 108.0 0.8311 1 0.1554 0
T 42938 108.0 0.8311 1 0.1554 0
T 42945 108.0 0.8311 1 0.1554 0
T 42952 108.0 0.8311 1 0.1950 0
T 42960 108.0 0.8311 1 0.1950 0
T 42968 108.0 0.8311 1 0.1950 0
T 42975 108.0 0.8310 1 0.2364 0
T 42982 108.0 0.8310 1 0.2364 0
T 42990 108.0 0.8310 1 0.2364 0
T 42998 108.0 0.8308 1 0.2187 0
T 43005 108.0 0.8308 1 0.2187 0
T 43012 108.0 0.8308 1 0.2187 0
T 43020 108.0 0.8307 1 0.2583 0
T 43028 108.0 0.8307 1 0.2583 0
T 43035 108.0 0.8307 1 0.2583 0
T 43042 108.0 0.8306 1 0.2979 0
T 43050 108.0 0.8306 1 0.2979 0
T 43058 108.0 0.8306 1 0.2979 0
T 43065 108.0 0.8305 1 0.3392 0
T 43072 108.0 0.8305 1 0.3392 0
T 43080 108.0 0.8305 1 0.3392 0
T 43088 108.0 0.8307 1 0.3806 0
T 43095 108.0 0.8307 1 0.3806 0
T 43102 108.0 0.8307 1 0.3806 0
T 43110 108.0 0.8310 1 0.4202 0
T 43118 108.0 0.8310 1 0.4202 0
T 43125 108.0 0.8310 1 0.4202 0
T 43132 108.0 0.8312 1 0.4598 0
T 43140 108.0 0.8312 1 0.4598 0
T 43148 108.0 0.8312 1 0.4598 0
T 43155 108.0 0.8313 1 0.5012 0
T 43162 108.0 0.8313 1 0.5012 0
T 43170 108.0 0.8313 1 0.5012 0
T 43178 108.0 0.8314 1 0.5426 0
T 43185 108.0 0.8314 1 0.5426 0
T 43192 108.0 0.8314 1 0.5426 0
T 43200 108.0 0.8312 1 0.5822 0
T 43208 108.0 0.8312 1 0.5822 0
T 43215 108.0 0.8312 1 0.5822 0
T 43222 108.0 0.8311 1 0.7218 0
T 43230 108.0 0.8311 1 0.7218 0
T 43238 108.0 0.8311 1 0.7218 0
T 43245 108.0 0.8310 1 0.7632 0
T 43252 108.0 0.8310 1 0.7632 0
T 43260 108.0 0.8310 1 0.7632 0
T 43268 108.0 0.8309 1 0.8046 0
T 43275 108.0 0.8309 1 0.8046 0
T 43282 108.0 0.8309 1 0.8046 0
T 43290 108.0 0.8308 1 0.8442 0
T 43298 108.0 0.8308 1 0.8442 0
T 43305 108.0 0.8308 1 0.8442 0
T 43312 108.0 0.8304 1 0.8838 0
T 43320 108.0 0.8304 1 0.8838 0
T 43328 108.0 0.8304 1 0.8838 0
T 43335 108.0 0.8301 1 0.9543 0
T 43342 108.0 0.8301 1 0.9543 0
T 43350 108.0 0.8301 1 0.9543 0
T 43358 108.0 0.8299 1 0.9957 0
T 43365 108.0 0.8299 1 0.9957 0
T 43372 108.0 0.8299 1 0.9957 0
T 43380 108.0 0.8299 1 0.0353 1
T 43388 108.0 0.8299 1 0.0353 0
T 43395 108.0 0.8299 1 0.0353 0
T 43402 108.0 0.8300 1 0.0750 0
T 43410 108.0 0.8300 1 0.0750 0
T 43418 108.0 0.8300 1 0.0750 0
T 43425 108.0 0.8298 1 0.1164 0
T 43432 108.0 0.8298 1 0.1164 0
T 43440 108.0 0.8298 1 0.1164 0
T 43448 108.0 0.8297 1 0.1287 0
T 43455 108.0 0.8297 1 0.1287 0
T 43462 108.0 0.8297 1 0.1287 0
T 43470 108.0 0.8296 1 0.1683 0
T 43478 108.0 0.8296 1 0.1683 0
T 43485 108.0 0.8296 1 0.1683 0
T 43492 108.0 0.8295 1 0.2079 0
T 43500 108.0 0.8295 1 0.2079 0
T 43508 108.0 0.8295 1 0.2079 0
T 43515 108.0 0.8292 1 0.2493 0
T 43522 108.0 0.8292 1 0.2493 0
T 43530 108.0 0.8292 1 0.2493 0
T 43538 108.0 0.8295 1 0.2907 0
T 43545 108.0 0.8295 1 0.2907 0
T 43552 108.0 0.8295 1 0.2907 0
T 43560 108.0 0.8298 1 0.2576 0
T 43568 108.0 0.8298 1 0.2576 0
T 43575 108.0 0.8298 1 0.2576 0
T 43582 108.0 0.8300 1 0.2972 0
T 43590 108.0 0.8300 1 0.2972 0
T 43598 108.0 0.8300 1 0.2972 0
T 43605 108.0 0.8302 1 0.3386 0
T 43612 108.0 0.8302 1 0.3386 0
T 43620 108.0 0.8302 1 0.3386 0
T 43628 108.0 0.8304 1 0.3800 0
T 43635 108.0 0.8304 1 0.3800 0
T 43642 108.0 0.8304 1 0.3800 0
T 43650 108.0 0.8303 1 0.4196 0
T 43658 108.0 0.8303 1 0.4196 0
T 43665 108.0 0.8303 1 0.4196 0
T 43672 108.0 0.8303 1 0.3592 0
T 43680 108.0 0.8303 1 0.3592 0
T 43688 108.0 0.8303 1 0.3592 0
T 43695 108.0 0.8302 1 0.4005 0
T 43702 108.0 0.8302 1 0.4005 0
T 43710 108.0 0.8302 1 0.4005 0
T 43718 108.0 0.8302 1 0.4419 0
T 43725 108.0 0.8302 1 0.4419 0
T 43732 108.0 0.8302 1 0.4419 0
T 43740 108.0 0.8303 1 0.4814 0
T 43748 108.0 0.8303 1 0.4814 0
T 43755 108.0 0.8303 1 0.4814 0
T 43762 108.0 0.8305 1 0.5210 0
T 43770 108.0 0.8305 1 0.5210 0
T 43778 108.0 0.8305 1 0.5210 0
T 43785 108.0 0.8307 1 0.6624 0
T 43792 108.0 0.8307 1 0.6624 0
T 43800 108.0 0.8307 1 0.6624 0
T 43808 108.0 0.8309 1 0.7038 0
T 43815 108.0 0.8309 1 0.7038 0
T 43822 108.0 0.8309 1 0.7038 0
T 43830 108.0 0.8311 1 0.7434 0
T 43838 108.0 0.8311 1 0.7434 0
T 43845 108.0 0.8311 1 0.7434 0
T 43852 108.0 0.8312 1 0.7830 0
T 43860 108.0 0.8312 1 0.7830 0
T 43868 108.0 0.8312 1 0.7830 0
T 43875 108.0 0.8310 1 0.8244 0
T 43882 108.0 0.8310 1 0.8244 0
T 43890 108.0 0.8310 1 0.8244 0
T 43898 108.0 0.8310 1 0.9097 0
T 43905 108.0 0.8310 1 0.9097 0
T 43912 108.0 0.8310 1 0.9097 0
T 43920 108.0 0.8308 1 0.9493 0
T 43928 108.0 0.8308 1 0.9493 0
T 43935 108.0 0.8308 1 0.9493 0
T 43942 108.0 0.8308 1 0.9890 0
T 43950 108.0 0.8308 1 0.9890 0
T 43958 108.0 0.8308 1 0.9890 0
T 43965 108.0 0.8307 1 0.0304 1
T 43972 108.0 0.8307 1 0.0304 0
T 43980 108.0 0.8307 1 0.0304 0
T 43988 108.0 0.8310 1 0.0718 0
T 43995 108.0 0.8310 1 0.0718 0
T 44002 108.0 0.8310 1 0.0718 0
T 44010 108.0 0.8312 1 0.1114 0
T 44018 108.0 0.8312 1 0.1114 0
T 44025 108.0 0.8312 1 0.1114 0
T 44032 108.0 0.8314 1 0.1510 0
T 44040 108.0 0.8314 1 0.1510 0
T 44048 108.0 0.8314 1 0.1510 0
T 44055 108.0 0.8315 1 0.1924 0
T 44062 108.0 0.8315 1 0.1924 0
T 44070 108.0 0.8315 1 0.1924 0
T 44078 108.0 0.8315 1 0.2338 0
T 44085 108.0 0.8315 1 0.2338 0
T 44092 108.0 0.8315 1 0.2338 0
T 44100 108.0 0.8316 1 0.2150 0
T 44108 108.0 0.8316 1 0.2150 0
T 44115 108.0 0.8316 1 0.2150 0
T 44122 108.0 0.8317 1 0.2546 0
T 44130 108.0 0.8317 1 0.2546 0
T 44138 108.0 0.8317 1 0.2546 0
T 44145 108.0 0.8318 1 0.2960 0
T 44152 108.0 0.8318 1 0.2960 0
T 44160 108.0 0.8318 1 0.2960 0
T 44168 108.0 0.8318 1 0.3374 0
T 44175 108.0 0.8318 1 0.3374 0
T 44182 108.0 0.8318 1 0.3374 0
T 44190 108.0 0.8311 1 0.3769 0
T 44198 108.0 0.8311 1 0.3769 0
T 44205 108.0 0.8311 1 0.3769 0
T 44212 108.0 0.8302 1 0.3223 0
T 44220 108.0 0.8302 1 0.3223 0
T 44228 108.0 0.8302 1 0.3223 0
T 44235 108.0 0.8295 1 0.3637 0
T 44242 108.0 0.8295 1 0.3637 0
T 44250 108.0 0.8295 1 0.3637 0
T 44258 108.0 0.8287 1 0.4050 0
T 44265 108.0 0.8287 1 0.4050 0
T 44272 108.0 0.8287 1 0.4050 0
T 44280 108.0 0.8282 1 0.4446 0
T 44288 108.0 0.8282 1 0.4446 0
T 44295 108.0 0.8282 1 0.4446 0
T 44302 108.0 0.8278 1 0.4842 0
T 44310 108.0 0.8278 1 0.4842 0
T 44318 108.0 0.8278 1 0.4842 0
T 44325 108.0 0.8275 1 0.4256 0
T 44332 108.0 0.8275 1 0.4256 0
T 44340 108.0 0.8275 1 0.4256 0
T 44348 108.0 0.8272 1 0.4669 0
T 44355 108.0 0.8272 1 0.4669 0
T 44362 108.0 0.8272 1 0.4669 0
T 44370 108.0 0.8270 1 0.5065 0
T 44378 108.0 0.8270 1 0.5065 0
T 44385 108.0 0.8270 1 0.5065 0
T 44392 108.0 0.8267 1 0.5460 0
T 44400 108.0 0.8267 1 0.5460 0
T 44408 108.0 0.8267 1 0.5460 0
T 44415 108.0 0.8272 1 0.5874 0
T 44422 108.0 0.8272 1 0.5874 0
T 44430 108.0 0.8272 1 0.5874 0
T 44438 108.0 0.8279 1 0.6287 0
T 44445 108.0 0.8279 1 0.6287 0
T 44452 108.0 0.8279 1 0.6287 0
T 44460 108.0 0.8285 1 0.6683 0
T 44468 108.0 0.8285 1 0.6683 0
T 44475 108.0 0.8285 1 0.6683 0
T 44482 108.0 0.8290 1 0.7079 0
T 44490 108.0 0.8290 1 0.7079 0
T 44498 108.0 0.8290 1 0.7079 0
T 44505 108.0 0.8295 1 0.7493 0
T 44512 108.0 0.8295 1 0.7493 0
T 44520 108.0 0.8295 1 0.7493 0
T 44528 108.0 0.8292 1 0.7906 0
T 44535 108.0 0.8292 1 0.7906 0
T 44542 108.0 0.8292 1 0.7906 0
T 44550 108.0 0.8288 1 0.8826 0
T 44558 108.0 0.8288 1 0.8826 0
T 44565 108.0 0.8288 1 0.8826 0
T 44572 108.0 0.8285 1 0.9221 0
T 44580 108.0 0.8285 1 0.9221 0
T 44588 108.0 0.8285 1 0.9221 0
T 44595 108.0 0.8282 1 0.9635 0
T 44602 108.0 0.8282 1 0.9635 0
T 44610 108.0 0.8282 1 0.9635 0
T 44618 108.0 0.8279 1 0.0049 1
T 44625 108.0 0.8279 1 0.0049 0
T 44632 108.0 0.8279 1 0.0049 0
T 44640 108.0 0.8277 1 0.0445 0
T 44648 108.0 0.8277 1 0.0445 0
T 44655 108.0 0.8277 1 0.0445 0
T 44662 108.0 0.8276 1 0.0730 0
T 44670 108.0 0.8276 1 0.0730 0
T 44678 108.0 0.8276 1 0.0730 0
T 44685 108.0 0.8275 1 0.1144 0
T 44692 108.0 0.8275 1 0.1144 0
T 44700 108.0 0.8275 1 0.1144 0
T 44708 108.0 0.8275 1 0.1558 0
T 44715 108.0 0.8275 1 0.1558 0
T 44722 108.0 0.8275 1 0.1558 0
T 44730 108.0 0.8277 1 0.1954 0
T 44738 108.0 0.8277 1 0.1954 0
T 44745 108.0 0.8277 1 0.1954 0
T 44752 108.0 0.8278 1 0.2350 0
T 44760 108.0 0.8278 1 0.2350 0
T 44768 108.0 0.8278 1 0.2350 0
T 44775 108.0 0.8278 1 0.2176 0
T 44782 108.0 0.8278 1 0.2176 0
T 44790 108.0 0.8278 1 0.2176 0
T 44798 108.0 0.8278 1 0.2590 0
T 44805 108.0 0.8278 1 0.2590 0
T 44812 108.0 0.8278 1 0.2590 0
T 44820 108.0 0.8279 1 0.2986 0
T 44828 108.0 0.8279 1 0.2986 0
T 44835 108.0 0.8279 1 0.2986 0
T 44842 108.0 0.8279 1 0.3382 0
T 44850 108.0 0.8279 1 0.3382 0
T 44858 108.0 0.8279 1 0.3382 0
T 44865 108.0 0.8283 1 0.3796 0
T 44872 108.0 0.8283 1 0.3796 0
T 44880 108.0 0.8283 1 0.3796 0
T 44888 108.0 0.8286 1 0.4209 0
T 44895 108.0 0.8286 1 0.4209 0
T 44902 108.0 0.8286 1 0.4209 0
T 44910 108.0 0.8289 1 0.4605 0
T 44918 108.0 0.8289 1 0.4605 0
T 44925 108.0 0.8289 1 0.4605 0
T 44932 108.0 0.8291 1 0.5001 0
T 44940 108.0 0.8291 1 0.5001 0
T 44948 108.0 0.8291 1 0.5001 0
T 44955 108.0 0.8293 1 0.5415 0
T 44962 108.0 0.8293 1 0.5415 0
T 44970 108.0 0.8293 1 0.5415 0
T 44978 108.0 0.8292 1 0.5829 0
T 44985 108.0 0.8292 1 0.5829 0
T 44992 108.0 0.8292 1 0.5829 0
T 45000 108.0 0.8291 1 0.7225 0
T 45008 108.0 0.8291 1 0.7225 0
T 45015 108.0 0.8291 1 0.7225 0
T 45022 108.0 0.8291 1 0.7621 0
T 45030 108.0 0.8291 1 0.7621 0
T 45038 108.0 0.8291 1 0.7621 0
T 45045 108.0 0.8289 1 0.8035 0
T 45052 108.0 0.8289 1 0.8035 0
T 45060 108.0 0.8289 1 0.8035 0
T 45068 108.0 0.8288 1 0.8450 0
T 45075 108.0 0.8288 1 0.8450 0
T 45082 108.0 0.8288 1 0.8450 0
T 45090 108.0 0.8285 1 0.8846 0
T 45098 108.0 0.8285 1 0.8846 0
T 45105 108.0 0.8285 1 0.8846 0
T 45112 108.0 0.8284 1 0.9531 0
T 45120 108.0 0.8284 1 0.9531 0
T 45128 108.0 0.8284 1 0.9531 0
T 45135 108.0 0.8282 1 0.9945 0
T 45142 108.0 0.8282 1 0.9945 0
T 45150 108.0 0.8282 1 0.9945 0
T 45158 108.0 0.8282 1 0.0359 1
T 45165 108.0 0.8282 1 0.0359 0
T 45172 108.0 0.8282 1 0.0359 0
T 45180 108.0 0.8283 1 0.0755 0
T 45188 108.0 0.8283 1 0.0755 0
T 45195 108.0 0.8283 1 0.0755 0
T 45202 108.0 0.8280 1 0.1151 0
T 45210 108.0 0.8280 1 0.1151 0
T 45218 108.0 0.8280 1 0.1151 0
T 45225 108.0 0.8279 1 0.1278 0
T 45232 108.0 0.8279 1 0.1278 0
T 45240 108.0 0.8279 1 0.1278 0
T 45248 108.0 0.8278 1 0.1692 0
T 45255 108.0 0.8278 1 0.1692 0
T 45262 108.0 0.8278 1 0.1692 0
T 45270 108.0 0.8277 1 0.2088 0
T 45278 108.0 0.8277 1 0.2088 0
T 45285 108.0 0.8277 1 0.2088 0
T 45292 108.0 0.8275 1 0.2484 0
T 45300 108.0 0.8275 1 0.2484 0
T 45308 108.0 0.8275 1 0.2484 0
T 45315 108.0 0.8280 1 0.2898 0
T 45322 108.0 0.8280 1 0.2898 0
T 45330 108.0 0.8280 1 0.2898 0
T 45338 108.0 0.8284 1 0.2587 0
T 45345 108.0 0.8284 1 0.2587 0
T 45352 108.0 0.8284 1 0.2587 0
T 45360 108.0 0.8287 1 0.2983 0
T 45368 108.0 0.8287 1 0.2983 0
T 45375 108.0 0.8287 1 0.2983 0
T 45382 108.0 0.8289 1 0.3379 0
T 45390 108.0 0.8289 1 0.3379 0
T 45398 108.0 0.8289 1 0.3379 0
T 45405 108.0 0.8292 1 0.3793 0
T 45412 108.0 0.8292 1 0.3793 0
T 45420 108.0 0.8292 1 0.3793 0
T 45428 108.0 0.8292 1 0.4207 0
T 45435 108.0 0.8292 1 0.4207 0
T 45442 108.0 0.8292 1 0.4207 0
T 45450 108.0 0.8293 1 0.3603 0
T 45458 108.0 0.8293 1 0.3603 0
T 45465 108.0 0.8293 1 0.3603 0
T 45472 108.0 0.8293 1 0.3998 0
T 45480 108.0 0.8293 1 0.3998 0
T 45488 108.0 0.8293 1 0.3998 0
T 45495 108.0 0.8293 1 0.4412 0
T 45502 108.0 0.8293 1 0.4412 0
T 45510 108.0 0.8293 1 0.4412 0
T 45518 108.0 0.8294 1 0.4825 0
T 45525 108.0 0.8294 1 0.4825 0
T 45532 108.0 0.8294 1 0.4825 0
T 45540 108.0 0.8296 1 0.5221 0
T 45548 108.0 0.8296 1 0.5221 0
T 45555 108.0 0.8296 1 0.5221 0
T 45562 108.0 0.8298 1 0.6617 0
T 45570 108.0 0.8298 1 0.6617 0
T 45578 108.0 0.8298 1 0.6617 0
T 45585 108.0 0.8300 1 0.7031 0
T 45592 108.0 0.8300 1 0.7031 0
T 45600 108.0 0.8300 1 0.7031 0
T 45608 108.0 0.8303 1 0.7445 0
T 45615 108.0 0.8303 1 0.7445 0
T 45622 108.0 0.8303 1 0.7445 0
T 45630 108.0 0.8304 1 0.7841 0
T 45638 108.0 0.8304 1 0.7841 0
T 45645 108.0 0.8304 1 0.7841 0
T 45652 108.0 0.8304 1 0.8237 0
T 45660 108.0 0.8304 1 0.8237 0
T 45668 108.0 0.8304 1 0.8237 0
T 45675 108.0 0.8304 1 0.9092 0
T 45682 108.0 0.8304 1 0.9092 0
T 45690 108.0 0.8304 1 0.9092 0
T 45698 108.0 0.8304 1 0.9506 0
T 45705 108.0 0.8304 1 0.9506 0
T 45712 108.0 0.8304 1 0.9506 0
T 45720 108.0 0.8304 1 0.9902 0
T 45728 108.0 0.8304 1 0.9902 0
T 45735 108.0 0.8304 1 0.9902 0
T 45742 108.0 0.8304 1 0.0299 1
T 45750 108.0 0.8304 1 0.0299 0
T 45758 108.0 0.8304 1 0.0299 0
T 45765 108.0 0.8306 1 0.0713 0
T 45772 108.0 0.8306 1 0.0713 0
T 45780 108.0 0.8306 1 0.0713 0
T 45788 108.0 0.8308 1 0.1127 0
T 45795 108.0 0.8308 1 0.1127 0
T 45802 108.0 0.8308 1 0.1127 0
T 45810 108.0 0.8309 1 0.1523 0
T 45818 108.0 0.8309 1 0.1523 0
T 45825 108.0 0.8309 1 0.1523 0
T 45832 108.0 0.8310 1 0.1919 0
T 45840 108.0 0.8310 1 0.1919 0
T 45848 108.0 0.8310 1 0.1919 0
T 45855 108.0 0.8311 1 0.2333 0
T 45862 108.0 0.8311 1 0.2333 0
T 45870 108.0 0.8311 1 0.2333 0
T 45878 108.0 0.8312 1 0.2164 0
T 45885 108.0 0.8312 1 0.2164 0
T 45892 108.0 0.8312 1 0.2164 0
T 45900 108.0 0.8313 1 0.2560 0
T 45908 108.0 0.8313 1 0.2560 0
T 45915 108.0 0.8313 1 0.2560 0
T 45922 108.0 0.8314 1 0.2956 0
T 45930 108.0 0.8314 1 0.2956 0
T 45938 108.0 0.8314 1 0.2956 0
T 45945 108.0 0.8314 1 0.3370 0
T 45952 108.0 0.8314 1 0.3370 0
T 45960 108.0 0.8314 1 0.3370 0
T 45968 108.0 0.8307 1 0.3784 0
T 45975 108.0 0.8307 1 0.3784 0
T 45982 108.0 0.8307 1 0.3784 0
T 45990 108.0 0.8299 1 0.3234 0
T 45998 108.0 0.8299 1 0.3234 0
T 46005 108.0 0.8299 1 0.3234 0
T 46012 108.0 0.8292 1 0.3629 0
T 46020 108.0 0.8292 1 0.3629 0
T 46028 108.0 0.8292 1 0.3629 0
T 46035 108.0 0.8284 1 0.4043 0
T 46042 108.0 0.8284 1 0.4043 0
T 46050 108.0 0.8284 1 0.4043 0
T 46058 108.0 0.8281 1 0.4457 0
T 46065 108.0 0.8281 1 0.4457 0
T 46072 108.0 0.8281 1 0.4457 0
T 46080 108.0 0.8278 1 0.4852 0
T 46088 108.0 0.8278 1 0.4852 0
T 46095 108.0 0.8278 1 0.4852 0
T 46102 108.0 0.8275 1 0.4248 0
T 46110 108.0 0.8275 1 0.4248 0
T 46118 108.0 0.8275 1 0.4248 0
T 46125 108.0 0.8273 1 0.4662 0
T 46132 108.0 0.8273 1 0.4662 0
T 46140 108.0 0.8273 1 0.4662 0
T 46148 108.0 0.8273 1 0.5075 0
T 46155 108.0 0.8273 1 0.5075 0
T 46162 108.0 0.8273 1 0.5075 0
T 46170 108.0 0.8270 1 0.5471 0
T 46178 108.0 0.8270 1 0.5471 0
T 46185 108.0 0.8270 1 0.5471 0
T 46192 108.0 0.8276 1 0.5866 0
T 46200 108.0 0.8276 1 0.5866 0
T 46208 108.0 0.8276 1 0.5866 0
T 46215 108.0 0.8283 1 0.6280 0
T 46222 108.0 0.8283 1 0.6280 0
T 46230 108.0 0.8283 1 0.6280 0
T 46238 108.0 0.8289 1 0.6694 0
T 46245 108.0 0.8289 1 0.6694 0
T 46252 108.0 0.8289 1 0.6694 0
T 46260 108.0 0.8295 1 0.7089 0
T 46268 108.0 0.8295 1 0.7089 0
T 46275 108.0 0.8295 1 0.7089 0
T 46282 108.0 0.8299 1 0.7485 0
T 46290 108.0 0.8299 1 0.7485 0
T 46298 108.0 0.8299 1 0.7485 0
T 46305 108.0 0.8295 1 0.7899 0
T 46312 108.0 0.8295 1 0.7899 0
T 46320 108.0 0.8295 1 0.7899 0
T 46328 108.0 0.8291 1 0.8838 0
T 46335 108.0 0.8291 1 0.8838 0
T 46342 108.0 0.8291 1 0.8838 0
T 46350 108.0 0.8287 1 0.9234 0
T 46358 108.0 0.8287 1 0.9234 0
T 46365 108.0 0.8287 1 0.9234 0
T 46372 108.0 0.8284 1 0.9630 0
T 46380 108.0 0.8284 1 0.9630 0
T 46388 108.0 0.8284 1 0.9630 0
T 46395 108.0 0.8280 1 0.0044 1
T 46402 108.0 0.8280 1 0.0044 0
T 46410 108.0 0.8280 1 0.0044 0
T 46418 108.0 0.8278 1 0.0458 0
T 46425 108.0 0.8278 1 0.0458 0
T 46432 108.0 0.8278 1 0.0458 0
T 46440 108.0 0.8277 1 0.0739 0
T 46448 108.0 0.8277 1 0.0739 0
T 46455 108.0 0.8277 1 0.0739 0
T 46462 108.0 0.8275 1 0.1135 0
T 46470 108.0 0.8275 1 0.1135 0
T 46478 108.0 0.8275 1 0.1135 0
T 46485 108.0 0.8275 1 0.1549 0
T 46492 108.0 0.8275 1 0.1549 0
T 46500 108.0 0.8275 1 0.1549 0
T 46508 108.0 0.8276 1 0.1963 0
T 46515 108.0 0.8276 1 0.1963 0
T 46522 108.0 0.8276 1 0.1963 0
T 46530 108.0 0.8277 1 0.2359 0
T 46538 108.0 0.8277 1 0.2359 0
T 46545 108.0 0.8277 1 0.2359 0
T 46552 108.0 0.8277 1 0.2165 0
T 46560 108.0 0.8277 1 0.2165 0
T 46568 108.0 0.8277 1 0.2165 0
T 46575 108.0 0.8278 1 0.2579 0
T 46582 108.0 0.8278 1 0.2579 0
T 46590 108.0 0.8278 1 0.2579 0
T 46598 108.0 0.8279 1 0.2993 0
T 46605 108.0 0.8279 1 0.2993 0
T 46612 108.0 0.8279 1 0.2993 0
T 46620 108.0 0.8279 1 0.3389 0
T 46628 108.0 0.8279 1 0.3389 0
T 46635 108.0 0.8279 1 0.3389 0
T 46642 108.0 0.8283 1 0.3785 0
T 46650 108.0 0.8283 1 0.3785 0
T 46658 108.0 0.8283 1 0.3785 0
T 46665 108.0 0.8286 1 0.4198 0
T 46672 108.0 0.8286 1 0.4198 0
T 46680 108.0 0.8286 1 0.4198 0
T 46688 108.0 0.8289 1 0.4612 0
T 46695 108.0 0.8289 1 0.4612 0
T 46702 108.0 0.8289 1 0.4612 0
T 46710 108.0 0.8291 1 0.5008 0
T 46718 108.0 0.8291 1 0.5008 0
T 46725 108.0 0.8291 1 0.5008 0
T 46732 108.0 0.8294 1 0.5404 0
T 46740 108.0 0.8294 1 0.5404 0
T 46748 108.0 0.8294 1 0.5404 0
T 46755 108.0 0.8294 1 0.5818 0
T 46762 108.0 0.8294 1 0.5818 0
T 46770 108.0 0.8294 1 0.5818 0
T 46778 108.0 0.8295 1 0.7232 0
T 46785 108.0 0.8295 1 0.7232 0
T 46792 108.0 0.8295 1 0.7232 0
T 46800 108.0 0.8296 1 0.7628 0
T 46808 108.0 0.8296 1 0.7628 0
T 46815 108.0 0.8296 1 0.7628 0
T 46822 108.0 0.8295 1 0.8024 0
T 46830 108.0 0.8295 1 0.8024 0
T 46838 108.0 0.8295 1 0.8024 0
T 46845 108.0 0.8294 1 0.8439 0
T 46852 108.0 0.8294 1 0.8439 0
T 46860 108.0 0.8294 1 0.8439 0
T 46868 108.0 0.8291 1 0.8853 0
T 46875 108.0 0.8291 1 0.8853 0
T 46882 108.0 0.8291 1 0.8853 0
T 46890 108.0 0.8290 1 0.9536 0
T 46898 108.0 0.8290 1 0.9536 0
T 46905 108.0 0.8290 1 0.9536 0
T 46912 108.0 0.8289 1 0.9932 0
T 46920 108.0 0.8289 1 0.9932 0
T 46928 108.0 0.8289 1 0.9932 0
T 46935 108.0 0.8290 1 0.0346 1
T 46942 108.0 0.8290 1 0.0346 0
T 46950 108.0 0.8290 1 0.0346 0
T 46958 108.0 0.8292 1 0.0760 0
T 46965 108.0 0.8292 1 0.0760 0
T 46972 108.0 0.8292 1 0.0760 0
T 46980 108.0 0.8289 1 0.1156 0
T 46988 108.0 0.8289 1 0.1156 0
T 46995 108.0 0.8289 1 0.1156 0
T 47002 108.0 0.8288 1 0.1264 0
T 47010 108.0 0.8288 1 0.1264 0
T 47018 108.0 0.8288 1 0.1264 0
T 47025 108.0 0.8286 1 0.1678 0
T 47032 108.0 0.8286 1 0.1678 0
T 47040 108.0 0.8286 1 0.1678 0
T 47048 108.0 0.8285 1 0.2092 0
T 47055 108.0 0.8285 1 0.2092 0
T 47062 108.0 0.8285 1 0.2092 0
T 47070 108.0 0.8283 1 0.2488 0
T 47078 108.0 0.8283 1 0.2488 0
T 47085 108.0 0.8283 1 0.2488 0
T 47092 108.0 0.8284 1 0.2884 0
T 47100 108.0 0.8284 1 0.2884 0
T 47108 108.0 0.8284 1 0.2884 0
T 47115 108.0 0.8286 1 0.2577 0
T 47122 108.0 0.8286 1 0.2577 0
T 47130 108.0 0.8286 1 0.2577 0
T 47138 108.0 0.8287 1 0.2991 0
T 47145 108.0 0.8287 1 0.2991 0
T 47152 108.0 0.8287 1 0.2991 0
T 47160 108.0 0.8287 1 0.3386 0
T 47168 108.0 0.8287 1 0.3386 0
T 47175 108.0 0.8287 1 0.3386 0
T 47182 108.0 0.8288 1 0.3782 0
T 47190 108.0 0.8288 1 0.3782 0
T 47198 108.0 0.8288 1 0.3782 0
T 47205 108.0 0.8287 1 0.4196 0
T 47212 108.0 0.8287 1 0.4196 0
T 47220 108.0 0.8287 1 0.4196 0
T 47228 108.0 0.8287 1 0.3610 0
T 47235 108.0 0.8287 1 0.3610 0
T 47242 108.0 0.8287 1 0.3610 0
T 47250 108.0 0.8287 1 0.4006 0
T 47258 108.0 0.8287 1 0.4006 0
T 47265 108.0 0.8287 1 0.4006 0
T 47272 108.0 0.8287 1 0.4401 0
T 47280 108.0 0.8287 1 0.4401 0
T 47288 108.0 0.8287 1 0.4401 0
T 47295 108.0 0.8288 1 0.4815 0
T 47302 108.0 0.8288 1 0.4815 0
T 47310 108.0 0.8288 1 0.4815 0
T 47318 108.0 0.8290 1 0.5229 0
T 47325 108.0 0.8290 1 0.5229 0
T 47332 108.0 0.8290 1 0.5229 0
T 47340 108.0 0.8292 1 0.6624 0
T 47348 108.0 0.8292 1 0.6624 0
T 47355 108.0 0.8292 1 0.6624 0
T 47362 108.0 0.8293 1 0.7020 0
T 47370 108.0 0.8293 1 0.7020 0
T 47378 108.0 0.8293 1 0.7020 0
T 47385 108.0 0.8296 1 0.7435 0
T 47392 108.0 0.8296 1 0.7435 0
T 47400 108.0 0.8296 1 0.7435 0
T 47408 108.0 0.8297 1 0.7849 0
T 47415 108.0 0.8297 1 0.7849 0
T 47422 108.0 0.8297 1 0.7849 0
T 47430 108.0 0.8297 1 0.8245 0
T 47438 108.0 0.8297 1 0.8245 0
T 47445 108.0 0.8297 1 0.8245 0
T 47452 108.0 0.8297 1 0.9080 0
T 47460 108.0 0.8297 1 0.9080 0
T 47468 108.0 0.8297 1 0.9080 0
T 47475 108.0 0.8297 1 0.9494 0
T 47482 108.0 0.8297 1 0.9494 0
T 47490 108.0 0.8297 1 0.9494 0
T 47498 108.0 0.8297 1 0.9908 0
T 47505 108.0 0.8297 1 0.9908 0
T 47512 108.0 0.8297 1 0.9908 0
T 47520 108.0 0.8297 1 0.0304 1
T 47528 108.0 0.8297 1 0.0304 0
T 47535 108.0 0.8297 1 0.0304 0
T 47542 108.0 0.8299 1 0.0700 0
T 47550 108.0 0.8299 1 0.0700 0
T 47558 108.0 0.8299 1 0.0700 0
T 47565 108.0 0.8302 1 0.1114 0
T 47572 108.0 0.8302 1 0.1114 0
T 47580 108.0 0.8302 1 0.1114 0
T 47588 108.0 0.8304 1 0.1528 0
T 47595 108.0 0.8304 1 0.1528 0
T 47602 108.0 0.8304 1 0.1528 0
T 47610 108.0 0.8304 1 0.1925 0
T 47618 108.0 0.8304 1 0.1925 0
T 47625 108.0 0.8304 1 0.1925 0
T 47632 108.0 0.8305 1 0.2321 0
T 47640 108.0 0.8305 1 0.2321 0
T 47648 108.0 0.8305 1 0.2321 0
T 47655 108.0 0.8306 1 0.2735 0
T 47662 108.0 0.8306 1 0.2735 0
T 47670 108.0 0.8306 1 0.2735 0
T 47678 108.0 0.8307 1 0.2465 0
T 47685 108.0 0.8307 1 0.2465 0
T 47692 108.0 0.8307 1 0.2465 0
T 47700 108.0 0.8307 1 0.2861 0
T 47708 108.0 0.8307 1 0.2861 0
T 47715 108.0 0.8307 1 0.2861 0
T 47722 108.0 0.8306 1 0.3257 0
T 47730 108.0 0.8306 1 0.3257 0
T 47738 108.0 0.8306 1 0.3257 0
T 47745 108.0 0.8301 1 0.3671 0
T 47752 108.0 0.8301 1 0.3671 0
T 47760 108.0 0.8301 1 0.3671 0
T 47768 108.0 0.8295 1 0.3167 0
T 47775 108.0 0.8295 1 0.3167 0
T 47782 108.0 0.8295 1 0.3167 0
T 47790 108.0 0.8290 1 0.3563 0
T 47798 108.0 0.8290 1 0.3563 0
T 47805 108.0 0.8290 1 0.3563 0
T 47812 108.0 0.8284 1 0.3958 0
T 47820 108.0 0.8284 1 0.3958 0
T 47828 108.0 0.8284 1 0.3958 0
T 47835 108.0 0.8282 1 0.4372 0
T 47842 108.0 0.8282 1 0.4372 0
T 47850 108.0 0.8282 1 0.4372 0
T 47858 108.0 0.8282 1 0.4786 0
T 47865 108.0 0.8282 1 0.4786 0
T 47872 108.0 0.8282 1 0.4786 0
T 47880 108.0 0.8281 1 0.4182 0
T 47888 108.0 0.8281 1 0.4182 0
T 47895 108.0 0.8281 1 0.4182 0
T 47902 108.0 0.8282 1 0.4577 0
T 47910 108.0 0.8282 1 0.4577 0
T 47918 108.0 0.8282 1 0.4577 0
T 47925 108.0 0.8283 1 0.4990 0
T 47932 108.0 0.8283 1 0.4990 0
T 47940 108.0 0.8283 1 0.4990 0
T 47948 108.0 0.8282 1 0.5404 0
T 47955 108.0 0.8282 1 0.5404 0
T 47962 108.0 0.8282 1 0.5404 0
T 47970 108.0 0.8286 1 0.5800 0
T 47978 108.0 0.8286 1 0.5800 0
T 47985 108.0 0.8286 1 0.5800 0
T 47992 108.0 0.8292 1 0.6195 0
T 48000 108.0 0.8292 1 0.6195 0
T 48008 108.0 0.8292 1 0.6195 0
T 48015 108.0 0.8297 1 0.6609 0
T 48022 108.0 0.8297 1 0.6609 0
T 48030 108.0 0.8297 1 0.6609 0
T 48038 108.0 0.8301 1 0.7023 0
T 48045 108.0 0.8301 1 0.7023 0
T 48052 108.0 0.8301 1 0.7023 0
T 48060 108.0 0.8305 1 0.7418 0
T 48068 108.0 0.8305 1 0.7418 0
T 48075 108.0 0.8305 1 0.7418 0
T 48082 108.0 0.8303 1 0.7814 0
T 48090 108.0 0.8303 1 0.7814 0
T 48098 108.0 0.8303 1 0.7814 0
T 48105 108.0 0.8301 1 0.8774 0
T 48112 108.0 0.8301 1 0.8774 0
T 48120 108.0 0.8301 1 0.8774 0
T 48128 108.0 0.8299 1 0.9188 0
T 48135 108.0 0.8299 1 0.9188 0
T 48142 108.0 0.8299 1 0.9188 0
T 48150 108.0 0.8298 1 0.9584 0
T 48158 108.0 0.8298 1 0.9584 0
T 48165 108.0 0.8298 1 0.9584 0
T 48172 108.0 0.8296 1 0.9980 0
T 48180 108.0 0.8296 1 0.9980 0
T 48188 108.0 0.8296 1 0.9980 0
T 48195 108.0 0.8295 1 0.0394 1
T 48202 108.0 0.8295 1 0.0394 0
T 48210 108.0 0.8295 1 0.0394 0
T 48218 108.0 0.8294 1 0.0710 0
T 48225 108.0 0.8294 1 0.0710 0
T 48232 108.0 0.8294 1 0.0710 0
T 48240 108.0 0.8293 1 0.1106 0
T 48248 108.0 0.8293 1 0.1106 0
T 48255 108.0 0.8293 1 0.1106 0
T 48262 108.0 0.8294 1 0.1502 0
T 48270 108.0 0.8294 1 0.1502 0
T 48278 108.0 0.8294 1 0.1502 0
T 48285 108.0 0.8297 1 0.1916 0
T 48292 108.0 0.8297 1 0.1916 0
T 48300 108.0 0.8297 1 0.1916 0
T 48308 108.0 0.8298 1 0.2329 0
T 48315 108.0 0.8298 1 0.2329 0
T 48322 108.0 0.8298 1 0.2329 0
T 48330 108.0 0.8298 1 0.2143 0
T 48338 108.0 0.8298 1 0.2143 0
T 48345 108.0 0.8298 1 0.2143 0
T 48352 108.0 0.8299 1 0.2539 0
T 48360 108.0 0.8299 1 0.2539 0
T 48368 108.0 0.8299 1 0.2539 0
T 48375 108.0 0.8300 1 0.2953 0
T 48382 108.0 0.8300 1 0.2953 0
T 48390 108.0 0.8300 1 0.2953 0
T 48398 108.0 0.8300 1 0.3367 0
T 48405 108.0 0.8300 1 0.3367 0
T 48412 108.0 0.8300 1 0.3367 0
T 48420 108.0 0.8304 1 0.3762 0
T 48428 108.0 0.8304 1 0.3762 0
T 48435 108.0 0.8304 1 0.3762 0
T 48442 108.0 0.8308 1 0.4158 0
T 48450 108.0 0.8308 1 0.4158 0
T 48458 108.0 0.8308 1 0.4158 0
T 48465 108.0 0.8312 1 0.4572 0
T 48472 108.0 0.8312 1 0.4572 0
T 48480 108.0 0.8312 1 0.4572 0
T 48488 108.0 0.8315 1 0.4986 0
T 48495 108.0 0.8315 1 0.4986 0
T 48502 108.0 0.8315 1 0.4986 0
T 48510 108.0 0.8318 1 0.5382 0
T 48518 108.0 0.8318 1 0.5382 0
T 48525 108.0 0.8318 1 0.5382 0
T 48532 108.0 0.8318 1 0.5778 0
T 48540 108.0 0.8318 1 0.5778 0
T 48548 108.0 0.8318 1 0.5778 0
T 48555 108.0 0.8319 1 0.7192 0
T 48562 108.0 0.8319 1 0.7192 0
T 48570 108.0 0.8319 1 0.7192 0
T 48578 108.0 0.8319 1 0.7606 0
T 48585 108.0 0.8319 1 0.7606 0
T 48592 108.0 0.8319 1 0.7606 0
T 48600 108.0 0.8318 1 0.8002 0
T 48608 108.0 0.8318 1 0.8002 0
T 48615 108.0 0.8318 1 0.8002 0
T 48622 108.0 0.8317 1 0.8398 0
T 48630 108.0 0.8317 1 0.8398 0
T 48638 108.0 0.8317 1 0.8398 0
T 48645 108.0 0.8313 1 0.8813 0
T 48652 108.0 0.8313 1 0.8813 0
T 48660 108.0 0.8313 1 0.8813 0
T 48668 108.0 0.8311 1 0.9524 0
T 48675 108.0 0.8311 1 0.9524 0
T 48682 108.0 0.8311 1 0.9524 0
T 48690 108.0 0.8309 1 0.9920 0
T 48698 108.0 0.8309 1 0.9920 0
T 48705 108.0 0.8309 1 0.9920 0
T 48712 108.0 0.8310 1 0.0316 1
T 48720 108.0 0.8310 1 0.0316 0
T 48728 108.0 0.8310 1 0.0316 0
T 48735 108.0 0.8313 1 0.0730 0
T 48742 108.0 0.8313 1 0.0730 0
T 48750 108.0 0.8313 1 0.0730 0
T 48758 108.0 0.8313 1 0.1144 0
T 48765 108.0 0.8313 1 0.1144 0
T 48772 108.0 0.8313 1 0.1144 0
T 48780 108.0 0.8313 1 0.1254 0
T 48788 108.0 0.8313 1 0.1254 0
T 48795 108.0 0.8313 1 0.1254 0
T 48802 108.0 0.8314 1 0.1650 0
T 48810 108.0 0.8314 1 0.1650 0
T 48818 108.0 0.8314 1 0.1650 0
T 48825 108.0 0.8314 1 0.2065 0
T 48832 108.0 0.8314 1 0.2065 0
T 48840 108.0 0.8314 1 0.2065 0
T 48848 108.0 0.8314 1 0.2479 0
T 48855 108.0 0.8314 1 0.2479 0
T 48862 108.0 0.8314 1 0.2479 0
T 48870 108.0 0.8317 1 0.2875 0
T 48878 108.0 0.8317 1 0.2875 0
T 48885 108.0 0.8317 1 0.2875 0
T 48892 108.0 0.8320 1 0.2552 0
T 48900 108.0 0.8320 1 0.2552 0
T 48908 108.0 0.8320 1 0.2552 0
T 48915 108.0 0.8322 1 0.2966 0
T 48922 108.0 0.8322 1 0.2966 0
T 48930 108.0 0.8322 1 0.2966 0
T 48938 108.0 0.8324 1 0.3380 0
T 48945 108.0 0.8324 1 0.3380 0
T 48952 108.0 0.8324 1 0.3380 0
T 48960 108.0 0.8326 1 0.3776 0
T 48968 108.0 0.8326 1 0.3776 0
T 48975 108.0 0.8326 1 0.3776 0
T 48982 108.0 0.8326 1 0.4171 0
T 48990 108.0 0.8326 1 0.4171 0
T 48998 108.0 0.8326 1 0.4171 0
T 49005 108.0 0.8327 1 0.3585 0
T 49012 108.0 0.8327 1 0.3585 0
T 49020 108.0 0.8327 1 0.3585 0
T 49028 108.0 0.8328 1 0.3999 0
T 49035 108.0 0.8328 1 0.3999 0
T 49042 108.0 0.8328 1 0.3999 0
T 49050 108.0 0.8328 1 0.4394 0
T 49058 108.0 0.8328 1 0.4394 0
T 49065 108.0 0.8328 1 0.4394 0
T 49072 108.0 0.8328 1 0.4790 0
T 49080 108.0 0.8328 1 0.4790 0
T 49088 108.0 0.8328 1 0.4790 0
T 49095 108.0 0.8329 1 0.5204 0
T 49102 108.0 0.8329 1 0.5204 0
T 49110 108.0 0.8329 1 0.5204 0
T 49118 108.0 0.8331 1 0.6618 0
T 49125 108.0 0.8331 1 0.6618 0
T 49132 108.0 0.8331 1 0.6618 0
T 49140 108.0 0.8331 1 0.7014 0
T 49148 108.0 0.8331 1 0.7014 0
T 49155 108.0 0.8331 1 0.7014 0
T 49162 108.0 0.8334 1 0.7410 0
T 49170 108.0 0.8334 1 0.7410 0
T 49178 108.0 0.8334 1 0.7410 0
T 49185 108.0 0.8335 1 0.7824 0
T 49192 108.0 0.8335 1 0.7824 0
T 49200 108.0 0.8335 1 0.7824 0
T 49208 108.0 0.8335 1 0.8238 0
T 49215 108.0 0.8335 1 0.8238 0
T 49222 108.0 0.8335 1 0.8238 0
T 49230 108.0 0.8335 1 0.9075 0
T 49238 108.0 0.8335 1 0.9075 0
T 49245 108.0 0.8335 1 0.9075 0
T 49252 108.0 0.8335 1 0.9471 0
T 49260 108.0 0.8335 1 0.9471 0
T 49268 108.0 0.8335 1 0.9471 0
T 49275 108.0 0.8335 1 0.9885 0
T 49282 108.0 0.8335 1 0.9885 0
T 49290 108.0 0.8335 1 0.9885 0
T 49298 108.0 0.8335 1 0.0299 1
T 49305 108.0 0.8335 1 0.0299 0
T 49312 108.0 0.8335 1 0.0299 0
T 49320 108.0 0.8339 1 0.0695 0
T 49328 108.0 0.8339 1 0.0695 0
T 49335 108.0 0.8339 1 0.0695 0
T 49342 108.0 0.8342 1 0.0918 0
T 49350 108.0 0.8342 1 0.0918 0
T 49358 108.0 0.8342 1 0.0918 0
T 49365 108.0 0.8344 1 0.1332 0
T 49372 108.0 0.8344 1 0.1332 0
T 49380 108.0 0.8344 1 0.1332 0
T 49388 108.0 0.8345 1 0.1746 0
T 49395 108.0 0.8345 1 0.1746 0
T 49402 108.0 0.8345 1 0.1746 0
T 49410 108.0 0.8346 1 0.2142 0
T 49418 108.0 0.8346 1 0.2142 0
T 49425 108.0 0.8346 1 0.2142 0
T 49432 108.0 0.8347 1 0.2538 0
T 49440 108.0 0.8347 1 0.2538 0
T 49448 108.0 0.8347 1 0.2538 0
T 49455 108.0 0.8348 1 0.2317 0
T 49462 108.0 0.8348 1 0.2317 0
T 49470 108.0 0.8348 1 0.2317 0
T 49478 108.0 0.8349 1 0.2731 0
T 49485 108.0 0.8349 1 0.2731 0
T 49492 108.0 0.8349 1 0.2731 0
T 49500 108.0 0.8348 1 0.3127 0
T 49508 108.0 0.8348 1 0.3127 0
T 49515 108.0 0.8348 1 0.3127 0
T 49522 108.0 0.8343 1 0.3523 0
T 49530 108.0 0.8343 1 0.3523 0
T 49538 108.0 0.8343 1 0.3523 0
T 49545 108.0 0.8336 1 0.3056 0
T 49552 108.0 0.8336 1 0.3056 0
T 49560 108.0 0.8336 1 0.3056 0
T 49568 108.0 0.8330 1 0.3470 0
T 49575 108.0 0.8330 1 0.3470 0
T 49582 108.0 0.8330 1 0.3470 0
T 49590 108.0 0.8324 1 0.3865 0
T 49598 108.0 0.8324 1 0.3865 0
T 49605 108.0 0.8324 1 0.3865 0
T 49612 108.0 0.8323 1 0.4261 0
T 49620 108.0 0.8323 1 0.4261 0
T 49628 108.0 0.8323 1 0.4261 0
T 49635 108.0 0.8320 1 0.4675 0
T 49642 108.0 0.8320 1 0.4675 0
T 49650 108.0 0.8320 1 0.4675 0
T 49658 108.0 0.8317 1 0.4089 0
T 49665 108.0 0.8317 1 0.4089 0
T 49672 108.0 0.8317 1 0.4089 0
T 49680 108.0 0.8315 1 0.4484 0
T 49688 108.0 0.8315 1 0.4484 0
T 49695 108.0 0.8315 1 0.4484 0
T 49702 108.0 0.8314 1 0.4880 0
T 49710 108.0 0.8314 1 0.4880 0
T 49718 108.0 0.8314 1 0.4880 0
T 49725 108.0 0.8311 1 0.5293 0
T 49732 108.0 0.8311 1 0.5293 0
T 49740 108.0 0.8311 1 0.5293 0
T 49748 108.0 0.8312 1 0.5707 0
T 49755 108.0 0.8312 1 0.5707 0
T 49762 108.0 0.8312 1 0.5707 0
T 49770 108.0 0.8315 1 0.6102 0
T 49778 108.0 0.8315 1 0.6102 0
T 49785 108.0 0.8315 1 0.6102 0
T 49792 108.0 0.8318 1 0.6498 0
T 49800 108.0 0.8318 1 0.6498 0
T 49808 108.0 0.8318 1 0.6498 0
T 49815 108.0 0.8321 1 0.6912 0
T 49822 108.0 0.8321 1 0.6912 0
T 49830 108.0 0.8321 1 0.6912 0
T 49838 108.0 0.8323 1 0.7326 0
T 49845 108.0 0.8323 1 0.7326 0
T 49852 108.0 0.8323 1 0.7326 0
T 49860 108.0 0.8320 1 0.7721 0
T 49868 108.0 0.8320 1 0.7721 0
T 49875 108.0 0.8320 1 0.7721 0
T 49882 108.0 0.8317 1 0.8687 0
T 49890 108.0 0.8317 1 0.8687 0
T 49898 108.0 0.8317 1 0.8687 0
T 49905 108.0 0.8315 1 0.9101 0
T 49912 108.0 0.8315 1 0.9101 0
T 49920 108.0 0.8315 1 0.9101 0
T 49928 108.0 0.8313 1 0.9515 0
T 49935 108.0 0.8313 1 0.9515 0
T 49942 108.0 0.8313 1 0.9515 0
T 49950 108.0 0.8310 1 0.9911 0
T 49958 108.0 0.8310 1 0.9911 0
T 49965 108.0 0.8310 1 0.9911 0
T 49972 108.0 0.8308 1 0.0307 1
T 49980 108.0 0.8308 1 0.0307 0
T 49988 108.0 0.8308 1 0.0307 0
T 49995 108.0 0.8305 1 0.0644 0
T 50002 108.0 0.8305 1 0.0644 0
T 50010 108.0 0.8305 1 0.0644 0
T 50018 108.0 0.8303 1 0.1058 0
T 50025 108.0 0.8303 1 0.1058 0
T 50032 108.0 0.8303 1 0.1058 0
T 50040 108.0 0.8303 1 0.1454 0
T 50048 108.0 0.8303 1 0.1454 0
T 50055 108.0 0.8303 1 0.1454 0
T 50062 108.0 0.8305 1 0.1850 0
T 50070 108.0 0.8305 1 0.1850 0
T 50078 108.0 0.8305 1 0.1850 0
T 50085 108.0 0.8308 1 0.2264 0
T 50092 108.0 0.8308 1 0.2264 0
T 50100 108.0 0.8308 1 0.2264 0
T 50108 108.0 0.8309 1 0.2112 0
T 50115 108.0 0.8309 1 0.2112 0
T 50122 108.0 0.8309 1 0.2112 0
T 50130 108.0 0.8311 1 0.2508 0
T 50138 108.0 0.8311 1 0.2508 0
T 50145 108.0 0.8311 1 0.2508 0
T 50152 108.0 0.8313 1 0.2904 0
T 50160 108.0 0.8313 1 0.2904 0
T 50168 108.0 0.8313 1 0.2904 0
T 50175 108.0 0.8313 1 0.3317 0
T 50182 108.0 0.8313 1 0.3317 0
T 50190 108.0 0.8313 1 0.3317 0
T 50198 108.0 0.8318 1 0.3731 0
T 50205 108.0 0.8318 1 0.3731 0
T 50212 108.0 0.8318 1 0.3731 0
T 50220 108.0 0.8321 1 0.4127 0
T 50228 108.0 0.8321 1 0.4127 0
T 50235 108.0 0.8321 1 0.4127 0
T 50242 108.0 0.8324 1 0.4523 0
T 50250 108.0 0.8324 1 0.4523 0
T 50258 108.0 0.8324 1 0.4523 0
T 50265 108.0 0.8327 1 0.4937 0
T 50272 108.0 0.8327 1 0.4937 0
T 50280 108.0 0.8327 1 0.4937 0
T 50288 108.0 0.8327 1 0.5351 0
T 50295 108.0 0.8327 1 0.5351 0
T 50302 108.0 0.8327 1 0.5351 0
T 50310 108.0 0.8324 1 0.5747 0
T 50318 108.0 0.8324 1 0.5747 0
T 50325 108.0 0.8324 1 0.5747 0
T 50332 108.0 0.8321 1 0.7143 0
T 50340 108.0 0.8321 1 0.7143 0
T 50348 108.0 0.8321 1 0.7143 0
T 50355 108.0 0.8319 1 0.7557 0
T 50362 108.0 0.8319 1 0.7557 0
T 50370 108.0 0.8319 1 0.7557 0
T 50378 108.0 0.8316 1 0.7971 0
T 50385 108.0 0.8316 1 0.7971 0
T 50392 108.0 0.8316 1 0.7971 0
T 50400 108.0 0.8314 1 0.8367 0
T 50408 108.0 0.8314 1 0.8367 0
T 50415 108.0 0.8314 1 0.8367 0
T 50422 108.0 0.8310 1 0.8763 0
T 50430 108.0 0.8310 1 0.8763 0
T 50438 108.0 0.8310 1 0.8763 0
T 50445 108.0 0.8308 1 0.9487 0
T 50452 108.0 0.8308 1 0.9487 0
T 50460 108.0 0.8308 1 0.9487 0
T 50468 108.0 0.8307 1 0.9901 0
T 50475 108.0 0.8307 1 0.9901 0
T 50482 108.0 0.8307 1 0.9901 0
T 50490 108.0 0.8307 1 0.0297 1
T 50498 108.0 0.8307 1 0.0297 0
T 50505 108.0 0.8307 1 0.0297 0
T 50512 108.0 0.8309 1 0.0693 0
T 50520 108.0 0.8309 1 0.0693 0
T 50528 108.0 0.8309 1 0.0693 0
T 50535 108.0 0.8308 1 0.1108 0
T 50542 108.0 0.8308 1 0.1108 0
T 50550 108.0 0.8308 1 0.1108 0
T 50558 108.0 0.8308 1 0.1245 0
T 50565 108.0 0.8308 1 0.1245 0
T 50572 108.0 0.8308 1 0.1245 0
T 50580 108.0 0.8308 1 0.1641 0
T 50588 108.0 0.8308 1 0.1641 0
T 50595 108.0 0.8308 1 0.1641 0
T 50602 108.0 0.8307 1 0.2037 0
T 50610 108.0 0.8307 1 0.2037 0
T 50618 108.0 0.8307 1 0.2037 0
T 50625 108.0 0.8305 1 0.2451 0
T 50632 108.0 0.8305 1 0.2451 0
T 50640 108.0 0.8305 1 0.2451 0
T 50648 108.0 0.8308 1 0.2865 0
T 50655 108.0 0.8308 1 0.2865 0
T 50662 108.0 0.8308 1 0.2865 0
T 50670 108.0 0.8310 1 0.2545 0
T 50678 108.0 0.8310 1 0.2545 0
T 50685 108.0 0.8310 1 0.2545 0
T 50692 108.0 0.8312 1 0.2941 0
T 50700 108.0 0.8312 1 0.2941 0
T 50708 108.0 0.8312 1 0.2941 0
T 50715 108.0 0.8313 1 0.3354 0
T 50722 108.0 0.8313 1 0.3354 0
T 50730 108.0 0.8313 1 0.3354 0
T 50738 108.0 0.8315 1 0.3768 0
T 50745 108.0 0.8315 1 0.3768 0
T 50752 108.0 0.8315 1 0.3768 0
T 50760 108.0 0.8313 1 0.4164 0
T 50768 108.0 0.8313 1 0.4164 0
T 50775 108.0 0.8313 1 0.4164 0
T 50782 108.0 0.8313 1 0.3560 0
T 50790 108.0 0.8313 1 0.3560 0
T 50798 108.0 0.8313 1 0.3560 0
T 50805 108.0 0.8313 1 0.3974 0
T 50812 108.0 0.8313 1 0.3974 0
T 50820 108.0 0.8313 1 0.3974 0
T 50828 108.0 0.8311 1 0.4387 0
T 50835 108.0 0.8311 1 0.4387 0
T 50842 108.0 0.8311 1 0.4387 0
T 50850 108.0 0.8310 1 0.4783 0
T 50858 108.0 0.8310 1 0.4783 0
T 50865 108.0 0.8310 1 0.4783 0
T 50872 108.0 0.8308 1 0.5179 0
T 50880 108.0 0.8308 1 0.5179 0
T 50888 108.0 0.8308 1 0.5179 0
T 50895 108.0 0.8307 1 0.6592 0
T 50902 108.0 0.8307 1 0.6592 0
T 50910 108.0 0.8307 1 0.6592 0
T 50918 108.0 0.8305 1 0.7007 0
T 50925 108.0 0.8305 1 0.7007 0
T 50932 108.0 0.8305 1 0.7007 0
T 50940 108.0 0.8306 1 0.7403 0
T 50948 108.0 0.8306 1 0.7403 0
T 50955 108.0 0.8306 1 0.7403 0
T 50962 108.0 0.8307 1 0.7799 0
T 50970 108.0 0.8307 1 0.7799 0
T 50978 108.0 0.8307 1 0.7799 0
T 50985 108.0 0.8306 1 0.8213 0
T 50992 108.0 0.8306 1 0.8213 0
T 51000 108.0 0.8306 1 0.8213 0
T 51008 108.0 0.8306 1 0.9074 0
T 51015 108.0 0.8306 1 0.9074 0
T 51022 108.0 0.8306 1 0.9074 0
T 51030 108.0 0.8305 1 0.9470 0
T 51038 108.0 0.8305 1 0.9470 0
T 51045 108.0 0.8305 1 0.9470 0
T 51052 108.0 0.8306 1 0.9866 0
T 51060 108.0 0.8306 1 0.9866 0
T 51068 108.0 0.8306 1 0.9866 0
T 51075 108.0 0.8304 1 0.0280 1
T 51082 108.0 0.8304 1 0.0280 0
T 51090 108.0 0.8304 1 0.0280 0
T 51098 108.0 0.8306 1 0.0694 0
T 51105 108.0 0.8306 1 0.0694 0
T 51112 108.0 0.8306 1 0.0694 0
T 51120 108.0 0.8309 1 0.1090 0
T 51128 108.0 0.8309 1 0.1090 0
T 51135 108.0 0.8309 1 0.1090 0
T 51142 108.0 0.8310 1 0.1487 0
T 51150 108.0 0.8310 1 0.1487 0
T 51158 108.0 0.8310 1 0.1487 0
T 51165 108.0 0.8311 1 0.1901 0
T 51172 108.0 0.8311 1 0.1901 0
T 51180 108.0 0.8311 1 0.1901 0
T 51188 108.0 0.8311 1 0.2315 0
T 51195 108.0 0.8311 1 0.2315 0
T 51202 108.0 0.8311 1 0.2315 0
T 51210 108.0 0.8310 1 0.2711 0
T 51218 108.0 0.8310 1 0.2711 0
T 51225 108.0 0.8310 1 0.2711 0
T 51232 108.0 0.8310 1 0.2429 0
T 51240 108.0 0.8310 1 0.2429 0
T 51248 108.0 0.8310 1 0.2429 0
T 51255 108.0 0.8309 1 0.2843 0
T 51262 108.0 0.8309 1 0.2843 0
T 51270 108.0 0.8309 1 0.2843 0
T 51278 108.0 0.8307 1 0.3257 0
T 51285 108.0 0.8307 1 0.3257 0
T 51292 108.0 0.8307 1 0.3257 0
T 51300 108.0 0.8302 1 0.3653 0
T 51308 108.0 0.8302 1 0.3653 0
T 51315 108.0 0.8302 1 0.3653 0
T 51322 108.0 0.8296 1 0.3136 0
T 51330 108.0 0.8296 1 0.3136 0
T 51338 108.0 0.8296 1 0.3136 0
T 51345 108.0 0.8291 1 0.3549 0
T 51352 108.0 0.8291 1 0.3549 0
T 51360 108.0 0.8291 1 0.3549 0
T 51368 108.0 0.8285 1 0.3963 0
T 51375 108.0 0.8285 1 0.3963 0
T 51382 108.0 0.8285 1 0.3963 0
T 51390 108.0 0.8284 1 0.4359 0
T 51398 108.0 0.8284 1 0.4359 0
T 51405 108.0 0.8284 1 0.4359 0
T 51412 108.0 0.8279 1 0.4754 0
T 51420 108.0 0.8279 1 0.4754 0
T 51428 108.0 0.8279 1 0.4754 0
T 51435 108.0 0.8272 1 0.4168 0
T 51442 108.0 0.8272 1 0.4168 0
T 51450 108.0 0.8272 1 0.4168 0
T 51458 108.0 0.8267 1 0.4582 0
T 51465 108.0 0.8267 1 0.4582 0
T 51472 108.0 0.8267 1 0.4582 0
T 51480 108.0 0.8263 1 0.4977 0
T 51488 108.0 0.8263 1 0.4977 0
T 51495 108.0 0.8263 1 0.4977 0
T 51502 108.0 0.8258 1 0.5373 0
T 51510 108.0 0.8258 1 0.5373 0
T 51518 108.0 0.8258 1 0.5373 0
T 51525 108.0 0.8260 1 0.5786 0
T 51532 108.0 0.8260 1 0.5786 0
T 51540 108.0 0.8260 1 0.5786 0
T 51548 108.0 0.8264 1 0.6200 0
T 51555 108.0 0.8264 1 0.6200 0
T 51562 108.0 0.8264 1 0.6200 0
T 51570 108.0 0.8268 1 0.6596 0
T 51578 108.0 0.8268 1 0.6596 0
T 51585 108.0 0.8268 1 0.6596 0
T 51592 108.0 0.8271 1 0.6991 0
T 51600 108.0 0.8271 1 0.6991 0
T 51608 108.0 0.8271 1 0.6991 0
T 51615 108.0 0.8275 1 0.7405 0
T 51622 108.0 0.8275 1 0.7405 0
T 51630 108.0 0.8275 1 0.7405 0
T 51638 108.0 0.8270 1 0.7819 0
T 51645 108.0 0.8270 1 0.7819 0
T 51652 108.0 0.8270 1 0.7819 0
T 51660 108.0 0.8264 1 0.8760 0
T 51668 108.0 0.8264 1 0.8760 0
T 51675 108.0 0.8264 1 0.8760 0
T 51682 108.0 0.8259 1 0.9156 0
T 51690 108.0 0.8259 1 0.9156 0
T 51698 108.0 0.8259 1 0.9156 0
T 51705 108.0 0.8254 1 0.9570 0
T 51712 108.0 0.8254 1 0.9570 0
T 51720 108.0 0.8254 1 0.9570 0
T 51728 108.0 0.8249 1 0.9984 0
T 51735 108.0 0.8249 1 0.9984 0
T 51742 108.0 0.8249 1 0.9984 0
T 51750 108.0 0.8247 1 0.0380 1
T 51758 108.0 0.8247 1 0.0380 0
T 51765 108.0 0.8247 1 0.0380 0
T 51772 108.0 0.8245 1 0.0681 0
T 51780 108.0 0.8245 1 0.0681 0
T 51788 108.0 0.8245 1 0.0681 0
T 51795 108.0 0.8243 1 0.1095 0
T 51802 108.0 0.8243 1 0.1095 0
T 51810 108.0 0.8243 1 0.1095 0
T 51818 108.0 0.8243 1 0.1509 0
T 51825 108.0 0.8243 1 0.1509 0
T 51832 108.0 0.8243 1 0.1509 0
T 51840 108.0 0.8244 1 0.1905 0
T 51848 108.0 0.8244 1 0.1905 0
T 51855 108.0 0.8244 1 0.1905 0
T 51862 108.0 0.8245 1 0.2301 0
T 51870 108.0 0.8245 1 0.2301 0
T 51878 108.0 0.8245 1 0.2301 0
T 51885 108.0 0.8245 1 0.2139 0
T 51892 108.0 0.8245 1 0.2139 0
T 51900 108.0 0.8245 1 0.2139 0
T 51908 108.0 0.8246 1 0.2553 0
T 51915 108.0 0.8246 1 0.2553 0
T 51922 108.0 0.8246 1 0.2553 0
T 51930 108.0 0.8247 1 0.2949 0
T 51938 108.0 0.8247 1 0.2949 0
T 51945 108.0 0.8247 1 0.2949 0
T 51952 108.0 0.8246 1 0.3345 0
T 51960 108.0 0.8246 1 0.3345 0
T 51968 108.0 0.8246 1 0.3345 0
T 51975 108.0 0.8250 1 0.3759 0
T 51982 108.0 0.8250 1 0.3759 0
T 51990 108.0 0.8250 1 0.3759 0
T 51998 108.0 0.8254 1 0.4173 0
T 52005 108.0 0.8254 1 0.4173 0
T 52012 108.0 0.8254 1 0.4173 0
T 52020 108.0 0.8257 1 0.4569 0
T 52028 108.0 0.8257 1 0.4569 0
T 52035 108.0 0.8257 1 0.4569 0
T 52042 108.0 0.8259 1 0.4964 0
T 52050 108.0 0.8259 1 0.4964 0
T 52058 108.0 0.8259 1 0.4964 0
T 52065 108.0 0.8262 1 0.5378 0
T 52072 108.0 0.8262 1 0.5378 0
T 52080 108.0 0.8262 1 0.5378 0
T 52088 108.0 0.8260 1 0.5792 0
T 52095 108.0 0.8260 1 0.5792 0
T 52102 108.0 0.8260 1 0.5792 0
T 52110 108.0 0.8259 1 0.7188 0
T 52118 108.0 0.8259 1 0.7188 0
T 52125 108.0 0.8259 1 0.7188 0
T 52132 108.0 0.8259 1 0.7584 0
T 52140 108.0 0.8259 1 0.7584 0
T 52148 108.0 0.8259 1 0.7584 0
T 52155 108.0 0.8257 1 0.7999 0
T 52162 108.0 0.8257 1 0.7999 0
T 52170 108.0 0.8257 1 0.7999 0
T 52178 108.0 0.8255 1 0.8413 0
T 52185 108.0 0.8255 1 0.8413 0
T 52192 108.0 0.8255 1 0.8413 0
T 52200 108.0 0.8252 1 0.8809 0
T 52208 108.0 0.8252 1 0.8809 0
T 52215 108.0 0.8252 1 0.8809 0
T 52222 108.0 0.8250 1 0.9503 0
T 52230 108.0 0.8250 1 0.9503 0
T 52238 108.0 0.8250 1 0.9503 0
T 52245 108.0 0.8249 1 0.9917 0
T 52252 108.0 0.8249 1 0.9917 0
T 52260 108.0 0.8249 1 0.9917 0
T 52268 108.0 0.8250 1 0.0331 1
T 52275 108.0 0.8250 1 0.0331 0
T 52282 108.0 0.8250 1 0.0331 0
T 52290 108.0 0.8253 1 0.0727 0
T 52298 108.0 0.8253 1 0.0727 0
T 52305 108.0 0.8253 1 0.0727 0
T 52312 108.0 0.8253 1 0.1124 0
T 52320 108.0 0.8253 1 0.1124 0
T 52328 108.0 0.8253 1 0.1124 0
T 52335 108.0 0.8253 1 0.1257 0
T 52342 108.0 0.8253 1 0.1257 0
T 52350 108.0 0.8253 1 0.1257 0
T 52358 108.0 0.8254 1 0.1671 0
T 52365 108.0 0.8254 1 0.1671 0
T 52372 108.0 0.8254 1 0.1671 0
T 52380 108.0 0.8253 1 0.2067 0
T 52388 108.0 0.8253 1 0.2067 0
T 52395 108.0 0.8253 1 0.2067 0
T 52402 108.0 0.8251 1 0.2463 0
T 52410 108.0 0.8251 1 0.2463 0
T 52418 108.0 0.8251 1 0.2463 0
T 52425 108.0 0.8253 1 0.2877 0
T 52432 108.0 0.8253 1 0.2877 0
T 52440 108.0 0.8253 1 0.2877 0
T 52448 108.0 0.8256 1 0.2572 0
T 52455 108.0 0.8256 1 0.2572 0
T 52462 108.0 0.8256 1 0.2572 0
T 52470 108.0 0.8258 1 0.2968 0
T 52478 108.0 0.8258 1 0.2968 0
T 52485 108.0 0.8258 1 0.2968 0
T 52492 108.0 0.8259 1 0.3364 0
T 52500 108.0 0.8259 1 0.3364 0
T 52508 108.0 0.8259 1 0.3364 0
T 52515 108.0 0.8261 1 0.3777 0
T 52522 108.0 0.8261 1 0.3777 0
T 52530 108.0 0.8261 1 0.3777 0
T 52538 108.0 0.8261 1 0.4191 0
T 52545 108.0 0.8261 1 0.4191 0
T 52552 108.0 0.8261 1 0.4191 0
T 52560 108.0 0.8261 1 0.3587 0
T 52568 108.0 0.8261 1 0.3587 0
T 52575 108.0 0.8261 1 0.3587 0
T 52582 108.0 0.8261 1 0.3983 0
T 52590 108.0 0.8261 1 0.3983 0
T 52598 108.0 0.8261 1 0.3983 0
T 52605 108.0 0.8261 1 0.4396 0
T 52612 108.0 0.8261 1 0.4396 0
T 52620 108.0 0.8261 1 0.4396 0
T 52628 108.0 0.8261 1 0.4810 0
T 52635 108.0 0.8261 1 0.4810 0
T 52642 108.0 0.8261 1 0.4810 0
T 52650 108.0 0.8260 1 0.5206 0
T 52658 108.0 0.8260 1 0.5206 0
T 52665 108.0 0.8260 1 0.5206 0
T 52672 108.0 0.8261 1 0.6601 0
T 52680 108.0 0.8261 1 0.6601 0
T 52688 108.0 0.8261 1 0.6601 0
T 52695 108.0 0.8260 1 0.7016 0
T 52702 108.0 0.8260 1 0.7016 0
T 52710 108.0 0.8260 1 0.7016 0
T 52718 108.0 0.8262 1 0.7430 0
T 52725 108.0 0.8262 1 0.7430 0
T 52732 108.0 0.8262 1 0.7430 0
T 52740 108.0 0.8263 1 0.7826 0
T 52748 108.0 0.8263 1 0.7826 0
T 52755 108.0 0.8263 1 0.7826 0
T 52762 108.0 0.8261 1 0.8222 0
T 52770 108.0 0.8261 1 0.8222 0
T 52778 108.0 0.8261 1 0.8222 0
T 52785 108.0 0.8261 1 0.9080 0
T 52792 108.0 0.8261 1 0.9080 0
T 52800 108.0 0.8261 1 0.9080 0
T 52808 108.0 0.8260 1 0.9495 0
T 52815 108.0 0.8260 1 0.9495 0
T 52822 108.0 0.8260 1 0.9495 0
T 52830 108.0 0.8260 1 0.9891 0
T 52838 108.0 0.8260 1 0.9891 0
T 52845 108.0 0.8260 1 0.9891 0
T 52852 108.0 0.8259 1 0.0287 1
T 52860 108.0 0.8259 1 0.0287 0
T 52868 108.0 0.8259 1 0.0287 0
T 52875 108.0 0.8262 1 0.0701 0
T 52882 108.0 0.8262 1 0.0701 0
T 52890 108.0 0.8262 1 0.0701 0
T 52898 108.0 0.8265 1 0.1115 0
T 52905 108.0 0.8265 1 0.1115 0
T 52912 108.0 0.8265 1 0.1115 0
T 52920 108.0 0.8267 1 0.1511 0
T 52928 108.0 0.8267 1 0.1511 0
T 52935 108.0 0.8267 1 0.1511 0
T 52942 108.0 0.8267 1 0.1907 0
T 52950 108.0 0.8267 1 0.1907 0
T 52958 108.0 0.8267 1 0.1907 0
T 52965 108.0 0.8267 1 0.2322 0
T 52972 108.0 0.8267 1 0.2322 0
T 52980 108.0 0.8267 1 0.2322 0
T 52988 108.0 0.8267 1 0.2736 0
T 52995 108.0 0.8267 1 0.2736 0
T 53002 108.0 0.8267 1 0.2736 0
T 53010 108.0 0.8268 1 0.2448 0
T 53018 108.0 0.8268 1 0.2448 0
T 53025 108.0 0.8268 1 0.2448 0
T 53032 108.0 0.8268 1 0.2844 0
T 53040 108.0 0.8268 1 0.2844 0
T 53048 108.0 0.8268 1 0.2844 0
T 53055 108.0 0.8267 1 0.3258 0
T 53062 108.0 0.8267 1 0.3258 0
T 53070 108.0 0.8267 1 0.3258 0
T 53078 108.0 0.8261 1 0.3671 0
T 53085 108.0 0.8261 1 0.3671 0
T 53092 108.0 0.8261 1 0.3671 0
T 53100 108.0 0.8252 1 0.3149 0
T 53108 108.0 0.8252 1 0.3149 0
T 53115 108.0 0.8252 1 0.3149 0
T 53122 108.0 0.8246 1 0.3545 0
T 53130 108.0 0.8246 1 0.3545 0
T 53138 108.0 0.8246 1 0.3545 0
T 53145 108.0 0.8238 1 0.3959 0
T 53152 108.0 0.8238 1 0.3959 0
T 53160 108.0 0.8238 1 0.3959 0
T 53168 108.0 0.8235 1 0.4373 0
T 53175 108.0 0.8235 1 0.4373 0
T 53182 108.0 0.8235 1 0.4373 0
T 53190 108.0 0.8232 1 0.4768 0
T 53198 108.0 0.8232 1 0.4768 0
T 53205 108.0 0.8232 1 0.4768 0
T 53212 108.0 0.8228 1 0.4164 0
T 53220 108.0 0.8228 1 0.4164 0
T 53228 108.0 0.8228 1 0.4164 0
T 53235 108.0 0.8224 1 0.4577 0
T 53242 108.0 0.8224 1 0.4577 0
T 53250 108.0 0.8224 1 0.4577 0
T 53258 108.0 0.8222 1 0.4991 0
T 53265 108.0 0.8222 1 0.4991 0
T 53272 108.0 0.8222 1 0.4991 0
T 53280 108.0 0.8219 1 0.5387 0
T 53288 108.0 0.8219 1 0.5387 0
T 53295 108.0 0.8219 1 0.5387 0
T 53302 108.0 0.8222 1 0.5782 0
T 53310 108.0 0.8222 1 0.5782 0
T 53318 108.0 0.8222 1 0.5782 0
T 53325 108.0 0.8227 1 0.6196 0
T 53332 108.0 0.8227 1 0.6196 0
T 53340 108.0 0.8227 1 0.6196 0
T 53348 108.0 0.8232 1 0.6609 0
T 53355 108.0 0.8232 1 0.6609 0
T 53362 108.0 0.8232 1 0.6609 0
T 53370 108.0 0.8236 1 0.7005 0
T 53378 108.0 0.8236 1 0.7005 0
T 53385 108.0 0.8236 1 0.7005 0
T 53392 108.0 0.8239 1 0.7401 0
T 53400 108.0 0.8239 1 0.7401 0
T 53408 108.0 0.8239 1 0.7401 0
T 53415 108.0 0.8236 1 0.7815 0
T 53422 108.0 0.8236 1 0.7815 0
T 53430 108.0 0.8236 1 0.7815 0
T 53438 108.0 0.8232 1 0.8775 0
T 53445 108.0 0.8232 1 0.8775 0
T 53452 108.0 0.8232 1 0.8775 0
T 53460 108.0 0.8228 1 0.9171 0
T 53468 108.0 0.8228 1 0.9171 0
T 53475 108.0 0.8228 1 0.9171 0
T 53482 108.0 0.8225 1 0.9567 0
T 53490 108.0 0.8225 1 0.9567 0
T 53498 108.0 0.8225 1 0.9567 0
T 53505 108.0 0.8221 1 0.9981 0
T 53512 108.0 0.8221 1 0.9981 0
T 53520 108.0 0.8221 1 0.9981 0
T 53528 108.0 0.8219 1 0.0395 1
T 53535 108.0 0.8219 1 0.0395 0
T 53542 108.0 0.8219 1 0.0395 0
T 53550 108.0 0.8216 1 0.0692 0
T 53558 108.0 0.8216 1 0.0692 0
T 53565 108.0 0.8216 1 0.0692 0
T 53572 108.0 0.8214 1 0.1088 0
T 53580 108.0 0.8214 1 0.1088 0
T 53588 108.0 0.8214 1 0.1088 0
T 53595 108.0 0.8214 1 0.1502 0
T 53602 108.0 0.8214 1 0.1502 0
T 53610 108.0 0.8214 1 0.1502 0
T 53618 108.0 0.8216 1 0.1916 0
T 53625 108.0 0.8216 1 0.1916 0
T 53632 108.0 0.8216 1 0.1916 0
T 53640 108.0 0.8216 1 0.2312 0
T 53648 108.0 0.8216 1 0.2312 0
T 53655 108.0 0.8216 1 0.2312 0
T 53662 108.0 0.8215 1 0.2130 0
T 53670 108.0 0.8215 1 0.2130 0
T 53678 108.0 0.8215 1 0.2130 0
T 53685 108.0 0.8215 1 0.2544 0
T 53692 108.0 0.8215 1 0.2544 0
T 53700 108.0 0.8215 1 0.2544 0
T 53708 108.0 0.8215 1 0.2957 0
T 53715 108.0 0.8215 1 0.2957 0
T 53722 108.0 0.8215 1 0.2957 0
T 53730 108.0 0.8214 1 0.3353 0
T 53738 108.0 0.8214 1 0.3353 0
T 53745 108.0 0.8214 1 0.3353 0
T 53752 108.0 0.8218 1 0.3749 0
T 53760 108.0 0.8218 1 0.3749 0
T 53768 108.0 0.8218 1 0.3749 0
T 53775 108.0 0.8221 1 0.4163 0
T 53782 108.0 0.8221 1 0.4163 0
T 53790 108.0 0.8221 1 0.4163 0
T 53798 108.0 0.8223 1 0.4577 0
T 53805 108.0 0.8223 1 0.4577 0
T 53812 108.0 0.8223 1 0.4577 0
T 53820 108.0 0.8225 1 0.4973 0
T 53828 108.0 0.8225 1 0.4973 0
T 53835 108.0 0.8225 1 0.4973 0
T 53842 108.0 0.8228 1 0.5369 0
T 53850 108.0 0.8228 1 0.5369 0
T 53858 108.0 0.8228 1 0.5369 0
T 53865 108.0 0.8226 1 0.5783 0
T 53872 108.0 0.8226 1 0.5783 0
T 53880 108.0 0.8226 1 0.5783 0
T 53888 108.0 0.8226 1 0.7196 0
T 53895 108.0 0.8226 1 0.7196 0
T 53902 108.0 0.8226 1 0.7196 0
T 53910 108.0 0.8225 1 0.7593 0
T 53918 108.0 0.8225 1 0.7593 0
T 53925 108.0 0.8225 1 0.7593 0
T 53932 108.0 0.8224 1 0.7989 0
T 53940 108.0 0.8224 1 0.7989 0
T 53948 108.0 0.8224 1 0.7989 0
T 53955 108.0 0.8222 1 0.8403 0
T 53962 108.0 0.8222 1 0.8403 0
T 53970 108.0 0.8222 1 0.8403 0
T 53978 108.0 0.8220 1 0.8817 0
T 53985 108.0 0.8220 1 0.8817 0
T 53992 108.0 0.8220 1 0.8817 0
T 54000 108.0 0.8218 1 0.9509 0
T 54008 108.0 0.8218 1 0.9509 0
T 54015 108.0 0.8218 1 0.9509 0
T 54022 108.0 0.8217 1 0.9905 0
T 54030 108.0 0.8217 1 0.9905 0
T 54038 108.0 0.8217 1 0.9905 0
T 54045 108.0 0.8219 1 0.0320 1
T 54052 108.0 0.8219 1 0.0320 0
T 54060 108.0 0.8219 1 0.0320 0
T 54068 108.0 0.8222 1 0.0734 0
T 54075 108.0 0.8222 1 0.0734 0
T 54082 108.0 0.8222 1 0.0734 0
T 54090 108.0 0.8221 1 0.1130 0
T 54098 108.0 0.8221 1 0.1130 0
T 54105 108.0 0.8221 1 0.1130 0
T 54112 108.0 0.8221 1 0.1244 0
T 54120 108.0 0.8221 1 0.1244 0
T 54128 108.0 0.8221 1 0.1244 0
T 54135 108.0 0.8221 1 0.1658 0
T 54142 108.0 0.8221 1 0.1658 0
T 54150 108.0 0.8221 1 0.1658 0
T 54158 108.0 0.8220 1 0.2072 0
T 54165 108.0 0.8220 1 0.2072 0
T 54172 108.0 0.8220 1 0.2072 0
T 54180 108.0 0.8218 1 0.2468 0
T 54188 108.0 0.8218 1 0.2468 0
T 54195 108.0 0.8218 1 0.2468 0
T 54202 108.0 0.8222 1 0.2864 0
T 54210 108.0 0.8222 1 0.2864 0
T 54218 108.0 0.8222 1 0.2864 0
T 54225 108.0 0.8225 1 0.2562 0
T 54232 108.0 0.8225 1 0.2562 0
T 54240 108.0 0.8225 1 0.2562 0
T 54248 108.0 0.8228 1 0.2976 0
T 54255 108.0 0.8228 1 0.2976 0
T 54262 108.0 0.8228 1 0.2976 0
T 54270 108.0 0.8229 1 0.3372 0
T 54278 108.0 0.8229 1 0.3372 0
T 54285 108.0 0.8229 1 0.3372 0
T 54292 108.0 0.8231 1 0.3767 0
T 54300 108.0 0.8231 1 0.3767 0
T 54308 108.0 0.8231 1 0.3767 0
T 54315 108.0 0.8230 1 0.4181 0
T 54322 108.0 0.8230 1 0.4181 0
T 54330 108.0 0.8230 1 0.4181 0
T 54338 108.0 0.8230 1 0.3595 0
T 54345 108.0 0.8230 1 0.3595 0
T 54352 108.0 0.8230 1 0.3595 0
T 54360 108.0 0.8230 1 0.3991 0
T 54368 108.0 0.8230 1 0.3991 0
T 54375 108.0 0.8230 1 0.3991 0
T 54382 108.0 0.8229 1 0.4386 0
T 54390 108.0 0.8229 1 0.4386 0
T 54398 108.0 0.8229 1 0.4386 0
T 54405 108.0 0.8229 1 0.4800 0
T 54412 108.0 0.8229 1 0.4800 0
T 54420 108.0 0.8229 1 0.4800 0
T 54428 108.0 0.8228 1 0.5214 0
T 54435 108.0 0.8228 1 0.5214 0
T 54442 108.0 0.8228 1 0.5214 0
T 54450 108.0 0.8228 1 0.6609 0
T 54458 108.0 0.8228 1 0.6609 0
T 54465 108.0 0.8228 1 0.6609 0
T 54472 108.0 0.8227 1 0.7006 0
T 54480 108.0 0.8227 1 0.7006 0
T 54488 108.0 0.8227 1 0.7006 0
T 54495 108.0 0.8229 1 0.7420 0
T 54502 108.0 0.8229 1 0.7420 0
T 54510 108.0 0.8229 1 0.7420 0
T 54518 108.0 0.8231 1 0.7834 0
T 54525 108.0 0.8231 1 0.7834 0
T 54532 108.0 0.8231 1 0.7834 0
T 54540 108.0 0.8231 1 0.8230 0
T 54548 108.0 0.8231 1 0.8230 0
T 54555 108.0 0.8231 1 0.8230 0
T 54562 108.0 0.8233 1 0.9068 0
T 54570 108.0 0.8233 1 0.9068 0
T 54578 108.0 0.8233 1 0.9068 0
T 54585 108.0 0.8234 1 0.9483 0
T 54592 108.0 0.8234 1 0.9483 0
T 54600 108.0 0.8234 1 0.9483 0
T 54608 108.0 0.8235 1 0.9897 0
T 54615 108.0 0.8235 1 0.9897 0
T 54622 108.0 0.8235 1 0.9897 0
T 54630 108.0 0.8235 1 0.0293 1
T 54638 108.0 0.8235 1 0.0293 0
T 54645 108.0 0.8235 1 0.0293 0
T 54652 108.0 0.8237 1 0.0689 0
T 54660 108.0 0.8237 1 0.0689 0
T 54668 108.0 0.8237 1 0.0689 0
T 54675 108.0 0.8240 1 0.1103 0
T 54682 108.0 0.8240 1 0.1103 0
T 54690 108.0 0.8240 1 0.1103 0
T 54698 108.0 0.8242 1 0.1517 0
T 54705 108.0 0.8242 1 0.1517 0
T 54712 108.0 0.8242 1 0.1517 0
T 54720 108.0 0.8242 1 0.1913 0
T 54728 108.0 0.8242 1 0.1913 0
T 54735 108.0 0.8242 1 0.1913 0
T 54742 108.0 0.8243 1 0.2310 0
T 54750 108.0 0.8243 1 0.2310 0
T 54758 108.0 0.8243 1 0.2310 0
T 54765 108.0 0.8243 1 0.2724 0
T 54772 108.0 0.8243 1 0.2724 0
T 54780 108.0 0.8243 1 0.2724 0
T 54788 108.0 0.8244 1 0.2457 0
T 54795 108.0 0.8244 1 0.2457 0
T 54802 108.0 0.8244 1 0.2457 0
T 54810 108.0 0.8245 1 0.2853 0
T 54818 108.0 0.8245 1 0.2853 0
T 54825 108.0 0.8245 1 0.2853 0
T 54832 108.0 0.8243 1 0.3249 0
T 54840 108.0 0.8243 1 0.3249 0
T 54848 108.0 0.8243 1 0.3249 0
T 54855 108.0 0.8238 1 0.3662 0
T 54862 108.0 0.8238 1 0.3662 0
T 54870 108.0 0.8238 1 0.3662 0
T 54878 108.0 0.8231 1 0.4076 0
T 54885 108.0 0.8231 1 0.4076 0
T 54892 108.0 0.8231 1 0.4076 0
T 54900 108.0 0.8226 1 0.3472 0
T 54908 108.0 0.8226 1 0.3472 0
T 54915 108.0 0.8226 1 0.3472 0
T 54922 108.0 0.8220 1 0.3868 0
T 54930 108.0 0.8220 1 0.3868 0
T 54938 108.0 0.8220 1 0.3868 0
T 54945 108.0 0.8219 1 0.4282 0
T 54952 108.0 0.8219 1 0.4282 0
T 54960 108.0 0.8219 1 0.4282 0
T 54968 108.0 0.8215 1 0.4695 0
T 54975 108.0 0.8215 1 0.4695 0
T 54982 108.0 0.8215 1 0.4695 0
T 54990 108.0 0.8211 1 0.4091 0
T 54998 108.0 0.8211 1 0.4091 0
T 55005 108.0 0.8211 1 0.4091 0
T 55012 108.0 0.8208 1 0.4486 0
T 55020 108.0 0.8208 1 0.4486 0
T 55028 108.0 0.8208 1 0.4486 0
T 55035 108.0 0.8205 1 0.4900 0
T 55042 108.0 0.8205 1 0.4900 0
T 55050 108.0 0.8205 1 0.4900 0
T 55058 108.0 0.8201 1 0.5313 0
T 55065 108.0 0.8201 1 0.5313 0
T 55072 108.0 0.8201 1 0.5313 0
T 55080 108.0 0.8203 1 0.5709 0
T 55088 108.0 0.8203 1 0.5709 0
T 55095 108.0 0.8203 1 0.5709 0
T 55102 108.0 0.8209 1 0.6105 0
T 55110 108.0 0.8209 1 0.6105 0
T 55118 108.0 0.8209 1 0.6105 0
T 55125 108.0 0.8214 1 0.6518 0
T 55132 108.0 0.8214 1 0.6518 0
T 55140 108.0 0.8214 1 0.6518 0
T 55148 108.0 0.8218 1 0.6932 0
T 55155 108.0 0.8218 1 0.6932 0
T 55162 108.0 0.8218 1 0.6932 0
T 55170 108.0 0.8223 1 0.7328 0
T 55178 108.0 0.8223 1 0.7328 0
T 55185 108.0 0.8223 1 0.7328 0
T 55192 108.0 0.8218 1 0.7723 0
T 55200 108.0 0.8218 1 0.7723 0
T 55208 108.0 0.8218 1 0.7723 0
T 55215 108.0 0.8212 1 0.8706 0
T 55222 108.0 0.8212 1 0.8706 0
T 55230 108.0 0.8212 1 0.8706 0
T 55238 108.0 0.8206 1 0.9120 0
T 55245 108.0 0.8206 1 0.9120 0
T 55252 108.0 0.8206 1 0.9120 0
T 55260 108.0 0.8202 1 0.9516 0
T 55268 108.0 0.8202 1 0.9516 0
T 55275 108.0 0.8202 1 0.9516 0
T 55282 108.0 0.8197 1 0.9912 0
T 55290 108.0 0.8197 1 0.9912 0
T 55298 108.0 0.8197 1 0.9912 0
T 55305 108.0 0.8196 1 0.0326 1
T 55312 108.0 0.8196 1 0.0326 0
T 55320 108.0 0.8196 1 0.0326 0
T 55328 108.0 0.8194 1 0.0659 0
T 55335 108.0 0.8194 1 0.0659 0
T 55342 108.0 0.8194 1 0.0659 0
T 55350 108.0 0.8193 1 0.1055 0
T 55358 108.0 0.8193 1 0.1055 0
T 55365 108.0 0.8193 1 0.1055 0
T 55372 108.0 0.8194 1 0.1451 0
T 55380 108.0 0.8194 1 0.1451 0
T 55388 108.0 0.8194 1 0.1451 0
T 55395 108.0 0.8197 1 0.1864 0
T 55402 108.0 0.8197 1 0.1864 0
T 55410 108.0 0.8197 1 0.1864 0
T 55418 108.0 0.8198 1 0.2278 0
T 55425 108.0 0.8198 1 0.2278 0
T 55432 108.0 0.8198 1 0.2278 0
T 55440 108.0 0.8198 1 0.2105 0
T 55448 108.0 0.8198 1 0.2105 0
T 55455 108.0 0.8198 1 0.2105 0
T 55462 108.0 0.8198 1 0.2501 0
T 55470 108.0 0.8198 1 0.2501 0
T 55478 108.0 0.8198 1 0.2501 0
T 55485 108.0 0.8199 1 0.2914 0
T 55492 108.0 0.8199 1 0.2914 0
T 55500 108.0 0.8199 1 0.2914 0
T 55508 108.0 0.8199 1 0.3328 0
T 55515 108.0 0.8199 1 0.3328 0
T 55522 108.0 0.8199 1 0.3328 0
T 55530 108.0 0.8204 1 0.3724 0
T 55538 108.0 0.8204 1 0.3724 0
T 55545 108.0 0.8204 1 0.3724 0
T 55552 108.0 0.8208 1 0.4120 0
T 55560 108.0 0.8208 1 0.4120 0
T 55568 108.0 0.8208 1 0.4120 0
T 55575 108.0 0.8212 1 0.4534 0
T 55582 108.0 0.8212 1 0.4534 0
T 55590 108.0 0.8212 1 0.4534 0
T 55598 108.0 0.8215 1 0.4948 0
T 55605 108.0 0.8215 1 0.4948 0
T 55612 108.0 0.8215 1 0.4948 0
T 55620 108.0 0.8218 1 0.5344 0
T 55628 108.0 0.8218 1 0.5344 0
T 55635 108.0 0.8218 1 0.5344 0
T 55642 108.0 0.8217 1 0.5740 0
T 55650 108.0 0.8217 1 0.5740 0
T 55658 108.0 0.8217 1 0.5740 0
T 55665 108.0 0.8217 1 0.7154 0
T 55672 108.0 0.8217 1 0.7154 0
T 55680 108.0 0.8217 1 0.7154 0
T 55688 108.0 0.8217 1 0.7568 0
T 55695 108.0 0.8217 1 0.7568 0
T 55702 108.0 0.8217 1 0.7568 0
T 55710 108.0 0.8216 1 0.7964 0
T 55718 108.0 0.8216 1 0.7964 0
T 55725 108.0 0.8216 1 0.7964 0
T 55732 108.0 0.8214 1 0.8360 0
T 55740 108.0 0.8214 1 0.8360 0
T 55748 108.0 0.8214 1 0.8360 0
T 55755 108.0 0.8211 1 0.8774 0
T 55762 108.0 0.8211 1 0.8774 0
T 55770 108.0 0.8211 1 0.8774 0
T 55778 108.0 0.8210 1 0.9495 0
T 55785 108.0 0.8210 1 0.9495 0
T 55792 108.0 0.8210 1 0.9495 0
T 55800 108.0 0.8209 1 0.9891 0
T 55808 108.0 0.8209 1 0.9891 0
T 55815 108.0 0.8209 1 0.9891 0
T 55822 108.0 0.8210 1 0.0287 1
T 55830 108.0 0.8210 1 0.0287 0
T 55838 108.0 0.8210 1 0.0287 0
T 55845 108.0 0.8214 1 0.0702 0
T 55852 108.0 0.8214 1 0.0702 0
T 55860 108.0 0.8214 1 0.0702 0
T 55868 108.0 0.8214 1 0.1116 0
T 55875 108.0 0.8214 1 0.1116 0
T 55882 108.0 0.8214 1 0.1116 0
T 55890 108.0 0.8214 1 0.1233 0
T 55898 108.0 0.8214 1 0.1233 0
T 55905 108.0 0.8214 1 0.1233 0
T 55912 108.0 0.8215 1 0.1629 0
T 55920 108.0 0.8215 1 0.1629 0
T 55928 108.0 0.8215 1 0.1629 0
T 55935 108.0 0.8214 1 0.2043 0
T 55942 108.0 0.8214 1 0.2043 0
T 55950 108.0 0.8214 1 0.2043 0
T 55958 108.0 0.8212 1 0.2457 0
T 55965 108.0 0.8212 1 0.2457 0
T 55972 108.0 0.8212 1 0.2457 0
T 55980 108.0 0.8216 1 0.2853 0
T 55988 108.0 0.8216 1 0.2853 0
T 55995 108.0 0.8216 1 0.2853 0
T 56002 108.0 0.8218 1 0.2536 0
T 56010 108.0 0.8218 1 0.2536 0
T 56018 108.0 0.8218 1 0.2536 0
T 56025 108.0 0.8220 1 0.2950 0
T 56032 108.0 0.8220 1 0.2950 0
T 56040 108.0 0.8220 1 0.2950 0
T 56048 108.0 0.8221 1 0.3364 0
T 56055 108.0 0.8221 1 0.3364 0
T 56062 108.0 0.8221 1 0.3364 0
T 56070 108.0 0.8223 1 0.3759 0
T 56078 108.0 0.8223 1 0.3759 0
T 56085 108.0 0.8223 1 0.3759 0
T 56092 108.0 0.8222 1 0.4155 0
T 56100 108.0 0.8222 1 0.4155 0
T 56108 108.0 0.8222 1 0.4155 0
T 56115 108.0 0.8222 1 0.3569 0
T 56122 108.0 0.8222 1 0.3569 0
T 56130 108.0 0.8222 1 0.3569 0
T 56138 108.0 0.8221 1 0.3983 0
T 56145 108.0 0.8221 1 0.3983 0
T 56152 108.0 0.8221 1 0.3983 0
T 56160 108.0 0.8221 1 0.4378 0
T 56168 108.0 0.8221 1 0.4378 0
T 56175 108.0 0.8221 1 0.4378 0
T 56182 108.0 0.8221 1 0.4774 0
T 56190 108.0 0.8221 1 0.4774 0
T 56198 108.0 0.8221 1 0.4774 0
T 56205 108.0 0.8221 1 0.5188 0
T 56212 108.0 0.8221 1 0.5188 0
T 56220 108.0 0.8221 1 0.5188 0
T 56228 108.0 0.8222 1 0.6602 0
T 56235 108.0 0.8222 1 0.6602 0
T 56242 108.0 0.8222 1 0.6602 0
T 56250 108.0 0.8223 1 0.6998 0
T 56258 108.0 0.8223 1 0.6998 0
T 56265 108.0 0.8223 1 0.6998 0
T 56272 108.0 0.8225 1 0.7394 0
T 56280 108.0 0.8225 1 0.7394 0
T 56288 108.0 0.8225 1 0.7394 0
T 56295 108.0 0.8228 1 0.7808 0
T 56302 108.0 0.8228 1 0.7808 0
T 56310 108.0 0.8228 1 0.7808 0
T 56318 108.0 0.8227 1 0.8222 0
T 56325 108.0 0.8227 1 0.8222 0
T 56332 108.0 0.8227 1 0.8222 0
T 56340 108.0 0.8228 1 0.9062 0
T 56348 108.0 0.8228 1 0.9062 0
T 56355 108.0 0.8228 1 0.9062 0
T 56362 108.0 0.8227 1 0.9459 0
T 56370 108.0 0.8227 1 0.9459 0
T 56378 108.0 0.8227 1 0.9459 0
T 56385 108.0 0.8228 1 0.9873 0
T 56392 108.0 0.8228 1 0.9873 0
T 56400 108.0 0.8228 1 0.9873 0
T 56408 108.0 0.8227 1 0.0287 1
T 56415 108.0 0.8227 1 0.0287 0
T 56422 108.0 0.8227 1 0.0287 0
T 56430 108.0 0.8230 1 0.0683 0
T 56438 108.0 0.8230 1 0.0683 0
T 56445 108.0 0.8230 1 0.0683 0
T 56452 108.0 0.8233 1 0.0908 0
T 56460 108.0 0.8233 1 0.0908 0
T 56468 108.0 0.8233 1 0.0908 0
T 56475 108.0 0.8235 1 0.1323 0
T 56482 108.0 0.8235 1 0.1323 0
T 56490 108.0 0.8235 1 0.1323 0
T 56498 108.0 0.8235 1 0.1737 0
T 56505 108.0 0.8235 1 0.1737 0
T 56512 108.0 0.8235 1 0.1737 0
T 56520 108.0 0.8235 1 0.2133 0
T 56528 108.0 0.8235 1 0.2133 0
T 56535 108.0 0.8235 1 0.2133 0
T 56542 108.0 0.8235 1 0.2529 0
T 56550 108.0 0.8235 1 0.2529 0
T 56558 108.0 0.8235 1 0.2529 0
T 56565 108.0 0.8235 1 0.2311 0
T 56572 108.0 0.8235 1 0.2311 0
T 56580 108.0 0.8235 1 0.2311 0
T 56588 108.0 0.8236 1 0.2724 0
T 56595 108.0 0.8236 1 0.2724 0
T 56602 108.0 0.8236 1 0.2724 0
T 56610 108.0 0.8234 1 0.3120 0
T 56618 108.0 0.8234 1 0.3120 0
T 56625 108.0 0.8234 1 0.3120 0
T 56632 108.0 0.8228 1 0.3516 0
T 56640 108.0 0.8228 1 0.3516 0
T 56648 108.0 0.8228 1 0.3516 0
T 56655 108.0 0.8219 1 0.3930 0
T 56662 108.0 0.8219 1 0.3930 0
T 56670 108.0 0.8219 1 0.3930 0
T 56678 108.0 0.8211 1 0.3361 0
T 56685 108.0 0.8211 1 0.3361 0
T 56692 108.0 0.8211 1 0.3361 0
T 56700 108.0 0.8203 1 0.3757 0
T 56708 108.0 0.8203 1 0.3757 0
T 56715 108.0 0.8203 1 0.3757 0
T 56722 108.0 0.8200 1 0.4153 0
T 56730 108.0 0.8200 1 0.4153 0
T 56738 108.0 0.8200 1 0.4153 0
T 56745 108.0 0.8202 1 0.4566 0
T 56752 108.0 0.8202 1 0.4566 0
T 56760 108.0 0.8202 1 0.4566 0
T 56768 108.0 0.8204 1 0.3980 0
T 56775 108.0 0.8204 1 0.3980 0
T 56782 108.0 0.8204 1 0.3980 0
T 56790 108.0 0.8206 1 0.4376 0
T 56798 108.0 0.8206 1 0.4376 0
T 56805 108.0 0.8206 1 0.4376 0
T 56812 108.0 0.8208 1 0.4771 0
T 56820 108.0 0.8208 1 0.4771 0
T 56828 108.0 0.8208 1 0.4771 0
T 56835 108.0 0.8209 1 0.5185 0
T 56842 108.0 0.8209 1 0.5185 0
T 56850 108.0 0.8209 1 0.5185 0
T 56858 108.0 0.8212 1 0.5598 0
T 56865 108.0 0.8212 1 0.5598 0
T 56872 108.0 0.8212 1 0.5598 0
T 56880 108.0 0.8218 1 0.5994 0
T 56888 108.0 0.8218 1 0.5994 0
T 56895 108.0 0.8218 1 0.5994 0
T 56902 108.0 0.8223 1 0.6390 0
T 56910 108.0 0.8223 1 0.6390 0
T 56918 108.0 0.8223 1 0.6390 0
T 56925 108.0 0.8227 1 0.6803 0
T 56932 108.0 0.8227 1 0.6803 0
T 56940 108.0 0.8227 1 0.6803 0
T 56948 108.0 0.8231 1 0.7217 0
T 56955 108.0 0.8231 1 0.7217 0
T 56962 108.0 0.8231 1 0.7217 0
T 56970 108.0 0.8227 1 0.7613 0
T 56978 108.0 0.8227 1 0.7613 0
T 56985 108.0 0.8227 1 0.7613 0
T 56992 108.0 0.8223 1 0.8605 0
T 57000 108.0 0.8223 1 0.8605 0
T 57008 108.0 0.8223 1 0.8605 0
T 57015 108.0 0.8219 1 0.9019 0
T 57022 108.0 0.8219 1 0.9019 0
T 57030 108.0 0.8219 1 0.9019 0
T 57038 108.0 0.8215 1 0.9433 0
T 57045 108.0 0.8215 1 0.9433 0
T 57052 108.0 0.8215 1 0.9433 0
T 57060 108.0 0.8211 1 0.9829 0
T 57068 108.0 0.8211 1 0.9829 0
T 57075 108.0 0.8211 1 0.9829 0
T 57082 108.0 0.8209 1 0.0225 1
T 57090 108.0 0.8209 1 0.0225 0
T 57098 108.0 0.8209 1 0.0225 0
T 57105 108.0 0.8207 1 0.0583 0
T 57112 108.0 0.8207 1 0.0583 0
T 57120 108.0 0.8207 1 0.0583 0
T 57128 108.0 0.8205 1 0.0997 0
T 57135 108.0 0.8205 1 0.0997 0
T 57142 108.0 0.8205 1 0.0997 0
T 57150 108.0 0.8205 1 0.1393 0
T 57158 108.0 0.8205 1 0.1393 0
T 57165 108.0 0.8205 1 0.1393 0
T 57172 108.0 0.8207 1 0.1789 0
T 57180 108.0 0.8207 1 0.1789 0
T 57188 108.0 0.8207 1 0.1789 0
T 57195 108.0 0.8209 1 0.2203 0
T 57202 108.0 0.8209 1 0.2203 0
T 57210 108.0 0.8209 1 0.2203 0
T 57218 108.0 0.8210 1 0.2066 0
T 57225 108.0 0.8210 1 0.2066 0
T 57232 108.0 0.8210 1 0.2066 0
T 57240 108.0 0.8211 1 0.2462 0
T 57248 108.0 0.8211 1 0.2462 0
T 57255 108.0 0.8211 1 0.2462 0
T 57262 108.0 0.8213 1 0.2858 0
T 57270 108.0 0.8213 1 0.2858 0
T 57278 108.0 0.8213 1 0.2858 0
T 57285 108.0 0.8213 1 0.3272 0
T 57292 108.0 0.8213 1 0.3272 0
T 57300 108.0 0.8213 1 0.3272 0
T 57308 108.0 0.8219 1 0.3685 0
T 57315 108.0 0.8219 1 0.3685 0
T 57322 108.0 0.8219 1 0.3685 0
T 57330 108.0 0.8223 1 0.4081 0
T 57338 108.0 0.8223 1 0.4081 0
T 57345 108.0 0.8223 1 0.4081 0
T 57352 108.0 0.8227 1 0.4477 0
T 57360 108.0 0.8227 1 0.4477 0
T 57368 108.0 0.8227 1 0.4477 0
T 57375 108.0 0.8230 1 0.4891 0
T 57382 108.0 0.8230 1 0.4891 0
T 57390 108.0 0.8230 1 0.4891 0
T 57398 108.0 0.8234 1 0.5305 0
T 57405 108.0 0.8234 1 0.5305 0
T 57412 108.0 0.8234 1 0.5305 0
T 57420 108.0 0.8232 1 0.5701 0
T 57428 108.0 0.8232 1 0.5701 0
T 57435 108.0 0.8232 1 0.5701 0
T 57442 108.0 0.8232 1 0.7097 0
T 57450 108.0 0.8232 1 0.7097 0
T 57458 108.0 0.8232 1 0.7097 0
T 57465 108.0 0.8231 1 0.7511 0
T 57472 108.0 0.8231 1 0.7511 0
T 57480 108.0 0.8231 1 0.7511 0
T 57488 108.0 0.8229 1 0.7925 0
T 57495 108.0 0.8229 1 0.7925 0
T 57502 108.0 0.8229 1 0.7925 0
T 57510 108.0 0.8226 1 0.8322 0
T 57518 108.0 0.8226 1 0.8322 0
T 57525 108.0 0.8226 1 0.8322 0
T 57532 108.0 0.8224 1 0.8718 0
T 57540 108.0 0.8224 1 0.8718 0
T 57548 108.0 0.8224 1 0.8718 0
T 57555 108.0 0.8222 1 0.9452 0
T 57562 108.0 0.8222 1 0.9452 0
T 57570 108.0 0.8222 1 0.9452 0
T 57578 108.0 0.8220 1 0.9867 0
T 57585 108.0 0.8220 1 0.9867 0
T 57592 108.0 0.8220 1 0.9867 0
T 57600 108.0 0.8221 1 0.0263 1
T 57608 108.0 0.8221 1 0.0263 0
T 57615 108.0 0.8221 1 0.0263 0
T 57622 108.0 0.8224 1 0.0659 0
T 57630 108.0 0.8224 1 0.0659 0
T 57638 108.0 0.8224 1 0.0659 0
T 57645 108.0 0.8224 1 0.1073 0
T 57652 108.0 0.8224 1 0.1073 0
T 57660 108.0 0.8224 1 0.1073 0
T 57668 108.0 0.8224 1 0.1219 0
T 57675 108.0 0.8224 1 0.1219 0
T 57682 108.0 0.8224 1 0.1219 0
T 57690 108.0 0.8224 1 0.1615 0
T 57698 108.0 0.8224 1 0.1615 0
T 57705 108.0 0.8224 1 0.1615 0
T 57712 108.0 0.8224 1 0.2011 0
T 57720 108.0 0.8224 1 0.2011 0
T 57728 108.0 0.8224 1 0.2011 0
T 57735 108.0 0.8222 1 0.2425 0
T 57742 108.0 0.8222 1 0.2425 0
T 57750 108.0 0.8222 1 0.2425 0
T 57758 108.0 0.8227 1 0.2839 0
T 57765 108.0 0.8227 1 0.2839 0
T 57772 108.0 0.8227 1 0.2839 0
T 57780 108.0 0.8230 1 0.2526 0
T 57788 108.0 0.8230 1 0.2526 0
T 57795 108.0 0.8230 1 0.2526 0
T 57802 108.0 0.8233 1 0.2921 0
T 57810 108.0 0.8233 1 0.2921 0
T 57818 108.0 0.8233 1 0.2921 0
T 57825 108.0 0.8235 1 0.3335 0
T 57832 108.0 0.8235 1 0.3335 0
T 57840 108.0 0.8235 1 0.3335 0
T 57848 108.0 0.8237 1 0.3749 0
T 57855 108.0 0.8237 1 0.3749 0
T 57862 108.0 0.8237 1 0.3749 0
T 57870 108.0 0.8236 1 0.4145 0
T 57878 108.0 0.8236 1 0.4145 0
T 57885 108.0 0.8236 1 0.4145 0
T 57892 108.0 0.8235 1 0.3541 0
T 57900 108.0 0.8235 1 0.3541 0
T 57908 108.0 0.8235 1 0.3541 0
T 57915 108.0 0.8235 1 0.3954 0
T 57922 108.0 0.8235 1 0.3954 0
T 57930 108.0 0.8235 1 0.3954 0
T 57938 108.0 0.8234 1 0.4368 0
T 57945 108.0 0.8234 1 0.4368 0
T 57952 108.0 0.8234 1 0.4368 0
T 57960 108.0 0.8234 1 0.4764 0
T 57968 108.0 0.8234 1 0.4764 0
T 57975 108.0 0.8234 1 0.4764 0
T 57982 108.0 0.8233 1 0.5159 0
T 57990 108.0 0.8233 1 0.5159 0
T 57998 108.0 0.8233 1 0.5159 0
T 58005 108.0 0.8233 1 0.6573 0
T 58012 108.0 0.8233 1 0.6573 0
T 58020 108.0 0.8233 1 0.6573 0
T 58028 108.0 0.8233 1 0.6987 0
T 58035 108.0 0.8233 1 0.6987 0
T 58042 108.0 0.8233 1 0.6987 0
T 58050 108.0 0.8234 1 0.7383 0
T 58058 108.0 0.8234 1 0.7383 0
T 58065 108.0 0.8234 1 0.7383 0
T 58072 108.0 0.8235 1 0.7780 0
T 58080 108.0 0.8235 1 0.7780 0
T 58088 108.0 0.8235 1 0.7780 0
T 58095 108.0 0.8234 1 0.8194 0
T 58102 108.0 0.8234 1 0.8194 0
T 58110 108.0 0.8234 1 0.8194 0
T 58118 108.0 0.8235 1 0.9059 0
T 58125 108.0 0.8235 1 0.9059 0
T 58132 108.0 0.8235 1 0.9059 0
T 58140 108.0 0.8235 1 0.9455 0
T 58148 108.0 0.8235 1 0.9455 0
T 58155 108.0 0.8235 1 0.9455 0
T 58162 108.0 0.8235 1 0.9852 0
T 58170 108.0 0.8235 1 0.9852 0
T 58178 108.0 0.8235 1 0.9852 0
T 58185 108.0 0.8235 1 0.0266 1
T 58192 108.0 0.8235 1 0.0266 0
T 58200 108.0 0.8235 1 0.0266 0
T 58208 108.0 0.8239 1 0.0680 0
T 58215 108.0 0.8239 1 0.0680 0
T 58222 108.0 0.8239 1 0.0680 0
T 58230 108.0 0.8241 1 0.0906 0
T 58238 108.0 0.8241 1 0.0906 0
T 58245 108.0 0.8241 1 0.0906 0
T 58252 108.0 0.8244 1 0.1302 0
T 58260 108.0 0.8244 1 0.1302 0
T 58268 108.0 0.8244 1 0.1302 0
T 58275 108.0 0.8244 1 0.1716 0
T 58282 108.0 0.8244 1 0.1716 0
T 58290 108.0 0.8244 1 0.1716 0
T 58298 108.0 0.8244 1 0.2130 0
T 58305 108.0 0.8244 1 0.2130 0
T 58312 108.0 0.8244 1 0.2130 0
T 58320 108.0 0.8244 1 0.2526 0
T 58328 108.0 0.8244 1 0.2526 0
T 58335 108.0 0.8244 1 0.2526 0
T 58342 108.0 0.8245 1 0.2291 0
T 58350 108.0 0.8245 1 0.2291 0
T 58358 108.0 0.8245 1 0.2291 0
T 58365 108.0 0.8245 1 0.2705 0
T 58372 108.0 0.8245 1 0.2705 0
T 58380 108.0 0.8245 1 0.2705 0
T 58388 108.0 0.8244 1 0.3119 0
T 58395 108.0 0.8244 1 0.3119 0
T 58402 108.0 0.8244 1 0.3119 0
T 58410 108.0 0.8242 1 0.3514 0
T 58418 108.0 0.8242 1 0.3514 0
T 58425 108.0 0.8242 1 0.3514 0
T 58432 108.0 0.8238 1 0.3910 0
T 58440 108.0 0.8238 1 0.3910 0
T 58448 108.0 0.8238 1 0.3910 0
T 58455 108.0 0.8235 1 0.3347 0
T 58462 108.0 0.8235 1 0.3347 0
T 58470 108.0 0.8235 1 0.3347 0
T 58478 108.0 0.8232 1 0.3760 0
T 58485 108.0 0.8232 1 0.3760 0
T 58492 108.0 0.8232 1 0.3760 0
T 58500 108.0 0.8232 1 0.4156 0
T 58508 108.0 0.8232 1 0.4156 0
T 58515 108.0 0.8232 1 0.4156 0
T 58522 108.0 0.8231 1 0.4552 0
T 58530 108.0 0.8231 1 0.4552 0
T 58538 108.0 0.8231 1 0.4552 0
T 58545 108.0 0.8229 1 0.3965 0
T 58552 108.0 0.8229 1 0.3965 0
T 58560 108.0 0.8229 1 0.3965 0
T 58568 108.0 0.8229 1 0.4379 0
T 58575 108.0 0.8229 1 0.4379 0
T 58582 108.0 0.8229 1 0.4379 0
T 58590 108.0 0.8228 1 0.4774 0
T 58598 108.0 0.8228 1 0.4774 0
T 58605 108.0 0.8228 1 0.4774 0
T 58612 108.0 0.8227 1 0.5170 0
T 58620 108.0 0.8227 1 0.5170 0
T 58628 108.0 0.8227 1 0.5170 0
T 58635 108.0 0.8229 1 0.5583 0
T 58642 108.0 0.8229 1 0.5583 0
T 58650 108.0 0.8229 1 0.5583 0
T 58658 108.0 0.8234 1 0.5997 0
T 58665 108.0 0.8234 1 0.5997 0
T 58672 108.0 0.8234 1 0.5997 0
T 58680 108.0 0.8238 1 0.6393 0
T 58688 108.0 0.8238 1 0.6393 0
T 58695 108.0 0.8238 1 0.6393 0
T 58702 108.0 0.8242 1 0.6788 0
T 58710 108.0 0.8242 1 0.6788 0
T 58718 108.0 0.8242 1 0.6788 0
T 58725 108.0 0.8245 1 0.7202 0
T 58732 108.0 0.8245 1 0.7202 0
T 58740 108.0 0.8245 1 0.7202 0
T 58748 108.0 0.8242 1 0.7616 0
T 58755 108.0 0.8242 1 0.7616 0
T 58762 108.0 0.8242 1 0.7616 0
T 58770 108.0 0.8238 1 0.8608 0
T 58778 108.0 0.8238 1 0.8608 0
T 58785 108.0 0.8238 1 0.8608 0
T 58792 108.0 0.8235 1 0.9004 0
T 58800 108.0 0.8235 1 0.9004 0
T 58808 108.0 0.8235 1 0.9004 0
T 58815 108.0 0.8232 1 0.9418 0
T 58822 108.0 0.8232 1 0.9418 0
T 58830 108.0 0.8232 1 0.9418 0
T 58838 108.0 0.8227 1 0.9832 0
T 58845 108.0 0.8227 1 0.9832 0
T 58852 108.0 0.8227 1 0.9832 0
T 58860 108.0 0.8226 1 0.0228 1
T 58868 108.0 0.8226 1 0.0228 0
T 58875 108.0 0.8226 1 0.0228 0
T 58882 108.0 0.8225 1 0.0567 0
T 58890 108.0 0.8225 1 0.0567 0
T 58898 108.0 0.8225 1 0.0567 0
T 58905 108.0 0.8224 1 0.0981 0
T 58912 108.0 0.8224 1 0.0981 0
T 58920 108.0 0.8224 1 0.0981 0
T 58928 108.0 0.8224 1 0.1395 0
T 58935 108.0 0.8224 1 0.1395 0
T 58942 108.0 0.8224 1 0.1395 0
T 58950 108.0 0.8226 1 0.1791 0
T 58958 108.0 0.8226 1 0.1791 0
T 58965 108.0 0.8226 1 0.1791 0
T 58972 108.0 0.8228 1 0.2187 0
T 58980 108.0 0.8228 1 0.2187 0
T 58988 108.0 0.8228 1 0.2187 0
T 58995 108.0 0.8228 1 0.2054 0
T 59002 108.0 0.8228 1 0.2054 0
T 59010 108.0 0.8228 1 0.2054 0
T 59018 108.0 0.8229 1 0.2468 0
T 59025 108.0 0.8229 1 0.2468 0
T 59032 108.0 0.8229 1 0.2468 0
T 59040 108.0 0.8230 1 0.2864 0
T 59048 108.0 0.8230 1 0.2864 0
T 59055 108.0 0.8230 1 0.2864 0
T 59062 108.0 0.8230 1 0.3259 0
T 59070 108.0 0.8230 1 0.3259 0
T 59078 108.0 0.8230 1 0.3259 0
T 59085 108.0 0.8235 1 0.3673 0
T 59092 108.0 0.8235 1 0.3673 0
T 59100 108.0 0.8235 1 0.3673 0
T 59108 108.0 0.8240 1 0.4087 0
T 59115 108.0 0.8240 1 0.4087 0
T 59122 108.0 0.8240 1 0.4087 0
T 59130 108.0 0.8244 1 0.4483 0
T 59138 108.0 0.8244 1 0.4483 0
T 59145 108.0 0.8244 1 0.4483 0
T 59152 108.0 0.8248 1 0.4879 0
T 59160 108.0 0.8248 1 0.4879 0
T 59168 108.0 0.8248 1 0.4879 0
T 59175 108.0 0.8251 1 0.5293 0
T 59182 108.0 0.8251 1 0.5293 0
T 59190 108.0 0.8251 1 0.5293 0
T 59198 108.0 0.8250 1 0.5707 0
T 59205 108.0 0.8250 1 0.5707 0
T 59212 108.0 0.8250 1 0.5707 0
T 59220 108.0 0.8249 1 0.7103 0
T 59228 108.0 0.8249 1 0.7103 0
T 59235 108.0 0.8249 1 0.7103 0
T 59242 108.0 0.8249 1 0.7499 0
T 59250 108.0 0.8249 1 0.7499 0
T 59258 108.0 0.8249 1 0.7499 0
T 59265 108.0 0.8248 1 0.7913 0
T 59272 108.0 0.8248 1 0.7913 0
T 59280 108.0 0.8248 1 0.7913 0
T 59288 108.0 0.8247 1 0.8327 0
T 59295 108.0 0.8247 1 0.8327 0
T 59302 108.0 0.8247 1 0.8327 0
T 59310 108.0 0.8245 1 0.8724 0
T 59318 108.0 0.8245 1 0.8724 0
T 59325 108.0 0.8245 1 0.8724 0
T 59332 108.0 0.8244 1 0.9439 0
T 59340 108.0 0.8244 1 0.9439 0
T 59348 108.0 0.8244 1 0.9439 0
T 59355 108.0 0.8243 1 0.9853 0
T 59362 108.0 0.8243 1 0.9853 0
T 59370 108.0 0.8243 1 0.9853 0
T 59378 108.0 0.8244 1 0.0267 1
T 59385 108.0 0.8244 1 0.0267 0
T 59392 108.0 0.8244 1 0.0267 0
T 59400 108.0 0.8247 1 0.0664 0
T 59408 108.0 0.8247 1 0.0664 0
T 59415 108.0 0.8247 1 0.0664 0
T 59422 108.0 0.8246 1 0.1060 0
T 59430 108.0 0.8246 1 0.1060 0
T 59438 108.0 0.8246 1 0.1060 0
T 59445 108.0 0.8246 1 0.1209 0
T 59452 108.0 0.8246 1 0.1209 0
T 59460 108.0 0.8246 1 0.1209 0
T 59468 108.0 0.8246 1 0.1623 0
T 59475 108.0 0.8246 1 0.1623 0
T 59482 108.0 0.8246 1 0.1623 0
T 59490 108.0 0.8246 1 0.2019 0
T 59498 108.0 0.8246 1 0.2019 0
T 59505 108.0 0.8246 1 0.2019 0
T 59512 108.0 0.8244 1 0.2415 0
T 59520 108.0 0.8244 1 0.2415 0
T 59528 108.0 0.8244 1 0.2415 0
T 59535 108.0 0.8248 1 0.2829 0
T 59542 108.0 0.8248 1 0.2829 0
T 59550 108.0 0.8248 1 0.2829 0
T 59558 108.0 0.8252 1 0.2536 0
T 59565 108.0 0.8252 1 0.2536 0
T 59572 108.0 0.8252 1 0.2536 0
T 59580 108.0 0.8255 1 0.2932 0
T 59588 108.0 0.8255 1 0.2932 0
T 59595 108.0 0.8255 1 0.2932 0
T 59602 108.0 0.8257 1 0.3328 0
T 59610 108.0 0.8257 1 0.3328 0
T 59618 108.0 0.8257 1 0.3328 0
T 59625 108.0 0.8260 1 0.3741 0
T 59632 108.0 0.8260 1 0.3741 0
T 59640 108.0 0.8260 1 0.3741 0
T 59648 108.0 0.8260 1 0.4155 0
T 59655 108.0 0.8260 1 0.4155 0
T 59662 108.0 0.8260 1 0.4155 0
T 59670 108.0 0.8261 1 0.3551 0
T 59678 108.0 0.8261 1 0.3551 0
T 59685 108.0 0.8261 1 0.3551 0
T 59692 108.0 0.8261 1 0.3947 0
T 59700 108.0 0.8261 1 0.3947 0
T 59708 108.0 0.8261 1 0.3947 0
T 59715 108.0 0.8261 1 0.4360 0
T 59722 108.0 0.8261 1 0.4360 0
T 59730 108.0 0.8261 1 0.4360 0
T 59738 108.0 0.8261 1 0.4774 0
T 59745 108.0 0.8261 1 0.4774 0
T 59752 108.0 0.8261 1 0.4774 0
T 59760 108.0 0.8259 1 0.5170 0
T 59768 108.0 0.8259 1 0.5170 0
T 59775 108.0 0.8259 1 0.5170 0
T 59782 108.0 0.8259 1 0.6566 0
T 59790 108.0 0.8259 1 0.6566 0
T 59798 108.0 0.8259 1 0.6566 0
T 59805 108.0 0.8258 1 0.6980 0
T 59812 108.0 0.8258 1 0.6980 0
T 59820 108.0 0.8258 1 0.6980 0
T 59828 108.0 0.8259 1 0.7394 0
T 59835 108.0 0.8259 1 0.7394 0
T 59842 108.0 0.8259 1 0.7394 0
T 59850 108.0 0.8260 1 0.7790 0
T 59858 108.0 0.8260 1 0.7790 0
T 59865 108.0 0.8260 1 0.7790 0
T 59872 108.0 0.8259 1 0.8186 0
T 59880 108.0 0.8259 1 0.8186 0
T 59888 108.0 0.8259 1 0.8186 0
T 59895 108.0 0.8260 1 0.9054 0
T 59902 108.0 0.8260 1 0.9054 0
T 59910 108.0 0.8260 1 0.9054 0
T 59918 108.0 0.8260 1 0.9468 0
T 59925 108.0 0.8260 1 0.9468 0
T 59932 108.0 0.8260 1 0.9468 0
T 59940 108.0 0.8260 1 0.9864 0
T 59948 108.0 0.8260 1 0.9864 0
T 59955 108.0 0.8260 1 0.9864 0
T 59962 108.0 0.8260 1 0.0260 1
T 59970 108.0 0.8260 1 0.0260 0
T 59978 108.0 0.8260 1 0.0260 0
T 59985 108.0 0.8261 1 0.0674 0
T 59992 108.0 0.8261 1 0.0674 0
T 60000 108.0 0.8261 1 0.0674 0
T 60008 108.0 0.8263 1 0.1088 0
T 60015 108.0 0.8263 1 0.1088 0
T 60022 108.0 0.8263 1 0.1088 0
T 60030 108.0 0.8264 1 0.1484 0
T 60038 108.0 0.8264 1 0.1484 0
T 60045 108.0 0.8264 1 0.1484 0
T 60052 108.0 0.8264 1 0.1881 0
T 60060 108.0 0.8264 1 0.1881 0
T 60068 108.0 0.8264 1 0.1881 0
T 60075 108.0 0.8264 1 0.2295 0
T 60082 108.0 0.8264 1 0.2295 0
T 60090 108.0 0.8264 1 0.2295 0
T 60098 108.0 0.8265 1 0.2709 0
T 60105 108.0 0.8265 1 0.2709 0
T 60112 108.0 0.8265 1 0.2709 0
T 60120 108.0 0.8266 1 0.2428 0
T 60128 108.0 0.8266 1 0.2428 0
T 60135 108.0 0.8266 1 0.2428 0
T 60142 108.0 0.8267 1 0.2824 0
T 60150 108.0 0.8267 1 0.2824 0
T 60158 108.0 0.8267 1 0.2824 0
T 60165 108.0 0.8267 1 0.3237 0
T 60172 108.0 0.8267 1 0.3237 0
T 60180 108.0 0.8267 1 0.3237 0
T 60188 108.0 0.8266 1 0.3651 0
T 60195 108.0 0.8266 1 0.3651 0
T 60202 108.0 0.8266 1 0.3651 0
T 60210 108.0 0.8262 1 0.4047 0
T 60218 108.0 0.8262 1 0.4047 0
T 60225 108.0 0.8262 1 0.4047 0
T 60232 108.0 0.8260 1 0.3443 0
T 60240 108.0 0.8260 1 0.3443 0
T 60248 108.0 0.8260 1 0.3443 0
T 60255 108.0 0.8256 1 0.3857 0
T 60262 108.0 0.8256 1 0.3857 0
T 60270 108.0 0.8256 1 0.3857 0
T 60278 108.0 0.8257 1 0.4270 0
T 60285 108.0 0.8257 1 0.4270 0
T 60292 108.0 0.8257 1 0.4270 0
T 60300 108.0 0.8253 1 0.4666 0
T 60308 108.0 0.8253 1 0.4666 0
T 60315 108.0 0.8253 1 0.4666 0
T 60322 108.0 0.8249 1 0.4062 0
T 60330 108.0 0.8249 1 0.4062 0
T 60338 108.0 0.8249 1 0.4062 0
T 60345 108.0 0.8245 1 0.4475 0
T 60352 108.0 0.8245 1 0.4475 0
T 60360 108.0 0.8245 1 0.4475 0
T 60368 108.0 0.8242 1 0.4889 0
T 60375 108.0 0.8242 1 0.4889 0
T 60382 108.0 0.8242 1 0.4889 0
T 60390 108.0 0.8238 1 0.5284 0
T 60398 108.0 0.8238 1 0.5284 0
T 60405 108.0 0.8238 1 0.5284 0
T 60412 108.0 0.8239 1 0.5680 0
T 60420 108.0 0.8239 1 0.5680 0
T 60428 108.0 0.8239 1 0.5680 0
T 60435 108.0 0.8243 1 0.6093 0
T 60442 108.0 0.8243 1 0.6093 0
T 60450 108.0 0.8243 1 0.6093 0
T 60458 108.0 0.8246 1 0.6507 0
T 60465 108.0 0.8246 1 0.6507 0
T 60472 108.0 0.8246 1 0.6507 0
T 60480 108.0 0.8249 1 0.6903 0
T 60488 108.0 0.8249 1 0.6903 0
T 60495 108.0 0.8249 1 0.6903 0
T 60502 108.0 0.8251 1 0.7299 0
T 60510 108.0 0.8251 1 0.7299 0
T 60518 108.0 0.8251 1 0.7299 0
T 60525 108.0 0.8248 1 0.7712 0
T 60532 108.0 0.8248 1 0.7712 0
T 60540 108.0 0.8248 1 0.7712 0
T 60548 108.0 0.8244 1 0.8698 0
T 60555 108.0 0.8244 1 0.8698 0
T 60562 108.0 0.8244 1 0.8698 0
T 60570 108.0 0.8241 1 0.9094 0
T 60578 108.0 0.8241 1 0.9094 0
T 60585 108.0 0.8241 1 0.9094 0
T 60592 108.0 0.8238 1 0.9490 0
T 60600 108.0 0.8238 1 0.9490 0
T 60608 108.0 0.8238 1 0.9490 0
T 60615 108.0 0.8235 1 0.9904 0
T 60622 108.0 0.8235 1 0.9904 0
T 60630 108.0 0.8235 1 0.9904 0
T 60638 108.0 0.8232 1 0.0318 1
T 60645 108.0 0.8232 1 0.0318 0
T 60652 108.0 0.8232 1 0.0318 0
T 60660 108.0 0.8230 1 0.0634 0
T 60668 108.0 0.8230 1 0.0634 0
T 60675 108.0 0.8230 1 0.0634 0
T 60682 108.0 0.8228 1 0.1030 0
T 60690 108.0 0.8228 1 0.1030 0
T 60698 108.0 0.8228 1 0.1030 0
T 60705 108.0 0.8227 1 0.1444 0
T 60712 108.0 0.8227 1 0.1444 0
T 60720 108.0 0.8227 1 0.1444 0
T 60728 108.0 0.8230 1 0.1858 0
T 60735 108.0 0.8230 1 0.1858 0
T 60742 108.0 0.8230 1 0.1858 0
T 60750 108.0 0.8230 1 0.2254 0
T 60758 108.0 0.8230 1 0.2254 0
T 60765 108.0 0.8230 1 0.2254 0
T 60772 108.0 0.8229 1 0.2087 0
T 60780 108.0 0.8229 1 0.2087 0
T 60788 108.0 0.8229 1 0.2087 0
T 60795 108.0 0.8229 1 0.2500 0
T 60802 108.0 0.8229 1 0.2500 0
T 60810 108.0 0.8229 1 0.2500 0
T 60818 108.0 0.8229 1 0.2914 0
T 60825 108.0 0.8229 1 0.2914 0
T 60832 108.0 0.8229 1 0.2914 0
T 60840 108.0 0.8227 1 0.3310 0
T 60848 108.0 0.8227 1 0.3310 0
T 60855 108.0 0.8227 1 0.3310 0
T 60862 108.0 0.8229 1 0.3706 0
T 60870 108.0 0.8229 1 0.3706 0
T 60878 108.0 0.8229 1 0.3706 0
T 60885 108.0 0.8231 1 0.4120 0
T 60892 108.0 0.8231 1 0.4120 0
T 60900 108.0 0.8231 1 0.4120 0
T 60908 108.0 0.8233 1 0.4534 0
T 60915 108.0 0.8233 1 0.4534 0
T 60922 108.0 0.8233 1 0.4534 0
T 60930 108.0 0.8235 1 0.4930 0
T 60938 108.0 0.8235 1 0.4930 0
T 60945 108.0 0.8235 1 0.4930 0
T 60952 108.0 0.8237 1 0.5326 0
T 60960 108.0 0.8237 1 0.5326 0
T 60968 108.0 0.8237 1 0.5326 0
T 60975 108.0 0.8237 1 0.5739 0
T 60982 108.0 0.8237 1 0.5739 0
T 60990 108.0 0.8237 1 0.5739 0
T 60998 108.0 0.8237 1 0.7153 0
T 61005 108.0 0.8237 1 0.7153 0
T 61012 108.0 0.8237 1 0.7153 0
T 61020 108.0 0.8238 1 0.7550 0
T 61028 108.0 0.8238 1 0.7550 0
T 61035 108.0 0.8238 1 0.7550 0
T 61042 108.0 0.8237 1 0.7946 0
T 61050 108.0 0.8237 1 0.7946 0
T 61058 108.0 0.8237 1 0.7946 0
T 61065 108.0 0.8234 1 0.8360 0
T 61072 108.0 0.8234 1 0.8360 0
T 61080 108.0 0.8234 1 0.8360 0
T 61088 108.0 0.8232 1 0.8774 0
T 61095 108.0 0.8232 1 0.8774 0
T 61102 108.0 0.8232 1 0.8774 0
T 61110 108.0 0.8230 1 0.9477 0
T 61118 108.0 0.8230 1 0.9477 0
T 61125 108.0 0.8230 1 0.9477 0
T 61132 108.0 0.8228 1 0.9873 0
T 61140 108.0 0.8228 1 0.9873 0
T 61148 108.0 0.8228 1 0.9873 0
T 61155 108.0 0.8230 1 0.0287 1
T 61162 108.0 0.8230 1 0.0287 0
T 61170 108.0 0.8230 1 0.0287 0
T 61178 108.0 0.8233 1 0.0701 0
T 61185 108.0 0.8233 1 0.0701 0
T 61192 108.0 0.8233 1 0.0701 0
T 61200 108.0 0.8233 1 0.1098 0
T 61208 108.0 0.8233 1 0.1098 0
T 61215 108.0 0.8233 1 0.1098 0
T 61222 108.0 0.8233 1 0.1219 0
T 61230 108.0 0.8233 1 0.1219 0
T 61238 108.0 0.8233 1 0.1219 0
T 61245 108.0 0.8234 1 0.1633 0
T 61252 108.0 0.8234 1 0.1633 0
T 61260 108.0 0.8234 1 0.1633 0
T 61268 108.0 0.8234 1 0.2047 0
T 61275 108.0 0.8234 1 0.2047 0
T 61282 108.0 0.8234 1 0.2047 0
T 61290 108.0 0.8233 1 0.2444 0
T 61298 108.0 0.8233 1 0.2444 0
T 61305 108.0 0.8233 1 0.2444 0
T 61312 108.0 0.8235 1 0.2840 0
T 61320 108.0 0.8235 1 0.2840 0
T 61328 108.0 0.8235 1 0.2840 0
T 61335 108.0 0.8238 1 0.3254 0
T 61342 108.0 0.8238 1 0.3254 0
T 61350 108.0 0.8238 1 0.3254 0
T 61358 108.0 0.8239 1 0.3668 0
T 61365 108.0 0.8239 1 0.3668 0
T 61372 108.0 0.8239 1 0.3668 0
T 61380 108.0 0.8240 1 0.4064 0
T 61388 108.0 0.8240 1 0.4064 0
T 61395 108.0 0.8240 1 0.4064 0
T 61402 108.0 0.8241 1 0.4460 0
T 61410 108.0 0.8241 1 0.4460 0
T 61418 108.0 0.8241 1 0.4460 0
T 61425 108.0 0.8241 1 0.4874 0
T 61432 108.0 0.8241 1 0.4874 0
T 61440 108.0 0.8241 1 0.4874 0
T 61448 108.0 0.8241 1 0.4288 0
T 61455 108.0 0.8241 1 0.4288 0
T 61462 108.0 0.8241 1 0.4288 0
T 61470 108.0 0.8241 1 0.4683 0
T 61478 108.0 0.8241 1 0.4683 0
T 61485 108.0 0.8241 1 0.4683 0
T 61492 108.0 0.8240 1 0.5079 0
T 61500 108.0 0.8240 1 0.5079 0
T 61508 108.0 0.8240 1 0.5079 0
T 61515 108.0 0.8240 1 0.5493 0
T 61522 108.0 0.8240 1 0.5493 0
T 61530 108.0 0.8240 1 0.5493 0
T 61538 108.0 0.8237 1 0.5907 0
T 61545 108.0 0.8237 1 0.5907 0
T 61552 108.0 0.8237 1 0.5907 0
T 61560 108.0 0.8236 1 0.7302 0
T 61568 108.0 0.8236 1 0.7302 0
T 61575 108.0 0.8236 1 0.7302 0
T 61582 108.0 0.8235 1 0.7698 0
T 61590 108.0 0.8235 1 0.7698 0
T 61598 108.0 0.8235 1 0.7698 0
T 61605 108.0 0.8235 1 0.8113 0
T 61612 108.0 0.8235 1 0.8113 0
T 61620 108.0 0.8235 1 0.8113 0
T 61628 108.0 0.8236 1 0.8527 0
T 61635 108.0 0.8236 1 0.8527 0
T 61642 108.0 0.8236 1 0.8527 0
T 61650 108.0 0.8234 1 0.8923 0
T 61658 108.0 0.8234 1 0.8923 0
T 61665 108.0 0.8234 1 0.8923 0
T 61672 108.0 0.8235 1 0.9588 0
T 61680 108.0 0.8235 1 0.9588 0
T 61688 108.0 0.8235 1 0.9588 0
T 61695 108.0 0.8235 1 0.0002 1
T 61702 108.0 0.8235 1 0.0002 0
T 61710 108.0 0.8235 1 0.0002 0
T 61718 108.0 0.8235 1 0.0416 0
T 61725 108.0 0.8235 1 0.0416 0
T 61732 108.0 0.8235 1 0.0416 0
T 61740 108.0 0.8235 1 0.0812 0
T 61748 108.0 0.8235 1 0.0812 0
T 61755 108.0 0.8235 1 0.0812 0
T 61762 108.0 0.8238 1 0.1209 0
T 61770 108.0 0.8238 1 0.1209 0
T 61778 108.0 0.8238 1 0.1209 0
T 61785 108.0 0.8241 1 0.1623 0
T 61792 108.0 0.8241 1 0.1623 0
T 61800 108.0 0.8241 1 0.1623 0
T 61808 108.0 0.8243 1 0.2037 0
T 61815 108.0 0.8243 1 0.2037 0
T 61822 108.0 0.8243 1 0.2037 0
T 61830 108.0 0.8245 1 0.2433 0
T 61838 108.0 0.8245 1 0.2433 0
T 61845 108.0 0.8245 1 0.2433 0
T 61852 108.0 0.8246 1 0.2829 0
T 61860 108.0 0.8246 1 0.2829 0
T 61868 108.0 0.8246 1 0.2829 0
T 61875 108.0 0.8247 1 0.3243 0
T 61882 108.0 0.8247 1 0.3243 0
T 61890 108.0 0.8247 1 0.3243 0
T 61898 108.0 0.8247 1 0.2846 0
T 61905 108.0 0.8247 1 0.2846 0
T 61912 108.0 0.8247 1 0.2846 0
T 61920 108.0 0.8248 1 0.3242 0
T 61928 108.0 0.8248 1 0.3242 0
T 61935 108.0 0.8248 1 0.3242 0
T 61942 108.0 0.8245 1 0.3638 0
T 61950 108.0 0.8245 1 0.3638 0
T 61958 108.0 0.8245 1 0.3638 0
T 61965 108.0 0.8244 1 0.4052 0
T 61972 108.0 0.8244 1 0.4052 0
T 61980 108.0 0.8244 1 0.4052 0
T 61988 108.0 0.8241 1 0.4466 0
T 61995 108.0 0.8241 1 0.4466 0
T 62002 108.0 0.8241 1 0.4466 0
T 62010 108.0 0.8239 1 0.3862 0
T 62018 108.0 0.8239 1 0.3862 0
T 62025 108.0 0.8239 1 0.3862 0
T 62032 108.0 0.8235 1 0.4257 0
T 62040 108.0 0.8235 1 0.4257 0
T 62048 108.0 0.8235 1 0.4257 0
T 62055 108.0 0.8238 1 0.4671 0
T 62062 108.0 0.8238 1 0.4671 0
T 62070 108.0 0.8238 1 0.4671 0
T 62078 108.0 0.8236 1 0.5084 0
T 62085 108.0 0.8236 1 0.5084 0
T 62092 108.0 0.8236 1 0.5084 0
T 62100 108.0 0.8233 1 0.6480 0
T 62108 108.0 0.8233 1 0.6480 0
T 62115 108.0 0.8233 1 0.6480 0
T 62122 108.0 0.8231 1 0.6876 0
T 62130 108.0 0.8231 1 0.6876 0
T 62138 108.0 0.8231 1 0.6876 0
T 62145 108.0 0.8230 1 0.7290 0
T 62152 108.0 0.8230 1 0.7290 0
T 62160 108.0 0.8230 1 0.7290 0
T 62168 108.0 0.8227 1 0.7704 0
T 62175 108.0 0.8227 1 0.7704 0
T 62182 108.0 0.8227 1 0.7704 0
T 62190 108.0 0.8226 1 0.8100 0
T 62198 108.0 0.8226 1 0.8100 0
T 62205 108.0 0.8226 1 0.8100 0
T 62212 108.0 0.8226 1 0.8496 0
T 62220 108.0 0.8226 1 0.8496 0
T 62228 108.0 0.8226 1 0.8496 0
T 62235 108.0 0.8226 1 0.8910 0
T 62242 108.0 0.8226 1 0.8910 0
T 62250 108.0 0.8226 1 0.8910 0
T 62258 108.0 0.8227 1 0.9324 0
T 62265 108.0 0.8227 1 0.9324 0
T 62272 108.0 0.8227 1 0.9324 0
T 62280 108.0 0.8227 1 0.9720 0
T 62288 108.0 0.8227 1 0.9720 0
T 62295 108.0 0.8227 1 0.9720 0
T 62302 108.0 0.8225 1 0.0116 1
T 62310 108.0 0.8225 1 0.0116 0
T 62318 108.0 0.8225 1 0.0116 0
T 62325 108.0 0.8222 1 0.0501 0
T 62332 108.0 0.8222 1 0.0501 0
T 62340 108.0 0.8222 1 0.0501 0
T 62348 108.0 0.8220 1 0.0915 0
T 62355 108.0 0.8220 1 0.0915 0
T 62362 108.0 0.8220 1 0.0915 0
T 62370 108.0 0.8218 1 0.1311 0
T 62378 108.0 0.8218 1 0.1311 0
T 62385 108.0 0.8218 1 0.1311 0
T 62392 108.0 0.8216 1 0.1707 0
T 62400 108.0 0.8216 1 0.1707 0
T 62408 108.0 0.8216 1 0.1707 0
T 62415 108.0 0.8214 1 0.2121 0
T 62422 108.0 0.8214 1 0.2121 0
T 62430 108.0 0.8214 1 0.2121 0
T 62438 108.0 0.8213 1 0.2005 0
T 62445 108.0 0.8213 1 0.2005 0
T 62452 108.0 0.8213 1 0.2005 0
T 62460 108.0 0.8212 1 0.2401 0
T 62468 108.0 0.8212 1 0.2401 0
T 62475 108.0 0.8212 1 0.2401 0
T 62482 108.0 0.8212 1 0.2797 0
T 62490 108.0 0.8212 1 0.2797 0
T 62498 108.0 0.8212 1 0.2797 0
T 62505 108.0 0.8216 1 0.3211 0
T 62512 108.0 0.8216 1 0.3211 0
T 62520 108.0 0.8216 1 0.3211 0
T 62528 108.0 0.8215 1 0.3625 0
T 62535 108.0 0.8215 1 0.3625 0
T 62542 108.0 0.8215 1 0.3625 0
T 62550 108.0 0.8214 1 0.3114 0
T 62558 108.0 0.8214 1 0.3114 0
T 62565 108.0 0.8214 1 0.3114 0
T 62572 108.0 0.8213 1 0.3510 0
T 62580 108.0 0.8213 1 0.3510 0
T 62588 108.0 0.8213 1 0.3510 0
T 62595 108.0 0.8214 1 0.3924 0
T 62602 108.0 0.8214 1 0.3924 0
T 62610 108.0 0.8214 1 0.3924 0
T 62618 108.0 0.8212 1 0.4337 0
T 62625 108.0 0.8212 1 0.4337 0
T 62632 108.0 0.8212 1 0.4337 0
T 62640 108.0 0.8215 1 0.4733 0
T 62648 108.0 0.8215 1 0.4733 0
T 62655 108.0 0.8215 1 0.4733 0
T 62662 108.0 0.8217 1 0.5129 0
T 62670 108.0 0.8217 1 0.5129 0
T 62678 108.0 0.8217 1 0.5129 0
T 62685 108.0 0.8219 1 0.5543 0
T 62692 108.0 0.8219 1 0.5543 0
T 62700 108.0 0.8219 1 0.5543 0
T 62708 108.0 0.8220 1 0.5957 0
T 62715 108.0 0.8220 1 0.5957 0
T 62722 108.0 0.8220 1 0.5957 0
T 62730 108.0 0.8222 1 0.6352 0
T 62738 108.0 0.8222 1 0.6352 0
T 62745 108.0 0.8222 1 0.6352 0
T 62752 108.0 0.8220 1 0.6748 0
T 62760 108.0 0.8220 1 0.6748 0
T 62768 108.0 0.8220 1 0.6748 0
T 62775 108.0 0.8219 1 0.7975 0
T 62782 108.0 0.8219 1 0.7975 0
T 62790 108.0 0.8219 1 0.7975 0
T 62798 108.0 0.8218 1 0.8389 0
T 62805 108.0 0.8218 1 0.8389 0
T 62812 108.0 0.8218 1 0.8389 0
T 62820 108.0 0.8216 1 0.8785 0
T 62828 108.0 0.8216 1 0.8785 0
T 62835 108.0 0.8216 1 0.8785 0
T 62842 108.0 0.8213 1 0.9181 0
T 62850 108.0 0.8213 1 0.9181 0
T 62858 108.0 0.8213 1 0.9181 0
T 62865 108.0 0.8211 1 0.9595 0
T 62872 108.0 0.8211 1 0.9595 0
T 62880 108.0 0.8211 1 0.9595 0
T 62888 108.0 0.8210 1 0.0111 1
T 62895 108.0 0.8210 1 0.0111 0
T 62902 108.0 0.8210 1 0.0111 0
T 62910 108.0 0.8209 1 0.0507 0
T 62918 108.0 0.8209 1 0.0507 0
T 62925 108.0 0.8209 1 0.0507 0
T 62932 108.0 0.8211 1 0.0903 0
T 62940 108.0 0.8211 1 0.0903 0
T 62948 108.0 0.8211 1 0.0903 0
T 62955 108.0 0.8214 1 0.1317 0
T 62962 108.0 0.8214 1 0.1317 0
T 62970 108.0 0.8214 1 0.1317 0
T 62978 108.0 0.8215 1 0.1731 0
T 62985 108.0 0.8215 1 0.1731 0
T 62992 108.0 0.8215 1 0.1731 0
T 63000 108.0 0.8215 1 0.1694 0
T 63008 108.0 0.8215 1 0.1694 0
T 63015 108.0 0.8215 1 0.1694 0
T 63022 108.0 0.8215 1 0.2090 0
T 63030 108.0 0.8215 1 0.2090 0
T 63038 108.0 0.8215 1 0.2090 0
T 63045 108.0 0.8215 1 0.2504 0
T 63052 108.0 0.8215 1 0.2504 0
T 63060 108.0 0.8215 1 0.2504 0
T 63068 108.0 0.8214 1 0.2918 0
T 63075 108.0 0.8214 1 0.2918 0
T 63082 108.0 0.8214 1 0.2918 0
T 63090 108.0 0.8217 1 0.3314 0
T 63098 108.0 0.8217 1 0.3314 0
T 63105 108.0 0.8217 1 0.3314 0
T 63112 108.0 0.8220 1 0.2881 0
T 63120 108.0 0.8220 1 0.2881 0
T 63128 108.0 0.8220 1 0.2881 0
T 63135 108.0 0.8222 1 0.3295 0
T 63142 108.0 0.8222 1 0.3295 0
T 63150 108.0 0.8222 1 0.3295 0
T 63158 108.0 0.8223 1 0.3709 0
T 63165 108.0 0.8223 1 0.3709 0
T 63172 108.0 0.8223 1 0.3709 0
T 63180 108.0 0.8224 1 0.4105 0
T 63188 108.0 0.8224 1 0.4105 0
T 63195 108.0 0.8224 1 0.4105 0
T 63202 108.0 0.8223 1 0.4501 0
T 63210 108.0 0.8223 1 0.4501 0
T 63218 108.0 0.8223 1 0.4501 0
T 63225 108.0 0.8223 1 0.3914 0
T 63232 108.0 0.8223 1 0.3914 0
T 63240 108.0 0.8223 1 0.3914 0
T 63248 108.0 0.8222 1 0.4328 0
T 63255 108.0 0.8222 1 0.4328 0
T 63262 108.0 0.8222 1 0.4328 0
T 63270 108.0 0.8221 1 0.4723 0
T 63278 108.0 0.8221 1 0.4723 0
T 63285 108.0 0.8221 1 0.4723 0
T 63292 108.0 0.8220 1 0.5119 0
T 63300 108.0 0.8220 1 0.5119 0
T 63308 108.0 0.8220 1 0.5119 0
T 63315 108.0 0.8219 1 0.5533 0
T 63322 108.0 0.8219 1 0.5533 0
T 63330 108.0 0.8219 1 0.5533 0
T 63338 108.0 0.8218 1 0.6946 0
T 63345 108.0 0.8218 1 0.6946 0
T 63352 108.0 0.8218 1 0.6946 0
T 63360 108.0 0.8217 1 0.7342 0
T 63368 108.0 0.8217 1 0.7342 0
T 63375 108.0 0.8217 1 0.7342 0
T 63382 108.0 0.8219 1 0.7738 0
T 63390 108.0 0.8219 1 0.7738 0
T 63398 108.0 0.8219 1 0.7738 0
T 63405 108.0 0.8220 1 0.8152 0
T 63412 108.0 0.8220 1 0.8152 0
T 63420 108.0 0.8220 1 0.8152 0
T 63428 108.0 0.8218 1 0.8566 0
T 63435 108.0 0.8218 1 0.8566 0
T 63442 108.0 0.8218 1 0.8566 0
T 63450 108.0 0.8217 1 0.9321 0
T 63458 108.0 0.8217 1 0.9321 0
T 63465 108.0 0.8217 1 0.9321 0
T 63472 108.0 0.8216 1 0.9717 0
T 63480 108.0 0.8216 1 0.9717 0
T 63488 108.0 0.8216 1 0.9717 0
T 63495 108.0 0.8216 1 0.0131 1
T 63502 108.0 0.8216 1 0.0131 0
T 63510 108.0 0.8216 1 0.0131 0
T 63518 108.0 0.8214 1 0.0545 0
T 63525 108.0 0.8214 1 0.0545 0
T 63532 108.0 0.8214 1 0.0545 0
T 63540 108.0 0.8215 1 0.0941 0
T 63548 108.0 0.8215 1 0.0941 0
T 63555 108.0 0.8215 1 0.0941 0
T 63562 108.0 0.8215 1 0.1337 0
T 63570 108.0 0.8215 1 0.1337 0
T 63578 108.0 0.8215 1 0.1337 0
T 63585 108.0 0.8215 1 0.1751 0
T 63592 108.0 0.8215 1 0.1751 0
T 63600 108.0 0.8215 1 0.1751 0
T 63608 108.0 0.8213 1 0.2165 0
T 63615 108.0 0.8213 1 0.2165 0
T 63622 108.0 0.8213 1 0.2165 0
T 63630 108.0 0.8212 1 0.2562 0
T 63638 108.0 0.8212 1 0.2562 0
T 63645 108.0 0.8212 1 0.2562 0
T 63652 108.0 0.8211 1 0.2958 0
T 63660 108.0 0.8211 1 0.2958 0
T 63668 108.0 0.8211 1 0.2958 0
T 63675 108.0 0.8211 1 0.2632 0
T 63682 108.0 0.8211 1 0.2632 0
T 63690 108.0 0.8211 1 0.2632 0
T 63698 108.0 0.8210 1 0.3046 0
T 63705 108.0 0.8210 1 0.3046 0
T 63712 108.0 0.8210 1 0.3046 0
T 63720 108.0 0.8208 1 0.3442 0
T 63728 108.0 0.8208 1 0.3442 0
T 63735 108.0 0.8208 1 0.3442 0
T 63742 108.0 0.8205 1 0.3838 0
T 63750 108.0 0.8205 1 0.3838 0
T 63758 108.0 0.8205 1 0.3838 0
T 63765 108.0 0.8200 1 0.4252 0
T 63772 108.0 0.8200 1 0.4252 0
T 63780 108.0 0.8200 1 0.4252 0
T 63788 108.0 0.8197 1 0.3666 0
T 63795 108.0 0.8197 1 0.3666 0
T 63802 108.0 0.8197 1 0.3666 0
T 63810 108.0 0.8192 1 0.4061 0
T 63818 108.0 0.8192 1 0.4061 0
T 63825 108.0 0.8192 1 0.4061 0
T 63832 108.0 0.8193 1 0.4457 0
T 63840 108.0 0.8193 1 0.4457 0
T 63848 108.0 0.8193 1 0.4457 0
T 63855 108.0 0.8192 1 0.4870 0
T 63862 108.0 0.8192 1 0.4870 0
T 63870 108.0 0.8192 1 0.4870 0
T 63878 108.0 0.8188 1 0.4284 0
T 63885 108.0 0.8188 1 0.4284 0
T 63892 108.0 0.8188 1 0.4284 0
T 63900 108.0 0.8186 1 0.4680 0
T 63908 108.0 0.8186 1 0.4680 0
T 63915 108.0 0.8186 1 0.4680 0
T 63922 108.0 0.8184 1 0.5075 0
T 63930 108.0 0.8184 1 0.5075 0
T 63938 108.0 0.8184 1 0.5075 0
T 63945 108.0 0.8182 1 0.5488 0
T 63952 108.0 0.8182 1 0.5488 0
T 63960 108.0 0.8182 1 0.5488 0
T 63968 108.0 0.8182 1 0.5902 0
T 63975 108.0 0.8182 1 0.5902 0
T 63982 108.0 0.8182 1 0.5902 0
T 63990 108.0 0.8187 1 0.6298 0
T 63998 108.0 0.8187 1 0.6298 0
T 64005 108.0 0.8187 1 0.6298 0
T 64012 108.0 0.8191 1 0.6693 0
T 64020 108.0 0.8191 1 0.6693 0
T 64028 108.0 0.8191 1 0.6693 0
T 64035 108.0 0.8195 1 0.7107 0
T 64042 108.0 0.8195 1 0.7107 0
T 64050 108.0 0.8195 1 0.7107 0
T 64058 108.0 0.8198 1 0.7521 0
T 64065 108.0 0.8198 1 0.7521 0
T 64072 108.0 0.8198 1 0.7521 0
T 64080 108.0 0.8195 1 0.7916 0
T 64088 108.0 0.8195 1 0.7916 0
T 64095 108.0 0.8195 1 0.7916 0
T 64102 108.0 0.8190 1 0.8833 0
T 64110 108.0 0.8190 1 0.8833 0
T 64118 108.0 0.8190 1 0.8833 0
T 64125 108.0 0.8186 1 0.9247 0
T 64132 108.0 0.8186 1 0.9247 0
T 64140 108.0 0.8186 1 0.9247 0
T 64148 108.0 0.8182 1 0.9661 0
T 64155 108.0 0.8182 1 0.9661 0
T 64162 108.0 0.8182 1 0.9661 0
T 64170 108.0 0.8178 1 0.0057 1
T 64178 108.0 0.8178 1 0.0057 0
T 64185 108.0 0.8178 1 0.0057 0
T 64192 108.0 0.8175 1 0.0453 0
T 64200 108.0 0.8175 1 0.0453 0
T 64208 108.0 0.8175 1 0.0453 0
T 64215 108.0 0.8174 1 0.0754 0
T 64222 108.0 0.8174 1 0.0754 0
T 64230 108.0 0.8174 1 0.0754 0
T 64238 108.0 0.8172 1 0.1167 0
T 64245 108.0 0.8172 1 0.1167 0
T 64252 108.0 0.8172 1 0.1167 0
T 64260 108.0 0.8171 1 0.1563 0
T 64268 108.0 0.8171 1 0.1563 0
T 64275 108.0 0.8171 1 0.1563 0
T 64282 108.0 0.8174 1 0.1959 0
T 64290 108.0 0.8174 1 0.1959 0
T 64298 108.0 0.8174 1 0.1959 0
T 64305 108.0 0.8174 1 0.2373 0
T 64312 108.0 0.8174 1 0.2373 0
T 64320 108.0 0.8174 1 0.2373 0
T 64328 108.0 0.8172 1 0.2194 0
T 64335 108.0 0.8172 1 0.2194 0
T 64342 108.0 0.8172 1 0.2194 0
T 64350 108.0 0.8172 1 0.2590 0
T 64358 108.0 0.8172 1 0.2590 0
T 64365 108.0 0.8172 1 0.2590 0
T 64372 108.0 0.8172 1 0.2986 0
T 64380 108.0 0.8172 1 0.2986 0
T 64388 108.0 0.8172 1 0.2986 0
T 64395 108.0 0.8169 1 0.3399 0
T 64402 108.0 0.8169 1 0.3399 0
T 64410 108.0 0.8169 1 0.3399 0
T 64418 108.0 0.8172 1 0.3813 0
T 64425 108.0 0.8172 1 0.3813 0
T 64432 108.0 0.8172 1 0.3813 0
T 64440 108.0 0.8174 1 0.4209 0
T 64448 108.0 0.8174 1 0.4209 0
T 64455 108.0 0.8174 1 0.4209 0
T 64462 108.0 0.8176 1 0.4605 0
T 64470 108.0 0.8176 1 0.4605 0
T 64478 108.0 0.8176 1 0.4605 0
T 64485 108.0 0.8179 1 0.5019 0
T 64492 108.0 0.8179 1 0.5019 0
T 64500 108.0 0.8179 1 0.5019 0
T 64508 108.0 0.8181 1 0.5433 0
T 64515 108.0 0.8181 1 0.5433 0
T 64522 108.0 0.8181 1 0.5433 0
T 64530 108.0 0.8180 1 0.5829 0
T 64538 108.0 0.8180 1 0.5829 0
T 64545 108.0 0.8180 1 0.5829 0
T 64552 108.0 0.8180 1 0.7225 0
T 64560 108.0 0.8180 1 0.7225 0
T 64568 108.0 0.8180 1 0.7225 0
T 64575 108.0 0.8179 1 0.7639 0
T 64582 108.0 0.8179 1 0.7639 0
T 64590 108.0 0.8179 1 0.7639 0
T 64598 108.0 0.8177 1 0.8053 0
T 64605 108.0 0.8177 1 0.8053 0
T 64612 108.0 0.8177 1 0.8053 0
T 64620 108.0 0.8174 1 0.8449 0
T 64628 108.0 0.8174 1 0.8449 0
T 64635 108.0 0.8174 1 0.8449 0
T 64642 108.0 0.8171 1 0.8845 0
T 64650 108.0 0.8171 1 0.8845 0
T 64658 108.0 0.8171 1 0.8845 0
T 64665 108.0 0.8169 1 0.9548 0
T 64672 108.0 0.8169 1 0.9548 0
T 64680 108.0 0.8169 1 0.9548 0
T 64688 108.0 0.8167 1 0.9962 0
T 64695 108.0 0.8167 1 0.9962 0
T 64702 108.0 0.8167 1 0.9962 0
T 64710 108.0 0.8169 1 0.0359 1
T 64718 108.0 0.8169 1 0.0359 0
T 64725 108.0 0.8169 1 0.0359 0
T 64732 108.0 0.8173 1 0.0755 0
T 64740 108.0 0.8173 1 0.0755 0
T 64748 108.0 0.8173 1 0.0755 0
T 64755 108.0 0.8174 1 0.1169 0
T 64762 108.0 0.8174 1 0.1169 0
T 64770 108.0 0.8174 1 0.1169 0
T 64778 108.0 0.8175 1 0.1291 0
T 64785 108.0 0.8175 1 0.1291 0
T 64792 108.0 0.8175 1 0.1291 0
T 64800 108.0 0.8176 1 0.1687 0
T 64808 108.0 0.8176 1 0.1687 0
T 64815 108.0 0.8176 1 0.1687 0
T 64822 108.0 0.8176 1 0.2083 0
T 64830 108.0 0.8176 1 0.2083 0
T 64838 108.0 0.8176 1 0.2083 0
T 64845 108.0 0.8175 1 0.2497 0
T 64852 108.0 0.8175 1 0.2497 0
T 64860 108.0 0.8175 1 0.2497 0
T 64868 108.0 0.8180 1 0.2911 0
T 64875 108.0 0.8180 1 0.2911 0
T 64882 108.0 0.8180 1 0.2911 0
T 64890 108.0 0.8184 1 0.2579 0
T 64898 108.0 0.8184 1 0.2579 0
T 64905 108.0 0.8184 1 0.2579 0
T 64912 108.0 0.8187 1 0.2975 0
T 64920 108.0 0.8187 1 0.2975 0
T 64928 108.0 0.8187 1 0.2975 0
T 64935 108.0 0.8189 1 0.3389 0
T 64942 108.0 0.8189 1 0.3389 0
T 64950 108.0 0.8189 1 0.3389 0
T 64958 108.0 0.8191 1 0.3803 0
T 64965 108.0 0.8191 1 0.3803 0
T 64972 108.0 0.8191 1 0.3803 0
T 64980 108.0 0.8189 1 0.4199 0
T 64988 108.0 0.8189 1 0.4199 0
T 64995 108.0 0.8189 1 0.4199 0
T 65002 108.0 0.8188 1 0.3594 0
T 65010 108.0 0.8188 1 0.3594 0
T 65018 108.0 0.8188 1 0.3594 0
T 65025 108.0 0.8187 1 0.4008 0
T 65032 108.0 0.8187 1 0.4008 0
T 65040 108.0 0.8187 1 0.4008 0
T 65048 108.0 0.8186 1 0.4422 0
T 65055 108.0 0.8186 1 0.4422 0
T 65062 108.0 0.8186 1 0.4422 0
T 65070 108.0 0.8185 1 0.4817 0
T 65078 108.0 0.8185 1 0.4817 0
T 65085 108.0 0.8185 1 0.4817 0
T 65092 108.0 0.8183 1 0.5213 0
T 65100 108.0 0.8183 1 0.5213 0
T 65108 108.0 0.8183 1 0.5213 0
T 65115 108.0 0.8182 1 0.6627 0
T 65122 108.0 0.8182 1 0.6627 0
T 65130 108.0 0.8182 1 0.6627 0
T 65138 108.0 0.8181 1 0.7041 0
T 65145 108.0 0.8181 1 0.7041 0
T 65152 108.0 0.8181 1 0.7041 0
T 65160 108.0 0.8182 1 0.7437 0
T 65168 108.0 0.8182 1 0.7437 0
T 65175 108.0 0.8182 1 0.7437 0
T 65182 108.0 0.8182 1 0.7833 0
T 65190 108.0 0.8182 1 0.7833 0
T 65198 108.0 0.8182 1 0.7833 0
T 65205 108.0 0.8178 1 0.8247 0
T 65212 108.0 0.8178 1 0.8247 0
T 65220 108.0 0.8178 1 0.8247 0
T 65228 108.0 0.8176 1 0.9099 0
T 65235 108.0 0.8176 1 0.9099 0
T 65242 108.0 0.8176 1 0.9099 0
T 65250 108.0 0.8174 1 0.9496 0
T 65258 108.0 0.8174 1 0.9496 0
T 65265 108.0 0.8174 1 0.9496 0
T 65272 108.0 0.8172 1 0.9892 0
T 65280 108.0 0.8172 1 0.9892 0
T 65288 108.0 0.8172 1 0.9892 0
T 65295 108.0 0.8170 1 0.0306 1
T 65302 108.0 0.8170 1 0.0306 0
T 65310 108.0 0.8170 1 0.0306 0
T 65318 108.0 0.8172 1 0.0720 0
T 65325 108.0 0.8172 1 0.0720 0
T 65332 108.0 0.8172 1 0.0720 0
T 65340 108.0 0.8173 1 0.1116 0
T 65348 108.0 0.8173 1 0.1116 0
T 65355 108.0 0.8173 1 0.1116 0
T 65362 108.0 0.8174 1 0.1512 0
T 65370 108.0 0.8174 1 0.1512 0
T 65378 108.0 0.8174 1 0.1512 0
T 65385 108.0 0.8174 1 0.1926 0
T 65392 108.0 0.8174 1 0.1926 0
T 65400 108.0 0.8174 1 0.1926 0
T 65408 108.0 0.8174 1 0.2340 0
T 65415 108.0 0.8174 1 0.2340 0
T 65422 108.0 0.8174 1 0.2340 0
T 65430 108.0 0.8174 1 0.2737 0
T 65438 108.0 0.8174 1 0.2737 0
T 65445 108.0 0.8174 1 0.2737 0
T 65452 108.0 0.8174 1 0.2449 0
T 65460 108.0 0.8174 1 0.2449 0
T 65468 108.0 0.8174 1 0.2449 0
T 65475 108.0 0.8174 1 0.2862 0
T 65482 108.0 0.8174 1 0.2862 0
T 65490 108.0 0.8174 1 0.2862 0
T 65498 108.0 0.8171 1 0.3276 0
T 65505 108.0 0.8171 1 0.3276 0
T 65512 108.0 0.8171 1 0.3276 0
T 65520 108.0 0.8168 1 0.3672 0
T 65528 108.0 0.8168 1 0.3672 0
T 65535 108.0 0.8168 1 0.3672 0
T 65542 108.0 0.8162 1 0.4068 0
T 65550 108.0 0.8162 1 0.4068 0
T 65558 108.0 0.8162 1 0.4068 0
T 65565 108.0 0.8157 1 0.3482 0
T 65572 108.0 0.8157 1 0.3482 0
T 65580 108.0 0.8157 1 0.3482 0
T 65588 108.0 0.8151 1 0.3896 0
T 65595 108.0 0.8151 1 0.3896 0
T 65602 108.0 0.8151 1 0.3896 0
T 65610 108.0 0.8153 1 0.4291 0
T 65618 108.0 0.8153 1 0.4291 0
T 65625 108.0 0.8153 1 0.4291 0
T 65632 108.0 0.8151 1 0.4687 0
T 65640 108.0 0.8151 1 0.4687 0
T 65648 108.0 0.8151 1 0.4687 0
T 65655 108.0 0.8146 1 0.4101 0
T 65662 108.0 0.8146 1 0.4101 0
T 65670 108.0 0.8146 1 0.4101 0
T 65678 108.0 0.8144 1 0.4514 0
T 65685 108.0 0.8144 1 0.4514 0
T 65692 108.0 0.8144 1 0.4514 0
T 65700 108.0 0.8142 1 0.4910 0
T 65708 108.0 0.8142 1 0.4910 0
T 65715 108.0 0.8142 1 0.4910 0
T 65722 108.0 0.8139 1 0.5305 0
T 65730 108.0 0.8139 1 0.5305 0
T 65738 108.0 0.8139 1 0.5305 0
T 65745 108.0 0.8138 1 0.5719 0
T 65752 108.0 0.8138 1 0.5719 0
T 65760 108.0 0.8138 1 0.5719 0
T 65768 108.0 0.8142 1 0.6132 0
T 65775 108.0 0.8142 1 0.6132 0
T 65782 108.0 0.8142 1 0.6132 0
T 65790 108.0 0.8146 1 0.6528 0
T 65798 108.0 0.8146 1 0.6528 0
T 65805 108.0 0.8146 1 0.6528 0
T 65812 108.0 0.8149 1 0.6924 0
T 65820 108.0 0.8149 1 0.6924 0
T 65828 108.0 0.8149 1 0.6924 0
T 65835 108.0 0.8152 1 0.7337 0
T 65842 108.0 0.8152 1 0.7337 0
T 65850 108.0 0.8152 1 0.7337 0
T 65858 108.0 0.8149 1 0.7751 0
T 65865 108.0 0.8149 1 0.7751 0
T 65872 108.0 0.8149 1 0.7751 0
T 65880 108.0 0.8143 1 0.8709 0
T 65888 108.0 0.8143 1 0.8709 0
T 65895 108.0 0.8143 1 0.8709 0
T 65902 108.0 0.8139 1 0.9105 0
T 65910 108.0 0.8139 1 0.9105 0
T 65918 108.0 0.8139 1 0.9105 0
T 65925 108.0 0.8135 1 0.9519 0
T 65932 108.0 0.8135 1 0.9519 0
T 65940 108.0 0.8135 1 0.9519 0
T 65948 108.0 0.8129 1 0.9933 0
T 65955 108.0 0.8129 1 0.9933 0
T 65962 108.0 0.8129 1 0.9933 0
T 65970 108.0 0.8128 1 0.0329 1
T 65978 108.0 0.8128 1 0.0329 0
T 65985 108.0 0.8128 1 0.0329 0
T 65992 108.0 0.8126 1 0.0643 0
T 66000 108.0 0.8126 1 0.0643 0
T 66008 108.0 0.8126 1 0.0643 0
T 66015 108.0 0.8125 1 0.1057 0
T 66022 108.0 0.8125 1 0.1057 0
T 66030 108.0 0.8125 1 0.1057 0
T 66038 108.0 0.8125 1 0.1471 0
T 66045 108.0 0.8125 1 0.1471 0
T 66052 108.0 0.8125 1 0.1471 0
T 66060 108.0 0.8128 1 0.1867 0
T 66068 108.0 0.8128 1 0.1867 0
T 66075 108.0 0.8128 1 0.1867 0
T 66082 108.0 0.8129 1 0.2263 0
T 66090 108.0 0.8129 1 0.2263 0
T 66098 108.0 0.8129 1 0.2263 0
T 66105 108.0 0.8128 1 0.2111 0
T 66112 108.0 0.8128 1 0.2111 0
T 66120 108.0 0.8128 1 0.2111 0
T 66128 108.0 0.8128 1 0.2525 0
T 66135 108.0 0.8128 1 0.2525 0
T 66142 108.0 0.8128 1 0.2525 0
T 66150 108.0 0.8129 1 0.2920 0
T 66158 108.0 0.8129 1 0.2920 0
T 66165 108.0 0.8129 1 0.2920 0
T 66172 108.0 0.8128 1 0.3316 0
T 66180 108.0 0.8128 1 0.3316 0
T 66188 108.0 0.8128 1 0.3316 0
T 66195 108.0 0.8134 1 0.3730 0
T 66202 108.0 0.8134 1 0.3730 0
T 66210 108.0 0.8134 1 0.3730 0
T 66218 108.0 0.8140 1 0.4144 0
T 66225 108.0 0.8140 1 0.4144 0
T 66232 108.0 0.8140 1 0.4144 0
T 66240 108.0 0.8145 1 0.4540 0
T 66248 108.0 0.8145 1 0.4540 0
T 66255 108.0 0.8145 1 0.4540 0
T 66262 108.0 0.8149 1 0.4936 0
T 66270 108.0 0.8149 1 0.4936 0
T 66278 108.0 0.8149 1 0.4936 0
T 66285 108.0 0.8152 1 0.5350 0
T 66292 108.0 0.8152 1 0.5350 0
T 66300 108.0 0.8152 1 0.5350 0
T 66308 108.0 0.8150 1 0.5764 0
T 66315 108.0 0.8150 1 0.5764 0
T 66322 108.0 0.8150 1 0.5764 0
T 66330 108.0 0.8148 1 0.7160 0
T 66338 108.0 0.8148 1 0.7160 0
T 66345 108.0 0.8148 1 0.7160 0
T 66352 108.0 0.8146 1 0.7556 0
T 66360 108.0 0.8146 1 0.7556 0
T 66368 108.0 0.8146 1 0.7556 0
T 66375 108.0 0.8143 1 0.7970 0
T 66382 108.0 0.8143 1 0.7970 0
T 66390 108.0 0.8143 1 0.7970 0
T 66398 108.0 0.8140 1 0.8384 0
T 66405 108.0 0.8140 1 0.8384 0
T 66412 108.0 0.8140 1 0.8384 0
T 66420 108.0 0.8136 1 0.8780 0
T 66428 108.0 0.8136 1 0.8780 0
T 66435 108.0 0.8136 1 0.8780 0
T 66442 108.0 0.8133 1 0.9481 0
T 66450 108.0 0.8133 1 0.9481 0
T 66458 108.0 0.8133 1 0.9481 0
T 66465 108.0 0.8131 1 0.9896 0
T 66472 108.0 0.8131 1 0.9896 0
T 66480 108.0 0.8131 1 0.9896 0
T 66488 108.0 0.8131 1 0.0310 1
T 66495 108.0 0.8131 1 0.0310 0
T 66502 108.0 0.8131 1 0.0310 0
T 66510 108.0 0.8134 1 0.0706 0
T 66518 108.0 0.8134 1 0.0706 0
T 66525 108.0 0.8134 1 0.0706 0
T 66532 108.0 0.8135 1 0.1102 0
T 66540 108.0 0.8135 1 0.1102 0
T 66548 108.0 0.8135 1 0.1102 0
T 66555 108.0 0.8136 1 0.1241 0
T 66562 108.0 0.8136 1 0.1241 0
T 66570 108.0 0.8136 1 0.1241 0
T 66578 108.0 0.8136 1 0.1655 0
T 66585 108.0 0.8136 1 0.1655 0
T 66592 108.0 0.8136 1 0.1655 0
T 66600 108.0 0.8137 1 0.2051 0
T 66608 108.0 0.8137 1 0.2051 0
T 66615 108.0 0.8137 1 0.2051 0
T 66622 108.0 0.8135 1 0.2447 0
T 66630 108.0 0.8135 1 0.2447 0
T 66638 108.0 0.8135 1 0.2447 0
T 66645 108.0 0.8140 1 0.2861 0
T 66652 108.0 0.8140 1 0.2861 0
T 66660 108.0 0.8140 1 0.2861 0
T 66668 108.0 0.8144 1 0.2560 0
T 66675 108.0 0.8144 1 0.2560 0
T 66682 108.0 0.8144 1 0.2560 0
T 66690 108.0 0.8148 1 0.2956 0
T 66698 108.0 0.8148 1 0.2956 0
T 66705 108.0 0.8148 1 0.2956 0
T 66712 108.0 0.8151 1 0.3351 0
T 66720 108.0 0.8151 1 0.3351 0
T 66728 108.0 0.8151 1 0.3351 0
T 66735 108.0 0.8154 1 0.3765 0
T 66742 108.0 0.8154 1 0.3765 0
T 66750 108.0 0.8154 1 0.3765 0
T 66758 108.0 0.8155 1 0.4179 0
T 66765 108.0 0.8155 1 0.4179 0
T 66772 108.0 0.8155 1 0.4179 0
T 66780 108.0 0.8156 1 0.3575 0
T 66788 108.0 0.8156 1 0.3575 0
T 66795 108.0 0.8156 1 0.3575 0
T 66802 108.0 0.8157 1 0.3971 0
T 66810 108.0 0.8157 1 0.3971 0
T 66818 108.0 0.8157 1 0.3971 0
T 66825 108.0 0.8157 1 0.4384 0
T 66832 108.0 0.8157 1 0.4384 0
T 66840 108.0 0.8157 1 0.4384 0
T 66848 108.0 0.8157 1 0.4798 0
T 66855 108.0 0.8157 1 0.4798 0
T 66862 108.0 0.8157 1 0.4798 0
T 66870 108.0 0.8156 1 0.5194 0
T 66878 108.0 0.8156 1 0.5194 0
T 66885 108.0 0.8156 1 0.5194 0
T 66892 108.0 0.8156 1 0.6589 0
T 66900 108.0 0.8156 1 0.6589 0
T 66908 108.0 0.8156 1 0.6589 0
T 66915 108.0 0.8155 1 0.7004 0
T 66922 108.0 0.8155 1 0.7004 0
T 66930 108.0 0.8155 1 0.7004 0
T 66938 108.0 0.8157 1 0.7418 0
T 66945 108.0 0.8157 1 0.7418 0
T 66952 108.0 0.8157 1 0.7418 0
T 66960 108.0 0.8159 1 0.7814 0
T 66968 108.0 0.8159 1 0.7814 0
T 66975 108.0 0.8159 1 0.7814 0
T 66982 108.0 0.8154 1 0.8210 0
T 66990 108.0 0.8154 1 0.8210 0
T 66998 108.0 0.8154 1 0.8210 0
T 67005 108.0 0.8151 1 0.9071 0
T 67012 108.0 0.8151 1 0.9071 0
T 67020 108.0 0.8151 1 0.9071 0
T 67028 108.0 0.8149 1 0.9486 0
T 67035 108.0 0.8149 1 0.9486 0
T 67042 108.0 0.8149 1 0.9486 0
T 67050 108.0 0.8147 1 0.9882 0
T 67058 108.0 0.8147 1 0.9882 0
T 67065 108.0 0.8147 1 0.9882 0
T 67072 108.0 0.8144 1 0.0278 1
T 67080 108.0 0.8144 1 0.0278 0
T 67088 108.0 0.8144 1 0.0278 0
T 67095 108.0 0.8146 1 0.0692 0
T 67102 108.0 0.8146 1 0.0692 0
T 67110 108.0 0.8146 1 0.0692 0
T 67118 108.0 0.8147 1 0.1106 0
T 67125 108.0 0.8147 1 0.1106 0
T 67132 108.0 0.8147 1 0.1106 0
T 67140 108.0 0.8148 1 0.1502 0
T 67148 108.0 0.8148 1 0.1502 0
T 67155 108.0 0.8148 1 0.1502 0
T 67162 108.0 0.8147 1 0.1898 0
T 67170 108.0 0.8147 1 0.1898 0
T 67178 108.0 0.8147 1 0.1898 0
T 67185 108.0 0.8146 1 0.2313 0
T 67192 108.0 0.8146 1 0.2313 0
T 67200 108.0 0.8146 1 0.2313 0
T 67208 108.0 0.8146 1 0.2727 0
T 67215 108.0 0.8146 1 0.2727 0
T 67222 108.0 0.8146 1 0.2727 0
T 67230 108.0 0.8146 1 0.2441 0
T 67238 108.0 0.8146 1 0.2441 0
T 67245 108.0 0.8146 1 0.2441 0
T 67252 108.0 0.8145 1 0.2837 0
T 67260 108.0 0.8145 1 0.2837 0
T 67268 108.0 0.8145 1 0.2837 0
T 67275 108.0 0.8144 1 0.3251 0
T 67282 108.0 0.8144 1 0.3251 0
T 67290 108.0 0.8144 1 0.3251 0
T 67298 108.0 0.8142 1 0.3665 0
T 67305 108.0 0.8142 1 0.3665 0
T 67312 108.0 0.8142 1 0.3665 0
T 67320 108.0 0.8137 1 0.4061 0
T 67328 108.0 0.8137 1 0.4061 0
T 67335 108.0 0.8137 1 0.4061 0
T 67342 108.0 0.8133 1 0.3457 0
T 67350 108.0 0.8133 1 0.3457 0
T 67358 108.0 0.8133 1 0.3457 0
T 67365 108.0 0.8128 1 0.3870 0
T 67372 108.0 0.8128 1 0.3870 0
T 67380 108.0 0.8128 1 0.3870 0
T 67388 108.0 0.8128 1 0.4284 0
T 67395 108.0 0.8128 1 0.4284 0
T 67402 108.0 0.8128 1 0.4284 0
T 67410 108.0 0.8126 1 0.4679 0
T 67418 108.0 0.8126 1 0.4679 0
T 67425 108.0 0.8126 1 0.4679 0
T 67432 108.0 0.8123 1 0.5075 0
T 67440 108.0 0.8123 1 0.5075 0
T 67448 108.0 0.8123 1 0.5075 0
T 67455 108.0 0.8121 1 0.6489 0
T 67462 108.0 0.8121 1 0.6489 0
T 67470 108.0 0.8121 1 0.6489 0
T 67478 108.0 0.8119 1 0.6903 0
T 67485 108.0 0.8119 1 0.6903 0
T 67492 108.0 0.8119 1 0.6903 0
T 67500 108.0 0.8117 1 0.7299 0
T 67508 108.0 0.8117 1 0.7299 0
T 67515 108.0 0.8117 1 0.7299 0
T 67522 108.0 0.8117 1 0.7695 0
T 67530 108.0 0.8117 1 0.7695 0
T 67538 108.0 0.8117 1 0.7695 0
T 67545 108.0 0.8122 1 0.8109 0
T 67552 108.0 0.8122 1 0.8109 0
T 67560 108.0 0.8122 1 0.8109 0
T 67568 108.0 0.8127 1 0.8996 0
T 67575 108.0 0.8127 1 0.8996 0
T 67582 108.0 0.8127 1 0.8996 0
T 67590 108.0 0.8130 1 0.9392 0
T 67598 108.0 0.8130 1 0.9392 0
T 67605 108.0 0.8130 1 0.9392 0
T 67612 108.0 0.8133 1 0.9789 0
T 67620 108.0 0.8133 1 0.9789 0
T 67628 108.0 0.8133 1 0.9789 0
T 67635 108.0 0.8130 1 0.0203 1
T 67642 108.0 0.8130 1 0.0203 0
T 67650 108.0 0.8130 1 0.0203 0
T 67658 108.0 0.8126 1 0.0566 0
T 67665 108.0 0.8126 1 0.0566 0
T 67672 108.0 0.8126 1 0.0566 0
T 67680 108.0 0.8122 1 0.0962 0
T 67688 108.0 0.8122 1 0.0962 0
T 67695 108.0 0.8122 1 0.0962 0
T 67702 108.0 0.8119 1 0.1358 0
T 67710 108.0 0.8119 1 0.1358 0
T 67718 108.0 0.8119 1 0.1358 0
T 67725 108.0 0.8114 1 0.1773 0
T 67732 108.0 0.8114 1 0.1773 0
T 67740 108.0 0.8114 1 0.1773 0
T 67748 108.0 0.8110 1 0.2187 0
T 67755 108.0 0.8110 1 0.2187 0
T 67762 108.0 0.8110 1 0.2187 0
T 67770 108.0 0.8106 1 0.2036 0
T 67778 108.0 0.8106 1 0.2036 0
T 67785 108.0 0.8106 1 0.2036 0
T 67792 108.0 0.8104 1 0.2432 0
T 67800 108.0 0.8104 1 0.2432 0
T 67808 108.0 0.8104 1 0.2432 0
T 67815 108.0 0.8101 1 0.2846 0
T 67822 108.0 0.8101 1 0.2846 0
T 67830 108.0 0.8101 1 0.2846 0
T 67838 108.0 0.8101 1 0.3260 0
T 67845 108.0 0.8101 1 0.3260 0
T 67852 108.0 0.8101 1 0.3260 0
T 67860 108.0 0.8104 1 0.3656 0
T 67868 108.0 0.8104 1 0.3656 0
T 67875 108.0 0.8104 1 0.3656 0
T 67882 108.0 0.8106 1 0.3138 0
T 67890 108.0 0.8106 1 0.3138 0
T 67898 108.0 0.8106 1 0.3138 0
T 67905 108.0 0.8108 1 0.3551 0
T 67912 108.0 0.8108 1 0.3551 0
T 67920 108.0 0.8108 1 0.3551 0
T 67928 108.0 0.8110 1 0.3965 0
T 67935 108.0 0.8110 1 0.3965 0
T 67942 108.0 0.8110 1 0.3965 0
T 67950 108.0 0.8111 1 0.4361 0
T 67958 108.0 0.8111 1 0.4361 0
T 67965 108.0 0.8111 1 0.4361 0
T 67972 108.0 0.8115 1 0.4757 0
T 67980 108.0 0.8115 1 0.4757 0
T 67988 108.0 0.8115 1 0.4757 0
T 67995 108.0 0.8120 1 0.5171 0
T 68002 108.0 0.8120 1 0.5171 0
T 68010 108.0 0.8120 1 0.5171 0
T 68018 108.0 0.8125 1 0.5584 0
T 68025 108.0 0.8125 1 0.5584 0
T 68032 108.0 0.8125 1 0.5584 0
T 68040 108.0 0.8128 1 0.5980 0
T 68048 108.0 0.8128 1 0.5980 0
T 68055 108.0 0.8128 1 0.5980 0
T 68062 108.0 0.8132 1 0.6376 0
T 68070 108.0 0.8132 1 0.6376 0
T 68078 108.0 0.8132 1 0.6376 0
T 68085 108.0 0.8130 1 0.6790 0
T 68092 108.0 0.8130 1 0.6790 0
T 68100 108.0 0.8130 1 0.6790 0
T 68108 108.0 0.8129 1 0.8006 0
T 68115 108.0 0.8129 1 0.8006 0
T 68122 108.0 0.8129 1 0.8006 0
T 68130 108.0 0.8128 1 0.8402 0
T 68138 108.0 0.8128 1 0.8402 0
T 68145 108.0 0.8128 1 0.8402 0
T 68152 108.0 0.8126 1 0.8799 0
T 68160 108.0 0.8126 1 0.8799 0
T 68168 108.0 0.8126 1 0.8799 0
T 68175 108.0 0.8123 1 0.9213 0
T 68182 108.0 0.8123 1 0.9213 0
T 68190 108.0 0.8123 1 0.9213 0
T 68198 108.0 0.8120 1 0.9627 0
T 68205 108.0 0.8120 1 0.9627 0
T 68212 108.0 0.8120 1 0.9627 0
T 68220 108.0 0.8117 1 0.0116 1
T 68228 108.0 0.8117 1 0.0116 0
T 68235 108.0 0.8117 1 0.0116 0
T 68242 108.0 0.8115 1 0.0512 0
T 68250 108.0 0.8115 1 0.0512 0
T 68258 108.0 0.8115 1 0.0512 0
T 68265 108.0 0.8116 1 0.0926 0
T 68272 108.0 0.8116 1 0.0926 0
T 68280 108.0 0.8116 1 0.0926 0
T 68288 108.0 0.8120 1 0.1340 0
T 68295 108.0 0.8120 1 0.1340 0
T 68302 108.0 0.8120 1 0.1340 0
T 68310 108.0 0.8121 1 0.1736 0
T 68318 108.0 0.8121 1 0.1736 0
T 68325 108.0 0.8121 1 0.1736 0
T 68332 108.0 0.8123 1 0.1698 0
T 68340 108.0 0.8123 1 0.1698 0
T 68348 108.0 0.8123 1 0.1698 0
T 68355 108.0 0.8125 1 0.2112 0
T 68362 108.0 0.8125 1 0.2112 0
T 68370 108.0 0.8125 1 0.2112 0
T 68378 108.0 0.8126 1 0.2526 0
T 68385 108.0 0.8126 1 0.2526 0
T 68392 108.0 0.8126 1 0.2526 0
T 68400 108.0 0.8125 1 0.2922 0
T 68408 108.0 0.8125 1 0.2922 0
T 68415 108.0 0.8125 1 0.2922 0
T 68422 108.0 0.8132 1 0.3318 0
T 68430 108.0 0.8132 1 0.3318 0
T 68438 108.0 0.8132 1 0.3318 0
T 68445 108.0 0.8137 1 0.2903 0
T 68452 108.0 0.8137 1 0.2903 0
T 68460 108.0 0.8137 1 0.2903 0
T 68468 108.0 0.8142 1 0.3316 0
T 68475 108.0 0.8142 1 0.3316 0
T 68482 108.0 0.8142 1 0.3316 0
T 68490 108.0 0.8145 1 0.3712 0
T 68498 108.0 0.8145 1 0.3712 0
T 68505 108.0 0.8145 1 0.3712 0
T 68512 108.0 0.8148 1 0.4108 0
T 68520 108.0 0.8148 1 0.4108 0
T 68528 108.0 0.8148 1 0.4108 0
T 68535 108.0 0.8148 1 0.4522 0
T 68542 108.0 0.8148 1 0.4522 0
T 68550 108.0 0.8148 1 0.4522 0
T 68558 108.0 0.8149 1 0.3935 0
T 68565 108.0 0.8149 1 0.3935 0
T 68572 108.0 0.8149 1 0.3935 0
T 68580 108.0 0.8149 1 0.4331 0
T 68588 108.0 0.8149 1 0.4331 0
T 68595 108.0 0.8149 1 0.4331 0
T 68602 108.0 0.8149 1 0.4727 0
T 68610 108.0 0.8149 1 0.4727 0
T 68618 108.0 0.8149 1 0.4727 0
T 68625 108.0 0.8148 1 0.5140 0
T 68632 108.0 0.8148 1 0.5140 0
T 68640 108.0 0.8148 1 0.5140 0
T 68648 108.0 0.8146 1 0.5554 0
T 68655 108.0 0.8146 1 0.5554 0
T 68662 108.0 0.8146 1 0.5554 0
T 68670 108.0 0.8145 1 0.6949 0
T 68678 108.0 0.8145 1 0.6949 0
T 68685 108.0 0.8145 1 0.6949 0
T 68692 108.0 0.8145 1 0.7345 0
T 68700 108.0 0.8145 1 0.7345 0
T 68708 108.0 0.8145 1 0.7345 0
T 68715 108.0 0.8145 1 0.7759 0
T 68722 108.0 0.8145 1 0.7759 0
T 68730 108.0 0.8145 1 0.7759 0
T 68738 108.0 0.8146 1 0.8173 0
T 68745 108.0 0.8146 1 0.8173 0
T 68752 108.0 0.8146 1 0.8173 0
T 68760 108.0 0.8146 1 0.8570 0
T 68768 108.0 0.8146 1 0.8570 0
T 68775 108.0 0.8146 1 0.8570 0
T 68782 108.0 0.8146 1 0.9323 0
T 68790 108.0 0.8146 1 0.9323 0
T 68798 108.0 0.8146 1 0.9323 0
T 68805 108.0 0.8146 1 0.9737 0
T 68812 108.0 0.8146 1 0.9737 0
T 68820 108.0 0.8146 1 0.9737 0
T 68828 108.0 0.8146 1 0.0151 1
T 68835 108.0 0.8146 1 0.0151 0
T 68842 108.0 0.8146 1 0.0151 0
T 68850 108.0 0.8146 1 0.0547 0
T 68858 108.0 0.8146 1 0.0547 0
T 68865 108.0 0.8146 1 0.0547 0
T 68872 108.0 0.8148 1 0.0944 0
T 68880 108.0 0.8148 1 0.0944 0
T 68888 108.0 0.8148 1 0.0944 0
T 68895 108.0 0.8151 1 0.1358 0
T 68902 108.0 0.8151 1 0.1358 0
T 68910 108.0 0.8151 1 0.1358 0
T 68918 108.0 0.8152 1 0.1772 0
T 68925 108.0 0.8152 1 0.1772 0
T 68932 108.0 0.8152 1 0.1772 0
T 68940 108.0 0.8153 1 0.2168 0
T 68948 108.0 0.8153 1 0.2168 0
T 68955 108.0 0.8153 1 0.2168 0
T 68962 108.0 0.8154 1 0.2564 0
T 68970 108.0 0.8154 1 0.2564 0
T 68978 108.0 0.8154 1 0.2564 0
T 68985 108.0 0.8155 1 0.2978 0
T 68992 108.0 0.8155 1 0.2978 0
T 69000 108.0 0.8155 1 0.2978 0
T 69008 108.0 0.8157 1 0.2647 0
T 69015 108.0 0.8157 1 0.2647 0
T 69022 108.0 0.8157 1 0.2647 0
T 69030 108.0 0.8158 1 0.3043 0
T 69038 108.0 0.8158 1 0.3043 0
T 69045 108.0 0.8158 1 0.3043 0
T 69052 108.0 0.8158 1 0.3439 0
T 69060 108.0 0.8158 1 0.3439 0
T 69068 108.0 0.8158 1 0.3439 0
T 69075 108.0 0.8157 1 0.3853 0
T 69082 108.0 0.8157 1 0.3853 0
T 69090 108.0 0.8157 1 0.3853 0
T 69098 108.0 0.8152 1 0.4267 0
T 69105 108.0 0.8152 1 0.4267 0
T 69112 108.0 0.8152 1 0.4267 0
T 69120 108.0 0.8149 1 0.3663 0
T 69128 108.0 0.8149 1 0.3663 0
T 69135 108.0 0.8149 1 0.3663 0
T 69142 108.0 0.8145 1 0.4058 0
T 69150 108.0 0.8145 1 0.4058 0
T 69158 108.0 0.8145 1 0.4058 0
T 69165 108.0 0.8146 1 0.4472 0
T 69172 108.0 0.8146 1 0.4472 0
T 69180 108.0 0.8146 1 0.4472 0
T 69188 108.0 0.8144 1 0.4886 0
T 69195 108.0 0.8144 1 0.4886 0
T 69202 108.0 0.8144 1 0.4886 0
T 69210 108.0 0.8140 1 0.4281 0
T 69218 108.0 0.8140 1 0.4281 0
T 69225 108.0 0.8140 1 0.4281 0
T 69232 108.0 0.8137 1 0.4677 0
T 69240 108.0 0.8137 1 0.4677 0
T 69248 108.0 0.8137 1 0.4677 0
T 69255 108.0 0.8135 1 0.5090 0
T 69262 108.0 0.8135 1 0.5090 0
T 69270 108.0 0.8135 1 0.5090 0
T 69278 108.0 0.8132 1 0.5504 0
T 69285 108.0 0.8132 1 0.5504 0
T 69292 108.0 0.8132 1 0.5504 0
T 69300 108.0 0.8132 1 0.5899 0
T 69308 108.0 0.8132 1 0.5899 0
T 69315 108.0 0.8132 1 0.5899 0
T 69322 108.0 0.8136 1 0.6295 0
T 69330 108.0 0.8136 1 0.6295 0
T 69338 108.0 0.8136 1 0.6295 0
T 69345 108.0 0.8141 1 0.6708 0
T 69352 108.0 0.8141 1 0.6708 0
T 69360 108.0 0.8141 1 0.6708 0
T 69368 108.0 0.8144 1 0.7122 0
T 69375 108.0 0.8144 1 0.7122 0
T 69382 108.0 0.8144 1 0.7122 0
T 69390 108.0 0.8146 1 0.7518 0
T 69398 108.0 0.8146 1 0.7518 0
T 69405 108.0 0.8146 1 0.7518 0
T 69412 108.0 0.8143 1 0.7914 0
T 69420 108.0 0.8143 1 0.7914 0
T 69428 108.0 0.8143 1 0.7914 0
T 69435 108.0 0.8137 1 0.8849 0
T 69442 108.0 0.8137 1 0.8849 0
T 69450 108.0 0.8137 1 0.8849 0
T 69458 108.0 0.8132 1 0.9263 0
T 69465 108.0 0.8132 1 0.9263 0
T 69472 108.0 0.8132 1 0.9263 0
T 69480 108.0 0.8128 1 0.9659 0
T 69488 108.0 0.8128 1 0.9659 0
T 69495 108.0 0.8128 1 0.9659 0
T 69502 108.0 0.8123 1 0.0055 1
T 69510 108.0 0.8123 1 0.0055 0
T 69518 108.0 0.8123 1 0.0055 0
T 69525 108.0 0.8121 1 0.0469 0
T 69532 108.0 0.8121 1 0.0469 0
T 69540 108.0 0.8121 1 0.0469 0
T 69548 108.0 0.8119 1 0.0765 0
T 69555 108.0 0.8119 1 0.0765 0
T 69562 108.0 0.8119 1 0.0765 0
T 69570 108.0 0.8118 1 0.1161 0
T 69578 108.0 0.8118 1 0.1161 0
T 69585 108.0 0.8118 1 0.1161 0
T 69592 108.0 0.8115 1 0.1557 0
T 69600 108.0 0.8115 1 0.1557 0
T 69608 108.0 0.8115 1 0.1557 0
T 69615 108.0 0.8117 1 0.1971 0
T 69622 108.0 0.8117 1 0.1971 0
T 69630 108.0 0.8117 1 0.1971 0
T 69638 108.0 0.8115 1 0.2385 0
T 69645 108.0 0.8115 1 0.2385 0
T 69652 108.0 0.8115 1 0.2385 0
T 69660 108.0 0.8112 1 0.2185 0
T 69668 108.0 0.8112 1 0.2185 0
T 69675 108.0 0.8112 1 0.2185 0
T 69682 108.0 0.8110 1 0.2581 0
T 69690 108.0 0.8110 1 0.2581 0
T 69698 108.0 0.8110 1 0.2581 0
T 69705 108.0 0.8109 1 0.2994 0
T 69712 108.0 0.8109 1 0.2994 0
T 69720 108.0 0.8109 1 0.2994 0
T 69728 108.0 0.8106 1 0.3408 0
T 69735 108.0 0.8106 1 0.3408 0
T 69742 108.0 0.8106 1 0.3408 0
T 69750 108.0 0.8113 1 0.3804 0
T 69758 108.0 0.8113 1 0.3804 0
T 69765 108.0 0.8113 1 0.3804 0
T 69772 108.0 0.8119 1 0.4200 0
T 69780 108.0 0.8119 1 0.4200 0
T 69788 108.0 0.8119 1 0.4200 0
T 69795 108.0 0.8126 1 0.4614 0
T 69802 108.0 0.8126 1 0.4614 0
T 69810 108.0 0.8126 1 0.4614 0
T 69818 108.0 0.8130 1 0.5028 0
T 69825 108.0 0.8130 1 0.5028 0
T 69832 108.0 0.8130 1 0.5028 0
T 69840 108.0 0.8136 1 0.5424 0
T 69848 108.0 0.8136 1 0.5424 0
T 69855 108.0 0.8136 1 0.5424 0
T 69862 108.0 0.8134 1 0.5820 0
T 69870 108.0 0.8134 1 0.5820 0
T 69878 108.0 0.8134 1 0.5820 0
T 69885 108.0 0.8133 1 0.7233 0
T 69892 108.0 0.8133 1 0.7233 0
T 69900 108.0 0.8133 1 0.7233 0
T 69908 108.0 0.8132 1 0.7648 0
T 69915 108.0 0.8132 1 0.7648 0
T 69922 108.0 0.8132 1 0.7648 0
T 69930 108.0 0.8131 1 0.8044 0
T 69938 108.0 0.8131 1 0.8044 0
T 69945 108.0 0.8131 1 0.8044 0
T 69952 108.0 0.8128 1 0.8440 0
T 69960 108.0 0.8128 1 0.8440 0
T 69968 108.0 0.8128 1 0.8440 0
T 69975 108.0 0.8126 1 0.8854 0
T 69982 108.0 0.8126 1 0.8854 0
T 69990 108.0 0.8126 1 0.8854 0
T 69998 108.0 0.8125 1 0.9555 0
T 70005 108.0 0.8125 1 0.9555 0
T 70012 108.0 0.8125 1 0.9555 0
T 70020 108.0 0.8124 1 0.9951 0
T 70028 108.0 0.8124 1 0.9951 0
T 70035 108.0 0.8124 1 0.9951 0
T 70042 108.0 0.8126 1 0.0347 1
T 70050 108.0 0.8126 1 0.0347 0
T 70058 108.0 0.8126 1 0.0347 0
T 70065 108.0 0.8130 1 0.0761 0
T 70072 108.0 0.8130 1 0.0761 0
T 70080 108.0 0.8130 1 0.0761 0
T 70088 108.0 0.8132 1 0.1176 0
T 70095 108.0 0.8132 1 0.1176 0
T 70102 108.0 0.8132 1 0.1176 0
T 70110 108.0 0.8134 1 0.1278 0
T 70118 108.0 0.8134 1 0.1278 0
T 70125 108.0 0.8134 1 0.1278 0
T 70132 108.0 0.8136 1 0.1674 0
T 70140 108.0 0.8136 1 0.1674 0
T 70148 108.0 0.8136 1 0.1674 0
T 70155 108.0 0.8137 1 0.2088 0
T 70162 108.0 0.8137 1 0.2088 0
T 70170 108.0 0.8137 1 0.2088 0
T 70178 108.0 0.8137 1 0.2502 0
T 70185 108.0 0.8137 1 0.2502 0
T 70192 108.0 0.8137 1 0.2502 0
T 70200 108.0 0.8143 1 0.2898 0
T 70208 108.0 0.8143 1 0.2898 0
T 70215 108.0 0.8143 1 0.2898 0
T 70222 108.0 0.8148 1 0.2570 0
T 70230 108.0 0.8148 1 0.2570 0
T 70238 108.0 0.8148 1 0.2570 0
T 70245 108.0 0.8152 1 0.2983 0
T 70252 108.0 0.8152 1 0.2983 0
T 70260 108.0 0.8152 1 0.2983 0
T 70268 108.0 0.8154 1 0.3397 0
T 70275 108.0 0.8154 1 0.3397 0
T 70282 108.0 0.8154 1 0.3397 0
T 70290 108.0 0.8157 1 0.3793 0
T 70298 108.0 0.8157 1 0.3793 0
T 70305 108.0 0.8157 1 0.3793 0
T 70312 108.0 0.8157 1 0.4189 0
T 70320 108.0 0.8157 1 0.4189 0
T 70328 108.0 0.8157 1 0.4189 0
T 70335 108.0 0.8158 1 0.3603 0
T 70342 108.0 0.8158 1 0.3603 0
T 70350 108.0 0.8158 1 0.3603 0
T 70358 108.0 0.8159 1 0.4016 0
T 70365 108.0 0.8159 1 0.4016 0
T 70372 108.0 0.8159 1 0.4016 0
T 70380 108.0 0.8159 1 0.4412 0
T 70388 108.0 0.8159 1 0.4412 0
T 70395 108.0 0.8159 1 0.4412 0
T 70402 108.0 0.8159 1 0.4808 0
T 70410 108.0 0.8159 1 0.4808 0
T 70418 108.0 0.8159 1 0.4808 0
T 70425 108.0 0.8158 1 0.5221 0
T 70432 108.0 0.8158 1 0.5221 0
T 70440 108.0 0.8158 1 0.5221 0
T 70448 108.0 0.8158 1 0.6635 0
T 70455 108.0 0.8158 1 0.6635 0
T 70462 108.0 0.8158 1 0.6635 0
T 70470 108.0 0.8157 1 0.7031 0
T 70478 108.0 0.8157 1 0.7031 0
T 70485 108.0 0.8157 1 0.7031 0
T 70492 108.0 0.8158 1 0.7427 0
T 70500 108.0 0.8158 1 0.7427 0
T 70508 108.0 0.8158 1 0.7427 0
T 70515 108.0 0.8160 1 0.7841 0
T 70522 108.0 0.8160 1 0.7841 0
T 70530 108.0 0.8160 1 0.7841 0
T 70538 108.0 0.8156 1 0.8255 0
T 70545 108.0 0.8156 1 0.8255 0
T 70552 108.0 0.8156 1 0.8255 0
T 70560 108.0 0.8153 1 0.9088 0
T 70568 108.0 0.8153 1 0.9088 0
T 70575 108.0 0.8153 1 0.9088 0
T 70582 108.0 0.8150 1 0.9484 0
T 70590 108.0 0.8150 1 0.9484 0
T 70598 108.0 0.8150 1 0.9484 0
T 70605 108.0 0.8148 1 0.9898 0
T 70612 108.0 0.8148 1 0.9898 0
T 70620 108.0 0.8148 1 0.9898 0
T 70628 108.0 0.8145 1 0.0312 1
T 70635 108.0 0.8145 1 0.0312 0
T 70642 108.0 0.8145 1 0.0312 0
T 70650 108.0 0.8146 1 0.0708 0
T 70658 108.0 0.8146 1 0.0708 0
T 70665 108.0 0.8146 1 0.0708 0
T 70672 108.0 0.8148 1 0.1104 0
T 70680 108.0 0.8148 1 0.1104 0
T 70688 108.0 0.8148 1 0.1104 0
T 70695 108.0 0.8148 1 0.1518 0
T 70702 108.0 0.8148 1 0.1518 0
T 70710 108.0 0.8148 1 0.1518 0
T 70718 108.0 0.8149 1 0.1933 0
T 70725 108.0 0.8149 1 0.1933 0
T 70732 108.0 0.8149 1 0.1933 0
T 70740 108.0 0.8149 1 0.2329 0
T 70748 108.0 0.8149 1 0.2329 0
T 70755 108.0 0.8149 1 0.2329 0
T 70762 108.0 0.8149 1 0.2725 0
T 70770 108.0 0.8149 1 0.2725 0
T 70778 108.0 0.8149 1 0.2725 0
T 70785 108.0 0.8150 1 0.2458 0
T 70792 108.0 0.8150 1 0.2458 0
T 70800 108.0 0.8150 1 0.2458 0
T 70808 108.0 0.8149 1 0.2872 0
T 70815 108.0 0.8149 1 0.2872 0
T 70822 108.0 0.8149 1 0.2872 0
T 70830 108.0 0.8146 1 0.3267 0
T 70838 108.0 0.8146 1 0.3267 0
T 70845 108.0 0.8146 1 0.3267 0
T 70852 108.0 0.8143 1 0.3663 0
T 70860 108.0 0.8143 1 0.3663 0
T 70868 108.0 0.8143 1 0.3663 0
T 70875 108.0 0.8137 1 0.4077 0
T 70882 108.0 0.8137 1 0.4077 0
T 70890 108.0 0.8137 1 0.4077 0
T 70898 108.0 0.8132 1 0.3491 0
T 70905 108.0 0.8132 1 0.3491 0
T 70912 108.0 0.8132 1 0.3491 0
T 70920 108.0 0.8128 1 0.3887 0
T 70928 108.0 0.8128 1 0.3887 0
T 70935 108.0 0.8128 1 0.3887 0
T 70942 108.0 0.8128 1 0.4282 0
T 70950 108.0 0.8128 1 0.4282 0
T 70958 108.0 0.8128 1 0.4282 0
T 70965 108.0 0.8124 1 0.4696 0
T 70972 108.0 0.8124 1 0.4696 0
T 70980 108.0 0.8124 1 0.4696 0
T 70988 108.0 0.8117 1 0.4110 0
T 70995 108.0 0.8117 1 0.4110 0
T 71002 108.0 0.8117 1 0.4110 0
T 71010 108.0 0.8112 1 0.4505 0
T 71018 108.0 0.8112 1 0.4505 0
T 71025 108.0 0.8112 1 0.4505 0
T 71032 108.0 0.8107 1 0.4901 0
T 71040 108.0 0.8107 1 0.4901 0
T 71048 108.0 0.8107 1 0.4901 0
T 71055 108.0 0.8102 1 0.5314 0
T 71062 108.0 0.8102 1 0.5314 0
T 71070 108.0 0.8102 1 0.5314 0
T 71078 108.0 0.8102 1 0.5728 0
T 71085 108.0 0.8102 1 0.5728 0
T 71092 108.0 0.8102 1 0.5728 0
T 71100 108.0 0.8106 1 0.6123 0
T 71108 108.0 0.8106 1 0.6123 0
T 71115 108.0 0.8106 1 0.6123 0
T 71122 108.0 0.8110 1 0.6519 0
T 71130 108.0 0.8110 1 0.6519 0
T 71138 108.0 0.8110 1 0.6519 0
T 71145 108.0 0.8113 1 0.6933 0
T 71152 108.0 0.8113 1 0.6933 0
T 71160 108.0 0.8113 1 0.6933 0
T 71168 108.0 0.8116 1 0.7346 0
T 71175 108.0 0.8116 1 0.7346 0
T 71182 108.0 0.8116 1 0.7346 0
T 71190 108.0 0.8112 1 0.7742 0
T 71198 108.0 0.8112 1 0.7742 0
T 71205 108.0 0.8112 1 0.7742 0
T 71212 108.0 0.8105 1 0.8702 0
T 71220 108.0 0.8105 1 0.8702 0
T 71228 108.0 0.8105 1 0.8702 0
T 71235 108.0 0.8100 1 0.9116 0
T 71242 108.0 0.8100 1 0.9116 0
T 71250 108.0 0.8100 1 0.9116 0
T 71258 108.0 0.8096 1 0.9530 0
T 71265 108.0 0.8096 1 0.9530 0
T 71272 108.0 0.8096 1 0.9530 0
T 71280 108.0 0.8090 1 0.9926 0
T 71288 108.0 0.8090 1 0.9926 0
T 71295 108.0 0.8090 1 0.9926 0
T 71302 108.0 0.8089 1 0.0322 1
T 71310 108.0 0.8089 1 0.0322 0
T 71318 108.0 0.8089 1 0.0322 0
T 71325 108.0 0.8088 1 0.0656 0
T 71332 108.0 0.8088 1 0.0656 0
T 71340 108.0 0.8088 1 0.0656 0
T 71348 108.0 0.8087 1 0.1070 0
T 71355 108.0 0.8087 1 0.1070 0
T 71362 108.0 0.8087 1 0.1070 0
T 71370 108.0 0.8087 1 0.1466 0
T 71378 108.0 0.8087 1 0.1466 0
T 71385 108.0 0.8087 1 0.1466 0
T 71392 108.0 0.8091 1 0.1862 0
T 71400 108.0 0.8091 1 0.1862 0
T 71408 108.0 0.8091 1 0.1862 0
T 71415 108.0 0.8091 1 0.2276 0
T 71422 108.0 0.8091 1 0.2276 0
T 71430 108.0 0.8091 1 0.2276 0
T 71438 108.0 0.8090 1 0.2121 0
T 71445 108.0 0.8090 1 0.2121 0
T 71452 108.0 0.8090 1 0.2121 0
T 71460 108.0 0.8090 1 0.2516 0
T 71468 108.0 0.8090 1 0.2516 0
T 71475 108.0 0.8090 1 0.2516 0
T 71482 108.0 0.8091 1 0.2912 0
T 71490 108.0 0.8091 1 0.2912 0
T 71498 108.0 0.8091 1 0.2912 0
T 71505 108.0 0.8090 1 0.3326 0
T 71512 108.0 0.8090 1 0.3326 0
T 71520 108.0 0.8090 1 0.3326 0
T 71528 108.0 0.8095 1 0.3740 0
T 71535 108.0 0.8095 1 0.3740 0
T 71542 108.0 0.8095 1 0.3740 0
T 71550 108.0 0.8100 1 0.4136 0
T 71558 108.0 0.8100 1 0.4136 0
T 71565 108.0 0.8100 1 0.4136 0
T 71572 108.0 0.8105 1 0.4532 0
T 71580 108.0 0.8105 1 0.4532 0
T 71588 108.0 0.8105 1 0.4532 0
T 71595 108.0 0.8109 1 0.4946 0
T 71602 108.0 0.8109 1 0.4946 0
T 71610 108.0 0.8109 1 0.4946 0
T 71618 108.0 0.8113 1 0.5360 0
T 71625 108.0 0.8113 1 0.5360 0
T 71632 108.0 0.8113 1 0.5360 0
T 71640 108.0 0.8111 1 0.5755 0
T 71648 108.0 0.8111 1 0.5755 0
T 71655 108.0 0.8111 1 0.5755 0
T 71662 108.0 0.8109 1 0.7151 0
T 71670 108.0 0.8109 1 0.7151 0
T 71678 108.0 0.8109 1 0.7151 0
T 71685 108.0 0.8107 1 0.7566 0
T 71692 108.0 0.8107 1 0.7566 0
T 71700 108.0 0.8107 1 0.7566 0
T 71708 108.0 0.8106 1 0.7980 0
T 71715 108.0 0.8106 1 0.7980 0
T 71722 108.0 0.8106 1 0.7980 0
T 71730 108.0 0.8103 1 0.8376 0
T 71738 108.0 0.8103 1 0.8376 0
T 71745 108.0 0.8103 1 0.8376 0
T 71752 108.0 0.8103 1 0.8772 0
T 71760 108.0 0.8103 1 0.8772 0
T 71768 108.0 0.8103 1 0.8772 0
T 71775 108.0 0.8102 1 0.9493 0
T 71782 108.0 0.8102 1 0.9493 0
T 71790 108.0 0.8102 1 0.9493 0
T 71798 108.0 0.8102 1 0.9908 0
T 71805 108.0 0.8102 1 0.9908 0
T 71812 108.0 0.8102 1 0.9908 0
T 71820 108.0 0.8104 1 0.0304 1
T 71828 108.0 0.8104 1 0.0304 0
T 71835 108.0 0.8104 1 0.0304 0
T 71842 108.0 0.8107 1 0.0700 0
T 71850 108.0 0.8107 1 0.0700 0
T 71858 108.0 0.8107 1 0.0700 0
T 71865 108.0 0.8109 1 0.1114 0
T 71872 108.0 0.8109 1 0.1114 0
T 71880 108.0 0.8109 1 0.1114 0
T 71888 108.0 0.8110 1 0.1250 0
T 71895 108.0 0.8110 1 0.1250 0
T 71902 108.0 0.8110 1 0.1250 0
T 71910 108.0 0.8111 1 0.1646 0
T 71918 108.0 0.8111 1 0.1646 0
T 71925 108.0 0.8111 1 0.1646 0
T 71932 108.0 0.8112 1 0.2042 0
T 71940 108.0 0.8112 1 0.2042 0
T 71948 108.0 0.8112 1 0.2042 0
T 71955 108.0 0.8112 1 0.2456 0
T 71962 108.0 0.8112 1 0.2456 0
T 71970 108.0 0.8112 1 0.2456 0
T 71978 108.0 0.8117 1 0.2870 0
T 71985 108.0 0.8117 1 0.2870 0
T 71992 108.0 0.8117 1 0.2870 0
T 72000 108.0 0.8121 1 0.3266 0
T 72008 108.0 0.8121 1 0.3266 0
T 72015 108.0 0.8121 1 0.3266 0
T 72022 108.0 0.8124 1 0.3662 0
T 72030 108.0 0.8124 1 0.3662 0
T 72038 108.0 0.8124 1 0.3662 0
T 72045 108.0 0.8127 1 0.4076 0
T 72052 108.0 0.8127 1 0.4076 0
T 72060 108.0 0.8127 1 0.4076 0
T 72068 108.0 0.8129 1 0.4490 0
T 72075 108.0 0.8129 1 0.4490 0
T 72082 108.0 0.8129 1 0.4490 0
T 72090 108.0 0.8128 1 0.4886 0
T 72098 108.0 0.8128 1 0.4886 0
T 72105 108.0 0.8128 1 0.4886 0
T 72112 108.0 0.8128 1 0.4282 0
T 72120 108.0 0.8128 1 0.4282 0
T 72128 108.0 0.8128 1 0.4282 0
T 72135 108.0 0.8128 1 0.4696 0
T 72142 108.0 0.8128 1 0.4696 0
T 72150 108.0 0.8128 1 0.4696 0
T 72158 108.0 0.8127 1 0.5109 0
T 72165 108.0 0.8127 1 0.5109 0
T 72172 108.0 0.8127 1 0.5109 0
T 72180 108.0 0.8126 1 0.5505 0
T 72188 108.0 0.8126 1 0.5505 0
T 72195 108.0 0.8126 1 0.5505 0
T 72202 108.0 0.8125 1 0.5901 0
T 72210 108.0 0.8125 1 0.5901 0
T 72218 108.0 0.8125 1 0.5901 0
T 72225 108.0 0.8125 1 0.7315 0
T 72232 108.0 0.8125 1 0.7315 0
T 72240 108.0 0.8125 1 0.7315 0
T 72248 108.0 0.8124 1 0.7729 0
T 72255 108.0 0.8124 1 0.7729 0
T 72262 108.0 0.8124 1 0.7729 0
T 72270 108.0 0.8126 1 0.8125 0
T 72278 108.0 0.8126 1 0.8125 0
T 72285 108.0 0.8126 1 0.8125 0
T 72292 108.0 0.8128 1 0.8521 0
T 72300 108.0 0.8128 1 0.8521 0
T 72308 108.0 0.8128 1 0.8521 0
T 72315 108.0 0.8125 1 0.8935 0
T 72322 108.0 0.8125 1 0.8935 0
T 72330 108.0 0.8125 1 0.8935 0
T 72338 108.0 0.8123 1 0.9615 0
T 72345 108.0 0.8123 1 0.9615 0
T 72352 108.0 0.8123 1 0.9615 0
T 72360 108.0 0.8121 1 0.0011 1
T 72368 108.0 0.8121 1 0.0011 0
T 72375 108.0 0.8121 1 0.0011 0
T 72382 108.0 0.8120 1 0.0408 0
T 72390 108.0 0.8120 1 0.0408 0
T 72398 108.0 0.8120 1 0.0408 0
T 72405 108.0 0.8118 1 0.0822 0
T 72412 108.0 0.8118 1 0.0822 0
T 72420 108.0 0.8118 1 0.0822 0
T 72428 108.0 0.8118 1 0.1236 0
T 72435 108.0 0.8118 1 0.1236 0
T 72442 108.0 0.8118 1 0.1236 0
T 72450 108.0 0.8119 1 0.1632 0
T 72458 108.0 0.8119 1 0.1632 0
T 72465 108.0 0.8119 1 0.1632 0
T 72472 108.0 0.8119 1 0.2028 0
T 72480 108.0 0.8119 1 0.2028 0
T 72488 108.0 0.8119 1 0.2028 0
T 72495 108.0 0.8119 1 0.2442 0
T 72502 108.0 0.8119 1 0.2442 0
T 72510 108.0 0.8119 1 0.2442 0
T 72518 108.0 0.8119 1 0.2856 0
T 72525 108.0 0.8119 1 0.2856 0
T 72532 108.0 0.8119 1 0.2856 0
T 72540 108.0 0.8119 1 0.3252 0
T 72548 108.0 0.8119 1 0.3252 0
T 72555 108.0 0.8119 1 0.3252 0
T 72562 108.0 0.8119 1 0.2835 0
T 72570 108.0 0.8119 1 0.2835 0
T 72578 108.0 0.8119 1 0.2835 0
T 72585 108.0 0.8119 1 0.3249 0
T 72592 108.0 0.8119 1 0.3249 0
T 72600 108.0 0.8119 1 0.3249 0
T 72608 108.0 0.8117 1 0.3663 0
T 72615 108.0 0.8117 1 0.3663 0
T 72622 108.0 0.8117 1 0.3663 0
T 72630 108.0 0.8116 1 0.4059 0
T 72638 108.0 0.8116 1 0.4059 0
T 72645 108.0 0.8116 1 0.4059 0
T 72652 108.0 0.8112 1 0.4455 0
T 72660 108.0 0.8112 1 0.4455 0
T 72668 108.0 0.8112 1 0.4455 0
T 72675 108.0 0.8110 1 0.3868 0
T 72682 108.0 0.8110 1 0.3868 0
T 72690 108.0 0.8110 1 0.3868 0
T 72698 108.0 0.8107 1 0.4282 0
T 72705 108.0 0.8107 1 0.4282 0
T 72712 108.0 0.8107 1 0.4282 0
T 72720 108.0 0.8107 1 0.4678 0
T 72728 108.0 0.8107 1 0.4678 0
T 72735 108.0 0.8107 1 0.4678 0
T 72742 108.0 0.8102 1 0.5073 0
T 72750 108.0 0.8102 1 0.5073 0
T 72758 108.0 0.8102 1 0.5073 0
T 72765 108.0 0.8094 1 0.6487 0
T 72772 108.0 0.8094 1 0.6487 0
T 72780 108.0 0.8094 1 0.6487 0
T 72788 108.0 0.8088 1 0.6901 0
T 72795 108.0 0.8088 1 0.6901 0
T 72802 108.0 0.8088 1 0.6901 0
T 72810 108.0 0.8084 1 0.7297 0
T 72818 108.0 0.8084 1 0.7297 0
T 72825 108.0 0.8084 1 0.7297 0
T 72832 108.0 0.8079 1 0.7693 0
T 72840 108.0 0.8079 1 0.7693 0
T 72848 108.0 0.8079 1 0.7693 0
T 72855 108.0 0.8079 1 0.8107 0
T 72862 108.0 0.8079 1 0.8107 0
T 72870 108.0 0.8079 1 0.8107 0
T 72878 108.0 0.8084 1 0.8521 0
T 72885 108.0 0.8084 1 0.8521 0
T 72892 108.0 0.8084 1 0.8521 0
T 72900 108.0 0.8088 1 0.8917 0
T 72908 108.0 0.8088 1 0.8917 0
T 72915 108.0 0.8088 1 0.8917 0
T 72922 108.0 0.8092 1 0.9313 0
T 72930 108.0 0.8092 1 0.9313 0
T 72938 108.0 0.8092 1 0.9313 0
T 72945 108.0 0.8096 1 0.9727 0
T 72952 108.0 0.8096 1 0.9727 0
T 72960 108.0 0.8096 1 0.9727 0
T 72968 108.0 0.8092 1 0.0141 1
T 72975 108.0 0.8092 1 0.0141 0
T 72982 108.0 0.8092 1 0.0141 0
T 72990 108.0 0.8086 1 0.0502 0
T 72998 108.0 0.8086 1 0.0502 0
T 73005 108.0 0.8086 1 0.0502 0
T 73012 108.0 0.8081 1 0.0898 0
T 73020 108.0 0.8081 1 0.0898 0
T 73028 108.0 0.8081 1 0.0898 0
T 73035 108.0 0.8077 1 0.1312 0
T 73042 108.0 0.8077 1 0.1312 0
T 73050 108.0 0.8077 1 0.1312 0
T 73058 108.0 0.8072 1 0.1726 0
T 73065 108.0 0.8072 1 0.1726 0
T 73072 108.0 0.8072 1 0.1726 0
T 73080 108.0 0.8072 1 0.2122 0
T 73088 108.0 0.8072 1 0.2122 0
T 73095 108.0 0.8072 1 0.2122 0
T 73102 108.0 0.8073 1 0.1988 0
T 73110 108.0 0.8073 1 0.1988 0
T 73118 108.0 0.8073 1 0.1988 0
T 73125 108.0 0.8074 1 0.2401 0
T 73132 108.0 0.8074 1 0.2401 0
T 73140 108.0 0.8074 1 0.2401 0
T 73148 108.0 0.8075 1 0.2815 0
T 73155 108.0 0.8075 1 0.2815 0
T 73162 108.0 0.8075 1 0.2815 0
T 73170 108.0 0.8080 1 0.3211 0
T 73178 108.0 0.8080 1 0.3211 0
T 73185 108.0 0.8080 1 0.3211 0
T 73192 108.0 0.8079 1 0.3607 0
T 73200 108.0 0.8079 1 0.3607 0
T 73208 108.0 0.8079 1 0.3607 0
T 73215 108.0 0.8076 1 0.3119 0
T 73222 108.0 0.8076 1 0.3119 0
T 73230 108.0 0.8076 1 0.3119 0
T 73238 108.0 0.8075 1 0.3533 0
T 73245 108.0 0.8075 1 0.3533 0
T 73252 108.0 0.8075 1 0.3533 0
T 73260 108.0 0.8075 1 0.3929 0
T 73268 108.0 0.8075 1 0.3929 0
T 73275 108.0 0.8075 1 0.3929 0
T 73282 108.0 0.8072 1 0.4324 0
T 73290 108.0 0.8072 1 0.4324 0
T 73298 108.0 0.8072 1 0.4324 0
T 73305 108.0 0.8079 1 0.4738 0
T 73312 108.0 0.8079 1 0.4738 0
T 73320 108.0 0.8079 1 0.4738 0
T 73328 108.0 0.8085 1 0.5152 0
T 73335 108.0 0.8085 1 0.5152 0
T 73342 108.0 0.8085 1 0.5152 0
T 73350 108.0 0.8090 1 0.5548 0
T 73358 108.0 0.8090 1 0.5548 0
T 73365 108.0 0.8090 1 0.5548 0
T 73372 108.0 0.8095 1 0.5943 0
T 73380 108.0 0.8095 1 0.5943 0
T 73388 108.0 0.8095 1 0.5943 0
T 73395 108.0 0.8100 1 0.6357 0
T 73402 108.0 0.8100 1 0.6357 0
T 73410 108.0 0.8100 1 0.6357 0
T 73418 108.0 0.8100 1 0.6771 0
T 73425 108.0 0.8100 1 0.6771 0
T 73432 108.0 0.8100 1 0.6771 0
T 73440 108.0 0.8099 1 0.7974 0
T 73448 108.0 0.8099 1 0.7974 0
T 73455 108.0 0.8099 1 0.7974 0
T 73462 108.0 0.8098 1 0.8370 0
T 73470 108.0 0.8098 1 0.8370 0
T 73478 108.0 0.8098 1 0.8370 0
T 73485 108.0 0.8097 1 0.8784 0
T 73492 108.0 0.8097 1 0.8784 0
T 73500 108.0 0.8097 1 0.8784 0
T 73508 108.0 0.8095 1 0.9198 0
T 73515 108.0 0.8095 1 0.9198 0
T 73522 108.0 0.8095 1 0.9198 0
T 73530 108.0 0.8095 1 0.9595 0
T 73538 108.0 0.8095 1 0.9595 0
T 73545 108.0 0.8095 1 0.9595 0
T 73552 108.0 0.8096 1 0.0092 1
T 73560 108.0 0.8096 1 0.0092 0
T 73568 108.0 0.8096 1 0.0092 0
T 73575 108.0 0.8096 1 0.0506 0
T 73582 108.0 0.8096 1 0.0506 0
T 73590 108.0 0.8096 1 0.0506 0
T 73598 108.0 0.8097 1 0.0920 0
T 73605 108.0 0.8097 1 0.0920 0
T 73612 108.0 0.8097 1 0.0920 0
T 73620 108.0 0.8100 1 0.1316 0
T 73628 108.0 0.8100 1 0.1316 0
T 73635 108.0 0.8100 1 0.1316 0
T 73642 108.0 0.8101 1 0.1712 0
T 73650 108.0 0.8101 1 0.1712 0
T 73658 108.0 0.8101 1 0.1712 0
T 73665 108.0 0.8102 1 0.1698 0
T 73672 108.0 0.8102 1 0.1698 0
T 73680 108.0 0.8102 1 0.1698 0
T 73688 108.0 0.8103 1 0.2112 0
T 73695 108.0 0.8103 1 0.2112 0
T 73702 108.0 0.8103 1 0.2112 0
T 73710 108.0 0.8104 1 0.2508 0
T 73718 108.0 0.8104 1 0.2508 0
T 73725 108.0 0.8104 1 0.2508 0
T 73732 108.0 0.8105 1 0.2904 0
T 73740 108.0 0.8105 1 0.2904 0
T 73748 108.0 0.8105 1 0.2904 0
T 73755 108.0 0.8111 1 0.3318 0
T 73762 108.0 0.8111 1 0.3318 0
T 73770 108.0 0.8111 1 0.3318 0
T 73778 108.0 0.8116 1 0.2903 0
T 73785 108.0 0.8116 1 0.2903 0
T 73792 108.0 0.8116 1 0.2903 0
T 73800 108.0 0.8120 1 0.3298 0
T 73808 108.0 0.8120 1 0.3298 0
T 73815 108.0 0.8120 1 0.3298 0
T 73822 108.0 0.8123 1 0.3694 0
T 73830 108.0 0.8123 1 0.3694 0
T 73838 108.0 0.8123 1 0.3694 0
T 73845 108.0 0.8127 1 0.4108 0
T 73852 108.0 0.8127 1 0.4108 0
T 73860 108.0 0.8127 1 0.4108 0
T 73868 108.0 0.8128 1 0.4522 0
T 73875 108.0 0.8128 1 0.4522 0
T 73882 108.0 0.8128 1 0.4522 0
T 73890 108.0 0.8131 1 0.4917 0
T 73898 108.0 0.8131 1 0.4917 0
T 73905 108.0 0.8131 1 0.4917 0
T 73912 108.0 0.8134 1 0.5313 0
T 73920 108.0 0.8134 1 0.5313 0
T 73928 108.0 0.8134 1 0.5313 0
T 73935 108.0 0.8135 1 0.5727 0
T 73942 108.0 0.8135 1 0.5727 0
T 73950 108.0 0.8135 1 0.5727 0
T 73958 108.0 0.8137 1 0.6141 0
T 73965 108.0 0.8137 1 0.6141 0
T 73972 108.0 0.8137 1 0.6141 0
T 73980 108.0 0.8139 1 0.6537 0
T 73988 108.0 0.8139 1 0.6537 0
T 73995 108.0 0.8139 1 0.6537 0
T 74002 108.0 0.8141 1 0.7798 0
T 74010 108.0 0.8141 1 0.7798 0
T 74018 108.0 0.8141 1 0.7798 0
T 74025 108.0 0.8143 1 0.8213 0
T 74032 108.0 0.8143 1 0.8213 0
T 74040 108.0 0.8143 1 0.8213 0
T 74048 108.0 0.8145 1 0.8627 0
T 74055 108.0 0.8145 1 0.8627 0
T 74062 108.0 0.8145 1 0.8627 0
T 74070 108.0 0.8147 1 0.9023 0
T 74078 108.0 0.8147 1 0.9023 0
T 74085 108.0 0.8147 1 0.9023 0
T 74092 108.0 0.8148 1 0.9419 0
T 74100 108.0 0.8148 1 0.9419 0
T 74108 108.0 0.8148 1 0.9419 0
T 74115 108.0 0.8150 1 0.9978 0
T 74122 108.0 0.8150 1 0.9978 0
T 74130 108.0 0.8150 1 0.9978 0
T 74138 108.0 0.8151 1 0.0393 1
T 74145 108.0 0.8151 1 0.0393 0
T 74152 108.0 0.8151 1 0.0393 0
T 74160 108.0 0.8153 1 0.0789 0
T 74168 108.0 0.8153 1 0.0789 0
T 74175 108.0 0.8153 1 0.0789 0
T 74182 108.0 0.8153 1 0.1185 0
T 74190 108.0 0.8153 1 0.1185 0
T 74198 108.0 0.8153 1 0.1185 0
T 74205 108.0 0.8156 1 0.1599 0
T 74212 108.0 0.8156 1 0.1599 0
T 74220 108.0 0.8156 1 0.1599 0
T 74228 108.0 0.8159 1 0.2013 0
T 74235 108.0 0.8159 1 0.2013 0
T 74242 108.0 0.8159 1 0.2013 0
T 74250 108.0 0.8162 1 0.2409 0
T 74258 108.0 0.8162 1 0.2409 0
T 74265 108.0 0.8162 1 0.2409 0
T 74272 108.0 0.8164 1 0.2805 0
T 74280 108.0 0.8164 1 0.2805 0
T 74288 108.0 0.8164 1 0.2805 0
T 74295 108.0 0.8166 1 0.3219 0
T 74302 108.0 0.8166 1 0.3219 0
T 74310 108.0 0.8166 1 0.3219 0
T 74318 108.0 0.8169 1 0.3633 0
T 74325 108.0 0.8169 1 0.3633 0
T 74332 108.0 0.8169 1 0.3633 0
T 74340 108.0 0.8172 1 0.3121 0
T 74348 108.0 0.8172 1 0.3121 0
T 74355 108.0 0.8172 1 0.3121 0
T 74362 108.0 0.8173 1 0.3517 0
T 74370 108.0 0.8173 1 0.3517 0
T 74378 108.0 0.8173 1 0.3517 0
T 74385 108.0 0.8173 1 0.3931 0
T 74392 108.0 0.8173 1 0.3931 0
T 74400 108.0 0.8173 1 0.3931 0
T 74408 108.0 0.8175 1 0.4344 0
T 74415 108.0 0.8175 1 0.4344 0
T 74422 108.0 0.8175 1 0.4344 0
T 74430 108.0 0.8176 1 0.4740 0
T 74438 108.0 0.8176 1 0.4740 0
T 74445 108.0 0.8176 1 0.4740 0
T 74452 108.0 0.8179 1 0.5136 0
T 74460 108.0 0.8179 1 0.5136 0
T 74468 108.0 0.8179 1 0.5136 0
T 74475 108.0 0.8181 1 0.5550 0
T 74482 108.0 0.8181 1 0.5550 0
T 74490 108.0 0.8181 1 0.5550 0
T 74498 108.0 0.8186 1 0.5964 0
T 74505 108.0 0.8186 1 0.5964 0
T 74512 108.0 0.8186 1 0.5964 0
T 74520 108.0 0.8191 1 0.6360 0
T 74528 108.0 0.8191 1 0.6360 0
T 74535 108.0 0.8191 1 0.6360 0
T 74542 108.0 0.8195 1 0.6756 0
T 74550 108.0 0.8195 1 0.6756 0
T 74558 108.0 0.8195 1 0.6756 0
T 74565 108.0 0.8199 1 0.7170 0
T 74572 108.0 0.8199 1 0.7170 0
T 74580 108.0 0.8199 1 0.7170 0
T 74588 108.0 0.8203 1 0.7583 0
T 74595 108.0 0.8203 1 0.7583 0
T 74602 108.0 0.8203 1 0.7583 0
T 74610 108.0 0.8205 1 0.7979 0
T 74618 108.0 0.8205 1 0.7979 0
T 74625 108.0 0.8205 1 0.7979 0
T 74632 108.0 0.8207 1 0.8375 0
T 74640 108.0 0.8207 1 0.8375 0
T 74648 108.0 0.8207 1 0.8375 0
T 74655 108.0 0.8211 1 0.8789 0
T 74662 108.0 0.8211 1 0.8789 0
T 74670 108.0 0.8211 1 0.8789 0
T 74678 108.0 0.8215 1 0.9203 0
T 74685 108.0 0.8215 1 0.9203 0
T 74692 108.0 0.8215 1 0.9203 0
T 74700 108.0 0.8218 1 0.9599 0
T 74708 108.0 0.8218 1 0.9599 0
T 74715 108.0 0.8218 1 0.9599 0
T 74722 108.0 0.8221 1 0.9995 0
T 74730 108.0 0.8221 1 0.9995 0
T 74738 108.0 0.8221 1 0.9995 0
T 74745 108.0 0.8218 1 0.0409 1
T 74752 108.0 0.8218 1 0.0409 0
T 74760 108.0 0.8218 1 0.0409 0
T 74768 108.0 0.8215 1 0.0721 0
T 74775 108.0 0.8215 1 0.0721 0
T 74782 108.0 0.8215 1 0.0721 0
T 74790 108.0 0.8212 1 0.1117 0
T 74798 108.0 0.8212 1 0.1117 0
T 74805 108.0 0.8212 1 0.1117 0
T 74812 108.0 0.8210 1 0.1513 0
T 74820 108.0 0.8210 1 0.1513 0
T 74828 108.0 0.8210 1 0.1513 0
T 74835 108.0 0.8206 1 0.1927 0
T 74842 108.0 0.8206 1 0.1927 0
T 74850 108.0 0.8206 1 0.1927 0
T 74858 108.0 0.8201 1 0.2341 0
T 74865 108.0 0.8201 1 0.2341 0
T 74872 108.0 0.8201 1 0.2341 0
T 74880 108.0 0.8196 1 0.2737 0
T 74888 108.0 0.8196 1 0.2737 0
T 74895 108.0 0.8196 1 0.2737 0
T 74902 108.0 0.8191 1 0.3133 0
T 74910 108.0 0.8191 1 0.3133 0
T 74918 108.0 0.8191 1 0.3133 0
T 74925 108.0 0.8186 1 0.3546 0
T 74932 108.0 0.8186 1 0.3546 0
T 74940 108.0 0.8186 1 0.3546 0
T 74948 108.0 0.8185 1 0.3960 0
T 74955 108.0 0.8185 1 0.3960 0
T 74962 108.0 0.8185 1 0.3960 0
T 74970 108.0 0.8183 1 0.4356 0
T 74978 108.0 0.8183 1 0.4356 0
T 74985 108.0 0.8183 1 0.4356 0
T 74992 108.0 0.8182 1 0.4752 0
T 75000 108.0 0.8182 1 0.4752 0
T 75008 108.0 0.8182 1 0.4752 0
T 75015 108.0 0.8181 1 0.5166 0
T 75022 108.0 0.8181 1 0.5166 0
T 75030 108.0 0.8181 1 0.5166 0
T 75038 108.0 0.8180 1 0.5580 0
T 75045 108.0 0.8180 1 0.5580 0
T 75052 108.0 0.8180 1 0.5580 0
T 75060 108.0 0.8179 1 0.5976 0
T 75068 108.0 0.8179 1 0.5976 0
T 75075 108.0 0.8179 1 0.5976 0
T 75082 108.0 0.8178 1 0.6372 0
T 75090 108.0 0.8178 1 0.6372 0
T 75098 108.0 0.8178 1 0.6372 0
T 75105 108.0 0.8178 1 0.7693 0
T 75112 108.0 0.8178 1 0.7693 0
T 75120 108.0 0.8178 1 0.7693 0
T 75128 108.0 0.8177 1 0.8107 0
T 75135 108.0 0.8177 1 0.8107 0
T 75142 108.0 0.8177 1 0.8107 0
T 75150 108.0 0.8176 1 0.8504 0
T 75158 108.0 0.8176 1 0.8504 0
T 75165 108.0 0.8176 1 0.8504 0
T 75172 108.0 0.8175 1 0.8900 0
T 75180 108.0 0.8175 1 0.8900 0
T 75188 108.0 0.8175 1 0.8900 0
T 75195 108.0 0.8170 1 0.9314 0
T 75202 108.0 0.8170 1 0.9314 0
T 75210 108.0 0.8170 1 0.9314 0
T 75218 108.0 0.8166 1 0.9900 0
T 75225 108.0 0.8166 1 0.9900 0
T 75232 108.0 0.8166 1 0.9900 0
T 75240 108.0 0.8163 1 0.0296 1
T 75248 108.0 0.8163 1 0.0296 0
T 75255 108.0 0.8163 1 0.0296 0
T 75262 108.0 0.8160 1 0.0692 0
T 75270 108.0 0.8160 1 0.0692 0
T 75278 108.0 0.8160 1 0.0692 0
T 75285 108.0 0.8153 1 0.1106 0
T 75292 108.0 0.8153 1 0.1106 0
T 75300 108.0 0.8153 1 0.1106 0
T 75308 108.0 0.8157 1 0.1520 0
T 75315 108.0 0.8157 1 0.1520 0
T 75322 108.0 0.8157 1 0.1520 0
T 75330 108.0 0.8160 1 0.1536 0
T 75338 108.0 0.8160 1 0.1536 0
T 75345 108.0 0.8160 1 0.1536 0
T 75352 108.0 0.8162 1 0.1932 0
T 75360 108.0 0.8162 1 0.1932 0
T 75368 108.0 0.8162 1 0.1932 0
T 75375 108.0 0.8166 1 0.2346 0
T 75382 108.0 0.8166 1 0.2346 0
T 75390 108.0 0.8166 1 0.2346 0
T 75398 108.0 0.8173 1 0.2760 0
T 75405 108.0 0.8173 1 0.2760 0
T 75412 108.0 0.8173 1 0.2760 0
T 75420 108.0 0.8176 1 0.3156 0
T 75428 108.0 0.8176 1 0.3156 0
T 75435 108.0 0.8176 1 0.3156 0
T 75442 108.0 0.8178 1 0.2763 0
T 75450 108.0 0.8178 1 0.2763 0
T 75458 108.0 0.8178 1 0.2763 0
T 75465 108.0 0.8180 1 0.3177 0
T 75472 108.0 0.8180 1 0.3177 0
T 75480 108.0 0.8180 1 0.3177 0
T 75488 108.0 0.8180 1 0.3591 0
T 75495 108.0 0.8180 1 0.3591 0
T 75502 108.0 0.8180 1 0.3591 0
T 75510 108.0 0.8180 1 0.3987 0
T 75518 108.0 0.8180 1 0.3987 0
T 75525 108.0 0.8180 1 0.3987 0
T 75532 108.0 0.8179 1 0.4383 0
T 75540 108.0 0.8179 1 0.4383 0
T 75548 108.0 0.8179 1 0.4383 0
T 75555 108.0 0.8178 1 0.3796 0
T 75562 108.0 0.8178 1 0.3796 0
T 75570 108.0 0.8178 1 0.3796 0
T 75578 108.0 0.8177 1 0.4210 0
T 75585 108.0 0.8177 1 0.4210 0
T 75592 108.0 0.8177 1 0.4210 0
T 75600 108.0 0.8176 1 0.4606 0
T 75608 108.0 0.8176 1 0.4606 0
T 75615 108.0 0.8176 1 0.4606 0
T 75622 108.0 0.8173 1 0.5001 0
T 75630 108.0 0.8173 1 0.5001 0
T 75638 108.0 0.8173 1 0.5001 0
T 75645 108.0 0.8162 1 0.5415 0
T 75652 108.0 0.8162 1 0.5415 0
T 75660 108.0 0.8162 1 0.5415 0
T 75668 108.0 0.8153 1 0.6829 0
T 75675 108.0 0.8153 1 0.6829 0
T 75682 108.0 0.8153 1 0.6829 0
T 75690 108.0 0.8145 1 0.7225 0
T 75698 108.0 0.8145 1 0.7225 0
T 75705 108.0 0.8145 1 0.7225 0
T 75712 108.0 0.8138 1 0.7621 0
T 75720 108.0 0.8138 1 0.7621 0
T 75728 108.0 0.8138 1 0.7621 0
T 75735 108.0 0.8128 1 0.8035 0
T 75742 108.0 0.8128 1 0.8035 0
T 75750 108.0 0.8128 1 0.8035 0
T 75758 108.0 0.8120 1 0.8449 0
T 75765 108.0 0.8120 1 0.8449 0
T 75772 108.0 0.8120 1 0.8449 0
T 75780 108.0 0.8113 1 0.8845 0
T 75788 108.0 0.8113 1 0.8845 0
T 75795 108.0 0.8113 1 0.8845 0
T 75802 108.0 0.8107 1 0.9241 0
T 75810 108.0 0.8107 1 0.9241 0
T 75818 108.0 0.8107 1 0.9241 0
T 75825 108.0 0.8103 1 0.9655 0
T 75832 108.0 0.8103 1 0.9655 0
T 75840 108.0 0.8103 1 0.9655 0
T 75848 108.0 0.8101 1 0.0069 1
T 75855 108.0 0.8101 1 0.0069 0
T 75862 108.0 0.8101 1 0.0069 0
T 75870 108.0 0.8098 1 0.0465 0
T 75878 108.0 0.8098 1 0.0465 0
T 75885 108.0 0.8098 1 0.0465 0
T 75892 108.0 0.8097 1 0.0861 0
T 75900 108.0 0.8097 1 0.0861 0
T 75908 108.0 0.8097 1 0.0861 0
T 75915 108.0 0.8096 1 0.1275 0
T 75922 108.0 0.8096 1 0.1275 0
T 75930 108.0 0.8096 1 0.1275 0
T 75938 108.0 0.8094 1 0.1689 0
T 75945 108.0 0.8094 1 0.1689 0
T 75952 108.0 0.8094 1 0.1689 0
T 75960 108.0 0.8094 1 0.2085 0
T 75968 108.0 0.8094 1 0.2085 0
T 75975 108.0 0.8094 1 0.2085 0
T 75982 108.0 0.8093 1 0.2481 0
T 75990 108.0 0.8093 1 0.2481 0
T 75998 108.0 0.8093 1 0.2481 0
T 76005 108.0 0.8093 1 0.2895 0
T 76012 108.0 0.8093 1 0.2895 0
T 76020 108.0 0.8093 1 0.2895 0
T 76028 108.0 0.8092 1 0.3309 0
T 76035 108.0 0.8092 1 0.3309 0
T 76042 108.0 0.8092 1 0.3309 0
T 76050 108.0 0.8091 1 0.3705 0
T 76058 108.0 0.8091 1 0.3705 0
T 76065 108.0 0.8091 1 0.3705 0
T 76072 108.0 0.8087 1 0.4101 0
T 76080 108.0 0.8087 1 0.4101 0
T 76088 108.0 0.8087 1 0.4101 0
T 76095 108.0 0.8081 1 0.3515 0
T 76102 108.0 0.8081 1 0.3515 0
T 76110 108.0 0.8081 1 0.3515 0
T 76118 108.0 0.8076 1 0.3929 0
T 76125 108.0 0.8076 1 0.3929 0
T 76132 108.0 0.8076 1 0.3929 0
T 76140 108.0 0.8071 1 0.4325 0
T 76148 108.0 0.8071 1 0.4325 0
T 76155 108.0 0.8071 1 0.4325 0
T 76162 108.0 0.8066 1 0.4720 0
T 76170 108.0 0.8066 1 0.4720 0
T 76178 108.0 0.8066 1 0.4720 0
T 76185 108.0 0.8063 1 0.5134 0
T 76192 108.0 0.8063 1 0.5134 0
T 76200 108.0 0.8063 1 0.5134 0
T 76208 108.0 0.8061 1 0.5548 0
T 76215 108.0 0.8061 1 0.5548 0
T 76222 108.0 0.8061 1 0.5548 0
T 76230 108.0 0.8060 1 0.5944 0
T 76238 108.0 0.8060 1 0.5944 0
T 76245 108.0 0.8060 1 0.5944 0
T 76252 108.0 0.8058 1 0.6340 0
T 76260 108.0 0.8058 1 0.6340 0
T 76268 108.0 0.8058 1 0.6340 0
T 76275 108.0 0.8061 1 0.6753 0
T 76282 108.0 0.8061 1 0.6753 0
T 76290 108.0 0.8061 1 0.6753 0
T 76298 108.0 0.8063 1 0.7167 0
T 76305 108.0 0.8063 1 0.7167 0
T 76312 108.0 0.8063 1 0.7167 0
T 76320 108.0 0.8064 1 0.7563 0
T 76328 108.0 0.8064 1 0.7563 0
T 76335 108.0 0.8064 1 0.7563 0
T 76342 108.0 0.8066 1 0.7959 0
T 76350 108.0 0.8066 1 0.7959 0
T 76358 108.0 0.8066 1 0.7959 0
T 76365 108.0 0.8068 1 0.8373 0
T 76372 108.0 0.8068 1 0.8373 0
T 76380 108.0 0.8068 1 0.8373 0
T 76388 108.0 0.8068 1 0.8787 0
T 76395 108.0 0.8068 1 0.8787 0
T 76402 108.0 0.8068 1 0.8787 0
T 76410 108.0 0.8069 1 0.9183 0
T 76418 108.0 0.8069 1 0.9183 0
T 76425 108.0 0.8069 1 0.9183 0
T 76432 108.0 0.8069 1 0.9579 0
T 76440 108.0 0.8069 1 0.9579 0
T 76448 108.0 0.8069 1 0.9579 0
T 76455 108.0 0.8069 1 0.9993 0
T 76462 108.0 0.8069 1 0.9993 0
T 76470 108.0 0.8069 1 0.9993 0
T 76478 108.0 0.8069 1 0.0407 1
T 76485 108.0 0.8069 1 0.0407 0
T 76492 108.0 0.8069 1 0.0407 0
T 76500 108.0 0.8070 1 0.0803 0
T 76508 108.0 0.8070 1 0.0803 0
T 76515 108.0 0.8070 1 0.0803 0
T 76522 108.0 0.8049 1 0.1199 0
T 76530 108.0 0.8049 1 0.1199 0
T 76538 108.0 0.8049 1 0.1199 0
T 76545 108.0 0.8031 1 0.1313 0
T 76552 108.0 0.8031 1 0.1313 0
T 76560 108.0 0.8031 1 0.1313 0
T 76568 108.0 0.8017 1 0.1727 0
T 76575 108.0 0.8017 1 0.1727 0
T 76582 108.0 0.8017 1 0.1727 0
T 76590 108.0 0.8006 1 0.2123 0
T 76598 108.0 0.8006 1 0.2123 0
T 76605 108.0 0.8006 1 0.2123 0
T 76612 90.0 0.7904 1 0.2512 0
T 76620 90.0 0.7904 1 0.2512 0
T 76628 90.0 0.7904 1 0.2512 0
T 76635 90.0 0.7814 1 0.2869 0
T 76642 90.0 0.7814 1 0.2869 0
T 76650 90.0 0.7814 1 0.2869 0
T 76658 90.0 0.7736 1 0.3226 0
T 76665 90.0 0.7736 1 0.3226 0
T 76672 90.0 0.7736 1 0.3226 0
T 76680 90.0 0.7673 1 0.3565 0
T 76688 90.0 0.7673 1 0.3565 0
T 76695 90.0 0.7673 1 0.3565 0
T 76702 90.0 0.7619 1 0.3904 0
T 76710 90.0 0.7619 1 0.3904 0
T 76718 90.0 0.7619 1 0.3904 0
T 76725 90.0 0.7568 1 0.4257 0
T 76732 90.0 0.7568 1 0.4257 0
T 76740 90.0 0.7568 1 0.4257 0
T 76748 90.0 0.7531 1 0.4609 0
T 76755 90.0 0.7531 1 0.4609 0
T 76762 90.0 0.7531 1 0.4609 0
T 76770 90.0 0.7498 1 0.4946 0
T 76778 90.0 0.7498 1 0.4946 0
T 76785 90.0 0.7498 1 0.4946 0
T 76792 90.0 0.7471 1 0.5281 0
T 76800 90.0 0.7471 1 0.5281 0
T 76808 90.0 0.7471 1 0.5281 0
T 76815 90.0 0.7448 1 0.5632 0
T 76822 90.0 0.7448 1 0.5632 0
T 76830 90.0 0.7448 1 0.5632 0
T 76838 90.0 0.7428 1 0.5982 0
T 76845 90.0 0.7428 1 0.5982 0
T 76852 90.0 0.7428 1 0.5982 0
T 76860 90.0 0.7411 1 0.6316 0
T 76868 90.0 0.7411 1 0.6316 0
T 76875 90.0 0.7411 1 0.6316 0
T 76882 90.0 0.7396 1 0.6649 0
T 76890 90.0 0.7396 1 0.6649 0
T 76898 90.0 0.7396 1 0.6649 0
T 76905 90.0 0.7382 1 0.6998 0
T 76912 90.0 0.7382 1 0.6998 0
T 76920 90.0 0.7382 1 0.6998 0
T 76928 90.0 0.7370 1 0.7346 0
T 76935 90.0 0.7370 1 0.7346 0
T 76942 90.0 0.7370 1 0.7346 0
T 76950 90.0 0.7358 1 0.7679 0
T 76958 90.0 0.7358 1 0.7679 0
T 76965 90.0 0.7358 1 0.7679 0
T 76972 90.0 0.7336 1 0.8011 0
T 76980 90.0 0.7336 1 0.8011 0
T 76988 90.0 0.7336 1 0.8011 0
T 76995 90.0 0.7315 1 0.8856 0
T 77002 90.0 0.7315 1 0.8856 0
T 77010 90.0 0.7315 1 0.8856 0
T 77018 90.0 0.7296 1 0.9203 0
T 77025 90.0 0.7296 1 0.9203 0
T 77032 90.0 0.7296 1 0.9203 0
T 77040 90.0 0.7282 1 0.9535 0
T 77048 90.0 0.7282 1 0.9535 0
T 77055 90.0 0.7282 1 0.9535 0
T 77062 90.0 0.7272 1 0.9867 0
T 77070 90.0 0.7272 1 0.9867 0
T 77078 90.0 0.7272 1 0.9867 0
T 77085 90.0 0.7261 1 0.0213 1
T 77092 90.0 0.7261 1 0.0213 0
T 77100 90.0 0.7261 1 0.0213 0
T 77108 90.0 0.7252 1 0.0506 0
T 77115 90.0 0.7252 1 0.0506 0
T 77122 90.0 0.7252 1 0.0506 0
T 77130 90.0 0.7244 1 0.0837 0
T 77138 90.0 0.7244 1 0.0837 0
T 77145 90.0 0.7244 1 0.0837 0
T 77152 90.0 0.7238 1 0.1169 0
T 77160 90.0 0.7238 1 0.1169 0
T 77168 90.0 0.7238 1 0.1169 0
T 77175 90.0 0.7228 1 0.1515 0
T 77182 90.0 0.7228 1 0.1515 0
T 77190 90.0 0.7228 1 0.1515 0
T 77198 90.0 0.7228 1 0.1861 0
T 77205 90.0 0.7228 1 0.1861 0
T 77212 90.0 0.7228 1 0.1861 0
T 77220 90.0 0.7226 1 0.1726 0
T 77228 90.0 0.7226 1 0.1726 0
T 77235 90.0 0.7226 1 0.1726 0
T 77242 90.0 0.7225 1 0.2057 0
T 77250 90.0 0.7225 1 0.2057 0
T 77258 90.0 0.7225 1 0.2057 0
T 77265 90.0 0.7224 1 0.2402 0
T 77272 90.0 0.7224 1 0.2402 0
T 77280 90.0 0.7224 1 0.2402 0
T 77288 90.0 0.7222 1 0.2748 0
T 77295 90.0 0.7222 1 0.2748 0
T 77302 90.0 0.7222 1 0.2748 0
T 77310 90.0 0.7219 1 0.3078 0
T 77318 90.0 0.7219 1 0.3078 0
T 77325 90.0 0.7219 1 0.3078 0
T 77332 90.0 0.7216 1 0.2639 0
T 77340 90.0 0.7216 1 0.2639 0
T 77348 90.0 0.7216 1 0.2639 0
T 77355 90.0 0.7213 1 0.2984 0
T 77362 90.0 0.7213 1 0.2984 0
T 77370 90.0 0.7213 1 0.2984 0
T 77378 90.0 0.7209 1 0.3330 0
T 77385 90.0 0.7209 1 0.3330 0
T 77392 90.0 0.7209 1 0.3330 0
T 77400 90.0 0.7202 1 0.3660 0
T 77408 90.0 0.7202 1 0.3660 0
T 77415 90.0 0.7202 1 0.3660 0
T 77422 90.0 0.7190 1 0.3990 0
T 77430 90.0 0.7190 1 0.3990 0
T 77438 90.0 0.7190 1 0.3990 0
T 77445 90.0 0.7179 1 0.3337 0
T 77452 90.0 0.7179 1 0.3337 0
T 77460 90.0 0.7179 1 0.3337 0
T 77468 90.0 0.7169 1 0.3682 0
T 77475 90.0 0.7169 1 0.3682 0
T 77482 90.0 0.7169 1 0.3682 0
T 77490 90.0 0.7163 1 0.4012 0
T 77498 90.0 0.7163 1 0.4012 0
T 77505 90.0 0.7163 1 0.4012 0
T 77512 90.0 0.7157 1 0.4342 0
T 77520 90.0 0.7157 1 0.4342 0
T 77528 90.0 0.7157 1 0.4342 0
T 77535 90.0 0.7153 1 0.4687 0
T 77542 90.0 0.7153 1 0.4687 0
T 77550 90.0 0.7153 1 0.4687 0
T 77558 90.0 0.7149 1 0.5032 0
T 77565 90.0 0.7149 1 0.5032 0
T 77572 90.0 0.7149 1 0.5032 0
T 77580 90.0 0.7146 1 0.5362 0
T 77588 90.0 0.7146 1 0.5362 0
T 77595 90.0 0.7146 1 0.5362 0
T 77602 90.0 0.7147 1 0.5692 0
T 77610 90.0 0.7147 1 0.5692 0
T 77618 90.0 0.7147 1 0.5692 0
T 77625 90.0 0.7151 1 0.6037 0
T 77632 90.0 0.7151 1 0.6037 0
T 77640 90.0 0.7151 1 0.6037 0
T 77648 90.0 0.7155 1 0.6382 0
T 77655 90.0 0.7155 1 0.6382 0
T 77662 90.0 0.7155 1 0.6382 0
T 77670 90.0 0.7159 1 0.6712 0
T 77678 90.0 0.7159 1 0.6712 0
T 77685 90.0 0.7159 1 0.6712 0
T 77692 90.0 0.7162 1 0.7042 0
T 77700 90.0 0.7162 1 0.7042 0
T 77708 90.0 0.7162 1 0.7042 0
T 77715 90.0 0.7165 1 0.7387 0
T 77722 90.0 0.7165 1 0.7387 0
T 77730 90.0 0.7165 1 0.7387 0
T 77738 90.0 0.7166 1 0.7731 0
T 77745 90.0 0.7166 1 0.7731 0
T 77752 90.0 0.7166 1 0.7731 0
T 77760 90.0 0.7168 1 0.8061 0
T 77768 90.0 0.7168 1 0.8061 0
T 77775 90.0 0.7168 1 0.8061 0
T 77782 90.0 0.7170 1 0.8391 0
T 77790 90.0 0.7170 1 0.8391 0
T 77798 90.0 0.7170 1 0.8391 0
T 77805 90.0 0.7170 1 0.8736 0
T 77812 90.0 0.7170 1 0.8736 0
T 77820 90.0 0.7170 1 0.8736 0
T 77828 90.0 0.7169 1 0.9081 0
T 77835 90.0 0.7169 1 0.9081 0
T 77842 90.0 0.7169 1 0.9081 0
T 77850 90.0 0.7155 1 0.9411 0
T 77858 90.0 0.7155 1 0.9411 0
T 77865 90.0 0.7155 1 0.9411 0
T 77872 90.0 0.7141 1 0.9888 0
T 77880 90.0 0.7141 1 0.9888 0
T 77888 90.0 0.7141 1 0.9888 0
T 77895 90.0 0.7128 1 0.0234 1
T 77902 90.0 0.7128 1 0.0234 0
T 77910 90.0 0.7128 1 0.0234 0
T 77918 90.0 0.7117 1 0.0579 0
T 77925 90.0 0.7117 1 0.0579 0
T 77932 90.0 0.7117 1 0.0579 0
T 77940 90.0 0.7112 1 0.0909 0
T 77948 90.0 0.7112 1 0.0909 0
T 77955 90.0 0.7112 1 0.0909 0
T 77962 90.0 0.7107 1 0.1239 0
T 77970 90.0 0.7107 1 0.1239 0
T 77978 90.0 0.7107 1 0.1239 0
T 77985 90.0 0.7103 1 0.1584 0
T 77992 90.0 0.7103 1 0.1584 0
T 78000 90.0 0.7103 1 0.1584 0
T 78008 90.0 0.7101 1 0.1929 0
T 78015 90.0 0.7101 1 0.1929 0
T 78022 90.0 0.7101 1 0.1929 0
T 78030 90.0 0.7098 1 0.2259 0
T 78038 90.0 0.7098 1 0.2259 0
T 78045 90.0 0.7098 1 0.2259 0
T 78052 90.0 0.7094 1 0.2589 0
T 78060 90.0 0.7094 1 0.2589 0
T 78068 90.0 0.7094 1 0.2589 0
T 78075 90.0 0.7086 1 0.2934 0
T 78082 90.0 0.7086 1 0.2934 0
T 78090 90.0 0.7086 1 0.2934 0
T 78098 90.0 0.7080 1 0.3279 0
T 78105 90.0 0.7080 1 0.3279 0
T 78112 90.0 0.7080 1 0.3279 0
T 78120 90.0 0.7075 1 0.3609 0
T 78128 90.0 0.7075 1 0.3609 0
T 78135 90.0 0.7075 1 0.3609 0
T 78142 90.0 0.7073 1 0.3939 0
T 78150 90.0 0.7073 1 0.3939 0
T 78158 90.0 0.7073 1 0.3939 0
T 78165 90.0 0.7065 1 0.4284 0
T 78172 90.0 0.7065 1 0.4284 0
T 78180 90.0 0.7065 1 0.4284 0
T 78188 90.0 0.7060 1 0.4629 0
T 78195 90.0 0.7060 1 0.4629 0
T 78202 90.0 0.7060 1 0.4629 0
T 78210 90.0 0.7055 1 0.3959 0
T 78218 90.0 0.7055 1 0.3959 0
T 78225 90.0 0.7055 1 0.3959 0
T 78232 90.0 0.7051 1 0.4288 0
T 78240 90.0 0.7051 1 0.4288 0
T 78248 90.0 0.7051 1 0.4288 0
T 78255 90.0 0.7048 1 0.4633 0
T 78262 90.0 0.7048 1 0.4633 0
T 78270 90.0 0.7048 1 0.4633 0
T 78278 90.0 0.7044 1 0.4978 0
T 78285 90.0 0.7044 1 0.4978 0
T 78292 90.0 0.7044 1 0.4978 0
T 78300 90.0 0.7030 1 0.5308 0
T 78308 90.0 0.7030 1 0.5308 0
T 78315 90.0 0.7030 1 0.5308 0
T 78322 90.0 0.7018 1 0.6638 0
T 78330 90.0 0.7018 1 0.6638 0
T 78338 90.0 0.7018 1 0.6638 0
T 78345 90.0 0.7007 1 0.6983 0
T 78352 90.0 0.7007 1 0.6983 0
T 78360 90.0 0.7007 1 0.6983 0
T 78368 90.0 0.6996 1 0.7328 0
T 78375 90.0 0.6996 1 0.7328 0
T 78382 90.0 0.6996 1 0.7328 0
T 78390 90.0 0.6991 1 0.7658 0
T 78398 90.0 0.6991 1 0.7658 0
T 78405 90.0 0.6991 1 0.7658 0
T 78412 90.0 0.6989 1 0.7988 0
T 78420 90.0 0.6989 1 0.7988 0
T 78428 90.0 0.6989 1 0.7988 0
T 78435 90.0 0.6986 1 0.8333 0
T 78442 90.0 0.6986 1 0.8333 0
T 78450 90.0 0.6986 1 0.8333 0
T 78458 90.0 0.6984 1 0.8678 0
T 78465 90.0 0.6984 1 0.8678 0
T 78472 90.0 0.6984 1 0.8678 0
T 78480 90.0 0.6983 1 0.9008 0
T 78488 90.0 0.6983 1 0.9008 0
T 78495 90.0 0.6983 1 0.9008 0
T 78502 90.0 0.6975 1 0.9338 0
T 78510 90.0 0.6975 1 0.9338 0
T 78518 90.0 0.6975 1 0.9338 0
T 78525 90.0 0.6976 1 0.9683 0
T 78532 90.0 0.6976 1 0.9683 0
T 78540 90.0 0.6976 1 0.9683 0
T 78548 90.0 0.6975 1 0.0107 1
T 78555 90.0 0.6975 1 0.0107 0
T 78562 90.0 0.6975 1 0.0107 0
T 78570 90.0 0.6975 1 0.0438 0
T 78578 90.0 0.6975 1 0.0438 0
T 78585 90.0 0.6975 1 0.0438 0
T 78592 90.0 0.6975 1 0.0768 0
T 78600 90.0 0.6975 1 0.0768 0
T 78608 90.0 0.6975 1 0.0768 0
T 78615 90.0 0.6975 1 0.1113 0
T 78622 90.0 0.6975 1 0.1113 0
T 78630 90.0 0.6975 1 0.1113 0
T 78638 90.0 0.6974 1 0.1458 0
T 78645 90.0 0.6974 1 0.1458 0
T 78652 90.0 0.6974 1 0.1458 0
T 78660 90.0 0.6973 1 0.1788 0
T 78668 90.0 0.6973 1 0.1788 0
T 78675 90.0 0.6973 1 0.1788 0
T 78682 90.0 0.6971 1 0.2118 0
T 78690 90.0 0.6971 1 0.2118 0
T 78698 90.0 0.6971 1 0.2118 0
T 78705 90.0 0.6969 1 0.2463 0
T 78712 90.0 0.6969 1 0.2463 0
T 78720 90.0 0.6969 1 0.2463 0
T 78728 90.0 0.6966 1 0.2808 0
T 78735 90.0 0.6966 1 0.2808 0
T 78742 90.0 0.6966 1 0.2808 0
T 78750 90.0 0.6951 1 0.3138 0
T 78758 90.0 0.6951 1 0.3138 0
T 78765 90.0 0.6951 1 0.3138 0
T 78772 90.0 0.6939 1 0.2683 0
T 78780 90.0 0.6939 1 0.2683 0
T 78788 90.0 0.6939 1 0.2683 0
T 78795 90.0 0.6927 1 0.3028 0
T 78802 90.0 0.6927 1 0.3028 0
T 78810 90.0 0.6927 1 0.3028 0
T 78818 90.0 0.6919 1 0.3373 0
T 78825 90.0 0.6919 1 0.3373 0
T 78832 90.0 0.6919 1 0.3373 0
T 78840 90.0 0.6916 1 0.3703 0
T 78848 90.0 0.6916 1 0.3703 0
T 78855 90.0 0.6916 1 0.3703 0
T 78862 90.0 0.6910 1 0.4033 0
T 78870 90.0 0.6910 1 0.4033 0
T 78878 90.0 0.6910 1 0.4033 0
T 78885 90.0 0.6906 1 0.3378 0
T 78892 90.0 0.6906 1 0.3378 0
T 78900 90.0 0.6906 1 0.3378 0
T 78908 90.0 0.6902 1 0.3722 0
T 78915 90.0 0.6902 1 0.3722 0
T 78922 90.0 0.6902 1 0.3722 0
T 78930 90.0 0.6901 1 0.4052 0
T 78938 90.0 0.6901 1 0.4052 0
T 78945 90.0 0.6901 1 0.4052 0
T 78952 90.0 0.6896 1 0.4382 0
T 78960 90.0 0.6896 1 0.4382 0
T 78968 90.0 0.6896 1 0.4382 0
T 78975 90.0 0.6901 1 0.4727 0
T 78982 90.0 0.6901 1 0.4727 0
T 78990 90.0 0.6901 1 0.4727 0
T 78998 90.0 0.6906 1 0.4071 0
T 79005 90.0 0.6906 1 0.4071 0
T 79012 90.0 0.6906 1 0.4071 0
T 79020 90.0 0.6909 1 0.4401 0
T 79028 90.0 0.6909 1 0.4401 0
T 79035 90.0 0.6909 1 0.4401 0
T 79042 90.0 0.6912 1 0.4730 0
T 79050 90.0 0.6912 1 0.4730 0
T 79058 90.0 0.6912 1 0.4730 0
T 79065 90.0 0.6913 1 0.5075 0
T 79072 90.0 0.6913 1 0.5075 0
T 79080 90.0 0.6913 1 0.5075 0
T 79088 90.0 0.6913 1 0.5420 0
T 79095 90.0 0.6913 1 0.5420 0
T 79102 90.0 0.6913 1 0.5420 0
T 79110 90.0 0.6913 1 0.6749 0
T 79118 90.0 0.6913 1 0.6749 0
T 79125 90.0 0.6913 1 0.6749 0
T 79132 90.0 0.6912 1 0.7079 0
T 79140 90.0 0.6912 1 0.7079 0
T 79148 90.0 0.6912 1 0.7079 0
T 79155 90.0 0.6908 1 0.7424 0
T 79162 90.0 0.6908 1 0.7424 0
T 79170 90.0 0.6908 1 0.7424 0
T 79178 90.0 0.6900 1 0.7769 0
T 79185 90.0 0.6900 1 0.7769 0
T 79192 90.0 0.6900 1 0.7769 0
T 79200 90.0 0.6884 1 0.8099 0
T 79208 90.0 0.6884 1 0.8099 0
T 79215 90.0 0.6884 1 0.8099 0
T 79222 90.0 0.6872 1 0.8904 0
T 79230 90.0 0.6872 1 0.8904 0
T 79238 90.0 0.6872 1 0.8904 0
T 79245 90.0 0.6860 1 0.9250 0
T 79252 90.0 0.6860 1 0.9250 0
T 79260 90.0 0.6860 1 0.9250 0
T 79268 90.0 0.6851 1 0.9595 0
T 79275 90.0 0.6851 1 0.9595 0
T 79282 90.0 0.6851 1 0.9595 0
T 79290 90.0 0.6847 1 0.9925 0
T 79298 90.0 0.6847 1 0.9925 0
T 79305 90.0 0.6847 1 0.9925 0
T 79312 90.0 0.6842 1 0.0255 1
T 79320 90.0 0.6842 1 0.0255 0
T 79328 90.0 0.6842 1 0.0255 0
T 79335 90.0 0.6837 1 0.0600 0
T 79342 90.0 0.6837 1 0.0600 0
T 79350 90.0 0.6837 1 0.0600 0
T 79358 90.0 0.6833 1 0.0945 0
T 79365 90.0 0.6833 1 0.0945 0
T 79372 90.0 0.6833 1 0.0945 0
T 79380 90.0 0.6833 1 0.1275 0
T 79388 90.0 0.6833 1 0.1275 0
T 79395 90.0 0.6833 1 0.1275 0
T 79402 90.0 0.6837 1 0.1605 0
T 79410 90.0 0.6837 1 0.1605 0
T 79418 90.0 0.6837 1 0.1605 0
T 79425 90.0 0.6844 1 0.1950 0
T 79432 90.0 0.6844 1 0.1950 0
T 79440 90.0 0.6844 1 0.1950 0
T 79448 90.0 0.6850 1 0.2295 0
T 79455 90.0 0.6850 1 0.2295 0
T 79462 90.0 0.6850 1 0.2295 0
T 79470 90.0 0.6856 1 0.2625 0
T 79478 90.0 0.6856 1 0.2625 0
T 79485 90.0 0.6856 1 0.2625 0
T 79492 90.0 0.6860 1 0.2955 0
T 79500 90.0 0.6860 1 0.2955 0
T 79508 90.0 0.6860 1 0.2955 0
T 79515 90.0 0.6862 1 0.3300 0
T 79522 90.0 0.6862 1 0.3300 0
T 79530 90.0 0.6862 1 0.3300 0
T 79538 90.0 0.6864 1 0.3645 0
T 79545 90.0 0.6864 1 0.3645 0
T 79552 90.0 0.6864 1 0.3645 0
T 79560 90.0 0.6865 1 0.3975 0
T 79568 90.0 0.6865 1 0.3975 0
T 79575 90.0 0.6865 1 0.3975 0
T 79582 90.0 0.6866 1 0.4305 0
T 79590 90.0 0.6866 1 0.4305 0
T 79598 90.0 0.6866 1 0.4305 0
T 79605 90.0 0.6865 1 0.4650 0
T 79612 90.0 0.6865 1 0.4650 0
T 79620 90.0 0.6865 1 0.4650 0
T 79628 90.0 0.6851 1 0.4995 0
T 79635 90.0 0.6851 1 0.4995 0
T 79642 90.0 0.6851 1 0.4995 0
T 79650 90.0 0.6834 1 0.4325 0
T 79658 90.0 0.6834 1 0.4325 0
T 79665 90.0 0.6834 1 0.4325 0
T 79672 90.0 0.6820 1 0.4655 0
T 79680 90.0 0.6820 1 0.4655 0
T 79688 90.0 0.6820 1 0.4655 0
T 79695 90.0 0.6807 1 0.5000 0
T 79702 90.0 0.6807 1 0.5000 0
T 79710 90.0 0.6807 1 0.5000 0
T 79718 90.0 0.6801 1 0.5345 0
T 79725 90.0 0.6801 1 0.5345 0
T 79732 90.0 0.6801 1 0.5345 0
T 79740 90.0 0.6796 1 0.5674 0
T 79748 90.0 0.6796 1 0.5674 0
T 79755 90.0 0.6796 1 0.5674 0
T 79762 90.0 0.6790 1 0.6004 0
T 79770 90.0 0.6790 1 0.6004 0
T 79778 90.0 0.6790 1 0.6004 0
T 79785 90.0 0.6786 1 0.6349 0
T 79792 90.0 0.6786 1 0.6349 0
T 79800 90.0 0.6786 1 0.6349 0
T 79808 90.0 0.6781 1 0.6694 0
T 79815 90.0 0.6781 1 0.6694 0
T 79822 90.0 0.6781 1 0.6694 0
T 79830 90.0 0.6773 1 0.7024 0
T 79838 90.0 0.6773 1 0.7024 0
T 79845 90.0 0.6773 1 0.7024 0
T 79852 90.0 0.6769 1 0.7354 0
T 79860 90.0 0.6769 1 0.7354 0
T 79868 90.0 0.6769 1 0.7354 0
T 79875 90.0 0.6762 1 0.7699 0
T 79882 90.0 0.6762 1 0.7699 0
T 79890 90.0 0.6762 1 0.7699 0
T 79898 90.0 0.6756 1 0.8043 0
T 79905 90.0 0.6756 1 0.8043 0
T 79912 90.0 0.6756 1 0.8043 0
T 79920 90.0 0.6753 1 0.8373 0
T 79928 90.0 0.6753 1 0.8373 0
T 79935 90.0 0.6753 1 0.8373 0
T 79942 90.0 0.6746 1 0.8703 0
T 79950 90.0 0.6746 1 0.8703 0
T 79958 90.0 0.6746 1 0.8703 0
T 79965 90.0 0.6739 1 0.9048 0
T 79972 90.0 0.6739 1 0.9048 0
T 79980 90.0 0.6739 1 0.9048 0
T 79988 90.0 0.6733 1 0.9631 0
T 79995 90.0 0.6733 1 0.9631 0
T 80002 90.0 0.6733 1 0.9631 0
T 80010 90.0 0.6726 1 0.9961 0
T 80018 90.0 0.6726 1 0.9961 0
T 80025 90.0 0.6726 1 0.9961 0
T 80032 90.0 0.6720 1 0.0291 1
T 80040 90.0 0.6720 1 0.0291 0
T 80048 90.0 0.6720 1 0.0291 0
T 80055 90.0 0.6711 1 0.0636 0
T 80062 90.0 0.6711 1 0.0636 0
T 80070 90.0 0.6711 1 0.0636 0
T 80078 90.0 0.6695 1 0.0981 0
T 80085 90.0 0.6695 1 0.0981 0
T 80092 90.0 0.6695 1 0.0981 0
T 80100 90.0 0.6681 1 0.1066 0
T 80108 90.0 0.6681 1 0.1066 0
T 80115 90.0 0.6681 1 0.1066 0
T 80122 90.0 0.6669 1 0.1396 0
T 80130 90.0 0.6669 1 0.1396 0
T 80138 90.0 0.6669 1 0.1396 0
T 80145 90.0 0.6657 1 0.1741 0
T 80152 90.0 0.6657 1 0.1741 0
T 80160 90.0 0.6657 1 0.1741 0
T 80168 90.0 0.6651 1 0.2086 0
T 80175 90.0 0.6651 1 0.2086 0
T 80182 90.0 0.6651 1 0.2086 0
T 80190 90.0 0.6648 1 0.2416 0
T 80198 90.0 0.6648 1 0.2416 0
T 80205 90.0 0.6648 1 0.2416 0
T 80212 90.0 0.6645 1 0.2746 0
T 80220 90.0 0.6645 1 0.2746 0
T 80228 90.0 0.6645 1 0.2746 0
T 80235 90.0 0.6642 1 0.3090 0
T 80242 90.0 0.6642 1 0.3090 0
T 80250 90.0 0.6642 1 0.3090 0
T 80258 90.0 0.6642 1 0.3435 0
T 80265 90.0 0.6642 1 0.3435 0
T 80272 90.0 0.6642 1 0.3435 0
T 80280 90.0 0.6636 1 0.3765 0
T 80288 90.0 0.6636 1 0.3765 0
T 80295 90.0 0.6636 1 0.3765 0
T 80302 90.0 0.6648 1 0.4095 0
T 80310 90.0 0.6648 1 0.4095 0
T 80318 90.0 0.6648 1 0.4095 0
T 80325 90.0 0.6657 1 0.3440 0
T 80332 90.0 0.6657 1 0.3440 0
T 80340 90.0 0.6657 1 0.3440 0
T 80348 90.0 0.6664 1 0.3785 0
T 80355 90.0 0.6664 1 0.3785 0
T 80362 90.0 0.6664 1 0.3785 0
T 80370 90.0 0.6671 1 0.4115 0
T 80378 90.0 0.6671 1 0.4115 0
T 80385 90.0 0.6671 1 0.4115 0
T 80392 90.0 0.6676 1 0.4445 0
T 80400 90.0 0.6676 1 0.4445 0
T 80408 90.0 0.6676 1 0.4445 0
T 80415 90.0 0.6682 1 0.4789 0
T 80422 90.0 0.6682 1 0.4789 0
T 80430 90.0 0.6682 1 0.4789 0
T 80438 90.0 0.6686 1 0.5134 0
T 80445 90.0 0.6686 1 0.5134 0
T 80452 90.0 0.6686 1 0.5134 0
T 80460 90.0 0.6688 1 0.5464 0
T 80468 90.0 0.6688 1 0.5464 0
T 80475 90.0 0.6688 1 0.5464 0
T 80482 90.0 0.6688 1 0.5794 0
T 80490 90.0 0.6688 1 0.5794 0
T 80498 90.0 0.6688 1 0.5794 0
T 80505 90.0 0.6686 1 0.6139 0
T 80512 90.0 0.6686 1 0.6139 0
T 80520 90.0 0.6686 1 0.6139 0
T 80528 90.0 0.6665 1 0.6484 0
T 80535 90.0 0.6665 1 0.6484 0
T 80542 90.0 0.6665 1 0.6484 0
T 80550 90.0 0.6649 1 0.7693 0
T 80558 90.0 0.6649 1 0.7693 0
T 80565 90.0 0.6649 1 0.7693 0
T 80572 90.0 0.6634 1 0.8023 0
T 80580 90.0 0.6634 1 0.8023 0
T 80588 90.0 0.6634 1 0.8023 0
T 80595 90.0 0.6624 1 0.8368 0
T 80602 90.0 0.6624 1 0.8368 0
T 80610 90.0 0.6624 1 0.8368 0
T 80618 90.0 0.6618 1 0.8713 0
T 80625 90.0 0.6618 1 0.8713 0
T 80632 90.0 0.6618 1 0.8713 0
T 80640 90.0 0.6611 1 0.9043 0
T 80648 90.0 0.6611 1 0.9043 0
T 80655 90.0 0.6611 1 0.9043 0
T 80662 90.0 0.6606 1 0.9612 0
T 80670 90.0 0.6606 1 0.9612 0
T 80678 90.0 0.6606 1 0.9612 0
T 80685 90.0 0.6601 1 0.9958 0
T 80692 90.0 0.6601 1 0.9958 0
T 80700 90.0 0.6601 1 0.9958 0
T 80708 90.0 0.6599 1 0.0303 1
T 80715 90.0 0.6599 1 0.0303 0
T 80722 90.0 0.6599 1 0.0303 0
T 80730 90.0 0.6593 1 0.0633 0
T 80738 90.0 0.6593 1 0.0633 0
T 80745 90.0 0.6593 1 0.0633 0
T 80752 90.0 0.6600 1 0.0963 0
T 80760 90.0 0.6600 1 0.0963 0
T 80768 90.0 0.6600 1 0.0963 0
T 80775 90.0 0.6606 1 0.1067 0
T 80782 90.0 0.6606 1 0.1067 0
T 80790 90.0 0.6606 1 0.1067 0
T 80798 90.0 0.6612 1 0.1412 0
T 80805 90.0 0.6612 1 0.1412 0
T 80812 90.0 0.6612 1 0.1412 0
T 80820 90.0 0.6615 1 0.1742 0
T 80828 90.0 0.6615 1 0.1742 0
T 80835 90.0 0.6615 1 0.1742 0
T 80842 90.0 0.6617 1 0.2072 0
T 80850 90.0 0.6617 1 0.2072 0
T 80858 90.0 0.6617 1 0.2072 0
T 80865 90.0 0.6615 1 0.2417 0
T 80872 90.0 0.6615 1 0.2417 0
T 80880 90.0 0.6615 1 0.2417 0
T 80888 90.0 0.6613 1 0.2158 0
T 80895 90.0 0.6613 1 0.2158 0
T 80902 90.0 0.6613 1 0.2158 0
T 80910 90.0 0.6611 1 0.2488 0
T 80918 90.0 0.6611 1 0.2488 0
T 80925 90.0 0.6611 1 0.2488 0
T 80932 90.0 0.6607 1 0.2818 0
T 80940 90.0 0.6607 1 0.2818 0
T 80948 90.0 0.6607 1 0.2818 0
T 80955 90.0 0.6599 1 0.3163 0
T 80962 90.0 0.6599 1 0.3163 0
T 80970 90.0 0.6599 1 0.3163 0
T 80978 90.0 0.6588 1 0.3508 0
T 80985 90.0 0.6588 1 0.3508 0
T 80992 90.0 0.6588 1 0.3508 0
T 81000 90.0 0.6579 1 0.2961 0
T 81008 90.0 0.6579 1 0.2961 0
T 81015 90.0 0.6579 1 0.2961 0
T 81022 90.0 0.6571 1 0.3290 0
T 81030 90.0 0.6571 1 0.3290 0
T 81038 90.0 0.6571 1 0.3290 0
T 81045 90.0 0.6566 1 0.3635 0
T 81052 90.0 0.6566 1 0.3635 0
T 81060 90.0 0.6566 1 0.3635 0
T 81068 90.0 0.6561 1 0.3980 0
T 81075 90.0 0.6561 1 0.3980 0
T 81082 90.0 0.6561 1 0.3980 0
T 81090 90.0 0.6560 1 0.4310 0
T 81098 90.0 0.6560 1 0.4310 0
T 81105 90.0 0.6560 1 0.4310 0
T 81112 90.0 0.6561 1 0.4639 0
T 81120 90.0 0.6561 1 0.4639 0
T 81128 90.0 0.6561 1 0.4639 0
T 81135 90.0 0.6561 1 0.4984 0
T 81142 90.0 0.6561 1 0.4984 0
T 81150 90.0 0.6561 1 0.4984 0
T 81158 90.0 0.6565 1 0.5329 0
T 81165 90.0 0.6565 1 0.5329 0
T 81172 90.0 0.6565 1 0.5329 0
T 81180 90.0 0.6593 1 0.5659 0
T 81188 90.0 0.6593 1 0.5659 0
T 81195 90.0 0.6593 1 0.5659 0
T 81202 90.0 0.6628 1 0.6989 0
T 81210 90.0 0.6628 1 0.6989 0
T 81218 90.0 0.6628 1 0.6989 0
T 81225 90.0 0.6660 1 0.7334 0
T 81232 90.0 0.6660 1 0.7334 0
T 81240 90.0 0.6660 1 0.7334 0
T 81248 90.0 0.6688 1 0.7679 0
T 81255 90.0 0.6688 1 0.7679 0
T 81262 90.0 0.6688 1 0.7679 0
T 81270 90.0 0.6710 1 0.8009 0
T 81278 90.0 0.6710 1 0.8009 0
T 81285 90.0 0.6710 1 0.8009 0
T 81292 90.0 0.6728 1 0.8339 0
T 81300 90.0 0.6728 1 0.8339 0
T 81308 90.0 0.6728 1 0.8339 0
T 81315 90.0 0.6744 1 0.8684 0
T 81322 90.0 0.6744 1 0.8684 0
T 81330 90.0 0.6744 1 0.8684 0
T 81338 90.0 0.6758 1 0.9029 0
T 81345 90.0 0.6758 1 0.9029 0
T 81352 90.0 0.6758 1 0.9029 0
T 81360 90.0 0.6769 1 0.9360 0
T 81368 90.0 0.6769 1 0.9360 0
T 81375 90.0 0.6769 1 0.9360 0
T 81382 90.0 0.6775 1 0.9690 0
T 81390 90.0 0.6775 1 0.9690 0
T 81398 90.0 0.6775 1 0.9690 0
T 81405 90.0 0.6766 1 0.0035 1
T 81412 90.0 0.6766 1 0.0035 0
T 81420 90.0 0.6766 1 0.0035 0
T 81428 90.0 0.6752 1 0.0371 0
T 81435 90.0 0.6752 1 0.0371 0
T 81442 90.0 0.6752 1 0.0371 0
T 81450 90.0 0.6741 1 0.0701 0
T 81458 90.0 0.6741 1 0.0701 0
T 81465 90.0 0.6741 1 0.0701 0
T 81472 90.0 0.6731 1 0.1031 0
T 81480 90.0 0.6731 1 0.1031 0
T 81488 90.0 0.6731 1 0.1031 0
T 81495 90.0 0.6729 1 0.1376 0
T 81502 90.0 0.6729 1 0.1376 0
T 81510 90.0 0.6729 1 0.1376 0
T 81518 90.0 0.6728 1 0.1721 0
T 81525 90.0 0.6728 1 0.1721 0
T 81532 90.0 0.6728 1 0.1721 0
T 81540 90.0 0.6728 1 0.2051 0
T 81548 90.0 0.6728 1 0.2051 0
T 81555 90.0 0.6728 1 0.2051 0
T 81562 90.0 0.6727 1 0.2381 0
T 81570 90.0 0.6727 1 0.2381 0
T 81578 90.0 0.6727 1 0.2381 0
T 81585 90.0 0.6727 1 0.2726 0
T 81592 90.0 0.6727 1 0.2726 0
T 81600 90.0 0.6727 1 0.2726 0
T 81608 90.0 0.6722 1 0.3071 0
T 81615 90.0 0.6722 1 0.3071 0
T 81622 90.0 0.6722 1 0.3071 0
T 81630 90.0 0.6722 1 0.3401 0
T 81638 90.0 0.6722 1 0.3401 0
T 81645 90.0 0.6722 1 0.3401 0
T 81652 90.0 0.6720 1 0.3731 0
T 81660 90.0 0.6720 1 0.3731 0
T 81668 90.0 0.6720 1 0.3731 0
T 81675 90.0 0.6720 1 0.4076 0
T 81682 90.0 0.6720 1 0.4076 0
T 81690 90.0 0.6720 1 0.4076 0
T 81698 90.0 0.6720 1 0.4421 0
T 81705 90.0 0.6720 1 0.4421 0
T 81712 90.0 0.6720 1 0.4421 0
T 81720 90.0 0.6717 1 0.4751 0
T 81728 90.0 0.6717 1 0.4751 0
T 81735 90.0 0.6717 1 0.4751 0
T 81742 90.0 0.6708 1 0.5081 0
T 81750 90.0 0.6708 1 0.5081 0
T 81758 90.0 0.6708 1 0.5081 0
T 81765 90.0 0.6702 1 0.6426 0
T 81772 90.0 0.6702 1 0.6426 0
T 81780 90.0 0.6702 1 0.6426 0
T 81788 90.0 0.6696 1 0.6772 0
T 81795 90.0 0.6696 1 0.6772 0
T 81802 90.0 0.6696 1 0.6772 0
T 81810 90.0 0.6692 1 0.7102 0
T 81818 90.0 0.6692 1 0.7102 0
T 81825 90.0 0.6692 1 0.7102 0
T 81832 90.0 0.6682 1 0.7432 0
T 81840 90.0 0.6682 1 0.7432 0
T 81848 90.0 0.6682 1 0.7432 0
T 81855 90.0 0.6700 1 0.7778 0
T 81862 90.0 0.6700 1 0.7778 0
T 81870 90.0 0.6700 1 0.7778 0
T 81878 90.0 0.6714 1 0.8678 0
T 81885 90.0 0.6714 1 0.8678 0
T 81892 90.0 0.6714 1 0.8678 0
T 81900 90.0 0.6726 1 0.9009 0
T 81908 90.0 0.6726 1 0.9009 0
T 81915 90.0 0.6726 1 0.9009 0
T 81922 90.0 0.6735 1 0.9339 0
T 81930 90.0 0.6735 1 0.9339 0
T 81938 90.0 0.6735 1 0.9339 0
T 81945 90.0 0.6747 1 0.9684 0
T 81952 90.0 0.6747 1 0.9684 0
T 81960 90.0 0.6747 1 0.9684 0
T 81968 90.0 0.6760 1 0.0029 1
T 81975 90.0 0.6760 1 0.0029 0
T 81982 90.0 0.6760 1 0.0029 0
T 81990 90.0 0.6770 1 0.0360 0
T 81998 90.0 0.6770 1 0.0360 0
T 82005 90.0 0.6770 1 0.0360 0
T 82012 90.0 0.6779 1 0.0690 0
T 82020 90.0 0.6779 1 0.0690 0
T 82028 90.0 0.6779 1 0.0690 0
T 82035 90.0 0.6787 1 0.1035 0
T 82042 90.0 0.6787 1 0.1035 0
T 82050 90.0 0.6787 1 0.1035 0
T 82058 90.0 0.6787 1 0.1380 0
T 82065 90.0 0.6787 1 0.1380 0
T 82072 90.0 0.6787 1 0.1380 0
T 82080 90.0 0.6799 1 0.1710 0
T 82088 90.0 0.6799 1 0.1710 0
T 82095 90.0 0.6799 1 0.1710 0
T 82102 90.0 0.6809 1 0.1613 0
T 82110 90.0 0.6809 1 0.1613 0
T 82118 90.0 0.6809 1 0.1613 0
T 82125 90.0 0.6818 1 0.1958 0
T 82132 90.0 0.6818 1 0.1958 0
T 82140 90.0 0.6818 1 0.1958 0
T 82148 90.0 0.6826 1 0.2303 0
T 82155 90.0 0.6826 1 0.2303 0
T 82162 90.0 0.6826 1 0.2303 0
T 82170 90.0 0.6832 1 0.2633 0
T 82178 90.0 0.6832 1 0.2633 0
T 82185 90.0 0.6832 1 0.2633 0
T 82192 90.0 0.6838 1 0.2963 0
T 82200 90.0 0.6838 1 0.2963 0
T 82208 90.0 0.6838 1 0.2963 0
T 82215 90.0 0.6841 1 0.3308 0
T 82222 90.0 0.6841 1 0.3308 0
T 82230 90.0 0.6841 1 0.3308 0
T 82238 90.0 0.6844 1 0.3653 0
T 82245 90.0 0.6844 1 0.3653 0
T 82252 90.0 0.6844 1 0.3653 0
T 82260 90.0 0.6846 1 0.3983 0
T 82268 90.0 0.6846 1 0.3983 0
T 82275 90.0 0.6846 1 0.3983 0
T 82282 90.0 0.6844 1 0.4313 0
T 82290 90.0 0.6844 1 0.4313 0
T 82298 90.0 0.6844 1 0.4313 0
T 82305 90.0 0.6826 1 0.4658 0
T 82312 90.0 0.6826 1 0.4658 0
T 82320 90.0 0.6826 1 0.4658 0
T 82328 90.0 0.6812 1 0.4003 0
T 82335 90.0 0.6812 1 0.4003 0
T 82342 90.0 0.6812 1 0.4003 0
T 82350 90.0 0.6799 1 0.4333 0
T 82358 90.0 0.6799 1 0.4333 0
T 82365 90.0 0.6799 1 0.4333 0
T 82372 90.0 0.6791 1 0.4662 0
T 82380 90.0 0.6791 1 0.4662 0
T 82388 90.0 0.6791 1 0.4662 0
T 82395 90.0 0.6788 1 0.5007 0
T 82402 90.0 0.6788 1 0.5007 0
T 82410 90.0 0.6788 1 0.5007 0
T 82418 90.0 0.6783 1 0.5352 0
T 82425 90.0 0.6783 1 0.5352 0
T 82432 90.0 0.6783 1 0.5352 0
T 82440 90.0 0.6780 1 0.6682 0
T 82448 90.0 0.6780 1 0.6682 0
T 82455 90.0 0.6780 1 0.6682 0
T 82462 90.0 0.6776 1 0.7012 0
T 82470 90.0 0.6776 1 0.7012 0
T 82478 90.0 0.6776 1 0.7012 0
T 82485 90.0 0.6775 1 0.7357 0
T 82492 90.0 0.6775 1 0.7357 0
T 82500 90.0 0.6775 1 0.7357 0
T 82508 90.0 0.6770 1 0.7702 0
T 82515 90.0 0.6770 1 0.7702 0
T 82522 90.0 0.6770 1 0.7702 0
T 82530 90.0 0.6780 1 0.8032 0
T 82538 90.0 0.6780 1 0.8032 0
T 82545 90.0 0.6780 1 0.8032 0
T 82552 90.0 0.6789 1 0.8854 0
T 82560 90.0 0.6789 1 0.8854 0
T 82568 90.0 0.6789 1 0.8854 0
T 82575 90.0 0.6797 1 0.9199 0
T 82582 90.0 0.6797 1 0.9199 0
T 82590 90.0 0.6797 1 0.9199 0
T 82598 90.0 0.6803 1 0.9545 0
T 82605 90.0 0.6803 1 0.9545 0
T 82612 90.0 0.6803 1 0.9545 0
T 82620 90.0 0.6807 1 0.9875 0
T 82628 90.0 0.6807 1 0.9875 0
T 82635 90.0 0.6807 1 0.9875 0
T 82642 90.0 0.6806 1 0.0205 1
T 82650 90.0 0.6806 1 0.0205 0
T 82658 90.0 0.6806 1 0.0205 0
T 82665 90.0 0.6805 1 0.0499 0
T 82672 90.0 0.6805 1 0.0499 0
T 82680 90.0 0.6805 1 0.0499 0
T 82688 90.0 0.6803 1 0.0844 0
T 82695 90.0 0.6803 1 0.0844 0
T 82702 90.0 0.6803 1 0.0844 0
T 82710 90.0 0.6798 1 0.1174 0
T 82718 90.0 0.6798 1 0.1174 0
T 82725 90.0 0.6798 1 0.1174 0
T 82732 90.0 0.6786 1 0.1504 0
T 82740 90.0 0.6786 1 0.1504 0
T 82748 90.0 0.6786 1 0.1504 0
T 82755 90.0 0.6767 1 0.1849 0
T 82762 90.0 0.6767 1 0.1849 0
T 82770 90.0 0.6767 1 0.1849 0
T 82778 90.0 0.6752 1 0.1732 0
T 82785 90.0 0.6752 1 0.1732 0
T 82792 90.0 0.6752 1 0.1732 0
T 82800 90.0 0.6738 1 0.2062 0
T 82808 90.0 0.6738 1 0.2062 0
T 82815 90.0 0.6738 1 0.2062 0
T 82822 90.0 0.6731 1 0.2392 0
T 82830 90.0 0.6731 1 0.2392 0
T 82838 90.0 0.6731 1 0.2392 0
T 82845 90.0 0.6725 1 0.2737 0
T 82852 90.0 0.6725 1 0.2737 0
T 82860 90.0 0.6725 1 0.2737 0
T 82868 90.0 0.6722 1 0.3082 0
T 82875 90.0 0.6722 1 0.3082 0
T 82882 90.0 0.6722 1 0.3082 0
T 82890 90.0 0.6720 1 0.3412 0
T 82898 90.0 0.6720 1 0.3412 0
T 82905 90.0 0.6720 1 0.3412 0
T 82912 90.0 0.6719 1 0.3742 0
T 82920 90.0 0.6719 1 0.3742 0
T 82928 90.0 0.6719 1 0.3742 0
T 82935 90.0 0.6722 1 0.4087 0
T 82942 90.0 0.6722 1 0.4087 0
T 82950 90.0 0.6722 1 0.4087 0
T 82958 90.0 0.6728 1 0.4432 0
T 82965 90.0 0.6728 1 0.4432 0
T 82972 90.0 0.6728 1 0.4432 0
T 82980 90.0 0.6735 1 0.4762 0
T 82988 90.0 0.6735 1 0.4762 0
T 82995 90.0 0.6735 1 0.4762 0
T 83002 90.0 0.6743 1 0.5092 0
T 83010 90.0 0.6743 1 0.5092 0
T 83018 90.0 0.6743 1 0.5092 0
T 83025 90.0 0.6750 1 0.5437 0
T 83032 90.0 0.6750 1 0.5437 0
T 83040 90.0 0.6750 1 0.5437 0
T 83048 90.0 0.6756 1 0.5781 0
T 83055 90.0 0.6756 1 0.5781 0
T 83062 90.0 0.6756 1 0.5781 0
T 83070 90.0 0.6759 1 0.6111 0
T 83078 90.0 0.6759 1 0.6111 0
T 83085 90.0 0.6759 1 0.6111 0
T 83092 90.0 0.6762 1 0.6441 0
T 83100 90.0 0.6762 1 0.6441 0
T 83108 90.0 0.6762 1 0.6441 0
T 83115 90.0 0.6766 1 0.6786 0
T 83122 90.0 0.6766 1 0.6786 0
T 83130 90.0 0.6766 1 0.6786 0
T 83138 90.0 0.6768 1 0.7131 0
T 83145 90.0 0.6768 1 0.7131 0
T 83152 90.0 0.6768 1 0.7131 0
T 83160 90.0 0.6766 1 0.7461 0
T 83168 90.0 0.6766 1 0.7461 0
T 83175 90.0 0.6766 1 0.7461 0
T 83182 90.0 0.6750 1 0.7791 0
T 83190 90.0 0.6750 1 0.7791 0
T 83198 90.0 0.6750 1 0.7791 0
T 83205 90.0 0.6732 1 0.8689 0
T 83212 90.0 0.6732 1 0.8689 0
T 83220 90.0 0.6732 1 0.8689 0
T 83228 90.0 0.6718 1 0.9034 0
T 83235 90.0 0.6718 1 0.9034 0
T 83242 90.0 0.6718 1 0.9034 0
T 83250 90.0 0.6705 1 0.9364 0
T 83258 90.0 0.6705 1 0.9364 0
T 83265 90.0 0.6705 1 0.9364 0
T 83272 90.0 0.6702 1 0.9694 0
T 83280 90.0 0.6702 1 0.9694 0
T 83288 90.0 0.6702 1 0.9694 0
T 83295 90.0 0.6702 1 0.0039 1
T 83302 90.0 0.6702 1 0.0039 0
T 83310 90.0 0.6702 1 0.0039 0
T 83318 90.0 0.6701 1 0.0384 0
T 83325 90.0 0.6701 1 0.0384 0
T 83332 90.0 0.6701 1 0.0384 0
T 83340 90.0 0.6701 1 0.0714 0
T 83348 90.0 0.6701 1 0.0714 0
T 83355 90.0 0.6701 1 0.0714 0
T 83362 90.0 0.6699 1 0.1044 0
T 83370 90.0 0.6699 1 0.1044 0
T 83378 90.0 0.6699 1 0.1044 0
T 83385 90.0 0.6693 1 0.1389 0
T 83392 90.0 0.6693 1 0.1389 0
T 83400 90.0 0.6693 1 0.1389 0
T 83408 90.0 0.6698 1 0.1734 0
T 83415 90.0 0.6698 1 0.1734 0
T 83422 90.0 0.6698 1 0.1734 0
T 83430 90.0 0.6698 1 0.2064 0
T 83438 90.0 0.6698 1 0.2064 0
T 83445 90.0 0.6698 1 0.2064 0
T 83452 90.0 0.6699 1 0.2394 0
T 83460 90.0 0.6699 1 0.2394 0
T 83468 90.0 0.6699 1 0.2394 0
T 83475 90.0 0.6699 1 0.2739 0
T 83482 90.0 0.6699 1 0.2739 0
T 83490 90.0 0.6699 1 0.2739 0
T 83498 90.0 0.6697 1 0.3085 0
T 83505 90.0 0.6697 1 0.3085 0
T 83512 90.0 0.6697 1 0.3085 0
T 83520 90.0 0.6691 1 0.3415 0
T 83528 90.0 0.6691 1 0.3415 0
T 83535 90.0 0.6691 1 0.3415 0
T 83542 90.0 0.6686 1 0.2891 0
T 83550 90.0 0.6686 1 0.2891 0
T 83558 90.0 0.6686 1 0.2891 0
T 83565 90.0 0.6681 1 0.3236 0
T 83572 90.0 0.6681 1 0.3236 0
T 83580 90.0 0.6681 1 0.3236 0
T 83588 90.0 0.6677 1 0.3581 0
T 83595 90.0 0.6677 1 0.3581 0
T 83602 90.0 0.6677 1 0.3581 0
T 83610 90.0 0.6670 1 0.3910 0
T 83618 90.0 0.6670 1 0.3910 0
T 83625 90.0 0.6670 1 0.3910 0
T 83632 90.0 0.6649 1 0.4240 0
T 83640 90.0 0.6649 1 0.4240 0
T 83648 90.0 0.6649 1 0.4240 0
T 83655 90.0 0.6630 1 0.3585 0
T 83662 90.0 0.6630 1 0.3585 0
T 83670 90.0 0.6630 1 0.3585 0
T 83678 90.0 0.6615 1 0.3930 0
T 83685 90.0 0.6615 1 0.3930 0
T 83692 90.0 0.6615 1 0.3930 0
T 83700 90.0 0.6600 1 0.4259 0
T 83708 90.0 0.6600 1 0.4259 0
T 83715 90.0 0.6600 1 0.4259 0
T 83722 90.0 0.6590 1 0.4589 0
T 83730 90.0 0.6590 1 0.4589 0
T 83738 90.0 0.6590 1 0.4589 0
T 83745 90.0 0.6583 1 0.4934 0
T 83752 90.0 0.6583 1 0.4934 0
T 83760 90.0 0.6583 1 0.4934 0
T 83768 90.0 0.6575 1 0.5279 0
T 83775 90.0 0.6575 1 0.5279 0
T 83782 90.0 0.6575 1 0.5279 0
T 83790 90.0 0.6569 1 0.5608 0
T 83798 90.0 0.6569 1 0.5608 0
T 83805 90.0 0.6569 1 0.5608 0
T 83812 90.0 0.6562 1 0.5938 0
T 83820 90.0 0.6562 1 0.5938 0
T 83828 90.0 0.6562 1 0.5938 0
T 83835 90.0 0.6550 1 0.6283 0
T 83842 90.0 0.6550 1 0.6283 0
T 83850 90.0 0.6550 1 0.6283 0
T 83858 90.0 0.6563 1 0.6628 0
T 83865 90.0 0.6563 1 0.6628 0
T 83872 90.0 0.6563 1 0.6628 0
T 83880 90.0 0.6572 1 0.7801 0
T 83888 90.0 0.6572 1 0.7801 0
T 83895 90.0 0.6572 1 0.7801 0
T 83902 90.0 0.6580 1 0.8131 0
T 83910 90.0 0.6580 1 0.8131 0
T 83918 90.0 0.6580 1 0.8131 0
T 83925 90.0 0.6588 1 0.8476 0
T 83932 90.0 0.6588 1 0.8476 0
T 83940 90.0 0.6588 1 0.8476 0
T 83948 90.0 0.6594 1 0.8821 0
T 83955 90.0 0.6594 1 0.8821 0
T 83962 90.0 0.6594 1 0.8821 0
T 83970 90.0 0.6598 1 0.9151 0
T 83978 90.0 0.6598 1 0.9151 0
T 83985 90.0 0.6598 1 0.9151 0
T 83992 90.0 0.6602 1 0.9481 0
T 84000 90.0 0.6602 1 0.9481 0
T 84008 90.0 0.6602 1 0.9481 0
T 84015 90.0 0.6602 1 0.9826 0
T 84022 90.0 0.6602 1 0.9826 0
T 84030 90.0 0.6602 1 0.9826 0
T 84038 90.0 0.6601 1 0.0171 1
T 84045 90.0 0.6601 1 0.0171 0
T 84052 90.0 0.6601 1 0.0171 0
T 84060 90.0 0.6598 1 0.0501 0
T 84068 90.0 0.6598 1 0.0501 0
T 84075 90.0 0.6598 1 0.0501 0
T 84082 90.0 0.6572 1 0.0831 0
T 84090 90.0 0.6572 1 0.0831 0
T 84098 90.0 0.6572 1 0.0831 0
T 84105 90.0 0.6551 1 0.0969 0
T 84112 90.0 0.6551 1 0.0969 0
T 84120 90.0 0.6551 1 0.0969 0
T 84128 90.0 0.6531 1 0.1313 0
T 84135 90.0 0.6531 1 0.1313 0
T 84142 90.0 0.6531 1 0.1313 0
T 84150 90.0 0.6518 1 0.1643 0
T 84158 90.0 0.6518 1 0.1643 0
T 84165 90.0 0.6518 1 0.1643 0
T 84172 90.0 0.6510 1 0.1973 0
T 84180 90.0 0.6510 1 0.1973 0
T 84188 90.0 0.6510 1 0.1973 0
T 84195 90.0 0.6499 1 0.2318 0
T 84202 90.0 0.6499 1 0.2318 0
T 84210 90.0 0.6499 1 0.2318 0
T 84218 90.0 0.6491 1 0.2084 0
T 84225 90.0 0.6491 1 0.2084 0
T 84232 90.0 0.6491 1 0.2084 0
T 84240 90.0 0.6484 1 0.2414 0
T 84248 90.0 0.6484 1 0.2414 0
T 84255 90.0 0.6484 1 0.2414 0
T 84262 90.0 0.6480 1 0.2744 0
T 84270 90.0 0.6480 1 0.2744 0
T 84278 90.0 0.6480 1 0.2744 0
T 84285 90.0 0.6469 1 0.3088 0
T 84292 90.0 0.6469 1 0.3088 0
T 84300 90.0 0.6469 1 0.3088 0
T 84308 90.0 0.6481 1 0.3433 0
T 84315 90.0 0.6481 1 0.3433 0
T 84322 90.0 0.6481 1 0.3433 0
T 84330 90.0 0.6491 1 0.2905 0
T 84338 90.0 0.6491 1 0.2905 0
T 84345 90.0 0.6491 1 0.2905 0
T 84352 90.0 0.6500 1 0.3235 0
T 84360 90.0 0.6500 1 0.3235 0
T 84368 90.0 0.6500 1 0.3235 0
T 84375 90.0 0.6506 1 0.3579 0
T 84382 90.0 0.6506 1 0.3579 0
T 84390 90.0 0.6506 1 0.3579 0
T 84398 90.0 0.6508 1 0.3924 0
T 84405 90.0 0.6508 1 0.3924 0
T 84412 90.0 0.6508 1 0.3924 0
T 84420 90.0 0.6510 1 0.4254 0
T 84428 90.0 0.6510 1 0.4254 0
T 84435 90.0 0.6510 1 0.4254 0
T 84442 90.0 0.6512 1 0.3584 0
T 84450 90.0 0.6512 1 0.3584 0
T 84458 90.0 0.6512 1 0.3584 0
T 84465 90.0 0.6511 1 0.3928 0
T 84472 90.0 0.6511 1 0.3928 0
T 84480 90.0 0.6511 1 0.3928 0
T 84488 90.0 0.6507 1 0.4273 0
T 84495 90.0 0.6507 1 0.4273 0
T 84502 90.0 0.6507 1 0.4273 0
T 84510 90.0 0.6501 1 0.4602 0
T 84518 90.0 0.6501 1 0.4602 0
T 84525 90.0 0.6501 1 0.4602 0
T 84532 90.0 0.6489 1 0.4932 0
T 84540 90.0 0.6489 1 0.4932 0
T 84548 90.0 0.6489 1 0.4932 0
T 84555 90.0 0.6479 1 0.4277 0
T 84562 90.0 0.6479 1 0.4277 0
T 84570 90.0 0.6479 1 0.4277 0
T 84578 90.0 0.6470 1 0.4621 0
T 84585 90.0 0.6470 1 0.4621 0
T 84592 90.0 0.6470 1 0.4621 0
T 84600 90.0 0.6466 1 0.4951 0
T 84608 90.0 0.6466 1 0.4951 0
T 84615 90.0 0.6466 1 0.4951 0
T 84622 90.0 0.6468 1 0.5280 0
T 84630 90.0 0.6468 1 0.5280 0
T 84638 90.0 0.6468 1 0.5280 0
T 84645 90.0 0.6469 1 0.5625 0
T 84652 90.0 0.6469 1 0.5625 0
T 84660 90.0 0.6469 1 0.5625 0
T 84668 90.0 0.6472 1 0.5970 0
T 84675 90.0 0.6472 1 0.5970 0
T 84682 90.0 0.6472 1 0.5970 0
T 84690 90.0 0.6474 1 0.6299 0
T 84698 90.0 0.6474 1 0.6299 0
T 84705 90.0 0.6474 1 0.6299 0
T 84712 90.0 0.6485 1 0.6629 0
T 84720 90.0 0.6485 1 0.6629 0
T 84728 90.0 0.6485 1 0.6629 0
T 84735 90.0 0.6503 1 0.6974 0
T 84742 90.0 0.6503 1 0.6974 0
T 84750 90.0 0.6503 1 0.6974 0
T 84758 90.0 0.6522 1 0.7318 0
T 84765 90.0 0.6522 1 0.7318 0
T 84772 90.0 0.6522 1 0.7318 0
T 84780 90.0 0.6540 1 0.7648 0
T 84788 90.0 0.6540 1 0.7648 0
T 84795 90.0 0.6540 1 0.7648 0
T 84802 90.0 0.6554 1 0.7978 0
T 84810 90.0 0.6554 1 0.7978 0
T 84818 90.0 0.6554 1 0.7978 0
T 84825 90.0 0.6568 1 0.8323 0
T 84832 90.0 0.6568 1 0.8323 0
T 84840 90.0 0.6568 1 0.8323 0
T 84848 90.0 0.6578 1 0.8668 0
T 84855 90.0 0.6578 1 0.8668 0
T 84862 90.0 0.6578 1 0.8668 0
T 84870 90.0 0.6587 1 0.8998 0
T 84878 90.0 0.6587 1 0.8998 0
T 84885 90.0 0.6587 1 0.8998 0
T 84892 90.0 0.6596 1 0.9327 0
T 84900 90.0 0.6596 1 0.9327 0
T 84908 90.0 0.6596 1 0.9327 0
T 84915 90.0 0.6603 1 0.9672 0
T 84922 90.0 0.6603 1 0.9672 0
T 84930 90.0 0.6603 1 0.9672 0
T 84938 90.0 0.6604 1 0.0017 1
T 84945 90.0 0.6604 1 0.0017 0
T 84952 90.0 0.6604 1 0.0017 0
T 84960 90.0 0.6584 1 0.0347 0
T 84968 90.0 0.6584 1 0.0347 0
T 84975 90.0 0.6584 1 0.0347 0
T 84982 90.0 0.6561 1 0.0590 0
T 84990 90.0 0.6561 1 0.0590 0
T 84998 90.0 0.6561 1 0.0590 0
T 85005 90.0 0.6541 1 0.0935 0
T 85012 90.0 0.6541 1 0.0935 0
T 85020 90.0 0.6541 1 0.0935 0
T 85028 90.0 0.6523 1 0.1280 0
T 85035 90.0 0.6523 1 0.1280 0
T 85042 90.0 0.6523 1 0.1280 0
T 85050 90.0 0.6514 1 0.1610 0
T 85058 90.0 0.6514 1 0.1610 0
T 85065 90.0 0.6514 1 0.1610 0
T 85072 90.0 0.6513 1 0.1940 0
T 85080 90.0 0.6513 1 0.1940 0
T 85088 90.0 0.6513 1 0.1940 0
T 85095 90.0 0.6513 1 0.2285 0
T 85102 90.0 0.6513 1 0.2285 0
T 85110 90.0 0.6513 1 0.2285 0
T 85118 90.0 0.6512 1 0.2630 0
T 85125 90.0 0.6512 1 0.2630 0
T 85132 90.0 0.6512 1 0.2630 0
T 85140 90.0 0.6512 1 0.2960 0
T 85148 90.0 0.6512 1 0.2960 0
T 85155 90.0 0.6512 1 0.2960 0
T 85162 90.0 0.6503 1 0.3290 0
T 85170 90.0 0.6503 1 0.3290 0
T 85178 90.0 0.6503 1 0.3290 0
T 85185 90.0 0.6498 1 0.3635 0
T 85192 90.0 0.6498 1 0.3635 0
T 85200 90.0 0.6498 1 0.3635 0
T 85208 90.0 0.6495 1 0.3980 0
T 85215 90.0 0.6495 1 0.3980 0
T 85222 90.0 0.6495 1 0.3980 0
T 85230 90.0 0.6493 1 0.4310 0
T 85238 90.0 0.6493 1 0.4310 0
T 85245 90.0 0.6493 1 0.4310 0
T 85252 90.0 0.6492 1 0.4640 0
T 85260 90.0 0.6492 1 0.4640 0
T 85268 90.0 0.6492 1 0.4640 0
T 85275 90.0 0.6495 1 0.4985 0
T 85282 90.0 0.6495 1 0.4985 0
T 85290 90.0 0.6495 1 0.4985 0
T 85298 90.0 0.6490 1 0.5330 0
T 85305 90.0 0.6490 1 0.5330 0
T 85312 90.0 0.6490 1 0.5330 0
T 85320 90.0 0.6488 1 0.6659 0
T 85328 90.0 0.6488 1 0.6659 0
T 85335 90.0 0.6488 1 0.6659 0
T 85342 90.0 0.6485 1 0.6990 0
T 85350 90.0 0.6485 1 0.6990 0
T 85358 90.0 0.6485 1 0.6990 0
T 85365 90.0 0.6479 1 0.7335 0
T 85372 90.0 0.6479 1 0.7335 0
T 85380 90.0 0.6479 1 0.7335 0
T 85388 90.0 0.6478 1 0.7680 0
T 85395 90.0 0.6478 1 0.7680 0
T 85402 90.0 0.6478 1 0.7680 0
T 85410 90.0 0.6463 1 0.8010 0
T 85418 90.0 0.6463 1 0.8010 0
T 85425 90.0 0.6463 1 0.8010 0
T 85432 90.0 0.6450 1 0.8838 0
T 85440 90.0 0.6450 1 0.8838 0
T 85448 90.0 0.6450 1 0.8838 0
T 85455 90.0 0.6440 1 0.9183 0
T 85462 90.0 0.6440 1 0.9183 0
T 85470 90.0 0.6440 1 0.9183 0
T 85478 90.0 0.6431 1 0.9528 0
T 85485 90.0 0.6431 1 0.9528 0
T 85492 90.0 0.6431 1 0.9528 0
T 85500 90.0 0.6419 1 0.9859 0
T 85508 90.0 0.6419 1 0.9859 0
T 85515 90.0 0.6419 1 0.9859 0
T 85522 90.0 0.6413 1 0.0189 1
T 85530 90.0 0.6413 1 0.0189 0
T 85538 90.0 0.6413 1 0.0189 0
T 85545 90.0 0.6403 1 0.0534 0
T 85552 90.0 0.6403 1 0.0534 0
T 85560 90.0 0.6403 1 0.0534 0
T 85568 90.0 0.6396 1 0.0879 0
T 85575 90.0 0.6396 1 0.0879 0
T 85582 90.0 0.6396 1 0.0879 0
T 85590 90.0 0.6386 1 0.1209 0
T 85598 90.0 0.6386 1 0.1209 0
T 85605 90.0 0.6386 1 0.1209 0
T 85612 90.0 0.6354 1 0.1540 0
T 85620 90.0 0.6354 1 0.1540 0
T 85628 90.0 0.6354 1 0.1540 0
T 85635 90.0 0.6350 1 0.1885 0
T 85642 90.0 0.6350 1 0.1885 0
T 85650 90.0 0.6350 1 0.1885 0
T 85658 90.0 0.6346 1 0.1759 0
T 85665 90.0 0.6346 1 0.1759 0
T 85672 90.0 0.6346 1 0.1759 0
T 85680 90.0 0.6342 1 0.2089 0
T 85688 90.0 0.6342 1 0.2089 0
T 85695 90.0 0.6342 1 0.2089 0
T 85702 90.0 0.6338 1 0.2419 0
T 85710 90.0 0.6338 1 0.2419 0
T 85718 90.0 0.6338 1 0.2419 0
T 85725 90.0 0.6337 1 0.2764 0
T 85732 90.0 0.6337 1 0.2764 0
T 85740 90.0 0.6337 1 0.2764 0
T 85748 90.0 0.6336 1 0.3109 0
T 85755 90.0 0.6336 1 0.3109 0
T 85762 90.0 0.6336 1 0.3109 0
T 85770 90.0 0.6334 1 0.3439 0
T 85778 90.0 0.6334 1 0.3439 0
T 85785 90.0 0.6334 1 0.3439 0
T 85792 90.0 0.6331 1 0.3769 0
T 85800 90.0 0.6331 1 0.3769 0
T 85808 90.0 0.6331 1 0.3769 0
T 85815 90.0 0.6330 1 0.4114 0
T 85822 90.0 0.6330 1 0.4114 0
T 85830 90.0 0.6330 1 0.4114 0
T 85838 90.0 0.6336 1 0.4459 0
T 85845 90.0 0.6336 1 0.4459 0
T 85852 90.0 0.6336 1 0.4459 0
T 85860 90.0 0.6320 1 0.4788 0
T 85868 90.0 0.6320 1 0.4788 0
T 85875 90.0 0.6320 1 0.4788 0
T 85882 90.0 0.6307 1 0.4118 0
T 85890 90.0 0.6307 1 0.4118 0
T 85898 90.0 0.6307 1 0.4118 0
T 85905 90.0 0.6295 1 0.4463 0
T 85912 90.0 0.6295 1 0.4463 0
T 85920 90.0 0.6295 1 0.4463 0
T 85928 90.0 0.6287 1 0.4808 0
T 85935 90.0 0.6287 1 0.4808 0
T 85942 90.0 0.6287 1 0.4808 0
T 85950 90.0 0.6280 1 0.5138 0
T 85958 90.0 0.6280 1 0.5138 0
T 85965 90.0 0.6280 1 0.5138 0
T 85972 90.0 0.6274 1 0.5467 0
T 85980 90.0 0.6274 1 0.5467 0
T 85988 90.0 0.6274 1 0.5467 0
T 85995 90.0 0.6265 1 0.6812 0
T 86002 90.0 0.6265 1 0.6812 0
T 86010 90.0 0.6265 1 0.6812 0
T 86018 90.0 0.6258 1 0.7157 0
T 86025 90.0 0.6258 1 0.7157 0
T 86032 90.0 0.6258 1 0.7157 0
T 86040 90.0 0.6252 1 0.7487 0
T 86048 90.0 0.6252 1 0.7487 0
T 86055 90.0 0.6252 1 0.7487 0
T 86062 90.0 0.6245 1 0.7818 0
T 86070 90.0 0.6245 1 0.7818 0
T 86078 90.0 0.6245 1 0.7818 0
T 86085 90.0 0.6259 1 0.8163 0
T 86092 90.0 0.6259 1 0.8163 0
T 86100 90.0 0.6259 1 0.8163 0
T 86108 90.0 0.6273 1 0.8967 0
T 86115 90.0 0.6273 1 0.8967 0
T 86122 90.0 0.6273 1 0.8967 0
T 86130 90.0 0.6285 1 0.9297 0
T 86138 90.0 0.6285 1 0.9297 0
T 86145 90.0 0.6285 1 0.9297 0
T 86152 90.0 0.6294 1 0.9627 0
T 86160 90.0 0.6294 1 0.9627 0
T 86168 90.0 0.6294 1 0.9627 0
T 86175 90.0 0.6301 1 0.9972 0
T 86182 90.0 0.6301 1 0.9972 0
T 86190 90.0 0.6301 1 0.9972 0
T 86198 90.0 0.6303 1 0.0318 1
T 86205 90.0 0.6303 1 0.0318 0
T 86212 90.0 0.6303 1 0.0318 0
T 86220 90.0 0.6305 1 0.0568 0
T 86228 90.0 0.6305 1 0.0568 0
T 86235 90.0 0.6305 1 0.0568 0
T 86242 90.0 0.6304 1 0.0898 0
T 86250 90.0 0.6304 1 0.0898 0
T 86258 90.0 0.6304 1 0.0898 0
T 86265 90.0 0.6306 1 0.1243 0
T 86272 90.0 0.6306 1 0.1243 0
T 86280 90.0 0.6306 1 0.1243 0
T 86288 90.0 0.6305 1 0.1589 0
T 86295 90.0 0.6305 1 0.1589 0
T 86302 90.0 0.6305 1 0.1589 0
T 86310 90.0 0.6296 1 0.1919 0
T 86318 90.0 0.6296 1 0.1919 0
T 86325 90.0 0.6296 1 0.1919 0
T 86332 90.0 0.6289 1 0.1769 0
T 86340 90.0 0.6289 1 0.1769 0
T 86348 90.0 0.6289 1 0.1769 0
T 86355 90.0 0.6283 1 0.2114 0
T 86362 90.0 0.6283 1 0.2114 0
T 86370 90.0 0.6283 1 0.2114 0
T 86378 90.0 0.6281 1 0.2459 0
T 86385 90.0 0.6281 1 0.2459 0
T 86392 90.0 0.6281 1 0.2459 0
T 86400 90.0 0.6281 1 0.2789 0
T 86408 90.0 0.6281 1 0.2789 0
T 86415 90.0 0.6281 1 0.2789 0
T 86422 90.0 0.6283 1 0.3119 0
T 86430 90.0 0.6283 1 0.3119 0
T 86438 90.0 0.6283 1 0.3119 0
T 86445 90.0 0.6287 1 0.3464 0
T 86452 90.0 0.6287 1 0.3464 0
T 86460 90.0 0.6287 1 0.3464 0
T 86468 90.0 0.6290 1 0.3809 0
T 86475 90.0 0.6290 1 0.3809 0
T 86482 90.0 0.6290 1 0.3809 0
T 86490 90.0 0.6294 1 0.4139 0
T 86498 90.0 0.6294 1 0.4139 0
T 86505 90.0 0.6294 1 0.4139 0
T 86512 90.0 0.6305 1 0.4469 0
T 86520 90.0 0.6305 1 0.4469 0
T 86528 90.0 0.6305 1 0.4469 0
T 86535 90.0 0.6320 1 0.4814 0
T 86542 90.0 0.6320 1 0.4814 0
T 86550 90.0 0.6320 1 0.4814 0
T 86558 90.0 0.6333 1 0.5159 0
T 86565 90.0 0.6333 1 0.5159 0
T 86572 90.0 0.6333 1 0.5159 0
T 86580 90.0 0.6342 1 0.5489 0
T 86588 90.0 0.6342 1 0.5489 0
T 86595 90.0 0.6342 1 0.5489 0
T 86602 90.0 0.6353 1 0.5819 0
T 86610 90.0 0.6353 1 0.5819 0
T 86618 90.0 0.6353 1 0.5819 0
T 86625 90.0 0.6361 1 0.6163 0
T 86632 90.0 0.6361 1 0.6163 0
T 86640 90.0 0.6361 1 0.6163 0
T 86648 90.0 0.6370 1 0.6508 0
T 86655 90.0 0.6370 1 0.6508 0
T 86662 90.0 0.6370 1 0.6508 0
T 86670 90.0 0.6377 1 0.6838 0
T 86678 90.0 0.6377 1 0.6838 0
T 86685 90.0 0.6377 1 0.6838 0
T 86692 90.0 0.6381 1 0.7168 0
T 86700 90.0 0.6381 1 0.7168 0
T 86708 90.0 0.6381 1 0.7168 0
T 86715 90.0 0.6395 1 0.7513 0
T 86722 90.0 0.6395 1 0.7513 0
T 86730 90.0 0.6395 1 0.7513 0
T 86738 90.0 0.6393 1 0.7858 0
T 86745 90.0 0.6393 1 0.7858 0
T 86752 90.0 0.6393 1 0.7858 0
T 86760 90.0 0.6385 1 0.8724 0
T 86768 90.0 0.6385 1 0.8724 0
T 86775 90.0 0.6385 1 0.8724 0
T 86782 90.0 0.6379 1 0.9054 0
T 86790 90.0 0.6379 1 0.9054 0
T 86798 90.0 0.6379 1 0.9054 0
T 86805 90.0 0.6373 1 0.9399 0
T 86812 90.0 0.6373 1 0.9399 0
T 86820 90.0 0.6373 1 0.9399 0
T 86828 90.0 0.6371 1 0.9744 0
T 86835 90.0 0.6371 1 0.9744 0
T 86842 90.0 0.6371 1 0.9744 0
T 86850 90.0 0.6375 1 0.0074 1
T 86858 90.0 0.6375 1 0.0074 0
T 86865 90.0 0.6375 1 0.0074 0
T 86872 90.0 0.6380 1 0.0404 0
T 86880 90.0 0.6380 1 0.0404 0
T 86888 90.0 0.6380 1 0.0404 0
T 86895 90.0 0.6384 1 0.0749 0
T 86902 90.0 0.6384 1 0.0749 0
T 86910 90.0 0.6384 1 0.0749 0
T 86918 90.0 0.6391 1 0.1094 0
T 86925 90.0 0.6391 1 0.1094 0
T 86932 90.0 0.6391 1 0.1094 0
T 86940 90.0 0.6382 1 0.1424 0
T 86948 90.0 0.6382 1 0.1424 0
T 86955 90.0 0.6382 1 0.1424 0
T 86962 90.0 0.6381 1 0.1755 0
T 86970 90.0 0.6381 1 0.1755 0
T 86978 90.0 0.6381 1 0.1755 0
T 86985 90.0 0.6382 1 0.2100 0
T 86992 90.0 0.6382 1 0.2100 0
T 87000 90.0 0.6382 1 0.2100 0
T 87008 90.0 0.6384 1 0.2445 0
T 87015 90.0 0.6384 1 0.2445 0
T 87022 90.0 0.6384 1 0.2445 0
T 87030 90.0 0.6386 1 0.2775 0
T 87038 90.0 0.6386 1 0.2775 0
T 87045 90.0 0.6386 1 0.2775 0
T 87052 90.0 0.6390 1 0.3105 0
T 87060 90.0 0.6390 1 0.3105 0
T 87068 90.0 0.6390 1 0.3105 0
T 87075 90.0 0.6385 1 0.3450 0
T 87082 90.0 0.6385 1 0.3450 0
T 87090 90.0 0.6385 1 0.3450 0
T 87098 90.0 0.6385 1 0.2932 0
T 87105 90.0 0.6385 1 0.2932 0
T 87112 90.0 0.6385 1 0.2932 0
T 87120 90.0 0.6383 1 0.3262 0
T 87128 90.0 0.6383 1 0.3262 0
T 87135 90.0 0.6383 1 0.3262 0
T 87142 90.0 0.6381 1 0.3592 0
T 87150 90.0 0.6381 1 0.3592 0
T 87158 90.0 0.6381 1 0.3592 0
T 87165 90.0 0.6387 1 0.3937 0
T 87172 90.0 0.6387 1 0.3937 0
T 87180 90.0 0.6387 1 0.3937 0
T 87188 90.0 0.6383 1 0.4282 0
T 87195 90.0 0.6383 1 0.4282 0
T 87202 90.0 0.6383 1 0.4282 0
T 87210 90.0 0.6382 1 0.3612 0
T 87218 90.0 0.6382 1 0.3612 0
T 87225 90.0 0.6382 1 0.3612 0
T 87232 90.0 0.6380 1 0.3941 0
T 87240 90.0 0.6380 1 0.3941 0
T 87248 90.0 0.6380 1 0.3941 0
T 87255 90.0 0.6379 1 0.4286 0
T 87262 90.0 0.6379 1 0.4286 0
T 87270 90.0 0.6379 1 0.4286 0
T 87278 90.0 0.6376 1 0.4631 0
T 87285 90.0 0.6376 1 0.4631 0
T 87292 90.0 0.6376 1 0.4631 0
T 87300 90.0 0.6376 1 0.4960 0
T 87308 90.0 0.6376 1 0.4960 0
T 87315 90.0 0.6376 1 0.4960 0
T 87322 90.0 0.6374 1 0.5290 0
T 87330 90.0 0.6374 1 0.5290 0
T 87338 90.0 0.6374 1 0.5290 0
T 87345 90.0 0.6373 1 0.5635 0
T 87352 90.0 0.6373 1 0.5635 0
T 87360 90.0 0.6373 1 0.5635 0
T 87368 90.0 0.6374 1 0.5980 0
T 87375 90.0 0.6374 1 0.5980 0
T 87382 90.0 0.6374 1 0.5980 0
T 87390 90.0 0.6369 1 0.6309 0
T 87398 90.0 0.6369 1 0.6309 0
T 87405 90.0 0.6369 1 0.6309 0
T 87412 90.0 0.6385 1 0.6639 0
T 87420 90.0 0.6385 1 0.6639 0
T 87428 90.0 0.6385 1 0.6639 0
T 87435 90.0 0.6399 1 0.7824 0
T 87442 90.0 0.6399 1 0.7824 0
T 87450 90.0 0.6399 1 0.7824 0
T 87458 90.0 0.6411 1 0.8169 0
T 87465 90.0 0.6411 1 0.8169 0
T 87472 90.0 0.6411 1 0.8169 0
T 87480 90.0 0.6421 1 0.8499 0
T 87488 90.0 0.6421 1 0.8499 0
T 87495 90.0 0.6421 1 0.8499 0
T 87502 90.0 0.6429 1 0.8830 0
T 87510 90.0 0.6429 1 0.8830 0
T 87518 90.0 0.6429 1 0.8830 0
T 87525 90.0 0.6437 1 0.9175 0
T 87532 90.0 0.6437 1 0.9175 0
T 87540 90.0 0.6437 1 0.9175 0
T 87548 90.0 0.6444 1 0.9520 0
T 87555 90.0 0.6444 1 0.9520 0
T 87562 90.0 0.6444 1 0.9520 0
T 87570 90.0 0.6448 1 0.9850 0
T 87578 90.0 0.6448 1 0.9850 0
T 87585 90.0 0.6448 1 0.9850 0
T 87592 90.0 0.6457 1 0.0180 1
T 87600 90.0 0.6457 1 0.0180 0
T 87608 90.0 0.6457 1 0.0180 0
T 87615 90.0 0.6469 1 0.0525 0
T 87622 90.0 0.6469 1 0.0525 0
T 87630 90.0 0.6469 1 0.0525 0
T 87638 90.0 0.6463 1 0.0870 0
T 87645 90.0 0.6463 1 0.0870 0
T 87652 90.0 0.6463 1 0.0870 0
T 87660 90.0 0.6459 1 0.0982 0
T 87668 90.0 0.6459 1 0.0982 0
T 87675 90.0 0.6459 1 0.0982 0
T 87682 90.0 0.6454 1 0.1312 0
T 87690 90.0 0.6454 1 0.1312 0
T 87698 90.0 0.6454 1 0.1312 0
T 87705 90.0 0.6451 1 0.1657 0
T 87712 90.0 0.6451 1 0.1657 0
T 87720 90.0 0.6451 1 0.1657 0
T 87728 90.0 0.6448 1 0.2002 0
T 87735 90.0 0.6448 1 0.2002 0
T 87742 90.0 0.6448 1 0.2002 0
T 87750 90.0 0.6445 1 0.2332 0
T 87758 90.0 0.6445 1 0.2332 0
T 87765 90.0 0.6445 1 0.2332 0
T 87772 90.0 0.6441 1 0.2079 0
T 87780 90.0 0.6441 1 0.2079 0
T 87788 90.0 0.6441 1 0.2079 0
T 87795 90.0 0.6437 1 0.2424 0
T 87802 90.0 0.6437 1 0.2424 0
T 87810 90.0 0.6437 1 0.2424 0
T 87818 90.0 0.6431 1 0.2769 0
T 87825 90.0 0.6431 1 0.2769 0
T 87832 90.0 0.6431 1 0.2769 0
T 87840 90.0 0.6421 1 0.3099 0
T 87848 90.0 0.6421 1 0.3099 0
T 87855 90.0 0.6421 1 0.3099 0
T 87862 90.0 0.6434 1 0.3429 0
T 87870 90.0 0.6434 1 0.3429 0
T 87878 90.0 0.6434 1 0.3429 0
T 87885 90.0 0.6446 1 0.2916 0
T 87892 90.0 0.6446 1 0.2916 0
T 87900 90.0 0.6446 1 0.2916 0
T 87908 90.0 0.6456 1 0.3261 0
T 87915 90.0 0.6456 1 0.3261 0
T 87922 90.0 0.6456 1 0.3261 0
T 87930 90.0 0.6463 1 0.3591 0
T 87938 90.0 0.6463 1 0.3591 0
T 87945 90.0 0.6463 1 0.3591 0
T 87952 90.0 0.6468 1 0.3921 0
T 87960 90.0 0.6468 1 0.3921 0
T 87968 90.0 0.6468 1 0.3921 0
T 87975 90.0 0.6466 1 0.4265 0
T 87982 90.0 0.6466 1 0.4265 0
T 87990 90.0 0.6466 1 0.4265 0
T 87998 90.0 0.6466 1 0.3610 0
T 88005 90.0 0.6466 1 0.3610 0
T 88012 90.0 0.6466 1 0.3610 0
T 88020 90.0 0.6464 1 0.3940 0
T 88028 90.0 0.6464 1 0.3940 0
T 88035 90.0 0.6464 1 0.3940 0
T 88042 90.0 0.6469 1 0.4269 0
T 88050 90.0 0.6469 1 0.4269 0
T 88058 90.0 0.6469 1 0.4269 0
T 88065 90.0 0.6473 1 0.4614 0
T 88072 90.0 0.6473 1 0.4614 0
T 88080 90.0 0.6473 1 0.4614 0
T 88088 90.0 0.6471 1 0.4959 0
T 88095 90.0 0.6471 1 0.4959 0
T 88102 90.0 0.6471 1 0.4959 0
T 88110 90.0 0.6470 1 0.4288 0
T 88118 90.0 0.6470 1 0.4288 0
T 88125 90.0 0.6470 1 0.4288 0
T 88132 90.0 0.6469 1 0.4618 0
T 88140 90.0 0.6469 1 0.4618 0
T 88148 90.0 0.6469 1 0.4618 0
T 88155 90.0 0.6469 1 0.4962 0
T 88162 90.0 0.6469 1 0.4962 0
T 88170 90.0 0.6469 1 0.4962 0
T 88178 90.0 0.6469 1 0.5307 0
T 88185 90.0 0.6469 1 0.5307 0
T 88192 90.0 0.6469 1 0.5307 0
T 88200 90.0 0.6471 1 0.5636 0
T 88208 90.0 0.6471 1 0.5636 0
T 88215 90.0 0.6471 1 0.5636 0
T 88222 90.0 0.6473 1 0.5966 0
T 88230 90.0 0.6473 1 0.5966 0
T 88238 90.0 0.6473 1 0.5966 0
T 88245 90.0 0.6474 1 0.6311 0
T 88252 90.0 0.6474 1 0.6311 0
T 88260 90.0 0.6474 1 0.6311 0
T 88268 90.0 0.6475 1 0.6655 0
T 88275 90.0 0.6475 1 0.6655 0
T 88282 90.0 0.6475 1 0.6655 0
T 88290 90.0 0.6505 1 0.6985 0
T 88298 90.0 0.6505 1 0.6985 0
T 88305 90.0 0.6505 1 0.6985 0
T 88312 90.0 0.6537 1 0.8069 0
T 88320 90.0 0.6537 1 0.8069 0
T 88328 90.0 0.6537 1 0.8069 0
T 88335 90.0 0.6568 1 0.8414 0
T 88342 90.0 0.6568 1 0.8414 0
T 88350 90.0 0.6568 1 0.8414 0
T 88358 90.0 0.6596 1 0.8759 0
T 88365 90.0 0.6596 1 0.8759 0
T 88372 90.0 0.6596 1 0.8759 0
T 88380 90.0 0.6619 1 0.9089 0
T 88388 90.0 0.6619 1 0.9089 0
T 88395 90.0 0.6619 1 0.9089 0
T 88402 90.0 0.6638 1 0.9419 0
T 88410 90.0 0.6638 1 0.9419 0
T 88418 90.0 0.6638 1 0.9419 0
T 88425 90.0 0.6656 1 0.9764 0
T 88432 90.0 0.6656 1 0.9764 0
T 88440 90.0 0.6656 1 0.9764 0
T 88448 90.0 0.6672 1 0.0108 1
T 88455 90.0 0.6672 1 0.0108 0
T 88462 90.0 0.6672 1 0.0108 0
T 88470 90.0 0.6686 1 0.0438 0
T 88478 90.0 0.6686 1 0.0438 0
T 88485 90.0 0.6686 1 0.0438 0
T 88492 90.0 0.6704 1 0.0768 0
T 88500 90.0 0.6704 1 0.0768 0
T 88508 90.0 0.6704 1 0.0768 0
T 88515 90.0 0.6721 1 0.1113 0
T 88522 90.0 0.6721 1 0.1113 0
T 88530 90.0 0.6721 1 0.1113 0
T 88538 90.0 0.6736 1 0.1458 0
T 88545 90.0 0.6736 1 0.1458 0
T 88552 90.0 0.6736 1 0.1458 0
T 88560 90.0 0.6748 1 0.1788 0
T 88568 90.0 0.6748 1 0.1788 0
T 88575 90.0 0.6748 1 0.1788 0
T 88582 90.0 0.6757 1 0.2118 0
T 88590 90.0 0.6757 1 0.2118 0
T 88598 90.0 0.6757 1 0.2118 0
T 88605 90.0 0.6769 1 0.2463 0
T 88612 90.0 0.6769 1 0.2463 0
T 88620 90.0 0.6769 1 0.2463 0
T 88628 90.0 0.6773 1 0.2808 0
T 88635 90.0 0.6773 1 0.2808 0
T 88642 90.0 0.6773 1 0.2808 0
T 88650 90.0 0.6774 1 0.3138 0
T 88658 90.0 0.6774 1 0.3138 0
T 88665 90.0 0.6774 1 0.3138 0
T 88672 90.0 0.6776 1 0.3468 0
T 88680 90.0 0.6776 1 0.3468 0
T 88688 90.0 0.6776 1 0.3468 0
T 88695 90.0 0.6784 1 0.3813 0
T 88702 90.0 0.6784 1 0.3813 0
T 88710 90.0 0.6784 1 0.3813 0
T 88718 90.0 0.6781 1 0.4158 0
T 88725 90.0 0.6781 1 0.4158 0
T 88732 90.0 0.6781 1 0.4158 0
T 88740 90.0 0.6774 1 0.4488 0
T 88748 90.0 0.6774 1 0.4488 0
T 88755 90.0 0.6774 1 0.4488 0
T 88762 90.0 0.6767 1 0.4818 0
T 88770 90.0 0.6767 1 0.4818 0
T 88778 90.0 0.6767 1 0.4818 0
T 88785 90.0 0.6763 1 0.5163 0
T 88792 90.0 0.6763 1 0.5163 0
T 88800 90.0 0.6763 1 0.5163 0
T 88808 90.0 0.6760 1 0.5508 0
T 88815 90.0 0.6760 1 0.5508 0
T 88822 90.0 0.6760 1 0.5508 0
T 88830 90.0 0.6759 1 0.5838 0
T 88838 90.0 0.6759 1 0.5838 0
T 88845 90.0 0.6759 1 0.5838 0
T 88852 90.0 0.6764 1 0.6168 0
T 88860 90.0 0.6764 1 0.6168 0
T 88868 90.0 0.6764 1 0.6168 0
T 88875 90.0 0.6772 1 0.6513 0
T 88882 90.0 0.6772 1 0.6513 0
T 88890 90.0 0.6772 1 0.6513 0
T 88898 90.0 0.6777 1 0.6858 0
T 88905 90.0 0.6777 1 0.6858 0
T 88912 90.0 0.6777 1 0.6858 0
T 88920 90.0 0.6786 1 0.7188 0
T 88928 90.0 0.6786 1 0.7188 0
T 88935 90.0 0.6786 1 0.7188 0
T 88942 90.0 0.6799 1 0.7518 0
T 88950 90.0 0.6799 1 0.7518 0
T 88958 90.0 0.6799 1 0.7518 0
T 88965 90.0 0.6801 1 0.7863 0
T 88972 90.0 0.6801 1 0.7863 0
T 88980 90.0 0.6801 1 0.7863 0
T 88988 90.0 0.6799 1 0.8208 0
T 88995 90.0 0.6799 1 0.8208 0
T 89002 90.0 0.6799 1 0.8208 0
T 89010 90.0 0.6798 1 0.8538 0
T 89018 90.0 0.6798 1 0.8538 0
T 89025 90.0 0.6798 1 0.8538 0
T 89032 90.0 0.6797 1 0.8868 0
T 89040 90.0 0.6797 1 0.8868 0
T 89048 90.0 0.6797 1 0.8868 0
T 89055 90.0 0.6798 1 0.9213 0
T 89062 90.0 0.6798 1 0.9213 0
T 89070 90.0 0.6798 1 0.9213 0
T 89078 90.0 0.6798 1 0.9558 0
T 89085 90.0 0.6798 1 0.9558 0
T 89092 90.0 0.6798 1 0.9558 0
T 89100 90.0 0.6798 1 0.9888 0
T 89108 90.0 0.6798 1 0.9888 0
T 89115 90.0 0.6798 1 0.9888 0
T 89122 90.0 0.6797 1 0.0218 1
T 89130 90.0 0.6797 1 0.0218 0
T 89138 90.0 0.6797 1 0.0218 0
T 89145 90.0 0.6794 1 0.0563 0
T 89152 90.0 0.6794 1 0.0563 0
T 89160 90.0 0.6794 1 0.0563 0
T 89168 90.0 0.6788 1 0.0908 0
T 89175 90.0 0.6788 1 0.0908 0
T 89182 90.0 0.6788 1 0.0908 0
T 89190 90.0 0.6783 1 0.1238 0
T 89198 90.0 0.6783 1 0.1238 0
T 89205 90.0 0.6783 1 0.1238 0
T 89212 90.0 0.6777 1 0.1568 0
T 89220 90.0 0.6777 1 0.1568 0
T 89228 90.0 0.6777 1 0.1568 0
T 89235 90.0 0.6771 1 0.1913 0
T 89242 90.0 0.6771 1 0.1913 0
T 89250 90.0 0.6771 1 0.1913 0
T 89258 90.0 0.6763 1 0.2258 0
T 89265 90.0 0.6763 1 0.2258 0
T 89272 90.0 0.6763 1 0.2258 0
T 89280 90.0 0.6757 1 0.2588 0
T 89288 90.0 0.6757 1 0.2588 0
T 89295 90.0 0.6757 1 0.2588 0
T 89302 90.0 0.6752 1 0.2918 0
T 89310 90.0 0.6752 1 0.2918 0
T 89318 90.0 0.6752 1 0.2918 0
T 89325 90.0 0.6749 1 0.3263 0
T 89332 90.0 0.6749 1 0.3263 0
T 89340 90.0 0.6749 1 0.3263 0
T 89348 90.0 0.6747 1 0.3608 0
T 89355 90.0 0.6747 1 0.3608 0
T 89362 90.0 0.6747 1 0.3608 0
T 89370 90.0 0.6751 1 0.3938 0
T 89378 90.0 0.6751 1 0.3938 0
T 89385 90.0 0.6751 1 0.3938 0
T 89392 90.0 0.6756 1 0.4268 0
T 89400 90.0 0.6756 1 0.4268 0
T 89408 90.0 0.6756 1 0.4268 0
T 89415 90.0 0.6764 1 0.4613 0
T 89422 90.0 0.6764 1 0.4613 0
T 89430 90.0 0.6764 1 0.4613 0
T 89438 90.0 0.6771 1 0.3958 0
T 89445 90.0 0.6771 1 0.3958 0
T 89452 90.0 0.6771 1 0.3958 0
T 89460 90.0 0.6777 1 0.4288 0
T 89468 90.0 0.6777 1 0.4288 0
T 89475 90.0 0.6777 1 0.4288 0
T 89482 90.0 0.6782 1 0.4618 0
T 89490 90.0 0.6782 1 0.4618 0
T 89498 90.0 0.6782 1 0.4618 0
T 89505 90.0 0.6786 1 0.4963 0
T 89512 90.0 0.6786 1 0.4963 0
T 89520 90.0 0.6786 1 0.4963 0
T 89528 90.0 0.6793 1 0.5307 0
T 89535 90.0 0.6793 1 0.5307 0
T 89542 90.0 0.6793 1 0.5307 0
T 89550 90.0 0.6799 1 0.6637 0
T 89558 90.0 0.6799 1 0.6637 0
T 89565 90.0 0.6799 1 0.6637 0
T 89572 90.0 0.6803 1 0.6967 0
T 89580 90.0 0.6803 1 0.6967 0
T 89588 90.0 0.6803 1 0.6967 0
T 89595 90.0 0.6811 1 0.7312 0
T 89602 90.0 0.6811 1 0.7312 0
T 89610 90.0 0.6811 1 0.7312 0
T 89618 90.0 0.6815 1 0.7658 0
T 89625 90.0 0.6815 1 0.7658 0
T 89632 90.0 0.6815 1 0.7658 0
T 89640 90.0 0.6823 1 0.7988 0
T 89648 90.0 0.6823 1 0.7988 0
T 89655 90.0 0.6823 1 0.7988 0
T 89662 90.0 0.6829 1 0.8821 0
T 89670 90.0 0.6829 1 0.8821 0
T 89678 90.0 0.6829 1 0.8821 0
T 89685 90.0 0.6836 1 0.9166 0
T 89692 90.0 0.6836 1 0.9166 0
T 89700 90.0 0.6836 1 0.9166 0
T 89708 90.0 0.6840 1 0.9511 0
T 89715 90.0 0.6840 1 0.9511 0
T 89722 90.0 0.6840 1 0.9511 0
T 89730 90.0 0.6846 1 0.9841 0
T 89738 90.0 0.6846 1 0.9841 0
T 89745 90.0 0.6846 1 0.9841 0
T 89752 90.0 0.6853 1 0.0171 1
T 89760 90.0 0.6853 1 0.0171 0
T 89768 90.0 0.6853 1 0.0171 0
T 89775 90.0 0.6860 1 0.0474 0
T 89782 90.0 0.6860 1 0.0474 0
T 89790 90.0 0.6860 1 0.0474 0
T 89798 90.0 0.6865 1 0.0819 0
T 89805 90.0 0.6865 1 0.0819 0
T 89812 90.0 0.6865 1 0.0819 0
T 89820 90.0 0.6878 1 0.1149 0
T 89828 90.0 0.6878 1 0.1149 0
T 89835 90.0 0.6878 1 0.1149 0
T 89842 90.0 0.6887 1 0.1479 0
T 89850 90.0 0.6887 1 0.1479 0
T 89858 90.0 0.6887 1 0.1479 0
T 89865 90.0 0.6898 1 0.1824 0
T 89872 90.0 0.6898 1 0.1824 0
T 89880 90.0 0.6898 1 0.1824 0
T 89888 90.0 0.6911 1 0.2169 0
T 89895 90.0 0.6911 1 0.2169 0
T 89902 90.0 0.6911 1 0.2169 0
T 89910 90.0 0.6920 1 0.2499 0
T 89918 90.0 0.6920 1 0.2499 0
T 89925 90.0 0.6920 1 0.2499 0
T 89932 90.0 0.6928 1 0.2829 0
T 89940 90.0 0.6928 1 0.2829 0
T 89948 90.0 0.6928 1 0.2829 0
T 89955 90.0 0.6936 1 0.3174 0
T 89962 90.0 0.6936 1 0.3174 0
T 89970 90.0 0.6936 1 0.3174 0
T 89978 90.0 0.6940 1 0.3519 0
T 89985 90.0 0.6940 1 0.3519 0
T 89992 90.0 0.6940 1 0.3519 0
T 90000 90.0 0.6947 1 0.3849 0
T 90008 90.0 0.6947 1 0.3849 0
T 90015 90.0 0.6947 1 0.3849 0
T 90022 90.0 0.6956 1 0.4179 0
T 90030 90.0 0.6956 1 0.4179 0
T 90038 90.0 0.6956 1 0.4179 0
T 90045 90.0 0.6962 1 0.4524 0
T 90052 90.0 0.6962 1 0.4524 0
T 90060 90.0 0.6962 1 0.4524 0
T 90068 90.0 0.6968 1 0.4869 0
T 90075 90.0 0.6968 1 0.4869 0
T 90082 90.0 0.6968 1 0.4869 0
T 90090 90.0 0.6970 1 0.5200 0
T 90098 90.0 0.6970 1 0.5200 0
T 90105 90.0 0.6970 1 0.5200 0
T 90112 90.0 0.6972 1 0.5530 0
T 90120 90.0 0.6972 1 0.5530 0
T 90128 90.0 0.6972 1 0.5530 0
T 90135 90.0 0.6973 1 0.5875 0
T 90142 90.0 0.6973 1 0.5875 0
T 90150 90.0 0.6973 1 0.5875 0
T 90158 90.0 0.6975 1 0.6220 0
T 90165 90.0 0.6975 1 0.6220 0
T 90172 90.0 0.6975 1 0.6220 0
T 90180 90.0 0.6974 1 0.6550 0
T 90188 90.0 0.6974 1 0.6550 0
T 90195 90.0 0.6974 1 0.6550 0
T 90202 90.0 0.6977 1 0.6880 0
T 90210 90.0 0.6977 1 0.6880 0
T 90218 90.0 0.6977 1 0.6880 0
T 90225 90.0 0.6983 1 0.7225 0
T 90232 90.0 0.6983 1 0.7225 0
T 90240 90.0 0.6983 1 0.7225 0
T 90248 90.0 0.6986 1 0.7570 0
T 90255 90.0 0.6986 1 0.7570 0
T 90262 90.0 0.6986 1 0.7570 0
T 90270 90.0 0.6996 1 0.7900 0
T 90278 90.0 0.6996 1 0.7900 0
T 90285 90.0 0.6996 1 0.7900 0
T 90292 90.0 0.6999 1 0.8230 0
T 90300 90.0 0.6999 1 0.8230 0
T 90308 90.0 0.6999 1 0.8230 0
T 90315 90.0 0.7001 1 0.8575 0
T 90322 90.0 0.7001 1 0.8575 0
T 90330 90.0 0.7001 1 0.8575 0
T 90338 90.0 0.7002 1 0.8920 0
T 90345 90.0 0.7002 1 0.8920 0
T 90352 90.0 0.7002 1 0.8920 0
T 90360 90.0 0.7003 1 0.9250 0
T 90368 90.0 0.7003 1 0.9250 0
T 90375 90.0 0.7003 1 0.9250 0
T 90382 90.0 0.7009 1 0.9580 0
T 90390 90.0 0.7009 1 0.9580 0
T 90398 90.0 0.7009 1 0.9580 0
T 90405 90.0 0.7005 1 0.9925 0
T 90412 90.0 0.7005 1 0.9925 0
T 90420 90.0 0.7005 1 0.9925 0
T 90428 90.0 0.6995 1 0.0270 1
T 90435 90.0 0.6995 1 0.0270 0
T 90442 90.0 0.6995 1 0.0270 0
T 90450 90.0 0.6983 1 0.0600 0
T 90458 90.0 0.6983 1 0.0600 0
T 90465 90.0 0.6983 1 0.0600 0
T 90472 90.0 0.6976 1 0.0930 0
T 90480 90.0 0.6976 1 0.0930 0
T 90488 90.0 0.6976 1 0.0930 0
T 90495 90.0 0.6951 1 0.1275 0
T 90502 90.0 0.6951 1 0.1275 0
T 90510 90.0 0.6951 1 0.1275 0
T 90518 90.0 0.6932 1 0.1620 0
T 90525 90.0 0.6932 1 0.1620 0
T 90532 90.0 0.6932 1 0.1620 0
T 90540 90.0 0.6919 1 0.1950 0
T 90548 90.0 0.6919 1 0.1950 0
T 90555 90.0 0.6919 1 0.1950 0
T 90562 90.0 0.6907 1 0.2280 0
T 90570 90.0 0.6907 1 0.2280 0
T 90578 90.0 0.6907 1 0.2280 0
T 90585 90.0 0.6894 1 0.2625 0
T 90592 90.0 0.6894 1 0.2625 0
T 90600 90.0 0.6894 1 0.2625 0
T 90608 90.0 0.6889 1 0.2970 0
T 90615 90.0 0.6889 1 0.2970 0
T 90622 90.0 0.6889 1 0.2970 0
T 90630 90.0 0.6884 1 0.3300 0
T 90638 90.0 0.6884 1 0.3300 0
T 90645 90.0 0.6884 1 0.3300 0
T 90652 90.0 0.6883 1 0.3630 0
T 90660 90.0 0.6883 1 0.3630 0
T 90668 90.0 0.6883 1 0.3630 0
T 90675 90.0 0.6882 1 0.3975 0
T 90682 90.0 0.6882 1 0.3975 0
T 90690 90.0 0.6882 1 0.3975 0
T 90698 90.0 0.6889 1 0.4320 0
T 90705 90.0 0.6889 1 0.4320 0
T 90712 90.0 0.6889 1 0.4320 0
T 90720 90.0 0.6908 1 0.4650 0
T 90728 90.0 0.6908 1 0.4650 0
T 90735 90.0 0.6908 1 0.4650 0
T 90742 90.0 0.6921 1 0.4980 0
T 90750 90.0 0.6921 1 0.4980 0
T 90758 90.0 0.6921 1 0.4980 0
T 90765 90.0 0.6931 1 0.5325 0
T 90772 90.0 0.6931 1 0.5325 0
T 90780 90.0 0.6931 1 0.5325 0
T 90788 90.0 0.6938 1 0.5670 0
T 90795 90.0 0.6938 1 0.5670 0
T 90802 90.0 0.6938 1 0.5670 0
T 90810 90.0 0.6945 1 0.6000 0
T 90818 90.0 0.6945 1 0.6000 0
T 90825 90.0 0.6945 1 0.6000 0
T 90832 90.0 0.6951 1 0.6330 0
T 90840 90.0 0.6951 1 0.6330 0
T 90848 90.0 0.6951 1 0.6330 0
T 90855 90.0 0.6957 1 0.6675 0
T 90862 90.0 0.6957 1 0.6675 0
T 90870 90.0 0.6957 1 0.6675 0
T 90878 90.0 0.6962 1 0.7020 0
T 90885 90.0 0.6962 1 0.7020 0
T 90892 90.0 0.6962 1 0.7020 0
T 90900 90.0 0.6966 1 0.7350 0
T 90908 90.0 0.6966 1 0.7350 0
T 90915 90.0 0.6966 1 0.7350 0
T 90922 90.0 0.6967 1 0.7680 0
T 90930 90.0 0.6967 1 0.7680 0
T 90938 90.0 0.6967 1 0.7680 0
T 90945 90.0 0.6962 1 0.8025 0
T 90952 90.0 0.6962 1 0.8025 0
T 90960 90.0 0.6962 1 0.8025 0
T 90968 90.0 0.6957 1 0.8370 0
T 90975 90.0 0.6957 1 0.8370 0
T 90982 90.0 0.6957 1 0.8370 0
T 90990 90.0 0.6953 1 0.9107 0
T 90998 90.0 0.6953 1 0.9107 0
T 91005 90.0 0.6953 1 0.9107 0
T 91012 90.0 0.6949 1 0.9437 0
T 91020 90.0 0.6949 1 0.9437 0
T 91028 90.0 0.6949 1 0.9437 0
T 91035 90.0 0.6942 1 0.9782 0
T 91042 90.0 0.6942 1 0.9782 0
T 91050 90.0 0.6942 1 0.9782 0
T 91058 90.0 0.6934 1 0.0128 1
T 91065 90.0 0.6934 1 0.0128 0
T 91072 90.0 0.6934 1 0.0128 0
T 91080 90.0 0.6928 1 0.0458 0
T 91088 90.0 0.6928 1 0.0458 0
T 91095 90.0 0.6928 1 0.0458 0
T 91102 90.0 0.6923 1 0.0788 0
T 91110 90.0 0.6923 1 0.0788 0
T 91118 90.0 0.6923 1 0.0788 0
T 91125 90.0 0.6916 1 0.1133 0
T 91132 90.0 0.6916 1 0.1133 0
T 91140 90.0 0.6916 1 0.1133 0
T 91148 90.0 0.6917 1 0.1478 0
T 91155 90.0 0.6917 1 0.1478 0
T 91162 90.0 0.6917 1 0.1478 0
T 91170 90.0 0.6917 1 0.1808 0
T 91178 90.0 0.6917 1 0.1808 0
T 91185 90.0 0.6917 1 0.1808 0
T 91192 90.0 0.6914 1 0.2138 0
T 91200 90.0 0.6914 1 0.2138 0
T 91208 90.0 0.6914 1 0.2138 0
T 91215 90.0 0.6911 1 0.1948 0
T 91222 90.0 0.6911 1 0.1948 0
T 91230 90.0 0.6911 1 0.1948 0
T 91238 90.0 0.6908 1 0.2293 0
T 91245 90.0 0.6908 1 0.2293 0
T 91252 90.0 0.6908 1 0.2293 0
T 91260 90.0 0.6906 1 0.2623 0
T 91268 90.0 0.6906 1 0.2623 0
T 91275 90.0 0.6906 1 0.2623 0
T 91282 90.0 0.6902 1 0.2953 0
T 91290 90.0 0.6902 1 0.2953 0
T 91298 90.0 0.6902 1 0.2953 0
T 91305 90.0 0.6898 1 0.3298 0
T 91312 90.0 0.6898 1 0.3298 0
T 91320 90.0 0.6898 1 0.3298 0
T 91328 90.0 0.6894 1 0.2819 0
T 91335 90.0 0.6894 1 0.2819 0
T 91342 90.0 0.6894 1 0.2819 0
T 91350 90.0 0.6891 1 0.3148 0
T 91358 90.0 0.6891 1 0.3148 0
T 91365 90.0 0.6891 1 0.3148 0
T 91372 90.0 0.6887 1 0.3478 0
T 91380 90.0 0.6887 1 0.3478 0
T 91388 90.0 0.6887 1 0.3478 0
T 91395 90.0 0.6890 1 0.3823 0
T 91402 90.0 0.6890 1 0.3823 0
T 91410 90.0 0.6890 1 0.3823 0
T 91418 90.0 0.6890 1 0.4168 0
T 91425 90.0 0.6890 1 0.4168 0
T 91432 90.0 0.6890 1 0.4168 0
T 91440 90.0 0.6891 1 0.3497 0
T 91448 90.0 0.6891 1 0.3497 0
T 91455 90.0 0.6891 1 0.3497 0
T 91462 90.0 0.6891 1 0.3827 0
T 91470 90.0 0.6891 1 0.3827 0
T 91478 90.0 0.6891 1 0.3827 0
T 91485 90.0 0.6890 1 0.4172 0
T 91492 90.0 0.6890 1 0.4172 0
T 91500 90.0 0.6890 1 0.4172 0
T 91508 90.0 0.6891 1 0.4516 0
T 91515 90.0 0.6891 1 0.4516 0
T 91522 90.0 0.6891 1 0.4516 0
T 91530 90.0 0.6890 1 0.4846 0
T 91538 90.0 0.6890 1 0.4846 0
T 91545 90.0 0.6890 1 0.4846 0
T 91552 90.0 0.6891 1 0.4176 0
T 91560 90.0 0.6891 1 0.4176 0
T 91568 90.0 0.6891 1 0.4176 0
T 91575 90.0 0.6891 1 0.4520 0
T 91582 90.0 0.6891 1 0.4520 0
T 91590 90.0 0.6891 1 0.4520 0
T 91598 90.0 0.6903 1 0.4865 0
T 91605 90.0 0.6903 1 0.4865 0
T 91612 90.0 0.6903 1 0.4865 0
T 91620 90.0 0.6911 1 0.5194 0
T 91628 90.0 0.6911 1 0.5194 0
T 91635 90.0 0.6911 1 0.5194 0
T 91642 90.0 0.6915 1 0.5524 0
T 91650 90.0 0.6915 1 0.5524 0
T 91658 90.0 0.6915 1 0.5524 0
T 91665 90.0 0.6917 1 0.5869 0
T 91672 90.0 0.6917 1 0.5869 0
T 91680 90.0 0.6917 1 0.5869 0
T 91688 90.0 0.6916 1 0.6213 0
T 91695 90.0 0.6916 1 0.6213 0
T 91702 90.0 0.6916 1 0.6213 0
T 91710 90.0 0.6915 1 0.6543 0
T 91718 90.0 0.6915 1 0.6543 0
T 91725 90.0 0.6915 1 0.6543 0
T 91732 90.0 0.6916 1 0.6873 0
T 91740 90.0 0.6916 1 0.6873 0
T 91748 90.0 0.6916 1 0.6873 0
T 91755 90.0 0.6902 1 0.7218 0
T 91762 90.0 0.6902 1 0.7218 0
T 91770 90.0 0.6902 1 0.7218 0
T 91778 90.0 0.6896 1 0.7562 0
T 91785 90.0 0.6896 1 0.7562 0
T 91792 90.0 0.6896 1 0.7562 0
T 91800 90.0 0.6896 1 0.7892 0
T 91808 90.0 0.6896 1 0.7892 0
T 91815 90.0 0.6896 1 0.7892 0
T 91822 90.0 0.6891 1 0.8222 0
T 91830 90.0 0.6891 1 0.8222 0
T 91838 90.0 0.6891 1 0.8222 0
T 91845 90.0 0.6887 1 0.8567 0
T 91852 90.0 0.6887 1 0.8567 0
T 91860 90.0 0.6887 1 0.8567 0
T 91868 90.0 0.6888 1 0.8912 0
T 91875 90.0 0.6888 1 0.8912 0
T 91882 90.0 0.6888 1 0.8912 0
T 91890 90.0 0.6891 1 0.9242 0
T 91898 90.0 0.6891 1 0.9242 0
T 91905 90.0 0.6891 1 0.9242 0
T 91912 90.0 0.6892 1 0.9571 0
T 91920 90.0 0.6892 1 0.9571 0
T 91928 90.0 0.6892 1 0.9571 0
T 91935 90.0 0.6888 1 0.9916 0
T 91942 90.0 0.6888 1 0.9916 0
T 91950 90.0 0.6888 1 0.9916 0
T 91958 90.0 0.6877 1 0.0261 1
T 91965 90.0 0.6877 1 0.0261 0
T 91972 90.0 0.6877 1 0.0261 0
T 91980 90.0 0.6871 1 0.0591 0
T 91988 90.0 0.6871 1 0.0591 0
T 91995 90.0 0.6871 1 0.0591 0
T 92002 90.0 0.6867 1 0.0921 0
T 92010 90.0 0.6867 1 0.0921 0
T 92018 90.0 0.6867 1 0.0921 0
T 92025 90.0 0.6865 1 0.1266 0
T 92032 90.0 0.6865 1 0.1266 0
T 92040 90.0 0.6865 1 0.1266 0
T 92048 90.0 0.6836 1 0.1611 0
T 92055 90.0 0.6836 1 0.1611 0
T 92062 90.0 0.6836 1 0.1611 0
T 92070 90.0 0.6809 1 0.1941 0
T 92078 90.0 0.6809 1 0.1941 0
T 92085 90.0 0.6809 1 0.1941 0
T 92092 90.0 0.6785 1 0.2271 0
T 92100 90.0 0.6785 1 0.2271 0
T 92108 90.0 0.6785 1 0.2271 0
T 92115 90.0 0.6762 1 0.2616 0
T 92122 90.0 0.6762 1 0.2616 0
T 92130 90.0 0.6762 1 0.2616 0
T 92138 90.0 0.6741 1 0.2961 0
T 92145 90.0 0.6741 1 0.2961 0
T 92152 90.0 0.6741 1 0.2961 0
T 92160 90.0 0.6732 1 0.3291 0
T 92168 90.0 0.6732 1 0.3291 0
T 92175 90.0 0.6732 1 0.3291 0
T 92182 90.0 0.6724 1 0.3621 0
T 92190 90.0 0.6724 1 0.3621 0
T 92198 90.0 0.6724 1 0.3621 0
T 92205 90.0 0.6708 1 0.3966 0
T 92212 90.0 0.6708 1 0.3966 0
T 92220 90.0 0.6708 1 0.3966 0
T 92228 90.0 0.6690 1 0.4311 0
T 92235 90.0 0.6690 1 0.4311 0
T 92242 90.0 0.6690 1 0.4311 0
T 92250 90.0 0.6676 1 0.4641 0
T 92258 90.0 0.6676 1 0.4641 0
T 92265 90.0 0.6676 1 0.4641 0
T 92272 90.0 0.6646 1 0.4971 0
T 92280 90.0 0.6646 1 0.4971 0
T 92288 90.0 0.6646 1 0.4971 0
T 92295 90.0 0.6618 1 0.5316 0
T 92302 90.0 0.6618 1 0.5316 0
T 92310 90.0 0.6618 1 0.5316 0
T 92318 90.0 0.6593 1 0.5661 0
T 92325 90.0 0.6593 1 0.5661 0
T 92332 90.0 0.6593 1 0.5661 0
T 92340 90.0 0.6571 1 0.5991 0
T 92348 90.0 0.6571 1 0.5991 0
T 92355 90.0 0.6571 1 0.5991 0
T 92362 90.0 0.6548 1 0.6321 0
T 92370 90.0 0.6548 1 0.6321 0
T 92378 90.0 0.6548 1 0.6321 0
T 92385 90.0 0.6530 1 0.6666 0
T 92392 90.0 0.6530 1 0.6666 0
T 92400 90.0 0.6530 1 0.6666 0
T 92408 90.0 0.6512 1 0.7011 0
T 92415 90.0 0.6512 1 0.7011 0
T 92422 90.0 0.6512 1 0.7011 0
T 92430 90.0 0.6501 1 0.7341 0
T 92438 90.0 0.6501 1 0.7341 0
T 92445 90.0 0.6501 1 0.7341 0
T 92452 90.0 0.6493 1 0.7671 0
T 92460 90.0 0.6493 1 0.7671 0
T 92468 90.0 0.6493 1 0.7671 0
T 92475 90.0 0.6503 1 0.8016 0
T 92482 90.0 0.6503 1 0.8016 0
T 92490 90.0 0.6503 1 0.8016 0
T 92498 90.0 0.6533 1 0.8361 0
T 92505 90.0 0.6533 1 0.8361 0
T 92512 90.0 0.6533 1 0.8361 0
T 92520 90.0 0.6556 1 0.8691 0
T 92528 90.0 0.6556 1 0.8691 0
T 92535 90.0 0.6556 1 0.8691 0
T 92542 90.0 0.6572 1 0.9021 0
T 92550 90.0 0.6572 1 0.9021 0
T 92558 90.0 0.6572 1 0.9021 0
T 92565 90.0 0.6583 1 0.9366 0
T 92572 90.0 0.6583 1 0.9366 0
T 92580 90.0 0.6583 1 0.9366 0
T 92588 90.0 0.6593 1 0.9711 0
T 92595 90.0 0.6593 1 0.9711 0
T 92602 90.0 0.6593 1 0.9711 0
T 92610 90.0 0.6605 1 0.0041 1
T 92618 90.0 0.6605 1 0.0041 0
T 92625 90.0 0.6605 1 0.0041 0
T 92632 90.0 0.6612 1 0.0371 0
T 92640 90.0 0.6612 1 0.0371 0
T 92648 90.0 0.6612 1 0.0371 0
T 92655 90.0 0.6620 1 0.0623 0
T 92662 90.0 0.6620 1 0.0623 0
T 92670 90.0 0.6620 1 0.0623 0
T 92678 90.0 0.6625 1 0.0968 0
T 92685 90.0 0.6625 1 0.0968 0
T 92692 90.0 0.6625 1 0.0968 0
T 92700 90.0 0.6602 1 0.1298 0
T 92708 90.0 0.6602 1 0.1298 0
T 92715 90.0 0.6602 1 0.1298 0
T 92722 90.0 0.6556 1 0.1628 0
T 92730 90.0 0.6556 1 0.1628 0
T 92738 90.0 0.6556 1 0.1628 0
T 92745 90.0 0.6513 1 0.1973 0
T 92752 90.0 0.6513 1 0.1973 0
T 92760 90.0 0.6513 1 0.1973 0
T 92768 90.0 0.6475 1 0.2318 0
T 92775 90.0 0.6475 1 0.2318 0
T 92782 90.0 0.6475 1 0.2318 0
T 92790 90.0 0.6444 1 0.2648 0
T 92798 90.0 0.6444 1 0.2648 0
T 92805 90.0 0.6444 1 0.2648 0
T 92812 90.0 0.6415 1 0.2978 0
T 92820 90.0 0.6415 1 0.2978 0
T 92828 90.0 0.6415 1 0.2978 0
T 92835 90.0 0.6387 1 0.3323 0
T 92842 90.0 0.6387 1 0.3323 0
T 92850 90.0 0.6387 1 0.3323 0
T 92858 90.0 0.6364 1 0.3668 0
T 92865 90.0 0.6364 1 0.3668 0
T 92872 90.0 0.6364 1 0.3668 0
T 92880 90.0 0.6346 1 0.3998 0
T 92888 90.0 0.6346 1 0.3998 0
T 92895 90.0 0.6346 1 0.3998 0
T 92902 90.0 0.6331 1 0.4328 0
T 92910 90.0 0.6331 1 0.4328 0
T 92918 90.0 0.6331 1 0.4328 0
T 92925 90.0 0.6331 1 0.4673 0
T 92932 90.0 0.6331 1 0.4673 0
T 92940 90.0 0.6331 1 0.4673 0
T 92948 90.0 0.6331 1 0.5018 0
T 92955 90.0 0.6331 1 0.5018 0
T 92962 90.0 0.6331 1 0.5018 0
T 92970 90.0 0.6338 1 0.5348 0
T 92978 90.0 0.6338 1 0.5348 0
T 92985 90.0 0.6338 1 0.5348 0
T 92992 90.0 0.6342 1 0.6678 0
T 93000 90.0 0.6342 1 0.6678 0
T 93008 90.0 0.6342 1 0.6678 0
T 93015 90.0 0.6343 1 0.7023 0
T 93022 90.0 0.6343 1 0.7023 0
T 93030 90.0 0.6343 1 0.7023 0
T 93038 90.0 0.6346 1 0.7368 0
T 93045 90.0 0.6346 1 0.7368 0
T 93052 90.0 0.6346 1 0.7368 0
T 93060 90.0 0.6346 1 0.7698 0
T 93068 90.0 0.6346 1 0.7698 0
T 93075 90.0 0.6346 1 0.7698 0
T 93082 135.0 0.6814 1 0.8045 0
T 93090 135.0 0.6814 1 0.8045 0
T 93098 135.0 0.6814 1 0.8045 0
T 93105 135.0 0.7234 1 0.9033 0
T 93112 135.0 0.7234 1 0.9033 0
T 93120 135.0 0.7234 1 0.9033 0
T 93128 135.0 0.7595 1 0.9534 0
T 93135 135.0 0.7595 1 0.9534 0
T 93142 135.0 0.7595 1 0.9534 0
T 93150 135.0 0.7893 1 0.0014 1
T 93158 135.0 0.7893 1 0.0014 0
T 93165 135.0 0.7893 1 0.0014 0
T 93172 135.0 0.8149 1 0.0497 0
T 93180 135.0 0.8149 1 0.0497 0
T 93188 135.0 0.8149 1 0.0497 0
T 93195 135.0 0.8381 1 0.1002 0
T 93202 135.0 0.8381 1 0.1002 0
T 93210 135.0 0.8381 1 0.1002 0
T 93218 135.0 0.8579 1 0.1258 0
T 93225 135.0 0.8579 1 0.1258 0
T 93232 135.0 0.8579 1 0.1258 0
T 93240 135.0 0.8743 1 0.1744 0
T 93248 135.0 0.8743 1 0.1744 0
T 93255 135.0 0.8743 1 0.1744 0
T 93262 135.0 0.8885 1 0.2230 0
T 93270 135.0 0.8885 1 0.2230 0
T 93278 135.0 0.8885 1 0.2230 0
T 93285 135.0 0.9012 1 0.2740 0
T 93292 135.0 0.9012 1 0.2740 0
T 93300 135.0 0.9012 1 0.2740 0
T 93308 135.0 0.9122 1 0.3250 0
T 93315 135.0 0.9122 1 0.3250 0
T 93322 135.0 0.9122 1 0.3250 0
T 93330 135.0 0.9213 1 0.2926 0
T 93338 135.0 0.9213 1 0.2926 0
T 93345 135.0 0.9213 1 0.2926 0
T 93352 135.0 0.9292 1 0.3415 0
T 93360 135.0 0.9292 1 0.3415 0
T 93368 135.0 0.9292 1 0.3415 0
T 93375 135.0 0.9364 1 0.3927 0
T 93382 135.0 0.9364 1 0.3927 0
T 93390 135.0 0.9364 1 0.3927 0
T 93398 135.0 0.9425 1 0.4440 0
T 93405 135.0 0.9425 1 0.4440 0
T 93412 135.0 0.9425 1 0.4440 0
T 93420 135.0 0.9476 1 0.4931 0
T 93428 135.0 0.9476 1 0.4931 0
T 93435 135.0 0.9476 1 0.4931 0
T 93442 135.0 0.9519 1 0.5422 0
T 93450 135.0 0.9519 1 0.5422 0
T 93458 135.0 0.9519 1 0.5422 0
T 93465 135.0 0.9559 1 0.5936 0
T 93472 135.0 0.9559 1 0.5936 0
T 93480 135.0 0.9559 1 0.5936 0
T 93488 135.0 0.9592 1 0.6450 0
T 93495 135.0 0.9592 1 0.6450 0
T 93502 135.0 0.9592 1 0.6450 0
T 93510 135.0 0.9619 1 0.6942 0
T 93518 135.0 0.9619 1 0.6942 0
T 93525 135.0 0.9619 1 0.6942 0
T 93532 135.0 0.9643 1 0.7434 0
T 93540 135.0 0.9643 1 0.7434 0
T 93548 135.0 0.9643 1 0.7434 0
T 93555 135.0 0.9665 1 0.7950 0
T 93562 135.0 0.9665 1 0.7950 0
T 93570 135.0 0.9665 1 0.7950 0
T 93578 135.0 0.9683 1 0.8465 0
T 93585 135.0 0.9683 1 0.8465 0
T 93592 135.0 0.9683 1 0.8465 0
T 93600 135.0 0.9699 1 0.8958 0
T 93608 135.0 0.9699 1 0.8958 0
T 93615 135.0 0.9699 1 0.8958 0
T 93622 135.0 0.9712 1 0.9451 0
T 93630 135.0 0.9712 1 0.9451 0
T 93638 135.0 0.9712 1 0.9451 0
T 93645 135.0 0.9725 1 0.9967 0
T 93652 135.0 0.9725 1 0.9967 0
T 93660 135.0 0.9725 1 0.9967 0
T 93668 135.0 0.9735 1 0.0483 1
T 93675 135.0 0.9735 1 0.0483 0
T 93682 135.0 0.9735 1 0.0483 0
T 93690 135.0 0.9744 1 0.0977 0
T 93698 135.0 0.9744 1 0.0977 0
T 93705 135.0 0.9744 1 0.0977 0
T 93712 135.0 0.9751 1 0.1471 0
T 93720 135.0 0.9751 1 0.1471 0
T 93728 135.0 0.9751 1 0.1471 0
T 93735 135.0 0.9758 1 0.1988 0
T 93742 135.0 0.9758 1 0.1988 0
T 93750 135.0 0.9758 1 0.1988 0
T 93758 135.0 0.9765 1 0.2504 0
T 93765 135.0 0.9765 1 0.2504 0
T 93772 135.0 0.9765 1 0.2504 0
T 93780 135.0 0.9770 1 0.2998 0
T 93788 135.0 0.9770 1 0.2998 0
T 93795 135.0 0.9770 1 0.2998 0
T 93802 135.0 0.9775 1 0.3493 0
T 93810 135.0 0.9775 1 0.3493 0
T 93818 135.0 0.9775 1 0.3493 0
T 93825 135.0 0.9777 1 0.4010 0
T 93832 135.0 0.9777 1 0.4010 0
T 93840 135.0 0.9777 1 0.4010 0
T 93848 135.0 0.9780 1 0.4526 0
T 93855 135.0 0.9780 1 0.4526 0
T 93862 135.0 0.9780 1 0.4526 0
T 93870 135.0 0.9783 1 0.5021 0
T 93878 135.0 0.9783 1 0.5021 0
T 93885 135.0 0.9783 1 0.5021 0
T 93892 135.0 0.9785 1 0.5515 0
T 93900 135.0 0.9785 1 0.5515 0
T 93908 135.0 0.9785 1 0.5515 0
T 93915 135.0 0.9787 1 0.6033 0
T 93922 135.0 0.9787 1 0.6033 0
T 93930 135.0 0.9787 1 0.6033 0
T 93938 135.0 0.9790 1 0.6550 0
T 93945 135.0 0.9790 1 0.6550 0
T 93952 135.0 0.9790 1 0.6550 0
T 93960 135.0 0.9792 1 0.7044 0
T 93968 135.0 0.9792 1 0.7044 0
T 93975 135.0 0.9792 1 0.7044 0
T 93982 135.0 0.9795 1 0.7539 0
T 93990 135.0 0.9795 1 0.7539 0
T 93998 135.0 0.9795 1 0.7539 0
T 94005 135.0 0.9798 1 0.8056 0
T 94012 135.0 0.9798 1 0.8056 0
T 94020 135.0 0.9798 1 0.8056 0
T 94028 135.0 0.9800 1 0.8573 0
T 94035 135.0 0.9800 1 0.8573 0
T 94042 135.0 0.9800 1 0.8573 0
T 94050 135.0 0.9802 1 0.9068 0
T 94058 135.0 0.9802 1 0.9068 0
T 94065 135.0 0.9802 1 0.9068 0
T 94072 135.0 0.9805 1 0.9563 0
T 94080 135.0 0.9805 1 0.9563 0
T 94088 135.0 0.9805 1 0.9563 0
T 94095 135.0 0.9807 1 0.0080 1
T 94102 135.0 0.9807 1 0.0080 0
T 94110 135.0 0.9807 1 0.0080 0
T 94118 135.0 0.9809 1 0.0598 0
T 94125 135.0 0.9809 1 0.0598 0
T 94132 135.0 0.9809 1 0.0598 0
T 94140 135.0 0.9810 1 0.1092 0
T 94148 135.0 0.9810 1 0.1092 0
T 94155 135.0 0.9810 1 0.1092 0
T 94162 135.0 0.9813 1 0.1587 0
T 94170 135.0 0.9813 1 0.1587 0
T 94178 135.0 0.9813 1 0.1587 0
T 94185 135.0 0.9816 1 0.2105 0
T 94192 135.0 0.9816 1 0.2105 0
T 94200 135.0 0.9816 1 0.2105 0
T 94208 135.0 0.9819 1 0.2622 0
T 94215 135.0 0.9819 1 0.2622 0
T 94222 135.0 0.9819 1 0.2622 0
T 94230 135.0 0.9821 1 0.3117 0
T 94238 135.0 0.9821 1 0.3117 0
T 94245 135.0 0.9821 1 0.3117 0
T 94252 135.0 0.9823 1 0.3612 0
T 94260 135.0 0.9823 1 0.3612 0
T 94268 135.0 0.9823 1 0.3612 0
T 94275 135.0 0.9823 1 0.4129 0
T 94282 135.0 0.9823 1 0.4129 0
T 94290 135.0 0.9823 1 0.4129 0
T 94298 135.0 0.9824 1 0.4647 0
T 94305 135.0 0.9824 1 0.4647 0
T 94312 135.0 0.9824 1 0.4647 0
T 94320 135.0 0.9824 1 0.5142 0
T 94328 135.0 0.9824 1 0.5142 0
T 94335 135.0 0.9824 1 0.5142 0
T 94342 135.0 0.9824 1 0.5637 0
T 94350 135.0 0.9824 1 0.5637 0
T 94358 135.0 0.9824 1 0.5637 0
T 94365 135.0 0.9825 1 0.6154 0
T 94372 135.0 0.9825 1 0.6154 0
T 94380 135.0 0.9825 1 0.6154 0
T 94388 135.0 0.9824 1 0.6672 0
T 94395 135.0 0.9824 1 0.6672 0
T 94402 135.0 0.9824 1 0.6672 0
T 94410 135.0 0.9825 1 0.7167 0
T 94418 135.0 0.9825 1 0.7167 0
T 94425 135.0 0.9825 1 0.7167 0
T 94432 135.0 0.9825 1 0.7661 0
T 94440 135.0 0.9825 1 0.7661 0
T 94448 135.0 0.9825 1 0.7661 0
T 94455 135.0 0.9825 1 0.8179 0
T 94462 135.0 0.9825 1 0.8179 0
T 94470 135.0 0.9825 1 0.8179 0
T 94478 135.0 0.9824 1 0.8696 0
T 94485 135.0 0.9824 1 0.8696 0
T 94492 135.0 0.9824 1 0.8696 0
T 94500 135.0 0.9824 1 0.9191 0
T 94508 135.0 0.9824 1 0.9191 0
T 94515 135.0 0.9824 1 0.9191 0
T 94522 135.0 0.9824 1 0.9686 0
T 94530 135.0 0.9824 1 0.9686 0
T 94538 135.0 0.9824 1 0.9686 0
T 94545 135.0 0.9824 1 0.0204 1
T 94552 135.0 0.9824 1 0.0204 0
T 94560 135.0 0.9824 1 0.0204 0
T 94568 135.0 0.9825 1 0.0721 0
T 94575 135.0 0.9825 1 0.0721 0
T 94582 135.0 0.9825 1 0.0721 0
T 94590 135.0 0.9824 1 0.1216 0
T 94598 135.0 0.9824 1 0.1216 0
T 94605 135.0 0.9824 1 0.1216 0
T 94612 135.0 0.9824 1 0.1711 0
T 94620 135.0 0.9824 1 0.1711 0
T 94628 135.0 0.9824 1 0.1711 0
T 94635 135.0 0.9824 1 0.2229 0
T 94642 135.0 0.9824 1 0.2229 0
T 94650 135.0 0.9824 1 0.2229 0
T 94658 135.0 0.9823 1 0.2746 0
T 94665 135.0 0.9823 1 0.2746 0
T 94672 135.0 0.9823 1 0.2746 0
T 94680 135.0 0.9823 1 0.3241 0
T 94688 135.0 0.9823 1 0.3241 0
T 94695 135.0 0.9823 1 0.3241 0
T 94702 135.0 0.9822 1 0.3736 0
T 94710 135.0 0.9822 1 0.3736 0
T 94718 135.0 0.9822 1 0.3736 0
T 94725 135.0 0.9820 1 0.4254 0
T 94732 135.0 0.9820 1 0.4254 0
T 94740 135.0 0.9820 1 0.4254 0
T 94748 135.0 0.9820 1 0.4771 0
T 94755 135.0 0.9820 1 0.4771 0
T 94762 135.0 0.9820 1 0.4771 0
T 94770 135.0 0.9821 1 0.4266 0
T 94778 135.0 0.9821 1 0.4266 0
T 94785 135.0 0.9821 1 0.4266 0
T 94792 135.0 0.9821 1 0.4761 0
T 94800 135.0 0.9821 1 0.4761 0
T 94808 135.0 0.9821 1 0.4761 0
T 94815 135.0 0.9822 1 0.5278 0
T 94822 135.0 0.9822 1 0.5278 0
T 94830 135.0 0.9822 1 0.5278 0
T 94838 135.0 0.9822 1 0.5795 0
T 94845 135.0 0.9822 1 0.5795 0
T 94852 135.0 0.9822 1 0.5795 0
T 94860 135.0 0.9823 1 0.6290 0
T 94868 135.0 0.9823 1 0.6290 0
T 94875 135.0 0.9823 1 0.6290 0
T 94882 135.0 0.9824 1 0.7712 0
T 94890 135.0 0.9824 1 0.7712 0
T 94898 135.0 0.9824 1 0.7712 0
T 94905 135.0 0.9825 1 0.8230 0
T 94912 135.0 0.9825 1 0.8230 0
T 94920 135.0 0.9825 1 0.8230 0
T 94928 135.0 0.9826 1 0.8747 0
T 94935 135.0 0.9826 1 0.8747 0
T 94942 135.0 0.9826 1 0.8747 0
T 94950 135.0 0.9826 1 0.9242 0
T 94958 135.0 0.9826 1 0.9242 0
T 94965 135.0 0.9826 1 0.9242 0
T 94972 135.0 0.9827 1 0.9737 0
T 94980 135.0 0.9827 1 0.9737 0
T 94988 135.0 0.9827 1 0.9737 0
T 94995 135.0 0.9829 1 0.0320 1
T 95002 135.0 0.9829 1 0.0320 0
T 95010 135.0 0.9829 1 0.0320 0
T 95018 135.0 0.9830 1 0.0838 0
T 95025 135.0 0.9830 1 0.0838 0
T 95032 135.0 0.9830 1 0.0838 0
T 95040 135.0 0.9832 1 0.1333 0
T 95048 135.0 0.9832 1 0.1333 0
T 95055 135.0 0.9832 1 0.1333 0
T 95062 135.0 0.9834 1 0.1828 0
T 95070 135.0 0.9834 1 0.1828 0
T 95078 135.0 0.9834 1 0.1828 0
T 95085 135.0 0.9837 1 0.2346 0
T 95092 135.0 0.9837 1 0.2346 0
T 95100 135.0 0.9837 1 0.2346 0
T 95108 135.0 0.9839 1 0.2277 0
T 95115 135.0 0.9839 1 0.2277 0
T 95122 135.0 0.9839 1 0.2277 0
T 95130 135.0 0.9841 1 0.2772 0
T 95138 135.0 0.9841 1 0.2772 0
T 95145 135.0 0.9841 1 0.2772 0
T 95152 135.0 0.9845 1 0.3267 0
T 95160 135.0 0.9845 1 0.3267 0
T 95168 135.0 0.9845 1 0.3267 0
T 95175 135.0 0.9848 1 0.3784 0
T 95182 135.0 0.9848 1 0.3784 0
T 95190 135.0 0.9848 1 0.3784 0
T 95198 135.0 0.9851 1 0.4301 0
T 95205 135.0 0.9851 1 0.4301 0
T 95212 135.0 0.9851 1 0.4301 0
T 95220 135.0 0.9853 1 0.4796 0
T 95228 135.0 0.9853 1 0.4796 0
T 95235 135.0 0.9853 1 0.4796 0
T 95242 135.0 0.9855 1 0.5291 0
T 95250 135.0 0.9855 1 0.5291 0
T 95258 135.0 0.9855 1 0.5291 0
T 95265 135.0 0.9857 1 0.5808 0
T 95272 135.0 0.9857 1 0.5808 0
T 95280 135.0 0.9857 1 0.5808 0
T 95288 135.0 0.9859 1 0.6326 0
T 95295 135.0 0.9859 1 0.6326 0
T 95302 135.0 0.9859 1 0.6326 0
T 95310 135.0 0.9860 1 0.6821 0
T 95318 135.0 0.9860 1 0.6821 0
T 95325 135.0 0.9860 1 0.6821 0
T 95332 135.0 0.9861 1 0.7316 0
T 95340 135.0 0.9861 1 0.7316 0
T 95348 135.0 0.9861 1 0.7316 0
T 95355 135.0 0.9862 1 0.7833 0
T 95362 135.0 0.9862 1 0.7833 0
T 95370 135.0 0.9862 1 0.7833 0
T 95378 135.0 0.9864 1 0.8351 0
T 95385 135.0 0.9864 1 0.8351 0
T 95392 135.0 0.9864 1 0.8351 0
T 95400 135.0 0.9866 1 0.8846 0
T 95408 135.0 0.9866 1 0.8846 0
T 95415 135.0 0.9866 1 0.8846 0
T 95422 135.0 0.9867 1 0.9341 0
T 95430 135.0 0.9867 1 0.9341 0
T 95438 135.0 0.9867 1 0.9341 0
T 95445 135.0 0.9869 1 0.9858 0
T 95452 135.0 0.9869 1 0.9858 0
T 95460 135.0 0.9869 1 0.9858 0
T 95468 135.0 0.9870 1 0.0375 1
T 95475 135.0 0.9870 1 0.0375 0
T 95482 135.0 0.9870 1 0.0375 0
T 95490 135.0 0.9871 1 0.0870 0
T 95498 135.0 0.9871 1 0.0870 0
T 95505 135.0 0.9871 1 0.0870 0
T 95512 135.0 0.9871 1 0.1365 0
T 95520 135.0 0.9871 1 0.1365 0
T 95528 135.0 0.9871 1 0.1365 0
T 95535 135.0 0.9872 1 0.1883 0
T 95542 135.0 0.9872 1 0.1883 0
T 95550 135.0 0.9872 1 0.1883 0
T 95558 135.0 0.9873 1 0.2400 0
T 95565 135.0 0.9873 1 0.2400 0
T 95572 135.0 0.9873 1 0.2400 0
T 95580 135.0 0.9874 1 0.2895 0
T 95588 135.0 0.9874 1 0.2895 0
T 95595 135.0 0.9874 1 0.2895 0
T 95602 135.0 0.9874 1 0.3390 0
T 95610 135.0 0.9874 1 0.3390 0
T 95618 135.0 0.9874 1 0.3390 0
T 95625 135.0 0.9874 1 0.3908 0
T 95632 135.0 0.9874 1 0.3908 0
T 95640 135.0 0.9874 1 0.3908 0
T 95648 135.0 0.9874 1 0.4425 0
T 95655 135.0 0.9874 1 0.4425 0
T 95662 135.0 0.9874 1 0.4425 0
T 95670 135.0 0.9874 1 0.3920 0
T 95678 135.0 0.9874 1 0.3920 0
T 95685 135.0 0.9874 1 0.3920 0
T 95692 135.0 0.9873 1 0.4415 0
T 95700 135.0 0.9873 1 0.4415 0
T 95708 135.0 0.9873 1 0.4415 0
T 95715 135.0 0.9873 1 0.4932 0
T 95722 135.0 0.9873 1 0.4932 0
T 95730 135.0 0.9873 1 0.4932 0
T 95738 135.0 0.9874 1 0.5449 0
T 95745 135.0 0.9874 1 0.5449 0
T 95752 135.0 0.9874 1 0.5449 0
T 95760 135.0 0.9875 1 0.5944 0
T 95768 135.0 0.9875 1 0.5944 0
T 95775 135.0 0.9875 1 0.5944 0
T 95782 135.0 0.9876 1 0.6439 0
T 95790 135.0 0.9876 1 0.6439 0
T 95798 135.0 0.9876 1 0.6439 0
T 95805 135.0 0.9876 1 0.6956 0
T 95812 135.0 0.9876 1 0.6956 0
T 95820 135.0 0.9876 1 0.6956 0
T 95828 135.0 0.9877 1 0.7473 0
T 95835 135.0 0.9877 1 0.7473 0
T 95842 135.0 0.9877 1 0.7473 0
T 95850 135.0 0.9878 1 0.7968 0
T 95858 135.0 0.9878 1 0.7968 0
T 95865 135.0 0.9878 1 0.7968 0
T 95872 135.0 0.9879 1 0.8463 0
T 95880 135.0 0.9879 1 0.8463 0
T 95888 135.0 0.9879 1 0.8463 0
T 95895 135.0 0.9880 1 0.8980 0
T 95902 135.0 0.9880 1 0.8980 0
T 95910 135.0 0.9880 1 0.8980 0
T 95918 135.0 0.9881 1 0.9497 0
T 95925 135.0 0.9881 1 0.9497 0
T 95932 135.0 0.9881 1 0.9497 0
T 95940 135.0 0.9885 1 0.9992 0
T 95948 135.0 0.9885 1 0.9992 0
T 95955 135.0 0.9885 1 0.9992 0
T 95962 135.0 0.9889 1 0.0487 1
T 95970 135.0 0.9889 1 0.0487 0
T 95978 135.0 0.9889 1 0.0487 0
T 95985 135.0 0.9892 1 0.1005 0
T 95992 135.0 0.9892 1 0.1005 0
T 96000 135.0 0.9892 1 0.1005 0
T 96008 135.0 0.9895 1 0.1522 0
T 96015 135.0 0.9895 1 0.1522 0
T 96022 135.0 0.9895 1 0.1522 0
T 96030 135.0 0.9898 1 0.2017 0
T 96038 135.0 0.9898 1 0.2017 0
T 96045 135.0 0.9898 1 0.2017 0
T 96052 135.0 0.9899 1 0.2512 0
T 96060 135.0 0.9899 1 0.2512 0
T 96068 135.0 0.9899 1 0.2512 0
T 96075 135.0 0.9901 1 0.3029 0
T 96082 135.0 0.9901 1 0.3029 0
T 96090 135.0 0.9901 1 0.3029 0
T 96098 135.0 0.9902 1 0.3547 0
T 96105 135.0 0.9902 1 0.3547 0
T 96112 135.0 0.9902 1 0.3547 0
T 96120 135.0 0.9904 1 0.4042 0
T 96128 135.0 0.9904 1 0.4042 0
T 96135 135.0 0.9904 1 0.4042 0
T 96142 135.0 0.9905 1 0.4537 0
T 96150 135.0 0.9905 1 0.4537 0
T 96158 135.0 0.9905 1 0.4537 0
T 96165 135.0 0.9905 1 0.5054 0
T 96172 135.0 0.9905 1 0.5054 0
T 96180 135.0 0.9905 1 0.5054 0
T 96188 135.0 0.9906 1 0.5571 0
T 96195 135.0 0.9906 1 0.5571 0
T 96202 135.0 0.9906 1 0.5571 0
T 96210 135.0 0.9907 1 0.7066 0
T 96218 135.0 0.9907 1 0.7066 0
T 96225 135.0 0.9907 1 0.7066 0
T 96232 135.0 0.9907 1 0.7562 0
T 96240 135.0 0.9907 1 0.7562 0
T 96248 135.0 0.9907 1 0.7562 0
T 96255 135.0 0.9908 1 0.8080 0
T 96262 135.0 0.9908 1 0.8080 0
T 96270 135.0 0.9908 1 0.8080 0
T 96278 135.0 0.9908 1 0.8597 0
T 96285 135.0 0.9908 1 0.8597 0
T 96292 135.0 0.9908 1 0.8597 0
T 96300 135.0 0.9909 1 0.9093 0
T 96308 135.0 0.9909 1 0.9093 0
T 96315 135.0 0.9909 1 0.9093 0
T 96322 135.0 0.9910 1 0.9588 0
T 96330 135.0 0.9910 1 0.9588 0
T 96338 135.0 0.9910 1 0.9588 0
T 96345 135.0 0.9911 1 0.0209 1
T 96352 135.0 0.9911 1 0.0209 0
T 96360 135.0 0.9911 1 0.0209 0
T 96368 135.0 0.9911 1 0.0726 0
T 96375 135.0 0.9911 1 0.0726 0
T 96382 135.0 0.9911 1 0.0726 0
T 96390 135.0 0.9911 1 0.1222 0
T 96398 135.0 0.9911 1 0.1222 0
T 96405 135.0 0.9911 1 0.1222 0
T 96412 135.0 0.9911 1 0.1411 0
T 96420 135.0 0.9911 1 0.1411 0
T 96428 135.0 0.9911 1 0.1411 0
T 96435 135.0 0.9912 1 0.1929 0
T 96442 135.0 0.9912 1 0.1929 0
T 96450 135.0 0.9912 1 0.1929 0
T 96458 135.0 0.9912 1 0.2447 0
T 96465 135.0 0.9912 1 0.2447 0
T 96472 135.0 0.9912 1 0.2447 0
T 96480 135.0 0.9911 1 0.2942 0
T 96488 135.0 0.9911 1 0.2942 0
T 96495 135.0 0.9911 1 0.2942 0
T 96502 135.0 0.9911 1 0.3437 0
T 96510 135.0 0.9911 1 0.3437 0
T 96518 135.0 0.9911 1 0.3437 0
T 96525 135.0 0.9911 1 0.3954 0
T 96532 135.0 0.9911 1 0.3954 0
T 96540 135.0 0.9911 1 0.3954 0
T 96548 135.0 0.9911 1 0.3483 0
T 96555 135.0 0.9911 1 0.3483 0
T 96562 135.0 0.9911 1 0.3483 0
T 96570 135.0 0.9912 1 0.3978 0
T 96578 135.0 0.9912 1 0.3978 0
T 96585 135.0 0.9912 1 0.3978 0
T 96592 135.0 0.9912 1 0.4473 0
T 96600 135.0 0.9912 1 0.4473 0
T 96608 135.0 0.9912 1 0.4473 0
T 96615 135.0 0.9912 1 0.4990 0
T 96622 135.0 0.9912 1 0.4990 0
T 96630 135.0 0.9912 1 0.4990 0
T 96638 135.0 0.9914 1 0.5507 0
T 96645 135.0 0.9914 1 0.5507 0
T 96652 135.0 0.9914 1 0.5507 0
T 96660 135.0 0.9915 1 0.7002 0
T 96668 135.0 0.9915 1 0.7002 0
T 96675 135.0 0.9915 1 0.7002 0
T 96682 135.0 0.9916 1 0.7497 0
T 96690 135.0 0.9916 1 0.7497 0
T 96698 135.0 0.9916 1 0.7497 0
T 96705 135.0 0.9917 1 0.8015 0
T 96712 135.0 0.9917 1 0.8015 0
T 96720 135.0 0.9917 1 0.8015 0
T 96728 135.0 0.9917 1 0.8532 0
T 96735 135.0 0.9917 1 0.8532 0
T 96742 135.0 0.9917 1 0.8532 0
T 96750 135.0 0.9918 1 0.9028 0
T 96758 135.0 0.9918 1 0.9028 0
T 96765 135.0 0.9918 1 0.9028 0
T 96772 135.0 0.9919 1 0.9766 0
T 96780 135.0 0.9919 1 0.9766 0
T 96788 135.0 0.9919 1 0.9766 0
T 96795 135.0 0.9919 1 0.0284 1
T 96802 135.0 0.9919 1 0.0284 0
T 96810 135.0 0.9919 1 0.0284 0
T 96818 135.0 0.9921 1 0.0801 0
T 96825 135.0 0.9921 1 0.0801 0
T 96832 135.0 0.9921 1 0.0801 0
T 96840 135.0 0.9923 1 0.1296 0
T 96848 135.0 0.9923 1 0.1296 0
T 96855 135.0 0.9923 1 0.1296 0
T 96862 135.0 0.9924 1 0.1792 0
T 96870 135.0 0.9924 1 0.1792 0
T 96878 135.0 0.9924 1 0.1792 0
T 96885 135.0 0.9926 1 0.1861 0
T 96892 135.0 0.9926 1 0.1861 0
T 96900 135.0 0.9926 1 0.1861 0
T 96908 135.0 0.9926 1 0.2379 0
T 96915 135.0 0.9926 1 0.2379 0
T 96922 135.0 0.9926 1 0.2379 0
T 96930 135.0 0.9930 1 0.2874 0
T 96938 135.0 0.9930 1 0.2874 0
T 96945 135.0 0.9930 1 0.2874 0
T 96952 135.0 0.9933 1 0.3369 0
T 96960 135.0 0.9933 1 0.3369 0
T 96968 135.0 0.9933 1 0.3369 0
T 96975 135.0 0.9936 1 0.3886 0
T 96982 135.0 0.9936 1 0.3886 0
T 96990 135.0 0.9936 1 0.3886 0
T 96998 135.0 0.9939 1 0.4404 0
T 97005 135.0 0.9939 1 0.4404 0
T 97012 135.0 0.9939 1 0.4404 0
T 97020 72.0 0.8872 1 0.4876 0
T 97028 72.0 0.8872 1 0.4876 0
T 97035 72.0 0.8872 1 0.4876 0
T 97042 72.0 0.7951 1 0.5149 0
T 97050 72.0 0.7951 1 0.5149 0
T 97058 72.0 0.7951 1 0.5149 0
T 97065 72.0 0.7122 1 0.5434 0
T 97072 72.0 0.7122 1 0.5434 0
T 97080 72.0 0.7122 1 0.5434 0
T 97088 72.0 0.6410 1 0.5718 0
T 97095 72.0 0.6410 1 0.5718 0
T 97102 72.0 0.6410 1 0.5718 0
T 97110 72.0 0.5824 1 0.5989 0
T 97118 72.0 0.5824 1 0.5989 0
T 97125 72.0 0.5824 1 0.5989 0
T 97132 72.0 0.5319 1 0.6259 0
T 97140 72.0 0.5319 1 0.6259 0
T 97148 72.0 0.5319 1 0.6259 0
T 97155 72.0 0.4868 1 0.6541 0
T 97162 72.0 0.4868 1 0.6541 0
T 97170 72.0 0.4868 1 0.6541 0
T 97178 72.0 0.4481 1 0.6822 0
T 97185 72.0 0.4481 1 0.6822 0
T 97192 72.0 0.4481 1 0.6822 0
T 97200 72.0 0.4163 0 0.7091 0
T 97208 72.0 0.4163 0 0.7091 0
T 97215 72.0 0.4163 0 0.7091 0
T 97222 72.0 0.3890 0 0.7359 0
T 97230 72.0 0.3890 0 0.7359 0
T 97238 72.0 0.3890 0 0.7359 0
T 97245 72.0 0.3644 0 0.7639 0
T 97252 72.0 0.3644 0 0.7639 0
T 97260 72.0 0.3644 0 0.7639 0
T 97268 72.0 0.3433 0 0.7918 0
T 97275 72.0 0.3433 0 0.7918 0
T 97282 72.0 0.3433 0 0.7918 0
T 97290 72.0 0.3260 0 0.8185 0
T 97298 72.0 0.3260 0 0.8185 0
T 97305 72.0 0.3260 0 0.8185 0
T 97312 72.0 0.3110 0 0.8452 0
T 97320 72.0 0.3110 0 0.8452 0
T 97328 72.0 0.3110 0 0.8452 0
T 97335 72.0 0.2976 0 0.8730 0
T 97342 72.0 0.2976 0 0.8730 0
T 97350 72.0 0.2976 0 0.8730 0
T 97358 72.0 0.2859 0 0.9009 0
T 97365 72.0 0.2859 0 0.9009 0
T 97372 72.0 0.2859 0 0.9009 0
T 97380 72.0 0.2796 0 0.9275 0
T 97388 72.0 0.2796 0 0.9275 0
T 97395 72.0 0.2796 0 0.9275 0
T 97402 72.0 0.2741 0 0.9540 0
T 97410 72.0 0.2741 0 0.9540 0
T 97418 72.0 0.2741 0 0.9540 0
T 97425 72.0 0.2689 0 0.9818 0
T 97432 72.0 0.2689 0 0.9818 0
T 97440 72.0 0.2689 0 0.9818 0
T 97448 72.0 0.2645 0 0.0096 1
T 97455 72.0 0.2645 0 0.0096 0
T 97462 72.0 0.2645 0 0.0096 0
T 97470 72.0 0.2608 0 0.0361 0
T 97478 72.0 0.2608 0 0.0361 0
T 97485 72.0 0.2608 0 0.0361 0
T 97492 72.0 0.2574 0 0.0626 0
T 97500 72.0 0.2574 0 0.0626 0
T 97508 72.0 0.2574 0 0.0626 0
T 97515 72.0 0.2546 0 0.0903 0
T 97522 72.0 0.2546 0 0.0903 0
T 97530 72.0 0.2546 0 0.0903 0
T 97538 72.0 0.2520 0 0.1180 0
T 97545 72.0 0.2520 0 0.1180 0
T 97552 72.0 0.2520 0 0.1180 0
T 97560 72.0 0.2499 0 0.1445 0
T 97568 72.0 0.2499 0 0.1445 0
T 97575 72.0 0.2499 0 0.1445 0
T 97582 72.0 0.2481 0 0.1710 0
T 97590 72.0 0.2481 0 0.1710 0
T 97598 72.0 0.2481 0 0.1710 0
T 97605 72.0 0.2465 0 0.1986 0
T 97612 72.0 0.2465 0 0.1986 0
T 97620 72.0 0.2465 0 0.1986 0
T 97628 72.0 0.2454 0 0.2263 0
T 97635 72.0 0.2454 0 0.2263 0
T 97642 72.0 0.2454 0 0.2263 0
T 97650 72.0 0.2446 0 0.2528 0
T 97658 72.0 0.2446 0 0.2528 0
T 97665 72.0 0.2446 0 0.2528 0
T 97672 72.0 0.2441 0 0.2792 0
T 97680 72.0 0.2441 0 0.2792 0
T 97688 72.0 0.2441 0 0.2792 0
T 97695 72.0 0.2436 0 0.3069 0
T 97702 72.0 0.2436 0 0.3069 0
T 97710 72.0 0.2436 0 0.3069 0
T 97718 72.0 0.2425 0 0.3345 0
T 97725 72.0 0.2425 0 0.3345 0
T 97732 72.0 0.2425 0 0.3345 0
T 97740 72.0 0.2419 0 0.3609 0
T 97748 72.0 0.2419 0 0.3609 0
T 97755 72.0 0.2419 0 0.3609 0
T 97762 72.0 0.2415 0 0.3874 0
T 97770 72.0 0.2415 0 0.3874 0
T 97778 72.0 0.2415 0 0.3874 0
T 97785 72.0 0.2413 0 0.4150 0
T 97792 72.0 0.2413 0 0.4150 0
T 97800 72.0 0.2413 0 0.4150 0
T 97808 72.0 0.2418 0 0.4426 0
T 97815 72.0 0.2418 0 0.4426 0
T 97822 72.0 0.2418 0 0.4426 0
T 97830 72.0 0.2430 0 0.4691 0
T 97838 72.0 0.2430 0 0.4691 0
T 97845 72.0 0.2430 0 0.4691 0
T 97852 72.0 0.2439 0 0.4955 0
T 97860 72.0 0.2439 0 0.4955 0
T 97868 72.0 0.2439 0 0.4955 0
T 97875 72.0 0.2448 0 0.5231 0
T 97882 72.0 0.2448 0 0.5231 0
T 97890 72.0 0.2448 0 0.5231 0
T 97898 72.0 0.2455 0 0.5507 0
T 97905 72.0 0.2455 0 0.5507 0
T 97912 72.0 0.2455 0 0.5507 0
T 97920 72.0 0.2461 0 0.5771 0
T 97928 72.0 0.2461 0 0.5771 0
T 97935 72.0 0.2461 0 0.5771 0
T 97942 72.0 0.2467 0 0.6035 0
T 97950 72.0 0.2467 0 0.6035 0
T 97958 72.0 0.2467 0 0.6035 0
T 97965 72.0 0.2471 0 0.6312 0
T 97972 72.0 0.2471 0 0.6312 0
T 97980 72.0 0.2471 0 0.6312 0
T 97988 72.0 0.2475 0 0.6588 0
T 97995 72.0 0.2475 0 0.6588 0
T 98002 72.0 0.2475 0 0.6588 0
T 98010 72.0 0.2479 0 0.6852 0
T 98018 72.0 0.2479 0 0.6852 0
T 98025 72.0 0.2479 0 0.6852 0
T 98032 72.0 0.2482 0 0.7116 0
T 98040 72.0 0.2482 0 0.7116 0
T 98048 72.0 0.2482 0 0.7116 0
T 98055 72.0 0.2484 0 0.7392 0
T 98062 72.0 0.2484 0 0.7392 0
T 98070 72.0 0.2484 0 0.7392 0
T 98078 72.0 0.2487 0 0.7668 0
T 98085 72.0 0.2487 0 0.7668 0
T 98092 72.0 0.2487 0 0.7668 0
T 98100 72.0 0.2488 0 0.7932 0
T 98108 72.0 0.2488 0 0.7932 0
T 98115 72.0 0.2488 0 0.7932 0
T 98122 72.0 0.2490 0 0.8196 0
T 98130 72.0 0.2490 0 0.8196 0
T 98138 72.0 0.2490 0 0.8196 0
T 98145 72.0 0.2491 0 0.8472 0
T 98152 72.0 0.2491 0 0.8472 0
T 98160 72.0 0.2491 0 0.8472 0
T 98168 72.0 0.2493 0 0.8748 0
T 98175 72.0 0.2493 0 0.8748 0
T 98182 72.0 0.2493 0 0.8748 0
T 98190 72.0 0.2494 0 0.9012 0
T 98198 72.0 0.2494 0 0.9012 0
T 98205 72.0 0.2494 0 0.9012 0
T 98212 72.0 0.2494 0 0.9276 0
T 98220 72.0 0.2494 0 0.9276 0
T 98228 72.0 0.2494 0 0.9276 0
T 98235 72.0 0.2495 0 0.9552 0
T 98242 72.0 0.2495 0 0.9552 0
T 98250 72.0 0.2495 0 0.9552 0
T 98258 72.0 0.2496 0 0.9828 0
T 98265 72.0 0.2496 0 0.9828 0
T 98272 72.0 0.2496 0 0.9828 0
T 98280 72.0 0.2496 0 0.0092 1
T 98288 72.0 0.2496 0 0.0092 0
T 98295 72.0 0.2496 0 0.0092 0
T 98302 72.0 0.2497 0 0.0356 0
T 98310 72.0 0.2497 0 0.0356 0
T 98318 72.0 0.2497 0 0.0356 0
T 98325 72.0 0.2497 0 0.0633 0
T 98332 72.0 0.2497 0 0.0633 0
T 98340 72.0 0.2497 0 0.0633 0
T 98348 72.0 0.2498 0 0.0909 0
T 98355 72.0 0.2498 0 0.0909 0
T 98362 72.0 0.2498 0 0.0909 0
T 98370 72.0 0.2498 0 0.1173 0
T 98378 72.0 0.2498 0 0.1173 0
T 98385 72.0 0.2498 0 0.1173 0
T 98392 72.0 0.2498 0 0.1437 0
T 98400 72.0 0.2498 0 0.1437 0
T 98408 72.0 0.2498 0 0.1437 0
T 98415 72.0 0.2499 0 0.1713 0
T 98422 72.0 0.2499 0 0.1713 0
T 98430 72.0 0.2499 0 0.1713 0
T 98438 72.0 0.2499 0 0.1989 0
T 98445 72.0 0.2499 0 0.1989 0
T 98452 72.0 0.2499 0 0.1989 0
T 98460 72.0 0.2499 0 0.2253 0
T 98468 72.0 0.2499 0 0.2253 0
T 98475 72.0 0.2499 0 0.2253 0
T 98482 72.0 0.2499 0 0.2517 0
T 98490 72.0 0.2499 0 0.2517 0
T 98498 72.0 0.2499 0 0.2517 0
T 98505 72.0 0.2499 0 0.2793 0
T 98512 72.0 0.2499 0 0.2793 0
T 98520 72.0 0.2499 0 0.2793 0
T 98528 72.0 0.2499 0 0.3069 0
T 98535 72.0 0.2499 0 0.3069 0
T 98542 72.0 0.2499 0 0.3069 0
T 98550 72.0 0.2499 0 0.3333 0
T 98558 72.0 0.2499 0 0.3333 0
T 98565 72.0 0.2499 0 0.3333 0
T 98572 72.0 0.2499 0 0.3597 0
T 98580 72.0 0.2499 0 0.3597 0
T 98588 72.0 0.2499 0 0.3597 0
T 98595 72.0 0.2500 0 0.3873 0
T 98602 72.0 0.2500 0 0.3873 0
T 98610 72.0 0.2500 0 0.3873 0
T 98618 72.0 0.2500 0 0.4149 0
T 98625 72.0 0.2500 0 0.4149 0
T 98632 72.0 0.2500 0 0.4149 0
T 98640 72.0 0.2500 0 0.4413 0
T 98648 72.0 0.2500 0 0.4413 0
T 98655 72.0 0.2500 0 0.4413 0
T 98662 72.0 0.2500 0 0.4677 0
T 98670 72.0 0.2500 0 0.4677 0
T 98678 72.0 0.2500 0 0.4677 0
T 98685 72.0 0.2500 0 0.4953 0
T 98692 72.0 0.2500 0 0.4953 0
T 98700 72.0 0.2500 0 0.4953 0
T 98708 72.0 0.2500 0 0.5229 0
T 98715 72.0 0.2500 0 0.5229 0
T 98722 72.0 0.2500 0 0.5229 0
T 98730 72.0 0.2500 0 0.5493 0
T 98738 72.0 0.2500 0 0.5493 0
T 98745 72.0 0.2500 0 0.5493 0
T 98752 72.0 0.2500 0 0.5757 0
T 98760 72.0 0.2500 0 0.5757 0
T 98768 72.0 0.2500 0 0.5757 0
T 98775 72.0 0.2500 0 0.6033 0
T 98782 72.0 0.2500 0 0.6033 0
T 98790 72.0 0.2500 0 0.6033 0
T 98798 72.0 0.2500 0 0.6309 0
T 98805 72.0 0.2500 0 0.6309 0
T 98812 72.0 0.2500 0 0.6309 0
T 98820 72.0 0.2500 0 0.6573 0
T 98828 72.0 0.2500 0 0.6573 0
T 98835 72.0 0.2500 0 0.6573 0
T 98842 72.0 0.2500 0 0.6837 0
T 98850 72.0 0.2500 0 0.6837 0
T 98858 72.0 0.2500 0 0.6837 0
T 98865 72.0 0.2500 0 0.7113 0
T 98872 72.0 0.2500 0 0.7113 0
T 98880 72.0 0.2500 0 0.7113 0
T 98888 72.0 0.2500 0 0.7389 0
T 98895 72.0 0.2500 0 0.7389 0
T 98902 72.0 0.2500 0 0.7389 0
T 98910 72.0 0.2500 0 0.7653 0
T 98918 72.0 0.2500 0 0.7653 0
T 98925 72.0 0.2500 0 0.7653 0
T 98932 72.0 0.2500 0 0.7917 0
T 98940 72.0 0.2500 0 0.7917 0
T 98948 72.0 0.2500 0 0.7917 0
T 98955 72.0 0.2500 0 0.8193 0
T 98962 72.0 0.2500 0 0.8193 0
T 98970 72.0 0.2500 0 0.8193 0
T 98978 72.0 0.2500 0 0.8469 0
T 98985 72.0 0.2500 0 0.8469 0
T 98992 72.0 0.2500 0 0.8469 0
T 99000 72.0 0.2500 0 0.8733 0
T 99008 72.0 0.2500 0 0.8733 0
T 99015 72.0 0.2500 0 0.8733 0
T 99022 72.0 0.2500 0 0.8997 0
T 99030 72.0 0.2500 0 0.8997 0
T 99038 72.0 0.2500 0 0.8997 0
T 99045 72.0 0.2500 0 0.9273 0
T 99052 72.0 0.2500 0 0.9273 0
T 99060 72.0 0.2500 0 0.9273 0
T 99068 72.0 0.2500 0 0.9549 0
T 99075 72.0 0.2500 0 0.9549 0
T 99082 72.0 0.2500 0 0.9549 0
T 99090 72.0 0.2500 0 0.9813 0
T 99098 72.0 0.2500 0 0.9813 0
T 99105 72.0 0.2500 0 0.9813 0
T 99112 72.0 0.2500 0 0.0077 1
T 99120 72.0 0.2500 0 0.0077 0
T 99128 72.0 0.2500 0 0.0077 0
T 99135 72.0 0.2500 0 0.0353 0
T 99142 72.0 0.2500 0 0.0353 0
T 99150 72.0 0.2500 0 0.0353 0
T 99158 72.0 0.2500 0 0.0629 0
T 99165 72.0 0.2500 0 0.0629 0
T 99172 72.0 0.2500 0 0.0629 0
T 99180 72.0 0.2500 0 0.0893 0
T 99188 72.0 0.2500 0 0.0893 0
T 99195 72.0 0.2500 0 0.0893 0
T 99202 72.0 0.2500 0 0.1157 0
T 99210 72.0 0.2500 0 0.1157 0
T 99218 72.0 0.2500 0 0.1157 0
T 99225 72.0 0.2500 0 0.1433 0
T 99232 72.0 0.2500 0 0.1433 0
T 99240 72.0 0.2500 0 0.1433 0
T 99248 72.0 0.2500 0 0.1709 0
T 99255 72.0 0.2500 0 0.1709 0
T 99262 72.0 0.2500 0 0.1709 0
T 99270 72.0 0.2500 0 0.1973 0
T 99278 72.0 0.2500 0 0.1973 0
T 99285 72.0 0.2500 0 0.1973 0
T 99292 72.0 0.2500 0 0.2237 0
T 99300 72.0 0.2500 0 0.2237 0
T 99308 72.0 0.2500 0 0.2237 0
T 99315 72.0 0.2500 0 0.2513 0
T 99322 72.0 0.2500 0 0.2513 0
T 99330 72.0 0.2500 0 0.2513 0
T 99338 72.0 0.2500 0 0.2789 0
T 99345 72.0 0.2500 0 0.2789 0
T 99352 72.0 0.2500 0 0.2789 0
T 99360 72.0 0.2500 0 0.3053 0
T 99368 72.0 0.2500 0 0.3053 0
T 99375 72.0 0.2500 0 0.3053 0
T 99382 72.0 0.2500 0 0.3317 0
T 99390 72.0 0.2500 0 0.3317 0
T 99398 72.0 0.2500 0 0.3317 0
T 99405 72.0 0.2500 0 0.3593 0
T 99412 72.0 0.2500 0 0.3593 0
T 99420 72.0 0.2500 0 0.3593 0
T 99428 72.0 0.2500 0 0.3869 0
T 99435 72.0 0.2500 0 0.3869 0
T 99442 72.0 0.2500 0 0.3869 0
T 99450 72.0 0.2500 0 0.4133 0
T 99458 72.0 0.2500 0 0.4133 0
T 99465 72.0 0.2500 0 0.4133 0
T 99472 72.0 0.2500 0 0.4397 0
T 99480 72.0 0.2500 0 0.4397 0
T 99488 72.0 0.2500 0 0.4397 0
T 99495 72.0 0.2500 0 0.4673 0
T 99502 72.0 0.2500 0 0.4673 0
T 99510 72.0 0.2500 0 0.4673 0
T 99518 72.0 0.2500 0 0.4949 0
T 99525 72.0 0.2500 0 0.4949 0
T 99532 72.0 0.2500 0 0.4949 0
T 99540 72.0 0.2500 0 0.5213 0
T 99548 72.0 0.2500 0 0.5213 0
T 99555 72.0 0.2500 0 0.5213 0
T 99562 72.0 0.2500 0 0.5477 0
T 99570 72.0 0.2500 0 0.5477 0
T 99578 72.0 0.2500 0 0.5477 0
T 99585 72.0 0.2500 0 0.5753 0
T 99592 72.0 0.2500 0 0.5753 0
T 99600 72.0 0.2500 0 0.5753 0
T 99608 72.0 0.2500 0 0.6029 0
T 99615 72.0 0.2500 0 0.6029 0
T 99622 72.0 0.2500 0 0.6029 0
T 99630 72.0 0.2500 0 0.6293 0
T 99638 72.0 0.2500 0 0.6293 0
T 99645 72.0 0.2500 0 0.6293 0
T 99652 72.0 0.2500 0 0.6557 0
T 99660 72.0 0.2500 0 0.6557 0
T 99668 72.0 0.2500 0 0.6557 0
T 99675 72.0 0.2500 0 0.6833 0
T 99682 72.0 0.2500 0 0.6833 0
T 99690 72.0 0.2500 0 0.6833 0
T 99698 72.0 0.2500 0 0.7109 0
T 99705 72.0 0.2500 0 0.7109 0
T 99712 72.0 0.2500 0 0.7109 0
T 99720 72.0 0.2500 0 0.7373 0
T 99728 72.0 0.2500 0 0.7373 0
T 99735 72.0 0.2500 0 0.7373 0
T 99742 72.0 0.2500 0 0.7637 0
T 99750 72.0 0.2500 0 0.7637 0
T 99758 72.0 0.2500 0 0.7637 0
T 99765 72.0 0.2500 0 0.7913 0
T 99772 72.0 0.2500 0 0.7913 0
T 99780 72.0 0.2500 0 0.7913 0
T 99788 72.0 0.2500 0 0.8189 0
T 99795 72.0 0.2500 0 0.8189 0
T 99802 72.0 0.2500 0 0.8189 0
T 99810 72.0 0.2500 0 0.8453 0
T 99818 72.0 0.2500 0 0.8453 0
T 99825 72.0 0.2500 0 0.8453 0
T 99832 72.0 0.2500 0 0.8717 0
T 99840 72.0 0.2500 0 0.8717 0
T 99848 72.0 0.2500 0 0.8717 0
T 99855 72.0 0.2500 0 0.8993 0
T 99862 72.0 0.2500 0 0.8993 0
T 99870 72.0 0.2500 0 0.8993 0
T 99878 72.0 0.2500 0 0.9269 0
T 99885 72.0 0.2500 0 0.9269 0
T 99892 72.0 0.2500 0 0.9269 0
T 99900 72.0 0.2500 0 0.9533 0
T 99908 72.0 0.2500 0 0.9533 0
T 99915 72.0 0.2500 0 0.9533 0
T 99922 72.0 0.2500 0 0.9797 0
T 99930 72.0 0.2500 0 0.9797 0
T 99938 72.0 0.2500 0 0.9797 0
T 99945 72.0 0.2500 0 0.0073 1
T 99952 72.0 0.2500 0 0.0073 0
T 99960 72.0 0.2500 0 0.0073 0
T 99968 72.0 0.2500 0 0.0349 0
T 99975 72.0 0.2500 0 0.0349 0
T 99982 72.0 0.2500 0 0.0349 0
T 99990 72.0 0.2500 0 0.0613 0
T 99998 72.0 0.2500 0 0.0613 0
T 100005 72.0 0.2500 0 0.0613 0
T 100012 72.0 0.2500 0 0.0877 0
T 100020 72.0 0.2500 0 0.0877 0
T 100028 72.0 0.2500 0 0.0877 0
T 100035 72.0 0.2500 0 0.1153 0
T 100042 72.0 0.2500 0 0.1153 0
T 100050 72.0 0.2500 0 0.1153 0
T 100058 72.0 0.2500 0 0.1429 0
T 100065 72.0 0.2500 0 0.1429 0
T 100072 72.0 0.2500 0 0.1429 0
T 100080 72.0 0.2500 0 0.1693 0
T 100088 72.0 0.2500 0 0.1693 0
T 100095 72.0 0.2500 0 0.1693 0
T 100102 72.0 0.2500 0 0.1957 0
T 100110 72.0 0.2500 0 0.1957 0
T 100118 72.0 0.2500 0 0.1957 0
T 100125 72.0 0.2500 0 0.2233 0
T 100132 72.0 0.2500 0 0.2233 0
T 100140 72.0 0.2500 0 0.2233 0
T 100148 72.0 0.2500 0 0.2509 0
T 100155 72.0 0.2500 0 0.2509 0
T 100162 72.0 0.2500 0 0.2509 0
T 100170 72.0 0.2500 0 0.2773 0
T 100178 72.0 0.2500 0 0.2773 0
T 100185 72.0 0.2500 0 0.2773 0
T 100192 72.0 0.2500 0 0.3037 0
T 100200 72.0 0.2500 0 0.3037 0
T 100208 72.0 0.2500 0 0.3037 0
T 100215 72.0 0.2500 0 0.3313 0
T 100222 72.0 0.2500 0 0.3313 0
T 100230 72.0 0.2500 0 0.3313 0
T 100238 72.0 0.2500 0 0.3589 0
T 100245 72.0 0.2500 0 0.3589 0
T 100252 72.0 0.2500 0 0.3589 0
T 100260 72.0 0.2500 0 0.3853 0
T 100268 72.0 0.2500 0 0.3853 0
T 100275 72.0 0.2500 0 0.3853 0
T 100282 72.0 0.2500 0 0.4117 0
T 100290 72.0 0.2500 0 0.4117 0
T 100298 72.0 0.2500 0 0.4117 0
T 100305 72.0 0.2500 0 0.4393 0
T 100312 72.0 0.2500 0 0.4393 0
T 100320 72.0 0.2500 0 0.4393 0
T 100328 72.0 0.2500 0 0.4669 0
T 100335 72.0 0.2500 0 0.4669 0
T 100342 72.0 0.2500 0 0.4669 0
T 100350 72.0 0.2500 0 0.4933 0
T 100358 72.0 0.2500 0 0.4933 0
T 100365 72.0 0.2500 0 0.4933 0
T 100372 72.0 0.2500 0 0.5197 0
T 100380 72.0 0.2500 0 0.5197 0
T 100388 72.0 0.2500 0 0.5197 0
T 100395 72.0 0.2500 0 0.5473 0
T 100402 72.0 0.2500 0 0.5473 0
T 100410 72.0 0.2500 0 0.5473 0
T 100418 72.0 0.2500 0 0.5749 0
T 100425 72.0 0.2500 0 0.5749 0
T 100432 72.0 0.2500 0 0.5749 0
T 100440 72.0 0.2500 0 0.6013 0
T 100448 72.0 0.2500 0 0.6013 0
T 100455 72.0 0.2500 0 0.6013 0
T 100462 72.0 0.2500 0 0.6277 0
T 100470 72.0 0.2500 0 0.6277 0
T 100478 72.0 0.2500 0 0.6277 0
T 100485 72.0 0.2500 0 0.6553 0
T 100492 72.0 0.2500 0 0.6553 0
T 100500 72.0 0.2500 0 0.6553 0
T 100508 72.0 0.2500 0 0.6829 0
T 100515 72.0 0.2500 0 0.6829 0
T 100522 72.0 0.2500 0 0.6829 0
T 100530 72.0 0.2500 0 0.7093 0
T 100538 72.0 0.2500 0 0.7093 0
T 100545 72.0 0.2500 0 0.7093 0
T 100552 72.0 0.2500 0 0.7357 0
T 100560 72.0 0.2500 0 0.7357 0
T 100568 72.0 0.2500 0 0.7357 0
T 100575 72.0 0.2500 0 0.7633 0
T 100582 72.0 0.2500 0 0.7633 0
T 100590 72.0 0.2500 0 0.7633 0
T 100598 72.0 0.2500 0 0.7909 0
T 100605 72.0 0.2500 0 0.7909 0
T 100612 72.0 0.2500 0 0.7909 0
T 100620 72.0 0.2500 0 0.8173 0
T 100628 72.0 0.2500 0 0.8173 0
T 100635 72.0 0.2500 0 0.8173 0
T 100642 72.0 0.2500 0 0.8437 0
T 100650 72.0 0.2500 0 0.8437 0
T 100658 72.0 0.2500 0 0.8437 0
T 100665 72.0 0.2500 0 0.8713 0
T 100672 72.0 0.2500 0 0.8713 0
T 100680 72.0 0.2500 0 0.8713 0
T 100688 72.0 0.2500 0 0.8989 0
T 100695 72.0 0.2500 0 0.8989 0
T 100702 72.0 0.2500 0 0.8989 0
T 100710 72.0 0.2500 0 0.9253 0
T 100718 72.0 0.2500 0 0.9253 0
T 100725 72.0 0.2500 0 0.9253 0
T 100732 72.0 0.2500 0 0.9517 0
T 100740 72.0 0.2500 0 0.9517 0
T 100748 72.0 0.2500 0 0.9517 0
T 100755 72.0 0.2500 0 0.9793 0
T 100762 72.0 0.2500 0 0.9793 0
T 100770 72.0 0.2500 0 0.9793 0
T 100778 72.0 0.2500 0 0.0069 1
T 100785 72.0 0.2500 0 0.0069 0
T 100792 72.0 0.2500 0 0.0069 0
T 100800 72.0 0.2500 0 0.0333 0
T 100808 72.0 0.2500 0 0.0333 0
T 100815 72.0 0.2500 0 0.0333 0
T 100822 72.0 0.2500 0 0.0597 0
T 100830 72.0 0.2500 0 0.0597 0
T 100838 72.0 0.2500 0 0.0597 0
T 100845 72.0 0.2500 0 0.0873 0
T 100852 72.0 0.2500 0 0.0873 0
T 100860 72.0 0.2500 0 0.0873 0
T 100868 72.0 0.2500 0 0.1149 0
T 100875 72.0 0.2500 0 0.1149 0
T 100882 72.0 0.2500 0 0.1149 0
T 100890 72.0 0.2500 0 0.1413 0
T 100898 72.0 0.2500 0 0.1413 0
T 100905 72.0 0.2500 0 0.1413 0
T 100912 72.0 0.2500 0 0.1677 0
T 100920 72.0 0.2500 0 0.1677 0
T 100928 72.0 0.2500 0 0.1677 0
T 100935 72.0 0.2500 0 0.1953 0
T 100942 72.0 0.2500 0 0.1953 0
T 100950 72.0 0.2500 0 0.1953 0
T 100958 72.0 0.2500 0 0.2229 0
T 100965 72.0 0.2500 0 0.2229 0
T 100972 72.0 0.2500 0 0.2229 0
T 100980 72.0 0.2500 0 0.2493 0
T 100988 72.0 0.2500 0 0.2493 0
T 100995 72.0 0.2500 0 0.2493 0
T 101002 72.0 0.2500 0 0.2757 0
T 101010 72.0 0.2500 0 0.2757 0
T 101018 72.0 0.2500 0 0.2757 0
T 101025 72.0 0.2500 0 0.3033 0
T 101032 72.0 0.2500 0 0.3033 0
T 101040 72.0 0.2500 0 0.3033 0
T 101048 72.0 0.2500 0 0.3309 0
T 101055 72.0 0.2500 0 0.3309 0
T 101062 72.0 0.2500 0 0.3309 0
T 101070 72.0 0.2500 0 0.3573 0
T 101078 72.0 0.2500 0 0.3573 0
T 101085 72.0 0.2500 0 0.3573 0
T 101092 72.0 0.2500 0 0.3837 0
T 101100 72.0 0.2500 0 0.3837 0
T 101108 72.0 0.2500 0 0.3837 0
T 101115 72.0 0.2500 0 0.4113 0
T 101122 72.0 0.2500 0 0.4113 0
T 101130 72.0 0.2500 0 0.4113 0
T 101138 72.0 0.2500 0 0.4389 0
T 101145 72.0 0.2500 0 0.4389 0
T 101152 72.0 0.2500 0 0.4389 0
T 101160 72.0 0.2500 0 0.4653 0
T 101168 72.0 0.2500 0 0.4653 0
T 101175 72.0 0.2500 0 0.4653 0
T 101182 72.0 0.2500 0 0.4917 0
T 101190 72.0 0.2500 0 0.4917 0
T 101198 72.0 0.2500 0 0.4917 0
T 101205 72.0 0.2500 0 0.5193 0
T 101212 72.0 0.2500 0 0.5193 0
T 101220 72.0 0.2500 0 0.5193 0
T 101228 72.0 0.2500 0 0.5469 0
T 101235 72.0 0.2500 0 0.5469 0
T 101242 72.0 0.2500 0 0.5469 0
T 101250 72.0 0.2500 0 0.5733 0
T 101258 72.0 0.2500 0 0.5733 0
T 101265 72.0 0.2500 0 0.5733 0
T 101272 72.0 0.2500 0 0.5997 0
T 101280 72.0 0.2500 0 0.5997 0
T 101288 72.0 0.2500 0 0.5997 0
T 101295 72.0 0.2500 0 0.6273 0
T 101302 72.0 0.2500 0 0.6273 0
T 101310 72.0 0.2500 0 0.6273 0
T 101318 72.0 0.2500 0 0.6549 0
T 101325 72.0 0.2500 0 0.6549 0
T 101332 72.0 0.2500 0 0.6549 0
T 101340 72.0 0.2500 0 0.6813 0
T 101348 72.0 0.2500 0 0.6813 0
T 101355 72.0 0.2500 0 0.6813 0
T 101362 72.0 0.2500 0 0.7077 0
T 101370 72.0 0.2500 0 0.7077 0
T 101378 72.0 0.2500 0 0.7077 0
T 101385 72.0 0.2500 0 0.7353 0
T 101392 72.0 0.2500 0 0.7353 0
T 101400 72.0 0.2500 0 0.7353 0
T 101408 72.0 0.2500 0 0.7629 0
T 101415 72.0 0.2500 0 0.7629 0
T 101422 72.0 0.2500 0 0.7629 0
T 101430 72.0 0.2500 0 0.7893 0
T 101438 72.0 0.2500 0 0.7893 0
T 101445 72.0 0.2500 0 0.7893 0
T 101452 72.0 0.2500 0 0.8157 0
T 101460 72.0 0.2500 0 0.8157 0
T 101468 72.0 0.2500 0 0.8157 0
T 101475 72.0 0.2500 0 0.8433 0
T 101482 72.0 0.2500 0 0.8433 0
T 101490 72.0 0.2500 0 0.8433 0
T 101498 72.0 0.2500 0 0.8709 0
T 101505 72.0 0.2500 0 0.8709 0
T 101512 72.0 0.2500 0 0.8709 0
T 101520 72.0 0.2500 0 0.8973 0
T 101528 72.0 0.2500 0 0.8973 0
T 101535 72.0 0.2500 0 0.8973 0
T 101542 72.0 0.2500 0 0.9237 0
T 101550 72.0 0.2500 0 0.9237 0
T 101558 72.0 0.2500 0 0.9237 0
T 101565 72.0 0.2500 0 0.9513 0
T 101572 72.0 0.2500 0 0.9513 0
T 101580 72.0 0.2500 0 0.9513 0
T 101588 72.0 0.2500 0 0.9789 0
T 101595 72.0 0.2500 0 0.9789 0
T 101602 72.0 0.2500 0 0.9789 0
T 101610 72.0 0.2500 0 0.0053 1
T 101618 72.0 0.2500 0 0.0053 0
T 101625 72.0 0.2500 0 0.0053 0
T 101632 72.0 0.2500 0 0.0317 0
T 101640 72.0 0.2500 0 0.0317 0
T 101648 72.0 0.2500 0 0.0317 0
T 101655 72.0 0.2500 0 0.0593 0
T 101662 72.0 0.2500 0 0.0593 0
T 101670 72.0 0.2500 0 0.0593 0
T 101678 72.0 0.2500 0 0.0869 0
T 101685 72.0 0.2500 0 0.0869 0
T 101692 72.0 0.2500 0 0.0869 0
T 101700 72.0 0.2500 0 0.1133 0
T 101708 72.0 0.2500 0 0.1133 0
T 101715 72.0 0.2500 0 0.1133 0
T 101722 72.0 0.2500 0 0.1397 0
T 101730 72.0 0.2500 0 0.1397 0
T 101738 72.0 0.2500 0 0.1397 0
T 101745 72.0 0.2500 0 0.1673 0
T 101752 72.0 0.2500 0 0.1673 0
T 101760 72.0 0.2500 0 0.1673 0
T 101768 72.0 0.2500 0 0.1949 0
T 101775 72.0 0.2500 0 0.1949 0
T 101782 72.0 0.2500 0 0.1949 0
T 101790 72.0 0.2500 0 0.2213 0
T 101798 72.0 0.2500 0 0.2213 0
T 101805 72.0 0.2500 0 0.2213 0
T 101812 72.0 0.2500 0 0.2477 0
T 101820 72.0 0.2500 0 0.2477 0
T 101828 72.0 0.2500 0 0.2477 0
T 101835 72.0 0.2500 0 0.2753 0
T 101842 72.0 0.2500 0 0.2753 0
T 101850 72.0 0.2500 0 0.2753 0
T 101858 72.0 0.2500 0 0.3029 0
T 101865 72.0 0.2500 0 0.3029 0
T 101872 72.0 0.2500 0 0.3029 0
T 101880 72.0 0.2500 0 0.3293 0
T 101888 72.0 0.2500 0 0.3293 0
T 101895 72.0 0.2500 0 0.3293 0
T 101902 72.0 0.2500 0 0.3557 0
T 101910 72.0 0.2500 0 0.3557 0
T 101918 72.0 0.2500 0 0.3557 0
T 101925 72.0 0.2500 0 0.3833 0
T 101932 72.0 0.2500 0 0.3833 0
T 101940 72.0 0.2500 0 0.3833 0
T 101948 72.0 0.2500 0 0.4109 0
T 101955 72.0 0.2500 0 0.4109 0
T 101962 72.0 0.2500 0 0.4109 0
T 101970 72.0 0.2500 0 0.4373 0
T 101978 72.0 0.2500 0 0.4373 0
T 101985 72.0 0.2500 0 0.4373 0
T 101992 72.0 0.2500 0 0.4637 0
T 102000 72.0 0.2500 0 0.4637 0
T 102008 72.0 0.2500 0 0.4637 0
T 102015 72.0 0.2500 0 0.4913 0
T 102022 72.0 0.2500 0 0.4913 0
T 102030 72.0 0.2500 0 0.4913 0
T 102038 72.0 0.2500 0 0.5189 0
T 102045 72.0 0.2500 0 0.5189 0
T 102052 72.0 0.2500 0 0.5189 0
T 102060 72.0 0.2500 0 0.5453 0
T 102068 72.0 0.2500 0 0.5453 0
T 102075 72.0 0.2500 0 0.5453 0
T 102082 72.0 0.2500 0 0.5717 0
T 102090 72.0 0.2500 0 0.5717 0
T 102098 72.0 0.2500 0 0.5717 0
T 102105 72.0 0.2500 0 0.5993 0
T 102112 72.0 0.2500 0 0.5993 0
T 102120 72.0 0.2500 0 0.5993 0
T 102128 72.0 0.2500 0 0.6269 0
T 102135 72.0 0.2500 0 0.6269 0
T 102142 72.0 0.2500 0 0.6269 0
T 102150 72.0 0.2500 0 0.6533 0
T 102158 72.0 0.2500 0 0.6533 0
T 102165 72.0 0.2500 0 0.6533 0
T 102172 72.0 0.2500 0 0.6797 0
T 102180 72.0 0.2500 0 0.6797 0
T 102188 72.0 0.2500 0 0.6797 0
T 102195 72.0 0.2500 0 0.7073 0
T 102202 72.0 0.2500 0 0.7073 0
T 102210 72.0 0.2500 0 0.7073 0
T 102218 72.0 0.2500 0 0.7349 0
T 102225 72.0 0.2500 0 0.7349 0
T 102232 72.0 0.2500 0 0.7349 0
T 102240 72.0 0.2500 0 0.7613 0
T 102248 72.0 0.2500 0 0.7613 0
T 102255 72.0 0.2500 0 0.7613 0
T 102262 72.0 0.2500 0 0.7877 0
T 102270 72.0 0.2500 0 0.7877 0
T 102278 72.0 0.2500 0 0.7877 0
T 102285 72.0 0.2500 0 0.8153 0
T 102292 72.0 0.2500 0 0.8153 0
T 102300 72.0 0.2500 0 0.8153 0
T 102308 72.0 0.2500 0 0.8429 0
T 102315 72.0 0.2500 0 0.8429 0
T 102322 72.0 0.2500 0 0.8429 0
T 102330 72.0 0.2500 0 0.8693 0
T 102338 72.0 0.2500 0 0.8693 0
T 102345 72.0 0.2500 0 0.8693 0
T 102352 72.0 0.2500 0 0.8957 0
T 102360 72.0 0.2500 0 0.8957 0
T 102368 72.0 0.2500 0 0.8957 0
T 102375 72.0 0.2500 0 0.9233 0
T 102382 72.0 0.2500 0 0.9233 0
T 102390 72.0 0.2500 0 0.9233 0
T 102398 72.0 0.2500 0 0.9509 0
T 102405 72.0 0.2500 0 0.9509 0
T 102412 72.0 0.2500 0 0.9509 0
T 102420 72.0 0.2500 0 0.9773 0
T 102428 72.0 0.2500 0 0.9773 0
T 102435 72.0 0.2500 0 0.9773 0
T 102442 72.0 0.2500 0 0.0037 1
T 102450 72.0 0.2500 0 0.0037 0
T 102458 72.0 0.2500 0 0.0037 0
T 102465 72.0 0.2500 0 0.0313 0
T 102472 72.0 0.2500 0 0.0313 0
T 102480 72.0 0.2500 0 0.0313 0
T 102488 72.0 0.2500 0 0.0589 0
T 102495 72.0 0.2500 0 0.0589 0
T 102502 72.0 0.2500 0 0.0589 0
T 102510 72.0 0.2500 0 0.0853 0
T 102518 72.0 0.2500 0 0.0853 0
T 102525 72.0 0.2500 0 0.0853 0
T 102532 72.0 0.2500 0 0.1117 0
T 102540 72.0 0.2500 0 0.1117 0
T 102548 72.0 0.2500 0 0.1117 0
T 102555 72.0 0.2500 0 0.1393 0
T 102562 72.0 0.2500 0 0.1393 0
T 102570 72.0 0.2500 0 0.1393 0
T 102578 72.0 0.2500 0 0.1669 0
T 102585 72.0 0.2500 0 0.1669 0
T 102592 72.0 0.2500 0 0.1669 0
T 102600 72.0 0.2500 0 0.1933 0
T 102608 72.0 0.2500 0 0.1933 0
T 102615 72.0 0.2500 0 0.1933 0
T 102622 72.0 0.2500 0 0.2197 0
T 102630 72.0 0.2500 0 0.2197 0
T 102638 72.0 0.2500 0 0.2197 0
T 102645 72.0 0.2500 0 0.2473 0
T 102652 72.0 0.2500 0 0.2473 0
T 102660 72.0 0.2500 0 0.2473 0
T 102668 72.0 0.2500 0 0.2749 0
T 102675 72.0 0.2500 0 0.2749 0
T 102682 72.0 0.2500 0 0.2749 0
T 102690 72.0 0.2500 0 0.3013 0
T 102698 72.0 0.2500 0 0.3013 0
T 102705 72.0 0.2500 0 0.3013 0
T 102712 72.0 0.2500 0 0.3277 0
T 102720 72.0 0.2500 0 0.3277 0
T 102728 72.0 0.2500 0 0.3277 0
T 102735 72.0 0.2500 0 0.3553 0
T 102742 72.0 0.2500 0 0.3553 0
T 102750 72.0 0.2500 0 0.3553 0
T 102758 72.0 0.2500 0 0.3829 0
T 102765 72.0 0.2500 0 0.3829 0
T 102772 72.0 0.2500 0 0.3829 0
T 102780 72.0 0.2500 0 0.4093 0
T 102788 72.0 0.2500 0 0.4093 0
T 102795 72.0 0.2500 0 0.4093 0
T 102802 72.0 0.2500 0 0.4357 0
T 102810 72.0 0.2500 0 0.4357 0
T 102818 72.0 0.2500 0 0.4357 0
T 102825 72.0 0.2500 0 0.4633 0
T 102832 72.0 0.2500 0 0.4633 0
T 102840 72.0 0.2500 0 0.4633 0
T 102848 72.0 0.2500 0 0.4909 0
T 102855 72.0 0.2500 0 0.4909 0
T 102862 72.0 0.2500 0 0.4909 0
T 102870 72.0 0.2500 0 0.5173 0
T 102878 72.0 0.2500 0 0.5173 0
T 102885 72.0 0.2500 0 0.5173 0
T 102892 72.0 0.2500 0 0.5437 0
T 102900 72.0 0.2500 0 0.5437 0
T 102908 72.0 0.2500 0 0.5437 0
T 102915 72.0 0.2500 0 0.5713 0
T 102922 72.0 0.2500 0 0.5713 0
T 102930 72.0 0.2500 0 0.5713 0
T 102938 72.0 0.2500 0 0.5989 0
T 102945 72.0 0.2500 0 0.5989 0
T 102952 72.0 0.2500 0 0.5989 0
T 102960 72.0 0.2500 0 0.6253 0
T 102968 72.0 0.2500 0 0.6253 0
T 102975 72.0 0.2500 0 0.6253 0
T 102982 72.0 0.2500 0 0.6517 0
T 102990 72.0 0.2500 0 0.6517 0
T 102998 72.0 0.2500 0 0.6517 0
T 103005 72.0 0.2500 0 0.6793 0
T 103012 72.0 0.2500 0 0.6793 0
T 103020 72.0 0.2500 0 0.6793 0
T 103028 72.0 0.2500 0 0.7069 0
T 103035 72.0 0.2500 0 0.7069 0
T 103042 72.0 0.2500 0 0.7069 0
T 103050 72.0 0.2500 0 0.7333 0
T 103058 72.0 0.2500 0 0.7333 0
T 103065 72.0 0.2500 0 0.7333 0
T 103072 72.0 0.2500 0 0.7597 0
T 103080 72.0 0.2500 0 0.7597 0
T 103088 72.0 0.2500 0 0.7597 0
T 103095 72.0 0.2500 0 0.7873 0
T 103102 72.0 0.2500 0 0.7873 0
T 103110 72.0 0.2500 0 0.7873 0
T 103118 72.0 0.2500 0 0.8149 0
T 103125 72.0 0.2500 0 0.8149 0
T 103132 72.0 0.2500 0 0.8149 0
T 103140 72.0 0.2500 0 0.8413 0
T 103148 72.0 0.2500 0 0.8413 0
T 103155 72.0 0.2500 0 0.8413 0
T 103162 72.0 0.2500 0 0.8677 0
T 103170 72.0 0.2500 0 0.8677 0
T 103178 72.0 0.2500 0 0.8677 0
T 103185 72.0 0.2500 0 0.8953 0
T 103192 72.0 0.2500 0 0.8953 0
T 103200 72.0 0.2500 0 0.8953 0
T 103208 72.0 0.2500 0 0.9229 0
T 103215 72.0 0.2500 0 0.9229 0
T 103222 72.0 0.2500 0 0.9229 0
T 103230 72.0 0.2500 0 0.9493 0
T 103238 72.0 0.2500 0 0.9493 0
T 103245 72.0 0.2500 0 0.9493 0
T 103252 72.0 0.2500 0 0.9757 0
T 103260 72.0 0.2500 0 0.9757 0
T 103268 72.0 0.2500 0 0.9757 0
T 103275 72.0 0.2500 0 0.0033 1
T 103282 72.0 0.2500 0 0.0033 0
T 103290 72.0 0.2500 0 0.0033 0
T 103298 72.0 0.2500 0 0.0309 0
T 103305 72.0 0.2500 0 0.0309 0
T 103312 72.0 0.2500 0 0.0309 0
T 103320 72.0 0.2500 0 0.0573 0
T 103328 72.0 0.2500 0 0.0573 0
T 103335 72.0 0.2500 0 0.0573 0
T 103342 72.0 0.2500 0 0.0837 0
T 103350 72.0 0.2500 0 0.0837 0
T 103358 72.0 0.2500 0 0.0837 0
T 103365 72.0 0.2500 0 0.1113 0
T 103372 72.0 0.2500 0 0.1113 0
T 103380 72.0 0.2500 0 0.1113 0
T 103388 72.0 0.2500 0 0.1389 0
T 103395 72.0 0.2500 0 0.1389 0
T 103402 72.0 0.2500 0 0.1389 0
T 103410 72.0 0.2500 0 0.1653 0
T 103418 72.0 0.2500 0 0.1653 0
T 103425 72.0 0.2500 0 0.1653 0
T 103432 72.0 0.2500 0 0.1917 0
T 103440 72.0 0.2500 0 0.1917 0
T 103448 72.0 0.2500 0 0.1917 0
T 103455 72.0 0.2500 0 0.2193 0
T 103462 72.0 0.2500 0 0.2193 0
T 103470 72.0 0.2500 0 0.2193 0
T 103478 72.0 0.2500 0 0.2469 0
T 103485 72.0 0.2500 0 0.2469 0
T 103492 72.0 0.2500 0 0.2469 0
T 103500 72.0 0.2500 0 0.2733 0
T 103508 72.0 0.2500 0 0.2733 0
T 103515 72.0 0.2500 0 0.2733 0
T 103522 72.0 0.2500 0 0.2997 0
T 103530 72.0 0.2500 0 0.2997 0
T 103538 72.0 0.2500 0 0.2997 0
T 103545 72.0 0.2500 0 0.3273 0
T 103552 72.0 0.2500 0 0.3273 0
T 103560 72.0 0.2500 0 0.3273 0
T 103568 72.0 0.2500 0 0.3549 0
T 103575 72.0 0.2500 0 0.3549 0
T 103582 72.0 0.2500 0 0.3549 0
T 103590 72.0 0.2500 0 0.3813 0
T 103598 72.0 0.2500 0 0.3813 0
T 103605 72.0 0.2500 0 0.3813 0
T 103612 72.0 0.2500 0 0.4077 0
T 103620 72.0 0.2500 0 0.4077 0
T 103628 72.0 0.2500 0 0.4077 0
T 103635 72.0 0.2500 0 0.4353 0
T 103642 72.0 0.2500 0 0.4353 0
T 103650 72.0 0.2500 0 0.4353 0
T 103658 72.0 0.2500 0 0.4629 0
T 103665 72.0 0.2500 0 0.4629 0
T 103672 72.0 0.2500 0 0.4629 0
T 103680 72.0 0.2500 0 0.4893 0
T 103688 72.0 0.2500 0 0.4893 0
T 103695 72.0 0.2500 0 0.4893 0
T 103702 72.0 0.2500 0 0.5157 0
T 103710 72.0 0.2500 0 0.5157 0
T 103718 72.0 0.2500 0 0.5157 0
T 103725 72.0 0.2500 0 0.5433 0
T 103732 72.0 0.2500 0 0.5433 0
T 103740 72.0 0.2500 0 0.5433 0
T 103748 72.0 0.2500 0 0.5709 0
T 103755 72.0 0.2500 0 0.5709 0
T 103762 72.0 0.2500 0 0.5709 0
T 103770 72.0 0.2500 0 0.5973 0
T 103778 72.0 0.2500 0 0.5973 0
T 103785 72.0 0.2500 0 0.5973 0
T 103792 72.0 0.2500 0 0.6237 0
T 103800 72.0 0.2500 0 0.6237 0
T 103808 72.0 0.2500 0 0.6237 0
T 103815 72.0 0.2500 0 0.6513 0
T 103822 72.0 0.2500 0 0.6513 0
T 103830 72.0 0.2500 0 0.6513 0
T 103838 72.0 0.2500 0 0.6789 0
T 103845 72.0 0.2500 0 0.6789 0
T 103852 72.0 0.2500 0 0.6789 0
T 103860 72.0 0.2500 0 0.7053 0
T 103868 72.0 0.2500 0 0.7053 0
T 103875 72.0 0.2500 0 0.7053 0
T 103882 72.0 0.2500 0 0.7317 0
T 103890 72.0 0.2500 0 0.7317 0
T 103898 72.0 0.2500 0 0.7317 0
T 103905 72.0 0.2500 0 0.7593 0
T 103912 72.0 0.2500 0 0.7593 0
T 103920 72.0 0.2500 0 0.7593 0
T 103928 72.0 0.2500 0 0.7869 0
T 103935 72.0 0.2500 0 0.7869 0
T 103942 72.0 0.2500 0 0.7869 0
T 103950 72.0 0.2500 0 0.8133 0
T 103958 72.0 0.2500 0 0.8133 0
T 103965 72.0 0.2500 0 0.8133 0
T 103972 72.0 0.2500 0 0.8397 0
T 103980 72.0 0.2500 0 0.8397 0
T 103988 72.0 0.2500 0 0.8397 0
T 103995 72.0 0.2500 0 0.8673 0
T 104002 72.0 0.2500 0 0.8673 0
T 104010 72.0 0.2500 0 0.8673 0
T 104018 72.0 0.2500 0 0.8949 0
T 104025 72.0 0.2500 0 0.8949 0
T 104032 72.0 0.2500 0 0.8949 0
T 104040 72.0 0.2500 0 0.9213 0
T 104048 72.0 0.2500 0 0.9213 0
T 104055 72.0 0.2500 0 0.9213 0
T 104062 72.0 0.2500 0 0.9477 0
T 104070 72.0 0.2500 0 0.9477 0
T 104078 72.0 0.2500 0 0.9477 0
T 104085 72.0 0.2500 0 0.9753 0
T 104092 72.0 0.2500 0 0.9753 0
T 104100 72.0 0.2500 0 0.9753 0
T 104108 72.0 0.2494 0 0.0029 0
T 104115 72.0 0.2494 0 0.0029 0
T 104122 72.0 0.2494 0 0.0029 0
T 104130 72.0 0.2480 0 0.0293 0
T 104138 72.0 0.2480 0 0.0293 0
T 104145 72.0 0.2480 0 0.0293 0
T 104152 72.0 0.2473 0 0.0557 0
T 104160 72.0 0.2473 0 0.0557 0
T 104168 72.0 0.2473 0 0.0557 0
T 104175 72.0 0.2464 0 0.0833 0
T 104182 72.0 0.2464 0 0.0833 0
T 104190 72.0 0.2464 0 0.0833 0
T 104198 72.0 0.2455 0 0.1109 0
T 104205 72.0 0.2455 0 0.1109 0
T 104212 72.0 0.2455 0 0.1109 0
T 104220 72.0 0.2446 0 0.1373 0
T 104228 72.0 0.2446 0 0.1373 0
T 104235 72.0 0.2446 0 0.1373 0
T 104242 72.0 0.2437 0 0.1637 0
T 104250 72.0 0.2437 0 0.1637 0
T 104258 72.0 0.2437 0 0.1637 0
T 104265 72.0 0.2426 0 0.1913 0
T 104272 72.0 0.2426 0 0.1913 0
T 104280 72.0 0.2426 0 0.1913 0
T 104288 72.0 0.2411 0 0.2189 0
T 104295 72.0 0.2411 0 0.2189 0
T 104302 72.0 0.2411 0 0.2189 0
T 104310 72.0 0.2399 0 0.2453 0
T 104318 72.0 0.2399 0 0.2453 0
T 104325 72.0 0.2399 0 0.2453 0
T 104332 72.0 0.2384 0 0.2717 0
T 104340 72.0 0.2384 0 0.2717 0
T 104348 72.0 0.2384 0 0.2717 0
T 104355 72.0 0.2372 0 0.2993 0
T 104362 72.0 0.2372 0 0.2993 0
T 104370 72.0 0.2372 0 0.2993 0
T 104378 72.0 0.2357 0 0.3269 0
T 104385 72.0 0.2357 0 0.3269 0
T 104392 72.0 0.2357 0 0.3269 0
T 104400 72.0 0.2343 0 0.3533 0
T 104408 72.0 0.2343 0 0.3533 0
T 104415 72.0 0.2343 0 0.3533 0
T 104422 72.0 0.2331 0 0.3797 0
T 104430 72.0 0.2331 0 0.3797 0
T 104438 72.0 0.2331 0 0.3797 0
T 104445 72.0 0.2321 0 0.4073 0
T 104452 72.0 0.2321 0 0.4073 0
T 104460 72.0 0.2321 0 0.4073 0
T 104468 72.0 0.2314 0 0.4349 0
T 104475 72.0 0.2314 0 0.4349 0
T 104482 72.0 0.2314 0 0.4349 0
T 104490 72.0 0.2324 0 0.4613 0
T 104498 72.0 0.2324 0 0.4613 0
T 104505 72.0 0.2324 0 0.4613 0
T 104512 72.0 0.2338 0 0.4877 0
T 104520 72.0 0.2338 0 0.4877 0
T 104528 72.0 0.2338 0 0.4877 0
T 104535 72.0 0.2338 0 0.5153 0
T 104542 72.0 0.2338 0 0.5153 0
T 104550 72.0 0.2338 0 0.5153 0
T 104558 72.0 0.2323 0 0.5429 0
T 104565 72.0 0.2323 0 0.5429 0
T 104572 72.0 0.2323 0 0.5429 0
T 104580 72.0 0.2304 0 0.5693 0
T 104588 72.0 0.2304 0 0.5693 0
T 104595 72.0 0.2304 0 0.5693 0
T 104602 72.0 0.2285 0 0.5957 0
T 104610 72.0 0.2285 0 0.5957 0
T 104618 72.0 0.2285 0 0.5957 0
T 104625 72.0 0.2270 0 0.6233 0
T 104632 72.0 0.2270 0 0.6233 0
T 104640 72.0 0.2270 0 0.6233 0
T 104648 72.0 0.2257 0 0.6509 0
T 104655 72.0 0.2257 0 0.6509 0
T 104662 72.0 0.2257 0 0.6509 0
T 104670 72.0 0.2247 0 0.6773 0
T 104678 72.0 0.2247 0 0.6773 0
T 104685 72.0 0.2247 0 0.6773 0
T 104692 72.0 0.2239 0 0.7037 0
T 104700 72.0 0.2239 0 0.7037 0
T 104708 72.0 0.2239 0 0.7037 0
T 104715 72.0 0.2209 0 0.7313 0
T 104722 72.0 0.2209 0 0.7313 0
T 104730 72.0 0.2209 0 0.7313 0
T 104738 72.0 0.2181 0 0.7589 0
T 104745 72.0 0.2181 0 0.7589 0
T 104752 72.0 0.2181 0 0.7589 0
T 104760 72.0 0.2159 0 0.7853 0
T 104768 72.0 0.2159 0 0.7853 0
T 104775 72.0 0.2159 0 0.7853 0
T 104782 72.0 0.2139 0 0.8117 0
T 104790 72.0 0.2139 0 0.8117 0
T 104798 72.0 0.2139 0 0.8117 0
T 104805 72.0 0.2120 0 0.8393 0
T 104812 72.0 0.2120 0 0.8393 0
T 104820 72.0 0.2120 0 0.8393 0
T 104828 72.0 0.2091 0 0.8669 0
T 104835 72.0 0.2091 0 0.8669 0
T 104842 72.0 0.2091 0 0.8669 0
T 104850 72.0 0.2064 0 0.8933 0
T 104858 72.0 0.2064 0 0.8933 0
T 104865 72.0 0.2064 0 0.8933 0
T 104872 72.0 0.2040 0 0.9197 0
T 104880 72.0 0.2040 0 0.9197 0
T 104888 72.0 0.2040 0 0.9197 0
T 104895 72.0 0.2017 0 0.9473 0
T 104902 72.0 0.2017 0 0.9473 0
T 104910 72.0 0.2017 0 0.9473 0
T 104918 72.0 0.1997 0 0.9749 0
T 104925 72.0 0.1997 0 0.9749 0
T 104932 72.0 0.1997 0 0.9749 0
T 104940 72.0 0.1982 0 0.0013 0
T 104948 72.0 0.1982 0 0.0013 0
T 104955 72.0 0.1982 0 0.0013 0
T 104962 101.0 0.1989 0 0.0287 0
T 104970 101.0 0.1989 0 0.0287 0
T 104978 101.0 0.1989 0 0.0287 0
T 104985 101.0 0.1992 0 0.0661 0
T 104992 101.0 0.1992 0 0.0661 0
T 105000 101.0 0.1992 0 0.0661 0
T 105008 101.0 0.1991 0 0.1035 0
T 105015 101.0 0.1991 0 0.1035 0
T 105022 101.0 0.1991 0 0.1035 0
T 105030 101.0 0.1992 0 0.1395 0
T 105038 101.0 0.1992 0 0.1395 0
T 105045 101.0 0.1992 0 0.1395 0
T 105052 101.0 0.1996 0 0.1755 0
T 105060 101.0 0.1996 0 0.1755 0
T 105068 101.0 0.1996 0 0.1755 0
T 105075 101.0 0.2003 0 0.2133 0
T 105082 101.0 0.2003 0 0.2133 0
T 105090 101.0 0.2003 0 0.2133 0
T 105098 101.0 0.2011 0 0.2512 0
T 105105 101.0 0.2011 0 0.2512 0
T 105112 101.0 0.2011 0 0.2512 0
T 105120 101.0 0.2019 0 0.2876 0
T 105128 101.0 0.2019 0 0.2876 0
T 105135 101.0 0.2019 0 0.2876 0
T 105142 101.0 0.2029 0 0.3240 0
T 105150 101.0 0.2029 0 0.3240 0
T 105158 101.0 0.2029 0 0.3240 0
T 105165 101.0 0.2038 0 0.3621 0
T 105172 101.0 0.2038 0 0.3621 0
T 105180 101.0 0.2038 0 0.3621 0
T 105188 101.0 0.2042 0 0.4002 0
T 105195 101.0 0.2042 0 0.4002 0
T 105202 101.0 0.2042 0 0.4002 0
T 105210 101.0 0.2046 0 0.4368 0
T 105218 101.0 0.2046 0 0.4368 0
T 105225 101.0 0.2046 0 0.4368 0
T 105232 101.0 0.2049 0 0.4734 0
T 105240 101.0 0.2049 0 0.4734 0
T 105248 101.0 0.2049 0 0.4734 0
T 105255 101.0 0.2047 0 0.5118 0
T 105262 101.0 0.2047 0 0.5118 0
T 105270 101.0 0.2047 0 0.5118 0
T 105278 101.0 0.2043 0 0.5501 0
T 105285 101.0 0.2043 0 0.5501 0
T 105292 101.0 0.2043 0 0.5501 0
T 105300 101.0 0.2039 0 0.5868 0
T 105308 101.0 0.2039 0 0.5868 0
T 105315 101.0 0.2039 0 0.5868 0
T 105322 101.0 0.2039 0 0.6236 0
T 105330 101.0 0.2039 0 0.6236 0
T 105338 101.0 0.2039 0 0.6236 0
T 105345 101.0 0.2039 0 0.6621 0
T 105352 101.0 0.2039 0 0.6621 0
T 105360 101.0 0.2039 0 0.6621 0
T 105368 101.0 0.2038 0 0.7005 0
T 105375 101.0 0.2038 0 0.7005 0
T 105382 101.0 0.2038 0 0.7005 0
T 105390 101.0 0.2037 0 0.7374 0
T 105398 101.0 0.2037 0 0.7374 0
T 105405 101.0 0.2037 0 0.7374 0
T 105412 101.0 0.2037 0 0.7742 0
T 105420 101.0 0.2037 0 0.7742 0
T 105428 101.0 0.2037 0 0.7742 0
T 105435 101.0 0.2034 0 0.8128 0
T 105442 101.0 0.2034 0 0.8128 0
T 105450 101.0 0.2034 0 0.8128 0
T 105458 101.0 0.2033 0 0.8513 0
T 105465 101.0 0.2033 0 0.8513 0
T 105472 101.0 0.2033 0 0.8513 0
T 105480 101.0 0.2029 0 0.8882 0
T 105488 101.0 0.2029 0 0.8882 0
T 105495 101.0 0.2029 0 0.8882 0
T 105502 101.0 0.2023 0 0.9252 0
T 105510 101.0 0.2023 0 0.9252 0
T 105518 101.0 0.2023 0 0.9252 0
T 105525 101.0 0.2018 0 0.9638 0
T 105532 101.0 0.2018 0 0.9638 0
T 105540 101.0 0.2018 0 0.9638 0
T 105548 101.0 0.2016 0 0.0024 0
T 105555 101.0 0.2016 0 0.0024 0
T 105562 101.0 0.2016 0 0.0024 0
T 105570 101.0 0.2015 0 0.0393 0
T 105578 101.0 0.2015 0 0.0393 0
T 105585 101.0 0.2015 0 0.0393 0
T 105592 101.0 0.2013 0 0.0763 0
T 105600 101.0 0.2013 0 0.0763 0
T 105608 101.0 0.2013 0 0.0763 0
T 105615 101.0 0.2008 0 0.1149 0
T 105622 101.0 0.2008 0 0.1149 0
T 105630 101.0 0.2008 0 0.1149 0
T 105638 101.0 0.2003 0 0.1536 0
T 105645 101.0 0.2003 0 0.1536 0
T 105652 101.0 0.2003 0 0.1536 0
T 105660 101.0 0.2002 0 0.1906 0
T 105668 101.0 0.2002 0 0.1906 0
T 105675 101.0 0.2002 0 0.1906 0
T 105682 101.0 0.2008 0 0.2275 0
T 105690 101.0 0.2008 0 0.2275 0
T 105698 101.0 0.2008 0 0.2275 0
T 105705 101.0 0.2013 0 0.2662 0
T 105712 101.0 0.2013 0 0.2662 0
T 105720 101.0 0.2013 0 0.2662 0
T 105728 101.0 0.2017 0 0.3049 0
T 105735 101.0 0.2017 0 0.3049 0
T 105742 101.0 0.2017 0 0.3049 0
T 105750 101.0 0.2018 0 0.3419 0
T 105758 101.0 0.2018 0 0.3419 0
T 105765 101.0 0.2018 0 0.3419 0
T 105772 101.0 0.2022 0 0.3789 0
T 105780 101.0 0.2022 0 0.3789 0
T 105788 101.0 0.2022 0 0.3789 0
T 105795 101.0 0.2038 0 0.4176 0
T 105802 101.0 0.2038 0 0.4176 0
T 105810 101.0 0.2038 0 0.4176 0
T 105818 101.0 0.2038 0 0.4563 0
T 105825 101.0 0.2038 0 0.4563 0
T 105832 101.0 0.2038 0 0.4563 0
T 105840 101.0 0.2034 0 0.4933 0
T 105848 101.0 0.2034 0 0.4933 0
T 105855 101.0 0.2034 0 0.4933 0
T 105862 101.0 0.2028 0 0.5303 0
T 105870 101.0 0.2028 0 0.5303 0
T 105878 101.0 0.2028 0 0.5303 0
T 105885 101.0 0.2024 0 0.5690 0
T 105892 101.0 0.2024 0 0.5690 0
T 105900 101.0 0.2024 0 0.5690 0
T 105908 101.0 0.2025 0 0.6077 0
T 105915 101.0 0.2025 0 0.6077 0
T 105922 101.0 0.2025 0 0.6077 0
T 105930 101.0 0.2025 0 0.6447 0
T 105938 101.0 0.2025 0 0.6447 0
T 105945 101.0 0.2025 0 0.6447 0
T 105952 101.0 0.2029 0 0.6817 0
T 105960 101.0 0.2029 0 0.6817 0
T 105968 101.0 0.2029 0 0.6817 0
T 105975 101.0 0.2033 0 0.7204 0
T 105982 101.0 0.2033 0 0.7204 0
T 105990 101.0 0.2033 0 0.7204 0
T 105998 101.0 0.2040 0 0.7591 0
T 106005 101.0 0.2040 0 0.7591 0
T 106012 101.0 0.2040 0 0.7591 0
T 106020 101.0 0.2074 0 0.7961 0
T 106028 101.0 0.2074 0 0.7961 0
T 106035 101.0 0.2074 0 0.7961 0
T 106042 101.0 0.2081 0 0.8332 0
T 106050 101.0 0.2081 0 0.8332 0
T 106058 101.0 0.2081 0 0.8332 0
T 106065 101.0 0.2083 0 0.8719 0
T 106072 101.0 0.2083 0 0.8719 0
T 106080 101.0 0.2083 0 0.8719 0
T 106088 101.0 0.2081 0 0.9106 0
T 106095 101.0 0.2081 0 0.9106 0
T 106102 101.0 0.2081 0 0.9106 0
T 106110 101.0 0.2076 0 0.9476 0
T 106118 101.0 0.2076 0 0.9476 0
T 106125 101.0 0.2076 0 0.9476 0
T 106132 101.0 0.2073 0 0.9846 0
T 106140 101.0 0.2073 0 0.9846 0
T 106148 101.0 0.2073 0 0.9846 0
T 106155 101.0 0.2066 0 0.0233 0
T 106162 101.0 0.2066 0 0.0233 0
T 106170 101.0 0.2066 0 0.0233 0
T 106178 101.0 0.2062 0 0.0621 0
T 106185 101.0 0.2062 0 0.0621 0
T 106192 101.0 0.2062 0 0.0621 0
T 106200 101.0 0.2059 0 0.0991 0
T 106208 101.0 0.2059 0 0.0991 0
T 106215 101.0 0.2059 0 0.0991 0
T 106222 101.0 0.2055 0 0.1361 0
T 106230 101.0 0.2055 0 0.1361 0
T 106238 101.0 0.2055 0 0.1361 0
T 106245 101.0 0.2050 0 0.1748 0
T 106252 101.0 0.2050 0 0.1748 0
T 106260 101.0 0.2050 0 0.1748 0
T 106268 101.0 0.2049 0 0.2135 0
T 106275 101.0 0.2049 0 0.2135 0
T 106282 101.0 0.2049 0 0.2135 0
T 106290 101.0 0.2050 0 0.2506 0
T 106298 101.0 0.2050 0 0.2506 0
T 106305 101.0 0.2050 0 0.2506 0
T 106312 101.0 0.2051 0 0.2876 0
T 106320 101.0 0.2051 0 0.2876 0
T 106328 101.0 0.2051 0 0.2876 0
T 106335 101.0 0.2051 0 0.3263 0
T 106342 101.0 0.2051 0 0.3263 0
T 106350 101.0 0.2051 0 0.3263 0
T 106358 101.0 0.2054 0 0.3650 0
T 106365 101.0 0.2054 0 0.3650 0
T 106372 101.0 0.2054 0 0.3650 0
T 106380 101.0 0.2054 0 0.4021 0
T 106388 101.0 0.2054 0 0.4021 0
T 106395 101.0 0.2054 0 0.4021 0
T 106402 101.0 0.2055 0 0.4391 0
T 106410 101.0 0.2055 0 0.4391 0
T 106418 101.0 0.2055 0 0.4391 0
T 106425 101.0 0.2053 0 0.4778 0
T 106432 101.0 0.2053 0 0.4778 0
T 106440 101.0 0.2053 0 0.4778 0
T 106448 101.0 0.2051 0 0.5165 0
T 106455 101.0 0.2051 0 0.5165 0
T 106462 101.0 0.2051 0 0.5165 0
T 106470 101.0 0.2051 0 0.5535 0
T 106478 101.0 0.2051 0 0.5535 0
T 106485 101.0 0.2051 0 0.5535 0
T 106492 101.0 0.2051 0 0.5906 0
T 106500 101.0 0.2051 0 0.5906 0
T 106508 101.0 0.2051 0 0.5906 0
T 106515 101.0 0.2051 0 0.6293 0
T 106522 101.0 0.2051 0 0.6293 0
T 106530 101.0 0.2051 0 0.6293 0
T 106538 101.0 0.2054 0 0.6680 0
T 106545 101.0 0.2054 0 0.6680 0
T 106552 101.0 0.2054 0 0.6680 0
T 106560 101.0 0.2054 0 0.7050 0
T 106568 101.0 0.2054 0 0.7050 0
T 106575 101.0 0.2054 0 0.7050 0
T 106582 101.0 0.2049 0 0.7421 0
T 106590 101.0 0.2049 0 0.7421 0
T 106598 101.0 0.2049 0 0.7421 0
T 106605 101.0 0.2044 0 0.7808 0
T 106612 101.0 0.2044 0 0.7808 0
T 106620 101.0 0.2044 0 0.7808 0
T 106628 101.0 0.2041 0 0.8195 0
T 106635 101.0 0.2041 0 0.8195 0
T 106642 101.0 0.2041 0 0.8195 0
T 106650 101.0 0.2041 0 0.8565 0
T 106658 101.0 0.2041 0 0.8565 0
T 106665 101.0 0.2041 0 0.8565 0
T 106672 101.0 0.2046 0 0.8936 0
T 106680 101.0 0.2046 0 0.8936 0
T 106688 101.0 0.2046 0 0.8936 0
T 106695 101.0 0.2053 0 0.9323 0
T 106702 101.0 0.2053 0 0.9323 0
T 106710 101.0 0.2053 0 0.9323 0
T 106718 101.0 0.2060 0 0.9710 0
T 106725 101.0 0.2060 0 0.9710 0
T 106732 101.0 0.2060 0 0.9710 0
T 106740 101.0 0.2065 0 0.0080 0
T 106748 101.0 0.2065 0 0.0080 0
T 106755 101.0 0.2065 0 0.0080 0
T 106762 101.0 0.2068 0 0.0451 0
T 106770 101.0 0.2068 0 0.0451 0
T 106778 101.0 0.2068 0 0.0451 0
T 106785 101.0 0.2073 0 0.0838 0
T 106792 101.0 0.2073 0 0.0838 0
T 106800 101.0 0.2073 0 0.0838 0
T 106808 101.0 0.2077 0 0.1225 0
T 106815 101.0 0.2077 0 0.1225 0
T 106822 101.0 0.2077 0 0.1225 0
T 106830 101.0 0.2080 0 0.1595 0
T 106838 101.0 0.2080 0 0.1595 0
T 106845 101.0 0.2080 0 0.1595 0
T 106852 101.0 0.2084 0 0.1966 0
T 106860 101.0 0.2084 0 0.1966 0
T 106868 101.0 0.2084 0 0.1966 0
T 106875 101.0 0.2090 0 0.2353 0
T 106882 101.0 0.2090 0 0.2353 0
T 106890 101.0 0.2090 0 0.2353 0
T 106898 101.0 0.2095 0 0.2740 0
T 106905 101.0 0.2095 0 0.2740 0
T 106912 101.0 0.2095 0 0.2740 0
T 106920 101.0 0.2098 0 0.3110 0
T 106928 101.0 0.2098 0 0.3110 0
T 106935 101.0 0.2098 0 0.3110 0
T 106942 101.0 0.2100 0 0.3481 0
T 106950 101.0 0.2100 0 0.3481 0
T 106958 101.0 0.2100 0 0.3481 0
T 106965 101.0 0.2102 0 0.3868 0
T 106972 101.0 0.2102 0 0.3868 0
T 106980 101.0 0.2102 0 0.3868 0
T 106988 101.0 0.2102 0 0.4255 0
T 106995 101.0 0.2102 0 0.4255 0
T 107002 101.0 0.2102 0 0.4255 0
T 107010 101.0 0.2099 0 0.4625 0
T 107018 101.0 0.2099 0 0.4625 0
T 107025 101.0 0.2099 0 0.4625 0
T 107032 101.0 0.2096 0 0.4996 0
T 107040 101.0 0.2096 0 0.4996 0
T 107048 101.0 0.2096 0 0.4996 0
T 107055 101.0 0.2091 0 0.5383 0
T 107062 101.0 0.2091 0 0.5383 0
T 107070 101.0 0.2091 0 0.5383 0
T 107078 101.0 0.2089 0 0.5770 0
T 107085 101.0 0.2089 0 0.5770 0
T 107092 101.0 0.2089 0 0.5770 0
T 107100 101.0 0.2088 0 0.6140 0
T 107108 101.0 0.2088 0 0.6140 0
T 107115 101.0 0.2088 0 0.6140 0
T 107122 101.0 0.2091 0 0.6511 0
T 107130 101.0 0.2091 0 0.6511 0
T 107138 101.0 0.2091 0 0.6511 0
T 107145 101.0 0.2092 0 0.6898 0
T 107152 101.0 0.2092 0 0.6898 0
T 107160 101.0 0.2092 0 0.6898 0
T 107168 101.0 0.2096 0 0.7285 0
T 107175 101.0 0.2096 0 0.7285 0
T 107182 101.0 0.2096 0 0.7285 0
T 107190 101.0 0.2102 0 0.7655 0
T 107198 101.0 0.2102 0 0.7655 0
T 107205 101.0 0.2102 0 0.7655 0
T 107212 101.0 0.2107 0 0.8026 0
T 107220 101.0 0.2107 0 0.8026 0
T 107228 101.0 0.2107 0 0.8026 0
T 107235 101.0 0.2114 0 0.8413 0
T 107242 101.0 0.2114 0 0.8413 0
T 107250 101.0 0.2114 0 0.8413 0
T 107258 101.0 0.2114 0 0.8800 0
T 107265 101.0 0.2114 0 0.8800 0
T 107272 101.0 0.2114 0 0.8800 0
T 107280 101.0 0.2111 0 0.9170 0
T 107288 101.0 0.2111 0 0.9170 0
T 107295 101.0 0.2111 0 0.9170 0
T 107302 101.0 0.2116 0 0.9541 0
T 107310 101.0 0.2116 0 0.9541 0
T 107318 101.0 0.2116 0 0.9541 0
T 107325 101.0 0.2122 0 0.9928 0
T 107332 101.0 0.2122 0 0.9928 0
T 107340 101.0 0.2122 0 0.9928 0
T 107348 101.0 0.2129 0 0.0315 0
T 107355 101.0 0.2129 0 0.0315 0
T 107362 101.0 0.2129 0 0.0315 0
T 107370 101.0 0.2133 0 0.0685 0
T 107378 101.0 0.2133 0 0.0685 0
T 107385 101.0 0.2133 0 0.0685 0
T 107392 101.0 0.2139 0 0.1056 0
T 107400 101.0 0.2139 0 0.1056 0
T 107408 101.0 0.2139 0 0.1056 0
T 107415 101.0 0.2141 0 0.1443 0
T 107422 101.0 0.2141 0 0.1443 0
T 107430 101.0 0.2141 0 0.1443 0
T 107438 101.0 0.2144 0 0.1830 0
T 107445 101.0 0.2144 0 0.1830 0
T 107452 101.0 0.2144 0 0.1830 0
T 107460 101.0 0.2155 0 0.2200 0
T 107468 101.0 0.2155 0 0.2200 0
T 107475 101.0 0.2155 0 0.2200 0
T 107482 101.0 0.2162 0 0.2571 0
T 107490 101.0 0.2162 0 0.2571 0
T 107498 101.0 0.2162 0 0.2571 0
T 107505 101.0 0.2157 0 0.2958 0
T 107512 101.0 0.2157 0 0.2958 0
T 107520 101.0 0.2157 0 0.2958 0
T 107528 101.0 0.2155 0 0.3345 0
T 107535 101.0 0.2155 0 0.3345 0
T 107542 101.0 0.2155 0 0.3345 0
T 107550 101.0 0.2157 0 0.3715 0
T 107558 101.0 0.2157 0 0.3715 0
T 107565 101.0 0.2157 0 0.3715 0
T 107572 101.0 0.2166 0 0.4086 0
T 107580 101.0 0.2166 0 0.4086 0
T 107588 101.0 0.2166 0 0.4086 0
T 107595 101.0 0.2171 0 0.4473 0
T 107602 101.0 0.2171 0 0.4473 0
T 107610 101.0 0.2171 0 0.4473 0
T 107618 101.0 0.2175 0 0.4860 0
T 107625 101.0 0.2175 0 0.4860 0
T 107632 101.0 0.2175 0 0.4860 0
T 107640 101.0 0.2175 0 0.5230 0
T 107648 101.0 0.2175 0 0.5230 0
T 107655 101.0 0.2175 0 0.5230 0
T 107662 101.0 0.2168 0 0.5601 0
T 107670 101.0 0.2168 0 0.5601 0
T 107678 101.0 0.2168 0 0.5601 0
T 107685 101.0 0.2166 0 0.5988 0
T 107692 101.0 0.2166 0 0.5988 0
T 107700 101.0 0.2166 0 0.5988 0
T 107708 101.0 0.2170 0 0.6375 0
T 107715 101.0 0.2170 0 0.6375 0
T 107722 101.0 0.2170 0 0.6375 0
T 107730 101.0 0.2170 0 0.6745 0
T 107738 101.0 0.2170 0 0.6745 0
T 107745 101.0 0.2170 0 0.6745 0
T 107752 101.0 0.2173 0 0.7116 0
T 107760 101.0 0.2173 0 0.7116 0
T 107768 101.0 0.2173 0 0.7116 0
T 107775 101.0 0.2183 0 0.7503 0
T 107782 101.0 0.2183 0 0.7503 0
T 107790 101.0 0.2183 0 0.7503 0
T 107798 101.0 0.2217 0 0.7890 0
T 107805 101.0 0.2217 0 0.7890 0
T 107812 101.0 0.2217 0 0.7890 0
T 107820 101.0 0.2216 0 0.8260 0
T 107828 101.0 0.2216 0 0.8260 0
T 107835 101.0 0.2216 0 0.8260 0
T 107842 101.0 0.2216 0 0.8631 0
T 107850 101.0 0.2216 0 0.8631 0
T 107858 101.0 0.2216 0 0.8631 0
T 107865 101.0 0.2214 0 0.9018 0
T 107872 101.0 0.2214 0 0.9018 0
T 107880 101.0 0.2214 0 0.9018 0
T 107888 101.0 0.2212 0 0.9405 0
T 107895 101.0 0.2212 0 0.9405 0
T 107902 101.0 0.2212 0 0.9405 0
T 107910 101.0 0.2215 0 0.9775 0
T 107918 101.0 0.2215 0 0.9775 0
T 107925 101.0 0.2215 0 0.9775 0
T 107932 101.0 0.2216 0 0.0146 0
T 107940 101.0 0.2216 0 0.0146 0
T 107948 101.0 0.2216 0 0.0146 0
T 107955 101.0 0.2212 0 0.0533 0
T 107962 101.0 0.2212 0 0.0533 0
T 107970 101.0 0.2212 0 0.0533 0
T 107978 101.0 0.2202 0 0.0920 0
T 107985 101.0 0.2202 0 0.0920 0
T 107992 101.0 0.2202 0 0.0920 0
T 108000 101.0 0.2194 0 0.1290 0
T 108008 101.0 0.2194 0 0.1290 0
T 108015 101.0 0.2194 0 0.1290 0
T 108022 101.0 0.2188 0 0.1661 0
T 108030 101.0 0.2188 0 0.1661 0
T 108038 101.0 0.2188 0 0.1661 0
T 108045 101.0 0.2176 0 0.2048 0
T 108052 101.0 0.2176 0 0.2048 0
T 108060 101.0 0.2176 0 0.2048 0
T 108068 108.0 0.2458 0 0.2438 0
T 108075 108.0 0.2458 0 0.2438 0
T 108082 108.0 0.2458 0 0.2438 0
T 108090 108.0 0.2662 0 0.2819 0
T 108098 108.0 0.2662 0 0.2819 0
T 108105 108.0 0.2662 0 0.2819 0
T 108112 108.0 0.2846 0 0.3203 0
T 108120 108.0 0.2846 0 0.3203 0
T 108128 108.0 0.2846 0 0.3203 0
T 108135 108.0 0.2982 0 0.3605 0
T 108142 108.0 0.2982 0 0.3605 0
T 108150 108.0 0.2982 0 0.3605 0
T 108158 108.0 0.3103 0 0.4008 0
T 108165 108.0 0.3103 0 0.4008 0
T 108172 108.0 0.3103 0 0.4008 0
T 108180 108.0 0.3211 0 0.4394 0
T 108188 108.0 0.3211 0 0.4394 0
T 108195 108.0 0.3211 0 0.4394 0
T 108202 108.0 0.3301 0 0.4782 0
T 108210 108.0 0.3301 0 0.4782 0
T 108218 108.0 0.3301 0 0.4782 0
T 108225 108.0 0.3389 0 0.5188 0
T 108232 108.0 0.3389 0 0.5188 0
T 108240 108.0 0.3389 0 0.5188 0
T 108248 108.0 0.3471 0 0.5595 0
T 108255 108.0 0.3471 0 0.5595 0
T 108262 108.0 0.3471 0 0.5595 0
T 108270 108.0 0.3528 0 0.5985 0
T 108278 108.0 0.3528 0 0.5985 0
T 108285 108.0 0.3528 0 0.5985 0
T 108292 108.0 0.3573 0 0.6375 0
T 108300 108.0 0.3573 0 0.6375 0
T 108308 108.0 0.3573 0 0.6375 0
T 108315 108.0 0.3611 0 0.6784 0
T 108322 108.0 0.3611 0 0.6784 0
T 108330 108.0 0.3611 0 0.6784 0
T 108338 108.0 0.3619 0 0.7193 0
T 108345 108.0 0.3619 0 0.7193 0
T 108352 108.0 0.3619 0 0.7193 0
T 108360 108.0 0.3626 0 0.7585 0
T 108368 108.0 0.3626 0 0.7585 0
T 108375 108.0 0.3626 0 0.7585 0
T 108382 108.0 0.3599 0 0.7978 0
T 108390 108.0 0.3599 0 0.7978 0
T 108398 108.0 0.3599 0 0.7978 0
T 108405 108.0 0.3574 0 0.8388 0
T 108412 108.0 0.3574 0 0.8388 0
T 108420 108.0 0.3574 0 0.8388 0
T 108428 108.0 0.3545 0 0.8799 0
T 108435 108.0 0.3545 0 0.8799 0
T 108442 108.0 0.3545 0 0.8799 0
T 108450 108.0 0.3521 0 0.9193 0
T 108458 108.0 0.3521 0 0.9193 0
T 108465 108.0 0.3521 0 0.9193 0
T 108472 108.0 0.3502 0 0.9586 0
T 108480 108.0 0.3502 0 0.9586 0
T 108488 108.0 0.3502 0 0.9586 0
T 108495 108.0 0.3487 0 0.9998 0
T 108502 108.0 0.3487 0 0.9998 0
T 108510 108.0 0.3487 0 0.9998 0
T 108518 108.0 0.3445 0 0.0410 0
T 108525 108.0 0.3445 0 0.0410 0
T 108532 108.0 0.3445 0 0.0410 0
T 108540 108.0 0.3410 0 0.0804 0
T 108548 108.0 0.3410 0 0.0804 0
T 108555 108.0 0.3410 0 0.0804 0
T 108562 108.0 0.3368 0 0.1199 0
T 108570 108.0 0.3368 0 0.1199 0
T 108578 108.0 0.3368 0 0.1199 0
T 108585 108.0 0.3296 0 0.1611 0
T 108592 108.0 0.3296 0 0.1611 0
T 108600 108.0 0.3296 0 0.1611 0
T 108608 108.0 0.3233 0 0.2024 0
T 108615 108.0 0.3233 0 0.2024 0
T 108622 108.0 0.3233 0 0.2024 0
T 108630 108.0 0.3168 0 0.2419 0
T 108638 108.0 0.3168 0 0.2419 0
T 108645 108.0 0.3168 0 0.2419 0
T 108652 108.0 0.3112 0 0.2814 0
T 108660 108.0 0.3112 0 0.2814 0
T 108668 108.0 0.3112 0 0.2814 0
T 108675 108.0 0.3051 0 0.3227 0
T 108682 108.0 0.3051 0 0.3227 0
T 108690 108.0 0.3051 0 0.3227 0
T 108698 108.0 0.3013 0 0.3640 0
T 108705 108.0 0.3013 0 0.3640 0
T 108712 108.0 0.3013 0 0.3640 0
T 108720 108.0 0.2995 0 0.4035 0
T 108728 108.0 0.2995 0 0.4035 0
T 108735 108.0 0.2995 0 0.4035 0
T 108742 108.0 0.2978 0 0.4430 0
T 108750 108.0 0.2978 0 0.4430 0
T 108758 108.0 0.2978 0 0.4430 0
T 108765 108.0 0.2951 0 0.4844 0
T 108772 108.0 0.2951 0 0.4844 0
T 108780 108.0 0.2951 0 0.4844 0
T 108788 108.0 0.2939 0 0.5257 0
T 108795 108.0 0.2939 0 0.5257 0
T 108802 108.0 0.2939 0 0.5257 0
T 108810 108.0 0.2936 0 0.5653 0
T 108818 108.0 0.2936 0 0.5653 0
T 108825 108.0 0.2936 0 0.5653 0
T 108832 108.0 0.2943 0 0.6048 0
T 108840 108.0 0.2943 0 0.6048 0
T 108848 108.0 0.2943 0 0.6048 0
T 108855 108.0 0.2964 0 0.6462 0
T 108862 108.0 0.2964 0 0.6462 0
T 108870 108.0 0.2964 0 0.6462 0
T 108878 108.0 0.2982 0 0.6876 0
T 108885 108.0 0.2982 0 0.6876 0
T 108892 108.0 0.2982 0 0.6876 0
T 108900 108.0 0.2991 0 0.7271 0
T 108908 108.0 0.2991 0 0.7271 0
T 108915 108.0 0.2991 0 0.7271 0
T 108922 108.0 0.2986 0 0.7667 0
T 108930 108.0 0.2986 0 0.7667 0
T 108938 108.0 0.2986 0 0.7667 0
T 108945 108.0 0.2998 0 0.8081 0
T 108952 108.0 0.2998 0 0.8081 0
T 108960 108.0 0.2998 0 0.8081 0
T 108968 108.0 0.3011 0 0.8494 0
T 108975 108.0 0.3011 0 0.8494 0
T 108982 108.0 0.3011 0 0.8494 0
T 108990 108.0 0.3021 0 0.8890 0
T 108998 108.0 0.3021 0 0.8890 0
T 109005 108.0 0.3021 0 0.8890 0
T 109012 108.0 0.3023 0 0.9286 0
T 109020 108.0 0.3023 0 0.9286 0
T 109028 108.0 0.3023 0 0.9286 0
T 109035 108.0 0.3017 0 0.9700 0
T 109042 108.0 0.3017 0 0.9700 0
T 109050 108.0 0.3017 0 0.9700 0
T 109058 108.0 0.3014 0 0.0114 0
T 109065 108.0 0.3014 0 0.0114 0
T 109072 108.0 0.3014 0 0.0114 0
T 109080 108.0 0.3003 0 0.0510 0
T 109088 108.0 0.3003 0 0.0510 0
T 109095 108.0 0.3003 0 0.0510 0
T 109102 108.0 0.2987 0 0.0905 0
T 109110 108.0 0.2987 0 0.0905 0
T 109118 108.0 0.2987 0 0.0905 0
T 109125 108.0 0.2981 0 0.1319 0
T 109132 108.0 0.2981 0 0.1319 0
T 109140 108.0 0.2981 0 0.1319 0
T 109148 108.0 0.2971 0 0.1733 0
T 109155 108.0 0.2971 0 0.1733 0
T 109162 108.0 0.2971 0 0.1733 0
T 109170 108.0 0.2970 0 0.2129 0
T 109178 108.0 0.2970 0 0.2129 0
T 109185 108.0 0.2970 0 0.2129 0
T 109192 108.0 0.2964 0 0.2525 0
T 109200 108.0 0.2964 0 0.2525 0
T 109208 108.0 0.2964 0 0.2525 0
T 109215 108.0 0.2939 0 0.2939 0
T 109222 108.0 0.2939 0 0.2939 0
T 109230 108.0 0.2939 0 0.2939 0
T 109238 108.0 0.2918 0 0.3353 0
T 109245 108.0 0.2918 0 0.3353 0
T 109252 108.0 0.2918 0 0.3353 0
T 109260 108.0 0.2918 0 0.3749 0
T 109268 108.0 0.2918 0 0.3749 0
T 109275 108.0 0.2918 0 0.3749 0
T 109282 108.0 0.2934 0 0.4145 0
T 109290 108.0 0.2934 0 0.4145 0
T 109298 108.0 0.2934 0 0.4145 0
T 109305 108.0 0.2941 0 0.4559 0
T 109312 108.0 0.2941 0 0.4559 0
T 109320 108.0 0.2941 0 0.4559 0
T 109328 108.0 0.2931 0 0.4973 0
T 109335 108.0 0.2931 0 0.4973 0
T 109342 108.0 0.2931 0 0.4973 0
T 109350 108.0 0.2922 0 0.5369 0
T 109358 108.0 0.2922 0 0.5369 0
T 109365 108.0 0.2922 0 0.5369 0
T 109372 108.0 0.2918 0 0.5765 0
T 109380 108.0 0.2918 0 0.5765 0
T 109388 108.0 0.2918 0 0.5765 0
T 109395 108.0 0.2942 0 0.6179 0
T 109402 108.0 0.2942 0 0.6179 0
T 109410 108.0 0.2942 0 0.6179 0
T 109418 108.0 0.2966 0 0.6593 0
T 109425 108.0 0.2966 0 0.6593 0
T 109432 108.0 0.2966 0 0.6593 0
T 109440 108.0 0.2973 0 0.6989 0
T 109448 108.0 0.2973 0 0.6989 0
T 109455 108.0 0.2973 0 0.6989 0
T 109462 108.0 0.2974 0 0.7384 0
T 109470 108.0 0.2974 0 0.7384 0
T 109478 108.0 0.2974 0 0.7384 0
T 109485 108.0 0.2993 0 0.7798 0
T 109492 108.0 0.2993 0 0.7798 0
T 109500 108.0 0.2993 0 0.7798 0
T 109508 108.0 0.3030 0 0.8212 0
T 109515 108.0 0.3030 0 0.8212 0
T 109522 108.0 0.3030 0 0.8212 0
T 109530 108.0 0.3071 0 0.8608 0
T 109538 108.0 0.3071 0 0.8608 0
T 109545 108.0 0.3071 0 0.8608 0
T 109552 108.0 0.3105 0 0.9004 0
T 109560 108.0 0.3105 0 0.9004 0
T 109568 108.0 0.3105 0 0.9004 0
T 109575 108.0 0.3133 0 0.9418 0
T 109582 108.0 0.3133 0 0.9418 0
T 109590 108.0 0.3133 0 0.9418 0
T 109598 108.0 0.3175 0 0.9832 0
T 109605 108.0 0.3175 0 0.9832 0
T 109612 108.0 0.3175 0 0.9832 0
T 109620 108.0 0.3228 0 0.0228 0
T 109628 108.0 0.3228 0 0.0228 0
T 109635 108.0 0.3228 0 0.0228 0
T 109642 108.0 0.3254 0 0.0624 0
T 109650 108.0 0.3254 0 0.0624 0
T 109658 108.0 0.3254 0 0.0624 0
T 109665 108.0 0.3264 0 0.1038 0
T 109672 108.0 0.3264 0 0.1038 0
T 109680 108.0 0.3264 0 0.1038 0
T 109688 108.0 0.3271 0 0.1452 0
T 109695 108.0 0.3271 0 0.1452 0
T 109702 108.0 0.3271 0 0.1452 0
T 109710 108.0 0.3277 0 0.1848 0
T 109718 108.0 0.3277 0 0.1848 0
T 109725 108.0 0.3277 0 0.1848 0
T 109732 108.0 0.3276 0 0.2244 0
T 109740 108.0 0.3276 0 0.2244 0
T 109748 108.0 0.3276 0 0.2244 0
T 109755 108.0 0.3275 0 0.2658 0
T 109762 108.0 0.3275 0 0.2658 0
T 109770 108.0 0.3275 0 0.2658 0
T 109778 108.0 0.3288 0 0.3072 0
T 109785 108.0 0.3288 0 0.3072 0
T 109792 108.0 0.3288 0 0.3072 0
T 109800 108.0 0.3291 0 0.3468 0
T 109808 108.0 0.3291 0 0.3468 0
T 109815 108.0 0.3291 0 0.3468 0
T 109822 108.0 0.3278 0 0.3864 0
T 109830 108.0 0.3278 0 0.3864 0
T 109838 108.0 0.3278 0 0.3864 0
T 109845 108.0 0.3279 0 0.4278 0
T 109852 108.0 0.3279 0 0.4278 0
T 109860 108.0 0.3279 0 0.4278 0
T 109868 108.0 0.3283 0 0.4692 0
T 109875 108.0 0.3283 0 0.4692 0
T 109882 108.0 0.3283 0 0.4692 0
T 109890 108.0 0.3283 0 0.5088 0
T 109898 108.0 0.3283 0 0.5088 0
T 109905 108.0 0.3283 0 0.5088 0
T 109912 108.0 0.3285 0 0.5484 0
T 109920 108.0 0.3285 0 0.5484 0
T 109928 108.0 0.3285 0 0.5484 0
T 109935 108.0 0.3298 0 0.5898 0
T 109942 108.0 0.3298 0 0.5898 0
T 109950 108.0 0.3298 0 0.5898 0
T 109958 108.0 0.3306 0 0.6312 0
T 109965 108.0 0.3306 0 0.6312 0
T 109972 108.0 0.3306 0 0.6312 0
T 109980 108.0 0.3313 0 0.6708 0
T 109988 108.0 0.3313 0 0.6708 0
T 109995 108.0 0.3313 0 0.6708 0
T 110002 108.0 0.3317 0 0.7104 0
T 110010 108.0 0.3317 0 0.7104 0
T 110018 108.0 0.3317 0 0.7104 0
T 110025 108.0 0.3320 0 0.7518 0
T 110032 108.0 0.3320 0 0.7518 0
T 110040 108.0 0.3320 0 0.7518 0
T 110048 108.0 0.3298 0 0.7932 0
T 110055 108.0 0.3298 0 0.7932 0
T 110062 108.0 0.3298 0 0.7932 0
T 110070 108.0 0.3285 0 0.8328 0
T 110078 108.0 0.3285 0 0.8328 0
T 110085 108.0 0.3285 0 0.8328 0
T 110092 108.0 0.3259 0 0.8724 0
T 110100 108.0 0.3259 0 0.8724 0
T 110108 108.0 0.3259 0 0.8724 0
T 110115 108.0 0.3228 0 0.9138 0
T 110122 108.0 0.3228 0 0.9138 0
T 110130 108.0 0.3228 0 0.9138 0
T 110138 108.0 0.3203 0 0.9552 0
T 110145 108.0 0.3203 0 0.9552 0
T 110152 108.0 0.3203 0 0.9552 0
T 110160 108.0 0.3180 0 0.9948 0
T 110168 108.0 0.3180 0 0.9948 0
T 110175 108.0 0.3180 0 0.9948 0
T 110182 108.0 0.3154 0 0.0344 0
T 110190 108.0 0.3154 0 0.0344 0
T 110198 108.0 0.3154 0 0.0344 0
T 110205 108.0 0.3130 0 0.0758 0
T 110212 108.0 0.3130 0 0.0758 0
T 110220 108.0 0.3130 0 0.0758 0
T 110228 108.0 0.3111 0 0.1172 0
T 110235 108.0 0.3111 0 0.1172 0
T 110242 108.0 0.3111 0 0.1172 0
T 110250 108.0 0.3082 0 0.1568 0
T 110258 108.0 0.3082 0 0.1568 0
T 110265 108.0 0.3082 0 0.1568 0
T 110272 108.0 0.3054 0 0.1964 0
T 110280 108.0 0.3054 0 0.1964 0
T 110288 108.0 0.3054 0 0.1964 0
T 110295 132.0 0.3485 0 0.2387 0
T 110302 132.0 0.3485 0 0.2387 0
T 110310 132.0 0.3485 0 0.2387 0
T 110318 132.0 0.3858 0 0.2875 0
T 110325 132.0 0.3858 0 0.2875 0
T 110332 132.0 0.3858 0 0.2875 0
T 110340 132.0 0.4157 0 0.3344 0
T 110348 132.0 0.4157 0 0.3344 0
T 110355 132.0 0.4157 0 0.3344 0
T 110362 132.0 0.4410 0 0.3813 0
T 110370 132.0 0.4410 0 0.3813 0
T 110378 132.0 0.4410 0 0.3813 0
T 110385 132.0 0.4640 0 0.4306 0
T 110392 132.0 0.4640 0 0.4306 0
T 110400 132.0 0.4640 0 0.4306 0
T 110408 132.0 0.4835 0 0.4800 0
T 110415 132.0 0.4835 0 0.4800 0
T 110422 132.0 0.4835 0 0.4800 0
T 110430 132.0 0.5004 0 0.5274 0
T 110438 132.0 0.5004 0 0.5274 0
T 110445 132.0 0.5004 0 0.5274 0
T 110452 132.0 0.5140 0 0.5749 0
T 110460 132.0 0.5140 0 0.5749 0
T 110468 132.0 0.5140 0 0.5749 0
T 110475 132.0 0.5267 0 0.6246 0
T 110482 132.0 0.5267 0 0.6246 0
T 110490 132.0 0.5267 0 0.6246 0
T 110498 132.0 0.5375 0 0.6744 0
T 110505 132.0 0.5375 0 0.6744 0
T 110512 132.0 0.5375 0 0.6744 0
T 110520 132.0 0.5475 0 0.7221 0
T 110528 132.0 0.5475 0 0.7221 0
T 110535 132.0 0.5475 0 0.7221 0
T 110542 132.0 0.5563 0 0.7699 0
T 110550 132.0 0.5563 0 0.7699 0
T 110558 132.0 0.5563 0 0.7699 0
T 110565 132.0 0.5649 0 0.8200 0
T 110572 132.0 0.5649 0 0.8200 0
T 110580 132.0 0.5649 0 0.8200 0
T 110588 132.0 0.5723 0 0.8700 0
T 110595 132.0 0.5723 0 0.8700 0
T 110602 132.0 0.5723 0 0.8700 0
T 110610 132.0 0.5781 0 0.9180 0
T 110618 132.0 0.5781 0 0.9180 0
T 110625 132.0 0.5781 0 0.9180 0
T 110632 132.0 0.5833 0 0.9660 0
T 110640 132.0 0.5833 0 0.9660 0
T 110648 132.0 0.5833 0 0.9660 0
T 110655 132.0 0.5876 0 0.0162 0
T 110662 132.0 0.5876 0 0.0162 0
T 110670 132.0 0.5876 0 0.0162 0
T 110678 132.0 0.5914 0 0.0665 0
T 110685 132.0 0.5914 0 0.0665 0
T 110692 132.0 0.5914 0 0.0665 0
T 110700 132.0 0.5950 0 0.1146 0
T 110708 132.0 0.5950 0 0.1146 0
T 110715 132.0 0.5950 0 0.1146 0
T 110722 132.0 0.5976 0 0.1627 0
T 110730 132.0 0.5976 0 0.1627 0
T 110738 132.0 0.5976 0 0.1627 0
T 110745 132.0 0.6001 1 0.2131 0
T 110752 132.0 0.6001 1 0.2131 0
T 110760 132.0 0.6001 1 0.2131 0
T 110768 132.0 0.6021 1 0.2635 0
T 110775 132.0 0.6021 1 0.2635 0
T 110782 132.0 0.6021 1 0.2635 0
T 110790 132.0 0.6039 1 0.3117 0
T 110798 132.0 0.6039 1 0.3117 0
T 110805 132.0 0.6039 1 0.3117 0
T 110812 132.0 0.6056 1 0.3599 0
T 110820 132.0 0.6056 1 0.3599 0
T 110828 132.0 0.6056 1 0.3599 0
T 110835 132.0 0.6076 1 0.3204 0
T 110842 132.0 0.6076 1 0.3204 0
T 110850 132.0 0.6076 1 0.3204 0
T 110858 132.0 0.6089 1 0.3708 0
T 110865 132.0 0.6089 1 0.3708 0
T 110872 132.0 0.6089 1 0.3708 0
T 110880 132.0 0.6099 1 0.4190 0
T 110888 132.0 0.6099 1 0.4190 0
T 110895 132.0 0.6099 1 0.4190 0
T 110902 132.0 0.6110 1 0.4673 0
T 110910 132.0 0.6110 1 0.4673 0
T 110918 132.0 0.6110 1 0.4673 0
T 110925 132.0 0.6110 1 0.5178 0
T 110932 132.0 0.6110 1 0.5178 0
T 110940 132.0 0.6110 1 0.5178 0
T 110948 132.0 0.6104 1 0.5683 0
T 110955 132.0 0.6104 1 0.5683 0
T 110962 132.0 0.6104 1 0.5683 0
T 110970 132.0 0.6099 1 0.6166 0
T 110978 132.0 0.6099 1 0.6166 0
T 110985 132.0 0.6099 1 0.6166 0
T 110992 132.0 0.6106 1 0.6649 0
T 111000 132.0 0.6106 1 0.6649 0
T 111008 132.0 0.6106 1 0.6649 0
T 111015 132.0 0.6110 1 0.7154 0
T 111022 132.0 0.6110 1 0.7154 0
T 111030 132.0 0.6110 1 0.7154 0
T 111038 132.0 0.6106 1 0.7659 0
T 111045 132.0 0.6106 1 0.7659 0
T 111052 132.0 0.6106 1 0.7659 0
T 111060 132.0 0.6097 1 0.8142 0
T 111068 132.0 0.6097 1 0.8142 0
T 111075 132.0 0.6097 1 0.8142 0
T 111082 132.0 0.6087 1 0.8626 0
T 111090 132.0 0.6087 1 0.8626 0
T 111098 132.0 0.6087 1 0.8626 0
T 111105 132.0 0.6076 1 0.9131 0
T 111112 132.0 0.6076 1 0.9131 0
T 111120 132.0 0.6076 1 0.9131 0
T 111128 132.0 0.6063 1 0.9637 0
T 111135 132.0 0.6063 1 0.9637 0
T 111142 132.0 0.6063 1 0.9637 0
T 111150 132.0 0.6060 1 0.0120 1
T 111158 132.0 0.6060 1 0.0120 0
T 111165 132.0 0.6060 1 0.0120 0
T 111172 132.0 0.6052 1 0.0604 0
T 111180 132.0 0.6052 1 0.0604 0
T 111188 132.0 0.6052 1 0.0604 0
T 111195 132.0 0.6028 1 0.1110 0
T 111202 132.0 0.6028 1 0.1110 0
T 111210 132.0 0.6028 1 0.1110 0
T 111218 132.0 0.6006 1 0.1338 0
T 111225 132.0 0.6006 1 0.1338 0
T 111232 132.0 0.6006 1 0.1338 0
T 111240 132.0 0.5985 1 0.1821 0
T 111248 132.0 0.5985 1 0.1821 0
T 111255 132.0 0.5985 1 0.1821 0
T 111262 132.0 0.5982 1 0.1850 0
T 111270 132.0 0.5982 1 0.1850 0
T 111278 132.0 0.5982 1 0.1850 0
T 111285 132.0 0.5975 1 0.2355 0
T 111292 132.0 0.5975 1 0.2355 0
T 111300 132.0 0.5975 1 0.2355 0
T 111308 132.0 0.5959 1 0.2861 0
T 111315 132.0 0.5959 1 0.2861 0
T 111322 132.0 0.5959 1 0.2861 0
T 111330 132.0 0.5941 1 0.3344 0
T 111338 132.0 0.5941 1 0.3344 0
T 111345 132.0 0.5941 1 0.3344 0
T 111352 132.0 0.5926 1 0.3828 0
T 111360 132.0 0.5926 1 0.3828 0
T 111368 132.0 0.5926 1 0.3828 0
T 111375 132.0 0.5922 1 0.4334 0
T 111382 132.0 0.5922 1 0.4334 0
T 111390 132.0 0.5922 1 0.4334 0
T 111398 132.0 0.5918 1 0.4839 0
T 111405 132.0 0.5918 1 0.4839 0
T 111412 132.0 0.5918 1 0.4839 0
T 111420 132.0 0.5906 1 0.5323 0
T 111428 132.0 0.5906 1 0.5323 0
T 111435 132.0 0.5906 1 0.5323 0
T 111442 132.0 0.5895 1 0.5807 0
T 111450 132.0 0.5895 1 0.5807 0
T 111458 132.0 0.5895 1 0.5807 0
T 111465 132.0 0.5887 1 0.7313 0
T 111472 132.0 0.5887 1 0.7313 0
T 111480 132.0 0.5887 1 0.7313 0
T 111488 132.0 0.5883 1 0.7819 0
T 111495 132.0 0.5883 1 0.7819 0
T 111502 132.0 0.5883 1 0.7819 0
T 111510 132.0 0.5870 1 0.8303 0
T 111518 132.0 0.5870 1 0.8303 0
T 111525 132.0 0.5870 1 0.8303 0
T 111532 132.0 0.5858 1 0.8787 0
T 111540 132.0 0.5858 1 0.8787 0
T 111548 132.0 0.5858 1 0.8787 0
T 111555 132.0 0.5848 1 0.9293 0
T 111562 132.0 0.5848 1 0.9293 0
T 111570 132.0 0.5848 1 0.9293 0
T 111578 132.0 0.5840 1 0.9800 0
T 111585 132.0 0.5840 1 0.9800 0
T 111592 132.0 0.5840 1 0.9800 0
T 111600 132.0 0.5814 1 0.0284 1
T 111608 132.0 0.5814 1 0.0284 0
T 111615 132.0 0.5814 1 0.0284 0
T 111622 132.0 0.5788 1 0.0768 0
T 111630 132.0 0.5788 1 0.0768 0
T 111638 132.0 0.5788 1 0.0768 0
T 111645 132.0 0.5768 1 0.1274 0
T 111652 132.0 0.5768 1 0.1274 0
T 111660 132.0 0.5768 1 0.1274 0
T 111668 132.0 0.5759 1 0.1780 0
T 111675 132.0 0.5759 1 0.1780 0
T 111682 132.0 0.5759 1 0.1780 0
T 111690 132.0 0.5754 1 0.2264 0
T 111698 132.0 0.5754 1 0.2264 0
T 111705 132.0 0.5754 1 0.2264 0
T 111712 132.0 0.5740 1 0.2182 0
T 111720 132.0 0.5740 1 0.2182 0
T 111728 132.0 0.5740 1 0.2182 0
T 111735 132.0 0.5732 1 0.2688 0
T 111742 132.0 0.5732 1 0.2688 0
T 111750 132.0 0.5732 1 0.2688 0
T 111758 132.0 0.5726 1 0.3194 0
T 111765 132.0 0.5726 1 0.3194 0
T 111772 132.0 0.5726 1 0.3194 0
T 111780 132.0 0.5729 1 0.2879 0
T 111788 132.0 0.5729 1 0.2879 0
T 111795 132.0 0.5729 1 0.2879 0
T 111802 132.0 0.5734 1 0.3363 0
T 111810 132.0 0.5734 1 0.3363 0
T 111818 132.0 0.5734 1 0.3363 0
T 111825 132.0 0.5726 1 0.3868 0
T 111832 132.0 0.5726 1 0.3868 0
T 111840 132.0 0.5726 1 0.3868 0
T 111848 132.0 0.5716 1 0.4374 0
T 111855 132.0 0.5716 1 0.4374 0
T 111862 132.0 0.5716 1 0.4374 0
T 111870 132.0 0.5716 1 0.4858 0
T 111878 132.0 0.5716 1 0.4858 0
T 111885 132.0 0.5716 1 0.4858 0
T 111892 132.0 0.5716 1 0.5342 0
T 111900 132.0 0.5716 1 0.5342 0
T 111908 132.0 0.5716 1 0.5342 0
T 111915 132.0 0.5714 1 0.5847 0
T 111922 132.0 0.5714 1 0.5847 0
T 111930 132.0 0.5714 1 0.5847 0
T 111938 132.0 0.5705 1 0.6353 0
T 111945 132.0 0.5705 1 0.6353 0
T 111952 132.0 0.5705 1 0.6353 0
T 111960 132.0 0.5703 1 0.6837 0
T 111968 132.0 0.5703 1 0.6837 0
T 111975 132.0 0.5703 1 0.6837 0
T 111982 132.0 0.5707 1 0.8112 0
T 111990 132.0 0.5707 1 0.8112 0
T 111998 132.0 0.5707 1 0.8112 0
T 112005 132.0 0.5712 1 0.8618 0
T 112012 132.0 0.5712 1 0.8618 0
T 112020 132.0 0.5712 1 0.8618 0
T 112028 132.0 0.5715 1 0.9124 0
T 112035 132.0 0.5715 1 0.9124 0
T 112042 132.0 0.5715 1 0.9124 0
T 112050 132.0 0.5717 1 0.9608 0
T 112058 132.0 0.5717 1 0.9608 0
T 112065 132.0 0.5717 1 0.9608 0
T 112072 132.0 0.5722 1 0.0092 1
T 112080 132.0 0.5722 1 0.0092 0
T 112088 132.0 0.5722 1 0.0092 0
T 112095 132.0 0.5742 1 0.0598 0
T 112102 132.0 0.5742 1 0.0598 0
T 112110 132.0 0.5742 1 0.0598 0
T 112118 132.0 0.5740 1 0.1104 0
T 112125 132.0 0.5740 1 0.1104 0
T 112132 132.0 0.5740 1 0.1104 0
T 112140 132.0 0.5741 1 0.1312 0
T 112148 132.0 0.5741 1 0.1312 0
T 112155 132.0 0.5741 1 0.1312 0
T 112162 132.0 0.5747 1 0.1796 0
T 112170 132.0 0.5747 1 0.1796 0
T 112178 132.0 0.5747 1 0.1796 0
T 112185 132.0 0.5752 1 0.2302 0
T 112192 132.0 0.5752 1 0.2302 0
T 112200 132.0 0.5752 1 0.2302 0
T 112208 132.0 0.5751 1 0.2808 0
T 112215 132.0 0.5751 1 0.2808 0
T 112222 132.0 0.5751 1 0.2808 0
T 112230 132.0 0.5758 1 0.3292 0
T 112238 132.0 0.5758 1 0.3292 0
T 112245 132.0 0.5758 1 0.3292 0
T 112252 132.0 0.5762 1 0.3776 0
T 112260 132.0 0.5762 1 0.3776 0
T 112268 132.0 0.5762 1 0.3776 0
T 112275 132.0 0.5779 1 0.3338 0
T 112282 132.0 0.5779 1 0.3338 0
T 112290 132.0 0.5779 1 0.3338 0
T 112298 132.0 0.5801 1 0.3844 0
T 112305 132.0 0.5801 1 0.3844 0
T 112312 132.0 0.5801 1 0.3844 0
T 112320 132.0 0.5820 1 0.3366 0
T 112328 132.0 0.5820 1 0.3366 0
T 112335 132.0 0.5820 1 0.3366 0
T 112342 132.0 0.5837 1 0.3850 0
T 112350 132.0 0.5837 1 0.3850 0
T 112358 132.0 0.5837 1 0.3850 0
T 112365 132.0 0.5858 1 0.4355 0
T 112372 132.0 0.5858 1 0.4355 0
T 112380 132.0 0.5858 1 0.4355 0
T 112388 132.0 0.5877 1 0.4861 0
T 112395 132.0 0.5877 1 0.4861 0
T 112402 132.0 0.5877 1 0.4861 0
T 112410 132.0 0.5889 1 0.5344 0
T 112418 132.0 0.5889 1 0.5344 0
T 112425 132.0 0.5889 1 0.5344 0
T 112432 132.0 0.5904 1 0.5828 0
T 112440 132.0 0.5904 1 0.5828 0
T 112448 132.0 0.5904 1 0.5828 0
T 112455 132.0 0.5922 1 0.6333 0
T 112462 132.0 0.5922 1 0.6333 0
T 112470 132.0 0.5922 1 0.6333 0
T 112478 132.0 0.5947 1 0.7756 0
T 112485 132.0 0.5947 1 0.7756 0
T 112492 132.0 0.5947 1 0.7756 0
T 112500 132.0 0.5970 1 0.8240 0
T 112508 132.0 0.5970 1 0.8240 0
T 112515 132.0 0.5970 1 0.8240 0
T 112522 132.0 0.5993 1 0.8724 0
T 112530 132.0 0.5993 1 0.8724 0
T 112538 132.0 0.5993 1 0.8724 0
T 112545 132.0 0.6006 1 0.9549 0
T 112552 132.0 0.6006 1 0.9549 0
T 112560 132.0 0.6006 1 0.9549 0
T 112568 132.0 0.6008 1 0.0055 1
T 112575 132.0 0.6008 1 0.0055 0
T 112582 132.0 0.6008 1 0.0055 0
T 112590 132.0 0.6020 1 0.0539 0
T 112598 132.0 0.6020 1 0.0539 0
T 112605 132.0 0.6020 1 0.0539 0
T 112612 132.0 0.6041 1 0.1023 0
T 112620 132.0 0.6041 1 0.1023 0
T 112628 132.0 0.6041 1 0.1023 0
T 112635 132.0 0.6055 1 0.1529 0
T 112642 132.0 0.6055 1 0.1529 0
T 112650 132.0 0.6055 1 0.1529 0
T 112658 132.0 0.6070 1 0.2035 0
T 112665 132.0 0.6070 1 0.2035 0
T 112672 132.0 0.6070 1 0.2035 0
T 112680 132.0 0.6080 1 0.2520 0
T 112688 132.0 0.6080 1 0.2520 0
T 112695 132.0 0.6080 1 0.2520 0
T 112702 132.0 0.6088 1 0.3004 0
T 112710 132.0 0.6088 1 0.3004 0
T 112718 132.0 0.6088 1 0.3004 0
T 112725 132.0 0.6094 1 0.3510 0
T 112732 132.0 0.6094 1 0.3510 0
T 112740 132.0 0.6094 1 0.3510 0
T 112748 132.0 0.6100 1 0.4016 0
T 112755 132.0 0.6100 1 0.4016 0
T 112762 132.0 0.6100 1 0.4016 0
T 112770 132.0 0.6103 1 0.4500 0
T 112778 132.0 0.6103 1 0.4500 0
T 112785 132.0 0.6103 1 0.4500 0
T 112792 132.0 0.6106 1 0.4984 0
T 112800 132.0 0.6106 1 0.4984 0
T 112808 132.0 0.6106 1 0.4984 0
T 112815 132.0 0.6106 1 0.5490 0
T 112822 132.0 0.6106 1 0.5490 0
T 112830 132.0 0.6106 1 0.5490 0
T 112838 132.0 0.6106 1 0.5996 0
T 112845 132.0 0.6106 1 0.5996 0
T 112852 132.0 0.6106 1 0.5996 0
T 112860 132.0 0.6117 1 0.6480 0
T 112868 132.0 0.6117 1 0.6480 0
T 112875 132.0 0.6117 1 0.6480 0
T 112882 132.0 0.6126 1 0.6964 0
T 112890 132.0 0.6126 1 0.6964 0
T 112898 132.0 0.6126 1 0.6964 0
T 112905 132.0 0.6121 1 0.7470 0
T 112912 132.0 0.6121 1 0.7470 0
T 112920 132.0 0.6121 1 0.7470 0
T 112928 132.0 0.6117 1 0.7976 0
T 112935 132.0 0.6117 1 0.7976 0
T 112942 132.0 0.6117 1 0.7976 0
T 112950 132.0 0.6130 1 0.8460 0
T 112958 132.0 0.6130 1 0.8460 0
T 112965 132.0 0.6130 1 0.8460 0
T 112972 132.0 0.6125 1 0.8944 0
T 112980 132.0 0.6125 1 0.8944 0
T 112988 132.0 0.6125 1 0.8944 0
T 112995 132.0 0.6125 1 0.9450 0
T 113002 132.0 0.6125 1 0.9450 0
T 113010 132.0 0.6125 1 0.9450 0
T 113018 132.0 0.6126 1 0.9956 0
T 113025 132.0 0.6126 1 0.9956 0
T 113032 132.0 0.6126 1 0.9956 0
T 113040 132.0 0.6136 1 0.0451 1
T 113048 132.0 0.6136 1 0.0451 0
T 113055 132.0 0.6136 1 0.0451 0
T 113062 132.0 0.6144 1 0.0935 0
T 113070 132.0 0.6144 1 0.0935 0
T 113078 132.0 0.6144 1 0.0935 0
T 113085 132.0 0.6172 1 0.1441 0
T 113092 132.0 0.6172 1 0.1441 0
T 113100 132.0 0.6172 1 0.1441 0
T 113108 132.0 0.6199 1 0.1947 0
T 113115 132.0 0.6199 1 0.1947 0
T 113122 132.0 0.6199 1 0.1947 0
T 113130 132.0 0.6221 1 0.2431 0
T 113138 132.0 0.6221 1 0.2431 0
T 113145 132.0 0.6221 1 0.2431 0
T 113152 132.0 0.6228 1 0.2915 0
T 113160 132.0 0.6228 1 0.2915 0
T 113168 132.0 0.6228 1 0.2915 0
T 113175 132.0 0.6225 1 0.2692 0
T 113182 132.0 0.6225 1 0.2692 0
T 113190 132.0 0.6225 1 0.2692 0
T 113198 132.0 0.6221 1 0.3198 0
T 113205 132.0 0.6221 1 0.3198 0
T 113212 132.0 0.6221 1 0.3198 0
T 113220 132.0 0.6214 1 0.3682 0
T 113228 132.0 0.6214 1 0.3682 0
T 113235 132.0 0.6214 1 0.3682 0
T 113242 132.0 0.6211 1 0.4166 0
T 113250 132.0 0.6211 1 0.4166 0
T 113258 132.0 0.6211 1 0.4166 0
T 113265 132.0 0.6231 1 0.4671 0
T 113272 132.0 0.6231 1 0.4671 0
T 113280 132.0 0.6231 1 0.4671 0
T 113288 132.0 0.6252 1 0.5177 0
T 113295 132.0 0.6252 1 0.5177 0
T 113302 132.0 0.6252 1 0.5177 0
T 113310 132.0 0.6260 1 0.5661 0
T 113318 132.0 0.6260 1 0.5661 0
T 113325 132.0 0.6260 1 0.5661 0
T 113332 132.0 0.6267 1 0.6145 0
T 113340 132.0 0.6267 1 0.6145 0
T 113348 132.0 0.6267 1 0.6145 0
T 113355 132.0 0.6280 1 0.6651 0
T 113362 132.0 0.6280 1 0.6651 0
T 113370 132.0 0.6280 1 0.6651 0
T 113378 132.0 0.6275 1 0.7157 0
T 113385 132.0 0.6275 1 0.7157 0
T 113392 132.0 0.6275 1 0.7157 0
T 113400 132.0 0.6279 1 0.7641 0
T 113408 132.0 0.6279 1 0.7641 0
T 113415 132.0 0.6279 1 0.7641 0
T 113422 132.0 0.6303 1 0.8125 0
T 113430 132.0 0.6303 1 0.8125 0
T 113438 132.0 0.6303 1 0.8125 0
T 113445 132.0 0.6315 1 0.8631 0
T 113452 132.0 0.6315 1 0.8631 0
T 113460 132.0 0.6315 1 0.8631 0
T 113468 132.0 0.6300 1 0.9136 0
T 113475 132.0 0.6300 1 0.9136 0
T 113482 132.0 0.6300 1 0.9136 0
T 113490 132.0 0.6255 1 0.9620 0
T 113498 132.0 0.6255 1 0.9620 0
T 113505 132.0 0.6255 1 0.9620 0
T 113512 132.0 0.6216 1 0.0104 1
T 113520 132.0 0.6216 1 0.0104 0
T 113528 132.0 0.6216 1 0.0104 0
T 113535 132.0 0.6195 1 0.0610 0
T 113542 132.0 0.6195 1 0.0610 0
T 113550 132.0 0.6195 1 0.0610 0
T 113558 109.0 0.6020 1 0.1107 0
T 113565 109.0 0.6020 1 0.1107 0
T 113572 109.0 0.6020 1 0.1107 0
T 113580 109.0 0.5855 1 0.1522 0
T 113588 109.0 0.5855 1 0.1522 0
T 113595 109.0 0.5855 1 0.1522 0
T 113602 109.0 0.5704 1 0.1934 0
T 113610 109.0 0.5704 1 0.1934 0
T 113618 109.0 0.5704 1 0.1934 0
T 113625 109.0 0.5567 1 0.2364 0
T 113632 109.0 0.5567 1 0.2364 0
T 113640 109.0 0.5567 1 0.2364 0
T 113648 109.0 0.5453 1 0.2793 0
T 113655 109.0 0.5453 1 0.2793 0
T 113662 109.0 0.5453 1 0.2793 0
T 113670 109.0 0.5364 1 0.2504 0
T 113678 109.0 0.5364 1 0.2504 0
T 113685 109.0 0.5364 1 0.2504 0
T 113692 109.0 0.5319 1 0.2912 0
T 113700 109.0 0.5319 1 0.2912 0
T 113708 109.0 0.5319 1 0.2912 0
T 113715 109.0 0.5289 1 0.2609 0
T 113722 109.0 0.5289 1 0.2609 0
T 113730 109.0 0.5289 1 0.2609 0
T 113738 109.0 0.5277 1 0.3034 0
T 113745 109.0 0.5277 1 0.3034 0
T 113752 109.0 0.5277 1 0.3034 0
T 113760 109.0 0.5271 1 0.3440 0
T 113768 109.0 0.5271 1 0.3440 0
T 113775 109.0 0.5271 1 0.3440 0
T 113782 109.0 0.5268 1 0.3845 0
T 113790 109.0 0.5268 1 0.3845 0
T 113798 109.0 0.5268 1 0.3845 0
T 113805 109.0 0.5253 1 0.3306 0
T 113812 109.0 0.5253 1 0.3306 0
T 113820 109.0 0.5253 1 0.3306 0
T 113828 109.0 0.5246 1 0.3728 0
T 113835 109.0 0.5246 1 0.3728 0
T 113842 109.0 0.5246 1 0.3728 0
T 113850 109.0 0.5252 1 0.4131 0
T 113858 109.0 0.5252 1 0.4131 0
T 113865 109.0 0.5252 1 0.4131 0
T 113872 109.0 0.5247 1 0.3534 0
T 113880 109.0 0.5247 1 0.3534 0
T 113888 109.0 0.5247 1 0.3534 0
T 113895 109.0 0.5236 1 0.3955 0
T 113902 109.0 0.5236 1 0.3955 0
T 113910 109.0 0.5236 1 0.3955 0
T 113918 109.0 0.5238 1 0.4375 0
T 113925 109.0 0.5238 1 0.4375 0
T 113932 109.0 0.5238 1 0.4375 0
T 113940 109.0 0.5238 1 0.4777 0
T 113948 109.0 0.5238 1 0.4777 0
T 113955 109.0 0.5238 1 0.4777 0
T 113962 109.0 0.5240 1 0.5179 0
T 113970 109.0 0.5240 1 0.5179 0
T 113978 109.0 0.5240 1 0.5179 0
T 113985 109.0 0.5248 1 0.5598 0
T 113992 109.0 0.5248 1 0.5598 0
T 114000 109.0 0.5248 1 0.5598 0
T 114008 109.0 0.5254 1 0.6018 0
T 114015 109.0 0.5254 1 0.6018 0
T 114022 109.0 0.5254 1 0.6018 0
T 114030 109.0 0.5259 1 0.6419 0
T 114038 109.0 0.5259 1 0.6419 0
T 114045 109.0 0.5259 1 0.6419 0
T 114052 109.0 0.5258 1 0.6820 0
T 114060 109.0 0.5258 1 0.6820 0
T 114068 109.0 0.5258 1 0.6820 0
T 114075 109.0 0.5254 1 0.7239 0
T 114082 109.0 0.5254 1 0.7239 0
T 114090 109.0 0.5254 1 0.7239 0
T 114098 109.0 0.5247 1 0.7658 0
T 114105 109.0 0.5247 1 0.7658 0
T 114112 109.0 0.5247 1 0.7658 0
T 114120 109.0 0.5244 1 0.8058 0
T 114128 109.0 0.5244 1 0.8058 0
T 114135 109.0 0.5244 1 0.8058 0
T 114142 109.0 0.5264 1 0.8459 0
T 114150 109.0 0.5264 1 0.8459 0
T 114158 109.0 0.5264 1 0.8459 0
T 114165 109.0 0.5271 1 0.8877 0
T 114172 109.0 0.5271 1 0.8877 0
T 114180 109.0 0.5271 1 0.8877 0
T 114188 109.0 0.5257 1 0.9296 0
T 114195 109.0 0.5257 1 0.9296 0
T 114202 109.0 0.5257 1 0.9296 0
T 114210 109.0 0.5246 1 0.9696 0
T 114218 109.0 0.5246 1 0.9696 0
T 114225 109.0 0.5246 1 0.9696 0
T 114232 109.0 0.5225 1 0.0096 1
T 114240 109.0 0.5225 1 0.0096 0
T 114248 109.0 0.5225 1 0.0096 0
T 114255 109.0 0.5201 1 0.0515 0
T 114262 109.0 0.5201 1 0.0515 0
T 114270 109.0 0.5201 1 0.0515 0
T 114278 109.0 0.5185 1 0.0933 0
T 114285 109.0 0.5185 1 0.0933 0
T 114292 109.0 0.5185 1 0.0933 0
T 114300 109.0 0.5164 1 0.1333 0
T 114308 109.0 0.5164 1 0.1333 0
T 114315 109.0 0.5164 1 0.1333 0
T 114322 109.0 0.5116 1 0.1733 0
T 114330 109.0 0.5116 1 0.1733 0
T 114338 109.0 0.5116 1 0.1733 0
T 114345 109.0 0.5089 1 0.2151 0
T 114352 109.0 0.5089 1 0.2151 0
T 114360 109.0 0.5089 1 0.2151 0
T 114368 109.0 0.5055 1 0.2569 0
T 114375 109.0 0.5055 1 0.2569 0
T 114382 109.0 0.5055 1 0.2569 0
T 114390 109.0 0.5033 1 0.2969 0
T 114398 109.0 0.5033 1 0.2969 0
T 114405 109.0 0.5033 1 0.2969 0
T 114412 109.0 0.5010 1 0.3369 0
T 114420 109.0 0.5010 1 0.3369 0
T 114428 109.0 0.5010 1 0.3369 0
T 114435 109.0 0.4987 1 0.2945 0
T 114442 109.0 0.4987 1 0.2945 0
T 114450 109.0 0.4987 1 0.2945 0
T 114458 109.0 0.4970 1 0.3363 0
T 114465 109.0 0.4970 1 0.3363 0
T 114472 109.0 0.4970 1 0.3363 0
T 114480 109.0 0.4947 1 0.2922 0
T 114488 109.0 0.4947 1 0.2922 0
T 114495 109.0 0.4947 1 0.2922 0
T 114502 109.0 0.4935 1 0.3321 0
T 114510 109.0 0.4935 1 0.3321 0
T 114518 109.0 0.4935 1 0.3321 0
T 114525 109.0 0.4920 1 0.2908 0
T 114532 109.0 0.4920 1 0.2908 0
T 114540 109.0 0.4920 1 0.2908 0
T 114548 109.0 0.4910 1 0.3326 0
T 114555 109.0 0.4910 1 0.3326 0
T 114562 109.0 0.4910 1 0.3326 0
T 114570 109.0 0.4890 1 0.2893 0
T 114578 109.0 0.4890 1 0.2893 0
T 114585 109.0 0.4890 1 0.2893 0
T 114592 109.0 0.4885 1 0.3293 0
T 114600 109.0 0.4885 1 0.3293 0
T 114608 109.0 0.4885 1 0.3293 0
T 114615 109.0 0.4871 1 0.3710 0
T 114622 109.0 0.4871 1 0.3710 0
T 114630 109.0 0.4871 1 0.3710 0
T 114638 109.0 0.4858 1 0.4127 0
T 114645 109.0 0.4858 1 0.4127 0
T 114652 109.0 0.4858 1 0.4127 0
T 114660 109.0 0.4854 1 0.4526 0
T 114668 109.0 0.4854 1 0.4526 0
T 114675 109.0 0.4854 1 0.4526 0
T 114682 109.0 0.4857 1 0.4926 0
T 114690 109.0 0.4857 1 0.4926 0
T 114698 109.0 0.4857 1 0.4926 0
T 114705 109.0 0.4865 1 0.5343 0
T 114712 109.0 0.4865 1 0.5343 0
T 114720 109.0 0.4865 1 0.5343 0
T 114728 109.0 0.4873 1 0.5760 0
T 114735 109.0 0.4873 1 0.5760 0
T 114742 109.0 0.4873 1 0.5760 0
T 114750 109.0 0.4874 1 0.6160 0
T 114758 109.0 0.4874 1 0.6160 0
T 114765 109.0 0.4874 1 0.6160 0
T 114772 109.0 0.4874 1 0.6559 0
T 114780 109.0 0.4874 1 0.6559 0
T 114788 109.0 0.4874 1 0.6559 0
T 114795 109.0 0.4877 1 0.6977 0
T 114802 109.0 0.4877 1 0.6977 0
T 114810 109.0 0.4877 1 0.6977 0
T 114818 109.0 0.4891 1 0.7394 0
T 114825 109.0 0.4891 1 0.7394 0
T 114832 109.0 0.4891 1 0.7394 0
T 114840 109.0 0.4904 1 0.7794 0
T 114848 109.0 0.4904 1 0.7794 0
T 114855 109.0 0.4904 1 0.7794 0
T 114862 109.0 0.4916 1 0.8193 0
T 114870 109.0 0.4916 1 0.8193 0
T 114878 109.0 0.4916 1 0.8193 0
T 114885 109.0 0.4929 1 0.8611 0
T 114892 109.0 0.4929 1 0.8611 0
T 114900 109.0 0.4929 1 0.8611 0
T 114908 109.0 0.4946 1 0.9029 0
T 114915 109.0 0.4946 1 0.9029 0
T 114922 109.0 0.4946 1 0.9029 0
T 114930 109.0 0.4938 1 0.9428 0
T 114938 109.0 0.4938 1 0.9428 0
T 114945 109.0 0.4938 1 0.9428 0
T 114952 109.0 0.4910 1 0.9828 0
T 114960 109.0 0.4910 1 0.9828 0
T 114968 109.0 0.4910 1 0.9828 0
T 114975 109.0 0.4888 1 0.0246 1
T 114982 109.0 0.4888 1 0.0246 0
T 114990 109.0 0.4888 1 0.0246 0
T 114998 109.0 0.4861 1 0.0663 0
T 115005 109.0 0.4861 1 0.0663 0
T 115012 109.0 0.4861 1 0.0663 0
T 115020 109.0 0.4825 1 0.1063 0
T 115028 109.0 0.4825 1 0.1063 0
T 115035 109.0 0.4825 1 0.1063 0
T 115042 109.0 0.4774 1 0.1462 0
T 115050 109.0 0.4774 1 0.1462 0
T 115058 109.0 0.4774 1 0.1462 0
T 115065 109.0 0.4722 1 0.1880 0
T 115072 109.0 0.4722 1 0.1880 0
T 115080 109.0 0.4722 1 0.1880 0
T 115088 109.0 0.4656 1 0.2298 0
T 115095 109.0 0.4656 1 0.2298 0
T 115102 109.0 0.4656 1 0.2298 0
T 115110 109.0 0.4595 1 0.2698 0
T 115118 109.0 0.4595 1 0.2698 0
T 115125 109.0 0.4595 1 0.2698 0
T 115132 109.0 0.4542 1 0.3097 0
T 115140 109.0 0.4542 1 0.3097 0
T 115148 109.0 0.4542 1 0.3097 0
T 115155 109.0 0.4494 1 0.3515 0
T 115162 109.0 0.4494 1 0.3515 0
T 115170 109.0 0.4494 1 0.3515 0
T 115178 109.0 0.4470 1 0.3054 0
T 115185 109.0 0.4470 1 0.3054 0
T 115192 109.0 0.4470 1 0.3054 0
T 115200 109.0 0.4473 1 0.3453 0
T 115208 109.0 0.4473 1 0.3453 0
T 115215 109.0 0.4473 1 0.3453 0
T 115222 109.0 0.4469 1 0.3853 0
T 115230 109.0 0.4469 1 0.3853 0
T 115238 109.0 0.4469 1 0.3853 0
T 115245 109.0 0.4464 1 0.4270 0
T 115252 109.0 0.4464 1 0.4270 0
T 115260 109.0 0.4464 1 0.4270 0
T 115268 109.0 0.4459 1 0.3688 0
T 115275 109.0 0.4459 1 0.3688 0
T 115282 109.0 0.4459 1 0.3688 0
T 115290 109.0 0.4452 1 0.4087 0
T 115298 109.0 0.4452 1 0.4087 0
T 115305 109.0 0.4452 1 0.4087 0
T 115312 109.0 0.4444 1 0.4486 0
T 115320 109.0 0.4444 1 0.4486 0
T 115328 109.0 0.4444 1 0.4486 0
T 115335 109.0 0.4432 1 0.4904 0
T 115342 109.0 0.4432 1 0.4904 0
T 115350 109.0 0.4432 1 0.4904 0
T 115358 109.0 0.4420 1 0.5321 0
T 115365 109.0 0.4420 1 0.5321 0
T 115372 109.0 0.4420 1 0.5321 0
T 115380 109.0 0.4408 1 0.5721 0
T 115388 109.0 0.4408 1 0.5721 0
T 115395 109.0 0.4408 1 0.5721 0
T 115402 109.0 0.4397 1 0.6120 0
T 115410 109.0 0.4397 1 0.6120 0
T 115418 109.0 0.4397 1 0.6120 0
T 115425 109.0 0.4383 1 0.6538 0
T 115432 109.0 0.4383 1 0.6538 0
T 115440 109.0 0.4383 1 0.6538 0
T 115448 109.0 0.4369 1 0.6955 0
T 115455 109.0 0.4369 1 0.6955 0
T 115462 109.0 0.4369 1 0.6955 0
T 115470 109.0 0.4354 1 0.7355 0
T 115478 109.0 0.4354 1 0.7355 0
T 115485 109.0 0.4354 1 0.7355 0
T 115492 109.0 0.4333 1 0.7754 0
T 115500 109.0 0.4333 1 0.7754 0
T 115508 109.0 0.4333 1 0.7754 0
T 115515 109.0 0.4308 1 0.8172 0
T 115522 109.0 0.4308 1 0.8172 0
T 115530 109.0 0.4308 1 0.8172 0
T 115538 109.0 0.4289 1 0.8589 0
T 115545 109.0 0.4289 1 0.8589 0
T 115552 109.0 0.4289 1 0.8589 0
T 115560 109.0 0.4275 1 0.8989 0
T 115568 109.0 0.4275 1 0.8989 0
T 115575 109.0 0.4275 1 0.8989 0
T 115582 109.0 0.4246 1 0.9388 0
T 115590 109.0 0.4246 1 0.9388 0
T 115598 109.0 0.4246 1 0.9388 0
T 115605 109.0 0.4226 1 0.9806 0
T 115612 109.0 0.4226 1 0.9806 0
T 115620 109.0 0.4226 1 0.9806 0
T 115628 109.0 0.4218 1 0.0224 1
T 115635 109.0 0.4218 1 0.0224 0
T 115642 109.0 0.4218 1 0.0224 0
T 115650 109.0 0.4221 1 0.0568 0
T 115658 109.0 0.4221 1 0.0568 0
T 115665 109.0 0.4221 1 0.0568 0
T 115672 109.0 0.4230 1 0.0967 0
T 115680 109.0 0.4230 1 0.0967 0
T 115688 109.0 0.4230 1 0.0967 0
T 115695 109.0 0.4230 1 0.1385 0
T 115702 109.0 0.4230 1 0.1385 0
T 115710 109.0 0.4230 1 0.1385 0
T 115718 109.0 0.4221 1 0.1803 0
T 115725 109.0 0.4221 1 0.1803 0
T 115732 109.0 0.4221 1 0.1803 0
T 115740 109.0 0.4209 1 0.2202 0
T 115748 109.0 0.4209 1 0.2202 0
T 115755 109.0 0.4209 1 0.2202 0
T 115762 109.0 0.4194 0 0.2602 0
T 115770 109.0 0.4194 0 0.2602 0
T 115778 109.0 0.4194 0 0.2602 0
T 115785 109.0 0.4164 0 0.3020 0
T 115792 109.0 0.4164 0 0.3020 0
T 115800 109.0 0.4164 0 0.3020 0
T 115808 109.0 0.4132 0 0.3437 0
T 115815 109.0 0.4132 0 0.3437 0
T 115822 109.0 0.4132 0 0.3437 0
T 115830 109.0 0.4108 0 0.3837 0
T 115838 109.0 0.4108 0 0.3837 0
T 115845 109.0 0.4108 0 0.3837 0
T 115852 109.0 0.4088 0 0.4237 0
T 115860 109.0 0.4088 0 0.4237 0
T 115868 109.0 0.4088 0 0.4237 0
T 115875 109.0 0.4075 0 0.4654 0
T 115882 109.0 0.4075 0 0.4654 0
T 115890 109.0 0.4075 0 0.4654 0
T 115898 109.0 0.4063 0 0.5072 0
T 115905 109.0 0.4063 0 0.5072 0
T 115912 109.0 0.4063 0 0.5072 0
T 115920 109.0 0.4055 0 0.5472 0
T 115928 109.0 0.4055 0 0.5472 0
T 115935 109.0 0.4055 0 0.5472 0
T 115942 109.0 0.4051 0 0.5871 0
T 115950 109.0 0.4051 0 0.5871 0
T 115958 109.0 0.4051 0 0.5871 0
T 115965 109.0 0.4047 0 0.6289 0
T 115972 109.0 0.4047 0 0.6289 0
T 115980 109.0 0.4047 0 0.6289 0
T 115988 109.0 0.4038 0 0.6707 0
T 115995 109.0 0.4038 0 0.6707 0
T 116002 109.0 0.4038 0 0.6707 0
T 116010 109.0 0.4028 0 0.7107 0
T 116018 109.0 0.4028 0 0.7107 0
T 116025 109.0 0.4028 0 0.7107 0
T 116032 109.0 0.4020 0 0.7506 0
T 116040 109.0 0.4020 0 0.7506 0
T 116048 109.0 0.4020 0 0.7506 0
T 116055 109.0 0.4010 0 0.7924 0
T 116062 109.0 0.4010 0 0.7924 0
T 116070 109.0 0.4010 0 0.7924 0
T 116078 109.0 0.3987 0 0.8342 0
T 116085 109.0 0.3987 0 0.8342 0
T 116092 109.0 0.3987 0 0.8342 0
T 116100 109.0 0.3965 0 0.8742 0
T 116108 109.0 0.3965 0 0.8742 0
T 116115 109.0 0.3965 0 0.8742 0
T 116122 109.0 0.3944 0 0.9141 0
T 116130 109.0 0.3944 0 0.9141 0
T 116138 109.0 0.3944 0 0.9141 0
T 116145 109.0 0.3924 0 0.9559 0
T 116152 109.0 0.3924 0 0.9559 0
T 116160 109.0 0.3924 0 0.9559 0
T 116168 109.0 0.3894 0 0.9977 0
T 116175 109.0 0.3894 0 0.9977 0
T 116182 109.0 0.3894 0 0.9977 0
T 116190 109.0 0.3858 0 0.0377 1
T 116198 109.0 0.3858 0 0.0377 0
T 116205 109.0 0.3858 0 0.0377 0
T 116212 109.0 0.3826 0 0.0776 0
T 116220 109.0 0.3826 0 0.0776 0
T 116228 109.0 0.3826 0 0.0776 0
T 116235 109.0 0.3796 0 0.1194 0
T 116242 109.0 0.3796 0 0.1194 0
T 116250 109.0 0.3796 0 0.1194 0
T 116258 109.0 0.3772 0 0.1612 0
T 116265 109.0 0.3772 0 0.1612 0
T 116272 109.0 0.3772 0 0.1612 0
T 116280 109.0 0.3754 0 0.2012 0
T 116288 109.0 0.3754 0 0.2012 0
T 116295 109.0 0.3754 0 0.2012 0
T 116302 109.0 0.3738 0 0.2411 0
T 116310 109.0 0.3738 0 0.2411 0
T 116318 109.0 0.3738 0 0.2411 0
T 116325 109.0 0.3723 0 0.2829 0
T 116332 109.0 0.3723 0 0.2829 0
T 116340 109.0 0.3723 0 0.2829 0
T 116348 109.0 0.3708 0 0.3247 0
T 116355 109.0 0.3708 0 0.3247 0
T 116362 109.0 0.3708 0 0.3247 0
T 116370 109.0 0.3692 0 0.3647 0
T 116378 109.0 0.3692 0 0.3647 0
T 116385 109.0 0.3692 0 0.3647 0
T 116392 109.0 0.3680 0 0.4046 0
T 116400 109.0 0.3680 0 0.4046 0
T 116408 109.0 0.3680 0 0.4046 0
T 116415 109.0 0.3671 0 0.4464 0
T 116422 109.0 0.3671 0 0.4464 0
T 116430 109.0 0.3671 0 0.4464 0
T 116438 109.0 0.3663 0 0.4882 0
T 116445 109.0 0.3663 0 0.4882 0
T 116452 109.0 0.3663 0 0.4882 0
T 116460 109.0 0.3654 0 0.5282 0
T 116468 109.0 0.3654 0 0.5282 0
T 116475 109.0 0.3654 0 0.5282 0
T 116482 109.0 0.3649 0 0.5681 0
T 116490 109.0 0.3649 0 0.5681 0
T 116498 109.0 0.3649 0 0.5681 0
T 116505 109.0 0.3643 0 0.6099 0
T 116512 109.0 0.3643 0 0.6099 0
T 116520 109.0 0.3643 0 0.6099 0
T 116528 109.0 0.3631 0 0.6517 0
T 116535 109.0 0.3631 0 0.6517 0
T 116542 109.0 0.3631 0 0.6517 0
T 116550 109.0 0.3615 0 0.6917 0
T 116558 109.0 0.3615 0 0.6917 0
T 116565 109.0 0.3615 0 0.6917 0
T 116572 109.0 0.3606 0 0.7316 0
T 116580 109.0 0.3606 0 0.7316 0
T 116588 109.0 0.3606 0 0.7316 0
T 116595 109.0 0.3597 0 0.7734 0
T 116602 109.0 0.3597 0 0.7734 0
T 116610 109.0 0.3597 0 0.7734 0
T 116618 109.0 0.3587 0 0.8152 0
T 116625 109.0 0.3587 0 0.8152 0
T 116632 109.0 0.3587 0 0.8152 0
T 116640 109.0 0.3571 0 0.8552 0
T 116648 109.0 0.3571 0 0.8552 0
T 116655 109.0 0.3571 0 0.8552 0
T 116662 109.0 0.3558 0 0.8951 0
T 116670 109.0 0.3558 0 0.8951 0
T 116678 109.0 0.3558 0 0.8951 0
T 116685 109.0 0.3545 0 0.9369 0
T 116692 109.0 0.3545 0 0.9369 0
T 116700 109.0 0.3545 0 0.9369 0
T 116708 109.0 0.3534 0 0.9787 0
T 116715 109.0 0.3534 0 0.9787 0
T 116722 109.0 0.3534 0 0.9787 0
T 116730 109.0 0.3521 0 0.0187 1
T 116738 109.0 0.3521 0 0.0187 0
T 116745 109.0 0.3521 0 0.0187 0
T 116752 109.0 0.3509 0 0.0586 0
T 116760 109.0 0.3509 0 0.0586 0
T 116768 109.0 0.3509 0 0.0586 0
T 116775 109.0 0.3500 0 0.1004 0
T 116782 109.0 0.3500 0 0.1004 0
T 116790 109.0 0.3500 0 0.1004 0
T 116798 109.0 0.3492 0 0.1422 0
T 116805 109.0 0.3492 0 0.1422 0
T 116812 109.0 0.3492 0 0.1422 0
T 116820 109.0 0.3484 0 0.1822 0
T 116828 109.0 0.3484 0 0.1822 0
T 116835 109.0 0.3484 0 0.1822 0
T 116842 109.0 0.3474 0 0.2221 0
T 116850 109.0 0.3474 0 0.2221 0
T 116858 109.0 0.3474 0 0.2221 0
T 116865 109.0 0.3465 0 0.2639 0
T 116872 109.0 0.3465 0 0.2639 0
T 116880 109.0 0.3465 0 0.2639 0
T 116888 109.0 0.3455 0 0.3057 0
T 116895 109.0 0.3455 0 0.3057 0
T 116902 109.0 0.3455 0 0.3057 0
T 116910 109.0 0.3452 0 0.3457 0
T 116918 109.0 0.3452 0 0.3457 0
T 116925 109.0 0.3452 0 0.3457 0
T 116932 109.0 0.3450 0 0.3856 0
T 116940 109.0 0.3450 0 0.3856 0
T 116948 109.0 0.3450 0 0.3856 0
T 116955 109.0 0.3450 0 0.4274 0
T 116962 109.0 0.3450 0 0.4274 0
T 116970 109.0 0.3450 0 0.4274 0
T 116978 109.0 0.3447 0 0.4692 0
T 116985 109.0 0.3447 0 0.4692 0
T 116992 109.0 0.3447 0 0.4692 0
T 117000 109.0 0.3436 0 0.5092 0
T 117008 109.0 0.3436 0 0.5092 0
T 117015 109.0 0.3436 0 0.5092 0
T 117022 109.0 0.3431 0 0.5491 0
T 117030 109.0 0.3431 0 0.5491 0
T 117038 109.0 0.3431 0 0.5491 0
T 117045 109.0 0.3418 0 0.5909 0
T 117052 109.0 0.3418 0 0.5909 0
T 117060 109.0 0.3418 0 0.5909 0
T 117068 109.0 0.3402 0 0.6327 0
T 117075 109.0 0.3402 0 0.6327 0
T 117082 109.0 0.3402 0 0.6327 0
T 117090 109.0 0.3382 0 0.6727 0
T 117098 109.0 0.3382 0 0.6727 0
T 117105 109.0 0.3382 0 0.6727 0
T 117112 109.0 0.3367 0 0.7126 0
T 117120 109.0 0.3367 0 0.7126 0
T 117128 109.0 0.3367 0 0.7126 0
T 117135 109.0 0.3353 0 0.7544 0
T 117142 109.0 0.3353 0 0.7544 0
T 117150 109.0 0.3353 0 0.7544 0
T 117158 98.0 0.3425 0 0.7958 0
T 117165 98.0 0.3425 0 0.7958 0
T 117172 98.0 0.3425 0 0.7958 0
T 117180 98.0 0.3481 0 0.8330 0
T 117188 98.0 0.3481 0 0.8330 0
T 117195 98.0 0.3481 0 0.8330 0
T 117202 98.0 0.3534 0 0.8701 0
T 117210 98.0 0.3534 0 0.8701 0
T 117218 98.0 0.3534 0 0.8701 0
T 117225 98.0 0.3593 0 0.9087 0
T 117232 98.0 0.3593 0 0.9087 0
T 117240 98.0 0.3593 0 0.9087 0
T 117248 98.0 0.3649 0 0.9473 0
T 117255 98.0 0.3649 0 0.9473 0
T 117262 98.0 0.3649 0 0.9473 0
T 117270 98.0 0.3686 0 0.9841 0
T 117278 98.0 0.3686 0 0.9841 0
T 117285 98.0 0.3686 0 0.9841 0
T 117292 98.0 0.3714 0 0.0208 1
T 117300 98.0 0.3714 0 0.0208 0
T 117308 98.0 0.3714 0 0.0208 0
T 117315 98.0 0.3746 0 0.0591 0
T 117322 98.0 0.3746 0 0.0591 0
T 117330 98.0 0.3746 0 0.0591 0
T 117338 98.0 0.3776 0 0.0973 0
T 117345 98.0 0.3776 0 0.0973 0
T 117352 98.0 0.3776 0 0.0973 0
T 117360 98.0 0.3775 0 0.1338 0
T 117368 98.0 0.3775 0 0.1338 0
T 117375 98.0 0.3775 0 0.1338 0
T 117382 98.0 0.3749 0 0.1702 0
T 117390 98.0 0.3749 0 0.1702 0
T 117398 98.0 0.3749 0 0.1702 0
T 117405 98.0 0.3692 0 0.2082 0
T 117412 98.0 0.3692 0 0.2082 0
T 117420 98.0 0.3692 0 0.2082 0
T 117428 98.0 0.3599 0 0.2462 0
T 117435 98.0 0.3599 0 0.2462 0
T 117442 98.0 0.3599 0 0.2462 0
T 117450 98.0 0.3479 0 0.2825 0
T 117458 98.0 0.3479 0 0.2825 0
T 117465 98.0 0.3479 0 0.2825 0
T 117472 98.0 0.3323 0 0.3188 0
T 117480 98.0 0.3323 0 0.3188 0
T 117488 98.0 0.3323 0 0.3188 0
T 117495 98.0 0.3147 0 0.3567 0
T 117502 98.0 0.3147 0 0.3567 0
T 117510 98.0 0.3147 0 0.3567 0
T 117518 98.0 0.2909 0 0.3945 0
T 117525 98.0 0.2909 0 0.3945 0
T 117532 98.0 0.2909 0 0.3945 0
T 117540 98.0 0.2678 0 0.4307 0
T 117548 98.0 0.2678 0 0.4307 0
T 117555 98.0 0.2678 0 0.4307 0
T 117562 98.0 0.2480 0 0.4668 0
T 117570 98.0 0.2480 0 0.4668 0
T 117578 98.0 0.2480 0 0.4668 0
T 117585 98.0 0.2313 0 0.5046 0
T 117592 98.0 0.2313 0 0.5046 0
T 117600 98.0 0.2313 0 0.5046 0
T 117608 133.0 0.2731 0 0.5437 0
T 117615 133.0 0.2731 0 0.5437 0
T 117622 133.0 0.2731 0 0.5437 0
T 117630 133.0 0.3065 0 0.5907 0
T 117638 133.0 0.3065 0 0.5907 0
T 117645 133.0 0.3065 0 0.5907 0
T 117652 133.0 0.3346 0 0.6379 0
T 117660 133.0 0.3346 0 0.6379 0
T 117668 133.0 0.3346 0 0.6379 0
T 117675 133.0 0.3603 0 0.6874 0
T 117682 133.0 0.3603 0 0.6874 0
T 117690 133.0 0.3603 0 0.6874 0
T 117698 133.0 0.3826 0 0.7370 0
T 117705 133.0 0.3826 0 0.7370 0
T 117712 133.0 0.3826 0 0.7370 0
T 117720 133.0 0.3999 0 0.7847 0
T 117728 133.0 0.3999 0 0.7847 0
T 117735 133.0 0.3999 0 0.7847 0
T 117742 133.0 0.4136 0 0.8324 0
T 117750 133.0 0.4136 0 0.8324 0
T 117758 133.0 0.4136 0 0.8324 0
T 117765 133.0 0.4236 0 0.8824 0
T 117772 133.0 0.4236 0 0.8824 0
T 117780 133.0 0.4236 0 0.8824 0
T 117788 133.0 0.4316 0 0.9325 0
T 117795 133.0 0.4316 0 0.9325 0
T 117802 133.0 0.4316 0 0.9325 0
T 117810 133.0 0.4374 0 0.9805 0
T 117818 133.0 0.4374 0 0.9805 0
T 117825 133.0 0.4374 0 0.9805 0
T 117832 133.0 0.4412 0 0.0286 1
T 117840 133.0 0.4412 0 0.0286 0
T 117848 133.0 0.4412 0 0.0286 0
T 117855 133.0 0.4442 0 0.0789 0
T 117862 133.0 0.4442 0 0.0789 0
T 117870 133.0 0.4442 0 0.0789 0
T 117878 133.0 0.4464 0 0.1293 0
T 117885 133.0 0.4464 0 0.1293 0
T 117892 133.0 0.4464 0 0.1293 0
T 117900 133.0 0.4481 0 0.1776 0
T 117908 133.0 0.4481 0 0.1776 0
T 117915 133.0 0.4481 0 0.1776 0
T 117922 133.0 0.4471 0 0.2259 0
T 117930 133.0 0.4471 0 0.2259 0
T 117938 133.0 0.4471 0 0.2259 0
T 117945 133.0 0.4460 0 0.2765 0
T 117952 133.0 0.4460 0 0.2765 0
T 117960 133.0 0.4460 0 0.2765 0
T 117968 133.0 0.4453 0 0.3271 0
T 117975 133.0 0.4453 0 0.3271 0
T 117982 133.0 0.4453 0 0.3271 0
T 117990 133.0 0.4447 0 0.3755 0
T 117998 133.0 0.4447 0 0.3755 0
T 118005 133.0 0.4447 0 0.3755 0
T 118012 133.0 0.4436 0 0.4240 0
T 118020 133.0 0.4436 0 0.4240 0
T 118028 133.0 0.4436 0 0.4240 0
T 118035 133.0 0.4423 0 0.4747 0
T 118042 133.0 0.4423 0 0.4747 0
T 118050 133.0 0.4423 0 0.4747 0
T 118058 133.0 0.4418 0 0.5255 0
T 118065 133.0 0.4418 0 0.5255 0
T 118072 133.0 0.4418 0 0.5255 0
T 118080 133.0 0.4406 0 0.5740 0
T 118088 133.0 0.4406 0 0.5740 0
T 118095 133.0 0.4406 0 0.5740 0
T 118102 133.0 0.4392 0 0.6226 0
T 118110 133.0 0.4392 0 0.6226 0
T 118118 133.0 0.4392 0 0.6226 0
T 118125 133.0 0.4380 0 0.6734 0
T 118132 133.0 0.4380 0 0.6734 0
T 118140 133.0 0.4380 0 0.6734 0
T 118148 133.0 0.4369 0 0.7242 0
T 118155 133.0 0.4369 0 0.7242 0
T 118162 133.0 0.4369 0 0.7242 0
T 118170 133.0 0.4356 0 0.7728 0
T 118178 133.0 0.4356 0 0.7728 0
T 118185 133.0 0.4356 0 0.7728 0
T 118192 133.0 0.4336 0 0.8215 0
T 118200 133.0 0.4336 0 0.8215 0
T 118208 133.0 0.4336 0 0.8215 0
T 118215 133.0 0.4320 0 0.8723 0
T 118222 133.0 0.4320 0 0.8723 0
T 118230 133.0 0.4320 0 0.8723 0
T 118238 133.0 0.4296 0 0.9232 0
T 118245 133.0 0.4296 0 0.9232 0
T 118252 133.0 0.4296 0 0.9232 0
T 118260 133.0 0.4283 0 0.9719 0
T 118268 133.0 0.4283 0 0.9719 0
T 118275 133.0 0.4283 0 0.9719 0
T 118282 133.0 0.4270 0 0.0206 1
T 118290 133.0 0.4270 0 0.0206 0
T 118298 133.0 0.4270 0 0.0206 0
T 118305 133.0 0.4260 0 0.0715 0
T 118312 133.0 0.4260 0 0.0715 0
T 118320 133.0 0.4260 0 0.0715 0
T 118328 133.0 0.4243 0 0.1224 0
T 118335 133.0 0.4243 0 0.1224 0
T 118342 133.0 0.4243 0 0.1224 0
T 118350 133.0 0.4232 0 0.1711 0
T 118358 133.0 0.4232 0 0.1711 0
T 118365 133.0 0.4232 0 0.1711 0
T 118372 133.0 0.4223 0 0.2198 0
T 118380 133.0 0.4223 0 0.2198 0
T 118388 133.0 0.4223 0 0.2198 0
T 118395 133.0 0.4215 0 0.2708 0
T 118402 133.0 0.4215 0 0.2708 0
T 118410 133.0 0.4215 0 0.2708 0
T 118418 133.0 0.4210 0 0.3217 0
T 118425 133.0 0.4210 0 0.3217 0
T 118432 133.0 0.4210 0 0.3217 0
T 118440 133.0 0.4210 0 0.3704 0
T 118448 133.0 0.4210 0 0.3704 0
T 118455 133.0 0.4210 0 0.3704 0
T 118462 133.0 0.4215 0 0.4191 0
T 118470 133.0 0.4215 0 0.4191 0
T 118478 133.0 0.4215 0 0.4191 0
T 118485 133.0 0.4226 0 0.4701 0
T 118492 133.0 0.4226 0 0.4701 0
T 118500 133.0 0.4226 0 0.4701 0
T 118508 133.0 0.4232 0 0.5211 0
T 118515 133.0 0.4232 0 0.5211 0
T 118522 133.0 0.4232 0 0.5211 0
T 118530 133.0 0.4236 0 0.5698 0
T 118538 133.0 0.4236 0 0.5698 0
T 118545 133.0 0.4236 0 0.5698 0
T 118552 133.0 0.4244 0 0.6185 0
T 118560 133.0 0.4244 0 0.6185 0
T 118568 133.0 0.4244 0 0.6185 0
T 118575 133.0 0.4252 0 0.6695 0
T 118582 133.0 0.4252 0 0.6695 0
T 118590 133.0 0.4252 0 0.6695 0
T 118598 133.0 0.4261 0 0.7205 0
T 118605 133.0 0.4261 0 0.7205 0
T 118612 133.0 0.4261 0 0.7205 0
T 118620 133.0 0.4271 0 0.7692 0
T 118628 133.0 0.4271 0 0.7692 0
T 118635 133.0 0.4271 0 0.7692 0
T 118642 133.0 0.4280 0 0.8180 0
T 118650 133.0 0.4280 0 0.8180 0
T 118658 133.0 0.4280 0 0.8180 0
T 118665 133.0 0.4281 0 0.8689 0
T 118672 133.0 0.4281 0 0.8689 0
T 118680 133.0 0.4281 0 0.8689 0
T 118688 133.0 0.4279 0 0.9199 0
T 118695 133.0 0.4279 0 0.9199 0
T 118702 133.0 0.4279 0 0.9199 0
T 118710 133.0 0.4265 0 0.9687 0
T 118718 133.0 0.4265 0 0.9687 0
T 118725 133.0 0.4265 0 0.9687 0
T 118732 133.0 0.4247 0 0.0174 1
T 118740 133.0 0.4247 0 0.0174 0
T 118748 133.0 0.4247 0 0.0174 0
T 118755 133.0 0.4226 0 0.0684 0
T 118762 133.0 0.4226 0 0.0684 0
T 118770 133.0 0.4226 0 0.0684 0
T 118778 133.0 0.4211 0 0.1194 0
T 118785 133.0 0.4211 0 0.1194 0
T 118792 133.0 0.4211 0 0.1194 0
T 118800 133.0 0.4198 0 0.1681 0
T 118808 133.0 0.4198 0 0.1681 0
T 118815 133.0 0.4198 0 0.1681 0
T 118822 133.0 0.4191 0 0.2169 0
T 118830 133.0 0.4191 0 0.2169 0
T 118838 133.0 0.4191 0 0.2169 0
T 118845 133.0 0.4184 0 0.2679 0
T 118852 133.0 0.4184 0 0.2679 0
T 118860 133.0 0.4184 0 0.2679 0
T 118868 133.0 0.4152 0 0.3188 0
T 118875 133.0 0.4152 0 0.3188 0
T 118882 133.0 0.4152 0 0.3188 0
T 118890 133.0 0.4114 0 0.3676 0
T 118898 133.0 0.4114 0 0.3676 0
T 118905 133.0 0.4114 0 0.3676 0
T 118912 133.0 0.4085 0 0.4164 0
T 118920 133.0 0.4085 0 0.4164 0
T 118928 133.0 0.4085 0 0.4164 0
T 118935 133.0 0.4058 0 0.4673 0
T 118942 133.0 0.4058 0 0.4673 0
T 118950 133.0 0.4058 0 0.4673 0
T 118958 109.0 0.3930 0 0.5174 0
T 118965 109.0 0.3930 0 0.5174 0
T 118972 109.0 0.3930 0 0.5174 0
T 118980 109.0 0.3819 0 0.5588 0
T 118988 109.0 0.3819 0 0.5588 0
T 118995 109.0 0.3819 0 0.5588 0
T 119002 109.0 0.3728 0 0.6001 0
T 119010 109.0 0.3728 0 0.6001 0
T 119018 109.0 0.3728 0 0.6001 0
T 119025 109.0 0.3646 0 0.6431 0
T 119032 109.0 0.3646 0 0.6431 0
T 119040 109.0 0.3646 0 0.6431 0
T 119048 109.0 0.3583 0 0.6859 0
T 119055 109.0 0.3583 0 0.6859 0
T 119062 109.0 0.3583 0 0.6859 0
T 119070 109.0 0.3530 0 0.7269 0
T 119078 109.0 0.3530 0 0.7269 0
T 119085 109.0 0.3530 0 0.7269 0
T 119092 109.0 0.3484 0 0.7677 0
T 119100 109.0 0.3484 0 0.7677 0
T 119108 109.0 0.3484 0 0.7677 0
T 119115 109.0 0.3445 0 0.8103 0
T 119122 109.0 0.3445 0 0.8103 0
T 119130 109.0 0.3445 0 0.8103 0
T 119138 109.0 0.3413 0 0.8528 0
T 119145 109.0 0.3413 0 0.8528 0
T 119152 109.0 0.3413 0 0.8528 0
T 119160 109.0 0.3387 0 0.8933 0
T 119168 109.0 0.3387 0 0.8933 0
T 119175 109.0 0.3387 0 0.8933 0
T 119182 109.0 0.3353 0 0.9339 0
T 119190 109.0 0.3353 0 0.9339 0
T 119198 109.0 0.3353 0 0.9339 0
T 119205 109.0 0.3322 0 0.9762 0
T 119212 109.0 0.3322 0 0.9762 0
T 119220 109.0 0.3322 0 0.9762 0
T 119228 109.0 0.3299 0 0.0184 1
T 119235 109.0 0.3299 0 0.0184 0
T 119242 109.0 0.3299 0 0.0184 0
T 119250 109.0 0.3277 0 0.0588 0
T 119258 109.0 0.3277 0 0.0588 0
T 119265 109.0 0.3277 0 0.0588 0
T 119272 109.0 0.3267 0 0.0991 0
T 119280 109.0 0.3267 0 0.0991 0
T 119288 109.0 0.3267 0 0.0991 0
T 119295 109.0 0.3251 0 0.1413 0
T 119302 109.0 0.3251 0 0.1413 0
T 119310 109.0 0.3251 0 0.1413 0
T 119318 109.0 0.3238 0 0.1834 0
T 119325 109.0 0.3238 0 0.1834 0
T 119332 109.0 0.3238 0 0.1834 0
T 119340 109.0 0.3230 0 0.2236 0
T 119348 109.0 0.3230 0 0.2236 0
T 119355 109.0 0.3230 0 0.2236 0
T 119362 109.0 0.3221 0 0.2638 0
T 119370 109.0 0.3221 0 0.2638 0
T 119378 109.0 0.3221 0 0.2638 0
T 119385 109.0 0.3213 0 0.3058 0
T 119392 109.0 0.3213 0 0.3058 0
T 119400 109.0 0.3213 0 0.3058 0
T 119408 109.0 0.3213 0 0.3478 0
T 119415 109.0 0.3213 0 0.3478 0
T 119422 109.0 0.3213 0 0.3478 0
T 119430 109.0 0.3208 0 0.3879 0
T 119438 109.0 0.3208 0 0.3879 0
T 119445 109.0 0.3208 0 0.3879 0
T 119452 109.0 0.3204 0 0.4281 0
T 119460 109.0 0.3204 0 0.4281 0
T 119468 109.0 0.3204 0 0.4281 0
T 119475 109.0 0.3198 0 0.4700 0
T 119482 109.0 0.3198 0 0.4700 0
T 119490 109.0 0.3198 0 0.4700 0
T 119498 109.0 0.3200 0 0.5119 0
T 119505 109.0 0.3200 0 0.5119 0
T 119512 109.0 0.3200 0 0.5119 0
T 119520 109.0 0.3207 0 0.5520 0
T 119528 109.0 0.3207 0 0.5520 0
T 119535 109.0 0.3207 0 0.5520 0
T 119542 109.0 0.3221 0 0.5921 0
T 119550 109.0 0.3221 0 0.5921 0
T 119558 109.0 0.3221 0 0.5921 0
T 119565 109.0 0.3233 0 0.6339 0
T 119572 109.0 0.3233 0 0.6339 0
T 119580 109.0 0.3233 0 0.6339 0
T 119588 109.0 0.3249 0 0.6758 0
T 119595 109.0 0.3249 0 0.6758 0
T 119602 109.0 0.3249 0 0.6758 0
T 119610 109.0 0.3269 0 0.7159 0
T 119618 109.0 0.3269 0 0.7159 0
T 119625 109.0 0.3269 0 0.7159 0
T 119632 109.0 0.3289 0 0.7559 0
T 119640 109.0 0.3289 0 0.7559 0
T 119648 109.0 0.3289 0 0.7559 0
T 119655 109.0 0.3310 0 0.7977 0
T 119662 109.0 0.3310 0 0.7977 0
T 119670 109.0 0.3310 0 0.7977 0
T 119678 109.0 0.3325 0 0.8396 0
T 119685 109.0 0.3325 0 0.8396 0
T 119692 109.0 0.3325 0 0.8396 0
T 119700 109.0 0.3338 0 0.8796 0
T 119708 109.0 0.3338 0 0.8796 0
T 119715 109.0 0.3338 0 0.8796 0
T 119722 109.0 0.3352 0 0.9196 0
T 119730 109.0 0.3352 0 0.9196 0
T 119738 109.0 0.3352 0 0.9196 0
T 119745 109.0 0.3366 0 0.9614 0
T 119752 109.0 0.3366 0 0.9614 0
T 119760 109.0 0.3366 0 0.9614 0
T 119768 109.0 0.3384 0 0.0032 1
T 119775 109.0 0.3384 0 0.0032 0
T 119782 109.0 0.3384 0 0.0032 0
T 119790 109.0 0.3395 0 0.0432 0
T 119798 109.0 0.3395 0 0.0432 0
T 119805 109.0 0.3395 0 0.0432 0
T 119812 109.0 0.3391 0 0.0832 0
T 119820 109.0 0.3391 0 0.0832 0
T 119828 109.0 0.3391 0 0.0832 0
T 119835 109.0 0.3383 0 0.1251 0
T 119842 109.0 0.3383 0 0.1251 0
T 119850 109.0 0.3383 0 0.1251 0
T 119858 109.0 0.3385 0 0.1669 0
T 119865 109.0 0.3385 0 0.1669 0
T 119872 109.0 0.3385 0 0.1669 0
T 119880 109.0 0.3390 0 0.2068 0
T 119888 109.0 0.3390 0 0.2068 0
T 119895 109.0 0.3390 0 0.2068 0
T 119902 109.0 0.3397 0 0.2468 0
T 119910 109.0 0.3397 0 0.2468 0
T 119918 109.0 0.3397 0 0.2468 0
T 119925 109.0 0.3406 0 0.2886 0
T 119932 109.0 0.3406 0 0.2886 0
T 119940 109.0 0.3406 0 0.2886 0
T 119948 109.0 0.3409 0 0.3304 0
T 119955 109.0 0.3409 0 0.3304 0
RAWSPEC 0.0373 0.0362 0.0430 0.0514 0.0555 0.0512 0.0388 0.0361 0.0511 0.0747 0.0920 0.0957 0.0925 0.0839 0.0782 0.0728 0.0628 0.0468 0.0273 0.0217 0.0297 0.0345 0.0346 0.0376 0.0447 0.0523 0.0484 0.0445 0.0357 0.0348 0.0376 0.0408 0.0465 0.0543 0.0663 0.0758 0.0795 0.0779 0.0666 0.0561 0.0455 0.0308 0.0209 0.0185 0.0289 0.0468 0.0639 0.0722 0.0753 0.0639 0.0464 0.0354 0.0423 0.0542 0.0610 0.0570 0.0468 0.0366 0.0339 0.0401 0.0431 0.0439 0.0446 0.0357 0.0245 0.0152 0.0247 0.0336 0.0414 0.0389 0.0317 0.0183 0.0079 0.0093 0.0106 0.0108 0.0145 0.0206 0.0303 0.0347 0.0351 0.0314 0.0258 0.0183 0.0094 0.0036 0.0027 0.0077 0.0131 0.0229 0.0310 0.0363 0.0353 0.0284 0.0202 0.0100
FILE_DONE frames=15995
