852882 0.000000 0
852889 0.000000 0
852896 0.000000 0
852904 0.035160 0
852911 0.000000 0
852918 0.000000 0
852926 0.032440 0
852935 0.000000 0
852942 0.000000 0
852950 0.042420 0
852956 0.000000 0
852964 0.000000 0
852971 0.045040 0
852979 0.000000 0
852986 0.000000 0
852994 0.074010 0
853001 0.000000 0
853008 0.000000 0
853016 0.063220 0
853024 0.000000 0
853032 0.000000 0
853039 0.054120 0
853046 0.000000 0
853054 0.000000 0
853061 0.036220 0
853069 0.000000 0
853076 0.000000 0
853084 0.040020 0
853091 0.000000 0
853098 0.000000 0
853106 0.053560 0
853114 0.000000 0
853122 0.000000 0
853129 0.047520 0
853136 0.000000 0
853144 0.000000 0
853151 0.049870 0
853160 0.000000 0
853168 0.000000 0
853175 0.045880 0
853181 0.000000 0
853188 0.000000 0
853196 0.034270 0
853204 0.000000 0
853212 0.000000 0
853219 0.059490 0
853226 0.000000 0
853234 0.000000 0
853241 0.065350 0
853249 0.000000 0
853256 0.000000 0
853264 0.057010 0
853271 0.000000 0
853278 0.000000 0
853286 0.048460 0
853295 0.000000 0
853302 0.000000 0
853310 0.052550 0
853316 0.000000 0
853324 0.000000 0
853331 0.064650 0
853340 0.000000 0
853348 0.000000 0
853355 0.066060 0
853361 0.000000 0
853368 0.000000 0
853376 0.050920 0
853384 0.000000 0
853392 0.000000 0
853399 0.055790 0
853406 0.000000 0
853414 0.000000 0
853421 0.039250 0
853429 0.000000 0
853436 0.000000 0
853444 0.079090 0
853451 0.000000 0
853458 0.000000 0
853466 0.075230 0
853475 0.000000 0
853482 0.000000 0
853490 0.055650 0
853496 0.000000 0
853504 0.000000 0
853511 0.066060 0
853520 0.000000 0
853528 0.000000 0
853535 0.060880 0
853541 0.000000 0
853548 0.000000 0
853556 0.051670 0
853565 0.000000 0
853572 0.000000 0
853580 0.034930 0
853586 0.000000 0
853594 0.000000 0
853601 0.059750 0
853610 0.000000 0
853618 0.000000 0
853625 0.049260 0
853631 0.000000 0
853638 0.000000 0
853646 0.045380 0
853655 0.000000 0
853662 0.000000 0
853670 0.039440 0
853676 0.000000 0
853684 0.000000 0
853691 0.044710 0
853700 0.000000 0
853708 0.000000 0
853715 0.068990 0
853721 0.000000 0
853728 0.000000 0
853736 0.077730 0
853745 0.000000 0
853752 0.000000 0
853760 0.096070 0
853766 0.000000 0
853774 0.000000 0
853781 0.068210 0
853790 0.000000 0
853798 0.000000 0
853805 0.042600 0
853811 0.000000 0
853818 0.000000 0
853826 0.041520 0
853834 0.000000 0
853842 0.000000 0
853849 0.047030 0
853856 0.000000 0
853864 0.000000 0
853871 0.050920 0
853879 0.000000 0
853886 0.000000 0
853894 0.045720 0
853901 0.000000 0
853908 0.000000 0
853916 0.029740 0
853924 0.000000 0
853932 0.000000 0
853939 0.026780 0
853946 0.000000 0
853954 0.000000 0
853961 0.049560 0
853969 0.000000 0
853976 0.000000 0
853984 0.063940 0
853991 0.000000 0
853998 0.000000 0
854006 0.040590 0
854014 0.000000 0
854022 0.000000 0
854029 0.047670 0
854036 0.000000 0
854044 0.000000 0
854051 0.061510 0
854059 0.000000 0
854066 0.000000 0
854074 0.055510 0
854081 0.000000 0
854088 0.000000 0
854096 0.067770 0
854105 0.000000 0
854112 0.000000 0
854120 0.090420 0
854126 0.000000 0
854134 0.000000 0
854141 0.080050 1
854149 0.000000 0
854156 0.000000 0
854164 0.033370 1
854171 0.000000 0
854178 0.000000 0
854186 0.046710 1
854194 0.000000 0
854202 0.000000 0
854209 0.042420 1
854216 0.000000 0
854224 0.000000 0
854231 0.037050 1
854240 0.000000 0
854248 0.000000 0
854255 0.051510 1
854261 0.000000 0
854268 0.000000 0
854276 0.050320 1
854284 0.000000 0
854292 0.000000 0
854299 0.041890 1
854306 0.000000 0
854314 0.000000 0
854321 0.048780 1
854330 0.000000 0
854338 0.000000 0
854345 0.057540 1
854351 0.000000 0
854358 0.000000 0
854366 0.050170 1
854374 0.000000 0
854382 0.000000 0
854389 0.063220 1
854396 0.000000 0
854404 0.000000 0
854411 0.052110 1
854420 0.000000 0
854428 0.000000 0
854435 0.058980 1
854441 0.000000 0
854448 0.000000 0
854456 0.046880 1
854465 0.000000 0
854472 0.000000 0
854480 0.051070 1
854486 0.000000 0
854494 0.000000 0
854501 0.062850 1
854510 0.000000 0
854518 0.000000 0
854525 0.082120 1
854531 0.000000 0
854538 0.000000 0
854546 0.073590 1
854555 0.000000 0
854562 0.000000 0
854570 0.049260 1
854576 0.000000 0
854584 0.000000 0
854591 0.035800 1
854600 0.000000 0
854608 0.000000 0
854615 0.021740 1
854621 0.000000 0
854628 0.000000 0
854636 0.053410 1
854645 0.000000 0
854652 0.000000 0
854660 0.051070 1
854666 0.000000 0
854674 0.000000 0
854681 0.044880 1
854689 0.000000 0
854696 0.000000 0
854704 0.070850 1
854713 0.000000 0
854720 0.000000 0
854728 0.071600 1
854734 0.000000 0
854742 0.000000 0
854749 0.064300 1
854756 0.000000 0
854764 0.000000 0
854771 0.033140 1
854779 0.000000 0
854786 0.000000 0
854794 0.034040 1
854801 0.000000 0
854808 0.000000 0
854816 0.026490 1
854824 0.000000 0
854832 0.000000 0
854839 0.040020 1
854847 0.000000 0
854854 0.000000 0
854862 0.083770 1
854869 0.000000 0
854876 0.000000 0
854884 0.079850 1
854891 0.000000 0
854898 0.000000 0
854906 0.045550 1
854914 0.000000 0
854922 0.000000 0
854929 0.054260 1
854937 0.000000 0
854944 0.000000 0
854952 0.061750 1
854959 0.000000 0
854966 0.000000 0
854974 0.061260 1
854983 0.000000 0
854990 0.000000 0
854998 0.058060 1
855004 0.000000 0
855012 0.000000 0
855019 0.049560 1
855026 0.000000 0
855034 0.000000 0
855041 0.050320 1
855049 0.000000 0
855056 0.000000 0
855064 0.044360 1
855072 0.000000 0
855080 0.000000 0
855087 0.106750 1
855094 0.000000 0
855102 0.000000 0
855109 0.113340 1
855117 0.000000 0
855124 0.000000 0
855132 0.081180 1
855139 0.000000 0
855146 0.000000 0
855154 0.039250 1
855162 0.000000 0
855170 0.000000 0
855177 0.031720 1
855185 0.000000 0
855192 0.000000 0
855200 0.038470 1
855207 0.000000 0
855214 0.000000 0
855222 0.036850 1
855230 0.000000 0
855238 0.000000 0
855245 0.055100 1
855252 0.000000 0
855260 0.000000 0
855267 0.028430 1
855274 0.000000 0
855282 0.000000 0
855289 0.027340 1
855296 0.000000 0
855304 0.000000 0
855311 0.063460 1
855320 0.000000 0
855328 0.000000 0
855335 0.113410 1
855341 0.000000 0
855348 0.000000 0
855356 0.165680 1
855365 0.000000 0
855372 0.000000 0
855380 0.187370 1
855387 0.000000 0
855394 0.000000 0
855402 0.172720 1
855409 0.000000 0
855416 0.000000 0
855424 0.114950 1
855431 0.000000 0
855438 0.000000 0
855446 0.027340 1
855455 0.000000 0
855462 0.000000 0
855470 0.028170 1
855476 0.000000 0
855484 0.000000 0
855491 0.022100 1
855499 0.000000 0
855506 0.000000 0
855514 0.016570 1
855521 0.000000 0
855528 0.000000 0
855536 0.026200 1
855544 0.000000 0
855552 0.000000 0
855559 0.023100 1
855566 0.000000 0
855574 0.000000 0
855581 0.026780 1
855589 0.000000 0
855596 0.000000 0
855604 0.031970 1
855611 0.000000 0
855618 0.000000 0
855626 0.026490 1
855634 0.000000 0
855642 0.000000 0
855649 0.030000 1
855656 0.000000 0
855664 0.000000 0
855671 0.020660 1
855679 0.000000 0
855686 0.000000 0
855694 0.025010 1
855701 0.000000 0
855708 0.000000 0
855716 0.028170 1
855724 0.000000 0
855732 0.000000 0
855739 0.037870 1
855746 0.000000 0
855754 0.000000 0
855761 0.065710 1
855769 0.000000 0
855776 0.000000 0
855784 0.062500 1
855791 0.000000 0
855798 0.000000 0
855806 0.070950 1
855814 0.000000 0
855822 0.000000 0
855829 0.077130 1
855836 0.000000 0
855844 0.000000 0
855851 0.071270 1
855859 0.000000 0
855866 0.000000 0
855874 0.050320 1
855881 0.000000 0
855888 0.000000 0
855896 0.034270 1
855904 0.000000 0
855912 0.000000 0
855919 0.028430 1
855928 0.000000 0
855936 0.000000 0
855943 0.020660 1
855949 0.000000 0
855956 0.000000 0
855964 0.021030 1
855971 0.000000 0
855978 0.000000 0
855986 0.023760 1
855994 0.000000 0
856002 0.000000 0
856009 0.040020 1
856016 0.000000 0
856024 0.000000 0
856031 0.031720 1
856039 0.000000 0
856046 0.000000 0
856054 0.034930 1
856061 0.000000 0
856068 0.000000 0
856076 0.028430 1
856084 0.000000 0
856092 0.000000 0
856099 0.059360 1
856106 0.000000 0
856114 0.000000 0
856121 0.088290 1
856129 0.000000 0
856136 0.000000 0
856144 0.164340 1
856152 0.000000 0
856160 0.000000 0
856167 0.278140 1
856174 0.000000 0
856182 0.000000 0
856189 0.232640 1
856196 0.000000 0
856204 0.000000 0
856211 0.206210 1
856219 0.000000 0
856226 0.000000 0
856234 0.110890 1
856241 0.000000 0
856248 0.000000 0
856256 0.067770 1
856264 0.000000 0
856272 0.000000 0
856279 0.050170 1
856287 0.000000 0
856294 0.000000 0
856302 0.027340 1
856309 0.000000 0
856316 0.000000 0
856324 0.067200 1
856332 0.000000 0
856340 0.000000 0
856347 0.059240 1
856353 0.000000 0
856360 0.000000 0
856368 0.044880 1
856377 0.000000 0
856384 0.000000 0
856392 0.014600 0
856398 0.000000 0
856406 0.000000 0
856413 0.000000 0
856421 0.000000 0
856428 0.000000 0
856436 0.061140 0
856443 0.000000 0
856450 0.000000 0
856458 0.071270 0
856467 0.000000 0
856474 0.000000 0
856482 0.080520 0
856488 0.000000 0
856496 0.000000 0
856503 0.102080 0
856512 0.000000 0
856520 0.000000 0
856527 0.049560 0
856533 0.000000 0
856540 0.000000 0
856548 0.041890 0
856557 0.000000 0
856564 0.000000 0
856572 0.022100 0
856578 0.000000 0
856586 0.000000 0
856593 0.019130 0
856602 0.000000 0
856610 0.000000 0
856617 0.003910 0
856623 0.000000 0
856630 0.000000 0
856638 0.000000 0
856646 0.000000 0
856654 0.000000 0
856661 0.095520 0
856668 0.000000 0
856676 0.000000 0
856683 0.093000 0
856692 0.000000 0
856700 0.000000 0
856707 0.050320 0
856713 0.000000 0
856720 0.000000 0
856728 0.038070 0
856737 0.000000 0
856744 0.000000 0
856752 0.029480 0
856758 0.000000 0
856766 0.000000 0
856773 0.080900 0
856782 0.000000 0
856790 0.000000 0
856797 0.087690 0
856803 0.000000 0
856810 0.000000 0
856818 0.069870 0
856827 0.000000 0
856834 0.000000 0
856842 0.042420 0
856848 0.000000 0
856856 0.000000 0
856863 0.018310 0
856871 0.000000 0
856878 0.000000 0
856886 0.137270 0
856893 0.000000 0
856900 0.000000 0
856908 0.160050 0
856917 0.000000 0
856924 0.000000 0
856932 0.132860 0
856938 0.000000 0
856946 0.000000 0
856953 0.114810 0
856962 0.000000 0
856970 0.000000 0
856977 0.063710 0
856983 0.000000 0
856990 0.000000 0
856998 0.051670 0
857007 0.000000 0
857014 0.000000 0
857022 0.028960 0
857028 0.000000 0
857036 0.000000 0
857043 0.017460 0
857052 0.000000 0
857060 0.000000 0
857067 0.049410 0
857073 0.000000 0
857080 0.000000 0
857088 0.028960 0
857097 0.000000 0
857104 0.000000 0
857112 0.095280 0
857118 0.000000 0
857126 0.000000 0
857133 0.077330 0
857141 0.000000 0
857148 0.000000 0
857156 0.055650 0
857163 0.000000 0
857170 0.000000 0
857178 0.041340 0
857187 0.000000 0
857194 0.000000 0
857202 0.067660 0
857208 0.000000 0
857216 0.000000 0
857223 0.074620 0
857231 0.000000 0
857238 0.000000 0
857246 0.058980 0
857253 0.000000 0
857260 0.000000 0
857268 0.037260 0
857276 0.000000 0
857284 0.000000 0
857291 0.010330 0
857298 0.000000 0
857306 0.000000 0
857313 0.045210 0
857321 0.000000 0
857328 0.000000 0
857336 0.070190 0
857343 0.000000 0
857350 0.000000 0
857358 0.051220 0
857366 0.000000 0
857374 0.000000 0
857381 0.060000 0
857388 0.000000 0
857396 0.000000 0
857403 0.065250 0
857411 0.000000 0
857418 0.000000 0
857426 0.050920 0
857433 0.000000 0
857440 0.000000 0
857448 0.035370 0
857456 0.000000 0
857464 0.000000 0
857471 0.032210 0
857478 0.000000 0
857486 0.000000 0
857493 0.019130 0
857501 0.000000 0
857508 0.000000 0
857516 0.016100 0
857523 0.000000 0
857530 0.000000 0
857538 0.038070 0
857546 0.000000 0
857554 0.000000 0
857561 0.071270 0
857568 0.000000 0
857576 0.000000 0
857583 0.063340 0
857591 0.000000 0
857598 0.000000 0
857606 0.041520 0
857613 0.000000 0
857620 0.000000 0
857628 0.022770 0
857636 0.000000 0
857644 0.000000 0
857651 0.065350 0
857658 0.000000 0
857666 0.000000 0
857673 0.065710 0
857681 0.000000 0
857688 0.000000 0
857696 0.074420 0
857703 0.000000 0
857710 0.000000 0
857718 0.068880 0
857726 0.000000 0
857734 0.000000 0
857741 0.035800 0
857748 0.000000 0
857756 0.000000 0
857763 0.048310 0
857771 0.000000 0
857778 0.000000 0
857786 0.083040 0
857793 0.000000 0
857800 0.000000 0
857808 0.093830 0
857816 0.000000 0
857824 0.000000 0
857831 0.100880 0
857838 0.000000 0
857846 0.000000 0
857853 0.097020 0
857861 0.000000 0
857868 0.000000 0
857876 0.067080 0
857883 0.000000 0
857890 0.000000 0
857898 0.061260 0
857906 0.000000 0
857914 0.000000 0
857921 0.031720 0
857928 0.000000 0
857936 0.000000 0
857943 0.020290 0
857951 0.000000 0
857958 0.000000 0
857966 0.025010 0
857973 0.000000 0
857980 0.000000 0
857988 0.061260 0
857996 0.000000 0
858004 0.000000 0
858011 0.094390 0
858018 0.000000 0
858026 0.000000 0
858033 0.085310 0
858041 0.000000 0
858048 0.000000 0
858056 0.049090 0
858063 0.000000 0
858070 0.000000 0
858078 0.041520 0
858086 0.000000 0
858094 0.000000 0
858101 0.049560 0
858108 0.000000 0
858116 0.000000 0
858123 0.050020 0
858131 0.000000 0
858138 0.000000 0
858146 0.049260 0
858153 0.000000 0
858160 0.000000 0
858168 0.048630 0
858176 0.000000 0
858184 0.000000 0
858191 0.037660 0
858198 0.000000 0
858206 0.000000 0
858213 0.075330 0
858221 0.000000 0
858228 0.000000 0
858236 0.109220 0
858243 0.000000 0
858250 0.000000 0
858258 0.119050 0
858266 0.000000 0
858274 0.000000 0
858281 0.110140 0
858288 0.000000 0
858296 0.000000 0
858303 0.102530 0
858311 0.000000 0
858318 0.000000 0
858326 0.063710 0
858333 0.000000 0
858340 0.000000 0
858348 0.065580 0
858356 0.000000 0
858364 0.000000 0
858371 0.040960 0
858378 0.000000 0
858386 0.000000 0
858393 0.017460 0
858402 0.000000 0
858410 0.000000 0
858417 0.010330 0
858423 0.000000 0
858430 0.000000 0
858438 0.078130 0
858446 0.000000 0
858454 0.000000 0
858461 0.092350 0
858468 0.000000 0
858476 0.000000 0
858483 0.066870 0
858491 0.000000 0
858498 0.000000 0
858506 0.045210 0
858514 0.000000 0
858522 0.000000 0
858529 0.036010 0
858536 0.000000 0
858544 0.000000 0
858551 0.055100 0
858559 0.000000 0
858566 0.000000 0
858574 0.093490 0
858581 0.000000 0
858588 0.000000 0
858596 0.088550 0
858604 0.000000 0
858612 0.000000 0
858619 0.056060 0
858626 0.000000 0
858634 0.000000 0
858641 0.026200 0
858649 0.000000 0
858656 0.000000 0
858664 0.066970 0
858671 0.000000 0
858678 0.000000 0
858686 0.094470 0
858694 0.000000 0
858702 0.000000 0
858709 0.107470 0
858716 0.000000 0
858724 0.000000 0
858731 0.108870 0
858739 0.000000 0
858746 0.000000 0
858754 0.077820 0
858761 0.000000 0
858768 0.000000 0
858776 0.088030 0
858785 0.000000 0
858792 0.000000 0
858800 0.059750 0
858806 0.000000 0
858814 0.000000 0
858821 0.027890 0
858830 0.000000 0
858838 0.000000 0
858845 0.012340 0
858851 0.000000 0
858858 0.000000 0
858866 0.019130 0
858874 0.000000 0
858882 0.000000 0
858889 0.083860 0
858896 0.000000 0
858904 0.000000 0
858911 0.090090 0
858919 0.000000 0
858926 0.000000 0
858934 0.057940 0
858941 0.000000 0
858948 0.000000 0
858956 0.055510 0
858964 0.000000 0
858972 0.000000 0
858979 0.034710 0
858986 0.000000 0
858994 0.000000 0
859001 0.067310 0
859009 0.000000 0
859016 0.000000 0
859024 0.064770 0
859031 0.000000 0
859038 0.000000 0
859046 0.062240 0
859054 0.000000 0
859062 0.000000 0
859069 0.034270 0
859076 0.000000 0
859084 0.000000 0
859091 0.025310 0
859099 0.000000 0
859106 0.000000 0
859114 0.080340 0
859121 0.000000 0
859128 0.000000 0
859136 0.088030 0
859144 0.000000 0
859152 0.000000 0
859159 0.106970 0
859166 0.000000 0
859174 0.000000 0
859181 0.101110 0
859189 0.000000 0
859196 0.000000 0
859204 0.072130 0
859211 0.000000 0
859218 0.000000 0
859226 0.096860 0
859234 0.000000 0
859242 0.000000 0
859249 0.066510 0
859256 0.000000 0
859264 0.000000 0
859271 0.032910 0
859279 0.000000 0
859286 0.000000 0
859294 0.007810 0
859301 0.000000 0
859308 0.000000 0
859316 0.007810 0
859324 0.000000 0
859332 0.000000 0
859339 0.069320 0
859346 0.000000 0
859354 0.000000 0
859361 0.072240 0
859369 0.000000 0
859376 0.000000 0
859384 0.053410 0
859391 0.000000 0
859398 0.000000 0
859406 0.052110 0
859414 0.000000 0
859422 0.000000 0
859429 0.039830 0
859436 0.000000 0
859444 0.000000 0
859451 0.082580 0
859459 0.000000 0
859466 0.000000 0
859474 0.074720 0
859481 0.000000 0
859488 0.000000 0
859496 0.047520 0
859504 0.000000 0
859512 0.000000 0
859519 0.032440 0
859526 0.000000 0
859534 0.000000 0
859541 0.054960 0
859549 0.000000 0
859556 0.000000 0
859564 0.101340 0
859571 0.000000 0
859578 0.000000 0
859586 0.097960 0
859594 0.000000 0
859602 0.000000 0
859609 0.089850 0
859616 0.000000 0
859624 0.000000 0
859631 0.077530 0
859639 0.000000 0
859646 0.000000 0
859654 0.064530 0
859662 0.000000 0
859670 0.000000 0
859677 0.084860 0
859683 0.000000 0
859690 0.000000 0
859698 0.061010 0
859707 0.000000 0
859714 0.000000 0
859722 0.025910 0
859729 0.000000 0
859736 0.000000 0
859744 0.013520 0
859752 0.000000 0
859760 0.000000 0
859767 0.055920 0
859773 0.000000 0
859780 0.000000 0
859788 0.081740 0
859797 0.000000 0
859804 0.000000 0
859812 0.075640 0
859819 0.000000 0
859826 0.000000 0
859834 0.047670 0
859842 0.000000 0
859850 0.000000 0
859857 0.034930 0
859864 0.000000 0
859872 0.000000 0
859879 0.048310 0
859887 0.000000 0
859894 0.000000 0
859902 0.064880 0
859909 0.000000 0
859916 0.000000 0
859924 0.076450 0
859932 0.000000 0
859940 0.000000 0
859947 0.068540 0
859954 0.000000 0
859962 0.000000 0
859969 0.025010 0
859977 0.000000 0
859984 0.000000 0
859992 0.042070 0
859999 0.000000 0
860006 0.000000 0
860014 0.102750 0
860022 0.000000 0
860030 0.000000 0
860037 0.112810 0
860044 0.000000 0
860052 0.000000 0
860059 0.110750 0
860067 0.000000 0
860074 0.000000 0
860082 0.110060 0
860089 0.000000 0
860096 0.000000 0
860104 0.075840 0
860112 0.000000 0
860120 0.000000 0
860127 0.064880 0
860133 0.000000 0
860140 0.000000 0
860148 0.045040 0
860157 0.000000 0
860164 0.000000 0
860172 0.024380 0
860179 0.000000 0
860186 0.000000 0
860194 0.005520 0
860202 0.000000 0
860210 0.000000 0
860217 0.077130 0
860224 0.000000 0
860232 0.000000 0
860239 0.093170 0
860247 0.000000 0
860254 0.000000 0
860262 0.073900 0
860269 0.000000 0
860276 0.000000 0
860284 0.046220 0
860292 0.000000 0
860300 0.000000 0
860307 0.036420 0
860314 0.000000 0
860322 0.000000 0
860329 0.070630 0
860337 0.000000 0
860344 0.000000 0
860352 0.068880 0
860359 0.000000 0
860366 0.000000 0
860374 0.059240 0
860382 0.000000 0
860390 0.000000 0
860397 0.047030 0
860404 0.000000 0
860412 0.000000 0
860419 0.028430 0
860427 0.000000 0
860434 0.000000 0
860442 0.078600 0
860449 0.000000 0
860456 0.000000 0
860464 0.093980 0
860472 0.000000 0
860480 0.000000 0
860487 0.102160 0
860494 0.000000 0
860502 0.000000 0
860509 0.100340 0
860517 0.000000 0
860524 0.000000 0
860532 0.098970 0
860539 0.000000 0
860546 0.000000 0
860554 0.073080 0
860562 0.000000 0
860570 0.000000 0
860577 0.067660 0
860584 0.000000 0
860592 0.000000 0
860599 0.039640 0
860607 0.000000 0
860614 0.000000 0
860622 0.014080 0
860629 0.000000 0
860636 0.000000 0
860644 0.007810 0
860652 0.000000 0
860660 0.000000 0
860667 0.067540 0
860674 0.000000 0
860682 0.000000 0
860689 0.095520 0
860697 0.000000 0
860704 0.000000 0
860712 0.081740 0
860719 0.000000 0
860726 0.000000 0
860734 0.046540 0
860742 0.000000 0
860750 0.000000 0
860757 0.031480 0
860764 0.000000 0
860772 0.000000 0
860779 0.070190 0
860787 0.000000 0
860794 0.000000 0
860802 0.067660 0
860809 0.000000 0
860816 0.000000 0
860824 0.056730 0
860831 0.000000 0
860838 0.000000 0
860846 0.032210 0
860853 0.000000 0
860860 0.000000 0
860868 0.025600 0
860876 0.000000 0
860884 0.000000 0
860891 0.072130 0
860898 0.000000 0
860906 0.000000 0
860913 0.088210 0
860921 0.000000 0
860928 0.000000 0
860936 0.105470 0
860943 0.000000 0
860950 0.000000 0
860958 0.111510 0
860967 0.000000 0
860974 0.000000 0
860982 0.082670 0
860988 0.000000 0
860996 0.000000 0
861003 0.060760 0
861012 0.000000 0
861020 0.000000 0
861027 0.051960 0
861033 0.000000 0
861040 0.000000 0
861048 0.025910 0
861056 0.000000 0
861064 0.000000 0
861071 0.012340 0
861078 0.000000 0
861086 0.000000 0
861093 0.010330 0
861101 0.000000 0
861108 0.000000 0
861116 0.078420 0
861123 0.000000 0
861130 0.000000 0
861138 0.082580 0
861146 0.000000 0
861154 0.000000 0
861161 0.057800 0
861168 0.000000 0
861176 0.000000 0
861183 0.042420 0
861191 0.000000 0
861198 0.000000 0
861206 0.028170 0
861213 0.000000 0
861220 0.000000 0
861228 0.089750 0
861236 0.000000 0
861244 0.000000 0
861251 0.088210 0
861258 0.000000 0
861266 0.000000 0
861273 0.082120 0
861281 0.000000 0
861288 0.000000 0
861296 0.061750 0
861303 0.000000 0
861310 0.000000 0
861318 0.031250 0
861326 0.000000 0
861334 0.000000 0
861341 0.081560 0
861348 0.000000 0
861356 0.000000 0
861363 0.089750 0
861371 0.000000 0
861378 0.000000 0
861386 0.094880 0
861393 0.000000 0
861400 0.000000 0
861408 0.095120 0
861416 0.000000 0
861424 0.000000 0
861431 0.068210 0
861438 0.000000 0
861446 0.000000 0
861453 0.072340 0
861462 0.000000 0
861470 0.000000 0
861477 0.043490 0
861483 0.000000 0
861490 0.000000 0
861498 0.027620 0
861506 0.000000 0
861514 0.000000 0
861521 0.008730 0
861528 0.000000 0
861536 0.000000 0
861543 0.043840 0
861551 0.000000 0
861558 0.000000 0
861566 0.081740 0
861573 0.000000 0
861580 0.000000 0
861588 0.084670 0
861596 0.000000 0
861604 0.000000 0
861611 0.056600 0
861618 0.000000 0
861626 0.000000 0
861633 0.056600 0
861641 0.000000 0
861648 0.000000 0
861656 0.058460 0
861663 0.000000 0
861670 0.000000 0
861678 0.080340 0
861686 0.000000 0
861694 0.000000 0
861701 0.082490 0
861708 0.000000 0
861716 0.000000 0
861723 0.054830 0
861731 0.000000 0
861738 0.000000 0
861746 0.033600 0
861753 0.000000 0
861760 0.000000 0
861768 0.040770 0
861777 0.000000 0
861784 0.000000 0
861792 0.090260 0
861798 0.000000 0
861806 0.000000 0
861813 0.101700 0
861823 0.000000 0
861830 0.000000 0
861838 0.111160 0
861843 0.000000 0
861850 0.000000 0
861858 0.104010 0
861867 0.000000 0
861874 0.000000 0
861882 0.080900 0
861888 0.000000 0
861896 0.000000 0
861903 0.067540 0
861912 0.000000 0
861920 0.000000 0
861927 0.048630 0
861933 0.000000 0
861940 0.000000 0
861948 0.017460 0
861956 0.000000 0
861964 0.000000 0
861971 0.016100 0
861978 0.000000 0
861986 0.000000 0
861993 0.064530 0
862002 0.000000 0
862010 0.000000 0
862017 0.087770 0
862023 0.000000 0
862030 0.000000 0
862038 0.081650 0
862046 0.000000 0
862054 0.000000 0
862061 0.038470 0
862068 0.000000 0
862076 0.000000 0
862083 0.029740 0
862091 0.000000 0
862098 0.000000 0
862106 0.041520 0
862113 0.000000 0
862120 0.000000 0
862128 0.069870 0
862136 0.000000 0
862144 0.000000 0
862151 0.092010 0
862158 0.000000 0
862166 0.000000 0
862173 0.063460 0
862181 0.000000 0
862188 0.000000 0
862196 0.029740 0
862203 0.000000 0
862210 0.000000 0
862218 0.044880 0
862226 0.000000 0
862234 0.000000 0
862241 0.082310 0
862248 0.000000 0
862256 0.000000 0
862263 0.101110 0
862271 0.000000 0
862278 0.000000 0
862286 0.102080 0
862293 0.000000 0
862300 0.000000 0
862308 0.106970 0
862317 0.000000 0
862324 0.000000 0
862332 0.068770 0
862338 0.000000 0
862346 0.000000 0
862353 0.055920 0
862361 0.000000 0
862368 0.000000 0
862376 0.021740 0
862385 0.000000 0
862392 0.000000 0
862400 0.012950 0
862406 0.000000 0
862414 0.000000 0
862421 0.012950 0
862430 0.000000 0
862438 0.000000 0
862445 0.066510 0
862451 0.000000 0
862458 0.000000 0
862466 0.096390 0
862475 0.000000 0
862482 0.000000 0
862490 0.081470 0
862496 0.000000 0
862504 0.000000 0
862511 0.050630 0
862520 0.000000 0
862528 0.000000 0
862535 0.027050 0
862541 0.000000 0
862548 0.000000 0
862556 0.053970 0
862565 0.000000 0
862572 0.000000 0
862580 0.061010 0
862586 0.000000 0
862594 0.000000 0
862601 0.079090 0
862610 0.000000 0
862618 0.000000 0
862625 0.062000 0
862631 0.000000 0
862638 0.000000 0
862646 0.025600 0
862655 0.000000 0
862662 0.000000 0
862670 0.069870 0
862676 0.000000 0
862684 0.000000 0
862691 0.080990 0
862700 0.000000 0
862708 0.000000 0
862715 0.101030 0
862721 0.000000 0
862728 0.000000 0
862736 0.107330 0
862744 0.000000 0
862752 0.000000 0
862759 0.089330 0
862766 0.000000 0
862774 0.000000 0
862781 0.075750 0
862789 0.000000 0
862796 0.000000 0
862804 0.050780 0
862811 0.000000 0
862818 0.000000 0
862826 0.038860 0
862834 0.000000 0
862842 0.000000 0
862849 0.010330 0
862856 0.000000 0
862864 0.000000 0
862871 0.016570 0
862879 0.000000 0
862886 0.000000 0
862894 0.073080 0
862901 0.000000 0
862908 0.000000 0
862916 0.082120 0
862924 0.000000 0
862932 0.000000 0
862939 0.068670 0
862946 0.000000 0
862954 0.000000 0
862961 0.060500 0
862969 0.000000 0
862976 0.000000 0
862984 0.030500 0
862991 0.000000 0
862998 0.000000 0
863006 0.086810 0
863014 0.000000 0
863022 0.000000 0
863029 0.082220 0
863036 0.000000 0
863044 0.000000 0
863051 0.058200 0
863059 0.000000 0
863066 0.000000 0
863074 0.036010 0
863081 0.000000 0
863088 0.000000 0
863096 0.026200 0
863104 0.000000 0
863112 0.000000 0
863119 0.088120 0
863126 0.000000 0
863134 0.000000 0
863141 0.089850 0
863149 0.000000 0
863156 0.000000 0
863164 0.096790 0
863171 0.000000 0
863178 0.000000 0
863186 0.105970 0
863194 0.000000 0
863202 0.000000 0
863209 0.073380 0
863216 0.000000 0
863224 0.000000 0
863231 0.076840 0
863239 0.000000 0
863246 0.000000 0
863254 0.045380 0
863261 0.000000 0
863268 0.000000 0
863276 0.029480 0
863284 0.000000 0
863292 0.000000 0
863299 0.006760 0
863306 0.000000 0
863314 0.000000 0
863321 0.011050 0
863329 0.000000 0
863336 0.000000 0
863344 0.066740 0
863351 0.000000 0
863358 0.000000 0
863366 0.092850 0
863374 0.000000 0
863382 0.000000 0
863389 0.061880 0
863396 0.000000 0
863404 0.000000 0
863411 0.051670 0
863419 0.000000 0
863426 0.000000 0
863434 0.011720 0
863442 0.000000 0
863450 0.000000 0
863457 0.048460 0
863464 0.000000 0
863472 0.000000 0
863479 0.064650 0
863487 0.000000 0
863494 0.000000 0
863502 0.060000 0
863509 0.000000 0
863516 0.000000 0
863524 0.027340 0
863532 0.000000 0
863540 0.000000 0
863547 0.019910 0
863554 0.000000 0
863562 0.000000 0
863569 0.102310 0
863576 0.000000 0
863584 0.000000 0
863591 0.113540 0
863598 0.000000 0
863606 0.000000 0
863613 0.102530 0
863622 0.000000 0
863630 0.000000 0
863637 0.109710 0
863644 0.000000 0
863652 0.000000 0
863659 0.069870 0
863667 0.000000 0
863674 0.000000 0
863682 0.067540 0
863689 0.000000 0
863696 0.000000 0
863704 0.038470 0
863712 0.000000 0
863720 0.000000 0
863727 0.023760 0
863733 0.000000 0
863740 0.000000 0
863748 0.005520 0
863757 0.000000 0
863764 0.000000 0
863772 0.041700 0
863778 0.000000 0
863786 0.000000 0
863793 0.079670 0
863802 0.000000 0
863810 0.000000 0
863817 0.075140 0
863824 0.000000 0
863832 0.000000 0
863839 0.044710 0
863847 0.000000 0
863854 0.000000 0
863862 0.044530 0
863869 0.000000 0
863876 0.000000 0
863884 0.064770 0
863891 0.000000 0
863898 0.000000 0
863906 0.065930 0
863914 0.000000 0
863922 0.000000 0
863929 0.083590 0
863936 0.000000 0
863944 0.000000 0
863951 0.073900 0
863958 0.000000 0
863966 0.000000 0
863973 0.041890 0
863982 0.000000 0
863990 0.000000 0
863997 0.034490 0
864004 0.000000 0
864012 0.000000 0
864019 0.076740 0
864027 0.000000 0
864034 0.000000 0
864042 0.096790 0
864049 0.000000 0
864056 0.000000 0
864064 0.091020 0
864072 0.000000 0
864080 0.000000 0
864087 0.101700 0
864094 0.000000 0
864102 0.000000 0
864109 0.092350 0
864117 0.000000 0
864124 0.000000 0
864132 0.072340 0
864139 0.000000 0
864146 0.000000 0
864154 0.046050 0
864162 0.000000 0
864170 0.000000 0
864177 0.027620 0
864183 0.000000 0
864190 0.000000 0
864198 0.008730 0
864207 0.000000 0
864214 0.000000 0
864222 0.060260 0
864229 0.000000 0
864236 0.000000 0
864244 0.097660 0
864252 0.000000 0
864260 0.000000 0
864267 0.111240 0
864274 0.000000 0
864282 0.000000 0
864289 0.100420 0
864297 0.000000 0
864304 0.000000 0
864312 0.060000 0
864319 0.000000 0
864326 0.000000 0
864334 0.073080 0
864342 0.000000 0
864350 0.000000 0
864357 0.064880 0
864363 0.000000 0
864370 0.000000 0
864378 0.045880 0
864387 0.000000 0
864394 0.000000 0
864402 0.039440 0
864408 0.000000 0
864416 0.000000 0
864423 0.013520 0
864431 0.000000 0
864438 0.000000 0
864446 0.018310 0
864453 0.000000 0
864460 0.000000 0
864468 0.037260 0
864476 0.000000 0
864484 0.000000 0
864491 0.038860 0
864498 0.000000 0
864506 0.000000 0
864513 0.031250 0
864521 0.000000 0
864528 0.000000 0
864536 0.005520 0
864543 0.000000 0
864550 0.000000 0
864558 0.049870 0
864567 0.000000 0
864574 0.000000 0
864582 0.044190 0
864588 0.000000 0
864596 0.000000 0
864603 0.020290 0
864611 0.000000 0
864618 0.000000 0
864626 0.014080 0
864633 0.000000 0
864640 0.000000 0
864648 0.008730 0
864656 0.000000 0
864664 0.000000 0
864671 0.078420 0
864679 0.000000 0
864686 0.000000 0
864694 0.097660 0
864701 0.000000 0
864708 0.000000 0
864716 0.096640 0
864723 0.000000 0
864730 0.000000 0
864738 0.064650 0
864746 0.000000 0
864754 0.000000 0
864761 0.046370 0
864768 0.000000 0
864776 0.000000 0
864783 0.066290 0
864791 0.000000 0
864798 0.000000 0
864806 0.097410 0
864813 0.000000 0
864820 0.000000 0
864828 0.095120 0
864836 0.000000 0
864844 0.000000 0
864851 0.061630 0
864858 0.000000 0
864866 0.000000 0
864873 0.028700 0
864882 0.000000 0
864890 0.000000 0
864897 0.042070 0
864903 0.000000 0
864910 0.000000 0
864918 0.057540 0
864926 0.000000 0
864934 0.000000 0
864941 0.054260 0
864948 0.000000 0
864956 0.000000 0
864963 0.042790 0
864971 0.000000 0
864978 0.000000 0
864986 0.014600 0
864993 0.000000 0
865000 0.000000 0
865008 0.043670 0
865016 0.000000 0
865024 0.000000 0
865031 0.030240 0
865039 0.000000 0
865046 0.000000 0
865054 0.000000 0
865062 0.000000 0
865070 0.000000 0
865077 0.003910 0
865084 0.000000 0
865092 0.000000 0
865099 0.000000 0
865107 0.000000 0
865114 0.000000 0
865122 0.102450 0
865129 0.000000 0
865136 0.000000 0
865144 0.137160 0
865152 0.000000 0
865160 0.000000 0
865167 0.133150 0
865174 0.000000 0
865182 0.000000 0
865189 0.096860 0
865197 0.000000 0
865204 0.000000 0
865212 0.063580 0
865220 0.000000 0
865228 0.000000 0
865235 0.057660 0
865242 0.000000 0
865250 0.000000 0
865257 0.095990 0
865265 0.000000 0
865272 0.000000 0
865280 0.101110 0
865287 0.000000 0
865294 0.000000 0
865302 0.079960 0
865308 0.000000 0
865316 0.000000 0
865323 0.031970 0
865331 0.000000 0
865338 0.000000 0
865346 0.051820 0
865353 0.000000 0
865360 0.000000 0
865368 0.049090 0
865377 0.000000 0
865384 0.000000 0
865392 0.046540 0
865398 0.000000 0
865406 0.000000 0
865413 0.036220 0
865421 0.000000 0
865428 0.000000 0
865436 0.008730 0
865443 0.000000 0
865450 0.000000 0
865458 0.039640 0
865466 0.000000 0
865474 0.000000 0
865481 0.036010 0
865488 0.000000 0
865496 0.000000 0
865503 0.026200 0
865511 0.000000 0
865518 0.000000 0
865526 0.019910 0
865534 0.000000 0
865542 0.000000 0
865549 0.033370 0
865556 0.000000 0
865564 0.000000 0
865571 0.111570 0
865579 0.000000 0
865586 0.000000 0
865594 0.129960 0
865601 0.000000 0
865608 0.000000 0
865616 0.099730 0
865625 0.000000 0
865632 0.000000 0
865640 0.090930 0
865646 0.000000 0
865654 0.000000 0
865661 0.085480 0
865669 0.000000 0
865676 0.000000 0
865684 0.084140 0
865691 0.000000 0
865698 0.000000 0
865706 0.116790 0
865714 0.000000 0
865722 0.000000 0
865729 0.075230 0
865736 0.000000 0
865744 0.000000 0
865751 0.052690 0
865759 0.000000 0
865766 0.000000 0
865774 0.022770 0
865781 0.000000 0
865788 0.000000 0
865796 0.047990 0
865804 0.000000 0
865812 0.000000 0
865819 0.045210 0
865826 0.000000 0
865834 0.000000 0
865841 0.036640 0
865849 0.000000 0
865856 0.000000 0
865864 0.019130 0
865871 0.000000 0
865878 0.000000 0
865886 0.041520 0
865894 0.000000 0
865902 0.000000 0
865909 0.044710 0
865916 0.000000 0
865924 0.000000 0
865931 0.036220 0
865940 0.000000 0
865948 0.000000 0
865955 0.018310 0
865961 0.000000 0
865968 0.000000 0
865976 0.005520 0
865984 0.000000 0
865992 0.000000 0
865999 0.049870 0
866006 0.000000 0
866014 0.000000 0
866021 0.141370 0
866029 0.000000 0
866036 0.000000 0
866044 0.150970 0
866051 0.000000 0
866058 0.000000 0
866066 0.112260 0
866074 0.000000 0
866082 0.000000 0
866089 0.084950 0
866096 0.000000 0
866104 0.000000 0
866111 0.076940 0
866119 0.000000 0
866126 0.000000 0
866134 0.082220 0
866141 0.000000 0
866148 0.000000 0
866156 0.101780 0
866164 0.000000 0
866172 0.000000 0
866179 0.053700 0
866186 0.000000 0
866194 0.000000 0
866201 0.030500 0
866209 0.000000 0
866216 0.000000 0
866224 0.037260 0
866231 0.000000 0
866238 0.000000 0
866246 0.053970 0
866254 0.000000 0
866262 0.000000 0
866269 0.054960 0
866276 0.000000 0
866284 0.000000 0
866291 0.045210 0
866299 0.000000 0
866306 0.000000 0
866314 0.018310 0
866322 0.000000 0
866330 0.000000 0
866337 0.053270 0
866344 0.000000 0
866352 0.000000 0
866359 0.045380 0
866367 0.000000 0
866374 0.000000 0
866382 0.041890 0
866389 0.000000 0
866396 0.000000 0
866404 0.031720 0
866412 0.000000 0
866420 0.000000 0
866427 0.013520 0
866434 0.000000 0
866442 0.000000 0
866449 0.088810 0
866456 0.000000 0
866464 0.000000 0
866471 0.111380 0
866479 0.000000 0
866486 0.000000 0
866494 0.115740 0
866502 0.000000 0
866510 0.000000 0
866517 0.103930 0
866523 0.000000 0
866530 0.000000 0
866538 0.075440 0
866547 0.000000 0
866554 0.000000 0
866562 0.076450 0
866568 0.000000 0
866576 0.000000 0
866583 0.123280 0
866592 0.000000 0
866600 0.000000 0
866607 0.122710 0
866613 0.000000 0
866620 0.000000 0
866628 0.090350 0
866637 0.000000 0
866644 0.000000 0
866652 0.043140 0
866658 0.000000 0
866666 0.000000 0
866673 0.015120 0
866682 0.000000 0
866690 0.000000 0
866697 0.018310 0
866703 0.000000 0
866710 0.000000 0
866718 0.030500 0
866726 0.000000 0
866734 0.000000 0
866741 0.026780 0
866748 0.000000 0
866756 0.000000 0
866763 0.000000 0
866771 0.000000 0
866778 0.000000 0
866786 0.035580 0
866793 0.000000 0
866800 0.000000 0
866808 0.032670 0
866816 0.000000 0
866824 0.000000 0
866831 0.006760 0
866839 0.000000 0
866846 0.000000 0
866854 0.008730 0
866862 0.000000 0
866870 0.000000 0
866877 0.000000 0
866884 0.000000 0
866892 0.000000 0
866899 0.108250 0
866906 0.000000 0
866914 0.000000 0
866921 0.157610 0
866929 0.000000 0
866936 0.000000 0
866944 0.132690 0
866952 0.000000 0
866960 0.000000 0
866967 0.104810 0
866973 0.000000 0
866980 0.000000 0
866988 0.076230 0
866997 0.000000 0
867004 0.000000 0
867012 0.069760 0
867018 0.000000 0
867026 0.000000 0
867033 0.087860 0
867041 0.000000 0
867048 0.000000 0
867056 0.077330 0
867063 0.000000 0
867070 0.000000 0
867078 0.069320 0
867086 0.000000 0
867094 0.000000 0
867101 0.044880 0
867108 0.000000 0
867116 0.000000 0
867123 0.017010 0
867132 0.000000 0
867140 0.000000 0
867147 0.027620 0
867153 0.000000 0
867160 0.000000 0
867168 0.026780 0
867177 0.000000 0
867184 0.000000 0
867192 0.017900 0
867199 0.000000 0
867206 0.000000 0
867214 0.000000 0
867222 0.000000 0
867230 0.000000 0
867237 0.046880 0
867243 0.000000 0
867250 0.000000 0
867258 0.046050 0
867266 0.000000 0
867274 0.000000 0
867281 0.034930 0
867288 0.000000 0
867296 0.000000 0
867303 0.043670 0
867311 0.000000 0
867318 0.000000 0
867326 0.013520 0
867335 0.000000 0
867342 0.000000 0
867350 0.096240 0
867356 0.000000 0
867364 0.000000 0
867371 0.130890 0
867378 0.000000 0
867386 0.000000 0
867393 0.107760 0
867401 0.000000 0
867408 0.000000 0
867416 0.075140 0
867423 0.000000 0
867430 0.000000 0
867438 0.075330 0
867446 0.000000 0
867454 0.000000 0
867461 0.108740 0
867468 0.000000 0
867476 0.000000 0
867483 0.122530 0
867491 0.000000 0
867498 0.000000 0
867506 0.079000 0
867513 0.000000 0
867520 0.000000 0
867528 0.034710 0
867536 0.000000 0
867544 0.000000 0
867551 0.017460 0
867558 0.000000 0
867566 0.000000 0
867573 0.046050 0
867581 0.000000 0
867588 0.000000 0
867596 0.047840 0
867603 0.000000 0
867610 0.000000 0
867618 0.028430 0
867626 0.000000 0
867634 0.000000 0
867641 0.026200 0
867648 0.000000 0
867656 0.000000 0
867663 0.068880 0
867671 0.000000 0
867678 0.000000 0
867686 0.070310 0
867695 0.000000 0
867702 0.000000 0
867710 0.049260 0
867716 0.000000 0
867724 0.000000 0
867731 0.019130 0
867739 0.000000 0
867746 0.000000 0
867754 0.000000 0
867761 0.000000 0
867768 0.000000 0
867776 0.053120 0
867784 0.000000 0
867792 0.000000 0
867799 0.156920 0
867806 0.000000 0
867814 0.000000 0
867821 0.160200 0
867830 0.000000 0
867838 0.000000 0
867845 0.117370 0
867851 0.000000 0
867858 0.000000 0
867866 0.078800 0
867875 0.000000 0
867882 0.000000 0
867890 0.060640 0
867896 0.000000 0
867904 0.000000 0
867911 0.092680 0
867920 0.000000 0
867928 0.000000 0
867935 0.103640 0
867941 0.000000 0
867948 0.000000 0
867956 0.080990 0
867965 0.000000 0
867972 0.000000 0
867980 0.039830 0
867986 0.000000 0
867994 0.000000 0
868001 0.049560 0
868010 0.000000 0
868018 0.000000 0
868025 0.066740 0
868032 0.000000 0
868040 0.000000 0
868047 0.049090 0
868055 0.000000 0
868062 0.000000 0
868070 0.043670 0
868076 0.000000 0
868084 0.000000 0
868091 0.025310 0
868099 0.000000 0
868106 0.000000 0
868114 0.045040 0
868122 0.000000 0
868130 0.000000 0
868137 0.057540 0
868144 0.000000 0
868152 0.000000 0
868159 0.074530 0
868166 0.000000 0
868174 0.000000 0
868181 0.046370 0
868189 0.000000 0
868196 0.000000 0
868204 0.021030 0
868211 0.000000 0
868218 0.000000 0
868226 0.068990 0
868234 0.000000 0
868242 0.000000 0
868249 0.114950 0
868256 0.000000 0
868264 0.000000 0
868271 0.109030 0
868279 0.000000 0
868286 0.000000 0
868294 0.089750 0
868301 0.000000 0
868308 0.000000 0
868316 0.068990 0
868324 0.000000 0
868332 0.000000 0
868339 0.068100 0
868346 0.000000 0
868354 0.000000 0
868361 0.113480 0
868369 0.000000 0
868376 0.000000 0
868384 0.101930 0
868391 0.000000 0
868398 0.000000 0
868406 0.073270 0
868414 0.000000 0
868422 0.000000 0
868429 0.029480 0
868436 0.000000 0
868444 0.000000 0
868451 0.032210 0
868459 0.000000 0
868466 0.000000 0
868474 0.043320 0
868481 0.000000 0
868488 0.000000 0
868496 0.033140 0
868504 0.000000 0
868512 0.000000 0
868519 0.026200 0
868526 0.000000 0
868534 0.000000 0
868541 0.003910 0
868549 0.000000 0
868556 0.000000 0
868564 0.040020 0
868571 0.000000 0
868578 0.000000 0
868586 0.034930 0
868595 0.000000 0
868602 0.000000 0
868610 0.018310 0
868616 0.000000 0
868624 0.000000 0
868631 0.009570 0
868640 0.000000 0
868648 0.000000 0
868655 0.005520 0
868661 0.000000 0
868668 0.000000 0
868676 0.092930 0
868684 0.000000 0
868692 0.000000 0
868699 0.174030 0
868706 0.000000 0
868714 0.000000 0
868721 0.131720 0
868730 0.000000 0
868738 0.000000 0
868745 0.100880 0
868751 0.000000 0
868758 0.000000 0
868766 0.079000 0
868774 0.000000 0
868782 0.000000 0
868789 0.072020 0
868796 0.000000 0
868804 0.000000 0
868811 0.071170 0
868819 0.000000 0
868826 0.000000 0
868834 0.057130 0
868841 0.000000 0
868848 0.000000 0
868856 0.051820 0
868864 0.000000 0
868872 0.000000 0
868879 0.040960 0
868886 0.000000 0
868894 0.000000 0
868901 0.044710 0
868909 0.000000 0
868916 0.000000 0
868924 0.037660 0
868932 0.000000 0
868940 0.000000 0
868947 0.037660 0
868954 0.000000 0
868962 0.000000 0
868969 0.014600 0
868977 0.000000 0
868984 0.000000 0
868992 0.000000 0
868999 0.000000 0
869006 0.000000 0
869014 0.043320 0
869021 0.000000 0
869028 0.000000 0
869036 0.078600 0
869044 0.000000 0
869052 0.000000 0
869059 0.073180 0
869067 0.000000 0
869074 0.000000 0
869082 0.048460 0
869089 0.000000 0
869096 0.000000 0
869104 0.023760 0
869111 0.000000 0
869118 0.000000 0
869126 0.115600 0
869134 0.000000 0
869142 0.000000 0
869149 0.145940 0
869157 0.000000 0
869164 0.000000 0
869172 0.118090 0
869179 0.000000 0
869186 0.000000 0
869194 0.060000 0
869202 0.000000 0
869210 0.000000 0
869217 0.044530 0
869224 0.000000 0
869232 0.000000 0
869239 0.069760 0
869247 0.000000 0
869254 0.000000 0
869262 0.089160 0
869268 0.000000 0
869276 0.000000 0
869283 0.065480 0
869292 0.000000 0
869300 0.000000 0
869307 0.030000 0
869313 0.000000 0
869320 0.000000 0
869328 0.022100 0
869337 0.000000 0
869344 0.000000 0
869352 0.057800 0
869358 0.000000 0
869366 0.000000 0
869373 0.047990 0
869381 0.000000 0
869388 0.000000 0
869396 0.017900 0
869403 0.000000 0
869410 0.000000 0
869418 0.005520 0
869426 0.000000 0
869434 0.000000 0
869441 0.015120 0
869448 0.000000 0
869456 0.000000 0
869463 0.048160 0
869472 0.000000 0
869480 0.000000 0
869487 0.034930 0
869493 0.000000 0
869500 0.000000 0
869508 0.013520 0
869516 0.000000 0
869524 0.000000 0
869531 0.000000 0
869538 0.000000 0
869546 0.000000 0
869553 0.039060 0
869562 0.000000 0
869570 0.000000 0
869577 0.155320 0
869583 0.000000 0
869590 0.000000 0
869598 0.181120 0
869606 0.000000 0
869614 0.000000 0
869621 0.124680 0
869628 0.000000 0
869636 0.000000 0
869643 0.087690 0
869652 0.000000 0
869660 0.000000 0
869667 0.053270 0
869673 0.000000 0
869680 0.000000 0
869688 0.051960 0
869697 0.000000 0
869704 0.000000 0
869712 0.061390 0
869718 0.000000 0
869726 0.000000 0
869733 0.059360 0
869742 0.000000 0
869750 0.000000 0
869757 0.025010 0
869763 0.000000 0
869770 0.000000 0
869778 0.029740 0
869786 0.000000 0
869794 0.000000 0
869801 0.055790 0
869808 0.000000 0
869816 0.000000 0
869823 0.051510 0
869833 0.000000 0
869840 0.000000 0
869848 0.008730 0
869853 0.000000 0
869860 0.000000 0
869868 0.006760 0
869876 0.000000 0
869884 0.000000 0
869891 0.055920 0
869898 0.000000 0
869906 0.000000 0
869913 0.072020 0
869921 0.000000 0
869928 0.000000 0
869936 0.079180 0
869943 0.000000 0
869950 0.000000 0
869958 0.065480 0
869966 0.000000 0
869974 0.000000 0
869981 0.036640 0
869988 0.000000 0
869996 0.000000 0
870003 0.043490 0
870011 0.000000 0
870018 0.000000 0
870026 0.119810 0
870033 0.000000 0
870040 0.000000 0
870048 0.125290 0
870056 0.000000 0
870064 0.000000 0
870071 0.099730 0
870078 0.000000 0
870086 0.000000 0
870093 0.085310 0
870101 0.000000 0
870108 0.000000 0
870116 0.079470 0
870123 0.000000 0
870130 0.000000 0
870138 0.101850 0
870146 0.000000 0
870154 0.000000 0
870161 0.094710 0
870168 0.000000 0
870176 0.000000 0
870183 0.054400 0
870191 0.000000 0
870198 0.000000 0
870206 0.027340 0
870213 0.000000 0
870220 0.000000 0
870228 0.021030 0
870236 0.000000 0
870244 0.000000 0
870251 0.027890 0
870258 0.000000 0
870266 0.000000 0
870273 0.020660 0
870281 0.000000 0
870288 0.000000 0
870296 0.000000 0
870303 0.000000 0
870310 0.000000 0
870318 0.000000 0
870326 0.000000 0
870334 0.000000 0
870341 0.054120 0
870349 0.000000 0
870356 0.000000 0
870364 0.057940 0
870371 0.000000 0
870378 0.000000 0
870386 0.020290 0
870394 0.000000 0
870402 0.000000 0
870409 0.011720 0
870416 0.000000 0
870424 0.000000 0
870431 0.006760 0
870439 0.000000 0
870446 0.000000 0
870454 0.079580 0
870461 0.000000 0
870468 0.000000 0
870476 0.168690 0
870484 0.000000 0
870492 0.000000 0
870499 0.171690 0
870506 0.000000 0
870514 0.000000 0
870521 0.097180 0
870529 0.000000 0
870536 0.000000 0
870544 0.075030 0
870551 0.000000 0
870558 0.000000 0
870566 0.063940 0
870575 0.000000 0
870582 0.000000 0
870590 0.088030 0
870596 0.000000 0
870604 0.000000 0
870611 0.069760 0
870620 0.000000 0
870628 0.000000 0
870635 0.034040 0
870641 0.000000 0
870648 0.000000 0
870656 0.031480 0
870664 0.000000 0
870672 0.000000 0
870679 0.057800 0
870686 0.000000 0
870694 0.000000 0
870701 0.041340 0
870710 0.000000 0
870718 0.000000 0
870725 0.018720 0
870731 0.000000 0
870738 0.000000 0
870746 0.003910 0
870755 0.000000 0
870762 0.000000 0
870770 0.000000 0
870776 0.000000 0
870784 0.000000 0
870791 0.052690 0
870800 0.000000 0
870808 0.000000 0
870815 0.061630 0
870821 0.000000 0
870828 0.000000 0
870836 0.064420 0
870845 0.000000 0
870852 0.000000 0
870860 0.056060 0
870866 0.000000 0
870874 0.000000 0
870881 0.018310 0
870890 0.000000 0
870898 0.000000 0
870905 0.106610 0
870911 0.000000 0
870918 0.000000 0
870926 0.141370 0
870934 0.000000 0
870942 0.000000 0
870949 0.114550 0
870956 0.000000 0
870964 0.000000 0
870971 0.091690 0
870979 0.000000 0
870986 0.000000 0
870994 0.045720 0
871001 0.000000 0
871008 0.000000 0
871016 0.080520 0
871024 0.000000 0
871032 0.000000 0
871039 0.096390 0
871046 0.000000 0
871054 0.000000 0
871061 0.074620 0
871069 0.000000 0
871076 0.000000 0
871084 0.040590 0
871091 0.000000 0
871098 0.000000 0
871106 0.017010 0
871114 0.000000 0
871122 0.000000 0
871129 0.053700 0
871136 0.000000 0
871144 0.000000 0
871151 0.055100 0
871159 0.000000 0
871166 0.000000 0
871174 0.029220 0
871181 0.000000 0
871188 0.000000 0
871196 0.020290 0
871204 0.000000 0
871212 0.000000 0
871219 0.021390 0
871226 0.000000 0
871234 0.000000 0
871241 0.037660 0
871250 0.000000 0
871258 0.000000 0
871265 0.032440 0
871271 0.000000 0
871278 0.000000 0
871286 0.012950 0
871294 0.000000 0
871302 0.000000 0
871309 0.009570 0
871316 0.000000 0
871324 0.000000 0
871331 0.030500 0
871339 0.000000 0
871346 0.000000 0
871354 0.074830 0
871361 0.000000 0
871368 0.000000 0
871376 0.082670 0
871384 0.000000 0
871392 0.000000 0
871399 0.051510 0
871406 0.000000 0
871414 0.000000 0
871421 0.017460 0
871429 0.000000 0
871436 0.000000 0
871444 0.022770 0
871451 0.000000 0
871458 0.000000 0
871466 0.029740 0
871474 0.000000 0
871482 0.000000 0
871489 0.024080 0
871496 0.000000 0
871504 0.000000 0
871511 0.020660 0
871519 0.000000 0
871526 0.000000 0
871534 0.013520 0
871542 0.000000 0
871550 0.000000 0
871557 0.090520 0
871564 0.000000 0
871572 0.000000 0
871579 0.163910 0
871586 0.000000 0
871594 0.000000 0
871601 0.196600 0
871609 0.000000 0
871616 0.000000 0
871624 0.188140 0
871631 0.000000 0
871638 0.000000 0
871646 0.152680 0
871654 0.000000 0
871662 0.000000 0
871669 0.090930 0
871677 0.000000 0
871684 0.000000 0
871692 0.097490 0
871698 0.000000 0
871706 0.000000 0
871713 0.057010 0
871722 0.000000 0
871730 0.000000 0
871737 0.026200 0
871744 0.000000 0
871752 0.000000 0
871759 0.015630 0
871767 0.000000 0
871774 0.000000 0
871782 0.008730 0
871788 0.000000 0
871796 0.000000 0
871803 0.022100 0
871811 0.000000 0
871818 0.000000 0
871826 0.025010 0
871833 0.000000 0
871840 0.000000 0
871848 0.032210 0
871856 0.000000 0
871864 0.000000 0
871871 0.043320 0
871878 0.000000 0
871886 0.000000 0
871893 0.068880 0
871901 0.000000 0
871908 0.000000 0
871916 0.084320 0
871923 0.000000 0
871930 0.000000 0
871938 0.077330 0
871947 0.000000 0
871954 0.000000 0
871962 0.039830 0
871968 0.000000 0
871976 0.000000 0
871983 0.021030 0
871991 0.000000 0
871998 0.000000 0
872006 0.074310 0
872013 0.000000 0
872020 0.000000 0
872028 0.103350 0
872036 0.000000 0
872044 0.000000 0
872051 0.107960 0
872058 0.000000 0
872066 0.000000 0
872073 0.112320 0
872082 0.000000 0
872090 0.000000 0
872097 0.103040 0
872103 0.000000 0
872110 0.000000 0
872118 0.087080 0
872127 0.000000 0
872134 0.000000 0
872142 0.080430 0
872148 0.000000 0
872156 0.000000 0
872163 0.040770 0
872172 0.000000 0
872180 0.000000 0
872187 0.005520 0
872193 0.000000 0
872200 0.000000 0
872208 0.010330 0
872216 0.000000 0
872224 0.000000 0
872231 0.030000 0
872238 0.000000 0
872246 0.000000 0
872253 0.031480 0
872261 0.000000 0
872268 0.000000 0
872276 0.025310 0
872283 0.000000 0
872290 0.000000 0
872298 0.031250 0
872306 0.000000 0
872314 0.000000 0
872321 0.014080 0
872328 0.000000 0
872336 0.000000 0
872343 0.039440 0
872352 0.000000 0
872360 0.000000 0
872367 0.057400 0
872373 0.000000 0
872380 0.000000 0
872388 0.071060 0
872396 0.000000 0
872404 0.000000 0
872411 0.037050 0
872418 0.000000 0
872426 0.000000 0
872433 0.009570 0
872441 0.000000 0
872448 0.000000 0
872456 0.099430 0
872463 0.000000 0
872470 0.000000 0
872478 0.138600 0
872486 0.000000 0
872494 0.000000 0
872501 0.153090 0
872508 0.000000 0
872516 0.000000 0
872523 0.120200 0
872532 0.000000 0
872540 0.000000 0
872547 0.097110 0
872553 0.000000 0
872560 0.000000 0
872568 0.107960 0
872576 0.000000 0
872584 0.000000 0
872591 0.074110 0
872598 0.000000 0
872606 0.000000 0
872613 0.065250 0
872622 0.000000 0
872630 0.000000 0
872637 0.025010 0
872643 0.000000 0
872650 0.000000 0
872658 0.024700 0
872666 0.000000 0
872674 0.000000 0
872681 0.047030 0
872688 0.000000 0
872696 0.000000 0
872703 0.067200 0
872711 0.000000 0
872718 0.000000 0
872726 0.043140 0
872733 0.000000 0
872740 0.000000 0
872748 0.046710 0
872757 0.000000 0
872764 0.000000 0
872772 0.037260 0
872779 0.000000 0
872786 0.000000 0
872794 0.087770 0
872801 0.000000 0
872808 0.000000 0
872816 0.099430 0
872823 0.000000 0
872830 0.000000 0
872838 0.077440 0
872847 0.000000 0
872854 0.000000 0
872862 0.033140 0
872868 0.000000 0
872876 0.000000 0
872883 0.022430 0
872891 0.000000 0
872898 0.000000 0
872906 0.064300 0
872913 0.000000 0
872920 0.000000 0
872928 0.069210 0
872936 0.000000 0
872944 0.000000 0
872951 0.079290 0
872958 0.000000 0
872966 0.000000 0
872973 0.111440 0
872981 0.000000 0
872988 0.000000 0
872996 0.078130 0
873003 0.000000 0
873010 0.000000 0
873018 0.091360 0
873026 0.000000 0
873034 0.000000 0
873041 0.051510 0
873048 0.000000 0
873056 0.000000 0
873063 0.036850 0
873072 0.000000 0
873080 0.000000 0
873087 0.005520 0
873093 0.000000 0
873100 0.000000 0
873108 0.023760 0
873117 0.000000 0
873124 0.000000 0
873132 0.050920 0
873138 0.000000 0
873146 0.000000 0
873153 0.064420 0
873161 0.000000 0
873168 0.000000 0
873176 0.043840 0
873183 0.000000 0
873190 0.000000 0
873198 0.038860 0
873206 0.000000 0
873214 0.000000 0
873221 0.040210 0
873228 0.000000 0
873236 0.000000 0
873243 0.065480 0
873251 0.000000 0
873258 0.000000 0
873266 0.069660 0
873273 0.000000 0
873280 0.000000 0
873288 0.042970 0
873297 0.000000 0
873304 0.000000 0
873312 0.023440 0
873320 0.000000 0
873328 0.000000 0
873335 0.042600 0
873341 0.000000 0
873348 0.000000 0
873356 0.090850 0
873364 0.000000 0
873372 0.000000 0
873379 0.126940 0
873386 0.000000 0
873394 0.000000 0
873401 0.124250 0
873409 0.000000 0
873416 0.000000 0
873424 0.114270 0
873431 0.000000 0
873438 0.000000 0
873446 0.084050 0
873454 0.000000 0
873462 0.000000 0
873469 0.080430 0
873476 0.000000 0
873484 0.000000 0
873491 0.054120 0
873500 0.000000 0
873508 0.000000 0
873515 0.013520 0
873521 0.000000 0
873528 0.000000 0
873536 0.005520 0
873545 0.000000 0
873552 0.000000 0
873560 0.037660 0
873566 0.000000 0
873574 0.000000 0
873581 0.034270 0
873590 0.000000 0
873598 0.000000 0
873605 0.031250 0
873611 0.000000 0
873618 0.000000 0
873626 0.013520 0
873634 0.000000 0
873642 0.000000 0
873649 0.032210 0
873656 0.000000 0
873664 0.000000 0
873671 0.056200 0
873679 0.000000 0
873686 0.000000 0
873694 0.071490 0
873701 0.000000 0
873708 0.000000 0
873716 0.079670 0
873724 0.000000 0
873732 0.000000 0
873739 0.058200 0
873746 0.000000 0
873754 0.000000 0
873761 0.017900 0
873770 0.000000 0
873778 0.000000 0
873785 0.064650 0
873791 0.000000 0
873798 0.000000 0
873806 0.115140 0
873814 0.000000 0
873822 0.000000 0
873829 0.117510 0
873836 0.000000 0
873844 0.000000 0
873851 0.126630 0
873859 0.000000 0
873866 0.000000 0
873874 0.108950 0
873881 0.000000 0
873888 0.000000 0
873896 0.078020 0
873904 0.000000 0
873912 0.000000 0
873919 0.064650 0
873926 0.000000 0
873934 0.000000 0
873941 0.011050 0
873949 0.000000 0
873956 0.000000 0
873964 0.011050 0
873971 0.000000 0
873978 0.000000 0
873986 0.011720 0
873994 0.000000 0
874002 0.000000 0
874009 0.048310 0
874016 0.000000 0
874024 0.000000 0
874031 0.041520 0
874039 0.000000 0
874046 0.000000 0
874054 0.079580 0
874061 0.000000 0
874068 0.000000 0
874076 0.144050 0
874084 0.000000 0
874092 0.000000 0
874099 0.111990 0
874106 0.000000 0
874114 0.000000 0
874121 0.036220 0
874129 0.000000 0
874136 0.000000 0
874144 0.038860 0
874151 0.000000 0
874158 0.000000 0
874166 0.048780 0
874174 0.000000 0
874182 0.000000 0
874189 0.026780 0
874196 0.000000 0
874204 0.000000 0
874211 0.011050 0
874219 0.000000 0
874226 0.000000 0
874234 0.077240 0
874241 0.000000 0
874248 0.000000 0
874256 0.128190 0
874264 0.000000 0
874272 0.000000 0
874279 0.129730 0
874286 0.000000 0
874294 0.000000 0
874301 0.115880 0
874309 0.000000 0
874316 0.000000 0
874324 0.098590 0
874331 0.000000 0
874338 0.000000 0
874346 0.099580 0
874354 0.000000 0
874362 0.000000 0
874369 0.088810 0
874377 0.000000 0
874384 0.000000 0
874392 0.065710 0
874399 0.000000 0
874406 0.000000 0
874414 0.025010 0
874422 0.000000 0
874430 0.000000 0
874437 0.016100 0
874443 0.000000 0
874450 0.000000 0
874458 0.067770 0
874467 0.000000 0
874474 0.000000 0
874482 0.075640 0
874489 0.000000 0
874496 0.000000 0
874504 0.041150 0
874512 0.000000 0
874520 0.000000 0
874527 0.043490 0
874534 0.000000 0
874542 0.000000 0
874549 0.034710 0
874557 0.000000 0
874564 0.000000 0
874572 0.114210 0
874579 0.000000 0
874586 0.000000 0
874594 0.134920 0
874602 0.000000 0
874610 0.000000 0
874617 0.097810 0
874624 0.000000 0
874632 0.000000 0
874639 0.038270 0
874647 0.000000 0
874654 0.000000 0
874662 0.026780 0
874669 0.000000 0
874676 0.000000 0
874684 0.040410 0
874692 0.000000 0
874700 0.000000 0
874707 0.079000 0
874714 0.000000 0
874722 0.000000 0
874729 0.066870 0
874737 0.000000 0
874744 0.000000 0
874752 0.108170 0
874759 0.000000 0
874766 0.000000 0
874774 0.086380 0
874782 0.000000 0
874790 0.000000 0
874797 0.085480 0
874804 0.000000 0
874812 0.000000 0
874819 0.053410 0
874827 0.000000 0
874834 0.000000 0
874842 0.035580 0
874849 0.000000 0
874856 0.000000 0
874864 0.000000 0
874872 0.000000 0
874880 0.000000 0
874887 0.007810 0
874894 0.000000 0
874902 0.000000 0
874909 0.041890 0
874917 0.000000 0
874924 0.000000 0
874932 0.075230 0
874939 0.000000 0
874946 0.000000 0
874954 0.041150 0
874961 0.000000 0
874968 0.000000 0
874976 0.030240 0
874984 0.000000 0
874992 0.000000 0
874999 0.039440 0
875007 0.000000 0
875014 0.000000 0
875022 0.074620 0
875029 0.000000 0
875036 0.000000 0
875044 0.070420 0
875052 0.000000 0
875060 0.000000 0
875067 0.042250 0
875074 0.000000 0
875082 0.000000 0
875089 0.022430 0
875097 0.000000 0
875104 0.000000 0
875112 0.026200 0
875119 0.000000 0
875126 0.000000 0
875134 0.087510 0
875142 0.000000 0
875150 0.000000 0
875157 0.118930 0
875164 0.000000 0
875172 0.000000 0
875179 0.108110 0
875187 0.000000 0
875194 0.000000 0
875202 0.113340 0
875209 0.000000 0
875216 0.000000 0
875224 0.100720 0
875232 0.000000 0
875240 0.000000 0
875247 0.093980 0
875254 0.000000 0
875262 0.000000 0
875269 0.047520 0
875277 0.000000 0
875284 0.000000 0
875292 0.011720 0
875298 0.000000 0
875306 0.000000 0
875313 0.005520 0
875321 0.000000 0
875328 0.000000 0
875336 0.017460 0
875343 0.000000 0
875350 0.000000 0
875358 0.028170 0
875366 0.000000 0
875374 0.000000 0
875381 0.019130 0
875388 0.000000 0
875396 0.000000 0
875403 0.017460 0
875411 0.000000 0
875418 0.000000 0
875426 0.020290 0
875433 0.000000 0
875440 0.000000 0
875448 0.047200 0
875457 0.000000 0
875464 0.000000 0
875472 0.077930 0
875478 0.000000 0
875486 0.000000 0
875493 0.079290 0
875501 0.000000 0
875508 0.000000 0
875516 0.068100 0
875523 0.000000 0
875530 0.000000 0
875538 0.018720 0
875546 0.000000 0
875554 0.000000 0
875561 0.062610 0
875568 0.000000 0
875576 0.000000 0
875583 0.104300 0
875591 0.000000 0
875598 0.000000 0
875606 0.119510 0
875613 0.000000 0
875620 0.000000 0
875628 0.124320 0
875636 0.000000 0
875644 0.000000 0
875651 0.111510 0
875658 0.000000 0
875666 0.000000 0
875673 0.089070 0
875682 0.000000 0
875690 0.000000 0
875697 0.065930 0
875703 0.000000 0
875710 0.000000 0
875718 0.022430 0
875727 0.000000 0
875734 0.000000 0
875742 0.006760 0
875748 0.000000 0
875756 0.000000 0
875763 0.010330 0
875772 0.000000 0
875780 0.000000 0
875787 0.049410 0
875793 0.000000 0
875800 0.000000 0
875808 0.049710 0
875816 0.000000 0
875824 0.000000 0
875831 0.037870 0
875839 0.000000 0
875846 0.000000 0
875854 0.030500 0
875861 0.000000 0
875868 0.000000 0
875876 0.021390 0
875883 0.000000 0
875890 0.000000 0
875898 0.054960 0
875906 0.000000 0
875914 0.000000 0
875921 0.055790 0
875928 0.000000 0
875936 0.000000 0
875943 0.063340 0
875951 0.000000 0
875958 0.000000 0
875966 0.050020 0
875973 0.000000 0
875980 0.000000 0
875988 0.027340 0
875996 0.000000 0
876004 0.000000 0
876011 0.074620 0
876018 0.000000 0
876026 0.000000 0
876033 0.127350 0
876042 0.000000 0
876050 0.000000 0
876057 0.152790 0
876063 0.000000 0
876070 0.000000 0
876078 0.126940 0
876086 0.000000 0
876094 0.000000 0
876101 0.113210 0
876108 0.000000 0
876116 0.000000 0
876123 0.106400 0
876131 0.000000 0
876138 0.000000 0
876146 0.092930 0
876155 0.000000 0
876162 0.000000 0
876170 0.061390 0
876176 0.000000 0
876184 0.000000 0
876191 0.023760 0
876198 0.000000 0
876206 0.000000 0
876213 0.014600 0
876221 0.000000 0
876228 0.000000 0
876236 0.044530 0
876243 0.000000 0
876250 0.000000 0
876258 0.073080 0
876266 0.000000 0
876274 0.000000 0
876281 0.051510 0
876288 0.000000 0
876296 0.000000 0
876303 0.038860 0
876312 0.000000 0
876320 0.000000 0
876327 0.034040 0
876333 0.000000 0
876340 0.000000 0
876348 0.088380 0
876356 0.000000 0
876364 0.000000 0
876371 0.089750 0
876379 0.000000 0
876386 0.000000 0
876394 0.063710 0
876401 0.000000 0
876408 0.000000 0
876416 0.034270 0
876424 0.000000 0
876432 0.000000 0
876439 0.026780 0
876446 0.000000 0
876454 0.000000 0
876461 0.046220 0
876469 0.000000 0
876476 0.000000 0
876484 0.084860 0
876491 0.000000 0
876498 0.000000 0
876506 0.092270 0
876514 0.000000 0
876522 0.000000 0
876529 0.112540 0
876536 0.000000 0
876544 0.000000 0
876551 0.101560 0
876560 0.000000 0
876568 0.000000 0
876575 0.089160 0
876581 0.000000 0
876588 0.000000 0
876596 0.057800 0
876604 0.000000 0
876612 0.000000 0
876619 0.035370 0
876626 0.000000 0
876634 0.000000 0
876641 0.008730 0
876649 0.000000 0
876656 0.000000 0
876664 0.007810 0
876671 0.000000 0
876678 0.000000 0
876686 0.039250 0
876695 0.000000 0
876702 0.000000 0
876710 0.050320 0
876716 0.000000 0
876724 0.000000 0
876731 0.036220 0
876739 0.000000 0
876746 0.000000 0
876754 0.031720 0
876761 0.000000 0
876768 0.000000 0
876776 0.023440 0
876784 0.000000 0
876792 0.000000 0
876799 0.065930 0
876806 0.000000 0
876814 0.000000 0
876821 0.076450 0
876829 0.000000 0
876836 0.000000 0
876844 0.052550 0
876851 0.000000 0
876858 0.000000 0
876866 0.028700 0
876874 0.000000 0
876882 0.000000 0
876889 0.033600 0
876896 0.000000 0
876904 0.000000 0
876911 0.094390 0
876919 0.000000 0
876926 0.000000 0
876934 0.120840 0
876941 0.000000 0
876948 0.000000 0
876956 0.121220 0
876964 0.000000 0
876972 0.000000 0
876979 0.129670 0
876986 0.000000 0
876994 0.000000 0
877001 0.098340 0
877009 0.000000 0
877016 0.000000 0
877024 0.068990 0
877031 0.000000 0
877038 0.000000 0
877046 0.025310 0
877054 0.000000 0
877062 0.000000 0
877069 0.012340 0
877076 0.000000 0
877084 0.000000 0
877091 0.012340 0
877099 0.000000 0
877106 0.000000 0
877114 0.038070 0
877121 0.000000 0
877128 0.000000 0
877136 0.037460 0
877144 0.000000 0
877152 0.000000 0
877159 0.019530 0
877166 0.000000 0
877174 0.000000 0
877181 0.028170 0
877189 0.000000 0
877196 0.000000 0
877204 0.025310 0
877211 0.000000 0
877218 0.000000 0
877226 0.047670 0
877234 0.000000 0
877242 0.000000 0
877249 0.083410 0
877256 0.000000 0
877264 0.000000 0
877271 0.081930 0
877280 0.000000 0
877288 0.000000 0
877295 0.071700 0
877301 0.000000 0
877308 0.000000 0
877316 0.026780 0
877324 0.000000 0
877332 0.000000 0
877339 0.066510 0
877346 0.000000 0
877354 0.000000 0
877361 0.126210 0
877369 0.000000 0
877376 0.000000 0
877384 0.122470 0
877391 0.000000 0
877398 0.000000 0
877406 0.119690 0
877414 0.000000 0
877422 0.000000 0
877429 0.118030 0
877436 0.000000 0
877444 0.000000 0
877451 0.096240 0
877459 0.000000 0
877466 0.000000 0
877474 0.074110 0
877482 0.000000 0
877490 0.000000 0
877497 0.038860 0
877503 0.000000 0
877510 0.000000 0
877518 0.011050 0
877527 0.000000 0
877534 0.000000 0
877542 0.011720 0
877549 0.000000 0
877556 0.000000 0
877564 0.046710 0
877571 0.000000 0
877578 0.000000 0
877586 0.046880 0
877594 0.000000 0
877602 0.000000 0
877609 0.031250 0
877617 0.000000 0
877624 0.000000 0
877632 0.036640 0
877639 0.000000 0
877646 0.000000 0
877654 0.027340 0
877662 0.000000 0
877670 0.000000 0
877677 0.061390 0
877684 0.000000 0
877692 0.000000 0
877699 0.062500 0
877707 0.000000 0
877714 0.000000 0
877722 0.055370 0
877729 0.000000 0
877736 0.000000 0
877744 0.046370 0
877752 0.000000 0
877760 0.000000 0
877767 0.030990 0
877774 0.000000 0
877782 0.000000 0
877789 0.074110 0
877797 0.000000 0
877804 0.000000 0
877812 0.137440 0
877819 0.000000 0
877826 0.000000 0
877834 0.140670 0
877842 0.000000 0
877850 0.000000 0
877857 0.141540 0
877864 0.000000 0
877872 0.000000 0
877879 0.127600 0
877886 0.000000 0
877894 0.000000 0
877901 0.099500 0
877909 0.000000 0
877916 0.000000 0
877924 0.093100 0
877932 0.000000 0
877940 0.000000 0
877947 0.052690 0
877953 0.000000 0
877960 0.000000 0
877968 0.024080 0
877977 0.000000 0
877984 0.000000 0
877992 0.015630 0
877999 0.000000 0
878006 0.000000 0
878014 0.045210 0
878022 0.000000 0
878030 0.000000 0
878037 0.077820 0
878044 0.000000 0
878052 0.000000 0
878059 0.049870 0
878067 0.000000 0
878074 0.000000 0
878082 0.034930 0
878089 0.000000 0
878096 0.000000 0
878104 0.027340 0
878112 0.000000 0
878120 0.000000 0
878127 0.082220 0
878134 0.000000 0
878142 0.000000 0
878149 0.083500 0
878157 0.000000 0
878164 0.000000 0
878172 0.075330 0
878179 0.000000 0
878186 0.000000 0
878194 0.044880 0
878201 0.000000 0
878208 0.000000 0
878216 0.027890 0
878223 0.000000 0
878230 0.000000 0
878238 0.058200 0
878246 0.000000 0
878254 0.000000 0
878261 0.094470 0
878268 0.000000 0
878276 0.000000 0
878283 0.100340 0
878291 0.000000 0
878298 0.000000 0
878306 0.106320 0
878313 0.000000 0
878320 0.000000 0
878328 0.092520 0
878337 0.000000 0
878344 0.000000 0
878352 0.079760 0
878358 0.000000 0
878366 0.000000 0
878373 0.057800 0
878382 0.000000 0
878390 0.000000 0
878397 0.019910 0
878403 0.000000 0
878410 0.000000 0
878418 0.007810 0
878426 0.000000 0
878434 0.000000 0
878441 0.006760 0
878448 0.000000 0
878456 0.000000 0
878463 0.053270 0
878471 0.000000 0
878478 0.000000 0
878486 0.073900 0
878493 0.000000 0
878500 0.000000 0
878508 0.085220 0
878516 0.000000 0
878524 0.000000 0
878531 0.080990 0
878538 0.000000 0
878546 0.000000 0
878553 0.039250 0
878561 0.000000 0
878568 0.000000 0
878576 0.073080 0
878583 0.000000 0
878590 0.000000 0
878598 0.084500 0
878607 0.000000 0
878614 0.000000 0
878622 0.075640 0
878628 0.000000 0
878636 0.000000 0
878643 0.012950 0
878652 0.000000 0
878660 0.000000 0
878667 0.003910 0
878673 0.000000 0
878680 0.000000 0
878688 0.082220 0
878696 0.000000 0
878704 0.000000 0
878711 0.095600 0
878718 0.000000 0
878726 0.000000 0
878733 0.094220 0
878741 0.000000 0
878748 0.000000 0
878756 0.115480 0
878763 0.000000 0
878770 0.000000 0
878778 0.072240 0
878786 0.000000 0
878794 0.000000 0
878801 0.072540 0
878808 0.000000 0
878816 0.000000 0
878823 0.038860 0
878831 0.000000 0
878838 0.000000 0
878846 0.014600 0
878853 0.000000 0
878860 0.000000 0
878868 0.008730 0
878876 0.000000 0
878884 0.000000 0
878891 0.018310 0
878898 0.000000 0
878906 0.000000 0
878913 0.029220 0
878921 0.000000 0
878928 0.000000 0
878936 0.020660 0
878944 0.000000 0
878952 0.000000 0
878959 0.017900 0
878967 0.000000 0
878974 0.000000 0
878982 0.027050 0
878988 0.000000 0
878996 0.000000 0
879003 0.078130 0
879011 0.000000 0
879018 0.000000 0
879026 0.074010 0
879033 0.000000 0
879040 0.000000 0
879048 0.072240 0
879056 0.000000 0
879064 0.000000 0
879071 0.058320 0
879080 0.000000 0
879088 0.000000 0
879095 0.028700 0
879101 0.000000 0
879108 0.000000 0
879116 0.052260 0
879125 0.000000 0
879132 0.000000 0
879140 0.112120 0
879146 0.000000 0
879154 0.000000 0
879161 0.135820 0
879168 0.000000 0
879176 0.000000 0
879183 0.116790 0
879191 0.000000 0
879198 0.000000 0
879206 0.119890 0
879213 0.000000 0
879220 0.000000 0
879228 0.102450 0
879236 0.000000 0
879244 0.000000 0
879251 0.088210 0
879259 0.000000 0
879266 0.000000 0
879274 0.048160 0
879281 0.000000 0
879288 0.000000 0
879296 0.023440 0
879305 0.000000 0
879312 0.000000 0
879320 0.008730 0
879326 0.000000 0
879334 0.000000 0
879341 0.031250 0
879349 0.000000 0
879356 0.000000 0
879364 0.042970 0
879371 0.000000 0
879378 0.000000 0
879386 0.044880 0
879394 0.000000 0
879402 0.000000 0
879409 0.042790 0
879416 0.000000 0
879424 0.000000 0
879431 0.030000 0
879439 0.000000 0
879446 0.000000 0
879454 0.070530 0
879461 0.000000 0
879468 0.000000 0
879476 0.073270 0
879484 0.000000 0
879492 0.000000 0
879499 0.049260 0
879506 0.000000 0
879514 0.000000 0
879521 0.040960 0
879529 0.000000 0
879536 0.000000 0
879544 0.031480 0
879551 0.000000 0
879558 0.000000 0
879566 0.077930 0
879575 0.000000 0
879582 0.000000 0
879590 0.151380 0
879596 0.000000 0
879604 0.000000 0
879611 0.139360 0
879619 0.000000 0
879626 0.000000 0
879634 0.144430 0
879641 0.000000 0
879648 0.000000 0
879656 0.114490 0
879664 0.000000 0
879672 0.000000 0
879679 0.101260 0
879686 0.000000 0
879694 0.000000 0
879701 0.085390 0
879709 0.000000 0
879716 0.000000 0
879724 0.042970 0
879731 0.000000 0
879738 0.000000 0
879746 0.023440 0
879754 0.000000 0
879762 0.000000 0
879769 0.015120 0
879776 0.000000 0
879784 0.000000 0
879791 0.046540 0
879799 0.000000 0
879806 0.000000 0
879814 0.086380 0
879821 0.000000 0
879828 0.000000 0
879836 0.068440 0
879844 0.000000 0
879852 0.000000 0
879859 0.025910 0
879866 0.000000 0
879874 0.000000 0
879881 0.018720 0
879889 0.000000 0
879896 0.000000 0
879904 0.068990 0
879911 0.000000 0
879918 0.000000 0
879926 0.098510 0
879934 0.000000 0
879942 0.000000 0
879949 0.085390 0
879956 0.000000 0
879964 0.000000 0
879971 0.047520 0
879979 0.000000 0
879986 0.000000 0
879994 0.026200 0
880001 0.000000 0
880008 0.000000 0
880016 0.060380 0
880024 0.000000 0
880032 0.000000 0
880039 0.087430 0
880046 0.000000 0
880054 0.000000 0
880061 0.101260 0
880069 0.000000 0
880076 0.000000 0
880084 0.110060 0
880091 0.000000 0
880098 0.000000 0
880106 0.081560 0
880114 0.000000 0
880122 0.000000 0
880129 0.073490 0
880136 0.000000 0
880144 0.000000 0
880151 0.054120 0
880159 0.000000 0
880166 0.000000 0
880174 0.007810 0
880181 0.000000 0
880188 0.000000 0
880196 0.007810 0
880204 0.000000 0
880212 0.000000 0
880219 0.005520 0
880226 0.000000 0
880234 0.000000 0
880241 0.033140 0
880249 0.000000 0
880256 0.000000 0
880264 0.040770 0
880271 0.000000 0
880278 0.000000 0
880286 0.032910 0
880294 0.000000 0
880302 0.000000 0
880309 0.027050 0
880317 0.000000 0
880324 0.000000 0
880332 0.023760 0
880339 0.000000 0
880346 0.000000 0
880354 0.049710 0
880362 0.000000 0
880370 0.000000 0
880377 0.070310 0
880384 0.000000 0
880392 0.000000 0
880399 0.071490 0
880406 0.000000 0
880414 0.000000 0
880421 0.018720 0
880429 0.000000 0
880436 0.000000 0
880444 0.020290 0
880452 0.000000 0
880460 0.000000 0
880467 0.106900 0
880474 0.000000 0
880482 0.000000 0
880489 0.130310 0
880496 0.000000 0
880504 0.000000 0
880511 0.115600 0
880519 0.000000 0
880526 0.000000 0
880534 0.132810 0
880542 0.000000 0
880550 0.000000 0
880557 0.082760 0
880563 0.000000 0
880570 0.000000 0
880578 0.078890 0
880587 0.000000 0
880594 0.000000 0
880602 0.039640 0
880608 0.000000 0
880616 0.000000 0
880623 0.019910 0
880632 0.000000 0
880640 0.000000 0
880647 0.005520 0
880654 0.000000 0
880662 0.000000 0
880669 0.036220 0
880677 0.000000 0
880684 0.000000 0
880692 0.034490 0
880699 0.000000 0
880706 0.000000 0
880714 0.030240 0
880722 0.000000 0
880730 0.000000 0
880737 0.024380 0
880744 0.000000 0
880752 0.000000 0
880759 0.036220 0
880766 0.000000 0
880774 0.000000 0
880781 0.067200 0
880789 0.000000 0
880796 0.000000 0
880804 0.071170 0
880812 0.000000 0
880820 0.000000 0
880827 0.072540 0
880834 0.000000 0
880842 0.000000 0
880849 0.051380 0
880857 0.000000 0
880864 0.000000 0
880872 0.025910 0
880879 0.000000 0
880886 0.000000 0
880894 0.054120 0
880901 0.000000 0
880908 0.000000 0
880916 0.106970 0
880924 0.000000 0
880932 0.000000 0
880939 0.126510 0
880947 0.000000 0
880954 0.000000 0
880962 0.116590 0
880969 0.000000 0
880976 0.000000 0
880984 0.120650 0
880992 0.000000 0
881000 0.000000 0
881007 0.102680 0
881013 0.000000 0
881020 0.000000 0
881028 0.094790 0
881037 0.000000 0
881044 0.000000 0
881052 0.050320 0
881058 0.000000 0
881066 0.000000 0
881073 0.027620 0
881082 0.000000 0
881090 0.000000 0
881097 0.007810 0
881103 0.000000 0
881110 0.000000 0
881118 0.044190 0
881126 0.000000 0
881134 0.000000 0
881141 0.044530 0
881148 0.000000 0
881156 0.000000 0
881163 0.053270 0
881171 0.000000 0
881178 0.000000 0
881186 0.044530 0
881193 0.000000 0
881200 0.000000 0
881208 0.030000 0
881216 0.000000 0
881224 0.000000 0
881231 0.075940 0
881238 0.000000 0
881246 0.000000 0
881253 0.080230 0
881261 0.000000 0
881268 0.000000 0
881276 0.053830 0
881283 0.000000 0
881290 0.000000 0
881298 0.030500 0
881306 0.000000 0
881314 0.000000 0
881321 0.025600 0
881328 0.000000 0
881336 0.000000 0
881343 0.057270 0
881351 0.000000 0
881358 0.000000 0
881366 0.135870 0
881373 0.000000 0
881380 0.000000 0
881388 0.136390 0
881396 0.000000 0
881404 0.000000 0
881411 0.129960 0
881418 0.000000 0
881426 0.000000 0
881433 0.111850 0
881441 0.000000 0
881448 0.000000 0
881456 0.097020 0
881463 0.000000 0
881470 0.000000 0
881478 0.086290 0
881487 0.000000 0
881494 0.000000 0
881502 0.050170 0
881508 0.000000 0
881516 0.000000 0
881523 0.029220 0
881532 0.000000 0
881540 0.000000 0
881547 0.017900 0
881553 0.000000 0
881560 0.000000 0
881568 0.040410 0
881576 0.000000 0
881584 0.000000 0
881591 0.071600 0
881598 0.000000 0
881606 0.000000 0
881613 0.056870 0
881621 0.000000 0
881628 0.000000 0
881636 0.027050 0
881643 0.000000 0
881650 0.000000 0
881658 0.019910 0
881667 0.000000 0
881674 0.000000 0
881682 0.070740 0
881688 0.000000 0
881696 0.000000 0
881703 0.112460 0
881711 0.000000 0
881718 0.000000 0
881726 0.105240 0
881733 0.000000 0
881740 0.000000 0
881748 0.045040 0
881757 0.000000 0
881764 0.000000 0
881772 0.028170 0
881779 0.000000 0
881786 0.000000 0
881794 0.035370 0
881802 0.000000 0
881810 0.000000 0
881817 0.052980 0
881823 0.000000 0
881830 0.000000 0
881838 0.096240 0
881846 0.000000 0
881854 0.000000 0
881861 0.103560 0
881868 0.000000 0
881876 0.000000 0
881883 0.088380 0
881891 0.000000 0
881898 0.000000 0
881906 0.077930 0
881913 0.000000 0
881920 0.000000 0
881928 0.044010 0
881936 0.000000 0
881944 0.000000 0
881951 0.023440 0
881958 0.000000 0
881966 0.000000 0
881973 0.009570 0
881981 0.000000 0
881988 0.000000 0
881996 0.006760 0
882003 0.000000 0
882010 0.000000 0
882018 0.038270 0
882026 0.000000 0
882034 0.000000 0
882041 0.063710 0
882048 0.000000 0
882056 0.000000 0
882063 0.042790 0
882071 0.000000 0
882078 0.000000 0
882086 0.030000 0
882093 0.000000 0
882100 0.000000 0
882108 0.028430 0
882116 0.000000 0
882124 0.000000 0
882131 0.049710 0
882139 0.000000 0
882146 0.000000 0
882154 0.056730 0
882161 0.000000 0
882168 0.000000 0
882176 0.066970 0
882183 0.000000 0
882190 0.000000 0
882198 0.022100 0
882207 0.000000 0
882214 0.000000 0
882222 0.014600 0
882228 0.000000 0
882236 0.000000 0
882243 0.101850 0
882251 0.000000 0
882258 0.000000 0
882266 0.133730 0
882273 0.000000 0
882280 0.000000 0
882288 0.116910 0
882296 0.000000 0
882304 0.000000 0
882311 0.125720 0
882318 0.000000 0
882326 0.000000 0
882333 0.086730 0
882341 0.000000 0
882348 0.000000 0
882356 0.088470 0
882365 0.000000 0
882372 0.000000 0
882380 0.051380 0
882386 0.000000 0
882394 0.000000 0
882401 0.023440 0
882410 0.000000 0
882418 0.000000 0
882425 0.010330 0
882431 0.000000 0
882438 0.000000 0
882446 0.035370 0
882455 0.000000 0
882462 0.000000 0
882470 0.047200 0
882476 0.000000 0
882484 0.000000 0
882491 0.025600 0
882499 0.000000 0
882506 0.000000 0
882514 0.017010 0
882521 0.000000 0
882528 0.000000 0
882536 0.036420 0
882544 0.000000 0
882552 0.000000 0
882559 0.062970 0
882566 0.000000 0
882574 0.000000 0
882581 0.081180 0
882589 0.000000 0
882596 0.000000 0
882604 0.078020 0
882611 0.000000 0
882618 0.000000 0
882626 0.044710 0
882634 0.000000 0
882642 0.000000 0
882649 0.028700 0
882656 0.000000 0
882664 0.000000 0
882671 0.032670 0
882680 0.000000 0
882688 0.000000 0
882695 0.099500 0
882701 0.000000 0
882708 0.000000 0
882716 0.115940 0
882724 0.000000 0
882732 0.000000 0
882739 0.123890 0
882747 0.000000 0
882754 0.000000 0
882762 0.116590 0
882769 0.000000 0
882776 0.000000 0
882784 0.100340 0
882791 0.000000 0
882798 0.000000 0
882806 0.091020 0
882814 0.000000 0
882822 0.000000 0
882829 0.055650 0
882836 0.000000 0
882844 0.000000 0
882851 0.028700 0
882859 0.000000 0
882866 0.000000 0
882874 0.000000 0
882881 0.000000 0
882888 0.000000 0
882896 0.041340 0
882904 0.000000 0
882912 0.000000 0
882919 0.045550 0
882926 0.000000 0
882934 0.000000 0
882941 0.051220 0
882949 0.000000 0
882956 0.000000 0
882964 0.041890 0
882971 0.000000 0
882978 0.000000 0
882986 0.034930 0
882994 0.000000 0
883002 0.000000 0
883009 0.076140 0
883016 0.000000 0
883024 0.000000 0
883031 0.084950 0
883039 0.000000 0
883046 0.000000 0
883054 0.058060 0
883061 0.000000 0
883068 0.000000 0
883076 0.033140 0
883084 0.000000 0
883092 0.000000 0
883099 0.023760 0
883106 0.000000 0
883114 0.000000 0
883121 0.054690 0
883129 0.000000 0
883136 0.000000 0
883144 0.128790 0
883151 0.000000 0
883158 0.000000 0
883166 0.136490 0
883174 0.000000 0
883182 0.000000 0
883189 0.125540 0
883196 0.000000 0
883204 0.000000 0
883211 0.111650 0
883219 0.000000 0
883226 0.000000 0
883234 0.084320 0
883241 0.000000 0
883248 0.000000 0
883256 0.102910 0
883264 0.000000 0
883272 0.000000 0
883279 0.079760 0
883286 0.000000 0
883294 0.000000 0
883301 0.026200 0
883309 0.000000 0
883316 0.000000 0
883324 0.017900 0
883331 0.000000 0
883338 0.000000 0
883346 0.049260 0
883354 0.000000 0
883362 0.000000 0
883369 0.059360 0
883376 0.000000 0
883384 0.000000 0
883391 0.037870 0
883399 0.000000 0
883406 0.000000 0
883414 0.030750 0
883421 0.000000 0
883428 0.000000 0
883436 0.023760 0
883445 0.000000 0
883452 0.000000 0
883460 0.076140 0
883466 0.000000 0
883474 0.000000 0
883481 0.093340 0
883489 0.000000 0
883496 0.000000 0
883504 0.083770 0
883511 0.000000 0
883518 0.000000 0
883526 0.064530 0
883534 0.000000 0
883542 0.000000 0
883549 0.034490 0
883556 0.000000 0
883564 0.000000 0
883571 0.053830 0
883579 0.000000 0
883586 0.000000 0
883594 0.064880 0
883601 0.000000 0
883608 0.000000 0
883616 0.082760 0
883624 0.000000 0
883632 0.000000 0
883639 0.099430 0
883647 0.000000 0
883654 0.000000 0
883662 0.087950 0
883669 0.000000 0
883676 0.000000 0
883684 0.089230 0
883692 0.000000 0
883700 0.000000 0
883707 0.045880 0
883714 0.000000 0
883722 0.000000 0
883729 0.023760 0
883737 0.000000 0
883744 0.000000 0
883752 0.005520 0
883759 0.000000 0
883766 0.000000 0
883774 0.005520 0
883782 0.000000 0
883790 0.000000 0
883797 0.031250 0
883804 0.000000 0
883812 0.000000 0
883819 0.060760 0
883827 0.000000 0
883834 0.000000 0
883842 0.038670 0
883849 0.000000 0
883856 0.000000 0
883864 0.031720 0
883872 0.000000 0
883880 0.000000 0
883887 0.027340 0
883894 0.000000 0
883902 0.000000 0
883909 0.060880 0
883917 0.000000 0
883924 0.000000 0
883932 0.053270 0
883939 0.000000 0
883946 0.000000 0
883954 0.061750 0
883962 0.000000 0
883970 0.000000 0
883977 0.023760 0
883984 0.000000 0
883992 0.000000 0
883999 0.005520 0
884007 0.000000 0
884014 0.000000 0
884022 0.106690 0
884029 0.000000 0
884036 0.000000 0
884044 0.126090 0
884052 0.000000 0
884060 0.000000 0
884067 0.107760 0
884074 0.000000 0
884082 0.000000 0
884089 0.131880 0
884096 0.000000 0
884104 0.000000 0
884111 0.089160 0
884119 0.000000 0
884126 0.000000 0
884134 0.100420 0
884142 0.000000 0
884150 0.000000 0
884157 0.051670 0
884163 0.000000 0
884170 0.000000 0
884178 0.029740 0
884187 0.000000 0
884194 0.000000 0
884202 0.010330 0
884209 0.000000 0
884216 0.000000 0
884224 0.023100 0
884232 0.000000 0
884240 0.000000 0
884247 0.049260 0
884254 0.000000 0
884262 0.000000 0
884269 0.044010 0
884277 0.000000 0
884284 0.000000 0
884292 0.022430 0
884299 0.000000 0
884306 0.000000 0
884314 0.031250 0
884322 0.000000 0
884330 0.000000 0
884337 0.052690 0
884344 0.000000 0
884352 0.000000 0
884359 0.080610 0
884367 0.000000 0
884374 0.000000 0
884382 0.080340 0
884389 0.000000 0
884396 0.000000 0
884404 0.040770 0
884412 0.000000 0
884420 0.000000 0
884427 0.029220 0
884434 0.000000 0
884442 0.000000 0
884449 0.039830 0
884457 0.000000 0
884464 0.000000 0
884472 0.097260 0
884479 0.000000 0
884486 0.000000 0
884494 0.107120 0
884502 0.000000 0
884510 0.000000 0
884517 0.113010 0
884524 0.000000 0
884532 0.000000 0
884539 0.114810 0
884547 0.000000 0
884554 0.000000 0
884562 0.088380 0
884569 0.000000 0
884576 0.000000 0
884584 0.092520 0
884592 0.000000 0
884600 0.000000 0
884607 0.062500 0
884614 0.000000 0
884622 0.000000 0
884629 0.027050 0
884637 0.000000 0
884644 0.000000 0
884652 0.006760 0
884659 0.000000 0
884666 0.000000 0
884674 0.029220 0
884682 0.000000 0
884690 0.000000 0
884697 0.050480 0
884704 0.000000 0
884712 0.000000 0
884719 0.061750 0
884727 0.000000 0
884734 0.000000 0
884742 0.033370 0
884749 0.000000 0
884756 0.000000 0
884764 0.035800 0
884772 0.000000 0
884780 0.000000 0
884787 0.069760 0
884794 0.000000 0
884802 0.000000 0
884809 0.082490 0
884817 0.000000 0
884824 0.000000 0
884832 0.070530 0
884839 0.000000 0
884846 0.000000 0
884854 0.034270 0
884862 0.000000 0
884870 0.000000 0
884877 0.015120 0
884883 0.000000 0
884890 0.000000 0
884898 0.061260 0
884906 0.000000 0
884914 0.000000 0
884921 0.131430 0
884928 0.000000 0
884936 0.000000 0
884943 0.131180 0
884951 0.000000 0
884958 0.000000 0
884966 0.123770 0
884973 0.000000 0
884980 0.000000 0
884988 0.112540 0
884996 0.000000 0
885004 0.000000 0
885011 0.091260 0
885018 0.000000 0
885026 0.000000 0
885033 0.083590 0
885041 0.000000 0
885048 0.000000 0
885056 0.072020 0
885063 0.000000 0
885070 0.000000 0
885078 0.025910 0
885087 0.000000 0
885094 0.000000 0
885102 0.016100 0
885109 0.000000 0
885116 0.000000 0
885124 0.031970 0
885131 0.000000 0
885138 0.000000 0
885146 0.077930 0
885153 0.000000 0
885160 0.000000 0
885168 0.061010 0
885176 0.000000 0
885184 0.000000 0
885191 0.033370 0
885198 0.000000 0
885206 0.000000 0
885213 0.025310 0
885221 0.000000 0
885228 0.000000 0
885236 0.054120 0
885243 0.000000 0
885250 0.000000 0
885258 0.099280 0
885266 0.000000 0
885274 0.000000 0
885281 0.109380 0
885288 0.000000 0
885296 0.000000 0
885303 0.054260 0
885311 0.000000 0
885318 0.000000 0
885326 0.033140 0
885333 0.000000 0
885340 0.000000 0
885348 0.074620 0
885356 0.000000 0
885364 0.000000 0
885371 0.109030 0
885378 0.000000 0
885386 0.000000 0
885393 0.079850 0
885401 0.000000 0
885408 0.000000 0
885416 0.096070 0
885423 0.000000 0
885430 0.000000 0
885438 0.072650 0
885446 0.000000 0
885454 0.000000 0
885461 0.083770 0
885468 0.000000 0
885476 0.000000 0
885483 0.047670 0
885492 0.000000 0
885500 0.000000 0
885507 0.028700 0
885513 0.000000 0
885520 0.000000 0
885528 0.005520 0
885537 0.000000 0
885544 0.000000 0
885552 0.005520 0
885558 0.000000 0
885566 0.000000 0
885573 0.035370 0
885582 0.000000 0
885590 0.000000 0
885597 0.063460 0
885603 0.000000 0
885610 0.000000 0
885618 0.089850 0
885626 0.000000 0
885634 0.000000 0
885641 0.078510 0
885648 0.000000 0
885656 0.000000 0
885663 0.060500 0
885671 0.000000 0
885678 0.000000 0
885686 0.075640 0
885693 0.000000 0
885700 0.000000 0
885708 0.079290 0
885716 0.000000 0
885724 0.000000 0
885731 0.073380 0
885738 0.000000 0
885746 0.000000 0
885753 0.018720 0
885761 0.000000 0
885768 0.000000 0
885776 0.011720 0
885783 0.000000 0
885790 0.000000 0
885798 0.084950 0
885806 0.000000 0
885814 0.000000 0
885821 0.093170 0
885828 0.000000 0
885836 0.000000 0
885843 0.100190 0
885851 0.000000 0
885858 0.000000 0
885866 0.104450 0
885873 0.000000 0
885880 0.000000 0
885888 0.074220 0
885896 0.000000 0
885904 0.000000 0
885911 0.096470 0
885918 0.000000 0
885926 0.000000 0
885933 0.062610 0
885941 0.000000 0
885948 0.000000 0
885956 0.040210 0
885963 0.000000 0
885970 0.000000 0
885978 0.006760 0
885986 0.000000 0
885994 0.000000 0
886001 0.014600 0
886008 0.000000 0
886016 0.000000 0
886023 0.076230 0
886031 0.000000 0
886038 0.000000 0
886046 0.071490 0
886053 0.000000 0
886060 0.000000 0
886068 0.043140 0
886076 0.000000 0
886084 0.000000 0
886091 0.034930 0
886098 0.000000 0
886106 0.000000 0
886113 0.066410 0
886121 0.000000 0
886128 0.000000 0
886136 0.087770 0
886143 0.000000 0
886150 0.000000 0
886158 0.072450 0
886167 0.000000 0
886174 0.000000 0
886182 0.039250 0
886190 0.000000 0
886198 0.000000 0
886205 0.023440 0
886211 0.000000 0
886218 0.000000 0
886226 0.043490 0
886234 0.000000 0
886242 0.000000 0
886249 0.109160 0
886256 0.000000 0
886264 0.000000 0
886271 0.121460 0
886279 0.000000 0
886286 0.000000 0
886294 0.107550 0
886301 0.000000 0
886308 0.000000 0
886316 0.114410 0
886325 0.000000 0
886332 0.000000 0
886340 0.086020 0
886346 0.000000 0
886354 0.000000 0
886361 0.097110 0
886369 0.000000 0
886376 0.000000 0
886384 0.063220 0
886391 0.000000 0
886398 0.000000 0
886406 0.030750 0
886414 0.000000 0
886422 0.000000 0
886429 0.014600 0
886436 0.000000 0
886444 0.000000 0
886451 0.032670 0
886460 0.000000 0
886468 0.000000 0
886475 0.068880 0
886481 0.000000 0
886488 0.000000 0
886496 0.078130 0
886505 0.000000 0
886512 0.000000 0
886520 0.056060 0
886526 0.000000 0
886534 0.000000 0
886541 0.058200 0
886549 0.000000 0
886556 0.000000 0
886564 0.048160 0
886571 0.000000 0
886578 0.000000 0
886586 0.063220 0
886594 0.000000 0
886602 0.000000 0
886609 0.064770 0
886616 0.000000 0
886624 0.000000 0
886631 0.042600 0
886639 0.000000 0
886646 0.000000 0
886654 0.037870 0
886661 0.000000 0
886668 0.000000 0
886676 0.064530 0
886684 0.000000 0
886692 0.000000 0
886699 0.139800 0
886706 0.000000 0
886714 0.000000 0
886721 0.145890 0
886729 0.000000 0
886736 0.000000 0
886744 0.126150 0
886751 0.000000 0
886758 0.000000 0
886766 0.110550 0
886774 0.000000 0
886782 0.000000 0
886789 0.080430 0
886796 0.000000 0
886804 0.000000 0
886811 0.065350 0
886819 0.000000 0
886826 0.000000 0
886834 0.050920 0
886842 0.000000 0
886850 0.000000 0
886857 0.027620 0
886864 0.000000 0
886872 0.000000 0
886879 0.023100 0
886887 0.000000 0
886894 0.000000 0
886902 0.062000 0
886909 0.000000 0
886916 0.000000 0
886924 0.090850 0
886932 0.000000 0
886940 0.000000 0
886947 0.076650 0
886954 0.000000 0
886962 0.000000 0
886969 0.053830 0
886976 0.000000 0
886984 0.000000 0
886991 0.038270 0
886999 0.000000 0
887006 0.000000 0
887014 0.059750 0
887022 0.000000 0
887030 0.000000 0
887037 0.089590 0
887044 0.000000 0
887052 0.000000 0
887059 0.091690 0
887067 0.000000 0
887074 0.000000 0
887082 0.062240 0
887089 0.000000 0
887096 0.000000 0
887104 0.043490 0
887112 0.000000 0
887120 0.000000 0
887127 0.048460 0
887134 0.000000 0
887142 0.000000 0
887149 0.093830 0
887157 0.000000 0
887164 0.000000 0
887172 0.062730 0
887179 0.000000 0
887186 0.000000 0
887194 0.099280 0
887202 0.000000 0
887210 0.000000 0
887217 0.077440 0
887224 0.000000 0
887232 0.000000 0
887239 0.076840 0
887247 0.000000 0
887254 0.000000 0
887262 0.048630 0
887269 0.000000 0
887276 0.000000 0
887284 0.027340 0
887291 0.000000 0
887298 0.000000 0
887306 0.017460 0
887313 0.000000 0
887320 0.000000 0
887328 0.027890 0
887336 0.000000 0
887344 0.000000 0
887351 0.065930 0
887358 0.000000 0
887366 0.000000 0
887373 0.069870 0
887381 0.000000 0
887388 0.000000 0
887396 0.058590 0
887403 0.000000 0
887410 0.000000 0
887418 0.046540 0
887427 0.000000 0
887434 0.000000 0
887442 0.041520 0
887448 0.000000 0
887456 0.000000 0
887463 0.065710 0
887472 0.000000 0
887480 0.000000 0
887487 0.065580 0
887493 0.000000 0
887500 0.000000 0
887508 0.071600 0
887516 0.000000 0
887524 0.000000 0
887531 0.045550 0
887538 0.000000 0
887546 0.000000 0
887553 0.035800 0
887561 0.000000 0
887568 0.000000 0
887576 0.085220 0
887583 0.000000 0
887590 0.000000 0
887598 0.113480 0
887606 0.000000 0
887614 0.000000 0
887621 0.112460 0
887630 0.000000 0
887638 0.000000 0
887645 0.108380 0
887651 0.000000 0
887658 0.000000 0
887666 0.077440 0
887675 0.000000 0
887682 0.000000 0
887690 0.087430 0
887696 0.000000 0
887704 0.000000 0
887711 0.060500 0
887720 0.000000 0
887728 0.000000 0
887735 0.038270 0
887741 0.000000 0
887748 0.000000 0
887756 0.019530 0
887765 0.000000 0
887772 0.000000 0
887780 0.024700 0
887786 0.000000 0
887794 0.000000 0
887801 0.069110 0
887809 0.000000 0
887816 0.000000 0
887824 0.070630 0
887831 0.000000 0
887838 0.000000 0
887846 0.038670 0
887854 0.000000 0
887862 0.000000 0
887869 0.040770 0
887876 0.000000 0
887884 0.000000 0
887891 0.054830 0
887900 0.000000 0
887908 0.000000 0
887915 0.080990 0
887921 0.000000 0
887928 0.000000 0
887936 0.075750 0
887944 0.000000 0
887952 0.000000 0
887959 0.045380 0
887966 0.000000 0
887974 0.000000 0
887981 0.031250 0
887989 0.000000 0
887996 0.000000 0
888004 0.044530 0
888011 0.000000 0
888018 0.000000 0
888026 0.105900 0
888034 0.000000 0
888042 0.000000 0
888049 0.113680 0
888056 0.000000 0
888064 0.000000 0
888071 0.115680 0
888079 0.000000 0
888086 0.000000 0
888094 0.099430 0
888101 0.000000 0
888108 0.000000 0
888116 0.085660 0
888124 0.000000 0
888132 0.000000 0
888139 0.095280 0
888146 0.000000 0
888154 0.000000 0
888161 0.063580 0
888169 0.000000 0
888176 0.000000 0
888184 0.026200 0
888191 0.000000 0
888198 0.000000 0
888206 0.005520 0
888214 0.000000 0
888222 0.000000 0
888229 0.035160 0
888236 0.000000 0
888244 0.000000 0
888251 0.060500 0
888259 0.000000 0
888266 0.000000 0
888274 0.067540 0
888281 0.000000 0
888288 0.000000 0
888296 0.039060 0
888304 0.000000 0
888312 0.000000 0
888319 0.041340 0
888327 0.000000 0
888334 0.000000 0
888342 0.036850 0
888349 0.000000 0
888356 0.000000 0
888364 0.053410 0
888372 0.000000 0
888380 0.000000 0
888387 0.063830 0
888394 0.000000 0
888402 0.000000 0
888409 0.053560 0
888417 0.000000 0
888424 0.000000 0
888432 0.031970 0
888439 0.000000 0
888446 0.000000 0
888454 0.060140 0
888461 0.000000 0
888468 0.000000 0
888476 0.126820 0
888484 0.000000 0
888492 0.000000 0
888499 0.149050 0
888506 0.000000 0
888514 0.000000 0
888521 0.122590 0
888529 0.000000 0
888536 0.000000 0
888544 0.105390 0
888551 0.000000 0
888558 0.000000 0
888566 0.068440 0
888574 0.000000 0
888582 0.000000 0
888589 0.072450 0
888597 0.000000 0
888604 0.000000 0
888612 0.045210 0
888619 0.000000 0
888626 0.000000 0
888634 0.024700 0
888642 0.000000 0
888650 0.000000 0
888657 0.021030 0
888663 0.000000 0
888670 0.000000 0
888678 0.068100 0
888687 0.000000 0
888694 0.000000 0
888702 0.089070 0
888708 0.000000 0
888716 0.000000 0
888723 0.075330 0
888731 0.000000 0
888738 0.000000 0
888746 0.040590 0
888753 0.000000 0
888760 0.000000 0
888768 0.031970 0
888777 0.000000 0
888784 0.000000 0
888792 0.057660 0
888798 0.000000 0
888806 0.000000 0
888813 0.074220 0
888821 0.000000 0
888828 0.000000 0
888836 0.069760 0
888843 0.000000 0
888850 0.000000 0
888858 0.050170 0
888866 0.000000 0
888874 0.000000 0
888881 0.048630 0
888888 0.000000 0
888896 0.000000 0
888903 0.049090 0
888911 0.000000 0
888918 0.000000 0
888926 0.098190 0
888933 0.000000 0
888940 0.000000 0
888948 0.078130 0
888958 0.000000 0
888966 0.000000 0
888973 0.098740 0
888978 0.000000 0
888986 0.000000 0
888993 0.071810 0
889002 0.000000 0
889010 0.000000 0
889017 0.081380 0
889023 0.000000 0
889030 0.000000 0
889038 0.051670 0
889046 0.000000 0
889054 0.000000 0
889061 0.028700 0
889068 0.000000 0
889076 0.000000 0
889083 0.006760 0
889091 0.000000 0
889098 0.000000 0
889106 0.017460 0
889113 0.000000 0
889120 0.000000 0
889128 0.066060 0
889136 0.000000 0
889144 0.000000 0
889151 0.074620 0
889158 0.000000 0
889166 0.000000 0
889173 0.058980 0
889181 0.000000 0
889188 0.000000 0
889196 0.043490 0
889203 0.000000 0
889210 0.000000 0
889218 0.042070 0
889226 0.000000 0
889234 0.000000 0
889241 0.065710 0
889248 0.000000 0
889256 0.000000 0
889263 0.049870 0
889271 0.000000 0
889278 0.000000 0
889286 0.059360 0
889293 0.000000 0
889300 0.000000 0
889308 0.034710 0
889316 0.000000 0
889324 0.000000 0
889331 0.019530 0
889338 0.000000 0
889346 0.000000 0
889353 0.089160 0
889361 0.000000 0
889368 0.000000 0
889376 0.111790 0
889383 0.000000 0
889390 0.000000 0
889398 0.115940 0
889406 0.000000 0
889414 0.000000 0
889421 0.111020 0
889429 0.000000 0
889436 0.000000 0
889444 0.084050 0
889451 0.000000 0
889458 0.000000 0
889466 0.092350 0
889475 0.000000 0
889482 0.000000 0
889490 0.061260 0
889496 0.000000 0
889504 0.000000 0
889511 0.036220 0
889520 0.000000 0
889528 0.000000 0
889535 0.007810 0
889541 0.000000 0
889548 0.000000 0
889556 0.014080 0
889565 0.000000 0
889572 0.000000 0
889580 0.066870 0
889586 0.000000 0
889594 0.000000 0
889601 0.068440 0
889609 0.000000 0
889616 0.000000 0
889624 0.061630 0
889631 0.000000 0
889638 0.000000 0
889646 0.052260 0
889654 0.000000 0
889662 0.000000 0
889669 0.034930 0
889676 0.000000 0
889684 0.000000 0
889691 0.075440 0
889700 0.000000 0
889708 0.000000 0
889715 0.073700 0
889721 0.000000 0
889728 0.000000 0
889736 0.050780 0
889744 0.000000 0
889752 0.000000 0
889759 0.031480 0
889766 0.000000 0
889774 0.000000 0
889781 0.037050 0
889790 0.000000 0
889798 0.000000 0
889805 0.097890 0
889812 0.000000 0
889820 0.000000 0
889827 0.117710 0
889834 0.000000 0
889842 0.000000 0
889849 0.107550 0
889856 0.000000 0
889864 0.000000 0
889871 0.098270 0
889879 0.000000 0
889886 0.000000 0
889894 0.075640 0
889901 0.000000 0
889908 0.000000 0
889916 0.090520 0
889924 0.000000 0
889932 0.000000 0
889939 0.059240 0
889946 0.000000 0
889954 0.000000 0
889961 0.017010 0
889969 0.000000 0
889976 0.000000 0
889984 0.009570 0
889991 0.000000 0
889998 0.000000 0
890006 0.042790 0
890014 0.000000 0
890022 0.000000 0
890029 0.076450 0
890036 0.000000 0
890044 0.000000 0
890051 0.075530 0
890059 0.000000 0
890066 0.000000 0
890074 0.044530 0
890081 0.000000 0
890088 0.000000 0
890096 0.035370 0
890104 0.000000 0
890112 0.000000 0
890119 0.038070 0
890126 0.000000 0
890134 0.000000 0
890141 0.050480 0
890149 0.000000 0
890156 0.000000 0
890164 0.059620 0
890171 0.000000 0
890178 0.000000 0
890186 0.047840 0
890194 0.000000 0
890202 0.000000 0
890209 0.017010 0
890216 0.000000 0
890224 0.000000 0
890231 0.086640 0
890239 0.000000 0
890246 0.000000 0
890254 0.142570 0
890261 0.000000 0
890268 0.000000 0
890276 0.144000 0
890284 0.000000 0
890292 0.000000 0
890299 0.120710 0
890306 0.000000 0
890314 0.000000 0
890321 0.102240 0
890329 0.000000 0
890336 0.000000 0
890344 0.092270 0
890351 0.000000 0
890358 0.000000 0
890366 0.077930 0
890374 0.000000 0
890382 0.000000 0
890389 0.051670 0
890396 0.000000 0
890404 0.000000 0
890411 0.024080 0
890419 0.000000 0
890426 0.000000 0
890434 0.022430 0
890441 0.000000 0
890448 0.000000 0
890456 0.047520 0
890464 0.000000 0
890472 0.000000 0
890479 0.083770 0
890486 0.000000 0
890494 0.000000 0
890501 0.067870 0
890509 0.000000 0
890516 0.000000 0
890524 0.039830 0
890531 0.000000 0
890538 0.000000 0
890546 0.028430 0
890554 0.000000 0
890562 0.000000 0
890569 0.062120 0
890577 0.000000 0
890584 0.000000 0
890592 0.067430 0
890599 0.000000 0
890606 0.000000 0
890614 0.092930 0
890622 0.000000 0
890630 0.000000 0
890637 0.051670 0
890644 0.000000 0
890652 0.000000 0
890659 0.039060 0
890667 0.000000 0
890674 0.000000 0
890682 0.054400 0
890689 0.000000 0
890696 0.000000 0
890704 0.083410 0
890712 0.000000 0
890720 0.000000 0
890727 0.082400 0
890734 0.000000 0
890742 0.000000 0
890749 0.109510 0
890757 0.000000 0
890764 0.000000 0
890772 0.089070 0
890779 0.000000 0
890786 0.000000 0
890794 0.079760 0
890802 0.000000 0
890810 0.000000 0
890817 0.057940 0
890824 0.000000 0
890832 0.000000 0
890839 0.040020 0
890847 0.000000 0
890854 0.000000 0
890862 0.000000 0
890869 0.000000 0
890876 0.000000 0
890884 0.012340 0
890892 0.000000 0
890900 0.000000 0
890907 0.062970 0
890914 0.000000 0
890922 0.000000 0
890929 0.068210 0
890937 0.000000 0
890944 0.000000 0
890952 0.062240 0
890959 0.000000 0
890966 0.000000 0
890974 0.048160 0
890981 0.000000 0
890988 0.000000 0
890996 0.032210 0
891004 0.000000 0
891012 0.000000 0
891019 0.049260 0
891027 0.000000 0
891034 0.000000 0
891042 0.044010 0
891049 0.000000 0
891056 0.000000 0
891064 0.049410 0
891072 0.000000 0
891080 0.000000 0
891087 0.034930 0
891094 0.000000 0
891102 0.000000 0
891109 0.014600 0
891117 0.000000 0
891124 0.000000 0
891132 0.088550 0
891139 0.000000 0
891146 0.000000 0
891154 0.132810 0
891162 0.000000 0
891170 0.000000 0
891177 0.119750 0
891184 0.000000 0
891192 0.000000 0
891199 0.116000 0
891207 0.000000 0
891214 0.000000 0
891222 0.093900 0
891229 0.000000 0
891236 0.000000 0
891244 0.086550 0
891252 0.000000 0
891260 0.000000 0
891267 0.057270 0
891274 0.000000 0
891282 0.000000 0
891289 0.035800 0
891297 0.000000 0
891304 0.000000 0
891312 0.006760 0
891319 0.000000 0
891326 0.000000 0
891334 0.009570 0
891342 0.000000 0
891350 0.000000 0
891357 0.067990 0
891364 0.000000 0
891372 0.000000 0
891379 0.082030 0
891387 0.000000 0
891394 0.000000 0
891402 0.063580 0
891409 0.000000 0
891416 0.000000 0
891424 0.040770 0
891432 0.000000 0
891440 0.000000 0
891447 0.032910 0
891454 0.000000 0
891462 0.000000 0
891469 0.069760 0
891477 0.000000 0
891484 0.000000 0
891492 0.078020 0
891499 0.000000 0
891506 0.000000 0
891514 0.056730 0
891521 0.000000 0
891528 0.000000 0
891536 0.023100 0
891543 0.000000 0
891550 0.000000 0
891558 0.035370 0
891566 0.000000 0
891574 0.000000 0
891581 0.096790 0
891588 0.000000 0
891596 0.000000 0
891603 0.102970 0
891611 0.000000 0
891618 0.000000 0
891626 0.116530 0
891633 0.000000 0
891640 0.000000 0
891648 0.104590 0
891656 0.000000 0
891664 0.000000 0
891671 0.086200 0
891678 0.000000 0
891686 0.000000 0
891693 0.100570 0
891701 0.000000 0
891708 0.000000 0
891716 0.062240 0
891723 0.000000 0
891730 0.000000 0
891738 0.009570 0
891746 0.000000 0
891754 0.000000 0
891761 0.000000 0
891768 0.000000 0
891776 0.000000 0
891783 0.050630 0
891791 0.000000 0
891798 0.000000 0
891806 0.073900 0
891813 0.000000 0
891820 0.000000 0
891828 0.068770 0
891836 0.000000 0
891844 0.000000 0
891851 0.049260 0
891858 0.000000 0
891866 0.000000 0
891873 0.031720 0
891881 0.000000 0
891888 0.000000 0
891896 0.043140 0
891903 0.000000 0
891910 0.000000 0
891918 0.047840 0
891926 0.000000 0
891934 0.000000 0
891941 0.064530 0
891948 0.000000 0
891956 0.000000 0
891963 0.056060 0
891971 0.000000 0
891978 0.000000 0
891986 0.017460 0
891993 0.000000 0
892000 0.000000 0
892008 0.081830 0
892016 0.000000 0
892024 0.000000 0
892031 0.135590 0
892038 0.000000 0
892046 0.000000 0
892053 0.144320 0
892062 0.000000 0
892070 0.000000 0
892077 0.111020 0
892083 0.000000 0
892090 0.000000 0
892098 0.105240 0
892107 0.000000 0
892114 0.000000 0
892122 0.087340 0
892130 0.000000 0
892138 0.000000 0
892145 0.080430 0
892151 0.000000 0
892158 0.000000 0
892166 0.056200 0
892173 0.000000 0
892180 0.000000 0
892188 0.029740 0
892196 0.000000 0
892204 0.000000 0
892211 0.015120 0
892218 0.000000 0
892226 0.000000 0
892233 0.047200 0
892241 0.000000 0
892248 0.000000 0
892256 0.091100 0
892263 0.000000 0
892270 0.000000 0
892278 0.075230 0
892286 0.000000 0
892294 0.000000 0
892301 0.052980 0
892308 0.000000 0
892316 0.000000 0
892323 0.035160 0
892331 0.000000 0
892338 0.000000 0
892346 0.059360 0
892353 0.000000 0
892360 0.000000 0
892368 0.071490 0
892376 0.000000 0
892384 0.000000 0
892391 0.078310 0
892398 0.000000 0
892406 0.000000 0
892413 0.059620 0
892422 0.000000 0
892430 0.000000 0
892437 0.046370 0
892444 0.000000 0
892452 0.000000 0
892459 0.057800 0
892466 0.000000 0
892474 0.000000 0
892481 0.075140 0
892489 0.000000 0
892496 0.000000 0
892504 0.096150 0
892511 0.000000 0
892518 0.000000 0
892526 0.102830 0
892535 0.000000 0
892542 0.000000 0
892550 0.092850 0
892556 0.000000 0
892564 0.000000 0
892571 0.075640 0
892580 0.000000 0
892588 0.000000 0
892595 0.057270 0
892601 0.000000 0
892608 0.000000 0
892616 0.039830 0
892625 0.000000 0
892632 0.000000 0
892640 0.011050 0
892646 0.000000 0
892654 0.000000 0
892661 0.011050 0
892670 0.000000 0
892678 0.000000 0
892685 0.076840 0
892691 0.000000 0
892698 0.000000 0
892706 0.095350 0
892714 0.000000 0
892722 0.000000 0
892729 0.096540 0
892736 0.000000 0
892744 0.000000 0
892751 0.083130 0
892760 0.000000 0
892768 0.000000 0
892775 0.064180 0
892781 0.000000 0
892788 0.000000 0
892796 0.072860 0
892805 0.000000 0
892812 0.000000 0
892820 0.049090 0
892827 0.000000 0
892834 0.000000 0
892842 0.039440 0
892849 0.000000 0
892856 0.000000 0
892864 0.023440 0
892871 0.000000 0
892878 0.000000 0
892886 0.008730 0
892894 0.000000 0
892902 0.000000 0
892909 0.069980 0
892916 0.000000 0
892924 0.000000 0
892931 0.104370 0
892939 0.000000 0
892946 0.000000 0
892954 0.102530 0
892961 0.000000 0
892968 0.000000 0
892976 0.107900 0
892984 0.000000 0
892992 0.000000 0
892999 0.081650 0
893006 0.000000 0
893014 0.000000 0
893021 0.086640 0
893029 0.000000 0
893036 0.000000 0
893044 0.063710 0
893051 0.000000 0
893058 0.000000 0
893066 0.032440 0
893074 0.000000 0
893082 0.000000 0
893089 0.010330 0
893096 0.000000 0
893104 0.000000 0
893111 0.010330 0
893119 0.000000 0
893126 0.000000 0
893134 0.070080 0
893141 0.000000 0
893148 0.000000 0
893156 0.069210 0
893164 0.000000 0
893172 0.000000 0
893179 0.050920 0
893186 0.000000 0
893194 0.000000 0
893201 0.029220 0
893209 0.000000 0
893216 0.000000 0
893224 0.028170 0
893231 0.000000 0
893238 0.000000 0
893246 0.067770 0
893254 0.000000 0
893262 0.000000 0
893269 0.084320 0
893276 0.000000 0
893284 0.000000 0
893291 0.059750 0
893300 0.000000 0
893308 0.000000 0
893315 0.020660 0
893321 0.000000 0
893328 0.000000 0
893336 0.040960 0
893344 0.000000 0
893352 0.000000 0
893359 0.096240 0
893366 0.000000 0
893374 0.000000 0
893381 0.115210 0
893389 0.000000 0
893396 0.000000 0
893404 0.109090 0
893411 0.000000 0
893418 0.000000 0
893426 0.116790 0
893434 0.000000 0
893442 0.000000 0
893449 0.090090 0
893456 0.000000 0
893464 0.000000 0
893471 0.088810 0
893479 0.000000 0
893486 0.000000 0
893494 0.062240 0
893501 0.000000 0
893508 0.000000 0
893516 0.006760 0
893524 0.000000 0
893532 0.000000 0
893539 0.006760 0
893546 0.000000 0
893554 0.000000 0
893561 0.036220 0
893569 0.000000 0
893576 0.000000 0
893584 0.070530 0
893591 0.000000 0
893598 0.000000 0
893606 0.057130 0
893614 0.000000 0
893622 0.000000 0
893629 0.033830 0
893637 0.000000 0
893644 0.000000 0
893652 0.034040 0
893659 0.000000 0
893666 0.000000 0
893674 0.034270 0
893682 0.000000 0
893690 0.000000 0
893697 0.058200 0
893704 0.000000 0
893712 0.000000 0
893719 0.062970 0
893727 0.000000 0
893734 0.000000 0
893742 0.054960 0
893749 0.000000 0
893756 0.000000 0
893764 0.015120 0
893772 0.000000 0
893780 0.000000 0
893787 0.044710 0
893794 0.000000 0
893802 0.000000 0
893809 0.124560 0
893816 0.000000 0
893824 0.000000 0
893831 0.140350 0
893839 0.000000 0
893846 0.000000 0
893854 0.130660 0
893862 0.000000 0
893870 0.000000 0
893877 0.119810 0
893884 0.000000 0
893892 0.000000 0
893899 0.108030 0
893907 0.000000 0
893914 0.000000 0
893922 0.092100 0
893929 0.000000 0
893936 0.000000 0
893944 0.047520 0
893952 0.000000 0
893960 0.000000 0
893967 0.030750 0
893973 0.000000 0
893980 0.000000 0
893988 0.027620 0
893997 0.000000 0
894004 0.000000 0
894012 0.028170 0
894019 0.000000 0
894026 0.000000 0
894034 0.082580 0
894042 0.000000 0
894050 0.000000 0
894057 0.058720 0
894064 0.000000 0
894072 0.000000 0
894079 0.053270 0
894087 0.000000 0
894094 0.000000 0
894102 0.037050 0
894109 0.000000 0
894116 0.000000 0
894124 0.047030 0
894132 0.000000 0
894140 0.000000 0
894147 0.077330 0
894154 0.000000 0
894162 0.000000 0
894169 0.081090 0
894176 0.000000 0
894184 0.000000 0
894191 0.063220 0
894199 0.000000 0
894206 0.000000 0
894214 0.045880 0
894222 0.000000 0
894230 0.000000 0
894237 0.051070 0
894244 0.000000 0
894252 0.000000 0
894259 0.072970 0
894267 0.000000 0
894274 0.000000 0
894282 0.098510 0
894289 0.000000 0
894296 0.000000 0
894304 0.100880 0
894311 0.000000 0
894318 0.000000 0
894326 0.096860 0
894333 0.000000 0
894340 0.000000 0
894348 0.081380 0
894357 0.000000 0
894364 0.000000 0
894372 0.055510 0
894378 0.000000 0
894386 0.000000 0
894393 0.040960 0
894402 0.000000 0
894410 0.000000 0
894417 0.007810 0
894424 0.000000 0
894432 0.000000 0
894439 0.006760 0
894446 0.000000 0
894454 0.000000 0
894461 0.064180 0
894468 0.000000 0
894476 0.000000 0
894483 0.083410 0
894491 0.000000 0
894498 0.000000 0
894506 0.079290 0
894513 0.000000 0
894520 0.000000 0
894528 0.052110 0
894537 0.000000 0
894544 0.000000 0
894552 0.035800 0
894558 0.000000 0
894566 0.000000 0
894573 0.055510 0
894581 0.000000 0
894588 0.000000 0
894596 0.064530 0
894603 0.000000 0
894610 0.000000 0
894618 0.045550 0
894626 0.000000 0
894634 0.000000 0
894641 0.019530 0
894648 0.000000 0
894656 0.000000 0
894663 0.005520 0
894671 0.000000 0
894678 0.000000 0
894686 0.085760 0
894693 0.000000 0
894700 0.000000 0
894708 0.106400 0
894716 0.000000 0
894724 0.000000 0
894731 0.112540 0
894738 0.000000 0
894746 0.000000 0
894753 0.118990 0
894761 0.000000 0
894768 0.000000 0
894776 0.103490 0
894783 0.000000 0
894790 0.000000 0
894798 0.087690 0
894807 0.000000 0
894814 0.000000 0
894822 0.069660 0
894828 0.000000 0
894836 0.000000 0
894843 0.040770 0
894852 0.000000 0
894860 0.000000 0
894867 0.006760 0
894873 0.000000 0
894880 0.000000 0
894888 0.009570 0
894896 0.000000 0
894904 0.000000 0
894911 0.058980 0
894918 0.000000 0
894926 0.000000 0
894933 0.063220 0
894942 0.000000 0
894950 0.000000 0
894957 0.032910 0
894963 0.000000 0
894970 0.000000 0
894978 0.033140 0
894986 0.000000 0
894994 0.000000 0
895001 0.014080 0
895008 0.000000 0
895016 0.000000 0
895023 0.057660 0
895031 0.000000 0
895038 0.000000 0
895046 0.082030 0
895053 0.000000 0
895060 0.000000 0
895068 0.064530 0
895076 0.000000 0
895084 0.000000 0
895091 0.022430 0
895098 0.000000 0
895106 0.000000 0
895113 0.021740 0
895122 0.000000 0
895130 0.000000 0
895137 0.091190 0
895143 0.000000 0
895150 0.000000 0
895158 0.108030 0
895167 0.000000 0
895174 0.000000 0
895182 0.116990 0
895188 0.000000 0
895196 0.000000 0
895203 0.120520 0
895212 0.000000 0
895220 0.000000 0
895227 0.096310 0
895233 0.000000 0
895240 0.000000 0
895248 0.083040 0
895257 0.000000 0
895264 0.000000 0
895272 0.046050 0
895278 0.000000 0
895286 0.000000 0
895293 0.008730 0
895301 0.000000 0
895308 0.000000 0
895316 0.005520 0
895323 0.000000 0
895330 0.000000 0
895338 0.043490 0
895346 0.000000 0
895354 0.000000 0
895361 0.073900 0
895368 0.000000 0
895376 0.000000 0
895383 0.058200 0
895391 0.000000 0
895398 0.000000 0
895406 0.032210 0
895413 0.000000 0
895420 0.000000 0
895428 0.029740 0
895436 0.000000 0
895444 0.000000 0
895451 0.051070 0
895458 0.000000 0
895466 0.000000 0
895473 0.050480 0
895481 0.000000 0
895488 0.000000 0
895496 0.065830 0
895503 0.000000 0
895510 0.000000 0
895518 0.056600 0
895526 0.000000 0
895534 0.000000 0
895541 0.022430 0
895548 0.000000 0
895556 0.000000 0
895563 0.069210 0
895571 0.000000 0
895578 0.000000 0
895586 0.141540 0
895593 0.000000 0
895600 0.000000 0
895608 0.153490 0
895617 0.000000 0
895624 0.000000 0
895632 0.145740 0
895638 0.000000 0
895646 0.000000 0
895653 0.117830 0
895661 0.000000 0
895668 0.000000 0
895676 0.089070 0
895683 0.000000 0
895690 0.000000 0
895698 0.076450 0
895706 0.000000 0
895714 0.000000 0
895721 0.057540 0
895728 0.000000 0
895736 0.000000 0
895743 0.034040 0
895752 0.000000 0
895760 0.000000 0
895767 0.016100 0
895773 0.000000 0
895780 0.000000 0
895788 0.048940 0
895797 0.000000 0
895804 0.000000 0
895812 0.095840 0
895818 0.000000 0
895826 0.000000 0
895833 0.072970 0
895841 0.000000 0
895848 0.000000 0
895856 0.049090 0
895863 0.000000 0
895870 0.000000 0
895878 0.036220 0
895887 0.000000 0
895894 0.000000 0
895902 0.083860 0
895910 0.000000 0
895918 0.000000 0
895925 0.077240 0
895931 0.000000 0
895938 0.000000 0
895946 0.074620 0
895954 0.000000 0
895962 0.000000 0
895969 0.062240 0
895976 0.000000 0
895984 0.000000 0
895991 0.050920 0
895999 0.000000 0
896006 0.000000 0
896014 0.043320 0
896021 0.000000 0
896028 0.000000 0
896036 0.081380 0
896044 0.000000 0
896052 0.000000 0
896059 0.088380 0
896066 0.000000 0
896074 0.000000 0
896081 0.098890 0
896090 0.000000 0
896098 0.000000 0
896105 0.089850 0
896111 0.000000 0
896118 0.000000 0
896126 0.093420 0
896135 0.000000 0
896142 0.000000 0
896150 0.063580 0
896156 0.000000 0
896164 0.000000 0
896171 0.046050 0
896180 0.000000 0
896188 0.000000 0
896195 0.010330 0
896201 0.000000 0
896208 0.000000 0
896216 0.009570 0
896224 0.000000 0
896232 0.000000 0
896239 0.069660 0
896246 0.000000 0
896254 0.000000 0
896261 0.077240 0
896269 0.000000 0
896276 0.000000 0
896284 0.068770 0
896291 0.000000 0
896298 0.000000 0
896306 0.050920 0
896314 0.000000 0
896322 0.000000 0
896329 0.028430 0
896337 0.000000 0
896344 0.000000 0
896352 0.060500 0
896359 0.000000 0
896366 0.000000 0
896374 0.068990 0
896381 0.000000 0
896388 0.000000 0
896396 0.046540 0
896404 0.000000 0
896412 0.000000 0
896419 0.031970 0
896426 0.000000 0
896434 0.000000 0
896441 0.017460 0
896449 0.000000 0
896456 0.000000 0
896464 0.089420 0
896471 0.000000 0
896478 0.000000 0
896486 0.124800 0
896494 0.000000 0
896502 0.000000 0
896509 0.110000 0
896516 0.000000 0
896524 0.000000 0
896531 0.124380 0
896539 0.000000 0
896546 0.000000 0
896554 0.104370 0
896561 0.000000 0
896568 0.000000 0
896576 0.085310 0
896584 0.000000 0
896592 0.000000 0
896599 0.061630 0
896606 0.000000 0
896614 0.000000 0
896621 0.034040 0
896629 0.000000 0
896636 0.000000 0
896644 0.008730 0
896651 0.000000 0
896658 0.000000 0
896666 0.005520 0
896674 0.000000 0
896682 0.000000 0
896689 0.062500 0
896696 0.000000 0
896704 0.000000 0
896711 0.071920 0
896719 0.000000 0
896726 0.000000 0
896734 0.047520 0
896741 0.000000 0
896748 0.000000 0
896756 0.035800 0
896764 0.000000 0
896772 0.000000 0
896779 0.017900 0
896786 0.000000 0
896794 0.000000 0
896801 0.070190 0
896809 0.000000 0
896816 0.000000 0
896824 0.083130 0
896831 0.000000 0
896838 0.000000 0
896846 0.068100 0
896854 0.000000 0
896862 0.000000 0
896869 0.023440 0
896876 0.000000 0
896884 0.000000 0
896891 0.013520 0
896899 0.000000 0
896906 0.000000 0
896914 0.092590 0
896921 0.000000 0
896928 0.000000 0
896936 0.108520 0
896944 0.000000 0
896952 0.000000 0
896959 0.118470 0
896966 0.000000 0
896974 0.000000 0
896981 0.119570 0
896989 0.000000 0
896996 0.000000 0
897004 0.095280 0
897011 0.000000 0
897018 0.000000 0
897026 0.070850 0
897034 0.000000 0
897042 0.000000 0
897049 0.052690 0
897056 0.000000 0
897064 0.000000 0
897071 0.009570 0
897079 0.000000 0
897086 0.000000 0
897094 0.014600 0
897101 0.000000 0
897108 0.000000 0
897116 0.036850 0
897124 0.000000 0
897132 0.000000 0
897139 0.073700 0
897146 0.000000 0
897154 0.000000 0
897161 0.070740 0
897169 0.000000 0
897176 0.000000 0
897184 0.039640 0
897191 0.000000 0
897198 0.000000 0
897206 0.025910 0
897214 0.000000 0
897222 0.000000 0
897229 0.032910 0
897236 0.000000 0
897244 0.000000 0
897251 0.055370 0
897259 0.000000 0
897266 0.000000 0
897274 0.068990 0
897282 0.000000 0
897290 0.000000 0
897297 0.058320 0
897304 0.000000 0
897312 0.000000 0
897319 0.021390 0
897327 0.000000 0
897334 0.000000 0
897342 0.040770 0
897349 0.000000 0
897356 0.000000 0
897364 0.141270 0
897372 0.000000 0
897380 0.000000 0
897387 0.147360 0
897394 0.000000 0
897402 0.000000 0
897409 0.123640 0
897416 0.000000 0
897424 0.000000 0
897431 0.118090 0
897438 0.000000 0
897446 0.000000 0
897453 0.101180 0
897462 0.000000 0
897470 0.000000 0
897477 0.086550 0
897484 0.000000 0
897492 0.000000 0
897499 0.061750 0
897507 0.000000 0
897514 0.000000 0
897522 0.036640 0
897529 0.000000 0
897536 0.000000 0
897544 0.022100 0
897552 0.000000 0
897560 0.000000 0
897567 0.052840 0
897574 0.000000 0
897582 0.000000 0
897589 0.087250 0
897597 0.000000 0
897604 0.000000 0
897612 0.079290 0
897619 0.000000 0
897626 0.000000 0
897634 0.044530 0
897642 0.000000 0
897650 0.000000 0
897657 0.040020 0
897664 0.000000 0
897672 0.000000 0
897679 0.065830 0
897687 0.000000 0
897694 0.000000 0
897702 0.074530 0
897709 0.000000 0
897716 0.000000 0
897724 0.074110 0
897732 0.000000 0
897740 0.000000 0
897747 0.057800 0
897754 0.000000 0
897762 0.000000 0
897769 0.048460 0
897777 0.000000 0
897784 0.000000 0
897792 0.050170 0
897799 0.000000 0
897806 0.000000 0
897814 0.060640 0
897822 0.000000 0
897830 0.000000 0
897837 0.075640 0
897844 0.000000 0
897852 0.000000 0
897859 0.104300 0
897867 0.000000 0
897874 0.000000 0
897882 0.089850 0
897889 0.000000 0
897896 0.000000 0
897904 0.090010 0
897912 0.000000 0
897920 0.000000 0
897927 0.067310 0
897933 0.000000 0
897940 0.000000 0
897948 0.047030 0
897957 0.000000 0
897964 0.000000 0
897972 0.005520 0
897979 0.000000 0
897986 0.000000 0
897994 0.000000 0
898002 0.000000 0
898010 0.000000 0
898017 0.075440 0
898024 0.000000 0
898032 0.000000 0
898039 0.085130 0
898047 0.000000 0
898054 0.000000 0
898062 0.075330 0
898069 0.000000 0
898076 0.000000 0
898084 0.048160 0
898092 0.000000 0
898100 0.000000 0
898107 0.026780 0
898114 0.000000 0
898122 0.000000 0
898129 0.067430 0
898137 0.000000 0
898144 0.000000 0
898152 0.071060 0
898159 0.000000 0
898166 0.000000 0
898174 0.057130 0
898182 0.000000 0
898190 0.000000 0
898197 0.032210 0
898204 0.000000 0
898212 0.000000 0
898219 0.021740 0
898226 0.000000 0
898234 0.000000 0
898241 0.074420 0
898248 0.000000 0
898256 0.000000 0
898263 0.115280 0
898271 0.000000 0
898278 0.000000 0
898286 0.103040 0
898293 0.000000 0
898300 0.000000 0
898308 0.113150 0
898317 0.000000 0
898324 0.000000 0
898332 0.095840 0
898338 0.000000 0
898346 0.000000 0
898353 0.098120 0
898361 0.000000 0
898368 0.000000 0
898376 0.068440 0
898383 0.000000 0
898390 0.000000 0
898398 0.036420 0
898407 0.000000 0
898414 0.000000 0
898422 0.009570 0
898428 0.000000 0
898436 0.000000 0
898443 0.012950 0
898451 0.000000 0
898458 0.000000 0
898466 0.062850 0
898473 0.000000 0
898480 0.000000 0
898488 0.072240 0
898496 0.000000 0
898504 0.000000 0
898511 0.047200 0
898518 0.000000 0
898526 0.000000 0
898533 0.034930 0
898541 0.000000 0
898548 0.000000 0
898556 0.014080 0
898563 0.000000 0
898570 0.000000 0
898578 0.054260 0
898586 0.000000 0
898594 0.000000 0
898601 0.080900 0
898608 0.000000 0
898616 0.000000 0
898623 0.067660 0
898631 0.000000 0
898638 0.000000 0
898646 0.025310 0
898653 0.000000 0
898660 0.000000 0
898668 0.017460 0
898676 0.000000 0
898684 0.000000 0
898691 0.092930 0
898698 0.000000 0
898706 0.000000 0
898713 0.105750 0
898721 0.000000 0
898728 0.000000 0
898736 0.124860 0
898743 0.000000 0
898750 0.000000 0
898758 0.123280 0
898766 0.000000 0
898774 0.000000 0
898781 0.094220 0
898788 0.000000 0
898796 0.000000 0
898803 0.072340 0
898812 0.000000 0
898820 0.000000 0
898827 0.051960 0
898833 0.000000 0
898840 0.000000 0
898848 0.008730 0
898857 0.000000 0
898864 0.000000 0
898872 0.005520 0
898878 0.000000 0
898886 0.000000 0
898893 0.028430 0
898901 0.000000 0
898908 0.000000 0
898916 0.076940 0
898923 0.000000 0
898930 0.000000 0
898938 0.068210 0
898946 0.000000 0
898954 0.000000 0
898961 0.036010 0
898968 0.000000 0
898976 0.000000 0
898983 0.029480 0
898991 0.000000 0
898998 0.000000 0
899006 0.035800 0
899013 0.000000 0
899020 0.000000 0
899028 0.046370 0
899036 0.000000 0
899044 0.000000 0
899051 0.069430 0
899058 0.000000 0
899066 0.000000 0
899073 0.063340 0
899081 0.000000 0
899088 0.000000 0
899096 0.024080 0
899103 0.000000 0
899110 0.000000 0
899118 0.052550 0
899126 0.000000 0
899134 0.000000 0
899141 0.132460 0
899148 0.000000 0
899156 0.000000 0
899163 0.144260 0
899171 0.000000 0
899178 0.000000 0
899186 0.122710 0
899193 0.000000 0
899200 0.000000 0
899208 0.127820 0
899216 0.000000 0
899224 0.000000 0
899231 0.095280 0
899239 0.000000 0
899246 0.000000 0
899254 0.084950 0
899262 0.000000 0
899270 0.000000 0
899277 0.053270 0
899285 0.000000 0
899292 0.000000 0
899300 0.033140 0
899306 0.000000 0
899314 0.000000 0
899321 0.016570 0
899328 0.000000 0
899336 0.000000 0
899343 0.048460 0
899351 0.000000 0
899358 0.000000 0
899366 0.080520 0
899373 0.000000 0
899380 0.000000 0
899388 0.072130 0
899396 0.000000 0
899404 0.000000 0
899411 0.050920 0
899418 0.000000 0
899426 0.000000 0
899433 0.034710 0
899441 0.000000 0
899448 0.000000 0
899456 0.067660 0
899463 0.000000 0
899470 0.000000 0
899478 0.082400 0
899486 0.000000 0
899494 0.000000 0
899501 0.072540 0
899508 0.000000 0
899516 0.000000 0
899523 0.080230 0
899531 0.000000 0
899538 0.000000 0
899546 0.045880 0
899553 0.000000 0
899560 0.000000 0
899568 0.042070 0
899576 0.000000 0
899584 0.000000 0
899591 0.059240 0
899600 0.000000 0
899608 0.000000 0
899615 0.089420 0
899621 0.000000 0
899628 0.000000 0
899636 0.099730 0
899643 0.000000 0
899650 0.000000 0
899658 0.098190 0
899666 0.000000 0
899674 0.000000 0
899681 0.085850 0
899688 0.000000 0
899696 0.000000 0
899703 0.072970 0
899711 0.000000 0
899718 0.000000 0
899726 0.044190 0
899733 0.000000 0
899740 0.000000 0
899748 0.035370 0
899756 0.000000 0
899764 0.000000 0
899771 0.024080 0
899780 0.000000 0
899788 0.000000 0
899795 0.053410 0
899801 0.000000 0
899808 0.000000 0
899816 0.080050 0
899825 0.000000 0
899832 0.000000 0
899840 0.071380 0
899846 0.000000 0
899854 0.000000 0
899861 0.085760 0
899870 0.000000 0
899878 0.000000 0
899885 0.059360 0
899891 0.000000 0
899898 0.000000 0
899906 0.082400 0
899915 0.000000 0
899922 0.000000 0
899930 0.060140 0
899936 0.000000 0
899944 0.000000 0
899951 0.048310 0
899960 0.000000 0
899968 0.000000 0
899975 0.012950 0
899981 0.000000 0
899988 0.000000 0
899996 0.015630 0
900004 0.000000 0
900012 0.000000 0
900019 0.075330 0
900026 0.000000 0
900034 0.000000 0
900041 0.098590 0
900050 0.000000 0
900058 0.000000 0
900065 0.091020 0
900071 0.000000 0
900078 0.000000 0
900086 0.103790 0
900095 0.000000 0
900102 0.000000 0
900110 0.090350 0
900116 0.000000 0
900124 0.000000 0
900131 0.064180 0
900139 0.000000 0
900146 0.000000 0
900154 0.054540 0
900161 0.000000 0
900168 0.000000 0
900176 0.036850 0
900184 0.000000 0
900192 0.000000 0
900199 0.009570 0
900206 0.000000 0
900214 0.000000 0
900221 0.008730 0
900229 0.000000 0
900236 0.000000 0
900244 0.057660 0
900251 0.000000 0
900258 0.000000 0
900266 0.068330 0
900274 0.000000 0
900282 0.000000 0
900289 0.043670 0
900296 0.000000 0
900304 0.000000 0
900311 0.030500 0
900319 0.000000 0
900326 0.000000 0
900334 0.033600 0
900341 0.000000 0
900348 0.000000 0
900356 0.057800 0
900364 0.000000 0
900372 0.000000 0
900379 0.079470 0
900386 0.000000 0
900394 0.000000 0
900401 0.072650 0
900409 0.000000 0
900416 0.000000 0
900424 0.038470 0
900431 0.000000 0
900438 0.000000 0
900446 0.019910 0
900454 0.000000 0
900462 0.000000 0
900469 0.090590 0
900476 0.000000 0
900484 0.000000 0
900491 0.115210 0
900500 0.000000 0
900508 0.000000 0
900515 0.119310 0
900521 0.000000 0
900528 0.000000 0
900536 0.124620 0
900544 0.000000 0
900552 0.000000 0
900559 0.094320 0
900566 0.000000 0
900574 0.000000 0
900581 0.073490 0
900589 0.000000 0
900596 0.000000 0
900604 0.030240 0
900611 0.000000 0
900618 0.000000 0
900626 0.012950 0
900634 0.000000 0
900642 0.000000 0
900649 0.009570 0
900656 0.000000 0
900664 0.000000 0
900671 0.025310 0
900679 0.000000 0
900686 0.000000 0
900694 0.066870 0
900701 0.000000 0
900708 0.000000 0
900716 0.069210 0
900724 0.000000 0
900732 0.000000 0
900739 0.033600 0
900747 0.000000 0
900754 0.000000 0
900762 0.033830 0
900769 0.000000 0
900776 0.000000 0
900784 0.035800 0
900792 0.000000 0
900800 0.000000 0
900807 0.061880 0
900814 0.000000 0
900822 0.000000 0
900829 0.063830 0
900837 0.000000 0
900844 0.000000 0
900852 0.065350 0
900859 0.000000 0
900866 0.000000 0
900874 0.021390 0
900882 0.000000 0
900890 0.000000 0
900897 0.040960 0
900904 0.000000 0
900912 0.000000 0
900919 0.128130 0
900927 0.000000 0
900934 0.000000 0
900942 0.163680 0
900949 0.000000 0
900956 0.000000 0
900964 0.121020 0
900972 0.000000 0
900980 0.000000 0
900987 0.128790 0
900993 0.000000 0
901000 0.000000 0
901008 0.079760 0
901017 0.000000 0
901024 0.000000 0
901032 0.076650 0
901039 0.000000 0
901046 0.000000 0
901054 0.064770 0
901062 0.000000 0
901070 0.000000 0
901077 0.023760 0
901083 0.000000 0
901090 0.000000 0
901098 0.022100 0
901107 0.000000 0
901114 0.000000 0
901122 0.069210 0
901129 0.000000 0
901136 0.000000 0
901144 0.087770 0
901152 0.000000 0
901160 0.000000 0
901167 0.081470 0
901174 0.000000 0
901182 0.000000 0
901189 0.046370 0
901197 0.000000 0
901204 0.000000 0
901212 0.036220 0
901219 0.000000 0
901226 0.000000 0
901234 0.060000 0
901242 0.000000 0
901250 0.000000 0
901257 0.073790 0
901264 0.000000 0
901272 0.000000 0
901279 0.066160 0
901287 0.000000 0
901294 0.000000 0
901302 0.064770 0
901309 0.000000 0
901316 0.000000 0
901324 0.053120 0
901331 0.000000 0
901338 0.000000 0
901346 0.068770 0
901354 0.000000 0
901362 0.000000 0
901369 0.073180 0
901377 0.000000 0
901384 0.000000 0
901392 0.097960 0
901399 0.000000 0
901406 0.000000 0
901414 0.092930 0
901422 0.000000 0
901430 0.000000 0
901437 0.097810 0
901443 0.000000 0
901450 0.000000 0
901458 0.070530 0
901467 0.000000 0
901474 0.000000 0
901482 0.066870 0
901488 0.000000 0
901496 0.000000 0
901503 0.040960 0
901512 0.000000 0
901520 0.000000 0
901527 0.008730 0
901534 0.000000 0
901542 0.000000 0
901549 0.007810 0
901557 0.000000 0
901564 0.000000 0
901572 0.047670 0
901579 0.000000 0
901586 0.000000 0
901594 0.079090 0
901602 0.000000 0
901610 0.000000 0
901617 0.066510 0
901624 0.000000 0
901632 0.000000 0
901639 0.045720 0
901647 0.000000 0
901654 0.000000 0
901662 0.031480 0
901668 0.000000 0
901676 0.000000 0
901683 0.079670 0
901692 0.000000 0
901700 0.000000 0
901707 0.062360 0
901713 0.000000 0
901720 0.000000 0
901728 0.050170 0
901737 0.000000 0
901744 0.000000 0
901752 0.029740 0
901758 0.000000 0
901766 0.000000 0
901773 0.021030 0
901781 0.000000 0
901788 0.000000 0
901796 0.076840 0
901803 0.000000 0
901810 0.000000 0
901818 0.109710 0
901826 0.000000 0
901834 0.000000 0
901841 0.113620 0
901849 0.000000 0
901856 0.000000 0
901864 0.113540 0
901871 0.000000 0
901878 0.000000 0
901886 0.106540 0
901893 0.000000 0
901900 0.000000 0
901908 0.077440 0
901916 0.000000 0
901924 0.000000 0
901931 0.059880 0
901938 0.000000 0
901946 0.000000 0
901953 0.036010 0
901961 0.000000 0
901968 0.000000 0
901976 0.009570 0
901983 0.000000 0
901990 0.000000 0
901998 0.008730 0
902006 0.000000 0
902014 0.000000 0
902021 0.069870 0
902028 0.000000 0
902036 0.000000 0
902043 0.071270 0
902051 0.000000 0
902058 0.000000 0
902066 0.045380 0
902073 0.000000 0
902080 0.000000 0
902088 0.031970 0
902096 0.000000 0
902104 0.000000 0
902111 0.020290 0
902118 0.000000 0
902126 0.000000 0
902133 0.062240 0
902141 0.000000 0
902148 0.000000 0
902156 0.071490 0
902163 0.000000 0
902170 0.000000 0
902178 0.062360 0
902186 0.000000 0
902194 0.000000 0
902201 0.030000 0
902208 0.000000 0
902216 0.000000 0
902223 0.018310 0
902231 0.000000 0
902238 0.000000 0
902246 0.090260 0
902253 0.000000 0
902260 0.000000 0
902268 0.114750 0
902277 0.000000 0
902284 0.000000 0
902292 0.122960 0
902298 0.000000 0
902306 0.000000 0
902313 0.123830 0
902322 0.000000 0
902330 0.000000 0
902337 0.087510 0
902343 0.000000 0
902350 0.000000 0
902358 0.075440 0
902367 0.000000 0
902374 0.000000 0
902382 0.030240 0
902388 0.000000 0
902396 0.000000 0
902403 0.014080 0
902412 0.000000 0
902420 0.000000 0
902427 0.008730 0
902433 0.000000 0
902440 0.000000 0
902448 0.040020 0
902456 0.000000 0
902464 0.000000 0
902471 0.068990 0
902478 0.000000 0
902486 0.000000 0
902493 0.074420 0
902502 0.000000 0
902510 0.000000 0
902517 0.045880 0
902523 0.000000 0
902530 0.000000 0
902538 0.039830 0
902546 0.000000 0
902554 0.000000 0
902561 0.049410 0
902568 0.000000 0
902576 0.000000 0
902583 0.060760 0
902591 0.000000 0
902598 0.000000 0
902606 0.062850 0
902613 0.000000 0
902620 0.000000 0
902628 0.063100 0
902637 0.000000 0
902644 0.000000 0
902652 0.027890 0
902658 0.000000 0
902666 0.000000 0
902673 0.042790 0
902681 0.000000 0
902688 0.000000 0
902696 0.130540 0
902703 0.000000 0
902710 0.000000 0
902718 0.141860 0
902726 0.000000 0
902734 0.000000 0
902741 0.125290 0
902748 0.000000 0
902756 0.000000 0
902763 0.116330 0
902771 0.000000 0
902778 0.000000 0
902786 0.078420 0
902793 0.000000 0
902800 0.000000 0
902808 0.079000 0
902816 0.000000 0
902824 0.000000 0
902831 0.062000 0
902838 0.000000 0
902846 0.000000 0
902853 0.029740 0
902861 0.000000 0
902868 0.000000 0
902876 0.023100 0
902883 0.000000 0
902890 0.000000 0
902898 0.056730 0
902906 0.000000 0
902914 0.000000 0
902921 0.087160 0
902928 0.000000 0
902936 0.000000 0
902943 0.079670 0
902951 0.000000 0
902958 0.000000 0
902966 0.041340 0
902973 0.000000 0
902980 0.000000 0
902988 0.035580 0
902996 0.000000 0
903004 0.000000 0
903011 0.049410 0
903018 0.000000 0
903026 0.000000 0
903033 0.090260 0
903041 0.000000 0
903048 0.000000 0
903056 0.081090 0
903063 0.000000 0
903070 0.000000 0
903078 0.066410 0
903086 0.000000 0
903094 0.000000 0
903101 0.064530 0
903108 0.000000 0
903116 0.000000 0
903123 0.061750 0
903131 0.000000 0
903138 0.000000 0
903146 0.072860 0
903153 0.000000 0
903160 0.000000 0
903168 0.088470 0
903176 0.000000 0
903184 0.000000 0
903191 0.099660 0
903198 0.000000 0
903206 0.000000 0
903213 0.098040 0
903221 0.000000 0
903228 0.000000 0
903236 0.069430 0
903245 0.000000 0
903252 0.000000 0
903260 0.070530 0
903266 0.000000 0
903274 0.000000 0
903281 0.042070 0
903290 0.000000 0
903298 0.000000 0
903305 0.005520 0
903311 0.000000 0
903318 0.000000 0
903326 0.005520 0
903334 0.000000 0
903342 0.000000 0
903349 0.058850 0
903356 0.000000 0
903364 0.000000 0
903371 0.081090 0
903379 0.000000 0
903386 0.000000 0
903394 0.062970 0
903401 0.000000 0
903408 0.000000 0
903416 0.040020 0
903424 0.000000 0
903432 0.000000 0
903439 0.025600 0
903446 0.000000 0
903454 0.000000 0
903461 0.070190 0
903470 0.000000 0
903478 0.000000 0
903485 0.073180 0
903491 0.000000 0
903498 0.000000 0
903506 0.062730 0
903515 0.000000 0
903522 0.000000 0
903530 0.024080 0
903536 0.000000 0
903544 0.000000 0
903551 0.017010 0
903560 0.000000 0
903568 0.000000 0
903575 0.082030 0
903581 0.000000 0
903588 0.000000 0
903596 0.124800 0
903604 0.000000 0
903612 0.000000 0
903619 0.107900 0
903626 0.000000 0
903634 0.000000 0
903641 0.120450 0
903649 0.000000 0
903656 0.000000 0
903664 0.105470 0
903671 0.000000 0
903678 0.000000 0
903686 0.075030 0
903694 0.000000 0
903702 0.000000 0
903709 0.054830 0
903716 0.000000 0
903724 0.000000 0
903731 0.022430 0
903739 0.000000 0
903746 0.000000 0
903754 0.009570 0
903761 0.000000 0
903768 0.000000 0
903776 0.006760 0
903784 0.000000 0
903792 0.000000 0
903799 0.068540 0
903806 0.000000 0
903814 0.000000 0
903821 0.066290 0
903829 0.000000 0
903836 0.000000 0
903844 0.043670 0
903851 0.000000 0
903858 0.000000 0
903866 0.039250 0
903874 0.000000 0
903882 0.000000 0
903889 0.023100 0
903896 0.000000 0
903904 0.000000 0
903911 0.067200 0
903919 0.000000 0
903926 0.000000 0
903934 0.068540 0
903941 0.000000 0
903948 0.000000 0
903956 0.065710 0
903964 0.000000 0
903972 0.000000 0
903979 0.035580 0
903986 0.000000 0
903994 0.000000 0
904001 0.014600 0
904009 0.000000 0
904016 0.000000 0
904024 0.099120 0
904031 0.000000 0
904038 0.000000 0
904046 0.132980 0
904054 0.000000 0
904062 0.000000 0
904069 0.109090 0
904076 0.000000 0
904084 0.000000 0
904091 0.126090 0
904099 0.000000 0
904106 0.000000 0
904114 0.089920 0
904121 0.000000 0
904128 0.000000 0
904136 0.088730 0
904144 0.000000 0
904152 0.000000 0
904159 0.038070 0
904166 0.000000 0
904174 0.000000 0
904181 0.018720 0
904189 0.000000 0
904196 0.000000 0
904204 0.007810 0
904211 0.000000 0
904218 0.000000 0
904226 0.025600 0
904234 0.000000 0
904242 0.000000 0
904249 0.075230 0
904256 0.000000 0
904264 0.000000 0
904271 0.081830 0
904279 0.000000 0
904286 0.000000 0
904294 0.050320 0
904301 0.000000 0
904308 0.000000 0
904316 0.048460 0
904324 0.000000 0
904332 0.000000 0
904339 0.050920 0
904347 0.000000 0
904354 0.000000 0
904362 0.051960 0
904369 0.000000 0
904376 0.000000 0
904384 0.040960 0
904392 0.000000 0
904400 0.000000 0
904407 0.060500 0
904414 0.000000 0
904422 0.000000 0
904429 0.030990 0
904436 0.000000 0
904444 0.000000 0
904451 0.040210 0
904459 0.000000 0
904466 0.000000 0
904474 0.128010 0
904482 0.000000 0
904490 0.000000 0
904497 0.137880 0
904504 0.000000 0
904512 0.000000 0
904519 0.121970 0
904527 0.000000 0
904534 0.000000 0
904542 0.107260 0
904549 0.000000 0
904556 0.000000 0
904564 0.090680 0
904572 0.000000 0
904580 0.000000 0
904587 0.082310 0
904594 0.000000 0
904602 0.000000 0
904609 0.075640 0
904617 0.000000 0
904624 0.000000 0
904632 0.043670 0
904638 0.000000 0
904646 0.000000 0
904653 0.019130 0
904662 0.000000 0
904670 0.000000 0
904677 0.048310 0
904684 0.000000 0
904692 0.000000 0
904699 0.073380 0
904707 0.000000 0
904714 0.000000 0
904722 0.072760 0
904729 0.000000 0
904736 0.000000 0
904744 0.039830 0
904751 0.000000 0
904758 0.000000 0
904766 0.025600 0
904773 0.000000 0
904780 0.000000 0
904788 0.050630 0
904796 0.000000 0
904804 0.000000 0
904811 0.079290 0
904818 0.000000 0
904826 0.000000 0
904833 0.076840 0
904841 0.000000 0
904848 0.000000 0
904856 0.069210 0
904863 0.000000 0
904870 0.000000 0
904878 0.057800 0
904887 0.000000 0
904894 0.000000 0
904902 0.065580 0
904908 0.000000 0
904916 0.000000 0
904923 0.078890 0
904931 0.000000 0
904938 0.000000 0
904946 0.087340 0
904953 0.000000 0
904960 0.000000 0
904968 0.100340 0
904976 0.000000 0
904984 0.000000 0
904991 0.083960 0
904999 0.000000 0
905006 0.000000 0
905014 0.086900 0
905021 0.000000 0
905028 0.000000 0
905036 0.083500 0
905043 0.000000 0
905050 0.000000 0
905058 0.043840 0
905067 0.000000 0
905074 0.000000 0
905082 0.007810 0
905088 0.000000 0
905096 0.000000 0
905103 0.008730 0
905111 0.000000 0
905118 0.000000 0
905126 0.053970 0
905133 0.000000 0
905140 0.000000 0
905148 0.065930 0
905156 0.000000 0
905164 0.000000 0
905171 0.058460 0
905178 0.000000 0
905186 0.000000 0
905193 0.030000 0
905201 0.000000 0
905208 0.000000 0
905216 0.027050 0
905223 0.000000 0
905230 0.000000 0
905238 0.067770 0
905247 0.000000 0
905254 0.000000 0
905262 0.069870 0
905268 0.000000 0
905276 0.000000 0
905283 0.064060 0
905291 0.000000 0
905298 0.000000 0
905306 0.027340 0
905313 0.000000 0
905320 0.000000 0
905328 0.014080 0
905336 0.000000 0
905344 0.000000 0
905351 0.079960 0
905358 0.000000 0
905366 0.000000 0
905373 0.112460 0
905381 0.000000 0
905388 0.000000 0
905396 0.116990 0
905403 0.000000 0
905410 0.000000 0
905418 0.126760 0
905426 0.000000 0
905434 0.000000 0
905441 0.095430 0
905448 0.000000 0
905456 0.000000 0
905463 0.075030 0
905471 0.000000 0
905478 0.000000 0
905486 0.058850 0
905493 0.000000 0
905500 0.000000 0
905508 0.020660 0
905516 0.000000 0
905524 0.000000 0
905531 0.007810 0
905538 0.000000 0
905546 0.000000 0
905553 0.006760 0
905561 0.000000 0
905568 0.000000 0
905576 0.062000 0
905583 0.000000 0
905590 0.000000 0
905598 0.057940 0
905606 0.000000 0
905614 0.000000 0
905621 0.047990 0
905628 0.000000 0
905636 0.000000 0
905643 0.035160 0
905651 0.000000 0
905658 0.000000 0
905666 0.021390 0
905673 0.000000 0
905680 0.000000 0
905688 0.075030 0
905696 0.000000 0
905704 0.000000 0
905711 0.074530 0
905718 0.000000 0
905726 0.000000 0
905733 0.073270 0
905741 0.000000 0
905748 0.000000 0
905756 0.042600 0
905763 0.000000 0
905770 0.000000 0
905778 0.015120 0
905786 0.000000 0
905794 0.000000 0
905801 0.096240 0
905809 0.000000 0
905816 0.000000 0
905824 0.123340 0
905831 0.000000 0
905838 0.000000 0
905846 0.109930 0
905853 0.000000 0
905860 0.000000 0
905868 0.122030 0
905876 0.000000 0
905884 0.000000 0
905891 0.080230 0
905898 0.000000 0
905906 0.000000 0
905913 0.072860 0
905921 0.000000 0
905928 0.000000 0
905936 0.043490 0
905943 0.000000 0
905950 0.000000 0
905958 0.021030 0
905966 0.000000 0
905974 0.000000 0
905981 0.008730 0
905988 0.000000 0
905996 0.000000 0
906003 0.015120 0
906011 0.000000 0
906018 0.000000 0
906026 0.059360 0
906035 0.000000 0
906042 0.000000 0
906050 0.071380 0
906056 0.000000 0
906064 0.000000 0
906071 0.043320 0
906079 0.000000 0
906086 0.000000 0
906094 0.048780 0
906101 0.000000 0
906108 0.000000 0
906116 0.051960 0
906124 0.000000 0
906132 0.000000 0
906139 0.057400 0
906146 0.000000 0
906154 0.000000 0
906161 0.039640 0
906170 0.000000 0
906178 0.000000 0
906185 0.052840 0
906191 0.000000 0
906198 0.000000 0
906206 0.032210 0
906214 0.000000 0
906222 0.000000 0
906229 0.046880 0
906236 0.000000 0
906244 0.000000 0
906251 0.117510 0
906259 0.000000 0
906266 0.000000 0
906274 0.149050 0
906281 0.000000 0
906288 0.000000 0
906296 0.116140 0
906305 0.000000 0
906312 0.000000 0
906320 0.110000 0
906326 0.000000 0
906334 0.000000 0
906341 0.091860 0
906350 0.000000 0
906358 0.000000 0
906365 0.100800 0
906371 0.000000 0
906378 0.000000 0
906386 0.062120 0
906395 0.000000 0
906402 0.000000 0
906410 0.040410 0
906416 0.000000 0
906424 0.000000 0
906431 0.016570 0
906439 0.000000 0
906446 0.000000 0
906454 0.046370 0
906461 0.000000 0
906468 0.000000 0
906476 0.077930 0
906484 0.000000 0
906492 0.000000 0
906499 0.091520 0
906506 0.000000 0
906514 0.000000 0
906521 0.049410 0
906529 0.000000 0
906536 0.000000 0
906544 0.041340 0
906551 0.000000 0
906558 0.000000 0
906566 0.044880 0
906574 0.000000 0
906582 0.000000 0
906589 0.072240 0
906596 0.000000 0
906604 0.000000 0
906611 0.067080 0
906619 0.000000 0
906626 0.000000 0
906634 0.071380 0
906641 0.000000 0
906648 0.000000 0
906656 0.062730 0
906664 0.000000 0
906672 0.000000 0
906679 0.060380 0
906686 0.000000 0
906694 0.000000 0
906701 0.065480 0
906709 0.000000 0
906716 0.000000 0
906724 0.076450 0
906731 0.000000 0
906738 0.000000 0
906746 0.108950 0
906754 0.000000 0
906762 0.000000 0
906769 0.090520 0
906776 0.000000 0
906784 0.000000 0
906791 0.093250 0
906799 0.000000 0
906806 0.000000 0
906814 0.077820 0
906821 0.000000 0
906828 0.000000 0
906836 0.039830 0
906844 0.000000 0
906852 0.000000 0
906859 0.008730 0
906866 0.000000 0
906874 0.000000 0
906881 0.011720 0
906889 0.000000 0
906896 0.000000 0
906904 0.060640 0
906911 0.000000 0
906918 0.000000 0
906926 0.095670 0
906934 0.000000 0
906942 0.000000 0
906949 0.084230 0
906956 0.000000 0
906964 0.000000 0
906971 0.086460 0
906979 0.000000 0
906986 0.000000 0
906994 0.044360 0
907001 0.000000 0
907008 0.000000 0
907016 0.098040 0
907024 0.000000 0
907032 0.000000 0
907039 0.076650 0
907046 0.000000 0
907054 0.000000 0
907061 0.069980 0
907069 0.000000 0
907076 0.000000 0
907084 0.023760 0
907092 0.000000 0
907100 0.000000 0
907107 0.008730 0
907114 0.000000 0
907122 0.000000 0
907129 0.059100 0
907137 0.000000 0
907144 0.000000 0
907152 0.086550 0
907159 0.000000 0
907166 0.000000 0
907174 0.105320 0
907182 0.000000 0
907190 0.000000 0
907197 0.113740 0
907204 0.000000 0
907212 0.000000 0
907219 0.092590 0
907227 0.000000 0
907234 0.000000 0
907242 0.063100 0
907248 0.000000 0
907256 0.000000 0
907263 0.053970 0
907272 0.000000 0
907280 0.000000 0
907287 0.018310 0
907294 0.000000 0
907302 0.000000 0
907309 0.006760 0
907317 0.000000 0
907324 0.000000 0
907332 0.014080 0
907339 0.000000 0
907346 0.000000 0
907354 0.063830 0
907362 0.000000 0
907370 0.000000 0
907377 0.060260 0
907384 0.000000 0
907392 0.000000 0
907399 0.035370 0
907407 0.000000 0
907414 0.000000 0
907422 0.020290 0
907429 0.000000 0
907436 0.000000 0
907444 0.029220 0
907452 0.000000 0
907460 0.000000 0
907467 0.066410 0
907474 0.000000 0
907482 0.000000 0
907489 0.074620 0
907497 0.000000 0
907504 0.000000 0
907512 0.074720 0
907519 0.000000 0
907526 0.000000 0
907534 0.041890 0
907542 0.000000 0
907550 0.000000 0
907557 0.018720 0
907564 0.000000 0
907572 0.000000 0
907579 0.097730 0
907587 0.000000 0
907594 0.000000 0
907602 0.123830 0
907609 0.000000 0
907616 0.000000 0
907624 0.107470 0
907632 0.000000 0
907640 0.000000 0
907647 0.125350 0
907653 0.000000 0
907660 0.000000 0
907668 0.084230 0
907677 0.000000 0
907684 0.000000 0
907692 0.082400 0
907698 0.000000 0
907706 0.000000 0
907713 0.039830 0
907722 0.000000 0
907730 0.000000 0
907737 0.018310 0
907743 0.000000 0
907750 0.000000 0
907758 0.006760 0
907766 0.000000 0
907774 0.000000 0
907781 0.018310 0
907789 0.000000 0
907796 0.000000 0
907804 0.065710 0
907812 0.000000 0
907820 0.000000 0
907827 0.073080 0
907834 0.000000 0
907842 0.000000 0
907849 0.047670 0
907857 0.000000 0
907864 0.000000 0
907872 0.040770 0
907879 0.000000 0
907886 0.000000 0
907894 0.046370 0
907902 0.000000 0
907910 0.000000 0
907917 0.048310 0
907923 0.000000 0
907930 0.000000 0
907938 0.034490 0
907946 0.000000 0
907954 0.000000 0
907961 0.050020 0
907968 0.000000 0
907976 0.000000 0
907983 0.034710 0
907991 0.000000 0
907998 0.000000 0
908006 0.044010 0
908013 0.000000 0
908020 0.000000 0
908028 0.131470 0
908037 0.000000 0
908044 0.000000 0
908052 0.140510 0
908058 0.000000 0
908066 0.000000 0
908073 0.129260 0
908081 0.000000 0
908088 0.000000 0
908096 0.127760 0
908103 0.000000 0
908110 0.000000 0
908118 0.110280 0
908127 0.000000 0
908134 0.000000 0
908142 0.093750 0
908148 0.000000 0
908156 0.000000 0
908163 0.063580 0
908172 0.000000 0
908180 0.000000 0
908187 0.030000 0
908193 0.000000 0
908200 0.000000 0
908208 0.018720 0
908216 0.000000 0
908224 0.000000 0
908231 0.046050 0
908238 0.000000 0
908246 0.000000 0
908253 0.079180 0
908261 0.000000 0
908268 0.000000 0
908276 0.077040 0
908283 0.000000 0
908290 0.000000 0
908298 0.052690 0
908306 0.000000 0
908314 0.000000 0
908321 0.048160 0
908328 0.000000 0
908336 0.000000 0
908343 0.066290 0
908352 0.000000 0
908360 0.000000 0
908367 0.083500 0
908373 0.000000 0
908380 0.000000 0
908388 0.073900 0
908396 0.000000 0
908404 0.000000 0
908411 0.069760 0
908418 0.000000 0
908426 0.000000 0
908433 0.061880 0
908441 0.000000 0
908448 0.000000 0
908456 0.055100 0
908463 0.000000 0
908470 0.000000 0
908478 0.071700 0
908486 0.000000 0
908494 0.000000 0
908501 0.085130 0
908508 0.000000 0
908516 0.000000 0
908523 0.090350 0
908532 0.000000 0
908540 0.000000 0
908547 0.092760 0
908553 0.000000 0
908560 0.000000 0
908568 0.084600 0
908577 0.000000 0
908584 0.000000 0
908592 0.076940 0
908598 0.000000 0
908606 0.000000 0
908613 0.045380 0
908622 0.000000 0
908630 0.000000 0
908637 0.010330 0
908643 0.000000 0
908650 0.000000 0
908658 0.006760 0
908667 0.000000 0
908674 0.000000 0
908682 0.055370 0
908688 0.000000 0
908696 0.000000 0
908703 0.071600 0
908711 0.000000 0
908718 0.000000 0
908726 0.069320 0
908733 0.000000 0
908740 0.000000 0
908748 0.039640 0
908756 0.000000 0
908764 0.000000 0
908771 0.025310 0
908778 0.000000 0
908786 0.000000 0
908793 0.059240 0
908801 0.000000 0
908808 0.000000 0
908816 0.067990 0
908823 0.000000 0
908830 0.000000 0
908838 0.058980 0
908846 0.000000 0
908854 0.000000 0
908861 0.026780 0
908868 0.000000 0
908876 0.000000 0
908883 0.024080 0
908891 0.000000 0
908898 0.000000 0
908906 0.081560 0
908913 0.000000 0
908920 0.000000 0
908928 0.114350 0
908936 0.000000 0
908944 0.000000 0
908951 0.115740 0
908958 0.000000 0
908966 0.000000 0
908973 0.124130 0
908981 0.000000 0
908988 0.000000 0
908996 0.099730 0
909003 0.000000 0
909010 0.000000 0
909018 0.072540 0
909026 0.000000 0
909034 0.000000 0
909041 0.046050 0
909050 0.000000 0
909058 0.000000 0
909065 0.025310 0
909071 0.000000 0
909078 0.000000 0
909086 0.021390 0
909093 0.000000 0
909100 0.000000 0
909108 0.011050 0
909117 0.000000 0
909124 0.000000 0
909132 0.078310 0
909138 0.000000 0
909146 0.000000 0
909153 0.069760 0
909161 0.000000 0
909168 0.000000 0
909176 0.045210 0
909183 0.000000 0
909190 0.000000 0
909198 0.036220 0
909206 0.000000 0
909214 0.000000 0
909221 0.021740 0
909228 0.000000 0
909236 0.000000 0
909243 0.065710 0
909251 0.000000 0
909258 0.000000 0
909266 0.069430 0
909273 0.000000 0
909280 0.000000 0
909288 0.068540 0
909297 0.000000 0
909304 0.000000 0
909312 0.037870 0
909320 0.000000 0
909328 0.000000 0
909335 0.010330 0
909341 0.000000 0
909348 0.000000 0
909356 0.094150 0
909364 0.000000 0
909372 0.000000 0
909379 0.132340 0
909386 0.000000 0
909394 0.000000 0
909401 0.108380 0
909410 0.000000 0
909418 0.000000 0
909425 0.124680 0
909431 0.000000 0
909438 0.000000 0
909446 0.086900 0
909454 0.000000 0
909462 0.000000 0
909469 0.075940 0
909476 0.000000 0
909484 0.000000 0
909491 0.035160 0
909499 0.000000 0
909506 0.000000 0
909514 0.017900 0
909521 0.000000 0
909528 0.000000 0
909536 0.007810 0
909544 0.000000 0
909552 0.000000 0
909559 0.027620 0
909566 0.000000 0
909574 0.000000 0
909581 0.074420 0
909589 0.000000 0
909596 0.000000 0
909604 0.079000 0
909611 0.000000 0
909618 0.000000 0
909626 0.046220 0
909634 0.000000 0
909642 0.000000 0
909649 0.036220 0
909656 0.000000 0
909664 0.000000 0
909671 0.050020 0
909679 0.000000 0
909686 0.000000 0
909694 0.050020 0
909701 0.000000 0
909708 0.000000 0
909716 0.038670 0
909724 0.000000 0
909732 0.000000 0
909739 0.054830 0
909746 0.000000 0
909754 0.000000 0
909761 0.040960 0
909770 0.000000 0
909778 0.000000 0
909785 0.049090 0
909791 0.000000 0
909798 0.000000 0
909806 0.125050 0
909814 0.000000 0
909822 0.000000 0
909829 0.139210 0
909836 0.000000 0
909844 0.000000 0
909851 0.134570 0
909859 0.000000 0
909866 0.000000 0
909874 0.118090 0
909881 0.000000 0
909888 0.000000 0
909896 0.082860 0
909904 0.000000 0
909912 0.000000 0
909919 0.090590 0
909926 0.000000 0
909934 0.000000 0
909941 0.063460 0
909949 0.000000 0
909956 0.000000 0
909964 0.043320 0
909971 0.000000 0
909978 0.000000 0
909986 0.018310 0
909994 0.000000 0
910002 0.000000 0
910009 0.050780 0
910016 0.000000 0
910024 0.000000 0
910031 0.082580 0
910039 0.000000 0
910046 0.000000 0
910054 0.081740 0
910061 0.000000 0
910068 0.000000 0
910076 0.054260 0
910084 0.000000 0
910092 0.000000 0
910099 0.043320 0
910106 0.000000 0
910114 0.000000 0
910121 0.064060 0
910129 0.000000 0
910136 0.000000 0
910144 0.081740 0
910151 0.000000 0
910158 0.000000 0
910166 0.081930 0
910174 0.000000 0
910182 0.000000 0
910189 0.062000 0
910196 0.000000 0
910204 0.000000 0
910211 0.058590 0
910219 0.000000 0
910226 0.000000 0
910234 0.067200 0
910241 0.000000 0
910248 0.000000 0
910256 0.086550 0
910264 0.000000 0
910272 0.000000 0
910279 0.091360 0
910286 0.000000 0
910294 0.000000 0
910301 0.090090 0
910309 0.000000 0
910316 0.000000 0
910324 0.105100 0
910331 0.000000 0
910338 0.000000 0
910346 0.082760 0
910354 0.000000 0
910362 0.000000 0
910369 0.071490 0
910376 0.000000 0
910384 0.000000 0
910391 0.047350 0
910399 0.000000 0
910406 0.000000 0
910414 0.010330 0
910421 0.000000 0
910428 0.000000 0
910436 0.007810 0
910444 0.000000 0
910452 0.000000 0
910459 0.047200 0
910466 0.000000 0
910474 0.000000 0
910481 0.073180 0
910489 0.000000 0
910496 0.000000 0
910504 0.058720 0
910511 0.000000 0
910518 0.000000 0
910526 0.034270 0
910534 0.000000 0
910542 0.000000 0
910549 0.018720 0
910556 0.000000 0
910564 0.000000 0
910571 0.077130 0
910579 0.000000 0
910586 0.000000 0
910594 0.076840 0
910601 0.000000 0
910608 0.000000 0
910616 0.068330 0
910624 0.000000 0
910632 0.000000 0
910639 0.025600 0
910646 0.000000 0
910654 0.000000 0
910661 0.025010 0
910669 0.000000 0
910676 0.000000 0
910684 0.077130 0
910691 0.000000 0
910698 0.000000 0
910706 0.116400 0
910714 0.000000 0
910722 0.000000 0
910729 0.128790 0
910736 0.000000 0
910744 0.000000 0
910751 0.118790 0
910759 0.000000 0
910766 0.000000 0
910774 0.097660 0
910781 0.000000 0
910788 0.000000 0
910796 0.072020 0
910804 0.000000 0
910812 0.000000 0
910819 0.060880 0
910826 0.000000 0
910834 0.000000 0
910841 0.032670 0
910849 0.000000 0
910856 0.000000 0
910864 0.005520 0
910871 0.000000 0
910878 0.000000 0
910886 0.006760 0
910894 0.000000 0
910902 0.000000 0
910909 0.061140 0
910916 0.000000 0
910924 0.000000 0
910931 0.068880 0
910939 0.000000 0
910946 0.000000 0
910954 0.051510 0
910961 0.000000 0
910968 0.000000 0
910976 0.029480 0
910984 0.000000 0
910992 0.000000 0
910999 0.025600 0
911006 0.000000 0
911014 0.000000 0
911021 0.070310 0
911029 0.000000 0
911036 0.000000 0
911044 0.073590 0
911051 0.000000 0
911058 0.000000 0
911066 0.068100 0
911074 0.000000 0
911082 0.000000 0
911089 0.032670 0
911096 0.000000 0
911104 0.000000 0
911111 0.012340 0
911119 0.000000 0
911126 0.000000 0
911134 0.096070 0
911141 0.000000 0
911148 0.000000 0
911156 0.123400 0
911164 0.000000 0
911172 0.000000 0
911179 0.108520 0
911186 0.000000 0
911194 0.000000 0
911201 0.126020 0
911209 0.000000 0
911216 0.000000 0
911224 0.086900 0
911232 0.000000 0
911240 0.000000 0
911247 0.095990 0
911253 0.000000 0
911260 0.000000 0
911268 0.040770 0
911277 0.000000 0
911284 0.000000 0
911292 0.018310 0
911298 0.000000 0
911306 0.000000 0
911313 0.007810 0
911322 0.000000 0
911330 0.000000 0
911337 0.031720 0
911344 0.000000 0
911352 0.000000 0
911359 0.059240 0
911366 0.000000 0
911374 0.000000 0
911381 0.073590 0
911389 0.000000 0
911396 0.000000 0
911404 0.040960 0
911412 0.000000 0
911420 0.000000 0
911427 0.037660 0
911434 0.000000 0
911442 0.000000 0
911449 0.054690 0
911457 0.000000 0
911464 0.000000 0
911472 0.049560 0
911479 0.000000 0
911486 0.000000 0
911494 0.045380 0
911502 0.000000 0
911510 0.000000 0
911517 0.057130 0
911524 0.000000 0
911532 0.000000 0
911539 0.035160 0
911547 0.000000 0
911554 0.000000 0
911562 0.045040 0
911569 0.000000 0
911576 0.000000 0
911584 0.130370 0
911592 0.000000 0
911600 0.000000 0
911607 0.151540 0
911614 0.000000 0
911622 0.000000 0
911629 0.115280 0
911637 0.000000 0
911644 0.000000 0
911652 0.110690 0
911659 0.000000 0
911666 0.000000 0
911674 0.112810 0
911682 0.000000 0
911690 0.000000 0
911697 0.098510 0
911704 0.000000 0
911712 0.000000 0
911719 0.057940 0
911727 0.000000 0
911734 0.000000 0
911742 0.032210 0
911749 0.000000 0
911756 0.000000 0
911764 0.017010 0
911772 0.000000 0
911780 0.000000 0
911787 0.059490 0
911794 0.000000 0
911802 0.000000 0
911809 0.084140 0
911817 0.000000 0
911824 0.000000 0
911832 0.078020 0
911839 0.000000 0
911846 0.000000 0
911854 0.046710 0
911861 0.000000 0
911868 0.000000 0
911876 0.038470 0
911883 0.000000 0
911890 0.000000 0
911898 0.066740 0
911906 0.000000 0
911914 0.000000 0
911921 0.080230 0
911928 0.000000 0
911936 0.000000 0
911943 0.080810 0
911952 0.000000 0
911960 0.000000 0
911967 0.063460 0
911973 0.000000 0
911980 0.000000 0
911988 0.062850 0
911996 0.000000 0
912004 0.000000 0
912011 0.059490 0
912019 0.000000 0
912026 0.000000 0
912034 0.074830 0
912042 0.000000 0
912050 0.000000 0
912057 0.092590 0
912063 0.000000 0
912070 0.000000 0
912078 0.108950 0
912087 0.000000 0
912094 0.000000 0
912102 0.091860 0
912108 0.000000 0
912116 0.000000 0
912123 0.081830 0
912131 0.000000 0
912138 0.000000 0
912146 0.072450 0
912153 0.000000 0
912160 0.000000 0
912168 0.039060 0
912177 0.000000 0
912184 0.000000 0
912192 0.006760 0
912198 0.000000 0
912206 0.000000 0
912213 0.005520 0
912221 0.000000 0
912228 0.000000 0
912236 0.050320 0
912243 0.000000 0
912250 0.000000 0
912258 0.075940 0
912267 0.000000 0
912274 0.000000 0
912282 0.064060 0
912288 0.000000 0
912296 0.000000 0
912303 0.034710 0
912311 0.000000 0
912318 0.000000 0
912326 0.024700 0
912333 0.000000 0
912340 0.000000 0
912348 0.072650 0
912357 0.000000 0
912364 0.000000 0
912372 0.069980 0
912378 0.000000 0
912386 0.000000 0
912393 0.061880 0
912401 0.000000 0
912408 0.000000 0
912416 0.028170 0
912423 0.000000 0
912430 0.000000 0
912438 0.025910 0
912446 0.000000 0
912454 0.000000 0
912461 0.080810 0
912468 0.000000 0
912476 0.000000 0
912483 0.104370 0
912491 0.000000 0
912498 0.000000 0
912506 0.110890 0
912513 0.000000 0
912520 0.000000 0
912528 0.124250 0
912537 0.000000 0
912544 0.000000 0
912552 0.103790 0
912558 0.000000 0
912566 0.000000 0
912573 0.078890 0
912581 0.000000 0
912588 0.000000 0
912596 0.058850 0
912603 0.000000 0
912610 0.000000 0
912618 0.035160 0
912626 0.000000 0
912634 0.000000 0
912641 0.007810 0
912648 0.000000 0
912656 0.000000 0
912663 0.009570 0
912671 0.000000 0
912678 0.000000 0
912686 0.063220 0
912693 0.000000 0
912700 0.000000 0
912708 0.062360 0
912716 0.000000 0
912724 0.000000 0
912731 0.037050 0
912738 0.000000 0
912746 0.000000 0
912753 0.037260 0
912761 0.000000 0
912768 0.000000 0
912776 0.025310 0
912783 0.000000 0
912790 0.000000 0
912798 0.071490 0
912806 0.000000 0
912814 0.000000 0
912821 0.068990 0
912828 0.000000 0
912836 0.000000 0
912843 0.070420 0
912852 0.000000 0
912860 0.000000 0
912867 0.035580 0
912873 0.000000 0
912880 0.000000 0
912888 0.013520 0
912897 0.000000 0
912904 0.000000 0
912912 0.097180 0
912918 0.000000 0
912926 0.000000 0
912933 0.119510 0
912941 0.000000 0
912948 0.000000 0
912956 0.120330 0
912963 0.000000 0
912970 0.000000 0
912978 0.126150 0
912986 0.000000 0
912994 0.000000 0
913001 0.084140 0
913008 0.000000 0
913016 0.000000 0
913023 0.079760 0
913032 0.000000 0
913040 0.000000 0
913047 0.036220 0
913053 0.000000 0
913060 0.000000 0
913068 0.021740 0
913076 0.000000 0
913084 0.000000 0
913091 0.005520 0
913098 0.000000 0
913106 0.000000 0
913113 0.014600 0
913121 0.000000 0
913128 0.000000 0
913136 0.062120 0
913143 0.000000 0
913150 0.000000 0
913158 0.068210 0
913166 0.000000 0
913174 0.000000 0
913181 0.046050 0
913188 0.000000 0
913196 0.000000 0
913203 0.038860 0
913211 0.000000 0
913218 0.000000 0
913226 0.054400 0
913233 0.000000 0
913240 0.000000 0
913248 0.048780 0
913256 0.000000 0
913264 0.000000 0
913271 0.041700 0
913278 0.000000 0
913286 0.000000 0
913293 0.057940 0
913301 0.000000 0
913308 0.000000 0
913316 0.037460 0
913323 0.000000 0
913330 0.000000 0
913338 0.045380 0
913346 0.000000 0
913354 0.000000 0
913361 0.130190 0
913370 0.000000 0
913378 0.000000 0
913385 0.135930 0
913391 0.000000 0
913398 0.000000 0
913406 0.124740 0
913414 0.000000 0
913422 0.000000 0
913429 0.128070 0
913436 0.000000 0
913444 0.000000 0
913451 0.083860 0
913459 0.000000 0
913466 0.000000 0
913474 0.098740 0
913481 0.000000 0
913488 0.000000 0
913496 0.083680 0
913505 0.000000 0
913512 0.000000 0
913520 0.036220 0
913526 0.000000 0
913534 0.000000 0
913541 0.015120 0
913550 0.000000 0
913558 0.000000 0
913565 0.038470 0
913571 0.000000 0
913578 0.000000 0
913586 0.084230 0
913595 0.000000 0
913602 0.000000 0
913610 0.075030 0
913616 0.000000 0
913624 0.000000 0
913631 0.056200 0
913640 0.000000 0
913648 0.000000 0
913655 0.039250 0
913661 0.000000 0
913668 0.000000 0
913676 0.067990 0
913685 0.000000 0
913692 0.000000 0
913700 0.075640 0
913706 0.000000 0
913714 0.000000 0
913721 0.069760 0
913729 0.000000 0
913736 0.000000 0
913744 0.056600 0
913751 0.000000 0
913758 0.000000 0
913766 0.065710 0
913774 0.000000 0
913782 0.000000 0
913789 0.080050 0
913796 0.000000 0
913804 0.000000 0
913811 0.093900 0
913819 0.000000 0
913826 0.000000 0
913834 0.072130 0
913841 0.000000 0
913848 0.000000 0
913856 0.096710 0
913864 0.000000 0
913872 0.000000 0
913879 0.082670 0
913886 0.000000 0
913894 0.000000 0
913901 0.075230 0
913909 0.000000 0
913916 0.000000 0
913924 0.070740 0
913931 0.000000 0
913938 0.000000 0
913946 0.034710 0
913954 0.000000 0
913962 0.000000 0
913969 0.005520 0
913976 0.000000 0
913984 0.000000 0
913991 0.008730 0
913999 0.000000 0
914006 0.000000 0
914014 0.058980 0
914021 0.000000 0
914028 0.000000 0
914036 0.085660 0
914044 0.000000 0
914052 0.000000 0
914059 0.088900 0
914066 0.000000 0
914074 0.000000 0
914081 0.084600 0
914089 0.000000 0
914096 0.000000 0
914104 0.050630 0
914111 0.000000 0
914118 0.000000 0
914126 0.087160 0
914134 0.000000 0
914142 0.000000 0
914149 0.077820 0
914156 0.000000 0
914164 0.000000 0
914171 0.072860 0
914179 0.000000 0
914186 0.000000 0
914194 0.021030 0
914201 0.000000 0
914208 0.000000 0
914216 0.009570 0
914224 0.000000 0
914232 0.000000 0
914239 0.063580 0
914246 0.000000 0
914254 0.000000 0
914261 0.091860 0
914269 0.000000 0
914276 0.000000 0
914284 0.094710 0
914291 0.000000 0
914298 0.000000 0
914306 0.108170 0
914314 0.000000 0
914322 0.000000 0
914329 0.092350 0
914336 0.000000 0
914344 0.000000 0
914351 0.066640 0
914358 0.000000 0
914366 0.000000 0
914373 0.050920 0
914382 0.000000 0
914390 0.000000 0
914397 0.021030 0
914403 0.000000 0
914410 0.000000 0
914418 0.013520 0
914427 0.000000 0
914434 0.000000 0
914442 0.024380 0
914449 0.000000 0
914456 0.000000 0
914464 0.069320 0
914472 0.000000 0
914480 0.000000 0
914487 0.073490 0
914494 0.000000 0
914502 0.000000 0
914509 0.043320 0
914517 0.000000 0
914524 0.000000 0
914532 0.034270 0
914539 0.000000 0
914546 0.000000 0
914554 0.036420 0
914562 0.000000 0
914570 0.000000 0
914577 0.066970 0
914584 0.000000 0
914592 0.000000 0
914599 0.077820 0
914607 0.000000 0
914614 0.000000 0
914622 0.071060 0
914629 0.000000 0
914636 0.000000 0
914644 0.035800 0
914652 0.000000 0
914660 0.000000 0
914667 0.019130 0
914674 0.000000 0
914682 0.000000 0
914689 0.095280 0
914697 0.000000 0
914704 0.000000 0
914712 0.132110 0
914719 0.000000 0
914726 0.000000 0
914734 0.100270 0
914742 0.000000 0
914750 0.000000 0
914757 0.110410 0
914764 0.000000 0
914772 0.000000 0
914779 0.084670 0
914787 0.000000 0
914794 0.000000 0
914802 0.080230 0
914808 0.000000 0
914816 0.000000 0
914823 0.034710 0
914832 0.000000 0
914840 0.000000 0
914847 0.022770 0
914853 0.000000 0
914860 0.000000 0
914868 0.006760 0
914877 0.000000 0
914884 0.000000 0
914892 0.041890 0
914899 0.000000 0
914906 0.000000 0
914914 0.085850 0
914922 0.000000 0
914930 0.000000 0
914937 0.085660 0
914944 0.000000 0
914952 0.000000 0
914959 0.046880 0
914967 0.000000 0
914974 0.000000 0
914982 0.045040 0
914989 0.000000 0
914996 0.000000 0
915004 0.059100 0
915012 0.000000 0
915020 0.000000 0
915027 0.050020 0
915034 0.000000 0
915042 0.000000 0
915049 0.050630 0
915057 0.000000 0
915064 0.000000 0
915072 0.058060 0
915078 0.000000 0
915086 0.000000 0
915093 0.035800 0
915102 0.000000 0
915110 0.000000 0
915117 0.054400 0
915123 0.000000 0
915130 0.000000 0
915138 0.117770 0
915147 0.000000 0
915154 0.000000 0
915162 0.149610 0
915169 0.000000 0
915176 0.000000 0
915184 0.122030 0
915192 0.000000 0
915200 0.000000 0
915207 0.119630 0
915214 0.000000 0
915222 0.000000 0
915229 0.090420 0
915237 0.000000 0
915244 0.000000 0
915252 0.081560 0
915259 0.000000 0
915266 0.000000 0
915274 0.063830 0
915281 0.000000 0
915288 0.000000 0
915296 0.039830 0
915305 0.000000 0
915312 0.000000 0
915320 0.022770 0
915326 0.000000 0
915334 0.000000 0
915341 0.033370 0
915348 0.000000 0
915356 0.000000 0
915363 0.081930 0
915371 0.000000 0
915378 0.000000 0
915386 0.084760 0
915393 0.000000 0
915400 0.000000 0
915408 0.065580 0
915417 0.000000 0
915424 0.000000 0
915432 0.047200 0
915438 0.000000 0
915446 0.000000 0
915453 0.063460 0
915461 0.000000 0
915468 0.000000 0
915476 0.072020 0
915485 0.000000 0
915492 0.000000 0
915500 0.074720 0
915506 0.000000 0
915514 0.000000 0
915521 0.064180 0
915530 0.000000 0
915538 0.000000 0
915545 0.060880 0
915552 0.000000 0
915560 0.000000 0
915567 0.059360 0
915574 0.000000 0
915582 0.000000 0
915589 0.073900 0
915596 0.000000 0
915604 0.000000 0
915611 0.101030 0
915619 0.000000 0
915626 0.000000 0
915634 0.091020 0
915641 0.000000 0
915648 0.000000 0
915656 0.082950 0
915664 0.000000 0
915672 0.000000 0
915679 0.082860 0
915686 0.000000 0
915694 0.000000 0
915701 0.071490 0
915709 0.000000 0
915716 0.000000 0
915724 0.045550 0
915731 0.000000 0
915738 0.000000 0
915746 0.009570 0
915755 0.000000 0
915762 0.000000 0
915770 0.012340 0
915776 0.000000 0
915784 0.000000 0
915791 0.064650 0
915800 0.000000 0
915808 0.000000 0
915815 0.082120 0
915821 0.000000 0
915828 0.000000 0
915836 0.066510 0
915844 0.000000 0
915852 0.000000 0
915859 0.049870 0
915866 0.000000 0
915874 0.000000 0
915881 0.035370 0
915889 0.000000 0
915896 0.000000 0
915904 0.068670 0
915911 0.000000 0
915918 0.000000 0
915926 0.073180 0
915934 0.000000 0
915942 0.000000 0
915949 0.063580 0
915956 0.000000 0
915964 0.000000 0
915971 0.035580 0
915979 0.000000 0
915986 0.000000 0
915994 0.025310 0
916001 0.000000 0
916008 0.000000 0
916016 0.072450 0
916024 0.000000 0
916032 0.000000 0
916039 0.118410 0
916046 0.000000 0
916054 0.000000 0
916061 0.111920 0
916069 0.000000 0
916076 0.000000 0
916084 0.114750 0
916091 0.000000 0
916098 0.000000 0
916106 0.082120 0
916114 0.000000 0
916122 0.000000 0
916129 0.069870 0
916136 0.000000 0
916144 0.000000 0
916151 0.056060 0
916159 0.000000 0
916166 0.000000 0
916174 0.025910 0
916181 0.000000 0
916188 0.000000 0
916196 0.014600 0
916204 0.000000 0
916212 0.000000 0
916219 0.009570 0
916227 0.000000 0
916234 0.000000 0
916242 0.065250 0
916249 0.000000 0
916256 0.000000 0
916264 0.065930 0
916272 0.000000 0
916280 0.000000 0
916287 0.049560 0
916294 0.000000 0
916302 0.000000 0
916309 0.035370 0
916317 0.000000 0
916324 0.000000 0
916332 0.029220 0
916339 0.000000 0
916346 0.000000 0
916354 0.059620 0
916362 0.000000 0
916370 0.000000 0
916377 0.061140 0
916384 0.000000 0
916392 0.000000 0
916399 0.060880 0
916407 0.000000 0
916414 0.000000 0
916422 0.036220 0
916428 0.000000 0
916436 0.000000 0
916443 0.012950 0
916451 0.000000 0
916458 0.000000 0
916466 0.099430 0
916473 0.000000 0
916480 0.000000 0
916488 0.125960 0
916496 0.000000 0
916504 0.000000 0
916511 0.105320 0
916518 0.000000 0
916526 0.000000 0
916533 0.111020 0
916542 0.000000 0
916550 0.000000 0
916557 0.082760 0
916564 0.000000 0
916572 0.000000 0
916579 0.080990 0
916587 0.000000 0
916594 0.000000 0
916602 0.042420 0
916609 0.000000 0
916616 0.000000 0
916624 0.024700 0
916633 0.000000 0
916640 0.000000 0
916648 0.009570 0
916654 0.000000 0
916662 0.000000 0
916669 0.054830 0
916677 0.000000 0
916684 0.000000 0
916692 0.094790 0
916699 0.000000 0
916706 0.000000 0
916714 0.082030 0
916721 0.000000 0
916728 0.000000 0
916736 0.048310 0
916743 0.000000 0
916750 0.000000 0
916758 0.040210 0
916766 0.000000 0
916774 0.000000 0
916781 0.052400 0
916788 0.000000 0
916796 0.000000 0
916803 0.047030 0
916811 0.000000 0
916818 0.000000 0
916826 0.044530 0
916833 0.000000 0
916840 0.000000 0
916848 0.046540 0
916856 0.000000 0
916864 0.000000 0
916871 0.034710 0
916878 0.000000 0
916886 0.000000 0
916893 0.054400 0
916902 0.000000 0
916910 0.000000 0
916917 0.113950 0
916923 0.000000 0
916930 0.000000 0
916938 0.150010 0
916946 0.000000 0
916954 0.000000 0
916961 0.122030 0
916968 0.000000 0
916976 0.000000 0
916983 0.095430 0
916991 0.000000 0
916998 0.000000 0
917006 0.093420 0
917015 0.000000 0
917022 0.000000 0
917030 0.111300 0
917036 0.000000 0
917044 0.000000 0
917051 0.068770 0
917060 0.000000 0
917068 0.000000 0
917075 0.034040 0
917081 0.000000 0
917088 0.000000 0
917096 0.017900 0
917104 0.000000 0
917112 0.000000 0
917119 0.054830 0
917126 0.000000 0
917134 0.000000 0
917141 0.064180 0
917150 0.000000 0
917158 0.000000 0
917165 0.080700 0
917171 0.000000 0
917178 0.000000 0
917186 0.052980 0
917195 0.000000 0
917202 0.000000 0
917210 0.038470 0
917216 0.000000 0
917224 0.000000 0
917231 0.062500 0
917240 0.000000 0
917248 0.000000 0
917255 0.083590 0
917261 0.000000 0
917268 0.000000 0
917276 0.075330 0
917285 0.000000 0
917292 0.000000 0
917300 0.055370 0
917306 0.000000 0
917314 0.000000 0
917321 0.070630 0
917330 0.000000 0
917338 0.000000 0
917345 0.073270 0
917351 0.000000 0
917358 0.000000 0
917366 0.086380 0
917374 0.000000 0
917382 0.000000 0
917389 0.089420 0
917396 0.000000 0
917404 0.000000 0
917411 0.101260 0
917419 0.000000 0
917426 0.000000 0
917434 0.095280 0
917441 0.000000 0
917448 0.000000 0
917456 0.066870 0
917464 0.000000 0
917472 0.000000 0
917479 0.053830 0
917486 0.000000 0
917494 0.000000 0
917501 0.031720 0
917509 0.000000 0
917516 0.000000 0
917524 0.009570 0
917531 0.000000 0
917538 0.000000 0
917546 0.003910 0
917554 0.000000 0
917562 0.000000 0
917569 0.055240 0
917576 0.000000 0
917584 0.000000 0
917591 0.090350 0
917599 0.000000 0
917606 0.000000 0
917614 0.065710 0
917621 0.000000 0
917628 0.000000 0
917636 0.043490 0
917644 0.000000 0
917652 0.000000 0
917659 0.027890 0
917666 0.000000 0
917674 0.000000 0
917681 0.051380 0
917689 0.000000 0
917696 0.000000 0
917704 0.063220 0
917711 0.000000 0
917718 0.000000 0
917726 0.064420 0
917734 0.000000 0
917742 0.000000 0
917749 0.041700 0
917756 0.000000 0
917764 0.000000 0
917771 0.024380 0
917779 0.000000 0
917786 0.000000 0
917794 0.082760 0
917801 0.000000 0
917808 0.000000 0
917816 0.124320 0
917824 0.000000 0
917832 0.000000 0
917839 0.122090 0
917846 0.000000 0
917854 0.000000 0
917861 0.116400 0
917869 0.000000 0
917876 0.000000 0
917884 0.087690 0
917891 0.000000 0
917898 0.000000 0
917906 0.077240 0
917914 0.000000 0
917922 0.000000 0
917929 0.048310 0
917937 0.000000 0
917944 0.000000 0
917952 0.027620 0
917958 0.000000 0
917966 0.000000 0
917973 0.007810 0
917982 0.000000 0
917990 0.000000 0
917997 0.009570 0
918004 0.000000 0
918012 0.000000 0
918019 0.055370 0
918027 0.000000 0
918034 0.000000 0
918042 0.061010 0
918049 0.000000 0
918056 0.000000 0
918064 0.045040 0
918072 0.000000 0
918080 0.000000 0
918087 0.045040 0
918094 0.000000 0
918102 0.000000 0
918109 0.023440 0
918117 0.000000 0
918124 0.000000 0
918132 0.061140 0
918139 0.000000 0
918146 0.000000 0
918154 0.064880 0
918162 0.000000 0
918170 0.000000 0
918177 0.064880 0
918184 0.000000 0
918192 0.000000 0
918199 0.043490 0
918206 0.000000 0
918214 0.000000 0
918221 0.019530 0
918229 0.000000 0
918236 0.000000 0
918244 0.102010 0
918252 0.000000 0
918260 0.000000 0
918267 0.125660 0
918273 0.000000 0
918280 0.000000 0
918288 0.112460 0
918296 0.000000 0
918304 0.000000 0
918311 0.114690 0
918319 0.000000 0
918326 0.000000 0
918334 0.081930 0
918341 0.000000 0
918348 0.000000 0
918356 0.081830 0
918364 0.000000 0
918372 0.000000 0
918379 0.043840 0
918386 0.000000 0
918394 0.000000 0
918401 0.027050 0
918409 0.000000 0
918416 0.000000 0
918424 0.008730 0
918432 0.000000 0
918440 0.000000 0
918447 0.041150 0
918453 0.000000 0
918460 0.000000 0
918468 0.081180 0
918478 0.000000 0
918486 0.000000 0
918493 0.073790 0
918498 0.000000 0
918506 0.000000 0
918513 0.065350 0
918522 0.000000 0
918530 0.000000 0
918537 0.048310 0
918544 0.000000 0
918552 0.000000 0
918559 0.046540 0
918567 0.000000 0
918574 0.000000 0
918582 0.045210 0
918588 0.000000 0
918596 0.000000 0
918603 0.036850 0
918612 0.000000 0
918620 0.000000 0
918627 0.044010 0
918633 0.000000 0
918640 0.000000 0
918648 0.027890 0
918657 0.000000 0
918664 0.000000 0
918672 0.041150 0
918678 0.000000 0
918686 0.000000 0
918693 0.117370 0
918701 0.000000 0
918708 0.000000 0
918716 0.134290 0
918723 0.000000 0
918730 0.000000 0
918738 0.115600 0
918747 0.000000 0
918754 0.000000 0
918762 0.118990 0
918768 0.000000 0
918776 0.000000 0
918783 0.100270 0
918792 0.000000 0
918800 0.000000 0
918807 0.111570 0
918814 0.000000 0
918822 0.000000 0
918829 0.084230 0
918837 0.000000 0
918844 0.000000 0
918852 0.034930 0
918858 0.000000 0
918866 0.000000 0
918873 0.017460 0
918882 0.000000 0
918890 0.000000 0
918897 0.023440 0
918903 0.000000 0
918910 0.000000 0
918918 0.090420 0
918926 0.000000 0
918934 0.000000 0
918941 0.091100 0
918948 0.000000 0
918956 0.000000 0
918963 0.053120 0
918971 0.000000 0
918978 0.000000 0
918986 0.036640 0
918993 0.000000 0
919000 0.000000 0
919008 0.065710 0
919016 0.000000 0
919024 0.000000 0
919031 0.083500 0
919038 0.000000 0
919046 0.000000 0
919053 0.076140 0
919061 0.000000 0
919068 0.000000 0
919076 0.050630 0
919083 0.000000 0
919090 0.000000 0
919098 0.058200 0
919107 0.000000 0
919114 0.000000 0
919122 0.062610 0
919128 0.000000 0
919136 0.000000 0
919143 0.087160 0
919151 0.000000 0
919158 0.000000 0
919166 0.085480 0
919173 0.000000 0
919180 0.000000 0
919188 0.088120 0
919196 0.000000 0
919204 0.000000 0
919211 0.088640 0
919218 0.000000 0
919226 0.000000 0
919233 0.076540 0
919241 0.000000 0
919248 0.000000 0
919256 0.071170 0
919263 0.000000 0
919270 0.000000 0
919278 0.037050 0
919286 0.000000 0
919294 0.000000 0
919301 0.015120 0
919308 0.000000 0
919316 0.000000 0
919323 0.005520 0
919331 0.000000 0
919338 0.000000 0
919346 0.076450 0
919354 0.000000 0
919362 0.000000 0
919369 0.074220 0
919376 0.000000 0
919384 0.000000 0
919391 0.064420 0
919399 0.000000 0
919406 0.000000 0
919414 0.040210 0
919421 0.000000 0
919428 0.000000 0
919436 0.021390 0
919444 0.000000 0
919452 0.000000 0
919459 0.049870 0
919466 0.000000 0
919474 0.000000 0
919481 0.070950 0
919489 0.000000 0
919496 0.000000 0
919504 0.067430 0
919511 0.000000 0
919518 0.000000 0
919526 0.035370 0
919534 0.000000 0
919542 0.000000 0
919549 0.022100 0
919556 0.000000 0
919564 0.000000 0
919571 0.088380 0
919579 0.000000 0
919586 0.000000 0
919594 0.110480 0
919601 0.000000 0
919608 0.000000 0
919616 0.112540 0
919624 0.000000 0
919632 0.000000 0
919639 0.113410 0
919646 0.000000 0
919654 0.000000 0
919661 0.091600 0
919669 0.000000 0
919676 0.000000 0
919684 0.084760 0
919691 0.000000 0
919698 0.000000 0
919706 0.057540 0
919715 0.000000 0
919722 0.000000 0
919730 0.030000 0
919736 0.000000 0
919744 0.000000 0
919751 0.008730 0
919759 0.000000 0
919766 0.000000 0
919774 0.006760 0
919781 0.000000 0
919788 0.000000 0
919796 0.066160 0
919804 0.000000 0
919812 0.000000 0
919819 0.063460 0
919826 0.000000 0
919834 0.000000 0
919841 0.040960 0
919849 0.000000 0
919856 0.000000 0
919864 0.033600 0
919871 0.000000 0
919878 0.000000 0
919886 0.025600 0
919894 0.000000 0
919902 0.000000 0
919909 0.064420 0
919916 0.000000 0
919924 0.000000 0
919931 0.065130 0
919939 0.000000 0
919946 0.000000 0
919954 0.064300 0
919961 0.000000 0
919968 0.000000 0
919976 0.045550 0
919984 0.000000 0
919992 0.000000 0
919999 0.018720 0
920006 0.000000 0
920014 0.000000 0
920021 0.100800 0
920029 0.000000 0
920036 0.000000 0
920044 0.120840 0
920051 0.000000 0
920058 0.000000 0
920066 0.115340 0
920074 0.000000 0
920082 0.000000 0
920089 0.122840 0
920096 0.000000 0
920104 0.000000 0
920111 0.082950 0
920119 0.000000 0
920126 0.000000 0
920134 0.086990 0
920141 0.000000 0
920148 0.000000 0
920156 0.048460 0
920164 0.000000 0
920172 0.000000 0
920179 0.026200 0
920186 0.000000 0
920194 0.000000 0
920201 0.006760 0
920209 0.000000 0
920216 0.000000 0
920224 0.034490 0
920231 0.000000 0
920238 0.000000 0
920246 0.094790 0
920254 0.000000 0
920262 0.000000 0
920269 0.089070 0
920276 0.000000 0
920284 0.000000 0
920291 0.038670 0
920300 0.000000 0
920308 0.000000 0
920315 0.040590 0
920321 0.000000 0
920328 0.000000 0
920336 0.050920 0
920344 0.000000 0
920352 0.000000 0
920359 0.052690 0
920366 0.000000 0
920374 0.000000 0
920381 0.044190 0
920389 0.000000 0
920396 0.000000 0
920404 0.042600 0
920411 0.000000 0
920418 0.000000 0
920426 0.035800 0
920434 0.000000 0
920442 0.000000 0
920449 0.032670 0
920456 0.000000 0
920464 0.000000 0
920471 0.113010 0
920479 0.000000 0
920486 0.000000 0
920494 0.141050 0
920502 0.000000 0
920510 0.000000 0
920517 0.124930 0
920524 0.000000 0
920532 0.000000 0
920539 0.118610 0
920547 0.000000 0
920554 0.000000 0
920562 0.093580 0
920569 0.000000 0
920576 0.000000 0
920584 0.095840 0
920592 0.000000 0
920600 0.000000 0
920607 0.065930 0
920613 0.000000 0
920620 0.000000 0
920628 0.033830 0
920637 0.000000 0
920644 0.000000 0
920652 0.016570 0
920658 0.000000 0
920666 0.000000 0
920673 0.061140 0
920682 0.000000 0
920690 0.000000 0
920697 0.087430 0
920704 0.000000 0
920712 0.000000 0
920719 0.091600 0
920727 0.000000 0
920734 0.000000 0
920742 0.049410 0
920749 0.000000 0
920756 0.000000 0
920764 0.033600 0
920772 0.000000 0
920780 0.000000 0
920787 0.068330 0
920794 0.000000 0
920802 0.000000 0
920809 0.085570 0
920817 0.000000 0
920824 0.000000 0
920832 0.089420 0
920839 0.000000 0
920846 0.000000 0
920854 0.043140 0
920862 0.000000 0
920870 0.000000 0
920877 0.065830 0
920884 0.000000 0
920892 0.000000 0
920899 0.065250 0
920907 0.000000 0
920914 0.000000 0
920922 0.069980 0
920929 0.000000 0
920936 0.000000 0
920944 0.085040 0
920952 0.000000 0
920960 0.000000 0
920967 0.108380 0
920974 0.000000 0
920982 0.000000 0
920989 0.098970 0
920996 0.000000 0
921004 0.000000 0
921011 0.081280 0
921019 0.000000 0
921026 0.000000 0
921034 0.067540 0
921042 0.000000 0
921050 0.000000 0
921057 0.040590 0
921063 0.000000 0
921070 0.000000 0
921078 0.011050 0
921087 0.000000 0
921094 0.000000 0
921102 0.011050 0
921109 0.000000 0
921116 0.000000 0
921124 0.061880 0
921132 0.000000 0
921140 0.000000 0
921147 0.087770 0
921154 0.000000 0
921162 0.000000 0
921169 0.091520 0
921177 0.000000 0
921184 0.000000 0
921192 0.073700 0
921199 0.000000 0
921206 0.000000 0
921214 0.052110 0
921222 0.000000 0
921230 0.000000 0
921237 0.071380 0
921244 0.000000 0
921252 0.000000 0
921259 0.087340 0
921267 0.000000 0
921274 0.000000 0
921282 0.082030 0
921288 0.000000 0
921296 0.000000 0
921303 0.037050 0
921311 0.000000 0
921318 0.000000 0
921326 0.014600 0
921333 0.000000 0
921340 0.000000 0
921348 0.063460 0
921356 0.000000 0
921364 0.000000 0
921371 0.101490 0
921378 0.000000 0
921386 0.000000 0
921393 0.095840 0
921401 0.000000 0
921408 0.000000 0
921416 0.110550 0
921423 0.000000 0
921430 0.000000 0
921438 0.074010 0
921447 0.000000 0
921454 0.000000 0
921462 0.079850 0
921468 0.000000 0
921476 0.000000 0
921483 0.053970 0
921491 0.000000 0
921498 0.000000 0
921506 0.027050 0
921513 0.000000 0
921520 0.000000 0
921528 0.003910 0
921536 0.000000 0
921544 0.000000 0
921551 0.006760 0
921558 0.000000 0
921566 0.000000 0
921573 0.070310 0
921581 0.000000 0
921588 0.000000 0
921596 0.070310 0
921603 0.000000 0
921610 0.000000 0
921618 0.038470 0
921626 0.000000 0
921634 0.000000 0
921641 0.033140 0
921648 0.000000 0
921656 0.000000 0
921663 0.034490 0
921671 0.000000 0
921678 0.000000 0
921686 0.062610 0
921693 0.000000 0
921700 0.000000 0
921708 0.070530 0
921716 0.000000 0
921724 0.000000 0
921731 0.061390 0
921738 0.000000 0
921746 0.000000 0
921753 0.037260 0
921762 0.000000 0
921770 0.000000 0
921777 0.029740 0
921783 0.000000 0
921790 0.000000 0
921798 0.094150 0
921807 0.000000 0
921814 0.000000 0
921822 0.131530 0
921828 0.000000 0
921836 0.000000 0
921843 0.108110 0
921851 0.000000 0
921858 0.000000 0
921866 0.117570 0
921873 0.000000 0
921880 0.000000 0
921888 0.089230 0
921897 0.000000 0
921904 0.000000 0
921912 0.097340 0
921918 0.000000 0
921926 0.000000 0
921933 0.060760 0
921941 0.000000 0
921948 0.000000 0
921956 0.033830 0
921963 0.000000 0
921970 0.000000 0
921978 0.007810 0
921986 0.000000 0
921994 0.000000 0
922001 0.039060 0
922008 0.000000 0
922016 0.000000 0
922023 0.080340 0
922031 0.000000 0
922038 0.000000 0
922046 0.072970 0
922053 0.000000 0
922060 0.000000 0
922068 0.046220 0
922076 0.000000 0
922084 0.000000 0
922091 0.039640 0
922098 0.000000 0
922106 0.000000 0
922113 0.049560 0
922121 0.000000 0
922128 0.000000 0
922136 0.065480 0
922143 0.000000 0
922150 0.000000 0
922158 0.051820 0
922166 0.000000 0
922174 0.000000 0
922181 0.036420 0
922188 0.000000 0
922196 0.000000 0
922203 0.032670 0
922211 0.000000 0
922218 0.000000 0
922226 0.031480 0
922233 0.000000 0
922240 0.000000 0
922248 0.118730 0
922256 0.000000 0
922264 0.000000 0
922271 0.155610 0
922278 0.000000 0
922286 0.000000 0
922293 0.125000 0
922301 0.000000 0
922308 0.000000 0
922316 0.112870 0
922323 0.000000 0
922330 0.000000 0
922338 0.080230 0
922346 0.000000 0
922354 0.000000 0
922361 0.091940 0
922370 0.000000 0
922378 0.000000 0
922385 0.061510 0
922391 0.000000 0
922398 0.000000 0
922406 0.033370 0
922414 0.000000 0
922422 0.000000 0
922429 0.020660 0
922436 0.000000 0
922444 0.000000 0
922451 0.055370 0
922460 0.000000 0
922468 0.000000 0
922475 0.085940 0
922481 0.000000 0
922488 0.000000 0
922496 0.089160 0
922504 0.000000 0
922512 0.000000 0
922519 0.056340 0
922526 0.000000 0
922534 0.000000 0
922541 0.043140 0
922549 0.000000 0
922556 0.000000 0
922564 0.052980 0
922571 0.000000 0
922578 0.000000 0
922586 0.072340 0
922595 0.000000 0
922602 0.000000 0
922610 0.082400 0
922616 0.000000 0
922624 0.000000 0
922631 0.051510 0
922639 0.000000 0
922646 0.000000 0
922654 0.075230 0
922662 0.000000 0
922670 0.000000 0
922677 0.071060 0
922684 0.000000 0
922692 0.000000 0
922699 0.077040 0
922706 0.000000 0
922714 0.000000 0
922721 0.091190 0
922729 0.000000 0
922736 0.000000 0
922744 0.114150 0
922751 0.000000 0
922758 0.000000 0
922766 0.099430 0
922774 0.000000 0
922782 0.000000 0
922789 0.072130 0
922796 0.000000 0
922804 0.000000 0
922811 0.059750 0
922819 0.000000 0
922826 0.000000 0
922834 0.016570 0
922841 0.000000 0
922848 0.000000 0
922856 0.010330 0
922864 0.000000 0
922872 0.000000 0
922879 0.009570 0
922886 0.000000 0
922894 0.000000 0
922901 0.058060 0
922909 0.000000 0
922916 0.000000 0
922924 0.079090 0
922931 0.000000 0
922938 0.000000 0
922946 0.070740 0
922954 0.000000 0
922962 0.000000 0
922969 0.035160 0
922976 0.000000 0
922984 0.000000 0
922991 0.032670 0
922999 0.000000 0
923006 0.000000 0
923014 0.048160 0
923021 0.000000 0
923028 0.000000 0
923036 0.059750 0
923044 0.000000 0
923052 0.000000 0
923059 0.061750 0
923066 0.000000 0
923074 0.000000 0
923081 0.025600 0
923089 0.000000 0
923096 0.000000 0
923104 0.014080 0
923111 0.000000 0
923118 0.000000 0
923126 0.078310 0
923134 0.000000 0
923142 0.000000 0
923149 0.108320 0
923156 0.000000 0
923164 0.000000 0
923171 0.126820 0
923179 0.000000 0
923186 0.000000 0
923194 0.124860 0
923201 0.000000 0
923208 0.000000 0
923216 0.097020 0
923224 0.000000 0
923232 0.000000 0
923239 0.089420 0
923246 0.000000 0
923254 0.000000 0
923261 0.051960 0
923269 0.000000 0
923276 0.000000 0
923284 0.019130 0
923291 0.000000 0
923298 0.000000 0
923306 0.012950 0
923314 0.000000 0
923322 0.000000 0
923329 0.010330 0
923336 0.000000 0
923344 0.000000 0
923351 0.067200 0
923359 0.000000 0
923366 0.000000 0
923374 0.077530 0
923381 0.000000 0
923388 0.000000 0
923396 0.049560 0
923404 0.000000 0
923412 0.000000 0
923419 0.040210 0
923426 0.000000 0
923434 0.000000 0
923441 0.022100 0
923449 0.000000 0
923456 0.000000 0
923464 0.053970 0
923472 0.000000 0
923480 0.000000 0
923487 0.055790 0
923494 0.000000 0
923502 0.000000 0
923509 0.057800 0
923517 0.000000 0
923524 0.000000 0
923532 0.037460 0
923539 0.000000 0
923546 0.000000 0
923554 0.018720 0
923561 0.000000 0
923568 0.000000 0
923576 0.100950 0
923584 0.000000 0
923592 0.000000 0
923599 0.123520 0
923607 0.000000 0
923614 0.000000 0
923622 0.112200 0
923629 0.000000 0
923636 0.000000 0
923644 0.121400 0
923652 0.000000 0
923660 0.000000 0
923667 0.084230 0
923673 0.000000 0
923680 0.000000 0
923688 0.094710 0
923697 0.000000 0
923704 0.000000 0
923712 0.052110 0
923719 0.000000 0
923726 0.000000 0
923734 0.032440 0
923742 0.000000 0
923750 0.000000 0
923757 0.009570 0
923763 0.000000 0
923770 0.000000 0
923778 0.040020 0
923787 0.000000 0
923794 0.000000 0
923802 0.079380 0
923809 0.000000 0
923816 0.000000 0
923824 0.073790 0
923832 0.000000 0
923840 0.000000 0
923847 0.049710 0
923854 0.000000 0
923862 0.000000 0
923869 0.050920 0
923877 0.000000 0
923884 0.000000 0
923892 0.049260 0
923899 0.000000 0
923906 0.000000 0
923914 0.058590 0
923922 0.000000 0
923930 0.000000 0
923937 0.046540 0
923944 0.000000 0
923952 0.000000 0
923959 0.035580 0
923967 0.000000 0
923974 0.000000 0
923982 0.032210 0
923989 0.000000 0
923996 0.000000 0
924004 0.031720 0
924012 0.000000 0
924020 0.000000 0
924027 0.117190 0
924034 0.000000 0
924042 0.000000 0
924049 0.131470 0
924056 0.000000 0
924064 0.000000 0
924071 0.122150 0
924079 0.000000 0
924086 0.000000 0
924094 0.110750 0
924102 0.000000 0
924110 0.000000 0
924117 0.081650 0
924123 0.000000 0
924130 0.000000 0
924138 0.108030 0
924147 0.000000 0
924154 0.000000 0
924162 0.091020 0
924169 0.000000 0
924176 0.000000 0
924184 0.038670 0
924192 0.000000 0
924200 0.000000 0
924207 0.016570 0
924214 0.000000 0
924222 0.000000 0
924229 0.060880 0
924237 0.000000 0
924244 0.000000 0
924252 0.102240 0
924259 0.000000 0
924266 0.000000 0
924274 0.085570 0
924282 0.000000 0
924290 0.000000 0
924297 0.033140 0
924304 0.000000 0
924312 0.000000 0
924319 0.031480 0
924326 0.000000 0
924334 0.000000 0
924341 0.063830 0
924348 0.000000 0
924356 0.000000 0
924363 0.081740 0
924371 0.000000 0
924378 0.000000 0
924386 0.074530 0
924393 0.000000 0
924400 0.000000 0
924408 0.049260 0
924416 0.000000 0
924424 0.000000 0
924431 0.065250 0
924438 0.000000 0
924446 0.000000 0
924453 0.062000 0
924461 0.000000 0
924468 0.000000 0
924476 0.075530 0
924483 0.000000 0
924490 0.000000 0
924498 0.101110 0
924506 0.000000 0
924514 0.000000 0
924521 0.109850 0
924528 0.000000 0
924536 0.000000 0
924543 0.093980 0
924552 0.000000 0
924560 0.000000 0
924567 0.069320 0
924573 0.000000 0
924580 0.000000 0
924588 0.063100 0
924597 0.000000 0
924604 0.000000 0
924612 0.022100 0
924618 0.000000 0
924626 0.000000 0
924633 0.006760 0
924642 0.000000 0
924650 0.000000 0
924657 0.006760 0
924663 0.000000 0
924670 0.000000 0
924678 0.045380 0
924686 0.000000 0
924694 0.000000 0
924701 0.066640 0
924708 0.000000 0
924716 0.000000 0
924723 0.070850 0
924731 0.000000 0
924738 0.000000 0
924746 0.028430 0
924753 0.000000 0
924760 0.000000 0
924768 0.021390 0
924776 0.000000 0
924784 0.000000 0
924791 0.047350 0
924798 0.000000 0
924806 0.000000 0
924813 0.056060 0
924821 0.000000 0
924828 0.000000 0
924836 0.069760 0
924843 0.000000 0
924850 0.000000 0
924858 0.040960 0
924866 0.000000 0
924874 0.000000 0
924881 0.022100 0
924888 0.000000 0
924896 0.000000 0
924903 0.094960 0
924911 0.000000 0
924918 0.000000 0
924926 0.125000 0
924933 0.000000 0
924940 0.000000 0
924948 0.119110 0
924956 0.000000 0
924964 0.000000 0
924971 0.118030 0
924978 0.000000 0
924986 0.000000 0
924993 0.086640 0
925002 0.000000 0
925010 0.000000 0
925017 0.088900 0
925023 0.000000 0
925030 0.000000 0
925038 0.052400 0
925047 0.000000 0
925054 0.000000 0
925062 0.020660 0
925068 0.000000 0
925076 0.000000 0
925083 0.010330 0
925092 0.000000 0
925100 0.000000 0
925107 0.010330 0
925113 0.000000 0
925120 0.000000 0
925128 0.076040 0
925136 0.000000 0
925144 0.000000 0
925151 0.080900 0
925158 0.000000 0
925166 0.000000 0
925173 0.037460 0
925182 0.000000 0
925190 0.000000 0
925197 0.040210 0
925203 0.000000 0
925210 0.000000 0
925218 0.029480 0
925226 0.000000 0
925234 0.000000 0
925241 0.052110 0
925248 0.000000 0
925256 0.000000 0
925263 0.059240 0
925271 0.000000 0
925278 0.000000 0
925286 0.054120 0
925293 0.000000 0
925300 0.000000 0
925308 0.040410 0
925316 0.000000 0
925324 0.000000 0
925331 0.017900 0
925338 0.000000 0
925346 0.000000 0
925353 0.099580 0
925361 0.000000 0
925368 0.000000 0
925376 0.124320 0
925383 0.000000 0
925390 0.000000 0
925398 0.107040 0
925406 0.000000 0
925414 0.000000 0
925421 0.121220 0
925428 0.000000 0
925436 0.000000 0
925443 0.083310 0
925451 0.000000 0
925458 0.000000 0
925466 0.096070 0
925473 0.000000 0
925480 0.000000 0
925488 0.054960 0
925496 0.000000 0
925504 0.000000 0
925511 0.039250 0
925518 0.000000 0
925526 0.000000 0
925533 0.012950 0
925541 0.000000 0
925548 0.000000 0
925556 0.019130 0
925563 0.000000 0
925570 0.000000 0
925578 0.083860 0
925587 0.000000 0
925594 0.000000 0
925602 0.080520 0
925608 0.000000 0
925616 0.000000 0
925623 0.050170 0
925631 0.000000 0
925638 0.000000 0
925646 0.042250 0
925653 0.000000 0
925660 0.000000 0
925668 0.049560 0
925676 0.000000 0
925684 0.000000 0
925691 0.066870 0
925699 0.000000 0
925706 0.000000 0
925714 0.050630 0
925721 0.000000 0
925728 0.000000 0
925736 0.048630 0
925745 0.000000 0
925752 0.000000 0
925760 0.063460 0
925766 0.000000 0
925774 0.000000 0
925781 0.083410 0
925789 0.000000 0
925796 0.000000 0
925804 0.129140 0
925811 0.000000 0
925818 0.000000 0
925826 0.149970 0
925835 0.000000 0
925842 0.000000 0
925850 0.110750 0
925856 0.000000 0
925864 0.000000 0
925871 0.106190 0
925879 0.000000 0
925886 0.000000 0
925894 0.080810 0
925901 0.000000 0
925908 0.000000 0
925916 0.075230 0
925924 0.000000 0
925932 0.000000 0
925939 0.058200 0
925946 0.000000 0
925954 0.000000 0
925961 0.030000 0
925970 0.000000 0
925978 0.000000 0
925985 0.021390 0
925991 0.000000 0
925998 0.000000 0
926006 0.067430 0
926014 0.000000 0
926022 0.000000 0
926029 0.090760 0
926036 0.000000 0
926044 0.000000 0
926051 0.088380 0
926060 0.000000 0
926068 0.000000 0
926075 0.045040 0
926081 0.000000 0
926088 0.000000 0
926096 0.041520 0
926104 0.000000 0
926112 0.000000 0
926119 0.056060 0
926126 0.000000 0
926134 0.000000 0
926141 0.072860 0
926150 0.000000 0
926158 0.000000 0
926165 0.076140 0
926172 0.000000 0
926180 0.000000 0
926187 0.058320 0
926194 0.000000 0
926202 0.000000 0
926209 0.061260 0
926216 0.000000 0
926224 0.000000 0
926231 0.067430 0
926239 0.000000 0
926246 0.000000 0
926254 0.079580 0
926261 0.000000 0
926268 0.000000 0
926276 0.109220 0
926284 0.000000 0
926292 0.000000 0
926299 0.100110 0
926306 0.000000 0
926314 0.000000 0
926321 0.086380 0
926329 0.000000 0
926336 0.000000 0
926344 0.066970 0
926351 0.000000 0
926358 0.000000 0
926366 0.042250 0
926374 0.000000 0
926382 0.000000 0
926389 0.009570 0
926396 0.000000 0
926404 0.000000 0
926411 0.010330 0
926419 0.000000 0
926426 0.000000 0
926434 0.006760 0
926441 0.000000 0
926448 0.000000 0
926456 0.060000 0
926464 0.000000 0
926472 0.000000 0
926479 0.071700 0
926486 0.000000 0
926494 0.000000 0
926501 0.066060 0
926509 0.000000 0
926516 0.000000 0
926524 0.036640 0
926531 0.000000 0
926538 0.000000 0
926546 0.026200 0
926554 0.000000 0
926562 0.000000 0
926569 0.042970 0
926576 0.000000 0
926584 0.000000 0
926591 0.058460 0
926599 0.000000 0
926606 0.000000 0
926614 0.066640 0
926621 0.000000 0
926628 0.000000 0
926636 0.034040 0
926645 0.000000 0
926652 0.000000 0
926660 0.024700 0
926666 0.000000 0
926674 0.000000 0
926681 0.095430 0
926689 0.000000 0
926696 0.000000 0
926704 0.124500 0
926711 0.000000 0
926718 0.000000 0
926726 0.117370 0
926734 0.000000 0
926742 0.000000 0
926749 0.125960 0
926756 0.000000 0
926764 0.000000 0
926771 0.088380 0
926779 0.000000 0
926786 0.000000 0
926794 0.075440 0
926801 0.000000 0
926808 0.000000 0
926816 0.041700 0
926824 0.000000 0
926832 0.000000 0
926839 0.022430 0
926846 0.000000 0
926854 0.000000 0
926861 0.008730 0
926869 0.000000 0
926876 0.000000 0
926884 0.005520 0
926891 0.000000 0
926898 0.000000 0
926906 0.075330 0
926914 0.000000 0
926922 0.000000 0
926929 0.073080 0
926936 0.000000 0
926944 0.000000 0
926951 0.044190 0
926959 0.000000 0
926966 0.000000 0
926974 0.042970 0
926981 0.000000 0
926988 0.000000 0
926996 0.030500 0
927004 0.000000 0
927012 0.000000 0
927019 0.050020 0
927026 0.000000 0
927034 0.000000 0
927041 0.064060 0
927049 0.000000 0
927056 0.000000 0
927064 0.058200 0
927072 0.000000 0
927080 0.000000 0
927087 0.040960 0
927094 0.000000 0
927102 0.000000 0
927109 0.022770 0
927117 0.000000 0
927124 0.000000 0
927132 0.099890 0
927139 0.000000 0
927146 0.000000 0
927154 0.119370 0
927162 0.000000 0
927170 0.000000 0
927177 0.115740 0
927184 0.000000 0
927192 0.000000 0
927199 0.121340 0
927207 0.000000 0
927214 0.000000 0
927222 0.084950 0
927228 0.000000 0
927236 0.000000 0
927243 0.097570 0
927252 0.000000 0
927260 0.000000 0
927267 0.050020 0
927273 0.000000 0
927280 0.000000 0
927288 0.035800 0
927297 0.000000 0
927304 0.000000 0
927312 0.011720 0
927319 0.000000 0
927326 0.000000 0
927334 0.038270 0
927342 0.000000 0
927350 0.000000 0
927357 0.085390 0
927364 0.000000 0
927372 0.000000 0
927379 0.075840 0
927387 0.000000 0
927394 0.000000 0
927402 0.049870 0
927409 0.000000 0
927416 0.000000 0
927424 0.051510 0
927432 0.000000 0
927440 0.000000 0
927447 0.054260 0
927454 0.000000 0
927462 0.000000 0
927469 0.060140 0
927477 0.000000 0
927484 0.000000 0
927492 0.044710 0
927499 0.000000 0
927506 0.000000 0
927514 0.040590 0
927522 0.000000 0
927530 0.000000 0
927537 0.031480 0
927544 0.000000 0
927552 0.000000 0
927559 0.019530 0
927567 0.000000 0
927574 0.000000 0
927582 0.082860 0
927589 0.000000 0
927596 0.000000 0
927604 0.099500 0
927612 0.000000 0
927620 0.000000 0
927627 0.075640 0
927634 0.000000 0
927642 0.000000 0
927649 0.062120 0
927656 0.000000 0
927664 0.000000 0
927671 0.059750 0
927679 0.000000 0
927686 0.000000 0
927694 0.087510 0
927701 0.000000 0
927708 0.000000 0
927716 0.084950 0
927724 0.000000 0
927732 0.000000 0
927739 0.057940 0
927746 0.000000 0
927754 0.000000 0
927761 0.039440 0
927769 0.000000 0
927776 0.000000 0
927784 0.071170 0
927792 0.000000 0
927800 0.000000 0
927807 0.125720 0
927814 0.000000 0
927822 0.000000 0
927829 0.127110 0
927837 0.000000 0
927844 0.000000 0
927852 0.093250 0
927859 0.000000 0
927866 0.000000 0
927874 0.057940 0
927882 0.000000 0
927890 0.000000 0
927897 0.057540 0
927904 0.000000 0
927912 0.000000 0
927919 0.073790 0
927926 0.000000 0
927934 0.000000 0
927941 0.080140 0
927948 0.000000 0
927956 0.000000 0
927963 0.063220 0
927972 0.000000 0
927980 0.000000 0
927987 0.073790 0
927993 0.000000 0
928000 0.000000 0
928008 0.070850 0
928017 0.000000 0
928024 0.000000 0
928032 0.049560 0
928038 0.000000 0
928046 0.000000 0
928053 0.036220 0
928062 0.000000 0
928070 0.000000 0
928077 0.029480 0
928083 0.000000 0
928090 0.000000 0
928098 0.028700 0
928107 0.000000 0
928114 0.000000 0
928122 0.059240 0
928128 0.000000 0
928136 0.000000 0
928143 0.058850 0
928152 0.000000 0
928160 0.000000 0
928167 0.022100 0
928173 0.000000 0
928180 0.000000 0
928188 0.008730 0
928197 0.000000 0
928204 0.000000 0
928212 0.023760 0
928218 0.000000 0
928226 0.000000 0
928233 0.076540 0
928241 0.000000 0
928248 0.000000 0
928256 0.124320 0
928264 0.000000 0
928272 0.000000 0
928279 0.123160 0
928286 0.000000 0
928294 0.000000 0
928301 0.071170 0
928308 0.000000 0
928316 0.000000 0
928323 0.067770 0
928332 0.000000 0
928340 0.000000 0
928347 0.081380 0
928353 0.000000 0
928360 0.000000 0
928368 0.090010 0
928377 0.000000 0
928384 0.000000 0
928392 0.080050 0
928398 0.000000 0
928406 0.000000 0
928413 0.037660 0
928422 0.000000 0
928430 0.000000 0
928437 0.029220 0
928443 0.000000 0
928450 0.000000 0
928458 0.075440 0
928467 0.000000 0
928474 0.000000 0
928482 0.113150 0
928488 0.000000 0
928496 0.000000 0
928503 0.120710 0
928512 0.000000 0
928520 0.000000 0
928527 0.119750 0
928533 0.000000 0
928540 0.000000 0
928548 0.102680 0
928557 0.000000 0
928564 0.000000 0
928572 0.080610 0
928578 0.000000 0
928586 0.000000 0
928593 0.071270 0
928602 0.000000 0
928610 0.000000 0
928617 0.039250 0
928623 0.000000 0
928630 0.000000 0
928638 0.005520 0
928647 0.000000 0
928654 0.000000 0
928662 0.009570 0
928668 0.000000 0
928676 0.000000 0
928683 0.011720 0
928691 0.000000 0
928698 0.000000 0
928706 0.018310 0
928713 0.000000 0
928720 0.000000 0
928728 0.011720 0
928737 0.000000 0
928744 0.000000 0
928752 0.033370 0
928758 0.000000 0
928766 0.000000 0
928773 0.014080 0
928781 0.000000 0
928788 0.000000 0
928796 0.055790 0
928803 0.000000 0
928810 0.000000 0
928818 0.077730 0
928826 0.000000 0
928834 0.000000 0
928841 0.059360 0
928848 0.000000 0
928856 0.000000 0
928863 0.027340 0
928871 0.000000 0
928878 0.000000 0
928886 0.030500 0
928893 0.000000 0
928900 0.000000 0
928908 0.095750 0
928917 0.000000 0
928924 0.000000 0
928932 0.117830 0
928938 0.000000 0
928946 0.000000 0
928953 0.117450 0
928961 0.000000 0
928968 0.000000 0
928976 0.128370 0
928983 0.000000 0
928990 0.000000 0
928998 0.103350 0
929007 0.000000 0
929014 0.000000 0
929022 0.073180 0
929028 0.000000 0
929036 0.000000 0
929043 0.052690 0
929052 0.000000 0
929060 0.000000 0
929067 0.010330 0
929073 0.000000 0
929080 0.000000 0
929088 0.011720 0
929096 0.000000 0
929104 0.000000 0
929111 0.010330 0
929118 0.000000 0
929126 0.000000 0
929133 0.024700 0
929142 0.000000 0
929150 0.000000 0
929157 0.034710 0
929163 0.000000 0
929170 0.000000 0
929178 0.026780 0
929186 0.000000 0
929194 0.000000 0
929201 0.024080 0
929208 0.000000 0
929216 0.000000 0
929223 0.039640 0
929231 0.000000 0
929238 0.000000 0
929246 0.054690 0
929253 0.000000 0
929260 0.000000 0
929268 0.067770 0
929276 0.000000 0
929284 0.000000 0
929291 0.058460 0
929298 0.000000 0
929306 0.000000 0
929313 0.028700 0
929321 0.000000 0
929328 0.000000 0
929336 0.088030 0
929343 0.000000 0
929350 0.000000 0
929358 0.136390 0
929366 0.000000 0
929374 0.000000 0
929381 0.154530 0
929388 0.000000 0
929396 0.000000 0
929403 0.126390 0
929411 0.000000 0
929418 0.000000 0
929426 0.113740 0
929433 0.000000 0
929440 0.000000 0
929448 0.066970 0
929457 0.000000 0
929464 0.000000 0
929472 0.061010 0
929478 0.000000 0
929486 0.000000 0
929493 0.040960 0
929502 0.000000 0
929510 0.000000 0
929517 0.027050 0
929523 0.000000 0
929530 0.000000 0
929538 0.019910 0
929547 0.000000 0
929554 0.000000 0
929562 0.027620 0
929568 0.000000 0
929576 0.000000 0
929583 0.072130 0
929591 0.000000 0
929598 0.000000 0
929606 0.056060 0
929613 0.000000 0
929620 0.000000 0
929628 0.039060 0
929636 0.000000 0
929644 0.000000 0
929651 0.024700 0
929658 0.000000 0
929666 0.000000 0
929673 0.055510 0
929681 0.000000 0
929688 0.000000 0
929696 0.084600 0
929703 0.000000 0
929710 0.000000 0
929718 0.097570 0
929726 0.000000 0
929734 0.000000 0
929741 0.058460 0
929748 0.000000 0
929756 0.000000 0
929763 0.028960 0
929771 0.000000 0
929778 0.000000 0
929786 0.039440 0
929793 0.000000 0
929800 0.000000 0
929808 0.076540 0
929816 0.000000 0
929824 0.000000 0
929831 0.074310 0
929838 0.000000 0
929846 0.000000 0
929853 0.107390 0
929861 0.000000 0
929868 0.000000 0
929876 0.093490 0
929883 0.000000 0
929890 0.000000 0
929898 0.075440 0
929906 0.000000 0
929914 0.000000 0
929921 0.046220 0
929928 0.000000 0
929936 0.000000 0
929943 0.030500 0
929951 0.000000 0
929958 0.000000 0
929966 0.008730 0
929973 0.000000 0
929980 0.000000 0
929988 0.011050 0
929996 0.000000 0
930004 0.000000 0
930011 0.015120 0
930018 0.000000 0
930026 0.000000 0
930033 0.058060 0
930041 0.000000 0
930048 0.000000 0
930056 0.038860 0
930063 0.000000 0
930070 0.000000 0
930078 0.037660 0
930086 0.000000 0
930094 0.000000 0
930101 0.028170 0
930108 0.000000 0
930116 0.000000 0
930123 0.045550 0
930131 0.000000 0
930138 0.000000 0
930146 0.041700 0
930153 0.000000 0
930160 0.000000 0
930168 0.065930 0
930176 0.000000 0
930184 0.000000 0
930191 0.028430 0
930198 0.000000 0
930206 0.000000 0
930213 0.016570 0
930221 0.000000 0
930228 0.000000 0
930236 0.108810 0
930243 0.000000 0
930250 0.000000 0
930258 0.124620 0
930266 0.000000 0
930274 0.000000 0
930281 0.107760 0
930288 0.000000 0
930296 0.000000 0
930303 0.117510 0
930311 0.000000 0
930318 0.000000 0
930326 0.085660 0
930334 0.000000 0
930342 0.000000 0
930349 0.084860 0
930356 0.000000 0
930364 0.000000 0
930371 0.042250 0
930380 0.000000 0
930388 0.000000 0
930395 0.027050 0
930401 0.000000 0
930408 0.000000 0
930416 0.005520 0
930425 0.000000 0
930432 0.000000 0
930440 0.010330 0
930446 0.000000 0
930454 0.000000 0
930461 0.010330 0
930470 0.000000 0
930478 0.000000 0
930485 0.024080 0
930491 0.000000 0
930498 0.000000 0
930506 0.026780 0
930514 0.000000 0
930522 0.000000 0
930529 0.033830 0
930536 0.000000 0
930544 0.000000 0
930551 0.056060 0
930559 0.000000 0
930566 0.000000 0
930574 0.057270 0
930581 0.000000 0
930588 0.000000 0
930596 0.067770 0
930605 0.000000 0
930612 0.000000 0
930620 0.064530 0
930626 0.000000 0
930634 0.000000 0
930641 0.026780 0
930650 0.000000 0
930658 0.000000 0
930665 0.053120 0
930671 0.000000 0
930678 0.000000 0
930686 0.108170 0
930694 0.000000 0
930702 0.000000 0
930709 0.112870 0
930717 0.000000 0
930724 0.000000 0
930732 0.115480 0
930739 0.000000 0
930746 0.000000 0
930754 0.117050 0
930761 0.000000 0
930768 0.000000 0
930776 0.089590 0
930784 0.000000 0
930792 0.000000 0
930799 0.075840 0
930806 0.000000 0
930814 0.000000 0
930821 0.054400 0
930829 0.000000 0
930836 0.000000 0
930844 0.029220 0
930851 0.000000 0
930858 0.000000 0
930866 0.012340 0
930874 0.000000 0
930882 0.000000 0
930889 0.012340 0
930896 0.000000 0
930904 0.000000 0
930911 0.025600 0
930919 0.000000 0
930926 0.000000 0
930934 0.047200 0
930941 0.000000 0
930948 0.000000 0
930956 0.040960 0
930964 0.000000 0
930972 0.000000 0
930979 0.028170 0
930986 0.000000 0
930994 0.000000 0
931001 0.050480 0
931009 0.000000 0
931016 0.000000 0
931024 0.062610 0
931031 0.000000 0
931038 0.000000 0
931046 0.051070 0
931054 0.000000 0
931062 0.000000 0
931069 0.050320 0
931076 0.000000 0
931084 0.000000 0
931091 0.026490 0
931099 0.000000 0
931106 0.000000 0
931114 0.072130 0
931121 0.000000 0
931128 0.000000 0
931136 0.132230 0
931144 0.000000 0
931152 0.000000 0
931159 0.129260 0
931166 0.000000 0
931174 0.000000 0
931181 0.123890 0
931189 0.000000 0
931196 0.000000 0
931204 0.123770 0
931211 0.000000 0
931218 0.000000 0
931226 0.082760 0
931234 0.000000 0
931242 0.000000 0
931249 0.084320 0
931256 0.000000 0
931264 0.000000 0
931271 0.058460 0
931279 0.000000 0
931286 0.000000 0
931294 0.025910 0
931301 0.000000 0
931308 0.000000 0
931316 0.015120 0
931324 0.000000 0
931332 0.000000 0
931339 0.019910 0
931346 0.000000 0
931354 0.000000 0
931361 0.072860 0
931369 0.000000 0
931376 0.000000 0
931384 0.058590 0
931391 0.000000 0
931398 0.000000 0
931406 0.057130 0
931414 0.000000 0
931422 0.000000 0
931429 0.036220 0
931436 0.000000 0
931444 0.000000 0
931451 0.083590 0
931459 0.000000 0
931466 0.000000 0
931474 0.086550 0
931482 0.000000 0
931490 0.000000 0
931497 0.093900 0
931504 0.000000 0
931512 0.000000 0
931519 0.051070 0
931527 0.000000 0
931534 0.000000 0
931542 0.033140 0
931549 0.000000 0
931556 0.000000 0
931564 0.052690 0
931572 0.000000 0
931580 0.000000 0
931587 0.085310 0
931594 0.000000 0
931602 0.000000 0
931609 0.089160 0
931617 0.000000 0
931624 0.000000 0
931632 0.114210 0
931638 0.000000 0
931646 0.000000 0
931653 0.094470 0
931662 0.000000 0
931670 0.000000 0
931677 0.066060 0
931683 0.000000 0
931690 0.000000 0
931698 0.035580 0
931707 0.000000 0
931714 0.000000 0
931722 0.017010 0
931729 0.000000 0
931736 0.000000 0
931744 0.017460 0
931752 0.000000 0
931760 0.000000 0
931767 0.008730 0
931774 0.000000 0
931782 0.000000 0
931789 0.021390 0
931797 0.000000 0
931804 0.000000 0
931812 0.054690 0
931819 0.000000 0
931826 0.000000 0
931834 0.049090 0
931841 0.000000 0
931848 0.000000 0
931856 0.040410 0
931864 0.000000 0
931872 0.000000 0
931879 0.032910 0
931887 0.000000 0
931894 0.000000 0
931902 0.072020 0
931909 0.000000 0
931916 0.000000 0
931924 0.083040 0
931932 0.000000 0
931940 0.000000 0
931947 0.069980 0
931954 0.000000 0
931962 0.000000 0
931969 0.026490 0
931977 0.000000 0
931984 0.000000 0
931992 0.021740 0
931999 0.000000 0
932006 0.000000 0
932014 0.091770 0
932022 0.000000 0
932030 0.000000 0
932037 0.103930 0
932044 0.000000 0
932052 0.000000 0
932059 0.111990 0
932067 0.000000 0
932074 0.000000 0
932082 0.122470 0
932089 0.000000 0
932096 0.000000 0
932104 0.081740 0
932112 0.000000 0
932120 0.000000 0
932127 0.054690 0
932134 0.000000 0
932142 0.000000 0
932149 0.018720 0
932157 0.000000 0
932164 0.000000 0
932172 0.015630 0
932179 0.000000 0
932186 0.000000 0
932194 0.008730 0
932202 0.000000 0
932210 0.000000 0
932217 0.006760 0
932224 0.000000 0
932232 0.000000 0
932239 0.010330 0
932247 0.000000 0
932254 0.000000 0
932262 0.019130 0
932269 0.000000 0
932276 0.000000 0
932284 0.028170 0
932292 0.000000 0
932300 0.000000 0
932307 0.032910 0
932314 0.000000 0
932322 0.000000 0
932329 0.048630 0
932337 0.000000 0
932344 0.000000 0
932352 0.060260 0
932359 0.000000 0
932366 0.000000 0
932374 0.077240 0
932381 0.000000 0
932388 0.000000 0
932396 0.071920 0
932403 0.000000 0
932410 0.000000 0
932418 0.024380 0
932426 0.000000 0
932434 0.000000 0
932441 0.050780 0
932448 0.000000 0
932456 0.000000 0
932463 0.120200 0
932471 0.000000 0
932478 0.000000 0
932486 0.124010 0
932493 0.000000 0
932500 0.000000 0
932508 0.118550 0
932516 0.000000 0
932524 0.000000 0
932531 0.126820 0
932538 0.000000 0
932546 0.000000 0
932553 0.091770 0
932562 0.000000 0
932570 0.000000 0
932577 0.073590 0
932583 0.000000 0
932590 0.000000 0
932598 0.044880 0
932607 0.000000 0
932614 0.000000 0
932622 0.023440 0
932628 0.000000 0
932636 0.000000 0
932643 0.008730 0
932651 0.000000 0
932658 0.000000 0
932666 0.005520 0
932673 0.000000 0
932680 0.000000 0
932688 0.037050 0
932696 0.000000 0
932704 0.000000 0
932711 0.041150 0
932718 0.000000 0
932726 0.000000 0
932733 0.039060 0
932741 0.000000 0
932748 0.000000 0
932756 0.024080 0
932763 0.000000 0
932770 0.000000 0
932778 0.047030 0
932786 0.000000 0
932794 0.000000 0
932801 0.064650 0
932808 0.000000 0
932816 0.000000 0
932823 0.069320 0
932831 0.000000 0
932838 0.000000 0
932846 0.062500 0
932853 0.000000 0
932860 0.000000 0
932868 0.030990 0
932877 0.000000 0
932884 0.000000 0
932892 0.063710 0
932898 0.000000 0
932906 0.000000 0
932913 0.134230 0
932922 0.000000 0
932930 0.000000 0
932937 0.143140 0
932944 0.000000 0
932952 0.000000 0
932959 0.134290 0
932966 0.000000 0
932974 0.000000 0
932981 0.111650 0
932988 0.000000 0
932996 0.000000 0
933003 0.087160 0
933011 0.000000 0
933018 0.000000 0
933026 0.093340 0
933033 0.000000 0
933040 0.000000 0
933048 0.073270 0
933056 0.000000 0
933064 0.000000 0
933071 0.022100 0
933078 0.000000 0
933086 0.000000 0
933093 0.017900 0
933102 0.000000 0
933110 0.000000 0
933117 0.030990 0
933123 0.000000 0
933130 0.000000 0
933138 0.061630 0
933146 0.000000 0
933154 0.000000 0
933161 0.040770 0
933168 0.000000 0
933176 0.000000 0
933183 0.032440 0
933192 0.000000 0
933200 0.000000 0
933207 0.024080 0
933213 0.000000 0
933220 0.000000 0
933228 0.095030 0
933236 0.000000 0
933244 0.000000 0
933251 0.089660 0
933258 0.000000 0
933266 0.000000 0
933273 0.084600 0
933282 0.000000 0
933290 0.000000 0
933297 0.048310 0
933303 0.000000 0
933310 0.000000 0
933318 0.032440 0
933326 0.000000 0
933334 0.000000 0
933341 0.042970 0
933348 0.000000 0
933356 0.000000 0
933363 0.067660 0
933372 0.000000 0
933380 0.000000 0
933387 0.084600 0
933393 0.000000 0
933400 0.000000 0
933408 0.108380 0
933416 0.000000 0
933424 0.000000 0
933431 0.098970 0
933440 0.000000 0
933448 0.000000 0
933455 0.070420 0
933461 0.000000 0
933468 0.000000 0
933476 0.053560 0
933485 0.000000 0
933492 0.000000 0
933500 0.027620 0
933506 0.000000 0
933514 0.000000 0
933521 0.006760 0
933530 0.000000 0
933538 0.000000 0
933545 0.008730 0
933551 0.000000 0
933558 0.000000 0
933566 0.007810 0
933574 0.000000 0
933582 0.000000 0
933589 0.042600 0
933596 0.000000 0
933604 0.000000 0
933611 0.040020 0
933619 0.000000 0
933626 0.000000 0
933634 0.026200 0
933641 0.000000 0
933648 0.000000 0
933656 0.019910 0
933664 0.000000 0
933672 0.000000 0
933679 0.045880 0
933686 0.000000 0
933694 0.000000 0
933701 0.070630 0
933710 0.000000 0
933718 0.000000 0
933725 0.063940 0
933731 0.000000 0
933738 0.000000 0
933746 0.023760 0
933755 0.000000 0
933762 0.000000 0
933770 0.028960 0
933776 0.000000 0
933784 0.000000 0
933791 0.096640 0
933800 0.000000 0
933808 0.000000 0
933815 0.135190 0
933822 0.000000 0
933830 0.000000 0
933837 0.103720 0
933844 0.000000 0
933852 0.000000 0
933859 0.128420 0
933866 0.000000 0
933874 0.000000 0
933881 0.091520 0
933889 0.000000 0
933896 0.000000 0
933904 0.055790 0
933911 0.000000 0
933918 0.000000 0
933926 0.025600 0
933934 0.000000 0
933942 0.000000 0
933949 0.020660 0
933956 0.000000 0
933964 0.000000 0
933971 0.006760 0
933979 0.000000 0
933986 0.000000 0
933994 0.010330 0
934001 0.000000 0
934008 0.000000 0
934016 0.007810 0
934024 0.000000 0
934032 0.000000 0
934039 0.012950 0
934046 0.000000 0
934054 0.000000 0
934061 0.023760 0
934069 0.000000 0
934076 0.000000 0
934084 0.030500 0
934091 0.000000 0
934098 0.000000 0
934106 0.048630 0
934114 0.000000 0
934122 0.000000 0
934129 0.062240 0
934136 0.000000 0
934144 0.000000 0
934151 0.072240 0
934159 0.000000 0
934166 0.000000 0
934174 0.065580 0
934181 0.000000 0
934188 0.000000 0
934196 0.026780 0
934204 0.000000 0
934212 0.000000 0
934219 0.050780 0
934226 0.000000 0
934234 0.000000 0
934241 0.126630 0
934249 0.000000 0
934256 0.000000 0
934264 0.131650 0
934271 0.000000 0
934278 0.000000 0
934286 0.133040 0
934294 0.000000 0
934302 0.000000 0
934309 0.126940 0
934316 0.000000 0
934324 0.000000 0
934331 0.088120 0
934339 0.000000 0
934346 0.000000 0
934354 0.069540 0
934361 0.000000 0
934368 0.000000 0
934376 0.042070 0
934384 0.000000 0
934392 0.000000 0
934399 0.021740 0
934406 0.000000 0
934414 0.000000 0
934421 0.011050 0
934429 0.000000 0
934436 0.000000 0
934444 0.010330 0
934451 0.000000 0
934458 0.000000 0
934466 0.041340 0
934474 0.000000 0
934482 0.000000 0
934489 0.039440 0
934496 0.000000 0
934504 0.000000 0
934511 0.044360 0
934519 0.000000 0
934526 0.000000 0
934534 0.030990 0
934541 0.000000 0
934548 0.000000 0
934556 0.049560 0
934564 0.000000 0
934572 0.000000 0
934579 0.055920 0
934587 0.000000 0
934594 0.000000 0
934602 0.048630 0
934609 0.000000 0
934616 0.000000 0
934624 0.042250 0
934632 0.000000 0
934640 0.000000 0
934647 0.023760 0
934654 0.000000 0
934662 0.000000 0
934669 0.093900 0
934677 0.000000 0
934684 0.000000 0
934692 0.134130 0
934699 0.000000 0
934706 0.000000 0
934714 0.146110 0
934722 0.000000 0
934730 0.000000 0
934737 0.119950 0
934744 0.000000 0
934752 0.000000 0
934759 0.121720 0
934767 0.000000 0
934774 0.000000 0
934782 0.098660 0
934789 0.000000 0
934796 0.000000 0
934804 0.088290 0
934812 0.000000 0
934820 0.000000 0
934827 0.051960 0
934833 0.000000 0
934840 0.000000 0
934848 0.021740 0
934857 0.000000 0
934864 0.000000 0
934872 0.014080 0
934879 0.000000 0
934886 0.000000 0
934894 0.020290 0
934902 0.000000 0
934910 0.000000 0
934917 0.050780 0
934924 0.000000 0
934932 0.000000 0
934939 0.042250 0
934947 0.000000 0
934954 0.000000 0
934962 0.031970 0
934969 0.000000 0
934976 0.000000 0
934984 0.023760 0
934992 0.000000 0
935000 0.000000 0
935007 0.065000 0
935014 0.000000 0
935022 0.000000 0
935029 0.103350 0
935037 0.000000 0
935044 0.000000 0
935052 0.095600 0
935059 0.000000 0
935066 0.000000 0
935074 0.044530 0
935082 0.000000 0
935090 0.000000 0
935097 0.037870 0
935104 0.000000 0
935112 0.000000 0
935119 0.046370 0
935127 0.000000 0
935134 0.000000 0
935142 0.093750 0
935149 0.000000 0
935156 0.000000 0
935164 0.099500 0
935172 0.000000 0
935180 0.000000 0
935187 0.105970 0
935194 0.000000 0
935202 0.000000 0
935209 0.101930 0
935217 0.000000 0
935224 0.000000 0
935232 0.066870 0
935238 0.000000 0
935246 0.000000 0
935253 0.042420 0
935262 0.000000 0
935270 0.000000 0
935277 0.020290 0
935283 0.000000 0
935290 0.000000 0
935298 0.005520 0
935306 0.000000 0
935314 0.000000 0
935321 0.007810 0
935328 0.000000 0
935336 0.000000 0
935343 0.049710 0
935351 0.000000 0
935358 0.000000 0
935366 0.079180 0
935373 0.000000 0
935380 0.000000 0
935388 0.090590 0
935396 0.000000 0
935404 0.000000 0
935411 0.090850 0
935418 0.000000 0
935426 0.000000 0
935433 0.045040 0
935441 0.000000 0
935448 0.000000 0
935456 0.079380 0
935464 0.000000 0
935472 0.000000 0
935479 0.078800 0
935486 0.000000 0
935494 0.000000 0
935501 0.080900 0
935508 0.000000 0
935516 0.000000 0
935523 0.015630 0
935531 0.000000 0
935538 0.000000 0
935546 0.007810 0
935553 0.000000 0
935560 0.000000 0
935568 0.082760 0
935576 0.000000 0
935584 0.000000 0
935591 0.094220 0
935598 0.000000 0
935606 0.000000 0
935613 0.097960 0
935622 0.000000 0
935630 0.000000 0
935637 0.115800 0
935643 0.000000 0
935650 0.000000 0
935658 0.078220 0
935666 0.000000 0
935674 0.000000 0
935681 0.052550 0
935688 0.000000 0
935696 0.000000 0
935703 0.020660 0
935711 0.000000 0
935718 0.000000 0
935726 0.011050 0
935733 0.000000 0
935740 0.000000 0
935748 0.008730 0
935756 0.000000 0
935764 0.000000 0
935771 0.008730 0
935778 0.000000 0
935786 0.000000 0
935793 0.005520 0
935802 0.000000 0
935810 0.000000 0
935817 0.008730 0
935823 0.000000 0
935830 0.000000 0
935838 0.020660 0
935847 0.000000 0
935854 0.000000 0
935862 0.025010 0
935868 0.000000 0
935876 0.000000 0
935883 0.049090 0
935892 0.000000 0
935900 0.000000 0
935907 0.059620 0
935913 0.000000 0
935920 0.000000 0
935928 0.074110 0
935936 0.000000 0
935944 0.000000 0
935951 0.065580 0
935958 0.000000 0
935966 0.000000 0
935973 0.030750 0
935981 0.000000 0
935988 0.000000 0
935996 0.056340 0
936003 0.000000 0
936010 0.000000 0
936018 0.125540 0
936026 0.000000 0
936034 0.000000 0
936041 0.136720 0
936048 0.000000 0
936056 0.000000 0
936063 0.122710 0
936071 0.000000 0
936078 0.000000 0
936086 0.128190 0
936093 0.000000 0
936100 0.000000 0
936108 0.085390 0
936117 0.000000 0
936124 0.000000 0
936132 0.065350 0
936138 0.000000 0
936146 0.000000 0
936153 0.038860 0
936162 0.000000 0
936170 0.000000 0
936177 0.019530 0
936183 0.000000 0
936190 0.000000 0
936198 0.011720 0
936206 0.000000 0
936214 0.000000 0
936221 0.007810 0
936228 0.000000 0
936236 0.000000 0
936243 0.036010 0
936251 0.000000 0
936258 0.000000 0
936266 0.033830 0
936273 0.000000 0
936280 0.000000 0
936288 0.041520 0
936296 0.000000 0
936304 0.000000 0
936311 0.031480 0
936318 0.000000 0
936326 0.000000 0
936333 0.049410 0
936341 0.000000 0
936348 0.000000 0
936356 0.053120 0
936363 0.000000 0
936370 0.000000 0
936378 0.055650 0
936387 0.000000 0
936394 0.000000 0
936402 0.051380 0
936408 0.000000 0
936416 0.000000 0
936423 0.023760 0
936432 0.000000 0
936440 0.000000 0
936447 0.083310 0
936453 0.000000 0
936460 0.000000 0
936468 0.136220 0
936476 0.000000 0
936484 0.000000 0
936491 0.122590 0
936498 0.000000 0
936506 0.000000 0
936513 0.154380 0
936521 0.000000 0
936528 0.000000 0
936536 0.117110 0
936543 0.000000 0
936550 0.000000 0
936558 0.087600 0
936566 0.000000 0
936574 0.000000 0
936581 0.103490 0
936590 0.000000 0
936598 0.000000 0
936605 0.077620 0
936611 0.000000 0
936618 0.000000 0
936626 0.022430 0
936635 0.000000 0
936642 0.000000 0
936650 0.017900 0
936656 0.000000 0
936664 0.000000 0
936671 0.036420 0
936678 0.000000 0
936686 0.000000 0
936693 0.076740 0
936701 0.000000 0
936708 0.000000 0
936716 0.044190 0
936723 0.000000 0
936730 0.000000 0
936738 0.030000 0
936747 0.000000 0
936754 0.000000 0
936762 0.021030 0
936768 0.000000 0
936776 0.000000 0
936783 0.085480 0
936791 0.000000 0
936798 0.000000 0
936806 0.088550 0
936813 0.000000 0
936820 0.000000 0
936828 0.069320 0
936837 0.000000 0
936844 0.000000 0
936852 0.061140 0
936860 0.000000 0
936868 0.000000 0
936875 0.031720 0
936881 0.000000 0
936888 0.000000 0
936896 0.042600 0
936904 0.000000 0
936912 0.000000 0
936919 0.085390 0
936926 0.000000 0
936934 0.000000 0
936941 0.100950 0
936949 0.000000 0
936956 0.000000 0
936964 0.111440 0
936971 0.000000 0
936978 0.000000 0
936986 0.089490 0
936994 0.000000 0
937002 0.000000 0
937009 0.067770 0
937016 0.000000 0
937024 0.000000 0
937031 0.054400 0
937039 0.000000 0
937046 0.000000 0
937054 0.018310 0
937061 0.000000 0
937068 0.000000 0
937076 0.007810 0
937084 0.000000 0
937092 0.000000 0
937099 0.005520 0
937106 0.000000 0
937114 0.000000 0
937121 0.003910 0
937129 0.000000 0
937136 0.000000 0
937144 0.043140 0
937151 0.000000 0
937158 0.000000 0
937166 0.041520 0
937174 0.000000 0
937182 0.000000 0
937189 0.030750 0
937196 0.000000 0
937204 0.000000 0
937211 0.019530 0
937219 0.000000 0
937226 0.000000 0
937234 0.044710 0
937241 0.000000 0
937248 0.000000 0
937256 0.072650 0
937264 0.000000 0
937272 0.000000 0
937279 0.068770 0
937286 0.000000 0
937294 0.000000 0
937301 0.022430 0
937309 0.000000 0
937316 0.000000 0
937324 0.022100 0
937331 0.000000 0
937338 0.000000 0
937346 0.095200 0
937354 0.000000 0
937362 0.000000 0
937369 0.120650 0
937376 0.000000 0
937384 0.000000 0
937391 0.129080 0
937399 0.000000 0
937406 0.000000 0
937414 0.123830 0
937421 0.000000 0
937428 0.000000 0
937436 0.091430 0
937444 0.000000 0
937452 0.000000 0
937459 0.062730 0
937466 0.000000 0
937474 0.000000 0
937481 0.025600 0
937489 0.000000 0
937496 0.000000 0
937504 0.022100 0
937511 0.000000 0
937518 0.000000 0
937526 0.007810 0
937534 0.000000 0
937542 0.000000 0
937549 0.005520 0
937556 0.000000 0
937564 0.000000 0
937571 0.012950 0
937579 0.000000 0
937586 0.000000 0
937594 0.028170 0
937601 0.000000 0
937608 0.000000 0
937616 0.027340 0
937624 0.000000 0
937632 0.000000 0
937639 0.028700 0
937646 0.000000 0
937654 0.000000 0
937661 0.047990 0
937669 0.000000 0
937676 0.000000 0
937684 0.060640 0
937691 0.000000 0
937698 0.000000 0
937706 0.074110 0
937714 0.000000 0
937722 0.000000 0
937729 0.066740 0
937736 0.000000 0
937744 0.000000 0
937751 0.028430 0
937759 0.000000 0
937766 0.000000 0
937774 0.059880 0
937781 0.000000 0
937788 0.000000 0
937796 0.122150 0
937804 0.000000 0
937812 0.000000 0
937819 0.133670 0
937826 0.000000 0
937834 0.000000 0
937841 0.116000 0
937849 0.000000 0
937856 0.000000 0
937864 0.126020 0
937871 0.000000 0
937878 0.000000 0
937886 0.086730 0
937894 0.000000 0
937902 0.000000 0
937909 0.069430 0
937916 0.000000 0
937924 0.000000 0
937931 0.042790 0
937939 0.000000 0
937946 0.000000 0
937954 0.025910 0
937961 0.000000 0
937968 0.000000 0
937976 0.003910 0
937984 0.000000 0
937992 0.000000 0
937999 0.003910 0
938006 0.000000 0
938014 0.000000 0
938021 0.034490 0
938029 0.000000 0
938036 0.000000 0
938044 0.040590 0
938052 0.000000 0
938060 0.000000 0
938067 0.039830 0
938074 0.000000 0
938082 0.000000 0
938089 0.030000 0
938096 0.000000 0
938104 0.000000 0
938111 0.053700 0
938119 0.000000 0
938126 0.000000 0
938134 0.061510 0
938141 0.000000 0
938148 0.000000 0
938156 0.045210 0
938164 0.000000 0
938172 0.000000 0
938179 0.043490 0
938187 0.000000 0
938194 0.000000 0
938202 0.026200 0
938209 0.000000 0
938216 0.000000 0
938224 0.094470 0
938231 0.000000 0
938238 0.000000 0
938246 0.143100 0
938254 0.000000 0
938262 0.000000 0
938269 0.167100 0
938277 0.000000 0
938284 0.000000 0
938292 0.133780 0
938298 0.000000 0
938306 0.000000 0
938313 0.111650 0
938322 0.000000 0
938330 0.000000 0
938337 0.083410 0
938344 0.000000 0
938352 0.000000 0
938359 0.074010 0
938366 0.000000 0
938374 0.000000 0
938381 0.051820 0
938389 0.000000 0
938396 0.000000 0
938404 0.065130 0
938412 0.000000 0
938420 0.000000 0
938427 0.021030 0
938434 0.000000 0
938442 0.000000 0
938449 0.026780 0
938457 0.000000 0
938464 0.000000 0
938472 0.046880 0
938479 0.000000 0
938486 0.000000 0
938494 0.048460 0
938502 0.000000 0
938510 0.000000 0
938517 0.041520 0
938524 0.000000 0
938532 0.000000 0
938539 0.018310 0
938547 0.000000 0
938554 0.000000 0
938562 0.058980 0
938569 0.000000 0
938576 0.000000 0
938584 0.110140 0
938592 0.000000 0
938600 0.000000 0
938607 0.089490 0
938614 0.000000 0
938622 0.000000 0
938629 0.043840 0
938637 0.000000 0
938644 0.000000 0
938652 0.027050 0
938659 0.000000 0
938666 0.000000 0
938674 0.047520 0
938681 0.000000 0
938688 0.000000 0
938696 0.070530 0
938704 0.000000 0
938712 0.000000 0
938719 0.096860 0
938727 0.000000 0
938734 0.000000 0
938742 0.109930 0
938749 0.000000 0
938756 0.000000 0
938764 0.083770 0
938772 0.000000 0
938780 0.000000 0
938787 0.064880 0
938794 0.000000 0
938802 0.000000 0
938809 0.045720 0
938817 0.000000 0
938824 0.000000 0
938832 0.024080 0
938839 0.000000 0
938846 0.000000 0
938854 0.015630 0
938862 0.000000 0
938870 0.000000 0
938877 0.009570 0
938884 0.000000 0
938892 0.000000 0
938899 0.017460 0
938906 0.000000 0
938914 0.000000 0
938921 0.038470 0
938929 0.000000 0
938936 0.000000 0
938944 0.030990 0
938952 0.000000 0
938960 0.000000 0
938967 0.026200 0
938974 0.000000 0
938982 0.000000 0
938989 0.027890 0
938997 0.000000 0
939004 0.000000 0
939012 0.034040 0
939019 0.000000 0
939026 0.000000 0
939034 0.070310 0
939042 0.000000 0
939050 0.000000 0
939057 0.068330 0
939064 0.000000 0
939072 0.000000 0
939079 0.027340 0
939087 0.000000 0
939094 0.000000 0
939102 0.024380 0
939109 0.000000 0
939116 0.000000 0
939124 0.097490 0
939132 0.000000 0
939140 0.000000 0
939147 0.130720 0
939154 0.000000 0
939162 0.000000 0
939169 0.116590 0
939177 0.000000 0
939184 0.000000 0
939192 0.125840 0
939199 0.000000 0
939206 0.000000 0
939214 0.083960 0
939222 0.000000 0
939230 0.000000 0
939237 0.064300 0
939244 0.000000 0
939252 0.000000 0
939259 0.027050 0
939267 0.000000 0
939274 0.000000 0
939282 0.017010 0
939288 0.000000 0
939296 0.000000 0
939303 0.009570 0
939311 0.000000 0
939318 0.000000 0
939326 0.003910 0
939333 0.000000 0
939340 0.000000 0
939348 0.008730 0
939356 0.000000 0
939364 0.000000 0
939371 0.017460 0
939378 0.000000 0
939386 0.000000 0
939393 0.025600 0
939401 0.000000 0
939408 0.000000 0
939416 0.025310 0
939423 0.000000 0
939430 0.000000 0
939438 0.041150 0
939447 0.000000 0
939454 0.000000 0
939462 0.058980 0
939468 0.000000 0
939476 0.000000 0
939483 0.075640 0
939491 0.000000 0
939498 0.000000 0
939506 0.068210 0
939513 0.000000 0
939520 0.000000 0
939528 0.024080 0
939536 0.000000 0
939544 0.000000 0
939551 0.053410 0
939558 0.000000 0
939566 0.000000 0
939573 0.120960 0
939581 0.000000 0
939588 0.000000 0
939596 0.139040 0
939603 0.000000 0
939610 0.000000 0
939618 0.126760 0
939626 0.000000 0
939634 0.000000 0
939641 0.127530 0
939648 0.000000 0
939656 0.000000 0
939663 0.086200 0
939672 0.000000 0
939680 0.000000 0
939687 0.068990 0
939693 0.000000 0
939700 0.000000 0
939708 0.045380 0
939717 0.000000 0
939724 0.000000 0
939732 0.022100 0
939738 0.000000 0
939746 0.000000 0
939753 0.009570 0
939761 0.000000 0
939768 0.000000 0
939776 0.006760 0
939783 0.000000 0
939790 0.000000 0
939798 0.035160 0
939806 0.000000 0
939814 0.000000 0
939821 0.037260 0
939828 0.000000 0
939836 0.000000 0
939843 0.047030 0
939851 0.000000 0
939858 0.000000 0
939866 0.034270 0
939873 0.000000 0
939880 0.000000 0
939888 0.052260 0
939896 0.000000 0
939904 0.000000 0
939911 0.058060 0
939918 0.000000 0
939926 0.000000 0
939933 0.049090 0
939941 0.000000 0
939948 0.000000 0
939956 0.044010 0
939963 0.000000 0
939970 0.000000 0
939978 0.023440 0
939986 0.000000 0
939994 0.000000 0
940001 0.074620 0
940008 0.000000 0
940016 0.000000 0
940023 0.136770 0
940031 0.000000 0
940038 0.000000 0
940046 0.127530 0
940053 0.000000 0
940060 0.000000 0
940068 0.117370 0
940077 0.000000 0
940084 0.000000 0
940092 0.116460 0
940098 0.000000 0
940106 0.000000 0
940113 0.094390 0
940122 0.000000 0
940130 0.000000 0
940137 0.110340 0
940144 0.000000 0
940152 0.000000 0
940159 0.073700 0
940167 0.000000 0
940174 0.000000 0
940182 0.022100 0
940188 0.000000 0
940196 0.000000 0
940203 0.015120 0
940211 0.000000 0
940218 0.000000 0
940226 0.038860 0
940233 0.000000 0
940240 0.000000 0
940248 0.056200 0
940256 0.000000 0
940264 0.000000 0
940271 0.053120 0
940278 0.000000 0
940286 0.000000 0
940293 0.039060 0
940301 0.000000 0
940308 0.000000 0
940316 0.023440 0
940323 0.000000 0
940330 0.000000 0
940338 0.079960 0
940346 0.000000 0
940354 0.000000 0
940361 0.091260 0
940368 0.000000 0
940376 0.000000 0
940383 0.070530 0
940391 0.000000 0
940398 0.000000 0
940406 0.039250 0
940413 0.000000 0
940420 0.000000 0
940428 0.025600 0
940436 0.000000 0
940444 0.000000 0
940451 0.059750 0
940458 0.000000 0
940466 0.000000 0
940473 0.086900 0
940481 0.000000 0
940488 0.000000 0
940496 0.105030 0
940503 0.000000 0
940510 0.000000 0
940518 0.104160 0
940527 0.000000 0
940534 0.000000 0
940542 0.096070 0
940548 0.000000 0
940556 0.000000 0
940563 0.060500 0
940571 0.000000 0
940578 0.000000 0
940586 0.037050 0
940593 0.000000 0
940600 0.000000 0
940608 0.013520 0
940617 0.000000 0
940624 0.000000 0
940632 0.008730 0
940638 0.000000 0
940646 0.000000 0
940653 0.003910 0
940661 0.000000 0
940668 0.000000 0
940676 0.007810 0
940683 0.000000 0
940690 0.000000 0
940698 0.042420 0
940706 0.000000 0
940714 0.000000 0
940721 0.041340 0
940728 0.000000 0
940736 0.000000 0
940743 0.030500 0
940751 0.000000 0
940758 0.000000 0
940766 0.028430 0
940774 0.000000 0
940782 0.000000 0
940789 0.040210 0
940796 0.000000 0
940804 0.000000 0
940811 0.071600 0
940819 0.000000 0
940826 0.000000 0
940834 0.069320 0
940841 0.000000 0
940848 0.000000 0
940856 0.018310 0
940865 0.000000 0
940872 0.000000 0
940880 0.025010 0
940886 0.000000 0
940894 0.000000 0
940901 0.105680 0
940909 0.000000 0
940916 0.000000 0
940924 0.133730 0
940931 0.000000 0
940938 0.000000 0
940946 0.110140 0
940955 0.000000 0
940962 0.000000 0
940970 0.122410 0
940976 0.000000 0
940984 0.000000 0
940991 0.082670 0
941000 0.000000 0
941008 0.000000 0
941015 0.059240 0
941021 0.000000 0
941028 0.000000 0
941036 0.025010 0
941045 0.000000 0
941052 0.000000 0
941060 0.016570 0
941066 0.000000 0
941074 0.000000 0
941081 0.007810 0
941090 0.000000 0
941098 0.000000 0
941105 0.006760 0
941111 0.000000 0
941118 0.000000 0
941126 0.006760 0
941135 0.000000 0
941142 0.000000 0
941150 0.018720 0
941156 0.000000 0
941164 0.000000 0
941171 0.026780 0
941179 0.000000 0
941186 0.000000 0
941194 0.029740 0
941202 0.000000 0
941210 0.000000 0
941217 0.050780 0
941224 0.000000 0
941232 0.000000 0
941239 0.060640 0
941246 0.000000 0
941254 0.000000 0
941261 0.074920 0
941269 0.000000 0
941276 0.000000 0
941284 0.068440 0
941291 0.000000 0
941298 0.000000 0
941306 0.023440 0
941314 0.000000 0
941322 0.000000 0
941329 0.051670 0
941336 0.000000 0
941344 0.000000 0
941351 0.115280 0
941359 0.000000 0
941366 0.000000 0
941374 0.125050 0
941381 0.000000 0
941388 0.000000 0
941396 0.120650 0
941404 0.000000 0
941412 0.000000 0
941419 0.128950 0
941426 0.000000 0
941434 0.000000 0
941441 0.088290 0
941449 0.000000 0
941456 0.000000 0
941464 0.073380 0
941471 0.000000 0
941478 0.000000 0
941486 0.048160 0
941494 0.000000 0
941502 0.000000 0
941509 0.027340 0
941516 0.000000 0
941524 0.000000 0
941531 0.006760 0
941539 0.000000 0
941546 0.000000 0
941554 0.010330 0
941561 0.000000 0
941568 0.000000 0
941576 0.036640 0
941585 0.000000 0
941592 0.000000 0
941600 0.044710 0
941606 0.000000 0
941614 0.000000 0
941621 0.044710 0
941629 0.000000 0
941636 0.000000 0
941644 0.032440 0
941651 0.000000 0
941658 0.000000 0
941666 0.053410 0
941674 0.000000 0
941682 0.000000 0
941689 0.062610 0
941696 0.000000 0
941704 0.000000 0
941711 0.045210 0
941719 0.000000 0
941726 0.000000 0
941734 0.038670 0
941741 0.000000 0
941748 0.000000 0
941756 0.026490 0
941764 0.000000 0
941772 0.000000 0
941779 0.092520 0
941786 0.000000 0
941794 0.000000 0
941801 0.139910 0
941809 0.000000 0
941816 0.000000 0
941824 0.150620 0
941831 0.000000 0
941838 0.000000 0
941846 0.120650 0
941854 0.000000 0
941862 0.000000 0
941869 0.123090 0
941876 0.000000 0
941884 0.000000 0
941891 0.082400 0
941899 0.000000 0
941906 0.000000 0
941914 0.082670 0
941921 0.000000 0
941928 0.000000 0
941936 0.070850 0
941944 0.000000 0
941952 0.000000 0
941959 0.022430 0
941966 0.000000 0
941974 0.000000 0
941981 0.016570 0
941989 0.000000 0
941996 0.000000 0
942004 0.026490 0
942011 0.000000 0
942018 0.000000 0
942026 0.054540 0
942034 0.000000 0
942042 0.000000 0
942049 0.053970 0
942056 0.000000 0
942064 0.000000 0
942071 0.028700 0
942079 0.000000 0
942086 0.000000 0
942094 0.027050 0
942101 0.000000 0
942108 0.000000 0
942116 0.071490 0
942124 0.000000 0
942132 0.000000 0
942139 0.108030 0
942146 0.000000 0
942154 0.000000 0
942161 0.085040 0
942169 0.000000 0
942176 0.000000 0
942184 0.069660 0
942191 0.000000 0
942198 0.000000 0
942206 0.028960 0
942214 0.000000 0
942222 0.000000 0
942229 0.049410 0
942236 0.000000 0
942244 0.000000 0
942251 0.079000 0
942259 0.000000 0
942266 0.000000 0
942274 0.099580 0
942281 0.000000 0
942288 0.000000 0
942296 0.119190 0
942304 0.000000 0
942312 0.000000 0
942319 0.098890 0
942327 0.000000 0
942334 0.000000 0
942342 0.058720 0
942349 0.000000 0
942356 0.000000 0
942364 0.041520 0
942372 0.000000 0
942380 0.000000 0
942387 0.014600 0
942393 0.000000 0
942400 0.000000 0
942408 0.007810 0
942417 0.000000 0
942424 0.000000 0
942432 0.005520 0
942439 0.000000 0
942446 0.000000 0
942454 0.027340 0
942462 0.000000 0
942470 0.000000 0
942477 0.088120 0
942484 0.000000 0
942492 0.000000 0
942499 0.089850 0
942507 0.000000 0
942514 0.000000 0
942522 0.080610 0
942529 0.000000 0
942536 0.000000 0
942544 0.042250 0
942552 0.000000 0
942560 0.000000 0
942567 0.075230 0
942574 0.000000 0
942582 0.000000 0
942589 0.086990 0
942597 0.000000 0
942604 0.000000 0
942612 0.080990 0
942619 0.000000 0
942626 0.000000 0
942634 0.014080 0
942641 0.000000 0
942648 0.000000 0
942656 0.003910 0
942664 0.000000 0
942672 0.000000 0
942679 0.003910 0
942687 0.000000 0
942694 0.000000 0
942702 0.016100 0
942709 0.000000 0
942716 0.000000 0
942724 0.017010 0
942731 0.000000 0
942738 0.000000 0
942746 0.012950 0
942754 0.000000 0
942762 0.000000 0
942769 0.011720 0
942777 0.000000 0
942784 0.000000 0
942792 0.008730 0
942799 0.000000 0
942806 0.000000 0
942814 0.008730 0
942822 0.000000 0
942830 0.000000 0
942837 0.012950 0
942844 0.000000 0
942852 0.000000 0
942859 0.019130 0
942866 0.000000 0
942874 0.000000 0
942881 0.007810 0
942889 0.000000 0
942896 0.000000 0
942904 0.009570 0
942911 0.000000 0
942918 0.000000 0
942926 0.008730 0
942934 0.000000 0
942942 0.000000 0
942949 0.007810 0
942957 0.000000 0
942964 0.000000 0
942972 0.020660 0
942979 0.000000 0
942986 0.000000 0
942994 0.030500 0
943002 0.000000 0
943010 0.000000 0
943017 0.017010 0
943024 0.000000 0
943032 0.000000 0
943039 0.016570 0
943047 0.000000 0
943054 0.000000 0
943062 0.007810 0
943069 0.000000 0
943076 0.000000 0
943084 0.007810 0
943092 0.000000 0
943100 0.000000 0
943107 0.011050 0
943114 0.000000 0
943122 0.000000 0
943129 0.015630 0
943137 0.000000 0
943144 0.000000 0
943152 0.019130 0
943159 0.000000 0
943166 0.000000 0
943174 0.016570 0
943182 0.000000 0
943190 0.000000 0
943197 0.013520 0
943204 0.000000 0
943212 0.000000 0
943219 0.017900 0
943227 0.000000 0
943234 0.000000 0
943242 0.016570 0
943249 0.000000 0
943256 0.000000 0
943264 0.026490 0
943272 0.000000 0
943280 0.000000 0
943287 0.017900 0
943294 0.000000 0
943302 0.000000 0
943309 0.029740 0
943317 0.000000 0
943324 0.000000 0
943332 0.027890 0
943339 0.000000 0
943346 0.000000 0
943354 0.027890 0
943362 0.000000 0
943370 0.000000 0
943377 0.030240 0
943384 0.000000 0
943392 0.000000 0
943399 0.030500 0
943407 0.000000 0
943414 0.000000 0
943422 0.033370 0
943429 0.000000 0
943436 0.000000 0
943444 0.034930 0
943452 0.000000 0
943460 0.000000 0
943467 0.030990 0
943474 0.000000 0
943482 0.000000 0
943489 0.026780 0
943497 0.000000 0
943504 0.000000 0
943512 0.027050 0
943519 0.000000 0
943526 0.000000 0
943534 0.041700 0
943543 0.000000 0
943550 0.000000 0
943558 0.118030 0
943564 0.000000 0
943572 0.000000 0
943579 0.190720 0
943587 0.000000 0
943594 0.000000 0
943602 0.191840 0
943609 0.000000 0
943616 0.000000 0
943624 0.126150 0
943633 0.000000 0
943640 0.000000 0
943648 0.107040 0
943654 0.000000 0
943662 0.000000 0
943669 0.094320 0
943676 0.000000 0
943684 0.000000 0
943691 0.115080 0
943699 0.000000 0
943706 0.000000 0
943714 0.083130 0
943721 0.000000 0
943728 0.000000 0
943736 0.033600 0
943743 0.000000 0
943750 0.000000 0
943758 0.020660 0
943767 0.000000 0
943774 0.000000 0
943782 0.075940 0
943788 0.000000 0
943796 0.000000 0
943803 0.095120 0
943811 0.000000 0
943818 0.000000 0
943826 0.059240 0
943833 0.000000 0
943840 0.000000 0
943848 0.023100 0
943856 0.000000 0
943864 0.000000 0
943871 0.036220 0
943878 0.000000 0
943886 0.000000 0
943893 0.065250 0
943901 0.000000 0
943908 0.000000 0
943916 0.110830 0
943923 0.000000 0
943930 0.000000 0
943938 0.062360 0
943946 0.000000 0
943954 0.000000 0
943961 0.033370 0
943968 0.000000 0
943976 0.000000 0
943983 0.032440 0
943991 0.000000 0
943998 0.000000 0
944006 0.035160 0
944013 0.000000 0
944020 0.000000 0
944028 0.041150 0
944037 0.000000 0
944044 0.000000 0
944052 0.038270 0
944060 0.000000 0
944068 0.000000 0
944075 0.040960 0
944082 0.000000 0
944090 0.000000 0
944097 0.036220 0
944103 0.000000 0
944110 0.000000 0
944118 0.030750 0
944126 0.000000 0
944134 0.000000 0
944141 0.035160 0
944150 0.000000 0
944158 0.000000 0
944165 0.036640 0
944171 0.000000 0
944178 0.000000 0
944186 0.024080 0
944194 0.000000 0
944202 0.000000 0
944209 0.020290 0
944216 0.000000 0
944224 0.000000 0
944231 0.019130 0
944239 0.000000 0
944246 0.000000 0
944254 0.038670 0
944261 0.000000 0
944268 0.000000 0
944276 0.047670 0
944284 0.000000 0
944292 0.000000 0
944299 0.026200 0
944306 0.000000 0
944314 0.000000 0
944321 0.014080 0
944330 0.000000 0
944338 0.000000 0
944345 0.016570 0
944351 0.000000 0
944358 0.000000 0
944366 0.047200 0
944375 0.000000 0
944382 0.000000 0
944390 0.047990 0
944396 0.000000 0
944404 0.000000 0
944411 0.039060 0
944420 0.000000 0
944428 0.000000 0
944435 0.031970 0
944441 0.000000 0
944448 0.000000 0
944456 0.046220 0
944465 0.000000 0
944472 0.000000 0
944480 0.048630 0
944487 0.000000 0
944494 0.000000 0
944502 0.048310 0
944509 0.000000 0
944516 0.000000 0
944524 0.029740 0
944531 0.000000 0
944538 0.000000 0
944546 0.022100 0
944554 0.000000 0
944562 0.000000 0
944569 0.022770 0
944576 0.000000 0
944584 0.000000 0
944591 0.021030 0
944599 0.000000 0
944606 0.000000 0
944614 0.028430 0
944621 0.000000 0
944628 0.000000 0
944636 0.021030 0
944644 0.000000 0
944652 0.000000 0
944659 0.023760 0
944666 0.000000 0
944674 0.000000 0
944681 0.021390 0
944689 0.000000 0
944696 0.000000 0
944704 0.027890 0
944711 0.000000 0
944718 0.000000 0
944726 0.028170 0
944734 0.000000 0
944742 0.000000 0
944749 0.025910 0
944756 0.000000 0
944764 0.000000 0
944771 0.021030 0
944779 0.000000 0
944786 0.000000 0
944794 0.029740 0
944801 0.000000 0
944808 0.000000 0
944816 0.031480 0
944824 0.000000 0
944832 0.000000 0
944839 0.036220 0
944846 0.000000 0
944854 0.000000 0
944861 0.033830 0
944870 0.000000 0
944878 0.000000 0
944885 0.040960 0
944891 0.000000 0
944898 0.000000 0
944906 0.032910 0
944915 0.000000 0
944922 0.000000 0
944930 0.036420 0
944936 0.000000 0
944944 0.000000 0
944951 0.025910 0
944960 0.000000 0
944968 0.000000 0
944975 0.043320 0
944981 0.000000 0
944988 0.000000 0
944996 0.043140 0
945005 0.000000 0
945012 0.000000 0
945020 0.048160 0
945026 0.000000 0
945034 0.000000 0
945041 0.040020 0
945049 0.000000 0
945056 0.000000 0
945064 0.047030 0
945071 0.000000 0
945078 0.000000 0
945086 0.054960 0
945095 0.000000 0
945102 0.000000 0
945110 0.065710 0
945116 0.000000 0
945124 0.000000 0
945131 0.052550 0
945139 0.000000 0
945146 0.000000 0
945154 0.044880 0
945161 0.000000 0
945168 0.000000 0
945176 0.049560 0
945184 0.000000 0
945192 0.000000 0
945199 0.042970 0
945206 0.000000 0
945214 0.000000 0
945221 0.037460 0
945229 0.000000 0
945236 0.000000 0
945244 0.024700 0
945251 0.000000 0
945258 0.000000 0
945266 0.027340 0
945274 0.000000 0
945282 0.000000 0
945289 0.048310 0
945297 0.000000 0
945304 0.000000 0
945312 0.045380 0
945319 0.000000 0
945326 0.000000 0
945334 0.108320 0
945341 0.000000 0
945348 0.000000 0
945356 0.250140 0
945364 0.000000 0
945372 0.000000 0
945379 0.217560 0
945386 0.000000 0
945394 0.000000 0
945401 0.135700 0
945409 0.000000 0
945416 0.000000 0
945424 0.098510 0
945432 0.000000 0
945440 0.000000 0
945447 0.107760 0
945454 0.000000 0
945462 0.000000 0
945469 0.098820 0
945476 0.000000 0
945484 0.000000 0
945491 0.060000 0
945499 0.000000 0
945506 0.000000 0
945514 0.022430 0
945522 0.000000 0
945530 0.000000 0
945537 0.015630 0
945544 0.000000 0
945552 0.000000 0
945559 0.057400 0
945567 0.000000 0
945574 0.000000 0
945582 0.072650 0
945588 0.000000 0
945596 0.000000 0
945603 0.049090 0
945612 0.000000 0
945620 0.000000 0
945627 0.025010 0
945633 0.000000 0
945640 0.000000 0
945648 0.020660 0
945656 0.000000 0
945664 0.000000 0
945671 0.070850 0
945678 0.000000 0
945686 0.000000 0
945693 0.083130 0
945701 0.000000 0
945708 0.000000 0
945716 0.053120 0
945723 0.000000 0
945730 0.000000 0
945738 0.024700 0
945747 0.000000 0
945754 0.000000 0
945762 0.018310 0
945768 0.000000 0
945776 0.000000 0
945783 0.036640 0
945791 0.000000 0
945798 0.000000 0
945806 0.042250 0
945813 0.000000 0
945820 0.000000 0
945828 0.051070 0
945837 0.000000 0
945844 0.000000 0
945852 0.045880 0
945858 0.000000 0
945866 0.000000 0
945873 0.031720 0
945881 0.000000 0
945888 0.000000 0
945896 0.027050 0
945903 0.000000 0
945910 0.000000 0
945918 0.026490 0
945926 0.000000 0
945934 0.000000 0
945941 0.029480 0
945948 0.000000 0
945956 0.000000 0
945963 0.021390 0
945972 0.000000 0
945980 0.000000 0
945987 0.014600 0
945994 0.000000 0
946002 0.000000 0
946009 0.020290 0
946017 0.000000 0
946024 0.000000 0
946032 0.028960 0
946039 0.000000 0
946046 0.000000 0
946054 0.039640 0
946061 0.000000 0
946068 0.000000 0
946076 0.038860 0
946084 0.000000 0
946092 0.000000 0
946099 0.030240 0
946106 0.000000 0
946114 0.000000 0
946121 0.030750 0
946129 0.000000 0
946136 0.000000 0
946144 0.043490 0
946152 0.000000 0
946160 0.000000 0
946167 0.035580 0
946173 0.000000 0
946180 0.000000 0
946188 0.025010 0
946197 0.000000 0
946204 0.000000 0
946212 0.025010 0
946218 0.000000 0
946226 0.000000 0
946233 0.029220 0
946241 0.000000 0
946248 0.000000 0
946256 0.040210 0
946263 0.000000 0
946270 0.000000 0
946278 0.043670 0
946286 0.000000 0
946294 0.000000 0
946301 0.042250 0
946308 0.000000 0
946316 0.000000 0
946323 0.047520 0
946331 0.000000 0
946338 0.000000 0
946346 0.047350 0
946353 0.000000 0
946360 0.000000 0
946368 0.034040 0
946376 0.000000 0
946384 0.000000 0
946391 0.023100 0
946399 0.000000 0
946406 0.000000 0
946414 0.010330 0
946422 0.000000 0
946430 0.000000 0
946437 0.020660 0
946444 0.000000 0
946452 0.000000 0
946459 0.016570 0
946466 0.000000 0
946474 0.000000 0
946481 0.017010 0
946489 0.000000 0
946496 0.000000 0
946504 0.012340 0
946511 0.000000 0
946518 0.000000 0
946526 0.015630 0
946534 0.000000 0
946542 0.000000 0
946549 0.025310 0
946558 0.000000 0
946566 0.000000 0
946573 0.037050 0
946579 0.000000 0
946586 0.000000 0
946594 0.036420 0
946602 0.000000 0
946610 0.000000 0
946617 0.040960 0
946624 0.000000 0
946632 0.000000 0
946639 0.050020 0
946647 0.000000 0
946654 0.000000 0
946662 0.046540 0
946669 0.000000 0
946676 0.000000 0
946684 0.054830 0
946692 0.000000 0
946700 0.000000 0
946707 0.044190 0
946714 0.000000 0
946722 0.000000 0
946729 0.036010 0
946737 0.000000 0
946744 0.000000 0
946752 0.033600 0
946759 0.000000 0
946766 0.000000 0
946774 0.034710 0
946781 0.000000 0
946788 0.000000 0
946796 0.053410 0
946804 0.000000 0
946812 0.000000 0
946819 0.056460 0
946826 0.000000 0
946834 0.000000 0
946841 0.055100 0
946849 0.000000 0
946856 0.000000 0
946864 0.042250 0
946872 0.000000 0
946880 0.000000 0
946887 0.034710 0
946894 0.000000 0
946902 0.000000 0
946909 0.042970 0
946917 0.000000 0
946924 0.000000 0
946932 0.044710 0
946940 0.000000 0
946948 0.000000 0
946955 0.058320 0
946961 0.000000 0
946968 0.000000 0
946976 0.046220 0
946985 0.000000 0
946992 0.000000 0
947000 0.053970 0
947006 0.000000 0
947014 0.000000 0
947021 0.070080 0
947030 0.000000 0
947038 0.000000 0
947045 0.058980 0
947051 0.000000 0
947058 0.000000 0
947066 0.055920 0
947075 0.000000 0
947082 0.000000 0
947090 0.043140 0
947096 0.000000 0
947104 0.000000 0
947111 0.038670 0
947120 0.000000 0
947128 0.000000 0
947135 0.203980 0
947141 0.000000 0
947148 0.000000 0
947156 0.187780 0
947163 0.000000 0
947170 0.000000 0
947178 0.137000 0
947186 0.000000 0
947194 0.000000 0
947201 0.107960 0
947208 0.000000 0
947216 0.000000 0
947223 0.112320 0
947231 0.000000 0
947238 0.000000 0
947246 0.097490 0
947253 0.000000 0
947260 0.000000 0
947268 0.064420 0
947276 0.000000 0
947284 0.000000 0
947291 0.037660 0
947300 0.000000 0
947308 0.000000 0
947315 0.028170 0
947321 0.000000 0
947328 0.000000 0
947336 0.051220 0
947345 0.000000 0
947352 0.000000 0
947360 0.072760 0
947366 0.000000 0
947374 0.000000 0
947381 0.049410 0
947390 0.000000 0
947398 0.000000 0
947405 0.038470 0
947411 0.000000 0
947418 0.000000 0
947426 0.015630 0
947435 0.000000 0
947442 0.000000 0
947450 0.053120 0
947456 0.000000 0
947464 0.000000 0
947471 0.074620 0
947480 0.000000 0
947488 0.000000 0
947495 0.057940 0
947501 0.000000 0
947508 0.000000 0
947516 0.025600 0
947525 0.000000 0
947532 0.000000 0
947540 0.015630 0
947546 0.000000 0
947554 0.000000 0
947561 0.024380 0
947569 0.000000 0
947576 0.000000 0
947584 0.038470 0
947591 0.000000 0
947598 0.000000 0
947606 0.035160 0
947614 0.000000 0
947622 0.000000 0
947629 0.033830 0
947636 0.000000 0
947644 0.000000 0
947651 0.030000 0
947659 0.000000 0
947666 0.000000 0
947674 0.025310 0
947681 0.000000 0
947688 0.000000 0
947696 0.018310 0
947704 0.000000 0
947712 0.000000 0
947719 0.025010 0
947726 0.000000 0
947734 0.000000 0
947741 0.018720 0
947749 0.000000 0
947756 0.000000 0
947764 0.024380 0
947771 0.000000 0
947778 0.000000 0
947786 0.014080 0
947794 0.000000 0
947802 0.000000 0
947809 0.028960 0
947816 0.000000 0
947824 0.000000 0
947831 0.019130 0
947839 0.000000 0
947846 0.000000 0
947854 0.021030 0
947861 0.000000 0
947868 0.000000 0
947876 0.010330 0
947884 0.000000 0
947892 0.000000 0
947899 0.031970 0
947906 0.000000 0
947914 0.000000 0
947921 0.030000 0
947929 0.000000 0
947936 0.000000 0
947944 0.026490 0
947951 0.000000 0
947958 0.000000 0
947966 0.025310 0
947974 0.000000 0
947982 0.000000 0
947989 0.054830 0
947996 0.000000 0
948004 0.000000 0
948011 0.055100 0
948019 0.000000 0
948026 0.000000 0
948034 0.071700 0
948041 0.000000 0
948048 0.000000 0
948056 0.063100 0
948064 0.000000 0
948072 0.000000 0
948079 0.053410 0
948086 0.000000 0
948094 0.000000 0
948101 0.058060 0
948109 0.000000 0
948116 0.000000 0
948124 0.052840 0
948131 0.000000 0
948138 0.000000 0
948146 0.030500 0
948154 0.000000 0
948162 0.000000 0
948169 0.027050 0
948176 0.000000 0
948184 0.000000 0
948191 0.014080 0
948199 0.000000 0
948206 0.000000 0
948214 0.021390 0
948221 0.000000 0
948228 0.000000 0
948236 0.016570 0
948244 0.000000 0
948252 0.000000 0
948259 0.033140 0
948268 0.000000 0
948276 0.000000 0
948283 0.031480 0
948289 0.000000 0
948296 0.000000 0
948304 0.032910 0
948313 0.000000 0
948320 0.000000 0
948328 0.021390 0
948334 0.000000 0
948342 0.000000 0
948349 0.015630 0
948358 0.000000 0
948366 0.000000 0
948373 0.016570 0
948379 0.000000 0
948386 0.000000 0
948394 0.019910 0
948403 0.000000 0
948410 0.000000 0
948418 0.030990 0
948424 0.000000 0
948432 0.000000 0
948439 0.033830 0
948446 0.000000 0
948454 0.000000 0
948461 0.050920 0
948469 0.000000 0
948476 0.000000 0
948484 0.052550 0
948493 0.000000 0
948500 0.000000 0
948508 0.041890 0
948514 0.000000 0
948522 0.000000 0
948529 0.047840 0
948536 0.000000 0
948544 0.000000 0
948551 0.035160 0
948559 0.000000 0
948566 0.000000 0
948574 0.037660 0
948583 0.000000 0
948590 0.000000 0
948598 0.055790 0
948604 0.000000 0
948612 0.000000 0
948619 0.045040 0
948626 0.000000 0
948634 0.000000 0
948641 0.031970 0
948649 0.000000 0
948656 0.000000 0
948664 0.050920 0
948672 0.000000 0
948680 0.000000 0
948687 0.041890 0
948694 0.000000 0
948702 0.000000 0
948709 0.040410 0
948716 0.000000 0
948724 0.000000 0
948731 0.048780 0
948739 0.000000 0
948746 0.000000 0
948754 0.048310 0
948761 0.000000 0
948768 0.000000 0
948776 0.045550 0
948784 0.000000 0
948792 0.000000 0
948799 0.059240 0
948806 0.000000 0
948814 0.000000 0
948821 0.066410 0
948830 0.000000 0
948838 0.000000 0
948845 0.038670 0
948853 0.000000 0
948860 0.000000 0
948868 0.044530 0
948874 0.000000 0
948882 0.000000 0
948889 0.079580 0
948897 0.000000 0
948904 0.000000 0
948912 0.211800 0
948919 0.000000 0
948926 0.000000 0
948934 0.221100 0
948941 0.000000 0
948948 0.000000 0
948956 0.195540 0
948964 0.000000 0
948972 0.000000 0
948979 0.111650 0
948987 0.000000 0
948994 0.000000 0
949002 0.094960 0
949008 0.000000 0
949016 0.000000 0
949023 0.072240 0
949032 0.000000 0
949040 0.000000 0
949047 0.041700 0
949053 0.000000 0
949060 0.000000 0
949068 0.024700 0
949077 0.000000 0
949084 0.000000 0
949092 0.014600 0
949098 0.000000 0
949106 0.000000 0
949113 0.025600 0
949122 0.000000 0
949130 0.000000 0
949137 0.045040 0
949143 0.000000 0
949150 0.000000 0
949158 0.027890 0
949166 0.000000 0
949174 0.000000 0
949181 0.028430 0
949188 0.000000 0
949196 0.000000 0
949203 0.031480 0
949212 0.000000 0
949220 0.000000 0
949227 0.041340 0
949233 0.000000 0
949240 0.000000 0
949248 0.055100 0
949256 0.000000 0
949264 0.000000 0
949271 0.054120 0
949278 0.000000 0
949286 0.000000 0
949293 0.053830 0
949301 0.000000 0
949308 0.000000 0
949316 0.028170 0
949323 0.000000 0
949330 0.000000 0
949338 0.036220 0
949346 0.000000 0
949354 0.000000 0
949361 0.033600 0
949368 0.000000 0
949376 0.000000 0
949383 0.027890 0
949392 0.000000 0
949400 0.000000 0
949407 0.024700 0
949414 0.000000 0
949422 0.000000 0
949429 0.019910 0
949436 0.000000 0
949444 0.000000 0
949451 0.029740 0
949459 0.000000 0
949466 0.000000 0
949474 0.017460 0
949483 0.000000 0
949490 0.000000 0
949498 0.029740 0
949504 0.000000 0
949512 0.000000 0
949519 0.021030 0
949528 0.000000 0
949536 0.000000 0
949543 0.014080 0
949549 0.000000 0
949556 0.000000 0
949564 0.009570 0
949572 0.000000 0
949580 0.000000 0
949587 0.013520 0
949594 0.000000 0
949602 0.000000 0
949609 0.038470 0
949617 0.000000 0
949624 0.000000 0
949632 0.035370 0
949639 0.000000 0
949646 0.000000 0
949654 0.037050 0
949663 0.000000 0
949670 0.000000 0
949678 0.036640 0
949684 0.000000 0
949692 0.000000 0
949699 0.042420 0
949707 0.000000 0
949714 0.000000 0
949722 0.033600 0
949730 0.000000 0
949738 0.000000 0
949745 0.026780 0
949752 0.000000 0
949760 0.000000 0
949767 0.037260 0
949775 0.000000 0
949782 0.000000 0
949790 0.027890 0
949797 0.000000 0
949804 0.000000 0
949812 0.031480 0
949820 0.000000 0
949828 0.000000 0
949835 0.033370 0
949842 0.000000 0
949850 0.000000 0
949857 0.052110 0
949865 0.000000 0
949872 0.000000 0
949880 0.052400 0
949887 0.000000 0
949894 0.000000 0
949902 0.041700 0
949910 0.000000 0
949918 0.000000 0
949925 0.039250 0
949932 0.000000 0
949940 0.000000 0
949947 0.023440 0
949955 0.000000 0
949962 0.000000 0
949970 0.021390 0
949977 0.000000 0
949984 0.000000 0
949992 0.017460 0
950000 0.000000 0
950008 0.000000 0
950015 0.036850 0
950022 0.000000 0
950030 0.000000 0
950037 0.046050 0
950045 0.000000 0
950052 0.000000 0
950060 0.031720 0
950067 0.000000 0
950074 0.000000 0
950082 0.030750 0
950090 0.000000 0
950098 0.000000 0
950105 0.029740 0
950112 0.000000 0
950120 0.000000 0
950127 0.027340 0
950135 0.000000 0
950142 0.000000 0
950150 0.052550 0
950157 0.000000 0
950164 0.000000 0
950172 0.045380 0
950180 0.000000 0
950188 0.000000 0
950195 0.044360 0
950202 0.000000 0
950210 0.000000 0
950217 0.036850 0
950225 0.000000 0
950232 0.000000 0
950240 0.038670 0
950247 0.000000 0
950254 0.000000 0
950262 0.050320 0
950270 0.000000 0
950278 0.000000 0
950285 0.041700 0
950291 0.000000 0
950298 0.000000 0
950306 0.041700 0
950315 0.000000 0
950322 0.000000 0
950330 0.052840 0
950336 0.000000 0
950344 0.000000 0
950351 0.044880 0
950360 0.000000 0
950368 0.000000 0
950375 0.045210 0
950381 0.000000 0
950388 0.000000 0
950396 0.043490 0
950405 0.000000 0
950412 0.000000 0
950420 0.054400 0
950426 0.000000 0
950434 0.000000 0
950441 0.056870 0
950449 0.000000 0
950456 0.000000 0
950464 0.046710 0
950471 0.000000 0
950478 0.000000 0
950486 0.046710 0
950495 0.000000 0
950502 0.000000 0
950510 0.054960 0
950516 0.000000 0
950524 0.000000 0
950531 0.057270 0
950539 0.000000 0
950546 0.000000 0
950554 0.065710 0
950561 0.000000 0
950568 0.000000 0
950576 0.060140 0
950585 0.000000 0
950592 0.000000 0
950600 0.057010 0
950606 0.000000 0
950614 0.000000 0
950621 0.027340 0
950630 0.000000 0
950638 0.000000 0
950645 0.065000 0
950651 0.000000 0
950658 0.000000 0
950666 0.099660 0
950675 0.000000 0
950682 0.000000 0
950690 0.196950 0
950696 0.000000 0
950704 0.000000 0
950711 0.191840 0
950719 0.000000 0
950726 0.000000 0
950734 0.153340 0
950741 0.000000 0
950748 0.000000 0
950756 0.117510 0
950764 0.000000 0
950772 0.000000 0
950779 0.091690 0
950786 0.000000 0
950794 0.000000 0
950801 0.056460 0
950809 0.000000 0
950816 0.000000 0
950824 0.042420 0
950831 0.000000 0
950838 0.000000 0
950846 0.046050 0
950854 0.000000 0
950862 0.000000 0
950869 0.074420 0
950876 0.000000 0
950884 0.000000 0
950891 0.085130 0
950899 0.000000 0
950906 0.000000 0
950914 0.037870 0
950921 0.000000 0
950928 0.000000 0
950936 0.035370 0
950944 0.000000 0
950952 0.000000 0
950959 0.043140 0
950966 0.000000 0
950974 0.000000 0
950981 0.034930 0
950990 0.000000 0
950998 0.000000 0
951005 0.046880 0
951011 0.000000 0
951018 0.000000 0
951026 0.039060 0
951034 0.000000 0
951042 0.000000 0
951049 0.042970 0
951057 0.000000 0
951064 0.000000 0
951072 0.029220 0
951079 0.000000 0
951086 0.000000 0
951094 0.025910 0
951102 0.000000 0
951110 0.000000 0
951117 0.027620 0
951124 0.000000 0
951132 0.000000 0
951139 0.034490 0
951147 0.000000 0
951154 0.000000 0
951162 0.025310 0
951169 0.000000 0
951176 0.000000 0
951184 0.027340 0
951192 0.000000 0
951200 0.000000 0
951207 0.014600 0
951214 0.000000 0
951222 0.000000 0
951229 0.008730 0
951237 0.000000 0
951244 0.000000 0
951252 0.017900 0
951259 0.000000 0
951266 0.000000 0
951274 0.024080 0
951282 0.000000 0
951290 0.000000 0
951297 0.015120 0
951304 0.000000 0
951312 0.000000 0
951319 0.015630 0
951326 0.000000 0
951334 0.000000 0
951341 0.007810 0
951349 0.000000 0
951356 0.000000 0
951364 0.008730 0
951372 0.000000 0
951380 0.000000 0
951387 0.027050 0
951394 0.000000 0
951402 0.000000 0
951409 0.033140 0
951416 0.000000 0
951424 0.000000 0
951431 0.017900 0
951439 0.000000 0
951446 0.000000 0
951454 0.024380 0
951462 0.000000 0
951470 0.000000 0
951477 0.021740 0
951484 0.000000 0
951492 0.000000 0
951499 0.041150 0
951506 0.000000 0
951514 0.000000 0
951521 0.040020 0
951529 0.000000 0
951536 0.000000 0
951544 0.027620 0
951552 0.000000 0
951560 0.000000 0
951567 0.019910 0
951574 0.000000 0
951582 0.000000 0
951589 0.037660 0
951597 0.000000 0
951604 0.000000 0
951612 0.048630 0
951619 0.000000 0
951626 0.000000 0
951634 0.056600 0
951641 0.000000 0
951648 0.000000 0
951656 0.040410 0
951664 0.000000 0
951672 0.000000 0
951679 0.032910 0
951687 0.000000 0
951694 0.000000 0
951702 0.035580 0
951709 0.000000 0
951716 0.000000 0
951724 0.034930 0
951732 0.000000 0
951740 0.000000 0
951747 0.025010 0
951754 0.000000 0
951762 0.000000 0
951769 0.017460 0
951777 0.000000 0
951784 0.000000 0
951792 0.024700 0
951799 0.000000 0
951806 0.000000 0
951814 0.029220 0
951822 0.000000 0
951830 0.000000 0
951837 0.028960 0
951844 0.000000 0
951852 0.000000 0
951859 0.031480 0
951866 0.000000 0
951874 0.000000 0
951881 0.038070 0
951889 0.000000 0
951896 0.000000 0
951904 0.061390 0
951912 0.000000 0
951920 0.000000 0
951927 0.057130 0
951934 0.000000 0
951942 0.000000 0
951949 0.047990 0
951957 0.000000 0
951964 0.000000 0
951972 0.041150 0
951979 0.000000 0
951986 0.000000 0
951994 0.048310 0
952002 0.000000 0
952010 0.000000 0
952017 0.032910 0
952024 0.000000 0
952032 0.000000 0
952039 0.037660 0
952047 0.000000 0
952054 0.000000 0
952062 0.067540 0
952069 0.000000 0
952076 0.000000 0
952084 0.066740 0
952092 0.000000 0
952100 0.000000 0
952107 0.051960 0
952114 0.000000 0
952122 0.000000 0
952129 0.030750 0
952136 0.000000 0
952144 0.000000 0
952151 0.023100 0
952159 0.000000 0
952166 0.000000 0
952174 0.031970 0
952182 0.000000 0
952190 0.000000 0
952197 0.031480 0
952204 0.000000 0
952212 0.000000 0
952219 0.056460 0
952227 0.000000 0
952234 0.000000 0
952242 0.054260 0
952249 0.000000 0
952256 0.000000 0
952264 0.044190 0
952271 0.000000 0
952278 0.000000 0
952286 0.047840 0
952294 0.000000 0
952302 0.000000 0
952309 0.050780 0
952317 0.000000 0
952324 0.000000 0
952332 0.049560 0
952339 0.000000 0
952346 0.000000 0
952354 0.047030 0
952362 0.000000 0
952370 0.000000 0
952377 0.047350 0
952384 0.000000 0
952392 0.000000 0
952399 0.050320 0
952407 0.000000 0
952414 0.000000 0
952422 0.035580 0
952429 0.000000 0
952436 0.000000 0
952444 0.109790 0
952452 0.000000 0
952460 0.000000 0
952467 0.237310 0
952474 0.000000 0
952482 0.000000 0
952489 0.222170 0
952496 0.000000 0
952504 0.000000 0
952511 0.143830 0
952519 0.000000 0
952526 0.000000 0
952534 0.065930 0
952542 0.000000 0
952550 0.000000 0
952557 0.090520 0
952563 0.000000 0
952570 0.000000 0
952578 0.059620 0
952586 0.000000 0
952594 0.000000 0
952601 0.039060 0
952608 0.000000 0
952616 0.000000 0
952623 0.014600 0
952631 0.000000 0
952638 0.000000 0
952646 0.054830 0
952653 0.000000 0
952660 0.000000 0
952668 0.092590 0
952676 0.000000 0
952684 0.000000 0
952691 0.057940 0
952698 0.000000 0
952706 0.000000 0
952713 0.030750 0
952721 0.000000 0
952728 0.000000 0
952736 0.027620 0
952743 0.000000 0
952750 0.000000 0
952758 0.046710 0
952767 0.000000 0
952774 0.000000 0
952782 0.050780 0
952788 0.000000 0
952796 0.000000 0
952803 0.037660 0
952812 0.000000 0
952820 0.000000 0
952827 0.059100 0
952833 0.000000 0
952840 0.000000 0
952848 0.065250 0
952856 0.000000 0
952864 0.000000 0
952871 0.060880 0
952878 0.000000 0
952886 0.000000 0
952893 0.032440 0
952901 0.000000 0
952908 0.000000 0
952916 0.017900 0
952923 0.000000 0
952930 0.000000 0
952938 0.016100 0
952947 0.000000 0
952954 0.000000 0
952962 0.017010 0
952968 0.000000 0
952976 0.000000 0
952983 0.021390 0
952991 0.000000 0
952998 0.000000 0
953006 0.008730 0
953015 0.000000 0
953022 0.000000 0
953030 0.011050 0
953037 0.000000 0
953044 0.000000 0
953052 0.015120 0
953060 0.000000 0
953068 0.000000 0
953075 0.014080 0
953081 0.000000 0
953088 0.000000 0
953096 0.012950 0
953104 0.000000 0
953112 0.000000 0
953119 0.030240 0
953126 0.000000 0
953134 0.000000 0
953141 0.028960 0
953150 0.000000 0
953158 0.000000 0
953165 0.021030 0
953171 0.000000 0
953178 0.000000 0
953186 0.026780 0
953195 0.000000 0
953202 0.000000 0
953210 0.030990 0
953216 0.000000 0
953224 0.000000 0
953231 0.024700 0
953240 0.000000 0
953248 0.000000 0
953255 0.032910 0
953261 0.000000 0
953268 0.000000 0
953276 0.035800 0
953285 0.000000 0
953292 0.000000 0
953300 0.034710 0
953306 0.000000 0
953314 0.000000 0
953321 0.036850 0
953330 0.000000 0
953338 0.000000 0
953345 0.044880 0
953351 0.000000 0
953358 0.000000 0
953366 0.034490 0
953375 0.000000 0
953382 0.000000 0
953390 0.039060 0
953396 0.000000 0
953404 0.000000 0
953411 0.034490 0
953420 0.000000 0
953428 0.000000 0
953435 0.035160 0
953441 0.000000 0
953448 0.000000 0
953456 0.035160 0
953464 0.000000 0
953472 0.000000 0
953479 0.038470 0
953487 0.000000 0
953494 0.000000 0
953502 0.038270 0
953509 0.000000 0
953516 0.000000 0
953524 0.044010 0
953531 0.000000 0
953538 0.000000 0
953546 0.034490 0
953555 0.000000 0
953562 0.000000 0
953570 0.037870 0
953576 0.000000 0
953584 0.000000 0
953591 0.050020 0
953599 0.000000 0
953606 0.000000 0
953614 0.054830 0
953621 0.000000 0
953628 0.000000 0
953636 0.046540 0
953644 0.000000 0
953652 0.000000 0
953659 0.056460 0
953666 0.000000 0
953674 0.000000 0
953681 0.050020 0
953689 0.000000 0
953696 0.000000 0
953704 0.044190 0
953711 0.000000 0
953718 0.000000 0
953726 0.034930 0
953734 0.000000 0
953742 0.000000 0
953749 0.030990 0
953756 0.000000 0
953764 0.000000 0
953771 0.045880 0
953780 0.000000 0
953788 0.000000 0
953795 0.045380 0
953801 0.000000 0
953808 0.000000 0
953816 0.058850 0
953824 0.000000 0
953832 0.000000 0
953839 0.041700 0
953846 0.000000 0
953854 0.000000 0
953861 0.035370 0
953870 0.000000 0
953878 0.000000 0
953885 0.052400 0
953891 0.000000 0
953898 0.000000 0
953906 0.042250 0
953914 0.000000 0
953922 0.000000 0
953929 0.043490 0
953936 0.000000 0
953944 0.000000 0
953951 0.042970 0
953959 0.000000 0
953966 0.000000 0
953974 0.056870 0
953981 0.000000 0
953988 0.000000 0
953996 0.056340 0
954004 0.000000 0
954012 0.000000 0
954019 0.046220 0
954026 0.000000 0
954034 0.000000 0
954041 0.039640 0
954049 0.000000 0
954056 0.000000 0
954064 0.062120 0
954071 0.000000 0
954078 0.000000 0
954086 0.061880 0
954094 0.000000 0
954102 0.000000 0
954109 0.062120 0
954116 0.000000 0
954124 0.000000 0
954131 0.067870 0
954139 0.000000 0
954146 0.000000 0
954154 0.048310 0
954161 0.000000 0
954168 0.000000 0
954176 0.043140 0
954184 0.000000 0
954192 0.000000 0
954199 0.074420 0
954208 0.000000 0
954216 0.000000 0
954223 0.109220 0
954229 0.000000 0
954236 0.000000 0
954244 0.201160 0
954252 0.000000 0
954260 0.000000 0
954267 0.193820 0
954274 0.000000 0
954282 0.000000 0
954289 0.114550 0
954297 0.000000 0
954304 0.000000 0
954312 0.066160 0
954319 0.000000 0
954326 0.000000 0
954334 0.059100 0
954342 0.000000 0
954350 0.000000 0
954357 0.058460 0
954364 0.000000 0
954372 0.000000 0
954379 0.037460 0
954387 0.000000 0
954394 0.000000 0
954402 0.008730 0
954409 0.000000 0
954416 0.000000 0
954424 0.017010 0
954431 0.000000 0
954438 0.000000 0
954446 0.040020 0
954454 0.000000 0
954462 0.000000 0
954469 0.040410 0
954477 0.000000 0
954484 0.000000 0
954492 0.042600 0
954499 0.000000 0
954506 0.000000 0
954514 0.037260 0
954522 0.000000 0
954530 0.000000 0
954537 0.036220 0
954544 0.000000 0
954552 0.000000 0
954559 0.029480 0
954566 0.000000 0
954574 0.000000 0
954581 0.061880 0
954589 0.000000 0
954596 0.000000 0
954604 0.061260 0
954612 0.000000 0
954620 0.000000 0
954627 0.049260 0
954633 0.000000 0
954640 0.000000 0
954648 0.057540 0
954656 0.000000 0
954664 0.000000 0
954671 0.033830 0
954678 0.000000 0
954686 0.000000 0
954693 0.042070 0
954701 0.000000 0
954708 0.000000 0
954716 0.045210 0
954723 0.000000 0
954730 0.000000 0
954738 0.034040 0
954746 0.000000 0
954754 0.000000 0
954761 0.040590 0
954768 0.000000 0
954776 0.000000 0
954783 0.044190 0
954792 0.000000 0
954800 0.000000 0
954807 0.026200 0
954813 0.000000 0
954820 0.000000 0
954828 0.023440 0
954837 0.000000 0
954844 0.000000 0
954852 0.021030 0
954858 0.000000 0
954866 0.000000 0
954873 0.014080 0
954881 0.000000 0
954888 0.000000 0
954896 0.012950 0
954903 0.000000 0
954910 0.000000 0
954918 0.022100 0
954926 0.000000 0
954934 0.000000 0
954941 0.049410 0
954948 0.000000 0
954956 0.000000 0
954963 0.042070 0
954971 0.000000 0
954978 0.000000 0
954986 0.033830 0
954993 0.000000 0
955000 0.000000 0
955008 0.035800 0
955016 0.000000 0
955024 0.000000 0
955031 0.027050 0
955040 0.000000 0
955048 0.000000 0
955055 0.036420 0
955061 0.000000 0
955068 0.000000 0
955076 0.043840 0
955084 0.000000 0
955092 0.000000 0
955099 0.054830 0
955106 0.000000 0
955114 0.000000 0
955121 0.052400 0
955130 0.000000 0
955138 0.000000 0
955145 0.039640 0
955151 0.000000 0
955158 0.000000 0
955166 0.037660 0
955175 0.000000 0
955182 0.000000 0
955190 0.044190 0
955196 0.000000 0
955204 0.000000 0
955211 0.038860 0
955219 0.000000 0
955226 0.000000 0
955234 0.049560 0
955241 0.000000 0
955248 0.000000 0
955256 0.049260 0
955265 0.000000 0
955272 0.000000 0
955280 0.052840 0
955286 0.000000 0
955294 0.000000 0
955301 0.043670 0
955309 0.000000 0
955316 0.000000 0
955324 0.056340 0
955331 0.000000 0
955338 0.000000 0
955346 0.036850 0
955355 0.000000 0
955362 0.000000 0
955370 0.026490 0
955376 0.000000 0
955384 0.000000 0
955391 0.037050 0
955399 0.000000 0
955406 0.000000 0
955414 0.052260 0
955421 0.000000 0
955428 0.000000 0
955436 0.039640 0
955444 0.000000 0
955452 0.000000 0
955459 0.049260 0
955466 0.000000 0
955474 0.000000 0
955481 0.058200 0
955489 0.000000 0
955496 0.000000 0
955504 0.053410 0
955511 0.000000 0
955518 0.000000 0
955526 0.040590 0
955534 0.000000 0
955542 0.000000 0
955549 0.045210 0
955556 0.000000 0
955564 0.000000 0
955571 0.055240 0
955579 0.000000 0
955586 0.000000 0
955594 0.045720 0
955601 0.000000 0
955608 0.000000 0
955616 0.048310 0
955624 0.000000 0
955632 0.000000 0
955639 0.053270 0
955646 0.000000 0
955654 0.000000 0
955661 0.054540 0
955669 0.000000 0
955676 0.000000 0
955684 0.066970 0
955691 0.000000 0
955698 0.000000 0
955706 0.061510 0
955714 0.000000 0
955722 0.000000 0
955729 0.074620 0
955736 0.000000 0
955744 0.000000 0
955751 0.049870 0
955759 0.000000 0
955766 0.000000 0
955774 0.053970 0
955781 0.000000 0
955788 0.000000 0
955796 0.065130 0
955804 0.000000 0
955812 0.000000 0
955819 0.048460 0
955826 0.000000 0
955834 0.000000 0
955841 0.054960 0
955849 0.000000 0
955856 0.000000 0
955864 0.054830 0
955871 0.000000 0
955878 0.000000 0
955886 0.039060 0
955894 0.000000 0
955902 0.000000 0
955909 0.036640 0
955918 0.000000 0
955926 0.000000 0
955933 0.050630 0
955939 0.000000 0
955946 0.000000 0
955954 0.054120 0
955961 0.000000 0
955968 0.000000 0
955976 0.057130 0
955984 0.000000 0
955992 0.000000 0
955999 0.072240 0
956007 0.000000 0
956014 0.000000 0
956022 0.137770 0
956029 0.000000 0
956036 0.000000 0
956044 0.146930 0
956053 0.000000 0
956060 0.000000 0
956068 0.099430 0
956074 0.000000 0
956082 0.000000 0
956089 0.048160 0
956098 0.000000 0
956106 0.000000 0
956113 0.067080 0
956119 0.000000 0
956126 0.000000 0
956134 0.068540 0
956142 0.000000 0
956150 0.000000 0
956157 0.063830 0
956165 0.000000 0
956172 0.000000 0
956180 0.052110 0
956187 0.000000 0
956194 0.000000 0
956202 0.044010 0
956210 0.000000 0
956218 0.000000 0
956225 0.020290 0
956232 0.000000 0
956240 0.000000 0
956247 0.036420 0
956255 0.000000 0
956262 0.000000 0
956270 0.037460 0
956276 0.000000 0
956284 0.000000 0
956291 0.041890 0
956299 0.000000 0
956306 0.000000 0
956314 0.036850 0
956321 0.000000 0
956328 0.000000 0
956336 0.036220 0
956344 0.000000 0
956352 0.000000 0
956359 0.081280 0
956366 0.000000 0
956374 0.000000 0
956381 0.080810 0
956389 0.000000 0
956396 0.000000 0
956404 0.039060 0
956411 0.000000 0
956418 0.000000 0
956426 0.026780 0
956435 0.000000 0
956442 0.000000 0
956450 0.016570 0
956456 0.000000 0
956464 0.000000 0
956471 0.022430 0
956479 0.000000 0
956486 0.000000 0
956494 0.018310 0
956501 0.000000 0
956508 0.000000 0
956516 0.035800 0
956524 0.000000 0
956532 0.000000 0
956539 0.022770 0
956546 0.000000 0
956554 0.000000 0
956561 0.037260 0
956570 0.000000 0
956578 0.000000 0
956585 0.035370 0
956591 0.000000 0
956598 0.000000 0
956606 0.027620 0
956614 0.000000 0
956622 0.000000 0
956629 0.051070 0
956636 0.000000 0
956644 0.000000 0
956651 0.047520 0
956659 0.000000 0
956666 0.000000 0
956674 0.035160 0
956682 0.000000 0
956690 0.000000 0
956697 0.037870 0
956704 0.000000 0
956712 0.000000 0
956719 0.031720 0
956727 0.000000 0
956734 0.000000 0
956742 0.034710 0
956749 0.000000 0
956756 0.000000 0
956764 0.046220 0
956772 0.000000 0
956780 0.000000 0
956787 0.055920 0
956794 0.000000 0
956802 0.000000 0
956809 0.065930 0
956816 0.000000 0
956824 0.000000 0
956831 0.056200 0
956838 0.000000 0
956846 0.000000 0
956853 0.050920 0
956861 0.000000 0
956868 0.000000 0
956876 0.026200 0
956884 0.000000 0
956892 0.000000 0
956899 0.053970 0
956906 0.000000 0
956914 0.000000 0
956921 0.063580 0
956929 0.000000 0
956936 0.000000 0
956944 0.062120 0
956951 0.000000 0
956958 0.000000 0
956966 0.070740 0
956973 0.000000 0
956980 0.000000 0
956988 0.083860 0
956996 0.000000 0
957004 0.000000 0
957011 0.071270 0
957018 0.000000 0
957026 0.000000 0
957033 0.074420 0
957043 0.000000 0
957050 0.000000 0
957058 0.060500 0
957063 0.000000 0
957070 0.000000 0
957078 0.066060 0
957088 0.000000 0
957096 0.000000 0
957103 0.067870 0
957109 0.000000 0
957116 0.000000 0
957124 0.055240 0
957132 0.000000 0
957140 0.000000 0
957147 0.040770 0
957155 0.000000 0
957162 0.000000 0
957170 0.049710 0
957176 0.000000 0
957184 0.000000 0
957191 0.046050 0
957200 0.000000 0
957208 0.000000 0
957215 0.040210 0
957222 0.000000 0
957230 0.000000 0
957237 0.050480 0
957245 0.000000 0
957252 0.000000 0
957260 0.045550 0
957267 0.000000 0
957274 0.000000 0
957282 0.040210 0
957290 0.000000 0
957298 0.000000 0
957305 0.033140 0
957312 0.000000 0
957320 0.000000 0
957327 0.052260 0
957334 0.000000 0
957342 0.000000 0
957349 0.040020 0
957356 0.000000 0
957364 0.000000 0
957371 0.039830 0
957379 0.000000 0
957386 0.000000 0
957394 0.034040 0
957401 0.000000 0
957408 0.000000 0
957416 0.058720 0
957424 0.000000 0
957432 0.000000 0
957439 0.060500 0
957446 0.000000 0
957454 0.000000 0
957461 0.046220 0
957469 0.000000 0
957476 0.000000 0
957484 0.047350 0
957491 0.000000 0
957498 0.000000 0
957506 0.049560 0
957514 0.000000 0
957522 0.000000 0
957529 0.047990 0
957536 0.000000 0
957544 0.000000 0
957551 0.033370 0
957559 0.000000 0
957566 0.000000 0
957574 0.025310 0
957581 0.000000 0
957588 0.000000 0
957596 0.036010 0
957604 0.000000 0
957612 0.000000 0
957619 0.060000 0
957626 0.000000 0
957634 0.000000 0
957641 0.066640 0
957649 0.000000 0
957656 0.000000 0
957664 0.060380 0
957671 0.000000 0
957678 0.000000 0
957686 0.044360 0
957694 0.000000 0
957702 0.000000 0
957709 0.046220 0
957716 0.000000 0
957724 0.000000 0
957731 0.067430 0
957739 0.000000 0
957746 0.000000 0
957754 0.073380 0
957761 0.000000 0
957768 0.000000 0
957776 0.048630 1
957784 0.000000 0
957792 0.000000 0
957799 0.032440 1
957808 0.000000 0
957816 0.000000 0
957823 0.070310 1
957830 0.000000 0
957838 0.000000 0
957845 0.067430 1
957852 0.000000 0
957860 0.000000 0
957867 0.055100 1
957874 0.000000 0
957882 0.000000 0
957889 0.046710 1
957897 0.000000 0
957904 0.000000 0
957912 0.036220 1
957919 0.000000 0
957926 0.000000 0
957934 0.042070 1
957942 0.000000 0
957950 0.000000 0
957957 0.053560 1
957964 0.000000 0
957972 0.000000 0
957979 0.046050 1
957987 0.000000 0
957994 0.000000 0
958002 0.042600 1
958010 0.000000 0
958018 0.000000 0
958025 0.036420 1
958032 0.000000 0
958040 0.000000 0
958047 0.031720 1
958055 0.000000 0
958062 0.000000 0
958070 0.039830 1
958076 0.000000 0
958084 0.000000 0
958091 0.042070 1
958098 0.000000 0
958106 0.000000 0
958113 0.042250 1
958122 0.000000 0
958130 0.000000 0
958137 0.045040 1
958143 0.000000 0
958150 0.000000 0
958158 0.035370 1
958166 0.000000 0
958174 0.000000 0
958181 0.045880 1
958188 0.000000 0
958196 0.000000 0
958203 0.037050 1
958211 0.000000 0
958218 0.000000 0
958226 0.053120 1
958234 0.000000 0
958242 0.000000 0
958249 0.062610 1
958256 0.000000 0
958264 0.000000 0
958271 0.054120 1
958279 0.000000 0
958286 0.000000 0
958294 0.058980 1
958301 0.000000 0
958308 0.000000 0
958316 0.068540 1
958324 0.000000 0
958332 0.000000 0
958339 0.065710 1
958346 0.000000 0
958354 0.000000 0
958361 0.048160 1
958369 0.000000 0
958376 0.000000 0
958384 0.044190 1
958391 0.000000 0
958398 0.000000 0
958406 0.055370 1
958414 0.000000 0
958422 0.000000 0
958429 0.062500 1
958437 0.000000 0
958444 0.000000 0
958452 0.060760 1
958459 0.000000 0
958466 0.000000 0
958474 0.036640 1
958481 0.000000 0
958488 0.000000 0
958496 0.034710 1
958504 0.000000 0
958512 0.000000 0
958519 0.044710 1
958526 0.000000 0
958534 0.000000 0
958541 0.051670 1
958549 0.000000 0
958556 0.000000 0
958564 0.058980 1
958571 0.000000 0
958578 0.000000 0
958586 0.060380 1
958594 0.000000 0
958602 0.000000 0
958609 0.034930 1
958618 0.000000 0
958626 0.000000 0
958633 0.037260 1
958639 0.000000 0
958646 0.000000 0
958654 0.034930 1
958663 0.000000 0
958670 0.000000 0
958678 0.047350 1
958684 0.000000 0
958692 0.000000 0
958699 0.066510 1
958707 0.000000 0
958714 0.000000 0
958722 0.086380 1
958730 0.000000 0
958738 0.000000 0
958745 0.082120 1
958753 0.000000 0
958760 0.000000 0
958768 0.045720 1
958774 0.000000 0
958782 0.000000 0
958789 0.024380 1
958797 0.000000 0
958804 0.000000 0
958812 0.022770 1
958819 0.000000 0
958826 0.000000 0
958834 0.025010 1
958842 0.000000 0
958850 0.000000 0
958857 0.034040 1
958864 0.000000 0
958872 0.000000 0
958879 0.049090 1
958887 0.000000 0
958894 0.000000 0
958902 0.035580 1
958910 0.000000 0
958918 0.000000 0
958925 0.045380 1
958932 0.000000 0
958940 0.000000 0
958947 0.054960 1
958955 0.000000 0
958962 0.000000 0
958970 0.058850 1
958977 0.000000 0
958984 0.000000 0
958992 0.054400 1
959000 0.000000 0
959008 0.000000 0
959015 0.043490 1
959022 0.000000 0
959030 0.000000 0
959037 0.045380 1
959044 0.000000 0
959052 0.000000 0
959059 0.038470 1
959066 0.000000 0
959074 0.000000 0
959081 0.048160 1
959089 0.000000 0
959096 0.000000 0
959104 0.058200 1
959111 0.000000 0
959118 0.000000 0
959126 0.055920 1
959134 0.000000 0
959142 0.000000 0
959149 0.057270 1
959156 0.000000 0
959164 0.000000 0
959171 0.058720 1
959180 0.000000 0
959188 0.000000 0
959195 0.041890 1
959201 0.000000 0
959208 0.000000 0
959216 0.052980 1
959224 0.000000 0
959232 0.000000 0
959239 0.050780 1
959246 0.000000 0
959254 0.000000 0
959261 0.043490 1
959269 0.000000 0
959276 0.000000 0
959284 0.046710 1
959291 0.000000 0
959298 0.000000 0
959306 0.043490 1
959314 0.000000 0
959322 0.000000 0
959329 0.036010 1
959336 0.000000 0
959344 0.000000 0
959351 0.040210 1
959359 0.000000 0
959366 0.000000 0
959374 0.040770 1
959382 0.000000 0
959390 0.000000 0
959397 0.046370 1
959404 0.000000 0
959412 0.000000 0
959419 0.051960 1
959428 0.000000 0
959436 0.000000 0
959443 0.053560 1
959449 0.000000 0
959456 0.000000 0
959464 0.059880 1
959472 0.000000 0
959480 0.000000 0
959487 0.066970 1
959494 0.000000 0
959502 0.000000 0
959509 0.058060 1
959518 0.000000 0
959526 0.000000 0
959533 0.048160 1
959539 0.000000 0
959546 0.000000 0
959554 0.036010 1
959562 0.000000 0
959570 0.000000 0
959577 0.030990 1
959584 0.000000 0
959592 0.000000 0
959599 0.037870 1
959608 0.000000 0
959616 0.000000 0
959623 0.033600 1
959629 0.000000 0
959636 0.000000 0
959644 0.026490 1
959653 0.000000 0
959660 0.000000 0
959668 0.027620 1
959674 0.000000 0
959682 0.000000 0
959689 0.032910 1
959697 0.000000 0
959704 0.000000 0
959712 0.045550 1
959720 0.000000 0
959728 0.000000 0
959735 0.048780 1
959742 0.000000 0
959750 0.000000 0
959757 0.048460 1
959765 0.000000 0
959772 0.000000 0
959780 0.039640 1
959787 0.000000 0
959794 0.000000 0
959802 0.031720 1
959810 0.000000 0
959818 0.000000 0
959825 0.030000 1
959832 0.000000 0
959840 0.000000 0
959847 0.045380 1
959855 0.000000 0
959862 0.000000 0
959870 0.038070 1
959876 0.000000 0
959884 0.000000 0
959891 0.044010 1
959900 0.000000 0
959908 0.000000 0
959915 0.048940 1
959921 0.000000 0
959928 0.000000 0
959936 0.036850 1
959944 0.000000 0
959952 0.000000 0
959959 0.032670 1
959966 0.000000 0
959974 0.000000 0
959981 0.032670 1
959989 0.000000 0
959996 0.000000 0
960004 0.035800 1
960011 0.000000 0
960018 0.000000 0
960026 0.048310 1
960034 0.000000 0
960042 0.000000 0
960049 0.049870 1
960056 0.000000 0
960064 0.000000 0
960071 0.054260 1
960079 0.000000 0
960086 0.000000 0
960094 0.052690 1
960101 0.000000 0
960108 0.000000 0
960116 0.041340 1
960124 0.000000 0
960132 0.000000 0
960139 0.041700 1
960148 0.000000 0
960156 0.000000 0
960163 0.040770 1
960169 0.000000 0
960176 0.000000 0
960184 0.048940 1
960193 0.000000 0
960200 0.000000 0
960208 0.053410 1
960214 0.000000 0
960222 0.000000 0
960229 0.060880 1
960237 0.000000 0
960244 0.000000 0
960252 0.061880 1
960259 0.000000 0
960266 0.000000 0
960274 0.053120 1
960282 0.000000 0
960290 0.000000 0
960297 0.041890 1
960304 0.000000 0
960312 0.000000 0
960319 0.033600 1
960327 0.000000 0
960334 0.000000 0
960342 0.034040 1
960349 0.000000 0
960356 0.000000 0
960364 0.052840 1
960372 0.000000 0
960380 0.000000 0
960387 0.054960 1
960394 0.000000 0
960402 0.000000 0
960409 0.060640 1
960417 0.000000 0
960424 0.000000 0
960432 0.074420 1
960440 0.000000 0
960448 0.000000 0
960455 0.066870 1
960462 0.000000 0
960470 0.000000 0
960477 0.030500 1
960485 0.000000 0
960492 0.000000 0
960500 0.020290 1
960507 0.000000 0
960514 0.000000 0
960522 0.029220 1
960529 0.000000 0
960536 0.000000 0
960544 0.024700 1
960551 0.000000 0
960558 0.000000 0
960566 0.023760 1
960574 0.000000 0
960582 0.000000 0
960589 0.029480 1
960596 0.000000 0
960604 0.000000 0
960611 0.041890 1
960619 0.000000 0
960626 0.000000 0
960634 0.068440 1
960641 0.000000 0
960648 0.000000 0
960656 0.066870 1
960664 0.000000 0
960672 0.000000 0
960679 0.043140 1
960686 0.000000 0
960694 0.000000 0
960701 0.040020 1
960710 0.000000 0
960718 0.000000 0
960725 0.056730 1
960731 0.000000 0
960738 0.000000 0
960746 0.057800 1
960754 0.000000 0
960762 0.000000 0
960769 0.052110 1
960776 0.000000 0
960784 0.000000 0
960791 0.049410 1
960799 0.000000 0
960806 0.000000 0
960814 0.041700 1
960822 0.000000 0
960830 0.000000 0
960837 0.051960 1
960844 0.000000 0
960852 0.000000 0
960859 0.040960 1
960868 0.000000 0
960876 0.000000 0
960883 0.036010 1
960889 0.000000 0
960896 0.000000 0
960904 0.031970 1
960913 0.000000 0
960920 0.000000 0
960928 0.045210 1
960934 0.000000 0
960942 0.000000 0
960949 0.063220 1
960957 0.000000 0
960964 0.000000 0
960972 0.059620 1
960979 0.000000 0
960986 0.000000 0
960994 0.058980 1
961002 0.000000 0
961010 0.000000 0
961017 0.042970 1
961024 0.000000 0
961032 0.000000 0
961039 0.052980 1
961047 0.000000 0
961054 0.000000 0
961062 0.052110 1
961070 0.000000 0
961078 0.000000 0
961085 0.045210 1
961092 0.000000 0
961100 0.000000 0
961107 0.045550 1
961115 0.000000 0
961122 0.000000 0
961130 0.043320 1
961137 0.000000 0
961144 0.000000 0
961152 0.037260 1
961160 0.000000 0
961168 0.000000 0
961175 0.036010 1
961181 0.000000 0
961188 0.000000 0
961196 0.037260 1
961205 0.000000 0
961212 0.000000 0
961220 0.043320 1
961226 0.000000 0
961234 0.000000 0
961241 0.047990 1
961250 0.000000 0
961258 0.000000 0
961265 0.045880 1
961271 0.000000 0
961278 0.000000 0
961286 0.050170 1
961295 0.000000 0
961302 0.000000 0
961310 0.047670 1
961316 0.000000 0
961324 0.000000 0
961331 0.048780 1
961339 0.000000 0
961346 0.000000 0
961354 0.048460 1
961361 0.000000 0
961368 0.000000 0
961376 0.050320 1
961384 0.000000 0
961392 0.000000 0
961399 0.049410 1
961406 0.000000 0
961414 0.000000 0
961421 0.053700 1
961429 0.000000 0
961436 0.000000 0
961444 0.052550 1
961452 0.000000 0
961460 0.000000 0
961467 0.058720 1
961474 0.000000 0
961482 0.000000 0
961489 0.048160 1
961498 0.000000 0
961506 0.000000 0
961513 0.064770 1
961519 0.000000 0
961526 0.000000 0
961534 0.058980 1
961543 0.000000 0
961550 0.000000 0
961558 0.063220 1
961564 0.000000 0
961572 0.000000 0
961579 0.054830 1
961587 0.000000 0
961594 0.000000 0
961602 0.057130 1
961609 0.000000 0
961616 0.000000 0
961624 0.061390 1
961632 0.000000 0
961640 0.000000 0
961647 0.042070 1
961654 0.000000 0
961662 0.000000 0
961669 0.035800 1
961678 0.000000 0
961686 0.000000 0
961693 0.035160 1
961699 0.000000 0
961706 0.000000 0
961714 0.045880 1
961722 0.000000 0
961730 0.000000 0
961737 0.036420 1
961745 0.000000 0
961752 0.000000 0
961760 0.035580 1
961767 0.000000 0
961774 0.000000 0
961782 0.050480 1
961790 0.000000 0
961798 0.000000 0
961805 0.047840 1
961812 0.000000 0
961820 0.000000 0
961827 0.051960 1
961835 0.000000 0
961842 0.000000 0
961850 0.036220 1
961857 0.000000 0
961864 0.000000 0
961872 0.053270 1
961879 0.000000 0
961886 0.000000 0
961894 0.047990 1
961901 0.000000 0
961908 0.000000 0
961916 0.050630 1
961924 0.000000 0
961932 0.000000 0
961939 0.037050 1
961946 0.000000 0
961954 0.000000 0
961961 0.041890 1
961970 0.000000 0
961978 0.000000 0
961985 0.050170 1
961992 0.000000 0
962000 0.000000 0
962007 0.058460 1
962014 0.000000 0
962022 0.000000 0
962029 0.069320 1
962036 0.000000 0
962044 0.000000 0
962051 0.059100 1
962059 0.000000 0
962066 0.000000 0
962074 0.064880 1
962081 0.000000 0
962088 0.000000 0
962096 0.066410 1
962105 0.000000 0
962112 0.000000 0
962120 0.048630 1
962126 0.000000 0
962134 0.000000 0
962141 0.047030 1
962149 0.000000 0
962156 0.000000 0
962164 0.050320 1
962172 0.000000 0
962180 0.000000 0
962187 0.045720 1
962194 0.000000 0
962202 0.000000 0
962209 0.048310 1
962218 0.000000 0
962226 0.000000 0
962233 0.051510 1
962239 0.000000 0
962246 0.000000 0
962254 0.047840 1
962263 0.000000 0
962270 0.000000 0
962278 0.046880 1
962284 0.000000 0
962292 0.000000 0
962299 0.039060 1
962307 0.000000 0
962314 0.000000 0
962322 0.033140 1
962329 0.000000 0
962336 0.000000 0
962344 0.043840 1
962352 0.000000 0
962360 0.000000 0
962367 0.042250 1
962374 0.000000 0
962382 0.000000 0
962389 0.038270 1
962397 0.000000 0
962404 0.000000 0
962412 0.039830 1
962420 0.000000 0
962428 0.000000 0
962435 0.051510 1
962442 0.000000 0
962450 0.000000 0
962457 0.060640 1
962465 0.000000 0
962472 0.000000 0
962480 0.060140 1
962487 0.000000 0
962494 0.000000 0
962502 0.057540 1
962510 0.000000 0
962518 0.000000 0
962525 0.060880 1
962532 0.000000 0
962540 0.000000 0
962547 0.068670 1
962554 0.000000 0
962562 0.000000 0
962569 0.061880 1
962576 0.000000 0
962584 0.000000 0
962591 0.047350 1
962599 0.000000 0
962606 0.000000 0
962614 0.044880 1
962621 0.000000 0
962628 0.000000 0
962636 0.054960 1
962645 0.000000 0
962652 0.000000 0
962660 0.077730 1
962666 0.000000 0
962674 0.000000 0
962681 0.063710 1
962689 0.000000 0
962696 0.000000 0
962704 0.044710 1
962711 0.000000 0
962718 0.000000 0
962726 0.033600 1
962735 0.000000 0
962742 0.000000 0
962750 0.032910 1
962756 0.000000 0
962764 0.000000 0
962771 0.031250 1
962779 0.000000 0
962786 0.000000 0
962794 0.038670 1
962801 0.000000 0
962808 0.000000 0
962816 0.041340 1
962824 0.000000 0
962832 0.000000 0
962839 0.043840 1
962848 0.000000 0
962856 0.000000 0
962863 0.067430 1
962869 0.000000 0
962876 0.000000 0
962884 0.104300 1
962893 0.000000 0
962900 0.000000 0
962908 0.105610 1
962914 0.000000 0
962922 0.000000 0
962929 0.075840 1
962938 0.000000 0
962946 0.000000 0
962953 0.052110 1
962959 0.000000 0
962966 0.000000 0
962974 0.027890 1
962982 0.000000 0
962990 0.000000 0
962997 0.021740 1
963004 0.000000 0
963012 0.000000 0
963019 0.038470 1
963027 0.000000 0
963034 0.000000 0
963042 0.043320 1
963050 0.000000 0
963058 0.000000 0
963065 0.053120 1
963072 0.000000 0
963080 0.000000 0
963087 0.047030 1
963095 0.000000 0
963102 0.000000 0
963110 0.046880 1
963117 0.000000 0
963124 0.000000 0
963132 0.059100 1
963140 0.000000 0
963148 0.000000 0
963155 0.076840 1
963162 0.000000 0
963170 0.000000 0
963177 0.061510 1
963184 0.000000 0
963192 0.000000 0
963199 0.067870 1
963206 0.000000 0
963214 0.000000 0
963221 0.067870 1
963230 0.000000 0
963238 0.000000 0
963245 0.063710 1
963251 0.000000 0
963258 0.000000 0
963266 0.060640 1
963275 0.000000 0
963282 0.000000 0
963290 0.046710 1
963297 0.000000 0
963304 0.000000 0
963312 0.043840 1
963319 0.000000 0
963326 0.000000 0
963334 0.034270 1
963341 0.000000 0
963348 0.000000 0
963356 0.050020 1
963364 0.000000 0
963372 0.000000 0
963379 0.048160 1
963386 0.000000 0
963394 0.000000 0
963401 0.052110 1
963409 0.000000 0
963416 0.000000 0
963424 0.039250 1
963431 0.000000 0
963438 0.000000 0
963446 0.041340 1
963454 0.000000 0
963462 0.000000 0
963469 0.031720 1
963478 0.000000 0
963486 0.000000 0
963493 0.037460 1
963499 0.000000 0
963506 0.000000 0
963514 0.038070 1
963523 0.000000 0
963530 0.000000 0
963538 0.057800 1
963544 0.000000 0
963552 0.000000 0
963559 0.057540 1
963567 0.000000 0
963574 0.000000 0
963582 0.044530 1
963589 0.000000 0
963596 0.000000 0
963604 0.034040 1
963612 0.000000 0
963620 0.000000 0
963627 0.036420 1
963634 0.000000 0
963642 0.000000 0
963649 0.044360 1
963658 0.000000 0
963666 0.000000 0
963673 0.038670 1
963679 0.000000 0
963686 0.000000 0
963694 0.040210 1
963702 0.000000 0
963710 0.000000 0
963717 0.038270 1
963725 0.000000 0
963732 0.000000 0
963740 0.061010 1
963747 0.000000 0
963754 0.000000 0
963762 0.062730 1
963770 0.000000 0
963778 0.000000 0
963785 0.055920 1
963792 0.000000 0
963800 0.000000 0
963807 0.049260 1
963815 0.000000 0
963822 0.000000 0
963830 0.048310 1
963837 0.000000 0
963844 0.000000 0
963852 0.053700 1
963859 0.000000 0
963866 0.000000 0
963874 0.044360 1
963881 0.000000 0
963888 0.000000 0
963896 0.048310 1
963904 0.000000 0
963912 0.000000 0
963919 0.045210 1
963926 0.000000 0
963934 0.000000 0
963941 0.044360 1
963949 0.000000 0
963956 0.000000 0
963964 0.046710 1
963972 0.000000 0
963980 0.000000 0
963987 0.050480 1
963994 0.000000 0
964002 0.000000 0
964009 0.065000 1
964016 0.000000 0
964024 0.000000 0
964031 0.070420 1
964039 0.000000 0
964046 0.000000 0
964054 0.062610 1
964061 0.000000 0
964068 0.000000 0
964076 0.068670 1
964085 0.000000 0
964092 0.000000 0
964100 0.060760 1
964106 0.000000 0
964114 0.000000 0
964121 0.039440 1
964129 0.000000 0
964136 0.000000 0
964144 0.040020 1
964153 0.000000 0
964160 0.000000 0
964168 0.038070 1
964174 0.000000 0
964182 0.000000 0
964189 0.041340 1
964196 0.000000 0
964204 0.000000 0
964211 0.049710 1
964219 0.000000 0
964226 0.000000 0
964234 0.046880 1
964242 0.000000 0
964250 0.000000 0
964257 0.037870 1
964264 0.000000 0
964272 0.000000 0
964279 0.041890 1
964287 0.000000 0
964294 0.000000 0
964302 0.042250 1
964309 0.000000 0
964316 0.000000 0
964324 0.048940 1
964333 0.000000 0
964340 0.000000 0
964348 0.057130 1
964354 0.000000 0
964362 0.000000 0
964369 0.047350 1
964377 0.000000 0
964384 0.000000 0
964392 0.051670 1
964400 0.000000 0
964408 0.000000 0
964415 0.056460 1
964422 0.000000 0
964430 0.000000 0
964437 0.049260 1
964445 0.000000 0
964452 0.000000 0
964460 0.052110 1
964468 0.000000 0
964476 0.000000 0
964483 0.050020 1
964490 0.000000 0
964498 0.000000 0
964505 0.053700 1
964511 0.000000 0
964518 0.000000 0
964526 0.049410 1
964534 0.000000 0
964542 0.000000 0
964549 0.039640 1
964556 0.000000 0
964564 0.000000 0
964571 0.053410 1
964579 0.000000 0
964586 0.000000 0
964594 0.073490 1
964601 0.000000 0
964608 0.000000 0
964616 0.071490 1
964624 0.000000 0
964632 0.000000 0
964639 0.058060 1
964646 0.000000 0
964654 0.000000 0
964661 0.045720 1
964670 0.000000 0
964678 0.000000 0
964685 0.050630 1
964691 0.000000 0
964698 0.000000 0
964706 0.042600 1
964715 0.000000 0
964722 0.000000 0
964730 0.039060 1
964738 0.000000 0
964746 0.000000 0
964753 0.037870 1
964759 0.000000 0
964766 0.000000 0
964774 0.036010 1
964783 0.000000 0
964790 0.000000 0
964798 0.037460 1
964804 0.000000 0
964812 0.000000 0
964819 0.039060 1
964827 0.000000 0
964834 0.000000 0
964842 0.048460 1
964849 0.000000 0
964856 0.000000 0
964864 0.109650 1
964872 0.000000 0
964880 0.000000 0
964887 0.111020 1
964894 0.000000 0
964902 0.000000 0
964909 0.073900 1
964918 0.000000 0
964926 0.000000 0
964933 0.048780 1
964939 0.000000 0
964946 0.000000 0
964954 0.036420 1
964962 0.000000 0
964970 0.000000 0
964977 0.028700 1
964984 0.000000 0
964992 0.000000 0
964999 0.021740 1
965007 0.000000 0
965014 0.000000 0
965022 0.018720 1
965030 0.000000 0
965038 0.000000 0
965045 0.018720 1
965052 0.000000 0
965060 0.000000 0
965067 0.023760 1
965075 0.000000 0
965082 0.000000 0
965090 0.045380 1
965097 0.000000 0
965104 0.000000 0
965112 0.044190 1
965119 0.000000 0
965126 0.000000 0
965134 0.042070 1
965141 0.000000 0
965148 0.000000 0
965156 0.036640 1
965164 0.000000 0
965172 0.000000 0
965179 0.038270 1
965186 0.000000 0
965194 0.000000 0
965201 0.043670 1
965209 0.000000 0
965216 0.000000 0
965224 0.046540 1
965231 0.000000 0
965238 0.000000 0
965246 0.044880 1
965254 0.000000 0
965262 0.000000 0
965269 0.034270 1
965276 0.000000 0
965284 0.000000 0
965291 0.031720 1
965299 0.000000 0
965306 0.000000 0
965314 0.040410 1
965321 0.000000 0
965328 0.000000 0
965336 0.046220 1
965344 0.000000 0
965352 0.000000 0
965359 0.048940 1
965366 0.000000 0
965374 0.000000 0
965381 0.042790 1
965389 0.000000 0
965396 0.000000 0
965404 0.037460 1
965411 0.000000 0
965418 0.000000 0
965426 0.049710 1
965434 0.000000 0
965442 0.000000 0
965449 0.054830 1
965456 0.000000 0
965464 0.000000 0
965471 0.045040 1
965479 0.000000 0
965486 0.000000 0
965494 0.097730 1
965501 0.000000 0
965508 0.000000 0
965516 0.106480 1
965524 0.000000 0
965532 0.000000 0
965539 0.084860 1
965547 0.000000 0
965554 0.000000 0
965562 0.078020 1
965569 0.000000 0
965576 0.000000 0
965584 0.057130 1
965591 0.000000 0
965598 0.000000 0
965606 0.062240 1
965614 0.000000 0
965622 0.000000 0
965629 0.057400 1
965636 0.000000 0
965644 0.000000 0
965651 0.051960 1
965659 0.000000 0
965666 0.000000 0
965674 0.040770 1
965682 0.000000 0
965690 0.000000 0
965697 0.029220 1
965704 0.000000 0
965712 0.000000 0
965719 0.125720 1
965726 0.000000 0
965734 0.000000 0
965741 0.103270 1
965749 0.000000 0
965756 0.000000 0
965764 0.061260 1
965772 0.000000 0
965780 0.000000 0
965787 0.050020 1
965794 0.000000 0
965802 0.000000 0
965809 0.040770 1
965818 0.000000 0
965826 0.000000 0
965833 0.016100 1
965838 0.000000 0
965846 0.000000 0
965853 0.042970 1
965862 0.000000 0
965870 0.000000 0
965877 0.046370 1
965884 0.000000 0
965892 0.000000 0
965899 0.032210 1
965907 0.000000 0
965914 0.000000 0
965922 0.008730 1
965930 0.000000 0
965938 0.000000 0
965945 0.009570 1
965952 0.000000 0
965960 0.000000 0
965967 0.024700 1
965975 0.000000 0
965982 0.000000 0
965990 0.027890 1
965996 0.000000 0
966004 0.000000 0
966011 0.048630 1
966018 0.000000 0
966026 0.000000 0
966033 0.053120 1
966041 0.000000 0
966048 0.000000 0
966056 0.038070 1
966064 0.000000 0
966072 0.000000 0
966079 0.033830 1
966086 0.000000 0
966094 0.000000 0
966101 0.053700 1
966110 0.000000 0
966118 0.000000 0
966125 0.053270 1
966131 0.000000 0
966138 0.000000 0
966146 0.041700 1
966154 0.000000 0
966162 0.000000 0
966169 0.050020 1
966176 0.000000 0
966184 0.000000 0
966191 0.051960 1
966200 0.000000 0
966208 0.000000 0
966215 0.046880 1
966221 0.000000 0
966228 0.000000 0
966236 0.095920 1
966244 0.000000 0
966252 0.000000 0
966259 0.095030 1
966266 0.000000 0
966274 0.000000 0
966281 0.078710 1
966289 0.000000 0
966296 0.000000 0
966304 0.044010 1
966311 0.000000 0
966318 0.000000 0
966326 0.026490 1
966334 0.000000 0
966342 0.000000 0
966349 0.043320 1
966356 0.000000 0
966364 0.000000 0
966371 0.041520 1
966380 0.000000 0
966388 0.000000 0
966395 0.039640 1
966401 0.000000 0
966408 0.000000 0
966416 0.048940 1
966424 0.000000 0
966432 0.000000 0
966439 0.060760 1
966446 0.000000 0
966454 0.000000 0
966461 0.063340 1
966469 0.000000 0
966476 0.000000 0
966484 0.042420 1
966491 0.000000 0
966498 0.000000 0
966506 0.042970 1
966515 0.000000 0
966522 0.000000 0
966530 0.047990 1
966536 0.000000 0
966544 0.000000 0
966551 0.055370 1
966560 0.000000 0
966568 0.000000 0
966575 0.045550 1
966581 0.000000 0
966588 0.000000 0
966596 0.043840 1
966604 0.000000 0
966612 0.000000 0
966619 0.033370 1
966626 0.000000 0
966634 0.000000 0
966641 0.035580 1
966650 0.000000 0
966658 0.000000 0
966665 0.048460 1
966671 0.000000 0
966678 0.000000 0
966686 0.060140 1
966695 0.000000 0
966702 0.000000 0
966710 0.061880 1
966716 0.000000 0
966724 0.000000 0
966731 0.050020 1
966740 0.000000 0
966748 0.000000 0
966755 0.047200 1
966761 0.000000 0
966768 0.000000 0
966776 0.046370 1
966784 0.000000 0
966792 0.000000 0
966799 0.043320 1
966807 0.000000 0
966814 0.000000 0
966822 0.030500 1
966829 0.000000 0
966836 0.000000 0
966844 0.027050 1
966852 0.000000 0
966860 0.000000 0
966867 0.016570 1
966874 0.000000 0
966882 0.000000 0
966889 0.026200 1
966896 0.000000 0
966904 0.000000 0
966911 0.031720 1
966919 0.000000 0
966926 0.000000 0
966934 0.036010 1
966941 0.000000 0
966948 0.000000 0
966956 0.042970 1
966964 0.000000 0
966972 0.000000 0
966979 0.051380 1
966986 0.000000 0
966994 0.000000 0
967001 0.053270 1
967009 0.000000 0
967016 0.000000 0
967024 0.043490 1
967031 0.000000 0
967038 0.000000 0
967046 0.042420 1
967054 0.000000 0
967062 0.000000 0
967069 0.044190 1
967076 0.000000 0
967084 0.000000 0
967091 0.048460 1
967099 0.000000 0
967106 0.000000 0
967114 0.042070 1
967121 0.000000 0
967128 0.000000 0
967136 0.041700 1
967144 0.000000 0
967152 0.000000 0
967159 0.057400 1
967166 0.000000 0
967174 0.000000 0
967181 0.055370 1
967189 0.000000 0
967196 0.000000 0
967204 0.067770 1
967211 0.000000 0
967218 0.000000 0
967226 0.062610 1
967234 0.000000 0
967242 0.000000 0
967249 0.049710 1
967256 0.000000 0
967264 0.000000 0
967271 0.053700 1
967279 0.000000 0
967286 0.000000 0
967294 0.045040 1
967303 0.000000 0
967310 0.000000 0
967318 0.048160 1
967324 0.000000 0
967332 0.000000 0
967339 0.040960 1
967347 0.000000 0
967354 0.000000 0
967362 0.050630 1
967369 0.000000 0
967376 0.000000 0
967384 0.047030 1
967393 0.000000 0
967400 0.000000 0
967408 0.041890 1
967415 0.000000 0
967422 0.000000 0
967430 0.037050 1
967437 0.000000 0
967444 0.000000 0
967452 0.028170 1
967460 0.000000 0
967468 0.000000 0
967475 0.039830 1
967481 0.000000 0
967488 0.000000 0
967496 0.065930 1
967505 0.000000 0
967512 0.000000 0
967520 0.093250 1
967526 0.000000 0
967534 0.000000 0
967541 0.089490 1
967549 0.000000 0
967556 0.000000 0
967564 0.068670 1
967571 0.000000 0
967578 0.000000 0
967586 0.055100 1
967594 0.000000 0
967602 0.000000 0
967609 0.031720 1
967616 0.000000 0
967624 0.000000 0
967631 0.041150 1
967639 0.000000 0
967646 0.000000 0
967654 0.035160 1
967662 0.000000 0
967670 0.000000 0
967677 0.042420 1
967684 0.000000 0
967692 0.000000 0
967699 0.050920 1
967706 0.000000 0
967714 0.000000 0
967721 0.039250 1
967729 0.000000 0
967736 0.000000 0
967744 0.038070 1
967752 0.000000 0
967760 0.000000 0
967767 0.049560 1
967775 0.000000 0
967782 0.000000 0
967790 0.042970 1
967797 0.000000 0
967804 0.000000 0
967812 0.056870 1
967819 0.000000 0
967826 0.000000 0
967834 0.066060 1
967842 0.000000 0
967850 0.000000 0
967857 0.181030 0
967864 0.000000 0
967872 0.000000 0
967879 0.221320 0
967886 0.000000 0
967894 0.000000 0
967901 0.160050 0
967909 0.000000 0
967916 0.000000 0
967924 0.062360 0
967931 0.000000 0
967938 0.000000 0
967946 0.033600 0
967954 0.000000 0
967962 0.000000 0
967969 0.024080 0
967976 0.000000 0
967984 0.000000 0
967991 0.015120 0
968000 0.000000 0
968008 0.000000 0
968015 0.012950 0
968023 0.000000 0
968030 0.000000 0
968038 0.012950 0
968044 0.000000 0
968052 0.000000 0
968059 0.017010 0
968068 0.000000 0
968076 0.000000 0
968083 0.032440 0
968089 0.000000 0
968096 0.000000 0
968104 0.053970 0
968113 0.000000 0
968120 0.000000 0
968128 0.059880 0
968134 0.000000 0
968142 0.000000 0
968149 0.044880 0
968158 0.000000 0
968166 0.000000 0
968173 0.028700 0
968179 0.000000 0
968186 0.000000 0
968194 0.031250 0
968203 0.000000 0
968210 0.000000 0
968218 0.011050 0
968225 0.000000 0
968232 0.000000 0
968240 0.013520 0
968246 0.000000 0
968254 0.000000 0
968261 0.015630 0
968270 0.000000 0
968278 0.000000 0
968285 0.020660 0
968291 0.000000 0
968298 0.000000 0
968306 0.026490 0
968315 0.000000 0
968322 0.000000 0
968330 0.033600 0
968336 0.000000 0
968344 0.000000 0
968351 0.030240 0
968359 0.000000 0
968366 0.000000 0
968374 0.043840 0
968381 0.000000 0
968388 0.000000 0
968396 0.049560 0
968405 0.000000 0
968412 0.000000 0
968420 0.138260 0
968426 0.000000 0
968434 0.000000 0
968441 0.205250 0
968449 0.000000 0
968456 0.000000 0
968464 0.168920 0
968471 0.000000 0
968478 0.000000 0
968486 0.104810 0
968494 0.000000 0
968502 0.000000 0
968509 0.057800 0
968516 0.000000 0
968524 0.000000 0
968531 0.036640 0
968539 0.000000 0
968546 0.000000 0
968554 0.020660 0
968561 0.000000 0
968568 0.000000 0
968576 0.018720 0
968584 0.000000 0
968592 0.000000 0
968599 0.021740 0
968606 0.000000 0
968614 0.000000 0
968621 0.025910 0
968629 0.000000 0
968636 0.000000 0
968644 0.023440 0
968651 0.000000 0
968658 0.000000 0
968666 0.019130 0
968674 0.000000 0
968682 0.000000 0
968689 0.033140 0
968697 0.000000 0
968704 0.000000 0
968712 0.022770 0
968719 0.000000 0
968726 0.000000 0
968734 0.026200 0
968741 0.000000 0
968748 0.000000 0
968756 0.025310 0
968764 0.000000 0
968772 0.000000 0
968779 0.034270 0
968786 0.000000 0
968794 0.000000 0
968801 0.029740 0
968809 0.000000 0
968816 0.000000 0
968824 0.030240 0
968832 0.000000 0
968840 0.000000 0
968847 0.032910 0
968854 0.000000 0
968862 0.000000 0
968869 0.033370 0
968877 0.000000 0
968884 0.000000 0
968892 0.039830 0
968899 0.000000 0
968906 0.000000 0
968914 0.042790 0
968923 0.000000 0
968930 0.000000 0
968938 0.047840 0
968944 0.000000 0
968952 0.000000 0
968959 0.051070 0
968967 0.000000 0
968974 0.000000 0
968982 0.048310 0
968989 0.000000 0
968996 0.000000 0
969004 0.048460 0
969012 0.000000 0
969020 0.000000 0
969027 0.039830 0
969034 0.000000 0
969042 0.000000 0
969049 0.041150 0
969057 0.000000 0
969064 0.000000 0
969072 0.039250 0
969078 0.000000 0
969086 0.000000 0
969093 0.046710 0
969102 0.000000 0
969110 0.000000 0
969117 0.041150 0
969124 0.000000 0
969132 0.000000 0
969139 0.044010 0
969147 0.000000 0
969154 0.000000 0
969162 0.045210 0
969169 0.000000 0
969176 0.000000 0
969184 0.052840 0
969192 0.000000 0
969200 0.000000 0
969207 0.054120 0
969213 0.000000 0
969220 0.000000 0
969228 0.053830 0
969237 0.000000 0
969244 0.000000 0
969252 0.067430 0
969259 0.000000 0
969266 0.000000 0
969274 0.056870 0
969282 0.000000 0
969290 0.000000 0
969297 0.053120 0
969304 0.000000 0
969312 0.000000 0
969319 0.048310 0
969327 0.000000 0
969334 0.000000 0
969342 0.062500 0
969349 0.000000 0
969356 0.000000 0
969364 0.059360 0
969372 0.000000 0
969380 0.000000 0
969387 0.067870 0
969394 0.000000 0
969402 0.000000 0
969409 0.069870 0
969418 0.000000 0
969426 0.000000 0
969433 0.069540 0
969439 0.000000 0
969446 0.000000 0
969454 0.059100 0
969463 0.000000 0
969470 0.000000 0
969478 0.054960 0
969484 0.000000 0
969492 0.000000 0
969499 0.042420 0
969506 0.000000 0
969514 0.000000 0
969521 0.035800 0
969528 0.000000 0
969536 0.000000 0
969543 0.052260 0
969551 0.000000 0
969558 0.000000 0
969566 0.059360 0
969575 0.000000 0
969582 0.000000 0
969590 0.053560 0
969596 0.000000 0
969604 0.000000 0
969611 0.050780 0
969619 0.000000 0
969626 0.000000 0
969634 0.056200 0
969641 0.000000 0
969648 0.000000 0
969656 0.034930 0
969664 0.000000 0
969672 0.000000 0
969679 0.061880 0
969686 0.000000 0
969694 0.000000 0
969701 0.048630 0
969710 0.000000 0
969718 0.000000 0
969725 0.038470 0
969731 0.000000 0
969738 0.000000 0
969746 0.041890 0
969754 0.000000 0
969762 0.000000 0
969769 0.055510 0
969777 0.000000 0
969784 0.000000 0
969792 0.067870 0
969799 0.000000 0
969806 0.000000 0
969814 0.056060 0
969823 0.000000 0
969830 0.000000 0
969838 0.041520 0
969844 0.000000 0
969852 0.000000 0
969859 0.039640 0
969868 0.000000 0
969876 0.000000 0
969883 0.040590 0
969890 0.000000 0
969898 0.000000 0
969905 0.043490 0
969912 0.000000 0
969920 0.000000 0
969927 0.052980 0
969935 0.000000 0
969942 0.000000 0
969950 0.051670 0
969957 0.000000 0
969964 0.000000 0
969972 0.040770 0
969979 0.000000 0
969986 0.000000 0
969994 0.039060 0
970002 0.000000 0
970010 0.000000 0
970017 0.047840 0
970024 0.000000 0
970032 0.000000 0
970039 0.051380 0
970046 0.000000 0
970054 0.000000 0
970061 0.046880 0
970069 0.000000 0
970076 0.000000 0
970084 0.048630 0
970091 0.000000 0
970098 0.000000 0
970106 0.048160 0
970114 0.000000 0
970122 0.000000 0
970129 0.068990 0
970137 0.000000 0
970144 0.000000 0
970152 0.077130 0
970159 0.000000 0
970166 0.000000 0
970174 0.059620 0
970182 0.000000 0
970190 0.000000 0
970197 0.048310 0
970204 0.000000 0
970212 0.000000 0
970219 0.042790 0
970228 0.000000 0
970236 0.000000 0
970243 0.039060 0
970249 0.000000 0
970256 0.000000 0
970264 0.046370 0
970272 0.000000 0
970280 0.000000 0
970287 0.046370 0
970295 0.000000 0
970302 0.000000 0
970310 0.041890 0
970317 0.000000 0
970324 0.000000 0
970332 0.040960 0
970340 0.000000 0
970348 0.000000 0
970355 0.060380 0
970362 0.000000 0
970370 0.000000 0
970377 0.065250 0
970384 0.000000 0
970392 0.000000 0
970399 0.059100 0
970407 0.000000 0
970414 0.000000 0
970422 0.047350 0
970429 0.000000 0
970436 0.000000 0
970444 0.044710 0
970451 0.000000 0
970458 0.000000 0
970466 0.047200 0
970474 0.000000 0
970482 0.000000 0
970489 0.045550 0
970496 0.000000 0
970504 0.000000 0
970511 0.037660 0
970519 0.000000 0
970526 0.000000 0
970534 0.049870 0
970542 0.000000 0
970550 0.000000 0
970557 0.049560 0
970564 0.000000 0
970572 0.000000 0
970579 0.060380 0
970587 0.000000 0
970594 0.000000 0
970602 0.068880 0
970609 0.000000 0
970616 0.000000 0
970624 0.077820 0
970631 0.000000 0
970638 0.000000 0
970646 0.071170 0
970654 0.000000 0
970662 0.000000 0
970669 0.053700 0
970676 0.000000 0
970684 0.000000 0
970691 0.059880 0
970699 0.000000 0
970706 0.000000 0
970714 0.052980 0
970722 0.000000 0
970730 0.000000 0
970737 0.052550 0
970744 0.000000 0
970752 0.000000 0
970759 0.054690 0
970766 0.000000 0
970774 0.000000 0
970781 0.072540 0
970789 0.000000 0
970796 0.000000 0
970804 0.088120 0
970811 0.000000 0
970818 0.000000 0
970826 0.059240 0
970833 0.000000 0
970840 0.000000 0
970848 0.056060 0
970856 0.000000 0
970864 0.000000 0
970871 0.053700 0
970880 0.000000 0
970888 0.000000 0
970895 0.046220 0
970902 0.000000 0
970910 0.000000 0
970917 0.037660 0
970925 0.000000 0
970932 0.000000 0
970940 0.038270 0
970947 0.000000 0
970954 0.000000 0
970962 0.059100 0
970970 0.000000 0
970978 0.000000 0
970985 0.077730 0
970991 0.000000 0
970998 0.000000 0
971006 0.079850 0
971014 0.000000 0
971022 0.000000 0
971029 0.106480 0
971036 0.000000 0
971044 0.000000 0
971051 0.127110 0
971059 0.000000 0
971066 0.000000 0
971074 0.114410 0
971081 0.000000 0
971088 0.000000 0
971096 0.063940 0
971105 0.000000 0
971112 0.000000 0
971120 0.102680 1
971128 0.000000 0
971136 0.000000 0
971143 0.153290 1
971149 0.000000 0
971156 0.000000 0
971164 0.142460 1
971173 0.000000 0
971180 0.000000 0
971188 0.085480 1
971194 0.000000 0
971202 0.000000 0
971209 0.043670 1
971218 0.000000 0
971226 0.000000 0
971233 0.038270 1
971239 0.000000 0
971246 0.000000 0
971254 0.044880 1
971262 0.000000 0
971270 0.000000 0
971277 0.045040 1
971284 0.000000 0
971292 0.000000 0
971299 0.036850 1
971307 0.000000 0
971314 0.000000 0
971322 0.039640 1
971329 0.000000 0
971336 0.000000 0
971344 0.046540 1
971353 0.000000 0
971360 0.000000 0
971368 0.032670 1
971374 0.000000 0
971382 0.000000 0
971389 0.032210 1
971397 0.000000 0
971404 0.000000 0
971412 0.039060 1
971420 0.000000 0
971428 0.000000 0
971435 0.037050 1
971442 0.000000 0
971450 0.000000 0
971457 0.039250 1
971465 0.000000 0
971472 0.000000 0
971480 0.025310 1
971487 0.000000 0
971494 0.000000 0
971502 0.033140 1
971510 0.000000 0
971518 0.000000 0
971525 0.040770 1
971532 0.000000 0
971540 0.000000 0
971547 0.043140 1
971555 0.000000 0
971562 0.000000 0
971570 0.042070 1
971576 0.000000 0
971584 0.000000 0
971591 0.036010 1
971599 0.000000 0
971606 0.000000 0
971614 0.040410 1
971621 0.000000 0
971628 0.000000 0
971636 0.037260 1
971644 0.000000 0
971652 0.000000 0
971659 0.040590 1
971666 0.000000 0
971674 0.000000 0
971681 0.037260 1
971690 0.000000 0
971698 0.000000 0
971705 0.030000 1
971711 0.000000 0
971718 0.000000 0
971726 0.033600 1
971734 0.000000 0
971742 0.000000 0
971749 0.047030 1
971756 0.000000 0
971764 0.000000 0
971771 0.037660 1
971779 0.000000 0
971786 0.000000 0
971794 0.035580 1
971801 0.000000 0
971808 0.000000 0
971816 0.033140 1
971824 0.000000 0
971832 0.000000 0
971839 0.054830 1
971846 0.000000 0
971854 0.000000 0
971861 0.050020 1
971870 0.000000 0
971878 0.000000 0
971885 0.046880 1
971891 0.000000 0
971898 0.000000 0
971906 0.046220 1
971914 0.000000 0
971922 0.000000 0
971929 0.049260 1
971936 0.000000 0
971944 0.000000 0
971951 0.045720 1
971959 0.000000 0
971966 0.000000 0
971974 0.040410 1
971981 0.000000 0
971988 0.000000 0
971996 0.037050 1
972004 0.000000 0
972012 0.000000 0
972019 0.043140 1
972026 0.000000 0
972034 0.000000 0
972041 0.038860 1
972049 0.000000 0
972056 0.000000 0
972064 0.039250 1
972071 0.000000 0
972078 0.000000 0
972086 0.060260 1
972094 0.000000 0
972102 0.000000 0
972109 0.060000 1
972116 0.000000 0
972124 0.000000 0
972131 0.052110 1
972139 0.000000 0
972146 0.000000 0
972154 0.030500 1
972162 0.000000 0
972170 0.000000 0
972177 0.040770 1
972184 0.000000 0
972192 0.000000 0
972199 0.040960 1
972207 0.000000 0
972214 0.000000 0
972222 0.048780 1
972229 0.000000 0
972236 0.000000 0
972244 0.043140 1
972252 0.000000 0
972260 0.000000 0
972267 0.072540 1
972274 0.000000 0
972282 0.000000 0
972289 0.069980 1
972297 0.000000 0
972304 0.000000 0
972312 0.041150 1
972319 0.000000 0
972326 0.000000 0
972334 0.038270 1
972342 0.000000 0
972350 0.000000 0
972357 0.042420 1
972363 0.000000 0
972370 0.000000 0
972378 0.045550 1
972387 0.000000 0
972394 0.000000 0
972402 0.043670 1
972408 0.000000 0
972416 0.000000 0
972423 0.042420 1
972431 0.000000 0
972438 0.000000 0
972446 0.048460 1
972453 0.000000 0
972460 0.000000 0
972468 0.051070 1
972477 0.000000 0
972484 0.000000 0
972492 0.039830 1
972498 0.000000 0
972506 0.000000 0
972513 0.044710 1
972522 0.000000 0
972530 0.000000 0
972537 0.039250 1
972543 0.000000 0
972550 0.000000 0
972558 0.039640 1
972567 0.000000 0
972574 0.000000 0
972582 0.032910 1
972588 0.000000 0
972596 0.000000 0
972603 0.026200 1
972612 0.000000 0
972620 0.000000 0
972627 0.045040 1
972633 0.000000 0
972640 0.000000 0
972648 0.047840 1
972657 0.000000 0
972664 0.000000 0
972672 0.049260 1
972678 0.000000 0
972686 0.000000 0
972693 0.032210 1
972702 0.000000 0
972710 0.000000 0
972717 0.040020 1
972723 0.000000 0
972730 0.000000 0
972738 0.037260 1
972747 0.000000 0
972754 0.000000 0
972762 0.054540 1
972768 0.000000 0
972776 0.000000 0
972783 0.087510 1
972792 0.000000 0
972800 0.000000 0
972807 0.090520 1
972813 0.000000 0
972820 0.000000 0
972828 0.062610 1
972836 0.000000 0
972844 0.000000 0
972851 0.060260 1
972858 0.000000 0
972866 0.000000 0
972873 0.046220 1
