0 0.000000 1
8 0.000000 1
15 0.000000 1
22 0.000000 1
30 0.000000 1
38 0.000000 1
45 0.000000 1
52 0.000000 1
60 0.000000 1
68 0.000000 1
75 0.000000 1
82 0.000000 1
90 0.000000 1
98 0.000000 1
105 0.000000 1
112 0.000000 1
120 0.000000 1
128 0.000000 1
135 0.000000 1
142 0.000000 1
150 0.000000 1
158 0.000000 1
165 0.000000 1
172 0.000000 1
180 0.000000 1
188 0.000000 1
195 0.000000 1
202 0.000000 1
210 0.000000 1
218 0.000000 1
225 0.000000 1
232 0.000000 1
240 0.000000 1
248 0.000000 1
255 0.000000 1
262 0.000000 1
270 0.000000 1
278 0.000000 1
285 0.000000 1
292 0.181294 1
300 0.000000 1
308 0.000000 1
315 0.284925 1
322 0.101382 1
330 0.502063 1
338 0.791653 1
345 0.616809 1
352 0.338575 1
360 0.000000 1
368 0.000000 1
375 0.299152 1
382 0.302416 1
390 0.356286 1
398 0.395947 1
405 0.403743 1
412 0.249899 1
420 0.000000 1
428 0.000000 1
435 0.166022 1
442 0.384101 1
450 0.427994 1
458 0.272856 1
465 0.447549 1
472 0.471018 1
480 0.290266 1
488 0.302603 1
495 0.136095 1
502 0.303043 1
510 0.345084 1
518 0.000000 1
525 0.336063 1
532 0.333709 1
540 0.216349 1
548 0.222759 1
555 0.394632 1
562 0.387181 1
570 0.215613 1
578 0.323689 1
585 0.295567 1
592 0.505310 1
600 0.465913 1
608 0.129761 1
615 0.160789 1
622 0.103761 1
630 0.185584 1
638 0.232167 1
645 0.253287 1
652 0.000000 1
660 0.000000 1
668 0.198763 1
675 0.357611 1
682 0.308808 1
690 0.000000 1
698 0.000000 1
705 0.000000 1
712 0.000000 1
720 0.000000 1
728 0.000000 1
735 0.000000 1
742 0.000000 1
750 0.159965 1
758 0.136793 1
765 0.000000 1
772 0.000000 1
780 0.000000 1
788 0.000000 1
795 0.118844 1
802 0.359925 1
810 0.383043 1
818 0.000000 1
825 0.000000 1
832 0.000000 1
840 0.261345 1
848 0.519023 1
855 0.322100 1
862 0.000000 1
870 0.245809 1
878 0.464720 1
885 0.311826 1
892 0.314866 1
900 0.203141 1
908 0.285426 1
915 0.425686 1
922 0.496103 1
930 0.451930 1
938 0.137099 1
945 0.140658 1
952 0.151698 1
960 0.091961 1
968 0.445782 1
975 0.354614 1
982 0.436779 1
990 0.212704 1
998 0.452826 1
1005 0.295892 1
1012 0.378547 1
1020 0.350508 1
1028 0.072051 1
1035 0.002805 1
1042 0.136086 1
1050 0.399419 1
1058 0.438854 1
1065 0.340895 1
1072 0.135824 1
1080 0.185943 1
1088 0.193326 1
1095 0.000000 1
1102 0.725435 0
1110 1.000000 0
1118 0.965479 0
1125 0.305928 0
1132 0.000000 0
1140 0.000000 0
1148 0.080657 0
1155 0.233429 1
1162 0.441058 1
1170 0.433390 1
1178 0.422834 1
1185 0.371180 1
1192 0.000000 1
1200 0.185386 1
1208 0.288706 1
1215 0.187623 1
1222 0.309579 1
1230 0.378474 1
1238 0.130246 1
1245 0.157262 1
1252 0.000000 1
1260 0.134468 1
1268 0.320855 1
1275 0.206713 1
1282 0.000000 1
1290 0.299885 1
1298 0.383413 1
1305 0.517942 1
1312 0.548772 1
1320 0.328125 1
1328 0.000000 1
1335 0.000000 1
1342 0.081647 1
1350 0.000000 1
1358 0.295541 1
1365 0.000000 1
1372 0.353763 1
1380 0.233186 1
1388 0.000000 1
1395 0.213557 1
1402 0.150476 1
1410 0.102378 1
1418 0.164361 1
1425 0.000000 1
1432 0.226965 1
1440 0.267693 1
1448 0.000000 1
1455 0.217898 1
1462 0.508407 1
1470 0.373545 1
1478 0.304064 1
1485 0.036069 0
1492 0.000000 0
1500 0.509910 0
1508 0.263380 0
1515 0.140058 0
1522 0.428963 0
1530 0.392199 0
1538 0.316447 0
1545 0.202594 0
1552 0.212919 0
1560 0.000000 0
1568 0.139744 0
1575 0.376185 0
1582 0.380910 0
1590 0.513286 0
1598 0.315773 0
1605 0.136495 0
1612 0.351103 0
1620 0.541132 0
1628 0.543013 0
1635 0.294133 0
1642 0.339774 0
1650 0.423202 0
1658 0.205067 0
1665 0.065112 0
1672 0.000000 0
1680 0.349561 0
1688 0.544087 0
1695 0.310411 0
1702 0.000000 0
1710 0.237770 0
1718 0.304882 0
1725 0.000000 0
1732 0.000000 0
1740 0.328983 0
1748 0.436595 0
1755 0.493155 0
1762 0.792529 0
1770 0.678267 0
1778 0.751606 0
1785 0.412331 0
1792 0.000000 0
1800 0.000000 0
1808 0.334747 0
1815 0.494722 0
1822 0.533222 0
1830 0.285167 0
1838 0.163772 0
1845 0.000000 0
1852 0.205458 0
1860 0.526552 0
1868 0.759141 0
1875 0.294570 0
1882 0.000000 0
1890 0.241051 0
1898 0.499272 0
1905 0.201917 0
1912 0.352517 0
1920 0.442089 0
1928 0.631927 0
1935 0.556471 0
1942 0.453514 0
1950 0.219072 0
1958 0.299837 0
1965 0.315282 0
1972 0.530538 0
1980 0.255512 0
1988 0.275066 0
1995 0.563522 0
2002 0.300687 0
2010 0.166168 0
2018 0.561303 0
2025 0.486484 0
2032 0.410154 0
2040 0.000000 0
2048 0.303103 0
2055 0.249269 0
2062 0.789772 0
2070 0.654467 0
2078 0.000000 0
2085 0.050787 0
2092 0.000000 0
2100 0.000000 0
2108 0.000000 0
2115 0.483148 0
2122 0.514237 0
2130 0.000000 0
2138 0.000000 0
2145 0.473116 0
2152 0.507824 0
2160 0.000000 0
2168 0.000000 0
2175 0.000000 0
2182 0.230452 0
2190 0.293829 0
2198 0.411406 0
2205 0.281971 0
2212 0.226022 0
2220 0.258619 0
2228 0.434465 0
2235 0.374589 0
2242 0.000000 0
2250 0.000000 0
2258 0.000000 0
2265 0.281378 0
2272 0.094133 0
2280 0.000000 0
2288 0.150425 0
2295 0.255004 0
2302 0.000000 0
2310 0.177062 0
2318 0.000000 0
2325 0.000000 0
2332 0.327231 0
2340 0.315284 0
2348 0.190154 0
2355 0.000000 0
2362 0.022924 0
2370 0.000000 0
2378 0.000000 0
2385 0.094572 0
2392 0.000000 0
2400 0.000000 0
2408 0.171293 0
2415 0.228967 1
2422 0.000000 1
2430 0.000000 1
2438 0.305559 1
2445 0.000000 1
2452 0.000000 1
2460 0.000000 1
2468 0.045975 1
2475 0.277139 1
2482 0.000000 1
2490 0.000000 1
2498 0.073517 1
2505 0.000000 1
2512 0.000000 1
2520 0.000000 1
2528 0.000000 1
2535 0.000000 1
2542 0.000000 1
2550 0.000000 1
2558 0.000000 1
2565 0.000000 1
2572 0.000000 1
2580 0.000000 1
2588 0.000000 1
2595 0.000000 1
2602 0.000000 1
2610 0.000000 1
2618 0.000000 1
2625 0.000000 1
2632 0.099197 1
2640 0.000000 1
2648 0.000000 1
2655 0.000000 1
2662 0.000000 1
2670 0.000000 1
2678 0.000000 1
2685 0.000000 1
2692 0.000000 1
2700 0.000000 1
2708 0.000000 1
2715 0.000000 1
2722 0.000000 1
2730 0.000000 1
2738 0.000000 1
2745 0.000000 1
2752 0.000000 1
2760 0.000000 1
2768 0.000000 1
2775 0.000000 1
2782 0.000000 1
2790 0.000000 1
2798 0.277332 1
2805 0.000000 1
2812 0.000000 1
2820 0.000000 1
2828 0.000000 1
2835 0.000000 1
2842 0.000000 1
2850 0.000000 1
2858 0.000000 1
2865 0.226779 1
2872 0.000000 1
2880 0.000000 1
2888 0.000000 1
2895 0.000000 1
2902 0.000000 1
2910 0.000000 1
2918 0.000000 1
2925 0.237021 1
2932 0.000000 1
2940 0.000000 1
2948 0.000000 1
2955 0.000000 1
2962 0.000000 1
2970 0.000000 1
2978 0.000000 1
2985 0.286991 1
2992 0.162232 1
3000 0.000000 1
3008 0.000000 1
3015 0.000000 1
3022 0.000000 1
3030 0.000000 1
3038 0.266838 0
3045 0.455018 0
3052 0.000000 0
3060 0.000000 0
3068 0.000000 0
3075 0.000000 0
3082 0.000000 0
3090 0.000000 0
3098 0.428106 0
3105 0.511348 0
3112 0.000000 0
3120 0.000000 0
3128 0.000000 0
3135 0.000000 0
3142 0.000000 0
3150 0.216488 0
3158 0.307943 0
3165 0.343040 0
3172 0.000000 0
3180 0.000000 0
3188 0.000000 0
3195 0.000000 0
3202 0.000000 0
3210 0.000000 1
3218 0.000000 1
3225 0.000000 1
3232 0.000000 1
3240 0.000000 1
3248 0.000000 1
3255 0.000000 1
3262 0.000000 1
3270 0.000000 1
3278 0.123473 1
3285 0.000000 1
3292 0.000000 1
3300 0.000000 1
3308 0.000000 1
3315 0.000000 1
3322 0.000000 1
3330 0.000000 1
3338 0.000000 1
3345 0.000000 0
3352 0.000000 0
3360 0.000000 0
3368 0.000000 0
3375 0.000000 0
3382 0.000000 1
3390 0.000000 0
3398 0.167230 0
3405 0.000000 0
3412 0.000000 0
3420 0.000000 0
3428 0.000000 0
3435 0.000000 0
3442 0.000000 0
3450 0.148649 0
3458 0.453787 0
3465 0.000000 0
3472 0.000000 0
3480 0.000000 0
3488 0.000000 0
3495 0.000000 0
3502 0.077025 0
3510 0.796588 0
3518 0.569361 0
3525 0.000000 0
3532 0.000000 0
3540 0.000000 0
3548 0.000000 0
3555 0.138514 0
3562 0.339475 0
3570 0.779602 0
3578 0.336839 0
3585 0.000000 0
3592 0.000000 0
3600 0.000000 0
3608 0.000000 0
3615 0.255499 0
3622 0.271022 0
3630 0.549827 0
3638 0.279434 0
3645 0.000000 0
3652 0.000000 0
3660 0.000000 0
3668 0.000000 0
3675 0.000000 0
3682 0.000000 0
3690 0.000000 0
3698 0.000000 0
3705 0.000000 0
3712 0.000000 0
3720 0.000000 0
3728 0.000000 0
3735 0.000000 0
3742 0.000000 0
3750 0.000000 0
3758 0.000000 0
3765 0.000000 0
3772 0.000000 0
3780 0.000000 0
3788 0.000000 0
3795 0.000000 0
3802 0.280849 0
3810 0.133186 0
3818 0.000000 0
3825 0.000000 0
3832 0.000000 0
3840 0.000000 0
3848 0.000000 0
3855 0.000000 0
3862 0.000000 0
3870 0.000000 0
3878 0.000000 0
3885 0.000000 0
3892 0.000000 0
3900 0.000000 0
3908 0.000000 0
3915 0.051189 0
3922 0.432089 0
3930 0.253361 0
3938 0.000000 0
3945 0.000000 0
3952 0.000000 0
3960 0.156373 0
3968 0.268640 0
3975 0.495915 0
3982 0.753332 0
3990 0.145063 0
3998 0.000000 0
4005 0.000000 0
4012 0.000000 0
4020 0.000000 0
4028 0.256384 0
4035 0.758907 0
4042 0.677649 0
4050 0.000000 0
4058 0.000000 0
4065 0.000000 0
4072 0.000000 0
4080 0.000000 0
4088 0.322727 0
4095 0.630533 0
4102 0.603533 0
4110 0.000000 0
4118 0.000000 0
4125 0.000000 0
4132 0.000000 0
4140 0.000000 0
4148 0.000000 0
4155 0.000000 0
4162 0.131171 0
4170 0.000000 0
4178 0.000000 0
4185 0.000000 0
4192 0.000000 0
4200 0.000000 0
4208 0.000000 0
4215 0.458007 0
4222 0.212355 0
4230 0.000000 0
4238 0.000000 0
4245 0.000000 0
4252 0.000000 0
4260 0.000000 0
4268 0.000000 0
4275 0.289270 0
4282 0.261078 0
4290 0.000000 0
4298 0.000000 0
4305 0.000000 0
4312 0.000000 0
4320 0.000000 0
4328 0.000000 0
4335 0.380247 0
4342 0.000000 0
4350 0.000000 0
4358 0.000000 0
4365 0.113577 0
4372 0.095205 0
4380 0.000000 0
4388 0.324398 0
4395 0.498016 0
4402 0.000000 0
4410 0.000000 0
4418 0.000000 0
4425 0.134310 0
4432 0.138293 0
4440 0.288805 0
4448 0.714996 0
4455 0.509440 0
4462 0.000000 0
4470 0.000000 0
4478 0.000000 0
4485 0.000000 0
4492 0.000000 0
4500 0.427170 0
4508 0.723700 0
4515 0.501518 0
4522 0.000000 0
4530 0.000000 0
4538 0.125806 0
4545 0.120544 0
4552 0.228764 0
4560 0.329996 0
4568 0.637473 0
4575 0.172393 0
4582 0.000000 0
4590 0.000000 0
4598 0.000000 0
4605 0.000000 0
4612 0.000000 0
4620 0.154412 0
4628 0.359858 0
4635 0.245302 0
4642 0.000000 0
4650 0.000000 0
4658 0.318428 0
4665 0.189498 0
4672 0.000000 0
4680 0.000000 0
4688 0.303641 0
4695 0.227075 0
4702 0.000000 0
4710 0.000000 0
4718 0.000000 0
4725 0.383649 0
4732 0.000000 0
4740 0.000000 0
4748 0.296899 0
4755 0.150181 0
4762 0.050474 0
4770 0.000000 0
4778 0.000000 0
4785 0.239941 0
4792 0.000000 0
4800 0.243101 0
4808 0.277497 0
4815 0.000000 0
4822 0.000000 0
4830 0.000000 0
4838 0.140750 0
4845 0.134132 0
4852 0.252616 0
4860 0.551026 0
4868 0.262326 0
4875 0.000000 0
4882 0.000000 0
4890 0.100700 0
4898 0.281693 0
4905 0.279577 0
4912 0.377401 0
4920 0.737403 0
4928 0.217738 0
4935 0.000000 0
4942 0.000000 0
4950 0.000000 0
4958 0.000000 0
4965 0.236208 0
4972 0.565873 0
4980 0.663897 0
4988 0.000000 0
4995 0.000000 0
5002 0.000000 0
5010 0.000000 0
5018 0.171999 0
5025 0.386661 0
5032 0.720837 0
5040 0.459690 0
5048 0.000000 0
5055 0.000000 0
5062 0.000000 0
5070 0.154239 0
5078 0.000000 0
5085 0.000000 0
5092 0.196749 0
5100 0.346211 0
5108 0.000000 0
5115 0.000000 0
5122 0.099547 0
5130 0.000000 0
5138 0.232817 0
5145 0.014199 0
5152 0.194594 0
5160 0.000000 0
5168 0.000000 0
5175 0.000000 0
5182 0.000000 0
5190 0.000000 0
5198 0.223352 0
5205 0.190343 0
5212 0.000000 0
5220 0.208733 0
5228 0.000000 0
5235 0.124420 0
5242 0.218195 0
5250 0.000000 0
5258 0.208473 0
5265 0.000000 0
5272 0.128463 0
5280 0.000000 0
5288 0.000000 0
5295 0.000000 0
5302 0.249854 0
5310 0.195110 0
5318 0.137425 0
5325 0.000000 0
5332 0.387817 0
5340 0.000000 0
5348 0.000000 0
5355 0.000000 0
5362 0.140536 0
5370 0.000000 0
5378 0.198139 0
5385 0.654029 0
5392 0.473147 0
5400 0.000000 0
5408 0.000000 0
5415 0.000000 0
5422 0.000000 0
5430 0.218718 0
5438 0.266920 0
5445 0.630308 0
5452 0.411492 0
5460 0.000000 0
5468 0.000000 0
5475 0.000000 0
5482 0.200603 0
5490 0.192870 0
5498 0.428353 0
5505 0.502689 0
5512 0.096377 0
5520 0.000000 0
5528 0.000000 0
5535 0.000000 0
5542 0.000000 0
5550 0.261530 0
5558 0.000000 0
5565 0.000000 0
5572 0.200749 0
5580 0.194347 0
5588 0.313102 0
5595 0.145971 0
5602 0.000000 0
5610 0.000000 0
5618 0.350596 0
5625 0.000000 0
5632 0.285250 0
5640 0.000000 0
5648 0.000000 0
5655 0.000000 0
5662 0.204364 0
5670 0.059709 0
5678 0.000000 0
5685 0.430633 0
5692 0.000000 0
5700 0.000000 0
5708 0.222988 0
5715 0.334034 0
5722 0.000000 0
5730 0.000000 0
5738 0.084308 0
5745 0.286118 0
5752 0.162637 0
5760 0.000000 0
5768 0.237595 0
5775 0.243216 0
5782 0.174589 0
5790 0.000000 0
5798 0.438048 0
5805 0.000000 0
5812 0.000000 0
5820 0.000000 0
5828 0.000000 0
5835 0.283902 0
5842 0.303205 0
5850 0.427133 0
5858 0.576683 0
5865 0.000000 0
5872 0.000000 0
5880 0.000000 0
5888 0.000000 0
5895 0.217687 0
5902 0.164405 0
5910 0.492151 0
5918 0.592729 0
5925 0.165369 0
5932 0.000000 0
5940 0.000000 0
5948 0.168117 0
5955 0.312496 0
5962 0.315455 0
5970 0.555331 0
5978 0.320727 0
5985 0.000000 0
5992 0.000000 0
6000 0.000000 0
6008 0.270142 0
6015 0.162501 0
6022 0.000000 0
6030 0.306484 0
6038 0.284812 0
6045 0.000000 0
6052 0.000000 0
6060 0.304872 0
6068 0.041728 0
6075 0.170678 0
6082 0.234174 0
6090 0.000000 0
6098 0.157830 0
6105 0.000000 0
6112 0.000000 0
6120 0.422402 0
6128 0.000000 0
6135 0.000000 0
6142 0.000000 0
6150 0.368176 0
6158 0.251387 0
6165 0.000000 0
6172 0.000000 0
6180 0.108383 0
6188 0.000000 0
6195 0.000000 0
6202 0.000000 0
6210 0.278115 0
6218 0.364537 0
6225 0.000000 0
6232 0.000000 0
6240 0.247232 0
6248 0.000000 0
6255 0.186013 0
6262 0.350361 0
6270 0.300933 0
6278 0.000000 0
6285 0.000000 0
6292 0.000000 0
6300 0.000000 0
6308 0.000000 0
6315 0.000000 0
6322 0.348531 0
6330 0.393294 0
6338 0.000000 0
6345 0.000000 0
6352 0.000000 0
6360 0.000000 0
6368 0.000000 0
6375 0.000000 0
6382 0.387036 0
6390 0.114680 0
6398 0.000000 0
6405 0.000000 0
6412 0.133927 0
6420 0.000000 0
6428 0.030815 0
6435 0.000000 0
6442 0.238169 0
6450 0.000000 0
6458 0.000000 0
6465 0.000000 0
6472 0.150473 0
6480 0.000000 0
6488 0.229376 0
6495 0.080326 0
6502 0.260350 0
6510 0.099499 0
6518 0.148575 0
6525 0.000000 0
6532 0.221119 0
6540 0.356042 0
6548 0.000000 0
6555 0.000000 0
6562 0.098182 0
6570 0.000000 0
6578 0.000000 0
6585 0.288072 0
6592 0.000000 0
6600 0.250508 0
6608 0.293224 0
6615 0.153243 0
6622 0.302288 0
6630 0.000000 0
6638 0.000000 0
6645 0.000000 0
6652 0.271587 0
6660 0.179186 0
6668 0.000000 0
6675 0.071259 0
6682 0.157194 0
6690 0.209143 0
6698 0.000000 0
6705 0.000000 0
6712 0.185610 0
6720 0.000000 0
6728 0.000000 0
6735 0.097879 0
6742 0.322987 0
6750 0.309371 0
6758 0.320554 0
6765 0.238981 0
6772 0.000000 0
6780 0.000000 0
6788 0.141500 0
6795 0.424998 0
6802 0.000000 0
6810 0.000000 0
6818 0.000000 0
6825 0.000000 0
6832 0.000000 0
6840 0.000000 0
6848 0.000000 0
6855 0.503338 0
6862 0.000000 0
6870 0.227185 0
6878 0.747163 0
6885 0.884528 0
6892 0.533535 0
6900 0.000000 0
6908 0.000000 0
6915 0.374332 0
6922 0.000000 0
6930 1.000000 0
6938 0.874874 0
6945 0.382285 0
6952 0.307905 0
6960 0.489161 0
6968 0.240972 0
6975 0.000000 0
6982 0.270656 0
6990 0.000000 0
6998 0.000000 0
7005 0.193061 0
7012 0.147870 0
7020 0.000000 0
7028 0.180407 0
7035 0.217704 0
7042 0.000000 0
7050 0.000000 0
7058 0.000000 0
7065 0.000000 0
7072 0.000000 0
7080 0.000000 0
7088 0.421580 0
7095 0.538055 0
7102 0.000000 0
7110 0.000000 0
7118 0.114086 0
7125 0.475773 0
7132 0.272455 0
7140 0.000000 0
7148 0.287176 0
7155 0.259352 0
7162 0.268248 0
7170 0.000000 0
7178 0.311018 0
7185 0.000000 0
7192 0.000000 0
7200 0.000000 0
7208 0.000000 0
7215 0.000000 0
7222 0.000000 0
7230 0.000000 0
7238 0.000000 0
7245 0.000000 0
7252 0.000000 0
7260 0.431604 0
7268 0.264523 0
7275 0.072215 0
7282 0.000000 0
7290 0.283065 0
7298 0.000000 0
7305 0.000000 0
7312 0.000000 0
7320 0.188887 0
7328 0.000000 0
7335 0.000000 0
7342 0.000000 0
7350 0.000000 0
7358 0.000000 0
7365 0.000000 0
7372 0.000000 0
7380 0.000000 0
7388 0.000000 0
7395 0.000000 0
7402 0.000000 0
7410 0.179094 0
7418 0.459680 0
7425 0.470937 0
7432 0.536910 0
7440 0.290384 0
7448 0.484672 0
7455 0.379700 0
7462 0.118225 0
7470 0.000000 0
7478 0.000000 0
7485 0.128338 0
7492 0.000000 0
7500 0.000000 0
7508 0.000000 0
7515 0.000000 0
7522 0.113178 0
7530 0.000000 0
7538 0.142597 0
7545 0.000000 0
7552 0.000000 0
7560 0.000000 0
7568 0.204285 0
7575 0.000000 0
7582 0.000000 0
7590 0.298605 0
7598 0.000000 0
7605 0.000000 0
7612 0.000000 0
7620 0.362650 0
7628 0.197917 0
7635 0.000000 0
7642 0.000000 0
7650 0.000000 0
7658 0.032922 0
7665 0.000000 0
7672 0.000000 0
7680 0.000000 0
7688 0.000000 0
7695 0.000000 0
7702 0.000000 0
7710 0.000000 0
7718 0.000000 0
7725 0.323551 0
7732 0.000000 0
7740 0.000000 0
7748 0.000000 0
7755 0.000000 0
7762 0.218872 0
7770 0.000000 0
7778 0.000000 0
7785 0.000000 0
7792 0.471793 0
7800 0.047183 0
7808 0.000000 0
7815 0.000000 0
7822 0.000000 0
7830 0.000000 0
7838 0.282668 0
7845 0.000000 0
7852 0.000000 0
7860 0.218516 0
7868 0.000000 0
7875 0.000000 0
7882 0.000000 0
7890 0.718230 0
7898 0.943395 0
7905 0.599305 0
7912 0.499012 0
7920 0.485809 0
7928 0.257301 0
7935 0.000000 0
7942 0.000000 0
7950 0.000000 0
7958 0.000000 0
7965 0.000000 0
7972 0.000000 0
7980 0.000000 0
7988 0.000000 0
7995 0.000000 0
8002 0.000000 0
8010 0.000000 0
8018 0.000000 0
8025 0.000000 0
8032 0.000000 0
8040 0.000000 0
8048 0.000000 0
8055 0.131482 0
8062 0.207249 0
8070 0.000000 0
8078 0.000000 0
8085 0.358102 0
8092 0.067061 0
8100 0.000000 0
8108 0.000000 0
8115 0.000000 0
8122 0.000000 0
8130 0.535931 0
8138 0.319224 0
8145 0.402385 0
8152 0.183396 0
8160 0.228397 0
8168 0.371231 0
8175 0.500651 0
8182 0.354188 0
8190 0.233942 0
8198 0.168388 0
8205 0.074781 0
8212 0.000000 0
8220 0.000000 0
8228 0.000000 0
8235 0.000000 0
8242 0.000000 0
8250 0.159416 0
8258 0.000000 0
8265 0.000000 0
8272 0.000000 0
8280 0.000000 0
8288 0.000000 0
8295 0.000000 0
8302 0.000000 0
8310 0.000000 0
8318 0.181688 0
8325 0.283893 0
8332 0.000000 0
8340 0.000000 0
8348 0.271233 0
8355 0.000000 0
8362 0.000000 0
8370 0.000000 0
8378 0.000000 0
8385 0.074662 0
8392 0.393365 0
8400 0.380839 0
8408 0.273338 0
8415 0.402946 0
8422 0.000000 0
8430 0.000000 0
8438 0.224790 0
8445 0.316110 0
8452 0.147529 0
8460 0.416649 0
8468 0.172067 0
8475 0.000000 0
8482 0.269149 0
8490 0.000000 0
8498 0.000000 0
8505 0.000000 0
8512 0.378759 0
8520 0.000000 0
8528 0.000000 0
8535 0.000000 0
8542 0.000000 0
8550 0.000000 0
8558 0.173803 0
8565 0.000000 0
8572 0.000000 0
8580 0.256184 0
8588 0.000000 0
8595 0.000000 0
8602 0.000000 0
8610 0.000000 0
8618 0.335487 0
8625 0.269497 0
8632 0.291642 0
8640 0.000000 0
8648 0.000000 0
8655 0.054445 0
8662 0.247967 0
8670 0.293804 0
8678 0.333641 0
8685 0.347293 0
8692 0.390843 0
8700 0.000000 0
8708 0.000000 0
8715 0.000000 0
8722 0.396527 0
8730 0.191904 0
8738 0.000000 0
8745 0.000000 0
8752 0.000000 0
8760 0.000000 0
8768 0.091826 0
8775 0.000000 0
8782 0.000000 0
8790 0.000000 0
8798 0.000000 0
8805 0.000000 0
8812 0.000000 0
8820 0.069484 0
8828 1.000000 0
8835 0.966892 0
8842 0.000000 0
8850 0.000000 0
8858 0.000000 0
8865 0.000000 0
8872 0.000000 0
8880 0.000000 0
8888 0.180003 0
8895 0.000000 0
8902 0.000000 0
8910 0.238187 0
8918 0.000000 0
8925 0.000000 0
8932 0.000000 0
8940 0.316688 0
8948 0.163724 0
8955 0.264919 0
8962 0.000000 0
8970 0.000000 0
8978 0.000000 0
8985 0.000000 0
8992 0.000000 0
9000 0.172901 0
9008 0.141117 0
9015 0.000000 0
9022 0.247747 0
9030 0.235765 0
9038 0.000000 0
9045 0.000000 0
9052 0.296989 0
9060 0.000000 0
9068 0.399869 0
9075 0.440853 0
9082 0.370750 0
9090 0.103083 0
9098 0.000000 0
9105 0.000000 0
9112 0.337731 0
9120 0.000000 0
9128 0.000000 0
9135 0.276545 0
9142 0.249184 0
9150 0.000000 0
9158 0.000000 0
9165 0.000000 0
9172 0.000000 0
9180 0.000000 0
9188 0.351359 0
9195 0.269150 0
9202 0.000000 0
9210 0.000000 0
9218 0.000000 0
9225 0.000000 0
9232 0.000000 0
9240 0.000000 0
9248 0.149569 0
9255 0.000000 0
9262 0.000000 0
9270 0.000000 0
9278 0.281164 0
9285 0.848956 0
9292 0.512419 0
9300 0.262023 0
9308 0.283878 0
9315 0.000000 0
9322 0.000000 0
9330 0.000000 0
9338 0.338407 0
9345 0.356687 0
9352 0.000000 0
9360 0.179772 0
9368 0.112774 0
9375 0.254127 0
9382 0.322905 0
9390 0.691793 0
9398 0.583864 0
9405 0.336846 0
9412 0.304567 0
9420 0.000000 0
9428 0.000000 0
9435 0.154948 0
9442 0.000000 0
9450 0.000000 0
9458 0.000000 0
9465 0.147713 0
9472 0.000000 0
9480 0.213738 0
9488 0.349249 0
9495 0.307767 0
9502 0.000000 0
9510 0.000000 0
9518 0.000000 0
9525 0.332171 0
9532 0.000000 0
9540 0.000000 0
9548 0.424584 0
9555 0.359867 0
9562 0.299872 0
9570 0.319752 0
9578 0.000000 0
9585 0.000000 0
9592 0.000000 0
9600 0.186517 0
9608 0.431014 0
9615 0.000000 0
9622 0.215344 0
9630 0.346134 0
9638 0.000000 0
9645 0.298991 0
9652 0.139311 0
9660 0.000000 0
9668 0.000000 0
9675 0.254993 0
9682 0.000000 0
9690 0.111528 0
9698 0.000000 0
9705 0.000000 0
9712 0.156518 0
9720 0.144139 0
9728 0.000000 0
9735 0.000000 0
9742 0.000000 0
9750 0.000000 0
9758 0.158392 0
9765 0.000000 0
9772 0.000000 0
9780 0.000000 0
9788 0.302579 0
9795 0.000000 0
9802 0.000000 0
9810 0.224923 0
9818 0.000000 0
9825 0.000000 0
9832 0.045695 0
9840 0.000000 0
9848 0.056663 0
9855 0.000000 0
9862 0.000000 0
9870 0.000000 0
9878 0.212399 0
9885 0.000000 0
9892 0.000000 0
9900 0.000000 0
9908 0.370422 0
9915 0.000000 0
9922 0.000000 0
9930 0.000000 0
9938 0.000000 0
9945 0.000000 0
9952 0.000000 0
9960 0.132128 0
9968 0.000000 0
9975 0.000000 0
9982 0.073923 0
9990 0.247651 0
9998 0.000000 0
10005 0.000000 0
10012 0.000000 0
10020 0.000000 0
10028 0.220235 0
10035 0.000000 0
10042 0.000000 0
10050 0.111181 0
10058 0.000000 0
10065 0.000000 0
10072 0.287815 0
10080 0.132398 0
10088 0.000000 0
10095 0.000000 0
10102 0.000000 0
10110 0.190058 0
10118 0.384938 0
10125 0.000000 0
10132 0.276109 0
10140 0.244948 0
10148 0.000000 0
10155 0.000000 0
10162 0.000000 0
10170 0.000000 0
10178 0.000000 0
10185 0.363064 0
10192 0.179935 0
10200 0.000000 0
10208 0.000000 0
10215 0.000000 0
10222 0.348740 0
10230 0.054512 0
10238 0.000000 0
10245 0.000000 0
10252 0.000000 0
10260 0.000000 0
10268 0.000000 0
10275 0.000000 0
10282 0.362272 0
10290 0.000000 0
10298 0.000000 0
10305 0.123655 0
10312 0.000000 0
10320 0.000000 0
10328 0.000000 0
10335 0.000000 0
10342 0.185521 0
10350 0.232235 0
10358 0.000000 0
10365 0.000000 0
10372 0.000000 0
10380 0.000000 0
10388 0.000000 0
10395 0.000000 0
10402 0.000000 0
10410 0.000000 0
10418 0.087370 0
10425 0.000000 0
10432 0.000000 0
10440 0.307845 0
10448 0.312864 0
10455 0.601179 0
10462 0.703903 0
10470 0.224266 0
10478 0.000000 0
10485 0.000000 0
10492 0.000000 0
10500 0.237158 0
10508 0.000000 0
10515 0.215581 0
10522 0.000000 0
10530 0.000000 0
10538 0.312935 0
10545 0.479404 0
10552 0.396646 0
10560 0.000000 0
10568 0.000000 0
10575 0.000000 0
10582 0.000000 0
10590 0.000000 0
10598 0.000000 0
10605 0.484539 0
10612 0.000000 0
10620 0.000000 0
10628 0.000000 0
10635 0.000000 0
10642 0.235843 0
10650 0.193761 0
10658 0.000000 0
10665 0.000000 0
10672 0.185057 0
10680 0.273781 0
10688 0.263525 0
10695 0.425155 0
10702 0.324555 0
10710 0.111513 0
10718 0.157309 0
10725 0.452852 0
10732 0.336489 0
10740 0.355143 0
10748 0.541145 0
10755 0.418979 0
10762 0.239034 0
10770 0.000000 0
10778 0.000000 0
10785 0.000000 0
10792 0.000000 0
10800 0.000000 0
10808 0.240434 0
10815 0.000000 0
10822 0.000000 0
10830 0.192491 0
10838 0.331545 0
10845 0.274989 0
10852 0.201731 0
10860 0.000000 0
10868 0.000000 0
10875 0.000000 0
10882 0.199914 0
10890 0.000000 0
10898 0.096121 0
10905 0.000000 0
10912 0.000000 0
10920 0.074009 0
10928 0.069006 0
10935 0.000000 0
10942 0.000000 0
10950 0.000000 0
10958 0.294287 0
10965 0.000000 0
10972 0.000000 0
10980 0.000000 0
10988 0.000000 0
10995 0.118058 0
11002 0.000000 0
11010 0.324562 0
11018 0.462281 0
11025 0.198720 0
11032 0.000000 0
11040 0.000000 0
11048 0.000000 0
11055 0.000000 0
11062 0.000000 0
11070 0.366609 0
11078 0.718181 0
11085 0.738051 0
11092 0.727248 0
11100 0.353311 0
11108 0.453753 0
11115 0.357378 0
11122 0.447438 0
11130 0.489450 0
11138 0.359430 0
11145 0.255186 0
11152 0.000000 0
11160 0.152086 0
11168 0.000000 0
11175 0.000000 0
11182 0.000000 0
11190 0.194684 0
11198 0.000000 0
11205 0.000000 0
11212 0.000000 0
11220 0.000000 0
11228 0.189916 0
11235 0.000000 0
11242 0.000000 0
11250 0.000000 0
11258 0.000000 0
11265 0.349664 0
11272 0.213455 0
11280 0.260337 0
11288 0.380443 0
11295 0.453132 0
11302 0.446157 0
11310 0.108899 0
11318 0.000000 0
11325 0.107793 0
11332 0.000000 0
11340 0.000000 0
11348 0.000000 0
11355 0.000000 0
11362 0.000000 0
11370 0.174777 0
11378 0.241294 0
11385 0.541026 0
11392 0.246467 0
11400 0.000000 0
11408 0.213797 0
11415 0.338303 0
11422 0.000000 0
11430 0.000000 0
11438 0.000000 0
11445 0.000000 0
11452 0.466786 0
11460 0.588892 0
11468 0.000000 0
11475 0.000000 0
11482 0.238443 0
11490 0.000000 0
11498 0.279314 0
11505 0.134085 0
11512 0.000000 0
11520 0.000000 0
11528 0.359400 0
11535 0.288799 0
11542 0.230080 0
11550 0.000000 0
11558 0.000000 0
11565 0.000000 0
11572 0.000000 0
11580 0.306761 0
11588 0.512567 0
11595 0.173227 0
11602 0.057430 0
11610 0.000000 0
11618 0.000000 0
11625 0.000000 0
11632 0.000000 0
11640 0.000000 0
11648 0.000000 0
11655 0.000000 0
11662 0.000000 0
11670 0.295149 0
11678 0.000000 0
11685 0.000000 0
11692 0.384338 0
11700 0.118096 0
11708 0.171000 0
11715 0.372418 0
11722 0.351283 0
11730 0.084850 0
11738 0.515384 0
11745 0.399634 0
11752 0.000000 0
11760 0.000000 0
11768 0.000000 0
11775 0.000000 0
11782 0.174070 0
11790 0.300658 0
11798 0.000000 0
11805 0.000000 0
11812 0.168806 0
11820 0.000000 0
11828 0.000000 0
11835 0.230441 0
11842 0.000000 0
11850 0.000000 0
11858 0.000000 0
11865 0.000000 0
11872 0.226890 0
11880 0.453642 0
11888 0.327488 0
11895 0.000000 0
11902 0.000000 0
11910 0.000000 0
11918 0.000000 0
11925 0.000000 0
11932 0.000000 0
11940 0.331552 0
11948 0.535506 0
11955 0.453921 0
11962 0.000000 0
11970 0.000000 0
11978 0.000000 0
11985 0.000000 0
11992 0.000000 0
12000 0.377495 0
12008 0.427494 0
12015 0.402410 0
12022 0.000000 0
12030 0.000000 0
12038 0.000000 0
12045 0.000000 0
12052 0.000000 0
12060 0.194426 0
12068 0.305749 0
12075 0.000000 0
12082 0.000000 0
12090 0.000000 0
12098 0.067374 0
12105 0.417632 0
12112 0.450392 0
12120 0.219840 0
12128 0.298436 0
12135 0.459357 0
12142 0.308045 0
12150 0.000000 0
12158 0.115435 0
12165 0.203166 0
12172 0.000000 0
12180 0.000000 0
12188 0.296292 0
12195 0.000000 0
12202 0.000000 0
12210 0.000000 0
12218 0.220225 0
12225 0.302374 0
12232 0.231201 0
12240 0.000000 0
12248 0.147803 0
12255 0.288971 0
12262 0.000000 0
12270 0.000000 0
12278 0.346004 0
12285 0.159614 0
12292 0.000000 0
12300 0.000000 0
12308 0.000000 0
12315 0.000000 0
12322 0.000000 0
12330 0.000000 0
12338 0.193495 0
12345 0.504617 0
12352 0.573254 0
12360 0.945323 0
12368 0.750672 0
12375 0.255999 0
12382 0.000000 0
12390 0.000000 0
12398 0.450116 0
12405 0.444238 0
12412 0.000000 0
12420 0.165261 0
12428 0.000000 0
12435 0.000000 0
12442 0.000000 0
12450 0.259544 0
12458 0.000000 0
12465 0.000000 0
12472 0.000000 0
12480 0.304813 0
12488 0.000000 0
12495 0.000000 0
12502 0.000000 0
12510 0.000000 0
12518 0.000000 0
12525 0.000000 0
12532 0.000000 0
12540 0.161422 0
12548 0.255442 0
12555 0.000000 0
12562 0.000000 0
12570 0.000000 0
12578 0.000000 0
12585 0.000000 0
12592 0.264572 0
12600 0.426028 0
12608 0.000000 0
12615 0.000000 0
12622 0.142251 0
12630 0.273790 0
12638 0.341858 0
12645 0.000000 0
12652 0.000000 0
12660 0.000000 0
12668 0.374955 0
12675 0.000000 0
12682 0.219183 0
12690 0.000000 0
12698 0.421998 0
12705 0.000000 0
12712 0.000000 0
12720 0.000000 0
12728 0.000000 0
12735 0.000000 0
12742 0.000000 0
12750 0.278208 0
12758 0.342566 0
12765 0.286676 0
12772 0.000000 0
12780 0.000000 0
12788 0.000000 0
12795 0.197418 0
12802 0.000000 0
12810 0.333999 0
12818 0.000000 0
12825 0.000000 0
12832 0.283933 0
12840 0.174179 0
12848 0.054625 0
12855 0.193451 0
12862 0.219074 0
12870 0.268506 0
12878 0.334089 0
12885 0.278994 0
12892 0.157412 0
12900 0.000000 0
12908 0.000000 0
12915 0.000000 0
12922 0.000000 0
12930 0.223082 0
12938 0.131755 0
12945 0.293494 0
12952 0.278395 0
12960 0.000000 0
12968 0.000000 0
12975 0.000000 0
12982 0.000000 0
12990 0.000000 0
12998 0.243413 0
13005 0.136624 0
13012 0.000000 0
13020 0.000000 0
13028 0.000000 0
13035 0.061722 0
13042 0.148343 0
13050 0.000000 0
13058 0.000000 0
13065 0.210213 0
13072 0.000000 0
13080 0.150282 0
13088 0.000000 0
13095 0.000000 0
13102 0.000000 0
13110 0.000000 0
13118 0.295689 0
13125 0.000000 0
13132 0.000000 0
13140 0.191781 0
13148 0.000000 0
13155 0.000000 0
13162 0.000000 0
13170 0.000000 0
13178 0.000000 0
13185 0.139719 0
13192 0.000000 0
13200 0.322403 0
13208 0.211862 0
13215 0.000000 0
13222 0.000000 0
13230 0.000000 0
13238 0.000000 0
13245 0.279948 0
13252 0.147234 0
13260 0.000000 0
13268 0.200703 0
13275 0.362397 0
13282 0.000000 0
13290 0.000000 0
13298 0.454089 0
13305 0.384428 0
13312 0.198402 0
13320 0.000000 0
13328 0.000000 0
13335 0.000000 0
13342 0.067484 0
13350 0.246351 0
13358 0.471113 0
13365 0.265014 0
13372 0.000000 0
13380 0.000000 0
13388 0.000000 0
13395 0.000000 0
13402 0.000000 0
13410 0.326866 0
13418 0.409287 0
13425 0.202763 0
13432 0.145743 0
13440 0.000000 0
13448 0.000000 0
13455 0.000000 0
13462 0.165567 0
13470 0.000000 0
13478 0.000000 0
13485 0.147778 0
13492 0.000000 0
13500 0.000000 0
13508 0.000000 0
13515 0.000000 0
13522 0.000000 0
13530 0.000000 0
13538 0.160343 0
13545 0.382788 0
13552 0.000000 0
13560 0.000000 0
13568 0.166008 0
13575 0.242948 0
13582 0.000000 0
13590 0.114421 0
13598 0.127085 0
13605 0.000000 0
13612 0.000000 0
13620 0.000000 0
13628 0.000000 0
13635 0.000000 0
13642 0.244125 0
13650 0.152575 0
13658 0.000000 0
13665 0.000000 0
13672 0.087540 0
13680 0.000000 0
13688 0.051327 0
13695 0.145625 0
13702 0.183791 0
13710 0.111242 0
13718 0.000000 0
13725 0.000000 0
13732 0.000000 0
13740 0.347563 0
13748 0.115458 0
13755 0.000000 0
13762 0.000000 0
13770 0.174352 0
13778 0.000000 0
13785 0.000000 0
13792 0.000000 0
13800 0.000000 0
13808 0.000000 0
13815 0.000000 0
13822 0.550878 0
13830 0.568346 0
13838 0.000000 0
13845 0.000000 0
13852 0.000000 0
13860 0.000000 0
13868 0.175636 0
13875 0.388167 0
13882 0.508325 0
13890 0.000000 0
13898 0.000000 0
13905 0.000000 0
13912 0.079651 0
13920 0.333610 0
13928 0.202839 0
13935 0.241197 0
13942 0.258460 0
13950 0.000000 0
13958 0.000000 0
13965 0.000000 0
13972 0.000000 0
13980 0.000000 0
13988 0.000000 0
13995 0.102896 0
14002 0.077236 0
14010 0.000000 0
14018 0.126446 0
14025 0.000000 0
14032 0.000000 0
14040 0.000000 0
14048 0.000000 0
14055 0.000000 0
14062 0.182062 0
14070 0.000000 0
14078 0.000000 0
14085 0.000000 0
14092 0.166075 0
14100 0.202758 0
14108 0.000000 0
14115 0.000000 0
14122 0.087955 0
14130 0.000000 0
14138 0.000000 0
14145 0.000000 0
14152 0.000000 0
14160 0.000000 0
14168 0.000000 0
14175 0.029795 0
14182 0.177645 0
14190 0.000000 0
14198 0.000000 0
14205 0.000000 0
14212 0.000000 0
14220 0.319585 0
14228 0.000000 0
14235 0.253521 0
14242 0.304600 0
14250 0.392715 0
14258 0.000000 0
14265 0.000000 0
14272 0.000000 0
14280 0.000000 0
14288 0.265618 0
14295 0.665762 0
14302 0.300288 0
14310 0.000000 0
14318 0.000000 0
14325 0.000000 0
14332 0.000000 0
14340 0.135981 0
14348 0.456944 0
14355 0.483713 0
14362 0.000000 0
14370 0.000000 0
14378 0.000000 0
14385 0.000000 0
14392 0.000000 0
14400 0.000000 0
14408 0.199103 0
14415 0.419585 0
14422 0.462863 0
14430 0.731764 0
14438 0.710597 0
14445 0.739941 0
14452 0.613103 0
14460 0.620588 0
14468 0.697369 0
14475 0.244912 0
14482 0.000000 0
14490 0.203456 0
14498 0.331792 0
14505 0.421802 0
14512 0.048585 0
14520 0.319439 0
14528 0.179156 0
14535 0.000000 0
14542 0.000000 0
14550 0.000000 0
14558 0.000000 0
14565 0.375397 0
14572 0.086160 0
14580 0.000000 0
14588 0.000000 0
14595 0.000000 0
14602 0.000000 0
14610 0.000000 0
14618 0.000000 0
14625 0.000000 0
14632 0.350354 0
14640 0.391900 0
14648 0.336799 0
14655 0.569978 0
14662 0.445147 0
14670 0.336320 0
14678 0.000000 0
14685 0.176195 0
14692 0.000000 0
14700 0.000000 0
14708 0.000000 0
14715 0.000000 0
14722 0.000000 0
14730 0.000000 0
14738 0.000000 0
14745 0.000000 0
14752 0.000000 0
14760 0.381192 0
14768 0.235287 0
14775 0.000000 0
14782 0.000000 0
14790 0.000000 0
14798 0.000000 0
14805 0.569421 0
14812 0.198201 0
14820 0.378488 0
14828 0.090931 0
14835 0.000000 0
14842 0.000000 0
14850 0.000000 0
14858 0.000000 0
14865 0.064453 0
14872 0.324066 0
14880 0.504362 0
14888 0.392380 0
14895 0.365793 0
14902 0.156425 0
14910 0.462012 0
14918 0.600557 0
14925 0.520312 0
14932 0.476895 0
14940 0.489700 0
14948 0.295590 0
14955 0.368559 0
14962 0.156748 0
14970 0.142068 0
14978 0.000000 0
14985 0.000000 0
14992 0.210550 0
15000 0.266391 0
15008 0.000000 0
15015 0.000000 0
15022 0.110526 0
15030 0.000000 0
15038 0.000000 0
15045 0.000000 0
15052 0.000000 0
15060 0.258298 0
15068 0.157934 0
15075 0.000000 0
15082 0.000000 0
15090 0.000000 0
15098 0.000000 0
15105 0.179236 0
15112 0.162885 0
15120 0.000000 0
15128 0.000000 0
15135 0.000000 0
15142 0.000000 0
15150 0.000000 0
15158 0.000000 0
15165 0.000000 0
15172 0.000000 0
15180 0.000000 0
15188 0.000000 0
15195 0.308590 0
15202 0.174557 0
15210 0.000000 0
15218 0.000000 0
15225 0.127524 0
15232 0.333621 0
15240 0.270342 0
15248 0.000000 0
15255 0.000000 0
15262 0.333073 0
15270 0.000000 0
15278 0.000000 0
15285 0.000000 0
15292 0.246112 0
15300 0.109206 0
15308 0.000000 0
15315 0.000000 0
15322 0.000000 0
15330 0.000000 0
15338 0.117159 0
15345 0.000000 0
15352 0.000000 0
15360 0.000000 0
15368 0.000000 0
15375 0.000000 0
15382 0.252646 0
15390 0.602664 0
15398 1.000000 0
15405 0.876483 0
15412 0.114383 0
15420 0.000000 0
15428 0.000000 0
15435 0.000000 0
15442 0.000000 0
15450 0.000000 0
15458 0.000000 0
15465 0.000000 0
15472 0.337527 0
15480 0.000000 0
15488 0.000000 0
15495 0.000000 0
15502 0.000000 0
15510 0.000000 0
15518 0.000000 0
15525 0.000000 0
15532 0.000000 0
15540 0.208676 0
15548 0.172885 0
15555 0.000000 0
15562 0.000000 0
15570 0.322931 0
15578 0.000000 0
15585 0.149909 0
15592 0.423850 0
15600 0.425438 0
15608 0.544479 0
15615 0.416151 0
15622 0.245129 0
15630 0.000000 0
15638 0.428209 0
15645 0.423731 0
15652 0.123420 0
15660 0.352936 0
15668 0.000000 0
15675 0.000000 0
15682 0.340829 0
15690 0.000000 0
15698 0.000000 0
15705 0.000000 0
15712 0.000000 0
15720 0.000000 0
15728 0.000000 0
15735 0.212083 0
15742 0.000000 0
15750 0.000000 0
15758 0.140315 0
15765 0.201006 0
15772 0.000000 0
15780 0.000000 0
15788 0.000000 0
15795 0.000000 0
15802 0.000000 0
15810 0.000000 0
15818 0.000000 0
15825 0.049017 0
15832 0.000000 0
15840 0.000000 0
15848 0.302854 0
15855 0.000000 0
15862 0.441702 0
15870 0.647666 0
15878 0.597394 0
15885 0.307461 0
15892 0.146917 0
15900 0.000000 0
15908 0.000000 0
15915 0.000000 0
15922 0.000000 0
15930 0.000000 0
15938 0.000000 0
15945 0.000000 0
15952 0.000000 0
15960 0.000000 0
15968 0.000000 0
15975 0.000000 0
15982 0.000000 0
15990 0.000000 0
15998 0.000000 0
16005 0.000000 0
16012 0.064376 0
16020 0.000000 0
16028 0.000000 0
16035 0.000000 0
16042 0.000000 0
16050 0.041660 0
16058 0.168554 0
16065 0.000000 0
16072 0.000000 0
16080 0.000000 0
16088 0.000000 0
16095 0.000000 0
16102 0.374392 0
16110 0.000000 0
16118 0.000000 0
16125 0.000000 0
16132 0.349632 0
16140 0.000000 0
16148 0.000000 0
16155 0.140005 0
16162 0.190248 0
16170 0.192828 0
16178 0.171091 0
16185 0.000000 0
16192 0.000000 0
16200 0.114258 0
16208 0.181936 0
16215 0.000000 0
16222 0.077525 0
16230 0.405708 0
16238 0.000000 0
16245 0.000000 0
16252 0.000000 0
16260 0.000000 0
16268 0.401009 0
16275 0.293118 0
16282 0.000000 0
16290 0.000000 0
16298 0.000000 0
16305 0.000000 0
16312 0.000000 0
16320 0.000000 0
16328 0.000000 0
16335 0.366026 0
16342 0.361507 0
16350 0.424314 0
16358 0.344134 0
16365 0.384816 0
16372 0.452365 0
16380 0.406175 0
16388 0.000000 0
16395 0.000000 0
16402 0.000000 0
16410 0.113999 0
16418 0.231863 0
16425 0.000000 0
16432 0.000000 0
16440 0.000000 0
16448 0.000000 0
16455 0.000000 0
16462 0.129995 0
16470 0.333637 0
16478 0.000000 0
16485 0.000000 0
16492 0.000000 0
16500 0.947834 0
16508 1.000000 0
16515 0.604054 0
16522 0.000000 0
16530 0.000000 0
16538 0.211872 0
16545 0.000000 0
16552 0.280437 0
16560 0.000000 0
16568 0.000000 0
16575 0.000000 0
16582 0.000000 0
16590 0.000000 0
16598 0.000000 0
16605 0.000000 0
16612 0.000000 0
16620 0.000000 0
16628 0.000000 0
16635 0.176135 0
16642 0.210985 0
16650 0.000000 0
16658 0.000000 0
16665 0.000000 0
16672 0.000000 0
16680 0.000000 0
16688 0.309306 0
16695 0.542882 0
16702 0.394583 0
16710 0.000000 0
16718 0.000000 0
16725 0.000000 0
16732 0.000000 0
16740 0.534740 0
16748 0.534428 0
16755 0.357744 0
16762 0.120385 0
16770 0.000000 0
16778 0.000000 0
16785 0.366763 0
16792 0.482045 0
16800 0.287546 0
16808 0.000000 0
16815 0.000000 0
16822 0.100932 0
16830 0.196879 0
16838 0.000000 0
16845 0.103207 0
16852 0.515170 0
16860 0.232232 0
16868 0.000000 0
16875 0.000000 0
16882 0.000000 0
16890 0.000000 0
16898 0.136589 0
16905 0.000000 0
16912 0.074241 0
16920 0.000000 0
16928 0.000000 0
16935 0.249639 0
16942 0.352550 0
16950 0.000000 0
16958 0.000000 0
16965 0.371085 0
16972 0.528654 0
16980 0.669063 0
16988 0.289599 0
16995 0.000000 0
17002 0.000000 0
17010 0.122212 0
17018 0.920128 0
17025 1.000000 0
17032 0.235487 0
17040 0.000000 0
17048 0.000000 0
17055 0.000000 0
17062 0.456130 0
17070 0.000000 0
17078 0.000000 0
17085 0.000000 0
17092 0.000000 0
17100 0.000000 0
17108 0.378756 0
17115 0.210603 0
17122 0.000000 0
17130 0.064593 0
17138 0.000000 0
17145 0.115349 0
17152 0.000000 0
17160 0.000000 0
17168 0.184034 0
17175 0.331138 0
17182 0.000000 0
17190 0.000000 0
17198 0.262169 0
17205 0.000000 0
17212 0.000000 0
17220 0.375386 0
17228 0.248361 0
17235 0.000000 0
17242 0.000000 0
17250 0.000000 0
17258 0.301459 0
17265 0.314621 0
17272 0.063970 0
17280 0.205212 0
17288 0.196791 0
17295 0.299073 0
17302 0.000000 0
17310 0.000000 0
17318 0.290987 0
17325 0.000000 0
17332 0.000000 0
17340 0.232917 0
17348 0.000000 0
17355 0.202119 0
17362 0.029064 0
17370 0.000000 0
17378 0.000000 0
17385 0.425696 0
17392 0.251676 0
17400 0.000000 0
17408 0.000000 0
17415 0.000000 0
17422 0.000000 0
17430 0.338856 0
17438 0.117590 0
17445 0.000000 0
17452 0.000000 0
17460 0.092714 0
17468 0.143768 0
17475 0.000000 0
17482 0.000000 0
17490 0.458131 0
17498 0.381228 0
17505 0.000000 0
17512 0.000000 0
17520 0.391770 0
17528 0.000000 0
17535 0.000000 0
17542 0.255915 0
17550 0.000000 0
17558 0.000000 0
17565 0.000000 0
17572 0.000000 0
17580 0.202900 0
17588 0.000000 0
17595 0.000000 0
17602 0.000000 0
17610 0.323736 0
17618 0.295451 0
17625 0.000000 0
17632 0.368589 0
17640 0.019750 0
17648 0.000000 0
17655 0.000000 0
17662 0.186346 0
17670 0.000000 0
17678 0.000000 0
17685 0.000000 0
17692 0.000000 0
17700 0.156296 0
17708 0.190177 0
17715 0.000000 0
17722 0.000000 0
17730 0.000000 0
17738 0.000000 0
17745 0.371244 0
17752 0.406037 0
17760 0.283005 0
17768 0.000000 0
17775 0.000000 0
17782 0.000000 0
17790 0.000000 0
17798 0.000000 0
17805 0.143347 0
17812 0.000000 0
17820 0.000000 0
17828 0.317273 0
17835 0.000000 0
17842 0.000000 0
17850 0.329958 0
17858 0.149747 0
17865 0.230528 0
17872 0.202039 0
17880 0.000000 0
17888 0.000000 0
17895 0.000000 0
17902 0.000000 0
17910 0.000000 0
17918 0.234955 0
17925 0.000000 0
17932 0.000000 0
17940 0.088058 0
17948 0.000000 0
17955 0.000000 0
17962 0.000000 0
17970 0.000000 0
17978 0.000000 0
17985 0.450754 0
17992 0.602639 0
18000 0.217334 0
18008 0.000000 0
18015 0.000000 0
18022 0.000000 0
18030 0.153573 0
18038 0.106698 0
18045 0.349074 0
18052 0.000000 0
18060 0.000000 0
18068 0.000000 0
18075 0.000000 0
18082 0.274467 0
18090 0.472768 0
18098 0.371892 0
18105 0.566816 0
18112 0.000000 0
18120 0.000000 0
18128 0.000000 0
18135 0.108735 0
18142 0.000000 0
18150 0.000000 0
18158 0.000000 0
18165 0.292327 0
18172 0.000000 0
18180 0.000000 0
18188 0.156135 0
18195 0.000000 0
18202 0.000000 0
18210 0.000000 0
18218 0.541213 0
18225 0.576362 0
18232 0.077342 0
18240 0.000000 0
18248 0.000000 0
18255 0.000000 0
18262 0.000000 0
18270 0.000000 0
18278 0.000000 0
18285 0.087480 0
18292 0.171293 0
18300 0.000000 0
18308 0.257760 0
18315 0.246562 0
18322 0.000000 0
18330 0.000000 0
18338 0.097688 0
18345 0.389802 0
18352 0.000000 0
18360 0.000000 0
18368 0.000000 0
18375 0.000000 0
18382 0.245370 0
18390 0.000000 0
18398 0.000000 0
18405 0.114612 0
18412 0.000000 0
18420 0.000000 0
18428 0.194887 0
18435 0.000000 0
18442 0.000000 0
18450 0.448654 0
18458 0.716929 0
18465 0.288929 0
18472 0.000000 0
18480 0.000000 0
18488 0.000000 0
18495 0.000000 0
18502 0.000000 0
18510 0.380453 0
18518 0.408771 0
18525 0.000000 0
18532 0.000000 0
18540 0.000000 0
18548 0.000000 0
18555 0.000000 0
18562 0.219596 0
18570 0.592983 0
18578 0.331206 0
18585 0.000000 0
18592 0.000000 0
18600 0.000000 0
18608 0.000000 0
18615 0.181109 0
18622 0.000000 0
18630 0.333747 0
18638 0.299406 0
18645 0.000000 0
18652 0.000000 0
18660 0.000000 0
18668 0.000000 0
18675 0.000000 0
18682 0.296302 0
18690 0.786296 0
18698 0.555995 0
18705 0.000000 0
18712 0.000000 0
18720 0.000000 0
18728 0.000000 0
18735 0.000000 0
18742 0.000000 0
18750 0.196641 0
18758 0.000000 0
18765 0.000000 0
18772 0.000000 0
18780 0.000000 0
18788 0.000000 0
18795 0.000000 0
18802 0.337394 0
18810 0.247537 0
18818 0.000000 0
18825 0.000000 0
18832 0.000000 0
18840 0.000000 0
18848 0.000000 0
18855 0.000000 0
18862 0.000000 0
18870 0.000000 0
18878 0.000000 0
18885 0.000000 0
18892 0.000000 0
18900 0.038673 0
18908 0.130207 0
18915 0.337437 0
18922 0.737096 0
18930 0.776915 0
18938 0.193202 0
18945 0.000000 0
18952 0.000000 0
18960 0.000000 0
18968 0.000000 0
18975 0.577110 0
18982 0.573606 0
18990 0.000000 0
18998 0.000000 0
19005 0.000000 0
19012 0.000000 0
19020 0.000000 0
19028 0.000000 0
19035 0.658944 0
19042 0.648166 0
19050 0.000000 0
19058 0.000000 0
19065 0.000000 0
19072 0.000000 0
19080 0.000000 0
19088 0.000000 0
19095 0.000000 0
19102 0.483616 0
19110 0.000000 0
19118 0.000000 0
19125 0.000000 0
19132 0.000000 0
19140 0.000000 0
19148 0.279979 0
19155 0.605388 0
19162 0.761138 0
19170 0.184865 0
19178 0.000000 0
19185 0.000000 0
19192 0.000000 0
19200 0.000000 0
19208 0.000000 0
19215 0.000000 0
19222 0.000000 0
19230 0.000000 0
19238 0.000000 0
19245 0.240844 0
19252 0.000000 0
19260 0.000000 0
19268 0.000000 0
19275 0.363631 0
19282 0.000000 0
19290 0.000000 0
19298 0.000000 0
19305 0.000000 0
19312 0.000000 0
19320 0.000000 0
19328 0.000000 0
19335 0.257576 0
19342 0.000000 0
19350 0.000000 0
19358 0.000000 0
19365 0.000000 0
19372 0.000000 0
19380 0.062856 0
19388 0.561926 0
19395 0.914155 0
19402 0.494843 0
19410 0.000000 0
19418 0.000000 0
19425 0.000000 0
19432 0.000000 0
19440 0.000000 0
19448 0.483499 0
19455 0.548740 0
19462 0.000000 0
19470 0.000000 0
19478 0.000000 0
19485 0.000000 0
19492 0.115187 0
19500 0.223330 0
19508 0.617459 0
19515 0.399287 0
19522 0.000000 0
19530 0.000000 0
19538 0.000000 0
19545 0.000000 0
19552 0.000000 0
19560 0.000000 0
19568 0.394294 0
19575 0.133030 0
19582 0.000000 0
19590 0.000000 0
19598 0.000000 0
19605 0.000000 0
19612 0.204976 0
19620 0.440960 0
19628 1.000000 0
19635 0.494589 0
19642 0.000000 0
19650 0.000000 0
19658 0.000000 0
19665 0.000000 0
19672 0.000000 0
19680 0.000000 0
19688 0.071802 0
19695 0.000000 0
19702 0.000000 0
19710 0.000000 0
19718 0.000000 0
19725 0.000000 0
19732 0.000000 0
19740 0.213663 0
19748 0.450356 0
19755 0.294458 0
19762 0.000000 0
19770 0.000000 0
19778 0.000000 0
19785 0.000000 0
19792 0.000000 0
19800 0.167359 0
19808 0.089623 0
19815 0.000000 0
19822 0.000000 0
19830 0.000000 0
19838 0.000000 0
19845 0.179180 0
19852 0.000000 0
19860 0.974597 0
19868 0.766788 0
19875 0.000000 0
19882 0.000000 0
19890 0.000000 0
19898 0.000000 0
19905 0.000000 0
19912 0.000000 0
19920 0.674871 0
19928 0.000000 0
19935 0.000000 0
19942 0.000000 0
19950 0.000000 0
19958 0.000000 0
19965 0.190030 0
19972 0.615124 0
19980 0.674588 0
19988 0.191777 0
19995 0.000000 0
20002 0.000000 0
20010 0.000000 0
20018 0.000000 0
20025 0.000000 0
20032 0.255446 0
20040 0.453465 0
20048 0.000000 0
20055 0.000000 0
20062 0.000000 0
20070 0.000000 0
20078 0.000000 0
20085 0.000000 0
20092 0.937793 0
20100 0.825829 0
20108 0.211838 0
20115 0.000000 0
20122 0.000000 0
20130 0.000000 0
20138 0.000000 0
20145 0.000000 0
20152 0.000000 0
20160 0.000000 0
20168 0.000000 0
20175 0.000000 0
20182 0.000000 0
20190 0.000000 0
20198 0.000000 0
20205 0.000000 0
20212 0.477243 0
20220 0.217400 0
20228 0.000000 0
20235 0.000000 0
20242 0.000000 0
20250 0.000000 0
20258 0.000000 0
20265 0.000000 0
20272 0.000000 0
20280 0.000000 0
20288 0.000000 0
20295 0.000000 0
20302 0.000000 0
20310 0.000000 0
20318 0.000000 0
20325 0.745988 0
20332 0.970673 0
20340 0.449606 0
20348 0.000000 0
20355 0.000000 0
20362 0.000000 0
20370 0.000000 0
20378 0.000000 0
20385 0.602111 0
20392 0.433221 0
20400 0.000000 0
20408 0.000000 0
20415 0.000000 0
20422 0.000000 0
20430 0.205289 0
20438 0.000000 0
20445 0.531091 0
20452 0.501337 0
20460 0.000000 0
20468 0.000000 0
20475 0.000000 0
20482 0.000000 0
20490 0.000000 0
20498 0.074200 0
20505 0.486086 0
20512 0.149095 0
20520 0.000000 0
20528 0.000000 0
20535 0.000000 0
20542 0.000000 0
20550 0.000000 0
20558 0.564440 0
20565 1.000000 0
20572 0.508245 0
20580 0.000000 0
20588 0.000000 0
20595 0.000000 0
20602 0.000000 0
20610 0.000000 0
20618 0.000000 0
20625 0.000000 0
20632 0.000000 0
20640 0.000000 0
20648 0.000000 0
20655 0.000000 0
20662 0.000000 0
20670 0.000000 0
20678 0.241972 0
20685 0.555148 0
20692 0.261487 0
20700 0.000000 0
20708 0.000000 0
20715 0.000000 0
20722 0.000000 0
20730 0.000000 0
20738 0.000000 0
20745 0.000000 0
20752 0.000000 0
20760 0.000000 0
20768 0.000000 0
20775 0.000000 0
20782 0.000000 0
20790 0.182695 0
20798 1.000000 0
20805 0.781258 0
20812 0.000000 0
20820 0.000000 0
20828 0.000000 0
20835 0.000000 0
20842 0.305511 0
20850 0.224112 0
20858 0.270381 0
20865 0.000000 0
20872 0.000000 0
20880 0.000000 0
20888 0.000000 0
20895 0.000000 0
20902 0.082436 0
20910 0.441984 0
20918 0.622593 0
20925 0.125432 0
20932 0.000000 0
20940 0.000000 0
20948 0.000000 0
20955 0.050088 0
20962 0.000000 0
20970 0.258907 0
20978 0.062978 0
20985 0.000000 0
20992 0.000000 0
21000 0.000000 0
21008 0.000000 0
21015 0.000000 0
21022 0.000000 0
21030 0.993501 0
21038 0.848210 0
21045 0.038789 0
21052 0.000000 0
21060 0.000000 0
21068 0.000000 0
21075 0.366991 0
21082 0.000000 0
21090 0.000000 0
21098 0.000000 0
21105 0.000000 0
21112 0.000000 0
21120 0.000000 0
21128 0.000000 0
21135 0.000000 0
21142 0.000000 0
21150 0.660447 0
21158 0.516436 0
21165 0.000000 0
21172 0.000000 0
21180 0.000000 0
21188 0.000000 0
21195 0.000000 0
21202 0.126443 0
21210 0.000000 0
21218 0.000000 0
21225 0.000000 0
21232 0.000000 0
21240 0.269693 0
21248 0.322147 0
21255 0.000000 0
21262 0.701521 0
21270 1.000000 0
21278 0.442061 0
21285 0.000000 0
21292 0.000000 0
21300 0.099195 0
21308 0.229293 0
21315 0.203976 0
21322 0.410963 0
21330 0.328052 0
21338 0.000000 0
21345 0.000000 0
21352 0.000000 0
21360 0.000000 0
21368 0.054278 0
21375 0.146657 0
21382 0.551527 0
21390 0.445954 0
21398 0.217774 0
21405 0.000000 0
21412 0.000000 0
21420 0.222574 0
21428 0.000000 0
21435 0.000000 0
21442 0.300909 0
21450 0.413547 0
21458 0.349571 0
21465 0.000000 0
21472 0.000000 0
21480 0.231123 0
21488 0.229844 0
21495 0.000000 0
21502 0.606018 0
21510 0.564413 0
21518 0.000000 0
21525 0.000000 0
21532 0.000000 0
21540 0.000000 0
21548 0.000000 0
21555 0.000000 0
21562 0.000000 0
21570 0.000000 0
21578 0.000000 0
21585 0.000000 0
21592 0.000000 0
21600 0.198539 0
21608 0.000000 0
21615 0.074310 0
21622 0.356014 0
21630 0.229279 0
21638 0.000000 0
21645 0.000000 0
21652 0.000000 0
21660 0.000000 0
21668 0.189079 0
21675 0.541899 0
21682 0.313759 0
21690 0.032447 0
21698 0.416916 0
21705 0.808556 0
21712 0.954255 0
21720 0.698160 0
21728 0.267539 0
21735 0.000000 0
21742 0.081710 0
21750 0.196549 0
21758 0.464223 0
21765 0.462174 0
21772 0.000000 0
21780 0.000000 0
21788 0.000000 0
21795 0.000000 0
21802 0.000000 0
21810 0.000000 0
21818 0.057176 0
21825 0.198706 0
21832 0.000000 0
21840 0.000000 0
21848 0.189144 0
21855 0.430453 0
21862 0.389437 0
21870 0.000000 0
21878 0.000000 0
21885 0.169522 0
21892 0.000000 0
21900 0.000000 0
21908 0.274310 0
21915 0.335717 0
21922 0.000000 0
21930 0.000000 0
21938 0.000000 0
21945 0.132236 0
21952 0.318659 0
21960 0.348590 0
21968 0.463059 0
21975 0.626448 0
21982 0.322409 0
21990 0.000000 0
21998 0.000000 0
22005 0.072359 0
22012 0.000000 0
22020 0.130476 0
22028 0.000000 0
22035 0.000000 0
22042 0.000000 0
22050 0.000000 0
22058 0.000000 0
22065 0.000000 0
22072 0.265641 0
22080 0.000000 0
22088 0.370149 0
22095 0.299404 0
22102 0.000000 0
22110 0.000000 0
22118 0.342640 0
22125 0.423835 0
22132 0.000000 0
22140 0.000000 0
22148 0.000000 0
22155 0.000000 0
22162 0.000000 0
22170 0.000000 0
22178 0.000000 0
22185 0.000000 0
22192 0.000000 0
22200 0.282502 0
22208 0.495281 0
22215 0.000000 0
22222 0.000000 0
22230 0.000000 0
22238 0.000000 0
22245 0.000000 0
22252 0.000000 0
22260 0.277316 0
22268 0.285275 0
22275 0.000000 0
22282 0.000000 0
22290 0.000000 0
22298 0.000000 0
22305 0.125441 0
22312 0.000000 0
22320 0.312338 0
22328 0.339942 0
22335 0.300877 0
22342 0.163655 0
22350 0.000000 0
22358 0.000000 0
22365 0.152641 0
22372 0.043165 0
22380 0.294086 0
22388 0.315851 0
22395 0.227968 0
22402 0.000000 0
22410 0.000000 0
22418 0.179623 0
22425 0.604977 0
22432 0.395177 0
22440 0.520352 0
22448 0.522107 0
22455 0.293254 0
22462 0.000000 0
22470 0.000000 0
22478 0.133911 0
22485 0.192802 0
22492 0.000000 0
22500 0.000000 0
22508 0.000000 0
22515 0.163346 0
22522 0.000000 0
22530 0.000000 0
22538 0.090115 0
22545 0.000000 0
22552 0.000000 0
22560 0.395365 0
22568 0.187052 0
22575 0.000000 0
22582 0.000000 0
22590 0.000000 0
22598 0.000000 0
22605 0.000000 0
22612 0.000000 0
22620 0.000000 0
22628 0.000000 0
22635 0.000000 0
22642 0.145017 0
22650 0.324338 0
22658 0.479946 0
22665 0.457936 0
22672 0.426759 0
22680 0.708365 0
22688 0.713345 0
22695 0.448212 0
22702 0.192542 0
22710 0.150782 0
22718 0.000000 0
22725 0.050159 0
22732 0.000000 0
22740 0.000000 0
22748 0.000000 0
22755 0.193420 0
22762 0.370097 0
22770 0.000000 0
22778 0.000000 0
22785 0.154962 0
22792 0.330320 0
22800 0.000000 0
22808 0.000000 0
22815 0.000000 0
22822 0.000000 0
22830 0.181651 0
22838 0.293929 0
22845 0.177487 0
22852 0.000000 0
22860 0.000000 0
22868 0.000000 0
22875 0.000000 0
22882 0.307080 0
22890 0.459714 0
22898 0.135174 0
22905 0.371616 0
22912 0.341312 0
22920 0.116580 0
22928 0.347042 0
22935 0.177375 0
22942 0.000000 0
22950 0.140175 0
22958 0.097168 0
22965 0.186608 0
22972 0.202748 0
22980 0.000000 0
22988 0.000000 0
22995 0.238760 0
23002 0.000000 0
23010 0.000000 0
23018 0.286718 0
23025 0.395414 0
23032 0.306115 0
23040 0.000000 0
23048 0.000000 0
23055 0.000000 0
23062 0.000000 0
23070 0.000000 0
23078 0.000000 0
23085 0.120976 0
23092 0.081674 0
23100 0.000000 0
23108 0.000000 0
23115 0.000000 0
23122 0.129768 0
23130 0.000000 0
23138 0.153003 0
23145 0.149315 0
23152 0.000000 0
23160 0.000000 0
23168 0.000000 0
23175 0.000000 0
23182 0.000000 0
23190 0.272713 0
23198 0.000000 0
23205 0.275201 0
23212 0.000000 0
23220 0.000000 0
23228 0.000000 0
23235 0.222101 0
23242 0.000000 0
23250 0.000000 0
23258 0.206046 0
23265 0.232972 0
23272 0.264823 0
23280 0.227551 0
23288 0.147942 0
23295 0.000000 0
23302 0.000000 0
23310 0.000000 0
23318 0.000000 0
23325 0.403643 0
23332 0.000000 0
23340 0.000000 0
23348 0.000000 0
23355 0.000000 0
23362 0.000000 0
23370 0.246722 0
23378 0.381881 0
23385 0.000000 0
23392 0.103697 0
23400 0.000000 0
23408 0.000000 0
23415 0.000000 0
23422 0.000000 0
23430 0.000000 0
23438 0.101154 0
23445 0.286617 0
23452 0.000000 0
23460 0.000000 0
23468 0.000000 0
23475 0.000000 0
23482 0.000000 0
23490 0.000000 0
23498 0.148832 0
23505 0.148754 0
23512 0.000000 0
23520 0.000000 0
23528 0.000000 0
23535 0.138118 0
23542 0.063401 0
23550 0.000000 0
23558 0.000000 0
23565 0.362512 0
23572 0.290499 0
23580 0.437796 0
23588 0.805364 0
23595 0.500736 0
23602 0.413971 0
23610 0.649211 0
23618 0.245281 0
23625 0.000000 0
23632 0.000000 0
23640 0.000000 0
23648 0.000000 0
23655 0.293389 0
23662 0.000000 0
23670 0.144234 0
23678 0.055887 0
23685 0.000000 0
23692 0.000000 0
23700 0.277227 0
23708 0.000000 0
23715 0.000000 0
23722 0.227738 0
23730 0.292856 0
23738 0.200110 0
23745 0.000000 0
23752 0.000000 0
23760 0.000000 0
23768 0.000000 0
23775 0.000000 0
23782 0.000000 0
23790 0.000000 0
23798 0.000000 0
23805 0.000000 0
23812 0.000000 0
23820 0.000000 0
23828 0.000000 0
23835 0.125744 0
23842 0.294675 0
23850 0.435772 0
23858 0.352639 0
23865 0.000000 0
23872 0.000000 0
23880 0.000000 0
23888 0.000000 0
23895 0.000000 0
23902 0.000000 0
23910 0.000000 0
23918 0.000000 0
23925 0.000000 0
23932 0.107773 0
23940 0.000000 0
23948 0.000000 0
23955 0.000000 0
23962 0.397470 0
23970 0.573830 0
23978 0.244782 0
23985 0.000000 0
23992 0.000000 0
24000 0.000000 0
24008 0.000000 0
24015 0.000000 0
24022 0.100467 0
24030 0.131704 0
24038 0.272330 0
24045 0.361296 0
24052 0.269920 0
24060 0.000000 0
24068 0.267719 0
24075 0.481097 0
24082 0.369191 0
24090 0.192913 0
24098 0.000000 0
24105 0.143078 0
24112 0.390151 0
24120 0.426513 0
24128 0.342075 0
24135 0.238913 0
24142 0.326188 0
24150 0.000000 0
24158 0.000000 0
24165 0.000000 0
24172 0.000000 0
24180 0.000000 0
24188 0.000000 0
24195 0.395223 0
24202 0.433984 0
24210 0.347350 0
24218 0.000000 0
24225 0.000000 0
24232 0.000000 0
24240 0.000000 0
24248 0.000000 0
24255 0.380867 0
24262 0.063125 0
24270 0.000000 0
24278 0.000000 0
24285 0.207334 0
24292 0.258045 0
24300 0.165103 0
24308 0.000000 0
24315 0.000000 0
24322 0.509773 0
24330 0.279468 0
24338 0.000000 0
24345 0.000000 0
24352 0.000000 0
24360 0.227756 0
24368 0.202731 0
24375 0.000000 0
24382 0.000000 0
24390 0.000000 0
24398 0.168010 0
24405 0.000000 0
24412 0.000000 0
24420 0.194475 0
24428 0.084220 0
24435 0.382545 0
24442 0.433190 0
24450 0.000000 0
24458 0.000000 0
24465 0.187455 0
24472 0.000000 0
24480 0.000000 0
24488 0.000000 0
24495 0.000000 0
24502 0.000000 0
24510 0.513221 0
24518 0.212596 0
24525 0.000000 0
24532 0.348799 0
24540 0.279895 0
24548 0.409258 0
24555 0.562697 0
24562 0.359861 0
24570 0.316160 0
24578 0.242781 0
24585 0.421076 0
24592 0.000000 0
24600 0.000000 0
24608 0.128877 0
24615 0.000000 0
24622 0.224056 0
24630 0.000000 0
24638 0.273811 0
24645 0.164273 0
24652 0.000000 0
24660 0.187585 0
24668 0.318116 0
24675 0.000000 0
24682 0.000000 0
24690 0.000000 0
24698 0.000000 0
24705 0.000000 0
24712 0.397954 0
24720 0.282657 0
24728 0.303384 0
24735 0.477176 0
24742 0.461511 0
24750 0.500432 0
24758 0.262738 0
24765 0.000000 0
24772 0.336121 0
24780 0.000000 0
24788 0.359685 0
24795 0.000000 0
24802 0.000000 0
24810 0.259140 0
24818 0.280760 0
24825 0.000000 0
24832 0.000000 0
24840 0.000000 0
24848 0.000000 0
24855 0.057767 0
24862 0.000000 0
24870 0.000000 0
24878 0.000000 0
24885 0.000000 0
24892 0.203782 0
24900 0.480416 0
24908 0.295255 0
24915 0.000000 0
24922 0.000000 0
24930 0.000000 0
24938 0.000000 0
24945 0.116673 0
24952 0.151801 0
24960 0.166428 0
24968 0.000000 0
24975 0.000000 0
24982 0.000000 0
24990 0.000000 0
24998 0.084093 0
25005 0.000000 0
25012 0.492952 0
25020 0.613245 0
25028 0.000000 0
25035 0.000000 0
25042 0.000000 0
25050 0.000000 0
25058 0.000000 0
25065 0.218435 0
25072 0.095653 0
25080 0.000000 0
25088 0.000000 0
25095 0.000000 0
25102 0.310714 0
25110 0.000000 0
25118 0.000000 0
25125 0.290046 0
25132 0.219251 0
25140 0.199537 0
25148 0.000000 0
25155 0.000000 0
25162 0.000000 0
25170 0.161051 0
25178 0.000000 0
25185 0.295201 0
25192 0.000000 0
25200 0.000000 0
25208 0.000000 0
25215 0.000000 0
25222 0.121596 0
25230 0.000000 0
25238 0.000000 0
25245 0.000000 0
25252 0.504805 0
25260 0.037090 0
25268 0.000000 0
25275 0.000000 0
25282 0.194630 0
25290 0.215908 0
25298 0.000000 0
25305 0.000000 0
25312 0.000000 0
25320 0.000000 0
25328 0.000000 0
25335 0.000000 0
25342 0.000000 0
25350 0.200290 0
25358 0.000000 0
25365 0.287292 0
25372 0.154893 0
25380 0.000000 0
25388 0.000000 0
25395 0.000000 0
25402 0.000000 0
25410 0.000000 0
25418 0.000000 0
25425 0.107901 0
25432 0.257187 0
25440 0.155475 0
25448 0.000000 0
25455 0.000000 0
25462 0.405524 0
25470 0.316197 0
25478 0.423691 0
25485 0.513172 0
25492 0.600092 0
25500 0.501411 0
25508 0.000000 0
25515 0.000000 0
25522 0.000000 0
25530 0.340673 0
25538 0.000000 0
25545 0.000000 0
25552 0.000000 0
25560 0.000000 0
25568 0.000000 0
25575 0.000000 0
25582 0.000000 0
25590 0.000000 0
25598 0.222899 0
25605 0.351861 0
25612 0.341494 0
25620 0.000000 0
25628 0.000000 0
25635 0.000000 0
25642 0.000000 0
25650 0.000000 0
25658 0.173049 0
25665 0.045490 0
25672 0.000000 0
25680 0.000000 0
25688 0.000000 0
25695 0.274705 0
25702 0.279592 0
25710 0.279147 0
25718 0.391578 0
25725 0.649370 0
25732 0.438013 0
25740 0.000000 0
25748 0.000000 0
25755 0.000000 0
25762 0.000000 0
25770 0.000000 0
25778 0.239706 0
25785 0.068654 0
25792 0.000000 0
25800 0.000000 0
25808 0.000000 0
25815 0.000000 0
25822 0.000000 0
25830 0.000000 0
25838 0.235855 0
25845 0.342930 0
25852 0.000000 0
25860 0.293862 0
25868 0.000000 0
25875 0.000000 0
25882 0.000000 0
25890 0.000000 0
25898 0.000000 0
25905 0.172512 0
25912 0.000000 0
25920 0.000000 0
25928 0.000000 0
25935 0.022217 0
25942 0.000000 0
25950 0.462019 0
25958 0.682410 0
25965 0.373244 0
25972 0.000000 0
25980 0.091981 0
25988 0.544996 0
25995 0.464254 0
26002 0.145117 0
26010 0.000000 0
26018 0.232774 0
26025 0.000000 0
26032 0.000000 0
26040 0.000000 0
26048 0.073708 0
26055 0.000000 0
26062 0.047072 0
26070 0.143153 0
26078 0.000000 0
26085 0.000000 0
26092 0.000000 0
26100 0.000000 0
26108 0.000000 0
26115 0.172041 0
26122 0.000000 0
26130 0.167669 0
26138 0.148124 0
26145 0.000000 0
26152 0.000000 0
26160 0.000000 0
26168 0.221739 0
26175 0.000000 0
26182 0.376344 0
26190 0.566849 0
26198 0.448552 0
26205 0.000000 0
26212 0.306609 0
26220 0.000000 0
26228 0.096493 0
26235 0.182434 0
26242 0.000000 0
26250 0.000000 0
26258 0.000000 0
26265 0.000000 0
26272 0.000000 0
26280 0.000000 0
26288 0.107648 0
26295 0.292995 0
26302 0.201860 0
26310 0.271023 0
26318 0.175071 0
26325 0.000000 0
26332 0.000000 0
26340 0.000000 0
26348 0.000000 0
26355 0.000000 0
26362 0.000000 0
26370 0.138683 0
26378 0.000000 0
26385 0.000000 0
26392 0.000000 0
26400 0.026639 0
26408 0.000000 0
26415 0.000000 0
26422 0.668866 0
26430 0.595815 0
26438 0.000000 0
26445 0.000000 0
26452 0.000000 0
26460 0.000000 0
26468 0.000000 0
26475 0.000000 0
26482 0.404397 0
26490 0.280822 0
26498 0.000000 0
26505 0.000000 0
26512 0.000000 0
26520 0.042019 0
26528 0.420026 0
26535 0.087104 0
26542 0.343846 0
26550 0.361539 0
26558 0.317571 0
26565 0.000000 0
26572 0.000000 0
26580 0.301545 0
26588 0.386714 0
26595 0.358254 0
26602 0.229039 0
26610 0.000000 0
26618 0.000000 0
26625 0.262871 0
26632 0.313181 0
26640 0.000000 0
26648 0.000000 0
26655 0.396899 0
26662 0.597409 0
26670 0.426840 0
26678 0.338986 0
26685 0.346693 0
26692 0.437926 0
26700 0.000000 0
26708 0.000000 0
26715 0.000000 0
26722 0.000000 0
26730 0.000000 0
26738 0.000000 0
26745 0.233580 0
26752 0.000000 0
26760 0.000000 0
26768 0.000000 0
26775 0.264518 0
26782 0.320957 0
26790 0.133531 0
26798 0.000000 0
26805 0.139585 0
26812 0.000000 0
26820 0.000000 0
26828 0.000000 0
26835 0.000000 0
26842 0.000000 0
26850 0.000000 0
26858 0.000000 0
26865 0.139069 0
26872 0.351041 0
26880 0.000000 0
26888 0.133264 0
26895 0.502181 0
26902 0.433430 0
26910 0.000000 0
26918 0.000000 0
26925 0.000000 0
26932 0.000000 0
26940 0.000000 0
26948 0.148763 0
26955 0.099300 0
26962 0.000000 0
26970 0.000000 0
26978 0.000000 0
26985 0.215747 0
26992 0.166518 0
27000 0.103549 0
27008 0.325450 0
27015 0.374099 0
27022 0.367819 0
27030 0.000000 0
27038 0.284643 0
27045 0.000000 0
27052 0.000000 0
27060 0.000000 0
27068 0.342375 0
27075 0.000000 0
27082 0.000000 0
27090 0.000000 0
27098 0.171703 0
27105 0.193894 0
27112 0.288628 0
27120 0.275448 0
27128 0.336204 0
27135 0.342260 0
27142 0.000000 0
27150 0.000000 0
27158 0.000000 0
27165 0.000000 0
27172 0.000000 0
27180 0.316424 0
27188 0.279599 0
27195 0.000000 0
27202 0.080425 0
27210 0.000000 0
27218 0.000000 0
27225 0.257130 0
27232 0.000000 0
27240 0.121209 0
27248 0.374133 0
27255 0.168672 0
27262 0.000000 0
27270 0.000000 0
27278 0.000000 0
27285 0.000000 0
27292 0.289874 0
27300 0.118404 0
27308 0.000000 0
27315 0.000000 0
27322 0.000000 0
27330 0.000000 0
27338 0.287518 0
27345 0.000000 0
27352 0.000000 0
27360 0.568973 0
27368 0.739799 0
27375 0.249085 0
27382 0.000000 0
27390 0.266487 0
27398 0.000000 0
27405 0.000000 0
27412 0.000000 0
27420 0.000000 0
27428 0.172483 0
27435 0.092173 0
27442 0.000000 0
27450 0.246487 0
27458 0.000000 0
27465 0.000000 0
27472 0.131405 0
27480 0.343465 0
27488 0.000000 0
27495 0.000000 0
27502 0.200783 0
27510 0.242993 0
27518 0.000000 0
27525 0.200826 0
27532 0.117833 0
27540 0.000000 0
27548 0.000000 0
27555 0.317662 0
27562 0.178166 0
27570 0.000000 0
27578 0.000000 0
27585 0.085826 0
27592 0.329931 0
27600 0.530010 0
27608 0.308157 0
27615 0.000000 0
27622 0.000000 0
27630 0.118114 0
27638 0.000000 0
27645 0.000000 0
27652 0.000000 0
27660 0.000000 0
27668 0.000000 0
27675 0.000000 0
27682 0.000000 0
27690 0.276769 0
27698 0.364957 0
27705 0.000000 0
27712 0.383186 0
27720 0.480811 0
27728 0.000000 0
27735 0.000000 0
27742 0.000000 0
27750 0.211621 0
27758 0.000000 0
27765 0.000000 0
27772 0.395106 0
27780 0.329188 0
27788 0.000000 0
27795 0.000000 0
27802 0.139623 0
27810 0.000000 0
27818 0.000000 0
27825 0.119133 0
27832 0.584803 0
27840 0.166816 0
27848 0.000000 0
27855 0.000000 0
27862 0.000000 0
27870 0.000000 0
27878 0.251897 0
27885 0.288931 0
27892 0.206487 0
27900 0.014382 0
27908 0.000000 0
27915 0.000000 0
27922 0.000000 0
27930 0.000000 0
27938 0.000000 0
27945 0.371644 0
27952 0.367434 0
27960 0.000000 0
27968 0.328647 0
27975 0.000000 0
27982 0.000000 0
27990 0.000000 0
27998 0.000000 0
28005 0.000000 0
28012 0.341351 0
28020 0.000000 0
28028 0.000000 0
28035 0.378752 0
28042 0.000000 0
28050 0.000000 0
28058 0.296415 0
28065 0.776520 0
28072 0.444403 0
28080 0.000000 0
28088 0.000000 0
28095 0.000000 0
28102 0.000000 0
28110 0.000000 0
28118 0.000000 0
28125 0.000000 0
28132 0.000000 0
28140 0.000000 0
28148 0.000000 0
28155 0.000000 0
28162 0.000000 0
28170 0.000000 0
28178 0.015617 0
28185 0.238823 0
28192 0.209798 0
28200 0.072361 0
28208 0.000000 0
28215 0.000000 0
28222 0.000000 0
28230 0.089851 0
28238 0.000000 0
28245 0.000000 0
28252 0.000000 0
28260 0.000000 0
28268 0.000000 0
28275 0.236957 0
28282 0.305068 0
28290 0.140126 0
28298 0.808932 0
28305 0.711036 0
28312 0.000000 0
28320 0.000000 0
28328 0.000000 0
28335 0.000000 0
28342 0.083138 0
28350 0.277065 0
28358 0.000000 0
28365 0.000000 0
28372 0.000000 0
28380 0.000000 0
28388 0.000000 0
28395 0.000000 0
28402 0.225079 0
28410 0.175702 0
28418 0.513654 0
28425 0.456583 0
28432 0.000000 0
28440 0.000000 0
28448 0.000000 0
28455 0.000000 0
28462 0.000000 0
28470 0.216522 0
28478 0.195398 0
28485 0.161366 0
28492 0.000000 0
28500 0.000000 0
28508 0.000000 0
28515 0.000000 0
28522 0.372005 0
28530 0.851546 0
28538 0.830217 0
28545 0.000000 0
28552 0.000000 0
28560 0.000000 0
28568 0.000000 0
28575 0.000000 0
28582 0.000000 0
28590 0.000000 0
28598 0.000000 0
28605 0.000000 0
28612 0.000000 0
28620 0.000000 0
28628 0.000000 0
28635 0.000000 0
28642 0.000000 0
28650 0.360356 0
28658 0.527123 0
28665 0.000000 0
28672 0.000000 0
28680 0.000000 0
28688 0.000000 0
28695 0.000000 0
28702 0.000000 0
28710 0.000000 0
28718 0.000000 0
28725 0.000000 0
28732 0.079352 0
28740 0.000000 0
28748 0.000000 0
28755 0.242682 0
28762 0.805042 0
28770 0.924679 0
28778 0.376795 0
28785 0.000000 0
28792 0.000000 0
28800 0.000000 0
28808 0.000000 0
28815 0.000000 0
28822 0.161321 0
28830 0.291796 0
28838 0.000000 0
28845 0.000000 0
28852 0.000000 0
28860 0.135792 0
28868 0.259153 0
28875 0.000000 0
28882 0.479003 0
28890 0.520921 0
28898 0.303446 0
28905 0.000000 0
28912 0.000000 0
28920 0.000000 0
28928 0.000000 0
28935 0.000000 0
28942 0.108614 0
28950 0.000000 0
28958 0.000000 0
28965 0.000000 0
28972 0.000000 0
28980 0.000000 0
28988 0.000000 0
28995 0.486473 0
29002 0.948714 0
29010 0.625200 0
29018 0.000000 0
29025 0.000000 0
29032 0.000000 0
29040 0.000000 0
29048 0.242312 0
29055 0.000000 0
29062 0.000000 0
29070 0.000000 0
29078 0.000000 0
29085 0.000000 0
29092 0.000000 0
29100 0.000000 0
29108 0.000000 0
29115 0.148789 0
29122 0.481177 0
29130 0.362085 0
29138 0.000000 0
29145 0.000000 0
29152 0.162424 0
29160 0.000000 0
29168 0.000000 0
29175 0.000000 0
29182 0.000000 0
29190 0.000000 0
29198 0.000000 0
29205 0.000000 0
29212 0.000000 0
29220 0.000000 0
29228 0.414807 0
29235 0.980352 0
29242 0.636116 0
29250 0.000000 0
29258 0.000000 0
29265 0.000000 0
29272 0.000000 0
29280 0.000000 0
29288 0.000000 0
29295 0.242165 0
29302 0.000000 0
29310 0.000000 0
29318 0.000000 0
29325 0.000000 0
29332 0.000000 0
29340 0.217436 0
29348 0.441590 0
29355 0.623374 0
29362 0.528164 0
29370 0.000000 0
29378 0.000000 0
29385 0.000000 0
29392 0.000000 0
29400 0.000000 0
29408 0.000000 0
29415 0.166792 0
29422 0.000000 0
29430 0.000000 0
29438 0.000000 0
29445 0.000000 0
29452 0.126846 0
29460 0.177629 0
29468 0.884437 0
29475 0.802286 0
29482 0.325830 0
29490 0.000000 0
29498 0.000000 0
29505 0.300210 0
29512 0.000000 0
29520 0.314578 0
29528 0.000000 0
29535 0.000000 0
29542 0.000000 0
29550 0.047138 0
29558 0.000000 0
29565 0.241250 0
29572 0.414433 0
29580 0.000000 0
29588 0.268262 0
29595 0.361152 0
29602 0.000000 0
29610 0.000000 0
29618 0.000000 0
29625 0.000000 0
29632 0.000000 0
29640 0.000000 0
29648 0.000000 0
29655 0.000000 0
29662 0.000000 0
29670 0.000000 0
29678 0.000000 0
29685 0.248159 0
29692 0.267414 0
29700 0.448142 0
29708 0.722159 0
29715 0.550175 0
29722 0.000000 0
29730 0.000000 0
29738 0.000000 0
29745 0.204725 0
29752 0.212065 0
29760 0.318674 0
29768 0.000000 0
29775 0.000000 0
29782 0.000000 0
29790 0.000000 0
29798 0.295880 0
29805 0.314498 0
29812 0.354868 0
29820 0.398172 0
29828 0.614479 0
29835 0.167005 0
29842 0.000000 0
29850 0.000000 0
29858 0.000000 0
29865 0.000000 0
29872 0.000000 0
29880 0.000000 0
29888 0.157329 0
29895 0.114446 0
29902 0.000000 0
29910 0.000000 0
29918 0.000000 0
29925 0.000000 0
29932 0.000000 0
29940 0.604330 0
29948 0.481310 0
29955 0.000000 0
29962 0.000000 0
29970 0.000000 0
29978 0.008756 0
29985 0.234861 0
29992 0.000000 0
30000 0.308526 0
30008 0.000000 0
30015 0.191246 0
30022 0.000000 0
30030 0.000000 0
30038 0.342613 0
30045 0.000000 0
30052 0.000000 0
30060 0.247241 0
30068 0.000000 0
30075 0.000000 0
30082 0.000000 0
30090 0.000000 0
30098 0.000000 0
30105 0.301022 0
30112 0.161645 0
30120 0.000000 0
30128 0.000000 0
30135 0.000000 0
30142 0.000000 0
30150 0.305381 0
30158 0.000000 0
30165 0.000000 0
30172 0.306814 0
30180 0.502594 0
30188 0.000000 0
30195 0.000000 0
30202 0.125915 0
30210 0.000000 0
30218 0.000000 0
30225 0.000000 0
30232 0.166990 0
30240 0.000000 0
30248 0.000000 0
30255 0.000000 0
30262 0.000000 0
30270 0.000000 0
30278 0.000000 0
30285 0.247909 0
30292 0.571095 0
30300 0.160078 0
30308 0.000000 0
30315 0.000000 0
30322 0.000000 0
30330 0.000000 0
30338 0.386967 0
30345 0.584292 0
30352 0.983083 0
30360 0.564050 0
30368 0.103812 0
30375 0.327978 0
30382 0.307458 0
30390 0.387787 0
30398 0.000000 0
30405 0.000000 0
30412 0.376691 0
30420 0.095494 0
30428 0.000000 0
30435 0.000000 0
30442 0.000000 0
30450 0.031402 0
30458 0.000000 0
30465 0.172699 0
30472 0.000000 0
30480 0.185485 0
30488 0.162996 0
30495 0.265439 0
30502 0.000000 0
30510 0.000000 0
30518 0.000000 0
30525 0.487945 0
30532 0.201275 0
30540 0.000000 0
30548 0.064935 0
30555 0.083913 0
30562 0.112539 0
30570 0.332369 0
30578 0.465902 0
30585 0.586405 0
30592 0.486061 0
30600 0.232856 0
30608 0.000000 0
30615 0.000000 0
30622 0.000000 0
30630 0.071511 0
30638 0.315130 0
30645 0.590539 0
30652 0.231942 0
30660 0.000000 0
30668 0.000000 0
30675 0.000000 0
30682 0.000000 0
30690 0.117445 0
30698 0.077627 0
30705 0.381673 0
30712 0.000000 0
30720 0.000000 0
30728 0.000000 0
30735 0.000000 0
30742 0.000000 0
30750 0.000000 0
30758 0.333104 0
30765 0.385870 0
30772 0.000000 0
30780 0.000000 0
30788 0.000000 0
30795 0.000000 0
30802 0.000000 0
30810 0.218471 0
30818 0.000000 0
30825 0.000000 0
30832 0.000000 0
30840 0.000000 0
30848 0.225490 0
30855 0.220103 0
30862 0.226064 0
30870 0.088322 0
30878 0.633270 0
30885 0.536369 0
30892 0.131579 0
30900 0.000000 0
30908 0.000000 0
30915 0.172346 0
30922 0.234797 0
30930 0.000000 0
30938 0.000000 0
30945 0.000000 0
30952 0.000000 0
30960 0.000000 0
30968 0.000000 0
30975 0.000000 0
30982 0.073241 0
30990 0.000000 0
30998 0.243076 0
31005 0.000000 0
31012 0.000000 0
31020 0.095322 0
31028 0.000000 0
31035 0.000000 0
31042 0.000000 0
31050 0.000000 0
31058 0.000000 0
31065 0.000000 0
31072 0.000000 0
31080 0.000000 0
31088 0.281981 0
31095 0.362299 0
31102 0.324126 0
31110 0.476331 0
31118 0.447106 0
31125 0.000000 0
31132 0.000000 0
31140 0.000000 0
31148 0.205891 0
31155 0.000000 0
31162 0.412359 0
31170 0.406366 0
31178 0.000000 0
31185 0.000000 0
31192 0.000000 0
31200 0.000000 0
31208 0.000000 0
31215 0.392666 0
31222 0.161284 0
31230 0.456653 0
31238 0.240441 0
31245 0.172690 0
31252 0.000000 0
31260 0.000000 0
31268 0.000000 0
31275 0.000000 0
31282 0.000000 0
31290 0.000000 0
31298 0.000000 0
31305 0.000000 0
31312 0.000000 0
31320 0.101476 0
31328 0.000000 0
31335 0.179703 0
31342 0.441536 0
31350 0.535793 0
31358 0.000000 0
31365 0.000000 0
31372 0.000000 0
31380 0.000000 0
31388 0.000000 0
31395 0.000000 0
31402 0.223295 0
31410 0.000000 0
31418 0.000000 0
31425 0.000000 0
31432 0.094948 0
31440 0.000000 0
31448 0.000000 0
31455 0.000000 0
31462 0.518432 0
31470 0.454311 0
31478 0.000000 0
31485 0.000000 0
31492 0.000000 0
31500 0.183509 0
31508 0.000000 0
31515 0.000000 0
31522 0.000000 0
31530 0.000000 0
31538 0.000000 0
31545 0.000000 0
31552 0.000000 0
31560 0.175052 0
31568 0.253563 0
31575 0.305791 0
31582 0.655907 0
31590 0.448706 0
31598 0.000000 0
31605 0.000000 0
31612 0.000000 0
31620 0.000000 0
31628 0.000000 0
31635 0.000000 0
31642 0.309022 0
31650 0.000000 0
31658 0.000000 0
31665 0.000000 0
31672 0.000000 0
31680 0.130796 0
31688 0.363109 0
31695 0.358894 0
31702 0.618614 0
31710 0.045098 0
31718 0.000000 0
31725 0.000000 0
31732 0.000000 0
31740 0.489889 0
31748 0.683516 0
31755 0.346204 0
31762 0.000000 0
31770 0.000000 0
31778 0.000000 0
31785 0.000000 0
31792 0.507611 0
31800 0.471152 0
31808 0.000000 0
31815 0.369097 0
31822 0.288415 0
31830 0.000000 0
31838 0.000000 0
31845 0.000000 0
31852 0.000000 0
31860 0.000000 0
31868 0.000000 0
31875 0.000000 0
31882 0.000000 0
31890 0.000000 0
31898 0.000000 0
31905 0.000000 0
31912 0.000000 0
31920 0.000000 0
31928 0.000000 0
31935 0.281028 0
31942 0.312927 0
31950 0.000000 0
31958 0.000000 0
31965 0.191984 0
31972 0.000000 0
31980 0.321852 0
31988 0.258234 0
31995 0.000000 0
32002 0.000000 0
32010 0.000000 0
32018 0.000000 0
32025 0.134444 0
32032 0.400955 0
32040 0.441739 0
32048 0.532217 0
32055 0.530810 0
32062 0.000000 0
32070 0.000000 0
32078 0.197812 0
32085 0.326311 0
32092 0.448872 0
32100 0.282480 0
32108 0.276339 0
32115 0.000000 0
32122 0.000000 0
32130 0.000000 0
32138 0.000000 0
32145 0.000000 0
32152 0.244490 0
32160 0.023809 0
32168 0.513638 0
32175 0.443005 0
32182 0.000000 0
32190 0.000000 0
32198 0.000000 0
32205 0.000000 0
32212 0.000000 0
32220 0.324876 0
32228 0.000000 0
32235 0.000000 0
32242 0.000000 0
32250 0.000000 0
32258 0.442873 0
32265 0.405284 0
32272 0.000000 0
32280 0.000000 0
32288 0.595687 0
32295 0.105237 0
32302 0.000000 0
32310 0.000000 0
32318 0.000000 0
32325 0.000000 0
32332 0.450073 0
32340 0.330700 0
32348 0.000000 0
32355 0.000000 0
32362 0.133040 0
32370 0.141815 0
32378 0.000000 0
32385 0.000000 0
32392 0.000000 0
32400 0.371775 0
32408 0.441442 0
32415 0.000000 0
32422 0.000000 0
32430 0.249945 0
32438 0.000000 0
32445 0.000000 0
32452 0.000000 0
32460 0.000000 0
32468 0.324567 0
32475 0.392590 0
32482 0.000000 0
32490 0.000000 0
32498 0.199830 0
32505 0.000000 0
32512 0.367090 0
32520 0.722961 0
32528 0.173497 0
32535 0.000000 0
32542 0.000000 0
32550 0.221756 0
32558 0.000000 0
32565 0.163014 0
32572 0.276763 0
32580 0.000000 0
32588 0.000000 0
32595 0.000000 0
32602 0.000000 0
32610 0.000000 0
32618 0.119746 0
32625 0.000000 0
32632 0.277573 0
32640 0.461532 0
32648 0.335253 0
32655 0.000000 0
32662 0.000000 0
32670 0.000000 0
32678 0.000000 0
32685 0.000000 0
32692 0.000000 0
32700 0.080924 0
32708 0.000000 0
32715 0.000000 0
32722 0.000000 0
32730 0.248622 0
32738 0.000000 0
32745 0.000000 0
32752 0.669473 0
32760 0.496536 0
32768 0.000000 0
32775 0.000000 0
32782 0.000000 0
32790 0.000000 0
32798 0.000000 0
32805 0.000000 0
32812 0.000000 0
32820 0.000000 0
32828 0.000000 0
32835 0.000000 0
32842 0.000000 0
32850 0.140606 0
32858 0.000000 0
32865 0.000000 0
32872 0.446406 0
32880 0.336173 0
32888 0.000000 0
32895 0.000000 0
32902 0.000000 0
32910 0.000000 0
32918 0.000000 0
32925 0.247826 0
32932 0.000000 0
32940 0.000000 0
32948 0.000000 0
32955 0.000000 0
32962 0.000000 0
32970 0.000000 0
32978 0.104583 0
32985 0.892947 0
32992 0.618508 0
33000 0.000000 0
33008 0.000000 0
33015 0.000000 0
33022 0.000000 0
33030 0.172184 0
33038 0.000000 0
33045 0.229436 0
33052 0.000000 0
33060 0.000000 0
33068 0.000000 0
33075 0.000000 0
33082 0.167710 0
33090 0.000000 0
33098 0.279627 0
33105 0.683732 0
33112 0.471964 0
33120 0.000000 0
33128 0.000000 0
33135 0.000000 0
33142 0.000000 0
33150 0.000000 0
33158 0.172690 0
33165 0.000000 0
33172 0.000000 0
33180 0.000000 0
33188 0.000000 0
33195 0.000000 0
33202 0.224088 0
33210 0.000000 0
33218 0.721931 0
33225 0.786019 0
33232 0.275816 0
33240 0.000000 0
33248 0.000000 0
33255 0.000000 0
33262 0.000000 0
33270 0.000000 0
33278 0.000000 0
33285 0.000000 0
33292 0.000000 0
33300 0.000000 0
33308 0.000000 0
33315 0.000000 0
33322 0.000000 0
33330 0.237024 0
33338 0.686372 0
33345 0.519498 0
33352 0.000000 0
33360 0.000000 0
33368 0.000000 0
33375 0.000000 0
33382 0.000000 0
33390 0.000000 0
33398 0.000000 0
33405 0.000000 0
33412 0.000000 0
33420 0.000000 0
33428 0.000000 0
33435 0.000000 0
33442 0.000000 0
33450 0.827437 0
33458 1.000000 0
33465 0.392366 0
33472 0.000000 0
33480 0.000000 0
33488 0.000000 0
33495 0.000000 0
33502 0.000000 0
33510 0.000000 0
33518 0.000000 0
33525 0.184022 0
33532 0.000000 0
33540 0.000000 0
33548 0.257898 0
33555 0.000000 0
33562 0.000000 0
33570 0.632647 0
33578 0.610982 0
33585 0.130545 0
33592 0.000000 0
33600 0.000000 0
33608 0.000000 0
33615 0.000000 0
33622 0.231239 0
33630 0.000000 0
33638 0.000000 0
33645 0.244218 0
33652 0.623703 0
33660 0.465338 0
33668 0.189861 0
33675 0.248999 0
33682 0.505014 0
33690 0.661385 0
33698 0.437173 0
33705 0.000000 0
33712 0.000000 0
33720 0.000000 0
33728 0.033381 0
33735 0.000000 0
33742 0.142526 0
33750 0.044544 0
33758 0.225458 0
33765 0.297904 0
33772 0.147413 0
33780 0.000000 0
33788 0.141166 0
33795 0.000000 0
33802 0.000000 0
33810 0.000000 0
33818 0.221270 0
33825 0.170951 0
33832 0.000000 0
33840 0.000000 0
33848 0.000000 0
33855 0.000000 0
33862 0.000000 0
33870 0.000000 0
33878 0.000000 0
33885 0.000000 0
33892 0.000000 0
33900 0.000000 0
33908 0.438664 0
33915 0.365445 0
33922 0.546521 0
33930 0.473131 0
33938 0.000000 0
33945 0.000000 0
33952 0.000000 0
33960 0.000000 0
33968 0.000000 0
33975 0.000000 0
33982 0.000000 0
33990 0.000000 0
33998 0.325542 0
34005 0.338910 0
34012 0.000000 0
34020 0.000000 0
34028 0.000000 0
34035 0.000000 0
34042 0.432725 0
34050 0.385713 0
34058 0.000000 0
34065 0.000000 0
34072 0.000000 0
34080 0.000000 0
34088 0.000000 0
34095 0.000000 0
34102 0.283845 0
34110 0.257300 0
34118 0.522461 0
34125 0.689011 0
34132 0.502829 0
34140 0.268741 0
34148 0.256056 0
34155 0.314530 0
34162 0.389979 0
34170 0.313404 0
34178 0.000000 0
34185 0.171676 0
34192 0.000000 0
34200 0.229129 0
34208 0.000000 0
34215 0.000000 0
34222 0.000000 0
34230 0.000000 0
34238 0.000000 0
34245 0.000000 0
34252 0.000000 0
34260 0.200571 0
34268 0.302003 0
34275 0.120270 0
34282 0.435769 0
34290 0.000000 0
34298 0.000000 0
34305 0.000000 0
34312 0.000000 0
34320 0.105196 0
34328 0.159860 0
34335 0.000000 0
34342 0.000000 0
34350 0.000000 0
34358 0.187151 0
34365 0.315041 0
34372 0.239895 0
34380 0.217636 0
34388 0.551012 0
34395 0.679161 0
34402 0.550949 0
34410 0.240658 0
34418 0.000000 0
34425 0.000000 0
34432 0.000000 0
34440 0.296398 0
34448 0.000000 0
34455 0.000000 0
34462 0.000000 0
34470 0.000000 0
34478 0.000000 0
34485 0.000000 0
34492 0.000000 0
34500 0.062812 0
34508 0.120681 0
34515 0.000000 0
34522 0.290240 0
34530 0.000000 0
34538 0.000000 0
34545 0.000000 0
34552 0.000000 0
34560 0.175573 0
34568 0.000000 0
34575 0.122272 0
34582 0.000000 0
34590 0.474931 0
34598 0.369008 0
34605 0.000000 0
34612 0.186788 0
34620 0.322943 0
34628 0.482340 0
34635 0.366986 0
34642 0.000000 0
34650 0.000000 0
34658 0.261375 0
34665 0.000000 0
34672 0.203930 0
34680 0.000000 0
34688 0.000000 0
34695 0.334017 0
34702 0.349404 0
34710 0.000000 0
34718 0.000000 0
34725 0.000000 0
34732 0.000000 0
34740 0.000000 0
34748 0.276883 0
34755 0.214841 0
34762 0.000000 0
34770 0.000000 0
34778 0.000000 0
34785 0.000000 0
34792 0.000000 0
34800 0.000000 0
34808 0.158711 0
34815 0.000000 0
34822 0.223132 0
34830 0.161914 0
34838 0.172231 0
34845 0.330315 0
34852 0.000000 0
34860 0.243383 0
34868 0.456546 0
34875 0.000000 0
34882 0.000000 0
34890 0.000000 0
34898 0.000000 0
34905 0.000000 0
34912 0.172076 0
34920 0.383524 0
34928 0.000000 0
34935 0.000000 0
34942 0.000000 0
34950 0.000000 0
34958 0.000000 0
34965 0.000000 0
34972 0.000000 0
34980 0.272502 0
34988 0.232544 0
34995 0.000000 0
35002 0.000000 0
35010 0.000000 0
35018 0.000000 0
35025 0.068053 0
35032 0.040039 0
35040 0.000000 0
35048 0.000000 0
35055 0.277868 0
35062 0.000000 0
35070 0.285349 0
35078 0.330101 0
35085 0.226025 0
35092 0.300352 0
35100 0.573544 0
35108 0.000000 0
35115 0.000000 0
35122 0.000000 0
35130 0.236716 0
35138 0.000000 0
35145 0.064845 0
35152 0.000000 0
35160 0.000000 0
35168 0.307289 0
35175 0.398299 0
35182 0.059206 0
35190 0.000000 0
35198 0.000000 0
35205 0.000000 0
35212 0.053676 0
35220 0.456142 0
35228 0.160364 0
35235 0.000000 0
35242 0.000000 0
35250 0.000000 0
35258 0.000000 0
35265 0.000000 0
35272 0.000000 0
35280 0.000000 0
35288 0.000000 0
35295 0.000000 0
35302 0.000000 0
35310 0.000000 0
35318 0.520095 0
35325 0.642892 0
35332 0.542059 0
35340 0.000000 0
35348 0.000000 0
35355 0.000000 0
35362 0.000000 0
35370 0.000000 0
35378 0.212172 0
35385 0.302057 0
35392 0.000000 0
35400 0.000000 0
35408 0.000000 0
35415 0.000000 0
35422 0.089615 0
35430 0.000000 0
35438 0.000000 0
35445 0.404669 0
35452 0.385969 0
35460 0.000000 0
35468 0.231078 0
35475 0.000000 0
35482 0.000000 0
35490 0.135851 0
35498 0.120733 0
35505 0.291607 0
35512 0.000000 0
35520 0.000000 0
35528 0.000000 0
35535 0.000000 0
35542 0.342068 0
35550 0.265372 0
35558 0.000000 0
35565 0.576371 0
35572 0.000000 0
35580 0.000000 0
35588 0.000000 0
35595 0.000000 0
35602 0.200450 0
35610 0.000000 0
35618 0.000000 0
35625 0.148491 0
35632 0.000000 0
35640 0.000000 0
35648 0.000000 0
35655 0.303500 0
35662 0.290377 0
35670 0.490615 0
35678 0.475194 0
35685 0.452228 0
35692 0.329543 0
35700 0.000000 0
35708 0.000000 0
35715 0.000000 0
35722 0.000000 0
35730 0.000000 0
35738 0.000000 0
35745 0.000000 0
35752 0.000000 0
35760 0.000000 0
35768 0.000000 0
35775 0.000000 0
35782 0.000000 0
35790 0.000000 0
35798 0.767900 0
35805 0.610529 0
35812 0.198864 0
35820 0.000000 0
35828 0.000000 0
35835 0.000000 0
35842 0.000000 0
35850 0.000000 0
35858 0.000000 0
35865 0.170857 0
35872 0.000000 0
35880 0.046337 0
35888 0.083240 0
35895 0.154784 0
35902 0.000000 0
35910 0.149697 0
35918 0.382327 0
35925 0.353752 0
35932 0.339967 0
35940 0.000000 0
35948 0.000000 0
35955 0.000000 0
35962 0.000000 0
35970 0.000000 0
35978 0.000000 0
35985 0.000000 0
35992 0.000000 0
36000 0.305906 0
36008 0.355761 0
36015 0.804644 0
36022 0.718819 0
36030 0.295639 0
36038 0.326249 0
36045 0.000000 0
36052 0.000000 0
36060 0.000000 0
36068 0.000000 0
36075 0.178371 0
36082 0.000000 0
36090 0.065298 0
36098 0.000000 0
36105 0.000000 0
36112 0.257963 0
36120 0.000000 0
36128 0.000000 0
36135 0.000000 0
36142 0.000000 0
36150 0.402485 0
36158 0.394849 0
36165 0.000000 0
36172 0.204292 0
36180 0.000000 0
36188 0.000000 0
36195 0.000000 0
36202 0.348813 0
36210 0.120292 0
36218 0.225773 0
36225 0.000000 0
36232 0.000000 0
36240 0.303601 0
36248 0.000000 0
36255 0.113537 0
36262 0.464993 0
36270 0.511419 0
36278 0.195635 0
36285 0.000000 0
36292 0.000000 0
36300 0.000000 0
36308 0.199391 0
36315 0.000000 0
36322 0.000000 0
36330 0.000000 0
36338 0.000000 0
36345 0.000000 0
36352 0.273409 0
36360 0.028719 0
36368 0.201499 0
36375 0.000000 0
36382 0.281496 0
36390 0.164612 0
36398 0.000000 0
36405 0.000000 0
36412 0.000000 0
36420 0.000000 0
36428 0.000000 0
36435 0.000000 0
36442 0.000000 0
36450 0.401284 0
36458 0.044749 0
36465 0.000000 0
36472 0.000000 0
36480 0.000000 0
36488 0.217917 0
36495 0.298183 0
36502 0.288786 0
36510 0.322188 0
36518 0.247391 0
36525 0.087419 0
36532 0.102059 0
36540 0.000000 0
36548 0.000000 0
36555 0.000000 0
36562 0.000000 0
36570 0.000000 0
36578 0.000000 0
36585 0.357367 0
36592 0.000000 0
36600 0.000000 0
36608 0.000000 0
36615 0.178396 0
36622 0.000000 0
36630 0.000000 0
36638 0.145292 0
36645 0.000000 0
36652 0.000000 0
36660 0.000000 0
36668 0.000000 0
36675 0.000000 0
36682 0.228630 0
36690 0.035343 0
36698 0.292656 0
36705 0.191107 0
36712 0.149165 0
36720 0.288878 0
36728 0.000000 0
36735 0.449476 0
36742 0.902056 0
36750 0.409752 0
36758 0.000000 0
36765 0.000000 0
36772 0.323005 0
36780 0.167028 0
36788 0.000000 0
36795 0.000000 0
36802 0.000000 0
36810 0.171963 0
36818 0.000000 0
36825 0.000000 0
36832 0.000000 0
36840 0.000000 0
36848 0.000000 0
36855 0.269388 0
36862 0.000000 0
36870 0.128544 0
36878 0.202443 0
36885 0.179934 0
36892 0.000000 0
36900 0.000000 0
36908 0.000000 0
36915 0.232615 0
36922 0.150388 0
36930 0.000000 0
36938 0.093343 0
36945 0.191540 0
36952 0.000000 0
36960 0.000000 0
36968 0.000000 0
36975 0.480359 0
36982 0.372303 0
36990 0.000000 0
36998 0.000000 0
37005 0.151024 0
37012 0.000000 0
37020 0.000000 0
37028 0.000000 0
37035 0.000000 0
37042 0.000000 0
37050 0.000000 0
37058 0.000000 0
37065 0.359477 0
37072 0.172141 0
37080 0.000000 0
37088 0.462176 0
37095 0.379930 0
37102 0.000000 0
37110 0.000000 0
37118 0.000000 0
37125 0.000000 0
37132 0.000000 0
37140 0.157674 0
37148 0.388811 0
37155 0.000000 0
37162 0.000000 0
37170 0.327555 0
37178 0.302395 0
37185 0.691416 0
37192 0.549362 0
37200 0.449590 0
37208 0.522367 0
37215 0.000000 0
37222 0.000000 0
37230 0.032708 0
37238 0.064261 0
37245 0.000000 0
37252 0.000000 0
37260 0.344178 0
37268 0.000000 0
37275 0.000000 0
37282 0.332212 0
37290 0.290817 0
37298 0.000000 0
37305 0.000000 0
37312 0.000000 0
37320 0.000000 0
37328 0.348454 0
37335 0.000000 0
37342 0.000000 0
37350 0.000000 0
37358 0.000000 0
37365 0.000000 0
37372 0.000000 0
37380 0.000000 0
37388 0.058917 0
37395 0.200782 0
37402 0.177474 0
37410 0.000000 0
37418 0.068099 0
37425 0.256651 0
37432 0.094102 0
37440 0.439290 0
37448 0.301414 0
37455 0.000000 0
37462 0.230173 0
37470 0.238266 0
37478 0.000000 0
37485 0.000000 0
37492 0.000000 0
37500 0.000000 0
37508 0.185423 0
37515 0.194737 0
37522 0.000000 0
37530 0.000000 0
37538 0.000000 0
37545 0.000000 0
37552 0.323915 0
37560 0.488819 0
37568 0.186241 0
37575 0.000000 0
37582 0.000000 0
37590 0.000000 0
37598 0.000000 0
37605 0.000000 0
37612 0.000000 0
37620 0.326504 0
37628 0.387626 0
37635 0.111586 0
37642 0.254804 0
37650 0.349058 0
37658 0.000000 0
37665 0.000000 0
37672 0.425195 0
37680 0.331673 0
37688 0.000000 0
37695 0.000000 0
37702 0.358514 0
37710 0.131795 0
37718 0.000000 0
37725 0.284645 0
37732 0.351356 0
37740 0.000000 0
37748 0.000000 0
37755 0.063297 0
37762 0.000000 0
37770 0.000000 0
37778 0.000000 0
37785 0.000000 0
37792 0.091709 0
37800 0.426653 0
37808 0.000000 0
37815 0.080532 0
37822 0.000000 0
37830 0.000000 0
37838 0.000000 0
37845 0.000000 0
37852 0.000000 0
37860 0.157833 0
37868 0.138917 0
37875 0.000000 0
37882 0.343922 0
37890 0.069726 0
37898 0.323682 0
37905 0.864041 0
37912 0.826004 0
37920 0.000000 0
37928 0.000000 0
37935 0.151550 0
37942 0.000000 0
37950 0.000000 0
37958 0.000000 0
37965 0.000000 0
37972 0.000000 0
37980 0.000000 0
37988 0.000000 0
37995 0.000000 0
38002 0.135359 0
38010 0.059816 0
38018 0.000000 0
38025 0.000000 0
38032 0.361256 0
38040 0.205053 0
38048 0.219897 0
38055 0.000000 0
38062 0.000000 0
38070 0.000000 0
38078 0.000000 0
38085 0.000000 0
38092 0.000000 0
38100 0.000000 0
38108 0.000000 0
38115 0.000000 0
38122 0.096830 0
38130 0.000000 0
38138 0.330529 0
38145 0.691609 0
38152 0.000000 0
38160 0.000000 0
38168 0.000000 0
38175 0.000000 0
38182 0.217190 0
38190 0.000000 0
38198 0.000000 0
38205 0.000000 0
38212 0.000000 0
38220 0.000000 0
38228 0.000000 0
38235 0.000000 0
38242 0.000000 0
38250 0.000000 0
38258 0.211070 0
38265 0.000000 0
38272 0.209185 0
38280 0.335735 0
38288 0.000000 0
38295 0.000000 0
38302 0.000000 0
38310 0.000000 0
38318 0.000000 0
38325 0.000000 0
38332 0.000000 0
38340 0.000000 0
38348 0.288296 0
38355 0.291472 0
38362 0.293430 0
38370 0.619766 0
38378 0.449225 0
38385 0.266947 0
38392 0.000000 0
38400 0.000000 0
38408 0.000000 0
38415 0.000000 0
38422 0.000000 0
38430 0.000000 0
38438 0.000000 0
38445 0.000000 0
38452 0.000000 0
38460 0.000000 0
38468 0.186713 0
38475 0.298881 0
38482 0.307958 0
38490 0.000000 0
38498 0.000000 0
38505 0.155554 0
38512 0.053107 0
38520 0.000000 0
38528 0.019761 0
38535 0.329633 0
38542 0.000000 0
38550 0.000000 0
38558 0.000000 0
38565 0.056305 0
38572 0.234969 0
38580 0.218040 0
38588 0.000000 0
38595 0.000000 0
38602 0.141211 0
38610 0.566978 0
38618 0.420341 0
38625 0.000000 0
38632 0.000000 0
38640 0.000000 0
38648 0.105986 0
38655 0.158876 0
38662 0.000000 0
38670 0.000000 0
38678 0.000000 0
38685 0.000000 0
38692 0.137650 0
38700 0.205710 0
38708 0.318075 0
38715 0.000000 0
38722 0.000000 0
38730 0.397356 0
38738 0.357048 0
38745 0.000000 0
38752 0.000000 0
38760 0.000000 0
38768 0.135149 0
38775 0.315101 0
38782 0.000000 0
38790 0.000000 0
38798 0.000000 0
38805 0.000000 0
38812 0.000000 0
38820 0.000000 0
38828 0.101422 0
38835 0.256353 0
38842 0.576891 0
38850 0.698940 0
38858 0.243807 0
38865 0.205984 0
38872 0.000000 0
38880 0.000000 0
38888 0.000000 0
38895 0.000000 0
38902 0.000000 0
38910 0.000000 0
38918 0.000000 0
38925 0.000000 0
38932 0.274619 0
38940 0.238373 0
38948 0.000000 0
38955 0.204391 0
38962 0.689647 0
38970 0.483075 0
38978 0.210230 0
38985 0.000000 0
38992 0.000000 0
39000 0.354087 0
39008 0.196745 0
39015 0.000000 0
39022 0.162771 0
39030 0.000000 0
39038 0.138992 0
39045 0.000000 0
39052 0.479942 0
39060 0.421875 0
39068 0.000000 0
39075 0.339310 0
39082 0.400082 0
39090 0.186159 0
39098 0.000000 0
39105 0.000000 0
39112 0.000000 0
39120 0.218495 0
39128 0.000000 0
39135 0.365419 0
39142 0.000000 0
39150 0.000000 0
39158 0.000000 0
39165 0.392179 0
39172 0.238798 0
39180 0.000000 0
39188 0.000000 0
39195 0.000000 0
39202 0.363492 0
39210 0.286321 0
39218 0.000000 0
39225 0.000000 0
39232 0.000000 0
39240 0.000000 0
39248 0.000000 0
39255 0.000000 0
39262 0.126521 0
39270 0.000000 0
39278 0.000000 0
39285 0.259814 0
39292 0.269145 0
39300 0.285311 0
39308 0.624276 0
39315 0.442280 0
39322 0.371775 0
39330 0.000000 0
39338 0.284806 0
39345 0.000000 0
39352 0.000000 0
39360 0.000000 0
39368 0.000000 0
39375 0.000000 0
39382 0.000000 0
39390 0.000000 0
39398 0.000000 0
39405 0.000000 0
39412 0.000000 0
39420 0.343650 0
39428 0.279342 0
39435 0.468517 0
39442 0.101597 0
39450 0.000000 0
39458 0.000000 0
39465 0.000000 0
39472 0.000000 0
39480 0.000000 0
39488 0.197368 0
39495 0.000000 0
39502 0.000000 0
39510 0.000000 0
39518 0.000000 0
39525 0.518005 0
39532 0.486457 0
39540 0.481428 0
39548 0.534807 0
39555 0.327071 0
39562 0.000000 0
39570 0.000000 0
39578 0.316187 0
39585 0.337472 0
39592 0.000000 0
39600 0.185437 0
39608 0.168463 0
39615 0.000000 0
39622 0.000000 0
39630 0.000000 0
39638 0.000000 0
39645 0.000000 0
39652 0.459816 0
39660 0.342400 0
39668 0.109126 0
39675 0.230175 0
39682 0.000000 0
39690 0.000000 0
39698 0.000000 0
39705 0.000000 0
39712 0.000000 0
39720 0.209721 0
39728 0.000000 0
39735 0.000000 0
39742 0.000000 0
39750 0.000000 0
39758 0.000000 0
39765 0.483312 0
39772 0.476189 0
39780 0.670195 0
39788 0.607529 0
39795 0.326696 0
39802 0.382909 0
39810 0.000000 0
39818 0.037684 0
39825 0.000000 0
39832 0.000000 0
39840 0.308410 0
39848 0.000000 0
39855 0.000000 0
39862 0.000000 0
39870 0.299839 0
39878 0.052290 0
39885 0.000000 0
39892 0.000000 0
39900 0.000000 0
39908 0.137718 0
39915 0.200788 0
39922 0.000000 0
39930 0.000000 0
39938 0.000000 0
39945 0.000000 0
39952 0.293303 0
39960 0.000000 0
39968 0.000000 0
39975 0.000000 0
39982 0.210365 0
39990 0.260915 0
39998 0.245849 0
40005 0.000000 0
40012 0.060169 0
40020 0.458207 0
40028 0.526290 0
40035 0.382738 0
40042 0.459820 0
40050 0.278472 0
40058 0.028353 0
40065 0.000000 0
40072 0.000000 0
40080 0.000000 0
40088 0.000000 0
40095 0.000000 0
40102 0.000000 0
40110 0.000000 0
40118 0.000000 0
40125 0.000000 0
40132 0.000000 0
40140 0.310468 0
40148 0.083683 0
40155 0.000000 0
40162 0.000000 0
40170 0.000000 0
40178 0.056218 0
40185 0.000000 0
40192 0.000000 0
40200 0.000000 0
40208 0.000000 0
40215 0.000000 0
40222 0.283612 0
40230 0.354307 0
40238 0.419223 0
40245 0.352930 0
40252 0.449241 0
40260 0.471318 0
40268 0.148859 0
40275 0.092710 0
40282 0.000000 0
40290 0.000000 0
40298 0.000000 0
40305 0.000000 0
40312 0.000000 0
40320 0.000000 0
40328 0.000000 0
40335 0.148839 0
40342 0.000000 0
40350 0.000000 0
40358 0.000000 0
40365 0.000000 0
40372 0.220033 0
40380 0.000000 0
40388 0.185882 0
40395 0.264122 0
40402 0.000000 0
40410 0.000000 0
40418 0.000000 0
40425 0.000000 0
40432 0.000000 0
40440 0.057331 0
40448 0.000000 0
40455 0.000000 0
40462 0.160888 0
40470 0.000000 0
40478 0.000000 0
40485 0.747075 0
40492 0.704870 0
40500 0.149781 0
40508 0.000000 0
40515 0.000000 0
40522 0.000000 0
40530 0.219282 0
40538 0.000000 0
40545 0.000000 0
40552 0.000000 0
40560 0.192771 0
40568 0.000000 0
40575 0.000000 0
40582 0.000000 0
40590 0.094305 0
40598 0.334043 0
40605 0.272894 0
40612 0.322010 0
40620 0.000000 0
40628 0.000000 0
40635 0.000000 0
40642 0.000000 0
40650 0.168874 0
40658 0.000000 0
40665 0.275709 0
40672 0.000000 0
40680 0.000000 0
40688 0.000000 0
40695 0.000000 0
40702 0.000000 0
40710 0.000000 0
40718 0.516184 0
40725 0.475966 0
40732 0.160723 0
40740 0.283532 0
40748 0.000000 0
40755 0.000000 0
40762 0.000000 0
40770 0.000000 0
40778 0.000000 0
40785 0.000000 0
40792 0.343174 0
40800 0.473998 0
40808 0.466392 0
40815 0.347015 0
40822 0.000000 0
40830 0.000000 0
40838 0.000000 0
40845 0.394443 0
40852 0.152029 0
40860 0.000000 0
40868 0.000000 0
40875 0.313876 0
40882 0.000000 0
40890 0.000000 0
40898 0.000000 0
40905 0.348932 0
40912 0.283944 0
40920 0.000000 0
40928 0.098688 0
40935 0.211357 0
40942 0.000000 0
40950 0.000000 0
40958 0.543421 0
40965 0.138309 0
40972 0.000000 0
40980 0.000000 0
40988 0.289999 0
40995 0.000000 0
41002 0.000000 0
41010 0.000000 0
41018 0.266610 0
41025 0.000000 0
41032 0.000000 0
41040 0.000000 0
41048 0.160073 0
41055 0.000000 0
41062 0.000000 0
41070 0.147166 0
41078 0.456212 0
41085 0.308285 0
41092 0.000000 0
41100 0.000000 0
41108 0.000000 0
41115 0.212117 0
41122 0.000000 0
41130 0.424573 0
41138 0.203023 0
41145 0.000000 0
41152 0.000000 0
41160 0.000000 0
41168 0.000000 0
41175 0.000000 0
41182 0.000000 0
41190 0.583386 0
41198 0.505616 0
41205 0.000000 0
41212 0.299454 0
41220 0.000000 0
41228 0.000000 0
41235 0.253561 0
41242 0.000000 0
41250 0.000000 0
41258 0.000000 0
41265 0.000000 0
41272 0.135762 0
41280 0.287091 0
41288 0.000000 0
41295 0.172373 0
41302 0.360059 0
41310 0.330945 0
41318 0.000000 0
41325 0.000000 0
41332 0.000000 0
41340 0.000000 0
41348 0.000000 0
41355 0.000000 0
41362 0.000000 0
41370 0.000000 0
41378 0.000000 0
41385 0.000000 0
41392 0.186022 0
41400 0.230318 0
41408 0.116185 0
41415 0.267890 0
41422 0.528539 0
41430 0.427048 0
41438 0.000000 0
41445 0.000000 0
41452 0.000000 0
41460 0.296062 0
41468 0.000000 0
41475 0.000000 0
41482 0.235555 0
41490 0.128601 0
41498 0.000000 0
41505 0.000000 0
41512 0.000000 0
41520 0.233496 0
41528 0.182751 0
41535 0.160769 0
41542 0.301352 0
41550 0.177724 0
41558 0.075798 0
41565 0.000000 0
41572 0.000000 0
41580 0.000000 0
41588 0.000000 0
41595 0.000000 0
41602 0.000000 0
41610 0.000000 0
41618 0.000000 0
41625 0.283166 0
41632 0.490854 0
41640 0.401070 0
41648 0.439672 0
41655 0.512201 0
41662 0.586862 0
41670 0.388501 0
41678 0.000000 0
41685 0.357682 0
41692 0.205825 0
41700 0.000000 0
41708 0.000000 0
41715 0.000000 0
41722 0.000000 0
41730 0.000000 0
41738 0.000000 0
41745 0.000000 0
41752 0.195461 0
41760 0.156149 0
41768 0.000000 0
41775 0.397222 0
41782 0.679696 0
41790 0.466200 0
41798 0.272743 0
41805 0.142727 0
41812 0.060609 0
41820 0.000000 0
41828 0.000000 0
41835 0.000000 0
41842 0.000000 0
41850 0.000000 0
41858 0.000000 0
41865 0.000000 0
41872 0.000000 0
41880 0.477081 0
41888 0.629441 0
41895 0.655061 0
41902 0.142268 0
41910 0.000000 0
41918 0.027228 0
41925 0.000000 0
41932 0.393047 0
41940 0.000000 0
41948 0.000000 0
41955 0.000000 0
41962 0.000000 0
41970 0.000000 0
41978 0.000000 0
41985 0.000000 0
41992 0.281003 0
42000 0.000000 0
42008 0.183931 0
42015 0.358395 0
42022 0.000000 0
42030 0.000000 0
42038 0.000000 0
42045 0.000000 0
42052 0.000000 0
42060 0.000000 0
42068 0.000000 0
42075 0.000000 0
42082 0.000000 0
42090 0.348205 0
42098 0.000000 0
42105 0.232930 0
42112 0.334350 0
42120 0.517568 0
42128 0.553119 0
42135 0.523889 0
42142 0.140548 0
42150 0.000000 0
42158 0.000000 0
42165 0.000000 0
42172 0.000000 0
42180 0.000000 0
42188 0.000000 0
42195 0.000000 0
42202 0.000000 0
42210 0.000000 0
42218 0.000000 0
42225 0.000000 0
42232 0.000000 0
42240 0.000000 0
42248 0.000000 0
42255 0.000000 0
42262 0.000000 0
42270 0.217098 0
42278 0.000000 0
42285 0.000000 0
42292 0.000000 0
42300 0.000000 0
42308 0.110805 0
42315 0.360336 0
42322 0.254024 0
42330 0.000000 0
42338 0.000000 0
42345 0.199636 0
42352 0.357588 0
42360 0.474185 0
42368 0.497451 0
42375 0.241416 0
42382 0.000000 0
42390 0.000000 0
42398 0.000000 0
42405 0.000000 0
42412 0.000000 0
42420 0.000000 0
42428 0.000000 0
42435 0.000000 0
42442 0.000000 0
42450 0.000000 0
42458 0.190064 0
42465 0.214301 0
42472 0.000000 0
42480 0.188994 0
42488 0.261501 0
42495 0.000000 0
42502 0.000000 0
42510 0.073015 0
42518 0.000000 0
42525 0.000000 0
42532 0.000000 0
42540 0.000000 0
42548 0.000000 0
42555 0.000000 0
42562 0.000000 0
42570 0.000000 0
42578 0.296499 0
42585 0.000000 0
42592 0.146545 0
42600 0.636160 0
42608 0.216730 0
42615 0.000000 0
42622 0.173285 0
42630 0.000000 0
42638 0.000000 0
42645 0.000000 0
42652 0.000000 0
42660 0.197842 0
42668 0.515456 0
42675 0.193346 0
42682 0.000000 0
42690 0.000000 0
42698 0.284628 0
42705 0.263503 0
42712 0.236358 0
42720 0.223174 0
42728 0.000000 0
42735 0.000000 0
42742 0.000000 0
42750 0.296935 0
42758 0.000000 0
42765 0.000000 0
42772 0.007685 0
42780 0.000000 0
42788 0.000000 0
42795 0.000000 0
42802 0.000000 0
42810 0.000000 0
42818 0.368590 0
42825 0.535108 0
42832 0.637526 0
42840 0.000000 0
42848 0.000000 0
42855 0.000000 0
42862 0.000000 0
42870 0.000000 0
42878 0.000000 0
42885 0.136193 0
42892 0.223411 0
42900 0.000000 0
42908 0.000000 0
42915 0.000000 0
42922 0.000000 0
42930 0.238398 0
42938 0.268715 0
42945 0.000000 0
42952 0.367410 0
42960 0.096951 0
42968 0.000000 0
42975 0.000000 0
42982 0.296476 0
42990 0.501478 0
42998 0.571089 0
43005 0.311056 0
43012 0.377851 0
43020 0.498231 0
43028 0.488464 0
43035 0.190710 0
43042 0.000000 0
43050 0.000000 0
43058 0.000000 0
43065 0.000000 0
43072 0.256032 0
43080 0.000000 0
43088 0.199851 0
43095 0.000000 0
43102 0.000000 0
43110 0.000000 0
43118 0.267275 0
43125 0.188582 0
43132 0.000000 0
43140 0.000000 0
43148 0.000000 0
43155 0.073569 0
43162 0.153018 0
43170 0.000000 0
43178 0.031902 0
43185 0.420578 0
43192 0.000000 0
43200 0.000000 0
43208 0.000000 0
43215 0.000000 0
43222 0.331476 0
43230 0.000000 0
43238 0.000000 0
43245 0.000000 0
43252 0.358678 0
43260 0.075457 0
43268 0.294965 0
43275 0.420548 0
43282 0.320949 0
43290 0.176012 0
43298 0.415783 0
43305 0.450747 0
43312 0.000000 0
43320 0.000000 0
43328 0.141534 0
43335 0.000000 0
43342 0.225017 0
43350 0.161681 0
43358 0.000000 0
43365 0.080114 0
43372 0.000000 0
43380 0.000000 0
43388 0.194977 0
43395 0.000000 0
43402 0.000000 0
43410 0.306029 0
43418 0.367917 0
43425 0.259448 0
43432 0.178415 0
43440 0.134667 0
43448 0.000000 0
43455 0.457384 0
43462 0.493500 0
43470 0.284702 0
43478 0.000000 0
43485 0.000000 0
43492 0.000000 0
43500 0.100946 0
43508 0.053417 0
43515 0.000000 0
43522 0.206101 0
43530 0.453859 0
43538 0.364526 0
43545 0.151035 0
43552 0.000000 0
43560 0.000000 0
43568 0.000000 0
43575 0.000000 0
43582 0.000000 0
43590 0.000000 0
43598 0.000000 0
43605 0.000000 0
43612 0.364710 0
43620 0.000000 0
43628 0.000000 0
43635 0.229837 0
43642 0.000000 0
43650 0.270779 0
43658 0.308251 0
43665 0.275730 0
43672 0.000000 0
43680 0.000000 0
43688 0.320869 0
43695 0.000000 0
43702 0.000000 0
43710 0.000000 0
43718 0.000000 0
43725 0.000000 0
43732 0.000000 0
43740 0.393043 0
43748 0.294944 0
43755 0.423069 0
43762 0.415215 0
43770 0.466789 0
43778 0.432999 0
43785 0.000000 0
43792 0.000000 0
43800 0.290530 0
43808 0.000000 0
43815 0.000000 0
43822 0.000000 0
43830 0.160356 0
43838 0.000000 0
43845 0.174641 0
43852 0.000000 0
43860 0.000000 0
43868 0.000000 0
43875 0.463448 0
43882 0.451661 0
43890 0.301347 0
43898 0.084483 0
43905 0.000000 0
43912 0.000000 0
43920 0.228976 0
43928 0.000000 0
43935 0.130512 0
43942 0.117363 0
43950 0.000000 0
43958 0.000000 0
43965 0.000000 0
43972 0.000000 0
43980 0.000000 0
43988 0.000000 0
43995 0.220344 0
44002 0.414733 0
44010 0.161962 0
44018 0.164688 0
44025 0.000000 0
44032 0.000000 0
44040 0.000000 0
44048 0.000000 0
44055 0.000000 0
44062 0.265525 0
44070 0.000000 0
44078 0.000000 0
44085 0.000000 0
44092 0.000000 0
44100 0.103926 0
44108 0.000000 0
44115 0.210536 0
44122 0.258387 0
44130 0.163373 0
44138 0.082285 0
44145 0.000000 0
44152 0.000000 0
44160 0.245635 0
44168 0.236270 0
44175 0.000000 0
44182 0.177971 0
44190 0.000000 0
44198 0.000000 0
44205 0.000000 0
44212 0.000000 0
44220 0.201357 0
44228 0.000000 0
44235 0.322044 0
44242 0.295773 0
44250 0.394830 0
44258 0.000000 0
44265 0.000000 0
44272 0.000000 0
44280 0.000000 0
44288 0.000000 0
44295 0.000000 0
44302 0.000000 0
44310 0.000000 0
44318 0.000000 0
44325 0.000000 0
44332 0.000000 0
44340 0.000000 0
44348 0.171200 0
44355 0.349856 0
44362 0.182534 0
44370 0.000000 0
44378 0.000000 0
44385 0.000000 0
44392 0.000000 0
44400 0.000000 0
44408 0.000000 0
44415 0.000000 0
44422 0.000000 0
44430 0.091782 0
44438 0.310725 0
44445 0.000000 0
44452 0.311518 0
44460 0.217642 0
44468 0.430851 0
44475 0.507300 0
44482 0.371759 0
44490 0.170000 0
44498 0.000000 0
44505 0.000000 0
44512 0.000000 0
44520 0.000000 0
44528 0.171947 0
44535 0.000000 0
44542 0.000000 0
44550 0.000000 0
44558 0.000000 0
44565 0.000000 0
44572 0.000000 0
44580 0.000000 0
44588 0.225412 0
44595 0.261394 0
44602 0.000000 0
44610 0.000000 0
44618 0.000000 0
44625 0.000000 0
44632 0.177716 0
44640 0.407763 0
44648 0.000000 0
44655 0.000000 0
44662 0.000000 0
44670 0.000000 0
44678 0.000000 0
44685 0.000000 0
44692 0.000000 0
44700 0.472713 0
44708 0.666095 0
44715 0.000000 0
44722 0.000000 0
44730 0.000000 0
44738 0.000000 0
44745 0.000000 0
44752 0.000000 0
44760 0.000000 0
44768 0.000000 0
44775 0.247317 0
44782 0.000000 0
44790 0.000000 0
44798 0.165066 0
44805 0.124528 0
44812 0.233739 0
44820 0.220477 0
44828 0.329737 0
44835 0.000000 0
44842 0.054250 0
44850 0.207692 0
44858 0.000000 0
44865 0.120271 0
44872 0.000000 0
44880 0.292891 0
44888 0.000000 0
44895 0.000000 0
44902 0.000000 0
44910 0.404344 0
44918 0.342950 0
44925 0.000000 0
44932 0.000000 0
44940 0.596810 0
44948 0.448254 0
44955 0.243703 0
44962 0.000000 0
44970 0.000000 0
44978 0.000000 0
44985 0.000000 0
44992 0.000000 0
45000 0.000000 0
45008 0.000000 0
45015 0.000000 0
45022 0.000000 0
45030 0.000000 0
45038 0.200024 0
45045 0.000000 0
45052 0.338569 0
45060 0.394271 0
45068 0.000000 0
45075 0.000000 0
45082 0.126046 0
45090 0.000000 0
45098 0.000000 0
45105 0.000000 0
45112 0.000000 0
45120 0.000000 0
45128 0.000000 0
45135 0.000000 0
45142 0.000000 0
45150 0.218110 0
45158 0.000000 0
45165 0.360610 0
45172 0.548205 0
45180 0.579089 0
45188 0.000000 0
45195 0.000000 0
45202 0.000000 0
45210 0.000000 0
45218 0.000000 0
45225 0.370367 0
45232 0.195974 0
45240 0.000000 0
45248 0.000000 0
45255 0.000000 0
45262 0.000000 0
45270 0.000000 0
45278 0.000000 0
45285 0.000000 0
45292 0.553267 0
45300 0.131371 0
45308 0.000000 0
45315 0.000000 0
45322 0.000000 0
45330 0.000000 0
45338 0.000000 0
45345 0.000000 0
45352 0.052535 0
45360 0.000000 0
45368 0.000000 0
45375 0.000000 0
45382 0.000000 0
45390 0.365093 0
45398 0.166476 0
45405 0.481539 0
45412 0.645685 0
45420 0.000000 0
45428 0.285569 0
45435 0.326547 0
45442 0.000000 0
45450 0.000000 0
45458 0.000000 0
45465 0.000000 0
45472 0.080793 0
45480 0.000000 0
45488 0.000000 0
45495 0.114541 0
45502 0.000000 0
45510 0.174095 0
45518 0.235801 0
45525 0.235108 0
45532 0.287052 0
45540 0.444529 0
45548 0.000000 0
45555 0.000000 0
45562 0.000000 0
45570 0.000000 0
45578 0.000000 0
45585 0.183980 0
45592 0.000000 0
45600 0.000000 0
45608 0.000000 0
45615 0.181996 0
45622 0.000000 0
45630 0.238272 0
45638 0.463667 0
45645 0.691580 0
45652 0.000000 0
45660 0.000000 0
45668 0.000000 0
45675 0.000000 0
45682 0.000000 0
45690 0.356446 0
45698 0.000000 0
45705 0.135895 0
45712 0.307387 0
45720 0.000000 0
45728 0.000000 0
45735 0.264606 0
45742 0.000000 0
45750 0.135019 0
45758 0.176997 0
45765 0.171913 0
45772 0.252478 0
45780 0.000000 0
45788 0.000000 0
45795 0.000000 0
45802 0.225631 0
45810 0.000000 0
45818 0.000000 0
45825 0.261558 0
45832 0.217441 0
45840 0.072155 0
45848 0.153427 0
45855 0.000000 0
45862 0.000000 0
45870 0.363549 0
45878 0.547101 0
45885 0.419835 0
45892 0.000000 0
45900 0.248753 0
45908 0.000000 0
45915 0.000000 0
45922 0.000000 0
45930 0.000000 0
45938 0.000000 0
45945 0.432539 0
45952 0.165419 0
45960 0.000000 0
45968 0.158123 0
45975 0.000000 0
45982 0.000000 0
45990 0.365183 0
45998 0.236912 0
46005 0.155859 0
46012 0.253585 0
46020 0.000000 0
46028 0.203561 0
46035 0.000000 0
46042 0.000000 0
46050 0.223840 0
46058 0.000000 0
46065 0.000000 0
46072 0.000000 0
46080 0.000000 0
46088 0.179318 0
46095 0.311312 0
46102 0.257281 0
46110 0.499663 0
46118 0.391751 0
46125 0.000000 0
46132 0.000000 0
46140 0.000000 0
46148 0.251630 0
46155 0.280662 0
46162 0.000000 0
46170 0.000000 0
46178 0.000000 0
46185 0.000000 0
46192 0.000000 0
46200 0.048331 0
46208 0.304144 0
46215 0.260577 0
46222 0.284203 0
46230 0.283680 0
46238 0.376544 0
46245 0.000000 0
46252 0.000000 0
46260 0.000000 0
46268 0.000000 0
46275 0.000000 0
46282 0.000000 0
46290 0.387210 0
46298 0.000000 0
46305 0.000000 0
46312 0.141299 0
46320 0.000000 0
46328 0.086602 0
46335 0.583287 0
46342 0.573813 0
46350 0.453791 0
46358 0.000000 0
46365 0.232565 0
46372 0.181306 0
46380 0.000000 0
46388 0.180228 0
46395 0.000000 0
46402 0.000000 0
46410 0.000000 0
46418 0.000000 0
46425 0.000000 0
46432 0.000000 0
46440 0.000000 0
46448 0.000000 0
46455 0.300423 0
46462 0.000000 0
46470 0.099847 0
46478 0.064397 0
46485 0.000000 0
46492 0.000000 0
46500 0.495476 0
46508 0.000000 0
46515 0.000000 0
46522 0.104151 0
46530 0.000000 0
46538 0.107287 0
46545 0.204735 0
46552 0.073637 0
46560 0.000000 0
46568 0.449957 0
46575 0.488505 0
46582 0.474543 0
46590 0.395676 0
46598 0.162737 0
46605 0.000000 0
46612 0.277121 0
46620 0.280855 0
46628 0.000000 0
46635 0.000000 0
46642 0.000000 0
46650 0.000000 0
46658 0.000000 0
46665 0.000000 0
46672 0.000000 0
46680 0.000000 0
46688 0.183729 0
46695 0.179745 0
46702 0.445543 0
46710 0.306174 0
46718 0.000000 0
46725 0.000000 0
46732 0.339218 0
46740 0.000000 0
46748 0.000000 0
46755 0.420288 0
46762 0.690835 0
46770 0.371254 0
46778 0.000000 0
46785 0.000000 0
46792 0.000000 0
46800 0.189934 0
46808 0.424886 0
46815 0.357581 0
46822 0.303763 0
46830 0.000000 0
46838 0.000000 0
46845 0.123810 0
46852 0.000000 0
46860 0.000000 0
46868 0.127281 0
46875 0.098328 0
46882 0.000000 0
46890 0.139469 0
46898 0.320375 0
46905 0.000000 0
46912 0.202081 0
46920 0.000000 0
46928 0.000000 0
46935 0.335947 0
46942 0.000000 0
46950 0.000000 0
46958 0.000000 0
46965 0.000000 0
46972 0.047990 0
46980 0.000000 0
46988 0.000000 0
46995 0.000000 0
47002 0.165627 0
47010 0.000000 0
47018 0.000000 0
47025 0.000000 0
47032 0.151377 0
47040 0.414331 0
47048 0.514743 0
47055 0.438085 0
47062 0.000000 0
47070 0.000000 0
47078 0.000000 0
47085 0.000000 0
47092 0.000000 0
47100 0.000000 0
47108 0.000000 0
47115 0.000000 0
47122 0.000000 0
47130 0.000000 0
47138 0.000000 0
47145 0.000000 0
47152 0.000000 0
47160 0.000000 0
47168 0.419866 0
47175 0.256284 0
47182 0.052178 0
47190 0.000000 0
47198 0.000000 0
47205 0.000000 0
47212 0.000000 0
47220 0.000000 0
47228 0.000000 0
47235 0.272901 0
47242 0.372401 0
47250 0.162774 0
47258 0.000000 0
47265 0.128806 0
47272 0.244867 0
47280 0.554354 0
47288 0.510504 0
47295 0.134027 0
47302 0.320693 0
47310 0.310532 0
47318 0.057013 0
47325 0.000000 0
47332 0.000000 0
47340 0.000000 0
47348 0.000000 0
47355 0.342837 0
47362 0.232105 0
47370 0.111371 0
47378 0.000000 0
47385 0.000000 0
47392 0.143068 0
47400 0.405045 0
47408 0.237749 0
47415 0.000000 0
47422 0.000000 0
47430 0.326227 0
47438 0.000000 0
47445 0.191421 0
47452 0.356057 0
47460 0.000000 0
47468 0.000000 0
47475 0.000000 0
47482 0.000000 0
47490 0.055008 0
47498 0.000000 0
47505 0.000000 0
47512 0.204561 0
47520 0.353344 0
47528 0.257057 0
47535 0.000000 0
47542 0.000000 0
47550 0.000000 0
47558 0.000000 0
47565 0.000000 0
47572 0.000000 0
47580 0.231789 0
47588 0.000000 0
47595 0.000000 0
47602 0.000000 0
47610 0.000000 0
47618 0.000000 0
47625 0.000000 0
47632 0.071840 0
47640 0.428791 0
47648 0.000000 0
47655 0.000000 0
47662 0.000000 0
47670 0.000000 0
47678 0.000000 0
47685 0.000000 0
47692 0.000000 0
47700 0.000000 0
47708 0.177454 0
47715 0.291738 0
47722 0.000000 0
47730 0.000000 0
47738 0.000000 0
47745 0.000000 0
47752 0.363521 0
47760 0.325919 0
47768 0.000000 0
47775 0.169574 0
47782 0.000000 0
47790 0.073747 0
47798 0.000000 0
47805 0.000000 0
47812 0.171555 0
47820 0.030983 0
47828 0.258483 0
47835 0.000000 0
47842 0.000000 0
47850 0.000000 0
47858 0.000000 0
47865 0.349367 0
47872 0.282861 0
47880 0.254310 0
47888 0.000000 0
47895 0.000000 0
47902 0.234816 0
47910 0.000000 0
47918 0.272518 0
47925 0.000000 0
47932 0.208929 0
47940 0.000000 0
47948 0.000000 0
47955 0.239974 0
47962 0.219715 0
47970 0.000000 0
47978 0.084894 0
47985 0.483116 0
47992 0.544336 0
48000 0.000000 0
48008 0.000000 0
48015 0.000000 0
48022 0.000000 0
48030 0.000000 0
48038 0.000000 0
48045 0.000000 0
48052 0.000000 0
48060 0.000000 0
48068 0.321752 0
48075 0.224526 0
48082 0.273189 0
48090 0.100190 0
48098 0.106020 0
48105 0.326282 0
48112 0.333374 0
48120 0.061814 0
48128 0.000000 0
48135 0.000000 0
48142 0.000000 0
48150 0.000000 0
48158 0.000000 0
48165 0.000000 0
48172 0.000000 0
48180 0.000000 0
48188 0.000000 0
48195 0.274063 0
48202 0.208863 0
48210 0.000000 0
48218 0.449788 0
48225 0.429248 0
48232 0.353961 0
48240 0.270838 0
48248 0.000000 0
48255 0.000000 0
48262 0.000000 0
48270 0.000000 0
48278 0.000000 0
48285 0.091392 0
48292 0.000000 0
48300 0.000000 0
48308 0.274581 0
48315 0.190551 0
48322 0.000000 0
48330 0.298285 0
48338 0.328230 0
48345 0.348831 0
48352 0.123685 0
48360 0.000000 0
48368 0.000000 0
48375 0.000000 0
48382 0.127094 0
48390 0.000000 0
48398 0.000000 0
48405 0.078184 0
48412 0.000000 0
48420 0.000000 0
48428 0.000000 0
48435 0.000000 0
48442 0.000000 0
48450 0.236065 0
48458 0.479141 0
48465 0.000000 0
48472 0.000000 0
48480 0.287524 0
48488 0.000000 0
48495 0.000000 0
48502 0.350997 0
48510 0.292887 0
48518 0.000000 0
48525 0.000000 0
48532 0.151369 0
48540 0.204789 0
48548 0.000000 0
48555 0.067882 0
48562 0.189119 0
48570 0.214705 0
48578 0.082227 0
48585 0.000000 0
48592 0.000000 0
48600 0.000000 0
48608 0.244401 0
48615 0.000000 0
48622 0.000000 0
48630 0.000000 0
48638 0.314683 0
48645 0.160788 0
48652 0.197863 0
48660 0.000000 0
48668 0.000000 0
48675 0.000000 0
48682 0.000000 0
48690 0.503028 0
48698 0.518323 0
48705 0.125530 0
48712 0.160411 0
48720 0.000000 0
48728 0.000000 0
48735 0.000000 0
48742 0.000000 0
48750 0.000000 0
48758 0.138244 0
48765 0.000000 0
48772 0.000000 0
48780 0.207454 0
48788 0.278241 0
48795 0.284284 0
48802 0.000000 0
48810 0.171039 0
48818 0.206855 0
48825 0.000000 0
48832 0.000000 0
48840 0.000000 0
48848 0.355851 0
48855 0.000000 0
48862 0.000000 0
48870 0.000000 0
48878 0.019685 0
48885 0.305317 0
48892 0.000000 0
48900 0.193192 0
48908 0.050803 0
48915 0.000000 0
48922 0.572221 0
48930 0.510282 0
48938 0.148911 0
48945 0.000000 0
48952 0.000000 0
48960 0.000000 0
48968 0.000000 0
48975 0.000000 0
48982 0.264945 0
48990 0.000000 0
48998 0.000000 0
49005 0.000000 0
49012 0.000000 0
49020 0.000000 0
49028 0.246283 0
49035 0.129650 0
49042 0.364325 0
49050 0.298938 0
49058 0.179181 0
49065 0.000000 0
49072 0.000000 0
49080 0.000000 0
49088 0.000000 0
49095 0.000000 0
49102 0.114694 0
49110 0.217496 0
49118 0.000000 0
49125 0.000000 0
49132 0.000000 0
49140 0.000000 0
49148 0.000000 0
49155 0.497502 0
49162 0.587447 0
49170 0.375650 0
49178 0.000000 0
49185 0.000000 0
49192 0.000000 0
49200 0.000000 0
49208 0.000000 0
49215 0.236456 0
49222 0.000000 0
49230 0.131418 0
49238 0.123584 0
49245 0.000000 0
49252 0.000000 0
49260 0.000000 0
49268 0.082934 0
49275 0.369452 0
49282 0.404426 0
49290 0.000000 0
49298 0.000000 0
49305 0.000000 0
49312 0.097266 0
49320 0.000000 0
49328 0.192925 0
49335 0.159023 0
49342 0.000000 0
49350 0.000000 0
49358 0.141494 0
49365 0.000000 0
49372 0.000000 0
49380 0.000000 0
49388 0.000000 0
49395 0.516597 0
49402 0.226380 0
49410 0.000000 0
49418 0.000000 0
49425 0.000000 0
49432 0.000000 0
49440 0.317935 0
49448 0.134202 0
49455 0.000000 0
49462 0.000000 0
49470 0.293472 0
49478 0.000000 0
49485 0.165625 0
49492 0.439342 0
49500 0.181887 0
49508 0.000000 0
49515 0.187473 0
49522 0.195380 0
49530 0.000000 0
49538 0.000000 0
49545 0.301696 0
49552 0.000000 0
49560 0.000000 0
49568 0.294677 0
49575 0.329595 0
49582 0.000000 0
49590 0.000000 0
49598 0.000000 0
49605 0.000000 0
49612 0.259637 0
49620 0.297314 0
49628 0.489096 0
49635 0.447809 0
49642 0.321931 0
49650 0.000000 0
49658 0.000000 0
49665 0.000000 0
49672 0.000000 0
49680 0.000000 0
49688 0.000000 0
49695 0.284487 0
49702 0.000000 0
49710 0.000000 0
49718 0.000000 0
49725 0.298366 0
49732 0.065205 0
49740 0.000000 0
49748 0.000000 0
49755 0.000000 0
49762 0.000000 0
49770 0.000000 0
49778 0.095349 0
49785 0.151649 0
49792 0.000000 0
49800 0.000000 0
49808 0.000000 0
49815 0.000000 0
49822 0.330481 0
49830 0.088423 0
49838 0.031203 0
49845 0.000000 0
49852 0.000000 0
49860 0.421649 0
49868 0.532296 0
49875 0.000000 0
49882 0.000000 0
49890 0.074206 0
49898 0.279026 0
49905 0.000000 0
49912 0.174143 0
49920 0.125510 0
49928 0.000000 0
49935 0.000000 0
49942 0.254426 0
49950 0.326142 0
49958 0.000000 0
49965 0.344662 0
49972 0.000000 0
49980 0.000000 0
49988 0.079692 0
49995 0.000000 0
50002 0.000000 0
50010 0.000000 0
50018 0.000000 0
50025 0.000000 0
50032 0.000000 0
50040 0.000000 0
50048 0.000000 0
50055 0.252101 0
50062 0.000000 0
50070 0.248544 0
50078 0.445673 0
50085 0.000000 0
50092 0.643178 0
50100 0.684235 0
50108 0.220448 0
50115 0.000000 0
50122 0.000000 0
50130 0.083944 0
50138 0.000000 0
50145 0.000000 0
50152 0.314011 0
50160 0.157495 0
50168 0.000000 0
50175 0.000000 0
50182 0.226897 0
50190 0.000000 0
50198 0.000000 0
50205 0.202911 0
50212 0.277043 0
50220 0.162455 0
50228 0.000000 0
50235 0.000000 0
50242 0.000000 0
50250 0.000000 0
50258 0.177771 0
50265 0.000000 0
50272 0.000000 0
50280 0.000000 0
50288 0.177798 0
50295 0.000000 0
50302 0.000000 0
50310 0.304036 0
50318 0.354096 0
50325 0.163811 0
50332 0.348926 0
50340 0.202753 0
50348 0.000000 0
50355 0.000000 0
50362 0.000000 0
50370 0.163491 0
50378 0.071258 0
50385 0.000000 0
50392 0.000000 0
50400 0.164610 0
50408 0.000000 0
50415 0.278897 0
50422 0.146067 0
50430 0.000000 0
50438 0.134139 0
50445 0.000000 0
50452 0.272499 0
50460 0.000000 0
50468 0.272842 0
50475 0.000000 0
50482 0.258564 0
50490 0.253048 0
50498 0.000000 0
50505 0.397270 0
50512 0.355174 0
50520 0.108303 0
50528 0.000000 0
50535 0.000000 0
50542 0.144360 0
50550 0.000000 0
50558 0.000000 0
50565 0.293119 0
50572 0.315361 0
50580 0.000000 0
50588 0.000000 0
50595 0.265175 0
50602 0.000000 0
50610 0.000000 0
50618 0.000000 0
50625 0.131850 0
50632 0.183161 0
50640 0.000000 0
50648 0.000000 0
50655 0.000000 0
50662 0.000000 0
50670 0.000000 0
50678 0.000000 0
50685 0.453655 0
50692 0.315723 0
50700 0.000000 0
50708 0.000000 0
50715 0.000000 0
50722 0.000000 0
50730 0.091110 0
50738 0.186164 0
50745 0.529451 0
50752 0.408132 0
50760 0.412265 0
50768 0.472780 0
50775 0.384923 0
50782 0.000000 0
50790 0.093763 0
50798 0.327999 0
50805 0.000000 0
50812 0.000000 0
50820 0.000000 0
50828 0.000000 0
50835 0.000000 0
50842 0.000000 0
50850 0.000000 0
50858 0.000000 0
50865 0.000000 0
50872 0.000000 0
50880 0.000000 0
50888 0.291461 0
50895 0.087965 0
50902 0.000000 0
50910 0.223052 0
50918 0.255395 0
50925 0.000000 0
50932 0.000000 0
50940 0.365252 0
50948 0.000000 0
50955 0.075802 0
50962 0.000000 0
50970 0.102545 0
50978 0.201761 0
50985 0.000000 0
50992 0.257249 0
51000 0.069230 0
51008 0.000000 0
51015 0.000000 0
51022 0.338978 0
51030 0.382761 0
51038 0.492644 0
51045 0.000000 0
51052 0.221644 0
51060 0.000000 0
51068 0.000000 0
51075 0.000000 0
51082 0.000000 0
51090 0.108128 0
51098 0.130393 0
51105 0.000000 0
51112 0.000000 0
51120 0.000000 0
51128 0.000000 0
51135 0.000000 0
51142 0.000000 0
51150 0.109681 0
51158 0.327281 0
51165 0.000000 0
51172 0.000000 0
51180 0.000000 0
51188 0.000000 0
51195 0.268235 0
51202 0.000000 0
51210 0.204996 0
51218 0.247076 0
51225 0.000000 0
51232 0.226016 0
51240 0.238836 0
51248 0.242558 0
51255 0.409300 0
51262 0.511265 0
51270 0.601929 0
51278 0.237300 0
51285 0.143843 0
51292 0.000000 0
51300 0.227435 0
51308 0.359939 0
51315 0.222531 0
51322 0.000000 0
51330 0.000000 0
51338 0.106020 0
51345 0.263466 0
51352 0.304509 0
51360 0.000000 0
51368 0.000000 0
51375 0.000000 0
51382 0.363004 0
51390 0.030791 0
51398 0.000000 0
51405 0.000000 0
51412 0.000000 0
51420 0.115028 0
51428 0.227617 0
51435 0.000000 0
51442 0.248470 0
51450 0.183270 0
51458 0.212141 0
51465 0.000000 0
51472 0.000000 0
51480 0.166791 0
51488 0.000000 0
51495 0.000000 0
51502 0.441479 0
51510 0.414685 0
51518 0.000000 0
51525 0.101877 0
51532 0.000000 0
51540 0.000000 0
51548 0.000000 0
51555 0.000000 0
51562 0.000000 0
51570 0.000000 0
51578 0.000000 0
51585 0.000000 0
51592 0.160162 0
51600 0.000000 0
51608 0.000000 0
51615 0.338208 0
51622 0.370657 0
51630 0.183404 0
51638 0.000000 0
51645 0.000000 0
51652 0.000000 0
51660 0.000000 0
51668 0.032886 0
51675 0.000000 0
51682 0.000000 0
51690 0.072182 0
51698 0.000000 0
51705 0.000000 0
51712 0.000000 0
51720 0.000000 0
51728 0.193570 0
51735 0.220617 0
51742 0.000000 0
51750 0.000000 0
51758 0.000000 0
51765 0.081301 0
51772 0.234318 0
51780 0.000000 0
51788 0.000000 0
51795 0.292750 0
51802 0.000000 0
51810 0.000000 0
51818 0.000000 0
51825 0.000000 0
51832 0.000000 0
51840 0.000000 0
51848 0.000000 0
51855 0.214895 0
51862 0.285959 0
51870 0.355895 0
51878 0.000000 0
51885 0.301013 0
51892 0.000000 0
51900 0.000000 0
51908 0.000000 0
51915 0.227272 0
51922 0.143623 0
51930 0.000000 0
51938 0.000000 0
51945 0.242818 0
51952 0.000000 0
51960 0.000000 0
51968 0.000000 0
51975 0.401764 0
51982 0.357299 0
51990 0.250458 0
51998 0.000000 0
52005 0.000000 0
52012 0.000000 0
52020 0.000000 0
52028 0.000000 0
52035 0.171339 0
52042 0.000000 0
52050 0.000000 0
52058 0.123610 0
52065 0.069321 0
52072 0.000000 0
52080 0.226583 0
52088 0.000000 0
52095 0.223286 0
52102 0.000000 0
52110 0.000000 0
52118 0.000000 0
52125 0.000000 0
52132 0.000000 0
52140 0.121873 0
52148 0.112481 0
52155 0.000000 0
52162 0.000000 0
52170 0.000000 0
52178 0.000000 0
52185 0.163501 0
52192 0.000000 0
52200 0.071454 0
52208 0.452372 0
52215 0.189489 0
52222 0.000000 0
52230 0.000000 0
52238 0.164347 0
52245 0.000000 0
52252 0.304765 0
52260 0.315707 0
52268 0.000000 0
52275 0.000000 0
52282 0.000000 0
52290 0.264237 0
52298 0.170015 0
52305 0.000000 0
52312 0.275615 0
52320 0.201027 0
52328 0.419504 0
52335 0.229644 0
52342 0.000000 0
52350 0.075489 0
52358 0.000000 0
52365 0.000000 0
52372 0.289390 0
52380 0.000000 0
52388 0.000000 0
52395 0.349057 0
52402 0.193914 0
52410 0.000000 0
52418 0.153423 0
52425 0.137264 0
52432 0.000000 0
52440 0.112985 0
52448 0.410770 0
52455 0.000000 0
52462 0.000000 0
52470 0.000000 0
52478 0.204357 0
52485 0.000000 0
52492 0.000000 0
52500 0.162093 0
52508 0.172986 0
52515 0.107363 0
52522 0.235831 0
52530 0.000000 0
52538 0.261447 0
52545 0.000000 0
52552 0.000000 0
52560 0.056489 0
52568 0.294300 0
52575 0.201371 0
52582 0.000000 0
52590 0.175960 0
52598 0.000000 0
52605 0.000000 0
52612 0.339613 0
52620 0.099332 0
52628 0.000000 0
52635 0.080200 0
52642 0.000000 0
52650 0.000000 0
52658 0.000000 0
52665 0.000000 0
52672 0.442201 0
52680 0.353996 0
52688 0.000000 0
52695 0.075539 0
52702 0.000000 0
52710 0.000000 0
52718 0.000000 0
52725 0.212263 0
52732 0.000000 0
52740 0.000000 0
52748 0.338457 0
52755 0.104506 0
52762 0.000000 0
52770 0.000000 0
52778 0.188143 0
52785 0.000000 0
52792 0.309906 0
52800 0.414484 0
52808 0.000000 0
52815 0.000000 0
52822 0.000000 0
52830 0.246575 0
52838 0.000000 0
52845 0.000000 0
52852 0.259001 0
52860 0.000000 0
52868 0.000000 0
52875 0.128566 0
52882 0.000000 0
52890 0.000000 0
52898 0.248629 0
52905 0.230787 0
52912 0.318100 0
52920 0.176437 0
52928 0.000000 0
52935 0.000000 0
52942 0.000000 0
52950 0.000000 0
52958 0.000000 0
52965 0.000000 0
52972 0.000000 0
52980 0.212628 0
52988 0.000000 0
52995 0.000000 0
53002 0.351285 0
53010 0.217913 0
53018 0.154437 0
53025 0.249365 0
53032 0.341435 0
53040 0.000000 0
53048 0.144602 0
53055 0.000000 0
53062 0.173290 0
53070 0.000000 0
53078 0.000000 0
53085 0.000000 0
53092 0.273705 0
53100 0.295949 0
53108 0.000000 0
53115 0.000000 0
53122 0.147110 0
53130 0.000000 0
53138 0.266570 0
53145 0.444850 0
53152 0.395771 0
53160 0.000000 0
53168 0.000000 0
53175 0.000000 0
53182 0.000000 0
53190 0.280963 0
53198 0.000000 0
53205 0.000000 0
53212 0.000000 0
53220 0.000000 0
53228 0.000000 0
53235 0.164503 0
53242 0.054019 0
53250 0.000000 0
53258 0.339806 0
53265 0.219497 0
53272 0.262270 0
53280 0.000000 0
53288 0.083978 0
53295 0.000000 0
53302 0.000000 0
53310 0.000000 0
53318 0.000000 0
53325 0.000000 0
53332 0.000000 0
53340 0.000000 0
53348 0.210083 0
53355 0.000000 0
53362 0.000000 0
53370 0.251607 0
53378 0.408821 0
53385 0.320862 0
53392 0.000000 0
53400 0.328521 0
53408 0.222438 0
53415 0.000000 0
53422 0.000000 0
53430 0.000000 0
53438 0.278841 0
53445 0.000000 0
53452 0.000000 0
53460 0.082742 0
53468 0.000000 0
53475 0.000000 0
53482 0.300968 0
53490 0.000000 0
53498 0.333874 0
53505 0.353182 0
53512 0.000000 0
53520 0.000000 0
53528 0.000000 0
53535 0.000000 0
53542 0.000000 0
53550 0.213084 0
53558 0.083826 0
53565 0.000000 0
53572 0.225097 0
53580 0.300036 0
53588 0.000000 0
53595 0.000000 0
53602 0.247282 0
53610 0.566416 0
53618 0.337534 0
53625 0.000000 0
53632 0.000000 0
53640 0.000000 0
53648 0.351888 0
53655 0.182927 0
53662 0.000000 0
53670 0.167474 0
53678 0.000000 0
53685 0.000000 0
53692 0.000000 0
53700 0.415602 0
53708 0.237230 0
53715 0.000000 0
53722 0.000000 0
53730 0.418300 0
53738 0.092145 0
53745 0.111880 0
53752 0.000000 0
53760 0.000000 0
53768 0.000000 0
53775 0.194284 0
53782 0.250868 0
53790 0.000000 0
53798 0.000000 0
53805 0.000000 0
53812 0.000000 0
53820 0.000000 0
53828 0.000000 0
53835 0.268551 0
53842 0.237087 0
53850 0.476788 0
53858 0.315408 0
53865 0.148022 0
53872 0.000000 0
53880 0.000000 0
53888 0.000000 0
53895 0.000000 0
53902 0.000000 0
53910 0.258826 0
53918 0.000000 0
53925 0.000000 0
53932 0.000000 0
53940 0.000000 0
53948 0.000000 0
53955 0.357971 0
53962 0.140131 0
53970 0.217343 0
53978 0.193404 0
53985 0.000000 0
53992 0.000000 0
54000 0.362666 0
54008 0.000000 0
54015 0.215209 0
54022 0.332368 0
54030 0.052004 0
54038 0.317875 0
54045 0.300575 0
54052 0.156302 0
54060 0.094228 0
54068 0.478720 0
54075 0.388037 0
54082 0.480455 0
54090 0.287949 0
54098 0.000000 0
54105 0.000000 0
54112 0.000000 0
54120 0.000000 0
54128 0.200890 0
54135 0.000000 0
54142 0.096817 0
54150 0.000000 0
54158 0.000000 0
54165 0.000000 0
54172 0.000000 0
54180 0.000000 0
54188 0.292473 0
54195 0.024477 0
54202 0.408931 0
54210 0.000000 0
54218 0.000000 0
54225 0.285988 0
54232 0.132665 0
54240 0.000000 0
54248 0.000000 0
54255 0.311932 0
54262 0.379979 0
54270 0.418773 0
54278 0.264500 0
54285 0.000000 0
54292 0.104223 0
54300 0.126388 0
54308 0.000000 0
54315 0.307350 0
54322 0.000000 0
54330 0.158440 0
54338 0.000000 0
54345 0.000000 0
54352 0.290913 0
54360 0.000000 0
54368 0.000000 0
54375 0.000000 0
54382 0.169509 0
54390 0.000000 0
54398 0.000000 0
54405 0.000000 0
54412 0.000000 0
54420 0.371470 0
54428 0.088131 0
54435 0.000000 0
54442 0.372839 0
54450 0.000000 0
54458 0.000000 0
54465 0.242352 0
54472 0.000000 0
54480 0.017331 0
54488 0.000000 0
54495 0.172393 0
54502 0.000000 0
54510 0.237379 0
54518 0.000000 0
54525 0.281977 0
54532 0.000000 0
54540 0.422915 0
54548 0.547560 0
54555 0.498779 0
54562 0.052455 0
54570 0.000000 0
54578 0.000000 0
54585 0.000000 0
54592 0.000000 0
54600 0.000000 0
54608 0.088373 0
54615 0.058347 0
54622 0.000000 0
54630 0.217607 0
54638 0.000000 0
54645 0.125728 0
54652 0.000000 0
54660 0.000000 0
54668 0.430808 0
54675 0.118650 0
54682 0.000000 0
54690 0.000000 0
54698 0.000000 0
54705 0.000000 0
54712 0.000000 0
54720 0.000000 0
54728 0.000000 0
54735 0.000000 0
54742 0.337177 0
54750 0.000000 0
54758 0.220213 0
54765 0.310164 0
54772 0.349001 0
54780 0.300628 0
54788 0.416901 0
54795 0.246805 0
54802 0.385477 0
54810 0.250359 0
54818 0.000000 0
54825 0.017806 0
54832 0.177000 0
54840 0.000000 0
54848 0.000000 0
54855 0.170565 0
54862 0.229691 0
54870 0.000000 0
54878 0.146204 0
54885 0.000000 0
54892 0.000000 0
54900 0.348897 0
54908 0.438191 0
54915 0.000000 0
54922 0.000000 0
54930 0.333565 0
54938 0.207717 0
54945 0.000000 0
54952 0.000000 0
54960 0.274286 0
54968 0.206279 0
54975 0.000000 0
54982 0.291136 0
54990 0.000000 0
54998 0.000000 0
55005 0.000000 0
55012 0.313840 0
55020 0.574261 0
55028 0.335018 0
55035 0.000000 0
55042 0.000000 0
55050 0.000000 0
55058 0.000000 0
55065 0.000000 0
55072 0.000000 0
55080 0.357080 0
55088 0.000000 0
55095 0.000000 0
55102 0.000000 0
55110 0.000000 0
55118 0.164734 0
55125 0.327997 0
55132 0.268423 0
55140 0.365185 0
55148 0.000000 0
55155 0.000000 0
55162 0.197672 0
55170 0.208473 0
55178 0.000000 0
55185 0.000000 0
55192 0.136614 0
55200 0.000000 0
55208 0.000000 0
55215 0.000000 0
55222 0.208386 0
55230 0.000000 0
55238 0.000000 0
55245 0.000000 0
55252 0.367795 0
55260 0.345239 0
55268 0.123907 0
55275 0.000000 0
55282 0.000000 0
55290 0.000000 0
55298 0.000000 0
55305 0.000000 0
55312 0.000000 0
55320 0.000000 0
55328 0.126158 0
55335 0.088330 0
55342 0.210222 0
55350 0.000000 0
55358 0.000000 0
55365 0.259550 0
55372 0.215116 0
55380 0.116637 0
55388 0.000000 0
55395 0.000000 0
55402 0.000000 0
55410 0.094405 0
55418 0.062459 0
55425 0.000000 0
55432 0.222244 0
55440 0.000000 0
55448 0.000000 0
55455 0.252151 0
55462 0.259437 0
55470 0.000000 0
55478 0.000000 0
55485 0.180633 0
55492 0.343672 0
55500 0.000000 0
55508 0.000000 0
55515 0.000000 0
55522 0.000000 0
55530 0.000000 0
55538 0.000000 0
55545 0.000000 0
55552 0.000000 0
55560 0.097796 0
55568 0.077765 0
55575 0.000000 0
55582 0.000000 0
55590 0.000000 0
55598 0.291139 0
55605 0.433422 0
55612 0.311760 0
55620 0.000000 0
55628 0.000000 0
55635 0.000000 0
55642 0.194046 0
55650 0.000000 0
55658 0.186496 0
55665 0.000000 0
55672 0.000000 0
55680 0.000000 0
55688 0.000000 0
55695 0.121316 0
55702 0.000000 0
55710 0.000000 0
55718 0.347332 0
55725 0.230785 0
55732 0.047394 0
55740 0.290126 0
55748 0.268723 0
55755 0.000000 0
55762 0.000000 0
55770 0.000000 0
55778 0.104000 0
55785 0.000000 0
55792 0.000000 0
55800 0.000000 0
55808 0.000000 0
55815 0.367476 0
55822 0.224250 0
55830 0.000000 0
55838 0.436839 0
55845 0.171433 0
55852 0.288170 0
55860 0.000000 0
55868 0.000000 0
55875 0.122724 0
55882 0.300504 0
55890 0.000000 0
55898 0.000000 0
55905 0.000000 0
55912 0.000000 0
55920 0.221313 0
55928 0.232087 0
55935 0.000000 0
55942 0.000000 0
55950 0.353295 0
55958 0.405569 0
55965 0.116114 0
55972 0.000000 0
55980 0.000000 0
55988 0.000000 0
55995 0.000000 0
56002 0.098622 0
56010 0.193748 0
56018 0.000000 0
56025 0.095479 0
56032 0.000000 0
56040 0.000000 0
56048 0.000000 0
56055 0.208952 0
56062 0.128772 0
56070 0.000000 0
56078 0.000000 0
56085 0.248347 0
56092 0.000000 0
56100 0.000000 0
56108 0.000000 0
56115 0.000000 0
56122 0.000000 0
56130 0.000000 0
56138 0.172915 0
56145 0.320452 0
56152 0.000000 0
56160 0.179863 0
56168 0.000000 0
56175 0.094173 0
56182 0.241600 0
56190 0.466187 0
56198 0.278657 0
56205 0.000000 0
56212 0.000000 0
56220 0.244266 0
56228 0.000000 0
56235 0.000000 0
56242 0.000000 0
56250 0.000000 0
56258 0.000000 0
56265 0.000000 0
56272 0.000000 0
56280 0.092339 0
56288 0.000000 0
56295 0.125397 0
56302 0.423967 0
56310 0.413616 0
56318 0.000000 0
56325 0.000000 0
56332 0.134317 0
56340 0.000000 0
56348 0.000000 0
56355 0.000000 0
56362 0.000000 0
56370 0.264095 0
56378 0.070414 0
56385 0.261181 0
56392 0.000000 0
56400 0.000000 0
56408 0.047360 0
56415 0.242197 0
56422 0.542444 0
56430 0.399630 0
56438 0.000000 0
56445 0.000000 0
56452 0.000000 0
56460 0.113450 0
56468 0.000000 0
56475 0.373936 0
56482 0.284039 0
56490 0.000000 0
56498 0.000000 0
56505 0.230822 0
56512 0.135508 0
56520 0.000000 0
56528 0.000000 0
56535 0.252501 0
56542 0.321809 0
56550 0.240902 0
56558 0.233287 0
56565 0.000000 0
56572 0.000000 0
56580 0.000000 0
56588 0.000000 0
56595 0.127417 0
56602 0.332639 0
56610 0.324033 0
56618 0.000000 0
56625 0.000000 0
56632 0.299367 0
56640 0.000000 0
56648 0.074757 0
56655 0.316045 0
56662 0.546817 0
56670 0.343941 0
56678 0.000000 0
56685 0.139952 0
56692 0.000000 0
56700 0.000000 0
56708 0.000000 0
56715 0.274224 0
56722 0.218560 0
56730 0.315430 0
56738 0.000000 0
56745 0.000000 0
56752 0.096894 0
56760 0.062163 0
56768 0.277971 0
56775 0.454871 0
56782 0.261237 0
56790 0.000000 0
56798 0.000000 0
56805 0.000000 0
56812 0.244114 0
56820 0.000000 0
56828 0.153336 0
56835 0.347243 0
56842 0.000000 0
56850 0.000000 0
56858 0.249679 0
56865 0.000000 0
56872 0.068286 0
56880 0.000000 0
56888 0.298032 0
56895 0.419497 0
56902 0.408881 0
56910 0.000000 0
56918 0.126007 0
56925 0.000000 0
56932 0.000000 0
56940 0.222382 0
56948 0.000000 0
56955 0.000000 0
56962 0.000000 0
56970 0.000000 0
56978 0.000000 0
56985 0.000000 0
56992 0.000000 0
57000 0.094149 0
57008 0.412609 0
57015 0.136016 0
57022 0.368240 0
57030 0.000000 0
57038 0.000000 0
57045 0.000000 0
57052 0.000000 0
57060 0.000000 0
57068 0.000000 0
57075 0.000000 0
57082 0.000000 0
57090 0.000000 0
57098 0.000000 0
57105 0.000000 0
57112 0.000000 0
57120 0.205305 0
57128 0.594174 0
57135 0.508701 0
57142 0.206295 0
57150 0.000000 0
57158 0.000000 0
57165 0.000000 0
57172 0.000000 0
57180 0.220702 0
57188 0.286951 0
57195 0.000000 0
57202 0.000000 0
57210 0.000000 0
57218 0.188869 0
57225 0.277532 0
57232 0.159917 0
57240 0.000000 0
57248 0.388485 0
57255 0.339118 0
57262 0.000000 0
57270 0.000000 0
57278 0.265482 0
57285 0.083370 0
57292 0.000000 0
57300 0.000000 0
57308 0.000000 0
57315 0.000000 0
57322 0.000000 0
57330 0.000000 0
57338 0.294490 0
57345 0.285510 0
57352 0.000000 0
57360 0.409622 0
57368 0.564301 0
57375 0.000000 0
57382 0.000000 0
57390 0.000000 0
57398 0.110449 0
57405 0.000000 0
57412 0.000000 0
57420 0.264557 0
57428 0.000000 0
57435 0.000000 0
57442 0.000000 0
57450 0.075775 0
57458 0.000000 0
57465 0.000000 0
57472 0.312449 0
57480 0.383976 0
57488 0.234414 0
57495 0.000000 0
57502 0.000000 0
57510 0.147850 0
57518 0.000000 0
57525 0.170189 0
57532 0.298911 0
57540 0.238318 0
57548 0.000000 0
57555 0.000000 0
57562 0.328595 0
57570 0.113970 0
57578 0.000000 0
57585 0.000000 0
57592 0.119531 0
57600 0.461454 0
57608 0.190092 0
57615 0.192743 0
57622 0.226491 0
57630 0.000000 0
57638 0.000000 0
57645 0.000000 0
57652 0.313110 0
57660 0.300021 0
57668 0.000000 0
57675 0.000000 0
57682 0.000000 0
57690 0.082071 0
57698 0.000000 0
57705 0.287974 0
57712 0.276162 0
57720 0.489927 0
57728 0.000000 0
57735 0.000000 0
57742 0.000000 0
57750 0.000000 0
57758 0.089165 0
57765 0.000000 0
57772 0.238196 0
57780 0.000000 0
57788 0.000000 0
57795 0.000000 0
57802 0.000000 0
57810 0.087522 0
57818 0.000000 0
57825 0.211782 0
57832 0.520646 0
57840 0.249143 0
57848 0.000000 0
57855 0.000000 0
57862 0.000000 0
57870 0.204022 0
57878 0.259984 0
57885 0.100855 0
57892 0.000000 0
57900 0.000000 0
57908 0.000000 0
57915 0.000000 0
57922 0.166378 0
57930 0.000000 0
57938 0.306867 0
57945 0.264392 0
57952 0.312534 0
57960 0.000000 0
57968 0.000000 0
57975 0.000000 0
57982 0.213863 0
57990 0.107135 0
57998 0.094648 0
58005 0.000000 0
58012 0.197169 0
58020 0.176465 0
58028 0.000000 0
58035 0.306119 0
58042 0.000000 0
58050 0.000000 0
58058 0.000000 0
58065 0.560372 0
58072 0.410802 0
58080 0.000000 0
58088 0.000000 0
58095 0.217918 0
58102 0.000000 0
58110 0.000000 0
58118 0.000000 0
58125 0.000000 0
58132 0.000000 0
58140 0.000000 0
58148 0.000000 0
58155 0.206493 0
58162 0.000000 0
58170 0.000000 0
58178 0.191747 0
58185 0.370121 0
58192 0.159711 0
58200 0.000000 0
58208 0.111719 0
58215 0.151960 0
58222 0.231967 0
58230 0.000000 0
58238 0.421160 0
58245 0.000000 0
58252 0.336711 0
58260 0.000000 0
58268 0.000000 0
58275 0.246808 0
58282 0.247519 0
58290 0.275641 0
58298 0.478443 0
58305 0.410837 0
58312 0.000000 0
58320 0.000000 0
58328 0.000000 0
58335 0.000000 0
58342 0.113310 0
58350 0.188607 0
58358 0.170335 0
58365 0.318377 0
58372 0.000000 0
58380 0.000000 0
58388 0.123182 0
58395 0.141022 0
58402 0.210494 0
58410 0.341583 0
58418 0.357860 0
58425 0.201283 0
58432 0.000000 0
58440 0.000000 0
58448 0.000000 0
58455 0.000000 0
58462 0.095330 0
58470 0.283030 0
58478 0.355633 0
58485 0.384605 0
58492 0.000000 0
58500 0.000000 0
58508 0.000000 0
58515 0.000000 0
58522 0.000000 0
58530 0.365188 0
58538 0.538646 0
58545 0.182982 0
58552 0.000000 0
58560 0.000000 0
58568 0.000000 0
58575 0.000000 0
58582 0.146488 0
58590 0.189524 0
58598 0.000000 0
58605 0.244908 0
58612 0.205392 0
58620 0.000000 0
58628 0.223620 0
58635 0.182502 0
58642 0.094702 0
58650 0.386591 0
58658 0.342638 0
58665 0.331233 0
58672 0.000000 0
58680 0.091234 0
58688 0.000000 0
58695 0.000000 0
58702 0.000000 0
58710 0.000000 0
58718 0.148662 0
58725 0.000000 0
58732 0.389708 0
58740 0.233355 0
58748 0.000000 0
58755 0.000000 0
58762 0.415549 0
58770 0.556925 0
58778 0.292302 0
58785 0.000000 0
58792 0.000000 0
58800 0.137972 0
58808 0.256372 0
58815 0.000000 0
58822 0.000000 0
58830 0.000000 0
58838 0.000000 0
58845 0.000000 0
58852 0.000000 0
58860 0.000000 0
58868 0.000000 0
58875 0.000000 0
58882 0.000000 0
58890 0.353776 0
58898 0.311485 0
58905 0.000000 0
58912 0.000000 0
58920 0.000000 0
58928 0.000000 0
58935 0.000000 0
58942 0.000000 0
58950 0.126254 0
58958 0.000000 0
58965 0.000000 0
58972 0.234874 0
58980 0.000000 0
58988 0.186380 0
58995 0.237834 0
59002 0.273308 0
59010 0.304805 0
59018 0.373752 0
59025 0.201168 0
59032 0.000000 0
59040 0.000000 0
59048 0.000000 0
59055 0.105271 0
59062 0.119196 0
59070 0.000000 0
59078 0.101424 0
59085 0.090964 0
59092 0.000000 0
59100 0.280899 0
59108 0.000000 0
59115 0.214384 0
59122 0.454896 0
59130 0.000000 0
59138 0.000000 0
59145 0.000000 0
59152 0.000000 0
59160 0.200818 0
59168 0.000000 0
59175 0.226873 0
59182 0.000000 0
59190 0.114853 0
59198 0.306689 0
59205 0.000000 0
59212 0.000000 0
59220 0.122442 0
59228 0.000000 0
59235 0.370373 0
59242 0.700263 0
59250 0.506097 0
59258 0.000000 0
59265 0.000000 0
59272 0.000000 0
59280 0.000000 0
59288 0.313255 0
59295 0.283841 0
59302 0.000000 0
59310 0.000000 0
59318 0.000000 0
59325 0.000000 0
59332 0.000000 0
59340 0.000000 0
59348 0.178038 0
59355 0.400297 0
59362 0.234122 0
59370 0.000000 0
59378 0.085842 0
59385 0.000000 0
59392 0.000000 0
59400 0.000000 0
59408 0.000000 0
59415 0.000000 0
59422 0.000000 0
59430 0.000000 0
59438 0.000000 0
59445 0.000000 0
59452 0.087887 0
59460 0.295940 0
59468 0.275587 0
59475 0.396758 0
59482 0.107803 0
59490 0.000000 0
59498 0.000000 0
59505 0.132941 0
59512 0.000000 0
59520 0.000000 0
59528 0.216241 0
59535 0.083566 0
59542 0.000000 0
59550 0.142781 0
59558 0.000000 0
59565 0.000000 0
59572 0.000000 0
59580 0.253966 0
59588 0.362525 0
59595 0.338458 0
59602 0.000000 0
59610 0.000000 0
59618 0.000000 0
59625 0.303175 0
59632 0.355088 0
59640 0.000000 0
59648 0.246002 0
59655 0.299777 0
59662 0.000000 0
59670 0.172304 0
59678 0.000000 0
59685 0.000000 0
59692 0.248131 0
59700 0.371306 0
59708 0.156345 0
59715 0.037416 0
59722 0.000000 0
59730 0.000000 0
59738 0.235540 0
59745 0.000000 0
59752 0.000000 0
59760 0.245381 0
59768 0.000000 0
59775 0.000000 0
59782 0.000000 0
59790 0.000000 0
59798 0.000000 0
59805 0.268304 0
59812 0.000000 0
59820 0.269248 0
59828 0.376422 0
59835 0.000000 0
59842 0.000000 0
59850 0.121421 0
59858 0.000000 0
59865 0.167745 0
59872 0.199026 0
59880 0.207141 0
59888 0.000000 0
59895 0.079164 0
59902 0.000000 0
59910 0.000000 0
59918 0.000000 0
59925 0.091790 0
59932 0.233307 0
59940 0.210076 0
59948 0.350389 0
59955 0.186405 0
59962 0.000000 0
59970 0.000000 0
59978 0.000000 0
59985 0.000000 0
59992 0.000000 0
60000 0.000000 0
60008 0.000000 0
60015 0.000000 0
60022 0.000000 0
60030 0.000000 0
60038 0.269555 0
60045 0.000000 0
60052 0.118443 0
60060 0.093970 0
60068 0.000000 0
60075 0.000000 0
60082 0.000000 0
60090 0.219539 0
60098 0.256173 0
60105 0.391949 0
60112 0.202625 0
60120 0.000000 0
60128 0.058993 0
60135 0.000000 0
60142 0.000000 0
60150 0.192876 0
60158 0.000000 0
60165 0.276845 0
60172 0.462208 0
60180 0.231669 0
60188 0.298247 0
60195 0.000000 0
60202 0.000000 0
60210 0.000000 0
60218 0.000000 0
60225 0.000000 0
60232 0.000000 0
60240 0.112562 0
60248 0.000000 0
60255 0.000000 0
60262 0.000000 0
60270 0.121854 0
60278 0.138771 0
60285 0.238671 0
60292 0.374490 0
60300 0.388149 0
60308 0.000000 0
60315 0.000000 0
60322 0.000000 0
60330 0.270689 0
60338 0.392195 0
60345 0.260220 0
60352 0.000000 0
60360 0.257140 0
60368 0.410889 0
60375 0.000000 0
60382 0.000000 0
60390 0.262804 0
60398 0.135809 0
60405 0.247596 0
60412 0.274681 0
60420 0.000000 0
60428 0.000000 0
60435 0.183784 0
60442 0.000000 0
60450 0.000000 0
60458 0.223766 0
60465 0.100547 0
60472 0.000000 0
60480 0.000000 0
60488 0.138890 0
60495 0.152013 0
60502 0.164085 0
60510 0.000000 0
60518 0.086399 0
60525 0.303184 0
60532 0.250257 0
60540 0.231884 0
60548 0.000000 0
60555 0.080245 0
60562 0.000000 0
60570 0.088750 0
60578 0.000000 0
60585 0.227220 0
60592 0.000000 0
60600 0.251647 0
60608 0.000000 0
60615 0.052245 0
60622 0.122208 0
60630 0.184684 0
60638 0.000000 0
60645 0.233822 0
60652 0.295902 0
60660 0.398764 0
60668 0.209784 0
60675 0.074100 0
60682 0.136856 0
60690 0.000000 0
60698 0.000000 0
60705 0.000000 0
60712 0.210836 0
60720 0.000000 0
60728 0.000000 0
60735 0.285090 0
60742 0.000000 0
60750 0.000000 0
60758 0.137592 0
60765 0.298361 0
60772 0.232830 0
60780 0.221466 0
60788 0.000000 0
60795 0.000000 0
60802 0.000000 0
60810 0.000000 0
60818 0.117875 0
60825 0.000000 0
60832 0.000000 0
60840 0.000000 0
60848 0.000000 0
60855 0.355038 0
60862 0.000000 0
60870 0.327467 0
60878 0.426418 0
60885 0.267621 0
60892 0.000000 0
60900 0.000000 0
60908 0.000000 0
60915 0.000000 0
60922 0.000000 0
60930 0.000000 0
60938 0.000000 0
60945 0.000000 0
60952 0.000000 0
60960 0.000000 0
60968 0.075702 0
60975 0.321713 0
60982 0.181137 0
60990 0.210946 0
60998 0.271012 0
61005 0.000000 0
61012 0.000000 0
61020 0.000000 0
61028 0.215989 0
61035 0.174984 0
61042 0.000000 0
61050 0.000000 0
61058 0.000000 0
61065 0.067807 0
61072 0.088211 0
61080 0.104070 0
61088 0.000000 0
61095 0.000000 0
61102 0.348145 0
61110 0.517047 0
61118 0.503271 0
61125 0.138347 0
61132 0.205048 0
61140 0.098588 0
61148 0.000000 0
61155 0.000000 0
61162 0.000000 0
61170 0.000000 0
61178 0.476961 0
61185 0.000000 0
61192 0.000000 0
61200 0.000000 0
61208 0.000000 0
61215 0.000000 0
61222 0.327890 0
61230 0.314826 0
61238 0.105243 0
61245 0.000000 0
61252 0.000000 0
61260 0.281410 0
61268 0.000000 0
61275 0.000000 0
61282 0.000000 0
61290 0.000000 0
61298 0.114669 0
61305 0.000000 0
61312 0.000000 0
61320 0.078656 0
61328 0.000000 0
61335 0.000000 0
61342 0.409907 0
61350 0.479346 0
61358 0.322202 0
61365 0.000000 0
61372 0.000000 0
61380 0.000000 0
61388 0.199573 0
61395 0.000000 0
61402 0.000000 0
61410 0.000000 0
61418 0.000000 0
61425 0.000000 0
61432 0.402532 0
61440 0.277988 0
61448 0.000000 0
61455 0.214772 0
61462 0.119020 0
61470 0.290791 0
61478 0.000000 0
61485 0.000000 0
61492 0.130617 0
61500 0.000000 0
61508 0.138017 0
61515 0.125188 0
61522 0.000000 0
61530 0.170327 0
61538 0.000000 0
61545 0.265363 0
61552 0.273614 0
61560 0.322508 0
61568 0.313957 0
61575 0.000000 0
61582 0.263562 0
61590 0.118883 0
61598 0.000000 0
61605 0.000000 0
61612 0.240521 0
61620 0.000000 0
61628 0.322350 0
61635 0.362048 0
61642 0.000000 0
61650 0.000000 0
61658 0.000000 0
61665 0.000000 0
61672 0.000000 0
61680 0.138447 0
61688 0.347699 0
61695 0.000000 0
61702 0.375450 0
61710 0.099781 0
61718 0.000000 0
61725 0.133798 0
61732 0.219024 0
61740 0.000000 0
61748 0.000000 0
61755 0.000000 0
61762 0.000000 0
61770 0.000000 0
61778 0.000000 0
61785 0.405394 0
61792 0.000000 0
61800 0.000000 0
61808 0.000000 0
61815 0.355277 0
61822 0.166614 0
61830 0.000000 0
61838 0.000000 0
61845 0.114704 0
61852 0.334476 0
61860 0.000000 0
61868 0.000000 0
61875 0.247923 0
61882 0.154741 0
61890 0.191208 0
61898 0.000000 0
61905 0.000000 0
61912 0.106221 0
61920 0.201055 0
61928 0.101591 0
61935 0.221547 0
61942 0.179681 0
61950 0.000000 0
61958 0.000000 0
61965 0.000000 0
61972 0.000000 0
61980 0.000000 0
61988 0.117874 0
61995 0.430310 0
62002 0.384893 0
62010 0.000000 0
62018 0.000000 0
62025 0.052074 0
62032 0.122758 0
62040 0.000000 0
62048 0.422451 0
62055 0.450979 0
62062 0.156771 0
62070 0.000000 0
62078 0.000000 0
62085 0.344896 0
62092 0.000000 0
62100 0.000000 0
62108 0.218954 0
62115 0.000000 0
62122 0.000000 0
62130 0.314487 0
62138 0.000000 0
62145 0.000000 0
62152 0.310208 0
62160 0.245411 0
62168 0.282664 0
62175 0.173880 0
62182 0.000000 0
62190 0.000000 0
62198 0.000000 0
62205 0.000000 0
62212 0.000000 0
62220 0.291096 0
62228 0.000000 0
62235 0.286595 0
62242 0.000000 0
62250 0.178880 0
62258 0.142249 0
62265 0.387072 0
62272 0.246466 0
62280 0.412087 0
62288 0.434908 0
62295 0.226305 0
62302 0.308962 0
62310 0.340246 0
62318 0.143978 0
62325 0.000000 0
62332 0.000000 0
62340 0.000000 0
62348 0.250688 0
62355 0.000000 0
62362 0.000000 0
62370 0.000000 0
62378 0.000000 0
62385 0.000000 0
62392 0.000000 0
62400 0.306741 0
62408 0.389112 0
62415 0.000000 0
62422 0.000000 0
62430 0.000000 0
62438 0.000000 0
62445 0.000000 0
62452 0.503626 0
62460 0.132387 0
62468 0.279061 0
62475 0.000000 0
62482 0.000000 0
62490 0.208608 0
62498 0.303206 0
62505 0.268600 0
62512 0.342835 0
62520 0.475707 0
62528 0.317222 0
62535 0.000000 0
62542 0.000000 0
62550 0.270788 0
62558 0.000000 0
62565 0.109781 0
62572 0.000000 0
62580 0.256515 0
62588 0.000000 0
62595 0.000000 0
62602 0.235071 0
62610 0.148277 0
62618 0.177017 0
62625 0.000000 0
62632 0.000000 0
62640 0.353818 0
62648 0.063391 0
62655 0.000000 0
62662 0.175879 0
62670 0.000000 0
62678 0.000000 0
62685 0.000000 0
62692 0.251328 0
62700 0.242008 0
62708 0.000000 0
62715 0.177283 0
62722 0.000000 0
62730 0.201705 0
62738 0.000000 0
62745 0.282435 0
62752 0.623828 0
62760 0.253370 0
62768 0.000000 0
62775 0.000000 0
62782 0.000000 0
62790 0.000000 0
62798 0.000000 0
62805 0.221833 0
62812 0.170009 0
62820 0.000000 0
62828 0.000000 0
62835 0.000000 0
62842 0.000000 0
62850 0.257659 0
62858 0.252660 0
62865 0.337432 0
62872 0.403732 0
62880 0.000000 0
62888 0.000000 0
62895 0.092233 0
62902 0.049683 0
62910 0.000000 0
62918 0.095089 0
62925 0.353498 0
62932 0.288361 0
62940 0.000000 0
62948 0.000000 0
62955 0.000000 0
62962 0.000000 0
62970 0.125642 0
62978 0.137670 0
62985 0.353340 0
62992 0.366885 0
63000 0.000000 0
63008 0.000000 0
63015 0.000000 0
63022 0.000000 0
63030 0.317278 0
63038 0.000000 0
63045 0.000000 0
63052 0.000000 0
63060 0.212456 0
63068 0.000000 0
63075 0.195604 0
63082 0.227153 0
63090 0.000000 0
63098 0.000000 0
63105 0.289949 0
63112 0.000000 0
63120 0.000000 0
63128 0.000000 0
63135 0.000000 0
63142 0.106367 0
63150 0.000000 0
63158 0.000000 0
63165 0.093027 0
63172 0.289956 0
63180 0.000000 0
63188 0.000000 0
63195 0.158080 0
63202 0.087377 0
63210 0.118038 0
63218 0.000000 0
63225 0.488590 0
63232 0.000000 0
63240 0.000000 0
63248 0.000000 0
63255 0.000000 0
63262 0.000000 0
63270 0.000000 0
63278 0.000000 0
63285 0.046212 0
63292 0.000000 0
63300 0.000000 0
63308 0.000000 0
63315 0.000000 0
63322 0.147987 0
63330 0.000000 0
63338 0.446555 0
63345 0.427535 0
63352 0.000000 0
63360 0.000000 0
63368 0.000000 0
63375 0.105088 0
63382 0.000000 0
63390 0.051791 0
63398 0.174439 0
63405 0.000000 0
63412 0.000000 0
63420 0.112617 0
63428 0.138366 0
63435 0.367442 0
63442 0.000000 0
63450 0.308345 0
63458 0.475446 0
63465 0.131417 0
63472 0.000000 0
63480 0.000000 0
63488 0.335746 0
63495 0.000000 0
63502 0.000000 0
63510 0.000000 0
63518 0.189794 0
63525 0.000000 0
63532 0.000000 0
63540 0.074479 0
63548 0.151086 0
63555 0.000000 0
63562 0.166269 0
63570 0.272296 0
63578 0.321440 0
63585 0.000000 0
63592 0.000000 0
63600 0.000000 0
63608 0.000000 0
63615 0.000000 0
63622 0.000000 0
63630 0.000000 0
63638 0.139780 0
63645 0.000000 0
63652 0.312373 0
63660 0.000000 0
63668 0.000000 0
63675 0.318604 0
63682 0.000000 0
63690 0.409054 0
63698 0.426269 0
63705 0.063977 0
63712 0.187768 0
63720 0.000000 0
63728 0.000000 0
63735 0.000000 0
63742 0.271734 0
63750 0.000000 0
63758 0.000000 0
63765 0.000000 0
63772 0.392503 0
63780 0.272781 0
63788 0.302929 0
63795 0.147514 0
63802 0.376243 0
63810 0.137135 0
63818 0.000000 0
63825 0.000000 0
63832 0.000000 0
63840 0.000000 0
63848 0.289846 0
63855 0.000000 0
63862 0.000000 0
63870 0.246043 0
63878 0.000000 0
63885 0.000000 0
63892 0.000000 0
63900 0.200029 0
63908 0.222424 0
63915 0.143618 0
63922 0.420107 0
63930 0.520581 0
63938 0.000000 0
63945 0.000000 0
63952 0.000000 0
63960 0.209022 0
63968 0.000000 0
63975 0.000000 0
63982 0.000000 0
63990 0.000000 0
63998 0.000000 0
64005 0.000000 0
64012 0.000000 0
64020 0.262435 0
64028 0.000000 0
64035 0.157165 0
64042 0.426713 0
64050 0.290953 0
64058 0.000000 0
64065 0.000000 0
64072 0.000000 0
64080 0.439934 0
64088 0.000000 0
64095 0.000000 0
64102 0.343750 0
64110 0.000000 0
64118 0.000000 0
64125 0.000000 0
64132 0.000000 0
64140 0.200458 0
64148 0.000000 0
64155 0.499411 0
64162 0.556316 0
64170 0.000000 0
64178 0.000000 0
64185 0.081950 0
64192 0.000000 0
64200 0.000000 0
64208 0.000000 0
64215 0.000000 0
64222 0.075584 0
64230 0.000000 0
64238 0.093102 0
64245 0.000000 0
64252 0.000000 0
64260 0.222796 0
64268 0.260858 0
64275 0.447559 0
64282 0.459548 0
64290 0.000000 0
64298 0.000000 0
64305 0.000000 0
64312 0.000000 0
64320 0.000000 0
64328 0.142029 0
64335 0.379097 0
64342 0.000000 0
64350 0.000000 0
64358 0.139492 0
64365 0.306450 0
64372 0.000000 0
64380 0.286311 0
64388 0.322580 0
64395 0.473219 0
64402 0.274117 0
64410 0.000000 0
64418 0.070906 0
64425 0.000000 0
64432 0.000000 0
64440 0.000000 0
64448 0.223328 0
64455 0.000000 0
64462 0.000000 0
64470 0.000000 0
64478 0.154212 0
64485 0.170468 0
64492 0.254066 0
64500 0.067567 0
64508 0.322865 0
64515 0.288408 0
64522 0.000000 0
64530 0.000000 0
64538 0.000000 0
64545 0.000000 0
64552 0.000000 0
64560 0.000000 0
64568 0.468278 0
64575 0.373968 0
64582 0.000000 0
64590 0.000000 0
64598 0.000000 0
64605 0.000000 0
64612 0.211193 0
64620 0.027855 0
64628 0.373352 0
64635 0.440551 0
64642 0.000000 0
64650 0.000000 0
64658 0.000000 0
64665 0.000000 0
64672 0.000000 0
64680 0.000000 0
64688 0.000000 0
64695 0.188160 0
64702 0.053789 0
64710 0.242943 0
64718 0.234799 0
64725 0.214466 0
64732 0.123940 0
64740 0.304310 0
64748 0.398737 0
64755 0.020199 0
64762 0.000000 0
64770 0.000000 0
64778 0.000000 0
64785 0.161014 0
64792 0.142294 0
64800 0.000000 0
64808 0.264460 0
64815 0.129162 0
64822 0.000000 0
64830 0.000000 0
64838 0.000000 0
64845 0.359619 0
64852 0.238148 0
64860 0.393316 0
64868 0.490846 0
64875 0.000000 0
64882 0.000000 0
64890 0.191336 0
64898 0.000000 0
64905 0.000000 0
64912 0.000000 0
64920 0.000000 0
64928 0.251498 0
64935 0.254406 0
64942 0.000000 0
64950 0.000000 0
64958 0.000000 0
64965 0.233754 0
64972 0.399376 0
64980 0.463936 0
64988 0.162238 0
64995 0.000000 0
65002 0.000000 0
65010 0.048175 0
65018 0.000000 0
65025 0.000000 0
65032 0.212318 0
65040 0.149813 0
65048 0.000000 0
65055 0.165873 0
65062 0.000000 0
65070 0.000000 0
65078 0.267082 0
65085 0.233641 0
65092 0.283488 0
65100 0.507266 0
65108 0.000000 0
65115 0.000000 0
65122 0.261336 0
65130 0.000000 0
65138 0.000000 0
65145 0.166841 0
65152 0.226624 0
65160 0.000000 0
65168 0.000000 0
65175 0.000000 0
65182 0.336207 0
65190 0.071980 0
65198 0.255224 0
65205 0.121165 0
65212 0.383310 0
65220 0.485231 0
65228 0.000000 0
65235 0.000000 0
65242 0.000000 0
65250 0.000000 0
65258 0.145292 0
65265 0.208624 0
65272 0.000000 0
65280 0.000000 0
65288 0.241408 0
65295 0.000000 0
65302 0.000000 0
65310 0.110714 0
65318 0.000000 0
65325 0.398884 0
65332 0.626930 0
65340 0.000000 0
65348 0.000000 0
65355 0.000000 0
65362 0.000000 0
65370 0.000000 0
65378 0.000000 0
65385 0.047697 0
65392 0.000000 0
65400 0.000000 0
65408 0.040009 0
65415 0.158141 0
65422 0.000000 0
65430 0.000000 0
65438 0.000000 0
65445 0.362807 0
65452 0.585511 0
65460 0.000000 0
65468 0.000000 0
65475 0.000000 0
65482 0.000000 0
65490 0.000000 0
65498 0.212242 0
65505 0.118382 0
65512 0.393459 0
65520 0.000000 0
65528 0.000000 0
65535 0.000000 0
65542 0.000000 0
65550 0.000000 0
65558 0.102252 0
65565 0.538789 0
65572 0.410114 0
65580 0.000000 0
65588 0.177216 0
65595 0.000000 0
65602 0.000000 0
65610 0.000000 0
65618 0.000000 0
65625 0.163235 0
65632 0.000000 0
65640 0.000000 0
65648 0.000000 0
65655 0.183553 0
65662 0.000000 0
65670 0.000000 0
65678 0.140794 0
65685 0.481020 0
65692 0.084872 0
65700 0.000000 0
65708 0.312521 0
65715 0.000000 0
65722 0.000000 0
65730 0.099392 0
65738 0.000000 0
65745 0.145620 0
65752 0.259065 0
65760 0.220770 0
65768 0.216576 0
65775 0.000000 0
65782 0.000000 0
65790 0.000000 0
65798 0.399651 0
65805 0.180938 0
65812 0.000000 0
65820 0.209324 0
65828 0.000000 0
65835 0.000000 0
65842 0.000000 0
65850 0.199282 0
65858 0.000000 0
65865 0.000000 0
65872 0.000000 0
65880 0.000000 0
65888 0.000000 0
65895 0.000000 0
65902 0.000000 0
65910 0.000000 0
65918 0.118901 0
65925 0.000000 0
65932 0.000000 0
65940 0.000000 0
65948 0.000000 0
65955 0.000000 0
65962 0.000000 0
65970 0.000000 0
65978 0.000000 0
65985 0.000000 0
65992 0.000000 0
66000 0.000000 0
66008 0.000000 0
66015 0.000000 0
66022 0.302349 0
66030 0.254121 0
66038 0.000000 0
66045 0.151571 0
66052 0.388884 0
66060 0.000000 0
66068 0.000000 0
66075 0.000000 0
66082 0.000000 0
66090 0.000000 0
66098 0.000000 0
66105 0.000000 0
66112 0.000000 0
66120 0.000000 0
66128 0.000000 0
66135 0.260615 0
66142 0.000000 0
66150 0.000000 0
66158 0.116586 0
66165 0.000000 0
66172 0.000000 0
66180 0.190863 0
66188 0.270046 0
66195 0.000000 0
66202 0.000000 0
66210 0.000000 0
66218 0.173107 0
66225 0.000000 0
66232 0.000000 0
66240 0.000000 0
66248 0.291520 0
66255 0.399276 0
66262 0.585128 0
66270 0.748266 0
66278 0.000000 0
66285 0.000000 0
66292 0.000000 0
66300 0.000000 0
66308 0.313304 0
66315 0.000000 0
66322 0.000000 0
66330 0.000000 0
66338 0.000000 0
66345 0.000000 0
66352 0.000000 0
66360 0.216133 0
66368 0.194275 0
66375 0.342551 0
66382 0.929352 0
66390 0.754936 0
66398 0.000000 0
66405 0.000000 0
66412 0.000000 0
66420 0.280676 0
66428 0.000000 0
66435 0.000000 0
66442 0.000000 0
66450 0.000000 0
66458 0.223328 0
66465 0.000000 0
66472 0.000000 0
66480 0.000000 0
66488 0.000000 0
66495 0.389715 0
66502 0.839591 0
66510 0.797832 0
66518 0.242154 0
66525 0.000000 0
66532 0.034550 0
66540 0.000000 0
66548 0.000000 0
66555 0.000000 0
66562 0.000000 0
66570 0.000000 0
66578 0.000000 0
66585 0.000000 0
66592 0.000000 0
66600 0.000000 0
66608 0.200661 0
66615 0.669120 0
66622 0.996826 0
66630 0.489406 0
66638 0.000000 0
66645 0.000000 0
66652 0.000000 0
66660 0.140849 0
66668 0.000000 0
66675 0.000000 0
66682 0.000000 0
66690 0.000000 0
66698 0.000000 0
66705 0.000000 0
66712 0.000000 0
66720 0.000000 0
66728 0.500066 0
66735 1.000000 0
66742 0.840074 0
66750 0.000000 0
66758 0.000000 0
66765 0.000000 0
66772 0.313447 0
66780 0.000000 0
66788 0.000000 0
66795 0.000000 0
66802 0.000000 0
66810 0.000000 0
66818 0.000000 0
66825 0.000000 0
66832 0.000000 0
66840 0.360258 0
66848 0.490739 0
66855 1.000000 0
66862 0.822570 0
66870 0.000000 0
66878 0.000000 0
66885 0.000000 0
66892 0.000000 0
66900 0.000000 0
66908 0.000000 0
66915 0.000000 0
66922 0.000000 0
66930 0.000000 0
66938 0.000000 0
66945 0.000000 0
66952 0.340878 0
66960 0.429520 0
66968 0.917541 0
66975 0.941127 0
66982 0.000000 0
66990 0.000000 0
66998 0.000000 0
67005 0.289299 0
67012 0.220986 0
67020 0.000000 0
67028 0.000000 0
67035 0.000000 0
67042 0.000000 0
67050 0.000000 0
67058 0.000000 0
67065 0.000000 0
67072 0.201240 0
67080 0.472812 0
67088 1.000000 0
67095 0.672541 0
67102 0.000000 0
67110 0.000000 0
67118 0.000000 0
67125 0.000000 0
67132 0.000000 0
67140 0.000000 0
67148 0.000000 0
67155 0.000000 0
67162 0.000000 0
67170 0.000000 0
67178 0.000000 0
67185 0.000000 0
67192 0.438833 0
67200 0.625103 0
67208 1.000000 0
67215 0.682238 0
67222 0.000000 0
67230 0.000000 0
67238 0.221496 0
67245 0.000000 0
67252 0.000000 0
67260 0.000000 0
67268 0.000000 0
67275 0.000000 0
67282 0.000000 0
67290 0.000000 0
67298 0.000000 0
67305 0.000000 0
67312 0.000000 0
67320 1.000000 0
67328 0.995824 0
67335 0.000000 0
67342 0.000000 0
67350 0.000000 0
67358 0.000000 0
67365 0.000000 0
67372 0.000000 0
67380 0.000000 0
67388 0.000000 0
67395 0.000000 0
67402 0.000000 0
67410 0.000000 0
67418 0.000000 0
67425 0.149792 0
67432 0.514827 0
67440 1.000000 0
67448 0.902593 0
67455 0.000000 0
67462 0.000000 0
67470 0.000000 0
67478 0.000000 0
67485 0.000000 0
67492 0.000000 0
67500 0.000000 0
67508 0.000000 0
67515 0.000000 0
67522 0.000000 0
67530 0.000000 0
67538 0.295533 0
67545 0.000000 0
67552 0.938832 0
67560 1.000000 0
67568 0.300406 0
67575 0.000000 0
67582 0.000000 0
67590 0.000000 0
67598 0.000000 0
67605 0.000000 0
67612 0.000000 0
67620 0.000000 0
67628 0.000000 0
67635 0.000000 0
67642 0.000000 0
67650 0.226594 0
67658 0.000000 0
67665 0.000000 0
67672 1.000000 0
67680 0.859511 0
67688 0.000000 0
67695 0.000000 0
67702 0.000000 0
67710 0.162932 0
67718 0.138402 0
67725 0.000000 0
67732 0.000000 0
67740 0.000000 0
67748 0.000000 0
67755 0.000000 0
67762 0.000000 0
67770 0.196859 0
67778 0.000000 0
67785 0.720394 0
67792 1.000000 0
67800 0.528816 0
67808 0.000000 0
67815 0.000000 0
67822 0.010129 0
67830 0.170494 0
67838 0.000000 0
67845 0.000000 0
67852 0.000000 0
67860 0.000000 0
67868 0.000000 0
67875 0.000000 0
67882 0.000000 0
67890 0.000000 0
67898 0.262603 0
67905 1.000000 0
67912 1.000000 0
67920 0.000000 0
67928 0.000000 0
67935 0.000000 0
67942 0.000000 0
67950 0.000000 0
67958 0.000000 0
67965 0.000000 0
67972 0.000000 0
67980 0.000000 0
67988 0.000000 0
67995 0.000000 0
68002 0.000000 0
68010 0.000000 0
68018 0.395788 0
68025 1.000000 0
68032 0.720218 0
68040 0.000000 0
68048 0.000000 0
68055 0.000000 0
68062 0.000000 0
68070 0.000000 0
68078 0.000000 0
68085 0.000000 0
68092 0.000000 0
68100 0.000000 0
68108 0.000000 0
68115 0.000000 0
68122 0.000000 0
68130 0.154508 0
68138 0.918293 0
68145 1.000000 0
68152 0.349529 0
68160 0.000000 0
68168 0.000000 0
68175 0.000000 0
68182 0.000000 0
68190 0.000000 0
68198 0.000000 0
68205 0.000000 0
68212 0.000000 0
68220 0.000000 0
68228 0.000000 0
68235 0.000000 0
68242 0.000000 0
68250 0.323745 0
68258 1.000000 0
68265 0.897750 0
68272 0.000000 0
68280 0.000000 0
68288 0.000000 0
68295 0.000000 0
68302 0.135039 0
68310 0.000000 0
68318 0.000000 0
68325 0.000000 0
68332 0.000000 0
68340 0.000000 0
68348 0.000000 0
68355 0.000000 0
68362 0.000000 0
68370 0.394588 0
68378 1.000000 0
68385 0.808749 0
68392 0.000000 0
68400 0.000000 0
68408 0.000000 0
68415 0.128637 0
68422 0.000000 0
68430 0.000000 0
68438 0.000000 0
68445 0.000000 0
68452 0.000000 0
68460 0.000000 0
68468 0.000000 0
68475 0.000000 0
68482 0.000000 0
68490 0.652696 0
68498 1.000000 0
68505 0.529918 0
68512 0.000000 0
68520 0.000000 0
68528 0.000000 0
68535 0.000000 0
68542 0.000000 0
68550 0.000000 0
68558 0.000000 0
68565 0.000000 0
68572 0.000000 0
68580 0.000000 0
68588 0.000000 0
68595 0.000000 0
68602 0.415701 0
68610 0.964879 0
68618 0.951050 0
68625 0.428790 0
68632 0.000000 0
68640 0.000000 0
68648 0.000000 0
68655 0.000000 0
68662 0.000000 0
68670 0.000000 0
68678 0.000000 0
68685 0.000000 0
68692 0.000000 0
68700 0.000000 0
68708 0.000000 0
68715 0.000000 0
68722 0.824217 0
68730 1.000000 0
68738 0.398181 0
68745 0.000000 0
68752 0.000000 0
68760 0.000000 0
68768 0.000000 0
68775 0.000000 0
68782 0.000000 0
68790 0.000000 0
68798 0.000000 0
68805 0.000000 0
68812 0.000000 0
68820 0.000000 0
68828 0.000000 0
68835 0.364268 0
68842 1.000000 0
68850 1.000000 0
68858 0.000000 0
68865 0.000000 0
68872 0.000000 0
68880 0.000000 0
68888 0.000000 0
68895 0.000000 0
68902 0.000000 0
68910 0.000000 0
68918 0.000000 0
68925 0.000000 0
68932 0.000000 0
68940 0.000000 0
68948 0.178131 0
68955 0.431820 0
68962 1.000000 0
68970 0.768468 0
68978 0.000000 0
68985 0.000000 0
68992 0.000000 0
69000 0.000000 0
69008 0.000000 0
69015 0.000000 0
69022 0.000000 0
69030 0.000000 0
69038 0.000000 0
69045 0.000000 0
69052 0.000000 0
69060 0.000000 0
69068 0.000000 0
69075 0.799731 0
69082 1.000000 0
69090 0.676080 0
69098 0.000000 0
69105 0.000000 0
69112 0.000000 0
69120 0.000000 0
69128 0.000000 0
69135 0.000000 0
69142 0.000000 0
69150 0.000000 0
69158 0.000000 0
69165 0.000000 0
69172 0.000000 0
69180 0.000000 0
69188 0.236290 0
69195 1.000000 0
69202 1.000000 0
69210 0.280968 0
69218 0.000000 0
69225 0.000000 0
69232 0.000000 0
69240 0.000000 0
69248 0.000000 0
69255 0.000000 0
69262 0.000000 0
69270 0.000000 0
69278 0.000000 0
69285 0.000000 0
69292 0.000000 0
69300 0.314442 0
69308 0.645687 0
69315 1.000000 0
69322 0.755473 0
69330 0.000000 0
69338 0.000000 0
69345 0.000000 0
69352 0.000000 0
69360 0.000000 0
69368 0.000000 0
69375 0.000000 0
69382 0.000000 0
69390 0.000000 0
69398 0.000000 0
69405 0.000000 0
69412 0.000000 0
69420 0.000000 0
69428 0.844190 0
69435 1.000000 0
69442 0.444535 0
69450 0.000000 0
69458 0.000000 0
69465 0.000000 0
69472 0.215090 0
69480 0.000000 0
69488 0.000000 0
69495 0.000000 0
69502 0.000000 0
69510 0.000000 0
69518 0.000000 0
69525 0.000000 0
69532 0.000000 0
69540 0.077719 0
69548 1.000000 0
69555 0.895304 0
69562 0.000000 0
69570 0.000000 0
69578 0.000000 0
69585 0.000000 0
69592 0.000000 0
69600 0.000000 0
69608 0.000000 0
69615 0.000000 0
69622 0.000000 0
69630 0.000000 0
69638 0.000000 0
69645 0.000000 0
69652 0.000000 0
69660 0.591575 0
69668 1.000000 0
69675 0.544504 0
69682 0.000000 0
69690 0.000000 0
69698 0.000000 0
69705 0.000000 0
69712 0.000000 0
69720 0.000000 0
69728 0.000000 0
69735 0.000000 0
69742 0.000000 0
69750 0.000000 0
69758 0.000000 0
69765 0.000000 0
69772 0.000000 0
69780 0.925100 0
69788 1.000000 0
69795 0.546319 0
69802 0.000000 0
69810 0.000000 0
69818 0.342483 0
69825 0.000000 0
69832 0.000000 0
69840 0.000000 0
69848 0.000000 0
69855 0.000000 0
69862 0.000000 0
69870 0.000000 0
69878 0.000000 0
69885 0.127896 0
69892 0.517134 0
69900 1.000000 0
69908 0.771418 0
69915 0.000000 0
69922 0.000000 0
69930 0.000000 0
69938 0.203537 0
69945 0.000000 0
69952 0.000000 0
69960 0.000000 0
69968 0.000000 0
69975 0.000000 0
69982 0.000000 0
69990 0.000000 0
69998 0.000000 0
70005 0.000000 0
70012 0.948602 0
70020 1.000000 0
70028 0.262303 0
70035 0.000000 0
70042 0.000000 0
70050 0.078202 0
70058 0.248552 0
70065 0.000000 0
70072 0.000000 0
70080 0.000000 0
70088 0.000000 0
70095 0.000000 0
70102 0.000000 0
70110 0.000000 0
70118 0.000000 0
70125 0.000000 0
70132 1.000000 0
70140 0.987114 0
70148 0.000000 0
70155 0.000000 0
70162 0.000000 0
70170 0.000000 0
70178 0.000000 0
70185 0.000000 0
70192 0.000000 0
70200 0.000000 0
70208 0.000000 0
70215 0.000000 0
70222 0.000000 0
70230 0.000000 0
70238 0.000000 0
70245 0.781638 0
70252 1.000000 0
70260 0.680287 0
70268 0.000000 0
70275 0.000000 0
70282 0.192331 0
70290 0.000000 0
70298 0.000000 0
70305 0.000000 0
70312 0.000000 0
70320 0.178183 0
70328 0.000000 0
70335 0.000000 0
70342 0.000000 0
70350 0.000000 0
70358 0.000000 0
70365 0.829038 0
70372 1.000000 0
70380 0.503874 0
70388 0.000000 0
70395 0.000000 0
70402 0.000000 0
70410 0.000000 0
70418 0.000000 0
70425 0.000000 0
70432 0.000000 0
70440 0.000000 0
70448 0.000000 0
70455 0.000000 0
70462 0.000000 0
70470 0.000000 0
70478 0.306611 0
70485 1.000000 0
70492 0.998563 0
70500 0.000000 0
70508 0.000000 0
70515 0.000000 0
70522 0.000000 0
70530 0.000000 0
70538 0.000000 0
70545 0.000000 0
70552 0.000000 0
70560 0.000000 0
70568 0.000000 0
70575 0.000000 0
70582 0.000000 0
70590 0.000000 0
70598 0.752944 0
70605 1.000000 0
70612 0.580487 0
70620 0.000000 0
70628 0.000000 0
70635 0.000000 0
70642 0.000000 0
70650 0.000000 0
70658 0.000000 0
70665 0.000000 0
70672 0.000000 0
70680 0.000000 0
70688 0.000000 0
70695 0.000000 0
70702 0.000000 0
70710 0.000000 0
70718 1.000000 0
70725 1.000000 0
70732 0.000000 0
70740 0.000000 0
70748 0.000000 0
70755 0.036641 0
70762 0.000000 0
70770 0.000000 0
70778 0.000000 0
70785 0.000000 0
70792 0.000000 0
70800 0.000000 0
70808 0.000000 0
70815 0.000000 0
70822 0.000000 0
70830 0.558709 0
70838 1.000000 0
70845 0.744560 0
70852 0.000000 0
70860 0.000000 0
70868 0.000000 0
70875 0.000000 0
70882 0.000000 0
70890 0.000000 0
70898 0.000000 0
70905 0.000000 0
70912 0.000000 0
70920 0.000000 0
70928 0.000000 0
70935 0.000000 0
70942 0.252417 0
70950 0.971281 0
70958 1.000000 0
70965 0.622251 0
70972 0.000000 0
70980 0.000000 0
70988 0.228049 0
70995 0.000000 0
71002 0.000000 0
71010 0.000000 0
71018 0.000000 0
71025 0.000000 0
71032 0.000000 0
71040 0.000000 0
71048 0.000000 0
71055 0.000000 0
71062 0.212972 0
71070 1.000000 0
71078 1.000000 0
71085 0.159330 0
71092 0.000000 0
71100 0.000000 0
71108 0.000000 0
71115 0.000000 0
71122 0.000000 0
71130 0.000000 0
71138 0.000000 0
71145 0.000000 0
71152 0.000000 0
71160 0.000000 0
71168 0.000000 0
71175 0.000000 0
71182 0.486471 0
71190 1.000000 0
71198 0.760237 0
71205 0.000000 0
71212 0.000000 0
71220 0.000000 0
71228 0.269490 0
71235 0.000000 0
71242 0.000000 0
71250 0.000000 0
71258 0.000000 0
71265 0.000000 0
71272 0.000000 0
71280 0.000000 0
71288 0.000000 0
71295 0.147721 0
71302 0.832224 0
71310 1.000000 0
71318 0.364330 0
71325 0.000000 0
71332 0.000000 0
71340 0.000000 0
71348 0.000000 0
71355 0.000000 0
71362 0.000000 0
71370 0.000000 0
71378 0.000000 0
71385 0.000000 0
71392 0.000000 0
71400 0.000000 0
71408 0.000000 0
71415 0.000000 0
71422 1.000000 0
71430 0.836569 0
71438 0.000000 0
71445 0.000000 0
71452 0.000000 0
71460 0.210771 0
71468 0.000000 0
71475 0.000000 0
71482 0.000000 0
71490 0.000000 0
71498 0.000000 0
71505 0.000000 0
71512 0.000000 0
71520 0.000000 0
71528 0.000000 0
71535 0.692091 0
71542 1.000000 0
71550 0.504033 0
71558 0.000000 0
71565 0.000000 0
71572 0.211197 0
71580 0.285012 0
71588 0.000000 0
71595 0.000000 0
71602 0.000000 0
71610 0.030210 0
71618 0.000000 0
71625 0.000000 0
71632 0.000000 0
71640 0.000000 0
71648 0.167472 0
71655 0.929628 0
71662 1.000000 0
71670 0.555562 0
71678 0.000000 0
71685 0.000000 0
71692 0.282874 0
71700 0.000000 0
71708 0.000000 0
71715 0.000000 0
71722 0.000000 0
71730 0.000000 0
71738 0.000000 0
71745 0.000000 0
71752 0.000000 0
71760 0.000000 0
71768 0.341752 0
71775 1.000000 0
71782 0.736077 0
71790 0.000000 0
71798 0.000000 0
71805 0.000000 0
71812 0.182702 0
71820 0.000000 0
71828 0.000000 0
71835 0.000000 0
71842 0.000000 0
71850 0.000000 0
71858 0.000000 0
71865 0.000000 0
71872 0.000000 0
71880 0.000000 0
71888 0.841202 0
71895 1.000000 0
71902 0.443541 0
71910 0.000000 0
71918 0.000000 0
71925 0.082445 0
71932 0.053780 0
71940 0.000000 0
71948 0.000000 0
71955 0.000000 0
71962 0.000000 0
71970 0.000000 0
71978 0.000000 0
71985 0.000000 0
71992 0.000000 0
72000 0.312498 0
72008 1.000000 0
72015 0.838796 0
72022 0.000000 0
72030 0.000000 0
72038 0.000000 0
72045 0.000000 0
72052 0.000000 0
72060 0.000000 0
72068 0.000000 0
72075 0.000000 0
72082 0.000000 0
72090 0.000000 0
72098 0.000000 0
72105 0.000000 0
72112 0.000000 0
72120 0.336286 0
72128 1.000000 0
72135 0.890828 0
72142 0.000000 0
72150 0.000000 0
72158 0.000000 0
72165 0.000000 0
72172 0.000000 0
72180 0.000000 0
72188 0.000000 0
72195 0.000000 0
72202 0.000000 0
72210 0.000000 0
72218 0.000000 0
72225 0.000000 0
72232 0.000000 0
72240 0.951250 0
72248 1.000000 0
72255 0.303569 0
72262 0.000000 0
72270 0.000000 0
72278 0.000000 0
72285 0.000000 0
72292 0.000000 0
72300 0.000000 0
72308 0.000000 0
72315 0.000000 0
72322 0.000000 0
72330 0.000000 0
72338 0.000000 0
72345 0.000000 0
72352 0.321796 0
72360 1.000000 0
72368 0.825735 0
72375 0.000000 0
72382 0.000000 0
72390 0.000000 0
72398 0.000000 0
72405 0.000000 0
72412 0.000000 0
72420 0.000000 0
72428 0.000000 0
72435 0.000000 0
72442 0.000000 0
72450 0.000000 0
72458 0.186538 0
72465 0.000000 0
72472 0.657084 0
72480 1.000000 0
72488 0.496068 0
72495 0.000000 0
72502 0.000000 0
72510 0.000000 0
72518 0.000000 0
72525 0.000000 0
72532 0.000000 0
72540 0.000000 0
72548 0.000000 0
72555 0.000000 0
72562 0.000000 0
72570 0.000000 0
72578 0.000000 0
72585 0.000000 0
72592 0.914084 0
72600 1.000000 0
72608 0.000000 0
72615 0.000000 0
72622 0.000000 0
72630 0.180650 0
72638 0.000000 0
72645 0.000000 0
72652 0.000000 0
72660 0.000000 0
72668 0.000000 0
72675 0.000000 0
72682 0.000000 0
72690 0.226834 0
72698 0.000000 0
72705 0.000000 0
72712 1.000000 0
72720 0.676090 0
72728 0.000000 0
72735 0.000000 0
72742 0.000000 0
72750 0.000000 0
72758 0.000000 0
72765 0.000000 0
72772 0.000000 0
72780 0.000000 0
72788 0.000000 0
72795 0.000000 0
72802 0.000000 0
72810 0.000000 0
72818 0.000000 0
72825 0.653358 0
72832 1.000000 0
72840 0.608911 0
72848 0.000000 0
72855 0.000000 0
72862 0.000000 0
72870 0.000000 0
72878 0.000000 0
72885 0.000000 0
72892 0.000000 0
72900 0.000000 0
72908 0.000000 0
72915 0.000000 0
72922 0.000000 0
72930 0.000000 0
72938 0.000000 0
72945 0.798858 0
72952 1.000000 0
72960 0.483077 0
72968 0.000000 0
72975 0.000000 0
72982 0.000000 0
72990 0.000000 0
72998 0.000000 0
73005 0.000000 0
73012 0.000000 0
73020 0.000000 0
73028 0.000000 0
73035 0.000000 0
73042 0.000000 0
73050 0.000000 0
73058 0.493234 0
73065 1.000000 0
73072 0.614535 0
73080 0.000000 0
73088 0.000000 0
73095 0.000000 0
73102 0.000000 0
73110 0.000000 0
73118 0.000000 0
73125 0.000000 0
73132 0.000000 0
73140 0.000000 0
73148 0.000000 0
73155 0.000000 0
73162 0.216192 0
73170 0.000000 0
73178 0.639988 0
73185 1.000000 0
73192 0.578961 0
73200 0.000000 0
73208 0.000000 0
73215 0.000000 0
73222 0.000000 0
73230 0.000000 0
73238 0.000000 0
73245 0.000000 0
73252 0.000000 0
73260 0.000000 0
73268 0.000000 0
73275 0.000000 0
73282 0.000000 0
73290 0.000000 0
73298 1.000000 0
73305 0.920335 0
73312 0.000000 0
73320 0.000000 0
73328 0.000000 0
73335 0.000000 0
73342 0.000000 0
73350 0.000000 0
73358 0.000000 0
73365 0.000000 0
73372 0.000000 0
73380 0.000000 0
73388 0.000000 0
73395 0.000000 0
73402 0.275047 0
73410 0.481617 0
73418 1.000000 0
73425 0.519424 0
73432 0.000000 0
73440 0.000000 0
73448 0.000000 0
73455 0.000000 0
73462 0.000000 0
73470 0.000000 0
73478 0.000000 0
73485 0.000000 0
73492 0.000000 0
73500 0.000000 0
73508 0.000000 0
73515 0.000000 0
73522 0.000000 0
73530 0.885383 0
73538 0.926852 0
73545 0.436829 0
73552 0.000000 0
73560 0.000000 0
73568 0.000000 0
73575 0.000000 0
73582 0.000000 0
73590 0.000000 0
73598 0.000000 0
73605 0.000000 0
73612 0.000000 0
73620 0.000000 0
73628 0.000000 0
73635 0.045090 0
73642 0.000000 0
73650 0.883106 0
73658 0.935021 0
73665 0.282591 0
73672 0.000000 0
73680 0.000000 0
73688 0.181133 0
73695 0.000000 0
73702 0.000000 0
73710 0.000000 0
73718 0.000000 0
73725 0.000000 0
73732 0.000000 0
73740 0.000000 0
73748 0.000000 0
73755 0.247414 0
73762 0.869781 0
73770 1.000000 0
73778 0.316015 0
73785 0.000000 0
73792 0.000000 0
73800 0.000000 0
73808 0.325855 0
73815 0.053724 0
73822 0.000000 0
73830 0.000000 0
73838 0.000000 0
73845 0.000000 0
73852 0.150286 0
73860 0.000000 0
73868 0.000000 0
73875 0.000000 0
73882 1.000000 0
73890 0.973931 0
73898 0.000000 0
73905 0.000000 0
73912 0.000000 0
73920 0.109115 0
73928 0.000000 0
73935 0.000000 0
73942 0.000000 0
73950 0.000000 0
73958 0.000000 0
73965 0.000000 0
73972 0.000000 0
73980 0.000000 0
73988 0.027745 0
73995 0.490051 0
74002 0.996374 0
74010 0.822142 0
74018 0.000000 0
74025 0.000000 0
74032 0.000000 0
74040 0.000000 0
74048 0.000000 0
74055 0.000000 0
74062 0.000000 0
74070 0.000000 0
74078 0.000000 0
74085 0.000000 0
74092 0.000000 0
74100 0.000000 0
74108 0.000000 0
74115 0.730934 0
74122 1.000000 0
74130 0.558209 0
74138 0.000000 0
74145 0.000000 0
74152 0.000000 0
74160 0.000000 0
74168 0.000000 0
74175 0.000000 0
74182 0.000000 0
74190 0.000000 0
74198 0.000000 0
74205 0.000000 0
74212 0.189055 0
74220 0.000000 0
74228 0.275702 0
74235 0.994887 0
74242 0.852850 0
74250 0.000000 0
74258 0.000000 0
74265 0.000000 0
74272 0.278818 0
74280 0.000000 0
74288 0.000000 0
74295 0.000000 0
74302 0.000000 0
74310 0.000000 0
74318 0.000000 0
74325 0.000000 0
74332 0.000000 0
74340 0.155593 0
74348 0.332570 0
74355 0.875985 0
74362 0.715933 0
74370 0.318904 0
74378 0.000000 0
74385 0.000000 0
74392 0.000000 0
74400 0.000000 0
74408 0.000000 0
74415 0.000000 0
74422 0.000000 0
74430 0.000000 0
74438 0.000000 0
74445 0.000000 0
74452 0.000000 0
74460 0.000000 0
74468 0.800288 0
74475 0.864869 0
74482 0.000000 0
74490 0.000000 0
74498 0.000000 0
74505 0.000000 0
74512 0.000000 0
74520 0.000000 0
74528 0.000000 0
74535 0.000000 0
74542 0.000000 0
74550 0.000000 0
74558 0.000000 0
74565 0.000000 0
74572 0.176587 0
74580 0.138485 0
74588 1.000000 0
74595 0.818687 0
74602 0.000000 0
74610 0.000000 0
74618 0.000000 0
74625 0.000000 0
74632 0.000000 0
74640 0.000000 0
74648 0.000000 0
74655 0.000000 0
74662 0.000000 0
74670 0.000000 0
74678 0.000000 0
74685 0.000000 0
74692 0.222941 0
74700 0.631846 0
74708 0.985125 0
74715 0.646799 0
74722 0.000000 0
74730 0.000000 0
74738 0.000000 0
74745 0.000000 0
74752 0.000000 0
74760 0.000000 0
74768 0.000000 0
74775 0.000000 0
74782 0.000000 0
74790 0.000000 0
74798 0.000000 0
74805 0.000000 0
74812 0.148564 0
74820 0.779752 0
74828 0.969309 0
74835 0.215280 0
74842 0.000000 0
74850 0.000000 0
74858 0.000000 0
74865 0.000000 0
74872 0.000000 0
74880 0.000000 0
74888 0.000000 0
74895 0.000000 0
74902 0.000000 0
74910 0.000000 0
74918 0.068866 0
74925 0.000000 0
74932 0.467117 0
74940 0.957393 0
74948 0.757612 0
74955 0.000000 0
74962 0.000000 0
74970 0.000000 0
74978 0.152219 0
74985 0.000000 0
74992 0.000000 0
75000 0.000000 0
75008 0.000000 0
75015 0.000000 0
75022 0.000000 0
75030 0.250645 0
75038 0.494744 0
75045 0.000000 0
75052 0.364951 0
75060 0.926167 0
75068 0.471955 0
75075 0.000000 0
75082 0.000000 0
75090 0.000000 0
75098 0.000000 0
75105 0.000000 0
75112 0.000000 0
75120 0.000000 0
75128 0.000000 0
75135 0.000000 0
75142 0.000000 0
75150 0.168074 0
75158 0.000000 0
75165 0.304403 0
75172 0.988519 0
75180 0.700517 0
75188 0.000000 0
75195 0.000000 0
75202 0.287991 0
75210 0.135349 0
75218 0.000000 0
75225 0.000000 0
75232 0.000000 0
75240 0.000000 0
75248 0.000000 0
75255 0.000000 0
75262 0.000000 0
75270 0.000000 0
75278 0.000000 0
75285 0.573584 0
75292 1.000000 0
75300 0.444842 0
75308 0.000000 0
75315 0.000000 0
75322 0.000000 0
75330 0.000000 0
75338 0.000000 0
75345 0.000000 0
75352 0.000000 0
75360 0.000000 0
75368 0.000000 0
75375 0.000000 0
75382 0.000000 0
75390 0.000000 0
75398 0.404561 0
75405 0.907748 0
75412 0.902135 0
75420 0.000000 0
75428 0.000000 0
75435 0.000000 0
75442 0.000000 0
75450 0.000000 0
75458 0.000000 0
75465 0.000000 0
75472 0.000000 0
75480 0.000000 0
75488 0.000000 0
75495 0.000000 0
75502 0.000000 0
75510 0.000000 0
75518 0.227683 0
75525 1.000000 0
75532 0.723315 0
75540 0.000000 0
75548 0.000000 0
75555 0.000000 0
75562 0.000000 0
75570 0.000000 0
75578 0.000000 0
75585 0.000000 0
75592 0.000000 0
75600 0.000000 0
75608 0.000000 0
75615 0.000000 0
75622 0.000000 0
75630 0.000000 0
75638 0.769545 0
75645 1.000000 0
75652 0.230914 0
75660 0.000000 0
75668 0.000000 0
75675 0.180111 0
75682 0.000000 0
75690 0.000000 0
75698 0.000000 0
75705 0.000000 0
75712 0.000000 0
75720 0.000000 0
75728 0.000000 0
75735 0.000000 0
75742 0.136825 0
75750 0.000000 0
75758 0.843305 0
75765 0.916524 0
75772 0.000000 0
75780 0.000000 0
75788 0.000000 0
75795 0.000000 0
75802 0.000000 0
75810 0.000000 0
75818 0.000000 0
75825 0.000000 0
75832 0.273843 0
75840 0.000000 0
75848 0.000000 0
75855 0.144476 0
75862 0.177404 0
75870 0.345956 0
75878 0.834908 0
75885 0.640663 0
75892 0.000000 0
75900 0.000000 0
75908 0.000000 0
75915 0.424700 0
75922 0.000000 0
75930 0.000000 0
75938 0.000000 0
75945 0.000000 0
75952 0.000000 0
75960 0.000000 0
75968 0.000000 0
75975 0.000000 0
75982 0.355873 0
75990 0.759415 0
75998 0.896866 0
76005 0.152861 0
76012 0.000000 0
76020 0.000000 0
76028 0.000000 0
76035 0.000000 0
76042 0.000000 0
76050 0.000000 0
76058 0.000000 0
76065 0.104003 0
76072 0.000000 0
76080 0.000000 0
76088 0.000000 0
76095 0.000000 0
76102 0.386984 0
76110 0.832167 0
76118 0.790298 0
76125 0.000000 0
76132 0.000000 0
76140 0.000000 0
76148 0.000000 0
76155 0.000000 0
76162 0.000000 0
76170 0.000000 0
76178 0.169158 0
76185 0.000000 0
76192 0.000000 0
76200 0.339131 0
76208 0.000000 0
76215 0.000000 0
76222 0.448850 0
76230 0.890504 0
76238 0.497536 0
76245 0.000000 0
76252 0.000000 0
76260 0.247243 0
76268 0.000000 0
76275 0.000000 0
76282 0.000000 0
76290 0.000000 0
76298 0.000000 0
76305 0.000000 0
76312 0.000000 0
76320 0.290818 0
76328 0.108106 0
76335 0.158555 0
76342 0.680024 0
76350 0.899073 0
76358 0.133290 0
76365 0.000000 0
76372 0.000000 0
76380 0.000000 0
76388 0.000000 0
76395 0.000000 0
76402 0.000000 0
76410 0.000000 0
76418 0.000000 0
76425 0.000000 0
76432 0.000000 0
76440 0.000000 0
76448 0.212594 0
76455 0.000000 0
76462 0.851630 0
76470 0.779602 0
76478 0.000000 0
76485 0.000000 0
76492 0.000000 0
76500 0.000000 0
76508 0.000000 0
76515 0.000000 0
76522 0.000000 0
76530 0.000000 0
76538 0.000000 0
76545 0.000000 0
76552 0.000000 0
76560 0.273276 0
76568 0.000000 0
76575 0.365457 0
76582 0.843689 0
76590 0.557047 0
76598 0.000000 0
76605 0.000000 0
76612 0.000000 0
76620 0.000000 0
76628 0.000000 0
76635 0.000000 0
76642 0.000000 0
76650 0.000000 0
76658 0.000000 0
76665 0.000000 0
76672 0.134526 0
76680 0.000000 0
76688 0.261497 0
76695 0.613145 0
76702 0.770118 0
76710 0.367415 0
76718 0.000000 0
76725 0.000000 0
76732 0.000000 0
76740 0.000000 0
76748 0.000000 0
76755 0.000000 0
76762 0.000000 0
76770 0.000000 0
76778 0.000000 0
76785 0.000000 0
76792 0.000000 0
76800 0.000000 0
76808 0.348896 0
76815 0.818568 0
76822 0.705183 0
76830 0.000000 0
76838 0.000000 0
76845 0.000000 0
76852 0.000000 0
76860 0.000000 0
76868 0.000000 0
76875 0.000000 0
76882 0.000000 0
76890 0.000000 0
76898 0.000000 0
76905 0.180099 0
76912 0.000000 0
76920 0.000000 0
76928 0.553431 0
76935 0.969557 0
76942 0.415837 0
76950 0.000000 0
76958 0.000000 0
76965 0.000000 0
76972 0.000000 0
76980 0.000000 0
76988 0.000000 0
76995 0.000000 0
77002 0.000000 0
77010 0.000000 0
77018 0.000000 0
77025 0.160164 0
77032 0.000000 0
77040 0.000000 0
77048 0.737437 0
77055 0.750016 0
77062 0.000000 0
77070 0.000000 0
77078 0.000000 0
77085 0.000000 0
77092 0.000000 0
77100 0.000000 0
77108 0.000000 0
77115 0.000000 0
77122 0.000000 0
77130 0.000000 0
77138 0.000000 0
77145 0.000000 0
77152 0.000000 0
77160 0.477764 0
77168 0.906082 0
77175 0.626528 0
77182 0.000000 0
77190 0.000000 0
77198 0.317646 0
77205 0.000000 0
77212 0.000000 0
77220 0.000000 0
77228 0.000000 0
77235 0.000000 0
77242 0.133199 0
77250 0.000000 0
77258 0.000000 0
77265 0.000000 0
77272 0.380907 0
77280 0.648826 0
77288 0.799079 0
77295 0.337495 0
77302 0.000000 0
77310 0.000000 0
77318 0.330574 0
77325 0.000000 0
77332 0.000000 0
77340 0.000000 0
77348 0.000000 0
77355 0.000000 0
77362 0.000000 0
77370 0.000000 0
77378 0.204956 0
77385 0.371742 0
77392 0.342057 0
77400 0.658463 0
77408 0.695431 0
77415 0.000000 0
77422 0.000000 0
77430 0.000000 0
77438 0.000000 0
77445 0.000000 0
77452 0.000000 0
77460 0.000000 0
77468 0.175501 0
77475 0.000000 0
77482 0.000000 0
77490 0.000000 0
77498 0.000000 0
77505 0.000000 0
77512 0.425969 0
77520 0.860562 0
77528 0.440970 0
77535 0.000000 0
77542 0.000000 0
77550 0.137427 0
77558 0.000000 0
77565 0.000000 0
77572 0.000000 0
77580 0.000000 0
77588 0.218585 0
77595 0.099691 0
77602 0.000000 0
77610 0.000000 0
77618 0.000000 0
77625 0.364837 0
77632 0.612425 0
77640 0.814186 0
77648 0.164196 0
77655 0.000000 0
77662 0.000000 0
77670 0.000000 0
77678 0.000000 0
77685 0.000000 0
77692 0.000000 0
77700 0.000000 0
77708 0.000000 0
77715 0.300227 0
77722 0.000000 0
77730 0.000000 0
77738 0.000000 0
77745 0.000000 0
77752 0.659637 0
77760 0.666634 0
77768 0.242629 0
77775 0.000000 0
77782 0.000000 0
77790 0.116311 0
77798 0.000000 0
77805 0.000000 0
77812 0.000000 0
77820 0.000000 0
77828 0.000000 0
77835 0.000000 0
77842 0.000000 0
77850 0.320307 0
77858 0.094213 0
77865 0.453161 0
77872 0.791995 0
77880 0.535474 0
77888 0.000000 0
77895 0.000000 0
77902 0.000000 0
77910 0.096871 0
77918 0.000000 0
77925 0.000000 0
77932 0.000000 0
77940 0.299841 0
77948 0.214202 0
77955 0.000000 0
77962 0.000000 0
77970 0.000000 0
77978 0.000000 0
77985 0.649956 0
77992 0.596509 0
78000 0.045755 0
78008 0.000000 0
78015 0.000000 0
78022 0.000000 0
78030 0.000000 0
78038 0.000000 0
78045 0.000000 0
78052 0.227460 0
78060 0.119824 0
78068 0.000000 0
78075 0.000000 0
78082 0.000000 0
78090 0.000000 0
78098 0.353303 0
78105 0.874699 0
78112 0.474129 0
78120 0.000000 0
78128 0.000000 0
78135 0.000000 0
78142 0.000000 0
78150 0.000000 0
78158 0.000000 0
78165 0.000000 0
78172 0.254831 0
78180 0.000000 0
78188 0.000000 0
78195 0.000000 0
78202 0.000000 0
78210 0.214157 0
78218 0.522906 0
78225 0.819685 0
78232 0.000000 0
78240 0.000000 0
78248 0.000000 0
78255 0.000000 0
78262 0.000000 0
78270 0.000000 0
78278 0.000000 0
78285 0.000000 0
78292 0.318158 0
78300 0.000000 0
78308 0.000000 0
78315 0.000000 0
78322 0.000000 0
78330 0.284512 0
78338 0.860586 0
78345 0.614846 0
78352 0.000000 0
78360 0.000000 0
78368 0.000000 0
78375 0.000000 0
78382 0.000000 0
78390 0.000000 0
78398 0.000000 0
78405 0.276687 0
78412 0.000000 0
78420 0.000000 0
78428 0.204876 0
78435 0.000000 0
78442 0.205330 0
78450 0.321420 0
78458 0.799725 0
78465 0.476461 0
78472 0.000000 0
78480 0.000000 0
78488 0.227905 0
78495 0.061407 0
78502 0.000000 0
78510 0.000000 0
78518 0.000000 0
78525 0.363097 0
78532 0.000000 0
78540 0.000000 0
78548 0.417877 0
78555 0.000000 0
78562 0.000000 0
78570 0.632055 0
78578 0.752010 0
78585 0.000000 0
78592 0.000000 0
78600 0.000000 0
78608 0.000000 0
78615 0.000000 0
78622 0.000000 0
78630 0.000000 0
78638 0.000000 0
78645 0.000000 0
78652 0.032515 0
78660 0.241270 0
78668 0.000000 0
78675 0.000000 0
78682 0.455092 0
78690 0.703271 0
78698 0.554906 0
78705 0.000000 0
78712 0.000000 0
78720 0.079052 0
78728 0.000000 0
78735 0.000000 0
78742 0.000000 0
78750 0.000000 0
78758 0.229221 0
78765 0.000000 0
78772 0.178693 0
78780 0.000000 0
78788 0.000000 0
78795 0.000000 0
78802 0.396977 0
78810 0.735899 0
78818 0.432336 0
78825 0.000000 0
78832 0.000000 0
78840 0.000000 0
78848 0.000000 0
78855 0.132113 0
78862 0.000000 0
78870 0.000000 0
78878 0.000000 0
78885 0.000000 0
78892 0.037836 0
78900 0.000000 0
78908 0.242404 0
78915 0.187175 0
78922 0.604285 0
78930 0.633893 0
78938 0.000000 0
78945 0.000000 0
78952 0.000000 0
78960 0.228589 0
78968 0.000000 0
78975 0.000000 0
78982 0.000000 0
78990 0.175084 0
78998 0.000000 0
79005 0.000000 0
79012 0.000000 0
79020 0.000000 0
79028 0.000000 0
79035 0.432310 0
79042 0.752045 0
79050 0.556855 0
79058 0.000000 0
79065 0.000000 0
79072 0.000000 0
79080 0.088335 0
79088 0.000000 0
79095 0.000000 0
79102 0.000000 0
79110 0.000000 0
79118 0.000000 0
79125 0.047878 0
79132 0.000000 0
79140 0.000000 0
79148 0.277233 0
79155 0.485331 0
79162 0.716492 0
79170 0.380900 0
79178 0.000000 0
79185 0.000000 0
79192 0.000000 0
79200 0.000000 0
79208 0.000000 0
79215 0.000000 0
79222 0.000000 0
79230 0.000000 0
79238 0.000000 0
79245 0.000000 0
79252 0.000000 0
79260 0.335068 0
79268 0.153083 0
79275 0.523879 0
79282 0.689802 0
79290 0.048219 0
79298 0.000000 0
79305 0.349939 0
79312 0.000000 0
79320 0.000000 0
79328 0.000000 0
79335 0.101438 0
79342 0.000000 0
79350 0.000000 0
79358 0.000000 0
79365 0.174696 0
79372 0.183557 0
79380 0.109967 0
79388 0.392516 0
79395 0.789739 0
79402 0.502912 0
79410 0.000000 0
79418 0.000000 0
79425 0.000000 0
79432 0.000000 0
79440 0.000000 0
79448 0.000000 0
79455 0.000000 0
79462 0.000000 0
79470 0.000000 0
79478 0.202859 0
79485 0.000000 0
79492 0.136977 0
79500 0.431815 0
79508 0.627279 0
79515 0.655298 0
79522 0.270538 0
79530 0.000000 0
79538 0.000000 0
79545 0.000000 0
79552 0.000000 0
79560 0.202640 0
79568 0.000000 0
79575 0.000000 0
79582 0.000000 0
79590 0.000000 0
79598 0.000000 0
79605 0.000000 0
79612 0.229346 0
79620 0.198477 0
79628 0.502278 0
79635 0.669134 0
79642 0.246307 0
79650 0.000000 0
79658 0.000000 0
79665 0.234706 0
79672 0.000000 0
79680 0.000000 0
79688 0.000000 0
79695 0.000000 0
79702 0.000000 0
79710 0.000000 0
79718 0.000000 0
79725 0.327277 0
79732 0.179356 0
79740 0.516579 0
79748 0.599221 0
79755 0.322419 0
79762 0.000000 0
79770 0.000000 0
79778 0.096998 0
79785 0.000000 0
79792 0.000000 0
79800 0.000000 0
79808 0.000000 0
79815 0.000000 0
79822 0.000000 0
79830 0.000000 0
79838 0.000000 0
79845 0.000000 0
79852 0.179250 0
79860 0.435161 0
79868 0.639211 0
79875 0.330321 0
79882 0.000000 0
79890 0.000000 0
79898 0.258495 0
79905 0.000000 0
79912 0.000000 0
79920 0.000000 0
79928 0.000000 0
79935 0.267269 0
79942 0.126703 0
79950 0.000000 0
79958 0.000000 0
79965 0.000000 0
79972 0.280079 0
79980 0.525711 0
79988 0.609843 0
79995 0.245684 0
80002 0.000000 0
80010 0.000000 0
80018 0.000000 0
80025 0.000000 0
80032 0.000000 0
80040 0.000000 0
80048 0.000000 0
80055 0.000000 0
80062 0.000000 0
80070 0.000000 0
80078 0.411008 0
80085 0.393072 0
80092 0.179037 0
80100 0.702440 0
80108 0.416770 0
80115 0.000000 0
80122 0.000000 0
80130 0.318522 0
80138 0.000000 0
80145 0.000000 0
80152 0.000000 0
80160 0.000000 0
80168 0.000000 0
80175 0.000000 0
80182 0.000000 0
80190 0.000000 0
80198 0.000000 0
80205 0.225486 0
80212 0.575258 0
80220 0.654743 0
80228 0.000000 0
80235 0.000000 0
80242 0.173076 0
80250 0.000000 0
80258 0.000000 0
80265 0.000000 0
80272 0.000000 0
80280 0.000000 0
80288 0.000000 0
80295 0.000000 0
80302 0.000000 0
80310 0.000000 0
80318 0.183951 0
80325 0.316948 0
80332 0.537750 0
80340 0.476602 0
80348 0.000000 0
80355 0.000000 0
80362 0.000000 0
80370 0.000000 0
80378 0.000000 0
80385 0.000000 0
80392 0.000000 0
80400 0.000000 0
80408 0.124825 0
80415 0.000000 0
80422 0.000000 0
80430 0.149020 0
80438 0.000000 0
80445 0.211817 0
80452 0.615151 0
80460 0.267090 0
80468 0.012841 0
80475 0.000000 0
80482 0.046542 0
80490 0.000000 0
80498 0.000000 0
80505 0.000000 0
80512 0.000000 0
80520 0.000000 0
80528 0.000000 0
80535 0.000000 0
80542 0.208373 0
80550 0.000000 0
80558 0.296564 0
80565 0.636187 0
80572 0.447453 0
80580 0.000000 0
80588 0.000000 0
80595 0.000000 0
80602 0.000000 0
80610 0.000000 0
80618 0.000000 0
80625 0.247977 0
80632 0.000000 0
80640 0.000000 0
80648 0.252625 0
80655 0.000000 0
80662 0.000000 0
80670 0.000000 0
80678 0.284668 0
80685 0.579646 0
80692 0.465669 0
80700 0.000000 0
80708 0.000000 0
80715 0.000000 0
80722 0.000000 0
80730 0.000000 0
80738 0.196574 0
80745 0.000000 0
80752 0.000000 0
80760 0.000000 0
80768 0.000000 0
80775 0.329978 0
80782 0.071992 0
80790 0.000000 0
80798 0.264183 0
80805 0.375846 0
80812 0.164266 0
80820 0.000000 0
80828 0.000000 0
80835 0.000000 0
80842 0.248010 0
80850 0.000000 0
80858 0.000000 0
80865 0.000000 0
80872 0.000000 0
80880 0.000000 0
80888 0.307102 0
80895 0.093407 0
80902 0.000000 0
80910 0.000000 0
80918 0.589424 0
80925 0.354648 0
80932 0.000000 0
80940 0.000000 0
80948 0.000000 0
80955 0.106082 0
80962 0.000000 0
80970 0.000000 0
80978 0.000000 0
80985 0.000000 0
80992 0.000000 0
81000 0.276734 0
81008 0.064591 0
81015 0.000000 0
81022 0.151813 0
81030 0.302289 0
81038 0.285895 0
81045 0.097417 0
81052 0.233650 0
81060 0.000000 0
81068 0.000000 0
81075 0.000000 0
81082 0.000000 0
81090 0.000000 0
81098 0.000000 0
81105 0.134964 0
81112 0.000000 0
81120 0.000000 0
81128 0.211533 0
81135 0.068185 0
81142 0.000000 0
81150 0.155849 0
81158 0.452445 0
81165 0.248388 0
81172 0.000000 0
81180 0.000000 0
81188 0.000000 0
81195 0.000000 0
81202 0.000000 0
81210 0.000000 0
81218 0.307768 0
81225 0.000000 0
81232 0.000000 0
81240 0.268020 0
81248 0.000000 0
81255 0.000000 0
81262 0.861324 0
81270 0.824097 0
81278 0.000000 0
81285 0.000000 0
81292 0.000000 0
81300 0.443394 0
81308 0.000000 0
81315 0.000000 0
81322 0.000000 0
81330 0.000000 0
81338 0.000000 0
81345 0.085922 0
81352 0.144571 0
81360 0.070533 0
81368 0.304530 0
81375 0.400226 0
81382 0.524716 0
81390 0.542733 0
81398 0.000000 0
81405 0.000000 0
81412 0.000000 0
81420 0.269606 0
81428 0.000000 0
81435 0.000000 0
81442 0.000000 0
81450 0.041178 0
81458 0.000000 0
81465 0.000000 0
81472 0.000000 0
81480 0.000000 0
81488 0.000000 0
81495 0.093429 0
81502 0.714679 0
81510 0.599319 0
81518 0.000000 0
81525 0.000000 0
81532 0.000000 0
81540 0.000000 0
81548 0.000000 0
81555 0.000000 0
81562 0.000000 0
81570 0.000000 0
81578 0.000000 0
81585 0.215743 0
81592 0.000000 0
81600 0.000000 0
81608 0.147932 0
81615 0.490060 0
81622 0.654252 0
81630 0.397544 0
81638 0.000000 0
81645 0.000000 0
81652 0.000000 0
81660 0.000000 0
81668 0.000000 0
81675 0.000000 0
81682 0.083454 0
81690 0.000000 0
81698 0.000000 0
81705 0.000000 0
81712 0.000000 0
81720 0.159197 0
81728 0.363826 0
81735 0.824362 0
81742 0.626509 0
81750 0.000000 0
81758 0.000000 0
81765 0.000000 0
81772 0.000000 0
81780 0.000000 0
81788 0.000000 0
81795 0.000000 0
81802 0.000000 0
81810 0.000000 0
81818 0.237742 0
81825 0.330823 0
81832 0.221095 0
81840 0.000000 0
81848 0.320156 0
81855 0.930284 0
81862 0.457614 0
81870 0.000000 0
81878 0.000000 0
81885 0.000000 0
81892 0.325615 0
81900 0.000000 0
81908 0.000000 0
81915 0.000000 0
81922 0.000000 0
81930 0.000000 0
81938 0.392992 0
81945 0.154293 0
81952 0.000000 0
81960 0.162259 0
81968 0.567701 0
81975 0.813455 0
81982 0.000000 0
81990 0.000000 0
81998 0.000000 0
82005 0.000000 0
82012 0.000000 0
82020 0.000000 0
82028 0.000000 0
82035 0.000000 0
82042 0.000000 0
82050 0.000000 0
82058 0.000000 0
82065 0.309105 0
82072 0.295979 0
82080 0.000000 0
82088 0.771744 0
82095 0.646087 0
82102 0.000000 0
82110 0.000000 0
82118 0.000000 0
82125 0.169808 0
82132 0.000000 0
82140 0.000000 0
82148 0.000000 0
82155 0.121998 0
82162 0.216195 0
82170 0.000000 0
82178 0.000000 0
82185 0.120983 0
82192 0.183065 0
82200 0.707505 0
82208 0.673922 0
82215 0.000000 0
82222 0.000000 0
82230 0.000000 0
82238 0.218146 0
82245 0.000000 0
82252 0.000000 0
82260 0.000000 0
82268 0.000000 0
82275 0.000000 0
82282 0.000000 0
82290 0.350078 0
82298 0.264055 0
82305 0.109566 0
82312 0.191989 0
82320 0.494948 0
82328 0.761081 0
82335 0.357416 0
82342 0.000000 0
82350 0.000000 0
82358 0.000000 0
82365 0.000000 0
82372 0.000000 0
82380 0.000000 0
82388 0.000000 0
82395 0.202525 0
82402 0.277828 0
82410 0.000000 0
82418 0.000000 0
82425 0.000000 0
82432 0.293570 0
82440 0.806474 0
82448 0.713885 0
82455 0.000000 0
82462 0.000000 0
82470 0.000000 0
82478 0.000000 0
82485 0.000000 0
82492 0.000000 0
82500 0.000000 0
82508 0.000000 0
82515 0.177802 0
82522 0.220147 0
82530 0.000000 0
82538 0.000000 0
82545 0.000000 0
82552 0.437053 0
82560 0.809680 0
82568 0.303454 0
82575 0.000000 0
82582 0.000000 0
82590 0.000000 0
82598 0.000000 0
82605 0.000000 0
82612 0.000000 0
82620 0.000000 0
82628 0.000000 0
82635 0.000000 0
82642 0.000000 0
82650 0.000000 0
82658 0.312931 0
82665 0.428162 0
82672 0.903967 0
82680 0.581574 0
82688 0.000000 0
82695 0.000000 0
82702 0.000000 0
82710 0.000000 0
82718 0.000000 0
82725 0.000000 0
82732 0.000000 0
82740 0.000000 0
82748 0.000000 0
82755 0.000000 0
82762 0.170168 0
82770 0.077683 0
82778 0.000000 0
82785 0.279137 0
82792 0.853423 0
82800 0.305735 0
82808 0.000000 0
82815 0.000000 0
82822 0.000000 0
82830 0.000000 0
82838 0.000000 0
82845 0.000000 0
82852 0.078229 0
82860 0.000000 0
82868 0.000000 0
82875 0.393353 0
82882 0.232497 0
82890 0.000000 0
82898 0.000000 0
82905 0.642058 0
82912 0.880322 0
82920 0.374683 0
82928 0.000000 0
82935 0.000000 0
82942 0.000000 0
82950 0.000000 0
82958 0.000000 0
82965 0.000000 0
82972 0.000000 0
82980 0.000000 0
82988 0.000000 0
82995 0.000000 0
83002 0.187325 0
83010 0.000000 0
83018 0.000000 0
83025 0.661360 0
83032 0.707742 0
83040 0.000000 0
83048 0.000000 0
83055 0.000000 0
83062 0.000000 0
83070 0.000000 0
83078 0.000000 0
83085 0.000000 0
83092 0.000000 0
83100 0.000000 0
83108 0.000000 0
83115 0.217104 0
83122 0.000000 0
83130 0.000000 0
83138 0.778654 0
83145 0.662313 0
83152 0.000000 0
83160 0.000000 0
83168 0.000000 0
83175 0.034193 0
83182 0.106018 0
83190 0.000000 0
83198 0.000000 0
83205 0.263059 0
83212 0.289803 0
83220 0.064893 0
83228 0.000000 0
83235 0.000000 0
83242 0.168400 0
83250 0.000000 0
83258 0.687038 0
83265 0.841686 0
83272 0.000000 0
83280 0.000000 0
83288 0.000000 0
83295 0.000000 0
83302 0.223443 0
83310 0.000000 0
83318 0.000000 0
83325 0.000000 0
83332 0.000000 0
83340 0.000000 0
83348 0.000000 0
83355 0.018026 0
83362 0.000000 0
83370 0.236853 0
83378 1.000000 0
83385 0.821410 0
83392 0.000000 0
83400 0.000000 0
83408 0.000000 0
83415 0.000000 0
83422 0.000000 0
83430 0.000000 0
83438 0.000000 0
83445 0.000000 0
83452 0.000000 0
83460 0.000000 0
83468 0.000000 0
83475 0.116811 0
83482 0.239240 0
83490 0.360880 0
83498 0.684006 0
83505 0.463620 0
83512 0.000000 0
83520 0.000000 0
83528 0.165832 0
83535 0.000000 0
83542 0.000000 0
83550 0.000000 0
83558 0.000000 0
83565 0.100203 0
83572 0.000000 0
83580 0.000000 0
83588 0.000000 0
83595 0.291052 0
83602 0.389458 0
83610 0.893254 0
83618 0.609842 0
83625 0.000000 0
83632 0.000000 0
83640 0.000000 0
83648 0.000000 0
83655 0.000000 0
83662 0.000000 0
83670 0.000000 0
83678 0.000000 0
83685 0.000000 0
83692 0.000000 0
83700 0.204996 0
83708 0.060479 0
83715 0.000000 0
83722 0.481972 0
83730 0.697488 0
83738 0.658667 0
83745 0.000000 0
83752 0.000000 0
83760 0.000000 0
83768 0.000000 0
83775 0.000000 0
83782 0.000000 0
83790 0.000000 0
83798 0.000000 0
83805 0.000000 0
83812 0.000000 0
83820 0.075388 0
83828 0.234310 0
83835 0.289628 0
83842 0.726079 0
83850 0.962249 0
83858 0.181016 0
83865 0.000000 0
83872 0.000000 0
83880 0.000000 0
83888 0.000000 0
83895 0.000000 0
83902 0.000000 0
83910 0.000000 0
83918 0.000000 0
83925 0.000000 0
83932 0.000000 0
83940 0.247506 0
83948 0.000000 0
83955 0.000000 0
83962 0.701032 0
83970 0.805938 0
83978 0.000000 0
83985 0.000000 0
83992 0.000000 0
84000 0.135745 0
84008 0.154733 0
84015 0.000000 0
84022 0.000000 0
84030 0.000000 0
84038 0.000000 0
84045 0.000000 0
84052 0.129974 0
84060 0.000000 0
84068 0.000000 0
84075 0.849951 0
84082 0.751441 0
84090 0.000000 0
84098 0.000000 0
84105 0.000000 0
84112 0.147947 0
84120 0.252020 0
84128 0.000000 0
84135 0.000000 0
84142 0.305100 0
84150 0.000000 0
84158 0.169658 0
84165 0.000000 0
84172 0.000000 0
84180 0.000000 0
84188 0.244723 0
84195 0.482399 0
84202 0.770455 0
84210 0.346195 0
84218 0.000000 0
84225 0.000000 0
84232 0.000000 0
84240 0.000000 0
84248 0.000000 0
84255 0.000000 0
84262 0.000000 0
84270 0.000000 0
84278 0.000000 0
84285 0.000000 0
84292 0.166291 0
84300 0.172566 0
84308 0.370911 0
84315 0.885992 0
84322 0.679650 0
84330 0.000000 0
84338 0.000000 0
84345 0.000000 0
84352 0.000000 0
84360 0.000000 0
84368 0.000000 0
84375 0.000000 0
84382 0.000000 0
84390 0.000000 0
84398 0.000000 0
84405 0.000000 0
84412 0.000000 0
84420 0.000000 0
84428 0.386379 0
84435 0.889158 0
84442 0.522374 0
84450 0.000000 0
84458 0.000000 0
84465 0.000000 0
84472 0.000000 0
84480 0.000000 0
84488 0.000000 0
84495 0.000000 0
84502 0.000000 0
84510 0.000000 0
84518 0.000000 0
84525 0.000000 0
84532 0.000000 0
84540 0.462210 0
84548 1.000000 0
84555 0.618361 0
84562 0.000000 0
84570 0.000000 0
84578 0.000000 0
84585 0.000000 0
84592 0.000000 0
84600 0.000000 0
84608 0.000000 0
84615 0.000000 0
84622 0.000000 0
84630 0.000000 0
84638 0.132070 0
84645 0.000000 0
84652 0.262010 0
84660 0.336104 0
84668 0.857955 0
84675 0.572056 0
84682 0.000000 0
84690 0.000000 0
84698 0.000000 0
84705 0.000000 0
84712 0.000000 0
84720 0.000000 0
84728 0.000000 0
84735 0.000000 0
84742 0.000000 0
84750 0.117996 0
84758 0.000000 0
84765 0.071407 0
84772 0.390359 0
84780 0.763830 0
84788 0.882007 0
84795 0.340942 0
84802 0.000000 0
84810 0.000000 0
84818 0.000000 0
84825 0.000000 0
84832 0.000000 0
84840 0.000000 0
84848 0.000000 0
84855 0.000000 0
84862 0.000000 0
84870 0.000000 0
84878 0.000000 0
84885 0.187280 0
84892 0.000000 0
84900 0.755371 0
84908 0.896835 0
84915 0.167781 0
84922 0.000000 0
84930 0.000000 0
84938 0.000000 0
84945 0.000000 0
84952 0.000000 0
84960 0.000000 0
84968 0.000000 0
84975 0.000000 0
84982 0.000000 0
84990 0.000000 0
84998 0.138732 0
85005 0.265286 0
85012 0.725519 0
85020 0.717190 0
85028 0.000000 0
85035 0.000000 0
85042 0.000000 0
85050 0.174301 0
85058 0.173392 0
85065 0.000000 0
85072 0.000000 0
85080 0.000000 0
85088 0.153499 0
85095 0.032231 0
85102 0.000000 0
85110 0.000000 0
85118 0.000000 0
85125 0.497313 0
85132 0.827725 0
85140 0.710124 0
85148 0.000000 0
85155 0.000000 0
85162 0.000000 0
85170 0.000000 0
85178 0.064998 0
85185 0.000000 0
85192 0.000000 0
85200 0.000000 0
85208 0.000000 0
85215 0.000000 0
85222 0.000000 0
85230 0.000000 0
85238 0.050024 0
85245 0.269508 0
85252 0.775247 0
85260 0.786449 0
85268 0.000000 0
85275 0.000000 0
85282 0.000000 0
85290 0.166373 0
85298 0.000000 0
85305 0.000000 0
85312 0.000000 0
85320 0.056092 0
85328 0.000000 0
85335 0.000000 0
85342 0.220090 0
85350 0.165843 0
85358 0.000000 0
85365 0.418965 0
85372 0.828417 0
85380 0.467254 0
85388 0.000000 0
85395 0.000000 0
85402 0.186681 0
85410 0.000000 0
85418 0.000000 0
85425 0.000000 0
85432 0.000000 0
85440 0.000000 0
85448 0.000000 0
85455 0.316406 0
85462 0.000000 0
85470 0.000000 0
85478 0.332053 0
85485 1.000000 0
85492 0.560008 0
85500 0.000000 0
85508 0.000000 0
85515 0.000000 0
85522 0.000000 0
85530 0.000000 0
85538 0.000000 0
85545 0.000000 0
85552 0.000000 0
85560 0.162346 0
85568 0.000000 0
85575 0.000000 0
85582 0.000000 0
85590 0.000000 0
85598 0.375627 0
85605 0.833205 0
85612 0.677711 0
85620 0.000000 0
85628 0.000000 0
85635 0.000000 0
85642 0.000000 0
85650 0.000000 0
85658 0.000000 0
85665 0.000000 0
85672 0.134240 0
85680 0.000000 0
85688 0.000000 0
85695 0.335345 0
85702 0.000000 0
85710 0.000000 0
85718 0.877560 0
85725 0.914752 0
85732 0.000000 0
85740 0.000000 0
85748 0.125809 0
85755 0.000000 0
85762 0.000000 0
85770 0.000000 0
85778 0.000000 0
85785 0.000000 0
85792 0.000000 0
85800 0.000000 0
85808 0.000000 0
85815 0.000000 0
85822 0.000000 0
85830 0.361224 0
85838 1.000000 0
85845 0.599772 0
85852 0.000000 0
85860 0.000000 0
85868 0.000000 0
85875 0.000000 0
85882 0.000000 0
85890 0.000000 0
85898 0.000000 0
85905 0.000000 0
85912 0.000000 0
85920 0.000000 0
85928 0.000000 0
85935 0.182201 0
85942 0.308144 0
85950 0.916328 0
85958 0.749228 0
85965 0.000000 0
85972 0.000000 0
85980 0.000000 0
85988 0.000000 0
85995 0.190348 0
86002 0.298022 0
86010 0.000000 0
86018 0.000000 0
86025 0.295886 0
86032 0.000000 0
86040 0.000000 0
86048 0.000000 0
86055 0.081035 0
86062 0.276139 0
86070 0.673163 0
86078 0.908675 0
86085 0.449654 0
86092 0.000000 0
86100 0.000000 0
86108 0.000000 0
86115 0.000000 0
86122 0.000000 0
86130 0.000000 0
86138 0.000000 0
86145 0.000000 0
86152 0.000000 0
86160 0.140986 0
86168 0.000000 0
86175 0.000000 0
86182 0.563058 0
86190 0.972016 0
86198 0.759968 0
86205 0.000000 0
86212 0.000000 0
86220 0.000000 0
86228 0.000000 0
86235 0.000000 0
86242 0.000000 0
86250 0.000000 0
86258 0.000000 0
86265 0.000000 0
86272 0.000000 0
86280 0.000000 0
86288 0.000000 0
86295 0.158488 0
86302 0.514667 0
86310 0.972125 0
86318 0.549998 0
86325 0.000000 0
86332 0.000000 0
86340 0.000000 0
86348 0.000000 0
86355 0.000000 0
86362 0.000000 0
86370 0.000000 0
86378 0.000000 0
86385 0.000000 0
86392 0.000000 0
86400 0.000000 0
86408 0.000000 0
86415 0.516126 0
86422 1.000000 0
86430 0.549128 0
86438 0.000000 0
86445 0.000000 0
86452 0.000000 0
86460 0.000000 0
86468 0.000000 0
86475 0.000000 0
86482 0.000000 0
86490 0.000000 0
86498 0.000000 0
86505 0.000000 0
86512 0.000000 0
86520 0.000000 0
86528 0.040812 0
86535 0.505418 0
86542 1.000000 0
86550 0.520931 0
86558 0.000000 0
86565 0.000000 0
86572 0.335828 0
86580 0.042841 0
86588 0.000000 0
86595 0.000000 0
86602 0.000000 0
86610 0.000000 0
86618 0.000000 0
86625 0.000000 0
86632 0.000000 0
86640 0.203668 0
86648 0.390540 0
86655 0.909487 0
86662 0.988953 0
86670 0.437334 0
86678 0.000000 0
86685 0.000000 0
86692 0.000000 0
86700 0.000000 0
86708 0.000000 0
86715 0.000000 0
86722 0.000000 0
86730 0.000000 0
86738 0.000000 0
86745 0.000000 0
86752 0.000000 0
86760 0.249090 0
86768 0.064598 0
86775 0.660375 0
86782 0.812468 0
86790 0.171299 0
86798 0.000000 0
86805 0.000000 0
86812 0.000000 0
86820 0.000000 0
86828 0.000000 0
86835 0.000000 0
86842 0.000000 0
86850 0.000000 0
86858 0.000000 0
86865 0.044053 0
86872 0.029024 0
86880 0.000000 0
86888 1.000000 0
86895 0.696686 0
86902 0.000000 0
86910 0.000000 0
86918 0.000000 0
86925 0.000000 0
86932 0.000000 0
86940 0.000000 0
86948 0.000000 0
86955 0.000000 0
86962 0.000000 0
86970 0.000000 0
86978 0.000000 0
86985 0.270504 0
86992 0.055402 0
87000 0.238518 0
87008 0.910952 0
87015 0.945919 0
87022 0.000000 0
87030 0.000000 0
87038 0.000000 0
87045 0.000000 0
87052 0.222300 0
87060 0.000000 0
87068 0.000000 0
87075 0.000000 0
87082 0.000000 0
87090 0.000000 0
87098 0.000000 0
87105 0.087170 0
87112 0.243097 0
87120 0.508936 0
87128 1.000000 0
87135 0.915219 0
87142 0.000000 0
87150 0.000000 0
87158 0.000000 0
87165 0.000000 0
87172 0.000000 0
87180 0.000000 0
87188 0.000000 0
87195 0.000000 0
87202 0.000000 0
87210 0.000000 0
87218 0.000000 0
87225 0.000000 0
87232 0.000000 0
87240 0.632250 0
87248 1.000000 0
87255 0.565404 0
87262 0.000000 0
87270 0.000000 0
87278 0.000000 0
87285 0.000000 0
87292 0.000000 0
87300 0.000000 0
87308 0.000000 0
87315 0.000000 0
87322 0.000000 0
87330 0.000000 0
87338 0.000000 0
87345 0.000000 0
87352 0.508434 0
87360 1.000000 0
87368 0.620687 0
87375 0.000000 0
87382 0.000000 0
87390 0.000000 0
87398 0.000000 0
87405 0.000000 0
87412 0.000000 0
87420 0.000000 0
87428 0.000000 0
87435 0.000000 0
87442 0.000000 0
87450 0.000000 0
87458 0.211650 0
87465 0.000000 0
87472 0.569726 0
87480 1.000000 0
87488 0.620128 0
87495 0.000000 0
87502 0.000000 0
87510 0.000000 0
87518 0.000000 0
87525 0.000000 0
87532 0.000000 0
87540 0.000000 0
87548 0.000000 0
87555 0.000000 0
87562 0.000000 0
87570 0.000000 0
87578 0.000000 0
87585 0.118857 0
87592 0.857923 0
87600 1.000000 0
87608 0.310121 0
87615 0.000000 0
87622 0.000000 0
87630 0.000000 0
87638 0.000000 0
87645 0.000000 0
87652 0.000000 0
87660 0.000000 0
87668 0.000000 0
87675 0.000000 0
87682 0.000000 0
87690 0.000000 0
87698 0.070846 0
87705 0.114537 0
87712 1.000000 0
87720 0.773930 0
87728 0.000000 0
87735 0.000000 0
87742 0.000000 0
87750 0.000000 0
87758 0.000000 0
87765 0.000000 0
87772 0.000000 0
87780 0.000000 0
87788 0.000000 0
87795 0.000000 0
87802 0.000000 0
87810 0.147136 0
87818 0.000000 0
87825 1.000000 0
87832 0.806278 0
87840 0.000000 0
87848 0.000000 0
87855 0.000000 0
87862 0.328296 0
87870 0.071076 0
87878 0.000000 0
87885 0.000000 0
87892 0.000000 0
87900 0.000000 0
87908 0.000000 0
87915 0.000000 0
87922 0.000000 0
87930 0.000000 0
87938 0.000000 0
87945 1.000000 0
87952 0.936297 0
87960 0.000000 0
87968 0.000000 0
87975 0.000000 0
87982 0.000000 0
87990 0.000000 0
87998 0.000000 0
88005 0.000000 0
88012 0.000000 0
88020 0.000000 0
88028 0.000000 0
88035 0.000000 0
88042 0.000000 0
88050 0.000000 0
88058 0.477939 0
88065 1.000000 0
88072 0.707757 0
88080 0.000000 0
88088 0.000000 0
88095 0.000000 0
88102 0.000000 0
88110 0.000000 0
88118 0.000000 0
88125 0.000000 0
88132 0.000000 0
88140 0.000000 0
88148 0.000000 0
88155 0.000000 0
88162 0.000000 0
88170 0.000000 0
88178 0.561981 0
88185 1.000000 0
88192 0.587561 0
88200 0.000000 0
88208 0.000000 0
88215 0.000000 0
88222 0.000000 0
88230 0.000000 0
88238 0.000000 0
88245 0.000000 0
88252 0.000000 0
88260 0.000000 0
88268 0.000000 0
88275 0.000000 0
88282 0.000000 0
88290 0.759771 0
88298 1.000000 0
88305 0.580534 0
88312 0.000000 0
88320 0.000000 0
88328 0.000000 0
88335 0.000000 0
88342 0.000000 0
88350 0.000000 0
88358 0.000000 0
88365 0.000000 0
88372 0.000000 0
88380 0.000000 0
88388 0.000000 0
88395 0.000000 0
88402 0.000000 0
88410 0.619802 0
88418 1.000000 0
88425 0.429766 0
88432 0.000000 0
88440 0.000000 0
88448 0.000000 0
88455 0.000000 0
88462 0.000000 0
88470 0.000000 0
88478 0.000000 0
88485 0.000000 0
88492 0.000000 0
88500 0.000000 0
88508 0.000000 0
88515 0.000000 0
88522 0.000000 0
88530 1.000000 0
88538 0.966634 0
88545 0.000000 0
88552 0.000000 0
88560 0.000000 0
88568 0.000000 0
88575 0.000000 0
88582 0.000000 0
88590 0.000000 0
88598 0.000000 0
88605 0.000000 0
88612 0.000000 0
88620 0.000000 0
88628 0.000000 0
88635 0.000000 0
88642 0.329308 0
88650 1.000000 0
88658 0.757167 0
88665 0.000000 0
88672 0.000000 0
88680 0.000000 0
88688 0.000000 0
88695 0.000000 0
88702 0.000000 0
88710 0.000000 0
88718 0.000000 0
88725 0.000000 0
88732 0.000000 0
88740 0.000000 0
88748 0.000000 0
88755 0.000000 0
88762 1.000000 0
88770 0.747394 0
88778 0.000000 0
88785 0.000000 0
88792 0.000000 0
88800 0.000000 0
88808 0.482817 0
88815 0.000000 0
88822 0.000000 0
88830 0.000000 0
88838 0.158570 0
88845 0.000000 0
88852 0.000000 0
88860 0.118884 0
88868 0.235884 0
88875 0.339154 0
88882 0.863903 0
88890 0.814718 0
88898 0.000000 0
88905 0.000000 0
88912 0.000000 0
88920 0.000000 0
88928 0.156908 0
88935 0.000000 0
88942 0.000000 0
88950 0.000000 0
88958 0.000000 0
88965 0.000000 0
88972 0.145187 0
88980 0.000000 0
88988 0.285912 0
88995 0.470505 0
89002 0.885112 0
89010 0.644256 0
89018 0.000000 0
89025 0.000000 0
89032 0.000000 0
89040 0.000000 0
89048 0.000000 0
89055 0.000000 0
89062 0.000000 0
89070 0.000000 0
89078 0.000000 0
89085 0.000000 0
89092 0.000000 0
89100 0.192909 0
89108 0.000000 0
89115 0.770124 0
89122 0.924993 0
89130 0.168131 0
89138 0.000000 0
89145 0.000000 0
89152 0.000000 0
89160 0.000000 0
89168 0.000000 0
89175 0.000000 0
89182 0.058922 0
89190 0.000000 0
89198 0.000000 0
89205 0.000000 0
89212 0.000000 0
89220 0.000000 0
89228 0.532669 0
89235 1.000000 0
89242 0.595833 0
89250 0.000000 0
89258 0.000000 0
89265 0.000000 0
89272 0.000000 0
89280 0.000000 0
89288 0.000000 0
89295 0.000000 0
89302 0.000000 0
89310 0.000000 0
89318 0.000000 0
89325 0.000000 0
89332 0.284797 0
89340 0.286601 0
89348 0.318183 0
89355 1.000000 0
89362 0.720503 0
89370 0.000000 0
89378 0.000000 0
89385 0.000000 0
89392 0.090951 0
89400 0.000000 0
89408 0.000000 0
89415 0.000000 0
89422 0.000000 0
89430 0.000000 0
89438 0.000000 0
89445 0.183576 0
89452 0.000000 0
89460 0.000000 0
89468 0.959409 0
89475 0.866975 0
89482 0.000000 0
89490 0.000000 0
89498 0.000000 0
89505 0.117255 0
89512 0.000000 0
89520 0.000000 0
89528 0.000000 0
89535 0.000000 0
89542 0.000000 0
89550 0.000000 0
89558 0.000000 0
89565 0.000000 0
89572 0.256396 0
89580 0.365966 0
89588 1.000000 0
89595 0.639263 0
89602 0.000000 0
89610 0.000000 0
89618 0.000000 0
89625 0.251056 0
89632 0.000000 0
89640 0.000000 0
89648 0.000000 0
89655 0.000000 0
89662 0.000000 0
89670 0.000000 0
89678 0.000000 0
89685 0.000000 0
89692 0.000000 0
89700 1.000000 0
89708 0.757519 0
89715 0.000000 0
89722 0.000000 0
89730 0.000000 0
89738 0.000000 0
89745 0.238907 0
89752 0.000000 0
89760 0.000000 0
89768 0.000000 0
89775 0.000000 0
89782 0.000000 0
89790 0.000000 0
89798 0.000000 0
89805 0.000000 0
89812 0.148658 0
89820 1.000000 0
89828 0.967569 0
89835 0.000000 0
89842 0.000000 0
89850 0.000000 0
89858 0.000000 0
89865 0.000000 0
89872 0.000000 0
89880 0.000000 0
89888 0.000000 0
89895 0.000000 0
89902 0.000000 0
89910 0.000000 0
89918 0.000000 0
89925 0.000000 0
89932 0.465372 0
89940 1.000000 0
89948 0.847838 0
89955 0.000000 0
89962 0.000000 0
89970 0.000000 0
89978 0.000000 0
89985 0.000000 0
89992 0.000000 0
90000 0.000000 0
90008 0.000000 0
90015 0.000000 0
90022 0.000000 0
90030 0.000000 0
90038 0.000000 0
90045 0.000000 0
90052 0.705608 0
90060 1.000000 0
90068 0.432965 0
90075 0.000000 0
90082 0.000000 0
90090 0.000000 0
90098 0.000000 0
90105 0.000000 0
90112 0.000000 0
90120 0.000000 0
90128 0.000000 0
90135 0.000000 0
90142 0.000000 0
90150 0.000000 0
90158 0.000000 0
90165 0.753796 0
90172 1.000000 0
90180 0.551880 0
90188 0.000000 0
90195 0.000000 0
90202 0.000000 0
90210 0.000000 0
90218 0.000000 0
90225 0.000000 0
90232 0.000000 0
90240 0.000000 0
90248 0.000000 0
90255 0.000000 0
90262 0.000000 0
90270 0.000000 0
90278 0.000000 0
90285 0.759850 0
90292 1.000000 0
90300 0.242122 0
90308 0.000000 0
90315 0.000000 0
90322 0.000000 0
90330 0.000000 0
90338 0.000000 0
90345 0.000000 0
90352 0.000000 0
90360 0.000000 0
90368 0.000000 0
90375 0.000000 0
90382 0.205481 0
90390 0.332723 0
90398 0.000000 0
90405 1.000000 0
90412 1.000000 0
90420 0.516309 0
90428 0.000000 0
90435 0.000000 0
90442 0.000000 0
90450 0.000000 0
90458 0.000000 0
90465 0.000000 0
90472 0.000000 0
90480 0.000000 0
90488 0.000000 0
90495 0.000000 0
90502 0.000000 0
90510 0.000000 0
90518 0.000000 0
90525 1.000000 0
90532 0.817271 0
90540 0.000000 0
90548 0.000000 0
90555 0.000000 0
90562 0.194961 0
90570 0.000000 0
90578 0.000000 0
90585 0.000000 0
90592 0.000000 0
90600 0.000000 0
90608 0.000000 0
90615 0.000000 0
90622 0.000000 0
90630 0.000000 0
90638 0.978624 0
90645 0.737026 0
90652 0.000000 0
90660 0.000000 0
90668 0.000000 0
90675 0.259489 0
90682 0.424228 0
90690 0.000000 0
90698 0.000000 0
90705 0.000000 0
90712 0.000000 0
90720 0.000000 0
90728 0.000000 0
90735 0.129019 0
90742 0.069058 0
90750 0.208858 0
90758 1.000000 0
90765 0.990896 0
90772 0.000000 0
90780 0.000000 0
90788 0.000000 0
90795 0.000000 0
90802 0.000000 0
90810 0.000000 0
90818 0.000000 0
90825 0.000000 0
90832 0.000000 0
90840 0.000000 0
90848 0.000000 0
90855 0.000000 0
90862 0.000000 0
90870 0.736653 0
90878 1.000000 0
90885 0.683313 0
90892 0.000000 0
90900 0.000000 0
90908 0.000000 0
90915 0.000000 0
90922 0.000000 0
90930 0.000000 0
90938 0.000000 0
90945 0.000000 0
90952 0.000000 0
90960 0.000000 0
90968 0.000000 0
90975 0.000000 0
90982 0.000000 0
90990 0.624814 0
90998 1.000000 0
91005 0.395391 0
91012 0.000000 0
91020 0.000000 0
91028 0.000000 0
91035 0.000000 0
91042 0.000000 0
91050 0.000000 0
91058 0.000000 0
91065 0.000000 0
91072 0.000000 0
91080 0.000000 0
91088 0.000000 0
91095 0.000000 0
91102 0.780427 0
91110 1.000000 0
91118 0.580816 0
91125 0.000000 0
91132 0.000000 0
91140 0.000000 0
91148 0.000000 0
91155 0.000000 0
91162 0.000000 0
91170 0.000000 0
91178 0.000000 0
91185 0.000000 0
91192 0.000000 0
91200 0.141566 0
91208 0.000000 0
91215 0.139615 0
91222 0.643215 0
91230 1.000000 0
91238 0.660118 0
91245 0.000000 0
91252 0.000000 0
91260 0.000000 0
91268 0.000000 0
91275 0.000000 0
91282 0.000000 0
91290 0.000000 0
91298 0.000000 0
91305 0.000000 0
91312 0.000000 0
91320 0.000000 0
91328 0.000000 0
91335 0.143001 0
91342 1.000000 0
91350 0.942609 0
91358 0.000000 0
91365 0.000000 0
91372 0.000000 0
91380 0.000000 0
91388 0.000000 0
91395 0.000000 0
91402 0.000000 0
91410 0.000000 0
91418 0.000000 0
91425 0.000000 0
91432 0.000000 0
91440 0.000000 0
91448 0.000000 0
91455 0.315064 0
91462 1.000000 0
91470 0.820044 0
91478 0.000000 0
91485 0.000000 0
91492 0.000000 0
91500 0.000000 0
91508 0.000000 0
91515 0.000000 0
91522 0.000000 0
91530 0.000000 0
91538 0.000000 0
91545 0.000000 0
91552 0.000000 0
91560 0.000000 0
91568 0.000000 0
91575 1.000000 0
91582 0.776363 0
91590 0.000000 0
91598 0.000000 0
91605 0.000000 0
91612 0.000000 0
91620 0.152808 0
91628 0.000000 0
91635 0.000000 0
91642 0.117853 0
91650 0.050993 0
91658 0.000000 0
91665 0.000000 0
91672 0.000000 0
91680 0.000000 0
91688 0.354343 0
91695 1.000000 0
91702 0.957464 0
91710 0.388160 0
91718 0.000000 0
91725 0.000000 0
91732 0.224199 0
91740 0.000000 0
91748 0.000000 0
91755 0.000000 0
91762 0.000000 0
91770 0.000000 0
91778 0.000000 0
91785 0.000000 0
91792 0.000000 0
91800 0.000000 0
91808 0.641071 0
91815 1.000000 0
91822 0.753585 0
91830 0.000000 0
91838 0.000000 0
91845 0.000000 0
91852 0.000000 0
91860 0.000000 0
91868 0.000000 0
91875 0.000000 0
91882 0.000000 0
91890 0.000000 0
91898 0.000000 0
91905 0.000000 0
91912 0.000000 0
91920 0.000000 0
91928 0.628608 0
91935 1.000000 0
91942 0.558286 0
91950 0.000000 0
91958 0.000000 0
91965 0.000000 0
91972 0.000000 0
91980 0.000000 0
91988 0.000000 0
91995 0.000000 0
92002 0.000000 0
92010 0.000000 0
92018 0.000000 0
92025 0.000000 0
92032 0.000000 0
92040 0.821552 0
92048 1.000000 0
92055 0.468359 0
92062 0.000000 0
92070 0.000000 0
92078 0.000000 0
92085 0.000000 0
92092 0.000000 0
92100 0.000000 0
92108 0.000000 0
92115 0.000000 0
92122 0.000000 0
92130 0.000000 0
92138 0.000000 0
92145 0.000000 0
92152 0.000000 0
92160 0.641645 0
92168 1.000000 0
92175 0.698237 0
92182 0.000000 0
92190 0.000000 0
92198 0.000000 0
92205 0.000000 0
92212 0.000000 0
92220 0.000000 0
92228 0.000000 0
92235 0.000000 0
92242 0.000000 0
92250 0.000000 0
92258 0.000000 0
92265 0.000000 0
92272 0.187520 0
92280 1.000000 0
92288 1.000000 0
92295 0.418257 0
92302 0.000000 0
92310 0.000000 0
92318 0.000000 0
92325 0.000000 0
92332 0.000000 0
92340 0.000000 0
92348 0.000000 0
92355 0.000000 0
92362 0.000000 0
92370 0.000000 0
92378 0.000000 0
92385 0.000000 0
92392 0.043978 0
92400 1.000000 0
92408 0.923875 0
92415 0.000000 0
92422 0.000000 0
92430 0.000000 0
92438 0.000000 0
92445 0.000000 0
92452 0.000000 0
92460 0.000000 0
92468 0.000000 0
92475 0.000000 0
92482 0.000000 0
92490 0.000000 0
92498 0.000000 0
92505 0.000000 0
92512 1.000000 0
92520 0.811199 0
92528 0.000000 0
92535 0.000000 0
92542 0.000000 0
92550 0.000000 0
92558 0.259020 0
92565 0.000000 0
92572 0.000000 0
92580 0.000000 0
92588 0.000000 0
92595 0.000000 0
92602 0.000000 0
92610 0.000000 0
92618 0.000000 0
92625 0.000000 0
92632 1.000000 0
92640 0.929453 0
92648 0.000000 0
92655 0.000000 0
92662 0.000000 0
92670 0.000000 0
92678 0.000000 0
92685 0.000000 0
92692 0.000000 0
92700 0.000000 0
92708 0.000000 0
92715 0.000000 0
92722 0.000000 0
92730 0.000000 0
92738 0.000000 0
92745 0.626438 0
92752 1.000000 0
92760 0.697448 0
92768 0.000000 0
92775 0.000000 0
92782 0.000000 0
92790 0.000000 0
92798 0.000000 0
92805 0.000000 0
92812 0.000000 0
92820 0.000000 0
92828 0.000000 0
92835 0.000000 0
92842 0.000000 0
92850 0.000000 0
92858 0.000000 0
92865 0.712782 0
92872 1.000000 0
92880 0.572505 0
92888 0.000000 0
92895 0.000000 0
92902 0.000000 0
92910 0.000000 0
92918 0.000000 0
92925 0.000000 0
92932 0.000000 0
92940 0.000000 0
92948 0.000000 0
92955 0.000000 0
92962 0.000000 0
92970 0.000000 0
92978 0.660308 0
92985 1.000000 0
92992 0.615353 0
93000 0.000000 0
93008 0.000000 0
93015 0.000000 0
93022 0.000000 0
93030 0.000000 0
93038 0.000000 0
93045 0.000000 0
93052 0.000000 0
93060 0.000000 0
93068 0.000000 0
93075 0.000000 0
93082 0.172806 0
93090 0.000000 0
93098 0.661741 0
93105 1.000000 0
93112 0.544126 0
93120 0.000000 0
93128 0.000000 0
93135 0.000000 0
93142 0.000000 0
93150 0.000000 0
93158 0.000000 0
93165 0.000000 0
93172 0.000000 0
93180 0.000000 0
93188 0.000000 0
93195 0.000000 0
93202 0.000000 0
93210 0.000000 0
93218 1.000000 0
93225 1.000000 0
93232 0.000000 0
93240 0.000000 0
93248 0.000000 0
93255 0.000000 0
93262 0.000000 0
93270 0.000000 0
93278 0.000000 0
93285 0.000000 0
93292 0.000000 0
93300 0.000000 0
93308 0.000000 0
93315 0.000000 0
93322 0.000000 0
93330 0.507051 0
93338 1.000000 0
93345 0.657526 0
93352 0.000000 0
93360 0.000000 0
93368 0.000000 0
93375 0.000000 0
93382 0.000000 0
93390 0.000000 0
93398 0.000000 0
93405 0.000000 0
93412 0.000000 0
93420 0.000000 0
93428 0.000000 0
93435 0.000000 0
93442 0.050937 0
93450 1.000000 0
93458 0.828150 0
93465 0.000000 0
93472 0.000000 0
93480 0.000000 0
93488 0.182004 0
93495 0.000000 0
93502 0.000000 0
93510 0.000000 0
93518 0.000000 0
93525 0.000000 0
93532 0.000000 0
93540 0.000000 0
93548 0.000000 0
93555 0.000000 0
93562 0.104750 0
93570 1.000000 0
93578 1.000000 0
93585 0.340556 0
93592 0.000000 0
93600 0.000000 0
93608 0.000000 0
93615 0.000000 0
93622 0.000000 0
93630 0.000000 0
93638 0.000000 0
93645 0.000000 0
93652 0.000000 0
93660 0.000000 0
93668 0.000000 0
93675 0.000000 0
93682 0.572750 0
93690 1.000000 0
93698 0.644617 0
93705 0.000000 0
93712 0.000000 0
93720 0.000000 0
93728 0.000000 0
93735 0.000000 0
93742 0.000000 0
93750 0.000000 0
93758 0.000000 0
93765 0.000000 0
93772 0.000000 0
93780 0.000000 0
93788 0.000000 0
93795 0.000000 0
93802 0.783405 0
93810 1.000000 0
93818 0.530820 0
93825 0.000000 0
93832 0.000000 0
93840 0.000000 0
93848 0.000000 0
93855 0.000000 0
93862 0.000000 0
93870 0.000000 0
93878 0.000000 0
93885 0.000000 0
93892 0.000000 0
93900 0.000000 0
93908 0.000000 0
93915 0.738528 0
93922 1.000000 0
93930 0.554929 0
93938 0.000000 0
93945 0.000000 0
93952 0.000000 0
93960 0.000000 0
93968 0.000000 0
93975 0.000000 0
93982 0.000000 0
93990 0.000000 0
93998 0.000000 0
94005 0.000000 0
94012 0.000000 0
94020 0.000000 0
94028 0.000000 0
94035 0.700872 0
94042 1.000000 0
94050 0.501074 0
94058 0.000000 0
94065 0.000000 0
94072 0.089146 0
94080 0.000000 0
94088 0.000000 0
94095 0.000000 0
94102 0.000000 0
94110 0.000000 0
94118 0.000000 0
94125 0.000000 0
94132 0.000000 0
94140 0.000000 0
94148 0.367513 0
94155 1.000000 0
94162 1.000000 0
94170 0.397266 0
94178 0.000000 0
94185 0.000000 0
94192 0.000000 0
94200 0.000000 0
94208 0.000000 0
94215 0.000000 0
94222 0.000000 0
94230 0.000000 0
94238 0.000000 0
94245 0.000000 0
94252 0.000000 0
94260 0.000000 0
94268 0.429043 0
94275 1.000000 0
94282 0.810178 0
94290 0.000000 0
94298 0.000000 0
94305 0.000000 0
94312 0.000000 0
94320 0.000000 0
94328 0.000000 0
94335 0.000000 0
94342 0.000000 0
94350 0.000000 0
94358 0.000000 0
94365 0.000000 0
94372 0.000000 0
94380 0.000000 0
94388 0.900908 0
94395 1.000000 0
94402 0.316200 0
94410 0.000000 0
94418 0.000000 0
94425 0.213862 0
94432 0.000000 0
94440 0.000000 0
94448 0.000000 0
94455 0.000000 0
94462 0.000000 0
94470 0.000000 0
94478 0.000000 0
94485 0.000000 0
94492 0.000000 0
94500 0.000000 0
94508 0.941431 0
94515 0.799628 0
94522 0.000000 0
94530 0.000000 0
94538 0.000000 0
94545 0.000000 0
94552 0.000000 0
94560 0.000000 0
94568 0.000000 0
94575 0.000000 0
94582 0.000000 0
94590 0.000000 0
94598 0.000000 0
94605 0.000000 0
94612 0.000000 0
94620 0.000000 0
94628 0.935705 0
94635 0.807299 0
94642 0.114983 0
94650 0.000000 0
94658 0.000000 0
94665 0.000000 0
94672 0.000000 0
94680 0.000000 0
94688 0.000000 0
94695 0.000000 0
94702 0.000000 0
94710 0.000000 0
94718 0.000000 0
94725 0.000000 0
94732 0.000000 0
94740 0.754020 0
94748 0.991782 0
94755 0.000000 0
94762 0.000000 0
94770 0.000000 0
94778 0.286220 0
94785 0.000000 0
94792 0.000000 0
94800 0.000000 0
94808 0.000000 0
94815 0.000000 0
94822 0.000000 0
94830 0.000000 0
94838 0.000000 0
94845 0.000000 0
94852 0.363776 0
94860 1.000000 0
94868 0.841381 0
94875 0.000000 0
94882 0.000000 0
94890 0.000000 0
94898 0.000000 0
94905 0.000000 0
94912 0.000000 0
94920 0.000000 0
94928 0.000000 0
94935 0.000000 0
94942 0.000000 0
94950 0.000000 0
94958 0.229960 0
94965 0.000000 0
94972 0.475176 0
94980 1.000000 0
94988 0.557610 0
94995 0.000000 0
95002 0.000000 0
95010 0.146115 0
95018 0.135316 0
95025 0.000000 0
95032 0.000000 0
95040 0.000000 0
95048 0.000000 0
95055 0.000000 0
95062 0.000000 0
95070 0.000000 0
95078 0.000000 0
95085 0.000000 0
95092 0.887282 0
95100 1.000000 0
95108 0.218103 0
95115 0.000000 0
95122 0.000000 0
95130 0.000000 0
95138 0.000000 0
95145 0.000000 0
95152 0.000000 0
95160 0.000000 0
95168 0.000000 0
95175 0.000000 0
95182 0.000000 0
95190 0.000000 0
95198 0.000000 0
95205 0.000000 0
95212 0.926346 0
95220 0.806127 0
95228 0.000000 0
95235 0.000000 0
95242 0.000000 0
95250 0.071244 0
95258 0.000000 0
95265 0.000000 0
95272 0.000000 0
95280 0.000000 0
95288 0.000000 0
95295 0.000000 0
95302 0.192377 0
95310 0.286550 0
95318 0.000000 0
95325 0.000000 0
95332 0.779120 0
95340 0.478974 0
95348 0.000000 0
95355 0.000000 0
95362 0.000000 0
95370 0.000000 0
95378 0.000000 0
95385 0.000000 0
95392 0.000000 0
95400 0.000000 0
95408 0.000000 0
95415 0.000000 0
95422 0.000000 0
95430 0.000000 0
95438 0.374250 0
95445 0.636715 0
95452 0.763928 0
95460 0.365614 0
95468 0.000000 0
95475 0.000000 0
95482 0.000000 0
95490 0.149517 0
95498 0.000000 0
95505 0.000000 0
95512 0.000000 0
95520 0.000000 0
95528 0.000000 0
95535 0.000000 0
95542 0.000000 0
95550 0.238494 0
95558 0.325715 0
95565 0.923984 0
95572 0.735192 0
95580 0.000000 0
95588 0.000000 0
95595 0.000000 0
95602 0.000000 0
95610 0.000000 0
95618 0.000000 0
95625 0.000000 0
95632 0.000000 0
95640 0.000000 0
95648 0.000000 0
95655 0.000000 0
95662 0.000000 0
95670 0.271526 0
95678 0.524024 0
95685 0.831010 0
95692 0.384022 0
95700 0.000000 0
95708 0.000000 0
95715 0.251567 0
95722 0.038684 0
95730 0.000000 0
95738 0.000000 0
95745 0.000000 0
95752 0.000000 0
95760 0.000000 0
95768 0.000000 0
95775 0.393706 0
95782 0.000000 0
95790 0.602426 0
95798 0.999966 0
95805 0.740695 0
95812 0.000000 0
95820 0.000000 0
95828 0.000000 0
95835 0.000000 0
95842 0.000000 0
95850 0.000000 0
95858 0.000000 0
95865 0.000000 0
95872 0.192157 0
95880 0.000000 0
95888 0.000000 0
95895 0.000000 0
95902 0.000000 0
95910 0.093950 0
95918 0.444221 0
95925 0.312503 0
95932 0.000000 0
95940 0.291212 0
95948 0.092358 0
95955 0.000000 0
95962 0.343026 0
95970 0.147476 0
95978 0.000000 0
95985 0.302668 0
95992 0.000000 0
96000 0.000000 0
96008 0.000000 0
96015 0.000000 0
96022 0.149229 0
96030 0.629633 0
96038 0.587947 0
96045 0.514020 0
96052 0.375188 0
96060 0.000000 0
96068 0.000000 0
96075 0.000000 0
96082 0.000000 0
96090 0.138536 0
96098 0.000000 0
96105 0.000000 0
96112 0.000000 0
96120 0.000000 0
96128 0.000000 0
96135 0.403776 0
96142 0.229687 0
96150 0.378308 0
96158 0.371861 0
96165 0.272325 0
96172 0.000000 0
96180 0.000000 0
96188 0.000000 0
96195 0.000000 0
96202 0.000000 0
96210 0.000000 0
96218 0.000000 0
96225 0.000000 0
96232 0.164405 0
96240 0.000000 0
96248 0.000000 0
96255 0.000000 0
96262 0.215905 0
96270 0.031470 0
96278 0.000000 0
96285 0.118794 0
96292 0.000000 0
96300 0.000000 0
96308 0.000000 0
96315 0.000000 0
96322 0.000000 0
96330 0.000000 0
96338 0.210306 0
96345 0.000000 0
96352 0.000000 0
96360 0.226650 0
96368 0.151325 0
96375 0.286940 0
96382 0.000000 0
96390 0.000000 0
96398 0.000000 0
96405 0.000000 0
96412 0.000000 0
96420 0.000000 0
96428 0.336358 0
96435 0.000000 0
96442 0.000000 0
96450 0.000000 0
96458 0.225891 0
96465 0.438212 0
96472 0.443870 0
96480 0.312848 0
96488 0.000000 0
96495 0.215579 0
96502 0.000000 0
96510 0.000000 0
96518 0.042504 0
96525 0.108141 0
96532 0.173538 0
96540 0.167333 0
96548 0.000000 0
96555 0.068679 0
96562 0.426442 0
96570 0.322671 0
96578 0.140311 0
96585 0.301938 0
96592 0.000000 0
96600 0.000000 0
96608 0.000000 0
96615 0.000000 0
96622 0.000000 0
96630 0.000000 0
96638 0.089347 0
96645 0.141042 0
96652 0.000000 0
96660 0.376876 0
96668 0.272949 0
96675 0.400172 0
96682 0.454940 0
96690 0.424107 0
96698 0.388632 0
96705 0.263245 0
96712 0.000000 0
96720 0.095821 0
96728 0.000000 0
96735 0.000000 0
96742 0.000000 0
96750 0.000000 0
96758 0.000000 0
96765 0.000000 0
96772 0.498537 0
96780 0.366595 0
96788 0.209161 0
96795 0.000000 0
96802 0.000000 0
96810 0.420453 0
96818 0.213100 0
96825 0.000000 0
96832 0.000000 0
96840 0.000000 0
96848 0.000000 0
96855 0.283005 0
96862 0.169825 0
96870 0.000000 0
96878 0.000000 0
96885 0.000000 0
96892 0.000000 0
96900 0.368983 0
96908 0.170599 0
96915 0.299578 0
96922 0.136856 0
96930 0.000000 0
96938 0.146896 0
96945 0.224161 0
96952 0.324347 0
96960 0.000000 0
96968 0.146088 0
96975 0.166716 0
96982 0.000000 0
96990 0.183642 0
96998 0.000000 0
97005 0.000000 0
97012 0.000000 0
97020 0.373787 0
97028 0.267661 0
97035 0.000000 0
97042 0.078641 0
97050 0.187346 0
97058 0.094893 0
97065 0.000000 0
97072 0.000000 0
97080 0.104704 0
97088 0.000000 0
97095 0.000000 0
97102 0.112364 0
97110 0.057289 0
97118 0.115256 0
97125 0.296285 0
97132 0.201776 0
97140 0.204838 0
97148 0.000000 0
97155 0.058537 0
97162 0.000000 0
97170 0.000000 0
97178 0.000000 0
97185 0.000000 0
97192 0.193822 0
97200 0.085004 0
97208 0.443207 0
97215 0.148123 0
97222 0.000000 0
97230 0.000000 0
97238 0.250186 0
97245 0.169832 0
97252 0.000000 0
97260 0.164195 0
97268 0.000000 0
97275 0.000000 0
97282 0.000000 0
97290 0.258502 0
97298 0.129102 0
97305 0.000000 0
97312 0.289420 0
97320 0.000000 0
97328 0.000000 0
97335 0.204572 0
97342 0.190090 0
97350 0.319235 0
97358 0.000000 0
97365 0.000000 0
97372 0.272145 0
97380 0.000000 0
97388 0.211944 0
97395 0.000000 0
97402 0.266651 0
97410 0.300058 0
97418 0.188498 0
97425 0.000000 0
97432 0.000000 0
97440 0.231829 0
97448 0.218838 0
97455 0.000000 0
97462 0.000000 0
97470 0.393431 0
97478 0.098232 0
97485 0.000000 0
97492 0.000000 0
97500 0.088723 0
97508 0.232282 0
97515 0.000000 0
97522 0.000000 0
97530 0.293802 0
97538 0.041771 0
97545 0.000000 0
97552 0.000000 0
97560 0.000000 0
97568 0.295984 0
97575 0.000000 0
97582 0.183715 0
97590 0.239427 0
97598 0.000000 0
97605 0.323603 0
97612 0.343297 0
97620 0.234993 0
97628 0.140831 0
97635 0.179898 0
97642 0.244234 0
97650 0.000000 0
97658 0.137071 0
97665 0.244854 0
97672 0.200350 0
97680 0.334447 0
97688 0.000000 0
97695 0.000000 0
97702 0.000000 0
97710 0.239106 0
97718 0.000000 0
97725 0.251882 0
97732 0.099316 0
97740 0.117839 0
97748 0.000000 0
97755 0.243253 0
97762 0.000000 0
97770 0.133869 0
97778 0.000000 0
97785 0.222242 0
97792 0.330855 0
97800 0.125584 0
97808 0.202048 0
97815 0.166324 0
97822 0.000000 0
97830 0.186629 0
97838 0.000000 0
97845 0.000000 0
97852 0.129937 0
97860 0.000000 0
97868 0.103561 0
97875 0.158041 0
97882 0.000000 0
97890 0.000000 0
97898 0.203350 0
97905 0.231012 0
97912 0.000000 0
97920 0.000000 0
97928 0.241453 0
97935 0.116773 0
97942 0.000000 0
97950 0.227029 0
97958 0.282982 0
97965 0.115531 0
97972 0.000000 0
97980 0.000000 0
97988 0.023588 0
97995 0.000000 0
98002 0.294537 0
98010 0.079922 0
98018 0.000000 0
98025 0.336371 0
98032 0.141892 0
98040 0.000000 0
98048 0.064653 0
98055 0.413780 0
98062 0.000000 0
98070 0.140862 0
98078 0.167980 0
98085 0.000000 0
98092 0.000000 0
98100 0.000000 0
98108 0.156024 0
98115 0.085710 0
98122 0.173855 0
98130 0.000000 0
98138 0.000000 0
98145 0.375535 0
98152 0.000000 0
98160 0.000000 0
98168 0.000000 0
98175 0.164591 0
98182 0.314869 0
98190 0.000000 0
98198 0.366072 0
98205 0.275777 0
98212 0.000000 0
98220 0.000000 0
98228 0.000000 0
98235 0.000000 0
98242 0.191968 0
98250 0.071434 0
98258 0.537460 0
98265 0.331911 0
98272 0.000000 0
98280 0.000000 0
98288 0.000000 0
98295 0.000000 0
98302 0.321345 0
98310 0.000000 0
98318 0.393721 0
98325 0.042898 0
98332 0.000000 0
98340 0.000000 0
98348 0.000000 0
98355 0.000000 0
98362 0.000000 0
98370 0.064069 0
98378 0.000000 0
98385 0.000000 0
98392 0.345861 0
98400 0.000000 0
98408 0.021469 0
98415 0.381447 0
98422 0.000000 0
98430 0.000000 0
98438 0.155282 0
98445 0.000000 0
98452 0.000000 0
98460 0.000000 0
98468 0.201405 0
98475 0.000000 0
98482 0.000000 0
98490 0.000000 0
98498 0.279522 0
98505 0.000000 0
98512 0.000000 0
98520 0.218423 0
98528 0.272895 0
98535 0.186096 0
98542 0.000000 0
98550 0.000000 0
98558 0.000000 0
98565 0.000000 0
98572 0.000000 0
98580 0.324577 0
98588 0.239404 0
98595 0.000000 0
98602 0.000000 0
98610 0.242381 0
98618 0.143469 0
98625 0.000000 0
98632 0.000000 0
98640 0.000000 0
98648 0.094403 0
98655 0.000000 0
98662 0.131475 0
98670 0.483874 0
98678 0.000000 0
98685 0.000000 0
98692 0.000000 0
98700 0.000000 0
98708 0.255874 0
98715 0.242841 0
98722 0.465022 0
98730 0.531468 0
98738 0.000000 0
98745 0.000000 0
98752 0.000000 0
98760 0.000000 0
98768 0.000000 0
98775 0.000000 0
98782 0.381824 0
98790 0.520458 0
98798 0.000000 0
98805 0.000000 0
98812 0.000000 0
98820 0.000000 0
98828 0.000000 0
98835 0.093632 0
98842 0.153323 0
98850 0.000000 0
98858 0.000000 0
98865 0.000000 0
98872 0.000000 0
98880 0.281127 0
98888 0.000000 0
98895 0.000000 0
98902 0.000000 0
98910 0.057620 0
98918 0.000000 0
98925 0.000000 0
98932 0.000000 0
98940 0.000000 0
98948 0.000000 0
98955 0.000000 0
98962 0.000000 0
98970 0.000000 0
98978 0.000000 0
98985 0.267908 0
98992 0.000000 0
99000 0.000000 0
99008 0.000000 0
99015 0.000000 0
99022 0.000000 0
99030 0.000000 0
99038 0.000000 0
99045 0.000000 0
99052 0.138831 0
99060 0.000000 0
99068 0.000000 0
99075 0.385646 0
99082 0.472053 0
99090 0.000000 0
99098 0.000000 0
99105 0.000000 0
99112 0.000000 0
99120 0.000000 0
99128 0.000000 0
99135 0.588344 0
99142 0.452863 0
99150 0.000000 0
99158 0.000000 0
99165 0.000000 0
99172 0.000000 0
99180 0.247902 0
99188 0.000000 0
99195 0.737392 0
99202 0.415287 0
99210 0.000000 0
99218 0.000000 0
99225 0.000000 0
99232 0.000000 0
99240 0.000000 0
99248 0.000000 0
99255 0.564764 0
99262 0.251913 0
99270 0.000000 0
99278 0.000000 0
99285 0.000000 0
99292 0.000000 0
99300 0.000000 0
99308 0.000000 0
99315 0.000000 0
99322 0.000000 0
99330 0.000000 0
99338 0.000000 0
99345 0.000000 0
99352 0.000000 0
99360 0.000000 0
99368 0.000000 0
99375 0.059871 0
99382 0.000000 0
99390 0.000000 0
99398 0.000000 0
99405 0.000000 0
99412 0.000000 0
99420 0.000000 0
99428 0.000000 0
99435 0.061991 0
99442 0.000000 0
99450 0.000000 0
99458 0.000000 0
99465 0.000000 0
99472 0.000000 0
99480 0.000000 0
99488 0.000000 0
99495 0.055421 0
99502 0.000000 0
99510 0.000000 0
99518 0.000000 0
99525 0.000000 0
99532 0.000000 0
99540 0.000000 0
99548 0.632887 0
99555 0.241682 0
99562 0.000000 0
99570 0.000000 0
99578 0.000000 0
99585 0.000000 0
99592 0.324457 0
99600 0.428966 0
99608 0.702817 0
99615 0.000000 0
99622 0.000000 0
99630 0.000000 0
99638 0.000000 0
99645 0.105175 0
99652 0.220918 0
99660 0.641318 0
99668 0.600137 0
99675 0.000000 0
99682 0.000000 0
99690 0.000000 0
99698 0.000000 0
99705 0.000000 0
99712 0.000000 0
99720 0.619160 0
99728 0.576594 0
99735 0.000000 0
99742 0.000000 0
99750 0.000000 0
99758 0.000000 0
99765 0.000000 0
99772 0.000000 0
99780 0.000000 0
99788 0.000000 0
99795 0.000000 0
99802 0.000000 0
99810 0.000000 0
99818 0.000000 0
99825 0.000000 0
99832 0.000000 0
99840 0.000000 0
99848 0.000000 0
99855 0.000000 0
99862 0.000000 0
99870 0.000000 0
99878 0.000000 0
99885 0.000000 0
99892 0.283135 0
99900 0.300602 0
99908 0.000000 0
99915 0.000000 0
99922 0.000000 0
99930 0.000000 0
99938 0.000000 0
99945 0.000000 0
99952 0.000000 0
99960 0.000000 0
99968 0.000000 0
99975 0.000000 0
99982 0.000000 0
99990 0.175020 0
99998 0.000000 0
100005 0.000000 0
100012 0.000000 0
100020 0.577344 0
100028 0.380020 0
100035 0.000000 0
100042 0.000000 0
100050 0.000000 0
100058 0.000000 0
100065 0.000000 0
100072 0.374658 0
100080 0.488872 0
100088 0.000000 0
100095 0.000000 0
100102 0.000000 0
100110 0.000000 0
100118 0.000000 0
100125 0.000000 0
100132 0.611559 0
100140 0.459461 0
100148 0.000000 0
100155 0.000000 0
100162 0.081134 0
100170 0.000000 0
100178 0.000000 0
100185 0.000000 0
100192 0.434940 0
100200 0.000000 0
100208 0.000000 0
100215 0.000000 0
100222 0.285067 0
100230 0.000000 0
100238 0.000000 0
100245 0.000000 0
100252 0.291361 0
100260 0.434343 0
100268 0.132039 0
100275 0.000000 0
100282 0.000000 0
100290 0.219071 0
100298 0.000000 0
100305 0.000000 0
100312 0.160358 0
100320 0.000000 0
100328 0.000000 0
100335 0.000000 0
100342 0.000000 0
100350 0.196696 0
100358 0.000000 0
100365 0.271576 0
100372 0.281201 0
100380 0.000000 0
100388 0.000000 0
100395 0.000000 0
100402 0.000000 0
100410 0.000000 0
100418 0.000000 0
100425 0.000000 0
100432 0.220778 0
100440 0.000000 0
100448 0.000000 0
100455 0.403990 0
100462 0.168820 0
100470 0.000000 0
100478 0.000000 0
100485 0.292548 0
100492 0.175909 0
100500 0.000000 0
100508 0.000000 0
100515 0.000000 0
100522 0.000000 0
100530 0.000000 0
100538 0.289149 0
100545 0.440930 0
100552 0.353182 0
100560 0.000000 0
100568 0.000000 0
100575 0.000000 0
100582 0.000000 0
100590 0.000000 0
100598 0.156940 0
100605 0.421842 0
100612 0.000000 0
100620 0.000000 0
100628 0.000000 0
100635 0.000000 0
100642 0.000000 0
100650 0.221293 0
100658 0.529011 0
100665 0.836716 0
100672 0.621250 0
100680 0.190436 0
100688 0.000000 0
100695 0.000000 0
100702 0.166477 0
100710 1.000000 0
100718 0.988443 0
100725 0.538744 0
100732 0.418551 0
100740 0.271950 0
100748 0.470079 0
100755 0.411886 0
100762 0.191098 0
100770 0.492532 0
100778 0.438951 0
100785 0.481746 0
100792 0.413332 0
100800 0.387706 0
100808 0.000000 0
100815 0.000000 0
100822 0.286394 0
100830 0.000000 0
100838 0.000000 0
100845 0.000000 0
100852 0.422040 0
100860 0.000000 0
100868 0.305173 0
100875 0.451606 0
100882 0.530606 0
100890 0.244419 0
100898 0.000000 0
100905 0.000000 0
100912 0.536307 0
100920 0.477649 0
100928 0.163136 0
100935 0.000000 0
100942 0.435340 0
100950 0.218753 0
100958 0.310887 0
100965 0.288425 0
100972 0.109626 0
100980 0.143269 0
100988 0.396858 0
100995 0.220749 0
101002 0.000000 0
101010 0.358362 0
101018 0.000000 0
101025 0.000000 0
101032 0.000000 0
101040 0.202286 0
101048 0.194766 0
101055 0.147146 0
101062 0.224001 0
101070 0.245285 0
101078 0.284265 0
101085 0.000000 0
101092 0.000000 0
101100 0.000000 0
101108 0.161992 0
101115 0.344714 0
101122 0.299935 0
101130 0.000000 0
101138 0.000000 0
101145 0.000000 0
101152 0.000000 0
101160 0.000000 0
101168 0.000000 0
101175 0.000000 0
101182 0.000000 0
101190 0.365146 0
101198 0.133977 0
101205 0.298043 0
101212 0.511225 0
101220 0.517571 0
101228 0.482005 0
101235 0.395260 0
101242 0.403071 0
101250 0.467623 0
101258 0.280006 0
101265 0.000000 0
101272 0.171476 0
101280 0.000000 0
101288 0.000000 0
101295 0.314301 0
101302 0.196665 0
101310 0.000000 0
101318 0.289893 0
101325 0.375945 0
101332 0.120077 0
101340 0.000000 0
101348 0.115716 0
101355 0.000000 0
101362 0.000000 0
101370 0.362247 0
101378 0.225124 0
101385 0.362129 0
101392 0.000000 0
101400 0.087838 0
101408 0.000000 0
101415 0.000000 0
101422 0.000000 0
101430 0.000000 0
101438 0.233502 0
101445 0.000000 0
101452 0.000000 0
101460 0.362761 0
101468 0.299835 0
101475 0.000000 0
101482 0.373763 0
101490 0.128882 0
101498 0.000000 0
101505 0.000000 0
101512 0.242363 0
101520 0.000000 0
101528 0.000000 0
101535 0.000000 0
101542 0.365948 0
101550 0.000000 0
101558 0.155333 0
101565 0.173589 0
101572 0.215404 0
101580 0.298619 0
101588 0.181550 0
101595 0.000000 0
101602 0.000000 0
101610 0.000000 0
101618 0.000000 0
101625 0.000000 0
101632 0.000000 0
101640 0.000000 0
101648 0.693242 0
101655 1.000000 0
101662 0.364404 0
101670 0.000000 0
101678 0.407590 0
101685 0.208930 0
101692 0.000000 0
101700 0.000000 0
101708 0.000000 0
101715 0.000000 0
101722 0.388472 0
101730 0.000000 0
101738 0.000000 0
101745 0.000000 0
101752 0.000000 0
101760 0.000000 0
101768 0.000000 0
101775 0.000000 0
101782 0.000000 0
101790 0.299579 0
101798 0.374409 0
101805 0.304483 0
101812 0.000000 0
101820 0.000000 0
101828 0.126857 0
101835 0.283895 0
101842 0.000000 0
101850 0.000000 0
101858 0.366994 0
101865 0.000000 0
101872 0.000000 0
101880 0.278612 0
101888 0.000000 0
101895 0.463519 0
101902 0.000000 0
101910 0.000000 0
101918 0.278382 0
101925 0.550997 0
101932 0.485292 0
101940 0.426962 0
101948 0.392368 0
101955 0.177680 0
101962 0.385657 0
101970 0.000000 0
101978 0.000000 0
101985 0.377319 0
101992 0.000000 0
102000 0.000000 0
102008 0.000000 0
102015 0.000000 0
102022 0.000000 0
102030 0.000000 0
102038 0.000000 0
102045 0.000000 0
102052 0.000000 0
102060 0.000000 0
102068 0.000000 0
102075 0.150556 0
102082 0.000000 0
102090 0.000000 0
102098 0.000000 0
102105 0.000000 0
102112 0.127684 0
102120 0.000000 0
102128 0.000000 0
102135 0.000000 0
102142 0.000000 0
102150 0.000000 0
102158 0.312036 0
102165 0.000000 0
102172 0.000000 0
102180 0.545146 0
102188 0.604150 0
102195 0.475369 0
102202 0.094766 0
102210 0.000000 0
102218 0.000000 0
102225 0.000000 0
102232 0.000000 0
102240 0.000000 0
102248 0.000000 0
102255 0.000000 0
102262 0.000000 0
102270 0.000000 0
102278 0.000000 0
102285 0.000000 0
102292 0.123532 0
102300 0.000000 0
102308 0.000000 0
102315 0.000000 0
102322 0.000000 0
102330 0.000000 0
102338 0.000000 0
102345 0.000000 0
102352 0.000000 0
102360 0.000000 0
102368 0.365207 0
102375 0.000000 0
102382 0.091953 0
102390 0.000000 0
102398 0.000000 0
102405 0.156632 0
102412 0.480767 0
102420 0.146620 0
102428 0.000000 0
102435 0.000000 0
102442 0.000000 0
102450 0.000000 0
102458 0.240805 0
102465 0.000000 0
102472 0.000000 0
102480 0.248277 0
102488 0.000000 0
102495 0.000000 0
102502 0.000000 0
102510 0.000000 0
102518 0.000000 0
102525 0.000000 0
102532 0.176277 0
102540 0.183110 0
102548 0.303078 0
102555 0.170645 0
102562 0.000000 0
102570 0.000000 0
102578 0.000000 0
102585 0.496067 0
102592 0.337213 0
102600 0.000000 0
102608 0.000000 0
102615 0.546083 0
102622 0.610187 0
102630 0.338942 0
102638 0.290002 0
102645 0.217191 0
102652 0.263982 0
102660 0.406821 0
102668 0.163743 0
102675 0.000000 0
102682 0.327700 0
102690 0.000000 0
102698 0.000000 0
102705 0.000000 0
102712 0.286577 0
102720 0.147641 0
102728 0.000000 0
102735 0.000000 0
102742 0.267223 0
102750 0.000000 0
102758 0.000000 0
102765 0.000000 0
102772 0.000000 0
102780 0.000000 0
102788 0.000000 0
102795 0.095205 0
102802 0.000000 0
102810 0.000000 0
102818 0.000000 0
102825 0.000000 0
102832 0.037001 0
102840 0.305340 0
102848 0.000000 0
102855 0.000000 0
102862 0.238637 0
102870 0.324243 0
102878 0.365158 0
102885 0.249146 0
102892 0.181515 0
102900 0.000000 0
102908 0.000000 0
102915 0.000000 0
102922 0.043142 0
102930 0.000000 0
102938 0.000000 0
102945 0.353211 0
102952 0.183277 0
102960 0.000000 0
102968 0.159550 0
102975 0.000000 0
102982 0.059721 0
102990 0.000000 0
102998 0.471700 0
103005 0.254611 0
103012 0.000000 0
103020 0.000000 0
103028 0.000000 0
103035 0.000000 0
103042 0.000000 0
103050 0.000000 0
103058 0.660485 0
103065 0.501198 0
103072 0.144919 0
103080 0.000000 0
103088 0.144615 0
103095 0.000000 0
103102 0.000000 0
103110 0.262902 0
103118 0.000000 0
103125 0.270963 0
103132 0.331799 0
103140 0.569949 0
103148 0.621755 0
103155 0.543614 0
103162 0.506324 0
103170 0.322297 0
103178 0.000000 0
103185 0.000000 0
103192 0.000000 0
103200 0.000000 0
103208 0.000000 0
103215 0.000000 0
103222 0.000000 0
103230 0.000000 0
103238 0.000000 0
103245 0.000000 0
103252 0.000000 0
103260 0.290755 0
103268 0.225230 0
103275 0.177901 0
103282 0.000000 0
103290 0.000000 0
103298 0.345006 0
103305 0.326575 0
103312 0.000000 0
103320 0.000000 0
103328 0.105751 0
103335 0.000000 0
103342 0.000000 0
103350 0.000000 0
103358 0.264157 0
103365 0.067896 0
103372 0.377174 0
103380 0.000000 0
103388 0.000000 0
103395 0.210232 0
103402 0.000000 0
103410 0.230011 0
103418 0.496276 0
103425 0.000000 0
103432 0.000000 0
103440 0.278497 0
103448 0.000000 0
103455 0.000000 0
103462 0.262534 0
103470 0.000000 0
103478 0.000000 0
103485 0.331705 0
103492 0.161689 0
103500 0.328428 0
103508 0.036001 0
103515 0.000000 0
103522 0.235044 0
103530 0.403527 0
103538 0.000000 0
103545 0.350335 0
103552 0.000000 0
103560 0.000000 0
103568 0.000000 0
103575 0.285929 0
103582 0.376386 0
103590 0.000000 0
103598 0.000000 0
103605 0.000000 0
103612 0.000000 0
103620 0.282616 0
103628 0.144932 0
103635 0.000000 0
103642 0.000000 0
103650 0.337759 0
103658 0.119485 0
103665 0.124745 0
103672 0.000000 0
103680 0.256315 0
103688 0.000000 0
103695 0.000000 0
103702 0.000000 0
103710 0.248433 0
103718 0.257847 0
103725 0.000000 0
103732 0.000000 0
103740 0.000000 0
103748 0.276810 0
103755 0.000000 0
103762 0.191772 0
103770 0.074165 0
103778 0.000000 0
103785 0.000000 0
103792 0.000000 0
103800 0.000000 0
103808 0.000000 0
103815 0.000000 0
103822 0.000000 0
103830 0.300685 0
103838 0.000000 0
103845 0.000000 0
103852 0.341218 0
103860 0.351075 0
103868 0.386126 0
103875 0.243545 0
103882 0.438112 0
103890 0.361754 0
103898 0.000000 0
103905 0.000000 0
103912 0.000000 0
103920 0.000000 0
103928 0.000000 0
103935 0.266377 0
103942 0.000000 0
103950 0.000000 0
103958 0.205654 0
103965 0.000000 0
103972 0.000000 0
103980 0.000000 0
103988 0.000000 0
103995 0.000000 0
104002 0.328238 0
104010 0.508720 0
104018 0.290398 0
104025 0.000000 0
104032 0.374489 0
104040 0.261064 0
104048 0.000000 0
104055 0.000000 0
104062 0.245458 0
104070 0.000000 0
104078 0.000000 0
104085 0.153902 0
104092 0.000000 0
104100 0.304464 0
104108 0.000000 0
104115 0.000000 0
104122 0.000000 0
104130 0.000000 0
104138 0.000000 0
104145 0.000000 0
104152 0.000000 0
104160 0.000000 0
104168 0.000000 0
104175 0.000000 0
104182 0.168371 0
104190 0.127744 0
104198 0.133324 0
104205 0.000000 0
104212 0.167456 0
104220 0.328308 0
104228 0.543433 0
104235 0.758577 0
104242 0.746170 0
104250 0.356583 0
104258 0.000000 0
104265 0.000000 0
104272 0.202475 0
104280 0.257258 0
104288 0.000000 0
104295 0.189740 0
104302 0.281013 0
104310 0.280383 0
104318 0.000000 0
104325 0.000000 0
104332 0.000000 0
104340 0.000000 0
104348 0.000000 0
104355 0.000000 0
104362 0.000000 0
104370 0.000000 0
104378 0.000000 0
104385 0.000000 0
104392 0.344880 0
104400 0.000000 0
104408 0.443726 0
104415 1.000000 0
104422 1.000000 0
104430 0.875157 0
104438 0.000000 0
104445 0.000000 0
104452 0.190681 0
104460 0.540730 0
104468 0.455036 0
104475 0.000000 0
104482 0.045908 0
104490 0.000000 0
104498 0.000000 0
104505 0.075524 0
104512 0.000000 0
104520 0.000000 0
104528 0.279688 0
104535 0.222471 0
104542 0.000000 0
104550 0.000000 0
104558 0.000000 0
104565 0.220885 0
104572 0.000000 0
104580 0.347106 0
104588 0.529080 0
104595 0.085313 0
104602 0.109945 0
104610 0.000000 0
104618 0.037734 0
104625 0.000000 0
104632 0.106348 0
104640 0.000000 0
104648 0.000000 0
104655 0.000000 0
104662 0.000000 0
104670 0.000000 0
104678 0.000000 0
104685 0.000000 0
104692 0.000000 0
104700 0.000000 0
104708 0.066934 0
104715 0.353693 0
104722 0.000000 0
104730 0.000000 0
104738 0.000000 0
104745 0.307299 0
104752 0.534032 0
104760 0.366573 0
104768 0.000000 0
104775 0.000000 0
104782 0.000000 0
104790 0.000000 0
104798 0.000000 0
104805 0.000000 0
104812 0.000000 0
104820 0.307974 0
104828 0.382807 0
104835 0.000000 0
104842 0.000000 0
104850 0.379424 0
104858 0.000000 0
104865 0.000000 0
104872 0.396015 0
104880 0.000000 0
104888 0.000000 0
104895 0.321232 0
104902 0.514119 0
104910 0.000000 0
104918 0.000000 0
104925 0.000000 0
104932 0.712858 0
104940 0.846956 0
104948 0.275845 0
104955 0.000000 0
104962 0.000000 0
104970 0.000000 0
104978 0.000000 0
104985 0.000000 0
104992 0.177638 0
105000 0.000000 0
105008 0.000000 0
105015 0.000000 0
105022 0.000000 0
105030 0.000000 0
105038 0.297572 0
105045 0.000000 0
105052 0.000000 0
105060 0.229409 0
105068 0.000000 0
105075 0.000000 0
105082 0.000000 0
105090 0.000000 0
105098 0.000000 0
105105 0.489240 0
105112 0.000000 0
105120 0.295074 0
105128 0.407939 0
105135 0.546496 0
105142 0.000000 0
105150 0.000000 0
105158 0.000000 0
105165 0.207602 0
105172 0.680541 0
105180 0.463530 0
105188 0.000000 0
105195 0.435209 0
105202 0.623969 0
105210 0.000000 0
105218 0.000000 0
105225 0.000000 0
105232 0.290206 0
105240 0.000000 0
105248 0.067715 0
105255 0.000000 0
105262 0.000000 0
105270 0.000000 0
105278 0.209569 0
105285 0.170164 0
105292 0.275632 0
105300 0.000000 0
105308 0.416428 0
105315 0.310806 0
105322 0.000000 0
105330 0.162489 0
105338 0.232104 0
105345 0.355573 0
105352 0.416012 0
105360 0.544589 0
105368 0.318393 0
105375 0.290652 0
105382 0.000000 0
105390 0.000000 0
105398 0.000000 0
105405 0.000000 0
105412 0.079195 0
105420 0.243491 0
105428 0.475317 0
105435 0.165798 0
105442 0.000000 0
105450 0.000000 0
105458 0.239719 0
105465 0.000000 0
105472 0.000000 0
105480 0.413183 0
105488 0.000000 0
105495 0.000000 0
105502 0.000000 0
105510 0.000000 0
105518 0.000000 0
105525 0.000000 0
105532 0.000000 0
105540 0.000000 0
105548 0.000000 0
105555 0.000000 0
105562 0.162299 0
105570 0.000000 0
105578 0.000000 0
105585 0.000000 0
105592 0.000000 0
105600 0.000000 0
105608 0.000000 0
105615 0.179121 0
105622 0.288611 0
105630 0.019535 0
105638 0.000000 0
105645 0.000000 0
105652 0.000000 0
105660 0.000000 0
105668 0.292349 0
105675 0.232944 0
105682 0.339485 0
105690 0.000000 0
105698 0.192819 0
105705 0.000000 0
105712 0.000000 0
105720 0.000000 0
105728 0.000000 0
105735 0.088243 0
105742 0.000000 0
105750 0.340462 0
105758 0.434416 0
105765 0.000000 0
105772 0.000000 0
105780 0.000000 0
105788 0.145117 0
105795 0.463394 0
105802 0.719728 0
105810 0.000000 0
105818 0.000000 0
105825 0.000000 0
105832 0.000000 0
105840 0.181467 0
105848 0.336830 0
105855 0.245947 0
105862 0.000000 0
105870 0.000000 0
105878 0.000000 0
105885 0.000000 0
105892 0.459197 0
105900 0.290635 0
105908 0.000000 0
105915 0.000000 0
105922 0.280440 0
105930 0.000000 0
105938 0.000000 0
105945 0.000000 0
105952 0.386995 0
105960 0.264249 0
105968 0.000000 0
105975 0.000000 0
105982 0.000000 0
105990 0.424080 0
105998 0.165048 0
106005 0.000000 0
106012 0.188707 0
106020 0.444042 0
106028 0.548952 0
106035 0.400454 0
106042 0.000000 0
106050 0.180462 0
106058 0.315235 0
106065 0.079084 0
106072 0.000000 0
106080 0.162532 0
106088 0.000000 0
106095 0.382515 0
106102 0.000000 0
106110 0.000000 0
106118 0.000000 0
106125 0.226170 0
106132 0.231526 0
106140 0.000000 0
106148 0.000000 0
106155 0.000000 0
106162 0.270254 0
106170 0.504487 0
106178 0.390833 0
106185 0.000000 0
106192 0.000000 0
106200 0.000000 0
106208 0.000000 0
106215 0.000000 0
106222 0.000000 0
106230 0.000000 0
106238 0.000000 0
106245 0.000000 0
106252 0.000000 0
106260 0.151591 0
106268 0.269385 0
106275 0.000000 0
106282 0.000000 0
106290 0.281907 0
106298 0.224194 0
106305 0.000000 0
106312 0.000000 0
106320 0.000000 0
106328 0.000000 0
106335 0.304341 0
106342 0.179753 0
106350 0.227871 0
106358 0.080358 0
106365 0.000000 0
106372 0.000000 0
106380 0.000000 0
106388 0.000000 0
106395 0.000000 0
106402 0.233169 0
106410 0.139480 0
106418 0.000000 0
106425 0.159275 0
106432 0.180416 0
106440 0.000000 0
106448 0.000000 0
106455 0.229477 0
106462 0.000000 0
106470 0.000000 0
106478 0.322784 0
106485 0.000000 0
106492 0.000000 0
106500 0.000000 0
106508 0.000000 0
106515 0.000000 0
106522 0.485250 0
106530 0.036152 0
106538 0.000000 0
106545 0.000000 0
106552 0.000000 0
106560 0.000000 0
106568 0.000000 0
106575 0.000000 0
106582 0.118852 0
106590 0.276873 0
106598 0.204682 0
106605 0.000000 0
106612 0.000000 0
106620 0.443673 0
106628 0.100501 0
106635 0.520913 0
106642 0.272055 0
106650 0.000000 0
106658 0.000000 0
106665 0.000000 0
106672 0.000000 0
106680 0.000000 0
106688 0.000000 0
106695 0.413661 0
106702 0.000000 0
106710 0.000000 0
106718 0.000000 0
106725 0.000000 0
106732 0.352558 0
106740 0.000000 0
106748 0.000000 0
106755 0.248451 0
106762 0.000000 0
106770 0.000000 0
106778 0.000000 0
106785 0.000000 0
106792 0.000000 0
106800 0.000000 0
106808 0.000000 0
106815 0.000000 0
106822 0.352079 0
106830 0.000000 0
106838 0.000000 0
106845 0.000000 0
106852 0.000000 0
106860 0.000000 0
106868 0.289689 0
106875 0.138922 0
106882 0.184370 0
106890 0.000000 0
106898 0.000000 0
106905 0.000000 0
106912 0.000000 0
106920 0.000000 0
106928 0.077108 0
106935 0.252524 0
106942 0.115336 0
106950 0.315732 0
106958 0.000000 0
106965 0.000000 0
106972 0.228324 0
106980 0.000000 0
106988 0.000000 0
106995 0.000000 0
107002 0.239657 0
107010 0.529709 0
107018 1.000000 0
107025 0.593103 0
107032 0.000000 0
107040 0.000000 0
107048 0.000000 0
107055 0.288199 0
107062 0.000000 0
107070 0.000000 0
107078 0.144775 0
107085 0.000000 0
107092 0.344056 0
107100 0.369574 0
107108 0.359839 0
107115 0.130689 0
107122 0.000000 0
107130 0.000000 0
107138 0.000000 0
107145 0.320072 0
107152 0.131360 0
107160 0.000000 0
107168 0.000000 0
107175 0.157865 0
107182 0.000000 0
107190 0.000000 0
107198 0.038122 0
107205 0.000000 0
107212 0.000000 0
107220 0.000000 0
107228 0.065345 0
107235 0.000000 0
107242 0.000000 0
107250 0.000000 0
107258 0.000000 0
107265 0.000000 0
107272 0.000000 0
107280 0.000000 0
107288 0.290989 0
107295 0.433625 0
107302 0.186840 0
107310 0.000000 0
107318 0.000000 0
107325 0.000000 0
107332 0.000000 0
107340 0.000000 0
107348 0.000000 0
107355 0.000000 0
107362 0.130781 0
107370 0.000000 0
107378 0.296651 0
107385 0.000000 0
107392 0.000000 0
107400 0.086265 0
107408 0.000000 0
107415 0.000000 0
107422 0.000000 0
107430 0.460875 0
107438 0.000000 0
107445 0.000000 0
107452 0.000000 0
107460 0.000000 0
107468 0.000000 0
107475 0.000000 0
107482 0.324495 0
107490 0.448064 0
107498 0.132276 0
107505 0.000000 0
107512 0.161702 0
107520 0.391435 0
107528 0.262323 0
107535 0.144458 0
107542 0.000000 0
107550 0.000000 0
107558 0.185533 0
107565 0.386669 0
107572 0.344647 0
107580 0.358009 0
107588 0.000000 0
107595 0.000000 0
107602 0.000000 0
107610 0.341601 0
107618 0.000000 0
107625 0.000000 0
107632 0.455116 0
107640 0.377225 0
107648 0.000000 0
107655 0.000000 0
107662 0.000000 0
107670 0.061622 0
107678 0.000000 0
107685 0.032407 0
107692 0.230828 0
107700 0.000000 0
107708 0.000000 0
107715 0.000000 0
107722 0.000000 0
107730 0.038678 0
107738 0.000000 0
107745 0.000000 0
107752 0.270069 0
107760 0.000000 0
107768 0.000000 0
107775 0.000000 0
107782 0.000000 0
107790 0.000000 0
107798 0.000000 0
107805 0.295729 0
107812 0.201707 0
107820 0.000000 0
107828 0.000000 0
107835 0.000000 0
107842 0.000000 0
107850 0.000000 0
107858 0.000000 0
107865 0.000000 0
107872 0.275061 0
107880 0.000000 0
107888 0.000000 0
107895 0.193153 0
107902 0.070803 0
107910 0.000000 0
107918 0.000000 0
107925 0.000000 0
107932 0.000000 0
107940 0.000000 0
107948 0.000000 0
107955 0.000000 0
107962 0.181700 0
107970 0.000000 0
107978 0.000000 0
107985 0.226713 0
107992 0.000000 0
108000 0.000000 0
108008 0.000000 0
108015 0.000000 0
108022 0.000000 0
108030 0.000000 0
108038 0.461331 0
108045 0.499949 0
108052 0.000000 0
108060 0.000000 0
108068 0.000000 0
108075 0.000000 0
108082 0.313971 0
108090 0.000000 0
108098 0.382917 0
108105 0.545484 0
108112 0.000000 0
108120 0.000000 0
108128 0.000000 0
108135 0.135073 0
108142 0.484376 0
108150 0.454524 0
108158 0.298414 0
108165 0.426631 0
108172 0.671840 0
108180 0.399000 0
108188 0.422270 0
108195 0.496749 0
108202 0.373895 0
108210 0.247168 0
108218 0.000000 0
108225 0.000000 0
108232 0.314179 0
108240 0.156665 0
108248 0.000000 0
108255 0.000000 0
108262 0.000000 0
108270 0.061069 0
108278 0.169662 0
108285 0.260427 0
108292 0.000000 0
108300 0.000000 0
108308 0.347389 0
108315 0.409861 0
108322 0.000000 0
108330 0.000000 0
108338 0.000000 0
108345 0.000000 0
108352 0.000000 0
108360 0.000000 0
108368 0.447854 0
108375 0.569178 0
108382 1.000000 0
108390 1.000000 0
108398 0.518735 0
108405 0.000000 0
108412 0.092522 0
108420 0.000000 0
108428 0.000000 0
108435 0.000000 0
108442 0.000000 0
108450 0.000000 0
108458 0.000000 0
108465 0.000000 0
108472 0.000000 0
108480 0.000000 0
108488 0.000000 0
108495 0.000000 0
108502 0.000000 0
108510 0.000000 0
108518 0.000000 0
108525 0.000000 0
108532 0.000000 0
108540 0.000000 0
108548 0.000000 0
108555 0.000000 0
108562 0.000000 0
108570 0.427714 0
108578 0.039747 0
108585 0.000000 0
108592 0.000000 0
108600 0.000000 0
108608 0.000000 0
108615 0.409345 0
108622 0.508267 0
108630 0.431226 0
108638 0.095020 0
108645 0.000000 0
108652 0.557369 0
108660 0.850878 0
108668 0.437032 0
108675 0.270710 0
108682 0.299245 0
108690 0.000000 0
108698 0.000000 0
108705 0.082970 0
108712 0.000000 0
108720 0.000000 0
108728 0.000000 0
108735 0.000000 0
108742 0.000000 0
108750 0.122446 0
108758 0.000000 0
108765 0.000000 0
108772 0.000000 0
108780 0.143130 0
108788 0.176574 0
108795 0.000000 0
108802 0.354487 0
108810 0.000000 0
108818 0.000000 0
108825 0.000000 0
108832 0.000000 0
108840 0.000000 0
108848 0.228930 0
108855 0.191262 0
108862 0.000000 0
108870 0.000000 0
108878 0.000000 0
108885 0.000000 0
108892 0.000000 0
108900 0.000000 0
108908 0.380634 0
108915 0.138822 0
108922 0.000000 0
108930 0.000000 0
108938 0.340105 0
108945 0.000000 0
108952 0.000000 0
108960 0.363764 0
108968 0.000000 0
108975 0.000000 0
108982 0.342323 0
108990 0.000000 0
108998 0.000000 0
109005 0.000000 0
109012 0.000000 0
109020 0.000000 0
109028 0.000000 0
109035 0.263174 0
109042 0.317993 0
109050 0.094915 0
109058 0.000000 0
109065 0.000000 0
109072 0.000000 0
109080 0.000000 0
109088 0.000000 0
109095 0.000000 0
109102 0.000000 0
109110 0.000000 0
109118 0.000000 0
109125 0.104155 0
109132 0.525028 0
109140 0.689102 0
109148 0.647815 0
109155 0.526609 0
109162 0.398136 0
109170 0.000000 0
109178 0.000000 0
109185 0.000000 0
109192 0.000000 0
109200 0.228860 0
109208 0.000000 0
109215 0.381071 0
109222 0.176902 0
109230 0.000000 0
109238 0.000000 0
109245 0.300947 0
109252 0.000000 0
109260 0.051048 0
109268 0.196306 0
109275 0.248731 0
109282 0.155020 0
109290 0.279062 0
109298 0.289430 0
109305 0.359746 0
109312 0.000000 0
109320 0.000000 0
109328 0.193261 0
109335 0.271298 0
109342 0.162561 0
109350 0.234855 0
109358 0.401662 0
109365 0.294786 0
109372 0.000000 0
109380 0.000000 0
109388 0.000000 0
109395 0.000000 0
109402 0.179223 0
109410 0.000000 0
109418 0.000000 0
109425 0.000000 0
109432 0.000000 0
109440 0.000000 0
109448 0.265585 0
109455 0.000000 0
109462 0.000000 0
109470 0.000000 0
109478 0.000000 0
109485 0.000000 0
109492 0.000000 0
109500 0.000000 0
109508 0.000000 0
109515 0.187448 0
109522 0.128361 0
109530 0.000000 0
109538 0.418698 0
109545 0.690114 0
109552 0.256566 0
109560 0.071908 0
109568 0.309947 0
109575 0.000000 0
109582 0.000000 0
109590 0.000000 0
109598 0.000000 0
109605 0.000000 0
109612 0.176488 0
109620 0.000000 0
109628 0.000000 0
109635 0.000000 0
109642 0.000000 0
109650 0.191375 0
109658 0.123872 0
109665 0.000000 0
109672 0.000000 0
109680 0.000000 0
109688 0.140241 0
109695 0.000000 0
109702 0.000000 0
109710 0.000000 0
109718 0.000000 0
109725 0.000000 0
109732 0.000000 0
109740 0.000000 0
109748 0.000000 0
109755 0.000000 0
109762 0.000000 0
109770 0.000000 0
109778 0.000000 0
109785 0.000000 0
109792 0.194631 0
109800 0.068960 0
109808 0.000000 0
109815 0.000000 0
109822 0.000000 0
109830 0.000000 0
109838 0.000000 0
109845 0.000000 0
109852 0.113989 0
109860 0.000000 0
109868 0.258051 0
109875 0.000000 0
109882 0.000000 0
109890 0.000000 0
109898 0.000000 0
109905 0.000000 0
109912 0.219522 0
109920 0.000000 0
109928 0.000000 0
109935 0.000000 0
109942 0.404450 0
109950 0.268986 0
109958 0.305167 0
109965 0.000000 0
109972 0.000000 0
109980 0.328413 0
109988 0.000000 0
109995 0.000000 0
110002 0.000000 0
110010 0.000000 0
110018 0.000000 0
110025 0.000000 0
110032 0.283389 0
110040 0.352720 0
110048 0.000000 0
110055 0.000000 0
110062 0.000000 0
110070 0.000000 0
110078 0.000000 0
110085 0.240730 0
110092 0.000000 0
110100 0.000000 0
110108 0.198646 0
110115 0.105703 0
110122 0.000000 0
110130 0.376562 0
110138 0.432176 0
110145 0.261600 0
110152 0.102947 0
110160 0.223752 0
110168 0.000000 0
110175 0.391557 0
110182 0.354118 0
110190 0.000000 0
110198 0.000000 0
110205 0.000000 0
110212 0.207036 0
110220 0.000000 0
110228 0.000000 0
110235 0.167203 0
110242 0.262281 0
110250 0.303670 0
110258 0.751081 0
110265 0.795525 0
110272 0.524049 0
110280 0.365498 0
110288 0.592485 0
110295 0.496456 0
110302 0.000000 0
110310 0.000000 0
110318 0.000000 0
110325 0.000000 0
110332 0.000000 0
110340 0.000000 0
110348 0.000000 0
110355 0.000000 0
110362 0.000000 0
110370 0.000000 0
110378 0.000000 0
110385 0.289293 0
110392 0.315331 0
110400 0.000000 0
110408 0.000000 0
110415 0.274874 0
110422 0.342640 0
110430 0.280606 0
110438 0.000000 0
110445 0.380591 0
110452 0.246794 0
110460 0.000000 0
110468 0.211242 0
110475 0.274914 0
110482 0.000000 0
110490 0.000000 0
110498 0.304180 0
110505 0.349510 0
110512 0.463696 0
110520 0.424632 0
110528 0.404687 0
110535 0.197454 0
110542 0.201640 0
110550 0.390127 0
110558 0.097282 0
110565 0.272640 0
110572 0.332785 0
110580 0.221188 0
110588 0.706138 0
110595 0.396786 0
110602 0.000000 0
110610 0.092261 0
110618 0.146613 0
110625 0.211349 0
110632 0.000000 0
110640 0.151630 0
110648 0.309332 0
110655 0.000000 0
110662 0.286319 0
110670 0.108348 0
110678 0.000000 0
110685 0.000000 0
110692 0.000000 0
110700 0.000000 0
110708 0.000000 0
110715 0.127606 0
110722 0.277250 0
110730 0.000000 0
110738 0.000000 0
110745 0.140964 0
110752 0.144769 0
110760 0.185019 0
110768 0.000000 0
110775 0.325370 0
110782 0.000000 0
110790 0.000000 0
110798 0.296312 0
110805 0.592856 0
110812 0.431649 0
110820 0.132523 0
110828 0.264926 0
110835 0.422640 0
110842 0.000000 0
110850 0.000000 0
110858 0.118791 0
110865 0.161515 0
110872 0.000000 0
110880 0.000000 0
110888 0.387726 0
110895 0.378198 0
110902 0.000000 0
110910 0.201158 0
110918 0.271559 0
110925 0.122005 0
110932 0.000000 0
110940 0.254359 0
110948 0.000000 0
110955 0.000000 0
110962 0.000000 0
110970 0.265013 0
110978 0.188109 0
110985 0.000000 0
110992 0.116487 0
111000 0.000000 0
111008 0.295895 0
111015 0.129541 0
111022 0.000000 0
111030 0.000000 0
111038 0.000000 0
111045 0.359797 0
111052 0.233895 0
111060 0.000000 0
111068 0.000000 0
111075 0.000000 0
111082 0.000000 0
111090 0.000000 0
111098 0.000000 0
111105 0.000000 0
111112 0.252653 0
111120 0.272577 0
111128 0.338220 0
111135 0.000000 0
111142 0.218648 0
111150 0.262127 0
111158 0.088791 0
111165 0.176242 0
111172 0.000000 0
111180 0.000000 0
111188 0.178009 0
111195 0.000000 0
111202 0.000000 0
111210 0.000000 0
111218 0.156835 0
111225 0.000000 0
111232 0.000000 0
111240 0.000000 0
111248 0.000000 0
111255 0.288468 0
111262 0.313788 0
111270 0.000000 0
111278 0.000000 0
111285 0.000000 0
111292 0.000000 0
111300 0.000000 0
111308 0.000000 0
111315 0.150063 0
111322 0.000000 0
111330 0.265555 0
111338 0.000000 0
111345 0.000000 0
111352 0.000000 0
111360 0.204077 0
111368 0.373558 0
111375 0.331319 0
111382 0.327442 0
111390 0.092768 0
111398 0.000000 0
111405 0.000000 0
111412 0.000000 0
111420 0.234255 0
111428 0.189184 0
111435 0.000000 0
111442 0.000000 0
111450 0.217806 0
111458 0.000000 0
111465 0.120792 0
111472 0.329392 0
111480 0.000000 0
111488 0.160135 0
111495 0.225568 0
111502 0.000000 0
111510 0.000000 0
111518 0.161942 0
111525 0.000000 0
111532 0.000000 0
111540 0.000000 0
111548 0.110307 0
111555 0.000000 0
111562 0.174006 0
111570 0.000000 0
111578 0.000000 0
111585 0.000000 0
111592 0.000000 0
111600 0.000000 0
111608 0.100498 0
111615 0.306938 0
111622 0.261318 0
111630 0.124913 0
111638 0.070221 0
111645 0.256063 0
111652 0.000000 0
111660 0.000000 0
111668 0.000000 0
111675 0.201559 0
111682 0.269324 0
111690 0.000000 0
111698 0.000000 0
111705 0.000000 0
111712 0.000000 0
111720 0.370888 0
111728 0.333665 0
111735 0.185701 0
111742 0.210842 0
111750 0.182358 0
111758 0.000000 0
111765 0.000000 0
111772 0.000000 0
111780 0.177400 0
111788 0.000000 0
111795 0.616147 0
111802 0.000000 0
111810 0.000000 0
111818 0.000000 0
111825 0.000000 0
111832 0.000000 0
111840 0.318632 0
111848 0.483457 0
111855 0.421487 0
111862 0.116105 0
111870 0.000000 0
111878 0.000000 0
111885 0.000000 0
111892 0.000000 0
111900 0.000000 0
111908 0.321840 0
111915 0.258348 0
111922 0.000000 0
111930 0.000000 0
111938 0.417631 0
111945 0.000000 0
111952 0.000000 0
111960 0.191048 0
111968 0.256030 0
111975 0.445732 0
111982 0.250279 0
111990 0.000000 0
111998 0.000000 0
112005 0.000000 0
112012 0.000000 0
112020 0.031984 0
112028 0.000000 0
112035 0.000000 0
112042 0.000000 0
112050 0.000000 0
112058 0.275822 0
112065 0.279296 0
112072 0.208266 0
112080 0.050424 0
112088 0.280236 0
112095 0.381682 0
112102 0.000000 0
112110 0.125026 0
112118 0.000000 0
112125 0.000000 0
112132 0.000000 0
112140 0.198776 0
112148 0.019116 0
112155 0.000000 0
112162 0.000000 0
112170 0.000000 0
112178 0.000000 0
112185 0.251697 0
112192 0.327010 0
112200 0.404438 0
112208 0.572014 0
112215 0.373185 0
112222 0.000000 0
112230 0.000000 0
112238 0.000000 0
112245 0.190732 0
112252 0.000000 0
112260 0.439529 0
112268 0.453391 0
112275 0.000000 0
112282 0.000000 0
112290 0.000000 0
112298 0.000000 0
112305 0.237399 0
112312 0.278350 0
112320 0.638429 0
112328 0.484568 0
112335 0.000000 0
112342 0.000000 0
112350 0.000000 0
112358 0.000000 0
112365 0.000000 0
112372 0.270605 0
112380 0.416165 0
112388 0.231515 0
112395 0.000000 0
112402 0.000000 0
112410 0.176600 0
112418 0.000000 0
112425 0.000000 0
112432 0.060129 0
112440 0.561894 0
112448 0.533391 0
112455 0.000000 0
112462 0.000000 0
112470 0.000000 0
112478 0.000000 0
112485 0.000000 0
112492 0.000000 0
112500 0.425320 0
112508 0.000000 0
112515 0.000000 0
112522 0.000000 0
112530 0.000000 0
112538 0.083455 0
112545 0.000000 0
112552 0.350625 0
112560 0.365948 0
112568 0.000000 0
112575 0.175086 0
112582 0.000000 0
112590 0.276802 0
112598 0.317985 0
112605 0.000000 0
112612 0.000000 0
112620 0.000000 0
112628 0.000000 0
112635 0.075133 0
112642 0.175676 0
112650 0.000000 0
112658 0.000000 0
112665 0.383514 0
112672 0.688213 0
112680 0.604285 0
112688 0.000000 0
112695 0.000000 0
112702 0.000000 0
112710 0.000000 0
112718 0.000000 0
112725 0.346856 0
112732 0.514771 0
112740 0.000000 0
112748 0.000000 0
112755 0.000000 0
112762 0.000000 0
112770 0.336606 0
112778 0.283568 0
112785 0.442562 0
112792 0.592510 0
112800 0.000000 0
112808 0.000000 0
112815 0.000000 0
112822 0.000000 0
112830 0.000000 0
112838 0.072080 0
112845 0.189151 0
112852 0.259437 0
112860 0.000000 0
112868 0.000000 0
112875 0.000000 0
112882 0.199602 0
112890 0.000000 0
112898 0.173721 0
112905 0.628570 0
112912 0.659977 0
112920 0.000000 0
112928 0.000000 0
112935 0.000000 0
112942 0.000000 0
112950 0.000000 0
112958 0.000000 0
112965 0.000000 0
112972 0.000000 0
112980 0.000000 0
112988 0.000000 0
112995 0.000000 0
113002 0.000000 0
113010 0.000000 0
113018 0.000000 0
113025 0.315765 0
113032 0.363836 0
113040 0.000000 0
113048 0.000000 0
113055 0.000000 0
113062 0.000000 0
113070 0.146716 0
113078 0.000000 0
113085 0.000000 0
113092 0.000000 0
113100 0.000000 0
113108 0.000000 0
113115 0.000000 0
113122 0.000000 0
113130 0.000000 0
113138 0.592623 0
113145 0.903428 0
113152 0.530847 0
113160 0.000000 0
113168 0.000000 0
113175 0.000000 0
113182 0.000000 0
113190 0.000000 0
113198 0.497869 0
113205 0.359457 0
113212 0.000000 0
113220 0.000000 0
113228 0.000000 0
113235 0.000000 0
113242 0.123194 0
113250 0.000000 0
113258 0.530647 0
113265 0.482516 0
113272 0.000000 0
113280 0.000000 0
113288 0.000000 0
113295 0.000000 0
113302 0.000000 0
113310 0.000000 0
113318 0.346388 0
113325 0.000000 0
113332 0.000000 0
113340 0.000000 0
113348 0.158483 0
113355 0.000000 0
113362 0.000000 0
113370 0.157435 0
113378 0.850952 0
113385 0.516896 0
113392 0.000000 0
113400 0.000000 0
113408 0.000000 0
113415 0.000000 0
113422 0.000000 0
113430 0.000000 0
113438 0.000000 0
113445 0.000000 0
113452 0.000000 0
113460 0.000000 0
113468 0.000000 0
113475 0.000000 0
113482 0.000000 0
113490 0.257583 0
113498 0.374519 0
113505 0.337864 0
113512 0.000000 0
113520 0.000000 0
113528 0.000000 0
113535 0.000000 0
113542 0.000000 0
113550 0.000000 0
113558 0.000000 0
113565 0.000000 0
113572 0.000000 0
113580 0.000000 0
113588 0.000000 0
113595 0.000000 0
113602 0.262526 0
113610 0.900994 0
113618 0.644978 0
113625 0.000000 0
113632 0.000000 0
113640 0.000000 0
113648 0.000000 0
113655 0.000000 0
113662 0.000000 0
113670 0.554063 0
113678 0.000000 0
113685 0.000000 0
113692 0.000000 0
113700 0.000000 0
113708 0.000000 0
113715 0.000000 0
113722 0.607496 0
113730 0.651022 0
113738 0.000000 0
113745 0.000000 0
113752 0.000000 0
113760 0.000000 0
113768 0.000000 0
113775 0.000000 0
113782 0.255021 0
113790 0.358358 0
113798 0.000000 0
113805 0.000000 0
113812 0.000000 0
113820 0.000000 0
113828 0.000000 0
113835 0.000000 0
113842 0.877444 0
113850 0.847416 0
113858 0.000000 0
113865 0.000000 0
113872 0.000000 0
113880 0.000000 0
113888 0.000000 0
113895 0.000000 0
113902 0.000000 0
113910 0.000000 0
113918 0.000000 0
113925 0.000000 0
113932 0.000000 0
113940 0.000000 0
113948 0.000000 0
113955 0.000000 0
113962 0.334581 0
113970 0.338795 0
113978 0.000000 0
113985 0.000000 0
113992 0.000000 0
114000 0.000000 0
114008 0.000000 0
114015 0.000000 0
114022 0.000000 0
114030 0.000000 0
114038 0.000000 0
114045 0.000000 0
114052 0.202599 0
114060 0.000000 0
114068 0.000000 0
114075 0.739089 0
114082 0.905029 0
114090 0.383966 0
114098 0.000000 0
114105 0.000000 0
114112 0.000000 0
114120 0.000000 0
114128 0.000000 0
114135 0.348789 0
114142 0.280239 0
114150 0.000000 0
114158 0.000000 0
114165 0.000000 0
114172 0.000000 0
114180 0.000000 0
114188 0.133518 0
114195 0.580084 0
114202 0.432369 0
114210 0.000000 0
114218 0.000000 0
114225 0.000000 0
114232 0.000000 0
114240 0.000000 0
114248 0.000000 0
114255 0.516123 0
114262 0.161286 0
114270 0.000000 0
114278 0.000000 0
114285 0.000000 0
114292 0.000000 0
114300 0.000000 0
114308 0.372790 0
114315 0.993276 0
114322 0.568064 0
114330 0.000000 0
114338 0.000000 0
114345 0.000000 0
114352 0.000000 0
114360 0.000000 0
114368 0.000000 0
114375 0.000000 0
114382 0.000000 0
114390 0.000000 0
114398 0.000000 0
114405 0.000000 0
114412 0.000000 0
114420 0.000000 0
114428 0.115684 0
114435 0.424672 0
114442 0.000000 0
114450 0.000000 0
114458 0.000000 0
114465 0.000000 0
114472 0.000000 0
114480 0.000000 0
114488 0.000000 0
114495 0.000000 0
114502 0.000000 0
114510 0.000000 0
114518 0.000000 0
114525 0.000000 0
114532 0.088236 0
114540 0.347510 0
114548 0.847303 0
114555 0.742681 0
114562 0.000000 0
114570 0.000000 0
114578 0.000000 0
114585 0.000000 0
114592 0.000000 0
114600 0.283440 0
114608 0.324968 0
114615 0.000000 0
114622 0.000000 0
114630 0.000000 0
114638 0.000000 0
114645 0.000000 0
114652 0.000000 0
114660 0.475589 0
114668 0.628437 0
114675 0.132213 0
114682 0.000000 0
114690 0.000000 0
114698 0.000000 0
114705 0.000000 0
114712 0.000000 0
114720 0.000000 0
114728 0.240372 0
114735 0.000000 0
114742 0.000000 0
114750 0.000000 0
114758 0.000000 0
114765 0.195091 0
114772 0.000000 0
114780 0.743605 0
114788 0.814454 0
114795 0.168424 0
114802 0.000000 0
114810 0.000000 0
114818 0.000000 0
114825 0.000000 0
114832 0.000000 0
114840 0.000000 0
114848 0.000000 0
114855 0.000000 0
114862 0.000000 0
114870 0.000000 0
114878 0.000000 0
114885 0.000000 0
114892 0.000000 0
114900 0.530643 0
114908 0.530065 0
114915 0.000000 0
114922 0.000000 0
114930 0.000000 0
114938 0.000000 0
114945 0.000000 0
114952 0.212123 0
114960 0.000000 0
114968 0.000000 0
114975 0.000000 0
114982 0.000000 0
114990 0.000000 0
114998 0.000000 0
115005 0.000000 0
115012 0.925479 0
115020 1.000000 0
115028 0.714530 0
115035 0.157182 0
115042 0.000000 0
115050 0.396089 0
115058 0.275265 0
115065 0.000000 0
115072 0.383179 0
115080 0.235873 0
115088 0.000000 0
115095 0.000000 0
115102 0.147164 0
115110 0.288536 0
115118 0.307921 0
115125 0.000000 0
115132 0.000000 0
115140 0.463178 0
115148 0.348936 0
115155 0.131370 0
115162 0.000000 0
115170 0.156225 0
115178 0.000000 0
115185 0.436102 0
115192 0.222479 0
115200 0.370042 0
115208 0.000000 0
115215 0.000000 0
115222 0.000000 0
115230 0.313738 0
115238 0.000000 0
115245 0.088507 0
115252 0.389137 0
115260 0.283151 0
115268 0.000000 0
115275 0.167486 0
115282 0.000000 0
115290 0.000000 0
115298 0.000000 0
115305 0.052601 0
115312 0.000000 0
115320 0.000000 0
115328 0.324931 0
115335 0.000000 0
115342 0.321251 0
115350 0.299681 0
115358 0.228041 0
115365 0.221885 0
115372 0.328216 0
115380 0.000000 0
115388 0.252513 0
115395 0.000000 0
115402 0.000000 0
115410 0.087043 0
115418 0.000000 0
115425 0.000000 0
115432 0.000000 0
115440 0.127430 0
115448 0.000000 0
115455 0.000000 0
115462 0.380603 0
115470 0.612528 0
115478 0.369106 0
115485 0.679238 0
115492 0.693161 0
115500 0.522621 0
115508 0.377949 0
115515 0.253155 0
115522 0.179551 0
115530 0.000000 0
115538 0.252916 0
115545 0.000000 0
115552 0.000000 0
115560 0.440056 0
115568 0.389158 0
115575 0.127373 0
115582 0.000000 0
115590 0.000000 0
115598 0.000000 0
115605 0.179335 0
115612 0.235179 0
115620 0.129229 0
115628 0.195386 0
115635 0.000000 0
115642 0.000000 0
115650 0.000000 0
115658 0.169962 0
115665 0.124117 0
115672 0.000000 0
115680 0.096221 0
115688 0.000000 0
115695 0.171073 0
115702 0.000000 0
115710 0.130092 0
115718 0.380563 0
115725 0.326450 0
115732 0.000000 0
115740 0.000000 0
115748 0.266195 0
115755 0.200042 0
115762 0.237831 0
115770 0.378586 0
115778 0.338265 0
115785 0.000000 0
115792 0.000000 0
115800 0.267792 0
115808 0.024133 0
115815 0.078048 0
115822 0.000000 0
115830 0.000000 0
115838 0.268750 0
115845 0.291940 0
115852 0.152017 0
115860 0.240616 0
115868 0.000000 0
115875 0.000000 0
115882 0.000000 0
115890 0.000000 0
115898 0.214522 0
115905 0.000000 0
115912 0.000000 0
115920 0.196361 0
115928 0.000000 0
115935 0.000000 0
115942 0.000000 0
115950 0.367224 0
115958 0.504665 0
115965 0.283020 0
115972 0.000000 0
115980 0.000000 0
115988 0.247697 0
115995 0.000000 0
116002 0.000000 0
116010 0.263904 0
116018 0.230417 0
116025 0.000000 0
116032 0.000000 0
116040 0.000000 0
116048 0.243288 0
116055 0.000000 0
116062 0.163082 0
116070 0.487644 0
116078 0.219770 0
116085 0.000000 0
116092 0.000000 0
116100 0.000000 0
116108 0.142498 0
116115 0.000000 0
116122 0.000000 0
116130 0.346120 0
116138 0.000000 0
116145 0.000000 0
116152 0.000000 0
116160 0.548180 0
116168 0.377110 0
116175 0.364194 0
116182 0.535244 0
116190 0.469192 0
116198 0.184594 0
116205 0.000000 0
116212 0.070151 0
116220 0.000000 0
116228 0.000000 0
116235 0.000000 0
116242 0.000000 0
116250 0.000000 0
116258 0.000000 0
116265 0.000000 0
116272 0.000000 0
116280 0.000000 0
116288 0.000000 0
116295 0.000000 0
116302 0.221086 0
116310 0.219767 0
116318 0.361990 0
116325 0.192656 0
116332 0.000000 0
116340 0.000000 0
116348 0.000000 0
116355 0.000000 0
116362 0.000000 0
116370 0.031197 0
116378 0.000000 0
116385 0.000000 0
116392 0.176018 0
116400 0.277907 0
116408 0.000000 0
116415 0.000000 0
116422 0.471527 0
116430 0.557834 0
116438 0.634893 0
116445 0.817526 0
116452 0.540034 0
116460 0.388477 0
116468 0.000000 0
116475 0.327560 0
116482 0.234051 0
116490 0.000000 0
116498 0.000000 0
116505 0.000000 0
116512 0.000000 0
116520 0.000000 0
116528 0.252943 0
116535 0.399654 0
116542 0.000000 0
116550 0.000000 0
116558 0.000000 0
116565 0.000000 0
116572 0.238545 0
116580 0.227464 0
116588 0.000000 0
116595 0.000000 0
116602 0.124413 0
116610 0.000000 0
116618 0.000000 0
116625 0.000000 0
116632 0.000000 0
116640 0.000000 0
116648 0.283337 0
116655 0.331618 0
116662 0.471936 0
116670 0.297883 0
116678 0.000000 0
116685 0.000000 0
116692 0.000000 0
116700 0.051480 0
116708 0.000000 0
116715 0.000000 0
116722 0.241026 0
116730 0.000000 0
116738 0.105627 0
116745 0.126711 0
116752 0.000000 0
116760 0.272323 0
116768 0.208871 0
116775 0.282078 0
116782 0.434214 0
116790 0.494755 0
116798 0.000000 0
116805 0.000000 0
116812 0.264638 0
116820 0.000000 0
116828 0.000000 0
116835 0.000000 0
116842 0.000000 0
116850 0.000000 0
116858 0.000000 0
116865 0.000000 0
116872 0.094805 0
116880 0.000000 0
116888 0.000000 0
116895 0.438339 0
116902 0.418980 0
116910 0.000000 0
116918 0.000000 0
116925 0.000000 0
116932 0.378200 0
116940 0.000000 0
116948 0.000000 0
116955 0.000000 0
116962 0.000000 0
116970 0.000000 0
116978 0.000000 0
116985 0.000000 0
116992 0.000000 0
117000 0.323211 0
117008 0.368735 0
117015 0.449791 0
117022 0.048424 0
117030 0.000000 0
117038 0.000000 0
117045 0.000000 0
117052 0.168848 0
117060 0.179183 0
117068 0.000000 0
117075 0.000000 0
117082 0.000000 0
117090 0.000000 0
117098 0.000000 0
117105 0.000000 0
117112 0.269645 0
117120 0.328120 0
117128 0.292915 0
117135 0.336800 0
117142 0.265335 0
117150 0.000000 0
117158 0.152852 0
117165 0.000000 0
117172 0.000000 0
117180 0.000000 0
117188 0.000000 0
117195 0.000000 0
117202 0.000000 0
117210 0.000000 0
117218 0.000000 0
117225 0.000000 0
117232 0.000000 0
117240 0.000000 0
117248 0.262191 0
117255 0.000000 0
117262 0.000000 0
117270 0.000000 0
117278 0.119207 0
117285 0.000000 0
117292 0.000000 0
117300 0.250949 0
117308 0.000000 0
117315 0.000000 0
117322 0.000000 0
117330 0.000000 0
117338 0.356666 0
117345 0.417127 0
117352 0.408228 0
117360 0.655709 0
117368 0.941011 0
117375 0.579015 0
117382 0.545860 0
117390 0.167757 0
117398 0.000000 0
117405 0.000000 0
117412 0.000000 0
117420 0.000000 0
117428 0.000000 0
117435 0.000000 0
117442 0.000000 0
117450 0.000000 0
117458 0.000000 0
117465 0.000000 0
117472 0.000000 0
117480 0.299361 0
117488 0.251856 0
117495 0.213746 0
117502 0.000000 0
117510 0.000000 0
117518 0.000000 0
117525 0.000000 0
117532 0.111515 0
117540 0.000000 0
117548 0.000000 0
117555 0.000000 0
117562 0.000000 0
117570 0.000000 0
117578 0.123049 0
117585 0.000000 0
117592 0.402021 0
117600 0.498625 0
117608 0.000000 0
117615 0.000000 0
117622 0.162810 0
117630 0.093396 0
117638 0.000000 0
117645 0.000000 0
117652 0.341351 0
117660 0.000000 0
117668 0.000000 0
117675 0.253621 0
117682 0.194535 0
117690 0.000000 0
117698 0.000000 0
117705 0.000000 0
117712 0.246506 0
117720 0.423901 0
117728 0.000000 0
117735 0.000000 0
117742 0.000000 0
117750 0.000000 0
117758 0.000000 0
117765 0.000000 0
117772 0.000000 0
117780 0.000000 0
117788 0.000000 0
117795 0.000000 0
117802 0.282772 0
117810 0.215905 0
117818 0.000000 0
117825 0.153390 0
117832 0.413708 0
117840 0.000000 0
117848 0.000000 0
117855 0.000000 0
117862 0.000000 0
117870 0.000000 0
117878 0.000000 0
117885 0.541153 0
117892 0.595490 0
117900 0.000000 0
117908 0.000000 0
117915 0.000000 0
117922 0.312431 0
117930 0.307388 0
117938 0.161687 0
117945 0.363940 0
117952 0.348487 0
117960 0.000000 0
117968 0.000000 0
117975 0.000000 0
117982 0.000000 0
117990 0.172645 0
117998 0.000000 0
118005 0.000000 0
118012 0.000000 0
118020 0.263246 0
118028 0.000000 0
118035 0.291446 0
118042 0.418682 0
118050 0.389061 0
118058 0.346990 0
118065 0.230196 0
118072 0.416455 0
118080 0.000000 0
118088 0.000000 0
118095 0.000000 0
118102 0.267178 0
118110 0.000000 0
118118 0.569897 0
118125 0.677600 0
118132 0.512127 0
118140 0.463622 0
118148 0.000000 0
118155 0.000000 0
118162 0.000000 0
118170 0.099429 0
118178 0.156128 0
118185 0.333609 0
118192 0.408763 0
118200 0.000000 0
118208 0.000000 0
118215 0.000000 0
118222 0.000000 0
118230 0.000000 0
118238 0.000000 0
118245 0.255708 0
118252 0.000000 0
118260 0.100685 0
118268 0.000000 0
118275 0.000000 0
118282 0.000000 0
118290 0.057152 0
118298 0.480906 0
118305 0.322883 0
118312 0.000000 0
118320 0.000000 0
118328 0.000000 0
118335 0.000000 0
118342 0.422147 0
118350 0.273017 0
118358 0.000000 0
118365 0.000000 0
118372 0.000000 0
118380 0.000000 0
118388 0.000000 0
118395 0.000000 0
118402 0.230471 0
118410 0.316163 0
118418 0.497213 0
118425 0.475254 0
118432 0.320237 0
118440 0.078545 0
118448 0.000000 0
118455 0.000000 0
118462 0.454316 0
118470 0.243680 0
118478 0.300513 0
118485 0.000000 0
118492 0.000000 0
118500 0.000000 0
118508 0.000000 0
118515 0.000000 0
118522 0.138676 0
118530 0.400253 0
118538 0.636195 0
118545 0.354119 0
118552 0.000000 0
118560 0.000000 0
118568 0.000000 0
118575 0.317525 0
118582 0.142757 0
118590 0.000000 0
118598 0.000000 0
118605 0.000000 0
118612 0.000000 0
118620 0.000000 0
118628 0.000000 0
118635 0.000000 0
118642 0.100685 0
118650 0.360106 0
118658 0.224894 0
118665 0.000000 0
118672 0.000000 0
118680 0.000000 0
118688 0.000000 0
118695 0.000000 0
118702 0.000000 0
118710 0.000000 0
118718 0.137936 0
118725 0.000000 0
118732 0.000000 0
118740 0.000000 0
118748 0.000000 0
118755 0.117387 0
118762 0.566740 0
118770 0.627072 0
118778 0.277058 0
118785 0.000000 0
118792 0.000000 0
118800 0.000000 0
118808 0.067592 0
118815 0.000000 0
118822 0.000000 0
118830 0.000000 0
118838 0.000000 0
118845 0.000000 0
118852 0.000000 0
118860 0.000000 0
118868 0.000000 0
118875 0.000000 0
118882 0.000000 0
118890 0.000000 0
118898 0.000000 0
118905 0.000000 0
118912 0.273489 0
118920 0.465622 0
118928 0.383894 0
118935 0.000000 0
118942 0.000000 0
118950 0.049238 0
118958 0.000000 0
118965 0.000000 0
118972 0.000000 0
118980 0.000000 0
118988 0.000000 0
118995 0.000000 0
119002 0.219266 0
119010 0.410746 0
119018 0.315387 0
119025 0.000000 0
119032 0.000000 0
119040 0.000000 0
119048 0.000000 0
119055 0.000000 0
119062 0.000000 0
119070 0.000000 0
119078 0.000000 0
119085 0.000000 0
119092 0.000000 0
119100 0.000000 0
119108 0.080230 0
119115 0.273658 0
119122 0.000000 0
119130 0.000000 0
119138 0.000000 0
119145 0.112262 0
119152 0.149006 0
119160 0.000000 0
119168 0.000000 0
119175 0.000000 0
119182 0.000000 0
119190 0.000000 0
119198 0.000000 0
119205 0.000000 0
119212 0.000000 0
119220 0.000000 0
119228 0.347592 0
119235 0.612474 0
119242 0.518881 0
119250 0.388151 0
119258 0.000000 0
119265 0.000000 0
119272 0.000000 0
119280 0.000000 0
119288 0.000000 0
119295 0.000000 0
119302 0.000000 0
119310 0.000000 0
119318 0.000000 0
119325 0.000000 0
119332 0.000000 0
119340 0.000000 0
119348 0.000000 0
119355 0.000000 0
119362 0.000000 0
119370 0.000000 0
119378 0.000000 0
119385 0.000000 0
119392 0.000000 0
119400 0.000000 0
119408 0.000000 0
119415 0.000000 0
119422 0.000000 0
119430 0.000000 0
119438 0.000000 0
119445 0.229114 0
119452 0.236964 0
119460 0.000000 0
119468 0.137107 0
119475 0.377582 0
119482 0.263361 0
119490 0.000000 0
119498 0.000000 0
119505 0.000000 0
119512 0.000000 0
119520 0.000000 0
119528 0.000000 0
119535 0.000000 0
119542 0.000000 0
119550 0.000000 0
119558 0.000000 0
119565 0.000000 0
119572 0.000000 0
119580 0.000000 0
119588 0.000000 0
119595 0.140949 0
119602 0.000000 0
119610 0.000000 0
119618 0.000000 0
119625 0.000000 0
119632 0.000000 0
119640 0.368948 0
119648 0.707286 0
119655 0.556421 0
119662 0.000000 0
119670 0.000000 0
119678 0.000000 0
119685 0.000000 0
119692 0.356783 0
119700 0.000000 0
119708 0.000000 0
119715 0.213942 0
119722 0.000000 0
119730 0.000000 0
119738 0.000000 0
119745 0.000000 0
119752 0.000000 0
119760 0.000000 0
119768 0.000000 0
119775 0.000000 0
119782 0.000000 0
119790 0.000000 0
119798 0.000000 0
119805 0.000000 0
119812 0.000000 0
119820 0.000000 0
119828 0.000000 0
119835 0.000000 0
119842 0.000000 0
119850 0.000000 0
119858 0.000000 0
119865 0.000000 0
119872 0.000000 0
119880 0.000000 0
119888 0.000000 0
119895 0.000000 0
119902 0.000000 0
119910 0.281572 0
119918 0.322974 0
119925 0.424913 0
119932 0.575126 0
119940 0.184598 0
119948 0.353474 0
119955 0.398894 0
