291898 0.000000 0
291905 0.000000 0
291912 0.000000 0
291920 0.046220 0
291926 0.000000 0
291934 0.000000 0
291941 0.035160 0
291950 0.000000 0
291958 0.000000 0
291965 0.025310 0
291971 0.000000 0
291978 0.000000 0
291986 0.048460 0
291995 0.000000 0
292002 0.000000 0
292010 0.040960 0
292016 0.000000 0
292024 0.000000 0
292031 0.036010 0
292039 0.000000 0
292046 0.000000 0
292054 0.040590 0
292061 0.000000 0
292068 0.000000 0
292076 0.036010 0
292084 0.000000 0
292092 0.000000 0
292099 0.053700 0
292106 0.000000 0
292114 0.000000 0
292121 0.045040 0
292129 0.000000 0
292136 0.000000 0
292144 0.050630 0
292151 0.000000 0
292158 0.000000 0
292166 0.056870 0
292174 0.000000 0
292182 0.000000 0
292189 0.050630 0
292196 0.000000 0
292204 0.000000 0
292211 0.053410 1
292219 0.000000 0
292226 0.000000 0
292234 0.057540 1
292241 0.000000 0
292248 0.000000 0
292256 0.040770 1
292265 0.000000 0
292272 0.000000 0
292280 0.059360 1
292286 0.000000 0
292294 0.000000 0
292301 0.074310 1
292309 0.000000 0
292316 0.000000 0
292324 0.106480 0
292331 0.000000 0
292338 0.000000 0
292346 0.123640 0
292354 0.000000 0
292362 0.000000 0
292369 0.116790 0
292376 0.000000 0
292384 0.000000 0
292391 0.066290 0
292399 0.000000 0
292406 0.000000 0
292414 0.023760 0
292421 0.000000 0
292428 0.000000 0
292436 0.023760 0
292444 0.000000 0
292452 0.000000 0
292459 0.034930 0
292468 0.000000 0
292476 0.000000 0
292483 0.041340 0
292489 0.000000 0
292496 0.000000 0
292504 0.051380 0
292512 0.000000 0
292520 0.000000 0
292527 0.046220 0
292534 0.000000 0
292542 0.000000 0
292549 0.053410 0
292557 0.000000 0
292564 0.000000 0
292572 0.050480 0
292579 0.000000 0
292586 0.000000 0
292594 0.039250 0
292601 0.000000 0
292608 0.000000 0
292616 0.037460 0
292624 0.000000 0
292632 0.000000 0
292639 0.037460 0
292648 0.000000 0
292656 0.000000 0
292663 0.030990 0
292669 0.000000 0
292676 0.000000 0
292684 0.033600 0
292692 0.000000 0
292700 0.000000 0
292707 0.059240 0
292714 0.000000 0
292722 0.000000 0
292729 0.064880 0
292737 0.000000 0
292744 0.000000 0
292752 0.038070 0
292759 0.000000 0
292766 0.000000 0
292774 0.036420 0
292782 0.000000 0
292790 0.000000 0
292797 0.038070 0
292804 0.000000 0
292812 0.000000 0
292819 0.044880 0
292828 0.000000 0
292836 0.000000 0
292843 0.045210 0
292849 0.000000 0
292856 0.000000 0
292864 0.056730 0
292872 0.000000 0
292880 0.000000 0
292887 0.045380 0
292894 0.000000 0
292902 0.000000 0
292909 0.061390 0
292917 0.000000 0
292924 0.000000 0
292932 0.055920 0
292940 0.000000 0
292948 0.000000 0
292955 0.060880 0
292962 0.000000 0
292970 0.000000 0
292977 0.054400 0
292985 0.000000 0
292992 0.000000 0
293000 0.062850 0
293007 0.000000 0
293014 0.000000 0
293022 0.058060 0
293030 0.000000 0
293038 0.000000 0
293045 0.048630 0
293051 0.000000 0
293058 0.000000 0
293066 0.049090 0
293075 0.000000 0
293082 0.000000 0
293090 0.058200 0
293097 0.000000 0
293104 0.000000 0
293112 0.058060 0
293120 0.000000 0
293128 0.000000 0
293135 0.057800 0
293142 0.000000 0
293150 0.000000 0
293157 0.042970 0
293165 0.000000 0
293172 0.000000 0
293180 0.056060 0
293187 0.000000 0
293194 0.000000 0
293202 0.057660 0
293210 0.000000 0
293218 0.000000 0
293225 0.061510 0
293232 0.000000 0
293240 0.000000 0
293247 0.057400 0
293255 0.000000 0
293262 0.000000 0
293270 0.061260 0
293277 0.000000 0
293284 0.000000 0
293292 0.054120 0
293300 0.000000 0
293308 0.000000 0
293315 0.045040 0
293322 0.000000 0
293330 0.000000 0
293337 0.045210 0
293345 0.000000 0
293352 0.000000 0
293360 0.075750 0
293367 0.000000 0
293374 0.000000 0
293382 0.082760 0
293390 0.000000 0
293398 0.000000 0
293405 0.064770 0
293412 0.000000 0
293420 0.000000 0
293427 0.077040 0
293435 0.000000 0
293442 0.000000 0
293450 0.082760 0
293457 0.000000 0
293464 0.000000 0
293472 0.086110 0
293480 0.000000 0
293488 0.000000 0
293495 0.081380 0
293502 0.000000 0
293510 0.000000 0
293517 0.082490 0
293525 0.000000 0
293532 0.000000 0
293540 0.133320 0
293546 0.000000 0
293554 0.000000 0
293561 0.121220 0
293570 0.000000 0
293578 0.000000 0
293585 0.079760 0
293591 0.000000 0
293598 0.000000 0
293606 0.080520 0
293615 0.000000 0
293622 0.000000 0
293630 0.056200 0
293636 0.000000 0
293644 0.000000 0
293651 0.052840 0
293659 0.000000 0
293666 0.000000 0
293674 0.067430 0
293681 0.000000 0
293688 0.000000 0
293696 0.078420 0
293705 0.000000 0
293712 0.000000 0
293720 0.057010 0
293726 0.000000 0
293734 0.000000 0
293741 0.060880 0
293749 0.000000 0
293756 0.000000 0
293764 0.067770 0
293771 0.000000 0
293778 0.000000 0
293786 0.095750 0
293795 0.000000 0
293802 0.000000 0
293810 0.086730 0
293816 0.000000 0
293824 0.000000 0
293831 0.057400 0
293839 0.000000 0
293846 0.000000 0
293854 0.029220 0
293861 0.000000 0
293868 0.000000 0
293876 0.025600 0
293885 0.000000 0
293892 0.000000 0
293900 0.030240 0
293907 0.000000 0
293914 0.000000 0
293922 0.046370 0
293930 0.000000 0
293938 0.000000 0
293945 0.046220 0
293951 0.000000 0
293958 0.000000 0
293966 0.035370 0
293975 0.000000 0
293982 0.000000 0
293990 0.047670 0
293996 0.000000 0
294004 0.000000 0
294011 0.050630 0
294019 0.000000 0
294026 0.000000 0
294034 0.054120 0
294041 0.000000 0
294048 0.000000 0
294056 0.068100 0
294064 0.000000 0
294072 0.000000 0
294079 0.103040 0
294086 0.000000 0
294094 0.000000 0
294101 0.089160 0
294109 0.000000 0
294116 0.000000 0
294124 0.094560 0
294131 0.000000 0
294138 0.000000 0
294146 0.064650 0
294154 0.000000 0
294162 0.000000 0
294169 0.063710 0
294176 0.000000 0
294184 0.000000 0
294191 0.077530 0
294199 0.000000 0
294206 0.000000 0
294214 0.089850 0
294221 0.000000 0
294228 0.000000 0
294236 0.074110 0
294244 0.000000 0
294252 0.000000 0
294259 0.053560 0
294266 0.000000 0
294274 0.000000 0
294281 0.044010 0
294289 0.000000 0
294296 0.000000 0
294304 0.168600 0
294311 0.000000 0
294318 0.000000 0
294326 0.185950 0
294334 0.000000 0
294342 0.000000 0
294349 0.106900 0
294356 0.000000 0
294364 0.000000 0
294371 0.051220 0
294379 0.000000 0
294386 0.000000 0
294394 0.020660 0
294401 0.000000 0
294408 0.000000 0
294416 0.015120 0
294424 0.000000 0
294432 0.000000 0
294439 0.024700 0
294446 0.000000 0
294454 0.000000 0
294461 0.026780 0
294469 0.000000 0
294476 0.000000 0
294484 0.027050 0
294493 0.000000 0
294500 0.000000 0
294508 0.043490 0
294514 0.000000 0
294522 0.000000 0
294529 0.035580 0
294538 0.000000 0
294546 0.000000 0
294553 0.030750 0
294559 0.000000 0
294566 0.000000 0
294574 0.036010 0
294583 0.000000 0
294590 0.000000 0
294598 0.035160 0
294604 0.000000 0
294612 0.000000 0
294619 0.030750 0
294627 0.000000 0
294634 0.000000 0
294642 0.027050 0
294649 0.000000 0
294656 0.000000 0
294664 0.051070 0
294672 0.000000 0
294680 0.000000 0
294687 0.072450 0
294694 0.000000 0
294702 0.000000 0
294709 0.087340 0
294716 0.000000 0
294724 0.000000 0
294731 0.088900 0
294739 0.000000 0
294746 0.000000 0
294754 0.082950 0
294763 0.000000 0
294770 0.000000 0
294778 0.085130 0
294784 0.000000 0
294792 0.000000 0
294799 0.068770 0
294808 0.000000 0
294816 0.000000 0
294823 0.069760 0
294829 0.000000 0
294836 0.000000 0
294844 0.068990 0
294853 0.000000 0
294860 0.000000 0
294868 0.058850 0
294874 0.000000 0
294882 0.000000 0
294889 0.092520 0
294898 0.000000 0
294906 0.000000 0
294913 0.073490 0
294919 0.000000 0
294926 0.000000 0
294934 0.078220 0
294942 0.000000 0
294950 0.000000 0
294957 0.085570 0
294964 0.000000 0
294972 0.000000 0
294979 0.100720 0
294987 0.000000 0
294994 0.000000 0
295002 0.088730 0
295009 0.000000 0
295016 0.000000 0
295024 0.080140 0
295032 0.000000 0
295040 0.000000 0
295047 0.059240 0
295054 0.000000 0
295062 0.000000 0
295069 0.075230 0
295077 0.000000 0
295084 0.000000 0
295092 0.061750 0
295098 0.000000 0
295106 0.000000 0
295113 0.088120 0
295122 0.000000 0
295130 0.000000 0
295137 0.065480 0
295143 0.000000 0
295150 0.000000 0
295158 0.069210 0
295167 0.000000 0
295174 0.000000 0
295182 0.074830 0
295189 0.000000 0
295196 0.000000 0
295204 0.076040 0
295212 0.000000 0
295220 0.000000 0
295227 0.072020 0
295234 0.000000 0
295242 0.000000 0
295249 0.062500 0
295257 0.000000 0
295264 0.000000 0
295272 0.043140 0
295279 0.000000 0
295286 0.000000 0
295294 0.042970 0
295302 0.000000 0
295310 0.000000 0
295317 0.038670 0
295323 0.000000 0
295330 0.000000 0
295338 0.050020 0
295347 0.000000 0
295354 0.000000 0
295362 0.026780 0
295368 0.000000 0
295376 0.000000 0
295383 0.037260 0
295391 0.000000 0
295398 0.000000 0
295406 0.036220 0
295413 0.000000 0
295420 0.000000 0
295428 0.030500 0
295437 0.000000 0
295444 0.000000 0
295452 0.013520 0
295459 0.000000 0
295466 0.000000 0
295474 0.014600 0
295481 0.000000 0
295488 0.000000 0
295496 0.011050 0
295504 0.000000 0
295512 0.000000 0
295519 0.033830 0
295527 0.000000 0
295534 0.000000 0
295542 0.030750 0
295549 0.000000 0
295556 0.000000 0
295564 0.031970 0
295572 0.000000 0
295580 0.000000 0
295587 0.039440 0
295594 0.000000 0
295602 0.000000 0
295609 0.026780 0
295617 0.000000 0
295624 0.000000 0
295632 0.012950 0
295639 0.000000 0
295646 0.000000 0
295654 0.003910 0
295662 0.000000 0
295670 0.000000 0
295677 0.019130 0
295685 0.000000 0
295692 0.000000 0
295700 0.016100 0
295707 0.000000 0
295714 0.000000 0
295722 0.014080 0
295729 0.000000 0
295736 0.000000 0
295744 0.006760 0
295752 0.000000 0
295760 0.000000 0
295767 0.012340 0
295775 0.000000 0
295782 0.000000 0
295790 0.022770 0
295797 0.000000 0
295804 0.000000 0
295812 0.035160 0
295820 0.000000 0
295828 0.000000 0
295835 0.039060 0
295842 0.000000 0
295850 0.000000 0
295857 0.037460 0
295865 0.000000 0
295872 0.000000 0
295880 0.036420 0
295886 0.000000 0
295894 0.000000 0
295901 0.028430 0
295910 0.000000 0
295918 0.000000 0
295925 0.032210 0
295932 0.000000 0
295940 0.000000 0
295947 0.026490 0
295955 0.000000 0
295962 0.000000 0
295970 0.028430 0
295977 0.000000 0
295984 0.000000 0
295992 0.039830 0
296000 0.000000 0
296008 0.000000 0
296015 0.042600 0
296022 0.000000 0
296030 0.000000 0
296037 0.044360 0
296045 0.000000 0
296052 0.000000 0
296060 0.042970 0
296067 0.000000 0
296074 0.000000 0
296082 0.041150 0
296090 0.000000 0
296098 0.000000 0
296105 0.043140 0
296112 0.000000 0
296120 0.000000 0
296127 0.059490 0
296135 0.000000 0
296142 0.000000 0
296150 0.063580 0
296157 0.000000 0
296164 0.000000 0
296172 0.055510 0
296180 0.000000 0
296188 0.000000 0
296195 0.062120 0
296202 0.000000 0
296210 0.000000 0
296217 0.071270 0
296225 0.000000 0
296232 0.000000 0
296240 0.066870 0
296247 0.000000 0
296254 0.000000 0
296262 0.068210 0
296270 0.000000 0
296278 0.000000 0
296285 0.067660 0
296292 0.000000 0
296300 0.000000 0
296307 0.065930 0
296315 0.000000 0
296322 0.000000 0
296330 0.069320 0
296337 0.000000 0
296344 0.000000 0
296352 0.056340 0
296360 0.000000 0
296368 0.000000 0
296375 0.038470 0
296382 0.000000 0
296390 0.000000 0
296397 0.034490 0
296405 0.000000 0
296412 0.000000 0
296420 0.036420 0
296427 0.000000 0
296434 0.000000 0
296442 0.037460 0
296450 0.000000 0
296458 0.000000 0
296465 0.029740 0
296471 0.000000 0
296478 0.000000 0
296486 0.034930 0
296495 0.000000 0
296502 0.000000 0
296510 0.046710 0
296517 0.000000 0
296524 0.000000 0
296532 0.038270 0
296540 0.000000 0
296548 0.000000 0
296555 0.039640 0
296561 0.000000 0
296568 0.000000 0
296576 0.040770 0
296585 0.000000 0
296592 0.000000 0
296600 0.074220 0
296607 0.000000 0
296614 0.000000 0
296622 0.064060 0
296630 0.000000 0
296638 0.000000 0
296645 0.064300 0
296652 0.000000 0
296660 0.000000 0
296667 0.072540 0
296675 0.000000 0
296682 0.000000 0
296690 0.073380 0
296697 0.000000 0
296704 0.000000 0
296712 0.053830 0
296720 0.000000 0
296728 0.000000 0
296735 0.077620 0
296742 0.000000 0
296750 0.000000 0
296757 0.080990 0
296763 0.000000 0
296770 0.000000 0
296778 0.085480 0
296786 0.000000 0
296794 0.000000 0
296801 0.087510 0
296808 0.000000 0
296816 0.000000 0
296823 0.065250 0
296831 0.000000 0
296838 0.000000 0
296846 0.064880 0
296854 0.000000 0
296862 0.000000 0
296869 0.055790 0
296876 0.000000 0
296884 0.000000 0
296891 0.035160 0
296899 0.000000 0
296906 0.000000 0
296914 0.027890 0
296921 0.000000 0
296928 0.000000 0
296936 0.030990 0
296944 0.000000 0
296952 0.000000 0
296959 0.052980 0
296966 0.000000 0
296974 0.000000 0
296981 0.042070 0
296989 0.000000 0
296996 0.000000 0
297004 0.052110 0
297011 0.000000 0
297018 0.000000 0
297026 0.049560 0
297035 0.000000 0
297042 0.000000 0
297050 0.058980 0
297056 0.000000 0
297064 0.000000 0
297071 0.058460 0
297079 0.000000 0
297086 0.000000 0
297094 0.056060 0
297101 0.000000 0
297108 0.000000 0
297116 0.066970 0
297124 0.000000 0
297132 0.000000 0
297139 0.085040 0
297146 0.000000 0
297154 0.000000 0
297161 0.079960 0
297169 0.000000 0
297176 0.000000 0
297184 0.071270 0
297193 0.000000 0
297200 0.000000 0
297208 0.063460 0
297214 0.000000 0
297222 0.000000 0
297229 0.075330 0
297238 0.000000 0
297246 0.000000 0
297253 0.082950 0
297259 0.000000 0
297266 0.000000 0
297274 0.082310 0
297283 0.000000 0
297290 0.000000 0
297298 0.053560 0
297304 0.000000 0
297312 0.000000 0
297319 0.053270 0
297327 0.000000 0
297334 0.000000 0
297342 0.040410 0
297349 0.000000 0
297356 0.000000 0
297364 0.039830 0
297372 0.000000 0
297380 0.000000 0
297387 0.040410 0
297394 0.000000 0
297402 0.000000 0
297409 0.036640 0
297417 0.000000 0
297424 0.000000 0
297432 0.048160 0
297439 0.000000 0
297446 0.000000 0
297454 0.051960 0
297462 0.000000 0
297470 0.000000 0
297477 0.053120 0
297485 0.000000 0
297492 0.000000 0
297500 0.053270 0
297507 0.000000 0
297514 0.000000 0
297522 0.077440 0
297530 0.000000 0
297538 0.000000 0
297545 0.077240 0
297552 0.000000 0
297560 0.000000 0
297567 0.063100 0
297575 0.000000 0
297582 0.000000 0
297590 0.074720 0
297596 0.000000 0
297604 0.000000 0
297611 0.074110 0
297619 0.000000 0
297626 0.000000 0
297634 0.070310 0
297641 0.000000 0
297648 0.000000 0
297656 0.069540 0
297664 0.000000 0
297672 0.000000 0
297679 0.067200 0
297687 0.000000 0
297694 0.000000 0
297702 0.086380 0
297709 0.000000 0
297716 0.000000 0
297724 0.081650 0
297731 0.000000 0
297738 0.000000 0
297746 0.065480 0
297754 0.000000 0
297762 0.000000 0
297769 0.049710 0
297776 0.000000 0
297784 0.000000 0
297791 0.044530 0
297799 0.000000 0
297806 0.000000 0
297814 0.018310 0
297821 0.000000 0
297828 0.000000 0
297836 0.013520 0
297844 0.000000 0
297852 0.000000 0
297859 0.016570 0
297866 0.000000 0
297874 0.000000 0
297881 0.027890 0
297889 0.000000 0
297896 0.000000 0
297904 0.039250 0
297912 0.000000 0
297920 0.000000 0
297927 0.043840 0
297934 0.000000 0
297942 0.000000 0
297949 0.038470 0
297957 0.000000 0
297964 0.000000 0
297972 0.058720 0
297979 0.000000 0
297986 0.000000 0
297994 0.059490 0
298002 0.000000 0
298010 0.000000 0
298017 0.066510 0
298024 0.000000 0
298032 0.000000 0
298039 0.071810 0
298046 0.000000 0
298054 0.000000 0
298061 0.076140 0
298068 0.000000 0
298076 0.000000 0
298083 0.088470 0
298092 0.000000 0
298100 0.000000 0
298107 0.073590 0
298113 0.000000 0
298120 0.000000 0
298128 0.057400 0
298137 0.000000 0
298144 0.000000 0
298152 0.071170 0
298159 0.000000 0
298166 0.000000 0
298174 0.071060 0
298182 0.000000 0
298190 0.000000 0
298197 0.075330 0
298204 0.000000 0
298212 0.000000 0
298219 0.061390 0
298227 0.000000 0
298234 0.000000 0
298242 0.055790 0
298249 0.000000 0
298256 0.000000 0
298264 0.053120 0
298272 0.000000 0
298280 0.000000 0
298287 0.060260 0
298295 0.000000 0
298302 0.000000 0
298310 0.052260 0
298316 0.000000 0
298324 0.000000 0
298331 0.049260 0
298339 0.000000 0
298346 0.000000 0
298354 0.059490 0
298362 0.000000 0
298370 0.000000 0
298377 0.052400 0
298385 0.000000 0
298392 0.000000 0
298400 0.049260 0
298407 0.000000 0
298414 0.000000 0
298422 0.044530 0
298430 0.000000 0
298438 0.000000 0
298445 0.067200 0
298451 0.000000 0
298458 0.000000 0
298466 0.065930 0
298474 0.000000 0
298482 0.000000 0
298489 0.060880 0
298496 0.000000 0
298504 0.000000 0
298511 0.065580 0
298519 0.000000 0
298526 0.000000 0
298534 0.083960 0
298541 0.000000 0
298548 0.000000 0
298556 0.078020 0
298564 0.000000 0
298572 0.000000 0
298579 0.070850 0
298586 0.000000 0
298594 0.000000 0
298601 0.054260 0
298610 0.000000 0
298618 0.000000 0
298625 0.062610 0
298631 0.000000 0
298638 0.000000 0
298646 0.064060 0
298654 0.000000 0
298662 0.000000 0
298669 0.069540 0
298676 0.000000 0
298684 0.000000 0
298691 0.054830 0
298699 0.000000 0
298706 0.000000 0
298714 0.058850 0
298722 0.000000 0
298730 0.000000 0
298737 0.056870 0
298744 0.000000 0
298752 0.000000 0
298759 0.034270 0
298766 0.000000 0
298774 0.000000 0
298781 0.044190 0
298789 0.000000 0
298796 0.000000 0
298804 0.062500 0
298812 0.000000 0
298820 0.000000 0
298827 0.078020 0
298834 0.000000 0
298842 0.000000 0
298849 0.073080 0
298857 0.000000 0
298864 0.000000 0
298872 0.066640 0
298879 0.000000 0
298886 0.000000 0
298894 0.072020 0
298901 0.000000 0
298908 0.000000 0
298916 0.072450 0
298923 0.000000 0
298930 0.000000 0
298938 0.076840 0
298947 0.000000 0
298954 0.000000 0
298962 0.081090 0
298969 0.000000 0
298976 0.000000 0
298984 0.084140 0
298992 0.000000 0
299000 0.000000 0
299007 0.078020 0
299014 0.000000 0
299022 0.000000 0
299029 0.063710 0
299037 0.000000 0
299044 0.000000 0
299052 0.052840 0
299059 0.000000 0
299066 0.000000 0
299074 0.045040 0
299082 0.000000 0
299090 0.000000 0
299097 0.056870 0
299104 0.000000 0
299112 0.000000 0
299119 0.070420 0
299128 0.000000 0
299136 0.000000 0
299143 0.067990 0
299150 0.000000 0
299158 0.000000 0
299165 0.064300 0
299172 0.000000 0
299180 0.000000 0
299187 0.055920 0
299195 0.000000 0
299202 0.000000 0
299210 0.050780 0
299216 0.000000 0
299224 0.000000 0
299231 0.033600 0
299240 0.000000 0
299248 0.000000 0
299255 0.046370 0
299261 0.000000 0
299268 0.000000 0
299276 0.057270 0
299285 0.000000 0
299292 0.000000 0
299300 0.070530 0
299307 0.000000 0
299314 0.000000 0
299322 0.067080 0
299330 0.000000 0
299338 0.000000 0
299345 0.053410 0
299352 0.000000 0
299360 0.000000 0
299367 0.048780 0
299375 0.000000 0
299382 0.000000 0
299390 0.044530 0
299396 0.000000 0
299404 0.000000 0
299411 0.056600 0
299420 0.000000 0
299428 0.000000 0
299435 0.060140 0
299441 0.000000 0
299448 0.000000 0
299456 0.039440 0
299464 0.000000 0
299472 0.000000 0
299479 0.082760 0
299486 0.000000 0
299494 0.000000 0
299501 0.128310 0
299509 0.000000 0
299516 0.000000 0
299524 0.128190 0
299531 0.000000 0
299538 0.000000 0
299546 0.075030 0
299554 0.000000 0
299562 0.000000 0
299569 0.050320 0
299576 0.000000 0
299584 0.000000 0
299591 0.054960 0
299599 0.000000 0
299606 0.000000 0
299614 0.072130 0
299621 0.000000 0
299628 0.000000 0
299636 0.084410 0
299644 0.000000 0
299652 0.000000 0
299659 0.104160 0
299666 0.000000 0
299674 0.000000 0
299681 0.094960 0
299689 0.000000 0
299696 0.000000 0
299704 0.091190 0
299711 0.000000 0
299718 0.000000 0
299726 0.082490 0
299734 0.000000 0
299742 0.000000 0
299749 0.071060 0
299756 0.000000 0
299764 0.000000 0
299771 0.079380 0
299779 0.000000 0
299786 0.000000 0
299794 0.074720 0
299801 0.000000 0
299808 0.000000 0
299816 0.062000 0
299824 0.000000 0
299832 0.000000 0
299839 0.067540 0
299846 0.000000 0
299854 0.000000 0
299861 0.055790 0
299869 0.000000 0
299876 0.000000 0
299884 0.054830 0
299891 0.000000 0
299898 0.000000 0
299906 0.035370 0
299914 0.000000 0
299922 0.000000 0
299929 0.018310 0
299936 0.000000 0
299944 0.000000 0
299951 0.019910 0
299959 0.000000 0
299966 0.000000 0
299974 0.019530 1
299981 0.000000 0
299988 0.000000 0
299996 0.034270 1
300004 0.000000 0
300012 0.000000 0
300019 0.025910 1
300026 0.000000 0
300034 0.000000 0
300041 0.018310 1
300050 0.000000 0
300058 0.000000 0
300065 0.023100 1
300071 0.000000 0
300078 0.000000 0
300086 0.094070 1
300094 0.000000 0
300102 0.000000 0
300109 0.073270 1
300116 0.000000 0
300124 0.000000 0
300131 0.091600 1
300139 0.000000 0
300146 0.000000 0
300154 0.068770 1
300161 0.000000 0
300168 0.000000 0
300176 0.081090 1
300184 0.000000 0
300192 0.000000 0
300199 0.071920 1
300206 0.000000 0
300214 0.000000 0
300221 0.062970 1
300229 0.000000 0
300236 0.000000 0
300244 0.055510 1
300253 0.000000 0
300260 0.000000 0
300268 0.030500 1
300274 0.000000 0
300282 0.000000 0
300289 0.030750 1
300297 0.000000 0
300304 0.000000 0
300312 0.040410 1
300319 0.000000 0
300326 0.000000 0
300334 0.047990 1
300342 0.000000 0
300350 0.000000 0
300357 0.051070 1
300364 0.000000 0
300372 0.000000 0
300379 0.061260 1
300387 0.000000 0
300394 0.000000 0
300402 0.058060 1
300409 0.000000 0
300416 0.000000 0
300424 0.067870 1
300433 0.000000 0
300440 0.000000 0
300448 0.069760 1
300454 0.000000 0
300462 0.000000 0
300469 0.060640 1
300478 0.000000 0
300486 0.000000 0
300493 0.056340 1
300499 0.000000 0
300506 0.000000 0
300514 0.051820 1
300522 0.000000 0
300530 0.000000 0
300537 0.040770 1
300544 0.000000 0
300552 0.000000 0
300559 0.048460 1
300566 0.000000 0
300574 0.000000 0
300581 0.058850 1
300589 0.000000 0
300596 0.000000 0
300604 0.044710 1
300613 0.000000 0
300620 0.000000 0
300628 0.054690 1
300634 0.000000 0
300642 0.000000 0
300649 0.088030 1
300658 0.000000 0
300666 0.000000 0
300673 0.084600 1
300679 0.000000 0
300686 0.000000 0
300694 0.081560 1
300703 0.000000 0
300710 0.000000 0
300718 0.076230 1
300724 0.000000 0
300732 0.000000 0
300739 0.061880 1
300747 0.000000 0
300754 0.000000 0
300762 0.064180 1
300769 0.000000 0
300776 0.000000 0
300784 0.065930 1
300791 0.000000 0
300798 0.000000 0
300806 0.057940 1
300813 0.000000 0
300820 0.000000 0
300828 0.065710 1
300836 0.000000 0
300844 0.000000 0
300851 0.064420 1
300858 0.000000 0
300866 0.000000 0
300873 0.051510 1
300881 0.000000 0
300888 0.000000 0
300896 0.053970 1
300903 0.000000 0
300910 0.000000 0
300918 0.053700 1
300927 0.000000 0
300934 0.000000 0
300942 0.047520 1
300948 0.000000 0
300956 0.000000 0
300963 0.051820 1
300972 0.000000 0
300980 0.000000 0
300987 0.043490 1
300993 0.000000 0
301000 0.000000 0
301008 0.054120 1
301017 0.000000 0
301024 0.000000 0
301032 0.044010 1
301039 0.000000 0
301046 0.000000 0
301054 0.031250 1
301062 0.000000 0
301070 0.000000 0
301077 0.049870 1
301083 0.000000 0
301090 0.000000 0
301098 0.054960 1
301106 0.000000 0
301114 0.000000 0
301121 0.068990 1
301128 0.000000 0
301136 0.000000 0
301143 0.047840 1
301152 0.000000 0
301160 0.000000 0
301167 0.037050 1
301173 0.000000 0
301180 0.000000 0
301188 0.040210 1
301197 0.000000 0
301204 0.000000 0
301212 0.035160 1
301218 0.000000 0
301226 0.000000 0
301233 0.038070 1
301241 0.000000 0
301248 0.000000 0
301256 0.027620 1
301263 0.000000 0
301270 0.000000 0
301278 0.035580 1
301286 0.000000 0
301294 0.000000 0
301301 0.032670 1
301308 0.000000 0
301316 0.000000 0
301323 0.037660 1
301331 0.000000 0
301338 0.000000 0
301346 0.045880 1
301353 0.000000 0
301360 0.000000 0
301368 0.060880 1
301376 0.000000 0
301384 0.000000 0
301391 0.060880 1
301398 0.000000 0
301406 0.000000 0
301413 0.051820 1
301421 0.000000 0
301428 0.000000 0
301436 0.044530 1
301443 0.000000 0
301450 0.000000 0
301458 0.051070 1
301466 0.000000 0
301474 0.000000 0
301481 0.047030 1
301488 0.000000 0
301496 0.000000 0
301503 0.058460 1
301511 0.000000 0
301518 0.000000 0
301526 0.050020 1
301533 0.000000 0
301540 0.000000 0
301548 0.060880 1
301556 0.000000 0
301564 0.000000 0
301571 0.055370 1
301578 0.000000 0
301586 0.000000 0
301593 0.066640 1
301602 0.000000 0
301610 0.000000 0
301617 0.076650 1
301623 0.000000 0
301630 0.000000 0
301638 0.072020 1
301646 0.000000 0
301654 0.000000 0
301661 0.052110 1
301668 0.000000 0
301676 0.000000 0
301683 0.050920 1
301692 0.000000 0
301700 0.000000 0
301707 0.066290 1
301713 0.000000 0
301720 0.000000 0
301728 0.048780 1
301737 0.000000 0
301744 0.000000 0
301752 0.042420 1
301758 0.000000 0
301766 0.000000 0
301773 0.058200 1
301782 0.000000 0
301790 0.000000 0
301797 0.042420 1
301804 0.000000 0
301812 0.000000 0
301819 0.047350 1
301827 0.000000 0
301834 0.000000 0
301842 0.047030 1
301849 0.000000 0
301856 0.000000 0
301864 0.042250 1
301871 0.000000 0
301878 0.000000 0
301886 0.037660 1
301893 0.000000 0
301900 0.000000 0
301908 0.031720 1
301916 0.000000 0
301924 0.000000 0
301931 0.030750 1
301938 0.000000 0
301946 0.000000 0
301953 0.026490 1
301961 0.000000 0
301968 0.000000 0
301976 0.027620 1
301985 0.000000 0
301992 0.000000 0
302000 0.039640 1
302006 0.000000 0
302014 0.000000 0
302021 0.068540 1
302030 0.000000 0
302038 0.000000 0
302045 0.049710 1
302051 0.000000 0
302058 0.000000 0
302066 0.056600 1
302073 0.000000 0
302080 0.000000 0
302088 0.044010 1
302096 0.000000 0
302104 0.000000 0
302111 0.041150 1
302120 0.000000 0
302128 0.000000 0
302135 0.040020 1
302142 0.000000 0
302150 0.000000 0
302157 0.039440 1
302165 0.000000 0
302172 0.000000 0
302180 0.041890 1
302187 0.000000 0
302194 0.000000 0
302202 0.036640 1
302210 0.000000 0
302218 0.000000 0
302225 0.042420 1
302232 0.000000 0
302240 0.000000 0
302247 0.052690 1
302255 0.000000 0
302262 0.000000 0
302270 0.037460 1
302277 0.000000 0
302284 0.000000 0
302292 0.032440 1
302300 0.000000 0
302308 0.000000 0
302315 0.036010 1
302322 0.000000 0
302330 0.000000 0
302337 0.045210 1
302345 0.000000 0
302352 0.000000 0
302360 0.050170 1
302367 0.000000 0
302374 0.000000 0
302382 0.050480 1
302390 0.000000 0
302398 0.000000 0
302405 0.054960 1
302412 0.000000 0
302420 0.000000 0
302427 0.065250 1
302435 0.000000 0
302442 0.000000 0
302450 0.059240 1
302457 0.000000 0
302464 0.000000 0
302472 0.057660 1
302480 0.000000 0
302488 0.000000 0
302495 0.083410 1
302502 0.000000 0
302510 0.000000 0
302517 0.086110 1
302525 0.000000 0
302532 0.000000 0
302540 0.076740 1
302547 0.000000 0
302554 0.000000 0
302562 0.070310 1
302570 0.000000 0
302578 0.000000 0
302585 0.084860 1
302592 0.000000 0
302600 0.000000 0
302607 0.075140 1
302615 0.000000 0
302622 0.000000 0
302630 0.067770 1
302637 0.000000 0
302644 0.000000 0
302652 0.050920 1
302660 0.000000 0
302668 0.000000 0
302675 0.054400 1
302681 0.000000 0
302688 0.000000 0
302696 0.048780 1
302705 0.000000 0
302712 0.000000 0
302720 0.042600 1
302727 0.000000 0
302734 0.000000 0
302742 0.039440 1
302750 0.000000 0
302758 0.000000 0
302765 0.080140 1
302772 0.000000 0
302780 0.000000 0
302787 0.088120 1
302795 0.000000 0
302802 0.000000 0
302810 0.076650 1
302816 0.000000 0
302824 0.000000 0
302831 0.062610 1
302840 0.000000 0
302848 0.000000 0
302855 0.038670 1
302861 0.000000 0
302868 0.000000 0
302876 0.042970 1
302883 0.000000 0
302890 0.000000 0
302898 0.048460 1
302907 0.000000 0
302914 0.000000 0
302922 0.054960 1
302930 0.000000 0
302938 0.000000 0
302945 0.045040 1
302952 0.000000 0
302960 0.000000 0
302967 0.039250 1
302974 0.000000 0
302982 0.000000 0
302989 0.040210 1
302996 0.000000 0
303004 0.000000 0
303011 0.043490 1
303020 0.000000 0
303028 0.000000 0
303035 0.037050 1
303041 0.000000 0
303048 0.000000 0
303056 0.051070 1
303065 0.000000 0
303072 0.000000 0
303080 0.055790 1
303086 0.000000 0
303094 0.000000 0
303101 0.056460 1
303110 0.000000 0
303118 0.000000 0
303125 0.059620 1
303131 0.000000 0
303138 0.000000 0
303146 0.055790 1
303154 0.000000 0
303162 0.000000 0
303169 0.055240 1
303176 0.000000 0
303184 0.000000 0
303191 0.070420 1
303200 0.000000 0
303208 0.000000 0
303215 0.059750 1
303221 0.000000 0
303228 0.000000 0
303236 0.053700 1
303245 0.000000 0
303252 0.000000 0
303260 0.043670 1
303266 0.000000 0
303274 0.000000 0
303281 0.078420 1
303290 0.000000 0
303298 0.000000 0
303305 0.069980 1
303312 0.000000 0
303320 0.000000 0
303327 0.052840 1
303335 0.000000 0
303342 0.000000 0
303350 0.055510 1
303356 0.000000 0
303364 0.000000 0
303371 0.055650 1
303380 0.000000 0
303388 0.000000 0
303395 0.052110 1
303401 0.000000 0
303408 0.000000 0
303416 0.044530 1
303424 0.000000 0
303432 0.000000 0
303439 0.049710 1
303446 0.000000 0
303454 0.000000 0
303461 0.036640 1
303469 0.000000 0
303476 0.000000 0
303484 0.027890 1
303491 0.000000 0
303498 0.000000 0
303506 0.032210 1
303514 0.000000 0
303522 0.000000 0
303529 0.032440 1
303536 0.000000 0
303544 0.000000 0
303551 0.042250 1
303559 0.000000 0
303566 0.000000 0
303574 0.032910 1
303581 0.000000 0
303588 0.000000 0
303596 0.027620 1
303604 0.000000 0
303612 0.000000 0
303619 0.029480 1
303626 0.000000 0
303634 0.000000 0
303641 0.026200 1
303649 0.000000 0
303656 0.000000 0
303664 0.060380 1
303671 0.000000 0
303678 0.000000 0
303686 0.066510 1
303694 0.000000 0
303702 0.000000 0
303709 0.040770 1
303716 0.000000 0
303724 0.000000 0
303731 0.047840 1
303739 0.000000 0
303746 0.000000 0
303754 0.041520 1
303761 0.000000 0
303768 0.000000 0
303776 0.033830 1
303784 0.000000 0
303792 0.000000 0
303799 0.035800 1
303806 0.000000 0
303814 0.000000 0
303821 0.030750 1
303829 0.000000 0
303836 0.000000 0
303844 0.028700 1
303851 0.000000 0
303858 0.000000 0
303866 0.023760 1
303874 0.000000 0
303882 0.000000 0
303889 0.018310 1
303896 0.000000 0
303904 0.000000 0
303911 0.046540 1
303919 0.000000 0
303926 0.000000 0
303934 0.049710 1
303941 0.000000 0
303948 0.000000 0
303956 0.050630 1
303964 0.000000 0
303972 0.000000 0
303979 0.054120 1
303986 0.000000 0
303994 0.000000 0
304001 0.051960 1
304009 0.000000 0
304016 0.000000 0
304024 0.065830 1
304031 0.000000 0
304038 0.000000 0
304046 0.059360 1
304054 0.000000 0
304062 0.000000 0
304069 0.065830 1
304076 0.000000 0
304084 0.000000 0
304091 0.054960 1
304100 0.000000 0
304108 0.000000 0
304115 0.060380 1
304121 0.000000 0
304128 0.000000 0
304136 0.075530 1
304144 0.000000 0
304152 0.000000 0
304159 0.058200 1
304166 0.000000 0
304174 0.000000 0
304181 0.060000 1
304189 0.000000 0
304196 0.000000 0
304204 0.060000 1
304211 0.000000 0
304218 0.000000 0
304226 0.044530 1
304235 0.000000 0
304242 0.000000 0
304250 0.049090 1
304256 0.000000 0
304264 0.000000 0
304271 0.052550 1
304279 0.000000 0
304286 0.000000 0
304294 0.060880 1
304301 0.000000 0
304308 0.000000 0
304316 0.064420 1
304324 0.000000 0
304332 0.000000 0
304339 0.054120 1
304346 0.000000 0
304354 0.000000 0
304361 0.045210 1
304369 0.000000 0
304376 0.000000 0
304384 0.072860 1
304391 0.000000 0
304398 0.000000 0
304406 0.090420 1
304414 0.000000 0
304422 0.000000 0
304429 0.068880 1
304436 0.000000 0
304444 0.000000 0
304451 0.033600 1
304459 0.000000 0
304466 0.000000 0
304474 0.023100 1
304481 0.000000 0
304488 0.000000 0
304496 0.020290 1
304504 0.000000 0
304512 0.000000 0
304519 0.035160 1
304526 0.000000 0
304534 0.000000 0
304541 0.032210 1
304549 0.000000 0
304556 0.000000 0
304564 0.039250 1
304571 0.000000 0
304578 0.000000 0
304586 0.053410 1
304594 0.000000 0
304602 0.000000 0
304609 0.060260 1
304616 0.000000 0
304624 0.000000 0
304631 0.105900 1
304639 0.000000 0
304646 0.000000 0
304654 0.095430 1
304661 0.000000 0
304668 0.000000 0
304676 0.066160 1
304685 0.000000 0
304692 0.000000 0
304700 0.056460 1
304706 0.000000 0
304714 0.000000 0
304721 0.060500 1
304729 0.000000 0
304736 0.000000 0
304744 0.061510 1
304751 0.000000 0
304758 0.000000 0
304766 0.047030 1
304774 0.000000 0
304782 0.000000 0
304789 0.059360 1
304796 0.000000 0
304804 0.000000 0
304811 0.051670 1
304819 0.000000 0
304826 0.000000 0
304834 0.045720 1
304841 0.000000 0
304848 0.000000 0
304856 0.064060 1
304864 0.000000 0
304872 0.000000 0
304879 0.057660 1
304886 0.000000 0
304894 0.000000 0
304901 0.076140 1
304909 0.000000 0
304916 0.000000 0
304924 0.066160 1
304932 0.000000 0
304940 0.000000 0
304947 0.062850 1
304954 0.000000 0
304962 0.000000 0
304969 0.062730 1
304977 0.000000 0
304984 0.000000 0
304992 0.066640 1
304999 0.000000 0
305006 0.000000 0
305014 0.043670 1
305022 0.000000 0
305030 0.000000 0
305037 0.031970 1
305044 0.000000 0
305052 0.000000 0
305059 0.028960 1
305067 0.000000 0
305074 0.000000 0
305082 0.034490 1
305089 0.000000 0
305096 0.000000 0
305104 0.028960 1
305112 0.000000 0
305120 0.000000 0
305127 0.035580 1
305133 0.000000 0
305140 0.000000 0
305148 0.036420 1
305157 0.000000 0
305164 0.000000 0
305172 0.040020 1
305179 0.000000 0
305186 0.000000 0
305194 0.032670 1
305202 0.000000 0
305210 0.000000 0
305217 0.028430 1
305224 0.000000 0
305232 0.000000 0
305239 0.047030 1
305247 0.000000 0
305254 0.000000 0
305262 0.049090 1
305269 0.000000 0
305276 0.000000 0
305284 0.034710 1
305291 0.000000 0
305298 0.000000 0
305306 0.046710 1
305314 0.000000 0
305322 0.000000 0
305329 0.062730 1
305337 0.000000 0
305344 0.000000 0
305352 0.056600 1
305360 0.000000 0
305368 0.000000 0
305375 0.054830 1
305382 0.000000 0
305390 0.000000 0
305397 0.065250 1
305404 0.000000 0
305412 0.000000 0
305419 0.045040 1
305427 0.000000 0
305434 0.000000 0
305442 0.045210 1
305448 0.000000 0
305456 0.000000 0
305463 0.038470 1
305472 0.000000 0
305480 0.000000 0
305487 0.056060 1
305493 0.000000 0
305500 0.000000 0
305508 0.042070 1
305517 0.000000 0
305524 0.000000 0
305532 0.041150 1
305538 0.000000 0
305546 0.000000 0
305553 0.042420 1
305562 0.000000 0
305570 0.000000 0
305577 0.068540 1
305583 0.000000 0
305590 0.000000 0
305598 0.067990 1
305606 0.000000 0
305614 0.000000 0
305621 0.049710 1
305628 0.000000 0
305636 0.000000 0
305643 0.038670 1
305651 0.000000 0
305658 0.000000 0
305666 0.027050 1
305673 0.000000 0
305680 0.000000 0
305688 0.022100 1
305697 0.000000 0
305704 0.000000 0
305712 0.029480 1
305718 0.000000 0
305726 0.000000 0
305733 0.041520 1
305742 0.000000 0
305750 0.000000 0
305757 0.024380 1
305763 0.000000 0
305770 0.000000 0
305778 0.018720 1
305787 0.000000 0
305794 0.000000 0
305802 0.032670 1
305808 0.000000 0
305816 0.000000 0
305823 0.041700 1
305831 0.000000 0
305838 0.000000 0
305846 0.039830 1
305853 0.000000 0
305860 0.000000 0
305868 0.041520 1
305877 0.000000 0
305884 0.000000 0
305892 0.066160 1
305898 0.000000 0
305906 0.000000 0
305913 0.052260 1
305921 0.000000 0
305928 0.000000 0
305936 0.040410 1
305943 0.000000 0
305950 0.000000 0
305958 0.050920 1
305966 0.000000 0
305974 0.000000 0
305981 0.044190 1
305988 0.000000 0
305996 0.000000 0
306003 0.040960 1
306011 0.000000 0
306018 0.000000 0
306026 0.045550 1
306033 0.000000 0
306040 0.000000 0
306048 0.059620 1
306057 0.000000 0
306064 0.000000 0
306072 0.062000 1
306079 0.000000 0
306086 0.000000 0
306094 0.062500 1
306102 0.000000 0
306110 0.000000 0
306117 0.069430 1
306124 0.000000 0
306132 0.000000 0
306139 0.047840 1
306147 0.000000 0
306154 0.000000 0
306162 0.093900 1
306169 0.000000 0
306176 0.000000 0
306184 0.064530 1
306192 0.000000 0
306200 0.000000 0
306207 0.055510 1
306214 0.000000 0
306222 0.000000 0
306229 0.063710 1
306237 0.000000 0
306244 0.000000 0
306252 0.051380 1
306259 0.000000 0
306266 0.000000 0
306274 0.064180 1
306281 0.000000 0
306288 0.000000 0
306296 0.068440 1
306304 0.000000 0
306312 0.000000 0
306319 0.040410 1
306327 0.000000 0
306334 0.000000 0
306342 0.035580 1
306348 0.000000 0
306356 0.000000 0
306363 0.047990 1
306372 0.000000 0
306380 0.000000 0
306387 0.059490 1
306393 0.000000 0
306400 0.000000 0
306408 0.047520 1
306416 0.000000 0
306424 0.000000 0
306431 0.045720 1
306438 0.000000 0
306446 0.000000 0
306453 0.049710 1
306461 0.000000 0
306468 0.000000 0
306476 0.048460 1
306483 0.000000 0
306490 0.000000 0
306498 0.069980 1
306506 0.000000 0
306514 0.000000 0
306521 0.074010 1
306528 0.000000 0
306536 0.000000 0
306543 0.056870 1
306551 0.000000 0
306558 0.000000 0
306566 0.070740 1
306573 0.000000 0
306580 0.000000 0
306588 0.045720 1
306596 0.000000 0
306604 0.000000 0
306611 0.053270 1
306619 0.000000 0
306626 0.000000 0
306634 0.060260 1
306642 0.000000 0
306650 0.000000 0
306657 0.043140 1
306664 0.000000 0
306672 0.000000 0
306679 0.047670 1
306687 0.000000 0
306694 0.000000 0
306702 0.044010 1
306709 0.000000 0
306716 0.000000 0
306724 0.046710 1
306732 0.000000 0
306740 0.000000 0
306747 0.039440 1
306753 0.000000 0
306760 0.000000 0
306768 0.045380 1
306777 0.000000 0
306784 0.000000 0
306792 0.068330 1
306798 0.000000 0
306806 0.000000 0
306813 0.045040 1
306822 0.000000 0
306830 0.000000 0
306837 0.032910 1
306843 0.000000 0
306850 0.000000 0
306858 0.077130 1
306866 0.000000 0
306874 0.000000 0
306881 0.050170 1
306888 0.000000 0
306896 0.000000 0
306903 0.050020 1
306912 0.000000 0
306920 0.000000 0
306927 0.072760 1
306934 0.000000 0
306942 0.000000 0
306949 0.062730 1
306957 0.000000 0
306964 0.000000 0
306972 0.062000 1
306979 0.000000 0
306986 0.000000 0
306994 0.048160 1
307002 0.000000 0
307010 0.000000 0
307017 0.063220 1
307024 0.000000 0
307032 0.000000 0
307039 0.072970 1
307047 0.000000 0
307054 0.000000 0
307062 0.074530 1
307068 0.000000 0
307076 0.000000 0
307083 0.082120 1
307092 0.000000 0
307100 0.000000 0
307107 0.080810 1
307113 0.000000 0
307120 0.000000 0
307128 0.082490 1
307136 0.000000 0
307144 0.000000 0
307151 0.071490 1
307158 0.000000 0
307166 0.000000 0
307173 0.063100 1
307182 0.000000 0
307190 0.000000 0
307197 0.043840 1
307204 0.000000 0
307212 0.000000 0
307219 0.040410 1
307227 0.000000 0
307234 0.000000 0
307242 0.062000 1
307249 0.000000 0
307256 0.000000 0
307264 0.031480 1
307271 0.000000 0
307278 0.000000 0
307286 0.038860 1
307294 0.000000 0
307302 0.000000 0
307309 0.022430 1
307316 0.000000 0
307324 0.000000 0
307331 0.042420 1
307338 0.000000 0
307346 0.000000 0
307353 0.037460 1
307362 0.000000 0
307370 0.000000 0
307377 0.042070 1
307384 0.000000 0
307392 0.000000 0
307399 0.026490 1
307407 0.000000 0
307414 0.000000 0
307422 0.037870 1
307428 0.000000 0
307436 0.000000 0
307443 0.058850 1
307452 0.000000 0
307460 0.000000 0
307467 0.048310 1
307473 0.000000 0
307480 0.000000 0
307488 0.050020 1
307496 0.000000 0
307504 0.000000 0
307511 0.059490 1
307518 0.000000 0
307526 0.000000 0
307533 0.075840 1
307541 0.000000 0
307548 0.000000 0
307556 0.070630 1
307563 0.000000 0
307570 0.000000 0
307578 0.076340 1
307586 0.000000 0
307594 0.000000 0
307601 0.074110 1
307608 0.000000 0
307616 0.000000 0
307623 0.087690 1
307632 0.000000 0
307640 0.000000 0
307647 0.124250 1
307653 0.000000 0
307660 0.000000 0
307668 0.130540 1
307677 0.000000 0
307684 0.000000 0
307692 0.117310 1
307698 0.000000 0
307706 0.000000 0
307713 0.080230 1
307722 0.000000 0
307730 0.000000 0
307737 0.073900 1
307743 0.000000 0
307750 0.000000 0
307758 0.044010 1
307767 0.000000 0
307774 0.000000 0
307782 0.037050 1
307788 0.000000 0
307796 0.000000 0
307803 0.038070 1
307812 0.000000 0
307820 0.000000 0
307827 0.038270 1
307833 0.000000 0
307840 0.000000 0
307848 0.033600 1
307857 0.000000 0
307864 0.000000 0
307872 0.033370 1
307878 0.000000 0
307886 0.000000 0
307893 0.028170 1
307901 0.000000 0
307908 0.000000 0
307916 0.037050 1
307923 0.000000 0
307930 0.000000 0
307938 0.039830 1
307947 0.000000 0
307954 0.000000 0
307962 0.031480 1
307969 0.000000 0
307976 0.000000 0
307984 0.038270 1
307992 0.000000 0
308000 0.000000 0
308007 0.045040 1
308015 0.000000 0
308022 0.000000 0
308030 0.051070 1
308037 0.000000 0
308044 0.000000 0
308052 0.044010 1
308060 0.000000 0
308068 0.000000 0
308075 0.040960 1
308081 0.000000 0
308088 0.000000 0
308096 0.060000 1
308105 0.000000 0
308112 0.000000 0
308120 0.060880 1
308127 0.000000 0
308134 0.000000 0
308142 0.064650 1
308150 0.000000 0
308158 0.000000 0
308165 0.062000 1
308172 0.000000 0
308180 0.000000 0
308187 0.057940 1
308195 0.000000 0
308202 0.000000 0
308210 0.038270 1
308217 0.000000 0
308224 0.000000 0
308232 0.040210 1
308240 0.000000 0
308248 0.000000 0
308255 0.038860 1
308262 0.000000 0
308270 0.000000 0
308277 0.046050 1
308283 0.000000 0
308290 0.000000 0
308298 0.038070 1
308307 0.000000 0
308314 0.000000 0
308322 0.044880 1
308328 0.000000 0
308336 0.000000 0
308343 0.044010 1
308351 0.000000 0
308358 0.000000 0
308366 0.047840 1
308373 0.000000 0
308380 0.000000 0
308388 0.042790 1
308396 0.000000 0
308404 0.000000 0
308411 0.036420 1
308418 0.000000 0
308426 0.000000 0
308433 0.026780 1
308441 0.000000 0
308448 0.000000 0
308456 0.029740 1
308465 0.000000 0
308472 0.000000 0
308480 0.038470 1
308486 0.000000 0
308494 0.000000 0
308501 0.034930 1
308510 0.000000 0
308518 0.000000 0
308525 0.030240 1
308531 0.000000 0
308538 0.000000 0
308546 0.042250 1
308554 0.000000 0
308562 0.000000 0
308569 0.042970 1
308576 0.000000 0
308584 0.000000 0
308591 0.063830 1
308600 0.000000 0
308608 0.000000 0
308615 0.066290 1
308621 0.000000 0
308628 0.000000 0
308636 0.050170 1
308645 0.000000 0
308652 0.000000 0
308660 0.047350 1
308666 0.000000 0
308674 0.000000 0
308681 0.038670 1
308689 0.000000 0
308696 0.000000 0
308704 0.033370 1
308711 0.000000 0
308718 0.000000 0
308726 0.032210 1
308735 0.000000 0
308742 0.000000 0
308750 0.049090 1
308756 0.000000 0
308764 0.000000 0
308771 0.049870 1
308780 0.000000 0
308788 0.000000 0
308795 0.048940 1
308801 0.000000 0
308808 0.000000 0
308816 0.046050 1
308825 0.000000 0
308832 0.000000 0
308840 0.047520 1
308846 0.000000 0
308854 0.000000 0
308861 0.057010 1
308870 0.000000 0
308878 0.000000 0
308885 0.047520 1
308891 0.000000 0
308898 0.000000 0
308906 0.034490 1
308915 0.000000 0
308922 0.000000 0
308930 0.026490 1
308936 0.000000 0
308944 0.000000 0
308951 0.039440 1
308959 0.000000 0
308966 0.000000 0
308974 0.029220 1
308981 0.000000 0
308988 0.000000 0
308996 0.035160 1
309004 0.000000 0
309012 0.000000 0
309019 0.035800 1
309026 0.000000 0
309034 0.000000 0
309041 0.039440 1
309049 0.000000 0
309056 0.000000 0
309064 0.047350 1
309071 0.000000 0
309078 0.000000 0
309086 0.061010 1
309095 0.000000 0
309102 0.000000 0
309110 0.049560 1
309116 0.000000 0
309124 0.000000 0
309131 0.036220 1
309140 0.000000 0
309148 0.000000 0
309155 0.030000 1
309161 0.000000 0
309168 0.000000 0
309176 0.029480 1
309184 0.000000 0
309192 0.000000 0
309199 0.034270 1
309206 0.000000 0
309214 0.000000 0
309221 0.047670 1
309229 0.000000 0
309236 0.000000 0
309244 0.053410 1
309251 0.000000 0
309258 0.000000 0
309266 0.049710 1
309274 0.000000 0
309282 0.000000 0
309289 0.053700 1
309296 0.000000 0
309304 0.000000 0
309311 0.039830 1
309319 0.000000 0
309326 0.000000 0
309334 0.042420 1
309341 0.000000 0
309348 0.000000 0
309356 0.034710 1
309364 0.000000 0
309372 0.000000 0
309379 0.039830 1
309386 0.000000 0
309394 0.000000 0
309401 0.057270 1
309409 0.000000 0
309416 0.000000 0
309424 0.053270 1
309431 0.000000 0
309438 0.000000 0
309446 0.049710 1
309454 0.000000 0
309462 0.000000 0
309469 0.047840 1
309476 0.000000 0
309484 0.000000 0
309491 0.052110 1
309499 0.000000 0
309506 0.000000 0
309514 0.037660 1
309521 0.000000 0
309528 0.000000 0
309536 0.041700 1
309544 0.000000 0
309552 0.000000 0
309559 0.066970 1
309566 0.000000 0
309574 0.000000 0
309581 0.066740 1
309589 0.000000 0
309596 0.000000 0
309604 0.048940 1
309611 0.000000 0
309618 0.000000 0
309626 0.030000 1
309634 0.000000 0
309642 0.000000 0
309649 0.021390 1
309656 0.000000 0
309664 0.000000 0
309671 0.028170 1
309679 0.000000 0
309686 0.000000 0
309694 0.068330 1
309701 0.000000 0
309708 0.000000 0
309716 0.097110 1
309724 0.000000 0
309732 0.000000 0
309739 0.084320 1
309748 0.000000 0
309756 0.000000 0
309763 0.064650 1
309769 0.000000 0
309776 0.000000 0
309784 0.082310 1
309792 0.000000 0
309800 0.000000 0
309807 0.076450 1
309814 0.000000 0
309822 0.000000 0
309829 0.059880 1
309838 0.000000 0
309846 0.000000 0
309853 0.065830 1
309859 0.000000 0
309866 0.000000 0
309874 0.062970 1
309882 0.000000 0
309890 0.000000 0
309897 0.058980 1
309904 0.000000 0
309912 0.000000 0
309919 0.050630 1
309927 0.000000 0
309934 0.000000 0
309942 0.043840 1
309949 0.000000 0
309956 0.000000 0
309964 0.035580 1
309972 0.000000 0
309980 0.000000 0
309987 0.033140 1
309994 0.000000 0
310002 0.000000 0
310009 0.056600 1
310017 0.000000 0
310024 0.000000 0
310032 0.047840 1
310039 0.000000 0
310046 0.000000 0
310054 0.052550 1
310061 0.000000 0
310068 0.000000 0
310076 0.028960 1
310084 0.000000 0
310092 0.000000 0
310099 0.026200 1
310108 0.000000 0
310116 0.000000 0
310123 0.034710 1
310129 0.000000 0
310136 0.000000 0
310144 0.043840 1
310151 0.000000 0
310158 0.000000 0
310166 0.071810 1
310174 0.000000 0
310182 0.000000 0
310189 0.058590 1
310197 0.000000 0
310204 0.000000 0
310212 0.115080 1
310219 0.000000 0
310226 0.000000 0
310234 0.084670 1
310242 0.000000 0
310250 0.000000 0
310257 0.090930 1
310264 0.000000 0
310272 0.000000 0
310279 0.060500 1
310287 0.000000 0
310294 0.000000 0
310302 0.042970 1
310309 0.000000 0
310316 0.000000 0
310324 0.034490 1
310332 0.000000 0
310340 0.000000 0
310347 0.029740 1
310353 0.000000 0
310360 0.000000 0
310368 0.040960 1
310376 0.000000 0
310384 0.000000 0
310391 0.035580 1
310398 0.000000 0
310406 0.000000 0
310413 0.037460 1
310422 0.000000 0
310430 0.000000 0
310437 0.045550 1
310443 0.000000 0
310450 0.000000 0
310458 0.036850 1
310467 0.000000 0
310474 0.000000 0
310482 0.046220 1
310488 0.000000 0
310496 0.000000 0
310503 0.049710 1
310511 0.000000 0
310518 0.000000 0
310526 0.036010 1
310533 0.000000 0
310540 0.000000 0
310548 0.032440 1
310557 0.000000 0
310564 0.000000 0
310572 0.047200 1
310579 0.000000 0
310586 0.000000 0
310594 0.023760 1
310602 0.000000 0
310610 0.000000 0
310617 0.030240 1
310623 0.000000 0
310630 0.000000 0
310638 0.036010 1
310647 0.000000 0
310654 0.000000 0
310662 0.043840 1
310668 0.000000 0
310676 0.000000 0
310683 0.024380 1
310691 0.000000 0
310698 0.000000 0
310706 0.014600 1
310713 0.000000 0
310720 0.000000 0
310728 0.025310 1
310737 0.000000 0
310744 0.000000 0
310752 0.029480 1
310759 0.000000 0
310766 0.000000 0
310774 0.025310 1
310782 0.000000 0
310790 0.000000 0
310797 0.036220 1
310804 0.000000 0
310812 0.000000 0
310819 0.038470 1
310827 0.000000 0
310834 0.000000 0
310842 0.055370 1
310849 0.000000 0
310856 0.000000 0
310864 0.051960 1
310873 0.000000 0
310880 0.000000 0
310888 0.050170 1
310894 0.000000 0
310902 0.000000 0
310909 0.041340 1
310917 0.000000 0
310924 0.000000 0
310932 0.035800 1
310939 0.000000 0
310946 0.000000 0
310954 0.070950 1
310962 0.000000 0
310970 0.000000 0
310977 0.075140 1
310984 0.000000 0
310992 0.000000 0
310999 0.078220 1
311008 0.000000 0
311016 0.000000 0
311023 0.062610 1
311028 0.000000 0
311036 0.000000 0
311043 0.058980 1
311052 0.000000 0
311060 0.000000 0
311067 0.065000 1
311073 0.000000 0
311080 0.000000 0
311088 0.059880 1
311096 0.000000 0
311104 0.000000 0
311111 0.060880 1
311118 0.000000 0
311126 0.000000 0
311133 0.063100 1
311141 0.000000 0
311148 0.000000 0
311156 0.052550 1
311163 0.000000 0
311170 0.000000 0
311178 0.063710 1
311186 0.000000 0
311194 0.000000 0
311201 0.060140 1
311208 0.000000 0
311216 0.000000 0
311223 0.047350 1
311232 0.000000 0
311240 0.000000 0
311247 0.040210 1
311253 0.000000 0
311260 0.000000 0
311268 0.039060 1
311276 0.000000 0
311284 0.000000 0
311291 0.049410 1
311298 0.000000 0
311306 0.000000 0
311313 0.058980 1
311321 0.000000 0
311328 0.000000 0
311336 0.043840 1
311343 0.000000 0
311350 0.000000 0
311358 0.047990 1
311366 0.000000 0
311374 0.000000 0
311381 0.035580 1
311388 0.000000 0
311396 0.000000 0
311403 0.039440 1
311411 0.000000 0
311418 0.000000 0
311426 0.037260 1
311433 0.000000 0
311440 0.000000 0
311448 0.042970 1
311456 0.000000 0
311464 0.000000 0
311471 0.031250 1
311478 0.000000 0
311486 0.000000 0
311493 0.033600 1
311501 0.000000 0
311508 0.000000 0
311516 0.057800 1
311523 0.000000 0
311530 0.000000 0
311538 0.065350 1
311546 0.000000 0
311554 0.000000 0
311561 0.045210 1
311568 0.000000 0
311576 0.000000 0
311583 0.034710 1
311591 0.000000 0
311598 0.000000 0
311606 0.075230 1
311613 0.000000 0
311620 0.000000 0
311628 0.058460 1
311636 0.000000 0
311644 0.000000 0
311651 0.089920 1
311658 0.000000 0
311666 0.000000 0
311673 0.061010 1
311681 0.000000 0
311688 0.000000 0
311696 0.067660 1
311703 0.000000 0
311710 0.000000 0
311718 0.045210 1
311727 0.000000 0
311734 0.000000 0
311742 0.044190 1
311750 0.000000 0
311758 0.000000 0
311765 0.053830 1
311772 0.000000 0
311780 0.000000 0
311787 0.063340 1
311795 0.000000 0
311802 0.000000 0
311810 0.059360 1
311817 0.000000 0
311824 0.000000 0
311832 0.046710 1
311840 0.000000 0
311848 0.000000 0
311855 0.041700 1
311862 0.000000 0
311870 0.000000 0
311877 0.025600 1
311885 0.000000 0
311892 0.000000 0
311900 0.077620 1
311907 0.000000 0
311914 0.000000 0
311922 0.062120 1
311930 0.000000 0
311938 0.000000 0
311945 0.046220 1
311952 0.000000 0
311960 0.000000 0
311967 0.067430 1
311975 0.000000 0
311982 0.000000 0
311990 0.078420 1
311997 0.000000 0
312004 0.000000 0
312012 0.103350 1
312020 0.000000 0
312028 0.000000 0
312035 0.072760 1
312042 0.000000 0
312050 0.000000 0
312057 0.060500 1
312065 0.000000 0
312072 0.000000 0
312080 0.086990 1
312087 0.000000 0
312094 0.000000 0
312102 0.096540 1
312110 0.000000 0
312118 0.000000 0
312125 0.078510 1
312132 0.000000 0
312140 0.000000 0
312147 0.070310 1
312155 0.000000 0
312162 0.000000 0
312170 0.063340 1
312177 0.000000 0
312184 0.000000 0
312192 0.076340 1
312200 0.000000 0
312208 0.000000 0
312215 0.056340 1
312221 0.000000 0
312228 0.000000 0
312236 0.048630 1
312243 0.000000 0
312250 0.000000 0
312258 0.058590 1
312266 0.000000 0
312274 0.000000 0
312281 0.034930 1
312288 0.000000 0
312296 0.000000 0
312303 0.028960 1
312311 0.000000 0
312318 0.000000 0
312326 0.024380 1
312333 0.000000 0
312340 0.000000 0
312348 0.033140 1
312356 0.000000 0
312364 0.000000 0
312371 0.035800 1
312379 0.000000 0
312386 0.000000 0
312394 0.018720 1
312401 0.000000 0
312408 0.000000 0
312416 0.028430 1
312424 0.000000 0
312432 0.000000 0
312439 0.043490 1
312446 0.000000 0
312454 0.000000 0
312461 0.049710 1
312470 0.000000 0
312478 0.000000 0
312485 0.072340 1
312491 0.000000 0
312498 0.000000 0
312506 0.089590 1
312514 0.000000 0
312522 0.000000 0
312529 0.093580 1
312536 0.000000 0
312544 0.000000 0
312551 0.096390 1
312559 0.000000 0
312566 0.000000 0
312574 0.115600 1
312581 0.000000 0
312588 0.000000 0
312596 0.111570 1
312604 0.000000 0
312612 0.000000 0
312619 0.080810 1
312626 0.000000 0
312634 0.000000 0
312641 0.074220 1
312650 0.000000 0
312658 0.000000 0
312665 0.068880 1
312671 0.000000 0
312678 0.000000 0
312686 0.060880 1
312694 0.000000 0
312702 0.000000 0
312709 0.052980 1
312716 0.000000 0
312724 0.000000 0
312731 0.051380 1
312739 0.000000 0
312746 0.000000 0
312754 0.043320 1
312761 0.000000 0
312768 0.000000 0
312776 0.030240 1
312784 0.000000 0
312792 0.000000 0
312799 0.031480 1
312806 0.000000 0
312814 0.000000 0
312821 0.026490 1
312829 0.000000 0
312836 0.000000 0
312844 0.033600 1
312851 0.000000 0
312858 0.000000 0
312866 0.034490 1
312874 0.000000 0
312882 0.000000 0
312889 0.031970 1
312896 0.000000 0
312904 0.000000 0
312911 0.025600 1
312919 0.000000 0
312926 0.000000 0
312934 0.025010 1
312941 0.000000 0
312948 0.000000 0
312956 0.025310 1
312964 0.000000 0
312972 0.000000 0
312979 0.028960 1
312986 0.000000 0
312994 0.000000 0
313001 0.026490 1
313009 0.000000 0
313016 0.000000 0
313024 0.034040 1
313031 0.000000 0
313038 0.000000 0
313046 0.029480 1
313054 0.000000 0
313062 0.000000 0
313069 0.046050 1
313076 0.000000 0
313084 0.000000 0
313091 0.039060 1
313099 0.000000 0
313106 0.000000 0
313114 0.042070 1
313121 0.000000 0
313128 0.000000 0
313136 0.030750 1
313144 0.000000 0
313152 0.000000 0
313159 0.038070 1
313166 0.000000 0
313174 0.000000 0
313181 0.050780 1
313189 0.000000 0
313196 0.000000 0
313204 0.055370 1
313211 0.000000 0
313218 0.000000 0
313226 0.030990 1
313234 0.000000 0
313242 0.000000 0
313249 0.030000 1
313256 0.000000 0
313264 0.000000 0
313271 0.023100 1
313279 0.000000 0
313286 0.000000 0
313294 0.056060 1
313301 0.000000 0
313308 0.000000 0
313316 0.062970 1
313325 0.000000 0
313332 0.000000 0
313340 0.054690 1
313346 0.000000 0
313354 0.000000 0
313361 0.054830 1
313369 0.000000 0
313376 0.000000 0
313384 0.078020 1
313392 0.000000 0
313400 0.000000 0
313407 0.062360 1
313414 0.000000 0
313422 0.000000 0
313429 0.040770 1
313436 0.000000 0
313444 0.000000 0
313451 0.058060 1
313459 0.000000 0
313466 0.000000 0
313474 0.089490 1
313481 0.000000 0
313488 0.000000 0
313496 0.054690 1
313504 0.000000 0
313512 0.000000 0
313519 0.049870 1
313526 0.000000 0
313534 0.000000 0
313541 0.075840 1
313549 0.000000 0
313556 0.000000 0
313564 0.071920 1
313571 0.000000 0
313578 0.000000 0
313586 0.053830 1
313594 0.000000 0
313602 0.000000 0
313609 0.061880 1
313616 0.000000 0
313624 0.000000 0
313631 0.046710 1
313639 0.000000 0
313646 0.000000 0
313654 0.061390 1
313661 0.000000 0
313668 0.000000 0
313676 0.056600 1
313684 0.000000 0
313692 0.000000 0
313699 0.055510 1
313706 0.000000 0
313714 0.000000 0
313721 0.061010 1
313729 0.000000 0
313736 0.000000 0
313744 0.032910 1
313751 0.000000 0
313758 0.000000 0
313766 0.043840 1
313774 0.000000 0
313782 0.000000 0
313789 0.047030 1
313796 0.000000 0
313804 0.000000 0
313811 0.080340 1
313819 0.000000 0
313826 0.000000 0
313834 0.054400 1
313841 0.000000 0
313848 0.000000 0
313856 0.087510 1
313864 0.000000 0
313872 0.000000 0
313879 0.069870 1
313886 0.000000 0
313894 0.000000 0
313901 0.072130 1
313909 0.000000 0
313916 0.000000 0
313924 0.049870 1
313931 0.000000 0
313938 0.000000 0
313946 0.047520 1
313954 0.000000 0
313962 0.000000 0
313969 0.076940 1
313976 0.000000 0
313984 0.000000 0
313991 0.072340 1
313999 0.000000 0
314006 0.000000 0
314014 0.081740 1
314021 0.000000 0
314028 0.000000 0
314036 0.059100 1
314044 0.000000 0
314052 0.000000 0
314059 0.071810 1
314066 0.000000 0
314074 0.000000 0
314081 0.066640 1
314089 0.000000 0
314096 0.000000 0
314104 0.087430 1
314111 0.000000 0
314118 0.000000 0
314126 0.082310 1
314134 0.000000 0
314142 0.000000 0
314149 0.071060 1
314156 0.000000 0
314164 0.000000 0
314171 0.061880 1
314180 0.000000 0
314188 0.000000 0
314195 0.043670 1
314201 0.000000 0
314208 0.000000 0
314216 0.058980 1
314224 0.000000 0
314232 0.000000 0
314239 0.063340 1
314246 0.000000 0
314254 0.000000 0
314261 0.067430 1
314269 0.000000 0
314276 0.000000 0
314284 0.053560 1
314291 0.000000 0
314298 0.000000 0
314306 0.066290 1
314314 0.000000 0
314322 0.000000 0
314329 0.055920 1
314337 0.000000 0
314344 0.000000 0
314352 0.043840 1
314359 0.000000 0
314366 0.000000 0
314374 0.029740 1
314382 0.000000 0
314390 0.000000 0
314397 0.030240 1
314404 0.000000 0
314412 0.000000 0
314419 0.023760 1
314427 0.000000 0
314434 0.000000 0
314442 0.027340 1
314449 0.000000 0
314456 0.000000 0
314464 0.045210 1
314472 0.000000 0
314480 0.000000 0
314487 0.056600 1
314494 0.000000 0
314502 0.000000 0
314509 0.056460 1
314517 0.000000 0
314524 0.000000 0
314532 0.064300 1
314539 0.000000 0
314546 0.000000 0
314554 0.034270 1
314561 0.000000 0
314568 0.000000 0
314576 0.052980 1
314584 0.000000 0
314592 0.000000 0
314599 0.080230 1
314608 0.000000 0
314616 0.000000 0
314623 0.066640 1
314629 0.000000 0
314636 0.000000 0
314644 0.085660 1
314653 0.000000 0
314660 0.000000 0
314668 0.079470 1
314674 0.000000 0
314682 0.000000 0
314689 0.090260 1
314697 0.000000 0
314704 0.000000 0
314712 0.064880 1
314719 0.000000 0
314726 0.000000 0
314734 0.068210 1
314742 0.000000 0
314750 0.000000 0
314757 0.080050 1
314764 0.000000 0
314772 0.000000 0
314779 0.079290 1
314787 0.000000 0
314794 0.000000 0
314802 0.060760 1
314809 0.000000 0
314816 0.000000 0
314824 0.063460 1
314832 0.000000 0
314840 0.000000 0
314847 0.048630 1
314853 0.000000 0
314860 0.000000 0
314868 0.052550 1
314877 0.000000 0
314884 0.000000 0
314892 0.042970 1
314898 0.000000 0
314906 0.000000 0
314913 0.073380 1
314922 0.000000 0
314930 0.000000 0
314937 0.068440 1
314944 0.000000 0
314952 0.000000 0
314959 0.057940 1
314967 0.000000 0
314974 0.000000 0
314982 0.030990 1
314988 0.000000 0
314996 0.000000 0
315003 0.016570 1
315011 0.000000 0
315018 0.000000 0
315026 0.008730 1
315033 0.000000 0
315040 0.000000 0
315048 0.013520 1
315056 0.000000 0
315064 0.000000 0
315071 0.017010 1
315078 0.000000 0
315086 0.000000 0
315093 0.031250 1
315102 0.000000 0
315110 0.000000 0
315117 0.028430 1
315124 0.000000 0
315132 0.000000 0
315139 0.025600 1
315147 0.000000 0
315154 0.000000 0
315162 0.092520 1
315169 0.000000 0
315176 0.000000 0
315184 0.094070 1
315192 0.000000 0
315200 0.000000 0
315207 0.064530 1
315214 0.000000 0
315222 0.000000 0
315229 0.046050 1
315237 0.000000 0
315244 0.000000 0
315252 0.028700 1
315259 0.000000 0
315266 0.000000 0
315274 0.030750 1
315283 0.000000 0
315290 0.000000 0
315298 0.040960 1
315304 0.000000 0
315312 0.000000 0
315319 0.046710 1
315328 0.000000 0
315336 0.000000 0
315343 0.047520 1
315349 0.000000 0
315356 0.000000 0
315364 0.037050 1
315373 0.000000 0
315380 0.000000 0
315388 0.037260 1
315394 0.000000 0
315402 0.000000 0
315409 0.048630 1
315418 0.000000 0
315426 0.000000 0
315433 0.059490 1
315439 0.000000 0
315446 0.000000 0
315454 0.052690 1
315463 0.000000 0
315470 0.000000 0
315478 0.047200 1
315484 0.000000 0
315492 0.000000 0
315499 0.036640 1
315508 0.000000 0
315516 0.000000 0
315523 0.040590 1
315529 0.000000 0
315536 0.000000 0
315544 0.056730 1
315552 0.000000 0
315560 0.000000 0
315567 0.062000 1
315573 0.000000 0
315580 0.000000 0
315588 0.065930 1
315596 0.000000 0
315604 0.000000 0
315611 0.061140 1
315618 0.000000 0
315626 0.000000 0
315633 0.077130 1
315641 0.000000 0
315648 0.000000 0
315656 0.066970 1
315664 0.000000 0
315672 0.000000 0
315679 0.057270 1
315687 0.000000 0
315694 0.000000 0
315702 0.060500 1
315708 0.000000 0
315716 0.000000 0
315723 0.063340 1
315731 0.000000 0
315738 0.000000 0
315746 0.069870 1
315753 0.000000 0
315760 0.000000 0
315768 0.063460 1
315776 0.000000 0
315784 0.000000 0
315791 0.055240 1
315798 0.000000 0
315806 0.000000 0
315813 0.060640 1
315822 0.000000 0
315830 0.000000 0
315837 0.057660 1
315843 0.000000 0
315850 0.000000 0
315858 0.053410 1
315866 0.000000 0
315874 0.000000 0
315881 0.073080 1
315888 0.000000 0
315896 0.000000 0
315903 0.069660 1
315912 0.000000 0
315920 0.000000 0
315927 0.060880 1
315933 0.000000 0
315940 0.000000 0
315948 0.037660 1
315957 0.000000 0
315964 0.000000 0
315972 0.042970 1
315978 0.000000 0
315986 0.000000 0
315993 0.043840 1
316002 0.000000 0
316010 0.000000 0
316017 0.051220 1
316023 0.000000 0
316030 0.000000 0
316038 0.047520 1
316047 0.000000 0
316054 0.000000 0
316062 0.037460 1
316068 0.000000 0
316076 0.000000 0
316083 0.041890 1
316091 0.000000 0
316098 0.000000 0
316106 0.042600 1
316114 0.000000 0
316122 0.000000 0
316129 0.040410 1
316137 0.000000 0
316144 0.000000 0
316152 0.053700 1
316159 0.000000 0
316166 0.000000 0
316174 0.059620 1
316182 0.000000 0
316190 0.000000 0
316197 0.057270 1
316204 0.000000 0
316212 0.000000 0
316219 0.047030 1
316227 0.000000 0
316234 0.000000 0
316242 0.043140 1
316249 0.000000 0
316256 0.000000 0
316264 0.045880 1
316272 0.000000 0
316280 0.000000 0
316287 0.041520 1
316294 0.000000 0
316302 0.000000 0
316309 0.036220 1
316317 0.000000 0
316324 0.000000 0
316332 0.038470 1
316339 0.000000 0
316346 0.000000 0
316354 0.049090 1
316362 0.000000 0
316370 0.000000 0
316377 0.052980 1
316384 0.000000 0
316392 0.000000 0
316399 0.051510 1
316408 0.000000 0
316416 0.000000 0
316423 0.042420 1
316429 0.000000 0
316436 0.000000 0
316444 0.035580 1
316453 0.000000 0
316460 0.000000 0
316468 0.042600 1
316474 0.000000 0
316482 0.000000 0
316489 0.049870 1
316498 0.000000 0
316506 0.000000 0
316513 0.051380 1
316519 0.000000 0
316526 0.000000 0
316534 0.064300 1
316542 0.000000 0
316550 0.000000 0
316557 0.047350 1
316564 0.000000 0
316572 0.000000 0
316579 0.059750 1
316587 0.000000 0
316594 0.000000 0
316602 0.059750 1
316609 0.000000 0
316616 0.000000 0
316624 0.064530 1
316632 0.000000 0
316640 0.000000 0
316647 0.042600 1
316653 0.000000 0
316660 0.000000 0
316668 0.044360 1
316677 0.000000 0
316684 0.000000 0
316692 0.040770 1
316698 0.000000 0
316706 0.000000 0
316713 0.042790 1
316722 0.000000 0
316730 0.000000 0
316737 0.045720 1
316743 0.000000 0
316750 0.000000 0
316758 0.043490 1
316766 0.000000 0
316774 0.000000 0
316781 0.040020 1
316788 0.000000 0
316796 0.000000 0
316803 0.091600 1
316812 0.000000 0
316820 0.000000 0
316827 0.072860 1
316834 0.000000 0
316842 0.000000 0
316849 0.040770 1
316857 0.000000 0
316864 0.000000 0
316872 0.028430 1
316878 0.000000 0
316886 0.000000 0
316893 0.023760 1
316901 0.000000 0
316908 0.000000 0
316916 0.022770 1
316923 0.000000 0
316930 0.000000 0
316938 0.021740 1
316946 0.000000 0
316954 0.000000 0
316961 0.024700 1
316968 0.000000 0
316976 0.000000 0
316983 0.022770 1
316991 0.000000 0
316998 0.000000 0
317006 0.029740 1
317013 0.000000 0
317020 0.000000 0
317028 0.032910 1
317036 0.000000 0
317044 0.000000 0
317051 0.040590 1
317058 0.000000 0
317066 0.000000 0
317073 0.028960 1
317081 0.000000 0
317088 0.000000 0
317096 0.021030 1
317103 0.000000 0
317110 0.000000 0
317118 0.023760 1
317126 0.000000 0
317134 0.000000 0
317141 0.025010 1
317148 0.000000 0
317156 0.000000 0
317163 0.026200 1
317172 0.000000 0
317180 0.000000 0
317187 0.020290 1
317193 0.000000 0
317200 0.000000 0
317208 0.029740 1
317217 0.000000 0
317224 0.000000 0
317232 0.036640 1
317239 0.000000 0
317246 0.000000 0
317254 0.035580 1
317262 0.000000 0
317270 0.000000 0
317277 0.027620 1
317284 0.000000 0
317292 0.000000 0
317299 0.029220 1
317307 0.000000 0
317314 0.000000 0
317322 0.037460 1
317329 0.000000 0
317336 0.000000 0
317344 0.041700 1
317352 0.000000 0
317360 0.000000 0
317367 0.044190 1
317375 0.000000 0
317382 0.000000 0
317390 0.052690 1
317397 0.000000 0
317404 0.000000 0
317412 0.062500 1
317420 0.000000 0
317428 0.000000 0
317435 0.057270 1
317442 0.000000 0
317450 0.000000 0
317457 0.059240 1
317465 0.000000 0
317472 0.000000 0
317480 0.063460 1
317487 0.000000 0
317494 0.000000 0
317502 0.095200 1
317510 0.000000 0
317518 0.000000 0
317525 0.115400 1
317532 0.000000 0
317540 0.000000 0
317547 0.085940 1
317555 0.000000 0
317562 0.000000 0
317570 0.065830 1
317577 0.000000 0
317584 0.000000 0
317592 0.062240 1
317600 0.000000 0
317608 0.000000 0
317615 0.048940 1
317622 0.000000 0
317630 0.000000 0
317637 0.044880 1
317645 0.000000 0
317652 0.000000 0
317660 0.048630 1
317666 0.000000 0
317674 0.000000 0
317681 0.042070 1
317688 0.000000 0
317696 0.000000 0
317703 0.041700 1
317711 0.000000 0
317718 0.000000 0
317726 0.029480 1
317733 0.000000 0
317740 0.000000 0
317748 0.037050 1
317756 0.000000 0
317764 0.000000 0
317771 0.039250 1
317778 0.000000 0
317786 0.000000 0
317793 0.033370 1
317802 0.000000 0
317810 0.000000 0
317817 0.040210 1
317824 0.000000 0
317832 0.000000 0
317839 0.039250 1
317846 0.000000 0
317854 0.000000 0
317861 0.033600 1
317869 0.000000 0
317876 0.000000 0
317884 0.031480 1
317891 0.000000 0
317898 0.000000 0
317906 0.030500 1
317915 0.000000 0
317922 0.000000 0
317930 0.043670 1
317936 0.000000 0
317944 0.000000 0
317951 0.047350 1
317959 0.000000 0
317966 0.000000 0
317974 0.065130 1
317981 0.000000 0
317988 0.000000 0
317996 0.085130 1
318004 0.000000 0
318012 0.000000 0
318019 0.078710 1
318026 0.000000 0
318034 0.000000 0
318041 0.077620 1
318050 0.000000 0
318058 0.000000 0
318065 0.046880 1
318071 0.000000 0
318078 0.000000 0
318086 0.042420 1
318095 0.000000 0
318102 0.000000 0
318110 0.072340 1
318116 0.000000 0
318124 0.000000 0
318131 0.058320 1
318140 0.000000 0
318148 0.000000 0
318155 0.060760 1
318161 0.000000 0
318168 0.000000 0
318176 0.053830 1
318185 0.000000 0
318192 0.000000 0
318200 0.050780 1
318206 0.000000 0
318214 0.000000 0
318221 0.051220 1
318229 0.000000 0
318236 0.000000 0
318244 0.043840 1
318251 0.000000 0
318258 0.000000 0
318266 0.034040 1
318274 0.000000 0
318282 0.000000 0
318289 0.035580 1
318296 0.000000 0
318304 0.000000 0
318311 0.060140 1
318319 0.000000 0
318326 0.000000 0
318334 0.054120 1
318341 0.000000 0
318348 0.000000 0
318356 0.037460 1
318364 0.000000 0
318372 0.000000 0
318379 0.038270 1
318386 0.000000 0
318394 0.000000 0
318401 0.041520 1
318409 0.000000 0
318416 0.000000 0
318424 0.034040 1
318431 0.000000 0
318438 0.000000 0
318446 0.022430 1
318454 0.000000 0
318462 0.000000 0
318469 0.045380 1
318476 0.000000 0
318484 0.000000 0
318491 0.060880 1
318499 0.000000 0
318506 0.000000 0
318514 0.042790 1
318521 0.000000 0
318528 0.000000 0
318536 0.043140 1
318544 0.000000 0
318552 0.000000 0
318559 0.048160 1
318566 0.000000 0
318574 0.000000 0
318581 0.038860 1
318589 0.000000 0
318596 0.000000 0
318604 0.042420 1
318611 0.000000 0
318618 0.000000 0
318626 0.031720 1
318634 0.000000 0
318642 0.000000 0
318649 0.023440 1
318656 0.000000 0
318664 0.000000 0
318671 0.019530 1
318679 0.000000 0
318686 0.000000 0
318694 0.026780 1
318701 0.000000 0
318708 0.000000 0
318716 0.024700 1
318724 0.000000 0
318732 0.000000 0
318739 0.040770 1
318746 0.000000 0
318754 0.000000 0
318761 0.033140 1
318769 0.000000 0
318776 0.000000 0
318784 0.034490 1
318791 0.000000 0
318798 0.000000 0
318806 0.026490 1
318814 0.000000 0
318822 0.000000 0
318829 0.030500 1
318836 0.000000 0
318844 0.000000 0
318851 0.035160 1
318859 0.000000 0
318866 0.000000 0
318874 0.037260 1
318881 0.000000 0
318888 0.000000 0
318896 0.043490 1
318904 0.000000 0
318912 0.000000 0
318919 0.044010 1
318926 0.000000 0
318934 0.000000 0
318941 0.044360 1
318949 0.000000 0
318956 0.000000 0
318964 0.037260 1
318971 0.000000 0
318978 0.000000 0
318986 0.036220 1
318994 0.000000 0
319002 0.000000 0
319009 0.031720 1
319016 0.000000 0
319024 0.000000 0
319031 0.033370 1
319039 0.000000 0
319046 0.000000 0
319054 0.038860 1
319061 0.000000 0
319068 0.000000 0
319076 0.043140 1
319085 0.000000 0
319092 0.000000 0
319100 0.066740 1
319106 0.000000 0
319114 0.000000 0
319121 0.061140 1
319129 0.000000 0
319136 0.000000 0
319144 0.059100 1
319151 0.000000 0
319158 0.000000 0
319166 0.082860 1
319174 0.000000 0
319182 0.000000 0
319189 0.099890 1
319196 0.000000 0
319204 0.000000 0
319211 0.082310 1
319219 0.000000 0
319226 0.000000 0
319234 0.057800 1
319241 0.000000 0
319248 0.000000 0
319256 0.049710 1
319264 0.000000 0
319272 0.000000 0
319279 0.050780 1
319286 0.000000 0
319294 0.000000 0
319301 0.047030 1
319309 0.000000 0
319316 0.000000 0
319324 0.042970 1
319331 0.000000 0
319338 0.000000 0
319346 0.038470 1
319354 0.000000 0
319362 0.000000 0
319369 0.037050 1
319376 0.000000 0
319384 0.000000 0
319391 0.054400 1
319399 0.000000 0
319406 0.000000 0
319414 0.044360 1
319422 0.000000 0
319430 0.000000 0
319437 0.057400 1
319444 0.000000 0
319452 0.000000 0
319459 0.059100 1
319467 0.000000 0
319474 0.000000 0
319482 0.058980 1
319489 0.000000 0
319496 0.000000 0
319504 0.049870 1
319512 0.000000 0
319520 0.000000 0
319527 0.048310 1
319534 0.000000 0
319542 0.000000 0
319549 0.048780 1
319557 0.000000 0
319564 0.000000 0
319572 0.035800 1
319579 0.000000 0
319586 0.000000 0
319594 0.030750 1
319602 0.000000 0
319610 0.000000 0
319617 0.038270 1
319624 0.000000 0
319632 0.000000 0
319639 0.054120 1
319647 0.000000 0
319654 0.000000 0
319662 0.048460 1
319669 0.000000 0
319676 0.000000 0
319684 0.040590 1
319693 0.000000 0
319700 0.000000 0
319708 0.037050 1
319714 0.000000 0
319722 0.000000 0
319729 0.029740 1
319738 0.000000 0
319746 0.000000 0
319753 0.041520 1
319759 0.000000 0
319766 0.000000 0
319774 0.050630 1
319783 0.000000 0
319790 0.000000 0
319798 0.055240 1
319804 0.000000 0
319812 0.000000 0
319819 0.057010 1
319828 0.000000 0
319836 0.000000 0
319843 0.051670 1
319849 0.000000 0
319856 0.000000 0
319864 0.097410 1
319873 0.000000 0
319880 0.000000 0
319888 0.109850 1
319894 0.000000 0
319902 0.000000 0
319909 0.096310 1
319917 0.000000 0
319924 0.000000 0
319932 0.066060 1
319939 0.000000 0
319946 0.000000 0
319954 0.043140 1
319962 0.000000 0
319970 0.000000 0
319977 0.035160 1
319984 0.000000 0
319992 0.000000 0
319999 0.031480 1
320007 0.000000 0
320014 0.000000 0
320022 0.037260 1
320029 0.000000 0
320036 0.000000 0
320044 0.032670 1
320051 0.000000 0
320058 0.000000 0
320066 0.028430 1
320073 0.000000 0
320080 0.000000 0
320088 0.040210 1
320097 0.000000 0
320104 0.000000 0
320112 0.046880 1
320118 0.000000 0
320126 0.000000 0
320133 0.038860 1
320142 0.000000 0
320150 0.000000 0
320157 0.034710 1
320163 0.000000 0
320170 0.000000 0
320178 0.030990 1
320187 0.000000 0
320194 0.000000 0
320202 0.035580 1
320208 0.000000 0
320216 0.000000 0
320223 0.036220 1
320231 0.000000 0
320238 0.000000 0
320246 0.028700 1
320253 0.000000 0
320260 0.000000 0
320268 0.028960 1
320276 0.000000 0
320284 0.000000 0
320291 0.054690 1
320299 0.000000 0
320306 0.000000 0
320314 0.051220 1
320321 0.000000 0
320328 0.000000 0
320336 0.040410 1
320343 0.000000 0
320350 0.000000 0
320358 0.042600 1
320366 0.000000 0
320374 0.000000 0
320381 0.045550 1
320388 0.000000 0
320396 0.000000 0
320403 0.055790 1
320411 0.000000 0
320418 0.000000 0
320426 0.043840 1
320433 0.000000 0
320440 0.000000 0
320448 0.042070 1
320456 0.000000 0
320464 0.000000 0
320471 0.034040 1
320478 0.000000 0
320486 0.000000 0
320493 0.033140 1
320502 0.000000 0
320510 0.000000 0
320517 0.045720 1
320523 0.000000 0
320530 0.000000 0
320538 0.032670 1
320547 0.000000 0
320554 0.000000 0
320562 0.066870 1
320568 0.000000 0
320576 0.000000 0
320583 0.069980 1
320591 0.000000 0
320598 0.000000 0
320606 0.041150 1
320613 0.000000 0
320620 0.000000 0
320628 0.029740 1
320636 0.000000 0
320644 0.000000 0
320651 0.037260 1
320658 0.000000 0
320666 0.000000 0
320673 0.036010 1
320681 0.000000 0
320688 0.000000 0
320696 0.027620 1
320703 0.000000 0
320710 0.000000 0
320718 0.024380 1
320726 0.000000 0
320734 0.000000 0
320741 0.044530 1
320748 0.000000 0
320756 0.000000 0
320763 0.035800 1
320771 0.000000 0
320778 0.000000 0
320786 0.043670 1
320795 0.000000 0
320802 0.000000 0
320810 0.051380 1
320816 0.000000 0
320824 0.000000 0
320831 0.047030 1
320838 0.000000 0
320846 0.000000 0
320853 0.029480 1
320861 0.000000 0
320868 0.000000 0
320876 0.028430 1
320883 0.000000 0
320890 0.000000 0
320898 0.034490 1
320906 0.000000 0
320914 0.000000 0
320921 0.040210 1
320928 0.000000 0
320936 0.000000 0
320943 0.039060 1
320952 0.000000 0
320960 0.000000 0
320967 0.043320 1
320975 0.000000 0
320982 0.000000 0
320990 0.042970 1
320997 0.000000 0
321004 0.000000 0
321012 0.042970 1
321020 0.000000 0
321028 0.000000 0
321035 0.053830 1
321042 0.000000 0
321050 0.000000 0
321057 0.041700 1
321065 0.000000 0
321072 0.000000 0
321080 0.041890 1
321087 0.000000 0
321094 0.000000 0
321102 0.042070 1
321110 0.000000 0
321118 0.000000 0
321125 0.036010 1
321132 0.000000 0
321140 0.000000 0
321147 0.051820 1
321155 0.000000 0
321162 0.000000 0
321170 0.065350 1
321177 0.000000 0
321184 0.000000 0
321192 0.058320 1
321200 0.000000 0
321208 0.000000 0
321215 0.055370 1
321222 0.000000 0
321230 0.000000 0
321237 0.051070 1
321245 0.000000 0
321252 0.000000 0
321260 0.065000 1
321267 0.000000 0
321274 0.000000 0
321282 0.072130 1
321290 0.000000 0
321298 0.000000 0
321305 0.067870 1
321312 0.000000 0
321320 0.000000 0
321327 0.058590 1
321335 0.000000 0
321342 0.000000 0
321350 0.064880 1
321357 0.000000 0
321364 0.000000 0
321372 0.050020 1
321380 0.000000 0
321388 0.000000 0
321395 0.041700 1
321402 0.000000 0
321410 0.000000 0
321417 0.040590 1
321425 0.000000 0
321432 0.000000 0
321440 0.058850 1
321446 0.000000 0
321454 0.000000 0
321461 0.052400 1
321470 0.000000 0
321478 0.000000 0
321485 0.056460 1
321492 0.000000 0
321500 0.000000 0
321507 0.052400 1
321513 0.000000 0
321520 0.000000 0
321528 0.050920 1
321536 0.000000 0
321544 0.000000 0
321551 0.053970 1
321560 0.000000 0
321568 0.000000 0
321575 0.053970 1
321581 0.000000 0
321588 0.000000 0
321596 0.055510 1
321604 0.000000 0
321612 0.000000 0
321619 0.053560 1
321626 0.000000 0
321634 0.000000 0
321641 0.035370 1
321649 0.000000 0
321656 0.000000 0
321664 0.033140 1
321671 0.000000 0
321678 0.000000 0
321686 0.027620 1
321694 0.000000 0
321702 0.000000 0
321709 0.039250 1
321716 0.000000 0
321724 0.000000 0
321731 0.061510 1
321740 0.000000 0
321748 0.000000 0
321755 0.064420 1
321761 0.000000 0
321768 0.000000 0
321776 0.054960 1
321784 0.000000 0
321792 0.000000 0
321799 0.049560 1
321806 0.000000 0
321814 0.000000 0
321821 0.049260 1
321830 0.000000 0
321838 0.000000 0
321845 0.043490 1
321851 0.000000 0
321858 0.000000 0
321866 0.054120 1
321874 0.000000 0
321882 0.000000 0
321889 0.045880 1
321896 0.000000 0
321904 0.000000 0
321911 0.044880 1
321920 0.000000 0
321928 0.000000 0
321935 0.041150 1
321941 0.000000 0
321948 0.000000 0
321956 0.069870 1
321965 0.000000 0
321972 0.000000 0
321980 0.073380 1
321987 0.000000 0
321994 0.000000 0
322002 0.064300 1
322009 0.000000 0
322016 0.000000 0
322024 0.051070 1
322031 0.000000 0
322038 0.000000 0
322046 0.044530 1
322054 0.000000 0
322062 0.000000 0
322069 0.052260 1
322076 0.000000 0
322084 0.000000 0
322091 0.074310 1
322099 0.000000 0
322106 0.000000 0
322114 0.073270 1
322121 0.000000 0
322128 0.000000 0
322136 0.054690 1
322144 0.000000 0
322152 0.000000 0
322159 0.037260 1
322166 0.000000 0
322174 0.000000 0
322181 0.040590 1
322189 0.000000 0
322196 0.000000 0
322204 0.056600 1
322211 0.000000 0
322218 0.000000 0
322226 0.047350 1
322234 0.000000 0
322242 0.000000 0
322249 0.047990 1
322256 0.000000 0
322264 0.000000 0
322271 0.036010 1
322279 0.000000 0
322286 0.000000 0
322294 0.034930 1
322301 0.000000 0
322308 0.000000 0
322316 0.047030 1
322324 0.000000 0
322332 0.000000 0
322339 0.041520 1
322346 0.000000 0
322354 0.000000 0
322361 0.047670 1
322369 0.000000 0
322376 0.000000 0
322384 0.038670 1
322391 0.000000 0
322398 0.000000 0
322406 0.040960 1
322415 0.000000 0
322422 0.000000 0
322430 0.080900 1
322436 0.000000 0
322444 0.000000 0
322451 0.086900 1
322460 0.000000 0
322468 0.000000 0
322475 0.080050 1
322481 0.000000 0
322488 0.000000 0
322496 0.052260 1
322505 0.000000 0
322512 0.000000 0
322520 0.036640 1
322526 0.000000 0
322534 0.000000 0
322541 0.033140 1
322550 0.000000 0
322558 0.000000 0
322565 0.044710 1
322571 0.000000 0
322578 0.000000 0
322586 0.044710 1
322594 0.000000 0
322602 0.000000 0
322609 0.036640 1
322616 0.000000 0
322624 0.000000 0
322631 0.055650 1
322639 0.000000 0
322646 0.000000 0
322654 0.054120 1
322661 0.000000 0
322668 0.000000 0
322676 0.058590 1
322684 0.000000 0
322692 0.000000 0
322699 0.054540 1
322706 0.000000 0
322714 0.000000 0
322721 0.071810 1
322729 0.000000 0
322736 0.000000 0
322744 0.051070 1
322751 0.000000 0
322758 0.000000 0
322766 0.040410 1
322774 0.000000 0
322782 0.000000 0
322789 0.038860 1
322796 0.000000 0
322804 0.000000 0
322811 0.043320 1
322819 0.000000 0
322826 0.000000 0
322834 0.028960 1
322841 0.000000 0
322848 0.000000 0
322856 0.033370 1
322864 0.000000 0
322872 0.000000 0
322879 0.036640 1
322886 0.000000 0
322894 0.000000 0
322901 0.050480 1
322909 0.000000 0
322916 0.000000 0
322924 0.048460 1
322931 0.000000 0
322938 0.000000 0
322946 0.066640 1
322954 0.000000 0
322962 0.000000 0
322969 0.042070 1
322976 0.000000 0
322984 0.000000 0
322991 0.034040 1
322999 0.000000 0
323006 0.000000 0
323014 0.039640 1
323021 0.000000 0
323028 0.000000 0
323036 0.046370 1
323044 0.000000 0
323052 0.000000 0
323059 0.044530 1
323066 0.000000 0
323074 0.000000 0
323081 0.038670 1
323090 0.000000 0
323098 0.000000 0
323105 0.036220 1
323111 0.000000 0
323118 0.000000 0
323126 0.032910 1
323135 0.000000 0
323142 0.000000 0
323150 0.077130 1
323156 0.000000 0
323164 0.000000 0
323171 0.073590 1
323179 0.000000 0
323186 0.000000 0
323194 0.058590 1
323203 0.000000 0
323210 0.000000 0
323218 0.046370 1
323224 0.000000 0
323232 0.000000 0
323239 0.046880 1
323247 0.000000 0
323254 0.000000 0
323262 0.046220 1
323269 0.000000 0
323276 0.000000 0
323284 0.044010 1
323292 0.000000 0
323300 0.000000 0
323307 0.049410 1
323313 0.000000 0
323320 0.000000 0
323328 0.047030 1
323337 0.000000 0
323344 0.000000 0
323352 0.037660 1
323358 0.000000 0
323366 0.000000 0
323373 0.039640 1
323382 0.000000 0
323390 0.000000 0
323397 0.037260 1
323404 0.000000 0
323412 0.000000 0
323419 0.026780 1
323427 0.000000 0
323434 0.000000 0
323442 0.030750 1
323449 0.000000 0
323456 0.000000 0
323464 0.028430 1
323472 0.000000 0
323480 0.000000 0
323487 0.033830 1
323494 0.000000 0
323502 0.000000 0
323509 0.034930 1
323517 0.000000 0
323524 0.000000 0
323532 0.047840 1
323539 0.000000 0
323546 0.000000 0
323554 0.036640 1
323561 0.000000 0
323568 0.000000 0
323576 0.037660 1
323584 0.000000 0
323592 0.000000 0
323599 0.052260 1
323606 0.000000 0
323614 0.000000 0
323621 0.074010 1
323629 0.000000 0
323636 0.000000 0
323644 0.073490 1
323652 0.000000 0
323660 0.000000 0
323667 0.044880 1
323674 0.000000 0
323682 0.000000 0
323689 0.047200 1
323697 0.000000 0
323704 0.000000 0
323712 0.042250 1
323719 0.000000 0
323726 0.000000 0
323734 0.036220 1
323743 0.000000 0
323750 0.000000 0
323758 0.038270 1
323764 0.000000 0
323772 0.000000 0
323779 0.043490 1
323787 0.000000 0
323794 0.000000 0
323802 0.052260 1
323809 0.000000 0
323816 0.000000 0
323824 0.043490 1
323832 0.000000 0
323840 0.000000 0
323847 0.038070 1
323853 0.000000 0
323860 0.000000 0
323868 0.035800 1
323877 0.000000 0
323884 0.000000 0
323892 0.031720 1
323898 0.000000 0
323906 0.000000 0
323913 0.032440 1
323922 0.000000 0
323930 0.000000 0
323937 0.034270 1
323943 0.000000 0
323950 0.000000 0
323958 0.035160 1
323966 0.000000 0
323974 0.000000 0
323981 0.034040 1
323988 0.000000 0
323996 0.000000 0
324003 0.025910 1
324011 0.000000 0
324018 0.000000 0
324026 0.035160 1
324033 0.000000 0
324040 0.000000 0
324048 0.034270 1
324057 0.000000 0
324064 0.000000 0
324072 0.058980 1
324078 0.000000 0
324086 0.000000 0
324093 0.068100 1
324101 0.000000 0
324108 0.000000 0
324116 0.057270 1
324123 0.000000 0
324130 0.000000 0
324138 0.059360 1
324146 0.000000 0
324154 0.000000 0
324161 0.036640 1
324168 0.000000 0
324176 0.000000 0
324183 0.055510 1
324192 0.000000 0
324200 0.000000 0
324207 0.052980 1
324214 0.000000 0
324222 0.000000 0
324229 0.042790 1
324237 0.000000 0
324244 0.000000 0
324252 0.048310 1
324258 0.000000 0
324266 0.000000 0
324273 0.056730 1
324282 0.000000 0
324290 0.000000 0
324297 0.059620 1
324303 0.000000 0
324310 0.000000 0
324318 0.058850 1
324326 0.000000 0
324334 0.000000 0
324341 0.050780 1
324348 0.000000 0
324356 0.000000 0
324363 0.048940 1
324372 0.000000 0
324380 0.000000 0
324387 0.042420 1
324393 0.000000 0
324400 0.000000 0
324408 0.033370 1
324417 0.000000 0
324424 0.000000 0
324432 0.038670 1
324438 0.000000 0
324446 0.000000 0
324453 0.044530 1
324461 0.000000 0
324468 0.000000 0
324476 0.044190 1
324483 0.000000 0
324490 0.000000 0
324498 0.040590 1
324506 0.000000 0
324514 0.000000 0
324521 0.031970 1
324528 0.000000 0
324536 0.000000 0
324543 0.046050 1
324551 0.000000 0
324558 0.000000 0
324566 0.042070 1
324575 0.000000 0
324582 0.000000 0
324590 0.034490 1
324597 0.000000 0
324604 0.000000 0
324612 0.040590 1
324620 0.000000 0
324628 0.000000 0
324635 0.035160 1
324642 0.000000 0
324650 0.000000 0
324657 0.030500 1
324665 0.000000 0
324672 0.000000 0
324680 0.030000 1
324686 0.000000 0
324694 0.000000 0
324701 0.049560 1
324710 0.000000 0
324718 0.000000 0
324725 0.039640 1
324732 0.000000 0
324740 0.000000 0
324747 0.040210 1
324755 0.000000 0
324762 0.000000 0
324770 0.040020 1
324777 0.000000 0
324784 0.000000 0
324792 0.058720 1
324800 0.000000 0
324808 0.000000 0
324815 0.052690 1
324822 0.000000 0
324830 0.000000 0
324837 0.044190 1
324845 0.000000 0
324852 0.000000 0
324860 0.052550 1
324866 0.000000 0
324874 0.000000 0
324881 0.055510 1
324888 0.000000 0
324896 0.000000 0
324903 0.048310 1
324911 0.000000 0
324918 0.000000 0
324926 0.075940 1
324933 0.000000 0
324940 0.000000 0
324948 0.073180 1
324956 0.000000 0
324964 0.000000 0
324971 0.058590 1
324978 0.000000 0
324986 0.000000 0
324993 0.051510 1
325002 0.000000 0
325010 0.000000 0
325017 0.072540 1
325025 0.000000 0
325032 0.000000 0
325040 0.071060 1
325046 0.000000 0
325054 0.000000 0
325061 0.076650 1
325069 0.000000 0
325076 0.000000 0
325084 0.055370 1
325091 0.000000 0
325098 0.000000 0
325106 0.053120 1
325114 0.000000 0
325122 0.000000 0
325129 0.039440 1
325136 0.000000 0
325144 0.000000 0
325151 0.036850 1
325159 0.000000 0
325166 0.000000 0
325174 0.057540 1
325181 0.000000 0
325188 0.000000 0
325196 0.051380 1
325204 0.000000 0
325212 0.000000 0
325219 0.055100 1
325226 0.000000 0
325234 0.000000 0
325241 0.067870 1
325250 0.000000 0
325258 0.000000 0
325265 0.067310 1
325271 0.000000 0
325278 0.000000 0
325286 0.064300 1
325295 0.000000 0
325302 0.000000 0
325310 0.049260 1
325316 0.000000 0
325324 0.000000 0
325331 0.036640 1
325340 0.000000 0
325348 0.000000 0
325355 0.036640 1
325361 0.000000 0
325368 0.000000 0
325376 0.046710 1
325385 0.000000 0
325392 0.000000 0
325400 0.044880 1
325406 0.000000 0
325414 0.000000 0
325421 0.048460 1
325429 0.000000 0
325436 0.000000 0
325444 0.068880 1
325451 0.000000 0
325458 0.000000 0
325466 0.066640 1
325474 0.000000 0
325482 0.000000 0
325489 0.051960 1
325496 0.000000 0
325504 0.000000 0
325511 0.046880 1
325519 0.000000 0
325526 0.000000 0
325534 0.039440 1
325541 0.000000 0
325548 0.000000 0
325556 0.041340 1
325564 0.000000 0
325572 0.000000 0
325579 0.033140 1
325586 0.000000 0
325594 0.000000 0
325601 0.026200 1
325609 0.000000 0
325616 0.000000 0
325624 0.039440 1
325631 0.000000 0
325638 0.000000 0
325646 0.029220 1
325654 0.000000 0
325662 0.000000 0
325669 0.036220 1
325676 0.000000 0
325684 0.000000 0
325691 0.029480 1
325699 0.000000 0
325706 0.000000 0
325714 0.054400 1
325721 0.000000 0
325728 0.000000 0
325736 0.046050 1
325745 0.000000 0
325752 0.000000 0
325760 0.032910 1
325766 0.000000 0
325774 0.000000 0
325781 0.031970 1
325789 0.000000 0
325796 0.000000 0
325804 0.023760 1
325811 0.000000 0
325818 0.000000 0
325826 0.028430 1
325834 0.000000 0
325842 0.000000 0
325849 0.047350 1
325856 0.000000 0
325864 0.000000 0
325871 0.040410 1
325879 0.000000 0
325886 0.000000 0
325894 0.038470 1
325901 0.000000 0
325908 0.000000 0
325916 0.052110 1
325924 0.000000 0
325932 0.000000 0
325939 0.057400 1
325946 0.000000 0
325954 0.000000 0
325961 0.059360 1
325969 0.000000 0
325976 0.000000 0
325984 0.051820 1
325991 0.000000 0
325998 0.000000 0
326006 0.040770 1
326014 0.000000 0
326022 0.000000 0
326029 0.050630 1
326036 0.000000 0
326044 0.000000 0
326051 0.054120 1
326059 0.000000 0
326066 0.000000 0
326074 0.042250 1
326081 0.000000 0
326088 0.000000 0
326096 0.045550 1
326104 0.000000 0
326112 0.000000 0
326119 0.043670 1
326126 0.000000 0
326134 0.000000 0
326141 0.049090 1
326149 0.000000 0
326156 0.000000 0
326164 0.051220 1
326171 0.000000 0
326178 0.000000 0
326186 0.057660 1
326194 0.000000 0
326202 0.000000 0
326209 0.068880 1
326216 0.000000 0
326224 0.000000 0
326231 0.049870 1
326239 0.000000 0
326246 0.000000 0
326254 0.050780 1
326261 0.000000 0
326268 0.000000 0
326276 0.048310 1
326284 0.000000 0
326292 0.000000 0
326299 0.033600 1
326306 0.000000 0
326314 0.000000 0
326321 0.038470 1
326329 0.000000 0
326336 0.000000 0
326344 0.038860 1
326351 0.000000 0
326358 0.000000 0
326366 0.025010 1
326374 0.000000 0
326382 0.000000 0
326389 0.024380 1
326396 0.000000 0
326404 0.000000 0
326411 0.041520 1
326419 0.000000 0
326426 0.000000 0
326434 0.069540 1
326441 0.000000 0
326448 0.000000 0
326456 0.056060 1
326464 0.000000 0
326472 0.000000 0
326479 0.037260 1
326486 0.000000 0
326494 0.000000 0
326501 0.030500 1
326509 0.000000 0
326516 0.000000 0
326524 0.031970 1
326531 0.000000 0
326538 0.000000 0
326546 0.037870 1
326554 0.000000 0
326562 0.000000 0
326569 0.042250 1
326576 0.000000 0
326584 0.000000 0
326591 0.044880 1
326599 0.000000 0
326606 0.000000 0
326614 0.048160 1
326621 0.000000 0
326628 0.000000 0
326636 0.046220 1
326645 0.000000 0
326652 0.000000 0
326660 0.073270 1
326666 0.000000 0
326674 0.000000 0
326681 0.079850 1
326689 0.000000 0
326696 0.000000 0
326704 0.055240 1
326711 0.000000 0
326718 0.000000 0
326726 0.051510 1
326734 0.000000 0
326742 0.000000 0
326749 0.041520 1
326756 0.000000 0
326764 0.000000 0
326771 0.052980 1
326779 0.000000 0
326786 0.000000 0
326794 0.053270 1
326802 0.000000 0
326810 0.000000 0
326817 0.044710 1
326824 0.000000 0
326832 0.000000 0
326839 0.062730 1
326847 0.000000 0
326854 0.000000 0
326862 0.091690 1
326869 0.000000 0
326876 0.000000 0
326884 0.096790 1
326893 0.000000 0
326900 0.000000 0
326908 0.073790 1
326914 0.000000 0
326922 0.000000 0
326929 0.055370 1
326937 0.000000 0
326944 0.000000 0
326952 0.053700 1
326959 0.000000 0
326966 0.000000 0
326974 0.057660 1
326981 0.000000 0
326988 0.000000 0
326996 0.043840 1
327004 0.000000 0
327012 0.000000 0
327019 0.040410 1
327027 0.000000 0
327034 0.000000 0
327042 0.045880 1
327049 0.000000 0
327056 0.000000 0
327064 0.038270 1
327072 0.000000 0
327080 0.000000 0
327087 0.035580 1
327094 0.000000 0
327102 0.000000 0
327109 0.053560 1
327117 0.000000 0
327124 0.000000 0
327132 0.058850 1
327139 0.000000 0
327146 0.000000 0
327154 0.044880 1
327163 0.000000 0
327170 0.000000 0
327178 0.043490 1
327184 0.000000 0
327192 0.000000 0
327199 0.031970 1
327207 0.000000 0
327214 0.000000 0
327222 0.026490 1
327229 0.000000 0
327236 0.000000 0
327244 0.034490 1
327252 0.000000 0
327260 0.000000 0
327267 0.030990 1
327273 0.000000 0
327280 0.000000 0
327288 0.025010 1
327297 0.000000 0
327304 0.000000 0
327312 0.044010 1
327319 0.000000 0
327326 0.000000 0
327334 0.055240 1
327342 0.000000 0
327350 0.000000 0
327357 0.060500 1
327363 0.000000 0
327370 0.000000 0
327378 0.051070 1
327386 0.000000 0
327394 0.000000 0
327401 0.042970 1
327409 0.000000 0
327416 0.000000 0
327424 0.027050 1
327432 0.000000 0
327440 0.000000 0
327447 0.021740 1
327454 0.000000 0
327462 0.000000 0
327469 0.033600 1
327477 0.000000 0
327484 0.000000 0
327492 0.049090 1
327499 0.000000 0
327506 0.000000 0
327514 0.048630 1
327522 0.000000 0
327530 0.000000 0
327537 0.039830 1
327544 0.000000 0
327552 0.000000 0
327559 0.031480 1
327566 0.000000 0
327574 0.000000 0
327581 0.058200 1
327588 0.000000 0
327596 0.000000 0
327603 0.061260 1
327611 0.000000 0
327618 0.000000 0
327626 0.063940 1
327633 0.000000 0
327640 0.000000 0
327648 0.045550 1
327657 0.000000 0
327664 0.000000 0
327672 0.042970 1
327678 0.000000 0
327686 0.000000 0
327693 0.037050 1
327701 0.000000 0
327708 0.000000 0
327716 0.038670 1
327723 0.000000 0
327730 0.000000 0
327738 0.042250 1
327747 0.000000 0
327754 0.000000 0
327762 0.036010 1
327768 0.000000 0
327776 0.000000 0
327783 0.030240 1
327792 0.000000 0
327800 0.000000 0
327807 0.044880 1
327813 0.000000 0
327820 0.000000 0
327828 0.047350 1
327837 0.000000 0
327844 0.000000 0
327852 0.046710 1
327859 0.000000 0
327866 0.000000 0
327874 0.046050 1
327882 0.000000 0
327890 0.000000 0
327897 0.051220 1
327904 0.000000 0
327912 0.000000 0
327919 0.041150 1
327927 0.000000 0
327934 0.000000 0
327942 0.033600 1
327949 0.000000 0
327956 0.000000 0
327964 0.021390 1
327972 0.000000 0
327980 0.000000 0
327987 0.017460 1
327993 0.000000 0
328000 0.000000 0
328008 0.025600 1
328016 0.000000 0
328024 0.000000 0
328031 0.045040 1
328038 0.000000 0
328046 0.000000 0
328053 0.043490 1
328061 0.000000 0
328068 0.000000 0
328076 0.040020 1
328083 0.000000 0
328090 0.000000 0
328098 0.041890 1
328106 0.000000 0
328114 0.000000 0
328121 0.027890 1
328128 0.000000 0
328136 0.000000 0
328143 0.027620 1
328151 0.000000 0
328158 0.000000 0
328166 0.021390 1
328174 0.000000 0
328182 0.000000 0
328189 0.023440 1
328197 0.000000 0
328204 0.000000 0
328212 0.025310 1
328218 0.000000 0
328226 0.000000 0
328233 0.029740 1
328241 0.000000 0
328248 0.000000 0
328256 0.035160 1
328263 0.000000 0
328270 0.000000 0
328278 0.045550 1
328286 0.000000 0
328294 0.000000 0
328301 0.042250 1
328308 0.000000 0
328316 0.000000 0
328323 0.056340 1
328331 0.000000 0
328338 0.000000 0
328346 0.057800 1
328353 0.000000 0
328360 0.000000 0
328368 0.063580 1
328376 0.000000 0
328384 0.000000 0
328391 0.061750 1
328400 0.000000 0
328408 0.000000 0
328415 0.057940 1
328421 0.000000 0
328428 0.000000 0
328436 0.039830 1
328443 0.000000 0
328450 0.000000 0
328458 0.050630 1
328466 0.000000 0
328474 0.000000 0
328481 0.048310 1
328488 0.000000 0
328496 0.000000 0
328503 0.052260 1
328511 0.000000 0
328518 0.000000 0
328526 0.047350 1
328533 0.000000 0
328540 0.000000 0
328548 0.044880 1
328556 0.000000 0
328564 0.000000 0
328571 0.045720 1
328578 0.000000 0
328586 0.000000 0
328593 0.051220 1
328601 0.000000 0
328608 0.000000 0
328616 0.044010 1
328623 0.000000 0
328630 0.000000 0
328638 0.045550 1
328646 0.000000 0
328654 0.000000 0
328661 0.038070 1
328668 0.000000 0
328676 0.000000 0
328683 0.041700 1
328691 0.000000 0
328698 0.000000 0
328706 0.031480 1
328713 0.000000 0
328720 0.000000 0
328728 0.039250 1
328736 0.000000 0
328744 0.000000 0
328751 0.035800 1
328760 0.000000 0
328768 0.000000 0
328775 0.044190 1
328781 0.000000 0
328788 0.000000 0
328796 0.056200 1
328804 0.000000 0
328812 0.000000 0
328819 0.059100 1
328826 0.000000 0
328834 0.000000 0
328841 0.046710 1
328849 0.000000 0
328856 0.000000 0
328864 0.039440 1
328871 0.000000 0
328878 0.000000 0
328886 0.041150 1
328895 0.000000 0
328902 0.000000 0
328910 0.031970 1
328916 0.000000 0
328924 0.000000 0
328931 0.025310 1
328940 0.000000 0
328948 0.000000 0
328955 0.035800 1
328961 0.000000 0
328968 0.000000 0
328976 0.048160 1
328985 0.000000 0
328992 0.000000 0
329000 0.083860 1
329006 0.000000 0
329014 0.000000 0
329021 0.079180 1
329030 0.000000 0
329038 0.000000 0
329045 0.054540 1
329051 0.000000 0
329058 0.000000 0
329066 0.038470 1
329075 0.000000 0
329082 0.000000 0
329090 0.036640 1
329096 0.000000 0
329104 0.000000 0
329111 0.038470 1
329120 0.000000 0
329128 0.000000 0
329135 0.049090 1
329141 0.000000 0
329148 0.000000 0
329156 0.046370 1
329165 0.000000 0
329172 0.000000 0
329180 0.032210 1
329186 0.000000 0
329194 0.000000 0
329201 0.046220 1
329209 0.000000 0
329216 0.000000 0
329224 0.067310 1
329231 0.000000 0
329238 0.000000 0
329246 0.088640 1
329254 0.000000 0
329262 0.000000 0
329269 0.056730 1
329276 0.000000 0
329284 0.000000 0
329291 0.040210 1
329300 0.000000 0
329308 0.000000 0
329315 0.036220 1
329321 0.000000 0
329328 0.000000 0
329336 0.029480 1
329344 0.000000 0
329352 0.000000 0
329359 0.030500 1
329366 0.000000 0
329374 0.000000 0
329381 0.030240 1
329389 0.000000 0
329396 0.000000 0
329404 0.030750 1
329411 0.000000 0
329418 0.000000 0
329426 0.031480 1
329434 0.000000 0
329442 0.000000 0
329449 0.035580 1
329456 0.000000 0
329464 0.000000 0
329471 0.051220 1
329479 0.000000 0
329486 0.000000 0
329494 0.059620 1
329501 0.000000 0
329508 0.000000 0
329516 0.057660 1
329524 0.000000 0
329532 0.000000 0
329539 0.047670 1
329546 0.000000 0
329554 0.000000 0
329561 0.038270 1
329569 0.000000 0
329576 0.000000 0
329584 0.030750 1
329591 0.000000 0
329598 0.000000 0
329606 0.025310 1
329614 0.000000 0
329622 0.000000 0
329629 0.024380 1
329636 0.000000 0
329644 0.000000 0
329651 0.031970 1
329659 0.000000 0
329666 0.000000 0
329674 0.033140 1
329681 0.000000 0
329688 0.000000 0
329696 0.041340 1
329705 0.000000 0
329712 0.000000 0
329720 0.041340 1
329726 0.000000 0
329734 0.000000 0
329741 0.039250 1
329750 0.000000 0
329758 0.000000 0
329765 0.042790 1
329771 0.000000 0
329778 0.000000 0
329786 0.041520 1
329794 0.000000 0
329802 0.000000 0
329809 0.036850 1
329818 0.000000 0
329826 0.000000 0
329833 0.034040 1
329839 0.000000 0
329846 0.000000 0
329854 0.032910 1
329862 0.000000 0
329870 0.000000 0
329877 0.033140 1
329884 0.000000 0
329892 0.000000 0
329899 0.033600 1
329908 0.000000 0
329916 0.000000 0
329923 0.035800 1
329929 0.000000 0
329936 0.000000 0
329944 0.052550 1
329952 0.000000 0
329960 0.000000 0
329967 0.056060 1
329974 0.000000 0
329982 0.000000 0
329989 0.046050 1
329997 0.000000 0
330004 0.000000 0
330012 0.039440 1
330019 0.000000 0
330026 0.000000 0
330034 0.030990 1
330042 0.000000 0
330050 0.000000 0
330057 0.024080 1
330063 0.000000 0
330070 0.000000 0
330078 0.022430 1
330086 0.000000 0
330094 0.000000 0
330101 0.034270 1
330109 0.000000 0
330116 0.000000 0
330124 0.026200 1
330132 0.000000 0
330140 0.000000 0
330147 0.027890 1
330154 0.000000 0
330162 0.000000 0
330169 0.041520 1
330177 0.000000 0
330184 0.000000 0
330192 0.035160 1
330199 0.000000 0
330206 0.000000 0
330214 0.023440 1
330221 0.000000 0
330228 0.000000 0
330236 0.032440 1
330244 0.000000 0
330252 0.000000 0
330259 0.031480 1
330268 0.000000 0
330276 0.000000 0
330283 0.033370 1
330289 0.000000 0
330296 0.000000 0
330304 0.038670 1
330313 0.000000 0
330320 0.000000 0
330328 0.036420 1
330334 0.000000 0
330342 0.000000 0
330349 0.032670 1
330357 0.000000 0
330364 0.000000 0
330372 0.042970 1
330379 0.000000 0
330386 0.000000 0
330394 0.049710 1
330402 0.000000 0
330410 0.000000 0
330417 0.067660 1
330424 0.000000 0
330432 0.000000 0
330439 0.069980 1
330447 0.000000 0
330454 0.000000 0
330462 0.065480 1
330469 0.000000 0
330476 0.000000 0
330484 0.062120 1
330491 0.000000 0
330498 0.000000 0
330506 0.045380 1
330514 0.000000 0
330522 0.000000 0
330529 0.039440 1
330537 0.000000 0
330544 0.000000 0
330552 0.039440 1
330559 0.000000 0
330566 0.000000 0
330574 0.032670 1
330582 0.000000 0
330590 0.000000 0
330597 0.031720 1
330604 0.000000 0
330612 0.000000 0
330619 0.027890 1
330627 0.000000 0
330634 0.000000 0
330642 0.034040 1
330649 0.000000 0
330656 0.000000 0
330664 0.035800 1
330672 0.000000 0
330680 0.000000 0
330687 0.044010 1
330694 0.000000 0
330702 0.000000 0
330709 0.035160 1
330718 0.000000 0
330726 0.000000 0
330733 0.035370 1
330739 0.000000 0
330746 0.000000 0
330754 0.037050 1
330762 0.000000 0
330770 0.000000 0
330777 0.052980 1
330784 0.000000 0
330792 0.000000 0
330799 0.045380 1
330807 0.000000 0
330814 0.000000 0
330822 0.056870 1
330829 0.000000 0
330836 0.000000 0
330844 0.062360 1
330852 0.000000 0
330860 0.000000 0
330867 0.051670 1
330874 0.000000 0
330882 0.000000 0
330889 0.045380 1
330897 0.000000 0
330904 0.000000 0
330912 0.048160 1
330918 0.000000 0
330926 0.000000 0
330933 0.047200 1
330941 0.000000 0
330948 0.000000 0
330956 0.045210 1
330963 0.000000 0
330970 0.000000 0
330978 0.031970 1
330986 0.000000 0
330994 0.000000 0
331001 0.038270 1
331008 0.000000 0
331016 0.000000 0
331023 0.032440 1
331032 0.000000 0
331040 0.000000 0
331047 0.034710 1
331053 0.000000 0
331060 0.000000 0
331068 0.033370 1
331077 0.000000 0
331084 0.000000 0
331092 0.042250 1
331098 0.000000 0
331106 0.000000 0
331113 0.056870 1
331122 0.000000 0
331130 0.000000 0
331137 0.037050 1
331144 0.000000 0
331152 0.000000 0
331159 0.024700 1
331166 0.000000 0
331174 0.000000 0
331181 0.022430 1
331188 0.000000 0
331196 0.000000 0
331203 0.018720 1
331211 0.000000 0
331218 0.000000 0
331226 0.018310 1
331233 0.000000 0
331240 0.000000 0
331248 0.017010 1
331256 0.000000 0
331264 0.000000 0
331271 0.020290 1
331278 0.000000 0
331286 0.000000 0
331293 0.019910 1
331301 0.000000 0
331308 0.000000 0
331316 0.026200 1
331325 0.000000 0
331332 0.000000 0
331340 0.027890 1
331347 0.000000 0
331354 0.000000 0
331362 0.044010 1
331370 0.000000 0
331378 0.000000 0
331385 0.036640 1
331392 0.000000 0
331400 0.000000 0
331407 0.036850 1
331415 0.000000 0
331422 0.000000 0
331430 0.030500 1
331437 0.000000 0
331444 0.000000 0
331452 0.035580 1
331460 0.000000 0
331468 0.000000 0
331475 0.051960 1
331482 0.000000 0
331490 0.000000 0
331497 0.041520 1
331505 0.000000 0
331512 0.000000 0
331520 0.043670 1
331527 0.000000 0
331534 0.000000 0
331542 0.044880 1
331550 0.000000 0
331558 0.000000 0
331565 0.055510 1
331571 0.000000 0
331578 0.000000 0
331586 0.056870 1
331595 0.000000 0
331602 0.000000 0
331610 0.057660 1
331617 0.000000 0
331624 0.000000 0
331632 0.049090 1
331640 0.000000 0
331648 0.000000 0
331655 0.042070 1
331662 0.000000 0
331670 0.000000 0
331677 0.050630 1
331685 0.000000 0
331692 0.000000 0
331700 0.050020 1
331707 0.000000 0
331714 0.000000 0
331722 0.059880 1
331730 0.000000 0
331738 0.000000 0
331745 0.047030 1
331752 0.000000 0
331760 0.000000 0
331767 0.046050 1
331775 0.000000 0
331782 0.000000 0
331790 0.049870 1
331797 0.000000 0
331804 0.000000 0
331812 0.054260 1
331818 0.000000 0
331826 0.000000 0
331833 0.051510 1
331841 0.000000 0
331848 0.000000 0
331856 0.036640 1
331863 0.000000 0
331870 0.000000 0
331878 0.033830 1
331886 0.000000 0
331894 0.000000 0
331901 0.033830 1
331908 0.000000 0
331916 0.000000 0
331923 0.033830 1
331931 0.000000 0
331938 0.000000 0
331946 0.042250 1
331955 0.000000 0
331962 0.000000 0
331970 0.034930 1
331976 0.000000 0
331984 0.000000 0
331991 0.035160 1
332000 0.000000 0
332008 0.000000 0
332015 0.035160 1
332021 0.000000 0
332028 0.000000 0
332036 0.050170 1
332045 0.000000 0
332052 0.000000 0
332060 0.042970 1
332066 0.000000 0
332074 0.000000 0
332081 0.034930 1
332090 0.000000 0
332098 0.000000 0
332105 0.030990 1
332111 0.000000 0
332118 0.000000 0
332126 0.025600 1
332135 0.000000 0
332142 0.000000 0
332150 0.025910 1
332156 0.000000 0
332164 0.000000 0
332171 0.034490 1
332180 0.000000 0
332188 0.000000 0
332195 0.034040 1
332201 0.000000 0
332208 0.000000 0
332216 0.040770 1
332225 0.000000 0
332232 0.000000 0
332240 0.039830 1
332246 0.000000 0
332254 0.000000 0
332261 0.048940 1
332270 0.000000 0
332278 0.000000 0
332285 0.053560 1
332291 0.000000 0
332298 0.000000 0
332306 0.052400 1
332315 0.000000 0
332322 0.000000 0
332330 0.054690 1
332336 0.000000 0
332344 0.000000 0
332351 0.049090 1
332360 0.000000 0
332368 0.000000 0
332375 0.030750 1
332381 0.000000 0
332388 0.000000 0
332396 0.043670 1
332405 0.000000 0
332412 0.000000 0
332420 0.047670 1
332427 0.000000 0
332434 0.000000 0
332442 0.048630 1
332450 0.000000 0
332458 0.000000 0
332465 0.043670 1
332471 0.000000 0
332478 0.000000 0
332486 0.054260 1
332495 0.000000 0
332502 0.000000 0
332510 0.085570 1
332516 0.000000 0
332524 0.000000 0
332531 0.065350 1
332539 0.000000 0
332546 0.000000 0
332554 0.047840 1
332561 0.000000 0
332568 0.000000 0
332576 0.033140 1
332584 0.000000 0
332592 0.000000 0
332599 0.035370 1
332606 0.000000 0
332614 0.000000 0
332621 0.031720 1
332629 0.000000 0
332636 0.000000 0
332644 0.036640 1
332651 0.000000 0
332658 0.000000 0
332666 0.033830 1
332674 0.000000 0
332682 0.000000 0
332689 0.031720 1
332696 0.000000 0
332704 0.000000 0
332711 0.036850 1
332719 0.000000 0
332726 0.000000 0
332734 0.056870 1
332741 0.000000 0
332748 0.000000 0
332756 0.043840 1
332764 0.000000 0
332772 0.000000 0
332779 0.035800 1
332786 0.000000 0
332794 0.000000 0
332801 0.033370 1
332809 0.000000 0
332816 0.000000 0
332824 0.035800 1
332831 0.000000 0
332838 0.000000 0
332846 0.027890 1
332854 0.000000 0
332862 0.000000 0
332869 0.038270 1
332876 0.000000 0
332884 0.000000 0
332891 0.038270 1
332899 0.000000 0
332906 0.000000 0
332914 0.035800 1
332921 0.000000 0
332928 0.000000 0
332936 0.045380 1
332944 0.000000 0
332952 0.000000 0
332959 0.036420 1
332967 0.000000 0
332974 0.000000 0
332982 0.090850 1
332989 0.000000 0
332996 0.000000 0
333004 0.092520 1
333011 0.000000 0
333018 0.000000 0
333026 0.077930 1
333035 0.000000 0
333042 0.000000 0
333050 0.056730 1
333056 0.000000 0
333064 0.000000 0
333071 0.048160 1
333080 0.000000 0
333088 0.000000 0
333095 0.041700 1
333101 0.000000 0
333108 0.000000 0
333116 0.039830 1
333124 0.000000 0
333132 0.000000 0
333139 0.039640 1
333146 0.000000 0
333154 0.000000 0
333161 0.043670 1
333169 0.000000 0
333176 0.000000 0
333184 0.038670 1
333191 0.000000 0
333198 0.000000 0
333206 0.035800 1
333214 0.000000 0
333222 0.000000 0
333229 0.051670 1
333236 0.000000 0
333244 0.000000 0
333251 0.052690 1
333259 0.000000 0
333266 0.000000 0
333274 0.047840 1
333281 0.000000 0
333288 0.000000 0
333296 0.030990 1
333304 0.000000 0
333312 0.000000 0
333319 0.045880 1
333326 0.000000 0
333334 0.000000 0
333341 0.039250 1
333349 0.000000 0
333356 0.000000 0
333364 0.030750 1
333371 0.000000 0
333378 0.000000 0
333386 0.034490 1
333395 0.000000 0
333402 0.000000 0
333410 0.037660 1
333416 0.000000 0
333424 0.000000 0
333431 0.032670 1
333439 0.000000 0
333446 0.000000 0
333454 0.046880 1
333461 0.000000 0
333468 0.000000 0
333476 0.045380 1
333484 0.000000 0
333492 0.000000 0
333499 0.030990 1
333506 0.000000 0
333514 0.000000 0
333521 0.023760 1
333529 0.000000 0
333536 0.000000 0
333544 0.036420 1
333551 0.000000 0
333558 0.000000 0
333566 0.034490 1
333574 0.000000 0
333582 0.000000 0
333589 0.034040 1
333596 0.000000 0
333604 0.000000 0
333611 0.040770 1
333619 0.000000 0
333626 0.000000 0
333634 0.033600 1
333641 0.000000 0
333648 0.000000 0
333656 0.023760 1
333664 0.000000 0
333672 0.000000 0
333679 0.033600 1
333686 0.000000 0
333694 0.000000 0
333701 0.046220 1
333709 0.000000 0
333716 0.000000 0
333724 0.030750 1
333732 0.000000 0
333740 0.000000 0
333747 0.033370 1
333754 0.000000 0
333762 0.000000 0
333769 0.035370 1
333777 0.000000 0
333784 0.000000 0
333792 0.034930 1
333799 0.000000 0
333806 0.000000 0
333814 0.038670 1
333822 0.000000 0
333830 0.000000 0
333837 0.034270 1
333844 0.000000 0
333852 0.000000 0
333859 0.025010 1
333866 0.000000 0
333874 0.000000 0
333881 0.036010 1
333889 0.000000 0
333896 0.000000 0
333904 0.035370 1
333912 0.000000 0
333920 0.000000 0
333927 0.040020 1
333934 0.000000 0
333942 0.000000 0
333949 0.038470 1
333958 0.000000 0
333966 0.000000 0
333973 0.043490 1
333979 0.000000 0
333986 0.000000 0
333994 0.044190 1
334002 0.000000 0
334010 0.000000 0
334017 0.041700 1
334024 0.000000 0
334032 0.000000 0
334039 0.041520 1
334048 0.000000 0
334056 0.000000 0
334063 0.032670 1
334069 0.000000 0
334076 0.000000 0
334084 0.037460 1
334093 0.000000 0
334100 0.000000 0
334108 0.047200 1
334114 0.000000 0
334122 0.000000 0
334129 0.054120 1
334137 0.000000 0
334144 0.000000 0
334152 0.076340 1
334159 0.000000 0
334166 0.000000 0
334174 0.074830 1
334182 0.000000 0
334190 0.000000 0
334197 0.068210 1
334204 0.000000 0
334212 0.000000 0
334219 0.054540 1
334228 0.000000 0
334236 0.000000 0
334243 0.041340 1
334249 0.000000 0
334256 0.000000 0
334264 0.040410 1
334273 0.000000 0
334280 0.000000 0
334288 0.036010 1
334294 0.000000 0
334302 0.000000 0
334309 0.047200 1
334318 0.000000 0
334326 0.000000 0
334333 0.037260 1
334339 0.000000 0
334346 0.000000 0
334354 0.035580 1
334363 0.000000 0
334370 0.000000 0
334378 0.034710 1
334384 0.000000 0
334392 0.000000 0
334399 0.035370 1
334407 0.000000 0
334414 0.000000 0
334422 0.061880 1
334429 0.000000 0
334436 0.000000 0
334444 0.069430 1
334452 0.000000 0
334460 0.000000 0
334467 0.053830 1
334474 0.000000 0
334482 0.000000 0
334489 0.041520 1
334497 0.000000 0
334504 0.000000 0
334512 0.050920 1
334519 0.000000 0
334526 0.000000 0
334534 0.053560 1
334542 0.000000 0
334550 0.000000 0
334557 0.056060 1
334563 0.000000 0
334570 0.000000 0
334578 0.053830 1
334587 0.000000 0
334594 0.000000 0
334602 0.037260 1
334609 0.000000 0
334616 0.000000 0
334624 0.061880 1
334632 0.000000 0
334640 0.000000 0
334647 0.065000 1
334654 0.000000 0
334662 0.000000 0
334669 0.051820 1
334677 0.000000 0
334684 0.000000 0
334692 0.049870 1
334699 0.000000 0
334706 0.000000 0
334714 0.027620 1
334723 0.000000 0
334730 0.000000 0
334738 0.043670 1
334744 0.000000 0
334752 0.000000 0
334759 0.050920 1
334767 0.000000 0
334774 0.000000 0
334782 0.041890 1
334789 0.000000 0
334796 0.000000 0
334804 0.037870 1
334812 0.000000 0
334820 0.000000 0
334827 0.058590 1
334833 0.000000 0
334840 0.000000 0
334848 0.077820 1
334856 0.000000 0
334864 0.000000 0
334871 0.073270 1
334878 0.000000 0
334886 0.000000 0
334893 0.062000 1
334901 0.000000 0
334908 0.000000 0
334916 0.053970 1
334923 0.000000 0
334930 0.000000 0
334938 0.040410 1
334947 0.000000 0
334954 0.000000 0
334962 0.033140 1
334968 0.000000 0
334976 0.000000 0
334983 0.047200 1
334992 0.000000 0
335000 0.000000 0
335007 0.040410 1
335013 0.000000 0
335020 0.000000 0
335028 0.036010 1
335037 0.000000 0
335044 0.000000 0
335052 0.040770 1
335058 0.000000 0
335066 0.000000 0
335073 0.030240 1
335082 0.000000 0
335090 0.000000 0
335097 0.039640 1
335104 0.000000 0
335112 0.000000 0
335119 0.045880 1
335127 0.000000 0
335134 0.000000 0
335142 0.039440 1
335149 0.000000 0
335156 0.000000 0
335164 0.028960 1
335172 0.000000 0
335180 0.000000 0
335187 0.019530 1
335194 0.000000 0
335202 0.000000 0
335209 0.042420 1
335217 0.000000 0
335224 0.000000 0
335232 0.036850 1
335238 0.000000 0
335246 0.000000 0
335253 0.038470 1
335262 0.000000 0
335270 0.000000 0
335277 0.034270 1
335283 0.000000 0
335290 0.000000 0
335298 0.047030 1
335307 0.000000 0
335314 0.000000 0
335322 0.070190 1
335328 0.000000 0
335336 0.000000 0
335343 0.045720 1
335352 0.000000 0
335360 0.000000 0
335367 0.047670 1
335373 0.000000 0
335380 0.000000 0
335388 0.033830 1
335397 0.000000 0
335404 0.000000 0
335412 0.030990 1
335419 0.000000 0
335426 0.000000 0
335434 0.044190 1
335441 0.000000 0
335448 0.000000 0
335456 0.024700 1
335463 0.000000 0
335470 0.000000 0
335478 0.043320 1
335486 0.000000 0
335494 0.000000 0
335501 0.042250 1
335508 0.000000 0
335516 0.000000 0
335523 0.045880 1
335531 0.000000 0
335538 0.000000 0
335546 0.042790 1
335553 0.000000 0
335560 0.000000 0
335568 0.054540 1
335576 0.000000 0
335584 0.000000 0
335591 0.049560 1
335598 0.000000 0
335606 0.000000 0
335613 0.038860 1
335621 0.000000 0
335628 0.000000 0
335636 0.033830 1
335643 0.000000 0
335650 0.000000 0
335658 0.032910 1
335666 0.000000 0
335674 0.000000 0
335681 0.033600 1
335688 0.000000 0
335696 0.000000 0
335703 0.035580 1
335711 0.000000 0
335718 0.000000 0
335726 0.039440 1
335733 0.000000 0
335740 0.000000 0
335748 0.028700 1
335756 0.000000 0
335764 0.000000 0
335771 0.035160 1
335778 0.000000 0
335786 0.000000 0
335793 0.034040 1
335801 0.000000 0
335808 0.000000 0
335816 0.033140 1
335823 0.000000 0
335830 0.000000 0
335838 0.036640 1
335846 0.000000 0
335854 0.000000 0
335861 0.042250 1
335870 0.000000 0
335878 0.000000 0
335885 0.035580 1
335891 0.000000 0
335898 0.000000 0
335906 0.040960 1
335915 0.000000 0
335922 0.000000 0
335930 0.045720 1
335936 0.000000 0
335944 0.000000 0
335951 0.046880 1
335960 0.000000 0
335968 0.000000 0
335975 0.046370 1
335981 0.000000 0
335988 0.000000 0
335996 0.040020 1
336005 0.000000 0
336012 0.000000 0
336020 0.044530 1
336026 0.000000 0
336034 0.000000 0
336041 0.053560 1
336049 0.000000 0
336056 0.000000 0
336064 0.047350 1
336071 0.000000 0
336078 0.000000 0
336086 0.039640 1
336095 0.000000 0
336102 0.000000 0
336110 0.044190 1
336116 0.000000 0
336124 0.000000 0
336131 0.039250 1
336139 0.000000 0
336146 0.000000 0
336154 0.038670 1
336161 0.000000 0
336168 0.000000 0
336176 0.045380 1
336185 0.000000 0
336192 0.000000 0
336200 0.047030 1
336206 0.000000 0
336214 0.000000 0
336221 0.052980 1
336229 0.000000 0
336236 0.000000 0
336244 0.047990 1
336251 0.000000 0
336258 0.000000 0
336266 0.079290 1
336275 0.000000 0
336282 0.000000 0
336290 0.068990 1
336296 0.000000 0
336304 0.000000 0
336311 0.060640 1
336320 0.000000 0
336328 0.000000 0
336335 0.059360 1
336341 0.000000 0
336348 0.000000 0
336356 0.062240 1
336364 0.000000 0
336372 0.000000 0
336379 0.049870 1
336386 0.000000 0
336394 0.000000 0
336401 0.042600 1
336409 0.000000 0
336416 0.000000 0
336424 0.039250 1
336432 0.000000 0
336440 0.000000 0
336447 0.039060 1
336455 0.000000 0
336462 0.000000 0
336470 0.052690 1
336476 0.000000 0
336484 0.000000 0
336491 0.052550 1
336499 0.000000 0
336506 0.000000 0
336514 0.050920 1
336521 0.000000 0
336528 0.000000 0
336536 0.043670 1
336544 0.000000 0
336552 0.000000 0
336559 0.043670 1
336566 0.000000 0
336574 0.000000 0
336581 0.033600 1
336589 0.000000 0
336596 0.000000 0
336604 0.033140 1
336611 0.000000 0
336618 0.000000 0
336626 0.029480 1
336634 0.000000 0
336642 0.000000 0
336649 0.042420 1
336656 0.000000 0
336664 0.000000 0
336671 0.039250 1
336679 0.000000 0
336686 0.000000 0
336694 0.045380 1
336701 0.000000 0
336708 0.000000 0
336716 0.044530 1
336725 0.000000 0
336732 0.000000 0
336740 0.048630 1
336746 0.000000 0
336754 0.000000 0
336761 0.047670 1
336770 0.000000 0
336778 0.000000 0
336785 0.038270 1
336791 0.000000 0
336798 0.000000 0
336806 0.036640 1
336815 0.000000 0
336822 0.000000 0
336830 0.042970 1
336836 0.000000 0
336844 0.000000 0
336851 0.039250 1
336859 0.000000 0
336866 0.000000 0
336874 0.037660 1
336881 0.000000 0
336888 0.000000 0
336896 0.041890 1
336904 0.000000 0
336912 0.000000 0
336919 0.040590 1
336926 0.000000 0
336934 0.000000 0
336941 0.044010 1
336950 0.000000 0
336958 0.000000 0
336965 0.072760 1
336971 0.000000 0
336978 0.000000 0
336986 0.068990 1
336994 0.000000 0
337002 0.000000 0
337009 0.056600 1
337016 0.000000 0
337024 0.000000 0
337031 0.056340 1
337039 0.000000 0
337046 0.000000 0
337054 0.054540 1
337061 0.000000 0
337068 0.000000 0
337076 0.047990 1
337084 0.000000 0
337092 0.000000 0
337099 0.039830 1
337106 0.000000 0
337114 0.000000 0
337121 0.037870 1
337129 0.000000 0
337136 0.000000 0
337144 0.038470 1
337151 0.000000 0
337158 0.000000 0
337166 0.035370 1
337174 0.000000 0
337182 0.000000 0
337189 0.040960 1
337196 0.000000 0
337204 0.000000 0
337211 0.055370 1
337220 0.000000 0
337228 0.000000 0
337235 0.057130 1
337241 0.000000 0
337248 0.000000 0
337256 0.048310 1
337264 0.000000 0
337272 0.000000 0
337279 0.048460 1
337286 0.000000 0
337294 0.000000 0
337301 0.046540 1
337309 0.000000 0
337316 0.000000 0
337324 0.038270 1
337331 0.000000 0
337338 0.000000 0
337346 0.038270 1
337355 0.000000 0
337362 0.000000 0
337370 0.027620 1
337376 0.000000 0
337384 0.000000 0
337391 0.034040 1
337399 0.000000 0
337406 0.000000 0
337414 0.040770 1
337421 0.000000 0
337428 0.000000 0
337436 0.061750 1
337444 0.000000 0
337452 0.000000 0
337459 0.044190 1
337466 0.000000 0
337474 0.000000 0
337481 0.042420 1
337490 0.000000 0
337498 0.000000 0
337505 0.037870 1
337511 0.000000 0
337518 0.000000 0
337526 0.041700 1
337535 0.000000 0
337542 0.000000 0
337550 0.036010 1
337556 0.000000 0
337564 0.000000 0
337571 0.031250 1
337580 0.000000 0
337588 0.000000 0
337595 0.048940 1
337601 0.000000 0
337608 0.000000 0
337616 0.041340 1
337624 0.000000 0
337632 0.000000 0
337639 0.075030 1
337646 0.000000 0
337654 0.000000 0
337661 0.059880 1
337670 0.000000 0
337678 0.000000 0
337685 0.051820 1
337691 0.000000 0
337698 0.000000 0
337706 0.048160 1
337714 0.000000 0
337722 0.000000 0
337729 0.043320 1
337736 0.000000 0
337744 0.000000 0
337751 0.038860 1
337760 0.000000 0
337768 0.000000 0
337775 0.030240 1
337781 0.000000 0
337788 0.000000 0
337796 0.033830 1
337804 0.000000 0
337812 0.000000 0
337819 0.040960 1
337826 0.000000 0
337834 0.000000 0
337841 0.038070 1
337850 0.000000 0
337858 0.000000 0
337865 0.027340 1
337871 0.000000 0
337878 0.000000 0
337886 0.043140 1
337895 0.000000 0
337902 0.000000 0
337910 0.047350 1
337916 0.000000 0
337924 0.000000 0
337931 0.043670 1
337940 0.000000 0
337948 0.000000 0
337955 0.035160 1
337961 0.000000 0
337968 0.000000 0
337976 0.024380 1
337984 0.000000 0
337992 0.000000 0
337999 0.025310 1
338006 0.000000 0
338014 0.000000 0
338021 0.032210 1
338029 0.000000 0
338036 0.000000 0
338044 0.046540 1
338051 0.000000 0
338058 0.000000 0
338066 0.040020 1
338074 0.000000 0
338082 0.000000 0
338089 0.037660 1
338096 0.000000 0
338104 0.000000 0
338111 0.044190 1
338119 0.000000 0
338126 0.000000 0
338134 0.056870 1
338141 0.000000 0
338148 0.000000 0
338156 0.060000 1
338164 0.000000 0
338172 0.000000 0
338179 0.040020 1
338186 0.000000 0
338194 0.000000 0
338201 0.033370 1
338209 0.000000 0
338216 0.000000 0
338224 0.039440 1
338231 0.000000 0
338238 0.000000 0
338246 0.040210 1
338255 0.000000 0
338262 0.000000 0
338270 0.049260 1
338276 0.000000 0
338284 0.000000 0
338291 0.046050 1
338299 0.000000 0
338306 0.000000 0
338314 0.041700 1
338321 0.000000 0
338328 0.000000 0
338336 0.036640 1
338344 0.000000 0
338352 0.000000 0
338359 0.042250 1
338366 0.000000 0
338374 0.000000 0
338381 0.048160 1
338390 0.000000 0
338398 0.000000 0
338405 0.050020 1
338411 0.000000 0
338418 0.000000 0
338426 0.037660 1
338434 0.000000 0
338442 0.000000 0
338449 0.033600 1
338456 0.000000 0
338464 0.000000 0
338471 0.028700 1
338479 0.000000 0
338486 0.000000 0
338494 0.040590 1
338501 0.000000 0
338508 0.000000 0
338516 0.030750 1
338524 0.000000 0
338532 0.000000 0
338539 0.035160 1
338546 0.000000 0
338554 0.000000 0
338561 0.038470 1
338569 0.000000 0
338576 0.000000 0
338584 0.036220 1
338591 0.000000 0
338598 0.000000 0
338606 0.048940 1
338614 0.000000 0
338622 0.000000 0
338629 0.040770 1
338636 0.000000 0
338644 0.000000 0
338651 0.042420 1
338659 0.000000 0
338666 0.000000 0
338674 0.036420 1
338681 0.000000 0
338688 0.000000 0
338696 0.043140 1
338705 0.000000 0
338712 0.000000 0
338720 0.044010 1
338726 0.000000 0
338734 0.000000 0
338741 0.039830 1
338749 0.000000 0
338756 0.000000 0
338764 0.050170 1
338771 0.000000 0
338778 0.000000 0
338786 0.047030 1
338794 0.000000 0
338802 0.000000 0
338809 0.046540 1
338816 0.000000 0
338824 0.000000 0
338831 0.041150 1
338839 0.000000 0
338846 0.000000 0
338854 0.040590 1
338861 0.000000 0
338868 0.000000 0
338876 0.030000 1
338884 0.000000 0
338892 0.000000 0
338899 0.032910 1
338906 0.000000 0
338914 0.000000 0
338921 0.031720 1
338929 0.000000 0
338936 0.000000 0
338944 0.032210 1
338952 0.000000 0
338960 0.000000 0
338967 0.029740 1
338974 0.000000 0
338982 0.000000 0
338989 0.030240 1
338996 0.000000 0
339004 0.000000 0
339011 0.022430 1
339019 0.000000 0
339026 0.000000 0
339034 0.014600 1
339041 0.000000 0
339048 0.000000 0
339056 0.031480 1
339065 0.000000 0
339072 0.000000 0
339080 0.036420 1
339086 0.000000 0
339094 0.000000 0
339101 0.037460 1
339109 0.000000 0
339116 0.000000 0
339124 0.027890 1
339131 0.000000 0
339138 0.000000 0
339146 0.034710 1
339154 0.000000 0
339162 0.000000 0
339169 0.043840 1
339178 0.000000 0
339186 0.000000 0
339193 0.045720 1
339199 0.000000 0
339206 0.000000 0
339214 0.049260 1
339222 0.000000 0
339230 0.000000 0
339237 0.053700 1
339244 0.000000 0
339252 0.000000 0
339259 0.046050 1
339267 0.000000 0
339274 0.000000 0
339282 0.048780 1
339289 0.000000 0
339296 0.000000 0
339304 0.058590 1
339313 0.000000 0
339320 0.000000 0
339328 0.052690 1
339333 0.000000 0
339340 0.000000 0
339348 0.042420 1
339357 0.000000 0
339364 0.000000 0
339372 0.050630 1
339379 0.000000 0
339386 0.000000 0
339394 0.021740 1
339402 0.000000 0
339410 0.000000 0
339417 0.031250 1
339424 0.000000 0
339432 0.000000 0
339439 0.035370 1
339447 0.000000 0
339454 0.000000 0
339462 0.029480 1
339469 0.000000 0
339476 0.000000 0
339484 0.025010 1
339492 0.000000 0
339500 0.000000 0
339507 0.032670 1
339514 0.000000 0
339522 0.000000 0
339529 0.058460 1
339536 0.000000 0
339544 0.000000 0
339551 0.068670 1
339559 0.000000 0
339566 0.000000 0
339574 0.059880 1
339583 0.000000 0
339590 0.000000 0
339598 0.054960 1
339604 0.000000 0
339612 0.000000 0
339619 0.041520 1
339628 0.000000 0
339636 0.000000 0
339643 0.035580 1
339649 0.000000 0
339656 0.000000 0
339664 0.023760 1
339673 0.000000 0
339680 0.000000 0
339688 0.030000 1
339694 0.000000 0
339702 0.000000 0
339709 0.034490 1
339717 0.000000 0
339724 0.000000 0
339732 0.033600 1
339739 0.000000 0
339746 0.000000 0
339754 0.041150 1
339762 0.000000 0
339770 0.000000 0
339777 0.067540 1
339784 0.000000 0
339792 0.000000 0
339799 0.074010 1
339806 0.000000 0
339814 0.000000 0
339821 0.064180 1
339828 0.000000 0
339836 0.000000 0
339843 0.046370 1
339853 0.000000 0
339860 0.000000 0
339868 0.036220 1
339874 0.000000 0
339882 0.000000 0
339889 0.032910 1
339897 0.000000 0
339904 0.000000 0
339912 0.040960 1
339919 0.000000 0
339926 0.000000 0
339934 0.045720 1
339942 0.000000 0
339950 0.000000 0
339957 0.047670 1
339964 0.000000 0
339972 0.000000 0
339979 0.046540 1
339987 0.000000 0
339994 0.000000 0
340002 0.055920 1
340009 0.000000 0
340016 0.000000 0
340024 0.058060 1
340032 0.000000 0
340040 0.000000 0
340047 0.061630 1
340054 0.000000 0
340062 0.000000 0
340069 0.056730 1
340077 0.000000 0
340084 0.000000 0
340092 0.047030 1
340099 0.000000 0
340106 0.000000 0
340114 0.049090 1
340122 0.000000 0
340130 0.000000 0
340137 0.048310 1
340144 0.000000 0
340152 0.000000 0
340159 0.044710 1
340167 0.000000 0
340174 0.000000 0
340182 0.034270 1
340188 0.000000 0
340196 0.000000 0
340203 0.040020 1
340211 0.000000 0
340218 0.000000 0
340226 0.039250 1
340233 0.000000 0
340240 0.000000 0
340248 0.047840 1
340257 0.000000 0
340264 0.000000 0
340272 0.042970 1
340278 0.000000 0
340286 0.000000 0
340293 0.033830 1
340301 0.000000 0
340308 0.000000 0
340316 0.024380 1
340324 0.000000 0
340332 0.000000 0
340339 0.030750 1
340347 0.000000 0
340354 0.000000 0
340362 0.030240 1
340369 0.000000 0
340376 0.000000 0
340384 0.041520 1
340392 0.000000 0
340400 0.000000 0
340407 0.041340 1
340415 0.000000 0
340422 0.000000 0
340430 0.032440 1
340437 0.000000 0
340444 0.000000 0
340452 0.036850 1
340460 0.000000 0
340468 0.000000 0
340475 0.064650 1
340482 0.000000 0
340490 0.000000 0
340497 0.058720 1
340505 0.000000 0
340512 0.000000 0
340520 0.049410 1
340527 0.000000 0
340534 0.000000 0
340542 0.040960 1
340550 0.000000 0
340558 0.000000 0
340565 0.040020 1
340572 0.000000 0
340580 0.000000 0
340587 0.047840 1
340595 0.000000 0
340602 0.000000 0
340610 0.038860 1
340617 0.000000 0
340624 0.000000 0
340632 0.034490 1
340640 0.000000 0
340648 0.000000 0
340655 0.039830 1
340662 0.000000 0
340670 0.000000 0
340677 0.037660 1
340683 0.000000 0
340690 0.000000 0
340698 0.049710 1
340707 0.000000 0
340714 0.000000 0
340722 0.049870 1
340730 0.000000 0
340738 0.000000 0
340745 0.046050 1
340752 0.000000 0
340760 0.000000 0
340767 0.034040 1
340775 0.000000 0
340782 0.000000 0
340790 0.039830 1
340797 0.000000 0
340804 0.000000 0
340812 0.033600 1
340820 0.000000 0
340828 0.000000 0
340835 0.027050 1
340842 0.000000 0
340850 0.000000 0
340857 0.031250 1
340865 0.000000 0
340872 0.000000 0
340880 0.032210 1
340887 0.000000 0
340894 0.000000 0
340902 0.041700 1
340910 0.000000 0
340918 0.000000 0
340925 0.039250 1
340932 0.000000 0
340940 0.000000 0
340947 0.050780 1
340955 0.000000 0
340962 0.000000 0
340970 0.051220 1
340977 0.000000 0
340984 0.000000 0
340992 0.040590 1
341000 0.000000 0
341008 0.000000 0
341015 0.047350 1
341022 0.000000 0
341030 0.000000 0
341037 0.037460 1
341045 0.000000 0
341052 0.000000 0
341060 0.049410 1
341067 0.000000 0
341074 0.000000 0
341082 0.053410 1
341090 0.000000 0
341098 0.000000 0
341105 0.042790 1
341112 0.000000 0
341120 0.000000 0
341127 0.038670 1
341135 0.000000 0
341142 0.000000 0
341150 0.039440 1
341156 0.000000 0
341164 0.000000 0
341171 0.034710 1
341178 0.000000 0
341186 0.000000 0
341193 0.035370 1
341201 0.000000 0
341208 0.000000 0
341216 0.038070 1
341223 0.000000 0
341230 0.000000 0
341238 0.034710 1
341246 0.000000 0
341254 0.000000 0
341261 0.027890 1
341270 0.000000 0
341278 0.000000 0
341285 0.032210 1
341291 0.000000 0
341298 0.000000 0
341306 0.031250 1
341315 0.000000 0
341322 0.000000 0
341330 0.036220 1
341336 0.000000 0
341344 0.000000 0
341351 0.036220 1
341360 0.000000 0
341368 0.000000 0
341375 0.030990 1
341381 0.000000 0
341388 0.000000 0
341396 0.029220 1
341405 0.000000 0
341412 0.000000 0
341420 0.053410 1
341426 0.000000 0
341434 0.000000 0
341441 0.039830 1
341450 0.000000 0
341458 0.000000 0
341465 0.032210 1
341471 0.000000 0
341478 0.000000 0
341486 0.040590 1
341494 0.000000 0
341502 0.000000 0
341509 0.042600 1
341516 0.000000 0
341524 0.000000 0
341531 0.044010 1
341540 0.000000 0
341548 0.000000 0
341555 0.031970 1
341561 0.000000 0
341568 0.000000 0
341576 0.043840 1
341585 0.000000 0
341592 0.000000 0
341600 0.040770 1
341606 0.000000 0
341614 0.000000 0
341621 0.040020 1
341630 0.000000 0
341638 0.000000 0
341645 0.054260 1
341651 0.000000 0
341658 0.000000 0
341666 0.056600 1
341675 0.000000 0
341682 0.000000 0
341690 0.047030 1
341696 0.000000 0
341704 0.000000 0
341711 0.046710 1
341719 0.000000 0
341726 0.000000 0
341734 0.037660 1
341741 0.000000 0
341748 0.000000 0
341756 0.044360 1
341765 0.000000 0
341772 0.000000 0
341780 0.035800 1
341786 0.000000 0
341794 0.000000 0
341801 0.030500 1
341809 0.000000 0
341816 0.000000 0
341824 0.034040 1
341831 0.000000 0
341838 0.000000 0
341846 0.032670 1
341855 0.000000 0
341862 0.000000 0
341870 0.053270 1
341876 0.000000 0
341884 0.000000 0
341891 0.054120 1
341899 0.000000 0
341906 0.000000 0
341914 0.056730 1
341921 0.000000 0
341928 0.000000 0
341936 0.060000 1
341945 0.000000 0
341952 0.000000 0
341960 0.050320 1
341966 0.000000 0
341974 0.000000 0
341981 0.049260 1
341989 0.000000 0
341996 0.000000 0
342004 0.055240 1
342011 0.000000 0
342018 0.000000 0
342026 0.054960 1
342034 0.000000 0
342042 0.000000 0
342049 0.051960 1
342056 0.000000 0
342064 0.000000 0
342071 0.048630 1
342079 0.000000 0
342086 0.000000 0
342094 0.040960 1
342101 0.000000 0
342108 0.000000 0
342116 0.068100 1
342124 0.000000 0
342132 0.000000 0
342139 0.063940 1
342146 0.000000 0
342154 0.000000 0
342161 0.040410 1
342169 0.000000 0
342176 0.000000 0
342184 0.037660 1
342191 0.000000 0
342198 0.000000 0
342206 0.028170 1
342214 0.000000 0
342222 0.000000 0
342229 0.028700 1
342236 0.000000 0
342244 0.000000 0
342251 0.036640 1
342259 0.000000 0
342266 0.000000 0
342274 0.039830 1
342281 0.000000 0
342288 0.000000 0
342296 0.034270 1
342304 0.000000 0
342312 0.000000 0
342319 0.025310 1
342326 0.000000 0
342334 0.000000 0
342341 0.028170 1
342349 0.000000 0
342356 0.000000 0
342364 0.039440 1
342371 0.000000 0
342378 0.000000 0
342386 0.029220 1
342394 0.000000 0
342402 0.000000 0
342409 0.025310 1
342416 0.000000 0
342424 0.000000 0
342431 0.027340 1
342439 0.000000 0
342446 0.000000 0
342454 0.030240 1
342461 0.000000 0
342468 0.000000 0
342476 0.047350 1
342485 0.000000 0
342492 0.000000 0
342500 0.061260 1
342506 0.000000 0
342514 0.000000 0
342521 0.050630 1
342529 0.000000 0
342536 0.000000 0
342544 0.044190 1
342551 0.000000 0
342558 0.000000 0
342566 0.036640 1
342574 0.000000 0
342582 0.000000 0
342589 0.044880 1
342596 0.000000 0
342604 0.000000 0
342611 0.064180 1
342619 0.000000 0
342626 0.000000 0
342634 0.052980 1
342641 0.000000 0
342648 0.000000 0
342656 0.044360 1
342664 0.000000 0
342672 0.000000 0
342679 0.043490 1
342686 0.000000 0
342694 0.000000 0
342701 0.038470 1
342709 0.000000 0
342716 0.000000 0
342724 0.031970 1
342731 0.000000 0
342738 0.000000 0
342746 0.030240 1
342754 0.000000 0
342762 0.000000 0
342769 0.030500 1
342776 0.000000 0
342784 0.000000 0
342791 0.024700 1
342799 0.000000 0
342806 0.000000 0
342814 0.040590 1
342821 0.000000 0
342828 0.000000 0
342836 0.039640 1
342844 0.000000 0
342852 0.000000 0
342859 0.037460 1
342866 0.000000 0
342874 0.000000 0
342881 0.029480 1
342889 0.000000 0
342896 0.000000 0
342904 0.023440 1
342911 0.000000 0
342918 0.000000 0
342926 0.027890 1
342934 0.000000 0
342942 0.000000 0
342949 0.042970 1
342956 0.000000 0
342964 0.000000 0
342971 0.039060 1
342979 0.000000 0
342986 0.000000 0
342994 0.031970 1
343001 0.000000 0
343008 0.000000 0
343016 0.033830 1
343024 0.000000 0
343032 0.000000 0
343039 0.037460 1
343046 0.000000 0
343054 0.000000 0
343061 0.047670 1
343069 0.000000 0
343076 0.000000 0
343084 0.045380 1
343091 0.000000 0
343098 0.000000 0
343106 0.043840 1
343114 0.000000 0
343122 0.000000 0
343129 0.025010 1
343136 0.000000 0
343144 0.000000 0
343151 0.037460 1
343159 0.000000 0
343166 0.000000 0
343174 0.045720 1
343181 0.000000 0
343188 0.000000 0
343196 0.053700 1
343204 0.000000 0
343212 0.000000 0
343219 0.047200 1
343226 0.000000 0
343234 0.000000 0
343241 0.044010 1
343249 0.000000 0
343256 0.000000 0
343264 0.036010 1
343271 0.000000 0
343278 0.000000 0
343286 0.065000 1
343295 0.000000 0
343302 0.000000 0
343310 0.071060 1
343316 0.000000 0
343324 0.000000 0
343331 0.068330 1
343339 0.000000 0
343346 0.000000 0
343354 0.051960 1
343361 0.000000 0
343368 0.000000 0
343376 0.057800 1
343385 0.000000 0
343392 0.000000 0
343400 0.053270 1
343406 0.000000 0
343414 0.000000 0
343421 0.044710 1
343430 0.000000 0
343438 0.000000 0
343445 0.033370 1
343451 0.000000 0
343458 0.000000 0
343466 0.036220 1
343474 0.000000 0
343482 0.000000 0
343489 0.036220 1
343496 0.000000 0
343504 0.000000 0
343511 0.043140 1
343519 0.000000 0
343526 0.000000 0
343534 0.044880 1
343541 0.000000 0
343548 0.000000 0
343556 0.042420 1
343564 0.000000 0
343572 0.000000 0
343579 0.047520 1
343586 0.000000 0
343594 0.000000 0
343601 0.044530 1
343610 0.000000 0
343618 0.000000 0
343625 0.034930 1
343631 0.000000 0
343638 0.000000 0
343646 0.037050 1
343654 0.000000 0
343662 0.000000 0
343669 0.040590 1
343676 0.000000 0
343684 0.000000 0
343691 0.041150 1
343699 0.000000 0
343706 0.000000 0
343714 0.030990 1
343721 0.000000 0
343728 0.000000 0
343736 0.025310 1
343744 0.000000 0
343752 0.000000 0
343759 0.035800 1
343766 0.000000 0
343774 0.000000 0
343781 0.055370 1
343789 0.000000 0
343796 0.000000 0
343804 0.056460 1
343811 0.000000 0
343818 0.000000 0
343826 0.058980 1
343834 0.000000 0
343842 0.000000 0
343849 0.050170 1
343856 0.000000 0
343864 0.000000 0
343871 0.050020 1
343879 0.000000 0
343886 0.000000 0
343894 0.042250 1
343901 0.000000 0
343908 0.000000 0
343916 0.035160 1
343924 0.000000 0
343932 0.000000 0
343939 0.048630 1
343946 0.000000 0
343954 0.000000 0
343961 0.055370 1
343969 0.000000 0
343976 0.000000 0
343984 0.052110 1
343991 0.000000 0
343998 0.000000 0
344006 0.049710 1
344014 0.000000 0
344022 0.000000 0
344029 0.046540 1
344036 0.000000 0
344044 0.000000 0
344051 0.033830 1
344059 0.000000 0
344066 0.000000 0
344074 0.026780 1
344081 0.000000 0
344088 0.000000 0
344096 0.024700 1
344104 0.000000 0
344112 0.000000 0
344119 0.028170 1
344126 0.000000 0
344134 0.000000 0
344141 0.037460 1
344150 0.000000 0
344158 0.000000 0
344165 0.035580 1
344171 0.000000 0
344178 0.000000 0
344186 0.038470 1
344194 0.000000 0
344202 0.000000 0
344209 0.028430 1
344216 0.000000 0
344224 0.000000 0
344231 0.033600 1
344239 0.000000 0
344246 0.000000 0
344254 0.031480 1
344261 0.000000 0
344268 0.000000 0
344276 0.021030 1
344284 0.000000 0
344292 0.000000 0
344299 0.027340 1
344306 0.000000 0
344314 0.000000 0
344321 0.033140 1
344329 0.000000 0
344336 0.000000 0
344344 0.027890 1
344351 0.000000 0
344358 0.000000 0
344366 0.037660 1
344374 0.000000 0
344382 0.000000 0
344389 0.035370 1
344396 0.000000 0
344404 0.000000 0
344411 0.028960 1
344419 0.000000 0
344426 0.000000 0
344434 0.036220 1
344441 0.000000 0
344448 0.000000 0
344456 0.053410 1
344464 0.000000 0
344472 0.000000 0
344479 0.071700 1
344486 0.000000 0
344494 0.000000 0
344501 0.075140 1
344509 0.000000 0
344516 0.000000 0
344524 0.059490 1
344531 0.000000 0
344538 0.000000 0
344546 0.042420 1
344554 0.000000 0
344562 0.000000 0
344569 0.034040 1
344576 0.000000 0
344584 0.000000 0
344591 0.031720 1
344599 0.000000 0
344606 0.000000 0
344614 0.030990 1
344621 0.000000 0
344628 0.000000 0
344636 0.028960 1
344644 0.000000 0
344652 0.000000 0
344659 0.033370 1
344666 0.000000 0
344674 0.000000 0
344681 0.037050 1
344689 0.000000 0
344696 0.000000 0
344704 0.041890 1
344711 0.000000 0
344718 0.000000 0
344726 0.054400 1
344734 0.000000 0
344742 0.000000 0
344749 0.051380 1
344756 0.000000 0
344764 0.000000 0
344771 0.045040 1
344779 0.000000 0
344786 0.000000 0
344794 0.043670 1
344801 0.000000 0
344808 0.000000 0
344816 0.047670 1
344824 0.000000 0
344832 0.000000 0
344839 0.038070 1
344847 0.000000 0
344854 0.000000 0
344862 0.034490 1
344869 0.000000 0
344876 0.000000 0
344884 0.038270 1
344892 0.000000 0
344900 0.000000 0
344907 0.025310 1
344914 0.000000 0
344922 0.000000 0
344929 0.033140 1
344937 0.000000 0
344944 0.000000 0
344952 0.032910 1
344958 0.000000 0
344966 0.000000 0
344973 0.036850 1
344982 0.000000 0
344990 0.000000 0
344997 0.037260 1
345004 0.000000 0
345012 0.000000 0
345019 0.030240 1
345027 0.000000 0
345034 0.000000 0
345042 0.022770 1
345049 0.000000 0
345056 0.000000 0
345064 0.027890 1
345072 0.000000 0
345080 0.000000 0
345087 0.036640 1
345093 0.000000 0
345100 0.000000 0
345108 0.034490 1
345117 0.000000 0
345124 0.000000 0
345132 0.025600 1
345139 0.000000 0
345146 0.000000 0
345154 0.028700 1
345162 0.000000 0
345170 0.000000 0
345177 0.032910 1
345184 0.000000 0
345192 0.000000 0
345199 0.028430 1
345206 0.000000 0
345214 0.000000 0
345221 0.024700 1
345229 0.000000 0
345236 0.000000 0
345244 0.023440 1
345252 0.000000 0
345260 0.000000 0
345267 0.031250 1
345274 0.000000 0
345282 0.000000 0
345289 0.045210 1
345297 0.000000 0
345304 0.000000 0
345312 0.054540 1
345319 0.000000 0
345326 0.000000 0
345334 0.051070 1
345341 0.000000 0
345348 0.000000 0
345356 0.041520 1
345364 0.000000 0
345372 0.000000 0
345379 0.035800 1
345387 0.000000 0
345394 0.000000 0
345402 0.046540 1
345409 0.000000 0
345416 0.000000 0
345424 0.046220 1
345432 0.000000 0
345440 0.000000 0
345447 0.038270 1
345454 0.000000 0
345462 0.000000 0
345469 0.041520 1
345477 0.000000 0
345484 0.000000 0
345492 0.043670 1
345499 0.000000 0
345506 0.000000 0
345514 0.039440 1
345521 0.000000 0
345528 0.000000 0
345536 0.046370 1
345544 0.000000 0
345552 0.000000 0
345559 0.053830 1
345567 0.000000 0
345574 0.000000 0
345582 0.047030 1
345589 0.000000 0
345596 0.000000 0
345604 0.036420 1
345612 0.000000 0
345620 0.000000 0
345627 0.044360 1
345634 0.000000 0
345642 0.000000 0
345649 0.044530 1
345657 0.000000 0
345664 0.000000 0
345672 0.045880 1
345679 0.000000 0
345686 0.000000 0
345694 0.040770 1
345702 0.000000 0
345710 0.000000 0
345717 0.039060 1
345724 0.000000 0
345732 0.000000 0
345739 0.034270 1
345747 0.000000 0
345754 0.000000 0
345762 0.057540 1
345768 0.000000 0
345776 0.000000 0
345783 0.063710 1
345791 0.000000 0
345798 0.000000 0
345806 0.043840 1
345813 0.000000 0
345820 0.000000 0
345828 0.039830 1
345836 0.000000 0
345844 0.000000 0
345851 0.042790 1
345858 0.000000 0
345866 0.000000 0
345873 0.042250 1
345881 0.000000 0
345888 0.000000 0
345896 0.054960 1
345903 0.000000 0
345910 0.000000 0
345918 0.041700 1
345927 0.000000 0
345934 0.000000 0
345942 0.043140 1
345948 0.000000 0
345956 0.000000 0
345963 0.043490 1
345971 0.000000 0
345978 0.000000 0
345986 0.042600 1
345993 0.000000 0
346000 0.000000 0
346008 0.045040 1
346017 0.000000 0
346024 0.000000 0
346032 0.039440 1
346038 0.000000 0
346046 0.000000 0
346053 0.036640 1
346062 0.000000 0
346070 0.000000 0
346077 0.030500 1
346083 0.000000 0
346090 0.000000 0
346098 0.041150 1
346106 0.000000 0
346114 0.000000 0
346121 0.045210 1
346128 0.000000 0
346136 0.000000 0
346143 0.044010 1
346152 0.000000 0
346160 0.000000 0
346167 0.034270 1
346173 0.000000 0
346180 0.000000 0
346188 0.033830 1
346197 0.000000 0
346204 0.000000 0
346212 0.033370 1
346218 0.000000 0
346226 0.000000 0
346233 0.040960 1
346241 0.000000 0
346248 0.000000 0
346256 0.038270 1
346263 0.000000 0
346270 0.000000 0
346278 0.040960 1
346287 0.000000 0
346294 0.000000 0
346302 0.038270 1
346308 0.000000 0
346316 0.000000 0
346323 0.040210 1
346332 0.000000 0
346340 0.000000 0
346347 0.046050 1
346353 0.000000 0
346360 0.000000 0
346368 0.046220 1
346376 0.000000 0
346384 0.000000 0
346391 0.035160 1
346398 0.000000 0
346406 0.000000 0
346413 0.043840 1
346421 0.000000 0
346428 0.000000 0
346436 0.040020 1
346443 0.000000 0
346450 0.000000 0
346458 0.039830 1
346466 0.000000 0
346474 0.000000 0
346481 0.048310 1
346488 0.000000 0
346496 0.000000 0
346503 0.040960 1
346511 0.000000 0
346518 0.000000 0
346526 0.037260 1
346533 0.000000 0
346540 0.000000 0
346548 0.038860 1
346556 0.000000 0
346564 0.000000 0
346571 0.042790 1
346578 0.000000 0
346586 0.000000 0
346593 0.051820 1
346601 0.000000 0
346608 0.000000 0
346616 0.035580 1
346623 0.000000 0
346630 0.000000 0
346638 0.027620 1
346646 0.000000 0
346654 0.000000 0
346661 0.026200 1
346668 0.000000 0
346676 0.000000 0
346683 0.032440 1
346691 0.000000 0
346698 0.000000 0
346706 0.049090 1
346713 0.000000 0
346720 0.000000 0
346728 0.042250 1
346736 0.000000 0
346744 0.000000 0
346751 0.033140 1
346758 0.000000 0
346766 0.000000 0
346773 0.038070 1
346782 0.000000 0
346790 0.000000 0
346797 0.034710 1
346803 0.000000 0
346810 0.000000 0
346818 0.030500 1
346826 0.000000 0
346834 0.000000 0
346841 0.032910 1
346848 0.000000 0
346856 0.000000 0
346863 0.024700 1
346871 0.000000 0
346878 0.000000 0
346886 0.023760 1
346893 0.000000 0
346900 0.000000 0
346908 0.032670 1
346916 0.000000 0
346924 0.000000 0
346931 0.037050 1
346938 0.000000 0
346946 0.000000 0
346953 0.038670 1
346961 0.000000 0
346968 0.000000 0
346976 0.025910 1
346983 0.000000 0
346990 0.000000 0
346998 0.019130 1
347006 0.000000 0
347014 0.000000 0
347021 0.017010 1
347029 0.000000 0
347036 0.000000 0
347044 0.034930 1
347051 0.000000 0
347058 0.000000 0
347066 0.036850 1
347075 0.000000 0
347082 0.000000 0
347090 0.032440 1
347096 0.000000 0
347104 0.000000 0
347111 0.029220 1
347120 0.000000 0
347128 0.000000 0
347135 0.027890 1
347141 0.000000 0
347148 0.000000 0
347156 0.033140 1
347164 0.000000 0
347172 0.000000 0
347179 0.040020 1
347186 0.000000 0
347194 0.000000 0
347201 0.042600 1
347209 0.000000 0
347216 0.000000 0
347224 0.065710 1
347231 0.000000 0
347238 0.000000 0
347246 0.069540 1
347254 0.000000 0
347262 0.000000 0
347269 0.073900 1
347276 0.000000 0
347284 0.000000 0
347291 0.071380 1
347300 0.000000 0
347308 0.000000 0
347315 0.060760 1
347321 0.000000 0
347328 0.000000 0
347336 0.041520 1
347345 0.000000 0
347352 0.000000 0
347360 0.031480 1
347366 0.000000 0
347374 0.000000 0
347381 0.023440 1
347390 0.000000 0
347398 0.000000 0
347405 0.031250 1
347411 0.000000 0
347418 0.000000 0
347426 0.021740 1
347434 0.000000 0
347442 0.000000 0
347449 0.035800 1
347456 0.000000 0
347464 0.000000 0
347471 0.037050 1
347480 0.000000 0
347488 0.000000 0
347495 0.050170 1
347501 0.000000 0
347508 0.000000 0
347516 0.055920 1
347525 0.000000 0
347532 0.000000 0
347540 0.061880 1
347546 0.000000 0
347554 0.000000 0
347561 0.069320 1
347570 0.000000 0
347578 0.000000 0
347585 0.055240 1
347592 0.000000 0
347600 0.000000 0
347607 0.045040 1
347615 0.000000 0
347622 0.000000 0
347630 0.048940 1
347636 0.000000 0
347644 0.000000 0
347651 0.053120 1
347660 0.000000 0
347668 0.000000 0
347675 0.057660 1
347681 0.000000 0
347688 0.000000 0
347696 0.054260 1
347704 0.000000 0
347712 0.000000 0
347719 0.028430 1
347726 0.000000 0
347734 0.000000 0
347741 0.047350 1
347749 0.000000 0
347756 0.000000 0
347764 0.054690 1
347771 0.000000 0
347778 0.000000 0
347786 0.040960 1
347794 0.000000 0
347802 0.000000 0
347809 0.031250 1
347816 0.000000 0
347824 0.000000 0
347831 0.030990 1
347839 0.000000 0
347846 0.000000 0
347854 0.033370 1
347861 0.000000 0
347868 0.000000 0
347876 0.032910 1
347884 0.000000 0
347892 0.000000 0
347899 0.031480 1
347906 0.000000 0
347914 0.000000 0
347921 0.027340 1
347929 0.000000 0
347936 0.000000 0
347944 0.033600 1
347951 0.000000 0
347958 0.000000 0
347966 0.044530 1
347974 0.000000 0
347982 0.000000 0
347989 0.058200 1
347996 0.000000 0
348004 0.000000 0
348011 0.064650 1
348020 0.000000 0
348028 0.000000 0
348035 0.047200 1
348041 0.000000 0
348048 0.000000 0
348056 0.042970 1
348064 0.000000 0
348072 0.000000 0
348079 0.042070 1
348086 0.000000 0
348094 0.000000 0
348101 0.039440 1
348110 0.000000 0
348118 0.000000 0
348125 0.053970 1
348131 0.000000 0
348138 0.000000 0
348146 0.063340 1
348154 0.000000 0
348162 0.000000 0
348169 0.048160 1
348176 0.000000 0
348184 0.000000 0
348191 0.040770 1
348199 0.000000 0
348206 0.000000 0
348214 0.046370 1
348221 0.000000 0
348228 0.000000 0
348236 0.065130 1
348244 0.000000 0
348252 0.000000 0
348259 0.055370 1
348266 0.000000 0
348274 0.000000 0
348281 0.049410 1
348290 0.000000 0
348298 0.000000 0
348305 0.074010 1
348311 0.000000 0
348318 0.000000 0
348326 0.047840 1
348334 0.000000 0
348342 0.000000 0
348349 0.033140 1
348356 0.000000 0
348364 0.000000 0
348371 0.036220 1
348379 0.000000 0
348386 0.000000 0
348394 0.042420 1
348401 0.000000 0
348408 0.000000 0
348416 0.033600 1
348424 0.000000 0
348432 0.000000 0
348439 0.032910 1
348446 0.000000 0
348454 0.000000 0
348461 0.038860 1
348469 0.000000 0
348476 0.000000 0
348484 0.033830 1
348491 0.000000 0
348498 0.000000 0
348506 0.035160 1
348514 0.000000 0
348522 0.000000 0
348529 0.050320 1
348536 0.000000 0
348544 0.000000 0
348551 0.033600 1
348560 0.000000 0
348568 0.000000 0
348575 0.040770 1
348581 0.000000 0
348588 0.000000 0
348596 0.040770 1
348604 0.000000 0
348612 0.000000 0
348619 0.038070 1
348626 0.000000 0
348634 0.000000 0
348641 0.034710 1
348650 0.000000 0
348658 0.000000 0
348665 0.042970 1
348671 0.000000 0
348678 0.000000 0
348686 0.038070 1
348694 0.000000 0
348702 0.000000 0
348709 0.036010 1
348716 0.000000 0
348724 0.000000 0
348731 0.037050 1
348739 0.000000 0
348746 0.000000 0
348754 0.028430 1
348761 0.000000 0
348768 0.000000 0
348776 0.030500 1
348785 0.000000 0
348792 0.000000 0
348800 0.028170 1
348806 0.000000 0
348814 0.000000 0
348821 0.032910 1
348829 0.000000 0
348836 0.000000 0
348844 0.032910 1
348851 0.000000 0
348858 0.000000 0
348866 0.035800 1
348875 0.000000 0
348882 0.000000 0
348890 0.035160 1
348896 0.000000 0
348904 0.000000 0
348911 0.042420 1
348919 0.000000 0
348926 0.000000 0
348934 0.044010 1
348941 0.000000 0
348948 0.000000 0
348956 0.042420 1
348964 0.000000 0
348972 0.000000 0
348979 0.037460 1
348986 0.000000 0
348994 0.000000 0
349001 0.033370 1
349009 0.000000 0
349016 0.000000 0
349024 0.031250 1
349031 0.000000 0
349038 0.000000 0
349046 0.045550 1
349054 0.000000 0
349062 0.000000 0
349069 0.048310 1
349076 0.000000 0
349084 0.000000 0
349091 0.042070 1
349099 0.000000 0
349106 0.000000 0
349114 0.039640 1
349121 0.000000 0
349128 0.000000 0
349136 0.052110 1
349144 0.000000 0
349152 0.000000 0
349159 0.051670 1
349166 0.000000 0
349174 0.000000 0
349181 0.045210 1
349189 0.000000 0
349196 0.000000 0
349204 0.055370 1
349211 0.000000 0
349218 0.000000 0
349226 0.039060 1
349234 0.000000 0
349242 0.000000 0
349249 0.060000 1
349256 0.000000 0
349264 0.000000 0
349271 0.052690 1
349279 0.000000 0
349286 0.000000 0
349294 0.044880 1
349301 0.000000 0
349308 0.000000 0
349316 0.052400 1
349324 0.000000 0
349332 0.000000 0
349339 0.047670 1
349346 0.000000 0
349354 0.000000 0
349361 0.028700 1
349369 0.000000 0
349376 0.000000 0
349384 0.042250 1
349391 0.000000 0
349398 0.000000 0
349406 0.041520 1
349415 0.000000 0
349422 0.000000 0
349430 0.042250 1
349436 0.000000 0
349444 0.000000 0
349451 0.037260 1
349459 0.000000 0
349466 0.000000 0
349474 0.044880 1
349481 0.000000 0
349488 0.000000 0
349496 0.050630 1
349504 0.000000 0
349512 0.000000 0
349519 0.042250 1
349526 0.000000 0
349534 0.000000 0
349541 0.042420 1
349550 0.000000 0
349558 0.000000 0
349565 0.032670 1
349571 0.000000 0
349578 0.000000 0
349586 0.028960 1
349594 0.000000 0
349602 0.000000 0
349609 0.054120 1
349616 0.000000 0
349624 0.000000 0
349631 0.064650 1
349640 0.000000 0
349648 0.000000 0
349655 0.056600 1
349661 0.000000 0
349668 0.000000 0
349676 0.045040 1
349685 0.000000 0
349692 0.000000 0
349700 0.034930 1
349706 0.000000 0
349714 0.000000 0
349721 0.045550 1
349730 0.000000 0
349738 0.000000 0
349745 0.052260 1
349751 0.000000 0
349758 0.000000 0
349766 0.048460 1
349774 0.000000 0
349782 0.000000 0
349789 0.045880 1
349796 0.000000 0
349804 0.000000 0
349811 0.048940 1
349820 0.000000 0
349828 0.000000 0
349835 0.043490 1
349841 0.000000 0
349848 0.000000 0
349856 0.044710 1
349864 0.000000 0
349872 0.000000 0
349879 0.054540 1
349886 0.000000 0
349894 0.000000 0
349901 0.045040 1
349909 0.000000 0
349916 0.000000 0
349924 0.039060 1
349931 0.000000 0
349938 0.000000 0
349946 0.041520 1
349954 0.000000 0
349962 0.000000 0
349969 0.045880 1
349976 0.000000 0
349984 0.000000 0
349991 0.049410 1
349999 0.000000 0
350006 0.000000 0
350014 0.047200 1
350021 0.000000 0
350028 0.000000 0
350036 0.042600 1
350044 0.000000 0
350052 0.000000 0
350059 0.036850 1
350066 0.000000 0
350074 0.000000 0
350081 0.038070 1
350089 0.000000 0
350096 0.000000 0
350104 0.040020 1
350111 0.000000 0
350118 0.000000 0
350126 0.038470 1
350134 0.000000 0
350142 0.000000 0
350149 0.034270 1
350156 0.000000 0
350164 0.000000 0
350171 0.027050 1
350179 0.000000 0
350186 0.000000 0
350194 0.030000 1
350201 0.000000 0
350208 0.000000 0
350216 0.031970 1
350224 0.000000 0
350232 0.000000 0
350239 0.040410 1
350246 0.000000 0
350254 0.000000 0
350261 0.035580 1
350269 0.000000 0
350276 0.000000 0
350284 0.031720 1
350291 0.000000 0
350298 0.000000 0
350306 0.034040 1
350314 0.000000 0
350322 0.000000 0
350329 0.039440 1
350337 0.000000 0
350344 0.000000 0
350352 0.045720 1
350359 0.000000 0
350366 0.000000 0
350374 0.029740 1
350381 0.000000 0
350388 0.000000 0
350396 0.032670 1
350404 0.000000 0
350412 0.000000 0
350419 0.037260 1
350427 0.000000 0
350434 0.000000 0
350442 0.044190 1
350449 0.000000 0
350456 0.000000 0
350464 0.037870 1
350472 0.000000 0
350480 0.000000 0
350487 0.036010 1
350494 0.000000 0
350502 0.000000 0
350509 0.030000 1
350517 0.000000 0
350524 0.000000 0
350532 0.025600 1
350538 0.000000 0
350546 0.000000 0
350553 0.039250 1
350562 0.000000 0
350570 0.000000 0
350577 0.036420 1
350584 0.000000 0
350592 0.000000 0
350599 0.023760 1
350607 0.000000 0
350614 0.000000 0
350622 0.030000 1
350629 0.000000 0
350636 0.000000 0
350644 0.030000 1
350651 0.000000 0
350658 0.000000 0
350666 0.029220 1
350674 0.000000 0
350682 0.000000 0
350689 0.031480 1
350697 0.000000 0
350704 0.000000 0
350712 0.034710 1
350719 0.000000 0
350726 0.000000 0
350734 0.028700 1
350742 0.000000 0
350750 0.000000 0
350757 0.021030 1
350764 0.000000 0
350772 0.000000 0
350779 0.028700 1
350787 0.000000 0
350794 0.000000 0
350802 0.040590 1
350809 0.000000 0
350816 0.000000 0
350824 0.040590 1
350832 0.000000 0
350840 0.000000 0
350847 0.034930 1
350854 0.000000 0
350862 0.000000 0
350869 0.032210 1
350877 0.000000 0
350884 0.000000 0
350892 0.025310 1
350899 0.000000 0
350906 0.000000 0
350914 0.037050 1
350921 0.000000 0
350928 0.000000 0
350936 0.035160 1
350944 0.000000 0
350952 0.000000 0
350959 0.030000 1
350967 0.000000 0
350974 0.000000 0
350982 0.031250 1
350988 0.000000 0
350996 0.000000 0
351003 0.040020 1
351012 0.000000 0
351020 0.000000 0
351027 0.046050 1
351034 0.000000 0
351042 0.000000 0
351049 0.049560 1
351057 0.000000 0
351064 0.000000 0
351072 0.037870 1
351079 0.000000 0
351086 0.000000 0
351094 0.033370 1
351102 0.000000 0
351110 0.000000 0
351117 0.035370 1
351124 0.000000 0
351132 0.000000 0
351139 0.035160 1
351147 0.000000 0
351154 0.000000 0
351162 0.043670 1
351169 0.000000 0
351176 0.000000 0
351184 0.056870 1
351192 0.000000 0
351200 0.000000 0
351207 0.046050 1
351214 0.000000 0
351222 0.000000 0
351229 0.035580 1
351237 0.000000 0
351244 0.000000 0
351252 0.058060 1
351259 0.000000 0
351266 0.000000 0
351274 0.068540 1
351283 0.000000 0
351290 0.000000 0
351298 0.045550 1
351304 0.000000 0
351312 0.000000 0
351319 0.037660 1
351327 0.000000 0
351334 0.000000 0
351342 0.046880 1
351349 0.000000 0
351356 0.000000 0
351364 0.042420 1
351372 0.000000 0
351380 0.000000 0
351387 0.051220 1
351394 0.000000 0
351402 0.000000 0
351409 0.050920 1
351417 0.000000 0
351424 0.000000 0
351432 0.043490 1
351439 0.000000 0
351446 0.000000 0
351454 0.043670 1
351462 0.000000 0
351470 0.000000 0
351477 0.049260 1
351484 0.000000 0
351492 0.000000 0
351499 0.047030 1
351507 0.000000 0
351514 0.000000 0
351522 0.047200 1
351529 0.000000 0
351536 0.000000 0
351544 0.041700 1
351551 0.000000 0
351558 0.000000 0
351566 0.024080 1
351573 0.000000 0
351580 0.000000 0
351588 0.024080 1
351597 0.000000 0
351604 0.000000 0
351612 0.032910 1
351619 0.000000 0
351626 0.000000 0
351634 0.040770 1
351642 0.000000 0
351650 0.000000 0
351657 0.036220 1
351664 0.000000 0
351672 0.000000 0
351679 0.035580 1
351688 0.000000 0
351696 0.000000 0
351703 0.035800 1
351709 0.000000 0
351716 0.000000 0
351724 0.048460 1
351732 0.000000 0
351740 0.000000 0
351747 0.064650 1
351754 0.000000 0
351762 0.000000 0
351769 0.044360 1
351777 0.000000 0
351784 0.000000 0
351792 0.038670 1
351799 0.000000 0
351806 0.000000 0
351814 0.039060 1
351822 0.000000 0
351830 0.000000 0
351837 0.036850 1
351844 0.000000 0
351852 0.000000 0
351859 0.059620 1
351867 0.000000 0
351874 0.000000 0
351882 0.059620 1
351889 0.000000 0
351896 0.000000 0
351904 0.046220 1
351912 0.000000 0
351920 0.000000 0
351927 0.045720 1
351934 0.000000 0
351942 0.000000 0
351949 0.060000 1
351957 0.000000 0
351964 0.000000 0
351972 0.088810 1
351979 0.000000 0
351986 0.000000 0
351994 0.079470 1
352002 0.000000 0
352010 0.000000 0
352017 0.059360 1
352024 0.000000 0
352032 0.000000 0
352039 0.045380 1
352046 0.000000 0
352054 0.000000 0
352061 0.032440 1
352068 0.000000 0
352076 0.000000 0
352083 0.030750 1
352091 0.000000 0
352098 0.000000 0
352106 0.038860 1
352114 0.000000 0
352122 0.000000 0
352129 0.031480 1
352136 0.000000 0
352144 0.000000 0
352151 0.032910 1
352158 0.000000 0
352166 0.000000 0
352173 0.031720 1
352181 0.000000 0
352188 0.000000 0
352196 0.036640 1
352203 0.000000 0
352210 0.000000 0
352218 0.058460 1
352226 0.000000 0
352234 0.000000 0
352241 0.049710 1
352248 0.000000 0
352256 0.000000 0
352263 0.045550 1
352272 0.000000 0
352280 0.000000 0
352287 0.036220 1
352293 0.000000 0
352300 0.000000 0
352308 0.032210 1
352317 0.000000 0
352324 0.000000 0
352332 0.028700 1
352338 0.000000 0
352346 0.000000 0
352353 0.025910 1
352362 0.000000 0
352370 0.000000 0
352377 0.041520 1
352384 0.000000 0
352392 0.000000 0
352399 0.025910 1
352406 0.000000 0
352414 0.000000 0
352421 0.034490 1
352428 0.000000 0
352436 0.000000 0
352443 0.051820 1
352451 0.000000 0
352458 0.000000 0
352466 0.042420 1
352475 0.000000 0
352482 0.000000 0
352490 0.039060 1
352496 0.000000 0
352504 0.000000 0
352511 0.036640 1
352520 0.000000 0
352528 0.000000 0
352535 0.029480 1
352541 0.000000 0
352548 0.000000 0
352556 0.032670 1
352565 0.000000 0
352572 0.000000 0
352580 0.037260 1
352586 0.000000 0
352594 0.000000 0
352601 0.036010 1
352608 0.000000 0
352616 0.000000 0
352623 0.023760 1
352632 0.000000 0
352640 0.000000 0
352647 0.024380 1
352655 0.000000 0
352662 0.000000 0
352670 0.028170 1
352676 0.000000 0
352684 0.000000 0
352691 0.049090 1
352700 0.000000 0
352708 0.000000 0
352715 0.068770 1
352722 0.000000 0
352730 0.000000 0
352737 0.040590 1
352745 0.000000 0
352752 0.000000 0
352760 0.048160 1
352767 0.000000 0
352774 0.000000 0
352782 0.050170 1
352790 0.000000 0
352798 0.000000 0
352805 0.033830 1
352812 0.000000 0
352820 0.000000 0
352827 0.041520 1
352835 0.000000 0
352842 0.000000 0
352850 0.041890 1
352857 0.000000 0
352864 0.000000 0
352872 0.041700 1
352880 0.000000 0
352888 0.000000 0
352895 0.053830 1
352902 0.000000 0
352910 0.000000 0
352917 0.051960 1
352923 0.000000 0
352930 0.000000 0
352938 0.046050 1
352947 0.000000 0
352954 0.000000 0
352962 0.034710 1
352970 0.000000 0
352978 0.000000 0
352985 0.026780 1
352992 0.000000 0
353000 0.000000 0
353007 0.036850 1
353015 0.000000 0
353022 0.000000 0
353030 0.042790 1
353037 0.000000 0
353044 0.000000 0
353052 0.037460 1
353060 0.000000 0
353068 0.000000 0
353075 0.034930 1
353082 0.000000 0
353090 0.000000 0
353097 0.027050 1
353105 0.000000 0
353112 0.000000 0
353120 0.044190 1
353126 0.000000 0
353134 0.000000 0
353141 0.053560 1
353150 0.000000 0
353158 0.000000 0
353165 0.049090 1
353171 0.000000 0
353178 0.000000 0
353186 0.037050 1
353194 0.000000 0
353202 0.000000 0
353209 0.046220 1
353216 0.000000 0
353224 0.000000 0
353231 0.059620 1
353240 0.000000 0
353248 0.000000 0
353255 0.037260 1
353261 0.000000 0
353268 0.000000 0
353276 0.049410 1
353284 0.000000 0
353292 0.000000 0
353299 0.040020 1
353306 0.000000 0
353314 0.000000 0
353321 0.036010 1
353329 0.000000 0
353336 0.000000 0
353344 0.025600 1
353351 0.000000 0
353358 0.000000 0
353366 0.034490 1
353374 0.000000 0
353382 0.000000 0
353389 0.043840 1
353396 0.000000 0
353404 0.000000 0
353411 0.037260 1
353420 0.000000 0
353428 0.000000 0
353435 0.032670 1
353441 0.000000 0
353448 0.000000 0
353456 0.035580 1
353465 0.000000 0
353472 0.000000 0
353480 0.038270 1
353486 0.000000 0
353494 0.000000 0
353501 0.044360 1
353510 0.000000 0
353518 0.000000 0
353525 0.043840 1
353531 0.000000 0
353538 0.000000 0
353546 0.032440 1
353554 0.000000 0
353562 0.000000 0
353569 0.052260 1
353576 0.000000 0
353584 0.000000 0
353591 0.072340 1
353599 0.000000 0
353606 0.000000 0
353614 0.053700 1
353621 0.000000 0
353628 0.000000 0
353636 0.046220 1
353644 0.000000 0
353652 0.000000 0
353659 0.036010 1
353666 0.000000 0
353674 0.000000 0
353681 0.026780 1
353689 0.000000 0
353696 0.000000 0
353704 0.027620 1
353711 0.000000 0
353718 0.000000 0
353726 0.037050 1
353734 0.000000 0
353742 0.000000 0
353749 0.043320 1
353756 0.000000 0
353764 0.000000 0
353771 0.039060 1
353779 0.000000 0
353786 0.000000 0
353794 0.029480 1
353801 0.000000 0
353808 0.000000 0
353816 0.030990 1
353824 0.000000 0
353832 0.000000 0
353839 0.041890 1
353846 0.000000 0
353854 0.000000 0
353861 0.050170 1
353869 0.000000 0
353876 0.000000 0
353884 0.047670 1
353891 0.000000 0
353898 0.000000 0
353906 0.039640 1
353914 0.000000 0
353922 0.000000 0
353929 0.031970 1
353936 0.000000 0
353944 0.000000 0
353951 0.025600 1
353959 0.000000 0
353966 0.000000 0
353974 0.029480 1
353981 0.000000 0
353988 0.000000 0
353996 0.030750 1
354004 0.000000 0
354012 0.000000 0
354019 0.029220 1
354026 0.000000 0
354034 0.000000 0
354041 0.030990 1
354050 0.000000 0
354058 0.000000 0
354065 0.027890 1
354071 0.000000 0
354078 0.000000 0
354086 0.045550 1
354094 0.000000 0
354102 0.000000 0
354109 0.045880 1
354116 0.000000 0
354124 0.000000 0
354131 0.042070 1
354139 0.000000 0
354146 0.000000 0
354154 0.038070 1
354162 0.000000 0
354170 0.000000 0
354177 0.040960 1
354184 0.000000 0
354192 0.000000 0
354199 0.035160 1
354207 0.000000 0
354214 0.000000 0
354222 0.050480 1
354229 0.000000 0
354236 0.000000 0
354244 0.036850 1
354252 0.000000 0
354260 0.000000 0
354267 0.034930 1
354274 0.000000 0
354282 0.000000 0
354289 0.026780 1
354297 0.000000 0
354304 0.000000 0
354312 0.050780 1
354319 0.000000 0
354326 0.000000 0
354334 0.055790 1
354342 0.000000 0
354350 0.000000 0
354357 0.039830 1
354364 0.000000 0
354372 0.000000 0
354379 0.032210 1
354387 0.000000 0
354394 0.000000 0
354402 0.031480 1
354409 0.000000 0
354416 0.000000 0
354424 0.029480 1
354433 0.000000 0
354440 0.000000 0
354448 0.037050 1
354454 0.000000 0
354462 0.000000 0
354469 0.040410 1
354477 0.000000 0
354484 0.000000 0
354492 0.032670 1
354499 0.000000 0
354506 0.000000 0
354514 0.028700 1
354522 0.000000 0
354530 0.000000 0
354537 0.044710 1
354544 0.000000 0
354552 0.000000 0
354559 0.052840 1
354566 0.000000 0
354574 0.000000 0
354581 0.051820 1
354589 0.000000 0
354596 0.000000 0
354604 0.037460 1
354612 0.000000 0
354620 0.000000 0
354627 0.052840 1
354634 0.000000 0
354642 0.000000 0
354649 0.048630 1
354657 0.000000 0
354664 0.000000 0
354672 0.049260 1
354679 0.000000 0
354686 0.000000 0
354694 0.043840 1
354702 0.000000 0
354710 0.000000 0
354717 0.028430 1
354724 0.000000 0
354732 0.000000 0
354739 0.028170 1
354747 0.000000 0
354754 0.000000 0
354762 0.032210 1
354769 0.000000 0
354776 0.000000 0
354784 0.052840 1
354791 0.000000 0
354798 0.000000 0
354806 0.057010 1
354814 0.000000 0
354822 0.000000 0
354829 0.055370 1
354837 0.000000 0
354844 0.000000 0
354852 0.054260 1
354859 0.000000 0
354866 0.000000 0
354874 0.051220 1
354881 0.000000 0
354888 0.000000 0
354896 0.044880 1
354903 0.000000 0
354910 0.000000 0
354918 0.042070 1
354927 0.000000 0
354934 0.000000 0
354942 0.040770 1
354948 0.000000 0
354956 0.000000 0
354963 0.029480 1
354971 0.000000 0
354978 0.000000 0
354986 0.037260 1
354993 0.000000 0
355000 0.000000 0
355008 0.045550 1
355016 0.000000 0
355024 0.000000 0
355031 0.032910 1
355038 0.000000 0
355046 0.000000 0
355053 0.073700 1
355061 0.000000 0
355068 0.000000 0
355076 0.058980 1
355083 0.000000 0
355090 0.000000 0
355098 0.047350 1
355106 0.000000 0
355114 0.000000 0
355121 0.059620 1
355129 0.000000 0
355136 0.000000 0
355144 0.045550 1
355152 0.000000 0
355160 0.000000 0
355167 0.046880 1
355173 0.000000 0
355180 0.000000 0
355188 0.042970 1
355197 0.000000 0
355204 0.000000 0
355212 0.054120 1
355218 0.000000 0
355226 0.000000 0
355233 0.044880 1
355242 0.000000 0
355250 0.000000 0
355257 0.039060 1
355264 0.000000 0
355272 0.000000 0
355279 0.047200 1
355287 0.000000 0
355294 0.000000 0
355302 0.049410 1
355309 0.000000 0
355316 0.000000 0
355324 0.046880 1
355332 0.000000 0
355340 0.000000 0
355347 0.047990 1
355354 0.000000 0
355362 0.000000 0
355369 0.039060 1
355377 0.000000 0
355384 0.000000 0
355392 0.044530 1
355399 0.000000 0
355406 0.000000 0
355414 0.038860 1
355422 0.000000 0
355430 0.000000 0
355437 0.037260 1
355444 0.000000 0
355452 0.000000 0
355459 0.067870 1
355467 0.000000 0
355474 0.000000 0
355482 0.073790 1
355488 0.000000 0
355496 0.000000 0
355503 0.062000 1
355512 0.000000 0
355520 0.000000 0
355527 0.045210 1
355533 0.000000 0
355540 0.000000 0
355548 0.038070 1
355557 0.000000 0
355564 0.000000 0
355572 0.031250 1
355578 0.000000 0
355586 0.000000 0
355593 0.027340 1
355601 0.000000 0
355608 0.000000 0
355616 0.027340 1
355624 0.000000 0
355632 0.000000 0
355639 0.030240 1
355646 0.000000 0
355654 0.000000 0
355661 0.042070 1
355668 0.000000 0
355676 0.000000 0
355683 0.035580 1
355691 0.000000 0
355698 0.000000 0
355706 0.038070 1
355713 0.000000 0
355720 0.000000 0
355728 0.049410 1
355737 0.000000 0
355744 0.000000 0
355752 0.048460 1
355758 0.000000 0
355766 0.000000 0
355773 0.039060 1
355782 0.000000 0
355790 0.000000 0
355797 0.040020 1
355803 0.000000 0
355810 0.000000 0
355818 0.035370 1
355827 0.000000 0
355834 0.000000 0
355842 0.034930 1
355848 0.000000 0
355856 0.000000 0
355863 0.029480 1
355871 0.000000 0
355878 0.000000 0
355886 0.023760 1
355893 0.000000 0
355900 0.000000 0
355908 0.031480 1
355916 0.000000 0
355924 0.000000 0
355931 0.020660 1
355940 0.000000 0
355948 0.000000 0
355955 0.044360 1
355962 0.000000 0
355970 0.000000 0
355977 0.043840 1
355983 0.000000 0
355990 0.000000 0
355998 0.052980 1
356006 0.000000 0
356014 0.000000 0
356021 0.037870 1
356030 0.000000 0
356038 0.000000 0
356045 0.035800 1
356052 0.000000 0
356060 0.000000 0
356067 0.034930 1
356075 0.000000 0
356082 0.000000 0
356090 0.039440 1
356096 0.000000 0
356104 0.000000 0
356111 0.050320 1
356118 0.000000 0
356126 0.000000 0
356133 0.051820 1
356141 0.000000 0
356148 0.000000 0
356156 0.031720 1
356163 0.000000 0
356170 0.000000 0
356178 0.041340 1
356186 0.000000 0
356194 0.000000 0
356201 0.035580 1
356208 0.000000 0
356216 0.000000 0
356223 0.048160 1
356231 0.000000 0
356238 0.000000 0
356246 0.042790 1
356253 0.000000 0
356260 0.000000 0
356268 0.039440 1
356276 0.000000 0
356284 0.000000 0
356291 0.023760 1
356300 0.000000 0
356308 0.000000 0
356315 0.033600 1
356321 0.000000 0
356328 0.000000 0
356336 0.034710 1
356344 0.000000 0
356352 0.000000 0
356359 0.034710 1
356366 0.000000 0
356374 0.000000 0
356381 0.030990 1
356390 0.000000 0
356398 0.000000 0
356405 0.042420 1
356411 0.000000 0
356418 0.000000 0
356426 0.038470 1
356435 0.000000 0
356442 0.000000 0
356450 0.048160 1
356456 0.000000 0
356464 0.000000 0
356471 0.032910 1
356480 0.000000 0
356488 0.000000 0
356495 0.032210 1
356501 0.000000 0
356508 0.000000 0
356516 0.034490 1
356524 0.000000 0
356532 0.000000 0
356539 0.042250 1
356546 0.000000 0
356554 0.000000 0
356561 0.031480 1
356570 0.000000 0
356578 0.000000 0
356585 0.034930 1
356591 0.000000 0
356598 0.000000 0
356606 0.040770 1
356615 0.000000 0
356622 0.000000 0
356630 0.039060 1
356636 0.000000 0
356644 0.000000 0
356651 0.041340 1
356659 0.000000 0
356666 0.000000 0
356674 0.041890 1
356681 0.000000 0
356688 0.000000 0
356696 0.030750 1
356704 0.000000 0
356712 0.000000 0
356719 0.065350 1
356726 0.000000 0
356734 0.000000 0
356741 0.040410 1
356749 0.000000 0
356756 0.000000 0
356764 0.042420 1
356771 0.000000 0
356778 0.000000 0
356786 0.041340 1
356794 0.000000 0
356802 0.000000 0
356809 0.039830 1
356816 0.000000 0
356824 0.000000 0
356831 0.036850 1
356839 0.000000 0
356846 0.000000 0
356854 0.032210 1
356861 0.000000 0
356868 0.000000 0
356876 0.034710 1
356884 0.000000 0
356892 0.000000 0
356899 0.055920 1
356906 0.000000 0
356914 0.000000 0
356921 0.039060 1
356929 0.000000 0
356936 0.000000 0
356944 0.042250 1
356951 0.000000 0
356958 0.000000 0
356966 0.035580 1
356974 0.000000 0
356982 0.000000 0
356989 0.036640 1
356996 0.000000 0
357004 0.000000 0
357011 0.053120 1
357019 0.000000 0
357026 0.000000 0
357034 0.045880 1
357041 0.000000 0
357048 0.000000 0
357056 0.049090 1
357064 0.000000 0
357072 0.000000 0
357079 0.039060 1
357086 0.000000 0
357094 0.000000 0
357101 0.043840 1
357109 0.000000 0
357116 0.000000 0
357124 0.047200 1
357131 0.000000 0
357138 0.000000 0
357146 0.041700 1
357154 0.000000 0
357162 0.000000 0
357169 0.032910 1
357176 0.000000 0
357184 0.000000 0
357191 0.032670 1
357199 0.000000 0
357206 0.000000 0
357214 0.032440 1
357221 0.000000 0
357228 0.000000 0
357236 0.038470 1
357244 0.000000 0
357252 0.000000 0
357259 0.044360 1
357266 0.000000 0
357274 0.000000 0
357281 0.036640 1
357289 0.000000 0
357296 0.000000 0
357304 0.038860 1
357311 0.000000 0
357318 0.000000 0
357326 0.029480 1
357335 0.000000 0
357342 0.000000 0
357350 0.027890 1
357356 0.000000 0
357364 0.000000 0
357371 0.039060 1
357379 0.000000 0
357386 0.000000 0
357394 0.042070 1
357401 0.000000 0
357408 0.000000 0
357416 0.038860 1
357424 0.000000 0
357432 0.000000 0
357439 0.045880 1
357448 0.000000 0
357456 0.000000 0
357463 0.046370 1
357469 0.000000 0
357476 0.000000 0
357484 0.065480 1
357493 0.000000 0
357500 0.000000 0
357508 0.053560 1
357514 0.000000 0
357522 0.000000 0
357529 0.042790 1
357537 0.000000 0
357544 0.000000 0
357552 0.039640 1
357559 0.000000 0
357566 0.000000 0
357574 0.049410 1
357582 0.000000 0
357590 0.000000 0
357597 0.060000 1
357604 0.000000 0
357612 0.000000 0
357619 0.068880 1
357627 0.000000 0
357634 0.000000 0
357642 0.055370 1
357649 0.000000 0
357656 0.000000 0
357664 0.045210 1
357672 0.000000 0
357680 0.000000 0
357687 0.039830 1
357694 0.000000 0
357702 0.000000 0
357709 0.048460 1
357717 0.000000 0
357724 0.000000 0
357732 0.042070 1
357739 0.000000 0
357746 0.000000 0
357754 0.040210 1
357761 0.000000 0
357768 0.000000 0
357776 0.044360 1
357784 0.000000 0
357792 0.000000 0
357799 0.042600 1
357807 0.000000 0
357814 0.000000 0
357822 0.054120 1
357829 0.000000 0
357836 0.000000 0
357844 0.067540 1
357852 0.000000 0
357860 0.000000 0
357867 0.048780 1
357874 0.000000 0
357882 0.000000 0
357889 0.039830 1
357897 0.000000 0
357904 0.000000 0
357912 0.041520 1
357919 0.000000 0
357926 0.000000 0
357934 0.038860 1
357942 0.000000 0
357950 0.000000 0
357957 0.045550 1
357964 0.000000 0
357972 0.000000 0
357979 0.038470 1
357987 0.000000 0
357994 0.000000 0
358002 0.034710 1
358009 0.000000 0
358016 0.000000 0
358024 0.038470 1
358032 0.000000 0
358040 0.000000 0
358047 0.061750 1
358054 0.000000 0
358062 0.000000 0
358069 0.052840 1
358078 0.000000 0
358086 0.000000 0
358093 0.045550 1
358098 0.000000 0
358106 0.000000 0
358113 0.040770 1
358122 0.000000 0
358130 0.000000 0
358137 0.041700 1
358144 0.000000 0
358152 0.000000 0
358159 0.031480 1
358167 0.000000 0
358174 0.000000 0
358182 0.037870 1
358189 0.000000 0
358196 0.000000 0
358204 0.047670 1
358212 0.000000 0
358220 0.000000 0
358227 0.037660 1
358234 0.000000 0
358242 0.000000 0
358249 0.042250 1
358257 0.000000 0
358264 0.000000 0
358272 0.035370 1
358279 0.000000 0
358286 0.000000 0
358294 0.045550 1
358302 0.000000 0
358310 0.000000 0
358317 0.044880 1
358324 0.000000 0
358332 0.000000 0
358339 0.034270 1
358347 0.000000 0
358354 0.000000 0
358362 0.034040 1
358369 0.000000 0
358376 0.000000 0
358384 0.035580 1
358392 0.000000 0
358400 0.000000 0
358407 0.053410 1
358413 0.000000 0
358420 0.000000 0
358428 0.057660 1
358437 0.000000 0
358444 0.000000 0
358452 0.052110 1
358458 0.000000 0
358466 0.000000 0
358473 0.036220 1
358481 0.000000 0
358488 0.000000 0
358496 0.036640 1
358503 0.000000 0
358510 0.000000 0
358518 0.043840 1
358526 0.000000 0
358534 0.000000 0
358541 0.053410 1
358548 0.000000 0
358556 0.000000 0
358563 0.042600 1
358571 0.000000 0
358578 0.000000 0
358586 0.055240 1
358594 0.000000 0
358602 0.000000 0
358609 0.040770 1
358616 0.000000 0
358624 0.000000 0
358631 0.033600 1
358638 0.000000 0
358646 0.000000 0
358653 0.046370 1
358661 0.000000 0
358668 0.000000 0
358676 0.041890 1
358683 0.000000 0
358690 0.000000 0
358698 0.045380 1
358707 0.000000 0
358714 0.000000 0
358722 0.040410 1
358728 0.000000 0
358736 0.000000 0
358743 0.039640 1
358751 0.000000 0
358758 0.000000 0
358766 0.053830 1
358773 0.000000 0
358780 0.000000 0
358788 0.056060 1
358797 0.000000 0
358804 0.000000 0
358812 0.032670 1
358818 0.000000 0
358826 0.000000 0
358833 0.040020 1
358841 0.000000 0
358848 0.000000 0
358856 0.028960 1
358863 0.000000 0
358870 0.000000 0
358878 0.051380 1
358887 0.000000 0
358894 0.000000 0
358902 0.055920 1
358908 0.000000 0
358916 0.000000 0
358923 0.040020 1
358931 0.000000 0
358938 0.000000 0
358946 0.037260 1
358953 0.000000 0
358960 0.000000 0
358968 0.024700 1
358976 0.000000 0
358984 0.000000 0
358991 0.035580 1
358998 0.000000 0
359006 0.000000 0
359013 0.037460 1
359021 0.000000 0
359028 0.000000 0
359036 0.045720 1
359043 0.000000 0
359050 0.000000 0
359058 0.051960 1
359067 0.000000 0
359074 0.000000 0
359082 0.043320 1
359088 0.000000 0
359096 0.000000 0
359103 0.033140 1
359112 0.000000 0
359120 0.000000 0
359127 0.028170 1
359133 0.000000 0
359140 0.000000 0
359148 0.031480 1
359157 0.000000 0
359164 0.000000 0
359172 0.038070 1
359178 0.000000 0
359186 0.000000 0
359193 0.048310 1
359201 0.000000 0
359208 0.000000 0
359216 0.039250 1
359223 0.000000 0
359230 0.000000 0
359238 0.044880 1
359246 0.000000 0
359254 0.000000 0
359261 0.046050 1
359268 0.000000 0
359276 0.000000 0
359283 0.042070 1
359291 0.000000 0
359298 0.000000 0
359306 0.036010 1
359313 0.000000 0
359320 0.000000 0
359328 0.039640 1
359336 0.000000 0
359344 0.000000 0
359351 0.043320 1
359358 0.000000 0
359366 0.000000 0
359373 0.045720 1
359381 0.000000 0
359388 0.000000 0
359396 0.036640 1
359403 0.000000 0
359410 0.000000 0
359418 0.030240 1
359426 0.000000 0
359434 0.000000 0
359441 0.043140 1
359448 0.000000 0
359456 0.000000 0
359463 0.085940 1
359471 0.000000 0
359478 0.000000 0
359486 0.072130 1
359493 0.000000 0
359500 0.000000 0
359508 0.043490 1
359517 0.000000 0
359524 0.000000 0
359532 0.027050 1
359538 0.000000 0
359546 0.000000 0
359553 0.024380 1
359561 0.000000 0
359568 0.000000 0
359576 0.060140 1
359583 0.000000 0
359590 0.000000 0
359598 0.067430 1
359606 0.000000 0
359614 0.000000 0
359621 0.058060 1
359628 0.000000 0
359636 0.000000 0
359643 0.023440 1
359651 0.000000 0
359658 0.000000 0
359666 0.010330 1
359673 0.000000 0
359680 0.000000 0
359688 0.046710 1
359697 0.000000 0
359704 0.000000 0
359712 0.125780 1
359720 0.000000 0
359728 0.000000 0
359735 0.093830 1
359742 0.000000 0
359750 0.000000 0
359757 0.063830 1
359765 0.000000 0
359772 0.000000 0
359780 0.041520 1
359787 0.000000 0
359794 0.000000 0
359802 0.037870 1
359810 0.000000 0
359818 0.000000 0
359825 0.071380 1
359832 0.000000 0
359840 0.000000 0
359847 0.061390 1
359855 0.000000 0
359862 0.000000 0
359870 0.041150 1
359877 0.000000 0
359884 0.000000 0
359892 0.032210 1
359900 0.000000 0
359908 0.000000 0
359915 0.017010 1
359922 0.000000 0
359930 0.000000 0
359937 0.080610 1
359945 0.000000 0
359952 0.000000 0
359960 0.083770 1
359967 0.000000 0
359974 0.000000 0
359982 0.045550 1
359990 0.000000 0
359998 0.000000 0
360005 0.026200 1
360012 0.000000 0
360020 0.000000 0
360027 0.024080 1
360035 0.000000 0
360042 0.000000 0
360050 0.077130 1
360057 0.000000 0
360064 0.000000 0
360072 0.074420 1
360080 0.000000 0
360088 0.000000 0
360095 0.062610 1
360102 0.000000 0
360110 0.000000 0
360117 0.038670 1
360125 0.000000 0
360132 0.000000 0
360140 0.026780 1
360147 0.000000 0
360154 0.000000 0
360162 0.078510 1
360170 0.000000 0
360178 0.000000 0
360185 0.073590 1
360192 0.000000 0
360200 0.000000 0
360207 0.052260 1
360215 0.000000 0
360222 0.000000 0
360230 0.028700 1
360237 0.000000 0
360244 0.000000 0
360252 0.011050 1
360260 0.000000 0
360268 0.000000 0
360275 0.063220 1
360283 0.000000 0
360290 0.000000 0
360298 0.074220 1
360305 0.000000 0
360312 0.000000 0
360320 0.070310 1
360326 0.000000 0
360334 0.000000 0
360341 0.026780 1
360350 0.000000 0
360358 0.000000 0
360365 0.011720 1
360371 0.000000 0
360378 0.000000 0
360386 0.049870 1
360395 0.000000 0
360402 0.000000 0
360410 0.126570 1
360416 0.000000 0
360424 0.000000 0
360431 0.122900 1
360439 0.000000 0
360446 0.000000 0
360454 0.086640 1
360461 0.000000 0
360468 0.000000 0
360476 0.050170 1
360484 0.000000 0
360492 0.000000 0
360499 0.038270 1
360506 0.000000 0
360514 0.000000 0
360521 0.085850 1
360529 0.000000 0
360536 0.000000 0
360544 0.086730 1
360551 0.000000 0
360558 0.000000 0
360566 0.059750 1
360575 0.000000 0
360582 0.000000 0
360590 0.032910 1
360596 0.000000 0
360604 0.000000 0
360611 0.020290 1
360620 0.000000 0
360628 0.000000 0
360635 0.071170 1
360641 0.000000 0
360648 0.000000 0
360656 0.079670 1
360664 0.000000 0
360672 0.000000 0
360679 0.062000 1
360686 0.000000 0
360694 0.000000 0
360701 0.035370 1
360709 0.000000 0
360716 0.000000 0
360724 0.027890 1
360731 0.000000 0
360738 0.000000 0
360746 0.084950 1
360754 0.000000 0
360762 0.000000 0
360769 0.089590 1
360776 0.000000 0
360784 0.000000 0
360791 0.068440 1
360799 0.000000 0
360806 0.000000 0
360814 0.041890 1
360821 0.000000 0
360828 0.000000 0
360836 0.025310 1
360844 0.000000 0
360852 0.000000 0
360859 0.072650 1
360866 0.000000 0
360874 0.000000 0
360881 0.084760 1
360889 0.000000 0
360896 0.000000 0
360904 0.074620 1
360911 0.000000 0
360918 0.000000 0
360926 0.026780 1
360934 0.000000 0
360942 0.000000 0
360949 0.007810 1
360956 0.000000 0
360964 0.000000 0
360971 0.037050 1
360979 0.000000 0
360986 0.000000 0
360994 0.070850 1
361001 0.000000 0
361008 0.000000 0
361016 0.073700 1
361024 0.000000 0
361032 0.000000 0
361039 0.047350 1
361046 0.000000 0
361054 0.000000 0
361061 0.014080 1
361069 0.000000 0
361076 0.000000 0
361084 0.010330 1
361091 0.000000 0
361098 0.000000 0
361106 0.109220 1
361114 0.000000 0
361122 0.000000 0
361129 0.134570 0
361136 0.000000 0
361144 0.000000 0
361151 0.085130 0
361159 0.000000 0
361166 0.000000 0
361174 0.054960 0
361181 0.000000 0
361188 0.000000 0
361196 0.034270 0
361204 0.000000 0
361212 0.000000 0
361219 0.080340 0
361226 0.000000 0
361234 0.000000 0
361241 0.089590 0
361250 0.000000 0
361258 0.000000 0
361265 0.062000 0
361271 0.000000 0
361278 0.000000 0
361286 0.034270 0
361294 0.000000 0
361302 0.000000 0
361309 0.020290 0
361316 0.000000 0
361324 0.000000 0
361331 0.100420 0
361340 0.000000 0
361348 0.000000 0
361355 0.099960 0
361361 0.000000 0
361368 0.000000 0
361376 0.083410 0
361384 0.000000 0
361392 0.000000 0
361399 0.048160 0
361406 0.000000 0
361414 0.000000 0
361421 0.016100 0
361429 0.000000 0
361436 0.000000 0
361444 0.044710 0
361451 0.000000 0
361458 0.000000 0
361466 0.070080 0
361474 0.000000 0
361482 0.000000 0
361489 0.059620 0
361496 0.000000 0
361504 0.000000 0
361511 0.044190 0
361519 0.000000 0
361526 0.000000 0
361534 0.017460 0
361541 0.000000 0
361548 0.000000 0
361556 0.024700 0
361565 0.000000 0
361572 0.000000 0
361580 0.092680 0
361586 0.000000 0
361594 0.000000 0
361601 0.106110 0
361609 0.000000 0
361616 0.000000 0
361624 0.071170 0
361631 0.000000 0
361638 0.000000 0
361646 0.055240 0
361654 0.000000 0
361662 0.000000 0
361669 0.029740 0
361676 0.000000 0
361684 0.000000 0
361691 0.094470 0
361699 0.000000 0
361706 0.000000 0
361714 0.093000 0
361721 0.000000 0
361728 0.000000 0
361736 0.059620 0
361744 0.000000 0
361752 0.000000 0
361759 0.027050 0
361766 0.000000 0
361774 0.000000 0
361781 0.019910 0
361789 0.000000 0
361796 0.000000 0
361804 0.077620 0
361811 0.000000 0
361818 0.000000 0
361826 0.091690 0
361834 0.000000 0
361842 0.000000 0
361849 0.081740 0
361856 0.000000 0
361864 0.000000 0
361871 0.051510 0
361879 0.000000 0
361886 0.000000 0
361894 0.030500 0
361901 0.000000 0
361908 0.000000 0
361916 0.082580 0
361924 0.000000 0
361932 0.000000 0
361939 0.098040 0
361946 0.000000 0
361954 0.000000 0
361961 0.081380 0
361969 0.000000 0
361976 0.000000 0
361984 0.030990 0
361991 0.000000 0
361998 0.000000 0
362006 0.019530 0
362014 0.000000 0
362022 0.000000 0
362029 0.056340 0
362036 0.000000 0
362044 0.000000 0
362051 0.107820 0
362059 0.000000 0
362066 0.000000 0
362074 0.093420 0
362081 0.000000 0
362088 0.000000 0
362096 0.056060 0
362104 0.000000 0
362112 0.000000 0
362119 0.011050 0
362126 0.000000 0
362134 0.000000 0
362141 0.024080 0
362149 0.000000 0
362156 0.000000 0
362164 0.077330 0
362171 0.000000 0
362178 0.000000 0
362186 0.081740 0
362194 0.000000 0
362202 0.000000 0
362209 0.055510 0
362216 0.000000 0
362224 0.000000 0
362231 0.034040 0
362239 0.000000 0
362246 0.000000 0
362254 0.012340 0
362261 0.000000 0
362268 0.000000 0
362276 0.068100 0
362284 0.000000 0
362292 0.000000 0
362299 0.098420 0
362307 0.000000 0
362314 0.000000 0
362322 0.079580 0
362329 0.000000 0
362336 0.000000 0
362344 0.054120 0
362351 0.000000 0
362358 0.000000 0
362366 0.032670 0
362374 0.000000 0
362382 0.000000 0
362389 0.081380 0
362397 0.000000 0
362404 0.000000 0
362412 0.086110 0
362419 0.000000 0
362426 0.000000 0
362434 0.072760 0
362442 0.000000 0
362450 0.000000 0
362457 0.036850 0
362464 0.000000 0
362472 0.000000 0
362479 0.021740 0
362486 0.000000 0
362494 0.000000 0
362501 0.073080 0
362509 0.000000 0
362516 0.000000 0
362524 0.079000 0
362532 0.000000 0
362540 0.000000 0
362547 0.067870 0
362554 0.000000 0
362562 0.000000 0
362569 0.043140 0
362576 0.000000 0
362584 0.000000 0
362591 0.020660 0
362599 0.000000 0
362606 0.000000 0
362614 0.053560 0
362621 0.000000 0
362628 0.000000 0
362636 0.087860 0
362644 0.000000 0
362652 0.000000 0
362659 0.073900 0
362667 0.000000 0
362674 0.000000 0
362682 0.048160 0
362689 0.000000 0
362696 0.000000 0
362704 0.028170 0
362712 0.000000 0
362720 0.000000 0
362727 0.015630 0
362734 0.000000 0
362742 0.000000 0
362749 0.108950 0
362757 0.000000 0
362764 0.000000 0
362772 0.099580 0
362779 0.000000 0
362786 0.000000 0
362794 0.059240 0
362802 0.000000 0
362810 0.000000 0
362817 0.021030 0
362824 0.000000 0
362832 0.000000 0
362839 0.011050 0
362846 0.000000 0
362854 0.000000 0
362861 0.079760 0
362868 0.000000 0
362876 0.000000 0
362883 0.080340 0
362891 0.000000 0
362898 0.000000 0
362906 0.058980 0
362913 0.000000 0
362920 0.000000 0
362928 0.026490 0
362936 0.000000 0
362944 0.000000 0
362951 0.010330 0
362959 0.000000 0
362966 0.000000 0
362974 0.064770 0
362981 0.000000 0
362988 0.000000 0
362996 0.104080 0
363003 0.000000 0
363010 0.000000 0
363018 0.089420 0
363027 0.000000 0
363034 0.000000 0
363042 0.076940 0
363048 0.000000 0
363056 0.000000 0
363063 0.032910 0
363071 0.000000 0
363078 0.000000 0
363086 0.072650 0
363093 0.000000 0
363100 0.000000 0
363108 0.079290 0
363117 0.000000 0
363124 0.000000 0
363132 0.083960 0
363138 0.000000 0
363146 0.000000 0
363153 0.040770 0
363161 0.000000 0
363168 0.000000 0
363176 0.025600 0
363183 0.000000 0
363190 0.000000 0
363198 0.065350 0
363206 0.000000 0
363214 0.000000 0
363221 0.103410 0
363228 0.000000 0
363236 0.000000 0
363243 0.093420 0
363251 0.000000 0
363258 0.000000 0
363266 0.041700 0
363273 0.000000 0
363280 0.000000 0
363288 0.016570 0
363296 0.000000 0
363304 0.000000 0
363311 0.008730 0
363318 0.000000 0
363326 0.000000 0
363333 0.090090 0
363341 0.000000 0
363348 0.000000 0
363356 0.086200 0
363363 0.000000 0
363370 0.000000 0
363378 0.045880 0
363386 0.000000 0
363394 0.000000 0
363401 0.012950 0
363408 0.000000 0
363416 0.000000 0
363423 0.010330 0
363431 0.000000 0
363438 0.000000 0
363446 0.093980 0
363453 0.000000 0
363460 0.000000 0
363468 0.115680 0
363476 0.000000 0
363484 0.000000 0
363491 0.082860 0
363498 0.000000 0
363506 0.000000 0
363513 0.060880 0
363521 0.000000 0
363528 0.000000 0
363536 0.035800 0
363543 0.000000 0
363550 0.000000 0
363558 0.065480 0
363567 0.000000 0
363574 0.000000 0
363582 0.087080 0
363588 0.000000 0
363596 0.000000 0
363603 0.076450 0
363611 0.000000 0
363618 0.000000 0
363626 0.036010 0
363633 0.000000 0
363640 0.000000 0
363648 0.022770 0
363656 0.000000 0
363664 0.000000 0
363671 0.067990 0
363679 0.000000 0
363686 0.000000 0
363694 0.090090 0
363701 0.000000 0
363708 0.000000 0
363716 0.071920 0
363723 0.000000 0
363730 0.000000 0
363738 0.057940 0
363746 0.000000 0
363754 0.000000 0
363761 0.022770 0
363768 0.000000 0
363776 0.000000 0
363783 0.052260 0
363791 0.000000 0
363798 0.000000 0
363806 0.085220 0
363813 0.000000 0
363820 0.000000 0
363828 0.088380 1
363837 0.000000 0
363844 0.000000 0
363852 0.032910 1
363858 0.000000 0
363866 0.000000 0
363873 0.020660 1
363881 0.000000 0
363888 0.000000 0
363896 0.023100 1
363903 0.000000 0
363910 0.000000 0
363918 0.107680 1
363926 0.000000 0
363934 0.000000 0
363941 0.090520 1
363948 0.000000 0
363956 0.000000 0
363963 0.045210 1
363971 0.000000 0
363978 0.000000 0
363986 0.012950 1
363993 0.000000 0
364000 0.000000 0
364008 0.006760 0
364016 0.000000 0
364024 0.000000 0
364031 0.070630 0
364039 0.000000 0
364046 0.000000 0
364054 0.072650 0
364062 0.000000 0
364070 0.000000 0
364077 0.058980 0
364083 0.000000 0
364090 0.000000 0
364098 0.037460 0
364106 0.000000 0
364114 0.000000 0
364121 0.022770 0
364128 0.000000 0
364136 0.000000 0
364143 0.075030 0
364151 0.000000 0
364158 0.000000 0
364166 0.128790 0
364173 0.000000 0
364180 0.000000 0
364188 0.114080 0
364196 0.000000 0
364204 0.000000 0
364211 0.065130 0
364218 0.000000 0
364226 0.000000 0
364233 0.041700 0
364242 0.000000 0
364250 0.000000 0
364257 0.064530 0
364264 0.000000 0
364272 0.000000 0
364279 0.087160 0
364286 0.000000 0
364294 0.000000 0
364301 0.074720 0
364308 0.000000 0
364316 0.000000 0
364323 0.050320 0
364331 0.000000 0
364338 0.000000 0
364346 0.034930 0
364353 0.000000 0
364360 0.000000 0
364368 0.040770 0
364376 0.000000 0
364384 0.000000 0
364391 0.093750 0
364398 0.000000 0
364406 0.000000 0
364413 0.094070 0
364421 0.000000 0
364428 0.000000 0
364436 0.052550 0
364443 0.000000 0
364450 0.000000 0
364458 0.029220 0
364466 0.000000 0
364474 0.000000 0
364481 0.021030 0
364488 0.000000 0
364496 0.000000 0
364503 0.082950 0
364511 0.000000 0
364518 0.000000 0
364526 0.077040 0
364533 0.000000 0
364540 0.000000 0
364548 0.043490 0
364557 0.000000 0
364564 0.000000 0
364572 0.022430 0
364579 0.000000 0
364586 0.000000 0
364594 0.017010 0
364601 0.000000 0
364608 0.000000 0
364616 0.091690 0
364623 0.000000 0
364630 0.000000 0
364638 0.091020 0
364646 0.000000 0
364654 0.000000 0
364661 0.058850 0
364668 0.000000 0
364676 0.000000 0
364683 0.023100 0
364691 0.000000 0
364698 0.000000 0
364706 0.014600 0
364714 0.000000 0
364722 0.000000 0
364729 0.074010 0
364736 0.000000 0
364744 0.000000 0
364751 0.074920 0
364759 0.000000 0
364766 0.000000 0
364774 0.066410 0
364781 0.000000 0
364788 0.000000 0
364796 0.031250 0
364803 0.000000 0
364810 0.000000 0
364818 0.006760 0
364826 0.000000 0
364834 0.000000 0
364841 0.039060 0
364848 0.000000 0
364856 0.000000 0
364863 0.103410 0
364871 0.000000 0
364878 0.000000 0
364886 0.112810 0
364893 0.000000 0
364900 0.000000 0
364908 0.070950 0
364916 0.000000 0
364924 0.000000 0
364931 0.043140 0
364938 0.000000 0
364946 0.000000 0
364953 0.040020 0
364961 0.000000 0
364968 0.000000 0
364976 0.089750 0
364983 0.000000 0
364990 0.000000 0
364998 0.088030 0
365006 0.000000 0
365014 0.000000 0
365021 0.053970 0
365028 0.000000 0
365036 0.000000 0
365043 0.031970 0
365051 0.000000 0
365058 0.000000 0
365066 0.027340 0
365073 0.000000 0
365080 0.000000 0
365088 0.094790 0
365097 0.000000 0
365104 0.000000 0
365112 0.081650 0
365118 0.000000 0
365126 0.000000 0
365133 0.050920 0
365142 0.000000 0
365150 0.000000 0
365157 0.025310 0
365163 0.000000 0
365170 0.000000 0
365178 0.014600 0
365186 0.000000 0
365194 0.000000 0
365201 0.086380 0
365208 0.000000 0
365216 0.000000 0
365223 0.094070 0
365232 0.000000 0
365240 0.000000 0
365247 0.054690 0
365253 0.000000 0
365260 0.000000 0
365268 0.035160 0
365276 0.000000 0
365284 0.000000 0
365291 0.026780 0
365298 0.000000 0
365306 0.000000 0
365313 0.052260 0
365322 0.000000 0
365330 0.000000 0
365337 0.094150 0
365343 0.000000 0
365350 0.000000 0
365358 0.091020 0
365366 0.000000 0
365374 0.000000 0
365381 0.056730 0
365388 0.000000 0
365396 0.000000 0
365403 0.034490 0
365411 0.000000 0
365418 0.000000 0
365426 0.049710 0
365434 0.000000 0
365442 0.000000 0
365449 0.078600 0
365456 0.000000 0
365464 0.000000 0
365471 0.075530 0
365478 0.000000 0
365486 0.000000 0
365493 0.046370 0
365501 0.000000 0
365508 0.000000 0
365516 0.031250 0
365523 0.000000 0
365530 0.000000 0
365538 0.040210 0
365546 0.000000 0
365554 0.000000 0
365561 0.080340 0
365568 0.000000 0
365576 0.000000 0
365583 0.079960 0
365591 0.000000 0
365598 0.000000 0
365606 0.042600 0
365613 0.000000 0
365620 0.000000 0
365628 0.025010 0
365636 0.000000 0
365644 0.000000 0
365651 0.018310 0
365659 0.000000 0
365666 0.000000 0
365674 0.084230 0
365681 0.000000 0
365688 0.000000 0
365696 0.088810 0
365703 0.000000 0
365710 0.000000 0
365718 0.057660 0
365727 0.000000 0
365734 0.000000 0
365742 0.031480 0
365748 0.000000 0
365756 0.000000 0
365763 0.019130 0
365771 0.000000 0
365778 0.000000 0
365786 0.100270 0
365793 0.000000 0
365800 0.000000 0
365808 0.100950 0
365816 0.000000 0
365824 0.000000 0
365831 0.068440 0
365838 0.000000 0
365846 0.000000 0
365853 0.031970 0
365861 0.000000 0
365868 0.000000 0
365876 0.010330 0
365883 0.000000 0
365890 0.000000 0
365898 0.075140 0
365906 0.000000 0
365914 0.000000 0
365921 0.088640 0
365928 0.000000 0
365936 0.000000 0
365943 0.074110 0
365951 0.000000 0
365958 0.000000 0
365966 0.035160 0
365973 0.000000 0
365980 0.000000 0
365988 0.020660 0
365996 0.000000 0
366004 0.000000 0
366011 0.024380 0
366018 0.000000 0
366026 0.000000 0
366033 0.078310 0
366041 0.000000 0
366048 0.000000 0
366056 0.100340 0
366063 0.000000 0
366070 0.000000 0
366078 0.061880 0
366086 0.000000 0
366094 0.000000 0
366101 0.043320 0
366108 0.000000 0
366116 0.000000 0
366123 0.027050 0
366132 0.000000 0
366140 0.000000 0
366147 0.073700 0
366153 0.000000 0
366160 0.000000 0
366168 0.073790 0
366176 0.000000 0
366184 0.000000 0
366191 0.054260 0
366198 0.000000 0
366206 0.000000 0
366213 0.030000 0
366222 0.000000 0
366230 0.000000 0
366237 0.021390 0
366243 0.000000 0
366250 0.000000 0
366258 0.080700 0
366266 0.000000 0
366274 0.000000 0
366281 0.084050 0
366288 0.000000 0
366296 0.000000 0
366303 0.062120 0
366311 0.000000 0
366318 0.000000 0
366326 0.028430 0
366333 0.000000 0
366340 0.000000 0
366348 0.022100 0
366356 0.000000 0
366364 0.000000 0
366371 0.056730 0
366378 0.000000 0
366386 0.000000 0
366393 0.086380 0
366401 0.000000 0
366408 0.000000 0
366416 0.082950 0
366424 0.000000 0
366432 0.000000 0
366439 0.048160 0
366446 0.000000 0
366454 0.000000 0
366461 0.031970 0
366470 0.000000 0
366478 0.000000 0
366485 0.065250 0
366491 0.000000 0
366498 0.000000 0
366506 0.101260 0
366514 0.000000 0
366522 0.000000 0
366529 0.083310 0
366536 0.000000 0
366544 0.000000 0
366551 0.044360 0
366559 0.000000 0
366566 0.000000 0
366574 0.009570 0
366581 0.000000 0
366588 0.000000 0
366596 0.034040 0
366604 0.000000 0
366612 0.000000 0
366619 0.090420 0
366626 0.000000 0
366634 0.000000 0
366641 0.077620 0
366650 0.000000 0
366658 0.000000 0
366665 0.056600 0
366671 0.000000 0
366678 0.000000 0
366686 0.017900 0
366694 0.000000 0
366702 0.000000 0
366709 0.011050 0
366716 0.000000 0
366724 0.000000 0
366731 0.087600 0
366739 0.000000 0
366746 0.000000 0
366754 0.098510 0
366761 0.000000 0
366768 0.000000 0
366776 0.064530 0
366784 0.000000 0
366792 0.000000 0
366799 0.042250 0
366806 0.000000 0
366814 0.000000 0
366821 0.025310 0
366829 0.000000 0
366836 0.000000 0
366844 0.079670 0
366851 0.000000 0
366858 0.000000 0
366866 0.076140 0
366874 0.000000 0
366882 0.000000 0
366889 0.063580 0
366896 0.000000 0
366904 0.000000 0
366911 0.033600 0
366919 0.000000 0
366926 0.000000 0
366934 0.020660 0
366941 0.000000 0
366948 0.000000 0
366956 0.096310 0
366964 0.000000 0
366972 0.000000 0
366979 0.114550 0
366986 0.000000 0
366994 0.000000 0
367001 0.088900 0
367009 0.000000 0
367016 0.000000 0
367024 0.041700 0
367031 0.000000 0
367038 0.000000 0
367046 0.031720 0
367054 0.000000 0
367062 0.000000 0
367069 0.066060 0
367076 0.000000 0
367084 0.000000 0
367091 0.084950 0
367099 0.000000 0
367106 0.000000 0
367114 0.089070 0
367121 0.000000 0
367128 0.000000 0
367136 0.045550 0
367144 0.000000 0
367152 0.000000 0
367159 0.017460 0
367166 0.000000 0
367174 0.000000 0
367181 0.030750 0
367189 0.000000 0
367196 0.000000 0
367204 0.080140 0
367211 0.000000 0
367218 0.000000 0
367226 0.073080 0
367234 0.000000 0
367242 0.000000 0
367249 0.047840 0
367256 0.000000 0
367264 0.000000 0
367271 0.032670 0
367279 0.000000 0
367286 0.000000 0
367294 0.026200 0
367301 0.000000 0
367308 0.000000 0
367316 0.082490 0
367324 0.000000 0
367332 0.000000 0
367339 0.074920 0
367346 0.000000 0
367354 0.000000 0
367361 0.062360 0
367369 0.000000 0
367376 0.000000 0
367384 0.030000 0
367391 0.000000 0
367398 0.000000 0
367406 0.025910 0
367415 0.000000 0
367422 0.000000 0
367430 0.069430 0
367437 0.000000 0
367444 0.000000 0
367452 0.085660 0
367459 0.000000 0
367466 0.000000 0
367474 0.053560 0
367481 0.000000 0
367488 0.000000 0
367496 0.030990 0
367504 0.000000 0
367512 0.000000 0
367519 0.027620 0
367528 0.000000 0
367536 0.000000 0
367543 0.061510 0
367549 0.000000 0
367556 0.000000 0
367564 0.082030 0
367571 0.000000 0
367578 0.000000 0
367586 0.079180 0
367594 0.000000 0
367602 0.000000 0
367609 0.034710 0
367617 0.000000 0
367624 0.000000 0
367632 0.021030 0
367639 0.000000 0
367646 0.000000 0
367654 0.072970 0
367661 0.000000 0
367668 0.000000 0
367676 0.093420 0
367684 0.000000 0
367692 0.000000 0
367699 0.074310 1
367707 0.000000 0
367714 0.000000 0
367722 0.038860 1
367729 0.000000 0
367736 0.000000 0
367744 0.014080 1
367753 0.000000 0
367760 0.000000 0
367768 0.042250 1
367774 0.000000 0
367782 0.000000 0
367789 0.090680 1
367797 0.000000 0
367804 0.000000 0
367812 0.090590 1
367819 0.000000 0
367826 0.000000 0
367834 0.054690 1
367841 0.000000 0
367848 0.000000 0
367856 0.032670 1
367864 0.000000 0
367872 0.000000 0
367879 0.022770 1
367888 0.000000 0
367896 0.000000 0
367903 0.090420 1
367909 0.000000 0
367916 0.000000 0
367924 0.095990 1
367932 0.000000 0
367940 0.000000 0
367947 0.069760 1
367954 0.000000 0
367962 0.000000 0
367969 0.043140 1
367976 0.000000 0
367984 0.000000 0
367991 0.025600 1
367999 0.000000 0
368006 0.000000 0
368014 0.076340 1
368021 0.000000 0
368028 0.000000 0
368036 0.095750 1
368044 0.000000 0
368052 0.000000 0
368059 0.072130 1
368066 0.000000 0
368074 0.000000 0
368081 0.036220 1
368089 0.000000 0
368096 0.000000 0
368104 0.027620 1
368112 0.000000 0
368120 0.000000 0
368127 0.076340 1
368134 0.000000 0
368142 0.000000 0
368149 0.090350 1
368157 0.000000 0
368164 0.000000 0
368172 0.078420 1
368179 0.000000 0
368186 0.000000 0
368194 0.037660 1
368201 0.000000 0
368208 0.000000 0
368216 0.025010 1
368224 0.000000 0
368232 0.000000 0
368239 0.053120 1
368247 0.000000 0
368254 0.000000 0
368262 0.081180 1
368269 0.000000 0
368276 0.000000 0
368284 0.071170 1
368291 0.000000 0
368298 0.000000 0
368306 0.034270 1
368313 0.000000 0
368320 0.000000 0
368328 0.027340 1
368337 0.000000 0
368344 0.000000 0
368352 0.063460 1
368358 0.000000 0
368366 0.000000 0
368373 0.098740 1
368381 0.000000 0
368388 0.000000 0
368396 0.088470 1
368403 0.000000 0
368410 0.000000 0
368418 0.060260 1
368426 0.000000 0
368434 0.000000 0
368441 0.022430 1
368448 0.000000 0
368456 0.000000 0
368463 0.014080 1
368471 0.000000 0
368478 0.000000 0
368486 0.068540 1
368493 0.000000 0
368500 0.000000 0
368508 0.072970 1
368516 0.000000 0
368524 0.000000 0
368531 0.048310 1
368538 0.000000 0
368546 0.000000 0
368553 0.019910 1
368562 0.000000 0
368570 0.000000 0
368577 0.012950 1
368584 0.000000 0
368592 0.000000 0
368599 0.092440 1
368607 0.000000 0
368614 0.000000 0
368622 0.107960 1
368628 0.000000 0
368636 0.000000 0
368643 0.080810 1
368651 0.000000 0
368658 0.000000 0
368666 0.045210 1
368673 0.000000 0
368680 0.000000 0
368688 0.017460 1
368696 0.000000 0
368704 0.000000 0
368711 0.072020 1
368718 0.000000 0
368726 0.000000 0
368733 0.089330 1
368741 0.000000 0
368748 0.000000 0
368756 0.075330 1
368763 0.000000 0
368770 0.000000 0
368778 0.059880 1
368786 0.000000 0
368794 0.000000 0
368801 0.034490 1
368809 0.000000 0
368816 0.000000 0
368824 0.045720 1
368832 0.000000 0
368840 0.000000 0
368847 0.090520 1
368854 0.000000 0
368862 0.000000 0
368869 0.068990 1
368877 0.000000 0
368884 0.000000 0
368892 0.043670 1
368899 0.000000 0
368906 0.000000 0
368914 0.014600 1
368921 0.000000 0
368928 0.000000 0
368936 0.019130 1
368943 0.000000 0
368950 0.000000 0
368958 0.086640 1
368966 0.000000 0
368974 0.000000 0
368981 0.075330 1
368988 0.000000 0
368996 0.000000 0
369003 0.053700 1
369011 0.000000 0
369018 0.000000 0
369026 0.037660 1
369033 0.000000 0
369040 0.000000 0
369048 0.022430 1
369056 0.000000 0
369064 0.000000 0
369071 0.065830 1
369078 0.000000 0
369086 0.000000 0
369093 0.078710 1
369101 0.000000 0
369108 0.000000 0
369116 0.067660 1
369123 0.000000 0
369130 0.000000 0
369138 0.035580 1
369147 0.000000 0
369154 0.000000 0
369162 0.019910 1
369168 0.000000 0
369176 0.000000 0
369183 0.068330 1
369191 0.000000 0
369198 0.000000 0
369206 0.073180 1
369213 0.000000 0
369220 0.000000 0
369228 0.068330 1
369236 0.000000 0
369244 0.000000 0
369251 0.032910 1
369258 0.000000 0
369266 0.000000 0
369273 0.017460 1
369282 0.000000 0
369290 0.000000 0
369297 0.077930 1
369303 0.000000 0
369310 0.000000 0
369318 0.089750 1
369326 0.000000 0
369334 0.000000 0
369341 0.076650 1
369348 0.000000 0
369356 0.000000 0
369363 0.034930 1
369372 0.000000 0
369380 0.000000 0
369387 0.027620 1
369394 0.000000 0
369402 0.000000 0
369409 0.037660 1
369417 0.000000 0
369424 0.000000 0
369432 0.079960 1
369439 0.000000 0
369446 0.000000 0
369454 0.078710 1
369462 0.000000 0
369470 0.000000 0
369477 0.044530 1
369484 0.000000 0
369492 0.000000 0
369499 0.033140 1
369506 0.000000 0
369514 0.000000 0
369521 0.018720 1
369529 0.000000 0
369536 0.000000 0
369544 0.093340 1
369552 0.000000 0
369560 0.000000 0
369567 0.086550 1
369575 0.000000 0
369582 0.000000 0
369590 0.063940 1
369597 0.000000 0
369604 0.000000 0
369612 0.034930 1
369620 0.000000 0
369628 0.000000 0
369635 0.022770 1
369641 0.000000 0
369648 0.000000 0
369656 0.074010 1
369664 0.000000 0
369672 0.000000 0
369679 0.080140 1
369686 0.000000 0
369694 0.000000 0
369701 0.053270 1
369708 0.000000 0
369716 0.000000 0
369723 0.035800 1
369732 0.000000 0
369740 0.000000 0
369747 0.024700 1
369755 0.000000 0
369762 0.000000 0
369770 0.069870 1
369777 0.000000 0
369784 0.000000 0
369792 0.072970 1
369800 0.000000 0
369808 0.000000 0
369815 0.065710 1
369822 0.000000 0
369830 0.000000 0
369837 0.051820 1
369845 0.000000 0
369852 0.000000 0
369860 0.022770 1
369867 0.000000 0
369874 0.000000 0
369882 0.055510 1
369888 0.000000 0
369896 0.000000 0
369903 0.083960 1
369911 0.000000 0
369918 0.000000 0
369926 0.069430 1
369933 0.000000 0
369940 0.000000 0
369948 0.046710 1
369956 0.000000 0
369964 0.000000 0
369971 0.034710 1
369978 0.000000 0
369986 0.000000 0
369993 0.037260 1
370002 0.000000 0
370010 0.000000 0
370017 0.072450 1
370024 0.000000 0
370032 0.000000 0
370039 0.062610 1
370046 0.000000 0
370054 0.000000 0
370061 0.041700 1
370069 0.000000 0
370076 0.000000 0
370084 0.028700 1
370091 0.000000 0
370098 0.000000 0
370106 0.036420 1
370115 0.000000 0
370122 0.000000 0
370130 0.085570 1
370136 0.000000 0
370144 0.000000 0
370151 0.084860 1
370160 0.000000 0
370168 0.000000 0
370175 0.051510 1
370181 0.000000 0
370188 0.000000 0
370196 0.032910 1
370205 0.000000 0
370212 0.000000 0
370220 0.020660 1
370226 0.000000 0
370234 0.000000 0
370241 0.095030 1
370249 0.000000 0
370256 0.000000 0
370264 0.093340 1
370271 0.000000 0
370278 0.000000 0
370286 0.076140 1
370295 0.000000 0
370302 0.000000 0
370310 0.038270 1
370316 0.000000 0
370324 0.000000 0
370331 0.023440 1
370340 0.000000 0
370348 0.000000 0
370355 0.046220 1
370361 0.000000 0
370368 0.000000 0
370376 0.063580 1
370385 0.000000 0
370392 0.000000 0
370400 0.063100 1
370406 0.000000 0
370414 0.000000 0
370421 0.039060 1
370429 0.000000 0
370436 0.000000 0
370444 0.019130 1
370451 0.000000 0
370458 0.000000 0
370466 0.050020 1
370474 0.000000 0
370482 0.000000 0
370489 0.082490 1
370496 0.000000 0
370504 0.000000 0
370511 0.084050 1
370519 0.000000 0
370526 0.000000 0
370534 0.047030 1
370541 0.000000 0
370548 0.000000 0
370556 0.035160 1
370564 0.000000 0
370572 0.000000 0
370579 0.037460 1
370586 0.000000 0
370594 0.000000 0
370601 0.075440 1
370609 0.000000 0
370616 0.000000 0
370624 0.058720 1
370631 0.000000 0
370638 0.000000 0
370646 0.041890 1
370654 0.000000 0
370662 0.000000 0
370669 0.032670 1
370676 0.000000 0
370684 0.000000 0
370691 0.030990 1
370699 0.000000 0
370706 0.000000 0
370714 0.075530 1
370721 0.000000 0
370728 0.000000 0
370736 0.078020 1
370744 0.000000 0
370752 0.000000 0
370759 0.056460 1
370766 0.000000 0
370774 0.000000 0
370781 0.040770 1
370789 0.000000 0
370796 0.000000 0
370804 0.017900 1
370811 0.000000 0
370818 0.000000 0
370826 0.063580 1
370834 0.000000 0
370842 0.000000 0
370849 0.079670 1
370856 0.000000 0
370864 0.000000 0
370871 0.060760 1
370879 0.000000 0
370886 0.000000 0
370894 0.026200 1
370901 0.000000 0
370908 0.000000 0
370916 0.024700 1
370924 0.000000 0
370932 0.000000 0
370939 0.036420 1
370946 0.000000 0
370954 0.000000 0
370961 0.098510 1
370969 0.000000 0
370976 0.000000 0
370984 0.081090 1
370991 0.000000 0
370998 0.000000 0
371006 0.050020 1
371014 0.000000 0
371022 0.000000 0
371029 0.031250 1
371036 0.000000 0
371044 0.000000 0
371051 0.042970 1
371059 0.000000 0
371066 0.000000 0
371074 0.072650 1
371081 0.000000 0
371088 0.000000 0
371096 0.064770 1
371104 0.000000 0
371112 0.000000 0
371119 0.036640 1
371127 0.000000 0
371134 0.000000 0
371142 0.031250 1
371149 0.000000 0
371156 0.000000 0
371164 0.022770 1
371172 0.000000 0
371180 0.000000 0
371187 0.068210 1
371194 0.000000 0
371202 0.000000 0
371209 0.072130 1
371217 0.000000 0
371224 0.000000 0
371232 0.042070 1
371239 0.000000 0
371246 0.000000 0
371254 0.037870 1
371262 0.000000 0
371270 0.000000 0
371277 0.024080 1
371284 0.000000 0
371292 0.000000 0
371299 0.077730 1
371307 0.000000 0
371314 0.000000 0
371322 0.086020 1
371329 0.000000 0
371336 0.000000 0
371344 0.048160 1
371352 0.000000 0
371360 0.000000 0
371367 0.031720 1
371374 0.000000 0
371382 0.000000 0
371389 0.019910 1
371397 0.000000 0
371404 0.000000 0
371412 0.076840 1
371419 0.000000 0
371426 0.000000 0
371434 0.078130 1
371442 0.000000 0
371450 0.000000 0
371457 0.064420 1
371464 0.000000 0
371472 0.000000 0
371479 0.031970 1
371487 0.000000 0
371494 0.000000 0
371502 0.025910 1
371509 0.000000 0
371516 0.000000 0
371524 0.047840 1
371532 0.000000 0
371540 0.000000 0
371547 0.063830 1
371554 0.000000 0
371562 0.000000 0
371569 0.058320 1
371577 0.000000 0
371584 0.000000 0
371592 0.031720 1
371599 0.000000 0
371606 0.000000 0
371614 0.017010 1
371622 0.000000 0
371630 0.000000 0
371637 0.046540 1
371644 0.000000 0
371652 0.000000 0
371659 0.086550 1
371667 0.000000 0
371674 0.000000 0
371682 0.082760 1
371689 0.000000 0
371696 0.000000 0
371704 0.059360 1
371713 0.000000 0
371720 0.000000 0
371728 0.038470 1
371734 0.000000 0
371742 0.000000 0
371749 0.038070 1
371758 0.000000 0
371766 0.000000 0
371773 0.079850 1
371779 0.000000 0
371786 0.000000 0
371794 0.080050 1
371803 0.000000 0
371810 0.000000 0
371818 0.056340 1
371824 0.000000 0
371832 0.000000 0
371839 0.040410 1
371847 0.000000 0
371854 0.000000 0
371862 0.022770 1
371868 0.000000 0
371876 0.000000 0
371883 0.054830 1
371891 0.000000 0
371898 0.000000 0
371906 0.064880 1
371914 0.000000 0
371922 0.000000 0
371929 0.055510 1
371936 0.000000 0
371944 0.000000 0
371951 0.039440 1
371958 0.000000 0
371966 0.000000 0
371973 0.030750 1
371981 0.000000 0
371988 0.000000 0
371996 0.063220 1
372003 0.000000 0
372010 0.000000 0
372018 0.090590 1
372027 0.000000 0
372034 0.000000 0
372042 0.073270 1
372048 0.000000 0
372056 0.000000 0
372063 0.037870 1
372072 0.000000 0
372080 0.000000 0
372087 0.039640 1
372093 0.000000 0
372100 0.000000 0
372108 0.054830 1
372116 0.000000 0
372124 0.000000 0
372131 0.065130 1
372138 0.000000 0
372146 0.000000 0
372153 0.064060 1
372161 0.000000 0
372168 0.000000 0
372176 0.032670 1
372183 0.000000 0
372190 0.000000 0
372198 0.020660 1
372207 0.000000 0
372214 0.000000 0
372222 0.026780 1
372228 0.000000 0
372236 0.000000 0
372243 0.056460 1
372251 0.000000 0
372258 0.000000 0
372266 0.073180 1
372274 0.000000 0
372282 0.000000 0
372289 0.046370 1
372297 0.000000 0
372304 0.000000 0
372312 0.032440 1
372319 0.000000 0
372326 0.000000 0
372334 0.026780 1
372342 0.000000 0
372350 0.000000 0
372357 0.100110 1
372363 0.000000 0
372370 0.000000 0
372378 0.098120 1
372387 0.000000 0
372394 0.000000 0
372402 0.058200 1
372409 0.000000 0
372416 0.000000 0
372424 0.040210 1
372432 0.000000 0
372440 0.000000 0
372447 0.025010 1
372454 0.000000 0
372462 0.000000 0
372469 0.052260 1
372477 0.000000 0
372484 0.000000 0
372492 0.061260 1
372499 0.000000 0
372506 0.000000 0
372514 0.054960 1
372522 0.000000 0
372530 0.000000 0
372537 0.045550 1
372544 0.000000 0
372552 0.000000 0
372559 0.023760 1
372567 0.000000 0
372574 0.000000 0
372582 0.077040 1
372589 0.000000 0
372596 0.000000 0
372604 0.087600 1
372612 0.000000 0
372620 0.000000 0
372627 0.068440 1
372633 0.000000 0
372640 0.000000 0
372648 0.045880 1
372656 0.000000 0
372664 0.000000 0
372671 0.032440 1
372678 0.000000 0
372686 0.000000 0
372693 0.034490 1
372701 0.000000 0
372708 0.000000 0
372716 0.077930 1
372723 0.000000 0
372730 0.000000 0
372738 0.072860 1
372746 0.000000 0
372754 0.000000 0
372761 0.045210 1
372768 0.000000 0
372776 0.000000 0
372783 0.028960 1
372792 0.000000 0
372800 0.000000 0
372807 0.026490 1
372813 0.000000 0
372820 0.000000 0
372828 0.065350 1
372837 0.000000 0
372844 0.000000 0
372852 0.067540 1
372858 0.000000 0
372866 0.000000 0
372873 0.056200 1
372882 0.000000 0
372890 0.000000 0
372897 0.038470 1
372904 0.000000 0
372912 0.000000 0
372919 0.033600 1
372926 0.000000 0
372934 0.000000 0
372941 0.070420 1
372948 0.000000 0
372956 0.000000 0
372963 0.083770 1
372971 0.000000 0
372978 0.000000 0
372986 0.056460 1
372993 0.000000 0
373000 0.000000 0
373008 0.042600 1
373016 0.000000 0
373024 0.000000 0
373031 0.021740 1
373038 0.000000 0
373046 0.000000 0
373053 0.050170 1
373061 0.000000 0
373068 0.000000 0
373076 0.062970 1
373083 0.000000 0
373090 0.000000 0
373098 0.056060 1
373106 0.000000 0
373114 0.000000 0
373121 0.052260 1
373128 0.000000 0
373136 0.000000 0
373143 0.028170 1
373151 0.000000 0
373158 0.000000 0
373166 0.046880 1
373173 0.000000 0
373180 0.000000 0
373188 0.065250 1
373196 0.000000 0
373204 0.000000 0
373211 0.067870 1
373218 0.000000 0
373226 0.000000 0
373233 0.038470 1
373241 0.000000 0
373248 0.000000 0
373256 0.021390 1
373263 0.000000 0
373270 0.000000 0
373278 0.041890 1
373286 0.000000 0
373294 0.000000 0
373301 0.072970 1
373308 0.000000 0
373316 0.000000 0
373323 0.075750 1
373331 0.000000 0
373338 0.000000 0
373346 0.050630 1
373353 0.000000 0
373360 0.000000 0
373368 0.030000 1
373376 0.000000 0
373384 0.000000 0
373391 0.030240 1
373398 0.000000 0
373406 0.000000 0
373413 0.056060 1
373421 0.000000 0
373428 0.000000 0
373436 0.066510 1
373443 0.000000 0
373450 0.000000 0
373458 0.057940 1
373466 0.000000 0
373474 0.000000 0
373481 0.040590 1
373488 0.000000 0
373496 0.000000 0
373503 0.024700 1
373512 0.000000 0
373520 0.000000 0
373527 0.051960 1
373533 0.000000 0
373540 0.000000 0
373548 0.065580 1
373556 0.000000 0
373564 0.000000 0
373571 0.055510 1
373578 0.000000 0
373586 0.000000 0
373593 0.033140 1
373601 0.000000 0
373608 0.000000 0
373616 0.024080 1
373624 0.000000 0
373632 0.000000 0
373639 0.058980 1
373646 0.000000 0
373654 0.000000 0
373661 0.067770 1
373670 0.000000 0
373678 0.000000 0
373685 0.064880 1
373691 0.000000 0
373698 0.000000 0
373706 0.045380 1
373715 0.000000 0
373722 0.000000 0
373730 0.027890 1
373736 0.000000 0
373744 0.000000 0
373751 0.051380 1
373760 0.000000 0
373768 0.000000 0
373775 0.074830 1
373781 0.000000 0
373788 0.000000 0
373796 0.080050 1
373805 0.000000 0
373812 0.000000 0
373820 0.041890 1
373826 0.000000 0
373834 0.000000 0
373841 0.029480 1
373849 0.000000 0
373856 0.000000 0
373864 0.046710 1
373871 0.000000 0
373878 0.000000 0
373886 0.062850 1
373895 0.000000 0
373902 0.000000 0
373910 0.061390 1
373916 0.000000 0
373924 0.000000 0
373931 0.056600 1
373940 0.000000 0
373948 0.000000 0
373955 0.038270 1
373961 0.000000 0
373968 0.000000 0
373976 0.033600 1
373985 0.000000 0
373992 0.000000 0
374000 0.059490 1
374006 0.000000 0
374014 0.000000 0
374021 0.062850 1
374029 0.000000 0
374036 0.000000 0
374044 0.040770 1
374051 0.000000 0
374058 0.000000 0
374066 0.019530 1
374074 0.000000 0
374082 0.000000 0
374089 0.025310 1
374096 0.000000 0
374104 0.000000 0
374111 0.059880 1
374119 0.000000 0
374126 0.000000 0
374134 0.058720 1
374141 0.000000 0
374148 0.000000 0
374156 0.043840 1
374164 0.000000 0
374172 0.000000 0
374179 0.032210 1
374186 0.000000 0
374194 0.000000 0
374201 0.035370 1
374209 0.000000 0
374216 0.000000 0
374224 0.037870 1
374231 0.000000 0
374238 0.000000 0
374246 0.050020 1
374254 0.000000 0
374262 0.000000 0
374269 0.053120 1
374276 0.000000 0
374284 0.000000 0
374291 0.049090 1
374299 0.000000 0
374306 0.000000 0
374314 0.039640 1
374321 0.000000 0
374328 0.000000 0
374336 0.038470 1
374344 0.000000 0
374352 0.000000 0
374359 0.042600 1
374366 0.000000 0
374374 0.000000 0
374381 0.033600 1
374389 0.000000 0
374396 0.000000 0
374404 0.039830 1
374411 0.000000 0
374418 0.000000 0
374426 0.044010 1
374434 0.000000 0
374442 0.000000 0
374449 0.109160 1
374456 0.000000 0
374464 0.000000 0
374471 0.206580 1
374479 0.000000 0
374486 0.000000 0
374494 0.140890 1
374501 0.000000 0
374508 0.000000 0
374516 0.089920 1
374524 0.000000 0
374532 0.000000 0
374539 0.047840 1
374546 0.000000 0
374554 0.000000 0
374561 0.019910 1
374569 0.000000 0
374576 0.000000 0
374584 0.034710 1
374591 0.000000 0
374598 0.000000 0
374606 0.036220 1
374614 0.000000 0
374622 0.000000 0
374629 0.020290 1
374637 0.000000 0
374644 0.000000 0
374652 0.021030 1
374659 0.000000 0
374666 0.000000 0
374674 0.023440 1
374682 0.000000 0
374690 0.000000 0
374697 0.048780 1
374704 0.000000 0
374712 0.000000 0
374719 0.055920 1
374726 0.000000 0
374734 0.000000 0
374741 0.043490 1
374749 0.000000 0
374756 0.000000 0
374764 0.038860 1
374773 0.000000 0
374780 0.000000 0
374788 0.021390 1
374794 0.000000 0
374802 0.000000 0
374809 0.043670 1
374817 0.000000 0
374824 0.000000 0
374832 0.049710 1
374839 0.000000 0
374846 0.000000 0
374854 0.055920 1
374862 0.000000 0
374870 0.000000 0
374877 0.036640 1
374884 0.000000 0
374892 0.000000 0
374899 0.030240 1
374907 0.000000 0
374914 0.000000 0
374922 0.073380 1
374929 0.000000 0
374936 0.000000 0
374944 0.073380 1
374953 0.000000 0
374960 0.000000 0
374968 0.063220 1
374974 0.000000 0
374982 0.000000 0
374989 0.052260 1
374997 0.000000 0
375004 0.000000 0
375012 0.026490 1
375019 0.000000 0
375026 0.000000 0
375034 0.013520 1
375042 0.000000 0
375050 0.000000 0
375057 0.030240 1
375064 0.000000 0
375072 0.000000 0
375079 0.038470 1
375087 0.000000 0
375094 0.000000 0
375102 0.030500 1
375109 0.000000 0
375116 0.000000 0
375124 0.021740 1
375132 0.000000 0
375140 0.000000 0
375147 0.035800 1
375154 0.000000 0
375162 0.000000 0
375169 0.083040 1
375176 0.000000 0
375184 0.000000 0
375191 0.076540 1
375199 0.000000 0
375206 0.000000 0
375214 0.044880 1
375222 0.000000 0
375230 0.000000 0
375237 0.030500 1
375244 0.000000 0
375252 0.000000 0
375259 0.032670 1
375268 0.000000 0
375276 0.000000 0
375283 0.058980 1
375289 0.000000 0
375296 0.000000 0
375304 0.054540 1
375313 0.000000 0
375320 0.000000 0
375328 0.036640 1
375334 0.000000 0
375342 0.000000 0
375349 0.029740 1
375358 0.000000 0
375366 0.000000 0
375373 0.030500 1
375379 0.000000 0
375386 0.000000 0
375394 0.061750 1
375403 0.000000 0
375410 0.000000 0
375418 0.077440 1
375424 0.000000 0
375432 0.000000 0
375439 0.065830 1
375447 0.000000 0
375454 0.000000 0
375462 0.055920 1
375469 0.000000 0
375476 0.000000 0
375484 0.033140 1
375493 0.000000 0
375500 0.000000 0
375508 0.032440 1
375514 0.000000 0
375522 0.000000 0
375529 0.039060 1
375537 0.000000 0
375544 0.000000 0
375552 0.034710 1
375559 0.000000 0
375566 0.000000 0
375574 0.020660 1
375582 0.000000 0
375590 0.000000 0
375597 0.025010 1
375604 0.000000 0
375612 0.000000 0
375619 0.036640 1
375627 0.000000 0
375634 0.000000 0
375642 0.073270 1
375649 0.000000 0
375656 0.000000 0
375664 0.068440 1
375672 0.000000 0
375680 0.000000 0
375687 0.053410 1
375694 0.000000 0
375702 0.000000 0
375709 0.026490 1
375717 0.000000 0
375724 0.000000 0
375732 0.022430 1
375739 0.000000 0
375746 0.000000 0
375754 0.065000 1
375761 0.000000 0
375768 0.000000 0
375776 0.065350 1
375784 0.000000 0
375792 0.000000 0
375799 0.048460 1
375806 0.000000 0
375814 0.000000 0
375821 0.036420 1
375828 0.000000 0
375836 0.000000 0
375843 0.032670 1
375853 0.000000 0
375860 0.000000 0
375868 0.064420 1
375873 0.000000 0
375880 0.000000 0
375888 0.063340 1
375896 0.000000 0
375904 0.000000 0
375911 0.056600 1
375918 0.000000 0
375926 0.000000 0
375933 0.044710 1
375941 0.000000 0
375948 0.000000 0
375956 0.025010 1
375963 0.000000 0
375970 0.000000 0
375978 0.042790 1
375987 0.000000 0
375994 0.000000 0
376002 0.043490 1
376009 0.000000 0
376016 0.000000 0
376024 0.039060 1
376033 0.000000 0
376040 0.000000 0
376048 0.018720 1
376054 0.000000 0
376062 0.000000 0
376069 0.022770 1
376077 0.000000 0
376084 0.000000 0
376092 0.052110 1
376099 0.000000 0
376106 0.000000 0
376114 0.078510 1
376122 0.000000 0
376130 0.000000 0
376137 0.077330 1
376144 0.000000 0
376152 0.000000 0
376159 0.046370 1
376167 0.000000 0
376174 0.000000 0
376182 0.036850 1
376189 0.000000 0
376196 0.000000 0
376204 0.045720 1
376212 0.000000 0
376220 0.000000 0
376227 0.060500 1
376234 0.000000 0
376242 0.000000 0
376249 0.052550 1
376258 0.000000 0
376266 0.000000 0
376273 0.036420 1
376279 0.000000 0
376286 0.000000 0
376294 0.028960 1
376303 0.000000 0
376310 0.000000 0
376318 0.031720 1
376324 0.000000 0
376332 0.000000 0
376339 0.067990 1
376347 0.000000 0
376354 0.000000 0
376362 0.096790 1
376368 0.000000 0
376376 0.000000 0
376383 0.076230 1
376391 0.000000 0
376398 0.000000 0
376406 0.039830 1
376413 0.000000 0
376420 0.000000 0
376428 0.019130 1
376436 0.000000 0
376444 0.000000 0
376451 0.035580 1
376458 0.000000 0
376466 0.000000 0
376473 0.037870 1
376482 0.000000 0
376490 0.000000 0
376497 0.024700 1
376503 0.000000 0
376510 0.000000 0
376518 0.019530 1
376527 0.000000 0
376534 0.000000 0
376542 0.025600 1
376549 0.000000 0
376556 0.000000 0
376564 0.051670 1
376573 0.000000 0
376580 0.000000 0
376588 0.069760 1
376594 0.000000 0
376602 0.000000 0
376609 0.067990 1
376618 0.000000 0
376626 0.000000 0
376633 0.045720 1
376639 0.000000 0
376646 0.000000 0
376654 0.033600 1
376661 0.000000 0
376668 0.000000 0
376676 0.038860 1
376683 0.000000 0
376690 0.000000 0
376698 0.052260 1
376707 0.000000 0
376714 0.000000 0
376722 0.048630 1
376728 0.000000 0
376736 0.000000 0
376743 0.040020 1
376751 0.000000 0
376758 0.000000 0
376766 0.033830 1
376773 0.000000 0
376780 0.000000 0
376788 0.038670 1
376797 0.000000 0
376804 0.000000 0
376812 0.062360 1
376819 0.000000 0
376826 0.000000 0
376834 0.068670 1
376842 0.000000 0
376850 0.000000 0
376857 0.047840 1
376863 0.000000 0
376870 0.000000 0
376878 0.041700 1
376886 0.000000 0
376894 0.000000 0
376901 0.022100 1
376908 0.000000 0
376916 0.000000 0
376923 0.024700 1
376932 0.000000 0
376940 0.000000 0
376947 0.030000 1
376954 0.000000 0
376962 0.000000 0
376969 0.022770 1
376977 0.000000 0
376984 0.000000 0
376992 0.017900 1
376999 0.000000 0
377006 0.000000 0
377014 0.021030 1
377022 0.000000 0
377030 0.000000 0
377037 0.086730 1
377044 0.000000 0
377052 0.000000 0
377059 0.090260 1
377068 0.000000 0
377076 0.000000 0
377083 0.086200 1
377089 0.000000 0
377096 0.000000 0
377104 0.041340 1
377112 0.000000 0
377120 0.000000 0
377127 0.027620 1
377134 0.000000 0
377142 0.000000 0
377149 0.059100 1
377158 0.000000 0
377166 0.000000 0
377173 0.081280 1
377179 0.000000 0
377186 0.000000 0
377194 0.061140 1
377202 0.000000 0
377210 0.000000 0
377217 0.030500 1
377223 0.000000 0
377230 0.000000 0
377238 0.029740 1
377246 0.000000 0
377254 0.000000 0
377261 0.052260 1
377268 0.000000 0
377276 0.000000 0
377283 0.064060 1
377292 0.000000 0
377300 0.000000 0
377307 0.080430 1
377313 0.000000 0
377320 0.000000 0
377328 0.057800 1
377336 0.000000 0
377344 0.000000 0
377351 0.032210 1
377358 0.000000 0
377366 0.000000 0
377373 0.014080 1
377381 0.000000 0
377388 0.000000 0
377396 0.039060 1
377403 0.000000 0
377410 0.000000 0
377418 0.034930 1
377427 0.000000 0
377434 0.000000 0
377442 0.025310 1
377449 0.000000 0
377456 0.000000 0
377464 0.017900 1
377471 0.000000 0
377478 0.000000 0
377486 0.034490 1
377494 0.000000 0
377502 0.000000 0
377509 0.075030 1
377517 0.000000 0
377524 0.000000 0
377532 0.075530 1
377539 0.000000 0
377546 0.000000 0
377554 0.056460 1
377562 0.000000 0
377570 0.000000 0
377577 0.027620 1
377584 0.000000 0
377592 0.000000 0
377599 0.030500 1
377608 0.000000 0
377616 0.000000 0
377623 0.052840 1
377629 0.000000 0
377636 0.000000 0
377644 0.061750 1
377652 0.000000 0
377660 0.000000 0
377667 0.053120 1
377674 0.000000 0
377682 0.000000 0
377689 0.037050 1
377698 0.000000 0
377706 0.000000 0
377713 0.024380 1
377719 0.000000 0
377726 0.000000 0
377734 0.055100 1
377743 0.000000 0
377750 0.000000 0
377758 0.075750 1
377764 0.000000 0
377772 0.000000 0
377779 0.066410 1
377787 0.000000 0
377794 0.000000 0
377802 0.058850 1
377809 0.000000 0
377816 0.000000 0
377824 0.030500 1
377832 0.000000 0
377840 0.000000 0
377847 0.015630 1
377853 0.000000 0
377860 0.000000 0
377868 0.046710 1
377877 0.000000 0
377884 0.000000 0
377892 0.042600 1
377898 0.000000 0
377906 0.000000 0
377913 0.030000 1
377922 0.000000 0
377930 0.000000 0
377937 0.014600 1
377944 0.000000 0
377952 0.000000 0
377959 0.025910 1
377968 0.000000 0
377976 0.000000 0
377983 0.078020 1
377989 0.000000 0
377996 0.000000 0
378004 0.080610 1
378011 0.000000 0
378018 0.000000 0
378026 0.056730 1
378034 0.000000 0
378042 0.000000 0
378049 0.048630 1
378057 0.000000 0
378064 0.000000 0
378072 0.042420 1
378079 0.000000 0
378086 0.000000 0
378094 0.061750 1
378102 0.000000 0
378110 0.000000 0
378117 0.081650 1
378124 0.000000 0
378132 0.000000 0
378139 0.060640 1
378146 0.000000 0
378154 0.000000 0
378161 0.042600 1
378169 0.000000 0
378176 0.000000 0
378184 0.038470 1
378192 0.000000 0
378200 0.000000 0
378207 0.067430 1
378214 0.000000 0
378222 0.000000 0
378229 0.100950 1
378237 0.000000 0
378244 0.000000 0
378252 0.117450 1
378258 0.000000 0
378266 0.000000 0
378273 0.052840 1
378281 0.000000 0
378288 0.000000 0
378296 0.020660 1
378303 0.000000 0
378310 0.000000 0
378318 0.038470 1
378326 0.000000 0
378334 0.000000 0
378341 0.035160 1
378348 0.000000 0
378356 0.000000 0
378363 0.034490 1
378372 0.000000 0
378380 0.000000 0
378387 0.028430 1
378394 0.000000 0
378402 0.000000 0
378409 0.025600 1
378417 0.000000 0
378424 0.000000 0
378432 0.032670 1
378439 0.000000 0
378446 0.000000 0
378454 0.072760 1
378463 0.000000 0
378470 0.000000 0
378478 0.066870 1
378484 0.000000 0
378492 0.000000 0
378499 0.050480 1
378507 0.000000 0
378514 0.000000 0
378522 0.042600 1
378529 0.000000 0
378536 0.000000 0
378544 0.047350 1
378552 0.000000 0
378560 0.000000 0
378567 0.054830 1
378574 0.000000 0
378582 0.000000 0
378589 0.066740 1
378597 0.000000 0
378604 0.000000 0
378612 0.047030 1
378618 0.000000 0
378626 0.000000 0
378633 0.026780 1
378642 0.000000 0
378650 0.000000 0
378657 0.021740 1
378664 0.000000 0
378672 0.000000 0
378679 0.074420 1
378687 0.000000 0
378694 0.000000 0
378702 0.068670 1
378708 0.000000 0
378716 0.000000 0
378723 0.073080 1
378731 0.000000 0
378738 0.000000 0
378746 0.048940 1
378753 0.000000 0
378760 0.000000 0
378768 0.020660 1
378776 0.000000 0
378784 0.000000 0
378791 0.021390 1
378798 0.000000 0
378806 0.000000 0
378813 0.023100 1
378822 0.000000 0
378830 0.000000 0
378837 0.029740 1
378844 0.000000 0
378852 0.000000 0
378859 0.024380 1
378867 0.000000 0
378874 0.000000 0
378882 0.029220 1
378889 0.000000 0
378896 0.000000 0
378904 0.072970 1
378912 0.000000 0
378920 0.000000 0
378927 0.091100 1
378934 0.000000 0
378942 0.000000 0
378949 0.073180 1
378958 0.000000 0
378966 0.000000 0
378973 0.061630 1
378979 0.000000 0
378986 0.000000 0
378994 0.042070 1
379003 0.000000 0
379010 0.000000 0
379018 0.052980 1
379024 0.000000 0
379032 0.000000 0
379039 0.072240 1
379048 0.000000 0
379056 0.000000 0
379063 0.066640 1
379069 0.000000 0
379076 0.000000 0
379084 0.040210 1
379092 0.000000 0
379100 0.000000 0
379107 0.041700 1
379114 0.000000 0
379122 0.000000 0
379129 0.039440 1
379137 0.000000 0
379144 0.000000 0
379152 0.070740 1
379159 0.000000 0
379166 0.000000 0
379174 0.071270 1
379182 0.000000 0
379190 0.000000 0
379197 0.044710 1
379204 0.000000 0
379212 0.000000 0
379219 0.037870 1
379227 0.000000 0
379234 0.000000 0
379242 0.012340 1
379249 0.000000 0
379256 0.000000 0
379264 0.034270 1
379272 0.000000 0
379280 0.000000 0
379287 0.044010 1
379294 0.000000 0
379302 0.000000 0
379309 0.031250 1
379318 0.000000 0
379326 0.000000 0
379333 0.025600 1
379339 0.000000 0
379346 0.000000 0
379354 0.025910 1
379362 0.000000 0
379370 0.000000 0
379377 0.073790 1
379384 0.000000 0
379392 0.000000 0
379399 0.092100 1
379408 0.000000 0
379416 0.000000 0
379423 0.081830 1
379429 0.000000 0
379436 0.000000 0
379444 0.041890 1
379453 0.000000 0
379460 0.000000 0
379468 0.039060 1
379474 0.000000 0
379482 0.000000 0
379489 0.049260 1
379497 0.000000 0
379504 0.000000 0
379512 0.065930 1
379519 0.000000 0
379526 0.000000 0
379534 0.057940 1
379541 0.000000 0
379548 0.000000 0
379556 0.047200 1
379563 0.000000 0
379570 0.000000 0
379578 0.029480 1
379587 0.000000 0
379594 0.000000 0
379602 0.045880 1
379609 0.000000 0
379616 0.000000 0
379624 0.072340 1
379632 0.000000 0
379640 0.000000 0
379647 0.091520 1
379653 0.000000 0
379660 0.000000 0
379668 0.064770 1
379676 0.000000 0
379684 0.000000 0
379691 0.025910 1
379698 0.000000 0
379706 0.000000 0
379713 0.008730 0
379722 0.000000 0
379730 0.000000 0
379737 0.035370 0
379744 0.000000 0
379752 0.000000 0
379759 0.042250 0
379767 0.000000 0
379774 0.000000 0
379782 0.028170 0
379789 0.000000 0
379796 0.000000 0
379804 0.015120 0
379812 0.000000 0
379820 0.000000 0
379827 0.018720 0
379834 0.000000 0
379842 0.000000 0
379849 0.078510 0
379857 0.000000 0
379864 0.000000 0
379872 0.092680 0
379879 0.000000 0
379886 0.000000 0
379894 0.078890 0
379902 0.000000 0
379910 0.000000 0
379917 0.041700 0
379924 0.000000 0
379932 0.000000 0
379939 0.039060 0
379948 0.000000 0
379956 0.000000 0
379963 0.059360 0
379969 0.000000 0
379976 0.000000 0
379984 0.082860 0
379993 0.000000 0
380000 0.000000 0
380008 0.055650 0
380014 0.000000 0
380022 0.000000 0
380029 0.032670 0
380038 0.000000 0
380046 0.000000 0
380053 0.037870 0
380059 0.000000 0
380066 0.000000 0
380074 0.066510 0
380082 0.000000 0
380090 0.000000 0
380097 0.077240 0
380104 0.000000 0
380112 0.000000 0
380119 0.067770 0
380127 0.000000 0
380134 0.000000 0
380142 0.052980 0
380148 0.000000 0
380156 0.000000 0
380163 0.041700 0
380171 0.000000 0
380178 0.000000 0
380186 0.016570 0
380193 0.000000 0
380200 0.000000 0
380208 0.063340 0
380217 0.000000 0
380224 0.000000 0
380232 0.057270 0
380238 0.000000 0
380246 0.000000 0
380253 0.039830 0
380261 0.000000 0
380268 0.000000 0
380276 0.015630 0
380283 0.000000 0
380290 0.000000 0
380298 0.016570 0
380307 0.000000 0
380314 0.000000 0
380322 0.074420 0
380329 0.000000 0
380336 0.000000 0
380344 0.087860 0
380351 0.000000 0
380358 0.000000 0
380366 0.062360 0
380374 0.000000 0
380382 0.000000 0
380389 0.045040 0
380398 0.000000 0
380406 0.000000 0
380413 0.032670 0
380418 0.000000 0
380426 0.000000 0
380433 0.069760 0
380441 0.000000 0
380448 0.000000 0
380456 0.069540 0
380463 0.000000 0
380470 0.000000 0
380478 0.059240 0
380487 0.000000 0
380494 0.000000 0
380502 0.039830 0
380508 0.000000 0
380516 0.000000 0
380523 0.030750 0
380532 0.000000 0
380540 0.000000 0
380547 0.065000 0
380554 0.000000 0
380562 0.000000 0
380569 0.084230 0
380576 0.000000 0
380584 0.000000 0
380591 0.083960 0
380598 0.000000 0
380606 0.000000 0
380613 0.048780 0
380621 0.000000 0
380628 0.000000 0
380636 0.028430 0
380643 0.000000 0
380650 0.000000 0
380658 0.012340 0
380666 0.000000 0
380674 0.000000 0
380681 0.033830 0
380688 0.000000 0
380696 0.000000 0
380703 0.038270 0
380712 0.000000 0
380720 0.000000 0
380727 0.015120 0
380734 0.000000 0
380742 0.000000 0
380749 0.012340 0
380758 0.000000 0
380766 0.000000 0
380773 0.028960 0
380779 0.000000 0
380786 0.000000 0
380794 0.127050 0
380802 0.000000 0
380810 0.000000 0
380817 0.117250 0
380824 0.000000 0
380832 0.000000 0
380839 0.075940 0
380848 0.000000 0
380856 0.000000 0
380863 0.025010 0
380869 0.000000 0
380876 0.000000 0
380884 0.022100 0
380892 0.000000 0
380900 0.000000 0
380907 0.066060 0
380914 0.000000 0
380922 0.000000 0
380929 0.059750 0
380938 0.000000 0
380946 0.000000 0
380953 0.044360 0
380959 0.000000 0
380966 0.000000 0
380974 0.029220 0
380982 0.000000 0
380990 0.000000 0
380997 0.022430 0
381004 0.000000 0
381012 0.000000 0
381019 0.081380 0
381027 0.000000 0
381034 0.000000 0
381042 0.083680 0
381049 0.000000 0
381056 0.000000 0
381064 0.074920 0
381071 0.000000 0
381078 0.000000 0
381086 0.066640 0
381094 0.000000 0
381102 0.000000 0
381109 0.028700 0
381117 0.000000 0
381124 0.000000 0
381132 0.043490 0
381138 0.000000 0
381146 0.000000 0
381153 0.054830 0
381162 0.000000 0
381170 0.000000 0
381177 0.045380 0
381184 0.000000 0
381192 0.000000 0
381199 0.021390 0
381207 0.000000 0
381214 0.000000 0
381222 0.027340 0
381229 0.000000 0
381236 0.000000 0
381244 0.065930 0
381253 0.000000 0
381260 0.000000 0
381268 0.090760 0
381274 0.000000 0
381282 0.000000 0
381289 0.079090 0
381297 0.000000 0
381304 0.000000 0
381312 0.049410 0
381319 0.000000 0
381326 0.000000 0
381334 0.046050 0
381342 0.000000 0
381350 0.000000 0
381357 0.033370 0
381364 0.000000 0
381372 0.000000 0
381379 0.066290 0
381388 0.000000 0
381396 0.000000 0
381403 0.070310 0
381409 0.000000 0
381416 0.000000 0
381424 0.057130 0
381432 0.000000 0
381440 0.000000 0
381447 0.025010 0
381453 0.000000 0
381460 0.000000 0
381468 0.028170 0
381477 0.000000 0
381484 0.000000 0
381492 0.087860 0
381498 0.000000 0
381506 0.000000 0
381513 0.077240 0
381521 0.000000 0
381528 0.000000 0
381536 0.056460 0
381543 0.000000 0
381550 0.000000 0
381558 0.031250 0
381566 0.000000 0
381574 0.000000 0
381581 0.015630 0
381588 0.000000 0
381596 0.000000 0
381603 0.044880 0
381612 0.000000 0
381620 0.000000 0
381627 0.056340 0
381633 0.000000 0
381640 0.000000 0
381648 0.049090 0
381657 0.000000 0
381664 0.000000 0
381672 0.022430 0
381679 0.000000 0
381686 0.000000 0
381694 0.013520 0
381702 0.000000 0
381710 0.000000 0
381717 0.056340 0
381724 0.000000 0
381732 0.000000 0
381739 0.092590 0
381747 0.000000 0
381754 0.000000 0
381762 0.081090 0
381769 0.000000 0
381776 0.000000 0
381784 0.062500 0
381792 0.000000 0
381800 0.000000 0
381807 0.034490 0
381814 0.000000 0
381822 0.000000 0
381829 0.055370 0
381837 0.000000 0
381844 0.000000 0
381852 0.075640 0
381859 0.000000 0
381866 0.000000 0
381874 0.066060 0
381883 0.000000 0
381890 0.000000 0
381898 0.047670 0
381904 0.000000 0
381912 0.000000 0
381919 0.042600 0
381927 0.000000 0
381934 0.000000 0
381942 0.026780 0
381949 0.000000 0
381956 0.000000 0
381964 0.053270 0
381971 0.000000 0
381978 0.000000 0
381986 0.110550 0
381993 0.000000 0
382000 0.000000 0
382008 0.075140 0
382016 0.000000 0
382024 0.000000 0
382031 0.044530 0
382038 0.000000 0
382046 0.000000 0
382053 0.008730 0
382062 0.000000 0
382070 0.000000 0
382077 0.039830 0
382083 0.000000 0
382090 0.000000 0
382098 0.041700 0
382106 0.000000 0
382114 0.000000 0
382121 0.028170 0
382128 0.000000 0
382136 0.000000 0
382143 0.015630 0
382152 0.000000 0
382160 0.000000 0
382167 0.021030 0
382174 0.000000 0
382182 0.000000 0
382189 0.048310 0
382197 0.000000 0
382204 0.000000 0
382212 0.058460 0
382219 0.000000 0
382226 0.000000 0
382234 0.059100 0
382242 0.000000 0
382250 0.000000 0
382257 0.045380 0
382264 0.000000 0
382272 0.000000 0
382279 0.040020 0
382287 0.000000 0
382294 0.000000 0
382302 0.058850 0
382309 0.000000 0
382316 0.000000 0
382324 0.069980 0
382332 0.000000 0
382340 0.000000 0
382347 0.056600 0
382354 0.000000 0
382362 0.000000 0
382369 0.027620 0
382377 0.000000 0
382384 0.000000 0
382392 0.028170 0
382399 0.000000 0
382406 0.000000 0
382414 0.052980 0
382422 0.000000 0
382430 0.000000 0
382437 0.100190 0
382444 0.000000 0
382452 0.000000 0
382459 0.089850 0
382467 0.000000 0
382474 0.000000 0
382482 0.080140 0
382489 0.000000 0
382496 0.000000 0
382504 0.039640 0
382511 0.000000 0
382518 0.000000 0
382526 0.011050 0
382534 0.000000 0
382542 0.000000 0
382549 0.032440 0
382557 0.000000 0
382564 0.000000 0
382572 0.036850 0
382579 0.000000 0
382586 0.000000 0
382594 0.030750 0
382602 0.000000 0
382610 0.000000 0
382617 0.029480 0
382624 0.000000 0
382632 0.000000 0
382639 0.028960 0
382648 0.000000 0
382656 0.000000 0
382663 0.093420 0
382669 0.000000 0
382676 0.000000 0
382684 0.093490 0
382693 0.000000 0
382700 0.000000 0
382708 0.061260 0
382714 0.000000 0
382722 0.000000 0
382729 0.041340 0
382737 0.000000 0
382744 0.000000 0
382752 0.029740 0
382759 0.000000 0
382766 0.000000 0
382774 0.061390 0
382782 0.000000 0
382790 0.000000 0
382797 0.071170 0
382804 0.000000 0
382812 0.000000 0
382819 0.064530 0
382827 0.000000 0
382834 0.000000 0
382842 0.037660 0
382849 0.000000 0
382856 0.000000 0
382864 0.038860 0
382872 0.000000 0
382880 0.000000 0
382887 0.062000 0
382894 0.000000 0
382902 0.000000 0
382909 0.084230 0
382917 0.000000 0
382924 0.000000 0
382932 0.093000 0
382939 0.000000 0
382946 0.000000 0
382954 0.073700 0
382962 0.000000 0
382970 0.000000 0
382977 0.050780 0
382983 0.000000 0
382990 0.000000 0
382998 0.008730 0
383007 0.000000 0
383014 0.000000 0
383022 0.040020 0
383029 0.000000 0
383036 0.000000 0
383044 0.052980 0
383052 0.000000 0
383060 0.000000 0
383067 0.030000 0
383074 0.000000 0
383082 0.000000 0
383089 0.016100 0
383097 0.000000 0
383104 0.000000 0
383112 0.016570 0
383119 0.000000 0
383126 0.000000 0
383134 0.085480 0
383142 0.000000 0
383150 0.000000 0
383157 0.094320 0
383164 0.000000 0
383172 0.000000 0
383179 0.061630 0
383187 0.000000 0
383194 0.000000 0
383202 0.036010 0
383209 0.000000 0
383216 0.000000 0
383224 0.028430 0
383232 0.000000 0
383240 0.000000 0
383247 0.077240 0
383254 0.000000 0
383262 0.000000 0
383269 0.087430 0
383277 0.000000 0
383284 0.000000 0
383292 0.065480 0
383299 0.000000 0
383306 0.000000 0
383314 0.044710 0
383322 0.000000 0
383330 0.000000 0
383337 0.040020 0
383344 0.000000 0
383352 0.000000 0
383359 0.092350 0
383368 0.000000 0
383376 0.000000 0
383383 0.090930 0
383389 0.000000 0
383396 0.000000 0
383404 0.072240 0
383412 0.000000 0
383420 0.000000 0
383427 0.057130 0
383433 0.000000 0
383440 0.000000 0
383448 0.024380 0
383456 0.000000 0
383464 0.000000 0
383471 0.015630 0
383479 0.000000 0
383486 0.000000 0
383494 0.053560 0
383502 0.000000 0
383510 0.000000 0
383517 0.050320 0
383524 0.000000 0
383532 0.000000 0
383539 0.022430 0
383547 0.000000 0
383554 0.000000 0
383562 0.034930 0
383569 0.000000 0
383576 0.000000 0
383584 0.053700 0
383593 0.000000 0
383600 0.000000 0
383608 0.082220 0
383614 0.000000 0
383622 0.000000 0
383629 0.081090 0
383637 0.000000 0
383644 0.000000 0
383652 0.061140 0
383659 0.000000 0
383666 0.000000 0
383674 0.041700 0
383682 0.000000 0
383690 0.000000 0
383697 0.045040 0
383704 0.000000 0
383712 0.000000 0
383719 0.065250 0
383726 0.000000 0
383734 0.000000 0
383741 0.054960 0
383748 0.000000 0
383756 0.000000 0
383763 0.026780 0
383772 0.000000 0
383780 0.000000 0
383787 0.017460 0
383793 0.000000 0
383800 0.000000 0
383808 0.011050 0
383817 0.000000 0
383824 0.000000 0
383832 0.045040 0
383838 0.000000 0
383846 0.000000 0
383853 0.056340 0
383861 0.000000 0
383868 0.000000 0
383876 0.064060 0
383883 0.000000 0
383890 0.000000 0
383898 0.062970 0
383906 0.000000 0
383914 0.000000 0
383921 0.035160 0
383928 0.000000 0
383936 0.000000 0
383943 0.038270 0
383951 0.000000 0
383958 0.000000 0
383966 0.057400 0
383973 0.000000 0
383980 0.000000 0
383988 0.053560 0
383997 0.000000 0
384004 0.000000 0
384012 0.018720 0
384019 0.000000 0
384026 0.000000 0
384034 0.014600 0
384042 0.000000 0
384050 0.000000 0
384057 0.041340 0
384064 0.000000 0
384072 0.000000 0
384079 0.087950 0
384087 0.000000 0
384094 0.000000 0
384102 0.085310 0
384109 0.000000 0
384116 0.000000 0
384124 0.057800 0
384133 0.000000 0
384140 0.000000 0
384148 0.028960 0
384154 0.000000 0
384162 0.000000 0
384169 0.012950 0
384177 0.000000 0
384184 0.000000 0
384192 0.068330 0
384199 0.000000 0
384206 0.000000 0
384214 0.071270 0
384222 0.000000 0
384230 0.000000 0
384237 0.056060 0
384244 0.000000 0
384252 0.000000 0
384259 0.016100 0
384267 0.000000 0
384274 0.000000 0
384282 0.016100 0
384289 0.000000 0
384296 0.000000 0
384304 0.112930 0
384312 0.000000 0
384320 0.000000 0
384327 0.118610 0
384335 0.000000 0
384342 0.000000 0
384350 0.107900 0
384357 0.000000 0
384364 0.000000 0
384372 0.052840 0
384380 0.000000 0
384388 0.000000 0
384395 0.024080 0
384402 0.000000 0
384410 0.000000 0
384417 0.036420 0
384425 0.000000 0
384432 0.000000 0
384440 0.038470 0
384447 0.000000 0
384454 0.000000 0
384462 0.031970 0
384470 0.000000 0
384478 0.000000 0
384485 0.022770 0
384492 0.000000 0
384500 0.000000 0
384507 0.015630 0
384515 0.000000 0
384522 0.000000 0
384530 0.079290 0
384537 0.000000 0
384544 0.000000 0
384552 0.114890 0
384560 0.000000 0
384568 0.000000 0
384575 0.097890 0
384582 0.000000 0
384590 0.000000 0
384597 0.049870 0
384605 0.000000 0
384612 0.000000 0
384620 0.010330 0
384627 0.000000 0
384634 0.000000 0
384642 0.035370 0
384650 0.000000 0
384658 0.000000 0
384665 0.087690 0
384672 0.000000 0
384680 0.000000 0
384687 0.076140 0
384695 0.000000 0
384702 0.000000 0
384710 0.057540 0
384717 0.000000 0
384724 0.000000 0
384732 0.043490 0
384740 0.000000 0
384748 0.000000 0
384755 0.045880 0
384762 0.000000 0
384770 0.000000 0
384777 0.093660 0
384785 0.000000 0
384792 0.000000 0
384800 0.122590 0
384807 0.000000 0
384814 0.000000 0
384822 0.078800 0
384830 0.000000 0
384838 0.000000 0
384845 0.062970 0
384852 0.000000 0
384860 0.000000 0
384867 0.023100 0
384875 0.000000 0
384882 0.000000 0
384890 0.056870 0
384897 0.000000 0
384904 0.000000 0
384912 0.060000 0
384920 0.000000 0
384928 0.000000 0
384935 0.047520 0
384942 0.000000 0
384950 0.000000 0
384957 0.027050 0
384965 0.000000 0
384972 0.000000 0
384980 0.028700 0
384987 0.000000 0
384994 0.000000 0
385002 0.078310 0
385010 0.000000 0
385018 0.000000 0
385025 0.086380 0
385032 0.000000 0
385040 0.000000 0
385047 0.085220 0
385055 0.000000 0
385062 0.000000 0
385070 0.055790 0
385077 0.000000 0
385084 0.000000 0
385092 0.042070 0
385100 0.000000 0
385108 0.000000 0
385115 0.043320 0
385122 0.000000 0
385130 0.000000 0
385137 0.066870 0
385145 0.000000 0
385152 0.000000 0
385160 0.069110 0
385167 0.000000 0
385174 0.000000 0
385182 0.031720 0
385190 0.000000 0
385198 0.000000 0
385205 0.021390 0
385212 0.000000 0
385220 0.000000 0
385227 0.055510 0
385235 0.000000 0
385242 0.000000 0
385250 0.100650 0
385257 0.000000 0
385264 0.000000 0
385272 0.096240 0
385280 0.000000 0
385288 0.000000 0
385295 0.079180 0
385301 0.000000 0
385308 0.000000 0
385316 0.043840 0
385323 0.000000 0
385330 0.000000 0
385338 0.017900 0
385347 0.000000 0
385354 0.000000 0
385362 0.044010 0
385370 0.000000 0
385378 0.000000 0
385385 0.050480 0
385391 0.000000 0
385398 0.000000 0
385406 0.038470 0
385414 0.000000 0
385422 0.000000 0
385429 0.024700 0
385436 0.000000 0
385444 0.000000 0
385451 0.026200 0
385460 0.000000 0
385468 0.000000 0
385475 0.078020 0
385482 0.000000 0
385490 0.000000 0
385497 0.082760 0
385505 0.000000 0
385512 0.000000 0
385520 0.064300 0
385527 0.000000 0
385534 0.000000 0
385542 0.051070 0
385550 0.000000 0
385558 0.000000 0
385565 0.051510 0
385572 0.000000 0
385580 0.000000 0
385587 0.046540 0
385595 0.000000 0
385602 0.000000 0
385610 0.068990 0
385617 0.000000 0
385624 0.000000 0
385632 0.061010 0
385640 0.000000 0
385648 0.000000 0
385655 0.046370 0
385661 0.000000 0
385668 0.000000 0
385676 0.031250 0
385683 0.000000 0
385690 0.000000 0
385698 0.067660 0
385706 0.000000 0
385714 0.000000 0
385721 0.078800 0
385728 0.000000 0
385736 0.000000 0
385743 0.065710 0
385751 0.000000 0
385758 0.000000 0
385766 0.060880 0
385773 0.000000 0
385780 0.000000 0
385788 0.046880 0
385796 0.000000 0
385804 0.000000 0
385811 0.019130 0
385820 0.000000 0
385828 0.000000 0
385835 0.046050 0
385841 0.000000 0
385848 0.000000 0
385856 0.051670 0
385865 0.000000 0
385872 0.000000 0
385880 0.030000 1
385886 0.000000 0
385894 0.000000 0
385901 0.012340 1
385910 0.000000 0
385918 0.000000 0
385925 0.014600 1
385931 0.000000 0
385938 0.000000 0
385946 0.062240 1
385955 0.000000 0
385962 0.000000 0
385970 0.076450 1
385976 0.000000 0
385984 0.000000 0
385991 0.049710 1
386000 0.000000 0
386008 0.000000 0
386015 0.037050 1
386021 0.000000 0
386028 0.000000 0
386036 0.025910 1
386045 0.000000 0
386052 0.000000 0
386060 0.066970 1
386066 0.000000 0
386074 0.000000 0
386081 0.076450 1
386089 0.000000 0
386096 0.000000 0
386104 0.062360 1
386111 0.000000 0
386118 0.000000 0
386126 0.034490 1
386135 0.000000 0
386142 0.000000 0
386150 0.037460 1
386156 0.000000 0
386164 0.000000 0
386171 0.073900 1
386179 0.000000 0
386186 0.000000 0
386194 0.094220 1
386201 0.000000 0
386208 0.000000 0
386216 0.106540 1
386224 0.000000 0
386232 0.000000 0
386239 0.058980 1
386246 0.000000 0
386254 0.000000 0
386261 0.021030 1
386269 0.000000 0
386276 0.000000 0
386284 0.008730 1
386291 0.000000 0
386298 0.000000 0
386306 0.035580 1
386314 0.000000 0
386322 0.000000 0
386329 0.036010 1
386336 0.000000 0
386344 0.000000 0
386351 0.021030 1
386359 0.000000 0
386366 0.000000 0
386374 0.016570 1
386381 0.000000 0
386388 0.000000 0
386396 0.041520 1
386404 0.000000 0
386412 0.000000 0
386419 0.099580 1
386426 0.000000 0
386434 0.000000 0
386441 0.086730 1
386449 0.000000 0
386456 0.000000 0
386464 0.050920 1
386471 0.000000 0
386478 0.000000 0
386486 0.057400 1
386494 0.000000 0
386502 0.000000 0
386509 0.050480 1
386516 0.000000 0
386524 0.000000 0
386531 0.093250 1
386539 0.000000 0
386546 0.000000 0
386554 0.081830 1
386561 0.000000 0
386568 0.000000 0
386576 0.057010 1
386584 0.000000 0
386592 0.000000 0
386599 0.026780 1
386606 0.000000 0
386614 0.000000 0
386621 0.023100 1
386629 0.000000 0
386636 0.000000 0
386644 0.089160 1
386651 0.000000 0
386658 0.000000 0
386666 0.121720 1
386674 0.000000 0
386682 0.000000 0
386689 0.106830 1
386696 0.000000 0
386704 0.000000 0
386711 0.069540 1
386719 0.000000 0
386726 0.000000 0
386734 0.035580 1
386741 0.000000 0
386748 0.000000 0
386756 0.048310 1
386764 0.000000 0
386772 0.000000 0
386779 0.053120 1
386786 0.000000 0
386794 0.000000 0
386801 0.044710 1
386810 0.000000 0
386818 0.000000 0
386825 0.017460 1
386831 0.000000 0
386838 0.000000 0
386846 0.014600 1
386854 0.000000 0
386862 0.000000 0
386869 0.053560 1
386876 0.000000 0
386884 0.000000 0
386891 0.098820 1
386899 0.000000 0
386906 0.000000 0
386914 0.093490 1
386921 0.000000 0
386928 0.000000 0
386936 0.053700 1
386945 0.000000 0
386952 0.000000 0
386960 0.040210 1
386966 0.000000 0
386974 0.000000 0
386981 0.046540 1
386989 0.000000 0
386996 0.000000 0
387004 0.064650 1
387012 0.000000 0
387020 0.000000 0
387027 0.080900 1
387034 0.000000 0
387042 0.000000 0
387049 0.062240 1
387056 0.000000 0
387064 0.000000 0
387071 0.027340 1
387080 0.000000 0
387088 0.000000 0
387095 0.029480 1
387101 0.000000 0
387108 0.000000 0
387116 0.096540 1
387124 0.000000 0
387132 0.000000 0
387139 0.086380 1
387146 0.000000 0
387154 0.000000 0
387161 0.067430 1
387169 0.000000 0
387176 0.000000 0
387184 0.046540 1
387191 0.000000 0
387198 0.000000 0
387206 0.022770 1
387214 0.000000 0
387222 0.000000 0
387229 0.047350 1
387236 0.000000 0
387244 0.000000 0
387251 0.053970 1
387259 0.000000 0
387266 0.000000 0
387274 0.043320 1
387281 0.000000 0
387288 0.000000 0
387296 0.017460 1
387305 0.000000 0
387312 0.000000 0
387320 0.016570 1
387326 0.000000 0
387334 0.000000 0
387341 0.051960 1
387349 0.000000 0
387356 0.000000 0
387364 0.093250 1
387371 0.000000 0
387378 0.000000 0
387386 0.085850 1
387394 0.000000 0
387402 0.000000 0
387409 0.046220 1
387416 0.000000 0
387424 0.000000 0
387431 0.031480 1
387439 0.000000 0
387446 0.000000 0
387454 0.065580 1
387461 0.000000 0
387468 0.000000 0
387476 0.091190 1
387484 0.000000 0
387492 0.000000 0
387499 0.084230 1
387506 0.000000 0
387514 0.000000 0
387521 0.067770 1
387529 0.000000 0
387536 0.000000 0
387544 0.032910 1
387551 0.000000 0
387558 0.000000 0
387566 0.017460 1
387574 0.000000 0
387582 0.000000 0
387589 0.085220 1
387596 0.000000 0
387604 0.000000 0
387611 0.080430 1
387619 0.000000 0
387626 0.000000 0
387634 0.051670 1
387641 0.000000 0
387648 0.000000 0
387656 0.032910 1
387664 0.000000 0
387672 0.000000 0
387679 0.019530 1
387686 0.000000 0
387694 0.000000 0
387701 0.066290 1
387709 0.000000 0
387716 0.000000 0
387724 0.074220 1
387731 0.000000 0
387738 0.000000 0
387746 0.060000 1
387754 0.000000 0
387762 0.000000 0
387769 0.041150 1
387776 0.000000 0
387784 0.000000 0
387791 0.034270 1
387799 0.000000 0
387806 0.000000 0
387814 0.053120 1
387821 0.000000 0
387828 0.000000 0
387836 0.061510 1
387844 0.000000 0
387852 0.000000 0
387859 0.048310 1
387866 0.000000 0
387874 0.000000 0
387881 0.028700 1
387889 0.000000 0
387896 0.000000 0
387904 0.036010 1
387911 0.000000 0
387918 0.000000 0
387926 0.032670 1
387934 0.000000 0
387942 0.000000 0
387949 0.043320 1
387956 0.000000 0
387964 0.000000 0
387971 0.043140 1
387979 0.000000 0
387986 0.000000 0
387994 0.026780 1
388001 0.000000 0
388008 0.000000 0
388016 0.014600 1
388024 0.000000 0
388032 0.000000 0
388039 0.046880 1
388046 0.000000 0
388054 0.000000 0
388061 0.083680 1
388069 0.000000 0
388076 0.000000 0
388084 0.073790 1
388091 0.000000 0
388098 0.000000 0
388106 0.039060 1
388114 0.000000 0
388122 0.000000 0
388129 0.032440 1
388136 0.000000 0
388144 0.000000 0
388151 0.042250 1
388159 0.000000 0
388166 0.000000 0
388174 0.060880 1
388181 0.000000 0
388188 0.000000 0
388196 0.070740 1
388204 0.000000 0
388212 0.000000 0
388219 0.053700 1
388226 0.000000 0
388234 0.000000 0
388241 0.033370 1
388249 0.000000 0
388256 0.000000 0
388264 0.020290 1
388271 0.000000 0
388278 0.000000 0
388286 0.073080 1
388294 0.000000 0
388302 0.000000 0
388309 0.074830 1
388316 0.000000 0
388324 0.000000 0
388331 0.046050 1
388339 0.000000 0
388346 0.000000 0
388354 0.028960 1
388361 0.000000 0
388368 0.000000 0
388376 0.023100 1
388384 0.000000 0
388392 0.000000 0
388399 0.044360 1
388406 0.000000 0
388414 0.000000 0
388421 0.054830 1
388429 0.000000 0
388436 0.000000 0
388444 0.046220 1
388452 0.000000 0
388460 0.000000 0
388467 0.035580 1
388474 0.000000 0
388482 0.000000 0
388489 0.031250 1
388497 0.000000 0
388504 0.000000 0
388512 0.036640 1
388519 0.000000 0
388526 0.000000 0
388534 0.057130 1
388542 0.000000 0
388550 0.000000 0
388557 0.053700 1
388564 0.000000 0
388572 0.000000 0
388579 0.040590 1
388587 0.000000 0
388594 0.000000 0
388602 0.032670 1
388609 0.000000 0
388616 0.000000 0
388624 0.025310 1
388632 0.000000 0
388640 0.000000 0
388647 0.053410 1
388654 0.000000 0
388662 0.000000 0
388669 0.049260 1
388677 0.000000 0
388684 0.000000 0
388692 0.027050 1
388699 0.000000 0
388706 0.000000 0
388714 0.019910 1
388721 0.000000 0
388728 0.000000 0
388736 0.021740 1
388744 0.000000 0
388752 0.000000 0
388759 0.050630 1
388767 0.000000 0
388774 0.000000 0
388782 0.051510 1
388789 0.000000 0
388796 0.000000 0
388804 0.042600 1
388812 0.000000 0
388820 0.000000 0
388827 0.026200 1
388834 0.000000 0
388842 0.000000 0
388849 0.015630 1
388857 0.000000 0
388864 0.000000 0
388872 0.035160 1
388879 0.000000 0
388886 0.000000 0
388894 0.042250 1
388902 0.000000 0
388910 0.000000 0
388917 0.042250 1
388924 0.000000 0
388932 0.000000 0
388939 0.050920 1
388947 0.000000 0
388954 0.000000 0
388962 0.025600 1
388969 0.000000 0
388976 0.000000 0
388984 0.065250 1
388991 0.000000 0
388998 0.000000 0
389006 0.070850 1
389013 0.000000 0
389020 0.000000 0
389028 0.045880 1
389036 0.000000 0
389044 0.000000 0
389051 0.034040 1
389059 0.000000 0
389066 0.000000 0
389074 0.036850 1
389082 0.000000 0
389090 0.000000 0
389097 0.022430 1
389104 0.000000 0
389112 0.000000 0
389119 0.041340 1
389127 0.000000 0
389134 0.000000 0
389142 0.037050 1
389148 0.000000 0
389156 0.000000 0
389163 0.072860 1
389172 0.000000 0
389180 0.000000 0
389187 0.080610 1
389193 0.000000 0
389200 0.000000 0
389208 0.079760 1
389216 0.000000 0
389224 0.000000 0
389231 0.056730 1
389238 0.000000 0
389246 0.000000 0
389253 0.050920 1
389262 0.000000 0
389270 0.000000 0
389277 0.055510 1
389283 0.000000 0
389290 0.000000 0
389298 0.049710 1
389307 0.000000 0
389314 0.000000 0
389322 0.038470 1
389328 0.000000 0
389336 0.000000 0
389343 0.026490 1
389352 0.000000 0
389360 0.000000 0
389367 0.025910 1
389373 0.000000 0
389380 0.000000 0
389388 0.032910 1
389397 0.000000 0
389404 0.000000 0
389412 0.031250 1
389418 0.000000 0
389426 0.000000 0
389433 0.030240 1
389442 0.000000 0
389450 0.000000 0
389457 0.028430 1
389463 0.000000 0
389470 0.000000 0
389478 0.035370 1
389487 0.000000 0
389494 0.000000 0
389502 0.025010 1
389508 0.000000 0
389516 0.000000 0
389523 0.019910 1
389532 0.000000 0
389540 0.000000 0
389547 0.033600 1
389553 0.000000 0
389560 0.000000 0
389568 0.036850 1
389576 0.000000 0
389584 0.000000 0
389591 0.027050 1
389598 0.000000 0
389606 0.000000 0
389613 0.021030 1
389621 0.000000 0
389628 0.000000 0
389636 0.023440 1
389643 0.000000 0
389650 0.000000 0
389658 0.030750 1
389666 0.000000 0
389674 0.000000 0
389681 0.035370 1
389688 0.000000 0
389696 0.000000 0
389703 0.031250 1
389711 0.000000 0
389718 0.000000 0
389726 0.024700 1
389733 0.000000 0
389740 0.000000 0
389748 0.018720 1
389756 0.000000 0
389764 0.000000 0
389771 0.034930 1
389778 0.000000 0
389786 0.000000 0
389793 0.028170 1
389801 0.000000 0
389808 0.000000 0
389816 0.029740 1
389823 0.000000 0
389830 0.000000 0
389838 0.023440 1
389846 0.000000 0
389854 0.000000 0
389861 0.028170 1
389868 0.000000 0
389876 0.000000 0
389883 0.046710 1
389891 0.000000 0
389898 0.000000 0
389906 0.045550 1
389914 0.000000 0
389922 0.000000 0
389929 0.029740 1
389936 0.000000 0
389944 0.000000 0
389951 0.037460 1
389959 0.000000 0
389966 0.000000 0
389974 0.029480 1
389982 0.000000 0
389990 0.000000 0
389997 0.044880 1
390004 0.000000 0
390012 0.000000 0
390019 0.035580 1
390027 0.000000 0
390034 0.000000 0
390042 0.078220 1
390049 0.000000 0
390056 0.000000 0
390064 0.057270 1
390071 0.000000 0
390078 0.000000 0
390086 0.051510 1
390093 0.000000 0
390100 0.000000 0
390108 0.061390 1
390116 0.000000 0
390124 0.000000 0
390131 0.066970 1
390138 0.000000 0
390146 0.000000 0
390153 0.070190 1
390161 0.000000 0
390168 0.000000 0
390176 0.054690 1
390183 0.000000 0
390190 0.000000 0
390198 0.046220 1
390206 0.000000 0
390214 0.000000 0
390221 0.052110 1
390228 0.000000 0
390236 0.000000 0
390243 0.052110 1
390252 0.000000 0
390260 0.000000 0
390267 0.051380 1
390273 0.000000 0
390280 0.000000 0
390288 0.050920 1
390297 0.000000 0
390304 0.000000 0
390312 0.051960 1
390318 0.000000 0
390326 0.000000 0
390333 0.037870 1
390341 0.000000 0
390348 0.000000 0
390356 0.040410 1
390363 0.000000 0
390370 0.000000 0
390378 0.032910 1
390386 0.000000 0
390394 0.000000 0
390401 0.044710 1
390408 0.000000 0
390416 0.000000 0
390423 0.028700 1
390432 0.000000 0
390440 0.000000 0
390447 0.024080 1
390454 0.000000 0
390462 0.000000 0
390469 0.024380 1
390477 0.000000 0
390484 0.000000 0
390492 0.034040 1
390499 0.000000 0
390506 0.000000 0
390514 0.044010 1
390523 0.000000 0
390530 0.000000 0
390538 0.042420 1
390544 0.000000 0
390552 0.000000 0
390559 0.032670 1
390568 0.000000 0
390576 0.000000 0
390583 0.015630 1
390589 0.000000 0
390596 0.000000 0
390604 0.034040 1
390613 0.000000 0
390620 0.000000 0
390628 0.034270 1
390634 0.000000 0
390642 0.000000 0
390649 0.026780 1
390658 0.000000 0
390666 0.000000 0
390673 0.040960 1
390679 0.000000 0
390686 0.000000 0
390694 0.053970 1
390701 0.000000 0
390708 0.000000 0
390716 0.060000 1
390725 0.000000 0
390732 0.000000 0
390740 0.052260 1
390746 0.000000 0
390754 0.000000 0
390761 0.036640 1
390770 0.000000 0
390778 0.000000 0
390785 0.038270 1
390791 0.000000 0
390798 0.000000 0
390806 0.046710 1
390815 0.000000 0
390822 0.000000 0
390830 0.041340 1
390838 0.000000 0
390846 0.000000 0
390853 0.052840 1
390860 0.000000 0
390868 0.000000 0
390875 0.055790 1
390882 0.000000 0
390890 0.000000 0
390897 0.045550 1
390905 0.000000 0
390912 0.000000 0
390920 0.050630 1
390926 0.000000 0
390934 0.000000 0
390941 0.037260 1
390949 0.000000 0
390956 0.000000 0
390964 0.068770 1
390971 0.000000 0
390978 0.000000 0
390986 0.057800 1
390994 0.000000 0
391002 0.000000 0
391009 0.058060 1
391016 0.000000 0
391024 0.000000 0
391031 0.059620 1
391039 0.000000 0
391046 0.000000 0
391054 0.068330 1
391063 0.000000 0
391070 0.000000 0
391078 0.054540 1
391084 0.000000 0
391092 0.000000 0
391099 0.037660 1
391108 0.000000 0
391116 0.000000 0
391123 0.038860 1
391129 0.000000 0
391136 0.000000 0
391144 0.041150 1
391152 0.000000 0
391160 0.000000 0
391167 0.037050 1
391174 0.000000 0
391182 0.000000 0
391189 0.063580 1
391197 0.000000 0
391204 0.000000 0
391212 0.056340 1
391220 0.000000 0
391228 0.000000 0
391235 0.040410 1
391242 0.000000 0
391250 0.000000 0
391257 0.035160 1
391265 0.000000 0
391272 0.000000 0
391280 0.044880 1
391287 0.000000 0
391294 0.000000 0
391302 0.047990 1
391310 0.000000 0
391318 0.000000 0
391325 0.055510 1
391332 0.000000 0
391340 0.000000 0
391347 0.052400 1
391355 0.000000 0
391362 0.000000 0
391370 0.051220 1
391376 0.000000 0
391384 0.000000 0
391391 0.049260 1
391399 0.000000 0
391406 0.000000 0
391414 0.057010 1
391421 0.000000 0
391428 0.000000 0
391436 0.056340 1
391444 0.000000 0
391452 0.000000 0
391459 0.056460 1
391467 0.000000 0
391474 0.000000 0
391482 0.062730 1
391489 0.000000 0
391496 0.000000 0
391504 0.053410 1
391512 0.000000 0
391520 0.000000 0
391527 0.054830 1
391534 0.000000 0
391542 0.000000 0
391549 0.040960 1
391558 0.000000 0
391566 0.000000 0
391573 0.026200 1
391579 0.000000 0
391586 0.000000 0
391594 0.036420 1
391603 0.000000 0
391610 0.000000 0
391618 0.042420 1
391624 0.000000 0
391632 0.000000 0
391639 0.036010 1
391648 0.000000 0
391656 0.000000 0
391663 0.039060 1
391670 0.000000 0
391678 0.000000 0
391685 0.046220 1
391692 0.000000 0
391700 0.000000 0
391707 0.048630 1
391715 0.000000 0
391722 0.000000 0
391730 0.040410 1
391737 0.000000 0
391744 0.000000 0
391752 0.043840 1
391760 0.000000 0
391768 0.000000 0
391775 0.047030 1
391782 0.000000 0
391790 0.000000 0
391797 0.046050 1
391804 0.000000 0
391812 0.000000 0
391819 0.052690 1
391826 0.000000 0
391834 0.000000 0
391841 0.063220 1
391850 0.000000 0
391858 0.000000 0
391865 0.056060 1
391871 0.000000 0
391878 0.000000 0
391886 0.054690 1
391894 0.000000 0
391902 0.000000 0
391909 0.051960 1
391916 0.000000 0
391924 0.000000 0
391931 0.067430 1
391939 0.000000 0
391946 0.000000 0
391954 0.073700 1
391963 0.000000 0
391970 0.000000 0
391978 0.050320 1
391984 0.000000 0
391992 0.000000 0
391999 0.050780 1
392008 0.000000 0
392016 0.000000 0
392023 0.039250 1
392029 0.000000 0
392036 0.000000 0
392044 0.020660 1
392053 0.000000 0
392060 0.000000 0
392068 0.017460 1
392074 0.000000 0
392082 0.000000 0
392089 0.019910 1
392097 0.000000 0
392104 0.000000 0
392112 0.039250 1
392119 0.000000 0
392126 0.000000 0
392134 0.042790 1
392142 0.000000 0
392150 0.000000 0
392157 0.050630 1
392165 0.000000 0
392172 0.000000 0
392180 0.038670 1
392187 0.000000 0
392194 0.000000 0
392202 0.062610 1
392210 0.000000 0
392218 0.000000 0
392225 0.061750 1
392232 0.000000 0
392240 0.000000 0
392247 0.061390 1
392255 0.000000 0
392262 0.000000 0
392270 0.063340 1
392277 0.000000 0
392284 0.000000 0
392292 0.076940 1
392299 0.000000 0
392306 0.000000 0
392314 0.072020 1
392321 0.000000 0
392328 0.000000 0
392336 0.053700 1
392344 0.000000 0
392352 0.000000 0
392359 0.063830 1
392366 0.000000 0
392374 0.000000 0
392381 0.070310 1
392389 0.000000 0
392396 0.000000 0
392404 0.077330 1
392411 0.000000 0
392418 0.000000 0
392426 0.074420 1
392435 0.000000 0
392442 0.000000 0
392450 0.047990 1
392458 0.000000 0
392466 0.000000 0
392473 0.045040 1
392479 0.000000 0
392486 0.000000 0
392494 0.046220 1
392502 0.000000 0
392510 0.000000 0
392517 0.031720 1
392524 0.000000 0
392532 0.000000 0
392539 0.021030 1
392548 0.000000 0
392556 0.000000 0
392563 0.023760 1
392569 0.000000 0
392576 0.000000 0
392584 0.050170 1
392593 0.000000 0
392600 0.000000 0
392608 0.052690 1
392614 0.000000 0
392622 0.000000 0
392629 0.036640 1
392637 0.000000 0
392644 0.000000 0
392652 0.045380 1
392660 0.000000 0
392668 0.000000 0
392675 0.068210 1
392682 0.000000 0
392690 0.000000 0
392697 0.064420 1
392705 0.000000 0
392712 0.000000 0
392720 0.054400 1
392727 0.000000 0
392734 0.000000 0
392742 0.075030 1
392749 0.000000 0
392756 0.000000 0
392764 0.078420 1
392772 0.000000 0
392780 0.000000 0
392787 0.061260 1
392795 0.000000 0
392802 0.000000 0
392810 0.059750 1
392816 0.000000 0
392824 0.000000 0
392831 0.065930 1
392840 0.000000 0
392848 0.000000 0
392855 0.080340 1
392861 0.000000 0
392868 0.000000 0
392876 0.086640 1
392885 0.000000 0
392892 0.000000 0
392900 0.074010 1
392906 0.000000 0
392914 0.000000 0
392921 0.053120 1
392930 0.000000 0
392938 0.000000 0
392945 0.047990 1
392953 0.000000 0
392960 0.000000 0
392968 0.012340 1
392974 0.000000 0
392982 0.000000 0
392989 0.016570 1
392998 0.000000 0
393006 0.000000 0
393013 0.024380 1
393019 0.000000 0
393026 0.000000 0
393034 0.040590 1
393041 0.000000 0
393048 0.000000 0
393056 0.045040 1
393064 0.000000 0
393072 0.000000 0
393079 0.068880 1
393088 0.000000 0
393096 0.000000 0
393103 0.066410 1
393109 0.000000 0
393116 0.000000 0
393124 0.042600 1
393132 0.000000 0
393140 0.000000 0
393147 0.068990 1
393154 0.000000 0
393162 0.000000 0
393169 0.077440 1
393177 0.000000 0
393184 0.000000 0
393192 0.071600 1
393200 0.000000 0
393208 0.000000 0
393215 0.103410 1
393222 0.000000 0
393230 0.000000 0
393237 0.166600 1
393245 0.000000 0
393252 0.000000 0
393260 0.165030 1
393267 0.000000 0
393274 0.000000 0
393282 0.124250 1
393289 0.000000 0
393296 0.000000 0
393304 0.068210 1
393311 0.000000 0
393318 0.000000 0
393326 0.068330 1
393335 0.000000 0
393342 0.000000 0
393350 0.075530 1
393356 0.000000 0
393364 0.000000 0
393371 0.075640 1
393380 0.000000 0
393388 0.000000 0
393395 0.106540 1
393402 0.000000 0
393410 0.000000 0
393417 0.105900 1
393424 0.000000 0
393432 0.000000 0
393439 0.097260 1
393446 0.000000 0
393454 0.000000 0
393461 0.084760 1
393469 0.000000 0
393476 0.000000 0
393484 0.075840 1
393491 0.000000 0
393498 0.000000 0
393506 0.066510 1
393514 0.000000 0
393522 0.000000 0
393529 0.066740 1
393536 0.000000 0
393544 0.000000 0
393551 0.068540 1
393559 0.000000 0
393566 0.000000 0
393574 0.076540 1
393581 0.000000 0
393588 0.000000 0
393596 0.061010 1
393605 0.000000 0
393612 0.000000 0
393620 0.050630 1
393626 0.000000 0
393634 0.000000 0
393641 0.041890 1
393649 0.000000 0
393656 0.000000 0
393664 0.033370 1
393671 0.000000 0
393678 0.000000 0
393686 0.038860 1
393694 0.000000 0
393702 0.000000 0
393709 0.046540 1
393716 0.000000 0
393724 0.000000 0
393731 0.040210 1
393739 0.000000 0
393746 0.000000 0
393754 0.030500 1
393761 0.000000 0
393768 0.000000 0
393776 0.018720 1
393784 0.000000 0
393792 0.000000 0
393799 0.020660 1
393806 0.000000 0
393814 0.000000 0
393821 0.017900 1
393829 0.000000 0
393836 0.000000 0
393844 0.026490 1
393851 0.000000 0
393858 0.000000 0
393866 0.066510 1
393874 0.000000 0
393882 0.000000 0
393889 0.069540 1
393896 0.000000 0
393904 0.000000 0
393911 0.109790 1
393919 0.000000 0
393926 0.000000 0
393934 0.095520 1
393942 0.000000 0
393950 0.000000 0
393957 0.062240 1
393964 0.000000 0
393972 0.000000 0
393979 0.055240 1
393987 0.000000 0
393994 0.000000 0
394002 0.041150 1
394009 0.000000 0
394016 0.000000 0
394024 0.036220 1
394032 0.000000 0
394040 0.000000 0
394047 0.029220 1
394054 0.000000 0
394062 0.000000 0
394069 0.047350 1
394077 0.000000 0
394084 0.000000 0
394092 0.033370 1
394099 0.000000 0
394106 0.000000 0
394114 0.027620 1
394123 0.000000 0
394130 0.000000 0
394138 0.029480 1
394144 0.000000 0
394152 0.000000 0
394159 0.042250 1
394167 0.000000 0
394174 0.000000 0
394182 0.047350 1
394189 0.000000 0
394196 0.000000 0
394204 0.054120 1
394212 0.000000 0
394220 0.000000 0
394227 0.062000 1
394234 0.000000 0
394242 0.000000 0
394249 0.042070 1
394257 0.000000 0
394264 0.000000 0
394272 0.048160 1
394279 0.000000 0
394286 0.000000 0
394294 0.051070 1
394303 0.000000 0
394310 0.000000 0
394318 0.060260 1
394324 0.000000 0
394332 0.000000 0
394339 0.062360 1
394348 0.000000 0
394356 0.000000 0
394363 0.056460 1
394369 0.000000 0
394376 0.000000 0
394384 0.056060 1
394391 0.000000 0
394398 0.000000 0
394406 0.062610 1
394414 0.000000 0
394422 0.000000 0
394429 0.072130 1
394437 0.000000 0
394444 0.000000 0
394452 0.073900 1
394459 0.000000 0
394466 0.000000 0
394474 0.065710 1
394481 0.000000 0
394488 0.000000 0
394496 0.052980 1
394504 0.000000 0
394512 0.000000 0
394519 0.044710 1
394527 0.000000 0
394534 0.000000 0
394542 0.043490 1
394549 0.000000 0
394556 0.000000 0
394564 0.051820 1
394572 0.000000 0
394580 0.000000 0
394587 0.048630 1
394594 0.000000 0
394602 0.000000 0
394609 0.048630 1
394617 0.000000 0
394624 0.000000 0
394632 0.052400 1
394638 0.000000 0
394646 0.000000 0
394653 0.054540 1
394662 0.000000 0
394670 0.000000 0
394677 0.064420 1
394683 0.000000 0
394690 0.000000 0
394698 0.054690 1
394707 0.000000 0
394714 0.000000 0
394722 0.051960 1
394728 0.000000 0
394736 0.000000 0
394743 0.045880 1
394751 0.000000 0
394758 0.000000 0
394766 0.053120 1
394773 0.000000 0
394780 0.000000 0
394788 0.074720 1
394796 0.000000 0
394804 0.000000 0
394811 0.044010 1
394818 0.000000 0
394826 0.000000 0
394833 0.065480 1
394842 0.000000 0
394850 0.000000 0
394857 0.066290 1
394863 0.000000 0
394870 0.000000 0
394878 0.065830 1
394886 0.000000 0
394894 0.000000 0
394901 0.068440 1
394908 0.000000 0
394916 0.000000 0
394923 0.056600 1
394931 0.000000 0
394938 0.000000 0
394946 0.051070 1
394953 0.000000 0
394960 0.000000 0
394968 0.044190 1
394976 0.000000 0
394984 0.000000 0
394991 0.034490 1
394998 0.000000 0
395006 0.000000 0
395013 0.035580 1
395022 0.000000 0
395030 0.000000 0
395037 0.047350 1
395043 0.000000 0
395050 0.000000 0
395058 0.052110 1
395066 0.000000 0
395074 0.000000 0
395081 0.046370 1
395088 0.000000 0
395096 0.000000 0
395103 0.044010 1
395111 0.000000 0
395118 0.000000 0
395126 0.061140 1
395134 0.000000 0
395142 0.000000 0
395149 0.072760 1
395157 0.000000 0
395164 0.000000 0
395172 0.063460 1
395178 0.000000 0
395186 0.000000 0
395193 0.041340 1
395201 0.000000 0
395208 0.000000 0
395216 0.045040 1
395223 0.000000 0
395230 0.000000 0
395238 0.043140 1
395246 0.000000 0
395254 0.000000 0
395261 0.050170 1
395268 0.000000 0
395276 0.000000 0
395283 0.059240 1
395291 0.000000 0
395298 0.000000 0
395306 0.051220 1
395313 0.000000 0
395320 0.000000 0
395328 0.052110 1
395336 0.000000 0
395344 0.000000 0
395351 0.057540 1
395358 0.000000 0
395366 0.000000 0
395373 0.073590 1
395382 0.000000 0
395390 0.000000 0
395397 0.059620 1
395403 0.000000 0
395410 0.000000 0
395418 0.056600 1
395426 0.000000 0
395434 0.000000 0
395441 0.059360 1
395448 0.000000 0
395456 0.000000 0
395463 0.044880 1
395471 0.000000 0
395478 0.000000 0
395486 0.030000 1
395493 0.000000 0
395500 0.000000 0
395508 0.049560 1
395516 0.000000 0
395524 0.000000 0
395531 0.039830 1
395538 0.000000 0
395546 0.000000 0
395553 0.038070 1
395561 0.000000 0
395568 0.000000 0
395576 0.047670 1
395583 0.000000 0
395590 0.000000 0
395598 0.037050 1
395606 0.000000 0
395614 0.000000 0
395621 0.038470 1
395628 0.000000 0
395636 0.000000 0
395643 0.045550 1
395651 0.000000 0
395658 0.000000 0
395666 0.057130 1
395673 0.000000 0
395680 0.000000 0
395688 0.042790 1
395696 0.000000 0
395704 0.000000 0
395711 0.032210 1
395718 0.000000 0
395726 0.000000 0
395733 0.028700 1
395741 0.000000 0
395748 0.000000 0
395756 0.036010 1
395763 0.000000 0
395770 0.000000 0
395778 0.058320 1
395786 0.000000 0
395794 0.000000 0
395801 0.048460 1
395810 0.000000 0
395818 0.000000 0
395825 0.057270 1
395832 0.000000 0
395840 0.000000 0
395847 0.057540 1
395853 0.000000 0
395860 0.000000 0
395868 0.055510 1
395876 0.000000 0
395884 0.000000 0
395891 0.052400 1
395898 0.000000 0
395906 0.000000 0
395913 0.049090 1
395921 0.000000 0
395928 0.000000 0
395936 0.039830 1
395943 0.000000 0
395950 0.000000 0
395958 0.039250 1
395966 0.000000 0
395974 0.000000 0
395981 0.034270 1
395990 0.000000 0
395998 0.000000 0
396005 0.042970 1
396012 0.000000 0
396020 0.000000 0
396027 0.036640 1
396035 0.000000 0
396042 0.000000 0
396050 0.032910 1
396057 0.000000 0
396064 0.000000 0
396072 0.051220 1
396080 0.000000 0
396088 0.000000 0
396095 0.050920 1
396102 0.000000 0
396110 0.000000 0
396117 0.045880 1
396125 0.000000 0
396132 0.000000 0
396140 0.060760 1
396147 0.000000 0
396154 0.000000 0
396162 0.058060 1
396170 0.000000 0
396178 0.000000 0
396185 0.071380 1
396192 0.000000 0
396200 0.000000 0
396207 0.053120 1
396215 0.000000 0
396222 0.000000 0
396230 0.049710 1
396237 0.000000 0
396244 0.000000 0
396252 0.079470 1
396260 0.000000 0
396268 0.000000 0
396275 0.049410 1
396282 0.000000 0
396290 0.000000 0
396297 0.072130 1
396305 0.000000 0
396312 0.000000 0
396320 0.081560 1
396327 0.000000 0
396334 0.000000 0
396342 0.068770 1
396350 0.000000 0
396358 0.000000 0
396365 0.075640 1
396372 0.000000 0
396380 0.000000 0
396387 0.056460 1
396395 0.000000 0
396402 0.000000 0
396410 0.041520 1
396417 0.000000 0
396424 0.000000 0
396432 0.045880 1
396440 0.000000 0
396448 0.000000 0
396455 0.041700 1
396462 0.000000 0
396470 0.000000 0
396477 0.037260 1
396485 0.000000 0
396492 0.000000 0
396500 0.035580 1
396507 0.000000 0
396514 0.000000 0
396522 0.065580 1
396530 0.000000 0
396538 0.000000 0
396545 0.082580 1
396552 0.000000 0
396560 0.000000 0
396567 0.081470 1
396575 0.000000 0
396582 0.000000 0
396590 0.065250 1
396597 0.000000 0
396604 0.000000 0
396612 0.062240 1
396620 0.000000 0
396628 0.000000 0
396635 0.054540 1
396642 0.000000 0
396650 0.000000 0
396657 0.052980 1
396665 0.000000 0
396672 0.000000 0
396680 0.054400 1
396687 0.000000 0
396694 0.000000 0
396702 0.047840 1
396710 0.000000 0
396718 0.000000 0
396725 0.043490 1
396732 0.000000 0
396740 0.000000 0
396747 0.058060 1
396755 0.000000 0
396762 0.000000 0
396770 0.060640 1
396776 0.000000 0
396784 0.000000 0
396791 0.060500 1
396798 0.000000 0
396806 0.000000 0
396813 0.051670 1
396821 0.000000 0
396828 0.000000 0
396836 0.058980 1
396843 0.000000 0
396850 0.000000 0
396858 0.057130 1
396866 0.000000 0
396874 0.000000 0
396881 0.047520 1
396888 0.000000 0
396896 0.000000 0
396903 0.061750 1
396911 0.000000 0
396918 0.000000 0
396926 0.056730 1
396933 0.000000 0
396940 0.000000 0
396948 0.061630 1
396956 0.000000 0
396964 0.000000 0
396971 0.052550 1
396979 0.000000 0
396986 0.000000 0
396994 0.044360 1
397001 0.000000 0
397008 0.000000 0
397016 0.042070 1
397025 0.000000 0
397032 0.000000 0
397040 0.071490 1
397046 0.000000 0
397054 0.000000 0
397061 0.084230 1
397070 0.000000 0
397078 0.000000 0
397085 0.066970 1
397091 0.000000 0
397098 0.000000 0
397106 0.068770 1
397115 0.000000 0
397122 0.000000 0
397130 0.051070 1
397136 0.000000 0
397144 0.000000 0
397151 0.035160 1
397160 0.000000 0
397168 0.000000 0
397175 0.038070 1
397181 0.000000 0
397188 0.000000 0
397196 0.043140 1
397204 0.000000 0
397212 0.000000 0
397219 0.042600 1
397226 0.000000 0
397234 0.000000 0
397241 0.067990 1
397250 0.000000 0
397258 0.000000 0
397265 0.042790 1
397271 0.000000 0
397278 0.000000 0
397286 0.039060 1
397294 0.000000 0
397302 0.000000 0
397309 0.040020 1
397316 0.000000 0
397324 0.000000 0
397331 0.032440 1
397340 0.000000 0
397348 0.000000 0
397355 0.032670 1
397361 0.000000 0
397368 0.000000 0
397376 0.041890 1
397384 0.000000 0
397392 0.000000 0
397399 0.018720 1
397406 0.000000 0
397414 0.000000 0
397421 0.070950 1
397429 0.000000 0
397436 0.000000 0
397444 0.087160 1
397451 0.000000 0
397458 0.000000 0
397466 0.054120 1
397474 0.000000 0
397482 0.000000 0
397489 0.044530 1
397496 0.000000 0
397504 0.000000 0
397511 0.044010 1
397519 0.000000 0
397526 0.000000 0
397534 0.039830 1
397541 0.000000 0
397548 0.000000 0
397556 0.015630 1
397564 0.000000 0
397572 0.000000 0
397579 0.011720 1
397586 0.000000 0
397594 0.000000 0
397601 0.068880 1
397610 0.000000 0
397618 0.000000 0
397625 0.080230 1
397631 0.000000 0
397638 0.000000 0
397646 0.062970 1
397654 0.000000 0
397662 0.000000 0
397669 0.066160 1
397676 0.000000 0
397684 0.000000 0
397691 0.056060 1
397699 0.000000 0
397706 0.000000 0
397714 0.071920 1
397721 0.000000 0
397728 0.000000 0
397736 0.054960 1
397744 0.000000 0
397752 0.000000 0
397759 0.059100 1
397766 0.000000 0
397774 0.000000 0
397781 0.063830 1
397789 0.000000 0
397796 0.000000 0
397804 0.059620 1
397811 0.000000 0
397818 0.000000 0
397826 0.068880 1
397835 0.000000 0
397842 0.000000 0
397850 0.071920 1
397856 0.000000 0
397864 0.000000 0
397871 0.054690 1
397880 0.000000 0
397888 0.000000 0
397895 0.043840 1
397901 0.000000 0
397908 0.000000 0
397916 0.047990 1
397924 0.000000 0
397932 0.000000 0
397939 0.043320 1
397946 0.000000 0
397954 0.000000 0
397961 0.053410 1
397970 0.000000 0
397978 0.000000 0
397985 0.051380 1
397992 0.000000 0
398000 0.000000 0
398007 0.031720 1
398015 0.000000 0
398022 0.000000 0
398030 0.036220 1
398036 0.000000 0
398044 0.000000 0
398051 0.040960 1
398059 0.000000 0
398066 0.000000 0
398074 0.031480 1
398081 0.000000 0
398088 0.000000 0
398096 0.041340 1
398104 0.000000 0
398112 0.000000 0
398119 0.044190 1
398126 0.000000 0
398134 0.000000 0
398141 0.092270 1
398149 0.000000 0
398156 0.000000 0
398164 0.101700 1
398171 0.000000 0
398178 0.000000 0
398186 0.080340 1
398195 0.000000 0
398202 0.000000 0
398210 0.064300 1
398216 0.000000 0
398224 0.000000 0
398231 0.059240 1
398240 0.000000 0
398248 0.000000 0
398255 0.042250 1
398262 0.000000 0
398270 0.000000 0
398277 0.045040 1
398285 0.000000 0
398292 0.000000 0
398300 0.042070 1
398306 0.000000 0
398314 0.000000 0
398321 0.040210 1
398330 0.000000 0
398338 0.000000 0
398345 0.039250 1
398351 0.000000 0
398358 0.000000 0
398366 0.052690 1
398374 0.000000 0
398382 0.000000 0
398389 0.083770 1
398396 0.000000 0
398404 0.000000 0
398411 0.083040 1
398419 0.000000 0
398426 0.000000 0
398434 0.061630 1
398441 0.000000 0
398448 0.000000 0
398456 0.040210 1
398464 0.000000 0
398472 0.000000 0
398479 0.048460 1
398486 0.000000 0
398494 0.000000 0
398501 0.047990 1
398509 0.000000 0
398516 0.000000 0
398524 0.053410 1
398531 0.000000 0
398538 0.000000 0
398546 0.075440 1
398555 0.000000 0
398562 0.000000 0
398570 0.083590 1
398576 0.000000 0
398584 0.000000 0
398591 0.087770 1
398600 0.000000 0
398608 0.000000 0
398615 0.068100 1
398621 0.000000 0
398628 0.000000 0
398636 0.050020 1
398644 0.000000 0
398652 0.000000 0
398659 0.034930 1
398666 0.000000 0
398674 0.000000 0
398681 0.045210 1
398689 0.000000 0
398696 0.000000 0
398704 0.056060 1
398711 0.000000 0
398718 0.000000 0
398726 0.054260 1
398734 0.000000 0
398742 0.000000 0
398749 0.053270 1
398756 0.000000 0
398764 0.000000 0
398771 0.048160 1
398779 0.000000 0
398786 0.000000 0
398794 0.045550 1
398801 0.000000 0
398808 0.000000 0
398816 0.039060 1
398824 0.000000 0
398832 0.000000 0
398839 0.036420 1
398846 0.000000 0
398854 0.000000 0
398861 0.033370 1
398869 0.000000 0
398876 0.000000 0
398884 0.034040 1
398891 0.000000 0
398898 0.000000 0
398906 0.030000 1
398914 0.000000 0
398922 0.000000 0
398929 0.032910 1
398936 0.000000 0
398944 0.000000 0
398951 0.033600 1
398959 0.000000 0
398966 0.000000 0
398974 0.028430 1
398981 0.000000 0
398988 0.000000 0
398996 0.049410 1
399004 0.000000 0
399012 0.000000 0
399019 0.047200 1
399026 0.000000 0
399034 0.000000 0
399041 0.035800 1
399049 0.000000 0
399056 0.000000 0
399064 0.072130 1
399071 0.000000 0
399078 0.000000 0
399086 0.074620 1
399094 0.000000 0
399102 0.000000 0
399109 0.049560 1
399116 0.000000 0
399124 0.000000 0
399131 0.039830 1
399139 0.000000 0
399146 0.000000 0
399154 0.050480 1
399162 0.000000 0
399170 0.000000 0
399177 0.040960 1
399183 0.000000 0
399190 0.000000 0
399198 0.039060 1
399207 0.000000 0
399214 0.000000 0
399222 0.055370 1
399228 0.000000 0
399236 0.000000 0
399243 0.048160 1
399252 0.000000 0
399260 0.000000 0
399267 0.033600 1
399274 0.000000 0
399282 0.000000 0
399289 0.034710 1
399297 0.000000 0
399304 0.000000 0
399312 0.037660 1
399318 0.000000 0
399326 0.000000 0
399333 0.055650 1
399342 0.000000 0
399350 0.000000 0
399357 0.055510 1
399364 0.000000 0
399372 0.000000 0
399379 0.045720 1
399387 0.000000 0
399394 0.000000 0
399402 0.044880 1
399408 0.000000 0
399416 0.000000 0
399423 0.043840 1
399432 0.000000 0
399440 0.000000 0
399447 0.044010 1
399454 0.000000 0
399462 0.000000 0
399469 0.031250 1
399477 0.000000 0
399484 0.000000 0
399492 0.040210 1
399499 0.000000 0
399506 0.000000 0
399514 0.043840 1
399522 0.000000 0
399530 0.000000 0
399537 0.037050 1
399544 0.000000 0
399552 0.000000 0
399559 0.041520 1
399567 0.000000 0
399574 0.000000 0
399582 0.047030 1
399589 0.000000 0
399596 0.000000 0
399604 0.028700 1
399612 0.000000 0
399620 0.000000 0
399627 0.028700 1
399634 0.000000 0
399642 0.000000 0
399649 0.054260 1
399657 0.000000 0
399664 0.000000 0
399672 0.037870 1
399679 0.000000 0
399686 0.000000 0
399694 0.028430 1
399702 0.000000 0
399710 0.000000 0
399717 0.040410 1
399724 0.000000 0
399732 0.000000 0
399739 0.034270 1
399748 0.000000 0
399756 0.000000 0
399763 0.024380 1
399769 0.000000 0
399776 0.000000 0
399784 0.036010 1
399792 0.000000 0
399800 0.000000 0
399807 0.049090 1
399814 0.000000 0
399822 0.000000 0
399829 0.044880 1
399838 0.000000 0
399846 0.000000 0
399853 0.060000 1
399859 0.000000 0
399866 0.000000 0
399874 0.065130 1
399883 0.000000 0
399890 0.000000 0
399898 0.057940 1
399904 0.000000 0
399912 0.000000 0
399919 0.077930 1
399928 0.000000 0
399936 0.000000 0
399943 0.094960 1
399950 0.000000 0
399958 0.000000 0
399965 0.042420 1
399972 0.000000 0
399980 0.000000 0
399987 0.091100 1
399994 0.000000 0
400002 0.000000 0
400009 0.071490 1
400017 0.000000 0
400024 0.000000 0
400032 0.061010 1
400039 0.000000 0
400046 0.000000 0
400054 0.044360 1
400062 0.000000 0
400070 0.000000 0
400077 0.066410 1
400084 0.000000 0
400092 0.000000 0
400099 0.027620 1
400106 0.000000 0
400114 0.000000 0
400121 0.031720 1
400129 0.000000 0
400136 0.000000 0
400144 0.049260 1
400151 0.000000 0
400158 0.000000 0
400166 0.046220 1
400173 0.000000 0
400180 0.000000 0
400188 0.035370 1
400196 0.000000 0
400204 0.000000 0
400211 0.106690 1
400218 0.000000 0
400226 0.000000 0
400233 0.081560 1
400242 0.000000 0
400250 0.000000 0
400257 0.064300 1
400263 0.000000 0
400270 0.000000 0
400278 0.065710 1
400286 0.000000 0
400294 0.000000 0
400301 0.052840 1
400308 0.000000 0
400316 0.000000 0
400323 0.040210 1
400331 0.000000 0
400338 0.000000 0
400346 0.039440 1
400353 0.000000 0
400360 0.000000 0
400368 0.060880 1
400376 0.000000 0
400384 0.000000 0
400391 0.056870 1
400398 0.000000 0
400406 0.000000 0
400413 0.041700 1
400421 0.000000 0
400428 0.000000 0
400436 0.030750 1
400443 0.000000 0
400450 0.000000 0
400458 0.036220 1
400466 0.000000 0
400474 0.000000 0
400481 0.039440 1
400488 0.000000 0
400496 0.000000 0
400503 0.064180 1
400511 0.000000 0
400518 0.000000 0
400526 0.061140 1
400533 0.000000 0
400540 0.000000 0
400548 0.062850 1
400557 0.000000 0
400564 0.000000 0
400572 0.057400 1
400578 0.000000 0
400586 0.000000 0
400593 0.042420 1
400601 0.000000 0
400608 0.000000 0
400616 0.049560 1
400624 0.000000 0
400632 0.000000 0
400639 0.054540 1
400647 0.000000 0
400654 0.000000 0
400662 0.055370 1
400669 0.000000 0
400676 0.000000 0
400684 0.036420 1
400692 0.000000 0
400700 0.000000 0
400707 0.058200 1
400715 0.000000 0
400722 0.000000 0
400730 0.077130 1
400737 0.000000 0
400744 0.000000 0
400752 0.076230 1
400760 0.000000 0
400768 0.000000 0
400775 0.073900 1
400781 0.000000 0
400788 0.000000 0
400796 0.075440 1
400804 0.000000 0
400812 0.000000 0
400819 0.066510 1
400827 0.000000 0
400834 0.000000 0
400842 0.081280 1
400850 0.000000 0
400858 0.000000 0
400865 0.077620 1
400872 0.000000 0
400880 0.000000 0
400887 0.042600 1
400895 0.000000 0
400902 0.000000 0
400910 0.042070 1
400917 0.000000 0
400924 0.000000 0
400932 0.038270 1
400940 0.000000 0
400948 0.000000 0
400955 0.039830 1
400962 0.000000 0
400970 0.000000 0
400977 0.038270 1
400985 0.000000 0
400992 0.000000 0
401000 0.038860 1
401007 0.000000 0
401014 0.000000 0
401022 0.031970 1
401030 0.000000 0
401038 0.000000 0
401045 0.035800 1
401052 0.000000 0
401060 0.000000 0
401067 0.047840 1
401075 0.000000 0
401082 0.000000 0
401090 0.037260 1
401097 0.000000 0
401104 0.000000 0
401112 0.045210 1
401120 0.000000 0
401128 0.000000 0
401135 0.040210 1
401142 0.000000 0
401150 0.000000 0
401157 0.056870 1
401165 0.000000 0
401172 0.000000 0
401180 0.047520 1
401187 0.000000 0
401194 0.000000 0
401202 0.044710 1
401210 0.000000 0
401218 0.000000 0
401225 0.038670 1
401232 0.000000 0
401240 0.000000 0
401247 0.055100 1
401255 0.000000 0
401262 0.000000 0
401270 0.059100 1
401277 0.000000 0
401284 0.000000 0
401292 0.087340 1
401300 0.000000 0
401308 0.000000 0
401315 0.088030 1
401322 0.000000 0
401330 0.000000 0
401337 0.081090 1
401345 0.000000 0
401352 0.000000 0
401360 0.084500 1
401367 0.000000 0
401374 0.000000 0
401382 0.120130 1
401390 0.000000 0
401398 0.000000 0
401405 0.136390 1
401411 0.000000 0
401418 0.000000 0
401426 0.112400 1
401433 0.000000 0
401440 0.000000 0
401448 0.077040 1
401456 0.000000 0
401464 0.000000 0
401471 0.047840 1
401478 0.000000 0
401486 0.000000 0
401493 0.047520 1
401501 0.000000 0
401508 0.000000 0
401516 0.040410 1
401523 0.000000 0
401530 0.000000 0
401538 0.021390 1
401546 0.000000 0
401554 0.000000 0
401561 0.031720 1
401569 0.000000 0
401576 0.000000 0
401584 0.070630 1
401591 0.000000 0
401598 0.000000 0
401606 0.065580 1
401614 0.000000 0
401622 0.000000 0
401629 0.049710 1
401636 0.000000 0
401644 0.000000 0
401651 0.051510 1
401660 0.000000 0
401668 0.000000 0
401675 0.084670 1
401681 0.000000 0
401688 0.000000 0
401696 0.068100 1
401705 0.000000 0
401712 0.000000 0
401720 0.047350 1
401726 0.000000 0
401734 0.000000 0
401741 0.051220 1
401749 0.000000 0
401756 0.000000 0
401764 0.072540 1
401771 0.000000 0
401778 0.000000 0
401786 0.070950 1
401794 0.000000 0
401802 0.000000 0
401809 0.046540 1
401816 0.000000 0
401824 0.000000 0
401831 0.042250 1
401839 0.000000 0
401846 0.000000 0
401854 0.047670 1
401861 0.000000 0
401868 0.000000 0
401876 0.050630 1
401884 0.000000 0
401892 0.000000 0
401899 0.044010 1
401906 0.000000 0
401914 0.000000 0
401921 0.034490 1
401930 0.000000 0
401938 0.000000 0
401945 0.035580 1
401951 0.000000 0
401958 0.000000 0
401966 0.034270 1
401975 0.000000 0
401982 0.000000 0
401990 0.045880 1
401996 0.000000 0
402004 0.000000 0
402011 0.039640 1
402019 0.000000 0
402026 0.000000 0
402034 0.028700 1
402041 0.000000 0
402048 0.000000 0
402056 0.021030 1
402064 0.000000 0
402072 0.000000 0
402079 0.019530 1
402086 0.000000 0
402094 0.000000 0
402101 0.036220 1
402109 0.000000 0
402116 0.000000 0
402124 0.031480 1
402131 0.000000 0
402138 0.000000 0
402146 0.045880 1
402154 0.000000 0
402162 0.000000 0
402169 0.046540 1
402176 0.000000 0
402184 0.000000 0
402191 0.048940 1
402199 0.000000 0
402206 0.000000 0
402214 0.038670 1
402221 0.000000 0
402228 0.000000 0
402236 0.038860 1
402244 0.000000 0
402252 0.000000 0
402259 0.045210 1
402266 0.000000 0
402274 0.000000 0
402281 0.040960 1
402289 0.000000 0
402296 0.000000 0
402304 0.038070 1
402311 0.000000 0
402318 0.000000 0
402326 0.038670 1
402334 0.000000 0
402342 0.000000 0
402349 0.075940 1
402356 0.000000 0
402364 0.000000 0
402371 0.083590 1
402379 0.000000 0
402386 0.000000 0
402394 0.070080 1
402401 0.000000 0
402408 0.000000 0
402416 0.054540 1
402424 0.000000 0
402432 0.000000 0
402439 0.042970 1
402446 0.000000 0
402454 0.000000 0
402461 0.046370 1
402469 0.000000 0
402476 0.000000 0
402484 0.047200 1
402491 0.000000 0
402498 0.000000 0
402506 0.057270 1
402514 0.000000 0
402522 0.000000 0
402529 0.057940 1
402536 0.000000 0
402544 0.000000 0
402551 0.057270 1
402559 0.000000 0
402566 0.000000 0
402574 0.042600 1
402581 0.000000 0
402588 0.000000 0
402596 0.040410 1
402604 0.000000 0
402612 0.000000 0
402619 0.030500 1
402626 0.000000 0
402634 0.000000 0
402641 0.025600 1
402648 0.000000 0
402656 0.000000 0
402663 0.021030 1
402672 0.000000 0
402680 0.000000 0
402687 0.026780 1
402693 0.000000 0
402700 0.000000 0
402708 0.024700 1
402717 0.000000 0
402724 0.000000 0
402732 0.031970 1
402739 0.000000 0
402746 0.000000 0
402754 0.036420 1
402761 0.000000 0
402768 0.000000 0
402776 0.037870 1
402784 0.000000 0
402792 0.000000 0
402799 0.034270 1
402808 0.000000 0
402816 0.000000 0
402823 0.034270 1
402829 0.000000 0
402836 0.000000 0
402844 0.034710 1
402852 0.000000 0
402860 0.000000 0
402867 0.058200 1
402874 0.000000 0
402882 0.000000 0
402889 0.055920 1
402897 0.000000 0
402904 0.000000 0
402912 0.042600 1
402919 0.000000 0
402926 0.000000 0
402934 0.057270 1
402942 0.000000 0
402950 0.000000 0
402957 0.053270 1
402964 0.000000 0
402972 0.000000 0
402979 0.055650 1
402987 0.000000 0
402994 0.000000 0
403002 0.038670 1
403009 0.000000 0
403016 0.000000 0
403024 0.039640 1
403032 0.000000 0
403040 0.000000 0
403047 0.035800 1
403054 0.000000 0
403062 0.000000 0
403069 0.050320 1
403077 0.000000 0
403084 0.000000 0
403092 0.062360 1
403099 0.000000 0
403106 0.000000 0
403114 0.049870 1
403122 0.000000 0
403130 0.000000 0
403137 0.035160 1
403143 0.000000 0
403150 0.000000 0
403158 0.029740 1
403167 0.000000 0
403174 0.000000 0
403182 0.041340 1
403188 0.000000 0
403196 0.000000 0
403203 0.047520 1
403211 0.000000 0
403218 0.000000 0
403226 0.045040 1
403234 0.000000 0
403242 0.000000 0
403249 0.038860 1
403256 0.000000 0
403264 0.000000 0
403271 0.037660 1
403279 0.000000 0
403286 0.000000 0
403294 0.058060 1
403301 0.000000 0
403308 0.000000 0
403316 0.034710 1
403323 0.000000 0
403330 0.000000 0
403338 0.037260 1
403346 0.000000 0
403354 0.000000 0
403361 0.048940 1
403369 0.000000 0
403376 0.000000 0
403384 0.049260 1
403392 0.000000 0
403400 0.000000 0
403407 0.035800 1
403414 0.000000 0
403422 0.000000 0
403429 0.027050 1
403437 0.000000 0
403444 0.000000 0
403452 0.052110 1
403459 0.000000 0
403466 0.000000 0
403474 0.088990 1
403483 0.000000 0
403490 0.000000 0
403498 0.081930 1
403504 0.000000 0
403512 0.000000 0
403519 0.115540 1
403527 0.000000 0
403534 0.000000 0
403542 0.090850 1
403549 0.000000 0
403556 0.000000 0
403564 0.080700 1
403573 0.000000 0
403580 0.000000 0
403588 0.072450 1
403594 0.000000 0
403602 0.000000 0
403609 0.062000 1
403617 0.000000 0
403624 0.000000 0
403632 0.066290 1
403638 0.000000 0
403646 0.000000 0
403653 0.065930 1
403661 0.000000 0
403668 0.000000 0
403676 0.067080 1
403683 0.000000 0
403690 0.000000 0
403698 0.052980 1
403706 0.000000 0
403714 0.000000 0
403721 0.045210 1
403728 0.000000 0
403736 0.000000 0
403743 0.050780 1
403751 0.000000 0
403758 0.000000 0
403766 0.045880 1
403773 0.000000 0
403780 0.000000 0
403788 0.050920 1
403797 0.000000 0
403804 0.000000 0
403812 0.040410 1
403819 0.000000 0
403826 0.000000 0
403834 0.030240 1
403842 0.000000 0
403850 0.000000 0
403857 0.026200 1
403864 0.000000 0
403872 0.000000 0
403879 0.018310 1
403887 0.000000 0
403894 0.000000 0
403902 0.025310 1
403909 0.000000 0
403916 0.000000 0
403924 0.033830 1
403932 0.000000 0
403940 0.000000 0
403947 0.045720 1
403954 0.000000 0
403962 0.000000 0
403969 0.078600 1
403977 0.000000 0
403984 0.000000 0
403992 0.115680 1
403999 0.000000 0
404006 0.000000 0
404014 0.095430 1
404021 0.000000 0
404028 0.000000 0
404036 0.088900 1
404043 0.000000 0
404050 0.000000 0
404058 0.052980 1
404066 0.000000 0
404074 0.000000 0
404081 0.047030 1
404089 0.000000 0
404096 0.000000 0
404104 0.043320 1
404111 0.000000 0
404118 0.000000 0
404126 0.044010 1
404133 0.000000 0
404140 0.000000 0
404148 0.056060 1
404157 0.000000 0
404164 0.000000 0
404172 0.032440 1
404178 0.000000 0
404186 0.000000 0
404193 0.048940 1
404202 0.000000 0
404210 0.000000 0
404217 0.043490 1
404223 0.000000 0
404230 0.000000 0
404238 0.034930 1
404247 0.000000 0
404254 0.000000 0
404262 0.034490 1
404268 0.000000 0
404276 0.000000 0
404283 0.039060 1
404291 0.000000 0
404298 0.000000 0
404306 0.030990 1
404313 0.000000 0
404320 0.000000 0
404328 0.051820 1
404337 0.000000 0
404344 0.000000 0
404352 0.048460 1
404358 0.000000 0
404366 0.000000 0
404373 0.047670 1
404382 0.000000 0
404390 0.000000 0
404397 0.032440 1
404403 0.000000 0
404410 0.000000 0
404418 0.033370 1
404426 0.000000 0
404434 0.000000 0
404441 0.022100 1
404448 0.000000 0
404456 0.000000 0
404463 0.019910 1
404471 0.000000 0
404478 0.000000 0
404486 0.027050 1
404494 0.000000 0
404502 0.000000 0
404509 0.019130 1
404516 0.000000 0
404524 0.000000 0
404531 0.018310 1
404540 0.000000 0
404548 0.000000 0
404555 0.033140 1
404562 0.000000 0
404570 0.000000 0
404577 0.042970 1
404585 0.000000 0
404592 0.000000 0
404600 0.062610 1
404607 0.000000 0
404614 0.000000 0
404622 0.057540 1
404630 0.000000 0
404638 0.000000 0
404645 0.042070 1
404652 0.000000 0
404660 0.000000 0
404667 0.041700 1
404674 0.000000 0
404682 0.000000 0
404689 0.039250 1
404696 0.000000 0
404704 0.000000 0
404711 0.060640 1
404720 0.000000 0
404728 0.000000 0
404735 0.050170 1
404741 0.000000 0
404748 0.000000 0
404756 0.054960 1
404765 0.000000 0
404772 0.000000 0
404780 0.078130 1
404786 0.000000 0
404794 0.000000 0
404801 0.062850 1
404810 0.000000 0
404818 0.000000 0
404825 0.045550 1
404831 0.000000 0
404838 0.000000 0
404846 0.058460 1
404855 0.000000 0
404862 0.000000 0
404870 0.069760 1
404877 0.000000 0
404884 0.000000 0
404892 0.057660 1
404898 0.000000 0
404906 0.000000 0
404913 0.044010 1
404921 0.000000 0
404928 0.000000 0
404936 0.048160 1
404943 0.000000 0
404950 0.000000 0
404958 0.051670 1
404966 0.000000 0
404974 0.000000 0
404981 0.047520 1
404988 0.000000 0
404996 0.000000 0
405003 0.047670 1
405013 0.000000 0
405020 0.000000 0
405028 0.043320 1
405035 0.000000 0
405042 0.000000 0
405050 0.072540 1
405056 0.000000 0
405064 0.000000 0
405071 0.085660 1
405080 0.000000 0
405088 0.000000 0
405095 0.061260 1
405101 0.000000 0
405108 0.000000 0
405116 0.025910 1
405125 0.000000 0
405132 0.000000 0
405140 0.019130 1
405146 0.000000 0
405154 0.000000 0
405161 0.021390 1
405169 0.000000 0
405176 0.000000 0
405184 0.021740 1
405191 0.000000 0
405198 0.000000 0
405206 0.020660 1
405214 0.000000 0
405222 0.000000 0
405229 0.028700 1
405236 0.000000 0
405244 0.000000 0
405251 0.040020 1
405260 0.000000 0
405268 0.000000 0
405275 0.052690 1
405281 0.000000 0
405288 0.000000 0
405296 0.038470 1
405305 0.000000 0
405312 0.000000 0
405320 0.041890 1
405326 0.000000 0
405334 0.000000 0
405341 0.053970 1
405349 0.000000 0
405356 0.000000 0
405364 0.065830 1
405371 0.000000 0
405378 0.000000 0
405386 0.060140 1
405395 0.000000 0
405402 0.000000 0
405410 0.066970 1
405416 0.000000 0
405424 0.000000 0
405431 0.070080 1
405439 0.000000 0
405446 0.000000 0
405454 0.046710 1
405461 0.000000 0
405468 0.000000 0
405476 0.056730 1
405484 0.000000 0
405492 0.000000 0
405499 0.046540 1
405506 0.000000 0
405514 0.000000 0
405521 0.060140 1
405529 0.000000 0
405536 0.000000 0
405544 0.073900 1
405551 0.000000 0
405558 0.000000 0
405566 0.057130 1
405574 0.000000 0
405582 0.000000 0
405589 0.048160 1
405596 0.000000 0
405604 0.000000 0
405611 0.026200 1
405619 0.000000 0
405626 0.000000 0
405634 0.034710 1
405641 0.000000 0
405648 0.000000 0
405656 0.054830 1
405664 0.000000 0
405672 0.000000 0
405679 0.052690 1
405686 0.000000 0
405694 0.000000 0
405701 0.048310 1
405709 0.000000 0
405716 0.000000 0
405724 0.074920 1
405731 0.000000 0
405738 0.000000 0
405746 0.073490 1
405755 0.000000 0
405762 0.000000 0
405770 0.079000 1
405776 0.000000 0
405784 0.000000 0
405791 0.069320 1
405800 0.000000 0
405808 0.000000 0
405815 0.088810 1
405821 0.000000 0
405828 0.000000 0
405836 0.087430 1
405844 0.000000 0
405852 0.000000 0
405859 0.075640 1
405866 0.000000 0
405874 0.000000 0
405881 0.077130 1
405889 0.000000 0
405896 0.000000 0
405904 0.074620 1
405911 0.000000 0
405918 0.000000 0
405926 0.088030 1
405934 0.000000 0
405942 0.000000 0
405949 0.071700 1
405956 0.000000 0
405964 0.000000 0
405971 0.048630 1
405979 0.000000 0
405986 0.000000 0
405994 0.070190 1
406001 0.000000 0
406008 0.000000 0
406016 0.056600 1
406024 0.000000 0
406032 0.000000 0
406039 0.041340 1
406046 0.000000 0
406054 0.000000 0
406061 0.036220 1
406069 0.000000 0
406076 0.000000 0
406084 0.032210 1
406091 0.000000 0
406098 0.000000 0
406106 0.042250 1
406114 0.000000 0
406122 0.000000 0
406129 0.023100 1
406136 0.000000 0
406144 0.000000 0
406151 0.016570 1
406159 0.000000 0
406166 0.000000 0
406174 0.019130 1
406181 0.000000 0
406188 0.000000 0
406196 0.044190 1
406204 0.000000 0
406212 0.000000 0
406219 0.068440 1
406226 0.000000 0
406234 0.000000 0
406241 0.072860 1
406249 0.000000 0
406256 0.000000 0
406264 0.078420 1
406271 0.000000 0
406278 0.000000 0
406286 0.089850 1
406294 0.000000 0
406302 0.000000 0
406309 0.085220 1
406316 0.000000 0
406324 0.000000 0
406331 0.094880 1
406339 0.000000 0
406346 0.000000 0
406354 0.107820 1
406363 0.000000 0
406370 0.000000 0
406378 0.105900 1
406384 0.000000 0
406392 0.000000 0
406399 0.071920 1
406406 0.000000 0
406414 0.000000 0
406421 0.068210 1
406429 0.000000 0
406436 0.000000 0
406444 0.067770 1
406452 0.000000 0
406460 0.000000 0
406467 0.061390 1
406474 0.000000 0
406482 0.000000 0
406489 0.061630 1
406497 0.000000 0
406504 0.000000 0
406512 0.051670 1
406519 0.000000 0
406526 0.000000 0
406534 0.051220 1
406542 0.000000 0
406550 0.000000 0
406557 0.042070 1
406564 0.000000 0
406572 0.000000 0
406579 0.038470 1
406587 0.000000 0
406594 0.000000 0
406602 0.025010 1
406609 0.000000 0
406616 0.000000 0
406624 0.020660 1
406632 0.000000 0
406640 0.000000 0
406647 0.029740 1
406654 0.000000 0
406662 0.000000 0
406669 0.027050 1
406677 0.000000 0
406684 0.000000 0
406692 0.040590 1
406698 0.000000 0
406706 0.000000 0
406713 0.031970 1
406722 0.000000 0
406730 0.000000 0
406737 0.026780 1
406744 0.000000 0
406752 0.000000 0
406759 0.026490 1
406767 0.000000 0
406774 0.000000 0
406782 0.031480 1
406789 0.000000 0
406796 0.000000 0
406804 0.044710 1
406812 0.000000 0
406820 0.000000 0
406827 0.046710 1
406834 0.000000 0
406842 0.000000 0
406849 0.034270 1
406857 0.000000 0
406864 0.000000 0
406872 0.039640 1
406879 0.000000 0
406886 0.000000 0
406894 0.095200 1
406902 0.000000 0
406910 0.000000 0
406917 0.105030 1
406923 0.000000 0
406930 0.000000 0
406938 0.064300 1
406946 0.000000 0
406954 0.000000 0
406961 0.042790 1
406969 0.000000 0
406976 0.000000 0
406984 0.031720 1
406992 0.000000 0
407000 0.000000 0
407007 0.026780 1
407014 0.000000 0
407022 0.000000 0
407029 0.032670 1
407037 0.000000 0
407044 0.000000 0
407052 0.039830 1
407059 0.000000 0
407066 0.000000 0
407074 0.045720 1
407082 0.000000 0
407090 0.000000 0
407097 0.066640 1
407104 0.000000 0
407112 0.000000 0
407119 0.066740 1
407127 0.000000 0
407134 0.000000 0
407142 0.058590 1
407149 0.000000 0
407156 0.000000 0
407164 0.048460 1
407172 0.000000 0
407180 0.000000 0
407187 0.068330 1
407194 0.000000 0
407202 0.000000 0
407209 0.060760 1
407217 0.000000 0
407224 0.000000 0
407232 0.063830 1
407238 0.000000 0
407246 0.000000 0
407253 0.041150 1
407262 0.000000 0
407270 0.000000 0
407277 0.091020 1
407283 0.000000 0
407290 0.000000 0
407298 0.083310 1
407307 0.000000 0
407314 0.000000 0
407322 0.064770 1
407328 0.000000 0
407336 0.000000 0
407343 0.053700 1
407351 0.000000 0
407358 0.000000 0
407366 0.069210 1
407373 0.000000 0
407380 0.000000 0
407388 0.061260 1
407396 0.000000 0
407404 0.000000 0
407411 0.055100 1
407418 0.000000 0
407426 0.000000 0
407433 0.042790 1
407441 0.000000 0
407448 0.000000 0
407456 0.057800 1
407464 0.000000 0
407472 0.000000 0
407479 0.041890 1
407488 0.000000 0
407496 0.000000 0
407503 0.035370 1
407509 0.000000 0
407516 0.000000 0
407524 0.054260 1
407532 0.000000 0
407540 0.000000 0
407547 0.091940 1
407554 0.000000 0
407562 0.000000 0
407569 0.062850 1
407577 0.000000 0
407584 0.000000 0
407592 0.074620 1
407599 0.000000 0
407606 0.000000 0
407614 0.067770 1
407622 0.000000 0
407630 0.000000 0
407637 0.100500 1
407643 0.000000 0
407650 0.000000 0
407658 0.058460 1
407667 0.000000 0
407674 0.000000 0
407682 0.062970 1
407688 0.000000 0
407696 0.000000 0
407703 0.060500 1
407711 0.000000 0
407718 0.000000 0
407726 0.070530 1
407733 0.000000 0
407740 0.000000 0
407748 0.061140 1
407757 0.000000 0
407764 0.000000 0
407772 0.058720 1
407778 0.000000 0
407786 0.000000 0
407793 0.058850 1
407801 0.000000 0
407808 0.000000 0
407816 0.060140 1
407823 0.000000 0
407830 0.000000 0
407838 0.063340 1
407847 0.000000 0
407854 0.000000 0
407862 0.062970 1
407868 0.000000 0
407876 0.000000 0
407883 0.084140 1
407892 0.000000 0
407900 0.000000 0
407907 0.073270 1
407913 0.000000 0
407920 0.000000 0
407928 0.051380 1
407937 0.000000 0
407944 0.000000 0
407952 0.047840 1
407958 0.000000 0
407966 0.000000 0
407973 0.073380 1
407982 0.000000 0
407990 0.000000 0
407997 0.063100 1
408003 0.000000 0
408010 0.000000 0
408018 0.038470 1
408027 0.000000 0
408034 0.000000 0
408042 0.065830 1
408048 0.000000 0
408056 0.000000 0
408063 0.062240 1
408072 0.000000 0
408080 0.000000 0
408087 0.042600 1
408093 0.000000 0
408100 0.000000 0
408108 0.036850 1
408117 0.000000 0
408124 0.000000 0
408132 0.036850 1
408138 0.000000 0
408146 0.000000 0
408153 0.031970 1
408162 0.000000 0
408170 0.000000 0
408177 0.039250 1
408183 0.000000 0
408190 0.000000 0
408198 0.053270 1
408207 0.000000 0
408214 0.000000 0
408222 0.100650 1
408228 0.000000 0
408236 0.000000 0
408243 0.105320 1
408251 0.000000 0
408258 0.000000 0
408266 0.110000 1
408273 0.000000 0
408280 0.000000 0
408288 0.089660 1
408296 0.000000 0
408304 0.000000 0
408311 0.051070 1
408318 0.000000 0
408326 0.000000 0
408333 0.026490 1
408341 0.000000 0
408348 0.000000 0
408356 0.026200 1
408363 0.000000 0
408370 0.000000 0
408378 0.025910 1
408386 0.000000 0
408394 0.000000 0
408401 0.032440 1
408408 0.000000 0
408416 0.000000 0
408423 0.037870 1
408431 0.000000 0
408438 0.000000 0
408446 0.044880 1
408453 0.000000 0
408460 0.000000 0
408468 0.051820 1
408476 0.000000 0
408484 0.000000 0
408491 0.044010 1
408500 0.000000 0
408508 0.000000 0
408515 0.056060 1
408522 0.000000 0
408530 0.000000 0
408537 0.060140 1
408545 0.000000 0
408552 0.000000 0
408560 0.047990 1
408566 0.000000 0
408574 0.000000 0
408581 0.047990 1
408588 0.000000 0
408596 0.000000 0
408603 0.036220 1
408611 0.000000 0
408618 0.000000 0
408626 0.030750 1
408633 0.000000 0
408640 0.000000 0
408648 0.044010 1
408656 0.000000 0
408664 0.000000 0
408671 0.049410 1
408678 0.000000 0
408686 0.000000 0
408693 0.075640 1
408701 0.000000 0
408708 0.000000 0
408716 0.084500 1
408724 0.000000 0
408732 0.000000 0
408739 0.050020 1
408746 0.000000 0
408754 0.000000 0
408761 0.034490 1
408770 0.000000 0
408778 0.000000 0
408785 0.025310 1
408791 0.000000 0
408798 0.000000 0
408806 0.020290 1
408815 0.000000 0
408822 0.000000 0
408830 0.014080 1
408836 0.000000 0
408844 0.000000 0
408851 0.017900 1
408860 0.000000 0
408868 0.000000 0
408875 0.015630 1
408881 0.000000 0
408888 0.000000 0
408896 0.023760 1
408905 0.000000 0
408912 0.000000 0
408920 0.035370 1
408926 0.000000 0
408934 0.000000 0
408941 0.092760 1
408950 0.000000 0
408958 0.000000 0
408965 0.093830 1
408971 0.000000 0
408978 0.000000 0
408986 0.062970 1
408995 0.000000 0
409002 0.000000 0
409010 0.038860 1
409016 0.000000 0
409024 0.000000 0
409031 0.035580 1
409040 0.000000 0
409048 0.000000 0
409055 0.043140 1
409061 0.000000 0
409068 0.000000 0
409076 0.046880 1
409085 0.000000 0
409092 0.000000 0
409100 0.042600 1
409106 0.000000 0
409114 0.000000 0
409121 0.035580 1
409129 0.000000 0
409136 0.000000 0
409144 0.045550 1
409151 0.000000 0
409158 0.000000 0
409166 0.044880 1
409175 0.000000 0
409182 0.000000 0
409190 0.047840 1
409196 0.000000 0
409204 0.000000 0
409211 0.048310 1
409220 0.000000 0
409228 0.000000 0
409235 0.050320 1
409242 0.000000 0
409250 0.000000 0
409257 0.043670 1
409264 0.000000 0
409272 0.000000 0
409279 0.054960 1
409286 0.000000 0
409294 0.000000 0
409301 0.058720 1
409309 0.000000 0
409316 0.000000 0
409324 0.069110 1
409331 0.000000 0
409338 0.000000 0
409346 0.071810 1
409354 0.000000 0
409362 0.000000 0
409369 0.060500 1
409376 0.000000 0
409384 0.000000 0
409391 0.081380 1
409399 0.000000 0
409406 0.000000 0
409414 0.082580 1
409421 0.000000 0
409428 0.000000 0
409436 0.069980 1
409444 0.000000 0
409452 0.000000 0
409459 0.057270 1
409466 0.000000 0
409474 0.000000 0
409481 0.057400 1
409489 0.000000 0
409496 0.000000 0
409504 0.062500 1
409511 0.000000 0
409518 0.000000 0
409526 0.060000 1
409534 0.000000 0
409542 0.000000 0
409549 0.060640 1
409556 0.000000 0
409564 0.000000 0
409571 0.061750 1
409580 0.000000 0
409588 0.000000 0
409595 0.060640 1
409601 0.000000 0
409608 0.000000 0
409616 0.071490 1
409625 0.000000 0
409632 0.000000 0
409640 0.074620 1
409646 0.000000 0
409654 0.000000 0
409661 0.084670 1
409669 0.000000 0
409676 0.000000 0
409684 0.064530 1
409691 0.000000 0
409698 0.000000 0
409706 0.040960 1
409714 0.000000 0
409722 0.000000 0
409729 0.045720 1
409736 0.000000 0
409744 0.000000 0
409751 0.039440 1
409759 0.000000 0
409766 0.000000 0
409774 0.032670 1
409781 0.000000 0
409788 0.000000 0
409796 0.035370 1
409804 0.000000 0
409812 0.000000 0
409819 0.060140 1
409826 0.000000 0
409834 0.000000 0
409841 0.043140 1
409849 0.000000 0
409856 0.000000 0
409864 0.053970 1
409871 0.000000 0
409878 0.000000 0
409886 0.060760 1
409894 0.000000 0
409902 0.000000 0
409909 0.050170 1
409916 0.000000 0
409924 0.000000 0
409931 0.057010 1
409939 0.000000 0
409946 0.000000 0
409954 0.044190 1
409961 0.000000 0
409968 0.000000 0
409976 0.043490 1
409984 0.000000 0
409992 0.000000 0
409999 0.039830 1
410006 0.000000 0
410014 0.000000 0
410021 0.047200 1
410029 0.000000 0
410036 0.000000 0
410044 0.054260 1
410051 0.000000 0
410058 0.000000 0
410066 0.047350 1
410075 0.000000 0
410082 0.000000 0
410090 0.038860 1
410096 0.000000 0
410104 0.000000 0
410111 0.050170 1
410120 0.000000 0
410128 0.000000 0
410135 0.047520 1
410141 0.000000 0
410148 0.000000 0
410156 0.039250 1
410165 0.000000 0
410172 0.000000 0
410180 0.038270 1
410186 0.000000 0
410194 0.000000 0
410201 0.049870 1
410210 0.000000 0
410218 0.000000 0
410225 0.050320 1
410231 0.000000 0
410238 0.000000 0
410246 0.056870 1
410255 0.000000 0
410262 0.000000 0
410270 0.057010 1
410276 0.000000 0
410284 0.000000 0
410291 0.057940 1
410299 0.000000 0
410306 0.000000 0
410314 0.058980 1
410321 0.000000 0
410328 0.000000 0
410336 0.054830 1
410344 0.000000 0
410352 0.000000 0
410359 0.050920 1
410366 0.000000 0
410374 0.000000 0
410381 0.048460 1
410389 0.000000 0
410396 0.000000 0
410404 0.048940 1
410411 0.000000 0
410418 0.000000 0
410426 0.053120 1
410434 0.000000 0
410442 0.000000 0
410449 0.052400 1
410456 0.000000 0
410464 0.000000 0
410471 0.041890 1
410479 0.000000 0
410486 0.000000 0
410494 0.026200 1
410501 0.000000 0
410508 0.000000 0
410516 0.035160 1
410524 0.000000 0
410532 0.000000 0
410539 0.023760 1
410546 0.000000 0
410554 0.000000 0
410561 0.074530 1
410569 0.000000 0
410576 0.000000 0
410584 0.075230 1
410591 0.000000 0
410598 0.000000 0
410606 0.059360 1
410614 0.000000 0
410622 0.000000 0
410629 0.045880 1
410636 0.000000 0
410644 0.000000 0
410651 0.024380 1
410659 0.000000 0
410666 0.000000 0
410674 0.019130 1
410681 0.000000 0
410688 0.000000 0
410696 0.019130 1
410704 0.000000 0
410712 0.000000 0
410719 0.021030 1
410726 0.000000 0
410734 0.000000 0
410741 0.025310 1
410749 0.000000 0
410756 0.000000 0
410764 0.019130 1
410771 0.000000 0
410778 0.000000 0
410786 0.026780 1
410794 0.000000 0
410802 0.000000 0
410809 0.036420 1
410816 0.000000 0
410824 0.000000 0
410831 0.034710 1
410839 0.000000 0
410846 0.000000 0
410854 0.031720 1
410862 0.000000 0
410870 0.000000 0
410877 0.033140 1
410884 0.000000 0
410892 0.000000 0
410899 0.028170 1
410906 0.000000 0
410914 0.000000 0
410921 0.024380 1
410929 0.000000 0
410936 0.000000 0
410944 0.025310 1
410952 0.000000 0
410960 0.000000 0
410967 0.038670 1
410974 0.000000 0
410982 0.000000 0
410989 0.036220 1
410996 0.000000 0
411004 0.000000 0
411011 0.051070 1
411019 0.000000 0
411026 0.000000 0
411034 0.041150 1
411041 0.000000 0
411048 0.000000 0
411056 0.032670 1
411064 0.000000 0
411072 0.000000 0
411079 0.050630 1
411087 0.000000 0
411094 0.000000 0
411102 0.051380 1
411109 0.000000 0
411116 0.000000 0
411124 0.046220 1
411132 0.000000 0
411140 0.000000 0
411147 0.057400 1
411154 0.000000 0
411162 0.000000 0
411169 0.068100 1
411178 0.000000 0
411186 0.000000 0
411193 0.072860 1
411199 0.000000 0
411206 0.000000 0
411214 0.069980 1
411221 0.000000 0
411228 0.000000 0
411236 0.072650 1
411243 0.000000 0
411250 0.000000 0
411258 0.071490 1
411267 0.000000 0
411274 0.000000 0
411282 0.072130 1
411288 0.000000 0
411296 0.000000 0
411303 0.112060 1
411312 0.000000 0
411320 0.000000 0
411327 0.127530 1
411333 0.000000 0
411340 0.000000 0
411348 0.107040 1
411357 0.000000 0
411364 0.000000 0
411372 0.084500 1
411378 0.000000 0
411386 0.000000 0
411393 0.067990 1
411401 0.000000 0
411408 0.000000 0
411416 0.050170 1
411423 0.000000 0
411430 0.000000 0
411438 0.046220 1
411446 0.000000 0
411454 0.000000 0
411461 0.044530 1
411468 0.000000 0
411476 0.000000 0
411483 0.037870 1
411491 0.000000 0
411498 0.000000 0
411506 0.040960 1
411513 0.000000 0
411520 0.000000 0
411528 0.036850 1
411536 0.000000 0
411544 0.000000 0
411551 0.033370 1
411558 0.000000 0
411566 0.000000 0
411573 0.035370 1
411581 0.000000 0
411588 0.000000 0
411596 0.035580 1
411603 0.000000 0
411610 0.000000 0
411618 0.029480 1
411626 0.000000 0
411634 0.000000 0
411641 0.026490 1
411650 0.000000 0
411658 0.000000 0
411665 0.032440 1
411672 0.000000 0
411680 0.000000 0
411687 0.030990 1
411695 0.000000 0
411702 0.000000 0
411710 0.018310 1
411717 0.000000 0
411724 0.000000 0
411732 0.041520 1
411740 0.000000 0
411748 0.000000 0
411755 0.046370 1
411762 0.000000 0
411770 0.000000 0
411777 0.051220 1
411785 0.000000 0
411792 0.000000 0
411800 0.061140 1
411807 0.000000 0
411814 0.000000 0
411822 0.063940 1
411830 0.000000 0
411838 0.000000 0
411845 0.079380 1
411851 0.000000 0
411858 0.000000 0
411866 0.076650 1
411875 0.000000 0
411882 0.000000 0
411890 0.078220 1
411897 0.000000 0
411904 0.000000 0
411912 0.073180 1
