0 0.000000 1
8 0.000000 1
15 0.000000 1
22 0.000000 0
30 1.000000 0
38 1.000000 0
45 0.825575 0
52 0.316194 0
60 0.245184 0
68 0.402652 0
75 0.467930 0
82 0.435832 0
90 0.429208 0
98 0.498236 0
105 0.389499 0
112 0.493336 0
120 0.325573 0
128 0.381742 0
135 0.372847 0
142 0.427459 0
150 0.389064 0
158 0.497890 0
165 0.442394 0
172 0.563638 0
180 0.429017 0
188 0.467363 0
195 0.473565 0
202 0.255255 0
210 0.386808 0
218 0.447834 0
225 0.503139 0
232 0.506502 0
240 0.655997 0
248 0.603384 0
255 0.474947 0
262 0.357758 0
270 0.508086 0
278 0.457668 0
285 0.596845 0
292 0.637460 0
300 0.656121 0
308 0.390927 0
315 0.314999 0
322 0.172484 0
330 0.000000 0
338 0.341348 0
345 0.556080 0
352 0.562852 0
360 0.541315 0
368 0.426785 0
375 0.354115 0
382 0.455565 0
390 0.362132 0
398 0.439444 0
405 0.349234 0
412 0.314679 0
420 0.537144 0
428 0.472795 0
435 0.472520 0
442 0.265895 0
450 0.339333 0
458 0.375375 0
465 0.481225 0
472 0.356386 0
480 0.182794 0
488 0.403868 0
495 0.342178 0
502 0.310660 0
510 0.160010 0
518 0.224009 0
525 0.440719 0
532 0.395250 0
540 0.236691 0
548 0.310372 0
555 0.372066 0
562 0.254245 0
570 0.341767 0
578 0.427470 0
585 0.508963 0
592 0.234972 0
600 0.304852 0
608 0.378913 0
615 0.384517 0
622 0.252211 0
630 0.408754 0
638 0.478088 0
645 0.311546 0
652 0.183929 0
660 0.377546 0
668 0.317601 0
675 0.489955 0
682 0.398580 0
690 0.000000 0
698 0.156000 0
705 0.200317 0
712 0.315945 0
720 0.216347 0
728 0.204002 0
735 0.261765 0
742 0.311577 0
750 0.171996 0
758 0.147368 0
765 0.000000 0
772 0.323767 0
780 0.293158 0
788 0.325827 0
795 0.347436 0
802 0.354818 0
810 0.306211 0
818 0.000000 0
825 0.252362 0
832 0.000000 0
840 0.000000 0
848 0.198583 0
855 0.189313 0
862 0.287018 0
870 0.346039 0
878 0.255804 0
885 0.389635 0
892 0.000000 0
900 0.000000 0
908 0.000000 0
915 0.137344 0
922 0.415730 0
930 0.305104 0
938 0.279776 0
945 0.216405 0
952 0.324557 0
960 0.140621 0
968 0.151231 0
975 0.346052 0
982 0.302980 0
990 0.219931 0
998 0.391330 0
1005 0.437423 0
1012 0.000000 0
1020 0.000000 0
1028 0.081839 0
1035 0.000000 0
1042 0.000000 0
1050 0.000000 0
1058 0.000000 0
1065 0.000000 0
1072 0.164745 0
1080 0.142083 0
1088 0.378891 0
1095 0.283485 0
1102 0.177076 0
1110 0.108939 0
1118 0.000000 0
1125 0.158745 0
1132 0.000000 0
1140 0.000000 0
1148 0.000000 0
1155 0.000000 0
1162 0.000000 0
1170 0.161406 0
1178 0.169281 0
1185 0.165321 0
1192 0.334233 0
1200 0.202381 0
1208 0.223272 0
1215 0.295536 0
1222 0.000000 0
1230 0.256551 0
1238 0.319574 0
1245 0.217439 0
1252 0.000000 0
1260 0.000000 0
1268 0.000000 0
1275 0.241130 0
1282 0.230754 0
1290 0.417063 0
1298 0.431734 0
1305 0.393594 0
1312 0.153553 0
1320 0.000000 0
1328 0.000000 0
1335 0.000000 0
1342 0.121948 0
1350 0.000000 0
1358 0.325098 0
1365 0.022431 0
1372 0.000000 0
1380 0.157749 0
1388 0.000000 0
1395 0.000000 0
1402 0.216469 0
1410 0.349619 0
1418 0.188769 0
1425 0.000000 0
1432 0.000000 0
1440 0.000000 0
1448 0.306651 0
1455 0.000000 0
1462 0.000000 0
1470 0.000000 0
1478 0.210902 0
1485 0.200735 0
1492 0.000000 0
1500 0.000000 0
1508 0.120235 0
1515 0.204128 0
1522 0.162231 0
1530 0.000000 0
1538 0.000000 0
1545 0.000000 0
1552 0.000000 0
1560 0.000000 0
1568 0.000000 0
1575 0.100887 0
1582 0.000000 0
1590 0.000000 0
1598 0.177466 0
1605 0.000000 0
1612 0.397547 0
1620 0.090025 0
1628 0.000000 0
1635 0.250605 0
1642 0.151343 0
1650 0.379917 0
1658 0.380261 0
1665 0.309351 0
1672 0.000000 0
1680 0.151804 0
1688 0.129297 0
1695 0.490178 0
1702 0.429502 0
1710 0.221698 0
1718 0.000000 0
1725 0.000000 0
1732 0.000000 0
1740 0.000000 0
1748 0.000000 0
1755 0.255716 0
1762 0.255582 0
1770 0.399831 0
1778 0.199952 0
1785 0.167456 0
1792 0.000000 0
1800 0.342455 0
1808 0.101362 0
1815 0.000000 0
1822 0.000000 0
1830 0.353165 0
1838 0.304904 0
1845 0.000000 0
1852 0.000000 0
1860 0.171982 0
1868 0.285270 0
1875 0.000000 0
1882 0.000000 0
1890 0.000000 0
1898 0.000000 0
1905 0.887231 0
1912 0.642550 0
1920 0.000000 0
1928 0.000000 0
1935 0.000000 0
1942 0.134175 0
1950 0.274263 0
1958 0.000000 0
1965 0.000000 0
1972 0.000000 0
1980 0.238828 0
1988 0.236106 0
1995 0.000000 0
2002 0.239131 0
2010 0.693461 0
2018 0.535645 0
2025 0.000000 0
2032 0.000000 0
2040 0.000000 0
2048 0.000000 0
2055 0.000000 0
2062 0.000000 0
2070 0.189353 0
2078 0.219581 0
2085 0.000000 0
2092 0.000000 0
2100 0.000000 0
2108 0.000000 0
2115 0.042810 0
2122 0.223177 0
2130 0.220029 0
2138 0.000000 0
2145 0.000000 0
2152 0.000000 0
2160 0.103341 0
2168 0.000000 0
2175 0.000000 0
2182 0.059639 0
2190 0.000000 0
2198 0.000000 0
2205 0.000000 0
2212 0.000000 0
2220 0.156739 0
2228 0.000000 0
2235 0.000000 0
2242 0.000000 0
2250 0.175989 0
2258 0.000000 0
2265 0.000000 0
2272 0.000000 0
2280 0.162852 0
2288 0.000000 0
2295 0.217349 0
2302 0.000000 0
2310 0.000000 0
2318 0.000000 0
2325 0.000000 0
2332 0.000000 0
2340 0.000000 0
2348 0.391303 0
2355 0.295945 0
2362 0.277779 0
2370 0.171504 0
2378 0.348113 0
2385 0.139631 0
2392 0.000000 0
2400 0.000000 0
2408 0.000000 0
2415 0.000000 0
2422 0.000000 0
2430 0.000000 0
2438 0.000000 0
2445 0.000000 0
2452 0.000000 0
2460 0.000000 0
2468 0.089206 0
2475 0.235649 0
2482 0.337556 0
2490 0.000000 0
2498 0.233051 0
2505 0.000000 0
2512 0.000000 0
2520 0.000000 0
2528 0.000000 0
2535 0.000000 0
2542 0.000000 0
2550 0.283809 0
2558 0.102853 0
2565 0.000000 0
2572 0.000000 0
2580 1.000000 0
2588 0.783957 0
2595 0.132324 0
2602 0.000000 0
2610 0.000000 0
2618 0.000000 0
2625 0.260834 0
2632 0.325678 0
2640 0.000000 0
2648 0.000000 0
2655 0.327062 0
2662 0.252770 0
2670 0.066660 0
2678 0.000000 0
2685 0.000000 0
2692 0.234339 0
2700 0.267437 0
2708 0.163036 0
2715 0.111064 0
2722 0.241975 0
2730 0.000000 0
2738 0.238397 0
2745 0.000000 0
2752 0.000000 0
2760 0.107388 0
2768 0.104345 0
2775 0.000000 0
2782 0.000000 0
2790 0.000000 0
2798 0.000000 0
2805 0.000000 0
2812 0.000000 0
2820 0.293342 0
2828 0.102113 0
2835 0.000000 0
2842 0.155531 0
2850 0.000000 0
2858 0.000000 0
2865 0.191932 0
2872 0.253594 0
2880 0.000000 0
2888 0.000000 0
2895 0.000000 0
2902 0.000000 0
2910 0.190600 0
2918 0.221335 0
2925 0.000000 0
2932 0.175525 0
2940 0.000000 0
2948 0.000000 0
2955 0.000000 0
2962 0.015436 0
2970 0.236072 0
2978 0.000000 0
2985 0.000000 0
2992 0.000000 0
3000 0.179045 0
3008 0.263191 0
3015 0.345557 0
3022 0.133889 0
3030 0.099888 0
3038 0.000000 0
3045 0.000000 0
3052 0.076066 0
3060 0.108677 0
3068 0.470317 0
3075 0.484220 0
3082 0.041859 0
3090 0.000000 0
3098 0.000000 0
3105 0.000000 0
3112 0.000000 0
3120 0.148213 0
3128 0.436900 0
3135 0.252412 0
3142 0.000000 0
3150 0.000000 0
3158 0.075373 0
3165 0.000000 0
3172 0.000000 0
3180 0.243724 0
3188 0.279467 0
3195 0.000000 0
3202 0.000000 0
3210 0.286082 0
3218 0.000000 0
3225 0.273880 0
3232 0.090559 0
3240 0.000000 0
3248 0.000000 0
3255 0.121388 0
3262 0.000000 0
3270 0.000000 0
3278 0.124609 0
3285 0.169057 0
3292 0.000000 0
3300 0.050076 0
3308 0.000000 0
3315 0.000000 0
3322 0.133105 0
3330 0.000000 0
3338 0.000000 0
3345 0.000000 0
3352 0.000000 0
3360 0.000000 0
3368 0.000000 0
3375 0.000000 0
3382 0.000000 0
3390 0.000000 0
3398 0.128920 0
3405 0.124073 0
3412 0.000000 0
3420 0.000000 0
3428 0.000000 0
3435 0.000000 0
3442 0.316321 0
3450 0.000000 0
3458 0.273537 0
3465 0.155477 0
3472 0.211917 0
3480 0.000000 0
3488 0.109114 0
3495 0.000000 0
3502 0.000000 0
3510 0.228501 0
3518 1.000000 0
3525 0.610117 0
3532 0.000000 0
3540 0.000000 0
3548 0.000000 0
3555 0.277328 0
3562 0.356658 0
3570 0.066216 0
3578 0.000000 0
3585 0.000000 0
3592 0.335077 0
3600 0.360781 0
3608 0.284543 0
3615 0.000000 0
3622 0.000000 0
3630 0.000000 0
3638 0.154765 0
3645 0.026811 0
3652 0.119615 0
3660 0.000000 0
3668 0.000000 0
3675 0.000000 0
3682 0.000000 0
3690 0.416851 0
3698 0.000000 0
3705 0.256984 0
3712 0.000000 0
3720 0.000000 0
3728 0.000000 0
3735 0.000000 0
3742 0.000000 0
3750 0.000000 0
3758 0.000000 0
3765 0.000000 0
3772 0.000000 0
3780 0.000000 0
3788 0.000000 0
3795 0.395726 0
3802 0.279978 0
3810 0.000000 0
3818 0.000000 0
3825 0.107042 0
3832 0.239627 0
3840 0.000000 0
3848 0.123696 0
3855 0.000000 0
3862 0.000000 0
3870 0.000000 0
3878 0.223789 0
3885 0.305079 0
3892 0.000000 0
3900 0.000000 0
3908 0.000000 0
3915 0.000000 0
3922 0.000000 0
3930 0.000000 0
3938 0.433018 0
3945 0.310641 0
3952 0.000000 0
3960 0.000000 0
3968 0.000000 0
3975 0.000000 0
3982 0.000000 0
3990 0.000000 0
3998 0.339546 0
4005 0.256764 0
4012 0.000000 0
4020 0.000000 0
4028 0.000000 0
4035 0.000000 0
4042 0.000000 0
4050 0.067136 0
4058 0.293687 0
4065 0.000000 0
4072 0.113140 0
4080 0.135610 0
4088 0.000000 0
4095 0.000000 0
4102 0.244971 0
4110 0.224098 0
4118 0.405692 0
4125 0.288408 0
4132 0.237204 0
4140 0.000000 0
4148 0.000000 0
4155 0.000000 0
4162 0.141066 0
4170 0.000000 0
4178 0.000000 0
4185 0.000000 0
4192 0.000000 0
4200 0.278246 0
4208 0.000000 0
4215 0.241063 0
4222 0.000000 0
4230 0.000000 0
4238 0.000000 0
4245 0.000000 0
4252 0.203282 0
4260 0.000000 0
4268 0.205558 0
4275 0.000000 0
4282 0.089493 0
4290 0.000000 0
4298 0.000000 0
4305 0.340948 0
4312 0.000000 0
4320 0.000000 0
4328 0.000000 0
4335 0.000000 0
4342 0.000000 0
4350 0.000000 0
4358 0.000000 0
4365 0.000000 0
4372 0.000000 0
4380 0.315561 0
4388 0.000000 0
4395 0.000000 0
4402 0.321745 0
4410 0.287745 0
4418 0.000000 0
4425 0.000000 0
4432 0.000000 0
4440 0.096290 0
4448 0.000000 0
4455 0.000000 0
4462 0.000000 0
4470 0.000000 0
4478 0.274375 0
4485 0.000000 0
4492 0.194980 0
4500 0.205858 0
4508 0.000000 0
4515 0.000000 0
4522 0.000000 0
4530 0.000000 0
4538 0.000000 0
4545 0.071887 0
4552 0.000000 0
4560 0.343772 0
4568 0.000000 0
4575 0.234659 0
4582 0.255866 0
4590 0.241027 0
4598 0.129554 0
4605 0.142875 0
4612 0.000000 0
4620 0.261653 0
4628 0.335149 0
4635 0.183424 0
4642 0.000000 0
4650 0.000000 0
4658 0.239724 0
4665 0.286012 0
4672 0.075904 0
4680 0.209917 0
4688 0.158859 0
4695 0.336502 0
4702 0.000000 0
4710 0.359206 0
4718 0.133937 0
4725 0.145964 0
4732 0.000000 0
4740 0.000000 0
4748 0.000000 0
4755 0.000000 0
4762 0.000000 0
4770 0.225885 0
4778 0.000000 0
4785 0.115359 0
4792 0.000000 0
4800 0.115197 0
4808 0.000000 0
4815 0.000000 0
4822 0.205685 0
4830 0.000000 0
4838 0.000000 0
4845 0.000000 0
4852 0.104995 0
4860 0.000000 0
4868 0.000000 0
4875 0.315919 0
4882 0.000000 0
4890 0.000000 0
4898 0.092741 0
4905 0.306629 0
4912 0.222017 0
4920 0.338772 0
4928 0.289901 0
4935 0.000000 0
4942 0.000000 0
4950 0.311145 0
4958 0.386641 0
4965 0.361781 0
4972 0.000000 0
4980 0.000000 0
4988 0.000000 0
4995 0.000000 0
5002 0.196203 0
5010 0.272505 0
5018 0.163330 0
5025 0.395835 0
5032 0.185662 0
5040 0.000000 0
5048 0.000000 0
5055 0.000000 0
5062 0.000000 0
5070 0.160985 0
5078 0.217208 0
5085 0.303309 0
5092 0.000000 0
5100 0.000000 0
5108 0.000000 0
5115 0.000000 0
5122 0.138286 0
5130 0.000000 0
5138 0.212815 0
5145 0.215521 0
5152 0.108022 0
5160 0.000000 0
5168 0.000000 0
5175 0.208690 0
5182 0.208913 0
5190 0.376012 0
5198 0.201690 0
5205 0.189704 0
5212 0.000000 0
5220 0.000000 0
5228 0.000000 0
5235 0.000000 0
5242 0.000000 0
5250 0.165087 0
5258 0.000000 0
5265 0.129420 0
5272 0.207611 0
5280 0.205558 0
5288 0.255616 0
5295 0.494389 0
5302 0.000000 0
5310 0.000000 0
5318 0.051923 0
5325 0.000000 0
5332 0.090110 0
5340 0.000000 0
5348 0.282440 0
5355 0.285204 0
5362 0.000000 0
5370 0.000000 0
5378 0.000000 0
5385 0.046626 0
5392 0.287933 0
5400 0.414351 0
5408 0.550586 0
5415 0.285859 0
5422 0.339187 0
5430 0.000000 0
5438 0.000000 0
5445 0.000000 0
5452 0.000000 0
5460 0.000000 0
5468 0.000000 0
5475 0.000000 0
5482 0.078923 0
5490 0.416104 0
5498 0.416853 0
5505 0.113520 0
5512 0.000000 0
5520 0.159603 0
5528 0.324456 0
5535 0.346702 0
5542 0.000000 0
5550 0.000000 0
5558 0.230200 0
5565 0.318742 0
5572 0.000000 0
5580 0.000000 0
5588 0.232647 0
5595 0.000000 0
5602 0.000000 0
5610 0.182642 0
5618 0.238004 0
5625 0.015277 0
5632 0.305377 0
5640 0.000000 0
5648 0.061743 0
5655 0.000000 0
5662 0.000000 0
5670 0.000000 0
5678 0.000000 0
5685 0.261866 0
5692 0.273159 0
5700 0.280906 0
5708 0.253179 0
5715 0.010940 0
5722 0.000000 0
5730 0.157309 0
5738 0.000000 0
5745 0.000000 0
5752 0.276588 0
5760 0.227886 0
5768 0.000000 0
5775 0.333002 0
5782 0.171951 0
5790 0.145711 0
5798 0.212538 0
5805 0.000000 0
5812 0.000000 0
5820 0.000000 0
5828 0.301937 0
5835 0.224297 0
5842 0.000000 0
5850 0.000000 0
5858 0.302067 0
5865 0.000000 0
5872 0.000000 0
5880 0.165175 0
5888 0.000000 0
5895 0.000000 0
5902 0.000000 0
5910 0.300281 0
5918 0.000000 0
5925 0.000000 0
5932 0.226739 0
5940 0.000000 0
5948 0.179510 0
5955 0.217904 0
5962 0.309355 0
5970 0.225454 0
5978 0.343545 0
5985 0.000000 0
5992 0.000000 0
6000 0.157893 0
6008 0.220256 0
6015 0.000000 0
6022 0.000000 0
6030 0.142821 0
6038 0.000000 0
6045 0.000000 0
6052 0.380225 0
6060 0.000000 0
6068 0.000000 0
6075 0.070290 0
6082 0.295875 0
6090 0.289127 0
6098 0.000000 0
6105 0.000000 0
6112 0.117650 0
6120 0.195483 0
6128 0.000000 0
6135 0.230744 0
6142 0.000000 0
6150 0.000000 0
6158 0.000000 0
6165 0.120885 0
6172 0.308350 0
6180 0.000000 0
6188 0.000000 0
6195 0.000000 0
6202 0.000000 0
6210 0.000000 0
6218 0.068391 0
6225 0.091093 0
6232 0.207255 0
6240 0.270700 0
6248 0.268097 0
6255 0.000000 0
6262 0.312691 0
6270 0.000000 0
6278 0.044728 0
6285 0.000000 0
6292 0.000000 0
6300 0.000000 0
6308 0.277679 0
6315 0.408913 0
6322 0.107960 0
6330 0.000000 0
6338 0.257185 0
6345 0.244089 0
6352 0.142562 0
6360 0.000000 0
6368 0.131785 0
6375 0.184417 0
6382 0.013266 0
6390 0.235296 0
6398 0.000000 0
6405 0.277029 0
6412 0.114530 0
6420 0.093243 0
6428 0.000000 0
6435 0.000000 0
6442 0.390426 0
6450 0.172503 0
6458 0.000000 0
6465 0.000000 0
6472 0.000000 0
6480 0.000000 0
6488 0.235599 0
6495 0.308317 0
6502 0.000000 0
6510 0.000000 0
6518 0.273844 0
6525 0.322869 0
6532 0.000000 0
6540 0.000000 0
6548 0.176912 0
6555 0.247411 0
6562 0.000000 0
6570 0.000000 0
6578 0.047797 0
6585 0.327217 0
6592 0.000000 0
6600 0.000000 0
6608 0.207250 0
6615 0.000000 0
6622 0.212511 0
6630 0.000000 0
6638 0.000000 0
6645 0.301244 0
6652 0.382627 0
6660 0.084963 0
6668 0.000000 0
6675 0.000000 0
6682 0.000000 0
6690 0.000000 0
6698 0.232362 0
6705 0.000000 0
6712 0.000000 0
6720 0.000000 0
6728 0.000000 0
6735 0.000000 0
6742 0.000000 0
6750 0.000000 0
6758 0.154800 0
6765 0.247634 0
6772 0.165431 0
6780 0.000000 0
6788 0.067605 0
6795 0.000000 0
6802 0.000000 0
6810 0.317876 0
6818 0.000000 0
6825 0.140163 0
6832 0.000000 0
6840 0.000000 0
6848 0.318809 0
6855 0.067999 0
6862 0.000000 0
6870 0.000000 0
6878 0.264508 0
6885 0.000000 0
6892 0.000000 0
6900 0.365406 0
6908 0.172498 0
6915 0.497625 0
6922 0.366592 0
6930 0.000000 0
6938 0.000000 0
6945 0.315098 0
6952 0.000000 0
6960 0.000000 0
6968 0.000000 0
6975 0.000000 0
6982 0.122876 0
6990 0.809389 0
6998 1.000000 0
7005 0.747575 0
7012 0.000000 0
7020 0.000000 0
7028 0.000000 0
7035 0.144586 0
7042 0.282599 0
7050 0.000000 0
7058 0.000000 0
7065 0.000000 0
7072 0.110580 0
7080 0.000000 0
7088 0.193334 0
7095 0.207818 0
7102 0.000000 0
7110 0.000000 0
7118 0.000000 0
7125 0.199177 0
7132 0.239144 0
7140 0.302382 0
7148 0.371785 0
7155 0.288555 0
7162 0.257671 0
7170 0.000000 0
7178 0.385673 0
7185 0.000000 0
7192 0.000000 0
7200 0.000000 0
7208 0.000000 0
7215 0.282021 0
7222 0.000000 0
7230 0.040003 0
7238 0.215674 0
7245 0.128589 0
7252 0.336424 0
7260 0.000000 0
7268 0.337755 0
7275 0.286860 0
7282 0.000000 0
7290 0.000000 0
7298 0.000000 0
7305 0.000000 0
7312 0.166994 0
7320 0.000000 0
7328 0.000000 0
7335 0.457757 0
7342 0.365144 0
7350 0.000000 0
7358 0.000000 0
7365 0.000000 0
7372 0.153054 0
7380 0.000000 0
7388 0.000000 0
7395 0.000000 0
7402 0.000000 0
7410 0.298559 0
7418 0.390071 0
7425 0.000000 0
7432 0.000000 0
7440 0.000000 0
7448 0.000000 0
7455 0.427444 0
7462 0.941141 0
7470 0.708238 0
7478 0.000000 0
7485 0.000000 0
7492 0.000000 0
7500 0.000000 0
7508 0.000000 0
7515 0.425655 0
7522 0.454668 0
7530 0.000000 0
7538 0.000000 0
7545 0.466104 0
7552 0.423086 0
7560 0.276986 0
7568 0.490016 0
7575 0.368214 0
7582 0.396337 0
7590 0.000000 0
7598 0.000000 0
7605 0.000000 0
7612 0.280815 0
7620 0.281242 0
7628 0.327420 0
7635 0.276231 0
7642 0.000000 0
7650 0.000000 0
7658 0.000000 0
7665 0.183237 0
7672 0.000000 0
7680 0.000000 0
7688 0.000000 0
7695 0.120274 0
7702 0.341583 0
7710 0.219544 0
7718 0.210743 0
7725 0.000000 0
7732 0.000000 0
7740 0.208606 0
7748 0.000000 0
7755 0.000000 0
7762 0.000000 0
7770 0.000000 0
7778 0.000000 0
7785 0.000000 0
7792 0.000000 0
7800 0.000000 0
7808 0.204425 0
7815 0.158708 0
7822 0.346492 0
7830 0.000000 0
7838 0.000000 0
7845 0.000000 0
7852 0.000000 0
7860 0.000000 0
7868 0.340585 0
7875 0.456546 0
7882 0.000000 0
7890 0.000000 0
7898 0.000000 0
7905 0.198239 0
7912 0.250058 0
7920 0.000000 0
7928 0.827393 0
7935 0.729322 0
7942 0.000000 0
7950 0.000000 0
7958 0.000000 0
7965 0.000000 0
7972 0.000000 0
7980 0.342401 0
7988 0.499009 0
7995 0.000000 0
8002 0.320564 0
8010 0.384606 0
8018 0.000000 0
8025 0.324184 0
8032 0.155317 0
8040 0.119577 0
8048 0.000000 0
8055 0.000000 0
8062 0.135621 0
8070 0.271427 0
8078 0.149640 0
8085 0.278893 0
8092 0.000000 0
8100 0.078834 0
8108 0.000000 0
8115 0.372459 0
8122 0.000000 0
8130 0.000000 0
8138 0.044199 0
8145 0.000000 0
8152 0.000000 0
8160 0.216459 0
8168 0.138432 0
8175 0.000000 0
8182 0.374578 0
8190 0.000000 0
8198 0.000000 0
8205 0.000000 0
8212 0.000000 0
8220 0.277335 0
8228 0.000000 0
8235 0.000000 0
8242 0.000000 0
8250 0.000000 0
8258 0.208469 0
8265 0.191134 0
8272 0.235581 0
8280 0.134573 0
8288 0.234610 0
8295 0.000000 0
8302 0.000000 0
8310 0.000000 0
8318 0.000000 0
8325 0.224398 0
8332 0.000000 0
8340 0.000000 0
8348 0.285255 0
8355 0.026374 0
8362 0.000000 0
8370 0.000000 0
8378 0.113912 0
8385 0.142007 0
8392 0.311578 0
8400 0.842576 0
8408 0.580954 0
8415 0.000000 0
8422 0.000000 0
8430 0.000000 0
8438 0.000000 0
8445 0.000000 0
8452 0.359209 0
8460 0.205252 0
8468 0.194304 0
8475 0.000000 0
8482 0.000000 0
8490 0.452572 0
8498 0.482596 0
8505 0.528235 0
8512 0.476312 0
8520 0.283448 0
8528 0.319545 0
8535 0.000000 0
8542 0.000000 0
8550 0.147602 0
8558 0.298399 0
8565 0.031329 0
8572 0.000000 0
8580 0.135539 0
8588 0.000000 0
8595 0.000000 0
8602 0.000000 0
8610 0.000000 0
8618 0.000000 0
8625 0.000000 0
8632 0.000000 0
8640 0.000000 0
8648 0.000000 0
8655 0.148320 0
8662 0.411518 0
8670 0.177169 0
8678 0.000000 0
8685 0.000000 0
8692 0.000000 0
8700 0.000000 0
8708 0.219312 0
8715 0.000000 0
8722 0.000000 0
8730 0.000000 0
8738 0.000000 0
8745 0.208898 0
8752 0.000000 0
8760 0.000000 0
8768 0.000000 0
8775 0.177473 0
8782 0.513165 0
8790 0.000000 0
8798 0.000000 0
8805 0.000000 0
8812 0.100474 0
8820 0.000000 0
8828 0.000000 0
8835 0.472327 0
8842 0.577460 0
8850 0.752034 0
8858 0.424238 0
8865 0.000000 0
8872 0.000000 0
8880 0.000000 0
8888 0.000000 0
8895 0.375064 0
8902 0.327982 0
8910 0.000000 0
8918 0.000000 0
8925 0.294112 0
8932 0.000000 0
8940 0.000000 0
8948 0.000000 0
8955 0.000000 0
8962 0.000000 0
8970 0.000000 0
8978 0.083786 0
8985 0.000000 0
8992 0.000000 0
9000 0.000000 0
9008 0.275343 0
9015 0.000000 0
9022 0.352235 0
9030 0.227862 0
9038 0.206903 0
9045 0.000000 0
9052 0.000000 0
9060 0.000000 0
9068 0.348458 0
9075 0.000000 0
9082 0.000000 0
9090 0.000000 0
9098 0.000000 0
9105 0.000000 0
9112 0.000000 0
9120 0.000000 0
9128 0.220258 0
9135 0.363524 0
9142 0.000000 0
9150 0.173331 0
9158 0.240505 0
9165 0.000000 0
9172 0.000000 0
9180 0.000000 0
9188 0.000000 0
9195 0.144018 0
9202 0.000000 0
9210 0.000000 0
9218 0.000000 0
9225 0.000000 0
9232 0.000000 0
9240 0.000000 0
9248 0.000000 0
9255 0.000000 0
9262 0.000000 0
9270 0.000000 0
9278 0.000000 0
9285 0.000000 0
9292 0.000000 0
9300 0.000000 0
9308 0.000000 0
9315 1.000000 0
9322 1.000000 0
9330 0.000000 0
9338 0.000000 0
9345 0.000000 0
9352 0.000000 0
9360 0.000000 0
9368 0.000000 0
9375 0.000000 0
9382 0.141411 0
9390 0.000000 0
9398 0.000000 0
9405 0.000000 0
9412 0.366974 0
9420 0.496919 0
9428 0.342648 0
9435 0.283980 0
9442 0.000000 0
9450 0.348125 0
9458 0.209554 0
9465 0.000000 0
9472 0.000000 0
9480 0.000000 0
9488 0.411872 0
9495 0.309762 0
9502 0.447286 0
9510 0.192542 0
9518 0.000000 0
9525 0.000000 0
9532 0.193896 0
9540 0.183864 0
9548 0.434585 0
9555 0.000000 0
9562 0.079037 0
9570 0.000000 0
9578 0.000000 0
9585 0.000000 0
9592 0.000000 0
9600 0.000000 0
9608 0.000000 0
9615 0.000000 0
9622 0.000000 0
9630 0.252247 0
9638 0.000000 0
9645 0.325726 0
9652 0.000000 0
9660 0.000000 0
9668 0.548372 0
9675 0.701541 0
9682 0.348842 0
9690 0.000000 0
9698 0.000000 0
9705 0.000000 0
9712 0.388133 0
9720 0.000000 0
9728 0.000000 0
9735 0.000000 0
9742 0.000000 0
9750 0.000000 0
9758 0.000000 0
9765 0.385774 0
9772 0.849615 0
9780 0.769731 0
9788 0.920523 0
9795 0.464862 0
9802 0.000000 0
9810 0.000000 0
9818 0.000000 0
9825 0.000000 0
9832 0.304180 0
9840 0.530650 0
9848 0.464055 0
9855 0.206180 0
9862 0.000000 0
9870 0.000000 0
9878 0.000000 0
9885 0.000000 0
9892 0.219558 0
9900 0.000000 0
9908 0.000000 0
9915 0.000000 0
9922 0.000000 0
9930 0.268027 0
9938 0.372487 0
9945 0.000000 0
9952 0.000000 0
9960 0.388864 0
9968 0.284324 0
9975 0.000000 0
9982 0.432974 0
9990 0.287529 0
9998 0.348848 0
10005 0.048603 0
10012 0.000000 0
10020 0.687096 0
10028 0.685185 0
10035 0.000000 0
10042 0.000000 0
10050 0.000000 0
10058 0.000000 0
10065 0.000000 0
10072 0.000000 0
10080 0.000000 0
10088 0.251942 0
10095 0.000000 0
10102 0.000000 0
10110 0.000000 0
10118 0.000000 0
10125 0.000000 0
10132 0.000000 0
10140 0.000000 0
10148 0.000000 0
10155 0.207140 0
10162 0.000000 0
10170 0.000000 0
10178 0.000000 0
10185 0.000000 0
10192 0.000000 0
10200 0.000000 0
10208 0.393433 0
10215 0.000000 0
10222 0.000000 0
10230 0.000000 0
10238 0.087709 0
10245 0.541531 0
10252 1.000000 0
10260 1.000000 0
10268 0.000000 0
10275 0.000000 0
10282 0.000000 0
10290 0.000000 0
10298 0.000000 0
10305 0.000000 0
10312 0.000000 0
10320 0.000000 0
10328 0.000000 0
10335 0.000000 0
10342 0.000000 0
10350 0.196972 0
10358 0.429547 0
10365 0.522905 0
10372 0.370668 0
10380 0.257970 0
10388 0.000000 0
10395 0.219090 0
10402 0.333567 0
10410 0.470076 0
10418 0.191437 0
10425 0.323402 0
10432 0.307316 0
10440 0.000000 0
10448 0.000000 0
10455 0.230192 0
10462 0.151683 0
10470 0.275213 0
10478 0.159600 0
10485 0.874383 0
10492 0.938561 0
10500 0.355543 0
10508 0.000000 0
10515 0.000000 0
10522 0.185616 0
10530 0.000000 0
10538 0.000000 0
10545 0.000000 0
10552 0.246946 0
10560 0.000000 0
10568 0.000000 0
10575 0.246593 0
10582 0.257229 0
10590 0.000000 0
10598 0.050078 0
10605 0.000000 0
10612 0.000000 0
10620 0.134148 0
10628 0.425353 0
10635 0.261924 0
10642 0.000000 0
10650 0.000000 0
10658 0.000000 0
10665 0.000000 0
10672 0.000000 0
10680 0.000000 0
10688 0.000000 0
10695 0.000000 0
10702 0.978944 0
10710 1.000000 0
10718 1.000000 0
10725 1.000000 0
10732 0.142094 0
10740 0.000000 0
10748 0.000000 0
10755 0.000000 0
10762 0.000000 0
10770 0.369223 0
10778 0.376085 0
10785 0.305748 0
10792 0.252048 0
10800 0.384620 0
10808 0.000000 0
10815 0.000000 0
10822 0.000000 0
10830 0.000000 0
10838 0.000000 0
10845 0.000000 0
10852 0.000000 0
10860 0.000000 0
10868 0.000000 0
10875 0.092995 0
10882 0.277907 0
10890 0.000000 0
10898 0.225711 0
10905 0.000000 0
10912 0.327618 0
10920 0.000000 0
10928 0.048907 0
10935 0.000000 0
10942 0.000000 0
10950 0.173277 0
10958 0.662380 0
10965 0.354275 0
10972 0.000000 0
10980 0.000000 0
10988 0.000000 0
10995 0.000000 0
11002 0.249726 0
11010 0.000000 0
11018 0.000000 0
11025 0.000000 0
11032 0.000000 0
11040 0.000000 0
11048 0.000000 0
11055 0.000000 0
11062 0.000000 0
11070 0.000000 0
11078 0.000000 0
11085 0.000000 0
11092 0.079296 0
11100 0.000000 0
11108 0.000000 0
11115 0.000000 0
11122 0.000000 0
11130 0.000000 0
11138 0.000000 0
11145 0.000000 0
11152 0.000000 0
11160 0.000000 0
11168 0.195549 0
11175 0.000000 0
11182 0.521256 0
11190 1.000000 0
11198 0.770516 0
11205 0.000000 0
11212 0.000000 0
11220 0.000000 0
11228 0.000000 0
11235 0.000000 0
11242 0.000000 0
11250 0.224424 0
11258 0.000000 0
11265 0.000000 0
11272 0.000000 0
11280 0.334495 0
11288 0.210988 0
11295 0.468553 0
11302 0.496441 0
11310 0.362548 0
11318 0.000000 0
11325 0.000000 0
11332 0.000000 0
11340 0.155726 0
11348 0.000000 0
11355 0.000000 0
11362 0.091678 0
11370 0.000000 0
11378 0.000000 0
11385 0.239008 0
11392 0.000000 0
11400 0.000000 0
11408 0.000000 0
11415 0.000000 0
11422 0.000000 0
11430 0.000000 0
11438 0.276999 0
11445 0.000000 0
11452 0.000000 0
11460 0.000000 0
11468 0.000000 0
11475 0.000000 0
11482 0.000000 0
11490 0.000000 0
11498 0.145454 0
11505 0.000000 0
11512 0.171372 0
11520 0.320371 0
11528 0.000000 0
11535 0.000000 0
11542 0.000000 0
11550 0.000000 0
11558 0.000000 0
11565 0.000000 0
11572 0.000000 0
11580 0.000000 0
11588 0.000000 0
11595 0.179744 0
11602 0.153426 0
11610 0.000000 0
11618 0.000000 0
11625 0.431212 0
11632 0.729631 0
11640 0.977732 0
11648 0.578748 0
11655 0.000000 0
11662 0.000000 0
11670 0.000000 0
11678 0.000000 0
11685 0.339273 0
11692 0.311005 0
11700 0.165940 0
11708 0.294644 0
11715 0.319901 0
11722 0.000000 0
11730 0.000000 0
11738 0.298980 0
11745 0.000000 0
11752 0.000000 0
11760 0.000000 0
11768 0.000000 0
11775 0.000000 0
11782 0.000000 0
11790 0.000000 0
11798 0.192560 0
11805 0.000000 0
11812 0.000000 0
11820 0.239018 0
11828 0.246430 0
11835 0.000000 0
11842 0.000000 0
11850 0.000000 0
11858 0.075558 0
11865 0.136604 0
11872 0.000000 0
11880 0.000000 0
11888 0.000000 0
11895 0.000000 0
11902 0.000000 0
11910 0.000000 0
11918 0.177040 0
11925 0.000000 0
11932 0.000000 0
11940 0.000000 0
11948 0.000000 0
11955 0.000000 0
11962 0.000000 0
11970 0.000000 0
11978 0.000000 0
11985 0.000000 0
11992 0.000000 0
12000 0.000000 0
12008 0.000000 0
12015 0.000000 0
12022 0.000000 0
12030 0.000000 0
12038 0.390351 0
12045 0.000000 0
12052 0.000000 0
12060 0.000000 0
12068 0.000000 0
12075 0.000000 0
12082 0.000000 0
12090 0.000000 0
12098 0.000000 0
12105 0.717460 0
12112 0.965716 0
12120 0.261264 0
12128 0.000000 0
12135 0.000000 0
12142 0.000000 0
12150 0.000000 0
12158 0.000000 0
12165 0.000000 0
12172 0.000000 0
12180 0.000000 0
12188 0.000000 0
12195 0.000000 0
12202 0.000000 0
12210 0.000000 0
12218 0.000000 0
12225 0.000000 0
12232 0.524181 0
12240 0.000000 0
12248 0.000000 0
12255 0.429985 0
12262 0.526195 0
12270 0.589195 0
12278 0.000000 0
12285 0.000000 0
12292 0.000000 0
12300 0.568597 0
12308 0.274087 0
12315 0.218154 0
12322 0.381542 0
12330 0.000000 0
12338 0.904538 0
12345 0.704652 0
12352 0.000000 0
12360 0.000000 0
12368 0.000000 0
12375 0.257315 0
12382 0.000000 0
12390 0.000000 0
12398 0.000000 0
12405 0.325283 0
12412 0.000000 0
12420 0.366035 0
12428 0.000000 0
12435 0.000000 0
12442 0.553626 0
12450 0.000000 0
12458 0.283207 0
12465 0.000000 0
12472 0.100987 0
12480 0.000000 0
12488 0.000000 0
12495 0.258878 0
12502 0.000000 0
12510 0.356615 0
12518 0.000000 0
12525 0.433790 0
12532 0.000000 0
12540 0.000000 0
12548 0.000000 0
12555 0.000000 0
12562 0.856258 0
12570 0.742016 0
12578 0.978170 0
12585 0.359942 0
12592 0.000000 0
12600 0.000000 0
12608 0.000000 0
12615 0.000000 0
12622 0.406205 0
12630 0.497338 0
12638 0.250350 0
12645 0.000000 0
12652 0.393232 0
12660 0.362166 0
12668 0.263731 0
12675 0.000000 0
12682 0.000000 0
12690 0.000000 0
12698 0.000000 0
12705 0.000000 0
12712 0.000000 0
12720 0.000000 0
12728 0.000000 0
12735 0.000000 0
12742 0.000000 0
12750 0.000000 0
12758 0.389496 0
12765 0.306851 0
12772 0.000000 0
12780 0.000000 0
12788 0.219841 0
12795 0.000000 0
12802 0.209318 0
12810 0.603574 0
12818 0.446910 0
12825 0.000000 0
12832 0.000000 0
12840 0.000000 0
12848 0.000000 0
12855 0.000000 0
12862 0.000000 0
12870 0.231162 0
12878 0.000000 0
12885 0.000000 0
12892 0.000000 0
12900 0.000000 0
12908 0.216242 0
12915 0.146358 0
12922 0.000000 0
12930 0.000000 0
12938 0.000000 0
12945 0.000000 0
12952 0.000000 0
12960 0.000000 0
12968 0.000000 0
12975 0.000000 0
12982 0.000000 0
12990 0.000000 0
12998 0.000000 0
13005 0.000000 0
13012 0.000000 0
13020 0.000000 0
13028 0.123262 0
13035 0.143573 0
13042 1.000000 0
13050 1.000000 0
13058 0.000000 0
13065 0.000000 0
13072 0.000000 0
13080 0.000000 0
13088 0.342621 0
13095 0.343086 0
13102 0.155932 0
13110 0.000000 0
13118 0.000000 0
13125 0.000000 0
13132 0.075467 0
13140 0.232219 0
13148 0.383619 0
13155 0.388068 0
13162 0.217484 0
13170 0.256809 0
13178 0.000000 0
13185 0.086223 0
13192 0.518408 0
13200 0.438472 0
13208 0.327951 0
13215 0.429725 0
13222 0.316692 0
13230 0.000000 0
13238 0.000000 0
13245 0.201362 0
13252 0.365900 0
13260 0.000000 0
13268 0.614365 0
13275 0.657043 0
13282 0.550952 0
13290 0.000000 0
13298 0.067881 0
13305 0.000000 0
13312 0.000000 0
13320 0.367497 0
13328 0.239690 0
13335 0.375819 0
13342 0.091029 0
13350 0.094022 0
13358 0.270255 0
13365 0.247131 0
13372 0.359310 0
13380 0.285489 0
13388 0.242286 0
13395 0.000000 0
13402 0.000000 0
13410 0.000000 0
13418 0.000000 0
13425 0.071396 0
13432 0.535046 0
13440 0.364686 0
13448 0.798547 0
13455 0.095572 0
13462 0.000000 0
13470 0.416344 0
13478 0.243674 0
13485 0.811305 0
13492 0.599361 0
13500 0.801295 0
13508 0.942917 0
13515 0.991638 0
13522 0.000000 0
13530 0.000000 0
13538 0.000000 0
13545 0.000000 0
13552 0.161365 0
13560 0.420335 0
13568 0.469709 0
13575 0.000000 0
13582 0.000000 0
13590 0.000000 0
13598 0.000000 0
13605 0.000000 0
13612 0.000000 0
13620 0.000000 0
13628 0.000000 0
13635 0.000000 0
13642 0.000000 0
13650 0.000000 0
13658 0.000000 0
13665 0.000000 0
13672 0.169568 0
13680 0.360163 0
13688 0.038182 0
13695 0.000000 0
13702 0.000000 0
13710 0.380596 0
13718 0.527956 0
13725 0.169224 0
13732 0.000000 0
13740 0.591057 0
13748 1.000000 0
13755 0.538322 0
13762 0.000000 0
13770 0.000000 0
13778 0.000000 0
13785 0.339097 0
13792 0.000000 0
13800 0.281743 0
13808 0.511394 0
13815 0.000000 0
13822 0.000000 0
13830 0.000000 0
13838 0.000000 0
13845 0.168274 0
13852 0.000000 0
13860 0.000000 0
13868 0.000000 0
13875 0.000000 0
13882 0.000000 0
13890 0.000000 0
13898 0.000000 0
13905 0.000000 0
13912 0.000000 1
13920 0.000000 1
13928 0.000000 1
13935 0.000000 1
13942 0.000000 1
13950 0.000000 1
13958 0.000000 1
13965 0.140522 0
13972 1.000000 0
13980 1.000000 0
13988 0.846323 0
13995 0.000000 0
14002 0.000000 0
14010 0.000000 0
14018 0.000000 0
14025 0.000000 0
14032 0.363602 0
14040 0.000000 0
14048 0.000000 0
14055 0.000000 0
14062 0.000000 0
14070 0.000000 0
14078 0.000000 0
14085 0.000000 0
14092 0.000000 0
14100 0.000000 0
14108 0.000000 0
14115 0.000000 0
14122 0.382166 0
14130 0.498877 0
14138 0.333912 0
14145 0.000000 0
14152 0.000000 0
14160 0.000000 0
14168 0.000000 0
14175 0.000000 0
14182 0.000000 0
14190 0.000000 0
14198 0.000000 0
14205 1.000000 0
14212 1.000000 0
14220 1.000000 0
14228 0.403041 0
14235 0.000000 0
14242 0.000000 0
14250 0.000000 0
14258 0.000000 0
14265 0.285304 0
14272 0.000000 0
14280 0.000000 0
14288 0.000000 0
14295 0.000000 0
14302 0.000000 0
14310 0.000000 0
14318 0.000000 0
14325 0.000000 0
14332 0.000000 0
14340 0.120937 0
14348 0.479666 0
14355 0.000000 0
14362 0.000000 0
14370 0.000000 0
14378 0.090446 0
14385 0.234359 0
14392 0.000000 0
14400 0.000000 0
14408 0.118535 0
14415 0.000000 0
14422 0.000000 0
14430 0.477004 0
14438 0.673874 0
14445 0.957372 0
14452 0.637560 0
14460 0.000000 0
14468 0.000000 0
14475 0.000000 0
14482 0.000000 0
14490 0.000000 0
14498 0.416193 0
14505 0.558339 0
14512 0.000000 0
14520 0.000000 0
14528 0.000000 0
14535 0.052054 0
14542 0.000000 0
14550 0.000000 0
14558 0.000000 0
14565 0.000000 0
14572 0.000000 0
14580 0.000000 0
14588 0.124742 0
14595 0.116278 0
14602 0.210085 0
14610 0.000000 0
14618 0.000000 0
14625 0.000000 0
14632 0.198654 0
14640 0.208910 0
14648 0.233947 0
14655 0.476042 0
14662 1.000000 0
14670 1.000000 0
14678 0.547556 0
14685 0.000000 0
14692 0.000000 0
14700 0.000000 0
14708 0.000000 0
14715 0.000000 0
14722 0.000000 0
14730 0.000000 0
14738 0.180944 0
14745 0.000000 0
14752 0.333543 0
14760 0.000000 0
14768 0.000000 0
14775 0.000000 0
14782 0.000000 0
14790 0.000000 0
14798 0.000000 0
14805 0.000000 0
14812 0.000000 0
14820 0.000000 0
14828 0.000000 0
14835 0.000000 0
14842 0.000000 0
14850 0.000000 0
14858 0.000000 0
14865 0.042955 0
14872 0.000000 0
14880 0.340005 0
14888 0.000000 0
14895 0.839250 0
14902 0.938985 0
14910 0.000000 0
14918 0.000000 0
14925 0.000000 0
14932 0.000000 0
14940 0.000000 0
14948 0.112194 0
14955 0.375196 0
14962 0.000000 0
14970 0.000000 0
14978 0.000000 0
14985 0.000000 0
14992 0.155636 0
15000 0.229647 0
15008 0.000000 0
15015 0.000000 0
15022 0.000000 0
15030 0.000000 0
15038 0.279334 0
15045 0.390210 0
15052 0.000000 0
15060 0.000000 0
15068 0.000000 0
15075 0.158469 0
15082 0.132039 0
15090 0.000000 0
15098 0.000000 0
15105 0.138720 0
15112 0.000000 0
15120 0.000000 0
15128 0.000000 0
15135 0.000000 0
15142 0.000000 0
15150 0.000000 0
15158 0.316691 0
15165 0.000000 0
15172 0.000000 0
15180 0.234079 0
15188 0.193852 0
15195 0.000000 0
15202 0.000000 0
15210 0.000000 0
15218 0.000000 0
15225 0.000000 0
15232 0.000000 0
15240 0.000000 0
15248 0.000000 0
15255 0.000000 0
15262 0.156122 0
15270 0.000000 0
15278 0.183646 0
15285 0.000000 0
15292 0.058916 0
15300 0.000000 0
15308 0.000000 0
15315 0.000000 0
15322 0.000000 0
15330 0.000000 0
15338 0.000000 0
15345 0.000000 0
15352 0.532568 0
15360 0.703402 0
15368 0.829849 0
15375 0.257150 0
15382 0.000000 0
15390 0.000000 0
15398 0.000000 0
15405 0.000000 0
15412 0.425471 0
15420 0.182451 0
15428 0.212579 0
15435 0.434639 0
15442 0.000000 0
15450 0.000000 0
15458 0.240400 0
15465 0.000000 0
15472 0.000000 0
15480 0.000000 0
15488 0.000000 0
15495 0.000000 0
15502 0.000000 0
15510 0.395444 0
15518 0.300114 0
15525 0.000000 0
15532 0.000000 0
15540 0.282848 0
15548 0.000000 0
15555 0.276859 0
15562 0.000000 0
15570 0.000000 0
15578 0.000000 0
15585 0.318549 0
15592 0.000000 0
15600 0.215811 0
15608 0.000000 0
15615 0.000000 0
15622 0.000000 0
15630 0.000000 0
15638 0.182250 0
15645 0.061066 0
15652 0.000000 0
15660 0.059918 0
15668 0.000000 0
15675 0.000000 0
15682 0.000000 0
15690 0.000000 0
15698 0.000000 0
15705 0.000000 0
15712 0.000000 0
15720 0.000000 0
15728 0.000000 0
15735 0.000000 0
15742 0.133839 0
15750 0.000000 0
15758 0.000000 0
15765 0.000000 0
15772 0.000000 0
15780 0.000000 0
15788 0.000000 0
15795 0.000000 0
15802 0.000000 0
15810 0.435734 0
15818 0.000000 0
15825 0.187846 0
15832 0.955702 0
15840 0.933300 0
15848 0.000000 0
15855 0.000000 0
15862 0.000000 0
15870 0.000000 0
15878 0.000000 0
15885 0.224138 0
15892 0.174162 0
15900 0.000000 0
15908 0.000000 0
15915 0.199574 0
15922 0.403553 0
15930 0.530166 0
15938 0.246173 0
15945 0.314019 0
15952 0.163536 0
15960 0.204131 0
15968 0.265341 0
15975 0.000000 0
15982 0.000000 0
15990 0.000000 0
15998 0.000000 0
16005 0.000000 0
16012 0.000000 0
16020 0.353741 0
16028 0.000000 0
16035 0.000000 0
16042 0.000000 0
16050 0.000000 0
16058 0.470317 0
16065 0.000000 0
16072 0.000000 0
16080 0.000000 0
16088 0.000000 0
16095 0.232646 0
16102 0.000000 0
16110 0.000000 0
16118 0.000000 0
16125 0.000000 0
16132 0.403185 0
16140 0.445593 0
16148 0.000000 0
16155 0.000000 0
16162 0.000000 0
16170 0.000000 0
16178 0.000000 0
16185 0.000000 0
16192 0.000000 0
16200 0.309975 0
16208 0.000000 0
16215 0.000000 0
16222 0.000000 0
16230 0.000000 0
16238 0.000000 0
16245 0.000000 0
16252 0.156139 0
16260 0.000000 0
16268 0.000000 0
16275 0.000000 0
16282 0.142838 0
16290 0.558493 0
16298 0.643471 0
16305 0.852701 0
16312 0.354423 0
16320 0.000000 0
16328 0.000000 0
16335 0.000000 0
16342 0.000000 0
16350 0.481391 0
16358 0.491184 0
16365 0.000000 0
16372 0.000000 0
16380 0.313717 0
16388 0.000000 0
16395 0.000000 0
16402 0.070223 0
16410 0.306455 0
16418 0.000000 0
16425 0.000000 0
16432 0.000000 0
16440 0.000000 0
16448 0.000000 0
16455 0.000000 0
16462 0.000000 0
16470 0.512540 0
16478 0.433774 0
16485 0.000000 0
16492 0.000000 0
16500 0.000000 0
16508 0.000000 0
16515 0.214467 0
16522 0.245811 0
16530 0.708318 0
16538 1.000000 0
16545 0.731772 0
16552 0.000000 0
16560 0.000000 0
16568 0.000000 0
16575 0.000000 0
16582 0.000000 0
16590 0.000000 0
16598 0.000000 0
16605 0.000000 0
16612 0.000000 0
16620 0.100683 0
16628 0.000000 0
16635 0.000000 0
16642 0.000000 0
16650 0.210331 0
16658 0.000000 0
16665 0.000000 0
16672 0.000000 0
16680 0.000000 0
16688 0.000000 0
16695 0.000000 0
16702 0.000000 0
16710 0.000000 0
16718 0.000000 1
16725 0.000000 1
16732 0.000000 1
16740 0.000000 1
16748 0.000000 1
16755 0.000000 1
16762 1.000000 0
16770 1.000000 0
16778 0.939550 0
16785 0.000000 0
16792 0.000000 0
16800 0.000000 0
16808 0.000000 0
16815 0.000000 0
16822 0.189353 0
16830 0.000000 0
16838 0.000000 0
16845 0.000000 0
16852 0.000000 0
16860 0.000000 0
16868 0.293100 0
16875 0.513875 0
16882 0.375472 0
16890 0.000000 0
16898 0.000000 0
16905 0.099822 0
16912 0.000000 0
16920 0.000000 0
16928 0.000000 0
16935 0.000000 0
16942 0.000000 0
16950 0.000000 0
16958 0.000000 0
16965 0.000000 0
16972 0.000000 0
16980 0.000000 0
16988 0.324956 0
16995 0.000000 0
17002 0.197253 0
17010 0.253925 0
17018 0.000000 0
17025 0.000000 0
17032 0.000000 0
17040 0.000000 0
17048 0.000000 0
17055 0.000000 0
17062 0.000000 0
17070 0.000000 0
17078 0.000000 0
17085 0.000000 0
17092 0.000000 0
17100 0.000000 0
17108 1.000000 0
17115 1.000000 0
17122 0.580168 0
17130 0.000000 0
17138 0.000000 0
17145 0.000000 0
17152 0.000000 0
17160 0.000000 0
17168 0.000000 0
17175 0.000000 0
17182 0.000000 0
17190 0.000000 0
17198 0.000000 0
17205 0.000000 0
17212 0.910711 0
17220 0.763544 0
17228 0.858877 0
17235 0.576598 0
17242 0.000000 0
17250 0.000000 0
17258 0.000000 0
17265 0.000000 0
17272 0.449165 0
17280 0.434048 0
17288 0.000000 0
17295 0.000000 0
17302 0.000000 0
17310 0.229820 0
17318 0.000000 0
17325 0.000000 0
17332 0.372937 0
17340 0.000000 0
17348 0.000000 0
17355 0.000000 0
17362 0.000000 0
17370 0.000000 0
17378 0.000000 0
17385 0.000000 0
17392 0.000000 0
17400 0.430208 0
17408 0.000000 0
17415 0.000000 0
17422 0.000000 0
17430 0.247619 0
17438 0.141085 0
17445 0.000000 0
17452 0.208873 0
17460 0.980920 0
17468 0.865270 0
17475 0.432914 0
17482 0.000000 0
17490 0.000000 0
17498 0.000000 0
17505 0.000000 0
17512 0.000000 0
17520 0.000000 0
17528 0.000000 0
17535 0.000000 0
17542 0.000000 0
17550 0.000000 0
17558 0.000000 0
17565 0.000000 0
17572 0.000000 0
17580 0.000000 0
17588 0.000000 0
17595 0.105000 0
17602 0.000000 0
17610 0.000000 0
17618 0.000000 0
17625 0.000000 0
17632 0.000000 0
17640 0.000000 0
17648 0.220055 0
17655 0.000000 0
17662 0.000000 0
17670 0.000000 0
17678 0.000000 0
17685 1.000000 0
17692 1.000000 0
17700 1.000000 0
17708 0.000000 0
17715 0.000000 0
17722 0.000000 0
17730 0.000000 0
17738 0.000000 0
17745 0.000000 0
17752 0.000000 0
17760 0.000000 0
17768 0.000000 0
17775 0.000000 0
17782 0.000000 0
17790 0.000000 0
17798 0.000000 0
17805 0.000000 0
17812 0.000000 0
17820 0.000000 0
17828 0.000000 0
17835 0.000000 0
17842 0.391123 0
17850 0.434940 0
17858 0.370457 0
17865 0.000000 0
17872 0.000000 0
17880 0.000000 0
17888 0.000000 0
17895 0.000000 0
17902 0.000000 0
17910 0.000000 0
17918 0.550286 0
17925 1.000000 0
17932 1.000000 0
17940 0.727466 0
17948 0.000000 0
17955 0.000000 0
17962 0.000000 0
17970 0.000000 0
17978 0.000000 0
17985 0.000000 0
17992 0.102178 0
18000 0.000000 0
18008 0.000000 0
18015 0.000000 0
18022 0.000000 0
18030 0.000000 0
18038 0.000000 0
18045 0.000000 0
18052 0.000000 0
18060 0.000000 0
18068 0.000000 0
18075 0.000000 0
18082 0.000000 0
18090 0.187060 0
18098 0.000000 0
18105 0.000000 0
18112 0.000000 0
18120 0.000000 0
18128 0.000000 0
18135 0.862149 0
18142 1.000000 0
18150 1.000000 0
18158 1.000000 0
18165 0.839575 0
18172 0.000000 0
18180 0.000000 0
18188 0.000000 0
18195 0.000000 0
18202 0.000000 0
18210 0.636999 0
18218 0.265881 0
18225 0.000000 0
18232 0.000000 0
18240 0.391450 0
18248 0.000000 0
18255 0.000000 0
18262 0.000000 0
18270 0.000000 0
18278 0.000000 0
18285 0.000000 0
18292 0.000000 0
18300 0.000000 0
18308 0.000000 0
18315 0.000000 0
18322 0.124791 0
18330 0.473982 0
18338 0.000000 0
18345 0.150567 0
18352 0.000000 0
18360 0.000000 0
18368 0.000000 0
18375 0.000000 0
18382 0.000000 0
18390 0.593015 0
18398 0.770783 0
18405 0.149309 0
18412 0.000000 0
18420 0.000000 0
18428 0.000000 0
18435 0.000000 0
18442 0.000000 0
18450 0.000000 0
18458 0.000000 0
18465 0.444922 0
18472 0.149163 0
18480 0.000000 0
18488 0.000000 0
18495 0.000000 0
18502 0.000000 0
18510 0.107661 0
18518 0.000000 0
18525 0.000000 0
18532 0.000000 0
18540 0.000000 0
18548 0.000000 0
18555 0.000000 0
18562 0.146158 0
18570 0.371350 0
18578 0.000000 0
18585 0.106635 0
18592 0.000000 0
18600 0.000000 0
18608 0.228658 0
18615 0.000000 0
18622 0.851575 0
18630 1.000000 0
18638 0.772028 0
18645 0.000000 0
18652 0.000000 0
18660 0.000000 0
18668 0.000000 0
18675 0.000000 0
18682 0.000000 0
18690 0.000000 0
18698 0.000000 0
18705 0.000000 0
18712 0.000000 0
18720 0.000000 0
18728 0.359474 0
18735 0.524263 0
18742 0.226283 0
18750 0.000000 0
18758 0.000000 0
18765 0.000000 0
18772 0.000000 0
18780 0.000000 0
18788 0.315768 0
18795 0.000000 0
18802 0.000000 0
18810 0.055134 0
18818 0.000000 0
18825 0.000000 0
18832 0.000000 0
18840 0.000000 0
18848 0.125171 0
18855 0.247558 0
18862 0.400513 0
18870 0.000000 0
18878 0.000000 0
18885 0.000000 0
18892 0.000000 0
18900 0.000000 0
18908 0.000000 0
18915 0.294432 0
18922 0.000000 0
18930 0.000000 0
18938 0.000000 0
18945 0.000000 0
18952 0.000000 0
18960 0.000000 0
18968 0.000000 0
18975 0.000000 0
18982 0.000000 0
18990 0.000000 0
18998 0.000000 0
19005 0.000000 0
19012 0.192631 0
19020 0.000000 0
19028 0.000000 0
19035 0.229652 0
19042 0.000000 0
19050 0.000000 0
19058 0.000000 0
19065 0.000000 0
19072 0.000000 0
19080 0.152543 0
19088 0.554456 0
19095 1.000000 0
19102 0.852423 0
19110 0.000000 0
19118 0.000000 0
19125 0.000000 0
19132 0.000000 0
19140 0.250994 0
19148 0.407218 0
19155 0.468527 0
19162 0.000000 0
19170 0.000000 0
19178 0.000000 0
19185 0.318651 0
19192 0.000000 0
19200 0.000000 0
19208 0.086103 0
19215 0.000000 0
19222 0.000000 0
19230 0.000000 0
19238 0.000000 0
19245 0.000000 0
19252 0.000000 0
19260 0.473757 0
19268 0.389724 0
19275 0.168371 0
19282 0.000000 0
19290 0.000000 0
19298 0.000000 0
19305 0.393273 0
19312 0.000000 0
19320 0.000000 0
19328 0.745123 0
19335 0.757326 0
19342 0.000000 0
19350 0.000000 0
19358 0.000000 0
19365 0.000000 0
19372 0.441108 0
19380 0.087642 0
19388 0.000000 0
19395 0.000000 0
19402 0.000000 0
19410 0.000000 0
19418 0.000000 0
19425 0.000000 0
19432 0.000000 0
19440 0.000000 0
19448 0.000000 0
19455 0.000000 0
19462 0.000000 0
19470 0.000000 0
19478 0.000000 0
19485 0.000000 0
19492 0.000000 0
19500 0.000000 0
19508 0.000000 0
19515 0.000000 0
19522 0.000000 0
19530 0.000000 0
19538 1.000000 0
19545 1.000000 0
19552 0.965358 0
19560 0.000000 0
19568 0.000000 0
19575 0.000000 0
19582 0.000000 0
19590 0.000000 0
19598 0.000000 0
19605 0.000000 0
19612 0.000000 0
19620 0.000000 0
19628 0.000000 0
19635 0.000000 0
19642 0.000000 0
19650 0.000000 0
19658 0.000000 0
19665 0.000000 0
19672 0.000000 0
19680 0.342379 0
19688 0.157190 0
19695 0.344614 0
19702 0.461101 0
19710 0.214299 0
19718 0.175281 0
19725 0.000000 0
19732 0.000000 0
19740 0.285749 0
19748 0.000000 0
19755 0.232493 0
19762 0.000000 0
19770 0.131408 0
19778 1.000000 0
19785 0.720986 0
19792 0.000000 0
19800 0.000000 0
19808 0.000000 0
19815 0.000000 0
19822 0.350390 0
19830 0.000000 0
19838 0.000000 0
19845 0.000000 0
19852 0.000000 0
19860 0.000000 0
19868 0.000000 0
19875 0.281614 0
19882 0.000000 0
19890 0.388981 0
19898 0.000000 0
19905 0.374436 0
19912 0.000000 0
19920 0.556776 0
19928 0.000000 0
19935 0.583555 0
19942 0.000000 0
19950 0.000000 0
19958 0.000000 0
19965 0.000000 0
19972 0.000000 0
19980 0.000000 0
19988 0.308722 0
19995 0.606800 0
20002 0.975544 0
20010 0.779213 0
20018 0.652821 0
20025 0.000000 0
20032 0.000000 0
20040 0.000000 0
20048 0.000000 0
20055 0.000000 0
20062 0.562104 0
20070 0.448376 0
20078 0.000000 0
20085 0.000000 0
20092 0.000000 0
20100 0.000000 0
20108 0.000000 0
20115 0.000000 0
20122 0.330530 0
20130 0.000000 0
20138 0.000000 0
20145 0.000000 0
20152 0.000000 0
20160 0.000000 0
20168 0.000000 0
20175 0.091234 0
20182 0.172146 0
20190 0.000000 0
20198 0.000000 0
20205 0.000000 0
20212 0.104402 0
20220 0.000000 0
20228 0.000000 0
20235 0.000000 0
20242 0.593505 0
20250 0.694339 0
20258 0.000000 0
20265 0.000000 0
20272 0.000000 0
20280 0.000000 0
20288 0.000000 0
20295 0.000000 0
20302 0.000000 0
20310 0.000000 0
20318 0.000000 0
20325 0.000000 0
20332 0.000000 0
20340 0.000000 0
20348 0.000000 0
20355 0.000000 0
20362 0.000000 0
20370 0.113036 0
20378 0.228434 0
20385 0.000000 0
20392 0.000000 0
20400 0.000000 0
20408 0.000000 0
20415 0.000000 0
20422 0.000000 0
20430 0.000000 0
20438 0.000000 0
20445 0.000000 0
20452 0.000000 0
20460 0.000000 0
20468 0.000000 0
20475 0.834343 0
20482 1.000000 0
20490 0.641963 0
20498 0.000000 0
20505 0.000000 0
20512 0.000000 0
20520 0.000000 0
20528 0.000000 0
20535 0.000000 0
20542 0.083283 0
20550 0.000000 0
20558 0.000000 0
20565 0.000000 0
20572 0.055555 0
20580 0.000000 0
20588 0.492772 0
20595 0.241552 0
20602 0.279533 0
20610 0.451381 0
20618 0.000000 0
20625 0.218253 0
20632 0.392449 0
20640 0.244703 0
20648 0.417488 0
20655 0.525662 0
20662 0.523591 0
20670 0.475867 0
20678 0.408574 0
20685 0.191514 0
20692 0.076452 0
20700 0.230355 0
20708 0.237960 0
20715 0.504778 0
20722 0.219500 0
20730 0.000000 0
20738 0.000000 0
20745 0.173793 0
20752 0.217551 0
20760 0.150824 0
20768 0.160698 0
20775 0.516470 0
20782 0.304078 0
20790 0.217139 0
20798 0.277394 0
20805 0.127009 0
20812 0.297234 0
20820 0.000000 0
20828 0.199013 0
20835 0.000000 0
20842 0.000000 0
20850 0.000000 0
20858 0.000000 0
20865 0.346907 0
20872 0.350799 0
20880 0.463125 0
20888 0.695946 0
20895 0.000000 0
20902 0.608916 0
20910 0.206544 0
20918 0.460930 0
20925 0.605408 0
20932 0.716287 0
20940 0.767274 0
20948 1.000000 0
20955 0.610333 0
20962 0.000000 0
20970 0.000000 0
20978 0.000000 0
20985 0.000000 0
20992 0.253843 0
21000 0.293986 0
21008 0.244982 0
21015 0.000000 0
21022 0.356771 0
21030 0.000000 0
21038 0.000000 0
21045 0.106912 0
21052 0.214721 0
21060 0.000000 0
21068 0.000000 0
21075 0.000000 0
21082 0.000000 0
21090 0.000000 0
21098 0.000000 0
21105 0.000000 0
21112 0.270428 0
21120 0.428715 0
21128 0.346285 0
21135 0.000000 0
21142 0.000000 0
21150 0.320724 0
21158 0.468346 0
21165 0.232766 0
21172 0.186860 0
21180 0.753809 0
21188 0.789825 0
21195 0.290088 0
21202 0.000000 0
21210 0.000000 0
21218 0.149420 0
21225 0.201429 0
21232 0.048571 0
21240 0.318446 0
21248 0.318036 0
21255 0.000000 0
21262 0.450400 0
21270 0.000000 0
21278 0.000000 0
21285 0.000000 0
21292 0.000000 0
21300 0.000000 0
21308 0.000000 0
21315 0.000000 0
21322 0.000000 0
21330 0.000000 0
21338 0.000000 0
21345 0.000000 0
21352 0.000000 1
21360 0.000000 1
21368 0.000000 1
21375 0.000000 1
21382 0.000000 1
21390 0.000000 1
21398 0.760540 0
21405 1.000000 0
21412 1.000000 0
21420 0.555611 0
21428 0.000000 0
21435 0.000000 0
21442 0.000000 0
21450 0.000000 0
21458 0.134550 0
21465 0.438473 0
21472 0.000000 0
21480 0.000000 0
21488 0.000000 0
21495 0.084481 0
21502 0.000000 0
21510 0.000000 0
21518 0.469791 0
21525 0.095176 0
21532 0.204841 0
21540 0.213993 0
21548 0.000000 0
21555 0.139507 0
21562 0.000000 0
21570 0.000000 0
21578 0.000000 0
21585 0.000000 0
21592 0.000000 0
21600 0.000000 0
21608 0.000000 0
21615 0.000000 0
21622 0.086116 0
21630 0.234250 0
21638 0.109463 0
21645 0.397508 0
21652 0.000000 0
21660 0.000000 0
21668 0.000000 0
21675 0.000000 0
21682 0.000000 0
21690 0.120344 0
21698 0.000000 0
21705 0.000000 0
21712 0.000000 0
21720 0.000000 0
21728 0.000000 0
21735 0.000000 0
21742 0.000000 0
21750 0.000000 0
21758 0.000000 0
21765 0.030851 0
21772 0.209523 0
21780 0.327871 0
21788 0.255791 0
21795 0.000000 0
21802 0.122225 0
21810 0.000000 0
21818 0.000000 0
21825 0.000000 0
21832 0.251676 0
21840 0.000000 0
21848 0.000000 0
21855 0.000000 0
21862 0.356294 0
21870 0.633491 0
21878 0.935630 0
21885 0.687463 0
21892 0.000000 0
21900 0.000000 0
21908 0.000000 0
21915 0.000000 0
21922 0.477444 0
21930 0.337692 0
21938 0.000000 0
21945 0.000000 0
21952 0.304124 0
21960 0.000000 0
21968 0.210120 0
21975 0.237249 0
21982 0.000000 0
21990 0.000000 0
21998 0.058128 0
22005 0.000000 0
22012 0.316911 0
22020 0.000000 0
22028 0.184368 0
22035 0.161441 0
22042 0.301958 0
22050 0.232975 0
22058 0.000000 0
22065 0.000000 0
22072 0.000000 0
22080 0.000000 0
22088 0.000000 0
22095 0.000000 0
22102 0.000000 0
22110 0.000000 0
22118 0.000000 0
22125 0.000000 0
22132 0.100795 0
22140 0.000000 0
22148 0.303362 0
22155 0.000000 0
22162 0.000000 0
22170 0.335950 0
22178 0.000000 0
22185 0.000000 0
22192 0.000000 0
22200 0.000000 0
22208 0.000000 0
22215 0.000000 0
22222 0.000000 0
22230 0.000000 0
22238 0.000000 0
22245 0.000000 0
22252 0.000000 0
22260 0.000000 0
22268 0.282868 0
22275 0.367507 0
22282 0.074612 0
22290 0.195282 0
22298 0.000000 0
22305 0.000000 0
22312 0.000000 0
22320 0.000000 0
22328 0.000000 0
22335 0.000000 0
22342 0.594321 0
22350 1.000000 0
22358 0.476728 0
22365 0.000000 0
22372 0.000000 0
22380 0.000000 0
22388 0.000000 0
22395 0.000000 0
22402 0.333117 0
22410 0.000000 0
22418 0.000000 0
22425 0.000000 0
22432 0.386203 0
22440 0.274336 0
22448 0.000000 0
22455 0.219062 0
22462 0.000000 0
22470 0.000000 0
22478 0.000000 0
22485 0.041388 0
22492 0.097702 0
22500 0.164397 0
22508 0.211149 0
22515 0.162933 0
22522 0.000000 0
22530 0.054627 0
22538 0.000000 0
22545 0.000000 0
22552 0.230344 0
22560 0.252729 0
22568 0.000000 0
22575 0.000000 0
22582 0.000000 0
22590 0.145172 0
22598 0.000000 0
22605 0.059156 0
22612 0.000000 0
22620 0.000000 0
22628 0.291553 0
22635 0.000000 0
22642 0.357209 0
22650 0.446141 0
22658 0.000000 0
22665 0.344783 0
22672 0.285032 0
22680 0.000000 0
22688 0.000000 0
22695 0.000000 0
22702 0.000000 0
22710 0.000000 0
22718 0.204703 0
22725 0.000000 0
22732 0.000000 0
22740 0.000000 0
22748 0.000000 0
22755 0.000000 0
22762 0.000000 0
22770 0.000000 0
22778 0.000000 0
22785 0.360405 0
22792 0.229714 0
22800 0.519116 0
22808 0.799535 0
22815 0.997056 0
22822 0.571507 0
22830 0.000000 0
22838 0.000000 0
22845 0.000000 0
22852 0.000000 0
22860 0.274948 0
22868 0.520196 0
22875 0.000000 0
22882 0.000000 0
22890 0.000000 0
22898 0.356941 0
22905 0.222783 0
22912 0.026245 0
22920 0.000000 0
22928 0.087414 0
22935 0.000000 0
22942 0.000000 0
22950 0.000000 0
22958 0.278562 0
22965 0.196716 0
22972 0.210884 0
22980 0.417292 0
22988 0.000000 0
22995 0.000000 0
23002 0.274526 0
23010 0.127854 0
23018 0.417068 0
23025 0.357130 0
23032 0.317018 0
23040 0.000000 0
23048 0.276045 0
23055 0.313339 0
23062 0.255535 0
23070 0.000000 0
23078 0.000000 0
23085 0.000000 0
23092 0.000000 0
23100 0.000000 0
23108 0.000000 0
23115 0.256718 0
23122 0.000000 0
23130 0.000000 0
23138 0.061779 0
23145 0.049662 0
23152 0.000000 0
23160 0.000000 0
23168 0.000000 0
23175 0.000000 0
23182 0.000000 0
23190 0.000000 0
23198 0.000000 0
23205 0.000000 0
23212 0.000000 0
23220 0.000000 0
23228 0.000000 0
23235 0.238563 0
23242 0.000000 0
23250 0.000000 0
23258 0.000000 0
23265 0.000000 0
23272 0.291846 0
23280 0.863369 0
23288 0.904902 0
23295 0.000000 0
23302 0.000000 0
23310 0.000000 0
23318 0.000000 0
23325 0.000000 0
23332 0.000000 0
23340 0.000000 0
23348 0.357915 0
23355 0.164523 0
23362 0.000000 0
23370 0.404017 0
23378 0.417526 0
23385 0.505153 0
23392 0.164212 0
23400 0.324778 0
23408 0.164711 0
23415 0.000000 0
23422 0.000000 0
23430 0.000000 0
23438 0.000000 0
23445 0.000000 0
23452 0.000000 0
23460 0.222422 0
23468 0.000000 0
23475 0.000000 0
23482 0.272139 0
23490 0.251748 0
23498 0.000000 0
23505 0.000000 0
23512 0.000000 0
23520 0.000000 0
23528 0.000000 0
23535 0.000000 0
23542 0.000000 0
23550 0.000000 0
23558 0.000000 0
23565 0.000000 0
23572 0.227002 0
23580 0.236352 0
23588 0.000000 0
23595 0.000000 0
23602 0.000000 0
23610 0.000000 0
23618 0.000000 0
23625 0.000000 0
23632 0.000000 0
23640 0.000000 0
23648 0.103718 0
23655 0.000000 0
23662 0.000000 0
23670 0.000000 0
23678 0.000000 0
23685 0.204085 0
23692 0.000000 0
23700 0.000000 0
23708 0.000000 0
23715 0.317787 0
23722 0.550553 0
23730 1.000000 0
23738 0.940091 0
23745 0.000000 0
23752 0.000000 0
23760 0.000000 0
23768 0.000000 0
23775 0.000000 0
23782 0.332128 0
23790 0.250002 0
23798 0.000000 0
23805 0.000000 0
23812 0.368649 0
23820 0.285093 0
23828 0.000000 0
23835 0.256009 0
23842 0.000000 0
23850 0.044755 0
23858 0.245252 0
23865 0.000000 0
23872 0.000000 0
23880 0.000000 0
23888 0.000000 0
23895 0.000000 0
23902 0.000000 0
23910 0.000000 0
23918 0.307349 0
23925 0.000000 0
23932 0.000000 0
23940 0.290740 0
23948 0.194560 0
23955 0.286084 0
23962 0.383443 0
23970 0.000000 0
23978 0.000000 0
23985 0.000000 0
23992 0.310838 0
24000 0.120350 0
24008 0.000000 0
24015 0.000000 0
24022 0.000000 0
24030 0.355763 0
24038 0.112656 0
24045 0.039635 0
24052 0.207515 0
24060 0.000000 0
24068 0.000000 0
24075 0.000000 0
24082 0.000000 0
24090 0.150576 0
24098 0.000000 0
24105 0.000000 0
24112 0.000000 0
24120 0.000000 0
24128 0.000000 0
24135 0.000000 0
24142 0.000000 0
24150 0.092554 0
24158 0.000000 0
24165 0.206282 0
24172 0.298949 0
24180 0.000000 0
24188 0.000000 0
24195 0.000000 0
24202 1.000000 0
24210 0.913690 0
24218 0.000000 0
24225 0.000000 0
24232 0.000000 0
24240 0.000000 0
24248 0.000000 0
24255 0.000000 0
24262 0.000000 0
24270 0.000000 0
24278 0.000000 0
24285 0.000000 0
24292 0.216634 0
24300 0.321334 0
24308 0.493907 0
24315 0.500021 0
24322 0.000000 0
24330 0.182720 0
24338 0.000000 0
24345 0.370069 0
24352 0.152118 0
24360 0.000000 0
24368 0.000000 0
24375 0.000000 0
24382 0.000000 0
24390 0.000000 0
24398 0.000000 0
24405 0.000000 0
24412 0.114794 0
24420 0.403306 0
24428 0.162669 0
24435 0.000000 0
24442 0.000000 0
24450 0.000000 0
24458 0.000000 0
24465 0.376633 0
24472 0.000000 0
24480 0.000000 0
24488 0.000000 0
24495 0.000000 0
24502 0.000000 0
24510 0.000000 0
24518 0.000000 0
24525 0.000000 0
24532 0.437425 0
24540 0.428141 0
24548 0.379046 0
24555 0.698996 0
24562 0.644369 0
24570 0.000000 0
24578 0.000000 0
24585 0.000000 0
24592 0.000000 0
24600 0.060716 0
24608 0.227702 0
24615 0.000000 0
24622 0.000000 0
24630 0.000000 0
24638 0.000000 0
24645 0.000000 0
24652 0.480219 0
24660 0.693216 0
24668 0.993127 0
24675 0.784024 0
24682 0.000000 0
24690 0.000000 0
24698 0.000000 0
24705 0.000000 0
24712 0.000000 0
24720 0.473294 0
24728 0.449290 0
24735 0.000000 0
24742 0.000000 0
24750 0.168188 0
24758 0.276120 0
24765 0.000000 0
24772 0.000000 0
24780 0.000000 0
24788 0.000000 0
24795 0.000000 0
24802 0.000000 0
24810 0.000000 0
24818 0.000000 0
24825 0.000000 0
24832 0.445419 0
24840 0.441477 0
24848 0.333325 0
24855 0.265339 0
24862 0.013219 0
24870 0.000000 0
24878 0.284689 0
24885 0.511201 0
24892 0.356891 0
24900 0.279116 0
24908 0.582802 0
24915 0.421958 0
24922 0.439711 0
24930 0.211264 0
24938 0.000000 0
24945 0.000000 0
24952 0.000000 0
24960 0.000000 0
24968 0.000000 0
24975 0.000000 0
24982 0.000000 0
24990 0.275474 0
24998 0.316010 0
25005 0.274296 0
25012 0.000000 0
25020 0.000000 0
25028 0.000000 0
25035 0.000000 0
25042 0.000000 0
25050 0.000000 0
25058 0.000000 0
25065 0.000000 0
25072 0.000000 0
25080 0.000000 0
25088 0.000000 0
25095 0.000000 0
25102 0.000000 0
25110 0.000000 0
25118 0.000000 0
25125 0.722236 0
25132 1.000000 0
25140 1.000000 0
25148 0.693026 0
25155 0.000000 0
25162 0.000000 0
25170 0.000000 0
25178 0.000000 0
25185 0.410504 0
25192 0.069289 0
25200 0.000000 0
25208 0.000000 0
25215 0.229829 0
25222 0.000000 0
25230 0.000000 0
25238 0.222323 0
25245 0.407412 0
25252 0.123545 0
25260 0.000000 0
25268 0.149831 0
25275 0.234368 0
25282 0.336026 0
25290 0.000000 0
25298 0.000000 0
25305 0.000000 0
25312 0.000000 0
25320 0.000000 0
25328 0.000000 0
25335 0.000000 0
25342 0.000000 0
25350 0.195826 0
25358 0.350207 0
25365 0.313320 0
25372 0.446921 0
25380 0.425526 0
25388 0.285847 0
25395 0.000000 0
25402 0.000000 0
25410 0.000000 0
25418 0.000000 0
25425 0.240954 0
25432 0.000000 0
25440 0.000000 0
25448 0.332250 0
25455 0.235508 0
25462 0.000000 0
25470 0.000000 0
25478 0.000000 0
25485 0.135579 0
25492 0.000000 0
25500 0.000000 0
25508 0.364470 0
25515 0.329807 0
25522 0.000000 0
25530 0.000000 0
25538 0.532627 0
25545 0.452540 0
25552 0.000000 0
25560 0.000000 0
25568 0.000000 0
25575 0.000000 0
25582 0.333712 0
25590 0.614010 0
25598 0.791386 0
25605 0.922521 0
25612 0.773921 0
25620 0.000000 0
25628 0.000000 0
25635 0.000000 0
25642 0.000000 0
25650 0.427112 0
25658 0.468727 0
25665 0.301195 0
25672 0.074684 0
25680 0.051740 0
25688 0.149419 0
25695 0.000000 0
25702 0.000000 0
25710 0.000000 0
25718 0.000000 0
25725 0.000000 0
25732 0.000000 0
25740 0.000000 0
25748 0.000000 0
25755 0.000000 0
25762 0.000000 0
25770 0.000000 0
25778 0.000000 0
25785 0.000000 0
25792 0.000000 0
25800 0.519407 0
25808 0.248051 0
25815 0.000000 0
25822 0.000000 0
25830 0.000000 0
25838 0.577357 0
25845 0.693859 0
25852 0.228245 0
25860 0.000000 0
25868 0.281252 0
25875 0.158584 0
25882 0.000000 0
25890 0.090522 0
25898 0.000000 0
25905 0.000000 0
25912 0.000000 0
25920 0.303759 0
25928 0.000000 0
25935 0.000000 0
25942 0.000000 0
25950 0.000000 0
25958 0.000000 0
25965 0.000000 0
25972 0.000000 0
25980 0.000000 0
25988 0.370987 0
25995 0.364322 0
26002 0.209743 0
26010 0.000000 0
26018 0.000000 0
26025 0.000000 0
26032 0.207479 0
26040 0.000000 0
26048 0.057633 0
26055 0.000000 0
26062 0.000000 0
26070 0.860762 0
26078 1.000000 0
26085 0.445550 0
26092 0.000000 0
26100 0.000000 0
26108 0.000000 0
26115 0.000000 0
26122 0.077923 0
26130 0.217314 0
26138 0.000000 0
26145 0.251926 0
26152 0.064864 0
26160 0.324991 0
26168 0.446436 0
26175 0.358876 0
26182 0.314705 0
26190 0.000000 0
26198 0.000000 0
26205 0.078709 0
26212 0.272149 0
26220 0.464920 0
26228 0.054578 0
26235 0.153860 0
26242 0.000000 0
26250 0.000000 0
26258 0.537496 0
26265 0.264885 0
26272 0.126263 0
26280 0.000000 0
26288 0.000000 0
26295 0.000000 0
26302 0.080500 0
26310 0.114216 0
26318 0.190074 0
26325 0.000000 0
26332 0.076474 0
26340 0.000000 0
26348 0.000000 0
26355 0.000000 0
26362 0.000000 0
26370 0.000000 0
26378 0.219702 0
26385 0.000000 0
26392 0.000000 0
26400 0.418412 0
26408 0.212997 0
26415 0.000000 0
26422 0.000000 0
26430 0.000000 0
26438 0.000000 0
26445 0.338626 0
26452 0.000000 0
26460 0.149241 0
26468 0.000000 0
26475 0.000000 0
26482 0.000000 0
26490 0.000000 0
26498 0.000000 0
26505 0.000000 0
26512 0.501951 0
26520 0.846048 0
26528 1.000000 0
26535 0.411738 0
26542 0.000000 0
26550 0.000000 0
26558 0.000000 0
26565 0.000000 0
26572 0.392841 0
26580 0.000000 0
26588 0.000000 0
26595 0.000000 0
26602 0.355670 0
26610 0.431755 0
26618 0.000000 0
26625 0.000000 0
26632 0.031396 0
26640 0.153048 0
26648 0.000000 0
26655 0.000000 0
26662 0.000000 0
26670 0.000000 0
26678 0.000000 0
26685 0.169098 0
26692 0.153830 0
26700 0.000000 0
26708 0.000000 0
26715 0.000000 0
26722 0.000000 0
26730 0.000000 0
26738 0.150000 0
26745 0.302246 0
26752 0.000000 0
26760 0.360283 0
26768 0.283819 0
26775 0.000000 0
26782 0.000000 0
26790 0.000000 0
26798 0.000000 0
26805 0.000000 0
26812 0.000000 0
26820 0.259673 0
26828 0.000000 0
26835 0.000000 0
26842 0.000000 0
26850 0.000000 0
26858 0.248586 0
26865 0.000000 0
26872 0.000000 0
26880 0.000000 0
26888 0.000000 0
26895 0.000000 0
26902 0.000000 0
26910 0.000000 0
26918 0.000000 0
26925 0.000000 0
26932 0.000000 0
26940 0.000000 0
26948 0.000000 0
26955 0.000000 0
26962 0.000000 0
26970 0.000000 0
26978 0.000000 0
26985 0.000000 0
26992 0.962946 0
27000 0.958535 0
27008 0.000000 0
27015 0.000000 0
27022 0.000000 0
27030 0.000000 0
27038 0.000000 0
27045 0.071159 0
27052 0.000000 0
27060 0.000000 0
27068 0.000000 0
27075 0.000000 0
27082 0.000000 0
27090 0.324116 0
27098 0.349123 0
27105 0.095992 0
27112 0.000000 0
27120 0.000000 0
27128 0.305144 0
27135 0.489948 0
27142 0.663658 0
27150 0.000000 0
27158 0.000000 0
27165 0.212348 0
27172 0.000000 0
27180 0.194649 0
27188 0.000000 0
27195 0.245774 0
27202 0.000000 0
27210 0.000000 0
27218 0.000000 0
27225 0.215100 0
27232 0.697075 0
27240 0.000000 0
27248 0.197912 0
27255 0.000000 0
27262 0.347095 0
27270 0.000000 0
27278 0.000000 0
27285 0.000000 0
27292 0.000000 0
27300 0.093085 0
27308 0.000000 0
27315 0.371852 0
27322 0.000000 0
27330 0.000000 0
27338 0.000000 0
27345 0.000000 0
27352 0.331107 0
27360 0.000000 0
27368 0.404972 0
27375 0.000000 0
27382 0.000000 0
27390 0.000000 0
27398 0.000000 0
27405 0.191170 0
27412 0.000000 0
27420 0.550949 0
27428 0.000000 0
27435 0.116222 0
27442 0.000000 0
27450 0.672598 0
27458 0.892886 0
27465 0.956127 0
27472 0.509696 0
27480 0.000000 0
27488 0.000000 0
27495 0.000000 0
27502 0.000000 0
27510 0.119331 0
27518 0.517735 0
27525 0.000000 0
27532 0.000000 0
27540 0.000000 0
27548 0.000000 0
27555 0.172666 0
27562 0.000000 0
27570 0.000000 0
27578 0.000000 0
27585 0.000000 0
27592 0.000000 0
27600 0.000000 0
27608 0.000000 0
27615 0.000000 0
27622 0.000000 0
27630 0.275635 0
27638 0.000000 0
27645 0.000000 0
27652 0.280547 0
27660 0.179487 0
27668 0.000000 0
27675 0.000000 0
27682 0.000000 0
27690 0.264847 0
27698 0.509115 0
27705 0.059926 0
27712 0.000000 0
27720 0.000000 0
27728 0.000000 0
27735 0.000000 0
27742 0.000000 0
27750 0.000000 0
27758 0.331676 0
27765 0.000000 0
27772 0.000000 0
27780 0.000000 0
27788 0.000000 0
27795 0.000000 0
27802 0.000000 0
27810 0.000000 0
27818 0.000000 0
27825 0.000000 0
27832 0.000000 0
27840 0.000000 0
27848 0.000000 0
27855 0.000000 0
27862 0.000000 0
27870 0.000000 0
27878 0.000000 0
27885 0.423311 0
27892 0.000000 0
27900 0.000000 0
27908 0.171793 0
27915 0.000000 0
27922 0.241922 0
27930 1.000000 0
27938 1.000000 0
27945 0.000000 0
27952 0.000000 0
27960 0.000000 0
27968 0.000000 0
27975 0.000000 0
27982 0.000000 0
27990 0.000000 0
27998 0.000000 0
28005 0.000000 0
28012 0.000000 0
28020 0.298759 0
28028 0.000000 0
28035 0.240885 0
28042 0.465156 0
28050 0.358377 0
28058 0.323754 0
28065 0.313580 0
28072 0.000000 0
28080 0.255559 0
28088 0.465528 0
28095 0.000000 0
28102 0.368672 0
28110 0.458636 0
28118 0.490210 0
28125 0.557022 0
28132 0.491243 0
28140 0.330856 0
28148 0.000000 0
28155 0.000000 0
28162 0.522553 0
28170 0.614120 0
28178 0.277781 0
28185 0.151253 0
28192 0.000000 0
28200 0.000000 0
28208 0.271443 0
28215 0.482469 0
28222 0.360035 0
28230 0.106960 0
28238 0.000000 0
28245 0.510734 0
28252 0.000000 0
28260 0.000000 0
28268 0.000000 0
28275 0.000000 0
28282 0.000000 0
28290 0.000000 0
28298 0.000000 0
28305 0.000000 0
28312 0.363723 0
28320 0.441052 0
28328 0.159516 0
28335 0.564933 0
28342 0.099188 0
28350 0.566245 0
28358 0.498154 0
28365 0.000000 0
28372 0.566770 0
28380 0.646599 0
28388 0.797819 0
28395 0.864509 0
28402 0.846648 0
28410 0.158442 0
28418 0.000000 0
28425 0.000000 0
28432 0.000000 0
28440 0.343700 0
28448 0.220662 0
28455 0.355613 0
28462 0.000000 0
28470 0.000000 0
28478 0.000000 0
28485 0.000000 0
28492 0.000000 0
28500 0.000000 0
28508 0.000000 0
28515 0.000000 0
28522 0.000000 0
28530 0.000000 0
28538 0.000000 0
28545 0.000000 0
28552 0.000000 0
28560 0.000000 0
28568 0.388673 0
28575 0.075122 0
28582 0.000000 0
28590 0.000000 0
28598 0.000000 0
28605 0.286046 0
28612 0.311963 0
28620 0.000000 0
28628 0.774681 0
28635 1.000000 0
28642 0.578916 0
28650 0.000000 0
28658 0.000000 0
28665 0.000000 0
28672 0.209513 0
28680 0.000000 0
28688 0.000000 0
28695 0.198075 0
28702 0.000000 0
28710 0.000000 0
28718 0.000000 0
28725 0.000000 0
28732 0.000000 0
28740 0.000000 0
28748 0.000000 0
28755 0.000000 0
28762 0.000000 0
28770 0.000000 0
28778 0.000000 0
28785 0.000000 0
28792 0.000000 0
28800 0.000000 1
28808 0.000000 1
28815 0.000000 1
28822 0.000000 1
28830 0.000000 1
28838 0.000000 1
28845 0.000000 1
28852 1.000000 0
28860 1.000000 0
28868 1.000000 0
28875 0.000000 0
28882 0.000000 0
28890 0.000000 0
28898 0.000000 0
28905 0.000000 0
28912 0.000000 0
28920 0.000000 0
28928 0.000000 0
28935 0.000000 0
28942 0.000000 0
28950 0.000000 0
28958 0.000000 0
28965 0.000000 0
28972 0.000000 0
28980 0.000000 0
28988 0.000000 0
28995 0.000000 0
29002 0.140850 0
29010 0.449489 0
29018 0.346369 0
29025 0.503670 0
29032 0.000000 0
29040 0.000000 0
29048 0.000000 0
29055 0.000000 0
29062 0.000000 0
29070 0.000000 0
29078 0.000000 0
29085 0.667262 0
29092 1.000000 0
29100 1.000000 0
29108 0.635767 0
29115 0.000000 0
29122 0.000000 0
29130 0.000000 0
29138 0.000000 0
29145 0.000000 0
29152 0.000000 0
29160 0.000000 0
29168 0.000000 0
29175 0.000000 0
29182 0.000000 0
29190 0.000000 0
29198 0.163168 0
29205 0.000000 0
29212 0.000000 0
29220 0.000000 0
29228 0.000000 0
29235 0.000000 0
29242 0.000000 0
29250 0.000000 0
29258 0.000000 0
29265 0.000000 0
29272 0.000000 0
29280 0.000000 0
29288 0.248860 0
29295 0.000000 0
29302 0.133083 0
29310 0.000000 0
29318 0.457177 0
29325 0.754994 0
29332 0.785254 0
29340 0.206251 0
29348 0.000000 0
29355 0.000000 0
29362 0.000000 0
29370 0.000000 0
29378 0.381006 0
29385 0.193649 0
29392 0.000000 0
29400 0.000000 0
29408 0.337236 0
29415 0.000000 0
29422 0.000000 0
29430 0.000000 0
29438 0.000000 0
29445 0.000000 0
29452 0.000000 0
29460 0.000000 0
29468 0.000000 0
29475 0.000000 0
29482 0.000000 0
29490 0.000000 0
29498 0.484071 0
29505 0.000000 0
29512 0.000000 0
29520 0.000000 0
29528 0.000000 0
29535 0.372487 0
29542 0.358833 0
29550 0.727169 0
29558 1.000000 0
29565 0.830871 0
29572 0.296215 0
29580 0.000000 0
29588 0.000000 0
29595 0.000000 0
29602 0.000000 0
29610 0.000000 0
29618 0.000000 0
29625 0.000000 0
29632 0.000000 0
29640 0.000000 0
29648 0.223195 0
29655 0.000000 0
29662 0.000000 0
29670 0.000000 0
29678 0.000000 0
29685 0.000000 0
29692 0.000000 0
29700 0.000000 0
29708 0.000000 0
29715 0.000000 0
29722 0.000000 0
29730 0.000000 0
29738 0.000000 0
29745 0.000000 0
29752 0.000000 0
29760 0.000000 0
29768 0.000000 0
29775 0.185436 0
29782 0.000000 0
29790 1.000000 0
29798 0.894044 0
29805 0.000000 0
29812 0.000000 0
29820 0.000000 0
29828 0.000000 0
29835 0.000000 0
29842 0.000000 0
29850 0.000000 0
29858 0.000000 0
29865 0.239459 0
29872 0.208604 0
29880 0.344810 0
29888 0.325715 0
29895 0.549246 0
29902 0.000000 0
29910 0.000000 0
29918 0.000000 0
29925 0.000000 0
29932 0.000000 0
29940 0.379851 0
29948 0.369306 0
29955 0.000000 0
29962 0.000000 0
29970 0.000000 0
29978 0.000000 0
29985 0.000000 0
29992 0.000000 0
30000 0.000000 0
30008 0.310716 0
30015 0.000000 0
30022 0.000000 0
30030 0.261694 0
30038 0.000000 0
30045 0.000000 0
30052 0.000000 0
30060 0.139875 0
30068 0.104920 0
30075 0.359828 0
30082 0.292781 0
30090 0.119424 0
30098 0.000000 0
30105 0.000000 0
30112 0.000000 0
30120 0.000000 0
30128 0.000000 0
30135 0.000000 0
30142 0.219342 0
30150 0.000000 0
30158 0.000000 0
30165 0.000000 0
30172 0.000000 0
30180 0.000000 0
30188 0.266376 0
30195 0.102638 0
30202 0.000000 0
30210 0.160196 0
30218 0.241401 0
30225 0.000000 0
30232 0.000000 0
30240 0.000000 0
30248 0.387190 0
30255 0.663791 0
30262 0.845155 0
30270 0.000000 0
30278 0.000000 0
30285 0.000000 0
30292 0.000000 0
30300 0.000000 0
30308 0.440736 0
30315 0.455035 0
30322 0.024041 0
30330 0.204658 0
30338 0.000000 0
30345 0.258823 0
30352 0.000000 0
30360 0.000000 0
30368 0.132201 0
30375 0.046511 0
30382 0.000000 0
30390 0.000000 0
30398 0.000000 0
30405 0.000000 0
30412 0.264980 0
30420 0.256861 0
30428 0.199532 0
30435 0.239137 0
30442 0.194995 0
30450 0.000000 0
30458 0.162054 0
30465 0.000000 0
30472 0.138347 0
30480 0.233811 0
30488 0.000000 0
30495 0.000000 0
30502 0.344868 0
30510 0.337153 0
30518 0.000000 0
30525 0.000000 0
30532 0.000000 0
30540 0.000000 0
30548 0.000000 0
30555 0.157725 0
30562 0.000000 0
30570 0.000000 0
30578 0.000000 0
30585 0.000000 0
30592 0.000000 0
30600 0.000000 0
30608 0.000000 0
30615 0.000000 0
30622 0.000000 0
30630 0.233447 0
30638 0.000000 0
30645 0.058108 0
30652 0.000000 0
30660 0.000000 0
30668 0.000000 0
30675 0.000000 0
30682 0.000000 0
30690 0.110883 0
30698 0.271941 0
30705 0.064654 0
30712 0.193811 0
30720 0.474713 0
30728 1.000000 0
30735 0.654065 0
30742 0.000000 0
30750 0.000000 0
30758 0.000000 0
30765 0.000000 0
30772 0.000000 0
30780 0.299739 0
30788 0.000000 0
30795 0.000000 0
30802 0.000000 0
30810 0.414065 0
30818 0.527312 0
30825 0.000000 0
30832 0.401313 0
30840 0.000000 0
30848 0.000000 0
30855 0.426289 0
30862 0.244113 0
30870 0.000000 0
30878 0.000000 0
30885 0.000000 0
30892 0.260193 0
30900 0.366329 0
30908 0.000000 0
30915 0.000000 0
30922 0.136562 0
30930 0.000000 0
30938 0.000000 0
30945 0.000000 0
30952 0.000000 0
30960 0.105325 0
30968 0.000000 0
30975 0.000000 0
30982 0.023572 0
30990 0.424527 0
30998 0.067045 0
31005 0.000000 0
31012 0.000000 0
31020 0.000000 0
31028 0.000000 0
31035 0.295248 0
31042 0.293054 0
31050 0.000000 0
31058 0.000000 0
31065 0.000000 0
31072 0.226086 0
31080 0.192428 0
31088 0.000000 0
31095 0.255016 0
31102 0.200855 0
31110 0.144682 0
31118 0.000000 0
31125 0.000000 0
31132 0.000000 0
31140 0.000000 0
31148 0.000000 0
31155 0.000000 0
31162 0.294676 0
31170 0.663873 0
31178 1.000000 0
31185 0.662684 0
31192 0.000000 0
31200 0.000000 0
31208 0.000000 0
31215 0.000000 0
31222 0.376175 0
31230 0.659280 0
31238 0.324730 0
31245 0.000000 0
31252 0.000000 0
31260 0.000000 0
31268 0.153758 0
31275 0.000000 0
31282 0.000000 0
31290 0.000000 0
31298 0.000000 0
31305 0.000000 0
31312 0.000000 0
31320 0.000000 0
31328 0.000000 0
31335 0.455012 0
31342 0.105716 0
31350 0.093289 0
31358 0.112368 0
31365 0.000000 0
31372 0.139027 0
31380 0.000000 0
31388 0.105247 0
31395 0.170789 0
31402 0.375893 0
31410 0.529970 0
31418 0.524268 0
31425 0.000000 0
31432 0.000000 0
31440 0.000000 0
31448 0.196370 0
31455 0.289713 0
31462 0.000000 0
31470 0.000000 0
31478 0.000000 0
31485 0.000000 0
31492 0.092850 0
31500 0.330512 0
31508 0.237090 0
31515 0.000000 0
31522 0.000000 0
31530 0.000000 0
31538 0.000000 0
31545 0.000000 0
31552 0.000000 0
31560 0.000000 0
31568 0.199452 0
31575 0.508144 0
31582 0.538679 0
31590 0.350002 0
31598 0.000000 0
31605 0.000000 0
31612 0.000000 0
31620 0.405686 0
31628 0.494474 0
31635 0.388437 0
31642 0.819300 0
31650 1.000000 0
31658 0.000000 0
31665 0.000000 0
31672 0.000000 0
31680 0.000000 0
31688 0.000000 0
31695 0.390196 0
31702 0.506208 0
31710 0.000000 0
31718 0.000000 0
31725 0.000000 0
31732 0.453435 0
31740 0.325682 0
31748 0.445122 0
31755 0.305608 0
31762 0.000000 0
31770 0.000000 0
31778 0.000000 0
31785 0.565426 0
31792 0.444919 0
31800 0.000000 0
31808 0.000000 0
31815 0.000000 0
31822 0.000000 0
31830 0.000000 0
31838 0.223452 0
31845 0.000000 0
31852 0.000000 0
31860 0.000000 0
31868 0.000000 0
31875 0.460407 0
31882 0.267595 0
31890 0.363125 0
31898 0.208644 0
31905 0.000000 0
31912 0.000000 0
31920 0.000000 0
31928 0.000000 0
31935 0.000000 0
31942 0.000000 0
31950 0.000000 0
31958 0.000000 0
31965 0.000000 0
31972 0.000000 0
31980 0.000000 0
31988 0.249150 0
31995 0.379886 0
32002 0.668071 0
32010 0.631295 0
32018 0.429116 0
32025 0.000000 0
32032 0.322582 0
32040 0.000000 0
32048 0.000000 0
32055 0.000000 0
32062 0.000000 0
32070 0.000000 0
32078 0.000000 0
32085 0.221733 0
32092 0.509428 0
32100 1.000000 0
32108 0.823539 0
32115 0.901041 0
32122 0.567718 0
32130 0.000000 0
32138 0.000000 0
32145 0.000000 0
32152 0.000000 0
32160 0.308028 0
32168 0.440707 0
32175 0.000000 0
32182 0.000000 0
32190 0.249483 0
32198 0.453384 0
32205 0.000000 0
32212 0.000000 0
32220 0.000000 0
32228 0.000000 0
32235 0.000000 0
32242 0.000000 0
32250 0.000000 0
32258 0.000000 0
32265 0.000000 0
32272 0.000000 0
32280 0.114855 0
32288 0.000000 0
32295 0.000000 0
32302 0.406664 0
32310 0.422379 0
32318 0.255293 0
32325 0.389297 0
32332 0.217307 0
32340 0.078338 0
32348 0.208411 0
32355 0.322001 0
32362 0.209946 0
32370 0.000000 0
32378 0.000000 0
32385 0.000000 0
32392 0.000000 0
32400 0.122045 0
32408 0.071249 0
32415 0.000000 0
32422 0.000000 0
32430 0.000000 0
32438 0.216803 0
32445 0.262122 0
32452 0.000000 0
32460 0.000000 0
32468 0.000000 0
32475 0.000000 0
32482 0.000000 0
32490 0.000000 0
32498 0.000000 0
32505 0.000000 0
32512 0.000000 0
32520 0.117159 0
32528 0.420210 0
32535 0.000000 0
32542 0.311012 0
32550 0.000000 0
32558 0.000000 0
32565 0.000000 0
32572 0.560154 0
32580 1.000000 0
32588 1.000000 0
32595 0.000000 0
32602 0.000000 0
32610 0.000000 0
32618 0.000000 0
32625 0.000000 0
32632 0.000000 0
32640 0.000000 0
32648 0.000000 0
32655 0.000000 0
32662 0.185765 0
32670 0.374848 0
32678 0.141570 0
32685 0.000000 0
32692 0.210726 0
32700 0.236667 0
32708 0.224054 0
32715 0.311559 0
32722 0.380482 0
32730 0.232545 0
32738 0.082559 0
32745 0.000000 0
32752 0.000000 0
32760 0.159464 0
32768 0.000000 0
32775 0.236339 0
32782 0.000000 0
32790 0.000000 0
32798 0.000000 0
32805 0.226773 0
32812 0.440712 0
32820 0.694112 0
32828 0.440546 0
32835 0.000000 0
32842 0.000000 0
32850 0.283019 0
32858 0.177002 0
32865 0.000000 0
32872 0.000000 0
32880 0.000000 0
32888 0.000000 0
32895 0.239459 0
32902 0.520681 0
32910 0.389861 0
32918 0.000000 0
32925 0.000000 0
32932 0.349271 0
32940 0.378323 0
32948 0.000000 0
32955 0.000000 0
32962 0.000000 0
32970 0.201942 0
32978 0.000000 0
32985 0.000000 0
32992 0.000000 0
33000 0.000000 0
33008 0.000000 0
33015 0.289745 0
33022 0.000000 0
33030 0.125197 0
33038 0.676736 0
33045 0.877935 0
33052 0.918023 0
33060 0.514452 0
33068 0.000000 0
33075 0.000000 0
33082 0.000000 0
33090 0.000000 0
33098 0.506070 0
33105 0.206812 0
33112 0.000000 0
33120 0.000000 0
33128 0.342216 0
33135 0.237192 0
33142 0.000000 0
33150 0.000000 0
33158 0.000000 0
33165 0.000000 0
33172 0.000000 0
33180 0.000000 0
33188 0.000000 0
33195 0.000000 0
33202 0.000000 0
33210 0.000000 0
33218 0.000000 0
33225 0.000000 0
33232 0.000000 0
33240 0.000000 0
33248 0.000000 0
33255 0.113368 0
33262 0.255384 0
33270 0.404869 0
33278 0.657948 0
33285 0.469153 0
33292 0.000000 0
33300 0.000000 0
33308 0.000000 0
33315 0.000000 0
33322 0.000000 0
33330 0.000000 0
33338 0.261375 0
33345 0.245481 0
33352 0.145497 0
33360 0.346961 0
33368 0.304287 0
33375 0.000000 0
33382 0.000000 0
33390 0.000000 0
33398 0.150014 0
33405 0.256497 0
33412 0.262181 0
33420 0.000000 0
33428 0.000000 0
33435 0.000000 0
33442 0.237969 0
33450 0.000000 0
33458 0.000000 0
33465 0.000000 0
33472 0.000000 0
33480 0.140124 0
33488 0.000000 0
33495 0.000000 0
33502 0.000000 0
33510 0.176544 0
33518 1.000000 0
33525 0.980930 0
33532 0.000000 0
33540 0.000000 0
33548 0.000000 0
33555 0.000000 0
33562 0.000000 0
33570 0.101968 0
33578 0.362085 0
33585 0.173461 0
33592 0.326301 0
33600 0.281568 0
33608 0.000000 0
33615 0.000000 0
33622 0.468326 0
33630 0.343475 0
33638 0.208105 0
33645 0.000000 0
33652 0.308812 0
33660 0.674018 0
33668 0.287747 0
33675 0.000000 0
33682 0.230640 0
33690 0.301969 0
33698 0.000000 0
33705 0.264526 0
33712 0.194424 0
33720 0.000000 0
33728 0.000000 0
33735 0.000000 0
33742 0.171105 0
33750 0.000000 0
33758 0.000000 0
33765 0.000000 0
33772 0.000000 0
33780 0.000000 0
33788 0.000000 0
33795 0.127504 0
33802 0.000000 0
33810 0.000000 0
33818 0.000000 0
33825 0.000000 0
33832 0.000000 0
33840 0.000000 0
33848 0.000000 0
33855 0.000000 0
33862 0.000000 0
33870 0.000000 0
33878 0.000000 0
33885 0.000000 0
33892 0.000000 0
33900 0.000000 0
33908 0.000000 0
33915 0.000000 0
33922 0.000000 0
33930 0.000000 0
33938 0.358705 0
33945 0.290446 0
33952 0.000000 0
33960 0.418050 0
33968 0.987726 0
33975 0.846482 0
33982 0.000000 0
33990 0.000000 0
33998 0.000000 0
34005 0.000000 0
34012 0.000000 0
34020 0.227933 0
34028 0.477863 0
34035 0.000000 0
34042 0.000000 0
34050 0.323307 0
34058 0.153762 0
34065 0.000000 0
34072 0.000000 0
34080 0.000000 0
34088 0.000000 0
34095 0.000000 0
34102 0.000000 0
34110 0.000000 0
34118 0.000000 0
34125 0.462205 0
34132 0.000000 0
34140 0.000000 0
34148 0.308116 0
34155 0.000000 0
34162 0.000000 0
34170 0.137474 0
34178 0.000000 0
34185 0.000000 0
34192 0.000000 0
34200 0.445149 0
34208 0.456022 0
34215 0.000000 0
34222 0.000000 0
34230 0.151998 0
34238 0.309738 0
34245 0.000000 0
34252 0.000000 0
34260 0.000000 0
34268 0.000000 0
34275 0.000000 0
34282 0.000000 0
34290 0.000000 0
34298 0.000000 0
34305 0.000000 0
34312 0.000000 0
34320 0.000000 0
34328 0.000000 0
34335 0.000000 0
34342 0.374637 0
34350 0.000000 0
34358 0.000000 0
34365 0.000000 0
34372 0.000000 0
34380 0.000000 0
34388 0.000000 0
34395 0.182239 0
34402 0.000000 0
34410 0.000000 0
34418 0.000000 0
34425 0.241767 0
34432 1.000000 0
34440 1.000000 0
34448 0.696924 0
34455 0.000000 0
34462 0.000000 0
34470 0.000000 0
34478 0.000000 0
34485 0.000000 0
34492 0.000000 0
34500 0.000000 0
34508 1.000000 0
34515 0.938067 0
34522 0.000000 0
34530 0.000000 0
34538 0.000000 0
34545 0.000000 0
34552 0.000000 0
34560 0.000000 0
34568 0.175787 0
34575 0.437017 0
34582 0.436947 0
34590 0.267110 0
34598 0.000000 0
34605 0.297057 0
34612 0.292113 0
34620 0.124823 0
34628 0.241295 0
34635 0.255209 0
34642 0.000000 0
34650 0.000000 0
34658 0.264395 0
34665 0.277466 0
34672 0.729743 0
34680 0.000000 0
34688 0.000000 0
34695 0.000000 0
34702 0.000000 0
34710 0.000000 0
34718 0.000000 0
34725 0.000000 0
34732 0.384681 0
34740 0.208632 0
34748 0.000000 0
34755 0.000000 0
34762 0.000000 0
34770 0.255520 0
34778 0.000000 0
34785 0.000000 0
34792 0.000000 0
34800 0.469725 0
34808 0.000000 0
34815 0.000000 0
34822 0.000000 0
34830 0.000000 0
34838 0.280024 0
34845 0.000000 0
34852 0.236849 0
34860 0.000000 0
34868 0.338628 0
34875 0.000000 0
34882 0.167716 0
34890 0.904861 0
34898 0.799064 0
34905 0.897267 0
34912 0.654688 0
34920 0.000000 0
34928 0.000000 0
34935 0.000000 0
34942 0.000000 0
34950 0.203458 0
34958 0.535930 0
34965 0.000000 0
34972 0.000000 0
34980 0.000000 0
34988 0.231822 0
34995 0.115610 0
35002 0.000000 0
35010 0.000000 0
35018 0.000000 0
35025 0.000000 0
35032 0.000000 0
35040 0.000000 0
35048 0.000000 0
35055 0.000000 0
35062 0.000000 0
35070 0.269887 0
35078 0.096255 0
35085 0.000000 0
35092 0.000000 0
35100 0.241252 0
35108 0.000000 0
35115 0.000000 0
35122 0.000000 0
35130 0.000000 0
35138 0.392079 0
35145 0.474419 0
35152 0.000000 0
35160 0.000000 0
35168 0.000000 0
35175 0.000000 0
35182 0.000000 0
35190 0.000000 0
35198 0.000000 0
35205 0.155253 0
35212 0.000000 0
35220 0.000000 0
35228 0.000000 0
35235 0.000000 0
35242 0.326412 0
35250 0.000000 0
35258 0.000000 0
35265 0.000000 0
35272 0.000000 0
35280 0.126082 0
35288 0.000000 0
35295 0.000000 0
35302 0.000000 0
35310 0.000000 0
35318 0.000000 0
35325 0.000000 0
35332 0.000000 0
35340 0.000000 0
35348 0.000000 0
35355 0.044902 0
35362 0.000000 0
35370 1.000000 0
35378 1.000000 0
35385 0.295383 0
35392 0.000000 0
35400 0.000000 0
35408 0.000000 0
35415 0.000000 0
35422 0.000000 0
35430 0.324145 0
35438 0.000000 0
35445 0.000000 0
35452 0.000000 0
35460 0.229357 0
35468 0.117439 0
35475 0.000000 0
35482 0.218849 0
35490 0.453933 0
35498 0.413841 0
35505 0.404458 0
35512 0.409334 0
35520 0.473684 0
35528 0.161609 0
35535 0.000000 0
35542 0.000000 0
35550 0.134483 0
35558 0.444076 0
35565 0.401610 0
35572 0.329613 0
35580 0.486437 0
35588 0.120483 0
35595 0.068234 0
35602 0.000000 0
35610 0.507775 0
35618 0.310555 0
35625 0.147327 0
35632 0.000000 0
35640 0.000000 0
35648 0.000000 0
35655 0.309642 0
35662 0.000000 0
35670 0.000000 0
35678 0.000000 0
35685 0.120586 0
35692 0.270754 0
35700 0.377535 0
35708 0.381750 0
35715 0.206994 0
35722 0.000000 0
35730 0.000000 0
35738 0.000000 0
35745 0.000000 0
35752 0.000000 0
35760 0.418437 0
35768 0.478778 0
35775 0.582831 0
35782 0.383587 0
35790 0.000000 0
35798 0.549469 0
35805 0.000000 0
35812 0.579851 0
35820 0.739691 0
35828 0.908446 0
35835 0.828186 0
35842 1.000000 0
35850 0.455858 0
35858 0.000000 0
35865 0.000000 0
35872 0.000000 0
35880 0.000000 0
35888 0.317697 0
35895 0.487379 0
35902 0.000000 0
35910 0.000000 0
35918 0.264783 0
35925 0.237773 0
35932 0.000000 0
35940 0.356827 0
35948 0.000000 0
35955 0.000000 0
35962 0.000000 0
35970 0.000000 0
35978 0.000000 0
35985 0.000000 0
35992 0.000000 0
36000 0.000000 0
36008 0.204803 0
36015 0.000000 0
36022 0.000000 0
36030 0.000000 0
36038 0.000000 0
36045 0.266941 0
36052 0.323336 0
36060 0.000000 0
36068 0.450191 0
36075 1.000000 0
36082 0.790130 0
36090 0.000000 0
36098 0.000000 0
36105 0.000000 0
36112 0.000000 0
36120 0.000000 0
36128 0.000000 0
36135 0.195179 0
36142 0.000000 0
36150 0.000000 0
36158 0.000000 0
36165 0.000000 0
36172 0.364774 0
36180 0.000000 0
36188 0.000000 0
36195 0.000000 0
36202 0.000000 0
36210 0.000000 0
36218 0.000000 0
36225 0.000000 0
36232 0.000000 0
36240 0.000000 0
36248 0.000000 0
36255 0.000000 0
36262 0.000000 0
36270 0.000000 0
36278 0.000000 0
36285 0.000000 0
36292 1.000000 0
36300 1.000000 0
36308 1.000000 0
36315 0.000000 0
36322 0.000000 0
36330 0.000000 0
36338 0.000000 0
36345 0.000000 0
36352 0.144736 0
36360 0.285616 0
36368 0.000000 0
36375 0.000000 0
36382 0.000000 0
36390 0.213422 0
36398 0.259139 0
36405 0.401391 0
36412 0.314754 0
36420 0.000000 0
36428 0.063103 0
36435 0.241963 0
36442 0.000000 0
36450 0.148035 0
36458 0.338677 0
36465 0.083294 0
36472 0.000000 0
36480 0.000000 0
36488 0.000000 0
36495 0.000000 0
36502 0.000000 0
36510 0.295340 0
36518 0.187110 0
36525 0.310251 0
36532 0.232962 0
36540 0.000000 0
36548 0.000000 0
36555 0.000000 0
36562 0.000000 0
36570 0.000000 0
36578 0.000000 0
36585 0.000000 0
36592 0.000000 0
36600 0.000000 0
36608 0.000000 0
36615 0.000000 0
36622 0.137460 0
36630 0.358092 0
36638 0.000000 0
36645 0.000000 0
36652 0.000000 0
36660 0.000000 0
36668 0.000000 0
36675 0.220482 0
36682 0.000000 0
36690 0.000000 0
36698 0.000000 0
36705 0.000000 0
36712 0.000000 0
36720 0.000000 0
36728 0.000000 0
36735 0.000000 0
36742 0.000000 0
36750 0.305377 0
36758 0.538740 0
36765 0.902497 0
36772 0.949559 0
36780 0.000000 0
36788 0.000000 0
36795 0.000000 0
36802 0.000000 0
36810 0.000000 0
36818 0.000000 0
36825 0.195089 0
36832 0.000000 0
36840 0.000000 0
36848 0.222905 0
36855 0.000000 0
36862 0.000000 0
36870 0.000000 0
36878 0.000000 0
36885 0.000000 0
36892 0.000000 0
36900 0.000000 0
36908 0.428098 0
36915 0.532595 0
36922 0.359657 0
36930 0.000000 0
36938 0.000000 0
36945 0.000000 0
36952 0.000000 0
36960 0.325214 0
36968 0.000000 0
36975 0.000000 0
36982 0.393098 0
36990 0.000000 0
36998 0.000000 0
37005 0.187735 0
37012 0.000000 0
37020 0.000000 0
37028 0.000000 0
37035 0.000000 0
37042 0.000000 0
37050 0.262954 0
37058 0.505396 0
37065 0.000000 0
37072 0.000000 0
37080 0.000000 0
37088 0.000000 0
37095 0.000000 0
37102 0.000000 0
37110 0.135659 0
37118 0.000000 0
37125 0.000000 0
37132 0.000000 0
37140 0.322813 0
37148 0.000000 0
37155 0.000000 0
37162 0.183620 0
37170 0.179859 0
37178 0.329201 0
37185 0.415464 0
37192 0.000000 0
37200 0.121152 0
37208 0.145166 0
37215 0.175577 0
37222 0.000000 0
37230 0.000000 0
37238 0.805606 0
37245 0.802809 0
37252 0.000000 0
37260 0.000000 0
37268 0.000000 0
37275 0.000000 0
37282 0.412871 0
37290 0.455558 0
37298 0.190520 0
37305 0.000000 0
37312 0.000000 0
37320 0.349297 0
37328 0.051825 0
37335 0.000000 0
37342 0.000000 0
37350 0.000000 0
37358 0.243269 0
37365 0.330710 0
37372 0.354588 0
37380 0.291845 0
37388 0.340816 0
37395 0.268785 0
37402 0.294035 0
37410 0.422179 0
37418 0.000000 0
37425 0.000000 0
37432 0.000000 0
37440 0.236412 0
37448 0.000000 0
37455 0.000000 0
37462 0.345823 0
37470 0.556348 0
37478 0.412896 0
37485 0.101932 0
37492 0.000000 0
37500 0.000000 0
37508 0.000000 0
37515 0.000000 0
37522 0.000000 0
37530 0.156634 0
37538 0.000000 0
37545 0.000000 0
37552 0.000000 0
37560 0.172633 0
37568 0.000000 0
37575 0.000000 0
37582 0.000000 0
37590 0.000000 0
37598 0.291122 0
37605 0.508957 0
37612 0.222402 0
37620 0.000000 0
37628 0.000000 0
37635 0.350048 0
37642 0.000000 0
37650 0.328619 0
37658 0.389751 0
37665 0.308971 0
37672 0.000000 0
37680 0.000000 0
37688 0.000000 0
37695 0.000000 0
37702 0.564828 0
37710 0.789227 0
37718 0.000000 0
37725 0.000000 0
37732 0.000000 0
37740 0.000000 0
37748 0.000000 0
37755 0.125473 0
37762 0.330356 0
37770 0.000000 0
37778 0.107346 0
37785 0.209544 0
37792 0.457924 0
37800 0.128230 0
37808 0.000000 0
37815 0.000000 0
37822 0.000000 0
37830 0.000000 0
37838 0.000000 0
37845 0.000000 0
37852 0.194827 0
37860 0.197323 0
37868 0.237738 0
37875 0.076535 0
37882 0.000000 0
37890 0.000000 0
37898 0.000000 0
37905 0.277738 0
37912 0.148651 0
37920 0.000000 0
37928 0.396762 0
37935 0.276639 0
37942 0.000000 0
37950 0.000000 0
37958 0.000000 0
37965 0.274045 0
37972 0.167479 0
37980 0.186679 0
37988 0.000000 0
37995 0.000000 0
38002 0.000000 0
38010 0.000000 0
38018 0.000000 0
38025 0.156016 0
38032 0.000000 0
38040 0.000000 0
38048 0.000000 0
38055 0.000000 0
38062 0.000000 0
38070 0.398300 0
38078 0.000000 0
38085 0.000000 0
38092 0.209351 0
38100 0.373816 0
38108 0.385402 0
38115 0.331921 0
38122 0.000000 0
38130 0.000000 0
38138 0.000000 0
38145 0.000000 0
38152 0.234544 0
38160 0.713354 0
38168 0.711459 0
38175 0.000000 0
38182 0.000000 0
38190 0.000000 0
38198 0.000000 0
38205 0.233799 0
38212 0.038975 0
38220 0.192448 0
38228 0.000000 0
38235 0.245629 0
38242 0.314304 0
38250 0.465578 0
38258 0.385380 0
38265 0.000000 0
38272 0.000000 0
38280 0.000000 0
38288 0.332066 0
38295 0.000000 0
38302 0.000000 0
38310 0.291284 0
38318 0.000000 0
38325 0.139557 0
38332 0.000000 0
38340 0.000000 0
38348 0.101494 0
38355 0.144077 0
38362 0.000000 0
38370 0.000000 0
38378 0.460860 0
38385 0.000000 0
38392 0.000000 0
38400 0.000000 0
38408 0.000000 0
38415 0.000000 0
38422 0.000000 0
38430 0.048504 0
38438 0.181468 0
38445 0.000000 0
38452 0.000000 0
38460 0.000000 0
38468 0.288777 0
38475 0.309879 0
38482 0.000000 0
38490 0.238741 0
38498 0.206930 0
38505 0.000000 0
38512 0.000000 0
38520 0.000000 0
38528 0.000000 0
38535 0.000000 0
38542 0.109375 0
38550 0.000000 0
38558 0.000000 0
38565 0.116718 0
38572 0.197006 0
38580 0.000000 0
38588 0.000000 0
38595 0.000000 0
38602 0.000000 0
38610 0.136681 0
38618 0.449978 0
38625 0.857055 0
38632 0.884764 0
38640 0.000000 0
38648 0.000000 0
38655 0.000000 0
38662 0.000000 0
38670 0.118311 0
38678 0.535697 0
38685 0.442427 0
38692 0.000000 0
38700 0.243822 0
38708 0.542688 0
38715 0.323907 0
38722 0.000000 0
38730 0.000000 0
38738 0.000000 0
38745 0.000000 0
38752 0.000000 0
38760 0.129729 0
38768 0.000000 0
38775 0.000000 0
38782 0.000000 0
38790 0.000000 0
38798 0.263332 0
38805 0.000000 0
38812 0.000000 0
38820 0.000000 0
38828 0.000000 0
38835 0.000000 0
38842 0.000000 0
38850 0.000000 0
38858 0.371265 0
38865 0.551889 0
38872 0.166970 0
38880 0.000000 0
38888 0.278653 0
38895 0.000000 0
38902 0.312556 0
38910 0.000000 0
38918 0.000000 0
38925 0.119833 0
38932 0.000000 0
38940 0.114055 0
38948 0.000000 0
38955 0.000000 0
38962 0.285163 0
38970 0.000000 0
38978 0.000000 0
38985 0.000000 0
38992 0.081999 0
39000 0.275816 0
39008 0.000000 0
39015 0.192921 0
39022 0.109251 0
39030 0.269757 0
39038 0.000000 0
39045 0.000000 0
39052 0.000000 0
39060 0.000000 0
39068 0.214065 0
39075 0.164304 0
39082 0.000000 0
39090 0.000000 0
39098 1.000000 0
39105 0.880968 0
39112 0.000000 0
39120 0.000000 0
39128 0.000000 0
39135 0.000000 0
39142 0.000000 0
39150 0.437760 0
39158 0.000000 0
39165 0.000000 0
39172 0.050318 0
39180 0.251673 0
39188 0.507673 0
39195 0.000000 0
39202 0.000000 0
39210 0.000000 0
39218 0.000000 0
39225 0.000000 0
39232 0.192311 0
39240 0.293608 0
39248 0.262473 0
39255 0.000000 0
39262 0.000000 0
39270 0.000000 0
39278 0.000000 0
39285 0.332977 0
39292 0.000000 0
39300 0.000000 0
39308 0.000000 0
39315 0.000000 0
39322 0.302005 0
39330 0.418725 0
39338 0.544347 0
39345 0.253894 0
39352 0.000000 0
39360 0.000000 0
39368 0.000000 0
39375 0.000000 0
39382 0.367163 0
39390 0.000000 0
39398 0.000000 0
39405 0.000000 0
39412 0.000000 0
39420 0.538505 0
39428 0.394817 0
39435 0.387194 0
39442 0.300279 0
39450 0.527751 0
39458 0.580033 0
39465 0.283000 0
39472 0.000000 0
39480 0.000000 0
39488 0.000000 0
39495 0.000000 0
39502 0.000000 0
39510 0.585322 0
39518 0.469606 0
39525 0.000000 0
39532 0.000000 0
39540 0.324879 0
39548 0.478820 0
39555 0.555255 0
39562 1.000000 0
39570 0.780223 0
39578 0.000000 0
39585 0.000000 0
39592 0.000000 0
39600 0.000000 0
39608 0.000000 0
39615 0.440821 0
39622 0.374969 0
39630 0.174816 0
39638 0.174647 0
39645 0.292455 0
39652 0.000000 0
39660 0.000000 0
39668 0.126912 0
39675 0.403872 0
39682 0.000000 0
39690 0.000000 0
39698 0.000000 0
39705 0.000000 0
39712 0.000000 0
39720 0.000000 0
39728 0.000000 0
39735 0.000000 0
39742 0.000000 0
39750 0.489647 0
39758 0.241589 0
39765 0.474967 0
39772 0.536219 0
39780 0.709341 0
39788 0.706559 0
39795 0.338221 0
39802 0.281974 0
39810 0.386146 0
39818 0.250388 0
39825 0.000000 0
39832 0.000000 0
39840 0.192885 0
39848 0.000000 0
39855 0.000000 0
39862 0.093100 0
39870 0.481374 0
39878 0.000000 0
39885 0.000000 0
39892 0.000000 0
39900 0.000000 0
39908 0.363641 0
39915 0.000000 0
39922 0.000000 0
39930 0.000000 0
39938 0.000000 0
39945 0.000000 0
39952 0.000000 0
39960 0.000000 0
39968 0.175469 0
39975 0.263905 0
39982 0.000000 0
39990 0.000000 0
39998 0.000000 0
40005 0.000000 0
40012 1.000000 0
40020 1.000000 0
40028 0.333496 0
40035 0.000000 0
40042 0.000000 0
40050 0.000000 0
40058 0.000000 0
40065 0.000000 0
40072 0.000000 0
40080 0.000000 0
40088 0.000000 0
40095 0.148726 0
40102 0.222846 0
40110 0.231234 0
40118 0.000000 0
40125 0.000000 0
40132 0.136773 0
40140 0.349415 0
40148 0.000000 0
40155 0.388875 0
40162 0.117830 0
40170 0.225753 0
40178 0.000000 0
40185 0.000000 0
40192 0.185590 0
40200 0.275285 0
40208 0.098574 0
40215 0.000000 0
40222 0.187731 0
40230 0.000000 0
40238 0.441388 0
40245 0.363609 0
40252 0.338716 0
40260 0.669596 0
40268 0.390557 0
40275 0.000000 0
40282 0.000000 0
40290 0.283432 0
40298 0.000000 0
40305 0.289209 0
40312 0.349307 0
40320 0.000000 0
40328 0.000000 0
40335 0.000000 0
40342 0.000000 0
40350 0.267146 0
40358 0.000000 0
40365 0.000000 0
40372 0.000000 0
40380 0.000000 0
40388 0.000000 0
40395 0.306609 0
40402 0.130511 0
40410 0.060801 0
40418 0.000000 0
40425 0.000000 0
40432 0.000000 0
40440 0.000000 0
40448 0.000000 0
40455 0.000000 0
40462 0.276270 0
40470 0.759824 0
40478 1.000000 0
40485 1.000000 0
40492 0.611178 0
40500 0.000000 0
40508 0.000000 0
40515 0.000000 0
40522 0.000000 0
40530 0.588717 0
40538 0.639593 0
40545 0.295573 0
40552 0.000000 0
40560 0.000000 0
40568 0.000000 0
40575 0.000000 0
40582 0.000000 0
40590 0.000000 0
40598 0.000000 0
40605 0.000000 0
40612 0.000000 0
40620 0.000000 0
40628 0.000000 0
40635 0.000000 0
40642 0.306372 0
40650 0.000000 0
40658 0.000000 0
40665 0.000000 0
40672 0.000000 0
40680 0.340147 0
40688 0.000000 0
40695 0.000000 0
40702 0.000000 0
40710 0.000000 0
40718 0.493633 0
40725 0.540413 0
40732 0.505728 0
40740 0.192737 0
40748 0.000000 0
40755 0.000000 0
40762 0.000000 0
40770 0.000000 0
40778 0.000000 0
40785 0.000000 0
40792 0.000000 0
40800 0.000000 0
40808 0.000000 0
40815 0.000000 0
40822 0.000000 0
40830 0.000000 0
40838 0.000000 0
40845 0.000000 0
40852 0.192207 0
40860 0.000000 0
40868 0.000000 0
40875 0.000000 0
40882 0.136649 0
40890 0.000000 0
40898 0.000000 0
40905 0.000000 0
40912 0.000000 0
40920 0.000000 0
40928 0.000000 0
40935 0.000000 0
40942 0.000000 0
40950 1.000000 0
40958 1.000000 0
40965 0.340214 0
40972 0.000000 0
40980 0.000000 0
40988 0.000000 0
40995 0.000000 0
41002 0.368118 0
41010 0.346915 0
41018 0.000000 0
41025 0.000000 0
41032 0.277245 0
41040 0.331084 0
41048 0.000000 0
41055 0.000000 0
41062 0.000000 0
41070 0.220674 0
41078 0.000000 0
41085 0.000000 0
41092 0.000000 0
41100 0.164678 0
41108 0.000000 0
41115 0.000000 0
41122 0.000000 0
41130 0.287436 0
41138 0.000000 0
41145 0.000000 0
41152 0.000000 0
41160 0.000000 0
41168 0.000000 0
41175 0.053434 0
41182 0.000000 0
41190 0.482886 0
41198 0.315705 0
41205 0.177199 0
41212 0.000000 0
41220 0.000000 0
41228 0.000000 0
41235 0.000000 0
41242 0.000000 0
41250 0.000000 0
41258 0.000000 0
41265 0.000000 0
41272 0.145777 0
41280 0.000000 0
41288 0.000000 0
41295 0.000000 0
41302 0.000000 0
41310 0.000000 0
41318 0.259863 0
41325 0.419829 0
41332 0.667440 0
41340 0.473187 0
41348 0.062686 0
41355 0.298222 0
41362 0.302594 0
41370 0.000000 0
41378 0.000000 0
41385 0.000000 0
41392 0.000000 0
41400 0.000000 0
41408 0.155865 0
41415 0.422505 0
41422 0.791593 0
41430 0.377367 0
41438 0.000000 0
41445 0.000000 0
41452 0.000000 0
41460 0.000000 0
41468 0.441813 0
41475 0.505321 0
41482 0.000000 0
41490 0.000000 0
41498 0.276293 0
41505 0.323431 0
41512 0.000000 0
41520 0.000000 0
41528 0.121737 0
41535 0.000000 0
41542 0.000000 0
41550 0.000000 0
41558 0.335758 0
41565 0.000000 0
41572 0.000000 0
41580 0.000000 0
41588 0.000000 0
41595 0.000000 0
41602 0.000000 0
41610 0.090370 0
41618 0.271840 0
41625 0.297931 0
41632 0.000000 0
41640 0.000000 0
41648 0.000000 0
41655 0.343084 0
41662 0.370474 0
41670 0.498661 0
41678 0.361778 0
41685 0.177327 0
41692 0.000000 0
41700 0.000000 0
41708 0.000000 0
41715 0.000000 0
41722 0.166980 0
41730 0.000000 0
41738 0.000000 0
41745 0.000000 0
41752 0.000000 0
41760 0.000000 0
41768 0.000000 0
41775 0.000000 0
41782 0.277819 0
41790 0.000000 0
41798 0.000000 0
41805 0.000000 0
41812 0.000000 0
41820 0.000000 0
41828 0.000000 0
41835 0.168000 0
41842 0.000000 0
41850 0.000000 0
41858 0.242989 0
41865 0.000000 0
41872 0.000000 0
41880 0.335540 0
41888 0.772441 0
41895 0.825146 0
41902 0.069050 0
41910 0.000000 0
41918 0.000000 0
41925 0.000000 0
41932 0.000000 0
41940 0.000000 0
41948 0.000000 0
41955 0.000000 0
41962 0.262700 0
41970 0.000000 0
41978 0.239057 0
41985 0.287666 0
41992 0.413414 0
42000 0.231030 0
42008 0.300179 0
42015 0.517468 0
42022 0.457951 0
42030 0.000000 0
42038 0.178486 0
42045 0.000000 0
42052 0.000000 0
42060 0.070800 0
42068 0.146119 0
42075 0.000000 0
42082 0.000000 0
42090 0.000000 0
42098 0.169600 0
42105 0.329184 0
42112 0.329837 0
42120 0.305720 0
42128 0.562978 0
42135 0.000000 0
42142 0.235621 0
42150 0.000000 0
42158 0.000000 0
42165 0.136101 0
42172 0.000000 0
42180 0.000000 0
42188 0.000000 0
42195 0.325535 0
42202 0.287653 0
42210 0.455941 0
42218 0.000000 0
42225 0.000000 0
42232 0.000000 0
42240 0.000000 0
42248 0.540110 0
42255 0.780946 0
42262 0.822117 0
42270 0.679189 0
42278 0.278458 0
42285 0.000000 0
42292 0.000000 0
42300 0.000000 0
42308 0.000000 0
42315 0.495443 0
42322 0.224134 0
42330 0.000000 0
42338 0.000000 0
42345 0.236707 0
42352 0.631468 0
42360 0.788137 0
42368 0.447306 0
42375 0.000000 0
42382 0.000000 0
42390 0.000000 0
42398 0.000000 0
42405 0.478238 0
42412 0.572238 0
42420 0.430012 0
42428 0.000000 0
42435 0.169724 0
42442 0.355856 0
42450 0.000000 0
42458 0.000000 0
42465 0.000000 0
42472 0.000000 0
42480 0.000000 0
42488 0.000000 0
42495 0.000000 0
42502 0.000000 0
42510 0.000000 0
42518 0.000000 0
42525 0.326071 0
42532 0.115674 0
42540 0.000000 0
42548 0.000000 0
42555 0.000000 0
42562 0.223324 0
42570 0.274680 0
42578 0.458340 0
42585 0.654227 0
42592 0.222368 0
42600 0.000000 0
42608 0.000000 0
42615 0.066570 0
42622 0.138522 0
42630 0.000000 0
42638 0.000000 0
42645 0.000000 0
42652 0.000000 0
42660 0.000000 0
42668 0.000000 0
42675 0.000000 0
42682 0.000000 0
42690 0.339150 0
42698 0.000000 0
42705 0.000000 0
42712 0.000000 0
42720 0.038377 0
42728 0.000000 0
42735 0.000000 0
42742 0.000000 0
42750 0.287019 0
42758 0.335511 0
42765 0.000000 0
42772 0.183286 0
42780 0.192106 0
42788 0.000000 0
42795 0.000000 0
42802 0.297566 0
42810 0.931162 0
42818 1.000000 0
42825 0.000000 0
42832 0.000000 0
42840 0.000000 0
42848 0.000000 0
42855 0.000000 0
42862 0.192189 0
42870 0.115403 0
42878 0.045389 0
42885 0.148062 0
42892 0.133195 0
42900 0.395485 0
42908 0.183514 0
42915 0.000000 0
42922 0.000000 0
42930 0.000000 0
42938 0.229260 0
42945 0.000000 0
42952 0.000000 0
42960 0.215275 0
42968 0.253236 0
42975 0.000000 0
42982 0.000000 0
42990 0.051754 0
42998 0.000000 0
43005 0.145857 0
43012 0.000000 0
43020 0.210082 0
43028 0.267027 0
43035 0.000000 0
43042 0.326726 0
43050 0.256000 0
43058 0.289606 0
43065 0.000000 0
43072 0.000000 0
43080 0.000000 0
43088 0.000000 0
43095 0.582997 0
43102 0.329067 0
43110 0.207832 0
43118 0.000000 0
43125 0.000000 0
43132 0.000000 0
43140 0.000000 0
43148 0.000000 0
43155 0.117473 0
43162 0.000000 0
43170 0.000000 0
43178 0.000000 0
43185 0.000000 0
43192 0.184281 0
43200 0.458579 0
43208 0.198989 0
43215 0.000000 0
43222 0.000000 0
43230 0.302483 0
43238 0.557877 0
43245 0.000000 0
43252 0.000000 0
43260 0.216100 0
43268 0.465030 0
43275 0.874899 0
43282 1.000000 0
43290 0.574284 0
43298 0.000000 0
43305 0.000000 0
43312 0.000000 0
43320 0.000000 0
43328 0.295224 0
43335 0.485430 0
43342 0.190667 0
43350 0.000000 0
43358 0.000000 0
43365 0.310142 0
43372 0.000000 0
43380 0.000000 0
43388 0.000000 0
43395 0.000000 0
43402 0.000000 0
43410 0.000000 0
43418 0.000000 0
43425 0.000000 0
43432 0.325274 0
43440 0.357302 0
43448 0.330272 0
43455 0.000000 0
43462 0.000000 0
43470 0.000000 0
43478 0.000000 0
43485 0.273925 0
43492 0.306760 0
43500 0.193141 0
43508 0.547812 0
43515 0.516225 0
43522 0.553676 0
43530 0.439527 0
43538 0.326823 0
43545 0.171622 0
43552 0.339364 0
43560 0.000000 0
43568 0.000000 0
43575 0.000000 0
43582 0.000000 0
43590 0.000000 0
43598 0.410169 0
43605 0.464100 0
43612 0.000000 0
43620 0.000000 0
43628 0.000000 0
43635 0.000000 0
43642 0.000000 0
43650 0.000000 0
43658 0.233172 0
43665 0.115371 0
43672 0.000000 0
43680 0.000000 0
43688 0.000000 0
43695 0.160423 0
43702 0.205716 0
43710 0.068500 0
43718 0.566040 0
43725 0.441171 0
43732 0.398448 0
43740 0.705792 0
43748 1.000000 0
43755 1.000000 0
43762 0.000000 0
43770 0.000000 0
43778 0.000000 0
43785 0.000000 0
43792 0.000000 0
43800 0.409064 0
43808 0.404237 0
43815 0.236839 0
43822 0.145741 0
43830 0.000000 0
43838 0.511596 0
43845 0.000000 0
43852 0.000000 0
43860 0.000000 0
43868 0.000000 0
43875 0.000000 0
43882 0.000000 0
43890 0.210883 0
43898 0.297862 0
43905 0.323137 0
43912 0.421663 0
43920 0.558998 0
43928 0.000000 0
43935 0.000000 0
43942 0.000000 0
43950 0.000000 0
43958 0.000000 0
43965 0.000000 0
43972 0.332162 0
43980 0.547506 0
43988 1.000000 0
43995 0.769275 0
44002 0.000000 0
44010 0.000000 0
44018 0.000000 0
44025 0.000000 0
44032 0.000000 0
44040 0.226577 0
44048 0.206855 0
44055 0.000000 0
44062 0.000000 0
44070 0.000000 0
44078 0.000000 0
44085 0.000000 0
44092 0.000000 0
44100 0.224303 0
44108 0.246756 0
44115 0.000000 0
44122 0.048545 0
44130 0.000000 0
44138 0.000000 0
44145 0.000000 0
44152 0.000000 0
44160 0.000000 0
44168 0.000000 0
44175 0.000000 0
44182 0.289556 0
44190 0.455265 0
44198 0.341070 0
44205 0.509969 0
44212 0.561353 0
44220 0.654300 0
44228 0.432485 0
44235 0.000000 0
44242 0.000000 0
44250 0.000000 0
44258 0.000000 0
44265 0.508898 0
44272 0.424554 0
44280 0.000000 0
44288 0.000000 0
44295 0.262949 0
44302 0.312362 0
44310 0.233806 0
44318 0.000000 0
44325 0.000000 0
44332 0.000000 0
44340 0.000000 0
44348 0.000000 0
44355 0.000000 0
44362 0.000000 0
44370 0.000000 0
44378 0.000000 0
44385 0.531866 0
44392 0.182306 0
44400 0.000000 0
44408 0.000000 0
44415 0.000000 0
44422 0.186290 0
44430 0.279649 0
44438 0.684370 0
44445 0.658989 0
44452 0.192907 0
44460 0.079864 0
44468 0.000000 0
44475 0.000000 0
44482 0.000000 0
44490 0.000000 0
44498 0.000000 0
44505 0.343450 0
44512 0.102049 0
44520 0.000000 0
44528 0.000000 0
44535 0.000000 0
44542 0.000000 0
44550 0.000000 0
44558 0.000000 0
44565 0.000000 0
44572 0.079420 0
44580 0.000000 0
44588 0.000000 0
44595 0.000000 0
44602 0.000000 0
44610 0.000000 0
44618 0.000000 0
44625 0.000000 0
44632 0.328609 0
44640 0.181453 0
44648 0.000000 0
44655 0.000000 0
44662 0.000000 0
44670 0.996046 0
44678 0.791249 0
44685 0.000000 0
44692 0.000000 0
44700 0.000000 0
44708 0.000000 0
44715 0.000000 0
44722 0.000000 0
44730 0.007499 0
44738 0.000000 0
44745 0.000000 0
44752 0.436514 0
44760 0.524092 0
44768 0.272086 0
44775 0.000000 0
44782 0.000000 0
44790 0.053714 0
44798 0.000000 0
44805 0.000000 0
44812 0.000000 0
44820 0.000000 0
44828 0.000000 0
44835 0.000000 0
44842 0.000000 0
44850 0.000000 0
44858 0.197735 0
44865 0.348286 0
44872 0.204354 0
44880 0.000000 0
44888 0.000000 0
44895 0.000000 0
44902 0.000000 0
44910 0.365225 0
44918 0.000000 0
44925 0.000000 0
44932 0.181102 0
44940 0.000000 0
44948 0.000000 0
44955 0.000000 0
44962 0.303721 0
44970 0.577361 0
44978 0.331036 0
44985 0.000000 0
44992 0.198164 0
45000 0.000000 0
45008 0.325590 0
45015 0.000000 0
45022 0.000000 0
45030 0.000000 0
45038 0.028661 0
45045 0.000000 0
45052 0.000000 0
45060 0.000000 0
45068 0.000000 0
45075 0.266239 0
45082 0.403360 0
45090 0.436471 0
45098 0.000000 0
45105 0.000000 0
45112 0.000000 0
45120 0.109736 0
45128 0.581146 0
45135 0.940722 0
45142 0.838368 0
45150 0.000000 0
45158 0.000000 0
45165 0.000000 0
45172 0.000000 0
45180 0.138827 0
45188 0.541267 0
45195 0.347189 0
45202 0.000000 0
45210 0.000000 0
45218 0.000000 0
45225 0.325654 0
45232 0.000000 0
45240 0.225339 0
45248 0.000000 0
45255 0.000000 0
45262 0.000000 0
45270 0.000000 0
45278 0.289761 0
45285 0.000000 0
45292 0.240487 0
45300 0.000000 0
45308 0.307960 0
45315 0.000000 0
45322 0.000000 0
45330 0.000000 0
45338 0.166648 0
45345 0.202259 0
45352 0.000000 0
45360 0.000000 0
45368 0.175352 0
45375 0.593645 0
45382 0.672245 0
45390 0.415218 0
45398 0.000000 0
45405 0.000000 0
45412 0.000000 0
45420 0.000000 0
45428 0.000000 0
45435 0.000000 0
45442 0.000000 0
45450 0.115888 0
45458 0.258095 0
45465 0.000000 0
45472 0.000000 0
45480 0.299701 0
45488 0.000000 0
45495 0.000000 0
45502 0.000000 0
45510 0.000000 0
45518 0.000000 0
45525 0.140347 0
45532 0.000000 0
45540 0.000000 0
45548 0.000000 0
45555 0.000000 0
45562 0.239631 0
45570 0.000000 0
45578 0.000000 0
45585 0.000000 0
45592 0.000000 0
45600 0.412264 0
45608 0.985316 0
45615 0.630236 0
45622 0.000000 0
45630 0.000000 0
45638 0.000000 0
45645 0.000000 0
45652 0.000000 0
45660 0.529825 0
45668 0.000000 0
45675 0.000000 0
45682 0.152631 0
45690 0.263717 0
45698 0.422357 0
45705 0.106051 0
45712 0.000000 0
45720 0.000000 0
45728 0.227349 0
45735 0.443744 0
45742 0.000000 0
45750 0.000000 0
45758 0.000000 0
45765 0.000000 0
45772 0.000000 0
45780 0.000000 0
45788 0.377460 0
45795 0.317501 0
45802 0.457048 0
45810 0.225357 0
45818 0.000000 0
45825 0.000000 0
45832 0.000000 0
45840 0.143728 0
45848 0.096657 0
45855 0.000000 0
45862 0.232997 0
45870 0.181025 0
45878 0.276934 0
45885 0.000000 0
45892 0.000000 0
45900 0.000000 0
45908 0.039210 0
45915 0.285859 0
45922 0.080913 0
45930 0.000000 0
45938 0.259219 0
45945 0.000000 0
45952 0.000000 0
45960 0.000000 0
45968 0.000000 0
45975 0.000000 0
45982 0.000000 0
45990 0.000000 0
45998 0.132823 0
46005 0.253033 0
46012 0.405488 0
46020 0.465771 0
46028 0.207158 0
46035 0.180026 0
46042 0.000000 0
46050 0.000000 0
46058 0.000000 0
46065 0.363073 0
46072 0.531736 0
46080 0.687525 0
46088 0.000000 0
46095 0.000000 0
46102 0.000000 0
46110 0.000000 0
46118 0.088780 0
46125 0.560272 0
46132 0.410855 0
46140 0.000000 0
46148 0.000000 0
46155 0.000000 0
46162 0.126799 0
46170 0.000000 0
46178 0.000000 0
46185 0.000000 0
46192 0.000000 0
46200 0.000000 0
46208 0.000000 0
46215 0.000000 0
46222 0.000000 0
46230 0.000000 0
46238 0.000000 0
46245 0.284400 0
46252 0.470694 0
46260 0.348903 0
46268 0.000000 0
46275 0.000000 0
46282 0.000000 0
46290 0.000000 0
46298 0.338383 0
46305 0.436763 0
46312 0.630284 0
46320 0.394100 0
46328 0.000000 0
46335 0.000000 0
46342 0.000000 0
46350 0.000000 0
46358 0.000000 0
46365 0.000000 0
46372 0.000000 0
46380 0.000000 0
46388 0.234598 0
46395 0.420149 0
46402 0.384325 0
46410 0.000000 0
46418 0.000000 0
46425 0.000000 0
46432 0.386218 0
46440 0.311029 0
46448 0.000000 0
46455 0.000000 0
46462 0.000000 0
46470 0.000000 0
46478 0.000000 0
46485 0.845180 0
46492 1.000000 0
46500 0.576835 0
46508 0.000000 0
46515 0.353953 0
46522 0.270837 0
46530 0.230767 0
46538 0.454278 0
46545 0.882824 0
46552 0.644511 0
46560 0.000000 0
46568 0.000000 0
46575 0.000000 0
46582 0.000000 0
46590 0.000000 0
46598 0.445699 0
46605 0.260859 0
46612 0.000000 0
46620 0.000000 0
46628 0.000000 0
46635 0.425228 0
46642 0.326350 0
46650 0.256940 0
46658 0.196206 0
46665 0.000000 0
46672 0.000000 0
46680 0.000000 0
46688 0.423202 0
46695 0.152861 0
46702 0.000000 0
46710 0.000000 0
46718 0.145298 0
46725 0.286137 0
46732 0.000000 0
46740 0.000000 0
46748 0.000000 0
46755 0.319791 0
46762 0.240714 0
46770 0.218953 0
46778 0.506813 0
46785 0.259019 0
46792 0.000000 0
46800 0.126581 0
46808 0.247258 0
46815 0.000000 0
46822 0.000000 0
46830 0.000000 0
46838 0.310234 0
46845 0.495618 0
46852 0.519781 0
46860 0.000000 0
46868 0.000000 0
46875 0.000000 0
46882 0.402642 0
46890 0.499164 0
46898 0.000000 0
46905 0.000000 0
46912 0.000000 0
46920 0.000000 0
46928 0.000000 0
46935 0.000000 0
46942 0.208562 0
46950 0.381142 0
46958 0.000000 0
46965 0.058528 0
46972 0.000000 0
46980 0.582752 0
46988 0.755454 0
46995 1.000000 0
47002 0.709294 0
47010 0.000000 0
47018 0.000000 0
47025 0.000000 0
47032 0.000000 0
47040 0.316785 0
47048 0.414343 0
47055 0.360609 0
47062 0.000000 0
47070 0.000000 0
47078 0.237151 0
47085 0.177627 0
47092 0.000000 0
47100 0.000000 0
47108 0.000000 0
47115 0.000000 0
47122 0.000000 0
47130 0.000000 0
47138 0.000000 0
47145 0.242671 0
47152 0.000000 0
47160 0.000000 0
47168 0.085759 0
47175 0.351198 0
47182 0.000000 0
47190 0.000000 0
47198 0.000000 0
47205 0.294626 0
47212 0.000000 0
47220 0.000000 0
47228 0.464736 0
47235 0.782390 0
47242 0.616815 0
47250 0.000000 0
47258 0.000000 0
47265 0.000000 0
47272 0.000000 0
47280 0.000000 0
47288 0.000000 0
47295 0.000000 0
47302 0.000000 0
47310 0.000000 0
47318 0.000000 0
47325 0.000000 0
47332 0.000000 0
47340 0.000000 0
47348 0.000000 0
47355 0.000000 0
47362 0.000000 0
47370 0.410212 0
47378 0.489629 0
47385 0.355779 0
47392 0.000000 0
47400 0.000000 0
47408 0.000000 0
47415 0.335401 0
47422 0.057345 0
47430 0.000000 0
47438 0.000000 0
47445 0.000000 0
47452 0.724265 0
47460 1.000000 0
47468 1.000000 0
47475 0.458983 0
47482 0.000000 0
47490 0.000000 0
47498 0.000000 0
47505 0.000000 0
47512 0.000000 0
47520 0.386269 0
47528 0.000000 0
47535 0.000000 0
47542 0.000000 0
47550 0.000000 0
47558 0.000000 0
47565 0.000000 0
47572 0.429408 0
47580 0.051460 0
47588 0.000000 0
47595 0.000000 0
47602 0.000000 0
47610 0.000000 0
47618 0.216089 0
47625 0.308097 0
47632 0.484128 0
47640 0.573314 0
47648 0.470563 0
47655 0.427331 0
47662 0.000000 0
47670 0.263401 0
47678 0.234962 0
47685 0.398382 0
47692 0.160504 0
47700 0.388605 0
47708 0.529356 0
47715 0.430078 0
47722 0.000000 0
47730 0.000000 0
47738 0.000000 0
47745 0.000000 0
47752 0.000000 0
47760 0.000000 0
47768 0.000000 0
47775 0.247663 0
47782 0.040134 0
47790 0.000000 0
47798 0.185665 0
47805 0.287936 0
47812 0.250999 0
47820 0.167461 0
47828 0.000000 0
47835 0.000000 0
47842 0.000000 0
47850 0.000000 0
47858 0.000000 0
47865 0.000000 0
47872 0.000000 0
47880 0.000000 0
47888 0.000000 0
47895 0.000000 0
47902 0.450658 0
47910 0.330701 0
47918 0.665623 0
47925 0.853503 0
47932 1.000000 0
47940 0.616346 0
47948 0.000000 0
47955 0.000000 0
47962 0.000000 0
47970 0.000000 0
47978 0.579027 0
47985 0.608956 0
47992 0.347046 0
48000 0.000000 0
48008 0.231619 0
48015 0.000000 0
48022 0.000000 0
48030 0.204227 0
48038 0.265393 0
48045 0.000000 0
48052 0.000000 0
48060 0.000000 0
48068 0.000000 0
48075 0.000000 0
48082 0.000000 0
48090 0.000000 0
48098 0.000000 0
48105 0.020805 0
48112 0.000000 0
48120 0.000000 0
48128 0.269789 0
48135 0.182783 0
48142 0.000000 0
48150 0.337891 0
48158 0.034912 0
48165 0.000000 0
48172 0.421182 0
48180 0.297282 0
48188 0.000000 0
48195 0.000000 0
48202 0.000000 0
48210 0.000000 0
48218 0.000000 0
48225 0.000000 0
48232 0.000000 0
48240 0.000000 0
48248 0.000000 0
48255 0.000000 0
48262 0.000000 0
48270 0.270354 0
48278 0.000000 0
48285 0.000000 0
48292 0.197216 0
48300 0.000000 0
48308 0.000000 0
48315 0.000000 0
48322 0.000000 0
48330 0.201125 0
48338 0.000000 0
48345 0.000000 0
48352 0.000000 0
48360 0.000000 0
48368 0.000000 0
48375 0.000000 0
48382 0.000000 0
48390 0.000000 0
48398 1.000000 0
48405 1.000000 0
48412 0.245843 0
48420 0.000000 0
48428 0.000000 0
48435 0.000000 0
48442 0.133548 0
48450 0.196792 0
48458 0.374490 0
48465 0.000000 0
48472 0.000000 0
48480 0.000000 0
48488 0.251749 0
48495 0.456206 0
48502 0.394411 0
48510 0.266801 0
48518 0.000000 0
48525 0.232313 0
48532 0.504092 0
48540 0.000000 0
48548 0.259624 0
48555 0.000000 0
48562 0.000000 0
48570 0.000000 0
48578 0.000000 0
48585 0.000000 0
48592 0.000000 0
48600 0.000000 0
48608 0.000000 0
48615 0.000000 0
48622 0.240101 0
48630 0.000000 0
48638 0.000000 0
48645 0.000000 0
48652 0.378360 0
48660 0.000000 0
48668 0.000000 0
48675 0.000000 0
48682 0.448478 0
48690 0.275121 0
48698 0.000000 0
48705 0.000000 0
48712 0.000000 0
48720 0.000000 0
48728 0.000000 0
48735 0.000000 0
48742 0.000000 0
48750 0.000000 0
48758 0.000000 0
48765 0.000000 0
48772 0.000000 0
48780 0.000000 0
48788 0.000000 0
48795 0.000000 0
48802 0.000000 0
48810 0.000000 0
48818 0.541481 0
48825 0.763094 0
48832 0.394862 0
48840 0.000000 0
48848 0.000000 0
48855 0.225889 0
48862 0.550597 0
48870 0.819225 0
48878 0.540059 0
48885 0.000000 0
48892 0.000000 0
48900 0.000000 0
48908 0.000000 0
48915 0.307360 0
48922 0.496443 0
48930 0.390083 0
48938 0.000000 0
48945 0.000000 0
48952 0.287453 0
48960 0.273115 0
48968 0.000000 0
48975 0.000000 0
48982 0.000000 0
48990 0.000000 0
48998 0.000000 0
49005 0.000000 0
49012 0.000000 0
49020 0.291368 0
49028 0.521946 0
49035 0.327672 0
49042 0.259766 0
49050 0.373805 0
49058 0.301510 0
49065 0.000000 0
49072 0.000000 0
49080 0.000000 0
49088 0.000000 0
49095 0.000000 0
49102 0.232786 0
49110 0.683801 0
49118 0.666973 0
49125 0.456687 0
49132 0.000000 0
49140 0.000000 0
49148 0.000000 0
49155 0.000000 0
49162 0.000000 0
49170 0.000000 0
49178 0.000000 0
49185 0.000000 0
49192 0.000000 0
49200 0.000000 0
49208 0.000000 0
49215 0.000000 0
49222 0.208080 0
49230 0.000000 0
49238 0.000000 0
49245 0.000000 0
49252 0.255646 0
49260 0.000000 0
49268 0.183835 0
49275 0.169193 0
49282 0.438135 0
49290 0.134538 0
49298 0.063849 0
49305 0.000000 0
49312 0.309474 0
49320 1.000000 0
49328 0.839379 0
49335 0.000000 0
49342 0.000000 0
49350 0.000000 0
49358 0.000000 0
49365 0.000000 0
49372 0.000000 0
49380 0.000000 0
49388 0.000000 0
49395 0.000000 0
49402 0.000000 0
49410 0.133777 0
49418 0.512373 0
49425 0.433684 0
49432 0.000000 0
49440 0.224984 0
49448 0.069449 0
49455 0.000000 0
49462 0.000000 0
49470 0.000000 0
49478 0.000000 0
49485 0.106816 0
49492 0.401986 0
49500 0.654263 0
49508 0.364751 0
49515 0.000000 0
49522 0.000000 0
49530 0.000000 0
49538 0.242869 0
49545 0.000000 0
49552 0.454791 0
49560 0.355304 0
49568 0.298941 0
49575 0.284608 0
49582 0.348853 0
49590 0.000000 0
49598 0.000000 0
49605 0.000000 0
49612 0.315871 0
49620 0.000000 0
49628 0.000000 0
49635 0.000000 0
49642 0.000000 0
49650 0.000000 0
49658 0.260043 0
49665 0.000000 0
49672 0.165719 0
49680 0.000000 0
49688 0.000000 0
49695 0.115992 0
49702 0.376916 0
49710 0.091783 0
49718 0.000000 0
49725 0.000000 0
49732 0.000000 0
49740 0.000000 0
49748 0.248484 0
49755 0.436844 0
49762 0.361185 0
49770 0.000000 0
49778 0.500093 0
49785 0.980247 0
49792 0.847183 0
49800 0.000000 0
49808 0.000000 0
49815 0.000000 0
49822 0.000000 0
49830 0.000000 0
49838 0.348632 0
49845 0.000000 0
49852 0.000000 0
49860 0.237637 0
49868 0.431199 0
49875 0.508574 0
49882 0.000000 0
49890 0.000000 0
49898 0.000000 0
49905 0.000000 0
49912 0.000000 0
49920 0.000000 0
49928 0.000000 0
49935 0.140189 0
49942 0.286761 0
49950 0.000000 0
49958 0.000000 0
49965 0.000000 0
49972 0.000000 0
49980 0.138071 0
49988 0.313884 0
49995 0.115391 0
50002 0.305680 0
50010 0.287622 0
50018 0.000000 0
50025 0.000000 0
50032 0.403702 0
50040 0.179039 0
50048 0.000000 0
50055 0.000000 0
50062 0.000000 0
50070 0.000000 0
50078 0.119679 0
50085 0.150760 0
50092 0.000000 0
50100 0.000000 0
50108 0.000000 0
50115 0.201636 0
50122 0.000000 0
50130 0.000000 0
50138 0.087476 0
50145 0.000000 0
50152 0.000000 0
50160 0.000000 0
50168 0.000000 0
50175 0.000000 0
50182 0.000000 0
50190 0.000000 0
50198 0.378169 0
50205 0.000000 0
50212 0.000000 0
50220 0.372942 0
50228 0.339751 0
50235 0.486431 0
50242 0.626474 0
50250 0.542917 0
50258 0.906138 0
50265 0.656674 0
50272 0.000000 0
50280 0.000000 0
50288 0.000000 0
50295 0.000000 0
50302 0.000000 0
50310 0.514752 0
50318 0.471056 0
50325 0.000000 0
50332 0.000000 0
50340 0.000000 0
50348 0.000000 0
50355 0.541667 0
50362 0.407751 0
50370 0.341078 0
50378 0.000000 0
50385 0.096292 0
50392 0.313437 0
50400 0.395942 0
50408 0.285774 0
50415 0.065374 0
50422 0.000000 0
50430 0.000000 0
50438 0.000000 0
50445 0.000000 0
50452 0.272676 0
50460 0.247539 0
50468 0.151240 0
50475 0.279909 0
50482 0.231459 0
50490 0.000000 0
50498 0.235779 0
50505 0.000000 0
50512 0.000000 0
50520 0.000000 0
50528 0.000000 0
50535 0.000000 0
50542 0.000000 0
50550 0.184230 0
50558 0.000000 0
50565 0.314183 0
50572 0.000000 0
50580 0.000000 0
50588 0.266898 0
50595 0.220634 0
50602 0.304462 0
50610 0.000000 0
50618 0.000000 0
50625 0.000000 0
50632 0.353157 0
50640 0.109807 0
50648 0.000000 0
50655 0.167226 0
50662 0.149423 0
50670 0.000000 0
50678 0.000000 0
50685 0.000000 0
50692 0.000000 0
50700 0.000000 0
50708 0.391437 0
50715 0.658969 0
50722 1.000000 0
50730 0.819839 0
50738 0.000000 0
50745 0.000000 0
50752 0.000000 0
50760 0.000000 0
50768 0.187717 0
50775 0.557744 0
50782 0.360018 0
50790 0.000000 0
50798 0.322869 0
50805 0.352876 0
50812 0.016388 0
50820 0.118621 0
50828 0.000000 0
50835 0.000000 0
50842 0.302223 0
50850 0.000000 0
50858 0.000000 0
50865 0.000000 0
50872 0.000000 0
50880 0.164189 0
50888 0.418805 0
50895 0.463977 0
50902 0.000000 0
50910 0.000000 0
50918 0.195839 0
50925 0.000000 0
50932 0.000000 0
50940 0.000000 0
50948 0.000000 0
50955 0.302744 0
50962 0.608480 0
50970 0.494640 0
50978 0.206499 0
50985 0.000000 0
50992 0.203852 0
51000 0.000000 0
51008 0.000000 0
51015 0.000000 0
51022 0.225155 0
51030 0.000000 0
51038 0.425700 0
51045 0.000000 0
51052 0.000000 0
51060 0.000000 0
51068 0.000000 0
51075 0.101041 0
51082 0.000000 0
51090 0.264146 0
51098 0.000000 0
51105 0.000000 0
51112 0.380443 0
51120 0.354998 0
51128 0.046190 0
51135 0.000000 0
51142 0.354574 0
51150 0.000000 0
51158 0.263587 0
51165 0.262421 0
51172 0.503528 0
51180 0.588952 0
51188 0.672771 0
51195 0.930889 0
51202 0.497627 0
51210 0.000000 0
51218 0.000000 0
51225 0.000000 0
51232 0.000000 0
51240 0.334161 0
51248 0.506043 0
51255 0.459893 0
51262 0.286890 0
51270 0.412826 0
51278 0.266163 0
51285 0.000000 0
51292 0.000000 0
51300 0.199988 0
51308 0.505380 0
51315 0.241824 0
51322 0.224903 0
51330 0.000000 0
51338 0.000000 0
51345 0.000000 0
51352 0.081176 0
51360 0.000000 0
51368 0.059905 0
51375 0.226732 0
51382 0.237852 0
51390 0.093247 0
51398 0.000000 0
51405 0.000000 0
51412 0.047527 0
51420 0.000000 0
51428 0.282310 0
51435 0.303743 0
51442 0.000000 0
51450 0.000000 0
51458 0.130136 0
51465 0.000000 0
51472 0.000000 0
51480 0.000000 0
51488 0.000000 0
51495 0.000000 0
51502 0.187740 0
51510 0.349906 0
51518 0.000000 0
51525 0.000000 0
51532 0.151500 0
51540 0.000000 0
51548 0.000000 0
51555 0.000000 0
51562 0.000000 0
51570 0.000000 0
51578 0.000000 0
51585 0.156208 0
51592 0.000000 0
51600 0.151488 0
51608 0.000000 0
51615 0.000000 0
51622 0.311342 0
51630 0.188570 0
51638 0.000000 0
51645 0.000000 0
51652 0.538602 0
51660 0.659722 0
51668 0.604794 0
51675 0.000000 0
51682 0.000000 0
51690 0.000000 0
51698 0.000000 0
51705 0.093666 0
51712 0.422520 0
51720 0.133224 0
51728 0.000000 0
51735 0.264208 0
51742 0.350191 0
51750 0.000000 0
51758 0.000000 0
51765 0.000000 0
51772 0.000000 0
51780 0.180719 0
51788 0.275328 0
51795 0.053428 0
51802 0.000000 0
51810 0.000000 0
51818 0.000000 0
51825 0.000000 0
51832 0.197353 0
51840 0.000000 0
51848 0.000000 0
51855 0.000000 0
51862 0.196027 0
51870 0.000000 0
51878 0.000000 0
51885 0.341450 0
51892 0.370796 0
51900 0.387218 0
51908 0.000000 0
51915 0.009473 0
51922 0.000000 0
51930 0.000000 0
51938 0.082861 0
51945 0.000000 0
51952 0.000000 0
51960 0.000000 0
51968 0.000000 0
51975 0.453450 0
51982 0.227060 0
51990 0.000000 0
51998 0.000000 0
52005 0.000000 0
52012 0.000000 0
52020 0.373112 0
52028 0.370882 0
52035 0.178642 0
52042 0.000000 0
52050 0.000000 0
52058 0.000000 0
52065 0.000000 0
52072 0.210426 0
52080 0.232464 0
52088 0.000000 0
52095 0.000000 0
52102 0.000000 0
52110 0.308971 0
52118 0.610978 0
52125 0.467635 0
52132 0.161913 0
52140 0.000000 0
52148 0.331795 0
52155 0.316734 0
52162 0.000000 0
52170 0.000000 0
52178 0.000000 0
52185 0.000000 0
52192 0.088946 0
52200 0.000000 0
52208 0.000000 0
52215 0.000000 0
52222 0.000000 0
52230 0.251067 0
52238 0.319098 0
52245 0.329494 0
52252 0.150060 0
52260 0.000000 0
52268 0.000000 0
52275 0.000000 0
52282 0.000000 0
52290 0.000000 0
52298 0.000000 0
52305 0.027392 0
52312 0.108871 0
52320 0.290423 0
52328 0.000000 0
52335 0.142485 0
52342 0.000000 0
52350 0.000000 0
52358 0.000000 0
52365 0.410637 0
52372 0.134078 0
52380 0.000000 0
52388 0.263215 0
52395 0.000000 0
52402 0.000000 0
52410 0.000000 0
52418 0.000000 0
52425 0.000000 0
52432 0.193387 0
52440 0.000000 0
52448 0.348323 0
52455 0.000000 0
52462 0.000000 0
52470 0.416068 0
52478 0.402184 0
52485 0.210644 0
52492 0.000000 0
52500 0.218773 0
52508 0.000000 0
52515 0.283603 0
52522 0.467797 0
52530 0.000000 0
52538 0.000000 0
52545 0.000000 0
52552 0.414875 0
52560 0.211245 0
52568 0.347018 0
52575 0.234250 0
52582 0.000000 0
52590 0.000000 0
52598 0.235109 0
52605 0.216396 0
52612 0.000000 0
52620 0.000000 0
52628 0.000000 0
52635 0.000000 0
52642 0.000000 0
52650 0.357497 0
52658 0.532052 0
52665 0.000000 0
52672 0.000000 0
52680 0.050054 0
52688 0.000000 0
52695 0.000000 0
52702 0.000000 0
52710 0.237891 0
52718 0.000000 0
52725 0.255025 0
52732 0.000000 0
52740 0.000000 0
52748 0.330796 0
52755 0.088199 0
52762 0.410173 0
52770 0.177085 0
52778 0.000000 0
52785 0.000000 0
52792 0.000000 0
52800 0.336245 0
52808 0.263974 0
52815 0.000000 0
52822 0.246559 0
52830 0.358163 0
52838 0.307642 0
52845 0.078547 0
52852 0.070406 0
52860 0.000000 0
52868 0.000000 0
52875 0.388207 0
52882 0.339616 0
52890 0.196276 0
52898 0.000000 0
52905 0.320933 0
52912 0.000000 0
52920 0.000000 0
52928 0.000000 0
52935 0.000000 0
52942 0.000000 0
52950 0.000000 0
52958 0.205559 0
52965 0.000000 0
52972 0.000000 0
52980 0.272420 0
52988 0.260291 0
52995 0.443505 0
53002 0.000000 0
53010 0.289588 0
53018 0.104634 0
53025 0.286449 0
53032 0.358550 0
53040 0.429809 0
53048 0.000000 0
53055 0.204187 0
53062 0.085514 0
53070 0.000000 0
53078 0.000000 0
53085 0.000000 0
53092 0.000000 0
53100 0.148482 0
53108 0.000000 0
53115 0.000000 0
53122 0.000000 0
53130 0.000000 0
53138 0.000000 0
53145 0.000000 0
53152 0.000000 0
53160 0.286180 0
53168 0.021919 0
53175 0.326662 0
53182 0.000000 0
53190 0.170893 0
53198 0.000000 0
53205 0.196311 0
53212 0.311749 0
53220 0.000000 0
53228 0.000000 0
53235 0.000000 0
53242 0.000000 0
53250 0.000000 0
53258 0.000000 0
53265 0.097691 0
53272 0.406766 0
53280 0.281106 0
53288 0.196734 0
53295 0.186731 0
53302 0.000000 0
53310 0.000000 0
53318 0.000000 0
53325 0.246814 0
53332 0.000000 0
53340 0.000000 0
53348 0.000000 0
53355 0.000000 0
53362 0.354994 0
53370 0.178747 0
53378 0.000000 0
53385 0.218175 0
53392 0.227971 0
53400 0.000000 0
53408 0.305502 0
53415 0.000000 0
53422 0.248773 0
53430 0.000000 0
53438 0.272111 0
53445 0.047517 0
53452 0.000000 0
53460 0.000000 0
53468 0.356025 0
53475 0.000000 0
53482 0.000000 0
53490 0.484555 0
53498 0.384218 0
53505 0.000000 0
53512 0.000000 0
53520 0.000000 0
53528 0.448128 0
53535 0.389479 0
53542 0.445826 0
53550 0.246617 0
53558 0.000000 0
53565 0.000000 0
53572 0.408211 0
53580 0.083422 0
53588 0.000000 0
53595 0.000000 0
53602 0.000000 0
53610 0.000000 0
53618 0.319155 0
53625 0.316520 0
53632 0.000000 0
53640 0.000000 0
53648 0.434874 0
53655 0.549052 0
53662 0.338786 0
53670 0.000000 0
53678 0.000000 0
53685 0.414690 0
53692 0.000000 0
53700 0.000000 0
53708 0.000000 0
53715 0.230169 0
53722 0.299737 0
53730 0.420460 0
53738 0.181507 0
53745 0.364904 0
53752 0.000000 0
53760 0.000000 0
53768 0.000000 0
53775 0.320172 0
53782 0.128684 0
53790 0.162599 0
53798 0.000000 0
53805 0.000000 0
53812 0.000000 0
53820 0.000000 0
53828 0.000000 0
53835 0.000000 0
53842 0.000000 0
53850 0.000000 0
53858 0.161566 0
53865 0.000000 0
53872 0.000000 0
53880 0.332152 0
53888 0.377831 0
53895 0.000000 0
53902 0.048970 0
53910 0.000000 0
53918 0.000000 0
53925 0.000000 0
53932 0.254419 0
53940 0.000000 0
53948 0.000000 0
53955 0.000000 0
53962 0.264805 0
53970 0.503462 0
53978 0.288712 0
53985 0.298803 0
53992 0.091096 0
54000 0.164578 0
54008 0.000000 0
54015 0.000000 0
54022 0.000000 0
54030 0.000000 0
54038 0.000000 0
54045 0.000000 0
54052 0.189988 0
54060 0.062621 0
54068 0.180241 0
54075 0.190111 0
54082 0.000000 0
54090 0.000000 0
54098 0.000000 0
54105 0.000000 0
54112 0.269844 0
54120 0.478537 0
54128 0.000000 0
54135 0.000000 0
54142 0.194074 0
54150 0.161178 0
54158 0.000000 0
54165 0.000000 0
54172 0.000000 0
54180 0.000000 0
54188 0.448730 0
54195 0.360258 0
54202 0.000000 0
54210 0.000000 0
54218 0.000000 0
54225 0.000000 0
54232 0.000000 0
54240 0.000000 0
54248 0.168695 0
54255 0.323918 0
54262 0.317348 0
54270 0.220209 0
54278 0.000000 0
54285 0.000000 0
54292 0.000000 0
54300 0.301535 0
54308 0.000000 0
54315 0.000000 0
54322 0.000000 0
54330 0.000000 0
54338 0.468063 0
54345 0.500523 0
54352 0.261722 0
54360 0.000000 0
54368 0.000000 0
54375 0.000000 0
54382 0.000000 0
54390 0.000000 0
54398 0.000000 0
54405 0.380343 0
54412 0.000000 0
54420 0.240290 0
54428 0.296292 0
54435 0.000000 0
54442 0.180819 0
54450 0.332572 0
54458 0.459842 0
54465 0.193462 0
54472 0.000000 0
54480 0.000000 0
54488 0.000000 0
54495 0.000000 0
54502 0.000000 0
54510 0.000000 0
54518 0.000000 0
54525 0.152495 0
54532 0.000000 0
54540 0.127908 0
54548 0.299618 0
54555 0.111365 0
54562 0.000000 0
54570 0.000000 0
54578 0.239137 0
54585 0.441484 0
54592 0.560058 0
54600 0.550909 0
54608 0.391303 0
54615 0.446459 0
54622 0.183633 0
54630 0.112371 0
54638 0.189042 0
54645 0.170664 0
54652 0.000000 0
54660 0.000000 0
54668 0.000000 0
54675 0.233633 0
54682 0.084134 0
54690 0.000000 0
54698 0.000000 0
54705 0.000000 0
54712 0.180408 0
54720 0.231720 0
54728 0.000000 0
54735 0.000000 0
54742 0.112926 0
54750 0.181120 0
54758 0.399118 0
54765 0.000000 0
54772 0.000000 0
54780 0.000000 0
54788 0.000000 0
54795 0.000000 0
54802 0.000000 0
54810 0.138927 0
54818 0.133362 0
54825 0.205077 0
54832 0.794971 0
54840 0.852018 0
54848 0.372978 0
54855 0.000000 0
54862 0.000000 0
54870 0.148731 0
54878 0.000000 0
54885 0.000000 0
54892 0.109760 0
54900 0.337080 0
54908 0.000000 0
54915 0.298590 0
54922 0.131137 0
54930 0.000000 0
54938 0.000000 0
54945 0.061492 0
54952 0.000000 0
54960 0.000000 0
54968 0.418907 0
54975 0.000000 0
54982 0.000000 0
54990 0.000000 0
54998 0.324836 0
55005 0.000000 0
55012 0.000000 0
55020 0.000000 0
55028 0.000000 0
55035 0.229837 0
55042 0.000000 0
55050 0.000000 0
55058 0.000000 0
55065 0.000000 0
55072 0.000000 0
55080 0.000000 0
55088 0.458214 0
55095 0.000000 0
55102 0.000000 0
55110 0.297138 0
55118 0.000000 0
55125 0.000000 0
55132 0.243284 0
55140 0.043047 0
55148 0.401470 0
55155 0.258717 0
55162 0.000000 0
55170 0.000000 0
55178 0.028334 0
55185 0.283421 0
55192 0.259567 0
55200 0.047085 0
55208 0.000000 0
55215 0.300720 0
55222 0.320122 0
55230 0.000000 0
55238 0.000000 0
55245 0.000000 0
55252 0.000000 0
55260 0.125257 0
55268 0.276616 0
55275 0.000000 0
55282 0.389911 0
55290 0.023535 0
55298 0.154359 0
55305 0.272038 0
55312 0.000000 0
55320 0.000000 0
55328 0.000000 0
55335 0.000000 0
55342 0.000000 0
55350 0.301317 0
55358 0.413076 0
55365 0.206380 0
55372 0.272542 0
55380 0.333134 0
55388 0.502487 0
55395 0.000000 0
55402 0.373810 0
55410 0.287106 0
55418 0.000000 0
55425 0.272813 0
55432 0.126340 0
55440 0.000000 0
55448 0.000000 0
55455 0.000000 0
55462 0.000000 0
55470 0.114398 0
55478 0.000000 0
55485 0.000000 0
55492 0.000000 0
55500 0.000000 0
55508 0.227036 0
55515 0.000000 0
55522 0.130437 0
55530 0.000000 0
55538 0.000000 0
55545 0.286405 0
55552 0.288687 0
55560 0.000000 0
55568 0.453895 0
55575 0.000000 0
55582 0.000000 0
55590 0.295120 0
55598 0.000000 0
55605 0.274881 0
55612 0.814455 0
55620 0.622299 0
55628 0.276339 0
55635 0.000000 0
55642 0.000000 0
55650 0.000000 0
55658 0.208446 0
55665 0.197684 0
55672 0.236036 0
55680 0.303382 0
55688 0.274166 0
55695 0.103940 0
55702 0.038367 0
55710 0.347750 0
55718 0.240546 0
55725 0.000000 0
55732 0.000000 0
55740 0.000000 0
55748 0.000000 0
55755 0.000000 0
55762 0.000000 0
55770 0.650531 0
55778 0.762351 0
55785 0.404673 0
55792 0.000000 0
55800 0.000000 0
55808 0.165558 0
55815 0.000000 0
55822 0.000000 0
55830 0.000000 0
55838 0.307970 0
55845 0.000000 0
55852 0.000000 0
55860 0.000000 0
55868 0.000000 0
55875 0.000000 0
55882 0.000000 0
55890 0.000000 0
55898 0.076207 0
55905 0.324339 0
55912 0.287313 0
55920 0.000000 0
55928 0.000000 0
55935 0.396136 0
55942 0.000000 0
55950 0.000000 0
55958 0.007173 0
55965 0.000000 0
55972 0.000000 0
55980 0.000000 0
55988 0.000000 0
55995 0.000000 0
56002 0.000000 0
56010 0.000000 0
56018 0.527556 0
56025 0.327295 0
56032 0.000000 0
56040 0.297358 0
56048 0.000000 0
56055 0.000000 0
56062 0.302787 0
56070 0.533199 0
56078 0.363460 0
56085 0.000000 0
56092 0.193423 0
56100 0.273148 0
56108 0.000000 0
56115 0.127232 0
56122 0.209092 0
56130 0.201822 0
56138 0.000000 0
56145 0.000000 0
56152 0.000000 0
56160 0.000000 0
56168 0.241430 0
56175 0.064525 0
56182 0.258266 0
56190 0.000000 0
56198 0.178229 0
56205 0.253867 0
56212 0.000000 0
56220 0.000000 0
56228 0.000000 0
56235 0.000000 0
56242 0.000000 0
56250 0.000000 0
56258 0.295906 0
56265 0.000000 0
56272 0.191907 0
56280 0.000000 0
56288 0.000000 0
56295 0.000000 0
56302 0.189898 0
56310 0.000000 0
56318 0.344620 0
56325 0.306529 0
56332 0.000000 0
56340 0.000000 0
56348 0.193277 0
56355 0.000000 0
56362 0.000000 0
56370 0.049453 0
56378 0.000000 0
56385 0.000000 0
56392 0.274416 0
56400 0.000000 0
56408 0.000000 0
56415 0.292439 0
56422 0.247637 0
56430 0.000000 0
56438 0.000000 0
56445 0.000000 0
56452 0.000000 0
56460 0.000000 0
56468 0.109435 0
56475 0.084959 0
56482 0.000000 0
56490 0.000000 0
56498 0.000000 0
56505 0.355036 0
56512 0.108328 0
56520 0.000000 0
56528 0.000000 0
56535 0.235218 0
56542 0.182750 0
56550 0.437510 0
56558 0.295996 0
56565 0.000000 0
56572 0.000000 0
56580 0.000000 0
56588 0.000000 0
56595 0.200144 0
56602 0.337165 0
56610 0.000000 0
56618 0.000000 0
56625 0.000000 0
56632 0.000000 0
56640 0.069683 0
56648 0.000000 0
56655 0.000000 0
56662 0.128317 0
56670 0.296218 0
56678 0.094839 0
56685 0.000000 0
56692 0.353494 0
56700 0.442487 0
56708 0.000000 0
56715 0.000000 0
56722 0.000000 0
56730 0.000000 0
56738 0.160314 0
56745 0.000000 0
56752 0.000000 0
56760 0.000000 0
56768 0.114785 0
56775 0.000000 0
56782 0.000000 0
56790 0.000000 0
56798 0.348551 0
56805 0.000000 0
56812 0.000000 0
56820 0.000000 0
56828 0.000000 0
56835 0.464955 0
56842 0.000000 0
56850 0.000000 0
56858 0.000000 0
56865 0.346847 0
56872 0.339343 0
56880 0.000000 0
56888 0.000000 0
56895 0.334721 0
56902 0.390211 0
56910 0.000000 0
56918 0.000000 0
56925 0.157461 0
56932 0.000000 0
56940 0.000000 0
56948 0.228220 0
56955 0.000000 0
56962 0.000000 0
56970 0.000000 0
56978 0.282449 0
56985 0.000000 0
56992 0.066217 0
57000 0.201710 0
57008 0.000000 0
57015 0.000000 0
57022 0.465429 0
57030 0.348717 0
57038 0.000000 0
57045 0.000000 0
57052 0.000000 0
57060 0.246409 0
57068 0.000000 0
57075 0.000000 0
57082 0.397779 0
57090 0.219010 0
57098 0.000000 0
57105 0.000000 0
57112 0.000000 0
57120 0.000000 0
57128 0.000000 0
57135 0.000000 0
57142 0.000000 0
57150 0.000000 0
57158 0.000000 0
57165 0.388706 0
57172 0.124758 0
57180 0.000000 0
57188 0.000000 0
57195 0.000000 0
57202 0.325106 0
57210 0.000000 0
57218 0.000000 0
57225 0.000000 0
57232 0.470610 0
57240 0.658666 0
57248 0.220039 0
57255 0.000000 0
57262 0.000000 0
57270 0.000000 0
57278 0.000000 0
57285 0.000000 0
57292 0.332016 0
57300 0.195949 0
57308 0.000000 0
57315 0.000000 0
57322 0.189253 0
57330 0.410150 0
57338 0.200142 0
57345 0.000000 0
57352 0.000000 0
57360 0.223239 0
57368 0.000000 0
57375 0.000000 0
57382 0.000000 0
57390 0.201517 0
57398 0.222496 0
57405 0.171871 0
57412 0.000000 0
57420 0.000000 0
57428 0.000000 0
57435 0.000000 0
57442 0.378788 0
57450 0.000000 0
57458 0.000000 0
57465 0.170925 0
57472 0.233159 0
57480 0.000000 0
57488 0.000000 0
57495 0.000000 0
57502 0.250681 0
57510 0.158034 0
57518 0.000000 0
57525 0.000000 0
57532 0.000000 0
57540 0.267956 0
57548 0.152581 0
57555 0.266397 0
57562 0.000000 0
57570 0.000000 0
57578 0.000000 0
57585 0.000000 0
57592 0.000000 0
57600 0.396856 0
57608 0.328974 0
57615 0.000000 0
57622 0.104183 0
57630 0.333997 0
57638 0.130520 0
57645 0.000000 0
57652 0.000000 0
57660 0.000000 0
57668 0.000000 0
57675 0.000000 0
57682 0.087478 0
57690 0.298072 0
57698 0.468520 0
57705 0.629066 0
57712 0.485134 0
57720 0.000000 0
57728 0.000000 0
57735 0.000000 0
57742 0.000000 0
57750 0.000000 0
57758 0.000000 0
57765 0.321506 0
57772 0.113614 0
57780 0.173185 0
57788 0.224864 0
57795 0.000000 0
57802 0.000000 0
57810 0.000000 0
57818 0.000000 0
57825 0.000000 0
57832 0.000000 0
57840 0.000000 0
57848 0.000000 0
57855 0.000000 0
57862 0.417333 0
57870 0.401422 0
57878 0.000000 0
57885 0.000000 0
57892 0.237889 0
57900 0.000000 0
57908 0.176037 0
57915 0.000000 0
57922 0.330026 0
57930 0.378782 0
57938 0.000000 0
57945 0.000000 0
57952 0.000000 0
57960 0.000000 0
57968 0.000000 0
57975 0.000000 0
57982 0.000000 0
57990 0.119221 0
57998 0.380152 0
58005 0.508956 0
58012 0.616180 0
58020 0.000000 0
58028 0.000000 0
58035 0.000000 0
58042 0.645983 0
58050 1.000000 0
58058 1.000000 0
58065 0.815665 0
58072 0.151211 0
58080 0.000000 0
58088 0.000000 0
58095 0.000000 0
58102 0.000000 0
58110 0.146365 0
58118 0.000000 0
58125 0.091998 0
58132 0.247914 0
58140 0.318338 0
58148 0.000000 0
58155 0.000000 0
58162 0.000000 0
58170 0.000000 0
58178 0.000000 0
58185 0.000000 0
58192 0.000000 0
58200 0.000000 0
58208 0.427373 0
58215 0.249020 0
58222 0.000000 0
58230 0.245721 0
58238 0.047451 0
58245 0.168718 0
58252 0.000000 0
58260 0.000000 0
58268 0.000000 0
58275 0.032153 0
58282 0.359927 0
58290 0.000000 0
58298 0.000000 0
58305 0.000000 0
58312 0.000000 0
58320 0.000000 0
58328 0.000000 0
58335 0.227561 0
58342 0.000000 0
58350 0.000000 0
58358 0.000000 0
58365 0.000000 0
58372 0.000000 0
58380 0.000000 0
58388 0.000000 0
58395 0.000000 0
58402 0.000000 0
58410 0.000000 0
58418 0.000000 0
58425 0.246880 0
58432 0.000000 0
58440 0.292334 0
58448 0.220584 0
58455 0.000000 0
58462 0.000000 0
58470 0.000000 0
58478 0.000000 0
58485 0.000000 0
58492 0.256228 0
58500 0.201250 0
58508 0.233789 0
58515 0.000000 0
58522 0.000000 0
58530 0.000000 0
58538 0.000000 0
58545 0.210378 0
58552 0.000000 0
58560 0.000000 0
58568 0.319056 0
58575 0.252597 0
58582 0.000000 0
58590 0.000000 0
58598 0.199289 0
58605 0.079683 0
58612 0.000000 0
58620 0.000000 0
58628 0.000000 0
58635 0.096954 0
58642 0.000000 0
58650 0.000000 0
58658 0.000000 0
58665 0.197495 0
58672 0.000000 0
58680 0.000000 0
58688 0.000000 0
58695 0.000000 0
58702 0.000000 0
58710 0.000000 0
58718 0.314718 0
58725 0.000000 0
58732 0.000000 0
58740 0.000000 0
58748 0.000000 0
58755 0.035012 0
58762 0.000000 0
58770 0.000000 0
58778 0.109024 0
58785 0.000000 0
58792 0.000000 0
58800 0.075114 0
58808 0.000000 0
58815 0.256128 0
58822 0.327293 0
58830 0.000000 0
58838 0.000000 0
58845 0.000000 0
58852 0.000000 0
58860 0.067120 0
58868 0.267470 0
58875 0.000000 0
58882 0.000000 0
58890 0.000000 0
58898 0.000000 0
58905 0.000000 0
58912 0.000000 0
58920 0.000000 0
58928 0.000000 0
58935 0.000000 0
58942 0.164220 0
58950 0.205126 0
58958 0.000000 0
58965 0.000000 0
58972 0.000000 0
58980 0.000000 0
58988 0.000000 0
58995 0.000000 0
59002 0.000000 0
59010 0.000000 0
59018 0.000000 0
59025 0.000000 0
59032 0.000000 0
59040 0.000000 0
59048 0.000000 0
59055 0.147899 0
59062 0.000000 0
59070 0.000000 0
59078 0.000000 0
59085 0.000000 0
59092 0.000000 0
59100 0.131075 0
59108 0.284307 0
59115 0.000000 0
59122 0.000000 0
59130 0.000000 0
59138 0.000000 0
59145 0.000000 0
59152 0.000000 0
59160 0.000000 0
59168 0.174998 0
59175 0.249786 0
59182 0.096916 0
59190 0.000000 0
59198 0.220586 0
59205 0.000000 0
59212 0.000000 0
59220 0.000000 0
59228 0.000000 0
59235 0.000000 0
59242 0.000000 0
59250 0.000000 0
59258 0.000000 0
59265 0.000000 0
59272 0.000000 0
59280 0.000000 0
59288 0.000000 0
59295 0.000000 0
59302 0.237965 0
59310 0.000000 0
59318 0.000000 0
59325 0.000000 0
59332 0.000000 0
59340 0.000000 0
59348 0.000000 0
59355 0.095216 0
59362 0.000000 0
59370 0.218506 0
59378 0.000000 0
59385 0.000000 0
59392 0.000000 0
59400 0.000000 0
59408 0.000000 0
59415 0.000000 0
59422 0.000000 0
59430 0.000000 0
59438 0.122120 0
59445 0.000000 0
59452 0.166479 0
59460 0.231664 0
59468 0.000000 0
59475 0.000000 0
59482 0.000000 0
59490 0.000000 0
59498 0.000000 0
59505 0.000000 0
59512 0.000000 0
59520 0.273175 0
59528 0.000000 0
59535 0.000000 0
59542 0.000000 0
59550 0.000000 0
59558 0.815720 0
59565 1.000000 0
59572 0.660453 0
59580 0.216650 0
59588 0.000000 0
59595 0.000000 0
59602 0.000000 0
59610 0.000000 0
59618 0.000000 0
59625 0.000000 0
59632 0.000000 0
59640 0.000000 0
59648 0.164805 0
59655 0.000000 0
59662 0.000000 0
59670 0.000000 0
59678 0.000000 0
59685 0.000000 0
59692 0.000000 0
59700 0.000000 0
59708 0.167156 0
59715 0.000000 0
59722 0.000000 0
59730 0.051097 0
59738 0.329116 0
59745 0.408216 0
59752 0.580693 0
59760 0.683724 0
59768 0.726668 0
59775 0.620521 0
59782 0.535001 0
59790 0.371344 0
59798 0.239770 0
59805 0.000000 0
59812 0.125240 0
59820 0.000000 0
59828 0.264303 0
59835 0.000000 0
59842 0.000000 0
59850 0.373569 0
59858 0.000000 0
59865 0.421883 0
59872 0.549346 0
59880 0.344828 0
59888 0.389092 0
59895 0.000000 0
59902 0.000000 0
59910 0.000000 0
59918 0.000000 0
59925 0.306612 0
59932 0.314040 0
59940 0.000000 0
59948 0.000000 0
59955 0.000000 0
59962 0.331233 0
59970 0.207328 0
59978 0.452947 0
59985 0.302666 0
59992 0.173128 0
60000 0.286415 0
60008 0.000000 0
60015 0.208977 0
60022 0.341759 0
60030 0.362464 0
60038 0.629676 0
60045 0.256723 0
60052 0.221282 0
60060 0.000000 0
60068 0.000000 0
60075 0.000000 0
60082 0.000000 0
60090 0.483319 0
60098 0.519123 0
60105 0.350045 0
60112 0.000000 0
60120 0.000000 0
60128 0.295264 0
60135 0.000000 0
60142 0.172393 0
60150 0.286236 0
60158 0.000000 0
60165 0.411050 0
60172 0.000000 0
60180 0.000000 0
60188 0.000000 0
60195 0.258510 0
60202 0.181453 0
60210 0.000000 0
60218 0.415147 0
60225 0.359865 0
60232 0.000000 0
60240 0.000000 0
60248 0.000000 0
60255 0.000000 0
60262 0.000000 0
60270 0.291174 0
60278 0.304212 0
60285 0.000000 0
60292 0.319604 0
60300 0.000000 0
60308 0.000000 0
60315 0.000000 0
60322 0.000000 0
60330 0.000000 0
60338 0.000000 0
60345 0.000000 0
60352 0.172176 0
60360 0.271079 0
60368 0.000000 0
60375 0.000000 0
60382 0.000000 0
60390 0.000000 0
60398 0.232094 0
60405 0.214216 0
60412 0.000000 0
60420 0.000000 0
60428 0.000000 0
60435 0.000000 0
60442 0.000000 0
60450 0.302860 0
60458 0.260136 0
60465 0.000000 0
60472 0.420623 0
60480 0.753486 0
60488 0.711536 0
60495 0.495677 0
60502 0.318556 0
60510 0.000000 0
60518 0.202344 0
60525 0.299230 0
60532 0.311173 0
60540 0.100467 0
60548 0.193567 0
60555 0.272081 0
60562 0.000000 0
60570 0.260329 0
60578 0.000000 0
60585 0.000000 0
60592 0.000000 0
60600 0.000000 0
60608 0.000000 0
60615 0.000000 0
60622 0.313905 0
60630 0.000000 0
60638 0.000000 0
60645 0.000000 0
60652 0.000000 0
60660 0.000000 0
60668 0.000000 0
60675 0.000000 0
60682 0.000000 0
60690 0.283345 0
60698 0.398825 0
60705 0.346566 0
60712 0.000000 0
60720 0.000000 0
60728 0.000000 0
60735 0.000000 0
60742 0.649504 0
60750 0.567468 0
60758 0.141063 0
60765 0.000000 0
60772 0.000000 0
60780 0.000000 0
60788 0.000000 0
60795 0.433133 0
60802 0.172813 0
60810 0.192776 0
60818 0.062449 0
60825 0.000000 0
60832 0.000000 0
60840 0.000000 0
60848 0.000000 0
60855 0.000000 0
60862 0.288140 0
60870 0.405483 0
60878 0.132333 0
60885 0.000000 0
60892 0.000000 0
60900 0.000000 0
60908 0.000000 0
60915 0.302465 0
60922 0.425606 0
60930 0.000000 0
60938 0.000000 0
60945 0.000000 0
60952 0.255679 0
60960 0.000000 0
60968 0.000000 0
60975 0.167586 0
60982 0.285769 0
60990 0.522551 0
60998 0.318454 0
61005 0.000000 0
61012 0.000000 0
61020 0.000000 0
61028 0.247953 0
61035 0.000000 0
61042 0.000000 0
61050 0.000000 0
61058 0.000000 0
61065 0.343536 0
61072 0.359189 0
61080 0.270198 0
61088 0.000000 0
61095 0.000000 0
61102 0.121897 0
61110 0.424975 0
61118 0.388623 0
61125 0.109354 0
61132 0.000000 0
61140 0.000000 0
61148 0.240987 0
61155 0.000000 0
61162 0.165665 0
61170 0.247503 0
61178 0.438241 0
61185 0.320981 0
61192 0.000000 0
61200 0.073956 0
61208 0.000000 0
61215 0.000000 0
61222 0.000000 0
61230 0.000000 0
61238 0.000000 0
61245 0.474427 0
61252 0.226257 0
61260 0.000000 0
61268 0.000000 0
61275 0.248872 0
61282 0.232076 0
61290 0.000000 0
61298 0.000000 0
61305 0.000000 0
61312 0.000000 0
61320 0.000000 0
61328 0.400860 0
61335 0.371922 0
61342 0.259127 0
61350 0.346987 0
61358 0.333109 0
61365 0.000000 0
61372 0.000000 0
61380 0.349486 0
61388 0.000000 0
61395 0.000000 0
61402 0.000000 0
61410 0.000000 0
61418 0.503400 0
61425 0.670809 0
61432 0.506648 0
61440 0.455003 0
61448 0.257897 0
61455 0.000000 0
61462 0.000000 0
61470 0.305243 0
61478 0.295794 0
61485 0.000000 0
61492 0.000000 0
61500 0.111283 0
61508 0.000000 0
61515 0.000000 0
61522 0.324788 0
61530 0.000000 0
61538 0.000000 0
61545 0.000000 0
61552 0.000000 0
61560 0.000000 0
61568 0.262543 0
61575 0.000000 0
61582 0.000000 0
61590 0.257109 0
61598 0.261405 0
61605 0.443073 0
61612 0.000000 0
61620 0.000000 0
61628 0.167046 0
61635 0.000000 0
61642 0.000000 0
61650 0.529480 0
61658 0.433586 0
61665 0.000000 0
61672 0.000000 0
61680 0.000000 0
61688 0.072765 0
61695 0.000000 0
61702 0.000000 0
61710 0.000000 0
61718 0.000000 0
61725 0.000000 0
61732 0.255085 0
61740 0.234152 0
61748 0.225665 0
61755 0.474857 0
61762 0.493974 0
61770 0.520620 0
61778 0.000000 0
61785 0.000000 0
61792 0.000000 0
61800 0.000000 0
61808 0.177688 0
61815 0.000000 0
61822 0.111329 0
61830 0.000000 0
61838 0.291988 0
61845 0.195897 0
61852 0.000000 0
61860 0.076737 0
61868 0.282597 0
61875 0.000000 0
61882 0.000000 0
61890 0.170104 0
61898 0.239866 0
61905 0.435979 0
61912 0.428752 0
61920 0.239133 0
61928 0.169776 0
61935 0.271697 0
61942 0.000000 0
61950 0.000000 0
61958 0.101177 0
61965 0.365792 0
61972 0.262175 0
61980 0.175823 0
61988 0.000000 0
61995 0.000000 0
62002 0.000000 0
62010 0.000000 0
62018 0.000000 0
62025 0.000000 0
62032 0.000000 0
62040 0.000000 0
62048 0.190089 0
62055 0.000000 0
62062 0.000000 0
62070 0.056355 0
62078 0.441832 0
62085 0.472858 0
62092 0.593955 0
62100 0.407800 0
62108 0.438277 0
62115 0.000000 0
62122 0.553810 0
62130 0.000000 0
62138 0.000000 0
62145 0.000000 0
62152 0.000000 0
62160 0.000000 0
62168 0.000000 0
62175 0.000000 0
62182 0.000000 0
62190 0.331656 0
62198 0.000000 0
62205 0.000000 0
62212 0.000000 0
62220 0.000000 0
62228 0.000000 0
62235 0.000000 0
62242 0.297085 0
62250 0.000000 0
62258 0.000000 0
62265 0.000000 0
62272 0.499873 0
62280 0.785519 0
62288 0.629184 0
62295 0.655489 0
62302 0.397839 0
62310 0.086196 0
62318 0.000000 0
62325 0.000000 0
62332 0.000000 0
62340 0.084352 0
62348 0.238208 0
62355 0.000000 0
62362 0.000000 0
62370 0.000000 0
62378 0.286667 0
62385 0.477065 0
62392 0.000000 0
62400 0.000000 0
62408 0.000000 0
62415 0.000000 0
62422 0.381814 0
62430 0.000000 0
62438 0.000000 0
62445 0.000000 0
62452 0.318028 0
62460 0.247001 0
62468 0.000000 0
62475 0.116874 0
62482 0.000000 0
62490 0.444801 0
62498 0.185978 0
62505 0.000000 0
62512 0.000000 0
62520 0.000000 0
62528 0.000000 0
62535 0.504085 0
62542 0.823070 0
62550 0.431277 0
62558 0.283497 0
62565 0.393815 0
62572 0.000000 0
62580 0.000000 0
62588 0.000000 0
62595 0.000000 0
62602 0.000000 0
62610 0.000000 0
62618 0.000000 0
62625 0.000000 0
62632 0.000000 0
62640 0.000000 0
62648 0.000000 0
62655 0.222275 0
62662 0.108181 0
62670 0.249385 0
62678 0.296411 0
62685 0.263837 0
62692 0.343009 0
62700 0.000000 0
62708 0.000000 0
62715 0.285969 0
62722 0.000000 0
62730 0.040077 0
62738 0.000000 0
62745 0.000000 0
62752 0.000000 0
62760 0.505586 0
62768 0.605530 0
62775 0.706249 0
62782 0.640162 0
62790 0.160160 0
62798 0.000000 0
62805 0.000000 0
62812 0.250346 0
62820 0.361350 0
62828 0.135524 0
62835 0.000000 0
62842 0.000000 0
62850 0.000000 0
62858 0.137487 0
62865 0.000000 0
62872 0.000000 0
62880 0.000000 0
62888 0.130304 0
62895 0.237607 0
62902 0.217850 0
62910 0.200524 0
62918 0.000000 0
62925 0.000000 0
62932 0.000000 0
62940 0.000000 0
62948 0.000000 0
62955 0.167383 0
62962 0.000000 0
62970 0.000000 0
62978 0.000000 0
62985 0.206747 0
62992 0.000000 0
63000 0.225901 0
63008 0.000000 0
63015 0.375076 0
63022 0.000000 0
63030 0.000000 0
63038 0.000000 0
63045 0.293878 0
63052 0.396623 0
63060 0.693670 0
63068 0.598609 0
63075 0.202881 0
63082 0.000000 0
63090 0.000000 0
63098 0.000000 0
63105 0.000000 0
63112 0.000000 0
63120 0.000000 0
63128 0.000000 0
63135 0.000000 0
63142 0.000000 0
63150 0.241154 0
63158 0.140906 0
63165 0.201395 0
63172 0.182178 0
63180 0.000000 0
63188 0.000000 0
63195 0.000000 0
63202 0.211830 0
63210 0.000000 0
63218 0.000000 0
63225 0.143123 0
63232 0.272990 0
63240 0.144855 0
63248 0.000000 0
63255 0.278499 0
63262 0.000000 0
63270 0.258676 0
63278 0.000000 0
63285 0.000000 0
63292 0.000000 0
63300 0.000000 0
63308 0.079312 0
63315 0.000000 0
63322 0.000000 0
63330 0.139648 0
63338 0.290965 0
63345 0.000000 0
63352 0.000000 0
63360 0.000000 0
63368 0.000000 0
63375 0.000000 0
63382 0.000000 0
63390 0.000000 0
63398 0.000000 0
63405 0.341853 0
63412 0.427697 0
63420 0.046458 0
63428 0.000000 0
63435 0.234986 0
63442 0.000000 0
63450 0.000000 0
63458 0.000000 0
63465 0.000000 0
63472 0.000000 0
63480 0.000000 0
63488 0.000000 0
63495 0.340836 0
63502 0.000000 0
63510 0.231032 0
63518 0.000000 0
63525 0.347077 0
63532 0.393197 0
63540 0.000000 0
63548 0.523721 0
63555 0.400073 0
63562 0.000000 0
63570 0.000000 0
63578 0.000000 0
63585 0.000000 0
63592 0.000000 0
63600 0.216207 0
63608 0.000000 0
63615 0.000000 0
63622 0.312384 0
63630 0.433953 0
63638 0.000000 0
63645 0.000000 0
63652 0.000000 0
63660 0.000000 0
63668 0.000000 0
63675 0.268712 0
63682 0.354702 0
63690 0.000000 0
63698 0.173595 0
63705 0.198529 0
63712 0.230602 0
63720 0.323699 0
63728 0.248758 0
63735 0.208426 0
63742 0.000000 0
63750 0.343463 0
63758 0.000000 0
63765 0.120927 0
63772 0.000000 0
63780 0.000000 0
63788 0.212470 0
63795 0.151852 0
63802 0.124940 0
63810 0.000000 0
63818 0.000000 0
63825 0.000000 0
63832 0.091879 0
63840 0.314607 0
63848 0.134348 0
63855 0.138149 0
63862 0.000000 0
63870 0.000000 0
63878 0.000000 0
63885 0.332564 0
63892 0.195930 0
63900 0.000000 0
63908 0.294435 0
63915 0.000000 0
63922 0.000000 0
63930 0.000000 0
63938 0.090040 0
63945 0.159244 0
63952 0.000000 0
63960 0.000000 0
63968 0.000000 0
63975 0.000000 0
63982 0.350066 0
63990 0.072778 0
63998 0.000000 0
64005 0.281690 0
64012 0.000000 0
64020 0.000000 0
64028 0.000000 0
64035 0.165284 0
64042 0.268179 0
64050 0.000000 0
64058 0.000000 0
64065 0.000000 0
64072 0.366303 0
64080 0.209486 0
64088 0.151138 0
64095 0.231935 0
64102 0.134704 0
64110 0.443061 0
64118 0.000000 0
64125 0.000000 0
64132 0.000000 0
64140 0.000000 0
64148 0.213668 0
64155 0.000000 0
64162 0.085645 0
64170 0.206618 0
64178 0.185072 0
64185 0.000000 0
64192 0.000000 0
64200 0.000000 0
64208 0.000000 0
64215 0.308972 0
64222 0.286713 0
64230 0.000000 0
64238 0.000000 0
64245 0.000000 0
64252 0.294116 0
64260 0.000000 0
64268 0.331767 0
64275 0.174313 0
64282 0.227941 0
64290 0.000000 0
64298 0.326665 0
64305 0.194191 0
64312 0.080761 0
64320 0.000000 0
64328 0.000000 0
64335 0.152489 0
64342 0.000000 0
64350 0.353159 0
64358 0.021298 0
64365 0.000000 0
64372 0.000000 0
64380 0.248561 0
64388 0.000000 0
64395 0.000000 0
64402 0.000000 0
64410 0.258346 0
64418 0.000000 0
64425 0.000000 0
64432 0.150558 0
64440 0.393149 0
64448 0.000000 0
64455 0.039823 0
64462 0.000000 0
64470 0.000000 0
64478 0.192103 0
64485 0.180357 0
64492 0.000000 0
64500 0.000000 0
64508 0.082227 0
64515 0.106989 0
64522 0.000000 0
64530 0.233927 0
64538 0.000000 0
64545 0.000000 0
64552 0.000000 0
64560 0.175331 0
64568 0.220488 0
64575 0.000000 0
64582 0.000000 0
64590 0.000000 0
64598 0.124976 0
64605 0.076609 0
64612 0.323260 0
64620 0.043934 0
64628 0.269841 0
64635 0.000000 0
64642 0.000000 0
64650 0.028093 0
64658 0.198660 0
64665 0.000000 0
64672 0.356960 0
64680 0.511936 0
64688 0.340848 0
64695 0.000000 0
64702 0.000000 0
64710 0.283941 0
64718 0.000000 0
64725 0.000000 0
64732 0.295371 0
64740 0.232967 0
64748 0.000000 0
64755 0.000000 0
64762 0.000000 0
64770 0.288573 0
64778 0.349167 0
64785 0.000000 0
64792 0.000000 0
64800 0.000000 0
64808 0.147979 0
64815 0.000000 0
64822 0.263564 0
64830 0.081872 0
64838 0.000000 0
64845 0.281666 0
64852 0.000000 0
64860 0.000000 0
64868 0.000000 0
64875 0.000000 0
64882 0.192985 0
64890 0.000000 0
64898 0.181969 0
64905 0.000000 0
64912 0.215730 0
64920 0.284416 0
64928 0.000000 0
64935 0.232723 0
64942 0.269871 0
64950 0.269539 0
64958 0.275406 0
64965 0.000000 0
64972 0.000000 0
64980 0.000000 0
64988 0.106180 0
64995 0.000000 0
65002 0.074979 0
65010 0.425812 0
65018 0.244894 0
65025 0.000000 0
65032 0.000000 0
65040 0.000000 0
65048 0.000000 0
65055 0.000000 0
65062 0.000000 0
65070 0.079254 0
65078 0.311361 0
65085 0.000000 0
65092 0.000000 0
65100 0.000000 0
65108 0.000000 0
65115 0.000000 0
65122 0.000000 0
65130 0.359263 0
65138 0.263769 0
65145 0.000000 0
65152 0.249667 0
65160 0.268921 0
65168 0.000000 0
65175 0.000000 0
65182 0.000000 0
65190 0.000000 0
65198 0.000000 0
65205 0.162683 0
65212 0.098758 0
65220 0.000000 0
65228 0.000000 0
65235 0.219575 0
65242 0.124609 0
65250 0.000000 0
65258 0.000000 0
65265 0.000000 0
65272 0.214515 0
65280 0.269490 0
65288 0.000000 0
65295 0.000000 0
65302 0.000000 0
65310 0.318019 0
65318 0.257578 0
65325 0.302909 0
65332 0.097135 0
65340 0.000000 0
65348 0.000000 0
65355 0.206661 0
65362 0.000000 0
65370 0.000000 0
65378 0.392163 0
65385 0.000000 0
65392 0.000000 0
65400 0.000000 0
65408 0.153155 0
65415 0.244556 0
65422 0.165395 0
65430 0.169790 0
65438 0.000000 0
65445 0.159469 0
65452 0.239445 0
65460 0.164767 0
65468 0.000000 0
65475 0.000000 0
65482 0.309645 0
65490 0.000000 0
65498 0.119060 0
65505 0.135210 0
65512 0.000000 0
65520 0.000000 0
65528 0.216088 0
65535 0.103998 0
65542 0.000000 0
65550 0.158333 0
65558 0.000000 0
65565 0.150744 0
65572 0.000000 0
65580 0.000000 0
65588 0.186396 0
65595 0.143836 0
65602 0.000000 0
65610 0.000000 0
65618 0.000000 0
65625 0.286487 0
65632 0.000000 0
65640 0.000000 0
65648 0.000000 0
65655 0.326505 0
65662 0.000000 0
65670 0.000000 0
65678 0.015215 0
65685 0.000000 0
65692 0.000000 0
65700 0.163876 0
65708 0.000000 0
65715 0.185245 0
65722 0.127239 0
65730 0.000000 0
65738 0.000000 0
65745 0.000000 0
65752 0.272311 0
65760 0.000000 0
65768 0.000000 0
65775 0.000000 0
65782 0.000000 0
65790 0.000000 0
65798 0.306384 0
65805 0.303344 0
65812 0.258039 0
65820 0.000000 0
65828 0.000000 0
65835 0.241457 0
65842 0.000000 0
65850 0.000000 0
65858 0.184034 0
65865 0.059506 0
65872 0.000000 0
65880 0.000000 0
65888 0.278200 0
65895 0.241705 0
65902 0.000000 0
65910 0.000000 0
65918 0.000000 0
65925 0.000000 0
65932 0.000000 0
65940 0.210927 0
65948 0.000000 0
65955 0.174840 0
65962 0.320319 0
65970 0.347998 0
65978 0.000000 0
65985 0.000000 0
65992 0.000000 0
66000 0.294609 0
66008 0.373077 0
66015 0.000000 0
66022 0.000000 0
66030 0.000000 0
66038 0.000000 0
66045 0.251694 0
66052 0.000000 0
66060 0.020721 0
66068 0.000000 0
66075 0.000000 0
66082 0.000000 0
66090 0.000000 0
66098 0.279814 0
66105 0.000000 0
66112 0.108538 0
66120 0.047977 0
66128 0.000000 0
66135 0.184330 0
66142 0.000000 0
66150 0.273069 0
66158 0.271156 0
66165 0.000000 0
66172 0.000000 0
66180 0.000000 0
66188 0.000000 0
66195 0.255363 0
66202 0.235329 0
66210 0.000000 0
66218 0.000000 0
66225 0.314017 0
66232 0.317650 0
66240 0.199715 0
66248 0.000000 0
66255 0.000000 0
66262 0.235045 0
66270 0.348293 0
66278 0.000000 0
66285 0.000000 0
66292 0.000000 0
66300 0.000000 0
66308 0.103515 0
66315 0.477299 0
66322 0.235041 0
66330 0.275815 0
66338 0.323944 0
66345 0.173543 0
66352 0.000000 0
66360 0.000000 0
66368 0.389454 0
66375 0.132934 0
66382 0.000000 0
66390 0.000000 0
66398 0.198511 0
66405 0.019131 0
66412 0.000000 0
66420 0.000000 0
66428 0.000000 0
66435 0.280734 0
66442 0.000000 0
66450 0.000000 0
66458 0.026989 0
66465 0.379694 0
66472 0.450141 0
66480 0.000000 0
66488 0.165350 0
66495 0.157916 0
66502 0.072832 0
66510 0.000000 0
66518 0.000000 0
66525 0.000000 0
66532 0.000000 0
66540 0.583417 0
66548 1.000000 0
66555 0.560215 0
66562 0.000000 0
66570 0.000000 0
66578 0.052422 0
66585 0.375224 0
66592 0.208461 0
66600 0.000000 0
66608 0.000000 0
66615 0.000000 0
66622 0.000000 0
66630 0.000000 0
66638 0.000000 0
66645 0.101996 0
66652 0.065315 0
66660 0.000000 0
66668 0.000000 0
66675 0.232964 0
66682 0.163566 0
66690 0.000000 0
66698 0.000000 0
66705 0.309974 0
66712 0.374684 0
66720 0.000000 0
66728 0.000000 0
66735 0.000000 0
66742 0.000000 0
66750 0.000000 0
66758 0.000000 0
66765 0.000000 0
66772 0.000000 0
66780 0.000000 0
66788 0.000000 0
66795 0.113306 0
66802 0.344798 0
66810 0.000000 0
66818 0.230213 0
66825 0.000000 0
66832 0.206820 0
66840 0.000000 0
66848 0.000000 0
66855 0.007063 0
66862 0.089783 0
66870 0.175235 0
66878 0.000000 0
66885 0.000000 0
66892 0.366191 0
66900 0.247194 0
66908 0.164221 0
66915 0.289489 0
66922 0.117649 0
66930 0.000000 0
66938 0.000000 0
66945 0.000000 0
66952 0.000000 0
66960 0.244237 0
66968 0.460136 0
66975 0.215924 0
66982 0.000000 0
66990 0.192776 0
66998 0.131047 0
67005 0.494233 0
67012 0.677246 0
67020 0.575329 0
67028 0.000000 0
67035 0.000000 0
67042 0.000000 0
67050 0.000000 0
67058 0.271142 0
67065 0.423258 0
67072 0.373422 0
67080 0.000000 0
67088 0.233158 0
67095 0.201015 0
67102 0.320171 0
67110 0.331159 0
67118 0.044151 0
67125 0.205555 0
67132 0.380612 0
67140 0.395550 0
67148 0.255747 0
67155 0.000000 0
67162 0.273612 0
67170 0.196422 0
67178 0.000000 0
67185 0.220262 0
67192 0.376365 0
67200 0.426489 0
67208 0.108465 0
67215 0.155279 0
67222 0.000000 0
67230 0.000000 0
67238 0.000000 0
67245 0.000000 0
67252 0.071930 0
67260 0.000000 0
67268 0.260321 0
67275 0.362715 0
67282 0.000000 0
67290 0.000000 0
67298 0.000000 0
67305 0.000000 0
67312 0.177465 0
67320 0.000000 0
67328 0.000000 0
67335 0.114932 0
67342 0.428728 0
67350 0.390987 0
67358 0.443357 0
67365 0.000000 0
67372 0.000000 0
67380 0.000000 0
67388 0.000000 0
67395 0.182972 0
67402 0.000000 0
67410 0.000000 0
67418 0.253752 0
67425 0.000000 0
67432 0.000000 0
67440 0.000000 0
67448 0.320413 0
67455 0.317813 0
67462 0.605559 0
67470 0.636712 0
67478 0.000000 0
67485 0.000000 0
67492 0.000000 0
67500 0.000000 0
67508 0.248351 0
67515 0.450959 0
67522 0.417462 0
67530 0.000000 0
67538 0.000000 0
67545 0.358800 0
67552 0.250156 0
67560 0.407851 0
67568 0.000000 0
67575 0.000000 0
67582 0.084765 0
67590 0.000000 0
67598 0.000000 0
67605 0.000000 0
67612 0.269480 0
67620 0.335819 0
67628 0.000000 0
67635 0.000000 0
67642 0.000000 0
67650 0.102254 0
67658 0.243585 0
67665 0.000000 0
67672 0.000000 0
67680 0.088906 0
67688 0.398751 0
67695 0.419834 0
67702 0.156066 0
67710 0.000000 0
67718 0.000000 0
67725 0.000000 0
67732 0.000000 0
67740 0.000000 0
67748 0.022238 0
67755 0.366571 0
67762 0.000000 0
67770 0.000000 0
67778 0.000000 0
67785 0.000000 0
67792 0.000000 0
67800 0.000000 0
67808 0.163307 0
67815 0.289251 0
67822 0.235154 0
67830 0.000000 0
67838 0.000000 0
67845 0.000000 0
67852 0.000000 0
67860 0.000000 0
67868 0.000000 0
67875 0.000000 0
67882 0.000000 0
67890 0.097403 0
67898 0.213416 0
67905 0.000000 0
67912 0.000000 0
67920 0.000000 0
67928 0.408450 0
67935 1.000000 0
67942 0.551016 0
67950 0.000000 0
67958 0.000000 0
67965 0.000000 0
67972 0.000000 0
67980 0.361910 0
67988 0.000000 0
67995 0.000000 0
68002 0.114368 0
68010 0.284458 0
68018 0.340934 0
68025 0.218027 0
68032 0.000000 0
68040 0.284291 0
68048 0.234277 0
68055 0.366041 0
68062 0.147824 0
68070 0.000000 0
68078 0.308152 0
68085 0.110128 0
68092 0.000000 0
68100 0.000000 0
68108 0.495166 0
68115 0.131881 0
68122 0.000000 0
68130 0.000000 0
68138 0.000000 0
68145 0.000000 0
68152 0.000000 0
68160 0.000000 0
68168 0.161542 0
68175 0.000000 0
68182 0.000000 0
68190 0.168367 0
68198 0.000000 0
68205 0.000000 0
68212 0.379498 0
68220 0.000000 0
68228 0.000000 0
68235 0.000000 0
68242 0.000000 0
68250 0.000000 0
68258 0.255477 0
68265 0.192326 0
68272 0.000000 0
68280 0.000000 0
68288 0.000000 0
68295 0.000000 0
68302 0.000000 0
68310 0.000000 0
68318 0.069950 0
68325 0.000000 0
68332 0.000000 0
68340 0.072549 0
68348 0.000000 0
68355 0.000000 0
68362 0.083144 0
68370 0.000000 0
68378 0.000000 0
68385 0.000000 0
68392 0.437988 0
68400 0.895172 0
68408 0.734324 0
68415 0.000000 0
68422 0.000000 0
68430 0.000000 0
68438 0.000000 0
68445 0.374169 0
68452 0.440778 0
68460 0.310613 0
68468 0.000000 0
68475 0.133700 0
68482 0.378983 0
68490 0.000000 0
68498 0.318846 0
68505 0.356894 0
68512 0.000000 0
68520 0.000000 0
68528 0.000000 0
68535 0.000000 0
68542 0.381448 0
68550 0.273483 0
68558 0.397141 0
68565 0.328749 0
68572 0.031113 0
68580 0.000000 0
68588 0.094760 0
68595 0.000000 0
68602 0.000000 0
68610 0.000000 0
68618 0.354147 0
68625 0.349877 0
68632 0.231032 0
68640 0.449801 0
68648 0.000000 0
68655 0.000000 0
68662 0.000000 0
68670 0.000000 0
68678 0.000000 0
68685 0.000000 0
68692 0.000000 0
68700 0.153108 0
68708 0.000000 0
68715 0.000000 0
68722 0.379653 0
68730 0.000000 0
68738 0.000000 0
68745 0.000000 0
68752 0.146806 0
68760 0.327361 0
68768 0.098724 0
68775 0.000000 0
68782 0.000000 0
68790 0.000000 0
68798 0.299785 0
68805 0.000000 0
68812 0.000000 0
68820 0.113540 0
68828 0.000000 0
68835 0.000000 0
68842 0.000000 0
68850 0.175673 0
68858 0.000000 0
68865 0.497127 0
68872 0.916135 0
68880 0.403897 0
68888 0.000000 0
68895 0.000000 0
68902 0.000000 0
68910 0.000000 0
68918 0.040486 0
68925 0.154690 0
68932 0.104690 0
68940 0.000000 0
68948 0.000000 0
68955 0.344889 0
68962 0.283427 0
68970 0.340598 0
68978 0.421708 0
68985 0.223590 0
68992 0.000000 0
69000 0.283726 0
69008 0.414544 0
69015 0.281501 0
69022 0.301146 0
69030 0.082274 0
69038 0.000000 0
69045 0.000000 0
69052 0.000000 0
69060 0.212640 0
69068 0.000000 0
69075 0.206908 0
69082 0.243995 0
69090 0.434243 0
69098 0.616155 0
69105 0.467885 0
69112 0.000000 0
69120 0.000000 0
69128 0.186669 0
69135 0.160734 0
69142 0.308508 0
69150 0.197920 0
69158 0.000000 0
69165 0.000000 0
69172 0.000000 0
69180 0.000000 0
69188 0.000000 0
69195 0.000000 0
69202 0.406950 0
69210 0.000000 0
69218 0.000000 0
69225 0.000000 0
69232 0.204049 0
69240 0.218001 0
69248 0.000000 0
69255 0.036679 0
69262 0.374430 0
69270 0.417121 0
69278 0.158403 0
69285 0.265045 0
69292 0.000000 0
69300 0.000000 0
69308 0.000000 0
69315 0.000000 0
69322 0.364183 0
69330 0.508217 0
69338 0.984809 0
69345 0.604063 0
69352 0.000000 0
69360 0.000000 0
69368 0.000000 0
69375 0.000000 0
69382 0.370473 0
69390 0.542571 0
69398 0.359804 0
69405 0.000000 0
69412 0.162944 0
69420 0.000000 0
69428 0.000000 0
69435 0.000000 0
69442 0.000000 0
69450 0.000000 0
69458 0.118447 0
69465 0.137536 0
69472 0.000000 0
69480 0.183623 0
69488 0.376190 0
69495 0.262480 0
69502 0.000000 0
69510 0.000000 0
69518 0.137980 0
69525 0.000000 0
69532 0.330006 0
69540 0.184477 0
69548 0.173515 0
69555 0.000000 0
69562 0.000000 0
69570 0.358555 0
69578 0.377592 0
69585 0.389013 0
69592 0.000000 0
69600 0.374786 0
69608 0.000000 0
69615 0.000000 0
69622 0.000000 0
69630 0.280577 0
69638 0.000000 0
69645 0.267141 0
69652 0.297359 0
69660 0.000000 0
69668 0.000000 0
69675 0.000000 0
69682 0.000000 0
69690 0.000000 0
69698 0.249581 0
69705 0.000000 0
69712 0.000000 0
69720 0.257074 0
69728 0.338954 0
69735 0.246424 0
69742 0.278244 0
69750 0.398878 0
69758 0.271447 0
69765 0.582130 0
69772 0.236069 0
69780 0.000000 0
69788 0.000000 0
69795 0.543082 0
69802 0.737818 0
69810 0.000000 0
69818 0.000000 0
69825 0.000000 0
69832 0.000000 0
69840 0.000000 0
69848 0.439621 0
69855 0.141672 0
69862 0.000000 0
69870 0.000000 0
69878 0.189984 0
69885 0.352759 0
69892 0.315112 0
69900 0.289240 0
69908 0.427881 0
69915 0.343235 0
69922 0.305862 0
69930 0.488131 0
69938 0.270120 0
69945 0.216032 0
69952 0.000000 0
69960 0.000000 0
69968 0.000000 0
69975 0.113873 0
69982 0.236545 0
69990 0.315149 0
69998 0.000000 0
70005 0.000000 0
70012 0.000000 0
70020 0.231950 0
70028 0.324514 0
70035 0.000000 0
70042 0.000000 0
70050 0.000000 0
70058 0.272347 0
70065 0.317229 0
70072 0.000000 0
70080 0.310682 0
70088 0.000000 0
70095 0.000000 0
70102 0.426671 0
70110 0.348260 0
70118 0.203580 0
70125 0.000000 0
70132 0.000000 0
70140 0.000000 0
70148 0.000000 0
70155 0.000000 0
70162 0.000000 0
70170 0.274827 0
70178 0.128119 0
70185 0.226149 0
70192 0.000000 0
70200 0.000000 0
70208 0.110375 0
70215 0.000000 0
70222 0.176074 0
70230 0.151194 0
70238 0.000000 0
70245 0.000000 0
70252 0.273623 0
70260 0.715868 0
70268 0.789157 0
70275 0.000000 0
70282 0.000000 0
70290 0.000000 0
70298 0.000000 0
70305 0.000000 0
70312 0.331369 0
70320 0.439094 0
70328 0.342675 0
70335 0.255013 0
70342 0.405155 0
70350 0.339234 0
70358 0.000000 0
70365 0.000000 0
70372 0.000000 0
70380 0.000000 0
70388 0.000000 0
70395 0.000000 0
70402 0.000000 0
70410 0.277928 0
70418 0.395362 0
70425 0.000000 0
70432 0.000000 0
70440 0.297007 0
70448 0.373940 0
70455 0.000000 0
70462 0.000000 0
70470 0.000000 0
70478 0.000000 0
70485 0.000000 0
70492 0.000000 0
70500 0.484321 0
70508 0.681803 0
70515 0.276090 0
70522 0.000000 0
70530 0.000000 0
70538 0.000000 0
70545 0.000000 0
70552 0.058787 0
70560 0.234765 0
70568 0.000000 0
70575 0.000000 0
70582 0.000000 0
70590 0.309123 0
70598 0.324715 0
70605 0.276135 0
70612 0.000000 0
70620 0.109512 0
70628 0.000000 0
70635 0.000000 0
70642 0.000000 0
70650 0.325432 0
70658 0.345084 0
70665 0.300129 0
70672 0.000000 0
70680 0.000000 0
70688 0.000000 0
70695 0.350038 0
70702 0.401992 0
70710 0.274527 0
70718 0.363828 0
70725 0.222310 0
70732 0.560704 0
70740 0.759393 0
70748 0.000000 0
70755 0.000000 0
70762 0.000000 0
70770 0.000000 0
70778 0.169109 0
70785 0.533247 0
70792 0.149648 0
70800 0.000000 0
70808 0.000000 0
70815 0.000000 0
70822 0.345069 0
70830 0.179830 0
70838 0.363113 0
70845 0.297562 0
70852 0.309340 0
70860 0.398556 0
70868 0.176635 0
70875 0.160313 0
70882 0.000000 0
70890 0.068895 0
70898 0.267289 0
70905 0.195814 0
70912 0.406837 0
70920 0.311228 0
70928 0.256780 0
70935 0.000000 0
70942 0.000000 0
70950 0.000000 0
70958 0.000000 0
70965 0.210653 0
70972 0.323034 0
70980 0.310702 0
70988 0.000000 0
70995 0.122374 0
71002 0.211958 0
71010 0.000000 0
71018 0.354445 0
71025 0.000000 0
71032 0.000000 0
71040 0.000000 0
71048 0.070851 0
71055 0.000000 0
71062 0.000000 0
71070 0.213516 0
71078 0.323956 0
71085 0.341903 0
71092 0.000000 0
71100 0.000000 0
71108 0.000000 0
71115 0.000000 0
71122 0.000000 0
71130 0.000000 0
71138 0.550933 0
71145 0.228348 0
71152 0.000000 0
71160 0.000000 0
71168 0.326557 0
71175 0.485229 0
71182 0.963022 0
71190 0.828877 0
71198 0.000000 0
71205 0.000000 0
71212 0.000000 0
71220 0.000000 0
71228 0.249837 0
71235 0.265738 0
71242 0.408642 0
71250 0.000000 0
71258 0.245218 0
71265 0.150805 0
71272 0.110432 0
71280 0.000000 0
71288 0.000000 0
71295 0.256949 0
71302 0.000000 0
71310 0.000000 0
71318 0.000000 0
71325 0.000000 0
71332 0.000000 0
71340 0.102523 0
71348 0.000000 0
71355 0.227880 0
71362 0.000000 0
71370 0.000000 0
71378 0.000000 0
71385 0.126305 0
71392 0.000000 0
71400 0.396784 0
71408 0.451006 0
71415 0.226604 0
71422 0.177598 0
71430 0.157197 0
71438 0.000000 0
71445 0.000000 0
71452 0.000000 0
71460 0.000000 0
71468 0.000000 0
71475 0.000000 0
71482 0.201287 0
71490 0.119817 0
71498 0.000000 0
71505 0.168040 0
71512 0.000000 0
71520 0.000000 0
71528 0.000000 0
71535 0.000000 0
71542 0.130168 0
71550 0.281349 0
71558 0.047278 0
71565 0.128243 0
71572 0.000000 0
71580 0.000000 0
71588 0.000000 0
71595 0.000000 0
71602 0.272559 0
71610 0.000000 0
71618 0.000000 0
71625 0.155302 0
71632 0.000000 0
71640 0.000000 0
71648 0.472603 0
71655 0.914824 0
71662 0.541299 0
71670 0.000000 0
71678 0.000000 0
71685 0.000000 0
71692 0.000000 0
71700 0.000000 0
71708 0.000000 0
71715 0.000000 0
71722 0.000000 0
71730 0.267922 0
71738 0.000000 0
71745 0.291539 0
71752 0.484280 0
71760 0.362098 0
71768 0.171701 0
71775 0.405648 0
71782 0.198105 0
71790 0.000000 0
71798 0.000000 0
71805 0.000000 0
71812 0.242147 0
71820 0.118538 0
71828 0.000000 0
71835 0.150099 0
71842 0.000000 0
71850 0.147224 0
71858 0.377676 0
71865 0.000000 0
71872 0.000000 0
71880 0.481345 0
71888 0.316280 0
71895 0.217620 0
71902 0.000000 0
71910 0.257781 0
71918 0.000000 0
71925 0.000000 0
71932 0.184869 0
71940 0.000000 0
71948 0.000000 0
71955 0.000000 0
71962 0.162128 0
71970 0.000000 0
71978 0.000000 0
71985 0.000000 0
71992 0.223107 0
72000 0.347271 0
72008 0.298702 0
72015 0.152369 0
72022 0.000000 0
72030 0.000000 0
72038 0.000000 0
72045 0.171484 0
72052 0.219104 0
72060 0.080466 0
72068 0.170406 0
72075 0.000000 0
72082 0.000000 0
72090 0.000000 0
72098 0.000000 0
72105 0.243183 0
72112 0.659477 0
72120 0.871713 0
72128 0.814953 0
72135 0.000000 0
72142 0.000000 0
72150 0.000000 0
72158 0.000000 0
72165 0.426427 0
72172 0.624404 0
72180 0.315022 0
72188 0.000000 0
72195 0.280407 0
72202 0.000000 0
72210 0.000000 0
72218 0.000000 0
72225 0.000000 0
72232 0.000000 0
72240 0.000000 0
72248 0.000000 0
72255 0.000000 0
72262 0.000000 0
72270 0.109687 0
72278 0.371471 0
72285 0.000000 0
72292 0.000000 0
72300 0.445741 0
72308 0.000000 0
72315 0.000000 0
72322 0.166218 0
72330 0.000000 0
72338 0.000000 0
72345 0.000000 0
72352 0.290445 0
72360 0.452669 0
72368 0.426480 0
72375 0.000000 0
72382 0.000000 0
72390 0.000000 0
72398 0.000000 0
72405 0.000000 0
72412 0.000000 0
72420 0.000000 0
72428 0.000000 0
72435 0.000000 0
72442 0.499216 0
72450 0.000000 0
72458 0.000000 0
72465 0.000000 0
72472 0.000000 0
72480 0.000000 0
72488 0.000000 0
72495 0.000000 0
72502 0.000000 0
72510 0.000000 0
72518 0.000000 0
72525 0.158587 0
72532 0.000000 0
72540 0.000000 0
72548 0.000000 0
72555 0.000000 0
72562 0.387535 0
72570 0.000000 0
72578 0.213863 0
72585 0.533466 0
72592 0.876136 0
72600 0.446717 0
72608 0.000000 0
72615 0.000000 0
72622 0.000000 0
72630 0.000000 0
72638 0.000000 0
72645 0.446200 0
72652 0.126717 0
72660 0.000000 0
72668 0.218879 0
72675 0.292055 0
72682 0.000000 0
72690 0.143132 0
72698 0.421598 0
72705 0.353192 0
72712 0.000000 0
72720 0.000000 0
72728 0.000000 0
72735 0.359752 0
72742 0.369290 0
72750 0.258805 0
72758 0.321105 0
72765 0.287406 0
72772 0.000000 0
72780 0.000000 0
72788 0.222470 0
72795 0.000000 0
72802 0.000000 0
72810 0.000000 0
72818 0.000000 0
72825 0.000000 0
72832 0.363032 0
72840 0.000000 0
72848 0.000000 0
72855 0.000000 0
72862 0.000000 0
72870 0.208722 0
72878 0.000000 0
72885 0.096981 0
72892 0.000000 0
72900 0.000000 0
72908 0.000000 0
72915 0.000000 0
72922 0.000000 0
72930 0.133344 0
72938 0.000000 0
72945 0.000000 0
72952 0.000000 0
72960 0.060293 0
72968 0.000000 0
72975 0.000000 0
72982 0.000000 0
72990 0.000000 0
72998 0.246641 0
73005 0.000000 0
73012 0.000000 0
73020 0.000000 0
73028 0.000000 0
73035 0.000000 0
73042 0.328513 0
73050 0.567198 0
73058 0.847050 0
73065 0.643789 0
73072 0.000000 0
73080 0.000000 0
73088 0.000000 0
73095 0.000000 0
73102 0.000000 0
73110 0.556099 0
73118 0.316714 0
73125 0.000000 0
73132 0.268917 0
73140 0.085847 0
73148 0.000000 0
73155 0.000000 0
73162 0.223003 0
73170 0.128936 0
73178 0.042522 0
73185 0.000000 0
73192 0.000000 0
73200 0.290890 0
73208 0.000000 0
73215 0.000000 0
73222 0.205458 0
73230 0.286972 0
73238 0.000000 0
73245 0.000000 0
73252 0.315826 0
73260 0.000000 0
73268 0.000000 0
73275 0.000000 0
73282 0.029309 0
73290 0.380655 0
73298 0.332540 0
73305 0.000000 0
73312 0.000000 0
73320 0.000000 0
73328 0.000000 0
73335 0.000000 0
73342 0.000000 0
73350 0.000000 0
73358 0.243422 0
73365 0.000000 0
73372 0.000000 0
73380 0.324100 0
73388 0.119060 0
73395 0.000000 0
73402 0.000000 0
73410 0.222012 0
73418 0.260232 0
73425 0.213922 0
73432 0.000000 0
73440 0.000000 0
73448 0.000000 0
73455 0.000000 0
73462 0.168178 0
73470 0.000000 0
73478 0.000000 0
73485 0.279093 0
73492 0.000000 0
73500 0.135501 0
73508 0.200449 0
73515 0.000000 0
73522 0.412592 0
73530 0.682556 0
73538 0.000000 0
73545 0.000000 0
73552 0.000000 0
73560 0.000000 0
73568 0.000000 0
73575 0.000000 0
73582 0.000000 0
73590 0.000000 0
73598 0.307478 0
73605 0.595479 0
73612 0.000000 0
73620 0.084765 0
73628 0.454154 0
73635 0.000000 0
73642 0.135401 0
73650 0.353519 0
73658 0.169288 0
73665 0.065704 0
73672 0.152509 0
73680 0.266325 0
73688 0.244861 0
73695 0.228567 0
73702 0.000000 0
73710 0.000000 0
73718 0.000000 0
73725 0.000000 0
73732 0.302402 0
73740 0.217863 0
73748 0.547827 0
73755 0.239451 0
73762 0.170146 0
73770 0.000000 0
73778 0.000000 0
73785 0.000000 0
73792 0.000000 0
73800 0.000000 0
73808 0.126235 0
73815 0.000000 0
73822 0.000000 0
73830 0.000000 0
73838 0.230096 0
73845 0.000000 0
73852 0.000000 0
73860 0.308903 0
73868 0.000000 0
73875 0.000000 0
73882 0.000000 0
73890 0.000000 0
73898 0.000000 0
73905 0.074141 0
73912 0.000000 0
73920 0.000000 0
73928 0.000000 0
73935 0.000000 0
73942 0.232809 0
73950 0.155183 0
73958 0.093259 0
73965 0.000000 0
73972 0.442869 0
73980 0.928555 0
73988 0.873893 0
73995 0.000000 0
74002 0.000000 0
74010 0.000000 0
74018 0.000000 0
74025 0.000000 0
74032 0.608304 0
74040 0.407504 0
74048 0.000000 0
74055 0.155404 0
74062 0.264602 0
74070 0.247884 0
74078 0.160790 0
74085 0.124561 0
74092 0.000000 0
74100 0.000000 0
74108 0.000000 0
74115 0.000000 0
74122 0.000000 0
74130 0.148267 0
74138 0.289886 0
74145 0.061857 0
74152 0.274084 0
74160 0.000000 0
74168 0.259077 0
74175 0.000000 0
74182 0.323379 0
74190 0.000000 0
74198 0.000000 0
74205 0.171329 0
74212 0.000000 0
74220 0.518047 0
74228 0.337396 0
74235 0.000000 0
74242 0.000000 0
74250 0.000000 0
74258 0.240960 0
74265 0.318892 0
74272 0.283147 0
74280 0.114906 0
74288 0.000000 0
74295 0.000000 0
74302 0.000000 0
74310 0.186929 0
74318 0.000000 0
74325 0.000000 0
74332 0.000000 0
74340 0.000000 0
74348 0.000000 0
74355 0.353106 0
74362 0.216138 0
74370 0.000000 0
74378 0.000000 0
74385 0.000000 0
74392 0.188900 0
74400 0.000000 0
74408 0.171860 0
74415 0.225497 0
74422 0.282360 0
74430 0.129992 0
74438 0.000000 0
74445 0.740575 0
74452 1.000000 0
74460 0.770726 0
74468 0.000000 0
74475 0.000000 0
74482 0.000000 0
74490 0.174646 0
74498 0.384673 0
74505 0.468897 0
74512 0.050717 0
74520 0.000000 0
74528 0.294024 0
74535 0.496702 0
74542 0.052725 0
74550 0.203351 0
74558 0.469283 0
74565 0.264311 0
74572 0.138312 0
74580 0.098899 0
74588 0.336965 0
74595 0.358736 0
74602 0.000000 0
74610 0.405850 0
74618 0.269560 0
74625 0.141530 0
74632 0.000000 0
74640 0.279108 0
74648 0.161827 0
74655 0.338830 0
74662 0.000000 0
74670 0.000000 0
74678 0.000000 0
74685 0.000000 0
74692 0.310245 0
74700 0.298093 0
74708 0.000000 0
74715 0.000000 0
74722 0.000000 0
74730 0.000000 0
74738 0.000000 0
74745 0.000000 0
74752 0.028027 0
74760 0.000000 0
74768 0.000000 0
74775 0.000000 0
74782 0.000000 0
74790 0.000000 0
74798 0.000000 0
74805 0.308472 0
74812 0.174867 0
74820 0.000000 0
74828 0.000000 0
74835 0.035241 0
74842 0.000000 0
74850 0.000000 0
74858 0.000000 0
74865 0.000000 0
74872 0.000000 0
74880 0.000000 0
74888 0.000000 0
74895 0.222273 0
74902 0.282829 0
74910 0.468470 0
74918 0.861425 0
74925 0.936909 0
74932 0.000000 0
74940 0.000000 0
74948 0.000000 0
74955 0.000000 0
74962 0.036942 0
74970 0.209391 0
74978 0.367014 0
74985 0.000000 0
74992 0.000000 0
75000 0.000000 0
75008 0.049851 0
75015 0.109071 0
75022 0.133715 0
75030 0.264229 0
75038 0.000000 0
75045 0.000000 0
75052 0.000000 0
75060 0.000000 0
75068 0.470170 0
75075 0.000000 0
75082 0.000000 0
75090 0.000000 0
75098 0.000000 0
75105 0.150349 0
75112 0.250897 0
75120 0.203672 0
75128 0.000000 0
75135 0.000000 0
75142 0.000000 0
75150 0.324122 0
75158 0.451116 0
75165 0.111166 0
75172 0.000000 0
75180 0.000000 0
75188 0.118478 0
75195 0.000000 0
75202 0.000000 0
75210 0.501840 0
75218 0.143882 0
75225 0.000000 0
75232 0.000000 0
75240 0.000000 0
75248 0.185591 0
75255 0.283193 0
75262 0.000000 0
75270 0.000000 0
75278 0.177914 0
75285 0.253826 0
75292 0.230522 0
75300 0.000000 0
75308 0.000000 0
75315 0.000000 0
75322 0.000000 0
75330 0.000000 0
75338 0.000000 0
75345 0.245325 0
75352 0.000000 0
75360 0.000000 0
75368 0.516412 0
75375 0.971101 0
75382 0.386509 0
75390 0.000000 0
75398 0.000000 0
75405 0.000000 0
75412 0.107685 0
75420 0.082557 0
75428 0.325183 0
75435 0.000000 0
75442 0.000000 0
75450 0.135579 0
75458 0.000000 0
75465 0.146434 0
75472 0.493730 0
75480 0.587562 0
75488 0.372593 0
75495 0.216754 0
75502 0.150487 0
75510 0.219626 0
75518 0.000000 0
75525 0.000000 0
75532 0.163081 0
75540 0.299351 0
75548 0.000000 0
75555 0.191504 0
75562 0.388279 0
75570 0.218825 0
75578 0.000000 0
75585 0.000000 0
75592 0.000000 0
75600 0.000000 0
75608 0.000000 0
75615 0.000000 0
75622 0.000000 0
75630 0.362852 0
75638 0.111958 0
75645 0.000000 0
75652 0.000000 0
75660 0.000000 0
75668 0.000000 0
75675 0.000000 0
75682 0.000000 0
75690 0.223960 0
75698 0.329227 0
75705 0.000000 0
75712 0.462493 0
75720 0.000000 0
75728 0.000000 0
75735 0.000000 0
75742 0.296665 0
75750 0.267815 0
75758 0.000000 0
75765 0.000000 0
75772 0.000000 0
75780 0.000000 0
75788 0.000000 0
75795 0.000000 0
75802 0.000000 0
75810 0.460682 0
75818 0.000000 0
75825 0.000000 0
75832 0.552674 0
75840 1.000000 0
75848 0.662196 0
75855 0.000000 0
75862 0.000000 0
75870 0.000000 0
75878 0.000000 0
75885 0.242507 0
75892 0.436250 0
75900 0.000000 0
75908 0.000000 0
75915 0.000000 0
75922 0.341097 0
75930 0.140570 0
75938 0.000000 0
75945 0.137116 0
75952 0.196768 0
75960 0.252819 0
75968 0.000000 0
75975 0.000000 0
75982 0.000000 0
75990 0.328676 0
75998 0.493202 0
76005 0.000000 0
76012 0.000000 0
76020 0.000000 0
76028 0.139081 0
76035 0.000000 0
76042 0.000000 0
76050 0.000000 0
76058 0.317340 0
76065 0.130492 0
76072 0.000000 0
76080 0.000000 0
76088 0.000000 0
76095 0.136804 0
76102 0.000000 0
76110 0.000000 0
76118 0.272661 0
76125 0.000000 0
76132 0.000000 0
76140 0.000000 0
76148 0.243002 0
76155 0.000000 0
76162 0.000000 0
76170 0.000000 0
76178 0.000000 0
76185 0.000000 0
76192 0.318836 0
76200 0.292511 0
76208 0.277310 0
76215 0.000000 0
76222 0.000000 0
76230 0.000000 0
76238 0.000000 0
76245 0.000000 0
76252 0.000000 0
76260 0.000000 0
76268 0.326751 0
76275 0.000000 0
76282 0.076817 0
76290 0.000000 0
76298 0.000000 0
76305 0.879345 0
76312 0.973460 0
76320 0.242375 0
76328 0.000000 0
76335 0.000000 0
76342 0.000000 0
76350 0.000000 0
76358 0.000000 0
76365 0.213967 0
76372 0.203166 0
76380 0.327835 0
76388 0.000000 0
76395 0.000000 0
76402 0.383163 0
76410 0.421358 0
76418 0.343038 0
76425 0.000000 0
76432 0.000000 0
76440 0.000000 0
76448 0.000000 0
76455 0.448527 0
76462 0.227649 0
76470 0.000000 0
76478 0.000000 0
76485 0.167225 0
76492 0.209480 0
76500 0.000000 0
76508 0.358029 0
76515 0.371038 0
76522 0.184621 0
76530 0.000000 0
76538 0.000000 0
76545 0.212562 0
76552 0.000000 0
76560 0.000000 0
76568 0.197418 0
76575 0.000000 0
76582 0.099174 0
76590 0.000000 0
76598 0.000000 0
76605 0.000000 0
76612 0.163582 0
76620 0.155206 0
76628 0.000000 0
76635 0.147791 0
76642 0.340494 0
76650 0.378612 0
76658 0.000000 0
76665 0.000000 0
76672 0.000000 0
76680 0.000000 0
76688 0.000000 0
76695 0.000000 0
76702 0.000000 0
76710 0.000000 0
76718 0.000000 0
76725 0.000000 0
76732 0.000000 0
76740 0.580619 0
76748 0.331528 0
76755 0.537375 0
76762 0.712774 0
76770 0.663640 0
76778 0.574799 0
76785 0.464477 0
76792 0.000000 0
76800 0.000000 0
76808 0.000000 0
76815 0.000000 0
76822 0.487722 0
76830 0.338836 0
76838 0.000000 0
76845 0.000000 0
76852 0.000000 0
76860 0.225252 0
76868 0.000000 0
76875 0.000000 0
76882 0.000000 0
76890 0.249062 0
76898 0.242083 0
76905 0.000000 0
76912 0.000000 0
76920 0.161053 0
76928 0.189861 0
76935 0.313205 0
76942 0.379377 0
76950 0.411595 0
76958 0.000000 0
76965 0.000000 0
76972 0.000000 0
76980 0.198368 0
76988 0.000000 0
76995 0.304538 0
77002 0.000000 0
77010 0.531311 0
77018 0.647144 0
77025 0.322057 0
77032 0.000000 0
77040 0.000000 0
77048 0.000000 0
77055 0.000000 0
77062 0.055667 0
77070 0.000000 0
77078 0.439779 0
77085 0.220671 0
77092 0.000000 0
77100 0.276558 0
77108 0.000000 0
77115 0.000000 0
77122 0.000000 0
77130 0.000000 0
77138 0.000000 0
77145 0.000000 0
77152 0.028469 0
77160 0.046804 0
77168 0.000000 0
77175 0.224542 0
77182 0.000000 0
77190 0.162072 0
77198 0.719850 0
77205 0.305763 0
77212 0.000000 0
77220 0.296652 0
77228 0.233592 0
77235 0.458452 0
77242 0.568897 0
77250 0.699897 0
77258 0.317032 0
77265 0.000000 0
77272 0.000000 0
77280 0.000000 0
77288 0.047881 0
77295 0.000000 0
77302 0.107037 0
77310 0.000000 0
77318 0.269948 0
77325 0.119423 0
77332 0.432015 0
77340 0.482628 0
77348 0.000000 0
77355 0.000000 0
77362 0.235458 0
77370 0.107209 0
77378 0.000000 0
77385 0.099910 0
77392 0.320892 0
77400 0.000000 0
77408 0.000000 0
77415 0.028323 0
77422 0.000000 0
77430 0.000000 0
77438 0.000000 0
77445 0.094383 0
77452 0.000000 0
77460 0.194840 0
77468 0.000000 0
77475 0.000000 0
77482 0.000000 0
77490 0.151028 0
77498 0.000000 0
77505 0.000000 0
77512 0.000000 0
77520 0.000000 0
77528 0.264499 0
77535 0.000000 0
77542 0.076694 0
77550 0.000000 0
77558 0.000000 0
77565 0.553174 0
77572 0.883346 0
77580 0.759640 0
77588 0.172587 0
77595 0.000000 0
77602 0.000000 0
77610 0.105220 0
77618 0.000000 0
77625 0.320431 0
77632 0.000000 0
77640 0.073838 0
77648 0.071656 0
77655 0.000000 0
77662 0.000000 0
77670 0.151035 0
77678 0.456237 0
77685 0.509486 0
77692 0.533293 0
77700 0.760646 0
77708 0.417734 0
77715 0.000000 0
77722 0.000000 0
77730 0.000000 0
77738 0.000000 0
77745 0.388301 0
77752 0.049262 0
77760 0.000000 0
77768 0.000000 0
77775 0.330493 0
77782 0.461229 0
77790 0.312158 0
77798 0.000000 0
77805 0.000000 0
77812 0.000000 0
77820 0.000000 0
77828 0.000000 0
77835 0.000000 0
77842 0.480232 0
77850 0.474091 0
77858 0.653757 0
77865 0.583672 0
77872 0.144260 0
77880 0.000000 0
77888 0.000000 0
77895 0.232702 0
77902 0.211211 0
77910 0.336221 0
77918 0.000000 0
77925 0.000000 0
77932 0.292149 0
77940 0.314565 0
77948 0.000000 0
77955 0.000000 0
77962 0.000000 0
77970 0.000000 0
77978 0.394079 0
77985 0.456235 0
77992 0.253934 0
78000 0.000000 0
78008 0.000000 0
78015 0.241085 0
78022 0.056304 0
78030 0.000000 0
78038 0.000000 0
78045 0.000000 0
78052 0.000000 0
78060 0.000000 0
78068 0.000000 0
78075 0.000000 0
78082 0.070966 0
78090 0.000000 0
78098 0.000000 0
78105 0.000000 0
78112 0.304461 0
78120 0.000000 0
78128 0.000000 0
78135 0.000000 0
78142 0.130778 0
78150 0.334144 0
78158 0.233990 0
78165 0.878972 0
78172 0.778017 0
78180 0.000000 0
78188 0.000000 0
78195 0.000000 0
78202 0.000000 0
78210 0.000000 0
78218 0.000000 0
78225 0.316347 0
78232 0.206015 0
78240 0.000000 0
78248 0.054979 0
78255 0.034094 0
78262 0.000000 0
78270 0.000000 0
78278 0.424345 0
78285 0.431937 0
78292 0.320843 0
78300 0.224290 0
78308 0.000000 0
78315 0.000000 0
78322 0.000000 0
78330 0.000000 0
78338 0.433795 0
78345 0.000000 0
78352 0.094746 0
78360 0.413618 0
78368 0.224470 0
78375 0.000000 0
78382 0.347348 0
78390 0.353981 0
78398 0.000000 0
78405 0.000000 0
78412 0.000000 0
78420 0.000000 0
78428 0.276614 0
78435 0.000000 0
78442 0.289401 0
78450 0.000000 0
78458 0.000000 0
78465 0.100564 0
78472 0.000000 0
78480 0.000000 0
78488 0.000000 0
78495 0.000000 0
78502 0.000000 0
78510 0.123947 0
78518 0.000000 0
78525 0.000000 0
78532 0.353067 0
78540 0.000000 0
78548 0.000000 0
78555 0.000000 0
78562 0.000000 0
78570 0.169656 0
78578 0.000000 0
78585 0.096897 0
78592 0.162572 0
78600 0.262891 0
78608 0.175967 0
78615 0.000000 0
78622 0.353015 0
78630 0.676038 0
78638 0.910215 0
78645 0.446194 0
78652 0.000000 0
78660 0.000000 0
78668 0.000000 0
78675 0.000000 0
78682 0.353486 0
78690 0.557380 0
78698 0.160256 0
78705 0.234117 0
78712 0.000000 0
78720 0.393702 0
78728 0.000000 0
78735 0.000000 0
78742 0.000000 0
78750 0.000000 0
78758 0.000000 0
78765 0.000000 0
78772 0.000000 0
78780 0.000000 0
78788 0.000000 0
78795 0.000000 0
78802 0.000000 0
78810 0.207014 0
78818 0.474530 0
78825 0.000000 0
78832 0.056498 0
78840 0.000000 0
78848 0.000000 0
78855 0.000000 0
78862 0.000000 0
78870 0.403132 0
78878 0.266623 0
78885 0.000000 0
78892 0.000000 0
78900 0.000000 0
78908 0.319743 0
78915 0.000000 0
78922 0.161195 0
78930 0.000000 0
78938 0.000000 0
78945 0.000000 0
78952 0.190362 0
78960 0.146428 0
78968 0.000000 0
78975 0.000000 0
78982 0.204103 0
78990 0.000000 0
78998 0.190697 0
79005 0.000000 0
79012 0.269613 0
79020 0.000000 0
79028 0.000000 0
79035 0.000000 0
79042 0.000000 0
79050 0.000000 0
79058 0.229032 0
79065 0.000000 0
79072 0.188981 0
79080 0.150950 0
79088 0.282538 0
79095 0.313662 0
79102 0.863632 0
79110 0.825836 0
79118 0.000000 0
79125 0.000000 0
79132 0.000000 0
79140 0.000000 0
79148 0.000000 0
79155 0.000000 0
79162 0.000000 0
79170 0.239840 0
79178 0.196588 0
79185 0.000000 0
79192 0.000000 0
79200 0.245887 0
79208 0.348088 0
79215 0.266662 0
79222 0.290728 0
79230 0.000000 0
79238 0.060111 0
79245 0.268458 0
79252 0.268884 0
79260 0.000000 0
79268 0.000000 0
79275 0.000000 0
79282 0.277098 0
79290 0.000000 0
79298 0.000000 0
79305 0.000000 0
79312 0.354023 0
79320 0.254059 0
79328 0.000000 0
79335 0.000000 0
79342 0.422967 0
79350 0.000000 0
79358 0.239072 0
79365 0.000000 0
79372 0.000000 0
79380 0.000000 0
79388 0.055427 0
79395 0.000000 0
79402 0.286624 0
79410 0.000000 0
79418 0.000000 0
79425 0.000000 0
79432 0.270340 0
79440 0.000000 0
79448 0.000000 0
79455 0.000000 0
79462 0.128256 0
79470 0.000000 0
79478 0.000000 0
79485 0.000000 0
79492 0.217587 0
79500 0.000000 0
79508 0.000000 0
79515 0.000000 0
79522 0.355678 0
79530 0.000000 0
79538 0.000000 0
79545 0.000000 0
79552 0.155558 0
79560 0.465979 0
79568 0.862665 0
79575 0.961724 0
79582 0.378907 0
79590 0.000000 0
79598 0.000000 0
79605 0.000000 0
79612 0.000000 0
79620 0.560672 0
79628 0.403284 0
79635 0.056178 0
79642 0.000000 0
79650 0.000000 0
79658 0.000000 0
79665 0.000000 0
79672 0.324339 0
79680 0.260228 0
79688 0.000000 0
79695 0.000000 0
79702 0.000000 0
79710 0.000000 0
79718 0.303432 0
79725 0.000000 0
79732 0.000000 0
79740 0.263446 0
79748 0.107722 0
79755 0.181873 0
79762 0.184683 0
79770 0.000000 0
79778 0.000000 0
79785 0.000000 0
79792 0.077938 0
79800 0.371504 0
79808 0.465954 0
79815 0.419355 0
79822 0.000000 0
79830 0.000000 0
79838 0.000000 0
79845 0.000000 0
79852 0.000000 0
79860 0.000000 0
79868 0.000000 0
79875 0.148537 0
79882 0.000000 0
79890 0.000000 0
79898 0.221200 0
79905 0.218645 0
79912 0.349803 0
79920 0.000000 0
79928 0.000000 0
79935 0.000000 0
79942 0.000000 0
79950 0.374231 0
79958 0.118014 0
79965 0.349921 0
79972 0.000000 0
79980 0.000000 0
79988 0.000000 0
79995 0.000000 0
80002 0.341762 0
80010 0.000000 0
80018 0.291578 0
80025 0.791495 0
80032 0.498527 0
80040 0.000000 0
80048 0.000000 0
80055 0.000000 0
80062 0.000000 0
80070 0.301496 0
80078 0.198062 0
80085 0.000000 0
80092 0.000000 0
80100 0.000000 0
80108 0.041339 0
80115 0.354549 0
80122 0.000000 0
80130 0.247377 0
80138 0.077801 0
80145 0.372518 0
80152 0.152925 0
80160 0.421011 0
80168 0.018094 0
80175 0.000000 0
80182 0.267143 0
80190 0.232044 0
80198 0.000000 0
80205 0.000000 0
80212 0.240768 0
80220 0.350150 0
80228 0.000000 0
80235 0.000000 0
80242 0.000000 0
80250 0.000000 0
80258 0.000000 0
80265 0.149510 0
80272 0.000000 0
80280 0.000000 0
80288 0.262434 0
80295 0.148460 0
80302 0.217470 0
80310 0.000000 0
80318 0.400094 0
80325 0.000000 0
80332 0.000000 0
80340 0.000000 0
80348 0.321985 0
80355 0.000000 0
80362 0.000000 0
80370 0.000000 0
80378 0.000000 0
80385 0.270649 0
80392 0.000000 0
80400 0.231153 0
80408 0.000000 0
80415 0.000000 0
80422 0.000000 0
80430 0.000000 0
80438 0.000000 0
80445 0.262310 0
80452 0.361151 0
80460 0.000000 0
80468 0.000000 0
80475 0.523607 0
80482 0.540362 0
80490 0.658318 0
80498 0.624789 0
80505 0.000000 0
80512 0.000000 0
80520 0.000000 0
80528 0.000000 0
80535 0.202854 0
80542 0.414686 0
80550 0.320445 0
80558 0.138587 0
80565 0.000000 0
80572 0.118396 0
80580 0.000000 0
80588 0.000000 0
80595 0.403585 0
80602 0.000000 0
80610 0.000000 0
80618 0.000000 0
80625 0.000000 0
80632 0.000000 0
80640 0.148142 0
80648 0.049520 0
80655 0.239947 0
80662 0.341750 0
80670 0.000000 0
80678 0.000000 0
80685 0.143250 0
80692 0.238162 0
80700 0.333190 0
80708 0.000000 0
80715 0.000000 0
80722 0.000000 0
80730 0.000000 0
80738 0.320492 0
80745 0.092043 0
80752 0.000000 0
80760 0.000000 0
80768 0.000000 0
80775 0.000000 0
80782 0.000000 0
80790 0.000000 0
80798 0.000000 0
80805 0.000000 0
80812 0.000000 0
80820 0.000000 0
80828 0.000000 0
80835 0.000000 0
80842 0.000000 0
80850 0.000000 0
80858 0.187550 0
80865 0.371613 0
80872 0.000000 0
80880 0.000000 0
80888 0.000000 0
80895 0.000000 0
80902 0.264993 0
80910 0.336278 0
80918 0.000000 0
80925 0.000000 0
80932 0.000000 0
80940 0.237334 0
80948 0.356521 0
80955 0.586550 0
80962 0.935110 0
80970 0.566886 0
80978 0.000000 0
80985 0.000000 0
80992 0.000000 0
81000 0.000000 0
81008 0.000000 0
81015 0.462957 0
81022 0.000000 0
81030 0.000000 0
81038 0.000000 0
81045 0.000000 0
81052 0.353414 0
81060 0.288118 0
81068 0.445407 0
81075 0.532586 0
81082 0.412064 0
81090 0.270470 0
81098 0.000000 0
81105 0.000000 0
81112 0.206795 0
81120 0.192201 0
81128 0.262225 0
81135 0.000000 0
81142 0.000000 0
81150 0.314376 0
81158 0.000000 0
81165 0.203028 0
81172 0.017875 0
81180 0.000000 0
81188 0.178366 0
81195 0.522473 0
81202 0.251675 0
81210 0.000000 0
81218 0.000000 0
81225 0.000000 0
81232 0.000000 0
81240 0.000000 0
81248 0.269027 0
81255 0.000000 0
81262 0.000000 0
81270 0.180828 0
81278 0.127548 0
81285 0.000000 0
81292 0.000000 0
81300 0.278927 0
81308 0.000000 0
81315 0.000000 0
81322 0.208147 0
81330 0.236106 0
81338 0.000000 0
81345 0.128005 0
81352 0.340090 0
81360 0.000000 0
81368 0.000000 0
81375 0.186554 0
81382 0.000000 0
81390 0.000000 0
81398 0.000000 0
81405 0.000000 0
81412 0.297686 0
81420 0.485364 0
81428 0.889414 0
81435 0.753142 0
81442 0.000000 0
81450 0.000000 0
81458 0.000000 0
81465 0.000000 0
81472 0.138037 0
81480 0.322276 0
81488 0.088256 0
81495 0.000000 0
81502 0.154396 0
81510 0.000000 0
81518 0.130450 0
81525 0.215868 0
81532 0.000000 0
81540 0.120260 0
81548 0.315496 0
81555 0.160157 0
81562 0.380515 0
81570 0.000000 0
81578 0.000000 0
81585 0.000000 0
81592 0.000000 0
81600 0.385451 0
81608 0.148063 0
81615 0.000000 0
81622 0.000000 0
81630 0.000000 0
81638 0.279260 0
81645 0.000000 0
81652 0.405479 0
81660 0.306490 0
81668 0.164589 0
81675 0.000000 0
81682 0.000000 0
81690 0.000000 0
81698 0.186380 0
81705 0.288702 0
81712 0.000000 0
81720 0.000000 0
81728 0.441482 0
81735 0.327896 0
81742 0.000000 0
81750 0.000000 0
81758 0.000000 0
81765 0.000000 0
81772 0.248263 0
81780 0.000000 0
81788 0.173833 0
81795 0.227672 0
81802 0.224587 0
81810 0.085294 0
81818 0.034041 0
81825 0.000000 0
81832 0.000000 0
81840 0.000000 0
81848 0.000000 0
81855 0.355823 0
81862 0.233086 0
81870 0.000000 0
81878 0.000000 0
81885 0.388623 0
81892 0.479848 0
81900 0.793805 0
81908 0.609039 0
81915 0.000000 0
81922 0.000000 0
81930 0.000000 0
81938 0.000000 0
81945 0.000000 0
81952 0.459325 0
81960 0.171229 0
81968 0.000000 0
81975 0.000000 0
81982 0.435701 0
81990 0.382896 0
81998 0.281126 0
82005 0.169061 0
82012 0.477983 0
82020 0.424145 0
82028 0.181352 0
82035 0.311285 0
82042 0.000000 0
82050 0.000000 0
82058 0.320799 0
82065 0.090240 0
82072 0.000000 0
82080 0.266063 0
82088 0.206493 0
82095 0.188810 0
82102 0.364996 0
82110 0.186932 0
82118 0.000000 0
82125 0.000000 0
82132 0.118224 0
82140 0.227315 0
82148 0.000000 0
82155 0.000000 0
82162 0.000000 0
82170 0.000000 0
82178 0.000000 0
82185 0.333593 0
82192 0.039486 0
82200 0.000000 0
82208 0.000000 0
82215 0.197927 0
82222 0.000000 0
82230 0.000000 0
82238 0.255954 0
82245 0.000000 0
82252 0.276040 0
82260 0.303249 0
82268 0.273300 0
82275 0.000000 0
82282 0.000000 0
82290 0.000000 0
82298 0.000000 0
82305 0.125820 0
82312 0.345383 0
82320 0.000000 0
82328 0.086308 0
82335 0.000000 0
82342 0.413490 0
82350 0.343316 0
82358 0.519010 0
82365 0.646341 0
82372 0.635535 0
82380 0.000000 0
82388 0.000000 0
82395 0.000000 0
82402 0.258911 0
82410 0.369080 0
82418 0.251971 0
82425 0.213224 0
82432 0.127655 0
82440 0.000000 0
82448 0.000000 0
82455 0.124855 0
82462 0.161376 0
82470 0.000000 0
82478 0.319765 0
82485 0.392002 0
82492 0.256696 0
82500 0.000000 0
82508 0.000000 0
82515 0.000000 0
82522 0.121233 0
82530 0.335470 0
82538 0.406638 0
82545 0.000000 0
82552 0.000000 0
82560 0.000000 0
82568 0.000000 0
82575 0.000000 0
82582 0.473371 0
82590 0.000000 0
82598 0.000000 0
82605 0.000000 0
82612 0.000000 0
82620 0.000000 0
82628 0.179901 0
82635 0.000000 0
82642 0.000000 0
82650 0.000000 0
82658 0.000000 0
82665 0.000000 0
82672 0.000000 0
82680 0.000000 0
82688 0.000000 0
82695 0.161657 0
82702 0.491922 0
82710 0.375332 0
82718 0.000000 0
82725 0.000000 0
82732 0.000000 0
82740 0.000000 0
82748 0.412093 0
82755 0.422613 0
82762 0.000000 0
82770 0.000000 0
82778 0.000000 0
82785 0.000000 0
82792 0.000000 0
82800 0.268261 0
82808 0.326683 0
82815 0.568542 0
82822 0.933651 0
82830 0.485039 0
82838 0.000000 0
82845 0.000000 0
82852 0.000000 0
82860 0.000000 0
82868 0.000000 0
82875 0.495147 0
82882 0.191430 0
82890 0.000000 0
82898 0.417325 0
82905 0.361795 0
82912 0.295488 0
82920 0.311569 0
82928 0.211554 0
82935 0.206195 0
82942 0.380571 0
82950 0.198788 0
82958 0.163242 0
82965 0.311808 0
82972 0.139453 0
82980 0.292396 0
82988 0.000000 0
82995 0.000000 0
83002 0.000000 0
83010 0.000000 0
83018 0.000000 0
83025 0.000000 0
83032 0.000000 0
83040 0.079638 0
83048 0.323985 0
83055 0.000000 0
83062 0.000000 0
83070 0.000000 0
83078 0.000000 0
83085 0.000000 0
83092 0.193019 0
83100 0.261731 0
83108 0.266945 0
83115 0.000000 0
83122 0.000000 0
83130 0.000000 0
83138 0.000000 0
83145 0.268615 0
83152 0.410307 0
83160 0.000000 0
83168 0.000000 0
83175 0.000000 0
83182 0.000000 0
83190 0.000000 0
83198 0.000000 0
83205 0.000000 0
83212 0.000000 0
83220 0.000000 0
83228 0.236598 0
83235 0.168674 0
83242 0.479193 0
83250 0.000000 0
83258 0.000000 0
83265 0.000000 0
83272 0.274518 0
83280 0.569166 0
83288 0.748681 0
83295 0.557581 0
83302 0.000000 0
83310 0.000000 0
83318 0.000000 0
83325 0.000000 0
83332 0.267224 0
83340 0.445009 0
83348 0.452183 0
83355 0.000000 0
83362 0.229644 0
83370 0.300799 0
83378 0.000000 0
83385 0.000000 0
83392 0.224850 0
83400 0.000000 0
83408 0.000000 0
83415 0.000000 0
83422 0.000000 0
83430 0.338484 0
83438 0.322948 0
83445 0.120885 0
83452 0.193202 0
83460 0.000000 0
83468 0.000000 0
83475 0.371880 0
83482 0.284252 0
83490 0.000000 0
83498 0.000000 0
83505 0.353637 0
83512 0.514292 0
83520 0.000000 0
83528 0.000000 0
83535 0.000000 0
83542 0.000000 0
83550 0.000000 0
83558 0.000000 0
83565 0.000000 0
83572 0.209705 0
83580 0.000000 0
83588 0.000000 0
83595 0.000000 0
83602 0.000000 0
83610 0.000000 0
83618 0.000000 0
83625 0.000000 0
83632 0.257026 0
83640 0.106532 0
83648 0.000000 0
83655 0.000000 0
83662 0.000000 0
83670 0.000000 0
83678 0.000000 0
83685 0.000000 0
83692 0.000000 0
83700 0.230308 0
83708 0.199776 0
83715 0.237483 0
83722 0.000000 0
83730 0.000000 0
83738 0.000000 0
83745 0.000000 0
83752 0.531249 0
83760 1.000000 0
83768 0.358312 0
83775 0.000000 0
83782 0.000000 0
83790 0.000000 0
83798 0.000000 0
83805 0.301469 0
83812 0.518259 0
83820 0.000000 0
83828 0.000000 0
83835 0.000000 0
83842 0.272730 0
83850 0.406124 0
83858 0.000000 0
83865 0.000000 0
83872 0.000000 0
83880 0.239325 0
83888 0.590167 0
83895 0.408834 0
83902 0.417261 0
83910 0.000000 0
83918 0.000000 0
83925 0.000000 0
83932 0.000000 0
83940 0.000000 0
83948 0.000000 0
83955 0.272557 0
83962 0.347333 0
83970 0.139609 0
83978 0.000000 0
83985 0.212112 0
83992 0.000000 0
84000 0.210282 0
84008 0.336006 0
84015 0.318118 0
84022 0.000000 0
84030 0.000000 0
84038 0.000000 0
84045 0.000000 0
84052 0.000000 0
84060 0.256050 0
84068 0.658442 0
84075 0.543392 0
84082 0.476547 0
84090 0.409707 0
84098 0.148752 0
84105 0.000000 0
84112 0.000000 0
84120 0.000000 0
84128 0.197921 0
84135 0.000000 0
84142 0.000000 0
84150 0.000000 0
84158 0.000000 0
84165 0.000000 0
84172 0.254074 0
84180 0.482300 0
84188 0.366029 0
84195 0.163916 0
84202 0.290267 0
84210 0.420197 0
84218 0.605570 0
84225 0.959424 0
84232 0.566866 0
84240 0.000000 0
84248 0.000000 0
84255 0.000000 0
84262 0.000000 0
84270 0.295765 0
84278 0.549865 0
84285 0.187665 0
84292 0.000000 0
84300 0.000000 0
84308 0.154671 0
84315 0.000000 0
84322 0.000000 0
84330 0.000000 0
84338 0.214061 0
84345 0.165564 0
84352 0.000000 0
84360 0.000000 0
84368 0.327405 0
84375 0.518566 0
84382 0.406149 0
84390 0.360723 0
84398 0.386439 0
84405 0.237565 0
84412 0.000000 0
84420 0.293705 0
84428 0.260410 0
84435 0.207540 0
84442 0.275816 0
84450 0.133992 0
84458 0.512990 0
84465 0.401646 0
84472 0.137324 0
84480 0.108592 0
84488 0.000000 0
84495 0.000000 0
84502 0.000000 0
84510 0.000000 0
84518 0.000000 0
84525 0.293742 0
84532 0.158520 0
84540 0.391690 0
84548 0.000000 0
84555 0.000000 0
84562 0.000000 0
84570 0.184691 0
84578 0.000000 0
84585 0.000000 0
84592 0.000000 0
84600 0.000000 0
84608 0.139061 0
84615 0.258191 0
84622 0.175766 0
84630 0.000000 0
84638 0.000000 0
84645 0.000000 0
84652 0.093065 0
84660 0.382851 0
84668 0.509395 0
84675 1.000000 0
84682 0.891274 0
84690 0.000000 0
84698 0.000000 0
84705 0.000000 0
84712 0.000000 0
84720 0.000000 0
84728 0.000000 0
84735 0.000000 0
84742 0.000000 0
84750 0.000000 0
84758 0.000000 0
84765 0.000000 0
84772 0.000000 0
84780 0.379736 0
84788 0.380763 0
84795 0.000000 0
84802 0.165295 0
84810 0.359616 0
84818 0.266523 0
84825 0.000000 0
84832 0.240620 0
84840 0.248336 0
84848 0.000000 0
84855 0.000000 0
84862 0.453477 0
84870 0.310409 0
84878 0.000000 0
84885 0.000000 0
84892 0.340252 0
84900 0.000000 0
84908 0.124439 0
84915 0.562095 0
84922 0.000000 0
84930 0.000000 0
84938 0.000000 0
84945 0.000000 0
84952 0.000000 0
84960 0.000000 0
84968 0.000000 0
84975 0.000000 0
84982 0.000000 0
84990 0.000000 0
84998 0.000000 0
85005 0.166238 0
85012 0.176231 0
85020 0.621776 0
85028 0.535091 0
85035 0.389483 0
85042 0.383284 0
85050 0.324475 0
85058 0.000000 0
85065 0.000000 0
85072 0.000000 0
85080 0.000000 0
85088 0.000000 0
85095 0.000000 0
85102 0.067300 0
85110 0.000000 0
85118 0.000000 0
85125 0.655985 0
85132 0.776030 0
85140 1.000000 0
85148 0.959798 0
85155 0.000000 0
85162 0.000000 0
85170 0.000000 0
85178 0.000000 0
85185 0.252437 0
85192 0.251598 0
85200 0.183061 0
85208 0.000000 0
85215 0.229002 0
85222 0.000000 0
85230 0.080351 0
85238 0.000000 0
85245 0.000000 0
85252 0.220434 0
85260 0.000000 0
85268 0.000000 0
85275 0.000000 0
85282 0.000000 0
85290 0.226967 0
85298 0.392652 0
85305 0.000000 0
85312 0.000000 0
85320 0.000000 0
85328 0.000000 0
85335 0.000000 0
85342 0.000000 0
85350 0.000000 0
85358 0.000000 0
85365 0.334825 0
85372 0.000000 0
85380 0.739065 0
85388 0.800401 0
85395 0.000000 0
85402 0.000000 0
85410 0.000000 0
85418 0.000000 0
85425 0.000000 0
85432 0.231399 0
85440 0.324391 0
85448 0.000000 0
85455 0.000000 0
85462 0.218321 0
85470 0.000000 0
85478 0.000000 0
85485 0.000000 0
85492 0.000000 0
85500 0.189717 0
85508 0.397805 0
85515 0.000000 0
85522 0.328710 0
85530 0.348075 0
85538 0.000000 0
85545 0.000000 0
85552 0.154249 0
85560 0.000000 0
85568 0.000000 0
85575 0.000000 0
85582 0.126920 0
85590 0.000000 0
85598 0.000000 0
85605 0.274952 0
85612 1.000000 0
85620 0.820651 0
85628 0.000000 0
85635 0.000000 0
85642 0.000000 0
85650 0.000000 0
85658 0.155544 0
85665 0.308861 0
85672 0.000000 0
85680 0.000000 0
85688 0.000000 0
85695 0.171725 0
85702 0.341848 0
85710 0.000000 0
85718 0.364815 0
85725 0.427393 0
85732 0.000000 0
85740 0.177273 0
85748 0.000000 0
85755 0.000000 0
85762 0.392714 0
85770 0.273245 0
85778 0.000000 0
85785 0.000000 0
85792 0.000000 0
85800 0.000000 0
85808 0.000000 0
85815 0.247150 0
85822 0.105980 0
85830 0.000000 0
85838 0.017353 0
85845 0.000000 0
85852 0.293401 0
85860 0.000000 0
85868 0.243437 0
85875 0.000000 0
85882 0.244215 0
85890 0.000000 0
85898 0.000000 0
85905 0.000000 0
85912 0.000000 0
85920 0.000000 0
85928 0.000000 0
85935 0.000000 0
85942 0.000000 0
85950 0.000000 0
85958 0.000000 0
85965 0.055094 0
85972 0.000000 0
85980 0.000000 0
85988 0.199235 0
85995 0.000000 0
86002 0.000000 0
86010 0.000000 0
86018 0.000000 0
86025 0.000000 0
86032 0.000000 0
86040 0.000000 0
86048 0.153102 0
86055 0.056844 0
86062 0.000000 0
86070 0.543892 0
86078 0.789851 0
86085 0.762745 0
86092 0.000000 0
86100 0.000000 0
86108 0.000000 0
86115 0.000000 0
86122 0.264992 0
86130 0.373804 0
86138 0.313575 0
86145 0.000000 0
86152 0.000000 0
86160 0.229355 0
86168 0.342764 0
86175 0.000000 0
86182 0.000000 0
86190 0.209312 0
86198 0.000000 0
86205 0.000000 0
86212 0.000000 0
86220 0.000000 0
86228 0.000000 0
86235 0.000000 0
86242 0.000000 0
86250 0.000000 0
86258 0.000000 0
86265 0.170538 0
86272 0.290008 0
86280 0.117493 0
86288 0.000000 0
86295 0.000000 0
86302 0.000000 0
86310 0.468654 0
86318 0.304006 0
86325 0.000000 0
86332 0.000000 0
86340 0.000000 0
86348 0.000000 0
86355 0.000000 0
86362 0.000000 0
86370 0.000000 0
86378 0.362930 0
86385 0.000000 0
86392 0.000000 0
86400 0.000000 0
86408 0.000000 0
86415 0.319756 0
86422 0.000000 0
86430 0.000000 0
86438 0.000000 0
86445 0.217673 0
86452 0.100306 0
86460 0.000000 0
86468 0.000000 0
86475 0.000000 0
86482 0.000000 0
86490 0.000000 0
86498 0.000000 0
86505 0.000000 0
86512 0.000000 0
86520 0.000000 0
86528 0.000000 0
86535 0.290902 0
86542 0.360707 0
86550 1.000000 0
86558 0.716517 0
86565 0.000000 0
86572 0.000000 0
86580 0.000000 0
86588 0.000000 0
86595 0.000000 0
86602 0.000000 0
86610 0.000000 0
86618 0.000000 0
86625 0.000000 0
86632 0.000000 0
86640 0.127311 0
86648 0.283929 0
86655 0.375931 0
86662 0.359712 0
86670 0.000000 0
86678 0.095260 0
86685 0.432236 0
86692 0.313312 0
86700 0.297224 0
86708 0.313805 0
86715 0.255791 0
86722 0.331143 0
86730 0.000000 0
86738 0.000000 0
86745 0.314844 0
86752 0.362532 0
86760 0.127266 0
86768 0.175672 0
86775 0.278406 0
86782 0.807351 0
86790 0.559973 0
86798 0.000000 0
86805 0.000000 0
86812 0.000000 0
86820 0.065881 0
86828 0.000000 0
86835 0.000000 0
86842 0.000000 0
86850 0.109343 0
86858 0.270334 0
86865 0.000000 0
86872 0.390916 0
86880 0.000000 0
86888 0.048014 0
86895 0.000000 0
86902 0.000000 0
86910 0.000000 0
86918 0.075837 0
86925 0.319628 0
86932 0.000000 0
86940 0.000000 0
86948 0.000000 0
86955 0.000000 0
86962 0.000000 0
86970 0.000000 0
86978 0.233443 0
86985 0.000000 0
86992 0.441088 0
87000 0.764636 0
87008 1.000000 0
87015 0.791607 0
87022 0.000000 0
87030 0.000000 0
87038 0.000000 0
87045 0.000000 0
87052 0.000000 0
87060 0.429721 0
87068 0.264867 0
87075 0.000000 0
87082 0.133821 0
87090 0.205124 0
87098 0.000000 0
87105 0.000000 0
87112 0.131670 0
87120 0.000000 0
87128 0.000000 0
87135 0.000000 0
87142 0.000000 0
87150 0.000000 0
87158 0.258836 0
87165 0.142807 0
87172 0.239551 0
87180 0.121771 0
87188 0.325031 0
87195 0.275993 0
87202 0.000000 0
87210 0.000000 0
87218 0.000000 0
87225 0.199274 0
87232 0.000000 0
87240 0.236005 0
87248 0.719988 0
87255 0.000000 0
87262 0.000000 0
87270 0.000000 0
87278 0.000000 0
87285 0.000000 0
87292 0.000000 0
87300 0.000000 0
87308 0.313928 0
87315 0.000000 0
87322 0.000000 0
87330 0.000000 0
87338 0.000000 0
87345 0.000000 0
87352 0.000000 0
87360 0.000000 0
87368 0.000000 0
87375 0.109523 0
87382 0.387388 0
87390 0.000000 0
87398 0.242538 0
87405 0.000000 0
87412 0.000000 0
87420 0.000000 0
87428 0.000000 0
87435 0.000000 0
87442 0.000000 0
87450 0.147613 0
87458 0.000000 0
87465 0.000000 0
87472 1.000000 0
87480 1.000000 0
87488 0.474026 0
87495 0.000000 0
87502 0.000000 0
87510 0.000000 0
87518 0.000000 0
87525 0.000000 0
87532 0.264092 0
87540 0.000000 0
87548 0.000000 0
87555 0.000000 0
87562 0.000000 0
87570 0.184201 0
87578 0.320831 0
87585 0.339172 0
87592 0.376577 0
87600 0.224381 0
87608 0.432870 0
87615 0.000000 0
87622 0.000000 0
87630 0.101359 0
87638 0.000000 0
87645 0.525199 0
87652 0.352919 0
87660 0.266539 0
87668 0.000000 0
87675 0.000000 0
87682 0.460735 0
87690 0.411929 0
87698 0.411859 0
87705 0.305979 0
87712 0.029009 0
87720 0.104573 0
87728 0.000000 0
87735 0.000000 0
87742 0.000000 0
87750 0.000000 0
87758 0.276542 0
87765 0.503716 0
87772 0.000000 0
87780 0.000000 0
87788 0.000000 0
87795 0.249996 0
87802 0.000000 0
87810 0.000000 0
87818 0.282543 0
87825 0.240415 0
87832 0.000000 0
87840 0.000000 0
87848 0.425628 0
87855 0.753070 0
87862 0.274816 0
87870 0.000000 0
87878 0.000000 0
87885 0.000000 0
87892 0.000000 0
87900 0.599119 0
87908 0.000000 0
87915 0.416210 0
87922 0.671755 0
87930 0.813334 0
87938 0.957026 0
87945 1.000000 0
87952 0.591117 0
87960 0.000000 0
87968 0.000000 0
87975 0.000000 0
87982 0.000000 0
87990 0.362341 0
87998 0.567004 0
88005 0.362052 0
88012 0.000000 0
88020 0.298015 0
88028 0.275542 0
88035 0.000000 0
88042 0.000000 0
88050 0.000000 0
88058 0.000000 0
88065 0.000000 0
88072 0.000000 0
88080 0.000000 0
88088 0.000000 0
88095 0.000000 0
88102 0.000000 0
88110 0.346399 0
88118 0.257059 0
88125 0.142522 0
88132 0.263798 0
88140 0.000000 0
88148 0.000000 0
88155 0.000000 0
88162 0.000000 0
88170 0.410771 0
88178 1.000000 0
88185 0.790601 0
88192 0.280271 0
88200 0.000000 0
88208 0.100438 0
88215 0.000000 0
88222 0.073805 0
88230 0.000000 0
88238 0.000000 0
88245 0.000000 0
88252 0.000000 0
88260 0.309096 0
88268 0.000000 0
88275 0.019450 0
88282 0.000000 0
88290 0.000000 0
88298 0.000000 0
88305 0.000000 0
88312 0.344352 0
88320 0.668141 0
88328 0.409938 0
88335 0.000000 0
88342 0.000000 0
88350 0.000000 0
88358 0.000000 0
88365 0.000000 0
88372 0.000000 0
88380 0.000000 0
88388 0.000000 0
88395 0.000000 0
88402 1.000000 0
88410 1.000000 0
88418 0.662909 0
88425 0.000000 0
88432 0.000000 0
88440 0.000000 0
88448 0.000000 0
88455 0.000000 0
88462 0.227815 0
88470 0.000000 0
88478 0.000000 0
88485 0.000000 0
88492 0.000000 0
88500 0.000000 0
88508 0.000000 0
88515 0.000000 0
88522 0.000000 0
88530 0.000000 0
88538 0.000000 0
88545 0.157770 0
88552 0.341401 0
88560 0.324014 0
88568 0.000000 0
88575 0.227440 0
88582 0.000000 0
88590 0.000000 0
88598 0.000000 0
88605 0.000000 0
88612 0.000000 0
88620 0.000000 0
88628 0.000000 0
88635 1.000000 0
88642 1.000000 0
88650 0.744077 0
88658 0.370313 0
88665 0.000000 0
88672 0.000000 0
88680 0.000000 0
88688 0.000000 0
88695 0.000000 0
88702 0.000000 0
88710 0.000000 0
88718 0.000000 0
88725 0.000000 0
88732 0.000000 0
88740 0.000000 0
88748 0.000000 0
88755 0.142003 0
88762 0.292747 0
88770 0.000000 0
88778 0.000000 0
88785 0.000000 0
88792 0.000000 0
88800 0.000000 0
88808 0.000000 0
88815 0.000000 0
88822 0.000000 0
88830 0.000000 0
88838 0.000000 0
88845 0.000000 0
88852 0.305969 0
88860 0.411517 0
88868 0.563252 0
88875 0.944695 0
88882 0.516537 0
88890 0.000000 0
88898 0.000000 0
88905 0.000000 0
88912 0.000000 0
88920 0.294106 0
88928 0.521603 0
88935 0.101964 0
88942 0.000000 0
88950 0.492839 0
88958 0.318369 0
88965 0.000000 0
88972 0.000000 0
88980 0.000000 0
88988 0.000000 0
88995 0.000000 0
89002 0.000000 0
89010 0.000000 0
89018 0.000000 0
89025 0.000000 0
89032 0.240356 0
89040 0.000000 0
89048 0.000000 0
89055 0.000000 0
89062 0.000000 0
89070 0.000000 0
89078 0.000000 0
89085 0.000000 0
89092 0.527338 0
89100 0.600437 0
89108 1.000000 0
89115 1.000000 0
89122 0.000000 0
89130 0.000000 0
89138 0.000000 0
89145 0.000000 0
89152 0.000000 0
89160 0.000000 0
89168 0.000000 0
89175 0.000000 0
89182 0.238410 0
89190 0.000000 0
89198 0.000000 0
89205 0.000000 0
89212 0.097029 0
89220 0.095479 0
89228 0.380775 0
89235 0.000000 0
89242 0.000000 0
89250 0.142576 0
89258 0.000000 0
89265 0.000000 0
89272 0.000000 0
89280 0.000000 0
89288 0.000000 0
89295 0.000000 0
89302 0.000000 0
89310 0.000000 0
89318 0.062516 0
89325 0.308331 0
89332 0.137939 0
89340 0.784728 0
89348 1.000000 0
89355 0.000000 0
89362 0.000000 0
89370 0.000000 0
89378 0.000000 0
89385 0.000000 0
89392 0.488230 0
89400 0.269552 0
89408 0.000000 0
89415 0.000000 0
89422 0.000000 0
89430 0.000000 0
89438 0.000000 0
89445 0.146800 0
89452 0.282120 0
89460 0.000000 0
89468 0.265184 0
89475 0.273032 0
89482 0.000000 0
89490 0.131158 0
89498 0.109192 0
89505 0.229268 0
89512 0.477321 0
89520 0.198449 0
89528 0.000000 0
89535 0.000000 0
89542 0.189473 0
89550 0.000000 0
89558 0.000000 0
89565 0.000000 0
89572 0.000000 0
89580 0.184011 0
89588 0.000000 0
89595 0.000000 0
89602 0.000000 0
89610 0.000000 0
89618 0.000000 0
89625 0.000000 0
89632 0.000000 0
89640 0.000000 0
89648 0.000000 0
89655 0.000000 0
89662 0.000000 0
89670 0.050392 0
89678 0.424874 0
89685 0.431293 0
89692 0.000000 0
89700 0.000000 0
89708 0.000000 0
89715 0.000000 0
89722 0.000000 0
89730 0.000000 0
89738 0.000000 0
89745 0.000000 0
89752 0.354103 0
89760 0.317431 0
89768 0.292942 0
89775 0.000000 0
89782 0.000000 0
89790 0.764063 0
89798 0.873647 0
89805 0.000000 0
89812 0.000000 0
89820 0.000000 0
89828 0.000000 0
89835 0.000000 0
89842 0.000000 0
89850 0.328659 0
89858 0.000000 0
89865 0.000000 0
89872 0.205568 0
89880 0.000000 0
89888 0.000000 0
89895 0.000000 0
89902 0.000000 0
89910 0.000000 0
89918 0.000000 0
89925 0.000000 0
89932 0.000000 0
89940 0.000000 0
89948 0.234290 0
89955 0.386865 0
89962 0.523805 0
89970 0.528482 0
89978 0.000000 0
89985 0.000000 0
89992 0.000000 0
90000 0.000000 0
90008 0.149775 0
90015 0.320662 0
90022 0.264100 0
90030 0.000000 0
90038 0.295988 0
90045 0.000000 0
90052 0.000000 0
90060 0.000000 0
90068 0.000000 0
90075 0.095673 0
90082 0.000000 0
90090 0.000000 0
90098 0.000000 0
90105 0.000000 0
90112 0.090670 0
90120 0.113992 0
90128 0.000000 0
90135 0.000000 0
90142 0.000000 0
90150 0.277810 0
90158 0.318787 0
90165 0.169990 0
90172 0.000000 0
90180 0.000000 0
90188 0.000000 0
90195 0.276381 0
90202 0.000000 0
90210 0.000000 0
90218 0.000000 0
90225 0.000000 0
90232 0.000000 0
90240 0.000000 0
90248 0.083378 0
90255 0.153614 0
90262 0.865694 0
90270 0.943590 0
90278 0.000000 0
90285 0.000000 0
90292 0.000000 0
90300 0.000000 0
90308 0.000000 0
90315 0.000000 0
90322 0.272584 0
90330 0.000000 0
90338 0.000000 0
90345 0.000000 0
90352 0.088681 0
90360 0.295946 0
90368 0.000000 0
90375 0.387999 0
90382 0.318387 0
90390 0.364183 0
90398 0.000000 0
90405 0.210125 0
90412 0.000000 0
90420 0.000000 0
90428 0.494815 0
90435 0.410063 0
90442 0.000000 0
90450 0.000000 0
90458 0.166484 0
90465 0.000000 0
90472 0.000000 0
90480 0.191929 0
90488 0.301042 0
90495 0.000000 0
90502 0.000000 0
90510 0.000000 0
90518 0.000000 0
90525 0.188453 0
90532 0.389253 0
90540 0.000000 0
90548 0.000000 0
90555 0.000000 0
90562 0.134100 0
90570 0.255854 0
90578 0.082491 0
90585 0.000000 0
90592 0.000000 0
90600 0.000000 0
90608 0.000000 0
90615 0.000000 0
90622 0.000000 0
90630 0.000000 0
90638 0.000000 0
90645 0.000000 0
90652 0.000000 0
90660 0.616637 0
90668 0.260686 0
90675 0.000000 0
90682 0.000000 0
90690 0.374542 0
90698 0.325535 0
90705 0.000000 0
90712 0.000000 0
90720 0.000000 0
90728 0.589794 0
90735 0.801202 0
90742 0.140122 0
90750 0.000000 0
90758 0.000000 0
90765 0.000000 0
90772 0.000000 0
90780 0.524864 0
90788 0.415586 0
90795 0.000000 0
90802 0.000000 0
90810 0.063916 0
90818 0.203906 0
90825 0.111829 0
90832 0.000000 0
90840 0.000000 0
90848 0.000000 0
90855 0.000000 0
90862 0.000000 0
90870 0.000000 0
90878 0.000000 0
90885 0.422808 0
90892 0.716074 0
90900 0.385413 0
90908 0.000000 0
90915 0.443071 0
90922 0.464230 0
90930 0.000000 0
90938 0.201668 0
90945 0.239445 0
90952 0.000000 0
90960 0.096485 0
90968 0.324621 0
90975 0.218431 0
90982 0.000000 0
90990 0.000000 0
90998 0.456863 0
91005 0.534678 0
91012 0.000000 0
91020 0.000000 0
91028 0.056429 0
91035 0.000000 0
91042 0.000000 0
91050 0.000000 0
91058 0.000000 0
91065 0.177057 0
91072 0.345003 0
91080 0.266727 0
91088 0.000000 0
91095 0.204000 0
91102 0.354987 0
91110 0.000000 0
91118 0.000000 0
91125 0.000000 0
91132 0.000000 0
91140 0.000000 0
91148 0.782902 0
91155 1.000000 0
91162 0.553335 0
91170 0.000000 0
91178 0.000000 0
91185 0.131343 0
91192 0.000000 0
91200 0.748672 0
91208 0.751702 0
91215 0.000000 0
91222 0.000000 0
91230 0.000000 0
91238 0.000000 0
91245 0.000000 0
91252 0.347107 0
91260 0.000000 0
91268 0.000000 0
91275 0.000000 0
91282 0.000000 0
91290 0.000000 0
91298 0.197505 0
91305 0.232635 0
91312 0.000000 0
91320 0.000000 0
91328 0.272840 0
91335 0.200600 0
91342 0.000000 0
91350 0.000000 0
91358 0.000000 0
91365 0.127374 0
91372 0.000000 0
91380 0.361176 0
91388 0.099116 0
91395 0.000000 0
91402 0.000000 0
91410 0.000000 0
91418 0.096495 0
91425 0.053760 0
91432 0.346449 0
91440 0.606890 0
91448 0.176051 0
91455 0.000000 0
91462 0.000000 0
91470 0.000000 0
91478 0.000000 0
91485 0.000000 0
91492 0.000000 0
91500 0.209978 0
91508 0.000000 0
91515 0.293704 0
91522 0.308090 0
91530 0.000000 0
91538 0.000000 0
91545 0.000000 0
91552 0.408388 0
91560 0.488647 0
91568 0.506947 0
91575 0.035820 0
91582 0.000000 0
91590 0.243840 0
91598 0.286961 0
91605 0.311033 0
91612 0.000000 0
91620 0.292325 0
91628 0.000000 0
91635 0.000000 0
91642 0.000000 0
91650 0.000000 0
91658 0.251450 0
91665 0.831551 0
91672 0.923339 0
91680 0.000000 0
91688 0.000000 0
91695 0.000000 0
91702 0.000000 0
91710 0.000000 0
91718 0.621714 0
91725 0.494981 0
91732 0.000000 0
91740 0.000000 0
91748 0.000000 0
91755 0.219640 0
91762 0.000000 0
91770 0.000000 0
91778 0.000000 0
91785 0.000000 0
91792 0.000000 0
91800 0.000000 0
91808 0.000000 0
91815 0.000000 0
91822 0.000000 0
91830 0.448078 0
91838 0.466079 0
91845 0.000000 0
91852 0.000000 0
91860 0.000000 0
91868 0.000000 0
91875 0.000000 0
91882 0.000000 0
91890 0.000000 0
91898 0.293952 0
91905 0.660200 0
91912 0.599328 0
91920 0.461050 0
91928 0.000000 0
91935 0.000000 0
91942 0.000000 0
91950 0.000000 0
91958 0.000000 0
91965 0.494360 0
91972 0.329072 0
91980 0.000000 0
91988 0.000000 0
91995 0.000000 0
92002 0.000000 0
92010 0.000000 0
92018 0.000000 0
92025 0.000000 0
92032 0.188591 0
92040 0.000000 0
92048 0.000000 0
92055 0.000000 0
92062 0.226639 0
92070 0.000000 0
92078 0.926529 0
92085 0.692531 0
92092 0.249733 0
92100 0.412563 0
92108 0.364989 0
92115 0.403995 0
92122 0.813658 0
92130 0.299448 0
92138 0.000000 0
92145 0.000000 0
92152 0.000000 0
92160 0.000000 0
92168 0.000000 0
92175 0.305550 0
92182 0.000000 0
92190 0.000000 0
92198 0.000000 0
92205 0.000000 0
92212 0.000000 0
92220 0.259295 0
92228 0.410251 0
92235 0.000000 0
92242 0.000000 0
92250 0.202668 0
92258 0.210846 0
92265 0.261606 0
92272 0.000000 0
92280 0.000000 0
92288 0.000000 0
92295 0.215756 0
92302 0.000000 0
92310 0.312645 0
92318 0.109992 0
92325 0.000000 0
92332 0.243527 0
92340 0.384992 0
92348 0.476701 0
92355 0.699124 0
92362 0.768085 0
92370 0.000000 0
92378 0.000000 0
92385 0.370276 0
92392 0.368121 0
92400 0.000000 0
92408 0.000000 0
92415 0.060418 0
92422 0.000000 0
92430 0.000000 0
92438 0.000000 0
92445 0.000000 0
92452 0.000000 0
92460 0.072894 0
92468 0.188806 0
92475 0.000000 0
92482 0.000000 0
92490 0.000000 0
92498 0.000000 0
92505 0.000000 0
92512 0.000000 0
92520 0.000000 0
92528 0.000000 0
92535 0.000000 0
92542 0.255656 0
92550 0.371041 0
92558 0.383020 0
92565 0.272347 0
92572 0.721719 0
92580 0.793905 0
92588 1.000000 0
92595 0.750976 0
92602 0.000000 0
92610 0.000000 0
92618 0.000000 0
92625 0.000000 0
92632 0.000000 0
92640 0.357650 0
92648 0.281856 0
92655 0.000000 0
92662 0.000000 0
92670 0.000000 0
92678 0.000000 0
92685 0.157597 0
92692 0.000000 0
92700 0.000000 0
92708 0.000000 0
92715 0.000000 0
92722 0.000000 0
92730 0.000000 0
92738 0.000000 0
92745 0.000000 0
92752 0.305962 0
92760 0.000000 0
92768 0.000000 0
92775 0.635405 0
92782 0.432313 0
92790 0.000000 0
92798 0.000000 0
92805 0.127763 0
92812 0.000000 0
92820 0.427546 0
92828 0.350940 0
92835 0.000000 0
92842 0.000000 0
92850 0.000000 0
92858 0.000000 0
92865 0.000000 0
92872 0.000000 0
92880 0.000000 0
92888 0.000000 0
92895 0.000000 0
92902 0.000000 0
92910 0.383270 0
92918 0.118506 0
92925 0.000000 0
92932 0.000000 0
92940 0.000000 0
92948 0.255751 0
92955 0.000000 0
92962 0.000000 0
92970 0.000000 0
92978 0.000000 0
92985 0.266772 0
92992 0.000000 0
93000 0.000000 0
93008 0.000000 0
93015 0.000000 0
93022 0.000000 0
93030 0.000000 0
93038 0.000000 0
93045 0.197556 0
93052 1.000000 0
93060 1.000000 0
93068 0.115428 0
93075 0.000000 0
93082 0.000000 0
93090 0.000000 0
93098 0.000000 0
93105 0.000000 0
93112 0.000000 0
93120 0.000000 0
93128 0.000000 0
93135 0.118205 0
93142 0.248564 0
93150 0.000000 0
93158 0.307294 0
93165 0.000000 0
93172 0.000000 0
93180 0.311864 0
93188 0.383840 0
93195 0.000000 0
93202 0.000000 0
93210 0.243548 0
93218 0.000000 0
93225 0.000000 0
93232 0.000000 0
93240 0.000000 0
93248 0.000000 0
93255 0.291428 0
93262 0.357722 0
93270 0.000000 0
93278 0.312332 0
93285 0.000000 0
93292 0.000000 0
93300 0.000000 0
93308 0.000000 0
93315 0.000000 0
93322 0.000000 0
93330 0.000000 0
93338 0.000000 0
93345 0.000000 0
93352 0.000000 0
93360 0.000000 0
93368 0.000000 0
93375 0.000000 0
93382 0.178588 0
93390 0.000000 0
93398 0.000000 0
93405 0.170525 0
93412 0.000000 0
93420 0.000000 0
93428 0.000000 0
93435 0.000000 0
93442 0.000000 0
93450 0.000000 0
93458 0.000000 0
93465 0.000000 0
93472 0.000000 0
93480 0.000000 0
93488 0.000000 0
93495 0.000000 0
93502 0.260840 0
93510 0.586699 0
93518 0.778011 0
93525 0.911412 0
93532 0.605657 0
93540 0.000000 0
93548 0.000000 0
93555 0.000000 0
93562 0.000000 0
93570 0.475441 0
93578 0.474869 0
93585 0.000000 0
93592 0.332167 0
93600 0.178637 0
93608 0.354247 0
93615 0.000000 0
93622 0.000000 0
93630 0.185064 0
93638 0.000000 0
93645 0.000000 0
93652 0.000000 0
93660 0.000000 0
93668 0.000000 0
93675 0.000000 0
93682 0.000000 0
93690 0.323460 0
93698 0.177946 0
93705 0.000000 0
93712 0.172560 0
93720 0.000000 0
93728 0.000000 0
93735 0.381801 0
93742 0.000000 0
93750 0.453564 0
93758 1.000000 0
93765 0.560111 0
93772 0.000000 0
93780 0.000000 0
93788 0.000000 0
93795 0.184963 0
93802 0.419981 0
93810 0.318520 0
93818 0.000000 0
93825 0.000000 0
93832 0.000000 0
93840 0.000000 0
93848 0.000000 0
93855 0.000000 0
93862 0.000000 0
93870 0.000000 0
93878 0.000000 0
93885 0.000000 0
93892 0.767767 0
93900 0.567273 0
93908 0.331845 0
93915 0.000000 0
93922 0.000000 0
93930 0.000000 0
93938 0.000000 0
93945 0.000000 0
93952 0.000000 0
93960 0.000000 0
93968 0.408913 0
93975 0.000000 0
93982 0.854194 0
93990 1.000000 0
93998 0.793450 0
94005 0.000000 0
94012 0.000000 0
94020 0.000000 0
94028 0.000000 0
94035 0.000000 0
94042 0.000000 0
94050 0.000000 0
94058 0.000000 0
94065 0.000000 0
94072 0.000000 0
94080 0.000000 0
94088 0.000000 0
94095 0.059938 0
94102 0.429006 0
94110 0.000000 0
94118 0.000000 0
94125 0.482476 0
94132 0.376182 0
94140 0.506869 0
94148 0.471293 0
94155 0.314883 0
94162 0.000000 0
94170 0.000000 0
94178 0.000000 0
94185 0.000000 0
94192 0.000000 0
94200 0.000000 0
94208 0.000000 0
94215 1.000000 0
94222 1.000000 0
94230 0.367439 0
94238 0.000000 0
94245 0.000000 0
94252 0.000000 0
94260 0.000000 0
94268 0.000000 0
94275 0.000000 0
94282 0.000000 0
94290 0.000000 0
94298 0.000000 0
94305 0.000000 0
94312 0.000000 0
94320 0.334812 0
94328 0.000000 0
94335 0.449285 0
94342 0.000000 0
94350 0.627561 0
94358 0.593488 0
94365 0.640827 0
94372 0.000000 0
94380 0.000000 0
94388 0.000000 0
94395 0.000000 0
94402 0.183845 0
94410 0.000000 0
94418 0.122803 0
94425 0.000000 0
94432 0.728839 0
94440 1.000000 0
94448 0.840039 0
94455 0.719780 0
94462 0.339265 0
94470 0.000000 0
94478 0.000000 0
94485 0.000000 0
94492 0.000000 0
94500 0.439419 0
94508 0.478220 0
94515 0.000000 0
94522 0.000000 0
94530 0.356549 0
94538 0.000000 0
94545 0.000000 0
94552 0.000000 0
94560 0.000000 0
94568 0.000000 0
94575 0.000000 0
94582 0.000000 0
94590 0.000000 0
94598 0.000000 0
94605 0.205383 0
94612 0.208759 0
94620 0.223417 0
94628 0.000000 0
94635 0.229934 0
94642 0.000000 0
94650 0.000000 0
94658 0.115282 0
94665 0.141707 0
94672 0.000000 0
94680 0.000000 0
94688 0.728743 0
94695 0.309777 0
94702 0.000000 0
94710 0.000000 0
94718 0.000000 0
94725 0.000000 0
94732 0.000000 0
94740 0.000000 0
94748 0.000000 0
94755 0.000000 0
94762 0.000000 0
94770 0.100969 0
94778 0.000000 0
94785 0.000000 0
94792 0.000000 0
94800 0.000000 0
94808 0.000000 0
94815 0.000000 0
94822 0.060797 0
94830 0.397738 0
94838 0.000000 0
94845 0.000000 0
94852 0.000000 0
94860 0.000000 0
94868 0.000000 0
94875 0.000000 0
94882 0.000000 0
94890 0.000000 0
94898 0.000000 0
94905 0.000000 0
94912 0.000000 0
94920 1.000000 0
94928 1.000000 0
94935 0.000000 0
94942 0.000000 0
94950 0.000000 0
94958 0.000000 0
94965 0.000000 0
94972 0.000000 0
94980 0.000000 0
94988 0.000000 0
94995 0.000000 0
95002 0.267086 0
95010 0.474235 0
95018 0.000000 0
95025 0.000000 0
95032 0.329841 0
95040 0.503090 0
95048 0.149802 0
95055 0.000000 0
95062 0.000000 0
95070 0.000000 0
95078 0.519704 0
95085 0.203905 0
95092 0.307738 0
95100 0.000000 0
95108 0.000000 0
95115 0.402881 0
95122 0.439165 0
95130 0.388483 0
95138 0.000000 0
95145 0.443843 0
95152 0.646681 0
95160 0.457754 0
95168 0.000000 0
95175 0.000000 0
95182 0.178590 0
95190 0.000000 0
95198 0.000000 0
95205 0.000000 0
95212 0.000000 0
95220 0.000000 0
95228 0.369259 0
95235 0.524887 0
95242 0.000000 0
95250 0.000000 0
95258 0.245697 0
95265 0.455950 0
95272 0.186388 0
95280 0.000000 0
95288 0.000000 0
95295 0.758394 0
95302 0.497418 0
95310 0.109263 0
95318 0.000000 0
95325 0.000000 0
95332 0.000000 0
95340 0.398493 0
95348 0.351386 0
95355 0.000000 0
95362 0.582739 0
95370 0.772773 0
95378 0.893434 0
95385 0.986807 0
95392 0.969847 0
95400 0.000000 0
95408 0.000000 0
95415 0.000000 0
95422 0.000000 0
95430 0.000000 0
95438 0.570064 0
95445 0.653536 0
95452 0.000000 0
95460 0.000000 0
95468 0.000000 0
95475 0.055481 0
95482 0.000000 0
95490 0.000000 0
95498 0.000000 0
95505 0.000000 0
95512 0.000000 0
95520 0.000000 0
95528 0.000000 0
95535 0.000000 0
95542 0.000000 0
95550 0.000000 0
95558 0.116138 0
95565 0.000000 0
95572 0.197406 0
95580 0.000000 0
95588 0.000000 0
95595 0.354309 0
95602 0.287995 0
95610 0.000000 0
95618 0.705315 0
95625 1.000000 0
95632 0.704994 0
95640 0.265869 0
95648 0.222596 0
95655 0.000000 0
95662 0.000000 0
95670 0.000000 0
95678 0.000000 0
95685 0.000000 0
95692 0.000000 0
95700 0.000000 0
95708 0.000000 0
95715 0.000000 0
95722 0.317771 0
95730 0.000000 0
95738 0.000000 0
95745 0.000000 0
95752 0.000000 0
95760 0.539367 0
95768 0.798218 0
95775 0.400405 0
95782 0.000000 0
95790 0.000000 0
95798 0.000000 0
95805 0.000000 0
95812 0.000000 1
95820 0.000000 1
95828 0.000000 1
95835 0.000000 1
95842 1.000000 0
95850 1.000000 0
95858 1.000000 0
95865 0.000000 0
95872 0.000000 0
95880 0.000000 0
95888 0.000000 0
95895 0.000000 0
95902 0.306948 0
95910 0.000000 0
95918 0.000000 0
95925 0.000000 0
95932 0.358725 0
95940 0.187933 0
95948 0.199717 0
95955 0.362944 0
95962 0.000000 0
95970 0.000000 0
95978 0.365593 0
95985 0.166108 0
95992 0.000000 0
96000 0.000000 0
96008 0.208661 0
96015 0.086932 0
96022 0.000000 0
96030 0.000000 0
96038 0.000000 0
96045 0.000000 0
96052 0.000000 0
96060 0.000000 0
96068 0.000000 0
96075 0.000000 0
96082 0.000000 0
96090 0.116284 0
96098 0.000000 0
96105 0.000000 0
96112 0.000000 0
96120 0.000000 0
96128 0.000000 0
96135 0.000000 0
96142 0.194246 0
96150 0.000000 0
96158 0.000000 0
96165 0.253423 0
96172 0.225361 0
96180 0.000000 0
96188 0.059128 0
96195 0.000000 0
96202 0.000000 0
96210 0.000000 0
96218 0.000000 0
96225 0.000000 0
96232 0.000000 0
96240 0.000000 0
96248 0.000000 0
96255 0.158473 0
96262 0.000000 0
96270 0.000000 0
96278 0.028534 0
96285 0.000000 0
96292 0.053769 0
96300 0.203402 0
96308 0.497218 0
96315 0.705843 0
96322 0.739449 0
96330 0.000000 0
96338 0.000000 0
96345 0.000000 0
96352 0.000000 0
96360 0.000000 0
96368 0.447470 0
96375 0.324762 0
96382 0.239511 0
96390 0.217863 0
96398 0.000000 0
96405 0.000000 0
96412 0.000000 0
96420 0.327124 0
96428 0.308423 0
96435 0.000000 0
96442 0.000000 0
96450 0.000000 0
96458 0.000000 0
96465 0.000000 0
96472 0.290021 0
96480 0.227180 0
96488 0.000000 0
96495 0.000000 0
96502 0.000000 0
96510 0.000000 0
96518 0.000000 0
96525 0.362736 0
96532 0.000000 0
96540 0.167436 0
96548 0.246703 0
96555 0.288322 0
96562 0.303039 0
96570 0.183219 0
96578 0.000000 0
96585 0.000000 0
96592 0.000000 0
96600 0.000000 0
96608 0.062101 0
96615 0.316668 0
96622 0.000000 0
96630 0.000000 0
96638 0.000000 0
96645 0.293357 0
96652 0.000000 0
96660 0.000000 0
96668 0.000000 0
96675 0.122981 0
96682 0.347227 0
96690 0.000000 0
96698 0.000000 0
96705 0.000000 0
96712 0.000000 0
96720 0.229182 0
96728 0.272199 0
96735 0.000000 0
96742 0.000000 0
96750 0.275353 0
96758 0.208947 0
96765 0.000000 0
96772 0.000000 0
96780 0.297960 0
96788 0.994368 0
96795 0.624525 0
96802 0.000000 0
96810 0.000000 0
96818 0.000000 0
96825 0.000000 0
96832 0.000000 0
96840 0.273085 0
96848 0.000000 0
96855 0.326686 0
96862 0.063125 0
96870 0.000000 0
96878 0.302533 0
96885 0.457794 0
96892 0.549907 0
96900 0.000000 0
96908 0.235156 0
96915 0.000000 0
96922 0.000000 0
96930 0.356496 0
96938 0.321377 0
96945 0.000000 0
96952 0.000000 0
96960 0.000000 0
96968 0.000000 0
96975 0.354873 0
96982 0.000000 0
96990 0.000000 0
96998 0.000000 0
97005 0.245190 0
97012 0.372741 0
97020 0.035693 0
97028 0.000000 0
97035 0.000000 0
97042 0.000000 0
97050 0.000000 0
97058 0.083914 0
97065 0.359635 0
97072 0.000000 0
97080 0.000000 0
97088 0.428620 0
97095 0.000000 0
97102 0.000000 0
97110 0.145991 0
97118 0.000000 0
97125 0.000000 0
97132 0.000000 0
97140 0.000000 0
97148 0.000000 0
97155 0.000000 0
97162 0.000000 0
97170 0.248745 0
97178 0.000000 0
97185 0.000000 0
97192 0.000000 0
97200 0.000000 0
97208 0.000000 0
97215 0.000000 0
97222 0.175299 0
97230 0.636526 0
97238 1.000000 0
97245 0.861484 0
97252 0.000000 0
97260 0.000000 0
97268 0.000000 0
97275 0.000000 0
97282 0.224353 0
97290 0.441616 0
97298 0.487056 0
97305 0.042768 0
97312 0.185324 0
97320 0.000000 0
97328 0.474555 0
97335 0.000000 0
97342 0.000000 0
97350 0.137761 0
97358 0.064461 0
97365 0.000000 0
97372 0.000000 0
97380 0.000000 0
97388 0.000000 0
97395 0.174560 0
97402 0.257418 0
97410 0.172905 0
97418 0.000000 0
97425 0.000000 0
97432 0.000000 0
97440 0.000000 0
97448 0.293279 0
97455 0.000000 0
97462 0.466962 0
97470 0.507119 0
97478 0.414666 0
97485 0.000000 0
97492 0.000000 0
97500 0.000000 0
97508 0.000000 0
97515 0.000000 0
97522 0.000000 0
97530 0.000000 0
97538 0.363186 0
97545 0.000000 0
97552 0.250598 0
97560 0.000000 0
97568 0.000000 0
97575 0.200809 0
97582 0.000000 0
97590 0.000000 0
97598 0.000000 0
97605 0.000000 0
97612 0.268781 0
97620 0.341314 0
97628 0.551708 0
97635 0.360619 0
97642 0.000000 0
97650 0.138509 0
97658 0.351006 0
97665 0.000000 0
97672 0.000000 0
97680 0.000000 0
97688 0.000000 0
97695 0.000000 0
97702 0.266789 0
97710 0.821493 0
97718 0.586011 0
97725 0.000000 0
97732 0.000000 0
97740 0.000000 0
97748 0.000000 0
97755 0.000000 0
97762 0.343316 0
97770 0.000000 0
97778 0.000000 0
97785 0.000000 0
97792 0.114384 0
97800 0.314537 0
97808 0.334116 0
97815 0.160644 0
97822 0.000000 0
97830 0.551382 0
97838 0.323271 0
97845 0.102764 0
97852 0.000000 0
97860 0.296824 0
97868 0.000000 0
97875 0.000000 0
97882 0.000000 0
97890 0.150701 0
97898 0.000000 0
97905 0.000000 0
97912 0.000000 0
97920 0.000000 0
97928 0.217617 0
97935 0.000000 0
97942 0.163048 0
97950 0.300004 0
97958 0.093804 0
97965 0.000000 0
97972 0.000000 0
97980 0.154475 0
97988 0.000000 0
97995 0.109209 0
98002 0.000000 0
98010 0.000000 0
98018 0.000000 0
98025 0.364382 0
98032 0.269470 0
98040 0.000000 0
98048 0.000000 0
98055 0.094327 0
98062 0.000000 0
98070 0.000000 0
98078 0.000000 0
98085 0.000000 0
98092 0.000000 0
98100 0.000000 0
98108 0.000000 0
98115 0.000000 0
98122 0.359197 0
98130 0.000000 0
98138 0.000000 0
98145 0.000000 0
98152 0.000000 0
98160 0.402846 0
98168 0.502456 0
98175 1.000000 0
98182 0.816027 0
98190 0.000000 0
98198 0.000000 0
98205 0.000000 0
98212 0.000000 0
98220 0.369222 0
98228 0.258497 0
98235 0.369082 0
98242 0.000000 0
98250 0.352919 0
98258 0.425542 0
98265 0.000000 0
98272 0.000000 0
98280 0.246371 0
98288 0.000000 0
98295 0.000000 0
98302 0.000000 0
98310 0.000000 0
98318 0.000000 0
98325 0.000000 0
98332 0.122057 0
98340 0.165739 0
98348 0.223355 0
98355 0.000000 0
98362 0.000000 0
98370 0.000000 0
98378 0.000000 0
98385 0.000000 0
98392 0.000000 0
98400 0.000000 0
98408 0.550972 0
98415 0.538756 0
98422 0.000000 0
98430 0.000000 0
98438 0.000000 0
98445 0.000000 0
98452 0.154640 0
98460 0.000000 0
98468 0.000000 0
98475 0.000000 0
98482 0.000000 0
98490 0.252199 0
98498 0.072288 0
98505 0.000000 0
98512 0.129120 0
98520 0.175030 0
98528 0.000000 0
98535 0.000000 0
98542 0.155552 0
98550 0.341201 0
98558 0.263044 0
98565 0.000000 0
98572 0.000000 0
98580 0.000000 0
98588 0.000000 0
98595 0.000000 0
98602 0.153233 0
98610 0.000000 0
98618 0.274570 0
98625 0.000000 0
98632 0.000000 0
98640 0.342458 0
98648 1.000000 0
98655 0.679243 0
98662 0.000000 0
98670 0.000000 0
98678 0.000000 0
98685 0.000000 0
98692 0.000000 0
98700 0.341889 0
98708 0.394868 0
98715 0.322193 0
98722 0.000000 0
98730 0.000000 0
98738 0.000000 0
98745 0.230855 0
98752 0.089334 0
98760 0.000000 0
98768 0.000000 0
98775 0.000000 0
98782 0.000000 0
98790 0.183408 0
98798 0.366258 0
98805 0.602475 0
98812 0.595864 0
98820 0.139403 0
98828 0.322341 0
98835 0.229828 0
98842 0.000000 0
98850 0.000000 0
98858 0.000000 0
98865 0.000000 0
98872 0.106592 0
98880 0.408556 0
98888 0.321715 0
98895 0.126607 0
98902 0.458397 0
98910 0.182020 0
98918 0.000000 0
98925 0.000000 0
98932 0.000000 0
98940 0.000000 0
98948 0.000000 0
98955 0.000000 0
98962 0.335336 0
98970 0.000000 0
98978 0.282554 0
98985 0.194711 0
98992 0.055976 0
99000 0.466613 0
99008 0.345877 0
99015 0.311123 0
99022 0.255846 0
99030 0.187378 0
99038 0.000000 0
99045 0.000000 0
99052 0.000000 0
99060 0.000000 0
99068 0.000000 0
99075 0.000000 0
99082 0.000000 0
99090 0.404031 0
99098 1.000000 0
99105 0.880105 0
99112 0.000000 0
99120 0.000000 0
99128 0.000000 0
99135 0.000000 0
99142 0.249263 0
99150 0.101272 0
99158 0.168492 0
99165 0.361326 0
99172 0.000000 0
99180 0.254354 0
99188 0.162036 0
99195 0.000000 0
99202 0.000000 0
99210 0.000000 0
99218 0.000000 0
99225 0.000000 0
99232 0.000000 0
99240 0.000000 0
99248 0.000000 0
99255 0.326454 0
99262 0.171471 0
99270 0.000000 0
99278 0.000000 0
99285 0.000000 0
99292 0.380443 0
99300 0.341920 0
99308 0.000000 0
99315 0.066788 0
99322 0.380342 0
99330 0.532419 0
99338 0.525450 0
99345 0.435322 0
99352 0.198960 0
99360 0.000000 0
99368 0.000000 0
99375 0.310126 0
99382 0.000000 0
99390 0.000000 0
99398 0.000000 0
99405 0.000000 0
99412 0.473759 0
99420 0.387358 0
99428 0.000000 0
99435 0.000000 0
99442 0.000000 0
99450 0.000000 0
99458 0.178275 0
99465 0.000000 0
99472 0.279096 0
99480 0.000000 0
99488 0.000000 0
99495 0.000000 0
99502 0.000000 0
99510 0.000000 0
99518 0.000000 0
99525 0.000000 0
99532 0.201892 0
99540 0.200533 0
99548 0.338332 0
99555 0.311042 0
99562 1.000000 0
99570 1.000000 0
99578 0.000000 0
99585 0.000000 0
99592 0.000000 0
99600 0.000000 0
99608 0.000000 0
99615 0.000000 0
99622 0.000000 0
99630 0.000000 0
99638 0.000000 0
99645 0.000000 0
99652 0.258208 0
99660 0.319404 0
99668 0.206583 0
99675 0.768812 0
99682 0.934966 0
99690 0.564387 0
99698 0.000000 0
99705 0.000000 0
99712 0.345275 0
99720 0.469096 0
99728 0.459542 0
99735 0.127394 0
99742 0.000000 0
99750 0.000000 0
99758 0.000000 0
99765 0.000000 0
99772 0.000000 0
99780 0.000000 0
99788 0.088172 0
99795 0.295725 0
99802 0.425063 0
99810 0.365506 0
99818 0.254685 0
99825 0.083159 0
99832 0.000000 0
99840 0.000000 0
99848 0.000000 0
99855 0.000000 0
99862 0.236488 0
99870 0.000000 0
99878 0.000000 0
99885 0.000000 0
99892 0.000000 0
99900 0.000000 0
99908 0.000000 0
99915 0.000000 0
99922 0.276091 0
99930 0.139942 0
99938 0.230650 0
99945 0.011128 0
99952 0.000000 0
99960 0.016923 0
99968 0.000000 0
99975 0.000000 0
99982 0.000000 0
99990 0.130666 0
99998 0.000000 0
100005 0.000000 0
100012 0.085082 0
100020 0.737542 0
100028 1.000000 0
100035 1.000000 0
100042 0.384136 0
100050 0.000000 0
100058 0.000000 0
100065 0.000000 0
100072 0.000000 0
100080 0.221464 0
100088 0.536539 0
100095 0.181491 0
100102 0.000000 0
100110 0.257098 0
100118 0.234431 0
100125 0.000000 0
100132 0.000000 0
100140 0.382767 0
100148 0.000000 0
100155 0.000000 0
100162 0.000000 0
100170 0.000000 0
100178 0.000000 0
100185 0.319970 0
100192 0.000000 0
100200 0.089667 0
100208 0.196977 0
100215 0.253620 0
100222 0.214451 0
100230 0.000000 0
100238 0.000000 0
100245 0.000000 0
100252 0.000000 0
100260 0.434494 0
100268 0.483665 0
100275 0.659891 0
100282 0.385866 0
100290 0.000000 0
100298 0.000000 0
100305 0.000000 0
100312 0.000000 0
100320 0.000000 0
100328 0.000000 0
100335 0.000000 0
100342 0.000000 0
100350 0.000000 0
100358 0.000000 0
100365 0.000000 0
100372 0.000000 0
100380 0.000000 0
100388 0.000000 0
100395 0.206051 0
100402 0.317930 0
100410 0.000000 0
100418 0.337181 0
100425 0.000000 0
100432 0.000000 0
100440 0.000000 0
100448 0.000000 0
100455 0.000000 0
100462 0.000000 0
100470 0.000000 0
100478 0.000000 0
100485 0.144489 0
100492 0.467316 0
100500 1.000000 0
100508 0.979630 0
100515 0.000000 0
100522 0.000000 0
100530 0.000000 0
100538 0.000000 0
100545 0.000000 0
100552 0.472489 0
100560 0.000000 0
100568 0.000000 0
100575 0.000000 0
100582 0.252506 0
100590 0.636808 0
100598 0.329422 0
100605 0.000000 0
100612 0.000000 0
100620 0.000000 0
100628 0.153559 0
100635 0.309618 0
100642 0.000000 0
100650 0.000000 0
100658 0.000000 0
100665 0.000000 0
100672 0.000000 0
100680 0.000000 0
100688 0.184145 0
100695 0.000000 0
100702 0.000000 0
100710 0.000000 0
100718 0.000000 0
100725 0.000000 0
100732 0.319954 0
100740 0.498443 0
100748 0.543699 0
100755 0.000000 0
100762 0.000000 0
100770 0.000000 0
100778 0.000000 0
100785 0.000000 0
100792 0.000000 0
100800 0.000000 0
100808 0.000000 0
100815 0.000000 0
100822 0.000000 0
100830 0.000000 0
100838 0.000000 0
100845 0.000000 0
100852 0.000000 0
100860 0.230101 0
100868 0.217583 0
100875 0.000000 0
100882 0.000000 0
100890 0.000000 0
100898 0.000000 0
100905 0.000000 0
100912 0.000000 0
100920 0.000000 0
100928 0.000000 0
100935 0.134589 0
100942 0.281231 0
100950 0.351542 0
100958 0.542156 0
100965 0.641724 0
100972 0.939340 0
100980 0.000000 0
100988 0.000000 0
100995 0.000000 0
101002 0.000000 0
101010 0.138922 0
101018 0.396016 0
101025 0.495924 0
101032 0.057812 0
101040 0.000000 0
101048 0.000000 0
101055 0.000000 0
101062 0.523406 0
101070 0.000000 0
101078 0.000000 0
101085 0.325159 0
101092 0.038420 0
101100 0.000000 0
101108 0.000000 0
101115 0.047833 0
101122 0.000000 0
101130 0.359619 0
101138 0.446681 0
101145 0.000000 0
101152 0.000000 0
101160 0.000000 0
101168 0.000000 0
101175 0.000000 0
101182 0.170214 0
101190 0.000000 0
101198 0.000000 0
101205 0.474870 0
101212 0.397075 0
101220 0.000000 0
101228 0.000000 0
101235 0.000000 0
101242 0.000000 0
101250 0.000000 0
101258 0.000000 0
101265 0.157261 0
101272 0.000000 0
101280 0.000000 0
101288 0.000000 0
101295 0.361278 0
101302 0.234960 0
101310 0.000000 0
101318 0.000000 0
101325 0.000000 0
101332 0.000000 0
101340 0.000000 0
101348 0.140321 0
101355 0.000000 0
101362 0.000000 0
101370 0.000000 0
101378 0.000000 0
101385 0.093324 0
101392 0.000000 0
101400 0.281484 0
101408 0.000000 0
101415 0.110561 0
101422 0.000000 0
101430 0.248536 0
101438 0.862644 0
101445 0.649469 0
101452 0.000000 0
101460 0.000000 0
101468 0.000000 0
101475 0.000000 0
101482 0.000000 0
101490 0.000000 0
101498 0.098827 0
101505 0.230245 0
101512 0.000000 0
101520 0.417016 0
101528 0.000000 0
101535 0.282566 0
101542 0.416427 0
101550 0.200849 0
101558 0.213677 0
101565 0.112799 0
101572 0.292110 0
101580 0.414889 0
101588 0.251270 0
101595 0.000000 0
101602 0.000000 0
101610 0.000000 0
101618 0.000000 0
101625 0.000000 0
101632 0.000000 0
101640 0.033976 0
101648 0.378513 0
101655 0.660993 0
101662 0.510333 0
101670 0.232325 0
101678 0.113353 0
101685 0.000000 0
101692 0.000000 0
101700 0.000000 0
101708 0.000000 0
101715 0.216888 0
101722 0.000000 0
101730 0.000000 0
101738 0.000000 0
101745 0.080370 0
101752 0.000000 0
101760 0.000000 0
101768 0.000000 0
101775 0.000000 0
101782 0.000000 0
101790 0.530619 0
101798 0.552025 0
101805 0.323874 0
101812 0.323349 0
101820 0.000000 0
101828 0.104377 0
101835 0.000000 0
101842 0.000000 0
101850 0.000000 0
101858 0.000000 0
101865 0.262355 0
101872 0.410548 0
101880 0.761513 0
101888 1.000000 0
101895 0.772989 0
101902 0.000000 0
101910 0.000000 0
101918 0.000000 0
101925 0.000000 0
101932 0.355748 0
101940 0.468656 0
101948 0.568237 0
101955 0.087266 0
101962 0.223691 0
101970 0.320746 0
101978 0.383580 0
101985 0.000000 0
101992 0.000000 0
102000 0.000000 0
102008 0.000000 0
102015 0.000000 0
102022 0.000000 0
102030 0.000000 0
102038 0.000000 0
102045 0.000000 0
102052 0.000000 0
102060 0.000000 0
102068 0.452807 0
102075 0.283932 0
102082 0.000000 0
102090 0.000000 0
102098 0.000000 0
102105 0.000000 0
102112 0.399431 0
102120 0.553027 0
102128 0.605971 0
102135 0.392969 0
102142 0.000000 0
102150 0.000000 0
102158 0.000000 0
102165 0.000000 0
102172 0.000000 0
102180 0.180862 0
102188 0.000000 0
102195 0.000000 0
102202 0.000000 0
102210 0.000000 0
102218 0.000000 0
102225 0.000000 0
102232 0.000000 0
102240 0.000000 0
102248 0.179870 0
102255 0.173052 0
102262 0.386032 0
102270 0.613022 0
102278 0.626146 0
102285 0.000000 0
102292 0.000000 0
102300 0.120051 0
102308 0.143072 0
102315 0.418927 0
102322 0.099165 0
102330 0.189104 0
102338 0.000000 0
102345 0.000000 0
102352 0.518351 0
102360 0.904443 0
102368 0.000000 0
102375 0.000000 0
102382 0.000000 0
102390 0.000000 0
102398 0.000000 0
102405 0.247063 0
102412 0.000000 0
102420 0.395886 0
102428 0.000000 0
102435 0.218169 0
102442 0.172616 0
102450 0.000000 0
102458 0.000000 0
102465 0.188562 0
102472 0.346364 0
102480 0.000000 0
102488 0.265088 0
102495 0.000000 0
102502 0.000000 0
102510 0.339000 0
102518 0.375279 0
102525 0.483519 0
102532 0.000000 0
102540 0.000000 0
102548 0.000000 0
102555 0.288917 0
102562 0.374781 0
102570 0.204594 0
102578 0.257984 0
102585 0.324361 0
102592 0.451733 0
102600 0.458832 0
102608 0.000000 0
102615 0.382305 0
102622 0.000000 0
102630 0.229162 0
102638 0.000000 0
102645 0.000000 0
102652 0.000000 0
102660 0.000000 0
102668 0.000000 0
102675 0.000000 0
102682 0.000000 0
102690 0.000000 0
102698 0.193263 0
102705 0.326558 0
102712 0.000000 0
102720 0.000000 0
102728 0.680817 0
102735 0.737093 0
102742 0.337157 0
102750 0.000000 0
102758 0.000000 0
102765 0.362444 0
102772 0.559194 0
102780 0.149849 0
102788 0.173469 0
102795 0.000000 0
102802 0.000000 0
102810 0.086308 0
102818 0.647730 0
102825 1.000000 0
102832 0.571220 0
102840 0.000000 0
102848 0.000000 0
102855 0.000000 0
102862 0.000000 0
102870 0.240158 0
102878 0.515258 0
102885 0.286368 0
102892 0.000000 0
102900 0.216524 0
102908 0.283420 0
102915 0.095408 0
102922 0.000000 0
102930 0.000000 0
102938 0.000000 0
102945 0.000000 0
102952 0.000000 0
102960 0.000000 0
102968 0.292222 0
102975 0.000000 0
102982 0.000000 0
102990 0.075348 0
102998 0.308892 0
103005 0.205068 0
103012 0.297986 0
103020 0.401015 0
103028 0.118389 0
103035 0.000000 0
103042 0.478686 0
103050 0.310447 0
103058 0.373496 0
103065 0.326018 0
103072 0.323276 0
103080 0.174787 0
103088 0.098658 0
103095 0.000000 0
103102 0.000000 0
103110 0.000000 0
103118 0.000000 0
103125 0.164231 0
103132 0.000000 0
103140 0.091525 0
103148 0.000000 0
103155 0.000000 0
103162 0.000000 0
103170 0.000000 0
103178 0.000000 0
103185 0.000000 0
103192 0.167194 0
103200 0.259703 0
103208 0.000000 0
103215 0.000000 0
103222 0.729421 0
103230 0.949124 0
103238 0.532412 0
103245 0.629102 0
103252 0.540614 0
103260 0.096708 0
103268 0.131165 0
103275 0.000000 0
103282 0.000000 0
103290 0.272342 0
103298 0.983167 0
103305 0.253481 0
103312 0.000000 0
103320 0.000000 0
103328 0.000000 0
103335 0.000000 0
103342 0.000000 0
103350 0.257158 0
103358 0.000000 0
103365 0.000000 0
103372 0.250812 0
103380 0.474149 0
103388 0.643949 0
103395 0.660941 0
103402 0.000000 0
103410 0.000000 0
103418 0.312167 0
103425 0.087850 0
103432 0.000000 0
103440 0.270326 0
103448 0.000000 0
103455 0.160742 0
103462 0.448425 0
103470 0.302726 0
103478 0.153102 0
103485 0.000000 0
103492 0.198668 0
103500 0.462357 0
103508 0.000000 0
103515 0.000000 0
103522 0.000000 0
103530 0.607968 0
103538 0.474766 0
103545 0.085845 0
103552 0.000000 0
103560 0.000000 0
103568 0.000000 0
103575 0.000000 0
103582 0.126215 0
103590 0.000000 0
103598 0.000000 0
103605 0.000000 0
103612 0.000000 0
103620 0.274726 0
103628 0.000000 0
103635 0.000000 0
103642 0.151058 0
103650 0.000000 0
103658 0.000000 0
103665 0.054963 0
103672 0.389949 0
103680 0.000000 0
103688 0.000000 0
103695 0.098874 0
103702 0.243056 0
103710 0.328480 0
103718 0.000000 0
103725 0.000000 0
103732 0.000000 0
103740 0.000000 0
103748 0.000000 0
103755 0.556376 0
103762 0.905437 0
103770 0.366698 0
103778 0.000000 0
103785 0.000000 0
103792 0.000000 0
103800 0.000000 0
103808 0.663548 0
103815 0.279189 0
103822 0.000000 0
103830 0.105422 0
103838 0.000000 0
103845 0.297452 0
103852 0.000000 0
103860 0.000000 0
103868 0.000000 0
103875 0.000000 0
103882 0.000000 0
103890 0.000000 0
103898 0.000000 0
103905 0.000000 0
103912 0.000000 0
103920 0.294370 0
103928 0.258914 0
103935 0.000000 0
103942 0.000000 0
103950 0.000000 0
103958 0.173647 0
103965 0.000000 0
103972 0.200095 0
103980 0.439481 0
103988 0.000000 0
103995 0.420498 0
104002 0.784559 0
104010 0.258684 0
104018 0.000000 0
104025 0.000000 0
104032 0.000000 0
104040 0.000000 0
104048 0.000000 0
104055 0.000000 0
104062 0.000000 0
104070 0.107061 0
104078 0.000000 0
104085 0.000000 0
104092 0.000000 0
104100 0.000000 0
104108 0.293223 0
104115 0.257968 0
104122 0.000000 0
104130 0.228899 0
104138 0.000000 0
104145 0.000000 0
104152 0.000000 0
104160 0.000000 0
104168 0.000000 0
104175 0.000000 0
104182 0.156609 0
104190 0.303196 0
104198 0.410960 0
104205 0.000000 0
104212 0.000000 0
104220 0.000000 0
104228 0.666914 0
104235 1.000000 0
104242 0.000000 0
104250 0.000000 0
104258 0.000000 0
104265 0.000000 0
104272 0.000000 0
104280 0.000000 0
104288 0.434194 0
104295 0.221364 0
104302 0.000000 0
104310 0.000000 0
104318 0.000000 0
104325 0.265070 0
104332 0.603941 0
104340 0.540419 0
104348 0.251392 0
104355 0.394994 0
104362 0.461836 0
104370 0.279187 0
104378 0.183227 0
104385 0.000000 0
104392 0.000000 0
104400 0.000000 0
104408 0.000000 0
104415 0.000000 0
104422 0.000000 0
104430 0.000000 0
104438 0.000000 0
104445 0.109452 0
104452 0.357218 0
104460 0.292966 0
104468 0.000000 0
104475 0.000000 0
104482 0.257656 0
104490 0.000000 0
104498 0.000000 0
104505 0.000000 0
104512 0.469061 0
104520 0.519385 0
104528 0.000000 0
104535 0.000000 0
104542 0.000000 0
104550 0.000000 0
104558 0.000000 0
104565 0.000000 0
104572 0.000000 0
104580 0.436426 0
104588 0.417769 0
104595 0.131969 0
104602 0.000000 0
104610 0.000000 0
104618 0.000000 0
104625 0.000000 0
104632 0.000000 0
104640 0.000000 0
104648 0.000000 0
104655 0.000000 0
104662 0.000000 0
104670 0.268914 0
104678 0.630487 0
104685 0.954316 0
104692 0.731826 0
104700 0.000000 0
104708 0.000000 0
104715 0.000000 0
104722 0.000000 0
104730 0.332551 0
104738 0.590048 0
104745 0.473879 0
104752 0.219776 0
104760 0.000000 0
104768 0.000000 0
104775 0.000000 0
104782 0.264145 0
104790 0.000000 0
104798 0.000000 0
104805 0.000000 0
104812 0.000000 0
104820 0.000000 0
104828 0.000000 0
104835 0.286545 0
104842 0.407774 0
104850 0.358705 0
104858 0.097698 0
104865 0.000000 0
104872 0.234859 0
104880 0.061573 0
104888 0.000000 0
104895 0.000000 0
104902 0.000000 0
104910 0.289015 0
104918 0.434938 0
104925 0.608488 0
104932 0.328668 0
104940 0.000000 0
104948 0.000000 0
104955 0.000000 0
104962 0.000000 0
104970 0.000000 0
104978 0.000000 0
104985 0.297770 0
104992 0.320275 0
105000 0.000000 0
105008 0.000000 0
105015 0.000000 0
105022 0.000000 0
105030 0.000000 0
105038 0.000000 0
105045 0.000000 0
105052 0.180975 0
105060 0.272520 0
105068 0.333220 0
105075 0.317723 0
105082 0.420687 0
105090 0.201442 0
105098 0.000000 0
105105 0.000000 0
105112 0.000000 0
105120 0.168986 0
105128 0.208245 0
105135 0.209598 0
105142 0.000000 0
105150 0.522148 0
105158 0.878392 0
105165 0.000000 0
105172 0.000000 0
105180 0.000000 0
105188 0.000000 0
105195 0.000000 0
105202 0.000000 0
105210 0.214259 0
105218 0.000000 0
105225 0.279559 0
105232 0.354526 0
105240 0.486570 0
105248 0.255711 0
105255 0.000000 0
105262 0.000000 0
105270 0.389107 0
105278 0.437030 0
105285 0.000000 0
105292 0.000000 0
105300 0.304251 0
105308 0.329235 0
105315 0.342294 0
105322 0.000000 0
105330 0.000000 0
105338 0.000000 0
105345 0.000000 0
105352 0.000000 0
105360 0.000000 0
105368 0.000000 0
105375 0.000000 0
105382 0.000000 0
105390 0.388131 0
105398 0.312723 0
105405 0.136231 0
105412 0.000000 0
105420 0.000000 0
105428 0.000000 0
105435 0.000000 0
105442 0.000000 0
105450 0.000000 0
105458 0.000000 0
105465 0.313716 0
105472 0.000000 0
105480 0.000000 0
105488 0.000000 0
105495 0.000000 0
105502 0.491321 0
105510 0.297045 0
105518 0.071670 0
105525 0.202146 0
105532 0.000000 0
105540 0.000000 0
105548 0.000000 0
105555 0.000000 0
105562 0.000000 0
105570 0.000000 0
105578 0.000000 0
105585 0.000000 0
105592 0.000000 0
105600 0.102246 0
105608 0.382507 0
105615 0.477250 0
105622 0.850006 0
105630 0.601229 0
105638 0.000000 0
105645 0.000000 0
105652 0.000000 0
105660 0.000000 0
105668 0.196082 0
105675 0.522297 0
105682 0.407728 0
105690 0.051759 0
105698 0.000000 0
105705 0.000000 0
105712 0.216071 0
105720 0.318996 0
105728 0.244858 0
105735 0.000000 0
105742 0.000000 0
105750 0.000000 0
105758 0.000000 0
105765 0.000000 0
105772 0.000000 0
105780 0.000000 0
105788 0.388420 0
105795 0.228036 0
105802 0.000000 0
105810 0.279656 0
105818 0.000000 0
105825 0.200704 0
105832 0.000000 0
105840 0.000000 0
105848 0.000000 0
105855 0.614568 0
105862 0.666323 0
105870 0.472018 0
105878 0.000000 0
105885 0.000000 0
105892 0.591226 0
105900 0.255890 0
105908 0.000000 0
105915 0.000000 0
105922 0.000000 0
105930 0.000000 0
105938 0.000000 0
105945 0.000000 0
105952 0.000000 0
105960 0.000000 0
105968 0.000000 0
105975 0.258248 0
105982 0.222613 0
105990 0.405637 0
105998 0.265440 0
106005 0.000000 0
106012 0.000000 0
106020 0.000000 0
106028 0.000000 0
106035 0.000000 0
106042 0.347386 0
106050 0.000000 0
106058 0.000000 0
106065 0.000000 0
106072 0.000000 0
106080 0.457205 0
106088 1.000000 0
106095 1.000000 0
106102 0.380343 0
106110 0.000000 0
106118 0.000000 0
106125 0.000000 0
106132 0.000000 0
106140 0.165387 0
106148 0.287212 0
106155 0.000000 0
106162 0.000000 0
106170 0.000000 0
106178 0.000000 0
106185 0.304177 0
106192 0.431266 0
106200 0.241820 0
106208 0.090493 0
106215 0.000000 0
106222 0.000000 0
106230 0.000000 0
106238 0.333743 0
106245 0.454849 0
106252 0.282942 0
106260 0.312832 0
106268 0.538772 0
106275 0.409170 0
106282 0.000000 0
106290 0.249018 0
106298 0.211960 0
106305 0.278513 0
106312 0.399330 0
106320 0.286987 0
106328 0.000000 0
106335 0.000000 0
106342 0.000000 0
106350 0.000000 0
106358 0.000000 0
106365 0.000000 0
106372 0.141292 0
106380 0.392747 0
106388 0.279892 0
106395 0.000000 0
106402 0.000000 0
106410 0.143246 0
106418 0.186484 0
106425 0.445695 0
106432 0.358328 0
106440 0.485623 0
106448 0.272220 0
106455 0.242561 0
106462 0.000000 0
106470 0.000000 0
106478 0.000000 0
106485 0.000000 0
106492 0.125197 0
106500 0.000000 0
106508 0.000000 0
106515 0.000000 0
106522 0.395252 0
106530 0.654333 0
106538 0.999805 0
106545 0.943140 0
106552 0.000000 0
106560 0.000000 0
106568 0.000000 0
106575 0.000000 0
106582 0.000000 0
106590 0.342750 0
106598 0.352703 0
106605 0.000000 0
106612 0.000000 0
106620 0.000000 0
106628 0.455905 0
106635 0.299705 0
106642 0.000000 0
106650 0.000000 0
106658 0.000000 0
106665 0.000000 0
106672 0.000000 0
106680 0.000000 0
106688 0.000000 0
106695 0.000000 0
106702 0.270489 0
106710 0.272942 0
106718 0.000000 0
106725 0.383636 0
106732 0.393891 0
106740 0.330380 0
106748 0.360652 0
106755 0.589277 0
106762 0.276642 0
106770 0.337074 0
106778 0.169668 0
106785 0.229354 0
106792 0.452941 0
106800 0.123930 0
106808 0.000000 0
106815 0.000000 0
106822 0.000000 0
106830 0.000000 0
106838 0.000000 0
106845 0.000000 0
106852 0.000000 0
106860 0.000000 0
106868 0.000000 0
106875 0.000000 0
106882 0.000000 0
106890 0.000000 0
106898 0.043041 0
106905 0.342602 0
106912 0.390514 0
106920 0.000000 0
106928 0.000000 0
106935 0.000000 0
106942 0.000000 0
106950 0.000000 0
106958 0.000000 0
106965 0.000000 0
106972 0.000000 0
106980 0.000000 0
106988 0.000000 0
106995 0.000000 0
107002 0.958890 0
107010 1.000000 0
107018 0.862110 0
107025 0.000000 0
107032 0.000000 0
107040 0.000000 0
107048 0.000000 0
107055 0.000000 0
107062 0.172582 0
107070 0.000000 0
107078 0.000000 0
107085 0.000000 0
107092 0.000000 0
107100 0.499966 0
107108 0.343898 0
107115 0.350112 0
107122 0.252876 0
107130 0.000000 0
107138 0.000000 0
107145 0.359054 0
107152 0.000000 0
107160 0.000000 0
107168 0.000000 0
107175 0.340022 0
107182 0.000000 0
107190 0.000000 0
107198 0.000000 0
107205 0.291305 0
107212 0.400935 0
107220 0.000000 0
107228 0.174027 0
107235 0.140472 0
107242 0.518806 0
107250 0.622219 0
107258 0.522636 0
107265 0.499913 0
107272 0.000000 0
107280 0.000000 0
107288 0.000000 0
107295 0.000000 0
107302 0.000000 0
107310 0.000000 0
107318 0.105645 0
107325 0.000000 0
107332 0.000000 0
107340 0.000000 0
107348 0.310572 0
107355 0.239055 0
107362 0.000000 0
107370 0.000000 0
107378 0.000000 0
107385 0.000000 0
107392 0.000000 0
107400 0.000000 0
107408 0.000000 0
107415 0.000000 0
107422 0.000000 0
107430 0.000000 0
107438 0.000000 0
107445 0.265574 0
107452 0.372393 0
107460 0.555686 0
107468 0.881570 0
107475 1.000000 0
107482 1.000000 0
107490 0.000000 0
107498 0.000000 0
107505 0.000000 0
107512 0.000000 0
107520 0.000000 0
107528 0.467617 0
107535 0.387335 0
107542 0.000000 0
107550 0.000000 0
107558 0.201140 0
107565 0.255362 0
107572 0.000000 0
107580 0.169071 0
107588 0.000000 0
107595 0.000000 0
107602 0.000000 0
107610 0.000000 0
107618 0.000000 0
107625 0.000000 0
107632 0.172096 0
107640 0.000000 0
107648 0.000000 0
107655 0.000000 0
107662 0.000000 0
107670 0.000000 0
107678 0.000000 0
107685 0.000000 0
107692 0.312509 0
107700 0.386867 0
107708 0.000000 0
107715 0.507692 0
107722 0.513497 0
107730 0.000000 0
107738 0.000000 0
107745 0.000000 0
107752 0.000000 0
107760 0.000000 0
107768 0.000000 0
107775 0.000000 0
107782 0.000000 0
107790 0.000000 0
107798 0.430578 0
107805 0.130519 0
107812 0.230484 0
107820 0.000000 0
107828 0.000000 0
107835 0.000000 0
107842 0.346951 0
107850 0.349027 0
107858 0.401824 0
107865 0.349165 0
107872 0.000000 0
107880 0.000000 0
107888 0.000000 0
107895 0.000000 0
107902 0.000000 0
107910 0.230626 0
107918 0.380436 0
107925 0.000000 0
107932 0.000000 0
107940 0.359548 0
107948 1.000000 0
107955 0.729530 0
107962 0.000000 0
107970 0.000000 0
107978 0.000000 0
107985 0.000000 0
107992 0.000000 0
108000 0.000000 0
108008 0.000000 0
108015 0.063040 0
108022 0.000000 0
108030 0.000000 0
108038 0.255028 0
108045 0.203037 0
108052 0.000000 0
108060 0.212644 0
108068 0.000000 0
108075 0.280355 0
108082 0.384420 0
108090 0.073502 0
108098 0.239258 0
108105 0.000000 0
108112 0.000000 0
108120 0.000000 0
108128 0.139173 0
108135 0.000000 0
108142 0.000000 0
108150 0.000000 0
108158 0.000000 0
108165 0.000000 0
108172 0.000000 0
108180 0.366533 0
108188 0.350018 0
108195 0.335486 0
108202 0.206813 0
108210 0.000000 0
108218 0.000000 0
108225 0.000000 0
108232 0.000000 0
108240 0.000000 0
108248 0.000000 0
108255 0.000000 0
108262 0.318017 0
108270 0.149445 0
108278 0.000000 0
108285 0.000000 0
108292 0.000000 0
108300 0.000000 0
108308 0.387019 0
108315 0.368627 0
108322 0.269191 0
108330 0.000000 0
108338 0.000000 0
108345 0.000000 0
108352 0.000000 0
108360 0.180005 0
108368 0.273138 0
108375 0.233608 0
108382 0.000000 0
108390 0.307823 0
108398 0.247972 0
108405 0.529100 0
108412 0.821821 0
108420 0.664662 0
108428 0.000000 0
108435 0.000000 0
108442 0.000000 0
108450 0.000000 0
108458 0.000000 0
108465 0.474733 0
108472 0.164710 0
108480 0.000000 0
108488 0.188275 0
108495 0.483617 0
108502 0.376147 0
108510 0.000000 0
108518 0.000000 0
108525 0.000000 0
108532 0.000000 0
108540 0.000000 0
108548 0.106881 0
108555 0.000000 0
108562 0.000000 0
108570 0.304930 0
108578 0.377394 0
108585 0.474019 0
108592 0.000000 0
108600 0.000000 0
108608 0.000000 0
108615 0.000000 0
108622 0.000000 0
108630 0.000000 0
108638 0.191756 0
108645 0.567455 0
108652 0.689029 0
108660 0.583193 0
108668 0.159704 0
108675 0.055786 0
108682 0.181498 0
108690 0.000000 0
108698 0.000000 0
108705 0.000000 0
108712 0.000000 0
108720 0.000000 0
108728 0.000000 0
108735 0.141571 0
108742 0.000000 0
108750 0.000000 0
108758 0.000000 0
108765 0.000000 0
108772 0.000000 0
108780 0.000000 0
108788 0.000000 0
108795 0.096168 0
108802 0.000000 0
108810 0.000000 0
108818 0.000000 0
108825 0.000000 0
108832 0.000000 0
108840 0.000000 0
108848 0.184943 0
108855 0.317611 0
108862 0.739098 0
108870 1.000000 0
108878 0.757493 0
108885 0.000000 0
108892 0.000000 0
108900 0.000000 0
108908 0.000000 0
108915 0.000000 0
108922 0.000000 0
108930 0.000000 0
108938 0.000000 0
108945 0.302729 0
108952 0.298143 0
108960 0.363362 0
108968 0.166830 0
108975 0.000000 0
108982 0.000000 0
108990 0.392056 0
108998 0.000000 0
109005 0.179382 0
109012 0.316290 0
109020 0.572191 0
109028 0.499850 0
109035 0.000000 0
109042 0.000000 0
109050 0.516698 0
109058 0.537687 0
109065 0.000000 0
109072 0.000000 0
109080 0.000000 0
109088 0.000000 0
109095 0.000000 0
109102 0.964365 0
109110 0.637557 0
109118 0.000000 0
109125 0.000000 0
109132 0.264844 0
109140 0.000000 0
109148 0.000000 0
109155 0.334698 0
109162 0.059404 0
109170 0.291746 0
109178 0.423757 0
109185 0.325782 0
109192 0.000000 0
109200 0.000000 0
109208 0.000000 0
109215 0.000000 0
109222 0.000000 0
109230 0.607675 0
109238 0.677651 0
109245 0.592507 0
109252 0.101028 0
109260 0.000000 0
109268 0.408291 0
109275 0.766912 0
109282 0.526990 0
109290 0.000000 0
109298 0.000000 0
109305 0.000000 0
109312 0.363414 0
109320 0.345743 0
109328 0.383829 0
109335 0.796803 0
109342 0.647746 0
109350 0.000000 0
109358 0.000000 0
109365 0.000000 0
109372 0.000000 0
109380 0.277590 0
109388 0.454874 0
109395 0.428494 0
109402 0.148088 0
109410 0.000000 0
109418 0.185252 0
109425 0.000000 0
109432 0.000000 0
109440 0.000000 0
109448 0.000000 0
109455 0.000000 0
109462 0.000000 0
109470 0.000000 0
109478 0.000000 0
109485 0.249598 0
109492 0.259903 0
109500 0.000000 0
109508 0.000000 0
109515 0.000000 0
109522 0.000000 0
109530 0.000000 0
109538 0.418582 0
109545 0.070965 0
109552 0.000000 0
109560 0.381273 0
109568 0.221414 0
109575 0.310620 0
109582 0.386311 0
109590 0.198149 0
109598 0.000000 0
109605 0.000000 0
109612 0.000000 0
109620 0.000000 0
109628 0.000000 0
109635 0.000000 0
109642 0.150060 0
109650 0.000000 0
109658 0.000000 0
109665 0.000000 0
109672 0.373810 0
109680 0.415458 0
109688 0.000000 0
109695 0.000000 0
109702 0.000000 0
109710 0.000000 0
109718 0.000000 0
109725 0.000000 0
109732 0.365947 0
109740 0.256702 0
109748 0.000000 0
109755 0.000000 0
109762 0.107694 0
109770 0.302978 0
109778 0.000000 0
109785 0.000000 0
109792 0.000000 0
109800 0.299938 0
109808 1.000000 0
109815 0.576388 0
109822 0.000000 0
109830 0.000000 0
109838 0.000000 0
109845 0.000000 0
109852 0.133896 0
109860 0.346522 0
109868 0.308569 0
109875 0.000000 0
109882 0.387614 0
109890 0.385068 0
109898 0.000000 0
109905 0.241858 0
109912 0.314643 0
109920 0.248509 0
109928 0.000000 0
109935 0.000000 0
109942 0.000000 0
109950 0.000000 0
109958 0.236975 0
109965 0.171894 0
109972 0.000000 0
109980 0.275652 0
109988 0.243294 0
109995 0.279300 0
110002 0.000000 0
110010 0.000000 0
110018 0.231042 0
110025 0.000000 0
110032 0.000000 0
110040 0.404396 0
110048 0.439386 0
110055 0.267861 0
110062 0.000000 0
110070 0.187245 0
110078 0.000000 0
110085 0.000000 0
110092 0.000000 0
110100 0.183349 0
110108 0.000000 0
110115 0.000000 0
110122 0.000000 0
110130 0.000000 0
110138 0.000000 0
110145 0.062388 0
110152 0.000000 0
110160 0.000000 0
110168 0.266777 0
110175 0.299341 0
110182 0.268041 0
110190 0.155644 0
110198 0.139291 0
110205 0.000000 0
110212 0.000000 0
110220 0.325235 0
110228 0.288931 0
110235 0.362599 0
110242 0.542349 0
110250 0.837277 0
110258 0.530770 0
110265 0.000000 0
110272 0.684847 0
110280 0.613506 0
110288 0.000000 0
110295 0.000000 0
110302 0.000000 0
110310 0.000000 0
110318 0.321357 0
110325 0.451727 0
110332 0.354213 0
110340 0.000000 0
110348 0.112332 0
110355 0.180638 0
110362 0.000000 0
110370 0.145048 0
110378 0.000000 0
110385 0.000000 0
110392 0.000000 0
110400 0.000000 0
110408 0.000000 0
110415 0.256226 0
110422 0.348648 0
110430 0.000000 0
110438 0.000000 0
110445 0.000000 0
110452 0.000000 0
110460 0.359603 0
110468 0.522335 0
110475 0.126283 0
110482 0.000000 0
110490 0.139164 0
110498 0.219972 0
110505 0.252987 0
110512 0.394826 0
110520 0.422991 0
110528 0.010178 0
110535 0.234097 0
110542 0.000000 0
110550 0.000000 0
110558 0.000000 0
110565 0.000000 0
110572 0.178044 0
110580 0.000000 0
110588 0.000000 0
110595 0.000000 0
110602 0.000000 0
110610 0.056379 0
110618 0.000000 0
110625 0.000000 0
110632 0.371931 0
110640 0.202985 0
110648 0.063252 0
110655 0.000000 0
110662 0.000000 0
110670 0.206066 0
110678 0.327421 0
110685 0.318795 0
110692 0.105930 0
110700 0.000000 0
110708 0.000000 0
110715 0.000000 0
110722 0.283565 0
110730 0.500838 0
110738 0.641438 0
110745 0.992883 0
110752 0.566020 0
110760 0.000000 0
110768 0.000000 0
110775 0.000000 0
110782 0.000000 0
110790 0.263600 0
110798 0.184800 0
110805 0.000000 0
110812 0.297401 0
110820 0.302610 0
110828 0.000000 0
110835 0.373123 0
110842 0.369813 0
110850 0.259107 0
110858 0.200140 0
110865 0.361211 0
110872 0.159372 0
110880 0.000000 0
110888 0.165022 0
110895 0.000000 0
110902 0.000000 0
110910 0.000000 0
110918 0.000000 0
110925 0.000000 0
110932 0.270565 0
110940 0.253834 0
110948 0.000000 0
110955 0.000000 0
110962 0.000000 0
110970 0.000000 0
110978 0.351356 0
110985 0.388662 0
110992 0.000000 0
111000 0.000000 0
111008 0.303183 0
111015 0.485571 0
111022 0.000000 0
111030 0.000000 0
111038 0.000000 0
111045 0.000000 0
111052 0.000000 0
111060 0.391681 0
111068 0.159194 0
111075 0.113982 0
111082 0.000000 0
111090 0.000000 0
111098 0.123776 0
111105 0.031849 0
111112 0.000000 0
111120 0.000000 0
111128 0.000000 0
111135 0.000000 0
111142 0.000000 0
111150 0.302641 0
111158 0.154306 0
111165 0.350751 0
111172 0.353700 0
111180 0.780211 0
111188 0.569612 0
111195 0.572060 0
111202 0.526776 0
111210 0.000000 0
111218 0.000000 0
111225 0.000000 0
111232 0.000000 0
111240 0.000000 0
111248 0.151157 0
111255 0.345626 0
111262 0.446197 0
111270 0.000000 0
111278 0.333249 0
111285 0.141994 0
111292 0.000000 0
111300 0.372280 0
111308 0.175570 0
111315 0.135806 0
111322 0.000000 0
111330 0.000000 0
111338 0.208375 0
111345 0.000000 0
111352 0.000000 0
111360 0.463696 0
111368 0.299801 0
111375 0.000000 0
111382 0.174622 0
111390 0.000000 0
111398 0.000000 0
111405 0.000000 0
111412 0.000000 0
111420 0.409482 0
111428 0.392860 0
111435 0.238373 0
111442 0.142260 0
111450 0.000000 0
111458 0.000000 0
111465 0.000000 0
111472 0.000000 0
111480 0.000000 0
111488 0.000000 0
111495 0.000000 0
111502 0.172343 0
111510 0.368273 0
111518 0.188367 0
111525 0.000000 0
111532 0.000000 0
111540 0.000000 0
111548 0.250685 0
111555 0.276062 0
111562 0.000000 0
111570 0.000000 0
111578 0.000000 0
111585 0.000000 0
111592 0.000000 0
111600 0.000000 0
111608 0.000000 0
111615 0.000000 0
111622 0.000000 0
111630 0.000000 0
111638 0.072668 0
111645 0.000000 0
111652 0.000000 0
111660 0.241934 0
111668 0.480716 0
111675 0.489627 0
111682 0.000000 0
111690 0.000000 0
111698 0.245100 0
111705 0.041623 0
111712 0.234012 0
111720 0.390636 0
111728 0.000000 0
111735 0.000000 0
111742 0.295064 0
111750 0.000000 0
111758 0.000000 0
111765 0.000000 0
111772 0.000000 0
111780 0.000000 0
111788 0.279832 0
111795 0.394828 0
111802 0.196518 0
111810 0.000000 0
111818 0.000000 0
111825 0.000000 0
111832 0.000000 0
111840 0.000000 0
111848 0.136190 0
111855 0.314507 0
111862 0.208513 0
111870 0.029042 0
111878 0.000000 0
111885 0.165037 0
111892 0.000000 0
111900 0.000000 0
111908 0.000000 0
111915 0.265648 0
111922 0.163106 0
111930 0.277886 0
111938 0.000000 0
111945 0.000000 0
111952 0.156829 0
111960 0.190811 0
111968 0.000000 0
111975 0.322632 0
111982 0.204850 0
111990 0.000000 0
111998 0.000000 0
112005 0.260310 0
112012 0.334135 0
112020 0.425322 0
112028 0.417430 0
112035 0.000000 0
112042 0.000000 0
112050 0.000000 0
112058 0.000000 0
112065 0.000000 0
112072 0.000000 0
112080 0.000000 0
112088 0.000000 0
112095 0.292810 0
112102 0.210720 0
112110 0.000000 0
112118 0.000000 0
112125 0.000000 0
112132 0.356875 0
112140 0.252199 0
112148 0.000000 0
112155 0.199439 0
112162 0.280837 0
112170 0.000000 0
112178 0.334169 0
112185 0.304833 0
112192 0.299564 0
112200 0.000000 0
112208 0.000000 0
112215 0.198948 0
112222 0.000000 0
112230 0.000000 0
112238 0.284204 0
112245 0.197167 0
112252 0.154243 0
112260 0.299094 0
112268 0.000000 0
112275 0.000000 0
112282 0.000000 0
112290 0.216226 0
112298 0.162726 0
112305 0.000000 0
112312 0.000000 0
112320 0.164726 0
112328 0.000000 0
112335 0.088477 0
112342 0.000000 0
112350 0.000000 0
112358 0.388602 0
112365 0.191786 0
112372 0.216644 0
112380 0.317251 0
112388 0.000000 0
112395 0.000000 0
112402 0.000000 0
112410 0.000000 0
112418 0.000000 0
112425 0.295978 0
112432 0.046610 0
112440 0.000000 0
112448 0.000000 0
112455 0.013888 0
112462 0.386030 0
112470 0.000000 0
112478 0.000000 0
112485 0.000000 0
112492 0.000000 0
112500 0.229950 0
112508 0.140666 0
112515 0.251671 0
112522 0.000000 0
112530 0.096712 0
112538 0.153401 0
112545 0.000000 0
112552 0.000000 0
112560 0.095570 0
112568 0.291949 0
112575 0.000000 0
112582 0.146179 0
112590 0.480715 0
112598 0.311658 0
112605 0.261141 0
112612 0.000000 0
112620 0.218851 0
112628 0.282297 0
112635 0.000000 0
112642 0.000000 0
112650 0.000000 0
112658 0.230579 0
112665 0.338137 0
112672 0.483589 0
112680 0.264974 0
112688 0.251665 0
112695 0.000000 0
112702 0.000000 0
112710 0.000000 0
112718 0.282589 0
112725 0.324401 0
112732 0.000000 0
112740 0.000000 0
112748 0.000000 0
112755 0.035674 0
112762 0.000000 0
112770 0.000000 0
112778 0.000000 0
112785 0.000000 0
112792 0.000000 0
112800 0.000000 0
112808 0.265666 0
112815 0.000000 0
112822 0.000000 0
112830 0.000000 0
112838 0.434185 0
112845 0.559856 0
112852 0.000000 0
112860 0.052999 0
112868 0.000000 0
112875 0.000000 0
112882 0.459342 0
112890 0.000000 0
112898 0.000000 0
112905 0.300181 0
112912 0.000000 0
112920 0.000000 0
112928 0.000000 0
112935 0.290329 0
112942 0.000000 0
112950 0.134835 0
112958 0.235285 0
112965 0.000000 0
112972 0.351077 0
112980 0.225875 0
112988 0.000000 0
112995 0.000000 0
113002 0.000000 0
113010 0.000000 0
113018 0.315672 0
113025 0.433824 0
113032 0.628507 0
113040 0.464881 0
113048 0.270178 0
113055 0.449167 0
113062 0.000000 0
113070 0.000000 0
113078 0.000000 0
113085 0.000000 0
113092 0.000000 0
113100 0.000000 0
113108 0.261818 0
113115 0.000000 0
113122 0.034931 0
113130 0.000000 0
113138 0.000000 0
113145 0.084850 0
113152 0.230805 0
113160 0.361192 0
113168 0.000000 0
113175 0.000000 0
113182 0.000000 0
113190 0.000000 0
113198 0.216047 0
113205 0.374001 0
113212 0.186667 0
113220 0.000000 0
113228 0.000000 0
113235 0.000000 0
113242 0.365200 0
113250 0.449180 0
113258 0.000000 0
113265 0.000000 0
113272 0.161843 0
113280 0.000000 0
113288 0.000000 0
113295 0.000000 0
113302 0.000000 0
113310 0.000000 0
113318 0.000000 0
113325 0.148223 0
113332 0.000000 0
113340 0.000000 0
113348 0.000000 0
113355 0.000000 0
113362 0.000000 0
113370 0.000000 0
113378 0.081492 0
113385 0.000000 0
113392 0.207148 0
113400 0.260765 0
113408 0.000000 0
113415 0.000000 0
113422 0.000000 0
113430 0.000000 0
113438 0.000000 0
113445 0.277538 0
113452 0.000000 0
113460 0.000000 0
113468 0.306800 0
113475 0.304627 0
113482 0.309927 0
113490 0.000000 0
113498 0.340262 0
113505 0.278108 0
113512 0.397434 0
113520 0.310547 0
113528 0.000000 0
113535 0.322759 0
113542 0.000000 0
113550 0.000000 0
113558 0.184903 0
113565 0.000000 0
113572 0.000000 0
113580 0.108795 0
113588 0.000000 0
113595 0.000000 0
113602 0.020258 0
113610 0.305770 0
113618 0.433920 0
113625 0.478564 0
113632 0.000000 0
113640 0.000000 0
113648 0.307082 0
113655 0.363603 0
113662 0.000000 0
113670 0.000000 0
113678 0.000000 0
113685 0.280099 0
113692 0.195555 0
113700 0.000000 0
113708 0.000000 0
113715 0.147562 0
113722 0.000000 0
113730 0.000000 0
113738 0.000000 0
113745 0.518578 0
113752 0.475545 0
113760 0.000000 0
113768 0.000000 0
113775 0.000000 0
113782 0.000000 0
113790 0.000000 0
113798 0.000000 0
113805 0.000000 0
113812 0.000000 0
113820 0.173613 0
113828 0.179542 0
113835 0.000000 0
113842 0.000000 0
113850 0.000000 0
113858 0.000000 0
113865 0.404110 0
113872 0.000000 0
113880 0.000000 0
113888 0.000000 0
113895 0.000000 0
113902 0.169630 0
113910 0.261294 0
113918 0.000000 0
113925 0.091651 0
113932 0.000000 0
113940 0.061008 0
113948 0.315358 0
113955 0.477608 0
113962 0.000000 0
113970 0.296808 0
113978 0.232893 0
113985 0.396571 0
113992 0.596858 0
114000 0.373649 0
114008 0.110039 0
114015 0.000000 0
114022 0.312471 0
114030 0.000000 0
114038 0.000000 0
114045 0.210673 0
114052 0.000000 0
114060 0.092152 0
114068 0.296730 0
114075 0.049313 0
114082 0.000000 0
114090 0.000000 0
114098 0.000000 0
114105 0.176426 0
114112 0.000000 0
114120 0.000000 0
114128 0.000000 0
114135 0.321130 0
114142 0.228178 0
114150 0.000000 0
114158 0.121361 0
114165 0.000000 0
114172 0.000000 0
114180 0.320258 0
114188 0.482000 0
114195 0.329381 0
114202 0.000000 0
114210 0.000000 0
114218 0.000000 0
114225 0.301378 0
114232 0.730565 0
114240 0.555025 0
114248 0.403335 0
114255 0.000000 0
114262 0.000000 0
114270 0.000000 0
114278 0.299817 0
114285 0.000000 0
114292 0.000000 0
114300 0.000000 0
114308 0.000000 0
114315 0.000000 0
114322 0.000000 0
114330 0.190745 0
114338 0.000000 0
114345 0.000000 0
114352 0.264135 0
114360 0.180540 0
114368 0.355500 0
114375 0.257529 0
114382 0.191014 0
114390 0.000000 0
114398 0.160059 0
114405 0.000000 0
114412 0.000000 0
114420 0.392478 0
114428 0.982865 0
114435 0.795454 0
114442 0.000000 0
114450 0.000000 0
114458 0.000000 0
114465 0.410364 0
114472 0.376315 0
114480 0.000000 0
114488 0.271449 0
114495 0.209215 0
114502 0.000000 0
114510 0.000000 0
114518 0.296405 0
114525 0.411086 0
114532 0.291289 0
114540 0.157916 0
114548 0.000000 0
114555 0.000000 0
114562 0.000000 0
114570 0.000000 0
114578 0.000000 0
114585 0.289528 0
114592 0.000000 0
114600 0.266315 0
114608 0.420102 0
114615 0.597593 0
114622 0.000000 0
114630 0.000000 0
114638 0.000000 0
114645 0.000000 0
114652 0.187889 0
114660 0.218567 0
114668 0.176549 0
114675 0.000000 0
114682 0.000000 0
114690 0.000000 0
114698 0.243221 0
114705 0.000000 0
114712 0.000000 0
114720 0.377223 0
114728 0.343329 0
114735 0.000000 0
114742 0.000000 0
114750 0.387088 0
114758 0.205244 0
114765 0.000000 0
114772 0.000000 0
114780 0.000000 0
114788 0.604253 0
114795 0.529039 0
114802 0.000000 0
114810 0.000000 0
114818 0.000000 0
114825 0.077264 0
114832 0.000000 0
114840 0.214183 0
114848 0.000000 0
114855 0.000000 0
114862 0.000000 0
114870 0.000000 0
114878 0.000000 0
114885 0.433765 0
114892 0.407975 0
114900 0.000000 0
114908 0.000000 0
114915 0.312078 0
114922 0.363314 0
114930 0.000000 0
114938 0.000000 0
114945 0.153253 0
114952 0.000000 0
114960 0.000000 0
114968 0.000000 0
114975 0.000000 0
114982 0.000000 0
114990 0.260486 0
114998 0.128638 0
115005 0.000000 0
115012 0.189838 0
115020 0.000000 0
115028 0.000000 0
115035 0.000000 0
115042 0.099605 0
115050 0.085148 0
115058 0.000000 0
115065 0.000000 0
115072 0.000000 0
115080 0.247615 0
115088 0.250775 0
115095 0.000000 0
115102 0.000000 0
115110 0.000000 0
115118 0.000000 0
115125 0.148686 0
115132 0.000000 0
115140 0.549227 0
115148 0.701663 0
115155 0.000000 0
115162 0.000000 0
115170 0.517902 0
115178 0.000000 0
115185 0.000000 0
115192 0.000000 0
115200 0.000000 0
115208 0.000000 0
115215 0.000000 0
115222 0.000000 0
115230 0.000000 0
115238 0.000000 0
115245 0.076099 0
115252 0.201354 0
115260 0.312271 0
115268 0.229808 0
115275 0.212426 0
115282 0.264377 0
115290 0.000000 0
115298 0.000000 0
115305 0.178712 0
115312 0.000000 0
115320 0.000000 0
115328 0.000000 0
115335 0.000000 0
115342 0.000000 0
115350 0.311328 0
115358 0.000000 0
115365 0.101825 0
115372 0.103085 0
115380 0.000000 0
115388 0.000000 0
115395 0.312501 0
115402 0.000000 0
115410 0.000000 0
115418 0.000000 0
115425 0.000000 0
115432 0.000000 0
115440 0.138776 0
115448 0.000000 0
115455 0.000000 0
115462 0.249966 0
115470 0.000000 0
115478 0.000000 0
115485 0.166548 0
115492 0.357294 0
115500 0.000000 0
115508 0.000000 0
115515 0.181847 0
115522 0.000000 0
115530 0.231529 0
115538 0.205660 0
115545 0.000000 0
115552 0.000000 0
115560 0.000000 0
115568 0.000000 0
115575 0.000000 0
115582 0.000000 0
115590 0.151985 0
115598 0.291832 0
115605 0.293734 0
115612 0.198195 0
115620 0.312827 0
115628 0.335658 0
115635 0.000000 0
115642 0.000000 0
115650 0.000000 0
115658 0.000000 0
115665 0.291474 0
115672 0.119452 0
115680 0.000000 0
115688 0.248882 0
115695 0.353103 0
115702 0.509797 0
115710 0.356431 0
115718 0.000000 0
115725 0.000000 0
115732 0.000000 0
115740 0.076140 0
115748 0.105122 0
115755 0.146110 0
115762 0.077006 0
115770 0.198371 0
115778 0.000000 0
115785 0.000000 0
115792 0.502506 0
115800 0.249938 0
115808 0.000000 0
115815 0.000000 0
115822 0.419639 0
115830 0.000000 0
115838 0.000000 0
115845 0.000000 0
115852 0.307137 0
115860 0.410675 0
115868 0.000000 0
115875 0.000000 0
115882 0.000000 0
115890 0.000000 0
115898 0.340891 0
115905 0.269032 0
115912 0.411713 0
115920 0.596080 0
115928 0.222729 0
115935 0.000000 0
115942 0.161148 0
115950 0.194497 0
115958 0.000000 0
115965 0.439773 0
115972 0.411564 0
115980 0.000000 0
115988 0.000000 0
115995 0.195547 0
116002 0.000000 0
116010 0.000000 0
116018 0.000000 0
116025 0.000000 0
116032 0.469676 0
116040 0.365556 0
116048 0.000000 0
116055 0.100271 0
116062 0.135213 0
116070 0.511862 0
116078 0.249298 0
116085 0.000000 0
116092 0.189546 0
116100 0.372952 0
116108 0.495842 0
116115 0.000000 0
116122 0.195344 0
116130 0.197294 0
116138 0.000000 0
116145 0.361045 0
116152 0.000000 0
116160 0.183791 0
116168 0.160683 0
116175 0.000000 0
116182 0.310381 0
116190 0.162828 0
116198 0.000000 0
116205 0.200066 0
116212 0.257945 0
116220 0.000000 0
116228 0.000000 0
116235 0.000000 0
116242 0.000000 0
116250 0.000000 0
116258 0.102556 0
116265 0.250265 0
116272 0.162159 0
116280 0.000000 0
116288 0.000000 0
116295 0.000000 0
116302 0.191280 0
116310 0.317966 0
116318 0.201907 0
116325 0.000000 0
116332 0.343488 0
116340 0.000000 0
116348 0.000000 0
116355 0.000000 0
116362 0.148169 0
116370 0.000000 0
116378 0.000000 0
116385 0.045882 0
116392 0.262498 0
116400 0.000000 0
116408 0.510742 0
116415 0.298291 0
116422 0.000000 0
116430 0.000000 0
116438 0.000000 0
116445 0.411054 0
116452 0.410763 0
116460 0.428344 0
116468 0.000000 0
116475 0.000000 0
116482 0.000000 0
116490 0.000000 0
116498 0.177234 0
116505 0.000000 0
116512 0.000000 0
116520 0.119158 0
116528 0.385171 0
116535 0.000000 0
116542 0.000000 0
116550 0.373471 0
116558 0.000000 0
116565 0.000000 0
116572 0.000000 0
116580 0.000000 0
116588 0.157174 0
116595 0.339230 0
116602 0.293005 0
116610 0.000000 0
116618 0.130855 0
116625 0.000000 0
116632 0.000000 0
116640 0.000000 0
116648 0.312293 0
116655 0.323014 0
116662 0.119513 0
116670 0.000000 0
116678 0.000000 0
116685 0.000000 0
116692 0.013875 0
116700 0.337699 0
116708 0.081817 0
116715 0.000000 0
116722 0.000000 0
116730 0.000000 0
116738 0.000000 0
116745 0.000000 0
116752 0.000000 0
116760 0.296321 0
116768 0.351001 0
116775 0.345078 0
116782 0.376547 0
116790 0.326623 0
116798 0.204920 0
116805 0.000000 0
116812 0.000000 0
116820 0.000000 0
116828 0.000000 0
116835 0.000000 0
116842 0.141628 0
116850 0.223259 0
116858 0.000000 0
116865 0.309932 0
116872 0.000000 0
116880 0.000000 0
116888 0.000000 0
116895 0.000000 0
116902 0.000000 0
116910 0.000000 0
116918 0.239226 0
116925 0.000000 0
116932 0.187514 0
116940 0.000000 0
116948 0.280653 0
116955 0.311505 0
116962 0.249952 0
116970 0.101513 0
116978 0.000000 0
116985 0.000000 0
116992 0.000000 0
117000 0.121387 0
117008 0.201899 0
117015 0.246618 0
117022 0.364838 0
117030 0.000000 0
117038 0.284707 0
117045 0.000000 0
117052 0.000000 0
117060 0.322954 0
117068 0.135359 0
117075 0.000000 0
117082 0.000000 0
117090 0.000000 0
117098 0.000000 0
117105 0.000000 0
117112 0.300026 0
117120 0.330435 0
117128 0.334869 0
117135 0.000000 0
117142 0.000000 0
117150 0.000000 0
117158 0.232924 0
117165 0.254385 0
117172 0.026414 0
117180 0.300036 0
117188 0.000000 0
117195 0.000000 0
117202 0.000000 0
117210 0.000000 0
117218 0.000000 0
117225 0.000000 0
117232 0.294132 0
117240 0.222566 0
117248 0.000000 0
117255 0.317418 0
117262 0.192315 0
117270 0.000000 0
117278 0.413576 0
117285 0.276087 0
117292 0.058556 0
117300 0.221772 0
117308 0.165405 0
117315 0.233641 0
117322 0.000000 0
117330 0.000000 0
117338 0.000000 0
117345 0.201908 0
117352 0.000000 0
117360 0.424049 0
117368 0.168672 0
117375 0.000000 0
117382 0.220412 0
117390 0.371302 0
117398 0.000000 0
117405 0.312386 0
117412 0.102627 0
117420 0.306171 0
117428 0.206181 0
117435 0.000000 0
117442 0.000000 0
117450 0.305707 0
117458 0.000000 0
117465 0.000000 0
117472 0.000000 0
117480 0.000000 0
117488 0.193037 0
117495 0.000000 0
117502 0.000000 0
117510 0.295761 0
117518 0.000000 0
117525 0.000000 0
117532 0.000000 0
117540 0.268716 0
117548 0.000000 0
117555 0.000000 0
117562 0.000000 0
117570 0.000000 0
117578 0.000000 0
117585 0.242640 0
117592 0.217863 0
117600 0.000000 0
117608 0.323933 0
117615 0.000000 0
117622 0.000000 0
117630 0.000000 0
117638 0.000000 0
117645 0.000000 0
117652 0.000000 0
117660 0.000000 0
117668 0.000000 0
117675 0.000000 0
117682 0.000000 0
117690 0.243639 0
117698 0.097866 0
117705 0.112124 0
117712 0.000000 0
117720 0.000000 0
117728 0.000000 0
117735 0.000000 0
117742 0.000000 0
117750 0.389946 0
117758 0.130375 0
117765 0.000000 0
117772 0.000000 0
117780 0.319002 0
117788 0.297115 0
117795 0.000000 0
117802 0.200647 0
117810 0.000000 0
117818 0.000000 0
117825 0.233040 0
117832 0.116133 0
117840 0.000000 0
117848 0.000000 0
117855 0.446900 0
117862 0.347285 0
117870 0.000000 0
117878 0.000000 0
117885 0.000000 0
117892 0.000000 0
117900 0.000000 0
117908 0.000000 0
117915 0.000000 0
117922 0.000000 0
117930 0.153188 0
117938 0.000000 0
117945 0.000000 0
117952 0.276257 0
117960 0.373770 0
117968 0.208897 0
117975 0.000000 0
117982 0.000000 0
117990 0.000000 0
117998 0.000000 0
118005 0.064229 0
118012 0.000000 0
118020 0.000000 0
118028 0.288914 0
118035 0.000000 0
118042 0.157375 0
118050 0.141013 0
118058 0.217479 0
118065 0.380041 0
118072 0.000000 0
118080 0.189316 0
118088 0.000000 0
118095 0.000000 0
118102 0.000000 0
118110 0.188032 0
118118 0.000000 0
118125 0.000000 0
118132 0.248328 0
118140 0.000000 0
118148 0.000000 0
118155 0.000000 0
118162 0.000000 0
118170 0.000000 0
118178 0.147964 0
118185 0.000000 0
118192 0.348052 0
118200 0.000000 0
118208 0.203940 0
118215 0.396767 0
118222 0.326680 0
118230 0.000000 0
118238 0.160936 0
118245 0.385444 0
118252 0.273075 0
118260 0.000000 0
118268 0.000000 0
118275 0.336992 0
118282 0.352189 0
118290 0.000000 0
118298 0.000000 0
118305 0.000000 0
118312 0.000000 0
118320 0.000000 0
118328 0.170377 0
118335 0.000000 0
118342 0.061946 0
118350 0.000000 0
118358 0.000000 0
118365 0.218786 0
118372 0.000000 0
118380 0.116847 0
118388 0.245186 0
118395 0.319276 0
118402 0.000000 0
118410 0.108817 0
118418 0.266125 0
118425 0.182550 0
118432 0.604446 0
118440 0.649271 0
118448 0.382584 0
118455 0.382344 0
118462 0.493729 0
118470 0.000000 0
118478 0.174213 0
118485 0.100233 0
118492 0.000000 0
118500 0.258160 0
118508 0.000000 0
118515 0.000000 0
118522 0.000000 0
118530 0.299992 0
118538 0.474492 0
118545 0.406525 0
118552 0.403754 0
118560 0.000000 0
118568 0.000000 0
118575 0.251825 0
118582 0.000000 0
118590 0.369298 0
118598 0.368183 0
118605 0.219636 0
118612 0.410011 0
118620 0.390208 0
118628 0.548143 0
118635 0.381855 0
118642 0.000000 0
118650 0.000000 0
118658 0.194120 0
118665 0.000000 0
118672 0.000000 0
118680 0.000000 0
118688 0.000000 0
118695 0.201899 0
118702 0.000000 0
118710 0.000000 0
118718 0.358976 0
118725 0.000000 0
118732 0.000000 0
118740 0.000000 0
118748 0.000000 0
118755 0.000000 0
118762 0.384368 0
118770 0.475608 0
118778 0.301533 0
118785 0.186532 0
118792 0.000000 0
118800 0.000000 0
118808 0.219176 0
118815 0.270243 0
118822 0.000000 0
118830 0.000000 0
118838 0.000000 0
118845 0.000000 0
118852 0.326681 0
118860 0.611176 0
118868 0.555712 0
118875 0.318428 0
118882 0.000000 0
118890 0.154113 0
118898 0.418726 0
118905 0.373506 0
118912 0.320517 0
118920 0.407134 0
118928 0.000000 0
118935 0.000000 0
118942 0.411195 0
118950 0.303237 0
118958 0.000000 0
118965 0.000000 0
118972 0.000000 0
118980 0.000000 0
118988 0.000000 0
118995 0.093312 0
119002 0.046240 0
119010 0.000000 0
119018 0.200784 0
119025 0.000000 0
119032 0.000000 0
119040 0.179550 0
119048 0.000000 0
119055 0.000000 0
119062 0.000000 0
119070 0.000000 0
119078 0.000000 0
119085 0.000000 0
119092 0.280822 0
119100 0.159288 0
119108 0.000000 0
119115 0.346956 0
119122 0.403397 0
119130 0.236752 0
119138 0.223610 0
119145 0.256916 0
119152 0.033316 0
119160 0.000000 0
119168 0.000000 0
119175 0.000000 0
119182 0.331634 0
119190 0.000000 0
119198 0.000000 0
119205 0.000000 0
119212 0.154515 0
119220 0.000000 0
119228 0.000000 0
119235 0.043485 0
119242 0.000000 0
119250 0.325066 0
119258 0.000000 0
119265 0.000000 0
119272 0.096972 0
119280 0.361799 0
119288 0.141299 0
119295 0.000000 0
119302 0.000000 0
119310 0.000000 0
119318 0.000000 0
119325 0.000000 0
119332 0.000000 0
119340 0.000000 0
119348 0.116092 0
119355 0.000000 0
119362 0.000000 0
119370 0.199903 0
119378 0.000000 0
119385 0.000000 0
119392 0.000000 0
119400 0.000000 0
119408 0.289437 0
119415 0.146309 0
119422 0.082862 0
119430 0.000000 0
119438 0.000000 0
119445 0.000000 0
119452 0.316144 0
119460 0.000000 0
119468 0.000000 0
119475 0.123924 0
119482 0.000000 0
119490 0.000000 0
119498 0.021070 0
119505 0.000000 0
119512 0.000000 0
119520 0.053441 0
119528 0.000000 0
119535 0.000000 0
119542 0.000000 0
119550 0.000000 0
119558 0.445234 0
119565 0.278552 0
119572 0.000000 0
119580 0.000000 0
119588 0.000000 0
119595 0.000000 0
119602 0.294700 0
119610 0.000000 0
119618 0.000000 0
119625 0.000000 0
119632 0.000000 0
119640 0.106977 0
119648 0.467089 0
119655 0.335177 0
119662 0.098916 0
119670 0.000000 0
119678 0.000000 0
119685 0.299562 0
119692 0.218819 0
119700 0.000000 0
119708 0.000000 0
119715 0.000000 0
119722 0.000000 0
119730 0.000000 0
119738 0.000000 0
119745 0.209224 0
119752 0.282289 0
119760 0.000000 0
119768 0.000000 0
119775 0.000000 0
119782 0.000000 0
119790 0.000000 0
119798 0.000000 0
119805 0.000000 0
119812 0.000000 0
119820 0.000000 0
119828 0.000000 0
119835 0.000000 0
119842 0.283843 0
119850 0.327230 0
119858 0.000000 0
119865 0.000000 0
119872 0.000000 0
119880 0.000000 0
119888 0.000000 0
119895 0.313848 0
119902 0.285302 0
119910 0.000000 0
119918 0.000000 0
119925 0.000000 0
119932 0.000000 0
119940 0.241627 0
119948 0.453875 0
119955 0.243992 0
