0 0.000000 1
8 0.000000 1
15 0.310973 0
22 0.996000 0
30 0.637231 0
38 0.039640 0
45 0.000000 0
52 0.000000 0
60 0.000000 0
68 0.146377 0
75 0.000000 0
82 0.000000 0
90 0.000000 0
98 0.000000 0
105 0.000000 0
112 0.000000 0
120 0.000000 0
128 0.000000 0
135 0.000000 0
142 0.000000 0
150 0.000000 0
158 0.000000 0
165 0.107881 0
172 0.000000 0
180 0.105603 0
188 0.000000 0
195 0.000000 0
202 0.051831 0
210 0.000000 0
218 0.000000 0
225 0.000000 0
232 0.029414 0
240 0.000000 0
248 0.000000 0
255 0.183639 0
262 0.555060 0
270 0.529603 0
278 0.304335 0
285 0.349608 0
292 0.221865 0
300 0.163342 0
308 0.137894 0
315 0.209979 0
322 0.000000 0
330 0.082365 0
338 0.075382 0
345 0.000000 0
352 0.000000 0
360 0.119978 0
368 0.000000 0
375 0.000000 0
382 0.000000 0
390 0.000000 0
398 0.000000 0
405 0.000000 0
412 0.000000 0
420 0.000000 0
428 0.000000 0
435 0.047283 0
442 0.000000 0
450 0.000000 0
458 0.076622 0
465 0.000000 0
472 0.000000 0
480 0.000000 0
488 0.000000 0
495 0.910065 0
502 0.635975 0
510 0.000000 0
518 0.000000 0
525 0.000000 0
532 0.000000 0
540 0.067230 0
548 0.000000 0
555 0.000000 0
562 0.000000 0
570 0.000000 0
578 0.000000 0
585 0.000000 0
592 0.000000 0
600 0.000000 0
608 0.000000 0
615 0.000000 0
622 0.000000 0
630 0.000000 0
638 0.087673 0
645 0.000000 0
652 0.000000 0
660 0.000000 0
668 0.000000 0
675 0.000000 0
682 0.000000 0
690 0.000000 0
698 0.000000 0
705 0.000000 0
712 0.099707 0
720 0.000000 0
728 0.254114 0
735 0.663801 0
742 0.585398 0
750 0.320613 0
758 0.298255 0
765 0.227406 0
772 0.105228 0
780 0.105604 0
788 0.158922 0
795 0.000000 0
802 0.064749 0
810 0.059678 0
818 0.000000 0
825 0.000000 0
832 0.081841 0
840 0.045358 0
848 0.000000 0
855 0.000000 0
862 0.000000 0
870 0.000000 0
878 0.000000 0
885 0.000000 0
892 0.000000 0
900 0.000000 0
908 0.000000 0
915 0.000000 0
922 0.000000 0
930 0.000000 0
938 0.000000 0
945 0.000000 0
952 0.000000 0
960 0.000000 0
968 0.951436 0
975 0.656801 0
982 0.000000 0
990 0.000000 0
998 0.000000 0
1005 0.000000 0
1012 0.000000 0
1020 0.000000 0
1028 0.000000 0
1035 0.000000 0
1042 0.000000 0
1050 0.000000 0
1058 0.000000 0
1065 0.000000 0
1072 0.000000 0
1080 0.000000 0
1088 0.000000 0
1095 0.000000 0
1102 0.000000 0
1110 0.000000 0
1118 0.000000 0
1125 0.000000 0
1132 0.000000 0
1140 0.000000 0
1148 0.000000 0
1155 0.000000 0
1162 0.000000 0
1170 0.000000 0
1178 0.000000 0
1185 0.000000 0
1192 0.000000 0
1200 0.385674 0
1208 0.755529 0
1215 0.584094 0
1222 0.353272 0
1230 0.254271 0
1238 0.193999 0
1245 0.198791 0
1252 0.028440 0
1260 0.166137 0
1268 0.000000 0
1275 0.095041 0
1282 0.173034 0
1290 0.000000 0
1298 0.000000 0
1305 0.000000 0
1312 0.000000 0
1320 0.000000 0
1328 0.000000 0
1335 0.000000 0
1342 0.000000 0
1350 0.000000 0
1358 0.000000 0
1365 0.000000 0
1372 0.000000 0
1380 0.000000 0
1388 0.000000 0
1395 0.000000 0
1402 0.000000 0
1410 0.000000 0
1418 0.000000 0
1425 0.000000 0
1432 0.000000 0
1440 1.000000 0
1448 0.686293 0
1455 0.000000 0
1462 0.000000 0
1470 0.000000 0
1478 0.000000 0
1485 0.000000 0
1492 0.000000 0
1500 0.000000 0
1508 0.000000 0
1515 0.000000 0
1522 0.000000 0
1530 0.000000 0
1538 0.000000 0
1545 0.000000 0
1552 0.000000 0
1560 0.000000 0
1568 0.000000 0
1575 0.000000 0
1582 0.000000 0
1590 0.000000 0
1598 0.000000 0
1605 0.000000 0
1612 0.000000 0
1620 0.000000 0
1628 0.000000 0
1635 0.000000 0
1642 0.000000 0
1650 0.000000 0
1658 0.000000 0
1665 0.000000 0
1672 0.485443 0
1680 0.833224 0
1688 0.598511 0
1695 0.328492 0
1702 0.237922 0
1710 0.186903 0
1718 0.000000 0
1725 0.000000 0
1732 0.203000 0
1740 0.060379 0
1748 0.000000 0
1755 0.098859 0
1762 0.000000 0
1770 0.000000 0
1778 0.000000 0
1785 0.000000 0
1792 0.000000 0
1800 0.000000 0
1808 0.000000 0
1815 0.000000 0
1822 0.000000 0
1830 0.000000 0
1838 0.000000 0
1845 0.000000 0
1852 0.000000 0
1860 0.000000 0
1868 0.000000 0
1875 0.000000 0
1882 0.000000 0
1890 0.000000 0
1898 0.000000 0
1905 0.148342 0
1912 1.000000 0
1920 0.720835 0
1928 0.000000 0
1935 0.000000 0
1942 0.000000 0
1950 0.000000 0
1958 0.000000 0
1965 0.000000 0
1972 0.000000 0
1980 0.000000 0
1988 0.000000 0
1995 0.000000 0
2002 0.000000 0
2010 0.000000 0
2018 0.000000 0
2025 0.000000 0
2032 0.000000 0
2040 0.000000 0
2048 0.000000 0
2055 0.000000 0
2062 0.000000 0
2070 0.000000 0
2078 0.000000 0
2085 0.000000 0
2092 0.000000 0
2100 0.000000 0
2108 0.000000 0
2115 0.000000 0
2122 0.000000 0
2130 0.000000 0
2138 0.000000 0
2145 0.642879 0
2152 0.863332 0
2160 0.605017 0
2168 0.270739 0
2175 0.262717 0
2182 0.028208 0
2190 0.000000 0
2198 0.000000 0
2205 0.214226 0
2212 0.000000 0
2220 0.000000 0
2228 0.170717 0
2235 0.000000 0
2242 0.000000 0
2250 0.000000 0
2258 0.000000 0
2265 0.000000 0
2272 0.000000 0
2280 0.000000 0
2288 0.000000 0
2295 0.000000 0
2302 0.000000 0
2310 0.000000 0
2318 0.000000 0
2325 0.000000 0
2332 0.000000 0
2340 0.000000 0
2348 0.000000 0
2355 0.000000 0
2362 0.000000 0
2370 0.000000 0
2378 0.254382 0
2385 1.000000 0
2392 0.718050 0
2400 0.000000 0
2408 0.000000 0
2415 0.000000 0
2422 0.000000 0
2430 0.000000 0
2438 0.000000 0
2445 0.000000 0
2452 0.000000 0
2460 0.000000 0
2468 0.000000 0
2475 0.000000 0
2482 0.000000 0
2490 0.000000 0
2498 0.000000 0
2505 0.000000 0
2512 0.000000 0
2520 0.000000 0
2528 0.000000 0
2535 0.000000 0
2542 0.000000 0
2550 0.000000 0
2558 0.000000 0
2565 0.000000 0
2572 0.000000 0
2580 0.000000 0
2588 0.000000 0
2595 0.000000 0
2602 0.000000 0
2610 0.189378 0
2618 0.699372 0
2625 0.863691 0
2632 0.578375 0
2640 0.279182 0
2648 0.146631 0
2655 0.107519 0
2662 0.000000 0
2670 0.000000 0
2678 0.161429 0
2685 0.000000 0
2692 0.000000 0
2700 0.083598 0
2708 0.000000 0
2715 0.000000 0
2722 0.000000 0
2730 0.034137 0
2738 0.000000 0
2745 0.000000 0
2752 0.000000 0
2760 0.000000 0
2768 0.000000 0
2775 0.000000 0
2782 0.000000 0
2790 0.000000 0
2798 0.000000 0
2805 0.000000 0
2812 0.000000 0
2820 0.000000 0
2828 0.000000 0
2835 0.000000 0
2842 0.000000 0
2850 0.320831 0
2858 1.000000 0
2865 0.708448 0
2872 0.000000 0
2880 0.000000 0
2888 0.000000 0
2895 0.000000 0
2902 0.000000 0
2910 0.000000 0
2918 0.000000 0
2925 0.000000 0
2932 0.000000 0
2940 0.000000 0
2948 0.000000 0
2955 0.000000 0
2962 0.000000 0
2970 0.000000 0
2978 0.000000 0
2985 0.000000 0
2992 0.000000 0
3000 0.000000 0
3008 0.000000 0
3015 0.000000 0
3022 0.000000 0
3030 0.000000 0
3038 0.000000 0
3045 0.000000 0
3052 0.000000 0
3060 0.000000 0
3068 0.000000 0
3075 0.000000 0
3082 0.000000 0
3090 0.872469 0
3098 0.864829 0
3105 0.564941 0
3112 0.178313 0
3120 0.151808 0
3128 0.099151 0
3135 0.000000 0
3142 0.000000 0
3150 0.186252 0
3158 0.000000 0
3165 0.000000 0
3172 0.000000 0
3180 0.000000 0
3188 0.000000 0
3195 0.075012 0
3202 0.000000 0
3210 0.000000 0
3218 0.000000 0
3225 0.000000 0
3232 0.000000 0
3240 0.000000 0
3248 0.000000 0
3255 0.000000 0
3262 0.000000 0
3270 0.000000 0
3278 0.000000 0
3285 0.000000 0
3292 0.000000 0
3300 0.000000 0
3308 0.000000 0
3315 0.000000 0
3322 0.336967 0
3330 1.000000 0
3338 0.705283 0
3345 0.000000 0
3352 0.000000 0
3360 0.000000 0
3368 0.000000 0
3375 0.000000 0
3382 0.000000 0
3390 0.000000 0
3398 0.000000 0
3405 0.000000 0
3412 0.000000 0
3420 0.000000 0
3428 0.000000 0
3435 0.000000 0
3442 0.000000 0
3450 0.000000 0
3458 0.000000 0
3465 0.000000 0
3472 0.000000 0
3480 0.000000 0
3488 0.000000 0
3495 0.000000 0
3502 0.000000 0
3510 0.000000 0
3518 0.000000 0
3525 0.000000 0
3532 0.000000 0
3540 0.000000 0
3548 0.000000 0
3555 0.000000 0
3562 1.000000 0
3570 0.967297 0
3578 0.489929 0
3585 0.000000 0
3592 0.000000 0
3600 0.000000 0
3608 0.137184 0
3615 0.000000 0
3622 0.000000 0
3630 0.000000 0
3638 0.000000 0
3645 0.000000 0
3652 0.000000 0
3660 0.000000 0
3668 0.000000 0
3675 0.000000 0
3682 0.000000 0
3690 0.000000 0
3698 0.000000 0
3705 0.000000 0
3712 0.000000 0
3720 0.000000 0
3728 0.000000 0
3735 0.000000 0
3742 0.000000 0
3750 0.000000 0
3758 0.000000 0
3765 0.000000 0
3772 0.000000 0
3780 0.000000 0
3788 0.000000 0
3795 0.284361 0
3802 1.000000 0
3810 0.670787 0
3818 0.000000 0
3825 0.000000 0
3832 0.000000 0
3840 0.000000 0
3848 0.000000 0
3855 0.000000 0
3862 0.000000 0
3870 0.000000 0
3878 0.000000 0
3885 0.000000 0
3892 0.000000 0
3900 0.000000 0
3908 0.000000 0
3915 0.000000 0
3922 0.000000 0
3930 0.000000 0
3938 0.000000 0
3945 0.000000 0
3952 0.000000 0
3960 0.000000 0
3968 0.000000 0
3975 0.000000 0
3982 0.000000 0
3990 0.000000 0
3998 0.000000 0
4005 0.000000 0
4012 0.000000 0
4020 0.000000 0
4028 0.129136 0
4035 0.983292 0
4042 0.835598 0
4050 0.532306 0
4058 0.057978 0
4065 0.041074 0
4072 0.000000 0
4080 0.000000 0
4088 0.000000 0
4095 0.000000 0
4102 0.000000 0
4110 0.000000 0
4118 0.000000 0
4125 0.000000 0
4132 0.000000 0
4140 0.000000 0
4148 0.000000 0
4155 0.000000 0
4162 0.000000 0
4170 0.000000 0
4178 0.000000 0
4185 0.000000 0
4192 0.000000 0
4200 0.000000 0
4208 0.000000 0
4215 0.000000 0
4222 0.000000 0
4230 0.000000 0
4238 0.000000 0
4245 0.000000 0
4252 0.000000 0
4260 0.000000 0
4268 0.444041 0
4275 1.000000 0
4282 0.665214 0
4290 0.000000 0
4298 0.000000 0
4305 0.000000 0
4312 0.000000 0
4320 0.000000 0
4328 0.000000 0
4335 0.000000 0
4342 0.000000 0
4350 0.000000 0
4358 0.000000 0
4365 0.000000 0
4372 0.000000 0
4380 0.000000 0
4388 0.000000 0
4395 0.000000 0
4402 0.000000 0
4410 0.000000 0
4418 0.000000 0
4425 0.000000 0
4432 0.000000 0
4440 0.000000 0
4448 0.000000 0
4455 0.000000 0
4462 0.000000 0
4470 0.000000 0
4478 0.000000 0
4485 0.000000 0
4492 0.000000 0
4500 0.000000 0
4508 1.000000 0
4515 0.877311 0
4522 0.540996 0
4530 0.000000 0
4538 0.000000 0
4545 0.000000 0
4552 0.000000 0
4560 0.000000 0
4568 0.000000 0
4575 0.000000 0
4582 0.000000 0
4590 0.000000 0
4598 0.000000 0
4605 0.000000 0
4612 0.000000 0
4620 0.038095 0
4628 0.000000 0
4635 0.000000 0
4642 0.000000 0
4650 0.092794 0
4658 0.000000 0
4665 0.000000 0
4672 0.000000 0
4680 0.000000 0
4688 0.000000 0
4695 0.000000 0
4702 0.000000 0
4710 0.000000 0
4718 0.000000 0
4725 0.000000 0
4732 0.000000 0
4740 0.384367 0
4748 1.000000 0
4755 0.648181 0
4762 0.000000 0
4770 0.000000 0
4778 0.000000 0
4785 0.000000 0
4792 0.000000 0
4800 0.000000 0
4808 0.000000 0
4815 0.000000 0
4822 0.000000 0
4830 0.000000 0
4838 0.000000 0
4845 0.000000 0
4852 0.000000 0
4860 0.000000 0
4868 0.000000 0
4875 0.000000 0
4882 0.000000 0
4890 0.000000 0
4898 0.000000 0
4905 0.054475 0
4912 0.000000 0
4920 0.000000 0
4928 0.000000 0
4935 0.000000 0
4942 0.000000 0
4950 0.000000 0
4958 0.028894 0
4965 0.000000 0
4972 0.000000 0
4980 1.000000 0
4988 0.822649 0
4995 0.476749 0
5002 0.000000 0
5010 0.000000 0
5018 0.000000 0
5025 0.000000 0
5032 0.000000 0
5040 0.000000 0
5048 0.000000 0
5055 0.000000 0
5062 0.000000 0
5070 0.000000 0
5078 0.000000 0
5085 0.000000 0
5092 0.000000 0
5100 0.000000 0
5108 0.000000 0
5115 0.000000 0
5122 0.000000 0
5130 0.000000 0
5138 0.000000 0
5145 0.000000 0
5152 0.000000 0
5160 0.000000 0
5168 0.000000 0
5175 0.000000 0
5182 0.000000 0
5190 0.000000 0
5198 0.000000 0
5205 0.000000 0
5212 0.461087 0
5220 1.000000 0
5228 0.632527 0
5235 0.000000 0
5242 0.000000 0
5250 0.000000 0
5258 0.000000 0
5265 0.000000 0
5272 0.000000 0
5280 0.000000 0
5288 0.000000 0
5295 0.000000 0
5302 0.000000 0
5310 0.000000 0
5318 0.000000 0
5325 0.000000 0
5332 0.000000 0
5340 0.038084 0
5348 0.000000 0
5355 0.000000 0
5362 0.000000 0
5370 0.000000 0
5378 0.096711 0
5385 0.000000 0
5392 0.000000 0
5400 0.000000 0
5408 0.168983 0
5415 0.000000 0
5422 0.000000 0
5430 0.000000 0
5438 0.000000 0
5445 0.089624 0
5452 0.953699 0
5460 0.783514 0
5468 0.474562 0
5475 0.000000 0
5482 0.000000 0
5490 0.000000 0
5498 0.000000 0
5505 0.000000 0
5512 0.000000 0
5520 0.000000 0
5528 0.000000 0
5535 0.000000 0
5542 0.000000 0
5550 0.000000 0
5558 0.000000 0
5565 0.000000 0
5572 0.000000 0
5580 0.000000 0
5588 0.000000 0
5595 0.000000 0
5602 0.000000 0
5610 0.000000 0
5618 0.000000 0
5625 0.000000 0
5632 0.000000 0
5640 0.000000 0
5648 0.000000 0
5655 0.000000 0
5662 0.192160 0
5670 0.000000 0
5678 0.000000 0
5685 0.354895 0
5692 1.000000 0
5700 0.624474 0
5708 0.000000 0
5715 0.000000 0
5722 0.000000 0
5730 0.000000 0
5738 0.000000 0
5745 0.000000 0
5752 0.000000 0
5760 0.000000 0
5768 0.000000 0
5775 0.000000 0
5782 0.000000 0
5790 0.000000 0
5798 0.000000 0
5805 0.000000 0
5812 0.000000 0
5820 0.000000 0
5828 0.000000 0
5835 0.110573 0
5842 0.000000 0
5850 0.144799 0
5858 0.000000 0
5865 0.183907 0
5872 0.000000 0
5880 0.000000 0
5888 0.000000 0
5895 0.000000 0
5902 0.117435 0
5910 0.000000 0
5918 0.000000 0
5925 0.882546 0
5932 0.766015 0
5940 0.508031 0
5948 0.000000 0
5955 0.000000 0
5962 0.000000 0
5970 0.000000 0
5978 0.000000 0
5985 0.000000 0
5992 0.000000 0
6000 0.000000 0
6008 0.000000 0
6015 0.000000 0
6022 0.000000 0
6030 0.000000 0
6038 0.000000 0
6045 0.000000 0
6052 0.000000 0
6060 0.000000 0
6068 0.000000 0
6075 0.000000 0
6082 0.000000 0
6090 0.000000 0
6098 0.000000 0
6105 0.000000 0
6112 0.000000 0
6120 0.000000 0
6128 0.000000 0
6135 0.000000 0
6142 0.000000 0
6150 0.000000 0
6158 0.277564 0
6165 1.000000 0
6172 0.608830 0
6180 0.000000 0
6188 0.000000 0
6195 0.000000 0
6202 0.000000 0
6210 0.000000 0
6218 0.000000 0
6225 0.000000 0
6232 0.000000 0
6240 0.000000 0
6248 0.000000 0
6255 0.000000 0
6262 0.000000 0
6270 0.000000 0
6278 0.000000 0
6285 0.000000 0
6292 0.248335 0
6300 0.146106 0
6308 0.000000 0
6315 0.000000 0
6322 0.224771 0
6330 0.263867 0
6338 0.000000 0
6345 0.000000 0
6352 0.000000 0
6360 0.000000 0
6368 0.000000 0
6375 0.151510 0
6382 0.116035 0
6390 0.000000 0
6398 0.820499 0
6405 0.726143 0
6412 0.489194 0
6420 0.000000 0
6428 0.000000 0
6435 0.000000 0
6442 0.000000 0
6450 0.000000 0
6458 0.000000 0
6465 0.000000 0
6472 0.000000 0
6480 0.000000 0
6488 0.000000 0
6495 0.000000 0
6502 0.000000 0
6510 0.000000 0
6518 0.000000 0
6525 0.000000 0
6532 0.000000 0
6540 0.000000 0
6548 0.000000 0
6555 0.000000 0
6562 0.149615 0
6570 0.000000 0
6578 0.000000 0
6585 0.000000 0
6592 0.000000 0
6600 0.000000 0
6608 0.000000 0
6615 0.000000 0
6622 0.000000 0
6630 0.168959 0
6638 1.000000 0
6645 0.595084 0
6652 0.000000 0
6660 0.000000 0
6668 0.000000 0
6675 0.000000 0
6682 0.273600 0
6690 0.000000 0
6698 0.000000 0
6705 0.000000 0
6712 0.000000 0
6720 0.080938 0
6728 0.172228 0
6735 0.181760 0
6742 0.000000 0
6750 0.000000 0
6758 0.159774 0
6765 0.091311 0
6772 0.188469 0
6780 0.186224 0
6788 0.194715 0
6795 0.298351 0
6802 0.000000 0
6810 0.000000 0
6818 0.055240 0
6825 0.000000 0
6832 0.000000 0
6840 0.000000 0
6848 0.000000 0
6855 0.000000 0
6862 0.184106 0
6870 0.608840 0
6878 0.739815 0
6885 0.459507 0
6892 0.043079 0
6900 0.000000 0
6908 0.000000 0
6915 0.000000 0
6922 0.000000 0
6930 0.000000 0
6938 0.000000 0
6945 0.000000 0
6952 0.000000 0
6960 0.000000 0
6968 0.000000 0
6975 0.000000 0
6982 0.007083 0
6990 0.088247 0
6998 0.000000 0
7005 0.000000 0
7012 0.000000 0
7020 0.000000 0
7028 0.000000 0
7035 0.000000 0
7042 0.000000 0
7050 0.115229 0
7058 0.000000 0
7065 0.000000 0
7072 0.000000 0
7080 0.000000 0
7088 0.000000 0
7095 0.000000 0
7102 0.000000 0
7110 0.000000 0
7118 0.000000 0
7125 0.000000 1
7132 0.000000 1
7140 0.523223 1
7148 0.513133 1
7155 0.357189 1
7162 0.214719 1
7170 0.000000 1
7178 0.000000 1
7185 0.257060 1
7192 0.000000 1
7200 0.000000 1
7208 0.000000 1
7215 0.299929 1
7222 0.045700 1
7230 0.000000 1
7238 0.000000 0
7245 0.244439 0
7252 0.275981 0
7260 0.159961 0
7268 0.000000 0
7275 0.000000 0
7282 0.000000 0
7290 0.000000 0
7298 0.283879 0
7305 0.231363 0
7312 0.056898 0
7320 0.000000 0
7328 0.162325 0
7335 0.234928 0
7342 0.489719 0
7350 0.676580 0
7358 0.440310 0
7365 0.000000 0
7372 0.000000 0
7380 0.000000 0
7388 0.000000 0
7395 0.000000 0
7402 0.000000 0
7410 0.000000 0
7418 0.000000 0
7425 0.000000 0
7432 0.000000 0
7440 0.000000 0
7448 0.000000 0
7455 0.000000 0
7462 0.129170 0
7470 0.000000 0
7478 0.000000 0
7485 0.167752 0
7492 0.000000 0
7500 0.000000 0
7508 0.000000 0
7515 0.000000 0
7522 0.000000 0
7530 0.000000 0
7538 0.023356 0
7545 0.151506 0
7552 0.359830 0
7560 0.000000 0
7568 0.000000 0
7575 0.290929 0
7582 0.569118 0
7590 0.382662 0
7598 0.000000 0
7605 0.000000 0
7612 0.000000 0
7620 0.306921 0
7628 0.214453 0
7635 0.000000 0
7642 0.000000 0
7650 0.000000 0
7658 0.000000 0
7665 0.000000 0
7672 0.000000 0
7680 0.064346 0
7688 0.000000 0
7695 0.000000 0
7702 0.357320 0
7710 0.188922 0
7718 0.125272 0
7725 0.254680 0
7732 0.000000 0
7740 0.000000 0
7748 0.077793 0
7755 0.000000 0
7762 0.000000 0
7770 0.000000 0
7778 0.193108 0
7785 0.000000 0
7792 0.000000 0
7800 0.189334 0
7808 0.000000 0
7815 0.313223 0
7822 0.530593 0
7830 0.380370 0
7838 0.000000 0
7845 0.000000 0
7852 0.000000 0
7860 0.000000 0
7868 0.000000 0
7875 0.000000 0
7882 0.000000 0
7890 0.000000 0
7898 0.000000 0
7905 0.000000 0
7912 0.000000 0
7920 0.000000 0
7928 0.237395 0
7935 0.085803 0
7942 0.000000 0
7950 0.000000 0
7958 0.037301 0
7965 0.000000 0
7972 0.000000 0
7980 0.206815 0
7988 0.000000 0
7995 0.094997 0
8002 0.000000 0
8010 0.000000 0
8018 0.000000 0
8025 0.155793 0
8032 0.000000 0
8040 0.000000 0
8048 0.000000 0
8055 0.870138 0
8062 0.571500 0
8070 0.000000 0
8078 0.000000 0
8085 0.000000 0
8092 0.000000 0
8100 0.192276 0
8108 0.000000 0
8115 0.000000 0
8122 0.000000 0
8130 0.000000 0
8138 0.259356 0
8145 0.000000 0
8152 0.000000 0
8160 0.000000 0
8168 0.000000 0
8175 0.197206 0
8182 0.134974 0
8190 0.221289 0
8198 0.284269 0
8205 0.232323 0
8212 0.000000 0
8220 0.076299 0
8228 0.083754 0
8235 0.000000 0
8242 0.000000 0
8250 0.000000 0
8258 0.000000 0
8265 0.167963 0
8272 0.000000 0
8280 0.000000 0
8288 0.535528 0
8295 0.657644 0
8302 0.415526 0
8310 0.000000 0
8318 0.000000 0
8325 0.000000 0
8332 0.000000 0
8340 0.000000 0
8348 0.000000 0
8355 0.000000 0
8362 0.000000 0
8370 0.000000 0
8378 0.000000 0
8385 0.000000 0
8392 0.000000 0
8400 0.000000 0
8408 0.006776 0
8415 0.000000 0
8422 0.000000 0
8430 0.000000 0
8438 0.000000 0
8445 0.000000 0
8452 0.121290 0
8460 0.138716 0
8468 0.000000 0
8475 0.000000 0
8482 0.000000 0
8490 0.000000 0
8498 0.000000 0
8505 0.161360 0
8512 0.149130 0
8520 0.182049 0
8528 0.902909 0
8535 0.574138 0
8542 0.000000 0
8550 0.000000 0
8558 0.000000 0
8565 0.000000 0
8572 0.000000 0
8580 0.168300 0
8588 0.156325 0
8595 0.000000 0
8602 0.248255 0
8610 0.099502 0
8618 0.000000 0
8625 0.000000 0
8632 0.156303 0
8640 0.099654 0
8648 0.251910 0
8655 0.000000 0
8662 0.184372 0
8670 0.218713 0
8678 0.236502 0
8685 0.103659 0
8692 0.000000 0
8700 0.175452 0
8708 0.179894 0
8715 0.000000 0
8722 0.000000 0
8730 0.000000 0
8738 0.162658 0
8745 0.000000 0
8752 0.000000 0
8760 0.652101 0
8768 0.669931 0
8775 0.444689 0
8782 0.000000 0
8790 0.000000 0
8798 0.000000 0
8805 0.000000 0
8812 0.000000 0
8820 0.000000 0
8828 0.000000 0
8835 0.000000 0
8842 0.000000 0
8850 0.000000 0
8858 0.000000 0
8865 0.000000 0
8872 0.000000 0
8880 0.000000 0
8888 0.000000 0
8895 0.000000 0
8902 0.000000 0
8910 0.000000 0
8918 0.000000 0
8925 0.000000 0
8932 0.000000 0
8940 0.096041 0
8948 0.000000 0
8955 0.000000 0
8962 0.000000 0
8970 0.000000 0
8978 0.000000 0
8985 0.000000 0
8992 0.191823 0
9000 1.000000 0
9008 0.558045 0
9015 0.000000 0
9022 0.000000 0
9030 0.000000 0
9038 0.000000 0
9045 0.000000 0
9052 0.120442 0
9060 0.000000 0
9068 0.000000 0
9075 0.000000 0
9082 0.185642 0
9090 0.000000 0
9098 0.000000 0
9105 0.102917 0
9112 0.150085 0
9120 0.292066 0
9128 0.271361 0
9135 0.299686 0
9142 0.000000 0
9150 0.045380 0
9158 0.000000 0
9165 0.000000 0
9172 0.000000 0
9180 0.086709 0
9188 0.000000 0
9195 0.153303 0
9202 0.000000 0
9210 0.000000 0
9218 0.000000 0
9225 0.000000 0
9232 0.720210 0
9240 0.726234 0
9248 0.411031 0
9255 0.000000 0
9262 0.000000 0
9270 0.000000 0
9278 0.000000 0
9285 0.000000 0
9292 0.000000 0
9300 0.000000 0
9308 0.000000 0
9315 0.000000 0
9322 0.000000 0
9330 0.000000 0
9338 0.000000 0
9345 0.000000 0
9352 0.000000 0
9360 0.000000 0
9368 0.000000 0
9375 0.000000 0
9382 0.000000 0
9390 0.114140 0
9398 0.055729 0
9405 0.000000 0
9412 0.000000 0
9420 0.000000 0
9428 0.000000 0
9435 0.000000 0
9442 0.000000 0
9450 0.000000 0
9458 0.000000 0
9465 0.407729 0
9472 1.000000 0
9480 0.553198 0
9488 0.000000 0
9495 0.000000 0
9502 0.000000 0
9510 0.000000 0
9518 0.000000 0
9525 0.163999 0
9532 0.000000 0
9540 0.000000 0
9548 0.000000 0
9555 0.000000 0
9562 0.000000 0
9570 0.108793 0
9578 0.000000 0
9585 0.000000 0
9592 0.054026 0
9600 0.000000 0
9608 0.000000 0
9615 0.000000 0
9622 0.232907 0
9630 0.119131 0
9638 0.000000 0
9645 0.144962 0
9652 0.000000 0
9660 0.066889 0
9668 0.000000 0
9675 0.000000 0
9682 0.000000 0
9690 0.000000 0
9698 0.000000 0
9705 0.848914 0
9712 0.722705 0
9720 0.424221 0
9728 0.000000 0
9735 0.000000 0
9742 0.000000 0
9750 0.000000 0
9758 0.000000 0
9765 0.000000 0
9772 0.000000 0
9780 0.000000 0
9788 0.000000 0
9795 0.000000 0
9802 0.000000 0
9810 0.000000 0
9818 0.000000 0
9825 0.000000 0
9832 0.000000 0
9840 0.000000 0
9848 0.000000 0
9855 0.000000 0
9862 0.000000 0
9870 0.000000 0
9878 0.000000 0
9885 0.000000 0
9892 0.000000 0
9900 0.000000 0
9908 0.000000 0
9915 0.000000 0
9922 0.126801 0
9930 0.000000 0
9938 0.338649 0
9945 1.000000 0
9952 0.558809 0
9960 0.000000 0
9968 0.000000 0
9975 0.000000 0
9982 0.000000 0
9990 0.000000 0
9998 0.000000 0
10005 0.000000 0
10012 0.000000 0
10020 0.000000 0
10028 0.000000 0
10035 0.000000 0
10042 0.000000 0
10050 0.000000 0
10058 0.000000 0
10065 0.000000 0
10072 0.172362 0
10080 0.263226 0
10088 0.000000 0
10095 0.000000 0
10102 0.000000 0
10110 0.046266 0
10118 0.204658 0
10125 0.000000 0
10132 0.000000 0
10140 0.000000 0
10148 0.000000 0
10155 0.000000 0
10162 0.000000 0
10170 0.237835 0
10178 0.983319 0
10185 0.744311 0
10192 0.367962 0
10200 0.000000 0
10208 0.000000 0
10215 0.000000 0
10222 0.000000 0
10230 0.000000 0
10238 0.000000 0
10245 0.000000 0
10252 0.000000 0
10260 0.000000 0
10268 0.000000 0
10275 0.000000 0
10282 0.000000 0
10290 0.000000 0
10298 0.000000 0
10305 0.000000 0
10312 0.000000 0
10320 0.000000 0
10328 0.000000 0
10335 0.000000 0
10342 0.000000 0
10350 0.000000 0
10358 0.000000 0
10365 0.000000 0
10372 0.000000 0
10380 0.000000 0
10388 0.000000 0
10395 0.000000 0
10402 0.000000 0
10410 0.660224 0
10418 1.000000 0
10425 0.549589 0
10432 0.000000 0
10440 0.000000 0
10448 0.000000 0
10455 0.000000 0
10462 0.000000 0
10470 0.000000 0
10478 0.000000 0
10485 0.000000 0
10492 0.000000 0
10500 0.000000 0
10508 0.000000 0
10515 0.000000 0
10522 0.000000 0
10530 0.000000 0
10538 0.000000 0
10545 0.000000 0
10552 0.229829 0
10560 0.000000 0
10568 0.000000 0
10575 0.000000 0
10582 0.000000 0
10590 0.000000 0
10598 0.000000 0
10605 0.000000 0
10612 0.000000 0
10620 0.000000 0
10628 0.000000 0
10635 0.000000 0
10642 0.248846 0
10650 1.000000 0
10658 0.741722 0
10665 0.429487 0
10672 0.000000 0
10680 0.000000 0
10688 0.000000 0
10695 0.000000 0
10702 0.000000 0
10710 0.000000 0
10718 0.000000 0
10725 0.000000 0
10732 0.000000 0
10740 0.000000 0
10748 0.000000 0
10755 0.000000 0
10762 0.000000 0
10770 0.000000 0
10778 0.000000 0
10785 0.000000 0
10792 0.000000 0
10800 0.000000 0
10808 0.000000 0
10815 0.000000 0
10822 0.000000 0
10830 0.000000 0
10838 0.000000 0
10845 0.000000 0
10852 0.000000 0
10860 0.000000 0
10868 0.000000 0
10875 0.000000 0
10882 0.771227 0
10890 1.000000 0
10898 0.543189 0
10905 0.000000 0
10912 0.000000 0
10920 0.000000 0
10928 0.000000 0
10935 0.000000 0
10942 0.000000 0
10950 0.000000 0
10958 0.000000 0
10965 0.000000 0
10972 0.000000 0
10980 0.000000 0
10988 0.000000 0
10995 0.000000 0
11002 0.000000 0
11010 0.000000 0
11018 0.000000 0
11025 0.000000 0
11032 0.000000 0
11040 0.000000 0
11048 0.000000 0
11055 0.000000 0
11062 0.000000 0
11070 0.000000 0
11078 0.000000 0
11085 0.000000 0
11092 0.000000 0
11100 0.000000 0
11108 0.000000 0
11115 0.288222 0
11122 1.000000 0
11130 0.843762 0
11138 0.359506 0
11145 0.000000 0
11152 0.000000 0
11160 0.000000 0
11168 0.000000 0
11175 0.000000 0
11182 0.000000 0
11190 0.000000 0
11198 0.000000 0
11205 0.000000 0
11212 0.000000 0
11220 0.000000 0
11228 0.000000 0
11235 0.000000 0
11242 0.000000 0
11250 0.000000 0
11258 0.000000 0
11265 0.153044 0
11272 0.000000 0
11280 0.000000 0
11288 0.000000 0
11295 0.000000 0
11302 0.000000 0
11310 0.000000 0
11318 0.000000 0
11325 0.000000 0
11332 0.000000 0
11340 0.000000 0
11348 0.000000 0
11355 0.607728 0
11362 1.000000 0
11370 0.523731 0
11378 0.000000 0
11385 0.000000 0
11392 0.000000 0
11400 0.000000 0
11408 0.000000 0
11415 0.000000 0
11422 0.000000 0
11430 0.000000 0
11438 0.000000 0
11445 0.000000 0
11452 0.000000 0
11460 0.000000 0
11468 0.000000 0
11475 0.000000 0
11482 0.000000 0
11490 0.000000 0
11498 0.000000 0
11505 0.000000 0
11512 0.000000 0
11520 0.000000 0
11528 0.000000 0
11535 0.000000 0
11542 0.000000 0
11550 0.000000 0
11558 0.000000 0
11565 0.000000 0
11572 0.000000 0
11580 0.000000 0
11588 0.266080 0
11595 1.000000 0
11602 0.784967 0
11610 0.457584 0
11618 0.000000 0
11625 0.000000 0
11632 0.000000 0
11640 0.000000 0
11648 0.000000 0
11655 0.000000 0
11662 0.000000 0
11670 0.000000 0
11678 0.000000 0
11685 0.000000 0
11692 0.000000 0
11700 0.000000 0
11708 0.000000 0
11715 0.000000 0
11722 0.000000 0
11730 0.000000 0
11738 0.000000 0
11745 0.000000 0
11752 0.000000 0
11760 0.000000 0
11768 0.000000 0
11775 0.000000 0
11782 0.000000 0
11790 0.000000 0
11798 0.000000 0
11805 0.000000 0
11812 0.000000 0
11820 0.000000 0
11828 0.890378 0
11835 1.000000 0
11842 0.546699 0
11850 0.000000 0
11858 0.000000 0
11865 0.000000 0
11872 0.000000 0
11880 0.000000 0
11888 0.000000 0
11895 0.000000 0
11902 0.000000 0
11910 0.000000 0
11918 0.000000 0
11925 0.000000 0
11932 0.000000 0
11940 0.000000 0
11948 0.000000 0
11955 0.000000 0
11962 0.000000 0
11970 0.000000 0
11978 0.000000 0
11985 0.000000 0
11992 0.000000 0
12000 0.000000 0
12008 0.000000 0
12015 0.000000 0
12022 0.000000 0
12030 0.000000 0
12038 0.000000 0
12045 0.000000 0
12052 0.000000 0
12060 0.469128 0
12068 1.000000 0
12075 0.766537 0
12082 0.391557 0
12090 0.000000 0
12098 0.000000 0
12105 0.000000 0
12112 0.000000 0
12120 0.000000 0
12128 0.000000 0
12135 0.000000 0
12142 0.000000 0
12150 0.000000 0
12158 0.000000 0
12165 0.000000 0
12172 0.000000 0
12180 0.000000 0
12188 0.000000 0
12195 0.000000 0
12202 0.000000 0
12210 0.000000 0
12218 0.000000 0
12225 0.000000 0
12232 0.000000 0
12240 0.000000 0
12248 0.000000 0
12255 0.000000 0
12262 0.000000 0
12270 0.000000 0
12278 0.000000 0
12285 0.000000 0
12292 0.000000 0
12300 0.993138 0
12308 1.000000 0
12315 0.531142 0
12322 0.000000 0
12330 0.000000 0
12338 0.000000 0
12345 0.000000 0
12352 0.000000 0
12360 0.000000 0
12368 0.000000 0
12375 0.000000 0
12382 0.000000 0
12390 0.000000 0
12398 0.000000 0
12405 0.000000 0
12412 0.000000 0
12420 0.000000 0
12428 0.000000 0
12435 0.000000 0
12442 0.000000 0
12450 0.000000 0
12458 0.000000 0
12465 0.000000 0
12472 0.000000 0
12480 0.000000 0
12488 0.000000 0
12495 0.000000 0
12502 0.000000 0
12510 0.000000 0
12518 0.000000 0
12525 0.000000 0
12532 0.464927 0
12540 1.000000 0
12548 0.758840 0
12555 0.376711 0
12562 0.000000 0
12570 0.000000 0
12578 0.000000 0
12585 0.000000 0
12592 0.000000 0
12600 0.000000 0
12608 0.000000 0
12615 0.000000 0
12622 0.000000 0
12630 0.000000 0
12638 0.000000 0
12645 0.000000 0
12652 0.000000 0
12660 0.000000 0
12668 0.000000 0
12675 0.000000 0
12682 0.000000 0
12690 0.000000 0
12698 0.000000 0
12705 0.000000 0
12712 0.000000 0
12720 0.000000 0
12728 0.000000 0
12735 0.000000 0
12742 0.000000 0
12750 0.000000 0
12758 0.000000 0
12765 0.000000 0
12772 1.000000 0
12780 1.000000 0
12788 0.523046 0
12795 0.000000 0
12802 0.000000 0
12810 0.000000 0
12818 0.000000 0
12825 0.000000 0
12832 0.000000 0
12840 0.000000 0
12848 0.000000 0
12855 0.000000 0
12862 0.000000 0
12870 0.000000 0
12878 0.000000 0
12885 0.000000 0
12892 0.000000 0
12900 0.000000 0
12908 0.000000 0
12915 0.000000 0
12922 0.000000 0
12930 0.000000 0
12938 0.000000 0
12945 0.000000 0
12952 0.000000 0
12960 0.000000 0
12968 0.000000 0
12975 0.000000 0
12982 0.000000 0
12990 0.000000 0
12998 0.000000 0
13005 0.566321 0
13012 1.000000 0
13020 0.757047 0
13028 0.398094 0
13035 0.000000 0
13042 0.000000 0
13050 0.000000 0
13058 0.000000 0
13065 0.000000 0
13072 0.000000 0
13080 0.000000 0
13088 0.000000 0
13095 0.000000 0
13102 0.000000 0
13110 0.000000 0
13118 0.000000 0
13125 0.000000 0
13132 0.000000 0
13140 0.000000 0
13148 0.000000 0
13155 0.000000 0
13162 0.000000 0
13170 0.000000 0
13178 0.000000 0
13185 0.000000 0
13192 0.000000 0
13200 0.000000 0
13208 0.000000 0
13215 0.000000 0
13222 0.000000 0
13230 0.000000 0
13238 0.000000 0
13245 1.000000 0
13252 1.000000 0
13260 0.514900 0
13268 0.000000 0
13275 0.000000 0
13282 0.000000 0
13290 0.000000 0
13298 0.000000 0
13305 0.000000 0
13312 0.000000 0
13320 0.000000 0
13328 0.000000 0
13335 0.000000 0
13342 0.000000 0
13350 0.000000 0
13358 0.000000 0
13365 0.000000 0
13372 0.000000 0
13380 0.000000 0
13388 0.000000 0
13395 0.000000 0
13402 0.000000 0
13410 0.000000 0
13418 0.000000 0
13425 0.000000 0
13432 0.000000 0
13440 0.000000 0
13448 0.000000 0
13455 0.000000 0
13462 0.000000 0
13470 0.000000 0
13478 0.486942 0
13485 1.000000 0
13492 0.814991 0
13500 0.410729 0
13508 0.000000 0
13515 0.000000 0
13522 0.000000 0
13530 0.000000 0
13538 0.000000 0
13545 0.000000 0
13552 0.000000 0
13560 0.000000 0
13568 0.000000 0
13575 0.000000 0
13582 0.000000 0
13590 0.000000 0
13598 0.000000 0
13605 0.000000 0
13612 0.000000 0
13620 0.000000 0
13628 0.000000 0
13635 0.000000 0
13642 0.000000 0
13650 0.000000 0
13658 0.000000 0
13665 0.000000 0
13672 0.000000 0
13680 0.000000 0
13688 0.000000 0
13695 0.000000 0
13702 0.000000 0
13710 0.000000 0
13718 1.000000 0
13725 1.000000 0
13732 0.515497 0
13740 0.000000 0
13748 0.000000 0
13755 0.000000 0
13762 0.000000 0
13770 0.000000 0
13778 0.000000 0
13785 0.000000 0
13792 0.000000 0
13800 0.000000 0
13808 0.000000 0
13815 0.000000 0
13822 0.000000 0
13830 0.000000 0
13838 0.000000 0
13845 0.000000 0
13852 0.000000 0
13860 0.000000 0
13868 0.000000 0
13875 0.000000 0
13882 0.000000 0
13890 0.000000 0
13898 0.000000 0
13905 0.000000 0
13912 0.000000 0
13920 0.000000 0
13928 0.000000 0
13935 0.000000 0
13942 0.000000 0
13950 0.481515 0
13958 1.000000 0
13965 0.758270 0
13972 0.424204 0
13980 0.000000 0
13988 0.000000 0
13995 0.000000 0
14002 0.000000 0
14010 0.000000 0
14018 0.000000 0
14025 0.000000 0
14032 0.000000 0
14040 0.000000 0
14048 0.000000 0
14055 0.000000 0
14062 0.000000 0
14070 0.000000 0
14078 0.000000 0
14085 0.000000 0
14092 0.000000 0
14100 0.000000 0
14108 0.000000 0
14115 0.000000 0
14122 0.000000 0
14130 0.000000 0
14138 0.000000 0
14145 0.000000 0
14152 0.000000 0
14160 0.000000 0
14168 0.000000 0
14175 0.000000 0
14182 0.000000 0
14190 1.000000 0
14198 1.000000 0
14205 0.502000 0
14212 0.000000 0
14220 0.000000 0
14228 0.000000 0
14235 0.000000 0
14242 0.000000 0
14250 0.000000 0
14258 0.000000 0
14265 0.000000 0
14272 0.000000 0
14280 0.000000 0
14288 0.000000 0
14295 0.000000 0
14302 0.000000 0
14310 0.000000 0
14318 0.000000 0
14325 0.000000 0
14332 0.000000 0
14340 0.000000 0
14348 0.000000 0
14355 0.000000 0
14362 0.000000 0
14370 0.000000 0
14378 0.000000 0
14385 0.000000 0
14392 0.000000 0
14400 0.000000 0
14408 0.000000 0
14415 0.000000 0
14422 0.593462 0
14430 1.000000 0
14438 0.797256 0
14445 0.424894 0
14452 0.000000 0
14460 0.000000 0
14468 0.000000 0
14475 0.000000 0
14482 0.000000 0
14490 0.000000 0
14498 0.000000 0
14505 0.000000 0
14512 0.000000 0
14520 0.000000 0
14528 0.000000 0
14535 0.000000 0
14542 0.000000 0
14550 0.000000 0
14558 0.000000 0
14565 0.000000 0
14572 0.000000 0
14580 0.000000 0
14588 0.000000 0
14595 0.000000 0
14602 0.000000 0
14610 0.000000 0
14618 0.000000 0
14625 0.000000 0
14632 0.000000 0
14640 0.000000 0
14648 0.000000 0
14655 0.000000 0
14662 1.000000 0
14670 1.000000 0
14678 0.491618 0
14685 0.000000 0
14692 0.000000 0
14700 0.000000 0
14708 0.000000 0
14715 0.000000 0
14722 0.000000 0
14730 0.000000 0
14738 0.000000 0
14745 0.000000 0
14752 0.000000 0
14760 0.000000 0
14768 0.000000 0
14775 0.000000 0
14782 0.000000 0
14790 0.000000 0
14798 0.000000 0
14805 0.000000 0
14812 0.000000 0
14820 0.000000 0
14828 0.000000 0
14835 0.000000 0
14842 0.000000 0
14850 0.000000 0
14858 0.000000 0
14865 0.000000 0
14872 0.000000 0
14880 0.000000 0
14888 0.000000 0
14895 0.604204 0
14902 1.000000 0
14910 0.799280 0
14918 0.404848 0
14925 0.000000 0
14932 0.000000 0
14940 0.000000 0
14948 0.000000 0
14955 0.000000 0
14962 0.000000 0
14970 0.000000 0
14978 0.000000 0
14985 0.000000 0
14992 0.000000 0
15000 0.000000 0
15008 0.000000 0
15015 0.000000 0
15022 0.000000 0
15030 0.000000 0
15038 0.000000 0
15045 0.000000 0
15052 0.000000 0
15060 0.000000 0
15068 0.000000 0
15075 0.000000 0
15082 0.000000 0
15090 0.000000 0
15098 0.000000 0
15105 0.000000 0
15112 0.252003 0
15120 0.046456 0
15128 0.327596 0
15135 0.757160 0
15142 1.000000 0
15150 0.404299 0
15158 0.000000 0
15165 0.000000 0
15172 0.000000 0
15180 0.000000 0
15188 0.000000 0
15195 0.000000 0
15202 0.000000 0
15210 0.000000 0
15218 0.000000 0
15225 0.000000 0
15232 0.000000 0
15240 0.000000 0
15248 0.000000 0
15255 0.000000 0
15262 0.000000 0
15270 0.000000 0
15278 0.000000 0
15285 0.000000 0
15292 0.000000 0
15300 0.000000 0
15308 0.000000 0
15315 0.000000 0
15322 0.000000 0
15330 0.000000 0
15338 0.000000 0
15345 0.000000 0
15352 0.000000 0
15360 0.000000 0
15368 0.572028 0
15375 1.000000 0
15382 0.812661 0
15390 0.398231 0
15398 0.000000 0
15405 0.000000 0
15412 0.000000 0
15420 0.000000 0
15428 0.000000 0
15435 0.000000 0
15442 0.000000 0
15450 0.000000 0
15458 0.000000 0
15465 0.000000 0
15472 0.000000 0
15480 0.000000 0
15488 0.000000 0
15495 0.000000 0
15502 0.000000 0
15510 0.000000 0
15518 0.000000 0
15525 0.000000 0
15532 0.000000 0
15540 0.000000 0
15548 0.000000 0
15555 0.000000 0
15562 0.000000 0
15570 0.000000 0
15578 0.000000 0
15585 0.000000 0
15592 0.000000 0
15600 0.000000 0
15608 1.000000 0
15615 1.000000 0
15622 0.480123 0
15630 0.000000 0
15638 0.000000 0
15645 0.000000 0
15652 0.000000 0
15660 0.000000 0
15668 0.000000 0
15675 0.000000 0
15682 0.000000 0
15690 0.000000 0
15698 0.000000 0
15705 0.000000 0
15712 0.000000 0
15720 0.000000 0
15728 0.000000 0
15735 0.000000 0
15742 0.000000 0
15750 0.000000 0
15758 0.000000 0
15765 0.000000 0
15772 0.000000 0
15780 0.000000 0
15788 0.000000 0
15795 0.000000 0
15802 0.000000 0
15810 0.000000 0
15818 0.000000 0
15825 0.000000 0
15832 0.000000 0
15840 0.578047 0
15848 1.000000 0
15855 0.812045 0
15862 0.390717 0
15870 0.000000 0
15878 0.000000 0
15885 0.000000 0
15892 0.000000 0
15900 0.000000 0
15908 0.000000 0
15915 0.000000 0
15922 0.000000 0
15930 0.000000 0
15938 0.000000 0
15945 0.000000 0
15952 0.000000 0
15960 0.000000 0
15968 0.000000 0
15975 0.000000 0
15982 0.000000 0
15990 0.000000 0
15998 0.000000 0
16005 0.000000 0
16012 0.000000 0
16020 0.000000 0
16028 0.000000 0
16035 0.000000 0
16042 0.000000 0
16050 0.000000 0
16058 0.000000 0
16065 0.000000 0
16072 0.000000 0
16080 1.000000 0
16088 1.000000 0
16095 0.481125 0
16102 0.000000 0
16110 0.000000 0
16118 0.000000 0
16125 0.000000 0
16132 0.000000 0
16140 0.000000 0
16148 0.000000 0
16155 0.000000 0
16162 0.000000 0
16170 0.000000 0
16178 0.000000 0
16185 0.000000 0
16192 0.000000 0
16200 0.000000 0
16208 0.000000 0
16215 0.000000 0
16222 0.000000 0
16230 0.000000 0
16238 0.000000 0
16245 0.000000 0
16252 0.000000 0
16260 0.000000 0
16268 0.000000 0
16275 0.000000 0
16282 0.000000 0
16290 0.000000 0
16298 0.000000 0
16305 0.000000 0
16312 0.658557 0
16320 1.000000 0
16328 0.809628 0
16335 0.399751 0
16342 0.000000 0
16350 0.000000 0
16358 0.000000 0
16365 0.000000 0
16372 0.000000 0
16380 0.000000 0
16388 0.000000 0
16395 0.000000 0
16402 0.000000 0
16410 0.000000 0
16418 0.000000 0
16425 0.000000 0
16432 0.000000 0
16440 0.000000 0
16448 0.000000 0
16455 0.000000 0
16462 0.000000 0
16470 0.000000 0
16478 0.000000 0
16485 0.000000 0
16492 0.000000 0
16500 0.000000 0
16508 0.000000 0
16515 0.000000 0
16522 0.000000 0
16530 0.000000 0
16538 0.000000 0
16545 0.000000 0
16552 1.000000 0
16560 1.000000 0
16568 0.470910 0
16575 0.000000 0
16582 0.000000 0
16590 0.000000 0
16598 0.000000 0
16605 0.000000 0
16612 0.000000 0
16620 0.000000 0
16628 0.000000 0
16635 0.000000 0
16642 0.000000 0
16650 0.000000 0
16658 0.000000 0
16665 0.000000 0
16672 0.000000 0
16680 0.000000 0
16688 0.000000 0
16695 0.000000 0
16702 0.000000 0
16710 0.000000 0
16718 0.000000 0
16725 0.000000 0
16732 0.000000 0
16740 0.000000 0
16748 0.000000 0
16755 0.000000 0
16762 0.000000 0
16770 0.000000 0
16778 0.000000 0
16785 0.661505 0
16792 1.000000 0
16800 0.778093 0
16808 0.374242 0
16815 0.000000 0
16822 0.000000 0
16830 0.000000 0
16838 0.000000 0
16845 0.000000 0
16852 0.000000 0
16860 0.000000 0
16868 0.000000 0
16875 0.000000 0
16882 0.000000 0
16890 0.000000 0
16898 0.000000 0
16905 0.000000 0
16912 0.000000 0
16920 0.000000 0
16928 0.000000 0
16935 0.000000 0
16942 0.000000 0
16950 0.000000 0
16958 0.000000 0
16965 0.000000 0
16972 0.000000 0
16980 0.000000 0
16988 0.000000 0
16995 0.000000 0
17002 0.000000 0
17010 0.000000 0
17018 0.000000 0
17025 1.000000 0
17032 1.000000 0
17040 0.459008 0
17048 0.000000 0
17055 0.000000 0
17062 0.000000 0
17070 0.000000 0
17078 0.000000 0
17085 0.000000 0
17092 0.000000 0
17100 0.000000 0
17108 0.000000 0
17115 0.000000 0
17122 0.000000 0
17130 0.000000 0
17138 0.000000 0
17145 0.000000 0
17152 0.000000 0
17160 0.000000 0
17168 0.000000 0
17175 0.000000 0
17182 0.000000 0
17190 0.000000 0
17198 0.000000 0
17205 0.000000 0
17212 0.000000 0
17220 0.000000 0
17228 0.000000 0
17235 0.000000 0
17242 0.000000 0
17250 0.160173 0
17258 0.492651 0
17265 1.000000 0
17272 0.792246 0
17280 0.395434 0
17288 0.000000 0
17295 0.000000 0
17302 0.000000 0
17310 0.000000 0
17318 0.000000 0
17325 0.000000 0
17332 0.000000 0
17340 0.000000 0
17348 0.000000 0
17355 0.000000 0
17362 0.000000 0
17370 0.000000 0
17378 0.000000 0
17385 0.000000 0
17392 0.000000 0
17400 0.000000 0
17408 0.000000 0
17415 0.000000 0
17422 0.000000 0
17430 0.000000 0
17438 0.000000 0
17445 0.000000 0
17452 0.000000 0
17460 0.000000 0
17468 0.000000 0
17475 0.000000 0
17482 0.000000 0
17490 0.000000 0
17498 1.000000 0
17505 1.000000 0
17512 0.467890 0
17520 0.000000 0
17528 0.000000 0
17535 0.000000 0
17542 0.000000 0
17550 0.000000 0
17558 0.000000 0
17565 0.000000 0
17572 0.000000 0
17580 0.000000 0
17588 0.000000 0
17595 0.000000 0
17602 0.000000 0
17610 0.000000 0
17618 0.000000 0
17625 0.000000 0
17632 0.000000 0
17640 0.000000 0
17648 0.000000 0
17655 0.000000 0
17662 0.000000 0
17670 0.000000 0
17678 0.000000 0
17685 0.000000 0
17692 0.000000 0
17700 0.000000 0
17708 0.000000 0
17715 0.000000 0
17722 0.000000 0
17730 0.704522 0
17738 1.000000 0
17745 0.795632 0
17752 0.386876 0
17760 0.000000 0
17768 0.000000 0
17775 0.000000 0
17782 0.000000 0
17790 0.000000 0
17798 0.000000 0
17805 0.000000 0
17812 0.000000 0
17820 0.000000 0
17828 0.000000 0
17835 0.000000 0
17842 0.000000 0
17850 0.000000 0
17858 0.000000 0
17865 0.000000 0
17872 0.000000 0
17880 0.000000 0
17888 0.000000 0
17895 0.000000 0
17902 0.000000 0
17910 0.000000 0
17918 0.000000 0
17925 0.000000 0
17932 0.000000 0
17940 0.000000 0
17948 0.000000 0
17955 0.000000 0
17962 0.000000 0
17970 1.000000 0
17978 1.000000 0
17985 0.447097 0
17992 0.000000 0
18000 0.000000 0
18008 0.000000 0
18015 0.000000 0
18022 0.000000 0
18030 0.000000 0
18038 0.000000 0
18045 0.000000 0
18052 0.000000 0
18060 0.000000 0
18068 0.000000 0
18075 0.000000 0
18082 0.000000 0
18090 0.000000 0
18098 0.000000 0
18105 0.000000 0
18112 0.000000 0
18120 0.000000 0
18128 0.000000 0
18135 0.000000 0
18142 0.000000 0
18150 0.000000 0
18158 0.000000 0
18165 0.000000 0
18172 0.000000 0
18180 0.000000 0
18188 0.000000 0
18195 0.000000 0
18202 0.755117 0
18210 1.000000 0
18218 0.811285 0
18225 0.353315 0
18232 0.000000 0
18240 0.000000 0
18248 0.000000 0
18255 0.000000 0
18262 0.000000 0
18270 0.000000 0
18278 0.000000 0
18285 0.000000 0
18292 0.000000 0
18300 0.000000 0
18308 0.000000 0
18315 0.000000 0
18322 0.000000 0
18330 0.000000 0
18338 0.000000 0
18345 0.000000 0
18352 0.000000 0
18360 0.000000 0
18368 0.000000 0
18375 0.000000 0
18382 0.000000 0
18390 0.000000 0
18398 0.000000 0
18405 0.000000 0
18412 0.000000 0
18420 0.000000 0
18428 0.000000 0
18435 0.000000 0
18442 1.000000 0
18450 1.000000 0
18458 0.442032 0
18465 0.000000 0
18472 0.000000 0
18480 0.000000 0
18488 0.000000 0
18495 0.000000 0
18502 0.000000 0
18510 0.000000 0
18518 0.000000 0
18525 0.000000 0
18532 0.000000 0
18540 0.000000 0
18548 0.000000 0
18555 0.000000 0
18562 0.000000 0
18570 0.000000 0
18578 0.000000 0
18585 0.000000 0
18592 0.000000 0
18600 0.000000 0
18608 0.000000 0
18615 0.000000 0
18622 0.000000 0
18630 0.000000 0
18638 0.000000 0
18645 0.000000 0
18652 0.000000 0
18660 0.000000 0
18668 0.000000 0
18675 0.739346 0
18682 1.000000 0
18690 0.836689 0
18698 0.266738 0
18705 0.000000 0
18712 0.000000 0
18720 0.000000 0
18728 0.000000 0
18735 0.000000 0
18742 0.000000 0
18750 0.000000 0
18758 0.000000 0
18765 0.000000 0
18772 0.000000 0
18780 0.000000 0
18788 0.000000 0
18795 0.000000 0
18802 0.000000 0
18810 0.000000 0
18818 0.000000 0
18825 0.000000 0
18832 0.000000 0
18840 0.000000 0
18848 0.000000 0
18855 0.000000 0
18862 0.000000 0
18870 0.000000 0
18878 0.000000 0
18885 0.000000 0
18892 0.000000 0
18900 0.000000 0
18908 0.000000 0
18915 1.000000 0
18922 1.000000 0
18930 0.438856 0
18938 0.000000 0
18945 0.000000 0
18952 0.000000 0
18960 0.000000 0
18968 0.000000 0
18975 0.000000 0
18982 0.000000 0
18990 0.000000 0
18998 0.000000 0
19005 0.000000 0
19012 0.000000 0
19020 0.000000 0
19028 0.000000 0
19035 0.000000 0
19042 0.000000 0
19050 0.000000 0
19058 0.000000 0
19065 0.000000 0
19072 0.000000 0
19080 0.000000 0
19088 0.000000 0
19095 0.000000 0
19102 0.000000 0
19110 0.000000 0
19118 0.000000 0
19125 0.000000 0
19132 0.000000 0
19140 0.000000 0
19148 0.766802 0
19155 1.000000 0
19162 0.798852 0
19170 0.337856 0
19178 0.000000 0
19185 0.000000 0
19192 0.000000 0
19200 0.000000 0
19208 0.000000 0
19215 0.000000 0
19222 0.000000 0
19230 0.000000 0
19238 0.000000 0
19245 0.000000 0
19252 0.000000 0
19260 0.000000 0
19268 0.000000 0
19275 0.000000 0
19282 0.000000 0
19290 0.000000 0
19298 0.000000 0
19305 0.000000 0
19312 0.000000 0
19320 0.000000 0
19328 0.000000 0
19335 0.000000 0
19342 0.000000 0
19350 0.000000 0
19358 0.000000 0
19365 0.000000 0
19372 0.000000 0
19380 0.000000 0
19388 1.000000 0
19395 1.000000 0
19402 0.432168 0
19410 0.000000 0
19418 0.000000 0
19425 0.000000 0
19432 0.000000 0
19440 0.000000 0
19448 0.000000 0
19455 0.000000 0
19462 0.000000 0
19470 0.000000 0
19478 0.000000 0
19485 0.000000 0
19492 0.000000 0
19500 0.000000 0
19508 0.000000 0
19515 0.000000 0
19522 0.000000 0
19530 0.000000 0
19538 0.000000 0
19545 0.000000 0
19552 0.000000 0
19560 0.000000 0
19568 0.000000 0
19575 0.000000 0
19582 0.000000 0
19590 0.000000 0
19598 0.000000 0
19605 0.000000 0
19612 0.000000 0
19620 0.745260 0
19628 1.000000 0
19635 0.794561 0
19642 0.359176 0
19650 0.000000 0
19658 0.000000 0
19665 0.000000 0
19672 0.000000 0
19680 0.000000 0
19688 0.000000 0
19695 0.000000 0
19702 0.000000 0
19710 0.000000 0
19718 0.000000 0
19725 0.000000 0
19732 0.000000 0
19740 0.000000 0
19748 0.000000 0
19755 0.000000 0
19762 0.000000 0
19770 0.000000 0
19778 0.000000 0
19785 0.000000 0
19792 0.000000 0
19800 0.000000 0
19808 0.000000 0
19815 0.000000 0
19822 0.000000 0
19830 0.000000 0
19838 0.000000 0
19845 0.000000 0
19852 0.000000 0
19860 1.000000 0
19868 1.000000 0
19875 0.422052 0
19882 0.000000 0
19890 0.000000 0
19898 0.000000 0
19905 0.000000 0
19912 0.000000 0
19920 0.000000 0
19928 0.000000 0
19935 0.000000 0
19942 0.000000 0
19950 0.000000 0
19958 0.000000 0
19965 0.000000 0
19972 0.000000 0
19980 0.000000 0
19988 0.000000 0
19995 0.000000 0
20002 0.000000 0
20010 0.000000 0
20018 0.000000 0
20025 0.000000 0
20032 0.000000 0
20040 0.000000 0
20048 0.000000 0
20055 0.000000 0
20062 0.000000 0
20070 0.000000 0
20078 0.000000 0
20085 0.000000 0
20092 0.775905 0
20100 1.000000 0
20108 0.784634 0
20115 0.372666 0
20122 0.000000 0
20130 0.000000 0
20138 0.000000 0
20145 0.000000 0
20152 0.000000 0
20160 0.000000 0
20168 0.000000 0
20175 0.000000 0
20182 0.000000 0
20190 0.000000 0
20198 0.000000 0
20205 0.000000 0
20212 0.000000 0
20220 0.000000 0
20228 0.000000 0
20235 0.000000 0
20242 0.000000 0
20250 0.000000 0
20258 0.000000 0
20265 0.000000 0
20272 0.000000 0
20280 0.000000 0
20288 0.000000 0
20295 0.000000 0
20302 0.000000 0
20310 0.000000 0
20318 0.000000 0
20325 0.000000 0
20332 1.000000 0
20340 1.000000 0
20348 0.410272 0
20355 0.000000 0
20362 0.000000 0
20370 0.000000 0
20378 0.000000 0
20385 0.000000 0
20392 0.000000 0
20400 0.000000 0
20408 0.000000 0
20415 0.000000 0
20422 0.000000 0
20430 0.000000 0
20438 0.000000 0
20445 0.000000 0
20452 0.000000 0
20460 0.000000 0
20468 0.000000 0
20475 0.000000 0
20482 0.000000 0
20490 0.000000 0
20498 0.000000 0
20505 0.000000 0
20512 0.000000 0
20520 0.000000 0
20528 0.000000 0
20535 0.000000 0
20542 0.000000 0
20550 0.000000 0
20558 0.000000 0
20565 0.817477 0
20572 1.000000 0
20580 0.774844 0
20588 0.320543 0
20595 0.000000 0
20602 0.000000 0
20610 0.000000 0
20618 0.000000 0
20625 0.000000 0
20632 0.000000 0
20640 0.000000 0
20648 0.000000 0
20655 0.000000 0
20662 0.000000 0
20670 0.000000 0
20678 0.000000 0
20685 0.000000 0
20692 0.000000 0
20700 0.000000 0
20708 0.000000 0
20715 0.000000 0
20722 0.000000 0
20730 0.000000 0
20738 0.000000 0
20745 0.000000 0
20752 0.000000 0
20760 0.000000 0
20768 0.000000 0
20775 0.000000 0
20782 0.000000 0
20790 0.000000 0
20798 0.000000 0
20805 1.000000 0
20812 1.000000 0
20820 0.413013 0
20828 0.000000 0
20835 0.000000 0
20842 0.000000 0
20850 0.000000 0
20858 0.000000 0
20865 0.000000 0
20872 0.000000 0
20880 0.000000 0
20888 0.000000 0
20895 0.000000 0
20902 0.000000 0
20910 0.000000 0
20918 0.000000 0
20925 0.000000 0
20932 0.000000 0
20940 0.000000 0
20948 0.000000 0
20955 0.000000 0
20962 0.000000 0
20970 0.000000 0
20978 0.000000 0
20985 0.000000 0
20992 0.000000 0
21000 0.000000 0
21008 0.000000 0
21015 0.000000 0
21022 0.000000 0
21030 0.000000 0
21038 0.825057 0
21045 1.000000 0
21052 0.761401 0
21060 0.314025 0
21068 0.000000 0
21075 0.000000 0
21082 0.000000 0
21090 0.000000 0
21098 0.000000 0
21105 0.000000 0
21112 0.000000 0
21120 0.000000 0
21128 0.000000 0
21135 0.000000 0
21142 0.000000 0
21150 0.000000 0
21158 0.000000 0
21165 0.000000 0
21172 0.000000 0
21180 0.000000 0
21188 0.000000 0
21195 0.000000 0
21202 0.000000 0
21210 0.000000 0
21218 0.000000 0
21225 0.000000 0
21232 0.000000 0
21240 0.000000 0
21248 0.000000 0
21255 0.000000 0
21262 0.000000 0
21270 0.000000 0
21278 1.000000 0
21285 1.000000 0
21292 0.374147 0
21300 0.000000 0
21308 0.000000 0
21315 0.000000 0
21322 0.000000 0
21330 0.000000 0
21338 0.000000 0
21345 0.000000 0
21352 0.000000 0
21360 0.000000 0
21368 0.000000 0
21375 0.000000 0
21382 0.000000 0
21390 0.000000 0
21398 0.000000 0
21405 0.000000 0
21412 0.000000 0
21420 0.000000 0
21428 0.000000 0
21435 0.000000 0
21442 0.000000 0
21450 0.000000 0
21458 0.000000 0
21465 0.000000 0
21472 0.000000 0
21480 0.000000 0
21488 0.000000 0
21495 0.000000 0
21502 0.000000 0
21510 0.806798 0
21518 1.000000 0
21525 0.783647 0
21532 0.332661 0
21540 0.000000 0
21548 0.000000 0
21555 0.000000 0
21562 0.000000 0
21570 0.000000 0
21578 0.000000 0
21585 0.000000 0
21592 0.000000 0
21600 0.000000 0
21608 0.000000 0
21615 0.000000 0
21622 0.000000 0
21630 0.000000 0
21638 0.000000 0
21645 0.000000 0
21652 0.000000 0
21660 0.000000 0
21668 0.000000 0
21675 0.000000 0
21682 0.000000 0
21690 0.000000 0
21698 0.000000 0
21705 0.000000 0
21712 0.000000 0
21720 0.000000 0
21728 0.000000 0
21735 0.000000 0
21742 0.000000 0
21750 1.000000 0
21758 1.000000 0
21765 0.386936 0
21772 0.000000 0
21780 0.000000 0
21788 0.000000 0
21795 0.000000 0
21802 0.000000 0
21810 0.000000 0
21818 0.000000 0
21825 0.000000 0
21832 0.000000 0
21840 0.000000 0
21848 0.000000 0
21855 0.000000 0
21862 0.000000 0
21870 0.000000 0
21878 0.000000 0
21885 0.000000 0
21892 0.000000 0
21900 0.000000 0
21908 0.000000 0
21915 0.000000 0
21922 0.000000 0
21930 0.000000 0
21938 0.000000 0
21945 0.000000 0
21952 0.000000 0
21960 0.000000 0
21968 0.000000 0
21975 0.000000 0
21982 0.828783 0
21990 1.000000 0
21998 0.770244 0
22005 0.364928 0
22012 0.000000 0
22020 0.000000 0
22028 0.000000 0
22035 0.000000 0
22042 0.000000 0
22050 0.000000 0
22058 0.000000 0
22065 0.000000 0
22072 0.000000 0
22080 0.000000 0
22088 0.000000 0
22095 0.000000 0
22102 0.000000 0
22110 0.000000 0
22118 0.000000 0
22125 0.000000 0
22132 0.000000 0
22140 0.000000 0
22148 0.000000 0
22155 0.000000 0
22162 0.000000 0
22170 0.000000 0
22178 0.000000 0
22185 0.000000 0
22192 0.000000 0
22200 0.000000 0
22208 0.000000 0
22215 0.000000 0
22222 1.000000 0
22230 1.000000 0
22238 0.375598 0
22245 0.000000 0
22252 0.000000 0
22260 0.000000 0
22268 0.000000 0
22275 0.000000 0
22282 0.000000 0
22290 0.000000 0
22298 0.000000 0
22305 0.000000 0
22312 0.000000 0
22320 0.000000 0
22328 0.000000 0
22335 0.000000 0
22342 0.000000 0
22350 1.000000 0
22358 1.000000 0
22365 0.483388 0
22372 0.000000 0
22380 0.000000 0
22388 0.000000 0
22395 0.000000 0
22402 0.000000 0
22410 0.000000 0
22418 0.000000 0
22425 0.000000 0
22432 0.000000 0
22440 0.000000 0
22448 0.000000 0
22455 0.734546 0
22462 1.000000 0
22470 0.735520 0
22478 0.348968 0
22485 0.000000 0
22492 0.000000 0
22500 0.000000 0
22508 0.000000 0
22515 0.000000 0
22522 0.000000 0
22530 0.000000 0
22538 0.000000 0
22545 0.000000 0
22552 0.000000 0
22560 0.000000 0
22568 0.000000 0
22575 0.000000 0
22582 0.000000 0
22590 0.000000 0
22598 0.000000 0
22605 0.000000 0
22612 0.000000 0
22620 0.000000 0
22628 0.000000 0
22635 0.000000 0
22642 0.000000 0
22650 0.000000 0
22658 0.000000 0
22665 0.000000 0
22672 0.158383 0
22680 0.000000 0
22688 0.388666 0
22695 0.862473 0
22702 0.928638 0
22710 0.252340 0
22718 0.000000 0
22725 0.000000 0
22732 0.000000 0
22740 0.000000 0
22748 0.000000 0
22755 0.000000 0
22762 0.000000 0
22770 0.000000 0
22778 0.000000 0
22785 0.000000 0
22792 0.000000 0
22800 0.000000 0
22808 0.000000 0
22815 0.000000 0
22822 0.000000 0
22830 0.000000 0
22838 0.000000 0
22845 0.000000 0
22852 0.000000 0
22860 0.000000 0
22868 0.000000 0
22875 0.000000 0
22882 0.000000 0
22890 0.000000 0
22898 0.000000 0
22905 0.000000 0
22912 0.000000 0
22920 0.000000 0
22928 0.821142 0
22935 1.000000 0
22942 0.778793 0
22950 0.308080 0
22958 0.000000 0
22965 0.000000 0
22972 0.000000 0
22980 0.000000 0
22988 0.000000 0
22995 0.000000 0
23002 0.000000 0
23010 0.000000 0
23018 0.000000 0
23025 0.000000 0
23032 0.000000 0
23040 0.000000 0
23048 0.000000 0
23055 0.000000 0
23062 0.000000 0
23070 0.000000 0
23078 0.000000 0
23085 0.000000 0
23092 0.000000 0
23100 0.000000 0
23108 0.000000 0
23115 0.000000 0
23122 0.000000 0
23130 0.000000 0
23138 0.000000 0
23145 0.000000 0
23152 0.000000 0
23160 0.000000 0
23168 1.000000 0
23175 1.000000 0
23182 0.367790 0
23190 0.000000 0
23198 0.000000 0
23205 0.000000 0
23212 0.000000 0
23220 0.000000 0
23228 0.000000 0
23235 0.000000 0
23242 0.000000 0
23250 0.000000 0
23258 0.000000 0
23265 0.000000 0
23272 0.000000 0
23280 0.000000 0
23288 0.000000 0
23295 0.000000 0
23302 0.000000 0
23310 0.000000 0
23318 0.000000 0
23325 0.000000 0
23332 0.000000 0
23340 0.000000 0
23348 0.000000 0
23355 0.000000 0
23362 0.000000 0
23370 0.000000 0
23378 0.000000 0
23385 0.000000 0
23392 0.000000 0
23400 0.826798 0
23408 1.000000 0
23415 0.757813 0
23422 0.353208 0
23430 0.000000 0
23438 0.000000 0
23445 0.000000 0
23452 0.000000 0
23460 0.000000 0
23468 0.000000 0
23475 0.000000 0
23482 0.000000 0
23490 0.000000 0
23498 0.000000 0
23505 0.000000 0
23512 0.000000 0
23520 0.000000 0
23528 0.000000 0
23535 0.000000 0
23542 0.000000 0
23550 0.000000 0
23558 0.000000 0
23565 0.000000 0
23572 0.000000 0
23580 0.000000 0
23588 0.000000 0
23595 0.000000 0
23602 0.000000 0
23610 0.000000 0
23618 0.000000 0
23625 0.000000 0
23632 0.000000 0
23640 1.000000 0
23648 1.000000 0
23655 0.359159 0
23662 0.000000 0
23670 0.000000 0
23678 0.000000 0
23685 0.000000 0
23692 0.000000 0
23700 0.000000 0
23708 0.000000 0
23715 0.000000 0
23722 0.000000 0
23730 0.000000 0
23738 0.000000 0
23745 0.000000 0
23752 0.000000 0
23760 0.000000 0
23768 0.000000 0
23775 0.000000 0
23782 0.000000 0
23790 0.000000 0
23798 0.000000 0
23805 0.000000 0
23812 0.000000 0
23820 0.000000 0
23828 0.000000 0
23835 0.000000 0
23842 0.000000 0
23850 0.000000 0
23858 0.000000 0
23865 0.000000 0
23872 0.881002 0
23880 1.000000 0
23888 0.738359 0
23895 0.334599 0
23902 0.000000 0
23910 0.000000 0
23918 0.000000 0
23925 0.000000 0
23932 0.000000 0
23940 0.000000 0
23948 0.000000 0
23955 0.000000 0
23962 0.000000 0
23970 0.000000 0
23978 0.000000 0
23985 0.000000 0
23992 0.000000 0
24000 0.000000 0
24008 0.000000 0
24015 0.000000 0
24022 0.000000 0
24030 0.000000 0
24038 0.000000 0
24045 0.000000 0
24052 0.000000 0
24060 0.000000 0
24068 0.000000 0
24075 0.000000 0
24082 0.000000 0
24090 0.000000 0
24098 0.000000 0
24105 0.000000 0
24112 1.000000 0
24120 1.000000 0
24128 0.353741 0
24135 0.000000 0
24142 0.000000 0
24150 0.000000 0
24158 0.000000 0
24165 0.000000 0
24172 0.000000 0
24180 0.000000 0
24188 0.000000 0
24195 0.000000 0
24202 0.000000 0
24210 0.000000 0
24218 0.000000 0
24225 0.000000 0
24232 0.000000 0
24240 0.000000 0
24248 0.000000 0
24255 0.000000 0
24262 0.000000 0
24270 0.000000 0
24278 0.000000 0
24285 0.000000 0
24292 0.000000 0
24300 0.000000 0
24308 0.000000 0
24315 0.000000 0
24322 0.000000 0
24330 0.000000 0
24338 0.000000 0
24345 0.883650 0
24352 1.000000 0
24360 0.755220 0
24368 0.237369 0
24375 0.000000 0
24382 0.000000 0
24390 0.000000 0
24398 0.000000 0
24405 0.000000 0
24412 0.000000 0
24420 0.000000 0
24428 0.000000 0
24435 0.000000 0
24442 0.000000 0
24450 0.000000 0
24458 0.000000 0
24465 0.000000 0
24472 0.000000 0
24480 0.000000 0
24488 0.000000 0
24495 0.000000 0
24502 0.000000 0
24510 0.000000 0
24518 0.000000 0
24525 0.000000 0
24532 0.000000 0
24540 0.000000 0
24548 0.000000 0
24555 0.000000 0
24562 0.000000 0
24570 0.000000 0
24578 0.000000 0
24585 1.000000 0
24592 1.000000 0
24600 0.336773 0
24608 0.000000 0
24615 0.000000 0
24622 0.000000 0
24630 0.000000 0
24638 0.000000 0
24645 0.000000 0
24652 0.000000 0
24660 0.000000 0
24668 0.000000 0
24675 0.000000 0
24682 0.000000 0
24690 0.000000 0
24698 0.000000 0
24705 0.000000 0
24712 0.000000 0
24720 0.000000 0
24728 0.000000 0
24735 0.000000 0
24742 0.000000 0
24750 0.000000 0
24758 0.000000 0
24765 0.000000 0
24772 0.000000 0
24780 0.000000 0
24788 0.000000 0
24795 0.000000 0
24802 0.000000 0
24810 0.219768 0
24818 0.723526 0
24825 1.000000 0
24832 0.767646 0
24840 0.291087 0
24848 0.000000 0
24855 0.000000 0
24862 0.000000 0
24870 0.000000 0
24878 0.000000 0
24885 0.000000 0
24892 0.000000 0
24900 0.000000 0
24908 0.000000 0
24915 0.000000 0
24922 0.000000 0
24930 0.000000 0
24938 0.000000 0
24945 0.000000 0
24952 0.000000 0
24960 0.000000 0
24968 0.000000 0
24975 0.000000 0
24982 0.000000 0
24990 0.000000 0
24998 0.000000 0
25005 0.000000 0
25012 0.000000 0
25020 0.000000 0
25028 0.000000 0
25035 0.000000 0
25042 0.000000 0
25050 0.000000 0
25058 1.000000 0
25065 1.000000 0
25072 0.337022 0
25080 0.000000 0
25088 0.000000 0
25095 0.000000 0
25102 0.000000 0
25110 0.000000 0
25118 0.000000 0
25125 0.000000 0
25132 0.000000 0
25140 0.000000 0
25148 0.000000 0
25155 0.000000 0
25162 0.000000 0
25170 0.000000 0
25178 0.000000 0
25185 0.000000 0
25192 0.000000 0
25200 0.128625 0
25208 0.000000 0
25215 0.000000 0
25222 0.000000 0
25230 0.000000 0
25238 0.000000 0
25245 0.000000 0
25252 0.000000 0
25260 0.000000 0
25268 0.000000 0
25275 0.000000 0
25282 0.000000 0
25290 0.879460 0
25298 1.000000 0
25305 0.716890 0
25312 0.346471 0
25320 0.000000 0
25328 0.000000 0
25335 0.000000 0
25342 0.000000 0
25350 0.000000 0
25358 0.000000 0
25365 0.000000 0
25372 0.000000 0
25380 0.000000 0
25388 0.000000 0
25395 0.000000 0
25402 0.000000 0
25410 0.000000 0
25418 0.000000 0
25425 0.000000 0
25432 0.000000 0
25440 0.000000 0
25448 0.000000 0
25455 0.000000 0
25462 0.000000 0
25470 0.000000 0
25478 0.000000 0
25485 0.000000 0
25492 0.000000 0
25500 0.000000 0
25508 0.000000 0
25515 0.000000 0
25522 0.000000 0
25530 1.000000 0
25538 1.000000 0
25545 0.322149 0
25552 0.000000 0
25560 0.000000 0
25568 0.000000 0
25575 0.000000 0
25582 0.000000 0
25590 0.000000 0
25598 0.000000 0
25605 0.000000 0
25612 0.000000 0
25620 0.000000 0
25628 0.000000 0
25635 0.000000 0
25642 0.000000 0
25650 0.000000 0
25658 0.000000 0
25665 0.000000 0
25672 0.000000 0
25680 0.000000 0
25688 0.000000 0
25695 0.000000 0
25702 0.000000 0
25710 0.000000 0
25718 0.000000 0
25725 0.000000 0
25732 0.000000 0
25740 0.000000 0
25748 0.000000 0
25755 0.000000 0
25762 0.909857 0
25770 1.000000 0
25778 0.700901 0
25785 0.282741 0
25792 0.000000 0
25800 0.000000 0
25808 0.000000 0
25815 0.000000 0
25822 0.000000 0
25830 0.000000 0
25838 0.000000 0
25845 0.000000 0
25852 0.000000 0
25860 0.000000 0
25868 0.000000 0
25875 0.000000 0
25882 0.000000 0
25890 0.000000 0
25898 0.000000 0
25905 0.000000 0
25912 0.000000 0
25920 0.000000 0
25928 0.000000 0
25935 0.000000 0
25942 0.000000 0
25950 0.000000 0
25958 0.000000 0
25965 0.000000 0
25972 0.000000 0
25980 0.000000 0
25988 0.000000 0
25995 0.000000 0
26002 1.000000 0
26010 1.000000 0
26018 0.309137 0
26025 0.000000 0
26032 0.000000 0
26040 0.000000 0
26048 0.000000 0
26055 0.000000 0
26062 0.000000 0
26070 0.000000 0
26078 0.000000 0
26085 0.000000 0
26092 0.000000 0
26100 0.000000 0
26108 0.000000 0
26115 0.000000 0
26122 0.000000 0
26130 0.000000 0
26138 0.000000 0
26145 0.000000 0
26152 0.000000 0
26160 0.000000 0
26168 0.000000 0
26175 0.000000 0
26182 0.000000 0
26190 0.000000 0
26198 0.000000 0
26205 0.000000 0
26212 0.000000 0
26220 0.000000 0
26228 0.000000 0
26235 0.888122 0
26242 1.000000 0
26250 0.730761 0
26258 0.175966 0
26265 0.000000 0
26272 0.000000 0
26280 0.000000 0
26288 0.000000 0
26295 0.000000 0
26302 0.000000 0
26310 0.000000 0
26318 0.000000 0
26325 0.000000 0
26332 0.000000 0
26340 0.000000 0
26348 0.000000 0
26355 0.000000 0
26362 0.000000 0
26370 0.000000 0
26378 0.000000 0
26385 0.000000 0
26392 0.000000 0
26400 0.000000 0
26408 0.000000 0
26415 0.000000 0
26422 0.000000 0
26430 0.000000 0
26438 0.000000 0
26445 0.000000 0
26452 0.000000 0
26460 0.000000 0
26468 0.000000 0
26475 1.000000 0
26482 1.000000 0
26490 0.330375 0
26498 0.000000 0
26505 0.000000 0
26512 0.000000 0
26520 0.000000 0
26528 0.000000 0
26535 0.000000 0
26542 0.000000 0
26550 0.000000 0
26558 0.000000 0
26565 0.000000 0
26572 0.000000 0
26580 0.000000 0
26588 0.000000 0
26595 0.000000 0
26602 0.000000 0
26610 0.000000 0
26618 0.000000 0
26625 0.000000 0
26632 0.000000 0
26640 0.000000 0
26648 0.000000 0
26655 0.000000 0
26662 0.000000 0
26670 0.000000 0
26678 0.000000 0
26685 0.000000 0
26692 0.000000 0
26700 0.000000 0
26708 0.877978 0
26715 1.000000 0
26722 0.721203 0
26730 0.266617 0
26738 0.000000 0
26745 0.000000 0
26752 0.000000 0
26760 0.000000 0
26768 0.000000 0
26775 0.000000 0
26782 0.000000 0
26790 0.000000 0
26798 0.000000 0
26805 0.000000 0
26812 0.000000 0
26820 0.000000 0
26828 0.000000 0
26835 0.000000 0
26842 0.000000 0
26850 0.131164 0
26858 0.000000 0
26865 0.000000 0
26872 0.000000 0
26880 0.000000 0
26888 0.000000 0
26895 0.000000 0
26902 0.000000 0
26910 0.000000 0
26918 0.000000 0
26925 0.000000 0
26932 0.000000 0
26940 0.000000 0
26948 1.000000 0
26955 1.000000 0
26962 0.274893 0
26970 0.000000 0
26978 0.000000 0
26985 0.000000 0
26992 0.000000 0
27000 0.000000 0
27008 0.000000 0
27015 0.000000 0
27022 0.000000 0
27030 0.000000 0
27038 0.000000 0
27045 0.000000 0
27052 0.000000 0
27060 0.000000 0
27068 0.000000 0
27075 0.000000 0
27082 0.000000 0
27090 0.000000 0
27098 0.000000 0
27105 0.000000 0
27112 0.000000 0
27120 0.000000 0
27128 0.000000 0
27135 0.000000 0
27142 0.000000 0
27150 0.000000 0
27158 0.000000 0
27165 0.000000 0
27172 0.000000 0
27180 0.814780 0
27188 1.000000 0
27195 0.738909 0
27202 0.289412 0
27210 0.000000 0
27218 0.000000 0
27225 0.000000 0
27232 0.000000 0
27240 0.000000 0
27248 0.000000 0
27255 0.000000 0
27262 0.000000 0
27270 0.000000 0
27278 0.000000 0
27285 0.000000 0
27292 0.000000 0
27300 0.000000 0
27308 0.000000 0
27315 0.000000 0
27322 0.000000 0
27330 0.000000 0
27338 0.000000 0
27345 0.000000 0
27352 0.000000 0
27360 0.000000 0
27368 0.000000 0
27375 0.000000 0
27382 0.000000 0
27390 0.000000 0
27398 0.000000 0
27405 0.000000 0
27412 0.000000 0
27420 1.000000 0
27428 1.000000 0
27435 0.273541 0
27442 0.000000 0
27450 0.000000 0
27458 0.000000 0
27465 0.000000 0
27472 0.000000 0
27480 0.000000 0
27488 0.000000 0
27495 0.000000 0
27502 0.000000 0
27510 0.000000 0
27518 0.000000 0
27525 0.000000 0
27532 0.000000 0
27540 0.000000 0
27548 0.000000 0
27555 0.000000 0
27562 0.000000 0
27570 0.000000 0
27578 0.000000 0
27585 0.000000 0
27592 0.000000 0
27600 0.000000 0
27608 0.000000 0
27615 0.000000 0
27622 0.000000 0
27630 0.000000 0
27638 0.000000 0
27645 0.000000 0
27652 0.859626 0
27660 1.000000 0
27668 0.686806 0
27675 0.261391 0
27682 0.000000 0
27690 0.000000 0
27698 0.000000 0
27705 0.000000 0
27712 0.000000 0
27720 0.000000 0
27728 0.000000 0
27735 0.000000 0
27742 0.000000 0
27750 0.000000 0
27758 0.000000 0
27765 0.000000 0
27772 0.000000 0
27780 0.000000 0
27788 0.000000 0
27795 0.000000 0
27802 0.000000 0
27810 0.000000 0
27818 0.000000 0
27825 0.000000 0
27832 0.000000 0
27840 0.000000 0
27848 0.000000 0
27855 0.000000 0
27862 0.000000 0
27870 0.000000 0
27878 0.000000 0
27885 0.000000 0
27892 1.000000 0
27900 1.000000 0
27908 0.272902 0
27915 0.000000 0
27922 0.000000 0
27930 0.000000 0
27938 0.000000 0
27945 0.000000 0
27952 0.000000 0
27960 0.000000 0
27968 0.000000 0
27975 0.000000 0
27982 0.000000 0
27990 0.000000 0
27998 0.000000 0
28005 0.000000 0
28012 0.000000 0
28020 0.000000 0
28028 0.000000 0
28035 0.000000 0
28042 0.000000 0
28050 0.000000 0
28058 0.000000 0
28065 0.000000 0
28072 0.000000 0
28080 0.000000 0
28088 0.000000 0
28095 0.000000 0
28102 0.000000 0
28110 0.000000 0
28118 0.000000 0
28125 0.818860 0
28132 1.000000 0
28140 0.722507 0
28148 0.324433 0
28155 0.000000 0
28162 0.000000 0
28170 0.000000 0
28178 0.000000 0
28185 0.000000 0
28192 0.000000 0
28200 0.000000 0
28208 0.000000 0
28215 0.000000 0
28222 0.000000 0
28230 0.000000 0
28238 0.000000 0
28245 0.000000 0
28252 0.000000 0
28260 0.000000 0
28268 0.000000 0
28275 0.000000 0
28282 0.000000 0
28290 0.000000 0
28298 0.000000 0
28305 0.000000 0
28312 0.000000 0
28320 0.000000 0
28328 0.000000 0
28335 0.000000 0
28342 0.000000 0
28350 0.000000 0
28358 0.000000 0
28365 1.000000 0
28372 1.000000 0
28380 0.245722 0
28388 0.000000 0
28395 0.000000 0
28402 0.000000 0
28410 0.000000 0
28418 0.000000 0
28425 0.000000 0
28432 0.000000 0
28440 0.000000 0
28448 0.000000 0
28455 0.000000 0
28462 0.000000 0
28470 0.000000 0
28478 0.000000 0
28485 0.000000 0
28492 0.000000 0
28500 0.000000 0
28508 0.000000 0
28515 0.000000 0
28522 0.000000 0
28530 0.000000 0
28538 0.000000 0
28545 0.000000 0
28552 0.000000 0
28560 0.000000 0
28568 0.000000 0
28575 0.000000 0
28582 0.000000 0
28590 0.000000 0
28598 0.841665 0
28605 1.000000 0
28612 0.705005 0
28620 0.243468 0
28628 0.000000 0
28635 0.000000 0
28642 0.000000 0
28650 0.000000 0
28658 0.000000 0
28665 0.000000 0
28672 0.000000 0
28680 0.000000 0
28688 0.000000 0
28695 0.000000 0
28702 0.000000 0
28710 0.000000 0
28718 0.000000 0
28725 0.000000 0
28732 0.000000 0
28740 0.000000 0
28748 0.000000 0
28755 0.000000 0
28762 0.000000 0
28770 0.000000 0
28778 0.000000 0
28785 0.000000 0
28792 0.000000 0
28800 0.000000 0
28808 0.000000 0
28815 0.000000 0
28822 0.000000 0
28830 0.000000 0
28838 1.000000 0
28845 1.000000 0
28852 0.247679 0
28860 0.000000 0
28868 0.000000 0
28875 0.000000 0
28882 0.000000 0
28890 0.000000 0
28898 0.000000 0
28905 0.000000 0
28912 0.000000 0
28920 0.000000 0
28928 0.000000 0
28935 0.000000 0
28942 0.000000 0
28950 0.000000 0
28958 0.000000 0
28965 0.000000 0
28972 0.000000 0
28980 0.000000 0
28988 0.000000 0
28995 0.000000 0
29002 0.000000 0
29010 0.000000 0
29018 0.000000 0
29025 0.000000 0
29032 0.000000 0
29040 0.000000 0
29048 0.000000 0
29055 0.000000 0
29062 0.000000 0
29070 0.729172 0
29078 1.000000 0
29085 0.724691 0
29092 0.260287 0
29100 0.000000 0
29108 0.000000 0
29115 0.000000 0
29122 0.000000 0
29130 0.000000 0
29138 0.000000 0
29145 0.000000 0
29152 0.000000 0
29160 0.000000 0
29168 0.000000 0
29175 0.000000 0
29182 0.000000 0
29190 0.000000 0
29198 0.000000 0
29205 0.000000 0
29212 0.000000 0
29220 0.000000 0
29228 0.000000 0
29235 0.000000 0
29242 0.000000 0
29250 0.000000 0
29258 0.000000 0
29265 0.000000 0
29272 0.000000 0
29280 0.000000 0
29288 0.000000 0
29295 0.000000 0
29302 0.000000 0
29310 1.000000 0
29318 1.000000 0
29325 0.207440 0
29332 0.000000 0
29340 0.000000 0
29348 0.000000 0
29355 0.000000 0
29362 0.000000 0
29370 0.000000 0
29378 0.000000 0
29385 0.000000 0
29392 0.000000 0
29400 0.000000 0
29408 0.000000 0
29415 0.000000 0
29422 0.000000 0
29430 0.000000 0
29438 0.000000 0
29445 0.000000 0
29452 0.000000 0
29460 0.000000 0
29468 0.000000 0
29475 0.000000 0
29482 0.185491 0
29490 0.000000 0
29498 0.000000 0
29505 0.000000 0
29512 0.000000 0
29520 0.000000 0
29528 0.000000 0
29535 0.000000 0
29542 0.738385 0
29550 1.000000 0
29558 0.661212 0
29565 0.247917 0
29572 0.000000 0
29580 0.000000 0
29588 0.000000 0
29595 0.000000 0
29602 0.000000 0
29610 0.000000 0
29618 0.000000 0
29625 0.000000 0
29632 0.000000 0
29640 0.000000 0
29648 0.000000 0
29655 0.000000 0
29662 0.000000 0
29670 0.000000 0
29678 0.000000 0
29685 0.058238 0
29692 0.000000 0
29700 0.000000 0
29708 0.000000 0
29715 0.000000 0
29722 0.000000 0
29730 0.000000 0
29738 0.000000 0
29745 0.000000 0
29752 0.000000 0
29760 0.000000 0
29768 0.000000 0
29775 0.000000 0
29782 1.000000 0
29790 1.000000 0
29798 0.207610 0
29805 0.000000 0
29812 0.000000 0
29820 0.000000 0
29828 0.000000 0
29835 0.000000 0
29842 0.000000 0
29850 0.000000 0
29858 0.000000 0
29865 0.000000 0
29872 0.000000 0
29880 0.000000 0
29888 0.000000 0
29895 0.000000 0
29902 0.000000 0
29910 0.000000 0
29918 0.000000 0
29925 0.000000 0
29932 0.000000 0
29940 0.000000 0
29948 0.000000 0
29955 0.000000 0
29962 0.000000 0
29970 0.000000 0
29978 0.000000 0
29985 0.000000 0
29992 0.000000 0
30000 0.000000 0
30008 0.000000 0
30015 0.706111 0
30022 1.000000 0
30030 0.669462 0
30038 0.204019 0
30045 0.000000 0
30052 0.000000 0
30060 0.000000 0
30068 0.000000 0
30075 0.000000 0
30082 0.000000 0
30090 0.000000 0
30098 0.000000 0
30105 0.000000 0
30112 0.000000 0
30120 0.000000 0
30128 0.000000 0
30135 0.000000 0
30142 0.000000 0
30150 0.000000 0
30158 0.000000 0
30165 0.000000 0
30172 0.000000 0
30180 0.000000 0
30188 0.000000 0
30195 0.000000 0
30202 0.109202 0
30210 0.000000 0
30218 0.000000 0
30225 0.000000 0
30232 0.000000 0
30240 0.000000 0
30248 0.100468 0
30255 0.900319 0
30262 0.900640 0
30270 0.000000 0
30278 0.000000 0
30285 0.000000 0
30292 0.000000 0
30300 0.000000 0
30308 0.000000 0
30315 0.000000 0
30322 0.000000 0
30330 0.000000 0
30338 0.000000 0
30345 0.000000 0
30352 0.000000 0
30360 0.000000 0
30368 0.000000 0
30375 0.000000 0
30382 0.000000 0
30390 0.000000 0
30398 0.000000 0
30405 0.000000 0
30412 0.000000 0
30420 0.000000 0
30428 0.000000 0
30435 0.000000 0
30442 0.000000 0
30450 0.000000 0
30458 0.000000 0
30465 0.072124 0
30472 0.000000 0
30480 0.000000 0
30488 0.628238 0
30495 1.000000 0
30502 0.664754 0
30510 0.219883 0
30518 0.000000 0
30525 0.000000 0
30532 0.000000 0
30540 0.000000 0
30548 0.000000 0
30555 0.000000 0
30562 0.000000 0
30570 0.000000 0
30578 0.000000 0
30585 0.000000 0
30592 0.000000 0
30600 0.000000 0
30608 0.000000 0
30615 0.000000 0
30622 0.000000 0
30630 0.207320 0
30638 0.000000 0
30645 0.000000 0
30652 0.000000 0
30660 0.000000 0
30668 0.000000 0
30675 0.000000 0
30682 0.000000 0
30690 0.000000 0
30698 0.000000 0
30705 0.000000 0
30712 0.000000 0
30720 0.000000 0
30728 0.978424 0
30735 0.967883 0
30742 0.151576 0
30750 0.000000 0
30758 0.000000 0
30765 0.000000 0
30772 0.000000 0
30780 0.000000 0
30788 0.000000 0
30795 0.000000 0
30802 0.000000 0
30810 0.128729 0
30818 0.000000 0
30825 0.000000 0
30832 0.000000 0
30840 0.000000 0
30848 0.000000 0
30855 0.000000 0
30862 0.000000 0
30870 0.228466 0
30878 0.027252 0
30885 0.000000 0
30892 0.000000 0
30900 0.000000 0
30908 0.000000 0
30915 0.055584 0
30922 0.000000 0
30930 0.000000 0
30938 0.000000 0
30945 0.000000 0
30952 0.000000 0
30960 0.562570 0
30968 1.000000 0
30975 0.666690 0
30982 0.281756 0
30990 0.000000 0
30998 0.000000 0
31005 0.000000 0
31012 0.000000 0
31020 0.000000 0
31028 0.000000 0
31035 0.000000 0
31042 0.000000 0
31050 0.000000 0
31058 0.000000 0
31065 0.000000 0
31072 0.000000 0
31080 0.000000 0
31088 0.000000 0
31095 0.000000 0
31102 0.000000 0
31110 0.000000 0
31118 0.000000 0
31125 0.000000 0
31132 0.000000 0
31140 0.029979 0
31148 0.000000 0
31155 0.000000 0
31162 0.000000 0
31170 0.000000 0
31178 0.000000 0
31185 0.000000 0
31192 0.000000 0
31200 0.890599 0
31208 0.948411 0
31215 0.141007 0
31222 0.000000 0
31230 0.000000 0
31238 0.000000 0
31245 0.000000 0
31252 0.000000 0
31260 0.000000 0
31268 0.000000 0
31275 0.000000 0
31282 0.000000 0
31290 0.000000 0
31298 0.000000 0
31305 0.000000 0
31312 0.000000 0
31320 0.076887 0
31328 0.000000 0
31335 0.000000 0
31342 0.203954 0
31350 0.000000 0
31358 0.000000 0
31365 0.000000 0
31372 0.000000 0
31380 0.000000 0
31388 0.000000 0
31395 0.000000 0
31402 0.000000 0
31410 0.000000 0
31418 0.000000 0
31425 0.000000 0
31432 0.636439 0
31440 1.000000 0
31448 0.622762 0
31455 0.248072 0
31462 0.000000 0
31470 0.000000 0
31478 0.000000 0
31485 0.000000 0
31492 0.000000 0
31500 0.000000 0
31508 0.000000 0
31515 0.000000 0
31522 0.000000 0
31530 0.000000 0
31538 0.000000 0
31545 0.000000 0
31552 0.000000 0
31560 0.000000 0
31568 0.000000 0
31575 0.000000 0
31582 0.000000 0
31590 0.000000 0
31598 0.000000 0
31605 0.000000 0
31612 0.000000 0
31620 0.000000 0
31628 0.000000 0
31635 0.058281 0
31642 0.000000 0
31650 0.000000 0
31658 0.000000 0
31665 0.000000 0
31672 0.914232 0
31680 0.997163 0
31688 0.139274 0
31695 0.000000 0
31702 0.000000 0
31710 0.000000 0
31718 0.000000 0
31725 0.000000 0
31732 0.000000 0
31740 0.000000 0
31748 0.000000 0
31755 0.000000 0
31762 0.000000 0
31770 0.000000 0
31778 0.000000 0
31785 0.000000 0
31792 0.000000 0
31800 0.142531 0
31808 0.000000 0
31815 0.155160 0
31822 0.000000 0
31830 0.000000 0
31838 0.080845 0
31845 0.000000 0
31852 0.000000 0
31860 0.000000 0
31868 0.000000 0
31875 0.000000 0
31882 0.000000 0
31890 0.000000 0
31898 0.000000 0
31905 0.605325 0
31912 0.971797 0
31920 0.604890 0
31928 0.206377 0
31935 0.000000 0
31942 0.000000 0
31950 0.000000 0
31958 0.000000 0
31965 0.000000 0
31972 0.000000 0
31980 0.000000 0
31988 0.000000 0
31995 0.000000 0
32002 0.000000 0
32010 0.000000 0
32018 0.000000 0
32025 0.000000 0
32032 0.000000 0
32040 0.000000 0
32048 0.000000 0
32055 0.000000 0
32062 0.000000 0
32070 0.000000 0
32078 0.000000 0
32085 0.000000 0
32092 0.000000 0
32100 0.000000 0
32108 0.000000 0
32115 0.000000 0
32122 0.000000 0
32130 0.000000 0
32138 0.000000 0
32145 0.855361 0
32152 0.948815 0
32160 0.101543 0
32168 0.000000 0
32175 0.000000 0
32182 0.000000 0
32190 0.000000 0
32198 0.000000 0
32205 0.000000 0
32212 0.000000 0
32220 0.000000 0
32228 0.000000 0
32235 0.000000 0
32242 0.000000 0
32250 0.000000 0
32258 0.000000 0
32265 0.151184 0
32272 0.000000 0
32280 0.000000 0
32288 0.278322 0
32295 0.168809 0
32302 0.000000 0
32310 0.000000 0
32318 0.000000 0
32325 0.000000 0
32332 0.000000 0
32340 0.000000 0
32348 0.000000 0
32355 0.000000 0
32362 0.000000 0
32370 0.000000 0
32378 0.550604 0
32385 0.974785 0
32392 0.611144 0
32400 0.199461 0
32408 0.000000 0
32415 0.000000 0
32422 0.000000 0
32430 0.000000 0
32438 0.000000 0
32445 0.000000 0
32452 0.000000 0
32460 0.000000 0
32468 0.000000 0
32475 0.000000 0
32482 0.000000 0
32490 0.000000 0
32498 0.000000 0
32505 0.000000 0
32512 0.000000 0
32520 0.000000 0
32528 0.000000 0
32535 0.000000 0
32542 0.000000 0
32550 0.000000 0
32558 0.000000 0
32565 0.000000 0
32572 0.000000 0
32580 0.000000 0
32588 0.000000 0
32595 0.000000 0
32602 0.159796 0
32610 0.000000 0
32618 0.731665 0
32625 0.948330 0
32632 0.044148 0
32640 0.000000 0
32648 0.000000 0
32655 0.000000 0
32662 0.000000 0
32670 0.000000 0
32678 0.000000 0
32685 0.000000 0
32692 0.000000 0
32700 0.000000 0
32708 0.000000 0
32715 0.000000 0
32722 0.000000 0
32730 0.000000 0
32738 0.236955 0
32745 0.147786 0
32752 0.000000 0
32760 0.000000 0
32768 0.000000 0
32775 0.151678 0
32782 0.000000 0
32790 0.000000 0
32798 0.000000 0
32805 0.000000 0
32812 0.000000 0
32820 0.000000 0
32828 0.000000 0
32835 0.000000 0
32842 0.088626 0
32850 0.490482 0
32858 0.902615 0
32865 0.576685 0
32872 0.193469 0
32880 0.000000 0
32888 0.000000 0
32895 0.000000 0
32902 0.000000 0
32910 0.000000 0
32918 0.000000 0
32925 0.000000 0
32932 0.000000 0
32940 0.000000 0
32948 0.000000 0
32955 0.000000 0
32962 0.000000 0
32970 0.000000 0
32978 0.000000 0
32985 0.000000 0
32992 0.000000 0
33000 0.000000 0
33008 0.000000 0
33015 0.000000 0
33022 0.000000 0
33030 0.000000 0
33038 0.000000 0
33045 0.000000 0
33052 0.000000 0
33060 0.000000 0
33068 0.000000 0
33075 0.000000 0
33082 0.000000 0
33090 0.704580 0
33098 0.925218 0
33105 0.000000 0
33112 0.000000 0
33120 0.000000 0
33128 0.000000 0
33135 0.000000 0
33142 0.000000 0
33150 0.000000 0
33158 0.000000 0
33165 0.000000 0
33172 0.000000 0
33180 0.000000 0
33188 0.000000 0
33195 0.239469 0
33202 0.000000 0
33210 0.000000 0
33218 0.167407 0
33225 0.000000 0
33232 0.110262 0
33240 0.074238 0
33248 0.000000 0
33255 0.000000 0
33262 0.141977 0
33270 0.000000 0
33278 0.000000 0
33285 0.160126 0
33292 0.000000 0
33300 0.000000 0
33308 0.000000 0
33315 0.000000 0
33322 0.404636 0
33330 0.878842 0
33338 0.584579 0
33345 0.222168 0
33352 0.000000 0
33360 0.000000 0
33368 0.000000 0
33375 0.000000 0
33382 0.000000 0
33390 0.000000 0
33398 0.000000 0
33405 0.000000 0
33412 0.000000 0
33420 0.000000 0
33428 0.000000 0
33435 0.000000 0
33442 0.000000 0
33450 0.217621 0
33458 0.000000 0
33465 0.208137 0
33472 0.000000 0
33480 0.000000 0
33488 0.000000 0
33495 0.000000 0
33502 0.000000 0
33510 0.000000 0
33518 0.051463 0
33525 0.000000 0
33532 0.000000 0
33540 0.000000 0
33548 0.000000 0
33555 0.000000 0
33562 0.781065 0
33570 0.969327 0
33578 0.000000 0
33585 0.000000 0
33592 0.000000 0
33600 0.000000 0
33608 0.000000 0
33615 0.000000 0
33622 0.000000 0
33630 0.000000 0
33638 0.000000 0
33645 0.000000 0
33652 0.144571 0
33660 0.000000 0
33668 0.000000 0
33675 0.000000 0
33682 0.000000 0
33690 0.224925 0
33698 0.147338 0
33705 0.214990 0
33712 0.000000 0
33720 0.000000 0
33728 0.189053 0
33735 0.183960 0
33742 0.000000 0
33750 0.000000 0
33758 0.000000 0
33765 0.000000 0
33772 0.000000 0
33780 0.000000 0
33788 0.000000 0
33795 0.427638 0
33802 0.925587 0
33810 0.647931 0
33818 0.178343 0
33825 0.000000 0
33832 0.000000 0
33840 0.000000 0
33848 0.000000 0
33855 0.000000 0
33862 0.000000 0
33870 0.000000 0
33878 0.000000 0
33885 0.054379 0
33892 0.000000 0
33900 0.000000 0
33908 0.000000 0
33915 0.000000 0
33922 0.000000 0
33930 0.000000 0
33938 0.000000 0
33945 0.000000 0
33952 0.000000 0
33960 0.000000 0
33968 0.040346 0
33975 0.000000 0
33982 0.061429 0
33990 0.000000 0
33998 0.000000 0
34005 0.114743 0
34012 0.000000 0
34020 0.000000 0
34028 0.000000 0
34035 0.363399 0
34042 0.705993 0
34050 0.136263 0
34058 0.000000 0
34065 0.000000 0
34072 0.000000 0
34080 0.000000 0
34088 0.000000 0
34095 0.000000 0
34102 0.000000 0
34110 0.000000 0
34118 0.152914 0
34125 0.000000 0
34132 0.000000 0
34140 0.017576 0
34148 0.000000 0
34155 0.000000 0
34162 0.000000 0
34170 0.105283 0
34178 0.231157 0
34185 0.000000 0
34192 0.186451 0
34200 0.000000 0
34208 0.000000 0
34215 0.000000 0
34222 0.000000 0
34230 0.000000 0
34238 0.111391 0
34245 0.000000 0
34252 0.000000 0
34260 0.138129 0
34268 0.421436 0
34275 0.828337 0
34282 0.600862 0
34290 0.263856 0
34298 0.000000 0
34305 0.000000 0
34312 0.000000 0
34320 0.000000 0
34328 0.000000 0
34335 0.000000 0
34342 0.000000 0
34350 0.000000 0
34358 0.000000 0
34365 0.000000 0
34372 0.000000 0
34380 0.000000 0
34388 0.000000 0
34395 0.000000 0
34402 0.326508 0
34410 0.280214 0
34418 0.078422 0
34425 0.000000 0
34432 0.000000 0
34440 0.000000 0
34448 0.000000 0
34455 0.000000 0
34462 0.000000 0
34470 0.000000 0
34478 0.000000 0
34485 0.000000 0
34492 0.000000 0
34500 0.000000 0
34508 0.498366 0
34515 0.887488 0
34522 0.000000 0
34530 0.000000 0
34538 0.000000 0
34545 0.000000 0
34552 0.000000 0
34560 0.000000 0
34568 0.000000 0
34575 0.000000 0
34582 0.000000 0
34590 0.000000 0
34598 0.000000 0
34605 0.094683 0
34612 0.000000 0
34620 0.000000 0
34628 0.000000 0
34635 0.118354 0
34642 0.000000 0
34650 0.135007 0
34658 0.105991 0
34665 0.000000 0
34672 0.000000 0
34680 0.000000 0
34688 0.000000 0
34695 0.000000 0
34702 0.000000 0
34710 0.000000 0
34718 0.000000 0
34725 0.119896 0
34732 0.000000 0
34740 0.267795 0
34748 0.852750 0
34755 0.603537 0
34762 0.150818 0
34770 0.000000 0
34778 0.000000 0
34785 0.000000 0
34792 0.000000 0
34800 0.000000 0
34808 0.000000 0
34815 0.000000 0
34822 0.000000 0
34830 0.000000 0
34838 0.000000 0
34845 0.000000 0
34852 0.000000 0
34860 0.000000 0
34868 0.017108 0
34875 0.000000 0
34882 0.000000 0
34890 0.000000 0
34898 0.000000 0
34905 0.076004 0
34912 0.000000 0
34920 0.000000 0
34928 0.000000 0
34935 0.000000 0
34942 0.000000 0
34950 0.000000 0
34958 0.000000 0
34965 0.085739 0
34972 0.000000 0
34980 0.412096 0
34988 0.835184 0
34995 0.000000 0
35002 0.000000 0
35010 0.000000 0
35018 0.000000 0
35025 0.056399 0
35032 0.000000 0
35040 0.000000 0
35048 0.000000 0
35055 0.239860 0
35062 0.172866 0
35070 0.000000 0
35078 0.000000 0
35085 0.155918 0
35092 0.102778 0
35100 0.220795 0
35108 0.100037 0
35115 0.081349 0
35122 0.120040 0
35130 0.000000 0
35138 0.000000 0
35145 0.158477 0
35152 0.000000 0
35160 0.000000 0
35168 0.000000 0
35175 0.054466 0
35182 0.000000 0
35190 0.000000 0
35198 0.000000 0
35205 0.155749 0
35212 0.317815 0
35220 0.772005 0
35228 0.578476 0
35235 0.000000 0
35242 0.000000 0
35250 0.000000 0
35258 0.000000 0
35265 0.000000 0
35272 0.000000 0
35280 0.000000 0
35288 0.000000 0
35295 0.000000 0
35302 0.000000 0
35310 0.000000 0
35318 0.000000 0
35325 0.000000 0
35332 0.000000 0
35340 0.000000 0
35348 0.137664 0
35355 0.000000 0
35362 0.000000 0
35370 0.000000 0
35378 0.000000 0
35385 0.000000 0
35392 0.111469 0
35400 0.081778 0
35408 0.000000 0
35415 0.000000 0
35422 0.000000 0
35430 0.000000 0
35438 0.000000 0
35445 0.000000 0
35452 0.533941 0
35460 0.912407 0
35468 0.000000 0
35475 0.000000 0
35482 0.000000 0
35490 0.000000 0
35498 0.000000 0
35505 0.000000 0
35512 0.045409 0
35520 0.000000 0
35528 0.107274 0
35535 0.000000 0
35542 0.000000 0
35550 0.040497 0
35558 0.095210 0
35565 0.000000 0
35572 0.098633 0
35580 0.123998 0
35588 0.147283 0
35595 0.257221 0
35602 0.000000 0
35610 0.000000 0
35618 0.186366 0
35625 0.167159 0
35632 0.000000 0
35640 0.000000 0
35648 0.000000 0
35655 0.000000 0
35662 0.000000 0
35670 0.000000 0
35678 0.198727 0
35685 0.311038 0
35692 0.701902 0
35700 0.511178 0
35708 0.176725 0
35715 0.000000 0
35722 0.000000 0
35730 0.000000 0
35738 0.000000 0
35745 0.000000 0
35752 0.000000 0
35760 0.000000 0
35768 0.000000 0
35775 0.000000 0
35782 0.000000 0
35790 0.000000 0
35798 0.000000 0
35805 0.000000 0
35812 0.000000 0
35820 0.141737 0
35828 0.000000 0
35835 0.000000 0
35842 0.000000 0
35850 0.000000 0
35858 0.000000 0
35865 0.000000 0
35872 0.081818 0
35880 0.000000 0
35888 0.000000 0
35895 0.000000 0
35902 0.161241 0
35910 0.000000 0
35918 0.000000 0
35925 0.467615 0
35932 0.810309 0
35940 0.000000 0
35948 0.000000 0
35955 0.000000 0
35962 0.000000 0
35970 0.000000 0
35978 0.000000 0
35985 0.097086 0
35992 0.145014 0
36000 0.000000 0
36008 0.000000 0
36015 0.071595 0
36022 0.185653 0
36030 0.107471 0
36038 0.000000 0
36045 0.000000 0
36052 0.113110 0
36060 0.000000 0
36068 0.267716 0
36075 0.250692 0
36082 0.000000 0
36090 0.112481 0
36098 0.132254 0
36105 0.000000 0
36112 0.000000 0
36120 0.134912 0
36128 0.000000 0
36135 0.000000 0
36142 0.118388 0
36150 0.000000 0
36158 0.292531 0
36165 0.703675 0
36172 0.570761 0
36180 0.210106 0
36188 0.000000 0
36195 0.000000 0
36202 0.000000 0
36210 0.000000 0
36218 0.000000 0
36225 0.000000 0
36232 0.000000 0
36240 0.000000 0
36248 0.000000 0
36255 0.000000 0
36262 0.000000 0
36270 0.000000 0
36278 0.000000 0
36285 0.181630 0
36292 0.119894 0
36300 0.107404 0
36308 0.104806 0
36315 0.000000 0
36322 0.000000 0
36330 0.000000 0
36338 0.000000 0
36345 0.000000 0
36352 0.314347 0
36360 0.119014 0
36368 0.000000 0
36375 0.000000 0
36382 0.000000 0
36390 0.000000 0
36398 0.361399 0
36405 0.855563 0
36412 0.000000 0
36420 0.000000 0
36428 0.000000 0
36435 0.000000 0
36442 0.000000 0
36450 0.141286 0
36458 0.000000 0
36465 0.146262 0
36472 0.110756 0
36480 0.000000 0
36488 0.000000 0
36495 0.000000 0
36502 0.000000 0
36510 0.000000 0
36518 0.000000 0
36525 0.207820 0
36532 0.242726 0
36540 0.246015 0
36548 0.242691 0
36555 0.201568 0
36562 0.318841 0
36570 0.113226 0
36578 0.000000 0
36585 0.000000 0
36592 0.000000 0
36600 0.000000 0
36608 0.000000 0
36615 0.169949 0
36622 0.160604 0
36630 0.145764 0
36638 0.658131 0
36645 0.528234 0
36652 0.136714 0
36660 0.000000 0
36668 0.000000 0
36675 0.000000 0
36682 0.000000 0
36690 0.000000 0
36698 0.000000 0
36705 0.000000 0
36712 0.000000 0
36720 0.000000 0
36728 0.000000 0
36735 0.000000 0
36742 0.000000 0
36750 0.000000 0
36758 0.000000 0
36765 0.017034 0
36772 0.000000 0
36780 0.000000 0
36788 0.068982 0
36795 0.000000 0
36802 0.096489 0
36810 0.000000 0
36818 0.000000 0
36825 0.000000 0
36832 0.138365 0
36840 0.000000 0
36848 0.094205 0
36855 0.142317 0
36862 0.000000 0
36870 0.175824 0
36878 0.738730 0
36885 0.000000 0
36892 0.000000 0
36900 0.000000 0
36908 0.000000 0
36915 0.000000 0
36922 0.000000 0
36930 0.000000 0
36938 0.000000 0
36945 0.000000 0
36952 0.134043 0
36960 0.211597 0
36968 0.175645 0
36975 0.030478 0
36982 0.000000 0
36990 0.145499 0
36998 0.000000 0
37005 0.138310 0
37012 0.075192 0
37020 0.190167 0
37028 0.148122 0
37035 0.160908 0
37042 0.000000 0
37050 0.000000 0
37058 0.168585 0
37065 0.144145 0
37072 0.000000 0
37080 0.000000 0
37088 0.104673 0
37095 0.000000 0
37102 0.000000 0
37110 0.446231 0
37118 0.448536 0
37125 0.304888 0
37132 0.000000 0
37140 0.000000 0
37148 0.000000 0
37155 0.000000 0
37162 0.000000 0
37170 0.000000 0
37178 0.000000 0
37185 0.000000 0
37192 0.000000 0
37200 0.212333 0
37208 0.000000 0
37215 0.000000 0
37222 0.000000 0
37230 0.000000 0
37238 0.260939 0
37245 0.375378 0
37252 0.062557 0
37260 0.000000 0
37268 0.000000 0
37275 0.000000 0
37282 0.000000 0
37290 0.000000 0
37298 0.000000 0
37305 0.093806 0
37312 0.000000 0
37320 0.000000 0
37328 0.000000 0
37335 0.000000 0
37342 0.000000 0
37350 0.000000 0
37358 0.152790 0
37365 0.114534 0
37372 0.000000 0
37380 0.000000 0
37388 0.000000 0
37395 0.000000 0
37402 0.000000 0
37410 0.000000 0
37418 0.065258 0
37425 0.175875 0
37432 0.210271 0
37440 0.000000 0
37448 0.000000 0
37455 0.168309 0
37462 0.000000 0
37470 0.096598 0
37478 0.046940 0
37485 0.239375 0
37492 0.167915 0
37500 0.000000 0
37508 0.043729 0
37515 0.037295 0
37522 0.097410 0
37530 0.000000 0
37538 0.000000 0
37545 0.000000 0
37552 0.186776 0
37560 0.200869 0
37568 0.050154 0
37575 0.000000 0
37582 0.370734 0
37590 0.234921 0
37598 0.102942 0
37605 0.000000 0
37612 0.000000 0
37620 0.026680 0
37628 0.038752 0
37635 0.000000 0
37642 0.000000 0
37650 0.074456 0
37658 0.130787 0
37665 0.155298 0
37672 0.000000 0
37680 0.000000 0
37688 0.000000 0
37695 0.000000 0
37702 0.184725 0
37710 0.159517 0
37718 0.127563 0
37725 0.000000 0
37732 0.042373 0
37740 0.000000 0
37748 0.000000 0
37755 0.134163 0
37762 0.000000 0
37770 0.173737 0
37778 0.000000 0
37785 0.000000 0
37792 0.118145 0
37800 0.035248 0
37808 0.052768 0
37815 0.346723 0
37822 0.354988 0
37830 0.260457 0
37838 0.104019 0
37845 0.000000 0
37852 0.000000 0
37860 0.256717 0
37868 0.000000 0
37875 0.000000 0
37882 0.000000 0
37890 0.000000 0
37898 0.000000 0
37905 0.000000 0
37912 0.000000 0
37920 0.000000 0
37928 0.200977 0
37935 0.033498 0
37942 0.056751 0
37950 0.230258 0
37958 0.000000 0
37965 0.000000 0
37972 0.059328 0
37980 0.000000 0
37988 0.144865 0
37995 0.073176 0
38002 0.000000 0
38010 0.000000 0
38018 0.000000 0
38025 0.045856 0
38032 0.027994 0
38040 0.162911 0
38048 0.193173 0
38055 0.170568 0
38062 0.000000 0
38070 0.108516 0
38078 0.109808 0
38085 0.000000 0
38092 0.000000 0
38100 0.187477 0
38108 0.124590 0
38115 0.000000 0
38122 0.000000 0
38130 0.000000 0
38138 0.000000 0
38145 0.000000 0
38152 0.000000 0
38160 0.000000 0
38168 0.151741 0
38175 0.000000 0
38182 0.230281 0
38190 0.203410 0
38198 0.178697 0
38205 0.000000 0
38212 0.000000 0
38220 0.120285 0
38228 0.000000 0
38235 0.000000 0
38242 0.000000 0
38250 0.000000 0
38258 0.048960 0
38265 0.000000 0
38272 0.000000 0
38280 0.203708 0
38288 0.425655 0
38295 0.477816 0
38302 0.298472 0
38310 0.000000 0
38318 0.180702 0
38325 0.177952 0
38332 0.000000 0
38340 0.000000 0
38348 0.000000 0
38355 0.000000 0
38362 0.121719 0
38370 0.000000 0
38378 0.000000 0
38385 0.000000 0
38392 0.000000 0
38400 0.066963 0
38408 0.000000 0
38415 0.000000 0
38422 0.141686 0
38430 0.033987 0
38438 0.160562 0
38445 0.000000 0
38452 0.000000 0
38460 0.082723 0
38468 0.000000 0
38475 0.000000 0
38482 0.084346 0
38490 0.000000 0
38498 0.000000 0
38505 0.000000 0
38512 0.000000 0
38520 0.177875 0
38528 0.224188 0
38535 0.395918 0
38542 0.138832 0
38550 0.000000 0
38558 0.000000 0
38565 0.000000 0
38572 0.000000 0
38580 0.138801 0
38588 0.000000 0
38595 0.000000 0
38602 0.094983 0
38610 0.127684 0
38618 0.000000 0
38625 0.093849 0
38632 0.000000 0
38640 0.000000 0
38648 0.141503 0
38655 0.214202 0
38662 0.000000 0
38670 0.000000 0
38678 0.000000 0
38685 0.183865 0
38692 0.000000 0
38700 0.138837 0
38708 0.000000 0
38715 0.104736 0
38722 0.000000 0
38730 0.000000 0
38738 0.000000 0
38745 0.159505 0
38752 0.241757 0
38760 0.509940 0
38768 0.505835 0
38775 0.210232 0
38782 0.000000 0
38790 0.142224 0
38798 0.106766 0
38805 0.000000 0
38812 0.000000 0
38820 0.000000 0
38828 0.000000 0
38835 0.000000 0
38842 0.000000 0
38850 0.000000 0
38858 0.000000 0
38865 0.000000 0
38872 0.000000 0
38880 0.167411 0
38888 0.000000 0
38895 0.048408 0
38902 0.044359 0
38910 0.000000 0
38918 0.087998 0
38925 0.000000 0
38932 0.101350 0
38940 0.220256 0
38948 0.000000 0
38955 0.133774 0
38962 0.000000 0
38970 0.000000 0
38978 0.000000 0
38985 0.000000 0
38992 0.115944 0
39000 0.000000 0
39008 0.202887 0
39015 0.000000 0
39022 0.000000 0
39030 0.102736 0
39038 0.000000 0
39045 0.182376 0
39052 0.000000 0
39060 0.125059 0
39068 0.000000 0
39075 0.000000 0
39082 0.000000 0
39090 0.000000 0
39098 0.000000 0
39105 0.000000 0
39112 0.246464 0
39120 0.127972 0
39128 0.223592 0
39135 0.000000 0
39142 0.000000 0
39150 0.101131 0
39158 0.000000 0
39165 0.082506 0
39172 0.209981 0
39180 0.213509 0
39188 0.000000 0
39195 0.186661 0
39202 0.000000 0
39210 0.000000 0
39218 0.000000 0
39225 0.000000 0
39232 0.518004 0
39240 0.568910 0
39248 0.288723 0
39255 0.188253 0
39262 0.154517 0
39270 0.098723 0
39278 0.000000 0
39285 0.000000 0
39292 0.000000 0
39300 0.000000 0
39308 0.000000 0
39315 0.000000 0
39322 0.000000 0
39330 0.000000 0
39338 0.000000 0
39345 0.000000 0
39352 0.000000 0
39360 0.269305 0
39368 0.188047 0
39375 0.074987 0
39382 0.000000 0
39390 0.153307 0
39398 0.194246 0
39405 0.000000 0
39412 0.127689 0
39420 0.126910 0
39428 0.000000 0
39435 0.000000 0
39442 0.000000 0
39450 0.000000 0
39458 0.000000 0
39465 0.000000 0
39472 0.105934 0
39480 0.153310 0
39488 0.000000 0
39495 0.174484 0
39502 0.111502 0
39510 0.000000 0
39518 0.174197 0
39525 0.219940 0
39532 0.038738 0
39540 0.000000 0
39548 0.000000 0
39555 0.000000 0
39562 0.000000 0
39570 0.062995 0
39578 0.152918 0
39585 0.000000 0
39592 0.135582 0
39600 0.000000 0
39608 0.210479 0
39615 0.237120 0
39622 0.000000 0
39630 0.000000 0
39638 0.273447 0
39645 0.000000 0
39652 0.220463 0
39660 0.000000 0
39668 0.000000 0
39675 0.000000 0
39682 0.123777 0
39690 0.223738 0
39698 0.000000 0
39705 0.451409 0
39712 0.531808 0
39720 0.259358 0
39728 0.000000 0
39735 0.230082 0
39742 0.130020 0
39750 0.000000 0
39758 0.000000 0
39765 0.000000 0
39772 0.000000 0
39780 0.000000 0
39788 0.000000 0
39795 0.000000 0
39802 0.000000 0
39810 0.000000 0
39818 0.000000 0
39825 0.136701 0
39832 0.182535 0
39840 0.136455 0
39848 0.132850 0
39855 0.148980 0
39862 0.000000 0
39870 0.000000 0
39878 0.000000 0
39885 0.221754 0
39892 0.156574 0
39900 0.000000 0
39908 0.000000 0
39915 0.000000 0
39922 0.000000 0
39930 0.000000 0
39938 0.000000 0
39945 0.148135 0
39952 0.274701 0
39960 0.000000 0
39968 0.021222 0
39975 0.000000 0
39982 0.000000 0
39990 0.053793 0
39998 0.000000 0
40005 0.230754 0
40012 0.092078 0
40020 0.000000 0
40028 0.148363 0
40035 0.000000 0
40042 0.000000 0
40050 0.000000 0
40058 0.000000 0
40065 0.044014 0
40072 0.343186 0
40080 0.117678 0
40088 0.177059 0
40095 0.000000 0
40102 0.000000 0
40110 0.000000 0
40118 0.057111 0
40125 0.195463 0
40132 0.222824 0
40140 0.000000 0
40148 0.000000 0
40155 0.000000 0
40162 0.000000 0
40170 0.169630 0
40178 0.688805 0
40185 0.495382 0
40192 0.150129 0
40200 0.050294 0
40208 0.184932 0
40215 0.216941 0
40222 0.000000 0
40230 0.000000 0
40238 0.000000 0
40245 0.000000 0
40252 0.000000 0
40260 0.000000 0
40268 0.000000 0
40275 0.000000 0
40282 0.000000 0
40290 0.000000 0
40298 0.114808 0
40305 0.182204 0
40312 0.241741 0
40320 0.142966 0
40328 0.000000 0
40335 0.000000 0
40342 0.000000 0
40350 0.000000 0
40358 0.051672 0
40365 0.000000 0
40372 0.180641 0
40380 0.000000 0
40388 0.000000 0
40395 0.147831 0
40402 0.000000 0
40410 0.000000 0
40418 0.372044 0
40425 0.432254 0
40432 0.026861 0
40440 0.000000 0
40448 0.006637 0
40455 0.000000 0
40462 0.000000 0
40470 0.000000 0
40478 0.169503 0
40485 0.000000 0
40492 0.000000 0
40500 0.000000 0
40508 0.000000 0
40515 0.178748 0
40522 0.000000 0
40530 0.000000 0
40538 0.000000 0
40545 0.222354 0
40552 0.046728 0
40560 0.125017 0
40568 0.136392 0
40575 0.137021 0
40582 0.165779 0
40590 0.122783 0
40598 0.000000 0
40605 0.000000 0
40612 0.000000 0
40620 0.000000 0
40628 0.000000 0
40635 0.064161 0
40642 0.000000 0
40650 0.522588 0
40658 0.521488 0
40665 0.244610 0
40672 0.085221 0
40680 0.146463 0
40688 0.136114 0
40695 0.000000 0
40702 0.000000 0
40710 0.000000 0
40718 0.000000 0
40725 0.000000 0
40732 0.000000 0
40740 0.000000 0
40748 0.000000 0
40755 0.000000 0
40762 0.000000 0
40770 0.000000 0
40778 0.000000 0
40785 0.191586 0
40792 0.293108 0
40800 0.000000 0
40808 0.000000 0
40815 0.000000 0
40822 0.106701 0
40830 0.099586 0
40838 0.201434 0
40845 0.000000 0
40852 0.000000 0
40860 0.000000 0
40868 0.119066 0
40875 0.000000 0
40882 0.000000 0
40890 0.000000 0
40898 0.247434 0
40905 0.000000 0
40912 0.000000 0
40920 0.002825 0
40928 0.000000 0
40935 0.158757 0
40942 0.158068 0
40950 0.000000 0
40958 0.000000 0
40965 0.000000 0
40972 0.000000 0
40980 0.000000 0
40988 0.090461 0
40995 0.000000 0
41002 0.000000 0
41010 0.157806 0
41018 0.303854 0
41025 0.388456 0
41032 0.227612 0
41040 0.101921 0
41048 0.000000 0
41055 0.000000 0
41062 0.000000 0
41070 0.116518 0
41078 0.000000 0
41085 0.000000 0
41092 0.070916 0
41100 0.000000 0
41108 0.000000 0
41115 0.000000 0
41122 0.569962 0
41130 0.503720 0
41138 0.239737 0
41145 0.217457 0
41152 0.228469 0
41160 0.011016 0
41168 0.000000 0
41175 0.000000 0
41182 0.000000 0
41190 0.000000 0
41198 0.000000 0
41205 0.000000 0
41212 0.000000 0
41220 0.000000 0
41228 0.000000 0
41235 0.000000 0
41242 0.194836 0
41250 0.202330 0
41258 0.000000 0
41265 0.153415 0
41272 0.055328 0
41280 0.000000 0
41288 0.145371 0
41295 0.000000 0
41302 0.000000 0
41310 0.000000 0
41318 0.000000 0
41325 0.000000 0
41332 0.000000 0
41340 0.163834 0
41348 0.000000 0
41355 0.239112 0
41362 0.660082 0
41370 0.418188 0
41378 0.059553 0
41385 0.073299 0
41392 0.000000 0
41400 0.112195 0
41408 0.000000 0
41415 0.000000 0
41422 0.000000 0
41430 0.000000 0
41438 0.000000 0
41445 0.000000 0
41452 0.000000 0
41460 0.201360 0
41468 0.000000 0
41475 0.000000 0
41482 0.000000 0
41490 0.000000 0
41498 0.145296 0
41505 0.000000 0
41512 0.000000 0
41520 0.000000 0
41528 0.000000 0
41535 0.203041 0
41542 0.275244 0
41550 0.031892 0
41558 0.000000 0
41565 0.000000 0
41572 0.000000 0
41580 0.000000 0
41588 0.000000 0
41595 0.458596 0
41602 0.511280 0
41610 0.067175 0
41618 0.000000 0
41625 0.183035 0
41632 0.000000 0
41640 0.000000 0
41648 0.000000 0
41655 0.000000 0
41662 0.000000 0
41670 0.000000 0
41678 0.000000 0
41685 0.000000 0
41692 0.113012 0
41700 0.000000 0
41708 0.000000 0
41715 0.000000 0
41722 0.234220 0
41730 0.265879 0
41738 0.000000 0
41745 0.000000 0
41752 0.000000 0
41760 0.234227 0
41768 0.289782 0
41775 0.327885 0
41782 0.000000 0
41790 0.000000 0
41798 0.000000 0
41805 0.000000 0
41812 0.000000 0
41820 0.000000 0
41828 0.091689 0
41835 0.228033 0
41842 0.214858 0
41850 0.190635 0
41858 0.000000 0
41865 0.000000 0
41872 0.220972 0
41880 0.000000 0
41888 0.127847 0
41895 0.000000 0
41902 0.000000 0
41910 0.000000 0
41918 0.000000 0
41925 0.133250 0
41932 0.000000 0
41940 0.000000 0
41948 0.000000 0
41955 0.153551 0
41962 0.460547 0
41970 0.436046 0
41978 0.000000 0
41985 0.110138 0
41992 0.000000 0
42000 0.000000 0
42008 0.104201 0
42015 0.000000 0
42022 0.000000 0
42030 0.000000 0
42038 0.000000 0
42045 0.000000 0
42052 0.000000 0
42060 0.000000 0
42068 0.469244 0
42075 0.510265 0
42082 0.254399 0
42090 0.152325 0
42098 0.000000 0
42105 0.159843 0
42112 0.000000 0
42120 0.000000 0
42128 0.000000 0
42135 0.000000 0
42142 0.000000 0
42150 0.000000 0
42158 0.000000 0
42165 0.000000 0
42172 0.000000 0
42180 0.000000 0
42188 0.000000 0
42195 0.279466 0
42202 0.225923 0
42210 0.186401 0
42218 0.000000 0
42225 0.000000 0
42232 0.232635 0
42240 0.125084 0
42248 0.090111 0
42255 0.121264 0
42262 0.000000 0
42270 0.000000 0
42278 0.000000 0
42285 0.099741 0
42292 0.092935 0
42300 0.130051 0
42308 0.314860 0
42315 0.363274 0
42322 0.125593 0
42330 0.000000 0
42338 0.000000 0
42345 0.000000 0
42352 0.000000 0
42360 0.000000 0
42368 0.000000 0
42375 0.000000 0
42382 0.000000 0
42390 0.000000 0
42398 0.000000 0
42405 0.000000 0
42412 0.000000 0
42420 0.000000 0
42428 0.000000 0
42435 0.245129 0
42442 0.242533 0
42450 0.000000 0
42458 0.000000 0
42465 0.137780 0
42472 0.160969 0
42480 0.038140 0
42488 0.000000 0
42495 0.000000 0
42502 0.000000 0
42510 0.000000 0
42518 0.000000 0
42525 0.000000 0
42532 0.188022 0
42540 0.490733 0
42548 0.568349 0
42555 0.321509 0
42562 0.000000 0
42570 0.000000 0
42578 0.149949 0
42585 0.000000 0
42592 0.000000 0
42600 0.000000 0
42608 0.000000 0
42615 0.000000 0
42622 0.000000 0
42630 0.000000 0
42638 0.000000 0
42645 0.000000 0
42652 0.000000 0
42660 0.192909 0
42668 0.093070 0
42675 0.250007 0
42682 0.133010 0
42690 0.000000 0
42698 0.000000 0
42705 0.194166 0
42712 0.233132 0
42720 0.100225 0
42728 0.000000 0
42735 0.000000 0
42742 0.000000 0
42750 0.000000 0
42758 0.000000 0
42765 0.000000 0
42772 0.000000 0
42780 0.245306 0
42788 0.323096 0
42795 0.000000 0
42802 0.000000 0
42810 0.000000 0
42818 0.153920 0
42825 0.000000 0
42832 0.199347 0
42840 0.181707 0
42848 0.000000 0
42855 0.000000 0
42862 0.000000 0
42870 0.000000 0
42878 0.208715 0
42885 0.000000 0
42892 0.000000 0
42900 0.000000 0
42908 0.363296 0
42915 0.260133 0
42922 0.112275 0
42930 0.000000 0
42938 0.000000 0
42945 0.000000 0
42952 0.000000 0
42960 0.263652 0
42968 0.000000 0
42975 0.000000 0
42982 0.000000 0
42990 0.000000 0
42998 0.000000 0
43005 0.000000 0
43012 0.641021 0
43020 0.499697 0
43028 0.183673 0
43035 0.199628 0
43042 0.132153 0
43050 0.287822 0
43058 0.000000 0
43065 0.000000 0
43072 0.000000 0
43080 0.000000 0
43088 0.000000 0
43095 0.000000 0
43102 0.000000 0
43110 0.000000 0
43118 0.000000 0
43125 0.000000 0
43132 0.000000 0
43140 0.249342 0
43148 0.289935 0
43155 0.166727 0
43162 0.000000 0
43170 0.000000 0
43178 0.175033 0
43185 0.182075 0
43192 0.049222 0
43200 0.234581 0
43208 0.000000 0
43215 0.000000 0
43222 0.000000 0
43230 0.000000 0
43238 0.000000 0
43245 0.000000 0
43252 0.278006 0
43260 0.311653 0
43268 0.000000 0
43275 0.000000 0
43282 0.140430 0
43290 0.150456 0
43298 0.206557 0
43305 0.256743 0
43312 0.000000 0
43320 0.000000 0
43328 0.000000 0
43335 0.000000 0
43342 0.000000 0
43350 0.000000 0
43358 0.000000 0
43365 0.182441 0
43372 0.000000 0
43380 0.309432 0
43388 0.230745 0
43395 0.217207 0
43402 0.054674 0
43410 0.000000 0
43418 0.146602 0
43425 0.086310 0
43432 0.163785 0
43440 0.000000 0
43448 0.000000 0
43455 0.000000 0
43462 0.000000 0
43470 0.000000 0
43478 0.000000 0
43485 0.528024 0
43492 0.568509 0
43500 0.275295 0
43508 0.023827 0
43515 0.090923 0
43522 0.130472 0
43530 0.000000 0
43538 0.000000 0
43545 0.000000 0
43552 0.000000 0
43560 0.000000 0
43568 0.000000 0
43575 0.000000 0
43582 0.000000 0
43590 0.000000 0
43598 0.000000 0
43605 0.000000 0
43612 0.168362 0
43620 0.327652 0
43628 0.279484 0
43635 0.000000 0
43642 0.000000 0
43650 0.000000 0
43658 0.026742 0
43665 0.187357 0
43672 0.124611 0
43680 0.000000 0
43688 0.000000 0
43695 0.000000 0
43702 0.000000 0
43710 0.000000 0
43718 0.165096 0
43725 0.179755 0
43732 0.310235 0
43740 0.080013 0
43748 0.000000 0
43755 0.194955 0
43762 0.165756 0
43770 0.118157 0
43778 0.200761 0
43785 0.178332 0
43792 0.000000 0
43800 0.000000 0
43808 0.000000 0
43815 0.000000 0
43822 0.125097 0
43830 0.000000 0
43838 0.000000 0
43845 0.000000 0
43852 0.332577 0
43860 0.316632 0
43868 0.000000 0
43875 0.000000 0
43882 0.096892 0
43890 0.158870 0
43898 0.000000 0
43905 0.191498 0
43912 0.000000 0
43920 0.000000 0
43928 0.000000 0
43935 0.014598 0
43942 0.000000 0
43950 0.000000 0
43958 0.562082 0
43965 0.575619 0
43972 0.284287 0
43980 0.000000 0
43988 0.093964 0
43995 0.000000 0
44002 0.208430 0
44010 0.000000 0
44018 0.000000 0
44025 0.000000 0
44032 0.000000 0
44040 0.000000 0
44048 0.000000 0
44055 0.000000 0
44062 0.000000 0
44070 0.000000 0
44078 0.000000 0
44085 0.299810 0
44092 0.381312 0
44100 0.000000 0
44108 0.000000 0
44115 0.000000 0
44122 0.113230 0
44130 0.160515 0
44138 0.000000 0
44145 0.044745 0
44152 0.000000 0
44160 0.000000 0
44168 0.000000 0
44175 0.000000 0
44182 0.000000 0
44190 0.148729 0
44198 0.357474 0
44205 0.460127 0
44212 0.071440 0
44220 0.000000 0
44228 0.092003 0
44235 0.000000 0
44242 0.000000 0
44250 0.241280 0
44258 0.000000 0
44265 0.000000 0
44272 0.000000 0
44280 0.000000 0
44288 0.000000 0
44295 0.000000 0
44302 0.000000 0
44310 0.000000 0
44318 0.000000 0
44325 0.157458 0
44332 0.197647 0
44340 0.148907 0
44348 0.194331 0
44355 0.092449 0
44362 0.100702 0
44370 0.000000 0
44378 0.040929 0
44385 0.154632 0
44392 0.000000 0
44400 0.000000 0
44408 0.000000 0
44415 0.000000 0
44422 0.000000 0
44430 0.554541 0
44438 0.565318 0
44445 0.252594 0
44452 0.000000 0
44460 0.219912 0
44468 0.000000 0
44475 0.000000 0
44482 0.000000 0
44490 0.000000 0
44498 0.000000 0
44505 0.000000 0
44512 0.177067 0
44520 0.000000 0
44528 0.000000 0
44535 0.163793 0
44542 0.000000 0
44550 0.107481 0
44558 0.000000 0
44565 0.240291 0
44572 0.192152 0
44580 0.000000 0
44588 0.000000 0
44595 0.191897 0
44602 0.000000 0
44610 0.218627 0
44618 0.000000 0
44625 0.000000 0
44632 0.000000 0
44640 0.000000 0
44648 0.000000 0
44655 0.000000 0
44662 0.000000 0
44670 0.000000 0
44678 0.179724 0
44685 0.000000 0
44692 0.000000 0
44700 0.201374 0
44708 0.190058 0
44715 0.000000 0
44722 0.000000 0
44730 0.133397 0
44738 0.000000 0
44745 0.000000 0
44752 0.095759 0
44760 0.000000 0
44768 0.000000 0
44775 0.000000 0
44782 0.000000 0
44790 0.000000 0
44798 0.399267 0
44805 0.399606 0
44812 0.099089 0
44820 0.000000 0
44828 0.122472 0
44835 0.000000 0
44842 0.000000 0
44850 0.000000 0
44858 0.000000 0
44865 0.000000 0
44872 0.000000 0
44880 0.000000 0
44888 0.000000 0
44895 0.000000 0
44902 0.490591 0
44910 0.468737 0
44918 0.110286 0
44925 0.220404 0
44932 0.184092 0
44940 0.111206 0
44948 0.000000 0
44955 0.000000 0
44962 0.000000 0
44970 0.000000 0
44978 0.000000 0
44985 0.067191 0
44992 0.000000 0
45000 0.000000 0
45008 0.000000 0
45015 0.000000 0
45022 0.038374 0
45030 0.177983 0
45038 0.333908 0
45045 0.241286 0
45052 0.000000 0
45060 0.095529 0
45068 0.165779 0
45075 0.110698 0
45082 0.196758 0
45090 0.000000 0
45098 0.000000 0
45105 0.000000 0
45112 0.000000 0
45120 0.000000 0
45128 0.000000 0
45135 0.352542 0
45142 0.591044 0
45150 0.392152 0
45158 0.152587 0
45165 0.088498 0
45172 0.150781 0
45180 0.000000 0
45188 0.000000 0
45195 0.000000 0
45202 0.089080 0
45210 0.000000 0
45218 0.000000 0
45225 0.000000 0
45232 0.000000 0
45240 0.000000 0
45248 0.000000 0
45255 0.104951 0
45262 0.000000 0
45270 0.000000 0
45278 0.000000 0
45285 0.123173 0
45292 0.178603 0
45300 0.000000 0
45308 0.000000 0
45315 0.000000 0
45322 0.268698 0
45330 0.138211 0
45338 0.000000 0
45345 0.000000 0
45352 0.000000 0
45360 0.000000 0
45368 0.000000 0
45375 0.413283 0
45382 0.463239 0
45390 0.160607 0
45398 0.000000 0
45405 0.119072 0
45412 0.000000 0
45420 0.000000 0
45428 0.000000 0
45435 0.000000 0
45442 0.000000 0
45450 0.000000 0
45458 0.000000 0
45465 0.000000 0
45472 0.000000 0
45480 0.000000 0
45488 0.000000 0
45495 0.000000 0
45502 0.103569 0
45510 0.292666 0
45518 0.210482 0
45525 0.247352 0
45532 0.000000 0
45540 0.259713 0
45548 0.000000 0
45555 0.107983 0
45562 0.107721 0
45570 0.000000 0
45578 0.000000 0
45585 0.000000 0
45592 0.000000 0
45600 0.000000 0
45608 0.000000 0
45615 0.235593 0
45622 0.377361 0
45630 0.084996 0
45638 0.000000 0
45645 0.000000 0
45652 0.203706 0
45660 0.250423 0
45668 0.000000 0
45675 0.000000 0
45682 0.000000 0
45690 0.000000 0
45698 0.000000 0
45705 0.000000 0
45712 0.000000 0
45720 0.000000 0
45728 0.000000 0
45735 0.000000 0
45742 0.447622 0
45750 0.420371 0
45758 0.121856 0
45765 0.000000 0
45772 0.000000 0
45780 0.000000 0
45788 0.000000 0
45795 0.000000 0
45802 0.000000 0
45810 0.000000 0
45818 0.000000 0
45825 0.000000 0
45832 0.000000 0
45840 0.152394 0
45848 0.541917 0
45855 0.509493 0
45862 0.188723 0
45870 0.123533 0
45878 0.133649 0
45885 0.157911 0
45892 0.000000 0
45900 0.000000 0
45908 0.000000 0
45915 0.000000 0
45922 0.000000 0
45930 0.000000 0
45938 0.000000 0
45945 0.000000 0
45952 0.000000 0
45960 0.000000 0
45968 0.010449 0
45975 0.283566 0
45982 0.080363 0
45990 0.124321 0
45998 0.000000 0
46005 0.000000 0
46012 0.147093 0
46020 0.000000 0
46028 0.165113 0
46035 0.175145 0
46042 0.000000 0
46050 0.000000 0
46058 0.000000 0
46065 0.000000 0
46072 0.000000 0
46080 0.282078 0
46088 0.431468 0
46095 0.468882 0
46102 0.155440 0
46110 0.000000 0
46118 0.000000 0
46125 0.000000 0
46132 0.000000 0
46140 0.000000 0
46148 0.000000 0
46155 0.000000 0
46162 0.000000 0
46170 0.061648 0
46178 0.000000 0
46185 0.000000 0
46192 0.000000 0
46200 0.000000 0
46208 0.000000 0
46215 0.212695 0
46222 0.232195 0
46230 0.037103 0
46238 0.000000 0
46245 0.000000 0
46252 0.127330 0
46260 0.177983 0
46268 0.000000 0
46275 0.000000 0
46282 0.000000 0
46290 0.000000 0
46298 0.000000 0
46305 0.000000 0
46312 0.153486 0
46320 0.465196 0
46328 0.437511 0
46335 0.196944 0
46342 0.212874 0
46350 0.075346 0
46358 0.000000 0
46365 0.000000 0
46372 0.000000 0
46380 0.000000 0
46388 0.000000 0
46395 0.000000 0
46402 0.073149 0
46410 0.000000 0
46418 0.000000 0
46425 0.000000 0
46432 0.000000 0
46440 0.000000 0
46448 0.241755 0
46455 0.318855 0
46462 0.178428 0
46470 0.119806 0
46478 0.000000 0
46485 0.000000 0
46492 0.000000 0
46500 0.000000 0
46508 0.000000 0
46515 0.000000 0
46522 0.000000 0
46530 0.000000 0
46538 0.000000 0
46545 0.000000 0
46552 0.121983 0
46560 0.320274 0
46568 0.266864 0
46575 0.177229 0
46582 0.025939 0
46590 0.000000 0
46598 0.064891 0
46605 0.155796 0
46612 0.167300 0
46620 0.000000 0
46628 0.000000 0
46635 0.000000 0
46642 0.000000 0
46650 0.000000 0
46658 0.000000 0
46665 0.000000 0
46672 0.000000 0
46680 0.286551 0
46688 0.444854 0
46695 0.338220 0
46702 0.000000 0
46710 0.000000 0
46718 0.000000 0
46725 0.126226 0
46732 0.124715 0
46740 0.167131 0
46748 0.090154 0
46755 0.000000 0
46762 0.000000 0
46770 0.000000 0
46778 0.000000 0
46785 0.000000 0
46792 0.477878 0
46800 0.601006 0
46808 0.252443 0
46815 0.000000 0
46822 0.254961 0
46830 0.233936 0
46838 0.000000 0
46845 0.000000 0
46852 0.000000 0
46860 0.000000 0
46868 0.000000 0
46875 0.134961 0
46882 0.000000 0
46890 0.000000 0
46898 0.000000 0
46905 0.083236 0
46912 0.000000 0
46920 0.322800 0
46928 0.420302 0
46935 0.188925 0
46942 0.000000 0
46950 0.000000 0
46958 0.110648 0
46965 0.071678 0
46972 0.000000 0
46980 0.221546 0
46988 0.000000 0
46995 0.000000 0
47002 0.000000 0
47010 0.000000 0
47018 0.000000 0
47025 0.045996 0
47032 0.343595 0
47040 0.279170 0
47048 0.000000 0
47055 0.000000 0
47062 0.171281 0
47070 0.000000 0
47078 0.227060 0
47085 0.107936 0
47092 0.000000 0
47100 0.000000 0
47108 0.000000 0
47115 0.081261 0
47122 0.000000 0
47130 0.000000 0
47138 0.000000 0
47145 0.000000 0
47152 0.115956 0
47160 0.438965 0
47168 0.278160 0
47175 0.000000 0
47182 0.000000 0
47190 0.000000 0
47198 0.209696 0
47205 0.168943 0
47212 0.000000 0
47220 0.000000 0
47228 0.000000 0
47235 0.000000 0
47242 0.000000 0
47250 0.000000 0
47258 0.303865 0
47265 0.499522 0
47272 0.502264 0
47280 0.089932 0
47288 0.118544 0
47295 0.009544 0
47302 0.000000 0
47310 0.000000 0
47318 0.000000 0
47325 0.000000 0
47332 0.000000 0
47340 0.000000 0
47348 0.000000 0
47355 0.000000 0
47362 0.000000 0
47370 0.000000 0
47378 0.000000 0
47385 0.000000 0
47392 0.281623 0
47400 0.394425 0
47408 0.000000 0
47415 0.000000 0
47422 0.156625 0
47430 0.244835 0
47438 0.046434 0
47445 0.000000 0
47452 0.122689 0
47460 0.000000 0
47468 0.000000 0
47475 0.182618 0
47482 0.000000 0
47490 0.000000 0
47498 0.128008 0
47505 0.283363 0
47512 0.153008 0
47520 0.000000 0
47528 0.000000 0
47535 0.194474 0
47542 0.231737 0
47550 0.165573 0
47558 0.000000 0
47565 0.000000 0
47572 0.000000 0
47580 0.000000 0
47588 0.000000 0
47595 0.000000 0
47602 0.000000 0
47610 0.074308 0
47618 0.000000 0
47625 0.117991 0
47632 0.410844 0
47640 0.304248 0
47648 0.069228 0
47655 0.000000 0
47662 0.000000 0
47670 0.154965 0
47678 0.179880 0
47685 0.134003 0
47692 0.000000 0
47700 0.000000 0
47708 0.000000 0
47715 0.000000 0
47722 0.000000 0
47730 0.094151 0
47738 0.517115 0
47745 0.515436 0
47752 0.187601 0
47760 0.224562 0
47768 0.000000 0
47775 0.240370 0
47782 0.000000 0
47790 0.000000 0
47798 0.000000 0
47805 0.000000 0
47812 0.000000 0
47820 0.000000 0
47828 0.000000 0
47835 0.000000 0
47842 0.000000 0
47850 0.000000 0
47858 0.000000 0
47865 0.254926 0
47872 0.399163 0
47880 0.298081 0
47888 0.086511 0
47895 0.000000 0
47902 0.133967 0
47910 0.173322 0
47918 0.187122 0
47925 0.000000 0
47932 0.000000 0
47940 0.000000 0
47948 0.000000 0
47955 0.000000 0
47962 0.000000 0
47970 0.000000 0
47978 0.448332 0
47985 0.362317 0
47992 0.000000 0
48000 0.000000 0
48008 0.000000 0
48015 0.039273 0
48022 0.000000 0
48030 0.147324 0
48038 0.052979 0
48045 0.000000 0
48052 0.000000 0
48060 0.000000 0
48068 0.000000 0
48075 0.000000 0
48082 0.000000 0
48090 0.000000 0
48098 0.049266 0
48105 0.335685 0
48112 0.312477 0
48120 0.000000 0
48128 0.000000 0
48135 0.000000 0
48142 0.066059 0
48150 0.098407 0
48158 0.000000 0
48165 0.000000 0
48172 0.000000 0
48180 0.000000 0
48188 0.000000 0
48195 0.000000 0
48202 0.000000 0
48210 0.531627 0
48218 0.513005 0
48225 0.163145 0
48232 0.095957 0
48240 0.048801 0
48248 0.109583 0
48255 0.000000 0
48262 0.000000 0
48270 0.000000 0
48278 0.000000 0
48285 0.000000 0
48292 0.000000 0
48300 0.000000 0
48308 0.000000 0
48315 0.000000 0
48322 0.000000 0
48330 0.000000 0
48338 0.306675 0
48345 0.361191 0
48352 0.152025 0
48360 0.000000 0
48368 0.000000 0
48375 0.000000 0
48382 0.192785 0
48390 0.154829 0
48398 0.000000 0
48405 0.000000 0
48412 0.000000 0
48420 0.000000 0
48428 0.000000 0
48435 0.000000 0
48442 0.000000 0
48450 0.384203 0
48458 0.328513 0
48465 0.000000 0
48472 0.000000 0
48480 0.231027 0
48488 0.000000 0
48495 0.000000 0
48502 0.000000 0
48510 0.107293 0
48518 0.000000 0
48525 0.000000 0
48532 0.000000 0
48540 0.000000 0
48548 0.000000 0
48555 0.000000 0
48562 0.000000 0
48570 0.000000 0
48578 0.493128 0
48585 0.374640 0
48592 0.081253 0
48600 0.000000 0
48608 0.136795 0
48615 0.000000 0
48622 0.000000 0
48630 0.000000 0
48638 0.043922 0
48645 0.000000 0
48652 0.000000 0
48660 0.000000 0
48668 0.000000 0
48675 0.000000 0
48682 0.602963 0
48690 0.484351 0
48698 0.192271 0
48705 0.000000 0
48712 0.000000 0
48720 0.069389 0
48728 0.000000 0
48735 0.000000 0
48742 0.000000 0
48750 0.000000 0
48758 0.000000 0
48765 0.000000 0
48772 0.000000 0
48780 0.000000 0
48788 0.000000 0
48795 0.203657 0
48802 0.000000 0
48810 0.176727 0
48818 0.267584 0
48825 0.054031 0
48832 0.000000 0
48840 0.160461 0
48848 0.109906 0
48855 0.115453 0
48862 0.000000 0
48870 0.000000 0
48878 0.000000 0
48885 0.000000 0
48892 0.063281 0
48900 0.000000 0
48908 0.000000 0
48915 0.417143 0
48922 0.612243 0
48930 0.373854 0
48938 0.037571 0
48945 0.202870 0
48952 0.089809 0
48960 0.000000 0
48968 0.000000 0
48975 0.000000 0
48982 0.069981 0
48990 0.000000 0
48998 0.000000 0
49005 0.000000 0
49012 0.000000 0
49020 0.000000 0
49028 0.200899 0
49035 0.000000 0
49042 0.000000 0
49050 0.118021 0
49058 0.258803 0
49065 0.082541 0
49072 0.000000 0
49080 0.000000 0
49088 0.171515 0
49095 0.221787 0
49102 0.246288 0
49110 0.012152 0
49118 0.000000 0
49125 0.000000 0
49132 0.000000 0
49140 0.000000 0
49148 0.136861 0
49155 0.418111 0
49162 0.415024 0
49170 0.208719 0
49178 0.000000 0
49185 0.092826 0
49192 0.000000 0
49200 0.000000 0
49208 0.000000 0
49215 0.000000 0
49222 0.000000 0
49230 0.000000 0
49238 0.000000 0
49245 0.000000 0
49252 0.000000 0
49260 0.000000 0
49268 0.166148 0
49275 0.151209 0
49282 0.261775 0
49290 0.314216 0
49298 0.000000 0
49305 0.000000 0
49312 0.127485 0
49320 0.199783 0
49328 0.000000 0
49335 0.000000 0
49342 0.000000 0
49350 0.000000 0
49358 0.000000 0
49365 0.000000 0
49372 0.000000 0
49380 0.000000 0
49388 0.000000 0
49395 0.284428 0
49402 0.325953 0
49410 0.000000 0
49418 0.000000 0
49425 0.204289 0
49432 0.163421 0
49440 0.000000 0
49448 0.000000 0
49455 0.090374 0
49462 0.000000 0
49470 0.000000 0
49478 0.000000 0
49485 0.000000 0
49492 0.000000 0
49500 0.000000 0
49508 0.000000 0
49515 0.215725 0
49522 0.502070 0
49530 0.309128 0
49538 0.000000 0
49545 0.000000 0
49552 0.102821 0
49560 0.154535 0
49568 0.000000 0
49575 0.000000 0
49582 0.000000 0
49590 0.000000 0
49598 0.000000 0
49605 0.000000 0
49612 0.000000 0
49620 0.000000 0
49628 0.567788 0
49635 0.427250 0
49642 0.079371 0
49650 0.134958 0
49658 0.180473 0
49665 0.175053 0
49672 0.000000 0
49680 0.000000 0
49688 0.000000 0
49695 0.000000 0
49702 0.000000 0
49710 0.000000 0
49718 0.000000 0
49725 0.017891 0
49732 0.000000 0
49740 0.000000 0
49748 0.000000 0
49755 0.249023 0
49762 0.368838 0
49770 0.239722 0
49778 0.000000 0
49785 0.000000 0
49792 0.140396 0
49800 0.000000 0
49808 0.000000 0
49815 0.204480 0
49822 0.000000 0
49830 0.000000 0
49838 0.000000 0
49845 0.000000 0
49852 0.110505 0
49860 0.127481 0
49868 0.414575 0
49875 0.327329 0
49882 0.142331 0
49890 0.140862 0
49898 0.000000 0
49905 0.000000 0
49912 0.000000 0
49920 0.000000 0
49928 0.000000 0
49935 0.000000 0
49942 0.000000 0
49950 0.000000 0
49958 0.092213 0
49965 0.000000 0
49972 0.000000 0
49980 0.111309 0
49988 0.000000 0
49995 0.386081 0
50002 0.332937 0
50010 0.125876 0
50018 0.000000 0
50025 0.111626 0
50032 0.110884 0
50040 0.174646 0
50048 0.000000 0
50055 0.000000 0
50062 0.000000 0
50070 0.000000 0
50078 0.000000 0
50085 0.000000 0
50092 0.088065 0
50100 0.587850 0
50108 0.504220 0
50115 0.079427 0
50122 0.109709 0
50130 0.045727 0
50138 0.279031 0
50145 0.000000 0
50152 0.000000 0
50160 0.000000 0
50168 0.000000 0
50175 0.000000 0
50182 0.000000 0
50190 0.000000 0
50198 0.000000 0
50205 0.000000 0
50212 0.000000 0
50220 0.000000 0
50228 0.371508 0
50235 0.339276 0
50242 0.083751 0
50250 0.000000 0
50258 0.099223 0
50265 0.169996 0
50272 0.000000 0
50280 0.000000 0
50288 0.122796 0
50295 0.000000 0
50302 0.000000 0
50310 0.000000 0
50318 0.000000 0
50325 0.000000 0
50332 0.153057 0
50340 0.375148 0
50348 0.176085 0
50355 0.000000 0
50362 0.000000 0
50370 0.140800 0
50378 0.014344 0
50385 0.165701 0
50392 0.175745 0
50400 0.000000 0
50408 0.000000 0
50415 0.137984 0
50422 0.000000 0
50430 0.000000 0
50438 0.000000 0
50445 0.000000 0
50452 0.000000 0
50460 0.209153 0
50468 0.397013 0
50475 0.280888 0
50482 0.000000 0
50490 0.000000 0
50498 0.306512 0
50505 0.000000 0
50512 0.000000 0
50520 0.000000 0
50528 0.000000 0
50535 0.000000 0
50542 0.000000 0
50550 0.000000 0
50558 0.000000 0
50565 0.000000 0
50572 0.544195 0
50580 0.458295 0
50588 0.172130 0
50595 0.149105 0
50602 0.000000 0
50610 0.228893 0
50618 0.138956 0
50625 0.000000 0
50632 0.000000 0
50640 0.000000 0
50648 0.000000 0
50655 0.000000 0
50662 0.000000 0
50670 0.036359 0
50678 0.000000 0
50685 0.183154 0
50692 0.000000 0
50700 0.253849 0
50708 0.353392 0
50715 0.000000 0
50722 0.000000 0
50730 0.000000 0
50738 0.296736 0
50745 0.155120 0
50752 0.000000 0
50760 0.000000 0
50768 0.000000 0
50775 0.188737 0
50782 0.000000 0
50790 0.000000 0
50798 0.000000 0
50805 0.000000 0
50812 0.291392 0
50820 0.244256 0
50828 0.111439 0
50835 0.101609 0
50842 0.274881 0
50850 0.158448 0
50858 0.000000 0
50865 0.000000 0
50872 0.000000 0
50880 0.000000 0
50888 0.000000 0
50895 0.000000 0
50902 0.000000 0
50910 0.000000 0
50918 0.085258 0
50925 0.000000 0
50932 0.000000 0
50940 0.436303 0
50948 0.347645 0
50955 0.000000 0
50962 0.093338 0
50970 0.138076 0
50978 0.242980 0
50985 0.000000 0
50992 0.000000 0
51000 0.000000 0
51008 0.000000 0
51015 0.100037 0
51022 0.000000 0
51030 0.000000 0
51038 0.000000 0
51045 0.588594 0
51052 0.482090 0
51060 0.183048 0
51068 0.000000 0
51075 0.029191 0
51082 0.000000 0
51090 0.000000 0
51098 0.000000 0
51105 0.000000 0
51112 0.000000 0
51120 0.000000 0
51128 0.000000 0
51135 0.000000 0
51142 0.000000 0
51150 0.000000 0
51158 0.072201 0
51165 0.000000 0
51172 0.340436 0
51180 0.400493 0
51188 0.194087 0
51195 0.000000 0
51202 0.000000 0
51210 0.213104 0
51218 0.164874 0
51225 0.000000 0
51232 0.134329 0
51240 0.000000 0
51248 0.000000 0
51255 0.000000 0
51262 0.000000 0
51270 0.000000 0
51278 0.000000 0
51285 0.311274 0
51292 0.212674 0
51300 0.000000 0
51308 0.096382 0
51315 0.157621 0
51322 0.108892 0
51330 0.000000 0
51338 0.166013 0
51345 0.000000 0
51352 0.000000 0
51360 0.000000 0
51368 0.000000 0
51375 0.000000 0
51382 0.000000 0
51390 0.000000 0
51398 0.000000 0
51405 0.221526 0
51412 0.413231 0
51420 0.270967 0
51428 0.000000 0
51435 0.142955 0
51442 0.112374 0
51450 0.151796 0
51458 0.165684 0
51465 0.000000 0
51472 0.000000 0
51480 0.000000 0
51488 0.000000 0
51495 0.000000 0
51502 0.115740 0
51510 0.000000 0
51518 0.594398 0
51525 0.427837 0
51532 0.000000 0
51540 0.182998 0
51548 0.096633 0
51555 0.120371 0
51562 0.000000 0
51570 0.000000 0
51578 0.000000 0
51585 0.000000 0
51592 0.000000 0
51600 0.000000 0
51608 0.000000 0
51615 0.000000 0
51622 0.000000 0
51630 0.000000 0
51638 0.000000 0
51645 0.331359 0
51652 0.384690 0
51660 0.211232 0
51668 0.000000 0
51675 0.000000 0
51682 0.181133 0
51690 0.098240 0
51698 0.000000 0
51705 0.100326 0
51712 0.082392 0
51720 0.000000 0
51728 0.000000 0
51735 0.000000 0
51742 0.000000 0
51750 0.135547 0
51758 0.442156 0
51765 0.343581 0
51772 0.000000 0
51780 0.000000 0
51788 0.000000 0
51795 0.000000 0
51802 0.000000 0
51810 0.000000 0
51818 0.000000 0
51825 0.000000 0
51832 0.000000 0
51840 0.000000 0
51848 0.000000 0
51855 0.000000 0
51862 0.000000 0
51870 0.000000 0
51878 0.000000 0
51885 0.380915 0
51892 0.365935 0
51900 0.000000 0
51908 0.000000 0
51915 0.093358 0
51922 0.056021 0
51930 0.103771 0
51938 0.000000 0
51945 0.000000 0
51952 0.000000 0
51960 0.000000 0
51968 0.000000 0
51975 0.000000 0
51982 0.223414 0
51990 0.637503 0
51998 0.440934 0
52005 0.000000 0
52012 0.000000 0
52020 0.151580 0
52028 0.000000 0
52035 0.000000 0
52042 0.000000 0
52050 0.000000 0
52058 0.000000 0
52065 0.000000 0
52072 0.000000 0
52080 0.000000 0
52088 0.000000 0
52095 0.152035 0
52102 0.000000 0
52110 0.000000 0
52118 0.279457 0
52125 0.320535 0
52132 0.290428 0
52140 0.000000 0
52148 0.000000 0
52155 0.128687 0
52162 0.000000 0
52170 0.000000 0
52178 0.000000 0
52185 0.000000 0
52192 0.000000 0
52200 0.000000 0
52208 0.000000 0
52215 0.000000 0
52222 0.000000 0
52230 0.356650 0
52238 0.127779 0
52245 0.000000 0
52252 0.045516 0
52260 0.275007 0
52268 0.199685 0
52275 0.000000 0
52282 0.000000 0
52290 0.000000 0
52298 0.000000 0
52305 0.000000 0
52312 0.000000 0
52320 0.000000 0
52328 0.000000 0
52335 0.000000 0
52342 0.000000 0
52350 0.274377 0
52358 0.500296 0
52365 0.394485 0
52372 0.112444 0
52380 0.000000 0
52388 0.000000 0
52395 0.228959 0
52402 0.000000 0
52410 0.000000 0
52418 0.000000 0
52425 0.000000 0
52432 0.000000 0
52440 0.000000 0
52448 0.000000 0
52455 0.000000 0
52462 0.443645 0
52470 0.417464 0
52478 0.270727 0
52485 0.182927 0
52492 0.000000 0
52500 0.134809 0
52508 0.000000 0
52515 0.000000 0
52522 0.000000 0
52530 0.000000 0
52538 0.000000 0
52545 0.000000 0
52552 0.000000 0
52560 0.000000 0
52568 0.000000 0
52575 0.000000 0
52582 0.143715 0
52590 0.301902 0
52598 0.262446 0
52605 0.140148 0
52612 0.000000 0
52620 0.251004 0
52628 0.101440 0
52635 0.000000 0
52642 0.055879 0
52650 0.000000 0
52658 0.000000 0
52665 0.000000 0
52672 0.000000 0
52680 0.074268 0
52688 0.000000 0
52695 0.305038 0
52702 0.568664 0
52710 0.328547 0
52718 0.047870 0
52725 0.157957 0
52732 0.162409 0
52740 0.000000 0
52748 0.000000 0
52755 0.000000 0
52762 0.000000 0
52770 0.000000 0
52778 0.000000 0
52785 0.000000 0
52792 0.000000 0
52800 0.000000 0
52808 0.124213 0
52815 0.000000 0
52822 0.132209 0
52830 0.122836 0
52838 0.000000 0
52845 0.000000 0
52852 0.127014 0
52860 0.000000 0
52868 0.105597 0
52875 0.074083 0
52882 0.269385 0
52890 0.162518 0
52898 0.000000 0
52905 0.033859 0
52912 0.117459 0
52920 0.000000 0
52928 0.000000 0
52935 0.444035 0
52942 0.351288 0
52950 0.138058 0
52958 0.113236 0
52965 0.000000 0
52972 0.000000 0
52980 0.000000 0
52988 0.000000 0
52995 0.000000 0
53002 0.000000 0
53010 0.000000 0
53018 0.000000 0
53025 0.000000 0
53032 0.000000 0
53040 0.000000 0
53048 0.127225 0
53055 0.096163 0
53062 0.236383 0
53070 0.282796 0
53078 0.175926 0
53085 0.000000 0
53092 0.000000 0
53100 0.086902 0
53108 0.000000 0
53115 0.000000 0
53122 0.068862 0
53130 0.000000 0
53138 0.146809 0
53145 0.000000 0
53152 0.000000 0
53160 0.090675 0
53168 0.127970 0
53175 0.201275 0
53182 0.163748 0
53190 0.000000 0
53198 0.000000 0
53205 0.057485 0
53212 0.093730 0
53220 0.000000 0
53228 0.000000 0
53235 0.000000 0
53242 0.175484 0
53250 0.000000 0
53258 0.000000 0
53265 0.000000 0
53272 0.039109 0
53280 0.000000 0
53288 0.000000 0
53295 0.132739 0
53302 0.452399 0
53310 0.334407 0
53318 0.187230 0
53325 0.108712 0
53332 0.000000 0
53340 0.000000 0
53348 0.054134 0
53355 0.000000 0
53362 0.000000 0
53370 0.000000 0
53378 0.000000 0
53385 0.000000 0
53392 0.000000 0
53400 0.216140 0
53408 0.445000 0
53415 0.454254 0
53422 0.314612 0
53430 0.207100 0
53438 0.106209 0
53445 0.181440 0
53452 0.000000 0
53460 0.000000 0
53468 0.069388 0
53475 0.000000 0
53482 0.000000 0
53490 0.000000 0
53498 0.000000 0
53505 0.085420 0
53512 0.123514 0
53520 0.000000 0
53528 0.000000 0
53535 0.197565 0
53542 0.203492 0
53550 0.204180 0
53558 0.000000 0
53565 0.189546 0
53572 0.119263 0
53580 0.000000 0
53588 0.118406 0
53595 0.000000 0
53602 0.000000 0
53610 0.000000 0
53618 0.000000 0
53625 0.000000 0
53632 0.000000 0
53640 0.183065 0
53648 0.461445 0
53655 0.326626 0
53662 0.065225 0
53670 0.000000 0
53678 0.000000 0
53685 0.000000 0
53692 0.000000 0
53700 0.000000 0
53708 0.000000 0
53715 0.000000 0
53722 0.000000 0
53730 0.000000 0
53738 0.000000 0
53745 0.000000 0
53752 0.000000 0
53760 0.000000 0
53768 0.309860 0
53775 0.325350 0
53782 0.222028 0
53790 0.148905 0
53798 0.000000 0
53805 0.000000 0
53812 0.000000 0
53820 0.107868 0
53828 0.232501 0
53835 0.000000 0
53842 0.000000 0
53850 0.000000 0
53858 0.000000 0
53865 0.000000 0
53872 0.133974 0
53880 0.458659 0
53888 0.466330 0
53895 0.220392 0
53902 0.000000 0
53910 0.123416 0
53918 0.237925 0
53925 0.000000 0
53932 0.000000 0
53940 0.000000 0
53948 0.000000 0
53955 0.000000 0
53962 0.000000 0
53970 0.000000 0
53978 0.000000 0
53985 0.000000 0
53992 0.000000 0
54000 0.000000 0
54008 0.205985 0
54015 0.335348 0
54022 0.128212 0
54030 0.000000 0
54038 0.158340 0
54045 0.171310 0
54052 0.000000 0
54060 0.120318 0
54068 0.000000 0
54075 0.000000 0
54082 0.117404 0
54090 0.000000 0
54098 0.000000 0
54105 0.000000 0
54112 0.000000 0
54120 0.342408 0
54128 0.150129 0
54135 0.000000 0
54142 0.130871 0
54150 0.187145 0
54158 0.039103 0
54165 0.142298 0
54172 0.000000 0
54180 0.000000 0
54188 0.056252 0
54195 0.000000 0
54202 0.000000 0
54210 0.112007 0
54218 0.000000 0
54225 0.000000 0
54232 0.000000 0
54240 0.000000 0
54248 0.384700 0
54255 0.348350 0
54262 0.000000 0
54270 0.000000 0
54278 0.200428 0
54285 0.223602 0
54292 0.000000 0
54300 0.116561 0
54308 0.000000 0
54315 0.000000 0
54322 0.000000 0
54330 0.000000 0
54338 0.000000 0
54345 0.185101 0
54352 0.490422 0
54360 0.390178 0
54368 0.181776 0
54375 0.000000 0
54382 0.167221 0
54390 0.193180 0
54398 0.000000 0
54405 0.000000 0
54412 0.000000 0
54420 0.000000 0
54428 0.051745 0
54435 0.000000 0
54442 0.000000 0
54450 0.000000 0
54458 0.000000 0
54465 0.000000 0
54472 0.146123 0
54480 0.167384 0
54488 0.304341 0
54495 0.000000 0
54502 0.000000 0
54510 0.088295 0
54518 0.110928 0
54525 0.184160 0
54532 0.190418 0
54540 0.000000 0
54548 0.000000 0
54555 0.000000 0
54562 0.000000 0
54570 0.118025 0
54578 0.000000 0
54585 0.000000 0
54592 0.169536 0
54600 0.197732 0
54608 0.000000 0
54615 0.258733 0
54622 0.258904 0
54630 0.000000 0
54638 0.000000 0
54645 0.000000 0
54652 0.000000 0
54660 0.000000 0
54668 0.000000 0
54675 0.000000 0
54682 0.000000 0
54690 0.000000 0
54698 0.000000 0
54705 0.000000 0
54712 0.305446 0
54720 0.238235 0
54728 0.143027 0
54735 0.042171 0
54742 0.190902 0
54750 0.143256 0
54758 0.000000 0
54765 0.188573 0
54772 0.055954 0
54780 0.000000 0
54788 0.000000 0
54795 0.000000 0
54802 0.000000 0
54810 0.215715 0
54818 0.000000 0
54825 0.496116 0
54832 0.456485 0
54840 0.066130 0
54848 0.000000 0
54855 0.247152 0
54862 0.000000 0
54870 0.000000 0
54878 0.000000 0
54885 0.000000 0
54892 0.000000 0
54900 0.000000 0
54908 0.000000 0
54915 0.000000 0
54922 0.000000 0
54930 0.000000 0
54938 0.000000 0
54945 0.000000 0
54952 0.255196 0
54960 0.405994 0
54968 0.000000 0
54975 0.000000 0
54982 0.038047 0
54990 0.000000 0
54998 0.000000 0
55005 0.258476 0
55012 0.000000 0
55020 0.000000 0
55028 0.000000 0
55035 0.000000 0
55042 0.000000 0
55050 0.000000 0
55058 0.000000 0
55065 0.338857 0
55072 0.319887 0
55080 0.113755 0
55088 0.000000 0
55095 0.000000 0
55102 0.000000 0
55110 0.000000 0
55118 0.000000 0
55125 0.000000 0
55132 0.000000 0
55140 0.000000 0
55148 0.000000 0
55155 0.040587 0
55162 0.000000 0
55170 0.000000 0
55178 0.000000 0
55185 0.000000 0
55192 0.371059 0
55200 0.305818 0
55208 0.000000 0
55215 0.000000 0
55222 0.190457 0
55230 0.000000 0
55238 0.000000 0
55245 0.224080 0
55252 0.133170 0
55260 0.000000 0
55268 0.000000 0
55275 0.217054 0
55282 0.000000 0
55290 0.000000 0
55298 0.406078 0
55305 0.352073 0
55312 0.010371 0
55320 0.234421 0
55328 0.229988 0
55335 0.000000 0
55342 0.000000 0
55350 0.000000 0
55358 0.000000 0
55365 0.000000 0
55372 0.000000 0
55380 0.000000 0
55388 0.218346 0
55395 0.000000 0
55402 0.000000 0
55410 0.000000 0
55418 0.172985 0
55425 0.232818 0
55432 0.227272 0
55440 0.245979 0
55448 0.000000 0
55455 0.000000 0
55462 0.168322 0
55470 0.000000 0
55478 0.000000 0
55485 0.000000 0
55492 0.000000 0
55500 0.104955 0
55508 0.000000 0
55515 0.000000 0
55522 0.000000 0
55530 0.145471 0
55538 0.411754 0
55545 0.190391 0
55552 0.108741 0
55560 0.184297 0
55568 0.162574 0
55575 0.127494 0
55582 0.000000 0
55590 0.000000 0
55598 0.000000 0
55605 0.000000 0
55612 0.098267 0
55620 0.000000 0
55628 0.000000 0
55635 0.210912 0
55642 0.000000 0
55650 0.000000 0
55658 0.084808 0
55665 0.284032 0
55672 0.180852 0
55680 0.000000 0
55688 0.000000 0
55695 0.220677 0
55702 0.203338 0
55710 0.000000 0
55718 0.000000 0
55725 0.000000 0
55732 0.000000 0
55740 0.000000 0
55748 0.054180 0
55755 0.000000 0
55762 0.000000 0
55770 0.488189 0
55778 0.440139 0
55785 0.000000 0
55792 0.125526 0
55800 0.000000 0
55808 0.152424 0
55815 0.000000 0
55822 0.000000 0
55830 0.096542 0
55838 0.000000 0
55845 0.000000 0
55852 0.000000 0
55860 0.000000 0
55868 0.000000 0
55875 0.000000 0
55882 0.000000 0
55890 0.000000 0
55898 0.000000 0
55905 0.260517 0
55912 0.180014 0
55920 0.000000 0
55928 0.000000 0
55935 0.213518 0
55942 0.161406 0
55950 0.000000 0
55958 0.000000 0
55965 0.000000 0
55972 0.133732 0
55980 0.000000 0
55988 0.014572 0
55995 0.000000 0
56002 0.000000 0
56010 0.221830 0
56018 0.215547 0
56025 0.000000 0
56032 0.000000 0
56040 0.000000 0
56048 0.177996 0
56055 0.000000 0
56062 0.136292 0
56070 0.000000 0
56078 0.000000 0
56085 0.000000 0
56092 0.000000 0
56100 0.000000 0
56108 0.000000 0
56115 0.000000 0
56122 0.141715 0
56130 0.110991 0
56138 0.423685 0
56145 0.367740 0
56152 0.000000 0
56160 0.035182 0
56168 0.078770 0
56175 0.000000 0
56182 0.000000 0
56190 0.065647 0
56198 0.000000 0
56205 0.000000 0
56212 0.000000 0
56220 0.000000 0
56228 0.000000 0
56235 0.000000 0
56242 0.422888 0
56250 0.458677 0
56258 0.168724 0
56265 0.000000 0
56272 0.206828 0
56280 0.131105 0
56288 0.000000 0
56295 0.000000 0
56302 0.000000 0
56310 0.000000 0
56318 0.000000 0
56325 0.000000 0
56332 0.000000 0
56340 0.000000 0
56348 0.000000 0
56355 0.000000 0
56362 0.049787 0
56370 0.131794 0
56378 0.237509 0
56385 0.115963 0
56392 0.000000 0
56400 0.151909 0
56408 0.112972 0
56415 0.000000 0
56422 0.163144 0
56430 0.174595 0
56438 0.000000 0
56445 0.000000 0
56452 0.000000 0
56460 0.000000 0
56468 0.000000 0
56475 0.377447 0
56482 0.508053 0
56490 0.368609 0
56498 0.000000 0
56505 0.095812 0
56512 0.195795 0
56520 0.079829 0
56528 0.000000 0
56535 0.000000 0
56542 0.000000 0
56550 0.134408 0
56558 0.000000 0
56565 0.000000 0
56572 0.115655 0
56580 0.127859 0
56588 0.000000 0
56595 0.017842 0
56602 0.071425 0
56610 0.000000 0
56618 0.000000 0
56625 0.000000 0
56632 0.176699 0
56640 0.165123 0
56648 0.307301 0
56655 0.252539 0
56662 0.000000 0
56670 0.000000 0
56678 0.000000 0
56685 0.000000 0
56692 0.000000 0
56700 0.000000 0
56708 0.092738 0
56715 0.336029 0
56722 0.343333 0
56730 0.181255 0
56738 0.000000 0
56745 0.147718 0
56752 0.148087 0
56760 0.000000 0
56768 0.000000 0
56775 0.000000 0
56782 0.000000 0
56790 0.000000 0
56798 0.000000 0
56805 0.000000 0
56812 0.000000 0
56820 0.000000 0
56828 0.000000 0
56835 0.094703 0
56842 0.235130 0
56850 0.345230 0
56858 0.196293 0
56865 0.000000 0
56872 0.000000 0
56880 0.195587 0
56888 0.137386 0
56895 0.000000 0
56902 0.000000 0
56910 0.000000 0
56918 0.000000 0
56925 0.000000 0
56932 0.000000 0
56940 0.000000 0
56948 0.000000 0
56955 0.245580 0
56962 0.052308 0
56970 0.090404 0
56978 0.000000 0
56985 0.121763 0
56992 0.212326 0
57000 0.129460 0
57008 0.000000 0
57015 0.000000 0
57022 0.165635 0
57030 0.000000 0
57038 0.000000 0
57045 0.102916 0
57052 0.014703 0
57060 0.000000 0
57068 0.000000 0
57075 0.207247 0
57082 0.351056 0
57090 0.394787 0
57098 0.000000 0
57105 0.000000 0
57112 0.154221 0
57120 0.000000 0
57128 0.000000 0
57135 0.223363 0
57142 0.000000 0
57150 0.000000 0
57158 0.000000 0
57165 0.000000 0
57172 0.000000 0
57180 0.111003 0
57188 0.384678 0
57195 0.398806 0
57202 0.000000 0
57210 0.000000 0
57218 0.290377 0
57225 0.208522 0
57232 0.000000 0
57240 0.000000 0
57248 0.000000 0
57255 0.000000 0
57262 0.000000 0
57270 0.000000 0
57278 0.206162 0
57285 0.000000 0
57292 0.000000 0
57300 0.240976 0
57308 0.000000 0
57315 0.070276 0
57322 0.260392 0
57330 0.243810 0
57338 0.096888 0
57345 0.176808 0
57352 0.060319 0
57360 0.000000 0
57368 0.000000 0
57375 0.148797 0
57382 0.000000 0
57390 0.000000 0
57398 0.000000 0
57405 0.000000 0
57412 0.000000 0
57420 0.000000 0
57428 0.405718 0
57435 0.200822 0
57442 0.000000 0
57450 0.000000 0
57458 0.137209 0
57465 0.112101 0
57472 0.000000 0
57480 0.000000 0
57488 0.000000 0
57495 0.051976 0
57502 0.000000 0
57510 0.000000 0
57518 0.000000 0
57525 0.000000 0
57532 0.269412 0
57540 0.000000 0
57548 0.000000 0
57555 0.298396 0
57562 0.236049 0
57570 0.000000 0
57578 0.237292 0
57585 0.000000 0
57592 0.000000 0
57600 0.000000 0
57608 0.153309 0
57615 0.000000 0
57622 0.096278 0
57630 0.000000 0
57638 0.000000 0
57645 0.000000 0
57652 0.067056 0
57660 0.480096 0
57668 0.408597 0
57675 0.178044 0
57682 0.000000 0
57690 0.165682 0
57698 0.085876 0
57705 0.000000 0
57712 0.000000 0
57720 0.000000 0
57728 0.121980 0
57735 0.000000 0
57742 0.000000 0
57750 0.000000 0
57758 0.000000 0
57765 0.000000 0
57772 0.000000 0
57780 0.000000 0
57788 0.000000 0
57795 0.281615 0
57802 0.176472 0
57810 0.076429 0
57818 0.226784 0
57825 0.000000 0
57832 0.000000 0
57840 0.058003 0
57848 0.000000 0
57855 0.000000 0
57862 0.057737 0
57870 0.000000 0
57878 0.127592 0
57885 0.000000 0
57892 0.000000 0
57900 0.253710 0
57908 0.208311 0
57915 0.000000 0
57922 0.071019 0
57930 0.121143 0
57938 0.000000 0
57945 0.000000 0
57952 0.041993 0
57960 0.000000 0
57968 0.064798 0
57975 0.000000 0
57982 0.000000 0
57990 0.047135 0
57998 0.000000 0
58005 0.000000 0
58012 0.000000 0
58020 0.201893 0
58028 0.379287 0
58035 0.261215 0
58042 0.115008 0
58050 0.000000 0
58058 0.166943 0
58065 0.182945 0
58072 0.148637 0
58080 0.002201 0
58088 0.000000 0
58095 0.000000 0
58102 0.000000 0
58110 0.000000 0
58118 0.123894 0
58125 0.254220 0
58132 0.423925 0
58140 0.409763 0
58148 0.000000 0
58155 0.000000 0
58162 0.180314 0
58170 0.239240 0
58178 0.000000 0
58185 0.000000 0
58192 0.000000 0
58200 0.061864 0
58208 0.064146 0
58215 0.000000 0
58222 0.000000 0
58230 0.000000 0
58238 0.000000 0
58245 0.000000 0
58252 0.189282 0
58260 0.289578 0
58268 0.165278 0
58275 0.112237 0
58282 0.106956 0
58290 0.049762 0
58298 0.000000 0
58305 0.000000 0
58312 0.068184 0
58320 0.255300 0
58328 0.000000 0
58335 0.000000 0
58342 0.065632 0
58350 0.000000 0
58358 0.000000 0
58365 0.000000 0
58372 0.216776 0
58380 0.190430 0
58388 0.097095 0
58395 0.186743 0
58402 0.000000 0
58410 0.000000 0
58418 0.180571 0
58425 0.000000 0
58432 0.000000 0
58440 0.000000 0
58448 0.104381 0
58455 0.000000 0
58462 0.000000 0
58470 0.000000 0
58478 0.000000 0
58485 0.000000 0
58492 0.283883 0
58500 0.380981 0
58508 0.233411 0
58515 0.000000 0
58522 0.000000 0
58530 0.186152 0
58538 0.000000 0
58545 0.000000 0
58552 0.000000 0
58560 0.000000 0
58568 0.000000 0
58575 0.040605 0
58582 0.000000 0
58590 0.000000 0
58598 0.114687 0
58605 0.398835 0
58612 0.368302 0
58620 0.127438 0
58628 0.077754 0
58635 0.241904 0
58642 0.127709 0
58650 0.000000 0
58658 0.000000 0
58665 0.000000 0
58672 0.000000 0
58680 0.000000 0
58688 0.058760 0
58695 0.000000 0
58702 0.000000 0
58710 0.050520 0
58718 0.000000 0
58725 0.000000 0
58732 0.223315 0
58740 0.223006 0
58748 0.152084 0
58755 0.000000 0
58762 0.143816 0
58770 0.167008 0
58778 0.000000 0
58785 0.141604 0
58792 0.000000 0
58800 0.000000 0
58808 0.000000 0
58815 0.000000 0
58822 0.000000 0
58830 0.000000 0
58838 0.000000 0
58845 0.274183 0
58852 0.248910 0
58860 0.000000 0
58868 0.000000 0
58875 0.000000 0
58882 0.000000 0
58890 0.000000 0
58898 0.159365 0
58905 0.143244 0
58912 0.077212 0
58920 0.000000 0
58928 0.000000 0
58935 0.000000 0
58942 0.000000 0
58950 0.000000 0
58958 0.000000 0
58965 0.000000 0
58972 0.357611 0
58980 0.108500 0
58988 0.000000 0
58995 0.141197 0
59002 0.114739 0
59010 0.069052 0
59018 0.227685 0
59025 0.000000 0
59032 0.000000 0
59040 0.082013 0
59048 0.000000 0
59055 0.000000 0
59062 0.000000 0
59070 0.000000 0
59078 0.481130 0
59085 0.373833 0
59092 0.000000 0
59100 0.118010 0
59108 0.135217 0
59115 0.169633 0
59122 0.000000 0
59130 0.000000 0
59138 0.000000 0
59145 0.000000 0
59152 0.000000 0
59160 0.000000 0
59168 0.090247 0
59175 0.022961 0
59182 0.000000 0
59190 0.000000 0
59198 0.201368 0
59205 0.000000 0
59212 0.224130 0
59220 0.159523 0
59228 0.000000 0
59235 0.220443 0
59242 0.000000 0
59250 0.134983 0
59258 0.000000 0
59265 0.000000 0
59272 0.000000 0
59280 0.000000 0
59288 0.000000 0
59295 0.000000 0
59302 0.000000 0
59310 0.226959 0
59318 0.337402 0
59325 0.241221 0
59332 0.000000 0
59340 0.113785 0
59348 0.100859 0
59355 0.000000 0
59362 0.000000 0
59370 0.000000 0
59378 0.000000 0
59385 0.232600 0
59392 0.000000 0
59400 0.000000 0
59408 0.134198 0
59415 0.000000 0
59422 0.000000 0
59430 0.173765 0
59438 0.157514 0
59445 0.327002 0
59452 0.143569 0
59460 0.000000 0
59468 0.202314 0
59475 0.215396 0
59482 0.000000 0
59490 0.000000 0
59498 0.000000 0
59505 0.000000 0
59512 0.000000 0
59520 0.000000 0
59528 0.000000 0
59535 0.000000 0
59542 0.237216 0
59550 0.501687 0
59558 0.292010 0
59565 0.110106 0
59572 0.172407 0
59580 0.179970 0
59588 0.000000 0
59595 0.000000 0
59602 0.000000 0
59610 0.191726 0
59618 0.000000 0
59625 0.000000 0
59632 0.070637 0
59640 0.000000 0
59648 0.000000 0
59655 0.000000 0
59662 0.141687 0
59670 0.000000 0
59678 0.208939 0
59685 0.348070 0
59692 0.000000 0
59700 0.000000 0
59708 0.167028 0
59715 0.130669 0
59722 0.000000 0
59730 0.000000 0
59738 0.000000 0
59745 0.000000 0
59752 0.000000 0
59760 0.112877 0
59768 0.000000 0
59775 0.000000 0
59782 0.122636 0
59790 0.315223 0
59798 0.228277 0
59805 0.000000 0
59812 0.000000 0
59820 0.000000 0
59828 0.000000 0
59835 0.118792 0
59842 0.000000 0
59850 0.000000 0
59858 0.000000 0
59865 0.000000 0
59872 0.000000 0
59880 0.000000 0
59888 0.085000 0
59895 0.000000 0
59902 0.000000 0
59910 0.214308 0
59918 0.400609 0
59925 0.281975 0
59932 0.132674 0
59940 0.000000 0
59948 0.000000 0
59955 0.000000 0
59962 0.000000 0
59970 0.071475 0
59978 0.000000 0
59985 0.000000 0
59992 0.000000 0
60000 0.101608 0
60008 0.107717 0
60015 0.158480 0
60022 0.340736 0
60030 0.398269 0
60038 0.282444 0
60045 0.000000 0
60052 0.000000 0
60060 0.137842 0
60068 0.000000 0
60075 0.000000 0
60082 0.000000 0
60090 0.000000 0
60098 0.000000 0
60105 0.000000 0
60112 0.081275 0
60120 0.000000 0
60128 0.000000 0
60135 0.032747 0
60142 0.146594 0
60150 0.025095 0
60158 0.000000 0
60165 0.156565 0
60172 0.000000 0
60180 0.114739 0
60188 0.142237 0
60195 0.050461 0
60202 0.122787 0
60210 0.000000 0
60218 0.000000 0
60225 0.000000 0
60232 0.000000 0
60240 0.091193 0
60248 0.000000 0
60255 0.365737 0
60262 0.475131 0
60270 0.282679 0
60278 0.000000 0
60285 0.000000 0
60292 0.188044 0
60300 0.000000 0
60308 0.000000 0
60315 0.000000 0
60322 0.156867 0
60330 0.000000 0
60338 0.000000 0
60345 0.085245 0
60352 0.000000 0
60360 0.041369 0
60368 0.000000 0
60375 0.131587 0
60382 0.206480 0
60390 0.269372 0
60398 0.135917 0
60405 0.000000 0
60412 0.000000 0
60420 0.110561 0
60428 0.093959 0
60435 0.000000 0
60442 0.228581 0
60450 0.000000 0
60458 0.000000 0
60465 0.000000 0
60472 0.000000 0
60480 0.106080 0
60488 0.210196 0
60495 0.342912 0
60502 0.338056 0
60510 0.000000 0
60518 0.000000 0
60525 0.000000 0
60532 0.220612 0
60540 0.000000 0
60548 0.000000 0
60555 0.000000 0
60562 0.000000 0
60570 0.000000 0
60578 0.000000 0
60585 0.000000 0
60592 0.000000 0
60600 0.000000 0
60608 0.122485 0
60615 0.147102 0
60622 0.267818 0
60630 0.263121 0
60638 0.000000 0
60645 0.000000 0
60652 0.000000 0
60660 0.000000 0
60668 0.000000 0
60675 0.000000 0
60682 0.000000 0
60690 0.191360 0
60698 0.000000 0
60705 0.000000 0
60712 0.000000 0
60720 0.000000 0
60728 0.290493 0
60735 0.484342 0
60742 0.237252 0
60750 0.000000 0
60758 0.014429 0
60765 0.201897 0
60772 0.000000 0
60780 0.000000 0
60788 0.000000 0
60795 0.000000 0
60802 0.000000 0
60810 0.000000 0
60818 0.000000 0
60825 0.000000 0
60832 0.087254 0
60840 0.000000 0
60848 0.124877 0
60855 0.268133 0
60862 0.126220 0
60870 0.267941 0
60878 0.000000 0
60885 0.000000 0
60892 0.000000 0
60900 0.227587 0
60908 0.106238 0
60915 0.069005 0
60922 0.000000 0
60930 0.000000 0
60938 0.000000 0
60945 0.000000 0
60952 0.000000 0
60960 0.000000 0
60968 0.372473 0
60975 0.355497 0
60982 0.146474 0
60990 0.126195 0
60998 0.107918 0
61005 0.117182 0
61012 0.023068 0
61020 0.000000 0
61028 0.048209 0
61035 0.000000 0
61042 0.000000 0
61050 0.000000 0
61058 0.000000 0
61065 0.220120 0
61072 0.000000 0
61080 0.046833 0
61088 0.140547 0
61095 0.246287 0
61102 0.252101 0
61110 0.000000 0
61118 0.000000 0
61125 0.161461 0
61132 0.000000 0
61140 0.000000 0
61148 0.147041 0
61155 0.000000 0
61162 0.000000 0
61170 0.000000 0
61178 0.000000 0
61185 0.000000 0
61192 0.000000 0
61200 0.302624 0
61208 0.446612 0
61215 0.336015 0
61222 0.168463 0
61230 0.000000 0
61238 0.000000 0
61245 0.103498 0
61252 0.000000 0
61260 0.000000 0
61268 0.000000 0
61275 0.000000 0
61282 0.000000 0
61290 0.000000 0
61298 0.000000 0
61305 0.000000 0
61312 0.000000 0
61320 0.000000 0
61328 0.047264 0
61335 0.304537 0
61342 0.243316 0
61350 0.000000 0
61358 0.225842 0
61365 0.116437 0
61372 0.000000 0
61380 0.000000 0
61388 0.233014 0
61395 0.000000 0
61402 0.000000 0
61410 0.132040 0
61418 0.000000 0
61425 0.000000 0
61432 0.234590 0
61440 0.408081 0
61448 0.344389 0
61455 0.000000 0
61462 0.135852 0
61470 0.150295 0
61478 0.157204 0
61485 0.000000 0
61492 0.000000 0
61500 0.000000 0
61508 0.151829 0
61515 0.000000 0
61522 0.000000 0
61530 0.000000 0
61538 0.000000 0
61545 0.079245 0
61552 0.000000 0
61560 0.062408 0
61568 0.257879 0
61575 0.106993 0
61582 0.000000 0
61590 0.000000 0
61598 0.000000 0
61605 0.252933 0
61612 0.000000 0
61620 0.120725 0
61628 0.000000 0
61635 0.176342 0
61642 0.000000 0
61650 0.000000 0
61658 0.000000 0
61665 0.073734 0
61672 0.346103 0
61680 0.442229 0
61688 0.180762 0
61695 0.000000 0
61702 0.058116 0
61710 0.223648 0
61718 0.000000 0
61725 0.000000 0
61732 0.000000 0
61740 0.000000 0
61748 0.000000 0
61755 0.000000 0
61762 0.000000 0
61770 0.000000 0
61778 0.000000 0
61785 0.077265 0
61792 0.154424 0
61800 0.144691 0
61808 0.253334 0
61815 0.145628 0
61822 0.000000 0
61830 0.152037 0
61838 0.164916 0
61845 0.078429 0
61852 0.000000 0
61860 0.000000 0
61868 0.137434 0
61875 0.123260 0
61882 0.000000 0
61890 0.000000 0
61898 0.000000 0
61905 0.011940 0
61912 0.408766 0
61920 0.418026 0
61928 0.044129 0
61935 0.000000 0
61942 0.107991 0
61950 0.111205 0
61958 0.000000 0
61965 0.000000 0
61972 0.000000 0
61980 0.000000 0
61988 0.000000 0
61995 0.000000 0
62002 0.000000 0
62010 0.038518 0
62018 0.081616 0
62025 0.000000 0
62032 0.259221 0
62040 0.083982 0
62048 0.216586 0
62055 0.000000 0
62062 0.119183 0
62070 0.156563 0
62078 0.000000 0
62085 0.000000 0
62092 0.000000 0
62100 0.000000 0
62108 0.206929 0
62115 0.000000 0
62122 0.000000 0
62130 0.000000 0
62138 0.046306 0
62145 0.225787 0
62152 0.472077 0
62160 0.215454 0
62168 0.000000 0
62175 0.123883 0
62182 0.024861 0
62190 0.000000 0
62198 0.000000 0
62205 0.000000 0
62212 0.000000 0
62220 0.000000 0
62228 0.000000 0
62235 0.000000 0
62242 0.000000 0
62250 0.000000 0
62258 0.000000 0
62265 0.000000 0
62272 0.086748 0
62280 0.345101 0
62288 0.297906 0
62295 0.158279 0
62302 0.000000 0
62310 0.000000 0
62318 0.144537 0
62325 0.099900 0
62332 0.187812 0
62340 0.000000 0
62348 0.000000 0
62355 0.000000 0
62362 0.000000 0
62370 0.000000 0
62378 0.144121 0
62385 0.535532 0
62392 0.329425 0
62400 0.000000 0
62408 0.215469 0
62415 0.160632 0
62422 0.000000 0
62430 0.000000 0
62438 0.000000 0
62445 0.000000 0
62452 0.127221 0
62460 0.000000 0
62468 0.000000 0
62475 0.000000 0
62482 0.000000 0
62490 0.000000 0
62498 0.000000 0
62505 0.070928 0
62512 0.233411 0
62520 0.227606 0
62528 0.000000 0
62535 0.000000 0
62542 0.000000 0
62550 0.119018 0
62558 0.000000 0
62565 0.055707 0
62572 0.126291 0
62580 0.000000 0
62588 0.000000 0
62595 0.000000 0
62602 0.000000 0
62610 0.000000 0
62618 0.282846 0
62625 0.489989 0
62632 0.161019 0
62640 0.251057 0
62648 0.172570 0
62655 0.000000 0
62662 0.000000 0
62670 0.000000 0
62678 0.000000 0
62685 0.000000 0
62692 0.000000 0
62700 0.000000 0
62708 0.000000 0
62715 0.000000 0
62722 0.000000 0
62730 0.000000 0
62738 0.000000 0
62745 0.104695 0
62752 0.366868 0
62760 0.105470 0
62768 0.000000 0
62775 0.074310 0
62782 0.020169 0
62790 0.000000 0
62798 0.076937 0
62805 0.195265 0
62812 0.000000 0
62820 0.000000 0
62828 0.000000 0
62835 0.000000 0
62842 0.062784 0
62850 0.138088 0
62858 0.489146 0
62865 0.390488 0
62872 0.108064 0
62880 0.000000 0
62888 0.222819 0
62895 0.000000 0
62902 0.000000 0
62910 0.000000 0
62918 0.000000 0
62925 0.000000 0
62932 0.000000 0
62940 0.089089 0
62948 0.000000 0
62955 0.000000 0
62962 0.000000 0
62970 0.161241 0
62978 0.147702 0
62985 0.227024 0
62992 0.270507 0
63000 0.000000 0
63008 0.000000 0
63015 0.000000 0
63022 0.000000 0
63030 0.163335 0
63038 0.000000 0
63045 0.000000 0
63052 0.000000 0
63060 0.174980 0
63068 0.000000 0
63075 0.000000 0
63082 0.168563 0
63090 0.339992 0
63098 0.472356 0
63105 0.287956 0
63112 0.000000 0
63120 0.000000 0
63128 0.000000 0
63135 0.080377 0
63142 0.000000 0
63150 0.000000 0
63158 0.000000 0
63165 0.000000 0
63172 0.000000 0
63180 0.000000 0
63188 0.000000 0
63195 0.000000 0
63202 0.061562 0
63210 0.000000 0
63218 0.257473 0
63225 0.276262 0
63232 0.147959 0
63240 0.000000 0
63248 0.192247 0
63255 0.135961 0
63262 0.065888 0
63270 0.000000 0
63278 0.000000 0
63285 0.000000 0
63292 0.000000 0
63300 0.000000 0
63308 0.000000 0
63315 0.000000 0
63322 0.000000 0
63330 0.478505 0
63338 0.414832 0
63345 0.000000 0
63352 0.000000 0
63360 0.308525 0
63368 0.118732 0
63375 0.000000 0
63382 0.000000 0
63390 0.000000 0
63398 0.000000 0
63405 0.000000 0
63412 0.000000 0
63420 0.000000 0
63428 0.000000 0
63435 0.034020 0
63442 0.100690 0
63450 0.095390 0
63458 0.240490 0
63465 0.271508 0
63472 0.000000 0
63480 0.000000 0
63488 0.049430 0
63495 0.000000 0
63502 0.174315 0
63510 0.000000 0
63518 0.000000 0
63525 0.114777 0
63532 0.000000 0
63540 0.000000 0
63548 0.203430 0
63555 0.111936 0
63562 0.223543 0
63570 0.442122 0
63578 0.194533 0
63585 0.000000 0
63592 0.000000 0
63600 0.108347 0
63608 0.100940 0
63615 0.000000 0
63622 0.000000 0
63630 0.000000 0
63638 0.000000 0
63645 0.000000 0
63652 0.000000 0
63660 0.133751 0
63668 0.000000 0
63675 0.000000 0
63682 0.110687 0
63690 0.225065 0
63698 0.266166 0
63705 0.206075 0
63712 0.000000 0
63720 0.228085 0
63728 0.125303 0
63735 0.000000 0
63742 0.000000 0
63750 0.116930 0
63758 0.104928 0
63765 0.095261 0
63772 0.000000 0
63780 0.000000 0
63788 0.000000 0
63795 0.141029 0
63802 0.447227 0
63810 0.389926 0
63818 0.053826 0
63825 0.050353 0
63832 0.199737 0
63840 0.000000 0
63848 0.000000 0
63855 0.000000 0
63862 0.000000 0
63870 0.104421 0
63878 0.000000 0
63885 0.000000 0
63892 0.000000 0
63900 0.000000 0
63908 0.000000 0
63915 0.000000 0
63922 0.000000 0
63930 0.253316 0
63938 0.250178 0
63945 0.000000 0
63952 0.000000 0
63960 0.000000 0
63968 0.000000 0
63975 0.110242 0
63982 0.000000 0
63990 0.045788 0
63998 0.081706 0
64005 0.000000 0
64012 0.000000 0
64020 0.000000 0
64028 0.061465 0
64035 0.290492 0
64042 0.471107 0
64050 0.253084 0
64058 0.000000 0
64065 0.047696 0
64072 0.082328 0
64080 0.000000 0
64088 0.000000 0
64095 0.000000 0
64102 0.000000 0
64110 0.000000 0
64118 0.026898 0
64125 0.142030 0
64132 0.000000 0
64140 0.000000 0
64148 0.109116 0
64155 0.000000 0
64162 0.207929 0
64170 0.310793 0
64178 0.000000 0
64185 0.000000 0
64192 0.000000 0
64200 0.000000 0
64208 0.000000 0
64215 0.232259 0
64222 0.262083 0
64230 0.000000 0
64238 0.000000 0
64245 0.133347 0
64252 0.000000 0
64260 0.000000 0
64268 0.314931 0
64275 0.483223 0
64282 0.285115 0
64290 0.000000 0
64298 0.000000 0
64305 0.146505 0
64312 0.150044 0
64320 0.000000 0
64328 0.000000 0
64335 0.000000 0
64342 0.000000 0
64350 0.000000 0
64358 0.125911 0
64365 0.000000 0
64372 0.000000 0
64380 0.000000 0
64388 0.000000 0
64395 0.176060 0
64402 0.285545 0
64410 0.314863 0
64418 0.135258 0
64425 0.105530 0
64432 0.017842 0
64440 0.000000 0
64448 0.000000 0
64455 0.000000 0
64462 0.000000 0
64470 0.000000 0
64478 0.000000 0
64485 0.091936 0
64492 0.000000 0
64500 0.000000 0
64508 0.153741 0
64515 0.453425 0
64522 0.245863 0
64530 0.000000 0
64538 0.048766 0
64545 0.084571 0
64552 0.131196 0
64560 0.000000 0
64568 0.000000 0
64575 0.000000 0
64582 0.000000 0
64590 0.080842 0
64598 0.000000 0
64605 0.000000 0
64612 0.000000 0
64620 0.000000 0
64628 0.000000 0
64635 0.399842 0
64642 0.476709 0
64650 0.307967 0
64658 0.000000 0
64665 0.000000 0
64672 0.175993 0
64680 0.000000 0
64688 0.000000 0
64695 0.000000 0
64702 0.000000 0
64710 0.000000 0
64718 0.000000 0
64725 0.103177 0
64732 0.000000 0
64740 0.038532 0
64748 0.385875 0
64755 0.384346 0
64762 0.187493 0
64770 0.000000 0
64778 0.000000 0
64785 0.096912 0
64792 0.000000 0
64800 0.000000 0
64808 0.156241 0
64815 0.000000 0
64822 0.000000 0
64830 0.000000 0
64838 0.000000 0
64845 0.000000 0
64852 0.000000 0
64860 0.000000 0
64868 0.168719 0
64875 0.370071 0
64882 0.318350 0
64890 0.066513 0
64898 0.000000 0
64905 0.000000 0
64912 0.000000 0
64920 0.000000 0
64928 0.000000 0
64935 0.000000 0
64942 0.000000 0
64950 0.000000 0
64958 0.000000 0
64965 0.000000 0
64972 0.000000 0
64980 0.346491 0
64988 0.421779 0
64995 0.026609 0
65002 0.000000 0
65010 0.235222 0
65018 0.215558 0
65025 0.000000 0
65032 0.000000 0
65040 0.000000 0
65048 0.000000 0
65055 0.000000 0
65062 0.000000 0
65070 0.177219 0
65078 0.000000 0
65085 0.000000 0
65092 0.129097 0
65100 0.000000 0
65108 0.309415 0
65115 0.452561 0
65122 0.231235 0
65130 0.000000 0
65138 0.183340 0
65145 0.017009 0
65152 0.000000 0
65160 0.000000 0
65168 0.000000 0
65175 0.000000 0
65182 0.000000 0
65190 0.000000 0
65198 0.000000 0
65205 0.000000 0
65212 0.191721 0
65220 0.500543 0
65228 0.369498 0
65235 0.034547 0
65242 0.000000 0
65250 0.156138 0
65258 0.059314 0
65265 0.000000 0
65272 0.000000 0
65280 0.122821 0
65288 0.171888 0
65295 0.000000 0
65302 0.000000 0
65310 0.000000 0
65318 0.000000 0
65325 0.000000 0
65332 0.181257 0
65340 0.287160 0
65348 0.366603 0
65355 0.389557 0
65362 0.000000 0
65370 0.000000 0
65378 0.000000 0
65385 0.059531 0
65392 0.000000 0
65400 0.000000 0
65408 0.000000 0
65415 0.000000 0
65422 0.000000 0
65430 0.000000 0
65438 0.000000 0
65445 0.000000 0
65452 0.381366 0
65460 0.423387 0
65468 0.217213 0
65475 0.069237 0
65482 0.000000 0
65490 0.093659 0
65498 0.130776 0
65505 0.000000 0
65512 0.000000 0
65520 0.197622 0
65528 0.000000 0
65535 0.000000 0
65542 0.059747 0
65550 0.000000 0
65558 0.000000 0
65565 0.000000 0
65572 0.000000 0
65580 0.295834 0
65588 0.477518 0
65595 0.239921 0
65602 0.000000 0
65610 0.000000 0
65618 0.000000 0
65625 0.000000 0
65632 0.000000 0
65640 0.000000 0
65648 0.000000 0
65655 0.000000 0
65662 0.000000 0
65670 0.000000 0
65678 0.000000 0
65685 0.000000 0
65692 0.507883 0
65700 0.406090 0
65708 0.143268 0
65715 0.000000 0
65722 0.200822 0
65730 0.274351 0
65738 0.000000 0
65745 0.000000 0
65752 0.000000 0
65760 0.000000 0
65768 0.000000 0
65775 0.000000 0
65782 0.000000 0
65790 0.000000 0
65798 0.279708 0
65805 0.111186 0
65812 0.000000 0
65820 0.470067 0
65828 0.382180 0
65835 0.000000 0
65842 0.000000 0
65850 0.156870 0
65858 0.084189 0
65865 0.000000 0
65872 0.000000 0
65880 0.000000 0
65888 0.000000 0
65895 0.000000 0
65902 0.000000 0
65910 0.000000 0
65918 0.000000 0
65925 0.307625 0
65932 0.492813 0
65940 0.159621 0
65948 0.000000 0
65955 0.146595 0
65962 0.000000 0
65970 0.000000 0
65978 0.000000 0
65985 0.000000 0
65992 0.000000 0
66000 0.000000 0
66008 0.071556 0
66015 0.000000 0
66022 0.000000 0
66030 0.149531 0
66038 0.154298 0
66045 0.000000 0
66052 0.374936 0
66060 0.537110 0
66068 0.000000 0
66075 0.000000 0
66082 0.000000 0
66090 0.171496 0
66098 0.000000 0
66105 0.000000 0
66112 0.000000 0
66120 0.000000 0
66128 0.000000 0
66135 0.000000 0
66142 0.000000 0
66150 0.161362 0
66158 0.000000 0
66165 0.481662 0
66172 0.364544 0
66180 0.000000 0
66188 0.218466 0
66195 0.183444 0
66202 0.000000 0
66210 0.000000 0
66218 0.000000 0
66225 0.075996 0
66232 0.167545 0
66240 0.106793 0
66248 0.116115 0
66255 0.000000 0
66262 0.094451 0
66270 0.000000 0
66278 0.000000 0
66285 0.100858 0
66292 0.219758 0
66300 0.226063 0
66308 0.000000 0
66315 0.167705 0
66322 0.227544 0
66330 0.100938 0
66338 0.000000 0
66345 0.000000 0
66352 0.105133 0
66360 0.071560 0
66368 0.171180 0
66375 0.104365 0
66382 0.000000 0
66390 0.000000 0
66398 0.000000 0
66405 0.317190 0
66412 0.111073 0
66420 0.077609 0
66428 0.078751 0
66435 0.189354 0
66442 0.198092 0
66450 0.000000 0
66458 0.000000 0
66465 0.234845 0
66472 0.000000 0
66480 0.079154 0
66488 0.000000 0
66495 0.000000 0
66502 0.000000 0
66510 0.000000 0
66518 0.000000 0
66525 0.185803 0
66532 0.381809 0
66540 0.286117 0
66548 0.000000 0
66555 0.072512 0
66562 0.132545 0
66570 0.065118 0
66578 0.000000 0
66585 0.217137 0
66592 0.101514 0
66600 0.117819 0
66608 0.000000 0
66615 0.000000 0
66622 0.000000 0
66630 0.000000 0
66638 0.172441 0
66645 0.350948 0
66652 0.000000 0
66660 0.000000 0
66668 0.174331 0
66675 0.000000 0
66682 0.000000 0
66690 0.000000 0
66698 0.234320 0
66705 0.000000 0
66712 0.000000 0
66720 0.089172 0
66728 0.282040 0
66735 0.137009 0
66742 0.000000 0
66750 0.000000 0
66758 0.000000 0
66765 0.327399 0
66772 0.290727 0
66780 0.160058 0
66788 0.000000 0
66795 0.077677 0
66802 0.000000 0
66810 0.000000 0
66818 0.000000 0
66825 0.000000 0
66832 0.000000 0
66840 0.000000 0
66848 0.000000 0
66855 0.100048 0
66862 0.000000 0
66870 0.000000 0
66878 0.256661 0
66885 0.166665 0
66892 0.000000 0
66900 0.130858 0
66908 0.283562 0
66915 0.034893 0
66922 0.000000 0
66930 0.000000 0
66938 0.227535 0
66945 0.000000 0
66952 0.000000 0
66960 0.113147 0
66968 0.201731 0
66975 0.000000 0
66982 0.000000 0
66990 0.000000 0
66998 0.000000 0
67005 0.372531 0
67012 0.243569 0
67020 0.000000 0
67028 0.000000 0
67035 0.000000 0
67042 0.000000 0
67050 0.000000 0
67058 0.174597 0
67065 0.000000 0
67072 0.179225 0
67080 0.139784 0
67088 0.059239 0
67095 0.000000 0
67102 0.000000 0
67110 0.262781 0
67118 0.337986 0
67125 0.000000 0
67132 0.109135 0
67140 0.161179 0
67148 0.000000 0
67155 0.000000 0
67162 0.000000 0
67170 0.102268 0
67178 0.147833 0
67185 0.089112 0
67192 0.000000 0
67200 0.000000 0
67208 0.000000 0
67215 0.000000 0
67222 0.000000 0
67230 0.000000 0
67238 0.365016 0
67245 0.259810 0
67252 0.185955 0
67260 0.000000 0
67268 0.000000 0
67275 0.000000 0
67282 0.123657 0
67290 0.161056 0
67298 0.000000 0
67305 0.000000 0
67312 0.000000 0
67320 0.121579 0
67328 0.000000 0
67335 0.000000 0
67342 0.000000 0
67350 0.176981 0
67358 0.000000 0
67365 0.201278 0
67372 0.164319 0
67380 0.117822 0
67388 0.000000 0
67395 0.000000 0
67402 0.135014 0
67410 0.171088 0
67418 0.000000 0
67425 0.000000 0
67432 0.255667 0
67440 0.167779 0
67448 0.000000 0
67455 0.000000 0
67462 0.000000 0
67470 0.276028 0
67478 0.334263 0
67485 0.110939 0
67492 0.000000 0
67500 0.000000 0
67508 0.309744 0
67515 0.171820 0
67522 0.000000 0
67530 0.085370 0
67538 0.000000 0
67545 0.000000 0
67552 0.000000 0
67560 0.000000 0
67568 0.000000 0
67575 0.000000 0
67582 0.000000 0
67590 0.000000 0
67598 0.000000 0
67605 0.000000 0
67612 0.000000 0
67620 0.133526 0
67628 0.043361 0
67635 0.000000 0
67642 0.000000 0
67650 0.000000 0
67658 0.000000 0
67665 0.000000 0
67672 0.000000 0
67680 0.000000 0
67688 0.126872 0
67695 0.000000 0
67702 0.000000 0
67710 0.206284 0
67718 0.000000 0
67725 0.000000 0
67732 0.000000 0
67740 0.000000 0
67748 0.143472 0
67755 0.000000 0
67762 0.000000 0
67770 0.248663 0
67778 0.000000 0
67785 0.000000 0
67792 0.000000 0
67800 0.000000 0
67808 0.000000 0
67815 0.000000 0
67822 0.000000 0
67830 0.000000 0
67838 0.000000 0
67845 0.000000 0
67852 0.000000 0
67860 0.130136 0
67868 0.000000 0
67875 0.000000 0
67882 0.000000 0
67890 0.000000 1
67898 0.078178 1
67905 0.000000 1
67912 0.000000 1
67920 0.000000 1
67928 0.000000 1
67935 0.000000 1
67942 0.000000 1
67950 0.000000 1
67958 0.000000 1
67965 0.000000 1
67972 0.000000 1
67980 0.000000 1
67988 0.000000 1
67995 0.000000 1
68002 0.000000 1
68010 0.000000 1
68018 0.000000 1
68025 0.000000 1
68032 0.000000 1
68040 0.000000 0
68048 1.000000 0
68055 1.000000 0
68062 0.578966 0
68070 0.000000 0
68078 0.000000 0
68085 0.000000 0
68092 0.000000 0
68100 0.223400 0
68108 0.000000 0
68115 0.000000 0
68122 0.252948 0
68130 0.000000 0
68138 0.082838 0
68145 0.000000 0
68152 0.000000 0
68160 0.000000 0
68168 0.206537 0
68175 0.222731 0
68182 0.230960 0
68190 0.361916 0
68198 0.000000 0
68205 0.327331 0
68212 0.136941 0
68220 0.099207 0
68228 0.249185 0
68235 0.000000 0
68242 0.000000 0
68250 0.000000 0
68258 0.173691 0
68265 0.226294 0
68272 0.000000 0
68280 0.000000 0
68288 0.000000 0
68295 0.000000 0
68302 0.000000 0
68310 0.086443 0
68318 0.000000 0
68325 0.000000 0
68332 0.000000 0
68340 0.187965 0
68348 0.000000 0
68355 0.000000 0
68362 0.000000 0
68370 0.000000 0
68378 0.000000 0
68385 0.000000 0
68392 0.130181 0
68400 0.168215 0
68408 0.000000 0
68415 0.162258 0
68422 0.000000 0
68430 0.000000 0
68438 0.000000 0
68445 0.141657 0
68452 0.082122 0
68460 0.000000 0
68468 0.101912 0
68475 0.126073 0
68482 0.000000 0
68490 0.048708 0
68498 0.000000 0
68505 0.078292 0
68512 0.000000 0
68520 0.000000 0
68528 0.945926 0
68535 0.578573 0
68542 0.000000 0
68550 0.000000 0
68558 0.000000 0
68565 0.000000 0
68572 0.111540 0
68580 0.000000 0
68588 0.000000 0
68595 0.139625 0
68602 0.000000 0
68610 0.000000 0
68618 0.000000 0
68625 0.130573 0
68632 0.205362 0
68640 0.000000 0
68648 0.065765 0
68655 0.189505 0
68662 0.204481 0
68670 0.215889 0
68678 0.298456 0
68685 0.361975 0
68692 0.000000 0
68700 0.000000 0
68708 0.000000 0
68715 0.112862 0
68722 0.235119 0
68730 0.000000 0
68738 0.116305 0
68745 0.193414 0
68752 0.219655 0
68760 0.145532 0
68768 0.000000 0
68775 0.000000 0
68782 0.000000 0
68790 0.126546 0
68798 0.153304 0
68805 0.238269 0
68812 0.218703 0
68820 0.000000 0
68828 0.113967 0
68835 0.000000 0
68842 0.120924 0
68850 0.223406 0
68858 0.144624 0
68865 0.000000 0
68872 0.000000 0
68880 0.000000 0
68888 0.071173 0
68895 0.078523 0
68902 0.000000 0
68910 0.000000 0
68918 0.000000 0
68925 0.000000 0
68932 0.000000 0
68940 0.000000 0
68948 0.000000 0
68955 0.000000 0
68962 0.000000 0
68970 0.220539 0
68978 0.198551 0
68985 0.000000 0
68992 0.000000 0
69000 0.818162 0
69008 0.548525 0
69015 0.000000 0
69022 0.000000 0
69030 0.000000 0
69038 0.000000 0
69045 0.416065 0
69052 0.000000 0
69060 0.000000 0
69068 0.343618 0
69075 0.000000 0
69082 0.000000 0
69090 0.157676 0
69098 0.000000 0
69105 0.411078 0
69112 0.000000 0
69120 0.125210 0
69128 0.480878 0
69135 0.000000 0
69142 0.000000 0
69150 0.088920 0
69158 0.000000 0
69165 0.427163 0
69172 0.000000 0
69180 0.000000 0
69188 0.481819 0
69195 0.000000 0
69202 0.000000 0
69210 0.392584 0
69218 0.000000 0
69225 0.000000 0
69232 0.284850 0
69240 0.000000 0
69248 0.000000 0
69255 0.177024 0
69262 0.000000 0
69270 0.000000 0
69278 0.000000 0
69285 0.000000 0
69292 0.185660 0
69300 0.000000 0
69308 0.000000 0
69315 0.113957 0
69322 0.000000 0
69330 0.000000 0
69338 0.000000 0
69345 0.353214 0
69352 0.333980 0
69360 0.000000 0
69368 0.000000 0
69375 0.000000 0
69382 0.000000 0
69390 0.152759 0
69398 0.000000 0
69405 0.000000 0
69412 0.252757 0
69420 0.140061 0
69428 0.000000 0
69435 0.000000 0
69442 0.202936 0
69450 0.000000 0
69458 0.000000 0
69465 0.000000 0
69472 1.000000 0
69480 0.558713 0
69488 0.000000 0
69495 0.000000 0
69502 0.000000 0
69510 0.000000 0
69518 0.000000 0
69525 0.000000 0
69532 0.000000 0
69540 0.000000 0
69548 0.000000 0
69555 0.000000 0
69562 0.176329 0
69570 0.000000 0
69578 0.057309 0
69585 0.181235 0
69592 0.155614 0
69600 0.484486 0
69608 0.332177 0
69615 0.000000 0
69622 0.392580 0
69630 0.000000 0
69638 0.000000 0
69645 0.250789 0
69652 0.053301 0
69660 0.000000 0
69668 0.000000 0
69675 0.336407 0
69682 0.000000 0
69690 0.000000 0
69698 0.268538 0
69705 0.000000 0
69712 0.000000 0
69720 0.393789 0
69728 0.000000 0
69735 0.000000 0
69742 0.035400 0
69750 0.000000 0
69758 0.000000 0
69765 0.000000 0
69772 0.000000 0
69780 0.475148 0
69788 0.000000 0
69795 0.000000 0
69802 0.042623 0
69810 0.000000 0
69818 0.436400 0
69825 0.000000 0
69832 0.000000 0
69840 0.000000 0
69848 0.000000 0
69855 0.214974 0
69862 0.369916 0
69870 0.000000 0
69878 0.164077 0
69885 0.296713 0
69892 0.000000 0
69900 0.254739 0
69908 0.202293 0
69915 0.000000 0
69922 0.355489 0
69930 0.000000 0
69938 0.000000 0
69945 0.987025 0
69952 0.544755 0
69960 0.000000 0
69968 0.000000 0
69975 0.000000 0
69982 0.000000 0
69990 0.000000 0
69998 0.000000 0
70005 0.296934 0
70012 0.000000 0
70020 0.000000 0
70028 0.149917 0
70035 0.000000 0
70042 0.158076 0
70050 0.000000 0
70058 0.000000 0
70065 0.247216 0
70072 0.093883 0
70080 0.263049 0
70088 0.289451 0
70095 0.000000 0
70102 0.290574 0
70110 0.106545 0
70118 0.070004 0
70125 0.000000 0
70132 0.000000 0
70140 0.000000 0
70148 0.166571 0
70155 0.000000 0
70162 0.000000 0
70170 0.137104 0
70178 0.310905 0
70185 0.313375 0
70192 0.000000 0
70200 0.000000 0
70208 0.073242 0
70215 0.147005 0
70222 0.000000 0
70230 0.000000 0
70238 0.000000 0
70245 0.000000 0
70252 0.000000 0
70260 0.000000 0
70268 0.000000 0
70275 0.000000 0
70282 0.200904 0
70290 0.000000 0
70298 0.075134 0
70305 0.120932 0
70312 0.000000 0
70320 0.332735 0
70328 0.000000 0
70335 0.000000 0
70342 0.474782 0
70350 0.000000 0
70358 0.000000 0
70365 0.471144 0
70372 0.000000 0
70380 0.000000 0
70388 0.178039 0
70395 0.000000 0
70402 0.186495 0
70410 0.177297 0
70418 1.000000 0
70425 0.538164 0
70432 0.000000 0
70440 0.000000 0
70448 0.000000 0
70455 0.000000 0
70462 0.362620 0
70470 0.000000 0
70478 0.000000 0
70485 0.309858 0
70492 0.000000 0
70500 0.000000 0
70508 0.301765 0
70515 0.000000 0
70522 0.310109 0
70530 0.000000 0
70538 0.077193 0
70545 0.478002 0
70552 0.000000 0
70560 0.000000 0
70568 0.506195 0
70575 0.000000 0
70582 0.000000 0
70590 0.340129 0
70598 0.000000 0
70605 0.310322 0
70612 0.000000 0
70620 0.000000 0
70628 0.455138 0
70635 0.000000 0
70642 0.000000 0
70650 0.228592 0
70658 0.000000 0
70665 0.000000 0
70672 0.172231 0
70680 0.016448 0
70688 0.000000 0
70695 0.213960 0
70702 0.000000 0
70710 0.000000 0
70718 0.080491 0
70725 0.000000 0
70732 0.150732 0
70740 0.000000 0
70748 0.000000 0
70755 0.000000 0
70762 0.098274 0
70770 0.000000 0
70778 0.000000 0
70785 0.000000 0
70792 0.000000 0
70800 0.000000 0
70808 0.000000 0
70815 0.000000 0
70822 0.000000 0
70830 0.000000 0
70838 0.000000 0
70845 0.090474 0
70852 0.055509 0
70860 0.000000 0
70868 0.000000 0
70875 0.000000 0
70882 0.248167 0
70890 0.906718 0
70898 0.516678 0
70905 0.000000 0
70912 0.000000 0
70920 0.000000 0
70928 0.000000 0
70935 0.201994 0
70942 0.000000 0
70950 0.142725 0
70958 0.268060 0
70965 0.190671 0
70972 0.251706 0
70980 0.000000 0
70988 0.157503 0
70995 0.000000 0
71002 0.000000 0
71010 0.294657 0
71018 0.047478 0
71025 0.102693 0
71032 0.350078 0
71040 0.000000 0
71048 0.171891 0
71055 0.000000 0
71062 0.242270 0
71070 0.000000 0
71078 0.000000 0
71085 0.287986 0
71092 0.000000 0
71100 0.097368 0
71108 0.000000 0
71115 0.000000 0
71122 0.158561 0
71130 0.000000 0
71138 0.000000 0
71145 0.000000 0
71152 0.226915 0
71160 0.000000 0
71168 0.248861 0
71175 0.031477 0
71182 0.000000 0
71190 0.000000 0
71198 0.000000 0
71205 0.169568 0
71212 0.000000 0
71220 0.000000 0
71228 0.000000 0
71235 0.267871 0
71242 0.000000 0
71250 0.229388 0
71258 0.222163 0
71265 0.000000 0
71272 0.000000 0
71280 0.000000 0
71288 0.000000 0
71295 0.334476 0
71302 0.208728 0
71310 0.000000 0
71318 0.000000 0
71325 0.000000 0
71332 0.000000 0
71340 0.000000 0
71348 0.000000 0
71355 0.000000 0
71362 1.000000 0
71370 0.547026 0
71378 0.000000 0
71385 0.000000 0
71392 0.000000 0
71400 0.000000 0
71408 0.134426 0
71415 0.000000 0
71422 0.000000 0
71430 0.000000 0
71438 0.000000 0
71445 0.000000 0
71452 0.000000 0
71460 0.196228 0
71468 0.285416 0
71475 0.097923 0
71482 0.000000 0
71490 0.234499 0
71498 0.275120 0
71505 0.239988 0
71512 0.196960 0
71520 0.201764 0
71528 0.000000 0
71535 0.105021 0
71542 0.057522 0
71550 0.098657 0
71558 0.158789 0
71565 0.000000 0
71572 0.000000 0
71580 0.065098 0
71588 0.000000 0
71595 0.500729 0
71602 0.666997 0
71610 0.000000 0
71618 0.000000 0
71625 0.000000 0
71632 0.000000 0
71640 0.243776 0
71648 0.079002 0
71655 0.000000 0
71662 0.062643 0
71670 0.235919 0
71678 0.000000 0
71685 0.000000 0
71692 0.096324 0
71700 0.000000 0
71708 0.000000 0
71715 0.000000 0
71722 0.042253 0
71730 0.000000 0
71738 0.174747 0
71745 0.000000 0
71752 0.000000 0
71760 0.163502 0
71768 0.182388 0
71775 0.179449 0
71782 0.187683 0
71790 0.000000 0
71798 0.000000 0
71805 0.098626 0
71812 0.169229 0
71820 0.000000 0
71828 0.000000 0
71835 0.430894 0
71842 0.466555 0
71850 0.000000 0
71858 0.000000 0
71865 0.000000 0
71872 0.000000 0
71880 0.070834 0
71888 0.142506 0
71895 0.000000 0
71902 0.268749 0
71910 0.078191 0
71918 0.000000 0
71925 0.134399 0
71932 0.000000 0
71940 0.000000 0
71948 0.000000 0
71955 0.191732 0
71962 0.133934 0
71970 0.207403 0
71978 0.292901 0
71985 0.277019 0
71992 0.000000 0
72000 0.237451 0
72008 0.000000 0
72015 0.202379 0
72022 0.268347 0
72030 0.000000 0
72038 0.153123 0
72045 0.000000 0
72052 0.000000 0
72060 0.000000 0
72068 0.272933 0
72075 0.301166 0
72082 0.000000 0
72090 0.248889 0
72098 0.000000 0
72105 0.000000 0
72112 0.000000 0
72120 0.000000 0
72128 0.000000 0
72135 0.290996 0
72142 0.000000 0
72150 0.000000 0
72158 0.000000 0
72165 0.000000 0
72172 0.280393 0
72180 0.000000 0
72188 0.265466 0
72195 0.000000 0
72202 0.000000 0
72210 0.000000 0
72218 0.000000 0
72225 0.000000 0
72232 0.000000 0
72240 0.143592 0
72248 0.000000 0
72255 0.000000 0
72262 0.000000 0
72270 0.000000 0
72278 0.112193 0
72285 0.088122 0
72292 0.000000 0
72300 0.000000 0
72308 0.982248 0
72315 0.514239 0
72322 0.000000 0
72330 0.000000 0
72338 0.000000 0
72345 0.000000 0
72352 0.000000 0
72360 0.000000 0
72368 0.000000 0
72375 0.064922 0
72382 0.000000 0
72390 0.000000 0
72398 0.000000 0
72405 0.279841 0
72412 0.115131 0
72420 0.198105 0
72428 0.092733 0
72435 0.176856 0
72442 0.250485 0
72450 0.182610 0
72458 0.186111 0
72465 0.000000 0
72472 0.000000 0
72480 0.000000 0
72488 0.000000 0
72495 0.000000 0
72502 0.251587 0
72510 0.170689 0
72518 0.000000 0
72525 0.000000 0
72532 0.000000 0
72540 0.000000 0
72548 0.134768 0
72555 0.000000 0
72562 0.000000 0
72570 0.000000 0
72578 0.000000 0
72585 0.176387 0
72592 0.262505 0
72600 0.162020 0
72608 0.090191 0
72615 0.000000 0
72622 0.000000 0
72630 0.000000 0
72638 0.000000 0
72645 0.000000 0
72652 0.000000 0
72660 0.153416 0
72668 0.348554 0
72675 0.042085 0
72682 0.000000 0
72690 0.000000 0
72698 0.000000 0
72705 0.000000 0
72712 0.063720 0
72720 0.170796 0
72728 0.000000 0
72735 0.000000 0
72742 0.257476 0
72750 0.000000 0
72758 0.000000 0
72765 0.075310 0
72772 0.000000 0
72780 0.687956 0
72788 0.497987 0
72795 0.000000 0
72802 0.000000 0
72810 0.000000 0
72818 0.000000 0
72825 0.224391 0
72832 0.250794 0
72840 0.000000 0
72848 0.000000 0
72855 0.000000 0
72862 0.163235 0
72870 0.000000 0
72878 0.000000 0
72885 0.000000 0
72892 0.000000 0
72900 0.219299 0
72908 0.367613 0
72915 0.281923 0
72922 0.000000 0
72930 0.342630 0
72938 0.000000 0
72945 0.000000 0
72952 0.387443 0
72960 0.000000 0
72968 0.000000 0
72975 0.000000 0
72982 0.000000 0
72990 0.111710 0
72998 0.000000 0
73005 0.000000 0
73012 0.000000 0
73020 0.031437 0
73028 0.357435 0
73035 0.000000 0
73042 0.229904 0
73050 0.276289 0
73058 0.000000 0
73065 0.000000 0
73072 0.090806 0
73080 0.000000 0
73088 0.205944 0
73095 0.000000 0
73102 0.000000 0
73110 0.361181 0
73118 0.000000 0
73125 0.000000 0
73132 0.000000 0
73140 0.000000 0
73148 0.179577 0
73155 0.000000 0
73162 0.000000 0
73170 0.337435 0
73178 0.000000 0
73185 0.324479 0
73192 0.350412 0
73200 0.000000 0
73208 0.195565 0
73215 0.224896 0
73222 0.000000 0
73230 0.239117 0
73238 0.000000 0
73245 0.000000 0
73252 1.000000 0
73260 0.524212 0
73268 0.000000 0
73275 0.000000 0
73282 0.000000 0
73290 0.000000 0
73298 0.000000 0
73305 0.000000 0
73312 0.082120 0
73320 0.000000 0
73328 0.145512 0
73335 0.311939 0
73342 0.000000 0
73350 0.335655 0
73358 0.170581 0
73365 0.000000 0
73372 0.515315 0
73380 0.000000 0
73388 0.000000 0
73395 0.428515 0
73402 0.000000 0
73410 0.036812 0
73418 0.294508 0
73425 0.000000 0
73432 0.238041 0
73440 0.136403 0
73448 0.000000 0
73455 0.000000 0
73462 0.165311 0
73470 0.193868 0
73478 0.134320 0
73485 0.000000 0
73492 0.000000 0
73500 0.000000 0
73508 0.000000 0
73515 0.000000 0
73522 0.000000 0
73530 0.000000 0
73538 0.000000 0
73545 0.000000 0
73552 0.000000 0
73560 0.116206 0
73568 0.000000 0
73575 0.000000 0
73582 0.246283 0
73590 0.000000 0
73598 0.000000 0
73605 0.366272 0
73612 0.000000 0
73620 0.000000 0
73628 0.244642 0
73635 0.000000 0
73642 0.000000 0
73650 0.307341 0
73658 0.000000 0
73665 0.000000 0
73672 0.404083 0
73680 0.000000 0
73688 0.000000 0
73695 0.264507 0
73702 0.000000 0
73710 0.058698 0
73718 0.359062 0
73725 0.999980 0
73732 0.512813 0
73740 0.000000 0
73748 0.000000 0
73755 0.000000 0
73762 0.000000 0
73770 0.281847 0
73778 0.000000 0
73785 0.000000 0
73792 0.389432 0
73800 0.000000 0
73808 0.000000 0
73815 0.391718 0
73822 0.000000 0
73830 0.000000 0
73838 0.328073 0
73845 0.000000 0
73852 0.449039 0
73860 0.000000 0
73868 0.000000 0
73875 0.448298 0
73882 0.000000 0
73890 0.000000 0
73898 0.329854 0
73905 0.000000 0
73912 0.267799 0
73920 0.000000 0
73928 0.000000 0
73935 0.431697 0
73942 0.000000 0
73950 0.000000 0
73958 0.406450 0
73965 0.000000 0
73972 0.000000 0
73980 0.260950 0
73988 0.000000 0
73995 0.367936 0
74002 0.201963 0
74010 0.000000 0
74018 0.114268 0
74025 0.000000 0
74032 0.000000 0
74040 0.186655 0
74048 0.000000 0
74055 0.120248 0
74062 0.006939 0
74070 0.000000 0
74078 0.161098 0
74085 0.115172 0
74092 0.000000 0
74100 0.410495 0
74108 0.148734 0
74115 0.000000 0
74122 0.321493 0
74130 0.000000 0
74138 0.000000 0
74145 0.319174 0
74152 0.000000 0
74160 0.000000 0
74168 0.186651 0
74175 0.000000 0
74182 0.206319 0
74190 0.069595 0
74198 1.000000 0
74205 0.497327 0
74212 0.000000 0
74220 0.000000 0
74228 0.000000 0
74235 0.000000 0
74242 0.000000 0
74250 0.000000 0
74258 0.000000 0
74265 0.138116 0
74272 0.000000 0
74280 0.000000 0
74288 0.206716 0
74295 0.000000 0
74302 0.000000 0
74310 0.041226 0
74318 0.077564 0
74325 0.361727 0
74332 0.248130 0
74340 0.260314 0
74348 0.276879 0
74355 0.000000 0
74362 0.053818 0
74370 0.286476 0
74378 0.000000 0
74385 0.000000 0
74392 0.269298 0
74400 0.000000 0
74408 0.000000 0
74415 0.000000 0
74422 0.000000 0
74430 0.328914 0
74438 0.212924 0
74445 0.000000 0
74452 0.000000 0
74460 0.000000 0
74468 0.000000 0
74475 0.147438 0
74482 0.205511 0
74490 0.000000 0
74498 0.000000 0
74505 0.000000 0
74512 0.000000 0
74520 0.204137 0
74528 0.000000 0
74535 0.000000 0
74542 0.000000 0
74550 0.286643 0
74558 0.000000 0
74565 0.000000 0
74572 0.000000 0
74580 0.000000 0
74588 0.000000 0
74595 0.000000 0
74602 0.000000 0
74610 0.301012 0
74618 0.126540 0
74625 0.202729 0
74632 0.000000 0
74640 0.000000 0
74648 0.000000 0
74655 0.000000 0
74662 0.274543 0
74670 0.969681 0
74678 0.499961 0
74685 0.000000 0
74692 0.000000 0
74700 0.000000 0
74708 0.000000 0
74715 0.000000 0
74722 0.000000 0
74730 0.000000 0
74738 0.000000 0
74745 0.000000 0
74752 0.127303 0
74760 0.047730 0
74768 0.000000 0
74775 0.311953 0
74782 0.000000 0
74790 0.392015 0
74798 0.000000 0
74805 0.189271 0
74812 0.242807 0
74820 0.094852 0
74828 0.290994 0
74835 0.022467 0
74842 0.231056 0
74850 0.000000 0
74858 0.000000 0
74865 0.050559 0
74872 0.000000 0
74880 0.000000 0
74888 0.114438 0
74895 0.067879 0
74902 0.062074 0
74910 0.000000 0
74918 0.000000 0
74925 0.000000 0
74932 0.000000 0
74940 0.256410 0
74948 0.000000 0
74955 0.000000 0
74962 0.000000 0
74970 0.000000 0
74978 0.052946 0
74985 0.000000 0
74992 0.070452 0
75000 0.000000 0
75008 0.141952 0
75015 0.000000 0
75022 0.144287 0
75030 0.000000 0
75038 0.000000 0
75045 0.000000 0
75052 0.000000 0
75060 0.000000 0
75068 0.000000 0
75075 0.033799 0
75082 0.248836 0
75090 0.167588 0
75098 0.144621 0
75105 0.000000 0
75112 0.000000 0
75120 0.000000 0
75128 0.000000 0
75135 0.237225 0
75142 1.000000 0
75150 0.495026 0
75158 0.000000 0
75165 0.000000 0
75172 0.000000 0
75180 0.000000 0
75188 0.000000 0
75195 0.000000 0
75202 0.126718 0
75210 0.184618 0
75218 0.267271 0
75225 0.000000 0
75232 0.000000 0
75240 0.171024 0
75248 0.190645 0
75255 0.127718 0
75262 0.252766 0
75270 0.111762 0
75278 0.194817 0
75285 0.000000 0
75292 0.175317 0
75300 0.097365 0
75308 0.000000 0
75315 0.000000 0
75322 0.000000 0
75330 0.000000 0
75338 0.000000 0
75345 0.000000 0
75352 0.000000 0
75360 0.102678 0
75368 0.256139 0
75375 0.278925 0
75382 0.314357 0
75390 0.268406 0
75398 0.000000 0
75405 0.000000 0
75412 0.000000 0
75420 0.000000 0
75428 0.000000 0
75435 0.000000 0
75442 0.000000 0
75450 0.000000 0
75458 0.000000 0
75465 0.000000 0
75472 0.000000 0
75480 0.000000 0
75488 0.172965 0
75495 0.000000 0
75502 0.000000 0
75510 0.000000 0
75518 0.000000 0
75525 0.000000 0
75532 0.000000 0
75540 0.000000 0
75548 0.362402 0
75555 0.194100 0
75562 0.000000 0
75570 0.000000 0
75578 0.000000 0
75585 0.171020 0
75592 0.000000 0
75600 0.000000 0
75608 0.000000 0
75615 0.863949 0
75622 0.417001 0
75630 0.000000 0
75638 0.000000 0
75645 0.000000 0
75652 0.000000 0
75660 0.000000 0
75668 0.000000 0
75675 0.000000 0
75682 0.000000 0
75690 0.285856 0
75698 0.000000 0
75705 0.000000 0
75712 0.248342 0
75720 0.000000 0
75728 0.208751 0
75735 0.000000 0
75742 0.349118 0
75750 0.196920 0
75758 0.364336 0
75765 0.317430 0
75772 0.000000 0
75780 0.000000 0
75788 0.053820 0
75795 0.000000 0
75802 0.262881 0
75810 0.000000 0
75818 0.000000 0
75825 0.000000 0
75832 0.000000 0
75840 0.000000 0
75848 0.000000 0
75855 0.129962 0
75862 0.000000 0
75870 0.000000 0
75878 0.180705 0
75885 0.000000 0
75892 0.118501 0
75900 0.000000 0
75908 0.000000 0
75915 0.203687 0
75922 0.000000 0
75930 0.128982 0
75938 0.000000 0
75945 0.111859 0
75952 0.000000 0
75960 0.000000 0
75968 0.000000 0
75975 0.125311 0
75982 0.000000 0
75990 0.000000 0
75998 0.174608 0
76005 0.127770 0
76012 0.338159 0
76020 0.000000 0
76028 0.000000 0
76035 0.124522 0
76042 0.278612 0
76050 0.000000 0
76058 0.000000 0
76065 0.000000 0
76072 0.106007 0
76080 0.000000 0
76088 0.978813 0
76095 0.470553 0
76102 0.000000 0
76110 0.000000 0
76118 0.000000 0
76125 0.000000 0
76132 0.061770 0
76140 0.000000 0
76148 0.033248 0
76155 0.187045 0
76162 0.000000 0
76170 0.058188 0
76178 0.205858 0
76185 0.000000 0
76192 0.149838 0
76200 0.105429 0
76208 0.073023 0
76215 0.000000 0
76222 0.000000 0
76230 0.000000 0
76238 0.000000 0
76245 0.000000 0
76252 0.093147 0
76260 0.069692 0
76268 0.000000 0
76275 0.125307 0
76282 0.000000 0
76290 0.175930 0
76298 0.054756 0
76305 0.316100 0
76312 0.132716 0
76320 0.241581 0
76328 0.077888 0
76335 0.191483 0
76342 0.070751 0
76350 0.000000 0
76358 0.000000 0
76365 0.197013 0
76372 0.000000 0
76380 0.000000 0
76388 0.000000 0
76395 0.153270 0
76402 0.140984 0
76410 0.000000 0
76418 0.169999 0
76425 0.000000 0
76432 0.000000 0
76440 0.232742 0
76448 0.000000 0
76455 0.000000 0
76462 0.000000 0
76470 0.000000 0
76478 0.000000 0
76485 0.000000 0
76492 0.221074 0
76500 0.181990 0
76508 0.103510 0
76515 0.258251 0
76522 0.000000 0
76530 0.000000 0
76538 0.000000 0
76545 0.000000 0
76552 0.065048 0
76560 0.759863 0
76568 0.441983 0
76575 0.000000 0
76582 0.000000 0
76590 0.000000 0
76598 0.000000 0
76605 0.000000 0
76612 0.253748 0
76620 0.200184 0
76628 0.000000 0
76635 0.229077 0
76642 0.000000 0
76650 0.000000 0
76658 0.261680 0
76665 0.000000 0
76672 0.000000 0
76680 0.369681 0
76688 0.000000 0
76695 0.451969 0
76702 0.270510 0
76710 0.000000 0
76718 0.380537 0
76725 0.216054 0
76732 0.000000 0
76740 0.397164 0
76748 0.000000 0
76755 0.000000 0
76762 0.215565 0
76770 0.000000 0
76778 0.000000 0
76785 0.000000 0
76792 0.000000 0
76800 0.202648 0
76808 0.000000 0
76815 0.000000 0
76822 0.089131 0
76830 0.000000 0
76838 0.000000 0
76845 0.000000 0
76852 0.000000 0
76860 0.000000 0
76868 0.000000 0
76875 0.000000 0
76882 0.000000 0
76890 0.000000 0
76898 0.260514 0
76905 0.184189 0
76912 0.177601 0
76920 0.287640 0
76928 0.117844 0
76935 0.173213 0
76942 0.000000 0
76950 0.202518 0
76958 0.165258 0
76965 0.000000 0
76972 0.248634 0
76980 0.192349 0
76988 0.000000 0
76995 0.211496 0
77002 0.000000 0
77010 0.000000 0
77018 0.000000 0
77025 0.193329 0
77032 1.000000 0
77040 0.466622 0
77048 0.000000 0
77055 0.000000 0
77062 0.000000 0
77070 0.000000 0
77078 0.142364 0
77085 0.000000 0
77092 0.147608 0
77100 0.249462 0
77108 0.000000 0
77115 0.225928 0
77122 0.000000 0
77130 0.000000 0
77138 0.172587 0
77145 0.000000 0
77152 0.385651 0
77160 0.484372 0
77168 0.000000 0
77175 0.261253 0
77182 0.359205 0
77190 0.000000 0
77198 0.231634 0
77205 0.260999 0
77212 0.000000 0
77220 0.311152 0
77228 0.000000 0
77235 0.000000 0
77242 0.383545 0
77250 0.000000 0
77258 0.233403 0
77265 0.097993 0
77272 0.000000 0
77280 0.418141 0
77288 0.000000 0
77295 0.000000 0
77302 0.435496 0
77310 0.000000 0
77318 0.000000 0
77325 0.426113 0
77332 0.000000 0
77340 0.000000 0
77348 0.000000 0
77355 0.000000 0
77362 0.327731 0
77370 0.000000 0
77378 0.000000 0
77385 0.363319 0
77392 0.000000 0
77400 0.000000 0
77408 0.139265 0
77415 0.000000 0
77422 0.000000 0
77430 0.195543 0
77438 0.000000 0
77445 0.215397 0
77452 0.000000 0
77460 0.000000 0
77468 0.401212 0
77475 0.110894 0
77482 0.073214 0
77490 0.257970 0
77498 0.269440 0
77505 0.899824 0
77512 0.446225 0
77520 0.000000 0
77528 0.000000 0
77535 0.000000 0
77542 0.000000 0
77550 0.132771 0
77558 0.000000 0
77565 0.000000 0
77572 0.000000 0
77580 0.000000 0
77588 0.163522 0
77595 0.000000 0
77602 0.000000 0
77610 0.211292 0
77618 0.000000 0
77625 0.000000 0
77632 0.413313 0
77640 0.000000 0
77648 0.212090 0
77655 0.319750 0
77662 0.028498 0
77670 0.371368 0
77678 0.246972 0
77685 0.000000 0
77692 0.297375 0
77700 0.187382 0
77708 0.000000 0
77715 0.295468 0
77722 0.000000 0
77730 0.000000 0
77738 0.313271 0
77745 0.000000 0
77752 0.000000 0
77760 0.223261 0
77768 0.000000 0
77775 0.057017 0
77782 0.000000 0
77790 0.000000 0
77798 0.000000 0
77805 0.000000 0
77812 0.000000 0
77820 0.000000 0
77828 0.000000 0
77835 0.320211 0
77842 0.000000 0
77850 0.000000 0
77858 0.416215 0
77865 0.000000 0
77872 0.000000 0
77880 0.175646 0
77888 0.000000 0
77895 0.151089 0
77902 0.000000 0
77910 0.000000 0
77918 0.272468 0
77925 0.000000 0
77932 0.193767 0
77940 0.000000 0
77948 0.000000 0
77955 0.282036 0
77962 0.000000 0
77970 0.197207 0
77978 1.000000 0
77985 0.450438 0
77992 0.000000 0
78000 0.000000 0
78008 0.000000 0
78015 0.000000 0
78022 0.000000 0
78030 0.000000 0
78038 0.150575 0
78045 0.000000 0
78052 0.000000 0
78060 0.253618 0
78068 0.000000 0
78075 0.250971 0
78082 0.000000 0
78090 0.000000 0
78098 0.000000 0
78105 0.000000 0
78112 0.477870 0
78120 0.347623 0
78128 0.000000 0
78135 0.171509 0
78142 0.000000 0
78150 0.000000 0
78158 0.231204 0
78165 0.000000 0
78172 0.000000 0
78180 0.370543 0
78188 0.000000 0
78195 0.262895 0
78202 0.313118 0
78210 0.000000 0
78218 0.242322 0
78225 0.000000 0
78232 0.112566 0
78240 0.000000 0
78248 0.000000 0
78255 0.000000 0
78262 0.162958 0
78270 0.188441 0
78278 0.141057 0
78285 0.204513 0
78292 0.000000 0
78300 0.000000 0
78308 0.000000 0
78315 0.000000 0
78322 0.103319 0
78330 0.000000 0
78338 0.000000 0
78345 0.000000 0
78352 0.242287 0
78360 0.000000 0
78368 0.000000 0
78375 0.000000 0
78382 0.000000 0
78390 0.000000 0
78398 0.000000 0
78405 0.000000 0
78412 0.000000 0
78420 0.000000 0
78428 0.000000 0
78435 0.000000 0
78442 0.462450 0
78450 1.000000 0
78458 0.447208 0
78465 0.000000 0
78472 0.000000 0
78480 0.000000 0
78488 0.000000 0
78495 0.000000 0
78502 0.269471 0
78510 0.218698 0
78518 0.000000 0
78525 0.223828 0
78532 0.000000 0
78540 0.000000 0
78548 0.222335 0
78555 0.152046 0
78562 0.281867 0
78570 0.126709 0
78578 0.349664 0
78585 0.000000 0
78592 0.109425 0
78600 0.000000 0
78608 0.000000 0
78615 0.072768 0
78622 0.000000 0
78630 0.000000 0
78638 0.057126 0
78645 0.359000 0
78652 0.000000 0
78660 0.000000 0
78668 0.000000 0
78675 0.000000 0
78682 0.347343 0
78690 0.000000 0
78698 0.338385 0
78705 0.000000 0
78712 0.000000 0
78720 0.000000 0
78728 0.000000 0
78735 0.196141 0
78742 0.000000 0
78750 0.176932 0
78758 0.000000 0
78765 0.000000 0
78772 0.000000 0
78780 0.000000 0
78788 0.000000 0
78795 0.167739 0
78802 0.000000 0
78810 0.000000 0
78818 0.000000 0
78825 0.000000 0
78832 0.085999 0
78840 0.000000 0
78848 0.000000 0
78855 0.133262 0
78862 0.000000 0
78870 0.050295 0
78878 0.152977 0
78885 0.000000 0
78892 0.000000 0
78900 0.000000 0
78908 0.000000 0
78915 0.000000 0
78922 0.997048 0
78930 0.442189 0
78938 0.000000 0
78945 0.000000 0
78952 0.000000 0
78960 0.000000 0
78968 0.203866 0
78975 0.000000 0
78982 0.000000 0
78990 0.000000 0
78998 0.000000 0
79005 0.000000 0
79012 0.000000 0
79020 0.000000 0
79028 0.000000 0
79035 0.138977 0
79042 0.276854 0
79050 0.366531 0
79058 0.433814 0
79065 0.181263 0
79072 0.122282 0
79080 0.159165 0
79088 0.000000 0
79095 0.126711 0
79102 0.222734 0
79110 0.218125 0
79118 0.000000 0
79125 0.000000 0
79132 0.000000 0
79140 0.000000 0
79148 0.000000 0
79155 0.654682 0
79162 0.684681 0
79170 0.000000 0
79178 0.000000 0
79185 0.000000 0
79192 0.126377 0
79200 0.000000 0
79208 0.000000 0
79215 0.000000 0
79222 0.210677 0
79230 0.000000 0
79238 0.324052 0
79245 0.326743 0
79252 0.229210 0
79260 0.083026 0
79268 0.000000 0
79275 0.000000 0
79282 0.089830 0
79290 0.122277 0
79298 0.000000 0
79305 0.000000 0
79312 0.000000 0
79320 0.194898 0
79328 0.000000 0
79335 0.057295 0
79342 0.000000 0
79350 0.049355 0
79358 0.255448 0
79365 0.000000 0
79372 0.000000 0
79380 0.000000 0
79388 0.000000 0
79395 0.495053 0
79402 0.374824 0
79410 0.000000 0
79418 0.000000 0
79425 0.000000 0
79432 0.000000 0
79440 0.000000 0
79448 0.000000 0
79455 0.192433 0
79462 0.000000 0
79470 0.000000 0
79478 0.318311 0
79485 0.000000 0
79492 0.000000 0
79500 0.488510 0
79508 0.000000 0
79515 0.000000 0
79522 0.580104 0
79530 0.000000 0
79538 0.000000 0
79545 0.405932 0
79552 0.341886 0
79560 0.000000 0
79568 0.491892 0
79575 0.237136 0
79582 0.000000 0
79590 0.283980 0
79598 0.395804 0
79605 0.000000 0
79612 0.000000 0
79620 0.380875 0
79628 0.000000 0
79635 0.000000 0
79642 0.329557 0
79650 0.000000 0
79658 0.087357 0
79665 0.276120 0
79672 0.000000 0
79680 0.000000 0
79688 0.172608 0
79695 0.000000 0
79702 0.000000 0
79710 0.451439 0
79718 0.000000 0
79725 0.000000 0
79732 0.476385 0
79740 0.000000 0
79748 0.000000 0
79755 0.159188 0
79762 0.179425 0
79770 0.433256 0
79778 0.135052 0
79785 0.000000 0
79792 0.000000 0
79800 0.000000 0
79808 0.000000 0
79815 0.000000 0
79822 0.000000 0
79830 0.000000 0
79838 0.000000 0
79845 0.000000 0
79852 0.000000 0
79860 0.381686 0
79868 1.000000 0
79875 0.427518 0
79882 0.000000 0
79890 0.000000 0
79898 0.000000 0
79905 0.000000 0
79912 0.364668 0
79920 0.112456 0
79928 0.210798 0
79935 0.000000 0
79942 0.000000 0
79950 0.113558 0
79958 0.128614 0
79965 0.123301 0
79972 0.133751 0
79980 0.000000 0
79988 0.000000 0
79995 0.000000 0
80002 0.238422 0
80010 0.161783 0
80018 0.000000 0
80025 0.000000 0
80032 0.139497 0
80040 0.000000 0
80048 0.000000 0
80055 0.000000 0
80062 0.068024 0
80070 0.000000 0
80078 0.223597 0
80085 0.309532 0
80092 0.238307 0
80100 0.268663 0
80108 0.000000 0
80115 0.000000 0
80122 0.000000 0
80130 0.000000 0
80138 0.209768 0
80145 0.153032 0
80152 0.000000 0
80160 0.000000 0
80168 0.000000 0
80175 0.000000 0
80182 0.000000 0
80190 0.000000 0
80198 0.000000 0
80205 0.000000 0
80212 0.000000 0
80220 0.312516 0
80228 0.000000 0
80235 0.000000 0
80242 0.279709 0
80250 0.000000 0
80258 0.000000 0
80265 0.000000 0
80272 0.000000 0
80280 0.193492 0
80288 0.000000 0
80295 0.000000 0
80302 0.189822 0
80310 0.033546 0
80318 0.000000 0
80325 0.000000 0
80332 0.108745 0
80340 0.874206 0
80348 0.391140 0
80355 0.000000 0
80362 0.000000 0
80370 0.000000 0
80378 0.000000 0
80385 0.000000 0
80392 0.000000 0
80400 0.231137 0
80408 0.000000 0
80415 0.000000 0
80422 0.000000 0
80430 0.000000 0
80438 0.131261 0
80445 0.000000 0
80452 0.000000 0
80460 0.292891 0
80468 0.112150 0
80475 0.231113 0
80482 0.252098 0
80490 0.234291 0
80498 0.000000 0
80505 0.088001 0
80512 0.068791 0
80520 0.176708 0
80528 0.095052 0
80535 0.000000 0
80542 0.200012 0
80550 0.130641 0
80558 0.000000 0
80565 0.179509 0
80572 0.169394 0
80580 0.000000 0
80588 0.190991 0
80595 0.235903 0
80602 0.000000 0
80610 0.000000 0
80618 0.320855 0
80625 0.000000 0
80632 0.000000 0
80640 0.312577 0
80648 0.000000 0
80655 0.000000 0
80662 0.165819 0
80670 0.187383 0
80678 0.000000 0
80685 0.231759 0
80692 0.000000 0
80700 0.000000 0
80708 0.386631 0
80715 0.000000 0
80722 0.000000 0
80730 0.297464 0
80738 0.000000 0
80745 0.000000 0
80752 0.336604 0
80760 0.000000 0
80768 0.000000 0
80775 0.440670 0
80782 0.000000 0
80790 0.000000 0
80798 0.000000 0
80805 0.734851 0
80812 1.000000 0
80820 0.409330 0
80828 0.000000 0
80835 0.000000 0
80842 0.000000 0
80850 0.000000 0
80858 0.000000 0
80865 0.419687 0
80872 0.251442 0
80880 0.000000 0
80888 0.187685 0
80895 0.414842 0
80902 0.000000 0
80910 0.000000 0
80918 0.351886 0
80925 0.000000 0
80932 0.282985 0
80940 0.355732 0
80948 0.000000 0
80955 0.000000 0
80962 0.376830 0
80970 0.000000 0
80978 0.000000 0
80985 0.312336 0
80992 0.000000 0
81000 0.126329 0
81008 0.357432 0
81015 0.000000 0
81022 0.000000 0
81030 0.385266 0
81038 0.000000 0
81045 0.000000 0
81052 0.241441 0
81060 0.029768 0
81068 0.000000 0
81075 0.203750 0
81082 0.141241 0
81090 0.000000 0
81098 0.233215 0
81105 0.000000 0
81112 0.000000 0
81120 0.336176 0
81128 0.131646 0
81135 0.000000 0
81142 0.170765 0
81150 0.296889 0
81158 0.000000 0
81165 0.039074 0
81172 0.319345 0
81180 0.000000 0
81188 0.000000 0
81195 0.356601 0
81202 0.000000 0
81210 0.000000 0
81218 0.117854 0
81225 0.147949 0
81232 0.000000 0
81240 0.167330 0
81248 0.115677 0
81255 0.000000 0
81262 0.236585 0
81270 0.000000 0
81278 0.320962 0
81285 1.000000 0
81292 0.394023 0
81300 0.000000 0
81308 0.000000 0
81315 0.000000 0
81322 0.000000 0
81330 0.000000 0
81338 0.251812 0
81345 0.262028 0
81352 0.000000 0
81360 0.000000 0
81368 0.436353 0
81375 0.121888 0
81382 0.000000 0
81390 0.000000 0
81398 0.327384 0
81405 0.000000 0
81412 0.000000 0
81420 0.564422 0
81428 0.241158 0
81435 0.000000 0
81442 0.000000 0
81450 0.507793 0
81458 0.151956 0
81465 0.000000 0
81472 0.308249 0
81480 0.429516 0
81488 0.000000 0
81495 0.000000 0
81502 0.423782 0
81510 0.132243 0
81518 0.000000 0
81525 0.000000 0
81532 0.357692 0
81540 0.000000 0
81548 0.000000 0
81555 0.246880 0
81562 0.106966 0
81570 0.000000 0
81578 0.192257 0
81585 0.377583 0
81592 0.000000 0
81600 0.000000 0
81608 0.227577 0
81615 0.000000 0
81622 0.000000 0
81630 0.062993 0
81638 0.413570 0
81645 0.000000 0
81652 0.000000 0
81660 0.321470 0
81668 0.392072 0
81675 0.000000 0
81682 0.000000 0
81690 0.000000 0
81698 0.000000 0
81705 0.000000 0
81712 0.204727 0
81720 0.191066 0
81728 0.000000 0
81735 0.000000 0
81742 0.120401 0
81750 0.543848 0
81758 1.000000 0
81765 0.386118 0
81772 0.000000 0
81780 0.000000 0
81788 0.000000 0
81795 0.000000 0
81802 0.233393 0
81810 0.000000 0
81818 0.000000 0
81825 0.310076 0
81832 0.000000 0
81840 0.000000 0
81848 0.176238 0
81855 0.299853 0
81862 0.000000 0
81870 0.000000 0
81878 0.446491 0
81885 0.000000 0
81892 0.000000 0
81900 0.428893 0
81908 0.373622 0
81915 0.000000 0
81922 0.000000 0
81930 0.528744 0
81938 0.219647 0
81945 0.000000 0
81952 0.000000 0
81960 0.554188 0
81968 0.000000 0
81975 0.000000 0
81982 0.356281 0
81990 0.395546 0
81998 0.000000 0
82005 0.000000 0
82012 0.087146 0
82020 0.167543 0
82028 0.000000 0
82035 0.000000 0
82042 0.000000 0
82050 0.000000 0
82058 0.000000 0
82065 0.000000 0
82072 0.000000 0
82080 0.000000 0
82088 0.035442 0
82095 0.000000 0
82102 0.000000 0
82110 0.391477 0
82118 0.298011 0
82125 0.180730 0
82132 0.000000 0
82140 0.227762 0
82148 0.000000 0
82155 0.000000 0
82162 0.000000 0
82170 0.000000 0
82178 0.000000 0
82185 0.000000 0
82192 0.000000 0
82200 0.000000 0
82208 0.000000 0
82215 0.000000 0
82222 0.000000 0
82230 0.000000 0
82238 0.216967 0
82245 0.117533 0
82252 0.590896 0
82260 0.349768 0
82268 0.000000 0
82275 0.000000 0
82282 0.435799 0
82290 0.000000 0
82298 0.000000 0
82305 0.108443 0
82312 0.324775 0
82320 0.000000 0
82328 0.000000 0
82335 0.475778 0
82342 0.000000 0
82350 0.000000 0
82358 0.182826 0
82365 0.490653 0
82372 0.000000 0
82380 0.000000 0
82388 0.248986 0
82395 0.282227 0
82402 0.000000 0
82410 0.000000 0
82418 0.542891 0
82425 0.024215 0
82432 0.000000 0
82440 0.000000 0
82448 0.496283 0
82455 0.000000 0
82462 0.000000 0
82470 0.230449 0
82478 0.271961 0
82485 0.000000 0
82492 0.000000 0
82500 0.519423 0
82508 0.000000 0
82515 0.000000 0
82522 0.419081 0
82530 0.470965 0
82538 0.000000 0
82545 0.000000 0
82552 0.584851 0
82560 0.220157 0
82568 0.000000 0
82575 0.000000 0
82582 0.562314 0
82590 0.000000 0
82598 0.000000 0
82605 0.442349 0
82612 0.333120 0
82620 0.000000 0
82628 0.000000 0
82635 0.207047 0
82642 0.000000 0
82650 0.000000 0
82658 0.150263 0
82665 0.000000 0
82672 0.237877 0
82680 0.000000 0
82688 0.000000 0
82695 0.225353 0
82702 0.285754 0
82710 0.000000 0
82718 0.000000 0
82725 0.444483 0
82732 0.000000 0
82740 0.000000 0
82748 0.257488 0
82755 0.000000 0
82762 0.000000 0
82770 0.501374 0
82778 0.000000 0
82785 0.000000 0
82792 0.395064 0
82800 0.000000 0
82808 0.000000 0
82815 0.317825 0
82822 0.000000 0
82830 0.000000 0
82838 0.302251 0
82845 0.091562 0
82852 0.000000 0
82860 0.216562 0
82868 0.288503 0
82875 0.000000 0
82882 0.000000 0
82890 0.370840 0
82898 0.000000 0
82905 0.000000 0
82912 0.453759 0
82920 0.000000 0
82928 0.000000 0
82935 0.245858 0
82942 0.257929 0
82950 0.402515 0
82958 0.091990 0
82965 0.000000 0
82972 0.021999 0
82980 0.096765 0
82988 0.000000 0
82995 0.000000 0
83002 0.119589 0
83010 0.000000 0
83018 0.000000 0
83025 0.000000 0
83032 0.000000 0
83040 0.000000 0
83048 0.000000 0
83055 0.000000 0
83062 0.000000 0
83070 0.140371 0
83078 0.125618 0
83085 0.000000 0
83092 0.043284 0
83100 0.000000 0
83108 0.000000 0
83115 0.207778 0
83122 0.113574 0
83130 0.000000 0
83138 0.000000 0
83145 0.000000 0
83152 0.000000 0
83160 0.000000 0
83168 0.281485 0
83175 0.803259 0
83182 0.293012 0
83190 0.000000 0
83198 0.000000 0
83205 0.000000 0
83212 0.000000 0
83220 0.000000 0
83228 0.000000 0
83235 0.000000 0
83242 0.000000 0
83250 0.000000 0
83258 0.229298 0
83265 0.000000 0
83272 0.000000 0
83280 0.000000 0
83288 0.170351 0
83295 0.302248 0
83302 0.000000 0
83310 0.167256 0
83318 0.000000 0
83325 0.295060 0
83332 0.000000 0
83340 0.300372 0
83348 0.219195 0
83355 0.000000 0
83362 0.173046 0
83370 0.000000 0
83378 0.000000 0
83385 0.000000 0
83392 0.000000 0
83400 0.000000 0
83408 0.832846 0
83415 0.661908 0
83422 0.291283 0
83430 0.000000 0
83438 0.000000 0
83445 0.000000 0
83452 0.000000 0
83460 0.000000 0
83468 0.000000 0
83475 0.000000 0
83482 0.000000 0
83490 0.000000 0
83498 0.000000 0
83505 0.000000 0
83512 0.000000 0
83520 0.000000 0
83528 0.000000 0
83535 0.000000 0
83542 0.000000 0
83550 0.104167 0
83558 0.000000 0
83565 0.000000 0
83572 0.000000 0
83580 0.000000 0
83588 0.000000 0
83595 0.000000 0
83602 0.000000 0
83610 0.194028 0
83618 0.000000 0
83625 0.118653 0
83632 0.000000 0
83640 0.440763 0
83648 0.975581 0
83655 0.373881 0
83662 0.000000 0
83670 0.000000 0
83678 0.000000 0
83685 0.000000 0
83692 0.226584 0
83700 0.000000 0
83708 0.000000 0
83715 0.000000 0
83722 0.248713 0
83730 0.000000 0
83738 0.000000 0
83745 0.110708 0
83752 0.000000 0
83760 0.000000 0
83768 0.126226 0
83775 0.184638 0
83782 0.288514 0
83790 0.000000 0
83798 0.053894 0
83805 0.135415 0
83812 0.289591 0
83820 0.045224 0
83828 0.000000 0
83835 0.000000 0
83842 0.000000 0
83850 0.000000 0
83858 0.000000 0
83865 0.000000 0
83872 0.245187 0
83880 0.878225 0
83888 0.639978 0
83895 0.411669 0
83902 0.000000 0
83910 0.000000 0
83918 0.000000 0
83925 0.000000 0
83932 0.000000 0
83940 0.000000 0
83948 0.000000 0
83955 0.000000 0
83962 0.000000 0
83970 0.000000 0
83978 0.000000 0
83985 0.000000 0
83992 0.000000 0
84000 0.000000 0
84008 0.152545 0
84015 0.000000 0
84022 0.000000 0
84030 0.000000 0
84038 0.000000 0
84045 0.000000 0
84052 0.000000 0
84060 0.176391 0
84068 0.086618 0
84075 0.000000 0
84082 0.136992 0
84090 0.185652 0
84098 0.000000 0
84105 0.000000 0
84112 0.000000 0
84120 0.832392 0
84128 0.336460 0
84135 0.000000 0
84142 0.000000 0
84150 0.000000 0
84158 0.000000 0
84165 0.072033 0
84172 0.087213 0
84180 0.000000 0
84188 0.347522 0
84195 0.000000 0
84202 0.000000 0
84210 0.167347 0
84218 0.000000 0
84225 0.000000 0
84232 0.155109 0
84240 0.000000 0
84248 0.347531 0
84255 0.000000 0
84262 0.000000 0
84270 0.301916 0
84278 0.000000 0
84285 0.000000 0
84292 0.311834 0
84300 0.000000 0
84308 0.392075 0
84315 0.000000 0
84322 0.000000 0
84330 0.403493 0
84338 0.000000 0
84345 0.000000 0
84352 0.855100 0
84360 0.689698 0
84368 0.190585 0
84375 0.000000 0
84382 0.000000 0
84390 0.000000 0
84398 0.000000 0
84405 0.000000 0
84412 0.000000 0
84420 0.000000 0
84428 0.000000 0
84435 0.000000 0
84442 0.000000 0
84450 0.000000 0
84458 0.000000 0
84465 0.000000 0
84472 0.000000 0
84480 0.000000 0
84488 0.000000 0
84495 0.235254 0
84502 0.000000 0
84510 0.000000 0
84518 0.110264 0
84525 0.000000 0
84532 0.000000 0
84540 0.000000 0
84548 0.000000 0
84555 0.000000 0
84562 0.000000 0
84570 0.000000 0
84578 0.000000 0
84585 0.568316 0
84592 1.000000 0
84600 0.336113 0
84608 0.000000 0
84615 0.000000 0
84622 0.000000 0
84630 0.000000 0
84638 0.000000 0
84645 0.000000 0
84652 0.227244 0
84660 0.000000 0
84668 0.014213 0
84675 0.000000 0
84682 0.000000 0
84690 0.090945 0
84698 0.000000 0
84705 0.267375 0
84712 0.276983 0
84720 0.054215 0
84728 0.381533 0
84735 0.200677 0
84742 0.000000 0
84750 0.263276 0
84758 0.000000 0
84765 0.000000 0
84772 0.195061 0
84780 0.000000 0
84788 0.395121 0
84795 0.214479 0
84802 0.000000 0
84810 0.241990 0
84818 0.083595 0
84825 0.787084 0
84832 0.688211 0
84840 0.236797 0
84848 0.000000 0
84855 0.000000 0
84862 0.000000 0
84870 0.000000 0
84878 0.000000 0
84885 0.000000 0
84892 0.000000 0
84900 0.000000 0
84908 0.000000 0
84915 0.071703 0
84922 0.000000 0
84930 0.000000 0
84938 0.097814 0
84945 0.000000 0
84952 0.081212 0
84960 0.073011 0
84968 0.000000 0
84975 0.202384 0
84982 0.000000 0
84990 0.000000 0
84998 0.000000 0
85005 0.000000 0
85012 0.000000 0
85020 0.000000 0
85028 0.000000 0
85035 0.286744 0
85042 0.000000 0
85050 0.000000 0
85058 0.701793 0
85065 0.968467 0
85072 0.302505 0
85080 0.000000 0
85088 0.000000 0
85095 0.000000 0
85102 0.000000 0
85110 0.000000 0
85118 0.198700 0
85125 0.176682 0
85132 0.000000 0
85140 0.252878 0
85148 0.000000 0
85155 0.000000 0
85162 0.000000 0
85170 0.000000 0
85178 0.000000 0
85185 0.000000 0
85192 0.000000 0
85200 0.174042 0
85208 0.260844 0
85215 0.079043 0
85222 0.522436 0
85230 0.000000 0
85238 0.000000 0
85245 0.423846 0
85252 0.000000 0
85260 0.000000 0
85268 0.365625 0
85275 0.000000 0
85282 0.000000 0
85290 0.311192 0
85298 0.748050 0
85305 0.646330 0
85312 0.274035 0
85320 0.000000 0
85328 0.000000 0
85335 0.000000 0
85342 0.000000 0
85350 0.000000 0
85358 0.000000 0
85365 0.000000 0
85372 0.000000 0
85380 0.000000 0
85388 0.090152 0
85395 0.000000 0
85402 0.000000 0
85410 0.000000 0
85418 0.000000 0
85425 0.000000 0
85432 0.000000 0
85440 0.000000 0
85448 0.000000 0
85455 0.000000 0
85462 0.000000 0
85470 0.212405 0
85478 0.000000 0
85485 0.140438 0
85492 0.252390 0
85500 0.000000 0
85508 0.000000 0
85515 0.000000 0
85522 0.000000 0
85530 0.572741 0
85538 1.000000 0
85545 0.314484 0
85552 0.000000 0
85560 0.000000 0
85568 0.000000 0
85575 0.000000 0
85582 0.000000 0
85590 0.000000 0
85598 0.000000 0
85605 0.000000 0
85612 0.151274 0
85620 0.000000 0
85628 0.224020 0
85635 0.000000 0
85642 0.000000 0
85650 0.273118 0
85658 0.000000 0
85665 0.000000 0
85672 0.372134 0
85680 0.088546 0
85688 0.283143 0
85695 0.000000 0
85702 0.116112 0
85710 0.250974 0
85718 0.000000 0
85725 0.000000 0
85732 0.000000 0
85740 0.000000 0
85748 0.342365 0
85755 0.000000 0
85762 0.000000 0
85770 0.921113 0
85778 0.626979 0
85785 0.341310 0
85792 0.000000 0
85800 0.000000 0
85808 0.000000 0
85815 0.000000 0
85822 0.000000 0
85830 0.000000 0
85838 0.000000 0
85845 0.000000 0
85852 0.000000 0
85860 0.000000 0
85868 0.000000 0
85875 0.000000 0
85882 0.000000 0
85890 0.000000 0
85898 0.000000 0
85905 0.000000 0
85912 0.000000 0
85920 0.162664 0
85928 0.000000 0
85935 0.000000 0
85942 0.176353 0
85950 0.201590 0
85958 0.000000 0
85965 0.000000 0
85972 0.000000 0
85980 0.127776 0
85988 0.000000 0
85995 0.000000 0
86002 0.000000 0
86010 0.879494 0
86018 0.273938 0
86025 0.000000 0
86032 0.000000 0
86040 0.000000 0
86048 0.000000 0
86055 0.000000 0
86062 0.076814 0
86070 0.000000 0
86078 0.000000 0
86085 0.085374 0
86092 0.134853 0
86100 0.000000 0
86108 0.134683 0
86115 0.207644 0
86122 0.063230 0
86130 0.146522 0
86138 0.000000 0
86145 0.194293 0
86152 0.000000 0
86160 0.258977 0
86168 0.133424 0
86175 0.289236 0
86182 0.216180 0
86190 0.000000 0
86198 0.000000 0
86205 0.000000 0
86212 0.000000 0
86220 0.000000 0
86228 0.133307 0
86235 0.196459 0
86242 0.725146 0
86250 0.653598 0
86258 0.271813 0
86265 0.000000 0
86272 0.000000 0
86280 0.000000 0
86288 0.000000 0
86295 0.000000 0
86302 0.000000 0
86310 0.000000 0
86318 0.050833 0
86325 0.000000 0
86332 0.000000 0
86340 0.000000 0
86348 0.000000 0
86355 0.000000 0
86362 0.000000 0
86370 0.000000 0
86378 0.000000 0
86385 0.191562 0
86392 0.000000 0
86400 0.000000 0
86408 0.000000 0
86415 0.000000 0
86422 0.000000 0
86430 0.000000 0
86438 0.183600 0
86445 0.000000 0
86452 0.308458 0
86460 0.000000 0
86468 0.000000 0
86475 0.643309 0
86482 1.000000 0
86490 0.277349 0
86498 0.000000 0
86505 0.000000 0
86512 0.000000 0
86520 0.000000 0
86528 0.112534 0
86535 0.225804 0
86542 0.078112 0
86550 0.203947 0
86558 0.000000 0
86565 0.000000 0
86572 0.000000 0
86580 0.000000 0
86588 0.000000 0
86595 0.000000 0
86602 0.156888 0
86610 0.000000 0
86618 0.186449 0
86625 0.000000 0
86632 0.000000 0
86640 0.000000 0
86648 0.000000 0
86655 0.331596 0
86662 0.127607 0
86670 0.000000 0
86678 0.000000 0
86685 0.000000 0
86692 0.000000 0
86700 0.097543 0
86708 0.500398 0
86715 0.998507 0
86722 0.709870 0
86730 0.063687 0
86738 0.000000 0
86745 0.000000 0
86752 0.000000 0
86760 0.000000 0
86768 0.000000 0
86775 0.000000 0
86782 0.000000 0
86790 0.000000 0
86798 0.000000 0
86805 0.105490 0
86812 0.057396 0
86820 0.000000 0
86828 0.000000 0
86835 0.133565 0
86842 0.117596 0
86850 0.000000 0
86858 0.073426 0
86865 0.238805 0
86872 0.000000 0
86880 0.000000 0
86888 0.000000 0
86895 0.000000 0
86902 0.000000 0
86910 0.000000 0
86918 0.000000 0
86925 0.000000 0
86932 0.000000 0
86940 0.000000 0
86948 0.226850 0
86955 0.718480 0
86962 0.309106 0
86970 0.000000 0
86978 0.000000 0
86985 0.000000 0
86992 0.000000 0
87000 0.191839 0
87008 0.000000 0
87015 0.000000 0
87022 0.000000 0
87030 0.000000 0
87038 0.052109 0
87045 0.223173 0
87052 0.000000 0
87060 0.158867 0
87068 0.000000 0
87075 0.072470 0
87082 0.086511 0
87090 0.309337 0
87098 0.447535 0
87105 0.000000 0
87112 0.191291 0
87120 0.000000 0
87128 0.000000 0
87135 0.000000 0
87142 0.000000 0
87150 0.000000 0
87158 0.000000 0
87165 0.147521 0
87172 0.000000 0
87180 0.320388 0
87188 0.778660 0
87195 0.615771 0
87202 0.307309 0
87210 0.000000 0
87218 0.000000 0
87225 0.000000 0
87232 0.000000 0
87240 0.000000 0
87248 0.000000 0
87255 0.000000 0
87262 0.000000 0
87270 0.000000 0
87278 0.000000 0
87285 0.000000 0
87292 0.000000 0
87300 0.000000 0
87308 0.000000 0
87315 0.000000 0
87322 0.000000 0
87330 0.000000 0
87338 0.000000 0
87345 0.000000 0
87352 0.000000 0
87360 0.000000 0
87368 0.000000 0
87375 0.000000 0
87382 0.000000 0
87390 0.289585 0
87398 0.204756 0
87405 0.268318 0
87412 0.000000 0
87420 0.367363 0
87428 0.970836 0
87435 0.269989 0
87442 0.000000 0
87450 0.000000 0
87458 0.000000 0
87465 0.000000 0
87472 0.256425 0
87480 0.000000 0
87488 0.192614 0
87495 0.000000 0
87502 0.135056 0
87510 0.000000 0
87518 0.000000 0
87525 0.000000 0
87532 0.000000 0
87540 0.000000 0
87548 0.000000 0
87555 0.026963 0
87562 0.000000 0
87570 0.051811 0
87578 0.229901 0
87585 0.100271 0
87592 0.139723 0
87600 0.000000 0
87608 0.000000 0
87615 0.000000 0
87622 0.000000 0
87630 0.000000 0
87638 0.136111 0
87645 0.000000 0
87652 0.279296 0
87660 0.867505 0
87668 0.612026 0
87675 0.316922 0
87682 0.000000 0
87690 0.000000 0
87698 0.000000 0
87705 0.000000 0
87712 0.000000 0
87720 0.000000 0
87728 0.000000 0
87735 0.000000 0
87742 0.000000 0
87750 0.000000 0
87758 0.000000 0
87765 0.000000 0
87772 0.000000 0
87780 0.112335 0
87788 0.013296 0
87795 0.108180 0
87802 0.000000 0
87810 0.000000 0
87818 0.000000 0
87825 0.000000 0
87832 0.000000 0
87840 0.000000 0
87848 0.000000 0
87855 0.033046 0
87862 0.000000 0
87870 0.000000 0
87878 0.000000 0
87885 0.000000 0
87892 0.345573 0
87900 0.906268 0
87908 0.261502 0
87915 0.000000 0
87922 0.000000 0
87930 0.000000 0
87938 0.000000 0
87945 0.000000 0
87952 0.000000 0
87960 0.269165 0
87968 0.000000 0
87975 0.000000 0
87982 0.000000 0
87990 0.000000 0
87998 0.221174 0
88005 0.000000 0
88012 0.000000 0
88020 0.274055 0
88028 0.000000 0
88035 0.462123 0
88042 0.221846 0
88050 0.000000 0
88058 0.147734 0
88065 0.140743 0
88072 0.069173 0
88080 0.224201 0
88088 0.000000 0
88095 0.140364 0
88102 0.234765 0
88110 0.000000 0
88118 0.254392 0
88125 0.239759 0
88132 0.676012 0
88140 0.584765 0
88148 0.309657 0
88155 0.000000 0
88162 0.000000 0
88170 0.000000 0
88178 0.000000 0
88185 0.000000 0
88192 0.000000 0
88200 0.000000 0
88208 0.000000 0
88215 0.000000 0
88222 0.000000 0
88230 0.000000 0
88238 0.000000 0
88245 0.088097 0
88252 0.000000 0
88260 0.193344 0
88268 0.000000 0
88275 0.000000 0
88282 0.315945 0
88290 0.000000 0
88298 0.000000 0
88305 0.239791 0
88312 0.000000 0
88320 0.000000 0
88328 0.192945 0
88335 0.000000 0
88342 0.000000 0
88350 0.142128 0
88358 0.000000 0
88365 0.587262 0
88372 1.000000 0
88380 0.250238 0
88388 0.000000 0
88395 0.000000 0
88402 0.000000 0
88410 0.000000 0
88418 0.000000 0
88425 0.125735 0
88432 0.090202 0
88440 0.000000 0
88448 0.378700 0
88455 0.000000 0
88462 0.000000 0
88470 0.182923 0
88478 0.000000 0
88485 0.134059 0
88492 0.438049 0
88500 0.000000 0
88508 0.000000 0
88515 0.258237 0
88522 0.000000 0
88530 0.232069 0
88538 0.000000 0
88545 0.000000 0
88552 0.172989 0
88560 0.000000 0
88568 0.294222 0
88575 0.375270 0
88582 0.000000 0
88590 0.000000 0
88598 0.429414 0
88605 0.783698 0
88612 0.658336 0
88620 0.277072 0
88628 0.000000 0
88635 0.000000 0
88642 0.000000 0
88650 0.000000 0
88658 0.000000 0
88665 0.000000 0
88672 0.000000 0
88680 0.000000 0
88688 0.000000 0
88695 0.000000 0
88702 0.000000 0
88710 0.000000 0
88718 0.144800 0
88725 0.000000 0
88732 0.000000 0
88740 0.151168 0
88748 0.000000 0
88755 0.198856 0
88762 0.000000 0
88770 0.000000 0
88778 0.319289 0
88785 0.000000 0
88792 0.000000 0
88800 0.369788 0
88808 0.000000 0
88815 0.000000 0
88822 0.198291 0
88830 0.000000 0
88838 0.492480 0
88845 0.933594 0
88852 0.230984 0
88860 0.000000 0
88868 0.000000 0
88875 0.000000 0
88882 0.000000 0
88890 0.000000 0
88898 0.000000 0
88905 0.000000 0
88912 0.000000 0
88920 0.291020 0
88928 0.000000 0
88935 0.000000 0
88942 0.034540 0
88950 0.000000 0
88958 0.330630 0
88965 0.167098 0
88972 0.000000 0
88980 0.421709 0
88988 0.000000 0
88995 0.000000 0
89002 0.340807 0
89010 0.000000 0
89018 0.000000 0
89025 0.000000 0
89032 0.000000 0
89040 0.225257 0
89048 0.000000 0
89055 0.000000 0
89062 0.000000 0
89070 0.000000 0
89078 0.911375 0
89085 0.590162 0
89092 0.172408 0
89100 0.000000 0
89108 0.000000 0
89115 0.000000 0
89122 0.000000 0
89130 0.000000 0
89138 0.000000 0
89145 0.000000 0
89152 0.000000 0
89160 0.000000 0
89168 0.000000 0
89175 0.000000 0
89182 0.000000 0
89190 0.000000 0
89198 0.140424 0
89205 0.099084 0
89212 0.000000 0
89220 0.000000 0
89228 0.000000 0
89235 0.000000 0
89242 0.000000 0
89250 0.000000 0
89258 0.000000 0
89265 0.189632 0
89272 0.000000 0
89280 0.000000 0
89288 0.000000 0
89295 0.000000 0
89302 0.000000 0
89310 0.668026 0
89318 0.962035 0
89325 0.222882 0
89332 0.000000 0
89340 0.000000 0
89348 0.000000 0
89355 0.000000 0
89362 0.294824 0
89370 0.000000 0
89378 0.000000 0
89385 0.227114 0
89392 0.000000 0
89400 0.000000 0
89408 0.174758 0
89415 0.244310 0
89422 0.000000 0
89430 0.000000 0
89438 0.275780 0
89445 0.000000 0
89452 0.000000 0
89460 0.284159 0
89468 0.000000 0
89475 0.104337 0
89482 0.072845 0
89490 0.000000 0
89498 0.000000 0
89505 0.000000 0
89512 0.000000 0
89520 0.234153 0
89528 0.000000 0
89535 0.289409 0
89542 0.373434 0
89550 0.802442 0
89558 0.612697 0
89565 0.243904 0
89572 0.000000 0
89580 0.000000 0
89588 0.000000 0
89595 0.000000 0
89602 0.000000 0
89610 0.000000 0
89618 0.000000 0
89625 0.000000 0
89632 0.000000 0
89640 0.000000 0
89648 0.000000 0
89655 0.000000 0
89662 0.000000 0
89670 0.000000 0
89678 0.000000 0
89685 0.000000 0
89692 0.223100 0
89700 0.000000 0
89708 0.000000 0
89715 0.000000 0
89722 0.128360 0
89730 0.211396 0
89738 0.000000 0
89745 0.000000 0
89752 0.000000 0
89760 0.000000 0
89768 0.000000 0
89775 0.000000 0
89782 0.342865 0
89790 0.916092 0
89798 0.208937 0
89805 0.000000 0
89812 0.000000 0
89820 0.000000 0
89828 0.000000 0
89835 0.316340 0
89842 0.127591 0
89850 0.000000 0
89858 0.228104 0
89865 0.000000 0
89872 0.085139 0
89880 0.000000 0
89888 0.000000 0
89895 0.161686 0
89902 0.000000 0
89910 0.348834 0
89918 0.072118 0
89925 0.445138 0
89932 0.000000 0
89940 0.000000 0
89948 0.000000 0
89955 0.060231 0
89962 0.347319 0
89970 0.000000 0
89978 0.000000 0
89985 0.000000 0
89992 0.199562 0
90000 0.265218 0
90008 0.000000 0
90015 0.325332 0
90022 0.688972 0
90030 0.516769 0
90038 0.304485 0
90045 0.000000 0
90052 0.000000 0
90060 0.000000 0
90068 0.000000 0
90075 0.000000 0
90082 0.000000 0
90090 0.000000 0
90098 0.000000 0
90105 0.000000 0
90112 0.000000 0
90120 0.000000 0
90128 0.000000 0
90135 0.225804 0
90142 0.000000 0
90150 0.089875 0
90158 0.000000 0
90165 0.000000 0
90172 0.196709 0
90180 0.131249 0
90188 0.000000 0
90195 0.000000 0
90202 0.000000 0
90210 0.000000 0
90218 0.000000 0
90225 0.000000 0
90232 0.119821 0
90240 0.000000 0
90248 0.000000 0
90255 0.687637 0
90262 0.984291 0
90270 0.200557 0
90278 0.000000 0
90285 0.000000 0
90292 0.000000 0
90300 0.000000 0
90308 0.099250 0
90315 0.000000 0
90322 0.000000 0
90330 0.000000 0
90338 0.000000 0
90345 0.125462 0
90352 0.000000 0
90360 0.000000 0
90368 0.000000 0
90375 0.000000 0
90382 0.260261 0
90390 0.053942 0
90398 0.000000 0
90405 0.335234 0
90412 0.114649 0
90420 0.066979 0
90428 0.000000 0
90435 0.000000 0
90442 0.000000 0
90450 0.000000 0
90458 0.371927 0
90465 0.211025 0
90472 0.000000 0
90480 0.000000 0
90488 0.201577 0
90495 0.769079 0
90502 0.625269 0
90510 0.105833 0
90518 0.000000 0
90525 0.000000 0
90532 0.000000 0
90540 0.000000 0
90548 0.000000 0
90555 0.000000 0
90562 0.000000 0
90570 0.000000 0
90578 0.000000 0
90585 0.000000 0
90592 0.000000 0
90600 0.000000 0
90608 0.000000 0
90615 0.000000 0
90622 0.000000 0
90630 0.000000 0
90638 0.034939 0
90645 0.174360 0
90652 0.081449 0
90660 0.000000 0
90668 0.000000 0
90675 0.000000 0
90682 0.000000 0
90690 0.000000 0
90698 0.000000 0
90705 0.035119 0
90712 0.189106 0
90720 0.212298 0
90728 0.403305 0
90735 0.801655 0
90742 0.000000 0
90750 0.000000 0
90758 0.000000 0
90765 0.000000 0
90772 0.000000 0
90780 0.127160 0
90788 0.144110 0
90795 0.104371 0
90802 0.000000 0
90810 0.184983 0
90818 0.000000 0
90825 0.000000 0
90832 0.000000 0
90840 0.059167 0
90848 0.206706 0
90855 0.244044 0
90862 0.403952 0
90870 0.000000 0
90878 0.092053 0
90885 0.000000 0
90892 0.249678 0
90900 0.267738 0
90908 0.000000 0
90915 0.000000 0
90922 0.000000 0
90930 0.231595 0
90938 0.103323 0
90945 0.000000 0
90952 0.081091 0
90960 0.000000 0
90968 0.724195 0
90975 0.562515 0
90982 0.318389 0
90990 0.000000 0
90998 0.000000 0
91005 0.000000 0
91012 0.000000 0
91020 0.000000 0
91028 0.000000 0
91035 0.000000 0
91042 0.000000 0
91050 0.000000 0
91058 0.000000 0
91065 0.000000 0
91072 0.000000 0
91080 0.000000 0
91088 0.213004 0
91095 0.000000 0
91102 0.000000 0
91110 0.152420 0
91118 0.090067 0
91125 0.000000 0
91132 0.000000 0
91140 0.000000 0
91148 0.068225 0
91155 0.000000 0
91162 0.000000 0
91170 0.000000 0
91178 0.105100 0
91185 0.164842 0
91192 0.000000 0
91200 0.549750 0
91208 0.930760 0
91215 0.145033 0
91222 0.000000 0
91230 0.000000 0
91238 0.000000 0
91245 0.000000 0
91252 0.073814 0
91260 0.000000 0
91268 0.000000 0
91275 0.000000 0
91282 0.000000 0
91290 0.000000 0
91298 0.000000 0
91305 0.000000 0
91312 0.000000 0
91320 0.000000 0
91328 0.000000 0
91335 0.000000 0
91342 0.242187 0
91350 0.202573 0
91358 0.204528 0
91365 0.000000 0
91372 0.000000 0
91380 0.000000 0
91388 0.140287 0
91395 0.261570 0
91402 0.230024 0
91410 0.288948 0
91418 0.000000 0
91425 0.000000 0
91432 0.242840 0
91440 0.709277 0
91448 0.594915 0
91455 0.339318 0
91462 0.000000 0
91470 0.000000 0
91478 0.000000 0
91485 0.000000 0
91492 0.000000 0
91500 0.000000 0
91508 0.000000 0
91515 0.000000 0
91522 0.000000 0
91530 0.000000 0
91538 0.000000 0
91545 0.000000 0
91552 0.000000 0
91560 0.035741 0
91568 0.225207 0
91575 0.110586 0
91582 0.000000 0
91590 0.000000 0
91598 0.161167 0
91605 0.000000 0
91612 0.000000 0
91620 0.000000 0
91628 0.000000 0
91635 0.000000 0
91642 0.000000 0
91650 0.000000 0
91658 0.000000 0
91665 0.000000 0
91672 0.395982 0
91680 0.885683 0
91688 0.132439 0
91695 0.000000 0
91702 0.000000 0
91710 0.000000 0
91718 0.000000 0
91725 0.000000 0
91732 0.228367 0
91740 0.000000 0
91748 0.000000 0
91755 0.121615 0
91762 0.000000 0
91770 0.000000 0
91778 0.195240 0
91785 0.000000 0
91792 0.355165 0
91800 0.162470 0
91808 0.199311 0
91815 0.463872 0
91822 0.000000 0
91830 0.000000 0
91838 0.241956 0
91845 0.000000 0
91852 0.000000 0
91860 0.185749 0
91868 0.000000 0
91875 0.243021 0
91882 0.180437 0
91890 0.000000 0
91898 0.213703 0
91905 0.228842 0
91912 0.836386 0
91920 0.657433 0
91928 0.137132 0
91935 0.000000 0
91942 0.000000 0
91950 0.000000 0
91958 0.000000 0
91965 0.000000 0
91972 0.000000 0
91980 0.040868 0
91988 0.000000 0
91995 0.000000 0
92002 0.000000 0
92010 0.000000 0
92018 0.000000 0
92025 0.265488 0
92032 0.000000 0
92040 0.000000 0
92048 0.000000 0
92055 0.000000 0
92062 0.028851 0
92070 0.000000 0
92078 0.000000 0
92085 0.286797 0
92092 0.000000 0
92100 0.199431 0
92108 0.198678 0
92115 0.000000 0
92122 0.270943 0
92130 0.000000 0
92138 0.000000 0
92145 0.788854 0
92152 0.988262 0
92160 0.102191 0
92168 0.000000 0
92175 0.000000 0
92182 0.000000 0
92190 0.000000 0
92198 0.000000 0
92205 0.149497 0
92212 0.000000 0
92220 0.117888 0
92228 0.241300 0
92235 0.000000 0
92242 0.000000 0
92250 0.186491 0
92258 0.000000 0
92265 0.312769 0
92272 0.149907 0
92280 0.000000 0
92288 0.338451 0
92295 0.000000 0
92302 0.000000 0
92310 0.274075 0
92318 0.000000 0
92325 0.000000 0
92332 0.000000 0
92340 0.000000 0
92348 0.025071 0
92355 0.000000 0
92362 0.000000 0
92370 0.000000 0
92378 0.278162 0
92385 0.912311 0
92392 0.621162 0
92400 0.239836 0
92408 0.000000 0
92415 0.000000 0
92422 0.000000 0
92430 0.000000 0
92438 0.000000 0
92445 0.000000 0
92452 0.000000 0
92460 0.000000 0
92468 0.000000 0
92475 0.000000 0
92482 0.000000 0
92490 0.000000 0
92498 0.000000 0
92505 0.148914 0
92512 0.000000 0
92520 0.000000 0
92528 0.296359 0
92535 0.000000 0
92542 0.000000 0
92550 0.000000 0
92558 0.000000 0
92565 0.391704 0
92572 0.000000 0
92580 0.000000 0
92588 0.334565 0
92595 0.000000 0
92602 0.000000 0
92610 0.000000 0
92618 0.641487 0
92625 0.930872 0
92632 0.069284 0
92640 0.000000 0
92648 0.000000 0
92655 0.000000 0
92662 0.000000 0
92670 0.000000 0
92678 0.000000 0
92685 0.000000 0
92692 0.000000 0
92700 0.267441 0
92708 0.289669 0
92715 0.000000 0
92722 0.093829 0
92730 0.000000 0
92738 0.000000 0
92745 0.395855 0
92752 0.307222 0
92760 0.000000 0
92768 0.000000 0
92775 0.000000 0
92782 0.000000 0
92790 0.125576 0
92798 0.126212 0
92805 0.000000 0
92812 0.000000 0
92820 0.000000 0
92828 0.000000 0
92835 0.000000 0
92842 0.305243 0
92850 0.308354 0
92858 0.801308 0
92865 0.597320 0
92872 0.212770 0
92880 0.000000 0
92888 0.000000 0
92895 0.000000 0
92902 0.000000 0
92910 0.000000 0
92918 0.000000 0
92925 0.000000 0
92932 0.000000 0
92940 0.000000 0
92948 0.000000 0
92955 0.000000 0
92962 0.000000 0
92970 0.000000 0
92978 0.000000 0
92985 0.164345 0
92992 0.000000 0
93000 0.000000 0
93008 0.084636 0
93015 0.000000 0
93022 0.000000 0
93030 0.139836 0
93038 0.000000 0
93045 0.000000 0
93052 0.000000 0
93060 0.000000 0
93068 0.188214 0
93075 0.000000 0
93082 0.000000 0
93090 0.703943 0
93098 0.967823 0
93105 0.114089 0
93112 0.000000 0
93120 0.000000 0
93128 0.000000 0
93135 0.000000 0
93142 0.000000 0
93150 0.199315 0
93158 0.000000 0
93165 0.000000 0
93172 0.275501 0
93180 0.000000 0
93188 0.000000 0
93195 0.341452 0
93202 0.000000 0
93210 0.000000 0
93218 0.198405 0
93225 0.000000 0
93232 0.383261 0
93240 0.180373 0
93248 0.000000 0
93255 0.186192 0
93262 0.000000 0
93270 0.000000 0
93278 0.174691 0
93285 0.000000 0
93292 0.089012 0
93300 0.068738 0
93308 0.000000 0
93315 0.248593 0
93322 0.296369 0
93330 0.690004 0
93338 0.609311 0
93345 0.266643 0
93352 0.000000 0
93360 0.000000 0
93368 0.000000 0
93375 0.000000 0
93382 0.000000 0
93390 0.000000 0
93398 0.000000 0
93405 0.000000 0
93412 0.000000 0
93420 0.000000 0
93428 0.000000 0
93435 0.000000 0
93442 0.000000 0
93450 0.000000 0
93458 0.000000 0
93465 0.000000 0
93472 0.009824 0
93480 0.000000 0
93488 0.000000 0
93495 0.051388 0
93502 0.000000 0
93510 0.047741 0
93518 0.000000 0
93525 0.121818 0
93532 0.000000 0
93540 0.000000 0
93548 0.000000 0
93555 0.000000 0
93562 0.449232 0
93570 0.904591 0
93578 0.000000 0
93585 0.000000 0
93592 0.000000 0
93600 0.000000 0
93608 0.000000 0
93615 0.122225 0
93622 0.000000 0
93630 0.259956 0
93638 0.000000 0
93645 0.000000 0
93652 0.136629 0
93660 0.000000 0
93668 0.000000 0
93675 0.000000 0
93682 0.123638 0
93690 0.344487 0
93698 0.244740 0
93705 0.291729 0
93712 0.000000 0
93720 0.000000 0
93728 0.000000 0
93735 0.000000 0
93742 0.000000 0
93750 0.186010 0
93758 0.000000 0
93765 0.000000 0
93772 0.000000 0
93780 0.000000 0
93788 0.184646 0
93795 0.258951 0
93802 0.740970 0
93810 0.481322 0
93818 0.239544 0
93825 0.000000 0
93832 0.000000 0
93840 0.000000 0
93848 0.000000 0
93855 0.000000 0
93862 0.000000 0
93870 0.000000 0
93878 0.000000 0
93885 0.000000 0
93892 0.000000 0
93900 0.000000 0
93908 0.000000 0
93915 0.000000 0
93922 0.086149 0
93930 0.000000 0
93938 0.000000 0
93945 0.000000 0
93952 0.123041 0
93960 0.023572 0
93968 0.000000 0
93975 0.256305 0
93982 0.000000 0
93990 0.000000 0
93998 0.000000 0
94005 0.000000 0
94012 0.000000 0
94020 0.000000 0
94028 0.000000 0
94035 0.602443 0
94042 0.950967 0
94050 0.000000 0
94058 0.000000 0
94065 0.000000 0
94072 0.000000 0
94080 0.000000 0
94088 0.243930 0
94095 0.134569 0
94102 0.000000 0
94110 0.000000 0
94118 0.000000 0
94125 0.000000 0
94132 0.000000 0
94140 0.000000 0
94148 0.148755 0
94155 0.000000 0
94162 0.071656 0
94170 0.000000 0
94178 0.110825 0
94185 0.088919 0
94192 0.000000 0
94200 0.086166 0
94208 0.000000 0
94215 0.130746 0
94222 0.235807 0
94230 0.042985 0
94238 0.000000 0
94245 0.158301 0
94252 0.000000 0
94260 0.000000 0
94268 0.174321 0
94275 0.847808 0
94282 0.571143 0
94290 0.000000 0
94298 0.000000 0
94305 0.000000 0
94312 0.000000 0
94320 0.000000 0
94328 0.000000 0
94335 0.000000 0
94342 0.000000 0
94350 0.000000 0
94358 0.000000 0
94365 0.210494 0
94372 0.000000 0
94380 0.000000 0
94388 0.000000 0
94395 0.000000 0
94402 0.000000 0
94410 0.000000 0
94418 0.000000 0
94425 0.066034 0
94432 0.000000 0
94440 0.000000 0
94448 0.000000 0
94455 0.117225 0
94462 0.000000 0
94470 0.000000 0
94478 0.037438 0
94485 0.000000 0
94492 0.000000 0
94500 0.000000 0
94508 0.299268 0
94515 0.670429 0
94522 0.000000 0
94530 0.000000 0
94538 0.000000 0
94545 0.000000 0
94552 0.000000 0
94560 0.000000 0
94568 0.151704 0
94575 0.000000 0
94582 0.000000 0
94590 0.207295 0
94598 0.000000 0
94605 0.038210 0
94612 0.154181 0
94620 0.000000 0
94628 0.146442 0
94635 0.191233 0
94642 0.000000 0
94650 0.423656 0
94658 0.173152 0
94665 0.000000 0
94672 0.324780 0
94680 0.000000 0
94688 0.000000 0
94695 0.224044 0
94702 0.000000 0
94710 0.000000 0
94718 0.297296 0
94725 0.000000 0
94732 0.000000 0
94740 0.420985 0
94748 0.786817 0
94755 0.569553 0
94762 0.256098 0
94770 0.000000 0
94778 0.000000 0
94785 0.000000 0
94792 0.000000 0
94800 0.000000 0
94808 0.000000 0
94815 0.000000 0
94822 0.000000 0
94830 0.000000 0
94838 0.000000 0
94845 0.000000 0
94852 0.000000 0
94860 0.000000 0
94868 0.000000 0
94875 0.227652 0
94882 0.000000 0
94890 0.000000 0
94898 0.086229 0
94905 0.000000 0
94912 0.000000 0
94920 0.000000 0
94928 0.126188 0
94935 0.000000 0
94942 0.000000 0
94950 0.000000 0
94958 0.091403 0
94965 0.000000 0
94972 0.000000 0
94980 0.546063 0
94988 0.898274 0
94995 0.000000 0
95002 0.000000 0
95010 0.000000 0
95018 0.000000 0
95025 0.158469 0
95032 0.000000 0
95040 0.000000 0
95048 0.000000 0
95055 0.000000 0
95062 0.000000 0
95070 0.072285 0
95078 0.000000 0
95085 0.140653 0
95092 0.143450 0
95100 0.061446 0
95108 0.256850 0
95115 0.279387 0
95122 0.330985 0
95130 0.195114 0
95138 0.159743 0
95145 0.052713 0
95152 0.000000 0
95160 0.000000 0
95168 0.000000 0
95175 0.312427 0
95182 0.000000 0
95190 0.000000 0
95198 0.000000 0
95205 0.000000 0
95212 0.189655 0
95220 0.730487 0
95228 0.599108 0
95235 0.223127 0
95242 0.000000 0
95250 0.000000 0
95258 0.000000 0
95265 0.000000 0
95272 0.000000 0
95280 0.000000 0
95288 0.000000 0
95295 0.000000 0
95302 0.000000 0
95310 0.000000 0
95318 0.000000 0
95325 0.000000 0
95332 0.000000 0
95340 0.000000 0
95348 0.000000 0
95355 0.000000 0
95362 0.000000 0
95370 0.000000 0
95378 0.000000 0
95385 0.000000 0
95392 0.000000 0
95400 0.195729 0
95408 0.176048 0
95415 0.000000 0
95422 0.000000 0
95430 0.046838 0
95438 0.102967 0
95445 0.000000 0
95452 0.134993 0
95460 0.775172 0
95468 0.000000 0
95475 0.000000 0
95482 0.000000 0
95490 0.000000 0
95498 0.000000 0
95505 0.000000 0
95512 0.246404 0
95520 0.186913 0
95528 0.000000 0
95535 0.196468 0
95542 0.367429 0
95550 0.000000 0
95558 0.000000 0
95565 0.387554 0
95572 0.000000 0
95580 0.242286 0
95588 0.502221 0
95595 0.000000 0
95602 0.000000 0
95610 0.506108 0
95618 0.000000 0
95625 0.000000 0
95632 0.446445 0
95640 0.000000 0
95648 0.000000 0
95655 0.370792 0
95662 0.000000 0
95670 0.000000 0
95678 0.418185 0
95685 0.234740 0
95692 0.718532 0
95700 0.631037 0
95708 0.131642 0
95715 0.000000 0
95722 0.000000 0
95730 0.000000 0
95738 0.000000 0
95745 0.096016 0
95752 0.000000 0
95760 0.000000 0
95768 0.000000 0
95775 0.000000 0
95782 0.000000 0
95790 0.000000 0
95798 0.000000 0
95805 0.000000 0
95812 0.361968 0
95820 0.000000 0
95828 0.000000 0
95835 0.066041 0
95842 0.178146 0
95850 0.000000 0
95858 0.000000 0
95865 0.258240 0
95872 0.000000 0
95880 0.000000 0
95888 0.310907 0
95895 0.000000 0
95902 0.000000 0
95910 0.000000 0
95918 0.000000 0
95925 0.650962 0
95932 0.938563 0
95940 0.000000 0
95948 0.000000 0
95955 0.000000 0
95962 0.000000 0
95970 0.000000 0
95978 0.000000 0
95985 0.149501 0
95992 0.392690 0
96000 0.000000 0
96008 0.000000 0
96015 0.290595 0
96022 0.000000 0
96030 0.000000 0
96038 0.000000 0
96045 0.167998 0
96052 0.297921 0
96060 0.223356 0
96068 0.092889 0
96075 0.220572 0
96082 0.117577 0
96090 0.000000 0
96098 0.217866 0
96105 0.163385 0
96112 0.000000 0
96120 0.000000 0
96128 0.214062 0
96135 0.000000 0
96142 0.000000 0
96150 0.283010 0
96158 0.317116 0
96165 0.758734 0
96172 0.582607 0
96180 0.272400 0
96188 0.000000 0
96195 0.000000 0
96202 0.000000 0
96210 0.000000 0
96218 0.000000 0
96225 0.000000 0
96232 0.000000 0
96240 0.000000 0
96248 0.000000 0
96255 0.000000 0
96262 0.000000 0
96270 0.000000 0
96278 0.000000 0
96285 0.274022 0
96292 0.116870 0
96300 0.000000 0
96308 0.000000 0
96315 0.000000 0
96322 0.000000 0
96330 0.000000 0
96338 0.106011 0
96345 0.000000 0
96352 0.000000 0
96360 0.000000 0
96368 0.000000 0
96375 0.287723 0
96382 0.000000 0
96390 0.000000 0
96398 0.678707 0
96405 0.880191 0
96412 0.000000 0
96420 0.000000 0
96428 0.000000 0
96435 0.000000 0
96442 0.000000 0
96450 0.000000 0
96458 0.155445 0
96465 0.083007 0
96472 0.000000 0
96480 0.000000 0
96488 0.000000 0
96495 0.000000 0
96502 0.000000 0
96510 0.000000 0
96518 0.144346 0
96525 0.119218 0
96532 0.129412 0
96540 0.267801 0
96548 0.000000 0
96555 0.314862 0
96562 0.219751 0
96570 0.000000 0
96578 0.136449 0
96585 0.373881 0
96592 0.000000 0
96600 0.000000 0
96608 0.270919 0
96615 0.138146 0
96622 0.000000 0
96630 0.260954 0
96638 0.861274 0
96645 0.546632 0
96652 0.203542 0
96660 0.000000 0
96668 0.000000 0
96675 0.000000 0
96682 0.000000 0
96690 0.000000 0
96698 0.000000 0
96705 0.000000 0
96712 0.000000 0
96720 0.000000 0
96728 0.000000 0
96735 0.000000 0
96742 0.000000 0
96750 0.000000 0
96758 0.000000 0
96765 0.000000 0
96772 0.248215 0
96780 0.000000 0
96788 0.000000 0
96795 0.000000 0
96802 0.091365 0
96810 0.000000 0
96818 0.000000 0
96825 0.202275 0
96832 0.150188 0
96840 0.000000 0
96848 0.000000 0
96855 0.243200 0
96862 0.000000 0
96870 0.768836 0
96878 0.908002 0
96885 0.000000 0
96892 0.000000 0
96900 0.000000 0
96908 0.000000 0
96915 0.000000 0
96922 0.000000 0
96930 0.000000 0
96938 0.178775 0
96945 0.000000 0
96952 0.000000 0
96960 0.091847 0
96968 0.179923 0
96975 0.000000 0
96982 0.000000 0
96990 0.283511 0
96998 0.000000 0
97005 0.000000 0
97012 0.161446 0
97020 0.466675 0
97028 0.000000 0
97035 0.000000 0
97042 0.321799 0
97050 0.224771 0
97058 0.000000 0
97065 0.000000 0
97072 0.103440 0
97080 0.160221 0
97088 0.000000 0
97095 0.042902 0
97102 0.453101 0
97110 0.888984 0
97118 0.557771 0
97125 0.179716 0
97132 0.000000 0
97140 0.000000 0
97148 0.000000 0
97155 0.000000 0
97162 0.000000 0
97170 0.000000 0
97178 0.000000 0
97185 0.000000 0
97192 0.000000 0
97200 0.000000 0
97208 0.000000 0
97215 0.218444 0
97222 0.000000 0
97230 0.000000 0
97238 0.000000 0
97245 0.000000 0
97252 0.000000 0
97260 0.000000 0
97268 0.000000 0
97275 0.000000 0
97282 0.000000 0
97290 0.000000 0
97298 0.000000 0
97305 0.000000 0
97312 0.240137 0
97320 0.167872 0
97328 0.000000 0
97335 0.000000 0
97342 0.000000 0
97350 0.000000 0
97358 0.275171 0
97365 0.266814 0
97372 0.000000 0
97380 0.327781 0
97388 0.558205 0
97395 0.000000 0
97402 0.000000 0
97410 0.183959 0
97418 0.306065 0
97425 0.000000 0
97432 0.000000 0
97440 0.316928 0
97448 0.275159 0
97455 0.000000 0
97462 0.000000 0
97470 0.364742 0
97478 0.000000 0
97485 0.000000 0
97492 0.314083 0
97500 0.000000 0
97508 0.000000 0
97515 0.000000 0
97522 0.392236 0
97530 0.000000 0
97538 0.000000 0
97545 0.068422 0
97552 0.242191 0
97560 0.000000 0
97568 0.000000 0
97575 0.269741 0
97582 0.143964 0
97590 0.000000 0
97598 0.250737 0
97605 0.278783 0
97612 0.000000 0
97620 0.000000 0
97628 0.181635 0
97635 0.000000 0
97642 0.000000 0
97650 0.275806 0
97658 0.168214 0
97665 0.000000 0
97672 0.000000 0
97680 0.276922 0
97688 0.087875 0
97695 0.000000 0
97702 0.000000 0
97710 0.000000 0
97718 0.101840 0
97725 0.000000 0
97732 0.000000 0
97740 0.000000 0
97748 0.000000 0
97755 0.128502 0
97762 0.000000 0
97770 0.076420 0
97778 0.000000 0
97785 0.000000 0
97792 0.227861 0
97800 0.000000 0
97808 0.000000 0
97815 0.081593 0
97822 0.202584 0
97830 0.000000 0
97838 0.000000 0
97845 0.209855 0
97852 0.000000 0
97860 0.000000 0
97868 0.371888 0
97875 0.000000 0
97882 0.000000 0
97890 0.283349 0
97898 0.000000 0
97905 0.000000 0
97912 0.362745 0
97920 0.000000 0
97928 0.000000 0
97935 0.208813 0
97942 0.000000 0
97950 0.000000 0
97958 0.312514 0
97965 0.000000 0
97972 0.000000 0
97980 0.273707 0
97988 0.102119 0
97995 0.000000 0
98002 0.174210 0
98010 0.010734 0
98018 0.000000 0
98025 0.000000 0
98032 0.000000 0
98040 0.000000 0
98048 0.187777 0
98055 0.235750 0
98062 0.182254 0
98070 0.234464 0
98078 0.000000 0
98085 0.000000 0
98092 0.000000 0
98100 0.000000 0
98108 0.130935 0
98115 0.181111 0
98122 0.000000 0
98130 0.000000 0
98138 0.000000 0
98145 0.109853 0
98152 0.000000 0
98160 0.194689 0
98168 0.185275 0
98175 0.000000 0
98182 0.222595 0
98190 0.142392 0
98198 0.000000 0
98205 0.000000 0
98212 0.000000 0
98220 0.000000 0
98228 0.000000 0
98235 0.000000 0
98242 0.024668 0
98250 0.000000 0
98258 0.000000 0
98265 0.000000 0
98272 0.000000 0
98280 0.238403 0
98288 0.510132 0
98295 0.671129 0
98302 0.000000 0
98310 0.000000 0
98318 0.000000 0
98325 0.000000 0
98332 0.075359 0
98340 0.235591 0
98348 0.118413 0
98355 0.106147 0
98362 0.168614 0
98370 0.032352 0
98378 0.220587 0
98385 0.112209 0
98392 0.000000 0
98400 0.000000 0
98408 0.000000 0
98415 0.103975 0
98422 0.241046 0
98430 0.325568 0
98438 0.000000 0
98445 0.000000 0
98452 0.000000 0
98460 0.240752 0
98468 0.061047 0
98475 0.000000 0
98482 0.101857 0
98490 0.000000 0
98498 0.136839 0
98505 0.084119 0
98512 0.000000 0
98520 0.000000 0
98528 0.552896 0
98535 0.490215 0
98542 0.000000 0
98550 0.000000 0
98558 0.000000 0
98565 0.000000 0
98572 0.000000 0
98580 0.000000 0
98588 0.000000 0
98595 0.000000 0
98602 0.105170 0
98610 0.000000 0
98618 0.000000 0
98625 0.000000 0
98632 0.146647 0
98640 0.000000 0
98648 0.000000 0
98655 0.248769 0
98662 0.081575 0
98670 0.103242 0
98678 0.000000 0
98685 0.000000 0
98692 0.000000 0
98700 0.000000 0
98708 0.000000 0
98715 0.000000 0
98722 0.000000 0
98730 0.000000 0
98738 0.104764 0
98745 0.000000 0
98752 0.000000 0
98760 0.298497 0
98768 0.783737 0
98775 0.000000 0
98782 0.000000 0
98790 0.000000 0
98798 0.000000 0
98805 0.000000 0
98812 0.148143 0
98820 0.118071 0
98828 0.213332 0
98835 0.039003 0
98842 0.206443 0
98850 0.000000 0
98858 0.237458 0
98865 0.119485 0
98872 0.000000 0
98880 0.114305 0
98888 0.233126 0
98895 0.292455 0
98902 0.326176 0
98910 0.232257 0
98918 0.172497 0
98925 0.000000 0
98932 0.000000 0
98940 0.000000 0
98948 0.000000 0
98955 0.000000 0
98962 0.065520 0
98970 0.000000 0
98978 0.000000 0
98985 0.000000 0
98992 0.190687 0
99000 0.555643 0
99008 0.562108 0
99015 0.310967 0
99022 0.000000 0
99030 0.000000 0
99038 0.000000 0
99045 0.000000 0
99052 0.000000 0
99060 0.000000 0
99068 0.000000 0
99075 0.000000 0
99082 0.000000 0
99090 0.000000 0
99098 0.000000 0
99105 0.000000 0
99112 0.000000 0
99120 0.000000 0
99128 0.000000 0
99135 0.000000 0
99142 0.000000 0
99150 0.000000 0
99158 0.000000 0
99165 0.000000 0
99172 0.000000 0
99180 0.000000 0
99188 0.129561 0
99195 0.000000 0
99202 0.131411 0
99210 0.152827 0
99218 0.000000 0
99225 0.000000 0
99232 0.221284 0
99240 0.579123 0
99248 0.000000 0
99255 0.000000 0
99262 0.000000 0
99270 0.000000 0
99278 0.235582 0
99285 0.305003 0
99292 0.000000 0
99300 0.000000 0
99308 0.108489 0
99315 0.118515 0
99322 0.291613 0
99330 0.191109 0
99338 0.000000 0
99345 0.000000 0
99352 0.000000 0
99360 0.248069 0
99368 0.214864 0
99375 0.173743 0
99382 0.121551 0
99390 0.157019 0
99398 0.094153 0
99405 0.255666 0
99412 0.000000 0
99420 0.149484 0
99428 0.209273 0
99435 0.000000 0
99442 0.000000 0
99450 0.148700 0
99458 0.000000 0
99465 0.188476 0
99472 0.552171 0
99480 0.464451 0
99488 0.261077 0
99495 0.000000 0
99502 0.000000 0
99510 0.000000 0
99518 0.055340 0
99525 0.000000 0
99532 0.000000 0
99540 0.000000 0
99548 0.000000 0
99555 0.000000 0
99562 0.000000 0
99570 0.098673 0
99578 0.047192 0
99585 0.000000 0
99592 0.248531 0
99600 0.000000 0
99608 0.000000 0
99615 0.195235 0
99622 0.000000 0
99630 0.000000 0
99638 0.097132 0
99645 0.000000 0
99652 0.187012 0
99660 0.000000 0
99668 0.000000 0
99675 0.163607 0
99682 0.000000 0
99690 0.000000 0
99698 0.000000 0
99705 0.451098 0
99712 0.851994 0
99720 0.000000 0
99728 0.000000 0
99735 0.000000 0
99742 0.000000 0
99750 0.059667 0
99758 0.315537 0
99765 0.000000 0
99772 0.149895 0
99780 0.176688 0
99788 0.219241 0
99795 0.223426 0
99802 0.000000 0
99810 0.000000 0
99818 0.178730 0
99825 0.095144 0
99832 0.179020 0
99840 0.149206 0
99848 0.278776 0
99855 0.295852 0
99862 0.135847 0
99870 0.000000 0
99878 0.224314 0
99885 0.241565 0
99892 0.133691 0
99900 0.212268 0
99908 0.000000 0
99915 0.000000 0
99922 0.261774 0
99930 0.000000 0
99938 0.198444 0
99945 0.561403 0
99952 0.443785 0
99960 0.146674 0
99968 0.000000 0
99975 0.000000 0
99982 0.000000 0
99990 0.000000 0
99998 0.000000 0
100005 0.000000 0
100012 0.000000 0
100020 0.000000 0
100028 0.000000 0
100035 0.000000 0
100042 0.000000 0
100050 0.000000 0
100058 0.000000 0
100065 0.000000 0
100072 0.000000 0
100080 0.000000 0
100088 0.073979 0
100095 0.000000 0
100102 0.000000 0
100110 0.000000 0
100118 0.000000 0
100125 0.000000 0
100132 0.139036 0
100140 0.000000 0
100148 0.000000 0
100155 0.078006 0
100162 0.000000 0
100170 0.000000 0
100178 0.354419 0
100185 0.674688 0
100192 0.000000 0
100200 0.000000 0
100208 0.000000 0
100215 0.000000 0
100222 0.000000 0
100230 0.236820 0
100238 0.202354 0
100245 0.000000 0
100252 0.000000 0
100260 0.219157 0
100268 0.125615 0
100275 0.028690 0
100282 0.000000 0
100290 0.155836 0
100298 0.235635 0
100305 0.211058 0
100312 0.274921 0
100320 0.292674 0
100328 0.000000 0
100335 0.000000 0
100342 0.064928 0
100350 0.249192 0
100358 0.183235 0
100365 0.000000 0
100372 0.139365 0
100380 0.201073 0
100388 0.000000 0
100395 0.167568 0
100402 0.000000 0
100410 0.070952 0
100418 0.574682 0
100425 0.473328 0
100432 0.000000 0
100440 0.000000 0
100448 0.000000 0
100455 0.000000 0
100462 0.000000 0
100470 0.000000 0
100478 0.000000 0
100485 0.000000 0
100492 0.000000 0
100500 0.000000 0
100508 0.000000 0
100515 0.000000 0
100522 0.000000 0
100530 0.000000 0
100538 0.000000 0
100545 0.000000 0
100552 0.000000 0
100560 0.075572 0
100568 0.000000 0
100575 0.166781 0
100582 0.133853 0
100590 0.000000 0
100598 0.185419 0
100605 0.000000 0
100612 0.000000 0
100620 0.000000 0
100628 0.000000 0
100635 0.000000 0
100642 0.000000 0
100650 0.352835 0
100658 0.778808 0
100665 0.000000 0
100672 0.000000 0
100680 0.000000 0
100688 0.000000 0
100695 0.254369 0
100702 0.000000 0
100710 0.000000 0
100718 0.109152 0
100725 0.037998 0
100732 0.165696 0
100740 0.261276 0
100748 0.000000 0
100755 0.000000 0
100762 0.000000 0
100770 0.000000 0
100778 0.173839 0
100785 0.273691 0
100792 0.230157 0
100800 0.164337 0
100808 0.000000 0
100815 0.086570 0
100822 0.232716 0
100830 0.209175 0
100838 0.121444 0
100845 0.000000 0
100852 0.000000 0
100860 0.176435 0
100868 0.000000 0
100875 0.000000 0
100882 0.246441 0
100890 0.533674 0
100898 0.565806 0
100905 0.264183 0
100912 0.000000 0
100920 0.000000 0
100928 0.099829 0
100935 0.000000 0
100942 0.000000 0
100950 0.000000 0
100958 0.000000 0
100965 0.000000 0
100972 0.074382 0
100980 0.000000 0
100988 0.000000 0
100995 0.000000 0
101002 0.189971 0
101010 0.000000 0
101018 0.000000 0
101025 0.000000 0
101032 0.178017 0
101040 0.110316 0
101048 0.000000 0
101055 0.000000 0
101062 0.000000 0
101070 0.000000 0
101078 0.000000 0
101085 0.000000 0
101092 0.000000 0
101100 0.121399 0
101108 0.000000 0
101115 0.000000 0
101122 0.364620 0
101130 0.726579 0
101138 0.000000 0
101145 0.000000 0
101152 0.000000 0
101160 0.000000 0
101168 0.000000 0
101175 0.143046 0
101182 0.157843 0
101190 0.187893 0
101198 0.000000 0
101205 0.230835 0
101212 0.000000 0
101220 0.202154 0
101228 0.000000 0
101235 0.129740 0
101242 0.259533 0
101250 0.265089 0
101258 0.000000 0
101265 0.151276 0
101272 0.315433 0
101280 0.000000 0
101288 0.076684 0
101295 0.183505 0
101302 0.308227 0
101310 0.000000 0
101318 0.000000 0
101325 0.077826 0
101332 0.000000 0
101340 0.130816 0
101348 0.000000 0
101355 0.252207 0
101362 0.503829 0
101370 0.446643 0
101378 0.186194 0
101385 0.000000 0
101392 0.000000 0
101400 0.000000 0
101408 0.000000 0
101415 0.000000 0
101422 0.000000 0
101430 0.000000 0
101438 0.000000 0
101445 0.000000 0
101452 0.000000 0
101460 0.000000 0
101468 0.072186 0
101475 0.176908 0
101482 0.000000 0
101490 0.186685 0
101498 0.235748 0
101505 0.171380 0
101512 0.000000 0
101520 0.000000 0
101528 0.000000 0
101535 0.000000 0
101542 0.000000 0
101550 0.000000 0
101558 0.000000 0
101565 0.000000 0
101572 0.000000 0
101580 0.000000 0
101588 0.000000 0
101595 0.314851 0
101602 0.791060 0
101610 0.000000 0
101618 0.000000 0
101625 0.000000 0
101632 0.000000 0
101640 0.268102 0
101648 0.286410 0
101655 0.000000 0
101662 0.000000 0
101670 0.159057 0
101678 0.268366 0
101685 0.205121 0
101692 0.000000 0
101700 0.067472 0
101708 0.000000 0
101715 0.239912 0
101722 0.208118 0
101730 0.063833 0
101738 0.274269 0
101745 0.249576 0
101752 0.221667 0
101760 0.208678 0
101768 0.204105 0
101775 0.049747 0
101782 0.000000 0
101790 0.150442 0
101798 0.000000 0
101805 0.000000 0
101812 0.000000 0
101820 0.000000 0
101828 0.000000 0
101835 0.653979 0
101842 0.495317 0
101850 0.000000 0
101858 0.000000 0
101865 0.000000 0
101872 0.000000 0
101880 0.000000 0
101888 0.000000 0
101895 0.000000 0
101902 0.000000 0
101910 0.000000 0
101918 0.000000 0
101925 0.184386 0
101932 0.000000 0
101940 0.000000 0
101948 0.000000 0
101955 0.000000 0
101962 0.000000 0
101970 0.000000 0
101978 0.180279 0
101985 0.000000 0
101992 0.077523 0
102000 0.000000 0
102008 0.000000 0
102015 0.156373 0
102022 0.000000 0
102030 0.000000 0
102038 0.000000 0
102045 0.000000 0
102052 0.000000 0
102060 0.000000 0
102068 0.081612 0
102075 0.409160 0
102082 0.000000 0
102090 0.000000 0
102098 0.000000 0
102105 0.000000 0
102112 0.225960 0
102120 0.268941 0
102128 0.048252 0
102135 0.000000 0
102142 0.129348 0
102150 0.000000 0
102158 0.194777 0
102165 0.000000 0
102172 0.209592 0
102180 0.000000 0
102188 0.000000 0
102195 0.223696 0
102202 0.232978 0
102210 0.241576 0
102218 0.183951 0
102225 0.096821 0
102232 0.000000 0
102240 0.169168 0
102248 0.000000 0
102255 0.000000 0
102262 0.268985 0
102270 0.000000 0
102278 0.000000 0
102285 0.000000 0
102292 0.172609 0
102300 0.160911 0
102308 0.515102 0
102315 0.449566 0
102322 0.056566 0
102330 0.000000 0
102338 0.000000 0
102345 0.000000 0
102352 0.000000 0
102360 0.000000 0
102368 0.000000 0
102375 0.000000 0
102382 0.000000 0
102390 0.000000 0
102398 0.000000 0
102405 0.000000 0
102412 0.000000 0
102420 0.000000 0
102428 0.234570 0
102435 0.183012 0
102442 0.250082 0
102450 0.134601 0
102458 0.000000 0
102465 0.084369 0
102472 0.000000 0
102480 0.000000 0
102488 0.000000 0
102495 0.000000 0
102502 0.255789 0
102510 0.000000 0
102518 0.000000 0
102525 0.000000 0
102532 0.000000 0
102540 0.277283 0
102548 0.725718 0
102555 0.000000 0
102562 0.000000 0
102570 0.000000 0
102578 0.000000 0
102585 0.298848 0
102592 0.193281 0
102600 0.097425 0
102608 0.212307 0
102615 0.184488 0
102622 0.000000 0
102630 0.245151 0
102638 0.128901 0
102645 0.000000 0
102652 0.000000 0
102660 0.254148 0
102668 0.122455 0
102675 0.258550 0
102682 0.258217 0
102690 0.298401 0
102698 0.258377 0
102705 0.000000 0
102712 0.108282 0
102720 0.000000 0
102728 0.000000 0
102735 0.176622 0
102742 0.000000 0
102750 0.000000 0
102758 0.000000 0
102765 0.000000 0
102772 0.160551 0
102780 0.492482 0
102788 0.527958 0
102795 0.118999 0
102802 0.000000 0
102810 0.000000 0
102818 0.000000 0
102825 0.000000 0
102832 0.000000 0
102840 0.000000 0
102848 0.000000 0
102855 0.000000 0
102862 0.000000 0
102870 0.000000 0
102878 0.000000 0
102885 0.000000 0
102892 0.000000 0
102900 0.000000 0
102908 0.000000 0
102915 0.000000 0
102922 0.000000 0
102930 0.051406 0
102938 0.000000 0
102945 0.144010 0
102952 0.000000 0
102960 0.000000 0
102968 0.195215 0
102975 0.000000 0
102982 0.000000 0
102990 0.000000 0
102998 0.000000 0
103005 0.000000 0
103012 0.300802 0
103020 0.662459 0
103028 0.000000 0
103035 0.000000 0
103042 0.000000 0
103050 0.000000 0
103058 0.176238 0
103065 0.379305 0
103072 0.000000 0
103080 0.000000 0
103088 0.051673 0
103095 0.000000 0
103102 0.291388 0
103110 0.139770 0
103118 0.000000 0
103125 0.184859 0
103132 0.000000 0
103140 0.148306 0
103148 0.298173 0
103155 0.183172 0
103162 0.231429 0
103170 0.162845 0
103178 0.000000 0
103185 0.207850 0
103192 0.137483 0
103200 0.000000 0
103208 0.191635 0
103215 0.000000 0
103222 0.171204 0
103230 0.179795 0
103238 0.000000 0
103245 0.229742 0
103252 0.500082 0
103260 0.481679 0
103268 0.269455 0
103275 0.000000 0
103282 0.000000 0
103290 0.000000 0
103298 0.000000 0
103305 0.000000 0
103312 0.000000 0
103320 0.000000 0
103328 0.000000 0
103335 0.000000 0
103342 0.000000 0
103350 0.000000 0
103358 0.000000 0
103365 0.000000 0
103372 0.000000 0
103380 0.000000 0
103388 0.000000 0
103395 0.000000 0
103402 0.153672 0
103410 0.000000 0
103418 0.000000 0
103425 0.000000 0
103432 0.123431 0
103440 0.047084 0
103448 0.000000 0
103455 0.000000 0
103462 0.000000 0
103470 0.000000 0
103478 0.000000 0
103485 0.485897 0
103492 0.793092 0
103500 0.000000 0
103508 0.000000 0
103515 0.000000 0
103522 0.000000 0
103530 0.210377 0
103538 0.290945 0
103545 0.177211 0
103552 0.000000 0
103560 0.107090 0
103568 0.297878 0
103575 0.136832 0
103582 0.000000 0
103590 0.155539 0
103598 0.000000 0
103605 0.298409 0
103612 0.244660 0
103620 0.152027 0
103628 0.202562 0
103635 0.000000 0
103642 0.000000 0
103650 0.186566 0
103658 0.108771 0
103665 0.263650 0
103672 0.000000 0
103680 0.000000 0
103688 0.225236 0
103695 0.000000 0
103702 0.000000 0
103710 0.108354 0
103718 0.000000 0
103725 0.567745 0
103732 0.503220 0
103740 0.000000 0
103748 0.000000 0
103755 0.000000 0
103762 0.000000 0
103770 0.000000 0
103778 0.000000 0
103785 0.000000 0
103792 0.000000 0
103800 0.000000 0
103808 0.000000 0
103815 0.000000 0
103822 0.000000 0
103830 0.000000 0
103838 0.121960 0
103845 0.274885 0
103852 0.000000 0
103860 0.000000 0
103868 0.000000 0
103875 0.000000 0
103882 0.000000 0
103890 0.000000 0
103898 0.000000 0
103905 0.000000 0
103912 0.000000 0
103920 0.000000 0
103928 0.000000 0
103935 0.166897 0
103942 0.104735 0
103950 0.000000 0
103958 0.308661 0
103965 0.699378 0
103972 0.000000 0
103980 0.000000 0
103988 0.000000 0
103995 0.000000 0
104002 0.000000 0
104010 0.149550 0
104018 0.117413 0
104025 0.229354 0
104032 0.176779 0
104040 0.152702 0
104048 0.000000 0
104055 0.000000 0
104062 0.172892 0
104070 0.000000 0
104078 0.000000 0
104085 0.221863 0
104092 0.261057 0
104100 0.340916 0
104108 0.218211 0
104115 0.030288 0
104122 0.000000 0
104130 0.162194 0
104138 0.195918 0
104145 0.000000 0
104152 0.000000 0
104160 0.000000 0
104168 0.000000 0
104175 0.055824 0
104182 0.000000 0
104190 0.184268 0
104198 0.535151 0
104205 0.481515 0
104212 0.105800 0
104220 0.000000 0
104228 0.000000 0
104235 0.000000 0
104242 0.000000 0
104250 0.000000 0
104258 0.000000 0
104265 0.000000 0
104272 0.000000 0
104280 0.000000 0
104288 0.000000 0
104295 0.000000 0
104302 0.000000 0
104310 0.000000 0
104318 0.214329 0
104325 0.000000 0
104332 0.000000 0
104340 0.069756 0
104348 0.000000 0
104355 0.000000 0
104362 0.177428 0
104370 0.000000 0
104378 0.168330 0
104385 0.000000 0
104392 0.000000 0
104400 0.251505 0
104408 0.000000 0
104415 0.000000 0
104422 0.000000 0
104430 0.379749 0
104438 0.725252 0
104445 0.000000 0
104452 0.000000 0
104460 0.000000 0
104468 0.000000 0
104475 0.078884 0
104482 0.163181 0
104490 0.000000 0
104498 0.175464 0
104505 0.162421 0
104512 0.000000 0
104520 0.230064 0
104528 0.233916 0
104535 0.000000 0
104542 0.139939 0
104550 0.000000 0
104558 0.093872 0
104565 0.305880 0
104572 0.219947 0
104580 0.229019 0
104588 0.263233 0
104595 0.000000 0
104602 0.250487 0
104610 0.158671 0
104618 0.000000 0
104625 0.168903 0
104632 0.000000 0
104640 0.000000 0
104648 0.229930 0
104655 0.000000 0
104662 0.155614 0
104670 0.594154 0
104678 0.519600 0
104685 0.169955 0
104692 0.000000 0
104700 0.000000 0
104708 0.000000 0
104715 0.000000 0
104722 0.000000 0
104730 0.000000 0
104738 0.000000 0
104745 0.099629 0
104752 0.000000 0
104760 0.000000 0
104768 0.000000 0
104775 0.000000 0
104782 0.098480 0
104790 0.000000 0
104798 0.000000 0
104805 0.000000 0
104812 0.049293 0
104820 0.000000 0
104828 0.000000 0
104835 0.000000 0
104842 0.000000 0
104850 0.000000 0
104858 0.134310 0
104865 0.161488 0
104872 0.000000 0
104880 0.196434 0
104888 0.000000 0
104895 0.000000 0
104902 0.235245 0
104910 0.664099 0
104918 0.000000 0
104925 0.000000 0
104932 0.000000 0
104940 0.000000 0
104948 0.286431 0
104955 0.146295 0
104962 0.000000 0
104970 0.000000 0
104978 0.143682 0
104985 0.000000 0
104992 0.000000 0
105000 0.121214 0
105008 0.166808 0
105015 0.108659 0
105022 0.339264 0
105030 0.123014 0
105038 0.092497 0
105045 0.098366 0
105052 0.294683 0
105060 0.182552 0
105068 0.000000 0
105075 0.169010 0
105082 0.000000 0
105090 0.000000 0
105098 0.000000 0
105105 0.061987 0
105112 0.052741 0
105120 0.000000 0
105128 0.179849 0
105135 0.231659 0
105142 0.472936 0
105150 0.426477 0
105158 0.118407 0
105165 0.000000 0
105172 0.000000 0
105180 0.000000 0
105188 0.000000 0
105195 0.000000 0
105202 0.000000 0
105210 0.000000 0
105218 0.000000 0
105225 0.000000 0
105232 0.000000 0
105240 0.063360 0
105248 0.000000 0
105255 0.000000 0
105262 0.000000 0
105270 0.273305 0
105278 0.284687 0
105285 0.081468 0
105292 0.000000 0
105300 0.000000 0
105308 0.000000 0
105315 0.000000 0
105322 0.000000 0
105330 0.000000 0
105338 0.099568 0
105345 0.000000 0
105352 0.000000 0
105360 0.000000 0
105368 0.000000 0
105375 0.481572 0
105382 0.764542 0
105390 0.000000 0
105398 0.000000 0
105405 0.000000 0
105412 0.000000 0
105420 0.188497 0
105428 0.000000 0
105435 0.055964 0
105442 0.149650 0
105450 0.068589 0
105458 0.067300 0
105465 0.089212 0
105472 0.208211 0
105480 0.147765 0
105488 0.208714 0
105495 0.288027 0
105502 0.217878 0
105510 0.000000 0
105518 0.185714 0
105525 0.238777 0
105532 0.257668 0
105540 0.258477 0
105548 0.160327 0
105555 0.000000 0
105562 0.000000 0
105570 0.000000 0
105578 0.000000 0
105585 0.000000 0
105592 0.000000 0
105600 0.000000 0
105608 0.268452 0
105615 0.602993 0
105622 0.416908 0
105630 0.000000 0
105638 0.000000 0
105645 0.000000 0
105652 0.000000 0
105660 0.000000 0
105668 0.000000 0
105675 0.000000 0
105682 0.000000 0
105690 0.000000 0
105698 0.139335 0
105705 0.000000 0
105712 0.075332 0
105720 0.000000 0
105728 0.000000 0
105735 0.000000 0
105742 0.000000 0
105750 0.161023 0
105758 0.199091 0
105765 0.000000 0
105772 0.000000 0
105780 0.000000 0
105788 0.187962 0
105795 0.000000 0
105802 0.000000 0
105810 0.246906 0
105818 0.000000 0
105825 0.204011 0
105832 0.048476 0
105840 0.101425 0
105848 0.118642 0
105855 0.438445 0
105862 0.000000 0
105870 0.000000 0
105878 0.000000 0
105885 0.000000 0
105892 0.195424 0
105900 0.218778 0
105908 0.000000 0
105915 0.180855 0
105922 0.000000 0
105930 0.119043 0
105938 0.186974 0
105945 0.198462 0
105952 0.081214 0
105960 0.000000 0
105968 0.000000 0
105975 0.282267 0
105982 0.192415 0
105990 0.075891 0
105998 0.046998 0
106005 0.153430 0
106012 0.307284 0
106020 0.114139 0
106028 0.000000 0
106035 0.040539 0
106042 0.000000 0
106050 0.000000 0
106058 0.000000 0
106065 0.000000 0
106072 0.000000 0
106080 0.133599 0
106088 0.498548 0
106095 0.417719 0
106102 0.160903 0
106110 0.000000 0
106118 0.000000 0
106125 0.000000 0
106132 0.000000 0
106140 0.000000 0
106148 0.000000 0
106155 0.000000 0
106162 0.000000 0
106170 0.000000 0
106178 0.000000 0
106185 0.000000 0
106192 0.000000 0
106200 0.000000 0
106208 0.264824 0
106215 0.238104 0
106222 0.000000 0
106230 0.000000 0
106238 0.000000 0
106245 0.000000 0
106252 0.000000 0
106260 0.000000 0
106268 0.000000 0
106275 0.000000 0
106282 0.000000 0
106290 0.000000 0
106298 0.161806 0
106305 0.000000 0
106312 0.000000 0
106320 0.392408 0
106328 0.709259 0
106335 0.000000 0
106342 0.000000 0
106350 0.000000 0
106358 0.000000 0
106365 0.218067 0
106372 0.000000 0
106380 0.193172 0
106388 0.000000 0
106395 0.112354 0
106402 0.232951 0
106410 0.300295 0
106418 0.156393 0
106425 0.000000 0
106432 0.000000 0
106440 0.120355 0
106448 0.267203 0
106455 0.265758 0
106462 0.251237 0
106470 0.209008 0
106478 0.195283 0
106485 0.000000 0
106492 0.000000 0
106500 0.130726 0
106508 0.074966 0
106515 0.000000 0
106522 0.000000 0
106530 0.116715 0
106538 0.000000 0
106545 0.158936 0
106552 0.367522 0
106560 0.541365 0
106568 0.364725 0
106575 0.162912 0
106582 0.000000 0
106590 0.000000 0
106598 0.000000 0
106605 0.000000 0
106612 0.000000 0
106620 0.000000 0
106628 0.000000 0
106635 0.000000 0
106642 0.000000 0
106650 0.000000 0
106658 0.071883 0
106665 0.000000 0
106672 0.000000 0
106680 0.000000 0
106688 0.209597 0
106695 0.000000 0
106702 0.000000 0
106710 0.000000 0
106718 0.000000 0
106725 0.000000 0
106732 0.000000 0
106740 0.245796 0
106748 0.000000 0
106755 0.000000 0
106762 0.000000 0
106770 0.000000 0
106778 0.074025 0
106785 0.000000 0
106792 0.112035 0
106800 0.548800 0
106808 0.000000 0
106815 0.000000 0
106822 0.000000 0
106830 0.000000 0
106838 0.122177 0
106845 0.051906 0
106852 0.000000 0
106860 0.210187 0
106868 0.176374 0
106875 0.312724 0
106882 0.201060 0
106890 0.108203 0
106898 0.000000 0
106905 0.000000 0
106912 0.299075 0
106920 0.296352 0
106928 0.182584 0
106935 0.158913 0
106942 0.212214 0
106950 0.000000 0
106958 0.000000 0
106965 0.148802 0
106972 0.104923 0
106980 0.142597 0
106988 0.130726 0
106995 0.151037 0
107002 0.000000 0
107010 0.079098 0
107018 0.000000 0
107025 0.235774 0
107032 0.541108 0
107040 0.386516 0
107048 0.089929 0
107055 0.000000 0
107062 0.000000 0
107070 0.000000 0
107078 0.000000 0
107085 0.000000 0
107092 0.000000 0
107100 0.000000 0
107108 0.000000 0
107115 0.000000 0
107122 0.000000 0
107130 0.110099 0
107138 0.000000 0
107145 0.000000 0
107152 0.000000 0
107160 0.046287 0
107168 0.000000 0
107175 0.000000 0
107182 0.000000 0
107190 0.000000 0
107198 0.141804 0
107205 0.000000 0
107212 0.000000 0
107220 0.125999 0
107228 0.000000 0
107235 0.141062 0
107242 0.000000 0
107250 0.000000 0
107258 0.000000 0
107265 0.502884 0
107272 0.772836 0
107280 0.000000 0
107288 0.000000 0
107295 0.000000 0
107302 0.000000 0
107310 0.338227 0
107318 0.264903 0
107325 0.000000 0
107332 0.104971 0
107340 0.000000 0
107348 0.000000 0
107355 0.150445 0
107362 0.253682 0
107370 0.000000 0
107378 0.000000 0
107385 0.226141 0
107392 0.295590 0
107400 0.000000 0
107408 0.152568 0
107415 0.140903 0
107422 0.127856 0
107430 0.276107 0
107438 0.000000 0
107445 0.000000 0
107452 0.000000 0
107460 0.000000 0
107468 0.000000 0
107475 0.230380 0
107482 0.000000 0
107490 0.000000 0
107498 0.310146 0
107505 0.506662 0
107512 0.407872 0
107520 0.134462 0
107528 0.000000 0
107535 0.000000 0
107542 0.000000 0
107550 0.000000 0
107558 0.000000 0
107565 0.000000 0
107572 0.000000 0
107580 0.000000 0
107588 0.000000 0
107595 0.000000 0
107602 0.000000 0
107610 0.000000 0
107618 0.000000 0
107625 0.095718 0
107632 0.000000 0
107640 0.000000 0
107648 0.000000 0
107655 0.000000 0
107662 0.000000 0
107670 0.071417 0
107678 0.000000 0
107685 0.101481 0
107692 0.000000 0
107700 0.000000 0
107708 0.297644 0
107715 0.000000 0
107722 0.000000 0
107730 0.170851 0
107738 0.366317 0
107745 0.652306 0
107752 0.000000 0
107760 0.000000 0
107768 0.000000 0
107775 0.000000 0
107782 0.144441 0
107790 0.162013 0
107798 0.000000 0
107805 0.096029 0
107812 0.157714 0
107820 0.000000 0
107828 0.334459 0
107835 0.000000 0
107842 0.000000 0
107850 0.000000 0
107858 0.000000 0
107865 0.305172 0
107872 0.301911 0
107880 0.000000 0
107888 0.263137 0
107895 0.199785 0
107902 0.000000 0
107910 0.257375 0
107918 0.000000 0
107925 0.000000 0
107932 0.133844 0
107940 0.000000 0
107948 0.203648 0
107955 0.067638 0
107962 0.000000 0
107970 0.251054 0
107978 0.592944 0
107985 0.439288 0
107992 0.177745 0
108000 0.000000 0
108008 0.000000 0
108015 0.060412 0
108022 0.000000 0
108030 0.000000 0
108038 0.000000 0
108045 0.000000 0
108052 0.111377 0
108060 0.000000 0
108068 0.000000 0
108075 0.000000 0
108082 0.000000 0
108090 0.000000 0
108098 0.193482 0
108105 0.000000 0
108112 0.000000 0
108120 0.000000 0
108128 0.000000 0
108135 0.000000 0
108142 0.000000 0
108150 0.104892 0
108158 0.117794 0
108165 0.000000 0
108172 0.139053 0
108180 0.000000 0
108188 0.000000 0
108195 0.000000 0
108202 0.000000 0
108210 0.349291 0
108218 0.703796 0
108225 0.000000 0
108232 0.000000 0
108240 0.000000 0
108248 0.000000 0
108255 0.152889 0
108262 0.000000 0
108270 0.135449 0
108278 0.180180 0
108285 0.268016 0
108292 0.169737 0
108300 0.000000 0
108308 0.000000 0
108315 0.000000 0
108322 0.000000 0
108330 0.000000 0
108338 0.271368 0
108345 0.245747 0
108352 0.245539 0
108360 0.185588 0
108368 0.213458 0
108375 0.180354 0
108382 0.000000 0
108390 0.206599 0
108398 0.126777 0
108405 0.000000 0
108412 0.084061 0
108420 0.032907 0
108428 0.261908 0
108435 0.123149 0
108442 0.000000 0
108450 0.551550 0
108458 0.526466 0
108465 0.099398 0
108472 0.000000 0
108480 0.000000 0
108488 0.000000 0
108495 0.000000 0
108502 0.000000 0
108510 0.000000 0
108518 0.000000 0
108525 0.000000 0
108532 0.000000 0
108540 0.000000 0
108548 0.000000 0
108555 0.000000 0
108562 0.000000 0
108570 0.000000 0
108578 0.000000 0
108585 0.000000 0
108592 0.000000 0
108600 0.175233 0
108608 0.000000 0
108615 0.094809 0
108622 0.000000 0
108630 0.000000 0
108638 0.000000 0
108645 0.000000 0
108652 0.000000 0
108660 0.271052 0
108668 0.000000 0
108675 0.000000 0
108682 0.293020 0
108690 0.667485 0
108698 0.000000 0
108705 0.000000 0
108712 0.000000 0
108720 0.000000 0
108728 0.254966 0
108735 0.176418 0
108742 0.125463 0
108750 0.217202 0
108758 0.156272 0
108765 0.162438 0
108772 0.170025 0
108780 0.106982 0
108788 0.000000 0
108795 0.000000 0
108802 0.213069 0
108810 0.303661 0
108818 0.254954 0
108825 0.167488 0
108832 0.100018 0
108840 0.163866 0
108848 0.241139 0
108855 0.000000 0
108862 0.031786 0
108870 0.000000 0
108878 0.137298 0
108885 0.000000 0
108892 0.000000 0
108900 0.000000 0
108908 0.000000 0
108915 0.000000 0
108922 0.540666 0
108930 0.371905 0
108938 0.000000 0
108945 0.000000 0
108952 0.000000 0
108960 0.000000 0
108968 0.000000 0
108975 0.000000 0
108982 0.000000 0
108990 0.000000 0
108998 0.000000 0
109005 0.000000 0
109012 0.000000 0
109020 0.000000 0
109028 0.000000 0
109035 0.148134 0
109042 0.327693 0
109050 0.100611 0
109058 0.000000 0
109065 0.000000 0
109072 0.005414 0
109080 0.000000 0
109088 0.000000 0
109095 0.000000 0
109102 0.000000 0
109110 0.080351 0
109118 0.000000 0
109125 0.000000 0
109132 0.000000 0
109140 0.000000 0
109148 0.000000 0
109155 0.467459 0
109162 0.743372 0
109170 0.000000 0
109178 0.000000 0
109185 0.000000 0
109192 0.000000 0
109200 0.218260 0
109208 0.213950 0
109215 0.116616 0
109222 0.069914 0
109230 0.317728 0
109238 0.000000 0
109245 0.000000 0
109252 0.290071 0
109260 0.168543 0
109268 0.000000 0
109275 0.269728 0
109282 0.288970 0
109290 0.299468 0
109298 0.048861 0
109305 0.000000 0
109312 0.144103 0
109320 0.200261 0
109328 0.070973 0
109335 0.000000 0
109342 0.000000 0
109350 0.000000 0
109358 0.000000 0
109365 0.000000 0
109372 0.000000 0
109380 0.000000 0
109388 0.242552 0
109395 0.689326 0
109402 0.483272 0
109410 0.000000 0
109418 0.000000 0
109425 0.000000 0
109432 0.000000 0
109440 0.000000 0
109448 0.000000 0
109455 0.000000 0
109462 0.000000 0
109470 0.000000 0
109478 0.000000 0
109485 0.000000 0
109492 0.000000 0
109500 0.000000 0
109508 0.000000 0
109515 0.180948 0
109522 0.163663 0
109530 0.000000 0
109538 0.000000 0
109545 0.000000 0
109552 0.000000 0
109560 0.041850 0
109568 0.000000 0
109575 0.222394 0
109582 0.000000 0
109590 0.000000 0
109598 0.000000 0
109605 0.000000 0
109612 0.158496 0
109620 0.000000 0
109628 0.000000 0
109635 0.415414 0
109642 0.000000 0
109650 0.000000 0
109658 0.000000 0
109665 0.000000 0
109672 0.214658 0
109680 0.307935 0
109688 0.112805 0
109695 0.000000 0
109702 0.172026 0
109710 0.000000 0
109718 0.000000 0
109725 0.168808 0
109732 0.245197 0
109740 0.000000 0
109748 0.174090 0
109755 0.200006 0
109762 0.120639 0
109770 0.282998 0
109778 0.274979 0
109785 0.152127 0
109792 0.000000 0
109800 0.000000 0
109808 0.000000 0
109815 0.051872 0
109822 0.000000 0
109830 0.000000 0
109838 0.000000 0
109845 0.000000 0
109852 0.151292 0
109860 0.332112 0
109868 0.489753 0
109875 0.471855 0
109882 0.000000 0
109890 0.000000 0
109898 0.000000 0
109905 0.000000 0
109912 0.000000 0
109920 0.030332 0
109928 0.000000 0
109935 0.000000 0
109942 0.000000 0
109950 0.000000 0
109958 0.000000 0
109965 0.029205 0
109972 0.000000 0
109980 0.000000 0
109988 0.091168 0
109995 0.228417 0
110002 0.000000 0
110010 0.207753 0
110018 0.000000 0
110025 0.060731 0
110032 0.000000 0
110040 0.000000 0
110048 0.000000 0
110055 0.000000 0
110062 0.116934 0
110070 0.000000 0
110078 0.100636 0
110085 0.000000 0
110092 0.000000 0
110100 0.405357 0
110108 0.680586 0
110115 0.000000 0
110122 0.000000 0
110130 0.000000 0
110138 0.000000 0
110145 0.245611 0
110152 0.219479 0
110160 0.057152 0
110168 0.077140 0
110175 0.212413 0
110182 0.000000 0
110190 0.000000 0
110198 0.148189 0
110205 0.000000 0
110212 0.139990 0
110220 0.000000 0
110228 0.082298 0
110235 0.263490 0
110242 0.329666 0
110250 0.189618 0
110258 0.278028 0
110265 0.000000 0
110272 0.000000 0
110280 0.000000 0
110288 0.142061 0
110295 0.000000 0
110302 0.000000 0
110310 0.000000 0
110318 0.000000 0
110325 0.086774 0
110332 0.294010 0
110340 0.472741 0
110348 0.424875 0
110355 0.184087 0
110362 0.000000 0
110370 0.000000 0
110378 0.000000 0
110385 0.000000 0
110392 0.000000 0
110400 0.000000 0
110408 0.000000 0
110415 0.000000 0
110422 0.137345 0
110430 0.000000 0
110438 0.000000 0
110445 0.000000 0
110452 0.223675 0
110460 0.000000 0
110468 0.000000 0
110475 0.000000 0
110482 0.000000 0
110490 0.000000 0
110498 0.000000 0
110505 0.000000 0
110512 0.000000 0
110520 0.000000 0
110528 0.000000 0
110535 0.000000 0
110542 0.061622 0
110550 0.000000 0
110558 0.000000 0
110565 0.000000 0
110572 0.365580 0
110580 0.625354 0
110588 0.000000 0
110595 0.000000 0
110602 0.000000 0
110610 0.000000 0
110618 0.200762 0
110625 0.087955 0
110632 0.000000 0
110640 0.050793 0
110648 0.000000 0
110655 0.000000 0
110662 0.000000 0
110670 0.074342 0
110678 0.187022 0
110685 0.000000 0
110692 0.195493 0
110700 0.342163 0
110708 0.221430 0
110715 0.000000 0
110722 0.178625 0
110730 0.207529 0
110738 0.310370 0
110745 0.146903 0
110752 0.000000 0
110760 0.043610 0
110768 0.219876 0
110775 0.000000 0
110782 0.000000 0
110790 0.000000 0
110798 0.000000 0
110805 0.236213 0
110812 0.520381 0
110820 0.447736 0
110828 0.000000 0
110835 0.000000 0
110842 0.000000 0
110850 0.000000 0
110858 0.000000 0
110865 0.000000 0
110872 0.000000 0
110880 0.000000 0
110888 0.000000 0
110895 0.000000 0
110902 0.000000 0
110910 0.000000 0
110918 0.000000 0
110925 0.068569 0
110932 0.110527 0
110940 0.000000 0
110948 0.000000 0
110955 0.000000 0
110962 0.073517 0
110970 0.000000 0
110978 0.000000 0
110985 0.250205 0
110992 0.000000 0
111000 0.000000 0
111008 0.116742 0
111015 0.000000 0
111022 0.215201 0
111030 0.000000 0
111038 0.000000 0
111045 0.568274 0
111052 0.725219 0
111060 0.000000 0
111068 0.000000 0
111075 0.000000 0
111082 0.000000 0
111090 0.344873 0
111098 0.211770 0
111105 0.105410 0
111112 0.000000 0
111120 0.155747 0
111128 0.335370 0
111135 0.043212 0
111142 0.000000 0
111150 0.000000 0
111158 0.000000 0
111165 0.143863 0
111172 0.277024 0
111180 0.312703 0
111188 0.317720 0
111195 0.113191 0
111202 0.000000 0
111210 0.091313 0
111218 0.000000 0
111225 0.000000 0
111232 0.236803 0
111240 0.000000 0
111248 0.175305 0
111255 0.000000 0
111262 0.000000 0
111270 0.042049 0
111278 0.269629 0
111285 0.449563 0
111292 0.395293 0
111300 0.174504 0
111308 0.000000 0
111315 0.000000 0
111322 0.000000 0
111330 0.000000 0
111338 0.000000 0
111345 0.000000 0
111352 0.000000 0
111360 0.169271 0
111368 0.000000 0
111375 0.000000 0
111382 0.074206 0
111390 0.000000 0
111398 0.000000 0
111405 0.081876 0
111412 0.313801 0
111420 0.000000 0
111428 0.240352 0
111435 0.079337 0
111442 0.000000 0
111450 0.000000 0
111458 0.078253 0
111465 0.000000 0
111472 0.000000 0
111480 0.000000 0
111488 0.000000 0
111495 0.000000 0
111502 0.224152 0
111510 0.000000 0
111518 0.369780 0
111525 0.647881 0
111532 0.000000 0
111540 0.000000 0
111548 0.000000 0
111555 0.000000 0
111562 0.235478 0
111570 0.061617 0
111578 0.276449 0
111585 0.000000 0
111592 0.000000 0
111600 0.199116 0
111608 0.213348 0
111615 0.000000 0
111622 0.000000 0
111630 0.000000 0
111638 0.224822 0
111645 0.000000 0
111652 0.286698 0
111660 0.347106 0
111668 0.000000 0
111675 0.000000 0
111682 0.354126 0
111690 0.321767 0
111698 0.000000 0
111705 0.000000 0
111712 0.215906 0
111720 0.073853 0
111728 0.000000 0
111735 0.000000 0
111742 0.285611 0
111750 0.235033 0
111758 0.485152 0
111765 0.490584 0
111772 0.199162 0
111780 0.000000 0
111788 0.000000 0
111795 0.000000 0
111802 0.000000 0
111810 0.000000 0
111818 0.000000 0
111825 0.000000 0
111832 0.000000 0
111840 0.000000 0
111848 0.000000 0
111855 0.070532 0
111862 0.000000 0
111870 0.134901 0
111878 0.253306 0
111885 0.000000 0
111892 0.000000 0
111900 0.070548 0
111908 0.256265 0
111915 0.007518 0
111922 0.000000 0
111930 0.214736 0
111938 0.140831 0
111945 0.000000 0
111952 0.000000 0
111960 0.188726 0
111968 0.000000 0
111975 0.000000 0
111982 0.000000 0
111990 0.470996 0
111998 0.675215 0
112005 0.000000 0
112012 0.000000 0
112020 0.000000 0
112028 0.000000 0
112035 0.301898 0
112042 0.222565 0
112050 0.000000 0
112058 0.000000 0
112065 0.178613 0
112072 0.269243 0
112080 0.161665 0
112088 0.000000 0
112095 0.231550 0
112102 0.000000 0
112110 0.000000 0
112118 0.235326 0
112125 0.094806 0
112132 0.227091 0
112140 0.295935 0
112148 0.212625 0
112155 0.210812 0
112162 0.280659 0
112170 0.180023 0
112178 0.000000 0
112185 0.000000 0
112192 0.163821 0
112200 0.000000 0
112208 0.000000 0
112215 0.000000 0
112222 0.310966 0
112230 0.513362 0
112238 0.377280 0
112245 0.097196 0
112252 0.000000 0
112260 0.049131 0
112268 0.000000 0
112275 0.000000 0
112282 0.000000 0
112290 0.000000 0
112298 0.000000 0
112305 0.000000 0
112312 0.000000 0
112320 0.000000 0
112328 0.000000 0
112335 0.165204 0
112342 0.000000 0
112350 0.000000 0
112358 0.000000 0
112365 0.055113 0
112372 0.000000 0
112380 0.117990 0
112388 0.000000 0
112395 0.000000 0
112402 0.194452 0
112410 0.143222 0
112418 0.000000 0
112425 0.000000 0
112432 0.000000 0
112440 0.000000 0
112448 0.000000 0
112455 0.000000 0
112462 0.000000 0
112470 0.000000 0
112478 0.000000 0
112485 0.000000 0
112492 0.340309 0
112500 0.284060 0
112508 0.255617 0
112515 0.382297 0
112522 0.123400 0
112530 0.061512 0
112538 0.182347 0
112545 0.076002 0
112552 0.170857 0
112560 0.248706 0
112568 0.000000 0
112575 0.127677 0
112582 0.353163 0
112590 0.285839 0
112598 0.000000 0
112605 0.149432 0
112612 0.158146 0
112620 0.000000 0
112628 0.159223 0
112635 0.164660 0
112642 0.201578 0
112650 0.000000 0
112658 0.000000 0
112665 0.000000 0
112672 0.041864 0
112680 0.102431 0
112688 0.000000 0
112695 0.184429 0
112702 0.453201 0
112710 0.440017 0
112718 0.117985 0
112725 0.000000 0
112732 0.000000 0
112740 0.000000 0
112748 0.000000 0
112755 0.000000 0
112762 0.000000 0
112770 0.000000 0
112778 0.000000 0
112785 0.083998 0
112792 0.000000 0
112800 0.000000 0
112808 0.066893 0
112815 0.054124 0
112822 0.140907 0
112830 0.289032 0
112838 0.233528 0
112845 0.074143 0
112852 0.000000 0
112860 0.220549 0
112868 0.000000 0
112875 0.000000 0
112882 0.000000 0
112890 0.042816 0
112898 0.000000 0
112905 0.168455 0
112912 0.085826 0
112920 0.000000 0
112928 0.000000 0
112935 0.000000 0
112942 0.000000 0
112950 0.000000 0
112958 0.191011 0
112965 0.175140 0
112972 0.000000 0
112980 0.000000 0
112988 0.000000 0
112995 0.000000 0
113002 0.140184 0
113010 0.000000 0
113018 0.000000 0
113025 0.153313 0
113032 0.000000 0
113040 0.000000 0
113048 0.000000 0
113055 0.160876 0
113062 0.000000 0
113070 0.128227 0
113078 0.000000 0
113085 0.138133 0
113092 0.000000 0
113100 0.087702 0
113108 0.290078 0
113115 0.000000 0
113122 0.117352 0
113130 0.000000 0
113138 0.000000 0
113145 0.133118 0
113152 0.000000 0
113160 0.048228 0
113168 0.144253 0
113175 0.000000 0
113182 0.068688 0
113190 0.215897 0
113198 0.000000 0
113205 0.222997 0
113212 0.000000 0
113220 0.096996 0
113228 0.000000 0
113235 0.188691 0
113242 0.068599 0
113250 0.015112 0
113258 0.000000 0
113265 0.000000 0
113272 0.033854 0
113280 0.123635 0
113288 0.000000 0
113295 0.000000 0
113302 0.076419 0
113310 0.245871 0
113318 0.178087 0
113325 0.000000 0
113332 0.000000 0
113340 0.000000 0
113348 0.000000 0
113355 0.129731 0
113362 0.000000 0
113370 0.000000 0
113378 0.106377 0
113385 0.176287 0
113392 0.215826 0
113400 0.061067 0
113408 0.475442 0
113415 0.513647 0
113422 0.000000 0
113430 0.000000 0
113438 0.000000 0
113445 0.000000 0
113452 0.190003 0
113460 0.000000 0
113468 0.177499 0
113475 0.233642 0
113482 0.000000 0
113490 0.165024 0
113498 0.122412 0
113505 0.000000 0
113512 0.000000 0
113520 0.142933 0
113528 0.181816 0
113535 0.275673 0
113542 0.113390 0
113550 0.000000 0
113558 0.245346 0
113565 0.055923 0
113572 0.211403 0
113580 0.221801 0
113588 0.000000 0
113595 0.000000 0
113602 0.000000 0
113610 0.095919 0
113618 0.000000 0
113625 0.000000 0
113632 0.136918 0
113640 0.083233 0
113648 0.460956 0
113655 0.408280 0
113662 0.000000 0
113670 0.000000 0
113678 0.000000 0
113685 0.000000 0
113692 0.000000 0
113700 0.000000 0
113708 0.000000 0
113715 0.000000 0
113722 0.000000 0
113730 0.000000 0
113738 0.000000 0
113745 0.054214 0
113752 0.000000 0
113760 0.000000 0
113768 0.000000 0
113775 0.278534 0
113782 0.290930 0
113790 0.000000 0
113798 0.000000 0
113805 0.000000 0
113812 0.000000 0
113820 0.000000 0
113828 0.000000 0
113835 0.196270 0
113842 0.097100 0
113850 0.000000 0
113858 0.000000 0
113865 0.000000 0
113872 0.000000 0
113880 0.438930 0
113888 0.674248 0
113895 0.000000 0
113902 0.000000 0
113910 0.000000 0
113918 0.000000 0
113925 0.330361 0
113932 0.163401 0
113940 0.120402 0
113948 0.102285 0
113955 0.157223 0
113962 0.191767 0
113970 0.110573 0
113978 0.157800 0
113985 0.000000 0
113992 0.000000 0
114000 0.135611 0
114008 0.315972 0
114015 0.317127 0
114022 0.187825 0
114030 0.000000 0
114038 0.000000 0
114045 0.150399 0
114052 0.087591 0
114060 0.199880 0
114068 0.000000 0
114075 0.055501 0
114082 0.081022 0
114090 0.018087 0
114098 0.216231 0
114105 0.083125 0
114112 0.279926 0
114120 0.512276 0
114128 0.391027 0
114135 0.000000 0
114142 0.000000 0
114150 0.000000 0
114158 0.000000 0
114165 0.000000 0
114172 0.000000 0
114180 0.000000 0
114188 0.000000 0
114195 0.000000 0
114202 0.000000 0
114210 0.000000 0
114218 0.000000 0
114225 0.000000 0
114232 0.160131 0
114240 0.145754 0
114248 0.000000 0
114255 0.000000 0
114262 0.000000 0
114270 0.080255 0
114278 0.000000 0
114285 0.000000 0
114292 0.000000 0
114300 0.000000 0
114308 0.000000 0
114315 0.000000 0
114322 0.149849 0
114330 0.201139 0
114338 0.000000 0
114345 0.000000 0
114352 0.457378 0
114360 0.609000 0
114368 0.000000 0
114375 0.000000 0
114382 0.000000 0
114390 0.000000 0
114398 0.232121 0
114405 0.128045 0
114412 0.325665 0
114420 0.154769 0
114428 0.000000 0
114435 0.123861 0
114442 0.000000 0
114450 0.000000 0
114458 0.000000 0
114465 0.249864 0
114472 0.219827 0
114480 0.241727 0
114488 0.206539 0
114495 0.195405 0
114502 0.000000 0
114510 0.000000 0
114518 0.181591 0
114525 0.321280 0
114532 0.211145 0
114540 0.000000 0
114548 0.000000 0
114555 0.046009 0
114562 0.105337 0
114570 0.000000 0
114578 0.000000 0
114585 0.185117 0
114592 0.478860 0
114600 0.422361 0
114608 0.144088 0
114615 0.000000 0
114622 0.000000 0
114630 0.000000 0
114638 0.000000 0
114645 0.000000 0
114652 0.000000 0
114660 0.000000 0
114668 0.000000 0
114675 0.000000 0
114682 0.000000 0
114690 0.000000 0
114698 0.118711 0
114705 0.202772 0
114712 0.103556 0
114720 0.000000 0
114728 0.000000 0
114735 0.239522 0
114742 0.000000 0
114750 0.000000 0
114758 0.000000 0
114765 0.000000 0
114772 0.203394 0
114780 0.000000 0
114788 0.000000 0
114795 0.000000 0
114802 0.132118 0
114810 0.000000 0
114818 0.000000 0
114825 0.583606 0
114832 0.711728 0
114840 0.000000 0
114848 0.000000 0
114855 0.000000 0
114862 0.000000 0
114870 0.177872 0
114878 0.229221 0
114885 0.275269 0
114892 0.000000 0
114900 0.000000 0
114908 0.154302 0
114915 0.219951 0
114922 0.017590 0
114930 0.071153 0
114938 0.000000 0
114945 0.240825 0
114952 0.184442 0
114960 0.350015 0
114968 0.222760 0
114975 0.147228 0
114982 0.000000 0
114990 0.149460 0
114998 0.209176 0
115005 0.000000 0
115012 0.160990 0
115020 0.000000 0
115028 0.000000 0
115035 0.000000 0
115042 0.113247 0
115050 0.000000 0
115058 0.000000 0
115065 0.508610 0
115072 0.404555 0
115080 0.000000 0
115088 0.000000 0
115095 0.000000 0
115102 0.000000 0
115110 0.000000 0
115118 0.000000 0
115125 0.000000 0
115132 0.000000 0
115140 0.000000 0
115148 0.000000 0
115155 0.000000 0
115162 0.000000 0
115170 0.000000 0
115178 0.000000 0
115185 0.000000 0
115192 0.133216 0
115200 0.000000 0
115208 0.000000 0
115215 0.000000 0
115222 0.000000 0
115230 0.118262 0
115238 0.242104 0
115245 0.095575 0
115252 0.000000 0
115260 0.000000 0
115268 0.187447 0
115275 0.064184 0
115282 0.000000 0
115290 0.000000 0
115298 0.475708 0
115305 0.564145 0
115312 0.000000 0
115320 0.000000 0
115328 0.000000 0
115335 0.082052 0
115342 0.227788 0
115350 0.143977 0
115358 0.111572 0
115365 0.219995 0
115372 0.137067 0
115380 0.000000 0
115388 0.000000 0
115395 0.151300 0
115402 0.000000 0
115410 0.000000 0
115418 0.188187 0
115425 0.274912 0
115432 0.274629 0
115440 0.297843 0
115448 0.204518 0
115455 0.159722 0
115462 0.088639 0
115470 0.180893 0
115478 0.189664 0
115485 0.000000 0
115492 0.000000 0
115500 0.000000 0
115508 0.000000 0
115515 0.145769 0
115522 0.000000 0
115530 0.119594 0
115538 0.511858 0
115545 0.428983 0
115552 0.000000 0
115560 0.000000 0
115568 0.000000 0
115575 0.000000 0
115582 0.000000 0
115590 0.000000 0
115598 0.000000 0
115605 0.000000 0
115612 0.145953 0
115620 0.000000 0
115628 0.000000 0
115635 0.000000 0
115642 0.000000 0
115650 0.000000 0
115658 0.000000 0
115665 0.114378 0
115672 0.000000 0
115680 0.000000 0
115688 0.000000 0
115695 0.000000 0
115702 0.000000 0
115710 0.000000 0
115718 0.000000 0
115725 0.191918 0
115732 0.000000 0
115740 0.000000 0
115748 0.000000 0
115755 0.000000 0
115762 0.000000 0
115770 0.429268 0
115778 0.676317 0
115785 0.000000 0
115792 0.000000 0
115800 0.000000 0
115808 0.124317 0
115815 0.337055 0
115822 0.100078 0
115830 0.000000 0
115838 0.171828 0
115845 0.000000 0
115852 0.000000 0
115860 0.252216 0
115868 0.000000 0
115875 0.000000 0
115882 0.098762 0
115890 0.000000 0
115898 0.000000 0
115905 0.259966 0
115912 0.269927 0
115920 0.137528 0
115928 0.000000 0
115935 0.205141 0
115942 0.192803 0
115950 0.108505 0
115958 0.000000 0
115965 0.000000 0
115972 0.092566 0
115980 0.091163 0
115988 0.000000 0
115995 0.000000 0
116002 0.293060 0
116010 0.480979 0
116018 0.397901 0
116025 0.000000 0
116032 0.000000 0
116040 0.000000 0
116048 0.000000 0
116055 0.000000 0
116062 0.000000 0
116070 0.000000 0
116078 0.000000 0
116085 0.000000 0
116092 0.000000 0
116100 0.000000 0
116108 0.096724 0
116115 0.000000 0
116122 0.000000 0
116130 0.041495 0
116138 0.000000 0
116145 0.000000 0
116152 0.000000 0
116160 0.000000 0
116168 0.000000 0
116175 0.000000 0
116182 0.000000 0
116190 0.000000 0
116198 0.046924 0
116205 0.000000 0
116212 0.000000 0
116220 0.050736 0
116228 0.000000 0
116235 0.000000 0
116242 0.466049 0
116250 0.607705 0
116258 0.000000 0
116265 0.000000 0
116272 0.000000 0
116280 0.274188 0
116288 0.350862 0
116295 0.000000 0
116302 0.163537 0
116310 0.298705 0
116318 0.000000 0
116325 0.108542 0
116332 0.000000 0
116340 0.000000 0
116348 0.127051 0
116355 0.000000 0
116362 0.309363 0
116370 0.340784 0
116378 0.156790 0
116385 0.218030 0
116392 0.209714 0
116400 0.000000 0
116408 0.195815 0
116415 0.000000 0
116422 0.077197 0
116430 0.070947 0
116438 0.000000 0
116445 0.198256 0
116452 0.230874 0
116460 0.000000 0
116468 0.000000 0
116475 0.000000 0
116482 0.517100 0
116490 0.413536 0
116498 0.000000 0
116505 0.000000 0
116512 0.000000 0
116520 0.000000 0
116528 0.000000 0
116535 0.000000 0
116542 0.000000 0
116550 0.000000 0
116558 0.000000 0
116565 0.086289 0
116572 0.000000 0
116580 0.000000 0
116588 0.000000 0
116595 0.068940 0
116602 0.168841 0
116610 0.261041 0
116618 0.245384 0
116625 0.000000 0
116632 0.000000 0
116640 0.000000 0
116648 0.000000 0
116655 0.000000 0
116662 0.000000 0
116670 0.104775 0
116678 0.000000 0
116685 0.000000 0
116692 0.081950 0
116700 0.000000 0
116708 0.000000 0
116715 0.629789 0
116722 0.675971 0
116730 0.000000 0
116738 0.000000 0
116745 0.000000 0
116752 0.130770 0
116760 0.346452 0
116768 0.266879 0
116775 0.115994 0
116782 0.000000 0
116790 0.181019 0
116798 0.240858 0
116805 0.000000 0
116812 0.154726 0
116820 0.159918 0
116828 0.000000 0
116835 0.285216 0
116842 0.332508 0
116850 0.180065 0
116858 0.275348 0
116865 0.000000 0
116872 0.000000 0
116880 0.108068 0
116888 0.000000 0
116895 0.000000 0
116902 0.248284 0
116910 0.000000 0
116918 0.000000 0
116925 0.000000 0
116932 0.000000 0
116940 0.251023 0
116948 0.224885 0
116955 0.628848 0
116962 0.417047 0
116970 0.000000 0
116978 0.000000 0
116985 0.000000 0
116992 0.000000 0
117000 0.000000 0
117008 0.000000 0
117015 0.000000 0
117022 0.000000 0
117030 0.000000 0
117038 0.000000 0
117045 0.000000 0
117052 0.000000 0
117060 0.000000 0
117068 0.000000 0
117075 0.000000 0
117082 0.171936 0
117090 0.054632 0
117098 0.182595 0
117105 0.000000 0
117112 0.000000 0
117120 0.000000 0
117128 0.213621 0
117135 0.000000 0
117142 0.000000 0
117150 0.175757 0
117158 0.000000 0
117165 0.000000 0
117172 0.000000 0
117180 0.000000 0
117188 0.125464 0
117195 0.428096 0
117202 0.000000 0
117210 0.000000 0
117218 0.000000 0
117225 0.183394 0
117232 0.176534 0
117240 0.000000 0
117248 0.000000 0
117255 0.000000 0
117262 0.108267 0
117270 0.000000 0
117278 0.000000 0
117285 0.147137 0
117292 0.124302 0
117300 0.000000 0
117308 0.000000 0
117315 0.378602 0
117322 0.218291 0
117330 0.290622 0
117338 0.147482 0
117345 0.000000 0
117352 0.000000 0
117360 0.241865 0
117368 0.000000 0
117375 0.000000 0
117382 0.209210 0
117390 0.000000 0
117398 0.000000 0
117405 0.000000 0
117412 0.000000 0
117420 0.213156 0
117428 0.532289 0
117435 0.453664 0
117442 0.107932 0
117450 0.000000 0
117458 0.000000 0
117465 0.000000 0
117472 0.000000 0
117480 0.107086 0
117488 0.000000 0
117495 0.000000 0
117502 0.217640 0
117510 0.000000 0
117518 0.000000 0
117525 0.000000 0
117532 0.000000 0
117540 0.000000 0
117548 0.234984 0
117555 0.432100 0
117562 0.185152 0
117570 0.000000 0
117578 0.000000 0
117585 0.000000 0
117592 0.000000 0
117600 0.000000 0
117608 0.000000 0
117615 0.000000 0
117622 0.000000 0
117630 0.000000 0
117638 0.060687 0
117645 0.000000 0
117652 0.000000 0
117660 0.507698 0
117668 0.646878 0
117675 0.000000 0
117682 0.000000 0
117690 0.000000 0
117698 0.000000 0
117705 0.364450 0
117712 0.235473 0
117720 0.143504 0
117728 0.000000 0
117735 0.000000 0
117742 0.226049 0
117750 0.137203 0
117758 0.086561 0
117765 0.000000 0
117772 0.000000 0
117780 0.077863 0
117788 0.224337 0
117795 0.150086 0
117802 0.147619 0
117810 0.000000 0
117818 0.036861 0
117825 0.262607 0
117832 0.000000 0
117840 0.000000 0
117848 0.000000 0
117855 0.000000 0
117862 0.000000 0
117870 0.172503 0
117878 0.000000 0
117885 0.162312 0
117892 0.326928 0
117900 0.623792 0
117908 0.459156 0
117915 0.000000 0
117922 0.000000 0
117930 0.000000 0
117938 0.000000 0
117945 0.000000 0
117952 0.000000 0
117960 0.000000 0
117968 0.000000 0
117975 0.148438 0
117982 0.000000 0
117990 0.000000 0
117998 0.000000 0
118005 0.000000 0
118012 0.000000 0
118020 0.249780 0
118028 0.000000 0
118035 0.000000 0
118042 0.000000 0
118050 0.127198 0
118058 0.023685 0
118065 0.000000 0
118072 0.000000 0
118080 0.000000 0
118088 0.000000 0
118095 0.128412 0
118102 0.153787 0
118110 0.000000 0
118118 0.000000 0
118125 0.000000 0
118132 0.534630 0
118140 0.592890 0
118148 0.000000 0
118155 0.000000 0
118162 0.000000 0
118170 0.000000 0
118178 0.311777 0
118185 0.163821 0
118192 0.129289 0
118200 0.197946 0
118208 0.000000 0
118215 0.000000 0
118222 0.000000 0
118230 0.000000 0
118238 0.086102 0
118245 0.223999 0
118252 0.319056 0
118260 0.172229 0
118268 0.000000 0
118275 0.140290 0
118282 0.153286 0
118290 0.000000 0
118298 0.173962 0
118305 0.179251 0
118312 0.144485 0
118320 0.000000 0
118328 0.049606 0
118335 0.141755 0
118342 0.000000 0
118350 0.000000 0
118358 0.102809 0
118365 0.324443 0
118372 0.620383 0
118380 0.442069 0
118388 0.000000 0
118395 0.000000 0
118402 0.000000 0
118410 0.000000 0
118418 0.000000 0
118425 0.000000 0
118432 0.000000 0
118440 0.000000 0
118448 0.000000 0
118455 0.071834 0
118462 0.000000 0
118470 0.000000 0
118478 0.000000 0
118485 0.000000 0
118492 0.121353 0
118500 0.000000 0
118508 0.000000 0
118515 0.000000 0
118522 0.000000 0
118530 0.000000 0
118538 0.183744 0
118545 0.000000 0
118552 0.091316 0
118560 0.000000 0
118568 0.000000 0
118575 0.099437 0
118582 0.000000 0
118590 0.000000 0
118598 0.000000 0
118605 0.840293 0
118612 0.682268 0
118620 0.000000 0
118628 0.000000 0
118635 0.000000 0
118642 0.000000 0
118650 0.175848 0
118658 0.170781 0
118665 0.055745 0
118672 0.155885 0
118680 0.231942 0
118688 0.000000 0
118695 0.181437 0
118702 0.000000 0
118710 0.000000 0
118718 0.267539 0
118725 0.222657 0
118732 0.152605 0
118740 0.360737 0
118748 0.101391 0
118755 0.000000 0
118762 0.119187 0
118770 0.000000 0
118778 0.000000 0
118785 0.233167 0
118792 0.000000 0
118800 0.000000 0
118808 0.000000 0
118815 0.191116 0
118822 0.261822 0
118830 0.164651 0
118838 0.280197 0
118845 0.575299 0
118852 0.401537 0
118860 0.000000 0
118868 0.000000 0
118875 0.000000 0
118882 0.000000 0
118890 0.000000 0
118898 0.000000 0
118905 0.000000 0
118912 0.000000 0
118920 0.000000 0
118928 0.000000 0
118935 0.000000 0
118942 0.000000 0
118950 0.000000 0
118958 0.000000 0
118965 0.000000 0
118972 0.000000 0
118980 0.000000 0
118988 0.040128 0
118995 0.000000 0
119002 0.000000 0
119010 0.000000 0
119018 0.000000 0
119025 0.247980 0
119032 0.101635 0
119040 0.000000 0
119048 0.000000 0
119055 0.121368 0
119062 0.000000 0
119070 0.000000 0
119078 0.659945 0
119085 0.623706 0
119092 0.000000 0
119100 0.000000 0
119108 0.000000 0
119115 0.000000 0
119122 0.215301 0
119130 0.169803 0
119138 0.000000 0
119145 0.000000 0
119152 0.158260 0
119160 0.185558 0
119168 0.142725 0
119175 0.000000 0
119182 0.000000 0
119190 0.049001 0
119198 0.173800 0
119205 0.304371 0
119212 0.141184 0
119220 0.192990 0
119228 0.000000 0
119235 0.280095 0
119242 0.111846 0
119250 0.125938 0
119258 0.000000 0
119265 0.053597 0
119272 0.005584 0
119280 0.000000 0
119288 0.143018 0
119295 0.000000 0
119302 0.000000 0
119310 0.429670 0
119318 0.613847 0
119325 0.444321 0
119332 0.000000 0
119340 0.000000 0
119348 0.000000 0
119355 0.000000 0
119362 0.000000 0
119370 0.000000 0
119378 0.000000 0
119385 0.000000 0
119392 0.125099 0
119400 0.000000 0
119408 0.000000 0
119415 0.000000 0
119422 0.124983 0
119430 0.000000 0
119438 0.000000 0
119445 0.084652 0
119452 0.027252 0
119460 0.000000 0
119468 0.000000 0
119475 0.152143 0
119482 0.047800 0
119490 0.163929 0
119498 0.249374 0
119505 0.033645 0
119512 0.000000 0
119520 0.000000 0
119528 0.194924 0
119535 0.036125 0
119542 0.000000 0
119550 0.733687 0
119558 0.662938 0
119565 0.000000 0
119572 0.000000 0
119580 0.000000 0
119588 0.000000 0
119595 0.108842 0
119602 0.000000 0
119610 0.000000 0
119618 0.126716 0
119625 0.000000 0
119632 0.130547 0
119640 0.140435 0
119648 0.000000 0
119655 0.000000 0
119662 0.122066 0
119670 0.000000 0
119678 0.237197 0
119685 0.342663 0
119692 0.200772 0
119700 0.193199 0
119708 0.155734 0
119715 0.150659 0
119722 0.093355 0
119730 0.000000 0
119738 0.184486 0
119745 0.015256 0
119752 0.000000 0
119760 0.000000 0
119768 0.281367 0
119775 0.000000 0
119782 0.479434 0
119790 0.670314 0
119798 0.469756 0
119805 0.133170 0
119812 0.000000 0
119820 0.000000 0
119828 0.000000 0
119835 0.000000 0
119842 0.000000 0
119850 0.000000 0
119858 0.000000 0
119865 0.000000 0
119872 0.000000 0
119880 0.000000 0
119888 0.090426 0
119895 0.026449 0
119902 0.000000 0
119910 0.000000 0
119918 0.000000 0
119925 0.000000 0
119932 0.000000 0
119940 0.203763 0
119948 0.000000 0
119955 0.000000 0
