712676 0.000000 0
712684 0.000000 0
712692 0.000000 0
712699 0.074720 0
712707 0.000000 0
712714 0.000000 0
712722 0.041520 0
712729 0.000000 0
712736 0.000000 0
712744 0.062240 0
712752 0.000000 0
712760 0.000000 0
712767 0.110480 0
712774 0.000000 0
712782 0.000000 0
712789 0.099430 0
712796 0.000000 0
712804 0.000000 0
712811 0.073900 0
712819 0.000000 0
712826 0.000000 0
712834 0.055920 0
712842 0.000000 0
712850 0.000000 0
712857 0.029740 0
712864 0.000000 0
712872 0.000000 0
712879 0.017010 0
712886 0.000000 0
712894 0.000000 0
712901 0.019530 0
712909 0.000000 0
712916 0.000000 0
712924 0.019910 0
712931 0.000000 0
712938 0.000000 0
712946 0.005520 0
712954 0.000000 0
712962 0.000000 0
712969 0.025600 0
712977 0.000000 0
712984 0.000000 0
712992 0.052690 0
712999 0.000000 0
713006 0.000000 0
713014 0.065930 0
713022 0.000000 0
713030 0.000000 0
713037 0.138490 0
713043 0.000000 0
713050 0.000000 0
713058 0.139910 0
713067 0.000000 0
713074 0.000000 0
713082 0.089590 0
713089 0.000000 0
713096 0.000000 0
713104 0.064180 0
713112 0.000000 0
713120 0.000000 0
713127 0.046710 0
713134 0.000000 0
713142 0.000000 0
713149 0.047520 0
713157 0.000000 0
713164 0.000000 0
713172 0.043490 0
713179 0.000000 0
713186 0.000000 0
713194 0.067660 0
713202 0.000000 0
713210 0.000000 0
713217 0.064300 0
713224 0.000000 0
713232 0.000000 0
713239 0.040960 0
713247 0.000000 0
713254 0.000000 0
713262 0.032910 0
713269 0.000000 0
713276 0.000000 0
713284 0.021030 0
713292 0.000000 0
713300 0.000000 0
713307 0.030750 0
713314 0.000000 0
713322 0.000000 0
713329 0.035370 0
713337 0.000000 0
713344 0.000000 0
713352 0.024380 0
713359 0.000000 0
713366 0.000000 0
713374 0.034710 0
713382 0.000000 0
713390 0.000000 0
713397 0.025010 0
713404 0.000000 0
713412 0.000000 0
713419 0.024080 0
713427 0.000000 0
713434 0.000000 0
713442 0.037260 0
713449 0.000000 0
713456 0.000000 0
713464 0.039250 0
713472 0.000000 0
713480 0.000000 0
713487 0.049870 0
713494 0.000000 0
713502 0.000000 0
713509 0.059620 0
713517 0.000000 0
713524 0.000000 0
713532 0.034040 0
713539 0.000000 0
713546 0.000000 0
713554 0.033370 0
713562 0.000000 0
713570 0.000000 0
713577 0.037870 0
713584 0.000000 0
713592 0.000000 0
713599 0.058850 0
713607 0.000000 0
713614 0.000000 0
713622 0.065350 0
713629 0.000000 0
713636 0.000000 0
713644 0.049560 0
713652 0.000000 0
713660 0.000000 0
713667 0.068990 0
713674 0.000000 0
713682 0.000000 0
713689 0.039830 0
713697 0.000000 0
713704 0.000000 0
713712 0.033600 0
713719 0.000000 0
713726 0.000000 0
713734 0.081380 0
713741 0.000000 0
713748 0.000000 0
713756 0.101560 0
713764 0.000000 0
713772 0.000000 0
713779 0.082760 0
713787 0.000000 0
713794 0.000000 0
713802 0.092590 0
713809 0.000000 0
713816 0.000000 0
713824 0.065580 0
713832 0.000000 0
713840 0.000000 0
713847 0.027340 0
713854 0.000000 0
713862 0.000000 0
713869 0.216040 0
713877 0.000000 0
713884 0.000000 0
713892 0.204140 0
713899 0.000000 0
713906 0.000000 0
713914 0.106250 0
713922 0.000000 0
713930 0.000000 0
713937 0.515280 0
713944 0.000000 0
713952 0.000000 0
713959 0.223850 0
713968 0.000000 0
713976 0.000000 0
713983 0.046710 0
713989 0.000000 0
713996 0.000000 0
714004 0.080050 0
714012 0.000000 0
714020 0.000000 0
714027 0.016570 0
714033 0.000000 0
714040 0.000000 0
714048 0.012950 0
714057 0.000000 0
714064 0.000000 0
714072 0.006760 0
714079 0.000000 0
714086 0.000000 0
714094 0.003910 0
714102 0.000000 0
714110 0.000000 0
714117 0.009570 0
714124 0.000000 0
714132 0.000000 0
714139 0.005520 0
714147 0.000000 0
714154 0.000000 0
714162 0.000000 0
714169 0.000000 0
714176 0.000000 0
714184 0.018720 0
714193 0.000000 0
714200 0.000000 0
714208 0.006760 0
714214 0.000000 0
714222 0.000000 0
714229 0.011050 0
714237 0.000000 0
714244 0.000000 0
714252 0.057660 0
714259 0.000000 0
714266 0.000000 0
714274 0.009570 0
714282 0.000000 0
714290 0.000000 0
714297 0.005520 0
714305 0.000000 0
714312 0.000000 0
714320 0.006760 0
714327 0.000000 0
714334 0.000000 0
714342 0.000000 0
714350 0.000000 0
714358 0.000000 0
714365 0.003910 0
714372 0.000000 0
714380 0.000000 0
714387 0.021740 0
714395 0.000000 0
714402 0.000000 0
714410 0.196980 0
714417 0.000000 0
714424 0.000000 0
714432 0.217560 0
714440 0.000000 0
714448 0.000000 0
714455 0.120390 0
714461 0.000000 0
714468 0.000000 0
714476 0.068440 0
714485 0.000000 0
714492 0.000000 0
714500 0.091520 0
714506 0.000000 0
714514 0.000000 0
714521 0.055510 0
714530 0.000000 0
714538 0.000000 0
714545 0.033140 0
714552 0.000000 0
714560 0.000000 0
714567 0.022770 0
714575 0.000000 0
714582 0.000000 0
714590 0.031720 0
714597 0.000000 0
714604 0.000000 0
714612 0.033600 0
714620 0.000000 0
714628 0.000000 0
714635 0.008730 0
714642 0.000000 0
714650 0.000000 0
714657 0.027340 0
714665 0.000000 0
714672 0.000000 0
714680 0.026780 0
714687 0.000000 0
714694 0.000000 0
714702 0.037050 0
714710 0.000000 0
714718 0.000000 0
714725 0.052260 0
714732 0.000000 0
714740 0.000000 0
714747 0.015120 0
714755 0.000000 0
714762 0.000000 0
714770 0.011050 0
714777 0.000000 0
714784 0.000000 0
714792 0.006760 0
714800 0.000000 0
714808 0.000000 0
714815 0.000000 0
714822 0.000000 0
714830 0.000000 0
714837 0.003910 0
714845 0.000000 0
714852 0.000000 0
714860 0.029220 0
714867 0.000000 0
714874 0.000000 0
714882 0.218330 0
714890 0.000000 0
714898 0.000000 0
714905 0.215790 0
714912 0.000000 0
714920 0.000000 0
714927 0.136160 0
714935 0.000000 0
714942 0.000000 0
714950 0.070420 0
714957 0.000000 0
714964 0.000000 0
714972 0.108250 0
714980 0.000000 0
714988 0.000000 0
714995 0.055790 0
715002 0.000000 0
715010 0.000000 0
715017 0.038860 0
715025 0.000000 0
715032 0.000000 0
715040 0.010330 0
715047 0.000000 0
715054 0.000000 0
715062 0.021740 0
715070 0.000000 0
715078 0.000000 0
715085 0.029740 0
715092 0.000000 0
715100 0.000000 0
715107 0.011720 0
715115 0.000000 0
715122 0.000000 0
715130 0.034040 0
715137 0.000000 0
715144 0.000000 0
715152 0.029480 0
715160 0.000000 0
715168 0.000000 0
715175 0.039060 0
715182 0.000000 0
715190 0.000000 0
715197 0.046540 0
715205 0.000000 0
715212 0.000000 0
715220 0.018720 0
715227 0.000000 0
715234 0.000000 0
715242 0.011720 0
715250 0.000000 0
715258 0.000000 0
715265 0.008730 0
715272 0.000000 0
715280 0.000000 0
715287 0.009570 0
715295 0.000000 0
715302 0.000000 0
715310 0.011050 0
715316 0.000000 0
715324 0.000000 0
715331 0.034040 0
715340 0.000000 0
715348 0.000000 0
715355 0.221870 0
715362 0.000000 0
715370 0.000000 0
715377 0.238880 0
715385 0.000000 0
715392 0.000000 0
715400 0.133380 0
715407 0.000000 0
715414 0.000000 0
715422 0.069660 0
715430 0.000000 0
715438 0.000000 0
715445 0.104810 0
715452 0.000000 0
715460 0.000000 0
715467 0.062610 0
715475 0.000000 0
715482 0.000000 0
715490 0.040020 0
715497 0.000000 0
715504 0.000000 0
715512 0.011050 0
715520 0.000000 0
715528 0.000000 0
715535 0.022430 0
715542 0.000000 0
715550 0.000000 0
715557 0.030990 0
715565 0.000000 0
715572 0.000000 0
715580 0.016100 0
715587 0.000000 0
715594 0.000000 0
715602 0.036640 0
715610 0.000000 0
715618 0.000000 0
715625 0.026780 0
715632 0.000000 0
715640 0.000000 0
715647 0.035160 0
715655 0.000000 0
715662 0.000000 0
715670 0.049090 0
715677 0.000000 0
715684 0.000000 0
715692 0.025010 0
715700 0.000000 0
715708 0.000000 0
715715 0.013520 0
715722 0.000000 0
715730 0.000000 0
715737 0.006760 0
715745 0.000000 0
715752 0.000000 0
715760 0.015120 0
715767 0.000000 0
715774 0.000000 0
715782 0.010330 0
715790 0.000000 0
715798 0.000000 0
715805 0.033830 0
715812 0.000000 0
715820 0.000000 0
715827 0.221840 0
715835 0.000000 0
715842 0.000000 0
715850 0.234730 0
715857 0.000000 0
715864 0.000000 0
715872 0.138090 0
715880 0.000000 0
715888 0.000000 0
715895 0.078310 0
715902 0.000000 0
715910 0.000000 0
715917 0.111570 0
715925 0.000000 0
715932 0.000000 0
715940 0.059360 0
715947 0.000000 0
715954 0.000000 0
715962 0.041700 0
715970 0.000000 0
715978 0.000000 0
715985 0.014080 0
715992 0.000000 0
716000 0.000000 0
716007 0.028170 0
716015 0.000000 0
716022 0.000000 0
716030 0.013520 0
716037 0.000000 0
716044 0.000000 0
716052 0.022100 0
716060 0.000000 0
716068 0.000000 0
716075 0.051670 0
716082 0.000000 0
716090 0.000000 0
716097 0.043140 0
716105 0.000000 0
716112 0.000000 0
716120 0.051380 0
716127 0.000000 0
716134 0.000000 0
716142 0.041700 0
716150 0.000000 0
716158 0.000000 0
716165 0.025310 0
716171 0.000000 0
716178 0.000000 0
716186 0.019130 0
716195 0.000000 0
716202 0.000000 0
716210 0.015630 0
716217 0.000000 0
716224 0.000000 0
716232 0.011720 0
716240 0.000000 0
716248 0.000000 0
716255 0.007810 0
716262 0.000000 0
716270 0.000000 0
716277 0.030990 0
716285 0.000000 0
716292 0.000000 0
716300 0.210470 0
716307 0.000000 0
716314 0.000000 0
716322 0.240190 0
716330 0.000000 0
716338 0.000000 0
716345 0.140630 0
716352 0.000000 0
716360 0.000000 0
716367 0.076040 0
716375 0.000000 0
716382 0.000000 0
716390 0.109300 0
716397 0.000000 0
716404 0.000000 0
716412 0.050170 0
716420 0.000000 0
716428 0.000000 0
716435 0.041890 0
716442 0.000000 0
716450 0.000000 0
716457 0.017900 0
716465 0.000000 0
716472 0.000000 0
716480 0.030500 0
716487 0.000000 0
716494 0.000000 0
716502 0.010330 0
716510 0.000000 0
716518 0.000000 0
716525 0.034270 0
716532 0.000000 0
716540 0.000000 0
716547 0.069870 0
716555 0.000000 0
716562 0.000000 0
716570 0.052400 0
716577 0.000000 0
716584 0.000000 0
716592 0.040960 0
716600 0.000000 0
716608 0.000000 0
716615 0.031250 0
716622 0.000000 0
716630 0.000000 0
716637 0.025010 0
716645 0.000000 0
716652 0.000000 0
716660 0.016100 0
716667 0.000000 0
716674 0.000000 0
716682 0.018310 0
716690 0.000000 0
716698 0.000000 0
716705 0.019130 0
716712 0.000000 0
716720 0.000000 0
716727 0.016570 0
716735 0.000000 0
716742 0.000000 0
716750 0.042420 0
716757 0.000000 0
716764 0.000000 0
716772 0.221730 0
716780 0.000000 0
716788 0.000000 0
716795 0.227660 0
716802 0.000000 0
716810 0.000000 0
716817 0.120840 0
716825 0.000000 0
716832 0.000000 0
716840 0.069870 0
716847 0.000000 0
716854 0.000000 0
716862 0.097410 0
716870 0.000000 0
716878 0.000000 0
716885 0.048630 0
716892 0.000000 0
716900 0.000000 0
716907 0.042600 0
716915 0.000000 0
716922 0.000000 0
716930 0.015120 0
716937 0.000000 0
716944 0.000000 0
716952 0.037260 0
716960 0.000000 0
716968 0.000000 0
716975 0.011050 0
716982 0.000000 0
716990 0.000000 0
716997 0.045720 0
717005 0.000000 0
717012 0.000000 0
717020 0.092100 0
717027 0.000000 0
717034 0.000000 0
717042 0.073180 0
717050 0.000000 0
717058 0.000000 0
717065 0.025310 0
717072 0.000000 0
717080 0.000000 0
717087 0.033600 0
717095 0.000000 0
717102 0.000000 0
717110 0.025310 0
717117 0.000000 0
717124 0.000000 0
717132 0.016100 0
717140 0.000000 0
717148 0.000000 0
717155 0.022770 0
717162 0.000000 0
717170 0.000000 0
717177 0.030240 0
717185 0.000000 0
717192 0.000000 0
717200 0.019910 0
717207 0.000000 0
717214 0.000000 0
717222 0.030240 0
717230 0.000000 0
717238 0.000000 0
717245 0.207980 0
717252 0.000000 0
717260 0.000000 0
717267 0.209950 0
717275 0.000000 0
717282 0.000000 0
717290 0.121660 0
717297 0.000000 0
717304 0.000000 0
717312 0.073180 0
717320 0.000000 0
717328 0.000000 0
717335 0.099500 0
717342 0.000000 0
717350 0.000000 0
717357 0.041890 0
717365 0.000000 0
717372 0.000000 0
717380 0.040210 0
717387 0.000000 0
717394 0.000000 0
717402 0.017010 0
717410 0.000000 0
717418 0.000000 0
717425 0.035160 0
717432 0.000000 0
717440 0.000000 0
717447 0.014080 0
717455 0.000000 0
717462 0.000000 0
717470 0.124620 0
717477 0.000000 0
717484 0.000000 0
717492 0.164980 0
717500 0.000000 0
717508 0.000000 0
717515 0.132050 0
717522 0.000000 0
717530 0.000000 0
717537 0.050020 0
717545 0.000000 0
717552 0.000000 0
717560 0.059620 0
717567 0.000000 0
717574 0.000000 0
717582 0.032210 0
717590 0.000000 0
717598 0.000000 0
717605 0.063460 0
717612 0.000000 0
717620 0.000000 0
717627 0.007810 0
717635 0.000000 0
717642 0.000000 0
717650 0.030240 0
717657 0.000000 0
717664 0.000000 0
717672 0.011720 0
717680 0.000000 0
717688 0.000000 0
717695 0.011720 0
717701 0.000000 0
717708 0.000000 0
717716 0.130190 0
717725 0.000000 0
717732 0.000000 0
717740 0.152640 0
717747 0.000000 0
717754 0.000000 0
717762 0.079850 0
717770 0.000000 0
717778 0.000000 0
717785 0.048160 0
717792 0.000000 0
717800 0.000000 0
717807 0.086550 0
717815 0.000000 0
717822 0.000000 0
717830 0.034710 0
717837 0.000000 0
717844 0.000000 0
717852 0.033830 0
717860 0.000000 0
717868 0.000000 0
717875 0.015120 0
717882 0.000000 0
717890 0.000000 0
717897 0.032440 0
717905 0.000000 0
717912 0.000000 0
717920 0.008730 0
717927 0.000000 0
717934 0.000000 0
717942 0.077820 0
717950 0.000000 0
717958 0.000000 0
717965 0.126700 0
717972 0.000000 0
717980 0.000000 0
717987 0.096240 0
717995 0.000000 0
718002 0.000000 0
718010 0.030500 0
718017 0.000000 0
718024 0.000000 0
718032 0.040020 0
718040 0.000000 0
718048 0.000000 0
718055 0.025910 0
718062 0.000000 0
718070 0.000000 0
718077 0.024080 0
718085 0.000000 0
718092 0.000000 0
718100 0.016570 0
718107 0.000000 0
718114 0.000000 0
718122 0.015630 0
718129 0.000000 0
718136 0.000000 0
718144 0.023440 0
718152 0.000000 0
718160 0.000000 0
718167 0.030240 0
718175 0.000000 0
718182 0.000000 0
718190 0.202110 0
718197 0.000000 0
718204 0.000000 0
718212 0.224050 0
718220 0.000000 0
718228 0.000000 0
718235 0.128730 0
718242 0.000000 0
718250 0.000000 0
718257 0.067200 0
718265 0.000000 0
718272 0.000000 0
718280 0.098040 0
718287 0.000000 0
718294 0.000000 0
718302 0.042790 0
718310 0.000000 0
718318 0.000000 0
718325 0.044710 0
718332 0.000000 0
718340 0.000000 0
718347 0.014600 0
718355 0.000000 0
718362 0.000000 0
718370 0.039830 0
718377 0.000000 0
718384 0.000000 0
718392 0.023100 0
718400 0.000000 0
718408 0.000000 0
718415 0.074310 0
718422 0.000000 0
718430 0.000000 0
718437 0.144900 0
718445 0.000000 0
718452 0.000000 0
718460 0.106690 0
718467 0.000000 0
718474 0.000000 0
718482 0.033370 0
718490 0.000000 0
718498 0.000000 0
718505 0.037050 0
718512 0.000000 0
718520 0.000000 0
718527 0.030000 0
718535 0.000000 0
718542 0.000000 0
718550 0.011720 0
718557 0.000000 0
718564 0.000000 0
718572 0.019130 0
718580 0.000000 0
718588 0.000000 0
718595 0.027050 0
718602 0.000000 0
718610 0.000000 0
718617 0.024700 0
718625 0.000000 0
718632 0.000000 0
718640 0.037050 0
718647 0.000000 0
718654 0.000000 0
718662 0.203680 0
718670 0.000000 0
718678 0.000000 0
718685 0.211470 0
718692 0.000000 0
718700 0.000000 0
718707 0.118290 0
718715 0.000000 0
718722 0.000000 0
718730 0.067310 0
718737 0.000000 0
718744 0.000000 0
718752 0.084500 0
718760 0.000000 0
718768 0.000000 0
718775 0.036010 0
718782 0.000000 0
718790 0.000000 0
718797 0.038470 0
718805 0.000000 0
718812 0.000000 0
718820 0.010330 0
718827 0.000000 0
718834 0.000000 0
718842 0.040770 0
718850 0.000000 0
718858 0.000000 0
718865 0.019910 0
718872 0.000000 0
718880 0.000000 0
718887 0.104520 0
718895 0.000000 0
718902 0.000000 0
718910 0.149510 0
718917 0.000000 0
718924 0.000000 0
718932 0.097110 0
718940 0.000000 0
718948 0.000000 0
718955 0.037660 0
718962 0.000000 0
718970 0.000000 0
718977 0.044710 0
718985 0.000000 0
718992 0.000000 0
719000 0.027890 0
719007 0.000000 0
719014 0.000000 0
719022 0.020660 0
719030 0.000000 0
719038 0.000000 0
719045 0.023440 0
719052 0.000000 0
719060 0.000000 0
719067 0.027620 0
719075 0.000000 0
719082 0.000000 0
719090 0.028170 0
719097 0.000000 0
719104 0.000000 0
719112 0.021390 0
719120 0.000000 0
719128 0.000000 0
719135 0.206550 0
719142 0.000000 0
719150 0.000000 0
719157 0.222420 0
719165 0.000000 0
719172 0.000000 0
719180 0.117510 0
719187 0.000000 0
719194 0.000000 0
719202 0.056730 0
719210 0.000000 0
719218 0.000000 0
719225 0.080810 0
719232 0.000000 0
719240 0.000000 0
719247 0.059880 0
719255 0.000000 0
719262 0.000000 0
719270 0.031250 0
719277 0.000000 0
719284 0.000000 0
719292 0.017010 0
719300 0.000000 0
719308 0.000000 0
719315 0.034040 0
719322 0.000000 0
719330 0.000000 0
719337 0.017900 0
719345 0.000000 0
719352 0.000000 0
719360 0.104300 0
719367 0.000000 0
719374 0.000000 0
719382 0.174780 0
719390 0.000000 0
719398 0.000000 0
719405 0.098660 0
719412 0.000000 0
719420 0.000000 0
719427 0.041890 0
719435 0.000000 0
719442 0.000000 0
719450 0.044710 0
719457 0.000000 0
719464 0.000000 0
719472 0.029480 0
719480 0.000000 0
719488 0.000000 0
719495 0.017900 0
719502 0.000000 0
719510 0.000000 0
719517 0.021030 0
719525 0.000000 0
719532 0.000000 0
719540 0.021740 0
719547 0.000000 0
719554 0.000000 0
719562 0.028430 0
719570 0.000000 0
719578 0.000000 0
719585 0.030990 0
719592 0.000000 0
719600 0.000000 0
719607 0.225930 0
719615 0.000000 0
719622 0.000000 0
719630 0.219300 0
719637 0.000000 0
719644 0.000000 0
719652 0.116730 0
719660 0.000000 0
719668 0.000000 0
719675 0.050630 0
719682 0.000000 0
719690 0.000000 0
719697 0.069760 0
719705 0.000000 0
719712 0.000000 0
719720 0.030990 0
719727 0.000000 0
719734 0.000000 0
719742 0.023760 0
719750 0.000000 0
719758 0.000000 0
719765 0.017900 0
719772 0.000000 0
719780 0.000000 0
719787 0.035800 0
719795 0.000000 0
719802 0.000000 0
719810 0.017900 0
719817 0.000000 0
719824 0.000000 0
719832 0.118990 0
719840 0.000000 0
719848 0.000000 0
719855 0.172580 0
719862 0.000000 0
719870 0.000000 0
719877 0.096310 0
719885 0.000000 0
719892 0.000000 0
719900 0.043490 0
719907 0.000000 0
719914 0.000000 0
719922 0.044710 0
719930 0.000000 0
719938 0.000000 0
719945 0.030240 0
719952 0.000000 0
719960 0.000000 0
719967 0.016570 0
719975 0.000000 0
719982 0.000000 0
719990 0.025010 0
719997 0.000000 0
720004 0.000000 0
720012 0.021740 0
720020 0.000000 0
720028 0.000000 0
720035 0.021740 0
720042 0.000000 0
720050 0.000000 0
720057 0.022100 0
720065 0.000000 0
720072 0.000000 0
720080 0.217590 0
720087 0.000000 0
720094 0.000000 0
720102 0.223160 0
720110 0.000000 0
720118 0.000000 0
720125 0.122210 0
720132 0.000000 0
720140 0.000000 0
720147 0.055920 0
720155 0.000000 0
720162 0.000000 0
720170 0.069540 0
720177 0.000000 0
720184 0.000000 0
720192 0.033140 0
720200 0.000000 0
720208 0.000000 0
720215 0.023760 0
720222 0.000000 0
720230 0.000000 0
720237 0.020290 0
720245 0.000000 0
720252 0.000000 0
720260 0.032670 0
720267 0.000000 0
720274 0.000000 0
720282 0.025910 0
720290 0.000000 0
720298 0.000000 0
720305 0.114950 0
720312 0.000000 0
720320 0.000000 0
720327 0.161150 0
720335 0.000000 0
720342 0.000000 0
720350 0.099200 0
720357 0.000000 0
720364 0.000000 0
720372 0.046540 0
720380 0.000000 0
720388 0.000000 0
720395 0.043490 0
720402 0.000000 0
720410 0.000000 0
720417 0.033140 0
720425 0.000000 0
720432 0.000000 0
720440 0.023100 0
720447 0.000000 0
720454 0.000000 0
720462 0.017460 0
720470 0.000000 0
720478 0.000000 0
720485 0.022770 0
720492 0.000000 0
720500 0.000000 0
720507 0.027890 0
720515 0.000000 0
720522 0.000000 0
720530 0.034270 0
720537 0.000000 0
720544 0.000000 0
720552 0.188020 0
720560 0.000000 0
720568 0.000000 0
720575 0.220450 0
720582 0.000000 0
720590 0.000000 0
720597 0.123280 0
720605 0.000000 0
720612 0.000000 0
720620 0.050630 0
720627 0.000000 0
720634 0.000000 0
720642 0.053120 0
720650 0.000000 0
720658 0.000000 0
720665 0.028960 0
720672 0.000000 0
720680 0.000000 0
720687 0.028430 0
720695 0.000000 0
720702 0.000000 0
720710 0.024700 0
720717 0.000000 0
720724 0.000000 0
720732 0.051510 0
720740 0.000000 0
720748 0.000000 0
720755 0.030750 0
720762 0.000000 0
720770 0.000000 0
720777 0.103930 0
720785 0.000000 0
720792 0.000000 0
720800 0.131140 0
720807 0.000000 0
720814 0.000000 0
720822 0.081740 0
720830 0.000000 0
720838 0.000000 0
720845 0.032210 0
720852 0.000000 0
720860 0.000000 0
720867 0.045040 0
720875 0.000000 0
720882 0.000000 0
720890 0.032210 0
720897 0.000000 0
720904 0.000000 0
720912 0.019530 0
720920 0.000000 0
720928 0.000000 0
720935 0.021030 0
720942 0.000000 0
720950 0.000000 0
720957 0.019910 0
720965 0.000000 0
720972 0.000000 0
720980 0.018720 0
720987 0.000000 0
720994 0.000000 0
721002 0.017900 0
721010 0.000000 0
721018 0.000000 0
721025 0.015630 0
721032 0.000000 0
721040 0.000000 0
721047 0.007810 0
721055 0.000000 0
721062 0.000000 0
721070 0.000000 0
721077 0.000000 0
721084 0.000000 0
721092 0.003910 0
721100 0.000000 0
721108 0.000000 0
721115 0.026200 0
721122 0.000000 0
721130 0.000000 0
721137 0.043140 0
721145 0.000000 0
721152 0.000000 0
721160 0.087080 0
721167 0.000000 0
721174 0.000000 0
721182 0.101850 0
721190 0.000000 0
721198 0.000000 0
721205 0.084760 0
721212 0.000000 0
721220 0.000000 0
721227 0.083770 0
721235 0.000000 0
721242 0.000000 0
721250 0.134570 0
721257 0.000000 0
721264 0.000000 0
721272 0.158280 0
721280 0.000000 0
721288 0.000000 0
721295 0.132810 0
721302 0.000000 0
721310 0.000000 0
721317 0.106110 0
721325 0.000000 0
721332 0.000000 0
721340 0.101780 0
721347 0.000000 0
721354 0.000000 0
721362 0.098040 0
721370 0.000000 0
721378 0.000000 0
721385 0.092100 0
721392 0.000000 0
721400 0.000000 0
721407 0.085660 0
721415 0.000000 0
721422 0.000000 0
721430 0.080140 0
721437 0.000000 0
721444 0.000000 0
721452 0.087160 0
721460 0.000000 0
721468 0.000000 0
721475 0.120330 0
721482 0.000000 0
721490 0.000000 0
721497 0.144260 0
721505 0.000000 0
721512 0.000000 0
721520 0.191490 0
721526 0.000000 0
721534 0.000000 0
721541 0.092850 0
721548 0.000000 0
721556 0.000000 0
721563 0.075940 0
721571 0.000000 0
721578 0.000000 0
721586 0.092350 0
721593 0.000000 0
721600 0.000000 0
721608 0.027620 0
721616 0.000000 0
721624 0.000000 0
721631 0.008730 0
721640 0.000000 0
721648 0.000000 0
721655 0.008730 0
721662 0.000000 0
721670 0.000000 0
721677 0.006760 0
721684 0.000000 0
721692 0.000000 0
721699 0.006760 0
721706 0.000000 0
721714 0.000000 0
721721 0.027340 0
721730 0.000000 0
721738 0.000000 0
721745 0.057400 0
721751 0.000000 0
721758 0.000000 0
721766 0.036010 0
721775 0.000000 0
721782 0.000000 0
721790 0.016100 0
721796 0.000000 0
721804 0.000000 0
721811 0.029480 0
721820 0.000000 0
721828 0.000000 0
721835 0.020660 0
721841 0.000000 0
721848 0.000000 0
721856 0.013520 0
721865 0.000000 0
721872 0.000000 0
721880 0.015120 0
721886 0.000000 0
721894 0.000000 0
721901 0.025010 0
721910 0.000000 0
721918 0.000000 0
721925 0.026780 0
721931 0.000000 0
721938 0.000000 0
721946 0.044710 0
721954 0.000000 0
721962 0.000000 0
721969 0.139480 0
721976 0.000000 0
721984 0.000000 0
721991 0.243880 0
721999 0.000000 0
722006 0.000000 0
722014 0.069980 0
722021 0.000000 0
722028 0.000000 0
722036 0.099660 0
722044 0.000000 0
722052 0.000000 0
722059 0.088990 0
722066 0.000000 0
722074 0.000000 0
722081 0.027890 0
722089 0.000000 0
722096 0.000000 0
722104 0.008730 0
722111 0.000000 0
722118 0.000000 0
722126 0.009570 0
722134 0.000000 0
722142 0.000000 0
722149 0.019130 0
722156 0.000000 0
722164 0.000000 0
722171 0.018720 0
722179 0.000000 0
722186 0.000000 0
722194 0.065710 0
722201 0.000000 0
722208 0.000000 0
722216 0.094790 0
722224 0.000000 0
722232 0.000000 0
722239 0.064060 0
722246 0.000000 0
722254 0.000000 0
722261 0.019530 0
722269 0.000000 0
722276 0.000000 0
722284 0.024700 0
722291 0.000000 0
722298 0.000000 0
722306 0.015120 0
722315 0.000000 0
722322 0.000000 0
722330 0.014080 0
722336 0.000000 0
722344 0.000000 0
722351 0.016570 0
722359 0.000000 0
722366 0.000000 0
722374 0.023100 0
722381 0.000000 0
722388 0.000000 0
722396 0.028170 0
722404 0.000000 0
722412 0.000000 0
722419 0.047670 0
722426 0.000000 0
722434 0.000000 0
722441 0.161010 0
722449 0.000000 0
722456 0.000000 0
722464 0.268480 0
722471 0.000000 0
722478 0.000000 0
722486 0.066160 0
722494 0.000000 0
722502 0.000000 0
722509 0.083960 0
722516 0.000000 0
722524 0.000000 0
722531 0.083770 0
722539 0.000000 0
722546 0.000000 0
722554 0.036850 0
722561 0.000000 0
722568 0.000000 0
722576 0.017900 0
722585 0.000000 0
722592 0.000000 0
722600 0.013520 0
722606 0.000000 0
722614 0.000000 0
722621 0.011720 0
722630 0.000000 0
722638 0.000000 0
722645 0.022100 0
722651 0.000000 0
722658 0.000000 0
722666 0.078710 0
722674 0.000000 0
722682 0.000000 0
722689 0.116530 0
722696 0.000000 0
722704 0.000000 0
722711 0.073490 0
722719 0.000000 0
722726 0.000000 0
722734 0.022100 0
722741 0.000000 0
722748 0.000000 0
722756 0.030750 0
722764 0.000000 0
722772 0.000000 0
722779 0.019530 0
722786 0.000000 0
722794 0.000000 0
722801 0.017900 0
722809 0.000000 0
722816 0.000000 0
722824 0.026780 0
722831 0.000000 0
722838 0.000000 0
722846 0.021030 0
722854 0.000000 0
722862 0.000000 0
722869 0.027620 0
722876 0.000000 0
722884 0.000000 0
722891 0.042250 0
722899 0.000000 0
722906 0.000000 0
722914 0.162750 0
722921 0.000000 0
722928 0.000000 0
722936 0.278490 0
722944 0.000000 0
722952 0.000000 0
722959 0.090760 0
722966 0.000000 0
722974 0.000000 0
722981 0.088120 0
722990 0.000000 0
722998 0.000000 0
723005 0.082760 0
723011 0.000000 0
723018 0.000000 0
723026 0.030750 0
723034 0.000000 0
723042 0.000000 0
723049 0.012340 0
723056 0.000000 0
723064 0.000000 0
723071 0.009570 0
723079 0.000000 0
723086 0.000000 0
723094 0.009570 0
723101 0.000000 0
723108 0.000000 0
723116 0.018310 0
723124 0.000000 0
723132 0.000000 0
723139 0.073700 0
723146 0.000000 0
723154 0.000000 0
723161 0.134130 0
723169 0.000000 0
723176 0.000000 0
723184 0.068670 0
723191 0.000000 0
723198 0.000000 0
723206 0.030240 0
723214 0.000000 0
723222 0.000000 0
723229 0.034490 0
723236 0.000000 0
723244 0.000000 0
723251 0.014600 0
723259 0.000000 0
723266 0.000000 0
723274 0.010330 0
723281 0.000000 0
723288 0.000000 0
723296 0.024700 0
723304 0.000000 0
723312 0.000000 0
723319 0.023100 0
723326 0.000000 0
723334 0.000000 0
723341 0.022430 0
723349 0.000000 0
723356 0.000000 0
723364 0.051070 0
723371 0.000000 0
723378 0.000000 0
723386 0.171560 0
723394 0.000000 0
723402 0.000000 0
723409 0.289770 0
723416 0.000000 0
723424 0.000000 0
723431 0.092850 0
723439 0.000000 0
723446 0.000000 0
723454 0.083500 0
723461 0.000000 0
723468 0.000000 0
723476 0.077930 0
723484 0.000000 0
723492 0.000000 0
723499 0.031720 0
723506 0.000000 0
723514 0.000000 0
723521 0.013520 0
723529 0.000000 0
723536 0.000000 0
723544 0.012950 0
723551 0.000000 0
723558 0.000000 0
723566 0.011050 0
723574 0.000000 0
723582 0.000000 0
723589 0.019530 0
723596 0.000000 0
723604 0.000000 0
723611 0.076140 0
723619 0.000000 0
723626 0.000000 0
723634 0.144110 0
723641 0.000000 0
723648 0.000000 0
723656 0.068770 0
723664 0.000000 0
723672 0.000000 0
723679 0.023440 0
723686 0.000000 0
723694 0.000000 0
723701 0.037870 0
723709 0.000000 0
723716 0.000000 0
723724 0.010330 0
723731 0.000000 0
723738 0.000000 0
723746 0.019130 0
723754 0.000000 0
723762 0.000000 0
723769 0.025310 0
723776 0.000000 0
723784 0.000000 0
723791 0.024080 0
723799 0.000000 0
723806 0.000000 0
723814 0.027890 0
723821 0.000000 0
723828 0.000000 0
723836 0.042790 0
723844 0.000000 0
723852 0.000000 0
723859 0.184370 0
723866 0.000000 0
723874 0.000000 0
723881 0.289010 0
723889 0.000000 0
723896 0.000000 0
723904 0.088640 0
723911 0.000000 0
723918 0.000000 0
723926 0.086200 0
723934 0.000000 0
723942 0.000000 0
723949 0.079760 0
723956 0.000000 0
723964 0.000000 0
723971 0.033370 0
723979 0.000000 0
723986 0.000000 0
723994 0.012950 0
724001 0.000000 0
724008 0.000000 0
724016 0.012950 0
724024 0.000000 0
724032 0.000000 0
724039 0.010330 0
724046 0.000000 0
724054 0.000000 0
724061 0.009570 0
724069 0.000000 0
724076 0.000000 0
724084 0.067990 0
724091 0.000000 0
724098 0.000000 0
724106 0.141800 0
724114 0.000000 0
724122 0.000000 0
724129 0.072340 0
724136 0.000000 0
724144 0.000000 0
724151 0.030500 0
724159 0.000000 0
724166 0.000000 0
724174 0.034490 0
724181 0.000000 0
724188 0.000000 0
724196 0.014600 0
724205 0.000000 0
724212 0.000000 0
724220 0.017010 0
724226 0.000000 0
724234 0.000000 0
724241 0.020660 0
724249 0.000000 0
724256 0.000000 0
724264 0.021390 0
724271 0.000000 0
724278 0.000000 0
724286 0.024380 0
724295 0.000000 0
724302 0.000000 0
724310 0.044190 0
724316 0.000000 0
724324 0.000000 0
724331 0.181370 0
724339 0.000000 0
724346 0.000000 0
724354 0.293200 0
724361 0.000000 0
724368 0.000000 0
724376 0.085760 0
724384 0.000000 0
724392 0.000000 0
724399 0.086110 0
724406 0.000000 0
724414 0.000000 0
724421 0.083590 0
724429 0.000000 0
724436 0.000000 0
724444 0.045040 0
724451 0.000000 0
724458 0.000000 0
724466 0.015630 0
724474 0.000000 0
724482 0.000000 0
724489 0.010330 0
724496 0.000000 0
724504 0.000000 0
724511 0.008730 0
724519 0.000000 0
724526 0.000000 0
724534 0.012340 0
724541 0.000000 0
724548 0.000000 0
724556 0.079000 0
724564 0.000000 0
724572 0.000000 0
724579 0.144690 0
724586 0.000000 0
724594 0.000000 0
724601 0.077130 0
724609 0.000000 0
724616 0.000000 0
724624 0.027620 0
724631 0.000000 0
724638 0.000000 0
724646 0.036640 0
724654 0.000000 0
724662 0.000000 0
724669 0.011050 0
724676 0.000000 0
724684 0.000000 0
724691 0.021740 0
724699 0.000000 0
724706 0.000000 0
724714 0.020290 0
724722 0.000000 0
724730 0.000000 0
724737 0.024080 0
724744 0.000000 0
724752 0.000000 0
724759 0.024080 0
724766 0.000000 0
724774 0.000000 0
724781 0.045210 0
724789 0.000000 0
724796 0.000000 0
724804 0.190400 0
724811 0.000000 0
724818 0.000000 0
724826 0.292580 0
724834 0.000000 0
724842 0.000000 0
724849 0.073700 0
724857 0.000000 0
724864 0.000000 0
724872 0.090350 0
724879 0.000000 0
724886 0.000000 0
724894 0.078710 0
724902 0.000000 0
724910 0.000000 0
724917 0.030000 0
724924 0.000000 0
724932 0.000000 0
724939 0.013520 0
724946 0.000000 0
724954 0.000000 0
724961 0.011050 0
724969 0.000000 0
724976 0.000000 0
724984 0.007810 0
724991 0.000000 0
724998 0.000000 0
725006 0.008730 0
725014 0.000000 0
725022 0.000000 0
725029 0.066970 0
725036 0.000000 0
725044 0.000000 0
725051 0.145570 0
725059 0.000000 0
725066 0.000000 0
725074 0.107260 0
725082 0.000000 0
725090 0.000000 0
725097 0.065000 0
725104 0.000000 0
725112 0.000000 0
725119 0.069430 0
725127 0.000000 0
725134 0.000000 0
725142 0.082030 0
725149 0.000000 0
725156 0.000000 0
725164 0.048460 0
725172 0.000000 0
725180 0.000000 0
725187 0.012340 0
725194 0.000000 0
725202 0.000000 0
725209 0.008730 0
725217 0.000000 0
725224 0.000000 0
725232 0.009570 0
725239 0.000000 0
725246 0.000000 0
725254 0.012950 0
725263 0.000000 0
725270 0.000000 0
725278 0.114890 0
725284 0.000000 0
725292 0.000000 0
725299 0.234960 0
725307 0.000000 0
725314 0.000000 0
725322 0.063710 0
725329 0.000000 0
725336 0.000000 0
725344 0.080700 0
725352 0.000000 0
725360 0.000000 0
725367 0.072340 0
725374 0.000000 0
725382 0.000000 0
725389 0.026490 0
725397 0.000000 0
725404 0.000000 0
725412 0.011720 0
725419 0.000000 0
725426 0.000000 0
725434 0.011720 0
725442 0.000000 0
725450 0.000000 0
725457 0.007810 0
725464 0.000000 0
725472 0.000000 0
725479 0.012340 0
725488 0.000000 0
725496 0.000000 0
725503 0.064530 0
725510 0.000000 0
725518 0.000000 0
725525 0.144580 0
725531 0.000000 0
725538 0.000000 0
725546 0.083860 0
725554 0.000000 0
725562 0.000000 0
725569 0.027890 0
725576 0.000000 0
725584 0.000000 0
725591 0.044010 0
725598 0.000000 0
725606 0.000000 0
725613 0.012950 0
725621 0.000000 0
725628 0.000000 0
725636 0.011720 0
725644 0.000000 0
725652 0.000000 0
725659 0.020660 0
725667 0.000000 0
725674 0.000000 0
725682 0.017010 0
725689 0.000000 0
725696 0.000000 0
725704 0.024080 0
725711 0.000000 0
725718 0.000000 0
725726 0.044530 0
725734 0.000000 0
725742 0.000000 0
725749 0.186480 0
725757 0.000000 0
725764 0.000000 0
725772 0.302330 0
725779 0.000000 0
725786 0.000000 0
725794 0.093580 0
725801 0.000000 0
725808 0.000000 0
725816 0.092520 0
725824 0.000000 0
725832 0.000000 0
725839 0.075440 0
725847 0.000000 0
725854 0.000000 0
725862 0.029480 0
725868 0.000000 0
725876 0.000000 0
725883 0.014080 0
725891 0.000000 0
725898 0.000000 0
725906 0.008730 0
725913 0.000000 0
725920 0.000000 0
725928 0.011720 0
725937 0.000000 0
725944 0.000000 0
725952 0.009570 0
725959 0.000000 0
725966 0.000000 0
725974 0.079670 0
725982 0.000000 0
725990 0.000000 0
725997 0.159150 0
726004 0.000000 0
726012 0.000000 0
726019 0.080430 0
726027 0.000000 0
726034 0.000000 0
726042 0.025010 0
726049 0.000000 0
726056 0.000000 0
726064 0.037050 0
726072 0.000000 0
726080 0.000000 0
726087 0.019130 0
726094 0.000000 0
726102 0.000000 0
726109 0.010330 0
726118 0.000000 0
726126 0.000000 0
726133 0.022100 0
726139 0.000000 0
726146 0.000000 0
726154 0.018720 0
726163 0.000000 0
726170 0.000000 0
726178 0.027050 0
726184 0.000000 0
726192 0.000000 0
726199 0.048940 0
726207 0.000000 0
726214 0.000000 0
726222 0.183960 0
726229 0.000000 0
726236 0.000000 0
726244 0.295480 0
726252 0.000000 0
726260 0.000000 0
726267 0.083590 0
726274 0.000000 0
726282 0.000000 0
726289 0.089070 0
726297 0.000000 0
726304 0.000000 0
726312 0.077440 0
726318 0.000000 0
726326 0.000000 0
726333 0.030240 0
726341 0.000000 0
726348 0.000000 0
726356 0.015630 0
726364 0.000000 0
726372 0.000000 0
726379 0.010330 0
726387 0.000000 0
726394 0.000000 0
726402 0.006760 0
726409 0.000000 0
726416 0.000000 0
726424 0.012340 0
726431 0.000000 0
726438 0.000000 0
726446 0.088810 0
726454 0.000000 0
726462 0.000000 0
726469 0.152240 0
726477 0.000000 0
726484 0.000000 0
726492 0.075530 0
726499 0.000000 0
726506 0.000000 0
726514 0.026200 0
726523 0.000000 0
726530 0.000000 0
726538 0.035580 0
726544 0.000000 0
726552 0.000000 0
726559 0.018310 0
726568 0.000000 0
726576 0.000000 0
726583 0.014600 0
726589 0.000000 0
726596 0.000000 0
726604 0.023440 0
726612 0.000000 0
726620 0.000000 0
726627 0.015120 0
726634 0.000000 0
726642 0.000000 0
726649 0.028170 0
726658 0.000000 0
726666 0.000000 0
726673 0.048310 0
726679 0.000000 0
726686 0.000000 0
726694 0.185660 0
726702 0.000000 0
726710 0.000000 0
726717 0.298470 0
726724 0.000000 0
726732 0.000000 0
726739 0.081830 0
726747 0.000000 0
726754 0.000000 0
726762 0.091860 0
726769 0.000000 0
726776 0.000000 0
726784 0.081740 0
726792 0.000000 0
726800 0.000000 0
726807 0.031480 0
726814 0.000000 0
726822 0.000000 0
726829 0.011050 0
726836 0.000000 0
726844 0.000000 0
726851 0.006760 0
726859 0.000000 0
726866 0.000000 0
726874 0.008730 0
726882 0.000000 0
726890 0.000000 0
726897 0.009570 0
726904 0.000000 0
726912 0.000000 0
726919 0.073900 0
726927 0.000000 0
726934 0.000000 0
726942 0.144630 0
726949 0.000000 0
726956 0.000000 0
726964 0.081560 0
726972 0.000000 0
726980 0.000000 0
726987 0.023440 0
726994 0.000000 0
727002 0.000000 0
727009 0.037050 0
727017 0.000000 0
727024 0.000000 0
727032 0.016570 0
727039 0.000000 0
727046 0.000000 0
727054 0.014080 0
727062 0.000000 0
727070 0.000000 0
727077 0.016570 0
727084 0.000000 0
727092 0.000000 0
727099 0.017460 0
727108 0.000000 0
727116 0.000000 0
727123 0.020290 0
727129 0.000000 0
727136 0.000000 0
727144 0.048160 0
727152 0.000000 0
727160 0.000000 0
727167 0.192950 0
727174 0.000000 0
727182 0.000000 0
727189 0.304390 0
727198 0.000000 0
727206 0.000000 0
727213 0.079580 0
727219 0.000000 0
727226 0.000000 0
727234 0.089160 0
727243 0.000000 0
727250 0.000000 0
727258 0.075840 0
727264 0.000000 0
727272 0.000000 0
727279 0.027620 0
727287 0.000000 0
727294 0.000000 0
727302 0.013520 0
727309 0.000000 0
727316 0.000000 0
727324 0.005520 0
727332 0.000000 0
727340 0.000000 0
727347 0.006760 0
727354 0.000000 0
727362 0.000000 0
727369 0.006760 0
727377 0.000000 0
727384 0.000000 0
727392 0.086380 0
727399 0.000000 0
727406 0.000000 0
727414 0.152290 0
727422 0.000000 0
727430 0.000000 0
727437 0.068330 0
727444 0.000000 0
727452 0.000000 0
727459 0.022770 0
727467 0.000000 0
727474 0.000000 0
727482 0.041890 0
727489 0.000000 0
727496 0.000000 0
727504 0.016100 0
727512 0.000000 0
727520 0.000000 0
727527 0.011720 0
727534 0.000000 0
727542 0.000000 0
727549 0.025600 0
727558 0.000000 0
727566 0.000000 0
727573 0.021740 0
727579 0.000000 0
727586 0.000000 0
727594 0.019530 0
727602 0.000000 0
727610 0.000000 0
727617 0.050780 0
727624 0.000000 0
727632 0.000000 0
727639 0.190450 0
727646 0.000000 0
727654 0.000000 0
727661 0.308140 0
727669 0.000000 0
727676 0.000000 0
727684 0.082490 0
727692 0.000000 0
727700 0.000000 0
727707 0.084500 0
727713 0.000000 0
727720 0.000000 0
727728 0.076340 0
727736 0.000000 0
727744 0.000000 0
727751 0.033600 0
727758 0.000000 0
727766 0.000000 0
727773 0.017900 0
727782 0.000000 0
727790 0.000000 0
727797 0.008730 0
727804 0.000000 0
727812 0.000000 0
727819 0.008730 0
727826 0.000000 0
727834 0.000000 0
727841 0.009570 0
727849 0.000000 0
727856 0.000000 0
727864 0.074720 0
727872 0.000000 0
727880 0.000000 0
727887 0.144900 0
727894 0.000000 0
727902 0.000000 0
727909 0.075030 0
727917 0.000000 0
727924 0.000000 0
727932 0.028430 0
727939 0.000000 0
727946 0.000000 0
727954 0.037660 0
727961 0.000000 0
727968 0.000000 0
727976 0.015120 0
727984 0.000000 0
727992 0.000000 0
727999 0.016570 0
728007 0.000000 0
728014 0.000000 0
728022 0.016570 0
728029 0.000000 0
728036 0.000000 0
728044 0.012950 0
728051 0.000000 0
728058 0.000000 0
728066 0.015120 0
728074 0.000000 0
728082 0.000000 0
728089 0.051960 0
728096 0.000000 0
728104 0.000000 0
728111 0.194050 0
728120 0.000000 0
728128 0.000000 0
728135 0.300480 0
728141 0.000000 0
728148 0.000000 0
728156 0.080810 0
728164 0.000000 0
728172 0.000000 0
728179 0.084320 0
728186 0.000000 0
728194 0.000000 0
728201 0.075230 0
728208 0.000000 0
728216 0.000000 0
728223 0.033370 0
728231 0.000000 0
728238 0.000000 0
728246 0.013520 0
728253 0.000000 0
728260 0.000000 0
728268 0.018310 0
728276 0.000000 0
728284 0.000000 0
728291 0.008730 0
728298 0.000000 0
728306 0.000000 0
728313 0.011050 0
728321 0.000000 0
728328 0.000000 0
728336 0.069980 0
728345 0.000000 0
728352 0.000000 0
728360 0.142930 0
728366 0.000000 0
728374 0.000000 0
728381 0.077130 0
728389 0.000000 0
728396 0.000000 0
728404 0.028170 0
728411 0.000000 0
728418 0.000000 0
728426 0.038470 0
728433 0.000000 0
728440 0.000000 0
728448 0.014600 0
728456 0.000000 0
728464 0.000000 0
728471 0.012340 0
728480 0.000000 0
728488 0.000000 0
728495 0.019130 0
728501 0.000000 0
728508 0.000000 0
728516 0.018310 0
728525 0.000000 0
728532 0.000000 0
728540 0.018720 0
728546 0.000000 0
728554 0.000000 0
728561 0.051380 0
728570 0.000000 0
728578 0.000000 0
728585 0.197060 0
728591 0.000000 0
728598 0.000000 0
728606 0.297920 0
728614 0.000000 0
728622 0.000000 0
728629 0.083860 0
728636 0.000000 0
728644 0.000000 0
728651 0.108810 0
728660 0.000000 0
728668 0.000000 0
728675 0.083500 0
728681 0.000000 0
728688 0.000000 0
728696 0.025310 0
728705 0.000000 0
728712 0.000000 0
728720 0.015120 0
728726 0.000000 0
728734 0.000000 0
728741 0.014080 0
728750 0.000000 0
728758 0.000000 0
728765 0.008730 0
728771 0.000000 0
728778 0.000000 0
728786 0.009570 0
728795 0.000000 0
728802 0.000000 0
728810 0.077130 0
728816 0.000000 0
728824 0.000000 0
728831 0.155260 0
728839 0.000000 0
728846 0.000000 0
728854 0.076840 0
728861 0.000000 0
728868 0.000000 0
728876 0.022770 0
728884 0.000000 0
728892 0.000000 0
728899 0.053560 0
728907 0.000000 0
728914 0.000000 0
728922 0.021740 0
728929 0.000000 0
728936 0.000000 0
728944 0.023760 0
728951 0.000000 0
728958 0.000000 0
728966 0.033600 0
728974 0.000000 0
728982 0.000000 0
728989 0.047990 0
728996 0.000000 0
729004 0.000000 0
729011 0.043320 0
729019 0.000000 0
729026 0.000000 0
729034 0.090420 0
729041 0.000000 0
729048 0.000000 0
729056 0.148330 0
729065 0.000000 0
729072 0.000000 0
729080 0.250060 0
729086 0.000000 0
729094 0.000000 0
729101 0.067770 0
729109 0.000000 0
729116 0.000000 0
729124 0.094390 0
729131 0.000000 0
729138 0.000000 0
729146 0.080900 0
729154 0.000000 0
729162 0.000000 0
729169 0.028700 0
729176 0.000000 0
729184 0.000000 0
729191 0.014600 0
729199 0.000000 0
729206 0.000000 0
729214 0.009570 0
729221 0.000000 0
729228 0.000000 0
729236 0.006760 0
729244 0.000000 0
729252 0.000000 0
729259 0.008730 0
729266 0.000000 0
729274 0.000000 0
729281 0.099350 0
729289 0.000000 0
729296 0.000000 0
729304 0.137820 0
729311 0.000000 0
729318 0.000000 0
729326 0.078020 0
729334 0.000000 0
729342 0.000000 0
729349 0.022430 0
729356 0.000000 0
729364 0.000000 0
729371 0.039060 0
729379 0.000000 0
729386 0.000000 0
729394 0.014600 0
729401 0.000000 0
729408 0.000000 0
729416 0.010330 0
729424 0.000000 0
729432 0.000000 0
729439 0.008730 0
729446 0.000000 0
729454 0.000000 0
729461 0.011720 0
729469 0.000000 0
729476 0.000000 0
729484 0.020660 0
729491 0.000000 0
729498 0.000000 0
729506 0.050630 0
729514 0.000000 0
729522 0.000000 0
729529 0.183840 0
729536 0.000000 0
729544 0.000000 0
729551 0.305210 0
729559 0.000000 0
729566 0.000000 0
729574 0.089160 0
729581 0.000000 0
729588 0.000000 0
729596 0.090520 0
729604 0.000000 0
729612 0.000000 0
729619 0.075840 0
729626 0.000000 0
729634 0.000000 0
729641 0.028170 0
729649 0.000000 0
729656 0.000000 0
729664 0.018720 0
729671 0.000000 0
729678 0.000000 0
729686 0.009570 0
729694 0.000000 0
729702 0.000000 0
729709 0.006760 0
729716 0.000000 0
729724 0.000000 0
729731 0.007810 0
729739 0.000000 0
729746 0.000000 0
729754 0.072650 0
729761 0.000000 0
729768 0.000000 0
729776 0.141970 0
729784 0.000000 0
729792 0.000000 0
729799 0.075230 0
729806 0.000000 0
729814 0.000000 0
729821 0.025010 0
729829 0.000000 0
729836 0.000000 0
729844 0.033140 0
729851 0.000000 0
729858 0.000000 0
729866 0.017010 0
729874 0.000000 0
729882 0.000000 0
729889 0.017010 0
729896 0.000000 0
729904 0.000000 0
729911 0.012340 0
729919 0.000000 0
729926 0.000000 0
729934 0.010330 0
729943 0.000000 0
729950 0.000000 0
729958 0.023100 0
729964 0.000000 0
729972 0.000000 0
729979 0.051220 0
729986 0.000000 0
729994 0.000000 0
730001 0.186920 0
730009 0.000000 0
730016 0.000000 0
730024 0.302620 0
730031 0.000000 0
730038 0.000000 0
730046 0.081280 0
730054 0.000000 0
730062 0.000000 0
730069 0.092440 0
730077 0.000000 0
730084 0.000000 0
730092 0.078220 0
730099 0.000000 0
730106 0.000000 0
730114 0.030750 0
730122 0.000000 0
730130 0.000000 0
730137 0.015120 0
730144 0.000000 0
730152 0.000000 0
730159 0.012950 0
730166 0.000000 0
730174 0.000000 0
730181 0.006760 0
730189 0.000000 0
730196 0.000000 0
730204 0.007810 0
730211 0.000000 0
730218 0.000000 0
730226 0.071700 0
730234 0.000000 0
730242 0.000000 0
730249 0.153780 0
730256 0.000000 0
730264 0.000000 0
730271 0.075640 0
730279 0.000000 0
730286 0.000000 0
730294 0.023440 0
730302 0.000000 0
730310 0.000000 0
730317 0.038270 0
730324 0.000000 0
730332 0.000000 0
730339 0.014080 0
730347 0.000000 0
730354 0.000000 0
730362 0.015120 0
730369 0.000000 0
730376 0.000000 0
730384 0.012340 0
730391 0.000000 0
730398 0.000000 0
730406 0.009570 0
730414 0.000000 0
730422 0.000000 0
730429 0.020290 0
730437 0.000000 0
730444 0.000000 0
730452 0.051960 0
730459 0.000000 0
730466 0.000000 0
730474 0.187660 0
730482 0.000000 0
730490 0.000000 0
730497 0.294100 0
730504 0.000000 0
730512 0.000000 0
730519 0.080140 0
730527 0.000000 0
730534 0.000000 0
730542 0.096710 0
730548 0.000000 0
730556 0.000000 0
730563 0.086200 0
730571 0.000000 0
730578 0.000000 0
730586 0.029740 0
730593 0.000000 0
730600 0.000000 0
730608 0.015120 0
730616 0.000000 0
730624 0.000000 0
730631 0.010330 0
730638 0.000000 0
730646 0.000000 0
730653 0.009570 0
730661 0.000000 0
730668 0.000000 0
730676 0.006760 0
730683 0.000000 0
730690 0.000000 0
730698 0.083310 0
730706 0.000000 0
730714 0.000000 0
730721 0.143470 0
730728 0.000000 0
730736 0.000000 0
730743 0.078510 0
730751 0.000000 0
730758 0.000000 0
730766 0.025010 0
730773 0.000000 0
730780 0.000000 0
730788 0.039440 0
730796 0.000000 0
730804 0.000000 0
730811 0.007810 0
730819 0.000000 0
730826 0.000000 0
730834 0.011720 0
730842 0.000000 0
730850 0.000000 0
730857 0.012340 0
730864 0.000000 0
730872 0.000000 0
730879 0.010330 0
730887 0.000000 0
730894 0.000000 0
730902 0.021030 0
730909 0.000000 0
730916 0.000000 0
730924 0.052550 0
730932 0.000000 0
730940 0.000000 0
730947 0.185200 0
730954 0.000000 0
730962 0.000000 0
730969 0.288530 0
730978 0.000000 0
730986 0.000000 0
730993 0.104880 0
730999 0.000000 0
731006 0.000000 0
731014 0.110280 0
731022 0.000000 0
731030 0.000000 0
731037 0.084140 0
731043 0.000000 0
731050 0.000000 0
731058 0.024080 0
731066 0.000000 0
731074 0.000000 0
731081 0.010330 0
731088 0.000000 0
731096 0.000000 0
731103 0.008730 0
731111 0.000000 0
731118 0.000000 0
731126 0.007810 0
731134 0.000000 0
731142 0.000000 0
731149 0.005520 0
731157 0.000000 0
731164 0.000000 0
731172 0.074220 0
731179 0.000000 0
731186 0.000000 0
731194 0.149160 0
731202 0.000000 0
731210 0.000000 0
731217 0.075230 0
731224 0.000000 0
731232 0.000000 0
731239 0.022430 0
731247 0.000000 0
731254 0.000000 0
731262 0.039250 0
731269 0.000000 0
731276 0.000000 0
731284 0.013520 0
731293 0.000000 0
731300 0.000000 0
731308 0.015630 0
731314 0.000000 0
731322 0.000000 0
731329 0.011720 0
731337 0.000000 0
731344 0.000000 0
731352 0.014600 0
731359 0.000000 0
731366 0.000000 0
731374 0.018310 0
731382 0.000000 0
731390 0.000000 0
731397 0.051220 0
731404 0.000000 0
731412 0.000000 0
731419 0.186600 0
731428 0.000000 0
731436 0.000000 0
731443 0.298860 0
731449 0.000000 0
731456 0.000000 0
731464 0.082120 0
731472 0.000000 0
731480 0.000000 0
731487 0.094470 0
731494 0.000000 0
731502 0.000000 0
731509 0.080140 0
731517 0.000000 0
731524 0.000000 0
731532 0.031720 0
731539 0.000000 0
731546 0.000000 0
731554 0.012950 0
731562 0.000000 0
731570 0.000000 0
731577 0.007810 0
731584 0.000000 0
731592 0.000000 0
731599 0.009570 0
731607 0.000000 0
731614 0.000000 0
731622 0.010330 0
731629 0.000000 0
731636 0.000000 0
731644 0.072240 0
731652 0.000000 0
731660 0.000000 0
731667 0.145890 0
731674 0.000000 0
731682 0.000000 0
731689 0.075140 0
731697 0.000000 0
731704 0.000000 0
731712 0.021740 0
731719 0.000000 0
731726 0.000000 0
731734 0.044010 0
731742 0.000000 0
731750 0.000000 0
731757 0.024080 0
731764 0.000000 0
731772 0.000000 0
731779 0.014600 0
731787 0.000000 0
731794 0.000000 0
731802 0.015120 0
731809 0.000000 0
731816 0.000000 0
731824 0.016100 0
731832 0.000000 0
731840 0.000000 0
731847 0.019910 0
731854 0.000000 0
731862 0.000000 0
731869 0.051670 0
731877 0.000000 0
731884 0.000000 0
731892 0.190480 0
731899 0.000000 0
731906 0.000000 0
731914 0.299150 0
731922 0.000000 0
731930 0.000000 0
731937 0.090090 0
731944 0.000000 0
731952 0.000000 0
731959 0.091690 0
731967 0.000000 0
731974 0.000000 0
731982 0.080430 0
731989 0.000000 0
731996 0.000000 0
732004 0.029740 0
732012 0.000000 0
732020 0.000000 0
732027 0.012340 0
732034 0.000000 0
732042 0.000000 0
732049 0.006760 0
732057 0.000000 0
732064 0.000000 0
732072 0.008730 0
732079 0.000000 0
732086 0.000000 0
732094 0.009570 0
732102 0.000000 0
732110 0.000000 0
732117 0.089850 0
732123 0.000000 0
732130 0.000000 0
732138 0.146730 0
732146 0.000000 0
732154 0.000000 0
732161 0.074830 0
732169 0.000000 0
732176 0.000000 0
732184 0.021390 0
732192 0.000000 0
732200 0.000000 0
732207 0.038070 0
732214 0.000000 0
732222 0.000000 0
732229 0.009570 0
732237 0.000000 0
732244 0.000000 0
732252 0.012340 0
732259 0.000000 0
732266 0.000000 0
732274 0.015120 0
732282 0.000000 0
732290 0.000000 0
732297 0.011720 0
732304 0.000000 0
732312 0.000000 0
732319 0.019910 0
732327 0.000000 0
732334 0.000000 0
732342 0.052110 0
732349 0.000000 0
732356 0.000000 0
732364 0.179930 0
732372 0.000000 0
732380 0.000000 0
732387 0.306360 0
732394 0.000000 0
732402 0.000000 0
732409 0.077440 0
732418 0.000000 0
732426 0.000000 0
732433 0.092350 0
732439 0.000000 0
732446 0.000000 0
732454 0.080230 0
732461 0.000000 0
732468 0.000000 0
732476 0.031480 0
732483 0.000000 0
732490 0.000000 0
732498 0.012950 0
732506 0.000000 0
732514 0.000000 0
732521 0.007810 0
732528 0.000000 0
732536 0.000000 0
732543 0.008730 0
732551 0.000000 0
732558 0.000000 0
732566 0.008730 0
732573 0.000000 0
732580 0.000000 0
732588 0.066870 0
732596 0.000000 0
732604 0.000000 0
732611 0.149160 0
732618 0.000000 0
732626 0.000000 0
732633 0.106320 0
732641 0.000000 0
732648 0.000000 0
732656 0.065350 0
732663 0.000000 0
732670 0.000000 0
732678 0.067540 0
732686 0.000000 0
732694 0.000000 0
732701 0.081280 0
732708 0.000000 0
732716 0.000000 0
732723 0.042790 0
732731 0.000000 0
732738 0.000000 0
732746 0.015120 0
732753 0.000000 0
732760 0.000000 0
732768 0.013520 0
732776 0.000000 0
732784 0.000000 0
732791 0.008730 0
732798 0.000000 0
732806 0.000000 0
732813 0.012950 0
732822 0.000000 0
732830 0.000000 0
732837 0.113880 0
732843 0.000000 0
732850 0.000000 0
732858 0.225880 0
732866 0.000000 0
732874 0.000000 0
732881 0.057400 0
732888 0.000000 0
732896 0.000000 0
732903 0.088900 0
732911 0.000000 0
732918 0.000000 0
732926 0.071170 0
732933 0.000000 0
732940 0.000000 0
732948 0.030000 0
732956 0.000000 0
732964 0.000000 0
732971 0.018310 0
732978 0.000000 0
732986 0.000000 0
732993 0.006760 0
733001 0.000000 0
733008 0.000000 0
733016 0.008730 0
733023 0.000000 0
733030 0.000000 0
733038 0.010330 0
733046 0.000000 0
733054 0.000000 0
733061 0.075330 0
733068 0.000000 0
733076 0.000000 0
733083 0.145200 0
733091 0.000000 0
733098 0.000000 0
733106 0.087690 0
733113 0.000000 0
733120 0.000000 0
733128 0.033830 0
733136 0.000000 0
733144 0.000000 0
733151 0.041890 0
733159 0.000000 0
733166 0.000000 0
733174 0.018720 0
733181 0.000000 0
733188 0.000000 0
733196 0.015120 0
733204 0.000000 0
733212 0.000000 0
733219 0.016570 0
733227 0.000000 0
733234 0.000000 0
733242 0.009570 0
733249 0.000000 0
733256 0.000000 0
733264 0.019910 0
733273 0.000000 0
733280 0.000000 0
733288 0.051960 0
733294 0.000000 0
733302 0.000000 0
733309 0.190840 0
733318 0.000000 0
733326 0.000000 0
733333 0.300040 0
733339 0.000000 0
733346 0.000000 0
733354 0.082310 0
733362 0.000000 0
733370 0.000000 0
733377 0.094320 0
733384 0.000000 0
733392 0.000000 0
733399 0.076140 0
733406 0.000000 0
733414 0.000000 0
733421 0.031970 0
733429 0.000000 0
733436 0.000000 0
733444 0.015120 0
733451 0.000000 0
733458 0.000000 0
733466 0.011050 0
733474 0.000000 0
733482 0.000000 0
733489 0.009570 0
733497 0.000000 0
733504 0.000000 0
733512 0.009570 0
733519 0.000000 0
733526 0.000000 0
733534 0.078890 0
733542 0.000000 0
733550 0.000000 0
733557 0.151130 0
733564 0.000000 0
733572 0.000000 0
733579 0.077440 0
733587 0.000000 0
733594 0.000000 0
733602 0.022770 0
733609 0.000000 0
733616 0.000000 0
733624 0.042790 0
733633 0.000000 0
733640 0.000000 0
733648 0.014600 0
733654 0.000000 0
733662 0.000000 0
733669 0.014080 0
733677 0.000000 0
733684 0.000000 0
733692 0.012340 0
733699 0.000000 0
733706 0.000000 0
733714 0.014600 0
733722 0.000000 0
733730 0.000000 0
733737 0.021740 0
733744 0.000000 0
733752 0.000000 0
733759 0.051820 0
733767 0.000000 0
733774 0.000000 0
733782 0.181920 0
733789 0.000000 0
733796 0.000000 0
733804 0.292180 0
733812 0.000000 0
733820 0.000000 0
733827 0.092010 0
733834 0.000000 0
733842 0.000000 0
733849 0.099430 0
733857 0.000000 0
733864 0.000000 0
733872 0.081560 0
733879 0.000000 0
733886 0.000000 0
733894 0.032910 0
733902 0.000000 0
733910 0.000000 0
733917 0.016570 0
733924 0.000000 0
733932 0.000000 0
733939 0.009570 0
733947 0.000000 0
733954 0.000000 0
733962 0.011050 0
733969 0.000000 0
733976 0.000000 0
733984 0.012340 0
733993 0.000000 0
734000 0.000000 0
734008 0.075530 0
734014 0.000000 0
734022 0.000000 0
734029 0.149400 0
734038 0.000000 0
734046 0.000000 0
734053 0.081470 0
734059 0.000000 0
734066 0.000000 0
734074 0.024700 0
734082 0.000000 0
734090 0.000000 0
734097 0.038670 0
734104 0.000000 0
734112 0.000000 0
734119 0.012950 0
734127 0.000000 0
734134 0.000000 0
734142 0.016100 0
734149 0.000000 0
734156 0.000000 0
734164 0.011050 0
734173 0.000000 0
734180 0.000000 0
734188 0.007810 0
734194 0.000000 0
734202 0.000000 0
734209 0.023440 0
734218 0.000000 0
734226 0.000000 0
734233 0.052110 0
734239 0.000000 0
734246 0.000000 0
734254 0.193030 0
734263 0.000000 0
734270 0.000000 0
734278 0.296740 0
734284 0.000000 0
734292 0.000000 0
734299 0.074420 0
734308 0.000000 0
734316 0.000000 0
734323 0.094640 0
734329 0.000000 0
734336 0.000000 0
734344 0.076740 0
734352 0.000000 0
734360 0.000000 0
734367 0.030240 0
734374 0.000000 0
734382 0.000000 0
734389 0.011720 0
734397 0.000000 0
734404 0.000000 0
734412 0.007810 0
734419 0.000000 0
734426 0.000000 0
734434 0.009570 0
734442 0.000000 0
734450 0.000000 0
734457 0.007810 0
734464 0.000000 0
734472 0.000000 0
734479 0.078310 0
734487 0.000000 0
734494 0.000000 0
734502 0.137100 0
734509 0.000000 0
734516 0.000000 0
734524 0.085850 0
734532 0.000000 0
734540 0.000000 0
734547 0.031250 0
734554 0.000000 0
734562 0.000000 0
734569 0.040020 0
734577 0.000000 0
734584 0.000000 0
734592 0.016100 0
734599 0.000000 0
734606 0.000000 0
734614 0.016570 0
734622 0.000000 0
734630 0.000000 0
734637 0.016570 0
734644 0.000000 0
734652 0.000000 0
734659 0.009570 0
734667 0.000000 0
734674 0.000000 0
734682 0.023440 0
734689 0.000000 0
734696 0.000000 0
734704 0.052260 0
734713 0.000000 0
734720 0.000000 0
734728 0.181750 0
734734 0.000000 0
734742 0.000000 0
734749 0.296850 0
734757 0.000000 0
734764 0.000000 0
734772 0.081280 0
734779 0.000000 0
734786 0.000000 0
734794 0.099960 0
734802 0.000000 0
734810 0.000000 0
734817 0.079760 0
734824 0.000000 0
734832 0.000000 0
734839 0.027620 0
734848 0.000000 0
734856 0.000000 0
734863 0.014600 0
734869 0.000000 0
734876 0.000000 0
734884 0.008730 0
734892 0.000000 0
734900 0.000000 0
734907 0.007810 0
734914 0.000000 0
734922 0.000000 0
734929 0.013520 0
734937 0.000000 0
734944 0.000000 0
734952 0.104810 0
734959 0.000000 0
734966 0.000000 0
734974 0.149360 0
734982 0.000000 0
734990 0.000000 0
734997 0.066870 0
735004 0.000000 0
735012 0.000000 0
735019 0.024080 0
735028 0.000000 0
735036 0.000000 0
735043 0.041340 0
735049 0.000000 0
735056 0.000000 0
735064 0.011050 0
735072 0.000000 0
735080 0.000000 0
735087 0.012340 0
735094 0.000000 0
735102 0.000000 0
735109 0.012340 0
735117 0.000000 0
735124 0.000000 0
735132 0.008730 0
735139 0.000000 0
735146 0.000000 0
735154 0.019130 0
735162 0.000000 0
735170 0.000000 0
735177 0.053270 0
735184 0.000000 0
735192 0.000000 0
735199 0.183630 0
735207 0.000000 0
735214 0.000000 0
735222 0.306340 0
735229 0.000000 0
735236 0.000000 0
735244 0.088730 0
735252 0.000000 0
735260 0.000000 0
735267 0.091360 0
735274 0.000000 0
735282 0.000000 0
735289 0.077730 0
735298 0.000000 0
735306 0.000000 0
735313 0.029480 0
735319 0.000000 0
735326 0.000000 0
735334 0.012950 0
735343 0.000000 0
735350 0.000000 0
735358 0.009570 0
735364 0.000000 0
735372 0.000000 0
735379 0.007810 0
735388 0.000000 0
735396 0.000000 0
735403 0.008730 0
735409 0.000000 0
735416 0.000000 0
735424 0.086380 0
735433 0.000000 0
735440 0.000000 0
735448 0.145940 0
735454 0.000000 0
735462 0.000000 0
735469 0.078890 0
735477 0.000000 0
735484 0.000000 0
735492 0.018720 0
735499 0.000000 0
735506 0.000000 0
735514 0.036850 0
735522 0.000000 0
735530 0.000000 0
735537 0.021030 0
735544 0.000000 0
735552 0.000000 0
735559 0.018310 0
735567 0.000000 0
735574 0.000000 0
735582 0.014600 0
735589 0.000000 0
735596 0.000000 0
735604 0.013520 0
735613 0.000000 0
735620 0.000000 0
735628 0.021740 0
735634 0.000000 0
735642 0.000000 0
735649 0.051220 0
735658 0.000000 0
735666 0.000000 0
735673 0.184540 0
735679 0.000000 0
735686 0.000000 0
735694 0.307150 0
735703 0.000000 0
735710 0.000000 0
735718 0.078420 0
735724 0.000000 0
735732 0.000000 0
735739 0.105750 0
735747 0.000000 0
735754 0.000000 0
735762 0.079580 0
735769 0.000000 0
735776 0.000000 0
735784 0.024700 0
735793 0.000000 0
735800 0.000000 0
735808 0.014080 0
735814 0.000000 0
735822 0.000000 0
735829 0.010330 0
735837 0.000000 0
735844 0.000000 0
735852 0.009570 0
735859 0.000000 0
735866 0.000000 0
735874 0.007810 0
735883 0.000000 0
735890 0.000000 0
735898 0.064770 0
735904 0.000000 0
735912 0.000000 0
735919 0.141590 0
735927 0.000000 0
735934 0.000000 0
735942 0.076340 0
735949 0.000000 0
735956 0.000000 0
735964 0.032670 0
735972 0.000000 0
735980 0.000000 0
735987 0.043320 0
735994 0.000000 0
736002 0.000000 0
736009 0.014600 0
736017 0.000000 0
736024 0.000000 0
736032 0.011050 0
736039 0.000000 0
736046 0.000000 0
736054 0.014600 0
736063 0.000000 0
736070 0.000000 0
736078 0.009570 0
736084 0.000000 0
736092 0.000000 0
736099 0.021030 0
736108 0.000000 0
736116 0.000000 0
736123 0.052400 0
736129 0.000000 0
736136 0.000000 0
736144 0.184760 0
736152 0.000000 0
736160 0.000000 0
736167 0.297800 0
736174 0.000000 0
736182 0.000000 0
736189 0.086200 0
736198 0.000000 0
736206 0.000000 0
736213 0.092680 0
736219 0.000000 0
736226 0.000000 0
736234 0.073180 0
736242 0.000000 0
736250 0.000000 0
736257 0.030000 0
736264 0.000000 0
736272 0.000000 0
736279 0.071920 0
736287 0.000000 0
736294 0.000000 0
736302 0.052110 0
736309 0.000000 0
736316 0.000000 0
736324 0.027050 0
736332 0.000000 0
736340 0.000000 0
736347 0.075640 0
736354 0.000000 0
736362 0.000000 0
736369 0.063220 0
736377 0.000000 0
736384 0.000000 0
736392 0.075530 0
736398 0.000000 0
736406 0.000000 0
736413 0.041890 0
736421 0.000000 0
736428 0.000000 0
736436 0.012950 0
736443 0.000000 0
736450 0.000000 0
736458 0.007810 0
736466 0.000000 0
736474 0.000000 0
736481 0.013520 0
736489 0.000000 0
736496 0.000000 0
736504 0.029220 0
736511 0.000000 0
736518 0.000000 0
736526 0.030750 0
736534 0.000000 0
736542 0.000000 0
736549 0.018720 0
736557 0.000000 0
736564 0.000000 0
736572 0.056730 0
736579 0.000000 0
736586 0.000000 0
736594 0.053120 0
736602 0.000000 0
736610 0.000000 0
736617 0.106610 0
736624 0.000000 0
736632 0.000000 0
736639 0.115280 0
736648 0.000000 0
736656 0.000000 0
736663 0.070530 0
736669 0.000000 0
736676 0.000000 0
736684 0.123340 0
736691 0.000000 0
736698 0.000000 0
736706 0.103930 0
736713 0.000000 0
736720 0.000000 0
736728 0.058320 0
736736 0.000000 0
736744 0.000000 0
736751 0.025010 0
736758 0.000000 0
736766 0.000000 0
736773 0.010330 0
736781 0.000000 0
736788 0.000000 0
736796 0.009570 0
736803 0.000000 0
736810 0.000000 0
736818 0.006760 0
736826 0.000000 0
736834 0.000000 0
736841 0.054540 0
736849 0.000000 0
736856 0.000000 0
736864 0.136660 0
736871 0.000000 0
736878 0.000000 0
736886 0.089660 0
736894 0.000000 0
736902 0.000000 0
736909 0.023440 0
736917 0.000000 0
736924 0.000000 0
736932 0.027050 0
736939 0.000000 0
736946 0.000000 0
736954 0.020290 0
736963 0.000000 0
736970 0.000000 0
736978 0.015120 0
736984 0.000000 0
736992 0.000000 0
736999 0.029480 0
737007 0.000000 0
737014 0.000000 0
737022 0.035370 0
737029 0.000000 0
737036 0.000000 0
737044 0.044190 0
737052 0.000000 0
737060 0.000000 0
737067 0.061510 0
737074 0.000000 0
737082 0.000000 0
737089 0.176120 0
737097 0.000000 0
737104 0.000000 0
737112 0.280250 0
737119 0.000000 0
737126 0.000000 0
737134 0.073270 0
737143 0.000000 0
737150 0.000000 0
737158 0.083040 0
737164 0.000000 0
737172 0.000000 0
737179 0.065830 0
737186 0.000000 0
737194 0.000000 0
737201 0.038860 0
737208 0.000000 0
737216 0.000000 0
737223 0.011720 0
737231 0.000000 0
737238 0.000000 0
737246 0.008730 0
737253 0.000000 0
737260 0.000000 0
737268 0.007810 0
737277 0.000000 0
737284 0.000000 0
737292 0.005520 0
737299 0.000000 0
737306 0.000000 0
737314 0.055240 0
737321 0.000000 0
737328 0.000000 0
737336 0.139590 0
737344 0.000000 0
737352 0.000000 0
737359 0.082860 0
737368 0.000000 0
737376 0.000000 0
737383 0.028430 0
737389 0.000000 0
737396 0.000000 0
737404 0.042790 0
737412 0.000000 0
737420 0.000000 0
737427 0.011050 0
737434 0.000000 0
737442 0.000000 0
737449 0.008730 0
737456 0.000000 0
737464 0.000000 0
737471 0.024380 0
737479 0.000000 0
737486 0.000000 0
737494 0.009570 0
737501 0.000000 0
737508 0.000000 0
737516 0.037660 0
737524 0.000000 0
737532 0.000000 0
737539 0.044710 0
737547 0.000000 0
737554 0.000000 0
737562 0.175430 0
737569 0.000000 0
737576 0.000000 0
737584 0.274740 0
737593 0.000000 0
737600 0.000000 0
737608 0.078310 0
737614 0.000000 0
737622 0.000000 0
737629 0.099960 0
737638 0.000000 0
737646 0.000000 0
737653 0.081090 0
737658 0.000000 0
737666 0.000000 0
737673 0.040020 0
737681 0.000000 0
737688 0.000000 0
737696 0.014080 0
737703 0.000000 0
737710 0.000000 0
737718 0.011720 0
737727 0.000000 0
737734 0.000000 0
737742 0.010330 0
737749 0.000000 0
737756 0.000000 0
737764 0.006760 0
737772 0.000000 0
737780 0.000000 0
737787 0.057400 0
737794 0.000000 0
737802 0.000000 0
737809 0.139420 0
737817 0.000000 0
737824 0.000000 0
737832 0.078130 0
737839 0.000000 0
737846 0.000000 0
737854 0.023100 0
737862 0.000000 0
737870 0.000000 0
737877 0.057010 0
737884 0.000000 0
737892 0.000000 0
737899 0.024380 0
737908 0.000000 0
737916 0.000000 0
737923 0.023760 0
737929 0.000000 0
737936 0.000000 0
737944 0.019910 0
737952 0.000000 0
737960 0.000000 0
737967 0.016570 0
737974 0.000000 0
737982 0.000000 0
737989 0.030500 0
737997 0.000000 0
738004 0.000000 0
738012 0.048630 0
738019 0.000000 0
738026 0.000000 0
738034 0.173330 0
738043 0.000000 0
738050 0.000000 0
738058 0.272570 0
738064 0.000000 0
738072 0.000000 0
738079 0.075140 0
738087 0.000000 0
738094 0.000000 0
738102 0.104590 0
738109 0.000000 0
738116 0.000000 0
738124 0.082400 0
738132 0.000000 0
738140 0.000000 0
738147 0.042600 0
738154 0.000000 0
738162 0.000000 0
738169 0.014600 0
738177 0.000000 0
738184 0.000000 0
738192 0.014080 0
738199 0.000000 0
738206 0.000000 0
738214 0.007810 0
738222 0.000000 0
738230 0.000000 0
738237 0.007810 0
738244 0.000000 0
738252 0.000000 0
738259 0.077930 0
738267 0.000000 0
738274 0.000000 0
738282 0.129370 0
738289 0.000000 0
738296 0.000000 0
738304 0.073790 0
738312 0.000000 0
738320 0.000000 0
738327 0.019910 0
738334 0.000000 0
738342 0.000000 0
738349 0.037460 0
738358 0.000000 0
738366 0.000000 0
738373 0.031970 0
738379 0.000000 0
738386 0.000000 0
738394 0.016100 0
738403 0.000000 0
738410 0.000000 0
738418 0.031720 0
738424 0.000000 0
738432 0.000000 0
738439 0.022770 0
738447 0.000000 0
738454 0.000000 0
738462 0.025310 0
738469 0.000000 0
738476 0.000000 0
738484 0.039250 0
738492 0.000000 0
738500 0.000000 0
738507 0.177250 0
738514 0.000000 0
738522 0.000000 0
738529 0.269780 0
738537 0.000000 0
738544 0.000000 0
738552 0.069210 0
738559 0.000000 0
738566 0.000000 0
738574 0.081930 0
738582 0.000000 0
738590 0.000000 0
738597 0.067870 0
738604 0.000000 0
738612 0.000000 0
738619 0.040020 0
738627 0.000000 0
738634 0.000000 0
738642 0.012950 0
738649 0.000000 0
738656 0.000000 0
738664 0.008730 0
738672 0.000000 0
738680 0.000000 0
738687 0.009570 0
738694 0.000000 0
738702 0.000000 0
738709 0.012340 0
738717 0.000000 0
738724 0.000000 0
738732 0.078800 0
738739 0.000000 0
738746 0.000000 0
738754 0.121520 0
738762 0.000000 0
738770 0.000000 0
738777 0.072970 0
738784 0.000000 0
738792 0.000000 0
738799 0.020290 0
738807 0.000000 0
738814 0.000000 0
738822 0.041150 0
738829 0.000000 0
738836 0.000000 0
738844 0.030750 0
738852 0.000000 0
738860 0.000000 0
738867 0.011720 0
738874 0.000000 0
738882 0.000000 0
738889 0.026200 0
738898 0.000000 0
738906 0.000000 0
738913 0.012950 0
738919 0.000000 0
738926 0.000000 0
738934 0.015120 0
738942 0.000000 0
738950 0.000000 0
738957 0.052550 0
738964 0.000000 0
738972 0.000000 0
738979 0.172790 0
738987 0.000000 0
738994 0.000000 0
739002 0.260960 0
739009 0.000000 0
739016 0.000000 0
739024 0.071270 0
739032 0.000000 0
739040 0.000000 0
739047 0.088640 0
739054 0.000000 0
739062 0.000000 0
739069 0.068440 0
739078 0.000000 0
739086 0.000000 0
739093 0.038860 0
739099 0.000000 0
739106 0.000000 0
739114 0.012950 0
739123 0.000000 0
739130 0.000000 0
739138 0.008730 0
739144 0.000000 0
739152 0.000000 0
739159 0.007810 0
739167 0.000000 0
739174 0.000000 0
739182 0.006760 0
739189 0.000000 0
739196 0.000000 0
739204 0.066970 0
739212 0.000000 0
739220 0.000000 0
739227 0.142820 0
739234 0.000000 0
739242 0.000000 0
739249 0.068330 0
739257 0.000000 0
739264 0.000000 0
739272 0.039440 0
739279 0.000000 0
739286 0.000000 0
739294 0.029740 0
739302 0.000000 0
739310 0.000000 0
739317 0.014080 0
739324 0.000000 0
739332 0.000000 0
739339 0.011720 0
739347 0.000000 0
739354 0.000000 0
739362 0.017460 0
739369 0.000000 0
739376 0.000000 0
739384 0.016100 0
739393 0.000000 0
739400 0.000000 0
739408 0.029740 0
739414 0.000000 0
739422 0.000000 0
739429 0.048310 0
739437 0.000000 0
739444 0.000000 0
739452 0.169010 0
739459 0.000000 0
739466 0.000000 0
739474 0.245870 0
739482 0.000000 0
739490 0.000000 0
739497 0.068990 0
739504 0.000000 0
739512 0.000000 0
739519 0.076140 0
739528 0.000000 0
739536 0.000000 0
739543 0.063340 0
739549 0.000000 0
739556 0.000000 0
739564 0.044010 0
739573 0.000000 0
739580 0.000000 0
739588 0.014600 0
739594 0.000000 0
739602 0.000000 0
739609 0.012340 0
739617 0.000000 0
739624 0.000000 0
739632 0.007810 0
739639 0.000000 0
739646 0.000000 0
739654 0.007810 0
739663 0.000000 0
739670 0.000000 0
739678 0.070530 0
739684 0.000000 0
739692 0.000000 0
739699 0.114810 0
739707 0.000000 0
739714 0.000000 0
739722 0.072020 0
739729 0.000000 0
739736 0.000000 0
739744 0.031480 0
739752 0.000000 0
739760 0.000000 0
739767 0.040590 0
739774 0.000000 0
739782 0.000000 0
739789 0.020290 0
739797 0.000000 0
739804 0.000000 0
739812 0.030500 0
739819 0.000000 0
739826 0.000000 0
739834 0.041890 0
739843 0.000000 0
739850 0.000000 0
739858 0.032910 0
739864 0.000000 0
739872 0.000000 0
739879 0.032910 0
739888 0.000000 0
739896 0.000000 0
739903 0.058460 0
739909 0.000000 0
739916 0.000000 0
739924 0.170120 0
739932 0.000000 0
739940 0.000000 0
739947 0.242650 0
739954 0.000000 0
739962 0.000000 0
739969 0.072860 0
739978 0.000000 0
739986 0.000000 0
739993 0.090010 0
739999 0.000000 0
740006 0.000000 0
740014 0.067660 0
740022 0.000000 0
740030 0.000000 0
740037 0.034930 0
740044 0.000000 0
740052 0.000000 0
740059 0.009570 0
740067 0.000000 0
740074 0.000000 0
740082 0.008730 0
740089 0.000000 0
740096 0.000000 0
740104 0.009570 0
740112 0.000000 0
740120 0.000000 0
740127 0.010330 0
740134 0.000000 0
740142 0.000000 0
740149 0.077820 0
740157 0.000000 0
740164 0.000000 0
740172 0.151980 0
740179 0.000000 0
740186 0.000000 0
740194 0.097340 0
740202 0.000000 0
740210 0.000000 0
740217 0.042250 0
740224 0.000000 0
740232 0.000000 0
740239 0.065580 0
740248 0.000000 0
740256 0.000000 0
740263 0.076540 0
740269 0.000000 0
740276 0.000000 0
740284 0.033600 0
740293 0.000000 0
740300 0.000000 0
740308 0.016100 0
740314 0.000000 0
740322 0.000000 0
740329 0.011720 0
740337 0.000000 0
740344 0.000000 0
740352 0.000000 0
740359 0.000000 0
740366 0.000000 0
740374 0.017460 0
740382 0.000000 0
740390 0.000000 0
740397 0.125230 0
740404 0.000000 0
740412 0.000000 0
740419 0.212950 0
740427 0.000000 0
740434 0.000000 0
740442 0.055790 0
740449 0.000000 0
740456 0.000000 0
740464 0.067540 0
740472 0.000000 0
740480 0.000000 0
740487 0.065480 0
740494 0.000000 0
740502 0.000000 0
740509 0.046540 0
740517 0.000000 0
740524 0.000000 0
740532 0.012950 0
740539 0.000000 0
740546 0.000000 0
740554 0.010330 0
740562 0.000000 0
740570 0.000000 0
740577 0.009570 0
740584 0.000000 0
740592 0.000000 0
740599 0.021740 0
740607 0.000000 0
740614 0.000000 0
740622 0.076040 0
740629 0.000000 0
740636 0.000000 0
740644 0.136160 0
740652 0.000000 0
740660 0.000000 0
740667 0.067990 0
740674 0.000000 0
740682 0.000000 0
740689 0.032210 0
740697 0.000000 0
740704 0.000000 0
740712 0.046540 0
740719 0.000000 0
740726 0.000000 0
740734 0.046540 0
740742 0.000000 0
740750 0.000000 0
740757 0.044360 0
740764 0.000000 0
740772 0.000000 0
740779 0.042970 0
740788 0.000000 0
740796 0.000000 0
740803 0.032440 0
740809 0.000000 0
740816 0.000000 0
740824 0.033370 0
740832 0.000000 0
740840 0.000000 0
740847 0.039060 0
740854 0.000000 0
740862 0.000000 0
740869 0.170000 0
740877 0.000000 0
740884 0.000000 0
740892 0.256600 0
740899 0.000000 0
740906 0.000000 0
740914 0.070630 0
740922 0.000000 0
740930 0.000000 0
740937 0.076650 0
740944 0.000000 0
740952 0.000000 0
740959 0.063100 0
740968 0.000000 0
740976 0.000000 0
740983 0.050320 0
740989 0.000000 0
740996 0.000000 0
741004 0.010330 0
741012 0.000000 0
741020 0.000000 0
741027 0.007810 0
741034 0.000000 0
741042 0.000000 0
741049 0.012950 0
741057 0.000000 0
741064 0.000000 0
741072 0.017010 0
741079 0.000000 0
741086 0.000000 0
741094 0.078800 0
741102 0.000000 0
741110 0.000000 0
741117 0.128370 0
741124 0.000000 0
741132 0.000000 0
741139 0.072340 0
741147 0.000000 0
741154 0.000000 0
741162 0.031250 0
741169 0.000000 0
741176 0.000000 0
741184 0.045880 0
741192 0.000000 0
741200 0.000000 0
741207 0.031970 0
741214 0.000000 0
741222 0.000000 0
741229 0.014600 0
741237 0.000000 0
741244 0.000000 0
741252 0.016570 0
741259 0.000000 0
741266 0.000000 0
741274 0.028700 0
741283 0.000000 0
741290 0.000000 0
741298 0.048940 0
741304 0.000000 0
741312 0.000000 0
741319 0.057660 0
741328 0.000000 0
741336 0.000000 0
741343 0.184010 0
741349 0.000000 0
741356 0.000000 0
741364 0.249500 0
741373 0.000000 0
741380 0.000000 0
741388 0.071810 0
741394 0.000000 0
741402 0.000000 0
741409 0.081090 0
741417 0.000000 0
741424 0.000000 0
741432 0.066160 0
741439 0.000000 0
741446 0.000000 0
741454 0.044530 0
741462 0.000000 0
741470 0.000000 0
741477 0.013520 0
741484 0.000000 0
741492 0.000000 0
741499 0.009570 0
741507 0.000000 0
741514 0.000000 0
741522 0.010330 0
741529 0.000000 0
741536 0.000000 0
741544 0.013520 0
741552 0.000000 0
741560 0.000000 0
741567 0.078510 0
741574 0.000000 0
741582 0.000000 0
741589 0.129550 0
741597 0.000000 0
741604 0.000000 0
741612 0.067200 0
741619 0.000000 0
741626 0.000000 0
741634 0.034930 0
741642 0.000000 0
741650 0.000000 0
741657 0.049870 0
741664 0.000000 0
741672 0.000000 0
741679 0.054260 0
741687 0.000000 0
741694 0.000000 0
741702 0.026780 0
741709 0.000000 0
741716 0.000000 0
741724 0.035800 0
741732 0.000000 0
741740 0.000000 0
741747 0.031250 0
741754 0.000000 0
741762 0.000000 0
741769 0.018720 0
741777 0.000000 0
741784 0.000000 0
741792 0.049410 0
741799 0.000000 0
741806 0.000000 0
741814 0.182970 0
741822 0.000000 0
741830 0.000000 0
741837 0.248800 0
741844 0.000000 0
741852 0.000000 0
741859 0.073590 0
741868 0.000000 0
741876 0.000000 0
741883 0.083040 0
741889 0.000000 0
741896 0.000000 0
741904 0.066060 0
741912 0.000000 0
741920 0.000000 0
741927 0.048630 0
741934 0.000000 0
741942 0.000000 0
741949 0.010330 0
741957 0.000000 0
741964 0.000000 0
741972 0.011720 0
741979 0.000000 0
741986 0.000000 0
741994 0.010330 0
742002 0.000000 0
742010 0.000000 0
742017 0.011050 0
742024 0.000000 0
742032 0.000000 0
742039 0.086200 0
742048 0.000000 0
742056 0.000000 0
742063 0.149160 0
742069 0.000000 0
742076 0.000000 0
742084 0.069660 0
742092 0.000000 0
742100 0.000000 0
742107 0.026490 0
742114 0.000000 0
742122 0.000000 0
742129 0.049090 0
742137 0.000000 0
742144 0.000000 0
742152 0.063220 0
742159 0.000000 0
742166 0.000000 0
742174 0.025600 0
742182 0.000000 0
742190 0.000000 0
742197 0.023440 0
742204 0.000000 0
742212 0.000000 0
742219 0.030990 0
742227 0.000000 0
742234 0.000000 0
742242 0.030990 0
742249 0.000000 0
742256 0.000000 0
742264 0.057270 0
742273 0.000000 0
742280 0.000000 0
742288 0.184300 0
742294 0.000000 0
742302 0.000000 0
742309 0.227270 0
742318 0.000000 0
742326 0.000000 0
742333 0.070850 0
742339 0.000000 0
742346 0.000000 0
742354 0.079760 0
742362 0.000000 0
742370 0.000000 0
742377 0.066160 0
742384 0.000000 0
742392 0.000000 0
742399 0.042070 0
742407 0.000000 0
742414 0.000000 0
742422 0.010330 0
742429 0.000000 0
742436 0.000000 0
742444 0.008730 0
742452 0.000000 0
742460 0.000000 0
742467 0.008730 0
742474 0.000000 0
742482 0.000000 0
742489 0.022770 0
742497 0.000000 0
742504 0.000000 0
742512 0.071700 0
742519 0.000000 0
742526 0.000000 0
742534 0.125000 0
742542 0.000000 0
742550 0.000000 0
742557 0.070310 0
742564 0.000000 0
742572 0.000000 0
742579 0.025310 0
742588 0.000000 0
742596 0.000000 0
742603 0.048460 0
742609 0.000000 0
742616 0.000000 0
742624 0.042600 0
742633 0.000000 0
742640 0.000000 0
742648 0.012340 0
742654 0.000000 0
742662 0.000000 0
742669 0.014600 0
742678 0.000000 0
742686 0.000000 0
742693 0.011720 0
742699 0.000000 0
742706 0.000000 0
742714 0.046880 0
742723 0.000000 0
742730 0.000000 0
742738 0.067770 0
742744 0.000000 0
742752 0.000000 0
742759 0.180530 0
742768 0.000000 0
742776 0.000000 0
742783 0.233690 0
742789 0.000000 0
742796 0.000000 0
742804 0.087510 0
742813 0.000000 0
742820 0.000000 0
742828 0.077530 0
742834 0.000000 0
742842 0.000000 0
742849 0.059880 0
742857 0.000000 0
742864 0.000000 0
742872 0.041340 0
742878 0.000000 0
742886 0.000000 0
742893 0.009570 0
742902 0.000000 0
742910 0.000000 0
742917 0.007810 0
742924 0.000000 0
742932 0.000000 0
742939 0.007810 0
742947 0.000000 0
742954 0.000000 0
742962 0.008730 0
742969 0.000000 0
742976 0.000000 0
742984 0.100720 0
742992 0.000000 0
743000 0.000000 0
743007 0.130890 0
743014 0.000000 0
743022 0.000000 0
743029 0.070190 0
743037 0.000000 0
743044 0.000000 0
743052 0.045210 0
743059 0.000000 0
743066 0.000000 0
743074 0.026490 0
743082 0.000000 0
743090 0.000000 0
743097 0.019130 0
743104 0.000000 0
743112 0.000000 0
743119 0.020290 0
743127 0.000000 0
743134 0.000000 0
743142 0.021740 0
743149 0.000000 0
743156 0.000000 0
743164 0.027050 0
743172 0.000000 0
743180 0.000000 0
743187 0.048780 0
743194 0.000000 0
743202 0.000000 0
743209 0.062360 0
743217 0.000000 0
743224 0.000000 0
743232 0.164200 0
743239 0.000000 0
743246 0.000000 0
743254 0.227270 0
743262 0.000000 0
743270 0.000000 0
743277 0.062120 0
743284 0.000000 0
743292 0.000000 0
743299 0.083590 0
743307 0.000000 0
743314 0.000000 0
743322 0.068770 0
743329 0.000000 0
743336 0.000000 0
743344 0.042070 0
743351 0.000000 0
743358 0.000000 0
743366 0.011050 0
743373 0.000000 0
743380 0.000000 0
743388 0.011720 0
743396 0.000000 0
743404 0.000000 0
743411 0.006760 0
743418 0.000000 0
743426 0.000000 0
743433 0.019910 0
743441 0.000000 0
743448 0.000000 0
743456 0.075030 0
743463 0.000000 0
743470 0.000000 0
743478 0.110340 0
743486 0.000000 0
743494 0.000000 0
743501 0.072340 0
743508 0.000000 0
743516 0.000000 0
743523 0.028430 0
743531 0.000000 0
743538 0.000000 0
743546 0.052110 0
743553 0.000000 0
743560 0.000000 0
743568 0.027620 0
743576 0.000000 0
743584 0.000000 0
743591 0.023100 0
743599 0.000000 0
743606 0.000000 0
743614 0.034040 0
743621 0.000000 0
743628 0.000000 0
743636 0.027620 0
743644 0.000000 0
743652 0.000000 0
743659 0.027620 0
743667 0.000000 0
743674 0.000000 0
743682 0.049870 0
743689 0.000000 0
743696 0.000000 0
743704 0.181800 0
743712 0.000000 0
743720 0.000000 0
743727 0.233460 0
743734 0.000000 0
743742 0.000000 0
743749 0.070530 0
743757 0.000000 0
743764 0.000000 0
743772 0.077130 0
743779 0.000000 0
743786 0.000000 0
743794 0.065130 0
743802 0.000000 0
743810 0.000000 0
743817 0.050170 0
743823 0.000000 0
743830 0.000000 0
743838 0.008730 0
743846 0.000000 0
743854 0.000000 0
743861 0.005520 0
743868 0.000000 0
743876 0.000000 0
743883 0.007810 0
743892 0.000000 0
743900 0.000000 0
743907 0.013520 0
743914 0.000000 0
743922 0.000000 0
743929 0.107470 0
743937 0.000000 0
743944 0.000000 0
743952 0.134970 0
743959 0.000000 0
743966 0.000000 0
743974 0.076450 0
743983 0.000000 0
743990 0.000000 0
743998 0.041700 0
744004 0.000000 0
744012 0.000000 0
744019 0.052400 0
744027 0.000000 0
744034 0.000000 0
744042 0.042790 0
744049 0.000000 0
744056 0.000000 0
744064 0.019130 0
744072 0.000000 0
744080 0.000000 0
744087 0.034040 0
744094 0.000000 0
744102 0.000000 0
744109 0.030750 0
744118 0.000000 0
744126 0.000000 0
744133 0.056730 0
744139 0.000000 0
744146 0.000000 0
744154 0.107820 0
744163 0.000000 0
744170 0.000000 0
744178 0.176520 0
744184 0.000000 0
744192 0.000000 0
744199 0.189360 0
744207 0.000000 0
744214 0.000000 0
744222 0.054830 0
744228 0.000000 0
744236 0.000000 0
744243 0.075840 0
744251 0.000000 0
744258 0.000000 0
744266 0.072860 0
744273 0.000000 0
744280 0.000000 0
744288 0.048630 0
744297 0.000000 0
744304 0.000000 0
744312 0.007810 0
744318 0.000000 0
744326 0.000000 0
744333 0.005520 0
744341 0.000000 0
744348 0.000000 0
744356 0.005520 0
744363 0.000000 0
744370 0.000000 0
744378 0.011720 0
744387 0.000000 0
744394 0.000000 0
744402 0.109160 0
744409 0.000000 0
744416 0.000000 0
744424 0.125410 0
744432 0.000000 0
744440 0.000000 0
744447 0.066640 0
744454 0.000000 0
744462 0.000000 0
744469 0.031970 0
744477 0.000000 0
744484 0.000000 0
744492 0.052110 0
744499 0.000000 0
744506 0.000000 0
744514 0.034490 0
744522 0.000000 0
744530 0.000000 0
744537 0.028700 0
744544 0.000000 0
744552 0.000000 0
744559 0.054830 0
744567 0.000000 0
744574 0.000000 0
744582 0.047840 0
744589 0.000000 0
744596 0.000000 0
744604 0.044530 0
744611 0.000000 0
744618 0.000000 0
744626 0.048160 0
744634 0.000000 0
744642 0.000000 0
744649 0.170210 0
744657 0.000000 0
744664 0.000000 0
744672 0.211730 0
744679 0.000000 0
744686 0.000000 0
744694 0.060000 0
744701 0.000000 0
744708 0.000000 0
744716 0.072540 0
744723 0.000000 0
744730 0.000000 0
744738 0.057540 0
744746 0.000000 0
744754 0.000000 0
744761 0.042600 0
744768 0.000000 0
744776 0.000000 0
744783 0.010330 0
744791 0.000000 0
744798 0.000000 0
744806 0.008730 0
744813 0.000000 0
744820 0.000000 0
744828 0.006760 0
744836 0.000000 0
744844 0.000000 0
744851 0.012950 0
744859 0.000000 0
744866 0.000000 0
744874 0.115280 0
744882 0.000000 0
744890 0.000000 0
744897 0.144690 0
744904 0.000000 0
744912 0.000000 0
744919 0.073790 0
744927 0.000000 0
744934 0.000000 0
744942 0.036640 0
744949 0.000000 0
744956 0.000000 0
744964 0.042070 0
744971 0.000000 0
744978 0.000000 0
744986 0.036220 0
744993 0.000000 0
745000 0.000000 0
745008 0.015120 0
745018 0.000000 0
745026 0.000000 0
745033 0.026490 0
745039 0.000000 0
745046 0.000000 0
745054 0.026490 0
745063 0.000000 0
745070 0.000000 0
745078 0.061010 0
745084 0.000000 0
745092 0.000000 0
745099 0.083220 0
745108 0.000000 0
745116 0.000000 0
745123 0.168460 0
745129 0.000000 0
745136 0.000000 0
745144 0.209550 0
745152 0.000000 0
745160 0.000000 0
745167 0.062970 0
745174 0.000000 0
745182 0.000000 0
745189 0.076740 0
745198 0.000000 0
745206 0.000000 0
745213 0.067310 0
745219 0.000000 0
745226 0.000000 0
745234 0.052840 0
745241 0.000000 0
745248 0.000000 0
745256 0.011050 0
745263 0.000000 0
745270 0.000000 0
745278 0.008730 0
745287 0.000000 0
745294 0.000000 0
745302 0.011050 0
745309 0.000000 0
745316 0.000000 0
745324 0.012340 0
745331 0.000000 0
745338 0.000000 0
745346 0.101930 0
745354 0.000000 0
745362 0.000000 0
745369 0.146210 0
745377 0.000000 0
745384 0.000000 0
745392 0.072340 0
745399 0.000000 0
745406 0.000000 0
745414 0.035370 0
745422 0.000000 0
745430 0.000000 0
745437 0.044190 0
745444 0.000000 0
745452 0.000000 0
745459 0.053830 0
745466 0.000000 0
745474 0.000000 0
745481 0.025010 0
745489 0.000000 0
745496 0.000000 0
745504 0.034930 0
745512 0.000000 0
745520 0.000000 0
745527 0.034040 0
745534 0.000000 0
745542 0.000000 0
745549 0.029480 0
745557 0.000000 0
745564 0.000000 0
745572 0.051960 0
745579 0.000000 0
745586 0.000000 0
745594 0.171740 0
745602 0.000000 0
745610 0.000000 0
745617 0.218540 0
745624 0.000000 0
745632 0.000000 0
745639 0.060000 0
745646 0.000000 0
745654 0.000000 0
745661 0.090590 0
745669 0.000000 0
745676 0.000000 0
745684 0.071270 0
745691 0.000000 0
745698 0.000000 0
745706 0.061260 0
745713 0.000000 0
745720 0.000000 0
745728 0.014600 0
745736 0.000000 0
745744 0.000000 0
745751 0.011050 0
745759 0.000000 0
745766 0.000000 0
745774 0.007810 0
745782 0.000000 0
745790 0.000000 0
745797 0.038070 0
745805 0.000000 0
745812 0.000000 0
745820 0.100190 0
745827 0.000000 0
745834 0.000000 0
745842 0.146730 0
745850 0.000000 0
745858 0.000000 0
745865 0.057400 0
745872 0.000000 0
745880 0.000000 0
745887 0.027050 0
745895 0.000000 0
745902 0.000000 0
745910 0.037260 0
745917 0.000000 0
745924 0.000000 0
745932 0.050920 0
745940 0.000000 0
745948 0.000000 0
745955 0.027890 0
745962 0.000000 0
745970 0.000000 0
745977 0.027050 0
745985 0.000000 0
745992 0.000000 0
746000 0.042970 0
746007 0.000000 0
746014 0.000000 0
746022 0.034270 0
746030 0.000000 0
746038 0.000000 0
746045 0.076040 0
746052 0.000000 0
746060 0.000000 0
746067 0.169010 0
746075 0.000000 0
746082 0.000000 0
746090 0.215200 0
746097 0.000000 0
746104 0.000000 0
746112 0.061510 0
746120 0.000000 0
746128 0.000000 0
746135 0.084140 0
746142 0.000000 0
746150 0.000000 0
746157 0.072860 0
746163 0.000000 0
746170 0.000000 0
746178 0.058460 0
746186 0.000000 0
746194 0.000000 0
746201 0.014080 0
746210 0.000000 0
746218 0.000000 0
746225 0.006760 0
746232 0.000000 0
746240 0.000000 0
746247 0.012950 0
746255 0.000000 0
746262 0.000000 0
746270 0.018310 0
746277 0.000000 0
746284 0.000000 0
746292 0.088290 0
746300 0.000000 0
746308 0.000000 0
746315 0.120520 0
746322 0.000000 0
746330 0.000000 0
746337 0.073380 0
746345 0.000000 0
746352 0.000000 0
746360 0.025910 0
746367 0.000000 0
746374 0.000000 0
746382 0.043840 0
746390 0.000000 0
746398 0.000000 0
746405 0.030500 0
746412 0.000000 0
746420 0.000000 0
746427 0.025310 0
746435 0.000000 0
746442 0.000000 0
746450 0.028170 0
746457 0.000000 0
746464 0.000000 0
746472 0.019130 0
746480 0.000000 0
746488 0.000000 0
746495 0.047030 0
746502 0.000000 0
746510 0.000000 0
746517 0.045040 0
746525 0.000000 0
746532 0.000000 0
746540 0.175810 0
746547 0.000000 0
746554 0.000000 0
746562 0.224870 0
746570 0.000000 0
746578 0.000000 0
746585 0.065000 0
746592 0.000000 0
746600 0.000000 0
746607 0.093580 0
746615 0.000000 0
746622 0.000000 0
746630 0.080520 0
746636 0.000000 0
746644 0.000000 0
746651 0.063940 0
746658 0.000000 0
746666 0.000000 0
746673 0.010330 0
746681 0.000000 0
746688 0.000000 0
746696 0.011050 0
746703 0.000000 0
746710 0.000000 0
746718 0.011050 0
746726 0.000000 0
746734 0.000000 0
746741 0.017460 0
746750 0.000000 0
746758 0.000000 0
746765 0.116590 0
746771 0.000000 0
746778 0.000000 0
746786 0.147920 0
746794 0.000000 0
746802 0.000000 0
746809 0.066060 0
746816 0.000000 0
746824 0.000000 0
746831 0.036420 0
746840 0.000000 0
746848 0.000000 0
746855 0.048310 0
746861 0.000000 0
746868 0.000000 0
746876 0.035370 0
746884 0.000000 0
746892 0.000000 0
746899 0.012950 0
746906 0.000000 0
746914 0.000000 0
746921 0.015120 0
746930 0.000000 0
746938 0.000000 0
746945 0.015630 0
746951 0.000000 0
746958 0.000000 0
746966 0.046050 0
746974 0.000000 0
746982 0.000000 0
746989 0.065580 0
746996 0.000000 0
747004 0.000000 0
747011 0.166190 0
747019 0.000000 0
747026 0.000000 0
747034 0.221070 0
747041 0.000000 0
747048 0.000000 0
747056 0.067770 0
747065 0.000000 0
747072 0.000000 0
747080 0.080610 0
747086 0.000000 0
747094 0.000000 0
747101 0.062850 0
747109 0.000000 0
747116 0.000000 0
747124 0.051070 0
747131 0.000000 0
747138 0.000000 0
747146 0.013520 0
747154 0.000000 0
747162 0.000000 0
747169 0.010330 0
747176 0.000000 0
747184 0.000000 0
747191 0.012950 0
747200 0.000000 0
747208 0.000000 0
747215 0.028170 0
747221 0.000000 0
747228 0.000000 0
747236 0.112400 0
747244 0.000000 0
747252 0.000000 0
747259 0.136720 0
747266 0.000000 0
747274 0.000000 0
747281 0.069540 0
747289 0.000000 0
747296 0.000000 0
747304 0.033600 0
747311 0.000000 0
747318 0.000000 0
747326 0.048630 0
747334 0.000000 0
747342 0.000000 0
747349 0.041890 0
747356 0.000000 0
747364 0.000000 0
747371 0.028700 0
747379 0.000000 0
747386 0.000000 0
747394 0.039060 0
747401 0.000000 0
747408 0.000000 0
747416 0.034040 0
747424 0.000000 0
747432 0.000000 0
747439 0.029480 0
747446 0.000000 0
747454 0.000000 0
747461 0.043840 0
747469 0.000000 0
747476 0.000000 0
747484 0.157260 0
747491 0.000000 0
747498 0.000000 0
747506 0.199980 0
747515 0.000000 0
747522 0.000000 0
747530 0.063710 0
747536 0.000000 0
747544 0.000000 0
747551 0.082030 0
747559 0.000000 0
747566 0.000000 0
747574 0.068330 0
747581 0.000000 0
747588 0.000000 0
747596 0.051960 0
747604 0.000000 0
747612 0.000000 0
747619 0.007810 0
747626 0.000000 0
747634 0.000000 0
747641 0.007810 0
747649 0.000000 0
747656 0.000000 0
747664 0.009570 0
747671 0.000000 0
747678 0.000000 0
747686 0.012340 0
747694 0.000000 0
747702 0.000000 0
747709 0.082860 0
747716 0.000000 0
747724 0.000000 0
747731 0.198370 0
747739 0.000000 0
747746 0.000000 0
747754 0.086200 0
747761 0.000000 0
747768 0.000000 0
747776 0.029220 0
747784 0.000000 0
747792 0.000000 0
747799 0.061750 0
747806 0.000000 0
747814 0.000000 0
747821 0.055510 0
747829 0.000000 0
747836 0.000000 0
747844 0.033370 0
747851 0.000000 0
747858 0.000000 0
747866 0.025600 0
747874 0.000000 0
747882 0.000000 0
747889 0.020290 0
747896 0.000000 0
747904 0.000000 0
747911 0.015120 0
747919 0.000000 0
747926 0.000000 0
747934 0.017460 0
747941 0.000000 0
747948 0.000000 0
747956 0.097180 0
747964 0.000000 0
747972 0.000000 0
747979 0.158770 0
747986 0.000000 0
747994 0.000000 0
748001 0.038670 0
748009 0.000000 0
748016 0.000000 0
748024 0.065930 0
748031 0.000000 0
748038 0.000000 0
748046 0.069760 0
748054 0.000000 0
748062 0.000000 0
748069 0.063580 0
748076 0.000000 0
748084 0.000000 0
748091 0.011050 0
748099 0.000000 0
748106 0.000000 0
748114 0.011050 0
748121 0.000000 0
748128 0.000000 0
748136 0.008730 0
748144 0.000000 0
748152 0.000000 0
748159 0.055100 0
748166 0.000000 0
748174 0.000000 0
748181 0.106610 0
748189 0.000000 0
748196 0.000000 0
748204 0.134800 0
748213 0.000000 0
748220 0.000000 0
748228 0.062120 0
748234 0.000000 0
748242 0.000000 0
748249 0.037660 0
748256 0.000000 0
748264 0.000000 0
748271 0.047670 0
748279 0.000000 0
748286 0.000000 0
748294 0.048310 0
748302 0.000000 0
748310 0.000000 0
748317 0.039060 0
748324 0.000000 0
748332 0.000000 0
748339 0.036010 0
748347 0.000000 0
748354 0.000000 0
748362 0.028170 0
748369 0.000000 0
748376 0.000000 0
748384 0.039830 0
748392 0.000000 0
748400 0.000000 0
748407 0.052840 0
748414 0.000000 0
748422 0.000000 0
748429 0.156920 0
748436 0.000000 0
748444 0.000000 0
748451 0.214660 0
748459 0.000000 0
748466 0.000000 0
748474 0.058200 0
748481 0.000000 0
748488 0.000000 0
748496 0.084600 0
748504 0.000000 0
748512 0.000000 0
748519 0.075530 0
748527 0.000000 0
748534 0.000000 0
748542 0.060000 0
748549 0.000000 0
748556 0.000000 0
748564 0.016570 0
748572 0.000000 0
748580 0.000000 0
748587 0.008730 0
748594 0.000000 0
748602 0.000000 0
748609 0.013520 0
748617 0.000000 0
748624 0.000000 0
748632 0.012340 0
748639 0.000000 0
748646 0.000000 0
748654 0.101780 0
748661 0.000000 0
748668 0.000000 0
748676 0.132630 0
748684 0.000000 0
748692 0.000000 0
748699 0.067990 0
748706 0.000000 0
748714 0.000000 0
748721 0.036850 0
748729 0.000000 0
748736 0.000000 0
748744 0.047990 0
748751 0.000000 0
748758 0.000000 0
748766 0.034710 0
748774 0.000000 0
748782 0.000000 0
748789 0.019910 0
748797 0.000000 0
748804 0.000000 0
748812 0.021390 0
748819 0.000000 0
748826 0.000000 0
748834 0.024080 0
748843 0.000000 0
748850 0.000000 0
748858 0.045720 0
748864 0.000000 0
748872 0.000000 0
748879 0.055790 0
748887 0.000000 0
748894 0.000000 0
748902 0.146300 0
748909 0.000000 0
748916 0.000000 0
748924 0.198060 0
748932 0.000000 0
748940 0.000000 0
748947 0.061880 0
748954 0.000000 0
748962 0.000000 0
748969 0.081380 0
748976 0.000000 0
748984 0.000000 0
748991 0.072650 0
748999 0.000000 0
749006 0.000000 0
749014 0.067310 0
749022 0.000000 0
749030 0.000000 0
749037 0.013520 0
749043 0.000000 0
749050 0.000000 0
749058 0.016100 0
749066 0.000000 0
749074 0.000000 0
749081 0.012340 0
749088 0.000000 0
749096 0.000000 0
749103 0.027620 0
749112 0.000000 0
749120 0.000000 0
749127 0.095200 0
749134 0.000000 0
749142 0.000000 0
749149 0.101850 0
749157 0.000000 0
749164 0.000000 0
749172 0.066160 0
749179 0.000000 0
749186 0.000000 0
749194 0.036420 0
749202 0.000000 0
749210 0.000000 0
749217 0.045040 0
749224 0.000000 0
749232 0.000000 0
749239 0.041700 0
749248 0.000000 0
749256 0.000000 0
749263 0.020290 0
749269 0.000000 0
749276 0.000000 0
749284 0.033370 0
749292 0.000000 0
749300 0.000000 0
749307 0.035580 0
749314 0.000000 0
749322 0.000000 0
749329 0.030750 0
749338 0.000000 0
749346 0.000000 0
749353 0.058320 0
749359 0.000000 0
749366 0.000000 0
749374 0.162190 0
749382 0.000000 0
749390 0.000000 0
749397 0.204730 0
749404 0.000000 0
749412 0.000000 0
749419 0.053410 0
749427 0.000000 0
749434 0.000000 0
749442 0.085390 0
749448 0.000000 0
749456 0.000000 0
749463 0.075030 0
749471 0.000000 0
749478 0.000000 0
749486 0.060140 0
749493 0.000000 0
749500 0.000000 0
749508 0.012950 0
749516 0.000000 0
749524 0.000000 0
749531 0.033370 0
749538 0.000000 0
749546 0.000000 0
749553 0.032910 0
749561 0.000000 0
749568 0.000000 0
749576 0.018720 0
749584 0.000000 0
749592 0.000000 0
749599 0.069110 0
749606 0.000000 0
749614 0.000000 0
749621 0.101260 0
749629 0.000000 0
749636 0.000000 0
749644 0.065930 0
749652 0.000000 0
749660 0.000000 0
749667 0.040410 0
749674 0.000000 0
749682 0.000000 0
749689 0.047350 0
749697 0.000000 0
749704 0.000000 0
749712 0.046370 0
749719 0.000000 0
749726 0.000000 0
749734 0.033140 0
749742 0.000000 0
749750 0.000000 0
749757 0.017460 0
749764 0.000000 0
749772 0.000000 0
749779 0.019130 0
749787 0.000000 0
749794 0.000000 0
749802 0.049260 0
749809 0.000000 0
749816 0.000000 0
749824 0.040410 0
749833 0.000000 0
749840 0.000000 0
749848 0.145100 0
749854 0.000000 0
749862 0.000000 0
749869 0.203190 0
749877 0.000000 0
749884 0.000000 0
749892 0.053970 0
749899 0.000000 0
749906 0.000000 0
749914 0.081470 0
749922 0.000000 0
749930 0.000000 0
749937 0.068210 0
749943 0.000000 0
749950 0.000000 0
749958 0.058320 0
749966 0.000000 0
749974 0.000000 0
749981 0.011720 0
749988 0.000000 0
749996 0.000000 0
750003 0.016570 0
750011 0.000000 0
750018 0.000000 0
750026 0.025310 0
750033 0.000000 0
750040 0.000000 0
750048 0.015630 0
750056 0.000000 0
750064 0.000000 0
750071 0.078510 0
750079 0.000000 0
750086 0.000000 0
750094 0.096940 0
750101 0.000000 0
750108 0.000000 0
750116 0.062120 0
750124 0.000000 0
750132 0.000000 0
750139 0.038270 0
750146 0.000000 0
750154 0.000000 0
750161 0.049260 0
750169 0.000000 0
750176 0.000000 0
750184 0.054690 0
750192 0.000000 0
750200 0.000000 0
750207 0.019910 0
750214 0.000000 0
750222 0.000000 0
750229 0.029480 0
750237 0.000000 0
750244 0.000000 0
750252 0.030500 0
750259 0.000000 0
750266 0.000000 0
750274 0.040020 0
750282 0.000000 0
750290 0.000000 0
750297 0.052550 0
750304 0.000000 0
750312 0.000000 0
750319 0.138260 0
750326 0.000000 0
750334 0.000000 0
750341 0.202440 0
750350 0.000000 0
750358 0.000000 0
750365 0.052550 0
750372 0.000000 0
750380 0.000000 0
750387 0.073080 0
750395 0.000000 0
750402 0.000000 0
750410 0.067540 0
750416 0.000000 0
750424 0.000000 0
750431 0.059240 0
750439 0.000000 0
750446 0.000000 0
750454 0.012340 0
750461 0.000000 0
750468 0.000000 0
750476 0.016570 0
750485 0.000000 0
750492 0.000000 0
750500 0.017460 0
750507 0.000000 0
750514 0.000000 0
750522 0.030000 0
750530 0.000000 0
750538 0.000000 0
750545 0.075440 0
750552 0.000000 0
750560 0.000000 0
750567 0.090260 0
750575 0.000000 0
750582 0.000000 0
750590 0.053970 0
750596 0.000000 0
750604 0.000000 0
750611 0.036850 0
750619 0.000000 0
750626 0.000000 0
750634 0.036420 0
750641 0.000000 0
750648 0.000000 0
750656 0.025910 0
750665 0.000000 0
750672 0.000000 0
750680 0.028700 0
750687 0.000000 0
750694 0.000000 0
750702 0.027340 0
750709 0.000000 0
750716 0.000000 0
750724 0.034270 0
750731 0.000000 0
750738 0.000000 0
750746 0.038470 0
750755 0.000000 0
750762 0.000000 0
750770 0.049260 0
750776 0.000000 0
750784 0.000000 0
750791 0.140510 0
750800 0.000000 0
750808 0.000000 0
750815 0.193850 0
750821 0.000000 0
750828 0.000000 0
750836 0.049090 0
750845 0.000000 0
750852 0.000000 0
750860 0.071060 0
750866 0.000000 0
750874 0.000000 0
750881 0.080230 0
750890 0.000000 0
750898 0.000000 0
750905 0.046220 0
750911 0.000000 0
750918 0.000000 0
750926 0.013520 0
750934 0.000000 0
750942 0.000000 0
750949 0.011720 0
750956 0.000000 0
750964 0.000000 0
750971 0.018720 0
750979 0.000000 0
750986 0.000000 0
750994 0.026780 0
751001 0.000000 0
751008 0.000000 0
751016 0.046710 0
751024 0.000000 0
751032 0.000000 0
751039 0.083860 0
751046 0.000000 0
751054 0.000000 0
751061 0.058320 0
751069 0.000000 0
751076 0.000000 0
751084 0.052550 0
751091 0.000000 0
751098 0.000000 0
751106 0.051820 0
751114 0.000000 0
751122 0.000000 0
751129 0.043490 0
751136 0.000000 0
751144 0.000000 0
751151 0.032210 0
751159 0.000000 0
751166 0.000000 0
751174 0.027050 0
751181 0.000000 0
751188 0.000000 0
751196 0.031250 0
751204 0.000000 0
751212 0.000000 0
751219 0.041150 0
751226 0.000000 0
751234 0.000000 0
751241 0.039250 0
751249 0.000000 0
751256 0.000000 0
751264 0.040210 0
751271 0.000000 0
751278 0.000000 0
751286 0.019130 0
751294 0.000000 0
751302 0.000000 0
751309 0.012340 0
751316 0.000000 0
751324 0.000000 0
751331 0.030500 0
751339 0.000000 0
751346 0.000000 0
751354 0.042070 0
751361 0.000000 0
751368 0.000000 0
751376 0.055790 0
751384 0.000000 0
751392 0.000000 0
751399 0.067990 0
751406 0.000000 0
751414 0.000000 0
751421 0.070530 0
751429 0.000000 0
751436 0.000000 0
751444 0.070740 0
751451 0.000000 0
751458 0.000000 0
751466 0.068990 0
751474 0.000000 0
751482 0.000000 0
751489 0.075330 0
751496 0.000000 0
751504 0.000000 0
751511 0.127600 0
751519 0.000000 0
751526 0.000000 0
751534 0.102010 0
751541 0.000000 0
751548 0.000000 0
751556 0.089160 0
751564 0.000000 0
751572 0.000000 0
751579 0.064880 0
751586 0.000000 0
751594 0.000000 0
751601 0.062500 0
751609 0.000000 0
751616 0.000000 0
751624 0.058320 0
751631 0.000000 0
751638 0.000000 0
751646 0.052550 0
751654 0.000000 0
751662 0.000000 0
751669 0.048630 0
751676 0.000000 0
751684 0.000000 0
751691 0.049560 0
751699 0.000000 0
751706 0.000000 0
751714 0.048630 0
751721 0.000000 0
751728 0.000000 0
751736 0.088640 0
751744 0.000000 0
751752 0.000000 0
751759 0.108030 0
751766 0.000000 0
751774 0.000000 0
751781 0.093250 0
751789 0.000000 0
751796 0.000000 0
751804 0.074720 0
751811 0.000000 0
751818 0.000000 0
751826 0.062970 0
751834 0.000000 0
751842 0.000000 0
751849 0.039640 0
751856 0.000000 0
751864 0.000000 0
751871 0.048630 0
751879 0.000000 0
751886 0.000000 0
751894 0.036640 0
751901 0.000000 0
751908 0.000000 0
751916 0.036010 0
751924 0.000000 0
751932 0.000000 0
751939 0.017010 0
751946 0.000000 0
751954 0.000000 0
751961 0.030240 0
751969 0.000000 0
751976 0.000000 0
751984 0.031250 0
751991 0.000000 0
751998 0.000000 0
752006 0.021030 0
752014 0.000000 0
752022 0.000000 0
752029 0.049710 0
752036 0.000000 0
752044 0.000000 0
752051 0.045550 0
752060 0.000000 0
752068 0.000000 0
752075 0.045210 0
752081 0.000000 0
752088 0.000000 0
752096 0.052690 0
752104 0.000000 0
752112 0.000000 0
752119 0.085570 0
752126 0.000000 0
752134 0.000000 0
752141 0.055790 0
752149 0.000000 0
752156 0.000000 0
752164 0.038070 0
752172 0.000000 0
752180 0.000000 0
752187 0.023100 0
752194 0.000000 0
752202 0.000000 0
752209 0.045210 0
752217 0.000000 0
752224 0.000000 0
752232 0.055650 0
752239 0.000000 0
752246 0.000000 0
752254 0.039250 0
752262 0.000000 0
752270 0.000000 0
752277 0.025910 0
752284 0.000000 0
752292 0.000000 0
752299 0.030500 0
752306 0.000000 0
752314 0.000000 0
752321 0.021390 0
752329 0.000000 0
752336 0.000000 0
752344 0.021740 0
752353 0.000000 0
752360 0.000000 0
752368 0.031250 0
752374 0.000000 0
752382 0.000000 0
752389 0.040960 0
752398 0.000000 0
752406 0.000000 0
752413 0.038860 0
752419 0.000000 0
752426 0.000000 0
752434 0.046880 0
752441 0.000000 0
752448 0.000000 0
752456 0.066410 0
752464 0.000000 0
752472 0.000000 0
752479 0.057270 0
752486 0.000000 0
752494 0.000000 0
752501 0.044710 0
752509 0.000000 0
752516 0.000000 0
752524 0.041890 0
752532 0.000000 0
752540 0.000000 0
752547 0.044360 0
752554 0.000000 0
752562 0.000000 0
752569 0.058590 0
752577 0.000000 0
752584 0.000000 0
752592 0.038860 0
752599 0.000000 0
752606 0.000000 0
752614 0.042250 0
752622 0.000000 0
752630 0.000000 0
752637 0.054960 0
752644 0.000000 0
752652 0.000000 0
752659 0.047030 0
752666 0.000000 0
752674 0.000000 0
752681 0.077730 0
752689 0.000000 0
752696 0.000000 0
752704 0.085130 0
752712 0.000000 0
752720 0.000000 0
752727 0.061010 0
752734 0.000000 0
752742 0.000000 0
752749 0.027890 0
752758 0.000000 0
752766 0.000000 0
752773 0.022100 0
752779 0.000000 0
752786 0.000000 0
752794 0.025010 0
752802 0.000000 0
752810 0.000000 0
752817 0.031250 0
752824 0.000000 0
752832 0.000000 0
752839 0.038470 0
752846 0.000000 0
752854 0.000000 0
752861 0.041890 0
752869 0.000000 0
752876 0.000000 0
752884 0.038070 0
752891 0.000000 0
752898 0.000000 0
752906 0.042790 0
752913 0.000000 0
752920 0.000000 0
752928 0.051960 0
752937 0.000000 0
752944 0.000000 0
752952 0.058200 0
752959 0.000000 0
752966 0.000000 0
752974 0.047990 0
752981 0.000000 0
752988 0.000000 0
752996 0.037660 0
753003 0.000000 0
753010 0.000000 0
753018 0.046220 0
753026 0.000000 0
753034 0.000000 0
753041 0.045380 0
753048 0.000000 0
753056 0.000000 0
753063 0.049710 0
753071 0.000000 0
753078 0.000000 0
753086 0.046710 0
753093 0.000000 0
753100 0.000000 0
753108 0.030240 0
753116 0.000000 0
753124 0.000000 0
753131 0.049560 0
753139 0.000000 0
753146 0.000000 0
753154 0.116460 0
753161 0.000000 0
753168 0.000000 0
753176 0.108520 0
753183 0.000000 0
753190 0.000000 0
753198 0.079760 0
753206 0.000000 0
753214 0.000000 0
753221 0.040590 0
753228 0.000000 0
753236 0.000000 0
753243 0.019130 0
753251 0.000000 0
753258 0.000000 0
753266 0.012950 0
753273 0.000000 0
753280 0.000000 0
753288 0.038670 0
753297 0.000000 0
753304 0.000000 0
753312 0.050170 0
753318 0.000000 0
753326 0.000000 0
753333 0.053560 0
753341 0.000000 0
753348 0.000000 0
753356 0.045550 0
753363 0.000000 0
753370 0.000000 0
753378 0.037660 0
753386 0.000000 0
753394 0.000000 0
753401 0.067080 0
753408 0.000000 0
753416 0.000000 0
753423 0.057010 0
753431 0.000000 0
753438 0.000000 0
753446 0.046220 0
753453 0.000000 0
753460 0.000000 0
753468 0.049560 0
753476 0.000000 0
753484 0.000000 0
753491 0.045380 0
753498 0.000000 0
753506 0.000000 0
753513 0.026780 0
753521 0.000000 0
753528 0.000000 0
753536 0.038070 0
753543 0.000000 0
753550 0.000000 0
753558 0.045380 0
753567 0.000000 0
753574 0.000000 0
753582 0.062970 0
753589 0.000000 0
753596 0.000000 0
753604 0.051510 0
753611 0.000000 0
753618 0.000000 0
753626 0.080810 0
753633 0.000000 0
753640 0.000000 0
753648 0.086290 0
753656 0.000000 0
753664 0.000000 0
753671 0.053270 0
753678 0.000000 0
753686 0.000000 0
753693 0.025910 0
753701 0.000000 0
753708 0.000000 0
753716 0.019910 0
753723 0.000000 0
753730 0.000000 0
753738 0.022770 0
753746 0.000000 0
753754 0.000000 0
753761 0.023760 0
753768 0.000000 0
753776 0.000000 0
753783 0.019530 0
753791 0.000000 0
753798 0.000000 0
753806 0.023760 0
753815 0.000000 0
753822 0.000000 0
753830 0.025600 1
753837 0.000000 0
753844 0.000000 0
753852 0.054830 1
753858 0.000000 0
753866 0.000000 0
753873 0.074110 1
753881 0.000000 0
753888 0.000000 0
753896 0.047350 1
753903 0.000000 0
753910 0.000000 0
753918 0.047030 1
753926 0.000000 0
753934 0.000000 0
753941 0.052400 1
753948 0.000000 0
753956 0.000000 0
753963 0.030500 1
753971 0.000000 0
753978 0.000000 0
753986 0.043140 1
753993 0.000000 0
754000 0.000000 0
754008 0.054540 1
754016 0.000000 0
754024 0.000000 0
754031 0.037050 1
754038 0.000000 0
754046 0.000000 0
754053 0.021390 1
754061 0.000000 0
754068 0.000000 0
754076 0.053970 1
754084 0.000000 0
754092 0.000000 0
754099 0.097410 1
754106 0.000000 0
754114 0.000000 0
754121 0.092010 1
754130 0.000000 0
754138 0.000000 0
754145 0.063710 1
754151 0.000000 0
754158 0.000000 0
754166 0.026490 1
754174 0.000000 0
754182 0.000000 0
754189 0.015630 1
754196 0.000000 0
754204 0.000000 0
754211 0.030500 1
754219 0.000000 0
754226 0.000000 0
754234 0.051510 1
754241 0.000000 0
754248 0.000000 0
754256 0.064060 1
754264 0.000000 0
754272 0.000000 0
754279 0.049870 1
754286 0.000000 0
754294 0.000000 0
754301 0.034930 1
754309 0.000000 0
754316 0.000000 0
754324 0.054830 1
754331 0.000000 0
754338 0.000000 0
754346 0.074920 1
754354 0.000000 0
754362 0.000000 0
754369 0.068770 1
754376 0.000000 0
754384 0.000000 0
754391 0.043140 1
754400 0.000000 0
754408 0.000000 0
754415 0.038270 1
754421 0.000000 0
754428 0.000000 0
754436 0.027050 1
754445 0.000000 0
754452 0.000000 0
754460 0.052840 1
754466 0.000000 0
754474 0.000000 0
754481 0.043320 1
754490 0.000000 0
754498 0.000000 0
754505 0.049090 1
754511 0.000000 0
754518 0.000000 0
754526 0.040020 1
754534 0.000000 0
754542 0.000000 0
754549 0.051070 1
754556 0.000000 0
754564 0.000000 0
754571 0.102010 1
754580 0.000000 0
754588 0.000000 0
754595 0.094710 1
754601 0.000000 0
754608 0.000000 0
754616 0.058060 1
754625 0.000000 0
754632 0.000000 0
754640 0.032670 1
754646 0.000000 0
754654 0.000000 0
754661 0.021390 1
754669 0.000000 0
754676 0.000000 0
754684 0.022100 1
754691 0.000000 0
754698 0.000000 0
754706 0.022100 1
754714 0.000000 0
754722 0.000000 0
754729 0.032440 1
754736 0.000000 0
754744 0.000000 0
754751 0.027890 1
754759 0.000000 0
754766 0.000000 0
754774 0.024700 1
754781 0.000000 0
754788 0.000000 0
754796 0.034490 1
754804 0.000000 0
754812 0.000000 0
754819 0.060640 1
754826 0.000000 0
754834 0.000000 0
754841 0.074010 1
754850 0.000000 0
754858 0.000000 0
754865 0.058850 1
754871 0.000000 0
754878 0.000000 0
754886 0.045550 1
754894 0.000000 0
754902 0.000000 0
754909 0.047200 1
754916 0.000000 0
754924 0.000000 0
754931 0.074830 1
754939 0.000000 0
754946 0.000000 0
754954 0.067310 1
754961 0.000000 0
754968 0.000000 0
754976 0.034710 1
754984 0.000000 0
754992 0.000000 0
754999 0.033830 1
755006 0.000000 0
755014 0.000000 0
755021 0.037870 1
755029 0.000000 0
755036 0.000000 0
755044 0.077330 1
755051 0.000000 0
755058 0.000000 0
755066 0.093580 1
755074 0.000000 0
755082 0.000000 0
755089 0.056600 1
755096 0.000000 0
755104 0.000000 0
755111 0.025600 1
755119 0.000000 0
755126 0.000000 0
755134 0.027890 1
755141 0.000000 0
755148 0.000000 0
755156 0.032910 1
755164 0.000000 0
755172 0.000000 0
755179 0.044360 1
755186 0.000000 0
755194 0.000000 0
755201 0.041150 1
755209 0.000000 0
755216 0.000000 0
755224 0.031720 1
755231 0.000000 0
755238 0.000000 0
755246 0.026200 1
755254 0.000000 0
755262 0.000000 0
755269 0.086110 1
755276 0.000000 0
755284 0.000000 0
755291 0.089850 1
755300 0.000000 0
755308 0.000000 0
755315 0.075840 1
755321 0.000000 0
755328 0.000000 0
755336 0.044530 1
755344 0.000000 0
755352 0.000000 0
755359 0.040210 1
755367 0.000000 0
755374 0.000000 0
755382 0.034710 1
755389 0.000000 0
755396 0.000000 0
755404 0.031480 1
755412 0.000000 0
755420 0.000000 0
755427 0.039250 1
755434 0.000000 0
755442 0.000000 0
755449 0.040770 1
755456 0.000000 0
755464 0.000000 0
755471 0.060760 1
755479 0.000000 0
755486 0.000000 0
755494 0.056340 1
755501 0.000000 0
755508 0.000000 0
755516 0.066870 1
755524 0.000000 0
755532 0.000000 0
755539 0.063220 1
755547 0.000000 0
755554 0.000000 0
755562 0.059240 1
755569 0.000000 0
755576 0.000000 0
755584 0.040210 1
755592 0.000000 0
755600 0.000000 0
755607 0.036850 1
755614 0.000000 0
755622 0.000000 0
755629 0.037050 1
755637 0.000000 0
755644 0.000000 0
755652 0.035580 1
755659 0.000000 0
755666 0.000000 0
755674 0.035580 1
755682 0.000000 0
755690 0.000000 0
755697 0.027620 1
755704 0.000000 0
755712 0.000000 0
755719 0.023440 1
755727 0.000000 0
755734 0.000000 0
755742 0.021390 1
755748 0.000000 0
755756 0.000000 0
755763 0.028960 1
755772 0.000000 0
755780 0.000000 0
755787 0.032670 1
755794 0.000000 0
755802 0.000000 0
755809 0.018720 1
755816 0.000000 0
755824 0.000000 0
755831 0.011720 1
755839 0.000000 0
755846 0.000000 0
755854 0.016100 1
755862 0.000000 0
755870 0.000000 0
755877 0.062120 1
755884 0.000000 0
755892 0.000000 0
755899 0.061390 1
755908 0.000000 0
755916 0.000000 0
755923 0.047030 1
755929 0.000000 0
755936 0.000000 0
755944 0.046880 1
755953 0.000000 0
755960 0.000000 0
755968 0.051510 1
755974 0.000000 0
755982 0.000000 0
755989 0.076140 1
755998 0.000000 0
756006 0.000000 0
756013 0.086200 1
756019 0.000000 0
756026 0.000000 0
756034 0.061880 1
756042 0.000000 0
756050 0.000000 0
756057 0.034710 1
756064 0.000000 0
756072 0.000000 0
756079 0.014600 1
756086 0.000000 0
756094 0.000000 0
756101 0.014600 1
756109 0.000000 0
756116 0.000000 0
756124 0.044010 1
756132 0.000000 0
756140 0.000000 0
756147 0.055510 1
756154 0.000000 0
756162 0.000000 0
756169 0.051380 1
756176 0.000000 0
756184 0.000000 0
756191 0.034930 1
756198 0.000000 0
756206 0.000000 0
756213 0.061260 1
756221 0.000000 0
756228 0.000000 0
756236 0.077620 1
756243 0.000000 0
756250 0.000000 0
756258 0.074720 1
756267 0.000000 0
756274 0.000000 0
756282 0.047200 1
756288 0.000000 0
756296 0.000000 0
756303 0.032910 1
756311 0.000000 0
756318 0.000000 0
756326 0.018310 1
756333 0.000000 0
756340 0.000000 0
756348 0.046050 1
756356 0.000000 0
756364 0.000000 0
756371 0.052690 1
756378 0.000000 0
756386 0.000000 0
756393 0.050170 1
756401 0.000000 0
756408 0.000000 0
756416 0.042070 1
756423 0.000000 0
756430 0.000000 0
756438 0.036010 1
756446 0.000000 0
756454 0.000000 0
756461 0.087690 1
756468 0.000000 0
756476 0.000000 0
756483 0.091690 1
756491 0.000000 0
756498 0.000000 0
756506 0.059100 1
756513 0.000000 0
756520 0.000000 0
756528 0.046540 1
756536 0.000000 0
756544 0.000000 0
756551 0.037660 1
756558 0.000000 0
756566 0.000000 0
756573 0.037050 1
756581 0.000000 0
756588 0.000000 0
756596 0.050920 1
756603 0.000000 0
756610 0.000000 0
756618 0.053830 1
756627 0.000000 0
756634 0.000000 0
756642 0.040960 1
756648 0.000000 0
756656 0.000000 0
756663 0.027890 1
756672 0.000000 0
756680 0.000000 0
756687 0.022770 1
756693 0.000000 0
756700 0.000000 0
756708 0.033140 1
756717 0.000000 0
756724 0.000000 0
756732 0.039440 1
756738 0.000000 0
756746 0.000000 0
756753 0.031970 1
756762 0.000000 0
756770 0.000000 0
756777 0.022100 1
756783 0.000000 0
756790 0.000000 0
756798 0.011050 1
756806 0.000000 0
756814 0.000000 0
756821 0.040410 1
756828 0.000000 0
756836 0.000000 0
756843 0.056730 1
756851 0.000000 0
756858 0.000000 0
756866 0.047990 1
756873 0.000000 0
756880 0.000000 0
756888 0.044360 1
756897 0.000000 0
756904 0.000000 0
756912 0.051820 1
756918 0.000000 0
756926 0.000000 0
756933 0.083410 1
756941 0.000000 0
756948 0.000000 0
756956 0.088900 1
756963 0.000000 0
756970 0.000000 0
756978 0.066870 1
756986 0.000000 0
756994 0.000000 0
757001 0.030750 1
757008 0.000000 0
757016 0.000000 0
757023 0.021390 1
757031 0.000000 0
757038 0.000000 0
757046 0.025600 1
757053 0.000000 0
757060 0.000000 0
757068 0.034710 1
757076 0.000000 0
757084 0.000000 0
757091 0.040590 1
757098 0.000000 0
757106 0.000000 0
757113 0.031480 1
757121 0.000000 0
757128 0.000000 0
757136 0.034040 1
757143 0.000000 0
757150 0.000000 0
757158 0.048940 1
757166 0.000000 0
757174 0.000000 0
757181 0.055240 1
757188 0.000000 0
757196 0.000000 0
757203 0.061260 1
757211 0.000000 0
757218 0.000000 0
757226 0.072020 1
757233 0.000000 0
757240 0.000000 0
757248 0.051510 1
757256 0.000000 0
757264 0.000000 0
757271 0.038670 1
757278 0.000000 0
757286 0.000000 0
757293 0.046710 1
757301 0.000000 0
757308 0.000000 0
757316 0.057400 1
757323 0.000000 0
757330 0.000000 0
757338 0.045550 1
757346 0.000000 0
757354 0.000000 0
757361 0.034040 1
757368 0.000000 0
757376 0.000000 0
757383 0.056870 1
757392 0.000000 0
757400 0.000000 0
757407 0.077330 1
757413 0.000000 0
757420 0.000000 0
757428 0.085760 1
757436 0.000000 0
757444 0.000000 0
757451 0.060000 1
757458 0.000000 0
757466 0.000000 0
757473 0.026200 1
757481 0.000000 0
757488 0.000000 0
757496 0.022770 1
757503 0.000000 0
757510 0.000000 0
757518 0.033830 1
757526 0.000000 0
757534 0.000000 0
757541 0.038670 1
757548 0.000000 0
757556 0.000000 0
757563 0.053970 1
757571 0.000000 0
757578 0.000000 0
757586 0.045720 1
757594 0.000000 0
757602 0.000000 0
757609 0.042420 1
757616 0.000000 0
757624 0.000000 0
757631 0.040960 1
757639 0.000000 0
757646 0.000000 0
757654 0.057400 1
757661 0.000000 0
757668 0.000000 0
757676 0.052260 1
757685 0.000000 0
757692 0.000000 0
757700 0.043490 1
757706 0.000000 0
757714 0.000000 0
757721 0.035370 1
757730 0.000000 0
757738 0.000000 0
757745 0.031970 1
757751 0.000000 0
757758 0.000000 0
757766 0.043490 1
757775 0.000000 0
757782 0.000000 0
757790 0.049410 1
757796 0.000000 0
757804 0.000000 0
757811 0.045380 1
757820 0.000000 0
757828 0.000000 0
757835 0.040770 1
757841 0.000000 0
757848 0.000000 0
757856 0.052840 1
757864 0.000000 0
757872 0.000000 0
757879 0.089070 1
757886 0.000000 0
757894 0.000000 0
757901 0.091260 1
757910 0.000000 0
757918 0.000000 0
757925 0.060880 1
757931 0.000000 0
757938 0.000000 0
757946 0.028170 1
757955 0.000000 0
757962 0.000000 0
757970 0.029740 1
757977 0.000000 0
757984 0.000000 0
757992 0.027620 1
757999 0.000000 0
758006 0.000000 0
758014 0.035160 1
758021 0.000000 0
758028 0.000000 0
758036 0.039060 1
758044 0.000000 0
758052 0.000000 0
758059 0.029220 1
758066 0.000000 0
758074 0.000000 0
758081 0.020290 1
758089 0.000000 0
758096 0.000000 0
758104 0.046050 1
758111 0.000000 0
758118 0.000000 0
758126 0.052110 1
758134 0.000000 0
758142 0.000000 0
758149 0.050630 1
758156 0.000000 0
758164 0.000000 0
758171 0.052550 1
758179 0.000000 0
758186 0.000000 0
758194 0.056730 1
758201 0.000000 0
758208 0.000000 0
758216 0.058850 1
758224 0.000000 0
758232 0.000000 0
758239 0.056060 1
758246 0.000000 0
758254 0.000000 0
758261 0.059240 1
758269 0.000000 0
758276 0.000000 0
758284 0.054400 1
758291 0.000000 0
758298 0.000000 0
758306 0.053270 1
758314 0.000000 0
758322 0.000000 0
758329 0.051820 1
758336 0.000000 0
758344 0.000000 0
758351 0.068330 1
758359 0.000000 0
758366 0.000000 0
758374 0.071270 1
758381 0.000000 0
758388 0.000000 0
758396 0.052110 1
758404 0.000000 0
758412 0.000000 0
758419 0.025600 1
758426 0.000000 0
758434 0.000000 0
758441 0.029220 1
758449 0.000000 0
758456 0.000000 0
758464 0.044880 1
758471 0.000000 0
758478 0.000000 0
758486 0.051220 1
758494 0.000000 0
758502 0.000000 0
758509 0.047200 1
758516 0.000000 0
758524 0.000000 0
758531 0.034710 1
758539 0.000000 0
758546 0.000000 0
758554 0.022770 1
758561 0.000000 0
758568 0.000000 0
758576 0.013520 1
758584 0.000000 0
758592 0.000000 0
758599 0.029220 1
758606 0.000000 0
758614 0.000000 0
758621 0.024380 1
758629 0.000000 0
758636 0.000000 0
758644 0.012950 1
758651 0.000000 0
758658 0.000000 0
758666 0.025600 1
758674 0.000000 0
758682 0.000000 0
758689 0.023760 1
758698 0.000000 0
758706 0.000000 0
758713 0.056060 1
758719 0.000000 0
758726 0.000000 0
758734 0.059620 1
758742 0.000000 0
758750 0.000000 0
758757 0.041700 1
758764 0.000000 0
758772 0.000000 0
758779 0.058320 1
758787 0.000000 0
758794 0.000000 0
758802 0.062970 1
758809 0.000000 0
758816 0.000000 0
758824 0.071060 1
758832 0.000000 0
758840 0.000000 0
758847 0.077820 1
758854 0.000000 0
758862 0.000000 0
758869 0.060760 1
758878 0.000000 0
758886 0.000000 0
758893 0.018720 1
758899 0.000000 0
758906 0.000000 0
758914 0.018310 1
758922 0.000000 0
758930 0.000000 0
758937 0.028960 1
758944 0.000000 0
758952 0.000000 0
758959 0.030000 1
758966 0.000000 0
758974 0.000000 0
758981 0.027340 1
758989 0.000000 0
758996 0.000000 0
759004 0.024380 1
759012 0.000000 0
759020 0.000000 0
759027 0.025600 1
759034 0.000000 0
759042 0.000000 0
759049 0.094470 1
759057 0.000000 0
759064 0.000000 0
759072 0.088640 1
759079 0.000000 0
759086 0.000000 0
759094 0.084320 1
759102 0.000000 0
759110 0.000000 0
759117 0.059100 1
759124 0.000000 0
759132 0.000000 0
759139 0.048160 1
759147 0.000000 0
759154 0.000000 0
759162 0.036010 1
759169 0.000000 0
759176 0.000000 0
759184 0.024700 1
759192 0.000000 0
759200 0.000000 0
759207 0.021390 1
759214 0.000000 0
759222 0.000000 0
759229 0.031480 1
759237 0.000000 0
759244 0.000000 0
759252 0.035800 1
759258 0.000000 0
759266 0.000000 0
759273 0.037870 1
759282 0.000000 0
759290 0.000000 0
759297 0.068770 1
759303 0.000000 0
759310 0.000000 0
759318 0.070950 1
759327 0.000000 0
759334 0.000000 0
759342 0.052110 1
759348 0.000000 0
759356 0.000000 0
759363 0.030240 1
759371 0.000000 0
759378 0.000000 0
759386 0.023440 1
759393 0.000000 0
759400 0.000000 0
759408 0.008730 1
759416 0.000000 0
759424 0.000000 0
759431 0.025600 1
759438 0.000000 0
759446 0.000000 0
759453 0.030240 1
759462 0.000000 0
759470 0.000000 0
759477 0.034930 1
759483 0.000000 0
759490 0.000000 0
759498 0.044880 1
759506 0.000000 0
759514 0.000000 0
759521 0.058590 1
759528 0.000000 0
759536 0.000000 0
759543 0.061750 1
759551 0.000000 0
759558 0.000000 0
759566 0.058200 1
759574 0.000000 0
759582 0.000000 0
759589 0.062610 1
759597 0.000000 0
759604 0.000000 0
759612 0.046220 1
759619 0.000000 0
759626 0.000000 0
759634 0.026490 1
759642 0.000000 0
759650 0.000000 0
759657 0.059100 1
759664 0.000000 0
759672 0.000000 0
759679 0.062730 1
759687 0.000000 0
759694 0.000000 0
759702 0.044530 1
759709 0.000000 0
759716 0.000000 0
759724 0.043140 1
759732 0.000000 0
759740 0.000000 0
759747 0.035580 1
759754 0.000000 0
759762 0.000000 0
759769 0.083960 1
759776 0.000000 0
759784 0.000000 0
759791 0.083590 1
759798 0.000000 0
759806 0.000000 0
759813 0.055790 1
759821 0.000000 0
759828 0.000000 0
759836 0.019130 1
759843 0.000000 0
759850 0.000000 0
759858 0.016570 1
759866 0.000000 0
759874 0.000000 0
759881 0.021390 1
759888 0.000000 0
759896 0.000000 0
759903 0.037660 1
759912 0.000000 0
759920 0.000000 0
759927 0.058200 1
759933 0.000000 0
759940 0.000000 0
759948 0.049410 1
759956 0.000000 0
759964 0.000000 0
759971 0.058460 1
759978 0.000000 0
759986 0.000000 0
759993 0.047520 1
760001 0.000000 0
760008 0.000000 0
760016 0.091360 1
760023 0.000000 0
760030 0.000000 0
760038 0.052400 1
760046 0.000000 0
760054 0.000000 0
760061 0.025600 1
760068 0.000000 0
760076 0.000000 0
760083 0.021030 1
760091 0.000000 0
760098 0.000000 0
760106 0.021390 1
760114 0.000000 0
760122 0.000000 0
760129 0.041520 1
760136 0.000000 0
760144 0.000000 0
760151 0.042250 1
760159 0.000000 0
760166 0.000000 0
760174 0.044880 1
760182 0.000000 0
760190 0.000000 0
760197 0.043670 1
760203 0.000000 0
760210 0.000000 0
760218 0.041890 1
760227 0.000000 0
760234 0.000000 0
760242 0.085570 1
760248 0.000000 0
760256 0.000000 0
760263 0.086200 1
760271 0.000000 0
760278 0.000000 0
760286 0.067990 1
760293 0.000000 0
760300 0.000000 0
760308 0.022100 1
760317 0.000000 0
760324 0.000000 0
760332 0.016100 1
760338 0.000000 0
760346 0.000000 0
760353 0.028430 1
760362 0.000000 0
760370 0.000000 0
760377 0.053270 1
760384 0.000000 0
760392 0.000000 0
760399 0.056340 1
760408 0.000000 0
760416 0.000000 0
760423 0.044010 1
760429 0.000000 0
760436 0.000000 0
760444 0.031250 1
760452 0.000000 0
760460 0.000000 0
760467 0.039440 1
760473 0.000000 0
760480 0.000000 0
760488 0.052400 1
760498 0.000000 0
760506 0.000000 0
760513 0.039060 1
760518 0.000000 0
760526 0.000000 0
760533 0.028960 1
760541 0.000000 0
760548 0.000000 0
760556 0.036010 1
760563 0.000000 0
760570 0.000000 0
760578 0.029740 1
760586 0.000000 0
760594 0.000000 0
760601 0.042420 1
760608 0.000000 0
760616 0.000000 0
760623 0.051670 1
760631 0.000000 0
760638 0.000000 0
760646 0.050920 1
760653 0.000000 0
760660 0.000000 0
760668 0.045720 1
760676 0.000000 0
760684 0.000000 0
760691 0.050480 1
760698 0.000000 0
760706 0.000000 0
760713 0.100190 1
760721 0.000000 0
760728 0.000000 0
760736 0.099500 1
760743 0.000000 0
760750 0.000000 0
760758 0.067770 1
760767 0.000000 0
760774 0.000000 0
760782 0.028170 1
760788 0.000000 0
760796 0.000000 0
760803 0.026490 1
760812 0.000000 0
760820 0.000000 0
760827 0.026780 1
760833 0.000000 0
760840 0.000000 0
760848 0.048310 1
760856 0.000000 0
760864 0.000000 0
760871 0.048940 1
760878 0.000000 0
760886 0.000000 0
760893 0.053120 1
760901 0.000000 0
760908 0.000000 0
760916 0.033140 1
760923 0.000000 0
760930 0.000000 0
760938 0.035580 1
760946 0.000000 0
760954 0.000000 0
760961 0.051070 1
760968 0.000000 0
760976 0.000000 0
760983 0.048310 1
760992 0.000000 0
761000 0.000000 0
761007 0.044360 1
761013 0.000000 0
761020 0.000000 0
761028 0.032210 1
761036 0.000000 0
761044 0.000000 0
761051 0.025910 1
761058 0.000000 0
761066 0.000000 0
761073 0.045040 1
761082 0.000000 0
761090 0.000000 0
761097 0.060760 1
761103 0.000000 0
761110 0.000000 0
761118 0.051510 1
761126 0.000000 0
761134 0.000000 0
761141 0.030000 1
761148 0.000000 0
761156 0.000000 0
761163 0.053120 1
761171 0.000000 0
761178 0.000000 0
761186 0.091260 1
761193 0.000000 0
761200 0.000000 0
761208 0.089420 1
761216 0.000000 0
761224 0.000000 0
761231 0.064770 1
761238 0.000000 0
761246 0.000000 0
761253 0.036640 1
761261 0.000000 0
761268 0.000000 0
761276 0.028170 1
761283 0.000000 0
761290 0.000000 0
761298 0.021390 1
761306 0.000000 0
761314 0.000000 0
761321 0.033140 1
761328 0.000000 0
761336 0.000000 0
761343 0.047520 1
761351 0.000000 0
761358 0.000000 0
761366 0.044880 1
761373 0.000000 0
761380 0.000000 0
761388 0.027340 1
761397 0.000000 0
761404 0.000000 0
761412 0.037660 1
761418 0.000000 0
761426 0.000000 0
761433 0.043140 1
761441 0.000000 0
761448 0.000000 0
761456 0.047200 1
761463 0.000000 0
761470 0.000000 0
761478 0.046050 1
761486 0.000000 0
761494 0.000000 0
761501 0.042070 1
761508 0.000000 0
761516 0.000000 0
761523 0.038270 1
761531 0.000000 0
761538 0.000000 0
761546 0.039830 1
761553 0.000000 0
761560 0.000000 0
761568 0.059490 1
761576 0.000000 0
761584 0.000000 0
761591 0.045720 1
761598 0.000000 0
761606 0.000000 0
761613 0.027890 1
761621 0.000000 0
761628 0.000000 0
761636 0.042250 1
761644 0.000000 0
761652 0.000000 0
761659 0.085130 1
761666 0.000000 0
761674 0.000000 0
761681 0.086110 1
761690 0.000000 0
761698 0.000000 0
761705 0.063580 1
761711 0.000000 0
761718 0.000000 0
761726 0.029740 1
761735 0.000000 0
761742 0.000000 0
761750 0.032670 1
761756 0.000000 0
761764 0.000000 0
761771 0.031250 1
761779 0.000000 0
761786 0.000000 0
761794 0.045380 1
761801 0.000000 0
761808 0.000000 0
761816 0.033600 1
761825 0.000000 0
761832 0.000000 0
761840 0.037460 1
761846 0.000000 0
761854 0.000000 0
761861 0.024700 1
761870 0.000000 0
761878 0.000000 0
761885 0.037050 1
761891 0.000000 0
761898 0.000000 0
761906 0.046880 1
761914 0.000000 0
761922 0.000000 0
761929 0.050320 1
761936 0.000000 0
761944 0.000000 0
761951 0.038670 1
761960 0.000000 0
761968 0.000000 0
761975 0.039440 1
761981 0.000000 0
761988 0.000000 0
761996 0.025310 1
762004 0.000000 0
762012 0.000000 0
762019 0.050480 1
762026 0.000000 0
762034 0.000000 0
762041 0.046220 1
762049 0.000000 0
762056 0.000000 0
762064 0.036010 1
762071 0.000000 0
762078 0.000000 0
762086 0.027340 1
762095 0.000000 0
762102 0.000000 0
762110 0.055240 1
762116 0.000000 0
762124 0.000000 0
762131 0.077620 1
762140 0.000000 0
762148 0.000000 0
762155 0.084670 1
762161 0.000000 0
762168 0.000000 0
762176 0.062360 1
762185 0.000000 0
762192 0.000000 0
762200 0.027340 1
762206 0.000000 0
762214 0.000000 0
762221 0.025600 1
762230 0.000000 0
762238 0.000000 0
762245 0.019130 1
762251 0.000000 0
762258 0.000000 0
762266 0.029480 1
762274 0.000000 0
762282 0.000000 0
762289 0.032910 1
762296 0.000000 0
762304 0.000000 0
762311 0.031480 1
762319 0.000000 0
762326 0.000000 0
762334 0.017010 1
762341 0.000000 0
762348 0.000000 0
762356 0.032440 1
762364 0.000000 0
762372 0.000000 0
762379 0.069760 1
762386 0.000000 0
762394 0.000000 0
762401 0.051510 1
762409 0.000000 0
762416 0.000000 0
762424 0.057540 1
762431 0.000000 0
762438 0.000000 0
762446 0.056870 1
762454 0.000000 0
762462 0.000000 0
762469 0.065710 1
762476 0.000000 0
762484 0.000000 0
762491 0.064180 1
762499 0.000000 0
762506 0.000000 0
762514 0.081830 1
762521 0.000000 0
762528 0.000000 0
762536 0.051380 1
762544 0.000000 0
762552 0.000000 0
762559 0.035800 1
762566 0.000000 0
762574 0.000000 0
762581 0.043490 1
762590 0.000000 0
762598 0.000000 0
762605 0.077330 1
762611 0.000000 0
762618 0.000000 0
762626 0.077440 1
762634 0.000000 0
762642 0.000000 0
762649 0.066970 1
762656 0.000000 0
762664 0.000000 0
762671 0.039440 1
762679 0.000000 0
762686 0.000000 0
762694 0.024380 1
762701 0.000000 0
762708 0.000000 0
762716 0.032670 1
762724 0.000000 0
762732 0.000000 0
762739 0.033370 1
762746 0.000000 0
762754 0.000000 0
762761 0.036640 1
762769 0.000000 0
762776 0.000000 0
762784 0.042600 1
762791 0.000000 0
762798 0.000000 0
762806 0.034710 1
762814 0.000000 0
762822 0.000000 0
762829 0.087080 1
762836 0.000000 0
762844 0.000000 0
762851 0.099810 1
762859 0.000000 0
762866 0.000000 0
762874 0.085760 1
762881 0.000000 0
762888 0.000000 0
762896 0.056060 1
762904 0.000000 0
762912 0.000000 0
762919 0.040210 1
762926 0.000000 0
762934 0.000000 0
762941 0.036220 1
762949 0.000000 0
762956 0.000000 0
762964 0.025600 1
762971 0.000000 0
762978 0.000000 0
762986 0.022770 1
762994 0.000000 0
763002 0.000000 0
763009 0.016570 1
763016 0.000000 0
763024 0.000000 0
763031 0.034490 1
763039 0.000000 0
763046 0.000000 0
763054 0.048460 1
763061 0.000000 0
763068 0.000000 0
763076 0.064770 1
763084 0.000000 0
763092 0.000000 0
763099 0.076840 1
763106 0.000000 0
763114 0.000000 0
763121 0.057540 1
763129 0.000000 0
763136 0.000000 0
763144 0.044190 1
763151 0.000000 0
763158 0.000000 0
763166 0.027050 1
763174 0.000000 0
763182 0.000000 0
763189 0.035370 1
763197 0.000000 0
763204 0.000000 0
763212 0.044360 1
763219 0.000000 0
763226 0.000000 0
763234 0.053560 1
763242 0.000000 0
763250 0.000000 0
763257 0.042420 1
763264 0.000000 0
763272 0.000000 0
763279 0.038270 1
763287 0.000000 0
763294 0.000000 0
763302 0.032670 1
763309 0.000000 0
763316 0.000000 0
763324 0.040770 1
763333 0.000000 0
763340 0.000000 0
763348 0.036220 1
763354 0.000000 0
763362 0.000000 0
763369 0.030500 1
763377 0.000000 0
763384 0.000000 0
763392 0.022770 1
763399 0.000000 0
763406 0.000000 0
763414 0.025010 1
763423 0.000000 0
763430 0.000000 0
763438 0.068770 1
763444 0.000000 0
763452 0.000000 0
763459 0.069760 1
763467 0.000000 0
763474 0.000000 0
763482 0.052840 1
763489 0.000000 0
763496 0.000000 0
763504 0.031480 1
763513 0.000000 0
763520 0.000000 0
763528 0.059490 1
763534 0.000000 0
763542 0.000000 0
763549 0.081380 1
763558 0.000000 0
763566 0.000000 0
763573 0.078890 1
763579 0.000000 0
763586 0.000000 0
763594 0.059490 1
763603 0.000000 0
763610 0.000000 0
763618 0.029220 1
763625 0.000000 0
763632 0.000000 0
763640 0.020290 1
763647 0.000000 0
763654 0.000000 0
763662 0.021030 1
763669 0.000000 0
763676 0.000000 0
763684 0.039060 1
763691 0.000000 0
763698 0.000000 0
763706 0.040210 1
763714 0.000000 0
763722 0.000000 0
763729 0.037260 1
763737 0.000000 0
763744 0.000000 0
763752 0.052980 1
763758 0.000000 0
763766 0.000000 0
763773 0.052840 1
763781 0.000000 0
763788 0.000000 0
763796 0.063830 1
763803 0.000000 0
763810 0.000000 0
763818 0.044880 1
763827 0.000000 0
763834 0.000000 0
763842 0.048160 1
763848 0.000000 0
763856 0.000000 0
763863 0.040590 1
763871 0.000000 0
763878 0.000000 0
763886 0.036220 1
763893 0.000000 0
763900 0.000000 0
763908 0.053830 1
763917 0.000000 0
763924 0.000000 0
763932 0.065250 1
763939 0.000000 0
763946 0.000000 0
763954 0.052980 1
763962 0.000000 0
763970 0.000000 0
763977 0.036640 1
763983 0.000000 0
763990 0.000000 0
763998 0.064300 1
764006 0.000000 0
764014 0.000000 0
764021 0.089920 1
764028 0.000000 0
764036 0.000000 0
764043 0.089920 1
764051 0.000000 0
764058 0.000000 0
764066 0.067990 1
764073 0.000000 0
764080 0.000000 0
764088 0.028700 1
764096 0.000000 0
764104 0.000000 0
764111 0.011720 1
764118 0.000000 0
764126 0.000000 0
764133 0.019910 1
764141 0.000000 0
764148 0.000000 0
764156 0.040210 1
764163 0.000000 0
764170 0.000000 0
764178 0.043670 1
764186 0.000000 0
764194 0.000000 0
764201 0.038070 1
764208 0.000000 0
764216 0.000000 0
764223 0.034040 1
764231 0.000000 0
764238 0.000000 0
764246 0.040410 1
764253 0.000000 0
764260 0.000000 0
764268 0.044010 1
764276 0.000000 0
764284 0.000000 0
764291 0.043140 1
764298 0.000000 0
764306 0.000000 0
764313 0.033370 1
764321 0.000000 0
764328 0.000000 0
764336 0.027620 1
764343 0.000000 0
764350 0.000000 0
764358 0.032440 1
764366 0.000000 0
764374 0.000000 0
764381 0.044360 1
764388 0.000000 0
764396 0.000000 0
764403 0.065000 1
764411 0.000000 0
764418 0.000000 0
764426 0.068330 1
764433 0.000000 0
764440 0.000000 0
764448 0.064060 1
764456 0.000000 0
764464 0.000000 0
764471 0.072970 1
764478 0.000000 0
764486 0.000000 0
764493 0.088730 1
764502 0.000000 0
764510 0.000000 0
764517 0.089920 1
764523 0.000000 0
764530 0.000000 0
764538 0.058320 1
764546 0.000000 0
764554 0.000000 0
764561 0.027890 1
764568 0.000000 0
764576 0.000000 0
764583 0.036640 1
764591 0.000000 0
764598 0.000000 0
764606 0.034040 1
764614 0.000000 0
764622 0.000000 0
764629 0.052110 1
764636 0.000000 0
764644 0.000000 0
764651 0.041150 1
764658 0.000000 0
764666 0.000000 0
764673 0.042970 1
764681 0.000000 0
764688 0.000000 0
764696 0.027620 1
764703 0.000000 0
764710 0.000000 0
764718 0.042420 1
764727 0.000000 0
764734 0.000000 0
764742 0.051820 1
764748 0.000000 0
764756 0.000000 0
764763 0.047670 1
764771 0.000000 0
764778 0.000000 0
764786 0.038470 1
764793 0.000000 0
764800 0.000000 0
764808 0.039250 1
764816 0.000000 0
764824 0.000000 0
764831 0.028170 1
764838 0.000000 0
764846 0.000000 0
764853 0.072650 1
764861 0.000000 0
764868 0.000000 0
764876 0.068330 1
764883 0.000000 0
764890 0.000000 0
764898 0.057540 1
764906 0.000000 0
764914 0.000000 0
764921 0.033140 1
764928 0.000000 0
764936 0.000000 0
764943 0.055650 1
764951 0.000000 0
764958 0.000000 0
764966 0.079470 1
764973 0.000000 0
764980 0.000000 0
764988 0.077730 1
764997 0.000000 0
765004 0.000000 0
765012 0.052110 1
765018 0.000000 0
765026 0.000000 0
765033 0.023100 1
765041 0.000000 0
765048 0.000000 0
765056 0.010330 1
765063 0.000000 0
765070 0.000000 0
765078 0.028430 1
765087 0.000000 0
765094 0.000000 0
765102 0.044710 1
765108 0.000000 0
765116 0.000000 0
765123 0.035580 1
765131 0.000000 0
765138 0.000000 0
765146 0.043670 1
765153 0.000000 0
765160 0.000000 0
765168 0.050170 1
765176 0.000000 0
765184 0.000000 0
765191 0.044010 1
765198 0.000000 0
765206 0.000000 0
765213 0.050480 1
765221 0.000000 0
765228 0.000000 0
765236 0.047200 1
765243 0.000000 0
765250 0.000000 0
765258 0.036850 1
765266 0.000000 0
765274 0.000000 0
765281 0.032440 1
765288 0.000000 0
765296 0.000000 0
765303 0.020290 1
765311 0.000000 0
765318 0.000000 0
765326 0.025910 1
765333 0.000000 0
765340 0.000000 0
765348 0.052980 1
765356 0.000000 0
765364 0.000000 0
765371 0.050020 1
765378 0.000000 0
765386 0.000000 0
765393 0.040020 1
765401 0.000000 0
765408 0.000000 0
765416 0.068210 1
765423 0.000000 0
765430 0.000000 0
765438 0.077240 1
765446 0.000000 0
765454 0.000000 0
765461 0.079000 1
765468 0.000000 0
765476 0.000000 0
765483 0.060880 1
765491 0.000000 0
765498 0.000000 0
765506 0.023100 1
765513 0.000000 0
765520 0.000000 0
765528 0.021740 1
765536 0.000000 0
765544 0.000000 0
765551 0.016100 1
765558 0.000000 0
765566 0.000000 0
765573 0.037870 1
765581 0.000000 0
765588 0.000000 0
765596 0.040020 1
765603 0.000000 0
765610 0.000000 0
765618 0.028170 1
765627 0.000000 0
765634 0.000000 0
765642 0.010330 1
765649 0.000000 0
765656 0.000000 0
765664 0.042970 1
765671 0.000000 0
765678 0.000000 0
765686 0.069980 1
765694 0.000000 0
765702 0.000000 0
765709 0.077930 1
765716 0.000000 0
765724 0.000000 0
765731 0.047520 1
765740 0.000000 0
765748 0.000000 0
765755 0.049560 1
765761 0.000000 0
765768 0.000000 0
765776 0.051670 1
765785 0.000000 0
765792 0.000000 0
765800 0.042250 1
765806 0.000000 0
765814 0.000000 0
765821 0.035800 1
765830 0.000000 0
765838 0.000000 0
765845 0.033600 1
765851 0.000000 0
765858 0.000000 0
765866 0.035800 1
765874 0.000000 0
765882 0.000000 0
765889 0.063940 1
765896 0.000000 0
765904 0.000000 0
765911 0.092350 1
765920 0.000000 0
765928 0.000000 0
765935 0.082580 1
765941 0.000000 0
765948 0.000000 0
765956 0.066290 1
765965 0.000000 0
765972 0.000000 0
765980 0.048780 1
765986 0.000000 0
765994 0.000000 0
766001 0.021030 1
766010 0.000000 0
766018 0.000000 0
766025 0.025910 1
766032 0.000000 0
766040 0.000000 0
766047 0.032910 1
766054 0.000000 0
766062 0.000000 0
766069 0.027050 1
766076 0.000000 0
766084 0.000000 0
766091 0.018720 1
766099 0.000000 0
766106 0.000000 0
766114 0.013520 1
766121 0.000000 0
766128 0.000000 0
766136 0.031250 1
766144 0.000000 0
766152 0.000000 0
766159 0.050780 1
766166 0.000000 0
766174 0.000000 0
766181 0.046370 1
766190 0.000000 0
766198 0.000000 0
766205 0.047520 1
766211 0.000000 0
766218 0.000000 0
766226 0.041890 1
766234 0.000000 0
766242 0.000000 0
766249 0.038070 1
766256 0.000000 0
766264 0.000000 0
766271 0.071810 1
766279 0.000000 0
766286 0.000000 0
766294 0.061630 1
766301 0.000000 0
766308 0.000000 0
766316 0.043320 1
766324 0.000000 0
766332 0.000000 0
766339 0.034040 1
766346 0.000000 0
766354 0.000000 0
766361 0.054690 1
766370 0.000000 0
766378 0.000000 0
766385 0.084600 1
766391 0.000000 0
766398 0.000000 0
766406 0.078420 1
766414 0.000000 0
766422 0.000000 0
766429 0.060500 1
766436 0.000000 0
766444 0.000000 0
766451 0.027340 1
766459 0.000000 0
766466 0.000000 0
766474 0.021030 1
766481 0.000000 0
766488 0.000000 0
766496 0.041520 1
766505 0.000000 0
766512 0.000000 0
766520 0.041700 1
766526 0.000000 0
766534 0.000000 0
766541 0.036850 1
766549 0.000000 0
766556 0.000000 0
766564 0.030990 1
766571 0.000000 0
766578 0.000000 0
766586 0.032210 1
766594 0.000000 0
766602 0.000000 0
766609 0.075940 1
766616 0.000000 0
766624 0.000000 0
766631 0.092760 1
766639 0.000000 0
766646 0.000000 0
766654 0.084050 1
766661 0.000000 0
766668 0.000000 0
766676 0.051070 1
766684 0.000000 0
766692 0.000000 0
766699 0.040410 1
766706 0.000000 0
766714 0.000000 0
766721 0.020660 1
766729 0.000000 0
766736 0.000000 0
766744 0.028430 1
766751 0.000000 0
766758 0.000000 0
766766 0.024380 1
766775 0.000000 0
766782 0.000000 0
766790 0.044530 1
766796 0.000000 0
766804 0.000000 0
766811 0.050480 1
766819 0.000000 0
766826 0.000000 0
766834 0.064060 1
766841 0.000000 0
766848 0.000000 0
766856 0.072020 1
766864 0.000000 0
766872 0.000000 0
766879 0.069980 1
766886 0.000000 0
766894 0.000000 0
766901 0.045380 1
766909 0.000000 0
766916 0.000000 0
766924 0.037460 1
766931 0.000000 0
766938 0.000000 0
766946 0.025310 1
766954 0.000000 0
766962 0.000000 0
766969 0.021030 1
766976 0.000000 0
766984 0.000000 0
766991 0.031250 1
766999 0.000000 0
767006 0.000000 0
767014 0.024380 1
767021 0.000000 0
767028 0.000000 0
767036 0.019130 1
767044 0.000000 0
767052 0.000000 0
767059 0.018310 1
767067 0.000000 0
767074 0.000000 0
767082 0.026780 1
767089 0.000000 0
767096 0.000000 0
767104 0.048160 1
767112 0.000000 0
767120 0.000000 0
767127 0.043670 1
767134 0.000000 0
767142 0.000000 0
767149 0.048310 1
767157 0.000000 0
767164 0.000000 0
767172 0.041520 1
767179 0.000000 0
767186 0.000000 0
767194 0.028700 1
767202 0.000000 0
767210 0.000000 0
767217 0.049870 1
767224 0.000000 0
767232 0.000000 0
767239 0.045210 1
767247 0.000000 0
767254 0.000000 0
767262 0.042070 1
767269 0.000000 0
767276 0.000000 0
767284 0.035800 1
767292 0.000000 0
767300 0.000000 0
767307 0.043670 1
767314 0.000000 0
767322 0.000000 0
767329 0.054830 1
767337 0.000000 0
767344 0.000000 0
767352 0.063580 1
767359 0.000000 0
767366 0.000000 0
767374 0.049090 1
767383 0.000000 0
767390 0.000000 0
767398 0.025910 1
767404 0.000000 0
767412 0.000000 0
767419 0.018720 1
767427 0.000000 0
767434 0.000000 0
767442 0.049870 1
767449 0.000000 0
767456 0.000000 0
767464 0.055100 1
767472 0.000000 0
767480 0.000000 0
767487 0.037870 1
767494 0.000000 0
767502 0.000000 0
767509 0.031720 1
767517 0.000000 0
767524 0.000000 0
767532 0.025310 1
767539 0.000000 0
767546 0.000000 0
767554 0.052550 1
767562 0.000000 0
767570 0.000000 0
767577 0.064420 1
767584 0.000000 0
767592 0.000000 0
767599 0.066510 1
767607 0.000000 0
767614 0.000000 0
767622 0.046710 1
767629 0.000000 0
767636 0.000000 0
767644 0.032440 1
767652 0.000000 0
767660 0.000000 0
767667 0.030750 1
767674 0.000000 0
767682 0.000000 0
767689 0.050320 1
767697 0.000000 0
767704 0.000000 0
767712 0.048460 1
767718 0.000000 0
767726 0.000000 0
767733 0.039250 1
767741 0.000000 0
767748 0.000000 0
767756 0.023440 1
767763 0.000000 0
767770 0.000000 0
767778 0.038670 1
767786 0.000000 0
767794 0.000000 0
767801 0.066290 1
767808 0.000000 0
767816 0.000000 0
767823 0.086110 1
767832 0.000000 0
767840 0.000000 0
767847 0.055100 1
767853 0.000000 0
767860 0.000000 0
767868 0.029220 1
767876 0.000000 0
767884 0.000000 0
767891 0.024080 1
767898 0.000000 0
767906 0.000000 0
767913 0.036010 1
767922 0.000000 0
767930 0.000000 0
767937 0.043490 1
767943 0.000000 0
767950 0.000000 0
767958 0.035160 1
767966 0.000000 0
767974 0.000000 0
767981 0.029220 1
767988 0.000000 0
767996 0.000000 0
768003 0.025600 1
768011 0.000000 0
768018 0.000000 0
768026 0.042970 1
768033 0.000000 0
768040 0.000000 0
768048 0.044880 1
768056 0.000000 0
768064 0.000000 0
768071 0.038070 1
768078 0.000000 0
768086 0.000000 0
768093 0.035580 1
768101 0.000000 0
768108 0.000000 0
768116 0.040410 1
768123 0.000000 0
768130 0.000000 0
768138 0.042790 1
768146 0.000000 0
768154 0.000000 0
768161 0.051510 1
768168 0.000000 0
768176 0.000000 0
768183 0.052400 1
768191 0.000000 0
768198 0.000000 0
768206 0.045880 1
768213 0.000000 0
768220 0.000000 0
768228 0.036220 1
768236 0.000000 0
768244 0.000000 0
768251 0.046370 1
768259 0.000000 0
768266 0.000000 0
768274 0.048940 1
768281 0.000000 0
768288 0.000000 0
768296 0.057940 1
768303 0.000000 0
768310 0.000000 0
768318 0.044530 1
768327 0.000000 0
768334 0.000000 0
768342 0.025600 1
768348 0.000000 0
768356 0.000000 0
768363 0.019530 1
768372 0.000000 0
768380 0.000000 0
768387 0.021030 1
768393 0.000000 0
768400 0.000000 0
768408 0.041150 1
768417 0.000000 0
768424 0.000000 0
768432 0.038860 1
768438 0.000000 0
768446 0.000000 0
768453 0.030750 1
768461 0.000000 0
768468 0.000000 0
768476 0.013520 1
768483 0.000000 0
768490 0.000000 0
768498 0.034490 1
768507 0.000000 0
768514 0.000000 0
768522 0.054260 1
768528 0.000000 0
768536 0.000000 0
768543 0.050320 1
768551 0.000000 0
768558 0.000000 0
768566 0.046710 1
768573 0.000000 0
768580 0.000000 0
768588 0.027890 1
768596 0.000000 0
768604 0.000000 0
768611 0.025310 1
768618 0.000000 0
768626 0.000000 0
768633 0.042970 1
768641 0.000000 0
768648 0.000000 0
768656 0.055240 1
768663 0.000000 0
768670 0.000000 0
768678 0.049260 1
768686 0.000000 0
768694 0.000000 0
768701 0.040960 1
768708 0.000000 0
768716 0.000000 0
768723 0.047670 1
768731 0.000000 0
768738 0.000000 0
768746 0.066410 1
768753 0.000000 0
768760 0.000000 0
768768 0.073700 1
768776 0.000000 0
768784 0.000000 0
768791 0.049260 1
768798 0.000000 0
768806 0.000000 0
768813 0.029220 1
768821 0.000000 0
768828 0.000000 0
768836 0.011720 1
768843 0.000000 0
768850 0.000000 0
768858 0.022770 1
768866 0.000000 0
768874 0.000000 0
768881 0.047520 1
768888 0.000000 0
768896 0.000000 0
768903 0.045380 1
768911 0.000000 0
768918 0.000000 0
768926 0.021030 1
768933 0.000000 0
768940 0.000000 0
768948 0.018720 1
768956 0.000000 0
768964 0.000000 0
768971 0.027620 1
768978 0.000000 0
768986 0.000000 0
768993 0.061390 1
769001 0.000000 0
769008 0.000000 0
769016 0.054690 1
769025 0.000000 0
769032 0.000000 0
769040 0.057130 1
769046 0.000000 0
769054 0.000000 0
769061 0.041340 1
769070 0.000000 0
769078 0.000000 0
769085 0.031720 1
769091 0.000000 0
769098 0.000000 0
769106 0.040770 1
769114 0.000000 0
769122 0.000000 0
769129 0.047350 1
769136 0.000000 0
769144 0.000000 0
769151 0.040210 1
769160 0.000000 0
769168 0.000000 0
769175 0.022430 1
769181 0.000000 0
769188 0.000000 0
769196 0.036220 1
769205 0.000000 0
769212 0.000000 0
769220 0.053410 1
769226 0.000000 0
769234 0.000000 0
769241 0.061010 1
769249 0.000000 0
769256 0.000000 0
769264 0.044530 1
769271 0.000000 0
769278 0.000000 0
769286 0.017900 1
769294 0.000000 0
769302 0.000000 0
769309 0.024380 1
769316 0.000000 0
769324 0.000000 0
769331 0.033140 1
769340 0.000000 0
769348 0.000000 0
769355 0.050920 1
769361 0.000000 0
769368 0.000000 0
769376 0.060140 1
769385 0.000000 0
769392 0.000000 0
769400 0.026490 1
769406 0.000000 0
769414 0.000000 0
769421 0.016100 1
769429 0.000000 0
769436 0.000000 0
769444 0.050170 1
769451 0.000000 0
769458 0.000000 0
769466 0.067080 1
769474 0.000000 0
769482 0.000000 0
769489 0.062500 1
769496 0.000000 0
769504 0.000000 0
769511 0.028170 1
769519 0.000000 0
769526 0.000000 0
769534 0.031970 1
769541 0.000000 0
769548 0.000000 0
769556 0.040770 1
769564 0.000000 0
769572 0.000000 0
769579 0.048160 1
769586 0.000000 0
769594 0.000000 0
769601 0.052110 1
769609 0.000000 0
769616 0.000000 0
769624 0.059100 1
769631 0.000000 0
769638 0.000000 0
769646 0.045380 1
769654 0.000000 0
769662 0.000000 0
769669 0.040770 1
769676 0.000000 0
769684 0.000000 0
769691 0.058320 1
769699 0.000000 0
769706 0.000000 0
769714 0.063340 1
769721 0.000000 0
769728 0.000000 0
769736 0.042600 1
769744 0.000000 0
769752 0.000000 0
769759 0.019530 1
769766 0.000000 0
769774 0.000000 0
769781 0.014600 1
769789 0.000000 0
769796 0.000000 0
769804 0.019910 1
769811 0.000000 0
769818 0.000000 0
769826 0.038270 1
769834 0.000000 0
769842 0.000000 0
769849 0.034710 1
769856 0.000000 0
769864 0.000000 0
769871 0.022430 1
769879 0.000000 0
769886 0.000000 0
769894 0.023100 1
769901 0.000000 0
769908 0.000000 0
769916 0.034040 1
769925 0.000000 0
769932 0.000000 0
769940 0.036850 1
769946 0.000000 0
769954 0.000000 0
769961 0.027620 1
769970 0.000000 0
769978 0.000000 0
769985 0.025310 1
769991 0.000000 0
769998 0.000000 0
770006 0.031250 1
770015 0.000000 0
770022 0.000000 0
770030 0.039250 1
770036 0.000000 0
770044 0.000000 0
770051 0.068100 1
770060 0.000000 0
770068 0.000000 0
770075 0.072760 1
770081 0.000000 0
770088 0.000000 0
770096 0.041150 1
770104 0.000000 0
770112 0.000000 0
770119 0.032440 1
770126 0.000000 0
770134 0.000000 0
770141 0.038070 1
770149 0.000000 0
770156 0.000000 0
770164 0.069210 1
770171 0.000000 0
770178 0.000000 0
770186 0.068330 1
770195 0.000000 0
770202 0.000000 0
770210 0.046710 1
770216 0.000000 0
770224 0.000000 0
770231 0.022770 1
770240 0.000000 0
770248 0.000000 0
770255 0.016100 1
770261 0.000000 0
770268 0.000000 0
770276 0.026200 1
770285 0.000000 0
770292 0.000000 0
770300 0.045210 1
770306 0.000000 0
770314 0.000000 0
770321 0.043490 1
770330 0.000000 0
770338 0.000000 0
770345 0.035800 1
770351 0.000000 0
770358 0.000000 0
770366 0.029220 1
770375 0.000000 0
770382 0.000000 0
770390 0.067770 1
770396 0.000000 0
770404 0.000000 0
770411 0.085940 1
770419 0.000000 0
770426 0.000000 0
770434 0.072450 1
770441 0.000000 0
770448 0.000000 0
770456 0.047520 1
770464 0.000000 0
770472 0.000000 0
770479 0.036220 1
770486 0.000000 0
770494 0.000000 0
770501 0.023760 1
770509 0.000000 0
770516 0.000000 0
770524 0.030000 1
770531 0.000000 0
770538 0.000000 0
770546 0.024700 1
770554 0.000000 0
770562 0.000000 0
770569 0.037660 1
770576 0.000000 0
770584 0.000000 0
770591 0.053830 1
770599 0.000000 0
770606 0.000000 0
770614 0.040020 1
770621 0.000000 0
770628 0.000000 0
770636 0.038270 1
770644 0.000000 0
770652 0.000000 0
770659 0.049560 1
770666 0.000000 0
770674 0.000000 0
770681 0.034490 1
770689 0.000000 0
770696 0.000000 0
770704 0.029740 1
770711 0.000000 0
770718 0.000000 0
770726 0.024380 1
770735 0.000000 0
770742 0.000000 0
770750 0.017460 1
770756 0.000000 0
770764 0.000000 0
770771 0.042250 1
770780 0.000000 0
770788 0.000000 0
770795 0.045380 1
770801 0.000000 0
770808 0.000000 0
770816 0.033370 1
770824 0.000000 0
770832 0.000000 0
770839 0.032670 1
770846 0.000000 0
770854 0.000000 0
770861 0.042600 1
770869 0.000000 0
770876 0.000000 0
770884 0.052260 1
770891 0.000000 0
770898 0.000000 0
770906 0.042070 1
770914 0.000000 0
770922 0.000000 0
770929 0.049710 1
770936 0.000000 0
770944 0.000000 0
770951 0.030990 1
770959 0.000000 0
770966 0.000000 0
770974 0.030990 1
770981 0.000000 0
770988 0.000000 0
770996 0.066640 1
771004 0.000000 0
771012 0.000000 0
771019 0.070080 1
771027 0.000000 0
771034 0.000000 0
771042 0.047670 1
771049 0.000000 0
771056 0.000000 0
771064 0.032210 1
771072 0.000000 0
771080 0.000000 0
771087 0.044530 1
771094 0.000000 0
771102 0.000000 0
771109 0.061140 1
771118 0.000000 0
771126 0.000000 0
771133 0.060260 1
771139 0.000000 0
771146 0.000000 0
771154 0.051220 1
771161 0.000000 0
771168 0.000000 0
771176 0.030500 1
771184 0.000000 0
771192 0.000000 0
771199 0.030240 1
771207 0.000000 0
771214 0.000000 0
771222 0.031720 1
771229 0.000000 0
771236 0.000000 0
771244 0.064180 1
771251 0.000000 0
771258 0.000000 0
771266 0.067990 1
771274 0.000000 0
771282 0.000000 0
771289 0.042250 1
771297 0.000000 0
771304 0.000000 0
771312 0.044710 1
771319 0.000000 0
771326 0.000000 0
771334 0.061260 1
771342 0.000000 0
771350 0.000000 0
771357 0.061140 1
771364 0.000000 0
771372 0.000000 0
771379 0.047350 1
771387 0.000000 0
771394 0.000000 0
771402 0.027890 1
771409 0.000000 0
771416 0.000000 0
771424 0.019530 1
771432 0.000000 0
771440 0.000000 0
771447 0.022770 1
771454 0.000000 0
771462 0.000000 0
771469 0.039830 1
771477 0.000000 0
771484 0.000000 0
771492 0.040410 1
771499 0.000000 0
771506 0.000000 0
771514 0.037260 1
771522 0.000000 0
771530 0.000000 0
771537 0.033370 1
771544 0.000000 0
771552 0.000000 0
771559 0.038270 1
771567 0.000000 0
771574 0.000000 0
771582 0.072760 1
771589 0.000000 0
771596 0.000000 0
771604 0.077820 1
771612 0.000000 0
771620 0.000000 0
771627 0.059620 1
771634 0.000000 0
771642 0.000000 0
771649 0.027620 1
771657 0.000000 0
771664 0.000000 0
771672 0.016100 1
771679 0.000000 0
771686 0.000000 0
771694 0.023440 1
771702 0.000000 0
771710 0.000000 0
771717 0.038860 1
771724 0.000000 0
771732 0.000000 0
771739 0.039250 1
771747 0.000000 0
771754 0.000000 0
771762 0.031250 1
771769 0.000000 0
771776 0.000000 0
771784 0.017900 1
771792 0.000000 0
771800 0.000000 0
771807 0.042420 1
771814 0.000000 0
771822 0.000000 0
771829 0.045210 1
771837 0.000000 0
771844 0.000000 0
771852 0.059360 1
771859 0.000000 0
771866 0.000000 0
771874 0.024380 1
771882 0.000000 0
771890 0.000000 0
771897 0.026490 1
771903 0.000000 0
771910 0.000000 0
771918 0.032910 1
771926 0.000000 0
771934 0.000000 0
771941 0.057400 1
771948 0.000000 0
771956 0.000000 0
771963 0.057540 1
771972 0.000000 0
771980 0.000000 0
771987 0.044010 1
771993 0.000000 0
772000 0.000000 0
772008 0.046710 1
772017 0.000000 0
772024 0.000000 0
772032 0.039640 1
772038 0.000000 0
772046 0.000000 0
772053 0.047200 1
772062 0.000000 0
772070 0.000000 0
772077 0.057400 1
772083 0.000000 0
772090 0.000000 0
772098 0.052980 1
772107 0.000000 0
772114 0.000000 0
772122 0.024380 1
772128 0.000000 0
772136 0.000000 0
772143 0.015630 1
772152 0.000000 0
772160 0.000000 0
772167 0.017460 1
772173 0.000000 0
772180 0.000000 0
772188 0.030500 1
772197 0.000000 0
772204 0.000000 0
772212 0.038070 1
772218 0.000000 0
772226 0.000000 0
772233 0.021390 1
772241 0.000000 0
772248 0.000000 0
772256 0.019530 1
772263 0.000000 0
772270 0.000000 0
772278 0.033830 1
772286 0.000000 0
772294 0.000000 0
772301 0.044530 1
772308 0.000000 0
772316 0.000000 0
772323 0.047840 1
772331 0.000000 0
772338 0.000000 0
772346 0.030990 1
772353 0.000000 0
772360 0.000000 0
772368 0.025600 1
772377 0.000000 0
772384 0.000000 0
772392 0.019130 1
772398 0.000000 0
772406 0.000000 0
772413 0.070530 1
772421 0.000000 0
772428 0.000000 0
772436 0.069980 1
772444 0.000000 0
772452 0.000000 0
772459 0.049090 1
772466 0.000000 0
772474 0.000000 0
772481 0.033370 1
772488 0.000000 0
772496 0.000000 0
772503 0.048780 1
772511 0.000000 0
772518 0.000000 0
772526 0.074620 1
772533 0.000000 0
772540 0.000000 0
772548 0.074530 1
772557 0.000000 0
772564 0.000000 0
772572 0.055100 1
772578 0.000000 0
772586 0.000000 0
772593 0.022770 1
772601 0.000000 0
772608 0.000000 0
772616 0.018310 1
772623 0.000000 0
772630 0.000000 0
772638 0.029220 1
772646 0.000000 0
772654 0.000000 0
772661 0.047350 1
772668 0.000000 0
772676 0.000000 0
772683 0.047990 1
772691 0.000000 0
772698 0.000000 0
772706 0.042790 1
772713 0.000000 0
772720 0.000000 0
772728 0.027890 1
772736 0.000000 0
772744 0.000000 0
772751 0.047030 1
772758 0.000000 0
772766 0.000000 0
772773 0.048310 1
772781 0.000000 0
772788 0.000000 0
772796 0.033140 1
772803 0.000000 0
772810 0.000000 0
772818 0.029740 1
772826 0.000000 0
772834 0.000000 0
772841 0.024700 1
772848 0.000000 0
772856 0.000000 0
772863 0.030000 1
772871 0.000000 0
772878 0.000000 0
772886 0.057940 1
772895 0.000000 0
772902 0.000000 0
772910 0.058850 1
772917 0.000000 0
772924 0.000000 0
772932 0.044530 1
772940 0.000000 0
772948 0.000000 0
772955 0.035370 1
772961 0.000000 0
772968 0.000000 0
772976 0.045210 1
772983 0.000000 0
772990 0.000000 0
772998 0.075940 1
773006 0.000000 0
773014 0.000000 0
773021 0.070850 1
773028 0.000000 0
773036 0.000000 0
773043 0.055650 1
773051 0.000000 0
773058 0.000000 0
773066 0.037260 1
773073 0.000000 0
773080 0.000000 0
773088 0.028960 1
773096 0.000000 0
773104 0.000000 0
773111 0.040770 1
773118 0.000000 0
773126 0.000000 0
773133 0.042070 1
773141 0.000000 0
773148 0.000000 0
773156 0.041700 1
773163 0.000000 0
773170 0.000000 0
773178 0.035160 1
773186 0.000000 0
773194 0.000000 0
773201 0.028700 1
773209 0.000000 0
773216 0.000000 0
773224 0.060500 1
773231 0.000000 0
773238 0.000000 0
773246 0.056600 1
773255 0.000000 0
773262 0.000000 0
773270 0.053560 1
773276 0.000000 0
773284 0.000000 0
773291 0.038070 1
773300 0.000000 0
773308 0.000000 0
773315 0.029740 1
773321 0.000000 0
773328 0.000000 0
773336 0.015120 1
773345 0.000000 0
773352 0.000000 0
773360 0.048940 1
773366 0.000000 0
773374 0.000000 0
773381 0.053830 1
773390 0.000000 0
773398 0.000000 0
773405 0.047030 1
773411 0.000000 0
773418 0.000000 0
773426 0.032440 1
773435 0.000000 0
773442 0.000000 0
773450 0.048780 1
773456 0.000000 0
773464 0.000000 0
773471 0.083770 1
773480 0.000000 0
773488 0.000000 0
773495 0.071810 1
773501 0.000000 0
773508 0.000000 0
773516 0.047200 1
773525 0.000000 0
773532 0.000000 0
773540 0.029740 1
773546 0.000000 0
773554 0.000000 0
773561 0.023760 1
773570 0.000000 0
773578 0.000000 0
773585 0.030500 1
773591 0.000000 0
773598 0.000000 0
773606 0.037870 1
773614 0.000000 0
773622 0.000000 0
773629 0.037660 1
773636 0.000000 0
773644 0.000000 0
773651 0.028960 1
773659 0.000000 0
773666 0.000000 0
773674 0.025010 1
773681 0.000000 0
773688 0.000000 0
773696 0.067310 1
773704 0.000000 0
773712 0.000000 0
773719 0.067080 1
773726 0.000000 0
773734 0.000000 0
773741 0.054690 1
773749 0.000000 0
773756 0.000000 0
773764 0.027340 1
773771 0.000000 0
773778 0.000000 0
773786 0.019130 1
773794 0.000000 0
773802 0.000000 0
773809 0.014600 1
773816 0.000000 0
773824 0.000000 0
773831 0.057130 1
773840 0.000000 0
773848 0.000000 0
773855 0.071060 1
773861 0.000000 0
773868 0.000000 0
773876 0.049260 1
773884 0.000000 0
773892 0.000000 0
773899 0.018310 1
773906 0.000000 0
773914 0.000000 0
773921 0.026780 1
773929 0.000000 0
773936 0.000000 0
773944 0.053270 1
773951 0.000000 0
773958 0.000000 0
773966 0.059100 1
773974 0.000000 0
773982 0.000000 0
773989 0.040210 1
773996 0.000000 0
774004 0.000000 0
774011 0.017010 1
774019 0.000000 0
774026 0.000000 0
774034 0.017460 1
774041 0.000000 0
774048 0.000000 0
774056 0.027890 1
774065 0.000000 0
774072 0.000000 0
774080 0.040590 1
774086 0.000000 0
774094 0.000000 0
774101 0.043140 1
774109 0.000000 0
774116 0.000000 0
774124 0.033140 1
774131 0.000000 0
774138 0.000000 0
774146 0.023100 1
774154 0.000000 0
774162 0.000000 0
774169 0.084320 1
774176 0.000000 0
774184 0.000000 0
774191 0.083860 1
774199 0.000000 0
774206 0.000000 0
774214 0.083410 1
774221 0.000000 0
774228 0.000000 0
774236 0.044710 1
774244 0.000000 0
774252 0.000000 0
774259 0.030500 1
774266 0.000000 0
774274 0.000000 0
774281 0.027620 1
774289 0.000000 0
774296 0.000000 0
774304 0.032910 1
774311 0.000000 0
774318 0.000000 0
774326 0.028170 1
774334 0.000000 0
774342 0.000000 0
774349 0.024700 1
774356 0.000000 0
774364 0.000000 0
774371 0.032910 1
774379 0.000000 0
774386 0.000000 0
774394 0.034710 1
774401 0.000000 0
774408 0.000000 0
774416 0.052840 1
774424 0.000000 0
774432 0.000000 0
774439 0.060140 1
774446 0.000000 0
774454 0.000000 0
774461 0.046050 1
774469 0.000000 0
774476 0.000000 0
774484 0.023440 1
774491 0.000000 0
774498 0.000000 0
774506 0.017010 1
774514 0.000000 0
774522 0.000000 0
774529 0.020660 1
774536 0.000000 0
774544 0.000000 0
774551 0.048630 1
774559 0.000000 0
774566 0.000000 0
774574 0.041890 1
774582 0.000000 0
774590 0.000000 0
774597 0.033140 1
774604 0.000000 0
774612 0.000000 0
774619 0.022100 1
774627 0.000000 0
774634 0.000000 0
774642 0.079850 1
774649 0.000000 0
774656 0.000000 0
774664 0.075440 1
774672 0.000000 0
774680 0.000000 0
774687 0.067870 1
774694 0.000000 0
774702 0.000000 0
774709 0.029740 1
774718 0.000000 0
774726 0.000000 0
774733 0.021030 1
774739 0.000000 0
774746 0.000000 0
774754 0.020290 1
774762 0.000000 0
774770 0.000000 0
774777 0.069870 1
774784 0.000000 0
774792 0.000000 0
774799 0.077930 1
774806 0.000000 0
774814 0.000000 0
774821 0.036640 1
774829 0.000000 0
774836 0.000000 0
774844 0.033140 1
774852 0.000000 0
774860 0.000000 0
774867 0.042600 1
774874 0.000000 0
774882 0.000000 0
774889 0.058980 1
774897 0.000000 0
774904 0.000000 0
774912 0.064530 1
774919 0.000000 0
774926 0.000000 0
774934 0.044880 1
774941 0.000000 0
774948 0.000000 0
774956 0.016570 1
774964 0.000000 0
774972 0.000000 0
774979 0.012950 1
774987 0.000000 0
774994 0.000000 0
775002 0.015120 1
775009 0.000000 0
775016 0.000000 0
775024 0.043670 1
775032 0.000000 0
775040 0.000000 0
775047 0.041340 1
775054 0.000000 0
775062 0.000000 0
775069 0.032440 1
775077 0.000000 0
775084 0.000000 0
775092 0.047030 1
775099 0.000000 0
775106 0.000000 0
775114 0.073380 1
775122 0.000000 0
775130 0.000000 0
775137 0.073490 1
775144 0.000000 0
775152 0.000000 0
775159 0.060760 1
775167 0.000000 0
775174 0.000000 0
775182 0.035370 1
775188 0.000000 0
775196 0.000000 0
775203 0.028700 1
775212 0.000000 0
775220 0.000000 0
775227 0.038070 1
775233 0.000000 0
775240 0.000000 0
775248 0.048780 1
775257 0.000000 0
775264 0.000000 0
775272 0.050170 1
775278 0.000000 0
775286 0.000000 0
775293 0.037460 1
775302 0.000000 0
775310 0.000000 0
775317 0.026780 1
775323 0.000000 0
775330 0.000000 0
775338 0.043140 1
775346 0.000000 0
775354 0.000000 0
775361 0.074110 1
775368 0.000000 0
775376 0.000000 0
775383 0.071270 1
775391 0.000000 0
775398 0.000000 0
775406 0.048160 1
775413 0.000000 0
775420 0.000000 0
775428 0.025600 1
775436 0.000000 0
775444 0.000000 0
775451 0.028170 1
775458 0.000000 0
775466 0.000000 0
775473 0.030000 1
775481 0.000000 0
775488 0.000000 0
775496 0.042250 1
775503 0.000000 0
775510 0.000000 0
775518 0.035580 1
775526 0.000000 0
775534 0.000000 0
775541 0.023440 1
775548 0.000000 0
775556 0.000000 0
775563 0.020660 1
775572 0.000000 0
775580 0.000000 0
775587 0.051960 1
775593 0.000000 0
775600 0.000000 0
775608 0.062970 1
775616 0.000000 0
775624 0.000000 0
775631 0.053270 1
775638 0.000000 0
775646 0.000000 0
775653 0.023100 1
775661 0.000000 0
775668 0.000000 0
775676 0.021390 1
775683 0.000000 0
775690 0.000000 0
775698 0.024080 1
775706 0.000000 0
775714 0.000000 0
775721 0.060140 1
775728 0.000000 0
775736 0.000000 0
775743 0.053560 1
775751 0.000000 0
775758 0.000000 0
775766 0.033600 1
775773 0.000000 0
775780 0.000000 0
775788 0.032440 1
775796 0.000000 0
775804 0.000000 0
775811 0.041890 1
775818 0.000000 0
775826 0.000000 0
775833 0.068770 1
775841 0.000000 0
775848 0.000000 0
775856 0.067310 1
775863 0.000000 0
775870 0.000000 0
775878 0.046540 1
775886 0.000000 0
775894 0.000000 0
775901 0.019910 1
775908 0.000000 0
775916 0.000000 0
775923 0.027340 1
775931 0.000000 0
775938 0.000000 0
775946 0.027050 1
775953 0.000000 0
775960 0.000000 0
775968 0.035580 1
775976 0.000000 0
775984 0.000000 0
775991 0.033140 1
775998 0.000000 0
776006 0.000000 0
776013 0.032910 1
776021 0.000000 0
776028 0.000000 0
776036 0.016100 1
776043 0.000000 0
776050 0.000000 0
776058 0.063710 1
776066 0.000000 0
776074 0.000000 0
776081 0.065000 1
776088 0.000000 0
776096 0.000000 0
776103 0.058060 1
776111 0.000000 0
776118 0.000000 0
776126 0.027890 1
776133 0.000000 0
776140 0.000000 0
776148 0.029480 1
776156 0.000000 0
776164 0.000000 0
776171 0.031480 1
776179 0.000000 0
776186 0.000000 0
776194 0.062500 1
776201 0.000000 0
776208 0.000000 0
776216 0.057940 1
776225 0.000000 0
776232 0.000000 0
776240 0.036010 1
776246 0.000000 0
776254 0.000000 0
776261 0.020660 1
776270 0.000000 0
776278 0.000000 0
776285 0.033370 1
776291 0.000000 0
776298 0.000000 0
776306 0.059620 1
776315 0.000000 0
776322 0.000000 0
776330 0.064530 1
776336 0.000000 0
776344 0.000000 0
776351 0.039830 1
776360 0.000000 0
776368 0.000000 0
776375 0.015120 1
776381 0.000000 0
776388 0.000000 0
776396 0.013520 1
776405 0.000000 0
776412 0.000000 0
776420 0.034930 1
776426 0.000000 0
776434 0.000000 0
776441 0.056340 1
776450 0.000000 0
776458 0.000000 0
776465 0.047840 1
776471 0.000000 0
776478 0.000000 0
776486 0.033370 1
776495 0.000000 0
776502 0.000000 0
776510 0.026780 1
776516 0.000000 0
776524 0.000000 0
776531 0.053270 1
776540 0.000000 0
776548 0.000000 0
776555 0.062360 1
776561 0.000000 0
776568 0.000000 0
776576 0.053270 1
776584 0.000000 0
776592 0.000000 0
776599 0.027050 1
776606 0.000000 0
776614 0.000000 0
776621 0.018310 1
776629 0.000000 0
776636 0.000000 0
776644 0.013520 1
776651 0.000000 0
776658 0.000000 0
776666 0.048780 1
776674 0.000000 0
776682 0.000000 0
776689 0.046540 1
776696 0.000000 0
776704 0.000000 0
776711 0.019130 1
776720 0.000000 0
776728 0.000000 0
776735 0.018720 1
776741 0.000000 0
776748 0.000000 0
776756 0.054400 1
776764 0.000000 0
776772 0.000000 0
776779 0.078710 1
776786 0.000000 0
776794 0.000000 0
776801 0.075750 1
776809 0.000000 0
776816 0.000000 0
776824 0.048160 1
776831 0.000000 0
776838 0.000000 0
776846 0.035580 1
776854 0.000000 0
776862 0.000000 0
776869 0.031250 1
776876 0.000000 0
776884 0.000000 0
776891 0.034490 1
776899 0.000000 0
776906 0.000000 0
776914 0.058850 1
776921 0.000000 0
776928 0.000000 0
776936 0.049090 1
776944 0.000000 0
776952 0.000000 0
776959 0.033830 1
776966 0.000000 0
776974 0.000000 0
776981 0.027050 1
776989 0.000000 0
776996 0.000000 0
777004 0.062360 1
777011 0.000000 0
777018 0.000000 0
777026 0.070190 1
777034 0.000000 0
777042 0.000000 0
777049 0.065710 1
777056 0.000000 0
777064 0.000000 0
777071 0.035160 1
777079 0.000000 0
777086 0.000000 0
777094 0.028430 1
777101 0.000000 0
777108 0.000000 0
777116 0.042250 1
777124 0.000000 0
777132 0.000000 0
777139 0.062610 1
777146 0.000000 0
777154 0.000000 0
777161 0.055790 1
777169 0.000000 0
777176 0.000000 0
777184 0.045040 1
777191 0.000000 0
777198 0.000000 0
777206 0.050480 1
777214 0.000000 0
777222 0.000000 0
777229 0.046370 1
777237 0.000000 0
777244 0.000000 0
777252 0.066290 1
777259 0.000000 0
777266 0.000000 0
777274 0.065130 1
777282 0.000000 0
777290 0.000000 0
777297 0.040410 1
777304 0.000000 0
777312 0.000000 0
777319 0.022430 1
777327 0.000000 0
777334 0.000000 0
777342 0.020660 1
777349 0.000000 0
777356 0.000000 0
777364 0.028170 1
777372 0.000000 0
777380 0.000000 0
777387 0.041150 1
777394 0.000000 0
777402 0.000000 0
777409 0.031720 1
777417 0.000000 0
777424 0.000000 0
777432 0.023100 1
777439 0.000000 0
777446 0.000000 0
777454 0.019910 1
777463 0.000000 0
777470 0.000000 0
777478 0.070950 1
777484 0.000000 0
777492 0.000000 0
777499 0.071600 1
777508 0.000000 0
777516 0.000000 0
777523 0.064530 1
777529 0.000000 0
777536 0.000000 0
777544 0.037260 1
777553 0.000000 0
777560 0.000000 0
777568 0.024700 1
777574 0.000000 0
777582 0.000000 0
777589 0.018310 1
777598 0.000000 0
777606 0.000000 0
777613 0.053560 1
777619 0.000000 0
777626 0.000000 0
777634 0.052260 1
777643 0.000000 0
777650 0.000000 0
777658 0.036010 1
777665 0.000000 0
777672 0.000000 0
777680 0.033600 1
777687 0.000000 0
777694 0.000000 0
777702 0.044190 1
777709 0.000000 0
777716 0.000000 0
777724 0.070740 1
777732 0.000000 0
777740 0.000000 0
777747 0.071060 1
777755 0.000000 0
777762 0.000000 0
777770 0.043490 1
777776 0.000000 0
777784 0.000000 0
777791 0.031250 1
777798 0.000000 0
777806 0.000000 0
777813 0.019530 1
777822 0.000000 0
777830 0.000000 0
777837 0.041150 1
777843 0.000000 0
777850 0.000000 0
777858 0.060260 1
777866 0.000000 0
777874 0.000000 0
777881 0.049260 1
777888 0.000000 0
777896 0.000000 0
777903 0.031720 1
777911 0.000000 0
777918 0.000000 0
777926 0.023760 1
777933 0.000000 0
777940 0.000000 0
777948 0.067080 1
777957 0.000000 0
777964 0.000000 0
777972 0.081830 1
777978 0.000000 0
777986 0.000000 0
777993 0.075440 1
778001 0.000000 0
778008 0.000000 0
778016 0.062120 1
778023 0.000000 0
778030 0.000000 0
778038 0.035370 1
778046 0.000000 0
778054 0.000000 0
778061 0.028170 1
778068 0.000000 0
778076 0.000000 0
778083 0.051510 1
778092 0.000000 0
778100 0.000000 0
778107 0.049090 1
778113 0.000000 0
778120 0.000000 0
778128 0.034040 1
778137 0.000000 0
778144 0.000000 0
778152 0.037050 1
778158 0.000000 0
778166 0.000000 0
778173 0.041700 1
778181 0.000000 0
778188 0.000000 0
778196 0.058850 1
778203 0.000000 0
778210 0.000000 0
778218 0.059360 1
778226 0.000000 0
778234 0.000000 0
778241 0.038670 1
778248 0.000000 0
778256 0.000000 0
778263 0.025910 1
778272 0.000000 0
778280 0.000000 0
778287 0.015120 1
778294 0.000000 0
778302 0.000000 0
778309 0.036010 1
778317 0.000000 0
778324 0.000000 0
778332 0.054540 1
778338 0.000000 0
778346 0.000000 0
778353 0.053970 1
778362 0.000000 0
778370 0.000000 0
778377 0.018720 1
778384 0.000000 0
778392 0.000000 0
778399 0.012340 1
778407 0.000000 0
778414 0.000000 0
778422 0.049710 1
778429 0.000000 0
778436 0.000000 0
778444 0.053270 1
778452 0.000000 0
778460 0.000000 0
778467 0.044360 1
778473 0.000000 0
778480 0.000000 0
778488 0.020290 1
778496 0.000000 0
778504 0.000000 0
778511 0.021390 1
778518 0.000000 0
778526 0.000000 0
778533 0.019910 1
778541 0.000000 0
778548 0.000000 0
778556 0.067430 1
778563 0.000000 0
778570 0.000000 0
778578 0.074830 1
778586 0.000000 0
778594 0.000000 0
778601 0.058200 1
778608 0.000000 0
778616 0.000000 0
778623 0.023760 1
778631 0.000000 0
778638 0.000000 0
778646 0.038860 1
778653 0.000000 0
778660 0.000000 0
778668 0.065710 1
778676 0.000000 0
778684 0.000000 0
778691 0.060500 1
778698 0.000000 0
778706 0.000000 0
778713 0.036220 1
778721 0.000000 0
778728 0.000000 0
778736 0.024380 1
778743 0.000000 0
778750 0.000000 0
778758 0.030990 1
778766 0.000000 0
778774 0.000000 0
778781 0.046370 1
778789 0.000000 0
778796 0.000000 0
778804 0.057400 1
778811 0.000000 0
778818 0.000000 0
778826 0.056730 1
778833 0.000000 0
778840 0.000000 0
778848 0.025910 1
778856 0.000000 0
778864 0.000000 0
778871 0.030500 1
778878 0.000000 0
778886 0.000000 0
778893 0.046710 1
778901 0.000000 0
778908 0.000000 0
778916 0.049260 1
778923 0.000000 0
778930 0.000000 0
778938 0.030500 1
778946 0.000000 0
778954 0.000000 0
778961 0.014080 1
778968 0.000000 0
778976 0.000000 0
778983 0.018310 1
778992 0.000000 0
779000 0.000000 0
779007 0.020290 1
779014 0.000000 0
779022 0.000000 0
779029 0.052400 1
779037 0.000000 0
779044 0.000000 0
779052 0.066290 1
779060 0.000000 0
779068 0.000000 0
779075 0.046710 1
779082 0.000000 0
779090 0.000000 0
779097 0.011720 1
779105 0.000000 0
779112 0.000000 0
779120 0.019530 1
779127 0.000000 0
779134 0.000000 0
779142 0.073590 1
779150 0.000000 0
779158 0.000000 0
779165 0.072240 1
779171 0.000000 0
779178 0.000000 0
779186 0.047030 1
779193 0.000000 0
779200 0.000000 0
779208 0.036420 1
779216 0.000000 0
779224 0.000000 0
779231 0.023440 1
779238 0.000000 0
779246 0.000000 0
779253 0.044360 1
779261 0.000000 0
779268 0.000000 0
779276 0.070950 1
779283 0.000000 0
779290 0.000000 0
779298 0.059100 1
779306 0.000000 0
779314 0.000000 0
779321 0.033140 1
779328 0.000000 0
779336 0.000000 0
779343 0.022770 1
779351 0.000000 0
779358 0.000000 0
779366 0.045550 1
779373 0.000000 0
779380 0.000000 0
779388 0.055920 1
779396 0.000000 0
779404 0.000000 0
779411 0.047990 1
779420 0.000000 0
779428 0.000000 0
779435 0.026780 1
779441 0.000000 0
779448 0.000000 0
779456 0.021390 1
779464 0.000000 0
779472 0.000000 0
779479 0.019910 1
779486 0.000000 0
779494 0.000000 0
779501 0.061750 1
779509 0.000000 0
779516 0.000000 0
779524 0.069320 1
779531 0.000000 0
779538 0.000000 0
779546 0.053270 1
779555 0.000000 0
779562 0.000000 0
779570 0.027890 1
779576 0.000000 0
779584 0.000000 0
779591 0.029480 1
779600 0.000000 0
779608 0.000000 0
779615 0.083130 1
779621 0.000000 0
779628 0.000000 0
779636 0.080050 1
779645 0.000000 0
779652 0.000000 0
779660 0.046220 1
779666 0.000000 0
779674 0.000000 0
779681 0.027620 1
779689 0.000000 0
779696 0.000000 0
779704 0.022100 1
779711 0.000000 0
779718 0.000000 0
779726 0.037870 1
779734 0.000000 0
779742 0.000000 0
779749 0.069320 1
779756 0.000000 0
779764 0.000000 0
779771 0.060500 1
779779 0.000000 0
779786 0.000000 0
779794 0.032670 1
779801 0.000000 0
779808 0.000000 0
779816 0.020290 1
779824 0.000000 0
779832 0.000000 0
779839 0.045880 1
779846 0.000000 0
779854 0.000000 0
779861 0.060640 1
779869 0.000000 0
779876 0.000000 0
779884 0.054830 1
779891 0.000000 0
779898 0.000000 0
779906 0.030500 1
779914 0.000000 0
779922 0.000000 0
779929 0.022100 1
779936 0.000000 0
779944 0.000000 0
779951 0.023440 1
779959 0.000000 0
779966 0.000000 0
779974 0.058060 1
779981 0.000000 0
779988 0.000000 0
779996 0.075440 1
780004 0.000000 0
780012 0.000000 0
780019 0.053270 1
780026 0.000000 0
780034 0.000000 0
780041 0.026200 1
780049 0.000000 0
780056 0.000000 0
780064 0.028170 1
780071 0.000000 0
780078 0.000000 0
780086 0.068990 1
780094 0.000000 0
780102 0.000000 0
780109 0.065350 1
780116 0.000000 0
780124 0.000000 0
780131 0.042790 1
780139 0.000000 0
780146 0.000000 0
780154 0.036420 1
780161 0.000000 0
780168 0.000000 0
780176 0.035580 1
780184 0.000000 0
780192 0.000000 0
780199 0.040590 1
780206 0.000000 0
780214 0.000000 0
780221 0.051220 1
780229 0.000000 0
780236 0.000000 0
780244 0.048630 1
780251 0.000000 0
780258 0.000000 0
780266 0.031250 1
780274 0.000000 0
780282 0.000000 0
780289 0.034040 1
780296 0.000000 0
780304 0.000000 0
780311 0.046880 1
780319 0.000000 0
780326 0.000000 0
780334 0.051670 1
780341 0.000000 0
780348 0.000000 0
780356 0.033370 1
780364 0.000000 0
780372 0.000000 0
780379 0.025310 1
780386 0.000000 0
780394 0.000000 0
780401 0.028960 1
780409 0.000000 0
780416 0.000000 0
780424 0.019130 1
780431 0.000000 0
780438 0.000000 0
780446 0.052980 1
780454 0.000000 0
780462 0.000000 0
780469 0.043320 1
780476 0.000000 0
780484 0.000000 0
780491 0.042600 1
780499 0.000000 0
780506 0.000000 0
780514 0.027340 1
780521 0.000000 0
780528 0.000000 0
780536 0.021030 1
780544 0.000000 0
780552 0.000000 0
780559 0.038470 1
780566 0.000000 0
780574 0.000000 0
780581 0.038470 1
780589 0.000000 0
780596 0.000000 0
780604 0.038670 1
780611 0.000000 0
780618 0.000000 0
780626 0.039830 1
780634 0.000000 0
780642 0.000000 0
780649 0.039060 1
780656 0.000000 0
780664 0.000000 0
780671 0.035370 1
780679 0.000000 0
780686 0.000000 0
780694 0.042970 1
780701 0.000000 0
780708 0.000000 0
780716 0.042420 1
780724 0.000000 0
780732 0.000000 0
780739 0.031480 1
780746 0.000000 0
780754 0.000000 0
780761 0.023440 1
780769 0.000000 0
780776 0.000000 0
780784 0.052550 1
780791 0.000000 0
780798 0.000000 0
780806 0.057400 1
780814 0.000000 0
780822 0.000000 0
780829 0.052550 1
780836 0.000000 0
780844 0.000000 0
780851 0.039250 1
780859 0.000000 0
780866 0.000000 0
780874 0.036010 1
780881 0.000000 0
780888 0.000000 0
780896 0.024080 1
780905 0.000000 0
780912 0.000000 0
780920 0.048460 1
780926 0.000000 0
780934 0.000000 0
780941 0.049870 1
780949 0.000000 0
780956 0.000000 0
780964 0.037460 1
780971 0.000000 0
780978 0.000000 0
780986 0.027620 1
780994 0.000000 0
781002 0.000000 0
781009 0.025010 1
781016 0.000000 0
781024 0.000000 0
781031 0.044190 1
781039 0.000000 0
781046 0.000000 0
781054 0.058850 1
781061 0.000000 0
781068 0.000000 0
781076 0.034490 1
781084 0.000000 0
781092 0.000000 0
781099 0.028430 1
781106 0.000000 0
781114 0.000000 0
781121 0.024700 1
781129 0.000000 0
781136 0.000000 0
781144 0.028170 1
781151 0.000000 0
781158 0.000000 0
781166 0.042070 1
781174 0.000000 0
781182 0.000000 0
781189 0.044710 1
781196 0.000000 0
781204 0.000000 0
781211 0.033830 1
781219 0.000000 0
781226 0.000000 0
781234 0.029480 1
781241 0.000000 0
781248 0.000000 0
781256 0.030240 1
781264 0.000000 0
781272 0.000000 0
781279 0.040020 1
781286 0.000000 0
781294 0.000000 0
781301 0.031720 1
781309 0.000000 0
781316 0.000000 0
781324 0.028700 1
781331 0.000000 0
781338 0.000000 0
781346 0.031970 1
781354 0.000000 0
781362 0.000000 0
781369 0.037050 1
781376 0.000000 0
781384 0.000000 0
781391 0.050020 1
781399 0.000000 0
781406 0.000000 0
781414 0.058980 1
781421 0.000000 0
781428 0.000000 0
781436 0.043840 1
781444 0.000000 0
781452 0.000000 0
781459 0.030750 1
781466 0.000000 0
781474 0.000000 0
781481 0.022770 1
781489 0.000000 0
781496 0.000000 0
781504 0.005520 1
781511 0.000000 0
781518 0.000000 0
781526 0.000000 0
781535 0.000000 0
781542 0.000000 0
781550 0.003910 0
781556 0.000000 0
781564 0.000000 0
781571 0.008730 0
781579 0.000000 0
781586 0.000000 0
781594 0.006760 0
781601 0.000000 0
781608 0.000000 0
781616 0.011050 0
781624 0.000000 0
781632 0.000000 0
781639 0.012340 0
781646 0.000000 0
781654 0.000000 0
781661 0.014080 0
781669 0.000000 0
781676 0.000000 0
781684 0.019130 0
781693 0.000000 0
781700 0.000000 0
781708 0.007810 0
781714 0.000000 0
781722 0.000000 0
781729 0.011050 0
781737 0.000000 0
781744 0.000000 0
781752 0.010330 0
781759 0.000000 0
781766 0.000000 0
781774 0.012950 0
781783 0.000000 0
781790 0.000000 0
781798 0.006760 0
781804 0.000000 0
781812 0.000000 0
781819 0.010330 0
781828 0.000000 0
781836 0.000000 0
781843 0.000000 0
781849 0.000000 0
781856 0.000000 0
781864 0.000000 0
781873 0.000000 0
781880 0.000000 0
781888 0.000000 0
781894 0.000000 0
781902 0.000000 0
781909 0.000000 0
781916 0.000000 0
781924 0.000000 0
781931 0.000000 0
781939 0.000000 0
781946 0.000000 0
781954 0.095280 0
781962 0.000000 0
781970 0.000000 0
781977 0.404940 0
781984 0.000000 0
781992 0.000000 0
781999 0.298050 0
782006 0.000000 0
782014 0.000000 0
782021 0.105030 0
782029 0.000000 0
782036 0.000000 0
782044 0.133730 0
782052 0.000000 0
782060 0.000000 0
782067 0.103560 0
782074 0.000000 0
782082 0.000000 0
782089 0.033140 0
782097 0.000000 0
782104 0.000000 0
782112 0.015630 0
782119 0.000000 0
782126 0.000000 0
782134 0.008730 0
782141 0.000000 0
782148 0.000000 0
782156 0.011050 0
782164 0.000000 0
782172 0.000000 0
782179 0.037460 0
782186 0.000000 0
782194 0.000000 0
782201 0.048310 0
782208 0.000000 0
782216 0.000000 0
782223 0.036640 0
782231 0.000000 0
782238 0.000000 0
782246 0.031480 0
782253 0.000000 0
782260 0.000000 0
782268 0.044880 0
782277 0.000000 0
782284 0.000000 0
782292 0.033370 0
782298 0.000000 0
782306 0.000000 0
782313 0.016100 0
782321 0.000000 0
782328 0.000000 0
782336 0.012950 0
782344 0.000000 0
782352 0.000000 0
782359 0.030990 0
782367 0.000000 0
782374 0.000000 0
782382 0.040410 0
782389 0.000000 0
782396 0.000000 0
782404 0.062000 0
782411 0.000000 0
782418 0.000000 0
782426 0.036850 0
782433 0.000000 0
782440 0.000000 0
782448 0.233230 0
782457 0.000000 0
782464 0.000000 0
782472 0.155610 0
782478 0.000000 0
782486 0.000000 0
782493 0.048940 0
782501 0.000000 0
782508 0.000000 0
782516 0.100720 0
782523 0.000000 0
782530 0.000000 0
782538 0.070080 0
782547 0.000000 0
782554 0.000000 0
782562 0.025010 0
782568 0.000000 0
782576 0.000000 0
782583 0.008730 0
782592 0.000000 0
782600 0.000000 0
782607 0.008730 0
782613 0.000000 0
782620 0.000000 0
782628 0.006760 0
782636 0.000000 0
782644 0.000000 0
782651 0.019530 0
782659 0.000000 0
782666 0.000000 0
782674 0.017460 0
782681 0.000000 0
782688 0.000000 0
782696 0.038860 0
782704 0.000000 0
782712 0.000000 0
782719 0.052260 0
782726 0.000000 0
782734 0.000000 0
782741 0.066740 0
782748 0.000000 0
782756 0.000000 0
782763 0.075640 0
782771 0.000000 0
782778 0.000000 0
782786 0.055920 0
782794 0.000000 0
782802 0.000000 0
782809 0.078310 0
782816 0.000000 0
782824 0.000000 0
782831 0.087510 0
782839 0.000000 0
782846 0.000000 0
782854 0.047840 0
782861 0.000000 0
782868 0.000000 0
782876 0.044710 0
782884 0.000000 0
782892 0.000000 0
782899 0.036420 0
782907 0.000000 0
782914 0.000000 0
782922 0.210710 0
782929 0.000000 0
782936 0.000000 0
782944 0.145270 0
782951 0.000000 0
782958 0.000000 0
782966 0.041520 0
782974 0.000000 0
782982 0.000000 0
782989 0.082670 0
782996 0.000000 0
783004 0.000000 0
783011 0.076940 0
783019 0.000000 0
783026 0.000000 0
783034 0.030000 0
783042 0.000000 0
783050 0.000000 0
783057 0.008730 0
783063 0.000000 0
783070 0.000000 0
783078 0.009570 0
783086 0.000000 0
783094 0.000000 0
783101 0.017010 0
783108 0.000000 0
783116 0.000000 0
783123 0.046220 0
783131 0.000000 0
783138 0.000000 0
783146 0.034490 0
783153 0.000000 0
783160 0.000000 0
783168 0.050480 0
783176 0.000000 0
783184 0.000000 0
783191 0.021030 0
783198 0.000000 0
783206 0.000000 0
783213 0.062360 0
783221 0.000000 0
783228 0.000000 0
783236 0.049710 0
783243 0.000000 0
783250 0.000000 0
783258 0.052550 0
783266 0.000000 0
783274 0.000000 0
783281 0.055240 0
783288 0.000000 0
783296 0.000000 0
783303 0.039440 0
783311 0.000000 0
783318 0.000000 0
783326 0.042970 0
783334 0.000000 0
783342 0.000000 0
783349 0.033600 0
783356 0.000000 0
783364 0.000000 0
783371 0.060640 0
783379 0.000000 0
783386 0.000000 0
783394 0.247490 0
783401 0.000000 0
783408 0.000000 0
783416 0.165030 0
783424 0.000000 0
783432 0.000000 0
783439 0.046370 0
783446 0.000000 0
783454 0.000000 0
783461 0.142140 0
783470 0.000000 0
783478 0.000000 0
783485 0.099050 0
783491 0.000000 0
783498 0.000000 0
783506 0.032440 0
783513 0.000000 0
783520 0.000000 0
783528 0.015120 0
783536 0.000000 0
783544 0.000000 0
783551 0.017010 0
783558 0.000000 0
783566 0.000000 0
783573 0.017900 0
783581 0.000000 0
783588 0.000000 0
783596 0.020660 0
783604 0.000000 0
783612 0.000000 0
783619 0.018720 0
783626 0.000000 0
783634 0.000000 0
783641 0.028170 0
783650 0.000000 0
783658 0.000000 0
783665 0.014600 0
783671 0.000000 0
783678 0.000000 0
783686 0.063220 0
783694 0.000000 0
783702 0.000000 0
783709 0.055920 0
783716 0.000000 0
783724 0.000000 0
783731 0.021390 0
783739 0.000000 0
783746 0.000000 0
783754 0.051380 0
783761 0.000000 0
783768 0.000000 0
783776 0.040410 0
783785 0.000000 0
783792 0.000000 0
783800 0.031250 0
783806 0.000000 0
783814 0.000000 0
783821 0.067200 0
783830 0.000000 0
783838 0.000000 0
783845 0.089490 0
783851 0.000000 0
783858 0.000000 0
783866 0.258990 0
783874 0.000000 0
783882 0.000000 0
783889 0.177110 0
783896 0.000000 0
783904 0.000000 0
783911 0.056340 0
783920 0.000000 0
783928 0.000000 0
783935 0.083040 0
783941 0.000000 0
783948 0.000000 0
783956 0.072450 0
783964 0.000000 0
783972 0.000000 0
783979 0.029740 0
783986 0.000000 0
783994 0.000000 0
784001 0.014600 0
784010 0.000000 0
784018 0.000000 0
784025 0.011720 0
784031 0.000000 0
784038 0.000000 0
784046 0.018720 0
784054 0.000000 0
784062 0.000000 0
784069 0.061010 0
784076 0.000000 0
784084 0.000000 0
784091 0.022770 0
784099 0.000000 0
784106 0.000000 0
784114 0.055650 0
784121 0.000000 0
784128 0.000000 0
784136 0.040410 0
784144 0.000000 0
784152 0.000000 0
784159 0.060500 0
784166 0.000000 0
784174 0.000000 0
784181 0.051380 0
784189 0.000000 0
784196 0.000000 0
784204 0.017460 0
784211 0.000000 0
784218 0.000000 0
784226 0.034270 0
784234 0.000000 0
784242 0.000000 0
784249 0.037050 0
784256 0.000000 0
784264 0.000000 0
784271 0.032440 0
784279 0.000000 0
784286 0.000000 0
784294 0.060760 0
784301 0.000000 0
784308 0.000000 0
784316 0.078600 0
784324 0.000000 0
784332 0.000000 0
784339 0.227940 0
784346 0.000000 0
784354 0.000000 0
784361 0.157170 0
784369 0.000000 0
784376 0.000000 0
784384 0.040210 0
784391 0.000000 0
784398 0.000000 0
784406 0.103270 0
784414 0.000000 0
784422 0.000000 0
784429 0.070950 0
784436 0.000000 0
784444 0.000000 0
784451 0.019910 0
784459 0.000000 0
784466 0.000000 0
784474 0.021390 0
784481 0.000000 0
784488 0.000000 0
784496 0.026200 0
784504 0.000000 0
784512 0.000000 0
784519 0.011050 0
784526 0.000000 0
784534 0.000000 0
784541 0.019130 0
784550 0.000000 0
784558 0.000000 0
784565 0.011050 0
784571 0.000000 0
784578 0.000000 0
784586 0.027340 0
784594 0.000000 0
784602 0.000000 0
784609 0.033830 0
784616 0.000000 0
784624 0.000000 0
784631 0.046370 0
784640 0.000000 0
784648 0.000000 0
784655 0.067660 0
784662 0.000000 0
784670 0.000000 0
784677 0.063710 0
784684 0.000000 0
784692 0.000000 0
784699 0.048460 0
784707 0.000000 0
784714 0.000000 0
784722 0.039060 0
784729 0.000000 0
784736 0.000000 0
784744 0.045720 0
784752 0.000000 0
784760 0.000000 0
784767 0.067310 0
784774 0.000000 0
784782 0.000000 0
784789 0.078020 0
784797 0.000000 0
784804 0.000000 0
784812 0.207350 0
784819 0.000000 0
784826 0.000000 0
784834 0.139860 0
784842 0.000000 0
784850 0.000000 0
784857 0.036850 0
784864 0.000000 0
784872 0.000000 0
784879 0.075440 0
784887 0.000000 0
784894 0.000000 0
784902 0.063940 0
784909 0.000000 0
784916 0.000000 0
784924 0.023760 0
784932 0.000000 0
784940 0.000000 0
784947 0.016570 0
784954 0.000000 0
784962 0.000000 0
784969 0.008730 0
784977 0.000000 0
784984 0.000000 0
784992 0.014080 0
784999 0.000000 0
785006 0.000000 0
785014 0.033140 0
785021 0.000000 0
785028 0.000000 0
785036 0.025310 0
785044 0.000000 0
785052 0.000000 0
785059 0.037260 0
785066 0.000000 0
785074 0.000000 0
785081 0.037460 0
785089 0.000000 0
785096 0.000000 0
785104 0.048780 0
785113 0.000000 0
785120 0.000000 0
785128 0.043840 0
785134 0.000000 0
785142 0.000000 0
785149 0.016570 0
785158 0.000000 0
785166 0.000000 0
785173 0.052840 0
785179 0.000000 0
785186 0.000000 0
785194 0.053270 0
785203 0.000000 0
785210 0.000000 0
785218 0.060140 0
785225 0.000000 0
785232 0.000000 0
785240 0.054690 0
785246 0.000000 0
785254 0.000000 0
785261 0.088210 0
785269 0.000000 0
785276 0.000000 0
785284 0.226050 0
785292 0.000000 0
785300 0.000000 0
785307 0.156880 0
785313 0.000000 0
785320 0.000000 0
785328 0.041340 0
785336 0.000000 0
785344 0.000000 0
785351 0.098270 0
785358 0.000000 0
785366 0.000000 0
785373 0.067870 0
785381 0.000000 0
785388 0.000000 0
785396 0.022430 0
785403 0.000000 0
785410 0.000000 0
785418 0.018310 0
785426 0.000000 0
785434 0.000000 0
785441 0.015120 0
785448 0.000000 0
785456 0.000000 0
785463 0.011050 0
785471 0.000000 0
785478 0.000000 0
785486 0.044710 0
785493 0.000000 0
785500 0.000000 0
785508 0.037050 0
785517 0.000000 0
785524 0.000000 0
785532 0.120330 0
785538 0.000000 0
785546 0.000000 0
785553 0.066510 0
785561 0.000000 0
785568 0.000000 0
785576 0.052110 0
785583 0.000000 0
785590 0.000000 0
785598 0.086020 0
785606 0.000000 0
785614 0.000000 0
785621 0.059620 0
785628 0.000000 0
785636 0.000000 0
785643 0.025010 0
785651 0.000000 0
785658 0.000000 0
785666 0.018720 0
785673 0.000000 0
785680 0.000000 0
785688 0.036640 0
785696 0.000000 0
785704 0.000000 0
785711 0.026780 0
785718 0.000000 0
785726 0.000000 0
785733 0.053410 0
785741 0.000000 0
785748 0.000000 0
785756 0.155060 0
785763 0.000000 0
785770 0.000000 0
785778 0.111100 0
785787 0.000000 0
785794 0.000000 0
785802 0.019910 0
785808 0.000000 0
785816 0.000000 0
785823 0.065710 0
785831 0.000000 0
785838 0.000000 0
785846 0.053410 0
785853 0.000000 0
785860 0.000000 0
785868 0.021030 0
785876 0.000000 0
785884 0.000000 0
785891 0.013520 0
785898 0.000000 0
785906 0.000000 0
785913 0.007810 0
785921 0.000000 0
785928 0.000000 0
785936 0.015120 0
785943 0.000000 0
785950 0.000000 0
785958 0.017900 0
785966 0.000000 0
785974 0.000000 0
785981 0.019130 0
785989 0.000000 0
785996 0.000000 0
786004 0.039640 0
786011 0.000000 0
786018 0.000000 0
786026 0.052260 0
786034 0.000000 0
786042 0.000000 0
786049 0.070080 0
786056 0.000000 0
786064 0.000000 0
786071 0.067660 0
786079 0.000000 0
786086 0.000000 0
786094 0.037050 0
786101 0.000000 0
786108 0.000000 0
786116 0.046880 0
786123 0.000000 0
786130 0.000000 0
786138 0.040960 0
786146 0.000000 0
786154 0.000000 0
786161 0.041890 0
786169 0.000000 0
786176 0.000000 0
786184 0.061880 0
786192 0.000000 0
786200 0.000000 0
786207 0.100800 0
786214 0.000000 0
786222 0.000000 0
786229 0.244510 0
786237 0.000000 0
786244 0.000000 0
786252 0.172720 0
786259 0.000000 0
786266 0.000000 0
786274 0.051510 0
786282 0.000000 0
786290 0.000000 0
786297 0.105820 0
786303 0.000000 0
786310 0.000000 0
786318 0.063460 0
786327 0.000000 0
786334 0.000000 0
786342 0.022430 0
786348 0.000000 0
786356 0.000000 0
786363 0.016100 0
786371 0.000000 0
786378 0.000000 0
786386 0.012950 0
786393 0.000000 0
786400 0.000000 0
786408 0.027620 0
786416 0.000000 0
786424 0.000000 0
786431 0.024080 0
786438 0.000000 0
786446 0.000000 0
786453 0.054260 0
786462 0.000000 0
786470 0.000000 0
786477 0.059750 0
786483 0.000000 0
786490 0.000000 0
786498 0.054120 0
786507 0.000000 0
786514 0.000000 0
786522 0.055510 0
786529 0.000000 0
786536 0.000000 0
786544 0.050020 0
786551 0.000000 0
786558 0.000000 0
786566 0.023100 0
786574 0.000000 0
786582 0.000000 0
786589 0.040020 0
786597 0.000000 0
786604 0.000000 0
786612 0.052400 0
786619 0.000000 0
786626 0.000000 0
786634 0.102830 0
786642 0.000000 0
786650 0.000000 0
786657 0.092010 0
786664 0.000000 0
786672 0.000000 0
786679 0.076230 0
786688 0.000000 0
786696 0.000000 0
786703 0.191960 0
786709 0.000000 0
786716 0.000000 0
786724 0.136870 0
786733 0.000000 0
786740 0.000000 0
786748 0.038270 0
786754 0.000000 0
786762 0.000000 0
786769 0.073180 0
786776 0.000000 0
786784 0.000000 0
786791 0.058200 0
786799 0.000000 0
786806 0.000000 0
786814 0.022770 0
786822 0.000000 0
786830 0.000000 0
786837 0.010330 0
786843 0.000000 0
786850 0.000000 0
786858 0.016100 0
786866 0.000000 0
786874 0.000000 0
786881 0.016570 0
786890 0.000000 0
786898 0.000000 0
786905 0.019910 0
786911 0.000000 0
786918 0.000000 0
786926 0.026780 0
786935 0.000000 0
786942 0.000000 0
786950 0.046880 0
786956 0.000000 0
786964 0.000000 0
786971 0.046370 0
786980 0.000000 0
786988 0.000000 0
786995 0.046370 0
787001 0.000000 0
787008 0.000000 0
787016 0.081180 0
787023 0.000000 0
787030 0.000000 0
787038 0.013520 0
787047 0.000000 0
787054 0.000000 0
787062 0.022770 0
787070 0.000000 0
787078 0.000000 0
787085 0.030000 0
787092 0.000000 0
787100 0.000000 0
787107 0.041520 0
787115 0.000000 0
787122 0.000000 0
787130 0.062610 0
787137 0.000000 0
787144 0.000000 0
787152 0.126880 0
787160 0.000000 0
787168 0.000000 0
787175 0.235420 0
787182 0.000000 0
787190 0.000000 0
787197 0.167790 0
787205 0.000000 0
787212 0.000000 0
787220 0.047030 0
787226 0.000000 0
787234 0.000000 0
787241 0.082950 0
787248 0.000000 0
787256 0.000000 0
787263 0.060000 0
787271 0.000000 0
787278 0.000000 0
787286 0.030750 0
787293 0.000000 0
787300 0.000000 0
787308 0.014600 0
787316 0.000000 0
787324 0.000000 0
787331 0.011050 0
787338 0.000000 0
787346 0.000000 0
787353 0.018720 0
787361 0.000000 0
787368 0.000000 0
787376 0.022100 0
787385 0.000000 0
787392 0.000000 0
787400 0.041520 0
787407 0.000000 0
787414 0.000000 0
787422 0.058060 0
787429 0.000000 0
787436 0.000000 0
787444 0.065480 0
787451 0.000000 0
787458 0.000000 0
787466 0.042790 0
787474 0.000000 0
787482 0.000000 0
787489 0.050920 0
787496 0.000000 0
787504 0.000000 0
787511 0.024080 0
787519 0.000000 0
787526 0.000000 0
787534 0.024080 0
787541 0.000000 0
787548 0.000000 0
787556 0.033370 0
787564 0.000000 0
787572 0.000000 0
787579 0.030240 0
787586 0.000000 0
787594 0.000000 0
787601 0.079290 0
787610 0.000000 0
787618 0.000000 0
787625 0.106750 0
787631 0.000000 0
787638 0.000000 0
787646 0.226150 0
787654 0.000000 0
787662 0.000000 0
787669 0.157410 0
787676 0.000000 0
787684 0.000000 0
787691 0.046050 0
787699 0.000000 0
787706 0.000000 0
787714 0.102240 0
787721 0.000000 0
787728 0.000000 0
787736 0.062120 0
787745 0.000000 0
787752 0.000000 0
787760 0.027050 0
787766 0.000000 0
787774 0.000000 0
787781 0.011720 0
787789 0.000000 0
787796 0.000000 0
787804 0.010330 0
787811 0.000000 0
787818 0.000000 0
787826 0.014080 0
787834 0.000000 0
787842 0.000000 0
787849 0.020660 0
787856 0.000000 0
787864 0.000000 0
787871 0.025010 0
787879 0.000000 0
787886 0.000000 0
787894 0.071920 0
787901 0.000000 0
787908 0.000000 0
787916 0.036850 0
787924 0.000000 0
787932 0.000000 0
787939 0.048630 0
787946 0.000000 0
787954 0.000000 0
787961 0.089330 0
787969 0.000000 0
787976 0.000000 0
787984 0.031480 0
787991 0.000000 0
787998 0.000000 0
788006 0.028700 0
788014 0.000000 0
788022 0.000000 0
788029 0.029480 0
788036 0.000000 0
788044 0.000000 0
788051 0.029480 0
788059 0.000000 0
788066 0.000000 0
788074 0.081180 0
788081 0.000000 0
788088 0.000000 0
788096 0.120710 0
788104 0.000000 0
788112 0.000000 0
788119 0.210650 0
788126 0.000000 0
788134 0.000000 0
788141 0.146930 0
788149 0.000000 0
788156 0.000000 0
788164 0.039830 0
788171 0.000000 0
788178 0.000000 0
788186 0.103270 0
788194 0.000000 0
788202 0.000000 0
788209 0.057270 0
788216 0.000000 0
788224 0.000000 0
788231 0.022430 0
788239 0.000000 0
788246 0.000000 0
788254 0.021740 0
788261 0.000000 0
788268 0.000000 0
788276 0.007810 0
788284 0.000000 0
788292 0.000000 0
788299 0.008730 0
788306 0.000000 0
788314 0.000000 0
788321 0.014600 0
788329 0.000000 0
788336 0.000000 0
788344 0.020660 0
788351 0.000000 0
788358 0.000000 0
788366 0.057130 0
788374 0.000000 0
788382 0.000000 0
788389 0.021030 0
788396 0.000000 0
788404 0.000000 0
788411 0.039440 0
788419 0.000000 0
788426 0.000000 0
788434 0.043320 0
788441 0.000000 0
788448 0.000000 0
788456 0.036850 0
788464 0.000000 0
788472 0.000000 0
788479 0.071490 0
788486 0.000000 0
788494 0.000000 0
788501 0.058200 0
788509 0.000000 0
788516 0.000000 0
788524 0.046540 0
788531 0.000000 0
788538 0.000000 0
788546 0.060380 0
788554 0.000000 0
788562 0.000000 0
788569 0.133670 0
788577 0.000000 0
788584 0.000000 0
788592 0.221180 0
788599 0.000000 0
788606 0.000000 0
788614 0.155810 0
788623 0.000000 0
788630 0.000000 0
788638 0.054690 0
788644 0.000000 0
788652 0.000000 0
788659 0.095280 0
788667 0.000000 0
788674 0.000000 0
788682 0.059240 0
788689 0.000000 0
788696 0.000000 0
788704 0.025310 0
788712 0.000000 0
788720 0.000000 0
788727 0.019910 0
788734 0.000000 0
788742 0.000000 0
788749 0.018720 0
788757 0.000000 0
788764 0.000000 0
788772 0.010330 0
788779 0.000000 0
788786 0.000000 0
788794 0.037050 0
788803 0.000000 0
788810 0.000000 0
788818 0.043670 0
788824 0.000000 0
788832 0.000000 0
788839 0.043490 0
788847 0.000000 0
788854 0.000000 0
788862 0.019910 0
788869 0.000000 0
788876 0.000000 0
788884 0.048630 0
788892 0.000000 0
788900 0.000000 0
788907 0.058720 0
788914 0.000000 0
788922 0.000000 0
788929 0.021390 0
788936 0.000000 0
788944 0.000000 0
788951 0.045040 0
788959 0.000000 0
788966 0.000000 0
788974 0.035800 0
788982 0.000000 0
788990 0.000000 0
788997 0.057540 0
789004 0.000000 0
789012 0.000000 0
789019 0.063940 0
789026 0.000000 0
789034 0.000000 0
789041 0.111020 0
789049 0.000000 0
789056 0.000000 0
789064 0.201460 0
789072 0.000000 0
789080 0.000000 0
789087 0.141160 0
789094 0.000000 0
789102 0.000000 0
789109 0.047200 0
789117 0.000000 0
789124 0.000000 0
789132 0.101700 0
789139 0.000000 0
789146 0.000000 0
789154 0.055100 0
789161 0.000000 0
789168 0.000000 0
789176 0.027050 0
789183 0.000000 0
789190 0.000000 0
789198 0.013520 0
789207 0.000000 0
789214 0.000000 0
789222 0.025910 0
789228 0.000000 0
789236 0.000000 0
789243 0.011720 0
789251 0.000000 0
789258 0.000000 0
789266 0.037260 0
789274 0.000000 0
789282 0.000000 0
789289 0.047520 0
789296 0.000000 0
789304 0.000000 0
789311 0.060640 0
789318 0.000000 0
789326 0.000000 0
789333 0.050780 0
789341 0.000000 0
789348 0.000000 0
789356 0.045550 0
789364 0.000000 0
789372 0.000000 0
789379 0.059240 0
789386 0.000000 0
789394 0.000000 0
789401 0.017010 0
789408 0.000000 0
789416 0.000000 0
789423 0.016570 0
789431 0.000000 0
789438 0.000000 0
789446 0.048160 0
789454 0.000000 0
789462 0.000000 0
789469 0.034270 0
789476 0.000000 0
789484 0.000000 0
789491 0.044010 0
789499 0.000000 0
789506 0.000000 0
789514 0.103410 0
789521 0.000000 0
789528 0.000000 0
789536 0.171340 0
789543 0.000000 0
789550 0.000000 0
789558 0.125000 0
789566 0.000000 0
789574 0.000000 0
789581 0.051670 0
789588 0.000000 0
789596 0.000000 0
789603 0.157610 0
789612 0.000000 0
789620 0.000000 0
789627 0.097340 0
789633 0.000000 0
789640 0.000000 0
789648 0.030750 0
789657 0.000000 0
789664 0.000000 0
789672 0.012950 0
789678 0.000000 0
789686 0.000000 0
789693 0.011720 0
789701 0.000000 0
789708 0.000000 0
789716 0.009570 0
789723 0.000000 0
789730 0.000000 0
789738 0.013520 0
789746 0.000000 0
789754 0.000000 0
789761 0.012950 0
789769 0.000000 0
789776 0.000000 0
789784 0.022430 0
789791 0.000000 0
789798 0.000000 0
789806 0.017900 0
789814 0.000000 0
789822 0.000000 0
789829 0.033140 0
789836 0.000000 0
789844 0.000000 0
789851 0.053560 0
789859 0.000000 0
789866 0.000000 0
789874 0.043670 0
789881 0.000000 0
789888 0.000000 0
789896 0.032440 0
789904 0.000000 0
789912 0.000000 0
789919 0.030240 0
789927 0.000000 0
789934 0.000000 0
789942 0.043140 0
789949 0.000000 0
789956 0.000000 0
789964 0.076450 0
789971 0.000000 0
789978 0.000000 0
789986 0.118290 0
789995 0.000000 0
790002 0.000000 0
790010 0.194570 0
790016 0.000000 0
790024 0.000000 0
790031 0.138320 0
790040 0.000000 0
790048 0.000000 0
790055 0.050920 0
790061 0.000000 0
790068 0.000000 0
790076 0.070950 0
790083 0.000000 0
790090 0.000000 0
790098 0.059750 0
790106 0.000000 0
790114 0.000000 0
790121 0.033830 0
790128 0.000000 0
790136 0.000000 0
790143 0.007810 0
790151 0.000000 0
790158 0.000000 0
790166 0.005520 0
790174 0.000000 0
790182 0.000000 0
790189 0.011050 0
790197 0.000000 0
790204 0.000000 0
790212 0.029740 0
790219 0.000000 0
790226 0.000000 0
790234 0.035160 0
790241 0.000000 0
790248 0.000000 0
790256 0.068770 0
790265 0.000000 0
790272 0.000000 0
790280 0.045380 0
790286 0.000000 0
790294 0.000000 0
790301 0.044360 0
790309 0.000000 0
790316 0.000000 0
790324 0.058060 0
790331 0.000000 0
790338 0.000000 0
790346 0.023440 0
790354 0.000000 0
790362 0.000000 0
790369 0.061260 0
790377 0.000000 0
790384 0.000000 0
790392 0.038070 0
790399 0.000000 0
790406 0.000000 0
790414 0.054690 0
790421 0.000000 0
790428 0.000000 0
790436 0.048940 0
790445 0.000000 0
790452 0.000000 0
790460 0.114890 0
790466 0.000000 0
790474 0.000000 0
790481 0.193270 0
790490 0.000000 0
790498 0.000000 0
790505 0.140990 0
790511 0.000000 0
790518 0.000000 0
790526 0.051220 0
790535 0.000000 0
790542 0.000000 0
790550 0.071380 0
790556 0.000000 0
790564 0.000000 0
790571 0.056460 0
790578 0.000000 0
790586 0.000000 0
790593 0.039830 0
790601 0.000000 0
790608 0.000000 0
790616 0.015630 0
790623 0.000000 0
790630 0.000000 0
790638 0.005520 0
790646 0.000000 0
790654 0.000000 0
790661 0.005520 0
790670 0.000000 0
790678 0.000000 0
790685 0.048460 0
790692 0.000000 0
790700 0.000000 0
790707 0.028960 0
790714 0.000000 0
790722 0.000000 0
790729 0.065930 0
790736 0.000000 0
790744 0.000000 0
790751 0.027890 0
790759 0.000000 0
790766 0.000000 0
790774 0.029740 0
790781 0.000000 0
790788 0.000000 0
790796 0.041150 0
790804 0.000000 0
790812 0.000000 0
790819 0.016100 0
790826 0.000000 0
790834 0.000000 0
790841 0.024700 0
790849 0.000000 0
790856 0.000000 0
790864 0.024700 0
790871 0.000000 0
790878 0.000000 0
790886 0.050780 0
790895 0.000000 0
790902 0.000000 0
790910 0.074920 0
790916 0.000000 0
790924 0.000000 0
790931 0.140510 0
790940 0.000000 0
790948 0.000000 0
790955 0.203420 0
790961 0.000000 0
790968 0.000000 0
790976 0.150620 0
790984 0.000000 0
790992 0.000000 0
790999 0.055100 0
791006 0.000000 0
791014 0.000000 0
791021 0.105970 0
791029 0.000000 0
791036 0.000000 0
791044 0.058980 0
791051 0.000000 0
791058 0.000000 0
791066 0.039830 0
791075 0.000000 0
791082 0.000000 0
791090 0.027890 0
791096 0.000000 0
791104 0.000000 0
791111 0.012950 0
791120 0.000000 0
791128 0.000000 0
791135 0.011720 0
791142 0.000000 0
791150 0.000000 0
791157 0.033370 0
791164 0.000000 0
791172 0.000000 0
791179 0.012950 0
791186 0.000000 0
791194 0.000000 0
791201 0.038860 0
791209 0.000000 0
791216 0.000000 0
791224 0.030000 0
791231 0.000000 0
791238 0.000000 0
791246 0.027620 0
791254 0.000000 0
791262 0.000000 0
791269 0.061880 0
791276 0.000000 0
791284 0.000000 0
791291 0.019910 0
791299 0.000000 0
791306 0.000000 0
791314 0.011720 0
791321 0.000000 0
791328 0.000000 0
791336 0.017010 0
791344 0.000000 0
791352 0.000000 0
791359 0.023100 0
791366 0.000000 0
791374 0.000000 0
791381 0.070310 0
791389 0.000000 0
791396 0.000000 0
791404 0.152900 0
791411 0.000000 0
791418 0.000000 0
791426 0.220100 0
791435 0.000000 0
791442 0.000000 0
791450 0.159670 0
791456 0.000000 0
791464 0.000000 0
791471 0.066870 0
791479 0.000000 0
791486 0.000000 0
791494 0.101780 0
791501 0.000000 0
791508 0.000000 0
791516 0.060640 0
791524 0.000000 0
791532 0.000000 0
791539 0.042420 0
791546 0.000000 0
791554 0.000000 0
791561 0.015120 0
791569 0.000000 0
791576 0.000000 0
791584 0.005520 0
791591 0.000000 0
791598 0.000000 0
791606 0.011720 0
791614 0.000000 0
791622 0.000000 0
791629 0.020290 0
791636 0.000000 0
791644 0.000000 0
791651 0.017010 0
791659 0.000000 0
791666 0.000000 0
791674 0.047350 0
791681 0.000000 0
791688 0.000000 0
791696 0.023100 0
791704 0.000000 0
791712 0.000000 0
791719 0.024700 0
791726 0.000000 0
791734 0.000000 0
791741 0.062730 0
791749 0.000000 0
791756 0.000000 0
791764 0.011720 0
791771 0.000000 0
791778 0.000000 0
791786 0.020290 0
791795 0.000000 0
791802 0.000000 0
791810 0.056600 0
791816 0.000000 0
791824 0.000000 0
791831 0.053120 0
791839 0.000000 0
791846 0.000000 0
791854 0.045210 0
791861 0.000000 0
791868 0.000000 0
791876 0.134230 0
791884 0.000000 0
791892 0.000000 0
791899 0.220140 0
791906 0.000000 0
791914 0.000000 0
791921 0.160950 0
791929 0.000000 0
791936 0.000000 0
791944 0.062610 0
791951 0.000000 0
791958 0.000000 0
791966 0.106540 0
791974 0.000000 0
791982 0.000000 0
791989 0.062500 0
791996 0.000000 0
792004 0.000000 0
792011 0.042420 0
792019 0.000000 0
792026 0.000000 0
792034 0.021030 0
792041 0.000000 0
792048 0.000000 0
792056 0.008730 0
792064 0.000000 0
792072 0.000000 0
792079 0.014080 0
792086 0.000000 0
792094 0.000000 0
792101 0.023100 0
792109 0.000000 0
792116 0.000000 0
792124 0.030000 0
792132 0.000000 0
792140 0.000000 0
792147 0.066160 0
792154 0.000000 0
792162 0.000000 0
792169 0.034270 0
792177 0.000000 0
792184 0.000000 0
792192 0.048160 0
792199 0.000000 0
792206 0.000000 0
792214 0.098190 0
792222 0.000000 0
792230 0.000000 0
792237 0.039440 0
792244 0.000000 0
792252 0.000000 0
792259 0.032670 0
792266 0.000000 0
792274 0.000000 0
792281 0.030000 0
792289 0.000000 0
792296 0.000000 0
792304 0.043140 0
792311 0.000000 0
792318 0.000000 0
792326 0.060380 0
792334 0.000000 0
792342 0.000000 0
792349 0.113620 0
792356 0.000000 0
792364 0.000000 0
792371 0.192870 0
792379 0.000000 0
792386 0.000000 0
792394 0.135030 0
792402 0.000000 0
792410 0.000000 0
792417 0.051070 0
792424 0.000000 0
792432 0.000000 0
792439 0.084860 0
792447 0.000000 0
792454 0.000000 0
792462 0.061390 0
792469 0.000000 0
792476 0.000000 0
792484 0.035160 0
792491 0.000000 0
792498 0.000000 0
792506 0.018720 0
792514 0.000000 0
792522 0.000000 0
792529 0.011050 0
792537 0.000000 0
792544 0.000000 0
792552 0.008730 0
792559 0.000000 0
792566 0.000000 0
792574 0.019910 0
792581 0.000000 0
792588 0.000000 0
792596 0.024380 0
792604 0.000000 0
792612 0.000000 0
792619 0.059240 0
792627 0.000000 0
792634 0.000000 0
792642 0.038470 0
792649 0.000000 0
792656 0.000000 0
792664 0.046880 0
792672 0.000000 0
792680 0.000000 0
792687 0.055370 0
792694 0.000000 0
792702 0.000000 0
792709 0.040020 0
792717 0.000000 0
792724 0.000000 0
792732 0.034930 0
792739 0.000000 0
792746 0.000000 0
792754 0.049710 0
792762 0.000000 0
792770 0.000000 0
792777 0.079960 0
792784 0.000000 0
792792 0.000000 0
792799 0.044880 0
792807 0.000000 0
792814 0.000000 0
792822 0.124070 0
792828 0.000000 0
792836 0.000000 0
792843 0.191040 0
792851 0.000000 0
792858 0.000000 0
792866 0.137990 0
792873 0.000000 0
792880 0.000000 0
792888 0.044010 0
792896 0.000000 0
792904 0.000000 0
792911 0.129900 0
792918 0.000000 0
792926 0.000000 0
792933 0.090180 0
792942 0.000000 0
792950 0.000000 0
792957 0.032440 0
792963 0.000000 0
792970 0.000000 0
792978 0.012340 0
792986 0.000000 0
792994 0.000000 0
793001 0.015120 0
793008 0.000000 0
793016 0.000000 0
793023 0.008730 0
793031 0.000000 0
793038 0.000000 0
793046 0.021740 0
793053 0.000000 0
793060 0.000000 0
793068 0.034710 0
793076 0.000000 0
793084 0.000000 0
793091 0.102010 0
793098 0.000000 0
793106 0.000000 0
793113 0.042970 0
793121 0.000000 0
793128 0.000000 0
793136 0.046370 0
793143 0.000000 0
793150 0.000000 0
793158 0.067660 0
793166 0.000000 0
793174 0.000000 0
793181 0.046710 0
793188 0.000000 0
793196 0.000000 0
793203 0.025310 0
793211 0.000000 0
793218 0.000000 0
793226 0.017010 0
793233 0.000000 0
793240 0.000000 0
793248 0.026200 0
793256 0.000000 0
793264 0.000000 0
793271 0.017460 0
793278 0.000000 0
793286 0.000000 0
793293 0.056460 0
793301 0.000000 0
793308 0.000000 0
793316 0.160680 0
793323 0.000000 0
793330 0.000000 0
793338 0.118290 0
793347 0.000000 0
793354 0.000000 0
793362 0.034930 0
793368 0.000000 0
793376 0.000000 0
793383 0.062730 0
793391 0.000000 0
793398 0.000000 0
793406 0.051070 0
793413 0.000000 0
793420 0.000000 0
793428 0.045880 0
793437 0.000000 0
793444 0.000000 0
793452 0.015120 0
793459 0.000000 0
793466 0.000000 0
793474 0.023100 0
793481 0.000000 0
793488 0.000000 0
793496 0.011720 0
793504 0.000000 0
793512 0.000000 0
793519 0.047990 0
793526 0.000000 0
793534 0.000000 0
793541 0.018720 0
793549 0.000000 0
793556 0.000000 0
793564 0.056600 0
793571 0.000000 0
793578 0.000000 0
793586 0.014080 0
793593 0.000000 0
793600 0.000000 0
793608 0.017460 0
793616 0.000000 0
793624 0.000000 0
793631 0.053830 0
793639 0.000000 0
793646 0.000000 0
793654 0.019910 0
793662 0.000000 0
793670 0.000000 0
793677 0.069540 0
793685 0.000000 0
793692 0.000000 0
793700 0.065710 0
793706 0.000000 0
793714 0.000000 0
793721 0.046050 0
793730 0.000000 0
793738 0.000000 0
793745 0.061750 0
793752 0.000000 0
793760 0.000000 0
793767 0.138980 0
793775 0.000000 0
793782 0.000000 0
793790 0.215120 0
793797 0.000000 0
793804 0.000000 0
793812 0.153290 0
793820 0.000000 0
793828 0.000000 0
793835 0.059360 0
793841 0.000000 0
793848 0.000000 0
793856 0.073270 0
793863 0.000000 0
793870 0.000000 0
793878 0.060380 0
793887 0.000000 0
793894 0.000000 0
793902 0.035800 0
793908 0.000000 0
793916 0.000000 0
793923 0.011050 0
793931 0.000000 0
793938 0.000000 0
793946 0.012340 0
793955 0.000000 0
793962 0.000000 0
793970 0.019130 0
793976 0.000000 0
793984 0.000000 0
793991 0.062120 0
793999 0.000000 0
794006 0.000000 0
794014 0.036420 0
794021 0.000000 0
794028 0.000000 0
794036 0.049090 0
794043 0.000000 0
794050 0.000000 0
794058 0.030240 0
794066 0.000000 0
794074 0.000000 0
794081 0.027340 0
794090 0.000000 0
794098 0.000000 0
794105 0.040210 0
794111 0.000000 0
794118 0.000000 0
794126 0.030750 0
794135 0.000000 0
794142 0.000000 0
794150 0.058850 0
794157 0.000000 0
794164 0.000000 0
794172 0.053970 0
794179 0.000000 0
794186 0.000000 0
794194 0.052980 0
794201 0.000000 0
794208 0.000000 0
794216 0.078130 0
794224 0.000000 0
794232 0.000000 0
794239 0.121660 0
794246 0.000000 0
794254 0.000000 0
794261 0.185080 0
794269 0.000000 0
794276 0.000000 0
794284 0.135590 0
794291 0.000000 0
794298 0.000000 0
794306 0.052400 0
794314 0.000000 0
794322 0.000000 0
794329 0.070310 0
794336 0.000000 0
794344 0.000000 0
794351 0.058590 0
794360 0.000000 0
794368 0.000000 0
794375 0.033140 0
794381 0.000000 0
794388 0.000000 0
794396 0.014600 0
794405 0.000000 0
794412 0.000000 0
794420 0.014600 0
794426 0.000000 0
794434 0.000000 0
794441 0.012340 0
794449 0.000000 0
794456 0.000000 0
794464 0.022100 0
794471 0.000000 0
794478 0.000000 0
794486 0.015120 0
794494 0.000000 0
794502 0.000000 0
794509 0.070740 0
794516 0.000000 0
794524 0.000000 0
794531 0.032910 0
794539 0.000000 0
794546 0.000000 0
794554 0.037050 0
794561 0.000000 0
794568 0.000000 0
794576 0.058200 0
794584 0.000000 0
794592 0.000000 0
794599 0.048310 0
794606 0.000000 0
794614 0.000000 0
794621 0.017460 0
794629 0.000000 0
794636 0.000000 0
794644 0.038860 0
794651 0.000000 0
794658 0.000000 0
794666 0.043840 0
794674 0.000000 0
794682 0.000000 0
794689 0.068880 0
794696 0.000000 0
794704 0.000000 0
794711 0.135190 0
794719 0.000000 0
794726 0.000000 0
794734 0.214370 0
794741 0.000000 0
794748 0.000000 0
794756 0.147400 0
794765 0.000000 0
794772 0.000000 0
794780 0.060380 0
794786 0.000000 0
794794 0.000000 0
794801 0.091260 0
794809 0.000000 0
794816 0.000000 0
794824 0.064420 0
794831 0.000000 0
794838 0.000000 0
794846 0.041340 0
794854 0.000000 0
794862 0.000000 0
794869 0.008730 0
794876 0.000000 0
794884 0.000000 0
794891 0.003910 0
794899 0.000000 0
794906 0.000000 0
794914 0.007810 0
794921 0.000000 0
794928 0.000000 0
794936 0.023440 0
794944 0.000000 0
794952 0.000000 0
794959 0.011050 0
794966 0.000000 0
794974 0.000000 0
794981 0.046710 0
794989 0.000000 0
794996 0.000000 0
795004 0.027620 0
795011 0.000000 0
795018 0.000000 0
795026 0.035800 0
795034 0.000000 0
795042 0.000000 0
795049 0.078020 0
795056 0.000000 0
795064 0.000000 0
795071 0.039440 0
795079 0.000000 0
795086 0.000000 0
795094 0.023760 0
795101 0.000000 0
795108 0.000000 0
795116 0.032210 0
795124 0.000000 0
795132 0.000000 0
795139 0.053270 0
795146 0.000000 0
795154 0.000000 0
795161 0.072860 0
795170 0.000000 0
795178 0.000000 0
795185 0.146040 0
795191 0.000000 0
795198 0.000000 0
795206 0.198870 0
795214 0.000000 0
795222 0.000000 0
795229 0.138490 0
795236 0.000000 0
795244 0.000000 0
795251 0.052840 0
795259 0.000000 0
795266 0.000000 0
795274 0.072540 0
795281 0.000000 0
795288 0.000000 0
795296 0.059100 0
795304 0.000000 0
795312 0.000000 0
795319 0.040020 0
795326 0.000000 0
795334 0.000000 0
795341 0.006760 0
795349 0.000000 0
795356 0.000000 0
795364 0.010330 0
795371 0.000000 0
795378 0.000000 0
795386 0.015120 0
795394 0.000000 0
795402 0.000000 0
795409 0.022100 0
795416 0.000000 0
795424 0.000000 0
795431 0.021390 0
795439 0.000000 0
795446 0.000000 0
795454 0.080230 0
795462 0.000000 0
795470 0.000000 0
795477 0.021740 0
795484 0.000000 0
795492 0.000000 0
795499 0.021390 0
795507 0.000000 0
795514 0.000000 0
795522 0.075530 0
795529 0.000000 0
795536 0.000000 0
795544 0.019910 0
795551 0.000000 0
795558 0.000000 0
795566 0.024080 0
795574 0.000000 0
795582 0.000000 0
795589 0.036010 0
795597 0.000000 0
795604 0.000000 0
795612 0.025600 0
795619 0.000000 0
795626 0.000000 0
795634 0.042420 0
795643 0.000000 0
795650 0.000000 0
795658 0.138930 0
795664 0.000000 0
795672 0.000000 0
795679 0.213170 0
795687 0.000000 0
795694 0.000000 0
795702 0.159820 0
795709 0.000000 0
795716 0.000000 0
795724 0.070630 0
795732 0.000000 0
795740 0.000000 0
795747 0.120130 0
795754 0.000000 0
795762 0.000000 0
795769 0.087600 0
795777 0.000000 0
795784 0.000000 0
795792 0.035160 0
795799 0.000000 0
795806 0.000000 0
795814 0.009570 0
795821 0.000000 0
795828 0.000000 0
795836 0.021030 0
795844 0.000000 0
795852 0.000000 0
795859 0.008730 0
795867 0.000000 0
795874 0.000000 0
795882 0.019130 0
795890 0.000000 0
795898 0.000000 0
795905 0.021740 0
795912 0.000000 0
795920 0.000000 0
795927 0.076140 0
795933 0.000000 0
795940 0.000000 0
795948 0.038670 0
795957 0.000000 0
795964 0.000000 0
795972 0.043840 0
795978 0.000000 0
795986 0.000000 0
795993 0.075640 0
796001 0.000000 0
796008 0.000000 0
796016 0.019530 0
796023 0.000000 0
796030 0.000000 0
796038 0.051070 0
796047 0.000000 0
796054 0.000000 0
796062 0.051960 0
796068 0.000000 0
796076 0.000000 0
796083 0.036850 0
796093 0.000000 0
796100 0.000000 0
796108 0.053560 0
796113 0.000000 0
796120 0.000000 0
796128 0.035370 0
796137 0.000000 0
796144 0.000000 0
796152 0.031720 0
796158 0.000000 0
796166 0.000000 0
796173 0.028700 0
796182 0.000000 0
796190 0.000000 0
796197 0.036010 0
796204 0.000000 0
796212 0.000000 0
796219 0.043140 0
796226 0.000000 0
796234 0.000000 0
796241 0.046540 0
796249 0.000000 0
796256 0.000000 0
796264 0.028430 0
796272 0.000000 0
796280 0.000000 0
796287 0.052260 0
796294 0.000000 0
796302 0.000000 0
796309 0.054540 0
796316 0.000000 0
796324 0.000000 0
796331 0.067080 0
796339 0.000000 0
796346 0.000000 0
796354 0.043140 0
796362 0.000000 0
796370 0.000000 0
796377 0.041150 0
796384 0.000000 0
796392 0.000000 0
796399 0.042250 0
796407 0.000000 0
796414 0.000000 0
796422 0.053560 0
796429 0.000000 0
796436 0.000000 0
796444 0.071380 0
796452 0.000000 0
796460 0.000000 0
796467 0.094640 0
796474 0.000000 0
796482 0.000000 0
796489 0.089850 0
796496 0.000000 0
796504 0.000000 0
796511 0.082950 0
796519 0.000000 0
796526 0.000000 0
796534 0.092440 0
796541 0.000000 0
796548 0.000000 0
796556 0.073490 0
796564 0.000000 0
796572 0.000000 0
796579 0.044010 0
796586 0.000000 0
796594 0.000000 0
796601 0.031480 0
796609 0.000000 0
796616 0.000000 0
796624 0.035160 0
796631 0.000000 0
796638 0.000000 0
796646 0.052260 0
796654 0.000000 0
796662 0.000000 0
796669 0.058320 0
796676 0.000000 0
796684 0.000000 0
796691 0.070740 0
796698 0.000000 0
796706 0.000000 0
796713 0.061880 0
796721 0.000000 0
796728 0.000000 0
796736 0.073270 0
796745 0.000000 0
796752 0.000000 0
796760 0.075940 0
796766 0.000000 0
796774 0.000000 0
796781 0.098660 0
796789 0.000000 0
796796 0.000000 0
796804 0.107260 0
796811 0.000000 0
796818 0.000000 0
796826 0.089230 0
796833 0.000000 0
796840 0.000000 0
796848 0.080610 0
796856 0.000000 0
796864 0.000000 0
796871 0.107550 0
796879 0.000000 0
796886 0.000000 0
796894 0.119310 0
796901 0.000000 0
796908 0.000000 0
796916 0.094150 0
796924 0.000000 0
796932 0.000000 0
796939 0.044530 0
796946 0.000000 0
796954 0.000000 0
796961 0.043670 0
796969 0.000000 0
796976 0.000000 0
796984 0.057130 0
796991 0.000000 0
796998 0.000000 0
797006 0.055370 0
797013 0.000000 0
797020 0.000000 0
797028 0.062610 0
797036 0.000000 0
797044 0.000000 0
797051 0.056600 0
797058 0.000000 0
797066 0.000000 0
797073 0.109090 0
797081 0.000000 0
797088 0.000000 0
797096 0.143570 0
797105 0.000000 0
797112 0.000000 0
797120 0.107470 0
797126 0.000000 0
797134 0.000000 0
797141 0.056870 0
797150 0.000000 0
797158 0.000000 0
797165 0.096790 0
797171 0.000000 0
797178 0.000000 0
797186 0.074010 0
797195 0.000000 0
797202 0.000000 0
797210 0.037260 0
797216 0.000000 0
797224 0.000000 0
797231 0.008730 0
797240 0.000000 0
797248 0.000000 0
797255 0.012950 0
797261 0.000000 0
797268 0.000000 0
797276 0.011050 0
797284 0.000000 0
797292 0.000000 0
797299 0.008730 0
797306 0.000000 0
797314 0.000000 0
797321 0.084860 0
797329 0.000000 0
797336 0.000000 0
797344 0.083220 0
797351 0.000000 0
797358 0.000000 0
797366 0.044360 0
797374 0.000000 0
797382 0.000000 0
797389 0.027050 0
797396 0.000000 0
797404 0.000000 0
797411 0.017010 0
797419 0.000000 0
797426 0.000000 0
797434 0.023100 0
797441 0.000000 0
797448 0.000000 0
797456 0.040590 0
797464 0.000000 0
797472 0.000000 0
797479 0.037660 0
797486 0.000000 0
797494 0.000000 0
797501 0.030750 0
797509 0.000000 0
797516 0.000000 0
797524 0.025600 0
797531 0.000000 0
797538 0.000000 0
797546 0.113150 0
797554 0.000000 0
797562 0.000000 0
797569 0.180650 0
797576 0.000000 0
797584 0.000000 0
797591 0.127600 0
797599 0.000000 0
797606 0.000000 0
797614 0.054260 0
797621 0.000000 0
797628 0.000000 0
797636 0.080990 0
797644 0.000000 0
797652 0.000000 0
797659 0.058980 0
797666 0.000000 0
797674 0.000000 0
797681 0.037050 0
797689 0.000000 0
797696 0.000000 0
797704 0.009570 0
797711 0.000000 0
797718 0.000000 0
797726 0.011720 0
797734 0.000000 0
797742 0.000000 0
797749 0.011720 0
797756 0.000000 0
797764 0.000000 0
797771 0.017900 0
797779 0.000000 0
797786 0.000000 0
797794 0.099890 0
797801 0.000000 0
797808 0.000000 0
797816 0.090350 0
797824 0.000000 0
797832 0.000000 0
797839 0.058320 0
797846 0.000000 0
797854 0.000000 0
797861 0.040410 0
797869 0.000000 0
797876 0.000000 0
797884 0.062360 0
797891 0.000000 0
797898 0.000000 0
797906 0.033600 0
797914 0.000000 0
797922 0.000000 0
797929 0.033600 0
797936 0.000000 0
797944 0.000000 0
797951 0.030240 0
797959 0.000000 0
797966 0.000000 0
797974 0.023760 0
797981 0.000000 0
797988 0.000000 0
797996 0.038670 0
798004 0.000000 0
798012 0.000000 0
798019 0.101410 0
798026 0.000000 0
798034 0.000000 0
798041 0.190520 0
798049 0.000000 0
798056 0.000000 0
798064 0.129260 0
798071 0.000000 0
798078 0.000000 0
798086 0.063460 0
798094 0.000000 0
798102 0.000000 0
798109 0.088290 0
798116 0.000000 0
798124 0.000000 0
798131 0.055370 0
798139 0.000000 0
798146 0.000000 0
798154 0.036010 0
798161 0.000000 0
798168 0.000000 0
798176 0.012950 0
798184 0.000000 0
798192 0.000000 0
798199 0.013520 0
798206 0.000000 0
798214 0.000000 0
798221 0.015120 0
798229 0.000000 0
798236 0.000000 0
798244 0.009570 0
798251 0.000000 0
798258 0.000000 0
798266 0.103640 0
798274 0.000000 0
798282 0.000000 0
798289 0.104810 0
798296 0.000000 0
798304 0.000000 0
798311 0.058720 0
798319 0.000000 0
798326 0.000000 0
798334 0.043670 0
798341 0.000000 0
798348 0.000000 0
798356 0.038470 0
798364 0.000000 0
798372 0.000000 0
798379 0.029220 0
798386 0.000000 0
798394 0.000000 0
798401 0.019910 0
798410 0.000000 0
798418 0.000000 0
798425 0.018310 0
798431 0.000000 0
798438 0.000000 0
798446 0.053700 0
798454 0.000000 0
798462 0.000000 0
798469 0.033140 0
798476 0.000000 0
798484 0.000000 0
798491 0.136490 0
798499 0.000000 0
798506 0.000000 0
798514 0.203460 0
798521 0.000000 0
798528 0.000000 0
798536 0.138980 0
798545 0.000000 0
798552 0.000000 0
798560 0.073790 0
798566 0.000000 0
798574 0.000000 0
798581 0.087160 0
798589 0.000000 0
798596 0.000000 0
798604 0.071920 0
798611 0.000000 0
798618 0.000000 0
798626 0.051070 0
798634 0.000000 0
798642 0.000000 0
798649 0.008730 0
798656 0.000000 0
798664 0.000000 0
798671 0.007810 0
798679 0.000000 0
798686 0.000000 0
798694 0.009570 0
798701 0.000000 0
798708 0.000000 0
798716 0.018310 0
798724 0.000000 0
798732 0.000000 0
798739 0.123950 0
798746 0.000000 0
798754 0.000000 0
798761 0.110480 0
798769 0.000000 0
798776 0.000000 0
798784 0.051960 0
798791 0.000000 0
798798 0.000000 0
798806 0.042420 0
798814 0.000000 0
798822 0.000000 0
798829 0.043840 0
798836 0.000000 0
798844 0.000000 0
798851 0.025010 0
798860 0.000000 0
798868 0.000000 0
798875 0.032670 0
798881 0.000000 0
798888 0.000000 0
798896 0.055510 0
798904 0.000000 0
798912 0.000000 0
798919 0.050780 0
798926 0.000000 0
798934 0.000000 0
798941 0.044190 0
798949 0.000000 0
798956 0.000000 0
798964 0.136490 0
798971 0.000000 0
798978 0.000000 0
798986 0.196550 0
798994 0.000000 0
799002 0.000000 0
799009 0.126450 0
799017 0.000000 0
799024 0.000000 0
799032 0.080140 0
799039 0.000000 0
799046 0.000000 0
799054 0.086020 0
799062 0.000000 0
799070 0.000000 0
799077 0.067870 0
799084 0.000000 0
799092 0.000000 0
799099 0.042250 0
799107 0.000000 0
799114 0.000000 0
799122 0.007810 0
799129 0.000000 0
799136 0.000000 0
799144 0.027050 0
799151 0.000000 0
799158 0.000000 0
799166 0.012340 0
799174 0.000000 0
799182 0.000000 0
799189 0.007810 0
799197 0.000000 0
799204 0.000000 0
799212 0.117710 0
799219 0.000000 0
799226 0.000000 0
799234 0.106190 0
799242 0.000000 0
799250 0.000000 0
799257 0.053970 0
799264 0.000000 0
799272 0.000000 0
799279 0.021390 0
799286 0.000000 0
799294 0.000000 0
799301 0.043670 0
799309 0.000000 0
799316 0.000000 0
799324 0.021030 0
799332 0.000000 0
799340 0.000000 0
799347 0.018310 0
799354 0.000000 0
799362 0.000000 0
799369 0.019130 0
799378 0.000000 0
799386 0.000000 0
799393 0.050780 0
799399 0.000000 0
799406 0.000000 0
799414 0.082670 0
799423 0.000000 0
799430 0.000000 0
799438 0.131470 0
799444 0.000000 0
799452 0.000000 0
799459 0.193940 0
799467 0.000000 0
799474 0.000000 0
799482 0.131010 0
799489 0.000000 0
799496 0.000000 0
799504 0.068440 0
799511 0.000000 0
799518 0.000000 0
799526 0.084050 0
799534 0.000000 0
799542 0.000000 0
799549 0.064300 0
799557 0.000000 0
799564 0.000000 0
799572 0.053560 0
799579 0.000000 0
799586 0.000000 0
799594 0.010330 0
799602 0.000000 0
799610 0.000000 0
799617 0.006760 0
799624 0.000000 0
799632 0.000000 0
799639 0.018310 0
799647 0.000000 0
799654 0.000000 0
799662 0.044190 0
799669 0.000000 0
799676 0.000000 0
799684 0.107820 0
799691 0.000000 0
799698 0.000000 0
799706 0.101490 0
799713 0.000000 0
799720 0.000000 0
799728 0.056200 0
799736 0.000000 0
799744 0.000000 0
799751 0.034710 0
799758 0.000000 0
799766 0.000000 0
799773 0.031970 0
799781 0.000000 0
799788 0.000000 0
799796 0.017900 0
799804 0.000000 0
799812 0.000000 0
799819 0.024080 0
799827 0.000000 0
799834 0.000000 0
799842 0.037050 0
799849 0.000000 0
799856 0.000000 0
799864 0.037870 0
799871 0.000000 0
799878 0.000000 0
799886 0.036220 0
799894 0.000000 0
799902 0.000000 0
799909 0.123520 0
799917 0.000000 0
799924 0.000000 0
799932 0.186390 0
799938 0.000000 0
799946 0.000000 0
799953 0.120840 0
799961 0.000000 0
799968 0.000000 0
799976 0.074010 0
799983 0.000000 0
799990 0.000000 0
799998 0.068440 0
800006 0.000000 0
800014 0.000000 0
800021 0.063710 0
800028 0.000000 0
800036 0.000000 0
800043 0.059750 0
800051 0.000000 0
800058 0.000000 0
800066 0.012950 0
800073 0.000000 0
800080 0.000000 0
800088 0.017010 0
800096 0.000000 0
800104 0.000000 0
800111 0.008730 0
800118 0.000000 0
800126 0.000000 0
800133 0.024700 0
800141 0.000000 0
800148 0.000000 0
800156 0.109850 0
800163 0.000000 0
800170 0.000000 0
800178 0.100420 0
800186 0.000000 0
800194 0.000000 0
800201 0.047030 0
800208 0.000000 0
800216 0.000000 0
800223 0.031250 0
800231 0.000000 0
800238 0.000000 0
800246 0.039440 0
800253 0.000000 0
800260 0.000000 0
800268 0.048160 0
800276 0.000000 0
800284 0.000000 0
800291 0.037260 0
800299 0.000000 0
800306 0.000000 0
800314 0.028170 0
800322 0.000000 0
800330 0.000000 0
800337 0.031970 0
800344 0.000000 0
800352 0.000000 0
800359 0.043320 0
800366 0.000000 0
800374 0.000000 0
800381 0.130310 0
800389 0.000000 0
800396 0.000000 0
800404 0.186630 0
800411 0.000000 0
800418 0.000000 0
800426 0.126880 0
800433 0.000000 0
800440 0.000000 0
800448 0.074920 0
800457 0.000000 0
800464 0.000000 0
800472 0.083310 0
800478 0.000000 0
800486 0.000000 0
800493 0.073700 0
800501 0.000000 0
800508 0.000000 0
800516 0.050320 0
800523 0.000000 0
800530 0.000000 0
800538 0.010330 0
800546 0.000000 0
800554 0.000000 0
800561 0.029480 0
800568 0.000000 0
800576 0.000000 0
800583 0.033370 0
800591 0.000000 0
800598 0.000000 0
800606 0.039250 0
800613 0.000000 0
800620 0.000000 0
800628 0.102370 0
800636 0.000000 0
800644 0.000000 0
800651 0.115940 0
800658 0.000000 0
800666 0.000000 0
800673 0.056460 0
800681 0.000000 0
800688 0.000000 0
800696 0.067200 0
800703 0.000000 0
800710 0.000000 0
800718 0.079000 0
800727 0.000000 0
800734 0.000000 0
800742 0.054830 0
800748 0.000000 0
800756 0.000000 0
800763 0.030000 0
800771 0.000000 0
800778 0.000000 0
800786 0.015120 0
800794 0.000000 0
800802 0.000000 0
800809 0.017900 0
800817 0.000000 0
800824 0.000000 0
800832 0.016100 0
800838 0.000000 0
800846 0.000000 0
800853 0.053830 0
800862 0.000000 0
800870 0.000000 0
800877 0.138770 0
800883 0.000000 0
800890 0.000000 0
800898 0.095030 0
800906 0.000000 0
800914 0.000000 0
800921 0.048780 0
800928 0.000000 0
800936 0.000000 0
800943 0.065130 0
800952 0.000000 0
800960 0.000000 0
800967 0.074620 0
800973 0.000000 0
800980 0.000000 0
800988 0.051820 0
800996 0.000000 0
801004 0.000000 0
801011 0.012340 0
801018 0.000000 0
801026 0.000000 0
801033 0.015120 0
801042 0.000000 0
801050 0.000000 0
801057 0.015630 0
801065 0.000000 0
801072 0.000000 0
801080 0.044360 0
801086 0.000000 0
801094 0.000000 0
801101 0.116790 0
801109 0.000000 0
801116 0.000000 0
801124 0.094640 0
801131 0.000000 0
801138 0.000000 0
801146 0.046050 0
801154 0.000000 0
801162 0.000000 0
801169 0.024700 0
801176 0.000000 0
801184 0.000000 0
801191 0.042420 0
801199 0.000000 0
801206 0.000000 0
801214 0.041520 0
801221 0.000000 0
801228 0.000000 0
801236 0.036640 0
801245 0.000000 0
801252 0.000000 0
801260 0.022770 0
801266 0.000000 0
801274 0.000000 0
801281 0.017460 0
801289 0.000000 0
801296 0.000000 0
801304 0.050480 0
801311 0.000000 0
801318 0.000000 0
801326 0.129840 0
801334 0.000000 0
801342 0.000000 0
801349 0.202140 0
801356 0.000000 0
801364 0.000000 0
801371 0.130850 0
801379 0.000000 0
801386 0.000000 0
801394 0.078310 0
801401 0.000000 0
801408 0.000000 0
801416 0.074110 0
801425 0.000000 0
801432 0.000000 0
801440 0.065480 0
801446 0.000000 0
801454 0.000000 0
801461 0.064770 0
801469 0.000000 0
801476 0.000000 0
801484 0.015120 0
801491 0.000000 0
801498 0.000000 0
801506 0.017900 0
801514 0.000000 0
801522 0.000000 0
801529 0.027620 0
801536 0.000000 0
801544 0.000000 0
801551 0.058200 0
801559 0.000000 0
801566 0.000000 0
801574 0.104160 0
801581 0.000000 0
801588 0.000000 0
801596 0.111570 0
801604 0.000000 0
801612 0.000000 0
801619 0.050170 0
801626 0.000000 0
801634 0.000000 0
801641 0.036850 0
801649 0.000000 0
801656 0.000000 0
801664 0.060380 0
801671 0.000000 0
801678 0.000000 0
801686 0.049090 0
801694 0.000000 0
801702 0.000000 0
801709 0.051510 0
801716 0.000000 0
801724 0.000000 0
801731 0.036640 0
801739 0.000000 0
801746 0.000000 0
801754 0.039060 0
801761 0.000000 0
801768 0.000000 0
801776 0.038470 0
801784 0.000000 0
801792 0.000000 0
801799 0.102160 0
801806 0.000000 0
801814 0.000000 0
801821 0.173240 0
801830 0.000000 0
801838 0.000000 0
801845 0.117710 0
801851 0.000000 0
801858 0.000000 0
801866 0.082120 0
801874 0.000000 0
801882 0.000000 0
801889 0.087860 0
801896 0.000000 0
801904 0.000000 0
801911 0.070630 0
801919 0.000000 0
801926 0.000000 0
801934 0.056200 0
801941 0.000000 0
801948 0.000000 0
801956 0.011050 0
801964 0.000000 0
801972 0.000000 0
801979 0.016100 0
801986 0.000000 0
801994 0.000000 0
802001 0.026780 0
802009 0.000000 0
802016 0.000000 0
802024 0.076650 0
802031 0.000000 0
802038 0.000000 0
802046 0.110280 0
802054 0.000000 0
802062 0.000000 0
802069 0.086020 0
802076 0.000000 0
802084 0.000000 0
802091 0.036850 0
802099 0.000000 0
802106 0.000000 0
802114 0.024080 0
802121 0.000000 0
802128 0.000000 0
802136 0.057130 0
802144 0.000000 0
802152 0.000000 0
802159 0.043670 0
802166 0.000000 0
802174 0.000000 0
802181 0.021740 0
802189 0.000000 0
802196 0.000000 0
802204 0.023760 0
802212 0.000000 0
802220 0.000000 0
802227 0.019130 0
802234 0.000000 0
802242 0.000000 0
802249 0.035580 0
802256 0.000000 0
802264 0.000000 0
802271 0.139910 0
802279 0.000000 0
802286 0.000000 0
802294 0.190400 0
802301 0.000000 0
802308 0.000000 0
802316 0.127410 0
802324 0.000000 0
802332 0.000000 0
802339 0.082760 0
802346 0.000000 0
802354 0.000000 0
802361 0.093420 0
802369 0.000000 0
802376 0.000000 0
802384 0.086810 0
802392 0.000000 0
802400 0.000000 0
802407 0.072650 0
802413 0.000000 0
802420 0.000000 0
802428 0.014080 0
802437 0.000000 0
802444 0.000000 0
802452 0.011720 0
802459 0.000000 0
802466 0.000000 0
802474 0.016100 0
802482 0.000000 0
802490 0.000000 0
802497 0.058460 0
802504 0.000000 0
802512 0.000000 0
802519 0.104950 0
802527 0.000000 0
802534 0.000000 0
802542 0.092590 0
802549 0.000000 0
802556 0.000000 0
802564 0.050170 0
802572 0.000000 0
802580 0.000000 0
802587 0.049870 0
802594 0.000000 0
802602 0.000000 0
802609 0.050920 0
802616 0.000000 0
802624 0.000000 0
802631 0.035580 0
802639 0.000000 0
802646 0.000000 0
802654 0.037660 0
802662 0.000000 0
802670 0.000000 0
802677 0.025600 0
802684 0.000000 0
802692 0.000000 0
802699 0.043490 0
802707 0.000000 0
802714 0.000000 0
802722 0.054540 0
802729 0.000000 0
802736 0.000000 0
802744 0.150070 0
802751 0.000000 0
802758 0.000000 0
802766 0.183630 0
802774 0.000000 0
802782 0.000000 0
802789 0.119110 0
802796 0.000000 0
802804 0.000000 0
802811 0.086900 0
802820 0.000000 0
802828 0.000000 0
802835 0.093980 0
802842 0.000000 0
802850 0.000000 0
802857 0.084230 0
802864 0.000000 0
802872 0.000000 0
802879 0.078310 0
802887 0.000000 0
802894 0.000000 0
802902 0.013520 0
802909 0.000000 0
802916 0.000000 0
802924 0.017460 0
802931 0.000000 0
802938 0.000000 0
802946 0.017010 0
802953 0.000000 0
802960 0.000000 0
802968 0.050780 0
802976 0.000000 0
802984 0.000000 0
802991 0.086900 0
802998 0.000000 0
803006 0.000000 0
803013 0.087160 0
803021 0.000000 0
803028 0.000000 0
803036 0.050480 0
803043 0.000000 0
803050 0.000000 0
803058 0.025910 0
803066 0.000000 0
803074 0.000000 0
803081 0.056600 0
803088 0.000000 0
803096 0.000000 0
803103 0.038270 0
803112 0.000000 0
803120 0.000000 0
803127 0.027050 0
803133 0.000000 0
803140 0.000000 0
803148 0.021390 0
803157 0.000000 0
803164 0.000000 0
803172 0.028170 0
803179 0.000000 0
803186 0.000000 0
803194 0.034270 0
803202 0.000000 0
803210 0.000000 0
803217 0.146840 0
803224 0.000000 0
803232 0.000000 0
803239 0.173160 0
803248 0.000000 0
803256 0.000000 0
803263 0.116400 0
803269 0.000000 0
803276 0.000000 0
803284 0.087250 0
803291 0.000000 0
803298 0.000000 0
803306 0.094390 0
803313 0.000000 0
803320 0.000000 0
803328 0.084050 0
803336 0.000000 0
803344 0.000000 0
803351 0.069540 0
803358 0.000000 0
803366 0.000000 0
803373 0.016100 0
803381 0.000000 0
803388 0.000000 0
803396 0.011050 0
803403 0.000000 0
803410 0.000000 0
803418 0.022770 0
803426 0.000000 0
803434 0.000000 0
803441 0.021740 0
803449 0.000000 0
803456 0.000000 0
803464 0.099050 0
803471 0.000000 0
803478 0.000000 0
803486 0.107550 0
803493 0.000000 0
803500 0.000000 0
803508 0.058980 0
803517 0.000000 0
803524 0.000000 0
803532 0.032670 0
803538 0.000000 0
803546 0.000000 0
803553 0.044010 0
803561 0.000000 0
803568 0.000000 0
803576 0.031250 0
803583 0.000000 0
803590 0.000000 0
803598 0.029740 0
803606 0.000000 0
803614 0.000000 0
803621 0.041700 0
803629 0.000000 0
803636 0.000000 0
803644 0.028700 0
803652 0.000000 0
803660 0.000000 0
803667 0.045550 0
803674 0.000000 0
803682 0.000000 0
803689 0.132010 0
803696 0.000000 0
803704 0.000000 0
803711 0.185700 0
803719 0.000000 0
803726 0.000000 0
803734 0.115480 0
803742 0.000000 0
803750 0.000000 0
803757 0.080990 0
803763 0.000000 0
803770 0.000000 0
803778 0.081650 0
803786 0.000000 0
803794 0.000000 0
803801 0.070850 0
803808 0.000000 0
803816 0.000000 0
803823 0.056600 0
803831 0.000000 0
803838 0.000000 0
803846 0.012340 0
803853 0.000000 0
803860 0.000000 0
803868 0.044530 0
803876 0.000000 0
803884 0.000000 0
803891 0.027340 0
803898 0.000000 0
803906 0.000000 0
803913 0.024080 0
803921 0.000000 0
803928 0.000000 0
803936 0.102010 0
803944 0.000000 0
803952 0.000000 0
803959 0.090760 0
803966 0.000000 0
803974 0.000000 0
803981 0.049870 0
803989 0.000000 0
803996 0.000000 0
804004 0.021030 0
804012 0.000000 0
804020 0.000000 0
804027 0.053830 0
804033 0.000000 0
804040 0.000000 0
804048 0.034930 0
804057 0.000000 0
804064 0.000000 0
804072 0.023760 0
804079 0.000000 0
804086 0.000000 0
804094 0.038070 0
804101 0.000000 0
804108 0.000000 0
804116 0.037460 0
804124 0.000000 0
804132 0.000000 0
804139 0.064300 0
804147 0.000000 0
804154 0.000000 0
804162 0.149610 0
804168 0.000000 0
804176 0.000000 0
804183 0.170890 0
804191 0.000000 0
804198 0.000000 0
804206 0.110410 0
804213 0.000000 0
804220 0.000000 0
804228 0.079470 0
804236 0.000000 0
804244 0.000000 0
804251 0.087250 0
804258 0.000000 0
804266 0.000000 0
804273 0.084600 0
804282 0.000000 0
804290 0.000000 0
804297 0.065130 0
804303 0.000000 0
804310 0.000000 0
804318 0.015120 0
804326 0.000000 0
804334 0.000000 0
804341 0.012950 0
804348 0.000000 0
804356 0.000000 0
804363 0.017900 0
804371 0.000000 0
804378 0.000000 0
804386 0.011050 0
804393 0.000000 0
804400 0.000000 0
804408 0.092520 0
804417 0.000000 0
804424 0.000000 0
804432 0.102010 0
804438 0.000000 0
804446 0.000000 0
804453 0.054540 0
804461 0.000000 0
804468 0.000000 0
804476 0.038670 0
804483 0.000000 0
804490 0.000000 0
804498 0.033830 0
804506 0.000000 0
804514 0.000000 0
804521 0.027340 0
804528 0.000000 0
804536 0.000000 0
804543 0.058060 0
804551 0.000000 0
804558 0.000000 0
804566 0.054260 0
804573 0.000000 0
804580 0.000000 0
804588 0.040020 0
804596 0.000000 0
804604 0.000000 0
804611 0.048940 0
804618 0.000000 0
804626 0.000000 0
804633 0.123090 0
804641 0.000000 0
804648 0.000000 0
804656 0.136770 0
804663 0.000000 0
804670 0.000000 0
804678 0.095280 0
804686 0.000000 0
804694 0.000000 0
804701 0.076540 0
804708 0.000000 0
804716 0.000000 0
804723 0.084600 0
804731 0.000000 0
804738 0.000000 0
804746 0.085130 0
804753 0.000000 0
804760 0.000000 0
804768 0.052550 0
804776 0.000000 0
804784 0.000000 0
804791 0.017460 0
804798 0.000000 0
804806 0.000000 0
804813 0.032670 0
804821 0.000000 0
804828 0.000000 0
804836 0.037260 0
804843 0.000000 0
804850 0.000000 0
804858 0.038860 0
804866 0.000000 0
804874 0.000000 0
804881 0.082490 0
804888 0.000000 0
804896 0.000000 0
804903 0.075640 0
804911 0.000000 0
804918 0.000000 0
804926 0.055790 0
804933 0.000000 0
804940 0.000000 0
804948 0.040410 0
804957 0.000000 0
804964 0.000000 0
804972 0.035160 0
804978 0.000000 0
804986 0.000000 0
804993 0.026780 0
805001 0.000000 0
805008 0.000000 0
805016 0.030000 0
805024 0.000000 0
805032 0.000000 0
805039 0.026780 0
805047 0.000000 0
805054 0.000000 0
805062 0.028430 0
805069 0.000000 0
805076 0.000000 0
805084 0.043840 0
805091 0.000000 0
805098 0.000000 0
805106 0.141050 0
805114 0.000000 0
805122 0.000000 0
805129 0.179720 0
805136 0.000000 0
805144 0.000000 0
805151 0.118290 0
805158 0.000000 0
805166 0.000000 0
805173 0.081280 0
805181 0.000000 0
805188 0.000000 0
805196 0.090350 0
805203 0.000000 0
805210 0.000000 0
805218 0.077930 0
805227 0.000000 0
805234 0.000000 0
805242 0.069430 0
805248 0.000000 0
805256 0.000000 0
805263 0.017460 0
805271 0.000000 0
805278 0.000000 0
805286 0.011050 0
805293 0.000000 0
805300 0.000000 0
805308 0.011720 0
805317 0.000000 0
805324 0.000000 0
805332 0.022770 0
805338 0.000000 0
805346 0.000000 0
805353 0.106970 0
805363 0.000000 0
805370 0.000000 0
805378 0.106970 0
805383 0.000000 0
805390 0.000000 0
805398 0.068210 0
805406 0.000000 0
805414 0.000000 0
805421 0.059880 0
805429 0.000000 0
805436 0.000000 0
805444 0.052110 0
805451 0.000000 0
805458 0.000000 0
805466 0.019130 0
805473 0.000000 0
805480 0.000000 0
805488 0.031720 0
805496 0.000000 0
805504 0.000000 0
805511 0.030000 0
805519 0.000000 0
805526 0.000000 0
805534 0.028170 0
805541 0.000000 0
805548 0.000000 0
805556 0.051820 0
805564 0.000000 0
805572 0.000000 0
805579 0.114950 0
805586 0.000000 0
805594 0.000000 0
805601 0.167970 0
805608 0.000000 0
805616 0.000000 0
805623 0.107610 0
805631 0.000000 0
805638 0.000000 0
805646 0.080230 0
805653 0.000000 0
805660 0.000000 0
805668 0.090930 0
805676 0.000000 0
805684 0.000000 0
805691 0.068670 0
805698 0.000000 0
805706 0.000000 0
805713 0.052550 0
805721 0.000000 0
805728 0.000000 0
805736 0.013520 0
805743 0.000000 0
805750 0.000000 0
805758 0.026200 0
805766 0.000000 0
805774 0.000000 0
805781 0.011050 0
805788 0.000000 0
805796 0.000000 0
805803 0.012340 0
805811 0.000000 0
805818 0.000000 0
805826 0.096790 0
805834 0.000000 0
805842 0.000000 0
805849 0.090520 0
805856 0.000000 0
805864 0.000000 0
805871 0.053700 0
805880 0.000000 0
805888 0.000000 0
805895 0.044880 0
805901 0.000000 0
805908 0.000000 0
805916 0.034040 0
805925 0.000000 0
805932 0.000000 0
805940 0.019530 0
805947 0.000000 0
805954 0.000000 0
805962 0.025310 0
805970 0.000000 0
805978 0.000000 0
805985 0.025600 0
805992 0.000000 0
806000 0.000000 0
806007 0.046050 0
806015 0.000000 0
806022 0.000000 0
806030 0.069980 0
806036 0.000000 0
806044 0.000000 0
806051 0.151580 0
806059 0.000000 0
806066 0.000000 0
806074 0.184910 0
806081 0.000000 0
806088 0.000000 0
806096 0.116330 0
806104 0.000000 0
806112 0.000000 0
806119 0.091260 0
806126 0.000000 0
806134 0.000000 0
806141 0.097410 0
806150 0.000000 0
806158 0.000000 0
806165 0.083860 0
806171 0.000000 0
806178 0.000000 0
806186 0.060260 0
806195 0.000000 0
806202 0.000000 0
806210 0.014600 0
806216 0.000000 0
806224 0.000000 0
806231 0.024380 0
806239 0.000000 0
806246 0.000000 0
806254 0.017010 0
806261 0.000000 0
806268 0.000000 0
806276 0.030990 0
806284 0.000000 0
806292 0.000000 0
806299 0.085760 0
806306 0.000000 0
806314 0.000000 0
806321 0.089160 0
806329 0.000000 0
806336 0.000000 0
806344 0.048780 0
806351 0.000000 0
806358 0.000000 0
806366 0.033830 0
806374 0.000000 0
806382 0.000000 0
806389 0.023760 0
806396 0.000000 0
806404 0.000000 0
806411 0.022770 0
806419 0.000000 0
806426 0.000000 0
806434 0.021740 0
806441 0.000000 0
806448 0.000000 0
806456 0.017460 0
806464 0.000000 0
806472 0.000000 0
806479 0.032670 0
806487 0.000000 0
806494 0.000000 0
806502 0.054120 0
806509 0.000000 0
806516 0.000000 0
806524 0.146780 0
806531 0.000000 0
806538 0.000000 0
806546 0.192550 0
806554 0.000000 0
806562 0.000000 0
806569 0.124930 0
806576 0.000000 0
806584 0.000000 0
806591 0.090180 0
806599 0.000000 0
806606 0.000000 0
806614 0.092270 0
806621 0.000000 0
806628 0.000000 0
806636 0.087430 0
806644 0.000000 0
806652 0.000000 0
806659 0.069320 0
806666 0.000000 0
806674 0.000000 0
806681 0.012340 0
806689 0.000000 0
806696 0.000000 0
806704 0.030990 0
806711 0.000000 0
806718 0.000000 0
806726 0.030240 0
806734 0.000000 0
806742 0.000000 0
806749 0.027620 0
806756 0.000000 0
806764 0.000000 0
806771 0.078510 0
806779 0.000000 0
806786 0.000000 0
806794 0.074420 0
806801 0.000000 0
806808 0.000000 0
806816 0.060380 0
806824 0.000000 0
806832 0.000000 0
806839 0.032910 0
806846 0.000000 0
806854 0.000000 0
806861 0.030000 0
806869 0.000000 0
806876 0.000000 0
806884 0.029740 0
806891 0.000000 0
806898 0.000000 0
806906 0.027620 0
806914 0.000000 0
806922 0.000000 0
806929 0.054400 0
806936 0.000000 0
806944 0.000000 0
806951 0.051670 0
806959 0.000000 0
806966 0.000000 0
806974 0.063830 0
806981 0.000000 0
806988 0.000000 0
806996 0.130500 0
807004 0.000000 0
807012 0.000000 0
807019 0.178620 0
807026 0.000000 0
807034 0.000000 0
807041 0.113540 0
807049 0.000000 0
807056 0.000000 0
807064 0.085940 0
807071 0.000000 0
807078 0.000000 0
807086 0.089750 0
807094 0.000000 0
807102 0.000000 0
807109 0.081380 0
807116 0.000000 0
807124 0.000000 0
807131 0.062730 0
807139 0.000000 0
807146 0.000000 0
807154 0.025310 0
807161 0.000000 0
807168 0.000000 0
807176 0.010330 0
807184 0.000000 0
807192 0.000000 0
807199 0.016570 0
807206 0.000000 0
807214 0.000000 0
807221 0.030750 0
807229 0.000000 0
807236 0.000000 0
807244 0.098270 0
807251 0.000000 0
807258 0.000000 0
807266 0.105030 0
807275 0.000000 0
807282 0.000000 0
807290 0.050480 0
807296 0.000000 0
807304 0.000000 0
807311 0.035160 0
807319 0.000000 0
807326 0.000000 0
807334 0.039060 0
807341 0.000000 0
807348 0.000000 0
807356 0.012950 0
807364 0.000000 0
807372 0.000000 0
807379 0.022100 0
807386 0.000000 0
807394 0.000000 0
807401 0.018310 0
807409 0.000000 0
807416 0.000000 0
807424 0.032440 0
807431 0.000000 0
807438 0.000000 0
807446 0.064420 0
807454 0.000000 0
807462 0.000000 0
807469 0.129370 0
807476 0.000000 0
807484 0.000000 0
807491 0.168180 0
807499 0.000000 0
807506 0.000000 0
807514 0.106320 0
807521 0.000000 0
807528 0.000000 0
807536 0.078710 0
807544 0.000000 0
807552 0.000000 0
807559 0.081380 0
807566 0.000000 0
807574 0.000000 0
807581 0.085220 0
807589 0.000000 0
807596 0.000000 0
807604 0.067540 0
807611 0.000000 0
807618 0.000000 0
807626 0.029740 0
807634 0.000000 0
807642 0.000000 0
807649 0.029220 0
807656 0.000000 0
807664 0.000000 0
807671 0.032210 0
807679 0.000000 0
807686 0.000000 0
807694 0.032670 0
807702 0.000000 0
807710 0.000000 0
807717 0.066510 0
807724 0.000000 0
807732 0.000000 0
807739 0.064770 0
807747 0.000000 0
807754 0.000000 0
807762 0.043320 0
807769 0.000000 0
807776 0.000000 0
807784 0.018720 0
807792 0.000000 0
807800 0.000000 0
807807 0.034040 0
807814 0.000000 0
807822 0.000000 0
807829 0.017460 0
807836 0.000000 0
807844 0.000000 0
807851 0.021030 0
807859 0.000000 0
807866 0.000000 0
807874 0.014080 0
807882 0.000000 0
807890 0.000000 0
807897 0.011720 0
807904 0.000000 0
807912 0.000000 0
807919 0.012950 0
807927 0.000000 0
807934 0.000000 0
807942 0.100800 0
807949 0.000000 0
807956 0.000000 0
807964 0.103930 0
807972 0.000000 0
807980 0.000000 0
807987 0.081740 0
807994 0.000000 0
808002 0.000000 0
808009 0.110830 0
808016 0.000000 0
808024 0.000000 0
808031 0.132570 0
808039 0.000000 0
808046 0.000000 0
808054 0.116140 0
808061 0.000000 0
808068 0.000000 0
808076 0.082120 0
808084 0.000000 0
808092 0.000000 0
808099 0.022430 0
808107 0.000000 0
808114 0.000000 0
808122 0.029220 0
808129 0.000000 0
808136 0.000000 0
808144 0.035370 0
808152 0.000000 0
808160 0.000000 0
808167 0.032210 0
808174 0.000000 0
808182 0.000000 0
808189 0.093170 0
808196 0.000000 0
808204 0.000000 0
808211 0.111440 0
808219 0.000000 0
808226 0.000000 0
808234 0.074420 0
808242 0.000000 0
808250 0.000000 0
808257 0.097890 0
808264 0.000000 0
808272 0.000000 0
808279 0.120900 0
808287 0.000000 0
808294 0.000000 0
808302 0.076650 0
808310 0.000000 0
808318 0.000000 0
808325 0.047350 0
808332 0.000000 0
808340 0.000000 0
808347 0.030500 0
808354 0.000000 0
808362 0.000000 0
808369 0.032210 0
808377 0.000000 0
808384 0.000000 0
808392 0.055790 0
808399 0.000000 0
808406 0.000000 0
808414 0.056460 0
808422 0.000000 0
808430 0.000000 0
808437 0.090760 0
808443 0.000000 0
808450 0.000000 0
808458 0.069870 0
808467 0.000000 0
808474 0.000000 0
808482 0.087860 0
808488 0.000000 0
808496 0.000000 0
808503 0.103200 0
808511 0.000000 0
808518 0.000000 0
808526 0.105240 0
808533 0.000000 0
808540 0.000000 0
808548 0.080610 0
808557 0.000000 0
808564 0.000000 0
808572 0.023100 0
808578 0.000000 0
808586 0.000000 0
808593 0.017460 0
808602 0.000000 0
808610 0.000000 0
808617 0.033140 0
808623 0.000000 0
808630 0.000000 0
808638 0.038270 0
808647 0.000000 0
808654 0.000000 0
808662 0.095920 0
808668 0.000000 0
808676 0.000000 0
808683 0.103410 0
808692 0.000000 0
808700 0.000000 0
808707 0.057130 0
808713 0.000000 0
808720 0.000000 0
808728 0.028430 0
808737 0.000000 0
808744 0.000000 0
808752 0.040020 0
808758 0.000000 0
808766 0.000000 0
808773 0.028170 0
808782 0.000000 0
808790 0.000000 0
808797 0.028700 0
808803 0.000000 0
808810 0.000000 0
808818 0.033140 0
808826 0.000000 0
808834 0.000000 0
808841 0.050480 0
808849 0.000000 0
808856 0.000000 0
808864 0.061260 0
808872 0.000000 0
808880 0.000000 0
808887 0.121970 0
808894 0.000000 0
808902 0.000000 0
808909 0.125600 0
808918 0.000000 0
808926 0.000000 0
808933 0.095750 0
808939 0.000000 0
808946 0.000000 0
808954 0.116990 0
808962 0.000000 0
808970 0.000000 0
808977 0.122770 0
808983 0.000000 0
808990 0.000000 0
808998 0.115080 0
809007 0.000000 0
809014 0.000000 0
809022 0.083960 0
809028 0.000000 0
809036 0.000000 0
809043 0.017010 0
809051 0.000000 0
809058 0.000000 0
809066 0.018720 0
809073 0.000000 0
809080 0.000000 0
809088 0.023100 0
809096 0.000000 0
809104 0.000000 0
809111 0.028430 0
809118 0.000000 0
809126 0.000000 0
809133 0.093980 0
809141 0.000000 0
809148 0.000000 0
809156 0.092350 0
809164 0.000000 0
809172 0.000000 0
809179 0.064180 0
809186 0.000000 0
809194 0.000000 0
809201 0.045380 0
809209 0.000000 0
809216 0.000000 0
809224 0.048940 0
809231 0.000000 0
809238 0.000000 0
809246 0.030750 0
809255 0.000000 0
809262 0.000000 0
809270 0.023100 0
809276 0.000000 0
809284 0.000000 0
809291 0.021390 0
809300 0.000000 0
809308 0.000000 0
809315 0.025600 0
809321 0.000000 0
809328 0.000000 0
809336 0.075230 0
809345 0.000000 0
809352 0.000000 0
809360 0.134360 0
809366 0.000000 0
809374 0.000000 0
809381 0.119750 0
809388 0.000000 0
809396 0.000000 0
809403 0.093340 0
809411 0.000000 0
809418 0.000000 0
809426 0.101340 0
809433 0.000000 0
809440 0.000000 0
809448 0.117710 0
809456 0.000000 0
809464 0.000000 0
809471 0.114490 0
809478 0.000000 0
809486 0.000000 0
809493 0.077440 0
809501 0.000000 0
809508 0.000000 0
809516 0.016570 0
809525 0.000000 0
809532 0.000000 0
809540 0.009570 0
809546 0.000000 0
809554 0.000000 0
809561 0.016100 0
809569 0.000000 0
809576 0.000000 0
809584 0.032670 0
809591 0.000000 0
809598 0.000000 0
809606 0.105750 0
809614 0.000000 0
809622 0.000000 0
809629 0.103930 0
809636 0.000000 0
809644 0.000000 0
809651 0.061390 0
809659 0.000000 0
809666 0.000000 0
809674 0.039640 0
809681 0.000000 0
809688 0.000000 0
809696 0.044360 0
809704 0.000000 0
809712 0.000000 0
809719 0.022770 0
809726 0.000000 0
809734 0.000000 0
809741 0.025600 0
809749 0.000000 0
809756 0.000000 0
809764 0.031720 0
809771 0.000000 0
809778 0.000000 0
809786 0.035580 0
809794 0.000000 0
809802 0.000000 0
809809 0.062120 0
809816 0.000000 0
809824 0.000000 0
809831 0.132460 0
809840 0.000000 0
809848 0.000000 0
809855 0.128910 0
809861 0.000000 0
809868 0.000000 0
809876 0.096640 0
809884 0.000000 0
809892 0.000000 0
809899 0.115400 0
809906 0.000000 0
809914 0.000000 0
809921 0.122530 0
809930 0.000000 0
809938 0.000000 0
809945 0.123280 0
809951 0.000000 0
809958 0.000000 0
809966 0.079580 0
809974 0.000000 0
809982 0.000000 0
809989 0.019530 0
809996 0.000000 0
810004 0.000000 0
810011 0.025010 0
810019 0.000000 0
810026 0.000000 0
810034 0.014600 0
810041 0.000000 0
810048 0.000000 0
810056 0.035370 0
810064 0.000000 0
810072 0.000000 0
810079 0.104520 0
810086 0.000000 0
810094 0.000000 0
810101 0.084050 0
810109 0.000000 0
810116 0.000000 0
810124 0.057270 0
810131 0.000000 0
810138 0.000000 0
810146 0.029740 0
810154 0.000000 0
810162 0.000000 0
810169 0.035160 0
810176 0.000000 0
810184 0.000000 0
810191 0.019910 0
810199 0.000000 0
810206 0.000000 0
810214 0.025010 0
810221 0.000000 0
810228 0.000000 0
810236 0.025310 0
810244 0.000000 0
810252 0.000000 0
810259 0.044190 0
810266 0.000000 0
810274 0.000000 0
810281 0.063580 0
810289 0.000000 0
810296 0.000000 0
810304 0.126150 0
810311 0.000000 0
810318 0.000000 0
810326 0.134630 0
810334 0.000000 0
810342 0.000000 0
810349 0.103350 0
810356 0.000000 0
810364 0.000000 0
810371 0.119190 0
810379 0.000000 0
810386 0.000000 0
810394 0.124560 0
810401 0.000000 0
810408 0.000000 0
810416 0.126450 0
810424 0.000000 0
810432 0.000000 0
810439 0.069210 0
810446 0.000000 0
810454 0.000000 0
810461 0.019530 0
810469 0.000000 0
810476 0.000000 0
810484 0.017460 0
810491 0.000000 0
810498 0.000000 0
810506 0.015120 0
810514 0.000000 0
810522 0.000000 0
810529 0.017900 0
810536 0.000000 0
810544 0.000000 0
810551 0.121840 0
810559 0.000000 0
810566 0.000000 0
810574 0.106970 0
810581 0.000000 0
810588 0.000000 0
810596 0.068880 0
810604 0.000000 0
810612 0.000000 0
810619 0.044880 0
810626 0.000000 0
810634 0.000000 0
810641 0.054830 0
810649 0.000000 0
810656 0.000000 0
810664 0.026200 0
810671 0.000000 0
810678 0.000000 0
810686 0.023440 0
810695 0.000000 0
810702 0.000000 0
810710 0.023760 0
810716 0.000000 0
810724 0.000000 0
810731 0.033830 0
810739 0.000000 0
810746 0.000000 0
810754 0.069110 0
810761 0.000000 0
810768 0.000000 0
810776 0.127170 0
810784 0.000000 0
810792 0.000000 0
810799 0.130890 0
810806 0.000000 0
810814 0.000000 0
810821 0.107960 0
810829 0.000000 0
810836 0.000000 0
810844 0.124250 0
810851 0.000000 0
810858 0.000000 0
810866 0.124800 0
810874 0.000000 0
810882 0.000000 0
810889 0.128910 0
810896 0.000000 0
810904 0.000000 0
810911 0.077530 0
810919 0.000000 0
810926 0.000000 0
810934 0.021030 0
810941 0.000000 0
810948 0.000000 0
810956 0.011050 0
810964 0.000000 0
810972 0.000000 0
810979 0.013520 0
810987 0.000000 0
810994 0.000000 0
811002 0.016100 0
811009 0.000000 0
811016 0.000000 0
811024 0.131300 0
811032 0.000000 0
811040 0.000000 0
811047 0.116590 0
811054 0.000000 0
811062 0.000000 0
811069 0.062610 0
811077 0.000000 0
811084 0.000000 0
811092 0.049410 0
811099 0.000000 0
811106 0.000000 0
811114 0.044010 0
811121 0.000000 0
811128 0.000000 0
811136 0.028960 0
811144 0.000000 0
811152 0.000000 0
811159 0.016570 0
811166 0.000000 0
811174 0.000000 0
811181 0.019130 0
811189 0.000000 0
811196 0.000000 0
811204 0.022100 0
811212 0.000000 0
811220 0.000000 0
811227 0.037870 0
811234 0.000000 0
811242 0.000000 0
811249 0.047350 0
811257 0.000000 0
811264 0.000000 0
811272 0.033830 0
811279 0.000000 0
811286 0.000000 0
811294 0.045210 0
811302 0.000000 0
811310 0.000000 0
811317 0.058720 0
811324 0.000000 0
811332 0.000000 0
811339 0.041890 0
811347 0.000000 0
811354 0.000000 0
811362 0.043320 0
811369 0.000000 0
811376 0.000000 0
811384 0.044710 0
811391 0.000000 0
811398 0.000000 0
811406 0.050480 0
811414 0.000000 0
811422 0.000000 0
811429 0.047840 0
811436 0.000000 0
811444 0.000000 0
811451 0.050020 0
811459 0.000000 0
811466 0.000000 0
811474 0.048630 0
811481 0.000000 0
811488 0.000000 0
811496 0.053270 0
811504 0.000000 0
811512 0.000000 0
811519 0.061750 0
811526 0.000000 0
811534 0.000000 0
811541 0.075140 0
811549 0.000000 0
811556 0.000000 0
811564 0.069320 0
811572 0.000000 0
811580 0.000000 0
811587 0.067080 0
811594 0.000000 0
811602 0.000000 0
811609 0.051960 0
811616 0.000000 0
811624 0.000000 0
811631 0.034490 0
811639 0.000000 0
811646 0.000000 0
811654 0.066970 0
811662 0.000000 0
811670 0.000000 0
811677 0.078420 0
811684 0.000000 0
811692 0.000000 0
811699 0.056200 0
811707 0.000000 0
811714 0.000000 0
811722 0.053970 0
811729 0.000000 0
811736 0.000000 0
811744 0.065830 0
811752 0.000000 0
811760 0.000000 0
811767 0.054690 0
811774 0.000000 0
811782 0.000000 0
811789 0.063460 0
811797 0.000000 0
811804 0.000000 0
811812 0.062500 0
811819 0.000000 0
811826 0.000000 0
811834 0.050480 0
811842 0.000000 0
811850 0.000000 0
811857 0.047350 0
811864 0.000000 0
811872 0.000000 0
811879 0.036640 0
811886 0.000000 0
811894 0.000000 0
811901 0.064180 0
811909 0.000000 0
811916 0.000000 0
811924 0.077330 0
811931 0.000000 0
811938 0.000000 0
811946 0.070190 0
811954 0.000000 0
811962 0.000000 0
811969 0.073590 0
811976 0.000000 0
811984 0.000000 0
811991 0.077440 0
811999 0.000000 0
812006 0.000000 0
812014 0.066290 0
812022 0.000000 0
812030 0.000000 0
812037 0.063940 0
812044 0.000000 0
812052 0.000000 0
812059 0.064180 0
812067 0.000000 0
812074 0.000000 0
812082 0.076940 0
812089 0.000000 0
812096 0.000000 0
812104 0.072340 0
812112 0.000000 0
812120 0.000000 0
812127 0.081830 0
812134 0.000000 0
812142 0.000000 0
812149 0.086460 0
812156 0.000000 0
812164 0.000000 0
812171 0.091260 0
812179 0.000000 0
812186 0.000000 0
812194 0.120900 0
812202 0.000000 0
812210 0.000000 0
812217 0.129140 0
812224 0.000000 0
812232 0.000000 0
812239 0.115400 0
812247 0.000000 0
812254 0.000000 0
812262 0.108600 0
812268 0.000000 0
812276 0.000000 0
812283 0.103410 0
812293 0.000000 0
812300 0.000000 0
812308 0.105530 0
812314 0.000000 0
812322 0.000000 0
812329 0.061010 0
812337 0.000000 0
812344 0.000000 0
812352 0.034710 0
812359 0.000000 0
812366 0.000000 0
812374 0.016570 0
812382 0.000000 0
812390 0.000000 0
812397 0.019530 0
812404 0.000000 0
812412 0.000000 0
812419 0.025600 1
812427 0.000000 0
812434 0.000000 0
812442 0.095670 1
812449 0.000000 0
812456 0.000000 0
812464 0.100720 1
812472 0.000000 0
812480 0.000000 0
812487 0.047990 1
812494 0.000000 0
812502 0.000000 0
812509 0.038470 1
812517 0.000000 0
812524 0.000000 0
812532 0.032670 1
812538 0.000000 0
812546 0.000000 0
812553 0.017010 1
812561 0.000000 0
812568 0.000000 0
812576 0.033370 1
812583 0.000000 0
812590 0.000000 0
812598 0.035580 1
812606 0.000000 0
812614 0.000000 0
812621 0.040020 1
812628 0.000000 0
812636 0.000000 0
812643 0.038270 1
812651 0.000000 0
812658 0.000000 0
812666 0.098820 1
812673 0.000000 0
812680 0.000000 0
812688 0.105820 1
812696 0.000000 0
812704 0.000000 0
812711 0.084140 1
812718 0.000000 0
812726 0.000000 0
812733 0.115080 1
812741 0.000000 0
812748 0.000000 0
812756 0.118730 1
812763 0.000000 0
812770 0.000000 0
812778 0.116590 1
812786 0.000000 0
812794 0.000000 0
812801 0.054690 1
812808 0.000000 0
812816 0.000000 0
812823 0.027890 1
812832 0.000000 0
812840 0.000000 0
812847 0.015630 1
812853 0.000000 0
812860 0.000000 0
812868 0.017900 1
812876 0.000000 0
812884 0.000000 0
812891 0.019910 1
812898 0.000000 0
812906 0.000000 0
812913 0.110960 1
812921 0.000000 0
812928 0.000000 0
812936 0.096940 1
812943 0.000000 0
812950 0.000000 0
812958 0.057540 1
812966 0.000000 0
812974 0.000000 0
812981 0.043670 1
812988 0.000000 0
812996 0.000000 0
813003 0.035580 1
813011 0.000000 0
813018 0.000000 0
813026 0.034040 1
813033 0.000000 0
813040 0.000000 0
813048 0.044190 1
813056 0.000000 0
813064 0.000000 0
813071 0.041890 1
813078 0.000000 0
813086 0.000000 0
813093 0.037050 1
813101 0.000000 0
813108 0.000000 0
813116 0.037460 1
813123 0.000000 0
813130 0.000000 0
813138 0.086810 1
813146 0.000000 0
813154 0.000000 0
813161 0.095350 1
813168 0.000000 0
813176 0.000000 0
813183 0.072240 1
813192 0.000000 0
813200 0.000000 0
813207 0.110410 1
813213 0.000000 0
813220 0.000000 0
813228 0.118350 1
813237 0.000000 0
813244 0.000000 0
813252 0.118150 1
813258 0.000000 0
813266 0.000000 0
813273 0.066060 1
813281 0.000000 0
813288 0.000000 0
813296 0.037260 1
813303 0.000000 0
813310 0.000000 0
813318 0.026200 1
813326 0.000000 0
813334 0.000000 0
813341 0.029220 1
813348 0.000000 0
813356 0.000000 0
813363 0.030990 1
813371 0.000000 0
813378 0.000000 0
813386 0.092850 1
813393 0.000000 0
813400 0.000000 0
813408 0.087860 1
813416 0.000000 0
813424 0.000000 0
813431 0.054540 1
813438 0.000000 0
813446 0.000000 0
813453 0.051820 1
813461 0.000000 0
813468 0.000000 0
813476 0.042600 1
813483 0.000000 0
813490 0.000000 0
813498 0.037870 1
813506 0.000000 0
813514 0.000000 0
813521 0.030500 1
813528 0.000000 0
813536 0.000000 0
813543 0.033600 1
813551 0.000000 0
813558 0.000000 0
813566 0.017460 1
813573 0.000000 0
813580 0.000000 0
813588 0.027890 1
813596 0.000000 0
813604 0.000000 0
813611 0.113740 1
813619 0.000000 0
813626 0.000000 0
813634 0.116000 1
813641 0.000000 0
813648 0.000000 0
813656 0.090930 1
813663 0.000000 0
813670 0.000000 0
813678 0.113150 1
813686 0.000000 0
813694 0.000000 0
813701 0.113540 1
813708 0.000000 0
813716 0.000000 0
813723 0.124860 1
813731 0.000000 0
813738 0.000000 0
813746 0.063830 1
813753 0.000000 0
813760 0.000000 0
813768 0.027620 1
813776 0.000000 0
813784 0.000000 0
813791 0.023100 1
813798 0.000000 0
813806 0.000000 0
813813 0.017460 1
813821 0.000000 0
813828 0.000000 0
813836 0.039440 1
813843 0.000000 0
813850 0.000000 0
813858 0.109710 1
813866 0.000000 0
813874 0.000000 0
813881 0.090520 1
813888 0.000000 0
813896 0.000000 0
813903 0.044710 1
813911 0.000000 0
813918 0.000000 0
813926 0.051960 1
813933 0.000000 0
813940 0.000000 0
813948 0.032440 1
813956 0.000000 0
813964 0.000000 0
813971 0.012950 1
813978 0.000000 0
813986 0.000000 0
813993 0.014600 1
814001 0.000000 0
814008 0.000000 0
814016 0.042070 1
814023 0.000000 0
814030 0.000000 0
814038 0.044010 1
814046 0.000000 0
814054 0.000000 0
814061 0.042790 1
814068 0.000000 0
814076 0.000000 0
814083 0.108670 1
814091 0.000000 0
814098 0.000000 0
814106 0.113210 1
814113 0.000000 0
814120 0.000000 0
814128 0.084410 1
814136 0.000000 0
814144 0.000000 0
814151 0.104520 1
814158 0.000000 0
814166 0.000000 0
814173 0.104880 1
814181 0.000000 0
814188 0.000000 0
814196 0.118610 1
814203 0.000000 0
814210 0.000000 0
814218 0.060500 1
814226 0.000000 0
814234 0.000000 0
814241 0.026200 1
814248 0.000000 0
814256 0.000000 0
814263 0.030750 1
814271 0.000000 0
814278 0.000000 0
814286 0.038860 1
814293 0.000000 0
814300 0.000000 0
814308 0.026490 1
814317 0.000000 0
814324 0.000000 0
814332 0.111440 1
814338 0.000000 0
814346 0.000000 0
814353 0.090680 1
814362 0.000000 0
814370 0.000000 0
814377 0.051670 1
814383 0.000000 0
814390 0.000000 0
814398 0.061010 1
814407 0.000000 0
814414 0.000000 0
814422 0.047350 1
814428 0.000000 0
814436 0.000000 0
814443 0.025600 1
814451 0.000000 0
814458 0.000000 0
814466 0.018720 1
814474 0.000000 0
814482 0.000000 0
814489 0.030750 1
814497 0.000000 0
814504 0.000000 0
814512 0.061260 1
814518 0.000000 0
814526 0.000000 0
814533 0.051670 1
814543 0.000000 0
814550 0.000000 0
814558 0.107550 1
814563 0.000000 0
814570 0.000000 0
814578 0.125780 1
814587 0.000000 0
814594 0.000000 0
814602 0.088810 1
814608 0.000000 0
814616 0.000000 0
814623 0.102160 1
814631 0.000000 0
814638 0.000000 0
814646 0.101780 1
814653 0.000000 0
814660 0.000000 0
814668 0.110960 1
814676 0.000000 0
814684 0.000000 0
814691 0.050170 1
814698 0.000000 0
814706 0.000000 0
814713 0.024080 1
814722 0.000000 0
814730 0.000000 0
814737 0.025310 1
814743 0.000000 0
814750 0.000000 0
814758 0.028430 1
814766 0.000000 0
814774 0.000000 0
814781 0.043490 1
814788 0.000000 0
814796 0.000000 0
814803 0.109090 1
814811 0.000000 0
814818 0.000000 0
814826 0.098120 1
814833 0.000000 0
814840 0.000000 0
814848 0.038470 1
814856 0.000000 0
814864 0.000000 0
814871 0.034490 1
814878 0.000000 0
814886 0.000000 0
814893 0.040020 1
814901 0.000000 0
814908 0.000000 0
814916 0.038470 1
814924 0.000000 0
814932 0.000000 0
814939 0.033140 1
814946 0.000000 0
814954 0.000000 0
814961 0.037260 1
814969 0.000000 0
814976 0.000000 0
814984 0.043670 1
814991 0.000000 0
814998 0.000000 0
815006 0.036010 1
815014 0.000000 0
815022 0.000000 0
815029 0.109380 1
815037 0.000000 0
815044 0.000000 0
815052 0.130310 1
815059 0.000000 0
815066 0.000000 0
815074 0.092520 1
815083 0.000000 0
815090 0.000000 0
815098 0.100650 1
815104 0.000000 0
815112 0.000000 0
815119 0.101700 1
815126 0.000000 0
815134 0.000000 0
815141 0.110200 1
815148 0.000000 0
815156 0.000000 0
815163 0.050480 1
815172 0.000000 0
815180 0.000000 0
815187 0.030240 1
815193 0.000000 0
815200 0.000000 0
815208 0.027340 1
815216 0.000000 0
815224 0.000000 0
815231 0.031480 1
815238 0.000000 0
815246 0.000000 0
815253 0.039830 1
815261 0.000000 0
815268 0.000000 0
815276 0.084230 1
815283 0.000000 0
815290 0.000000 0
815298 0.091430 1
815306 0.000000 0
815314 0.000000 0
815321 0.052110 1
815328 0.000000 0
815336 0.000000 0
815343 0.045380 1
815351 0.000000 0
815358 0.000000 0
815366 0.045720 1
815373 0.000000 0
815380 0.000000 0
815388 0.030500 1
815397 0.000000 0
815404 0.000000 0
815412 0.031970 1
815419 0.000000 0
815426 0.000000 0
815434 0.035160 1
815441 0.000000 0
815448 0.000000 0
815456 0.052690 1
815463 0.000000 0
815470 0.000000 0
815478 0.045880 1
815486 0.000000 0
815494 0.000000 0
815501 0.094220 1
815508 0.000000 0
815516 0.000000 0
815523 0.124070 1
815532 0.000000 0
815540 0.000000 0
815547 0.097730 1
815553 0.000000 0
815560 0.000000 0
815568 0.099580 1
815576 0.000000 0
815584 0.000000 0
815591 0.104520 1
815598 0.000000 0
815606 0.000000 0
815613 0.112460 1
815622 0.000000 0
815630 0.000000 0
815637 0.051670 1
815643 0.000000 0
815650 0.000000 0
815658 0.025310 1
815667 0.000000 0
815674 0.000000 0
815682 0.033140 1
815688 0.000000 0
815696 0.000000 0
815703 0.025310 1
815712 0.000000 0
815720 0.000000 0
815727 0.031250 1
815733 0.000000 0
815740 0.000000 0
815748 0.087430 1
815756 0.000000 0
815764 0.000000 0
815771 0.094470 1
815778 0.000000 0
815786 0.000000 0
815793 0.048630 1
815801 0.000000 0
815808 0.000000 0
815816 0.083770 1
815823 0.000000 0
815830 0.000000 0
815838 0.086020 1
815847 0.000000 0
815854 0.000000 0
815862 0.059360 1
815868 0.000000 0
815876 0.000000 0
815883 0.034040 1
815891 0.000000 0
815898 0.000000 0
815906 0.021030 1
815913 0.000000 0
815920 0.000000 0
815928 0.028170 1
815937 0.000000 0
815944 0.000000 0
815952 0.045880 1
815958 0.000000 0
815966 0.000000 0
815973 0.039250 1
815982 0.000000 0
815990 0.000000 0
815997 0.098120 1
816003 0.000000 0
816010 0.000000 0
816018 0.064880 1
816026 0.000000 0
816034 0.000000 0
816041 0.069660 1
816048 0.000000 0
816056 0.000000 0
816063 0.080990 1
816071 0.000000 0
816078 0.000000 0
816086 0.095520 1
816093 0.000000 0
816100 0.000000 0
816108 0.047200 1
816117 0.000000 0
816124 0.000000 0
816132 0.028430 1
816138 0.000000 0
816146 0.000000 0
816153 0.023440 1
816161 0.000000 0
816168 0.000000 0
816176 0.024700 1
816183 0.000000 0
816190 0.000000 0
816198 0.023760 1
816206 0.000000 0
816214 0.000000 0
816221 0.097490 1
816228 0.000000 0
816236 0.000000 0
816243 0.095120 1
816251 0.000000 0
816258 0.000000 0
816266 0.058980 1
816273 0.000000 0
816280 0.000000 0
816288 0.033370 1
816296 0.000000 0
816304 0.000000 0
816311 0.037260 1
816318 0.000000 0
816326 0.000000 0
816333 0.025010 1
816341 0.000000 0
816348 0.000000 0
816356 0.034490 1
816363 0.000000 0
816370 0.000000 0
816378 0.038670 1
816386 0.000000 0
816394 0.000000 0
816401 0.053560 1
816408 0.000000 0
816416 0.000000 0
816423 0.052110 1
816431 0.000000 0
816438 0.000000 0
816446 0.092180 1
816453 0.000000 0
816460 0.000000 0
816468 0.135150 1
816476 0.000000 0
816484 0.000000 0
816491 0.092270 1
816498 0.000000 0
816506 0.000000 0
816513 0.093490 1
816521 0.000000 0
816528 0.000000 0
816536 0.105320 1
816543 0.000000 0
816550 0.000000 0
816558 0.112810 1
816567 0.000000 0
816574 0.000000 0
816582 0.050780 1
816588 0.000000 0
816596 0.000000 0
816603 0.026780 1
816611 0.000000 0
816618 0.000000 0
816626 0.026490 1
816634 0.000000 0
816642 0.000000 0
816649 0.033370 1
816656 0.000000 0
816664 0.000000 0
816671 0.040590 1
816678 0.000000 0
816686 0.000000 0
816693 0.087770 1
816701 0.000000 0
816708 0.000000 0
816716 0.083410 1
816723 0.000000 0
816730 0.000000 0
816738 0.048160 1
816747 0.000000 0
816754 0.000000 0
816762 0.051670 1
816768 0.000000 0
816776 0.000000 0
816783 0.046540 1
816791 0.000000 0
816798 0.000000 0
816806 0.018310 1
816814 0.000000 0
816822 0.000000 0
816829 0.024380 1
816836 0.000000 0
816844 0.000000 0
816851 0.030240 1
816858 0.000000 0
816866 0.000000 0
816873 0.058460 1
816881 0.000000 0
816888 0.000000 0
816896 0.044010 1
816903 0.000000 0
816910 0.000000 0
816918 0.089420 1
816926 0.000000 0
816934 0.000000 0
816941 0.130790 1
816948 0.000000 0
816956 0.000000 0
816963 0.093980 1
816972 0.000000 0
816980 0.000000 0
816987 0.095200 1
816993 0.000000 0
817000 0.000000 0
817008 0.103720 1
817017 0.000000 0
817024 0.000000 0
817032 0.110140 1
817038 0.000000 0
817046 0.000000 0
817053 0.052550 1
817062 0.000000 0
817070 0.000000 0
817077 0.023760 1
817083 0.000000 0
817090 0.000000 0
817098 0.019130 1
817106 0.000000 0
817114 0.000000 0
817121 0.023760 1
817128 0.000000 0
817136 0.000000 0
817143 0.081180 1
817151 0.000000 0
817158 0.000000 0
817166 0.104740 1
817173 0.000000 0
817180 0.000000 0
817188 0.093000 1
817196 0.000000 0
817204 0.000000 0
817211 0.047030 1
817218 0.000000 0
817226 0.000000 0
817233 0.050170 1
817241 0.000000 0
817248 0.000000 0
817256 0.042250 1
817263 0.000000 0
817270 0.000000 0
817278 0.019530 1
817286 0.000000 0
817294 0.000000 0
817301 0.027050 1
817309 0.000000 0
817316 0.000000 0
817324 0.025910 1
817331 0.000000 0
817338 0.000000 0
817346 0.048160 1
817354 0.000000 0
817362 0.000000 0
817369 0.045880 1
817377 0.000000 0
817384 0.000000 0
817392 0.095670 1
817398 0.000000 0
817406 0.000000 0
817413 0.135990 1
817421 0.000000 0
817428 0.000000 0
817436 0.097660 1
817443 0.000000 0
817450 0.000000 0
817458 0.096150 1
817466 0.000000 0
817474 0.000000 0
817481 0.109650 1
817488 0.000000 0
817496 0.000000 0
817503 0.107180 1
817512 0.000000 0
817520 0.000000 0
817527 0.050170 1
817533 0.000000 0
817540 0.000000 0
817548 0.026200 1
817556 0.000000 0
817564 0.000000 0
817571 0.022100 1
817578 0.000000 0
817586 0.000000 0
817593 0.027340 1
817602 0.000000 0
817610 0.000000 0
817617 0.028960 1
817623 0.000000 0
817630 0.000000 0
817638 0.107180 1
817646 0.000000 0
817654 0.000000 0
817661 0.093100 1
817668 0.000000 0
817676 0.000000 0
817683 0.036220 1
817691 0.000000 0
817698 0.000000 0
817706 0.054400 1
817713 0.000000 0
817720 0.000000 0
817728 0.050920 1
817737 0.000000 0
817744 0.000000 0
817752 0.031970 1
817759 0.000000 0
817766 0.000000 0
817774 0.025310 1
817781 0.000000 0
817788 0.000000 0
817796 0.029480 1
817804 0.000000 0
817812 0.000000 0
817819 0.029220 1
817827 0.000000 0
817834 0.000000 0
817842 0.048780 1
817849 0.000000 0
817856 0.000000 0
817864 0.099500 1
817871 0.000000 0
817878 0.000000 0
817886 0.154130 1
817894 0.000000 0
817902 0.000000 0
817909 0.114150 1
817917 0.000000 0
817924 0.000000 0
817932 0.092520 1
817939 0.000000 0
817946 0.000000 0
817954 0.104810 1
817961 0.000000 0
817968 0.000000 0
817976 0.110750 1
817983 0.000000 0
817990 0.000000 0
817998 0.051380 1
818006 0.000000 0
818014 0.000000 0
818021 0.028700 1
818028 0.000000 0
818036 0.000000 0
818043 0.017900 1
818051 0.000000 0
818058 0.000000 0
818066 0.018310 1
818073 0.000000 0
818080 0.000000 0
818088 0.044010 1
818096 0.000000 0
818104 0.000000 0
818111 0.103350 1
818119 0.000000 0
818126 0.000000 0
818134 0.102680 1
818141 0.000000 0
818148 0.000000 0
818156 0.054960 1
818164 0.000000 0
818172 0.000000 0
818179 0.050480 1
818186 0.000000 0
818194 0.000000 0
818201 0.037870 1
818210 0.000000 0
818218 0.000000 0
818225 0.027050 1
818231 0.000000 0
818238 0.000000 0
818246 0.025600 1
818254 0.000000 0
818262 0.000000 0
818269 0.033830 1
818276 0.000000 0
818284 0.000000 0
818291 0.030750 1
818299 0.000000 0
818306 0.000000 0
818314 0.040770 1
818321 0.000000 0
818328 0.000000 0
818336 0.098120 1
818344 0.000000 0
818352 0.000000 0
818359 0.155320 1
818366 0.000000 0
818374 0.000000 0
818381 0.110410 1
818390 0.000000 0
818398 0.000000 0
818405 0.093980 1
818411 0.000000 0
818418 0.000000 0
818426 0.111160 1
818433 0.000000 0
818440 0.000000 0
818448 0.108110 1
818456 0.000000 0
818464 0.000000 0
818471 0.046050 1
818478 0.000000 0
818486 0.000000 0
818493 0.021740 1
818501 0.000000 0
818508 0.000000 0
818516 0.029480 1
818523 0.000000 0
818530 0.000000 0
818538 0.018310 1
818547 0.000000 0
818554 0.000000 0
818562 0.033140 1
818570 0.000000 0
818578 0.000000 0
818585 0.116460 1
818591 0.000000 0
818598 0.000000 0
818606 0.105390 1
818614 0.000000 0
818622 0.000000 0
818629 0.058060 1
818636 0.000000 0
818644 0.000000 0
818651 0.059620 1
818659 0.000000 0
818666 0.000000 0
818674 0.052260 1
818681 0.000000 0
818688 0.000000 0
818696 0.019910 1
818704 0.000000 0
818712 0.000000 0
818719 0.028170 1
818726 0.000000 0
818734 0.000000 0
818741 0.042420 1
818749 0.000000 0
818756 0.000000 0
818764 0.041700 1
818771 0.000000 0
818778 0.000000 0
818786 0.049710 1
818794 0.000000 0
818802 0.000000 0
818809 0.090010 1
818816 0.000000 0
818824 0.000000 0
818831 0.150880 1
818839 0.000000 0
818846 0.000000 0
818854 0.109090 1
818861 0.000000 0
818868 0.000000 0
818876 0.082950 1
818884 0.000000 0
818892 0.000000 0
818899 0.097410 1
818906 0.000000 0
818914 0.000000 0
818921 0.100500 1
818930 0.000000 0
818938 0.000000 0
818945 0.043490 1
818952 0.000000 0
818960 0.000000 0
818967 0.026780 1
818974 0.000000 0
818982 0.000000 0
818989 0.027050 1
818996 0.000000 0
819004 0.000000 0
819011 0.019910 1
819019 0.000000 0
819026 0.000000 0
819034 0.019910 1
819041 0.000000 0
819048 0.000000 0
819056 0.105680 1
819064 0.000000 0
819072 0.000000 0
819079 0.090520 1
819086 0.000000 0
819094 0.000000 0
819101 0.044010 1
819109 0.000000 0
819116 0.000000 0
819124 0.055920 1
819131 0.000000 0
819138 0.000000 0
819146 0.056460 1
819154 0.000000 0
819162 0.000000 0
819169 0.037460 1
819176 0.000000 0
819184 0.000000 0
819191 0.053410 1
819199 0.000000 0
819206 0.000000 0
819214 0.050920 1
819221 0.000000 0
819228 0.000000 0
819236 0.043490 1
819244 0.000000 0
819252 0.000000 0
819259 0.055790 1
819266 0.000000 0
819274 0.000000 0
819281 0.085130 1
819289 0.000000 0
819296 0.000000 0
819304 0.143040 1
819311 0.000000 0
819318 0.000000 0
819326 0.101780 1
819334 0.000000 0
819342 0.000000 0
819349 0.073700 1
819356 0.000000 0
819364 0.000000 0
819371 0.092590 1
819379 0.000000 0
819386 0.000000 0
819394 0.097260 1
819401 0.000000 0
819408 0.000000 0
819416 0.045880 1
819424 0.000000 0
819432 0.000000 0
819439 0.025310 1
819446 0.000000 0
819454 0.000000 0
819461 0.019910 1
819469 0.000000 0
819476 0.000000 0
819484 0.019910 1
819491 0.000000 0
819498 0.000000 0
819506 0.046220 1
819514 0.000000 0
819522 0.000000 0
819529 0.093340 1
819536 0.000000 0
819544 0.000000 0
819551 0.084860 1
819559 0.000000 0
819566 0.000000 0
819574 0.041150 1
819581 0.000000 0
819588 0.000000 0
819596 0.055240 1
819605 0.000000 0
819612 0.000000 0
819620 0.047200 1
819626 0.000000 0
819634 0.000000 0
819641 0.043490 1
819649 0.000000 0
819656 0.000000 0
819664 0.039060 1
819671 0.000000 0
819678 0.000000 0
819686 0.044010 1
819695 0.000000 0
819702 0.000000 0
819710 0.048940 1
819716 0.000000 0
819724 0.000000 0
819731 0.056600 1
819739 0.000000 0
819746 0.000000 0
819754 0.086550 1
819762 0.000000 0
819770 0.000000 0
819777 0.129780 1
819784 0.000000 0
819792 0.000000 0
819799 0.091430 1
819806 0.000000 0
819814 0.000000 0
819821 0.076340 1
819829 0.000000 0
819836 0.000000 0
819844 0.088030 1
819852 0.000000 0
819860 0.000000 0
819867 0.090760 1
819874 0.000000 0
819882 0.000000 0
819889 0.041520 1
819897 0.000000 0
819904 0.000000 0
819912 0.017900 1
819919 0.000000 0
819926 0.000000 0
819934 0.024380 1
819942 0.000000 0
819950 0.000000 0
819957 0.013520 1
819964 0.000000 0
819972 0.000000 0
819979 0.028430 1
819986 0.000000 0
819994 0.000000 0
820001 0.090010 1
820009 0.000000 0
820016 0.000000 0
820024 0.089230 1
820032 0.000000 0
820040 0.000000 0
820047 0.045720 1
820054 0.000000 0
820062 0.000000 0
820069 0.060500 1
820077 0.000000 0
820084 0.000000 0
820092 0.053560 1
820099 0.000000 0
820106 0.000000 0
820114 0.033600 1
820121 0.000000 0
820128 0.000000 0
820136 0.039640 1
820144 0.000000 0
820152 0.000000 0
820159 0.051820 1
820166 0.000000 0
820174 0.000000 0
820181 0.052260 1
820189 0.000000 0
820196 0.000000 0
820204 0.053410 1
820212 0.000000 0
820220 0.000000 0
820227 0.088470 1
820234 0.000000 0
820242 0.000000 0
820249 0.139910 1
820257 0.000000 0
820264 0.000000 0
820272 0.102160 1
820279 0.000000 0
820286 0.000000 0
820294 0.076840 1
820302 0.000000 0
820310 0.000000 0
820317 0.094640 1
820324 0.000000 0
820332 0.000000 0
820339 0.102530 1
820347 0.000000 0
820354 0.000000 0
820362 0.045380 1
820369 0.000000 0
820376 0.000000 0
820384 0.025600 1
820392 0.000000 0
820400 0.000000 0
820407 0.027340 1
820414 0.000000 0
820422 0.000000 0
820429 0.035800 1
820436 0.000000 0
820444 0.000000 0
820451 0.047520 1
820459 0.000000 0
820466 0.000000 0
820474 0.094320 1
820481 0.000000 0
820488 0.000000 0
820496 0.089420 1
820504 0.000000 0
820512 0.000000 0
820519 0.052110 1
820527 0.000000 0
820534 0.000000 0
820542 0.046710 1
820549 0.000000 0
820556 0.000000 0
820564 0.045720 1
820571 0.000000 0
820578 0.000000 0
820586 0.040410 1
820594 0.000000 0
820602 0.000000 0
820609 0.042970 1
820617 0.000000 0
820624 0.000000 0
820632 0.040020 1
820638 0.000000 0
820646 0.000000 0
820653 0.057130 1
820661 0.000000 0
820668 0.000000 0
820676 0.048310 1
820683 0.000000 0
820690 0.000000 0
820698 0.083040 1
820706 0.000000 0
820714 0.000000 0
820721 0.129780 1
820728 0.000000 0
820736 0.000000 0
820743 0.089420 1
820751 0.000000 0
820758 0.000000 0
820766 0.080140 1
820773 0.000000 0
820780 0.000000 0
820788 0.091600 1
820797 0.000000 0
820804 0.000000 0
820812 0.092180 1
820818 0.000000 0
820826 0.000000 0
820833 0.046050 1
820842 0.000000 0
820850 0.000000 0
820857 0.026490 1
820863 0.000000 0
820870 0.000000 0
820878 0.026490 1
820887 0.000000 0
820894 0.000000 0
820902 0.025910 1
820908 0.000000 0
820916 0.000000 0
820923 0.030750 1
820931 0.000000 0
820938 0.000000 0
820946 0.100950 1
820953 0.000000 0
820960 0.000000 0
820968 0.082670 1
820976 0.000000 0
820984 0.000000 0
820991 0.039250 1
820998 0.000000 0
821006 0.000000 0
821013 0.060140 1
821021 0.000000 0
821028 0.000000 0
821036 0.043320 1
821043 0.000000 0
821050 0.000000 0
821058 0.025310 1
821066 0.000000 0
821074 0.000000 0
821081 0.032670 1
821088 0.000000 0
821096 0.000000 0
821103 0.046540 1
821112 0.000000 0
821120 0.000000 0
821127 0.040960 1
821134 0.000000 0
821142 0.000000 0
821149 0.043320 1
821156 0.000000 0
821164 0.000000 0
821171 0.101780 1
821179 0.000000 0
821186 0.000000 0
821194 0.172050 1
821202 0.000000 0
821210 0.000000 0
821217 0.116530 1
821224 0.000000 0
821232 0.000000 0
821239 0.085310 1
821246 0.000000 0
821254 0.000000 0
821261 0.101700 1
821268 0.000000 0
821276 0.000000 0
821283 0.097180 1
821292 0.000000 0
821300 0.000000 0
821307 0.042970 1
821313 0.000000 0
821320 0.000000 0
821328 0.030000 1
821337 0.000000 0
821344 0.000000 0
821352 0.023440 1
821358 0.000000 0
821366 0.000000 0
821373 0.017010 1
821381 0.000000 0
821388 0.000000 0
821396 0.043320 1
821403 0.000000 0
821410 0.000000 0
821418 0.099280 1
821426 0.000000 0
821434 0.000000 0
821441 0.086380 1
821448 0.000000 0
821456 0.000000 0
821463 0.035160 1
821471 0.000000 0
821478 0.000000 0
821486 0.041340 1
821493 0.000000 0
821500 0.000000 0
821508 0.039250 1
821517 0.000000 0
821524 0.000000 0
821532 0.028700 1
821538 0.000000 0
821546 0.000000 0
821553 0.030990 1
821562 0.000000 0
821570 0.000000 0
821577 0.035370 1
821584 0.000000 0
821592 0.000000 0
821599 0.029740 1
821606 0.000000 0
821614 0.000000 0
821621 0.043840 1
821629 0.000000 0
821636 0.000000 0
821644 0.100110 1
821653 0.000000 0
821660 0.000000 0
821668 0.162940 1
821674 0.000000 0
821682 0.000000 0
821689 0.115740 1
821697 0.000000 0
821704 0.000000 0
821712 0.081650 1
821718 0.000000 0
821726 0.000000 0
821733 0.097960 1
821741 0.000000 0
821748 0.000000 0
821756 0.092010 1
821763 0.000000 0
821770 0.000000 0
821778 0.041700 1
821786 0.000000 0
821794 0.000000 0
821801 0.026490 1
821808 0.000000 0
821816 0.000000 0
821823 0.018310 1
821831 0.000000 0
821838 0.000000 0
821846 0.014600 1
821853 0.000000 0
821860 0.000000 0
821868 0.053120 1
821877 0.000000 0
821884 0.000000 0
821892 0.105320 1
821898 0.000000 0
821906 0.000000 0
821913 0.094390 1
821921 0.000000 0
821928 0.000000 0
821936 0.045040 1
821943 0.000000 0
821950 0.000000 0
821958 0.060500 1
821966 0.000000 0
821974 0.000000 0
821981 0.052400 1
821988 0.000000 0
821996 0.000000 0
822003 0.032210 1
822012 0.000000 0
822020 0.000000 0
822027 0.037460 1
822034 0.000000 0
822042 0.000000 0
822049 0.033370 1
822056 0.000000 0
822064 0.000000 0
822071 0.039250 1
822078 0.000000 0
822086 0.000000 0
822093 0.044190 1
822101 0.000000 0
822108 0.000000 0
822116 0.102240 1
822123 0.000000 0
822130 0.000000 0
822138 0.170930 1
822146 0.000000 0
822154 0.000000 0
822161 0.122960 1
822168 0.000000 0
822176 0.000000 0
822183 0.074830 1
822192 0.000000 0
822200 0.000000 0
822207 0.104300 1
822213 0.000000 0
822220 0.000000 0
822228 0.095120 1
822236 0.000000 0
822244 0.000000 0
822251 0.044880 1
822258 0.000000 0
822266 0.000000 0
822273 0.022100 1
822282 0.000000 0
822290 0.000000 0
822297 0.028960 1
822303 0.000000 0
822310 0.000000 0
822318 0.032670 1
822326 0.000000 0
822334 0.000000 0
822341 0.039440 1
822348 0.000000 0
822356 0.000000 0
822363 0.102830 1
822371 0.000000 0
822378 0.000000 0
822386 0.089660 1
822393 0.000000 0
822400 0.000000 0
822408 0.049410 1
822416 0.000000 0
822424 0.000000 0
822431 0.053270 1
822438 0.000000 0
822446 0.000000 0
822453 0.044010 1
822461 0.000000 0
822468 0.000000 0
822476 0.025010 1
822483 0.000000 0
822490 0.000000 0
822498 0.044710 1
822506 0.000000 0
822514 0.000000 0
822521 0.028430 1
822528 0.000000 0
822536 0.000000 0
822543 0.035370 1
822551 0.000000 0
822558 0.000000 0
822566 0.042420 1
822574 0.000000 0
822582 0.000000 0
822589 0.107900 1
822596 0.000000 0
822604 0.000000 0
822611 0.178910 1
822618 0.000000 0
822626 0.000000 0
822633 0.114270 1
822642 0.000000 0
822650 0.000000 0
822657 0.070080 1
822663 0.000000 0
822670 0.000000 0
822678 0.095350 1
822686 0.000000 0
822694 0.000000 0
822701 0.085040 1
822708 0.000000 0
822716 0.000000 0
822723 0.040210 1
822731 0.000000 0
822738 0.000000 0
822746 0.022430 1
822753 0.000000 0
822760 0.000000 0
822768 0.031480 1
822776 0.000000 0
822784 0.000000 0
822791 0.019910 1
822799 0.000000 0
822806 0.000000 0
822814 0.034710 1
822822 0.000000 0
822830 0.000000 0
822837 0.078420 1
822844 0.000000 0
822852 0.000000 0
822859 0.089070 1
822866 0.000000 0
822874 0.000000 0
822881 0.047030 1
822889 0.000000 0
822896 0.000000 0
822904 0.039640 1
822912 0.000000 0
822920 0.000000 0
822927 0.032670 1
822934 0.000000 0
822942 0.000000 0
822949 0.050630 1
822958 0.000000 0
822966 0.000000 0
822973 0.041890 1
822979 0.000000 0
822986 0.000000 0
822994 0.040020 1
823001 0.000000 0
823008 0.000000 0
823016 0.030500 1
823024 0.000000 0
823032 0.000000 0
823039 0.053410 1
823046 0.000000 0
823054 0.000000 0
823061 0.093250 1
823069 0.000000 0
823076 0.000000 0
823084 0.171110 1
823091 0.000000 0
823098 0.000000 0
823106 0.119250 1
823114 0.000000 0
823122 0.000000 0
823129 0.080900 1
823136 0.000000 0
823144 0.000000 0
823151 0.109930 1
823158 0.000000 0
823166 0.000000 0
823173 0.090420 1
823181 0.000000 0
823188 0.000000 0
823196 0.045720 1
823203 0.000000 0
823210 0.000000 0
823218 0.029220 1
823226 0.000000 0
823234 0.000000 0
823241 0.031480 1
823248 0.000000 0
823256 0.000000 0
823263 0.025600 1
823272 0.000000 0
823280 0.000000 0
823287 0.033140 1
823293 0.000000 0
823300 0.000000 0
823308 0.103410 1
823316 0.000000 0
823324 0.000000 0
823331 0.109790 1
823338 0.000000 0
823346 0.000000 0
823353 0.049260 1
823361 0.000000 0
823368 0.000000 0
823376 0.086640 1
823383 0.000000 0
823390 0.000000 0
823398 0.091600 1
823406 0.000000 0
823414 0.000000 0
823421 0.055650 1
823428 0.000000 0
823436 0.000000 0
823443 0.030240 1
823451 0.000000 0
823458 0.000000 0
823466 0.032910 1
823473 0.000000 0
823480 0.000000 0
823488 0.033370 1
823497 0.000000 0
823504 0.000000 0
823512 0.029220 1
823518 0.000000 0
823526 0.000000 0
823533 0.049710 1
823541 0.000000 0
823548 0.000000 0
823556 0.127530 1
823564 0.000000 0
823572 0.000000 0
823579 0.083860 1
823587 0.000000 0
823594 0.000000 0
823602 0.052690 1
823608 0.000000 0
823616 0.000000 0
823623 0.087340 1
823631 0.000000 0
823638 0.000000 0
823646 0.080700 1
823653 0.000000 0
823660 0.000000 0
823668 0.042070 1
823676 0.000000 0
823684 0.000000 0
823691 0.018720 1
823698 0.000000 0
823706 0.000000 0
823713 0.017460 1
823721 0.000000 0
823728 0.000000 0
823736 0.023440 1
823744 0.000000 0
823752 0.000000 0
823759 0.030000 1
823766 0.000000 0
823774 0.000000 0
823781 0.095600 1
823790 0.000000 0
823798 0.000000 0
823805 0.083220 1
823811 0.000000 0
823818 0.000000 0
823826 0.048460 1
823834 0.000000 0
823842 0.000000 0
823849 0.061880 1
823856 0.000000 0
823864 0.000000 0
823871 0.054830 1
823879 0.000000 0
823886 0.000000 0
823894 0.032210 1
823901 0.000000 0
823908 0.000000 0
823916 0.043840 1
823924 0.000000 0
823932 0.000000 0
823939 0.041150 1
823946 0.000000 0
823954 0.000000 0
823961 0.041520 1
823969 0.000000 0
823976 0.000000 0
823984 0.045040 1
823991 0.000000 0
823998 0.000000 0
824006 0.097730 1
824014 0.000000 0
824022 0.000000 0
824029 0.163230 1
824036 0.000000 0
824044 0.000000 0
824051 0.114350 1
824059 0.000000 0
824066 0.000000 0
824074 0.076540 1
824081 0.000000 0
824088 0.000000 0
824096 0.122350 1
824104 0.000000 0
824112 0.000000 0
824119 0.099500 1
824126 0.000000 0
824134 0.000000 0
824141 0.043140 1
824150 0.000000 0
824158 0.000000 0
824165 0.024380 1
824171 0.000000 0
824178 0.000000 0
824186 0.025600 1
824195 0.000000 0
824202 0.000000 0
824210 0.040770 1
824216 0.000000 0
824224 0.000000 0
824231 0.053970 1
824240 0.000000 0
824248 0.000000 0
824255 0.093250 1
824261 0.000000 0
824268 0.000000 0
824276 0.080230 1
824284 0.000000 0
824292 0.000000 0
824299 0.036850 1
824306 0.000000 0
824314 0.000000 0
824321 0.046880 1
824329 0.000000 0
824336 0.000000 0
824344 0.041150 1
824351 0.000000 0
824358 0.000000 0
824366 0.032440 1
824375 0.000000 0
824382 0.000000 0
824390 0.033600 1
824396 0.000000 0
824404 0.000000 0
824411 0.042970 1
824420 0.000000 0
824428 0.000000 0
824435 0.038860 1
824441 0.000000 0
824448 0.000000 0
824456 0.055240 1
824464 0.000000 0
824472 0.000000 0
824479 0.097960 1
824486 0.000000 0
824494 0.000000 0
824501 0.162710 1
824509 0.000000 0
824516 0.000000 0
824524 0.103200 1
824531 0.000000 0
824538 0.000000 0
824546 0.066640 1
824554 0.000000 0
824562 0.000000 0
824569 0.108810 1
824576 0.000000 0
824584 0.000000 0
824591 0.092180 1
824599 0.000000 0
824606 0.000000 0
824614 0.042790 1
824621 0.000000 0
824628 0.000000 0
824636 0.023760 1
824644 0.000000 0
824652 0.000000 0
824659 0.019530 1
824666 0.000000 0
824674 0.000000 0
824681 0.015630 1
824689 0.000000 0
824696 0.000000 0
824704 0.021390 1
824711 0.000000 0
824718 0.000000 0
824726 0.082220 1
824734 0.000000 0
824742 0.000000 0
824749 0.088380 1
824756 0.000000 0
824764 0.000000 0
824771 0.047350 1
824779 0.000000 0
824786 0.000000 0
824794 0.061140 1
824801 0.000000 0
824808 0.000000 0
824816 0.049870 1
824824 0.000000 0
824832 0.000000 0
824839 0.032210 1
824846 0.000000 0
824854 0.000000 0
824861 0.036220 1
824870 0.000000 0
824878 0.000000 0
824885 0.031720 1
824891 0.000000 0
824898 0.000000 0
824906 0.039440 1
824914 0.000000 0
824922 0.000000 0
824929 0.040770 1
824936 0.000000 0
824944 0.000000 0
824951 0.103640 1
824959 0.000000 0
824966 0.000000 0
824974 0.182710 1
824981 0.000000 0
824988 0.000000 0
824996 0.121660 1
825004 0.000000 0
825012 0.000000 0
825019 0.070850 1
825026 0.000000 0
825034 0.000000 0
825041 0.122470 1
825049 0.000000 0
825056 0.000000 0
825064 0.094960 1
825071 0.000000 0
825078 0.000000 0
825086 0.043670 1
825094 0.000000 0
825102 0.000000 0
825109 0.028960 1
825116 0.000000 0
825124 0.000000 0
825131 0.031250 1
825139 0.000000 0
825146 0.000000 0
825154 0.036010 1
825162 0.000000 0
825170 0.000000 0
825177 0.036420 1
825184 0.000000 0
825192 0.000000 0
825199 0.091100 1
825206 0.000000 0
825214 0.000000 0
825221 0.084950 1
825229 0.000000 0
825236 0.000000 0
825244 0.052550 1
825252 0.000000 0
825260 0.000000 0
825267 0.039440 1
825274 0.000000 0
825282 0.000000 0
825289 0.032670 1
825296 0.000000 0
825304 0.000000 0
825311 0.038270 1
825319 0.000000 0
825326 0.000000 0
825334 0.044360 1
825341 0.000000 0
825348 0.000000 0
825356 0.029740 1
825364 0.000000 0
825372 0.000000 0
825379 0.031970 1
825387 0.000000 0
825394 0.000000 0
825402 0.031970 1
825409 0.000000 0
825416 0.000000 0
825424 0.098820 1
825431 0.000000 0
825438 0.000000 0
825446 0.173860 1
825454 0.000000 0
825462 0.000000 0
825469 0.113540 1
825476 0.000000 0
825484 0.000000 0
825491 0.074010 1
825499 0.000000 0
825506 0.000000 0
825514 0.113820 1
825521 0.000000 0
825528 0.000000 0
825536 0.083130 1
825543 0.000000 0
825550 0.000000 0
825558 0.041150 1
825567 0.000000 0
825574 0.000000 0
825582 0.026200 1
825589 0.000000 0
825596 0.000000 0
825604 0.024700 1
825612 0.000000 0
825620 0.000000 0
825627 0.025600 1
825634 0.000000 0
825642 0.000000 0
825649 0.025910 1
825657 0.000000 0
825664 0.000000 0
825672 0.099500 1
825679 0.000000 0
825686 0.000000 0
825694 0.086200 1
825702 0.000000 0
825710 0.000000 0
825717 0.039640 1
825724 0.000000 0
825732 0.000000 0
825739 0.053270 1
825747 0.000000 0
825754 0.000000 0
825762 0.036640 1
825768 0.000000 0
825776 0.000000 0
825783 0.027050 1
825791 0.000000 0
825798 0.000000 0
825806 0.023440 1
825813 0.000000 0
825820 0.000000 0
825828 0.029220 1
825836 0.000000 0
825844 0.000000 0
825851 0.043140 1
825858 0.000000 0
825866 0.000000 0
825873 0.046880 1
825881 0.000000 0
825888 0.000000 0
825896 0.100040 1
825903 0.000000 0
825910 0.000000 0
825918 0.165730 1
825927 0.000000 0
825934 0.000000 0
825942 0.113480 1
825948 0.000000 0
825956 0.000000 0
825963 0.070740 1
825972 0.000000 0
825980 0.000000 0
825987 0.123830 1
825993 0.000000 0
826000 0.000000 0
826008 0.082490 1
826016 0.000000 0
826024 0.000000 0
826031 0.039640 1
826038 0.000000 0
826046 0.000000 0
826053 0.027890 1
826061 0.000000 0
826068 0.000000 0
826076 0.044190 1
826083 0.000000 0
826090 0.000000 0
826098 0.047350 1
826106 0.000000 0
826114 0.000000 0
826121 0.031480 1
826128 0.000000 0
826136 0.000000 0
826143 0.086990 1
826152 0.000000 0
826160 0.000000 0
826167 0.075440 1
826173 0.000000 0
826180 0.000000 0
826188 0.056600 1
826196 0.000000 0
826204 0.000000 0
826211 0.040960 1
826218 0.000000 0
826226 0.000000 0
826233 0.037660 1
826241 0.000000 0
826248 0.000000 0
826256 0.029480 1
826263 0.000000 0
826270 0.000000 0
826278 0.041150 1
826287 0.000000 0
826294 0.000000 0
826302 0.028960 1
826308 0.000000 0
826316 0.000000 0
826323 0.044190 1
826331 0.000000 0
826338 0.000000 0
826346 0.032910 1
826353 0.000000 0
826360 0.000000 0
826368 0.062500 1
826376 0.000000 0
826384 0.000000 0
826391 0.019130 1
826398 0.000000 0
826406 0.000000 0
826413 0.011050 1
826423 0.000000 0
826430 0.000000 0
826438 0.003910 0
826444 0.000000 0
826452 0.000000 0
826459 0.014080 0
826467 0.000000 0
826474 0.000000 0
826482 0.030240 0
826489 0.000000 0
826496 0.000000 0
826504 0.080700 0
826512 0.000000 0
826520 0.000000 0
826527 0.095600 0
826534 0.000000 0
826542 0.000000 0
826549 0.097810 0
826557 0.000000 0
826564 0.000000 0
826572 0.095600 0
826579 0.000000 0
826586 0.000000 0
826594 0.081180 0
826601 0.000000 0
826608 0.000000 0
826616 0.103120 0
826624 0.000000 0
826632 0.000000 0
826639 0.112460 0
826646 0.000000 0
826654 0.000000 0
826661 0.082580 0
826670 0.000000 0
826678 0.000000 0
826685 0.062850 0
826691 0.000000 0
826698 0.000000 0
826706 0.052840 0
826715 0.000000 0
826722 0.000000 0
826730 0.059360 0
826736 0.000000 0
826744 0.000000 0
826751 0.070080 0
826760 0.000000 0
826768 0.000000 0
826775 0.065130 0
826781 0.000000 0
826788 0.000000 0
826796 0.079290 0
826805 0.000000 0
826812 0.000000 0
826820 0.057800 0
826826 0.000000 0
826834 0.000000 0
826841 0.031720 0
826850 0.000000 0
826858 0.000000 0
826865 0.010330 0
826871 0.000000 0
826878 0.000000 0
826886 0.014080 0
826895 0.000000 0
826902 0.000000 0
826910 0.019910 0
826917 0.000000 0
826924 0.000000 0
826932 0.029220 0
826940 0.000000 0
826948 0.000000 0
826955 0.027890 0
826962 0.000000 0
826970 0.000000 0
826977 0.025310 0
826985 0.000000 0
826992 0.000000 0
827000 0.038270 0
827007 0.000000 0
827014 0.000000 0
827022 0.061510 0
827030 0.000000 0
827038 0.000000 0
827045 0.042070 0
827051 0.000000 0
827058 0.000000 0
827066 0.042970 0
827075 0.000000 0
827082 0.000000 0
827090 0.062500 0
827096 0.000000 0
827104 0.000000 0
827111 0.076140 0
827120 0.000000 0
827128 0.000000 0
827135 0.089420 0
827141 0.000000 0
827148 0.000000 0
827156 0.090090 0
827164 0.000000 0
827172 0.000000 0
827179 0.093900 0
827186 0.000000 0
827194 0.000000 0
827201 0.091360 0
827210 0.000000 0
827218 0.000000 0
827225 0.091940 0
827231 0.000000 0
827238 0.000000 0
827246 0.087340 0
827255 0.000000 0
827262 0.000000 0
827270 0.088810 0
827276 0.000000 0
827284 0.000000 0
827291 0.101180 0
827299 0.000000 0
827306 0.000000 0
827314 0.138320 0
827321 0.000000 0
827328 0.000000 0
827336 0.190010 0
827344 0.000000 0
827352 0.000000 0
827359 0.145420 0
827366 0.000000 0
827374 0.000000 0
827381 0.085760 0
827389 0.000000 0
827396 0.000000 0
827404 0.102310 0
827411 0.000000 0
827418 0.000000 0
827426 0.074310 0
827434 0.000000 0
827442 0.000000 0
827449 0.037050 0
827456 0.000000 0
827464 0.000000 0
827471 0.021030 0
827480 0.000000 0
827488 0.000000 0
827495 0.030000 0
827501 0.000000 0
827508 0.000000 0
827516 0.021390 0
827525 0.000000 0
827532 0.000000 0
827540 0.026490 0
827546 0.000000 0
827554 0.000000 0
827561 0.070740 0
827569 0.000000 0
827576 0.000000 0
827584 0.063710 0
827591 0.000000 0
827598 0.000000 0
827606 0.038270 0
827614 0.000000 0
827622 0.000000 0
827629 0.030500 0
827636 0.000000 0
827644 0.000000 0
827651 0.031250 0
827659 0.000000 0
827666 0.000000 0
827674 0.041700 0
827681 0.000000 0
827688 0.000000 0
827696 0.039440 0
827704 0.000000 0
827712 0.000000 0
827719 0.026200 0
827726 0.000000 0
827734 0.000000 0
827741 0.037870 0
827749 0.000000 0
827756 0.000000 0
827764 0.041150 0
827771 0.000000 0
827778 0.000000 0
827786 0.097960 0
827794 0.000000 0
827802 0.000000 0
827809 0.152040 0
827816 0.000000 0
827824 0.000000 0
827831 0.095840 0
827839 0.000000 0
827846 0.000000 0
827854 0.067990 0
827861 0.000000 0
827868 0.000000 0
827876 0.124010 0
827884 0.000000 0
827892 0.000000 0
827899 0.088030 0
827906 0.000000 0
827914 0.000000 0
827921 0.043670 0
827929 0.000000 0
827936 0.000000 0
827944 0.037260 0
827951 0.000000 0
827958 0.000000 0
827966 0.033370 0
827974 0.000000 0
827982 0.000000 0
827989 0.032210 0
827996 0.000000 0
828004 0.000000 0
828011 0.041340 0
828019 0.000000 0
828026 0.000000 0
828034 0.081380 0
828041 0.000000 0
828048 0.000000 0
828056 0.062500 0
828064 0.000000 0
828072 0.000000 0
828079 0.037660 0
828086 0.000000 0
828094 0.000000 0
828101 0.053270 0
828109 0.000000 0
828116 0.000000 0
828124 0.044010 0
828131 0.000000 0
828138 0.000000 0
828146 0.022100 0
828155 0.000000 0
828162 0.000000 0
828170 0.028960 0
828176 0.000000 0
828184 0.000000 0
828191 0.033370 0
828199 0.000000 0
828206 0.000000 0
828214 0.033600 0
828221 0.000000 0
828228 0.000000 0
828236 0.042790 0
828244 0.000000 0
828252 0.000000 0
828259 0.081380 0
828266 0.000000 0
828274 0.000000 0
828281 0.150010 0
828289 0.000000 0
828296 0.000000 0
828304 0.103790 0
828311 0.000000 0
828318 0.000000 0
828326 0.075640 0
828334 0.000000 0
828342 0.000000 0
828349 0.141860 0
828356 0.000000 0
828364 0.000000 0
828371 0.093340 0
828379 0.000000 0
828386 0.000000 0
828394 0.049410 0
828401 0.000000 0
828408 0.000000 0
828416 0.023100 0
828424 0.000000 0
828432 0.000000 0
828439 0.037660 0
828446 0.000000 0
828454 0.000000 0
828461 0.022770 0
828469 0.000000 0
828476 0.000000 0
828484 0.043320 0
828491 0.000000 0
828498 0.000000 0
828506 0.074620 0
828514 0.000000 0
828522 0.000000 0
828529 0.079850 0
828536 0.000000 0
828544 0.000000 0
828551 0.039440 0
828559 0.000000 0
828566 0.000000 0
828574 0.047840 0
828581 0.000000 0
828588 0.000000 0
828596 0.043670 0
828604 0.000000 0
828612 0.000000 0
828619 0.035160 0
828627 0.000000 0
828634 0.000000 0
828642 0.026780 0
828649 0.000000 0
828656 0.000000 0
828664 0.025310 0
828671 0.000000 0
828678 0.000000 0
828686 0.060880 0
828694 0.000000 0
828702 0.000000 0
828709 0.047030 0
828716 0.000000 0
828724 0.000000 0
828731 0.080140 0
828739 0.000000 0
828746 0.000000 0
828754 0.148840 0
828761 0.000000 0
828768 0.000000 0
828776 0.092520 0
828784 0.000000 0
828792 0.000000 0
828799 0.075030 0
828806 0.000000 0
828814 0.000000 0
828821 0.138090 0
828829 0.000000 0
828836 0.000000 0
828844 0.100800 0
828852 0.000000 0
828860 0.000000 0
828867 0.051380 0
828873 0.000000 0
828880 0.000000 0
828888 0.024380 0
828897 0.000000 0
828904 0.000000 0
828912 0.021390 0
828919 0.000000 0
828926 0.000000 0
828934 0.026200 0
828941 0.000000 0
828948 0.000000 0
828956 0.033830 0
828964 0.000000 0
828972 0.000000 0
828979 0.091520 0
828987 0.000000 0
828994 0.000000 0
829002 0.087510 0
829009 0.000000 0
829016 0.000000 0
829024 0.048310 0
829032 0.000000 0
829040 0.000000 0
829047 0.039830 0
829054 0.000000 0
829062 0.000000 0
829069 0.035800 0
829077 0.000000 0
829084 0.000000 0
829092 0.027340 0
829099 0.000000 0
829106 0.000000 0
829114 0.035580 0
829121 0.000000 0
829128 0.000000 0
829136 0.034270 0
829144 0.000000 0
829152 0.000000 0
829159 0.025310 0
829166 0.000000 0
829174 0.000000 0
829181 0.066510 0
829189 0.000000 0
829196 0.000000 0
829204 0.096790 0
829212 0.000000 0
829220 0.000000 0
829227 0.154530 0
829234 0.000000 0
829242 0.000000 0
829249 0.111510 0
829256 0.000000 0
829264 0.000000 0
829271 0.078020 0
829279 0.000000 0
829286 0.000000 0
829294 0.131650 0
829302 0.000000 0
829310 0.000000 0
829317 0.091430 0
829324 0.000000 0
829332 0.000000 0
829339 0.047200 0
829347 0.000000 0
829354 0.000000 0
829362 0.023440 0
829369 0.000000 0
829376 0.000000 0
829384 0.040210 0
829392 0.000000 0
829400 0.000000 0
829407 0.027050 0
829414 0.000000 0
829422 0.000000 0
829429 0.045040 0
829437 0.000000 0
829444 0.000000 0
829452 0.082220 0
829459 0.000000 0
829466 0.000000 0
829474 0.067870 0
829482 0.000000 0
829490 0.000000 0
829497 0.049870 0
829504 0.000000 0
829512 0.000000 0
829519 0.038470 0
829526 0.000000 0
829534 0.000000 0
829541 0.031250 0
829549 0.000000 0
829556 0.000000 0
829564 0.025910 0
829572 0.000000 0
829580 0.000000 0
829587 0.048160 0
829594 0.000000 0
829602 0.000000 0
829609 0.060640 0
829617 0.000000 0
829624 0.000000 0
829632 0.041890 0
829639 0.000000 0
829646 0.000000 0
829654 0.044010 0
829661 0.000000 0
829668 0.000000 0
829676 0.085390 0
829684 0.000000 0
829692 0.000000 0
829699 0.137040 0
829706 0.000000 0
829714 0.000000 0
829721 0.085850 0
829729 0.000000 0
829736 0.000000 0
829744 0.079960 1
829752 0.000000 0
829760 0.000000 0
829767 0.137610 1
829774 0.000000 0
829782 0.000000 0
829789 0.091770 1
829797 0.000000 0
829804 0.000000 0
829812 0.043670 1
829819 0.000000 0
829826 0.000000 0
829834 0.033370 1
829842 0.000000 0
829850 0.000000 0
829857 0.035160 1
829863 0.000000 0
829870 0.000000 0
829878 0.027620 1
829886 0.000000 0
829894 0.000000 0
829901 0.053830 1
829908 0.000000 0
829916 0.000000 0
829923 0.080230 1
829931 0.000000 0
829938 0.000000 0
829946 0.060500 1
829953 0.000000 0
829960 0.000000 0
829968 0.038070 1
829976 0.000000 0
829984 0.000000 0
829991 0.033370 1
829998 0.000000 0
830006 0.000000 0
830013 0.037460 1
830021 0.000000 0
830028 0.000000 0
830036 0.020660 1
830044 0.000000 0
830052 0.000000 0
830059 0.019530 1
830066 0.000000 0
830074 0.000000 0
830081 0.026200 1
830088 0.000000 0
830096 0.000000 0
830103 0.036640 1
830112 0.000000 0
830120 0.000000 0
830127 0.038070 1
830133 0.000000 0
830140 0.000000 0
830148 0.092850 1
830156 0.000000 0
830164 0.000000 0
830171 0.133040 1
830179 0.000000 0
830186 0.000000 0
830194 0.086990 1
830201 0.000000 0
830208 0.000000 0
830216 0.086990 1
830223 0.000000 0
830230 0.000000 0
830238 0.145530 1
830246 0.000000 0
830254 0.000000 0
830261 0.100040 1
830268 0.000000 0
830276 0.000000 0
830283 0.047840 1
830291 0.000000 0
830298 0.000000 0
830306 0.032670 1
830313 0.000000 0
830320 0.000000 0
830328 0.028960 1
830336 0.000000 0
830344 0.000000 0
830351 0.029740 1
830358 0.000000 0
830366 0.000000 0
830373 0.033140 1
830381 0.000000 0
830388 0.000000 0
830396 0.086290 1
830403 0.000000 0
830410 0.000000 0
830418 0.072760 1
830426 0.000000 0
830434 0.000000 0
830441 0.064770 1
830449 0.000000 0
830456 0.000000 0
830464 0.046370 1
830471 0.000000 0
830478 0.000000 0
830486 0.035580 1
830493 0.000000 0
830500 0.000000 0
830508 0.051070 1
830516 0.000000 0
830524 0.000000 0
830531 0.047670 1
830538 0.000000 0
830546 0.000000 0
830553 0.029480 1
830561 0.000000 0
830568 0.000000 0
830576 0.027340 1
830584 0.000000 0
830592 0.000000 0
830599 0.042250 1
830607 0.000000 0
830614 0.000000 0
830622 0.061880 1
830629 0.000000 0
830636 0.000000 0
830644 0.129840 1
830652 0.000000 0
830660 0.000000 0
830667 0.079090 1
830673 0.000000 0
830680 0.000000 0
830688 0.091940 1
830696 0.000000 0
830704 0.000000 0
830711 0.152440 1
830719 0.000000 0
830726 0.000000 0
830734 0.100950 1
830742 0.000000 0
830750 0.000000 0
830757 0.056340 1
830763 0.000000 0
830770 0.000000 0
830778 0.023100 1
830786 0.000000 0
830794 0.000000 0
830801 0.034710 1
830808 0.000000 0
830816 0.000000 0
830823 0.020660 1
830831 0.000000 0
830838 0.000000 0
830846 0.029220 1
830853 0.000000 0
830860 0.000000 0
830868 0.107610 1
830876 0.000000 0
830884 0.000000 0
830891 0.096710 1
830898 0.000000 0
830906 0.000000 0
830913 0.048310 1
830923 0.000000 0
830930 0.000000 0
830938 0.089160 1
830943 0.000000 0
830950 0.000000 0
830958 0.076450 1
830966 0.000000 0
830974 0.000000 0
830981 0.048460 1
830988 0.000000 0
830996 0.000000 0
831003 0.021390 1
831011 0.000000 0
831018 0.000000 0
831026 0.022430 1
831033 0.000000 0
831040 0.000000 0
831048 0.024380 1
831056 0.000000 0
831064 0.000000 0
831071 0.026780 1
831078 0.000000 0
831086 0.000000 0
831093 0.040020 1
831101 0.000000 0
831108 0.000000 0
831116 0.079180 1
831123 0.000000 0
831130 0.000000 0
831138 0.052690 1
831146 0.000000 0
831154 0.000000 0
831161 0.072340 1
831168 0.000000 0
831176 0.000000 0
831183 0.135700 1
831191 0.000000 0
831198 0.000000 0
831206 0.092680 1
831213 0.000000 0
831220 0.000000 0
831228 0.043840 1
831236 0.000000 0
831244 0.000000 0
831251 0.030000 1
831258 0.000000 0
831266 0.000000 0
831273 0.030240 1
831281 0.000000 0
831288 0.000000 0
831296 0.032440 1
831303 0.000000 0
831310 0.000000 0
831318 0.086550 1
831326 0.000000 0
831334 0.000000 0
831341 0.117190 1
831348 0.000000 0
831356 0.000000 0
831363 0.085220 1
831371 0.000000 0
831378 0.000000 0
831386 0.040020 1
831393 0.000000 0
831400 0.000000 0
831408 0.027890 1
831416 0.000000 0
831424 0.000000 0
831431 0.028960 1
831439 0.000000 0
831446 0.000000 0
831454 0.033370 1
831461 0.000000 0
831468 0.000000 0
831476 0.029220 1
831484 0.000000 0
831492 0.000000 0
831499 0.036420 1
831508 0.000000 0
831516 0.000000 0
831523 0.034710 1
831529 0.000000 0
831536 0.000000 0
831544 0.030240 1
831551 0.000000 0
831558 0.000000 0
831566 0.091690 1
831573 0.000000 0
831580 0.000000 0
831588 0.135320 1
831597 0.000000 0
831604 0.000000 0
831612 0.080900 1
831618 0.000000 0
831626 0.000000 0
831633 0.102370 1
831641 0.000000 0
831648 0.000000 0
831656 0.146300 1
831663 0.000000 0
831670 0.000000 0
831678 0.100340 1
831686 0.000000 0
831694 0.000000 0
831701 0.047030 1
831708 0.000000 0
831716 0.000000 0
831723 0.015120 1
831731 0.000000 0
831738 0.000000 0
831746 0.031480 1
831753 0.000000 0
831760 0.000000 0
831768 0.026780 1
831776 0.000000 0
831784 0.000000 0
831791 0.044880 1
831798 0.000000 0
831806 0.000000 0
831813 0.112670 1
831821 0.000000 0
831828 0.000000 0
831836 0.084950 1
831843 0.000000 0
831850 0.000000 0
831858 0.059240 1
831867 0.000000 0
831874 0.000000 0
831882 0.036220 1
831888 0.000000 0
831896 0.000000 0
831903 0.036420 1
831911 0.000000 0
831918 0.000000 0
831926 0.041150 1
831933 0.000000 0
831940 0.000000 0
831948 0.054540 1
831957 0.000000 0
831964 0.000000 0
831972 0.034710 1
831979 0.000000 0
831986 0.000000 0
831994 0.033370 1
832002 0.000000 0
832010 0.000000 0
832017 0.040410 1
832024 0.000000 0
832032 0.000000 0
832039 0.115800 1
832048 0.000000 0
832056 0.000000 0
832063 0.135930 1
832069 0.000000 0
832076 0.000000 0
832084 0.079850 1
832092 0.000000 0
832100 0.000000 0
832107 0.098190 1
832114 0.000000 0
832122 0.000000 0
832129 0.146880 1
832136 0.000000 0
832144 0.000000 0
832151 0.099430 1
832158 0.000000 0
832166 0.000000 0
832173 0.045880 1
832182 0.000000 0
832190 0.000000 0
832197 0.012340 1
832203 0.000000 0
832210 0.000000 0
832218 0.015120 1
832226 0.000000 0
832234 0.000000 0
832241 0.011050 1
832248 0.000000 0
832256 0.000000 0
832263 0.018310 1
832271 0.000000 0
832278 0.000000 0
832286 0.127660 1
832293 0.000000 0
832300 0.000000 0
832308 0.095200 1
832316 0.000000 0
832324 0.000000 0
832331 0.059880 1
832338 0.000000 0
832346 0.000000 0
832353 0.060000 1
832361 0.000000 0
832368 0.000000 0
832376 0.051820 1
832383 0.000000 0
832390 0.000000 0
832398 0.028960 1
832406 0.000000 0
832414 0.000000 0
832421 0.024080 1
832428 0.000000 0
832436 0.000000 0
832443 0.023100 1
832451 0.000000 0
832458 0.000000 0
832466 0.026780 1
832473 0.000000 0
832480 0.000000 0
832488 0.042790 1
832496 0.000000 0
832504 0.000000 0
832511 0.104080 1
832518 0.000000 0
832526 0.000000 0
832533 0.148940 1
832541 0.000000 0
832548 0.000000 0
832556 0.087430 1
832563 0.000000 0
832570 0.000000 0
832578 0.108170 1
832586 0.000000 0
832594 0.000000 0
832601 0.150070 1
832608 0.000000 0
832616 0.000000 0
832623 0.100040 1
832632 0.000000 0
832640 0.000000 0
832647 0.048780 1
832653 0.000000 0
832660 0.000000 0
832668 0.021740 1
832676 0.000000 0
832684 0.000000 0
832691 0.020660 1
