150342 0.000000 0
150349 0.000000 0
150356 0.000000 0
150364 0.062240 0
150373 0.000000 0
150380 0.000000 0
150388 0.014080 0
150394 0.000000 0
150402 0.000000 0
150409 0.012950 0
150418 0.000000 0
150426 0.000000 0
150433 0.047030 0
150439 0.000000 0
150446 0.000000 0
150454 0.159440 0
150463 0.000000 0
150470 0.000000 0
150478 0.144210 0
150484 0.000000 0
150492 0.000000 0
150499 0.110480 0
150507 0.000000 0
150514 0.000000 0
150522 0.057130 0
150530 0.000000 0
150538 0.000000 0
150545 0.013520 0
150552 0.000000 0
150560 0.000000 0
150567 0.008730 0
150574 0.000000 0
150582 0.000000 0
150589 0.013520 0
150596 0.000000 0
150604 0.000000 0
150611 0.016100 0
150618 0.000000 0
150626 0.000000 0
150633 0.014600 0
150641 0.000000 0
150648 0.000000 0
150656 0.012340 0
150664 0.000000 0
150672 0.000000 0
150679 0.104300 0
150686 0.000000 0
150694 0.000000 0
150701 0.129840 0
150709 0.000000 0
150716 0.000000 0
150724 0.159530 0
150731 0.000000 0
150738 0.000000 0
150746 0.138930 0
150753 0.000000 0
150760 0.000000 0
150768 0.121660 0
150776 0.000000 0
150784 0.000000 0
150791 0.082490 0
150799 0.000000 0
150806 0.000000 0
150814 0.067430 0
150821 0.000000 0
150828 0.000000 0
150836 0.072540 0
150844 0.000000 0
150852 0.000000 0
150859 0.048160 0
150866 0.000000 0
150874 0.000000 0
150881 0.038070 0
150890 0.000000 0
150898 0.000000 0
150905 0.056060 0
150911 0.000000 0
150918 0.000000 0
150926 0.093340 0
150935 0.000000 0
150942 0.000000 0
150950 0.102310 0
150956 0.000000 0
150964 0.000000 0
150971 0.058980 0
150980 0.000000 0
150988 0.000000 0
150995 0.049710 0
151001 0.000000 0
151008 0.000000 0
151016 0.034040 0
151025 0.000000 0
151032 0.000000 0
151040 0.031250 0
151046 0.000000 0
151054 0.000000 0
151061 0.021390 0
151070 0.000000 0
151078 0.000000 0
151085 0.027050 0
151091 0.000000 0
151098 0.000000 0
151106 0.040020 0
151114 0.000000 0
151122 0.000000 0
151129 0.047840 0
151136 0.000000 0
151144 0.000000 0
151151 0.063580 0
151159 0.000000 0
151166 0.000000 0
151174 0.107680 0
151181 0.000000 0
151188 0.000000 0
151196 0.095280 0
151205 0.000000 0
151212 0.000000 0
151220 0.091690 0
151226 0.000000 0
151234 0.000000 0
151241 0.062610 0
151249 0.000000 0
151256 0.000000 0
151264 0.038270 0
151271 0.000000 0
151278 0.000000 0
151286 0.022430 0
151294 0.000000 0
151302 0.000000 0
151309 0.030500 0
151316 0.000000 0
151324 0.000000 0
151331 0.021030 0
151339 0.000000 0
151346 0.000000 0
151354 0.011720 0
151361 0.000000 0
151368 0.000000 0
151376 0.006760 0
151384 0.000000 0
151392 0.000000 0
151399 0.007810 0
151406 0.000000 0
151414 0.000000 0
151421 0.096310 0
151429 0.000000 0
151436 0.000000 0
151444 0.155950 0
151452 0.000000 0
151460 0.000000 0
151467 0.132010 0
151474 0.000000 0
151482 0.000000 0
151489 0.100270 0
151497 0.000000 0
151504 0.000000 0
151512 0.035800 0
151519 0.000000 0
151526 0.000000 0
151534 0.007810 0
151542 0.000000 0
151550 0.000000 0
151557 0.003910 0
151564 0.000000 0
151572 0.000000 0
151579 0.005520 0
151587 0.000000 0
151594 0.000000 0
151602 0.021030 0
151608 0.000000 0
151616 0.000000 0
151623 0.027890 0
151631 0.000000 0
151638 0.000000 0
151646 0.025600 0
151654 0.000000 0
151662 0.000000 0
151669 0.086550 0
151676 0.000000 0
151684 0.000000 0
151691 0.111990 0
151699 0.000000 0
151706 0.000000 0
151714 0.124320 0
151722 0.000000 0
151730 0.000000 0
151737 0.073700 0
151744 0.000000 0
151752 0.000000 0
151759 0.050170 0
151768 0.000000 0
151776 0.000000 0
151783 0.037260 0
151789 0.000000 0
151796 0.000000 0
151804 0.025310 0
151812 0.000000 0
151820 0.000000 0
151827 0.036010 0
151834 0.000000 0
151842 0.000000 0
151849 0.022430 0
151857 0.000000 0
151864 0.000000 0
151872 0.017460 0
151879 0.000000 0
151886 0.000000 0
151894 0.011720 0
151902 0.000000 0
151910 0.000000 0
151917 0.119890 0
151924 0.000000 0
151932 0.000000 0
151939 0.153380 0
151948 0.000000 0
151956 0.000000 0
151963 0.136160 0
151969 0.000000 0
151976 0.000000 0
151984 0.097180 0
151992 0.000000 0
152000 0.000000 0
152007 0.064300 0
152014 0.000000 0
152022 0.000000 0
152029 0.051820 0
152038 0.000000 0
152046 0.000000 0
152053 0.047030 0
152059 0.000000 0
152066 0.000000 0
152074 0.042790 0
152083 0.000000 0
152090 0.000000 0
152098 0.067430 0
152104 0.000000 0
152112 0.000000 0
152119 0.064650 0
152127 0.000000 0
152134 0.000000 0
152142 0.050020 0
152148 0.000000 0
152156 0.000000 0
152163 0.064060 0
152171 0.000000 0
152178 0.000000 0
152186 0.045210 0
152194 0.000000 0
152202 0.000000 0
152209 0.037870 0
152217 0.000000 0
152224 0.000000 0
152232 0.049260 0
152240 0.000000 0
152248 0.000000 0
152255 0.043140 0
152262 0.000000 0
152270 0.000000 0
152277 0.034490 0
152285 0.000000 0
152292 0.000000 0
152300 0.107390 0
152307 0.000000 0
152314 0.000000 0
152322 0.102370 0
152329 0.000000 0
152336 0.000000 0
152344 0.031480 0
152351 0.000000 0
152358 0.000000 0
152366 0.015120 0
152375 0.000000 0
152382 0.000000 0
152390 0.000000 0
152396 0.000000 0
152404 0.000000 0
152411 0.122530 0
152419 0.000000 0
152426 0.000000 0
152434 0.171210 0
152442 0.000000 0
152450 0.000000 0
152457 0.120960 0
152464 0.000000 0
152472 0.000000 0
152479 0.078800 0
152486 0.000000 0
152494 0.000000 0
152501 0.023440 0
152509 0.000000 0
152516 0.000000 0
152524 0.014600 0
152533 0.000000 0
152540 0.000000 0
152548 0.011050 0
152554 0.000000 0
152562 0.000000 0
152569 0.007810 0
152577 0.000000 0
152584 0.000000 0
152592 0.012950 0
152599 0.000000 0
152606 0.000000 0
152614 0.014600 0
152622 0.000000 0
152630 0.000000 0
152637 0.022430 0
152644 0.000000 0
152652 0.000000 0
152659 0.125230 0
152667 0.000000 0
152674 0.000000 0
152682 0.160860 0
152689 0.000000 0
152696 0.000000 0
152704 0.137160 0
152712 0.000000 0
152720 0.000000 0
152727 0.109510 0
152733 0.000000 0
152740 0.000000 0
152748 0.100270 0
152757 0.000000 0
152764 0.000000 0
152772 0.084670 0
152778 0.000000 0
152786 0.000000 0
152793 0.076940 0
152802 0.000000 0
152810 0.000000 0
152817 0.076940 0
152823 0.000000 0
152830 0.000000 0
152838 0.054260 0
152847 0.000000 0
152854 0.000000 0
152862 0.059620 0
152868 0.000000 0
152876 0.000000 0
152883 0.045880 0
152892 0.000000 0
152900 0.000000 0
152907 0.077040 0
152913 0.000000 0
152920 0.000000 0
152928 0.083590 0
152937 0.000000 0
152944 0.000000 0
152952 0.067430 0
152959 0.000000 0
152966 0.000000 0
152974 0.057940 0
152982 0.000000 0
152990 0.000000 0
152997 0.033370 0
153003 0.000000 0
153010 0.000000 0
153018 0.021030 0
153026 0.000000 0
153034 0.000000 0
153041 0.046540 0
153048 0.000000 0
153056 0.000000 0
153063 0.052400 0
153071 0.000000 0
153078 0.000000 0
153086 0.050170 0
153093 0.000000 0
153100 0.000000 0
153108 0.056060 0
153116 0.000000 0
153124 0.000000 0
153131 0.066290 0
153138 0.000000 0
153146 0.000000 0
153153 0.088810 0
153162 0.000000 0
153170 0.000000 0
153177 0.084950 0
153184 0.000000 0
153192 0.000000 0
153199 0.072130 0
153207 0.000000 0
153214 0.000000 0
153222 0.056060 0
153230 0.000000 0
153238 0.000000 0
153245 0.047520 0
153251 0.000000 0
153258 0.000000 0
153266 0.025310 0
153273 0.000000 0
153280 0.000000 0
153288 0.028960 0
153296 0.000000 0
153304 0.000000 0
153311 0.025600 0
153318 0.000000 0
153326 0.000000 0
153333 0.000000 0
153341 0.000000 0
153348 0.000000 0
153356 0.006760 0
153365 0.000000 0
153372 0.000000 0
153380 0.064300 0
153386 0.000000 0
153394 0.000000 0
153401 0.140080 0
153409 0.000000 0
153416 0.000000 0
153424 0.147710 0
153431 0.000000 0
153438 0.000000 0
153446 0.099050 0
153453 0.000000 0
153460 0.000000 0
153468 0.044010 0
153476 0.000000 0
153484 0.000000 0
153491 0.025310 0
153498 0.000000 0
153506 0.000000 0
153513 0.020290 0
153521 0.000000 0
153528 0.000000 0
153536 0.030500 0
153544 0.000000 0
153552 0.000000 0
153559 0.027340 0
153567 0.000000 0
153574 0.000000 0
153582 0.032910 0
153588 0.000000 0
153596 0.000000 0
153603 0.027050 0
153611 0.000000 0
153618 0.000000 0
153626 0.091190 0
153634 0.000000 0
153642 0.000000 0
153649 0.094560 0
153656 0.000000 0
153664 0.000000 0
153671 0.105970 0
153680 0.000000 0
153688 0.000000 0
153695 0.076040 0
153701 0.000000 0
153708 0.000000 0
153716 0.051070 0
153724 0.000000 0
153732 0.000000 0
153739 0.026490 0
153746 0.000000 0
153754 0.000000 0
153761 0.025310 0
153769 0.000000 0
153776 0.000000 0
153784 0.052110 0
153791 0.000000 0
153798 0.000000 0
153806 0.042970 0
153815 0.000000 0
153822 0.000000 0
153830 0.032210 0
153836 0.000000 0
153844 0.000000 0
153851 0.027890 0
153860 0.000000 0
153868 0.000000 0
153875 0.106480 0
153881 0.000000 0
153888 0.000000 0
153896 0.171250 0
153904 0.000000 0
153912 0.000000 0
153919 0.144840 0
153926 0.000000 0
153934 0.000000 0
153941 0.118290 0
153950 0.000000 0
153958 0.000000 0
153965 0.079380 0
153971 0.000000 0
153978 0.000000 0
153986 0.046710 0
153995 0.000000 0
154002 0.000000 0
154010 0.036010 0
154016 0.000000 0
154024 0.000000 0
154031 0.064650 0
154039 0.000000 0
154046 0.000000 0
154054 0.064770 0
154061 0.000000 0
154068 0.000000 0
154076 0.058320 0
154084 0.000000 0
154092 0.000000 0
154099 0.070190 0
154106 0.000000 0
154114 0.000000 0
154121 0.107120 0
154130 0.000000 0
154138 0.000000 0
154145 0.075440 0
154151 0.000000 0
154158 0.000000 0
154166 0.065250 0
154175 0.000000 0
154182 0.000000 0
154190 0.034710 0
154196 0.000000 0
154204 0.000000 0
154211 0.047670 0
154219 0.000000 0
154226 0.000000 0
154234 0.046050 0
154241 0.000000 0
154248 0.000000 0
154256 0.084410 0
154264 0.000000 0
154272 0.000000 0
154279 0.091430 0
154286 0.000000 0
154294 0.000000 0
154301 0.055650 0
154309 0.000000 0
154316 0.000000 0
154324 0.037460 0
154331 0.000000 0
154338 0.000000 0
154346 0.042600 0
154354 0.000000 0
154362 0.000000 0
154369 0.058590 0
154376 0.000000 0
154384 0.000000 0
154391 0.101110 0
154399 0.000000 0
154406 0.000000 0
154414 0.092350 0
154421 0.000000 0
154428 0.000000 0
154436 0.089750 0
154444 0.000000 0
154452 0.000000 0
154459 0.055100 0
154466 0.000000 0
154474 0.000000 0
154481 0.052110 0
154489 0.000000 0
154496 0.000000 0
154504 0.060500 0
154511 0.000000 0
154518 0.000000 0
154526 0.045880 0
154534 0.000000 0
154542 0.000000 0
154549 0.050780 0
154556 0.000000 0
154564 0.000000 0
154571 0.061010 0
154579 0.000000 0
154586 0.000000 0
154594 0.061260 0
154601 0.000000 0
154608 0.000000 0
154616 0.099350 0
154624 0.000000 0
154632 0.000000 0
154639 0.098190 0
154646 0.000000 0
154654 0.000000 0
154661 0.142610 0
154669 0.000000 0
154676 0.000000 0
154684 0.137000 0
154691 0.000000 0
154698 0.000000 0
154706 0.075840 0
154714 0.000000 0
154722 0.000000 0
154729 0.098660 0
154736 0.000000 0
154744 0.000000 0
154751 0.080430 0
154759 0.000000 0
154766 0.000000 0
154774 0.042250 0
154781 0.000000 0
154788 0.000000 0
154796 0.026490 0
154804 0.000000 0
154812 0.000000 0
154819 0.024700 0
154826 0.000000 0
154834 0.000000 0
154841 0.024080 0
154849 0.000000 0
154856 0.000000 0
154864 0.049560 0
154871 0.000000 0
154878 0.000000 0
154886 0.087690 0
154894 0.000000 0
154902 0.000000 0
154909 0.072450 0
154916 0.000000 0
154924 0.000000 0
154931 0.040410 0
154939 0.000000 0
154946 0.000000 0
154954 0.036420 0
154961 0.000000 0
154968 0.000000 0
154976 0.040210 0
154984 0.000000 0
154992 0.000000 0
154999 0.035580 0
155006 0.000000 0
155014 0.000000 0
155021 0.036640 0
155029 0.000000 0
155036 0.000000 0
155044 0.054400 0
155051 0.000000 0
155058 0.000000 0
155066 0.057400 0
155074 0.000000 0
155082 0.000000 0
155089 0.052550 0
155096 0.000000 0
155104 0.000000 0
155111 0.084860 0
155120 0.000000 0
155128 0.000000 0
155135 0.157990 0
155141 0.000000 0
155148 0.000000 0
155156 0.162010 0
155164 0.000000 0
155172 0.000000 0
155179 0.050780 0
155186 0.000000 0
155194 0.000000 0
155201 0.026200 0
155209 0.000000 0
155216 0.000000 0
155224 0.026490 0
155231 0.000000 0
155238 0.000000 0
155246 0.021390 0
155254 0.000000 0
155262 0.000000 0
155269 0.025910 0
155276 0.000000 0
155284 0.000000 0
155291 0.023440 0
155299 0.000000 0
155306 0.000000 0
155314 0.027620 0
155321 0.000000 0
155328 0.000000 0
155336 0.023760 0
155344 0.000000 0
155352 0.000000 0
155359 0.080610 0
155366 0.000000 0
155374 0.000000 0
155381 0.104160 0
155389 0.000000 0
155396 0.000000 0
155404 0.060380 0
155411 0.000000 0
155418 0.000000 0
155426 0.033830 0
155434 0.000000 0
155442 0.000000 0
155449 0.028700 0
155456 0.000000 0
155464 0.000000 0
155471 0.025600 0
155480 0.000000 0
155488 0.000000 0
155495 0.059100 0
155501 0.000000 0
155508 0.000000 0
155516 0.057130 0
155524 0.000000 0
155532 0.000000 0
155539 0.062120 0
155546 0.000000 0
155554 0.000000 0
155561 0.078890 0
155570 0.000000 0
155578 0.000000 0
155585 0.049560 0
155591 0.000000 0
155598 0.000000 0
155606 0.181290 0
155614 0.000000 0
155622 0.000000 0
155629 0.171160 0
155636 0.000000 0
155644 0.000000 0
155651 0.114550 0
155659 0.000000 0
155666 0.000000 0
155674 0.052110 0
155681 0.000000 0
155688 0.000000 0
155696 0.025310 0
155704 0.000000 0
155712 0.000000 0
155719 0.050320 0
155727 0.000000 0
155734 0.000000 0
155742 0.044530 0
155749 0.000000 0
155756 0.000000 0
155764 0.038470 0
155771 0.000000 0
155778 0.000000 0
155786 0.042970 0
155794 0.000000 0
155802 0.000000 0
155809 0.055240 0
155817 0.000000 0
155824 0.000000 0
155832 0.066870 0
155839 0.000000 0
155846 0.000000 0
155854 0.110480 0
155862 0.000000 0
155870 0.000000 0
155877 0.078310 0
155884 0.000000 0
155892 0.000000 0
155899 0.068990 0
155906 0.000000 0
155914 0.000000 0
155921 0.065130 0
155929 0.000000 0
155936 0.000000 0
155944 0.034930 0
155952 0.000000 0
155960 0.000000 0
155967 0.068770 0
155974 0.000000 0
155982 0.000000 0
155989 0.064880 0
155997 0.000000 0
156004 0.000000 0
156012 0.050020 0
156019 0.000000 0
156026 0.000000 0
156034 0.081650 0
156042 0.000000 0
156050 0.000000 0
156057 0.133670 0
156064 0.000000 0
156072 0.000000 0
156079 0.163270 0
156087 0.000000 0
156094 0.000000 0
156102 0.132400 0
156109 0.000000 0
156116 0.000000 0
156124 0.067430 0
156132 0.000000 0
156140 0.000000 0
156147 0.023440 0
156154 0.000000 0
156162 0.000000 0
156169 0.032440 0
156177 0.000000 0
156184 0.000000 0
156192 0.021030 0
156199 0.000000 0
156206 0.000000 0
156214 0.022770 0
156222 0.000000 0
156230 0.000000 0
156237 0.051960 1
156244 0.000000 0
156252 0.000000 0
156259 0.030500 1
156267 0.000000 0
156274 0.000000 0
156282 0.015630 1
156289 0.000000 0
156296 0.000000 0
156304 0.039440 1
156312 0.000000 0
156320 0.000000 0
156327 0.023760 1
156334 0.000000 0
156342 0.000000 0
156349 0.033830 1
156357 0.000000 0
156364 0.000000 0
156372 0.045720 1
156379 0.000000 0
156386 0.000000 0
156394 0.031970 1
156403 0.000000 0
156410 0.000000 0
156418 0.043490 1
156424 0.000000 0
156432 0.000000 0
156439 0.072240 1
156447 0.000000 0
156454 0.000000 0
156462 0.057400 1
156469 0.000000 0
156476 0.000000 0
156484 0.037050 1
156492 0.000000 0
156500 0.000000 0
156507 0.040410 1
156514 0.000000 0
156522 0.000000 0
156529 0.118470 1
156537 0.000000 0
156544 0.000000 0
156552 0.172760 1
156559 0.000000 0
156566 0.000000 0
156574 0.143570 1
156582 0.000000 0
156590 0.000000 0
156597 0.115480 1
156604 0.000000 0
156612 0.000000 0
156619 0.036640 1
156626 0.000000 0
156634 0.000000 0
156641 0.007810 0
156648 0.000000 0
156656 0.000000 0
156663 0.034930 0
156671 0.000000 0
156678 0.000000 0
156686 0.049710 0
156693 0.000000 0
156700 0.000000 0
156708 0.050920 0
156716 0.000000 0
156724 0.000000 0
156731 0.058200 0
156738 0.000000 0
156746 0.000000 0
156753 0.033830 0
156761 0.000000 0
156768 0.000000 0
156776 0.057010 0
156783 0.000000 0
156790 0.000000 0
156798 0.075530 0
156807 0.000000 0
156814 0.000000 0
156822 0.051380 0
156828 0.000000 0
156836 0.000000 0
156843 0.058200 0
156851 0.000000 0
156858 0.000000 0
156866 0.047840 0
156873 0.000000 0
156880 0.000000 0
156888 0.045550 0
156897 0.000000 0
156904 0.000000 0
156912 0.057130 0
156919 0.000000 0
156926 0.000000 0
156934 0.048940 0
156943 0.000000 0
156950 0.000000 0
156958 0.031480 0
156964 0.000000 0
156972 0.000000 0
156979 0.037660 0
156988 0.000000 0
156996 0.000000 0
157003 0.162890 0
157009 0.000000 0
157016 0.000000 0
157024 0.186480 0
157032 0.000000 0
157040 0.000000 0
157047 0.126330 0
157054 0.000000 0
157062 0.000000 0
157069 0.108380 0
157076 0.000000 0
157084 0.000000 0
157091 0.080810 0
157098 0.000000 0
157106 0.000000 0
157113 0.014600 0
157121 0.000000 0
157128 0.000000 0
157136 0.032210 0
157143 0.000000 0
157150 0.000000 0
157158 0.030990 0
157166 0.000000 0
157174 0.000000 0
157181 0.019910 0
157188 0.000000 0
157196 0.000000 0
157203 0.014600 0
157211 0.000000 0
157218 0.000000 0
157226 0.012340 0
157233 0.000000 0
157240 0.000000 0
157248 0.026200 0
157256 0.000000 0
157264 0.000000 0
157271 0.030240 0
157278 0.000000 0
157286 0.000000 0
157293 0.016100 0
157302 0.000000 0
157310 0.000000 0
157317 0.062850 0
157324 0.000000 0
157332 0.000000 0
157339 0.089160 0
157346 0.000000 0
157354 0.000000 0
157361 0.091770 0
157368 0.000000 0
157376 0.000000 0
157383 0.100570 0
157392 0.000000 0
157400 0.000000 0
157407 0.088550 0
157413 0.000000 0
157420 0.000000 0
157428 0.059100 0
157437 0.000000 0
157444 0.000000 0
157452 0.045720 0
157458 0.000000 0
157466 0.000000 0
157473 0.157260 0
157481 0.000000 0
157488 0.000000 0
157496 0.174120 0
157504 0.000000 0
157512 0.000000 0
157519 0.121460 0
157526 0.000000 0
157534 0.000000 0
157541 0.116140 0
157548 0.000000 0
157556 0.000000 0
157563 0.089160 0
157572 0.000000 0
157580 0.000000 0
157587 0.051220 0
157593 0.000000 0
157600 0.000000 0
157608 0.032440 0
157616 0.000000 0
157624 0.000000 0
157631 0.044190 0
157638 0.000000 0
157646 0.000000 0
157653 0.028960 0
157661 0.000000 0
157668 0.000000 0
157676 0.010330 0
157683 0.000000 0
157690 0.000000 0
157698 0.023760 0
157706 0.000000 0
157714 0.000000 0
157721 0.077730 0
157728 0.000000 0
157736 0.000000 0
157743 0.065480 0
157751 0.000000 0
157758 0.000000 0
157766 0.034490 0
157773 0.000000 0
157780 0.000000 0
157788 0.020290 0
157797 0.000000 0
157804 0.000000 0
157812 0.079380 0
157819 0.000000 0
157826 0.000000 0
157834 0.104220 0
157842 0.000000 0
157850 0.000000 0
157857 0.102530 0
157863 0.000000 0
157870 0.000000 0
157878 0.082120 0
157887 0.000000 0
157894 0.000000 0
157902 0.054690 0
157909 0.000000 0
157916 0.000000 0
157924 0.034490 0
157931 0.000000 0
157938 0.000000 0
157946 0.189640 0
157954 0.000000 0
157962 0.000000 0
157969 0.150970 0
157976 0.000000 0
157984 0.000000 0
157991 0.091940 0
157999 0.000000 0
158006 0.000000 0
158014 0.067990 0
158021 0.000000 0
158028 0.000000 0
158036 0.044880 0
158043 0.000000 0
158050 0.000000 0
158058 0.045880 0
158066 0.000000 0
158074 0.000000 0
158081 0.059240 0
158088 0.000000 0
158096 0.000000 0
158103 0.046880 0
158111 0.000000 0
158118 0.000000 0
158126 0.034270 0
158133 0.000000 0
158140 0.000000 0
158148 0.039640 0
158156 0.000000 0
158164 0.000000 0
158171 0.040020 0
158178 0.000000 0
158186 0.000000 0
158193 0.065130 0
158201 0.000000 0
158208 0.000000 0
158216 0.066740 0
158223 0.000000 0
158230 0.000000 0
158238 0.012950 0
158246 0.000000 0
158254 0.000000 0
158261 0.007810 0
158268 0.000000 0
158276 0.000000 0
158283 0.015120 0
158292 0.000000 0
158300 0.000000 0
158307 0.117770 0
158313 0.000000 0
158320 0.000000 0
158328 0.134290 0
158336 0.000000 0
158344 0.000000 0
158351 0.120780 0
158358 0.000000 0
158366 0.000000 0
158373 0.076040 0
158381 0.000000 0
158388 0.000000 0
158396 0.027050 0
158403 0.000000 0
158410 0.000000 0
158418 0.137210 0
158426 0.000000 0
158434 0.000000 0
158441 0.109380 0
158448 0.000000 0
158456 0.000000 0
158463 0.075750 0
158471 0.000000 0
158478 0.000000 0
158486 0.033370 0
158493 0.000000 0
158500 0.000000 0
158508 0.019530 0
158516 0.000000 0
158524 0.000000 0
158531 0.011050 0
158539 0.000000 0
158546 0.000000 0
158554 0.079290 0
158561 0.000000 0
158568 0.000000 0
158576 0.079380 0
158584 0.000000 0
158592 0.000000 0
158599 0.050780 0
158606 0.000000 0
158614 0.000000 0
158621 0.033140 0
158630 0.000000 0
158638 0.000000 0
158645 0.124010 0
158651 0.000000 0
158658 0.000000 0
158666 0.115600 0
158675 0.000000 0
158682 0.000000 0
158690 0.072650 0
158696 0.000000 0
158704 0.000000 0
158711 0.061390 0
158720 0.000000 0
158728 0.000000 0
158735 0.049410 0
158741 0.000000 0
158748 0.000000 0
158756 0.039440 0
158764 0.000000 0
158772 0.000000 0
158779 0.072240 0
158786 0.000000 0
158794 0.000000 0
158801 0.094470 0
158810 0.000000 0
158818 0.000000 0
158825 0.085660 0
158831 0.000000 0
158838 0.000000 0
158846 0.074530 0
158854 0.000000 0
158862 0.000000 0
158869 0.162230 0
158876 0.000000 0
158884 0.000000 0
158891 0.154280 0
158899 0.000000 0
158906 0.000000 0
158914 0.071810 0
158921 0.000000 0
158928 0.000000 0
158936 0.047990 0
158945 0.000000 0
158952 0.000000 0
158960 0.016570 0
158966 0.000000 0
158974 0.000000 0
158981 0.012950 0
158989 0.000000 0
158996 0.000000 0
159004 0.036010 0
159011 0.000000 0
159018 0.000000 0
159026 0.049090 0
159034 0.000000 0
159042 0.000000 0
159049 0.078800 0
159056 0.000000 0
159064 0.000000 0
159071 0.078800 0
159079 0.000000 0
159086 0.000000 0
159094 0.054120 0
159101 0.000000 0
159108 0.000000 0
159116 0.044010 0
159124 0.000000 0
159132 0.000000 0
159139 0.036010 0
159146 0.000000 0
159154 0.000000 0
159161 0.031480 0
159169 0.000000 0
159176 0.000000 0
159184 0.019530 0
159191 0.000000 0
159198 0.000000 0
159206 0.015120 0
159215 0.000000 0
159222 0.000000 0
159230 0.037660 0
159236 0.000000 0
159244 0.000000 0
159251 0.075750 0
159260 0.000000 0
159268 0.000000 0
159275 0.069540 0
159281 0.000000 0
159288 0.000000 0
159296 0.103350 0
159304 0.000000 0
159312 0.000000 0
159319 0.145740 0
159326 0.000000 0
159334 0.000000 0
159341 0.168920 0
159349 0.000000 0
159356 0.000000 0
159364 0.160250 0
159371 0.000000 0
159378 0.000000 0
159386 0.076540 0
159394 0.000000 0
159402 0.000000 0
159409 0.023100 0
159416 0.000000 0
159424 0.000000 0
159431 0.012340 0
159439 0.000000 0
159446 0.000000 0
159454 0.008730 0
159461 0.000000 0
159468 0.000000 0
159476 0.033600 0
159484 0.000000 0
159492 0.000000 0
159499 0.048460 0
159506 0.000000 0
159514 0.000000 0
159521 0.033600 0
159529 0.000000 0
159536 0.000000 0
159544 0.024080 0
159552 0.000000 0
159560 0.000000 0
159567 0.031480 0
159574 0.000000 0
159582 0.000000 0
159589 0.091430 0
159597 0.000000 0
159604 0.000000 0
159612 0.090680 0
159619 0.000000 0
159626 0.000000 0
159634 0.054120 0
159641 0.000000 0
159648 0.000000 0
159656 0.021390 0
159664 0.000000 0
159672 0.000000 0
159679 0.014080 0
159686 0.000000 0
159694 0.000000 0
159701 0.037260 0
159709 0.000000 0
159716 0.000000 0
159724 0.051070 0
159731 0.000000 0
159738 0.000000 0
159746 0.049560 0
159754 0.000000 0
159762 0.000000 0
159769 0.030500 0
159776 0.000000 0
159784 0.000000 0
159791 0.029480 0
159799 0.000000 0
159806 0.000000 0
159814 0.212450 0
159821 0.000000 0
159828 0.000000 0
159836 0.230930 0
159844 0.000000 0
159852 0.000000 0
159859 0.150580 0
159867 0.000000 0
159874 0.000000 0
159882 0.068210 0
159889 0.000000 0
159896 0.000000 0
159904 0.030750 0
159911 0.000000 0
159918 0.000000 0
159926 0.006760 0
159934 0.000000 0
159942 0.000000 0
159949 0.050780 0
159957 0.000000 0
159964 0.000000 0
159972 0.055650 0
159979 0.000000 0
159986 0.000000 0
159994 0.043840 0
160002 0.000000 0
160010 0.000000 0
160017 0.024380 0
160024 0.000000 0
160032 0.000000 0
160039 0.011720 0
160047 0.000000 0
160054 0.000000 0
160062 0.051510 0
160069 0.000000 0
160076 0.000000 0
160084 0.047030 0
160092 0.000000 0
160100 0.000000 0
160107 0.027890 0
160114 0.000000 0
160122 0.000000 0
160129 0.022770 0
160138 0.000000 0
160146 0.000000 0
160153 0.012340 0
160159 0.000000 0
160166 0.000000 0
160174 0.086110 0
160183 0.000000 0
160190 0.000000 0
160198 0.096940 0
160204 0.000000 0
160212 0.000000 0
160219 0.076230 0
160227 0.000000 0
160234 0.000000 0
160242 0.047990 0
160249 0.000000 0
160256 0.000000 0
160264 0.036850 0
160273 0.000000 0
160280 0.000000 0
160288 0.198600 0
160294 0.000000 0
160302 0.000000 0
160309 0.225650 0
160317 0.000000 0
160324 0.000000 0
160332 0.144470 0
160339 0.000000 0
160346 0.000000 0
160354 0.047350 0
160362 0.000000 0
160370 0.000000 0
160377 0.028170 0
160384 0.000000 0
160392 0.000000 0
160399 0.017900 0
160407 0.000000 0
160414 0.000000 0
160422 0.047350 0
160429 0.000000 0
160436 0.000000 0
160444 0.054260 0
160453 0.000000 0
160460 0.000000 0
160468 0.037460 0
160474 0.000000 0
160482 0.000000 0
160489 0.017460 0
160497 0.000000 0
160504 0.000000 0
160512 0.056060 0
160519 0.000000 0
160526 0.000000 0
160534 0.104370 0
160542 0.000000 0
160550 0.000000 0
160557 0.099960 0
160564 0.000000 0
160572 0.000000 0
160579 0.058060 0
160587 0.000000 0
160594 0.000000 0
160602 0.031720 0
160609 0.000000 0
160616 0.000000 0
160624 0.023440 0
160632 0.000000 0
160640 0.000000 0
160647 0.061630 0
160654 0.000000 0
160662 0.000000 0
160669 0.062730 0
160677 0.000000 0
160684 0.000000 0
160692 0.053700 0
160700 0.000000 0
160708 0.000000 0
160715 0.049090 0
160722 0.000000 0
160730 0.000000 0
160737 0.043490 0
160745 0.000000 0
160752 0.000000 0
160760 0.228140 0
160767 0.000000 0
160774 0.000000 0
160782 0.224260 0
160790 0.000000 0
160798 0.000000 0
160805 0.105030 0
160812 0.000000 0
160820 0.000000 0
160827 0.047670 0
160835 0.000000 0
160842 0.000000 0
160850 0.029220 0
160857 0.000000 0
160864 0.000000 0
160872 0.040210 0
160880 0.000000 0
160888 0.000000 0
160895 0.061880 0
160903 0.000000 0
160910 0.000000 0
160918 0.061260 0
160925 0.000000 0
160932 0.000000 0
160940 0.046220 0
160947 0.000000 0
160954 0.000000 0
160962 0.029480 0
160970 0.000000 0
160978 0.000000 0
160985 0.046050 0
160992 0.000000 0
161000 0.000000 0
161007 0.067310 0
161015 0.000000 0
161022 0.000000 0
161030 0.039640 0
161037 0.000000 0
161044 0.000000 0
161052 0.024080 0
161060 0.000000 0
161068 0.000000 0
161075 0.011720 0
161082 0.000000 0
161090 0.000000 0
161097 0.054960 0
161105 0.000000 0
161112 0.000000 0
161120 0.105680 0
161126 0.000000 0
161134 0.000000 0
161141 0.103560 0
161150 0.000000 0
161158 0.000000 0
161165 0.066060 0
161171 0.000000 0
161178 0.000000 0
161186 0.051380 0
161195 0.000000 0
161202 0.000000 0
161210 0.035160 0
161216 0.000000 0
161224 0.000000 0
161231 0.195900 0
161240 0.000000 0
161248 0.000000 0
161255 0.183500 0
161261 0.000000 0
161268 0.000000 0
161276 0.100880 0
161285 0.000000 0
161292 0.000000 0
161300 0.041520 0
161306 0.000000 0
161314 0.000000 0
161321 0.026780 0
161330 0.000000 0
161338 0.000000 0
161345 0.036010 0
161351 0.000000 0
161358 0.000000 0
161366 0.061750 0
161375 0.000000 0
161382 0.000000 0
161390 0.056600 0
161396 0.000000 0
161404 0.000000 0
161411 0.028430 0
161420 0.000000 0
161428 0.000000 0
161435 0.012950 0
161441 0.000000 0
161448 0.000000 0
161456 0.099890 0
161465 0.000000 0
161472 0.000000 0
161480 0.110000 0
161486 0.000000 0
161494 0.000000 0
161501 0.087770 0
161510 0.000000 0
161518 0.000000 0
161525 0.050630 0
161531 0.000000 0
161538 0.000000 0
161546 0.036220 0
161555 0.000000 0
161562 0.000000 0
161570 0.024700 0
161576 0.000000 0
161584 0.000000 0
161591 0.073790 0
161599 0.000000 0
161606 0.000000 0
161614 0.075330 0
161621 0.000000 0
161628 0.000000 0
161636 0.074720 0
161644 0.000000 0
161652 0.000000 0
161659 0.079000 0
161666 0.000000 0
161674 0.000000 0
161681 0.203050 0
161689 0.000000 0
161696 0.000000 0
161704 0.206910 0
161711 0.000000 0
161718 0.000000 0
161726 0.140350 0
161734 0.000000 0
161742 0.000000 0
161749 0.053410 0
161757 0.000000 0
161764 0.000000 0
161772 0.036220 0
161779 0.000000 0
161786 0.000000 0
161794 0.009570 0
161801 0.000000 0
161808 0.000000 0
161816 0.064880 0
161824 0.000000 0
161832 0.000000 0
161839 0.068670 0
161848 0.000000 0
161856 0.000000 0
161863 0.055790 0
161869 0.000000 0
161876 0.000000 0
161884 0.036850 0
161892 0.000000 0
161900 0.000000 0
161907 0.034930 0
161914 0.000000 0
161922 0.000000 0
161929 0.078420 0
161938 0.000000 0
161946 0.000000 0
161953 0.074720 0
161959 0.000000 0
161966 0.000000 0
161974 0.043670 0
161981 0.000000 0
161988 0.000000 0
161996 0.029480 0
162004 0.000000 0
162012 0.000000 0
162019 0.022770 0
162027 0.000000 0
162034 0.000000 0
162042 0.111160 0
162049 0.000000 0
162056 0.000000 0
162064 0.111020 0
162072 0.000000 0
162080 0.000000 0
162087 0.096470 0
162094 0.000000 0
162102 0.000000 0
162109 0.072650 0
162117 0.000000 0
162124 0.000000 0
162132 0.051820 0
162139 0.000000 0
162146 0.000000 0
162154 0.113620 0
162163 0.000000 0
162170 0.000000 0
162178 0.160100 0
162184 0.000000 0
162192 0.000000 0
162199 0.113820 0
162208 0.000000 0
162216 0.000000 0
162223 0.064650 0
162229 0.000000 0
162236 0.000000 0
162244 0.025910 0
162252 0.000000 0
162260 0.000000 0
162267 0.020290 0
162274 0.000000 0
162282 0.000000 0
162289 0.027050 0
162298 0.000000 0
162306 0.000000 0
162313 0.043840 0
162319 0.000000 0
162326 0.000000 0
162334 0.034490 0
162342 0.000000 0
162350 0.000000 0
162357 0.015120 0
162364 0.000000 0
162372 0.000000 0
162379 0.000000 0
162387 0.000000 0
162394 0.000000 0
162402 0.096940 0
162409 0.000000 0
162416 0.000000 0
162424 0.095920 0
162433 0.000000 0
162440 0.000000 0
162448 0.067200 0
162454 0.000000 0
162462 0.000000 0
162469 0.033600 0
162477 0.000000 0
162484 0.000000 0
162492 0.021740 0
162499 0.000000 0
162506 0.000000 0
162514 0.044190 0
162522 0.000000 0
162530 0.000000 0
162537 0.055100 0
162544 0.000000 0
162552 0.000000 0
162559 0.056600 0
162567 0.000000 0
162574 0.000000 0
162582 0.044880 0
162589 0.000000 0
162596 0.000000 0
162604 0.042600 0
162612 0.000000 0
162620 0.000000 0
162627 0.228200 0
162634 0.000000 0
162642 0.000000 0
162649 0.226830 0
162657 0.000000 0
162664 0.000000 0
162672 0.135260 0
162680 0.000000 0
162688 0.000000 0
162695 0.060140 0
162702 0.000000 0
162710 0.000000 0
162717 0.031480 0
162725 0.000000 0
162732 0.000000 0
162740 0.007810 0
162747 0.000000 0
162754 0.000000 0
162762 0.061750 0
162770 0.000000 0
162778 0.000000 0
162785 0.062730 0
162792 0.000000 0
162800 0.000000 0
162807 0.047840 0
162815 0.000000 0
162822 0.000000 0
162830 0.022770 0
162837 0.000000 0
162844 0.000000 0
162852 0.015120 0
162860 0.000000 0
162868 0.000000 0
162875 0.058590 0
162882 0.000000 0
162890 0.000000 0
162897 0.055370 0
162905 0.000000 0
162912 0.000000 0
162920 0.023100 0
162927 0.000000 0
162934 0.000000 0
162942 0.012340 0
162950 0.000000 0
162958 0.000000 0
162965 0.010330 0
162972 0.000000 0
162980 0.000000 0
162987 0.091100 0
162995 0.000000 0
163002 0.000000 0
163010 0.103200 0
163017 0.000000 0
163024 0.000000 0
163032 0.082950 0
163040 0.000000 0
163048 0.000000 0
163055 0.053120 0
163062 0.000000 0
163070 0.000000 0
163077 0.038270 0
163085 0.000000 0
163092 0.000000 0
163100 0.189560 0
163107 0.000000 0
163114 0.000000 0
163122 0.197630 0
163130 0.000000 0
163138 0.000000 0
163145 0.267690 0
163151 0.000000 0
163158 0.000000 0
163166 0.072450 0
163175 0.000000 0
163182 0.000000 0
163190 0.045380 0
163197 0.000000 0
163204 0.000000 0
163212 0.018720 0
163220 0.000000 0
163228 0.000000 0
163235 0.050630 0
163242 0.000000 0
163250 0.000000 0
163257 0.055650 0
163265 0.000000 0
163272 0.000000 0
163280 0.043320 0
163287 0.000000 0
163294 0.000000 0
163302 0.021390 0
163310 0.000000 0
163318 0.000000 0
163325 0.062360 0
163332 0.000000 0
163340 0.000000 0
163347 0.112730 0
163355 0.000000 0
163362 0.000000 0
163370 0.108170 0
163377 0.000000 0
163384 0.000000 0
163392 0.072340 0
163400 0.000000 0
163408 0.000000 0
163415 0.046370 0
163421 0.000000 0
163428 0.000000 0
163436 0.035800 0
163445 0.000000 0
163452 0.000000 0
163460 0.059880 0
163467 0.000000 0
163474 0.000000 0
163482 0.067660 0
163490 0.000000 0
163498 0.000000 0
163505 0.064650 0
163511 0.000000 0
163518 0.000000 0
163526 0.057540 0
163535 0.000000 0
163542 0.000000 0
163550 0.050630 0
163556 0.000000 0
163564 0.000000 0
163571 0.231390 0
163579 0.000000 0
163586 0.000000 0
163594 0.224770 0
163601 0.000000 0
163608 0.000000 0
163616 0.131940 0
163625 0.000000 0
163632 0.000000 0
163640 0.045720 0
163646 0.000000 0
163654 0.000000 0
163661 0.040410 0
163669 0.000000 0
163676 0.000000 0
163684 0.017460 0
163691 0.000000 0
163698 0.000000 0
163706 0.070630 0
163714 0.000000 0
163722 0.000000 0
163729 0.070850 0
163736 0.000000 0
163744 0.000000 0
163751 0.059750 0
163759 0.000000 0
163766 0.000000 0
163774 0.031480 0
163781 0.000000 0
163788 0.000000 0
163796 0.046220 0
163804 0.000000 0
163812 0.000000 0
163819 0.072450 0
163826 0.000000 0
163834 0.000000 0
163841 0.051510 0
163849 0.000000 0
163856 0.000000 0
163864 0.030240 0
163871 0.000000 0
163878 0.000000 0
163886 0.009570 0
163894 0.000000 0
163902 0.000000 0
163909 0.041890 0
163916 0.000000 0
163924 0.000000 0
163931 0.111790 0
163939 0.000000 0
163946 0.000000 0
163954 0.110960 0
163961 0.000000 0
163968 0.000000 0
163976 0.072860 0
163984 0.000000 0
163992 0.000000 0
163999 0.055370 0
164006 0.000000 0
164014 0.000000 0
164021 0.066640 0
164029 0.000000 0
164036 0.000000 0
164044 0.237060 0
164051 0.000000 0
164058 0.000000 0
164066 0.227440 0
164075 0.000000 0
164082 0.000000 0
164090 0.126270 0
164096 0.000000 0
164104 0.000000 0
164111 0.036220 0
164119 0.000000 0
164126 0.000000 0
164134 0.037660 0
164141 0.000000 0
164148 0.000000 0
164156 0.025310 0
164164 0.000000 0
164172 0.000000 0
164179 0.062360 0
164186 0.000000 0
164194 0.000000 0
164201 0.063340 0
164209 0.000000 0
164216 0.000000 0
164224 0.036220 0
164233 0.000000 0
164240 0.000000 0
164248 0.017010 0
164254 0.000000 0
164262 0.000000 0
164269 0.104160 0
164278 0.000000 0
164286 0.000000 0
164293 0.117050 0
164299 0.000000 0
164306 0.000000 0
164314 0.091430 0
164321 0.000000 0
164328 0.000000 0
164336 0.056340 0
164344 0.000000 0
164352 0.000000 0
164359 0.042420 0
164366 0.000000 0
164374 0.000000 0
164381 0.028170 0
164389 0.000000 0
164396 0.000000 0
164404 0.062970 0
164411 0.000000 0
164418 0.000000 0
164426 0.069760 0
164434 0.000000 0
164442 0.000000 0
164449 0.063940 0
164456 0.000000 0
164464 0.000000 0
164471 0.072760 0
164479 0.000000 0
164486 0.000000 0
164494 0.189270 0
164501 0.000000 0
164508 0.000000 0
164516 0.240160 0
164524 0.000000 0
164532 0.000000 0
164539 0.194920 0
164546 0.000000 0
164554 0.000000 0
164561 0.066410 0
164568 0.000000 0
164576 0.000000 0
164583 0.079580 0
164591 0.000000 0
164598 0.000000 0
164606 0.000000 0
164613 0.000000 0
164620 0.000000 0
164628 0.051220 0
164637 0.000000 0
164644 0.000000 0
164652 0.071810 0
164660 0.000000 0
164668 0.000000 0
164675 0.069210 0
164682 0.000000 0
164690 0.000000 0
164697 0.051070 0
164705 0.000000 0
164712 0.000000 0
164720 0.028960 0
164727 0.000000 0
164734 0.000000 0
164742 0.060880 0
164750 0.000000 0
164758 0.000000 0
164765 0.076740 0
164772 0.000000 0
164780 0.000000 0
164787 0.049410 0
164795 0.000000 0
164802 0.000000 0
164810 0.030990 0
164816 0.000000 0
164824 0.000000 0
164831 0.020290 0
164840 0.000000 0
164848 0.000000 0
164855 0.081090 0
164861 0.000000 0
164868 0.000000 0
164876 0.110280 0
164885 0.000000 0
164892 0.000000 0
164900 0.098820 0
164906 0.000000 0
164914 0.000000 0
164921 0.069210 0
164930 0.000000 0
164938 0.000000 0
164945 0.052550 0
164952 0.000000 0
164960 0.000000 0
164967 0.144900 0
164975 0.000000 0
164982 0.000000 0
164990 0.224730 0
164997 0.000000 0
165004 0.000000 0
165012 0.175690 0
165020 0.000000 0
165028 0.000000 0
165035 0.074830 0
165042 0.000000 0
165050 0.000000 0
165057 0.034930 0
165065 0.000000 0
165072 0.000000 0
165080 0.023100 0
165087 0.000000 0
165094 0.000000 0
165102 0.049260 0
165110 0.000000 0
165118 0.000000 0
165125 0.065710 0
165132 0.000000 0
165140 0.000000 0
165147 0.053970 0
165155 0.000000 0
165162 0.000000 0
165170 0.029220 0
165177 0.000000 0
165184 0.000000 0
165192 0.029220 0
165200 0.000000 0
165208 0.000000 0
165215 0.118290 0
165222 0.000000 0
165230 0.000000 0
165237 0.112670 0
165245 0.000000 0
165252 0.000000 0
165260 0.084320 0
165267 0.000000 0
165274 0.000000 0
165282 0.049090 0
165290 0.000000 0
165298 0.000000 0
165305 0.041150 0
165312 0.000000 0
165320 0.000000 0
165327 0.061880 0
165335 0.000000 0
165342 0.000000 0
165350 0.073270 0
165356 0.000000 0
165364 0.000000 0
165371 0.072450 0
165379 0.000000 0
165386 0.000000 0
165394 0.074010 0
165401 0.000000 0
165408 0.000000 0
165416 0.087690 0
165425 0.000000 0
165432 0.000000 0
165440 0.209230 0
165446 0.000000 0
165454 0.000000 0
165461 0.210390 0
165469 0.000000 0
165476 0.000000 0
165484 0.146730 0
165491 0.000000 0
165498 0.000000 0
165506 0.052840 0
165514 0.000000 0
165522 0.000000 0
165529 0.024080 0
165536 0.000000 0
165544 0.000000 0
165551 0.010330 0
165560 0.000000 0
165568 0.000000 0
165575 0.079580 0
165581 0.000000 0
165588 0.000000 0
165596 0.080610 0
165604 0.000000 0
165612 0.000000 0
165619 0.064420 0
165626 0.000000 0
165634 0.000000 0
165641 0.036850 0
165649 0.000000 0
165656 0.000000 0
165664 0.044190 0
165671 0.000000 0
165678 0.000000 0
165686 0.084050 0
165694 0.000000 0
165702 0.000000 0
165709 0.075530 0
165716 0.000000 0
165724 0.000000 0
165731 0.041520 0
165739 0.000000 0
165746 0.000000 0
165754 0.032910 0
165761 0.000000 0
165768 0.000000 0
165776 0.020660 0
165784 0.000000 0
165792 0.000000 0
165799 0.100950 0
165807 0.000000 0
165814 0.000000 0
165822 0.112870 0
165829 0.000000 0
165836 0.000000 0
165844 0.087950 0
165852 0.000000 0
165860 0.000000 0
165867 0.064880 0
165874 0.000000 0
165882 0.000000 0
165889 0.047350 0
165897 0.000000 0
165904 0.000000 0
165912 0.183720 0
165919 0.000000 0
165926 0.000000 0
165934 0.204350 0
165941 0.000000 0
165948 0.000000 0
165956 0.161760 0
165964 0.000000 0
165972 0.000000 0
165979 0.043840 0
165987 0.000000 0
165994 0.000000 0
166002 0.025910 0
166009 0.000000 0
166016 0.000000 0
166024 0.025600 0
166032 0.000000 0
166040 0.000000 0
166047 0.059620 0
166054 0.000000 0
166062 0.000000 0
166069 0.060140 0
166077 0.000000 0
166084 0.000000 0
166092 0.045550 0
166099 0.000000 0
166106 0.000000 0
166114 0.027050 0
166122 0.000000 0
166130 0.000000 0
166137 0.079000 0
166144 0.000000 0
166152 0.000000 0
166159 0.125410 0
166167 0.000000 0
166174 0.000000 0
166182 0.108460 0
166188 0.000000 0
166196 0.000000 0
166203 0.071700 0
166211 0.000000 0
166218 0.000000 0
166226 0.043840 0
166233 0.000000 0
166240 0.000000 0
166248 0.037050 0
166257 0.000000 0
166264 0.000000 0
166272 0.072970 0
166278 0.000000 0
166286 0.000000 0
166293 0.077820 0
166301 0.000000 0
166308 0.000000 0
166316 0.087510 0
166323 0.000000 0
166330 0.000000 0
166338 0.087160 0
166347 0.000000 0
166354 0.000000 0
166362 0.096940 0
166370 0.000000 0
166378 0.000000 0
166385 0.205870 0
166392 0.000000 0
166400 0.000000 0
166407 0.213520 0
166414 0.000000 0
166422 0.000000 0
166429 0.094960 0
166436 0.000000 0
166444 0.000000 0
166451 0.031720 0
166459 0.000000 0
166466 0.000000 0
166474 0.011050 0
166481 0.000000 0
166488 0.000000 0
166496 0.053700 0
166504 0.000000 0
166512 0.000000 0
166519 0.068540 0
166526 0.000000 0
166534 0.000000 0
166541 0.052840 0
166550 0.000000 0
166558 0.000000 0
166565 0.047030 0
166571 0.000000 0
166578 0.000000 0
166586 0.017010 0
166594 0.000000 0
166602 0.000000 0
166609 0.060260 0
166617 0.000000 0
166624 0.000000 0
166632 0.074310 0
166639 0.000000 0
166646 0.000000 0
166654 0.041340 0
166661 0.000000 0
166668 0.000000 0
166676 0.022100 0
166684 0.000000 0
166692 0.000000 0
166699 0.016100 0
166706 0.000000 0
166714 0.000000 0
166721 0.052400 0
166729 0.000000 0
166736 0.000000 0
166744 0.109220 0
166751 0.000000 0
166758 0.000000 0
166766 0.100950 0
166774 0.000000 0
166782 0.000000 0
166789 0.061010 0
166796 0.000000 0
166804 0.000000 0
166811 0.045380 0
166819 0.000000 0
166826 0.000000 0
166834 0.061390 0
166841 0.000000 0
166848 0.000000 0
166856 0.182830 0
166864 0.000000 0
166872 0.000000 0
166879 0.144790 0
166886 0.000000 0
166894 0.000000 0
166901 0.075640 0
166909 0.000000 0
166916 0.000000 0
166924 0.029740 0
166931 0.000000 0
166938 0.000000 0
166946 0.012950 0
166954 0.000000 0
166962 0.000000 0
166969 0.037870 0
166976 0.000000 0
166984 0.000000 0
166991 0.062730 0
167000 0.000000 0
167008 0.000000 0
167015 0.053560 0
167021 0.000000 0
167028 0.000000 0
167036 0.023100 0
167044 0.000000 0
167052 0.000000 0
167059 0.022100 0
167066 0.000000 0
167074 0.000000 0
167081 0.108870 0
167089 0.000000 0
167096 0.000000 0
167104 0.107550 0
167111 0.000000 0
167118 0.000000 0
167126 0.076140 0
167134 0.000000 0
167142 0.000000 0
167149 0.046370 0
167156 0.000000 0
167164 0.000000 0
167171 0.034930 0
167180 0.000000 0
167188 0.000000 0
167195 0.045210 0
167201 0.000000 0
167208 0.000000 0
167216 0.077530 0
167224 0.000000 0
167232 0.000000 0
167239 0.088470 0
167246 0.000000 0
167254 0.000000 0
167261 0.068880 0
167269 0.000000 0
167276 0.000000 0
167284 0.077730 0
167291 0.000000 0
167298 0.000000 0
167306 0.176680 0
167314 0.000000 0
167322 0.000000 0
167329 0.177250 0
167336 0.000000 0
167344 0.000000 0
167351 0.106750 0
167359 0.000000 0
167366 0.000000 0
167374 0.050170 0
167381 0.000000 0
167388 0.000000 0
167396 0.049260 0
167404 0.000000 0
167412 0.000000 0
167419 0.009570 0
167426 0.000000 0
167434 0.000000 0
167441 0.066060 0
167449 0.000000 0
167456 0.000000 0
167464 0.071170 0
167472 0.000000 0
167480 0.000000 0
167487 0.057270 0
167494 0.000000 0
167502 0.000000 0
167509 0.037460 0
167517 0.000000 0
167524 0.000000 0
167532 0.021030 0
167539 0.000000 0
167546 0.000000 0
167554 0.070420 0
167562 0.000000 0
167570 0.000000 0
167577 0.080340 0
167584 0.000000 0
167592 0.000000 0
167599 0.039830 0
167607 0.000000 0
167614 0.000000 0
167622 0.025310 0
167629 0.000000 0
167636 0.000000 0
167644 0.023100 0
167651 0.000000 0
167658 0.000000 0
167666 0.090420 0
167674 0.000000 0
167682 0.000000 0
167689 0.112600 0
167696 0.000000 0
167704 0.000000 0
167711 0.106480 0
167719 0.000000 0
167726 0.000000 0
167734 0.059240 0
167742 0.000000 0
167750 0.000000 0
167757 0.049410 0
167764 0.000000 0
167772 0.000000 0
167779 0.181410 0
167786 0.000000 0
167794 0.000000 0
167801 0.141590 0
167809 0.000000 0
167816 0.000000 0
167824 0.089590 0
167832 0.000000 0
167840 0.000000 0
167847 0.051380 0
167854 0.000000 0
167862 0.000000 0
167869 0.040590 0
167877 0.000000 0
167884 0.000000 0
167892 0.011720 0
167899 0.000000 0
167906 0.000000 0
167914 0.060000 0
167922 0.000000 0
167930 0.000000 0
167937 0.065000 0
167944 0.000000 0
167952 0.000000 0
167959 0.051220 0
167967 0.000000 0
167974 0.000000 0
167982 0.032910 0
167989 0.000000 0
167996 0.000000 0
168004 0.064650 0
168011 0.000000 0
168018 0.000000 0
168026 0.104300 0
168034 0.000000 0
168042 0.000000 0
168049 0.089490 0
168057 0.000000 0
168064 0.000000 0
168072 0.063460 0
168079 0.000000 0
168086 0.000000 0
168094 0.044880 0
168101 0.000000 0
168108 0.000000 0
168116 0.042250 0
168124 0.000000 0
168132 0.000000 0
168139 0.063940 0
168147 0.000000 0
168154 0.000000 0
168162 0.079380 0
168169 0.000000 0
168176 0.000000 0
168184 0.074530 0
168192 0.000000 0
168200 0.000000 0
168207 0.078130 0
168214 0.000000 0
168222 0.000000 0
168229 0.090930 0
168237 0.000000 0
168244 0.000000 0
168252 0.070950 0
168259 0.000000 0
168266 0.000000 0
168274 0.073700 0
168283 0.000000 0
168290 0.000000 0
168298 0.050630 0
168304 0.000000 0
168312 0.000000 0
168319 0.036010 0
168327 0.000000 0
168334 0.000000 0
168342 0.028170 0
168348 0.000000 0
168356 0.000000 0
168363 0.045380 0
168373 0.000000 0
168380 0.000000 0
168388 0.096070 0
168393 0.000000 0
168400 0.000000 0
168408 0.084410 0
168417 0.000000 0
168424 0.000000 0
168432 0.067770 0
168438 0.000000 0
168446 0.000000 0
168453 0.047350 0
168461 0.000000 0
168468 0.000000 0
168476 0.061880 0
168483 0.000000 0
168490 0.000000 0
168498 0.096390 0
168506 0.000000 0
168514 0.000000 0
168521 0.064060 0
168528 0.000000 0
168536 0.000000 0
168543 0.049710 0
168552 0.000000 0
168560 0.000000 0
168567 0.036010 0
168575 0.000000 0
168582 0.000000 0
168590 0.041520 0
168596 0.000000 0
168604 0.000000 0
168611 0.106320 0
168618 0.000000 0
168626 0.000000 0
168633 0.121220 0
168641 0.000000 0
168648 0.000000 0
168656 0.078020 0
168665 0.000000 0
168672 0.000000 0
168680 0.063940 0
168686 0.000000 0
168694 0.000000 0
168701 0.067990 0
168710 0.000000 0
168718 0.000000 0
168725 0.058200 0
168731 0.000000 0
168738 0.000000 0
168746 0.041340 0
168755 0.000000 0
168762 0.000000 0
168770 0.041890 0
168776 0.000000 0
168784 0.000000 0
168791 0.039250 0
168798 0.000000 0
168806 0.000000 0
168813 0.033830 0
168821 0.000000 0
168828 0.000000 0
168836 0.065480 0
168843 0.000000 0
168850 0.000000 0
168858 0.091860 0
168866 0.000000 0
168874 0.000000 0
168881 0.090010 0
168888 0.000000 0
168896 0.000000 0
168903 0.064880 0
168911 0.000000 0
168918 0.000000 0
168926 0.042250 0
168933 0.000000 0
168940 0.000000 0
168948 0.113950 0
168956 0.000000 0
168964 0.000000 0
168971 0.110200 0
168978 0.000000 0
168986 0.000000 0
168993 0.093490 0
169001 0.000000 0
169008 0.000000 0
169016 0.068440 0
169023 0.000000 0
169030 0.000000 0
169038 0.049410 0
169046 0.000000 0
169054 0.000000 0
169061 0.052690 0
169069 0.000000 0
169076 0.000000 0
169084 0.073080 0
169091 0.000000 0
169098 0.000000 0
169106 0.079090 0
169115 0.000000 0
169122 0.000000 0
169130 0.069540 0
169136 0.000000 0
169144 0.000000 0
169151 0.080810 0
169159 0.000000 0
169166 0.000000 0
169174 0.058980 0
169181 0.000000 0
169188 0.000000 0
169196 0.071490 0
169205 0.000000 0
169212 0.000000 0
169220 0.089590 0
169226 0.000000 0
169234 0.000000 0
169241 0.042250 0
169249 0.000000 0
169256 0.000000 0
169264 0.038670 0
169271 0.000000 0
169278 0.000000 0
169286 0.025310 0
169295 0.000000 0
169302 0.000000 0
169310 0.064300 0
169316 0.000000 0
169324 0.000000 0
169331 0.071490 0
169340 0.000000 0
169348 0.000000 0
169355 0.055790 0
169361 0.000000 0
169368 0.000000 0
169376 0.040590 0
169384 0.000000 0
169392 0.000000 0
169399 0.030240 0
169406 0.000000 0
169414 0.000000 0
169421 0.072860 0
169430 0.000000 0
169438 0.000000 0
169445 0.084760 0
169451 0.000000 0
169458 0.000000 0
169466 0.048780 0
169475 0.000000 0
169482 0.000000 0
169490 0.056460 0
169496 0.000000 0
169504 0.000000 0
169511 0.026200 0
169519 0.000000 0
169526 0.000000 0
169534 0.070310 0
169541 0.000000 0
169548 0.000000 0
169556 0.118610 0
169564 0.000000 0
169572 0.000000 0
169579 0.102160 0
169586 0.000000 0
169594 0.000000 0
169601 0.067990 0
169609 0.000000 0
169616 0.000000 0
169624 0.052840 0
169631 0.000000 0
169638 0.000000 0
169646 0.114490 0
169654 0.000000 0
169662 0.000000 0
169669 0.138600 0
169676 0.000000 0
169684 0.000000 0
169691 0.119110 0
169699 0.000000 0
169706 0.000000 0
169714 0.083860 0
169721 0.000000 0
169728 0.000000 0
169736 0.055510 0
169744 0.000000 0
169752 0.000000 0
169759 0.020290 0
169766 0.000000 0
169774 0.000000 0
169781 0.009570 0
169789 0.000000 0
169796 0.000000 0
169804 0.016570 0
169811 0.000000 0
169818 0.000000 0
169826 0.022430 0
169834 0.000000 0
169842 0.000000 0
169849 0.012950 0
169856 0.000000 0
169864 0.000000 0
169871 0.015120 0
169879 0.000000 0
169886 0.000000 0
169894 0.079000 0
169901 0.000000 0
169908 0.000000 0
169916 0.122770 0
169924 0.000000 0
169932 0.000000 0
169939 0.076840 0
169946 0.000000 0
169954 0.000000 0
169961 0.044360 0
169969 0.000000 0
169976 0.000000 0
169984 0.034930 0
169991 0.000000 0
169998 0.000000 0
170006 0.056200 0
170014 0.000000 0
170022 0.000000 0
170029 0.062240 0
170036 0.000000 0
170044 0.000000 0
170051 0.083860 0
170059 0.000000 0
170066 0.000000 0
170074 0.083130 0
170081 0.000000 0
170088 0.000000 0
170096 0.095350 0
170104 0.000000 0
170112 0.000000 0
170119 0.146620 0
170126 0.000000 0
170134 0.000000 0
170141 0.130850 0
170149 0.000000 0
170156 0.000000 0
170164 0.097340 0
170171 0.000000 0
170178 0.000000 0
170186 0.061880 0
170194 0.000000 0
170202 0.000000 0
170209 0.039830 0
170216 0.000000 0
170224 0.000000 0
170231 0.025010 0
170239 0.000000 0
170246 0.000000 0
170254 0.008730 0
170261 0.000000 0
170268 0.000000 0
170276 0.018720 0
170284 0.000000 0
170292 0.000000 0
170299 0.017010 0
170306 0.000000 0
170314 0.000000 0
170321 0.018310 0
170329 0.000000 0
170336 0.000000 0
170344 0.012950 0
170351 0.000000 0
170358 0.000000 0
170366 0.030240 0
170374 0.000000 0
170382 0.000000 0
170389 0.040960 0
170397 0.000000 0
170404 0.000000 0
170412 0.050170 0
170419 0.000000 0
170426 0.000000 0
170434 0.081740 0
170442 0.000000 0
170450 0.000000 0
170457 0.093250 0
170464 0.000000 0
170472 0.000000 0
170479 0.088640 0
170486 0.000000 0
170494 0.000000 0
170501 0.106690 0
170509 0.000000 0
170516 0.000000 0
170524 0.109790 0
170532 0.000000 0
170540 0.000000 0
170547 0.098340 0
170554 0.000000 0
170562 0.000000 0
170569 0.070950 0
170576 0.000000 0
170584 0.000000 0
170591 0.128950 0
170599 0.000000 0
170606 0.000000 0
170614 0.108320 0
170622 0.000000 0
170630 0.000000 0
170637 0.082220 0
170644 0.000000 0
170652 0.000000 0
170659 0.056870 0
170667 0.000000 0
170674 0.000000 0
170682 0.034930 0
170689 0.000000 0
170696 0.000000 0
170704 0.012340 0
170712 0.000000 0
170720 0.000000 0
170727 0.006760 0
170734 0.000000 0
170742 0.000000 0
170749 0.011050 0
170756 0.000000 0
170764 0.000000 0
170771 0.017460 0
170779 0.000000 0
170786 0.000000 0
170794 0.013520 0
170801 0.000000 0
170808 0.000000 0
170816 0.011050 0
170824 0.000000 0
170832 0.000000 0
170839 0.087600 0
170847 0.000000 0
170854 0.000000 0
170862 0.102240 0
170869 0.000000 0
170876 0.000000 0
170884 0.052840 0
170891 0.000000 0
170898 0.000000 0
170906 0.063340 0
170914 0.000000 0
170922 0.000000 0
170929 0.073080 0
170937 0.000000 0
170944 0.000000 0
170952 0.063710 0
170959 0.000000 0
170966 0.000000 0
170974 0.065480 0
170982 0.000000 0
170990 0.000000 0
170997 0.088210 0
171004 0.000000 0
171012 0.000000 0
171019 0.096790 0
171027 0.000000 0
171034 0.000000 0
171042 0.134290 0
171049 0.000000 0
171056 0.000000 0
171064 0.133380 0
171072 0.000000 0
171080 0.000000 0
171087 0.125230 0
171094 0.000000 0
171102 0.000000 0
171109 0.091360 0
171117 0.000000 0
171124 0.000000 0
171132 0.052110 0
171139 0.000000 0
171146 0.000000 0
171154 0.035160 0
171162 0.000000 0
171170 0.000000 0
171177 0.014600 0
171184 0.000000 0
171192 0.000000 0
171199 0.019530 0
171207 0.000000 0
171214 0.000000 0
171222 0.021740 0
171229 0.000000 0
171236 0.000000 0
171244 0.015630 0
171252 0.000000 0
171260 0.000000 0
171267 0.012340 0
171274 0.000000 0
171282 0.000000 0
171289 0.017900 0
171297 0.000000 0
171304 0.000000 0
171312 0.047200 0
171319 0.000000 0
171326 0.000000 0
171334 0.044190 0
171342 0.000000 0
171350 0.000000 0
171357 0.064180 0
171364 0.000000 0
171372 0.000000 0
171379 0.096860 0
171387 0.000000 0
171394 0.000000 0
171402 0.100500 0
171409 0.000000 0
171416 0.000000 0
171424 0.084860 0
171431 0.000000 0
171438 0.000000 0
171446 0.103850 0
171453 0.000000 0
171460 0.000000 0
171468 0.121340 0
171476 0.000000 0
171484 0.000000 0
171491 0.105750 0
171498 0.000000 0
171506 0.000000 0
171513 0.054830 0
171521 0.000000 0
171528 0.000000 0
171536 0.120780 0
171543 0.000000 0
171550 0.000000 0
171558 0.104520 0
171566 0.000000 0
171574 0.000000 0
171581 0.084320 0
171588 0.000000 0
171596 0.000000 0
171603 0.054260 0
171612 0.000000 0
171620 0.000000 0
171627 0.031480 0
171633 0.000000 0
171640 0.000000 0
171648 0.012340 0
171657 0.000000 0
171664 0.000000 0
171672 0.007810 0
171678 0.000000 0
171686 0.000000 0
171693 0.010330 0
171701 0.000000 0
171708 0.000000 0
171716 0.017010 0
171723 0.000000 0
171730 0.000000 0
171738 0.011720 0
171746 0.000000 0
171754 0.000000 0
171761 0.034040 0
171768 0.000000 0
171776 0.000000 0
171783 0.075640 0
171791 0.000000 0
171798 0.000000 0
171806 0.090420 0
171814 0.000000 0
171822 0.000000 0
171829 0.083860 0
171837 0.000000 0
171844 0.000000 0
171852 0.090090 0
171859 0.000000 0
171866 0.000000 0
171874 0.075840 0
171882 0.000000 0
171890 0.000000 0
171897 0.067660 0
171903 0.000000 0
171910 0.000000 0
171918 0.077240 0
171927 0.000000 0
171934 0.000000 0
171942 0.095990 0
171948 0.000000 0
171956 0.000000 0
171963 0.089230 0
171971 0.000000 0
171978 0.000000 0
171986 0.117310 0
171993 0.000000 0
172000 0.000000 0
172008 0.120130 0
172017 0.000000 0
172024 0.000000 0
172032 0.106540 0
172038 0.000000 0
172046 0.000000 0
172053 0.089490 0
172061 0.000000 0
172068 0.000000 0
172076 0.043320 0
172083 0.000000 0
172090 0.000000 0
172098 0.019910 0
172106 0.000000 0
172114 0.000000 0
172121 0.007810 0
172128 0.000000 0
172136 0.000000 0
172143 0.022770 0
172151 0.000000 0
172158 0.000000 0
172166 0.021390 0
172174 0.000000 0
172182 0.000000 0
172189 0.011720 0
172196 0.000000 0
172204 0.000000 0
172211 0.011720 0
172218 0.000000 0
172226 0.000000 0
172233 0.053120 0
172242 0.000000 0
172250 0.000000 0
172257 0.054540 0
172264 0.000000 0
172272 0.000000 0
172279 0.049710 0
172287 0.000000 0
172294 0.000000 0
172302 0.069320 0
172310 0.000000 0
172318 0.000000 0
172325 0.080700 0
172331 0.000000 0
172338 0.000000 0
172346 0.085390 0
172354 0.000000 0
172362 0.000000 0
172369 0.060760 0
172376 0.000000 0
172384 0.000000 0
172391 0.078420 0
172400 0.000000 0
172408 0.000000 0
172415 0.105610 0
172421 0.000000 0
172428 0.000000 0
172436 0.102970 0
172444 0.000000 0
172452 0.000000 0
172459 0.140510 0
172466 0.000000 0
172474 0.000000 0
172481 0.147920 0
172488 0.000000 0
172496 0.000000 0
172503 0.116200 0
172511 0.000000 0
172518 0.000000 0
172526 0.079470 0
172533 0.000000 0
172540 0.000000 0
172548 0.044010 0
172556 0.000000 0
172564 0.000000 0
172571 0.017010 0
172578 0.000000 0
172586 0.000000 0
172593 0.006760 0
172601 0.000000 0
172608 0.000000 0
172616 0.011050 0
172623 0.000000 0
172630 0.000000 0
172638 0.015120 0
172647 0.000000 0
172654 0.000000 0
172662 0.016570 0
172670 0.000000 0
172678 0.000000 0
172685 0.011720 0
172692 0.000000 0
172700 0.000000 0
172707 0.044530 0
172715 0.000000 0
172722 0.000000 0
172730 0.063830 0
172736 0.000000 0
172744 0.000000 0
172751 0.062360 0
172759 0.000000 0
172766 0.000000 0
172774 0.105470 0
172781 0.000000 0
172788 0.000000 0
172796 0.107390 0
172804 0.000000 0
172812 0.000000 0
172819 0.074310 0
172826 0.000000 0
172834 0.000000 0
172841 0.076540 0
172850 0.000000 0
172858 0.000000 0
172865 0.086550 0
172871 0.000000 0
172878 0.000000 0
172886 0.075230 0
172895 0.000000 0
172902 0.000000 0
172910 0.066060 0
172916 0.000000 0
172924 0.000000 0
172931 0.111710 0
172938 0.000000 0
172946 0.000000 0
172953 0.122090 0
172961 0.000000 0
172968 0.000000 0
172976 0.101410 0
172983 0.000000 0
172990 0.000000 0
172998 0.075330 0
173006 0.000000 0
173014 0.000000 0
173021 0.036010 0
173028 0.000000 0
173036 0.000000 0
173043 0.018310 0
173051 0.000000 0
173058 0.000000 0
173066 0.021030 0
173074 0.000000 0
173082 0.000000 0
173089 0.023100 0
173096 0.000000 0
173104 0.000000 0
173111 0.020660 0
173120 0.000000 0
173128 0.000000 0
173135 0.014600 0
173141 0.000000 0
173148 0.000000 0
173156 0.015630 0
173165 0.000000 0
173172 0.000000 0
173180 0.051820 0
173186 0.000000 0
173194 0.000000 0
173201 0.047670 0
173210 0.000000 0
173218 0.000000 0
173225 0.057270 0
173231 0.000000 0
173238 0.000000 0
173246 0.051220 0
173254 0.000000 0
173262 0.000000 0
173269 0.049260 0
173276 0.000000 0
173284 0.000000 0
173291 0.060640 0
173299 0.000000 0
173306 0.000000 0
173314 0.079180 0
173321 0.000000 0
173328 0.000000 0
173336 0.080140 0
173344 0.000000 0
173352 0.000000 0
173359 0.077130 0
173366 0.000000 0
173374 0.000000 0
173381 0.098890 0
173390 0.000000 0
173398 0.000000 0
173405 0.156100 0
173411 0.000000 0
173418 0.000000 0
173426 0.149100 0
173435 0.000000 0
173442 0.000000 0
173450 0.123160 0
173456 0.000000 0
173464 0.000000 0
173471 0.077530 0
173479 0.000000 0
173486 0.000000 0
173494 0.036850 0
173501 0.000000 0
173508 0.000000 0
173516 0.009570 0
173524 0.000000 0
173532 0.000000 0
173539 0.009570 0
173546 0.000000 0
173554 0.000000 0
173561 0.014600 0
173569 0.000000 0
173576 0.000000 0
173584 0.014600 0
173591 0.000000 0
173598 0.000000 0
173606 0.012950 0
173614 0.000000 0
173622 0.000000 0
173629 0.012950 0
173636 0.000000 0
173644 0.000000 0
173651 0.082950 0
173660 0.000000 0
173668 0.000000 0
173675 0.112200 0
173681 0.000000 0
173688 0.000000 0
173696 0.052840 0
173705 0.000000 0
173712 0.000000 0
173720 0.033370 0
173726 0.000000 0
173734 0.000000 0
173741 0.062240 0
173749 0.000000 0
173756 0.000000 0
173764 0.068990 0
173771 0.000000 0
173778 0.000000 0
173786 0.076940 0
173794 0.000000 0
173802 0.000000 0
173809 0.079850 0
173816 0.000000 0
173824 0.000000 0
173831 0.095840 0
173839 0.000000 0
173846 0.000000 0
173854 0.140510 0
173861 0.000000 0
173868 0.000000 0
173876 0.157560 0
173884 0.000000 0
173892 0.000000 0
173899 0.129140 0
173906 0.000000 0
173914 0.000000 0
173921 0.092350 0
173929 0.000000 0
173936 0.000000 0
173944 0.050320 0
173951 0.000000 0
173958 0.000000 0
173966 0.039250 0
173974 0.000000 0
173982 0.000000 0
173989 0.009570 0
173996 0.000000 0
174004 0.000000 0
174011 0.018310 0
174019 0.000000 0
174026 0.000000 0
174034 0.021030 0
174041 0.000000 0
174048 0.000000 0
174056 0.017900 0
174064 0.000000 0
174072 0.000000 0
174079 0.023440 0
174086 0.000000 0
174094 0.000000 0
174101 0.031250 0
174109 0.000000 0
174116 0.000000 0
174124 0.037460 0
174131 0.000000 0
174138 0.000000 0
174146 0.041890 0
174154 0.000000 0
174162 0.000000 0
174169 0.078890 0
174176 0.000000 0
174184 0.000000 0
174191 0.094070 0
174199 0.000000 0
174206 0.000000 0
174214 0.088990 0
174221 0.000000 0
174228 0.000000 0
174236 0.105970 0
174244 0.000000 0
174252 0.000000 0
174259 0.112060 0
174266 0.000000 0
174274 0.000000 0
174281 0.110960 0
174289 0.000000 0
174296 0.000000 0
174304 0.092930 0
174311 0.000000 0
174318 0.000000 0
174326 0.053410 0
174334 0.000000 0
174342 0.000000 0
174349 0.128910 0
174356 0.000000 0
174364 0.000000 0
174371 0.109220 0
174379 0.000000 0
174386 0.000000 0
174394 0.073080 0
174401 0.000000 0
174408 0.000000 0
174416 0.047030 0
174424 0.000000 0
174432 0.000000 0
174439 0.032210 0
174447 0.000000 0
174454 0.000000 0
174462 0.010330 0
174469 0.000000 0
174476 0.000000 0
174484 0.006760 0
174492 0.000000 0
174500 0.000000 0
174507 0.011050 0
174514 0.000000 0
174522 0.000000 0
174529 0.016100 0
174537 0.000000 0
174544 0.000000 0
174552 0.012950 0
174559 0.000000 0
174566 0.000000 0
174574 0.070310 0
174582 0.000000 0
174590 0.000000 0
174597 0.100420 0
174604 0.000000 0
174612 0.000000 0
174619 0.097570 0
174627 0.000000 0
174634 0.000000 0
174642 0.054830 0
174649 0.000000 0
174656 0.000000 0
174664 0.067660 0
174672 0.000000 0
174680 0.000000 0
174687 0.070420 0
174694 0.000000 0
174702 0.000000 0
174709 0.059880 0
174717 0.000000 0
174724 0.000000 0
174732 0.075940 0
174739 0.000000 0
174746 0.000000 0
174754 0.100880 0
174762 0.000000 0
174770 0.000000 0
174777 0.104080 0
174784 0.000000 0
174792 0.000000 0
174799 0.135150 0
174807 0.000000 0
174814 0.000000 0
174822 0.114750 0
174829 0.000000 0
174836 0.000000 0
174844 0.111020 0
174852 0.000000 0
174860 0.000000 0
174867 0.077330 0
174873 0.000000 0
174880 0.000000 0
174888 0.048780 0
174897 0.000000 0
174904 0.000000 0
174912 0.029480 0
174919 0.000000 0
174926 0.000000 0
174934 0.009570 0
174942 0.000000 0
174950 0.000000 0
174957 0.021390 0
174964 0.000000 0
174972 0.000000 0
174979 0.022100 0
174987 0.000000 0
174994 0.000000 0
175002 0.014080 0
175009 0.000000 0
175016 0.000000 0
175024 0.009570 0
175033 0.000000 0
175040 0.000000 0
175048 0.046050 0
175054 0.000000 0
175062 0.000000 0
175069 0.048310 0
175077 0.000000 0
175084 0.000000 0
175092 0.061630 0
175100 0.000000 0
175108 0.000000 0
175115 0.103790 0
175122 0.000000 0
175130 0.000000 0
175137 0.098270 0
175144 0.000000 0
175152 0.000000 0
175159 0.085220 0
175166 0.000000 0
175174 0.000000 0
175181 0.087080 0
175189 0.000000 0
175196 0.000000 0
175204 0.093250 0
175212 0.000000 0
175220 0.000000 0
175227 0.114690 0
175234 0.000000 0
175242 0.000000 0
175249 0.095280 0
175257 0.000000 0
175264 0.000000 0
175272 0.103200 0
175279 0.000000 0
175286 0.000000 0
175294 0.116140 0
175302 0.000000 0
175310 0.000000 0
175317 0.114810 0
175324 0.000000 0
175332 0.000000 0
175339 0.086200 0
175347 0.000000 0
175354 0.000000 0
175362 0.029480 0
175368 0.000000 0
175376 0.000000 0
175383 0.015120 0
175392 0.000000 0
175400 0.000000 0
175407 0.015120 0
175413 0.000000 0
175420 0.000000 0
175428 0.006760 0
175436 0.000000 0
175444 0.000000 0
175451 0.013520 0
175458 0.000000 0
175466 0.000000 0
175473 0.012950 0
175481 0.000000 0
175488 0.000000 0
175496 0.011050 0
175503 0.000000 0
175510 0.000000 0
175518 0.059240 0
175527 0.000000 0
175534 0.000000 0
175542 0.085940 0
175548 0.000000 0
175556 0.000000 0
175563 0.062360 0
175571 0.000000 0
175578 0.000000 0
175586 0.087080 0
175593 0.000000 0
175600 0.000000 0
175608 0.092520 0
175617 0.000000 0
175624 0.000000 0
175632 0.074720 0
175638 0.000000 0
175646 0.000000 0
175653 0.067310 0
175661 0.000000 0
175668 0.000000 0
175676 0.079580 0
175683 0.000000 0
175690 0.000000 0
175698 0.101110 0
175706 0.000000 0
175714 0.000000 0
175721 0.087080 0
175728 0.000000 0
175736 0.000000 0
175743 0.114950 0
175751 0.000000 0
175758 0.000000 0
175766 0.112200 0
175773 0.000000 0
175780 0.000000 0
175788 0.153830 0
175797 0.000000 0
175804 0.000000 0
175812 0.078600 0
175818 0.000000 0
175826 0.000000 0
175833 0.030990 0
175842 0.000000 0
175850 0.000000 0
175857 0.017010 0
175863 0.000000 0
175870 0.000000 0
175878 0.012340 0
175887 0.000000 0
175894 0.000000 0
175902 0.022430 0
175908 0.000000 0
175916 0.000000 0
175923 0.018310 0
175931 0.000000 0
175938 0.000000 0
175946 0.013520 0
175954 0.000000 0
175962 0.000000 0
175969 0.013520 0
175977 0.000000 0
175984 0.000000 0
175992 0.048780 0
175999 0.000000 0
176006 0.000000 0
176014 0.049410 0
176022 0.000000 0
176030 0.000000 0
176037 0.057540 0
176044 0.000000 0
176052 0.000000 0
176059 0.071170 0
176067 0.000000 0
176074 0.000000 0
176082 0.090010 0
176089 0.000000 0
176096 0.000000 0
176104 0.070630 0
176111 0.000000 0
176118 0.000000 0
176126 0.077440 0
176134 0.000000 0
176142 0.000000 0
176149 0.110610 0
176157 0.000000 0
176164 0.000000 0
176172 0.097410 0
176179 0.000000 0
176186 0.000000 0
176194 0.092680 0
176201 0.000000 0
176208 0.000000 0
176216 0.135990 0
176223 0.000000 0
176230 0.000000 0
176238 0.127410 0
176246 0.000000 0
176254 0.000000 0
176261 0.094790 0
176268 0.000000 0
176276 0.000000 0
176283 0.063830 0
176291 0.000000 0
176298 0.000000 0
176306 0.034930 0
176313 0.000000 0
176320 0.000000 0
176328 0.016570 0
176336 0.000000 0
176344 0.000000 0
176351 0.011050 0
176358 0.000000 0
176366 0.000000 0
176373 0.018310 0
176382 0.000000 0
176390 0.000000 0
176397 0.018720 0
176404 0.000000 0
176412 0.000000 0
176419 0.017900 0
176426 0.000000 0
176434 0.000000 0
176441 0.016570 0
176450 0.000000 0
176458 0.000000 0
176465 0.056340 0
176472 0.000000 0
176480 0.000000 0
176487 0.072240 0
176495 0.000000 0
176502 0.000000 0
176510 0.060640 0
176516 0.000000 0
176524 0.000000 0
176531 0.112930 0
176540 0.000000 0
176548 0.000000 0
176555 0.119950 0
176561 0.000000 0
176568 0.000000 0
176576 0.081090 0
176584 0.000000 0
176592 0.000000 0
176599 0.074110 0
176606 0.000000 0
176614 0.000000 0
176621 0.083220 0
176630 0.000000 0
176638 0.000000 0
176645 0.078710 0
176651 0.000000 0
176658 0.000000 0
176666 0.102830 0
176673 0.000000 0
176680 0.000000 0
176688 0.103790 0
176696 0.000000 0
176704 0.000000 0
176711 0.091940 0
176718 0.000000 0
176726 0.000000 0
176733 0.085220 0
176741 0.000000 0
176748 0.000000 0
176756 0.047350 0
176763 0.000000 0
176770 0.000000 0
176778 0.025010 0
176786 0.000000 0
176794 0.000000 0
176801 0.009570 0
176810 0.000000 0
176818 0.000000 0
176825 0.028960 0
176831 0.000000 0
176838 0.000000 0
176846 0.025600 0
176855 0.000000 0
176862 0.000000 0
176870 0.025600 0
176876 0.000000 0
176884 0.000000 0
176891 0.021390 0
176899 0.000000 0
176906 0.000000 0
176914 0.020290 0
176921 0.000000 0
176928 0.000000 0
176936 0.061140 0
176944 0.000000 0
176952 0.000000 0
176959 0.049870 0
176966 0.000000 0
176974 0.000000 0
176981 0.046710 0
176989 0.000000 0
176996 0.000000 0
177004 0.058590 0
177011 0.000000 0
177018 0.000000 0
177026 0.068880 0
177034 0.000000 0
177042 0.000000 0
177049 0.066970 0
177056 0.000000 0
177064 0.000000 0
177071 0.063100 0
177079 0.000000 0
177086 0.000000 0
177094 0.082760 0
177101 0.000000 0
177108 0.000000 0
177116 0.078510 0
177125 0.000000 0
177132 0.000000 0
177140 0.085480 0
177146 0.000000 0
177154 0.000000 0
177161 0.131470 0
177170 0.000000 0
177178 0.000000 0
177185 0.128010 0
177191 0.000000 0
177198 0.000000 0
177206 0.114210 0
177214 0.000000 0
177222 0.000000 0
177229 0.062000 0
177236 0.000000 0
177244 0.000000 0
177251 0.028430 0
177259 0.000000 0
177266 0.000000 0
177274 0.008730 0
177281 0.000000 0
177288 0.000000 0
177296 0.006760 0
177304 0.000000 0
177312 0.000000 0
177319 0.017460 0
177326 0.000000 0
177334 0.000000 0
177341 0.011720 0
177349 0.000000 0
177356 0.000000 0
177364 0.012340 0
177371 0.000000 0
177378 0.000000 0
177386 0.070080 0
177394 0.000000 0
177402 0.000000 0
177409 0.116460 0
177416 0.000000 0
177424 0.000000 0
177431 0.101340 0
177439 0.000000 0
177446 0.000000 0
177454 0.048630 0
177461 0.000000 0
177468 0.000000 0
177476 0.043670 0
177484 0.000000 0
177492 0.000000 0
177499 0.058460 0
177506 0.000000 0
177514 0.000000 0
177521 0.069110 0
177529 0.000000 0
177536 0.000000 0
177544 0.078020 0
177551 0.000000 0
177558 0.000000 0
177566 0.084950 0
177574 0.000000 0
177582 0.000000 0
177589 0.094640 0
177596 0.000000 0
177604 0.000000 0
177611 0.139420 0
177619 0.000000 0
177626 0.000000 0
177634 0.142290 0
177641 0.000000 0
177648 0.000000 0
177656 0.117310 0
177664 0.000000 0
177672 0.000000 0
177679 0.084500 0
177686 0.000000 0
177694 0.000000 0
177701 0.051070 0
177709 0.000000 0
177716 0.000000 0
177724 0.033370 0
177731 0.000000 0
177738 0.000000 0
177746 0.005520 0
177754 0.000000 0
177762 0.000000 0
177769 0.017460 0
177776 0.000000 0
177784 0.000000 0
177791 0.017900 0
177799 0.000000 0
177806 0.000000 0
177814 0.028430 0
177821 0.000000 0
177828 0.000000 0
177836 0.014600 0
177844 0.000000 0
177852 0.000000 0
177859 0.037870 0
177866 0.000000 0
177874 0.000000 0
177881 0.043490 0
177889 0.000000 0
177896 0.000000 0
177904 0.051820 0
177912 0.000000 0
177920 0.000000 0
177927 0.086380 0
177934 0.000000 0
177942 0.000000 0
177949 0.102680 0
177957 0.000000 0
177964 0.000000 0
177972 0.073900 0
177979 0.000000 0
177986 0.000000 0
177994 0.103930 0
178001 0.000000 0
178008 0.000000 0
178016 0.107820 0
178024 0.000000 0
178032 0.000000 0
178039 0.106400 0
178047 0.000000 0
178054 0.000000 0
178062 0.087430 0
178069 0.000000 0
178076 0.000000 0
178084 0.100880 0
178092 0.000000 0
178100 0.000000 0
178107 0.120390 0
178114 0.000000 0
178122 0.000000 0
178129 0.097410 0
178137 0.000000 0
178144 0.000000 0
178152 0.056060 0
178159 0.000000 0
178166 0.000000 0
178174 0.039830 0
178182 0.000000 0
178190 0.000000 0
178197 0.019130 0
178204 0.000000 0
178212 0.000000 0
178219 0.011050 0
178227 0.000000 0
178234 0.000000 0
178242 0.009570 0
178249 0.000000 0
178256 0.000000 0
178264 0.017460 0
178272 0.000000 0
178280 0.000000 0
178287 0.012950 0
178294 0.000000 0
178302 0.000000 0
178309 0.015630 0
178317 0.000000 0
178324 0.000000 0
178332 0.094220 0
178339 0.000000 0
178346 0.000000 0
178354 0.089750 0
178362 0.000000 0
178370 0.000000 0
178377 0.062240 0
178384 0.000000 0
178392 0.000000 0
178399 0.055100 0
178407 0.000000 0
178414 0.000000 0
178422 0.063940 0
178429 0.000000 0
178436 0.000000 0
178444 0.069980 0
178452 0.000000 0
178460 0.000000 0
178467 0.054690 0
178474 0.000000 0
178482 0.000000 0
178489 0.071270 0
178497 0.000000 0
178504 0.000000 0
178512 0.108250 0
178519 0.000000 0
178526 0.000000 0
178534 0.103790 0
178542 0.000000 0
178550 0.000000 0
178557 0.126630 0
178564 0.000000 0
178572 0.000000 0
178579 0.109790 0
178587 0.000000 0
178594 0.000000 0
178602 0.088550 0
178608 0.000000 0
178616 0.000000 0
178623 0.061390 0
178632 0.000000 0
178640 0.000000 0
178647 0.034270 0
178653 0.000000 0
178660 0.000000 0
178668 0.021030 0
178677 0.000000 0
178684 0.000000 0
178692 0.012950 0
178698 0.000000 0
178706 0.000000 0
178713 0.019130 0
178722 0.000000 0
178730 0.000000 0
178737 0.017460 0
178744 0.000000 0
178752 0.000000 0
178759 0.013520 0
178767 0.000000 0
178774 0.000000 0
178782 0.017900 0
178789 0.000000 0
178796 0.000000 0
178804 0.055650 0
178812 0.000000 0
178820 0.000000 0
178827 0.047990 0
178833 0.000000 0
178840 0.000000 0
178848 0.059240 0
178856 0.000000 0
178864 0.000000 0
178871 0.091100 0
178878 0.000000 0
178886 0.000000 0
178893 0.109030 0
178901 0.000000 0
178908 0.000000 0
178916 0.085660 0
178924 0.000000 0
178932 0.000000 0
178939 0.091020 0
178947 0.000000 0
178954 0.000000 0
178962 0.112870 0
178968 0.000000 0
178976 0.000000 0
178983 0.088550 0
178991 0.000000 0
178998 0.000000 0
179006 0.056730 0
179013 0.000000 0
179020 0.000000 0
179028 0.108740 0
179036 0.000000 0
179044 0.000000 0
179051 0.106110 0
179058 0.000000 0
179066 0.000000 0
179073 0.073590 0
179081 0.000000 0
179088 0.000000 0
179096 0.052550 0
179103 0.000000 0
179110 0.000000 0
179118 0.028700 0
179127 0.000000 0
179134 0.000000 0
179142 0.009570 0
179148 0.000000 0
179156 0.000000 0
179163 0.006760 0
179172 0.000000 0
179180 0.000000 0
179187 0.009570 0
179193 0.000000 0
179200 0.000000 0
179208 0.015630 0
179216 0.000000 0
179224 0.000000 0
179231 0.015120 0
179238 0.000000 0
179246 0.000000 0
179253 0.015120 0
179261 0.000000 0
179268 0.000000 0
179276 0.063940 0
179284 0.000000 0
179292 0.000000 0
179299 0.090090 0
179306 0.000000 0
179314 0.000000 0
179321 0.056340 0
179328 0.000000 0
179336 0.000000 0
179343 0.079180 0
179351 0.000000 0
179358 0.000000 0
179366 0.098740 0
179373 0.000000 0
179380 0.000000 0
179388 0.082120 0
179397 0.000000 0
179404 0.000000 0
179412 0.081740 0
179418 0.000000 0
179426 0.000000 0
179433 0.095840 0
179441 0.000000 0
179448 0.000000 0
179456 0.100950 0
179463 0.000000 0
179470 0.000000 0
179478 0.099050 0
179486 0.000000 0
179494 0.000000 0
179501 0.095520 0
179508 0.000000 0
179516 0.000000 0
179523 0.098270 0
179531 0.000000 0
179538 0.000000 0
179546 0.090090 0
179553 0.000000 0
179560 0.000000 0
179568 0.046880 0
179576 0.000000 0
179584 0.000000 0
179591 0.028960 0
179598 0.000000 0
179606 0.000000 0
179613 0.010330 0
179621 0.000000 0
179628 0.000000 0
179636 0.019910 0
179643 0.000000 0
179650 0.000000 0
179658 0.023100 0
179666 0.000000 0
179674 0.000000 0
179681 0.016100 0
179688 0.000000 0
179696 0.000000 0
179703 0.011720 0
179711 0.000000 0
179718 0.000000 0
179726 0.019530 0
179734 0.000000 0
179742 0.000000 0
179749 0.061390 0
179756 0.000000 0
179764 0.000000 0
179771 0.050320 0
179779 0.000000 0
179786 0.000000 0
179794 0.068670 0
179801 0.000000 0
179808 0.000000 0
179816 0.079580 0
179824 0.000000 0
179832 0.000000 0
179839 0.095120 0
179846 0.000000 0
179854 0.000000 0
179861 0.075030 0
179869 0.000000 0
179876 0.000000 0
179884 0.085480 0
179892 0.000000 0
179900 0.000000 0
179907 0.102750 0
179914 0.000000 0
179922 0.000000 0
179929 0.096790 0
179937 0.000000 0
179944 0.000000 0
179952 0.063710 0
179959 0.000000 0
179966 0.000000 0
179974 0.135190 0
179981 0.000000 0
179988 0.000000 0
179996 0.114020 0
180003 0.000000 0
180010 0.000000 0
180018 0.133940 0
180026 0.000000 0
180034 0.000000 0
180041 0.044530 0
180048 0.000000 0
180056 0.000000 0
180063 0.008730 0
180071 0.000000 0
180078 0.000000 0
180086 0.005520 0
180093 0.000000 0
180100 0.000000 0
180108 0.007810 0
180116 0.000000 0
180124 0.000000 0
180131 0.009570 0
180140 0.000000 0
180148 0.000000 0
180155 0.009570 0
180161 0.000000 0
180168 0.000000 0
180176 0.010330 0
180185 0.000000 0
180192 0.000000 0
180200 0.023760 0
180206 0.000000 0
180214 0.000000 0
180221 0.057540 0
180229 0.000000 0
180236 0.000000 0
180244 0.069980 0
180252 0.000000 0
180260 0.000000 0
180267 0.094070 0
180273 0.000000 0
180280 0.000000 0
180288 0.104590 0
180296 0.000000 0
180304 0.000000 0
180311 0.110890 0
180318 0.000000 0
180326 0.000000 0
180333 0.066970 0
180341 0.000000 0
180348 0.000000 0
180356 0.079580 0
180365 0.000000 0
180372 0.000000 0
180380 0.081740 0
180386 0.000000 0
180394 0.000000 0
180401 0.074310 0
180409 0.000000 0
180416 0.000000 0
180424 0.116730 0
180431 0.000000 0
180438 0.000000 0
180446 0.111380 0
180453 0.000000 0
180460 0.000000 0
180468 0.097660 0
180476 0.000000 0
180484 0.000000 0
180491 0.083960 0
180500 0.000000 0
180508 0.000000 0
180515 0.049410 0
180521 0.000000 0
180528 0.000000 0
180536 0.019910 0
180545 0.000000 0
180552 0.000000 0
180560 0.005520 0
180566 0.000000 0
180574 0.000000 0
180581 0.030240 0
180590 0.000000 0
180598 0.000000 0
180605 0.025910 0
180611 0.000000 0
180618 0.000000 0
180626 0.016570 0
180634 0.000000 0
180642 0.000000 0
180649 0.016570 0
180656 0.000000 0
180664 0.000000 0
180671 0.045210 0
180679 0.000000 0
180686 0.000000 0
180694 0.051510 0
180701 0.000000 0
180708 0.000000 0
180716 0.061630 0
180724 0.000000 0
180732 0.000000 0
180739 0.051670 0
180746 0.000000 0
180754 0.000000 0
180761 0.055650 0
180769 0.000000 0
180776 0.000000 0
180784 0.054120 0
180791 0.000000 0
180798 0.000000 0
180806 0.087770 0
180815 0.000000 0
180822 0.000000 0
180830 0.070740 0
180836 0.000000 0
180844 0.000000 0
180851 0.074310 0
180859 0.000000 0
180866 0.000000 0
180874 0.083590 0
180881 0.000000 0
180888 0.000000 0
180896 0.155260 0
180905 0.000000 0
180912 0.000000 0
180920 0.140950 0
180926 0.000000 0
180934 0.000000 0
180941 0.125170 0
180949 0.000000 0
180956 0.000000 0
180964 0.085310 0
180971 0.000000 0
180978 0.000000 0
180986 0.046880 0
180994 0.000000 0
181002 0.000000 0
181009 0.014080 0
181016 0.000000 0
181024 0.000000 0
181031 0.003910 0
181039 0.000000 0
181046 0.000000 0
181054 0.007810 0
181061 0.000000 0
181068 0.000000 0
181076 0.014080 0
181084 0.000000 0
181092 0.000000 0
181099 0.015120 0
181106 0.000000 0
181114 0.000000 0
181121 0.013520 0
181129 0.000000 0
181136 0.000000 0
181144 0.072650 0
181151 0.000000 0
181158 0.000000 0
181166 0.117450 0
181174 0.000000 0
181182 0.000000 0
181189 0.076340 0
181196 0.000000 0
181204 0.000000 0
181211 0.045880 0
181219 0.000000 0
181226 0.000000 0
181234 0.047990 0
181241 0.000000 0
181248 0.000000 0
181256 0.059750 0
181264 0.000000 0
181272 0.000000 0
181279 0.067310 0
181286 0.000000 0
181294 0.000000 0
181301 0.079290 0
181309 0.000000 0
181316 0.000000 0
181324 0.078020 0
181331 0.000000 0
181338 0.000000 0
181346 0.095920 0
181354 0.000000 0
181362 0.000000 0
181369 0.125290 0
181376 0.000000 0
181384 0.000000 0
181391 0.115940 0
181400 0.000000 0
181408 0.000000 0
181415 0.114080 0
181421 0.000000 0
181428 0.000000 0
181436 0.075140 0
181444 0.000000 0
181452 0.000000 0
181459 0.046220 0
181466 0.000000 0
181474 0.000000 0
181481 0.028170 0
181489 0.000000 0
181496 0.000000 0
181504 0.017460 0
181511 0.000000 0
181518 0.000000 0
181526 0.019530 0
181534 0.000000 0
181542 0.000000 0
181549 0.017010 0
181556 0.000000 0
181564 0.000000 0
181571 0.018720 0
181579 0.000000 0
181586 0.000000 0
181594 0.028700 0
181601 0.000000 0
181608 0.000000 0
181616 0.038270 0
181624 0.000000 0
181632 0.000000 0
181639 0.049410 0
181646 0.000000 0
181654 0.000000 0
181661 0.054690 0
181669 0.000000 0
181676 0.000000 0
181684 0.077930 0
181691 0.000000 0
181698 0.000000 0
181706 0.101260 0
181714 0.000000 0
181722 0.000000 0
181729 0.090010 0
181736 0.000000 0
181744 0.000000 0
181751 0.092680 0
181759 0.000000 0
181766 0.000000 0
181774 0.102370 0
181781 0.000000 0
181788 0.000000 0
181796 0.094790 0
181805 0.000000 0
181812 0.000000 0
181820 0.062500 0
181826 0.000000 0
181834 0.000000 0
181841 0.110750 0
181849 0.000000 0
181856 0.000000 0
181864 0.094390 0
181871 0.000000 0
181878 0.000000 0
181886 0.076650 0
181894 0.000000 0
181902 0.000000 0
181909 0.051820 0
181916 0.000000 0
181924 0.000000 0
181931 0.033600 0
181939 0.000000 0
181946 0.000000 0
181954 0.011720 0
181961 0.000000 0
181968 0.000000 0
181976 0.008730 0
181984 0.000000 0
181992 0.000000 0
181999 0.018310 0
182006 0.000000 0
182014 0.000000 0
182021 0.016100 0
182029 0.000000 0
182036 0.000000 0
182044 0.028700 0
182051 0.000000 0
182058 0.000000 0
182066 0.054960 0
182074 0.000000 0
182082 0.000000 0
182089 0.088290 0
182097 0.000000 0
182104 0.000000 0
182112 0.085130 0
182119 0.000000 0
182126 0.000000 0
182134 0.041150 0
182142 0.000000 0
182150 0.000000 0
182157 0.057400 0
182164 0.000000 0
182172 0.000000 0
182179 0.068540 0
182187 0.000000 0
182194 0.000000 0
182202 0.059620 0
182209 0.000000 0
182216 0.000000 0
182224 0.071380 0
182232 0.000000 0
182240 0.000000 0
182247 0.074720 0
182254 0.000000 0
182262 0.000000 0
182269 0.087950 0
182277 0.000000 0
182284 0.000000 0
182292 0.109440 0
182299 0.000000 0
182306 0.000000 0
182314 0.102600 0
182322 0.000000 0
182330 0.000000 0
182337 0.102310 0
182344 0.000000 0
182352 0.000000 0
182359 0.075330 0
182367 0.000000 0
182374 0.000000 0
182382 0.045210 0
182389 0.000000 0
182396 0.000000 0
182404 0.033830 0
182412 0.000000 0
182420 0.000000 0
182427 0.013520 0
182434 0.000000 0
182442 0.000000 0
182449 0.019530 0
182456 0.000000 0
182464 0.000000 0
182471 0.023760 0
182479 0.000000 0
182486 0.000000 0
182494 0.028430 0
182502 0.000000 0
182510 0.000000 0
182517 0.028170 0
182524 0.000000 0
182532 0.000000 0
182539 0.048630 0
182547 0.000000 0
182554 0.000000 0
182562 0.054400 0
182569 0.000000 0
182576 0.000000 0
182584 0.048460 0
182592 0.000000 0
182600 0.000000 0
182607 0.064880 0
182614 0.000000 0
182622 0.000000 0
182629 0.081830 0
182637 0.000000 0
182644 0.000000 0
182652 0.080990 0
182659 0.000000 0
182666 0.000000 0
182674 0.076650 0
182682 0.000000 0
182690 0.000000 0
182697 0.085940 0
182704 0.000000 0
182712 0.000000 0
182719 0.085310 0
182727 0.000000 0
182734 0.000000 0
182742 0.075030 0
182749 0.000000 0
182756 0.000000 0
182764 0.053560 0
182772 0.000000 0
182780 0.000000 0
182787 0.090520 0
182793 0.000000 0
182800 0.000000 0
182808 0.088210 0
182817 0.000000 0
182824 0.000000 0
182832 0.082760 0
182839 0.000000 0
182846 0.000000 0
182854 0.038860 0
182862 0.000000 0
182870 0.000000 0
182877 0.018720 0
182883 0.000000 0
182890 0.000000 0
182898 0.008730 0
182907 0.000000 0
182914 0.000000 0
182922 0.008730 0
182928 0.000000 0
182936 0.000000 0
182943 0.011720 0
182951 0.000000 0
182958 0.000000 0
182966 0.018310 0
182973 0.000000 0
182980 0.000000 0
182988 0.025310 0
182996 0.000000 0
183004 0.000000 0
183011 0.027620 0
183018 0.000000 0
183026 0.000000 0
183033 0.063580 0
183042 0.000000 0
183050 0.000000 0
183057 0.057540 0
183063 0.000000 0
183070 0.000000 0
183078 0.082220 0
183086 0.000000 0
183094 0.000000 0
183101 0.098120 0
183109 0.000000 0
183116 0.000000 0
183124 0.079850 0
183131 0.000000 0
183138 0.000000 0
183146 0.068540 0
183153 0.000000 0
183160 0.000000 0
183168 0.074830 0
183176 0.000000 0
183184 0.000000 0
183191 0.072450 0
183198 0.000000 0
183206 0.000000 0
183213 0.062500 0
183221 0.000000 0
183228 0.000000 0
183236 0.089920 0
183243 0.000000 0
183250 0.000000 0
183258 0.078510 0
183266 0.000000 0
183274 0.000000 0
183281 0.086460 0
183288 0.000000 0
183296 0.000000 0
183303 0.078020 0
183312 0.000000 0
183320 0.000000 0
183327 0.045210 0
183333 0.000000 0
183340 0.000000 0
183348 0.026780 0
183357 0.000000 0
183364 0.000000 0
183372 0.009570 0
183378 0.000000 0
183386 0.000000 0
183393 0.021740 0
183401 0.000000 0
183408 0.000000 0
183416 0.022430 0
183424 0.000000 0
183432 0.000000 0
183439 0.034930 0
183447 0.000000 0
183454 0.000000 0
183462 0.032210 0
183469 0.000000 0
183476 0.000000 0
183484 0.045380 0
183492 0.000000 0
183500 0.000000 0
183507 0.048160 0
183514 0.000000 0
183522 0.000000 0
183529 0.057400 0
183537 0.000000 0
183544 0.000000 0
183552 0.065000 0
183559 0.000000 0
183566 0.000000 0
183574 0.056600 0
183583 0.000000 0
183590 0.000000 0
183598 0.059880 0
183604 0.000000 0
183612 0.000000 0
183619 0.060500 0
183627 0.000000 0
183634 0.000000 0
183642 0.083860 0
183649 0.000000 0
183656 0.000000 0
183664 0.067430 0
183672 0.000000 0
183680 0.000000 0
183687 0.061140 0
183694 0.000000 0
183702 0.000000 0
183709 0.083040 0
183717 0.000000 0
183724 0.000000 0
183732 0.089920 0
183739 0.000000 0
183746 0.000000 0
183754 0.091430 0
183762 0.000000 0
183770 0.000000 0
183777 0.065710 0
183783 0.000000 0
183790 0.000000 0
183798 0.041890 0
183807 0.000000 0
183814 0.000000 0
183822 0.023440 0
183828 0.000000 0
183836 0.000000 0
183843 0.017900 0
183851 0.000000 0
183858 0.000000 0
183866 0.017460 0
183873 0.000000 0
183880 0.000000 0
183888 0.025310 0
183896 0.000000 0
183904 0.000000 0
183911 0.030000 0
183918 0.000000 0
183926 0.000000 0
183933 0.034270 0
183941 0.000000 0
183948 0.000000 0
183956 0.042420 0
183964 0.000000 0
183972 0.000000 0
183979 0.058460 0
183987 0.000000 0
183994 0.000000 0
184002 0.057540 0
184009 0.000000 0
184016 0.000000 0
184024 0.081380 0
184032 0.000000 0
184040 0.000000 0
184047 0.075840 0
184054 0.000000 0
184062 0.000000 0
184069 0.063580 0
184077 0.000000 0
184084 0.000000 0
184092 0.061140 0
184099 0.000000 0
184106 0.000000 0
184114 0.064530 0
184121 0.000000 0
184128 0.000000 0
184136 0.055790 0
184144 0.000000 0
184152 0.000000 0
184159 0.053410 0
184167 0.000000 0
184174 0.000000 0
184182 0.062000 0
184189 0.000000 0
184196 0.000000 0
184204 0.068330 0
184211 0.000000 0
184218 0.000000 0
184226 0.072240 0
184233 0.000000 0
184240 0.000000 0
184248 0.052110 0
184256 0.000000 0
184264 0.000000 0
184271 0.035370 0
184278 0.000000 0
184286 0.000000 0
184293 0.022100 0
184301 0.000000 0
184308 0.000000 0
184316 0.025600 0
184323 0.000000 0
184330 0.000000 0
184338 0.027340 0
184346 0.000000 0
184354 0.000000 0
184361 0.030750 0
184368 0.000000 0
184376 0.000000 0
184383 0.033370 0
184391 0.000000 0
184398 0.000000 0
184406 0.033600 0
184414 0.000000 0
184422 0.000000 0
184429 0.033140 0
184436 0.000000 0
184444 0.000000 0
184451 0.039250 0
184460 0.000000 0
184468 0.000000 0
184475 0.039830 0
184482 0.000000 0
184490 0.000000 0
184497 0.039060 0
184505 0.000000 0
184512 0.000000 0
184520 0.044190 0
184527 0.000000 0
184534 0.000000 0
184542 0.056600 0
184550 0.000000 0
184558 0.000000 0
184565 0.070630 0
184572 0.000000 0
184580 0.000000 0
184587 0.057130 0
184595 0.000000 0
184602 0.000000 0
184610 0.072450 0
184617 0.000000 0
184624 0.000000 0
184632 0.074920 0
184640 0.000000 0
184648 0.000000 0
184655 0.059360 0
184662 0.000000 0
184670 0.000000 0
184677 0.054400 0
184685 0.000000 0
184692 0.000000 0
184700 0.058200 0
184707 0.000000 0
184714 0.000000 0
184722 0.053560 0
184730 0.000000 0
184738 0.000000 0
184745 0.046370 0
184752 0.000000 0
184760 0.000000 0
184767 0.028170 0
184775 0.000000 0
184782 0.000000 0
184790 0.020660 0
184797 0.000000 0
184804 0.000000 0
184812 0.012950 0
184820 0.000000 0
184828 0.000000 0
184835 0.019910 0
184842 0.000000 0
184850 0.000000 0
184857 0.023760 0
184865 0.000000 0
184872 0.000000 0
184880 0.023100 0
184887 0.000000 0
184894 0.000000 0
184902 0.039440 0
184910 0.000000 0
184918 0.000000 0
184925 0.044710 0
184932 0.000000 0
184940 0.000000 0
184947 0.037260 0
184955 0.000000 0
184962 0.000000 0
184970 0.056340 0
184977 0.000000 0
184984 0.000000 0
184992 0.048160 0
185000 0.000000 0
185008 0.000000 0
185015 0.036420 0
185022 0.000000 0
185030 0.000000 0
185037 0.087510 0
185045 0.000000 0
185052 0.000000 0
185060 0.071060 0
185067 0.000000 0
185074 0.000000 0
185082 0.045550 0
185090 0.000000 0
185098 0.000000 0
185105 0.044010 0
185112 0.000000 0
185120 0.000000 0
185127 0.049090 0
185135 0.000000 0
185142 0.000000 0
185150 0.043670 0
185157 0.000000 0
185164 0.000000 0
185172 0.048460 0
185180 0.000000 0
185188 0.000000 0
185195 0.036640 0
185202 0.000000 0
185210 0.000000 0
185217 0.032210 0
185225 0.000000 0
185232 0.000000 0
185240 0.041700 0
185247 0.000000 0
185254 0.000000 0
185262 0.031970 0
185270 0.000000 0
185278 0.000000 0
185285 0.043670 0
185292 0.000000 0
185300 0.000000 0
185307 0.045880 0
185315 0.000000 0
185322 0.000000 0
185330 0.051820 0
185337 0.000000 0
185344 0.000000 0
185352 0.050920 0
185360 0.000000 0
185368 0.000000 0
185375 0.054120 0
185382 0.000000 0
185390 0.000000 0
185397 0.054260 0
185405 0.000000 0
185412 0.000000 0
185420 0.049560 0
185427 0.000000 0
185434 0.000000 0
185442 0.055650 0
185450 0.000000 0
185458 0.000000 0
185465 0.063580 0
185472 0.000000 0
185480 0.000000 0
185487 0.049260 0
185495 0.000000 0
185502 0.000000 0
185510 0.041700 0
185517 0.000000 0
185524 0.000000 0
185532 0.075330 0
185540 0.000000 0
185548 0.000000 0
185555 0.065580 0
185562 0.000000 0
185570 0.000000 0
185577 0.067080 0
185585 0.000000 0
185592 0.000000 0
185600 0.061880 0
185607 0.000000 0
185614 0.000000 0
185622 0.047200 0
185630 0.000000 0
185638 0.000000 0
185645 0.044530 0
185652 0.000000 0
185660 0.000000 0
185667 0.029480 0
185675 0.000000 0
185682 0.000000 0
185690 0.030500 0
185697 0.000000 0
185704 0.000000 0
185712 0.054690 0
185720 0.000000 0
185728 0.000000 0
185735 0.056060 0
185742 0.000000 0
185750 0.000000 0
185757 0.054120 0
185765 0.000000 0
185772 0.000000 0
185780 0.059360 0
185787 0.000000 0
185794 0.000000 0
185802 0.054830 1
185810 0.000000 0
185818 0.000000 0
185825 0.070850 1
185832 0.000000 0
185840 0.000000 0
185847 0.054960 1
185855 0.000000 0
185862 0.000000 0
185870 0.056200 1
185877 0.000000 0
185884 0.000000 0
185892 0.064420 1
185900 0.000000 0
185908 0.000000 0
185915 0.062500 1
185922 0.000000 0
185930 0.000000 0
185937 0.053700 1
185945 0.000000 0
185952 0.000000 0
185960 0.049560 1
185967 0.000000 0
185974 0.000000 0
185982 0.052840 1
185990 0.000000 0
185998 0.000000 0
186005 0.050780 1
186012 0.000000 0
186020 0.000000 0
186027 0.057540 1
186035 0.000000 0
186042 0.000000 0
186050 0.046540 1
186057 0.000000 0
186064 0.000000 0
186072 0.047840 1
186080 0.000000 0
186088 0.000000 0
186095 0.042790 1
186102 0.000000 0
186110 0.000000 0
186117 0.041890 1
186125 0.000000 0
186132 0.000000 0
186140 0.052550 1
186147 0.000000 0
186154 0.000000 0
186162 0.041340 1
186170 0.000000 0
186178 0.000000 0
186185 0.049410 1
186192 0.000000 0
186200 0.000000 0
186207 0.050170 1
186215 0.000000 0
186222 0.000000 0
186230 0.047840 1
186237 0.000000 0
186244 0.000000 0
186252 0.046880 1
186260 0.000000 0
186268 0.000000 0
186275 0.048780 1
186282 0.000000 0
186290 0.000000 0
186297 0.051070 1
186305 0.000000 0
186312 0.000000 0
186320 0.056600 1
186327 0.000000 0
186334 0.000000 0
186342 0.047030 1
186350 0.000000 0
186358 0.000000 0
186365 0.038470 1
186372 0.000000 0
186380 0.000000 0
186387 0.041340 1
186395 0.000000 0
186402 0.000000 0
186410 0.046540 1
186417 0.000000 0
186424 0.000000 0
186432 0.061750 1
186440 0.000000 0
186448 0.000000 0
186455 0.057400 1
186462 0.000000 0
186470 0.000000 0
186477 0.050170 1
186485 0.000000 0
186492 0.000000 0
186500 0.072450 1
186507 0.000000 0
186514 0.000000 0
186522 0.061140 1
186530 0.000000 0
186538 0.000000 0
186545 0.062970 1
186552 0.000000 0
186560 0.000000 0
186567 0.062850 1
186575 0.000000 0
186582 0.000000 0
186590 0.070950 1
186597 0.000000 0
186604 0.000000 0
186612 0.060500 1
186620 0.000000 0
186628 0.000000 0
186635 0.042070 1
186642 0.000000 0
186650 0.000000 0
186657 0.041520 1
186665 0.000000 0
186672 0.000000 0
186680 0.040770 1
186687 0.000000 0
186694 0.000000 0
186702 0.051510 1
186710 0.000000 0
186718 0.000000 0
186725 0.049090 1
186732 0.000000 0
186740 0.000000 0
186747 0.040020 1
186755 0.000000 0
186762 0.000000 0
186770 0.034710 1
186777 0.000000 0
186784 0.000000 0
186792 0.081560 1
186800 0.000000 0
186808 0.000000 0
186815 0.083500 1
186822 0.000000 0
186830 0.000000 0
186837 0.044360 1
186845 0.000000 0
186852 0.000000 0
186860 0.031250 1
186867 0.000000 0
186874 0.000000 0
186882 0.032910 1
186890 0.000000 0
186898 0.000000 0
186905 0.048630 1
186912 0.000000 0
186920 0.000000 0
186927 0.034490 1
186935 0.000000 0
186942 0.000000 0
186950 0.033140 1
186957 0.000000 0
186964 0.000000 0
186972 0.037870 1
186980 0.000000 0
186988 0.000000 0
186995 0.041340 1
187002 0.000000 0
187010 0.000000 0
187017 0.046880 1
187025 0.000000 0
187032 0.000000 0
187040 0.057800 1
187047 0.000000 0
187054 0.000000 0
187062 0.058460 1
187070 0.000000 0
187078 0.000000 0
187085 0.047670 1
187092 0.000000 0
187100 0.000000 0
187107 0.038860 1
187115 0.000000 0
187122 0.000000 0
187130 0.046220 1
187137 0.000000 0
187144 0.000000 0
187152 0.042420 1
187160 0.000000 0
187168 0.000000 0
187175 0.046540 1
187182 0.000000 0
187190 0.000000 0
187197 0.059750 1
187205 0.000000 0
187212 0.000000 0
187220 0.046370 1
187227 0.000000 0
187234 0.000000 0
187242 0.042420 1
187250 0.000000 0
187258 0.000000 0
187265 0.040590 1
187272 0.000000 0
187280 0.000000 0
187287 0.036850 1
187295 0.000000 0
187302 0.000000 0
187310 0.038070 1
187317 0.000000 0
187324 0.000000 0
187332 0.049560 1
187340 0.000000 0
187348 0.000000 0
187355 0.051820 1
187362 0.000000 0
187370 0.000000 0
187377 0.047990 1
187385 0.000000 0
187392 0.000000 0
187400 0.044530 1
187406 0.000000 0
187414 0.000000 0
187421 0.042600 1
187428 0.000000 0
187436 0.000000 0
187443 0.048460 1
187451 0.000000 0
187458 0.000000 0
187466 0.042970 1
187475 0.000000 0
187482 0.000000 0
187490 0.057800 1
187496 0.000000 0
187504 0.000000 0
187511 0.107900 1
187519 0.000000 0
187526 0.000000 0
187534 0.120010 1
187541 0.000000 0
187548 0.000000 0
187556 0.088380 1
187565 0.000000 0
187572 0.000000 0
187580 0.043670 1
187586 0.000000 0
187594 0.000000 0
187601 0.021740 1
187609 0.000000 0
187616 0.000000 0
187624 0.024380 1
187631 0.000000 0
187638 0.000000 0
187646 0.026490 1
187655 0.000000 0
187662 0.000000 0
187670 0.040590 1
187676 0.000000 0
187684 0.000000 0
187691 0.058460 1
187699 0.000000 0
187706 0.000000 0
187714 0.056340 1
187721 0.000000 0
187728 0.000000 0
187736 0.052110 1
187745 0.000000 0
187752 0.000000 0
187760 0.046710 1
187766 0.000000 0
187774 0.000000 0
187781 0.031720 1
187790 0.000000 0
187798 0.000000 0
187805 0.047670 1
187811 0.000000 0
187818 0.000000 0
187826 0.038270 1
187834 0.000000 0
187842 0.000000 0
187849 0.036850 1
187856 0.000000 0
187864 0.000000 0
187871 0.042600 1
187879 0.000000 0
187886 0.000000 0
187894 0.040410 1
187901 0.000000 0
187908 0.000000 0
187916 0.046370 1
187924 0.000000 0
187932 0.000000 0
187939 0.032910 1
187946 0.000000 0
187954 0.000000 0
187961 0.039640 1
187969 0.000000 0
187976 0.000000 0
187984 0.027890 1
187991 0.000000 0
187998 0.000000 0
188006 0.033140 1
188015 0.000000 0
188022 0.000000 0
188030 0.030990 1
188036 0.000000 0
188044 0.000000 0
188051 0.030990 1
188059 0.000000 0
188066 0.000000 0
188074 0.041890 1
188082 0.000000 0
188090 0.000000 0
188097 0.050480 1
188104 0.000000 0
188112 0.000000 0
188119 0.034270 1
188126 0.000000 0
188134 0.000000 0
188141 0.034270 1
188149 0.000000 0
188156 0.000000 0
188164 0.056200 1
188171 0.000000 0
188178 0.000000 0
188186 0.062500 1
188194 0.000000 0
188202 0.000000 0
188209 0.048160 1
188216 0.000000 0
188224 0.000000 0
188231 0.092270 1
188239 0.000000 0
188246 0.000000 0
188254 0.090180 1
188261 0.000000 0
188268 0.000000 0
188276 0.069760 1
188284 0.000000 0
188292 0.000000 0
188299 0.040590 1
188307 0.000000 0
188314 0.000000 0
188322 0.024380 1
188329 0.000000 0
188336 0.000000 0
188344 0.027340 1
188352 0.000000 0
188360 0.000000 0
188367 0.027340 1
188374 0.000000 0
188382 0.000000 0
188389 0.023760 1
188397 0.000000 0
188404 0.000000 0
188412 0.024080 1
188419 0.000000 0
188426 0.000000 0
188434 0.019530 1
188441 0.000000 0
188448 0.000000 0
188456 0.031720 1
188464 0.000000 0
188472 0.000000 0
188479 0.029740 1
188486 0.000000 0
188494 0.000000 0
188501 0.019910 1
188509 0.000000 0
188516 0.000000 0
188524 0.030000 1
188531 0.000000 0
188538 0.000000 0
188546 0.044530 1
188554 0.000000 0
188562 0.000000 0
188569 0.045550 1
188577 0.000000 0
188584 0.000000 0
188592 0.043840 1
188599 0.000000 0
188606 0.000000 0
188614 0.034270 1
188621 0.000000 0
188628 0.000000 0
188636 0.040410 1
188644 0.000000 0
188652 0.000000 0
188659 0.044010 1
188667 0.000000 0
188674 0.000000 0
188682 0.132110 1
188689 0.000000 0
188696 0.000000 0
188704 0.137820 1
188713 0.000000 0
188720 0.000000 0
188728 0.068440 1
188734 0.000000 0
188742 0.000000 0
188749 0.030000 1
188757 0.000000 0
188764 0.000000 0
188772 0.032670 1
188779 0.000000 0
188786 0.000000 0
188794 0.036010 1
188803 0.000000 0
188810 0.000000 0
188818 0.036010 1
188824 0.000000 0
188832 0.000000 0
188839 0.030500 1
188847 0.000000 0
188854 0.000000 0
188862 0.025600 1
188869 0.000000 0
188876 0.000000 0
188884 0.035160 1
188892 0.000000 0
188900 0.000000 0
188907 0.044010 1
188914 0.000000 0
188922 0.000000 0
188929 0.030990 1
188937 0.000000 0
188944 0.000000 0
188952 0.026780 1
188959 0.000000 0
188966 0.000000 0
188974 0.066160 1
188983 0.000000 0
188990 0.000000 0
188998 0.047030 1
189004 0.000000 0
189012 0.000000 0
189019 0.033600 1
189027 0.000000 0
189034 0.000000 0
189042 0.030750 1
189049 0.000000 0
189056 0.000000 0
189064 0.036420 1
189072 0.000000 0
189080 0.000000 0
189087 0.042250 1
189094 0.000000 0
189102 0.000000 0
189109 0.080810 1
189117 0.000000 0
189124 0.000000 0
189132 0.093250 1
189139 0.000000 0
189146 0.000000 0
189154 0.147970 1
189162 0.000000 0
189170 0.000000 0
189177 0.131470 1
189184 0.000000 0
189192 0.000000 0
189199 0.067660 1
189207 0.000000 0
189214 0.000000 0
189222 0.042250 1
189229 0.000000 0
189236 0.000000 0
189244 0.039440 1
189251 0.000000 0
189258 0.000000 0
189266 0.019530 1
189274 0.000000 0
189282 0.000000 0
189289 0.030500 1
189297 0.000000 0
189304 0.000000 0
189312 0.044710 1
189320 0.000000 0
189328 0.000000 0
189335 0.049870 1
189342 0.000000 0
189350 0.000000 0
189357 0.052400 1
189365 0.000000 0
189372 0.000000 0
189380 0.044530 1
189387 0.000000 0
189394 0.000000 0
189402 0.039250 1
189410 0.000000 0
189418 0.000000 0
189425 0.038070 1
189432 0.000000 0
189440 0.000000 0
189447 0.031720 1
189455 0.000000 0
189462 0.000000 0
189470 0.032210 1
189477 0.000000 0
189484 0.000000 0
189492 0.154020 1
189500 0.000000 0
189508 0.000000 0
189515 0.165680 1
189523 0.000000 0
189530 0.000000 0
189538 0.070630 1
189544 0.000000 0
189552 0.000000 0
189559 0.048630 1
189566 0.000000 0
189574 0.000000 0
189581 0.047350 1
189589 0.000000 0
189596 0.000000 0
189604 0.056730 1
189611 0.000000 0
189618 0.000000 0
189626 0.060880 1
189634 0.000000 0
189642 0.000000 0
189649 0.050920 1
189656 0.000000 0
189664 0.000000 0
189671 0.034930 1
189679 0.000000 0
189686 0.000000 0
189694 0.034270 1
189701 0.000000 0
189708 0.000000 0
189716 0.035580 1
189724 0.000000 0
189732 0.000000 0
189739 0.034930 1
189746 0.000000 0
189754 0.000000 0
189761 0.036420 1
189769 0.000000 0
189776 0.000000 0
189784 0.046220 1
189791 0.000000 0
189798 0.000000 0
189806 0.032440 1
189815 0.000000 0
189822 0.000000 0
189830 0.078220 1
189836 0.000000 0
189844 0.000000 0
189851 0.111380 1
189859 0.000000 0
189866 0.000000 0
189874 0.127660 1
189882 0.000000 0
189890 0.000000 0
189897 0.136320 1
189904 0.000000 0
189912 0.000000 0
189919 0.058200 1
189926 0.000000 0
189934 0.000000 0
189941 0.024080 1
189949 0.000000 0
189956 0.000000 0
189964 0.025600 1
189971 0.000000 0
189978 0.000000 0
189986 0.028960 1
189994 0.000000 0
190002 0.000000 0
190009 0.021030 1
190016 0.000000 0
190024 0.000000 0
190031 0.029220 1
190040 0.000000 0
190048 0.000000 0
190055 0.035370 1
190061 0.000000 0
190068 0.000000 0
190076 0.040210 1
190083 0.000000 0
190090 0.000000 0
190098 0.048630 1
190107 0.000000 0
190114 0.000000 0
190122 0.060380 1
190129 0.000000 0
190136 0.000000 0
190144 0.197990 1
190151 0.000000 0
190158 0.000000 0
190166 0.219410 1
190175 0.000000 0
190182 0.000000 0
190190 0.109650 1
190196 0.000000 0
190204 0.000000 0
190211 0.039830 1
190220 0.000000 0
190228 0.000000 0
190235 0.039060 1
190241 0.000000 0
190248 0.000000 0
190256 0.028960 1
190264 0.000000 0
190272 0.000000 0
190279 0.018310 1
190286 0.000000 0
190294 0.000000 0
190301 0.020290 1
190309 0.000000 0
190316 0.000000 0
190324 0.026490 1
190331 0.000000 0
190338 0.000000 0
190346 0.033140 1
190354 0.000000 0
190362 0.000000 0
190369 0.026490 1
190377 0.000000 0
190384 0.000000 0
190392 0.029220 1
190399 0.000000 0
190406 0.000000 0
190414 0.037660 1
190422 0.000000 0
190430 0.000000 0
190437 0.083680 1
190444 0.000000 0
190452 0.000000 0
190459 0.116000 1
190468 0.000000 0
190476 0.000000 0
190483 0.149400 1
190489 0.000000 0
190496 0.000000 0
190504 0.123020 1
190513 0.000000 0
190520 0.000000 0
190528 0.035160 1
190534 0.000000 0
190542 0.000000 0
190549 0.024380 1
190557 0.000000 0
190564 0.000000 0
190572 0.030750 1
190580 0.000000 0
190588 0.000000 0
190595 0.048160 1
190602 0.000000 0
190610 0.000000 0
190617 0.049090 1
190625 0.000000 0
190632 0.000000 0
190640 0.047840 1
190647 0.000000 0
190654 0.000000 0
190662 0.053970 1
190670 0.000000 0
190678 0.000000 0
190685 0.061260 1
190692 0.000000 0
190700 0.000000 0
190707 0.082220 1
190715 0.000000 0
190722 0.000000 0
190730 0.180790 1
190737 0.000000 0
190744 0.000000 0
190752 0.131880 1
190758 0.000000 0
190766 0.000000 0
190773 0.041340 1
190782 0.000000 0
190790 0.000000 0
190797 0.032910 1
190804 0.000000 0
190812 0.000000 0
190819 0.024700 1
190826 0.000000 0
190834 0.000000 0
190841 0.021740 1
190849 0.000000 0
190856 0.000000 0
190864 0.050920 1
190871 0.000000 0
190878 0.000000 0
190886 0.067080 1
190895 0.000000 0
190902 0.000000 0
190910 0.065830 1
190916 0.000000 0
190924 0.000000 0
190931 0.028960 1
190940 0.000000 0
190948 0.000000 0
190955 0.019530 1
190961 0.000000 0
190968 0.000000 0
190976 0.088210 1
190985 0.000000 0
190992 0.000000 0
191000 0.135700 1
191006 0.000000 0
191014 0.000000 0
191021 0.133090 1
191029 0.000000 0
191036 0.000000 0
191044 0.094470 1
191051 0.000000 0
191058 0.000000 0
191066 0.037870 1
191074 0.000000 0
191082 0.000000 0
191089 0.030500 1
191097 0.000000 0
191104 0.000000 0
191112 0.026490 1
191119 0.000000 0
191126 0.000000 0
191134 0.025010 1
191142 0.000000 0
191150 0.000000 0
191157 0.044010 1
191164 0.000000 0
191172 0.000000 0
191179 0.088900 1
191188 0.000000 0
191196 0.000000 0
191203 0.069980 1
191208 0.000000 0
191216 0.000000 0
191223 0.162940 1
191231 0.000000 0
191238 0.000000 0
191246 0.179720 1
191253 0.000000 0
191260 0.000000 0
191268 0.086020 1
191276 0.000000 0
191284 0.000000 0
191291 0.051070 1
191299 0.000000 0
191306 0.000000 0
191314 0.041890 1
191322 0.000000 0
191330 0.000000 0
191337 0.049710 1
191344 0.000000 0
191352 0.000000 0
191359 0.033600 1
191367 0.000000 0
191374 0.000000 0
191382 0.028430 1
191389 0.000000 0
191396 0.000000 0
191404 0.029740 1
191412 0.000000 0
191420 0.000000 0
191427 0.035160 1
191433 0.000000 0
191440 0.000000 0
191448 0.051220 1
191456 0.000000 0
191464 0.000000 0
191471 0.082400 1
191480 0.000000 0
191488 0.000000 0
191495 0.110410 1
191501 0.000000 0
191508 0.000000 0
191516 0.107260 1
191525 0.000000 0
191532 0.000000 0
191540 0.050920 1
191546 0.000000 0
191554 0.000000 0
191561 0.061390 1
191570 0.000000 0
191578 0.000000 0
191585 0.057130 1
191591 0.000000 0
191598 0.000000 0
191606 0.061260 1
191614 0.000000 0
191622 0.000000 0
191629 0.037870 1
191636 0.000000 0
191644 0.000000 0
191651 0.040210 1
191659 0.000000 0
191666 0.000000 0
191674 0.040960 1
191682 0.000000 0
191690 0.000000 0
191697 0.158770 1
191704 0.000000 0
191712 0.000000 0
191719 0.176900 1
191726 0.000000 0
191734 0.000000 0
191741 0.081560 1
191749 0.000000 0
191756 0.000000 0
191764 0.034270 1
191771 0.000000 0
191778 0.000000 0
191786 0.033830 1
191794 0.000000 0
191802 0.000000 0
191809 0.036850 1
191816 0.000000 0
191824 0.000000 0
191831 0.077930 1
191839 0.000000 0
191846 0.000000 0
191854 0.087770 1
191862 0.000000 0
191870 0.000000 0
191877 0.083220 1
191884 0.000000 0
191892 0.000000 0
191899 0.071380 1
191906 0.000000 0
191914 0.000000 0
191921 0.069980 1
191929 0.000000 0
191936 0.000000 0
191944 0.105030 1
191952 0.000000 0
191960 0.000000 0
191967 0.127050 1
191974 0.000000 0
191982 0.000000 0
191989 0.079090 1
191997 0.000000 0
192004 0.000000 0
192012 0.047840 1
192018 0.000000 0
192026 0.000000 0
192033 0.045380 1
192042 0.000000 0
192050 0.000000 0
192057 0.047200 1
192064 0.000000 0
192072 0.000000 0
192079 0.063940 1
192087 0.000000 0
192094 0.000000 0
192102 0.097890 1
192109 0.000000 0
192116 0.000000 0
192124 0.086550 1
192132 0.000000 0
192140 0.000000 0
192147 0.128070 1
192154 0.000000 0
192162 0.000000 0
192169 0.147360 1
192177 0.000000 0
192184 0.000000 0
192192 0.120650 1
192199 0.000000 0
192206 0.000000 0
192214 0.102370 1
192222 0.000000 0
192230 0.000000 0
192237 0.081280 1
192244 0.000000 0
192252 0.000000 0
192259 0.062360 1
192266 0.000000 0
192274 0.000000 0
192281 0.037870 1
192288 0.000000 0
192296 0.000000 0
192303 0.020660 1
192312 0.000000 0
192320 0.000000 0
192327 0.019910 1
192333 0.000000 0
192340 0.000000 0
192348 0.018310 1
192356 0.000000 0
192364 0.000000 0
192371 0.005520 0
192379 0.000000 0
192386 0.000000 0
192394 0.021390 0
192401 0.000000 0
192408 0.000000 0
192416 0.081090 0
192424 0.000000 0
192432 0.000000 0
192439 0.069320 0
192447 0.000000 0
192454 0.000000 0
192462 0.020290 0
192469 0.000000 0
192476 0.000000 0
192484 0.014600 0
192493 0.000000 0
192500 0.000000 0
192508 0.006760 0
192514 0.000000 0
192522 0.000000 0
192529 0.011720 0
192537 0.000000 0
192544 0.000000 0
192552 0.011720 0
192559 0.000000 0
192566 0.000000 0
192574 0.011050 0
192582 0.000000 0
192590 0.000000 0
192597 0.021740 0
192604 0.000000 0
192612 0.000000 0
192619 0.130850 0
192627 0.000000 0
192634 0.000000 0
192642 0.144470 0
192649 0.000000 0
192656 0.000000 0
192664 0.099890 0
192673 0.000000 0
192680 0.000000 0
192688 0.093980 0
192694 0.000000 0
192702 0.000000 0
192709 0.109790 0
192717 0.000000 0
192724 0.000000 0
192732 0.099810 0
192739 0.000000 0
192746 0.000000 0
192754 0.060000 0
192763 0.000000 0
192770 0.000000 0
192778 0.048460 0
192784 0.000000 0
192792 0.000000 0
192799 0.048630 0
192807 0.000000 0
192814 0.000000 0
192822 0.054400 0
192829 0.000000 0
192836 0.000000 0
192844 0.036850 0
192853 0.000000 0
192860 0.000000 0
192868 0.150160 0
192874 0.000000 0
192882 0.000000 0
192889 0.155950 0
192897 0.000000 0
192904 0.000000 0
192912 0.116730 0
192919 0.000000 0
192926 0.000000 0
192934 0.089920 0
192941 0.000000 0
192948 0.000000 0
192956 0.061010 0
192963 0.000000 0
192970 0.000000 0
192978 0.049090 0
192986 0.000000 0
192994 0.000000 0
193001 0.035580 0
193008 0.000000 0
193016 0.000000 0
193023 0.029740 0
193031 0.000000 0
193038 0.000000 0
193046 0.036850 0
193054 0.000000 0
193062 0.000000 0
193069 0.010330 0
193076 0.000000 0
193084 0.000000 0
193091 0.120450 0
193099 0.000000 0
193106 0.000000 0
193114 0.100190 0
193121 0.000000 0
193128 0.000000 0
193136 0.057940 0
193143 0.000000 0
193150 0.000000 0
193158 0.032670 0
193168 0.000000 0
193176 0.000000 0
193183 0.019130 0
193189 0.000000 0
193196 0.000000 0
193204 0.030750 0
193212 0.000000 0
193220 0.000000 0
193227 0.025600 0
193234 0.000000 0
193242 0.000000 0
193249 0.027340 0
193258 0.000000 0
193266 0.000000 0
193273 0.026200 0
193279 0.000000 0
193286 0.000000 0
193294 0.030240 0
193302 0.000000 0
193310 0.000000 0
193317 0.029220 0
193324 0.000000 0
193332 0.000000 0
193339 0.072650 0
193346 0.000000 0
193354 0.000000 0
193361 0.074310 0
193369 0.000000 0
193376 0.000000 0
193384 0.048310 0
193392 0.000000 0
193400 0.000000 0
193407 0.028170 0
193414 0.000000 0
193422 0.000000 0
193429 0.030500 0
193437 0.000000 0
193444 0.000000 0
193452 0.029220 0
193459 0.000000 0
193466 0.000000 0
193474 0.028960 0
193482 0.000000 0
193490 0.000000 0
193497 0.025910 0
193504 0.000000 0
193512 0.000000 0
193519 0.018720 0
193527 0.000000 0
193534 0.000000 0
193542 0.016570 0
193549 0.000000 0
193556 0.000000 0
193564 0.132050 0
193572 0.000000 0
193580 0.000000 0
193587 0.119570 0
193594 0.000000 0
193602 0.000000 0
193609 0.094960 0
193617 0.000000 0
193624 0.000000 0
193632 0.078130 0
193639 0.000000 0
193646 0.000000 0
193654 0.062970 0
193662 0.000000 0
193670 0.000000 0
193677 0.042790 0
193684 0.000000 0
193692 0.000000 0
193699 0.048310 0
193707 0.000000 0
193714 0.000000 0
193722 0.038070 0
193729 0.000000 0
193736 0.000000 0
193744 0.053410 0
193753 0.000000 0
193760 0.000000 0
193768 0.042970 0
193774 0.000000 0
193782 0.000000 0
193789 0.053700 0
193798 0.000000 0
193806 0.000000 0
193813 0.118090 0
193819 0.000000 0
193826 0.000000 0
193834 0.105320 0
193842 0.000000 0
193850 0.000000 0
193857 0.027050 0
193864 0.000000 0
193872 0.000000 0
193879 0.015630 0
193887 0.000000 0
193894 0.000000 0
193902 0.013520 0
193909 0.000000 0
193916 0.000000 0
193924 0.159620 0
193933 0.000000 0
193940 0.000000 0
193948 0.188460 0
193954 0.000000 0
193962 0.000000 0
193969 0.140290 0
193978 0.000000 0
193986 0.000000 0
193993 0.104810 0
193999 0.000000 0
194006 0.000000 0
194014 0.059880 0
194022 0.000000 0
194030 0.000000 0
194037 0.121020 0
194043 0.000000 0
194050 0.000000 0
194058 0.062500 0
194066 0.000000 0
194074 0.000000 0
194081 0.011050 0
194088 0.000000 0
194096 0.000000 0
194103 0.013520 0
194111 0.000000 0
194118 0.000000 0
194126 0.021740 0
194133 0.000000 0
194140 0.000000 0
194148 0.025910 0
194157 0.000000 0
194164 0.000000 0
194172 0.009570 0
194179 0.000000 0
194186 0.000000 0
194194 0.006760 0
194202 0.000000 0
194210 0.000000 0
194217 0.010330 0
194224 0.000000 0
194232 0.000000 0
194239 0.019910 0
194247 0.000000 0
194254 0.000000 0
194262 0.103270 0
194269 0.000000 0
194276 0.000000 0
194284 0.174730 0
194291 0.000000 0
194298 0.000000 0
194306 0.172320 0
194313 0.000000 0
194320 0.000000 0
194328 0.125960 0
194336 0.000000 0
194344 0.000000 0
194351 0.092440 0
194358 0.000000 0
194366 0.000000 0
194373 0.077130 0
194381 0.000000 0
194388 0.000000 0
194396 0.073700 0
194403 0.000000 0
194410 0.000000 0
194418 0.057130 0
194427 0.000000 0
194434 0.000000 0
194442 0.050780 0
194448 0.000000 0
194456 0.000000 0
194463 0.022100 0
194473 0.000000 0
194480 0.000000 0
194488 0.017900 0
194494 0.000000 0
194502 0.000000 0
194509 0.124070 0
194517 0.000000 0
194524 0.000000 0
194532 0.095840 0
194539 0.000000 0
194546 0.000000 0
194554 0.079000 0
194562 0.000000 0
194570 0.000000 0
194577 0.069870 0
194583 0.000000 0
194590 0.000000 0
194598 0.064180 0
194607 0.000000 0
194614 0.000000 0
194622 0.057400 0
194629 0.000000 0
194636 0.000000 0
194644 0.023100 0
194652 0.000000 0
194660 0.000000 0
194667 0.036420 0
194674 0.000000 0
194682 0.000000 0
194689 0.015630 0
194697 0.000000 0
194704 0.000000 0
194712 0.008730 0
194719 0.000000 0
194726 0.000000 0
194734 0.108110 0
194742 0.000000 0
194750 0.000000 0
194757 0.129140 0
194764 0.000000 0
194772 0.000000 0
194779 0.102830 0
194787 0.000000 0
194794 0.000000 0
194802 0.047030 0
194809 0.000000 0
194816 0.000000 0
194824 0.060000 0
194831 0.000000 0
194838 0.000000 0
194846 0.028430 0
194854 0.000000 0
194862 0.000000 0
194869 0.063460 0
194876 0.000000 0
194884 0.000000 0
194891 0.045550 0
194899 0.000000 0
194906 0.000000 0
194914 0.039250 0
194922 0.000000 0
194930 0.000000 0
194937 0.021030 0
194944 0.000000 0
194952 0.000000 0
194959 0.113410 0
194966 0.000000 0
194974 0.000000 0
194981 0.142670 0
194989 0.000000 0
194996 0.000000 0
195004 0.105240 0
195011 0.000000 0
195018 0.000000 0
195026 0.108250 0
195033 0.000000 0
195040 0.000000 0
195048 0.086730 0
195056 0.000000 0
195064 0.000000 0
195071 0.087430 0
195078 0.000000 0
195086 0.000000 0
195093 0.080990 0
195102 0.000000 0
195110 0.000000 0
195117 0.061390 0
195123 0.000000 0
195130 0.000000 0
195138 0.047200 0
195147 0.000000 0
195154 0.000000 0
195162 0.038070 0
195168 0.000000 0
195176 0.000000 0
195183 0.051220 0
195191 0.000000 0
195198 0.000000 0
195206 0.061010 0
195213 0.000000 0
195220 0.000000 0
195228 0.050480 0
195237 0.000000 0
195244 0.000000 0
195252 0.023100 0
195258 0.000000 0
195266 0.000000 0
195273 0.017010 0
195281 0.000000 0
195288 0.000000 0
195296 0.011720 0
195303 0.000000 0
195310 0.000000 0
195318 0.012340 0
195326 0.000000 0
195334 0.000000 0
195341 0.012950 0
195348 0.000000 0
195356 0.000000 0
195363 0.008730 0
195371 0.000000 0
195378 0.000000 0
195386 0.011720 0
195393 0.000000 0
195400 0.000000 0
195408 0.014080 0
195417 0.000000 0
195424 0.000000 0
195432 0.096940 0
195439 0.000000 0
195446 0.000000 0
195454 0.090930 0
195462 0.000000 0
195470 0.000000 0
195477 0.033830 0
195484 0.000000 0
195492 0.000000 0
195499 0.028700 0
195507 0.000000 0
195514 0.000000 0
195522 0.026780 0
195529 0.000000 0
195536 0.000000 0
195544 0.038070 0
195553 0.000000 0
195560 0.000000 0
195568 0.034930 0
195574 0.000000 0
195582 0.000000 0
195589 0.031480 0
195598 0.000000 0
195606 0.000000 0
195613 0.040020 0
195619 0.000000 0
195626 0.000000 0
195634 0.036640 0
195643 0.000000 0
195650 0.000000 0
195658 0.038270 0
195663 0.000000 0
195670 0.000000 0
195678 0.129140 0
195688 0.000000 0
195696 0.000000 0
195703 0.126510 0
195709 0.000000 0
195716 0.000000 0
195724 0.067870 0
195732 0.000000 0
195740 0.000000 0
195747 0.038470 0
195754 0.000000 0
195762 0.000000 0
195769 0.051670 0
195777 0.000000 0
195784 0.000000 0
195792 0.061140 0
195799 0.000000 0
195806 0.000000 0
195814 0.056730 0
195822 0.000000 0
195830 0.000000 0
195837 0.059100 0
195844 0.000000 0
195852 0.000000 0
195859 0.061140 0
195867 0.000000 0
195874 0.000000 0
195882 0.061140 0
195889 0.000000 0
195896 0.000000 0
195904 0.141480 0
195912 0.000000 0
195920 0.000000 0
195927 0.174900 0
195934 0.000000 0
195942 0.000000 0
195949 0.160630 0
195957 0.000000 0
195964 0.000000 0
195972 0.162140 0
195979 0.000000 0
195986 0.000000 0
195994 0.121970 0
196001 0.000000 0
196008 0.000000 0
196016 0.091360 0
196024 0.000000 0
196032 0.000000 0
196039 0.092100 0
196047 0.000000 0
196054 0.000000 0
196062 0.074420 0
196068 0.000000 0
196076 0.000000 0
196083 0.069110 0
196091 0.000000 0
196098 0.000000 0
196106 0.056200 0
196113 0.000000 0
196120 0.000000 0
196128 0.036420 0
196137 0.000000 0
196144 0.000000 0
196152 0.073900 0
196158 0.000000 0
196166 0.000000 0
196173 0.061140 0
196181 0.000000 0
196188 0.000000 0
196196 0.029480 0
196203 0.000000 0
196210 0.000000 0
196218 0.044190 0
196226 0.000000 0
196234 0.000000 0
196241 0.033830 0
196248 0.000000 0
196256 0.000000 0
196263 0.020660 0
196272 0.000000 0
196280 0.000000 0
196287 0.021030 0
196294 0.000000 0
196302 0.000000 0
196309 0.021390 0
196316 0.000000 0
196324 0.000000 0
196331 0.024700 0
196338 0.000000 0
196346 0.000000 0
196353 0.023760 0
196361 0.000000 0
196368 0.000000 0
196376 0.108670 0
196385 0.000000 0
196392 0.000000 0
196400 0.093340 0
196406 0.000000 0
196414 0.000000 0
196421 0.112260 0
196430 0.000000 0
196438 0.000000 0
196445 0.077620 0
196452 0.000000 0
196460 0.000000 0
196467 0.059490 0
196475 0.000000 0
196482 0.000000 0
196490 0.063710 0
196496 0.000000 0
196504 0.000000 0
196511 0.060760 0
196518 0.000000 0
196526 0.000000 0
196533 0.058590 0
196541 0.000000 0
196548 0.000000 0
196556 0.044530 0
196563 0.000000 0
196570 0.000000 0
196578 0.042600 0
196586 0.000000 0
196594 0.000000 0
196601 0.083310 0
196610 0.000000 0
196618 0.000000 0
196625 0.109580 0
196632 0.000000 0
196640 0.000000 0
196647 0.126630 0
196655 0.000000 0
196662 0.000000 0
196670 0.102080 0
196676 0.000000 0
196684 0.000000 0
196691 0.056340 0
196698 0.000000 0
196706 0.000000 0
196713 0.047990 0
196722 0.000000 0
196730 0.000000 0
196737 0.034710 0
196743 0.000000 0
196750 0.000000 0
196758 0.027050 0
196766 0.000000 0
196774 0.000000 0
196781 0.020660 0
196790 0.000000 0
196798 0.000000 0
196805 0.016570 0
196811 0.000000 0
196818 0.000000 0
196826 0.026780 0
196834 0.000000 0
196842 0.000000 0
196849 0.096540 0
196856 0.000000 0
196864 0.000000 0
196871 0.039440 0
196879 0.000000 0
196886 0.000000 0
196894 0.020660 0
196901 0.000000 0
196908 0.000000 0
196916 0.023100 0
196924 0.000000 0
196932 0.000000 0
196939 0.020660 0
196946 0.000000 0
196954 0.000000 0
196961 0.030990 0
196970 0.000000 0
196978 0.000000 0
196985 0.036220 0
196991 0.000000 0
196998 0.000000 0
197006 0.032440 0
197014 0.000000 0
197022 0.000000 0
197029 0.028960 0
197036 0.000000 0
197044 0.000000 0
197051 0.037260 0
197059 0.000000 0
197066 0.000000 0
197074 0.049710 0
197081 0.000000 0
197088 0.000000 0
197096 0.084860 0
197104 0.000000 0
197112 0.000000 0
197119 0.078310 0
197126 0.000000 0
197134 0.000000 0
197141 0.051820 0
197150 0.000000 0
197158 0.000000 0
197165 0.054400 0
197171 0.000000 0
197178 0.000000 0
197186 0.056460 0
197194 0.000000 0
197202 0.000000 0
197209 0.043490 0
197216 0.000000 0
197224 0.000000 0
197231 0.048460 0
197239 0.000000 0
197246 0.000000 0
197254 0.063220 0
197261 0.000000 0
197268 0.000000 0
197276 0.075230 0
197284 0.000000 0
197292 0.000000 0
197299 0.063460 0
197306 0.000000 0
197314 0.000000 0
197321 0.070850 0
197330 0.000000 0
197338 0.000000 0
197345 0.022770 0
197351 0.000000 0
197358 0.000000 0
197366 0.003910 0
197374 0.000000 0
197382 0.000000 0
197389 0.006760 0
197397 0.000000 0
197404 0.000000 0
197412 0.024380 0
197419 0.000000 0
197426 0.000000 0
197434 0.036010 0
197441 0.000000 0
197448 0.000000 0
197456 0.034040 0
197464 0.000000 0
197472 0.000000 0
197479 0.041150 0
197486 0.000000 0
197494 0.000000 0
197501 0.035800 0
197509 0.000000 0
197516 0.000000 0
197524 0.051220 0
197531 0.000000 0
197538 0.000000 0
197546 0.146880 0
197554 0.000000 0
197562 0.000000 0
197569 0.208530 0
197576 0.000000 0
197584 0.000000 0
197591 0.146470 0
197599 0.000000 0
197606 0.000000 0
197614 0.109440 0
197621 0.000000 0
197628 0.000000 0
197636 0.068880 0
197644 0.000000 0
197652 0.000000 0
197659 0.081280 0
197666 0.000000 0
197674 0.000000 0
197681 0.086200 0
197690 0.000000 0
197698 0.000000 0
197705 0.060140 0
197711 0.000000 0
197718 0.000000 0
197726 0.062970 0
197734 0.000000 0
197742 0.000000 0
197749 0.058200 0
197756 0.000000 0
197764 0.000000 0
197771 0.097730 0
197779 0.000000 0
197786 0.000000 0
197794 0.108170 0
197801 0.000000 0
197808 0.000000 0
197816 0.077240 0
197824 0.000000 0
197832 0.000000 0
197839 0.067540 0
197846 0.000000 0
197854 0.000000 0
197861 0.051070 0
197869 0.000000 0
197876 0.000000 0
197884 0.028700 0
197891 0.000000 0
197898 0.000000 0
197906 0.047200 0
197914 0.000000 0
197922 0.000000 0
197929 0.052260 0
197936 0.000000 0
197944 0.000000 0
197951 0.037660 0
197959 0.000000 0
197966 0.000000 0
197974 0.019910 0
197981 0.000000 0
197988 0.000000 0
197996 0.017010 0
198005 0.000000 0
198012 0.000000 0
198020 0.107550 0
198026 0.000000 0
198034 0.000000 0
198041 0.116850 0
198049 0.000000 0
198056 0.000000 0
198064 0.106610 0
198071 0.000000 0
198078 0.000000 0
198086 0.074530 0
198094 0.000000 0
198102 0.000000 0
198109 0.080700 0
198116 0.000000 0
198124 0.000000 0
198131 0.050780 0
198139 0.000000 0
198146 0.000000 0
198154 0.026200 0
198161 0.000000 0
198168 0.000000 0
198176 0.019130 0
198185 0.000000 0
198192 0.000000 0
198200 0.014080 0
198206 0.000000 0
198214 0.000000 0
198221 0.034040 0
198229 0.000000 0
198236 0.000000 0
198244 0.136390 0
198251 0.000000 0
198258 0.000000 0
198266 0.126880 0
198274 0.000000 0
198282 0.000000 0
198289 0.121400 0
198296 0.000000 0
198304 0.000000 0
198311 0.097490 0
198319 0.000000 0
198326 0.000000 0
198334 0.069210 0
198341 0.000000 0
198348 0.000000 0
198356 0.046880 0
198364 0.000000 0
198372 0.000000 0
198379 0.070420 0
198386 0.000000 0
198394 0.000000 0
198401 0.063220 0
198409 0.000000 0
198416 0.000000 0
198424 0.024080 0
198432 0.000000 0
198440 0.000000 0
198447 0.011720 0
198454 0.000000 0
198462 0.000000 0
198469 0.016100 0
198477 0.000000 0
198484 0.000000 0
198492 0.106110 0
198499 0.000000 0
198506 0.000000 0
198514 0.123830 0
198522 0.000000 0
198530 0.000000 0
198537 0.102450 0
198544 0.000000 0
198552 0.000000 0
198559 0.075230 0
198567 0.000000 0
198574 0.000000 0
198582 0.039640 0
198589 0.000000 0
198596 0.000000 0
198604 0.033370 0
198612 0.000000 0
198620 0.000000 0
198627 0.015630 0
198634 0.000000 0
198642 0.000000 0
198649 0.016100 0
198657 0.000000 0
198664 0.000000 0
198672 0.012950 0
198679 0.000000 0
198686 0.000000 0
198694 0.019530 0
198702 0.000000 0
198710 0.000000 0
198717 0.104220 0
198724 0.000000 0
198732 0.000000 0
198739 0.092590 0
198747 0.000000 0
198754 0.000000 0
198762 0.086460 0
198769 0.000000 0
198776 0.000000 0
198784 0.093900 0
198791 0.000000 0
198798 0.000000 0
198806 0.072240 0
198814 0.000000 0
198822 0.000000 0
198829 0.058720 0
198837 0.000000 0
198844 0.000000 0
198852 0.059240 0
198858 0.000000 0
198866 0.000000 0
198873 0.039250 0
198882 0.000000 0
198890 0.000000 0
198897 0.038670 0
198903 0.000000 0
198910 0.000000 0
198918 0.029480 0
198927 0.000000 0
198934 0.000000 0
198942 0.020660 0
198949 0.000000 0
198956 0.000000 0
198964 0.016100 0
198972 0.000000 0
198980 0.000000 0
198987 0.030990 0
198994 0.000000 0
199002 0.000000 0
199009 0.014080 0
199017 0.000000 0
199024 0.000000 0
199032 0.011720 0
199039 0.000000 0
199046 0.000000 0
199054 0.010330 0
199062 0.000000 0
199070 0.000000 0
199077 0.036640 0
199083 0.000000 0
199090 0.000000 0
199098 0.032440 0
199106 0.000000 0
199114 0.000000 0
199121 0.030000 0
199128 0.000000 0
199136 0.000000 0
199143 0.013520 0
199152 0.000000 0
199160 0.000000 0
199167 0.010330 0
199174 0.000000 0
199182 0.000000 0
199189 0.093420 0
199197 0.000000 0
199204 0.000000 0
199212 0.066060 0
199218 0.000000 0
199226 0.000000 0
199233 0.017010 0
199242 0.000000 0
199250 0.000000 0
199257 0.031480 0
199264 0.000000 0
199272 0.000000 0
199279 0.011050 0
199287 0.000000 0
199294 0.000000 0
199302 0.034490 0
199309 0.000000 0
199316 0.000000 0
199324 0.033370 0
199333 0.000000 0
199340 0.000000 0
199348 0.042070 0
199354 0.000000 0
199362 0.000000 0
199369 0.039250 0
199376 0.000000 0
199384 0.000000 0
199391 0.040590 0
199399 0.000000 0
199406 0.000000 0
199414 0.058590 0
199421 0.000000 0
199428 0.000000 0
199436 0.099890 0
199444 0.000000 0
199452 0.000000 0
199459 0.088120 0
199467 0.000000 0
199474 0.000000 0
199482 0.031480 0
199489 0.000000 0
199496 0.000000 0
199504 0.029220 0
199512 0.000000 0
199520 0.000000 0
199527 0.022100 0
199534 0.000000 0
199542 0.000000 0
199549 0.029740 0
199558 0.000000 0
199566 0.000000 0
199573 0.039440 0
199579 0.000000 0
199586 0.000000 0
199594 0.051380 0
199602 0.000000 0
199610 0.000000 0
199617 0.042250 0
199624 0.000000 0
199632 0.000000 0
199639 0.041150 0
199647 0.000000 0
199654 0.000000 0
199662 0.194600 0
199669 0.000000 0
199676 0.000000 0
199684 0.219440 0
199692 0.000000 0
199700 0.000000 0
199707 0.165590 0
199714 0.000000 0
199722 0.000000 0
199729 0.109380 0
199737 0.000000 0
199744 0.000000 0
199752 0.064420 0
199759 0.000000 0
199766 0.000000 0
199774 0.072860 0
199781 0.000000 0
199788 0.000000 0
199796 0.041700 0
199804 0.000000 0
199812 0.000000 0
199819 0.028170 0
199827 0.000000 0
199834 0.000000 0
199842 0.044360 0
199848 0.000000 0
199856 0.000000 0
199863 0.042600 0
199871 0.000000 0
199878 0.000000 0
199886 0.050020 0
199893 0.000000 0
199900 0.000000 0
199908 0.087860 0
199916 0.000000 0
199924 0.000000 0
199931 0.076840 0
199938 0.000000 0
199946 0.000000 0
199953 0.027050 0
199961 0.000000 0
199968 0.000000 0
199976 0.009570 0
199984 0.000000 0
199992 0.000000 0
199999 0.008730 0
200007 0.000000 0
200014 0.000000 0
200022 0.016570 0
200029 0.000000 0
200036 0.000000 0
200044 0.015630 0
200052 0.000000 0
200060 0.000000 0
200067 0.015120 0
200074 0.000000 0
200082 0.000000 0
200089 0.019130 0
200097 0.000000 0
200104 0.000000 0
200112 0.016100 0
200119 0.000000 0
200126 0.000000 0
200134 0.174470 0
200143 0.000000 0
200150 0.000000 0
200158 0.226730 0
200164 0.000000 0
200172 0.000000 0
200179 0.146780 0
200187 0.000000 0
200194 0.000000 0
200202 0.088210 0
200209 0.000000 0
200216 0.000000 0
200224 0.059750 0
200231 0.000000 0
200238 0.000000 0
200246 0.054830 0
200254 0.000000 0
200262 0.000000 0
200269 0.036220 0
200277 0.000000 0
200284 0.000000 0
200292 0.019130 0
200299 0.000000 0
200306 0.000000 0
200314 0.031720 0
200323 0.000000 0
200330 0.000000 0
200338 0.034040 0
200344 0.000000 0
200352 0.000000 0
200359 0.129370 0
200367 0.000000 0
200374 0.000000 0
200382 0.114690 0
200390 0.000000 0
200398 0.000000 0
200405 0.079760 0
200412 0.000000 0
200420 0.000000 0
200427 0.075030 0
200435 0.000000 0
200442 0.000000 0
200450 0.071060 0
200456 0.000000 0
200464 0.000000 0
200471 0.061140 0
200480 0.000000 0
200488 0.000000 0
200495 0.064530 0
200502 0.000000 0
200510 0.000000 0
200517 0.070310 0
200525 0.000000 0
200532 0.000000 0
200540 0.049710 0
200546 0.000000 0
200554 0.000000 0
200561 0.032670 0
200570 0.000000 0
200578 0.000000 0
200585 0.108380 0
200592 0.000000 0
200600 0.000000 0
200607 0.115740 0
200615 0.000000 0
200622 0.000000 0
200630 0.080900 0
200636 0.000000 0
200644 0.000000 0
200651 0.040960 0
200660 0.000000 0
200668 0.000000 0
200675 0.026200 0
200682 0.000000 0
200690 0.000000 0
200697 0.030240 0
200705 0.000000 0
200712 0.000000 0
200720 0.033370 0
200727 0.000000 0
200734 0.000000 0
200742 0.046540 0
200750 0.000000 0
200758 0.000000 0
200765 0.044710 0
200772 0.000000 0
200780 0.000000 0
200787 0.046050 0
200795 0.000000 0
200802 0.000000 0
200810 0.054960 0
200817 0.000000 0
200824 0.000000 0
200832 0.040960 0
200840 0.000000 0
200848 0.000000 0
200855 0.053270 0
200862 0.000000 0
200870 0.000000 0
200877 0.021740 0
200885 0.000000 0
200892 0.000000 0
200900 0.013520 0
200907 0.000000 0
200914 0.000000 0
200922 0.006760 0
200930 0.000000 0
200938 0.000000 0
200945 0.019130 0
200952 0.000000 0
200960 0.000000 0
200967 0.015120 0
200975 0.000000 0
200982 0.000000 0
200990 0.015630 0
200997 0.000000 0
201004 0.000000 0
201012 0.012340 0
201020 0.000000 0
201028 0.000000 0
201035 0.014080 0
201042 0.000000 0
201050 0.000000 0
201057 0.147140 0
201065 0.000000 0
201072 0.000000 0
201080 0.186390 0
201087 0.000000 0
201094 0.000000 0
201102 0.157080 0
201110 0.000000 0
201118 0.000000 0
201125 0.102370 0
201132 0.000000 0
201140 0.000000 0
201147 0.097960 0
201155 0.000000 0
201162 0.000000 0
201170 0.081470 0
201177 0.000000 0
201184 0.000000 0
201192 0.065710 0
201200 0.000000 0
201208 0.000000 0
201215 0.041890 0
201222 0.000000 0
201230 0.000000 0
201237 0.069870 0
201245 0.000000 0
201252 0.000000 0
201260 0.040020 0
201267 0.000000 0
201274 0.000000 0
201282 0.044880 0
201290 0.000000 0
201298 0.000000 0
201305 0.082490 0
201312 0.000000 0
201320 0.000000 0
201327 0.082490 0
201335 0.000000 0
201342 0.000000 0
201350 0.030500 0
201357 0.000000 0
201364 0.000000 0
201372 0.016100 0
201380 0.000000 0
201388 0.000000 0
201395 0.006760 0
201402 0.000000 0
201410 0.000000 0
201417 0.121340 0
201425 0.000000 0
201432 0.000000 0
201440 0.147040 0
201447 0.000000 0
201454 0.000000 0
201462 0.146930 0
201470 0.000000 0
201478 0.000000 0
201485 0.088120 0
201491 0.000000 0
201498 0.000000 0
201506 0.062000 0
201513 0.000000 0
201520 0.000000 0
201528 0.075940 0
201536 0.000000 0
201544 0.000000 0
201551 0.064420 0
201558 0.000000 0
201566 0.000000 0
201573 0.032210 0
201581 0.000000 0
201588 0.000000 0
201596 0.038470 0
201603 0.000000 0
201610 0.000000 0
201618 0.043840 0
201626 0.000000 0
201634 0.000000 0
201641 0.049560 0
201650 0.000000 0
201658 0.000000 0
201665 0.035370 0
201671 0.000000 0
201678 0.000000 0
201686 0.043320 0
201695 0.000000 0
201702 0.000000 0
201710 0.041340 0
201716 0.000000 0
201724 0.000000 0
201731 0.025910 0
201739 0.000000 0
201746 0.000000 0
201754 0.042790 0
201761 0.000000 0
201768 0.000000 0
201776 0.139360 0
201784 0.000000 0
201792 0.000000 0
201799 0.126330 0
201806 0.000000 0
201814 0.000000 0
201821 0.079090 0
201829 0.000000 0
201836 0.000000 0
201844 0.038470 0
201851 0.000000 0
201858 0.000000 0
201866 0.030750 0
201874 0.000000 0
201882 0.000000 0
201889 0.050480 0
201896 0.000000 0
201904 0.000000 0
201911 0.051510 0
201919 0.000000 0
201926 0.000000 0
201934 0.036010 0
201941 0.000000 0
201948 0.000000 0
201956 0.019910 0
201965 0.000000 0
201972 0.000000 0
201980 0.035800 0
201986 0.000000 0
201994 0.000000 0
202001 0.119430 0
202010 0.000000 0
202018 0.000000 0
202025 0.139910 0
202031 0.000000 0
202038 0.000000 0
202046 0.128540 0
202054 0.000000 0
202062 0.000000 0
202069 0.069760 0
202076 0.000000 0
202084 0.000000 0
202091 0.047840 0
202099 0.000000 0
202106 0.000000 0
202114 0.054960 0
202121 0.000000 0
202128 0.000000 0
202136 0.023760 0
202144 0.000000 0
202152 0.000000 0
202159 0.011720 0
202166 0.000000 0
202174 0.000000 0
202181 0.010330 0
202189 0.000000 0
202196 0.000000 0
202204 0.013520 0
202211 0.000000 0
202218 0.000000 0
202226 0.085940 0
202234 0.000000 0
202242 0.000000 0
202249 0.088640 0
202256 0.000000 0
202264 0.000000 0
202271 0.095120 0
202279 0.000000 0
202286 0.000000 0
202294 0.068540 0
202301 0.000000 0
202308 0.000000 0
202316 0.025010 0
202324 0.000000 0
202332 0.000000 0
202339 0.026780 0
202346 0.000000 0
202354 0.000000 0
202361 0.036010 0
202369 0.000000 0
202376 0.000000 0
202384 0.043140 0
202391 0.000000 0
202398 0.000000 0
202406 0.040410 0
202414 0.000000 0
202422 0.000000 0
202429 0.050170 0
202436 0.000000 0
202444 0.000000 0
202451 0.031970 0
202459 0.000000 0
202466 0.000000 0
202474 0.101930 0
202481 0.000000 0
202488 0.000000 0
202496 0.057010 0
202504 0.000000 0
202512 0.000000 0
202519 0.044190 0
202526 0.000000 0
202534 0.000000 0
202541 0.058200 0
202549 0.000000 0
202556 0.000000 0
202564 0.037660 0
202571 0.000000 0
202578 0.000000 0
202586 0.024700 0
202594 0.000000 0
202602 0.000000 0
202609 0.019530 0
202616 0.000000 0
202624 0.000000 0
202631 0.032910 0
202639 0.000000 0
202646 0.000000 0
202654 0.025600 0
202661 0.000000 0
202668 0.000000 0
202676 0.054120 0
202684 0.000000 0
202692 0.000000 0
202699 0.057010 0
202706 0.000000 0
202714 0.000000 0
202721 0.089420 0
202729 0.000000 0
202736 0.000000 0
202744 0.081090 0
202751 0.000000 0
202758 0.000000 0
202766 0.057800 0
202774 0.000000 0
202782 0.000000 0
202789 0.038270 0
202796 0.000000 0
202804 0.000000 0
202811 0.031250 0
202819 0.000000 0
202826 0.000000 0
202834 0.036640 0
202841 0.000000 0
202848 0.000000 0
202856 0.028960 0
202864 0.000000 0
202872 0.000000 0
202879 0.038470 0
202886 0.000000 0
202894 0.000000 0
202901 0.030500 0
202909 0.000000 0
202916 0.000000 0
202924 0.044010 0
202933 0.000000 0
202940 0.000000 0
202948 0.112730 0
202954 0.000000 0
202962 0.000000 0
202969 0.068670 0
202978 0.000000 0
202986 0.000000 0
202993 0.027890 0
202999 0.000000 0
203006 0.000000 0
203014 0.030240 0
203023 0.000000 0
203030 0.000000 0
203038 0.034930 0
203044 0.000000 0
203052 0.000000 0
203059 0.042070 0
203066 0.000000 0
203074 0.000000 0
203081 0.046540 0
203089 0.000000 0
203096 0.000000 0
203104 0.048630 0
203111 0.000000 0
203118 0.000000 0
203126 0.047350 0
203134 0.000000 0
203142 0.000000 0
203149 0.028170 0
203156 0.000000 0
203164 0.000000 0
203171 0.077730 0
203179 0.000000 0
203186 0.000000 0
203194 0.130430 0
203201 0.000000 0
203208 0.000000 0
203216 0.103850 0
203224 0.000000 0
203232 0.000000 0
203239 0.059880 0
203246 0.000000 0
203254 0.000000 0
203261 0.054120 0
203269 0.000000 0
203276 0.000000 0
203284 0.071270 0
203291 0.000000 0
203298 0.000000 0
203306 0.058060 0
203314 0.000000 0
203322 0.000000 0
203329 0.049090 0
203337 0.000000 0
203344 0.000000 0
203352 0.054260 0
203359 0.000000 0
203366 0.000000 0
203374 0.065250 0
203381 0.000000 0
203388 0.000000 0
203396 0.152480 0
203404 0.000000 0
203412 0.000000 0
203419 0.152350 0
203427 0.000000 0
203434 0.000000 0
203442 0.168510 0
203449 0.000000 0
203456 0.000000 0
203464 0.107260 0
203472 0.000000 0
203480 0.000000 0
203487 0.080140 0
203494 0.000000 0
203502 0.000000 0
203509 0.069870 0
203516 0.000000 0
203524 0.000000 0
203531 0.073700 0
203538 0.000000 0
203546 0.000000 0
203553 0.070080 0
203562 0.000000 0
203570 0.000000 0
203577 0.058590 0
203583 0.000000 0
203590 0.000000 0
203598 0.064880 0
203607 0.000000 0
203614 0.000000 0
203622 0.072240 0
203628 0.000000 0
203636 0.000000 0
203643 0.069660 0
203652 0.000000 0
203660 0.000000 0
203667 0.050780 0
203674 0.000000 0
203682 0.000000 0
203689 0.014600 0
203696 0.000000 0
203704 0.000000 0
203711 0.016100 0
203718 0.000000 0
203726 0.000000 0
203733 0.025010 0
203741 0.000000 0
203748 0.000000 0
203756 0.028170 0
203765 0.000000 0
203772 0.000000 0
203780 0.041340 0
203787 0.000000 0
203794 0.000000 0
203802 0.025910 0
203810 0.000000 0
203818 0.000000 0
203825 0.025600 0
203832 0.000000 0
203840 0.000000 0
203847 0.037260 0
203855 0.000000 0
203862 0.000000 0
203870 0.114210 0
203877 0.000000 0
203884 0.000000 0
203892 0.124070 0
203900 0.000000 0
203908 0.000000 0
203915 0.132230 0
203922 0.000000 0
203930 0.000000 0
203937 0.115540 0
203945 0.000000 0
203952 0.000000 0
203960 0.085310 0
203966 0.000000 0
203974 0.000000 0
203981 0.063340 0
203988 0.000000 0
203996 0.000000 0
204003 0.057540 0
204011 0.000000 0
204018 0.000000 0
204026 0.050630 0
204033 0.000000 0
204040 0.000000 0
204048 0.026200 0
204056 0.000000 0
204064 0.000000 0
204071 0.017010 0
204078 0.000000 0
204086 0.000000 0
204093 0.010330 0
204101 0.000000 0
204108 0.000000 0
204116 0.049260 0
204125 0.000000 0
204132 0.000000 0
204140 0.066870 0
204146 0.000000 0
204154 0.000000 0
204161 0.051960 0
204170 0.000000 0
204178 0.000000 0
204185 0.042420 0
204191 0.000000 0
204198 0.000000 0
204206 0.075940 0
204215 0.000000 0
204222 0.000000 0
204230 0.062970 0
204236 0.000000 0
204244 0.000000 0
204251 0.051380 0
204260 0.000000 0
204268 0.000000 0
204275 0.029480 0
204281 0.000000 0
204288 0.000000 0
204296 0.013520 0
204305 0.000000 0
204312 0.000000 0
204320 0.011050 0
204326 0.000000 0
204334 0.000000 0
204341 0.060640 0
204349 0.000000 0
204356 0.000000 0
204364 0.072970 0
204371 0.000000 0
204378 0.000000 0
204386 0.053270 0
204395 0.000000 0
204402 0.000000 0
204410 0.034490 0
204416 0.000000 0
204424 0.000000 0
204431 0.023100 0
204439 0.000000 0
204446 0.000000 0
204454 0.025310 0
204461 0.000000 0
204468 0.000000 0
204476 0.026200 0
204485 0.000000 0
204492 0.000000 0
204500 0.049710 0
204506 0.000000 0
204514 0.000000 0
204521 0.060380 0
204530 0.000000 0
204538 0.000000 0
204545 0.064420 0
204551 0.000000 0
204558 0.000000 0
204566 0.050630 0
204574 0.000000 0
204582 0.000000 0
204589 0.049560 0
204597 0.000000 0
204604 0.000000 0
204612 0.030990 0
204619 0.000000 0
204626 0.000000 0
204634 0.024700 0
204641 0.000000 0
204648 0.000000 0
204656 0.023100 0
204664 0.000000 0
204672 0.000000 0
204679 0.021030 0
204686 0.000000 0
204694 0.000000 0
204701 0.022100 0
204709 0.000000 0
204716 0.000000 0
204724 0.047350 0
204731 0.000000 0
204738 0.000000 0
204746 0.054960 0
204755 0.000000 0
204762 0.000000 0
204770 0.079850 0
204776 0.000000 0
204784 0.000000 0
204791 0.073380 0
204799 0.000000 0
204806 0.000000 0
204814 0.049710 0
204821 0.000000 0
204828 0.000000 0
204836 0.033370 0
204844 0.000000 0
204852 0.000000 0
204859 0.019130 0
204866 0.000000 0
204874 0.000000 0
204881 0.022770 0
204889 0.000000 0
204896 0.000000 0
204904 0.036010 0
204911 0.000000 0
204918 0.000000 0
204926 0.033600 0
204934 0.000000 0
204942 0.000000 0
204949 0.038070 0
204956 0.000000 0
204964 0.000000 0
204971 0.032440 0
204979 0.000000 0
204986 0.000000 0
204994 0.031480 0
205001 0.000000 0
205008 0.000000 0
205016 0.040960 0
205024 0.000000 0
205032 0.000000 0
205039 0.111710 0
205046 0.000000 0
205054 0.000000 0
205061 0.169860 0
205069 0.000000 0
205076 0.000000 0
205084 0.150010 0
205091 0.000000 0
205098 0.000000 0
205106 0.135650 0
205114 0.000000 0
205122 0.000000 0
205129 0.095280 0
205136 0.000000 0
205144 0.000000 0
205151 0.074720 0
205159 0.000000 0
205166 0.000000 0
205174 0.087600 0
205181 0.000000 0
205188 0.000000 0
205196 0.087510 0
205204 0.000000 0
205212 0.000000 0
205219 0.064420 0
205226 0.000000 0
205234 0.000000 0
205241 0.051670 0
205249 0.000000 0
205256 0.000000 0
205264 0.047030 0
205271 0.000000 0
205278 0.000000 0
205286 0.051960 0
205294 0.000000 0
205302 0.000000 0
205309 0.027050 0
205316 0.000000 0
205324 0.000000 0
205331 0.025310 0
205339 0.000000 0
205346 0.000000 0
205354 0.035370 0
205361 0.000000 0
205368 0.000000 0
205376 0.038070 0
205384 0.000000 0
205392 0.000000 0
205399 0.055370 0
205406 0.000000 0
205414 0.000000 0
205421 0.067540 0
205429 0.000000 0
205436 0.000000 0
205444 0.055510 0
205452 0.000000 0
205460 0.000000 0
205467 0.038470 0
205474 0.000000 0
205482 0.000000 0
205489 0.031250 0
205497 0.000000 0
205504 0.000000 0
205512 0.041520 0
205519 0.000000 0
205526 0.000000 0
205534 0.086900 0
205542 0.000000 0
205550 0.000000 0
205557 0.069210 0
205564 0.000000 0
205572 0.000000 0
205579 0.046370 0
205586 0.000000 0
205594 0.000000 0
205601 0.057660 0
205609 0.000000 0
205616 0.000000 0
205624 0.098270 0
205631 0.000000 0
205638 0.000000 0
205646 0.111100 0
205654 0.000000 0
205662 0.000000 0
205669 0.103410 0
205676 0.000000 0
205684 0.000000 0
205691 0.055920 0
205699 0.000000 0
205706 0.000000 0
205714 0.024700 0
205722 0.000000 0
205730 0.000000 0
205737 0.031970 0
205744 0.000000 0
205752 0.000000 0
205759 0.095520 0
205767 0.000000 0
205774 0.000000 0
205782 0.066410 0
205789 0.000000 0
205796 0.000000 0
205804 0.052550 0
205813 0.000000 0
205820 0.000000 0
205828 0.054690 0
205834 0.000000 0
205842 0.000000 0
205849 0.031480 0
205857 0.000000 0
205864 0.000000 0
205872 0.061880 0
205879 0.000000 0
205886 0.000000 0
205894 0.067770 0
205903 0.000000 0
205910 0.000000 0
205918 0.028430 0
205924 0.000000 0
205932 0.000000 0
205939 0.018310 0
205947 0.000000 0
205954 0.000000 0
205962 0.027050 0
205969 0.000000 0
205976 0.000000 0
205984 0.127470 0
205992 0.000000 0
206000 0.000000 0
206007 0.134290 0
206014 0.000000 0
206022 0.000000 0
206029 0.079850 0
206037 0.000000 0
206044 0.000000 0
206052 0.076650 0
206059 0.000000 0
206066 0.000000 0
206074 0.064650 0
206082 0.000000 0
206090 0.000000 0
206097 0.070080 0
206104 0.000000 0
206112 0.000000 0
206119 0.089660 0
206127 0.000000 0
206134 0.000000 0
206142 0.044710 0
206149 0.000000 0
206156 0.000000 0
206164 0.031250 0
206172 0.000000 0
206180 0.000000 0
206187 0.013520 0
206193 0.000000 0
206200 0.000000 0
206208 0.022100 0
206216 0.000000 0
206224 0.000000 0
206231 0.037260 0
206238 0.000000 0
206246 0.000000 0
206253 0.063710 0
206261 0.000000 0
206268 0.000000 0
206276 0.062970 0
206283 0.000000 0
206290 0.000000 0
206298 0.061010 0
206306 0.000000 0
206314 0.000000 0
206321 0.055240 0
206328 0.000000 0
206336 0.000000 0
206343 0.050170 0
206352 0.000000 0
206360 0.000000 0
206367 0.046540 0
206373 0.000000 0
206380 0.000000 0
206388 0.046370 0
206397 0.000000 0
206404 0.000000 0
206412 0.041890 0
206418 0.000000 0
206426 0.000000 0
206433 0.033600 0
206442 0.000000 0
206450 0.000000 0
206457 0.041890 0
206463 0.000000 0
206470 0.000000 0
206478 0.033600 0
206487 0.000000 0
206494 0.000000 0
206502 0.017900 0
206508 0.000000 0
206516 0.000000 0
206523 0.012950 0
206532 0.000000 0
206540 0.000000 0
206547 0.007810 0
206553 0.000000 0
206560 0.000000 0
206568 0.006760 0
206576 0.000000 0
206584 0.000000 0
206591 0.014600 0
206598 0.000000 0
206606 0.000000 0
206613 0.015120 0
206623 0.000000 0
206630 0.000000 0
206638 0.010330 0
206644 0.000000 0
206652 0.000000 0
206659 0.021390 0
206667 0.000000 0
206674 0.000000 0
206682 0.015120 0
206689 0.000000 0
206696 0.000000 0
206704 0.014080 0
206712 0.000000 0
206720 0.000000 0
206727 0.013520 0
206734 0.000000 0
206742 0.000000 0
206749 0.010330 0
206757 0.000000 0
206764 0.000000 0
206772 0.006760 0
206779 0.000000 0
206786 0.000000 0
206794 0.011720 0
206802 0.000000 0
206810 0.000000 0
206817 0.011720 0
206824 0.000000 0
206832 0.000000 0
206839 0.018310 0
206847 0.000000 0
206854 0.000000 0
206862 0.050920 0
206869 0.000000 0
206876 0.000000 0
206884 0.063100 0
206892 0.000000 0
206900 0.000000 0
206907 0.047350 0
206914 0.000000 0
206922 0.000000 0
206929 0.040960 0
206937 0.000000 0
206944 0.000000 0
206952 0.046710 0
206959 0.000000 0
206966 0.000000 0
206974 0.043490 0
206983 0.000000 0
206990 0.000000 0
206998 0.045550 0
207004 0.000000 0
207012 0.000000 0
207019 0.046540 0
207027 0.000000 0
207034 0.000000 0
207042 0.074620 0
207049 0.000000 0
207056 0.000000 0
207064 0.065710 0
207072 0.000000 0
207080 0.000000 0
207087 0.018720 0
207094 0.000000 0
207102 0.000000 0
207109 0.015630 0
207117 0.000000 0
207124 0.000000 0
207132 0.007810 0
207138 0.000000 0
207146 0.000000 0
207153 0.223130 0
207162 0.000000 0
207170 0.000000 0
207177 0.238730 0
207184 0.000000 0
207192 0.000000 0
207199 0.214800 0
207207 0.000000 0
207214 0.000000 0
207222 0.146780 0
207229 0.000000 0
207236 0.000000 0
207244 0.104450 0
207252 0.000000 0
207260 0.000000 0
207267 0.086110 0
207274 0.000000 0
207282 0.000000 0
207289 0.071170 0
207297 0.000000 0
207304 0.000000 0
207312 0.051070 0
207318 0.000000 0
207326 0.000000 0
207333 0.032440 0
207342 0.000000 0
207350 0.000000 0
207357 0.033140 0
207363 0.000000 0
207370 0.000000 0
207378 0.042790 0
207386 0.000000 0
207394 0.000000 0
207401 0.041700 0
207408 0.000000 0
207416 0.000000 0
207423 0.037460 0
207432 0.000000 0
207440 0.000000 0
207447 0.037050 0
207453 0.000000 0
207460 0.000000 0
207468 0.035370 0
207477 0.000000 0
207484 0.000000 0
207492 0.027620 0
207499 0.000000 0
207506 0.000000 0
207514 0.058460 0
207522 0.000000 0
207530 0.000000 0
207537 0.024700 0
207543 0.000000 0
207550 0.000000 0
207558 0.013520 0
207567 0.000000 0
207574 0.000000 0
207582 0.023100 0
207588 0.000000 0
207596 0.000000 0
207603 0.022770 0
207612 0.000000 0
207620 0.000000 0
207627 0.053120 0
207634 0.000000 0
207642 0.000000 0
207649 0.059490 0
207656 0.000000 0
207664 0.000000 0
207671 0.069210 0
207679 0.000000 0
207686 0.000000 0
207694 0.070630 0
207701 0.000000 0
207708 0.000000 0
207716 0.060380 0
207725 0.000000 0
207732 0.000000 0
207740 0.070950 0
207746 0.000000 0
207754 0.000000 0
207761 0.061260 0
207770 0.000000 0
207778 0.000000 0
207785 0.060500 0
207791 0.000000 0
207798 0.000000 0
207806 0.055240 0
207813 0.000000 0
207820 0.000000 0
207828 0.066290 0
207836 0.000000 0
207844 0.000000 0
207851 0.055920 0
207858 0.000000 0
207866 0.000000 0
207873 0.058850 0
207881 0.000000 0
207888 0.000000 0
207896 0.035800 0
207903 0.000000 0
207910 0.000000 0
207918 0.043490 0
207926 0.000000 0
207934 0.000000 0
207941 0.049560 0
207948 0.000000 0
207956 0.000000 0
207963 0.051070 0
207971 0.000000 0
207978 0.000000 0
207986 0.044530 0
207993 0.000000 0
208000 0.000000 0
208008 0.047030 0
208016 0.000000 0
208024 0.000000 0
208031 0.056460 0
208038 0.000000 0
208046 0.000000 0
208053 0.037660 0
208062 0.000000 0
208070 0.000000 0
208077 0.036220 0
208083 0.000000 0
208090 0.000000 0
208098 0.037050 0
208106 0.000000 0
208114 0.000000 0
208121 0.037660 0
208128 0.000000 0
208136 0.000000 0
208143 0.038860 0
208151 0.000000 0
208158 0.000000 0
208166 0.041700 0
208173 0.000000 0
208180 0.000000 0
208188 0.043140 0
208196 0.000000 0
208204 0.000000 0
208211 0.025010 0
208218 0.000000 0
208226 0.000000 0
208233 0.045040 0
208242 0.000000 0
208250 0.000000 0
208257 0.054960 0
208263 0.000000 0
208270 0.000000 0
208278 0.072340 0
208286 0.000000 0
208294 0.000000 0
208301 0.051380 0
208308 0.000000 0
208316 0.000000 0
208323 0.038470 0
208331 0.000000 0
208338 0.000000 0
208346 0.041340 0
208353 0.000000 0
208360 0.000000 0
208368 0.039440 0
208376 0.000000 0
208384 0.000000 0
208391 0.053560 0
208400 0.000000 0
208408 0.000000 0
208415 0.045720 0
208421 0.000000 0
208428 0.000000 0
208436 0.058320 0
208445 0.000000 0
208452 0.000000 0
208460 0.039060 0
208466 0.000000 0
208474 0.000000 0
208481 0.064060 0
208490 0.000000 0
208498 0.000000 0
208505 0.052690 0
208511 0.000000 0
208518 0.000000 0
208526 0.013520 0
208534 0.000000 0
208542 0.000000 0
208549 0.005520 0
208556 0.000000 0
208564 0.000000 0
208571 0.081740 0
208580 0.000000 0
208588 0.000000 0
208595 0.078890 0
208601 0.000000 0
208608 0.000000 0
208616 0.077530 0
208624 0.000000 0
208632 0.000000 0
208639 0.071270 0
208646 0.000000 0
208654 0.000000 0
208661 0.070740 0
208669 0.000000 0
208676 0.000000 0
208684 0.086110 0
208691 0.000000 0
208698 0.000000 0
208706 0.064770 0
208715 0.000000 0
208722 0.000000 0
208730 0.051670 0
208736 0.000000 0
208744 0.000000 0
208751 0.055370 0
208760 0.000000 0
208768 0.000000 0
208775 0.052840 0
208781 0.000000 0
208788 0.000000 0
208796 0.052260 0
208804 0.000000 0
208812 0.000000 0
208819 0.056200 0
208826 0.000000 0
208834 0.000000 0
208841 0.055240 0
208849 0.000000 0
208856 0.000000 0
208864 0.046370 0
208871 0.000000 0
208878 0.000000 0
208886 0.050320 0
208894 0.000000 0
208902 0.000000 0
208909 0.050320 0
208916 0.000000 0
208924 0.000000 0
208931 0.054120 0
208939 0.000000 0
208946 0.000000 0
208954 0.059100 0
208961 0.000000 0
208968 0.000000 0
208976 0.051510 0
208984 0.000000 0
208992 0.000000 0
208999 0.043140 0
209006 0.000000 0
209014 0.000000 0
209021 0.048630 0
209029 0.000000 0
209036 0.000000 0
209044 0.046220 0
209051 0.000000 0
209058 0.000000 0
209066 0.043840 0
209074 0.000000 0
209082 0.000000 0
209089 0.033600 0
209096 0.000000 0
209104 0.000000 0
209111 0.037260 0
209119 0.000000 0
209126 0.000000 0
209134 0.023440 0
209141 0.000000 0
209148 0.000000 0
209156 0.018720 0
209164 0.000000 0
209172 0.000000 0
209179 0.016570 0
209186 0.000000 0
209194 0.000000 0
209201 0.012950 0
209209 0.000000 0
209216 0.000000 0
209224 0.013520 0
209231 0.000000 0
209238 0.000000 0
209246 0.017460 0
209254 0.000000 0
209262 0.000000 0
209269 0.052110 0
209277 0.000000 0
209284 0.000000 0
209292 0.122410 0
209299 0.000000 0
209306 0.000000 0
209314 0.135360 0
209321 0.000000 0
209328 0.000000 0
209336 0.103040 0
209344 0.000000 0
209352 0.000000 0
209359 0.081090 0
209366 0.000000 0
209374 0.000000 0
209381 0.067200 0
209389 0.000000 0
209396 0.000000 0
209404 0.063710 0
209411 0.000000 0
209418 0.000000 0
209426 0.045720 0
209434 0.000000 0
209442 0.000000 0
209449 0.045210 0
209456 0.000000 0
209464 0.000000 0
209471 0.048160 0
209479 0.000000 0
209486 0.000000 0
209494 0.046710 0
209501 0.000000 0
209508 0.000000 0
209516 0.056600 0
209524 0.000000 0
209532 0.000000 0
209539 0.045550 0
209546 0.000000 0
209554 0.000000 0
209561 0.028960 0
209569 0.000000 0
209576 0.000000 0
209584 0.032440 0
209591 0.000000 0
209598 0.000000 0
209606 0.027620 0
209614 0.000000 0
209622 0.000000 0
209629 0.045720 0
209636 0.000000 0
209644 0.000000 0
209651 0.049560 0
209659 0.000000 0
209666 0.000000 0
209674 0.043140 0
209681 0.000000 0
209688 0.000000 0
209696 0.046220 0
209704 0.000000 0
209712 0.000000 0
209719 0.051220 0
209726 0.000000 0
209734 0.000000 0
209741 0.051960 0
209749 0.000000 0
209756 0.000000 0
209764 0.054260 0
209771 0.000000 0
209778 0.000000 0
209786 0.040770 0
209794 0.000000 0
209802 0.000000 0
209809 0.047520 0
209816 0.000000 0
209824 0.000000 0
209831 0.046710 0
209839 0.000000 0
209846 0.000000 0
209854 0.040960 0
209861 0.000000 0
209868 0.000000 0
209876 0.037870 0
209884 0.000000 0
209892 0.000000 0
209899 0.040210 0
209906 0.000000 0
209914 0.000000 0
209921 0.050480 0
209929 0.000000 0
209936 0.000000 0
209944 0.055920 0
209951 0.000000 0
209958 0.000000 0
209966 0.045880 0
209974 0.000000 0
209982 0.000000 0
209989 0.034040 0
209996 0.000000 0
210004 0.000000 0
210011 0.033370 0
210019 0.000000 0
210026 0.000000 0
210034 0.047670 0
210041 0.000000 0
210048 0.000000 0
210056 0.048940 0
210064 0.000000 0
210072 0.000000 0
210079 0.029220 0
210086 0.000000 0
210094 0.000000 0
210101 0.030500 0
210110 0.000000 0
210118 0.000000 0
210125 0.047990 0
210131 0.000000 0
210138 0.000000 0
210146 0.089420 0
210154 0.000000 0
210162 0.000000 0
210169 0.111790 0
210176 0.000000 0
210184 0.000000 0
210191 0.056340 0
210199 0.000000 0
210206 0.000000 0
210214 0.042070 0
210221 0.000000 0
210228 0.000000 0
210236 0.044360 0
210244 0.000000 0
210252 0.000000 0
210259 0.057940 0
210266 0.000000 0
210274 0.000000 0
210281 0.046050 0
210289 0.000000 0
210296 0.000000 0
210304 0.041150 0
210312 0.000000 0
210320 0.000000 0
210327 0.042790 0
210334 0.000000 0
210342 0.000000 0
210349 0.021390 0
210357 0.000000 0
210364 0.000000 0
210372 0.020290 0
210378 0.000000 0
210386 0.000000 0
210393 0.029740 0
210402 0.000000 0
210410 0.000000 0
210417 0.042420 0
210424 0.000000 0
210432 0.000000 0
210439 0.046050 0
210447 0.000000 0
210454 0.000000 0
210462 0.048460 0
210469 0.000000 0
210476 0.000000 0
210484 0.050320 0
210492 0.000000 0
210500 0.000000 0
210507 0.040960 0
210514 0.000000 0
210522 0.000000 0
210529 0.024380 0
210538 0.000000 0
210546 0.000000 0
210553 0.032210 0
210559 0.000000 0
210566 0.000000 0
210574 0.023760 0
210582 0.000000 0
210590 0.000000 0
210597 0.021740 0
210604 0.000000 0
210612 0.000000 0
210619 0.034040 0
210627 0.000000 0
210634 0.000000 0
210642 0.031480 0
210649 0.000000 0
210656 0.000000 0
210664 0.053410 0
210672 0.000000 0
210680 0.000000 0
210687 0.048940 0
210694 0.000000 0
210702 0.000000 0
210709 0.075230 0
210717 0.000000 0
210724 0.000000 0
210732 0.111850 0
210739 0.000000 0
210746 0.000000 0
210754 0.080140 0
210763 0.000000 0
210770 0.000000 0
210778 0.073900 0
210784 0.000000 0
210792 0.000000 0
210799 0.056600 0
210808 0.000000 0
210816 0.000000 0
210823 0.082400 0
210829 0.000000 0
210836 0.000000 0
210844 0.053410 0
210853 0.000000 0
210860 0.000000 0
210868 0.058590 0
210874 0.000000 0
210882 0.000000 0
210889 0.047200 0
210897 0.000000 0
210904 0.000000 0
210912 0.072970 0
210919 0.000000 0
210926 0.000000 0
210934 0.072650 0
210942 0.000000 0
210950 0.000000 0
210957 0.066870 0
210964 0.000000 0
210972 0.000000 0
210979 0.047840 0
210987 0.000000 0
210994 0.000000 0
211002 0.047990 0
211009 0.000000 0
211016 0.000000 0
211024 0.047670 0
211032 0.000000 0
211040 0.000000 0
211047 0.046710 0
211054 0.000000 0
211062 0.000000 0
211069 0.061510 0
211077 0.000000 0
211084 0.000000 0
211092 0.046220 0
211099 0.000000 0
211106 0.000000 0
211114 0.035160 0
211122 0.000000 0
211130 0.000000 0
211137 0.117830 0
211143 0.000000 0
211150 0.000000 0
211158 0.064180 0
211166 0.000000 0
211174 0.000000 0
211181 0.037660 0
211188 0.000000 0
211196 0.000000 0
211203 0.030750 0
211211 0.000000 0
211218 0.000000 0
211226 0.032910 0
211233 0.000000 0
211240 0.000000 0
211248 0.025600 0
211257 0.000000 0
211264 0.000000 0
211272 0.027620 0
211278 0.000000 0
211286 0.000000 0
211293 0.031720 0
211301 0.000000 0
211308 0.000000 0
211316 0.043490 0
211323 0.000000 0
211330 0.000000 0
211338 0.049560 0
211347 0.000000 0
211354 0.000000 0
211362 0.046050 0
211368 0.000000 0
211376 0.000000 0
211383 0.054120 0
211391 0.000000 0
211398 0.000000 0
211406 0.034930 0
211413 0.000000 0
211420 0.000000 0
211428 0.028700 0
211436 0.000000 0
211444 0.000000 0
211451 0.019130 0
211458 0.000000 0
211466 0.000000 0
211473 0.018720 0
211481 0.000000 0
211488 0.000000 0
211496 0.023440 0
211503 0.000000 0
211510 0.000000 0
211518 0.022770 0
211527 0.000000 0
211534 0.000000 0
211542 0.038070 0
211548 0.000000 0
211556 0.000000 0
211563 0.044530 0
211571 0.000000 0
211578 0.000000 0
211586 0.038470 0
211593 0.000000 0
211600 0.000000 0
211608 0.074830 0
211616 0.000000 0
211624 0.000000 0
211631 0.071490 0
211638 0.000000 0
211646 0.000000 0
211653 0.055370 0
211661 0.000000 0
211668 0.000000 0
211676 0.062240 0
211683 0.000000 0
211690 0.000000 0
211698 0.049090 0
211706 0.000000 0
211714 0.000000 0
211721 0.044710 0
211728 0.000000 0
211736 0.000000 0
211743 0.040020 0
211751 0.000000 0
211758 0.000000 0
211766 0.044880 0
211773 0.000000 0
211780 0.000000 0
211788 0.047840 0
211796 0.000000 0
211804 0.000000 0
211811 0.045720 0
211818 0.000000 0
211826 0.000000 0
211833 0.044880 0
211842 0.000000 0
211850 0.000000 0
211857 0.031480 0
211863 0.000000 0
211870 0.000000 0
211878 0.030240 0
211886 0.000000 0
211894 0.000000 0
211901 0.020660 0
211908 0.000000 0
211916 0.000000 0
211923 0.022430 0
211931 0.000000 0
211938 0.000000 0
211946 0.017010 0
211955 0.000000 0
211962 0.000000 0
211970 0.009570 0
211977 0.000000 0
211984 0.000000 0
211992 0.014600 0
212000 0.000000 0
212008 0.000000 0
212015 0.026780 0
212022 0.000000 0
212030 0.000000 0
212037 0.029220 0
212045 0.000000 0
212052 0.000000 0
212060 0.036420 0
212067 0.000000 0
212074 0.000000 0
212082 0.051960 0
212090 0.000000 0
212098 0.000000 0
212105 0.054690 0
212112 0.000000 0
212120 0.000000 0
212127 0.071600 0
212135 0.000000 0
212142 0.000000 0
212150 0.100040 0
212157 0.000000 0
212164 0.000000 0
212172 0.109510 0
212180 0.000000 0
212188 0.000000 0
212195 0.093580 0
212202 0.000000 0
212210 0.000000 0
212217 0.082490 0
212225 0.000000 0
212232 0.000000 0
212240 0.069320 0
212246 0.000000 0
212254 0.000000 0
212261 0.070080 0
212268 0.000000 0
212276 0.000000 0
212283 0.052260 0
212291 0.000000 0
212298 0.000000 0
212306 0.042250 0
212313 0.000000 0
212320 0.000000 0
212328 0.041150 0
212336 0.000000 0
212344 0.000000 0
212351 0.039640 0
212360 0.000000 0
212368 0.000000 0
212375 0.042600 0
212381 0.000000 0
212388 0.000000 0
212396 0.034270 0
212405 0.000000 0
212412 0.000000 0
212420 0.011720 0
212426 0.000000 0
212434 0.000000 0
212441 0.015120 0
212449 0.000000 0
212456 0.000000 0
212464 0.024380 0
212471 0.000000 0
212478 0.000000 0
212486 0.032910 0
212494 0.000000 0
212502 0.000000 0
212509 0.036220 0
212516 0.000000 0
212524 0.000000 0
212531 0.029480 0
212539 0.000000 0
212546 0.000000 0
212554 0.064300 0
212561 0.000000 0
212568 0.000000 0
212576 0.063580 0
212584 0.000000 0
212592 0.000000 0
212599 0.114750 0
212606 0.000000 0
212614 0.000000 0
212621 0.104740 0
212629 0.000000 0
212636 0.000000 0
212644 0.085480 0
212651 0.000000 0
212658 0.000000 0
212666 0.071920 0
212675 0.000000 0
212682 0.000000 0
212690 0.064530 0
212696 0.000000 0
212704 0.000000 0
212711 0.055510 0
212720 0.000000 0
212728 0.000000 0
212735 0.049260 0
212741 0.000000 0
212748 0.000000 0
212756 0.048780 0
212764 0.000000 0
212772 0.000000 0
212779 0.040020 0
212786 0.000000 0
212794 0.000000 0
212801 0.040960 0
212810 0.000000 0
212818 0.000000 0
212825 0.028960 0
212832 0.000000 0
212840 0.000000 0
212847 0.024080 0
212854 0.000000 0
212862 0.000000 0
212869 0.036850 0
212876 0.000000 0
212884 0.000000 0
212891 0.034490 0
212899 0.000000 0
212906 0.000000 0
212914 0.027050 0
212921 0.000000 0
212928 0.000000 0
212936 0.025310 0
212944 0.000000 0
212952 0.000000 0
212959 0.026780 0
212966 0.000000 0
212974 0.000000 0
212981 0.037460 0
212989 0.000000 0
212996 0.000000 0
213004 0.040210 0
213011 0.000000 0
213018 0.000000 0
213026 0.127600 0
213034 0.000000 0
213042 0.000000 0
213049 0.075440 0
213056 0.000000 0
213064 0.000000 0
213071 0.053560 0
213079 0.000000 0
213086 0.000000 0
213094 0.047670 0
213101 0.000000 0
213108 0.000000 0
213116 0.040410 0
213124 0.000000 0
213132 0.000000 0
213139 0.040770 0
213146 0.000000 0
213154 0.000000 0
213161 0.036640 0
213169 0.000000 0
213176 0.000000 0
213184 0.030990 0
213191 0.000000 0
213198 0.000000 0
213206 0.033600 0
213214 0.000000 0
213222 0.000000 0
213229 0.028700 0
213236 0.000000 0
213244 0.000000 0
213251 0.038070 0
213259 0.000000 0
213266 0.000000 0
213274 0.029480 0
213281 0.000000 0
213288 0.000000 0
213296 0.021030 0
213304 0.000000 0
213312 0.000000 0
213319 0.018720 0
213326 0.000000 0
213334 0.000000 0
213341 0.022430 0
213349 0.000000 0
213356 0.000000 0
213364 0.022430 0
213371 0.000000 0
213378 0.000000 0
213386 0.025010 0
213394 0.000000 0
213402 0.000000 0
213409 0.018310 0
213416 0.000000 0
213424 0.000000 0
213431 0.021030 0
213439 0.000000 0
213446 0.000000 0
213454 0.020660 0
213461 0.000000 0
213468 0.000000 0
213476 0.042250 0
213484 0.000000 0
213492 0.000000 0
213499 0.071490 0
213506 0.000000 0
213514 0.000000 0
213521 0.059620 0
213529 0.000000 0
213536 0.000000 0
213544 0.085390 0
213551 0.000000 0
213558 0.000000 0
213566 0.078130 0
213574 0.000000 0
213582 0.000000 0
213589 0.073700 0
213596 0.000000 0
213604 0.000000 0
213611 0.058590 0
213619 0.000000 0
213626 0.000000 0
213634 0.057130 0
213641 0.000000 0
213648 0.000000 0
213656 0.044710 0
213664 0.000000 0
213672 0.000000 0
213679 0.075840 0
213686 0.000000 0
213694 0.000000 0
213701 0.046050 0
213709 0.000000 0
213716 0.000000 0
213724 0.052550 0
213731 0.000000 0
213738 0.000000 0
213746 0.046880 0
213754 0.000000 0
213762 0.000000 0
213769 0.039440 0
213777 0.000000 0
213784 0.000000 0
213792 0.030990 0
213799 0.000000 0
213806 0.000000 0
213814 0.020290 0
213821 0.000000 0
213828 0.000000 0
213836 0.021030 0
213844 0.000000 0
213852 0.000000 0
213859 0.030500 0
213868 0.000000 0
213876 0.000000 0
213883 0.048160 0
213889 0.000000 0
213896 0.000000 0
213904 0.066970 0
213911 0.000000 0
213918 0.000000 0
213926 0.073490 0
213934 0.000000 0
213942 0.000000 0
213949 0.063340 0
213956 0.000000 0
213964 0.000000 0
213971 0.098270 0
213979 0.000000 0
213986 0.000000 0
213994 0.178060 0
214001 0.000000 0
214008 0.000000 0
214016 0.063340 0
214024 0.000000 0
214032 0.000000 0
214039 0.019530 0
214047 0.000000 0
214054 0.000000 0
214062 0.024080 0
214069 0.000000 0
214076 0.000000 0
214084 0.026780 0
214092 0.000000 0
214100 0.000000 0
214107 0.035580 0
214114 0.000000 0
214122 0.000000 0
214129 0.045720 0
214138 0.000000 0
214146 0.000000 0
214153 0.053120 0
214159 0.000000 0
214166 0.000000 0
214174 0.043140 0
214182 0.000000 0
214190 0.000000 0
214197 0.034490 0
214204 0.000000 0
214212 0.000000 0
214219 0.033600 0
214227 0.000000 0
214234 0.000000 0
214242 0.034930 0
214249 0.000000 0
214256 0.000000 0
214264 0.036640 0
214272 0.000000 0
214280 0.000000 0
214287 0.017460 0
214294 0.000000 0
214302 0.000000 0
214309 0.011720 0
214317 0.000000 0
214324 0.000000 0
214332 0.021390 0
214339 0.000000 0
214346 0.000000 0
214354 0.030750 0
214363 0.000000 0
214370 0.000000 0
214378 0.034490 0
214384 0.000000 0
214392 0.000000 0
214399 0.036220 0
214406 0.000000 0
214414 0.000000 0
214421 0.055920 0
214429 0.000000 0
214436 0.000000 0
214444 0.054690 0
214452 0.000000 0
214460 0.000000 0
214467 0.043840 0
214473 0.000000 0
214480 0.000000 0
214488 0.043490 0
214497 0.000000 0
214504 0.000000 0
214512 0.049090 0
214518 0.000000 0
214526 0.000000 0
214533 0.050170 0
214543 0.000000 0
214550 0.000000 0
214558 0.053410 0
214563 0.000000 0
214570 0.000000 0
214578 0.065930 0
214586 0.000000 0
214594 0.000000 0
214601 0.053970 0
214608 0.000000 0
214616 0.000000 0
214623 0.055510 0
214631 0.000000 0
214638 0.000000 0
214646 0.062730 0
214654 0.000000 0
214662 0.000000 0
214669 0.116000 0
214676 0.000000 0
214684 0.000000 0
214691 0.114610 0
214699 0.000000 0
214706 0.000000 0
214714 0.082490 0
214721 0.000000 0
214728 0.000000 0
214736 0.068100 0
214743 0.000000 0
214750 0.000000 0
214758 0.061260 0
214767 0.000000 0
214774 0.000000 0
214782 0.065480 0
214789 0.000000 0
214796 0.000000 0
214804 0.070420 0
214812 0.000000 0
214820 0.000000 0
214827 0.070950 0
214833 0.000000 0
214840 0.000000 0
214848 0.062730 0
214857 0.000000 0
214864 0.000000 0
214872 0.057800 0
214878 0.000000 0
214886 0.000000 0
214893 0.061260 0
214902 0.000000 0
214910 0.000000 0
214917 0.049260 0
214923 0.000000 0
214930 0.000000 0
214938 0.038860 0
214947 0.000000 0
214954 0.000000 0
214962 0.064770 0
214969 0.000000 0
214976 0.000000 0
214984 0.043840 0
214992 0.000000 0
215000 0.000000 0
215007 0.040410 0
215014 0.000000 0
215022 0.000000 0
215029 0.033140 0
215037 0.000000 0
215044 0.000000 0
215052 0.017460 0
215058 0.000000 0
215066 0.000000 0
215073 0.014080 0
215082 0.000000 0
215090 0.000000 0
215097 0.010330 0
215103 0.000000 0
215110 0.000000 0
215118 0.049090 0
215126 0.000000 0
215134 0.000000 0
215141 0.079760 0
215148 0.000000 0
215156 0.000000 0
215163 0.081470 0
215172 0.000000 0
215180 0.000000 0
215187 0.073270 0
215193 0.000000 0
215200 0.000000 0
215208 0.071490 0
215217 0.000000 0
215224 0.000000 0
215232 0.060760 0
215238 0.000000 0
215246 0.000000 0
215253 0.059360 0
215261 0.000000 0
215268 0.000000 0
215276 0.067310 0
215283 0.000000 0
215290 0.000000 0
215298 0.081930 0
215306 0.000000 0
215314 0.000000 0
215321 0.064060 0
215328 0.000000 0
215336 0.000000 0
215343 0.048630 0
215352 0.000000 0
215360 0.000000 0
215367 0.065000 0
215373 0.000000 0
215380 0.000000 0
215388 0.047350 0
215396 0.000000 0
215404 0.000000 0
215411 0.034930 0
215418 0.000000 0
215426 0.000000 0
215433 0.040410 0
215442 0.000000 0
215450 0.000000 0
215457 0.035160 0
215463 0.000000 0
215470 0.000000 0
215478 0.041700 0
215487 0.000000 0
215494 0.000000 0
215502 0.043140 0
215508 0.000000 0
215516 0.000000 0
215523 0.041150 0
215532 0.000000 0
215540 0.000000 0
215547 0.040210 0
215554 0.000000 0
215562 0.000000 0
215569 0.034040 0
215577 0.000000 0
215584 0.000000 0
215592 0.039060 0
215599 0.000000 0
215606 0.000000 0
215614 0.040410 0
215621 0.000000 0
215628 0.000000 0
215636 0.024080 0
215643 0.000000 0
215650 0.000000 0
215658 0.018720 0
215666 0.000000 0
215674 0.000000 0
215681 0.028960 0
215688 0.000000 0
215696 0.000000 0
215703 0.039830 0
215711 0.000000 0
215718 0.000000 0
215726 0.047030 0
215733 0.000000 0
215740 0.000000 0
215748 0.037870 0
215756 0.000000 0
215764 0.000000 0
215771 0.053560 0
215778 0.000000 0
215786 0.000000 0
215793 0.050480 0
215801 0.000000 0
215808 0.000000 0
215816 0.061510 0
215823 0.000000 0
215830 0.000000 0
215838 0.048310 0
215847 0.000000 0
215854 0.000000 0
215862 0.042600 0
215868 0.000000 0
215876 0.000000 0
215883 0.039250 0
215891 0.000000 0
215898 0.000000 0
215906 0.044710 0
215913 0.000000 0
215920 0.000000 0
215928 0.046540 0
215936 0.000000 0
215944 0.000000 0
215951 0.048160 0
215958 0.000000 0
215966 0.000000 0
215973 0.030240 0
215981 0.000000 0
215988 0.000000 0
215996 0.021390 0
216005 0.000000 0
216012 0.000000 0
216020 0.005520 0
216027 0.000000 0
216034 0.000000 0
216042 0.000000 0
216050 0.000000 0
216058 0.000000 0
216065 0.096070 0
216072 0.000000 0
216080 0.000000 0
216087 0.107330 0
216095 0.000000 0
216102 0.000000 0
216110 0.089330 0
216117 0.000000 0
216124 0.000000 0
216132 0.077240 0
216140 0.000000 0
216148 0.000000 0
216155 0.082030 0
216162 0.000000 0
216170 0.000000 0
216177 0.074530 0
216185 0.000000 0
216192 0.000000 0
216200 0.051380 0
216207 0.000000 0
216214 0.000000 0
216222 0.046050 0
216230 0.000000 0
216238 0.000000 0
216245 0.058590 0
216252 0.000000 0
216260 0.000000 0
216267 0.069210 0
216275 0.000000 0
216282 0.000000 0
216290 0.065930 0
216297 0.000000 0
216304 0.000000 0
216312 0.055790 0
216318 0.000000 0
216326 0.000000 0
216333 0.043320 0
216341 0.000000 0
216348 0.000000 0
216356 0.034490 0
216363 0.000000 0
216370 0.000000 0
216378 0.046220 0
216386 0.000000 0
216394 0.000000 0
216401 0.049870 0
216410 0.000000 0
216418 0.000000 0
216425 0.051820 0
216431 0.000000 0
216438 0.000000 0
216446 0.047670 0
216455 0.000000 0
216462 0.000000 0
216470 0.050170 0
216476 0.000000 0
216484 0.000000 0
216491 0.038470 0
216499 0.000000 0
216506 0.000000 0
216514 0.028700 0
216521 0.000000 0
216528 0.000000 0
216536 0.037460 0
216544 0.000000 0
216552 0.000000 0
216559 0.030240 0
216566 0.000000 0
216574 0.000000 0
216581 0.024080 0
216589 0.000000 0
216596 0.000000 0
216604 0.026490 0
216611 0.000000 0
216618 0.000000 0
216626 0.027620 0
216635 0.000000 0
216642 0.000000 0
216650 0.027620 0
216656 0.000000 0
216664 0.000000 0
216671 0.032670 0
216680 0.000000 0
216688 0.000000 0
216695 0.018720 0
216701 0.000000 0
216708 0.000000 0
216716 0.012340 0
216725 0.000000 0
216732 0.000000 0
216740 0.012950 0
216746 0.000000 0
216754 0.000000 0
216761 0.055370 0
216770 0.000000 0
216778 0.000000 0
216785 0.107550 0
216791 0.000000 0
216798 0.000000 0
216806 0.130430 0
216815 0.000000 0
216822 0.000000 0
216830 0.113150 0
216836 0.000000 0
216844 0.000000 0
216851 0.084950 0
216860 0.000000 0
216868 0.000000 0
216875 0.060140 0
216881 0.000000 0
216888 0.000000 0
216896 0.054690 0
216904 0.000000 0
216912 0.000000 0
216919 0.053270 0
216926 0.000000 0
216934 0.000000 0
216941 0.046880 0
216949 0.000000 0
216956 0.000000 0
216964 0.051670 0
216971 0.000000 0
216978 0.000000 0
216986 0.046220 0
216994 0.000000 0
217002 0.000000 0
217009 0.067200 0
217016 0.000000 0
217024 0.000000 0
217031 0.058590 0
217039 0.000000 0
217046 0.000000 0
217054 0.056340 0
217061 0.000000 0
217068 0.000000 0
217076 0.032910 0
217084 0.000000 0
217092 0.000000 0
217099 0.034040 0
217106 0.000000 0
217114 0.000000 0
217121 0.027890 0
217129 0.000000 0
217136 0.000000 0
217144 0.019530 0
217151 0.000000 0
217158 0.000000 0
217166 0.020290 0
217174 0.000000 0
217182 0.000000 0
217189 0.035370 0
217196 0.000000 0
217204 0.000000 0
217211 0.046710 0
217219 0.000000 0
217226 0.000000 0
217234 0.063460 0
217241 0.000000 0
217248 0.000000 0
217256 0.076840 0
217264 0.000000 0
217272 0.000000 0
217279 0.118030 0
217286 0.000000 0
217294 0.000000 0
217301 0.059360 0
217309 0.000000 0
217316 0.000000 0
217324 0.034930 0
217331 0.000000 0
217338 0.000000 0
217346 0.029740 0
217354 0.000000 0
217362 0.000000 0
217369 0.019910 0
217376 0.000000 0
217384 0.000000 0
217391 0.026490 0
217399 0.000000 0
217406 0.000000 0
217414 0.029740 0
217421 0.000000 0
217428 0.000000 0
217436 0.031720 0
217444 0.000000 0
217452 0.000000 0
217459 0.034710 0
217466 0.000000 0
217474 0.000000 0
217481 0.029220 0
217489 0.000000 0
217496 0.000000 0
217504 0.030240 0
217511 0.000000 0
217518 0.000000 0
217526 0.032910 0
217534 0.000000 0
217542 0.000000 0
217549 0.025600 0
217556 0.000000 0
217564 0.000000 0
217571 0.036010 0
217579 0.000000 0
217586 0.000000 0
217594 0.043490 0
217601 0.000000 0
217608 0.000000 0
217616 0.044190 0
217624 0.000000 0
217632 0.000000 0
217639 0.040590 0
217646 0.000000 0
217654 0.000000 0
217661 0.043140 0
217669 0.000000 0
217676 0.000000 0
217684 0.058060 0
217691 0.000000 0
217698 0.000000 0
217706 0.053700 0
217714 0.000000 0
217722 0.000000 0
217729 0.047200 0
217736 0.000000 0
217744 0.000000 0
217751 0.050020 0
217759 0.000000 0
217766 0.000000 0
217774 0.058060 0
217781 0.000000 0
217788 0.000000 0
217796 0.072860 0
217804 0.000000 0
217812 0.000000 0
217819 0.066870 0
217826 0.000000 0
217834 0.000000 0
217841 0.051380 0
217849 0.000000 0
217856 0.000000 0
217864 0.048630 0
217872 0.000000 0
217880 0.000000 0
217887 0.047030 0
217893 0.000000 0
217900 0.000000 0
217908 0.041700 0
217917 0.000000 0
217924 0.000000 0
217932 0.035370 0
217939 0.000000 0
217946 0.000000 0
217954 0.040020 0
217962 0.000000 0
217970 0.000000 0
217977 0.044880 0
217983 0.000000 0
217990 0.000000 0
217998 0.040960 0
218007 0.000000 0
218014 0.000000 0
218022 0.035370 0
218029 0.000000 0
218036 0.000000 0
218044 0.025910 0
218051 0.000000 0
218058 0.000000 0
218066 0.018720 0
218074 0.000000 0
218082 0.000000 0
218089 0.022100 0
218097 0.000000 0
218104 0.000000 0
218112 0.031720 0
218119 0.000000 0
218126 0.000000 0
218134 0.033370 0
218141 0.000000 0
218148 0.000000 0
218156 0.038470 0
218164 0.000000 0
218172 0.000000 0
218179 0.051510 0
218188 0.000000 0
218196 0.000000 0
218203 0.050630 0
218209 0.000000 0
218216 0.000000 0
218224 0.049410 0
218231 0.000000 0
218238 0.000000 0
218246 0.061510 0
218254 0.000000 0
218262 0.000000 0
218269 0.058200 0
218278 0.000000 0
218286 0.000000 0
218293 0.062730 0
218299 0.000000 0
218306 0.000000 0
218314 0.055650 0
218322 0.000000 0
218330 0.000000 0
218337 0.043490 0
218344 0.000000 0
218352 0.000000 0
218359 0.050630 0
218368 0.000000 0
218376 0.000000 0
218383 0.060640 0
218389 0.000000 0
218396 0.000000 0
218404 0.074220 0
218412 0.000000 0
218420 0.000000 0
218427 0.088470 0
218434 0.000000 0
218442 0.000000 0
218449 0.089330 0
218458 0.000000 0
218466 0.000000 0
218473 0.088380 0
218479 0.000000 0
218486 0.000000 0
218494 0.065350 0
218502 0.000000 0
218510 0.000000 0
218517 0.053270 0
218524 0.000000 0
218532 0.000000 0
218539 0.050020 0
218547 0.000000 0
218554 0.000000 0
218562 0.047840 0
218569 0.000000 0
218576 0.000000 0
218584 0.054690 0
218591 0.000000 0
218598 0.000000 0
218606 0.052980 0
218614 0.000000 0
218622 0.000000 0
218629 0.054830 0
218637 0.000000 0
218644 0.000000 0
218652 0.058460 0
218658 0.000000 0
218666 0.000000 0
218673 0.068770 0
218681 0.000000 0
218688 0.000000 0
218696 0.090260 0
218703 0.000000 0
218710 0.000000 0
218718 0.058590 0
218727 0.000000 0
218734 0.000000 0
218742 0.046710 0
218748 0.000000 0
218756 0.000000 0
218763 0.044010 0
218772 0.000000 0
218780 0.000000 0
218787 0.039440 0
218794 0.000000 0
218802 0.000000 0
218809 0.038670 0
218817 0.000000 0
218824 0.000000 0
218832 0.045880 0
218839 0.000000 0
218846 0.000000 0
218854 0.040210 0
218862 0.000000 0
218870 0.000000 0
218877 0.046710 0
218884 0.000000 0
218892 0.000000 0
218899 0.032440 0
218907 0.000000 0
218914 0.000000 0
218922 0.021030 1
218928 0.000000 0
218936 0.000000 0
218943 0.022770 1
218951 0.000000 0
218958 0.000000 0
218966 0.030990 1
218973 0.000000 0
218980 0.000000 0
218988 0.021030 1
218997 0.000000 0
219004 0.000000 0
219012 0.022100 1
219018 0.000000 0
219026 0.000000 0
219033 0.045880 1
219041 0.000000 0
219048 0.000000 0
219056 0.057400 1
219063 0.000000 0
219070 0.000000 0
219078 0.052840 1
219086 0.000000 0
219094 0.000000 0
219101 0.055370 1
219108 0.000000 0
219116 0.000000 0
219123 0.088640 1
219131 0.000000 0
219138 0.000000 0
219146 0.045040 1
219153 0.000000 0
219160 0.000000 0
219168 0.031970 1
219176 0.000000 0
219184 0.000000 0
219191 0.027890 1
219198 0.000000 0
219206 0.000000 0
219213 0.040590 1
219221 0.000000 0
219228 0.000000 0
219236 0.052550 1
219244 0.000000 0
219252 0.000000 0
219259 0.030990 1
219266 0.000000 0
219274 0.000000 0
219281 0.032440 1
219288 0.000000 0
219296 0.000000 0
219303 0.051380 1
219311 0.000000 0
219318 0.000000 0
219326 0.055650 1
219333 0.000000 0
219340 0.000000 0
219348 0.061750 1
219356 0.000000 0
219364 0.000000 0
219371 0.052550 1
219378 0.000000 0
219386 0.000000 0
219393 0.040020 1
219401 0.000000 0
219408 0.000000 0
219416 0.034490 1
219423 0.000000 0
219430 0.000000 0
219438 0.040410 1
219446 0.000000 0
219454 0.000000 0
219461 0.041700 1
219468 0.000000 0
219476 0.000000 0
219483 0.050320 1
219491 0.000000 0
219498 0.000000 0
219506 0.053830 1
219513 0.000000 0
219520 0.000000 0
219528 0.064650 1
219537 0.000000 0
219544 0.000000 0
219552 0.071380 1
219558 0.000000 0
219566 0.000000 0
219573 0.048780 1
219582 0.000000 0
219590 0.000000 0
219597 0.045880 1
219603 0.000000 0
219610 0.000000 0
219618 0.043670 1
219627 0.000000 0
219634 0.000000 0
219642 0.043320 1
219649 0.000000 0
219656 0.000000 0
219664 0.037050 1
219671 0.000000 0
219678 0.000000 0
219686 0.036640 1
219693 0.000000 0
219700 0.000000 0
219708 0.044880 1
219716 0.000000 0
219724 0.000000 0
219731 0.038270 1
219738 0.000000 0
219746 0.000000 0
219753 0.029220 1
219761 0.000000 0
219768 0.000000 0
219776 0.034040 1
219783 0.000000 0
219790 0.000000 0
219798 0.031720 1
219806 0.000000 0
219814 0.000000 0
219821 0.040770 1
219828 0.000000 0
219836 0.000000 0
219843 0.039830 1
219851 0.000000 0
219858 0.000000 0
219866 0.039060 1
219875 0.000000 0
219882 0.000000 0
219890 0.039250 1
219897 0.000000 0
219904 0.000000 0
219912 0.017900 1
219920 0.000000 0
219928 0.000000 0
219935 0.017010 1
219942 0.000000 0
219950 0.000000 0
219957 0.013520 1
219965 0.000000 0
219972 0.000000 0
219980 0.020660 1
219987 0.000000 0
219994 0.000000 0
220002 0.040210 1
220010 0.000000 0
220018 0.000000 0
220025 0.037870 1
220032 0.000000 0
220040 0.000000 0
220047 0.072970 1
220055 0.000000 0
220062 0.000000 0
220070 0.078510 1
220077 0.000000 0
220084 0.000000 0
220092 0.101630 1
220100 0.000000 0
220108 0.000000 0
220115 0.100040 1
220122 0.000000 0
220130 0.000000 0
220137 0.088810 1
220145 0.000000 0
220152 0.000000 0
220160 0.060380 1
220167 0.000000 0
220174 0.000000 0
220182 0.063220 1
220190 0.000000 0
220198 0.000000 0
220205 0.057800 1
220211 0.000000 0
220218 0.000000 0
220226 0.066410 1
220233 0.000000 0
220240 0.000000 0
220248 0.053560 1
220256 0.000000 0
220264 0.000000 0
220271 0.038470 1
220278 0.000000 0
220286 0.000000 0
220293 0.036640 1
220301 0.000000 0
220308 0.000000 0
220316 0.019910 1
220323 0.000000 0
220330 0.000000 0
220338 0.018720 1
220346 0.000000 0
220354 0.000000 0
220361 0.016100 1
220370 0.000000 0
220378 0.000000 0
220385 0.018720 1
220391 0.000000 0
220398 0.000000 0
220406 0.017900 1
220414 0.000000 0
220422 0.000000 0
220429 0.022770 1
220436 0.000000 0
220444 0.000000 0
220451 0.042250 1
220460 0.000000 0
220468 0.000000 0
220475 0.067200 1
220481 0.000000 0
220488 0.000000 0
220496 0.070630 1
220504 0.000000 0
220512 0.000000 0
220519 0.090180 1
220526 0.000000 0
220534 0.000000 0
220541 0.080900 1
220549 0.000000 0
220556 0.000000 0
220564 0.067200 1
220571 0.000000 0
220578 0.000000 0
220586 0.073490 1
220594 0.000000 0
220602 0.000000 0
220609 0.062240 1
220616 0.000000 0
220624 0.000000 0
220631 0.053700 1
220640 0.000000 0
220648 0.000000 0
220655 0.055920 1
220661 0.000000 0
220668 0.000000 0
220676 0.049710 1
220684 0.000000 0
220692 0.000000 0
220699 0.043140 1
220706 0.000000 0
220714 0.000000 0
220721 0.043140 1
220729 0.000000 0
220736 0.000000 0
220744 0.044190 1
220752 0.000000 0
220760 0.000000 0
220767 0.046370 1
220774 0.000000 0
220782 0.000000 0
220789 0.021030 1
220796 0.000000 0
220804 0.000000 0
220811 0.017460 1
220819 0.000000 0
220826 0.000000 0
220834 0.030240 1
220841 0.000000 0
220848 0.000000 0
220856 0.038070 1
220864 0.000000 0
220872 0.000000 0
220879 0.027340 1
220886 0.000000 0
220894 0.000000 0
220901 0.041700 1
220909 0.000000 0
220916 0.000000 0
220924 0.058850 1
220931 0.000000 0
220938 0.000000 0
220946 0.054830 1
220955 0.000000 0
220962 0.000000 0
220970 0.053830 1
220976 0.000000 0
220984 0.000000 0
220991 0.078800 1
220999 0.000000 0
221006 0.000000 0
221014 0.058850 1
221021 0.000000 0
221028 0.000000 0
221036 0.038860 1
221044 0.000000 0
221052 0.000000 0
221059 0.040020 1
221066 0.000000 0
221074 0.000000 0
221081 0.047030 1
221089 0.000000 0
221096 0.000000 0
221104 0.043320 1
221111 0.000000 0
221118 0.000000 0
221126 0.034270 1
221134 0.000000 0
221142 0.000000 0
221149 0.047350 1
221156 0.000000 0
221164 0.000000 0
221171 0.044880 1
221179 0.000000 0
221186 0.000000 0
221194 0.062970 1
221201 0.000000 0
221208 0.000000 0
221216 0.050480 1
221224 0.000000 0
221232 0.000000 0
221239 0.047990 1
221246 0.000000 0
221254 0.000000 0
221261 0.036010 1
221269 0.000000 0
221276 0.000000 0
221284 0.015630 1
221291 0.000000 0
221298 0.000000 0
221306 0.012950 1
221314 0.000000 0
221322 0.000000 0
221329 0.014600 1
221336 0.000000 0
221344 0.000000 0
221351 0.033140 1
221359 0.000000 0
221366 0.000000 0
221374 0.028700 1
221381 0.000000 0
221388 0.000000 0
221396 0.049560 1
221404 0.000000 0
221412 0.000000 0
221419 0.060500 1
221426 0.000000 0
221434 0.000000 0
221441 0.079670 1
221449 0.000000 0
221456 0.000000 0
221464 0.086900 1
221471 0.000000 0
221478 0.000000 0
221486 0.095750 1
221494 0.000000 0
221502 0.000000 0
221509 0.065480 1
221516 0.000000 0
221524 0.000000 0
221531 0.061510 1
221539 0.000000 0
221546 0.000000 0
221554 0.049710 1
221561 0.000000 0
221568 0.000000 0
221576 0.050630 1
221584 0.000000 0
221592 0.000000 0
221599 0.053120 1
221606 0.000000 0
221614 0.000000 0
221621 0.037460 1
221629 0.000000 0
221636 0.000000 0
221644 0.030500 1
221651 0.000000 0
221658 0.000000 0
221666 0.028700 1
221674 0.000000 0
221682 0.000000 0
221689 0.020660 1
221696 0.000000 0
221704 0.000000 0
221711 0.018310 1
221719 0.000000 0
221726 0.000000 0
221734 0.006760 0
221742 0.000000 0
221750 0.000000 0
221757 0.005520 0
221764 0.000000 0
221772 0.000000 0
221779 0.012950 0
221787 0.000000 0
221794 0.000000 0
221802 0.025600 0
221809 0.000000 0
221816 0.000000 0
221824 0.038470 0
221832 0.000000 0
221840 0.000000 0
221847 0.027890 0
221854 0.000000 0
221862 0.000000 0
221869 0.020660 0
221876 0.000000 0
221884 0.000000 0
221891 0.038470 0
221899 0.000000 0
221906 0.000000 0
221914 0.042420 0
221922 0.000000 0
221930 0.000000 0
221937 0.040590 0
221944 0.000000 0
221952 0.000000 0
221959 0.054960 0
221967 0.000000 0
221974 0.000000 0
221982 0.052690 0
221989 0.000000 0
221996 0.000000 0
222004 0.058720 0
222012 0.000000 0
222020 0.000000 0
222027 0.045550 0
222034 0.000000 0
222042 0.000000 0
222049 0.060140 0
222056 0.000000 0
222064 0.000000 0
222071 0.074530 0
222079 0.000000 0
222086 0.000000 0
222094 0.058060 0
222102 0.000000 0
222110 0.000000 0
222117 0.072450 0
222124 0.000000 0
222132 0.000000 0
222139 0.056200 0
222147 0.000000 0
222154 0.000000 0
222162 0.114350 0
222169 0.000000 0
222176 0.000000 0
222184 0.175250 0
222192 0.000000 0
222200 0.000000 0
222207 0.159490 0
222214 0.000000 0
222222 0.000000 0
222229 0.112670 0
222237 0.000000 0
222244 0.000000 0
222252 0.066740 0
222259 0.000000 0
222266 0.000000 0
222274 0.059620 0
222281 0.000000 0
222288 0.000000 0
222296 0.043670 0
222304 0.000000 0
222312 0.000000 0
222319 0.037660 0
222327 0.000000 0
222334 0.000000 0
222342 0.045210 0
222349 0.000000 0
222356 0.000000 0
222364 0.048630 0
222371 0.000000 0
222378 0.000000 0
222386 0.048940 0
222394 0.000000 0
222402 0.000000 0
222409 0.039640 0
222417 0.000000 0
222424 0.000000 0
222432 0.044530 0
222439 0.000000 0
222446 0.000000 0
222454 0.056340 0
222462 0.000000 0
222470 0.000000 0
222477 0.062730 0
222484 0.000000 0
222492 0.000000 0
222499 0.057540 0
222507 0.000000 0
222514 0.000000 0
222522 0.044360 0
222529 0.000000 0
222536 0.000000 0
222544 0.059620 0
222551 0.000000 0
222558 0.000000 0
222566 0.061630 0
222573 0.000000 0
222580 0.000000 0
222588 0.066290 0
222597 0.000000 0
222604 0.000000 0
222612 0.060380 0
222618 0.000000 0
222626 0.000000 0
222633 0.075530 0
222642 0.000000 0
222650 0.000000 0
222657 0.072340 0
222663 0.000000 0
222670 0.000000 0
222678 0.064770 0
222687 0.000000 0
222694 0.000000 0
222702 0.051960 0
222708 0.000000 0
222716 0.000000 0
222723 0.040210 0
222731 0.000000 0
222738 0.000000 0
222746 0.054540 0
222753 0.000000 0
222760 0.000000 0
222768 0.030240 0
222776 0.000000 0
222784 0.000000 0
222791 0.043140 0
222798 0.000000 0
222806 0.000000 0
222813 0.037260 0
222821 0.000000 0
222828 0.000000 0
222836 0.053270 0
222843 0.000000 0
222850 0.000000 0
222858 0.054690 0
222866 0.000000 0
222874 0.000000 0
222881 0.053270 0
222888 0.000000 0
222896 0.000000 0
222903 0.063340 0
222912 0.000000 0
222920 0.000000 0
222927 0.055370 0
222933 0.000000 0
222940 0.000000 0
222948 0.050480 0
222956 0.000000 0
222964 0.000000 0
222971 0.055510 0
222978 0.000000 0
222986 0.000000 0
222993 0.053560 0
223001 0.000000 0
223008 0.000000 0
223016 0.049260 0
223023 0.000000 0
223030 0.000000 0
223038 0.054690 0
223046 0.000000 0
223054 0.000000 0
223061 0.054830 0
223068 0.000000 0
223076 0.000000 0
223083 0.041700 0
223091 0.000000 0
223098 0.000000 0
223106 0.079760 0
223113 0.000000 0
223120 0.000000 0
223128 0.062240 0
223136 0.000000 0
223144 0.000000 0
223151 0.047200 0
223158 0.000000 0
223166 0.000000 0
223173 0.050480 0
223181 0.000000 0
223188 0.000000 0
223196 0.066290 0
223204 0.000000 0
223212 0.000000 0
223219 0.047030 0
223226 0.000000 0
223234 0.000000 0
223241 0.045040 0
223248 0.000000 0
223256 0.000000 0
223263 0.033370 0
223271 0.000000 0
223278 0.000000 0
223286 0.035160 0
223293 0.000000 0
223300 0.000000 0
223308 0.052260 0
223316 0.000000 0
223324 0.000000 0
223331 0.053560 0
223338 0.000000 0
223346 0.000000 0
223353 0.058720 0
223361 0.000000 0
223368 0.000000 0
223376 0.055790 0
223383 0.000000 0
223390 0.000000 0
223398 0.051220 0
223407 0.000000 0
223414 0.000000 0
223422 0.053830 0
223428 0.000000 0
223436 0.000000 0
223443 0.046220 0
223452 0.000000 0
223460 0.000000 0
223467 0.037260 0
223473 0.000000 0
223480 0.000000 0
223488 0.039830 0
223496 0.000000 0
223504 0.000000 0
223511 0.062360 0
223518 0.000000 0
223526 0.000000 0
223533 0.037870 0
223542 0.000000 0
223550 0.000000 0
223557 0.069660 0
223563 0.000000 0
223570 0.000000 0
223578 0.070190 0
223587 0.000000 0
223594 0.000000 0
223602 0.059240 0
223608 0.000000 0
223616 0.000000 0
223623 0.053560 0
223632 0.000000 0
223640 0.000000 0
223647 0.038270 0
223654 0.000000 0
223662 0.000000 0
223669 0.033830 0
223676 0.000000 0
223684 0.000000 0
223691 0.032670 0
223698 0.000000 0
223706 0.000000 0
223713 0.034490 0
223721 0.000000 0
223728 0.000000 0
223736 0.033600 0
223743 0.000000 0
223750 0.000000 0
223758 0.040960 0
223766 0.000000 0
223774 0.000000 0
223781 0.038860 0
223788 0.000000 0
223796 0.000000 0
223803 0.042250 0
223811 0.000000 0
223818 0.000000 0
223826 0.039060 0
223833 0.000000 0
223840 0.000000 0
223848 0.048940 0
223856 0.000000 0
223864 0.000000 0
223871 0.036420 0
223878 0.000000 0
223886 0.000000 0
223893 0.047030 0
223901 0.000000 0
223908 0.000000 0
223916 0.048940 0
223923 0.000000 0
223930 0.000000 0
223938 0.049870 0
223946 0.000000 0
223954 0.000000 0
223961 0.046220 0
223968 0.000000 0
223976 0.000000 0
223983 0.046880 0
223991 0.000000 0
223998 0.000000 0
224006 0.052400 0
224013 0.000000 0
224020 0.000000 0
224028 0.082580 0
224036 0.000000 0
224044 0.000000 0
224051 0.074220 0
224058 0.000000 0
224066 0.000000 0
224073 0.069430 0
224081 0.000000 0
224088 0.000000 0
224096 0.052840 0
224103 0.000000 0
224110 0.000000 0
224118 0.053270 0
224127 0.000000 0
224134 0.000000 0
224142 0.037050 0
224148 0.000000 0
224156 0.000000 0
224163 0.028170 0
224171 0.000000 0
224178 0.000000 0
224186 0.025910 0
224193 0.000000 0
224200 0.000000 0
224208 0.027620 0
224216 0.000000 0
224224 0.000000 0
224231 0.025600 0
224240 0.000000 0
224248 0.000000 0
224255 0.022770 0
224262 0.000000 0
224270 0.000000 0
224277 0.052260 0
224285 0.000000 0
224292 0.000000 0
224300 0.074310 0
224306 0.000000 0
224314 0.000000 0
224321 0.086020 0
224328 0.000000 0
224336 0.000000 0
224343 0.076040 0
224351 0.000000 0
224358 0.000000 0
224366 0.056600 0
224373 0.000000 0
224380 0.000000 0
224388 0.047670 0
224396 0.000000 0
224404 0.000000 0
224411 0.047520 0
224418 0.000000 0
224426 0.000000 0
224433 0.052260 0
224441 0.000000 0
224448 0.000000 0
224456 0.064060 0
224463 0.000000 0
224470 0.000000 0
224478 0.063460 0
224486 0.000000 0
224494 0.000000 0
224501 0.089590 0
224508 0.000000 0
224516 0.000000 0
224523 0.082760 0
224531 0.000000 0
224538 0.000000 0
224546 0.058060 0
224555 0.000000 0
224562 0.000000 0
224570 0.045040 0
224576 0.000000 0
224584 0.000000 0
224591 0.036010 0
224600 0.000000 0
224608 0.000000 0
224615 0.049090 0
224621 0.000000 0
224628 0.000000 0
224636 0.024380 1
224645 0.000000 0
224652 0.000000 0
224660 0.042250 1
224666 0.000000 0
224674 0.000000 0
224681 0.027050 1
224690 0.000000 0
224698 0.000000 0
224705 0.042970 1
224711 0.000000 0
224718 0.000000 0
224726 0.050170 1
224735 0.000000 0
224742 0.000000 0
224750 0.043140 1
224756 0.000000 0
224764 0.000000 0
224771 0.062240 1
224780 0.000000 0
224788 0.000000 0
224795 0.060260 1
224801 0.000000 0
224808 0.000000 0
224816 0.043140 1
224825 0.000000 0
224832 0.000000 0
224840 0.054260 1
224846 0.000000 0
224854 0.000000 0
224861 0.045040 1
224869 0.000000 0
224876 0.000000 0
224884 0.041700 1
224891 0.000000 0
224898 0.000000 0
224906 0.053270 1
224914 0.000000 0
224922 0.000000 0
224929 0.049710 1
224936 0.000000 0
224944 0.000000 0
224951 0.042070 1
224959 0.000000 0
224966 0.000000 0
224974 0.080700 1
224981 0.000000 0
224988 0.000000 0
224996 0.066160 1
225004 0.000000 0
225012 0.000000 0
225019 0.050170 1
225026 0.000000 0
225034 0.000000 0
225041 0.044190 1
225049 0.000000 0
225056 0.000000 0
225064 0.050630 1
225071 0.000000 0
225078 0.000000 0
225086 0.043840 1
225094 0.000000 0
225102 0.000000 0
225109 0.029740 1
225116 0.000000 0
225124 0.000000 0
225131 0.027050 1
225139 0.000000 0
225146 0.000000 0
225154 0.036850 1
225161 0.000000 0
225168 0.000000 0
225176 0.031480 1
225184 0.000000 0
225192 0.000000 0
225199 0.040590 1
225206 0.000000 0
225214 0.000000 0
225221 0.055920 1
225229 0.000000 0
225236 0.000000 0
225244 0.060640 1
225251 0.000000 0
225258 0.000000 0
225266 0.047200 1
225274 0.000000 0
225282 0.000000 0
225289 0.042970 1
225296 0.000000 0
225304 0.000000 0
225311 0.045040 1
225319 0.000000 0
225326 0.000000 0
225334 0.044880 1
225341 0.000000 0
225348 0.000000 0
225356 0.048460 1
225364 0.000000 0
225372 0.000000 0
225379 0.058590 1
225386 0.000000 0
225394 0.000000 0
225401 0.056340 1
225409 0.000000 0
225416 0.000000 0
225424 0.051960 1
225431 0.000000 0
225438 0.000000 0
225446 0.076840 1
225454 0.000000 0
225462 0.000000 0
225469 0.071490 1
225476 0.000000 0
225484 0.000000 0
225491 0.057270 1
225499 0.000000 0
225506 0.000000 0
225514 0.049260 1
225521 0.000000 0
225528 0.000000 0
225536 0.027620 1
225544 0.000000 0
225552 0.000000 0
225559 0.034490 1
225566 0.000000 0
225574 0.000000 0
225581 0.028430 1
225589 0.000000 0
225596 0.000000 0
225604 0.044190 1
225611 0.000000 0
225618 0.000000 0
225626 0.037460 1
225634 0.000000 0
225642 0.000000 0
225649 0.050480 1
225656 0.000000 0
225664 0.000000 0
225671 0.047200 1
225679 0.000000 0
225686 0.000000 0
225694 0.042250 1
225701 0.000000 0
225708 0.000000 0
225716 0.039440 1
225724 0.000000 0
225732 0.000000 0
225739 0.050920 1
225746 0.000000 0
225754 0.000000 0
225761 0.051220 1
225769 0.000000 0
225776 0.000000 0
225784 0.052260 1
225792 0.000000 0
225800 0.000000 0
225807 0.049560 1
225814 0.000000 0
225822 0.000000 0
225829 0.046710 1
225837 0.000000 0
225844 0.000000 0
225852 0.052260 1
225859 0.000000 0
225866 0.000000 0
225874 0.038670 1
225882 0.000000 0
225890 0.000000 0
225897 0.053120 1
225904 0.000000 0
225912 0.000000 0
225919 0.083220 1
225927 0.000000 0
225934 0.000000 0
225942 0.068670 1
225949 0.000000 0
225956 0.000000 0
225964 0.057400 1
225972 0.000000 0
225980 0.000000 0
225987 0.048780 1
225994 0.000000 0
226002 0.000000 0
226009 0.054540 1
226017 0.000000 0
226024 0.000000 0
226032 0.042070 1
226038 0.000000 0
226046 0.000000 0
226053 0.022430 1
226062 0.000000 0
226070 0.000000 0
226077 0.035580 1
226084 0.000000 0
226092 0.000000 0
226099 0.028700 1
226107 0.000000 0
226114 0.000000 0
226122 0.063340 1
226129 0.000000 0
226136 0.000000 0
226144 0.047990 1
226152 0.000000 0
226160 0.000000 0
226167 0.042070 1
226174 0.000000 0
226182 0.000000 0
226189 0.038470 1
226196 0.000000 0
226204 0.000000 0
226211 0.044710 1
226219 0.000000 0
226226 0.000000 0
226234 0.046540 1
226242 0.000000 0
226250 0.000000 0
226257 0.039250 1
226264 0.000000 0
226272 0.000000 0
226279 0.031970 1
226287 0.000000 0
226294 0.000000 0
226302 0.039250 1
226309 0.000000 0
226316 0.000000 0
226324 0.047200 1
226332 0.000000 0
226340 0.000000 0
226347 0.053120 1
226354 0.000000 0
226362 0.000000 0
226369 0.067430 1
226377 0.000000 0
226384 0.000000 0
226392 0.070190 1
226399 0.000000 0
226406 0.000000 0
226414 0.066060 1
226422 0.000000 0
226430 0.000000 0
226437 0.054260 1
226443 0.000000 0
226450 0.000000 0
226458 0.037260 1
226467 0.000000 0
226474 0.000000 0
226482 0.035580 1
226488 0.000000 0
226496 0.000000 0
226503 0.023100 1
226511 0.000000 0
226518 0.000000 0
226526 0.034710 1
226533 0.000000 0
226540 0.000000 0
226548 0.027340 1
226557 0.000000 0
226564 0.000000 0
226572 0.035800 1
226578 0.000000 0
226586 0.000000 0
226593 0.041340 1
226602 0.000000 0
226610 0.000000 0
226617 0.038670 1
226623 0.000000 0
226630 0.000000 0
226638 0.050170 1
226646 0.000000 0
226654 0.000000 0
226661 0.060140 1
226668 0.000000 0
226676 0.000000 0
226683 0.050920 1
226691 0.000000 0
226698 0.000000 0
226706 0.054400 1
226713 0.000000 0
226720 0.000000 0
226728 0.050920 1
226736 0.000000 0
226744 0.000000 0
226751 0.048780 1
226758 0.000000 0
226766 0.000000 0
226773 0.059750 1
226781 0.000000 0
226788 0.000000 0
226796 0.057270 1
226803 0.000000 0
226810 0.000000 0
226818 0.053410 1
226827 0.000000 0
226834 0.000000 0
226842 0.078020 1
226848 0.000000 0
226856 0.000000 0
226863 0.074010 1
226872 0.000000 0
226880 0.000000 0
226887 0.053970 1
226893 0.000000 0
226900 0.000000 0
226908 0.047670 1
226917 0.000000 0
226924 0.000000 0
226932 0.044880 1
226938 0.000000 0
226946 0.000000 0
226953 0.053830 1
226962 0.000000 0
226970 0.000000 0
226977 0.037460 1
226983 0.000000 0
226990 0.000000 0
226998 0.034040 1
227006 0.000000 0
227014 0.000000 0
227021 0.030750 1
227028 0.000000 0
227036 0.000000 0
227043 0.031720 1
227052 0.000000 0
227060 0.000000 0
227067 0.051380 1
227073 0.000000 0
227080 0.000000 0
227088 0.041340 1
227096 0.000000 0
227104 0.000000 0
227111 0.056340 1
227118 0.000000 0
227126 0.000000 0
227133 0.060880 1
227141 0.000000 0
227148 0.000000 0
227156 0.041520 1
227164 0.000000 0
227172 0.000000 0
227179 0.047350 1
227186 0.000000 0
227194 0.000000 0
227201 0.047350 1
227208 0.000000 0
227216 0.000000 0
227223 0.049410 1
227232 0.000000 0
227240 0.000000 0
227247 0.038860 1
227253 0.000000 0
227260 0.000000 0
227268 0.058720 1
227276 0.000000 0
227284 0.000000 0
227291 0.041150 1
227298 0.000000 0
227306 0.000000 0
227313 0.055790 1
227322 0.000000 0
227330 0.000000 0
227337 0.077240 1
227343 0.000000 0
227350 0.000000 0
227358 0.066410 1
227367 0.000000 0
227374 0.000000 0
227382 0.051380 1
227388 0.000000 0
227396 0.000000 0
227403 0.036640 1
227412 0.000000 0
227420 0.000000 0
227427 0.038470 1
227433 0.000000 0
227440 0.000000 0
227448 0.029480 1
227456 0.000000 0
227464 0.000000 0
227471 0.040960 1
227478 0.000000 0
227486 0.000000 0
227493 0.038670 1
227501 0.000000 0
227508 0.000000 0
227516 0.052550 1
227523 0.000000 0
227530 0.000000 0
227538 0.062850 1
227546 0.000000 0
227554 0.000000 0
227561 0.045380 1
227568 0.000000 0
227576 0.000000 0
227583 0.035580 1
227591 0.000000 0
227598 0.000000 0
227606 0.039830 1
227613 0.000000 0
227620 0.000000 0
227628 0.036010 1
227636 0.000000 0
227644 0.000000 0
227651 0.051670 1
227658 0.000000 0
227666 0.000000 0
227673 0.043140 1
227681 0.000000 0
227688 0.000000 0
227696 0.038470 1
227703 0.000000 0
227710 0.000000 0
227718 0.040210 1
227726 0.000000 0
227734 0.000000 0
227741 0.040020 1
227748 0.000000 0
227756 0.000000 0
227763 0.042420 1
227771 0.000000 0
227778 0.000000 0
227786 0.082220 1
227793 0.000000 0
227800 0.000000 0
227808 0.070850 1
227816 0.000000 0
227824 0.000000 0
227831 0.048630 1
227838 0.000000 0
227846 0.000000 0
227853 0.044360 1
227861 0.000000 0
227868 0.000000 0
227876 0.045720 1
227883 0.000000 0
227890 0.000000 0
227898 0.042970 1
227906 0.000000 0
227914 0.000000 0
227921 0.022100 1
227930 0.000000 0
227938 0.000000 0
227945 0.012340 1
227952 0.000000 0
227960 0.000000 0
227967 0.023440 1
227975 0.000000 0
227982 0.000000 0
227990 0.028430 1
227997 0.000000 0
228004 0.000000 0
228012 0.032910 1
228020 0.000000 0
228028 0.000000 0
228035 0.077130 1
228041 0.000000 0
228048 0.000000 0
228056 0.099580 1
228064 0.000000 0
228072 0.000000 0
228079 0.107180 1
228086 0.000000 0
228094 0.000000 0
228101 0.089660 1
228110 0.000000 0
228118 0.000000 0
228125 0.065930 1
228131 0.000000 0
228138 0.000000 0
228146 0.049560 1
228154 0.000000 0
228162 0.000000 0
228169 0.050630 1
228176 0.000000 0
228184 0.000000 0
228191 0.047840 1
228200 0.000000 0
228208 0.000000 0
228215 0.059620 1
228221 0.000000 0
228228 0.000000 0
228236 0.051070 1
228245 0.000000 0
228252 0.000000 0
228260 0.067080 1
228266 0.000000 0
228274 0.000000 0
228281 0.067430 1
228290 0.000000 0
228298 0.000000 0
228305 0.052840 1
228311 0.000000 0
228318 0.000000 0
228326 0.039060 1
228335 0.000000 0
228342 0.000000 0
228350 0.038270 1
228356 0.000000 0
228364 0.000000 0
228371 0.040770 1
228380 0.000000 0
228388 0.000000 0
228395 0.019910 1
228401 0.000000 0
228408 0.000000 0
228416 0.033830 1
228425 0.000000 0
228432 0.000000 0
228440 0.035800 1
228447 0.000000 0
228454 0.000000 0
228462 0.038860 1
228469 0.000000 0
228476 0.000000 0
228484 0.045550 1
228491 0.000000 0
228498 0.000000 0
228506 0.050170 1
228514 0.000000 0
228522 0.000000 0
228529 0.053970 1
228536 0.000000 0
228544 0.000000 0
228551 0.050020 1
228559 0.000000 0
228566 0.000000 0
228574 0.056460 1
228581 0.000000 0
228588 0.000000 0
228596 0.048630 1
228604 0.000000 0
228612 0.000000 0
228619 0.046220 1
228626 0.000000 0
228634 0.000000 0
228641 0.034930 1
228649 0.000000 0
228656 0.000000 0
228664 0.056340 1
228671 0.000000 0
228678 0.000000 0
228686 0.051820 1
228694 0.000000 0
228702 0.000000 0
228709 0.054120 1
228716 0.000000 0
228724 0.000000 0
228731 0.076340 1
228739 0.000000 0
228746 0.000000 0
228754 0.053560 1
228761 0.000000 0
228768 0.000000 0
228776 0.037660 1
228784 0.000000 0
228792 0.000000 0
228799 0.035580 1
228806 0.000000 0
228814 0.000000 0
228821 0.051960 1
228829 0.000000 0
228836 0.000000 0
228844 0.034710 1
228851 0.000000 0
228858 0.000000 0
228866 0.018310 1
228874 0.000000 0
228882 0.000000 0
228889 0.030750 1
228896 0.000000 0
228904 0.000000 0
228911 0.035800 1
228919 0.000000 0
228926 0.000000 0
228934 0.040960 1
228941 0.000000 0
228948 0.000000 0
228956 0.050630 1
228964 0.000000 0
228972 0.000000 0
228979 0.051510 1
228986 0.000000 0
228994 0.000000 0
229001 0.064650 1
229009 0.000000 0
229016 0.000000 0
229024 0.046880 1
229031 0.000000 0
229038 0.000000 0
229046 0.045040 1
229054 0.000000 0
229062 0.000000 0
229069 0.045550 1
229076 0.000000 0
229084 0.000000 0
229091 0.041150 1
229099 0.000000 0
229106 0.000000 0
229114 0.042600 1
229121 0.000000 0
229128 0.000000 0
229136 0.061750 1
229144 0.000000 0
229152 0.000000 0
229159 0.048940 1
229166 0.000000 0
229174 0.000000 0
229181 0.045550 1
229189 0.000000 0
229196 0.000000 0
229204 0.064650 1
229211 0.000000 0
229218 0.000000 0
229226 0.070080 1
229234 0.000000 0
229242 0.000000 0
229249 0.060500 1
229256 0.000000 0
229264 0.000000 0
229271 0.048780 1
229279 0.000000 0
229286 0.000000 0
229294 0.039060 1
229301 0.000000 0
229308 0.000000 0
229316 0.037870 1
229324 0.000000 0
229332 0.000000 0
229339 0.040590 1
229346 0.000000 0
229354 0.000000 0
229361 0.041520 1
229369 0.000000 0
229376 0.000000 0
229384 0.052690 1
229391 0.000000 0
229398 0.000000 0
229406 0.069760 1
229414 0.000000 0
229422 0.000000 0
229429 0.061510 1
229436 0.000000 0
229444 0.000000 0
229451 0.058320 1
229459 0.000000 0
229466 0.000000 0
229474 0.053270 1
229481 0.000000 0
229488 0.000000 0
229496 0.044880 1
229504 0.000000 0
229512 0.000000 0
229519 0.047840 1
229527 0.000000 0
229534 0.000000 0
229542 0.055650 1
229549 0.000000 0
229556 0.000000 0
229564 0.056870 1
229572 0.000000 0
229580 0.000000 0
229587 0.054830 1
229594 0.000000 0
229602 0.000000 0
229609 0.051510 1
229617 0.000000 0
229624 0.000000 0
229632 0.064650 1
229639 0.000000 0
229646 0.000000 0
229654 0.086460 1
229662 0.000000 0
229670 0.000000 0
229677 0.083500 1
229684 0.000000 0
229692 0.000000 0
229699 0.063830 1
229707 0.000000 0
229714 0.000000 0
229722 0.060760 1
229729 0.000000 0
229736 0.000000 0
229744 0.052690 1
229752 0.000000 0
229760 0.000000 0
229767 0.047670 1
229773 0.000000 0
229780 0.000000 0
229788 0.032910 1
229797 0.000000 0
229804 0.000000 0
229812 0.026780 1
229818 0.000000 0
229826 0.000000 0
229833 0.027890 1
229842 0.000000 0
229850 0.000000 0
229857 0.024080 1
229864 0.000000 0
229872 0.000000 0
229879 0.034270 1
229886 0.000000 0
229894 0.000000 0
229901 0.068540 1
229909 0.000000 0
229916 0.000000 0
229924 0.066160 1
229932 0.000000 0
229940 0.000000 0
229947 0.080900 1
229954 0.000000 0
229962 0.000000 0
229969 0.051960 1
229977 0.000000 0
229984 0.000000 0
229992 0.059880 1
229999 0.000000 0
230006 0.000000 0
230014 0.059750 1
230022 0.000000 0
230030 0.000000 0
230037 0.033830 1
230044 0.000000 0
230052 0.000000 0
230059 0.022770 1
230067 0.000000 0
230074 0.000000 0
230082 0.027340 1
230089 0.000000 0
230096 0.000000 0
230104 0.042790 1
230112 0.000000 0
230120 0.000000 0
230127 0.063710 1
230134 0.000000 0
230142 0.000000 0
230149 0.069980 1
230157 0.000000 0
230164 0.000000 0
230172 0.064530 1
230178 0.000000 0
230186 0.000000 0
230193 0.038670 1
230202 0.000000 0
230210 0.000000 0
230217 0.050780 1
230223 0.000000 0
230230 0.000000 0
230238 0.045880 1
230247 0.000000 0
230254 0.000000 0
230262 0.031970 1
230268 0.000000 0
230276 0.000000 0
230283 0.029740 1
230291 0.000000 0
230298 0.000000 0
230306 0.032440 1
230314 0.000000 0
230322 0.000000 0
230329 0.044530 1
230336 0.000000 0
230344 0.000000 0
230351 0.053830 1
230359 0.000000 0
230366 0.000000 0
230374 0.087160 1
230382 0.000000 0
230390 0.000000 0
230397 0.063220 1
230403 0.000000 0
230410 0.000000 0
230418 0.048310 1
230426 0.000000 0
230434 0.000000 0
230441 0.040410 1
230448 0.000000 0
230456 0.000000 0
230463 0.043490 1
230472 0.000000 0
230480 0.000000 0
230487 0.049090 1
230493 0.000000 0
230500 0.000000 0
230508 0.038670 1
230516 0.000000 0
230524 0.000000 0
230531 0.049090 1
230538 0.000000 0
230546 0.000000 0
230553 0.045210 1
230561 0.000000 0
230568 0.000000 0
230576 0.049560 1
230583 0.000000 0
230590 0.000000 0
230598 0.074010 1
230606 0.000000 0
230614 0.000000 0
230621 0.071700 1
230628 0.000000 0
230636 0.000000 0
230643 0.054540 1
230651 0.000000 0
230658 0.000000 0
230666 0.042600 1
230673 0.000000 0
230680 0.000000 0
230688 0.043490 1
230696 0.000000 0
230704 0.000000 0
230711 0.034270 1
230719 0.000000 0
230726 0.000000 0
230734 0.020290 1
230742 0.000000 0
230750 0.000000 0
230757 0.051510 1
230763 0.000000 0
230770 0.000000 0
230778 0.052980 1
230787 0.000000 0
230794 0.000000 0
230802 0.047670 1
230810 0.000000 0
230818 0.000000 0
230825 0.058460 1
230832 0.000000 0
230840 0.000000 0
230847 0.084760 1
230855 0.000000 0
230862 0.000000 0
230870 0.067540 1
230876 0.000000 0
230884 0.000000 0
230891 0.042970 1
230898 0.000000 0
230906 0.000000 0
230913 0.038670 1
230921 0.000000 0
230928 0.000000 0
230936 0.037870 1
230943 0.000000 0
230950 0.000000 0
230958 0.040590 1
230966 0.000000 0
230974 0.000000 0
230981 0.048460 1
230988 0.000000 0
230996 0.000000 0
231003 0.051380 1
231011 0.000000 0
231018 0.000000 0
231026 0.032910 1
231033 0.000000 0
231040 0.000000 0
231048 0.040210 1
231057 0.000000 0
231064 0.000000 0
231072 0.064770 1
231078 0.000000 0
231086 0.000000 0
231093 0.079380 1
231102 0.000000 0
231110 0.000000 0
231117 0.072240 1
231125 0.000000 0
231132 0.000000 0
231140 0.044010 1
231146 0.000000 0
231154 0.000000 0
231161 0.026780 1
231168 0.000000 0
231176 0.000000 0
231183 0.031970 1
231191 0.000000 0
231198 0.000000 0
231206 0.034490 1
231213 0.000000 0
231220 0.000000 0
231228 0.033830 1
231236 0.000000 0
231244 0.000000 0
231251 0.042070 1
231258 0.000000 0
231266 0.000000 0
231273 0.047520 1
231281 0.000000 0
231288 0.000000 0
231296 0.063100 1
231303 0.000000 0
231310 0.000000 0
231318 0.063940 1
231326 0.000000 0
231334 0.000000 0
231341 0.059100 1
231349 0.000000 0
231356 0.000000 0
231364 0.054690 1
231371 0.000000 0
231378 0.000000 0
231386 0.032910 1
231394 0.000000 0
231402 0.000000 0
231409 0.031720 1
231416 0.000000 0
231424 0.000000 0
231431 0.049260 1
231440 0.000000 0
231448 0.000000 0
231455 0.052550 1
231461 0.000000 0
231468 0.000000 0
231476 0.050320 1
231485 0.000000 0
231492 0.000000 0
231500 0.038670 1
231506 0.000000 0
231514 0.000000 0
231521 0.031250 1
231530 0.000000 0
231538 0.000000 0
231545 0.065480 1
231551 0.000000 0
231558 0.000000 0
231566 0.065250 1
231575 0.000000 0
231582 0.000000 0
231590 0.052840 1
231596 0.000000 0
231604 0.000000 0
231611 0.048780 1
231619 0.000000 0
231626 0.000000 0
231634 0.035580 1
231641 0.000000 0
231648 0.000000 0
231656 0.039640 1
231664 0.000000 0
231672 0.000000 0
231679 0.046710 1
231686 0.000000 0
231694 0.000000 0
231701 0.040020 1
231710 0.000000 0
231718 0.000000 0
231725 0.042250 1
231731 0.000000 0
231738 0.000000 0
231746 0.057400 1
231754 0.000000 0
231762 0.000000 0
231769 0.082670 1
231776 0.000000 0
231784 0.000000 0
231791 0.087430 1
231799 0.000000 0
231806 0.000000 0
231814 0.056730 1
231821 0.000000 0
231828 0.000000 0
231836 0.051070 1
231845 0.000000 0
231852 0.000000 0
231860 0.048310 1
231867 0.000000 0
231874 0.000000 0
231882 0.032440 1
231889 0.000000 0
231896 0.000000 0
231904 0.027620 1
231911 0.000000 0
231918 0.000000 0
231926 0.041150 1
231934 0.000000 0
231942 0.000000 0
231949 0.042070 1
231956 0.000000 0
231964 0.000000 0
231971 0.038470 1
231979 0.000000 0
231986 0.000000 0
231994 0.063580 1
232001 0.000000 0
232008 0.000000 0
232016 0.084320 1
232024 0.000000 0
232032 0.000000 0
232039 0.069760 1
232046 0.000000 0
232054 0.000000 0
232061 0.038860 1
232069 0.000000 0
232076 0.000000 0
232084 0.030990 1
232091 0.000000 0
232098 0.000000 0
232106 0.039060 1
232114 0.000000 0
232122 0.000000 0
232129 0.036220 1
232136 0.000000 0
232144 0.000000 0
232151 0.034270 1
232159 0.000000 0
232166 0.000000 0
232174 0.038670 1
232181 0.000000 0
232188 0.000000 0
232196 0.039640 1
232204 0.000000 0
232212 0.000000 0
232219 0.041150 1
232226 0.000000 0
232234 0.000000 0
232241 0.074830 1
232249 0.000000 0
232256 0.000000 0
232264 0.071060 1
232271 0.000000 0
232278 0.000000 0
232286 0.046370 1
232294 0.000000 0
232302 0.000000 0
232309 0.034270 1
232316 0.000000 0
232324 0.000000 0
232331 0.032910 1
232339 0.000000 0
232346 0.000000 0
232354 0.037870 1
232361 0.000000 0
232368 0.000000 0
232376 0.042790 1
232384 0.000000 0
232392 0.000000 0
232399 0.037260 1
232406 0.000000 0
232414 0.000000 0
232421 0.029220 1
232429 0.000000 0
232436 0.000000 0
232444 0.035800 1
232451 0.000000 0
232458 0.000000 0
232466 0.069540 1
232474 0.000000 0
232482 0.000000 0
232489 0.076540 1
232496 0.000000 0
232504 0.000000 0
232511 0.061390 1
232519 0.000000 0
232526 0.000000 0
232534 0.045380 1
232542 0.000000 0
232550 0.000000 0
232557 0.038070 1
232564 0.000000 0
232572 0.000000 0
232579 0.036850 1
232587 0.000000 0
232594 0.000000 0
232602 0.027890 1
232609 0.000000 0
232616 0.000000 0
232624 0.042250 1
232631 0.000000 0
232638 0.000000 0
232646 0.035370 1
232654 0.000000 0
232662 0.000000 0
232669 0.035160 1
232677 0.000000 0
232684 0.000000 0
232692 0.051070 1
232699 0.000000 0
232706 0.000000 0
232714 0.073180 1
232722 0.000000 0
232730 0.000000 0
232737 0.065930 1
232744 0.000000 0
232752 0.000000 0
232759 0.046880 1
232767 0.000000 0
232774 0.000000 0
232782 0.041890 1
232789 0.000000 0
232796 0.000000 0
232804 0.036420 1
232812 0.000000 0
232820 0.000000 0
232827 0.028700 1
232834 0.000000 0
232842 0.000000 0
232849 0.033600 1
232857 0.000000 0
232864 0.000000 0
232872 0.053410 1
232879 0.000000 0
232886 0.000000 0
232894 0.051510 1
232902 0.000000 0
232910 0.000000 0
232917 0.050480 1
232924 0.000000 0
232932 0.000000 0
232939 0.068540 1
232947 0.000000 0
232954 0.000000 0
232962 0.082120 1
232969 0.000000 0
232976 0.000000 0
232984 0.069760 1
232992 0.000000 0
233000 0.000000 0
233007 0.036220 1
233014 0.000000 0
233022 0.000000 0
233029 0.044190 1
233037 0.000000 0
233044 0.000000 0
233052 0.044710 1
233059 0.000000 0
233066 0.000000 0
233074 0.034490 1
233082 0.000000 0
233090 0.000000 0
233097 0.028170 1
233104 0.000000 0
233112 0.000000 0
233119 0.046220 1
233127 0.000000 0
233134 0.000000 0
233142 0.034040 1
233149 0.000000 0
233156 0.000000 0
233164 0.041700 1
233172 0.000000 0
233180 0.000000 0
233187 0.058200 1
233194 0.000000 0
233202 0.000000 0
233209 0.058200 1
233217 0.000000 0
233224 0.000000 0
233232 0.052400 1
233239 0.000000 0
233246 0.000000 0
233254 0.045380 1
233262 0.000000 0
233270 0.000000 0
233277 0.038070 1
233283 0.000000 0
233290 0.000000 0
233298 0.020290 1
233307 0.000000 0
233314 0.000000 0
233322 0.025600 1
233329 0.000000 0
233336 0.000000 0
233344 0.041890 1
233351 0.000000 0
233358 0.000000 0
233366 0.036420 1
233373 0.000000 0
233380 0.000000 0
233388 0.040410 1
233397 0.000000 0
233404 0.000000 0
233412 0.065830 1
233418 0.000000 0
233426 0.000000 0
233433 0.068540 1
233441 0.000000 0
233448 0.000000 0
233456 0.053970 1
233463 0.000000 0
233470 0.000000 0
233478 0.041520 1
233486 0.000000 0
233494 0.000000 0
233501 0.039640 1
233508 0.000000 0
233516 0.000000 0
233523 0.033370 1
233531 0.000000 0
233538 0.000000 0
233546 0.058320 1
233553 0.000000 0
233560 0.000000 0
233568 0.055790 1
233576 0.000000 0
233584 0.000000 0
233591 0.041150 1
233598 0.000000 0
233606 0.000000 0
233613 0.039440 1
233621 0.000000 0
233628 0.000000 0
233636 0.037050 1
233643 0.000000 0
233650 0.000000 0
233658 0.061140 1
233666 0.000000 0
233674 0.000000 0
233681 0.051670 1
233688 0.000000 0
233696 0.000000 0
233703 0.038470 1
233711 0.000000 0
233718 0.000000 0
233726 0.022100 1
233733 0.000000 0
233740 0.000000 0
233748 0.029480 1
233756 0.000000 0
233764 0.000000 0
233771 0.040960 1
233778 0.000000 0
233786 0.000000 0
233793 0.060380 1
233802 0.000000 0
233810 0.000000 0
233817 0.041340 1
233823 0.000000 0
233830 0.000000 0
233838 0.045210 1
233847 0.000000 0
233854 0.000000 0
233862 0.036220 1
233869 0.000000 0
233876 0.000000 0
233884 0.060260 1
233891 0.000000 0
233898 0.000000 0
233906 0.058320 1
233913 0.000000 0
233920 0.000000 0
233928 0.040770 1
233936 0.000000 0
233944 0.000000 0
233951 0.029740 1
233958 0.000000 0
233966 0.000000 0
233973 0.024380 1
233981 0.000000 0
233988 0.000000 0
233996 0.045380 1
234003 0.000000 0
234010 0.000000 0
234018 0.047990 1
234026 0.000000 0
234034 0.000000 0
234041 0.044880 1
234050 0.000000 0
234058 0.000000 0
234065 0.040590 1
234072 0.000000 0
234080 0.000000 0
234087 0.039440 1
234095 0.000000 0
234102 0.000000 0
234110 0.034040 1
234117 0.000000 0
234124 0.000000 0
234132 0.051380 1
234138 0.000000 0
234146 0.000000 0
234153 0.050630 1
234161 0.000000 0
234168 0.000000 0
234176 0.027340 1
234185 0.000000 0
234192 0.000000 0
234200 0.040960 1
234206 0.000000 0
234214 0.000000 0
234221 0.045550 1
234228 0.000000 0
234236 0.000000 0
234243 0.060000 1
234251 0.000000 0
234258 0.000000 0
234266 0.052980 1
234273 0.000000 0
234280 0.000000 0
234288 0.038270 1
234297 0.000000 0
234304 0.000000 0
234312 0.020290 1
234318 0.000000 0
234326 0.000000 0
234333 0.027340 1
234341 0.000000 0
234348 0.000000 0
234356 0.062610 1
234363 0.000000 0
234370 0.000000 0
234378 0.052690 1
234386 0.000000 0
234394 0.000000 0
234401 0.034040 1
234408 0.000000 0
234416 0.000000 0
234423 0.021390 1
234431 0.000000 0
234438 0.000000 0
234446 0.021390 1
234453 0.000000 0
234460 0.000000 0
234468 0.070740 1
234476 0.000000 0
234484 0.000000 0
234491 0.072650 1
234499 0.000000 0
234506 0.000000 0
234514 0.047670 1
234521 0.000000 0
234528 0.000000 0
234536 0.031970 1
234544 0.000000 0
234552 0.000000 0
234559 0.027050 1
234566 0.000000 0
234574 0.000000 0
234581 0.069760 1
234590 0.000000 0
234598 0.000000 0
234605 0.071920 1
234611 0.000000 0
234618 0.000000 0
234626 0.042600 1
234635 0.000000 0
234642 0.000000 0
234650 0.027890 1
234656 0.000000 0
234664 0.000000 0
234671 0.032910 1
234680 0.000000 0
234688 0.000000 0
234695 0.041340 1
234701 0.000000 0
234708 0.000000 0
234716 0.055650 1
234725 0.000000 0
234732 0.000000 0
234740 0.054120 1
234746 0.000000 0
234754 0.000000 0
234761 0.036640 1
234770 0.000000 0
234778 0.000000 0
234785 0.023760 1
234791 0.000000 0
234798 0.000000 0
234806 0.053270 1
234815 0.000000 0
234822 0.000000 0
234830 0.071060 1
234836 0.000000 0
234844 0.000000 0
234851 0.068330 1
234859 0.000000 0
234866 0.000000 0
234874 0.034710 1
234881 0.000000 0
234888 0.000000 0
234896 0.018310 1
234904 0.000000 0
234912 0.000000 0
234919 0.045880 1
234926 0.000000 0
234934 0.000000 0
234941 0.070630 1
234949 0.000000 0
234956 0.000000 0
234964 0.067200 1
234971 0.000000 0
234978 0.000000 0
234986 0.044710 1
234994 0.000000 0
235002 0.000000 0
235009 0.021030 1
235016 0.000000 0
235024 0.000000 0
235031 0.021740 1
235039 0.000000 0
235046 0.000000 0
235054 0.054400 1
235061 0.000000 0
235068 0.000000 0
235076 0.061390 1
235084 0.000000 0
235092 0.000000 0
235099 0.039640 1
235106 0.000000 0
235114 0.000000 0
235121 0.028700 1
235129 0.000000 0
235136 0.000000 0
235144 0.044360 1
235151 0.000000 0
235158 0.000000 0
235166 0.069110 1
235174 0.000000 0
235182 0.000000 0
235189 0.054540 1
235196 0.000000 0
235204 0.000000 0
235211 0.040410 1
235219 0.000000 0
235226 0.000000 0
235234 0.051220 1
235241 0.000000 0
235248 0.000000 0
235256 0.047840 1
235264 0.000000 0
235272 0.000000 0
235279 0.032440 1
235286 0.000000 0
235294 0.000000 0
235301 0.023760 1
235309 0.000000 0
235316 0.000000 0
235324 0.039640 1
235331 0.000000 0
235338 0.000000 0
235346 0.039830 1
235355 0.000000 0
235362 0.000000 0
235370 0.038070 1
235376 0.000000 0
235384 0.000000 0
235391 0.030750 1
235399 0.000000 0
235406 0.000000 0
235414 0.039640 1
235421 0.000000 0
235428 0.000000 0
235436 0.038860 1
235445 0.000000 0
235452 0.000000 0
235460 0.034490 1
235466 0.000000 0
235474 0.000000 0
235481 0.024700 1
235489 0.000000 0
235496 0.000000 0
235504 0.032210 1
235512 0.000000 0
235520 0.000000 0
235527 0.091100 1
235534 0.000000 0
235542 0.000000 0
235549 0.086020 1
235556 0.000000 0
235564 0.000000 0
235571 0.057130 1
235579 0.000000 0
235586 0.000000 0
235594 0.060500 1
235601 0.000000 0
235608 0.000000 0
235616 0.056200 1
235624 0.000000 0
235632 0.000000 0
235639 0.052550 1
235646 0.000000 0
235654 0.000000 0
235661 0.053120 1
235669 0.000000 0
235676 0.000000 0
235684 0.043670 1
235691 0.000000 0
235698 0.000000 0
235706 0.037460 1
235714 0.000000 0
235722 0.000000 0
235729 0.035800 1
235736 0.000000 0
235744 0.000000 0
235751 0.050780 1
235759 0.000000 0
235766 0.000000 0
235774 0.043490 1
235781 0.000000 0
235788 0.000000 0
235796 0.018310 1
235804 0.000000 0
235812 0.000000 0
235819 0.010330 1
235826 0.000000 0
235834 0.000000 0
235841 0.017900 1
235849 0.000000 0
235856 0.000000 0
235864 0.003910 0
235871 0.000000 0
235878 0.000000 0
235886 0.012340 0
235894 0.000000 0
235902 0.000000 0
235909 0.014600 0
235916 0.000000 0
235924 0.000000 0
235931 0.016570 0
235939 0.000000 0
235946 0.000000 0
235954 0.021030 0
235961 0.000000 0
235968 0.000000 0
235976 0.203190 0
235984 0.000000 0
235992 0.000000 0
235999 0.159960 0
236006 0.000000 0
236014 0.000000 0
236021 0.156630 0
236029 0.000000 0
236036 0.000000 0
236044 0.153630 0
236051 0.000000 0
236058 0.000000 0
236066 0.146520 0
236074 0.000000 0
236082 0.000000 0
236089 0.108950 0
236096 0.000000 0
236104 0.000000 0
236111 0.094710 0
236120 0.000000 0
236128 0.000000 0
236135 0.058200 0
236141 0.000000 0
236148 0.000000 0
236156 0.040410 0
236165 0.000000 0
236172 0.000000 0
236180 0.041890 0
236186 0.000000 0
236194 0.000000 0
236201 0.055650 0
236209 0.000000 0
236216 0.000000 0
236224 0.084760 0
236231 0.000000 0
236238 0.000000 0
236246 0.083220 0
236254 0.000000 0
236262 0.000000 0
236269 0.061390 0
236276 0.000000 0
236284 0.000000 0
236291 0.044190 0
236300 0.000000 0
236308 0.000000 0
236315 0.040020 0
236321 0.000000 0
236328 0.000000 0
236336 0.036010 0
236345 0.000000 0
236352 0.000000 0
236360 0.046220 0
236366 0.000000 0
236374 0.000000 0
236381 0.046050 0
236389 0.000000 0
236396 0.000000 0
236404 0.040960 0
236412 0.000000 0
236420 0.000000 0
236427 0.037050 0
236434 0.000000 0
236442 0.000000 0
236449 0.033830 0
236456 0.000000 0
236464 0.000000 0
236471 0.063710 0
236479 0.000000 0
236486 0.000000 0
236494 0.085040 0
236502 0.000000 0
236510 0.000000 0
236517 0.067310 0
236524 0.000000 0
236532 0.000000 0
236539 0.035800 0
236548 0.000000 0
236556 0.000000 0
236563 0.050480 0
236569 0.000000 0
236576 0.000000 0
236584 0.080700 0
236593 0.000000 0
236600 0.000000 0
236608 0.081830 0
236614 0.000000 0
236622 0.000000 0
236629 0.069660 0
236637 0.000000 0
236644 0.000000 0
236652 0.055510 0
236659 0.000000 0
236666 0.000000 0
236674 0.061010 0
236682 0.000000 0
236690 0.000000 0
236697 0.050480 0
236704 0.000000 0
236712 0.000000 0
236719 0.042970 0
236727 0.000000 0
236734 0.000000 0
236742 0.044530 0
236749 0.000000 0
236756 0.000000 0
236764 0.066160 0
236772 0.000000 0
236780 0.000000 0
236787 0.048940 0
236794 0.000000 0
236802 0.000000 0
236809 0.053830 0
236816 0.000000 0
236824 0.000000 0
236831 0.070420 0
236838 0.000000 0
236846 0.000000 0
236853 0.053830 0
236861 0.000000 0
236868 0.000000 0
236876 0.064880 0
236883 0.000000 0
236890 0.000000 0
236898 0.057800 0
236907 0.000000 0
236914 0.000000 0
236922 0.040770 0
236928 0.000000 0
236936 0.000000 0
236943 0.034490 0
236951 0.000000 0
236958 0.000000 0
236966 0.032670 0
236973 0.000000 0
236980 0.000000 0
236988 0.019910 0
236996 0.000000 0
237004 0.000000 0
237011 0.031250 0
237018 0.000000 0
237026 0.000000 0
237033 0.027050 0
237042 0.000000 0
237050 0.000000 0
237057 0.045880 0
237064 0.000000 0
237072 0.000000 0
237079 0.057270 0
237087 0.000000 0
237094 0.000000 0
237102 0.054960 0
237109 0.000000 0
237116 0.000000 0
237124 0.099430 0
237132 0.000000 0
237140 0.000000 0
237147 0.103560 0
237153 0.000000 0
237160 0.000000 0
237168 0.090590 0
237176 0.000000 0
237184 0.000000 0
237191 0.126450 0
237198 0.000000 0
237206 0.000000 0
237213 0.081380 0
237221 0.000000 0
237228 0.000000 0
237236 0.020660 0
237243 0.000000 0
237250 0.000000 0
237258 0.003910 0
237267 0.000000 0
237274 0.000000 0
237282 0.006760 0
237288 0.000000 0
237296 0.000000 0
237303 0.009570 0
237312 0.000000 0
237320 0.000000 0
237327 0.010330 0
237334 0.000000 0
237342 0.000000 0
237349 0.006760 0
237356 0.000000 0
237364 0.000000 0
237371 0.011720 0
237379 0.000000 0
237386 0.000000 0
237394 0.011720 0
237402 0.000000 0
237410 0.000000 0
237417 0.022770 0
237424 0.000000 0
237432 0.000000 0
237439 0.024380 0
237446 0.000000 0
237454 0.000000 0
237461 0.019530 0
237469 0.000000 0
237476 0.000000 0
237484 0.035160 0
237491 0.000000 0
237498 0.000000 0
237506 0.065930 0
237514 0.000000 0
237522 0.000000 0
237529 0.095840 0
237536 0.000000 0
237544 0.000000 0
237551 0.113070 0
237559 0.000000 0
237566 0.000000 0
237574 0.099810 0
237583 0.000000 0
237590 0.000000 0
237598 0.113620 0
237604 0.000000 0
237612 0.000000 0
237619 0.153540 0
237627 0.000000 0
237634 0.000000 0
237642 0.187240 0
237650 0.000000 0
237658 0.000000 0
237665 0.148070 0
237672 0.000000 0
237680 0.000000 0
237687 0.116990 0
237695 0.000000 0
237702 0.000000 0
237710 0.069980 0
237716 0.000000 0
237724 0.000000 0
237731 0.037460 0
237740 0.000000 0
237748 0.000000 0
237755 0.036220 0
237762 0.000000 0
237770 0.000000 0
237777 0.005520 0
237785 0.000000 0
237792 0.000000 0
237800 0.005520 0
237807 0.000000 0
237814 0.000000 0
237822 0.003910 0
237830 0.000000 0
237838 0.000000 0
237845 0.019130 0
237852 0.000000 0
237860 0.000000 0
237867 0.168000 0
237875 0.000000 0
237882 0.000000 0
237890 0.055920 0
237897 0.000000 0
237904 0.000000 0
237912 0.026490 0
237920 0.000000 0
237928 0.000000 0
237935 0.024700 0
237942 0.000000 0
237950 0.000000 0
237957 0.036850 0
237965 0.000000 0
237972 0.000000 0
237980 0.118990 0
237987 0.000000 0
237994 0.000000 0
238002 0.088640 0
238010 0.000000 0
238018 0.000000 0
238025 0.094470 0
238032 0.000000 0
238040 0.000000 0
238047 0.087770 0
238055 0.000000 0
238062 0.000000 0
238070 0.086460 0
238077 0.000000 0
238084 0.000000 0
238092 0.134920 0
238100 0.000000 0
238108 0.000000 0
238115 0.145160 0
238122 0.000000 0
238130 0.000000 0
238137 0.145370 0
238145 0.000000 0
238152 0.000000 0
238160 0.078220 0
238166 0.000000 0
238174 0.000000 0
238181 0.060000 0
238188 0.000000 0
238196 0.000000 0
238203 0.013520 0
238211 0.000000 0
238218 0.000000 0
238226 0.008730 0
238235 0.000000 0
238242 0.000000 0
238250 0.073490 0
238256 0.000000 0
238264 0.000000 0
238271 0.046220 0
238280 0.000000 0
238288 0.000000 0
238295 0.007810 0
238301 0.000000 0
238308 0.000000 0
238316 0.015630 0
238325 0.000000 0
238332 0.000000 0
238340 0.033370 0
238346 0.000000 0
238354 0.000000 0
238361 0.043140 0
238370 0.000000 0
238378 0.000000 0
238385 0.024080 0
238391 0.000000 0
238398 0.000000 0
238406 0.143570 0
238414 0.000000 0
238422 0.000000 0
238429 0.122090 0
238436 0.000000 0
238444 0.000000 0
238451 0.053560 0
238460 0.000000 0
238468 0.000000 0
238475 0.069760 0
238481 0.000000 0
238488 0.000000 0
238496 0.089330 0
238504 0.000000 0
238512 0.000000 0
238519 0.099350 0
238526 0.000000 0
238534 0.000000 0
238541 0.079180 0
238549 0.000000 0
238556 0.000000 0
238564 0.166280 0
238571 0.000000 0
238578 0.000000 0
238586 0.155900 0
238594 0.000000 0
238602 0.000000 0
238609 0.151740 0
238616 0.000000 0
238624 0.000000 0
238631 0.093340 0
238639 0.000000 0
238646 0.000000 0
238654 0.040210 0
238661 0.000000 0
238668 0.000000 0
238676 0.012950 0
238684 0.000000 0
238692 0.000000 0
238699 0.006760 0
238706 0.000000 0
238714 0.000000 0
238721 0.008730 0
238729 0.000000 0
238736 0.000000 0
238744 0.007810 0
238751 0.000000 0
238758 0.000000 0
238766 0.017010 0
238774 0.000000 0
238782 0.000000 0
238789 0.162710 0
238797 0.000000 0
238804 0.000000 0
238812 0.145940 0
238819 0.000000 0
238826 0.000000 0
238834 0.033600 0
238841 0.000000 0
238848 0.000000 0
238856 0.016570 0
238864 0.000000 0
238872 0.000000 0
238879 0.020660 0
238886 0.000000 0
238894 0.000000 0
238901 0.037870 0
238909 0.000000 0
238916 0.000000 0
238924 0.121900 0
238931 0.000000 0
238938 0.000000 0
238946 0.089330 0
238954 0.000000 0
238962 0.000000 0
238969 0.083860 0
238976 0.000000 0
238984 0.000000 0
238991 0.101410 0
238999 0.000000 0
239006 0.000000 0
239014 0.063100 0
239021 0.000000 0
239028 0.000000 0
239036 0.156630 0
239044 0.000000 0
239052 0.000000 0
239059 0.154020 0
239066 0.000000 0
239074 0.000000 0
239081 0.157660 0
239089 0.000000 0
239096 0.000000 0
239104 0.082220 0
239111 0.000000 0
239118 0.000000 0
239126 0.031250 0
239134 0.000000 0
239142 0.000000 0
239149 0.008730 0
239156 0.000000 0
239164 0.000000 0
239171 0.011720 0
239179 0.000000 0
239186 0.000000 0
239194 0.006760 0
239201 0.000000 0
239208 0.000000 0
239216 0.005520 0
239224 0.000000 0
239232 0.000000 0
239239 0.009570 0
239246 0.000000 0
239254 0.000000 0
239261 0.150530 0
239269 0.000000 0
239276 0.000000 0
239284 0.137210 0
239291 0.000000 0
239298 0.000000 0
239306 0.046050 0
239314 0.000000 0
239322 0.000000 0
239329 0.018310 0
239336 0.000000 0
239344 0.000000 0
239351 0.017010 0
239359 0.000000 0
239366 0.000000 0
239374 0.035370 0
239382 0.000000 0
239390 0.000000 0
239397 0.079760 0
239404 0.000000 0
239412 0.000000 0
239419 0.102970 0
239426 0.000000 0
239434 0.000000 0
239441 0.110890 0
239449 0.000000 0
239456 0.000000 0
239464 0.114410 0
239471 0.000000 0
239478 0.000000 0
239486 0.050320 0
239494 0.000000 0
239502 0.000000 0
239509 0.179550 0
239517 0.000000 0
239524 0.000000 0
239532 0.151930 0
239539 0.000000 0
239546 0.000000 0
239554 0.135820 0
239561 0.000000 0
239568 0.000000 0
239576 0.083130 0
239584 0.000000 0
239592 0.000000 0
239599 0.037050 0
239606 0.000000 0
239614 0.000000 0
239621 0.034040 0
239629 0.000000 0
239636 0.000000 0
239644 0.014080 0
239651 0.000000 0
239658 0.000000 0
239666 0.006760 0
239675 0.000000 0
239682 0.000000 0
239690 0.011720 0
239696 0.000000 0
239704 0.000000 0
239711 0.019130 0
239719 0.000000 0
239726 0.000000 0
239734 0.163360 0
239741 0.000000 0
239748 0.000000 0
239756 0.090520 0
239764 0.000000 0
239772 0.000000 0
239779 0.024700 0
239786 0.000000 0
239794 0.000000 0
239801 0.022430 0
239809 0.000000 0
239816 0.000000 0
239824 0.026200 0
239831 0.000000 0
239838 0.000000 0
239846 0.116140 0
239854 0.000000 0
239862 0.000000 0
239869 0.097490 0
239876 0.000000 0
239884 0.000000 0
239891 0.098970 0
239899 0.000000 0
239906 0.000000 0
239914 0.090760 0
239921 0.000000 0
239928 0.000000 0
239936 0.093750 0
239944 0.000000 0
239952 0.000000 0
239959 0.130020 0
239966 0.000000 0
239974 0.000000 0
239981 0.145890 0
239989 0.000000 0
239996 0.000000 0
240004 0.143940 0
240011 0.000000 0
240018 0.000000 0
240026 0.109380 0
240034 0.000000 0
240042 0.000000 0
240049 0.059490 0
240056 0.000000 0
240064 0.000000 0
240071 0.015630 0
240079 0.000000 0
240086 0.000000 0
240094 0.005520 0
240101 0.000000 0
240108 0.000000 0
240116 0.055100 0
240124 0.000000 0
240132 0.000000 0
240139 0.062500 0
240146 0.000000 0
240154 0.000000 0
240161 0.015630 0
240169 0.000000 0
240176 0.000000 0
240184 0.016100 0
240192 0.000000 0
240200 0.000000 0
240207 0.032670 0
240214 0.000000 0
240222 0.000000 0
240229 0.048460 0
240236 0.000000 0
240244 0.000000 0
240251 0.045550 0
240259 0.000000 0
240266 0.000000 0
240274 0.159490 0
240281 0.000000 0
240288 0.000000 0
240296 0.136260 0
240304 0.000000 0
240312 0.000000 0
240319 0.044010 0
240326 0.000000 0
240334 0.000000 0
240341 0.055790 0
240349 0.000000 0
240356 0.000000 0
240364 0.095430 0
240371 0.000000 0
240378 0.000000 0
240386 0.090760 0
240394 0.000000 0
240402 0.000000 0
240409 0.095430 0
240416 0.000000 0
240424 0.000000 0
240431 0.096540 0
240440 0.000000 0
240448 0.000000 0
240455 0.163360 0
240461 0.000000 0
240468 0.000000 0
240476 0.142020 0
240485 0.000000 0
240492 0.000000 0
240500 0.114080 0
240506 0.000000 0
240514 0.000000 0
240521 0.055790 0
240529 0.000000 0
240536 0.000000 0
240544 0.027620 0
240551 0.000000 0
240558 0.000000 0
240566 0.007810 0
240574 0.000000 0
240582 0.000000 0
240589 0.003910 0
240596 0.000000 0
240604 0.000000 0
240611 0.000000 0
240619 0.000000 0
240626 0.000000 0
240634 0.011050 0
240641 0.000000 0
240648 0.000000 0
240656 0.036220 0
240664 0.000000 0
240672 0.000000 0
240679 0.153290 0
240686 0.000000 0
240694 0.000000 0
240701 0.069660 0
240710 0.000000 0
240718 0.000000 0
240725 0.023760 0
240731 0.000000 0
240738 0.000000 0
240746 0.027050 0
240754 0.000000 0
240762 0.000000 0
240769 0.031480 0
240776 0.000000 0
240784 0.000000 0
240791 0.048940 0
240799 0.000000 0
240806 0.000000 0
240814 0.096470 0
240821 0.000000 0
240828 0.000000 0
240836 0.113210 0
240844 0.000000 0
240852 0.000000 0
240859 0.102830 0
240866 0.000000 0
240874 0.000000 0
240881 0.102750 0
240889 0.000000 0
240896 0.000000 0
240904 0.132300 0
240911 0.000000 0
240918 0.000000 0
240926 0.151080 0
240934 0.000000 0
240942 0.000000 0
240949 0.142780 0
240956 0.000000 0
240964 0.000000 0
240971 0.084230 0
240979 0.000000 0
240986 0.000000 0
240994 0.052110 0
241001 0.000000 0
241008 0.000000 0
241016 0.011050 0
241024 0.000000 0
241032 0.000000 0
241039 0.007810 0
241046 0.000000 0
241054 0.000000 0
241061 0.005520 0
241069 0.000000 0
241076 0.000000 0
241084 0.005520 0
241091 0.000000 0
241098 0.000000 0
241106 0.003910 0
241114 0.000000 0
241122 0.000000 0
241129 0.075440 0
241136 0.000000 0
241144 0.000000 0
241151 0.145530 0
241159 0.000000 0
241166 0.000000 0
241174 0.064300 0
241181 0.000000 0
241188 0.000000 0
241196 0.027890 0
241204 0.000000 0
241212 0.000000 0
241219 0.025910 0
241226 0.000000 0
241234 0.000000 0
241241 0.037660 0
241249 0.000000 0
241256 0.000000 0
241264 0.063100 0
241271 0.000000 0
241278 0.000000 0
241286 0.090260 0
241294 0.000000 0
241302 0.000000 0
241309 0.117050 0
241316 0.000000 0
241324 0.000000 0
241331 0.114890 0
241339 0.000000 0
241346 0.000000 0
241354 0.093170 0
241361 0.000000 0
241368 0.000000 0
241376 0.175080 0
241384 0.000000 0
241392 0.000000 0
241399 0.157750 0
241406 0.000000 0
241414 0.000000 0
241421 0.136160 0
241429 0.000000 0
241436 0.000000 0
241444 0.093830 0
241451 0.000000 0
241458 0.000000 0
241466 0.043840 0
241474 0.000000 0
241482 0.000000 0
241489 0.028700 0
241496 0.000000 0
241504 0.000000 0
241511 0.020660 0
241519 0.000000 0
241526 0.000000 0
241534 0.006760 0
241541 0.000000 0
241548 0.000000 0
241556 0.009570 0
241564 0.000000 0
241572 0.000000 0
241579 0.015630 0
241588 0.000000 0
241596 0.000000 0
241603 0.162620 0
241609 0.000000 0
241616 0.000000 0
241624 0.130310 0
241632 0.000000 0
241640 0.000000 0
241647 0.031250 0
241654 0.000000 0
241662 0.000000 0
241669 0.028960 0
241678 0.000000 0
241686 0.000000 0
241693 0.026200 0
241699 0.000000 0
241706 0.000000 0
241714 0.038470 0
241723 0.000000 0
241730 0.000000 0
241738 0.110060 0
241744 0.000000 0
241752 0.000000 0
241759 0.081280 0
241767 0.000000 0
241774 0.000000 0
241782 0.100420 0
241789 0.000000 0
241796 0.000000 0
241804 0.097730 0
241813 0.000000 0
241820 0.000000 0
241828 0.063340 0
241834 0.000000 0
241842 0.000000 0
241849 0.134520 0
241858 0.000000 0
241866 0.000000 0
241873 0.143250 0
241879 0.000000 0
241886 0.000000 0
241894 0.141760 0
241901 0.000000 0
241908 0.000000 0
241916 0.073080 0
241924 0.000000 0
241932 0.000000 0
241939 0.027890 0
241948 0.000000 0
241956 0.000000 0
241963 0.006760 0
241969 0.000000 0
241976 0.000000 0
241984 0.005520 0
241992 0.000000 0
242000 0.000000 0
242007 0.069660 0
242014 0.000000 0
242022 0.000000 0
242029 0.028960 0
242038 0.000000 0
242046 0.000000 0
242053 0.006760 0
242059 0.000000 0
242066 0.000000 0
242074 0.024080 0
242082 0.000000 0
242090 0.000000 0
242097 0.028700 0
242104 0.000000 0
242112 0.000000 0
242119 0.039060 0
242127 0.000000 0
242134 0.000000 0
242142 0.048310 0
242149 0.000000 0
242156 0.000000 0
242164 0.165160 0
242173 0.000000 0
242180 0.000000 0
242188 0.074530 0
242194 0.000000 0
242202 0.000000 0
242209 0.049870 0
242217 0.000000 0
242224 0.000000 0
242232 0.087160 0
242239 0.000000 0
242246 0.000000 0
242254 0.091020 0
242263 0.000000 0
242270 0.000000 0
242278 0.095600 0
242284 0.000000 0
242292 0.000000 0
242299 0.043140 0
242306 0.000000 0
242314 0.000000 0
242321 0.162570 0
242329 0.000000 0
242336 0.000000 0
242344 0.148940 0
242351 0.000000 0
242358 0.000000 0
242366 0.140350 0
242373 0.000000 0
242380 0.000000 0
242388 0.071060 0
242396 0.000000 0
242404 0.000000 0
242411 0.029220 0
242418 0.000000 0
242426 0.000000 0
242433 0.009570 0
242441 0.000000 0
242448 0.000000 0
242456 0.005520 0
242464 0.000000 0
242472 0.000000 0
242479 0.006760 0
242487 0.000000 0
242494 0.000000 0
242502 0.005520 0
242509 0.000000 0
242516 0.000000 0
242524 0.017010 0
242532 0.000000 0
242540 0.000000 0
242547 0.180960 0
242554 0.000000 0
242562 0.000000 0
242569 0.112460 0
242577 0.000000 0
242584 0.000000 0
242592 0.023760 0
242599 0.000000 0
242606 0.000000 0
242614 0.018310 0
242622 0.000000 0
242630 0.000000 0
242637 0.025310 0
242644 0.000000 0
242652 0.000000 0
242659 0.136770 0
242667 0.000000 0
242674 0.000000 0
242682 0.131430 0
242689 0.000000 0
242696 0.000000 0
242704 0.090930 0
242713 0.000000 0
242720 0.000000 0
242728 0.073790 0
242734 0.000000 0
242742 0.000000 0
242749 0.094880 0
242756 0.000000 0
242764 0.000000 0
242771 0.134970 0
242779 0.000000 0
242786 0.000000 0
242794 0.156440 0
242802 0.000000 0
242810 0.000000 0
242817 0.147450 0
242824 0.000000 0
242832 0.000000 0
242839 0.115540 0
242846 0.000000 0
242854 0.000000 0
242861 0.055100 0
242868 0.000000 0
242876 0.000000 0
242883 0.015630 0
242892 0.000000 0
242900 0.000000 0
242907 0.006760 0
242914 0.000000 0
242922 0.000000 0
242929 0.003910 0
242937 0.000000 0
242944 0.000000 0
242952 0.005520 0
242959 0.000000 0
242966 0.000000 0
242974 0.008730 0
242982 0.000000 0
242990 0.000000 0
242997 0.015630 0
243004 0.000000 0
243012 0.000000 0
243019 0.149460 0
243028 0.000000 0
243036 0.000000 0
243043 0.094390 0
243049 0.000000 0
243056 0.000000 0
243064 0.016570 0
243072 0.000000 0
243080 0.000000 0
243087 0.011720 0
243094 0.000000 0
243102 0.000000 0
243109 0.016570 0
243118 0.000000 0
243126 0.000000 0
243133 0.056060 0
243139 0.000000 0
243146 0.000000 0
243154 0.079380 0
243163 0.000000 0
243170 0.000000 0
243178 0.113880 0
243184 0.000000 0
243192 0.000000 0
243199 0.104300 0
243208 0.000000 0
243216 0.000000 0
243223 0.115600 0
243229 0.000000 0
243236 0.000000 0
243244 0.142400 0
243253 0.000000 0
243260 0.000000 0
243268 0.175170 0
243274 0.000000 0
243282 0.000000 0
243289 0.146620 0
243298 0.000000 0
243306 0.000000 0
243313 0.108670 0
243319 0.000000 0
243326 0.000000 0
243334 0.059750 0
243343 0.000000 0
243350 0.000000 0
243358 0.028960 0
243364 0.000000 0
243372 0.000000 0
243379 0.034040 0
243387 0.000000 0
243394 0.000000 0
243402 0.008730 0
243409 0.000000 0
243416 0.000000 0
243424 0.000000 0
243432 0.000000 0
243440 0.000000 0
243447 0.006760 0
243454 0.000000 0
243462 0.000000 0
243469 0.019130 0
243478 0.000000 0
243486 0.000000 0
243493 0.163820 0
243499 0.000000 0
243506 0.000000 0
243514 0.044880 0
243523 0.000000 0
243530 0.000000 0
243538 0.030500 0
243544 0.000000 0
243552 0.000000 0
243559 0.023440 0
243567 0.000000 0
243574 0.000000 0
243582 0.032670 0
243589 0.000000 0
243596 0.000000 0
243604 0.116080 0
243612 0.000000 0
243620 0.000000 0
243627 0.087340 0
243634 0.000000 0
243642 0.000000 0
243649 0.099350 0
243657 0.000000 0
243664 0.000000 0
243672 0.085040 0
243679 0.000000 0
243686 0.000000 0
243694 0.092270 0
243702 0.000000 0
243710 0.000000 0
243717 0.148030 0
243724 0.000000 0
243732 0.000000 0
243739 0.143100 0
243746 0.000000 0
243754 0.000000 0
243761 0.147660 0
243768 0.000000 0
243776 0.000000 0
243783 0.079850 0
243791 0.000000 0
243798 0.000000 0
243806 0.052550 0
243813 0.000000 0
243820 0.000000 0
243828 0.016100 0
243836 0.000000 0
243844 0.000000 0
243851 0.007810 0
243858 0.000000 0
243866 0.000000 0
243873 0.060380 0
243881 0.000000 0
243888 0.000000 0
243896 0.044710 0
243904 0.000000 0
243912 0.000000 0
243919 0.006760 0
243927 0.000000 0
243934 0.000000 0
243942 0.019910 0
243949 0.000000 0
243956 0.000000 0
243964 0.034930 0
243971 0.000000 0
243978 0.000000 0
243986 0.043670 0
243994 0.000000 0
244002 0.000000 0
244009 0.031970 0
244017 0.000000 0
244024 0.000000 0
244032 0.170630 0
244039 0.000000 0
244046 0.000000 0
244054 0.120130 0
244063 0.000000 0
244070 0.000000 0
244078 0.045040 0
244084 0.000000 0
244092 0.000000 0
244099 0.066060 0
244108 0.000000 0
244116 0.000000 0
244123 0.095030 0
244129 0.000000 0
244136 0.000000 0
244144 0.096240 0
244152 0.000000 0
244160 0.000000 0
244167 0.077620 0
244175 0.000000 0
244182 0.000000 0
244190 0.170440 0
244197 0.000000 0
244204 0.000000 0
244212 0.172930 0
244220 0.000000 0
244228 0.000000 0
244235 0.180360 0
244241 0.000000 0
244248 0.000000 0
244256 0.096470 0
244263 0.000000 0
244270 0.000000 0
244278 0.040020 0
244286 0.000000 0
244294 0.000000 0
244301 0.019910 0
244310 0.000000 0
244318 0.000000 0
244325 0.019130 0
244332 0.000000 0
244340 0.000000 0
244347 0.024380 0
244355 0.000000 0
244362 0.000000 0
244370 0.028430 0
244377 0.000000 0
244384 0.000000 0
244392 0.034490 0
244400 0.000000 0
244408 0.000000 0
244415 0.051960 0
244422 0.000000 0
244430 0.000000 0
244437 0.044360 0
244445 0.000000 0
244452 0.000000 0
244460 0.036850 0
244467 0.000000 0
244474 0.000000 0
244482 0.039440 0
244490 0.000000 0
244498 0.000000 0
244505 0.037260 0
244511 0.000000 0
244518 0.000000 0
244526 0.041700 0
244535 0.000000 0
244542 0.000000 0
244550 0.052690 0
244557 0.000000 0
244564 0.000000 0
244572 0.069660 0
244580 0.000000 0
244588 0.000000 0
244595 0.071700 0
244602 0.000000 0
244610 0.000000 0
244617 0.092100 0
244625 0.000000 0
244632 0.000000 0
244640 0.065930 0
244647 0.000000 0
244654 0.000000 0
244662 0.108950 0
244670 0.000000 0
244678 0.000000 0
244685 0.108670 0
244692 0.000000 0
244700 0.000000 0
244707 0.111160 0
244715 0.000000 0
244722 0.000000 0
244730 0.063830 0
244737 0.000000 0
244744 0.000000 0
244752 0.027620 0
244760 0.000000 0
244768 0.000000 0
244775 0.007810 0
244781 0.000000 0
244788 0.000000 0
244796 0.008730 0
244805 0.000000 0
244812 0.000000 0
244820 0.007810 0
244827 0.000000 0
244834 0.000000 0
244842 0.005520 0
244850 0.000000 0
244858 0.000000 0
244865 0.011720 0
244872 0.000000 0
244880 0.000000 0
244887 0.149770 0
244895 0.000000 0
244902 0.000000 0
244910 0.137160 0
244917 0.000000 0
244924 0.000000 0
244932 0.042790 0
244940 0.000000 0
244948 0.000000 0
244955 0.017010 0
244962 0.000000 0
244970 0.000000 0
244977 0.021740 0
244985 0.000000 0
244992 0.000000 0
245000 0.039830 0
245007 0.000000 0
245014 0.000000 0
245022 0.077130 0
245030 0.000000 0
245038 0.000000 0
245045 0.107550 0
245052 0.000000 0
245060 0.000000 0
245067 0.115600 0
245075 0.000000 0
245082 0.000000 0
245090 0.118610 0
245097 0.000000 0
245104 0.000000 0
245112 0.058200 0
245120 0.000000 0
245128 0.000000 0
245135 0.183670 0
245142 0.000000 0
245150 0.000000 0
245157 0.163590 0
245165 0.000000 0
245172 0.000000 0
245180 0.134290 0
245187 0.000000 0
245194 0.000000 0
245202 0.071170 0
245210 0.000000 0
245218 0.000000 0
245225 0.039060 0
245232 0.000000 0
245240 0.000000 0
245247 0.032210 0
245255 0.000000 0
245262 0.000000 0
245270 0.013520 0
245277 0.000000 0
245284 0.000000 0
245292 0.006760 0
245300 0.000000 0
245308 0.000000 0
245315 0.008730 0
245322 0.000000 0
245330 0.000000 0
245337 0.015630 0
245345 0.000000 0
245352 0.000000 0
245360 0.168550 0
245367 0.000000 0
245374 0.000000 0
245382 0.092590 0
245390 0.000000 0
245398 0.000000 0
245405 0.031480 0
245412 0.000000 0
245420 0.000000 0
245427 0.024080 0
245435 0.000000 0
245442 0.000000 0
245450 0.035800 0
245457 0.000000 0
245464 0.000000 0
245472 0.121520 0
245480 0.000000 0
245488 0.000000 0
245495 0.100880 0
245502 0.000000 0
245510 0.000000 0
245517 0.100040 0
245525 0.000000 0
245532 0.000000 0
245540 0.092180 0
245547 0.000000 0
245554 0.000000 0
245562 0.085660 0
245570 0.000000 0
245578 0.000000 0
245585 0.132230 0
245592 0.000000 0
245600 0.000000 0
245607 0.144730 0
245615 0.000000 0
245622 0.000000 0
245630 0.141970 0
245636 0.000000 0
245644 0.000000 0
245651 0.110340 0
245658 0.000000 0
245666 0.000000 0
245673 0.059100 0
245682 0.000000 0
245690 0.000000 0
245697 0.028700 0
245703 0.000000 0
245710 0.000000 0
245718 0.007810 0
245726 0.000000 0
245734 0.000000 0
245741 0.056340 0
245749 0.000000 0
245756 0.000000 0
245764 0.065710 0
245772 0.000000 0
245780 0.000000 0
245787 0.015120 0
245794 0.000000 0
245802 0.000000 0
245809 0.011050 0
245817 0.000000 0
245824 0.000000 0
245832 0.030990 0
245840 0.000000 0
245848 0.000000 0
245855 0.049560 0
245861 0.000000 0
245868 0.000000 0
245876 0.037260 0
245884 0.000000 0
245892 0.000000 0
245899 0.164800 0
245906 0.000000 0
245914 0.000000 0
245921 0.139970 0
245929 0.000000 0
245936 0.000000 0
245944 0.044360 0
245951 0.000000 0
245958 0.000000 0
245966 0.056870 0
245974 0.000000 0
245982 0.000000 0
245989 0.094640 0
245996 0.000000 0
246004 0.000000 0
246011 0.079000 0
246019 0.000000 0
246026 0.000000 0
246034 0.096790 0
246041 0.000000 0
246048 0.000000 0
246056 0.100880 0
246064 0.000000 0
246072 0.000000 0
246079 0.165680 0
246086 0.000000 0
246094 0.000000 0
246101 0.148440 0
246109 0.000000 0
246116 0.000000 0
246124 0.109710 0
246131 0.000000 0
246138 0.000000 0
246146 0.050920 0
246154 0.000000 0
246162 0.000000 0
246169 0.021740 0
246176 0.000000 0
246184 0.000000 0
246191 0.006760 0
246199 0.000000 0
246206 0.000000 0
246214 0.005520 0
246221 0.000000 0
246228 0.000000 0
246236 0.005520 0
246244 0.000000 0
246252 0.000000 0
246259 0.005520 0
246266 0.000000 0
246274 0.000000 0
246281 0.034930 0
246290 0.000000 0
246298 0.000000 0
246305 0.173820 0
246311 0.000000 0
246318 0.000000 0
246326 0.068440 0
246334 0.000000 0
246342 0.000000 0
246349 0.020660 0
246356 0.000000 0
246364 0.000000 0
246371 0.013520 0
246379 0.000000 0
246386 0.000000 0
246394 0.025010 0
246401 0.000000 0
246408 0.000000 0
246416 0.125230 0
246424 0.000000 0
246432 0.000000 0
246439 0.092930 0
246446 0.000000 0
246454 0.000000 0
246461 0.086020 0
246469 0.000000 0
246476 0.000000 0
246484 0.097410 0
246491 0.000000 0
246498 0.000000 0
246506 0.090260 0
246514 0.000000 0
246522 0.000000 0
246529 0.138930 0
246536 0.000000 0
246544 0.000000 0
246551 0.162370 0
246560 0.000000 0
246568 0.000000 0
246575 0.147450 0
246582 0.000000 0
246590 0.000000 0
246597 0.092270 0
246604 0.000000 0
246612 0.000000 0
246619 0.056730 0
246626 0.000000 0
246634 0.000000 0
246641 0.016100 0
246649 0.000000 0
246656 0.000000 0
246664 0.007810 0
246671 0.000000 0
246678 0.000000 0
246686 0.003910 0
246694 0.000000 0
246702 0.000000 0
246709 0.000000 0
246716 0.000000 0
246724 0.000000 0
246731 0.005520 0
246739 0.000000 0
246746 0.000000 0
246754 0.049410 0
246761 0.000000 0
246768 0.000000 0
246776 0.142080 0
246784 0.000000 0
246792 0.000000 0
246799 0.070420 0
246806 0.000000 0
246814 0.000000 0
246821 0.019910 0
246829 0.000000 0
246836 0.000000 0
246844 0.019910 0
246851 0.000000 0
246858 0.000000 0
246866 0.029220 0
246874 0.000000 0
246882 0.000000 0
246889 0.062360 0
246896 0.000000 0
246904 0.000000 0
246911 0.088900 0
246919 0.000000 0
246926 0.000000 0
246934 0.110830 0
246941 0.000000 0
246948 0.000000 0
246956 0.110960 0
246964 0.000000 0
246972 0.000000 0
246979 0.091940 0
246986 0.000000 0
246994 0.000000 0
247001 0.176420 0
247009 0.000000 0
247016 0.000000 0
247024 0.165870 0
247031 0.000000 0
247038 0.000000 0
247046 0.147970 0
247054 0.000000 0
247062 0.000000 0
247069 0.096790 0
247076 0.000000 0
247084 0.000000 0
247091 0.046050 0
247099 0.000000 0
247106 0.000000 0
247114 0.034270 0
247121 0.000000 0
247128 0.000000 0
247136 0.024380 0
247144 0.000000 0
247152 0.000000 0
247159 0.007810 0
247166 0.000000 0
247174 0.000000 0
247181 0.006760 0
247189 0.000000 0
247196 0.000000 0
247204 0.016570 0
247211 0.000000 0
247218 0.000000 0
247226 0.166190 0
247234 0.000000 0
247242 0.000000 0
247249 0.130140 0
247256 0.000000 0
247264 0.000000 0
247271 0.028430 0
247279 0.000000 0
247286 0.000000 0
247294 0.019530 0
247302 0.000000 0
247310 0.000000 0
247317 0.022100 0
247324 0.000000 0
247332 0.000000 0
247339 0.041700 0
247346 0.000000 0
247354 0.000000 0
247361 0.112120 0
247369 0.000000 0
247376 0.000000 0
247384 0.083130 0
247391 0.000000 0
247398 0.000000 0
247406 0.099120 0
247414 0.000000 0
247422 0.000000 0
247429 0.091430 0
247436 0.000000 0
247444 0.000000 0
247451 0.051380 0
247459 0.000000 0
247466 0.000000 0
247474 0.143720 0
247481 0.000000 0
247488 0.000000 0
247496 0.145100 0
247504 0.000000 0
247512 0.000000 0
247519 0.149610 0
247526 0.000000 0
247534 0.000000 0
247541 0.074420 0
247549 0.000000 0
247556 0.000000 0
247564 0.032670 0
247571 0.000000 0
247578 0.000000 0
247586 0.008730 0
247594 0.000000 0
247602 0.000000 0
247609 0.008730 0
247616 0.000000 0
247624 0.000000 0
247631 0.064300 0
247639 0.000000 0
247646 0.000000 0
247654 0.029480 0
247661 0.000000 0
247668 0.000000 0
247676 0.005520 0
247684 0.000000 0
247692 0.000000 0
247699 0.029220 0
247706 0.000000 0
247714 0.000000 0
247721 0.041700 0
247730 0.000000 0
247738 0.000000 0
247745 0.048160 0
247751 0.000000 0
247758 0.000000 0
247766 0.043320 0
247774 0.000000 0
247782 0.000000 0
247789 0.161940 0
247796 0.000000 0
247804 0.000000 0
247811 0.073700 0
247819 0.000000 0
247826 0.000000 0
247834 0.046540 0
247841 0.000000 0
247848 0.000000 0
247856 0.087340 0
247864 0.000000 0
247872 0.000000 0
247879 0.087510 0
247886 0.000000 0
247894 0.000000 0
247901 0.098120 0
247909 0.000000 0
247916 0.000000 0
247924 0.043490 0
247931 0.000000 0
247938 0.000000 0
247946 0.171370 0
247954 0.000000 0
247962 0.000000 0
247969 0.148070 0
247976 0.000000 0
247984 0.000000 0
247991 0.137540 0
247999 0.000000 0
248006 0.000000 0
248014 0.073080 0
248021 0.000000 0
248028 0.000000 0
248036 0.032440 0
248044 0.000000 0
248052 0.000000 0
248059 0.011050 0
248066 0.000000 0
248074 0.000000 0
248081 0.005520 0
248089 0.000000 0
248096 0.000000 0
248104 0.009570 0
248111 0.000000 0
248118 0.000000 0
248126 0.007810 0
248134 0.000000 0
248142 0.000000 0
248149 0.019530 0
248156 0.000000 0
248164 0.000000 0
248171 0.152480 0
248179 0.000000 0
248186 0.000000 0
248194 0.096940 0
248201 0.000000 0
248208 0.000000 0
248216 0.029220 0
248224 0.000000 0
248232 0.000000 0
248239 0.034710 0
248246 0.000000 0
248254 0.000000 0
248261 0.034270 0
248269 0.000000 0
248276 0.000000 0
248284 0.044360 0
248291 0.000000 0
248298 0.000000 0
248306 0.082580 0
248314 0.000000 0
248322 0.000000 0
248329 0.104450 0
248336 0.000000 0
248344 0.000000 0
248351 0.092180 0
248359 0.000000 0
248366 0.000000 0
248374 0.101110 0
248381 0.000000 0
248388 0.000000 0
248396 0.130370 0
248404 0.000000 0
248412 0.000000 0
248419 0.153140 0
248426 0.000000 0
248434 0.000000 0
248441 0.142180 0
248449 0.000000 0
248456 0.000000 0
248464 0.107760 0
248471 0.000000 0
248478 0.000000 0
248486 0.060380 0
248494 0.000000 0
248502 0.000000 0
248509 0.018310 0
248516 0.000000 0
248524 0.000000 0
248531 0.009570 0
248539 0.000000 0
248546 0.000000 0
248554 0.005520 0
248561 0.000000 0
248568 0.000000 0
248576 0.011050 0
248585 0.000000 0
248592 0.000000 0
248600 0.007810 0
248606 0.000000 0
248614 0.000000 0
248621 0.014600 0
248629 0.000000 0
248636 0.000000 0
248644 0.147040 0
248651 0.000000 0
248658 0.000000 0
248666 0.093000 0
248674 0.000000 0
248682 0.000000 0
248689 0.028700 0
248696 0.000000 0
248704 0.000000 0
248711 0.025010 0
248719 0.000000 0
248726 0.000000 0
248734 0.022770 0
248741 0.000000 0
248748 0.000000 0
248756 0.047670 0
248764 0.000000 0
248772 0.000000 0
248779 0.074620 0
248786 0.000000 0
248794 0.000000 0
248801 0.115400 0
248809 0.000000 0
248816 0.000000 0
248824 0.102600 0
248831 0.000000 0
248838 0.000000 0
248846 0.120780 0
248854 0.000000 0
248862 0.000000 0
248869 0.140020 0
248876 0.000000 0
248884 0.000000 0
248891 0.177040 0
248900 0.000000 0
248908 0.000000 0
248915 0.138430 0
248921 0.000000 0
248928 0.000000 0
248936 0.099730 0
248944 0.000000 0
248952 0.000000 0
248959 0.059100 0
248966 0.000000 0
248974 0.000000 0
248981 0.026780 0
248989 0.000000 0
248996 0.000000 0
249004 0.030240 0
249011 0.000000 0
249018 0.000000 0
249026 0.005520 0
249034 0.000000 0
249042 0.000000 0
249049 0.006760 0
249056 0.000000 0
249064 0.000000 0
249071 0.010330 0
249079 0.000000 0
249086 0.000000 0
249094 0.021030 0
249102 0.000000 0
249110 0.000000 0
249117 0.162330 0
249124 0.000000 0
249132 0.000000 0
249139 0.055370 0
249146 0.000000 0
249154 0.000000 0
249161 0.025310 0
249169 0.000000 0
249176 0.000000 0
249184 0.029480 0
249191 0.000000 0
249198 0.000000 0
249206 0.032440 0
249214 0.000000 0
249222 0.000000 0
249229 0.104450 0
249236 0.000000 0
249244 0.000000 0
249251 0.082950 0
249259 0.000000 0
249266 0.000000 0
249274 0.098970 0
249281 0.000000 0
249288 0.000000 0
249296 0.093170 0
249304 0.000000 0
249312 0.000000 0
249319 0.091190 0
249326 0.000000 0
249334 0.000000 0
249341 0.124800 0
249349 0.000000 0
249356 0.000000 0
249364 0.139040 0
249371 0.000000 0
249378 0.000000 0
249386 0.139590 0
249394 0.000000 0
249402 0.000000 0
249409 0.076650 0
249416 0.000000 0
249424 0.000000 0
249431 0.050170 0
249439 0.000000 0
249446 0.000000 0
249454 0.014080 0
249461 0.000000 0
249468 0.000000 0
249476 0.007810 0
249484 0.000000 0
249492 0.000000 0
249499 0.065480 0
249506 0.000000 0
249514 0.000000 0
249521 0.048310 0
249529 0.000000 0
249536 0.000000 0
249544 0.020660 0
249551 0.000000 0
249558 0.000000 0
249566 0.024080 0
249574 0.000000 0
249582 0.000000 0
249589 0.030240 0
249596 0.000000 0
249604 0.000000 0
249611 0.035160 0
249619 0.000000 0
249626 0.000000 0
249634 0.058720 0
249641 0.000000 0
249648 0.000000 0
249656 0.135650 0
249664 0.000000 0
249672 0.000000 0
249679 0.098970 0
249686 0.000000 0
249694 0.000000 0
249701 0.055100 0
249709 0.000000 0
249716 0.000000 0
249724 0.069870 0
249731 0.000000 0
249738 0.000000 0
249746 0.074220 0
249754 0.000000 0
249762 0.000000 0
249769 0.094070 0
249776 0.000000 0
249784 0.000000 0
249791 0.076540 0
249799 0.000000 0
249806 0.000000 0
249814 0.124320 0
249821 0.000000 0
249828 0.000000 0
249836 0.125410 0
249844 0.000000 0
249852 0.000000 0
249859 0.131070 0
249866 0.000000 0
249874 0.000000 0
249881 0.088290 0
249889 0.000000 0
249896 0.000000 0
249904 0.041890 0
249911 0.000000 0
249918 0.000000 0
249926 0.025600 0
249934 0.000000 0
249942 0.000000 0
249949 0.022430 0
249956 0.000000 0
249964 0.000000 0
249971 0.025310 0
249979 0.000000 0
249986 0.000000 0
249994 0.024080 0
250001 0.000000 0
250008 0.000000 0
250016 0.035580 0
250024 0.000000 0
250032 0.000000 0
250039 0.079090 0
250046 0.000000 0
250054 0.000000 0
250061 0.079850 0
250070 0.000000 0
250078 0.000000 0
250085 0.027050 0
250091 0.000000 0
250098 0.000000 0
250106 0.036640 0
250114 0.000000 0
250122 0.000000 0
250129 0.041520 0
250136 0.000000 0
250144 0.000000 0
250151 0.043490 0
250159 0.000000 0
250166 0.000000 0
250174 0.100270 0
250181 0.000000 0
250188 0.000000 0
250196 0.061880 0
250204 0.000000 0
250212 0.000000 0
250219 0.050020 0
250226 0.000000 0
250234 0.000000 0
250241 0.066740 0
250249 0.000000 0
250256 0.000000 0
250264 0.053700 0
250271 0.000000 0
250278 0.000000 0
250286 0.087430 0
250294 0.000000 0
250302 0.000000 0
250309 0.096790 0
250316 0.000000 0
250324 0.000000 0
250331 0.085390 0
250340 0.000000 0
250348 0.000000 0
250355 0.084050 0
250362 0.000000 0
250370 0.000000 0
250377 0.077130 0
250384 0.000000 0
250392 0.000000 0
250399 0.072650 0
250407 0.000000 0
250414 0.000000 0
250422 0.071600 0
250429 0.000000 0
250436 0.000000 0
250444 0.050480 0
250452 0.000000 0
250460 0.000000 0
250467 0.038670 0
250474 0.000000 0
250482 0.000000 0
250489 0.033370 0
250497 0.000000 0
250504 0.000000 0
250512 0.045550 0
250519 0.000000 0
250526 0.000000 0
250534 0.027050 0
250542 0.000000 0
250550 0.000000 0
250557 0.026780 0
250564 0.000000 0
250572 0.000000 0
250579 0.034040 0
250588 0.000000 0
250596 0.000000 0
250603 0.034930 0
250609 0.000000 0
250616 0.000000 0
250624 0.027050 0
250633 0.000000 0
250640 0.000000 0
250648 0.079670 0
250654 0.000000 0
250662 0.000000 0
250669 0.079090 0
250678 0.000000 0
250686 0.000000 0
250693 0.080610 0
250699 0.000000 0
250706 0.000000 0
250714 0.086110 0
250722 0.000000 0
250730 0.000000 0
250737 0.084670 0
250744 0.000000 0
250752 0.000000 0
250759 0.060640 0
250768 0.000000 0
250776 0.000000 0
250783 0.043140 0
250789 0.000000 0
250796 0.000000 0
250804 0.034040 0
250811 0.000000 0
250818 0.000000 0
250826 0.043840 0
250834 0.000000 0
250842 0.000000 0
250849 0.052840 0
250857 0.000000 0
250864 0.000000 0
250872 0.037460 0
250879 0.000000 0
250886 0.000000 0
250894 0.033830 0
250902 0.000000 0
250910 0.000000 0
250917 0.019910 0
250924 0.000000 0
250932 0.000000 0
250939 0.022770 0
250948 0.000000 0
250956 0.000000 0
250963 0.014600 0
250969 0.000000 0
250976 0.000000 0
250984 0.064420 0
250992 0.000000 0
251000 0.000000 0
251007 0.090180 0
251014 0.000000 0
251022 0.000000 0
251029 0.093580 0
251037 0.000000 0
251044 0.000000 0
251052 0.080520 0
251059 0.000000 0
251066 0.000000 0
251074 0.076740 0
251083 0.000000 0
251090 0.000000 0
251098 0.052690 0
251104 0.000000 0
251112 0.000000 0
251119 0.049260 0
251128 0.000000 0
251136 0.000000 0
251143 0.057010 0
251149 0.000000 0
251156 0.000000 0
251164 0.051670 0
251173 0.000000 0
251180 0.000000 0
251188 0.042600 0
251194 0.000000 0
251202 0.000000 0
251209 0.048940 0
251217 0.000000 0
251224 0.000000 0
251232 0.056870 0
251239 0.000000 0
251246 0.000000 0
251254 0.045880 0
251262 0.000000 0
251270 0.000000 0
251277 0.036420 0
251284 0.000000 0
251292 0.000000 0
251299 0.032210 0
251307 0.000000 0
251314 0.000000 0
251322 0.035160 0
251329 0.000000 0
251336 0.000000 0
251344 0.040960 0
251352 0.000000 0
251360 0.000000 0
251367 0.050630 0
251374 0.000000 0
251382 0.000000 0
251389 0.054540 0
251398 0.000000 0
251406 0.000000 0
251413 0.034710 0
251419 0.000000 0
251426 0.000000 0
251434 0.040410 0
251443 0.000000 0
251450 0.000000 0
251458 0.049260 0
251464 0.000000 0
251472 0.000000 0
251479 0.042070 0
251487 0.000000 0
251494 0.000000 0
251502 0.036420 0
251509 0.000000 0
251516 0.000000 0
251524 0.027620 0
251533 0.000000 0
251540 0.000000 0
251548 0.030000 0
251554 0.000000 0
251562 0.000000 0
251569 0.031720 0
251578 0.000000 0
251586 0.000000 0
251593 0.039060 0
251599 0.000000 0
251606 0.000000 0
251614 0.037050 0
251623 0.000000 0
251630 0.000000 0
251638 0.050170 0
251644 0.000000 0
251652 0.000000 0
251659 0.041890 0
251668 0.000000 0
251676 0.000000 0
251683 0.103200 0
251689 0.000000 0
251696 0.000000 0
251704 0.159000 0
251713 0.000000 0
251720 0.000000 0
251728 0.162190 0
251734 0.000000 0
251742 0.000000 0
251749 0.122900 0
251758 0.000000 0
251766 0.000000 0
251773 0.080430 0
251779 0.000000 0
251786 0.000000 0
251794 0.071490 0
251802 0.000000 0
251810 0.000000 0
251817 0.055790 0
251824 0.000000 0
251832 0.000000 0
251839 0.038670 0
251846 0.000000 0
251854 0.000000 0
251861 0.039830 0
251868 0.000000 0
251876 0.000000 0
251883 0.030240 0
251891 0.000000 0
251898 0.000000 0
251906 0.037870 0
251913 0.000000 0
251920 0.000000 0
251928 0.034930 0
251936 0.000000 0
251944 0.000000 0
251951 0.017900 0
251958 0.000000 0
251966 0.000000 0
251973 0.007810 0
251981 0.000000 0
251988 0.000000 0
251996 0.005520 0
252004 0.000000 0
252012 0.000000 0
252019 0.005520 0
252028 0.000000 0
252036 0.000000 0
252043 0.000000 0
252049 0.000000 0
252056 0.000000 0
252064 0.000000 0
252072 0.000000 0
252080 0.000000 0
252087 0.000000 0
252094 0.000000 0
252102 0.000000 0
252109 0.015630 0
252117 0.000000 0
252124 0.000000 0
252132 0.000000 0
252139 0.000000 0
252146 0.000000 0
252154 0.227240 0
252162 0.000000 0
252170 0.000000 0
252177 0.284000 0
252184 0.000000 0
252192 0.000000 0
252199 0.258990 0
252207 0.000000 0
252214 0.000000 0
252222 0.101780 0
252229 0.000000 0
252236 0.000000 0
252244 0.074830 0
252251 0.000000 0
252258 0.000000 0
252266 0.027340 0
252274 0.000000 0
252282 0.000000 0
252289 0.020660 0
252296 0.000000 0
252304 0.000000 0
252311 0.014600 0
252319 0.000000 0
252326 0.000000 0
252334 0.018720 0
252341 0.000000 0
252348 0.000000 0
252356 0.027340 0
252364 0.000000 0
252372 0.000000 0
252379 0.057130 0
252387 0.000000 0
252394 0.000000 0
252402 0.105900 0
252409 0.000000 0
252416 0.000000 0
252424 0.065580 0
252432 0.000000 0
252440 0.000000 0
252447 0.040410 0
252454 0.000000 0
252462 0.000000 0
252469 0.037870 0
252477 0.000000 0
252484 0.000000 0
252492 0.038470 0
252499 0.000000 0
252506 0.000000 0
252514 0.041340 0
252522 0.000000 0
252530 0.000000 0
252537 0.061260 0
252544 0.000000 0
252552 0.000000 0
252559 0.074110 0
252567 0.000000 0
252574 0.000000 0
252582 0.072450 0
252589 0.000000 0
252596 0.000000 0
252604 0.074620 0
252612 0.000000 0
252620 0.000000 0
252627 0.114750 0
252634 0.000000 0
252642 0.000000 0
252649 0.113680 0
252657 0.000000 0
252664 0.000000 0
252672 0.115740 0
252679 0.000000 0
252686 0.000000 0
252694 0.076740 0
252702 0.000000 0
252710 0.000000 0
252717 0.041700 0
252724 0.000000 0
252732 0.000000 0
252739 0.025600 0
252747 0.000000 0
252754 0.000000 0
252762 0.017900 0
252769 0.000000 0
252776 0.000000 0
252784 0.015120 0
252792 0.000000 0
252800 0.000000 0
252807 0.022770 0
252814 0.000000 0
252822 0.000000 0
252829 0.023440 0
252838 0.000000 0
252846 0.000000 0
252853 0.096310 0
252859 0.000000 0
252866 0.000000 0
252874 0.080430 0
252882 0.000000 0
252890 0.000000 0
252897 0.041340 0
252904 0.000000 0
252912 0.000000 0
252919 0.041340 0
252928 0.000000 0
252936 0.000000 0
252943 0.042250 0
252949 0.000000 0
252956 0.000000 0
252964 0.035160 0
252973 0.000000 0
252980 0.000000 0
252988 0.072240 0
252994 0.000000 0
253002 0.000000 0
253009 0.062000 0
253018 0.000000 0
253026 0.000000 0
253033 0.075440 0
253039 0.000000 0
253046 0.000000 0
253054 0.086380 0
253063 0.000000 0
253070 0.000000 0
253078 0.061750 0
253084 0.000000 0
253092 0.000000 0
253099 0.111020 0
253108 0.000000 0
253116 0.000000 0
253123 0.120070 0
253129 0.000000 0
253136 0.000000 0
253144 0.118210 0
253152 0.000000 0
253160 0.000000 0
253167 0.053970 0
253174 0.000000 0
253182 0.000000 0
253189 0.033370 0
253198 0.000000 0
253206 0.000000 0
253213 0.018310 0
253219 0.000000 0
253226 0.000000 0
253234 0.007810 0
253242 0.000000 0
253250 0.000000 0
253257 0.049260 0
253264 0.000000 0
253272 0.000000 0
253279 0.025600 0
253287 0.000000 0
253294 0.000000 0
253302 0.013520 0
253309 0.000000 0
253316 0.000000 0
253324 0.024380 0
253333 0.000000 0
253340 0.000000 0
253348 0.050320 0
253354 0.000000 0
253362 0.000000 0
253369 0.041890 0
253378 0.000000 0
253386 0.000000 0
253393 0.047990 0
253399 0.000000 0
253406 0.000000 0
253414 0.120200 0
253423 0.000000 0
253430 0.000000 0
253438 0.059490 0
253444 0.000000 0
253452 0.000000 0
253459 0.039060 0
253467 0.000000 0
253474 0.000000 0
253482 0.068880 0
253489 0.000000 0
253496 0.000000 0
253504 0.071170 0
253512 0.000000 0
253520 0.000000 0
253527 0.072760 0
253534 0.000000 0
253542 0.000000 0
253549 0.084230 0
253558 0.000000 0
253566 0.000000 0
253573 0.129320 0
253579 0.000000 0
253586 0.000000 0
253594 0.129550 0
253602 0.000000 0
253610 0.000000 0
253617 0.114550 0
253623 0.000000 0
253630 0.000000 0
253638 0.062500 0
253647 0.000000 0
253654 0.000000 0
253662 0.026200 0
253668 0.000000 0
253676 0.000000 0
253683 0.012950 0
253692 0.000000 0
253700 0.000000 0
253707 0.007810 0
253714 0.000000 0
253722 0.000000 0
253729 0.007810 0
253737 0.000000 0
253744 0.000000 0
253752 0.006760 0
253759 0.000000 0
253766 0.000000 0
253774 0.011050 0
253783 0.000000 0
253790 0.000000 0
253798 0.122900 0
253804 0.000000 0
253812 0.000000 0
253819 0.095840 0
253828 0.000000 0
253836 0.000000 0
253843 0.048630 0
253849 0.000000 0
253856 0.000000 0
253864 0.046540 0
253872 0.000000 0
253880 0.000000 0
253887 0.030500 0
253894 0.000000 0
253902 0.000000 0
253909 0.099500 0
253917 0.000000 0
253924 0.000000 0
253932 0.101110 0
253939 0.000000 0
253946 0.000000 0
253954 0.079760 0
253963 0.000000 0
253970 0.000000 0
253978 0.079760 0
253984 0.000000 0
253992 0.000000 0
253999 0.098120 0
254007 0.000000 0
254014 0.000000 0
254022 0.097020 0
254029 0.000000 0
254036 0.000000 0
254044 0.127470 0
254052 0.000000 0
254060 0.000000 0
254067 0.132630 0
254074 0.000000 0
254082 0.000000 0
254089 0.103560 0
254097 0.000000 0
254104 0.000000 0
254112 0.057130 0
254119 0.000000 0
254126 0.000000 0
254134 0.021740 0
254143 0.000000 0
254150 0.000000 0
254158 0.008730 0
254164 0.000000 0
254172 0.000000 0
254179 0.006760 0
254187 0.000000 0
254194 0.000000 0
254202 0.003910 0
254209 0.000000 0
254216 0.000000 0
254224 0.005520 0
254232 0.000000 0
254240 0.000000 0
254247 0.014080 0
254254 0.000000 0
254262 0.000000 0
254269 0.121580 0
254278 0.000000 0
254286 0.000000 0
254293 0.087430 0
254299 0.000000 0
254306 0.000000 0
254314 0.070420 0
254323 0.000000 0
254330 0.000000 0
254338 0.061010 0
254344 0.000000 0
254352 0.000000 0
254359 0.055370 0
254368 0.000000 0
254376 0.000000 0
254383 0.049090 0
254389 0.000000 0
254396 0.000000 0
254404 0.063580 0
254412 0.000000 0
254420 0.000000 0
254427 0.105750 0
254434 0.000000 0
254442 0.000000 0
254449 0.101110 0
254457 0.000000 0
254464 0.000000 0
254472 0.094560 0
254479 0.000000 0
254486 0.000000 0
254494 0.140460 0
254503 0.000000 0
254510 0.000000 0
254518 0.140080 0
254524 0.000000 0
254532 0.000000 0
254539 0.118090 0
254548 0.000000 0
254556 0.000000 0
254563 0.092680 0
254569 0.000000 0
254576 0.000000 0
254584 0.053120 0
254592 0.000000 0
254600 0.000000 0
254607 0.020660 0
254614 0.000000 0
254622 0.000000 0
254629 0.027890 0
254637 0.000000 0
254644 0.000000 0
254652 0.018310 0
254659 0.000000 0
254666 0.000000 0
254674 0.012340 0
254683 0.000000 0
254690 0.000000 0
254698 0.021740 0
254704 0.000000 0
254712 0.000000 0
254719 0.019530 0
254727 0.000000 0
254734 0.000000 0
254742 0.122900 0
254749 0.000000 0
254756 0.000000 0
254764 0.039830 0
254772 0.000000 0
254780 0.000000 0
254787 0.051670 0
254794 0.000000 0
254802 0.000000 0
254809 0.041150 0
254818 0.000000 0
254826 0.000000 0
254833 0.044010 0
254839 0.000000 0
254846 0.000000 0
254854 0.089660 0
254863 0.000000 0
254870 0.000000 0
254878 0.065830 0
254884 0.000000 0
254892 0.000000 0
254899 0.101110 0
254907 0.000000 0
254914 0.000000 0
254922 0.076940 0
254929 0.000000 0
254936 0.000000 0
254944 0.072130 0
254953 0.000000 0
254960 0.000000 0
254968 0.115400 0
254974 0.000000 0
254982 0.000000 0
254989 0.119050 0
254997 0.000000 0
255004 0.000000 0
255012 0.131070 0
255019 0.000000 0
255026 0.000000 0
255034 0.070310 0
255041 0.000000 0
255048 0.000000 0
255056 0.044880 0
255063 0.000000 0
255070 0.000000 0
255078 0.014080 0
255086 0.000000 0
255094 0.000000 0
255101 0.007810 0
255108 0.000000 0
255116 0.000000 0
255123 0.056600 0
255132 0.000000 0
255140 0.000000 0
255147 0.041150 0
255154 0.000000 0
255162 0.000000 0
255169 0.022430 0
255177 0.000000 0
255184 0.000000 0
255192 0.035370 0
255199 0.000000 0
255206 0.000000 0
255214 0.046540 0
255223 0.000000 0
255230 0.000000 0
255238 0.054120 0
255244 0.000000 0
255252 0.000000 0
255259 0.047840 0
255268 0.000000 0
255276 0.000000 0
255283 0.131010 0
255289 0.000000 0
255296 0.000000 0
255304 0.098120 0
255313 0.000000 0
255320 0.000000 0
255328 0.041520 0
255334 0.000000 0
255342 0.000000 0
255349 0.076140 0
255358 0.000000 0
255366 0.000000 0
255373 0.094710 0
255379 0.000000 0
255386 0.000000 0
255394 0.076540 0
255402 0.000000 0
255410 0.000000 0
255417 0.087250 0
255424 0.000000 0
255432 0.000000 0
255439 0.104740 0
255448 0.000000 0
255456 0.000000 0
255463 0.116850 0
255469 0.000000 0
255476 0.000000 0
255484 0.115400 0
255492 0.000000 0
255500 0.000000 0
255507 0.079960 0
255513 0.000000 0
255520 0.000000 0
255528 0.043140 0
255536 0.000000 0
255544 0.000000 0
255551 0.016100 0
255558 0.000000 0
255566 0.000000 0
255573 0.005520 0
255581 0.000000 0
255588 0.000000 0
255596 0.005520 0
255604 0.000000 0
255612 0.000000 0
255619 0.006760 0
255628 0.000000 0
255636 0.000000 0
255643 0.015120 0
255649 0.000000 0
255656 0.000000 0
255664 0.119950 0
255673 0.000000 0
255680 0.000000 0
255688 0.128910 0
255694 0.000000 0
255702 0.000000 0
255709 0.060000 0
255717 0.000000 0
255724 0.000000 0
255732 0.048160 0
255739 0.000000 0
255746 0.000000 0
255754 0.049710 0
255762 0.000000 0
255770 0.000000 0
255777 0.035580 0
255784 0.000000 0
255792 0.000000 0
255799 0.055790 0
255807 0.000000 0
255814 0.000000 0
255822 0.079470 0
255829 0.000000 0
255836 0.000000 0
255844 0.083310 0
255852 0.000000 0
255860 0.000000 0
255867 0.087510 0
255874 0.000000 0
255882 0.000000 0
255889 0.059490 0
255897 0.000000 0
255904 0.000000 0
255912 0.127820 0
255919 0.000000 0
255926 0.000000 0
255934 0.153380 0
255942 0.000000 0
255950 0.000000 0
255957 0.139590 0
255964 0.000000 0
255972 0.000000 0
255979 0.070190 0
255987 0.000000 0
255994 0.000000 0
256002 0.031250 0
256009 0.000000 0
256016 0.000000 0
256024 0.011720 0
256032 0.000000 0
256040 0.000000 0
256047 0.007810 0
256054 0.000000 0
256062 0.000000 0
256069 0.006760 0
256077 0.000000 0
256084 0.000000 0
256092 0.009570 0
256099 0.000000 0
256106 0.000000 0
256114 0.008730 0
256123 0.000000 0
256130 0.000000 0
256138 0.122150 0
256144 0.000000 0
256152 0.000000 0
256159 0.114690 0
256168 0.000000 0
256176 0.000000 0
256183 0.063340 0
256189 0.000000 0
256196 0.000000 0
256204 0.064530 0
256213 0.000000 0
256220 0.000000 0
256228 0.071600 0
256234 0.000000 0
256242 0.000000 0
256249 0.055240 0
256258 0.000000 0
256266 0.000000 0
256273 0.047670 0
256279 0.000000 0
256286 0.000000 0
256294 0.090590 0
256302 0.000000 0
256310 0.000000 0
256317 0.112200 0
256324 0.000000 0
256332 0.000000 0
256339 0.096470 0
256347 0.000000 0
256354 0.000000 0
256362 0.099890 0
256369 0.000000 0
256376 0.000000 0
256384 0.147660 0
256392 0.000000 0
256400 0.000000 0
256407 0.144210 0
256414 0.000000 0
256422 0.000000 0
256429 0.110140 0
256437 0.000000 0
256444 0.000000 0
256452 0.068880 0
256459 0.000000 0
256466 0.000000 0
256474 0.031480 0
256482 0.000000 0
256490 0.000000 0
256497 0.030750 0
256504 0.000000 0
256512 0.000000 0
256519 0.010330 0
256527 0.000000 0
256534 0.000000 0
256542 0.011050 0
256549 0.000000 0
256556 0.000000 0
256564 0.017010 0
256573 0.000000 0
256580 0.000000 0
256588 0.016570 0
256594 0.000000 0
256602 0.000000 0
256609 0.118210 0
256618 0.000000 0
256626 0.000000 0
256633 0.067660 0
256639 0.000000 0
256646 0.000000 0
256654 0.050480 0
256662 0.000000 0
256670 0.000000 0
256677 0.060380 0
256684 0.000000 0
256692 0.000000 0
256699 0.061010 0
256707 0.000000 0
256714 0.000000 0
256722 0.074010 0
256729 0.000000 0
256736 0.000000 0
256744 0.075140 0
256752 0.000000 0
256760 0.000000 0
256767 0.087860 0
256774 0.000000 0
256782 0.000000 0
256789 0.071380 0
256798 0.000000 0
256806 0.000000 0
256813 0.099730 0
256819 0.000000 0
256826 0.000000 0
256834 0.098190 0
256843 0.000000 0
256850 0.000000 0
256858 0.114690 0
256864 0.000000 0
256872 0.000000 0
256879 0.128480 0
256887 0.000000 0
256894 0.000000 0
256902 0.087690 0
256908 0.000000 0
256916 0.000000 0
256923 0.051380 0
256931 0.000000 0
256938 0.000000 0
256946 0.023440 0
256953 0.000000 0
256960 0.000000 0
256968 0.009570 0
256976 0.000000 0
256984 0.000000 0
256991 0.055100 0
256998 0.000000 0
257006 0.000000 0
257013 0.063220 0
257022 0.000000 0
257030 0.000000 0
257037 0.012950 0
257044 0.000000 0
257052 0.000000 0
257059 0.016570 0
257067 0.000000 0
257074 0.000000 0
257082 0.036640 0
257089 0.000000 0
257096 0.000000 0
257104 0.055240 0
257112 0.000000 0
257120 0.000000 0
257127 0.041700 0
257134 0.000000 0
257142 0.000000 0
257149 0.131070 0
257157 0.000000 0
257164 0.000000 0
257172 0.118290 0
257179 0.000000 0
257186 0.000000 0
257194 0.043490 0
257202 0.000000 0
257210 0.000000 0
257217 0.048160 0
257224 0.000000 0
257232 0.000000 0
257239 0.076140 0
257247 0.000000 0
257254 0.000000 0
257262 0.082120 0
257269 0.000000 0
257276 0.000000 0
257284 0.082220 0
257292 0.000000 0
257300 0.000000 0
257307 0.108870 0
257314 0.000000 0
257322 0.000000 0
257329 0.136220 0
257337 0.000000 0
257344 0.000000 0
257352 0.128480 0
257358 0.000000 0
257366 0.000000 0
257373 0.093170 0
257381 0.000000 0
257388 0.000000 0
257396 0.043490 0
257403 0.000000 0
257410 0.000000 0
257418 0.017010 0
257427 0.000000 0
257434 0.000000 0
257442 0.005520 0
257449 0.000000 0
257456 0.000000 0
257464 0.007810 0
257471 0.000000 0
257478 0.000000 0
257486 0.006760 0
257494 0.000000 0
257502 0.000000 0
257509 0.007810 0
257518 0.000000 0
257526 0.000000 0
257533 0.024080 0
257539 0.000000 0
257546 0.000000 0
257554 0.158620 0
257563 0.000000 0
257570 0.000000 0
257578 0.058320 0
257584 0.000000 0
257592 0.000000 0
257599 0.039830 0
257607 0.000000 0
257614 0.000000 0
257622 0.045210 0
257629 0.000000 0
257636 0.000000 0
257644 0.035800 0
257652 0.000000 0
257660 0.000000 0
257667 0.118090 0
257674 0.000000 0
257682 0.000000 0
257689 0.080230 0
257697 0.000000 0
257704 0.000000 0
257712 0.094070 0
257719 0.000000 0
257726 0.000000 0
257734 0.096710 0
257741 0.000000 0
257748 0.000000 0
257756 0.093580 0
257764 0.000000 0
257772 0.000000 0
257779 0.113070 0
257787 0.000000 0
257794 0.000000 0
257802 0.132570 0
257809 0.000000 0
257816 0.000000 0
257824 0.132520 0
257832 0.000000 0
257840 0.000000 0
257847 0.076650 0
257854 0.000000 0
257862 0.000000 0
257869 0.054830 0
257876 0.000000 0
257884 0.000000 0
257891 0.016570 0
257899 0.000000 0
257906 0.000000 0
257914 0.006760 0
257922 0.000000 0
257930 0.000000 0
257937 0.003910 0
257944 0.000000 0
257952 0.000000 0
257959 0.011720 0
257967 0.000000 0
257974 0.000000 0
257982 0.010330 0
257990 0.000000 0
257998 0.000000 0
258005 0.069320 0
258012 0.000000 0
258020 0.000000 0
258027 0.120780 0
258035 0.000000 0
258042 0.000000 0
258050 0.058590 0
258057 0.000000 0
258064 0.000000 0
258072 0.050780 0
258080 0.000000 0
258088 0.000000 0
258095 0.076650 0
258102 0.000000 0
258110 0.000000 0
258117 0.049710 0
258125 0.000000 0
258132 0.000000 0
258140 0.048940 0
258147 0.000000 0
258154 0.000000 0
258162 0.079090 0
258170 0.000000 0
258178 0.000000 0
258185 0.103410 0
258192 0.000000 0
258200 0.000000 0
258207 0.099120 0
258215 0.000000 0
258222 0.000000 0
258230 0.114690 0
258237 0.000000 0
258244 0.000000 0
258252 0.137330 0
258260 0.000000 0
258268 0.000000 0
258275 0.138770 0
258282 0.000000 0
258290 0.000000 0
258297 0.126210 0
258305 0.000000 0
258312 0.000000 0
258320 0.094070 0
258326 0.000000 0
258334 0.000000 0
258341 0.043320 0
258350 0.000000 0
258358 0.000000 0
258365 0.027620 0
258372 0.000000 0
258380 0.000000 0
258387 0.020660 0
258395 0.000000 0
258402 0.000000 0
258410 0.007810 0
258417 0.000000 0
258424 0.000000 0
258432 0.011050 0
258440 0.000000 0
258448 0.000000 0
258455 0.020660 0
258462 0.000000 0
258470 0.000000 0
258477 0.134400 0
258485 0.000000 0
258492 0.000000 0
258500 0.097570 0
258507 0.000000 0
258514 0.000000 0
258522 0.051670 0
258530 0.000000 0
258538 0.000000 0
258545 0.062610 0
258552 0.000000 0
258560 0.000000 0
258567 0.050780 0
258575 0.000000 0
258582 0.000000 0
258590 0.039640 0
258597 0.000000 0
258604 0.000000 0
258612 0.091360 0
258620 0.000000 0
258628 0.000000 0
258635 0.073380 0
258642 0.000000 0
258650 0.000000 0
258657 0.079580 0
258665 0.000000 0
258672 0.000000 0
258680 0.066410 0
258687 0.000000 0
258694 0.000000 0
258702 0.048630 0
258710 0.000000 0
258718 0.000000 0
258725 0.123280 0
258732 0.000000 0
258740 0.000000 0
258747 0.128070 0
258755 0.000000 0
258762 0.000000 0
258770 0.135090 0
258777 0.000000 0
258784 0.000000 0
258792 0.066060 0
258798 0.000000 0
258806 0.000000 0
258813 0.037870 0
258822 0.000000 0
258830 0.000000 0
258837 0.011050 0
258845 0.000000 0
258852 0.000000 0
258860 0.005520 0
258867 0.000000 0
258874 0.000000 0
258882 0.055100 0
258890 0.000000 0
258898 0.000000 0
258905 0.024080 0
258912 0.000000 0
258920 0.000000 0
258927 0.018310 0
258934 0.000000 0
258942 0.000000 0
258949 0.044010 0
258956 0.000000 0
258964 0.000000 0
258971 0.047200 0
258980 0.000000 0
258988 0.000000 0
258995 0.037260 0
259001 0.000000 0
259008 0.000000 0
259016 0.040590 0
259024 0.000000 0
259032 0.000000 0
259039 0.139740 0
259046 0.000000 0
259054 0.000000 0
259061 0.066870 0
259070 0.000000 0
259078 0.000000 0
259085 0.047200 0
259091 0.000000 0
259098 0.000000 0
259106 0.094880 0
259114 0.000000 0
259122 0.000000 0
259129 0.091600 0
259136 0.000000 0
259144 0.000000 0
259151 0.090010 0
259159 0.000000 0
259166 0.000000 0
259174 0.086380 0
259181 0.000000 0
259188 0.000000 0
259196 0.125050 0
259204 0.000000 0
259212 0.000000 0
259219 0.137380 0
259226 0.000000 0
259234 0.000000 0
259241 0.102600 0
259249 0.000000 0
259256 0.000000 0
259264 0.056730 0
259271 0.000000 0
259278 0.000000 0
259286 0.030000 0
259294 0.000000 0
259302 0.000000 0
259309 0.024700 0
259316 0.000000 0
259324 0.000000 0
259331 0.028430 0
259339 0.000000 0
259346 0.000000 0
259354 0.023100 0
259361 0.000000 0
259368 0.000000 0
259376 0.022430 0
259384 0.000000 0
259392 0.000000 0
259399 0.032210 0
259407 0.000000 0
259414 0.000000 0
259422 0.051380 0
259429 0.000000 0
259436 0.000000 0
259444 0.041520 0
259451 0.000000 0
259458 0.000000 0
259466 0.038860 0
259474 0.000000 0
259482 0.000000 0
259489 0.026780 0
259496 0.000000 0
259504 0.000000 0
259511 0.031250 0
259519 0.000000 0
259526 0.000000 0
259534 0.052840 0
259541 0.000000 0
259548 0.000000 0
259556 0.073490 0
259564 0.000000 0
259572 0.000000 0
259579 0.091100 0
259586 0.000000 0
259594 0.000000 0
259601 0.080900 0
259609 0.000000 0
259616 0.000000 0
259624 0.084760 0
259631 0.000000 0
259638 0.000000 0
259646 0.092440 0
259654 0.000000 0
259662 0.000000 0
259669 0.144690 0
259676 0.000000 0
259684 0.000000 0
259691 0.118990 0
259700 0.000000 0
259708 0.000000 0
259715 0.094070 0
259721 0.000000 0
259728 0.000000 0
259736 0.049410 0
259744 0.000000 0
259752 0.000000 0
259759 0.023760 0
259766 0.000000 0
259774 0.000000 0
259781 0.006760 0
259789 0.000000 0
259796 0.000000 0
259804 0.005520 0
259811 0.000000 0
259818 0.000000 0
259826 0.003910 0
259834 0.000000 0
259842 0.000000 0
259849 0.005520 0
259856 0.000000 0
259864 0.000000 0
259871 0.015120 0
259879 0.000000 0
259886 0.000000 0
259894 0.132570 0
259901 0.000000 0
259908 0.000000 0
259916 0.096390 0
259924 0.000000 0
259932 0.000000 0
259939 0.049560 0
259946 0.000000 0
259954 0.000000 0
259961 0.044010 0
259969 0.000000 0
259976 0.000000 0
259984 0.040210 0
259991 0.000000 0
259998 0.000000 0
260006 0.042420 0
260015 0.000000 0
260022 0.000000 0
260030 0.064770 0
260036 0.000000 0
260044 0.000000 0
260051 0.099350 0
260059 0.000000 0
260066 0.000000 0
260074 0.101030 0
260081 0.000000 0
260088 0.000000 0
260096 0.103850 0
260104 0.000000 0
260112 0.000000 0
260119 0.137650 0
260126 0.000000 0
260134 0.000000 0
260141 0.142400 0
260149 0.000000 0
260156 0.000000 0
260164 0.130310 0
260172 0.000000 0
260180 0.000000 0
260187 0.096240 0
260194 0.000000 0
260202 0.000000 0
260209 0.053970 0
260216 0.000000 0
260224 0.000000 0
260231 0.024080 0
260239 0.000000 0
260246 0.000000 0
260254 0.027620 0
260261 0.000000 0
260268 0.000000 0
260276 0.013520 0
260284 0.000000 0
260292 0.000000 0
260299 0.011050 0
260306 0.000000 0
260314 0.000000 0
260321 0.012950 0
260329 0.000000 0
260336 0.000000 0
260344 0.025310 0
260351 0.000000 0
260358 0.000000 0
260366 0.141370 0
260374 0.000000 0
260382 0.000000 0
260389 0.039830 0
260396 0.000000 0
260404 0.000000 0
260411 0.053270 0
260419 0.000000 0
260426 0.000000 0
260434 0.048160 0
260441 0.000000 0
260448 0.000000 0
260456 0.042250 0
260464 0.000000 0
260472 0.000000 0
260479 0.090590 0
260486 0.000000 0
260494 0.000000 0
260501 0.070850 0
260510 0.000000 0
260518 0.000000 0
260525 0.085130 0
260531 0.000000 0
260538 0.000000 0
260546 0.087860 0
260554 0.000000 0
260562 0.000000 0
260569 0.089490 0
260576 0.000000 0
260584 0.000000 0
260591 0.125470 0
260599 0.000000 0
260606 0.000000 0
260614 0.131430 0
260621 0.000000 0
260628 0.000000 0
260636 0.124250 0
260644 0.000000 0
260652 0.000000 0
260659 0.070080 0
260666 0.000000 0
260674 0.000000 0
260681 0.042790 0
260689 0.000000 0
260696 0.000000 0
260704 0.014600 0
260711 0.000000 0
260718 0.000000 0
260726 0.007810 0
260734 0.000000 0
260742 0.000000 0
260749 0.053560 0
260756 0.000000 0
260764 0.000000 0
260771 0.038270 0
260779 0.000000 0
260786 0.000000 0
260794 0.014600 0
260801 0.000000 0
260808 0.000000 0
260816 0.030500 0
260825 0.000000 0
260832 0.000000 0
260840 0.034270 0
260846 0.000000 0
260854 0.000000 0
260861 0.030240 0
260870 0.000000 0
260878 0.000000 0
260885 0.037870 0
260891 0.000000 0
260898 0.000000 0
260906 0.135760 0
260914 0.000000 0
260922 0.000000 0
260929 0.094710 0
260936 0.000000 0
260944 0.000000 0
260951 0.048460 0
260959 0.000000 0
260966 0.000000 0
260974 0.073380 0
260981 0.000000 0
260988 0.000000 0
260996 0.092680 0
261004 0.000000 0
261012 0.000000 0
261019 0.080990 0
261026 0.000000 0
261034 0.000000 0
261041 0.095280 0
261050 0.000000 0
261058 0.000000 0
261065 0.110960 0
261072 0.000000 0
261080 0.000000 0
261087 0.134690 0
261094 0.000000 0
261102 0.000000 0
261109 0.129550 0
261117 0.000000 0
261124 0.000000 0
261132 0.086200 0
261139 0.000000 0
261146 0.000000 0
261154 0.031970 0
261162 0.000000 0
261170 0.000000 0
261177 0.021030 0
261184 0.000000 0
261192 0.000000 0
261199 0.011720 0
261207 0.000000 0
261214 0.000000 0
261222 0.008730 0
261229 0.000000 0
261236 0.000000 0
261244 0.011050 0
261252 0.000000 0
261260 0.000000 0
261267 0.010330 0
261274 0.000000 0
261282 0.000000 0
261289 0.156100 0
261298 0.000000 0
261306 0.000000 0
261313 0.138320 0
261319 0.000000 0
261326 0.000000 0
261334 0.056340 0
261342 0.000000 0
261350 0.000000 0
261357 0.044530 0
261364 0.000000 0
261372 0.000000 0
261379 0.046370 0
261387 0.000000 0
261394 0.000000 0
261402 0.044190 0
261409 0.000000 0
261416 0.000000 0
261424 0.104880 0
261432 0.000000 0
261440 0.000000 0
261447 0.070420 0
261454 0.000000 0
261462 0.000000 0
261469 0.091690 0
261476 0.000000 0
261484 0.000000 0
261491 0.097110 0
261498 0.000000 0
261506 0.000000 0
261513 0.068100 0
261522 0.000000 0
261530 0.000000 0
261537 0.125000 0
261544 0.000000 0
261552 0.000000 0
261559 0.136260 0
261567 0.000000 0
261574 0.000000 0
261582 0.142080 0
261588 0.000000 0
261596 0.000000 0
261603 0.070420 0
261611 0.000000 0
261618 0.000000 0
261626 0.036010 0
261633 0.000000 0
261640 0.000000 0
261648 0.008730 0
261656 0.000000 0
261664 0.000000 0
261671 0.006760 0
261679 0.000000 0
261686 0.000000 0
261694 0.009570 0
261702 0.000000 0
261710 0.000000 0
261717 0.009570 0
261724 0.000000 0
261732 0.000000 0
261739 0.009570 0
261747 0.000000 0
261754 0.000000 0
261762 0.116530 0
261769 0.000000 0
261776 0.000000 0
261784 0.110690 0
261792 0.000000 0
261800 0.000000 0
261807 0.058590 0
261814 0.000000 0
261822 0.000000 0
261829 0.051510 0
261838 0.000000 0
261846 0.000000 0
261853 0.065480 0
261859 0.000000 0
261866 0.000000 0
261874 0.054540 0
261882 0.000000 0
261890 0.000000 0
261897 0.064650 0
261904 0.000000 0
261912 0.000000 0
261919 0.094880 0
261927 0.000000 0
261934 0.000000 0
261942 0.104010 0
261949 0.000000 0
261956 0.000000 0
261964 0.103930 0
261973 0.000000 0
261980 0.000000 0
261988 0.109510 0
261994 0.000000 0
262002 0.000000 0
262009 0.141440 0
262017 0.000000 0
262024 0.000000 0
262032 0.130850 0
262039 0.000000 0
262046 0.000000 0
262054 0.111380 0
262062 0.000000 0
262070 0.000000 0
262077 0.060260 0
262083 0.000000 0
262090 0.000000 0
262098 0.030240 0
262107 0.000000 0
262114 0.000000 0
262122 0.031720 0
262128 0.000000 0
262136 0.000000 0
262143 0.012950 0
262152 0.000000 0
262160 0.000000 0
262167 0.012950 0
262174 0.000000 0
262182 0.000000 0
262189 0.019130 0
262197 0.000000 0
262204 0.000000 0
262212 0.015120 0
262219 0.000000 0
262226 0.000000 0
262234 0.135320 0
262242 0.000000 0
262250 0.000000 0
262257 0.071920 0
262264 0.000000 0
262272 0.000000 0
262279 0.036640 0
262288 0.000000 0
262296 0.000000 0
262303 0.045880 0
262309 0.000000 0
262316 0.000000 0
262324 0.034040 0
262333 0.000000 0
262340 0.000000 0
262348 0.097890 0
262354 0.000000 0
262362 0.000000 0
262369 0.088810 0
262378 0.000000 0
262386 0.000000 0
262393 0.095990 0
262399 0.000000 0
262406 0.000000 0
262414 0.086110 0
262422 0.000000 0
262430 0.000000 0
262437 0.076540 0
262444 0.000000 0
262452 0.000000 0
262459 0.100270 0
262466 0.000000 0
262474 0.000000 0
262481 0.116790 0
262489 0.000000 0
262496 0.000000 0
262504 0.131360 0
262511 0.000000 0
262518 0.000000 0
262526 0.101260 0
262533 0.000000 0
262540 0.000000 0
262548 0.055100 0
262556 0.000000 0
262564 0.000000 0
262571 0.024380 0
262578 0.000000 0
262586 0.000000 0
262593 0.008730 0
262601 0.000000 0
262608 0.000000 0
262616 0.058460 0
262623 0.000000 0
262630 0.000000 0
262638 0.069660 0
262646 0.000000 0
262654 0.000000 0
262661 0.025310 0
262669 0.000000 0
262676 0.000000 0
262684 0.023760 0
262691 0.000000 0
262698 0.000000 0
262706 0.038470 0
262714 0.000000 0
262722 0.000000 0
262729 0.034490 0
262737 0.000000 0
262744 0.000000 0
262752 0.036640 0
262759 0.000000 0
262766 0.000000 0
262774 0.136260 0
262783 0.000000 0
262790 0.000000 0
262798 0.117050 0
262804 0.000000 0
262812 0.000000 0
262819 0.042250 0
262827 0.000000 0
262834 0.000000 0
262842 0.063220 0
262849 0.000000 0
262856 0.000000 0
262864 0.092100 0
262872 0.000000 0
262880 0.000000 0
262887 0.079180 0
262894 0.000000 0
262902 0.000000 0
262909 0.091770 0
262916 0.000000 0
262924 0.000000 0
262931 0.104160 0
262940 0.000000 0
262948 0.000000 0
262955 0.118730 0
262961 0.000000 0
262968 0.000000 0
262976 0.125170 0
262985 0.000000 0
262992 0.000000 0
263000 0.097180 0
263006 0.000000 0
263014 0.000000 0
263021 0.051070 0
263028 0.000000 0
263036 0.000000 0
263043 0.024380 0
263051 0.000000 0
263058 0.000000 0
263066 0.003910 0
263075 0.000000 0
263082 0.000000 0
263090 0.000000 0
263096 0.000000 0
263104 0.000000 0
263111 0.000000 0
263120 0.000000 0
263128 0.000000 0
263135 0.006760 0
263142 0.000000 0
263150 0.000000 0
263157 0.030240 0
263165 0.000000 0
263172 0.000000 0
263180 0.137210 0
263187 0.000000 0
263194 0.000000 0
263202 0.071060 0
263210 0.000000 0
263218 0.000000 0
263225 0.045720 0
263232 0.000000 0
263240 0.000000 0
263247 0.056340 0
263255 0.000000 0
263262 0.000000 0
263270 0.047200 0
263277 0.000000 0
263284 0.000000 0
263292 0.048630 0
263300 0.000000 0
263308 0.000000 0
263315 0.075030 0
263322 0.000000 0
263330 0.000000 0
263337 0.096640 0
263345 0.000000 0
263352 0.000000 0
263360 0.100190 0
263367 0.000000 0
263374 0.000000 0
263382 0.108250 0
263390 0.000000 0
263398 0.000000 0
263405 0.102370 0
263412 0.000000 0
263420 0.000000 0
263427 0.151780 0
263435 0.000000 0
263442 0.000000 0
263450 0.138600 0
263456 0.000000 0
263464 0.000000 0
263471 0.082860 0
263479 0.000000 0
263486 0.000000 0
263494 0.051380 0
263502 0.000000 0
263510 0.000000 0
263517 0.014600 0
263523 0.000000 0
263530 0.000000 0
263538 0.006760 0
263546 0.000000 0
263554 0.000000 0
263561 0.008730 0
263570 0.000000 0
263578 0.000000 0
263585 0.003910 0
263591 0.000000 0
263598 0.000000 0
263606 0.000000 0
263615 0.000000 0
263622 0.000000 0
263630 0.053120 0
263636 0.000000 0
263644 0.000000 0
263651 0.123020 0
263660 0.000000 0
263668 0.000000 0
263675 0.081930 0
263681 0.000000 0
263688 0.000000 0
263696 0.057270 0
263705 0.000000 0
263712 0.000000 0
263720 0.051670 0
263726 0.000000 0
263734 0.000000 0
263741 0.040770 0
263750 0.000000 0
263758 0.000000 0
263765 0.057400 0
263771 0.000000 0
263778 0.000000 0
263786 0.087080 0
263795 0.000000 0
263802 0.000000 0
263810 0.106900 0
263816 0.000000 0
263824 0.000000 0
263831 0.104080 0
263839 0.000000 0
263846 0.000000 0
263854 0.103270 0
263861 0.000000 0
263868 0.000000 0
263876 0.138320 0
263884 0.000000 0
263892 0.000000 0
263899 0.141970 0
263906 0.000000 0
263914 0.000000 0
263921 0.115080 0
263930 0.000000 0
263938 0.000000 0
263945 0.086730 0
263951 0.000000 0
263958 0.000000 0
263966 0.042970 0
263975 0.000000 0
263982 0.000000 0
263990 0.027620 0
263996 0.000000 0
264004 0.000000 0
264011 0.017900 0
264020 0.000000 0
264028 0.000000 0
264035 0.025310 0
264041 0.000000 0
264048 0.000000 0
264056 0.024700 0
264064 0.000000 0
264072 0.000000 0
264079 0.012950 0
264086 0.000000 0
264094 0.000000 0
264101 0.136930 0
264109 0.000000 0
264116 0.000000 0
264124 0.111020 0
264131 0.000000 0
264138 0.000000 0
264146 0.062500 0
264154 0.000000 0
264162 0.000000 0
264169 0.049710 0
264176 0.000000 0
264184 0.000000 0
264191 0.036220 0
264199 0.000000 0
264206 0.000000 0
264214 0.028170 0
264221 0.000000 0
264228 0.000000 0
264236 0.081650 0
264244 0.000000 0
264252 0.000000 0
264259 0.079670 0
264266 0.000000 0
264274 0.000000 0
264281 0.086990 0
264289 0.000000 0
264296 0.000000 0
264304 0.086550 0
264311 0.000000 0
264318 0.000000 0
264326 0.056340 0
264334 0.000000 0
264342 0.000000 0
264349 0.118730 0
264356 0.000000 0
264364 0.000000 0
264371 0.133210 0
264379 0.000000 0
264386 0.000000 0
264394 0.132170 0
264401 0.000000 0
264408 0.000000 0
264416 0.065580 0
264425 0.000000 0
264432 0.000000 0
264440 0.033140 0
264446 0.000000 0
264454 0.000000 0
264461 0.007810 0
264469 0.000000 0
264476 0.000000 0
264484 0.003910 0
264491 0.000000 0
264498 0.000000 0
264506 0.057660 0
264514 0.000000 0
264522 0.000000 0
264529 0.025010 0
264536 0.000000 0
264544 0.000000 0
264551 0.022100 0
264559 0.000000 0
264566 0.000000 0
264574 0.039830 0
264581 0.000000 0
264588 0.000000 0
264596 0.033600 0
264604 0.000000 0
264612 0.000000 0
264619 0.039640 0
264626 0.000000 0
264634 0.000000 0
264641 0.045380 0
264649 0.000000 0
264656 0.000000 0
264664 0.124500 0
264671 0.000000 0
264678 0.000000 0
264686 0.070530 0
264694 0.000000 0
264702 0.000000 0
264709 0.044530 0
264716 0.000000 0
264724 0.000000 0
264731 0.074010 0
264739 0.000000 0
264746 0.000000 0
264754 0.082580 0
264761 0.000000 0
264768 0.000000 0
264776 0.085310 0
264785 0.000000 0
264792 0.000000 0
264800 0.094880 0
264806 0.000000 0
264814 0.000000 0
264821 0.131590 0
264829 0.000000 0
264836 0.000000 0
264844 0.138700 0
264851 0.000000 0
264858 0.000000 0
264866 0.117890 0
264874 0.000000 0
264882 0.000000 0
264889 0.063340 0
264896 0.000000 0
264904 0.000000 0
264911 0.024380 0
264919 0.000000 0
264926 0.000000 0
264934 0.012340 0
264941 0.000000 0
264948 0.000000 0
264956 0.005520 0
264965 0.000000 0
264972 0.000000 0
264980 0.005520 0
264986 0.000000 0
264994 0.000000 0
265001 0.007810 0
265010 0.000000 0
265018 0.000000 0
265025 0.015120 0
265031 0.000000 0
265038 0.000000 0
265046 0.156630 0
265054 0.000000 0
265062 0.000000 0
265069 0.107900 0
265078 0.000000 0
265086 0.000000 0
265093 0.050630 0
265099 0.000000 0
265106 0.000000 0
265114 0.053970 0
265123 0.000000 0
265130 0.000000 0
265138 0.050780 0
265144 0.000000 0
265152 0.000000 0
265159 0.104160 0
265168 0.000000 0
265176 0.000000 0
265183 0.098740 0
265189 0.000000 0
265196 0.000000 0
265204 0.088900 0
265213 0.000000 0
265220 0.000000 0
265228 0.086020 0
265234 0.000000 0
265242 0.000000 0
265249 0.097660 0
265258 0.000000 0
265266 0.000000 0
265273 0.046220 0
265279 0.000000 0
265286 0.000000 0
265294 0.139700 0
265302 0.000000 0
265310 0.000000 0
265317 0.111710 0
265324 0.000000 0
265332 0.000000 0
265339 0.088030 0
265347 0.000000 0
265354 0.000000 0
265362 0.064420 0
265369 0.000000 0
265376 0.000000 0
265384 0.053700 0
265392 0.000000 0
265400 0.000000 0
265407 0.051070 0
265414 0.000000 0
265422 0.000000 0
265429 0.047030 0
265437 0.000000 0
265444 0.000000 0
265452 0.036420 0
265459 0.000000 0
265466 0.000000 0
265474 0.040590 0
265483 0.000000 0
265490 0.000000 0
265498 0.038270 0
265504 0.000000 0
265512 0.000000 0
265519 0.040210 0
265528 0.000000 0
265536 0.000000 0
265543 0.035160 0
265549 0.000000 0
265556 0.000000 0
265564 0.028170 0
265572 0.000000 0
265580 0.000000 0
265587 0.018720 0
265594 0.000000 0
265602 0.000000 0
265609 0.007810 0
265617 0.000000 0
265624 0.000000 0
265632 0.065130 0
265639 0.000000 0
265646 0.000000 0
265654 0.127350 0
265662 0.000000 0
265670 0.000000 0
265677 0.114550 0
265684 0.000000 0
265692 0.000000 0
265699 0.094640 0
265707 0.000000 0
265714 0.000000 0
265722 0.087160 0
265729 0.000000 0
265736 0.000000 0
265744 0.077930 0
265753 0.000000 0
265760 0.000000 0
265768 0.060760 0
265774 0.000000 0
265782 0.000000 0
265789 0.050170 0
265798 0.000000 0
265806 0.000000 0
265813 0.041520 0
265819 0.000000 0
265826 0.000000 0
265834 0.020660 0
265843 0.000000 0
265850 0.000000 0
265858 0.034040 0
265864 0.000000 0
265872 0.000000 0
265879 0.038270 0
265887 0.000000 0
265894 0.000000 0
265902 0.038860 0
265909 0.000000 0
265916 0.000000 0
265924 0.019910 0
265932 0.000000 0
265940 0.000000 0
265947 0.003910 0
265954 0.000000 0
265962 0.000000 0
265969 0.005520 0
265977 0.000000 0
265984 0.000000 0
265992 0.124070 0
265999 0.000000 0
266006 0.000000 0
266014 0.148640 0
266023 0.000000 0
266030 0.000000 0
266038 0.137000 0
266044 0.000000 0
266052 0.000000 0
266059 0.100650 0
266068 0.000000 0
266076 0.000000 0
266083 0.066640 0
266089 0.000000 0
266096 0.000000 0
266104 0.050170 0
266113 0.000000 0
266120 0.000000 0
266128 0.039250 0
266134 0.000000 0
266142 0.000000 0
266149 0.062730 0
266158 0.000000 0
266166 0.000000 0
266173 0.054540 0
266179 0.000000 0
266186 0.000000 0
266194 0.041700 0
266202 0.000000 0
266210 0.000000 0
266217 0.035370 0
266224 0.000000 0
266232 0.000000 0
266239 0.038270 0
266247 0.000000 0
266254 0.000000 0
266262 0.052690 0
266269 0.000000 0
266276 0.000000 0
266284 0.047030 0
266292 0.000000 0
266300 0.000000 0
266307 0.037260 0
266314 0.000000 0
266322 0.000000 0
266329 0.036640 0
266338 0.000000 0
266346 0.000000 0
266353 0.027050 0
266359 0.000000 0
266366 0.000000 0
266374 0.039440 0
266383 0.000000 0
266390 0.000000 0
266398 0.043840 0
266404 0.000000 0
266412 0.000000 0
266419 0.047670 0
266427 0.000000 0
266434 0.000000 0
266442 0.060500 0
266449 0.000000 0
266456 0.000000 0
266464 0.050630 0
266472 0.000000 0
266480 0.000000 0
266487 0.034040 0
266494 0.000000 0
266502 0.000000 0
266509 0.022770 0
266517 0.000000 0
266524 0.000000 0
266532 0.026780 0
266539 0.000000 0
266546 0.000000 0
266554 0.024080 0
266562 0.000000 0
266570 0.000000 0
266577 0.032440 0
266584 0.000000 0
266592 0.000000 0
266599 0.038470 0
266608 0.000000 0
266616 0.000000 0
266623 0.051510 0
266629 0.000000 0
266636 0.000000 0
266644 0.043840 0
266652 0.000000 0
266660 0.000000 0
266667 0.050780 0
266674 0.000000 0
266682 0.000000 0
266689 0.108030 0
266697 0.000000 0
266704 0.000000 0
266712 0.146470 0
266719 0.000000 0
266726 0.000000 0
266734 0.107900 0
266742 0.000000 0
266750 0.000000 0
266757 0.085570 0
266764 0.000000 0
266772 0.000000 0
266779 0.082670 0
266787 0.000000 0
266794 0.000000 0
266802 0.066740 0
266809 0.000000 0
266816 0.000000 0
266824 0.043840 0
266832 0.000000 0
266840 0.000000 0
266847 0.040770 0
266854 0.000000 0
266862 0.000000 0
266869 0.040770 0
266877 0.000000 0
266884 0.000000 0
266892 0.041890 0
266899 0.000000 0
266906 0.000000 0
266914 0.041890 0
266922 0.000000 0
266930 0.000000 0
266937 0.044010 0
266944 0.000000 0
266952 0.000000 0
266959 0.049410 0
266967 0.000000 0
266974 0.000000 0
266982 0.060140 0
266989 0.000000 0
266996 0.000000 0
267004 0.074530 0
267012 0.000000 0
267020 0.000000 0
267027 0.056460 0
267034 0.000000 0
267042 0.000000 0
267049 0.052690 0
267056 0.000000 0
267064 0.000000 0
267071 0.042970 0
267079 0.000000 0
267086 0.000000 0
267094 0.034490 0
267101 0.000000 0
267108 0.000000 0
267116 0.039060 0
267123 0.000000 0
267130 0.000000 0
267138 0.038470 0
267147 0.000000 0
267154 0.000000 0
267162 0.072540 0
267168 0.000000 0
267176 0.000000 0
267183 0.128070 0
267191 0.000000 0
267198 0.000000 0
267206 0.108810 0
267213 0.000000 0
267220 0.000000 0
267228 0.079580 0
267236 0.000000 0
267244 0.000000 0
267251 0.042420 0
267258 0.000000 0
267266 0.000000 0
267273 0.019910 0
267281 0.000000 0
267288 0.000000 0
267296 0.035160 0
267303 0.000000 0
267310 0.000000 0
267318 0.031250 0
267327 0.000000 0
267334 0.000000 0
267342 0.019910 0
267350 0.000000 0
267358 0.000000 0
267365 0.021390 0
267372 0.000000 0
267380 0.000000 0
267387 0.019130 0
267395 0.000000 0
267402 0.000000 0
267410 0.026780 0
267417 0.000000 0
267424 0.000000 0
267432 0.024700 0
267440 0.000000 0
267448 0.000000 0
267455 0.037660 0
267462 0.000000 0
267470 0.000000 0
267477 0.047670 0
267485 0.000000 0
267492 0.000000 0
267500 0.043670 0
267507 0.000000 0
267514 0.000000 0
267522 0.043840 0
267530 0.000000 0
267538 0.000000 0
267545 0.039830 0
267552 0.000000 0
267560 0.000000 0
267567 0.054540 0
267575 0.000000 0
267582 0.000000 0
267590 0.057270 0
267597 0.000000 0
267604 0.000000 0
267612 0.057940 0
267620 0.000000 0
267628 0.000000 0
267635 0.045550 0
267642 0.000000 0
267650 0.000000 0
267657 0.039830 0
267665 0.000000 0
267672 0.000000 0
267680 0.049560 0
267687 0.000000 0
267694 0.000000 0
267702 0.049260 0
267710 0.000000 0
267718 0.000000 0
267725 0.048780 0
267732 0.000000 0
267740 0.000000 0
267747 0.044710 0
267755 0.000000 0
267762 0.000000 0
267770 0.038470 0
267777 0.000000 0
267784 0.000000 0
267792 0.043140 0
267800 0.000000 0
267808 0.000000 0
267815 0.036850 0
267822 0.000000 0
267830 0.000000 0
267837 0.056200 0
267845 0.000000 0
267852 0.000000 0
267860 0.058060 0
267867 0.000000 0
267874 0.000000 0
267882 0.051220 0
267890 0.000000 0
267898 0.000000 0
267905 0.053120 0
267912 0.000000 0
267920 0.000000 0
267927 0.050480 0
267935 0.000000 0
267942 0.000000 0
267950 0.040020 0
267957 0.000000 0
267964 0.000000 0
267972 0.042070 0
267980 0.000000 0
267988 0.000000 0
267995 0.048460 0
268002 0.000000 0
268010 0.000000 0
268017 0.046710 0
268025 0.000000 0
268032 0.000000 0
268040 0.045210 0
268047 0.000000 0
268054 0.000000 0
268062 0.046540 0
268070 0.000000 0
268078 0.000000 0
268085 0.048460 0
268092 0.000000 0
268100 0.000000 0
268107 0.037460 0
268115 0.000000 0
268122 0.000000 0
268130 0.054120 0
268137 0.000000 0
268144 0.000000 0
268152 0.056340 0
268160 0.000000 0
268168 0.000000 0
268175 0.053410 0
268182 0.000000 0
268190 0.000000 0
268197 0.046880 0
268205 0.000000 0
268212 0.000000 0
268220 0.055790 0
268227 0.000000 0
268234 0.000000 0
268242 0.047200 0
268250 0.000000 0
268258 0.000000 0
268265 0.050920 0
268272 0.000000 0
268280 0.000000 0
268287 0.061880 0
268295 0.000000 0
268302 0.000000 0
268310 0.062360 0
268317 0.000000 0
268324 0.000000 0
268332 0.052400 0
268340 0.000000 0
268348 0.000000 0
268355 0.053410 0
268362 0.000000 0
268370 0.000000 0
268377 0.062610 0
268385 0.000000 0
268392 0.000000 0
268400 0.057540 0
268407 0.000000 0
268414 0.000000 0
268422 0.052260 0
268430 0.000000 0
268438 0.000000 0
268445 0.053410 0
268452 0.000000 0
268460 0.000000 0
268467 0.052260 0
268475 0.000000 0
268482 0.000000 0
268490 0.041340 0
268497 0.000000 0
268504 0.000000 0
268512 0.046050 0
268520 0.000000 0
268528 0.000000 0
268535 0.048460 0
268541 0.000000 0
268548 0.000000 0
268556 0.061010 0
268565 0.000000 0
268572 0.000000 0
268580 0.079850 0
268586 0.000000 0
268594 0.000000 0
268601 0.078420 0
268609 0.000000 0
268616 0.000000 0
268624 0.044190 0
268631 0.000000 0
268638 0.000000 0
268646 0.038670 0
268654 0.000000 0
268662 0.000000 0
268669 0.046880 0
268676 0.000000 0
268684 0.000000 0
268691 0.041150 0
268700 0.000000 0
268708 0.000000 0
268715 0.032670 0
268721 0.000000 0
268728 0.000000 0
268736 0.038670 0
268745 0.000000 0
268752 0.000000 0
268760 0.049410 0
268766 0.000000 0
268774 0.000000 0
268781 0.051380 0
268790 0.000000 0
268798 0.000000 0
268805 0.039640 0
268811 0.000000 0
268818 0.000000 0
268826 0.044880 0
268835 0.000000 0
268842 0.000000 0
268850 0.045720 1
268856 0.000000 0
268864 0.000000 0
268871 0.047520 1
268880 0.000000 0
268888 0.000000 0
268895 0.052690 1
268901 0.000000 0
268908 0.000000 0
268916 0.065250 1
268924 0.000000 0
268932 0.000000 0
268939 0.056600 1
268946 0.000000 0
268954 0.000000 0
268961 0.048460 1
268969 0.000000 0
268976 0.000000 0
268984 0.040770 1
268991 0.000000 0
268998 0.000000 0
269006 0.038470 1
269014 0.000000 0
269022 0.000000 0
269029 0.065350 1
269036 0.000000 0
269044 0.000000 0
269051 0.056340 1
269060 0.000000 0
269068 0.000000 0
269075 0.053560 1
269082 0.000000 0
269090 0.000000 0
269097 0.042600 1
269104 0.000000 0
269112 0.000000 0
269119 0.051380 1
269126 0.000000 0
269134 0.000000 0
269141 0.067200 1
269149 0.000000 0
269156 0.000000 0
269164 0.048160 1
269171 0.000000 0
269178 0.000000 0
269186 0.043140 1
269194 0.000000 0
269202 0.000000 0
269209 0.075330 1
269216 0.000000 0
269224 0.000000 0
269231 0.077240 1
269239 0.000000 0
269246 0.000000 0
269254 0.069430 1
269261 0.000000 0
269268 0.000000 0
269276 0.050170 1
269284 0.000000 0
269292 0.000000 0
269299 0.070080 1
269306 0.000000 0
269314 0.000000 0
269321 0.064420 1
269329 0.000000 0
269336 0.000000 0
269344 0.045040 1
269351 0.000000 0
269358 0.000000 0
269366 0.044710 1
269375 0.000000 0
269382 0.000000 0
269390 0.057800 1
269396 0.000000 0
269404 0.000000 0
269411 0.050920 1
269419 0.000000 0
269426 0.000000 0
269434 0.044710 1
269441 0.000000 0
269448 0.000000 0
269456 0.046370 1
269464 0.000000 0
269472 0.000000 0
269479 0.048940 1
269486 0.000000 0
269494 0.000000 0
269501 0.070190 1
269509 0.000000 0
269516 0.000000 0
269524 0.042070 1
269531 0.000000 0
269538 0.000000 0
269546 0.060000 1
269554 0.000000 0
269562 0.000000 0
269569 0.036220 1
269576 0.000000 0
269584 0.000000 0
269591 0.064880 1
269599 0.000000 0
269606 0.000000 0
269614 0.072450 1
269621 0.000000 0
269628 0.000000 0
269636 0.047200 1
269644 0.000000 0
269652 0.000000 0
269659 0.062610 1
269666 0.000000 0
269674 0.000000 0
269681 0.069110 1
269689 0.000000 0
269696 0.000000 0
269704 0.070850 1
269711 0.000000 0
269718 0.000000 0
269726 0.059620 1
269734 0.000000 0
269742 0.000000 0
269749 0.057010 1
269756 0.000000 0
269764 0.000000 0
269771 0.049560 1
269779 0.000000 0
269786 0.000000 0
269794 0.038270 1
269801 0.000000 0
269808 0.000000 0
269816 0.045550 1
269824 0.000000 0
269832 0.000000 0
269839 0.051380 1
269846 0.000000 0
269854 0.000000 0
269861 0.044190 1
269869 0.000000 0
269876 0.000000 0
269884 0.060500 1
269891 0.000000 0
269898 0.000000 0
269906 0.056200 1
269914 0.000000 0
269922 0.000000 0
269929 0.083310 1
269936 0.000000 0
269944 0.000000 0
269951 0.091430 1
269959 0.000000 0
269966 0.000000 0
269974 0.070190 1
269981 0.000000 0
269988 0.000000 0
269996 0.073080 1
270004 0.000000 0
270012 0.000000 0
270019 0.072650 1
270026 0.000000 0
270034 0.000000 0
270041 0.059880 1
270049 0.000000 0
270056 0.000000 0
270064 0.100570 1
270071 0.000000 0
270078 0.000000 0
270086 0.125600 1
270094 0.000000 0
270102 0.000000 0
270109 0.073900 1
270116 0.000000 0
270124 0.000000 0
270131 0.054260 1
270139 0.000000 0
270146 0.000000 0
270154 0.038670 1
270161 0.000000 0
270168 0.000000 0
270176 0.047350 1
270184 0.000000 0
270192 0.000000 0
270199 0.042600 1
270206 0.000000 0
270214 0.000000 0
270221 0.050780 1
270229 0.000000 0
270236 0.000000 0
270244 0.062970 1
270251 0.000000 0
270258 0.000000 0
270266 0.042250 1
270274 0.000000 0
270282 0.000000 0
270289 0.021740 1
270297 0.000000 0
270304 0.000000 0
270312 0.028960 1
270319 0.000000 0
270326 0.000000 0
270334 0.067080 1
270342 0.000000 0
270350 0.000000 0
270357 0.067660 1
