0 0.000000 1
8 0.000000 1
15 0.000000 1
22 0.000000 1
30 0.000000 1
38 0.158351 1
45 0.173468 1
52 0.079074 1
60 0.000000 1
68 0.000000 1
75 0.000000 1
82 0.021036 1
90 0.000000 1
98 0.035542 1
105 0.000000 1
112 0.000000 1
120 0.037498 1
128 0.000000 1
135 0.000000 1
142 0.000000 1
150 0.000000 1
158 0.000000 1
165 0.000000 1
172 0.044005 1
180 0.000000 1
188 0.000000 1
195 0.000000 1
202 0.090666 1
210 0.000000 1
218 0.000000 1
225 0.000000 1
232 0.000000 1
240 0.000000 1
248 0.010250 1
255 0.000000 1
262 0.000000 1
270 0.000000 1
278 0.000000 1
285 0.000000 1
292 0.040425 1
300 0.000000 1
308 0.000000 1
315 0.000000 1
322 0.000000 1
330 0.000000 1
338 0.000000 1
345 0.000000 1
352 0.000000 1
360 0.000000 1
368 0.000000 1
375 0.000000 1
382 0.000000 1
390 0.000000 1
398 0.000000 1
405 0.017572 1
412 0.000000 1
420 0.000000 1
428 0.000000 1
435 0.043969 1
442 0.000000 1
450 0.000000 1
458 0.000000 1
465 0.000000 1
472 0.000000 1
480 0.000000 1
488 0.029175 1
495 0.000000 1
502 0.000000 1
510 0.000000 1
518 0.000000 1
525 0.000000 1
532 0.028883 1
540 0.023401 1
548 0.000000 1
555 0.000000 1
562 0.000000 1
570 0.000000 1
578 0.062586 1
585 0.000000 1
592 0.000000 1
600 0.000000 1
608 0.000000 1
615 0.000000 1
622 0.000000 1
630 0.068064 1
638 0.000000 1
645 0.000000 1
652 0.000000 1
660 0.000000 1
668 0.000000 1
675 0.088053 1
682 0.000000 1
690 0.000000 1
698 0.000000 1
705 0.073479 1
712 0.000000 1
720 0.000000 1
728 0.000000 1
735 0.000000 1
742 0.000000 1
750 0.000000 1
758 0.072119 1
765 0.000000 1
772 0.062805 1
780 0.000000 1
788 0.097914 1
795 0.057384 1
802 0.000000 1
810 0.000000 1
818 0.000000 1
825 0.018371 1
832 0.000000 1
840 0.000000 1
848 0.000000 1
855 0.000000 1
862 0.000000 1
870 0.000000 1
878 0.101452 1
885 0.000000 1
892 0.000000 1
900 0.000000 1
908 0.000000 1
915 0.031546 1
922 0.000000 1
930 0.000000 1
938 0.000000 1
945 0.000000 1
952 0.000000 1
960 0.000000 1
968 0.000000 1
975 0.051637 1
982 0.042015 1
990 0.000000 1
998 0.000000 1
1005 0.000000 1
1012 0.122236 1
1020 0.000000 1
1028 0.000000 1
1035 0.000000 1
1042 0.000000 1
1050 0.000000 1
1058 0.000000 1
1065 0.052771 0
1072 0.000000 0
1080 0.000000 0
1088 0.106082 0
1095 0.000000 0
1102 0.000000 0
1110 0.000000 0
1118 0.079787 0
1125 0.041614 0
1132 0.000000 0
1140 0.078977 0
1148 0.035990 0
1155 0.000000 0
1162 0.000000 0
1170 0.000000 0
1178 0.098408 0
1185 0.097619 0
1192 0.000000 0
1200 0.145263 0
1208 0.080460 0
1215 0.000000 0
1222 0.102745 0
1230 0.086857 0
1238 0.000000 0
1245 0.000000 0
1252 0.000000 0
1260 0.000000 0
1268 0.000000 0
1275 0.000000 0
1282 0.000000 0
1290 0.000000 0
1298 0.000000 1
1305 0.000000 1
1312 0.101124 1
1320 0.058171 1
1328 0.000000 0
1335 0.000000 0
1342 0.000000 0
1350 0.000000 0
1358 0.000000 0
1365 0.000000 0
1372 0.000000 0
1380 0.000000 0
1388 0.000000 0
1395 0.000000 0
1402 0.000000 0
1410 0.000000 0
1418 0.000000 0
1425 0.000000 0
1432 0.125467 0
1440 0.000000 0
1448 0.000000 0
1455 0.045441 0
1462 0.000000 0
1470 0.000000 0
1478 0.000000 0
1485 0.000000 0
1492 0.079034 0
1500 0.000000 0
1508 0.000000 0
1515 0.000000 0
1522 0.000000 0
1530 0.108017 0
1538 0.107611 0
1545 0.000000 0
1552 0.000000 0
1560 0.000000 0
1568 0.000000 0
1575 0.000000 0
1582 0.000000 0
1590 0.000000 0
1598 0.082980 0
1605 0.000000 0
1612 0.000000 0
1620 0.000000 0
1628 0.000000 0
1635 0.000000 0
1642 0.000000 0
1650 0.056189 0
1658 0.083989 0
1665 0.000000 0
1672 0.000000 0
1680 0.000000 0
1688 0.037597 0
1695 0.086489 0
1702 0.143263 0
1710 0.000000 0
1718 0.000000 0
1725 0.000000 0
1732 0.000000 0
1740 0.000000 0
1748 0.000000 0
1755 0.000000 0
1762 0.000000 0
1770 0.000000 0
1778 0.000000 0
1785 0.000000 0
1792 0.000000 0
1800 0.000000 0
1808 0.000000 0
1815 0.000000 0
1822 0.000000 0
1830 0.000000 0
1838 0.000000 0
1845 0.000000 0
1852 0.000000 0
1860 0.000000 0
1868 0.000000 0
1875 0.000000 0
1882 0.000000 0
1890 0.000000 0
1898 0.000000 0
1905 0.000000 0
1912 0.102479 0
1920 0.000000 0
1928 0.000000 0
1935 0.000000 0
1942 0.000000 0
1950 0.000000 0
1958 0.105228 0
1965 0.000000 0
1972 0.048694 0
1980 0.000000 0
1988 0.000000 0
1995 0.000000 0
2002 0.000000 0
2010 0.098825 0
2018 0.000000 0
2025 0.000000 0
2032 0.000000 0
2040 0.000000 0
2048 0.151283 0
2055 0.000000 0
2062 0.000000 0
2070 0.000000 0
2078 0.000000 0
2085 0.000000 0
2092 0.123364 0
2100 0.143292 0
2108 0.028371 0
2115 0.000000 0
2122 0.000000 0
2130 0.000000 0
2138 0.000000 0
2145 0.000000 0
2152 0.000000 0
2160 0.066571 0
2168 0.000000 0
2175 0.000000 0
2182 0.000000 0
2190 0.000000 0
2198 0.000000 0
2205 0.000000 0
2212 0.000000 0
2220 0.000000 0
2228 0.000000 0
2235 0.000000 0
2242 0.000000 0
2250 0.000000 0
2258 0.000000 0
2265 0.000000 0
2272 0.000000 0
2280 0.000000 0
2288 0.000000 0
2295 0.000000 0
2302 0.000000 0
2310 0.000000 0
2318 0.000000 0
2325 0.000000 0
2332 0.000000 0
2340 0.000000 0
2348 0.000000 0
2355 0.000000 0
2362 0.000000 0
2370 0.000000 0
2378 0.000000 0
2385 0.000000 0
2392 0.037528 0
2400 0.000000 0
2408 0.000000 0
2415 0.134955 0
2422 0.000000 0
2430 0.000000 0
2438 0.000000 0
2445 0.000000 0
2452 0.000000 0
2460 0.000000 0
2468 0.000000 0
2475 0.000000 0
2482 0.000000 0
2490 0.000000 0
2498 0.000000 0
2505 0.000000 0
2512 0.196093 0
2520 0.168818 0
2528 0.000000 0
2535 0.000000 0
2542 0.000000 0
2550 0.173836 0
2558 0.109072 0
2565 0.000000 0
2572 0.000000 0
2580 0.000000 0
2588 0.195340 0
2595 0.188838 0
2602 0.000000 0
2610 0.000000 0
2618 0.000000 0
2625 0.000000 0
2632 0.155529 0
2640 0.000000 0
2648 0.146943 0
2655 0.000000 0
2662 0.000000 0
2670 0.000000 0
2678 0.000000 0
2685 0.000000 0
2692 0.000000 0
2700 0.125592 0
2708 0.075847 0
2715 0.000000 0
2722 0.000000 0
2730 0.000000 0
2738 0.000000 0
2745 0.137476 0
2752 0.000000 0
2760 0.000000 0
2768 0.000000 0
2775 0.074866 0
2782 0.000000 0
2790 0.000000 0
2798 0.000000 0
2805 0.000000 0
2812 0.127615 0
2820 0.060131 0
2828 0.000000 0
2835 0.039874 0
2842 0.000000 0
2850 0.067522 0
2858 0.000000 0
2865 0.000000 0
2872 0.000000 0
2880 0.111248 0
2888 0.074687 0
2895 0.064003 0
2902 0.209131 0
2910 0.138668 0
2918 0.066430 0
2925 0.190381 0
2932 0.202523 0
2940 0.044021 0
2948 0.168488 0
2955 0.123074 0
2962 0.194070 0
2970 0.082850 0
2978 0.059382 0
2985 0.000000 0
2992 0.191188 0
3000 0.232600 0
3008 0.271896 0
3015 0.000000 0
3022 0.222495 0
3030 0.000000 0
3038 0.183150 0
3045 0.265427 0
3052 0.000000 0
3060 0.159812 0
3068 0.244553 0
3075 0.187447 0
3082 0.123491 0
3090 0.269009 0
3098 0.241400 0
3105 0.136454 0
3112 0.101116 0
3120 0.145024 0
3128 0.044907 0
3135 0.000000 0
3142 0.992522 0
3150 0.715185 0
3158 0.000000 0
3165 0.000000 0
3172 0.000000 0
3180 0.237353 0
3188 0.265074 0
3195 0.002741 0
3202 0.080278 0
3210 0.286257 0
3218 0.049312 0
3225 0.106407 0
3232 0.222945 0
3240 0.347851 0
3248 0.236941 0
3255 0.343945 0
3262 0.208165 0
3270 0.000000 0
3278 0.000000 0
3285 0.149636 0
3292 0.065003 0
3300 0.074998 0
3308 0.000000 0
3315 0.000000 0
3322 0.000000 0
3330 0.070607 0
3338 0.142368 0
3345 0.075505 0
3352 0.091668 0
3360 0.248824 0
3368 0.253253 0
3375 0.404584 0
3382 0.447613 0
3390 0.079510 0
3398 0.000000 0
3405 0.000000 0
3412 0.000000 0
3420 0.000000 0
3428 0.100295 0
3435 0.167988 0
3442 0.034554 0
3450 0.000000 0
3458 0.000000 0
3465 0.000000 0
3472 0.070817 0
3480 0.127167 0
3488 0.106446 0
3495 0.094197 0
3502 0.047849 0
3510 0.284963 0
3518 0.194390 0
3525 0.000000 0
3532 0.000000 0
3540 0.000000 0
3548 0.000000 0
3555 0.000000 0
3562 0.168079 0
3570 0.000000 0
3578 0.000000 0
3585 0.000000 0
3592 0.000000 0
3600 0.193482 0
3608 0.853459 0
3615 0.966674 0
3622 0.331702 0
3630 0.000000 0
3638 0.000000 0
3645 0.000000 0
3652 0.099639 0
3660 0.000000 0
3668 0.000000 0
3675 0.000000 0
3682 0.048026 0
3690 0.207175 0
3698 0.000000 0
3705 0.139303 0
3712 0.226192 0
3720 0.200362 0
3728 0.219046 0
3735 0.364451 0
3742 0.387878 0
3750 0.124940 0
3758 0.000000 0
3765 0.000000 0
3772 0.000000 0
3780 0.000000 0
3788 0.000000 0
3795 0.000000 0
3802 0.000000 0
3810 0.133634 0
3818 0.070694 0
3825 0.000000 0
3832 0.055253 0
3840 0.203583 0
3848 0.263401 0
3855 0.186080 0
3862 0.000000 0
3870 0.000000 0
3878 0.000000 0
3885 0.000000 0
3892 0.000000 0
3900 0.000000 0
3908 0.000000 0
3915 0.066919 0
3922 0.150782 0
3930 0.000000 0
3938 0.000000 0
3945 0.000000 0
3952 0.000000 0
3960 0.000000 0
3968 0.382849 0
3975 0.470293 0
3982 0.176045 0
3990 0.000000 0
3998 0.000000 0
4005 0.000000 0
4012 0.000000 0
4020 0.000000 0
4028 0.000000 0
4035 0.000000 0
4042 0.000000 0
4050 0.000000 0
4058 0.000000 0
4065 0.021339 0
4072 0.201789 0
4080 1.000000 0
4088 0.699566 0
4095 0.000000 0
4102 0.000000 0
4110 0.000000 0
4118 0.262862 0
4125 0.184612 0
4132 0.000000 0
4140 0.000000 0
4148 0.000000 0
4155 0.000000 0
4162 0.000000 0
4170 0.149055 0
4178 0.140532 0
4185 0.000000 0
4192 0.000000 0
4200 0.079313 0
4208 0.519673 0
4215 0.255918 0
4222 0.000000 0
4230 0.000000 0
4238 0.000000 0
4245 0.000000 0
4252 0.000000 0
4260 0.000000 0
4268 0.000000 0
4275 0.000000 0
4282 0.000000 0
4290 0.000000 0
4298 0.134146 0
4305 0.251667 0
4312 0.507685 0
4320 0.405255 0
4328 0.000000 0
4335 0.000000 0
4342 0.000000 0
4350 0.000000 0
4358 0.000000 0
4365 0.000000 0
4372 0.000000 0
4380 0.000000 0
4388 0.000000 0
4395 0.000000 0
4402 0.000000 0
4410 0.000000 0
4418 0.000000 0
4425 0.000000 0
4432 0.000000 0
4440 0.298187 0
4448 0.421564 0
4455 0.000000 0
4462 0.000000 0
4470 0.000000 0
4478 0.000000 0
4485 0.000000 0
4492 0.000000 0
4500 0.000000 0
4508 0.000000 0
4515 0.000000 0
4522 0.000000 0
4530 0.000000 0
4538 0.000000 0
4545 1.000000 0
4552 0.999995 0
4560 0.312177 0
4568 0.000000 0
4575 0.000000 0
4582 0.000000 0
4590 0.000000 0
4598 0.000000 0
4605 0.000000 0
4612 0.000000 0
4620 0.000000 0
4628 0.000000 0
4635 0.000000 0
4642 0.000000 0
4650 0.000000 0
4658 0.193019 0
4665 0.249024 0
4672 0.436198 0
4680 0.457523 0
4688 0.098149 0
4695 0.000000 0
4702 0.000000 0
4710 0.000000 0
4718 0.000000 0
4725 0.000000 0
4732 0.000000 0
4740 0.000000 0
4748 0.000000 0
4755 0.000000 0
4762 0.000000 0
4770 0.000000 0
4778 0.314852 0
4785 0.448551 0
4792 0.225702 0
4800 0.000000 0
4808 0.000000 0
4815 0.000000 0
4822 0.000000 0
4830 0.000000 0
4838 0.000000 0
4845 0.000000 0
4852 0.000000 0
4860 0.000000 0
4868 0.000000 0
4875 0.000000 0
4882 0.000000 0
4890 0.000000 0
4898 0.109437 0
4905 0.435920 0
4912 0.485312 0
4920 0.133954 0
4928 0.000000 0
4935 0.000000 0
4942 0.000000 0
4950 0.000000 0
4958 0.000000 0
4965 0.000000 0
4972 0.000000 0
4980 0.000000 0
4988 0.000000 0
4995 0.000000 0
5002 0.000000 0
5010 0.287424 0
5018 1.000000 0
5025 0.693554 0
5032 0.000000 0
5040 0.000000 0
5048 0.000000 0
5055 0.155276 0
5062 0.000000 0
5070 0.000000 0
5078 0.000000 0
5085 0.000000 0
5092 0.000000 0
5100 0.000000 0
5108 0.085313 0
5115 0.000000 0
5122 0.022692 0
5130 0.000000 0
5138 0.281295 0
5145 0.513398 0
5152 0.293804 0
5160 0.000000 0
5168 0.000000 0
5175 0.000000 0
5182 0.000000 0
5190 0.000000 0
5198 0.000000 0
5205 0.000000 0
5212 0.000000 0
5220 0.000000 0
5228 0.000000 0
5235 0.000000 0
5242 0.044987 0
5250 0.642220 0
5258 0.442894 0
5265 0.000000 0
5272 0.000000 0
5280 0.000000 0
5288 0.000000 0
5295 0.000000 0
5302 0.000000 0
5310 0.000000 0
5318 0.000000 0
5325 0.000000 0
5332 0.000000 0
5340 0.000000 0
5348 0.000000 0
5355 0.000000 0
5362 0.000000 0
5370 0.069586 0
5378 0.246272 0
5385 0.484560 0
5392 0.075924 0
5400 0.000000 0
5408 0.000000 0
5415 0.000000 0
5422 0.000000 0
5430 0.000000 0
5438 0.000000 0
5445 0.000000 0
5452 0.000000 0
5460 0.000000 0
5468 0.000000 0
5475 0.000000 0
5482 1.000000 0
5490 1.000000 0
5498 0.289532 0
5505 0.000000 0
5512 0.000000 0
5520 0.000000 0
5528 0.000000 0
5535 0.000000 0
5542 0.000000 0
5550 0.000000 0
5558 0.000000 0
5565 0.000000 0
5572 0.000000 0
5580 0.000000 0
5588 0.191992 0
5595 0.000000 0
5602 0.145832 0
5610 0.477739 0
5618 0.447428 0
5625 0.000000 0
5632 0.000000 0
5640 0.000000 0
5648 0.000000 0
5655 0.000000 0
5662 0.000000 0
5670 0.000000 0
5678 0.000000 0
5685 0.000000 0
5692 0.000000 0
5700 0.000000 0
5708 0.000000 0
5715 0.231560 0
5722 0.411652 0
5730 0.247089 0
5738 0.000000 0
5745 0.000000 0
5752 0.000000 0
5760 0.000000 0
5768 0.000000 0
5775 0.000000 0
5782 0.000000 0
5790 0.000000 0
5798 0.000000 0
5805 0.000000 0
5812 0.000000 0
5820 0.000000 0
5828 0.000000 0
5835 0.168726 0
5842 0.505406 0
5850 0.532254 0
5858 0.000000 0
5865 0.000000 0
5872 0.000000 0
5880 0.000000 0
5888 0.000000 0
5895 0.000000 0
5902 0.000000 0
5910 0.000000 0
5918 0.000000 0
5925 0.000000 0
5932 0.000000 0
5940 0.000000 0
5948 0.377969 0
5955 1.000000 0
5962 0.704854 0
5970 0.000000 0
5978 0.000000 0
5985 0.000000 0
5992 0.000000 0
6000 0.000000 0
6008 0.000000 0
6015 0.000000 0
6022 0.000000 0
6030 0.136599 0
6038 0.000000 0
6045 0.000000 0
6052 0.181321 0
6060 0.000000 0
6068 0.000000 0
6075 0.233202 0
6082 0.551545 0
6090 0.247611 0
6098 0.000000 0
6105 0.000000 0
6112 0.000000 0
6120 0.000000 0
6128 0.000000 0
6135 0.000000 0
6142 0.000000 0
6150 0.000000 0
6158 0.000000 0
6165 0.000000 0
6172 0.000000 0
6180 0.258987 0
6188 0.594737 0
6195 0.447840 0
6202 0.000000 0
6210 0.000000 0
6218 0.000000 0
6225 0.000000 0
6232 0.000000 0
6240 0.000000 0
6248 0.000000 0
6255 0.000000 0
6262 0.000000 0
6270 0.000000 0
6278 0.000000 0
6285 0.000000 0
6292 0.000000 0
6300 0.000000 0
6308 0.000000 0
6315 0.296373 0
6322 0.497925 0
6330 0.000000 0
6338 0.000000 0
6345 0.000000 0
6352 0.000000 0
6360 0.000000 0
6368 0.000000 0
6375 0.000000 0
6382 0.000000 0
6390 0.000000 0
6398 0.000000 0
6405 0.000000 0
6412 0.000000 0
6420 1.000000 0
6428 1.000000 0
6435 0.246432 0
6442 0.000000 0
6450 0.000000 0
6458 0.000000 0
6465 0.198298 0
6472 0.000000 0
6480 0.000000 0
6488 0.000000 0
6495 0.000000 0
6502 0.000000 0
6510 0.000000 0
6518 0.000000 0
6525 0.063586 0
6532 0.068191 0
6540 0.000000 0
6548 0.537574 0
6555 0.495532 0
6562 0.148568 0
6570 0.000000 0
6578 0.000000 0
6585 0.000000 0
6592 0.000000 0
6600 0.000000 0
6608 0.000000 0
6615 0.000000 0
6622 0.000000 0
6630 0.000000 0
6638 0.000000 0
6645 0.000000 0
6652 0.307743 0
6660 0.394731 0
6668 0.292872 0
6675 0.000000 0
6682 0.000000 0
6690 0.000000 0
6698 0.000000 0
6705 0.000000 0
6712 0.000000 0
6720 0.000000 0
6728 0.000000 0
6735 0.000000 0
6742 0.000000 0
6750 0.000000 0
6758 0.000000 0
6765 0.000000 0
6772 0.000000 0
6780 0.536551 0
6788 0.551144 0
6795 0.198041 0
6802 0.000000 0
6810 0.000000 0
6818 0.000000 0
6825 0.000000 0
6832 0.000000 0
6840 0.000000 0
6848 0.000000 0
6855 0.000000 0
6862 0.000000 0
6870 0.000000 0
6878 0.000000 0
6885 0.496916 0
6892 1.000000 0
6900 0.689456 0
6908 0.000000 0
6915 0.000000 0
6922 0.000000 0
6930 0.203097 0
6938 0.111105 0
6945 0.000000 0
6952 0.000000 0
6960 0.000000 0
6968 0.000000 0
6975 0.000000 0
6982 0.000000 0
6990 0.161812 0
6998 0.000000 0
7005 0.000000 0
7012 0.221345 0
7020 0.547896 0
7028 0.328991 0
7035 0.000000 0
7042 0.000000 0
7050 0.000000 0
7058 0.000000 0
7065 0.000000 0
7072 0.000000 0
7080 0.000000 0
7088 0.000000 0
7095 0.000000 0
7102 0.000000 0
7110 0.000000 0
7118 0.067899 0
7125 0.682366 0
7132 0.483220 0
7140 0.000000 0
7148 0.000000 0
7155 0.000000 0
7162 0.000000 0
7170 0.000000 0
7178 0.000000 0
7185 0.000000 0
7192 0.000000 0
7200 0.000000 0
7208 0.000000 0
7215 0.000000 0
7222 0.000000 0
7230 0.000000 0
7238 0.000000 0
7245 0.000000 0
7252 0.287429 0
7260 0.502886 0
7268 0.138594 0
7275 0.000000 0
7282 0.000000 0
7290 0.000000 0
7298 0.000000 0
7305 0.000000 0
7312 0.000000 0
7320 0.000000 0
7328 0.000000 0
7335 0.000000 0
7342 0.000000 0
7350 0.000000 0
7358 1.000000 0
7365 1.000000 0
7372 0.265930 0
7380 0.000000 0
7388 0.000000 0
7395 0.000000 0
7402 0.083893 0
7410 0.000000 0
7418 0.000000 0
7425 0.000000 0
7432 0.000000 0
7440 0.000000 0
7448 0.000000 0
7455 0.000000 0
7462 0.000000 0
7470 0.000000 0
7478 0.070494 0
7485 0.549575 0
7492 0.456636 0
7500 0.059643 0
7508 0.000000 0
7515 0.000000 0
7522 0.000000 0
7530 0.000000 0
7538 0.000000 0
7545 0.000000 0
7552 0.000000 0
7560 0.000000 0
7568 0.000000 0
7575 0.000000 0
7582 0.000000 0
7590 0.324120 0
7598 0.454773 0
7605 0.300195 0
7612 0.000000 0
7620 0.000000 0
7628 0.000000 0
7635 0.000000 0
7642 0.000000 0
7650 0.000000 0
7658 0.000000 0
7665 0.000000 0
7672 0.000000 0
7680 0.000000 0
7688 0.000000 0
7695 0.000000 0
7702 0.000000 0
7710 0.144170 0
7718 0.536430 0
7725 0.567294 0
7732 0.125307 0
7740 0.000000 0
7748 0.000000 0
7755 0.000000 0
7762 0.000000 0
7770 0.000000 0
7778 0.000000 0
7785 0.000000 0
7792 0.000000 0
7800 0.000000 0
7808 0.000000 0
7815 0.000000 0
7822 0.569681 0
7830 1.000000 0
7838 0.696165 0
7845 0.000000 0
7852 0.000000 0
7860 0.000000 0
7868 0.139828 0
7875 0.000000 0
7882 0.000000 0
7890 0.000000 0
7898 0.000000 0
7905 0.000000 0
7912 0.000000 0
7920 0.000000 0
7928 0.000000 0
7935 0.079314 0
7942 0.000000 0
7950 0.262961 0
7958 0.503777 0
7965 0.288800 0
7972 0.000000 0
7980 0.000000 0
7988 0.000000 0
7995 0.000000 0
8002 0.000000 0
8010 0.000000 0
8018 0.000000 0
8025 0.000000 0
8032 0.000000 0
8040 0.000000 0
8048 0.000000 0
8055 0.206603 0
8062 0.629488 0
8070 0.426648 0
8078 0.113985 0
8085 0.000000 0
8092 0.000000 0
8100 0.000000 0
8108 0.000000 0
8115 0.000000 0
8122 0.000000 0
8130 0.000000 0
8138 0.000000 0
8145 0.000000 0
8152 0.000000 0
8160 0.000000 0
8168 0.000000 0
8175 0.000000 0
8182 0.000000 0
8190 0.259675 0
8198 0.546220 0
8205 0.000000 0
8212 0.000000 0
8220 0.000000 0
8228 0.000000 0
8235 0.000000 0
8242 0.000000 0
8250 0.000000 0
8258 0.000000 0
8265 0.000000 0
8272 0.000000 0
8280 0.000000 0
8288 0.000000 0
8295 1.000000 0
8302 1.000000 0
8310 0.285107 0
8318 0.000000 0
8325 0.000000 0
8332 0.000000 0
8340 0.000000 0
8348 0.000000 0
8355 0.000000 0
8362 0.000000 0
8370 0.000000 0
8378 0.000000 0
8385 0.000000 0
8392 0.000000 0
8400 0.000000 0
8408 0.000000 0
8415 0.126531 0
8422 0.501529 0
8430 0.486939 0
8438 0.000000 0
8445 0.000000 0
8452 0.000000 0
8460 0.000000 0
8468 0.000000 0
8475 0.000000 0
8482 0.000000 0
8490 0.000000 0
8498 0.000000 0
8505 0.000000 0
8512 0.000000 0
8520 0.000000 0
8528 0.268735 0
8535 0.431617 0
8542 0.289956 0
8550 0.000000 0
8558 0.000000 0
8565 0.000000 0
8572 0.000000 0
8580 0.000000 0
8588 0.000000 0
8595 0.000000 0
8602 0.000000 0
8610 0.000000 0
8618 0.000000 0
8625 0.000000 0
8632 0.000000 0
8640 0.000000 0
8648 0.000000 0
8655 0.546825 0
8662 0.545067 0
8670 0.050424 0
8678 0.000000 0
8685 0.000000 0
8692 0.000000 0
8700 0.000000 0
8708 0.000000 0
8715 0.000000 0
8722 0.000000 0
8730 0.000000 0
8738 0.000000 0
8745 0.000000 0
8752 0.000000 0
8760 0.603045 0
8768 1.000000 0
8775 0.695027 0
8782 0.000000 0
8790 0.000000 0
8798 0.000000 0
8805 0.000000 0
8812 0.000000 0
8820 0.000000 0
8828 0.000000 0
8835 0.000000 0
8842 0.000000 0
8850 0.000000 0
8858 0.000000 0
8865 0.000000 0
8872 0.000000 0
8880 0.000000 0
8888 0.253877 0
8895 0.541019 0
8902 0.256401 0
8910 0.000000 0
8918 0.000000 0
8925 0.000000 0
8932 0.000000 0
8940 0.000000 0
8948 0.000000 0
8955 0.000000 0
8962 0.000000 0
8970 0.000000 0
8978 0.000000 0
8985 0.000000 0
8992 0.173213 0
9000 0.608338 0
9008 0.465677 0
9015 0.000000 0
9022 0.000000 0
9030 0.000000 0
9038 0.000000 0
9045 0.000000 0
9052 0.000000 0
9060 0.000000 0
9068 0.000000 0
9075 0.000000 0
9082 0.000000 0
9090 0.000000 0
9098 0.000000 0
9105 0.000000 0
9112 0.000000 0
9120 0.000000 0
9128 0.190356 0
9135 0.553537 0
9142 0.022494 0
9150 0.000000 0
9158 0.000000 0
9165 0.000000 0
9172 0.000000 0
9180 0.000000 0
9188 0.000000 0
9195 0.000000 0
9202 0.000000 0
9210 0.000000 0
9218 0.000000 0
9225 0.000000 0
9232 1.000000 0
9240 1.000000 0
9248 0.258818 0
9255 0.000000 0
9262 0.000000 0
9270 0.000000 0
9278 0.175257 0
9285 0.000000 0
9292 0.000000 0
9300 0.000000 0
9308 0.000000 0
9315 0.000000 0
9322 0.000000 0
9330 0.000000 0
9338 0.000000 0
9345 0.000000 0
9352 0.143214 0
9360 0.514228 0
9368 0.461237 0
9375 0.103664 0
9382 0.000000 0
9390 0.000000 0
9398 0.000000 0
9405 0.000000 0
9412 0.000000 0
9420 0.000000 0
9428 0.000000 0
9435 0.000000 0
9442 0.000000 0
9450 0.000000 0
9458 0.000000 0
9465 0.101800 0
9472 0.374006 0
9480 0.360141 0
9488 0.000000 0
9495 0.000000 0
9502 0.000000 0
9510 0.000000 0
9518 0.000000 0
9525 0.000000 0
9532 0.000000 0
9540 0.000000 0
9548 0.000000 0
9555 0.000000 0
9562 0.000000 0
9570 0.000000 0
9578 0.000000 0
9585 0.275953 0
9592 0.516072 0
9600 0.520450 0
9608 0.100731 0
9615 0.000000 0
9622 0.000000 0
9630 0.000000 0
9638 0.000000 0
9645 0.000000 0
9652 0.000000 0
9660 0.000000 0
9668 0.000000 0
9675 0.000000 0
9682 0.000000 0
9690 0.000000 0
9698 0.337900 0
9705 1.000000 0
9712 0.700637 0
9720 0.000000 0
9728 0.000000 0
9735 0.000000 0
9742 0.000000 0
9750 0.000000 0
9758 0.000000 0
9765 0.000000 0
9772 0.000000 0
9780 0.000000 0
9788 0.000000 0
9795 0.000000 0
9802 0.000000 0
9810 0.000000 0
9818 0.000000 0
9825 0.340003 0
9832 0.518203 0
9840 0.376675 0
9848 0.000000 0
9855 0.000000 0
9862 0.000000 0
9870 0.000000 0
9878 0.000000 0
9885 0.000000 0
9892 0.000000 0
9900 0.000000 0
9908 0.000000 0
9915 0.000000 0
9922 0.000000 0
9930 0.000000 0
9938 0.609989 0
9945 0.459015 0
9952 0.147672 0
9960 0.000000 0
9968 0.000000 0
9975 0.000000 0
9982 0.000000 0
9990 0.000000 0
9998 0.000000 0
10005 0.000000 0
10012 0.000000 0
10020 0.000000 0
10028 0.000000 0
10035 0.000000 0
10042 0.000000 0
10050 0.000000 0
10058 0.000000 0
10065 0.117787 0
10072 0.457025 0
10080 0.158500 0
10088 0.000000 0
10095 0.000000 0
10102 0.000000 0
10110 0.000000 0
10118 0.000000 0
10125 0.000000 0
10132 0.000000 0
10140 0.000000 0
10148 0.000000 0
10155 0.000000 0
10162 0.000000 0
10170 1.000000 0
10178 0.977206 0
10185 0.186612 0
10192 0.000000 0
10200 0.000000 0
10208 0.000000 0
10215 0.000000 0
10222 0.063537 0
10230 0.000000 0
10238 0.000000 0
10245 0.000000 0
10252 0.000000 0
10260 0.000000 0
10268 0.000000 0
10275 0.136623 0
10282 0.000000 0
10290 0.131611 0
10298 0.542813 0
10305 0.528069 0
10312 0.186155 0
10320 0.000000 0
10328 0.000000 0
10335 0.000000 0
10342 0.000000 0
10350 0.000000 0
10358 0.000000 0
10365 0.000000 0
10372 0.000000 0
10380 0.000000 0
10388 0.000000 0
10395 0.000000 0
10402 0.162224 0
10410 0.389533 0
10418 0.280039 0
10425 0.000000 0
10432 0.000000 0
10440 0.000000 0
10448 0.000000 0
10455 0.000000 0
10462 0.000000 0
10470 0.000000 0
10478 0.000000 0
10485 0.000000 0
10492 0.000000 0
10500 0.000000 0
10508 0.000000 0
10515 0.000000 0
10522 0.242984 0
10530 0.536363 0
10538 0.521892 0
10545 0.068731 0
10552 0.000000 0
10560 0.000000 0
10568 0.000000 0
10575 0.000000 0
10582 0.000000 0
10590 0.000000 0
10598 0.000000 0
10605 0.000000 0
10612 0.000000 0
10620 0.000000 0
10628 0.000000 0
10635 0.000000 0
10642 1.000000 0
10650 0.682666 0
10658 0.000000 0
10665 0.000000 0
10672 0.000000 0
10680 0.000000 0
10688 0.000000 0
10695 0.000000 0
10702 0.000000 0
10710 0.000000 0
10718 0.000000 0
10725 0.000000 0
10732 0.000000 0
10740 0.149634 0
10748 0.069522 0
10755 0.000000 0
10762 0.000000 0
10770 0.418470 0
10778 0.271841 0
10785 0.000000 0
10792 0.000000 0
10800 0.000000 0
10808 0.000000 0
10815 0.000000 0
10822 0.000000 0
10830 0.000000 0
10838 0.000000 0
10845 0.000000 0
10852 0.000000 0
10860 0.000000 0
10868 0.169974 0
10875 0.552801 0
10882 0.348081 0
10890 0.161303 0
10898 0.000000 0
10905 0.000000 0
10912 0.000000 0
10920 0.000000 0
10928 0.000000 0
10935 0.000000 0
10942 0.000000 0
10950 0.000000 0
10958 0.000000 0
10965 0.000000 0
10972 0.000000 0
10980 0.000000 0
10988 0.000000 0
10995 0.000000 0
11002 0.000000 0
11010 0.460276 0
11018 0.068821 0
11025 0.000000 0
11032 0.000000 0
11040 0.000000 0
11048 0.000000 0
11055 0.000000 0
11062 0.000000 0
11070 0.000000 0
11078 0.000000 0
11085 0.000000 0
11092 0.000000 0
11100 0.000000 0
11108 1.000000 0
11115 1.000000 0
11122 0.249429 0
11130 0.000000 0
11138 0.000000 0
11145 0.000000 0
11152 0.000000 0
11160 0.000000 0
11168 0.000000 0
11175 0.000000 0
11182 0.000000 0
11190 0.000000 0
11198 0.000000 0
11205 0.000000 0
11212 0.000000 0
11220 0.000000 0
11228 0.000000 0
11235 0.536582 0
11242 0.477182 0
11250 0.000000 0
11258 0.000000 0
11265 0.000000 0
11272 0.000000 0
11280 0.000000 0
11288 0.000000 0
11295 0.000000 0
11302 0.000000 0
11310 0.000000 0
11318 0.000000 0
11325 0.000000 0
11332 0.000000 0
11340 0.255818 0
11348 0.381866 0
11355 0.240863 0
11362 0.000000 0
11370 0.000000 0
11378 0.000000 0
11385 0.000000 0
11392 0.000000 0
11400 0.000000 0
11408 0.000000 0
11415 0.000000 0
11422 0.000000 0
11430 0.000000 0
11438 0.000000 0
11445 0.000000 0
11452 0.000000 0
11460 0.252039 0
11468 0.499124 0
11475 0.523484 0
11482 0.128311 0
11490 0.000000 0
11498 0.000000 0
11505 0.000000 0
11512 0.000000 0
11520 0.000000 0
11528 0.000000 0
11535 0.000000 0
11542 0.000000 0
11550 0.000000 0
11558 0.000000 0
11565 0.000000 0
11572 0.502512 0
11580 1.000000 0
11588 0.691890 0
11595 0.000000 0
11602 0.000000 0
11610 0.000000 0
11618 0.000000 0
11625 0.000000 0
11632 0.000000 0
11640 0.000000 0
11648 0.000000 0
11655 0.000000 0
11662 0.000000 0
11670 0.000000 0
11678 0.055393 0
11685 0.000000 0
11692 0.000000 0
11700 0.296930 0
11708 0.537089 0
11715 0.294922 0
11722 0.000000 0
11730 0.000000 0
11738 0.000000 0
11745 0.000000 0
11752 0.000000 0
11760 0.000000 0
11768 0.000000 0
11775 0.000000 0
11782 0.000000 0
11790 0.000000 0
11798 0.000000 0
11805 0.219473 0
11812 0.539176 0
11820 0.419407 0
11828 0.128159 0
11835 0.000000 0
11842 0.000000 0
11850 0.000000 0
11858 0.000000 0
11865 0.000000 0
11872 0.000000 0
11880 0.000000 0
11888 0.000000 0
11895 0.000000 0
11902 0.000000 0
11910 0.000000 0
11918 0.000000 0
11925 0.000000 0
11932 0.000000 0
11940 0.202456 0
11948 0.458727 0
11955 0.085107 0
11962 0.000000 0
11970 0.000000 0
11978 0.000000 0
11985 0.000000 0
11992 0.000000 0
12000 0.000000 0
12008 0.000000 0
12015 0.000000 0
12022 0.000000 0
12030 0.000000 0
12038 0.000000 0
12045 1.000000 0
12052 1.000000 0
12060 0.242146 0
12068 0.000000 0
12075 0.000000 0
12082 0.000000 0
12090 0.105856 0
12098 0.000000 0
12105 0.000000 0
12112 0.000000 0
12120 0.000000 0
12128 0.000000 0
12135 0.000000 0
12142 0.000000 0
12150 0.000000 0
12158 0.000000 0
12165 0.111534 0
12172 0.534851 0
12180 0.448852 0
12188 0.000000 0
12195 0.000000 0
12202 0.000000 0
12210 0.000000 0
12218 0.000000 0
12225 0.000000 0
12232 0.000000 0
12240 0.000000 0
12248 0.000000 0
12255 0.000000 0
12262 0.000000 0
12270 0.000000 0
12278 0.212388 0
12285 0.380122 0
12292 0.283527 0
12300 0.000000 0
12308 0.000000 0
12315 0.000000 0
12322 0.000000 0
12330 0.000000 0
12338 0.000000 0
12345 0.000000 0
12352 0.000000 0
12360 0.000000 0
12368 0.000000 0
12375 0.000000 0
12382 0.000000 0
12390 0.000000 0
12398 0.193081 0
12405 0.484309 0
12412 0.536883 0
12420 0.157591 0
12428 0.000000 0
12435 0.000000 0
12442 0.000000 0
12450 0.000000 0
12458 0.000000 0
12465 0.000000 0
12472 0.000000 0
12480 0.000000 0
12488 0.000000 0
12495 0.000000 0
12502 0.000000 0
12510 0.506492 0
12518 1.000000 0
12525 0.686639 0
12532 0.000000 0
12540 0.000000 0
12548 0.000000 0
12555 0.177995 0
12562 0.000000 0
12570 0.000000 0
12578 0.000000 0
12585 0.000000 0
12592 0.000000 0
12600 0.000000 0
12608 0.000000 0
12615 0.000000 0
12622 0.128724 0
12630 0.000000 0
12638 0.314794 0
12645 0.530321 0
12652 0.309326 0
12660 0.000000 0
12668 0.000000 0
12675 0.000000 0
12682 0.000000 0
12690 0.000000 0
12698 0.000000 0
12705 0.000000 0
12712 0.000000 0
12720 0.000000 0
12728 0.000000 0
12735 0.000000 0
12742 0.190433 0
12750 0.611253 0
12758 0.445281 0
12765 0.000000 0
12772 0.000000 0
12780 0.000000 0
12788 0.000000 0
12795 0.000000 0
12802 0.000000 0
12810 0.000000 0
12818 0.000000 0
12825 0.000000 0
12832 0.000000 0
12840 0.000000 0
12848 0.000000 0
12855 0.000000 0
12862 0.000000 0
12870 0.000000 0
12878 0.234931 0
12885 0.384512 0
12892 0.202689 0
12900 0.000000 0
12908 0.000000 0
12915 0.000000 0
12922 0.000000 0
12930 0.000000 0
12938 0.000000 0
12945 0.000000 0
12952 0.000000 0
12960 0.000000 0
12968 0.000000 0
12975 0.000000 0
12982 1.000000 0
12990 1.000000 0
12998 0.224665 0
13005 0.000000 0
13012 0.000000 0
13020 0.000000 0
13028 0.000000 0
13035 0.000000 0
13042 0.000000 0
13050 0.000000 0
13058 0.000000 0
13065 0.000000 0
13072 0.000000 0
13080 0.000000 0
13088 0.217965 0
13095 0.000000 0
13102 0.138801 0
13110 0.515133 0
13118 0.453073 0
13125 0.162083 0
13132 0.000000 0
13140 0.000000 0
13148 0.000000 0
13155 0.000000 0
13162 0.000000 0
13170 0.000000 0
13178 0.000000 0
13185 0.000000 0
13192 0.000000 0
13200 0.000000 0
13208 0.000000 0
13215 0.090335 0
13222 0.385047 0
13230 0.286923 0
13238 0.000000 0
13245 0.000000 0
13252 0.000000 0
13260 0.000000 0
13268 0.000000 0
13275 0.000000 0
13282 0.000000 0
13290 0.000000 0
13298 0.000000 0
13305 0.000000 0
13312 0.000000 0
13320 0.000000 0
13328 0.000000 0
13335 0.224990 0
13342 0.478797 0
13350 0.524214 0
13358 0.212926 0
13365 0.000000 0
13372 0.000000 0
13380 0.000000 0
13388 0.000000 0
13395 0.000000 0
13402 0.000000 0
13410 0.000000 0
13418 0.000000 0
13425 0.000000 0
13432 0.000000 0
13440 0.000000 0
13448 0.296884 0
13455 1.000000 0
13462 0.682664 0
13470 0.000000 0
13478 0.000000 0
13485 0.000000 0
13492 0.000000 0
13500 0.000000 0
13508 0.000000 0
13515 0.000000 0
13522 0.000000 0
13530 0.000000 0
13538 0.000000 0
13545 0.154403 0
13552 0.264732 0
13560 0.000000 0
13568 0.000000 0
13575 0.279082 0
13582 0.486829 0
13590 0.364159 0
13598 0.000000 0
13605 0.000000 0
13612 0.000000 0
13620 0.000000 0
13628 0.000000 0
13635 0.000000 0
13642 0.000000 0
13650 0.000000 0
13658 0.000000 0
13665 0.000000 0
13672 0.000000 0
13680 0.176797 0
13688 0.562895 0
13695 0.473523 0
13702 0.000000 0
13710 0.000000 0
13718 0.000000 0
13725 0.000000 0
13732 0.000000 0
13740 0.000000 0
13748 0.142503 0
13755 0.000000 0
13762 0.000000 0
13770 0.000000 0
13778 0.000000 0
13785 0.000000 0
13792 0.000000 0
13800 0.000000 0
13808 0.000000 0
13815 0.074958 0
13822 0.417111 0
13830 0.079004 0
13838 0.000000 0
13845 0.000000 0
13852 0.000000 0
13860 0.000000 0
13868 0.000000 0
13875 0.000000 0
13882 0.000000 0
13890 0.000000 0
13898 0.000000 0
13905 0.000000 0
13912 0.000000 0
13920 1.000000 0
13928 1.000000 0
13935 0.217629 0
13942 0.000000 0
13950 0.000000 0
13958 0.000000 0
13965 0.000000 0
13972 0.143329 0
13980 0.000000 0
13988 0.000000 0
13995 0.000000 0
14002 0.000000 0
14010 0.000000 0
14018 0.227781 0
14025 0.096246 0
14032 0.000000 0
14040 0.125808 0
14048 0.556123 0
14055 0.526942 0
14062 0.122166 0
14070 0.000000 0
14078 0.000000 0
14085 0.000000 0
14092 0.000000 0
14100 0.000000 0
14108 0.000000 0
14115 0.000000 0
14122 0.000000 0
14130 0.000000 0
14138 0.000000 0
14145 0.000000 0
14152 0.000000 0
14160 0.418137 0
14168 0.388803 0
14175 0.000000 0
14182 0.000000 0
14190 0.000000 0
14198 0.000000 0
14205 0.000000 0
14212 0.000000 0
14220 0.000000 0
14228 0.000000 0
14235 0.000000 0
14242 0.000000 0
14250 0.000000 0
14258 0.000000 0
14265 0.000000 0
14272 0.169609 0
14280 0.510794 0
14288 0.523288 0
14295 0.250206 0
14302 0.000000 0
14310 0.000000 0
14318 0.000000 0
14325 0.000000 0
14332 0.000000 0
14340 0.000000 0
14348 0.000000 0
14355 0.000000 0
14362 0.000000 0
14370 0.000000 0
14378 0.000000 0
14385 0.353155 0
14392 1.000000 0
14400 0.678815 0
14408 0.000000 0
14415 0.000000 0
14422 0.000000 0
14430 0.112573 0
14438 0.069153 0
14445 0.000000 0
14452 0.000000 0
14460 0.000000 0
14468 0.000000 0
14475 0.000000 0
14482 0.000000 0
14490 0.000000 0
14498 0.000000 0
14505 0.000000 0
14512 0.236686 0
14520 0.540484 0
14528 0.367365 0
14535 0.000000 0
14542 0.000000 0
14550 0.000000 0
14558 0.000000 0
14565 0.000000 0
14572 0.000000 0
14580 0.000000 0
14588 0.000000 0
14595 0.000000 0
14602 0.000000 0
14610 0.000000 0
14618 0.049920 0
14625 0.524848 0
14632 0.445714 0
14640 0.147338 0
14648 0.000000 0
14655 0.000000 0
14662 0.000000 0
14670 0.000000 0
14678 0.085465 0
14685 0.079868 0
14692 0.000000 0
14700 0.000000 0
14708 0.000000 0
14715 0.000000 0
14722 0.000000 0
14730 0.000000 0
14738 0.000000 0
14745 0.000000 0
14752 0.188083 0
14760 0.378946 0
14768 0.175619 0
14775 0.000000 0
14782 0.000000 0
14790 0.000000 0
14798 0.000000 0
14805 0.000000 0
14812 0.000000 0
14820 0.000000 0
14828 0.000000 0
14835 0.000000 0
14842 0.000000 0
14850 0.000000 0
14858 1.000000 0
14865 0.996769 0
14872 0.200710 0
14880 0.000000 0
14888 0.000000 0
14895 0.000000 0
14902 0.000000 0
14910 0.000000 0
14918 0.000000 0
14925 0.000000 0
14932 0.000000 0
14940 0.000000 0
14948 0.000000 0
14955 0.000000 0
14962 0.031104 0
14970 0.000000 0
14978 0.251360 0
14985 0.538894 0
14992 0.484758 0
15000 0.000000 0
15008 0.000000 0
15015 0.000000 0
15022 0.000000 0
15030 0.000000 0
15038 0.000000 0
15045 0.000000 0
15052 0.000000 0
15060 0.000000 0
15068 0.000000 0
15075 0.000000 0
15082 0.000000 0
15090 0.209598 0
15098 0.380842 0
15105 0.288754 0
15112 0.000000 0
15120 0.000000 0
15128 0.000000 0
15135 0.000000 0
15142 0.117062 0
15150 0.000000 0
15158 0.000000 0
15165 0.000000 0
15172 0.000000 0
15180 0.000000 0
15188 0.000000 0
15195 0.000000 0
15202 0.000000 0
15210 0.206788 0
15218 0.529676 0
15225 0.525201 0
15232 0.136427 0
15240 0.000000 0
15248 0.000000 0
15255 0.000000 0
15262 0.000000 0
15270 0.000000 0
15278 0.000000 0
15285 0.000000 0
15292 0.000000 0
15300 0.000000 0
15308 0.000000 0
15315 0.000000 0
15322 0.110007 0
15330 1.000000 0
15338 0.675522 0
15345 0.000000 0
15352 0.000000 0
15360 0.000000 0
15368 0.087194 0
15375 0.000000 0
15382 0.000000 0
15390 0.000000 0
15398 0.000000 0
15405 0.000000 0
15412 0.000000 0
15420 0.000000 0
15428 0.035431 0
15435 0.000000 0
15442 0.000000 0
15450 0.283488 0
15458 0.588892 0
15465 0.375635 0
15472 0.000000 0
15480 0.000000 0
15488 0.000000 0
15495 0.000000 0
15502 0.000000 0
15510 0.000000 0
15518 0.000000 0
15525 0.000000 0
15532 0.000000 0
15540 0.000000 0
15548 0.000000 0
15555 0.200459 0
15562 0.579637 0
15570 0.488713 0
15578 0.145855 0
15585 0.000000 0
15592 0.000000 0
15600 0.000000 0
15608 0.000000 0
15615 0.000000 0
15622 0.130421 0
15630 0.000000 0
15638 0.000000 0
15645 0.000000 0
15652 0.000000 0
15660 0.000000 0
15668 0.000000 0
15675 0.000000 0
15682 0.000000 0
15690 0.179558 0
15698 0.414051 0
15705 0.189808 0
15712 0.000000 0
15720 0.000000 0
15728 0.000000 0
15735 0.000000 0
15742 0.000000 0
15750 0.000000 0
15758 0.000000 0
15765 0.000000 0
15772 0.000000 0
15780 0.000000 0
15788 0.000000 0
15795 1.000000 0
15802 0.977329 0
15810 0.217109 0
15818 0.000000 0
15825 0.000000 0
15832 0.000000 0
15840 0.000000 0
15848 0.000000 0
15855 0.000000 0
15862 0.000000 0
15870 0.000000 0
15878 0.000000 0
15885 0.000000 0
15892 0.000000 0
15900 0.118980 0
15908 0.000000 0
15915 0.129319 0
15922 0.592743 0
15930 0.496641 0
15938 0.051018 0
15945 0.000000 0
15952 0.000000 0
15960 0.000000 0
15968 0.000000 0
15975 0.000000 0
15982 0.000000 0
15990 0.000000 0
15998 0.000000 0
16005 0.000000 0
16012 0.000000 0
16020 0.000000 0
16028 0.243018 0
16035 0.396305 0
16042 0.245204 0
16050 0.000000 0
16058 0.000000 0
16065 0.000000 0
16072 0.000000 0
16080 0.000000 0
16088 0.000000 0
16095 0.000000 0
16102 0.000000 0
16110 0.000000 0
16118 0.000000 0
16125 0.000000 0
16132 0.000000 0
16140 0.000000 0
16148 0.031236 0
16155 0.470624 0
16162 0.536988 0
16170 0.248572 0
16178 0.000000 0
16185 0.000000 0
16192 0.000000 0
16200 0.000000 0
16208 0.000000 0
16215 0.000000 0
16222 0.000000 0
16230 0.000000 0
16238 0.000000 0
16245 0.000000 0
16252 0.000000 0
16260 0.600603 0
16268 1.000000 0
16275 0.489813 0
16282 0.000000 0
16290 0.000000 0
16298 0.000000 0
16305 0.156300 0
16312 0.000000 0
16320 0.000000 0
16328 0.000000 0
16335 0.000000 0
16342 0.000000 0
16350 0.000000 0
16358 0.038651 0
16365 0.146156 0
16372 0.000000 0
16380 0.000000 0
16388 0.406694 0
16395 0.524569 0
16402 0.283976 0
16410 0.000000 0
16418 0.000000 0
16425 0.000000 0
16432 0.000000 0
16440 0.000000 0
16448 0.000000 0
16455 0.000000 0
16462 0.000000 0
16470 0.000000 0
16478 0.000000 0
16485 0.000000 0
16492 0.328014 0
16500 0.558821 0
16508 0.394174 0
16515 0.036780 0
16522 0.000000 0
16530 0.000000 0
16538 0.000000 0
16545 0.000000 0
16552 0.000000 0
16560 0.000000 0
16568 0.000000 0
16575 0.000000 0
16582 0.000000 0
16590 0.000000 0
16598 0.000000 0
16605 0.000000 0
16612 0.000000 0
16620 0.000000 0
16628 0.301255 0
16635 0.360616 0
16642 0.000000 0
16650 0.046509 0
16658 0.022432 0
16665 0.000000 0
16672 0.000000 0
16680 0.000000 0
16688 0.000000 0
16695 0.000000 0
16702 0.000000 0
16710 0.107983 0
16718 0.000000 0
16725 0.000000 0
16732 0.401060 0
16740 0.363485 0
16748 0.000000 0
16755 0.000000 0
16762 0.000000 0
16770 0.000000 0
16778 0.000000 0
16785 0.000000 0
16792 0.000000 0
16800 0.000000 0
16808 0.000000 0
16815 0.000000 0
16822 0.000000 0
16830 0.000000 0
16838 0.000000 0
16845 0.000000 0
16852 0.408895 0
16860 0.694534 0
16868 0.426140 0
16875 0.000000 0
16882 0.000000 0
16890 0.000000 0
16898 0.000000 0
16905 0.000000 0
16912 0.000000 0
16920 0.000000 0
16928 0.000000 0
16935 0.000000 0
16942 0.000000 0
16950 0.000000 0
16958 0.000000 0
16965 0.235623 0
16972 0.442307 0
16980 0.231019 0
16988 0.000000 0
16995 0.000000 0
17002 0.000000 0
17010 0.000000 0
17018 0.168787 0
17025 0.000000 0
17032 0.000000 0
17040 0.000000 0
17048 0.000000 0
17055 0.000000 0
17062 0.000000 0
17070 0.000000 0
17078 0.175455 0
17085 0.199072 0
17092 0.642033 0
17100 0.489817 0
17108 0.000000 0
17115 0.000000 0
17122 0.000000 0
17130 0.000000 0
17138 0.000000 0
17145 0.000000 0
17152 0.089334 0
17160 0.000000 0
17168 0.000000 0
17175 0.000000 0
17182 0.000000 0
17190 0.000000 0
17198 0.000000 0
17205 0.000000 0
17212 0.301366 0
17220 0.256182 0
17228 0.120724 0
17235 0.000000 0
17242 0.000000 0
17250 0.000000 0
17258 0.000000 0
17265 0.000000 0
17272 0.148228 0
17280 0.000000 0
17288 0.000000 0
17295 0.000000 0
17302 0.000000 0
17310 0.000000 0
17318 0.000000 0
17325 0.540892 0
17332 0.676349 0
17340 0.345907 0
17348 0.000000 0
17355 0.000000 0
17362 0.000000 0
17370 0.000000 0
17378 0.000000 0
17385 0.000000 0
17392 0.000000 0
17400 0.000000 0
17408 0.000000 0
17415 0.000000 0
17422 0.000000 0
17430 0.308176 0
17438 0.637799 0
17445 0.455474 0
17452 0.133731 0
17460 0.000000 0
17468 0.000000 0
17475 0.000000 0
17482 0.000000 0
17490 0.012183 0
17498 0.000000 0
17505 0.000000 0
17512 0.000000 0
17520 0.000000 0
17528 0.000000 0
17535 0.000000 0
17542 0.000000 0
17550 0.000000 0
17558 0.000000 0
17565 0.233738 0
17572 0.297402 0
17580 0.212796 0
17588 0.084215 0
17595 0.000000 0
17602 0.000000 0
17610 0.000000 0
17618 0.000000 0
17625 0.000000 0
17632 0.000000 0
17640 0.000000 0
17648 0.150753 0
17655 0.000000 0
17662 0.000000 0
17670 0.351976 0
17678 0.409857 0
17685 0.000000 0
17692 0.000000 0
17700 0.000000 0
17708 0.000000 0
17715 0.000000 0
17722 0.000000 0
17730 0.000000 0
17738 0.000000 0
17745 0.000000 0
17752 0.000000 0
17760 0.000000 0
17768 0.000000 0
17775 0.000000 0
17782 0.198566 0
17790 0.396317 0
17798 0.539610 0
17805 0.509174 0
17812 0.208923 0
17820 0.000000 0
17828 0.000000 0
17835 0.000000 0
17842 0.000000 0
17850 0.000000 0
17858 0.000000 0
17865 0.000000 0
17872 0.000000 0
17880 0.000000 0
17888 0.000000 0
17895 0.051583 0
17902 0.318180 0
17910 0.458696 0
17918 0.209725 0
17925 0.000000 0
17932 0.000000 0
17940 0.000000 0
17948 0.000000 0
17955 0.000000 0
17962 0.000000 0
17970 0.000000 0
17978 0.000000 0
17985 0.000000 0
17992 0.148715 0
18000 0.000000 0
18008 0.000000 0
18015 0.000000 0
18022 0.335769 0
18030 0.497622 0
18038 0.470449 0
18045 0.157260 0
18052 0.000000 0
18060 0.000000 0
18068 0.000000 0
18075 0.000000 0
18082 0.000000 0
18090 0.000000 0
18098 0.188299 0
18105 0.000000 0
18112 0.000000 0
18120 0.000000 0
18128 0.000000 0
18135 0.260872 0
18142 0.933167 0
18150 0.525936 0
18158 0.000000 0
18165 0.000000 0
18172 0.000000 0
18180 0.113948 0
18188 0.000000 0
18195 0.000000 0
18202 0.000000 0
18210 0.000000 0
18218 0.000000 0
18225 0.000000 0
18232 0.000000 0
18240 0.183204 0
18248 0.000000 0
18255 0.000000 0
18262 0.419008 0
18270 0.547193 0
18278 0.293087 0
18285 0.076211 0
18292 0.000000 0
18300 0.000000 0
18308 0.000000 0
18315 0.000000 0
18322 0.000000 0
18330 0.000000 0
18338 0.000000 0
18345 0.000000 0
18352 0.000000 0
18360 0.000000 0
18368 0.370976 0
18375 0.589267 0
18382 0.370869 0
18390 0.000000 0
18398 0.000000 0
18405 0.000000 0
18412 0.000000 0
18420 0.000000 0
18428 0.000000 0
18435 0.000000 0
18442 0.000000 0
18450 0.000000 0
18458 0.000000 0
18465 0.000000 0
18472 0.000000 0
18480 0.000000 0
18488 0.000000 0
18495 0.000000 0
18502 0.336422 0
18510 0.452169 0
18518 0.000000 0
18525 0.000000 0
18532 0.000000 0
18540 0.000000 0
18548 0.000000 0
18555 0.000000 0
18562 0.000000 0
18570 0.000000 0
18578 0.000000 0
18585 0.112145 0
18592 1.000000 0
18600 1.000000 0
18608 0.391559 0
18615 0.274325 0
18622 0.164189 0
18630 0.000000 0
18638 0.000000 0
18645 0.000000 0
18652 0.000000 0
18660 0.000000 0
18668 0.000000 0
18675 0.000000 0
18682 0.000000 0
18690 0.000000 0
18698 0.000000 0
18705 0.000000 0
18712 0.000000 0
18720 0.000000 0
18728 0.000000 0
18735 0.504566 0
18742 0.369577 0
18750 0.113827 0
18758 0.000000 0
18765 0.000000 0
18772 0.000000 0
18780 0.000000 0
18788 0.000000 0
18795 0.000000 0
18802 0.000000 0
18810 0.000000 0
18818 0.000000 0
18825 0.000000 0
18832 0.000000 0
18840 0.274847 0
18848 0.379187 0
18855 0.137991 0
18862 0.000000 0
18870 0.000000 0
18878 0.000000 0
18885 0.000000 0
18892 0.000000 0
18900 0.000000 0
18908 0.000000 0
18915 0.000000 0
18922 0.000000 0
18930 0.000000 0
18938 0.000000 0
18945 0.000000 0
18952 0.000000 0
18960 0.249975 0
18968 0.575492 0
18975 0.485101 0
18982 0.000000 0
18990 0.000000 0
18998 0.000000 0
19005 0.000000 0
19012 0.000000 0
19020 0.000000 0
19028 0.000000 0
19035 0.000000 0
19042 0.000000 0
19050 0.000000 0
19058 0.000000 0
19065 0.000000 0
19072 0.988893 0
19080 1.000000 0
19088 0.501513 0
19095 0.000000 0
19102 0.000000 0
19110 0.000000 0
19118 0.000000 0
19125 0.000000 0
19132 0.000000 0
19140 0.000000 0
19148 0.000000 0
19155 0.000000 0
19162 0.000000 0
19170 0.000000 0
19178 0.000000 0
19185 0.000000 0
19192 0.000000 0
19200 0.389505 0
19208 0.569057 0
19215 0.214304 0
19222 0.000000 0
19230 0.000000 0
19238 0.000000 0
19245 0.000000 0
19252 0.000000 0
19260 0.000000 0
19268 0.000000 0
19275 0.000000 0
19282 0.000000 0
19290 0.000000 0
19298 0.000000 0
19305 0.328200 0
19312 0.616362 0
19320 0.399122 0
19328 0.000000 0
19335 0.000000 0
19342 0.000000 0
19350 0.000000 0
19358 0.000000 0
19365 0.000000 0
19372 0.000000 0
19380 0.000000 0
19388 0.000000 0
19395 0.000000 0
19402 0.000000 0
19410 0.000000 0
19418 0.000000 0
19425 0.000000 0
19432 0.000000 0
19440 0.426145 0
19448 0.422843 0
19455 0.000000 0
19462 0.000000 0
19470 0.000000 0
19478 0.000000 0
19485 0.000000 0
19492 0.000000 0
19500 0.000000 0
19508 0.000000 0
19515 0.000000 0
19522 0.000000 0
19530 1.000000 0
19538 1.000000 0
19545 0.378223 0
19552 0.302573 0
19560 0.000000 0
19568 0.000000 0
19575 0.000000 0
19582 0.000000 0
19590 0.000000 0
19598 0.000000 0
19605 0.000000 0
19612 0.000000 0
19620 0.000000 0
19628 0.000000 0
19635 0.000000 0
19642 0.000000 0
19650 0.000000 0
19658 0.000000 0
19665 0.075200 0
19672 0.479046 0
19680 0.330418 0
19688 0.000000 0
19695 0.000000 0
19702 0.000000 0
19710 0.000000 0
19718 0.000000 0
19725 0.000000 0
19732 0.000000 0
19740 0.000000 0
19748 0.000000 0
19755 0.000000 0
19762 0.000000 0
19770 0.000000 0
19778 0.319045 0
19785 0.333994 0
19792 0.148123 0
19800 0.000000 0
19808 0.000000 0
19815 0.000000 0
19822 0.000000 0
19830 0.000000 0
19838 0.000000 0
19845 0.000000 0
19852 0.000000 0
19860 0.000000 0
19868 0.000000 0
19875 0.000000 0
19882 0.000000 0
19890 0.000000 0
19898 0.354680 0
19905 0.565204 0
19912 0.480024 0
19920 0.000000 0
19928 0.000000 0
19935 0.000000 0
19942 0.000000 0
19950 0.000000 0
19958 0.000000 0
19965 0.000000 0
19972 0.000000 0
19980 0.000000 0
19988 0.000000 0
19995 0.000000 0
20002 0.000000 0
20010 1.000000 0
20018 1.000000 0
20025 0.538625 0
20032 0.000000 0
20040 0.000000 0
20048 0.000000 0
20055 0.000000 0
20062 0.000000 0
20070 0.000000 0
20078 0.000000 0
20085 0.000000 0
20092 0.000000 0
20100 0.000000 0
20108 0.000000 0
20115 0.000000 0
20122 0.000000 0
20130 0.000000 0
20138 0.410686 0
20145 0.566061 0
20152 0.272227 0
20160 0.101449 0
20168 0.000000 0
20175 0.000000 0
20182 0.000000 0
20190 0.000000 0
20198 0.000000 0
20205 0.000000 0
20212 0.000000 0
20220 0.000000 0
20228 0.000000 0
20235 0.000000 0
20242 0.376639 0
20250 0.634473 0
20258 0.400839 0
20265 0.000000 0
20272 0.000000 0
20280 0.000000 0
20288 0.000000 0
20295 0.000000 0
20302 0.000000 0
20310 0.000000 0
20318 0.000000 0
20325 0.000000 0
20332 0.000000 0
20340 0.000000 0
20348 0.000000 0
20355 0.000000 0
20362 0.000000 0
20370 0.000000 0
20378 0.355718 0
20385 0.467329 0
20392 0.000000 0
20400 0.000000 0
20408 0.000000 0
20415 0.000000 0
20422 0.000000 0
20430 0.000000 0
20438 0.000000 0
20445 0.000000 0
20452 0.000000 0
20460 0.000000 0
20468 1.000000 0
20475 1.000000 0
20482 0.435700 0
20490 0.382916 0
20498 0.000000 0
20505 0.000000 0
20512 0.000000 0
20520 0.000000 0
20528 0.000000 0
20535 0.000000 0
20542 0.000000 0
20550 0.000000 0
20558 0.000000 0
20565 0.000000 0
20572 0.000000 0
20580 0.000000 0
20588 0.000000 0
20595 0.000000 0
20602 0.000000 0
20610 0.529970 0
20618 0.350449 0
20625 0.000000 0
20632 0.000000 0
20640 0.000000 0
20648 0.000000 0
20655 0.000000 0
20662 0.000000 0
20670 0.000000 0
20678 0.000000 0
20685 0.000000 0
20692 0.000000 0
20700 0.000000 0
20708 0.000000 0
20715 0.187435 0
20722 0.367778 0
20730 0.189349 0
20738 0.000000 0
20745 0.000000 0
20752 0.000000 0
20760 0.000000 0
20768 0.000000 0
20775 0.000000 0
20782 0.000000 0
20790 0.000000 0
20798 0.000000 0
20805 0.000000 0
20812 0.000000 0
20820 0.000000 0
20828 0.000000 0
20835 0.205363 0
20842 0.530338 0
20850 0.453613 0
20858 0.000000 0
20865 0.000000 0
20872 0.000000 0
20880 0.000000 0
20888 0.000000 0
20895 0.000000 0
20902 0.000000 0
20910 0.000000 0
20918 0.000000 0
20925 0.000000 0
20932 0.000000 0
20940 0.000000 0
20948 0.948277 0
20955 1.000000 0
20962 0.508762 0
20970 0.000000 0
20978 0.000000 0
20985 0.000000 0
20992 0.000000 0
21000 0.000000 0
21008 0.000000 0
21015 0.000000 0
21022 0.000000 0
21030 0.000000 0
21038 0.000000 0
21045 0.000000 0
21052 0.071321 0
21060 0.000000 0
21068 0.000000 0
21075 0.364960 0
21082 0.526540 0
21090 0.243685 0
21098 0.138589 0
21105 0.000000 0
21112 0.000000 0
21120 0.000000 0
21128 0.000000 0
21135 0.000000 0
21142 0.000000 0
21150 0.000000 0
21158 0.000000 0
21165 0.000000 0
21172 0.048174 0
21180 0.371200 0
21188 0.573672 0
21195 0.419269 0
21202 0.000000 0
21210 0.000000 0
21218 0.000000 0
21225 0.000000 0
21232 0.000000 0
21240 0.000000 0
21248 0.000000 0
21255 0.000000 0
21262 0.000000 0
21270 0.000000 0
21278 0.000000 0
21285 0.000000 0
21292 0.000000 0
21300 0.000000 0
21308 0.000000 0
21315 0.418988 0
21322 0.462596 0
21330 0.000000 0
21338 0.000000 0
21345 0.000000 0
21352 0.000000 0
21360 0.000000 0
21368 0.000000 0
21375 0.000000 0
21382 0.000000 0
21390 0.000000 0
21398 0.000000 0
21405 1.000000 0
21412 1.000000 0
21420 0.356240 0
21428 0.350496 0
21435 0.127836 0
21442 0.000000 0
21450 0.000000 0
21458 0.000000 0
21465 0.000000 0
21472 0.000000 0
21480 0.000000 0
21488 0.000000 0
21495 0.000000 0
21502 0.000000 0
21510 0.000000 0
21518 0.000000 0
21525 0.000000 0
21532 0.000000 0
21540 0.168047 0
21548 0.447637 0
21555 0.347146 0
21562 0.000000 0
21570 0.000000 0
21578 0.000000 0
21585 0.000000 0
21592 0.000000 0
21600 0.000000 0
21608 0.000000 0
21615 0.000000 0
21622 0.000000 0
21630 0.000000 0
21638 0.000000 0
21645 0.000000 0
21652 0.244917 0
21660 0.378237 0
21668 0.205008 0
21675 0.000000 0
21682 0.000000 0
21690 0.000000 0
21698 0.000000 0
21705 0.000000 0
21712 0.000000 0
21720 0.000000 0
21728 0.046503 0
21735 0.000000 0
21742 0.000000 0
21750 0.000000 0
21758 0.000000 0
21765 0.000000 0
21772 0.146350 0
21780 0.561379 0
21788 0.458064 0
21795 0.000000 0
21802 0.000000 0
21810 0.000000 0
21818 0.000000 0
21825 0.000000 0
21832 0.000000 0
21840 0.000000 0
21848 0.000000 0
21855 0.000000 0
21862 0.000000 0
21870 0.000000 0
21878 0.000000 0
21885 0.902930 0
21892 1.000000 0
21900 0.525984 0
21908 0.000000 0
21915 0.000000 0
21922 0.000000 0
21930 0.000000 0
21938 0.000000 0
21945 0.000000 0
21952 0.000000 0
21960 0.000000 0
21968 0.000000 0
21975 0.000000 0
21982 0.000000 0
21990 0.129813 0
21998 0.000000 0
22005 0.000000 0
22012 0.429097 0
22020 0.542165 0
22028 0.300193 0
22035 0.000000 0
22042 0.000000 0
22050 0.000000 0
22058 0.000000 0
22065 0.000000 0
22072 0.000000 0
22080 0.000000 0
22088 0.000000 0
22095 0.000000 0
22102 0.000000 0
22110 0.152637 0
22118 0.342331 0
22125 0.541933 0
22132 0.338479 0
22140 0.000000 0
22148 0.000000 0
22155 0.000000 0
22162 0.000000 0
22170 0.000000 0
22178 0.000000 0
22185 0.000000 0
22192 0.000000 0
22200 0.000000 0
22208 0.000000 0
22215 0.000000 0
22222 0.000000 0
22230 0.000000 0
22238 0.000000 0
22245 0.000000 0
22252 0.347261 0
22260 0.435912 0
22268 0.000000 0
22275 0.000000 0
22282 0.000000 0
22290 0.000000 0
22298 0.000000 0
22305 0.000000 0
22312 0.000000 0
22320 0.000000 0
22328 0.000000 0
22335 0.138479 0
22342 1.000000 0
22350 1.000000 0
22358 0.394189 0
22365 0.358055 0
22372 0.043401 0
22380 0.000000 0
22388 0.000000 0
22395 0.000000 0
22402 0.000000 0
22410 0.000000 0
22418 0.000000 0
22425 0.000000 0
22432 0.000000 0
22440 0.000000 0
22448 0.000000 0
22455 0.000000 0
22462 0.000000 0
22470 0.000000 0
22478 0.180801 0
22485 0.470888 0
22492 0.244477 0
22500 0.000000 0
22508 0.000000 0
22515 0.000000 0
22522 0.000000 0
22530 0.000000 0
22538 0.000000 0
22545 0.000000 0
22552 0.000000 0
22560 0.000000 0
22568 0.000000 0
22575 0.000000 0
22582 0.000000 0
22590 0.255625 0
22598 0.397677 0
22605 0.237621 0
22612 0.000000 0
22620 0.000000 0
22628 0.000000 0
22635 0.000000 0
22642 0.000000 0
22650 0.055707 0
22658 0.000000 0
22665 0.000000 0
22672 0.000000 0
22680 0.000000 0
22688 0.000000 0
22695 0.000000 0
22702 0.000000 0
22710 0.294748 0
22718 0.576520 0
22725 0.413864 0
22732 0.000000 0
22740 0.000000 0
22748 0.000000 0
22755 0.000000 0
22762 0.000000 0
22770 0.000000 0
22778 0.000000 0
22785 0.000000 0
22792 0.000000 0
22800 0.000000 0
22808 0.000000 0
22815 0.000000 0
22822 0.934221 0
22830 1.000000 0
22838 0.524637 0
22845 0.000000 0
22852 0.000000 0
22860 0.000000 0
22868 0.000000 0
22875 0.000000 0
22882 0.000000 0
22890 0.000000 0
22898 0.000000 0
22905 0.000000 0
22912 0.000000 0
22920 0.000000 0
22928 0.151825 0
22935 0.000000 0
22942 0.000000 0
22950 0.430049 0
22958 0.486621 0
22965 0.173241 0
22972 0.000000 0
22980 0.000000 0
22988 0.000000 0
22995 0.000000 0
23002 0.000000 0
23010 0.000000 0
23018 0.000000 0
23025 0.000000 0
23032 0.000000 0
23040 0.000000 0
23048 0.000000 0
23055 0.357817 0
23062 0.614214 0
23070 0.380438 0
23078 0.000000 0
23085 0.000000 0
23092 0.000000 0
23100 0.000000 0
23108 0.000000 0
23115 0.000000 0
23122 0.000000 0
23130 0.000000 0
23138 0.000000 0
23145 0.000000 0
23152 0.000000 0
23160 0.000000 0
23168 0.000000 0
23175 0.000000 0
23182 0.000000 0
23190 0.325898 0
23198 0.438982 0
23205 0.080948 0
23212 0.000000 0
23220 0.000000 0
23228 0.000000 0
23235 0.000000 0
23242 0.000000 0
23250 0.000000 0
23258 0.000000 0
23265 0.000000 0
23272 0.148235 0
23280 1.000000 0
23288 0.995689 0
23295 0.426240 0
23302 0.379706 0
23310 0.103307 0
23318 0.000000 0
23325 0.000000 0
23332 0.000000 0
23340 0.000000 0
23348 0.000000 0
23355 0.000000 0
23362 0.000000 0
23370 0.000000 0
23378 0.000000 0
23385 0.000000 0
23392 0.000000 0
23400 0.000000 0
23408 0.000000 0
23415 0.277470 0
23422 0.463771 0
23430 0.289414 0
23438 0.000000 0
23445 0.000000 0
23452 0.000000 0
23460 0.000000 0
23468 0.000000 0
23475 0.000000 0
23482 0.000000 0
23490 0.000000 0
23498 0.000000 0
23505 0.000000 0
23512 0.000000 0
23520 0.000000 0
23528 0.203949 0
23535 0.388123 0
23542 0.288585 0
23550 0.000000 0
23558 0.000000 0
23565 0.000000 0
23572 0.000000 0
23580 0.000000 0
23588 0.000000 0
23595 0.000000 0
23602 0.000000 0
23610 0.000000 0
23618 0.000000 0
23625 0.000000 0
23632 0.000000 0
23640 0.000000 0
23648 0.241385 0
23655 0.528145 0
23662 0.484378 0
23670 0.000000 0
23678 0.000000 0
23685 0.000000 0
23692 0.000000 0
23700 0.000000 0
23708 0.000000 0
23715 0.000000 0
23722 0.000000 0
23730 0.000000 0
23738 0.000000 0
23745 0.000000 0
23752 0.000000 0
23760 0.907243 0
23768 1.000000 0
23775 0.539843 0
23782 0.000000 0
23790 0.000000 0
23798 0.000000 0
23805 0.000000 0
23812 0.000000 0
23820 0.000000 0
23828 0.000000 0
23835 0.000000 0
23842 0.000000 0
23850 0.000000 0
23858 0.000000 0
23865 0.000000 0
23872 0.000000 0
23880 0.000000 0
23888 0.346181 0
23895 0.548129 0
23902 0.312620 0
23910 0.000000 0
23918 0.000000 0
23925 0.000000 0
23932 0.000000 0
23940 0.000000 0
23948 0.000000 0
23955 0.000000 0
23962 0.000000 0
23970 0.000000 0
23978 0.000000 0
23985 0.121091 0
23992 0.405553 0
24000 0.577583 0
24008 0.367069 0
24015 0.000000 0
24022 0.000000 0
24030 0.000000 0
24038 0.000000 0
24045 0.000000 0
24052 0.000000 0
24060 0.000000 0
24068 0.000000 0
24075 0.000000 0
24082 0.000000 0
24090 0.000000 0
24098 0.000000 0
24105 0.000000 0
24112 0.000000 0
24120 0.000000 0
24128 0.347571 0
24135 0.469985 0
24142 0.000000 0
24150 0.000000 0
24158 0.000000 0
24165 0.000000 0
24172 0.000000 0
24180 0.000000 0
24188 0.000000 0
24195 0.000000 0
24202 0.000000 0
24210 0.000000 0
24218 1.000000 0
24225 1.000000 0
24232 0.356688 0
24240 0.295323 0
24248 0.160278 0
24255 0.000000 0
24262 0.000000 0
24270 0.000000 0
24278 0.000000 0
24285 0.000000 0
24292 0.000000 0
24300 0.000000 0
24308 0.000000 0
24315 0.000000 0
24322 0.000000 0
24330 0.000000 0
24338 0.000000 0
24345 0.000000 0
24352 0.160560 0
24360 0.464493 0
24368 0.298519 0
24375 0.000000 0
24382 0.000000 0
24390 0.000000 0
24398 0.000000 0
24405 0.000000 0
24412 0.000000 0
24420 0.000000 0
24428 0.000000 0
24435 0.000000 0
24442 0.104503 0
24450 0.000000 0
24458 0.000000 0
24465 0.308464 0
24472 0.383830 0
24480 0.235015 0
24488 0.000000 0
24495 0.000000 0
24502 0.000000 0
24510 0.000000 0
24518 0.000000 0
24525 0.000000 0
24532 0.000000 0
24540 0.000000 0
24548 0.000000 0
24555 0.000000 0
24562 0.000000 0
24570 0.000000 0
24578 0.000000 0
24585 0.289174 0
24592 0.552455 0
24600 0.411284 0
24608 0.000000 0
24615 0.000000 0
24622 0.000000 0
24630 0.000000 0
24638 0.000000 0
24645 0.000000 0
24652 0.000000 0
24660 0.000000 0
24668 0.000000 0
24675 0.000000 0
24682 0.000000 0
24690 0.000000 0
24698 0.708640 0
24705 1.000000 0
24712 0.515501 0
24720 0.000000 0
24728 0.000000 0
24735 0.000000 0
24742 0.162864 0
24750 0.000000 0
24758 0.000000 0
24765 0.000000 0
24772 0.000000 0
24780 0.000000 0
24788 0.000000 0
24795 0.000000 0
24802 0.000000 0
24810 0.000000 0
24818 0.000000 0
24825 0.439679 0
24832 0.561965 0
24840 0.291037 0
24848 0.000000 0
24855 0.000000 0
24862 0.000000 0
24870 0.000000 0
24878 0.000000 0
24885 0.000000 0
24892 0.000000 0
24900 0.000000 0
24908 0.000000 0
24915 0.000000 0
24922 0.032501 0
24930 0.324038 0
24938 0.637024 0
24945 0.381587 0
24952 0.000000 0
24960 0.000000 0
24968 0.000000 0
24975 0.000000 0
24982 0.000000 0
24990 0.000000 0
24998 0.000000 0
25005 0.000000 0
25012 0.000000 0
25020 0.000000 0
25028 0.000000 0
25035 0.000000 0
25042 0.000000 0
25050 0.000000 0
25058 0.000000 0
25065 0.362795 0
25072 0.346432 0
25080 0.109626 0
25088 0.000000 0
25095 0.000000 0
25102 0.000000 0
25110 0.000000 0
25118 0.000000 0
25125 0.000000 0
25132 0.000000 0
25140 0.000000 0
25148 0.000000 0
25155 0.887309 0
25162 0.959456 0
25170 0.408751 0
25178 0.354618 0
25185 0.000000 0
25192 0.000000 0
25200 0.000000 0
25208 0.000000 0
25215 0.000000 0
25222 0.000000 0
25230 0.000000 0
25238 0.000000 0
25245 0.000000 0
25252 0.000000 0
25260 0.000000 0
25268 0.000000 0
25275 0.000000 0
25282 0.000000 0
25290 0.192668 0
25298 0.525123 0
25305 0.349534 0
25312 0.009998 0
25320 0.000000 0
25328 0.000000 0
25335 0.000000 0
25342 0.000000 0
25350 0.000000 0
25358 0.000000 0
25365 0.000000 0
25372 0.000000 0
25380 0.067114 0
25388 0.000000 0
25395 0.000000 0
25402 0.339033 0
25410 0.432607 0
25418 0.145964 0
25425 0.000000 0
25432 0.000000 0
25440 0.000000 0
25448 0.000000 0
25455 0.000000 0
25462 0.000000 0
25470 0.000000 0
25478 0.000000 0
25485 0.000000 0
25492 0.000000 0
25500 0.000000 0
25508 0.000000 0
25515 0.000000 0
25522 0.472908 0
25530 0.578050 0
25538 0.467013 0
25545 0.000000 0
25552 0.000000 0
25560 0.000000 0
25568 0.000000 0
25575 0.000000 0
25582 0.000000 0
25590 0.000000 0
25598 0.000000 0
25605 0.000000 0
25612 0.000000 0
25620 0.000000 0
25628 0.000000 0
25635 0.478986 0
25642 1.000000 0
25650 0.520137 0
25658 0.000000 0
25665 0.000000 0
25672 0.000000 0
25680 0.000000 0
25688 0.000000 0
25695 0.000000 0
25702 0.000000 0
25710 0.000000 0
25718 0.000000 0
25725 0.000000 0
25732 0.000000 0
25740 0.036164 0
25748 0.000000 0
25755 0.000000 0
25762 0.386707 0
25770 0.562289 0
25778 0.251928 0
25785 0.000000 0
25792 0.000000 0
25800 0.000000 0
25808 0.000000 0
25815 0.000000 0
25822 0.000000 0
25830 0.000000 0
25838 0.000000 0
25845 0.000000 0
25852 0.000000 0
25860 0.000000 0
25868 0.434782 0
25875 0.587697 0
25882 0.292472 0
25890 0.000000 0
25898 0.000000 0
25905 0.000000 0
25912 0.000000 0
25920 0.000000 0
25928 0.000000 0
25935 0.000000 0
25942 0.000000 0
25950 0.000000 0
25958 0.000000 0
25965 0.000000 0
25972 0.000000 0
25980 0.000000 0
25988 0.000000 0
25995 0.000000 0
26002 0.328417 0
26010 0.455827 0
26018 0.000000 0
26025 0.000000 0
26032 0.000000 0
26040 0.000000 0
26048 0.000000 0
26055 0.000000 0
26062 0.000000 0
26070 0.000000 0
26078 0.000000 0
26085 0.000000 0
26092 1.000000 0
26100 0.981085 0
26108 0.345831 0
26115 0.311697 0
26122 0.210415 0
26130 0.000000 0
26138 0.000000 0
26145 0.000000 0
26152 0.000000 0
26160 0.000000 0
26168 0.000000 0
26175 0.000000 0
26182 0.000000 0
26190 0.000000 0
26198 0.000000 0
26205 0.000000 0
26212 0.000000 0
26220 0.000000 0
26228 0.126845 0
26235 0.502563 0
26242 0.304080 0
26250 0.088548 0
26258 0.000000 0
26265 0.000000 0
26272 0.000000 0
26280 0.000000 0
26288 0.000000 0
26295 0.000000 0
26302 0.000000 0
26310 0.000000 0
26318 0.000000 0
26325 0.000000 0
26332 0.000000 0
26340 0.269355 0
26348 0.313593 0
26355 0.182350 0
26362 0.071544 0
26370 0.000000 0
26378 0.000000 0
26385 0.000000 0
26392 0.000000 0
26400 0.000000 0
26408 0.000000 0
26415 0.000000 0
26422 0.000000 0
26430 0.000000 0
26438 0.000000 0
26445 0.000000 0
26452 0.000000 0
26460 0.265927 0
26468 0.437160 0
26475 0.389257 0
26482 0.000000 0
26490 0.000000 0
26498 0.000000 0
26505 0.000000 0
26512 0.000000 0
26520 0.000000 0
26528 0.000000 0
26535 0.000000 0
26542 0.000000 0
26550 0.000000 0
26558 0.000000 0
26565 0.000000 0
26572 0.724299 0
26580 1.000000 0
26588 0.521765 0
26595 0.000000 0
26602 0.000000 0
26610 0.000000 0
26618 0.188763 0
26625 0.000000 0
26632 0.000000 0
26640 0.000000 0
26648 0.000000 0
26655 0.000000 0
26662 0.000000 0
26670 0.000000 0
26678 0.000000 0
26685 0.000000 0
26692 0.000000 0
26700 0.329833 0
26708 0.435509 0
26715 0.240482 0
26722 0.000000 0
26730 0.000000 0
26738 0.000000 0
26745 0.000000 0
26752 0.000000 0
26760 0.000000 0
26768 0.000000 0
26775 0.000000 0
26782 0.000000 0
26790 0.000000 0
26798 0.094546 0
26805 0.308162 0
26812 0.564707 0
26820 0.326305 0
26828 0.000000 0
26835 0.000000 0
26842 0.000000 0
26850 0.000000 0
26858 0.000000 0
26865 0.000000 0
26872 0.000000 0
26880 0.000000 0
26888 0.000000 0
26895 0.000000 0
26902 0.000000 0
26910 0.000000 0
26918 0.000000 0
26925 0.000000 0
26932 0.000000 0
26940 0.244780 0
26948 0.322858 0
26955 0.184794 0
26962 0.000000 0
26970 0.000000 0
26978 0.000000 0
26985 0.000000 0
26992 0.104857 0
27000 0.000000 0
27008 0.000000 0
27015 0.000000 0
27022 0.000000 0
27030 0.988110 0
27038 0.960870 0
27045 0.347601 0
27052 0.279808 0
27060 0.000000 0
27068 0.000000 0
27075 0.000000 0
27082 0.000000 0
27090 0.000000 0
27098 0.000000 0
27105 0.000000 0
27112 0.000000 0
27120 0.000000 0
27128 0.000000 0
27135 0.000000 0
27142 0.000000 0
27150 0.000000 0
27158 0.000000 0
27165 0.000000 0
27172 0.535084 0
27180 0.325733 0
27188 0.000000 0
27195 0.000000 0
27202 0.000000 0
27210 0.000000 0
27218 0.000000 0
27225 0.000000 0
27232 0.000000 0
27240 0.000000 0
27248 0.000000 0
27255 0.000000 0
27262 0.000000 0
27270 0.000000 0
27278 0.217887 0
27285 0.319041 0
27292 0.184645 0
27300 0.000000 0
27308 0.000000 0
27315 0.000000 0
27322 0.000000 0
27330 0.000000 0
27338 0.094849 0
27345 0.084996 0
27352 0.000000 0
27360 0.000000 0
27368 0.000000 0
27375 0.000000 0
27382 0.000000 0
27390 0.000000 0
27398 0.176666 0
27405 0.448431 0
27412 0.422707 0
27420 0.000000 0
27428 0.000000 0
27435 0.000000 0
27442 0.000000 0
27450 0.000000 0
27458 0.000000 0
27465 0.000000 0
27472 0.074981 0
27480 0.000000 0
27488 0.042648 0
27495 0.000000 0
27502 0.000000 0
27510 0.687828 0
27518 1.000000 0
27525 0.521393 0
27532 0.000000 0
27540 0.000000 0
27548 0.000000 0
27555 0.198652 0
27562 0.000000 0
27570 0.000000 0
27578 0.000000 0
27585 0.000000 0
27592 0.000000 0
27600 0.000000 0
27608 0.000000 0
27615 0.035363 0
27622 0.000000 0
27630 0.000000 0
27638 0.465412 0
27645 0.543280 0
27652 0.219116 0
27660 0.000000 0
27668 0.000000 0
27675 0.000000 0
27682 0.000000 0
27690 0.000000 0
27698 0.000000 0
27705 0.000000 0
27712 0.000000 0
27720 0.000000 0
27728 0.000000 0
27735 0.000000 0
27742 0.272726 0
27750 0.578762 0
27758 0.374354 0
27765 0.000000 0
27772 0.000000 0
27780 0.000000 0
27788 0.000000 0
27795 0.000000 0
27802 0.000000 0
27810 0.000000 0
27818 0.000000 0
27825 0.000000 0
27832 0.000000 0
27840 0.000000 0
27848 0.000000 0
27855 0.000000 0
27862 0.000000 0
27870 0.000000 0
27878 0.313790 0
27885 0.368890 0
27892 0.000000 0
27900 0.000000 0
27908 0.000000 0
27915 0.000000 0
27922 0.000000 0
27930 0.000000 0
27938 0.000000 0
27945 0.000000 0
27952 0.000000 0
27960 0.000000 0
27968 1.000000 0
27975 0.996693 0
27982 0.361632 0
27990 0.342413 0
27998 0.063605 0
28005 0.000000 0
28012 0.000000 0
28020 0.000000 0
28028 0.000000 0
28035 0.000000 0
28042 0.000000 0
28050 0.000000 0
28058 0.000000 0
28065 0.000000 0
28072 0.000000 0
28080 0.000000 0
28088 0.000000 0
28095 0.000000 0
28102 0.000000 0
28110 0.445835 0
28118 0.371015 0
28125 0.000000 0
28132 0.000000 0
28140 0.000000 0
28148 0.000000 0
28155 0.000000 0
28162 0.000000 0
28170 0.000000 0
28178 0.000000 0
28185 0.000000 0
28192 0.000000 0
28200 0.000000 0
28208 0.000000 0
28215 0.000000 0
28222 0.364760 0
28230 0.291981 0
28238 0.000000 0
28245 0.000000 0
28252 0.000000 0
28260 0.000000 0
28268 0.000000 0
28275 0.000000 0
28282 0.000000 0
28290 0.000000 0
28298 0.000000 0
28305 0.000000 0
28312 0.071565 0
28320 0.042379 0
28328 0.053405 0
28335 0.265400 0
28342 0.386933 0
28350 0.292997 0
28358 0.000000 0
28365 0.000000 0
28372 0.000000 0
28380 0.000000 0
28388 0.000000 0
28395 0.000000 0
28402 0.116641 0
28410 0.000000 0
28418 0.000000 0
28425 0.068405 0
28432 0.245282 0
28440 0.000000 0
28448 0.589221 0
28455 1.000000 0
28462 0.521460 0
28470 0.000000 0
28478 0.000000 0
28485 0.000000 0
28492 0.216119 0
28500 0.000000 0
28508 0.000000 0
28515 0.000000 0
28522 0.000000 0
28530 0.057015 0
28538 0.000000 0
28545 0.000000 0
28552 0.196367 0
28560 0.000000 0
28568 0.000000 0
28575 0.306804 0
28582 0.435303 0
28590 0.311750 0
28598 0.126070 0
28605 0.000000 0
28612 0.000000 0
28620 0.000000 0
28628 0.000000 0
28635 0.000000 0
28642 0.000000 0
28650 0.000000 0
28658 0.000000 0
28665 0.000000 0
28672 0.080584 0
28680 0.277928 0
28688 0.464047 0
28695 0.308391 0
28702 0.000000 0
28710 0.000000 0
28718 0.000000 0
28725 0.000000 0
28732 0.000000 0
28740 0.000000 0
28748 0.000000 0
28755 0.000000 0
28762 0.000000 0
28770 0.000000 0
28778 0.000000 0
28785 0.000000 0
28792 0.000000 0
28800 0.000000 0
28808 0.000000 0
28815 0.223782 0
28822 0.310941 0
28830 0.000000 0
28838 0.000000 0
28845 0.160681 0
28852 0.000000 0
28860 0.000000 0
28868 0.000000 0
28875 0.000000 0
28882 0.000000 0
28890 0.000000 0
28898 0.000000 0
28905 0.820634 0
28912 0.975363 0
28920 0.364532 0
28928 0.330722 0
28935 0.000000 0
28942 0.000000 0
28950 0.000000 0
28958 0.000000 0
28965 0.000000 0
28972 0.000000 0
28980 0.000000 0
28988 0.000000 0
28995 0.000000 0
29002 0.000000 0
29010 0.000000 0
29018 0.000000 0
29025 0.000000 0
29032 0.000000 0
29040 0.207510 0
29048 0.415524 0
29055 0.307743 0
29062 0.000000 0
29070 0.000000 0
29078 0.000000 0
29085 0.000000 0
29092 0.000000 0
29100 0.145853 0
29108 0.000000 0
29115 0.000000 0
29122 0.000000 0
29130 0.000000 0
29138 0.000000 0
29145 0.000000 0
29152 0.222073 0
29160 0.202998 0
29168 0.284129 0
29175 0.000000 0
29182 0.000000 0
29190 0.000000 0
29198 0.000000 0
29205 0.000000 0
29212 0.000000 0
29220 0.000000 0
29228 0.000000 0
29235 0.000000 0
29242 0.000000 0
29250 0.000000 0
29258 0.000000 0
29265 0.000000 0
29272 0.045941 0
29280 0.392778 0
29288 0.355331 0
29295 0.000000 0
29302 0.000000 0
29310 0.000000 0
29318 0.000000 0
29325 0.000000 0
29332 0.000000 0
29340 0.000000 0
29348 0.000000 0
29355 0.000000 0
29362 0.000000 0
29370 0.000000 0
29378 0.000000 0
29385 0.515809 0
29392 1.000000 0
29400 0.523911 0
29408 0.000000 0
29415 0.000000 0
29422 0.000000 0
29430 0.030692 0
29438 0.000000 0
29445 0.000000 0
29452 0.000000 0
29460 0.000000 0
29468 0.000000 0
29475 0.000000 0
29482 0.000000 0
29490 0.000000 0
29498 0.056463 0
29505 0.000000 0
29512 0.366542 0
29520 0.534529 0
29528 0.356380 0
29535 0.066353 0
29542 0.000000 0
29550 0.000000 0
29558 0.000000 0
29565 0.000000 0
29572 0.000000 0
29580 0.000000 0
29588 0.000000 0
29595 0.000000 0
29602 0.113304 0
29610 0.115973 0
29618 0.258788 0
29625 0.418011 0
29632 0.366593 0
29640 0.168117 0
29648 0.000000 0
29655 0.000000 0
29662 0.000000 0
29670 0.000000 0
29678 0.000000 0
29685 0.000000 0
29692 0.000000 0
29700 0.000000 0
29708 0.000000 0
29715 0.000000 0
29722 0.000000 0
29730 0.000000 0
29738 0.000000 0
29745 0.000000 0
29752 0.193864 0
29760 0.321435 0
29768 0.000000 0
29775 0.000000 0
29782 0.000000 0
29790 0.000000 0
29798 0.000000 0
29805 0.092263 0
29812 0.000000 0
29820 0.000000 0
29828 0.000000 0
29835 0.129536 0
29842 0.817219 0
29850 0.959379 0
29858 0.371343 0
29865 0.362760 0
29872 0.000000 0
29880 0.000000 0
29888 0.000000 0
29895 0.000000 0
29902 0.000000 0
29910 0.000000 0
29918 0.000000 0
29925 0.000000 0
29932 0.000000 0
29940 0.000000 0
29948 0.000000 0
29955 0.000000 0
29962 0.000000 0
29970 0.000000 0
29978 0.235360 0
29985 0.330868 0
29992 0.391085 0
30000 0.210739 0
30008 0.050501 0
30015 0.000000 0
30022 0.000000 0
30030 0.000000 0
30038 0.000000 0
30045 0.000000 0
30052 0.000000 0
30060 0.000000 0
30068 0.000000 0
30075 0.000000 0
30082 0.000000 0
30090 0.134714 0
30098 0.231136 0
30105 0.000000 0
30112 0.000000 0
30120 0.000000 0
30128 0.000000 0
30135 0.000000 0
30142 0.000000 0
30150 0.000000 0
30158 0.000000 0
30165 0.000000 0
30172 0.000000 0
30180 0.000000 0
30188 0.000000 0
30195 0.000000 0
30202 0.063484 0
30210 0.125831 0
30218 0.339791 0
30225 0.285549 0
30232 0.000000 0
30240 0.000000 0
30248 0.000000 0
30255 0.000000 0
30262 0.085111 0
30270 0.000000 0
30278 0.000000 0
30285 0.000000 0
30292 0.000000 0
30300 0.196337 0
30308 0.000000 0
30315 0.000000 0
30322 0.397626 0
30330 1.000000 0
30338 0.503743 0
30345 0.000000 0
30352 0.000000 0
30360 0.000000 0
30368 0.000000 0
30375 0.000000 0
30382 0.000000 0
30390 0.000000 0
30398 0.000000 0
30405 0.000000 0
30412 0.000000 0
30420 0.000000 0
30428 0.000000 0
30435 0.169977 0
30442 0.056367 0
30450 0.235117 0
30458 0.431598 0
30465 0.237716 0
30472 0.000000 0
30480 0.000000 0
30488 0.000000 0
30495 0.000000 0
30502 0.000000 0
30510 0.000000 0
30518 0.000000 0
30525 0.131575 0
30532 0.000000 0
30540 0.000000 0
30548 0.000000 0
30555 0.000000 0
30562 0.486880 0
30570 0.282513 0
30578 0.000000 0
30585 0.000000 0
30592 0.000000 0
30600 0.000000 0
30608 0.000000 0
30615 0.000000 0
30622 0.000000 0
30630 0.000000 0
30638 0.125582 0
30645 0.000000 0
30652 0.000000 0
30660 0.000000 0
30668 0.000000 0
30675 0.000000 0
30682 0.000000 0
30690 0.231150 0
30698 0.248177 0
30705 0.087927 0
30712 0.000000 0
30720 0.000000 0
30728 0.000000 0
30735 0.107421 0
30742 0.100615 0
30750 0.230202 0
30758 0.000000 0
30765 0.000000 0
30772 0.214700 0
30780 0.588116 0
30788 0.819665 0
30795 0.360998 0
30802 0.304315 0
30810 0.000000 0
30818 0.000000 0
30825 0.000000 0
30832 0.000000 0
30840 0.135256 0
30848 0.000000 0
30855 0.000000 0
30862 0.000000 0
30870 0.000000 0
30878 0.000000 0
30885 0.000000 0
30892 0.000000 0
30900 0.000000 0
30908 0.000000 0
30915 0.155895 0
30922 0.345029 0
30930 0.333057 0
30938 0.120723 0
30945 0.000000 0
30952 0.000000 0
30960 0.000000 0
30968 0.000000 0
30975 0.000000 0
30982 0.000000 0
30990 0.000000 0
30998 0.000000 0
31005 0.134379 0
31012 0.090734 0
31020 0.000000 0
31028 0.000000 0
31035 0.194714 0
31042 0.000000 0
31050 0.134901 0
31058 0.000000 0
31065 0.000000 0
31072 0.000000 0
31080 0.000000 0
31088 0.000000 0
31095 0.000000 0
31102 0.000000 0
31110 0.000000 0
31118 0.019745 0
31125 0.182911 0
31132 0.132832 0
31140 0.190000 0
31148 0.000000 0
31155 0.174593 0
31162 0.353245 0
31170 0.000000 0
31178 0.000000 0
31185 0.000000 0
31192 0.000000 0
31200 0.000000 0
31208 0.000000 0
31215 0.000000 0
31222 0.121972 0
31230 0.068368 0
31238 0.000000 0
31245 0.000000 0
31252 0.000000 0
31260 0.446764 0
31268 0.997446 0
31275 0.493651 0
31282 0.000000 0
31290 0.000000 0
31298 0.000000 0
31305 0.000000 0
31312 0.000000 0
31320 0.000000 0
31328 0.000000 0
31335 0.000000 0
31342 0.000000 0
31350 0.000000 0
31358 0.270684 0
31365 0.172357 0
31372 0.000000 0
31380 0.000000 0
31388 0.155005 0
31395 0.226971 0
31402 0.220808 0
31410 0.136203 0
31418 0.000000 0
31425 0.096766 0
31432 0.000000 0
31440 0.090339 0
31448 0.000000 0
31455 0.000000 0
31462 0.000000 0
31470 0.000000 0
31478 0.116795 0
31485 0.202264 0
31492 0.190516 0
31500 0.351566 0
31508 0.311412 0
31515 0.000000 0
31522 0.000000 0
31530 0.000000 0
31538 0.159502 0
31545 0.000000 0
31552 0.000000 0
31560 0.000000 0
31568 0.099664 0
31575 0.000000 0
31582 0.000000 0
31590 0.000000 0
31598 0.000000 0
31605 0.217831 0
31612 0.000000 0
31620 0.000000 0
31628 0.253289 0
31635 0.303194 0
31642 0.151662 0
31650 0.000000 0
31658 0.000000 0
31665 0.000000 0
31672 0.000000 0
31680 0.103187 0
31688 0.188261 0
31695 0.167622 0
31702 0.000000 0
31710 0.000000 0
31718 0.528966 0
31725 0.884702 0
31732 0.317281 0
31740 0.208326 0
31748 0.000000 0
31755 0.000000 0
31762 0.000000 0
31770 0.000000 0
31778 0.000000 0
31785 0.000000 0
31792 0.000000 0
31800 0.000000 0
31808 0.000000 0
31815 0.000000 0
31822 0.000000 0
31830 0.000000 0
31838 0.000000 0
31845 0.000000 0
31852 0.273763 0
31860 0.204954 0
31868 0.174304 0
31875 0.094586 0
31882 0.000000 0
31890 0.000000 0
31898 0.000000 0
31905 0.000000 0
31912 0.000000 0
31920 0.000000 0
31928 0.000000 0
31935 0.000000 0
31942 0.122938 0
31950 0.067456 0
31958 0.000000 0
31965 0.254725 0
31972 0.217210 0
31980 0.252745 0
31988 0.000000 0
31995 0.096490 0
32002 0.165410 0
32010 0.000000 0
32018 0.000000 0
32025 0.000000 0
32032 0.000000 0
32040 0.000000 0
32048 0.000000 0
32055 0.114397 0
32062 0.197963 0
32070 0.180904 0
32078 0.126654 0
32085 0.176157 0
32092 0.284705 0
32100 0.000000 0
32108 0.000000 0
32115 0.000000 0
32122 0.000000 0
32130 0.000000 0
32138 0.000000 0
32145 0.123651 0
32152 0.000000 0
32160 0.000000 0
32168 0.000000 0
32175 0.000000 0
32182 0.143147 0
32190 0.000000 0
32198 0.000000 0
32205 0.632292 0
32212 0.462053 0
32220 0.000000 0
32228 0.000000 0
32235 0.000000 0
32242 0.000000 0
32250 0.000000 0
32258 0.057796 0
32265 0.062865 0
32272 0.285332 0
32280 0.062643 0
32288 0.000000 0
32295 0.000000 0
32302 0.000000 0
32310 0.000000 0
32318 0.153493 0
32325 0.073820 0
32332 0.000000 0
32340 0.118030 0
32348 0.054609 0
32355 0.000000 0
32362 0.000000 0
32370 0.091664 0
32378 0.000000 0
32385 0.000000 0
32392 0.034173 0
32400 0.000000 0
32408 0.000000 0
32415 0.000000 0
32422 0.000000 0
32430 0.113653 0
32438 0.191536 0
32445 0.127199 0
32452 0.073011 0
32460 0.000000 0
32468 0.000000 0
32475 0.000000 0
32482 0.000000 0
32490 0.000000 0
32498 0.261367 0
32505 0.246262 0
32512 0.205236 0
32520 0.000000 0
32528 0.000000 0
32535 0.067964 0
32542 0.000000 0
32550 0.000000 0
32558 0.000000 0
32565 0.181017 0
32572 0.139076 0
32580 0.122452 0
32588 0.000000 0
32595 0.090218 0
32602 0.000000 0
32610 0.000000 0
32618 0.182552 0
32625 0.000000 0
32632 0.000000 0
32640 0.000000 0
32648 0.209173 0
32655 0.282428 0
32662 0.479359 0
32670 0.307384 0
32678 0.296719 0
32685 0.000000 0
32692 0.000000 0
32700 0.000000 0
32708 0.000000 0
32715 0.000000 0
32722 0.098748 0
32730 0.000000 0
32738 0.000000 0
32745 0.243851 0
32752 0.000000 0
32760 0.000000 0
32768 0.223763 0
32775 0.000000 0
32782 0.000000 0
32790 0.279968 0
32798 0.025300 0
32805 0.301275 0
32812 0.195045 0
32820 0.063151 0
32828 0.165731 0
32835 0.000000 0
32842 0.000000 0
32850 0.155822 0
32858 0.000000 0
32865 0.000000 0
32872 0.149590 0
32880 0.167260 0
32888 0.000000 0
32895 0.000000 0
32902 0.145031 0
32910 0.090592 0
32918 0.000000 0
32925 0.000000 0
32932 0.064590 0
32940 0.000000 0
32948 0.000000 0
32955 0.000000 0
32962 0.000000 0
32970 0.000000 0
32978 0.000000 0
32985 0.232318 0
32992 0.000000 0
33000 0.137460 0
33008 0.028167 0
33015 0.230640 0
33022 0.268776 0
33030 0.293664 0
33038 0.163410 0
33045 0.061213 0
33052 0.000000 0
33060 0.000000 0
33068 0.210453 0
33075 0.022427 0
33082 0.000000 0
33090 0.135061 0
33098 0.146701 0
33105 0.000000 0
33112 0.000000 0
33120 0.056881 0
33128 0.000000 0
33135 0.000000 0
33142 0.283827 0
33150 0.312329 0
33158 0.000000 0
33165 0.000000 0
33172 0.000000 0
33180 0.000000 0
33188 0.000000 0
33195 0.106593 0
33202 0.161582 0
33210 0.000000 0
33218 0.000000 0
33225 0.116190 0
33232 0.160290 0
33240 0.229007 0
33248 0.102152 0
33255 0.158314 0
33262 0.117813 0
33270 0.000000 0
33278 0.049054 0
33285 0.000000 0
33292 0.000000 0
33300 0.000000 0
33308 0.000000 0
33315 0.145747 0
33322 0.136438 0
33330 0.000000 0
33338 0.000000 0
33345 0.000000 0
33352 0.000000 0
33360 0.169915 0
33368 0.176994 0
33375 0.000000 0
33382 0.072503 0
33390 0.000000 0
33398 0.161601 0
33405 0.000000 0
33412 0.000000 0
33420 0.000000 0
33428 0.033343 0
33435 0.000000 0
33442 0.179876 0
33450 0.000000 0
33458 0.066788 0
33465 0.188443 0
33472 0.000000 0
33480 0.000000 0
33488 0.270500 0
33495 0.000000 0
33502 0.000000 0
33510 0.065034 0
33518 0.000000 0
33525 0.000000 0
33532 0.149678 0
33540 0.040611 0
33548 0.185597 0
33555 0.000000 0
33562 0.000000 0
33570 0.199951 0
33578 0.219175 0
33585 0.178756 0
33592 0.090914 0
33600 0.000000 0
33608 0.000000 0
33615 0.000000 0
33622 0.129954 0
33630 0.127526 0
33638 0.000000 0
33645 0.000000 0
33652 0.224172 0
33660 0.172167 0
33668 0.000000 0
33675 0.170300 0
33682 0.000000 0
33690 0.000000 0
33698 0.000000 0
33705 0.187811 0
33712 0.230568 0
33720 0.000000 0
33728 0.075660 0
33735 0.130393 0
33742 0.000000 0
33750 0.000000 0
33758 0.000000 0
33765 0.235845 0
33772 0.123307 0
33780 0.000000 0
33788 0.000000 0
33795 0.000000 0
33802 0.000000 0
33810 0.202444 0
33818 0.047041 0
33825 0.000000 0
33832 0.000000 0
33840 0.182662 0
33848 0.020997 0
33855 0.000000 0
33862 0.129646 0
33870 0.000000 0
33878 0.000000 0
33885 0.154780 0
33892 0.000000 0
33900 0.000000 0
33908 0.000000 0
33915 0.000000 0
33922 0.000000 0
33930 0.000000 0
33938 0.048926 0
33945 0.000000 0
33952 0.158344 0
33960 0.198790 0
33968 0.000000 0
33975 0.159128 0
33982 0.129103 0
33990 0.145345 0
33998 0.000000 0
34005 0.000000 0
34012 0.000000 0
34020 0.099725 0
34028 0.057296 0
34035 0.000000 0
34042 0.000000 0
34050 0.238476 0
34058 0.186479 0
34065 0.000000 0
34072 0.000000 0
34080 0.000000 0
34088 0.000000 0
34095 0.000000 0
34102 0.000000 0
34110 0.000000 0
34118 0.000000 0
34125 0.218036 0
34132 0.212204 0
34140 0.171415 0
34148 0.000000 0
34155 0.000000 0
34162 0.000000 0
34170 0.000000 0
34178 0.151766 0
34185 0.233219 0
34192 0.000000 0
34200 0.178209 0
34208 0.000000 0
34215 0.191652 0
34222 0.116202 0
34230 0.167212 0
34238 0.000000 0
34245 0.000000 0
34252 0.000000 0
34260 0.063693 0
34268 0.167258 0
34275 0.000000 0
34282 0.000000 0
34290 0.133843 0
34298 0.090877 0
34305 0.218810 0
34312 0.000000 0
34320 0.000000 0
34328 0.201884 0
34335 0.249203 0
34342 0.000000 0
34350 0.182592 0
34358 0.000000 0
34365 0.000000 0
34372 0.118996 0
34380 0.000000 0
34388 0.000000 0
34395 0.198525 0
34402 0.000000 0
34410 0.176605 0
34418 0.215187 0
34425 0.000000 0
34432 0.156011 0
34440 0.000000 0
34448 0.000000 0
34455 0.000000 0
34462 0.000000 0
34470 0.000000 0
34478 0.000000 0
34485 0.234983 0
34492 0.000000 0
34500 0.000000 0
34508 0.249204 0
34515 0.000000 0
34522 0.000000 0
34530 0.060293 0
34538 0.000000 0
34545 0.000000 0
34552 0.000000 0
34560 0.179702 0
34568 0.130519 0
34575 0.000000 0
34582 0.000000 0
34590 0.120718 0
34598 0.165947 0
34605 0.000000 0
34612 0.107178 0
34620 0.000000 0
34628 0.000000 0
34635 0.195542 0
34642 0.000000 0
34650 0.000000 0
34658 0.036535 0
34665 0.070441 0
34672 0.000000 0
34680 0.000000 0
34688 0.039947 0
34695 0.113393 0
34702 0.000000 0
34710 0.152257 0
34718 0.000000 0
34725 0.000000 0
34732 0.000000 0
34740 0.000000 0
34748 0.185703 0
34755 0.000000 0
34762 0.000000 0
34770 0.259662 0
34778 0.189502 0
34785 0.000000 0
34792 0.000000 0
34800 0.000000 0
34808 0.000000 0
34815 0.172430 0
34822 0.000000 0
34830 0.000000 0
34838 0.194127 0
34845 0.000000 0
34852 0.146146 0
34860 0.203974 0
34868 0.000000 0
34875 0.000000 0
34882 0.000000 0
34890 0.000000 0
34898 0.107958 0
34905 0.203881 0
34912 0.255403 0
34920 0.137617 0
34928 0.000000 0
34935 0.000000 0
34942 0.000000 0
34950 0.000000 0
34958 0.275227 0
34965 0.173524 0
34972 0.000000 0
34980 0.068667 0
34988 0.000000 0
34995 0.000000 0
35002 0.000000 0
35010 0.077159 0
35018 0.199921 0
35025 0.000000 0
35032 0.000000 0
35040 0.000000 0
35048 0.072603 0
35055 0.000000 0
35062 0.239033 0
35070 0.113236 0
35078 0.137609 0
35085 0.102815 0
35092 0.173020 0
35100 0.000000 0
35108 0.170122 0
35115 0.000000 0
35122 0.000000 0
35130 0.127870 0
35138 0.151694 0
35145 0.000000 0
35152 0.000000 0
35160 0.087135 0
35168 0.000000 0
35175 0.000000 0
35182 0.214212 0
35190 0.195543 0
35198 0.000000 0
35205 0.000000 0
35212 0.151609 0
35220 0.000000 0
35228 0.092717 0
35235 0.138775 0
35242 0.117694 0
35250 0.045515 0
35258 0.000000 0
35265 0.000000 0
35272 0.000000 0
35280 0.181790 0
35288 0.000000 0
35295 0.000000 0
35302 0.266540 0
35310 0.000000 0
35318 0.000000 0
35325 0.000000 0
35332 0.000000 0
35340 0.055368 0
35348 0.000000 0
35355 0.000000 0
35362 0.258806 0
35370 0.291868 0
35378 0.223802 0
35385 0.000000 0
35392 0.000000 0
35400 0.000000 0
35408 0.071597 0
35415 0.176226 0
35422 0.171555 0
35430 0.000000 0
35438 0.210476 0
35445 0.000000 0
35452 0.000000 0
35460 0.000000 0
35468 0.000000 0
35475 0.000000 0
35482 0.088301 0
35490 0.000000 0
35498 0.066049 0
35505 0.048791 0
35512 0.217512 0
35520 0.031990 0
35528 0.000000 0
35535 0.000000 0
35542 0.186416 0
35550 0.000000 0
35558 0.016663 0
35565 0.000000 0
35572 0.092157 0
35580 0.218780 0
35588 0.000000 0
35595 0.000000 0
35602 0.000000 0
35610 0.262824 0
35618 0.253608 0
35625 0.000000 0
35632 0.135594 0
35640 0.000000 0
35648 0.186232 0
35655 0.000000 0
35662 0.002097 0
35670 0.095480 0
35678 0.044563 0
35685 0.204604 0
35692 0.206678 0
35700 0.167080 0
35708 0.000000 0
35715 0.000000 0
35722 0.000000 0
35730 0.069560 0
35738 0.190911 0
35745 0.112418 0
35752 0.260875 0
35760 0.236009 0
35768 0.000000 0
35775 0.000000 0
35782 0.000000 0
35790 0.000000 0
35798 0.231594 0
35805 0.000000 0
35812 0.000000 0
35820 0.000000 0
35828 0.220597 0
35835 0.000000 0
35842 0.160042 0
35850 0.209808 0
35858 0.172352 0
35865 0.000000 0
35872 0.000000 0
35880 0.000000 0
35888 0.195124 0
35895 0.000000 0
35902 0.032660 0
35910 0.031522 0
35918 0.000000 0
35925 0.118434 0
35932 0.057540 0
35940 0.123089 0
35948 0.000000 0
35955 0.000000 0
35962 0.081543 0
35970 0.223174 0
35978 0.192425 0
35985 0.113889 0
35992 0.322637 0
36000 0.384303 0
36008 0.000000 0
36015 0.000000 0
36022 0.138231 0
36030 0.144698 0
36038 0.135392 0
36045 0.000000 0
36052 0.000000 0
36060 0.000000 0
36068 0.000000 0
36075 0.152909 0
36082 0.209931 0
36090 0.128704 0
36098 0.000000 0
36105 0.000000 0
36112 0.000000 0
36120 0.000000 0
36128 0.056119 0
36135 0.044599 0
36142 0.000000 0
36150 0.059741 0
36158 0.000000 0
36165 0.206280 0
36172 0.233624 0
36180 0.118611 0
36188 0.039617 0
36195 0.000000 0
36202 0.000000 0
36210 0.230611 0
36218 0.000000 0
36225 0.053929 0
36232 0.000000 0
36240 0.170951 0
36248 0.000000 0
36255 0.186284 0
36262 0.050281 0
36270 0.150859 0
36278 0.142330 0
36285 0.000000 0
36292 0.167310 0
36300 0.136504 0
36308 0.000000 0
36315 0.000000 0
36322 0.096900 0
36330 0.259858 0
36338 0.138570 0
36345 0.000000 0
36352 0.178474 0
36360 0.173012 0
36368 0.143449 0
36375 0.000000 0
36382 0.000000 0
36390 0.239273 0
36398 0.133834 0
36405 0.000000 0
36412 0.092769 0
36420 0.000000 0
36428 0.000000 0
36435 0.100347 0
36442 0.240158 0
36450 0.129338 0
36458 0.000000 0
36465 0.000000 0
36472 0.086122 0
36480 0.092892 0
36488 0.000000 0
36495 0.000000 0
36502 0.000000 0
36510 0.000000 0
36518 0.000000 0
36525 0.000000 0
36532 0.292777 0
36540 0.151752 0
36548 0.000000 0
36555 0.142090 0
36562 0.000000 0
36570 0.000000 0
36578 0.142535 0
36585 0.000000 0
36592 0.201897 0
36600 0.122059 0
36608 0.000000 0
36615 0.000000 0
36622 0.248937 0
36630 0.203272 0
36638 0.000000 0
36645 0.231388 0
36652 0.304912 0
36660 0.348613 0
36668 0.000000 0
36675 0.000000 0
36682 0.125978 0
36690 0.000000 0
36698 0.000000 0
36705 0.422602 0
36712 0.507716 0
36720 0.257576 0
36728 0.000000 0
36735 0.000000 0
36742 0.000000 0
36750 0.000000 0
36758 0.247815 0
36765 0.253530 0
36772 0.000000 0
36780 0.000000 0
36788 0.000000 0
36795 0.000000 0
36802 0.000000 0
36810 0.000000 0
36818 0.000000 0
36825 0.000000 0
36832 0.000000 0
36840 0.000000 0
36848 0.197439 0
36855 0.113209 0
36862 0.000000 0
36870 0.000000 0
36878 0.248149 0
36885 0.117412 0
36892 0.000000 0
36900 0.052385 0
36908 0.000000 0
36915 0.000000 0
36922 0.199320 0
36930 0.000000 0
36938 0.146693 0
36945 0.000000 0
36952 0.000000 0
36960 0.000000 0
36968 0.000000 0
36975 0.058028 0
36982 0.000000 0
36990 0.000000 0
36998 0.000000 0
37005 0.000000 0
37012 0.000000 0
37020 0.075671 0
37028 0.000000 0
37035 0.000000 0
37042 0.000000 0
37050 0.000000 0
37058 0.136813 0
37065 0.100235 0
37072 0.000000 0
37080 0.000000 0
37088 0.000000 0
37095 0.000000 0
37102 0.000000 0
37110 0.000000 0
37118 0.029514 0
37125 0.000000 0
37132 0.000000 0
37140 0.000000 0
37148 0.153371 0
37155 0.358062 0
37162 0.912252 0
37170 0.643738 0
37178 0.000000 0
37185 0.000000 0
37192 0.000000 0
37200 0.000000 0
37208 0.000000 0
37215 0.000000 0
37222 0.000000 0
37230 0.000000 0
37238 0.000000 0
37245 0.000000 0
37252 0.000000 0
37260 0.000000 0
37268 0.000000 0
37275 0.000000 0
37282 0.000000 0
37290 0.000000 0
37298 0.000000 0
37305 0.000000 0
37312 0.000000 0
37320 0.000000 0
37328 0.000000 0
37335 0.000000 0
37342 0.000000 0
37350 0.000000 0
37358 0.000000 0
37365 0.000000 0
37372 0.000000 0
37380 0.000000 0
37388 0.298954 0
37395 0.084573 0
37402 0.000000 0
37410 0.000000 0
37418 0.000000 0
37425 0.000000 0
37432 0.000000 0
37440 0.000000 0
37448 0.000000 0
37455 0.384307 0
37462 0.264952 0
37470 0.000000 0
37478 0.000000 0
37485 0.000000 0
37492 0.000000 0
37500 0.000000 0
37508 0.000000 0
37515 0.000000 0
37522 0.000000 0
37530 0.000000 0
37538 0.000000 0
37545 0.000000 0
37552 0.000000 0
37560 0.000000 0
37568 0.000000 0
37575 0.000000 0
37582 0.000000 0
37590 0.559103 0
37598 0.670944 0
37605 0.370743 0
37612 0.224139 0
37620 0.000000 0
37628 0.000000 0
37635 0.649406 0
37642 0.510482 0
37650 0.000000 0
37658 0.000000 0
37665 0.000000 0
37672 0.163446 0
37680 0.000000 0
37688 0.000000 0
37695 0.000000 0
37702 0.000000 0
37710 0.000000 0
37718 0.000000 0
37725 0.000000 1
37732 0.000000 1
37740 0.000000 1
37748 0.000000 1
37755 0.000000 1
37762 0.000000 1
37770 0.000000 0
37778 0.000000 0
37785 0.000000 0
37792 0.000000 0
37800 0.000000 0
37808 0.000000 0
37815 0.000000 0
37822 0.000000 0
37830 0.000000 0
37838 0.000000 0
37845 0.000000 1
37852 0.000000 0
37860 0.000000 0
37868 0.000000 0
37875 0.000000 0
37882 0.000000 0
37890 0.000000 1
37898 0.000000 0
37905 0.000000 0
37912 0.000000 0
37920 0.000000 0
37928 0.000000 0
37935 0.000000 1
37942 0.000000 1
37950 0.000000 1
37958 0.000000 1
37965 0.264312 0
37972 1.000000 0
37980 0.745967 0
37988 0.172997 0
37995 0.000000 0
38002 0.000000 0
38010 0.000000 0
38018 0.000000 0
38025 0.000000 0
38032 0.000000 0
38040 0.000000 0
38048 0.000000 0
38055 0.000000 0
38062 0.000000 0
38070 0.000000 1
38078 0.000000 0
38085 0.000000 0
38092 0.000000 0
38100 0.000000 0
38108 0.000000 0
38115 0.000000 0
38122 0.000000 0
38130 0.000000 0
38138 0.000000 0
38145 0.364435 0
38152 0.444504 0
38160 0.000000 0
38168 0.000000 0
38175 0.000000 1
38182 0.000000 1
38190 0.000000 1
38198 0.235499 0
38205 0.579738 0
38212 0.317158 0
38220 0.000000 1
38228 0.000000 1
38235 0.000000 1
38242 0.000000 1
38250 0.000000 1
38258 0.000000 1
38265 0.000000 1
38272 0.000000 1
38280 0.000000 1
38288 0.000000 1
38295 0.000000 1
38302 0.000000 1
38310 0.222935 0
38318 0.908202 0
38325 0.623447 0
38332 0.412184 0
38340 0.000000 0
38348 0.392915 0
38355 0.567694 0
38362 0.266462 0
38370 0.000000 0
38378 0.000000 0
38385 0.000000 0
38392 0.000000 0
38400 0.000000 0
38408 0.000000 0
38415 0.000000 0
38422 0.000000 0
38430 0.000000 1
38438 0.000000 1
38445 0.000000 1
38452 0.000000 1
38460 0.000000 1
38468 0.000000 1
38475 0.000000 1
38482 0.000000 1
38490 0.000000 1
38498 0.000000 1
38505 0.000000 1
38512 0.000000 1
38520 0.000000 1
38528 0.000000 1
38535 0.000000 1
38542 0.000000 1
38550 0.000000 1
38558 0.000000 1
38565 0.000000 1
38572 0.000000 1
38580 0.000000 1
38588 0.000000 1
38595 0.000000 1
38602 0.000000 1
38610 0.000000 0
38618 0.000000 0
38625 0.292115 0
38632 1.000000 0
38640 0.767328 0
38648 0.155727 0
38655 0.000000 0
38662 0.000000 0
38670 0.000000 0
38678 0.000000 0
38685 0.000000 0
38692 0.000000 0
38700 0.000000 0
38708 0.000000 0
38715 0.000000 0
38722 0.000000 0
38730 0.000000 0
38738 0.000000 0
38745 0.000000 0
38752 0.000000 1
38760 0.000000 1
38768 0.000000 1
38775 0.158925 1
38782 0.530286 1
38790 0.377486 1
38798 0.000000 1
38805 0.000000 1
38812 0.000000 0
38820 0.000000 0
38828 0.479760 0
38835 0.518050 0
38842 0.000000 0
38850 0.000000 0
38858 0.000000 0
38865 0.000000 1
38872 0.000000 1
38880 0.000000 1
38888 0.000000 1
38895 0.000000 0
38902 0.000000 0
38910 0.000000 0
38918 0.263863 0
38925 0.626648 0
38932 0.782735 0
38940 0.586213 0
38948 0.208282 0
38955 0.407318 0
38962 0.508737 0
38970 0.180907 0
38978 0.000000 0
38985 0.000000 0
38992 0.000000 0
39000 0.000000 0
39008 0.000000 0
39015 0.000000 0
39022 0.000000 0
39030 0.000000 1
39038 0.000000 1
39045 0.000000 0
39052 0.000000 0
39060 0.000000 0
39068 0.000000 0
39075 0.000000 0
39082 0.000000 0
39090 0.000000 0
39098 0.000000 0
39105 0.000000 0
39112 0.000000 1
39120 0.000000 0
39128 0.000000 0
39135 0.000000 0
39142 0.000000 0
39150 0.000000 0
39158 0.000000 0
39165 0.000000 0
39172 0.000000 0
39180 0.000000 0
39188 0.000000 0
39195 0.000000 0
39202 1.000000 0
39210 0.839254 0
39218 0.293044 0
39225 0.000000 0
39232 0.000000 0
39240 0.000000 0
39248 0.000000 0
39255 0.000000 0
39262 0.000000 0
39270 0.000000 0
39278 0.000000 0
39285 0.000000 0
39292 0.000000 0
39300 0.000000 0
39308 0.000000 0
39315 0.000000 0
39322 0.000000 0
39330 0.000000 0
39338 0.590549 0
39345 0.412058 0
39352 0.000000 0
39360 0.000000 0
39368 0.000000 0
39375 0.192000 0
39382 0.538074 0
39390 0.213049 0
39398 0.000000 0
39405 0.000000 0
39412 0.000000 0
39420 0.000000 0
39428 0.000000 0
39435 0.000000 0
39442 0.000000 0
39450 0.000000 0
39458 0.000000 0
39465 0.743756 0
39472 0.810454 0
39480 0.560091 0
39488 0.000000 0
39495 0.456823 0
39502 0.359658 0
39510 0.103119 0
39518 0.000000 0
39525 0.000000 0
39532 0.000000 0
39540 0.000000 0
39548 0.000000 0
39555 0.000000 0
39562 0.000000 0
39570 0.000000 0
39578 0.000000 0
39585 0.000000 0
39592 0.000000 0
39600 0.000000 0
39608 0.000000 0
39615 0.000000 0
39622 0.000000 0
39630 0.000000 0
39638 0.000000 0
39645 0.000000 0
39652 0.000000 0
39660 0.000000 0
39668 0.000000 0
39675 0.000000 0
39682 0.000000 0
39690 0.000000 0
39698 0.000000 0
39705 0.000000 0
39712 1.000000 0
39720 0.867908 0
39728 0.341294 0
39735 0.000000 0
39742 0.000000 0
39750 0.000000 0
39758 0.000000 0
39765 0.000000 0
39772 0.000000 0
39780 0.000000 0
39788 0.000000 0
39795 0.000000 0
39802 0.000000 0
39810 0.000000 0
39818 0.000000 0
39825 0.121504 0
39832 0.261340 0
39840 0.476690 0
39848 0.000000 0
39855 0.000000 0
39862 0.000000 0
39870 0.178001 0
39878 0.422235 0
39885 0.017951 0
39892 0.000000 0
39900 0.000000 0
39908 0.000000 0
39915 0.000000 0
39922 0.000000 0
39930 0.000000 0
39938 0.000000 0
39945 0.000000 0
39952 0.656682 0
39960 0.794759 0
39968 0.539265 0
39975 0.135631 0
39982 0.427754 0
39990 0.240282 0
39998 0.000000 0
40005 0.000000 0
40012 0.000000 0
40020 0.000000 0
40028 0.000000 0
40035 0.000000 0
40042 0.000000 0
40050 0.000000 0
40058 0.000000 0
40065 0.000000 0
40072 0.000000 0
40080 0.000000 0
40088 0.000000 0
40095 0.000000 0
40102 0.000000 0
40110 0.000000 0
40118 0.000000 0
40125 0.000000 0
40132 0.000000 0
40140 0.000000 0
40148 0.000000 0
40155 0.000000 0
40162 0.000000 0
40170 0.000000 0
40178 0.000000 0
40185 1.000000 0
40192 0.846290 0
40200 0.336760 0
40208 0.000000 0
40215 0.000000 0
40222 0.000000 0
40230 0.000000 0
40238 0.000000 0
40245 0.000000 0
40252 0.000000 0
40260 0.000000 0
40268 0.000000 0
40275 0.000000 0
40282 0.067713 0
40290 0.000000 0
40298 0.000000 0
40305 0.231637 0
40312 0.209061 0
40320 0.000000 0
40328 0.000000 0
40335 0.000000 0
40342 0.338354 0
40350 0.275564 0
40358 0.000000 0
40365 0.000000 0
40372 0.000000 0
40380 0.000000 0
40388 0.000000 0
40395 0.000000 0
40402 0.146663 0
40410 0.134035 0
40418 0.186584 0
40425 0.472706 0
40432 0.495595 0
40440 0.262550 0
40448 0.260250 0
40455 0.302785 0
40462 0.000000 0
40470 0.000000 0
40478 0.000000 0
40485 0.000000 0
40492 0.000000 0
40500 0.000000 0
40508 0.000000 0
40515 0.000000 0
40522 0.000000 0
40530 0.284460 0
40538 0.000000 0
40545 0.000000 0
40552 0.000000 0
40560 0.000000 0
40568 0.000000 0
40575 0.000000 0
40582 0.000000 0
40590 0.000000 0
40598 0.000000 0
40605 0.000000 0
40612 0.000000 0
40620 0.206604 0
40628 0.365441 0
40635 0.524536 0
40642 0.802719 0
40650 0.479552 0
40658 0.000000 0
40665 0.000000 0
40672 0.000000 0
40680 0.000000 0
40688 0.000000 0
40695 0.000000 0
40702 0.000000 0
40710 0.000000 0
40718 0.000000 0
40725 0.000000 0
40732 0.000000 0
40740 0.000000 0
40748 0.420048 0
40755 0.743400 0
40762 0.251611 0
40770 0.000000 0
40778 0.000000 0
40785 0.000000 0
40792 0.000000 0
40800 0.284415 0
40808 0.232541 0
40815 0.000000 0
40822 0.000000 0
40830 0.000000 0
40838 0.000000 0
40845 0.000000 0
40852 0.000000 0
40860 0.218638 0
40868 0.244719 0
40875 0.219599 0
40882 0.481932 0
40890 0.663557 0
40898 0.567919 0
40905 0.052358 0
40912 0.000000 0
40920 0.000000 0
40928 0.000000 0
40935 0.000000 0
40942 0.000000 0
40950 0.000000 0
40958 0.000000 0
40965 0.000000 0
40972 0.000000 0
40980 0.000000 0
40988 0.000000 0
40995 0.000000 0
41002 0.000000 0
41010 0.000000 0
41018 0.000000 0
41025 0.000000 0
41032 0.000000 0
41040 0.000000 0
41048 0.000000 0
41055 0.099741 0
41062 0.000000 0
41070 0.000000 0
41078 0.000000 0
41085 0.000000 0
41092 0.000000 0
41100 0.000000 0
41108 0.980217 0
41115 0.868559 0
41122 0.297385 0
41130 0.000000 0
41138 0.000000 0
41145 0.000000 0
41152 0.000000 0
41160 0.000000 0
41168 0.000000 0
41175 0.000000 0
41182 0.000000 0
41190 0.000000 0
41198 0.000000 0
41205 0.000000 0
41212 0.143487 0
41220 0.661610 0
41228 0.524582 0
41235 0.000000 0
41242 0.000000 0
41250 0.000000 0
41258 0.000000 0
41265 0.074402 0
41272 0.000000 0
41280 0.000000 0
41288 0.000000 0
41295 0.000000 0
41302 0.000000 0
41310 0.000000 0
41318 0.000000 0
41325 0.000000 0
41332 0.000000 0
41340 0.129404 0
41348 0.914575 0
41355 0.639116 0
41362 0.404527 0
41370 0.166316 0
41378 0.000000 0
41385 0.000000 0
41392 0.000000 0
41400 0.000000 0
41408 0.000000 0
41415 0.000000 0
41422 0.000000 0
41430 0.000000 0
41438 0.000000 0
41445 0.000000 0
41452 0.000000 0
41460 0.000000 0
41468 0.000000 0
41475 0.062690 0
41482 0.000000 0
41490 0.000000 0
41498 0.000000 0
41505 0.000000 0
41512 0.000000 0
41520 0.000000 0
41528 0.000000 0
41535 0.000000 0
41542 0.000000 0
41550 0.000000 0
41558 0.246346 0
41565 0.415791 0
41572 0.424562 0
41580 0.903981 0
41588 0.566391 0
41595 0.000000 0
41602 0.000000 0
41610 0.000000 0
41618 0.000000 0
41625 0.000000 0
41632 0.000000 0
41640 0.000000 0
41648 0.000000 0
41655 0.000000 0
41662 0.000000 0
41670 0.000000 0
41678 0.304744 0
41685 0.425460 0
41692 0.579230 0
41700 0.165959 0
41708 0.000000 0
41715 0.000000 0
41722 0.000000 0
41730 0.000000 0
41738 0.162417 0
41745 0.000000 0
41752 0.000000 0
41760 0.000000 0
41768 0.000000 0
41775 0.000000 0
41782 0.000000 0
41790 0.000000 0
41798 0.000000 0
41805 0.000000 0
41812 0.320353 0
41820 0.541129 0
41828 0.687389 0
41835 0.511416 0
41842 0.000000 0
41850 0.000000 0
41858 0.000000 0
41865 0.000000 0
41872 0.000000 0
41880 0.000000 0
41888 0.000000 0
41895 0.000000 0
41902 0.000000 0
41910 0.000000 0
41918 0.000000 0
41925 0.000000 0
41932 0.000000 0
41940 0.008490 0
41948 0.000000 0
41955 0.000000 0
41962 0.000000 0
41970 0.000000 0
41978 0.000000 0
41985 0.000000 0
41992 0.000000 0
42000 0.000000 0
42008 0.000000 0
42015 0.000000 0
42022 0.000000 0
42030 0.000000 0
42038 0.000000 0
42045 1.000000 0
42052 0.891248 0
42060 0.320687 0
42068 0.000000 0
42075 0.000000 0
42082 0.000000 0
42090 0.000000 0
42098 0.000000 0
42105 0.000000 0
42112 0.000000 0
42120 0.000000 0
42128 0.000000 0
42135 0.000000 0
42142 0.131399 0
42150 0.084045 0
42158 0.596127 0
42165 0.482059 0
42172 0.000000 0
42180 0.000000 0
42188 0.000000 0
42195 0.000000 0
42202 0.000000 0
42210 0.051401 0
42218 0.000000 0
42225 0.000000 0
42232 0.000000 0
42240 0.000000 0
42248 0.000000 0
42255 0.000000 0
42262 0.000000 0
42270 0.000000 0
42278 0.366081 0
42285 0.446837 0
42292 0.554268 0
42300 0.656086 0
42308 0.379433 0
42315 0.000000 0
42322 0.000000 0
42330 0.000000 0
42338 0.000000 0
42345 0.000000 0
42352 0.000000 0
42360 0.000000 0
42368 0.000000 0
42375 0.000000 0
42382 0.000000 0
42390 0.000000 0
42398 0.851873 0
42405 0.889398 0
42412 0.000000 0
42420 0.000000 0
42428 0.000000 0
42435 0.000000 0
42442 0.000000 0
42450 0.000000 0
42458 0.000000 0
42465 0.000000 0
42472 0.000000 0
42480 0.000000 0
42488 0.000000 0
42495 0.000000 0
42502 0.000000 0
42510 0.510535 0
42518 1.000000 0
42525 0.508384 0
42532 0.000000 0
42540 0.000000 0
42548 0.000000 0
42555 0.000000 0
42562 0.000000 0
42570 0.000000 0
42578 0.000000 0
42585 0.000000 0
42592 0.000000 0
42600 0.000000 0
42608 0.000000 0
42615 0.149455 0
42622 0.425523 0
42630 0.610114 0
42638 0.159458 0
42645 0.000000 0
42652 0.000000 0
42660 0.000000 0
42668 0.000000 0
42675 0.000000 0
42682 0.000000 0
42690 0.000000 0
42698 0.000000 0
42705 0.000000 0
42712 0.000000 0
42720 0.000000 0
42728 0.000000 0
42735 0.000000 0
42742 0.000000 0
42750 1.000000 0
42758 0.864497 0
42765 0.339837 0
42772 0.075696 0
42780 0.000000 0
42788 0.000000 0
42795 0.000000 0
42802 0.000000 0
42810 0.000000 0
42818 0.000000 0
42825 0.000000 0
42832 0.000000 0
42840 0.000000 0
42848 0.000000 0
42855 0.000000 0
42862 0.000000 0
42870 0.000000 0
42878 0.000000 0
42885 0.000000 0
42892 0.000000 0
42900 0.000000 0
42908 0.000000 0
42915 0.000000 0
42922 0.000000 0
42930 0.000000 0
42938 0.000000 0
42945 0.000000 0
42952 0.000000 0
42960 0.000000 0
42968 0.000000 0
42975 0.000000 0
42982 1.000000 0
42990 0.933770 0
42998 0.354829 0
43005 0.000000 0
43012 0.000000 0
43020 0.000000 0
43028 0.000000 0
43035 0.000000 0
43042 0.000000 0
43050 0.000000 0
43058 0.000000 0
43065 0.000000 0
43072 0.000000 0
43080 0.000000 0
43088 0.000000 0
43095 0.680444 0
43102 0.513881 0
43110 0.000000 0
43118 0.000000 0
43125 0.000000 0
43132 0.000000 0
43140 0.000000 0
43148 0.000000 0
43155 0.000000 0
43162 0.000000 0
43170 0.000000 0
43178 0.000000 0
43185 0.000000 0
43192 0.000000 0
43200 0.000000 0
43208 0.000000 0
43215 0.459873 0
43222 0.963025 0
43230 0.574959 0
43238 0.310921 0
43245 0.000000 0
43252 0.000000 0
43260 0.000000 0
43268 0.000000 0
43275 0.000000 0
43282 0.000000 0
43290 0.000000 0
43298 0.000000 0
43305 0.000000 0
43312 0.000000 0
43320 0.000000 0
43328 0.000000 0
43335 0.181643 0
43342 0.259705 0
43350 0.000000 0
43358 0.000000 0
43365 0.000000 0
43372 0.000000 0
43380 0.000000 0
43388 0.000000 0
43395 0.000000 0
43402 0.000000 0
43410 0.000000 0
43418 0.000000 0
43425 0.000000 0
43432 0.340072 0
43440 0.684612 0
43448 0.684271 0
43455 0.725241 0
43462 0.542662 0
43470 0.000000 0
43478 0.000000 0
43485 0.000000 0
43492 0.000000 0
43500 0.000000 0
43508 0.000000 0
43515 0.000000 0
43522 0.000000 0
43530 0.139443 0
43538 0.000000 0
43545 0.000000 0
43552 0.000000 0
43560 0.333068 0
43568 0.672375 0
43575 0.226491 0
43582 0.000000 0
43590 0.000000 0
43598 0.000000 0
43605 0.000000 0
43612 0.094311 0
43620 0.000000 0
43628 0.000000 0
43635 0.000000 0
43642 0.000000 0
43650 0.000000 0
43658 0.000000 0
43665 0.000000 0
43672 0.000000 0
43680 0.155918 0
43688 0.294780 0
43695 0.538372 0
43702 0.706473 0
43710 0.524156 0
43718 0.000000 0
43725 0.000000 0
43732 0.000000 0
43740 0.000000 0
43748 0.000000 0
43755 0.000000 0
43762 0.000000 0
43770 0.000000 0
43778 0.000000 0
43785 0.000000 0
43792 0.000000 0
43800 0.000000 0
43808 0.423249 0
43815 0.316631 0
43822 0.000000 0
43830 0.000000 0
43838 0.000000 0
43845 0.000000 0
43852 0.000000 0
43860 0.000000 0
43868 0.000000 0
43875 0.000000 0
43882 0.000000 0
43890 0.000000 0
43898 0.000000 0
43905 0.000000 0
43912 0.000000 0
43920 1.000000 0
43928 0.798876 0
43935 0.210028 0
43942 0.000000 0
43950 0.000000 0
43958 0.000000 0
43965 0.000000 0
43972 0.000000 0
43980 0.000000 0
43988 0.000000 0
43995 0.000000 0
44002 0.000000 0
44010 0.000000 0
44018 0.000000 0
44025 0.000000 0
44032 0.715198 0
44040 0.533440 0
44048 0.000000 0
44055 0.000000 0
44062 0.000000 0
44070 0.000000 0
44078 0.000000 0
44085 0.000000 0
44092 0.000000 0
44100 0.000000 0
44108 0.000000 0
44115 0.000000 0
44122 0.000000 0
44130 0.000000 0
44138 0.000000 0
44145 0.070618 0
44152 0.153284 0
44160 0.536176 0
44168 0.654807 0
44175 0.662644 0
44182 0.347821 0
44190 0.000000 0
44198 0.000000 0
44205 0.000000 0
44212 0.000000 0
44220 0.000000 0
44228 0.000000 0
44235 0.000000 0
44242 0.000000 0
44250 0.000000 0
44258 0.000000 0
44265 0.000000 0
44272 0.228480 0
44280 0.267105 0
44288 0.000000 0
44295 0.000000 0
44302 0.000000 0
44310 0.000000 0
44318 0.000000 0
44325 0.000000 0
44332 0.000000 0
44340 0.000000 0
44348 0.000000 0
44355 0.000000 0
44362 0.000000 0
44370 0.000000 0
44378 0.000000 0
44385 0.489756 0
44392 1.000000 0
44400 0.643081 0
44408 0.000000 0
44415 0.000000 0
44422 0.000000 0
44430 0.000000 0
44438 0.000000 0
44445 0.000000 0
44452 0.000000 0
44460 0.000000 0
44468 0.000000 0
44475 0.000000 0
44482 0.000000 0
44490 0.000000 0
44498 0.239529 0
44505 0.603986 0
44512 0.219894 0
44520 0.000000 0
44528 0.000000 0
44535 0.000000 0
44542 0.000000 0
44550 0.000000 0
44558 0.000000 0
44565 0.000000 0
44572 0.000000 0
44580 0.000000 0
44588 0.000000 0
44595 0.000000 0
44602 0.000000 0
44610 0.000000 0
44618 0.219300 0
44625 1.000000 0
44632 0.802289 0
44640 0.000000 0
44648 0.000000 0
44655 0.000000 0
44662 0.000000 0
44670 0.000000 0
44678 0.000000 0
44685 0.000000 0
44692 0.000000 0
44700 0.000000 0
44708 0.000000 0
44715 0.000000 0
44722 0.000000 0
44730 0.000000 0
44738 0.176058 0
44745 0.331917 0
44752 0.303276 0
44760 0.000000 0
44768 0.000000 0
44775 0.000000 0
44782 0.000000 0
44790 0.000000 0
44798 0.000000 0
44805 0.000000 0
44812 0.000000 0
44820 0.000000 0
44828 0.000000 0
44835 0.000000 0
44842 0.000000 0
44850 0.000000 0
44858 1.000000 0
44865 0.891637 0
44872 0.171947 0
44880 0.000000 0
44888 0.000000 0
44895 0.000000 0
44902 0.000000 0
44910 0.000000 0
44918 0.000000 0
44925 0.000000 0
44932 0.000000 0
44940 0.000000 0
44948 0.000000 0
44955 0.000000 0
44962 0.000000 0
44970 0.565488 0
44978 0.524722 0
44985 0.000000 0
44992 0.000000 0
45000 0.000000 0
45008 0.000000 0
45015 0.000000 0
45022 0.000000 0
45030 0.000000 0
45038 0.000000 0
45045 0.000000 0
45052 0.000000 0
45060 0.000000 0
45068 0.000000 0
45075 0.000000 0
45082 0.000000 0
45090 0.685743 0
45098 1.000000 0
45105 0.517590 0
45112 0.000000 0
45120 0.000000 0
45128 0.000000 0
45135 0.000000 0
45142 0.000000 0
45150 0.000000 0
45158 0.000000 0
45165 0.000000 0
45172 0.000000 0
45180 0.000000 0
45188 0.000000 0
45195 0.000000 0
45202 0.000000 0
45210 0.265658 0
45218 0.333333 0
45225 0.000000 0
45232 0.000000 0
45240 0.000000 0
45248 0.000000 0
45255 0.000000 0
45262 0.000000 0
45270 0.000000 0
45278 0.000000 0
45285 0.000000 0
45292 0.000000 0
45300 0.000000 0
45308 0.000000 0
45315 0.320271 0
45322 0.674821 0
45330 0.931502 0
45338 0.489694 0
45345 0.000000 0
45352 0.000000 0
45360 0.000000 0
45368 0.000000 0
45375 0.000000 0
45382 0.000000 0
45390 0.000000 0
45398 0.000000 0
45405 0.000000 0
45412 0.000000 0
45420 0.000000 0
45428 0.000000 0
45435 0.289501 0
45442 0.581419 0
45450 0.251389 0
45458 0.000000 0
45465 0.000000 0
45472 0.000000 0
45480 0.000000 0
45488 0.000000 0
45495 0.000000 0
45502 0.000000 0
45510 0.000000 0
45518 0.000000 0
45525 0.000000 0
45532 0.000000 0
45540 0.000000 0
45548 0.125042 0
45555 0.225499 0
45562 0.244887 0
45570 0.415233 0
45578 0.625675 0
45585 0.542568 0
45592 0.120059 0
45600 0.000000 0
45608 0.000000 0
45615 0.000000 0
45622 0.000000 0
45630 0.000000 0
45638 0.000000 0
45645 0.000000 0
45652 0.000000 0
45660 0.000000 0
45668 0.129474 0
45675 0.029776 0
45682 0.330377 0
45690 0.417471 0
45698 0.000000 0
45705 0.000000 0
45712 0.000000 0
45720 0.000000 0
45728 0.000000 0
45735 0.000000 0
45742 0.262157 0
45750 0.230205 0
45758 0.174528 0
45765 0.303337 0
45772 0.126844 0
45780 0.000000 0
45788 0.000000 0
45795 0.478877 0
45802 0.607783 0
45810 0.000000 0
45818 0.000000 0
45825 0.000000 0
45832 0.000000 0
45840 0.000000 0
45848 0.000000 0
45855 0.000000 0
45862 0.000000 0
45870 0.000000 0
45878 0.000000 0
45885 0.000000 0
45892 0.000000 0
45900 0.000000 0
45908 0.693691 0
45915 0.557914 0
45922 0.000000 0
45930 0.000000 0
45938 0.000000 0
45945 0.000000 0
45952 0.000000 0
45960 0.000000 0
45968 0.000000 0
45975 0.000000 0
45982 0.000000 0
45990 0.000000 0
45998 0.000000 0
46005 0.000000 0
46012 0.000000 0
46020 0.000000 0
46028 0.556291 0
46035 0.908313 0
46042 0.496270 0
46050 0.137554 0
46058 0.000000 0
46065 0.000000 0
46072 0.000000 0
46080 0.000000 0
46088 0.000000 0
46095 0.000000 0
46102 0.000000 0
46110 0.000000 0
46118 0.000000 0
46125 0.044669 0
46132 0.273290 0
46140 0.310075 0
46148 0.510929 0
46155 0.525061 0
46162 0.094689 0
46170 0.000000 0
46178 0.000000 0
46185 0.000000 0
46192 0.000000 0
46200 0.000000 0
46208 0.000000 0
46215 0.000000 0
46222 0.000000 0
46230 0.047898 0
46238 0.000000 0
46245 0.000000 0
46252 0.101193 0
46260 0.422169 0
46268 0.768381 0
46275 0.496075 0
46282 0.000000 0
46290 0.000000 0
46298 0.000000 0
46305 0.000000 0
46312 0.000000 0
46320 0.000000 0
46328 0.000000 0
46335 0.000000 0
46342 0.000000 0
46350 0.000000 0
46358 0.000000 0
46365 0.190309 0
46372 0.456841 0
46380 0.632073 0
46388 0.121871 0
46395 0.000000 0
46402 0.000000 0
46410 0.000000 0
46418 0.000000 0
46425 0.000000 0
46432 0.000000 0
46440 0.000000 0
46448 0.000000 0
46455 0.000000 0
46462 0.000000 0
46470 0.000000 0
46478 0.000000 0
46485 0.000000 0
46492 0.000000 0
46500 1.000000 0
46508 0.845594 0
46515 0.000000 0
46522 0.000000 0
46530 0.000000 0
46538 0.000000 0
46545 0.000000 0
46552 0.000000 0
46560 0.000000 0
46568 0.000000 0
46575 0.000000 0
46582 0.000000 0
46590 0.000000 0
46598 0.000000 0
46605 0.000000 0
46612 0.221184 0
46620 0.335204 0
46628 0.252133 0
46635 0.000000 0
46642 0.000000 0
46650 0.000000 0
46658 0.000000 0
46665 0.000000 0
46672 0.000000 0
46680 0.000000 0
46688 0.000000 0
46695 0.000000 0
46702 0.000000 0
46710 0.000000 0
46718 0.000000 0
46725 0.000000 0
46732 1.000000 0
46740 0.918734 0
46748 0.242853 0
46755 0.000000 0
46762 0.000000 0
46770 0.000000 0
46778 0.000000 0
46785 0.000000 0
46792 0.000000 0
46800 0.000000 0
46808 0.000000 0
46815 0.000000 0
46822 0.000000 0
46830 0.215889 0
46838 0.299812 0
46845 0.389516 0
46852 0.411295 0
46860 0.000000 0
46868 0.000000 0
46875 0.000000 0
46882 0.000000 0
46890 0.000000 0
46898 0.000000 0
46905 0.000000 0
46912 0.000000 0
46920 0.000000 0
46928 0.000000 0
46935 0.000000 0
46942 0.000000 0
46950 0.235770 0
46958 0.390664 0
46965 0.573537 0
46972 0.895161 0
46980 0.485179 0
46988 0.000000 0
46995 0.000000 0
47002 0.000000 0
47010 0.000000 0
47018 0.000000 0
47025 0.000000 0
47032 0.000000 0
47040 0.000000 0
47048 0.000000 0
47055 0.000000 0
47062 0.000000 0
47070 0.074620 0
47078 0.000000 0
47085 0.316379 0
47092 0.455231 0
47100 0.000000 0
47108 0.000000 0
47115 0.000000 0
47122 0.000000 0
47130 0.000000 0
47138 0.000000 0
47145 0.000000 0
47152 0.000000 0
47160 0.000000 0
47168 0.000000 0
47175 0.172552 0
47182 0.316323 0
47190 0.313559 0
47198 0.425277 0
47205 0.876736 0
47212 0.625454 0
47220 0.000000 0
47228 0.000000 0
47235 0.000000 0
47242 0.000000 0
47250 0.000000 0
47258 0.000000 0
47265 0.000000 0
47272 0.000000 0
47280 0.000000 0
47288 0.000000 0
47295 0.175957 0
47302 0.112375 0
47310 0.150020 0
47318 0.427613 0
47325 0.337545 0
47332 0.000000 0
47340 0.000000 0
47348 0.000000 0
47355 0.000000 0
47362 0.000000 0
47370 0.000000 0
47378 0.000000 0
47385 0.000000 0
47392 0.000000 0
47400 0.000000 0
47408 0.000000 0
47415 0.000000 0
47422 0.000000 0
47430 0.000000 0
47438 0.353843 0
47445 0.471742 0
47452 0.554022 0
47460 0.467914 0
47468 0.000000 0
47475 0.000000 0
47482 0.000000 0
47490 0.000000 0
47498 0.000000 0
47505 0.000000 0
47512 0.000000 0
47520 0.000000 0
47528 0.000000 0
47535 0.000000 0
47542 0.000000 0
47550 0.263091 0
47558 0.564180 0
47565 0.442221 0
47572 0.000000 0
47580 0.000000 0
47588 0.000000 0
47595 0.000000 0
47602 0.000000 0
47610 0.000000 0
47618 0.000000 0
47625 0.000000 0
47632 0.000000 0
47640 0.000000 0
47648 0.000000 0
47655 0.000000 0
47662 0.149143 0
47670 0.805760 0
47678 0.763467 0
47685 0.274685 0
47692 0.000000 0
47700 0.000000 0
47708 0.000000 0
47715 0.000000 0
47722 0.000000 0
47730 0.000000 0
47738 0.000000 0
47745 0.000000 0
47752 0.000000 0
47760 0.000000 0
47768 0.000000 0
47775 0.000000 0
47782 0.632448 0
47790 0.503199 0
47798 0.000000 0
47805 0.000000 0
47812 0.000000 0
47820 0.000000 0
47828 0.000000 0
47835 0.000000 0
47842 0.000000 0
47850 0.000000 0
47858 0.000000 0
47865 0.000000 0
47872 0.000000 0
47880 0.000000 0
47888 0.000000 0
47895 0.281298 0
47902 0.441739 0
47910 0.535284 0
47918 0.474523 0
47925 0.586842 0
47932 0.455328 0
47940 0.000000 0
47948 0.000000 0
47955 0.000000 0
47962 0.000000 0
47970 0.000000 0
47978 0.000000 0
47985 0.000000 0
47992 0.000000 0
48000 0.000000 0
48008 0.000000 0
48015 0.075437 0
48022 0.505686 0
48030 0.570405 0
48038 0.000000 0
48045 0.000000 0
48052 0.000000 0
48060 0.000000 0
48068 0.000000 0
48075 0.000000 0
48082 0.000000 0
48090 0.000000 0
48098 0.000000 0
48105 0.000000 0
48112 0.000000 0
48120 0.000000 0
48128 0.000000 0
48135 0.799436 0
48142 1.000000 0
48150 0.662965 0
48158 0.000000 0
48165 0.000000 0
48172 0.000000 0
48180 0.000000 0
48188 0.000000 0
48195 0.000000 0
48202 0.000000 0
48210 0.000000 0
48218 0.000000 0
48225 0.000000 0
48232 0.128474 0
48240 0.192723 0
48248 0.210404 0
48255 0.448458 0
48262 0.090998 0
48270 0.000000 0
48278 0.000000 0
48285 0.000000 0
48292 0.000000 0
48300 0.000000 0
48308 0.000000 0
48315 0.000000 0
48322 0.000000 0
48330 0.000000 0
48338 0.073058 0
48345 0.000000 0
48352 0.000000 0
48360 0.167349 0
48368 0.099913 0
48375 0.205332 0
48382 0.429862 0
48390 0.597745 0
48398 0.553400 0
48405 0.149233 0
48412 0.000000 0
48420 0.000000 0
48428 0.000000 0
48435 0.000000 0
48442 0.000000 0
48450 0.000000 0
48458 0.000000 0
48465 0.000000 0
48472 0.000000 0
48480 0.000000 0
48488 0.000000 0
48495 0.215145 0
48502 0.370122 0
48510 0.000000 0
48518 0.000000 0
48525 0.000000 0
48532 0.000000 0
48540 0.000000 0
48548 0.000000 0
48555 0.000000 0
48562 0.000000 0
48570 0.000000 0
48578 0.000000 0
48585 0.000000 0
48592 0.000000 0
48600 0.184704 0
48608 1.000000 0
48615 0.958346 0
48622 0.353104 0
48630 0.000000 0
48638 0.000000 0
48645 0.000000 0
48652 0.000000 0
48660 0.073783 0
48668 0.000000 0
48675 0.000000 0
48682 0.000000 0
48690 0.000000 0
48698 0.000000 0
48705 0.000000 0
48712 0.000000 0
48720 0.411343 0
48728 0.355466 0
48735 0.000000 0
48742 0.000000 0
48750 0.000000 0
48758 0.000000 0
48765 0.000000 0
48772 0.000000 0
48780 0.000000 0
48788 0.000000 0
48795 0.000000 0
48802 0.000000 0
48810 0.000000 0
48818 0.000000 0
48825 0.121058 0
48832 0.000000 0
48840 0.461072 0
48848 0.941346 0
48855 0.523518 0
48862 0.000000 0
48870 0.000000 0
48878 0.000000 0
48885 0.000000 0
48892 0.000000 0
48900 0.000000 0
48908 0.000000 0
48915 0.000000 0
48922 0.000000 0
48930 0.000000 0
48938 0.000000 0
48945 0.000000 0
48952 0.000000 0
48960 0.000000 0
48968 0.238738 0
48975 0.000000 0
48982 0.000000 0
48990 0.000000 0
48998 0.000000 0
49005 0.000000 0
49012 0.000000 0
49020 0.000000 0
49028 0.000000 0
49035 0.000000 0
49042 0.000000 0
49050 0.000000 0
49058 0.367285 0
49065 0.494687 0
49072 0.333123 0
49080 0.869338 0
49088 0.593228 0
49095 0.000000 0
49102 0.000000 0
49110 0.000000 0
49118 0.000000 0
49125 0.000000 0
49132 0.000000 0
49140 0.000000 0
49148 0.000000 0
49155 0.000000 0
49162 0.000000 0
49170 0.127846 0
49178 0.116667 0
49185 0.189854 0
49192 0.410243 0
49200 0.183034 0
49208 0.000000 0
49215 0.000000 0
49222 0.000000 0
49230 0.000000 0
49238 0.000000 0
49245 0.000000 0
49252 0.000000 0
49260 0.000000 0
49268 0.000000 0
49275 0.000000 0
49282 0.000000 0
49290 0.000000 0
49298 0.000000 0
49305 0.000000 0
49312 0.347495 0
49320 0.467720 0
49328 0.553072 0
49335 0.484472 0
49342 0.239257 0
49350 0.000000 0
49358 0.000000 0
49365 0.000000 0
49372 0.000000 0
49380 0.000000 0
49388 0.000000 0
49395 0.000000 0
49402 0.000000 0
49410 0.000000 0
49418 0.000000 0
49425 0.000000 0
49432 0.296403 0
49440 0.220608 0
49448 0.000000 0
49455 0.000000 0
49462 0.000000 0
49470 0.000000 0
49478 0.000000 0
49485 0.000000 0
49492 0.000000 0
49500 0.000000 0
49508 0.000000 0
49515 0.000000 0
49522 0.000000 0
49530 0.000000 0
49538 0.000000 0
49545 1.000000 0
49552 0.927948 0
49560 0.331613 0
49568 0.000000 0
49575 0.000000 0
49582 0.000000 0
49590 0.000000 0
49598 0.000000 0
49605 0.000000 0
49612 0.000000 0
49620 0.000000 0
49628 0.000000 0
49635 0.138735 0
49642 0.165986 0
49650 0.000000 0
49658 0.356135 0
49665 0.352656 0
49672 0.000000 0
49680 0.000000 0
49688 0.000000 0
49695 0.000000 0
49702 0.000000 0
49710 0.000000 0
49718 0.000000 0
49725 0.000000 0
49732 0.000000 0
49740 0.000000 0
49748 0.118319 0
49755 0.000000 0
49762 0.000000 0
49770 0.000000 0
49778 0.000000 0
49785 0.428008 0
49792 0.540698 0
49800 0.595446 0
49808 0.365043 0
49815 0.000000 0
49822 0.000000 0
49830 0.000000 0
49838 0.000000 0
49845 0.000000 0
49852 0.000000 0
49860 0.000000 0
49868 0.000000 0
49875 0.000000 0
49882 0.000000 0
49890 0.000000 0
49898 1.000000 0
49905 0.912092 0
49912 0.000000 0
49920 0.000000 0
49928 0.000000 0
49935 0.000000 0
49942 0.000000 0
49950 0.000000 0
49958 0.000000 0
49965 0.089431 0
49972 0.000000 0
49980 0.000000 0
49988 0.000000 0
49995 0.000000 0
50002 0.137603 0
50010 0.360787 0
50018 0.848779 0
50025 0.470975 0
50032 0.000000 0
50040 0.000000 0
50048 0.000000 0
50055 0.000000 0
50062 0.000000 0
50070 0.000000 0
50078 0.000000 0
50085 0.000000 0
50092 0.000000 0
50100 0.000000 0
50108 0.040420 0
50115 0.000000 0
50122 0.292450 0
50130 0.368739 0
50138 0.223612 0
50145 0.000000 0
50152 0.000000 0
50160 0.000000 0
50168 0.000000 0
50175 0.000000 0
50182 0.000000 0
50190 0.000000 0
50198 0.000000 0
50205 0.000000 0
50212 0.000000 0
50220 0.000000 0
50228 0.000000 0
50235 0.000000 0
50242 0.000000 0
50250 1.000000 0
50258 0.827044 0
50265 0.000000 0
50272 0.000000 0
50280 0.000000 0
50288 0.000000 0
50295 0.000000 0
50302 0.000000 0
50310 0.000000 0
50318 0.000000 0
50325 0.000000 0
50332 0.000000 0
50340 0.000000 0
50348 0.000000 0
50355 0.136216 0
50362 0.079723 0
50370 0.268987 0
50378 0.184999 0
50385 0.000000 0
50392 0.000000 0
50400 0.000000 0
50408 0.000000 0
50415 0.000000 0
50422 0.000000 0
50430 0.000000 0
50438 0.000000 0
50445 0.000000 0
50452 0.000000 0
50460 0.000000 0
50468 0.000000 0
50475 0.568219 0
50482 0.794450 0
50490 0.687469 0
50498 0.293867 0
50505 0.000000 0
50512 0.000000 0
50520 0.000000 0
50528 0.000000 0
50535 0.000000 0
50542 0.000000 0
50550 0.000000 0
50558 0.000000 0
50565 0.000000 0
50572 0.000000 0
50580 0.174125 0
50588 0.149995 0
50595 0.282847 0
50602 0.401414 0
50610 0.000000 0
50618 0.000000 0
50625 0.000000 0
50632 0.000000 0
50640 0.000000 0
50648 0.000000 0
50655 0.000000 0
50662 0.000000 0
50670 0.000000 0
50678 0.000000 0
50685 0.000000 0
50692 0.000000 0
50700 0.000000 0
50708 0.000000 0
50715 0.674798 0
50722 1.000000 0
50730 0.491833 0
50738 0.000000 0
50745 0.000000 0
50752 0.000000 0
50760 0.000000 0
50768 0.000000 0
50775 0.000000 0
50782 0.000000 0
50790 0.000000 0
50798 0.000000 0
50805 0.000000 0
50812 0.000000 0
50820 0.000000 0
50828 0.000000 0
50835 0.171359 0
50842 0.257857 0
50850 0.000000 0
50858 0.000000 0
50865 0.000000 0
50872 0.000000 0
50880 0.000000 0
50888 0.000000 0
50895 0.000000 0
50902 0.000000 0
50910 0.000000 0
50918 0.000000 0
50925 0.000000 0
50932 0.104188 0
50940 0.505058 0
50948 0.618939 0
50955 0.758702 0
50962 0.543058 0
50970 0.000000 0
50978 0.000000 0
50985 0.000000 0
50992 0.000000 0
51000 0.000000 0
51008 0.000000 0
51015 0.000000 0
51022 0.000000 0
51030 0.000000 0
51038 0.000000 0
51045 0.000000 0
51052 0.000000 0
51060 0.232457 0
51068 0.448966 0
51075 0.000000 0
51082 0.000000 0
51090 0.000000 0
51098 0.000000 0
51105 0.000000 0
51112 0.000000 0
51120 0.000000 0
51128 0.000000 0
51135 0.000000 0
51142 0.000000 0
51150 0.000000 0
51158 0.000000 0
51165 0.000000 0
51172 0.011737 0
51180 0.000000 0
51188 0.196258 0
51195 0.316323 0
51202 0.586405 0
51210 0.513532 0
51218 0.066093 0
51225 0.000000 0
51232 0.000000 0
51240 0.000000 0
51248 0.000000 0
51255 0.000000 0
51262 0.000000 0
51270 0.000000 0
51278 0.000000 0
51285 0.000000 0
51292 0.000000 0
51300 0.107040 0
51308 0.414882 0
51315 0.324364 0
51322 0.000000 0
51330 0.000000 0
51338 0.000000 0
51345 0.000000 0
51352 0.000000 0
51360 0.000000 0
51368 0.000000 0
51375 0.000000 0
51382 0.000000 0
51390 0.000000 0
51398 0.000000 0
51405 0.000000 0
51412 0.000000 0
51420 1.000000 0
51428 0.770204 0
51435 0.153255 0
51442 0.000000 0
51450 0.000000 0
51458 0.000000 0
51465 0.000000 0
51472 0.000000 0
51480 0.000000 0
51488 0.000000 0
51495 0.000000 0
51502 0.000000 0
51510 0.000000 0
51518 0.000000 0
51525 0.000000 0
51532 0.622199 0
51540 0.512120 0
51548 0.000000 0
51555 0.000000 0
51562 0.188545 0
51570 0.000000 0
51578 0.000000 0
51585 0.000000 0
51592 0.000000 0
51600 0.000000 0
51608 0.000000 0
51615 0.000000 0
51622 0.000000 0
51630 0.000000 0
51638 0.000000 0
51645 0.227772 0
51652 0.107092 0
51660 0.422918 0
51668 0.573568 0
51675 0.609166 0
51682 0.312717 0
51690 0.000000 0
51698 0.000000 0
51705 0.000000 0
51712 0.000000 0
51720 0.000000 0
51728 0.000000 0
51735 0.000000 0
51742 0.000000 0
51750 0.000000 0
51758 0.000000 0
51765 0.160973 0
51772 0.426538 0
51780 0.432734 0
51788 0.000000 0
51795 0.000000 0
51802 0.000000 0
51810 0.000000 0
51818 0.000000 0
51825 0.000000 0
51832 0.000000 0
51840 0.000000 0
51848 0.000000 0
51855 0.000000 0
51862 0.000000 0
51870 0.000000 0
51878 0.000000 0
51885 0.565276 0
51892 0.937908 0
51900 0.649515 0
51908 0.000000 0
51915 0.000000 0
51922 0.000000 0
51930 0.000000 0
51938 0.000000 0
51945 0.000000 0
51952 0.000000 0
51960 0.000000 0
51968 0.000000 0
51975 0.000000 0
51982 0.227128 0
51990 0.115479 0
51998 0.154294 0
52005 0.309126 0
52012 0.128372 0
52020 0.000000 0
52028 0.000000 0
52035 0.143146 0
52042 0.000000 0
52050 0.000000 0
52058 0.000000 0
52065 0.000000 0
52072 0.000000 0
52080 0.000000 0
52088 0.000000 0
52095 0.000000 0
52102 0.000000 0
52110 0.000000 0
52118 0.136185 0
52125 0.722544 0
52132 0.671232 0
52140 0.317567 0
52148 0.000000 0
52155 0.000000 0
52162 0.000000 0
52170 0.000000 0
52178 0.000000 0
52185 0.000000 0
52192 0.000000 0
52200 0.000000 0
52208 0.000000 0
52215 0.000000 0
52222 0.000000 0
52230 0.000000 0
52238 0.000000 0
52245 0.288618 0
52252 0.289198 0
52260 0.000000 0
52268 0.000000 0
52275 0.000000 0
52282 0.000000 0
52290 0.000000 0
52298 0.000000 0
52305 0.000000 0
52312 0.000000 0
52320 0.000000 0
52328 0.000000 0
52335 0.000000 0
52342 0.000000 0
52350 0.117786 0
52358 0.839747 0
52365 0.824629 0
52372 0.265553 0
52380 0.000000 0
52388 0.000000 0
52395 0.000000 0
52402 0.000000 0
52410 0.000000 0
52418 0.000000 0
52425 0.000000 0
52432 0.000000 0
52440 0.063727 0
52448 0.068584 0
52455 0.149630 0
52462 0.107228 0
52470 0.272736 0
52478 0.271860 0
52485 0.000000 0
52492 0.000000 0
52500 0.121739 0
52508 0.000000 0
52515 0.000000 0
52522 0.000000 0
52530 0.000000 0
52538 0.000000 0
52545 0.000000 0
52552 0.000000 0
52560 0.000000 0
52568 0.000000 0
52575 0.166517 0
52582 0.000000 0
52590 0.486027 0
52598 0.967385 0
52605 0.480483 0
52612 0.000000 0
52620 0.000000 0
52628 0.000000 0
52635 0.000000 0
52642 0.000000 0
52650 0.000000 0
52658 0.000000 0
52665 0.000000 0
52672 0.000000 0
52680 0.071887 0
52688 0.000000 0
52695 0.178461 0
52702 0.127302 0
52710 0.109329 0
52718 0.265839 0
52725 0.000000 0
52732 0.000000 0
52740 0.000000 0
52748 0.000000 0
52755 0.000000 0
52762 0.000000 0
52770 0.000000 0
52778 0.000000 0
52785 0.000000 0
52792 0.000000 0
52800 0.000000 0
52808 0.000000 0
52815 0.201390 0
52822 0.474086 0
52830 0.829869 0
52838 0.537617 0
52845 0.000000 0
52852 0.000000 0
52860 0.000000 0
52868 0.000000 0
52875 0.000000 0
52882 0.000000 0
52890 0.000000 0
52898 0.000000 0
52905 0.000000 0
52912 0.000000 0
52920 0.057269 0
52928 0.190745 0
52935 0.103557 0
52942 0.326323 0
52950 0.079790 0
52958 0.000000 0
52965 0.000000 0
52972 0.083633 0
52980 0.000000 0
52988 0.000000 0
52995 0.000000 0
53002 0.000000 0
53010 0.097360 0
53018 0.000000 0
53025 0.000000 0
53032 0.000000 0
53040 0.000000 0
53048 0.000000 0
53055 0.000000 0
53062 0.231862 0
53070 0.324859 0
53078 0.369358 0
53085 0.434564 0
53092 0.000000 0
53100 0.000000 0
53108 0.000000 0
53115 0.000000 0
53122 0.000000 0
53130 0.091133 0
53138 0.146993 0
53145 0.069986 0
53152 0.000000 0
53160 0.000000 0
53168 0.210100 0
53175 0.153416 0
53182 0.332277 0
53190 0.359471 0
53198 0.000000 0
53205 0.000000 0
53212 0.000000 0
53220 0.000000 0
53228 0.000000 0
53235 0.079481 0
53242 0.232262 0
53250 0.238091 0
53258 0.208860 0
53265 0.242742 0
53272 0.116387 0
53280 0.000000 0
53288 0.000000 0
53295 0.000000 0
53302 0.399808 0
53310 0.000000 0
53318 0.000000 0
53325 0.000000 0
53332 0.000000 0
53340 0.000000 0
53348 0.000000 0
53355 0.000000 0
53362 0.000000 0
53370 0.000000 0
53378 0.000000 0
53385 0.000000 0
53392 0.000000 0
53400 0.258828 0
53408 0.470724 0
53415 0.396231 0
53422 0.000000 0
53430 0.000000 0
53438 0.191446 0
53445 0.000000 0
53452 0.000000 0
53460 0.000000 0
53468 0.000000 0
53475 0.000000 0
53482 0.000000 0
53490 0.000000 0
53498 0.000000 0
53505 0.000000 0
53512 0.000000 0
53520 0.000000 0
53528 0.619458 0
53535 0.871412 0
53542 0.494970 0
53550 0.000000 0
53558 0.000000 0
53565 0.000000 0
53572 0.000000 0
53580 0.000000 0
53588 0.000000 0
53595 0.000000 0
53602 0.000000 0
53610 0.000000 0
53618 0.000000 0
53625 0.000000 0
53632 0.099286 0
53640 0.182980 0
53648 0.405283 0
53655 0.552460 0
53662 0.000000 0
53670 0.000000 0
53678 0.000000 0
53685 0.000000 0
53692 0.000000 0
53700 0.000000 0
53708 0.064104 0
53715 0.298142 0
53722 0.000000 0
53730 0.000000 0
53738 0.000000 0
53745 0.165498 0
53752 0.000000 0
53760 0.221578 0
53768 0.574168 0
53775 0.355416 0
53782 0.000000 0
53790 0.000000 0
53798 0.000000 0
53805 0.000000 0
53812 0.000000 0
53820 0.000000 0
53828 0.000000 0
53835 0.000000 0
53842 0.000000 0
53850 0.086738 0
53858 0.000000 0
53865 0.148603 0
53872 0.237379 0
53880 0.375587 0
53888 0.318713 0
53895 0.101629 0
53902 0.000000 0
53910 0.000000 0
53918 0.000000 0
53925 0.000000 0
53932 0.000000 0
53940 0.099463 0
53948 0.000000 0
53955 0.000000 0
53962 0.000000 0
53970 0.000000 0
53978 0.000000 0
53985 0.000000 0
53992 0.000000 0
54000 0.885866 0
54008 0.715076 0
54015 0.000000 0
54022 0.000000 0
54030 0.000000 0
54038 0.000000 0
54045 0.000000 0
54052 0.000000 0
54060 0.000000 0
54068 0.129282 0
54075 0.000000 0
54082 0.000000 0
54090 0.160488 0
54098 0.217692 0
54105 0.134616 0
54112 0.039216 0
54120 0.461602 0
54128 0.217684 0
54135 0.000000 0
54142 0.000000 0
54150 0.000000 0
54158 0.000000 0
54165 0.000000 0
54172 0.000000 0
54180 0.143747 0
54188 0.000000 0
54195 0.000000 0
54202 0.000000 0
54210 0.000000 0
54218 0.056054 0
54225 0.266592 0
54232 0.548869 0
54240 0.753812 0
54248 0.325353 0
54255 0.000000 0
54262 0.000000 0
54270 0.000000 0
54278 0.000000 0
54285 0.000000 0
54292 0.000000 0
54300 0.058162 0
54308 0.000000 0
54315 0.000000 0
54322 0.000000 0
54330 0.079767 0
54338 0.137759 0
54345 0.201043 0
54352 0.270052 0
54360 0.260918 0
54368 0.120489 0
54375 0.216845 0
54382 0.000000 0
54390 0.000000 0
54398 0.000000 0
54405 0.000000 0
54412 0.000000 0
54420 0.000000 0
54428 0.000000 0
54435 0.000000 0
54442 0.000000 0
54450 0.000000 0
54458 0.188970 0
54465 0.440070 0
54472 0.684502 0
54480 0.559795 0
54488 0.000000 0
54495 0.000000 0
54502 0.000000 0
54510 0.000000 0
54518 0.000000 0
54525 0.000000 0
54532 0.000000 0
54540 0.000000 0
54548 0.000000 0
54555 0.000000 0
54562 0.000000 0
54570 0.125564 0
54578 0.245916 0
54585 0.388932 0
54592 0.453685 0
54600 0.000000 0
54608 0.000000 0
54615 0.000000 0
54622 0.000000 0
54630 0.000000 0
54638 0.000000 0
54645 0.000000 0
54652 0.000000 0
54660 0.053267 0
54668 0.000000 0
54675 0.000000 0
54682 0.000000 0
54690 0.000000 0
54698 0.216936 0
54705 0.700995 0
54712 0.667941 0
54720 0.000000 0
54728 0.000000 0
54735 0.000000 0
54742 0.000000 0
54750 0.000000 0
54758 0.000000 0
54765 0.000000 0
54772 0.000000 0
54780 0.000000 0
54788 0.000000 0
54795 0.000000 0
54802 0.113434 0
54810 0.094721 0
54818 0.000000 0
54825 0.170051 0
54832 0.142293 0
54840 0.154973 0
54848 0.136458 0
54855 0.000000 0
54862 0.000000 0
54870 0.000000 0
54878 0.000000 0
54885 0.000000 0
54892 0.000000 0
54900 0.174499 0
54908 0.000000 0
54915 0.061219 0
54922 0.105032 0
54930 0.000000 0
54938 0.000000 0
54945 0.198328 0
54952 0.000000 0
54960 0.000000 0
54968 0.000000 0
54975 0.000000 0
54982 0.112996 0
54990 0.043393 0
54998 0.000000 0
55005 0.000000 0
55012 0.091073 0
55020 0.000000 0
55028 0.000000 0
55035 0.000000 0
55042 0.000000 0
55050 0.039855 0
55058 0.213071 0
55065 0.199136 0
55072 0.000000 0
55080 0.000000 0
55088 0.000000 0
55095 0.000000 0
55102 0.000000 0
55110 0.000000 0
55118 0.000000 0
55125 0.000000 0
55132 0.000000 0
55140 0.000000 0
55148 0.000000 0
55155 0.000000 0
55162 0.000000 0
55170 0.000000 0
55178 0.000000 0
55185 0.271179 0
55192 0.000000 0
55200 0.000000 0
55208 0.000000 0
55215 0.000000 0
55222 0.000000 0
55230 0.000000 0
55238 0.000000 0
55245 0.000000 0
55252 0.000000 0
55260 0.000000 0
55268 0.000000 0
55275 0.000000 0
55282 0.000000 0
55290 0.000000 0
55298 0.000000 0
55305 0.000000 0
55312 0.000000 0
55320 0.000000 0
55328 0.000000 0
55335 0.000000 0
55342 0.000000 0
55350 0.000000 0
55358 0.000000 0
55365 0.000000 0
55372 0.000000 0
55380 0.000000 0
55388 0.000000 0
55395 0.000000 0
55402 0.000000 0
55410 0.000000 0
55418 0.122725 0
55425 0.000000 0
55432 0.103213 0
55440 0.000000 0
55448 0.000000 0
55455 0.000000 0
55462 0.000000 0
55470 0.000000 0
55478 0.000000 0
55485 0.000000 0
55492 0.000000 0
55500 0.000000 0
55508 0.000000 0
55515 0.000000 0
55522 0.000000 0
55530 0.000000 0
55538 0.000000 0
55545 0.238289 0
55552 0.000000 0
55560 0.000000 0
55568 0.000000 0
55575 0.000000 0
55582 0.000000 0
55590 0.000000 0
55598 0.000000 0
55605 0.000000 0
55612 0.000000 0
55620 0.000000 0
55628 0.000000 0
55635 0.852225 0
55642 1.000000 0
55650 0.725833 0
55658 0.084512 0
55665 0.000000 0
55672 0.000000 0
55680 0.000000 0
55688 0.000000 0
55695 0.184077 0
55702 0.000000 0
55710 0.134115 0
55718 0.000000 0
55725 0.000000 0
55732 0.000000 0
55740 0.000000 0
55748 0.000000 0
55755 0.000000 0
55762 0.155617 0
55770 0.000000 0
55778 0.163195 0
55785 0.210167 0
55792 0.000000 0
55800 0.000000 0
55808 0.180730 0
55815 0.090641 0
55822 0.294960 0
55830 0.072876 0
55838 0.030445 0
55845 0.088663 0
55852 0.059897 0
55860 0.193789 0
55868 0.087540 0
55875 0.000000 0
55882 0.092061 0
55890 0.141201 0
55898 0.006957 0
55905 0.000000 0
55912 0.000000 0
55920 0.000000 0
55928 0.132131 0
55935 0.000000 0
55942 0.120640 0
55950 0.171274 0
55958 0.000000 0
55965 0.000000 0
55972 0.000000 0
55980 0.000000 0
55988 0.000000 0
55995 0.000000 0
56002 0.121746 0
56010 0.184169 0
56018 0.000000 0
56025 0.000000 0
56032 0.000000 0
56040 0.192375 0
56048 0.000000 0
56055 0.000000 0
56062 0.000000 0
56070 0.160524 0
56078 0.000000 0
56085 0.126574 0
56092 0.000000 0
56100 0.138739 0
56108 0.445677 0
56115 0.750643 0
56122 0.470281 0
56130 0.000000 0
56138 0.000000 0
56145 0.000000 0
56152 0.000000 0
56160 0.000000 0
56168 0.000000 0
56175 0.000000 0
56182 0.000000 0
56190 0.000000 0
56198 0.000000 0
56205 0.000000 0
56212 0.000000 0
56220 0.163936 0
56228 0.000000 0
56235 0.030097 0
56242 0.000000 0
56250 0.105636 0
56258 0.236020 0
56265 0.000000 0
56272 0.000000 0
56280 0.101936 0
56288 0.000773 0
56295 0.000000 0
56302 0.081326 0
56310 0.000000 0
56318 0.051119 0
56325 0.107456 0
56332 0.092853 0
56340 0.157388 0
56348 0.000000 0
56355 0.219281 0
56362 0.236044 0
56370 0.209882 0
56378 0.000000 0
56385 0.000000 0
56392 0.118939 0
56400 0.000000 0
56408 0.000000 0
56415 0.000000 0
56422 0.115959 0
56430 0.081244 0
56438 0.000000 0
56445 0.000000 0
56452 0.148670 0
56460 0.201695 0
56468 0.000000 0
56475 0.000000 0
56482 0.000000 0
56490 0.000000 0
56498 0.178425 0
56505 0.061909 0
56512 0.000000 0
56520 0.000000 0
56528 0.000000 0
56535 0.000000 0
56542 0.141840 0
56550 0.000000 0
56558 0.180071 0
56565 0.000000 0
56572 0.242727 0
56580 0.397984 0
56588 0.468478 0
56595 0.295869 0
56602 0.227255 0
56610 0.000000 0
56618 0.000000 0
56625 0.000000 0
56632 0.000000 0
56640 0.063415 0
56648 0.000000 0
56655 0.000000 0
56662 0.090954 0
56670 0.000000 0
56678 0.000000 0
56685 0.000000 0
56692 0.000000 0
56700 0.138029 0
56708 0.000000 0
56715 0.000000 0
56722 0.000000 0
56730 0.141952 0
56738 0.055264 0
56745 0.000000 0
56752 0.000000 0
56760 0.000000 0
56768 0.179588 0
56775 0.000000 0
56782 0.000000 0
56790 0.000000 0
56798 0.000000 0
56805 0.093688 0
56812 0.223764 0
56820 0.254124 0
56828 0.000000 0
56835 0.000000 0
56842 0.000000 0
56850 0.000000 0
56858 0.000000 0
56865 0.064071 0
56872 0.109934 0
56880 0.000000 0
56888 0.110746 0
56895 0.129549 0
56902 0.000000 0
56910 0.000000 0
56918 0.000000 0
56925 0.000000 0
56932 0.000000 0
56940 0.219700 0
56948 0.000000 0
56955 0.000000 0
56962 0.000000 0
56970 0.096776 0
56978 0.000000 0
56985 0.000000 0
56992 0.000000 0
57000 0.000000 0
57008 0.000000 0
57015 0.000000 0
57022 0.000000 0
57030 0.166610 0
57038 0.000000 0
57045 0.492079 0
57052 0.819133 0
57060 0.441850 0
57068 0.000000 0
57075 0.000000 0
57082 0.000000 0
57090 0.000000 0
57098 0.000000 0
57105 0.000000 0
57112 0.000000 0
57120 0.000000 0
57128 0.000000 0
57135 0.000000 0
57142 0.000000 0
57150 0.000000 0
57158 0.000000 0
57165 0.000000 0
57172 0.074104 0
57180 0.000000 0
57188 0.000000 0
57195 0.000000 0
57202 0.000000 0
57210 0.000000 0
57218 0.055281 0
57225 0.000000 0
57232 0.000000 0
57240 0.015085 0
57248 0.000000 0
57255 0.247743 0
57262 0.245271 0
57270 0.000000 0
57278 0.090717 0
57285 0.000000 0
57292 0.000000 0
57300 0.000000 0
57308 0.000000 0
57315 0.000000 0
57322 0.000000 0
57330 0.000000 0
57338 0.000000 0
57345 0.000000 0
57352 0.149477 0
57360 0.147378 0
57368 0.000000 0
57375 0.000000 0
57382 0.000000 0
57390 0.148859 0
57398 0.253373 0
57405 0.467148 0
57412 0.327177 0
57420 0.000000 0
57428 0.000000 0
57435 0.000000 0
57442 0.000000 0
57450 0.000000 0
57458 0.000000 0
57465 0.000000 0
57472 0.255083 0
57480 0.282156 0
57488 0.140352 0
57495 0.202814 0
57502 0.000000 0
57510 0.194017 0
57518 0.349789 0
57525 0.418514 0
57532 0.100116 0
57540 0.000000 0
57548 0.000000 0
57555 0.046741 0
57562 0.000000 0
57570 0.000000 0
57578 0.000000 0
57585 0.229833 0
57592 0.000000 0
57600 0.000000 0
57608 0.000000 0
57615 0.000000 0
57622 0.000000 0
57630 0.181071 0
57638 0.087263 0
57645 0.000000 0
57652 0.000000 0
57660 0.000000 0
57668 0.000000 0
57675 0.000000 0
57682 0.000000 0
57690 0.201029 0
57698 0.000000 0
57705 0.000000 0
57712 0.000000 0
57720 0.000000 0
57728 0.000000 0
57735 0.000000 0
57742 0.114854 0
57750 0.256270 0
57758 0.462060 0
57765 0.309091 0
57772 0.000000 0
57780 0.000000 0
57788 0.000000 0
57795 0.110460 0
57802 0.000000 0
57810 0.164682 0
57818 0.000000 0
57825 0.080685 0
57832 0.000000 0
57840 0.000000 0
57848 0.030404 0
57855 0.000000 0
57862 0.000000 0
57870 0.000000 0
57878 0.000000 0
57885 0.000000 0
57892 0.000000 0
57900 0.000000 0
57908 0.233886 0
57915 0.054386 0
57922 0.000000 0
57930 0.000000 0
57938 0.161046 0
57945 0.163665 0
57952 0.000000 0
57960 0.188708 0
57968 0.274253 0
57975 0.205250 0
57982 0.424640 0
57990 0.690174 0
57998 0.422851 0
58005 0.000000 0
58012 0.000000 0
58020 0.000000 0
58028 0.000000 0
58035 0.000000 0
58042 0.000000 0
58050 0.000000 0
58058 0.000000 0
58065 0.000000 0
58072 0.000000 0
58080 0.000000 0
58088 0.186973 0
58095 0.000000 0
58102 0.000000 0
58110 0.000000 0
58118 0.000000 0
58125 0.000000 0
58132 0.000000 0
58140 0.000000 0
58148 0.107971 0
58155 0.149890 0
58162 0.000000 0
58170 0.000000 0
58178 0.000000 0
58185 0.000000 0
58192 0.000000 0
58200 0.000000 0
58208 0.157713 0
58215 0.000000 0
58222 0.310218 0
58230 0.413939 0
58238 0.159982 0
58245 0.000000 0
58252 0.138639 0
58260 0.022227 0
58268 0.000000 0
58275 0.152206 0
58282 0.000000 0
58290 0.000000 0
58298 0.269289 0
58305 0.095638 0
58312 0.000000 0
58320 0.000000 0
58328 0.000000 0
58335 0.121690 0
58342 0.000000 0
58350 0.000000 0
58358 0.000000 0
58365 0.000000 0
58372 0.000000 0
58380 0.272476 0
58388 0.192969 0
58395 0.000000 0
58402 0.138562 0
58410 0.000000 0
58418 0.000000 0
58425 0.000000 0
58432 0.095133 0
58440 0.212539 0
58448 0.268462 0
58455 0.647831 0
58462 0.617670 0
58470 0.117999 0
58478 0.000000 0
58485 0.000000 0
58492 0.000000 0
58500 0.000000 0
58508 0.000000 0
58515 0.000000 0
58522 0.000000 0
58530 0.000000 0
58538 0.000000 0
58545 0.063175 0
58552 0.091644 0
58560 0.000000 0
58568 0.000000 0
58575 0.000000 0
58582 0.000000 0
58590 0.179526 0
58598 0.089707 0
58605 0.000000 0
58612 0.135384 0
58620 0.000000 0
58628 0.000000 0
58635 0.275411 0
58642 0.000000 0
58650 0.000000 0
58658 0.000000 0
58665 0.000000 0
58672 0.171804 0
58680 0.145617 0
58688 0.183387 0
58695 0.000000 0
58702 0.102937 0
58710 0.000000 0
58718 0.127373 0
58725 0.000000 0
58732 0.000000 0
58740 0.000000 0
58748 0.000000 0
58755 0.000000 0
58762 0.143015 0
58770 0.137766 0
58778 0.130335 0
58785 0.131167 0
58792 0.000000 0
58800 0.000000 0
58808 0.000000 0
58815 0.000000 0
58822 0.000000 0
58830 0.055695 0
58838 0.166988 0
58845 0.241305 0
58852 0.259440 0
58860 0.000000 0
58868 0.000000 0
58875 0.000000 0
58882 0.000000 0
58890 0.054597 0
58898 0.000000 0
58905 0.000000 0
58912 0.183075 0
58920 0.000000 0
58928 0.341923 0
58935 0.419786 0
58942 0.102469 0
58950 0.000000 0
58958 0.000000 0
58965 0.000000 0
58972 0.000000 0
58980 0.200187 0
58988 0.072470 0
58995 0.168050 0
59002 0.101730 0
59010 0.095369 0
59018 0.000000 0
59025 0.209462 0
59032 0.059339 0
59040 0.000000 0
59048 0.000000 0
59055 0.162193 0
59062 0.000000 0
59070 0.040962 0
59078 0.000000 0
59085 0.034531 0
59092 0.177458 0
59100 0.000000 0
59108 0.000000 0
59115 0.075762 0
59122 0.142610 0
59130 0.000000 0
59138 0.000000 0
59145 0.000000 0
59152 0.000000 0
59160 0.141176 0
59168 0.211422 0
59175 0.188493 0
59182 0.000000 0
59190 0.000000 0
59198 0.000000 0
59205 0.000000 0
59212 0.142832 0
59220 0.000000 0
59228 0.000000 0
59235 0.206008 0
59242 0.138439 0
59250 0.000000 0
59258 0.000000 0
59265 0.125217 0
59272 0.121303 0
59280 0.000000 0
59288 0.000000 0
59295 0.172132 0
59302 0.122708 0
59310 0.000000 0
59318 0.000000 0
59325 0.202568 0
59332 0.073172 0
59340 0.135809 0
59348 0.000000 0
59355 0.000000 0
59362 0.068038 0
59370 0.228934 0
59378 0.000000 0
59385 0.000000 0
59392 0.379373 0
59400 0.510721 0
59408 0.212863 0
59415 0.000000 0
59422 0.000000 0
59430 0.000000 0
59438 0.046192 0
59445 0.000000 0
59452 0.000000 0
59460 0.000000 0
59468 0.000000 0
59475 0.000000 0
59482 0.000000 0
59490 0.000000 0
59498 0.000000 0
59505 0.000000 0
59512 0.000000 0
59520 0.000000 0
59528 0.000000 0
59535 0.000000 0
59542 0.155161 0
59550 0.000000 0
59558 0.000000 0
59565 0.000000 0
59572 0.000000 0
59580 0.000000 0
59588 0.161698 0
59595 0.000000 0
59602 0.000000 0
59610 0.000000 0
59618 0.000000 0
59625 0.301480 0
59632 0.393596 0
59640 0.159441 0
59648 0.000000 0
59655 0.000000 0
59662 0.077199 0
59670 0.210257 0
59678 0.239328 0
59685 0.000000 0
59692 0.130621 0
59700 0.000000 0
59708 0.000000 0
59715 0.138927 0
59722 0.000000 0
59730 0.000000 0
59738 0.010375 0
59745 0.000000 0
59752 0.000000 0
59760 0.000000 0
59768 0.000000 0
59775 0.000000 0
59782 0.135544 0
59790 0.000000 0
59798 0.000000 0
59805 0.000000 0
59812 0.000000 0
59820 0.000000 0
59828 0.000000 0
59835 0.000000 0
59842 0.321597 0
59850 0.047842 0
59858 0.311058 0
59865 0.686491 0
59872 0.390906 0
59880 0.000000 0
59888 0.000000 0
59895 0.000000 0
59902 0.210144 0
59910 0.000000 0
59918 0.000000 0
59925 0.000000 0
59932 0.000000 0
59940 0.000000 0
59948 0.055298 0
59955 0.000000 0
59962 0.000000 0
59970 0.000000 0
59978 0.000000 0
59985 0.000000 0
59992 0.000000 0
60000 0.000000 0
60008 0.000000 0
60015 0.000000 0
60022 0.000000 0
60030 0.000000 0
60038 0.000000 0
60045 0.074232 0
60052 0.000000 0
60060 0.000000 0
60068 0.000000 0
60075 0.000000 0
60082 0.115852 0
60090 0.131734 0
60098 0.437748 0
60105 0.445660 0
60112 0.158917 0
60120 0.000000 0
60128 0.000000 0
60135 0.000000 0
60142 0.153779 0
60150 0.112061 0
60158 0.086595 0
60165 0.000000 0
60172 0.000000 0
60180 0.148699 0
60188 0.000000 0
60195 0.000000 0
60202 0.056049 0
60210 0.000000 0
60218 0.086113 0
60225 0.081158 0
60232 0.000000 0
60240 0.000000 0
60248 0.000000 0
60255 0.065732 0
60262 0.000000 0
60270 0.000000 0
60278 0.052941 0
60285 0.035561 0
60292 0.085514 0
60300 0.000000 0
60308 0.122344 0
60315 0.000000 0
60322 0.085653 0
60330 0.718940 0
60338 0.638308 0
60345 0.097262 0
60352 0.000000 0
60360 0.000000 0
60368 0.000000 0
60375 0.000000 0
60382 0.000000 0
60390 0.000000 0
60398 0.000000 0
60405 0.000000 0
60412 0.000000 0
60420 0.000000 0
60428 0.223110 0
60435 0.000000 0
60442 0.000000 0
60450 0.000000 0
60458 0.221061 0
60465 0.130623 0
60472 0.000000 0
60480 0.000000 0
60488 0.000000 0
60495 0.000000 0
60502 0.000000 0
60510 0.000000 0
60518 0.070692 0
60525 0.159925 0
60532 0.286534 0
60540 0.000000 0
60548 0.000000 0
60555 0.000000 0
60562 0.000000 0
60570 0.000000 0
60578 0.000000 0
60585 0.250537 0
60592 0.000000 0
60600 0.000000 0
60608 0.236875 0
60615 0.077806 0
60622 0.000000 0
60630 0.000000 0
60638 0.044812 0
60645 0.000000 0
60652 0.000000 0
60660 0.000000 0
60668 0.066155 0
60675 0.029226 0
60682 0.234763 0
60690 0.261839 0
60698 0.000000 0
60705 0.000000 0
60712 0.107727 0
60720 0.000000 0
60728 0.244465 0
60735 0.048211 0
60742 0.000000 0
60750 0.000000 0
60758 0.000000 0
60765 0.000000 0
60772 0.000000 0
60780 0.167955 0
60788 0.231979 0
60795 0.407241 0
60802 0.414850 0
60810 0.347985 0
60818 0.213567 0
60825 0.000000 0
60832 0.000000 0
60840 0.000000 0
60848 0.000000 0
60855 0.000000 0
60862 0.168943 0
60870 0.185489 0
60878 0.000000 0
60885 0.000000 0
60892 0.184542 0
60900 0.066682 0
60908 0.000000 0
60915 0.000000 0
60922 0.000000 0
60930 0.000000 0
60938 0.093338 0
60945 0.000000 0
60952 0.000000 0
60960 0.188976 0
60968 0.000000 0
60975 0.126455 0
60982 0.185892 0
60990 0.000000 0
60998 0.000000 0
61005 0.000000 0
61012 0.065379 0
61020 0.134691 0
61028 0.177586 0
61035 0.302277 0
61042 0.277680 0
61050 0.000000 0
61058 0.000000 0
61065 0.000000 0
61072 0.000000 0
61080 0.070900 0
61088 0.140862 0
61095 0.175313 0
61102 0.000000 0
61110 0.000000 0
61118 0.000000 0
61125 0.039314 0
61132 0.097789 0
61140 0.292919 0
61148 0.149591 0
61155 0.000000 0
61162 0.087159 0
61170 0.000000 0
61178 0.000000 0
61185 0.000000 0
61192 0.000000 0
61200 0.256792 0
61208 0.247834 0
61215 0.197855 0
61222 0.000000 0
61230 0.000000 0
61238 0.166617 0
61245 0.000000 0
61252 0.224876 0
61260 0.200318 0
61268 0.245814 0
61275 0.225276 0
61282 0.210665 0
61290 0.082368 0
61298 0.244842 0
61305 0.000000 0
61312 0.000000 0
61320 0.000000 0
61328 0.148619 0
61335 0.000000 0
61342 0.000000 0
61350 0.000000 0
61358 0.000000 0
61365 0.000000 0
61372 0.209693 0
61380 0.000000 0
61388 0.000000 0
61395 0.000000 0
61402 0.000000 0
61410 0.000000 0
61418 0.000000 0
61425 0.000000 0
61432 0.015670 0
61440 0.254195 0
61448 0.180460 0
61455 0.000000 0
61462 0.000000 0
61470 0.000000 0
61478 0.000000 0
61485 0.000000 0
61492 0.205413 0
61500 0.265831 0
61508 0.364186 0
61515 0.343264 0
61522 0.000000 0
61530 0.000000 0
61538 0.000000 0
61545 0.000000 0
61552 0.000000 0
61560 0.043872 0
61568 0.000000 0
61575 0.000000 0
61582 0.000000 0
61590 0.000000 0
61598 0.000000 0
61605 0.108913 0
61612 0.000000 0
61620 0.149744 0
61628 0.156472 0
61635 0.000000 0
61642 0.000000 0
61650 0.056520 0
61658 0.000000 0
61665 0.195835 0
61672 0.000000 0
61680 0.000000 0
61688 0.000000 0
61695 0.000000 0
61702 0.000000 0
61710 0.000000 0
61718 0.000000 0
61725 0.249455 0
61732 0.431888 0
61740 0.617483 0
61748 0.378461 0
61755 0.000000 0
61762 0.000000 0
61770 0.000000 0
61778 0.000000 0
61785 0.000000 0
61792 0.000000 0
61800 0.000000 0
61808 0.149721 0
61815 0.000000 0
61822 0.000000 0
61830 0.000000 0
61838 0.000000 0
61845 0.000000 0
61852 0.258171 0
61860 0.000000 0
61868 0.000000 0
61875 0.022312 0
61882 0.000000 0
61890 0.000000 0
61898 0.000000 0
61905 0.000000 0
61912 0.000000 0
61920 0.000000 0
61928 0.000000 0
61935 0.000000 0
61942 0.064919 0
61950 0.000000 0
61958 0.173696 0
61965 0.247302 0
61972 0.312161 0
61980 0.549578 0
61988 0.187509 0
61995 0.000000 0
62002 0.000000 0
62010 0.000000 0
62018 0.000000 0
62025 0.000000 0
62032 0.156184 0
62040 0.000000 0
62048 0.000000 0
62055 0.000000 0
62062 0.075583 0
62070 0.000000 0
62078 0.000000 0
62085 0.000000 0
62092 0.000000 0
62100 0.107966 0
62108 0.000000 0
62115 0.000000 0
62122 0.000000 0
62130 0.113398 0
62138 0.035727 0
62145 0.000000 0
62152 0.000000 0
62160 0.000000 0
62168 0.021301 0
62175 0.000000 0
62182 0.000000 0
62190 0.168967 0
62198 0.253677 0
62205 0.632446 0
62212 0.600006 0
62220 0.093318 0
62228 0.000000 0
62235 0.000000 0
62242 0.000000 0
62250 0.000000 0
62258 0.000000 0
62265 0.000000 0
62272 0.000000 0
62280 0.000000 0
62288 0.000000 0
62295 0.154648 0
62302 0.116949 0
62310 0.000000 0
62318 0.000000 0
62325 0.191812 0
62332 0.000000 0
62340 0.082741 0
62348 0.000000 0
62355 0.000000 0
62362 0.098055 0
62370 0.000000 0
62378 0.000000 0
62385 0.000000 0
62392 0.000000 0
62400 0.000000 0
62408 0.158724 0
62415 0.000000 0
62422 0.000000 0
62430 0.000000 0
62438 0.109324 0
62445 0.206472 0
62452 0.270823 0
62460 0.221798 0
62468 0.000000 0
62475 0.000000 0
62482 0.000000 0
62490 0.151151 0
62498 0.241864 0
62505 0.000000 0
62512 0.146240 0
62520 0.000000 0
62528 0.062517 0
62535 0.142369 0
62542 0.000000 0
62550 0.101392 0
62558 0.120707 0
62565 0.000000 0
62572 0.076874 0
62580 0.142487 0
62588 0.000000 0
62595 0.000000 0
62602 0.113397 0
62610 0.000000 0
62618 0.000000 0
62625 0.291650 0
62632 0.126621 0
62640 0.000000 0
62648 0.000000 0
62655 0.000000 0
62662 0.158445 0
62670 0.165923 0
62678 0.127397 0
62685 0.286612 0
62692 0.143271 0
62700 0.000000 0
62708 0.000000 0
62715 0.000000 0
62722 0.000000 0
62730 0.178635 0
62738 0.169421 0
62745 0.254917 0
62752 0.000000 0
62760 0.000000 0
62768 0.000000 0
62775 0.000000 0
62782 0.143650 0
62790 0.000000 0
62798 0.000000 0
62805 0.175407 0
62812 0.160637 0
62820 0.000000 0
62828 0.098114 0
62835 0.000000 0
62842 0.138178 0
62850 0.128558 0
62858 0.000000 0
62865 0.000000 0
62872 0.000000 0
62880 0.147159 0
62888 0.130229 0
62895 0.171615 0
62902 0.000000 0
62910 0.163605 0
62918 0.000000 0
62925 0.000000 0
62932 0.000000 0
62940 0.000000 0
62948 0.000000 0
62955 0.234576 0
62962 0.260546 0
62970 0.238239 0
62978 0.000000 0
62985 0.000000 0
62992 0.135874 0
63000 0.098153 0
63008 0.000000 0
63015 0.000000 0
63022 0.258268 0
63030 0.000000 0
63038 0.000000 0
63045 0.127181 0
63052 0.206344 0
63060 0.068399 0
63068 0.000000 0
63075 0.000000 0
63082 0.000000 0
63090 0.172060 0
63098 0.000000 0
63105 0.083936 0
63112 0.000000 0
63120 0.207933 0
63128 0.000000 0
63135 0.217997 0
63142 0.493994 0
63150 0.612706 0
63158 0.244412 0
63165 0.000000 0
63172 0.000000 0
63180 0.000000 0
63188 0.000000 0
63195 0.000000 0
63202 0.000000 0
63210 0.000000 0
63218 0.096625 0
63225 0.087667 0
63232 0.000000 0
63240 0.000000 0
63248 0.000000 0
63255 0.000000 0
63262 0.088729 0
63270 0.000000 0
63278 0.000000 0
63285 0.000000 0
63292 0.000000 0
63300 0.000000 0
63308 0.000000 0
63315 0.000000 0
63322 0.000000 0
63330 0.000000 0
63338 0.000000 0
63345 0.101723 0
63352 0.152102 0
63360 0.051480 0
63368 0.000000 0
63375 0.000000 0
63382 0.151638 0
63390 0.000000 0
63398 0.000000 0
63405 0.000000 0
63412 0.000000 0
63420 0.172177 0
63428 0.087493 0
63435 0.173742 0
63442 0.254749 0
63450 0.000000 0
63458 0.000000 0
63465 0.144190 0
63472 0.000000 0
63480 0.000000 0
63488 0.083091 0
63495 0.000000 0
63502 0.000000 0
63510 0.157744 0
63518 0.000000 0
63525 0.000000 0
63532 0.000000 0
63540 0.000000 0
63548 0.000000 0
63555 0.000000 0
63562 0.000000 0
63570 0.000000 0
63578 0.000000 0
63585 0.000000 0
63592 0.000000 0
63600 0.000000 0
63608 0.708284 0
63615 0.845418 0
63622 0.463270 0
63630 0.000000 0
63638 0.000000 0
63645 0.000000 0
63652 0.000000 0
63660 0.000000 0
63668 0.000000 0
63675 0.000000 0
63682 0.084795 0
63690 0.096657 0
63698 0.000000 0
63705 0.000000 0
63712 0.056039 0
63720 0.099256 0
63728 0.000000 0
63735 0.000000 0
63742 0.000000 0
63750 0.000000 0
63758 0.169695 0
63765 0.000000 0
63772 0.000000 0
63780 0.000000 0
63788 0.101171 0
63795 0.147720 0
63802 0.000000 0
63810 0.000000 0
63818 0.000000 0
63825 0.000000 0
63832 0.097659 0
63840 0.000000 0
63848 0.000000 0
63855 0.187678 0
63862 0.282702 0
63870 0.160162 0
63878 0.000000 0
63885 0.000000 0
63892 0.000000 0
63900 0.000000 0
63908 0.174281 0
63915 0.121325 0
63922 0.000000 0
63930 0.115862 0
63938 0.000000 0
63945 0.000000 0
63952 0.000000 0
63960 0.000000 0
63968 0.191217 0
63975 0.000000 0
63982 0.000000 0
63990 0.000000 0
63998 0.000000 0
64005 0.000000 0
64012 0.219869 0
64020 0.288624 0
64028 0.000000 0
64035 0.000000 0
64042 0.183333 0
64050 0.000000 0
64058 0.237201 0
64065 0.000000 0
64072 0.071439 0
64080 0.319925 0
64088 0.469886 0
64095 0.231037 0
64102 0.000000 0
64110 0.000000 0
64118 0.000000 0
64125 0.000000 0
64132 0.000000 0
64140 0.000000 0
64148 0.000000 0
64155 0.000000 0
64162 0.000000 0
64170 0.000000 0
64178 0.000000 0
64185 0.000000 0
64192 0.107153 0
64200 0.000000 0
64208 0.000000 0
64215 0.016284 0
64222 0.000000 0
64230 0.000000 0
64238 0.000000 0
64245 0.008414 0
64252 0.179837 0
64260 0.000000 0
64268 0.046856 0
64275 0.000000 0
64282 0.000000 0
64290 0.000000 0
64298 0.096046 0
64305 0.065969 0
64312 0.000000 0
64320 0.178910 0
64328 0.000000 0
64335 0.074198 0
64342 0.000000 0
64350 0.000000 0
64358 0.000000 0
64365 0.000000 0
64372 0.000000 0
64380 0.186724 0
64388 0.068807 0
64395 0.000000 0
64402 0.000000 0
64410 0.000000 0
64418 0.210285 0
64425 0.000000 0
64432 0.000000 0
64440 0.141466 0
64448 0.000000 0
64455 0.000000 0
64462 0.157376 0
64470 0.000000 0
64478 0.000000 0
64485 0.000000 0
64492 0.000000 0
64500 0.000000 0
64508 0.093644 0
64515 0.000000 0
64522 0.000000 0
64530 0.000000 0
64538 0.173317 0
64545 0.535927 0
64552 0.814143 0
64560 0.389478 0
64568 0.000000 0
64575 0.000000 0
64582 0.000000 0
64590 0.000000 0
64598 0.000000 0
64605 0.000000 0
64612 0.000000 0
64620 0.000000 0
64628 0.000000 0
64635 0.000000 0
64642 0.000000 0
64650 0.000000 0
64658 0.000000 0
64665 0.000000 0
64672 0.000000 0
64680 0.000000 0
64688 0.039086 0
64695 0.000000 0
64702 0.000000 0
64710 0.000000 0
64718 0.000000 0
64725 0.163494 0
64732 0.090197 0
64740 0.082807 0
64748 0.026711 0
64755 0.061796 0
64762 0.000000 0
64770 0.121779 0
64778 0.000000 0
64785 0.000000 0
64792 0.000000 0
64800 0.000000 0
64808 0.000000 0
64815 0.025373 0
64822 0.000000 0
64830 0.000000 0
64838 0.000000 0
64845 0.070384 0
64852 0.151452 0
64860 0.123077 0
64868 0.000000 0
64875 0.000000 0
64882 0.095358 0
64890 0.000000 0
64898 0.113658 0
64905 0.380009 0
64912 0.254063 0
64920 0.000000 0
64928 0.000000 0
64935 0.000000 0
64942 0.000000 0
64950 0.000000 0
64958 0.000000 0
64965 0.118505 0
64972 0.225161 0
64980 0.218246 0
64988 0.000000 0
64995 0.000000 0
65002 0.146530 0
65010 0.000000 0
65018 0.440186 0
65025 0.407286 0
65032 0.234919 0
65040 0.000000 0
65048 0.000000 0
65055 0.000000 0
65062 0.000000 0
65070 0.023938 0
65078 0.000000 0
65085 0.000000 0
65092 0.000000 0
65100 0.000000 0
65108 0.000000 0
65115 0.000000 0
65122 0.000000 0
65130 0.000000 0
65138 0.000000 0
65145 0.000000 0
65152 0.000000 0
65160 0.000000 0
65168 0.000000 0
65175 0.162308 0
65182 0.156930 0
65190 0.000000 0
65198 0.000000 0
65205 0.000000 0
65212 0.000000 0
65220 0.000000 0
65228 0.000000 0
65235 0.000000 0
65242 0.240087 0
65250 0.280727 0
65258 0.404231 0
65265 0.438351 0
65272 0.000000 0
65280 0.000000 0
65288 0.000000 0
65295 0.000000 0
65302 0.000000 0
65310 0.000000 0
65318 0.000000 0
65325 0.000000 0
65332 0.000000 0
65340 0.156566 0
65348 0.252537 0
65355 0.000000 0
65362 0.000000 0
65370 0.000000 0
65378 0.000000 0
65385 0.000000 0
65392 0.000000 0
65400 0.000000 0
65408 0.000000 0
65415 0.000000 0
65422 0.076825 0
65430 0.000000 0
65438 0.191981 0
65445 0.000000 0
65452 0.000000 0
65460 0.000000 0
65468 0.252019 0
65475 0.252691 0
65482 0.400760 0
65490 0.686413 0
65498 0.370997 0
65505 0.000000 0
65512 0.000000 0
65520 0.000000 0
65528 0.000000 0
65535 0.050964 0
65542 0.000000 0
65550 0.076928 0
65558 0.000000 0
65565 0.164657 0
65572 0.146974 0
65580 0.000000 0
65588 0.000000 0
65595 0.000000 0
65602 0.087783 0
65610 0.064813 0
65618 0.000000 0
65625 0.000000 0
65632 0.000000 0
65640 0.000000 0
65648 0.000000 0
65655 0.000000 0
65662 0.000000 0
65670 0.223868 0
65678 0.000000 0
65685 0.000000 0
65692 0.000000 0
65700 0.213941 0
65708 0.000000 0
65715 0.017482 0
65722 0.257417 0
65730 0.450957 0
65738 0.132756 0
65745 0.000000 0
65752 0.000000 0
65760 0.000000 0
65768 0.120082 0
65775 0.110842 0
65782 0.000000 0
65790 0.000000 0
65798 0.112597 0
65805 0.000000 0
65812 0.000000 0
65820 0.000000 0
65828 0.000000 0
65835 0.187712 0
65842 0.000000 0
65850 0.000000 0
65858 0.000000 0
65865 0.000000 0
65872 0.116479 0
65880 0.088154 0
65888 0.107458 0
65895 0.000000 0
65902 0.000000 0
65910 0.000000 0
65918 0.000000 0
65925 0.047749 0
65932 0.000000 0
65940 0.000000 0
65948 0.203847 0
65955 0.617194 0
65962 0.593933 0
65970 0.154908 0
65978 0.000000 0
65985 0.000000 0
65992 0.000000 0
66000 0.000000 0
66008 0.092440 0
66015 0.000000 0
66022 0.000000 0
66030 0.000000 0
66038 0.000000 0
66045 0.000000 0
66052 0.000000 0
66060 0.000000 0
66068 0.034647 0
66075 0.150710 0
66082 0.000000 0
66090 0.000000 0
66098 0.030815 0
66105 0.117599 0
66112 0.000000 0
66120 0.000000 0
66128 0.000000 0
66135 0.180460 0
66142 0.084897 0
66150 0.000000 0
66158 0.000000 0
66165 0.000000 0
66172 0.000000 0
66180 0.000000 0
66188 0.135600 0
66195 0.161665 0
66202 0.000000 0
66210 0.000000 0
66218 0.000000 0
66225 0.000000 0
66232 0.000000 0
66240 0.094890 0
66248 0.166267 0
66255 0.166058 0
66262 0.000000 0
66270 0.000000 0
66278 0.000000 0
66285 0.000000 0
66292 0.000000 0
66300 0.000000 0
66308 0.000000 0
66315 0.041213 0
66322 0.211380 0
66330 0.201439 0
66338 0.140136 0
66345 0.175228 0
66352 0.000000 0
66360 0.119614 0
66368 0.000000 0
66375 0.000000 0
66382 0.000000 0
66390 0.124156 0
66398 0.000000 0
66405 0.000000 0
66412 0.000000 0
66420 0.000000 0
66428 0.401813 0
66435 0.314605 0
66442 0.137979 0
66450 0.000000 0
66458 0.000000 0
66465 0.000000 0
66472 0.000000 0
66480 0.247705 0
66488 0.301286 0
66495 0.328786 0
66502 0.176894 0
66510 0.000000 0
66518 0.089276 0
66525 0.176717 0
66532 0.000000 0
66540 0.000000 0
66548 0.000000 0
66555 0.007651 0
66562 0.000000 0
66570 0.148894 0
66578 0.000000 0
66585 0.026765 0
66592 0.000000 0
66600 0.000000 0
66608 0.000000 0
66615 0.209162 0
66622 0.180331 0
66630 0.000000 0
66638 0.000000 0
66645 0.168489 0
66652 0.000000 0
66660 0.109368 0
66668 0.221842 0
66675 0.000000 0
66682 0.000000 0
66690 0.000000 0
66698 0.127418 0
66705 0.000000 0
66712 0.246966 0
66720 0.000000 0
66728 0.000000 0
66735 0.170582 0
66742 0.026626 0
66750 0.000000 0
66758 0.000000 0
66765 0.069607 0
66772 0.202978 0
66780 0.000000 0
66788 0.000000 0
66795 0.000000 0
66802 0.000000 0
66810 0.153138 0
66818 0.000000 0
66825 0.067500 0
66832 0.164112 0
66840 0.000000 0
66848 0.000000 0
66855 0.000000 0
66862 0.128788 0
66870 0.283946 0
66878 0.000000 0
66885 0.000000 0
66892 0.251972 0
66900 0.503100 0
66908 0.355722 0
66915 0.000000 0
66922 0.117949 0
66930 0.000000 0
66938 0.000000 0
66945 0.000000 0
66952 0.000000 0
66960 0.059279 0
66968 0.000000 0
66975 0.000000 0
66982 0.000000 0
66990 0.000000 0
66998 0.000000 0
67005 0.000000 0
67012 0.127824 0
67020 0.000000 0
67028 0.000000 0
67035 0.092686 0
67042 0.000000 0
67050 0.000000 0
67058 0.000000 0
67065 0.000000 0
67072 0.000000 0
67080 0.000000 0
67088 0.228240 0
67095 0.000000 0
67102 0.000000 0
67110 0.000000 0
67118 0.164770 0
67125 0.167483 0
67132 0.403263 0
67140 0.292608 0
67148 0.000000 0
67155 0.189617 0
67162 0.000000 0
67170 0.005745 0
67178 0.000000 0
67185 0.075517 0
67192 0.000000 0
67200 0.000000 0
67208 0.000000 0
67215 0.132387 0
67222 0.094662 0
67230 0.000000 0
67238 0.094705 0
67245 0.000000 0
67252 0.000000 0
67260 0.000000 0
67268 0.000000 0
67275 0.000000 0
67282 0.000000 0
67290 0.000000 0
67298 0.000000 0
67305 0.000000 0
67312 0.185010 0
67320 0.000000 0
67328 0.000000 0
67335 0.000000 0
67342 0.123403 0
67350 0.259329 0
67358 0.344056 0
67365 0.678491 0
67372 0.407552 0
67380 0.000000 0
67388 0.000000 0
67395 0.000000 0
67402 0.000000 0
67410 0.000000 0
67418 0.000000 0
67425 0.000000 0
67432 0.000000 0
67440 0.000000 0
67448 0.181228 0
67455 0.096679 0
67462 0.000000 0
67470 0.000000 0
67478 0.000000 0
67485 0.000000 0
67492 0.000000 0
67500 0.000000 0
67508 0.000000 0
67515 0.000000 0
67522 0.000000 0
67530 0.000000 0
67538 0.000000 0
67545 0.000000 0
67552 0.224865 0
67560 0.000000 0
67568 0.000000 0
67575 0.136199 0
67582 0.216693 0
67590 0.110896 0
67598 0.299667 0
67605 0.356251 0
67612 0.274019 0
67620 0.180025 0
67628 0.104168 0
67635 0.056321 0
67642 0.000000 0
67650 0.000000 0
67658 0.000000 0
67665 0.054544 0
67672 0.191572 0
67680 0.000000 0
67688 0.208490 0
67695 0.150836 0
67702 0.058418 0
67710 0.000000 0
67718 0.000000 0
67725 0.000000 0
67732 0.000000 0
67740 0.000000 0
67748 0.192843 0
67755 0.000000 0
67762 0.054740 0
67770 0.000000 0
67778 0.000000 0
67785 0.129012 0
67792 0.024068 0
67800 0.041263 0
67808 0.125468 0
67815 0.000000 0
67822 0.000000 0
67830 0.673585 0
67838 0.634063 0
67845 0.205274 0
67852 0.000000 0
67860 0.000000 0
67868 0.000000 0
67875 0.000000 0
67882 0.000000 0
67890 0.000000 0
67898 0.015877 0
67905 0.175871 0
67912 0.000000 0
67920 0.000000 0
67928 0.000000 0
67935 0.000000 0
67942 0.000000 0
67950 0.061459 0
67958 0.000000 0
67965 0.000000 0
67972 0.107024 0
67980 0.238215 0
67988 0.000000 0
67995 0.054614 0
68002 0.112483 0
68010 0.000000 0
68018 0.000000 0
68025 0.135719 0
68032 0.000000 0
68040 0.000000 0
68048 0.000000 0
68055 0.000000 0
68062 0.000000 0
68070 0.000000 0
68078 0.000000 0
68085 0.211857 0
68092 0.000000 0
68100 0.059819 0
68108 0.146865 0
68115 0.000000 0
68122 0.000000 0
68130 0.211560 0
68138 0.000000 0
68145 0.000000 0
68152 0.067314 0
68160 0.216654 0
68168 0.000000 0
68175 0.000000 0
68182 0.192582 0
68190 0.294081 0
68198 0.000000 0
68205 0.000000 0
68212 0.133494 0
68220 0.074873 0
68228 0.150655 0
68235 0.077001 0
68242 0.000000 0
68250 0.000000 0
68258 0.000000 0
68265 0.086716 0
68272 0.130042 0
68280 0.181870 0
68288 0.000000 0
68295 0.153918 0
68302 0.497079 0
68310 0.435806 0
68318 0.202405 0
68325 0.000000 0
68332 0.000000 0
68340 0.000000 0
68348 0.000000 0
68355 0.000000 0
68362 0.101034 0
68370 0.213632 0
68378 0.000000 0
68385 0.000000 0
68392 0.000000 0
68400 0.000000 0
68408 0.000000 0
68415 0.000000 0
68422 0.000000 0
68430 0.000000 0
68438 0.190671 0
68445 0.084967 0
68452 0.000000 0
68460 0.000000 0
68468 0.000000 0
68475 0.000000 0
68482 0.020545 0
68490 0.000000 0
68498 0.000000 0
68505 0.000000 0
68512 0.000000 0
68520 0.110902 0
68528 0.282792 0
68535 0.112621 0
68542 0.344231 0
68550 0.000000 0
68558 0.000000 0
68565 0.000000 0
68572 0.000000 0
68580 0.000000 0
68588 0.000000 0
68595 0.203723 0
68602 0.092998 0
68610 0.000000 0
68618 0.000000 0
68625 0.132582 0
68632 0.195612 0
68640 0.143311 0
68648 0.000000 0
68655 0.000000 0
68662 0.152209 0
68670 0.000000 0
68678 0.113827 0
68685 0.149037 0
68692 0.000000 0
68700 0.201501 0
68708 0.000000 0
68715 0.000000 0
68722 0.049466 0
68730 0.000000 0
68738 0.151020 0
68745 0.174717 0
68752 0.141288 0
68760 0.000000 0
68768 0.344741 0
68775 0.314629 0
68782 0.183939 0
68790 0.000000 0
68798 0.000000 0
68805 0.000000 0
68812 0.000000 0
68820 0.056720 0
68828 0.000000 0
68835 0.052967 0
68842 0.000000 0
68850 0.000000 0
68858 0.000000 0
68865 0.000000 0
68872 0.000000 0
68880 0.000000 0
68888 0.156321 0
68895 0.000000 0
68902 0.000000 0
68910 0.177346 0
68918 0.000000 0
68925 0.000000 0
68932 0.000000 0
68940 0.000000 0
68948 0.000000 0
68955 0.000000 0
68962 0.000000 0
68970 0.135698 0
68978 0.000000 0
68985 0.000000 0
68992 0.099588 0
69000 0.227490 0
69008 0.357506 0
69015 0.305686 0
69022 0.000000 0
69030 0.000000 0
69038 0.000000 0
69045 0.000000 0
69052 0.000000 0
69060 0.224118 0
69068 0.154142 0
69075 0.000000 0
69082 0.123456 0
69090 0.170574 0
69098 0.000000 0
69105 0.000000 0
69112 0.000000 0
69120 0.178514 0
69128 0.178981 0
69135 0.000000 0
69142 0.226460 0
69150 0.000000 0
69158 0.000000 0
69165 0.000000 0
69172 0.000000 0
69180 0.207712 0
69188 0.099703 0
69195 0.000000 0
69202 0.000000 0
69210 0.103977 0
69218 0.103530 0
69225 0.000000 0
69232 0.319726 0
69240 0.639486 0
69248 0.378593 0
69255 0.000000 0
69262 0.000000 0
69270 0.000000 0
69278 0.000000 0
69285 0.000000 0
69292 0.000000 0
69300 0.000000 0
69308 0.000000 0
69315 0.000000 0
69322 0.000000 0
69330 0.000000 0
69338 0.000000 0
69345 0.000000 0
69352 0.000000 0
69360 0.000000 0
69368 0.000000 0
69375 0.000000 0
69382 0.000000 0
69390 0.000000 0
69398 0.147378 0
69405 0.000000 0
69412 0.146539 0
69420 0.129611 0
69428 0.129118 0
69435 0.000000 0
69442 0.000000 0
69450 0.122700 0
69458 0.000000 0
69465 0.204873 0
69472 0.380155 0
69480 0.445775 0
69488 0.167058 0
69495 0.000000 0
69502 0.000000 0
69510 0.000000 0
69518 0.000000 0
69525 0.051027 0
69532 0.000000 0
69540 0.000000 0
69548 0.000000 0
69555 0.000000 0
69562 0.000000 0
69570 0.000000 0
69578 0.000000 0
69585 0.048955 0
69592 0.000000 0
69600 0.000000 0
69608 0.069574 0
69615 0.000000 0
69622 0.176258 0
69630 0.271656 0
69638 0.000000 0
69645 0.000000 0
69652 0.000000 0
69660 0.136131 0
69668 0.125003 0
69675 0.131616 0
69682 0.000000 0
69690 0.000000 0
69698 0.000000 0
69705 0.675239 0
69712 0.615239 0
69720 0.188633 0
69728 0.000000 0
69735 0.000000 0
69742 0.000000 0
69750 0.000000 0
69758 0.000000 0
69765 0.000000 0
69772 0.145571 0
69780 0.000000 0
69788 0.000000 0
69795 0.000000 0
69802 0.000000 0
69810 0.000000 0
69818 0.000000 0
69825 0.000000 0
69832 0.000000 0
69840 0.000000 0
69848 0.163937 0
69855 0.044166 0
69862 0.000000 0
69870 0.000000 0
69878 0.000000 0
69885 0.000000 0
69892 0.000000 0
69900 0.000000 0
69908 0.046063 0
69915 0.000000 0
69922 0.074990 0
69930 0.000000 0
69938 0.115738 0
69945 0.000000 0
69952 0.000000 0
69960 0.088117 0
69968 0.000000 0
69975 0.000000 0
69982 0.194633 0
69990 0.000000 0
69998 0.150523 0
70005 0.252537 0
70012 0.000000 0
70020 0.000000 0
70028 0.124193 0
70035 0.242329 0
70042 0.130764 0
70050 0.083416 0
70058 0.079703 0
70065 0.186226 0
70072 0.000000 0
70080 0.121012 0
70088 0.211724 0
70095 0.114423 0
70102 0.000000 0
70110 0.000000 0
70118 0.236589 0
70125 0.000000 0
70132 0.000000 0
70140 0.000000 0
70148 0.000000 0
70155 0.000000 0
70162 0.000000 0
70170 0.000000 0
70178 0.000000 0
70185 0.000000 0
70192 0.000000 0
70200 0.000000 0
70208 0.000000 0
70215 0.000000 0
70222 0.175406 0
70230 0.000000 0
70238 0.000000 0
70245 0.222229 0
70252 0.190220 0
70260 0.000000 0
70268 0.149798 0
70275 0.100827 0
70282 0.000000 0
70290 0.000000 0
70298 0.105706 0
70305 0.000000 0
70312 0.000000 0
70320 0.000000 0
70328 0.124533 0
70335 0.000000 0
70342 0.103784 0
70350 0.085143 0
70358 0.040368 0
70365 0.000000 0
70372 0.000000 0
70380 0.000000 0
70388 0.169066 0
70395 0.171089 0
70402 0.230205 0
70410 0.237519 0
70418 0.000000 0
70425 0.000000 0
70432 0.000000 0
70440 0.039903 0
70448 0.000000 0
70455 0.000000 0
70462 0.000000 0
70470 0.170058 0
70478 0.094204 0
70485 0.242981 0
70492 0.100110 0
70500 0.000000 0
70508 0.000000 0
70515 0.155800 0
70522 0.000000 0
70530 0.000000 0
70538 0.120757 0
70545 0.000000 0
70552 0.000000 0
70560 0.000000 0
70568 0.116385 0
70575 0.000000 0
70582 0.000000 0
70590 0.166693 0
70598 0.076358 0
70605 0.076590 0
70612 0.197621 0
70620 0.103175 0
70628 0.000000 0
70635 0.059402 0
70642 0.414095 0
70650 0.451656 0
70658 0.227050 0
70665 0.000000 0
70672 0.000000 0
70680 0.000000 0
70688 0.059767 0
70695 0.000000 0
70702 0.000000 0
70710 0.000000 0
70718 0.000000 0
70725 0.143545 0
70732 0.000000 0
70740 0.000000 0
70748 0.185115 0
70755 0.184475 0
70762 0.000000 0
70770 0.000000 0
70778 0.094453 0
70785 0.000000 0
70792 0.000000 0
70800 0.140379 0
70808 0.000000 0
70815 0.000000 0
70822 0.000000 0
70830 0.036977 0
70838 0.000000 0
70845 0.068895 0
70852 0.000000 0
70860 0.000000 0
70868 0.157305 0
70875 0.000000 0
70882 0.048701 0
70890 0.000000 0
70898 0.000000 0
70905 0.000000 0
70912 0.000000 0
70920 0.000000 0
70928 0.213228 0
70935 0.045703 0
70942 0.187008 0
70950 0.193830 0
70958 0.232356 0
70965 0.000000 0
70972 0.000000 0
70980 0.103926 0
70988 0.118633 0
70995 0.000000 0
71002 0.000000 0
71010 0.000000 0
71018 0.000000 0
71025 0.000000 0
71032 0.257196 0
71040 0.226821 0
71048 0.128166 0
71055 0.000000 0
71062 0.000000 0
71070 0.000000 0
71078 0.091169 0
71085 0.173187 0
71092 0.135154 0
71100 0.000000 0
71108 0.000000 0
71115 0.384776 0
71122 0.442918 0
71130 0.000000 0
71138 0.000000 0
71145 0.000000 0
71152 0.022538 0
71160 0.144521 0
71168 0.087617 0
71175 0.000000 0
71182 0.000000 0
71190 0.009801 0
71198 0.000000 0
71205 0.000000 0
71212 0.000000 0
71220 0.032249 0
71228 0.144311 0
71235 0.000000 0
71242 0.000000 0
71250 0.000000 0
71258 0.000000 0
71265 0.184753 0
71272 0.000000 0
71280 0.000000 0
71288 0.140478 0
71295 0.000000 0
71302 0.020899 0
71310 0.101295 0
71318 0.000000 0
71325 0.123101 0
71332 0.000000 0
71340 0.210607 0
71348 0.000000 0
71355 0.000000 0
71362 0.000000 0
71370 0.000000 0
71378 0.000000 0
71385 0.227500 0
71392 0.000000 0
71400 0.000000 0
71408 0.000000 0
71415 0.133899 0
71422 0.168149 0
71430 0.096210 0
71438 0.000000 0
71445 0.009271 0
71452 0.227857 0
71460 0.000000 0
71468 0.033726 0
71475 0.192341 0
71482 0.000000 0
71490 0.047117 0
71498 0.000000 0
71505 0.000000 0
71512 0.080520 0
71520 0.180318 0
71528 0.000000 0
71535 0.000000 0
71542 0.036779 0
71550 0.222131 0
71558 0.157192 0
71565 0.000000 0
71572 0.000000 0
71580 0.345951 0
71588 0.552573 0
71595 0.238519 0
71602 0.000000 0
71610 0.000000 0
71618 0.096412 0
71625 0.000000 0
71632 0.000000 0
71640 0.000000 0
71648 0.000000 0
71655 0.000000 0
71662 0.065713 0
71670 0.000000 0
71678 0.103942 0
71685 0.000000 0
71692 0.000000 0
71700 0.000000 0
71708 0.000000 0
71715 0.000000 0
71722 0.000000 0
71730 0.000000 0
71738 0.000000 0
71745 0.080469 0
71752 0.160344 0
71760 0.000000 0
71768 0.000000 0
71775 0.000000 0
71782 0.000000 0
71790 0.264615 0
71798 0.141706 0
71805 0.155286 0
71812 0.000000 0
71820 0.000000 0
71828 0.000000 0
71835 0.128102 0
71842 0.000000 0
71850 0.000000 0
71858 0.000000 0
71865 0.000000 0
71872 0.000000 0
71880 0.000000 0
71888 0.000000 0
71895 0.181758 0
71902 0.200471 0
71910 0.050372 0
71918 0.186550 0
71925 0.000000 0
71932 0.000000 0
71940 0.000000 0
71948 0.000000 0
71955 0.108142 0
71962 0.221283 0
71970 0.000000 0
71978 0.000000 0
71985 0.000000 0
71992 0.000000 0
72000 0.233901 0
72008 0.000000 0
72015 0.000000 0
72022 0.021242 0
72030 0.000000 0
72038 0.058515 0
72045 0.000000 0
72052 0.575346 0
72060 0.461020 0
72068 0.000000 0
72075 0.000000 0
72082 0.000000 0
72090 0.147961 0
72098 0.163443 0
72105 0.000000 0
72112 0.000000 0
72120 0.000000 0
72128 0.000000 0
72135 0.000000 0
72142 0.000000 0
72150 0.000000 0
72158 0.000000 0
72165 0.196996 0
72172 0.000000 0
72180 0.000000 0
72188 0.000000 0
72195 0.000000 0
72202 0.000000 0
72210 0.000000 0
72218 0.000000 0
72225 0.032885 0
72232 0.068273 0
72240 0.075764 0
72248 0.163044 0
72255 0.000000 0
72262 0.187151 0
72270 0.213993 0
72278 0.000000 0
72285 0.104318 0
72292 0.054258 0
72300 0.179402 0
72308 0.000000 0
72315 0.000000 0
72322 0.175463 0
72330 0.072066 0
72338 0.000000 0
72345 0.000000 0
72352 0.189798 0
72360 0.161137 0
72368 0.000000 0
72375 0.145172 0
72382 0.058582 0
72390 0.132783 0
72398 0.000000 0
72405 0.000000 0
72412 0.000000 0
72420 0.158997 0
72428 0.067113 0
72435 0.000000 0
72442 0.000000 0
72450 0.134899 0
72458 0.000000 0
72465 0.000000 0
72472 0.000000 0
72480 0.000000 0
72488 0.000000 0
72495 0.000000 0
72502 0.000000 0
72510 0.000000 0
72518 0.461192 0
72525 0.639213 0
72532 0.334403 0
72540 0.000000 0
72548 0.000000 0
72555 0.166478 0
72562 0.150986 0
72570 0.000000 0
72578 0.056152 0
72585 0.000000 0
72592 0.180366 0
72600 0.111888 0
72608 0.000000 0
72615 0.000000 0
72622 0.000000 0
72630 0.000000 0
72638 0.000000 0
72645 0.000000 0
72652 0.000000 0
72660 0.000000 0
72668 0.000000 0
72675 0.000000 0
72682 0.000000 0
72690 0.056547 0
72698 0.217556 0
72705 0.161476 0
72712 0.000000 0
72720 0.230162 0
72728 0.000000 0
72735 0.000000 0
72742 0.000000 0
72750 0.234432 0
72758 0.268838 0
72765 0.247848 0
72772 0.297185 0
72780 0.000000 0
72788 0.128361 0
72795 0.210545 0
72802 0.000000 0
72810 0.000000 0
72818 0.000000 0
72825 0.100325 0
72832 0.142722 0
72840 0.093177 0
72848 0.000000 0
72855 0.000000 0
72862 0.107296 0
72870 0.000000 0
72878 0.000000 0
72885 0.040004 0
72892 0.233691 0
72900 0.048040 0
72908 0.000000 0
72915 0.000000 0
72922 0.000000 0
72930 0.090123 0
72938 0.000000 0
72945 0.000000 0
72952 0.000000 0
72960 0.133896 0
72968 0.081879 0
72975 0.000000 0
72982 0.000000 0
72990 0.602798 0
72998 0.548700 0
73005 0.000000 0
73012 0.000000 0
73020 0.000000 0
73028 0.000000 0
73035 0.000000 0
73042 0.000000 0
73050 0.000000 0
73058 0.094622 0
73065 0.158194 0
73072 0.000000 0
73080 0.000000 0
73088 0.000000 0
73095 0.000000 0
73102 0.215924 0
73110 0.000000 0
73118 0.000000 0
73125 0.000000 0
73132 0.129693 0
73140 0.172805 0
73148 0.000000 0
73155 0.000000 0
73162 0.215601 0
73170 0.000000 0
73178 0.000000 0
73185 0.176239 0
73192 0.000000 0
73200 0.000000 0
73208 0.000000 0
73215 0.126891 0
73222 0.000000 0
73230 0.166256 0
73238 0.190826 0
73245 0.000000 0
73252 0.000000 0
73260 0.197118 0
73268 0.054282 0
73275 0.000000 0
73282 0.000000 0
73290 0.177020 0
73298 0.000000 0
73305 0.000000 0
73312 0.187294 0
73320 0.104400 0
73328 0.000000 0
73335 0.000000 0
73342 0.000000 0
73350 0.046703 0
73358 0.000000 0
73365 0.274300 0
73372 0.057452 0
73380 0.000000 0
73388 0.000000 0
73395 0.000000 0
73402 0.092916 0
73410 0.061311 0
73418 0.000000 0
73425 0.263529 0
73432 0.000000 0
73440 0.000000 0
73448 0.000000 0
73455 0.469064 0
73462 0.643376 0
73470 0.347408 0
73478 0.000000 0
73485 0.000000 0
73492 0.000000 0
73500 0.158339 0
73508 0.156968 0
73515 0.000000 0
73522 0.000000 0
73530 0.192163 0
73538 0.000000 0
73545 0.000000 0
73552 0.000000 0
73560 0.000000 0
73568 0.000000 0
73575 0.088461 0
73582 0.000000 0
73590 0.134958 0
73598 0.000000 0
73605 0.000000 0
73612 0.158597 0
73620 0.000000 0
73628 0.089555 0
73635 0.000000 0
73642 0.033208 0
73650 0.219672 0
73658 0.000000 0
73665 0.000000 0
73672 0.000000 0
73680 0.000000 0
73688 0.000000 0
73695 0.072696 0
73702 0.000000 0
73710 0.103320 0
73718 0.187594 0
73725 0.289245 0
73732 0.040502 0
73740 0.000000 0
73748 0.000000 0
73755 0.072012 0
73762 0.159133 0
73770 0.000000 0
73778 0.134585 0
73785 0.000000 0
73792 0.000000 0
73800 0.000000 0
73808 0.000000 0
73815 0.083258 0
73822 0.218770 0
73830 0.176098 0
73838 0.205487 0
73845 0.029470 0
73852 0.000000 0
73860 0.000000 0
73868 0.226869 0
73875 0.137711 0
73882 0.014724 0
73890 0.000000 0
73898 0.000000 0
73905 0.000000 0
73912 0.000000 0
73920 0.000000 0
73928 0.604824 0
73935 0.553483 0
73942 0.000000 0
73950 0.000000 0
73958 0.000000 0
73965 0.000000 0
73972 0.135257 0
73980 0.120598 0
73988 0.000000 0
73995 0.181071 0
74002 0.000000 0
74010 0.000000 0
74018 0.000000 0
74025 0.000000 0
74032 0.000000 0
74040 0.182532 0
74048 0.000000 0
74055 0.000000 0
74062 0.000000 0
74070 0.000000 0
74078 0.000000 0
74085 0.000000 0
74092 0.000000 0
74100 0.000000 0
74108 0.157916 0
74115 0.029429 0
74122 0.185138 0
74130 0.000000 0
74138 0.000000 0
74145 0.148666 0
74152 0.057537 0
74160 0.000000 0
74168 0.188942 0
74175 0.154125 0
74182 0.151998 0
74190 0.000000 0
74198 0.000000 0
74205 0.105393 0
74212 0.105587 0
74220 0.075664 0
74228 0.000000 0
74235 0.000000 0
74242 0.000000 0
74250 0.219120 0
74258 0.000000 0
74265 0.097302 0
74272 0.000000 0
74280 0.000000 0
74288 0.000000 0
74295 0.000000 0
74302 0.000000 0
74310 0.227295 0
74318 0.159338 0
74325 0.119047 0
74332 0.000000 0
74340 0.000000 0
74348 0.000000 0
74355 0.000000 0
74362 0.086214 0
74370 0.000000 0
74378 0.084700 0
74385 0.173679 0
74392 0.398013 0
74400 0.613244 0
74408 0.307357 0
74415 0.000000 0
74422 0.000000 0
74430 0.000000 0
74438 0.107282 0
74445 0.000000 0
74452 0.000000 0
74460 0.000000 0
74468 0.000000 0
74475 0.000000 0
74482 0.000000 0
74490 0.010397 0
74498 0.000000 0
74505 0.000000 0
74512 0.000000 0
74520 0.000000 0
74528 0.051936 0
74535 0.022282 0
74542 0.106166 0
74550 0.000000 0
74558 0.000000 0
74565 0.000000 0
74572 0.000000 0
74580 0.000000 0
74588 0.165269 0
74595 0.209250 0
74602 0.270196 0
74610 0.000000 0
74618 0.000000 0
74625 0.000000 0
74632 0.000000 0
74640 0.000000 0
74648 0.000000 0
74655 0.000000 0
74662 0.000000 0
74670 0.216634 0
74678 0.073012 0
74685 0.000000 0
74692 0.000000 0
74700 0.124886 0
74708 0.137429 0
74715 0.000000 0
74722 0.000000 0
74730 0.000000 0
74738 0.000000 0
74745 0.000000 0
74752 0.000000 0
74760 0.083334 0
74768 0.000000 0
74775 0.129238 0
74782 0.189750 0
74790 0.000000 0
74798 0.000000 0
74805 0.000000 0
74812 0.134761 0
74820 0.121162 0
74828 0.000000 0
74835 0.062128 0
74842 0.254178 0
74850 0.000000 0
74858 0.000000 0
74865 0.587626 0
74872 0.490674 0
74880 0.000000 0
74888 0.000000 0
74895 0.000000 0
74902 0.000000 0
74910 0.000000 0
74918 0.000000 0
74925 0.161908 0
74932 0.000000 0
74940 0.000000 0
74948 0.000000 0
74955 0.000000 0
74962 0.177490 0
74970 0.000000 0
74978 0.000000 0
74985 0.249285 0
74992 0.143755 0
75000 0.000000 0
75008 0.000000 0
75015 0.000000 0
75022 0.000000 0
75030 0.000000 0
75038 0.000000 0
75045 0.000000 0
75052 0.000000 0
75060 0.215604 0
75068 0.120547 0
75075 0.144263 0
75082 0.132522 0
75090 0.000000 0
75098 0.000000 0
75105 0.000000 0
75112 0.021696 0
75120 0.109572 0
75128 0.143256 0
75135 0.174695 0
75142 0.000000 0
75150 0.000000 0
75158 0.000000 0
75165 0.113217 0
75172 0.155606 0
75180 0.086151 0
75188 0.000000 0
75195 0.071161 0
75202 0.000000 0
75210 0.000000 0
75218 0.000000 0
75225 0.070510 0
75232 0.086018 0
75240 0.230596 0
75248 0.000000 0
75255 0.000000 0
75262 0.149400 0
75270 0.065912 0
75278 0.114850 0
75285 0.232769 0
75292 0.108799 0
75300 0.118957 0
75308 0.000000 0
75315 0.000000 0
75322 0.031135 0
75330 0.467724 0
75338 0.577793 0
75345 0.265155 0
75352 0.000000 0
75360 0.000000 0
75368 0.000000 0
75375 0.000000 0
75382 0.000000 0
75390 0.162996 0
75398 0.000000 0
75405 0.038138 0
75412 0.000000 0
75420 0.000000 0
75428 0.081809 0
75435 0.000000 0
75442 0.115119 0
75450 0.000000 0
75458 0.000000 0
75465 0.198418 0
75472 0.000000 0
75480 0.000000 0
75488 0.000000 0
75495 0.000000 0
75502 0.000000 0
75510 0.000000 0
75518 0.043040 0
75525 0.000000 0
75532 0.067829 0
75540 0.109243 0
75548 0.153777 0
75555 0.163312 0
75562 0.000000 0
75570 0.000000 0
75578 0.000000 0
75585 0.000000 0
75592 0.000000 0
75600 0.000000 0
75608 0.263108 0
75615 0.000000 0
75622 0.000000 0
75630 0.000000 0
75638 0.163639 0
75645 0.081621 0
75652 0.111248 0
75660 0.000000 0
75668 0.207313 0
75675 0.000000 0
75682 0.000000 0
75690 0.000000 0
75698 0.108015 0
75705 0.189772 0
75712 0.131374 0
75720 0.000000 0
75728 0.000000 0
75735 0.163157 0
75742 0.187527 0
75750 0.187940 0
75758 0.190097 0
75765 0.139559 0
75772 0.000000 0
75780 0.000000 0
75788 0.000000 0
75795 0.301063 0
75802 0.544391 0
75810 0.436121 0
75818 0.000000 0
75825 0.000000 0
75832 0.000000 0
75840 0.000000 0
75848 0.000000 0
75855 0.202433 0
75862 0.000000 0
75870 0.157487 0
75878 0.000000 0
75885 0.000000 0
75892 0.000000 0
75900 0.000000 0
75908 0.000000 0
75915 0.228325 0
75922 0.254770 0
75930 0.000000 0
75938 0.000000 0
75945 0.072955 0
75952 0.215898 0
75960 0.000000 0
75968 0.000000 0
75975 0.000000 0
75982 0.000000 0
75990 0.000000 0
75998 0.000000 0
76005 0.242842 0
76012 0.203618 0
76020 0.000000 0
76028 0.000000 0
76035 0.000000 0
76042 0.133468 0
76050 0.152125 0
76058 0.000000 0
76065 0.000000 0
76072 0.170511 0
76080 0.163129 0
76088 0.180290 0
76095 0.000000 0
76102 0.109951 0
76110 0.000000 0
76118 0.138975 0
76125 0.122268 0
76132 0.000000 0
76140 0.201759 0
76148 0.150022 0
76155 0.000000 0
76162 0.000000 0
76170 0.122026 0
76178 0.000000 0
76185 0.224000 0
76192 0.121916 0
76200 0.163638 0
76208 0.000000 0
76215 0.000000 0
76222 0.029072 0
76230 0.000000 0
76238 0.000000 0
76245 0.000000 0
76252 0.000000 0
76260 0.155724 0
76268 0.444351 0
76275 0.570745 0
76282 0.219742 0
76290 0.000000 0
76298 0.000000 0
76305 0.000000 0
76312 0.000000 0
76320 0.000000 0
76328 0.000000 0
76335 0.000000 0
76342 0.000000 0
76350 0.000000 0
76358 0.000000 0
76365 0.046774 0
76372 0.000000 0
76380 0.000000 0
76388 0.148084 0
76395 0.000000 0
76402 0.000000 0
76410 0.000000 0
76418 0.000000 0
76425 0.000000 0
76432 0.000000 0
76440 0.000000 0
76448 0.000000 0
76455 0.000000 0
76462 0.131806 0
76470 0.000000 0
76478 0.135193 0
76485 0.000000 0
76492 0.093039 0
76500 0.349658 0
76508 0.456724 0
76515 0.373858 0
76522 0.101099 0
76530 0.094619 0
76538 0.000000 0
76545 0.120224 0
76552 0.000000 0
76560 0.000000 0
76568 0.000000 0
76575 0.142254 0
76582 0.070187 0
76590 0.000000 0
76598 0.142784 0
76605 0.000000 0
76612 0.010871 0
76620 0.000000 0
76628 0.000000 0
76635 0.135128 0
76642 0.214089 0
76650 0.153050 0
76658 0.057925 0
76665 0.000000 0
76672 0.000000 0
76680 0.000000 0
76688 0.000000 0
76695 0.000000 0
76702 0.113835 0
76710 0.000000 0
76718 0.212026 0
76725 0.000000 0
76732 0.123750 0
76740 0.515543 0
76748 0.483074 0
76755 0.175728 0
76762 0.000000 0
76770 0.000000 0
76778 0.000000 0
76785 0.000000 0
76792 0.180184 0
76800 0.210610 0
76808 0.000000 0
76815 0.000000 0
76822 0.000000 0
76830 0.229927 0
76838 0.126264 0
76845 0.000000 0
76852 0.000000 0
76860 0.057231 0
76868 0.000000 0
76875 0.000000 0
76882 0.154076 0
76890 0.000000 0
76898 0.000000 0
76905 0.000000 0
76912 0.000000 0
76920 0.000000 0
76928 0.000000 0
76935 0.298509 0
76942 0.000000 0
76950 0.000000 0
76958 0.155136 0
76965 0.180045 0
76972 0.000000 0
76980 0.000000 0
76988 0.000000 0
76995 0.000000 0
77002 0.056326 0
77010 0.000000 0
77018 0.000000 0
77025 0.000000 0
77032 0.136590 0
77040 0.000000 0
77048 0.069899 0
77055 0.142577 0
77062 0.126661 0
77070 0.108654 0
77078 0.000000 0
77085 0.000000 0
77092 0.000000 0
77100 0.000000 0
77108 0.113711 0
77115 0.181813 0
77122 0.177411 0
77130 0.000000 0
77138 0.000000 0
77145 0.000000 0
77152 0.078108 0
77160 0.008994 0
77168 0.095023 0
77175 0.000000 0
77182 0.000000 0
77190 0.000000 0
77198 0.000000 0
77205 0.414773 0
77212 0.594511 0
77220 0.325767 0
77228 0.000000 0
77235 0.000000 0
77242 0.000000 0
77250 0.000000 0
77258 0.059888 0
77265 0.000000 0
77272 0.000000 0
77280 0.147876 0
77288 0.000000 0
77295 0.000000 0
77302 0.136047 0
77310 0.000000 0
77318 0.000000 0
77325 0.000000 0
77332 0.000000 0
77340 0.101441 0
77348 0.000000 0
77355 0.000000 0
77362 0.000000 0
77370 0.140304 0
77378 0.000000 0
77385 0.000000 0
77392 0.051577 0
77400 0.219679 0
77408 0.127073 0
77415 0.000000 0
77422 0.000000 0
77430 0.164288 0
77438 0.000000 0
77445 0.000000 0
77452 0.000000 0
77460 0.000000 0
77468 0.087124 0
77475 0.000000 0
77482 0.152619 0
77490 0.000000 0
77498 0.000000 0
77505 0.145775 0
77512 0.237459 0
77520 0.000000 0
77528 0.194919 0
77535 0.107553 0
77542 0.000000 0
77550 0.000000 0
77558 0.000000 0
77565 0.000000 0
77572 0.193868 0
77580 0.124685 0
77588 0.025713 0
77595 0.000000 0
77602 0.000000 0
77610 0.086504 0
77618 0.061853 0
77625 0.092600 0
77632 0.168425 0
77640 0.000000 0
77648 0.000000 0
77655 0.000000 0
77662 0.000000 0
77670 0.000000 0
77678 0.502331 0
77685 0.448723 0
77692 0.242245 0
77700 0.000000 0
77708 0.000000 0
77715 0.000000 0
77722 0.000000 0
77730 0.191002 0
77738 0.000000 0
77745 0.034769 0
77752 0.000000 0
77760 0.000000 0
77768 0.000000 0
77775 0.293097 0
77782 0.017760 0
77790 0.197241 0
77798 0.130787 0
77805 0.000000 0
77812 0.000000 0
77820 0.000000 0
77828 0.102883 0
77835 0.000000 0
77842 0.000000 0
77850 0.000000 0
77858 0.080232 0
77865 0.000000 0
77872 0.235540 0
77880 0.169576 0
77888 0.218705 0
77895 0.155957 0
77902 0.134527 0
77910 0.000000 0
77918 0.082155 0
77925 0.000000 0
77932 0.000000 0
77940 0.149358 0
77948 0.039205 0
77955 0.032773 0
77962 0.155005 0
77970 0.000000 0
77978 0.000000 0
77985 0.177653 0
77992 0.062529 0
78000 0.000000 0
78008 0.084649 0
78015 0.000000 0
78022 0.142734 0
78030 0.000000 0
78038 0.206632 0
78045 0.000000 0
78052 0.000000 0
78060 0.000000 0
78068 0.241514 0
78075 0.091365 0
78082 0.207257 0
78090 0.000000 0
78098 0.000000 0
78105 0.047702 0
78112 0.000000 0
78120 0.000000 0
78128 0.124707 0
78135 0.208579 0
78142 0.428999 0
78150 0.579944 0
78158 0.235816 0
78165 0.000000 0
78172 0.000000 0
78180 0.000000 0
78188 0.000000 0
78195 0.000000 0
78202 0.000000 0
78210 0.000000 0
78218 0.199789 0
78225 0.000000 0
78232 0.000000 0
78240 0.127638 0
78248 0.000000 0
78255 0.000000 0
78262 0.000000 0
78270 0.000000 0
78278 0.000000 0
78285 0.000000 0
78292 0.000000 0
78300 0.005536 0
78308 0.000000 0
78315 0.000000 0
78322 0.189598 0
78330 0.000000 0
78338 0.000000 0
78345 0.106240 0
78352 0.171870 0
78360 0.220443 0
78368 0.000000 0
78375 0.320863 0
78382 0.510302 0
78390 0.283452 0
78398 0.000000 0
78405 0.000000 0
78412 0.000000 0
78420 0.000000 0
78428 0.038359 0
78435 0.134133 0
78442 0.000000 0
78450 0.000000 0
78458 0.207412 0
78465 0.000000 0
78472 0.000000 0
78480 0.171097 0
78488 0.000000 0
78495 0.000000 0
78502 0.000000 0
78510 0.000000 0
78518 0.000000 0
78525 0.000000 0
78532 0.000000 0
78540 0.000000 0
78548 0.108363 0
78555 0.052736 0
78562 0.000000 0
78570 0.083801 0
78578 0.115311 0
78585 0.188325 0
78592 0.241534 0
78600 0.170139 0
78608 0.035052 0
78615 0.426490 0
78622 0.284889 0
78630 0.113930 0
78638 0.000000 0
78645 0.000000 0
78652 0.085711 0
78660 0.000000 0
78668 0.000000 0
78675 0.000000 0
78682 0.000000 0
78690 0.000000 0
78698 0.000000 0
78705 0.158649 0
78712 0.000000 0
78720 0.000000 0
78728 0.000000 0
78735 0.167375 0
78742 0.000000 0
78750 0.000000 0
78758 0.000000 0
78765 0.000000 0
78772 0.000000 0
78780 0.000000 0
78788 0.000000 0
78795 0.088176 0
78802 0.000000 0
78810 0.154805 0
78818 0.272708 0
78825 0.292434 0
78832 0.117317 0
78840 0.000000 0
78848 0.355285 0
78855 0.329108 0
78862 0.254906 0
78870 0.000000 0
78878 0.000000 0
78885 0.000000 0
78892 0.000000 0
78900 0.000000 0
78908 0.000000 0
78915 0.161047 0
78922 0.000000 0
78930 0.027378 0
78938 0.000000 0
78945 0.000000 0
78952 0.000000 0
78960 0.000000 0
78968 0.000000 0
78975 0.146789 0
78982 0.000000 0
78990 0.000000 0
78998 0.000000 0
79005 0.000000 0
79012 0.000000 0
79020 0.000000 0
79028 0.120884 0
79035 0.176064 0
79042 0.000000 0
79050 0.180532 0
79058 0.242556 0
79065 0.000000 0
79072 0.000000 0
79080 0.305399 0
79088 0.438680 0
79095 0.234497 0
79102 0.000000 0
79110 0.000000 0
79118 0.105675 0
79125 0.000000 0
79132 0.000000 0
79140 0.000000 0
79148 0.146594 0
79155 0.099186 0
79162 0.000000 0
79170 0.000000 0
79178 0.000000 0
79185 0.060786 0
79192 0.155630 0
79200 0.057554 0
79208 0.000000 0
79215 0.000000 0
79222 0.000000 0
79230 0.036749 0
79238 0.000000 0
79245 0.000000 0
79252 0.170273 0
79260 0.180167 0
79268 0.187798 0
79275 0.000000 0
79282 0.000000 0
79290 0.000000 0
79298 0.098857 0
79305 0.215320 0
79312 0.279506 0
79320 0.488155 0
79328 0.334745 0
79335 0.000000 0
79342 0.000000 0
79350 0.000000 0
79358 0.000000 0
79365 0.000000 0
79372 0.000000 0
79380 0.000000 0
79388 0.205653 0
79395 0.000000 0
79402 0.000000 0
79410 0.000000 0
79418 0.000000 0
79425 0.058201 0
79432 0.000000 0
79440 0.000000 0
79448 0.000000 0
79455 0.173178 0
79462 0.000000 0
79470 0.000000 0
79478 0.164370 0
79485 0.000000 0
79492 0.000000 0
79500 0.000000 0
79508 0.182320 0
79515 0.000000 0
79522 0.000000 0
79530 0.120040 0
79538 0.194046 0
79545 0.234772 0
79552 0.440963 0
79560 0.433997 0
79568 0.000000 0
79575 0.000000 0
79582 0.000000 0
79590 0.184756 0
79598 0.000000 0
79605 0.000000 0
79612 0.000000 0
79620 0.000000 0
79628 0.000000 0
79635 0.000000 0
79642 0.000000 0
79650 0.000000 0
79658 0.249997 0
79665 0.174640 0
79672 0.000000 0
79680 0.000000 0
79688 0.000000 0
79695 0.000000 0
79702 0.000000 0
79710 0.000000 0
79718 0.000000 0
79725 0.105208 0
79732 0.215654 0
79740 0.000000 0
79748 0.000000 0
79755 0.216476 0
79762 0.163915 0
79770 0.000000 0
79778 0.000000 0
79785 0.350842 0
79792 0.360925 0
79800 0.213973 0
79808 0.000000 0
79815 0.000000 0
79822 0.000000 0
79830 0.114825 0
79838 0.000000 0
79845 0.000000 0
79852 0.000000 0
79860 0.000000 0
79868 0.000000 0
79875 0.000000 0
79882 0.000000 0
79890 0.000000 0
79898 0.120027 0
79905 0.072536 0
79912 0.034783 0
79920 0.000000 0
79928 0.000000 0
79935 0.000000 0
79942 0.000000 0
79950 0.137521 0
79958 0.137686 0
79965 0.153314 0
79972 0.089902 0
79980 0.000000 0
79988 0.000000 0
79995 0.000000 0
80002 0.090469 0
80010 0.000000 0
80018 0.328484 0
80025 0.474255 0
80032 0.295554 0
80040 0.000000 0
80048 0.000000 0
80055 0.000000 0
80062 0.000000 0
80070 0.157886 0
80078 0.000000 0
80085 0.000000 0
80092 0.125513 0
80100 0.000000 0
80108 0.000000 0
80115 0.115288 0
80122 0.000000 0
80130 0.191783 0
80138 0.175255 0
80145 0.065009 0
80152 0.000000 0
80160 0.049244 0
80168 0.000000 0
80175 0.000000 0
80182 0.000000 0
80190 0.000000 0
80198 0.000000 0
80205 0.146405 0
80212 0.108019 0
80220 0.000000 0
80228 0.000000 0
80235 0.274138 0
80242 0.142965 0
80250 0.279469 0
80258 0.506041 0
80265 0.258560 0
80272 0.000000 0
80280 0.000000 0
80288 0.000000 0
80295 0.000000 0
80302 0.000000 0
80310 0.000000 0
80318 0.000000 0
80325 0.000000 0
80332 0.237018 0
80340 0.140794 0
80348 0.000000 0
80355 0.000000 0
80362 0.000000 0
80370 0.102336 0
80378 0.000000 0
80385 0.000000 0
80392 0.000000 0
80400 0.000000 0
80408 0.084829 0
80415 0.000000 0
80422 0.051087 0
80430 0.053345 0
80438 0.086720 0
80445 0.000000 0
80452 0.177712 0
80460 0.000000 0
80468 0.000000 0
80475 0.000000 0
80482 0.235250 0
80490 0.494979 0
80498 0.416727 0
80505 0.000000 0
80512 0.000000 0
80520 0.000000 0
80528 0.114694 0
80535 0.000000 0
80542 0.000000 0
80550 0.000000 0
80558 0.000000 0
80565 0.123675 0
80572 0.114856 0
80580 0.000000 0
80588 0.161793 0
80595 0.038047 0
80602 0.000000 0
80610 0.203645 0
80618 0.000000 0
80625 0.000000 0
80632 0.000000 0
80640 0.000000 0
80648 0.196945 0
80655 0.000000 0
80662 0.000000 0
80670 0.000000 0
80678 0.000000 0
80685 0.229720 0
80692 0.114588 0
80700 0.000000 0
80708 0.000000 0
80715 0.216679 0
80722 0.385936 0
80730 0.397030 0
80738 0.000000 0
80745 0.000000 0
80752 0.000000 0
80760 0.000000 0
80768 0.000000 0
80775 0.070058 0
80782 0.100819 0
80790 0.000000 0
80798 0.000000 0
80805 0.000000 0
80812 0.000000 0
80820 0.000000 0
80828 0.000000 0
80835 0.000000 0
80842 0.000000 0
80850 0.000000 0
80858 0.110690 0
80865 0.000000 0
80872 0.095870 0
80880 0.184761 0
80888 0.000000 0
80895 0.000000 0
80902 0.200705 0
80910 0.032826 0
80918 0.000000 0
80925 0.000000 0
80932 0.086844 0
80940 0.176345 0
80948 0.000000 0
80955 0.282393 0
80962 0.396111 0
80970 0.121361 0
80978 0.000000 0
80985 0.000000 0
80992 0.000000 0
81000 0.000000 0
81008 0.081242 0
81015 0.064404 0
81022 0.000000 0
81030 0.000000 0
81038 0.000000 0
81045 0.165382 0
81052 0.000000 0
81060 0.000000 0
81068 0.000000 0
81075 0.118358 0
81082 0.000000 0
81090 0.229731 0
81098 0.000000 0
81105 0.000000 0
81112 0.226910 0
81120 0.152487 0
81128 0.197462 0
81135 0.000000 0
81142 0.000000 0
81150 0.176382 0
81158 0.174051 0
81165 0.000000 0
81172 0.080728 0
81180 0.237406 0
81188 0.136632 0
81195 0.471955 0
81202 0.284884 0
81210 0.000000 0
81218 0.000000 0
81225 0.066925 0
81232 0.000000 0
81240 0.000000 0
81248 0.000000 0
81255 0.000000 0
81262 0.000000 0
81270 0.094650 0
81278 0.000000 0
81285 0.102554 0
81292 0.000000 0
81300 0.000000 0
81308 0.000000 0
81315 0.000000 0
81322 0.037860 0
81330 0.000000 0
81338 0.000000 0
81345 0.192730 0
81352 0.091770 0
81360 0.254044 0
81368 0.061813 0
81375 0.139300 0
81382 0.000000 0
81390 0.000000 0
81398 0.000000 0
81405 0.000000 0
81412 0.000000 0
81420 0.209538 0
81428 0.472075 0
81435 0.355534 0
81442 0.000000 0
81450 0.000000 0
81458 0.000000 0
81465 0.000000 0
81472 0.000000 0
81480 0.095799 0
81488 0.000000 0
81495 0.000000 0
81502 0.000000 0
81510 0.058722 0
81518 0.000000 0
81525 0.134481 0
81532 0.164786 0
81540 0.000000 0
81548 0.000000 0
81555 0.240823 0
81562 0.000000 0
81570 0.000000 0
81578 0.000000 0
81585 0.000000 0
81592 0.185780 0
81600 0.310256 0
81608 0.151219 0
81615 0.000000 0
81622 0.000000 0
81630 0.000000 0
81638 0.257190 0
81645 0.000000 0
81652 0.141349 0
81660 0.245339 0
81668 0.394475 0
81675 0.205533 0
81682 0.000000 0
81690 0.000000 0
81698 0.000000 0
81705 0.000000 0
81712 0.000000 0
81720 0.000000 0
81728 0.150239 0
81735 0.054216 0
81742 0.233556 0
81750 0.043101 0
81758 0.000000 0
81765 0.107553 0
81772 0.000000 0
81780 0.000000 0
81788 0.000000 0
81795 0.073837 0
81802 0.000000 0
81810 0.000000 0
81818 0.000000 0
81825 0.000000 0
81832 0.306050 0
81840 0.210349 0
81848 0.000000 0
81855 0.000000 0
81862 0.000000 0
81870 0.000000 0
81878 0.000000 0
81885 0.287504 0
81892 0.320058 0
81900 0.469669 0
81908 0.186796 0
81915 0.000000 0
81922 0.000000 0
81930 0.000000 0
81938 0.000000 0
81945 0.000000 0
81952 0.000000 0
81960 0.090843 0
81968 0.130038 0
81975 0.160506 0
81982 0.000000 0
81990 0.000000 0
81998 0.078063 0
82005 0.000000 0
82012 0.306754 0
82020 0.256158 0
82028 0.140718 0
82035 0.000000 0
82042 0.000000 0
82050 0.095510 0
82058 0.000000 0
82065 0.000000 0
82072 0.000000 0
82080 0.000000 0
82088 0.123418 0
82095 0.000000 0
82102 0.222481 0
82110 0.000000 0
82118 0.000000 0
82125 0.259053 0
82132 0.406326 0
82140 0.309365 0
82148 0.000000 0
82155 0.000000 0
82162 0.000000 0
82170 0.062675 0
82178 0.000000 0
82185 0.000000 0
82192 0.121850 0
82200 0.147272 0
82208 0.000000 0
82215 0.054262 0
82222 0.048968 0
82230 0.000000 0
82238 0.000000 0
82245 0.175417 0
82252 0.436667 0
82260 0.188207 0
82268 0.000000 0
82275 0.000000 0
82282 0.000000 0
82290 0.000000 0
82298 0.000000 0
82305 0.000000 0
82312 0.000000 0
82320 0.073705 0
82328 0.000000 0
82335 0.105844 0
82342 0.160689 0
82350 0.000000 0
82358 0.000000 0
82365 0.390619 0
82372 0.320273 0
82380 0.000000 0
82388 0.000000 0
82395 0.000000 0
82402 0.000000 0
82410 0.000000 0
82418 0.109857 0
82425 0.000000 0
82432 0.000000 0
82440 0.000000 0
82448 0.096675 0
82455 0.000000 0
82462 0.093322 0
82470 0.000000 0
82478 0.214402 0
82485 0.403521 0
82492 0.244774 0
82500 0.041500 0
82508 0.000000 0
82515 0.000000 0
82522 0.000000 0
82530 0.000000 0
82538 0.000000 0
82545 0.000000 0
82552 0.031547 0
82560 0.000000 0
82568 0.000000 0
82575 0.016429 0
82582 0.000000 0
82590 0.000000 0
82598 0.358142 0
82605 0.322309 0
82612 0.000000 0
82620 0.000000 0
82628 0.171946 0
82635 0.000000 0
82642 0.000000 0
82650 0.000000 0
82658 0.148308 0
82665 0.000000 0
82672 0.000000 0
82680 0.000000 0
82688 0.126095 0
82695 0.124607 0
82702 0.195841 0
82710 0.138524 0
82718 0.405469 0
82725 0.324041 0
82732 0.000000 0
82740 0.000000 0
82748 0.000000 0
82755 0.000000 0
82762 0.000000 0
82770 0.000000 0
82778 0.000000 0
82785 0.000000 0
82792 0.156152 0
82800 0.000000 0
82808 0.000000 0
82815 0.000000 0
82822 0.285800 0
82830 0.329786 0
82838 0.262808 0
82845 0.000000 0
82852 0.000000 0
82860 0.000000 0
82868 0.000000 0
82875 0.000000 0
82882 0.000000 0
82890 0.180716 0
82898 0.000000 0
82905 0.030958 0
82912 0.000000 0
82920 0.000000 0
82928 0.000000 0
82935 0.117108 0
82942 0.169485 0
82950 0.333775 0
82958 0.438262 0
82965 0.133577 0
82972 0.000000 0
82980 0.000000 0
82988 0.129098 0
82995 0.000000 0
83002 0.072754 0
83010 0.000000 0
83018 0.000000 0
83025 0.000000 0
83032 0.026642 0
83040 0.000000 0
83048 0.000000 0
83055 0.000000 0
83062 0.204369 0
83070 0.342981 0
83078 0.242847 0
83085 0.000000 0
83092 0.000000 0
83100 0.000000 0
83108 0.000000 0
83115 0.000000 0
83122 0.066126 0
83130 0.000000 0
83138 0.000000 0
83145 0.251840 0
83152 0.201316 0
83160 0.000000 0
83168 0.000000 0
83175 0.115201 0
83182 0.279655 0
83190 0.301922 0
83198 0.194077 0
83205 0.000000 0
83212 0.000000 0
83220 0.000000 0
83228 0.000000 0
83235 0.113040 0
83242 0.000000 0
83250 0.000000 0
83258 0.168946 0
83265 0.000000 0
83272 0.165354 0
83280 0.226130 0
83288 0.246810 0
83295 0.204387 0
83302 0.316412 0
83310 0.256479 0
83318 0.000000 0
83325 0.000000 0
83332 0.000000 0
83340 0.000000 0
83348 0.000000 0
83355 0.000000 0
83362 0.102449 0
83370 0.000000 0
83378 0.000000 0
83385 0.000000 0
83392 0.000000 0
83400 0.287087 0
83408 0.164500 0
83415 0.124484 0
83422 0.399602 0
83430 0.117045 0
83438 0.000000 0
83445 0.000000 0
83452 0.000000 0
83460 0.000000 0
83468 0.000000 0
83475 0.130249 0
83482 0.000000 0
83490 0.000000 0
83498 0.000000 0
83505 0.109620 0
83512 0.000000 0
83520 0.120664 0
83528 0.100157 0
83535 0.344126 0
83542 0.416723 0
83550 0.000000 0
83558 0.000000 0
83565 0.000000 0
83572 0.078238 0
83580 0.137914 0
83588 0.000000 0
83595 0.115539 0
83602 0.000000 0
83610 0.000000 0
83618 0.000000 0
83625 0.000000 0
83632 0.197403 0
83640 0.000000 0
83648 0.144848 0
83655 0.483357 0
83662 0.287515 0
83670 0.000000 0
83678 0.000000 0
83685 0.000000 0
83692 0.000000 0
83700 0.000000 0
83708 0.053034 0
83715 0.000000 0
83722 0.000000 0
83730 0.176475 0
83738 0.000000 0
83745 0.000000 0
83752 0.000000 0
83760 0.213440 0
83768 0.000000 0
83775 0.000000 0
83782 0.000000 0
83790 0.000000 0
83798 0.208767 0
83805 0.000000 0
83812 0.110796 0
83820 0.336139 0
83828 0.044557 0
83835 0.087313 0
83842 0.000000 0
83850 0.000000 0
83858 0.000000 0
83865 0.211048 0
83872 0.068785 0
83880 0.000000 0
83888 0.093245 0
83895 0.130466 0
83902 0.000000 0
83910 0.129191 0
83918 0.202547 0
83925 0.169241 0
83932 0.000000 0
83940 0.000000 0
83948 0.169922 0
83955 0.000000 0
83962 0.000000 0
83970 0.000000 0
83978 0.000000 0
83985 0.000000 0
83992 0.000000 0
84000 0.554891 0
84008 0.626954 0
84015 0.447691 0
84022 0.277264 0
84030 0.153561 0
84038 0.000000 0
84045 0.000000 0
84052 0.000000 0
84060 0.000000 0
84068 0.000000 0
84075 0.000000 0
84082 0.065955 0
84090 0.225794 0
84098 0.279520 0
84105 0.256989 0
84112 0.192180 0
84120 0.211420 0
84128 0.000000 0
84135 0.000000 0
84142 0.000000 0
84150 0.220610 0
84158 0.173941 0
84165 0.000000 0
84172 0.000000 0
84180 0.000000 0
84188 0.000000 0
84195 0.122377 0
84202 0.164953 0
84210 0.219184 0
84218 0.007166 0
84225 0.000000 0
84232 0.188524 0
84240 0.333729 0
84248 0.309910 0
84255 0.000000 0
84262 0.000000 0
84270 0.000000 0
84278 0.000000 0
84285 0.000000 0
84292 0.000000 0
84300 0.000000 0
84308 0.000000 0
84315 0.000000 0
84322 0.000000 0
84330 0.000000 0
84338 0.000000 0
84345 0.000000 0
84352 0.000000 0
84360 0.000000 0
84368 0.000000 0
84375 0.000000 0
84382 0.000000 0
84390 0.000000 0
84398 0.000000 0
84405 0.000000 0
84412 0.000000 0
84420 0.000000 0
84428 0.000000 0
84435 0.000000 0
84442 0.000000 0
84450 0.000000 0
84458 1.000000 0
84465 1.000000 0
84472 0.640538 0
84480 0.231196 0
84488 0.000000 0
84495 0.000000 0
84502 0.000000 0
84510 0.119461 0
84518 0.226035 0
84525 0.225056 0
84532 0.000000 0
84540 0.188161 0
84548 0.339804 0
84555 0.172562 0
84562 0.188530 0
84570 0.131526 0
84578 0.176976 0
84585 0.064220 0
84592 0.000000 0
84600 0.000000 0
84608 0.153295 0
84615 0.000000 0
84622 0.276236 0
84630 0.131108 0
84638 0.000000 0
84645 0.000000 0
84652 0.000000 0
84660 0.000000 0
84668 0.000000 0
84675 0.084574 0
84682 0.329973 0
84690 0.313997 0
84698 0.314361 0
84705 0.357451 0
84712 0.317036 0
84720 0.202354 0
84728 0.200432 0
84735 0.087333 0
84742 0.000000 0
84750 0.000000 0
84758 0.000000 0
84765 0.000000 0
84772 0.175456 0
84780 0.000000 0
84788 0.000000 0
84795 0.000000 0
84802 0.173724 0
84810 0.000000 0
84818 0.084976 0
84825 0.111560 0
84832 0.000000 0
84840 0.087385 0
84848 0.000000 0
84855 0.275293 0
84862 0.121088 0
84870 0.154964 0
84878 0.165831 0
84885 0.000000 0
84892 0.000000 0
84900 0.000000 0
84908 0.000000 0
84915 0.000000 0
84922 0.000000 0
84930 0.000000 0
84938 0.000000 0
84945 0.000000 0
84952 0.000000 0
84960 0.406118 0
84968 0.586159 0
84975 0.305421 0
84982 0.000000 0
84990 0.000000 0
84998 0.000000 0
85005 0.000000 0
85012 0.000000 0
85020 0.000000 0
85028 0.000000 0
85035 0.000000 0
85042 0.000000 0
85050 0.109418 0
85058 0.338713 0
85065 0.463603 0
85072 0.499329 0
85080 0.462874 0
85088 0.280289 0
85095 0.000000 0
85102 0.000000 0
85110 0.000000 0
85118 0.000000 0
85125 0.000000 0
85132 0.000000 0
85140 0.198261 0
85148 0.177228 0
85155 0.000000 0
85162 0.000000 0
85170 0.138274 0
85178 0.000000 0
85185 0.000000 0
85192 0.000000 0
85200 0.000000 0
85208 0.000000 0
85215 0.000000 0
85222 0.171358 0
85230 0.141070 0
85238 0.000000 0
85245 0.000000 0
85252 0.098817 0
85260 0.109262 0
85268 0.159886 0
85275 0.000000 0
85282 0.000000 0
85290 0.000000 0
85298 0.000000 0
85305 0.145078 0
85312 0.151410 0
85320 0.204449 0
85328 0.205789 0
85335 0.000000 0
85342 0.000000 0
85350 0.000000 0
85358 0.000000 0
85365 0.217561 0
85372 0.335263 0
85380 0.335317 0
85388 0.213577 0
85395 0.000000 0
85402 0.000000 0
85410 0.000000 0
85418 0.000000 0
85425 0.253227 0
85432 0.078368 0
85440 0.000000 0
85448 0.024750 0
85455 0.174029 0
85462 0.000000 0
85470 0.000000 0
85478 0.116433 0
85485 0.196702 0
85492 0.261789 0
85500 0.181330 0
85508 0.071729 0
85515 0.000000 0
85522 0.000000 0
85530 0.000000 0
85538 0.147207 0
85545 0.000000 0
85552 0.000000 0
85560 0.000000 0
85568 0.000000 0
85575 0.000000 0
85582 0.000000 0
85590 0.000000 0
85598 0.000000 0
85605 0.000000 0
85612 0.000000 0
85620 0.000000 0
85628 0.109731 0
85635 0.308881 0
85642 0.949135 0
85650 0.508266 0
85658 0.000000 0
85665 0.000000 0
85672 0.000000 0
85680 0.000000 0
85688 0.000000 0
85695 0.000000 0
85702 0.000000 0
85710 0.000000 0
85718 0.000000 0
85725 0.000000 0
85732 0.000000 0
85740 0.000000 0
85748 0.000000 0
85755 0.000000 0
85762 0.000000 0
85770 0.000000 0
85778 0.000000 0
85785 0.000000 0
85792 0.000000 0
85800 0.000000 0
85808 0.000000 0
85815 0.000000 0
85822 0.000000 0
85830 0.000000 0
85838 0.000000 0
85845 0.000000 0
85852 0.000000 0
85860 0.000000 0
85868 0.000000 0
85875 0.000000 0
85882 0.000000 0
85890 0.000000 0
85898 0.000000 0
85905 0.000000 0
85912 0.000000 0
85920 0.000000 0
85928 0.000000 0
85935 0.000000 0
85942 0.000000 0
85950 0.000000 0
85958 0.000000 0
85965 0.000000 0
85972 0.000000 0
85980 0.000000 0
85988 0.000000 0
85995 0.000000 0
86002 0.000000 0
86010 0.000000 0
86018 0.000000 0
86025 0.000000 0
86032 0.000000 0
86040 0.000000 0
86048 0.000000 0
86055 0.000000 0
86062 0.000000 0
86070 0.000000 0
86078 0.000000 0
86085 0.000000 0
86092 0.000000 0
86100 0.000000 0
86108 1.000000 0
86115 0.969832 0
86122 0.347787 0
86130 0.000000 0
86138 0.000000 0
86145 0.000000 0
86152 0.000000 0
86160 0.000000 0
86168 0.000000 0
86175 0.000000 0
86182 0.039065 0
86190 0.000000 0
86198 0.000000 0
86205 0.000000 0
86212 0.017474 0
86220 0.210322 0
86228 0.757032 0
86235 0.827141 0
86242 0.000000 0
86250 0.000000 0
86258 0.000000 0
86265 0.000000 0
86272 0.000000 0
86280 0.000000 0
86288 0.000000 0
86295 0.000000 0
86302 0.000000 0
86310 0.207574 0
86318 0.000000 0
86325 0.000000 0
86332 0.000000 0
86340 0.524414 0
86348 1.000000 0
86355 0.518650 0
86362 0.000000 0
86370 0.000000 0
86378 0.000000 0
86385 0.000000 0
86392 0.000000 0
86400 0.000000 0
86408 0.000000 0
86415 0.195463 0
86422 0.000000 0
86430 0.000000 0
86438 0.000000 0
86445 0.000000 0
86452 0.000000 0
86460 0.945020 0
86468 0.951877 0
86475 0.000000 0
86482 0.000000 0
86490 0.000000 0
86498 0.000000 0
86505 0.000000 0
86512 0.000000 0
86520 0.000000 0
86528 0.202248 0
86535 0.000000 0
86542 0.000000 0
86550 0.000000 0
86558 0.000000 0
86565 0.000000 0
86572 0.586414 0
86580 1.000000 0
86588 0.594688 0
86595 0.000000 0
86602 0.000000 0
86610 0.000000 0
86618 0.000000 0
86625 0.000000 0
86632 0.000000 0
86640 0.000000 0
86648 0.000000 0
86655 0.000000 0
86662 0.000000 0
86670 0.000000 0
86678 0.000000 0
86685 0.000000 0
86692 0.000000 0
86700 0.000000 0
86708 0.000000 0
86715 0.000000 0
86722 0.000000 0
86730 0.250401 0
86738 1.000000 0
86745 0.665921 0
86752 0.000000 0
86760 0.000000 0
86768 0.000000 0
86775 0.000000 0
86782 0.000000 0
86790 0.000000 0
86798 0.000000 0
86805 0.000000 0
86812 0.000000 0
86820 0.000000 0
86828 0.000000 0
86835 0.000000 0
86842 0.000000 0
86850 0.000000 0
86858 0.000000 0
86865 0.000000 0
86872 0.000000 0
86880 0.000000 0
86888 0.646694 0
86895 1.000000 0
86902 0.494742 0
86910 0.000000 0
86918 0.000000 0
86925 0.000000 0
86932 0.000000 0
86940 0.000000 0
86948 0.000000 0
86955 0.000000 0
86962 0.000000 0
86970 0.000000 0
86978 0.000000 0
86985 0.000000 0
86992 0.000000 0
87000 0.000000 0
87008 0.000000 0
87015 0.000000 0
87022 0.000000 0
87030 0.000000 0
87038 0.000000 0
87045 1.000000 0
87052 0.923555 0
87060 0.235942 0
87068 0.000000 0
87075 0.000000 0
87082 0.000000 0
87090 0.000000 0
87098 0.000000 0
87105 0.000000 0
87112 0.000000 0
87120 0.000000 0
87128 0.000000 0
87135 0.000000 0
87142 0.000000 0
87150 0.000000 0
87158 0.000000 0
87165 0.000000 0
87172 0.000000 0
87180 0.000000 0
87188 0.000000 0
87195 0.000000 0
87202 0.000000 0
87210 0.000000 0
87218 0.000000 0
87225 0.000000 0
87232 0.000000 0
87240 0.000000 0
87248 0.000000 0
87255 0.000000 0
87262 0.000000 0
87270 0.000000 0
87278 0.507767 0
87285 1.000000 0
87292 0.598540 0
87300 0.000000 0
87308 0.000000 0
87315 0.000000 0
87322 0.000000 0
87330 0.000000 0
87338 0.000000 0
87345 0.000000 0
87352 0.000000 0
87360 0.000000 0
87368 0.000000 0
87375 0.000000 0
87382 0.000000 0
87390 0.000000 0
87398 1.000000 0
87405 1.000000 0
87412 0.210137 0
87420 0.000000 0
87428 0.000000 0
87435 0.000000 0
87442 0.000000 0
87450 0.000000 0
87458 0.000000 0
87465 0.000000 0
87472 0.000000 0
87480 0.000000 0
87488 0.000000 0
87495 0.000000 0
87502 0.000000 0
87510 0.658987 0
87518 1.000000 0
87525 0.567171 0
87532 0.000000 0
87540 0.000000 0
87548 0.000000 0
87555 0.000000 0
87562 0.000000 0
87570 0.000000 0
87578 0.000000 0
87585 0.000000 0
87592 0.000000 0
87600 0.000000 0
87608 0.000000 0
87615 0.000000 0
87622 0.000000 0
87630 0.000000 0
87638 0.000000 0
87645 0.000000 0
87652 0.000000 0
87660 0.000000 0
87668 0.000000 0
87675 0.000000 0
87682 0.000000 0
87690 0.000000 0
87698 0.000000 0
87705 0.000000 0
87712 0.000000 0
87720 0.000000 0
87728 0.000000 0
87735 0.000000 0
87742 0.610030 0
87750 1.000000 0
87758 0.842484 0
87765 0.000000 0
87772 0.000000 0
87780 0.000000 0
87788 0.000000 0
87795 0.000000 0
87802 0.000000 0
87810 0.000000 0
87818 0.000000 0
87825 0.000000 0
87832 0.000000 0
87840 0.000000 0
87848 0.000000 0
87855 0.000000 0
87862 0.000000 0
87870 0.000000 0
87878 0.000000 0
87885 0.000000 0
87892 0.000000 0
87900 0.000000 0
87908 0.000000 0
87915 0.000000 0
87922 0.000000 0
87930 0.000000 0
87938 0.000000 0
87945 0.000000 0
87952 0.000000 0
87960 0.000000 0
87968 0.000000 0
87975 0.000000 0
87982 1.000000 0
87990 0.920127 0
87998 0.243979 0
88005 0.000000 0
88012 0.000000 0
88020 0.000000 0
88028 0.000000 0
88035 0.000000 0
88042 0.000000 0
88050 0.000000 0
88058 0.000000 0
88065 0.000000 0
88072 0.000000 0
88080 0.000000 0
88088 0.000000 0
88095 0.286887 0
88102 0.775468 0
88110 0.751575 0
88118 0.000000 0
88125 0.000000 0
88132 0.000000 0
88140 0.000000 0
88148 0.000000 0
88155 0.000000 0
88162 0.000000 0
88170 0.000000 0
88178 0.000000 0
88185 0.000000 0
88192 0.000000 0
88200 0.000000 0
88208 0.000000 0
88215 0.570385 0
88222 1.000000 0
88230 0.471289 0
88238 0.000000 0
88245 0.000000 0
88252 0.000000 0
88260 0.000000 0
88268 0.000000 0
88275 0.000000 0
88282 0.000000 0
88290 0.000000 0
88298 0.000000 0
88305 0.000000 0
88312 0.000000 0
88320 0.000000 0
88328 0.000000 0
88335 0.987353 0
88342 0.937925 0
88350 0.000000 0
88358 0.000000 0
88365 0.000000 0
88372 0.000000 0
88380 0.000000 0
88388 0.000000 0
88395 0.000000 0
88402 0.120767 0
88410 0.000000 0
88418 0.000000 0
88425 0.000000 0
88432 0.000000 0
88440 0.000000 0
88448 0.524756 0
88455 1.000000 0
88462 0.611048 0
88470 0.000000 0
88478 0.000000 0
88485 0.000000 0
88492 0.000000 0
88500 0.000000 0
88508 0.000000 0
88515 0.000000 0
88522 0.000000 0
88530 0.000000 0
88538 0.000000 0
88545 0.000000 0
88552 0.000000 0
88560 0.000000 0
88568 0.000000 0
88575 0.000000 0
88582 0.000000 0
88590 0.000000 0
88598 0.000000 0
88605 0.135244 0
88612 1.000000 0
88620 0.626787 0
88628 0.000000 0
88635 0.000000 0
88642 0.000000 0
88650 0.000000 0
88658 0.000000 0
88665 0.000000 0
88672 0.000000 0
88680 0.000000 0
88688 0.000000 0
88695 0.000000 0
88702 0.000000 0
88710 0.000000 0
88718 0.000000 0
88725 0.000000 0
88732 0.000000 0
88740 0.000000 0
88748 0.000000 0
88755 0.034828 0
88762 0.401434 0
88770 1.000000 0
88778 0.479910 0
88785 0.000000 0
88792 0.000000 0
88800 0.000000 0
88808 0.000000 0
88815 0.000000 0
88822 0.000000 0
88830 0.000000 0
88838 0.000000 0
88845 0.000000 0
88852 0.000000 0
88860 0.000000 0
88868 0.000000 0
88875 0.000000 0
88882 0.000000 0
88890 0.000000 0
88898 0.000000 0
88905 0.000000 0
88912 0.000000 0
88920 1.000000 0
88928 0.907856 0
88935 0.154215 0
88942 0.000000 0
88950 0.000000 0
88958 0.000000 0
88965 0.000000 0
88972 0.000000 0
88980 0.000000 0
88988 0.169908 0
88995 0.000000 0
89002 0.000000 0
89010 0.000000 0
89018 0.000000 0
89025 0.000000 0
89032 0.000000 0
89040 0.000000 0
89048 0.000000 0
89055 0.000000 0
89062 0.000000 0
89070 0.000000 0
89078 0.000000 0
89085 0.000000 0
89092 0.000000 0
89100 0.000000 0
89108 0.000000 0
89115 0.000000 0
89122 0.000000 0
89130 0.000000 0
89138 0.000000 0
89145 0.000000 0
89152 0.846514 0
89160 0.999367 0
89168 0.220060 0
89175 0.000000 0
89182 0.000000 0
89190 0.000000 0
89198 0.000000 0
89205 0.000000 0
89212 0.000000 0
89220 0.000000 0
89228 0.000000 0
89235 0.000000 0
89242 0.000000 0
89250 0.000000 0
89258 0.000000 0
89265 0.000000 0
89272 0.000000 0
89280 0.000000 0
89288 0.000000 0
89295 0.000000 0
89302 0.000000 0
89310 0.000000 0
89318 0.000000 0
89325 0.000000 0
89332 0.000000 0
89340 0.000000 0
89348 0.000000 0
89355 0.000000 0
89362 0.000000 0
89370 0.000000 0
89378 0.000000 0
89385 0.600961 0
89392 1.000000 0
89400 0.579471 0
89408 0.000000 0
89415 0.000000 0
89422 0.000000 0
89430 0.000000 0
89438 0.000000 0
89445 0.000000 0
89452 0.000000 0
89460 0.000000 0
89468 0.000000 0
89475 0.000000 0
89482 0.000000 0
89490 0.000000 0
89498 0.000000 0
89505 0.000000 0
89512 0.000000 0
89520 0.000000 0
89528 0.000000 0
89535 0.000000 0
89542 0.000000 0
89550 0.000000 0
89558 0.000000 0
89565 0.000000 0
89572 0.000000 0
89580 0.000000 0
89588 0.000000 0
89595 0.000000 0
89602 0.000000 0
89610 0.000000 0
89618 0.000000 0
89625 1.000000 0
89632 0.919579 0
89640 0.000000 0
89648 0.000000 0
89655 0.000000 0
89662 0.000000 0
89670 0.000000 0
89678 0.000000 0
89685 0.000000 0
89692 0.000000 0
89700 0.000000 0
89708 0.000000 0
89715 0.000000 0
89722 0.000000 0
89730 0.000000 0
89738 0.000000 0
89745 0.000000 0
89752 0.000000 0
89760 0.000000 0
89768 0.000000 0
89775 0.000000 0
89782 0.000000 0
89790 0.000000 0
89798 0.000000 0
89805 0.000000 0
89812 0.000000 0
89820 0.000000 0
89828 0.000000 0
89835 0.000000 0
89842 0.000000 0
89850 0.000000 0
89858 1.000000 0
89865 0.915526 0
89872 0.282163 0
89880 0.000000 0
89888 0.000000 0
89895 0.000000 0
89902 0.000000 0
89910 0.000000 0
89918 0.000000 0
89925 0.000000 0
89932 0.000000 0
89940 0.000000 0
89948 0.000000 0
89955 0.000000 0
89962 0.000000 0
89970 0.000000 0
89978 0.844630 0
89985 0.835189 0
89992 0.000000 0
90000 0.000000 0
90008 0.000000 0
90015 0.000000 0
90022 0.000000 0
90030 0.000000 0
90038 0.000000 0
90045 0.000000 0
90052 0.000000 0
90060 0.000000 0
90068 0.000000 0
90075 0.000000 0
90082 0.000000 0
90090 0.577278 0
90098 1.000000 0
90105 0.487761 0
90112 0.000000 0
90120 0.000000 0
90128 0.000000 0
90135 0.000000 0
90142 0.000000 0
90150 0.000000 0
90158 0.000000 0
90165 0.000000 0
90172 0.000000 0
90180 0.000000 0
90188 0.000000 0
90195 0.000000 0
90202 0.000000 0
90210 1.000000 0
90218 0.946173 0
90225 0.000000 0
90232 0.000000 0
90240 0.000000 0
90248 0.000000 0
90255 0.000000 0
90262 0.000000 0
90270 0.000000 0
90278 0.000000 0
90285 0.112202 0
90292 0.000000 0
90300 0.000000 0
90308 0.000000 0
90315 0.000000 0
90322 0.585431 0
90330 1.000000 0
90338 0.563973 0
90345 0.000000 0
90352 0.000000 0
90360 0.000000 0
90368 0.000000 0
90375 0.000000 0
90382 0.000000 0
90390 0.000000 0
90398 0.000000 0
90405 0.000000 0
90412 0.000000 0
90420 0.000000 0
90428 0.000000 0
90435 0.000000 0
90442 0.000000 0
90450 0.000000 0
90458 0.000000 0
90465 0.000000 0
90472 0.000000 0
90480 0.197014 0
90488 1.000000 0
90495 0.635309 0
90502 0.000000 0
90510 0.000000 0
90518 0.000000 0
90525 0.000000 0
90532 0.000000 0
90540 0.034062 0
90548 0.000000 0
90555 0.000000 0
90562 0.000000 0
90570 0.000000 0
90578 0.000000 0
90585 0.000000 0
90592 0.000000 0
90600 0.000000 0
90608 0.000000 0
90615 0.000000 0
90622 0.000000 0
90630 0.000000 0
90638 0.472321 0
90645 1.000000 0
90652 0.512352 0
90660 0.000000 0
90668 0.000000 0
90675 0.000000 0
90682 0.000000 0
90690 0.000000 0
90698 0.000000 0
90705 0.000000 0
90712 0.000000 0
90720 0.000000 0
90728 0.000000 0
90735 0.000000 0
90742 0.000000 0
90750 0.000000 0
90758 0.000000 0
90765 0.000000 0
90772 0.000000 0
90780 0.000000 0
90788 0.000000 0
90795 1.000000 0
90802 0.889547 0
90810 0.114732 0
90818 0.000000 0
90825 0.000000 0
90832 0.000000 0
90840 0.000000 0
90848 0.000000 0
90855 0.000000 0
90862 0.000000 0
90870 0.000000 0
90878 0.000000 0
90885 0.000000 0
90892 0.000000 0
90900 0.000000 0
90908 0.000000 0
90915 0.000000 0
90922 0.000000 0
90930 0.000000 0
90938 0.000000 0
90945 0.000000 0
90952 0.000000 0
90960 0.000000 0
90968 0.000000 0
90975 0.000000 0
90982 0.000000 0
90990 0.000000 0
90998 0.000000 0
91005 0.000000 0
91012 0.000000 0
91020 0.000000 0
91028 0.507849 0
91035 1.000000 0
91042 0.583011 0
91050 0.000000 0
91058 0.000000 0
91065 0.000000 0
91072 0.000000 0
91080 0.000000 0
91088 0.000000 0
91095 0.000000 0
91102 0.000000 0
91110 0.000000 0
91118 0.000000 0
91125 0.000000 0
91132 0.000000 0
91140 0.000000 0
91148 0.991482 0
91155 0.990218 0
91162 0.178281 0
91170 0.000000 0
91178 0.000000 0
91185 0.000000 0
91192 0.000000 0
91200 0.000000 0
91208 0.000000 0
91215 0.000000 0
91222 0.000000 0
91230 0.000000 0
91238 0.000000 0
91245 0.000000 0
91252 0.000000 0
91260 0.726836 0
91268 1.000000 0
91275 0.569731 0
91282 0.000000 0
91290 0.000000 0
91298 0.000000 0
91305 0.000000 0
91312 0.000000 0
91320 0.000000 0
91328 0.000000 0
91335 0.000000 0
91342 0.000000 0
91350 0.000000 0
91358 0.000000 0
91365 0.000000 0
91372 0.000000 0
91380 0.000000 0
91388 0.000000 0
91395 0.000000 0
91402 0.000000 0
91410 0.000000 0
91418 0.000000 0
91425 0.000000 0
91432 0.000000 0
91440 0.000000 0
91448 0.000000 0
91455 0.000000 0
91462 0.000000 0
91470 0.000000 0
91478 0.000000 0
91485 0.000000 0
91492 0.000000 0
91500 1.000000 0
91508 0.922776 0
91515 0.000000 0
91522 0.000000 0
91530 0.000000 0
91538 0.000000 0
91545 0.000000 0
91552 0.000000 0
91560 0.000000 0
91568 0.000000 0
91575 0.000000 0
91582 0.000000 0
91590 0.000000 0
91598 0.000000 0
91605 0.000000 0
91612 0.000000 0
91620 0.000000 0
91628 0.000000 0
91635 0.000000 0
91642 0.000000 0
91650 0.000000 0
91658 0.000000 0
91665 0.000000 0
91672 0.000000 0
91680 0.000000 0
91688 0.000000 0
91695 0.000000 0
91702 0.000000 0
91710 0.000000 0
91718 0.000000 0
91725 0.000000 0
91732 1.000000 0
91740 0.930156 0
91748 0.287123 0
91755 0.000000 0
91762 0.000000 0
91770 0.000000 0
91778 0.000000 0
91785 0.000000 0
91792 0.000000 0
91800 0.000000 0
91808 0.000000 0
91815 0.000000 0
91822 0.000000 0
91830 0.000000 0
91838 0.071053 0
91845 0.057754 0
91852 0.764467 0
91860 0.835785 0
91868 0.000000 0
91875 0.000000 0
91882 0.000000 0
91890 0.000000 0
91898 0.000000 0
91905 0.000000 0
91912 0.000000 0
91920 0.000000 0
91928 0.000000 0
91935 0.000000 0
91942 0.000000 0
91950 0.000000 0
91958 0.000000 0
91965 0.539164 0
91972 1.000000 0
91980 0.496802 0
91988 0.000000 0
91995 0.000000 0
92002 0.000000 0
92010 0.000000 0
92018 0.000000 0
92025 0.000000 0
92032 0.000000 0
92040 0.000000 0
92048 0.000000 0
92055 0.000000 0
92062 0.000000 0
92070 0.000000 0
92078 0.000000 0
92085 0.981557 0
92092 0.940317 0
92100 0.000000 0
92108 0.000000 0
92115 0.000000 0
92122 0.000000 0
92130 0.000000 0
92138 0.000000 0
92145 0.000000 0
92152 0.000000 0
92160 0.000000 0
92168 0.000000 0
92175 0.000000 0
92182 0.000000 0
92190 0.000000 0
92198 0.560357 0
92205 1.000000 0
92212 0.600645 0
92220 0.000000 0
92228 0.000000 0
92235 0.000000 0
92242 0.000000 0
92250 0.000000 0
92258 0.000000 0
92265 0.000000 0
92272 0.000000 0
92280 0.000000 0
92288 0.000000 0
92295 0.000000 0
92302 0.000000 0
92310 0.000000 0
92318 0.000000 0
92325 0.000000 0
92332 0.000000 0
92340 0.000000 0
92348 0.000000 0
92355 0.184681 0
92362 1.000000 0
92370 0.647780 0
92378 0.000000 0
92385 0.000000 0
92392 0.000000 0
92400 0.000000 0
92408 0.000000 0
92415 0.000000 0
92422 0.000000 0
92430 0.000000 0
92438 0.000000 0
92445 0.000000 0
92452 0.000000 0
92460 0.000000 0
92468 0.000000 0
92475 0.000000 0
92482 0.000000 0
92490 0.000000 0
92498 0.000000 0
92505 0.000000 0
92512 0.514020 0
92520 1.000000 0
92528 0.519840 0
92535 0.000000 0
92542 0.000000 0
92550 0.000000 0
92558 0.000000 0
92565 0.000000 0
92572 0.000000 0
92580 0.000000 0
92588 0.000000 0
92595 0.000000 0
92602 0.000000 0
92610 0.000000 0
92618 0.000000 0
92625 0.000000 0
92632 0.000000 0
92640 0.000000 0
92648 0.000000 0
92655 0.000000 0
92662 0.000000 0
92670 1.000000 0
92678 0.902408 0
92685 0.187548 0
92692 0.000000 0
92700 0.000000 0
92708 0.000000 0
92715 0.000000 0
92722 0.000000 0
92730 0.209713 0
92738 0.213609 0
92745 0.182293 0
92752 0.000000 0
92760 0.000000 0
92768 0.000000 0
92775 0.000000 0
92782 0.000000 0
92790 0.000000 0
92798 0.000000 0
92805 0.000000 0
92812 0.165570 0
92820 0.135475 0
92828 0.000000 0
92835 0.000000 0
92842 0.000000 0
92850 0.000000 0
92858 0.000000 0
92865 0.069753 0
92872 0.000000 0
92880 0.000000 0
92888 0.000000 0
92895 0.000000 0
92902 0.000000 0
92910 0.068988 0
92918 0.000000 0
92925 0.000000 0
92932 0.000000 0
92940 0.000000 0
92948 0.000000 0
92955 0.000000 0
92962 0.042492 0
92970 0.000000 0
92978 0.213823 0
92985 0.000000 0
92992 0.000000 0
93000 0.000000 0
93008 0.000000 0
93015 0.000000 0
93022 0.000000 0
93030 0.000000 0
93038 0.000000 0
93045 0.000000 0
93052 0.000000 0
93060 0.200672 0
93068 0.000000 0
93075 0.000000 0
93082 0.000000 0
93090 0.000000 0
93098 0.000000 0
93105 0.000000 0
93112 0.000000 0
93120 0.277177 0
93128 0.000000 0
93135 0.089541 0
93142 0.576562 0
93150 0.390807 0
93158 0.000000 0
93165 0.000000 0
93172 0.000000 0
93180 0.000000 0
93188 0.000000 0
93195 0.000000 0
93202 0.000000 0
93210 0.000000 0
93218 0.000000 0
93225 0.000000 0
93232 0.000000 0
93240 0.000000 0
93248 0.000000 0
93255 0.000000 0
93262 0.000000 0
93270 0.000000 0
93278 0.000000 0
93285 0.000000 0
93292 0.000000 0
93300 0.000000 0
93308 0.000000 0
93315 0.000000 0
93322 0.000000 0
93330 0.000000 0
93338 0.000000 0
93345 0.000000 0
93352 0.000000 0
93360 0.000000 0
93368 0.000000 0
93375 1.000000 0
93382 0.934233 0
93390 0.000000 0
93398 0.000000 0
93405 0.000000 0
93412 0.000000 0
93420 0.000000 0
93428 0.000000 0
93435 0.000000 0
93442 0.000000 0
93450 0.000000 0
93458 0.000000 0
93465 0.000000 0
93472 0.000000 0
93480 0.000000 0
93488 0.000000 0
93495 0.000000 0
93502 0.000000 0
93510 0.000000 0
93518 0.000000 0
93525 0.000000 0
93532 0.000000 0
93540 0.000000 0
93548 0.000000 0
93555 0.000000 0
93562 0.000000 0
93570 0.000000 0
93578 0.000000 0
93585 0.000000 0
93592 0.000000 0
93600 0.000000 0
93608 1.000000 0
93615 0.929239 0
93622 0.291255 0
93630 0.000000 0
93638 0.000000 0
93645 0.000000 0
93652 0.000000 0
93660 0.000000 0
93668 0.000000 0
93675 0.000000 0
93682 0.000000 0
93690 0.000000 0
93698 0.000000 0
93705 0.000000 0
93712 0.081104 0
93720 0.250178 0
93728 0.733817 0
93735 0.793254 0
93742 0.000000 0
93750 0.000000 0
93758 0.000000 0
93765 0.000000 0
93772 0.000000 0
93780 0.000000 0
93788 0.000000 0
93795 0.000000 0
93802 0.000000 0
93810 0.000000 0
93818 0.000000 0
93825 0.000000 0
93832 0.000000 0
93840 0.531263 0
93848 1.000000 0
93855 0.489133 0
93862 0.000000 0
93870 0.000000 0
93878 0.000000 0
93885 0.000000 0
93892 0.000000 0
93900 0.000000 0
93908 0.000000 0
93915 0.000000 0
93922 0.000000 0
93930 0.000000 0
93938 0.000000 0
93945 0.000000 0
93952 0.000000 0
93960 0.960819 0
93968 0.951596 0
93975 0.000000 0
93982 0.000000 0
93990 0.000000 0
93998 0.000000 0
94005 0.000000 0
94012 0.000000 0
94020 0.000000 0
94028 0.000000 0
94035 0.000000 0
94042 0.000000 0
94050 0.000000 0
94058 0.000000 0
94065 0.088040 0
94072 0.453998 0
94080 1.000000 0
94088 0.576148 0
94095 0.000000 0
94102 0.000000 0
94110 0.000000 0
94118 0.000000 0
94125 0.000000 0
94132 0.000000 0
94140 0.000000 0
94148 0.000000 0
94155 0.000000 0
94162 0.000000 0
94170 0.000000 0
94178 0.000000 0
94185 0.000000 0
94192 0.000000 0
94200 0.000000 0
94208 0.000000 0
94215 0.000000 0
94222 0.000000 0
94230 0.159972 0
94238 1.000000 0
94245 0.638452 0
94252 0.000000 0
94260 0.000000 0
94268 0.000000 0
94275 0.000000 0
94282 0.000000 0
94290 0.000000 0
94298 0.000000 0
94305 0.000000 0
94312 0.000000 0
94320 0.000000 0
94328 0.000000 0
94335 0.000000 0
94342 0.000000 0
94350 0.000000 0
94358 0.000000 0
94365 0.000000 0
94372 0.000000 0
94380 0.000000 0
94388 0.623617 0
94395 1.000000 0
94402 0.512332 0
94410 0.000000 0
94418 0.000000 0
94425 0.000000 0
94432 0.000000 0
94440 0.000000 0
94448 0.000000 0
94455 0.000000 0
94462 0.000000 0
94470 0.000000 0
94478 0.000000 0
94485 0.000000 0
94492 0.000000 0
94500 0.000000 0
94508 0.000000 0
94515 0.000000 0
94522 0.000000 0
94530 0.000000 0
94538 0.000000 0
94545 1.000000 0
94552 0.916174 0
94560 0.254199 0
94568 0.000000 0
94575 0.000000 0
94582 0.000000 0
94590 0.000000 0
94598 0.000000 0
94605 0.000000 0
94612 0.000000 0
94620 0.000000 0
94628 0.000000 0
94635 0.000000 0
94642 0.000000 0
94650 0.000000 0
94658 0.000000 0
94665 0.000000 0
94672 0.000000 0
94680 0.000000 0
94688 0.000000 0
94695 0.000000 0
94702 0.000000 0
94710 0.000000 0
94718 0.000000 0
94725 0.000000 0
94732 0.000000 0
94740 0.000000 0
94748 0.000000 0
94755 0.000000 0
94762 0.000000 0
94770 0.000000 0
94778 0.491824 0
94785 1.000000 0
94792 0.585135 0
94800 0.000000 0
94808 0.000000 0
94815 0.000000 0
94822 0.000000 0
94830 0.000000 0
94838 0.000000 0
94845 0.000000 0
94852 0.000000 0
94860 0.000000 0
94868 0.000000 0
94875 0.000000 0
94882 0.000000 0
94890 0.000000 0
94898 0.987830 0
94905 0.993512 0
94912 0.207311 0
94920 0.000000 0
94928 0.000000 0
94935 0.000000 0
94942 0.000000 0
94950 0.000000 0
94958 0.000000 0
94965 0.000000 0
94972 0.000000 0
94980 0.000000 0
94988 0.000000 0
94995 0.000000 0
95002 0.000000 0
95010 0.663483 0
95018 1.000000 0
95025 0.563188 0
95032 0.000000 0
95040 0.000000 0
95048 0.000000 0
95055 0.000000 0
95062 0.000000 0
95070 0.000000 0
95078 0.000000 0
95085 0.000000 0
95092 0.000000 0
95100 0.000000 0
95108 0.000000 0
95115 0.000000 0
95122 0.000000 0
95130 0.000000 0
95138 0.000000 0
95145 0.000000 0
95152 0.000000 0
95160 0.000000 0
95168 0.000000 0
95175 0.000000 0
95182 0.000000 0
95190 0.000000 0
95198 0.000000 0
95205 0.000000 0
95212 0.000000 0
95220 0.000000 0
95228 0.000000 0
95235 0.000000 0
95242 0.000000 0
95250 1.000000 0
95258 0.923814 0
95265 0.000000 0
95272 0.000000 0
95280 0.000000 0
95288 0.000000 0
95295 0.000000 0
95302 0.000000 0
95310 0.000000 0
95318 0.000000 0
95325 0.000000 0
95332 0.000000 0
95340 0.000000 0
95348 0.000000 0
95355 0.000000 0
95362 0.000000 0
95370 0.000000 0
95378 0.000000 0
95385 0.000000 0
95392 0.000000 0
95400 0.000000 0
95408 0.000000 0
95415 0.000000 0
95422 0.000000 0
95430 0.000000 0
95438 0.000000 0
95445 0.000000 0
95452 0.000000 0
95460 0.000000 0
95468 0.000000 0
95475 0.000000 0
95482 1.000000 0
95490 0.914201 0
95498 0.285959 0
95505 0.000000 0
95512 0.000000 0
95520 0.000000 0
95528 0.000000 0
95535 0.000000 0
95542 0.000000 0
95550 0.000000 0
95558 0.000000 0
95565 0.000000 0
95572 0.000000 0
95580 0.000000 0
95588 0.000000 0
95595 0.181563 0
95602 0.765252 0
95610 0.787128 0
95618 0.000000 0
95625 0.000000 0
95632 0.000000 0
95640 0.000000 0
95648 0.000000 0
95655 0.000000 0
95662 0.000000 0
95670 0.000000 0
95678 0.000000 0
95685 0.000000 0
95692 0.000000 0
95700 0.000000 0
95708 0.000000 0
95715 0.547191 0
95722 1.000000 0
95730 0.482995 0
95738 0.000000 0
95745 0.000000 0
95752 0.000000 0
95760 0.000000 0
95768 0.000000 0
95775 0.000000 0
95782 0.000000 0
95790 0.000000 0
95798 0.000000 0
95805 0.000000 0
95812 0.000000 0
95820 0.000000 0
95828 0.000000 0
95835 0.963678 0
95842 0.948554 0
95850 0.000000 0
95858 0.000000 0
95865 0.000000 0
95872 0.000000 0
95880 0.000000 0
95888 0.000000 0
95895 0.000000 0
95902 0.000000 0
95910 0.000000 0
95918 0.000000 0
95925 0.000000 0
95932 0.000000 0
95940 0.000000 0
95948 0.568910 0
95955 1.000000 0
95962 0.573451 0
95970 0.000000 0
95978 0.000000 0
95985 0.000000 0
95992 0.000000 0
96000 0.000000 0
96008 0.000000 0
96015 0.000000 0
96022 0.000000 0
96030 0.000000 0
96038 0.000000 0
96045 0.000000 0
96052 0.000000 0
96060 0.000000 0
96068 0.000000 0
96075 0.000000 0
96082 0.000000 0
96090 0.000000 0
96098 0.000000 0
96105 0.000000 0
96112 1.000000 0
96120 0.642669 0
96128 0.000000 0
96135 0.000000 0
96142 0.000000 0
96150 0.000000 0
96158 0.000000 0
96165 0.000000 0
96172 0.000000 0
96180 0.000000 0
96188 0.000000 0
96195 0.000000 0
96202 0.000000 0
96210 0.000000 0
96218 0.000000 0
96225 0.000000 0
96232 0.000000 0
96240 0.000000 0
96248 0.000000 0
96255 0.000000 0
96262 0.424488 0
96270 1.000000 0
96278 0.488028 0
96285 0.000000 0
96292 0.000000 0
96300 0.000000 0
96308 0.000000 0
96315 0.000000 0
96322 0.000000 0
96330 0.000000 0
96338 0.000000 0
96345 0.000000 0
96352 0.000000 0
96360 0.000000 0
96368 0.000000 0
96375 0.000000 0
96382 0.000000 0
96390 0.000000 0
96398 0.000000 0
96405 0.000000 0
96412 0.000000 0
96420 1.000000 0
96428 0.905647 0
96435 0.201370 0
96442 0.000000 0
96450 0.000000 0
96458 0.000000 0
96465 0.000000 0
96472 0.000000 0
96480 0.000000 0
96488 0.101126 0
96495 0.000000 0
96502 0.000000 0
96510 0.000000 0
96518 0.000000 0
96525 0.000000 0
96532 0.000000 0
96540 0.000000 0
96548 0.000000 0
96555 0.000000 0
96562 0.000000 0
96570 0.000000 0
96578 0.000000 0
96585 0.000000 0
96592 0.000000 0
96600 0.000000 0
96608 0.000000 0
96615 0.000000 0
96622 0.000000 0
96630 0.000000 0
96638 0.000000 0
96645 0.000000 0
96652 0.923850 0
96660 1.000000 0
96668 0.219788 0
96675 0.000000 0
96682 0.000000 0
96690 0.000000 0
96698 0.000000 0
96705 0.000000 0
96712 0.000000 0
96720 0.000000 0
96728 0.000000 0
96735 0.000000 0
96742 0.000000 0
96750 0.000000 0
96758 0.000000 0
96765 0.000000 0
96772 0.000000 0
96780 0.000000 0
96788 0.000000 0
96795 0.000000 0
96802 0.000000 0
96810 0.000000 0
96818 0.000000 0
96825 0.000000 0
96832 0.000000 0
96840 0.000000 0
96848 0.000000 0
96855 0.000000 0
96862 0.000000 0
96870 0.000000 0
96878 0.000000 0
96885 0.629592 0
96892 1.000000 0
96900 0.589185 0
96908 0.000000 0
96915 0.000000 0
96922 0.000000 0
96930 0.000000 0
96938 0.000000 0
96945 0.000000 0
96952 0.000000 0
96960 0.000000 0
96968 0.000000 0
96975 0.000000 0
96982 0.000000 0
96990 0.000000 0
96998 0.000000 0
97005 0.000000 0
97012 0.000000 0
97020 0.000000 0
97028 0.000000 0
97035 0.000000 0
97042 0.000000 0
97050 0.000000 0
97058 0.000000 0
97065 0.000000 0
97072 0.000000 0
97080 0.000000 0
97088 0.000000 0
97095 0.000000 0
97102 0.000000 0
97110 0.000000 0
97118 0.000000 0
97125 1.000000 0
97132 0.925864 0
97140 0.000000 0
97148 0.000000 0
97155 0.000000 0
97162 0.000000 0
97170 0.000000 0
97178 0.000000 0
97185 0.000000 0
97192 0.000000 0
97200 0.000000 0
97208 0.000000 0
97215 0.000000 0
97222 0.000000 0
97230 0.000000 0
97238 0.000000 0
97245 0.000000 0
97252 0.000000 0
97260 0.000000 0
97268 0.053091 0
97275 0.000000 0
97282 0.000000 0
97290 0.000000 0
97298 0.000000 0
97305 0.000000 0
97312 0.000000 0
97320 0.000000 0
97328 0.000000 0
97335 0.000000 0
97342 0.000000 0
97350 0.000000 0
97358 1.000000 0
97365 0.925251 0
97372 0.271327 0
97380 0.000000 0
97388 0.000000 0
97395 0.000000 0
97402 0.000000 0
97410 0.000000 0
97418 0.000000 0
97425 0.000000 0
97432 0.000000 0
97440 0.000000 0
97448 0.000000 0
97455 0.000000 0
97462 0.000000 0
97470 0.070969 0
97478 0.750711 0
97485 0.790507 0
97492 0.000000 0
97500 0.000000 0
97508 0.000000 0
97515 0.000000 0
97522 0.000000 0
97530 0.000000 0
97538 0.244307 0
97545 0.000000 0
97552 0.000000 0
97560 0.000000 0
97568 0.000000 0
97575 0.000000 0
97582 0.000000 0
97590 0.383018 0
97598 1.000000 0
97605 0.492210 0
97612 0.000000 0
97620 0.000000 0
97628 0.000000 0
97635 0.000000 0
97642 0.000000 0
97650 0.069502 0
97658 0.108793 0
97665 0.000000 0
97672 0.000000 0
97680 0.000000 0
97688 0.000000 0
97695 0.000000 0
97702 0.000000 0
97710 0.789302 0
97718 0.933362 0
97725 0.000000 0
97732 0.000000 0
97740 0.000000 0
97748 0.000000 0
97755 0.119186 0
97762 0.000000 0
97770 0.000000 0
97778 0.000000 0
97785 0.000000 0
97792 0.218734 0
97800 0.000000 0
97808 0.000000 0
97815 0.000000 0
97822 0.191451 0
97830 1.000000 0
97838 0.604446 0
97845 0.000000 0
97852 0.000000 0
97860 0.000000 0
97868 0.000000 0
97875 0.000000 0
97882 0.000000 0
97890 0.000000 0
97898 0.204338 0
97905 0.000000 0
97912 0.000000 0
97920 0.111847 0
97928 0.062858 0
97935 0.238598 0
97942 0.000000 0
97950 0.000000 0
97958 0.139035 0
97965 0.000000 0
97972 0.000000 0
97980 0.035656 0
97988 0.715417 0
97995 0.478290 0
98002 0.000000 0
98010 0.000000 0
98018 0.000000 0
98025 0.000000 0
98032 0.133079 0
98040 0.000000 0
98048 0.148056 0
98055 0.000000 0
98062 0.000000 0
98070 0.208918 0
98078 0.000000 0
98085 0.000000 0
98092 0.000000 0
98100 0.000000 0
98108 0.000000 0
98115 0.000000 0
98122 0.109121 0
98130 0.076115 0
98138 0.150019 0
98145 0.627726 0
98152 0.370234 0
98160 0.000000 0
98168 0.000000 0
98175 0.000000 0
98182 0.000000 0
98190 0.089931 0
98198 0.000000 0
98205 0.000000 0
98212 0.000000 0
98220 0.229876 0
98228 0.000000 0
98235 0.000000 0
98242 0.040175 0
98250 0.000000 0
98258 0.000000 0
98265 0.000000 0
98272 0.000000 0
98280 0.000000 0
98288 0.257108 0
98295 0.538555 0
98302 0.748745 0
98310 0.205751 0
98318 0.000000 0
98325 0.000000 0
98332 0.000000 0
98340 0.000000 0
98348 0.000000 0
98355 0.000000 0
98362 0.061555 0
98370 0.140356 0
98378 0.000000 0
98385 0.000000 0
98392 0.000000 0
98400 0.032851 0
98408 0.000000 0
98415 0.000000 0
98422 0.173229 0
98430 0.000000 0
98438 0.142540 0
98445 0.074706 0
98452 0.000000 0
98460 0.000000 0
98468 0.109732 0
98475 0.000000 0
98482 0.000000 0
98490 0.000000 0
98498 0.000000 0
98505 0.000000 0
98512 0.000000 0
98520 0.000000 0
98528 0.181872 0
98535 0.574930 0
98542 0.403476 0
98550 0.000000 0
98558 0.000000 0
98565 0.000000 0
98572 0.000000 0
98580 0.132188 0
98588 0.125204 0
98595 0.000000 0
98602 0.000000 0
98610 0.000000 0
98618 0.000000 0
98625 0.000000 0
98632 0.000000 0
98640 0.240000 0
98648 0.294923 0
98655 0.438423 0
98662 0.000000 0
98670 0.000000 0
98678 0.000000 0
98685 0.000000 0
98692 0.148601 0
98700 0.130380 0
98708 0.000000 0
98715 0.000000 0
98722 0.036108 0
98730 0.194637 0
98738 0.112097 0
98745 0.000000 0
98752 0.000000 0
98760 0.145511 0
98768 0.215538 0
98775 0.225711 0
98782 0.158782 0
98790 0.000000 0
98798 0.000000 0
98805 0.113157 0
98812 0.000000 0
98820 0.000000 0
98828 0.110079 0
98835 0.194065 0
98842 0.000000 0
98850 0.000000 0
98858 0.000000 0
98865 0.000000 0
98872 0.000000 0
98880 0.053152 0
98888 0.000000 0
98895 0.000000 0
98902 0.235443 0
98910 0.000000 0
98918 0.000000 0
98925 0.000000 0
98932 0.000000 0
98940 0.000000 0
98948 0.000000 0
98955 0.000000 0
98962 0.000000 0
98970 0.000000 0
98978 0.000000 0
98985 0.000000 0
98992 0.000000 0
99000 0.239445 0
99008 0.000000 0
99015 0.000000 0
99022 0.000000 0
99030 0.000000 0
99038 0.000000 0
99045 0.000000 0
99052 0.000000 0
99060 0.000000 0
99068 0.000000 0
99075 0.000000 0
99082 0.000000 0
99090 0.000000 0
99098 0.000000 0
99105 0.000000 0
99112 0.181753 0
99120 0.173041 0
99128 0.344294 0
99135 0.282241 0
99142 0.000000 0
99150 0.000000 0
99158 0.000000 0
99165 0.000000 0
99172 0.000000 0
99180 0.127138 0
99188 0.144561 0
99195 0.000000 0
99202 0.000000 0
99210 0.000000 0
99218 0.150815 0
99225 0.000000 0
99232 0.000000 0
99240 0.000000 0
99248 0.178290 0
99255 0.121314 0
99262 0.000000 0
99270 0.000000 0
99278 0.000000 0
99285 0.000000 0
99292 0.000000 0
99300 0.042241 0
99308 0.176610 0
99315 0.200552 0
99322 0.000000 0
99330 0.000000 0
99338 0.000000 0
99345 0.124532 0
99352 0.138842 0
99360 0.099960 0
99368 0.000000 0
99375 0.000000 0
99382 0.000000 0
99390 0.000000 0
99398 0.000000 0
99405 0.000000 0
99412 0.000000 0
99420 0.000000 0
99428 0.000000 0
99435 0.119324 0
99442 0.000000 0
99450 0.000000 0
99458 0.230488 0
99465 0.243381 0
99472 0.322248 0
99480 0.470995 0
99488 0.156357 0
99495 0.000000 0
99502 0.036344 0
99510 0.060103 0
99518 0.000000 0
99525 0.000000 0
99532 0.141592 0
99540 0.000000 0
99548 0.303616 0
99555 0.064802 0
99562 0.000000 0
99570 0.000000 0
99578 0.072433 0
99585 0.056963 0
99592 0.000000 0
99600 0.000000 0
99608 0.000000 0
99615 0.083439 0
99622 0.000000 0
99630 0.155039 0
99638 0.000000 0
99645 0.156970 0
99652 0.000000 0
99660 0.000000 0
99668 0.000000 0
99675 0.000000 0
99682 0.073586 0
99690 0.121443 0
99698 0.000000 0
99705 0.000000 0
99712 0.214542 0
99720 0.000000 0
99728 0.000000 0
99735 0.163840 0
99742 0.147041 0
99750 0.000000 0
99758 0.000000 0
99765 0.000000 0
99772 0.000000 0
99780 0.000000 0
99788 0.000000 0
99795 0.000000 0
99802 0.000000 0
99810 0.221515 0
99818 0.118132 0
99825 0.000000 0
99832 0.151877 0
99840 0.301807 0
99848 0.000000 0
99855 0.000000 0
99862 0.191424 0
99870 0.000000 0
99878 0.000000 0
99885 0.179719 0
99892 0.048997 0
99900 0.000000 0
99908 0.000000 0
99915 0.000000 0
99922 0.000000 0
99930 0.172015 0
99938 0.215150 0
99945 0.000000 0
99952 0.000000 0
99960 0.000000 0
99968 0.000000 0
99975 0.000000 0
99982 0.187036 0
99990 0.000000 0
99998 0.000000 0
100005 0.000000 0
100012 0.000000 0
100020 0.098141 0
100028 0.000000 0
100035 0.000000 0
100042 0.000000 0
100050 0.000000 0
100058 0.000000 0
100065 0.106642 0
100072 0.000000 0
100080 0.227220 0
100088 0.000000 0
100095 0.000000 0
100102 0.000000 0
100110 0.156189 0
100118 0.206215 0
100125 0.169265 0
100132 0.000000 0
100140 0.000000 0
100148 0.000000 0
100155 0.189609 0
100162 0.211863 0
100170 0.242446 0
100178 0.418870 0
100185 0.568859 0
100192 0.263316 0
100200 0.000000 0
100208 0.000000 0
100215 0.000000 0
100222 0.000000 0
100230 0.000000 0
100238 0.086544 0
100245 0.198340 0
100252 0.000000 0
100260 0.000000 0
100268 0.000000 0
100275 0.000000 0
100282 0.000000 0
100290 0.000000 0
100298 0.000000 0
100305 0.000000 0
100312 0.000000 0
100320 0.000000 0
100328 0.000000 0
100335 0.000000 0
100342 0.000000 0
100350 0.000000 0
100358 0.000000 0
100365 0.000000 0
100372 0.000000 0
100380 0.000000 0
100388 0.000000 0
100395 0.000000 0
100402 0.104970 0
100410 0.000000 0
100418 0.000000 0
100425 0.000000 0
100432 0.000000 0
100440 0.000000 0
100448 0.000000 0
100455 0.000000 0
100462 0.000000 0
100470 0.000000 0
100478 0.000000 0
100485 0.000000 0
100492 0.000000 0
100500 0.000000 0
100508 0.000000 0
100515 0.000000 0
100522 0.000000 0
100530 0.000000 0
100538 0.000000 0
100545 0.000000 0
100552 0.000000 0
100560 0.000000 0
100568 0.000000 0
100575 0.000000 0
100582 0.000000 0
100590 0.000000 0
100598 0.000000 0
100605 0.000000 0
100612 0.000000 0
100620 0.000000 0
100628 0.000000 0
100635 0.953210 0
100642 1.000000 0
100650 0.697720 0
100658 0.000000 0
100665 0.000000 0
100672 0.000000 0
100680 0.000000 0
100688 0.128415 0
100695 0.000000 0
100702 0.172474 0
100710 0.201606 0
100718 0.000000 0
100725 0.000000 0
100732 0.000000 0
100740 0.075881 0
100748 0.075499 0
100755 0.000000 0
100762 0.000000 0
100770 0.000000 0
100778 0.174195 0
100785 0.000000 0
100792 0.000000 0
100800 0.000000 0
100808 0.000000 0
100815 0.000000 0
100822 0.000000 0
100830 0.157719 0
100838 0.000000 0
100845 0.000000 0
100852 0.000000 0
100860 0.000000 0
100868 0.000000 0
100875 0.422224 0
100882 0.592978 0
100890 0.000000 0
100898 0.000000 0
100905 0.000000 0
100912 0.000000 0
100920 0.116966 0
100928 0.105180 0
100935 0.154381 0
100942 0.256205 0
100950 0.000000 0
100958 0.188299 0
100965 0.000000 0
100972 0.093868 0
100980 0.000000 0
100988 0.197109 0
100995 0.000000 0
101002 0.000000 0
101010 0.000000 0
101018 0.000000 0
101025 0.112116 0
101032 0.174439 0
101040 0.096004 0
101048 0.000000 0
101055 0.000000 0
101062 0.139519 0
101070 0.000000 0
101078 0.000000 0
101085 0.110355 0
101092 0.121643 0
101100 0.639925 0
101108 0.328377 0
101115 0.429454 0
101122 0.283045 0
101130 0.000000 0
101138 0.000000 0
101145 0.000000 0
101152 0.000000 0
101160 0.000000 0
101168 0.000000 0
101175 0.000000 0
101182 0.045890 0
101190 0.000000 0
101198 0.000000 0
101205 0.000000 0
101212 0.000000 0
101220 0.000000 0
101228 0.433750 0
101235 0.451898 0
101242 0.000000 0
101250 0.000000 0
101258 0.000000 0
101265 0.000000 0
101272 0.000000 0
101280 0.000000 0
101288 0.195510 0
101295 0.172161 0
101302 0.000000 0
101310 0.000000 0
101318 0.000000 0
101325 0.000000 0
101332 0.000000 0
101340 0.155372 0
101348 0.695081 0
101355 0.448534 0
101362 0.000000 0
101370 0.000000 0
101378 0.000000 0
101385 0.000000 0
101392 0.000000 0
101400 0.000000 0
101408 0.000000 0
101415 0.241441 0
101422 0.189998 0
101430 0.129262 0
101438 0.000000 0
101445 0.000000 0
101452 0.225441 0
101460 0.347054 0
101468 0.721844 0
101475 0.136533 0
101482 0.000000 0
101490 0.000000 0
101498 0.000000 0
101505 0.000000 0
101512 0.000000 0
101520 0.000000 0
101528 0.000000 0
101535 0.000000 0
101542 0.000000 0
101550 0.039436 0
101558 0.183153 0
101565 0.000000 0
101572 0.069124 0
101580 0.780761 0
101588 0.521406 0
101595 0.000000 0
101602 0.000000 0
101610 0.000000 0
101618 0.000000 0
101625 0.050602 0
101632 0.083630 0
101640 0.264274 0
101648 0.000000 0
101655 0.000000 0
101662 0.000000 0
101670 0.000000 0
101678 0.000000 0
101685 0.231503 0
101692 0.000000 0
101700 0.000000 0
101708 0.064419 0
101715 0.000000 0
101722 0.000000 0
101730 0.007907 0
101738 0.634017 0
101745 0.449041 0
101752 0.000000 0
101760 0.000000 0
101768 0.000000 0
101775 0.000000 0
101782 0.000000 0
101790 0.161922 0
101798 0.177788 0
101805 0.112638 0
101812 0.000000 0
101820 0.000000 0
101828 0.000000 0
101835 0.000000 0
101842 0.000000 0
101850 0.000000 0
101858 0.000000 0
101865 0.000000 0
101872 0.000000 0
101880 0.191190 0
101888 0.158448 0
101895 0.693025 0
101902 0.404010 0
101910 0.000000 0
101918 0.000000 0
101925 0.000000 0
101932 0.000000 0
101940 0.000000 0
101948 0.155490 0
101955 0.000000 0
101962 0.000000 0
101970 0.000000 0
101978 0.026812 0
101985 0.000000 0
101992 0.000000 0
102000 0.000000 0
102008 0.000000 0
102015 0.283673 0
102022 0.190685 0
102030 0.236812 0
102038 0.689123 0
102045 0.368002 0
102052 0.318608 0
102060 0.274281 0
102068 0.000000 0
102075 0.000000 0
102082 0.000000 0
102090 0.000000 0
102098 0.000000 0
102105 0.000000 0
102112 0.000000 0
102120 0.000000 0
102128 0.000000 0
102135 0.000000 0
102142 0.000000 0
102150 0.000000 0
102158 0.000000 0
102165 0.000000 0
102172 0.000000 0
102180 0.033806 0
102188 0.000000 0
102195 0.000000 0
102202 0.082921 0
102210 0.000000 0
102218 0.000000 0
102225 0.000000 0
102232 0.000000 0
102240 0.000000 0
102248 0.123013 0
102255 0.000000 0
102262 0.000000 0
102270 0.000000 0
102278 0.139307 0
102285 0.911184 0
102292 0.574309 0
102300 0.000000 0
102308 0.000000 0
102315 0.000000 0
102322 0.000000 0
102330 0.000000 0
102338 0.044730 0
102345 0.000000 0
102352 0.000000 0
102360 0.000000 0
102368 0.166084 0
102375 0.000000 0
102382 0.000000 0
102390 0.000000 0
102398 0.540224 0
102405 0.860913 0
102412 0.233853 0
102420 0.000000 0
102428 0.000000 0
102435 0.000000 0
102442 0.000000 0
102450 0.115253 0
102458 0.000000 0
102465 0.149990 0
102472 0.000000 0
102480 0.000000 0
102488 0.000000 0
102495 0.000000 0
102502 0.000000 0
102510 0.172257 0
102518 0.928999 0
102525 0.539910 0
102532 0.000000 0
102540 0.000000 0
102548 0.000000 0
102555 0.000000 0
102562 0.000000 0
102570 0.000000 0
102578 0.000000 0
102585 0.000000 0
102592 0.050990 0
102600 0.154260 0
102608 0.000000 0
102615 0.298103 0
102622 0.000000 0
102630 0.000000 0
102638 0.000000 0
102645 0.000000 0
102652 0.000000 0
102660 0.000000 0
102668 0.000000 0
102675 0.000000 0
102682 0.109798 0
102690 0.000000 0
102698 0.201739 0
102705 0.000000 0
102712 0.000000 0
102720 0.000000 0
102728 0.000000 0
102735 0.000000 0
102742 0.142530 0
102750 0.745910 0
102758 0.842236 0
102765 0.000000 0
102772 0.000000 0
102780 0.000000 0
102788 0.000000 0
102795 0.000000 0
102802 0.000000 0
102810 0.000000 0
102818 0.000000 0
102825 0.179553 0
102832 0.193645 0
102840 0.000000 0
102848 0.000000 0
102855 0.000000 0
102862 0.000000 0
102870 0.000000 0
102878 0.000000 0
102885 0.000000 0
102892 0.099451 0
102900 0.000000 0
102908 0.000000 0
102915 0.000000 0
102922 0.000000 0
102930 0.000000 0
102938 0.000000 0
102945 0.000000 0
102952 0.000000 0
102960 0.000000 0
102968 0.535196 0
102975 0.870425 0
102982 0.377203 0
102990 0.423002 0
102998 0.236019 0
103005 0.000000 0
103012 0.000000 0
103020 0.000000 0
103028 0.000000 0
103035 0.000000 0
103042 0.000000 0
103050 0.000000 0
103058 0.000000 0
103065 0.000000 0
103072 0.000000 0
103080 0.000000 0
103088 0.000000 0
103095 0.000000 0
103102 0.543153 0
103110 0.600089 0
103118 0.000000 0
103125 0.000000 0
103132 0.000000 0
103140 0.000000 0
103148 0.000000 0
103155 0.000000 0
103162 0.000000 0
103170 0.000000 0
103178 0.135867 0
103185 0.000000 0
103192 0.000000 0
103200 0.000000 0
103208 0.000000 0
103215 0.347091 0
103222 0.883545 0
103230 0.455190 0
103238 0.000000 0
103245 0.000000 0
103252 0.000000 0
103260 0.000000 0
103268 0.000000 0
103275 0.000000 0
103282 0.174827 0
103290 0.026601 0
103298 0.000000 0
103305 0.000000 0
103312 0.000000 0
103320 0.000000 0
103328 0.000000 0
103335 0.648558 0
103342 0.841852 0
103350 0.047397 0
103358 0.000000 0
103365 0.000000 0
103372 0.000000 0
103380 0.000000 0
103388 0.000000 0
103395 0.000000 0
103402 0.087910 0
103410 0.088459 0
103418 0.145685 0
103425 0.000000 0
103432 0.000000 0
103440 0.000000 0
103448 0.304021 0
103455 1.000000 0
103462 0.553760 0
103470 0.000000 0
103478 0.000000 0
103485 0.000000 0
103492 0.000000 0
103500 0.000000 0
103508 0.000000 0
103515 0.000000 0
103522 0.000000 0
103530 0.094108 0
103538 0.000000 0
103545 0.000000 0
103552 0.156386 0
103560 0.000000 0
103568 0.000000 0
103575 0.000000 0
103582 0.000000 0
103590 0.000000 0
103598 0.000000 0
103605 0.000000 0
103612 0.866724 0
103620 0.536227 0
103628 0.000000 0
103635 0.000000 0
103642 0.000000 0
103650 0.000000 0
103658 0.000000 0
103665 0.163369 0
103672 0.080106 0
103680 0.000000 0
103688 0.000000 0
103695 0.000000 0
103702 0.000000 0
103710 0.000000 0
103718 0.000000 0
103725 0.000000 0
103732 0.000000 0
103740 0.000000 0
103748 0.000000 0
103755 0.000000 0
103762 0.281892 0
103770 0.858596 0
103778 0.507774 0
103785 0.000000 0
103792 0.000000 0
103800 0.000000 0
103808 0.000000 0
103815 0.000000 0
103822 0.187299 0
103830 0.124212 0
103838 0.000000 0
103845 0.000000 0
103852 0.000000 0
103860 0.000000 0
103868 0.000000 0
103875 0.000000 0
103882 0.000000 0
103890 0.000000 0
103898 0.000000 0
103905 0.432204 0
103912 0.845014 0
103920 0.416047 0
103928 0.358810 0
103935 0.298595 0
103942 0.000000 0
103950 0.000000 0
103958 0.000000 0
103965 0.000000 0
103972 0.000000 0
103980 0.000000 0
103988 0.000000 0
103995 0.000000 0
104002 0.000000 0
104010 0.000000 0
104018 0.000000 0
104025 0.000000 0
104032 0.000000 0
104040 0.000000 0
104048 0.000000 0
104055 0.000000 0
104062 0.000000 0
104070 0.000000 0
104078 0.000000 0
104085 0.111406 0
104092 0.000000 0
104100 0.000000 0
104108 0.066175 0
104115 0.000000 0
104122 0.000000 0
104130 0.000000 0
104138 0.000000 0
104145 0.000000 0
104152 0.549647 0
104160 0.920877 0
104168 0.186125 0
104175 0.000000 0
104182 0.000000 0
104190 0.000000 0
104198 0.000000 0
104205 0.000000 0
104212 0.163156 0
104220 0.000000 0
104228 0.000000 0
104235 0.000000 0
104242 0.000000 0
104250 0.000000 0
104258 0.000000 0
104265 0.000000 0
104272 0.000000 0
104280 0.000000 0
104288 0.000000 0
104295 0.000000 0
104302 0.000000 0
104310 0.000000 0
104318 0.000000 0
104325 0.000000 0
104332 0.059353 0
104340 0.000000 0
104348 0.000000 0
104355 0.000000 0
104362 0.000000 0
104370 0.000000 0
104378 0.000000 0
104385 0.341654 0
104392 1.000000 0
104400 0.587884 0
104408 0.000000 0
104415 0.000000 0
104422 0.000000 0
104430 0.000000 0
104438 0.000000 0
104445 0.000000 0
104452 0.000000 0
104460 0.000000 0
104468 0.000000 0
104475 0.000000 0
104482 0.129734 0
104490 0.178062 0
104498 0.000000 0
104505 0.000000 0
104512 0.000000 0
104520 0.000000 0
104528 0.047905 0
104535 0.000000 0
104542 0.000000 0
104550 0.000000 0
104558 0.000000 0
104565 0.000000 0
104572 0.000000 0
104580 0.000000 0
104588 0.000000 0
104595 0.000000 0
104602 0.000000 0
104610 0.170516 0
104618 0.246507 0
104625 0.776437 0
104632 0.851315 0
104640 0.000000 0
104648 0.000000 0
104655 0.000000 0
104662 0.000000 0
104670 0.000000 0
104678 0.000000 0
104685 0.000000 0
104692 0.000000 0
104700 0.000000 0
104708 0.000000 0
104715 0.000000 0
104722 0.000000 0
104730 0.000000 0
104738 0.000000 0
104745 0.000000 0
104752 0.000000 0
104760 0.000000 0
104768 0.000000 0
104775 0.000000 0
104782 0.000000 0
104790 0.000000 0
104798 0.000000 0
104805 0.000000 0
104812 0.000000 0
104820 0.000000 0
104828 0.000000 0
104835 0.000000 0
104842 0.654984 0
104850 0.878750 0
104858 0.377121 0
104865 0.528375 0
104872 0.254351 0
104880 0.000000 0
104888 0.000000 0
104895 0.000000 0
104902 0.000000 0
104910 0.000000 0
104918 0.000000 0
104925 0.000000 0
104932 0.000000 0
104940 0.000000 0
104948 0.000000 0
104955 0.000000 0
104962 0.000000 0
104970 0.000000 0
104978 0.522580 0
104985 0.606464 0
104992 0.104271 0
105000 0.000000 0
105008 0.000000 0
105015 0.000000 0
105022 0.000000 0
105030 0.000000 0
105038 0.000000 0
105045 0.000000 0
105052 0.000000 0
105060 0.116174 0
105068 0.000000 0
105075 0.000000 0
105082 0.000000 0
105090 0.305791 0
105098 0.968805 0
105105 0.457099 0
105112 0.000000 0
105120 0.000000 0
105128 0.000000 0
105135 0.000000 0
105142 0.000000 0
105150 0.000000 0
105158 0.117287 0
105165 0.135174 0
105172 0.112443 0
105180 0.000000 0
105188 0.000000 0
105195 0.000000 0
105202 0.000000 0
105210 0.664750 0
105218 0.876889 0
105225 0.000000 0
105232 0.000000 0
105240 0.000000 0
105248 0.000000 0
105255 0.000000 0
105262 0.000000 0
105270 0.000000 0
105278 0.000000 0
105285 0.000000 0
105292 0.114055 0
105300 0.000000 0
105308 0.000000 0
105315 0.000000 0
105322 0.204159 0
105330 1.000000 0
105338 0.565165 0
105345 0.000000 0
105352 0.000000 0
105360 0.000000 0
105368 0.000000 0
105375 0.000000 0
105382 0.030798 0
105390 0.000000 0
105398 0.000000 0
105405 0.025230 0
105412 0.000000 0
105420 0.000000 0
105428 0.151598 0
105435 0.115134 0
105442 0.000000 0
105450 0.000000 0
105458 0.000000 0
105465 0.000000 0
105472 0.000000 0
105480 0.169970 0
105488 0.887249 0
105495 0.569039 0
105502 0.000000 0
105510 0.000000 0
105518 0.000000 0
105525 0.000000 0
105532 0.000000 0
105540 0.242666 0
105548 0.010637 0
105555 0.000000 0
105562 0.000000 0
105570 0.000000 0
105578 0.000000 0
105585 0.066208 0
105592 0.000000 0
105600 0.000000 0
105608 0.000000 0
105615 0.000000 0
105622 0.000000 0
105630 0.243970 0
105638 0.326173 0
105645 0.859689 0
105652 0.454938 0
105660 0.000000 0
105668 0.000000 0
105675 0.000000 0
105682 0.000000 0
105690 0.043567 0
105698 0.164810 0
105705 0.000000 0
105712 0.000000 0
105720 0.000000 0
105728 0.000000 0
105735 0.000000 0
105742 0.000000 0
105750 0.088989 0
105758 0.000000 0
105765 0.000000 0
105772 0.000000 0
105780 0.564264 0
105788 0.857972 0
105795 0.314143 0
105802 0.350967 0
105810 0.225675 0
105818 0.000000 0
105825 0.000000 0
105832 0.000000 0
105840 0.000000 0
105848 0.000000 0
105855 0.000000 0
105862 0.000000 0
105870 0.000000 0
105878 0.000000 0
105885 0.000000 0
105892 0.000000 0
105900 0.000000 0
105908 0.000000 0
105915 0.000000 0
105922 0.000000 0
105930 0.000000 0
105938 0.000000 0
105945 0.000000 0
105952 0.000000 0
105960 0.000000 0
105968 0.000000 0
105975 0.000000 0
105982 0.000000 0
105990 0.000000 0
105998 0.000000 0
106005 0.000000 0
106012 0.142070 0
106020 0.198695 0
106028 0.441278 0
106035 0.895756 0
106042 0.557825 0
106050 0.000000 0
106058 0.000000 0
106065 0.000000 0
106072 0.000000 0
106080 0.066197 0
106088 0.000000 0
106095 0.000000 0
106102 0.195491 0
106110 0.000000 0
106118 0.000000 0
106125 0.000000 0
106132 0.000000 0
106140 0.191992 0
106148 0.596676 0
106155 0.827621 0
106162 0.235563 0
106170 0.000000 0
106178 0.000000 0
106185 0.000000 0
106192 0.000000 0
106200 0.000000 0
106208 0.000000 0
106215 0.194866 0
106222 0.000000 0
106230 0.000000 0
106238 0.000000 0
106245 0.000000 0
106252 0.000000 0
106260 0.301567 0
106268 1.000000 0
106275 0.526163 0
106282 0.000000 0
106290 0.000000 0
106298 0.000000 0
106305 0.000000 0
106312 0.000000 0
106320 0.000000 0
106328 0.000000 0
106335 0.000000 0
106342 0.000000 0
106350 0.000000 0
106358 0.126594 0
106365 0.118592 0
106372 0.000000 0
106380 0.000000 0
106388 0.000000 0
106395 0.028310 0
106402 0.000000 0
106410 0.000000 0
106418 0.000000 0
106425 0.000000 0
106432 0.018462 0
106440 0.000000 0
106448 0.000000 0
106455 0.000000 0
106462 0.000000 0
106470 0.000000 0
106478 0.054792 0
106485 0.269880 0
106492 0.142100 0
106500 0.765173 0
106508 0.818860 0
106515 0.000000 0
106522 0.000000 0
106530 0.000000 0
106538 0.000000 0
106545 0.000000 0
106552 0.075765 0
106560 0.152388 0
106568 0.000000 0
106575 0.000000 0
106582 0.000000 0
106590 0.000000 0
106598 0.000000 0
106605 0.000000 0
106612 0.000000 0
106620 0.000000 0
106628 0.106917 0
106635 0.000000 0
106642 0.000000 0
106650 0.000000 0
106658 0.000000 0
106665 0.000000 0
106672 0.000000 0
106680 0.000000 0
106688 0.000000 0
106695 0.000000 0
106702 0.125598 0
106710 0.285663 0
106718 0.649032 0
106725 0.838985 0
106732 0.400265 0
106740 0.403351 0
106748 0.305439 0
106755 0.000000 0
106762 0.000000 0
106770 0.000000 0
106778 0.000000 0
106785 0.000000 0
106792 0.000000 0
106800 0.000000 0
106808 0.000000 0
106815 0.000000 0
106822 0.000000 0
106830 0.000000 0
106838 0.000000 0
106845 0.000000 0
106852 0.509200 0
106860 0.622896 0
106868 0.000000 0
106875 0.000000 0
106882 0.000000 0
106890 0.000000 0
106898 0.000000 0
106905 0.000000 0
106912 0.096221 0
106920 0.000000 0
106928 0.000000 0
106935 0.000000 0
106942 0.000000 0
106950 0.000000 0
106958 0.000000 0
106965 0.253638 0
106972 0.907085 0
106980 0.494000 0
106988 0.000000 0
106995 0.000000 0
107002 0.000000 0
107010 0.000000 0
107018 0.000000 0
107025 0.086795 0
107032 0.000000 0
107040 0.000000 0
107048 0.183038 0
107055 0.000000 0
107062 0.000000 0
107070 0.000000 0
107078 0.000000 0
107085 0.640065 0
107092 0.864479 0
107100 0.106686 0
107108 0.000000 0
107115 0.000000 0
107122 0.000000 0
107130 0.000000 0
107138 0.000000 0
107145 0.000000 0
107152 0.005070 0
107160 0.054851 0
107168 0.000000 0
107175 0.000000 0
107182 0.000000 0
107190 0.000000 0
107198 0.321812 0
107205 1.000000 0
107212 0.573684 0
107220 0.000000 0
107228 0.000000 0
107235 0.000000 0
107242 0.000000 0
107250 0.000000 0
107258 0.000000 0
107265 0.000000 0
107272 0.000000 0
107280 0.000000 0
107288 0.000000 0
107295 0.000000 0
107302 0.107507 0
107310 0.223627 0
107318 0.000000 0
107325 0.000000 0
107332 0.000000 0
107340 0.000000 0
107348 0.000000 0
107355 0.119790 0
107362 0.763674 0
107370 0.562141 0
107378 0.000000 0
107385 0.000000 0
107392 0.000000 0
107400 0.000000 0
107408 0.000000 0
107415 0.078298 0
107422 0.000000 0
107430 0.000000 0
107438 0.000000 0
107445 0.000000 0
107452 0.115431 0
107460 0.000000 0
107468 0.000000 0
107475 0.000000 0
107482 0.000000 0
107490 0.000000 0
107498 0.000000 0
107505 0.245148 0
107512 0.311029 0
107520 0.874510 0
107528 0.452843 0
107535 0.000000 0
107542 0.000000 0
107550 0.000000 0
107558 0.000000 0
107565 0.000000 0
107572 0.000000 0
107580 0.000000 0
107588 0.000000 0
107595 0.000000 0
107602 0.000000 0
107610 0.000000 0
107618 0.000000 0
107625 0.157786 0
107632 0.000000 0
107640 0.000000 0
107648 0.000000 0
107655 0.522706 0
107662 0.848449 0
107670 0.418376 0
107678 0.396449 0
107685 0.175394 0
107692 0.000000 0
107700 0.000000 0
107708 0.000000 0
107715 0.000000 0
107722 0.000000 0
107730 0.000000 0
107738 0.000000 0
107745 0.120866 0
107752 0.000000 0
107760 0.000000 0
107768 0.000000 0
107775 0.000000 0
107782 0.000000 0
107790 0.000000 0
107798 0.000000 0
107805 0.000000 0
107812 0.000000 0
107820 0.000000 0
107828 0.000000 0
107835 0.000000 0
107842 0.000000 0
107850 0.000000 0
107858 0.000000 0
107865 0.000000 0
107872 0.121932 0
107880 0.000000 0
107888 0.000000 0
107895 0.000000 0
107902 0.000000 0
107910 0.135781 0
107918 0.035003 0
107925 0.000000 0
107932 0.000000 0
107940 0.000000 0
107948 0.000000 0
107955 0.000000 0
107962 0.000000 0
107970 0.000000 0
107978 0.050513 0
107985 0.000000 0
107992 0.000000 0
108000 0.000000 0
108008 0.000000 0
108015 0.000000 0
108022 0.000000 0
108030 0.000000 0
108038 0.063268 0
108045 0.000000 0
108052 0.000000 0
108060 0.000000 0
108068 0.000000 0
108075 0.000000 0
108082 0.000000 0
108090 0.000000 0
108098 0.000000 0
108105 0.000000 0
108112 0.000000 0
108120 0.349074 0
108128 0.142730 0
108135 0.070866 0
108142 0.813594 0
108150 0.540850 0
108158 0.000000 0
108165 0.000000 0
108172 0.000000 0
108180 0.000000 0
108188 0.000000 0
108195 0.000000 0
108202 0.000000 0
108210 0.000000 0
108218 0.000000 0
108225 0.000000 0
108232 0.098309 0
108240 0.124619 0
108248 0.000000 0
108255 0.000000 0
108262 0.000000 0
108270 0.000000 0
108278 0.000000 0
108285 0.000000 0
108292 0.000000 0
108300 0.118059 0
108308 0.000000 0
108315 0.000000 0
108322 0.000000 0
108330 0.000000 0
108338 0.000000 0
108345 0.000000 0
108352 0.000000 0
108360 0.278904 0
108368 0.457872 0
108375 0.857627 0
108382 0.790349 0
108390 0.000000 0
108398 0.000000 0
108405 0.000000 0
108412 0.000000 0
108420 0.168309 0
108428 0.000000 0
108435 0.000000 0
108442 0.114931 0
108450 0.000000 0
108458 0.000000 0
108465 0.000000 0
108472 0.000000 0
108480 0.000000 0
108488 0.000000 0
108495 0.000000 0
108502 0.000000 0
108510 0.000000 0
108518 0.000000 0
108525 0.000000 0
108532 0.000000 0
108540 0.000000 0
108548 0.000000 0
108555 0.000000 0
108562 0.118118 0
108570 0.000000 0
108578 0.000000 0
108585 0.000000 0
108592 0.680961 0
108600 0.910796 0
108608 0.347101 0
108615 0.510501 0
108622 0.278882 0
108630 0.000000 0
108638 0.000000 0
108645 0.000000 0
108652 0.000000 0
108660 0.000000 0
108668 0.000000 0
108675 0.000000 0
108682 0.000000 0
108690 0.000000 0
108698 0.000000 0
108705 0.000000 0
108712 0.000000 0
108720 0.000000 0
108728 0.591540 0
108735 0.630698 0
108742 0.000000 0
108750 0.000000 0
108758 0.000000 0
108765 0.000000 0
108772 0.000000 0
108780 0.000000 0
108788 0.080384 0
108795 0.203519 0
108802 0.000000 0
108810 0.000000 0
108818 0.154287 0
108825 0.094894 0
108832 0.166597 0
108840 0.251186 0
108848 0.863652 0
108855 0.508896 0
108862 0.000000 0
108870 0.000000 0
108878 0.000000 0
108885 0.000000 0
108892 0.000000 0
108900 0.000000 0
108908 0.000000 0
108915 0.145172 0
108922 0.000000 0
108930 0.000000 0
108938 0.000000 0
108945 0.000000 0
108952 0.000000 0
108960 0.628952 0
108968 0.876557 0
108975 0.000000 0
108982 0.000000 0
108990 0.000000 0
108998 0.000000 0
109005 0.000000 0
109012 0.120255 0
109020 0.000000 0
109028 0.134564 0
109035 0.000000 0
109042 0.000000 0
109050 0.000000 0
109058 0.000000 0
109065 0.000000 0
109072 0.336426 0
109080 1.000000 0
109088 0.540997 0
109095 0.000000 0
109102 0.000000 0
109110 0.000000 0
109118 0.000000 0
109125 0.000000 0
109132 0.000000 0
109140 0.171577 0
109148 0.000000 0
109155 0.000000 0
109162 0.000000 0
109170 0.191574 0
109178 0.165887 0
109185 0.000000 0
109192 0.000000 0
109200 0.000000 0
109208 0.000000 0
109215 0.000000 0
109222 0.000000 0
109230 0.235846 0
109238 0.853087 0
109245 0.526573 0
109252 0.000000 0
109260 0.000000 0
109268 0.000000 0
109275 0.000000 0
109282 0.000000 0
109290 0.107507 0
109298 0.000000 0
109305 0.000000 0
109312 0.000000 0
109320 0.000000 0
109328 0.000000 0
109335 0.122727 0
109342 0.000000 0
109350 0.000000 0
109358 0.000000 0
109365 0.000000 0
109372 0.000000 0
109380 0.064870 0
109388 0.464013 0
109395 0.916350 0
109402 0.445539 0
109410 0.000000 0
109418 0.000000 0
109425 0.000000 0
109432 0.000000 0
109440 0.000000 0
109448 0.000000 0
109455 0.000000 0
109462 0.000000 0
109470 0.000000 0
109478 0.000000 0
109485 0.000000 0
109492 0.000000 0
109500 0.000000 0
109508 0.000000 0
109515 0.000000 0
109522 0.000000 0
109530 0.577955 0
109538 0.853086 0
109545 0.243121 0
109552 0.322742 0
109560 0.275034 0
109568 0.000000 0
109575 0.000000 0
109582 0.000000 0
109590 0.000000 0
109598 0.000000 0
109605 0.000000 0
109612 0.000000 0
109620 0.000000 0
109628 0.000000 0
109635 0.000000 0
109642 0.000000 0
109650 0.000000 0
109658 0.000000 0
109665 0.000000 0
109672 0.000000 0
109680 0.000000 0
109688 0.000000 0
109695 0.000000 0
109702 0.000000 0
109710 0.000000 0
109718 0.000000 0
109725 0.059766 0
109732 0.000000 0
109740 0.000000 0
109748 0.000000 0
109755 0.000000 0
109762 0.091088 0
109770 0.000000 0
109778 0.285662 0
109785 1.000000 0
109792 0.578361 0
109800 0.000000 0
109808 0.000000 0
109815 0.000000 0
109822 0.000000 0
109830 0.000000 0
109838 0.000000 0
109845 0.000000 0
109852 0.000000 0
109860 0.000000 0
109868 0.000000 0
109875 0.000000 0
109882 0.000000 0
109890 0.000000 0
109898 0.681468 0
109905 0.886491 0
109912 0.214415 0
109920 0.000000 0
109928 0.000000 0
109935 0.000000 0
109942 0.000000 0
109950 0.000000 0
109958 0.055050 0
109965 0.077541 0
109972 0.000000 0
109980 0.000000 0
109988 0.000000 0
109995 0.000000 0
110002 0.000000 0
110010 0.287006 0
110018 1.000000 0
110025 0.543205 0
110032 0.000000 0
110040 0.000000 0
110048 0.000000 0
110055 0.000000 0
110062 0.000000 0
110070 0.000000 0
110078 0.000000 0
110085 0.000000 0
110092 0.000000 0
110100 0.160638 0
110108 0.000000 0
110115 0.193043 0
110122 0.000000 0
110130 0.000000 0
110138 0.000000 0
110145 0.000000 0
110152 0.000000 0
110160 0.000000 0
110168 0.000000 0
110175 0.000000 0
110182 0.000000 0
110190 0.000000 0
110198 0.000000 0
110205 0.000000 0
110212 0.000000 0
110220 0.000000 0
110228 0.000000 0
110235 0.000000 0
110242 0.257405 0
110250 0.822325 0
110258 0.825757 0
110265 0.000000 0
110272 0.000000 0
110280 0.000000 0
110288 0.000000 0
110295 0.000000 0
110302 0.000000 0
110310 0.000000 0
110318 0.069776 0
110325 0.000000 0
110332 0.000000 0
110340 0.000000 0
110348 0.000000 0
110355 0.000000 0
110362 0.000000 0
110370 0.000000 0
110378 0.000000 0
110385 0.000000 0
110392 0.000000 0
110400 0.000000 0
110408 0.000000 0
110415 0.000000 0
110422 0.000000 0
110430 0.000000 0
110438 0.000000 0
110445 0.000000 0
110452 0.043451 0
110460 0.000000 0
110468 0.548517 0
110475 0.889864 0
110482 0.414331 0
110490 0.490748 0
110498 0.244184 0
110505 0.000000 0
110512 0.000000 0
110520 0.000000 0
110528 0.000000 0
110535 0.000000 0
110542 0.000000 0
110550 0.000000 0
110558 0.000000 0
110565 0.000000 0
110572 0.000000 0
110580 0.000000 0
110588 0.000000 0
110595 0.000000 0
110602 0.579382 0
110610 0.704871 0
110618 0.000000 0
110625 0.000000 0
110632 0.000000 0
110640 0.000000 0
110648 0.000000 0
110655 0.000000 0
110662 0.000000 0
110670 0.000000 0
110678 0.000000 0
110685 0.000000 0
110692 0.000000 0
110700 0.000000 0
110708 0.000000 0
110715 0.405374 0
110722 0.887708 0
110730 0.462497 0
110738 0.000000 0
110745 0.000000 0
110752 0.000000 0
110760 0.000000 0
110768 0.000000 0
110775 0.000000 0
110782 0.000000 0
110790 0.000000 0
110798 0.000000 0
110805 0.000000 0
110812 0.000000 0
110820 0.000000 0
110828 0.192758 0
110835 0.696908 0
110842 0.848966 0
110850 0.000000 0
110858 0.000000 0
110865 0.000000 0
110872 0.000000 0
110880 0.000000 0
110888 0.022298 0
110895 0.000000 0
110902 0.000000 0
110910 0.121359 0
110918 0.000000 0
110925 0.000000 0
110932 0.000000 0
110940 0.000000 0
110948 0.302288 0
110955 1.000000 0
110962 0.569471 0
110970 0.000000 0
110978 0.000000 0
110985 0.000000 0
110992 0.000000 0
111000 0.000000 0
111008 0.000000 0
111015 0.119758 0
111022 0.000000 0
111030 0.000000 0
111038 0.000000 0
111045 0.000000 0
111052 0.000000 0
111060 0.000000 0
111068 0.000000 0
111075 0.000000 0
111082 0.000000 0
111090 0.000000 0
111098 0.000000 0
111105 0.000000 0
111112 0.844831 0
111120 0.561863 0
111128 0.000000 0
111135 0.000000 0
111142 0.000000 0
111150 0.000000 0
111158 0.000000 0
111165 0.087296 0
111172 0.000000 0
111180 0.000000 0
111188 0.000000 0
111195 0.000000 0
111202 0.000000 0
111210 0.000000 0
111218 0.000000 0
111225 0.000000 0
111232 0.000000 0
111240 0.000000 0
111248 0.000000 0
111255 0.121046 0
111262 0.371976 0
111270 0.921301 0
111278 0.447739 0
111285 0.000000 0
111292 0.000000 0
111300 0.000000 0
111308 0.000000 0
111315 0.000000 0
111322 0.000000 0
111330 0.216508 0
111338 0.000000 0
111345 0.000000 0
111352 0.000000 0
111360 0.000000 0
111368 0.000000 0
111375 0.000000 0
111382 0.000000 0
111390 0.000000 0
111398 0.000000 0
111405 0.606569 0
111412 0.929899 0
111420 0.361520 0
111428 0.393945 0
111435 0.266993 0
111442 0.000000 0
111450 0.000000 0
111458 0.000000 0
111465 0.000000 0
111472 0.000000 0
111480 0.000000 0
111488 0.000000 0
111495 0.000000 0
111502 0.000000 0
111510 0.000000 0
111518 0.000000 0
111525 0.000000 0
111532 0.000000 0
111540 0.000000 0
111548 0.000000 0
111555 0.000000 0
111562 0.000000 0
111570 0.000000 0
111578 0.000000 0
111585 0.000000 0
111592 0.000000 0
111600 0.000000 0
111608 0.000000 0
111615 0.000000 0
111622 0.000000 0
111630 0.000000 0
111638 0.149913 0
111645 0.329493 0
111652 0.547353 0
111660 0.917871 0
111668 0.208095 0
111675 0.000000 0
111682 0.000000 0
111690 0.000000 0
111698 0.000000 0
111705 0.073836 0
111712 0.000000 0
111720 0.134178 0
111728 0.230010 0
111735 0.000000 0
111742 0.000000 0
111750 0.000000 0
111758 0.000000 0
111765 0.000000 0
111772 0.000000 0
111780 0.000000 0
111788 0.000000 0
111795 0.000000 0
111802 0.000000 0
111810 0.000000 0
111818 0.000000 0
111825 0.000000 0
111832 0.000000 0
111840 0.000000 0
111848 0.000000 0
111855 0.000000 0
111862 0.000000 0
111870 0.000000 0
111878 0.000000 0
111885 0.379178 0
111892 1.000000 0
111900 0.577858 0
111908 0.000000 0
111915 0.000000 0
111922 0.000000 0
111930 0.000000 0
111938 0.000000 0
111945 0.000000 0
111952 0.000000 0
111960 0.000000 0
111968 0.000000 0
111975 0.000000 0
111982 0.000000 0
111990 0.087608 0
111998 0.000000 0
112005 0.000000 0
112012 0.000000 0
112020 0.000000 0
112028 0.000000 0
112035 0.000000 0
112042 0.000000 0
112050 0.000000 0
112058 0.000000 0
112065 0.000000 0
112072 0.000000 0
112080 0.000000 0
112088 0.000000 0
112095 0.000000 0
112102 0.000000 0
112110 0.244592 0
112118 0.189508 0
112125 0.815018 0
112132 0.853789 0
112140 0.000000 0
112148 0.000000 0
112155 0.000000 0
112162 0.000000 0
112170 0.000000 0
112178 0.000000 0
112185 0.000000 0
112192 0.105484 0
112200 0.000000 0
112208 0.000000 0
112215 0.000000 0
112222 0.123807 0
112230 0.000000 0
112238 0.000000 0
112245 0.000000 0
112252 0.000000 0
112260 0.000000 0
112268 0.000000 0
112275 0.000000 0
112282 0.000000 0
112290 0.000000 0
112298 0.000000 0
112305 0.000000 0
112312 0.023864 0
112320 0.000000 0
112328 0.000000 0
112335 0.000000 0
112342 0.635143 0
112350 0.895368 0
112358 0.391798 0
112365 0.474039 0
112372 0.276314 0
112380 0.000000 0
112388 0.000000 0
112395 0.000000 0
112402 0.000000 0
112410 0.000000 0
112418 0.000000 0
112425 0.000000 0
112432 0.000000 0
112440 0.000000 0
112448 0.000000 0
112455 0.000000 0
112462 0.000000 0
112470 0.000000 0
112478 0.486512 0
112485 0.592382 0
112492 0.000000 0
112500 0.000000 0
112508 0.000000 0
112515 0.000000 0
112522 0.000000 0
112530 0.000000 0
112538 0.000000 0
112545 0.000000 0
112552 0.000000 0
112560 0.000000 0
112568 0.000000 0
112575 0.000000 0
112582 0.001522 0
112590 0.403286 0
112598 0.949746 0
112605 0.477592 0
112612 0.000000 0
112620 0.000000 0
112628 0.000000 0
112635 0.000000 0
112642 0.000000 0
112650 0.000000 0
112658 0.254726 0
112665 0.000000 0
112672 0.000000 0
112680 0.000000 0
112688 0.000000 0
112695 0.000000 0
112702 0.000000 0
112710 0.753025 0
112718 0.875686 0
112725 0.000000 0
112732 0.000000 0
112740 0.000000 0
112748 0.000000 0
112755 0.000000 0
112762 0.000000 0
112770 0.000000 0
112778 0.000000 0
112785 0.000000 0
112792 0.000000 0
112800 0.000000 0
112808 0.000000 0
112815 0.000000 0
112822 0.350494 0
112830 1.000000 0
112838 0.544154 0
112845 0.000000 0
112852 0.000000 0
112860 0.000000 0
112868 0.000000 0
112875 0.000000 0
112882 0.000000 0
112890 0.000000 0
112898 0.000000 0
112905 0.078279 0
112912 0.000000 0
112920 0.000000 0
112928 0.238559 0
112935 0.139875 0
112942 0.000000 0
112950 0.000000 0
112958 0.122637 0
112965 0.000000 0
112972 0.000000 0
112980 0.171687 0
112988 0.817835 0
112995 0.568925 0
113002 0.000000 0
113010 0.000000 0
113018 0.000000 0
113025 0.000000 0
113032 0.000000 0
113040 0.000000 0
113048 0.087268 0
113055 0.000000 0
113062 0.000000 0
113070 0.105903 0
113078 0.000000 0
113085 0.000000 0
113092 0.000000 0
113100 0.000000 0
113108 0.000000 0
113115 0.000000 0
113122 0.000000 0
113130 0.226344 0
113138 0.271325 0
113145 0.803007 0
113152 0.448036 0
113160 0.000000 0
113168 0.000000 0
113175 0.000000 0
113182 0.000000 0
113190 0.000000 0
113198 0.000000 0
113205 0.153037 0
113212 0.000000 0
113220 0.000000 0
113228 0.000000 0
113235 0.000000 0
113242 0.000000 0
113250 0.000000 0
113258 0.000000 0
113265 0.000000 0
113272 0.000000 0
113280 0.602154 0
113288 0.914767 0
113295 0.309188 0
113302 0.253103 0
113310 0.258295 0
113318 0.000000 0
113325 0.000000 0
113332 0.000000 0
113340 0.000000 0
113348 0.000000 0
113355 0.000000 0
113362 0.000000 0
113370 0.000000 0
113378 0.000000 0
113385 0.000000 0
113392 0.000000 0
113400 0.000000 0
113408 0.000000 0
113415 0.000000 0
113422 0.224591 0
113430 0.000000 0
113438 0.000000 0
113445 0.000000 0
113452 0.000000 0
113460 0.000000 0
113468 0.000000 0
113475 0.000000 0
113482 0.000000 0
113490 0.000000 0
113498 0.000000 0
113505 0.000000 0
113512 0.000000 0
113520 0.165074 0
113528 0.366564 0
113535 0.924951 0
113542 0.567862 0
113550 0.000000 0
113558 0.000000 0
113565 0.000000 0
113572 0.000000 0
113580 0.000000 0
113588 0.000000 0
113595 0.000000 0
113602 0.000000 0
113610 0.000000 0
113618 0.000000 0
113625 0.000000 0
113632 0.000000 0
113640 0.263909 0
113648 0.618795 0
113655 0.786814 0
113662 0.255497 0
113670 0.000000 0
113678 0.000000 0
113685 0.000000 0
113692 0.000000 0
113700 0.000000 0
113708 0.000000 0
113715 0.000000 0
113722 0.000000 0
113730 0.129276 0
113738 0.000000 0
113745 0.000000 0
113752 0.000000 0
113760 0.000000 0
113768 0.446354 0
113775 0.844532 0
113782 0.534223 0
113790 0.173712 0
113798 0.000000 0
113805 0.000000 0
113812 0.000000 0
113820 0.000000 0
113828 0.024326 0
113835 0.000000 0
113842 0.124155 0
113850 0.000000 0
113858 0.000000 0
113865 0.000000 0
113872 0.000000 0
113880 0.000000 0
113888 0.000000 0
113895 0.116281 0
113902 0.000000 0
113910 0.000000 0
113918 0.000000 0
113925 0.000000 0
113932 0.000000 0
113940 0.000000 0
113948 0.000000 0
113955 0.000000 0
113962 0.133353 0
113970 0.000000 0
113978 0.000000 0
113985 0.000000 0
113992 0.000000 0
114000 0.000000 0
114008 0.068645 0
114015 0.000000 0
114022 0.000000 0
114030 0.000000 0
114038 0.000000 0
114045 0.000000 0
114052 0.000000 0
114060 0.000000 0
114068 0.000000 0
114075 0.000000 0
114082 0.000000 0
114090 0.000000 0
114098 0.000000 0
114105 0.000000 0
114112 0.000000 0
114120 0.602919 0
114128 0.786428 0
114135 0.449338 0
114142 0.000000 0
114150 0.000000 0
114158 0.000000 0
114165 0.000000 0
114172 0.000000 0
114180 0.000000 0
114188 0.000000 0
114195 0.116561 0
114202 0.000000 0
114210 0.000000 0
114218 0.000000 0
114225 0.164962 0
114232 0.154794 0
114240 0.000000 0
114248 0.000000 0
114255 0.000000 0
114262 0.078948 0
114270 0.000000 0
114278 0.000000 0
114285 0.000000 0
114292 0.000000 0
114300 0.031157 0
114308 0.000000 0
114315 0.000000 0
114322 0.000000 0
114330 0.221186 0
114338 0.000000 0
114345 0.000000 0
114352 0.000000 0
114360 0.000000 0
114368 0.000000 0
114375 0.000000 0
114382 0.000000 0
114390 0.000000 0
114398 0.000000 0
114405 0.000000 0
114412 0.000000 0
114420 0.000000 0
114428 0.000000 0
114435 0.000000 0
114442 0.000000 0
114450 0.000000 0
114458 0.000000 0
114465 0.130395 0
114472 0.524684 0
114480 0.785421 0
114488 0.530114 0
114495 0.000000 0
114502 0.000000 0
114510 0.000000 0
114518 0.000000 0
114525 0.000000 0
114532 0.000000 0
114540 0.000000 0
114548 0.000000 0
114555 0.000000 0
114562 0.061641 0
114570 0.082694 0
114578 0.000000 0
114585 0.234896 0
114592 0.000000 0
114600 0.000000 0
114608 0.000000 0
114615 0.273951 0
114622 0.000000 0
114630 0.000000 0
114638 0.000000 0
114645 0.000000 0
114652 0.000000 0
114660 0.118022 0
114668 0.000000 0
114675 0.000000 0
114682 0.000000 0
114690 0.141508 0
114698 0.000000 0
114705 0.063020 0
114712 0.151159 0
114720 0.210033 0
114728 0.000000 0
114735 0.000000 0
114742 0.149473 0
114750 0.161745 0
114758 0.000000 0
114765 0.000000 0
114772 0.000000 0
114780 0.000000 0
114788 0.000000 0
114795 0.000000 0
114802 0.000000 0
114810 0.000000 0
114818 0.000000 0
114825 0.101170 0
114832 0.000000 0
114840 0.000000 0
114848 0.225799 0
114855 0.000000 0
114862 0.000000 0
114870 0.000000 0
114878 0.000000 0
114885 0.000000 0
114892 0.000000 0
114900 0.286535 0
114908 0.129675 0
114915 0.000000 0
114922 0.000000 0
114930 0.000000 0
114938 0.139867 0
114945 0.223695 0
114952 0.000000 0
114960 0.000000 0
114968 0.000000 0
114975 0.000000 0
114982 0.000000 0
114990 0.000000 0
114998 0.000000 0
115005 0.023898 0
115012 0.110051 0
115020 0.000000 0
115028 0.000000 0
115035 0.000000 0
115042 0.194933 0
115050 0.130663 0
115058 0.000000 0
115065 0.000000 0
115072 0.000000 0
115080 0.204652 0
115088 0.216995 0
115095 0.000000 0
115102 0.000000 0
115110 0.154126 0
115118 0.102933 0
115125 0.000000 0
115132 0.000000 0
115140 0.000000 0
115148 0.213278 0
115155 0.166292 0
115162 0.221444 0
115170 0.119883 0
115178 0.253350 0
115185 0.292839 0
115192 0.101623 0
115200 0.000000 0
115208 0.000000 0
115215 0.000000 0
115222 0.289031 0
115230 0.000000 0
115238 0.000000 0
115245 0.000000 0
115252 0.000000 0
115260 0.135265 0
115268 0.303598 0
115275 0.000000 0
115282 0.000000 0
115290 0.000000 0
115298 0.132202 0
115305 0.154220 0
115312 0.000000 0
115320 0.237525 0
115328 0.222109 0
115335 0.000000 0
115342 0.000000 0
115350 0.092076 0
115358 0.000000 0
115365 0.158045 0
115372 0.228028 0
115380 0.000000 0
115388 0.000000 0
115395 0.207127 0
115402 0.031938 0
115410 0.135473 0
115418 0.099025 0
115425 0.000000 0
115432 0.222671 0
115440 0.000000 0
115448 0.000000 0
115455 0.215747 0
115462 0.051467 0
115470 0.000000 0
115478 0.120917 0
115485 0.000000 0
115492 0.218296 0
115500 0.000000 0
115508 0.150588 0
115515 0.143975 0
115522 0.000000 0
115530 0.000000 0
115538 0.000000 0
115545 0.000000 0
115552 0.018024 0
115560 0.000000 0
115568 0.134787 0
115575 0.087359 0
115582 0.000000 0
115590 0.000000 0
115598 0.203506 0
115605 0.281655 0
115612 0.000000 0
115620 0.000000 0
115628 0.000000 0
115635 0.124230 0
115642 0.410305 0
115650 0.493299 0
115658 0.000000 0
115665 0.000000 0
115672 0.000000 0
115680 0.000000 0
115688 0.000000 0
115695 0.210546 0
115702 0.171236 0
115710 0.000000 0
115718 0.000000 0
115725 0.208661 0
115732 0.222562 0
115740 0.000000 0
115748 0.116543 0
115755 0.137287 0
115762 0.100048 0
115770 0.067209 0
115778 0.000000 0
115785 0.103062 0
115792 0.000000 0
115800 0.096369 0
115808 0.044460 0
115815 0.000000 0
115822 0.138127 0
115830 0.000000 0
115838 0.000000 0
115845 0.000000 0
115852 0.128882 0
115860 0.150042 0
115868 0.000000 0
115875 0.000000 0
115882 0.136685 0
115890 0.079120 0
115898 0.000000 0
115905 0.000000 0
115912 0.057228 0
115920 0.000000 0
115928 0.117379 0
115935 0.149112 0
115942 0.158586 0
115950 0.132613 0
115958 0.000000 0
115965 0.096822 0
115972 0.022894 0
115980 0.000000 0
115988 0.177639 0
115995 0.000000 0
116002 0.070144 0
116010 0.000000 0
116018 0.000000 0
116025 0.269318 0
116032 0.150748 0
116040 0.000000 0
116048 0.000000 0
116055 0.000000 0
116062 0.000000 0
116070 0.163246 0
116078 0.136571 0
116085 0.000000 0
116092 0.000000 0
116100 0.000000 0
116108 0.000000 0
116115 0.169360 0
116122 0.157251 0
116130 0.000000 0
116138 0.000000 0
116145 0.075157 0
116152 0.174809 0
116160 0.098021 0
116168 0.000000 0
116175 0.125967 0
116182 0.000000 0
116190 0.061853 0
116198 0.133256 0
116205 0.051205 0
116212 0.000000 0
116220 0.000000 0
116228 0.000000 0
116235 0.000000 0
116242 0.141613 0
116250 0.000000 0
116258 0.175865 0
116265 0.187531 0
116272 0.000000 0
116280 0.058660 0
116288 0.000000 0
116295 0.000000 0
116302 0.000000 0
116310 0.158868 0
116318 0.122268 0
116325 0.048929 0
116332 0.000000 0
116340 0.266225 0
116348 0.091909 0
116355 0.132425 0
116362 0.109911 0
116370 0.000000 0
116378 0.103444 0
116385 0.115469 0
116392 0.133515 0
116400 0.000000 0
116408 0.000000 0
116415 0.000000 0
116422 0.015126 0
116430 0.132280 0
116438 0.000000 0
116445 0.000000 0
116452 0.200314 0
116460 0.090589 0
116468 0.057502 0
116475 0.204288 0
116482 0.000000 0
116490 0.000000 0
116498 0.000000 0
116505 0.000000 0
116512 0.000000 0
116520 0.272089 0
116528 0.000000 0
116535 0.000000 0
116542 0.000000 0
116550 0.131062 0
116558 0.285338 0
116565 0.058636 0
116572 0.000000 0
116580 0.134543 0
116588 0.000000 0
116595 0.000000 0
116602 0.181688 0
116610 0.131229 0
116618 0.000000 0
116625 0.189461 0
116632 0.218705 0
116640 0.120626 0
116648 0.000000 0
116655 0.000000 0
116662 0.173194 0
116670 0.000000 0
116678 0.000000 0
116685 0.133971 0
116692 0.000000 0
116700 0.000000 0
116708 0.203459 0
116715 0.093493 0
116722 0.000000 0
116730 0.081040 0
116738 0.000000 0
116745 0.167701 0
116752 0.000000 0
116760 0.000000 0
116768 0.233938 0
116775 0.000000 0
116782 0.000000 0
116790 0.000000 0
116798 0.069428 0
116805 0.153012 0
116812 0.000000 0
116820 0.000000 0
116828 0.185409 0
116835 0.000000 0
116842 0.000000 0
116850 0.000000 0
116858 0.114817 0
116865 0.047822 0
116872 0.156497 0
116880 0.000000 0
116888 0.139565 0
116895 0.156613 0
116902 0.000000 0
116910 0.137057 0
116918 0.192135 0
116925 0.019390 0
116932 0.113788 0
116940 0.000000 0
116948 0.000000 0
116955 0.000000 0
116962 0.223599 0
116970 0.000000 0
116978 0.000000 0
116985 0.058981 0
116992 0.000000 0
117000 0.123377 0
117008 0.205570 0
117015 0.000000 0
117022 0.000000 0
117030 0.000000 0
117038 0.110098 0
117045 0.000000 0
117052 0.082279 0
117060 0.000000 0
117068 0.000000 0
117075 0.187335 0
117082 0.000000 0
117090 0.213367 0
117098 0.000000 0
117105 0.000000 0
117112 0.072924 0
117120 0.000000 0
117128 0.102409 0
117135 0.202047 0
117142 0.094660 0
117150 0.000000 0
117158 0.000000 0
117165 0.136353 0
117172 0.142312 0
117180 0.000000 0
117188 0.150635 0
117195 0.076653 0
117202 0.000000 0
117210 0.071326 0
117218 0.000000 0
117225 0.000000 0
117232 0.000000 0
117240 0.239845 0
117248 0.144283 0
117255 0.000000 0
117262 0.000000 0
117270 0.131002 0
117278 0.255889 0
117285 0.172408 0
117292 0.000000 0
117300 0.200124 0
117308 0.000000 0
117315 0.099976 0
117322 0.248374 0
117330 0.000000 0
117338 0.000000 0
117345 0.000000 0
117352 0.000000 0
117360 0.200356 0
117368 0.064837 0
117375 0.000000 0
117382 0.049258 0
117390 0.000000 0
117398 0.000000 0
117405 0.233799 0
117412 0.235141 0
117420 0.089263 0
117428 0.000000 0
117435 0.000000 0
117442 0.000000 0
117450 0.000000 0
117458 0.034605 0
117465 0.193634 0
117472 0.000000 0
117480 0.000000 0
117488 0.027786 0
117495 0.000000 0
117502 0.000000 0
117510 0.000000 0
117518 0.164624 0
117525 0.000000 0
117532 0.000000 0
117540 0.000000 0
117548 0.124618 0
117555 0.101029 0
117562 0.123519 0
117570 0.146348 0
117578 0.000000 0
117585 0.000000 0
117592 0.237287 0
117600 0.000000 0
117608 0.000000 0
117615 0.000000 0
117622 0.000000 0
117630 0.138744 0
117638 0.136843 0
117645 0.000000 0
117652 0.000000 0
117660 0.081955 0
117668 0.054278 0
117675 0.000000 0
117682 0.000000 0
117690 0.172114 0
117698 0.090965 0
117705 0.000000 0
117712 0.000000 0
117720 0.000000 0
117728 0.000000 0
117735 0.193157 0
117742 0.212904 0
117750 0.000000 0
117758 0.000000 0
117765 0.099870 0
117772 0.000000 0
117780 0.227697 0
117788 0.000000 0
117795 0.000000 0
117802 0.187804 0
117810 0.000000 0
117818 0.061969 0
117825 0.000000 0
117832 0.000000 0
117840 0.000000 0
117848 0.000000 0
117855 0.099684 0
117862 0.074410 0
117870 0.098599 0
117878 0.000000 0
117885 0.140170 0
117892 0.000000 0
117900 0.000000 0
117908 0.199885 0
117915 0.000000 0
117922 0.177588 0
117930 0.000000 0
117938 0.000000 0
117945 0.000000 0
117952 0.000000 0
117960 0.000000 0
117968 0.000000 0
117975 0.105556 0
117982 0.124109 0
117990 0.000000 0
117998 0.000000 0
118005 0.175560 0
118012 0.030406 0
118020 0.230437 0
118028 0.000000 0
118035 0.000000 0
118042 0.000000 0
118050 0.000000 0
118058 0.114881 0
118065 0.000000 0
118072 0.000000 0
118080 0.000000 0
118088 0.000000 0
118095 0.000000 0
118102 0.000000 0
118110 0.078748 0
118118 0.235503 0
118125 0.000000 0
118132 0.101182 0
118140 0.000000 0
118148 0.160429 0
118155 0.130655 0
118162 0.000000 0
118170 0.078004 0
118178 0.222605 0
118185 0.087040 0
118192 0.000000 0
118200 0.073608 0
118208 0.000000 0
118215 0.000000 0
118222 0.000000 0
118230 0.000000 0
118238 0.000000 0
118245 0.000000 0
118252 0.130518 0
118260 0.237738 0
118268 0.000000 0
118275 0.000000 0
118282 0.000000 0
118290 0.000000 0
118298 0.000000 0
118305 0.237737 0
118312 0.157606 0
118320 0.000000 0
118328 0.000000 0
118335 0.000000 0
118342 0.000000 0
118350 0.000000 0
118358 0.167134 0
118365 0.072252 0
118372 0.000000 0
118380 0.151032 0
118388 0.081210 0
118395 0.000000 0
118402 0.192982 0
118410 0.163140 0
118418 0.000000 0
118425 0.000000 0
118432 0.000000 0
118440 0.077244 0
118448 0.000000 0
118455 0.000000 0
118462 0.000000 0
118470 0.000000 0
118478 0.221406 0
118485 0.127092 0
118492 0.125649 0
118500 0.000000 0
118508 0.000000 0
118515 0.000000 0
118522 0.197170 0
118530 0.000000 0
118538 0.000000 0
118545 0.000000 0
118552 0.000000 0
118560 0.000000 0
118568 0.193597 0
118575 0.000000 0
118582 0.171973 0
118590 0.245132 0
118598 0.000000 0
118605 0.000000 0
118612 0.000000 0
118620 0.000000 0
118628 0.000000 0
118635 0.034743 0
118642 0.063809 0
118650 0.000000 0
118658 0.000000 0
118665 0.157193 0
118672 0.024948 0
118680 0.178138 0
118688 0.072517 0
118695 0.000000 0
118702 0.221748 0
118710 0.000000 0
118718 0.000000 0
118725 0.000000 0
118732 0.000000 0
118740 0.205368 0
118748 0.000000 0
118755 0.000000 0
118762 0.000000 0
118770 0.151574 0
118778 0.000000 0
118785 0.025958 0
118792 0.102340 0
118800 0.000000 0
118808 0.170139 0
118815 0.000000 0
118822 0.195707 0
118830 0.165579 0
118838 0.085770 0
118845 0.110881 0
118852 0.079565 0
118860 0.000000 0
118868 0.191633 0
118875 0.242180 0
118882 0.183497 0
118890 0.000000 0
118898 0.000000 0
118905 0.000000 0
118912 0.052042 0
118920 0.000000 0
118928 0.106028 0
118935 0.258039 0
118942 0.265728 0
118950 0.204636 0
118958 0.111216 0
118965 0.242661 0
118972 0.000000 0
118980 0.000000 0
118988 0.249314 0
118995 0.000000 0
119002 0.000000 0
119010 0.173252 0
119018 0.000000 0
119025 0.173289 0
119032 0.267299 0
119040 0.174141 0
119048 0.000000 0
119055 0.000000 0
119062 0.080174 0
119070 0.187592 0
119078 0.309014 0
119085 0.045778 0
119092 0.000000 0
119100 0.191206 0
119108 0.157613 0
119115 0.164231 0
119122 0.226303 0
119130 0.117108 0
119138 0.159657 0
119145 0.000000 0
119152 0.000000 0
119160 0.079869 0
119168 0.244302 0
119175 0.153900 0
119182 0.000000 0
119190 0.220402 0
119198 0.209306 0
119205 0.000000 0
119212 0.225752 0
119220 0.000000 0
119228 0.248348 0
119235 0.157143 0
119242 0.223763 0
119250 0.215361 0
119258 0.000000 0
119265 0.014877 0
119272 0.000000 0
119280 0.097121 0
119288 0.141963 0
119295 0.141897 0
119302 0.000000 0
119310 0.288813 0
119318 0.115901 0
119325 0.270974 0
119332 0.339916 0
119340 0.101651 0
119348 0.088322 0
119355 0.000000 0
119362 0.192574 0
119370 0.296833 0
119378 0.217153 0
119385 0.114801 0
119392 0.508500 0
119400 0.650455 0
119408 0.380612 0
119415 0.000000 0
119422 0.000000 0
119430 0.000000 0
119438 0.120451 0
119445 0.100547 0
119452 0.117817 0
119460 0.059047 0
119468 0.000000 0
119475 0.000000 0
119482 0.000000 0
119490 0.148265 0
119498 0.000000 0
119505 0.250035 0
119512 0.058945 0
119520 0.149573 0
119528 0.092656 0
119535 0.170106 0
119542 0.189565 0
119550 0.000000 0
119558 0.000000 0
119565 0.205809 0
119572 0.270513 0
119580 0.195922 0
119588 0.000000 0
119595 0.224521 0
119602 0.265619 0
119610 0.128771 0
119618 0.000000 0
119625 0.194296 0
119632 0.137531 0
119640 0.000000 0
119648 0.179810 0
119655 0.216615 0
119662 0.000000 0
119670 0.191044 0
119678 0.099623 0
119685 0.109653 0
119692 0.225504 0
119700 0.000000 0
119708 0.080981 0
119715 0.000000 0
119722 0.000000 0
119730 0.208079 0
119738 0.371873 0
119745 0.224324 0
119752 0.201941 0
119760 0.230145 0
119768 0.216455 0
119775 0.000000 0
119782 0.220266 0
119790 0.257955 0
119798 0.076161 0
119805 0.000000 0
119812 0.148959 0
119820 0.179427 0
119828 0.156144 0
119835 0.259691 0
119842 0.192331 0
119850 0.110112 0
119858 0.000000 0
119865 0.597065 0
119872 0.539766 0
119880 0.262279 0
119888 0.000000 0
119895 0.000000 0
119902 0.084530 0
119910 0.165428 0
119918 0.000000 0
119925 0.000000 0
119932 0.268114 0
119940 0.212702 0
119948 0.000000 0
119955 0.000000 0
