# role=smart-auto-candidate name=bench-k1-2nd port=/dev/tty.usbmodem1401 scene=auto
[1780320736.631] >>> :version
[1780320736.632] sbr{{
[1780320736.633] VERSION: 40103
[1780320736.633] }}
[1780320737.433] >>> :chip_id
[1780320737.440] sbr{{
[1780320737.440] F887A500
[1780320737.440] }}
[1780320738.233] >>> :ap_stream=on
[1780320738.234] sbr{{
[1780320738.234] AP_STREAM: on
[1780320738.234] }}
[1780320738.240] [AP] SSL=280 DC=-4774 max_raw=210 follower=280 peak_scaled=-0.312 silent_scale=1.000 silence=0 cal_source=config cal_valid=1
[1780320738.785] >>> :vp_stream=on
[1780320738.791] sbr{{
[1780320738.791] VP_STREAM: on
[1780320738.791] }}
[1780320738.801] [VP] profile=candidate fix=111011 chroma_seq=61698 chroma_flatness=0.0177 chroma_norm_max=0.0197 chroma_norm_mean=0.0021 chroma_final_max=0.0000 chroma_final_mean=0.0000 agc_gain=9.9997 bloom_alpha=0.9900 bloom_shift=1.0000 wave_idle=0.9850 wave_raw_margin=1.1000 wave_peak_floor=0.0800 wave_vu_floor=0.0200 wave_shift=120.0000 render_us=2162 render_avg=1922 render_max=6357
[1780320739.246] [AP] SSL=280 DC=-4774 max_raw=62 follower=280 peak_scaled=-0.736 silent_scale=1.000 silence=0 cal_source=config cal_valid=1
[1780320739.336] >>> :vp_perf=start
[1780320739.338] sbr{{
[1780320739.340] VP_PERF: disabled (compile with ENABLE_VP_PERF_AUDIT=1)
[1780320739.340] }}
[1780320739.806] [VP] profile=candidate fix=111011 chroma_seq=61881 chroma_flatness=0.0919 chroma_norm_max=0.1023 chroma_norm_mean=0.0072 chroma_final_max=0.0000 chroma_final_mean=0.0000 agc_gain=9.9997 bloom_alpha=0.9900 bloom_shift=1.0000 wave_idle=0.9850 wave_raw_margin=1.1000 wave_peak_floor=0.0800 wave_vu_floor=0.0200 wave_shift=120.0000 render_us=2154 render_avg=1813 render_max=6357
[1780320739.886] >>> :smart_scene=auto
[1780320739.896] sbr{{
[1780320739.896] SMART_ASSIST: on
[1780320739.897] SMART_SWITCHING: on
[1780320739.897] SMART_DIRECTOR_AUTONOMY: on
[1780320739.897] SMART_HOOKS: on
[1780320739.897] SMART_CONFIDENCE_FLOOR: 0.070
[1780320739.897] SMART_APPLIED_MODE: 3
[1780320739.897] SMART_LAST_REQUESTED_MODE: 3
[1780320739.897] SMART_SWITCHES_IN_WINDOW: 0
[1780320739.897] SMART_MANUAL_OWNER_ACTIVE: 0
[1780320739.897] SMART_LAST_REASON: 0
[1780320739.897] SMART_STATE: 1
[1780320739.898] SMART_INTENT_MODE: 3
[1780320739.898] SMART_INTENT_CONFIDENCE: 0.038
[1780320739.898] SMART_INTENT_WANTS_SWITCH: 0
[1780320739.898] SMART_SCALAR_PHOTONS: 0.860
[1780320739.898] SMART_SCALAR_CHROMA: 0.920
[1780320739.898] SMART_SCALAR_MOOD: 1.000
[1780320739.899] SMART_SCALAR_SATURATION: 0.900
[1780320739.899] SMART_PALETTE_OVERLAY: 1
[1780320739.899] SMART_PALETTE_INDEX: 11
[1780320739.899] SMART_AUTO_COLOUR_SHIFT: 0
[1780320739.899] SMART_MIN_DWELL_MS: 12000
[1780320739.899] SMART_COOLDOWN_MS: 12000
[1780320739.899] SMART_SWITCH_WINDOW_MS: 90000
[1780320739.900] SMART_MAX_SWITCHES: 3
[1780320739.900] SMART_AUDIO_NOVELTY: 0.0455
[1780320739.900] SMART_AUDIO_ENERGY: 0.0233
[1780320739.901] SMART_EVENT_ID: 298
[1780320739.901] SMART_EVENT_AGE_MS: 1754
[1780320739.901] SMART_ONSET: 0
[1780320739.901] SMART_BASS_ONSET: 0
[1780320739.901] SMART_BEAT_CONFIDENCE: 0.000
[1780320739.901] }}
[1780320739.901] sbr{{
[1780320739.902] EDGE_ENABLED: on
[1780320739.902] EDGE_MODE: complementary
[1780320739.902] EDGE_STRENGTH: 0.650
[1780320739.902] }}
[1780320740.250] [AP] SSL=280 DC=-4774 max_raw=62 follower=280 peak_scaled=-0.725 silent_scale=1.000 silence=0 cal_source=config cal_valid=1
[1780320740.439] >>> :smart_status
[1780320740.449] sbr{{
[1780320740.449] SMART_ASSIST: on
[1780320740.449] SMART_SWITCHING: on
[1780320740.449] SMART_DIRECTOR_AUTONOMY: on
[1780320740.449] SMART_HOOKS: on
[1780320740.450] SMART_CONFIDENCE_FLOOR: 0.070
[1780320740.450] SMART_APPLIED_MODE: 3
[1780320740.450] SMART_LAST_REQUESTED_MODE: 3
[1780320740.450] SMART_SWITCHES_IN_WINDOW: 0
[1780320740.450] SMART_MANUAL_OWNER_ACTIVE: 0
[1780320740.450] SMART_LAST_REASON: 0
[1780320740.450] SMART_STATE: 2
[1780320740.450] SMART_INTENT_MODE: 10
[1780320740.450] SMART_INTENT_CONFIDENCE: 0.063
[1780320740.450] SMART_INTENT_WANTS_SWITCH: 0
[1780320740.450] SMART_SCALAR_PHOTONS: 1.000
[1780320740.451] SMART_SCALAR_CHROMA: 1.000
[1780320740.451] SMART_SCALAR_MOOD: 1.000
[1780320740.451] SMART_SCALAR_SATURATION: 1.000
[1780320740.451] SMART_PALETTE_OVERLAY: 1
[1780320740.451] SMART_PALETTE_INDEX: 22
[1780320740.451] SMART_AUTO_COLOUR_SHIFT: 0
[1780320740.451] SMART_MIN_DWELL_MS: 12000
[1780320740.451] SMART_COOLDOWN_MS: 12000
[1780320740.451] SMART_SWITCH_WINDOW_MS: 90000
[1780320740.452] SMART_MAX_SWITCHES: 3
[1780320740.452] SMART_AUDIO_NOVELTY: 0.0761
[1780320740.452] SMART_AUDIO_ENERGY: 0.1340
[1780320740.453] SMART_EVENT_ID: 299
[1780320740.453] SMART_EVENT_AGE_MS: 112
[1780320740.453] SMART_ONSET: 0
[1780320740.453] SMART_BASS_ONSET: 0
[1780320740.454] SMART_BEAT_CONFIDENCE: 0.000
[1780320740.454] }}
[1780320740.813] [VP] profile=candidate fix=111011 chroma_seq=62053 chroma_flatness=0.0497 chroma_norm_max=0.0564 chroma_norm_mean=0.0067 chroma_final_max=0.0000 chroma_final_mean=0.0000 agc_gain=9.8179 bloom_alpha=0.9900 bloom_shift=1.0000 wave_idle=0.9850 wave_raw_margin=1.1000 wave_peak_floor=0.0800 wave_vu_floor=0.0200 wave_shift=120.0000 render_us=2402 render_avg=2062 render_max=6357
[1780320740.994] >>> :edge_status
[1780320741.004] sbr{{
[1780320741.004] EDGE_ENABLED: on
[1780320741.004] EDGE_MODE: complementary
[1780320741.004] EDGE_STRENGTH: 0.650
[1780320741.004] }}
[1780320741.256] [AP] SSL=280 DC=-4774 max_raw=54 follower=280 peak_scaled=-0.735 silent_scale=1.000 silence=0 cal_source=config cal_valid=1
[1780320741.546] >>> :vp_status
[1780320741.557] sbr{{
[1780320741.557] VP_PROFILE: candidate
[1780320741.558] VP_FIXES: agc_soft=on chroma_gate=on prism_off=on bloom_decay=off hsv_source_sat=on secondary_clean=on
[1780320741.558] VP_STREAM: on
[1780320741.558] AP_STREAM: on
[1780320741.558] VP_BLOOM: alpha=0.9900 shift=1.0000 force_sat=on
[1780320741.561] VP_WAVEFORM: idle_fade=0.9850 raw_margin=1.1000 peak_floor=0.0800 active_fade=0.0400 blend_gain=2.0000 fallback=1.0000 vu_floor=0.0200 shift_rate=120.0000
[1780320741.563] VP_CHROMA: seq=62180 range=60 profile=0 gate_gain=0.0000 pre_max=0.0139 pre_mean=0.0021 norm_max=0.0536 norm_mean=0.0079 flatness=0.0457 final_max=0.0000 final_mean=0.0000
[1780320741.564] VP_AGC: gain=9.9988 envelope=0.0138 floor=0.0010 gated=false
[1780320741.564] VP_RENDER_US: last=2440 avg=2110 max=6357
[1780320741.564] }}
[1780320741.818] [VP] profile=candidate fix=111011 chroma_seq=62222 chroma_flatness=0.1523 chroma_norm_max=0.1684 chroma_norm_mean=0.0161 chroma_final_max=0.0247 chroma_final_mean=0.0021 agc_gain=9.9997 bloom_alpha=0.9900 bloom_shift=1.0000 wave_idle=0.9850 wave_raw_margin=1.1000 wave_peak_floor=0.0800 wave_vu_floor=0.0200 wave_shift=120.0000 render_us=2462 render_avg=2087 render_max=6357
[1780320742.098] ### CLIP_START id=steady-groove-regard-late track=Regard_Ride_It.mp3 start=125.0 duration=25.0
[1780320742.206] >>> :smart_status
[1780320742.217] sbr{{
[1780320742.217] SMART_ASSIST: on
[1780320742.217] SMART_SWITCHING: on
[1780320742.217] SMART_DIRECTOR_AUTONOMY: on
[1780320742.218] SMART_HOOKS: on
[1780320742.218] SMART_CONFIDENCE_FLOOR: 0.070
[1780320742.218] SMART_APPLIED_MODE: 3
[1780320742.218] SMART_LAST_REQUESTED_MODE: 3
[1780320742.218] SMART_SWITCHES_IN_WINDOW: 0
[1780320742.218] SMART_MANUAL_OWNER_ACTIVE: 0
[1780320742.218] SMART_LAST_REASON: 0
[1780320742.218] SMART_STATE: 1
[1780320742.218] SMART_INTENT_MODE: 3
[1780320742.219] SMART_INTENT_CONFIDENCE: 0.030
[1780320742.219] SMART_INTENT_WANTS_SWITCH: 0
[1780320742.219] SMART_SCALAR_PHOTONS: 0.860
[1780320742.219] SMART_SCALAR_CHROMA: 0.920
[1780320742.220] SMART_SCALAR_MOOD: 1.000
[1780320742.220] SMART_SCALAR_SATURATION: 0.900
[1780320742.220] SMART_PALETTE_OVERLAY: 1
[1780320742.221] SMART_PALETTE_INDEX: 11
[1780320742.221] SMART_AUTO_COLOUR_SHIFT: 0
[1780320742.221] SMART_MIN_DWELL_MS: 12000
[1780320742.221] SMART_COOLDOWN_MS: 12000
[1780320742.221] SMART_SWITCH_WINDOW_MS: 90000
[1780320742.221] SMART_MAX_SWITCHES: 3
[1780320742.222] SMART_AUDIO_NOVELTY: 0.0000
[1780320742.222] SMART_AUDIO_ENERGY: 0.0318
[1780320742.222] SMART_EVENT_ID: 299
[1780320742.222] SMART_EVENT_AGE_MS: 1881
[1780320742.222] SMART_ONSET: 0
[1780320742.222] SMART_BASS_ONSET: 0
[1780320742.222] SMART_BEAT_CONFIDENCE: 0.000
[1780320742.222] }}
[1780320742.260] [AP] SSL=280 DC=-4774 max_raw=52 follower=280 peak_scaled=-0.754 silent_scale=1.000 silence=0 cal_source=config cal_valid=1
[1780320742.261] >>> :vp_status
[1780320742.266] sbr{{
[1780320742.266] VP_PROFILE: candidate
[1780320742.267] VP_FIXES: agc_soft=on chroma_gate=on prism_off=on bloom_decay=off hsv_source_sat=on secondary_clean=on
[1780320742.267] VP_STREAM: on
[1780320742.267] AP_STREAM: on
[1780320742.268] VP_BLOOM: alpha=0.9900 shift=1.0000 force_sat=on
[1780320742.270] VP_WAVEFORM: idle_fade=0.9850 raw_margin=1.1000 peak_floor=0.0800 active_fade=0.0400 blend_gain=2.0000 fallback=1.0000 vu_floor=0.0200 shift_rate=120.0000
[1780320742.273] VP_CHROMA: seq=62298 range=60 profile=0 gate_gain=0.0000 pre_max=0.0035 pre_mean=0.0005 norm_max=0.0152 norm_mean=0.0022 flatness=0.0131 final_max=0.0000 final_mean=0.0000
[1780320742.274] VP_AGC: gain=9.9997 envelope=0.0061 floor=0.0010 gated=false
[1780320742.274] VP_RENDER_US: last=2532 avg=2214 max=6357
[1780320742.275] }}
[1780320742.821] [VP] profile=candidate fix=111011 chroma_seq=62389 chroma_flatness=0.1926 chroma_norm_max=0.2193 chroma_norm_mean=0.0184 chroma_final_max=0.0720 chroma_final_mean=0.0060 agc_gain=9.9997 bloom_alpha=0.9900 bloom_shift=1.0000 wave_idle=0.9850 wave_raw_margin=1.1000 wave_peak_floor=0.0800 wave_vu_floor=0.0200 wave_shift=120.0000 render_us=2270 render_avg=2075 render_max=6357
[1780320743.265] [AP] SSL=280 DC=-4774 max_raw=1098 follower=1788 peak_scaled=0.431 silent_scale=1.000 silence=0 cal_source=config cal_valid=1
[1780320743.825] [VP] profile=candidate fix=111011 chroma_seq=62561 chroma_flatness=0.1705 chroma_norm_max=0.3714 chroma_norm_mean=0.2009 chroma_final_max=0.1227 chroma_final_mean=0.0473 agc_gain=0.3528 bloom_alpha=0.9900 bloom_shift=1.0000 wave_idle=0.9850 wave_raw_margin=1.1000 wave_peak_floor=0.0800 wave_vu_floor=0.0200 wave_shift=120.0000 render_us=2602 render_avg=2212 render_max=6357
[1780320744.270] [AP] SSL=280 DC=-4774 max_raw=1631 follower=1999 peak_scaled=0.502 silent_scale=1.000 silence=0 cal_source=config cal_valid=1
[1780320744.824] [VP] profile=candidate fix=111011 chroma_seq=62729 chroma_flatness=0.2966 chroma_norm_max=0.4242 chroma_norm_mean=0.1088 chroma_final_max=0.3242 chroma_final_mean=0.0563 agc_gain=0.4123 bloom_alpha=0.9900 bloom_shift=1.0000 wave_idle=0.9850 wave_raw_margin=1.1000 wave_peak_floor=0.0800 wave_vu_floor=0.0200 wave_shift=120.0000 render_us=2483 render_avg=2364 render_max=6357
[1780320745.275] [AP] SSL=280 DC=-4774 max_raw=460 follower=1896 peak_scaled=0.202 silent_scale=1.000 silence=0 cal_source=config cal_valid=1
[1780320745.827] [VP] profile=candidate fix=111011 chroma_seq=62897 chroma_flatness=0.1040 chroma_norm_max=0.1877 chroma_norm_mean=0.0837 chroma_final_max=0.0105 chroma_final_mean=0.0032 agc_gain=0.4302 bloom_alpha=0.9900 bloom_shift=1.0000 wave_idle=0.9850 wave_raw_margin=1.1000 wave_peak_floor=0.0800 wave_vu_floor=0.0200 wave_shift=120.0000 render_us=2374 render_avg=2293 render_max=6357
[1780320746.281] [AP] SSL=280 DC=-4774 max_raw=760 follower=1997 peak_scaled=0.310 silent_scale=1.000 silence=0 cal_source=config cal_valid=1
[1780320746.834] [VP] profile=candidate fix=111011 chroma_seq=63065 chroma_flatness=0.2056 chroma_norm_max=0.3654 chroma_norm_mean=0.1165 chroma_final_max=0.2242 chroma_final_mean=0.0381 agc_gain=0.4222 bloom_alpha=0.9900 bloom_shift=1.0000 wave_idle=0.9850 wave_raw_margin=1.1000 wave_peak_floor=0.0800 wave_vu_floor=0.0200 wave_shift=120.0000 render_us=2476 render_avg=2338 render_max=6357
[1780320747.245] >>> :smart_status
[1780320747.259] sbr{{
[1780320747.259] SMART_ASSIST: on
[1780320747.259] SMART_SWITCHING: on
[1780320747.259] SMART_DIRECTOR_AUTONOMY: on
[1780320747.259] SMART_HOOKS: on
[1780320747.260] SMART_CONFIDENCE_FLOOR: 0.070
[1780320747.260] SMART_APPLIED_MODE: 3
[1780320747.260] SMART_LAST_REQUESTED_MODE: 11
[1780320747.260] SMART_SWITCHES_IN_WINDOW: 0
[1780320747.260] SMART_MANUAL_OWNER_ACTIVE: 0
[1780320747.260] SMART_LAST_REASON: 9
[1780320747.260] SMART_STATE: 2
[1780320747.260] SMART_INTENT_MODE: 11
[1780320747.260] SMART_INTENT_CONFIDENCE: 0.126
[1780320747.260] SMART_INTENT_WANTS_SWITCH: 1
[1780320747.260] SMART_SCALAR_PHOTONS: 1.000
[1780320747.260] SMART_SCALAR_CHROMA: 1.000
[1780320747.260] SMART_SCALAR_MOOD: 1.000
[1780320747.260] SMART_SCALAR_SATURATION: 1.000
[1780320747.261] SMART_PALETTE_OVERLAY: 1
[1780320747.261] SMART_PALETTE_INDEX: 11
[1780320747.261] SMART_AUTO_COLOUR_SHIFT: 0
[1780320747.261] SMART_MIN_DWELL_MS: 12000
[1780320747.261] SMART_COOLDOWN_MS: 12000
[1780320747.261] SMART_SWITCH_WINDOW_MS: 90000
[1780320747.261] SMART_MAX_SWITCHES: 3
[1780320747.261] SMART_AUDIO_NOVELTY: 0.0482
[1780320747.261] SMART_AUDIO_ENERGY: 0.1366
[1780320747.261] SMART_EVENT_ID: 307
[1780320747.261] SMART_EVENT_AGE_MS: 197
[1780320747.262] SMART_ONSET: 0
[1780320747.262] SMART_BASS_ONSET: 0
[1780320747.262] SMART_BEAT_CONFIDENCE: 0.000
[1780320747.262] }}
[1780320747.298] >>> :vp_status
[1780320747.305] [AP] SSL=280 DC=-4774 max_raw=520 follower=1851 peak_scaled=0.392 silent_scale=1.000 silence=0 cal_source=config cal_valid=1
[1780320747.305] sbr{{
[1780320747.305] VP_PROFILE: candidate
[1780320747.305] VP_FIXES: agc_soft=on chroma_gate=on prism_off=on bloom_decay=off hsv_source_sat=on secondary_clean=on
[1780320747.305] VP_STREAM: on
[1780320747.305] AP_STREAM: on
[1780320747.306] VP_BLOOM: alpha=0.9900 shift=1.0000 force_sat=on
[1780320747.308] VP_WAVEFORM: idle_fade=0.9850 raw_margin=1.1000 peak_floor=0.0800 active_fade=0.0400 blend_gain=2.0000 fallback=1.0000 vu_floor=0.0200 shift_rate=120.0000
[1780320747.309] VP_CHROMA: seq=63145 range=60 profile=0 gate_gain=0.2160 pre_max=0.1405 pre_mean=0.0835 norm_max=0.3037 norm_mean=0.1805 flatness=0.1232 final_max=0.0440 final_mean=0.0176
[1780320747.310] VP_AGC: gain=0.3629 envelope=0.6449 floor=0.0010 gated=false
[1780320747.310] VP_RENDER_US: last=2366 avg=2360 max=6357
[1780320747.310] }}
[1780320747.839] [VP] profile=candidate fix=111011 chroma_seq=63233 chroma_flatness=0.1859 chroma_norm_max=0.5660 chroma_norm_mean=0.4352 chroma_final_max=0.1722 chroma_final_mean=0.1188 agc_gain=0.3716 bloom_alpha=0.9900 bloom_shift=1.0000 wave_idle=0.9850 wave_raw_margin=1.1000 wave_peak_floor=0.0800 wave_vu_floor=0.0200 wave_shift=120.0000 render_us=2416 render_avg=2238 render_max=6357
[1780320748.291] [AP] SSL=280 DC=-4774 max_raw=1090 follower=1941 peak_scaled=0.565 silent_scale=1.000 silence=0 cal_source=config cal_valid=1
[1780320748.842] [VP] profile=candidate fix=111011 chroma_seq=63408 chroma_flatness=0.1844 chroma_norm_max=0.3816 chroma_norm_mean=0.1972 chroma_final_max=0.1470 chroma_final_mean=0.0507 agc_gain=0.3398 bloom_alpha=0.9900 bloom_shift=1.0000 wave_idle=0.9850 wave_raw_margin=1.1000 wave_peak_floor=0.0800 wave_vu_floor=0.0200 wave_shift=120.0000 render_us=2440 render_avg=2318 render_max=6357
[1780320749.843] [AP] SSL=280 DC=-4774 max_raw=736 follower=1811 peak_scaled=0.545 silent_scale=1.000 silence=0 cal_source=config cal_valid=1
[1780320749.847] [VP] profile=candidate fix=111011 chroma_seq=63576 chroma_flatness=0.1440 chroma_norm_max=0.4944 chroma_norm_mean=0.3504 chroma_final_max=0.1263 chroma_final_mean=0.0802 agc_gain=0.4914 bloom_alpha=0.9900 bloom_shift=1.0000 wave_idle=0.9850 wave_raw_margin=1.1000 wave_peak_floor=0.0800 wave_vu_floor=0.0200 wave_shift=120.0000 render_us=2470 render_avg=2171 render_max=6357
[1780320750.300] [AP] SSL=280 DC=-4774 max_raw=1485 follower=1838 peak_scaled=0.778 silent_scale=1.000 silence=0 cal_source=config cal_valid=1
[1780320750.851] [VP] profile=candidate fix=111011 chroma_seq=63746 chroma_flatness=0.2650 chroma_norm_max=0.6128 chroma_norm_mean=0.3479 chroma_final_max=0.4743 chroma_final_mean=0.2292 agc_gain=0.3690 bloom_alpha=0.9900 bloom_shift=1.0000 wave_idle=0.9850 wave_raw_margin=1.1000 wave_peak_floor=0.0800 wave_vu_floor=0.0200 wave_shift=120.0000 render_us=2428 render_avg=2227 render_max=6357
[1780320751.305] [AP] SSL=280 DC=-4774 max_raw=1659 follower=1861 peak_scaled=0.813 silent_scale=1.000 silence=0 cal_source=config cal_valid=1
[1780320751.852] [VP] profile=candidate fix=111011 chroma_seq=63918 chroma_flatness=0.2853 chroma_norm_max=0.6883 chroma_norm_mean=0.4030 chroma_final_max=0.5883 chroma_final_mean=0.3030 agc_gain=0.3236 bloom_alpha=0.9900 bloom_shift=1.0000 wave_idle=0.9850 wave_raw_margin=1.1000 wave_peak_floor=0.0800 wave_vu_floor=0.0200 wave_shift=120.0000 render_us=2498 render_avg=2185 render_max=6357
[1780320752.231] >>> :smart_status
[1780320752.238] sbr{{
[1780320752.238] SMART_ASSIST: on
[1780320752.238] SMART_SWITCHING: on
[1780320752.238] SMART_DIRECTOR_AUTONOMY: on
[1780320752.238] SMART_HOOKS: on
[1780320752.238] SMART_CONFIDENCE_FLOOR: 0.070
[1780320752.238] SMART_APPLIED_MODE: 11
[1780320752.238] SMART_LAST_REQUESTED_MODE: 11
[1780320752.239] SMART_SWITCHES_IN_WINDOW: 1
[1780320752.239] SMART_MANUAL_OWNER_ACTIVE: 0
[1780320752.239] SMART_LAST_REASON: 3
[1780320752.239] SMART_STATE: 2
[1780320752.240] SMART_INTENT_MODE: 11
[1780320752.240] SMART_INTENT_CONFIDENCE: 0.137
[1780320752.240] SMART_INTENT_WANTS_SWITCH: 1
[1780320752.240] SMART_SCALAR_PHOTONS: 1.000
[1780320752.240] SMART_SCALAR_CHROMA: 1.000
[1780320752.240] SMART_SCALAR_MOOD: 1.000
[1780320752.240] SMART_SCALAR_SATURATION: 1.000
[1780320752.241] SMART_PALETTE_OVERLAY: 1
[1780320752.241] SMART_PALETTE_INDEX: 11
[1780320752.241] SMART_AUTO_COLOUR_SHIFT: 0
[1780320752.241] SMART_MIN_DWELL_MS: 12000
[1780320752.241] SMART_COOLDOWN_MS: 12000
[1780320752.241] SMART_SWITCH_WINDOW_MS: 90000
[1780320752.242] SMART_MAX_SWITCHES: 3
[1780320752.242] SMART_AUDIO_NOVELTY: 0.1505
[1780320752.242] SMART_AUDIO_ENERGY: 0.2415
[1780320752.242] SMART_EVENT_ID: 316
[1780320752.242] SMART_EVENT_AGE_MS: 94
[1780320752.242] SMART_ONSET: 0
[1780320752.242] SMART_BASS_ONSET: 0
[1780320752.242] SMART_BEAT_CONFIDENCE: 0.500
[1780320752.242] }}
[1780320752.286] >>> :vp_status
[1780320752.287] sbr{{
[1780320752.287] VP_PROFILE: candidate
[1780320752.288] VP_FIXES: agc_soft=on chroma_gate=on prism_off=on bloom_decay=off hsv_source_sat=on secondary_clean=on
[1780320752.288] VP_STREAM: on
[1780320752.288] AP_STREAM: on
[1780320752.288] VP_BLOOM: alpha=0.9900 shift=1.0000 force_sat=on
[1780320752.289] VP_WAVEFORM: idle_fade=0.9850 raw_margin=1.1000 peak_floor=0.0800 active_fade=0.0400 blend_gain=2.0000 fallback=1.0000 vu_floor=0.0200 shift_rate=120.0000
[1780320752.292] VP_CHROMA: seq=63992 range=60 profile=0 gate_gain=1.0000 pre_max=0.4298 pre_mean=0.3133 norm_max=1.0779 norm_mean=0.7858 flatness=0.2960 final_max=0.9664 final_mean=0.6704
[1780320752.293] VP_AGC: gain=0.3564 envelope=0.7803 floor=0.0010 gated=false
[1780320752.293] VP_RENDER_US: last=2711 avg=2500 max=6357
[1780320752.293] }}
[1780320752.853] [AP] SSL=280 DC=-4774 max_raw=1998 follower=2037 peak_scaled=0.896 silent_scale=1.000 silence=0 cal_source=config cal_valid=1
[1780320752.856] [VP] profile=candidate fix=111011 chroma_seq=64086 chroma_flatness=0.2788 chroma_norm_max=0.8270 chroma_norm_mean=0.5482 chroma_final_max=0.7227 chroma_final_mean=0.4455 agc_gain=0.3438 bloom_alpha=0.9900 bloom_shift=1.0000 wave_idle=0.9850 wave_raw_margin=1.1000 wave_peak_floor=0.0800 wave_vu_floor=0.0200 wave_shift=120.0000 render_us=2685 render_avg=2324 render_max=6357
[1780320753.315] [AP] SSL=280 DC=-4774 max_raw=2034 follower=1998 peak_scaled=0.943 silent_scale=1.000 silence=0 cal_source=config cal_valid=1
[1780320753.854] [VP] profile=candidate fix=111011 chroma_seq=64252 chroma_flatness=0.2810 chroma_norm_max=0.9187 chroma_norm_mean=0.6255 chroma_final_max=0.5931 chroma_final_mean=0.4094 agc_gain=0.3948 bloom_alpha=0.9900 bloom_shift=1.0000 wave_idle=0.9850 wave_raw_margin=1.1000 wave_peak_floor=0.0800 wave_vu_floor=0.0200 wave_shift=120.0000 render_us=2575 render_avg=2431 render_max=6357
[1780320754.322] [AP] SSL=280 DC=-4774 max_raw=332 follower=1515 peak_scaled=0.131 silent_scale=1.000 silence=0 cal_source=config cal_valid=1
[1780320754.859] [VP] profile=candidate fix=111011 chroma_seq=64422 chroma_flatness=0.3662 chroma_norm_max=0.7014 chroma_norm_mean=0.3352 chroma_final_max=0.6015 chroma_final_mean=0.2441 agc_gain=0.4125 bloom_alpha=0.9900 bloom_shift=1.0000 wave_idle=0.9850 wave_raw_margin=1.1000 wave_peak_floor=0.0800 wave_vu_floor=0.0200 wave_shift=120.0000 render_us=2437 render_avg=2352 render_max=6357
[1780320755.326] [AP] SSL=280 DC=-4774 max_raw=584 follower=1297 peak_scaled=0.217 silent_scale=1.000 silence=0 cal_source=config cal_valid=1
[1780320755.865] [VP] profile=candidate fix=111011 chroma_seq=64591 chroma_flatness=0.2181 chroma_norm_max=0.6266 chroma_norm_mean=0.4085 chroma_final_max=0.3637 chroma_final_mean=0.2131 agc_gain=0.2984 bloom_alpha=0.9900 bloom_shift=1.0000 wave_idle=0.9850 wave_raw_margin=1.1000 wave_peak_floor=0.0800 wave_vu_floor=0.0200 wave_shift=120.0000 render_us=2481 render_avg=2421 render_max=6357
[1780320756.330] [AP] SSL=280 DC=-4774 max_raw=2254 follower=1932 peak_scaled=1.052 silent_scale=1.000 silence=0 cal_source=config cal_valid=1
[1780320756.870] [VP] profile=candidate fix=111011 chroma_seq=64758 chroma_flatness=0.2065 chroma_norm_max=0.8186 chroma_norm_mean=0.6120 chroma_final_max=0.4547 chroma_final_mean=0.3240 agc_gain=0.3196 bloom_alpha=0.9900 bloom_shift=1.0000 wave_idle=0.9850 wave_raw_margin=1.1000 wave_peak_floor=0.0800 wave_vu_floor=0.0200 wave_shift=120.0000 render_us=2463 render_avg=2693 render_max=6357
[1780320757.259] >>> :smart_status
[1780320757.265] sbr{{
[1780320757.265] SMART_ASSIST: on
[1780320757.265] SMART_SWITCHING: on
[1780320757.265] SMART_DIRECTOR_AUTONOMY: on
[1780320757.265] SMART_HOOKS: on
[1780320757.265] SMART_CONFIDENCE_FLOOR: 0.070
[1780320757.265] SMART_APPLIED_MODE: 11
[1780320757.265] SMART_LAST_REQUESTED_MODE: 11
[1780320757.265] SMART_SWITCHES_IN_WINDOW: 1
[1780320757.266] SMART_MANUAL_OWNER_ACTIVE: 0
[1780320757.267] SMART_LAST_REASON: 3
[1780320757.267] SMART_STATE: 2
[1780320757.267] SMART_INTENT_MODE: 11
[1780320757.267] SMART_INTENT_CONFIDENCE: 0.133
[1780320757.267] SMART_INTENT_WANTS_SWITCH: 1
[1780320757.267] SMART_SCALAR_PHOTONS: 1.000
[1780320757.267] SMART_SCALAR_CHROMA: 1.000
[1780320757.267] SMART_SCALAR_MOOD: 1.000
[1780320757.267] SMART_SCALAR_SATURATION: 1.000
[1780320757.267] SMART_PALETTE_OVERLAY: 1
[1780320757.267] SMART_PALETTE_INDEX: 11
[1780320757.267] SMART_AUTO_COLOUR_SHIFT: 0
[1780320757.267] SMART_MIN_DWELL_MS: 12000
[1780320757.267] SMART_COOLDOWN_MS: 12000
[1780320757.267] SMART_SWITCH_WINDOW_MS: 90000
[1780320757.267] SMART_MAX_SWITCHES: 3
[1780320757.268] SMART_AUDIO_NOVELTY: 0.1091
[1780320757.269] SMART_AUDIO_ENERGY: 0.2608
[1780320757.269] SMART_EVENT_ID: 323
[1780320757.269] SMART_EVENT_AGE_MS: 34
[1780320757.269] SMART_ONSET: 0
[1780320757.269] SMART_BASS_ONSET: 1
[1780320757.269] SMART_BEAT_CONFIDENCE: 0.000
[1780320757.269] }}
[1780320757.313] >>> :vp_status
[1780320757.317] sbr{{
[1780320757.317] VP_PROFILE: candidate
[1780320757.317] VP_FIXES: agc_soft=on chroma_gate=on prism_off=on bloom_decay=off hsv_source_sat=on secondary_clean=on
[1780320757.317] VP_STREAM: on
[1780320757.317] AP_STREAM: on
[1780320757.317] VP_BLOOM: alpha=0.9900 shift=1.0000 force_sat=on
[1780320757.319] VP_WAVEFORM: idle_fade=0.9850 raw_margin=1.1000 peak_floor=0.0800 active_fade=0.0400 blend_gain=2.0000 fallback=1.0000 vu_floor=0.0200 shift_rate=120.0000
[1780320757.323] VP_CHROMA: seq=64833 range=60 profile=0 gate_gain=1.0000 pre_max=0.4027 pre_mean=0.2700 norm_max=0.9946 norm_mean=0.6638 flatness=0.3296 final_max=0.8934 final_mean=0.5638
[1780320757.324] VP_AGC: gain=0.3234 envelope=0.9047 floor=0.0010 gated=false
[1780320757.324] VP_RENDER_US: last=2530 avg=2647 max=6357
[1780320757.324] }}
[1780320757.331] [AP] SSL=280 DC=-4774 max_raw=1827 follower=1733 peak_scaled=0.930 silent_scale=1.000 silence=0 cal_source=config cal_valid=1
[1780320757.874] [VP] profile=candidate fix=111011 chroma_seq=64924 chroma_flatness=0.3347 chroma_norm_max=1.0824 chroma_norm_mean=0.7224 chroma_final_max=0.9410 chroma_final_mean=0.6225 agc_gain=0.3895 bloom_alpha=0.9900 bloom_shift=1.0000 wave_idle=0.9850 wave_raw_margin=1.1000 wave_peak_floor=0.0800 wave_vu_floor=0.0200 wave_shift=120.0000 render_us=2583 render_avg=2385 render_max=6357
[1780320758.874] [AP] SSL=280 DC=-4774 max_raw=2044 follower=1723 peak_scaled=0.854 silent_scale=1.000 silence=0 cal_source=config cal_valid=1
[1780320758.878] [VP] profile=candidate fix=111011 chroma_seq=65093 chroma_flatness=0.2369 chroma_norm_max=0.7060 chroma_norm_mean=0.4692 chroma_final_max=0.4753 chroma_final_mean=0.2895 agc_gain=0.2748 bloom_alpha=0.9900 bloom_shift=1.0000 wave_idle=0.9850 wave_raw_margin=1.1000 wave_peak_floor=0.0800 wave_vu_floor=0.0200 wave_shift=120.0000 render_us=2696 render_avg=2399 render_max=6357
[1780320759.345] [AP] SSL=280 DC=-4774 max_raw=2270 follower=1829 peak_scaled=0.976 silent_scale=1.000 silence=0 cal_source=config cal_valid=1
[1780320759.882] [VP] profile=candidate fix=111011 chroma_seq=65260 chroma_flatness=0.1844 chroma_norm_max=0.7347 chroma_norm_mean=0.5993 chroma_final_max=0.5552 chroma_final_mean=0.3792 agc_gain=0.2929 bloom_alpha=0.9900 bloom_shift=1.0000 wave_idle=0.9850 wave_raw_margin=1.1000 wave_peak_floor=0.0800 wave_vu_floor=0.0200 wave_shift=120.0000 render_us=2511 render_avg=2340 render_max=6357
[1780320760.351] [AP] SSL=280 DC=-4774 max_raw=1988 follower=1844 peak_scaled=0.657 silent_scale=1.000 silence=0 cal_source=config cal_valid=1
[1780320760.887] [VP] profile=candidate fix=111011 chroma_seq=65430 chroma_flatness=0.3332 chroma_norm_max=0.8326 chroma_norm_mean=0.4993 chroma_final_max=0.7326 chroma_final_mean=0.3994 agc_gain=0.3089 bloom_alpha=0.9900 bloom_shift=1.0000 wave_idle=0.9850 wave_raw_margin=1.1000 wave_peak_floor=0.0800 wave_vu_floor=0.0200 wave_shift=120.0000 render_us=2414 render_avg=2331 render_max=6357
[1780320761.889] [AP] SSL=280 DC=-4774 max_raw=2080 follower=5224 peak_scaled=0.262 silent_scale=1.000 silence=0 cal_source=config cal_valid=1
[1780320761.893] [VP] profile=candidate fix=111011 chroma_seq=65600 chroma_flatness=0.1291 chroma_norm_max=0.3231 chroma_norm_mean=0.1940 chroma_final_max=0.0548 chroma_final_mean=0.0231 agc_gain=0.1741 bloom_alpha=0.9900 bloom_shift=1.0000 wave_idle=0.9850 wave_raw_margin=1.1000 wave_peak_floor=0.0800 wave_vu_floor=0.0200 wave_shift=120.0000 render_us=2774 render_avg=2583 render_max=6357
[1780320762.216] >>> :smart_status
[1780320762.230] sbr{{
[1780320762.230] SMART_ASSIST: on
[1780320762.230] SMART_SWITCHING: on
[1780320762.230] SMART_DIRECTOR_AUTONOMY: on
[1780320762.230] SMART_HOOKS: on
[1780320762.230] SMART_CONFIDENCE_FLOOR: 0.070
[1780320762.230] SMART_APPLIED_MODE: 11
[1780320762.230] SMART_LAST_REQUESTED_MODE: 11
[1780320762.231] SMART_SWITCHES_IN_WINDOW: 1
[1780320762.232] SMART_MANUAL_OWNER_ACTIVE: 0
[1780320762.232] SMART_LAST_REASON: 3
[1780320762.232] SMART_STATE: 2
[1780320762.232] SMART_INTENT_MODE: 11
[1780320762.232] SMART_INTENT_CONFIDENCE: 0.079
[1780320762.232] SMART_INTENT_WANTS_SWITCH: 1
[1780320762.232] SMART_SCALAR_PHOTONS: 1.000
[1780320762.232] SMART_SCALAR_CHROMA: 1.000
[1780320762.232] SMART_SCALAR_MOOD: 1.000
[1780320762.232] SMART_SCALAR_SATURATION: 1.000
[1780320762.232] SMART_PALETTE_OVERLAY: 1
[1780320762.232] SMART_PALETTE_INDEX: 11
[1780320762.232] SMART_AUTO_COLOUR_SHIFT: 0
[1780320762.232] SMART_MIN_DWELL_MS: 12000
[1780320762.232] SMART_COOLDOWN_MS: 12000
[1780320762.232] SMART_SWITCH_WINDOW_MS: 90000
[1780320762.233] SMART_MAX_SWITCHES: 3
[1780320762.234] SMART_AUDIO_NOVELTY: 0.1095
[1780320762.234] SMART_AUDIO_ENERGY: 0.1584
[1780320762.234] SMART_EVENT_ID: 328
[1780320762.234] SMART_EVENT_AGE_MS: 1072
[1780320762.234] SMART_ONSET: 0
[1780320762.234] SMART_BASS_ONSET: 0
[1780320762.234] SMART_BEAT_CONFIDENCE: 0.000
[1780320762.234] }}
[1780320762.270] >>> :vp_status
[1780320762.279] sbr{{
[1780320762.279] VP_PROFILE: candidate
[1780320762.279] VP_FIXES: agc_soft=on chroma_gate=on prism_off=on bloom_decay=off hsv_source_sat=on secondary_clean=on
[1780320762.279] VP_STREAM: on
[1780320762.279] AP_STREAM: on
[1780320762.279] VP_BLOOM: alpha=0.9900 shift=1.0000 force_sat=on
[1780320762.280] VP_WAVEFORM: idle_fade=0.9850 raw_margin=1.1000 peak_floor=0.0800 active_fade=0.0400 blend_gain=2.0000 fallback=1.0000 vu_floor=0.0200 shift_rate=120.0000
[1780320762.283] VP_CHROMA: seq=65664 range=60 profile=0 gate_gain=0.2545 pre_max=0.3057 pre_mean=0.2195 norm_max=0.4645 norm_mean=0.3336 flatness=0.1228 final_max=0.0739 final_mean=0.0476
[1780320762.285] VP_AGC: gain=0.3153 envelope=0.7000 floor=0.0010 gated=false
[1780320762.285] VP_RENDER_US: last=2795 avg=2617 max=6357
[1780320762.285] }}
[1780320762.360] [AP] SSL=280 DC=-4774 max_raw=1314 follower=3074 peak_scaled=0.358 silent_scale=1.000 silence=0 cal_source=config cal_valid=1
[1780320762.900] [VP] profile=candidate fix=111011 chroma_seq=65766 chroma_flatness=0.0967 chroma_norm_max=0.4898 chroma_norm_mean=0.3931 chroma_final_max=0.0325 chroma_final_mean=0.0245 agc_gain=0.4018 bloom_alpha=0.9900 bloom_shift=1.0000 wave_idle=0.9850 wave_raw_margin=1.1000 wave_peak_floor=0.0800 wave_vu_floor=0.0200 wave_shift=120.0000 render_us=2587 render_avg=2565 render_max=6357
[1780320763.900] [AP] SSL=280 DC=-4774 max_raw=1127 follower=2000 peak_scaled=0.447 silent_scale=1.000 silence=0 cal_source=config cal_valid=1
[1780320763.905] [VP] profile=candidate fix=111011 chroma_seq=65932 chroma_flatness=0.1031 chroma_norm_max=0.6945 chroma_norm_mean=0.5915 chroma_final_max=0.0687 chroma_final_mean=0.0567 agc_gain=0.3390 bloom_alpha=0.9900 bloom_shift=1.0000 wave_idle=0.9850 wave_raw_margin=1.1000 wave_peak_floor=0.0800 wave_vu_floor=0.0200 wave_shift=120.0000 render_us=3486 render_avg=2646 render_max=6357
[1780320764.370] [AP] SSL=280 DC=-4774 max_raw=1557 follower=1861 peak_scaled=0.615 silent_scale=1.000 silence=0 cal_source=config cal_valid=1
[1780320764.910] [VP] profile=candidate fix=111011 chroma_seq=66099 chroma_flatness=0.1680 chroma_norm_max=0.6832 chroma_norm_mean=0.5151 chroma_final_max=0.2567 chroma_final_mean=0.1828 agc_gain=0.3163 bloom_alpha=0.9900 bloom_shift=1.0000 wave_idle=0.9850 wave_raw_margin=1.1000 wave_peak_floor=0.0800 wave_vu_floor=0.0200 wave_shift=120.0000 render_us=2813 render_avg=2684 render_max=6357
[1780320765.375] [AP] SSL=280 DC=-4774 max_raw=1653 follower=1670 peak_scaled=0.695 silent_scale=1.000 silence=0 cal_source=config cal_valid=1
[1780320765.913] [VP] profile=candidate fix=111011 chroma_seq=66268 chroma_flatness=0.2468 chroma_norm_max=1.0146 chroma_norm_mean=0.7678 chroma_final_max=0.7628 chroma_final_mean=0.5569 agc_gain=0.4667 bloom_alpha=0.9900 bloom_shift=1.0000 wave_idle=0.9850 wave_raw_margin=1.1000 wave_peak_floor=0.0800 wave_vu_floor=0.0200 wave_shift=120.0000 render_us=2499 render_avg=2326 render_max=6357
[1780320766.380] [AP] SSL=280 DC=-4774 max_raw=1796 follower=1734 peak_scaled=0.674 silent_scale=1.000 silence=0 cal_source=config cal_valid=1
[1780320766.919] [VP] profile=candidate fix=111011 chroma_seq=66440 chroma_flatness=0.0974 chroma_norm_max=0.4954 chroma_norm_mean=0.3980 chroma_final_max=0.0345 chroma_final_mean=0.0571 agc_gain=0.2726 bloom_alpha=0.9900 bloom_shift=1.0000 wave_idle=0.9850 wave_raw_margin=1.1000 wave_peak_floor=0.0800 wave_vu_floor=0.0200 wave_shift=120.0000 render_us=2341 render_avg=2179 render_max=6357
[1780320767.244] >>> :smart_status
[1780320767.254] sbr{{
[1780320767.254] SMART_ASSIST: on
[1780320767.254] SMART_SWITCHING: on
[1780320767.254] SMART_DIRECTOR_AUTONOMY: on
[1780320767.254] SMART_HOOKS: on
[1780320767.254] SMART_CONFIDENCE_FLOOR: 0.070
[1780320767.254] SMART_APPLIED_MODE: 3
[1780320767.254] SMART_LAST_REQUESTED_MODE: 11
[1780320767.254] SMART_SWITCHES_IN_WINDOW: 2
[1780320767.255] SMART_MANUAL_OWNER_ACTIVE: 0
[1780320767.256] SMART_LAST_REASON: 9
[1780320767.256] SMART_STATE: 2
[1780320767.256] SMART_INTENT_MODE: 11
[1780320767.256] SMART_INTENT_CONFIDENCE: 0.089
[1780320767.256] SMART_INTENT_WANTS_SWITCH: 1
[1780320767.256] SMART_SCALAR_PHOTONS: 1.000
[1780320767.256] SMART_SCALAR_CHROMA: 1.000
[1780320767.256] SMART_SCALAR_MOOD: 1.000
[1780320767.256] SMART_SCALAR_SATURATION: 1.000
[1780320767.256] SMART_PALETTE_OVERLAY: 1
[1780320767.257] SMART_PALETTE_INDEX: 11
[1780320767.257] SMART_AUTO_COLOUR_SHIFT: 0
[1780320767.257] SMART_MIN_DWELL_MS: 12000
[1780320767.257] SMART_COOLDOWN_MS: 12000
[1780320767.257] SMART_SWITCH_WINDOW_MS: 90000
[1780320767.257] SMART_MAX_SWITCHES: 3
[1780320767.258] SMART_AUDIO_NOVELTY: 0.0639
[1780320767.258] SMART_AUDIO_ENERGY: 0.1044
[1780320767.258] SMART_EVENT_ID: 336
[1780320767.258] SMART_EVENT_AGE_MS: 601
[1780320767.258] SMART_ONSET: 0
[1780320767.258] SMART_BASS_ONSET: 0
[1780320767.258] SMART_BEAT_CONFIDENCE: 0.000
[1780320767.258] }}
[1780320767.299] >>> :vp_status
[1780320767.303] sbr{{
[1780320767.303] VP_PROFILE: candidate
[1780320767.303] VP_FIXES: agc_soft=on chroma_gate=on prism_off=on bloom_decay=off hsv_source_sat=on secondary_clean=on
[1780320767.303] VP_STREAM: on
[1780320767.303] AP_STREAM: on
[1780320767.303] VP_BLOOM: alpha=0.9900 shift=1.0000 force_sat=on
[1780320767.305] VP_WAVEFORM: idle_fade=0.9850 raw_margin=1.1000 peak_floor=0.0800 active_fade=0.0400 blend_gain=2.0000 fallback=1.0000 vu_floor=0.0200 shift_rate=120.0000
[1780320767.307] VP_CHROMA: seq=66507 range=60 profile=0 gate_gain=1.0000 pre_max=0.3250 pre_mean=0.2142 norm_max=0.8346 norm_mean=0.5502 flatness=0.3147 final_max=0.7796 final_mean=0.4650
[1780320767.309] VP_AGC: gain=0.3847 envelope=0.5568 floor=0.0010 gated=false
[1780320767.309] VP_RENDER_US: last=2522 avg=2193 max=6357
[1780320767.309] }}
[1780320767.386] [AP] SSL=280 DC=-4774 max_raw=956 follower=1589 peak_scaled=0.400 silent_scale=1.000 silence=0 cal_source=config cal_valid=1
[1780320767.925] [VP] profile=candidate fix=111011 chroma_seq=66614 chroma_flatness=0.1906 chroma_norm_max=0.3306 chroma_norm_mean=0.1400 chroma_final_max=0.1275 chroma_final_mean=0.0118 agc_gain=0.3372 bloom_alpha=0.9900 bloom_shift=1.0000 wave_idle=0.9850 wave_raw_margin=1.1000 wave_peak_floor=0.0800 wave_vu_floor=0.0200 wave_shift=120.0000 render_us=2324 render_avg=2160 render_max=6357
[1780320768.390] [AP] SSL=280 DC=-4774 max_raw=47 follower=1197 peak_scaled=-0.168 silent_scale=1.000 silence=0 cal_source=config cal_valid=1
[1780320768.927] [VP] profile=candidate fix=111011 chroma_seq=66787 chroma_flatness=0.0357 chroma_norm_max=0.0390 chroma_norm_mean=0.0033 chroma_final_max=0.0000 chroma_final_mean=0.0000 agc_gain=3.7692 bloom_alpha=0.9900 bloom_shift=1.0000 wave_idle=0.9850 wave_raw_margin=1.1000 wave_peak_floor=0.0800 wave_vu_floor=0.0200 wave_shift=120.0000 render_us=2454 render_avg=2079 render_max=6357
[1780320769.928] [AP] SSL=280 DC=-4774 max_raw=90 follower=513 peak_scaled=-0.402 silent_scale=1.000 silence=0 cal_source=config cal_valid=1
[1780320769.932] [VP] profile=candidate fix=111011 chroma_seq=66955 chroma_flatness=0.1123 chroma_norm_max=0.1557 chroma_norm_mean=0.0434 chroma_final_max=0.0090 chroma_final_mean=0.0007 agc_gain=9.9812 bloom_alpha=0.9900 bloom_shift=1.0000 wave_idle=0.9850 wave_raw_margin=1.1000 wave_peak_floor=0.0800 wave_vu_floor=0.0200 wave_shift=120.0000 render_us=2492 render_avg=2098 render_max=6357
[1780320770.400] [AP] SSL=280 DC=-4774 max_raw=85 follower=280 peak_scaled=-0.685 silent_scale=1.000 silence=0 cal_source=config cal_valid=1
[1780320770.937] [VP] profile=candidate fix=111011 chroma_seq=67125 chroma_flatness=0.0479 chroma_norm_max=0.0522 chroma_norm_mean=0.0043 chroma_final_max=0.0000 chroma_final_mean=0.0000 agc_gain=9.9997 bloom_alpha=0.9900 bloom_shift=1.0000 wave_idle=0.9850 wave_raw_margin=1.1000 wave_peak_floor=0.0800 wave_vu_floor=0.0200 wave_shift=120.0000 render_us=2455 render_avg=2144 render_max=6357
[1780320771.407] [AP] SSL=280 DC=-4774 max_raw=246 follower=280 peak_scaled=-0.533 silent_scale=1.000 silence=0 cal_source=config cal_valid=1
[1780320771.900] ### CLIP_END id=steady-groove-regard-late ffplay_rc=0 video_rc=0
[1780320771.900] ### VIDEO_STDERR [avfoundation @ 0xca7014000] Selected pixel format (yuv420p) is not supported by the input device. | [avfoundation @ 0xca7014000] Supported pixel formats: | [avfoundation @ 0xca7014000]   uyvy422 | [avfoundation @ 0xca7014000]   yuyv422 | [avfoundation @ 0xca7014000]   nv12 | [avfoundation @ 0xca7014000]   0rgb | [avfoundation @ 0xca7014000]   bgr0
[1780320771.900] ### CLIP_START id=steady-groove-lavern-mid track=Lavern_InMyMind.mp3 start=45.0 duration=25.0
[1780320771.942] [VP] profile=candidate fix=111011 chroma_seq=67294 chroma_flatness=0.1137 chroma_norm_max=0.1319 chroma_norm_mean=0.0182 chroma_final_max=0.0054 chroma_final_mean=0.0004 agc_gain=9.9997 bloom_alpha=0.9900 bloom_shift=1.0000 wave_idle=0.9850 wave_raw_margin=1.1000 wave_peak_floor=0.0800 wave_vu_floor=0.0200 wave_shift=120.0000 render_us=2424 render_avg=2221 render_max=6357
[1780320772.006] >>> :smart_status
[1780320772.010] sbr{{
[1780320772.010] SMART_ASSIST: on
[1780320772.010] SMART_SWITCHING: on
[1780320772.010] SMART_DIRECTOR_AUTONOMY: on
[1780320772.010] SMART_HOOKS: on
[1780320772.010] SMART_CONFIDENCE_FLOOR: 0.070
[1780320772.010] SMART_APPLIED_MODE: 3
[1780320772.010] SMART_LAST_REQUESTED_MODE: 3
[1780320772.010] SMART_SWITCHES_IN_WINDOW: 2
[1780320772.010] SMART_MANUAL_OWNER_ACTIVE: 0
[1780320772.010] SMART_LAST_REASON: 0
[1780320772.010] SMART_STATE: 1
[1780320772.010] SMART_INTENT_MODE: 3
[1780320772.010] SMART_INTENT_CONFIDENCE: 0.036
[1780320772.011] SMART_INTENT_WANTS_SWITCH: 0
[1780320772.011] SMART_SCALAR_PHOTONS: 0.860
[1780320772.011] SMART_SCALAR_CHROMA: 0.920
[1780320772.011] SMART_SCALAR_MOOD: 1.000
[1780320772.011] SMART_SCALAR_SATURATION: 0.900
[1780320772.011] SMART_PALETTE_OVERLAY: 1
[1780320772.011] SMART_PALETTE_INDEX: 11
[1780320772.011] SMART_AUTO_COLOUR_SHIFT: 0
[1780320772.011] SMART_MIN_DWELL_MS: 12000
[1780320772.011] SMART_COOLDOWN_MS: 12000
[1780320772.012] SMART_SWITCH_WINDOW_MS: 90000
[1780320772.012] SMART_MAX_SWITCHES: 3
[1780320772.012] SMART_AUDIO_NOVELTY: 0.0000
[1780320772.012] SMART_AUDIO_ENERGY: 0.0333
[1780320772.012] SMART_EVENT_ID: 337
[1780320772.012] SMART_EVENT_AGE_MS: 4607
[1780320772.012] SMART_ONSET: 0
[1780320772.012] SMART_BASS_ONSET: 0
[1780320772.012] SMART_BEAT_CONFIDENCE: 0.000
[1780320772.012] }}
[1780320772.058] >>> :vp_status
[1780320772.070] sbr{{
[1780320772.070] VP_PROFILE: candidate
[1780320772.070] VP_FIXES: agc_soft=on chroma_gate=on prism_off=on bloom_decay=off hsv_source_sat=on secondary_clean=on
[1780320772.070] VP_STREAM: on
[1780320772.070] AP_STREAM: on
[1780320772.070] VP_BLOOM: alpha=0.9900 shift=1.0000 force_sat=on
[1780320772.072] VP_WAVEFORM: idle_fade=0.9850 raw_margin=1.1000 peak_floor=0.0800 active_fade=0.0400 blend_gain=2.0000 fallback=1.0000 vu_floor=0.0200 shift_rate=120.0000
[1780320772.074] VP_CHROMA: seq=67316 range=60 profile=0 gate_gain=0.0000 pre_max=0.0044 pre_mean=0.0004 norm_max=0.0181 norm_mean=0.0017 flatness=0.0166 final_max=0.0000 final_mean=0.0000
[1780320772.076] VP_AGC: gain=9.9997 envelope=0.0115 floor=0.0010 gated=false
[1780320772.076] VP_RENDER_US: last=2551 avg=2361 max=6357
[1780320772.076] }}
[1780320772.411] [AP] SSL=280 DC=-4774 max_raw=54 follower=280 peak_scaled=-0.690 silent_scale=1.000 silence=0 cal_source=config cal_valid=1
[1780320772.948] [VP] profile=candidate fix=111011 chroma_seq=67462 chroma_flatness=0.1489 chroma_norm_max=0.9242 chroma_norm_mean=0.7754 chroma_final_max=0.2839 chroma_final_mean=0.2326 agc_gain=0.8972 bloom_alpha=0.9900 bloom_shift=1.0000 wave_idle=0.9850 wave_raw_margin=1.1000 wave_peak_floor=0.0800 wave_vu_floor=0.0200 wave_shift=120.0000 render_us=2365 render_avg=2222 render_max=6357
[1780320773.415] [AP] SSL=280 DC=-4774 max_raw=946 follower=1549 peak_scaled=0.492 silent_scale=1.000 silence=0 cal_source=config cal_valid=1
[1780320773.953] [VP] profile=candidate fix=111011 chroma_seq=67634 chroma_flatness=0.1490 chroma_norm_max=0.4502 chroma_norm_mean=0.3013 chroma_final_max=0.1208 chroma_final_mean=0.0694 agc_gain=0.4365 bloom_alpha=0.9900 bloom_shift=1.0000 wave_idle=0.9850 wave_raw_margin=1.1000 wave_peak_floor=0.0800 wave_vu_floor=0.0200 wave_shift=120.0000 render_us=2595 render_avg=2358 render_max=6357
[1780320774.421] [AP] SSL=280 DC=-4774 max_raw=1254 follower=1514 peak_scaled=0.486 silent_scale=1.000 silence=0 cal_source=config cal_valid=1
[1780320774.960] [VP] profile=candidate fix=111011 chroma_seq=67803 chroma_flatness=0.1771 chroma_norm_max=0.4839 chroma_norm_mean=0.3090 chroma_final_max=0.1823 chroma_final_mean=0.0998 agc_gain=0.5928 bloom_alpha=0.9900 bloom_shift=1.0000 wave_idle=0.9850 wave_raw_margin=1.1000 wave_peak_floor=0.0800 wave_vu_floor=0.0200 wave_shift=120.0000 render_us=2517 render_avg=2351 render_max=6357
[1780320775.425] [AP] SSL=280 DC=-4774 max_raw=654 follower=1326 peak_scaled=0.360 silent_scale=1.000 silence=0 cal_source=config cal_valid=1
[1780320775.964] [VP] profile=candidate fix=111011 chroma_seq=67974 chroma_flatness=0.0856 chroma_norm_max=0.3806 chroma_norm_mean=0.2950 chroma_final_max=0.0079 chroma_final_mean=0.0055 agc_gain=0.5562 bloom_alpha=0.9900 bloom_shift=1.0000 wave_idle=0.9850 wave_raw_margin=1.1000 wave_peak_floor=0.0800 wave_vu_floor=0.0200 wave_shift=120.0000 render_us=2466 render_avg=2236 render_max=6357
[1780320776.431] [AP] SSL=280 DC=-4774 max_raw=1089 follower=1363 peak_scaled=0.476 silent_scale=1.000 silence=0 cal_source=config cal_valid=1
[1780320776.967] [VP] profile=candidate fix=111011 chroma_seq=68144 chroma_flatness=0.3460 chroma_norm_max=0.7854 chroma_norm_mean=0.4395 chroma_final_max=0.6854 chroma_final_mean=0.3395 agc_gain=0.4911 bloom_alpha=0.9900 bloom_shift=1.0000 wave_idle=0.9850 wave_raw_margin=1.1000 wave_peak_floor=0.0800 wave_vu_floor=0.0200 wave_shift=120.0000 render_us=2447 render_avg=2156 render_max=6357
[1780320777.013] >>> :smart_status
[1780320777.024] sbr{{
[1780320777.024] SMART_ASSIST: on
[1780320777.024] SMART_SWITCHING: on
[1780320777.024] SMART_DIRECTOR_AUTONOMY: on
[1780320777.024] SMART_HOOKS: on
[1780320777.024] SMART_CONFIDENCE_FLOOR: 0.070
[1780320777.024] SMART_APPLIED_MODE: 3
[1780320777.024] SMART_LAST_REQUESTED_MODE: 10
[1780320777.024] SMART_SWITCHES_IN_WINDOW: 2
[1780320777.024] SMART_MANUAL_OWNER_ACTIVE: 0
[1780320777.024] SMART_LAST_REASON: 9
[1780320777.025] SMART_STATE: 2
[1780320777.025] SMART_INTENT_MODE: 10
[1780320777.025] SMART_INTENT_CONFIDENCE: 0.113
[1780320777.025] SMART_INTENT_WANTS_SWITCH: 1
[1780320777.025] SMART_SCALAR_PHOTONS: 1.000
[1780320777.025] SMART_SCALAR_CHROMA: 1.000
[1780320777.025] SMART_SCALAR_MOOD: 1.000
[1780320777.025] SMART_SCALAR_SATURATION: 1.000
[1780320777.025] SMART_PALETTE_OVERLAY: 1
[1780320777.025] SMART_PALETTE_INDEX: 22
[1780320777.026] SMART_AUTO_COLOUR_SHIFT: 0
[1780320777.026] SMART_MIN_DWELL_MS: 12000
[1780320777.026] SMART_COOLDOWN_MS: 12000
[1780320777.026] SMART_SWITCH_WINDOW_MS: 90000
[1780320777.026] SMART_MAX_SWITCHES: 3
[1780320777.026] SMART_AUDIO_NOVELTY: 0.2076
[1780320777.026] SMART_AUDIO_ENERGY: 0.2066
[1780320777.026] SMART_EVENT_ID: 351
[1780320777.026] SMART_EVENT_AGE_MS: 13
[1780320777.026] SMART_ONSET: 1
[1780320777.026] SMART_BASS_ONSET: 0
[1780320777.027] SMART_BEAT_CONFIDENCE: 0.000
[1780320777.027] }}
[1780320777.068] >>> :vp_status
[1780320777.080] sbr{{
[1780320777.080] VP_PROFILE: candidate
[1780320777.080] VP_FIXES: agc_soft=on chroma_gate=on prism_off=on bloom_decay=off hsv_source_sat=on secondary_clean=on
[1780320777.081] VP_STREAM: on
[1780320777.081] AP_STREAM: on
[1780320777.082] VP_BLOOM: alpha=0.9900 shift=1.0000 force_sat=on
[1780320777.083] VP_WAVEFORM: idle_fade=0.9850 raw_margin=1.1000 peak_floor=0.0800 active_fade=0.0400 blend_gain=2.0000 fallback=1.0000 vu_floor=0.0200 shift_rate=120.0000
[1780320777.085] VP_CHROMA: seq=68164 range=60 profile=0 gate_gain=1.0000 pre_max=0.4162 pre_mean=0.2872 norm_max=1.0323 norm_mean=0.7123 flatness=0.3200 final_max=0.9323 final_mean=0.6123
[1780320777.087] VP_AGC: gain=0.5266 envelope=0.4756 floor=0.0010 gated=false
[1780320777.087] VP_RENDER_US: last=3579 avg=2364 max=6357
[1780320777.087] }}
[1780320777.435] [AP] SSL=280 DC=-4774 max_raw=1350 follower=1199 peak_scaled=0.683 silent_scale=1.000 silence=0 cal_source=config cal_valid=1
[1780320777.969] [VP] profile=candidate fix=111011 chroma_seq=68325 chroma_flatness=0.3856 chroma_norm_max=1.1478 chroma_norm_mean=0.7621 chroma_final_max=1.0000 chroma_final_mean=0.6581 agc_gain=0.4767 bloom_alpha=0.9900 bloom_shift=1.0000 wave_idle=0.9850 wave_raw_margin=1.1000 wave_peak_floor=0.0800 wave_vu_floor=0.0200 wave_shift=120.0000 render_us=2189 render_avg=2090 render_max=6357
[1780320778.971] [AP] SSL=280 DC=-4774 max_raw=2718 follower=1928 peak_scaled=0.976 silent_scale=1.000 silence=0 cal_source=config cal_valid=1
[1780320778.973] [VP] profile=candidate fix=111011 chroma_seq=68509 chroma_flatness=0.1621 chroma_norm_max=1.1012 chroma_norm_mean=0.9390 chroma_final_max=0.4112 chroma_final_mean=0.3446 agc_gain=0.4365 bloom_alpha=0.9900 bloom_shift=1.0000 wave_idle=0.9850 wave_raw_margin=1.1000 wave_peak_floor=0.0800 wave_vu_floor=0.0200 wave_shift=120.0000 render_us=2263 render_avg=1986 render_max=6357
[1780320779.448] [AP] SSL=280 DC=-4774 max_raw=508 follower=1736 peak_scaled=0.189 silent_scale=1.000 silence=0 cal_source=config cal_valid=1
[1780320779.977] [VP] profile=candidate fix=111011 chroma_seq=68692 chroma_flatness=0.1929 chroma_norm_max=0.8065 chroma_norm_mean=0.6136 chroma_final_max=0.3988 chroma_final_mean=0.2899 agc_gain=0.4439 bloom_alpha=0.9900 bloom_shift=1.0000 wave_idle=0.9850 wave_raw_margin=1.1000 wave_peak_floor=0.0800 wave_vu_floor=0.0200 wave_shift=120.0000 render_us=2287 render_avg=2017 render_max=6357
[1780320780.451] [AP] SSL=280 DC=-4774 max_raw=1425 follower=1687 peak_scaled=0.553 silent_scale=1.000 silence=0 cal_source=config cal_valid=1
[1780320780.976] [VP] profile=candidate fix=111011 chroma_seq=68876 chroma_flatness=0.2264 chroma_norm_max=0.8544 chroma_norm_mean=0.6280 chroma_final_max=0.5523 chroma_final_mean=0.3866 agc_gain=0.4537 bloom_alpha=0.9900 bloom_shift=1.0000 wave_idle=0.9850 wave_raw_margin=1.1000 wave_peak_floor=0.0800 wave_vu_floor=0.0200 wave_shift=120.0000 render_us=2187 render_avg=2007 render_max=6357
[1780320781.456] [AP] SSL=280 DC=-4774 max_raw=649 follower=1419 peak_scaled=0.422 silent_scale=1.000 silence=0 cal_source=config cal_valid=1
[1780320781.981] [VP] profile=candidate fix=111011 chroma_seq=69060 chroma_flatness=0.1332 chroma_norm_max=0.5419 chroma_norm_mean=0.4087 chroma_final_max=0.1175 chroma_final_mean=0.0821 agc_gain=0.5361 bloom_alpha=0.9900 bloom_shift=1.0000 wave_idle=0.9850 wave_raw_margin=1.1000 wave_peak_floor=0.0800 wave_vu_floor=0.0200 wave_shift=120.0000 render_us=2252 render_avg=2132 render_max=6357
[1780320782.061] >>> :smart_status
[1780320782.062] sbr{{
[1780320782.062] SMART_ASSIST: on
[1780320782.062] SMART_SWITCHING: on
[1780320782.062] SMART_DIRECTOR_AUTONOMY: on
[1780320782.062] SMART_HOOKS: on
[1780320782.063] SMART_CONFIDENCE_FLOOR: 0.070
[1780320782.063] SMART_APPLIED_MODE: 10
[1780320782.063] SMART_LAST_REQUESTED_MODE: 10
[1780320782.063] SMART_SWITCHES_IN_WINDOW: 3
[1780320782.064] SMART_MANUAL_OWNER_ACTIVE: 0
[1780320782.064] SMART_LAST_REASON: 3
[1780320782.064] SMART_STATE: 2
[1780320782.064] SMART_INTENT_MODE: 10
[1780320782.064] SMART_INTENT_CONFIDENCE: 0.111
[1780320782.064] SMART_INTENT_WANTS_SWITCH: 1
[1780320782.064] SMART_SCALAR_PHOTONS: 1.000
[1780320782.065] SMART_SCALAR_CHROMA: 1.000
[1780320782.065] SMART_SCALAR_MOOD: 1.000
[1780320782.065] SMART_SCALAR_SATURATION: 1.000
[1780320782.065] SMART_PALETTE_OVERLAY: 1
[1780320782.065] SMART_PALETTE_INDEX: 22
[1780320782.065] SMART_AUTO_COLOUR_SHIFT: 0
[1780320782.065] SMART_MIN_DWELL_MS: 12000
[1780320782.065] SMART_COOLDOWN_MS: 12000
[1780320782.065] SMART_SWITCH_WINDOW_MS: 90000
[1780320782.066] SMART_MAX_SWITCHES: 3
[1780320782.066] SMART_AUDIO_NOVELTY: 0.0828
[1780320782.067] SMART_AUDIO_ENERGY: 0.1358
[1780320782.067] SMART_EVENT_ID: 358
[1780320782.067] SMART_EVENT_AGE_MS: 413
[1780320782.067] SMART_ONSET: 0
[1780320782.067] SMART_BASS_ONSET: 0
[1780320782.067] SMART_BEAT_CONFIDENCE: 0.000
[1780320782.067] }}
[1780320782.114] >>> :vp_status
[1780320782.126] sbr{{
[1780320782.126] VP_PROFILE: candidate
[1780320782.127] VP_FIXES: agc_soft=on chroma_gate=on prism_off=on bloom_decay=off hsv_source_sat=on secondary_clean=on
[1780320782.127] VP_STREAM: on
[1780320782.127] AP_STREAM: on
[1780320782.127] VP_BLOOM: alpha=0.9900 shift=1.0000 force_sat=on
[1780320782.130] VP_WAVEFORM: idle_fade=0.9850 raw_margin=1.1000 peak_floor=0.0800 active_fade=0.0400 blend_gain=2.0000 fallback=1.0000 vu_floor=0.0200 shift_rate=120.0000
[1780320782.132] VP_CHROMA: seq=69087 range=60 profile=0 gate_gain=1.0000 pre_max=0.5294 pre_mean=0.3415 norm_max=1.2978 norm_mean=0.8371 flatness=0.4606 final_max=1.0000 final_mean=0.7207
[1780320782.133] VP_AGC: gain=0.5752 envelope=0.4799 floor=0.0010 gated=false
[1780320782.133] VP_RENDER_US: last=2273 avg=2108 max=6357
[1780320782.133] }}
[1780320782.461] [AP] SSL=280 DC=-4774 max_raw=897 follower=1349 peak_scaled=0.275 silent_scale=1.000 silence=0 cal_source=config cal_valid=1
[1780320782.986] [VP] profile=candidate fix=111011 chroma_seq=69242 chroma_flatness=0.3784 chroma_norm_max=0.7640 chroma_norm_mean=0.3856 chroma_final_max=0.6640 chroma_final_mean=0.2856 agc_gain=0.5582 bloom_alpha=0.9900 bloom_shift=1.0000 wave_idle=0.9850 wave_raw_margin=1.1000 wave_peak_floor=0.0800 wave_vu_floor=0.0200 wave_shift=120.0000 render_us=2306 render_avg=2123 render_max=6357
[1780320783.987] [AP] SSL=280 DC=-4774 max_raw=1544 follower=1180 peak_scaled=0.948 silent_scale=1.000 silence=0 cal_source=config cal_valid=1
[1780320783.988] [VP] profile=candidate fix=111011 chroma_seq=69426 chroma_flatness=0.3742 chroma_norm_max=1.0850 chroma_norm_mean=0.7108 chroma_final_max=0.9850 chroma_final_mean=0.6108 agc_gain=0.5041 bloom_alpha=0.9900 bloom_shift=1.0000 wave_idle=0.9850 wave_raw_margin=1.1000 wave_peak_floor=0.0800 wave_vu_floor=0.0200 wave_shift=120.0000 render_us=2276 render_avg=1947 render_max=6357
[1780320784.471] [AP] SSL=280 DC=-4774 max_raw=567 follower=1383 peak_scaled=0.585 silent_scale=1.000 silence=0 cal_source=config cal_valid=1
[1780320784.995] [VP] profile=candidate fix=111011 chroma_seq=69610 chroma_flatness=0.3648 chroma_norm_max=0.9263 chroma_norm_mean=0.5615 chroma_final_max=0.8263 chroma_final_mean=0.4654 agc_gain=0.4882 bloom_alpha=0.9900 bloom_shift=1.0000 wave_idle=0.9850 wave_raw_margin=1.1000 wave_peak_floor=0.0800 wave_vu_floor=0.0200 wave_shift=120.0000 render_us=2261 render_avg=2058 render_max=6357
[1780320785.476] [AP] SSL=280 DC=-4774 max_raw=489 follower=1095 peak_scaled=0.400 silent_scale=1.000 silence=0 cal_source=config cal_valid=1
[1780320786.001] [VP] profile=candidate fix=111011 chroma_seq=69794 chroma_flatness=0.2583 chroma_norm_max=0.7572 chroma_norm_mean=0.4989 chroma_final_max=0.5860 chroma_final_mean=0.3557 agc_gain=0.5564 bloom_alpha=0.9900 bloom_shift=1.0000 wave_idle=0.9850 wave_raw_margin=1.1000 wave_peak_floor=0.0800 wave_vu_floor=0.0200 wave_shift=120.0000 render_us=2243 render_avg=1884 render_max=6357
[1780320786.481] [AP] SSL=280 DC=-4774 max_raw=1838 follower=1451 peak_scaled=1.103 silent_scale=1.000 silence=0 cal_source=config cal_valid=1
[1780320787.004] [VP] profile=candidate fix=111011 chroma_seq=69979 chroma_flatness=0.2540 chroma_norm_max=0.7620 chroma_norm_mean=0.5080 chroma_final_max=0.5761 chroma_final_mean=0.3550 agc_gain=0.4990 bloom_alpha=0.9900 bloom_shift=1.0000 wave_idle=0.9850 wave_raw_margin=1.1000 wave_peak_floor=0.0800 wave_vu_floor=0.0200 wave_shift=120.0000 render_us=2221 render_avg=2058 render_max=6357
[1780320787.021] >>> :smart_status
[1780320787.031] sbr{{
[1780320787.031] SMART_ASSIST: on
[1780320787.031] SMART_SWITCHING: on
[1780320787.031] SMART_DIRECTOR_AUTONOMY: on
[1780320787.031] SMART_HOOKS: on
[1780320787.031] SMART_CONFIDENCE_FLOOR: 0.070
[1780320787.032] SMART_APPLIED_MODE: 10
[1780320787.032] SMART_LAST_REQUESTED_MODE: 10
[1780320787.032] SMART_SWITCHES_IN_WINDOW: 3
[1780320787.032] SMART_MANUAL_OWNER_ACTIVE: 0
[1780320787.032] SMART_LAST_REASON: 3
[1780320787.032] SMART_STATE: 2
[1780320787.032] SMART_INTENT_MODE: 10
[1780320787.032] SMART_INTENT_CONFIDENCE: 0.125
[1780320787.032] SMART_INTENT_WANTS_SWITCH: 1
[1780320787.033] SMART_SCALAR_PHOTONS: 1.000
[1780320787.033] SMART_SCALAR_CHROMA: 1.000
[1780320787.033] SMART_SCALAR_MOOD: 1.000
[1780320787.033] SMART_SCALAR_SATURATION: 1.000
[1780320787.033] SMART_PALETTE_OVERLAY: 1
[1780320787.034] SMART_PALETTE_INDEX: 22
[1780320787.034] SMART_AUTO_COLOUR_SHIFT: 0
[1780320787.034] SMART_MIN_DWELL_MS: 12000
[1780320787.034] SMART_COOLDOWN_MS: 12000
[1780320787.034] SMART_SWITCH_WINDOW_MS: 90000
[1780320787.034] SMART_MAX_SWITCHES: 3
[1780320787.034] SMART_AUDIO_NOVELTY: 0.0953
[1780320787.034] SMART_AUDIO_ENERGY: 0.1658
[1780320787.034] SMART_EVENT_ID: 366
[1780320787.034] SMART_EVENT_AGE_MS: 106
[1780320787.035] SMART_ONSET: 0
[1780320787.035] SMART_BASS_ONSET: 0
[1780320787.035] SMART_BEAT_CONFIDENCE: 0.000
[1780320787.035] }}
[1780320787.077] >>> :vp_status
[1780320787.094] sbr{{
[1780320787.094] VP_PROFILE: candidate
[1780320787.094] VP_FIXES: agc_soft=on chroma_gate=on prism_off=on bloom_decay=off hsv_source_sat=on secondary_clean=on
[1780320787.094] VP_STREAM: on
[1780320787.094] AP_STREAM: on
[1780320787.095] VP_BLOOM: alpha=0.9900 shift=1.0000 force_sat=on
[1780320787.098] VP_WAVEFORM: idle_fade=0.9850 raw_margin=1.1000 peak_floor=0.0800 active_fade=0.0400 blend_gain=2.0000 fallback=1.0000 vu_floor=0.0200 shift_rate=120.0000
[1780320787.099] VP_CHROMA: seq=69996 range=60 profile=0 gate_gain=1.0000 pre_max=0.3339 pre_mean=0.1781 norm_max=0.7061 norm_mean=0.3766 flatness=0.3295 final_max=0.6061 final_mean=0.2766
[1780320787.100] VP_AGC: gain=0.4666 envelope=0.5592 floor=0.0010 gated=false
[1780320787.100] VP_RENDER_US: last=2273 avg=2055 max=6357
[1780320787.100] }}
[1780320787.487] [AP] SSL=280 DC=-4774 max_raw=525 follower=1107 peak_scaled=0.185 silent_scale=1.000 silence=0 cal_source=config cal_valid=1
[1780320788.011] [VP] profile=candidate fix=111011 chroma_seq=70163 chroma_flatness=0.3758 chroma_norm_max=0.8710 chroma_norm_mean=0.4952 chroma_final_max=0.7710 chroma_final_mean=0.3980 agc_gain=0.7317 bloom_alpha=0.9900 bloom_shift=1.0000 wave_idle=0.9850 wave_raw_margin=1.1000 wave_peak_floor=0.0800 wave_vu_floor=0.0200 wave_shift=120.0000 render_us=2258 render_avg=1985 render_max=6357
[1780320788.491] [AP] SSL=280 DC=-4774 max_raw=416 follower=750 peak_scaled=0.256 silent_scale=1.000 silence=0 cal_source=config cal_valid=1
[1780320789.016] [VP] profile=candidate fix=111011 chroma_seq=70348 chroma_flatness=0.3935 chroma_norm_max=0.7539 chroma_norm_mean=0.3604 chroma_final_max=0.6539 chroma_final_mean=0.2604 agc_gain=0.8442 bloom_alpha=0.9900 bloom_shift=1.0000 wave_idle=0.9850 wave_raw_margin=1.1000 wave_peak_floor=0.0800 wave_vu_floor=0.0200 wave_shift=120.0000 render_us=2119 render_avg=1851 render_max=6357
[1780320789.497] [AP] SSL=280 DC=-4774 max_raw=424 follower=529 peak_scaled=0.426 silent_scale=1.000 silence=0 cal_source=config cal_valid=1
[1780320790.020] [VP] profile=candidate fix=111011 chroma_seq=70533 chroma_flatness=0.4093 chroma_norm_max=0.5694 chroma_norm_mean=0.1601 chroma_final_max=0.4694 chroma_final_mean=0.1013 agc_gain=0.9375 bloom_alpha=0.9900 bloom_shift=1.0000 wave_idle=0.9850 wave_raw_margin=1.1000 wave_peak_floor=0.0800 wave_vu_floor=0.0200 wave_shift=120.0000 render_us=2157 render_avg=1896 render_max=6357
[1780320790.503] [AP] SSL=280 DC=-4774 max_raw=897 follower=590 peak_scaled=0.863 silent_scale=1.000 silence=0 cal_source=config cal_valid=1
[1780320791.025] [VP] profile=candidate fix=111011 chroma_seq=70719 chroma_flatness=0.5673 chroma_norm_max=0.9122 chroma_norm_mean=0.3448 chroma_final_max=0.8122 chroma_final_mean=0.2682 agc_gain=0.6870 bloom_alpha=0.9900 bloom_shift=1.0000 wave_idle=0.9850 wave_raw_margin=1.1000 wave_peak_floor=0.0800 wave_vu_floor=0.0200 wave_shift=120.0000 render_us=2134 render_avg=1981 render_max=6357
[1780320792.026] [AP] SSL=280 DC=-4774 max_raw=388 follower=514 peak_scaled=0.398 silent_scale=1.000 silence=0 cal_source=config cal_valid=1
[1780320792.030] [VP] profile=candidate fix=111011 chroma_seq=70905 chroma_flatness=0.4621 chroma_norm_max=1.0152 chroma_norm_mean=0.5531 chroma_final_max=0.9152 chroma_final_mean=0.4531 agc_gain=0.7860 bloom_alpha=0.9900 bloom_shift=1.0000 wave_idle=0.9850 wave_raw_margin=1.1000 wave_peak_floor=0.0800 wave_vu_floor=0.0200 wave_shift=120.0000 render_us=2161 render_avg=1906 render_max=6357
[1780320792.045] >>> :smart_status
[1780320792.058] sbr{{
[1780320792.058] SMART_ASSIST: on
[1780320792.058] SMART_SWITCHING: on
[1780320792.058] SMART_DIRECTOR_AUTONOMY: on
[1780320792.058] SMART_HOOKS: on
[1780320792.059] SMART_CONFIDENCE_FLOOR: 0.070
[1780320792.059] SMART_APPLIED_MODE: 10
[1780320792.059] SMART_LAST_REQUESTED_MODE: 10
[1780320792.059] SMART_SWITCHES_IN_WINDOW: 3
[1780320792.059] SMART_MANUAL_OWNER_ACTIVE: 0
[1780320792.059] SMART_LAST_REASON: 3
[1780320792.059] SMART_STATE: 2
[1780320792.059] SMART_INTENT_MODE: 10
[1780320792.059] SMART_INTENT_CONFIDENCE: 0.108
[1780320792.059] SMART_INTENT_WANTS_SWITCH: 1
[1780320792.059] SMART_SCALAR_PHOTONS: 1.000
[1780320792.060] SMART_SCALAR_CHROMA: 1.000
[1780320792.060] SMART_SCALAR_MOOD: 1.000
[1780320792.060] SMART_SCALAR_SATURATION: 1.000
[1780320792.061] SMART_PALETTE_OVERLAY: 1
[1780320792.061] SMART_PALETTE_INDEX: 22
[1780320792.061] SMART_AUTO_COLOUR_SHIFT: 0
[1780320792.061] SMART_MIN_DWELL_MS: 12000
[1780320792.061] SMART_COOLDOWN_MS: 12000
[1780320792.061] SMART_SWITCH_WINDOW_MS: 90000
[1780320792.061] SMART_MAX_SWITCHES: 3
[1780320792.061] SMART_AUDIO_NOVELTY: 0.0835
[1780320792.061] SMART_AUDIO_ENERGY: 0.2040
[1780320792.061] SMART_EVENT_ID: 372
[1780320792.061] SMART_EVENT_AGE_MS: 286
[1780320792.062] SMART_ONSET: 0
[1780320792.062] SMART_BASS_ONSET: 0
[1780320792.062] SMART_BEAT_CONFIDENCE: 0.000
[1780320792.062] }}
[1780320792.095] >>> :vp_status
[1780320792.103] sbr{{
[1780320792.103] VP_PROFILE: candidate
[1780320792.104] VP_FIXES: agc_soft=on chroma_gate=on prism_off=on bloom_decay=off hsv_source_sat=on secondary_clean=on
[1780320792.104] VP_STREAM: on
[1780320792.104] AP_STREAM: on
[1780320792.105] VP_BLOOM: alpha=0.9900 shift=1.0000 force_sat=on
[1780320792.106] VP_WAVEFORM: idle_fade=0.9850 raw_margin=1.1000 peak_floor=0.0800 active_fade=0.0400 blend_gain=2.0000 fallback=1.0000 vu_floor=0.0200 shift_rate=120.0000
[1780320792.109] VP_CHROMA: seq=70919 range=60 profile=0 gate_gain=1.0000 pre_max=0.4137 pre_mean=0.2493 norm_max=1.0854 norm_mean=0.6471 flatness=0.4466 final_max=0.9937 final_mean=0.5572
[1780320792.111] VP_AGC: gain=0.7974 envelope=0.3108 floor=0.0010 gated=false
[1780320792.111] VP_RENDER_US: last=2128 avg=2012 max=6357
[1780320792.111] }}
[1780320792.512] [AP] SSL=280 DC=-4774 max_raw=525 follower=534 peak_scaled=0.617 silent_scale=1.000 silence=0 cal_source=config cal_valid=1
[1780320793.036] [VP] profile=candidate fix=111011 chroma_seq=71090 chroma_flatness=0.3216 chroma_norm_max=0.6484 chroma_norm_mean=0.3268 chroma_final_max=0.5484 chroma_final_mean=0.2366 agc_gain=0.6821 bloom_alpha=0.9900 bloom_shift=1.0000 wave_idle=0.9850 wave_raw_margin=1.1000 wave_peak_floor=0.0800 wave_vu_floor=0.0200 wave_shift=120.0000 render_us=2167 render_avg=1770 render_max=6357
[1780320794.038] [AP] SSL=280 DC=-4774 max_raw=421 follower=564 peak_scaled=0.271 silent_scale=1.000 silence=0 cal_source=config cal_valid=1
[1780320794.041] [VP] profile=candidate fix=111011 chroma_seq=71274 chroma_flatness=0.2941 chroma_norm_max=0.5809 chroma_norm_mean=0.2868 chroma_final_max=0.4809 chroma_final_mean=0.1875 agc_gain=0.6723 bloom_alpha=0.9900 bloom_shift=1.0000 wave_idle=0.9850 wave_raw_margin=1.1000 wave_peak_floor=0.0800 wave_vu_floor=0.0200 wave_shift=120.0000 render_us=2226 render_avg=2110 render_max=6357
[1780320795.041] [AP] SSL=280 DC=-4774 max_raw=1194 follower=741 peak_scaled=1.000 silent_scale=1.000 silence=0 cal_source=config cal_valid=1
[1780320795.043] [VP] profile=candidate fix=111011 chroma_seq=71455 chroma_flatness=0.2067 chroma_norm_max=0.6795 chroma_norm_mean=0.4728 chroma_final_max=0.3672 chroma_final_mean=0.2362 agc_gain=0.7074 bloom_alpha=0.9900 bloom_shift=1.0000 wave_idle=0.9850 wave_raw_margin=1.1000 wave_peak_floor=0.0800 wave_vu_floor=0.0200 wave_shift=120.0000 render_us=2269 render_avg=1967 render_max=6357
[1780320795.527] [AP] SSL=280 DC=-4774 max_raw=1695 follower=1438 peak_scaled=0.711 silent_scale=1.000 silence=0 cal_source=config cal_valid=1
[1780320796.044] [VP] profile=candidate fix=111011 chroma_seq=71638 chroma_flatness=0.2534 chroma_norm_max=0.6871 chroma_norm_mean=0.4336 chroma_final_max=0.5091 chroma_final_mean=0.2893 agc_gain=0.5702 bloom_alpha=0.9900 bloom_shift=1.0000 wave_idle=0.9850 wave_raw_margin=1.1000 wave_peak_floor=0.0800 wave_vu_floor=0.0200 wave_shift=120.0000 render_us=2272 render_avg=1959 render_max=6357
[1780320796.532] [AP] SSL=280 DC=-4774 max_raw=915 follower=1320 peak_scaled=0.532 silent_scale=1.000 silence=0 cal_source=config cal_valid=1
[1780320797.034] >>> :smart_status
[1780320797.050] [VP] profile=candidate fix=111011 chroma_seq=71823 chroma_flatness=0.3033 chroma_norm_max=0.5923 chroma_norm_mean=0.2890 chroma_final_max=0.4923 chroma_final_mean=0.1992 agc_gain=0.6824 bloom_alpha=0.9900 bloom_shift=1.0000 wave_idle=0.9850 wave_raw_margin=1.1000 wave_peak_floor=0.0800 wave_vu_floor=0.0200 wave_shift=120.0000 render_us=2205 render_avg=2099 render_max=6357
[1780320797.051] sbr{{
[1780320797.051] SMART_ASSIST: on
[1780320797.051] SMART_SWITCHING: on
[1780320797.052] SMART_DIRECTOR_AUTONOMY: on
[1780320797.052] SMART_HOOKS: on
[1780320797.052] SMART_CONFIDENCE_FLOOR: 0.070
[1780320797.052] SMART_APPLIED_MODE: 10
[1780320797.052] SMART_LAST_REQUESTED_MODE: 11
[1780320797.052] SMART_SWITCHES_IN_WINDOW: 3
[1780320797.052] SMART_MANUAL_OWNER_ACTIVE: 0
[1780320797.052] SMART_LAST_REASON: 9
[1780320797.053] SMART_STATE: 2
[1780320797.053] SMART_INTENT_MODE: 11
[1780320797.053] SMART_INTENT_CONFIDENCE: 0.097
[1780320797.054] SMART_INTENT_WANTS_SWITCH: 1
[1780320797.054] SMART_SCALAR_PHOTONS: 1.000
[1780320797.054] SMART_SCALAR_CHROMA: 1.000
[1780320797.054] SMART_SCALAR_MOOD: 1.000
[1780320797.054] SMART_SCALAR_SATURATION: 1.000
[1780320797.054] SMART_PALETTE_OVERLAY: 1
[1780320797.054] SMART_PALETTE_INDEX: 11
[1780320797.054] SMART_AUTO_COLOUR_SHIFT: 0
[1780320797.054] SMART_MIN_DWELL_MS: 12000
[1780320797.055] SMART_COOLDOWN_MS: 12000
[1780320797.055] SMART_SWITCH_WINDOW_MS: 90000
[1780320797.055] SMART_MAX_SWITCHES: 3
[1780320797.055] SMART_AUDIO_NOVELTY: 0.1317
[1780320797.055] SMART_AUDIO_ENERGY: 0.1110
[1780320797.055] SMART_EVENT_ID: 382
[1780320797.055] SMART_EVENT_AGE_MS: 622
[1780320797.056] SMART_ONSET: 0
[1780320797.056] SMART_BASS_ONSET: 0
[1780320797.056] SMART_BEAT_CONFIDENCE: 0.000
[1780320797.056] }}
[1780320797.089] >>> :vp_status
[1780320797.098] sbr{{
[1780320797.099] VP_PROFILE: candidate
[1780320797.099] VP_FIXES: agc_soft=on chroma_gate=on prism_off=on bloom_decay=off hsv_source_sat=on secondary_clean=on
[1780320797.099] VP_STREAM: on
[1780320797.099] AP_STREAM: on
[1780320797.101] VP_BLOOM: alpha=0.9900 shift=1.0000 force_sat=on
[1780320797.102] VP_WAVEFORM: idle_fade=0.9850 raw_margin=1.1000 peak_floor=0.0800 active_fade=0.0400 blend_gain=2.0000 fallback=1.0000 vu_floor=0.0200 shift_rate=120.0000
[1780320797.104] VP_CHROMA: seq=71832 range=60 profile=0 gate_gain=1.0000 pre_max=0.5212 pre_mean=0.3683 norm_max=1.2843 norm_mean=0.9075 flatness=0.3768 final_max=1.0000 final_mean=0.7806
[1780320797.106] VP_AGC: gain=0.6969 envelope=0.4208 floor=0.0010 gated=false
[1780320797.106] VP_RENDER_US: last=3247 avg=2320 max=6357
[1780320797.106] }}
[1780320798.052] [AP] SSL=280 DC=-4774 max_raw=117 follower=1086 peak_scaled=-0.136 silent_scale=1.000 silence=0 cal_source=config cal_valid=1
[1780320798.055] [VP] profile=candidate fix=111011 chroma_seq=72007 chroma_flatness=0.0324 chroma_norm_max=0.0353 chroma_norm_mean=0.0030 chroma_final_max=0.0000 chroma_final_mean=0.0000 agc_gain=2.5342 bloom_alpha=0.9900 bloom_shift=1.0000 wave_idle=0.9850 wave_raw_margin=1.1000 wave_peak_floor=0.0800 wave_vu_floor=0.0200 wave_shift=120.0000 render_us=2153 render_avg=1982 render_max=6357
[1780320798.542] [AP] SSL=280 DC=-4774 max_raw=210 follower=753 peak_scaled=0.080 silent_scale=1.000 silence=0 cal_source=config cal_valid=1
[1780320799.057] [VP] profile=candidate fix=111011 chroma_seq=72192 chroma_flatness=0.0175 chroma_norm_max=0.0205 chroma_norm_mean=0.0030 chroma_final_max=0.0000 chroma_final_mean=0.0000 agc_gain=2.7637 bloom_alpha=0.9900 bloom_shift=1.0000 wave_idle=0.9850 wave_raw_margin=1.1000 wave_peak_floor=0.0800 wave_vu_floor=0.0200 wave_shift=120.0000 render_us=2053 render_avg=1845 render_max=6357
[1780320800.061] [AP] SSL=280 DC=-4774 max_raw=76 follower=299 peak_scaled=-0.674 silent_scale=1.000 silence=0 cal_source=config cal_valid=1
[1780320800.064] [VP] profile=candidate fix=111011 chroma_seq=72376 chroma_flatness=0.0025 chroma_norm_max=0.0030 chroma_norm_mean=0.0005 chroma_final_max=0.0000 chroma_final_mean=0.0000 agc_gain=9.9173 bloom_alpha=0.9900 bloom_shift=1.0000 wave_idle=0.9850 wave_raw_margin=1.1000 wave_peak_floor=0.0800 wave_vu_floor=0.0200 wave_shift=120.0000 render_us=2161 render_avg=2002 render_max=6357
[1780320800.551] [AP] SSL=280 DC=-4774 max_raw=54 follower=280 peak_scaled=-0.733 silent_scale=1.000 silence=0 cal_source=config cal_valid=1
[1780320801.067] [VP] profile=candidate fix=111011 chroma_seq=72559 chroma_flatness=0.1497 chroma_norm_max=0.3843 chroma_norm_mean=0.2346 chroma_final_max=0.0991 chroma_final_mean=0.0485 agc_gain=5.8809 bloom_alpha=0.9900 bloom_shift=1.0000 wave_idle=0.9850 wave_raw_margin=1.1000 wave_peak_floor=0.0800 wave_vu_floor=0.0200 wave_shift=120.0000 render_us=1181 render_avg=1862 render_max=6357
[1780320801.556] [AP] SSL=280 DC=-4774 max_raw=49 follower=280 peak_scaled=-0.677 silent_scale=1.000 silence=0 cal_source=config cal_valid=1
[1780320802.066] [VP] profile=candidate fix=111011 chroma_seq=72744 chroma_flatness=0.0497 chroma_norm_max=0.0544 chroma_norm_mean=0.0047 chroma_final_max=0.0000 chroma_final_mean=0.0000 agc_gain=9.6620 bloom_alpha=0.9900 bloom_shift=1.0000 wave_idle=0.9850 wave_raw_margin=1.1000 wave_peak_floor=0.0800 wave_vu_floor=0.0200 wave_shift=120.0000 render_us=2203 render_avg=1984 render_max=6357
[1780320803.065] [AP] SSL=280 DC=-4774 max_raw=104 follower=280 peak_scaled=-0.615 silent_scale=1.000 silence=0 cal_source=config cal_valid=1
[1780320803.068] [VP] profile=candidate fix=111011 chroma_seq=72927 chroma_flatness=0.0332 chroma_norm_max=0.0362 chroma_norm_mean=0.0030 chroma_final_max=0.0000 chroma_final_mean=0.0000 agc_gain=9.9995 bloom_alpha=0.9900 bloom_shift=1.0000 wave_idle=0.9850 wave_raw_margin=1.1000 wave_peak_floor=0.0800 wave_vu_floor=0.0200 wave_shift=120.0000 render_us=2229 render_avg=2032 render_max=6357
[1780320803.568] [AP] SSL=280 DC=-4774 max_raw=94 follower=280 peak_scaled=-0.729 silent_scale=1.000 silence=0 cal_source=config cal_valid=1
[1780320804.073] [VP] profile=candidate fix=111011 chroma_seq=73111 chroma_flatness=0.1873 chroma_norm_max=0.2044 chroma_norm_mean=0.0170 chroma_final_max=0.0560 chroma_final_mean=0.0047 agc_gain=9.9997 bloom_alpha=0.9900 bloom_shift=1.0000 wave_idle=0.9850 wave_raw_margin=1.1000 wave_peak_floor=0.0800 wave_vu_floor=0.0200 wave_shift=120.0000 render_us=2218 render_avg=2014 render_max=6357
[1780320804.571] [AP] SSL=280 DC=-4774 max_raw=71 follower=280 peak_scaled=-0.661 silent_scale=1.000 silence=0 cal_source=config cal_valid=1
[1780320805.078] [VP] profile=candidate fix=111011 chroma_seq=73294 chroma_flatness=0.0416 chroma_norm_max=0.0456 chroma_norm_mean=0.0040 chroma_final_max=0.0000 chroma_final_mean=0.0000 agc_gain=9.9997 bloom_alpha=0.9900 bloom_shift=1.0000 wave_idle=0.9850 wave_raw_margin=1.1000 wave_peak_floor=0.0800 wave_vu_floor=0.0200 wave_shift=120.0000 render_us=2210 render_avg=2023 render_max=6357
[1780320806.080] [AP] SSL=280 DC=-4774 max_raw=121 follower=280 peak_scaled=-0.673 silent_scale=1.000 silence=0 cal_source=config cal_valid=1
[1780320806.083] [VP] profile=candidate fix=111011 chroma_seq=73478 chroma_flatness=0.2421 chroma_norm_max=0.2656 chroma_norm_mean=0.0235 chroma_final_max=0.1342 chroma_final_mean=0.0112 agc_gain=9.9997 bloom_alpha=0.9900 bloom_shift=1.0000 wave_idle=0.9850 wave_raw_margin=1.1000 wave_peak_floor=0.0800 wave_vu_floor=0.0200 wave_shift=120.0000 render_us=2207 render_avg=2023 render_max=6357
[1780320806.583] [AP] SSL=280 DC=-4774 max_raw=70 follower=280 peak_scaled=-0.706 silent_scale=1.000 silence=0 cal_source=config cal_valid=1
[1780320807.090] [VP] profile=candidate fix=111011 chroma_seq=73663 chroma_flatness=0.0119 chroma_norm_max=0.0130 chroma_norm_mean=0.0011 chroma_final_max=0.0000 chroma_final_mean=0.0000 agc_gain=1.9520 bloom_alpha=0.9900 bloom_shift=1.0000 wave_idle=0.9850 wave_raw_margin=1.1000 wave_peak_floor=0.0800 wave_vu_floor=0.0200 wave_shift=120.0000 render_us=2067 render_avg=1756 render_max=6357
[1780320807.254] ### CLIP_END id=steady-groove-lavern-mid ffplay_rc=0 video_rc=-9
[1780320807.254] ### VIDEO_STDERR [avfoundation @ 0x88a810000] Selected pixel format (yuv420p) is not supported by the input device. | [avfoundation @ 0x88a810000] Supported pixel formats: | [avfoundation @ 0x88a810000]   uyvy422 | [avfoundation @ 0x88a810000]   yuyv422 | [avfoundation @ 0x88a810000]   nv12 | [avfoundation @ 0x88a810000]   0rgb | [avfoundation @ 0x88a810000]   bgr0
[1780320807.254] ### CLIP_START id=drop-heavy-shelter-main track=Shelter-Mix-Cut-Yoel-Lewis-Remix.mp3 start=75.0 duration=25.0
[1780320807.367] >>> :smart_status
[1780320807.372] sbr{{
[1780320807.372] SMART_ASSIST: on
[1780320807.372] SMART_SWITCHING: on
[1780320807.373] SMART_DIRECTOR_AUTONOMY: on
[1780320807.373] SMART_HOOKS: on
[1780320807.373] SMART_CONFIDENCE_FLOOR: 0.070
[1780320807.373] SMART_APPLIED_MODE: 10
[1780320807.373] SMART_LAST_REQUESTED_MODE: 3
[1780320807.373] SMART_SWITCHES_IN_WINDOW: 3
[1780320807.373] SMART_MANUAL_OWNER_ACTIVE: 0
[1780320807.373] SMART_LAST_REASON: 0
[1780320807.373] SMART_STATE: 1
[1780320807.373] SMART_INTENT_MODE: 3
[1780320807.373] SMART_INTENT_CONFIDENCE: 0.023
[1780320807.374] SMART_INTENT_WANTS_SWITCH: 0
[1780320807.374] SMART_SCALAR_PHOTONS: 0.860
[1780320807.374] SMART_SCALAR_CHROMA: 0.920
[1780320807.374] SMART_SCALAR_MOOD: 1.000
[1780320807.374] SMART_SCALAR_SATURATION: 0.900
[1780320807.374] SMART_PALETTE_OVERLAY: 1
[1780320807.374] SMART_PALETTE_INDEX: 22
[1780320807.374] SMART_AUTO_COLOUR_SHIFT: 0
[1780320807.375] SMART_MIN_DWELL_MS: 12000
[1780320807.376] SMART_COOLDOWN_MS: 12000
[1780320807.376] SMART_SWITCH_WINDOW_MS: 90000
[1780320807.376] SMART_MAX_SWITCHES: 3
[1780320807.376] SMART_AUDIO_NOVELTY: 0.0315
[1780320807.376] SMART_AUDIO_ENERGY: 0.0167
[1780320807.376] SMART_EVENT_ID: 386
[1780320807.376] SMART_EVENT_AGE_MS: 743
[1780320807.376] SMART_ONSET: 0
[1780320807.376] SMART_BASS_ONSET: 0
[1780320807.376] SMART_BEAT_CONFIDENCE: 0.000
[1780320807.377] }}
[1780320807.422] >>> :vp_status
[1780320807.427] sbr{{
[1780320807.427] VP_PROFILE: candidate
[1780320807.427] VP_FIXES: agc_soft=on chroma_gate=on prism_off=on bloom_decay=off hsv_source_sat=on secondary_clean=on
[1780320807.427] VP_STREAM: on
[1780320807.427] AP_STREAM: on
[1780320807.428] VP_BLOOM: alpha=0.9900 shift=1.0000 force_sat=on
[1780320807.430] VP_WAVEFORM: idle_fade=0.9850 raw_margin=1.1000 peak_floor=0.0800 active_fade=0.0400 blend_gain=2.0000 fallback=1.0000 vu_floor=0.0200 shift_rate=120.0000
[1780320807.432] VP_CHROMA: seq=73726 range=60 profile=0 gate_gain=0.0000 pre_max=0.0071 pre_mean=0.0006 norm_max=0.0099 norm_mean=0.0008 flatness=0.0082 final_max=0.0000 final_mean=0.0000
[1780320807.434] VP_AGC: gain=3.6273 envelope=0.0508 floor=0.0010 gated=false
[1780320807.434] VP_RENDER_US: last=2146 avg=1815 max=6357
[1780320807.434] }}
[1780320807.588] [AP] SSL=280 DC=-4774 max_raw=39 follower=280 peak_scaled=-0.752 silent_scale=1.000 silence=0 cal_source=config cal_valid=1
[1780320808.095] [VP] profile=candidate fix=111011 chroma_seq=73847 chroma_flatness=0.2497 chroma_norm_max=0.7609 chroma_norm_mean=0.5113 chroma_final_max=0.5607 chroma_final_mean=0.3489 agc_gain=2.8607 bloom_alpha=0.9900 bloom_shift=1.0000 wave_idle=0.9850 wave_raw_margin=1.1000 wave_peak_floor=0.0800 wave_vu_floor=0.0200 wave_shift=120.0000 render_us=2293 render_avg=2010 render_max=6357
[1780320808.592] [AP] SSL=280 DC=-4774 max_raw=1067 follower=1545 peak_scaled=0.715 silent_scale=1.000 silence=0 cal_source=config cal_valid=1
[1780320809.099] [VP] profile=candidate fix=111011 chroma_seq=74032 chroma_flatness=0.0960 chroma_norm_max=0.4741 chroma_norm_mean=0.3781 chroma_final_max=0.0299 chroma_final_mean=0.0222 agc_gain=0.6132 bloom_alpha=0.9900 bloom_shift=1.0000 wave_idle=0.9850 wave_raw_margin=1.1000 wave_peak_floor=0.0800 wave_vu_floor=0.0200 wave_shift=120.0000 render_us=2291 render_avg=2046 render_max=6357
[1780320809.598] [AP] SSL=280 DC=-4774 max_raw=1750 follower=1410 peak_scaled=0.990 silent_scale=1.000 silence=0 cal_source=config cal_valid=1
[1780320810.107] [VP] profile=candidate fix=111011 chroma_seq=74217 chroma_flatness=0.1930 chroma_norm_max=0.7083 chroma_norm_mean=0.5152 chroma_final_max=0.3437 chroma_final_mean=0.2346 agc_gain=0.6588 bloom_alpha=0.9900 bloom_shift=1.0000 wave_idle=0.9850 wave_raw_margin=1.1000 wave_peak_floor=0.0800 wave_vu_floor=0.0200 wave_shift=120.0000 render_us=2209 render_avg=1956 render_max=6357
[1780320810.601] [AP] SSL=280 DC=-4774 max_raw=1062 follower=1422 peak_scaled=0.529 silent_scale=1.000 silence=0 cal_source=config cal_valid=1
[1780320811.110] [VP] profile=candidate fix=111011 chroma_seq=74401 chroma_flatness=0.3376 chroma_norm_max=0.7928 chroma_norm_mean=0.4552 chroma_final_max=0.6928 chroma_final_mean=0.3552 agc_gain=0.7192 bloom_alpha=0.9900 bloom_shift=1.0000 wave_idle=0.9850 wave_raw_margin=1.1000 wave_peak_floor=0.0800 wave_vu_floor=0.0200 wave_shift=120.0000 render_us=2190 render_avg=1958 render_max=6357
[1780320812.112] [AP] SSL=280 DC=-4774 max_raw=382 follower=1347 peak_scaled=0.272 silent_scale=1.000 silence=0 cal_source=config cal_valid=1
[1780320812.114] [VP] profile=candidate fix=111011 chroma_seq=74585 chroma_flatness=0.1634 chroma_norm_max=0.7611 chroma_norm_mean=0.5977 chroma_final_max=0.2757 chroma_final_mean=0.2076 agc_gain=0.6246 bloom_alpha=0.9900 bloom_shift=1.0000 wave_idle=0.9850 wave_raw_margin=1.1000 wave_peak_floor=0.0800 wave_vu_floor=0.0200 wave_shift=120.0000 render_us=2289 render_avg=1975 render_max=6357
[1780320812.406] >>> :smart_status
[1780320812.408] sbr{{
[1780320812.408] SMART_ASSIST: on
[1780320812.408] SMART_SWITCHING: on
[1780320812.408] SMART_DIRECTOR_AUTONOMY: on
[1780320812.408] SMART_HOOKS: on
[1780320812.408] SMART_CONFIDENCE_FLOOR: 0.070
[1780320812.408] SMART_APPLIED_MODE: 10
[1780320812.409] SMART_LAST_REQUESTED_MODE: 11
[1780320812.409] SMART_SWITCHES_IN_WINDOW: 3
[1780320812.409] SMART_MANUAL_OWNER_ACTIVE: 0
[1780320812.409] SMART_LAST_REASON: 9
[1780320812.409] SMART_STATE: 2
[1780320812.409] SMART_INTENT_MODE: 11
[1780320812.410] SMART_INTENT_CONFIDENCE: 0.142
[1780320812.410] SMART_INTENT_WANTS_SWITCH: 1
[1780320812.410] SMART_SCALAR_PHOTONS: 1.000
[1780320812.410] SMART_SCALAR_CHROMA: 1.000
[1780320812.410] SMART_SCALAR_MOOD: 1.000
[1780320812.410] SMART_SCALAR_SATURATION: 1.000
[1780320812.410] SMART_PALETTE_OVERLAY: 1
[1780320812.410] SMART_PALETTE_INDEX: 11
[1780320812.410] SMART_AUTO_COLOUR_SHIFT: 0
[1780320812.410] SMART_MIN_DWELL_MS: 12000
[1780320812.411] SMART_COOLDOWN_MS: 12000
[1780320812.412] SMART_SWITCH_WINDOW_MS: 90000
[1780320812.412] SMART_MAX_SWITCHES: 3
[1780320812.412] SMART_AUDIO_NOVELTY: 0.1327
[1780320812.412] SMART_AUDIO_ENERGY: 0.2758
[1780320812.412] SMART_EVENT_ID: 399
[1780320812.412] SMART_EVENT_AGE_MS: 50
[1780320812.412] SMART_ONSET: 1
[1780320812.412] SMART_BASS_ONSET: 0
[1780320812.413] SMART_BEAT_CONFIDENCE: 0.000
[1780320812.414] }}
[1780320812.459] >>> :vp_status
[1780320812.472] sbr{{
[1780320812.472] VP_PROFILE: candidate
[1780320812.472] VP_FIXES: agc_soft=on chroma_gate=on prism_off=on bloom_decay=off hsv_source_sat=on secondary_clean=on
[1780320812.472] VP_STREAM: on
[1780320812.472] AP_STREAM: on
[1780320812.473] VP_BLOOM: alpha=0.9900 shift=1.0000 force_sat=on
[1780320812.475] VP_WAVEFORM: idle_fade=0.9850 raw_margin=1.1000 peak_floor=0.0800 active_fade=0.0400 blend_gain=2.0000 fallback=1.0000 vu_floor=0.0200 shift_rate=120.0000
[1780320812.477] VP_CHROMA: seq=74651 range=60 profile=0 gate_gain=1.0000 pre_max=0.3134 pre_mean=0.1909 norm_max=0.7721 norm_mean=0.4703 flatness=0.3018 final_max=0.6721 final_mean=0.3703
[1780320812.477] VP_AGC: gain=0.6526 envelope=0.3888 floor=0.0010 gated=false
[1780320812.477] VP_RENDER_US: last=2266 avg=2065 max=6357
[1780320812.478] }}
[1780320812.611] [AP] SSL=280 DC=-4774 max_raw=493 follower=1439 peak_scaled=0.234 silent_scale=1.000 silence=0 cal_source=config cal_valid=1
[1780320813.120] [VP] profile=candidate fix=111011 chroma_seq=74768 chroma_flatness=0.3126 chroma_norm_max=0.7107 chroma_norm_mean=0.3981 chroma_final_max=0.6107 chroma_final_mean=0.2981 agc_gain=0.6598 bloom_alpha=0.9900 bloom_shift=1.0000 wave_idle=0.9850 wave_raw_margin=1.1000 wave_peak_floor=0.0800 wave_vu_floor=0.0200 wave_shift=120.0000 render_us=2182 render_avg=1912 render_max=6357
[1780320813.616] [AP] SSL=280 DC=-4774 max_raw=865 follower=1361 peak_scaled=0.381 silent_scale=1.000 silence=0 cal_source=config cal_valid=1
[1780320814.123] [VP] profile=candidate fix=111011 chroma_seq=74952 chroma_flatness=0.2374 chroma_norm_max=0.7888 chroma_norm_mean=0.5513 chroma_final_max=0.5421 chroma_final_mean=0.3552 agc_gain=0.7460 bloom_alpha=0.9900 bloom_shift=1.0000 wave_idle=0.9850 wave_raw_margin=1.1000 wave_peak_floor=0.0800 wave_vu_floor=0.0200 wave_shift=120.0000 render_us=2222 render_avg=2013 render_max=6357
[1780320814.622] [AP] SSL=280 DC=-4774 max_raw=1662 follower=1291 peak_scaled=0.780 silent_scale=1.000 silence=0 cal_source=config cal_valid=1
[1780320815.132] [VP] profile=candidate fix=111011 chroma_seq=75136 chroma_flatness=0.2053 chroma_norm_max=1.0685 chroma_norm_mean=0.8632 chroma_final_max=0.6067 chroma_final_mean=0.4781 agc_gain=0.7236 bloom_alpha=0.9900 bloom_shift=1.0000 wave_idle=0.9850 wave_raw_margin=1.1000 wave_peak_floor=0.0800 wave_vu_floor=0.0200 wave_shift=120.0000 render_us=2286 render_avg=1970 render_max=6357
[1780320816.135] [AP] SSL=280 DC=-4774 max_raw=1406 follower=1342 peak_scaled=0.899 silent_scale=1.000 silence=0 cal_source=config cal_valid=1
[1780320816.136] [VP] profile=candidate fix=111011 chroma_seq=75321 chroma_flatness=0.1196 chroma_norm_max=0.7457 chroma_norm_mean=0.6261 chroma_final_max=0.1279 chroma_final_mean=0.1042 agc_gain=0.6074 bloom_alpha=0.9900 bloom_shift=1.0000 wave_idle=0.9850 wave_raw_margin=1.1000 wave_peak_floor=0.0800 wave_vu_floor=0.0200 wave_shift=120.0000 render_us=2216 render_avg=1904 render_max=6357
[1780320816.633] [AP] SSL=280 DC=-4774 max_raw=892 follower=1440 peak_scaled=0.363 silent_scale=1.000 silence=0 cal_source=config cal_valid=1
[1780320817.142] [VP] profile=candidate fix=111011 chroma_seq=75506 chroma_flatness=0.2520 chroma_norm_max=0.8315 chroma_norm_mean=0.5794 chroma_final_max=0.6292 chroma_final_mean=0.4124 agc_gain=0.6949 bloom_alpha=0.9900 bloom_shift=1.0000 wave_idle=0.9850 wave_raw_margin=1.1000 wave_peak_floor=0.0800 wave_vu_floor=0.0200 wave_shift=120.0000 render_us=2175 render_avg=1914 render_max=6357
[1780320817.409] >>> :smart_status
[1780320817.417] sbr{{
[1780320817.417] SMART_ASSIST: on
[1780320817.417] SMART_SWITCHING: on
[1780320817.417] SMART_DIRECTOR_AUTONOMY: on
[1780320817.417] SMART_HOOKS: on
[1780320817.417] SMART_CONFIDENCE_FLOOR: 0.070
[1780320817.418] SMART_APPLIED_MODE: 10
[1780320817.418] SMART_LAST_REQUESTED_MODE: 11
[1780320817.418] SMART_SWITCHES_IN_WINDOW: 3
[1780320817.418] SMART_MANUAL_OWNER_ACTIVE: 0
[1780320817.419] SMART_LAST_REASON: 9
[1780320817.419] SMART_STATE: 2
[1780320817.419] SMART_INTENT_MODE: 11
[1780320817.419] SMART_INTENT_CONFIDENCE: 0.143
[1780320817.419] SMART_INTENT_WANTS_SWITCH: 1
[1780320817.419] SMART_SCALAR_PHOTONS: 1.000
[1780320817.419] SMART_SCALAR_CHROMA: 1.000
[1780320817.419] SMART_SCALAR_MOOD: 1.000
[1780320817.420] SMART_SCALAR_SATURATION: 1.000
[1780320817.420] SMART_PALETTE_OVERLAY: 1
[1780320817.420] SMART_PALETTE_INDEX: 11
[1780320817.420] SMART_AUTO_COLOUR_SHIFT: 0
[1780320817.420] SMART_MIN_DWELL_MS: 12000
[1780320817.420] SMART_COOLDOWN_MS: 12000
[1780320817.420] SMART_SWITCH_WINDOW_MS: 90000
[1780320817.420] SMART_MAX_SWITCHES: 3
[1780320817.420] SMART_AUDIO_NOVELTY: 0.0941
[1780320817.421] SMART_AUDIO_ENERGY: 0.1813
[1780320817.422] SMART_EVENT_ID: 405
[1780320817.422] SMART_EVENT_AGE_MS: 60
[1780320817.422] SMART_ONSET: 0
[1780320817.422] SMART_BASS_ONSET: 1
[1780320817.422] SMART_BEAT_CONFIDENCE: 0.000
[1780320817.422] }}
[1780320817.465] >>> :vp_status
[1780320817.467] sbr{{
[1780320817.467] VP_PROFILE: candidate
[1780320817.467] VP_FIXES: agc_soft=on chroma_gate=on prism_off=on bloom_decay=off hsv_source_sat=on secondary_clean=on
[1780320817.467] VP_STREAM: on
[1780320817.467] AP_STREAM: on
[1780320817.468] VP_BLOOM: alpha=0.9900 shift=1.0000 force_sat=on
[1780320817.470] VP_WAVEFORM: idle_fade=0.9850 raw_margin=1.1000 peak_floor=0.0800 active_fade=0.0400 blend_gain=2.0000 fallback=1.0000 vu_floor=0.0200 shift_rate=120.0000
[1780320817.472] VP_CHROMA: seq=75566 range=60 profile=0 gate_gain=0.4819 pre_max=0.3675 pre_mean=0.2956 norm_max=0.9011 norm_mean=0.7247 flatness=0.1764 final_max=0.3860 final_mean=0.3011
[1780320817.473] VP_AGC: gain=0.6733 envelope=0.3711 floor=0.0010 gated=false
[1780320817.473] VP_RENDER_US: last=2172 avg=1914 max=6357
[1780320817.473] }}
[1780320817.637] [AP] SSL=280 DC=-4774 max_raw=686 follower=1290 peak_scaled=0.364 silent_scale=1.000 silence=0 cal_source=config cal_valid=1
[1780320818.147] [VP] profile=candidate fix=111011 chroma_seq=75690 chroma_flatness=0.3103 chroma_norm_max=0.6624 chroma_norm_mean=0.3521 chroma_final_max=0.5625 chroma_final_mean=0.2569 agc_gain=0.7188 bloom_alpha=0.9900 bloom_shift=1.0000 wave_idle=0.9850 wave_raw_margin=1.1000 wave_peak_floor=0.0800 wave_vu_floor=0.0200 wave_shift=120.0000 render_us=2199 render_avg=1994 render_max=6357
[1780320819.147] [AP] SSL=280 DC=-4774 max_raw=704 follower=1293 peak_scaled=0.309 silent_scale=1.000 silence=0 cal_source=config cal_valid=1
[1780320819.149] [VP] profile=candidate fix=111011 chroma_seq=75874 chroma_flatness=0.3279 chroma_norm_max=0.8428 chroma_norm_mean=0.5149 chroma_final_max=0.7428 chroma_final_mean=0.4149 agc_gain=0.7450 bloom_alpha=0.9900 bloom_shift=1.0000 wave_idle=0.9850 wave_raw_margin=1.1000 wave_peak_floor=0.0800 wave_vu_floor=0.0200 wave_shift=120.0000 render_us=2274 render_avg=2079 render_max=6357
[1780320819.648] [AP] SSL=280 DC=-4774 max_raw=709 follower=1248 peak_scaled=0.296 silent_scale=1.000 silence=0 cal_source=config cal_valid=1
[1780320820.156] [VP] profile=candidate fix=111011 chroma_seq=76059 chroma_flatness=0.1953 chroma_norm_max=0.9773 chroma_norm_mean=0.7820 chroma_final_max=0.5057 chroma_final_mean=0.3931 agc_gain=0.9301 bloom_alpha=0.9900 bloom_shift=1.0000 wave_idle=0.9850 wave_raw_margin=1.1000 wave_peak_floor=0.0800 wave_vu_floor=0.0200 wave_shift=120.0000 render_us=2201 render_avg=1835 render_max=6357
[1780320820.653] [AP] SSL=280 DC=-4774 max_raw=1742 follower=1260 peak_scaled=0.940 silent_scale=1.000 silence=0 cal_source=config cal_valid=1
[1780320821.159] [VP] profile=candidate fix=111011 chroma_seq=76242 chroma_flatness=0.1909 chroma_norm_max=0.9596 chroma_norm_mean=0.7686 chroma_final_max=0.4768 chroma_final_mean=0.3709 agc_gain=0.6767 bloom_alpha=0.9900 bloom_shift=1.0000 wave_idle=0.9850 wave_raw_margin=1.1000 wave_peak_floor=0.0800 wave_vu_floor=0.0200 wave_shift=120.0000 render_us=2210 render_avg=1968 render_max=6357
[1780320821.657] [AP] SSL=280 DC=-4774 max_raw=1002 follower=1372 peak_scaled=0.754 silent_scale=1.000 silence=0 cal_source=config cal_valid=1
[1780320822.165] [VP] profile=candidate fix=111011 chroma_seq=76427 chroma_flatness=0.2578 chroma_norm_max=0.7247 chroma_norm_mean=0.4669 chroma_final_max=0.5553 chroma_final_mean=0.3261 agc_gain=0.7379 bloom_alpha=0.9900 bloom_shift=1.0000 wave_idle=0.9850 wave_raw_margin=1.1000 wave_peak_floor=0.0800 wave_vu_floor=0.0200 wave_shift=120.0000 render_us=2277 render_avg=2133 render_max=6357
[1780320822.398] >>> :smart_status
[1780320822.412] sbr{{
[1780320822.412] SMART_ASSIST: on
[1780320822.412] SMART_SWITCHING: on
[1780320822.412] SMART_DIRECTOR_AUTONOMY: on
[1780320822.412] SMART_HOOKS: on
[1780320822.413] SMART_CONFIDENCE_FLOOR: 0.070
[1780320822.413] SMART_APPLIED_MODE: 10
[1780320822.413] SMART_LAST_REQUESTED_MODE: 10
[1780320822.413] SMART_SWITCHES_IN_WINDOW: 3
[1780320822.413] SMART_MANUAL_OWNER_ACTIVE: 0
[1780320822.413] SMART_LAST_REASON: 3
[1780320822.413] SMART_STATE: 2
[1780320822.413] SMART_INTENT_MODE: 10
[1780320822.414] SMART_INTENT_CONFIDENCE: 0.120
[1780320822.414] SMART_INTENT_WANTS_SWITCH: 1
[1780320822.414] SMART_SCALAR_PHOTONS: 1.000
[1780320822.414] SMART_SCALAR_CHROMA: 1.000
[1780320822.414] SMART_SCALAR_MOOD: 1.000
[1780320822.414] SMART_SCALAR_SATURATION: 1.000
[1780320822.414] SMART_PALETTE_OVERLAY: 1
[1780320822.414] SMART_PALETTE_INDEX: 22
[1780320822.415] SMART_AUTO_COLOUR_SHIFT: 0
[1780320822.415] SMART_MIN_DWELL_MS: 12000
[1780320822.415] SMART_COOLDOWN_MS: 12000
[1780320822.415] SMART_SWITCH_WINDOW_MS: 90000
[1780320822.415] SMART_MAX_SWITCHES: 3
[1780320822.416] SMART_AUDIO_NOVELTY: 0.1496
[1780320822.416] SMART_AUDIO_ENERGY: 0.1456
[1780320822.416] SMART_EVENT_ID: 409
[1780320822.416] SMART_EVENT_AGE_MS: 1492
[1780320822.416] SMART_ONSET: 0
[1780320822.417] SMART_BASS_ONSET: 0
[1780320822.417] SMART_BEAT_CONFIDENCE: 0.000
[1780320822.417] }}
[1780320822.452] >>> :vp_status
[1780320822.464] sbr{{
[1780320822.464] VP_PROFILE: candidate
[1780320822.464] VP_FIXES: agc_soft=on chroma_gate=on prism_off=on bloom_decay=off hsv_source_sat=on secondary_clean=on
[1780320822.464] VP_STREAM: on
[1780320822.464] AP_STREAM: on
[1780320822.465] VP_BLOOM: alpha=0.9900 shift=1.0000 force_sat=on
[1780320822.467] VP_WAVEFORM: idle_fade=0.9850 raw_margin=1.1000 peak_floor=0.0800 active_fade=0.0400 blend_gain=2.0000 fallback=1.0000 vu_floor=0.0200 shift_rate=120.0000
[1780320822.469] VP_CHROMA: seq=76483 range=60 profile=0 gate_gain=0.6578 pre_max=0.3424 pre_mean=0.2569 norm_max=0.8473 norm_mean=0.6357 flatness=0.2116 final_max=0.4916 final_mean=0.3524
[1780320822.470] VP_AGC: gain=0.7988 envelope=0.3025 floor=0.0010 gated=false
[1780320822.470] VP_RENDER_US: last=2209 avg=1936 max=6357
[1780320822.470] }}
[1780320823.166] [AP] SSL=280 DC=-4774 max_raw=658 follower=1354 peak_scaled=0.395 silent_scale=1.000 silence=0 cal_source=config cal_valid=1
[1780320823.169] [VP] profile=candidate fix=111011 chroma_seq=76611 chroma_flatness=0.3287 chroma_norm_max=0.9469 chroma_norm_mean=0.6182 chroma_final_max=0.8469 chroma_final_mean=0.5182 agc_gain=0.8238 bloom_alpha=0.9900 bloom_shift=1.0000 wave_idle=0.9850 wave_raw_margin=1.1000 wave_peak_floor=0.0800 wave_vu_floor=0.0200 wave_shift=120.0000 render_us=2160 render_avg=1940 render_max=6357
[1780320823.667] [AP] SSL=280 DC=-4774 max_raw=704 follower=1256 peak_scaled=0.353 silent_scale=1.000 silence=0 cal_source=config cal_valid=1
[1780320824.177] [VP] profile=candidate fix=111011 chroma_seq=76796 chroma_flatness=0.3181 chroma_norm_max=0.7919 chroma_norm_mean=0.4738 chroma_final_max=0.6919 chroma_final_mean=0.3738 agc_gain=0.7355 bloom_alpha=0.9900 bloom_shift=1.0000 wave_idle=0.9850 wave_raw_margin=1.1000 wave_peak_floor=0.0800 wave_vu_floor=0.0200 wave_shift=120.0000 render_us=2164 render_avg=1834 render_max=6357
[1780320825.176] [AP] SSL=280 DC=-4774 max_raw=786 follower=1289 peak_scaled=0.440 silent_scale=1.000 silence=0 cal_source=config cal_valid=1
[1780320825.180] [VP] profile=candidate fix=111011 chroma_seq=76980 chroma_flatness=0.3567 chroma_norm_max=0.7405 chroma_norm_mean=0.3838 chroma_final_max=0.6405 chroma_final_mean=0.2838 agc_gain=0.7301 bloom_alpha=0.9900 bloom_shift=1.0000 wave_idle=0.9850 wave_raw_margin=1.1000 wave_peak_floor=0.0800 wave_vu_floor=0.0200 wave_shift=120.0000 render_us=2171 render_avg=1960 render_max=6357
[1780320826.184] [AP] SSL=280 DC=-4774 max_raw=1314 follower=1280 peak_scaled=0.493 silent_scale=1.000 silence=0 cal_source=config cal_valid=1
[1780320826.187] [VP] profile=candidate fix=111011 chroma_seq=77165 chroma_flatness=0.2748 chroma_norm_max=1.1157 chroma_norm_mean=0.8409 chroma_final_max=0.9893 chroma_final_mean=0.7217 agc_gain=0.7633 bloom_alpha=0.9900 bloom_shift=1.0000 wave_idle=0.9850 wave_raw_margin=1.1000 wave_peak_floor=0.0800 wave_vu_floor=0.0200 wave_shift=120.0000 render_us=2305 render_avg=1995 render_max=6357
[1780320826.682] [AP] SSL=280 DC=-4774 max_raw=1750 follower=1381 peak_scaled=0.989 silent_scale=1.000 silence=0 cal_source=config cal_valid=1
[1780320827.190] [VP] profile=candidate fix=111011 chroma_seq=77349 chroma_flatness=0.1599 chroma_norm_max=0.8408 chroma_norm_mean=0.6809 chroma_final_max=0.2961 chroma_final_mean=0.2322 agc_gain=0.6644 bloom_alpha=0.9900 bloom_shift=1.0000 wave_idle=0.9850 wave_raw_margin=1.1000 wave_peak_floor=0.0800 wave_vu_floor=0.0200 wave_shift=120.0000 render_us=2284 render_avg=2025 render_max=6357
[1780320827.403] >>> :smart_status
[1780320827.412] sbr{{
[1780320827.412] SMART_ASSIST: on
[1780320827.413] SMART_SWITCHING: on
[1780320827.413] SMART_DIRECTOR_AUTONOMY: on
[1780320827.413] SMART_HOOKS: on
[1780320827.413] SMART_CONFIDENCE_FLOOR: 0.070
[1780320827.413] SMART_APPLIED_MODE: 10
[1780320827.413] SMART_LAST_REQUESTED_MODE: 10
[1780320827.413] SMART_SWITCHES_IN_WINDOW: 3
[1780320827.413] SMART_MANUAL_OWNER_ACTIVE: 0
[1780320827.413] SMART_LAST_REASON: 3
[1780320827.413] SMART_STATE: 2
[1780320827.413] SMART_INTENT_MODE: 10
[1780320827.414] SMART_INTENT_CONFIDENCE: 0.120
[1780320827.414] SMART_INTENT_WANTS_SWITCH: 1
[1780320827.414] SMART_SCALAR_PHOTONS: 1.000
[1780320827.415] SMART_SCALAR_CHROMA: 1.000
[1780320827.415] SMART_SCALAR_MOOD: 1.000
[1780320827.415] SMART_SCALAR_SATURATION: 1.000
[1780320827.415] SMART_PALETTE_OVERLAY: 1
[1780320827.415] SMART_PALETTE_INDEX: 22
[1780320827.415] SMART_AUTO_COLOUR_SHIFT: 0
[1780320827.416] SMART_MIN_DWELL_MS: 12000
[1780320827.416] SMART_COOLDOWN_MS: 12000
[1780320827.416] SMART_SWITCH_WINDOW_MS: 90000
[1780320827.416] SMART_MAX_SWITCHES: 3
[1780320827.417] SMART_AUDIO_NOVELTY: 0.0816
[1780320827.417] SMART_AUDIO_ENERGY: 0.0996
[1780320827.417] SMART_EVENT_ID: 416
[1780320827.417] SMART_EVENT_AGE_MS: 293
[1780320827.417] SMART_ONSET: 0
[1780320827.417] SMART_BASS_ONSET: 0
[1780320827.417] SMART_BEAT_CONFIDENCE: 0.500
[1780320827.417] }}
[1780320827.458] >>> :vp_status
[1780320827.465] sbr{{
[1780320827.465] VP_PROFILE: candidate
[1780320827.466] VP_FIXES: agc_soft=on chroma_gate=on prism_off=on bloom_decay=off hsv_source_sat=on secondary_clean=on
[1780320827.466] VP_STREAM: on
[1780320827.466] AP_STREAM: on
[1780320827.466] VP_BLOOM: alpha=0.9900 shift=1.0000 force_sat=on
[1780320827.468] VP_WAVEFORM: idle_fade=0.9850 raw_margin=1.1000 peak_floor=0.0800 active_fade=0.0400 blend_gain=2.0000 fallback=1.0000 vu_floor=0.0200 shift_rate=120.0000
[1780320827.471] VP_CHROMA: seq=77400 range=60 profile=0 gate_gain=0.9679 pre_max=0.2191 pre_mean=0.1053 norm_max=0.5268 norm_mean=0.2530 flatness=0.2847 final_max=0.4377 final_mean=0.1573
[1780320827.472] VP_AGC: gain=0.7075 envelope=0.3096 floor=0.0010 gated=false
[1780320827.472] VP_RENDER_US: last=2229 avg=2031 max=6357
[1780320827.472] }}
[1780320827.688] [AP] SSL=280 DC=-4774 max_raw=690 follower=1363 peak_scaled=0.490 silent_scale=1.000 silence=0 cal_source=config cal_valid=1
[1780320828.195] [VP] profile=candidate fix=111011 chroma_seq=77533 chroma_flatness=0.3042 chroma_norm_max=0.7037 chroma_norm_mean=0.3995 chroma_final_max=0.6037 chroma_final_mean=0.2995 agc_gain=0.6669 bloom_alpha=0.9900 bloom_shift=1.0000 wave_idle=0.9850 wave_raw_margin=1.1000 wave_peak_floor=0.0800 wave_vu_floor=0.0200 wave_shift=120.0000 render_us=2244 render_avg=2058 render_max=6357
[1780320829.197] [AP] SSL=280 DC=-4774 max_raw=870 follower=1443 peak_scaled=0.380 silent_scale=1.000 silence=0 cal_source=config cal_valid=1
[1780320829.201] [VP] profile=candidate fix=111011 chroma_seq=77718 chroma_flatness=0.1959 chroma_norm_max=0.4583 chroma_norm_mean=0.2669 chroma_final_max=0.1995 chroma_final_mean=0.0929 agc_gain=0.5434 bloom_alpha=0.9900 bloom_shift=1.0000 wave_idle=0.9850 wave_raw_margin=1.1000 wave_peak_floor=0.0800 wave_vu_floor=0.0200 wave_shift=120.0000 render_us=2150 render_avg=2015 render_max=6357
[1780320829.697] [AP] SSL=280 DC=-4774 max_raw=810 follower=1495 peak_scaled=0.315 silent_scale=1.000 silence=0 cal_source=config cal_valid=1
[1780320830.206] [VP] profile=candidate fix=111011 chroma_seq=77903 chroma_flatness=0.3039 chroma_norm_max=0.8898 chroma_norm_mean=0.5859 chroma_final_max=0.7898 chroma_final_mean=0.4859 agc_gain=0.5897 bloom_alpha=0.9900 bloom_shift=1.0000 wave_idle=0.9850 wave_raw_margin=1.1000 wave_peak_floor=0.0800 wave_vu_floor=0.0200 wave_shift=120.0000 render_us=2179 render_avg=2012 render_max=6357
[1780320830.702] [AP] SSL=280 DC=-4774 max_raw=634 follower=1255 peak_scaled=0.304 silent_scale=1.000 silence=0 cal_source=config cal_valid=1
[1780320831.209] [VP] profile=candidate fix=111011 chroma_seq=78088 chroma_flatness=0.3580 chroma_norm_max=1.0779 chroma_norm_mean=0.7198 chroma_final_max=0.9779 chroma_final_mean=0.6198 agc_gain=0.7229 bloom_alpha=0.9900 bloom_shift=1.0000 wave_idle=0.9850 wave_raw_margin=1.1000 wave_peak_floor=0.0800 wave_vu_floor=0.0200 wave_shift=120.0000 render_us=2223 render_avg=1881 render_max=6357
[1780320831.708] [AP] SSL=280 DC=-4774 max_raw=1388 follower=1206 peak_scaled=0.791 silent_scale=1.000 silence=0 cal_source=config cal_valid=1
[1780320832.209] [VP] profile=candidate fix=111011 chroma_seq=78272 chroma_flatness=0.2774 chroma_norm_max=0.6419 chroma_norm_mean=0.3645 chroma_final_max=0.5349 chroma_final_mean=0.2611 agc_gain=0.5314 bloom_alpha=0.9900 bloom_shift=1.0000 wave_idle=0.9850 wave_raw_margin=1.1000 wave_peak_floor=0.0800 wave_vu_floor=0.0200 wave_shift=120.0000 render_us=2265 render_avg=1994 render_max=6357
[1780320832.394] >>> :smart_status
[1780320832.402] sbr{{
[1780320832.402] SMART_ASSIST: on
[1780320832.402] SMART_SWITCHING: on
[1780320832.402] SMART_DIRECTOR_AUTONOMY: on
[1780320832.402] SMART_HOOKS: on
[1780320832.402] SMART_CONFIDENCE_FLOOR: 0.070
[1780320832.402] SMART_APPLIED_MODE: 10
[1780320832.402] SMART_LAST_REQUESTED_MODE: 10
[1780320832.402] SMART_SWITCHES_IN_WINDOW: 0
[1780320832.402] SMART_MANUAL_OWNER_ACTIVE: 0
[1780320832.402] SMART_LAST_REASON: 3
[1780320832.402] SMART_STATE: 2
[1780320832.402] SMART_INTENT_MODE: 10
[1780320832.403] SMART_INTENT_CONFIDENCE: 0.134
[1780320832.403] SMART_INTENT_WANTS_SWITCH: 1
[1780320832.403] SMART_SCALAR_PHOTONS: 1.000
[1780320832.403] SMART_SCALAR_CHROMA: 1.000
[1780320832.403] SMART_SCALAR_MOOD: 1.000
[1780320832.403] SMART_SCALAR_SATURATION: 1.000
[1780320832.403] SMART_PALETTE_OVERLAY: 1
[1780320832.404] SMART_PALETTE_INDEX: 22
[1780320832.404] SMART_AUTO_COLOUR_SHIFT: 0
[1780320832.404] SMART_MIN_DWELL_MS: 12000
[1780320832.404] SMART_COOLDOWN_MS: 12000
[1780320832.404] SMART_SWITCH_WINDOW_MS: 90000
[1780320832.404] SMART_MAX_SWITCHES: 3
[1780320832.405] SMART_AUDIO_NOVELTY: 0.1459
[1780320832.405] SMART_AUDIO_ENERGY: 0.2201
[1780320832.405] SMART_EVENT_ID: 426
[1780320832.405] SMART_EVENT_AGE_MS: 403
[1780320832.405] SMART_ONSET: 0
[1780320832.406] SMART_BASS_ONSET: 0
[1780320832.406] SMART_BEAT_CONFIDENCE: 0.500
[1780320832.406] }}
[1780320832.450] >>> :vp_status
[1780320832.452] sbr{{
[1780320832.452] VP_PROFILE: candidate
[1780320832.452] VP_FIXES: agc_soft=on chroma_gate=on prism_off=on bloom_decay=off hsv_source_sat=on secondary_clean=on
[1780320832.452] VP_STREAM: on
[1780320832.453] AP_STREAM: on
[1780320832.453] VP_BLOOM: alpha=0.9900 shift=1.0000 force_sat=on
[1780320832.454] VP_WAVEFORM: idle_fade=0.9850 raw_margin=1.1000 peak_floor=0.0800 active_fade=0.0400 blend_gain=2.0000 fallback=1.0000 vu_floor=0.0200 shift_rate=120.0000
[1780320832.456] VP_CHROMA: seq=78317 range=60 profile=0 gate_gain=1.0000 pre_max=0.4136 pre_mean=0.2540 norm_max=1.0179 norm_mean=0.6252 flatness=0.3927 final_max=0.9179 final_mean=0.5252
[1780320832.458] VP_AGC: gain=0.5803 envelope=0.4252 floor=0.0010 gated=false
[1780320832.458] VP_RENDER_US: last=1683 avg=1931 max=6357
[1780320832.458] }}
[1780320832.713] [AP] SSL=280 DC=-4774 max_raw=764 follower=939 peak_scaled=0.525 silent_scale=1.000 silence=0 cal_source=config cal_valid=1
[1780320833.214] [VP] profile=candidate fix=111011 chroma_seq=78454 chroma_flatness=0.0047 chroma_norm_max=0.0058 chroma_norm_mean=0.0011 chroma_final_max=0.0000 chroma_final_mean=0.0000 agc_gain=1.4327 bloom_alpha=0.9900 bloom_shift=1.0000 wave_idle=0.9850 wave_raw_margin=1.1000 wave_peak_floor=0.0800 wave_vu_floor=0.0200 wave_shift=120.0000 render_us=2375 render_avg=2177 render_max=6357
[1780320834.216] [AP] SSL=280 DC=-4774 max_raw=145 follower=407 peak_scaled=-0.368 silent_scale=1.000 silence=0 cal_source=config cal_valid=1
[1780320834.221] [VP] profile=candidate fix=111011 chroma_seq=78624 chroma_flatness=0.1032 chroma_norm_max=0.1169 chroma_norm_mean=0.0137 chroma_final_max=0.0020 chroma_final_mean=0.0001 agc_gain=9.6741 bloom_alpha=0.9900 bloom_shift=1.0000 wave_idle=0.9850 wave_raw_margin=1.1000 wave_peak_floor=0.0800 wave_vu_floor=0.0200 wave_shift=120.0000 render_us=2306 render_avg=2240 render_max=6357
[1780320834.721] [AP] SSL=280 DC=-4774 max_raw=94 follower=280 peak_scaled=-0.644 silent_scale=1.000 silence=0 cal_source=config cal_valid=1
[1780320835.214] [VP] profile=candidate fix=111011 chroma_seq=78791 chroma_flatness=0.3683 chroma_norm_max=0.4135 chroma_norm_mean=0.0452 chroma_final_max=0.3135 chroma_final_mean=0.0261 agc_gain=9.9995 bloom_alpha=0.9900 bloom_shift=1.0000 wave_idle=0.9850 wave_raw_margin=1.1000 wave_peak_floor=0.0800 wave_vu_floor=0.0200 wave_shift=120.0000 render_us=2417 render_avg=2239 render_max=6357
[1780320836.217] [AP] SSL=280 DC=-4774 max_raw=141 follower=280 peak_scaled=-0.574 silent_scale=1.000 silence=0 cal_source=config cal_valid=1
[1780320836.219] [VP] profile=candidate fix=111011 chroma_seq=78960 chroma_flatness=0.1837 chroma_norm_max=0.2115 chroma_norm_mean=0.0279 chroma_final_max=0.0578 chroma_final_mean=0.0048 agc_gain=9.9997 bloom_alpha=0.9900 bloom_shift=1.0000 wave_idle=0.9850 wave_raw_margin=1.1000 wave_peak_floor=0.0800 wave_vu_floor=0.0200 wave_shift=120.0000 render_us=2289 render_avg=2223 render_max=6357
[1780320836.732] [AP] SSL=280 DC=-4774 max_raw=70 follower=280 peak_scaled=-0.644 silent_scale=1.000 silence=0 cal_source=config cal_valid=1
[1780320836.946] ### CLIP_END id=drop-heavy-shelter-main ffplay_rc=0 video_rc=0
[1780320836.946] ### VIDEO_STDERR [avfoundation @ 0x87d014000] Selected pixel format (yuv420p) is not supported by the input device. | [avfoundation @ 0x87d014000] Supported pixel formats: | [avfoundation @ 0x87d014000]   uyvy422 | [avfoundation @ 0x87d014000]   yuyv422 | [avfoundation @ 0x87d014000]   nv12 | [avfoundation @ 0x87d014000]   0rgb | [avfoundation @ 0x87d014000]   bgr0
[1780320836.946] ### CLIP_START id=drop-heavy-touchme-late track=Ian Asher - Touch Me.mp3 start=96.0 duration=25.0
[1780320837.054] >>> :smart_status
[1780320837.064] sbr{{
[1780320837.065] SMART_ASSIST: on
[1780320837.065] SMART_SWITCHING: on
[1780320837.065] SMART_DIRECTOR_AUTONOMY: on
[1780320837.065] SMART_HOOKS: on
[1780320837.065] SMART_CONFIDENCE_FLOOR: 0.070
[1780320837.065] SMART_APPLIED_MODE: 3
[1780320837.066] SMART_LAST_REQUESTED_MODE: 3
[1780320837.066] SMART_SWITCHES_IN_WINDOW: 1
[1780320837.066] SMART_MANUAL_OWNER_ACTIVE: 0
[1780320837.066] SMART_LAST_REASON: 0
[1780320837.067] SMART_STATE: 1
[1780320837.067] SMART_INTENT_MODE: 3
[1780320837.067] SMART_INTENT_CONFIDENCE: 0.036
[1780320837.067] SMART_INTENT_WANTS_SWITCH: 0
[1780320837.067] SMART_SCALAR_PHOTONS: 0.860
[1780320837.067] SMART_SCALAR_CHROMA: 0.920
[1780320837.067] SMART_SCALAR_MOOD: 1.000
[1780320837.068] SMART_SCALAR_SATURATION: 0.900
[1780320837.068] SMART_PALETTE_OVERLAY: 1
[1780320837.068] SMART_PALETTE_INDEX: 11
[1780320837.068] SMART_AUTO_COLOUR_SHIFT: 0
[1780320837.068] SMART_MIN_DWELL_MS: 12000
[1780320837.068] SMART_COOLDOWN_MS: 12000
[1780320837.068] SMART_SWITCH_WINDOW_MS: 90000
[1780320837.068] SMART_MAX_SWITCHES: 3
[1780320837.068] SMART_AUDIO_NOVELTY: 0.0250
[1780320837.069] SMART_AUDIO_ENERGY: 0.0283
[1780320837.069] SMART_EVENT_ID: 427
[1780320837.069] SMART_EVENT_AGE_MS: 4609
[1780320837.069] SMART_ONSET: 0
[1780320837.069] SMART_BASS_ONSET: 0
[1780320837.069] SMART_BEAT_CONFIDENCE: 1.000
[1780320837.069] }}
[1780320837.104] >>> :vp_status
[1780320837.117] sbr{{
[1780320837.117] VP_PROFILE: candidate
[1780320837.118] VP_FIXES: agc_soft=on chroma_gate=on prism_off=on bloom_decay=off hsv_source_sat=on secondary_clean=on
[1780320837.118] VP_STREAM: on
[1780320837.118] AP_STREAM: on
[1780320837.119] VP_BLOOM: alpha=0.9900 shift=1.0000 force_sat=on
[1780320837.121] VP_WAVEFORM: idle_fade=0.9850 raw_margin=1.1000 peak_floor=0.0800 active_fade=0.0400 blend_gain=2.0000 fallback=1.0000 vu_floor=0.0200 shift_rate=120.0000
[1780320837.123] VP_CHROMA: seq=79112 range=60 profile=0 gate_gain=0.3792 pre_max=0.0338 pre_mean=0.0040 norm_max=0.1770 norm_mean=0.0212 flatness=0.1558 final_max=0.0292 final_mean=0.0024
[1780320837.125] VP_AGC: gain=9.9997 envelope=0.0063 floor=0.0010 gated=false
[1780320837.125] VP_RENDER_US: last=2529 avg=2409 max=6357
[1780320837.125] }}
[1780320837.224] [VP] profile=candidate fix=111011 chroma_seq=79129 chroma_flatness=0.2549 chroma_norm_max=0.2819 chroma_norm_mean=0.0271 chroma_final_max=0.1591 chroma_final_mean=0.0132 agc_gain=9.9997 bloom_alpha=0.9900 bloom_shift=1.0000 wave_idle=0.9850 wave_raw_margin=1.1000 wave_peak_floor=0.0800 wave_vu_floor=0.0200 wave_shift=120.0000 render_us=2547 render_avg=2503 render_max=6357
[1780320837.738] [AP] SSL=280 DC=-4774 max_raw=714 follower=404 peak_scaled=0.877 silent_scale=1.000 silence=0 cal_source=config cal_valid=1
[1780320838.229] [VP] profile=candidate fix=111011 chroma_seq=79300 chroma_flatness=0.6448 chroma_norm_max=1.0312 chroma_norm_mean=0.3864 chroma_final_max=0.9312 chroma_final_mean=0.3028 agc_gain=1.4300 bloom_alpha=0.9900 bloom_shift=1.0000 wave_idle=0.9850 wave_raw_margin=1.1000 wave_peak_floor=0.0800 wave_vu_floor=0.0200 wave_shift=120.0000 render_us=2512 render_avg=2225 render_max=6357
[1780320838.742] [AP] SSL=280 DC=-4774 max_raw=342 follower=344 peak_scaled=0.364 silent_scale=1.000 silence=0 cal_source=config cal_valid=1
[1780320839.234] [VP] profile=candidate fix=111011 chroma_seq=79468 chroma_flatness=0.6530 chroma_norm_max=1.1067 chroma_norm_mean=0.4537 chroma_final_max=1.0000 chroma_final_mean=0.3553 agc_gain=1.3079 bloom_alpha=0.9900 bloom_shift=1.0000 wave_idle=0.9850 wave_raw_margin=1.1000 wave_peak_floor=0.0800 wave_vu_floor=0.0200 wave_shift=120.0000 render_us=2510 render_avg=2238 render_max=6357
[1780320839.748] [AP] SSL=280 DC=-4774 max_raw=566 follower=400 peak_scaled=0.621 silent_scale=1.000 silence=0 cal_source=config cal_valid=1
[1780320840.241] [VP] profile=candidate fix=111011 chroma_seq=79637 chroma_flatness=0.5275 chroma_norm_max=0.9528 chroma_norm_mean=0.4253 chroma_final_max=0.8528 chroma_final_mean=0.3253 agc_gain=1.6134 bloom_alpha=0.9900 bloom_shift=1.0000 wave_idle=0.9850 wave_raw_margin=1.1000 wave_peak_floor=0.0800 wave_vu_floor=0.0200 wave_shift=120.0000 render_us=3399 render_avg=2423 render_max=6357
[1780320840.752] [AP] SSL=280 DC=-4774 max_raw=397 follower=334 peak_scaled=0.597 silent_scale=1.000 silence=0 cal_source=config cal_valid=1
[1780320841.244] [VP] profile=candidate fix=111011 chroma_seq=79804 chroma_flatness=0.2885 chroma_norm_max=0.3568 chroma_norm_mean=0.1164 chroma_final_max=0.2058 chroma_final_mean=0.0400 agc_gain=1.5672 bloom_alpha=0.9900 bloom_shift=1.0000 wave_idle=0.9850 wave_raw_margin=1.1000 wave_peak_floor=0.0800 wave_vu_floor=0.0200 wave_shift=120.0000 render_us=2383 render_avg=2261 render_max=6357
[1780320841.757] [AP] SSL=280 DC=-4774 max_raw=374 follower=363 peak_scaled=0.268 silent_scale=1.000 silence=0 cal_source=config cal_valid=1
[1780320842.092] >>> :smart_status
[1780320842.107] sbr{{
[1780320842.107] SMART_ASSIST: on
[1780320842.107] SMART_SWITCHING: on
[1780320842.107] SMART_DIRECTOR_AUTONOMY: on
[1780320842.107] SMART_HOOKS: on
[1780320842.107] SMART_CONFIDENCE_FLOOR: 0.070
[1780320842.107] SMART_APPLIED_MODE: 3
[1780320842.107] SMART_LAST_REQUESTED_MODE: 10
[1780320842.108] SMART_SWITCHES_IN_WINDOW: 1
[1780320842.108] SMART_MANUAL_OWNER_ACTIVE: 0
[1780320842.108] SMART_LAST_REASON: 9
[1780320842.108] SMART_STATE: 2
[1780320842.108] SMART_INTENT_MODE: 10
[1780320842.109] SMART_INTENT_CONFIDENCE: 0.121
[1780320842.109] SMART_INTENT_WANTS_SWITCH: 1
[1780320842.109] SMART_SCALAR_PHOTONS: 1.000
[1780320842.109] SMART_SCALAR_CHROMA: 1.000
[1780320842.109] SMART_SCALAR_MOOD: 1.000
[1780320842.109] SMART_SCALAR_SATURATION: 1.000
[1780320842.109] SMART_PALETTE_OVERLAY: 1
[1780320842.109] SMART_PALETTE_INDEX: 22
[1780320842.109] SMART_AUTO_COLOUR_SHIFT: 0
[1780320842.109] SMART_MIN_DWELL_MS: 12000
[1780320842.109] SMART_COOLDOWN_MS: 12000
[1780320842.109] SMART_SWITCH_WINDOW_MS: 90000
[1780320842.109] SMART_MAX_SWITCHES: 3
[1780320842.110] SMART_AUDIO_NOVELTY: 0.0713
[1780320842.111] SMART_AUDIO_ENERGY: 0.1908
[1780320842.111] SMART_EVENT_ID: 440
[1780320842.111] SMART_EVENT_AGE_MS: 156
[1780320842.111] SMART_ONSET: 0
[1780320842.111] SMART_BASS_ONSET: 0
[1780320842.111] SMART_BEAT_CONFIDENCE: 0.000
[1780320842.111] }}
[1780320842.147] >>> :vp_status
[1780320842.152] sbr{{
[1780320842.152] VP_PROFILE: candidate
[1780320842.152] VP_FIXES: agc_soft=on chroma_gate=on prism_off=on bloom_decay=off hsv_source_sat=on secondary_clean=on
[1780320842.152] VP_STREAM: on
[1780320842.152] AP_STREAM: on
[1780320842.152] VP_BLOOM: alpha=0.9900 shift=1.0000 force_sat=on
[1780320842.154] VP_WAVEFORM: idle_fade=0.9850 raw_margin=1.1000 peak_floor=0.0800 active_fade=0.0400 blend_gain=2.0000 fallback=1.0000 vu_floor=0.0200 shift_rate=120.0000
[1780320842.157] VP_CHROMA: seq=79959 range=60 profile=0 gate_gain=1.0000 pre_max=0.4592 pre_mean=0.2020 norm_max=0.8494 norm_mean=0.3736 flatness=0.4758 final_max=0.7511 final_mean=0.2875
[1780320842.158] VP_AGC: gain=1.1712 envelope=0.2315 floor=0.0010 gated=false
[1780320842.158] VP_RENDER_US: last=2391 avg=2361 max=6357
[1780320842.158] }}
[1780320842.249] [VP] profile=candidate fix=111011 chroma_seq=79974 chroma_flatness=0.3927 chroma_norm_max=0.6754 chroma_norm_mean=0.2827 chroma_final_max=0.5754 chroma_final_mean=0.2025 agc_gain=1.1489 bloom_alpha=0.9900 bloom_shift=1.0000 wave_idle=0.9850 wave_raw_margin=1.1000 wave_peak_floor=0.0800 wave_vu_floor=0.0200 wave_shift=120.0000 render_us=2498 render_avg=2355 render_max=6357
[1780320842.762] [AP] SSL=280 DC=-4774 max_raw=580 follower=357 peak_scaled=0.546 silent_scale=1.000 silence=0 cal_source=config cal_valid=1
[1780320843.257] [VP] profile=candidate fix=111011 chroma_seq=80146 chroma_flatness=0.4693 chroma_norm_max=0.9415 chroma_norm_mean=0.4721 chroma_final_max=0.8415 chroma_final_mean=0.4012 agc_gain=1.4641 bloom_alpha=0.9900 bloom_shift=1.0000 wave_idle=0.9850 wave_raw_margin=1.1000 wave_peak_floor=0.0800 wave_vu_floor=0.0200 wave_shift=120.0000 render_us=2344 render_avg=2135 render_max=6357
[1780320844.257] [AP] SSL=280 DC=-4774 max_raw=383 follower=432 peak_scaled=0.484 silent_scale=1.000 silence=0 cal_source=config cal_valid=1
[1780320844.261] [VP] profile=candidate fix=111011 chroma_seq=80320 chroma_flatness=0.5254 chroma_norm_max=0.6963 chroma_norm_mean=0.1709 chroma_final_max=0.5963 chroma_final_mean=0.0930 agc_gain=1.7664 bloom_alpha=0.9900 bloom_shift=1.0000 wave_idle=0.9850 wave_raw_margin=1.1000 wave_peak_floor=0.0800 wave_vu_floor=0.0200 wave_shift=120.0000 render_us=2282 render_avg=2190 render_max=6357
[1780320844.772] [AP] SSL=280 DC=-4774 max_raw=740 follower=404 peak_scaled=0.748 silent_scale=1.000 silence=0 cal_source=config cal_valid=1
[1780320845.265] [VP] profile=candidate fix=111011 chroma_seq=80493 chroma_flatness=0.4016 chroma_norm_max=0.7607 chroma_norm_mean=0.3591 chroma_final_max=0.6607 chroma_final_mean=0.2630 agc_gain=0.5967 bloom_alpha=0.9900 bloom_shift=1.0000 wave_idle=0.9850 wave_raw_margin=1.1000 wave_peak_floor=0.0800 wave_vu_floor=0.0200 wave_shift=120.0000 render_us=2729 render_avg=2520 render_max=6357
[1780320846.266] [AP] SSL=280 DC=-4774 max_raw=801 follower=708 peak_scaled=0.620 silent_scale=1.000 silence=0 cal_source=config cal_valid=1
[1780320846.269] [VP] profile=candidate fix=111011 chroma_seq=80662 chroma_flatness=0.3854 chroma_norm_max=0.7642 chroma_norm_mean=0.3788 chroma_final_max=0.6642 chroma_final_mean=0.2800 agc_gain=0.5458 bloom_alpha=0.9900 bloom_shift=1.0000 wave_idle=0.9850 wave_raw_margin=1.1000 wave_peak_floor=0.0800 wave_vu_floor=0.0200 wave_shift=120.0000 render_us=2720 render_avg=2352 render_max=6357
[1780320847.055] >>> :smart_status
[1780320847.058] [AP] SSL=280 DC=-4774 max_raw=741 follower=723 peak_scaled=0.440 silent_scale=1.000 silence=0 cal_source=config cal_valid=1
[1780320847.058] sbr{{
[1780320847.058] SMART_ASSIST: on
[1780320847.058] SMART_SWITCHING: on
[1780320847.058] SMART_DIRECTOR_AUTONOMY: on
[1780320847.058] SMART_HOOKS: on
[1780320847.058] SMART_CONFIDENCE_FLOOR: 0.070
[1780320847.058] SMART_APPLIED_MODE: 11
[1780320847.058] SMART_LAST_REQUESTED_MODE: 11
[1780320847.058] SMART_SWITCHES_IN_WINDOW: 2
[1780320847.058] SMART_MANUAL_OWNER_ACTIVE: 0
[1780320847.058] SMART_LAST_REASON: 3
[1780320847.058] SMART_STATE: 2
[1780320847.058] SMART_INTENT_MODE: 11
[1780320847.059] SMART_INTENT_CONFIDENCE: 0.115
[1780320847.059] SMART_INTENT_WANTS_SWITCH: 1
[1780320847.059] SMART_SCALAR_PHOTONS: 1.000
[1780320847.059] SMART_SCALAR_CHROMA: 1.000
[1780320847.059] SMART_SCALAR_MOOD: 1.000
[1780320847.059] SMART_SCALAR_SATURATION: 1.000
[1780320847.059] SMART_PALETTE_OVERLAY: 1
[1780320847.060] SMART_PALETTE_INDEX: 11
[1780320847.061] SMART_AUTO_COLOUR_SHIFT: 0
[1780320847.061] SMART_MIN_DWELL_MS: 12000
[1780320847.061] SMART_COOLDOWN_MS: 12000
[1780320847.061] SMART_SWITCH_WINDOW_MS: 90000
[1780320847.061] SMART_MAX_SWITCHES: 3
[1780320847.061] SMART_AUDIO_NOVELTY: 0.0829
[1780320847.061] SMART_AUDIO_ENERGY: 0.1779
[1780320847.061] SMART_EVENT_ID: 448
[1780320847.062] SMART_EVENT_AGE_MS: 577
[1780320847.062] SMART_ONSET: 0
[1780320847.062] SMART_BASS_ONSET: 0
[1780320847.063] SMART_BEAT_CONFIDENCE: 0.000
[1780320847.063] }}
[1780320847.110] >>> :vp_status
[1780320847.123] sbr{{
[1780320847.123] VP_PROFILE: candidate
[1780320847.123] VP_FIXES: agc_soft=on chroma_gate=on prism_off=on bloom_decay=off hsv_source_sat=on secondary_clean=on
[1780320847.123] VP_STREAM: on
[1780320847.123] AP_STREAM: on
[1780320847.124] VP_BLOOM: alpha=0.9900 shift=1.0000 force_sat=on
[1780320847.125] VP_WAVEFORM: idle_fade=0.9850 raw_margin=1.1000 peak_floor=0.0800 active_fade=0.0400 blend_gain=2.0000 fallback=1.0000 vu_floor=0.0200 shift_rate=120.0000
[1780320847.127] VP_CHROMA: seq=80805 range=60 profile=0 gate_gain=1.0000 pre_max=0.4868 pre_mean=0.2475 norm_max=1.1149 norm_mean=0.5670 flatness=0.5480 final_max=1.0000 final_mean=0.4657
[1780320847.128] VP_AGC: gain=0.5211 envelope=0.5516 floor=0.0010 gated=false
[1780320847.128] VP_RENDER_US: last=2622 avg=2654 max=6357
[1780320847.128] }}
[1780320847.276] [VP] profile=candidate fix=111011 chroma_seq=80829 chroma_flatness=0.2428 chroma_norm_max=0.6917 chroma_norm_mean=0.4546 chroma_final_max=0.5315 chroma_final_mean=0.3094 agc_gain=0.4846 bloom_alpha=0.9900 bloom_shift=1.0000 wave_idle=0.9850 wave_raw_margin=1.1000 wave_peak_floor=0.0800 wave_vu_floor=0.0200 wave_shift=120.0000 render_us=2588 render_avg=2654 render_max=6357
[1780320847.788] [AP] SSL=280 DC=-4774 max_raw=639 follower=657 peak_scaled=0.624 silent_scale=1.000 silence=0 cal_source=config cal_valid=1
[1780320848.281] [VP] profile=candidate fix=111011 chroma_seq=80998 chroma_flatness=0.2497 chroma_norm_max=0.6202 chroma_norm_mean=0.3704 chroma_final_max=0.4415 chroma_final_mean=0.2306 agc_gain=0.6460 bloom_alpha=0.9900 bloom_shift=1.0000 wave_idle=0.9850 wave_raw_margin=1.1000 wave_peak_floor=0.0800 wave_vu_floor=0.0200 wave_shift=120.0000 render_us=3578 render_avg=2597 render_max=6357
[1780320848.793] [AP] SSL=280 DC=-4774 max_raw=934 follower=546 peak_scaled=0.775 silent_scale=1.000 silence=0 cal_source=config cal_valid=1
[1780320849.285] [VP] profile=candidate fix=111011 chroma_seq=81167 chroma_flatness=0.5974 chroma_norm_max=1.0807 chroma_norm_mean=0.4833 chroma_final_max=0.9807 chroma_final_mean=0.3865 agc_gain=0.8430 bloom_alpha=0.9900 bloom_shift=1.0000 wave_idle=0.9850 wave_raw_margin=1.1000 wave_peak_floor=0.0800 wave_vu_floor=0.0200 wave_shift=120.0000 render_us=2733 render_avg=2577 render_max=6357
[1780320849.798] [AP] SSL=280 DC=-4774 max_raw=570 follower=469 peak_scaled=0.615 silent_scale=1.000 silence=0 cal_source=config cal_valid=1
[1780320850.291] [VP] profile=candidate fix=111011 chroma_seq=81334 chroma_flatness=0.5265 chroma_norm_max=0.9951 chroma_norm_mean=0.4686 chroma_final_max=0.8951 chroma_final_mean=0.3686 agc_gain=0.8343 bloom_alpha=0.9900 bloom_shift=1.0000 wave_idle=0.9850 wave_raw_margin=1.1000 wave_peak_floor=0.0800 wave_vu_floor=0.0200 wave_shift=120.0000 render_us=2650 render_avg=2508 render_max=6357
[1780320850.802] [AP] SSL=280 DC=-4774 max_raw=627 follower=465 peak_scaled=0.687 silent_scale=1.000 silence=0 cal_source=config cal_valid=1
[1780320851.295] [VP] profile=candidate fix=111011 chroma_seq=81502 chroma_flatness=0.3989 chroma_norm_max=0.7740 chroma_norm_mean=0.3750 chroma_final_max=0.6740 chroma_final_mean=0.2796 agc_gain=1.0125 bloom_alpha=0.9900 bloom_shift=1.0000 wave_idle=0.9850 wave_raw_margin=1.1000 wave_peak_floor=0.0800 wave_vu_floor=0.0200 wave_shift=120.0000 render_us=2688 render_avg=2390 render_max=6357
[1780320851.808] [AP] SSL=280 DC=-4774 max_raw=421 follower=513 peak_scaled=0.431 silent_scale=1.000 silence=0 cal_source=config cal_valid=1
[1780320852.095] >>> :smart_status
[1780320852.113] sbr{{
[1780320852.113] SMART_ASSIST: on
[1780320852.113] SMART_SWITCHING: on
[1780320852.113] SMART_DIRECTOR_AUTONOMY: on
[1780320852.113] SMART_HOOKS: on
[1780320852.113] SMART_CONFIDENCE_FLOOR: 0.070
[1780320852.113] SMART_APPLIED_MODE: 11
[1780320852.115] SMART_LAST_REQUESTED_MODE: 11
[1780320852.115] SMART_SWITCHES_IN_WINDOW: 2
[1780320852.115] SMART_MANUAL_OWNER_ACTIVE: 0
[1780320852.115] SMART_LAST_REASON: 3
[1780320852.115] SMART_STATE: 2
[1780320852.115] SMART_INTENT_MODE: 11
[1780320852.115] SMART_INTENT_CONFIDENCE: 0.125
[1780320852.115] SMART_INTENT_WANTS_SWITCH: 1
[1780320852.115] SMART_SCALAR_PHOTONS: 1.000
[1780320852.115] SMART_SCALAR_CHROMA: 1.000
[1780320852.115] SMART_SCALAR_MOOD: 1.000
[1780320852.115] SMART_SCALAR_SATURATION: 1.000
[1780320852.115] SMART_PALETTE_OVERLAY: 1
[1780320852.115] SMART_PALETTE_INDEX: 11
[1780320852.115] SMART_AUTO_COLOUR_SHIFT: 0
[1780320852.115] SMART_MIN_DWELL_MS: 12000
[1780320852.115] SMART_COOLDOWN_MS: 12000
[1780320852.115] SMART_SWITCH_WINDOW_MS: 90000
[1780320852.117] SMART_MAX_SWITCHES: 3
[1780320852.117] SMART_AUDIO_NOVELTY: 0.1257
[1780320852.117] SMART_AUDIO_ENERGY: 0.1954
[1780320852.117] SMART_EVENT_ID: 454
[1780320852.117] SMART_EVENT_AGE_MS: 697
[1780320852.117] SMART_ONSET: 0
[1780320852.117] SMART_BASS_ONSET: 0
[1780320852.117] SMART_BEAT_CONFIDENCE: 0.000
[1780320852.117] }}
[1780320852.150] >>> :vp_status
[1780320852.158] sbr{{
[1780320852.158] VP_PROFILE: candidate
[1780320852.158] VP_FIXES: agc_soft=on chroma_gate=on prism_off=on bloom_decay=off hsv_source_sat=on secondary_clean=on
[1780320852.158] VP_STREAM: on
[1780320852.158] AP_STREAM: on
[1780320852.159] VP_BLOOM: alpha=0.9900 shift=1.0000 force_sat=on
[1780320852.161] VP_WAVEFORM: idle_fade=0.9850 raw_margin=1.1000 peak_floor=0.0800 active_fade=0.0400 blend_gain=2.0000 fallback=1.0000 vu_floor=0.0200 shift_rate=120.0000
[1780320852.164] VP_CHROMA: seq=81647 range=60 profile=0 gate_gain=1.0000 pre_max=0.4276 pre_mean=0.2419 norm_max=0.7873 norm_mean=0.4456 flatness=0.3417 final_max=0.6873 final_mean=0.3457
[1780320852.165] VP_AGC: gain=0.9254 envelope=0.2918 floor=0.0010 gated=false
[1780320852.165] VP_RENDER_US: last=2493 avg=2616 max=6357
[1780320852.165] }}
[1780320852.302] [VP] profile=candidate fix=111011 chroma_seq=81670 chroma_flatness=0.3731 chroma_norm_max=0.7706 chroma_norm_mean=0.3975 chroma_final_max=0.6707 chroma_final_mean=0.2995 agc_gain=0.9185 bloom_alpha=0.9900 bloom_shift=1.0000 wave_idle=0.9850 wave_raw_margin=1.1000 wave_peak_floor=0.0800 wave_vu_floor=0.0200 wave_shift=120.0000 render_us=2429 render_avg=2624 render_max=6357
[1780320852.814] [AP] SSL=280 DC=-4774 max_raw=337 follower=417 peak_scaled=0.284 silent_scale=1.000 silence=0 cal_source=config cal_valid=1
[1780320853.307] [VP] profile=candidate fix=111011 chroma_seq=81836 chroma_flatness=0.4474 chroma_norm_max=0.7940 chroma_norm_mean=0.3466 chroma_final_max=0.6940 chroma_final_mean=0.2526 agc_gain=0.9898 bloom_alpha=0.9900 bloom_shift=1.0000 wave_idle=0.9850 wave_raw_margin=1.1000 wave_peak_floor=0.0800 wave_vu_floor=0.0200 wave_shift=120.0000 render_us=2805 render_avg=2556 render_max=6357
[1780320853.817] [AP] SSL=280 DC=-4774 max_raw=589 follower=447 peak_scaled=0.655 silent_scale=1.000 silence=0 cal_source=config cal_valid=1
[1780320854.311] [VP] profile=candidate fix=111011 chroma_seq=82003 chroma_flatness=0.5133 chroma_norm_max=0.8455 chroma_norm_mean=0.3322 chroma_final_max=0.7523 chroma_final_mean=0.2370 agc_gain=0.9750 bloom_alpha=0.9900 bloom_shift=1.0000 wave_idle=0.9850 wave_raw_margin=1.1000 wave_peak_floor=0.0800 wave_vu_floor=0.0200 wave_shift=120.0000 render_us=2632 render_avg=2510 render_max=6357
[1780320854.822] [AP] SSL=280 DC=-4774 max_raw=539 follower=323 peak_scaled=0.626 silent_scale=1.000 silence=0 cal_source=config cal_valid=1
[1780320855.315] [VP] profile=candidate fix=111011 chroma_seq=82171 chroma_flatness=0.3999 chroma_norm_max=0.9008 chroma_norm_mean=0.5008 chroma_final_max=0.8008 chroma_final_mean=0.4008 agc_gain=0.8120 bloom_alpha=0.9900 bloom_shift=1.0000 wave_idle=0.9850 wave_raw_margin=1.1000 wave_peak_floor=0.0800 wave_vu_floor=0.0200 wave_shift=120.0000 render_us=2457 render_avg=2617 render_max=6357
[1780320855.828] [AP] SSL=280 DC=-4774 max_raw=714 follower=463 peak_scaled=0.705 silent_scale=1.000 silence=0 cal_source=config cal_valid=1
[1780320856.320] [VP] profile=candidate fix=111011 chroma_seq=82339 chroma_flatness=0.3637 chroma_norm_max=0.7240 chroma_norm_mean=0.3603 chroma_final_max=0.6240 chroma_final_mean=0.2616 agc_gain=0.8091 bloom_alpha=0.9900 bloom_shift=1.0000 wave_idle=0.9850 wave_raw_margin=1.1000 wave_peak_floor=0.0800 wave_vu_floor=0.0200 wave_shift=120.0000 render_us=2742 render_avg=2584 render_max=6357
[1780320856.833] [AP] SSL=280 DC=-4774 max_raw=327 follower=413 peak_scaled=0.324 silent_scale=1.000 silence=0 cal_source=config cal_valid=1
[1780320857.101] >>> :smart_status
[1780320857.105] sbr{{
[1780320857.105] SMART_ASSIST: on
[1780320857.105] SMART_SWITCHING: on
[1780320857.105] SMART_DIRECTOR_AUTONOMY: on
[1780320857.105] SMART_HOOKS: on
[1780320857.105] SMART_CONFIDENCE_FLOOR: 0.070
[1780320857.105] SMART_APPLIED_MODE: 11
[1780320857.106] SMART_LAST_REQUESTED_MODE: 11
[1780320857.106] SMART_SWITCHES_IN_WINDOW: 2
[1780320857.106] SMART_MANUAL_OWNER_ACTIVE: 0
[1780320857.106] SMART_LAST_REASON: 3
[1780320857.106] SMART_STATE: 2
[1780320857.106] SMART_INTENT_MODE: 11
[1780320857.106] SMART_INTENT_CONFIDENCE: 0.116
[1780320857.106] SMART_INTENT_WANTS_SWITCH: 1
[1780320857.106] SMART_SCALAR_PHOTONS: 1.000
[1780320857.107] SMART_SCALAR_CHROMA: 1.000
[1780320857.108] SMART_SCALAR_MOOD: 1.000
[1780320857.108] SMART_SCALAR_SATURATION: 1.000
[1780320857.108] SMART_PALETTE_OVERLAY: 1
[1780320857.108] SMART_PALETTE_INDEX: 11
[1780320857.108] SMART_AUTO_COLOUR_SHIFT: 0
[1780320857.108] SMART_MIN_DWELL_MS: 12000
[1780320857.108] SMART_COOLDOWN_MS: 12000
[1780320857.108] SMART_SWITCH_WINDOW_MS: 90000
[1780320857.108] SMART_MAX_SWITCHES: 3
[1780320857.108] SMART_AUDIO_NOVELTY: 0.0808
[1780320857.110] SMART_AUDIO_ENERGY: 0.1987
[1780320857.110] SMART_EVENT_ID: 459
[1780320857.110] SMART_EVENT_AGE_MS: 1231
[1780320857.110] SMART_ONSET: 0
[1780320857.110] SMART_BASS_ONSET: 0
[1780320857.110] SMART_BEAT_CONFIDENCE: 0.000
[1780320857.110] }}
[1780320857.156] >>> :vp_status
[1780320857.167] sbr{{
[1780320857.167] VP_PROFILE: candidate
[1780320857.167] VP_FIXES: agc_soft=on chroma_gate=on prism_off=on bloom_decay=off hsv_source_sat=on secondary_clean=on
[1780320857.167] VP_STREAM: on
[1780320857.167] AP_STREAM: on
[1780320857.169] VP_BLOOM: alpha=0.9900 shift=1.0000 force_sat=on
[1780320857.169] VP_WAVEFORM: idle_fade=0.9850 raw_margin=1.1000 peak_floor=0.0800 active_fade=0.0400 blend_gain=2.0000 fallback=1.0000 vu_floor=0.0200 shift_rate=120.0000
[1780320857.172] VP_CHROMA: seq=82481 range=60 profile=0 gate_gain=1.0000 pre_max=0.4185 pre_mean=0.2170 norm_max=1.0139 norm_mean=0.5258 flatness=0.4880 final_max=0.9139 final_mean=0.4281
[1780320857.173] VP_AGC: gain=1.1983 envelope=0.2346 floor=0.0010 gated=false
[1780320857.173] VP_RENDER_US: last=3598 avg=2529 max=6357
[1780320857.173] }}
[1780320857.325] [VP] profile=candidate fix=111011 chroma_seq=82506 chroma_flatness=0.5825 chroma_norm_max=1.1194 chroma_norm_mean=0.5369 chroma_final_max=1.0000 chroma_final_mean=0.4353 agc_gain=1.1701 bloom_alpha=0.9900 bloom_shift=1.0000 wave_idle=0.9850 wave_raw_margin=1.1000 wave_peak_floor=0.0800 wave_vu_floor=0.0200 wave_shift=120.0000 render_us=3570 render_avg=2633 render_max=6357
[1780320857.837] [AP] SSL=280 DC=-4774 max_raw=306 follower=309 peak_scaled=0.470 silent_scale=1.000 silence=0 cal_source=config cal_valid=1
[1780320858.332] [VP] profile=candidate fix=111011 chroma_seq=82675 chroma_flatness=0.5429 chroma_norm_max=0.9586 chroma_norm_mean=0.4157 chroma_final_max=0.8586 chroma_final_mean=0.3210 agc_gain=1.3772 bloom_alpha=0.9900 bloom_shift=1.0000 wave_idle=0.9850 wave_raw_margin=1.1000 wave_peak_floor=0.0800 wave_vu_floor=0.0200 wave_shift=120.0000 render_us=2471 render_avg=2318 render_max=6357
[1780320858.843] [AP] SSL=280 DC=-4774 max_raw=668 follower=339 peak_scaled=0.737 silent_scale=1.000 silence=0 cal_source=config cal_valid=1
[1780320859.336] [VP] profile=candidate fix=111011 chroma_seq=82843 chroma_flatness=0.4528 chroma_norm_max=0.8181 chroma_norm_mean=0.3927 chroma_final_max=0.7181 chroma_final_mean=0.2956 agc_gain=0.9450 bloom_alpha=0.9900 bloom_shift=1.0000 wave_idle=0.9850 wave_raw_margin=1.1000 wave_peak_floor=0.0800 wave_vu_floor=0.0200 wave_shift=120.0000 render_us=2612 render_avg=2665 render_max=6357
[1780320859.847] [AP] SSL=280 DC=-4774 max_raw=438 follower=407 peak_scaled=0.638 silent_scale=1.000 silence=0 cal_source=config cal_valid=1
[1780320860.340] [VP] profile=candidate fix=111011 chroma_seq=83012 chroma_flatness=0.3817 chroma_norm_max=0.8373 chroma_norm_mean=0.4557 chroma_final_max=0.7374 chroma_final_mean=0.3557 agc_gain=0.9723 bloom_alpha=0.9900 bloom_shift=1.0000 wave_idle=0.9850 wave_raw_margin=1.1000 wave_peak_floor=0.0800 wave_vu_floor=0.0200 wave_shift=120.0000 render_us=2401 render_avg=2594 render_max=6357
[1780320861.340] [AP] SSL=280 DC=-4774 max_raw=634 follower=456 peak_scaled=0.579 silent_scale=1.000 silence=0 cal_source=config cal_valid=1
[1780320861.344] [VP] profile=candidate fix=111011 chroma_seq=83179 chroma_flatness=0.2225 chroma_norm_max=0.6699 chroma_norm_mean=0.4474 chroma_final_max=0.4061 chroma_final_mean=0.2475 agc_gain=0.7707 bloom_alpha=0.9900 bloom_shift=1.0000 wave_idle=0.9850 wave_raw_margin=1.1000 wave_peak_floor=0.0800 wave_vu_floor=0.0200 wave_shift=120.0000 render_us=2533 render_avg=2353 render_max=6357
[1780320861.857] [AP] SSL=280 DC=-4774 max_raw=297 follower=427 peak_scaled=0.195 silent_scale=1.000 silence=0 cal_source=config cal_valid=1
[1780320862.073] >>> :smart_status
[1780320862.087] sbr{{
[1780320862.087] SMART_ASSIST: on
[1780320862.087] SMART_SWITCHING: on
[1780320862.087] SMART_DIRECTOR_AUTONOMY: on
[1780320862.087] SMART_HOOKS: on
[1780320862.087] SMART_CONFIDENCE_FLOOR: 0.070
[1780320862.087] SMART_APPLIED_MODE: 11
[1780320862.087] SMART_LAST_REQUESTED_MODE: 11
[1780320862.087] SMART_SWITCHES_IN_WINDOW: 2
[1780320862.087] SMART_MANUAL_OWNER_ACTIVE: 0
[1780320862.087] SMART_LAST_REASON: 3
[1780320862.087] SMART_STATE: 2
[1780320862.087] SMART_INTENT_MODE: 11
[1780320862.087] SMART_INTENT_CONFIDENCE: 0.112
[1780320862.088] SMART_INTENT_WANTS_SWITCH: 1
[1780320862.088] SMART_SCALAR_PHOTONS: 1.000
[1780320862.088] SMART_SCALAR_CHROMA: 1.000
[1780320862.088] SMART_SCALAR_MOOD: 1.000
[1780320862.089] SMART_SCALAR_SATURATION: 1.000
[1780320862.089] SMART_PALETTE_OVERLAY: 1
[1780320862.089] SMART_PALETTE_INDEX: 11
[1780320862.089] SMART_AUTO_COLOUR_SHIFT: 0
[1780320862.089] SMART_MIN_DWELL_MS: 12000
[1780320862.089] SMART_COOLDOWN_MS: 12000
[1780320862.089] SMART_SWITCH_WINDOW_MS: 90000
[1780320862.089] SMART_MAX_SWITCHES: 3
[1780320862.089] SMART_AUDIO_NOVELTY: 0.0726
[1780320862.089] SMART_AUDIO_ENERGY: 0.1355
[1780320862.090] SMART_EVENT_ID: 466
[1780320862.090] SMART_EVENT_AGE_MS: 899
[1780320862.090] SMART_ONSET: 0
[1780320862.091] SMART_BASS_ONSET: 0
[1780320862.091] SMART_BEAT_CONFIDENCE: 0.000
[1780320862.091] }}
[1780320862.128] >>> :vp_status
[1780320862.132] sbr{{
[1780320862.132] VP_PROFILE: candidate
[1780320862.133] VP_FIXES: agc_soft=on chroma_gate=on prism_off=on bloom_decay=off hsv_source_sat=on secondary_clean=on
[1780320862.133] VP_STREAM: on
[1780320862.133] AP_STREAM: on
[1780320862.133] VP_BLOOM: alpha=0.9900 shift=1.0000 force_sat=on
[1780320862.137] VP_WAVEFORM: idle_fade=0.9850 raw_margin=1.1000 peak_floor=0.0800 active_fade=0.0400 blend_gain=2.0000 fallback=1.0000 vu_floor=0.0200 shift_rate=120.0000
[1780320862.138] VP_CHROMA: seq=83312 range=60 profile=0 gate_gain=1.0000 pre_max=0.2916 pre_mean=0.1438 norm_max=0.7937 norm_mean=0.3914 flatness=0.4023 final_max=0.6937 final_mean=0.2914
[1780320862.139] VP_AGC: gain=1.1862 envelope=0.1869 floor=0.0010 gated=false
[1780320862.139] VP_RENDER_US: last=2827 avg=2679 max=6357
[1780320862.139] }}
[1780320862.351] [VP] profile=candidate fix=111011 chroma_seq=83346 chroma_flatness=0.4766 chroma_norm_max=1.0288 chroma_norm_mean=0.5343 chroma_final_max=0.9288 chroma_final_mean=0.4343 agc_gain=1.3551 bloom_alpha=0.9900 bloom_shift=1.0000 wave_idle=0.9850 wave_raw_margin=1.1000 wave_peak_floor=0.0800 wave_vu_floor=0.0200 wave_shift=120.0000 render_us=2603 render_avg=2698 render_max=6357
[1780320862.862] [AP] SSL=280 DC=-4774 max_raw=258 follower=280 peak_scaled=-0.226 silent_scale=1.000 silence=0 cal_source=config cal_valid=1
[1780320863.357] [VP] profile=candidate fix=111011 chroma_seq=83519 chroma_flatness=0.1040 chroma_norm_max=0.1637 chroma_norm_mean=0.0196 chroma_final_max=0.0204 chroma_final_mean=0.0017 agc_gain=8.9277 bloom_alpha=0.9900 bloom_shift=1.0000 wave_idle=0.9850 wave_raw_margin=1.1000 wave_peak_floor=0.0800 wave_vu_floor=0.0200 wave_shift=120.0000 render_us=2487 render_avg=2290 render_max=6357
[1780320863.867] [AP] SSL=280 DC=-4774 max_raw=117 follower=280 peak_scaled=-0.613 silent_scale=1.000 silence=0 cal_source=config cal_valid=1
[1780320864.359] [VP] profile=candidate fix=111011 chroma_seq=83688 chroma_flatness=0.1851 chroma_norm_max=0.2143 chroma_norm_mean=0.0292 chroma_final_max=0.0601 chroma_final_mean=0.0050 agc_gain=9.9987 bloom_alpha=0.9900 bloom_shift=1.0000 wave_idle=0.9850 wave_raw_margin=1.1000 wave_peak_floor=0.0800 wave_vu_floor=0.0200 wave_shift=120.0000 render_us=2481 render_avg=2248 render_max=6357
[1780320864.872] [AP] SSL=280 DC=-4774 max_raw=90 follower=280 peak_scaled=-0.582 silent_scale=1.000 silence=0 cal_source=config cal_valid=1
[1780320865.367] [VP] profile=candidate fix=111011 chroma_seq=83862 chroma_flatness=0.3660 chroma_norm_max=0.4066 chroma_norm_mean=0.0406 chroma_final_max=0.3066 chroma_final_mean=0.0255 agc_gain=9.9997 bloom_alpha=0.9900 bloom_shift=1.0000 wave_idle=0.9850 wave_raw_margin=1.1000 wave_peak_floor=0.0800 wave_vu_floor=0.0200 wave_shift=120.0000 render_us=2344 render_avg=2310 render_max=6357
[1780320865.877] [AP] SSL=280 DC=-4774 max_raw=90 follower=280 peak_scaled=-0.664 silent_scale=1.000 silence=0 cal_source=config cal_valid=1
[1780320866.372] [VP] profile=candidate fix=111011 chroma_seq=84037 chroma_flatness=0.2318 chroma_norm_max=0.2663 chroma_norm_mean=0.0345 chroma_final_max=0.1263 chroma_final_mean=0.0113 agc_gain=9.9997 bloom_alpha=0.9900 bloom_shift=1.0000 wave_idle=0.9850 wave_raw_margin=1.1000 wave_peak_floor=0.0800 wave_vu_floor=0.0200 wave_shift=120.0000 render_us=2482 render_avg=2250 render_max=6357
[1780320866.882] [AP] SSL=280 DC=-4774 max_raw=121 follower=280 peak_scaled=-0.634 silent_scale=1.000 silence=0 cal_source=config cal_valid=1
[1780320867.374] [VP] profile=candidate fix=111011 chroma_seq=84206 chroma_flatness=0.0241 chroma_norm_max=0.0291 chroma_norm_mean=0.0050 chroma_final_max=0.0000 chroma_final_mean=0.0000 agc_gain=9.9997 bloom_alpha=0.9900 bloom_shift=1.0000 wave_idle=0.9850 wave_raw_margin=1.1000 wave_peak_floor=0.0800 wave_vu_floor=0.0200 wave_shift=120.0000 render_us=2454 render_avg=2158 render_max=6357
[1780320867.888] [AP] SSL=280 DC=-4774 max_raw=99 follower=280 peak_scaled=-0.647 silent_scale=1.000 silence=0 cal_source=config cal_valid=1
[1780320868.381] [VP] profile=candidate fix=111011 chroma_seq=84374 chroma_flatness=0.7999 chroma_norm_max=0.9203 chroma_norm_mean=0.0941 chroma_final_max=0.8203 chroma_final_mean=0.0684 agc_gain=9.9997 bloom_alpha=0.9900 bloom_shift=1.0000 wave_idle=0.9850 wave_raw_margin=1.1000 wave_peak_floor=0.0800 wave_vu_floor=0.0200 wave_shift=120.0000 render_us=2327 render_avg=2139 render_max=6357
[1780320868.893] [AP] SSL=280 DC=-4774 max_raw=102 follower=280 peak_scaled=-0.402 silent_scale=1.000 silence=0 cal_source=config cal_valid=1
[1780320869.387] [VP] profile=candidate fix=111011 chroma_seq=84548 chroma_flatness=0.5635 chroma_norm_max=0.8385 chroma_norm_mean=0.2750 chroma_final_max=0.7385 chroma_final_mean=0.2076 agc_gain=9.9997 bloom_alpha=0.9900 bloom_shift=1.0000 wave_idle=0.9850 wave_raw_margin=1.1000 wave_peak_floor=0.0800 wave_vu_floor=0.0200 wave_shift=120.0000 render_us=2355 render_avg=2087 render_max=6357
[1780320869.898] [AP] SSL=280 DC=-4774 max_raw=291 follower=306 peak_scaled=0.278 silent_scale=1.000 silence=0 cal_source=config cal_valid=1
[1780320870.390] [VP] profile=candidate fix=111011 chroma_seq=84720 chroma_flatness=0.3055 chroma_norm_max=1.4702 chroma_norm_mean=1.1648 chroma_final_max=1.0000 chroma_final_mean=0.9323 agc_gain=8.7536 bloom_alpha=0.9900 bloom_shift=1.0000 wave_idle=0.9850 wave_raw_margin=1.1000 wave_peak_floor=0.0800 wave_vu_floor=0.0200 wave_shift=120.0000 render_us=2414 render_avg=2280 render_max=6357
[1780320871.388] [AP] SSL=280 DC=-4774 max_raw=332 follower=469 peak_scaled=0.409 silent_scale=1.000 silence=0 cal_source=config cal_valid=1
[1780320871.392] [VP] profile=candidate fix=111011 chroma_seq=84888 chroma_flatness=0.0161 chroma_norm_max=0.0218 chroma_norm_mean=0.0117 chroma_final_max=0.0000 chroma_final_mean=0.0000 agc_gain=3.2592 bloom_alpha=0.9900 bloom_shift=1.0000 wave_idle=0.9850 wave_raw_margin=1.1000 wave_peak_floor=0.0800 wave_vu_floor=0.0200 wave_shift=120.0000 render_us=2316 render_avg=2202 render_max=6357
[1780320871.908] [AP] SSL=280 DC=-4774 max_raw=107 follower=380 peak_scaled=-0.430 silent_scale=1.000 silence=0 cal_source=config cal_valid=1
[1780320872.349] ### CLIP_END id=drop-heavy-touchme-late ffplay_rc=0 video_rc=-9
[1780320872.349] ### VIDEO_STDERR [avfoundation @ 0xbd5408000] Selected pixel format (yuv420p) is not supported by the input device. | [avfoundation @ 0xbd5408000] Supported pixel formats: | [avfoundation @ 0xbd5408000]   uyvy422 | [avfoundation @ 0xbd5408000]   yuyv422 | [avfoundation @ 0xbd5408000]   nv12 | [avfoundation @ 0xbd5408000]   0rgb | [avfoundation @ 0xbd5408000]   bgr0
[1780320872.349] ### CLIP_START id=sparse-build-carte-early track=Carte-Blanche-Mixed.mp3 start=20.0 duration=25.0
[1780320872.394] [VP] profile=candidate fix=111011 chroma_seq=85056 chroma_flatness=0.2351 chroma_norm_max=0.4494 chroma_norm_mean=0.2142 chroma_final_max=0.2709 chroma_final_mean=0.0991 agc_gain=4.6216 bloom_alpha=0.9900 bloom_shift=1.0000 wave_idle=0.9850 wave_raw_margin=1.1000 wave_peak_floor=0.0800 wave_vu_floor=0.0200 wave_shift=120.0000 render_us=2583 render_avg=2178 render_max=6357
[1780320872.460] >>> :smart_status
[1780320872.465] sbr{{
[1780320872.465] SMART_ASSIST: on
[1780320872.465] SMART_SWITCHING: on
[1780320872.465] SMART_DIRECTOR_AUTONOMY: on
[1780320872.466] SMART_HOOKS: on
[1780320872.466] SMART_CONFIDENCE_FLOOR: 0.070
[1780320872.466] SMART_APPLIED_MODE: 3
[1780320872.466] SMART_LAST_REQUESTED_MODE: 10
[1780320872.466] SMART_SWITCHES_IN_WINDOW: 3
[1780320872.466] SMART_MANUAL_OWNER_ACTIVE: 0
[1780320872.466] SMART_LAST_REASON: 9
[1780320872.466] SMART_STATE: 2
[1780320872.466] SMART_INTENT_MODE: 10
[1780320872.466] SMART_INTENT_CONFIDENCE: 0.093
[1780320872.467] SMART_INTENT_WANTS_SWITCH: 1
[1780320872.467] SMART_SCALAR_PHOTONS: 1.000
[1780320872.468] SMART_SCALAR_CHROMA: 1.000
[1780320872.468] SMART_SCALAR_MOOD: 1.000
[1780320872.468] SMART_SCALAR_SATURATION: 1.000
[1780320872.469] SMART_PALETTE_OVERLAY: 1
[1780320872.469] SMART_PALETTE_INDEX: 22
[1780320872.469] SMART_AUTO_COLOUR_SHIFT: 0
[1780320872.469] SMART_MIN_DWELL_MS: 12000
[1780320872.469] SMART_COOLDOWN_MS: 12000
[1780320872.469] SMART_SWITCH_WINDOW_MS: 90000
[1780320872.469] SMART_MAX_SWITCHES: 3
[1780320872.470] SMART_AUDIO_NOVELTY: 0.0000
[1780320872.470] SMART_AUDIO_ENERGY: 0.1648
[1780320872.470] SMART_EVENT_ID: 477
[1780320872.470] SMART_EVENT_AGE_MS: 62
[1780320872.470] SMART_ONSET: 0
[1780320872.470] SMART_BASS_ONSET: 1
[1780320872.470] SMART_BEAT_CONFIDENCE: 0.000
[1780320872.470] }}
[1780320872.511] >>> :vp_status
[1780320872.512] sbr{{
[1780320872.512] VP_PROFILE: candidate
[1780320872.512] VP_FIXES: agc_soft=on chroma_gate=on prism_off=on bloom_decay=off hsv_source_sat=on secondary_clean=on
[1780320872.512] VP_STREAM: on
[1780320872.512] AP_STREAM: on
[1780320872.513] VP_BLOOM: alpha=0.9900 shift=1.0000 force_sat=on
[1780320872.515] VP_WAVEFORM: idle_fade=0.9850 raw_margin=1.1000 peak_floor=0.0800 active_fade=0.0400 blend_gain=2.0000 fallback=1.0000 vu_floor=0.0200 shift_rate=120.0000
[1780320872.517] VP_CHROMA: seq=85076 range=60 profile=0 gate_gain=1.0000 pre_max=0.2505 pre_mean=0.1174 norm_max=0.5424 norm_mean=0.2542 flatness=0.2883 final_max=0.4345 final_mean=0.1539
[1780320872.519] VP_AGC: gain=3.6465 envelope=0.0969 floor=0.0010 gated=false
[1780320872.519] VP_RENDER_US: last=2543 avg=2423 max=6357
[1780320872.519] }}
[1780320873.397] [AP] SSL=280 DC=-4774 max_raw=131 follower=377 peak_scaled=-0.357 silent_scale=1.000 silence=0 cal_source=config cal_valid=1
[1780320873.401] [VP] profile=candidate fix=111011 chroma_seq=85225 chroma_flatness=0.3743 chroma_norm_max=0.6354 chroma_norm_mean=0.2611 chroma_final_max=0.5354 chroma_final_mean=0.1868 agc_gain=3.9062 bloom_alpha=0.9900 bloom_shift=1.0000 wave_idle=0.9850 wave_raw_margin=1.1000 wave_peak_floor=0.0800 wave_vu_floor=0.0200 wave_shift=120.0000 render_us=2527 render_avg=2180 render_max=6357
[1780320874.392] [AP] SSL=280 DC=-4774 max_raw=676 follower=418 peak_scaled=0.947 silent_scale=1.000 silence=0 cal_source=config cal_valid=1
[1780320874.396] [VP] profile=candidate fix=111011 chroma_seq=85394 chroma_flatness=0.1752 chroma_norm_max=0.2612 chroma_norm_mean=0.0860 chroma_final_max=0.0234 chroma_final_mean=0.0044 agc_gain=1.1574 bloom_alpha=0.9900 bloom_shift=1.0000 wave_idle=0.9850 wave_raw_margin=1.1000 wave_peak_floor=0.0800 wave_vu_floor=0.0200 wave_shift=120.0000 render_us=2433 render_avg=2298 render_max=6357
[1780320874.924] [AP] SSL=280 DC=-4774 max_raw=255 follower=280 peak_scaled=-0.174 silent_scale=1.000 silence=0 cal_source=config cal_valid=1
[1780320875.402] [VP] profile=candidate fix=111011 chroma_seq=85564 chroma_flatness=0.2830 chroma_norm_max=0.5256 chroma_norm_mean=0.2442 chroma_final_max=0.3459 chroma_final_mean=0.1375 agc_gain=5.6070 bloom_alpha=0.9900 bloom_shift=1.0000 wave_idle=0.9850 wave_raw_margin=1.1000 wave_peak_floor=0.0800 wave_vu_floor=0.0200 wave_shift=120.0000 render_us=2440 render_avg=2235 render_max=6357
[1780320875.928] [AP] SSL=280 DC=-4774 max_raw=361 follower=280 peak_scaled=0.175 silent_scale=1.000 silence=0 cal_source=config cal_valid=1
[1780320876.405] [VP] profile=candidate fix=111011 chroma_seq=85736 chroma_flatness=0.4707 chroma_norm_max=0.6996 chroma_norm_mean=0.2289 chroma_final_max=0.5997 chroma_final_mean=0.1539 agc_gain=4.6707 bloom_alpha=0.9900 bloom_shift=1.0000 wave_idle=0.9850 wave_raw_margin=1.1000 wave_peak_floor=0.0800 wave_vu_floor=0.0200 wave_shift=120.0000 render_us=2500 render_avg=2153 render_max=6357
[1780320876.932] [AP] SSL=280 DC=-4774 max_raw=342 follower=280 peak_scaled=-0.156 silent_scale=1.000 silence=0 cal_source=config cal_valid=1
[1780320877.412] [VP] profile=candidate fix=111011 chroma_seq=85905 chroma_flatness=0.3891 chroma_norm_max=0.7650 chroma_norm_mean=0.3406 chroma_final_max=0.6650 chroma_final_mean=0.2586 agc_gain=5.0345 bloom_alpha=0.9900 bloom_shift=1.0000 wave_idle=0.9850 wave_raw_margin=1.1000 wave_peak_floor=0.0800 wave_vu_floor=0.0200 wave_shift=120.0000 render_us=2467 render_avg=2338 render_max=6357
[1780320877.465] >>> :smart_status
[1780320877.478] sbr{{
[1780320877.478] SMART_ASSIST: on
[1780320877.478] SMART_SWITCHING: on
[1780320877.478] SMART_DIRECTOR_AUTONOMY: on
[1780320877.479] SMART_HOOKS: on
[1780320877.479] SMART_CONFIDENCE_FLOOR: 0.070
[1780320877.479] SMART_APPLIED_MODE: 3
[1780320877.479] SMART_LAST_REQUESTED_MODE: 10
[1780320877.479] SMART_SWITCHES_IN_WINDOW: 3
[1780320877.479] SMART_MANUAL_OWNER_ACTIVE: 0
[1780320877.479] SMART_LAST_REASON: 9
[1780320877.479] SMART_STATE: 2
[1780320877.479] SMART_INTENT_MODE: 10
[1780320877.479] SMART_INTENT_CONFIDENCE: 0.105
[1780320877.479] SMART_INTENT_WANTS_SWITCH: 1
[1780320877.480] SMART_SCALAR_PHOTONS: 1.000
[1780320877.480] SMART_SCALAR_CHROMA: 1.000
[1780320877.480] SMART_SCALAR_MOOD: 1.000
[1780320877.481] SMART_SCALAR_SATURATION: 1.000
[1780320877.481] SMART_PALETTE_OVERLAY: 1
[1780320877.481] SMART_PALETTE_INDEX: 22
[1780320877.481] SMART_AUTO_COLOUR_SHIFT: 0
[1780320877.482] SMART_MIN_DWELL_MS: 12000
[1780320877.482] SMART_COOLDOWN_MS: 12000
[1780320877.482] SMART_SWITCH_WINDOW_MS: 90000
[1780320877.482] SMART_MAX_SWITCHES: 3
[1780320877.482] SMART_AUDIO_NOVELTY: 0.0377
[1780320877.483] SMART_AUDIO_ENERGY: 0.1296
[1780320877.483] SMART_EVENT_ID: 480
[1780320877.483] SMART_EVENT_AGE_MS: 1710
[1780320877.483] SMART_ONSET: 0
[1780320877.483] SMART_BASS_ONSET: 0
[1780320877.483] SMART_BEAT_CONFIDENCE: 0.000
[1780320877.483] }}
[1780320877.520] >>> :vp_status
[1780320877.529] sbr{{
[1780320877.529] VP_PROFILE: candidate
[1780320877.530] VP_FIXES: agc_soft=on chroma_gate=on prism_off=on bloom_decay=off hsv_source_sat=on secondary_clean=on
[1780320877.530] VP_STREAM: on
[1780320877.530] AP_STREAM: on
[1780320877.531] VP_BLOOM: alpha=0.9900 shift=1.0000 force_sat=on
[1780320877.533] VP_WAVEFORM: idle_fade=0.9850 raw_margin=1.1000 peak_floor=0.0800 active_fade=0.0400 blend_gain=2.0000 fallback=1.0000 vu_floor=0.0200 shift_rate=120.0000
[1780320877.535] VP_CHROMA: seq=85926 range=60 profile=0 gate_gain=0.9957 pre_max=0.2265 pre_mean=0.1337 norm_max=0.6819 norm_mean=0.4028 flatness=0.2791 final_max=0.5794 final_mean=0.3111
[1780320877.535] VP_AGC: gain=4.4590 envelope=0.0609 floor=0.0010 gated=false
[1780320877.536] VP_RENDER_US: last=3389 avg=2634 max=6357
[1780320877.536] }}
[1780320877.938] [AP] SSL=280 DC=-4774 max_raw=273 follower=280 peak_scaled=-0.041 silent_scale=1.000 silence=0 cal_source=config cal_valid=1
[1780320878.415] [VP] profile=candidate fix=111011 chroma_seq=86072 chroma_flatness=0.3489 chroma_norm_max=0.7367 chroma_norm_mean=0.3878 chroma_final_max=0.5911 chroma_final_mean=0.2803 agc_gain=2.5792 bloom_alpha=0.9900 bloom_shift=1.0000 wave_idle=0.9850 wave_raw_margin=1.1000 wave_peak_floor=0.0800 wave_vu_floor=0.0200 wave_shift=120.0000 render_us=2385 render_avg=2226 render_max=6357
[1780320878.943] [AP] SSL=280 DC=-4774 max_raw=278 follower=280 peak_scaled=-0.129 silent_scale=1.000 silence=0 cal_source=config cal_valid=1
[1780320879.420] [VP] profile=candidate fix=111011 chroma_seq=86243 chroma_flatness=0.3716 chroma_norm_max=0.7272 chroma_norm_mean=0.3556 chroma_final_max=0.6272 chroma_final_mean=0.2588 agc_gain=4.2011 bloom_alpha=0.9900 bloom_shift=1.0000 wave_idle=0.9850 wave_raw_margin=1.1000 wave_peak_floor=0.0800 wave_vu_floor=0.0200 wave_shift=120.0000 render_us=2596 render_avg=2217 render_max=6357
[1780320880.423] [AP] SSL=280 DC=-4774 max_raw=237 follower=280 peak_scaled=0.096 silent_scale=1.000 silence=0 cal_source=config cal_valid=1
[1780320880.427] [VP] profile=candidate fix=111011 chroma_seq=86412 chroma_flatness=0.4390 chroma_norm_max=1.2616 chroma_norm_mean=0.8226 chroma_final_max=1.0000 chroma_final_mean=0.7091 agc_gain=3.4252 bloom_alpha=0.9900 bloom_shift=1.0000 wave_idle=0.9850 wave_raw_margin=1.1000 wave_peak_floor=0.0800 wave_vu_floor=0.0200 wave_shift=120.0000 render_us=2485 render_avg=2252 render_max=6357
[1780320881.430] [AP] SSL=280 DC=-4774 max_raw=1355 follower=1131 peak_scaled=0.934 silent_scale=1.000 silence=0 cal_source=config cal_valid=1
[1780320881.433] [VP] profile=candidate fix=111011 chroma_seq=86587 chroma_flatness=0.2557 chroma_norm_max=0.6793 chroma_norm_mean=0.4236 chroma_final_max=0.5090 chroma_final_mean=0.2843 agc_gain=0.6875 bloom_alpha=0.9900 bloom_shift=1.0000 wave_idle=0.9850 wave_raw_margin=1.1000 wave_peak_floor=0.0800 wave_vu_floor=0.0200 wave_shift=120.0000 render_us=2413 render_avg=2206 render_max=6357
[1780320882.433] [AP] SSL=280 DC=-4774 max_raw=618 follower=1022 peak_scaled=0.458 silent_scale=1.000 silence=0 cal_source=config cal_valid=1
[1780320882.437] [VP] profile=candidate fix=111011 chroma_seq=86758 chroma_flatness=0.3519 chroma_norm_max=0.6103 chroma_norm_mean=0.2744 chroma_final_max=0.5103 chroma_final_mean=0.1813 agc_gain=0.7199 bloom_alpha=0.9900 bloom_shift=1.0000 wave_idle=0.9850 wave_raw_margin=1.1000 wave_peak_floor=0.0800 wave_vu_floor=0.0200 wave_shift=120.0000 render_us=2463 render_avg=2390 render_max=6357
[1780320882.496] >>> :smart_status
[1780320882.502] sbr{{
[1780320882.502] SMART_ASSIST: on
[1780320882.503] SMART_SWITCHING: on
[1780320882.503] SMART_DIRECTOR_AUTONOMY: on
[1780320882.503] SMART_HOOKS: on
[1780320882.503] SMART_CONFIDENCE_FLOOR: 0.070
[1780320882.503] SMART_APPLIED_MODE: 3
[1780320882.503] SMART_LAST_REQUESTED_MODE: 10
[1780320882.503] SMART_SWITCHES_IN_WINDOW: 3
[1780320882.503] SMART_MANUAL_OWNER_ACTIVE: 0
[1780320882.503] SMART_LAST_REASON: 9
[1780320882.503] SMART_STATE: 2
[1780320882.503] SMART_INTENT_MODE: 10
[1780320882.504] SMART_INTENT_CONFIDENCE: 0.100
[1780320882.504] SMART_INTENT_WANTS_SWITCH: 1
[1780320882.504] SMART_SCALAR_PHOTONS: 1.000
[1780320882.505] SMART_SCALAR_CHROMA: 1.000
[1780320882.505] SMART_SCALAR_MOOD: 1.000
[1780320882.505] SMART_SCALAR_SATURATION: 1.000
[1780320882.506] SMART_PALETTE_OVERLAY: 1
[1780320882.506] SMART_PALETTE_INDEX: 22
[1780320882.506] SMART_AUTO_COLOUR_SHIFT: 0
[1780320882.506] SMART_MIN_DWELL_MS: 12000
[1780320882.506] SMART_COOLDOWN_MS: 12000
[1780320882.506] SMART_SWITCH_WINDOW_MS: 90000
[1780320882.506] SMART_MAX_SWITCHES: 3
[1780320882.507] SMART_AUDIO_NOVELTY: 0.1462
[1780320882.507] SMART_AUDIO_ENERGY: 0.1238
[1780320882.507] SMART_EVENT_ID: 488
[1780320882.507] SMART_EVENT_AGE_MS: 398
[1780320882.507] SMART_ONSET: 0
[1780320882.508] SMART_BASS_ONSET: 0
[1780320882.508] SMART_BEAT_CONFIDENCE: 1.000
[1780320882.508] }}
[1780320882.551] >>> :vp_status
[1780320882.561] sbr{{
[1780320882.561] VP_PROFILE: candidate
[1780320882.562] VP_FIXES: agc_soft=on chroma_gate=on prism_off=on bloom_decay=off hsv_source_sat=on secondary_clean=on
[1780320882.562] VP_STREAM: on
[1780320882.562] AP_STREAM: on
[1780320882.562] VP_BLOOM: alpha=0.9900 shift=1.0000 force_sat=on
[1780320882.564] VP_WAVEFORM: idle_fade=0.9850 raw_margin=1.1000 peak_floor=0.0800 active_fade=0.0400 blend_gain=2.0000 fallback=1.0000 vu_floor=0.0200 shift_rate=120.0000
[1780320882.565] VP_CHROMA: seq=86780 range=60 profile=0 gate_gain=1.0000 pre_max=0.4120 pre_mean=0.2520 norm_max=0.9427 norm_mean=0.5765 flatness=0.3662 final_max=0.8427 final_mean=0.4765
[1780320882.566] VP_AGC: gain=0.7876 envelope=0.2972 floor=0.0010 gated=false
[1780320882.567] VP_RENDER_US: last=3223 avg=2478 max=6357
[1780320882.567] }}
[1780320882.964] [AP] SSL=280 DC=-4774 max_raw=754 follower=1023 peak_scaled=0.560 silent_scale=1.000 silence=0 cal_source=config cal_valid=1
[1780320883.440] [VP] profile=candidate fix=111011 chroma_seq=86926 chroma_flatness=0.1490 chroma_norm_max=0.7717 chroma_norm_mean=0.6228 chroma_final_max=0.2316 chroma_final_mean=0.1803 agc_gain=0.6889 bloom_alpha=0.9900 bloom_shift=1.0000 wave_idle=0.9850 wave_raw_margin=1.1000 wave_peak_floor=0.0800 wave_vu_floor=0.0200 wave_shift=120.0000 render_us=2589 render_avg=2208 render_max=6357
[1780320883.969] [AP] SSL=280 DC=-4774 max_raw=971 follower=1048 peak_scaled=0.669 silent_scale=1.000 silence=0 cal_source=config cal_valid=1
[1780320884.445] [VP] profile=candidate fix=111011 chroma_seq=87096 chroma_flatness=0.3989 chroma_norm_max=0.7568 chroma_norm_mean=0.3578 chroma_final_max=0.6568 chroma_final_mean=0.2579 agc_gain=0.8589 bloom_alpha=0.9900 bloom_shift=1.0000 wave_idle=0.9850 wave_raw_margin=1.1000 wave_peak_floor=0.0800 wave_vu_floor=0.0200 wave_shift=120.0000 render_us=2490 render_avg=2351 render_max=6357
[1780320885.443] [AP] SSL=280 DC=-4774 max_raw=705 follower=908 peak_scaled=0.281 silent_scale=1.000 silence=0 cal_source=config cal_valid=1
[1780320885.447] [VP] profile=candidate fix=111011 chroma_seq=87266 chroma_flatness=0.5005 chroma_norm_max=0.7743 chroma_norm_mean=0.2739 chroma_final_max=0.6743 chroma_final_mean=0.1849 agc_gain=1.0469 bloom_alpha=0.9900 bloom_shift=1.0000 wave_idle=0.9850 wave_raw_margin=1.1000 wave_peak_floor=0.0800 wave_vu_floor=0.0200 wave_shift=120.0000 render_us=2352 render_avg=2270 render_max=6357
[1780320886.447] [AP] SSL=280 DC=-4774 max_raw=735 follower=793 peak_scaled=0.479 silent_scale=1.000 silence=0 cal_source=config cal_valid=1
[1780320886.451] [VP] profile=candidate fix=111011 chroma_seq=87435 chroma_flatness=0.4664 chroma_norm_max=1.1407 chroma_norm_mean=0.6743 chroma_final_max=1.0000 chroma_final_mean=0.5709 agc_gain=0.9857 bloom_alpha=0.9900 bloom_shift=1.0000 wave_idle=0.9850 wave_raw_margin=1.1000 wave_peak_floor=0.0800 wave_vu_floor=0.0200 wave_shift=120.0000 render_us=2440 render_avg=2270 render_max=6357
[1780320886.983] [AP] SSL=280 DC=-4774 max_raw=772 follower=1003 peak_scaled=0.674 silent_scale=1.000 silence=0 cal_source=config cal_valid=1
[1780320887.454] [VP] profile=candidate fix=111011 chroma_seq=87604 chroma_flatness=0.2153 chroma_norm_max=0.4637 chroma_norm_mean=0.2485 chroma_final_max=0.2460 chroma_final_mean=0.1043 agc_gain=0.9421 bloom_alpha=0.9900 bloom_shift=1.0000 wave_idle=0.9850 wave_raw_margin=1.1000 wave_peak_floor=0.0800 wave_vu_floor=0.0200 wave_shift=120.0000 render_us=2341 render_avg=2232 render_max=6357
[1780320887.480] >>> :smart_status
[1780320887.481] sbr{{
[1780320887.481] SMART_ASSIST: on
[1780320887.481] SMART_SWITCHING: on
[1780320887.481] SMART_DIRECTOR_AUTONOMY: on
[1780320887.481] SMART_HOOKS: on
[1780320887.481] SMART_CONFIDENCE_FLOOR: 0.070
[1780320887.481] SMART_APPLIED_MODE: 3
[1780320887.481] SMART_LAST_REQUESTED_MODE: 10
[1780320887.482] SMART_SWITCHES_IN_WINDOW: 3
[1780320887.482] SMART_MANUAL_OWNER_ACTIVE: 0
[1780320887.482] SMART_LAST_REASON: 9
[1780320887.482] SMART_STATE: 2
[1780320887.483] SMART_INTENT_MODE: 10
[1780320887.483] SMART_INTENT_CONFIDENCE: 0.113
[1780320887.483] SMART_INTENT_WANTS_SWITCH: 1
[1780320887.483] SMART_SCALAR_PHOTONS: 1.000
[1780320887.483] SMART_SCALAR_CHROMA: 1.000
[1780320887.483] SMART_SCALAR_MOOD: 1.000
[1780320887.484] SMART_SCALAR_SATURATION: 1.000
[1780320887.484] SMART_PALETTE_OVERLAY: 1
[1780320887.484] SMART_PALETTE_INDEX: 22
[1780320887.484] SMART_AUTO_COLOUR_SHIFT: 0
[1780320887.484] SMART_MIN_DWELL_MS: 12000
[1780320887.484] SMART_COOLDOWN_MS: 12000
[1780320887.484] SMART_SWITCH_WINDOW_MS: 90000
[1780320887.484] SMART_MAX_SWITCHES: 3
[1780320887.485] SMART_AUDIO_NOVELTY: 0.1022
[1780320887.485] SMART_AUDIO_ENERGY: 0.1057
[1780320887.485] SMART_EVENT_ID: 499
[1780320887.485] SMART_EVENT_AGE_MS: 194
[1780320887.485] SMART_ONSET: 0
[1780320887.485] SMART_BASS_ONSET: 0
[1780320887.485] SMART_BEAT_CONFIDENCE: 1.000
[1780320887.485] }}
[1780320887.534] >>> :vp_status
[1780320887.549] sbr{{
[1780320887.549] VP_PROFILE: candidate
[1780320887.549] VP_FIXES: agc_soft=on chroma_gate=on prism_off=on bloom_decay=off hsv_source_sat=on secondary_clean=on
[1780320887.549] VP_STREAM: on
[1780320887.549] AP_STREAM: on
[1780320887.549] VP_BLOOM: alpha=0.9900 shift=1.0000 force_sat=on
[1780320887.552] VP_WAVEFORM: idle_fade=0.9850 raw_margin=1.1000 peak_floor=0.0800 active_fade=0.0400 blend_gain=2.0000 fallback=1.0000 vu_floor=0.0200 shift_rate=120.0000
[1780320887.554] VP_CHROMA: seq=87620 range=60 profile=0 gate_gain=1.0000 pre_max=0.2679 pre_mean=0.1125 norm_max=0.5844 norm_mean=0.2454 flatness=0.3390 final_max=0.4844 final_mean=0.1637
[1780320887.555] VP_AGC: gain=0.9966 envelope=0.2227 floor=0.0010 gated=false
[1780320887.555] VP_RENDER_US: last=3178 avg=2424 max=6357
[1780320887.555] }}
[1780320887.988] [AP] SSL=280 DC=-4774 max_raw=309 follower=792 peak_scaled=0.125 silent_scale=1.000 silence=0 cal_source=config cal_valid=1
[1780320888.450] [VP] profile=candidate fix=111011 chroma_seq=87770 chroma_flatness=0.2194 chroma_norm_max=0.3899 chroma_norm_mean=0.1704 chroma_final_max=0.2021 chroma_final_mean=0.0541 agc_gain=1.0634 bloom_alpha=0.9900 bloom_shift=1.0000 wave_idle=0.9850 wave_raw_margin=1.1000 wave_peak_floor=0.0800 wave_vu_floor=0.0200 wave_shift=120.0000 render_us=2449 render_avg=2308 render_max=6357
[1780320889.451] [AP] SSL=280 DC=-4774 max_raw=1107 follower=908 peak_scaled=0.573 silent_scale=1.000 silence=0 cal_source=config cal_valid=1
[1780320889.455] [VP] profile=candidate fix=111011 chroma_seq=87937 chroma_flatness=0.3710 chroma_norm_max=1.1599 chroma_norm_mean=0.7889 chroma_final_max=1.0000 chroma_final_mean=0.6839 agc_gain=1.1350 bloom_alpha=0.9900 bloom_shift=1.0000 wave_idle=0.9850 wave_raw_margin=1.1000 wave_peak_floor=0.0800 wave_vu_floor=0.0200 wave_shift=120.0000 render_us=2489 render_avg=2141 render_max=6357
[1780320889.997] [AP] SSL=280 DC=-4774 max_raw=814 follower=1096 peak_scaled=0.523 silent_scale=1.000 silence=0 cal_source=config cal_valid=1
[1780320890.460] [VP] profile=candidate fix=111011 chroma_seq=88105 chroma_flatness=0.2926 chroma_norm_max=0.5800 chroma_norm_mean=0.2874 chroma_final_max=0.4801 chroma_final_mean=0.1890 agc_gain=1.0909 bloom_alpha=0.9900 bloom_shift=1.0000 wave_idle=0.9850 wave_raw_margin=1.1000 wave_peak_floor=0.0800 wave_vu_floor=0.0200 wave_shift=120.0000 render_us=2416 render_avg=2250 render_max=6357
[1780320891.005] [AP] SSL=280 DC=-4774 max_raw=397 follower=870 peak_scaled=0.200 silent_scale=1.000 silence=0 cal_source=config cal_valid=1
[1780320891.465] [VP] profile=candidate fix=111011 chroma_seq=88273 chroma_flatness=0.3234 chroma_norm_max=0.6048 chroma_norm_mean=0.2814 chroma_final_max=0.5048 chroma_final_mean=0.1894 agc_gain=1.0455 bloom_alpha=0.9900 bloom_shift=1.0000 wave_idle=0.9850 wave_raw_margin=1.1000 wave_peak_floor=0.0800 wave_vu_floor=0.0200 wave_shift=120.0000 render_us=2471 render_avg=2209 render_max=6357
[1780320892.009] [AP] SSL=280 DC=-4774 max_raw=1430 follower=1053 peak_scaled=0.860 silent_scale=1.000 silence=0 cal_source=config cal_valid=1
[1780320892.472] [VP] profile=candidate fix=111011 chroma_seq=88446 chroma_flatness=0.3536 chroma_norm_max=0.5867 chroma_norm_mean=0.2331 chroma_final_max=0.4867 chroma_final_mean=0.1476 agc_gain=0.9953 bloom_alpha=0.9900 bloom_shift=1.0000 wave_idle=0.9850 wave_raw_margin=1.1000 wave_peak_floor=0.0800 wave_vu_floor=0.0200 wave_shift=120.0000 render_us=2410 render_avg=2168 render_max=6357
[1780320892.504] >>> :smart_status
[1780320892.509] sbr{{
[1780320892.509] SMART_ASSIST: on
[1780320892.509] SMART_SWITCHING: on
[1780320892.509] SMART_DIRECTOR_AUTONOMY: on
[1780320892.509] SMART_HOOKS: on
[1780320892.509] SMART_CONFIDENCE_FLOOR: 0.070
[1780320892.509] SMART_APPLIED_MODE: 3
[1780320892.509] SMART_LAST_REQUESTED_MODE: 11
[1780320892.509] SMART_SWITCHES_IN_WINDOW: 3
[1780320892.509] SMART_MANUAL_OWNER_ACTIVE: 0
[1780320892.510] SMART_LAST_REASON: 9
[1780320892.510] SMART_STATE: 2
[1780320892.511] SMART_INTENT_MODE: 11
[1780320892.511] SMART_INTENT_CONFIDENCE: 0.083
[1780320892.511] SMART_INTENT_WANTS_SWITCH: 1
[1780320892.511] SMART_SCALAR_PHOTONS: 1.000
[1780320892.511] SMART_SCALAR_CHROMA: 1.000
[1780320892.511] SMART_SCALAR_MOOD: 1.000
[1780320892.511] SMART_SCALAR_SATURATION: 1.000
[1780320892.511] SMART_PALETTE_OVERLAY: 1
[1780320892.511] SMART_PALETTE_INDEX: 11
[1780320892.511] SMART_AUTO_COLOUR_SHIFT: 0
[1780320892.511] SMART_MIN_DWELL_MS: 12000
[1780320892.511] SMART_COOLDOWN_MS: 12000
[1780320892.511] SMART_SWITCH_WINDOW_MS: 90000
[1780320892.511] SMART_MAX_SWITCHES: 3
[1780320892.511] SMART_AUDIO_NOVELTY: 0.0608
[1780320892.512] SMART_AUDIO_ENERGY: 0.0980
[1780320892.512] SMART_EVENT_ID: 509
[1780320892.512] SMART_EVENT_AGE_MS: 512
[1780320892.512] SMART_ONSET: 0
[1780320892.513] SMART_BASS_ONSET: 0
[1780320892.513] SMART_BEAT_CONFIDENCE: 1.000
[1780320892.513] }}
[1780320892.559] >>> :vp_status
[1780320892.569] sbr{{
[1780320892.569] VP_PROFILE: candidate
[1780320892.569] VP_FIXES: agc_soft=on chroma_gate=on prism_off=on bloom_decay=off hsv_source_sat=on secondary_clean=on
[1780320892.569] VP_STREAM: on
[1780320892.569] AP_STREAM: on
[1780320892.570] VP_BLOOM: alpha=0.9900 shift=1.0000 force_sat=on
[1780320892.571] VP_WAVEFORM: idle_fade=0.9850 raw_margin=1.1000 peak_floor=0.0800 active_fade=0.0400 blend_gain=2.0000 fallback=1.0000 vu_floor=0.0200 shift_rate=120.0000
[1780320892.574] VP_CHROMA: seq=88463 range=60 profile=0 gate_gain=1.0000 pre_max=0.2187 pre_mean=0.1090 norm_max=0.5998 norm_mean=0.2990 flatness=0.3008 final_max=0.4998 final_mean=0.2014
[1780320892.574] VP_AGC: gain=1.0791 envelope=0.2040 floor=0.0010 gated=false
[1780320892.574] VP_RENDER_US: last=2573 avg=2299 max=6357
[1780320892.574] }}
[1780320893.012] [AP] SSL=280 DC=-4774 max_raw=534 follower=713 peak_scaled=0.312 silent_scale=1.000 silence=0 cal_source=config cal_valid=1
[1780320893.476] [VP] profile=candidate fix=111011 chroma_seq=88614 chroma_flatness=0.2334 chroma_norm_max=0.6563 chroma_norm_mean=0.4229 chroma_final_max=0.4266 chroma_final_mean=0.2476 agc_gain=2.1859 bloom_alpha=0.9900 bloom_shift=1.0000 wave_idle=0.9850 wave_raw_margin=1.1000 wave_peak_floor=0.0800 wave_vu_floor=0.0200 wave_shift=120.0000 render_us=2441 render_avg=2285 render_max=6357
[1780320894.477] [AP] SSL=280 DC=-4774 max_raw=589 follower=479 peak_scaled=0.578 silent_scale=1.000 silence=0 cal_source=config cal_valid=1
[1780320894.481] [VP] profile=candidate fix=111011 chroma_seq=88789 chroma_flatness=0.2999 chroma_norm_max=0.5645 chroma_norm_mean=0.2667 chroma_final_max=0.4651 chroma_final_mean=0.1688 agc_gain=1.0590 bloom_alpha=0.9900 bloom_shift=1.0000 wave_idle=0.9850 wave_raw_margin=1.1000 wave_peak_floor=0.0800 wave_vu_floor=0.0200 wave_shift=120.0000 render_us=2296 render_avg=2067 render_max=6357
[1780320895.484] [AP] SSL=280 DC=-4774 max_raw=1258 follower=1178 peak_scaled=0.610 silent_scale=1.000 silence=0 cal_source=config cal_valid=1
[1780320895.488] [VP] profile=candidate fix=111011 chroma_seq=88964 chroma_flatness=0.2453 chroma_norm_max=0.7289 chroma_norm_mean=0.4836 chroma_final_max=0.5198 chroma_final_mean=0.3205 agc_gain=0.7394 bloom_alpha=0.9900 bloom_shift=1.0000 wave_idle=0.9850 wave_raw_margin=1.1000 wave_peak_floor=0.0800 wave_vu_floor=0.0200 wave_shift=120.0000 render_us=2348 render_avg=2162 render_max=6357
[1780320896.029] [AP] SSL=280 DC=-4774 max_raw=916 follower=1250 peak_scaled=0.664 silent_scale=1.000 silence=0 cal_source=config cal_valid=1
[1780320896.490] [VP] profile=candidate fix=111011 chroma_seq=89136 chroma_flatness=0.2480 chroma_norm_max=0.6465 chroma_norm_mean=0.3985 chroma_final_max=0.4591 chroma_final_mean=0.2507 agc_gain=0.7089 bloom_alpha=0.9900 bloom_shift=1.0000 wave_idle=0.9850 wave_raw_margin=1.1000 wave_peak_floor=0.0800 wave_vu_floor=0.0200 wave_shift=120.0000 render_us=2372 render_avg=2105 render_max=6357
[1780320897.032] [AP] SSL=280 DC=-4774 max_raw=846 follower=1117 peak_scaled=0.356 silent_scale=1.000 silence=0 cal_source=config cal_valid=1
[1780320897.462] >>> :smart_status
[1780320897.474] sbr{{
[1780320897.474] SMART_ASSIST: on
[1780320897.474] SMART_SWITCHING: on
[1780320897.474] SMART_DIRECTOR_AUTONOMY: on
[1780320897.474] SMART_HOOKS: on
[1780320897.474] SMART_CONFIDENCE_FLOOR: 0.070
[1780320897.474] SMART_APPLIED_MODE: 3
[1780320897.474] SMART_LAST_REQUESTED_MODE: 11
[1780320897.474] SMART_SWITCHES_IN_WINDOW: 3
[1780320897.474] SMART_MANUAL_OWNER_ACTIVE: 0
[1780320897.475] SMART_LAST_REASON: 9
[1780320897.476] SMART_STATE: 2
[1780320897.476] SMART_INTENT_MODE: 11
[1780320897.476] SMART_INTENT_CONFIDENCE: 0.106
[1780320897.476] SMART_INTENT_WANTS_SWITCH: 1
[1780320897.476] SMART_SCALAR_PHOTONS: 1.000
[1780320897.476] SMART_SCALAR_CHROMA: 1.000
[1780320897.476] SMART_SCALAR_MOOD: 1.000
[1780320897.476] SMART_SCALAR_SATURATION: 1.000
[1780320897.476] SMART_PALETTE_OVERLAY: 1
[1780320897.476] SMART_PALETTE_INDEX: 11
[1780320897.476] SMART_AUTO_COLOUR_SHIFT: 0
[1780320897.476] SMART_MIN_DWELL_MS: 12000
[1780320897.476] SMART_COOLDOWN_MS: 12000
[1780320897.476] SMART_SWITCH_WINDOW_MS: 90000
[1780320897.476] SMART_MAX_SWITCHES: 3
[1780320897.476] SMART_AUDIO_NOVELTY: 0.1259
[1780320897.477] SMART_AUDIO_ENERGY: 0.1098
[1780320897.477] SMART_EVENT_ID: 518
[1780320897.478] SMART_EVENT_AGE_MS: 667
[1780320897.478] SMART_ONSET: 0
[1780320897.478] SMART_BASS_ONSET: 0
[1780320897.478] SMART_BEAT_CONFIDENCE: 0.500
[1780320897.478] }}
[1780320897.493] [VP] profile=candidate fix=111011 chroma_seq=89306 chroma_flatness=0.2468 chroma_norm_max=0.5336 chroma_norm_mean=0.2868 chroma_final_max=0.3617 chroma_final_mean=0.1558 agc_gain=0.8880 bloom_alpha=0.9900 bloom_shift=1.0000 wave_idle=0.9850 wave_raw_margin=1.1000 wave_peak_floor=0.0800 wave_vu_floor=0.0200 wave_shift=120.0000 render_us=2477 render_avg=2233 render_max=6357
[1780320897.513] >>> :vp_status
[1780320897.519] sbr{{
[1780320897.519] VP_PROFILE: candidate
[1780320897.519] VP_FIXES: agc_soft=on chroma_gate=on prism_off=on bloom_decay=off hsv_source_sat=on secondary_clean=on
[1780320897.519] VP_STREAM: on
[1780320897.519] AP_STREAM: on
[1780320897.519] VP_BLOOM: alpha=0.9900 shift=1.0000 force_sat=on
[1780320897.522] VP_WAVEFORM: idle_fade=0.9850 raw_margin=1.1000 peak_floor=0.0800 active_fade=0.0400 blend_gain=2.0000 fallback=1.0000 vu_floor=0.0200 shift_rate=120.0000
[1780320897.525] VP_CHROMA: seq=89311 range=60 profile=0 gate_gain=1.0000 pre_max=0.2982 pre_mean=0.1526 norm_max=0.6568 norm_mean=0.4219 flatness=0.3567 final_max=0.6786 final_mean=0.3219
[1780320897.526] VP_AGC: gain=0.9141 envelope=0.2444 floor=0.0010 gated=false
[1780320897.526] VP_RENDER_US: last=2444 avg=2330 max=6357
[1780320897.526] }}
[1780320898.039] [AP] SSL=280 DC=-4774 max_raw=153 follower=852 peak_scaled=-0.175 silent_scale=1.000 silence=0 cal_source=config cal_valid=1
[1780320898.501] [VP] profile=candidate fix=111011 chroma_seq=89479 chroma_flatness=0.0130 chroma_norm_max=0.0159 chroma_norm_mean=0.0029 chroma_final_max=0.0000 chroma_final_mean=0.0000 agc_gain=3.1339 bloom_alpha=0.9900 bloom_shift=1.0000 wave_idle=0.9850 wave_raw_margin=1.1000 wave_peak_floor=0.0800 wave_vu_floor=0.0200 wave_shift=120.0000 render_us=2560 render_avg=2116 render_max=6357
[1780320899.503] [AP] SSL=280 DC=-4774 max_raw=122 follower=361 peak_scaled=-0.435 silent_scale=1.000 silence=0 cal_source=config cal_valid=1
[1780320899.508] [VP] profile=candidate fix=111011 chroma_seq=89647 chroma_flatness=0.0513 chroma_norm_max=0.0631 chroma_norm_mean=0.0117 chroma_final_max=0.0000 chroma_final_mean=0.0000 agc_gain=9.9590 bloom_alpha=0.9900 bloom_shift=1.0000 wave_idle=0.9850 wave_raw_margin=1.1000 wave_peak_floor=0.0800 wave_vu_floor=0.0200 wave_shift=120.0000 render_us=3358 render_avg=2429 render_max=6357
[1780320900.048] [AP] SSL=280 DC=-4774 max_raw=99 follower=280 peak_scaled=-0.563 silent_scale=1.000 silence=0 cal_source=config cal_valid=1
[1780320900.510] [VP] profile=candidate fix=111011 chroma_seq=89815 chroma_flatness=0.3279 chroma_norm_max=0.4136 chroma_norm_mean=0.0857 chroma_final_max=0.3136 chroma_final_mean=0.0505 agc_gain=9.9997 bloom_alpha=0.9900 bloom_shift=1.0000 wave_idle=0.9850 wave_raw_margin=1.1000 wave_peak_floor=0.0800 wave_vu_floor=0.0200 wave_shift=120.0000 render_us=2559 render_avg=2192 render_max=6357
[1780320901.513] [AP] SSL=280 DC=-4774 max_raw=176 follower=280 peak_scaled=-0.488 silent_scale=1.000 silence=0 cal_source=config cal_valid=1
[1780320901.516] [VP] profile=candidate fix=111011 chroma_seq=89985 chroma_flatness=0.2583 chroma_norm_max=0.3233 chroma_norm_mean=0.0579 chroma_final_max=0.1756 chroma_final_mean=0.0253 agc_gain=9.9997 bloom_alpha=0.9900 bloom_shift=1.0000 wave_idle=0.9850 wave_raw_margin=1.1000 wave_peak_floor=0.0800 wave_vu_floor=0.0200 wave_shift=120.0000 render_us=2267 render_avg=2118 render_max=6357
[1780320902.059] [AP] SSL=280 DC=-4774 max_raw=191 follower=280 peak_scaled=-0.377 silent_scale=1.000 silence=0 cal_source=config cal_valid=1
[1780320902.121] ### CLIP_END id=sparse-build-carte-early ffplay_rc=0 video_rc=0
[1780320902.121] ### VIDEO_STDERR [avfoundation @ 0xb54c1c000] Selected pixel format (yuv420p) is not supported by the input device. | [avfoundation @ 0xb54c1c000] Supported pixel formats: | [avfoundation @ 0xb54c1c000]   uyvy422 | [avfoundation @ 0xb54c1c000]   yuyv422 | [avfoundation @ 0xb54c1c000]   nv12 | [avfoundation @ 0xb54c1c000]   0rgb | [avfoundation @ 0xb54c1c000]   bgr0
[1780320902.121] ### CLIP_START id=sparse-build-shelter-early track=Shelter-Mix-Cut-Yoel-Lewis-Remix.mp3 start=10.0 duration=25.0
[1780320902.230] >>> :smart_status
[1780320902.243] sbr{{
[1780320902.243] SMART_ASSIST: on
[1780320902.243] SMART_SWITCHING: on
[1780320902.243] SMART_DIRECTOR_AUTONOMY: on
[1780320902.243] SMART_HOOKS: on
[1780320902.243] SMART_CONFIDENCE_FLOOR: 0.070
[1780320902.243] SMART_APPLIED_MODE: 3
[1780320902.243] SMART_LAST_REQUESTED_MODE: 3
[1780320902.244] SMART_SWITCHES_IN_WINDOW: 3
[1780320902.245] SMART_MANUAL_OWNER_ACTIVE: 0
[1780320902.245] SMART_LAST_REASON: 0
[1780320902.245] SMART_STATE: 1
[1780320902.245] SMART_INTENT_MODE: 3
[1780320902.245] SMART_INTENT_CONFIDENCE: 0.038
[1780320902.245] SMART_INTENT_WANTS_SWITCH: 0
[1780320902.245] SMART_SCALAR_PHOTONS: 0.860
[1780320902.245] SMART_SCALAR_CHROMA: 0.920
[1780320902.247] SMART_SCALAR_MOOD: 1.000
[1780320902.247] SMART_SCALAR_SATURATION: 0.900
[1780320902.247] SMART_PALETTE_OVERLAY: 1
[1780320902.247] SMART_PALETTE_INDEX: 22
[1780320902.247] SMART_AUTO_COLOUR_SHIFT: 0
[1780320902.247] SMART_MIN_DWELL_MS: 12000
[1780320902.247] SMART_COOLDOWN_MS: 12000
[1780320902.247] SMART_SWITCH_WINDOW_MS: 90000
[1780320902.247] SMART_MAX_SWITCHES: 3
[1780320902.247] SMART_AUDIO_NOVELTY: 0.0000
[1780320902.247] SMART_AUDIO_ENERGY: 0.0389
[1780320902.247] SMART_EVENT_ID: 519
[1780320902.247] SMART_EVENT_AGE_MS: 4470
[1780320902.248] SMART_ONSET: 0
[1780320902.248] SMART_BASS_ONSET: 0
[1780320902.248] SMART_BEAT_CONFIDENCE: 0.000
[1780320902.248] }}
[1780320902.284] >>> :vp_status
[1780320902.295] sbr{{
[1780320902.295] VP_PROFILE: candidate
[1780320902.295] VP_FIXES: agc_soft=on chroma_gate=on prism_off=on bloom_decay=off hsv_source_sat=on secondary_clean=on
[1780320902.295] VP_STREAM: on
[1780320902.295] AP_STREAM: on
[1780320902.296] VP_BLOOM: alpha=0.9900 shift=1.0000 force_sat=on
[1780320902.298] VP_WAVEFORM: idle_fade=0.9850 raw_margin=1.1000 peak_floor=0.0800 active_fade=0.0400 blend_gain=2.0000 fallback=1.0000 vu_floor=0.0200 shift_rate=120.0000
[1780320902.300] VP_CHROMA: seq=90123 range=60 profile=0 gate_gain=0.8198 pre_max=0.0566 pre_mean=0.0088 norm_max=0.2886 norm_mean=0.0447 flatness=0.2440 final_max=0.1546 final_mean=0.0221
[1780320902.301] VP_AGC: gain=9.9997 envelope=0.0076 floor=0.0010 gated=false
[1780320902.301] VP_RENDER_US: last=2406 avg=2299 max=6357
[1780320902.301] }}
[1780320902.521] [VP] profile=candidate fix=111011 chroma_seq=90160 chroma_flatness=0.3471 chroma_norm_max=0.4704 chroma_norm_mean=0.1184 chroma_final_max=0.3704 chroma_final_mean=0.0781 agc_gain=9.9997 bloom_alpha=0.9900 bloom_shift=1.0000 wave_idle=0.9850 wave_raw_margin=1.1000 wave_peak_floor=0.0800 wave_vu_floor=0.0200 wave_shift=120.0000 render_us=2322 render_avg=2282 render_max=6357
[1780320903.065] [AP] SSL=280 DC=-4774 max_raw=814 follower=480 peak_scaled=0.860 silent_scale=1.000 silence=0 cal_source=config cal_valid=1
[1780320903.527] [VP] profile=candidate fix=111011 chroma_seq=90334 chroma_flatness=0.3199 chroma_norm_max=0.5857 chroma_norm_mean=0.2658 chroma_final_max=0.4857 chroma_final_mean=0.1744 agc_gain=1.2866 bloom_alpha=0.9900 bloom_shift=1.0000 wave_idle=0.9850 wave_raw_margin=1.1000 wave_peak_floor=0.0800 wave_vu_floor=0.0200 wave_shift=120.0000 render_us=2296 render_avg=2205 render_max=6357
[1780320904.068] [AP] SSL=280 DC=-4774 max_raw=529 follower=564 peak_scaled=0.646 silent_scale=1.000 silence=0 cal_source=config cal_valid=1
[1780320904.531] [VP] profile=candidate fix=111011 chroma_seq=90504 chroma_flatness=0.5542 chroma_norm_max=0.8804 chroma_norm_mean=0.3174 chroma_final_max=0.7804 chroma_final_mean=0.2267 agc_gain=0.9561 bloom_alpha=0.9900 bloom_shift=1.0000 wave_idle=0.9850 wave_raw_margin=1.1000 wave_peak_floor=0.0800 wave_vu_floor=0.0200 wave_shift=120.0000 render_us=2353 render_avg=2205 render_max=6357
[1780320905.074] [AP] SSL=280 DC=-4774 max_raw=328 follower=418 peak_scaled=0.092 silent_scale=1.000 silence=0 cal_source=config cal_valid=1
[1780320905.537] [VP] profile=candidate fix=111011 chroma_seq=90674 chroma_flatness=0.5809 chroma_norm_max=0.7932 chroma_norm_mean=0.2123 chroma_final_max=0.6933 chroma_final_mean=0.1442 agc_gain=1.3738 bloom_alpha=0.9900 bloom_shift=1.0000 wave_idle=0.9850 wave_raw_margin=1.1000 wave_peak_floor=0.0800 wave_vu_floor=0.0200 wave_shift=120.0000 render_us=2491 render_avg=2225 render_max=6357
[1780320906.078] [AP] SSL=280 DC=-4774 max_raw=645 follower=543 peak_scaled=0.653 silent_scale=1.000 silence=0 cal_source=config cal_valid=1
[1780320906.540] [VP] profile=candidate fix=111011 chroma_seq=90847 chroma_flatness=0.4217 chroma_norm_max=0.6606 chroma_norm_mean=0.2255 chroma_final_max=0.5284 chroma_final_mean=0.1427 agc_gain=1.3652 bloom_alpha=0.9900 bloom_shift=1.0000 wave_idle=0.9850 wave_raw_margin=1.1000 wave_peak_floor=0.0800 wave_vu_floor=0.0200 wave_shift=120.0000 render_us=2302 render_avg=2127 render_max=6357
[1780320907.084] [AP] SSL=280 DC=-4774 max_raw=374 follower=396 peak_scaled=0.317 silent_scale=1.000 silence=0 cal_source=config cal_valid=1
[1780320907.234] >>> :smart_status
[1780320907.237] sbr{{
[1780320907.237] SMART_ASSIST: on
[1780320907.237] SMART_SWITCHING: on
[1780320907.237] SMART_DIRECTOR_AUTONOMY: on
[1780320907.237] SMART_HOOKS: on
[1780320907.238] SMART_CONFIDENCE_FLOOR: 0.070
[1780320907.238] SMART_APPLIED_MODE: 3
[1780320907.239] SMART_LAST_REQUESTED_MODE: 11
[1780320907.239] SMART_SWITCHES_IN_WINDOW: 3
[1780320907.239] SMART_MANUAL_OWNER_ACTIVE: 0
[1780320907.239] SMART_LAST_REASON: 9
[1780320907.239] SMART_STATE: 2
[1780320907.239] SMART_INTENT_MODE: 11
[1780320907.239] SMART_INTENT_CONFIDENCE: 0.086
[1780320907.239] SMART_INTENT_WANTS_SWITCH: 1
[1780320907.239] SMART_SCALAR_PHOTONS: 1.000
[1780320907.240] SMART_SCALAR_CHROMA: 1.000
[1780320907.240] SMART_SCALAR_MOOD: 1.000
[1780320907.241] SMART_SCALAR_SATURATION: 1.000
[1780320907.241] SMART_PALETTE_OVERLAY: 1
[1780320907.241] SMART_PALETTE_INDEX: 11
[1780320907.241] SMART_AUTO_COLOUR_SHIFT: 0
[1780320907.241] SMART_MIN_DWELL_MS: 12000
[1780320907.241] SMART_COOLDOWN_MS: 12000
[1780320907.241] SMART_SWITCH_WINDOW_MS: 90000
[1780320907.241] SMART_MAX_SWITCHES: 3
[1780320907.241] SMART_AUDIO_NOVELTY: 0.1445
[1780320907.242] SMART_AUDIO_ENERGY: 0.1435
[1780320907.242] SMART_EVENT_ID: 530
[1780320907.242] SMART_EVENT_AGE_MS: 920
[1780320907.242] SMART_ONSET: 0
[1780320907.242] SMART_BASS_ONSET: 0
[1780320907.242] SMART_BEAT_CONFIDENCE: 0.000
[1780320907.242] }}
[1780320907.289] >>> :vp_status
[1780320907.302] sbr{{
[1780320907.302] VP_PROFILE: candidate
[1780320907.302] VP_FIXES: agc_soft=on chroma_gate=on prism_off=on bloom_decay=off hsv_source_sat=on secondary_clean=on
[1780320907.302] VP_STREAM: on
[1780320907.302] AP_STREAM: on
[1780320907.302] VP_BLOOM: alpha=0.9900 shift=1.0000 force_sat=on
[1780320907.304] VP_WAVEFORM: idle_fade=0.9850 raw_margin=1.1000 peak_floor=0.0800 active_fade=0.0400 blend_gain=2.0000 fallback=1.0000 vu_floor=0.0200 shift_rate=120.0000
[1780320907.306] VP_CHROMA: seq=90977 range=60 profile=0 gate_gain=1.0000 pre_max=0.5053 pre_mean=0.2877 norm_max=1.1089 norm_mean=0.6313 flatness=0.5303 final_max=1.0000 final_mean=0.5162
[1780320907.308] VP_AGC: gain=3.0072 envelope=0.1217 floor=0.0010 gated=false
[1780320907.308] VP_RENDER_US: last=2610 avg=2385 max=6357
[1780320907.308] }}
[1780320907.546] [VP] profile=candidate fix=111011 chroma_seq=91018 chroma_flatness=0.3937 chroma_norm_max=0.9721 chroma_norm_mean=0.5784 chroma_final_max=0.8721 chroma_final_mean=0.4784 agc_gain=1.9613 bloom_alpha=0.9900 bloom_shift=1.0000 wave_idle=0.9850 wave_raw_margin=1.1000 wave_peak_floor=0.0800 wave_vu_floor=0.0200 wave_shift=120.0000 render_us=2361 render_avg=2286 render_max=6357
[1780320908.090] [AP] SSL=280 DC=-4774 max_raw=421 follower=535 peak_scaled=0.508 silent_scale=1.000 silence=0 cal_source=config cal_valid=1
[1780320908.551] [VP] profile=candidate fix=111011 chroma_seq=91189 chroma_flatness=0.4740 chroma_norm_max=0.8838 chroma_norm_mean=0.4098 chroma_final_max=0.7838 chroma_final_mean=0.3104 agc_gain=1.0206 bloom_alpha=0.9900 bloom_shift=1.0000 wave_idle=0.9850 wave_raw_margin=1.1000 wave_peak_floor=0.0800 wave_vu_floor=0.0200 wave_shift=120.0000 render_us=2291 render_avg=2180 render_max=6357
[1780320909.554] [AP] SSL=280 DC=-4774 max_raw=553 follower=435 peak_scaled=0.425 silent_scale=1.000 silence=0 cal_source=config cal_valid=1
[1780320909.556] [VP] profile=candidate fix=111011 chroma_seq=91358 chroma_flatness=0.5207 chroma_norm_max=0.9928 chroma_norm_mean=0.4721 chroma_final_max=0.8928 chroma_final_mean=0.3721 agc_gain=1.1617 bloom_alpha=0.9900 bloom_shift=1.0000 wave_idle=0.9850 wave_raw_margin=1.1000 wave_peak_floor=0.0800 wave_vu_floor=0.0200 wave_shift=120.0000 render_us=2515 render_avg=2279 render_max=6357
[1780320910.099] [AP] SSL=280 DC=-4774 max_raw=539 follower=447 peak_scaled=0.624 silent_scale=1.000 silence=0 cal_source=config cal_valid=1
[1780320910.562] [VP] profile=candidate fix=111011 chroma_seq=91532 chroma_flatness=0.4116 chroma_norm_max=0.9729 chroma_norm_mean=0.5503 chroma_final_max=0.8684 chroma_final_mean=0.4560 agc_gain=1.2756 bloom_alpha=0.9900 bloom_shift=1.0000 wave_idle=0.9850 wave_raw_margin=1.1000 wave_peak_floor=0.0800 wave_vu_floor=0.0200 wave_shift=120.0000 render_us=2449 render_avg=2325 render_max=6357
[1780320911.562] [AP] SSL=280 DC=-4774 max_raw=309 follower=375 peak_scaled=0.206 silent_scale=1.000 silence=0 cal_source=config cal_valid=1
[1780320911.565] [VP] profile=candidate fix=111011 chroma_seq=91704 chroma_flatness=0.3549 chroma_norm_max=0.8427 chroma_norm_mean=0.4879 chroma_final_max=0.7428 chroma_final_mean=0.3879 agc_gain=0.9296 bloom_alpha=0.9900 bloom_shift=1.0000 wave_idle=0.9850 wave_raw_margin=1.1000 wave_peak_floor=0.0800 wave_vu_floor=0.0200 wave_shift=120.0000 render_us=2432 render_avg=2145 render_max=6357
[1780320912.108] [AP] SSL=280 DC=-4774 max_raw=874 follower=814 peak_scaled=0.647 silent_scale=1.000 silence=0 cal_source=config cal_valid=1
[1780320912.255] >>> :smart_status
[1780320912.263] sbr{{
[1780320912.263] SMART_ASSIST: on
[1780320912.263] SMART_SWITCHING: on
[1780320912.263] SMART_DIRECTOR_AUTONOMY: on
[1780320912.263] SMART_HOOKS: on
[1780320912.264] SMART_CONFIDENCE_FLOOR: 0.070
[1780320912.264] SMART_APPLIED_MODE: 3
[1780320912.264] SMART_LAST_REQUESTED_MODE: 11
[1780320912.264] SMART_SWITCHES_IN_WINDOW: 3
[1780320912.264] SMART_MANUAL_OWNER_ACTIVE: 0
[1780320912.264] SMART_LAST_REASON: 9
[1780320912.264] SMART_STATE: 2
[1780320912.264] SMART_INTENT_MODE: 11
[1780320912.264] SMART_INTENT_CONFIDENCE: 0.118
[1780320912.264] SMART_INTENT_WANTS_SWITCH: 1
[1780320912.265] SMART_SCALAR_PHOTONS: 1.000
[1780320912.265] SMART_SCALAR_CHROMA: 1.000
[1780320912.266] SMART_SCALAR_MOOD: 1.000
[1780320912.266] SMART_SCALAR_SATURATION: 1.000
[1780320912.266] SMART_PALETTE_OVERLAY: 1
[1780320912.266] SMART_PALETTE_INDEX: 11
[1780320912.266] SMART_AUTO_COLOUR_SHIFT: 0
[1780320912.266] SMART_MIN_DWELL_MS: 12000
[1780320912.267] SMART_COOLDOWN_MS: 12000
[1780320912.267] SMART_SWITCH_WINDOW_MS: 90000
[1780320912.267] SMART_MAX_SWITCHES: 3
[1780320912.267] SMART_AUDIO_NOVELTY: 0.0540
[1780320912.268] SMART_AUDIO_ENERGY: 0.1361
[1780320912.268] SMART_EVENT_ID: 538
[1780320912.268] SMART_EVENT_AGE_MS: 543
[1780320912.268] SMART_ONSET: 0
[1780320912.268] SMART_BASS_ONSET: 0
[1780320912.268] SMART_BEAT_CONFIDENCE: 0.000
[1780320912.268] }}
[1780320912.310] >>> :vp_status
[1780320912.314] sbr{{
[1780320912.314] VP_PROFILE: candidate
[1780320912.314] VP_FIXES: agc_soft=on chroma_gate=on prism_off=on bloom_decay=off hsv_source_sat=on secondary_clean=on
[1780320912.315] VP_STREAM: on
[1780320912.315] AP_STREAM: on
[1780320912.316] VP_BLOOM: alpha=0.9900 shift=1.0000 force_sat=on
[1780320912.318] VP_WAVEFORM: idle_fade=0.9850 raw_margin=1.1000 peak_floor=0.0800 active_fade=0.0400 blend_gain=2.0000 fallback=1.0000 vu_floor=0.0200 shift_rate=120.0000
[1780320912.319] VP_CHROMA: seq=91836 range=60 profile=0 gate_gain=0.5495 pre_max=0.2441 pre_mean=0.1508 norm_max=0.4967 norm_mean=0.3069 flatness=0.1899 final_max=0.2180 final_mean=0.1137
[1780320912.320] VP_AGC: gain=0.9106 envelope=0.2480 floor=0.0010 gated=false
[1780320912.320] VP_RENDER_US: last=3412 avg=2448 max=6357
[1780320912.320] }}
[1780320912.571] [VP] profile=candidate fix=111011 chroma_seq=91878 chroma_flatness=0.4272 chroma_norm_max=0.8925 chroma_norm_mean=0.4653 chroma_final_max=0.7925 chroma_final_mean=0.3653 agc_gain=1.1456 bloom_alpha=0.9900 bloom_shift=1.0000 wave_idle=0.9850 wave_raw_margin=1.1000 wave_peak_floor=0.0800 wave_vu_floor=0.0200 wave_shift=120.0000 render_us=2530 render_avg=2355 render_max=6357
[1780320913.114] [AP] SSL=280 DC=-4774 max_raw=714 follower=635 peak_scaled=0.722 silent_scale=1.000 silence=0 cal_source=config cal_valid=1
[1780320913.576] [VP] profile=candidate fix=111011 chroma_seq=92048 chroma_flatness=0.3672 chroma_norm_max=0.8176 chroma_norm_mean=0.4505 chroma_final_max=0.7177 chroma_final_mean=0.3505 agc_gain=0.6448 bloom_alpha=0.9900 bloom_shift=1.0000 wave_idle=0.9850 wave_raw_margin=1.1000 wave_peak_floor=0.0800 wave_vu_floor=0.0200 wave_shift=120.0000 render_us=2483 render_avg=2301 render_max=6357
[1780320914.119] [AP] SSL=280 DC=-4774 max_raw=755 follower=680 peak_scaled=0.558 silent_scale=1.000 silence=0 cal_source=config cal_valid=1
[1780320914.581] [VP] profile=candidate fix=111011 chroma_seq=92218 chroma_flatness=0.4516 chroma_norm_max=0.8497 chroma_norm_mean=0.3981 chroma_final_max=0.7497 chroma_final_mean=0.2988 agc_gain=1.2027 bloom_alpha=0.9900 bloom_shift=1.0000 wave_idle=0.9850 wave_raw_margin=1.1000 wave_peak_floor=0.0800 wave_vu_floor=0.0200 wave_shift=120.0000 render_us=2388 render_avg=2304 render_max=6357
[1780320915.585] [AP] SSL=280 DC=-4774 max_raw=635 follower=577 peak_scaled=0.733 silent_scale=1.000 silence=0 cal_source=config cal_valid=1
[1780320915.588] [VP] profile=candidate fix=111011 chroma_seq=92391 chroma_flatness=0.4102 chroma_norm_max=0.8149 chroma_norm_mean=0.4047 chroma_final_max=0.7149 chroma_final_mean=0.3047 agc_gain=0.9929 bloom_alpha=0.9900 bloom_shift=1.0000 wave_idle=0.9850 wave_raw_margin=1.1000 wave_peak_floor=0.0800 wave_vu_floor=0.0200 wave_shift=120.0000 render_us=2370 render_avg=2274 render_max=6357
[1780320916.129] [AP] SSL=280 DC=-4774 max_raw=488 follower=507 peak_scaled=0.466 silent_scale=1.000 silence=0 cal_source=config cal_valid=1
[1780320916.593] [VP] profile=candidate fix=111011 chroma_seq=92563 chroma_flatness=0.4562 chroma_norm_max=0.9877 chroma_norm_mean=0.5315 chroma_final_max=0.8877 chroma_final_mean=0.4315 agc_gain=1.9890 bloom_alpha=0.9900 bloom_shift=1.0000 wave_idle=0.9850 wave_raw_margin=1.1000 wave_peak_floor=0.0800 wave_vu_floor=0.0200 wave_shift=120.0000 render_us=3338 render_avg=2400 render_max=6357
[1780320917.134] [AP] SSL=280 DC=-4774 max_raw=493 follower=416 peak_scaled=0.492 silent_scale=1.000 silence=0 cal_source=config cal_valid=1
[1780320917.263] >>> :smart_status
[1780320917.273] sbr{{
[1780320917.273] SMART_ASSIST: on
[1780320917.273] SMART_SWITCHING: on
[1780320917.273] SMART_DIRECTOR_AUTONOMY: on
[1780320917.273] SMART_HOOKS: on
[1780320917.273] SMART_CONFIDENCE_FLOOR: 0.070
[1780320917.273] SMART_APPLIED_MODE: 3
[1780320917.273] SMART_LAST_REQUESTED_MODE: 10
[1780320917.274] SMART_SWITCHES_IN_WINDOW: 3
[1780320917.274] SMART_MANUAL_OWNER_ACTIVE: 0
[1780320917.274] SMART_LAST_REASON: 9
[1780320917.274] SMART_STATE: 2
[1780320917.274] SMART_INTENT_MODE: 10
[1780320917.274] SMART_INTENT_CONFIDENCE: 0.111
[1780320917.274] SMART_INTENT_WANTS_SWITCH: 1
[1780320917.274] SMART_SCALAR_PHOTONS: 1.000
[1780320917.274] SMART_SCALAR_CHROMA: 1.000
[1780320917.274] SMART_SCALAR_MOOD: 1.000
[1780320917.274] SMART_SCALAR_SATURATION: 1.000
[1780320917.274] SMART_PALETTE_OVERLAY: 1
[1780320917.275] SMART_PALETTE_INDEX: 22
[1780320917.275] SMART_AUTO_COLOUR_SHIFT: 0
[1780320917.275] SMART_MIN_DWELL_MS: 12000
[1780320917.275] SMART_COOLDOWN_MS: 12000
[1780320917.275] SMART_SWITCH_WINDOW_MS: 90000
[1780320917.275] SMART_MAX_SWITCHES: 3
[1780320917.275] SMART_AUDIO_NOVELTY: 0.0665
[1780320917.275] SMART_AUDIO_ENERGY: 0.1345
[1780320917.275] SMART_EVENT_ID: 543
[1780320917.275] SMART_EVENT_AGE_MS: 423
[1780320917.276] SMART_ONSET: 0
[1780320917.276] SMART_BASS_ONSET: 0
[1780320917.276] SMART_BEAT_CONFIDENCE: 0.000
[1780320917.276] }}
[1780320917.315] >>> :vp_status
[1780320917.324] sbr{{
[1780320917.324] VP_PROFILE: candidate
[1780320917.325] VP_FIXES: agc_soft=on chroma_gate=on prism_off=on bloom_decay=off hsv_source_sat=on secondary_clean=on
[1780320917.325] VP_STREAM: on
[1780320917.325] AP_STREAM: on
[1780320917.326] VP_BLOOM: alpha=0.9900 shift=1.0000 force_sat=on
[1780320917.327] VP_WAVEFORM: idle_fade=0.9850 raw_margin=1.1000 peak_floor=0.0800 active_fade=0.0400 blend_gain=2.0000 fallback=1.0000 vu_floor=0.0200 shift_rate=120.0000
[1780320917.329] VP_CHROMA: seq=92689 range=60 profile=0 gate_gain=1.0000 pre_max=0.3165 pre_mean=0.1274 norm_max=0.8017 norm_mean=0.3227 flatness=0.4790 final_max=0.7017 final_mean=0.2299
[1780320917.330] VP_AGC: gain=1.5576 envelope=0.1427 floor=0.0010 gated=false
[1780320917.330] VP_RENDER_US: last=2418 avg=2396 max=6357
[1780320917.330] }}
[1780320917.597] [VP] profile=candidate fix=111011 chroma_seq=92734 chroma_flatness=0.2952 chroma_norm_max=0.7556 chroma_norm_mean=0.4604 chroma_final_max=0.6556 chroma_final_mean=0.3604 agc_gain=1.9594 bloom_alpha=0.9900 bloom_shift=1.0000 wave_idle=0.9850 wave_raw_margin=1.1000 wave_peak_floor=0.0800 wave_vu_floor=0.0200 wave_shift=120.0000 render_us=2486 render_avg=2357 render_max=6357
[1780320918.140] [AP] SSL=280 DC=-4774 max_raw=402 follower=292 peak_scaled=0.388 silent_scale=1.000 silence=0 cal_source=config cal_valid=1
[1780320918.603] [VP] profile=candidate fix=111011 chroma_seq=92903 chroma_flatness=0.4012 chroma_norm_max=0.7813 chroma_norm_mean=0.3801 chroma_final_max=0.6813 chroma_final_mean=0.2927 agc_gain=3.1878 bloom_alpha=0.9900 bloom_shift=1.0000 wave_idle=0.9850 wave_raw_margin=1.1000 wave_peak_floor=0.0800 wave_vu_floor=0.0200 wave_shift=120.0000 render_us=2331 render_avg=2461 render_max=6357
[1780320919.604] [AP] SSL=280 DC=-4774 max_raw=777 follower=839 peak_scaled=0.729 silent_scale=1.000 silence=0 cal_source=config cal_valid=1
[1780320919.608] [VP] profile=candidate fix=111011 chroma_seq=93076 chroma_flatness=0.4408 chroma_norm_max=0.7888 chroma_norm_mean=0.3480 chroma_final_max=0.6888 chroma_final_mean=0.2541 agc_gain=0.9858 bloom_alpha=0.9900 bloom_shift=1.0000 wave_idle=0.9850 wave_raw_margin=1.1000 wave_peak_floor=0.0800 wave_vu_floor=0.0200 wave_shift=120.0000 render_us=2289 render_avg=2154 render_max=6357
[1780320920.150] [AP] SSL=280 DC=-4774 max_raw=554 follower=639 peak_scaled=0.479 silent_scale=1.000 silence=0 cal_source=config cal_valid=1
[1780320920.613] [VP] profile=candidate fix=111011 chroma_seq=93257 chroma_flatness=0.3793 chroma_norm_max=1.0954 chroma_norm_mean=0.6991 chroma_final_max=0.9954 chroma_final_mean=0.5991 agc_gain=1.2888 bloom_alpha=0.9900 bloom_shift=1.0000 wave_idle=0.9850 wave_raw_margin=1.1000 wave_peak_floor=0.0800 wave_vu_floor=0.0200 wave_shift=120.0000 render_us=2169 render_avg=2024 render_max=6357
[1780320921.154] [AP] SSL=280 DC=-4774 max_raw=599 follower=684 peak_scaled=0.552 silent_scale=1.000 silence=0 cal_source=config cal_valid=1
[1780320921.619] [VP] profile=candidate fix=111011 chroma_seq=93442 chroma_flatness=0.5285 chroma_norm_max=0.9007 chroma_norm_mean=0.3722 chroma_final_max=0.8007 chroma_final_mean=0.2722 agc_gain=1.1904 bloom_alpha=0.9900 bloom_shift=1.0000 wave_idle=0.9850 wave_raw_margin=1.1000 wave_peak_floor=0.0800 wave_vu_floor=0.0200 wave_shift=120.0000 render_us=2205 render_avg=1939 render_max=6357
[1780320922.161] [AP] SSL=280 DC=-4774 max_raw=566 follower=515 peak_scaled=0.523 silent_scale=1.000 silence=0 cal_source=config cal_valid=1
[1780320922.282] >>> :smart_status
[1780320922.283] sbr{{
[1780320922.283] SMART_ASSIST: on
[1780320922.283] SMART_SWITCHING: on
[1780320922.284] SMART_DIRECTOR_AUTONOMY: on
[1780320922.284] SMART_HOOKS: on
[1780320922.284] SMART_CONFIDENCE_FLOOR: 0.070
[1780320922.284] SMART_APPLIED_MODE: 10
[1780320922.284] SMART_LAST_REQUESTED_MODE: 10
[1780320922.284] SMART_SWITCHES_IN_WINDOW: 1
[1780320922.284] SMART_MANUAL_OWNER_ACTIVE: 0
[1780320922.284] SMART_LAST_REASON: 3
[1780320922.284] SMART_STATE: 2
[1780320922.284] SMART_INTENT_MODE: 10
[1780320922.284] SMART_INTENT_CONFIDENCE: 0.121
[1780320922.284] SMART_INTENT_WANTS_SWITCH: 1
[1780320922.284] SMART_SCALAR_PHOTONS: 1.000
[1780320922.284] SMART_SCALAR_CHROMA: 1.000
[1780320922.284] SMART_SCALAR_MOOD: 1.000
[1780320922.285] SMART_SCALAR_SATURATION: 1.000
[1780320922.285] SMART_PALETTE_OVERLAY: 1
[1780320922.285] SMART_PALETTE_INDEX: 22
[1780320922.285] SMART_AUTO_COLOUR_SHIFT: 0
[1780320922.285] SMART_MIN_DWELL_MS: 12000
[1780320922.285] SMART_COOLDOWN_MS: 12000
[1780320922.285] SMART_SWITCH_WINDOW_MS: 90000
[1780320922.285] SMART_MAX_SWITCHES: 3
[1780320922.285] SMART_AUDIO_NOVELTY: 0.0986
[1780320922.286] SMART_AUDIO_ENERGY: 0.1420
[1780320922.286] SMART_EVENT_ID: 548
[1780320922.286] SMART_EVENT_AGE_MS: 1501
[1780320922.286] SMART_ONSET: 0
[1780320922.286] SMART_BASS_ONSET: 0
[1780320922.286] SMART_BEAT_CONFIDENCE: 0.000
[1780320922.286] }}
[1780320922.337] >>> :vp_status
[1780320922.352] sbr{{
[1780320922.352] VP_PROFILE: candidate
[1780320922.352] VP_FIXES: agc_soft=on chroma_gate=on prism_off=on bloom_decay=off hsv_source_sat=on secondary_clean=on
[1780320922.352] VP_STREAM: on
[1780320922.352] AP_STREAM: on
[1780320922.353] VP_BLOOM: alpha=0.9900 shift=1.0000 force_sat=on
[1780320922.356] VP_WAVEFORM: idle_fade=0.9850 raw_margin=1.1000 peak_floor=0.0800 active_fade=0.0400 blend_gain=2.0000 fallback=1.0000 vu_floor=0.0200 shift_rate=120.0000
[1780320922.357] VP_CHROMA: seq=93578 range=60 profile=0 gate_gain=1.0000 pre_max=0.4818 pre_mean=0.2941 norm_max=1.0737 norm_mean=0.6553 flatness=0.4183 final_max=0.9737 final_mean=0.5553
[1780320922.358] VP_AGC: gain=1.9172 envelope=0.1410 floor=0.0010 gated=false
[1780320922.358] VP_RENDER_US: last=2288 avg=2068 max=6357
[1780320922.358] }}
[1780320922.621] [VP] profile=candidate fix=111011 chroma_seq=93625 chroma_flatness=0.3088 chroma_norm_max=0.8832 chroma_norm_mean=0.5744 chroma_final_max=0.7832 chroma_final_mean=0.4744 agc_gain=1.0437 bloom_alpha=0.9900 bloom_shift=1.0000 wave_idle=0.9850 wave_raw_margin=1.1000 wave_peak_floor=0.0800 wave_vu_floor=0.0200 wave_shift=120.0000 render_us=2292 render_avg=2147 render_max=6357
[1780320923.164] [AP] SSL=280 DC=-4774 max_raw=543 follower=563 peak_scaled=0.555 silent_scale=1.000 silence=0 cal_source=config cal_valid=1
[1780320923.627] [VP] profile=candidate fix=111011 chroma_seq=93809 chroma_flatness=0.3058 chroma_norm_max=0.5836 chroma_norm_mean=0.2777 chroma_final_max=0.4836 chroma_final_mean=0.1794 agc_gain=1.3274 bloom_alpha=0.9900 bloom_shift=1.0000 wave_idle=0.9850 wave_raw_margin=1.1000 wave_peak_floor=0.0800 wave_vu_floor=0.0200 wave_shift=120.0000 render_us=2048 render_avg=1958 render_max=6357
[1780320924.171] [AP] SSL=280 DC=-4774 max_raw=920 follower=605 peak_scaled=0.957 silent_scale=1.000 silence=0 cal_source=config cal_valid=1
[1780320924.633] [VP] profile=candidate fix=111011 chroma_seq=93995 chroma_flatness=0.2634 chroma_norm_max=0.6041 chroma_norm_mean=0.3408 chroma_final_max=0.4622 chroma_final_mean=0.2207 agc_gain=0.5703 bloom_alpha=0.9900 bloom_shift=1.0000 wave_idle=0.9850 wave_raw_margin=1.1000 wave_peak_floor=0.0800 wave_vu_floor=0.0200 wave_shift=120.0000 render_us=2263 render_avg=1953 render_max=6357
[1780320925.634] [AP] SSL=280 DC=-4774 max_raw=1072 follower=1476 peak_scaled=0.808 silent_scale=1.000 silence=0 cal_source=config cal_valid=1
[1780320925.638] [VP] profile=candidate fix=111011 chroma_seq=94179 chroma_flatness=0.2324 chroma_norm_max=0.7922 chroma_norm_mean=0.5598 chroma_final_max=0.5273 chroma_final_mean=0.3503 agc_gain=0.8355 bloom_alpha=0.9900 bloom_shift=1.0000 wave_idle=0.9850 wave_raw_margin=1.1000 wave_peak_floor=0.0800 wave_vu_floor=0.0200 wave_shift=120.0000 render_us=2214 render_avg=1907 render_max=6357
[1780320926.641] [AP] SSL=280 DC=-4774 max_raw=1393 follower=1263 peak_scaled=0.642 silent_scale=1.000 silence=0 cal_source=config cal_valid=1
[1780320926.644] [VP] profile=candidate fix=111011 chroma_seq=94363 chroma_flatness=0.4654 chroma_norm_max=0.9432 chroma_norm_mean=0.4779 chroma_final_max=0.8432 chroma_final_mean=0.3779 agc_gain=0.7805 bloom_alpha=0.9900 bloom_shift=1.0000 wave_idle=0.9850 wave_raw_margin=1.1000 wave_peak_floor=0.0800 wave_vu_floor=0.0200 wave_shift=120.0000 render_us=2296 render_avg=1933 render_max=6357
[1780320927.237] >>> :smart_status
[1780320927.240] [AP] SSL=280 DC=-4774 max_raw=525 follower=1035 peak_scaled=0.423 silent_scale=1.000 silence=0 cal_source=config cal_valid=1
[1780320927.240] sbr{{
[1780320927.240] SMART_ASSIST: on
[1780320927.240] SMART_SWITCHING: on
[1780320927.240] SMART_DIRECTOR_AUTONOMY: on
[1780320927.240] SMART_HOOKS: on
[1780320927.240] SMART_CONFIDENCE_FLOOR: 0.070
[1780320927.240] SMART_APPLIED_MODE: 10
[1780320927.240] SMART_LAST_REQUESTED_MODE: 10
[1780320927.240] SMART_SWITCHES_IN_WINDOW: 1
[1780320927.240] SMART_MANUAL_OWNER_ACTIVE: 0
[1780320927.240] SMART_LAST_REASON: 3
[1780320927.241] SMART_STATE: 2
[1780320927.241] SMART_INTENT_MODE: 10
[1780320927.241] SMART_INTENT_CONFIDENCE: 0.122
[1780320927.241] SMART_INTENT_WANTS_SWITCH: 1
[1780320927.242] SMART_SCALAR_PHOTONS: 1.000
[1780320927.242] SMART_SCALAR_CHROMA: 1.000
[1780320927.242] SMART_SCALAR_MOOD: 1.000
[1780320927.242] SMART_SCALAR_SATURATION: 1.000
[1780320927.242] SMART_PALETTE_OVERLAY: 1
[1780320927.242] SMART_PALETTE_INDEX: 22
[1780320927.242] SMART_AUTO_COLOUR_SHIFT: 0
[1780320927.242] SMART_MIN_DWELL_MS: 12000
[1780320927.242] SMART_COOLDOWN_MS: 12000
[1780320927.243] SMART_SWITCH_WINDOW_MS: 90000
[1780320927.243] SMART_MAX_SWITCHES: 3
[1780320927.243] SMART_AUDIO_NOVELTY: 0.0706
[1780320927.243] SMART_AUDIO_ENERGY: 0.1397
[1780320927.243] SMART_EVENT_ID: 555
[1780320927.244] SMART_EVENT_AGE_MS: 684
[1780320927.244] SMART_ONSET: 0
[1780320927.244] SMART_BASS_ONSET: 0
[1780320927.245] SMART_BEAT_CONFIDENCE: 0.000
[1780320927.245] }}
[1780320927.292] >>> :vp_status
[1780320927.295] sbr{{
[1780320927.295] VP_PROFILE: candidate
[1780320927.296] VP_FIXES: agc_soft=on chroma_gate=on prism_off=on bloom_decay=off hsv_source_sat=on secondary_clean=on
[1780320927.296] VP_STREAM: on
[1780320927.296] AP_STREAM: on
[1780320927.297] VP_BLOOM: alpha=0.9900 shift=1.0000 force_sat=on
[1780320927.299] VP_WAVEFORM: idle_fade=0.9850 raw_margin=1.1000 peak_floor=0.0800 active_fade=0.0400 blend_gain=2.0000 fallback=1.0000 vu_floor=0.0200 shift_rate=120.0000
[1780320927.302] VP_CHROMA: seq=94482 range=60 profile=0 gate_gain=1.0000 pre_max=0.3101 pre_mean=0.1356 norm_max=0.8916 norm_mean=0.3775 flatness=0.5141 final_max=0.7916 final_mean=0.2775
[1780320927.303] VP_AGC: gain=1.2430 envelope=0.1820 floor=0.0010 gated=false
[1780320927.303] VP_RENDER_US: last=2255 avg=2110 max=6357
[1780320927.303] }}
[1780320927.649] [VP] profile=candidate fix=111011 chroma_seq=94546 chroma_flatness=0.4559 chroma_norm_max=0.6937 chroma_norm_mean=0.2378 chroma_final_max=0.5937 chroma_final_mean=0.1574 agc_gain=1.4937 bloom_alpha=0.9900 bloom_shift=1.0000 wave_idle=0.9850 wave_raw_margin=1.1000 wave_peak_floor=0.0800 wave_vu_floor=0.0200 wave_shift=120.0000 render_us=2153 render_avg=1835 render_max=6357
[1780320928.189] [AP] SSL=280 DC=-4774 max_raw=90 follower=546 peak_scaled=-0.255 silent_scale=1.000 silence=0 cal_source=config cal_valid=1
[1780320928.651] [VP] profile=candidate fix=111011 chroma_seq=94730 chroma_flatness=0.4645 chroma_norm_max=0.6911 chroma_norm_mean=0.2265 chroma_final_max=0.5911 chroma_final_mean=0.1696 agc_gain=9.3980 bloom_alpha=0.9900 bloom_shift=1.0000 wave_idle=0.9850 wave_raw_margin=1.1000 wave_peak_floor=0.0800 wave_vu_floor=0.0200 wave_shift=120.0000 render_us=2190 render_avg=2046 render_max=6357
[1780320929.196] [AP] SSL=280 DC=-4774 max_raw=150 follower=280 peak_scaled=-0.497 silent_scale=1.000 silence=0 cal_source=config cal_valid=1
[1780320929.659] [VP] profile=candidate fix=111011 chroma_seq=94914 chroma_flatness=0.2558 chroma_norm_max=0.3090 chroma_norm_mean=0.0532 chroma_final_max=0.1837 chroma_final_mean=0.0259 agc_gain=9.9992 bloom_alpha=0.9900 bloom_shift=1.0000 wave_idle=0.9850 wave_raw_margin=1.1000 wave_peak_floor=0.0800 wave_vu_floor=0.0200 wave_shift=120.0000 render_us=2204 render_avg=1930 render_max=6357
[1780320930.199] [AP] SSL=280 DC=-4774 max_raw=162 follower=280 peak_scaled=-0.444 silent_scale=1.000 silence=0 cal_source=config cal_valid=1
[1780320930.662] [VP] profile=candidate fix=111011 chroma_seq=95097 chroma_flatness=0.6010 chroma_norm_max=0.7070 chroma_norm_mean=0.1060 chroma_final_max=0.6070 chroma_final_mean=0.0759 agc_gain=9.9997 bloom_alpha=0.9900 bloom_shift=1.0000 wave_idle=0.9850 wave_raw_margin=1.1000 wave_peak_floor=0.0800 wave_vu_floor=0.0200 wave_shift=120.0000 render_us=2210 render_avg=1997 render_max=6357
[1780320931.204] [AP] SSL=280 DC=-4774 max_raw=154 follower=280 peak_scaled=-0.538 silent_scale=1.000 silence=0 cal_source=config cal_valid=1
[1780320931.668] [VP] profile=candidate fix=111011 chroma_seq=95281 chroma_flatness=0.4093 chroma_norm_max=0.7148 chroma_norm_mean=0.3055 chroma_final_max=0.6148 chroma_final_mean=0.2221 agc_gain=9.7060 bloom_alpha=0.9900 bloom_shift=1.0000 wave_idle=0.9850 wave_raw_margin=1.1000 wave_peak_floor=0.0800 wave_vu_floor=0.0200 wave_shift=120.0000 render_us=2205 render_avg=1938 render_max=6357
[1780320932.209] [AP] SSL=280 DC=-4774 max_raw=117 follower=280 peak_scaled=-0.529 silent_scale=1.000 silence=0 cal_source=config cal_valid=1
[1780320932.674] [VP] profile=candidate fix=111011 chroma_seq=95466 chroma_flatness=0.5792 chroma_norm_max=0.6954 chroma_norm_mean=0.1162 chroma_final_max=0.5954 chroma_final_mean=0.0872 agc_gain=9.9977 bloom_alpha=0.9900 bloom_shift=1.0000 wave_idle=0.9850 wave_raw_margin=1.1000 wave_peak_floor=0.0800 wave_vu_floor=0.0200 wave_shift=120.0000 render_us=2244 render_avg=1958 render_max=6357
[1780320933.215] [AP] SSL=280 DC=-4774 max_raw=109 follower=280 peak_scaled=-0.564 silent_scale=1.000 silence=0 cal_source=config cal_valid=1
[1780320933.680] [VP] profile=candidate fix=111011 chroma_seq=95650 chroma_flatness=0.2215 chroma_norm_max=0.2551 chroma_norm_mean=0.0337 chroma_final_max=0.1097 chroma_final_mean=0.0098 agc_gain=9.9997 bloom_alpha=0.9900 bloom_shift=1.0000 wave_idle=0.9850 wave_raw_margin=1.1000 wave_peak_floor=0.0800 wave_vu_floor=0.0200 wave_shift=120.0000 render_us=2214 render_avg=1974 render_max=6357
[1780320934.219] [AP] SSL=280 DC=-4774 max_raw=98 follower=280 peak_scaled=-0.528 silent_scale=1.000 silence=0 cal_source=config cal_valid=1
[1780320934.685] [VP] profile=candidate fix=111011 chroma_seq=95834 chroma_flatness=0.1944 chroma_norm_max=0.2505 chroma_norm_mean=0.0561 chroma_final_max=0.0861 chroma_final_mean=0.0139 agc_gain=9.9997 bloom_alpha=0.9900 bloom_shift=1.0000 wave_idle=0.9850 wave_raw_margin=1.1000 wave_peak_floor=0.0800 wave_vu_floor=0.0200 wave_shift=120.0000 render_us=2204 render_avg=1999 render_max=6357
[1780320935.226] [AP] SSL=280 DC=-4774 max_raw=121 follower=280 peak_scaled=-0.554 silent_scale=1.000 silence=0 cal_source=config cal_valid=1
[1780320935.687] [VP] profile=candidate fix=111011 chroma_seq=96011 chroma_flatness=0.1890 chroma_norm_max=0.2415 chroma_norm_mean=0.0525 chroma_final_max=0.0771 chroma_final_mean=0.0130 agc_gain=9.9459 bloom_alpha=0.9900 bloom_shift=1.0000 wave_idle=0.9850 wave_raw_margin=1.1000 wave_peak_floor=0.0800 wave_vu_floor=0.0200 wave_shift=120.0000 render_us=2417 render_avg=2167 render_max=6357
[1780320936.687] [AP] SSL=280 DC=-4774 max_raw=177 follower=280 peak_scaled=-0.477 silent_scale=1.000 silence=0 cal_source=config cal_valid=1
[1780320936.691] [VP] profile=candidate fix=111011 chroma_seq=96179 chroma_flatness=0.2194 chroma_norm_max=0.2633 chroma_norm_mean=0.0439 chroma_final_max=0.1138 chroma_final_mean=0.0095 agc_gain=9.9997 bloom_alpha=0.9900 bloom_shift=1.0000 wave_idle=0.9850 wave_raw_margin=1.1000 wave_peak_floor=0.0800 wave_vu_floor=0.0200 wave_shift=120.0000 render_us=2462 render_avg=2281 render_max=6357
[1780320937.559] ### CLIP_END id=sparse-build-shelter-early ffplay_rc=0 video_rc=-9
[1780320937.559] ### VIDEO_STDERR [avfoundation @ 0x704810000] Selected pixel format (yuv420p) is not supported by the input device. | [avfoundation @ 0x704810000] Supported pixel formats: | [avfoundation @ 0x704810000]   uyvy422 | [avfoundation @ 0x704810000]   yuyv422 | [avfoundation @ 0x704810000]   nv12 | [avfoundation @ 0x704810000]   0rgb | [avfoundation @ 0x704810000]   bgr0
[1780320937.559] ### CLIP_START id=vocal-chorus-touchme-mid track=Ian Asher - Touch Me.mp3 start=48.0 duration=25.0
[1780320937.664] >>> :smart_status
[1780320937.672] [AP] SSL=280 DC=-4774 max_raw=107 follower=280 peak_scaled=-0.525 silent_scale=1.000 silence=0 cal_source=config cal_valid=1
[1780320937.672] sbr{{
[1780320937.672] SMART_ASSIST: on
[1780320937.672] SMART_SWITCHING: on
[1780320937.672] SMART_DIRECTOR_AUTONOMY: on
[1780320937.672] SMART_HOOKS: on
[1780320937.672] SMART_CONFIDENCE_FLOOR: 0.070
[1780320937.672] SMART_APPLIED_MODE: 3
[1780320937.672] SMART_LAST_REQUESTED_MODE: 3
[1780320937.672] SMART_SWITCHES_IN_WINDOW: 2
[1780320937.672] SMART_MANUAL_OWNER_ACTIVE: 0
[1780320937.673] SMART_LAST_REASON: 0
[1780320937.673] SMART_STATE: 1
[1780320937.673] SMART_INTENT_MODE: 3
[1780320937.673] SMART_INTENT_CONFIDENCE: 0.044
[1780320937.673] SMART_INTENT_WANTS_SWITCH: 0
[1780320937.673] SMART_SCALAR_PHOTONS: 0.860
[1780320937.673] SMART_SCALAR_CHROMA: 0.920
[1780320937.675] SMART_SCALAR_MOOD: 1.000
[1780320937.675] SMART_SCALAR_SATURATION: 0.900
[1780320937.675] SMART_PALETTE_OVERLAY: 1
[1780320937.675] SMART_PALETTE_INDEX: 11
[1780320937.675] SMART_AUTO_COLOUR_SHIFT: 0
[1780320937.675] SMART_MIN_DWELL_MS: 12000
[1780320937.675] SMART_COOLDOWN_MS: 12000
[1780320937.675] SMART_SWITCH_WINDOW_MS: 90000
[1780320937.675] SMART_MAX_SWITCHES: 3
[1780320937.676] SMART_AUDIO_NOVELTY: 0.0370
[1780320937.677] SMART_AUDIO_ENERGY: 0.0463
[1780320937.677] SMART_EVENT_ID: 557
[1780320937.677] SMART_EVENT_AGE_MS: 2623
[1780320937.677] SMART_ONSET: 0
[1780320937.677] SMART_BASS_ONSET: 0
[1780320937.677] SMART_BEAT_CONFIDENCE: 0.000
[1780320937.677] }}
[1780320937.691] [VP] profile=candidate fix=111011 chroma_seq=96346 chroma_flatness=0.2698 chroma_norm_max=0.3352 chroma_norm_mean=0.0654 chroma_final_max=0.2232 chroma_final_mean=0.0327 agc_gain=9.9997 bloom_alpha=0.9900 bloom_shift=1.0000 wave_idle=0.9850 wave_raw_margin=1.1000 wave_peak_floor=0.0800 wave_vu_floor=0.0200 wave_shift=120.0000 render_us=2627 render_avg=2327 render_max=6357
[1780320937.716] >>> :vp_status
[1780320937.725] sbr{{
[1780320937.725] VP_PROFILE: candidate
[1780320937.725] VP_FIXES: agc_soft=on chroma_gate=on prism_off=on bloom_decay=off hsv_source_sat=on secondary_clean=on
[1780320937.725] VP_STREAM: on
[1780320937.725] AP_STREAM: on
[1780320937.727] VP_BLOOM: alpha=0.9900 shift=1.0000 force_sat=on
[1780320937.729] VP_WAVEFORM: idle_fade=0.9850 raw_margin=1.1000 peak_floor=0.0800 active_fade=0.0400 blend_gain=2.0000 fallback=1.0000 vu_floor=0.0200 shift_rate=120.0000
[1780320937.730] VP_CHROMA: seq=96352 range=60 profile=0 gate_gain=0.9181 pre_max=0.0641 pre_mean=0.0107 norm_max=0.3167 norm_mean=0.0531 flatness=0.2636 final_max=0.1989 final_mean=0.0235
[1780320937.731] VP_AGC: gain=9.9997 envelope=0.0081 floor=0.0010 gated=false
[1780320937.731] VP_RENDER_US: last=3392 avg=2493 max=6357
[1780320937.731] }}
[1780320938.702] [AP] SSL=280 DC=-4774 max_raw=1820 follower=1119 peak_scaled=1.220 silent_scale=1.000 silence=0 cal_source=config cal_valid=1
[1780320938.704] [VP] profile=candidate fix=111011 chroma_seq=96515 chroma_flatness=0.0854 chroma_norm_max=0.5952 chroma_norm_mean=0.5099 chroma_final_max=0.0133 chroma_final_mean=0.0110 agc_gain=0.8724 bloom_alpha=0.9900 bloom_shift=1.0000 wave_idle=0.9850 wave_raw_margin=1.1000 wave_peak_floor=0.0800 wave_vu_floor=0.0200 wave_shift=120.0000 render_us=2432 render_avg=2232 render_max=6357
[1780320939.244] [AP] SSL=280 DC=-4774 max_raw=870 follower=1434 peak_scaled=0.706 silent_scale=1.000 silence=0 cal_source=config cal_valid=1
[1780320939.706] [VP] profile=candidate fix=111011 chroma_seq=96685 chroma_flatness=0.1588 chroma_norm_max=0.4333 chroma_norm_mean=0.2904 chroma_final_max=0.1047 chroma_final_mean=0.0598 agc_gain=0.4142 bloom_alpha=0.9900 bloom_shift=1.0000 wave_idle=0.9850 wave_raw_margin=1.1000 wave_peak_floor=0.0800 wave_vu_floor=0.0200 wave_shift=120.0000 render_us=2298 render_avg=2133 render_max=6357
[1780320940.249] [AP] SSL=280 DC=-4774 max_raw=483 follower=1179 peak_scaled=0.327 silent_scale=1.000 silence=0 cal_source=config cal_valid=1
[1780320940.712] [VP] profile=candidate fix=111011 chroma_seq=96860 chroma_flatness=0.2220 chroma_norm_max=0.5407 chroma_norm_mean=0.3188 chroma_final_max=0.3129 chroma_final_mean=0.1553 agc_gain=0.4970 bloom_alpha=0.9900 bloom_shift=1.0000 wave_idle=0.9850 wave_raw_margin=1.1000 wave_peak_floor=0.0800 wave_vu_floor=0.0200 wave_shift=120.0000 render_us=3349 render_avg=2188 render_max=6357
[1780320941.255] [AP] SSL=280 DC=-4774 max_raw=1072 follower=1198 peak_scaled=0.393 silent_scale=1.000 silence=0 cal_source=config cal_valid=1
[1780320941.716] [VP] profile=candidate fix=111011 chroma_seq=97034 chroma_flatness=0.3127 chroma_norm_max=0.5784 chroma_norm_mean=0.2657 chroma_final_max=0.4784 chroma_final_mean=0.1657 agc_gain=0.4760 bloom_alpha=0.9900 bloom_shift=1.0000 wave_idle=0.9850 wave_raw_margin=1.1000 wave_peak_floor=0.0800 wave_vu_floor=0.0200 wave_shift=120.0000 render_us=2402 render_avg=2126 render_max=6357
[1780320942.259] [AP] SSL=280 DC=-4774 max_raw=373 follower=1192 peak_scaled=0.201 silent_scale=1.000 silence=0 cal_source=config cal_valid=1
[1780320942.683] >>> :smart_status
[1780320942.686] sbr{{
[1780320942.686] SMART_ASSIST: on
[1780320942.686] SMART_SWITCHING: on
[1780320942.686] SMART_DIRECTOR_AUTONOMY: on
[1780320942.686] SMART_HOOKS: on
[1780320942.686] SMART_CONFIDENCE_FLOOR: 0.070
[1780320942.686] SMART_APPLIED_MODE: 3
[1780320942.686] SMART_LAST_REQUESTED_MODE: 11
[1780320942.686] SMART_SWITCHES_IN_WINDOW: 2
[1780320942.686] SMART_MANUAL_OWNER_ACTIVE: 0
[1780320942.687] SMART_LAST_REASON: 9
[1780320942.687] SMART_STATE: 2
[1780320942.687] SMART_INTENT_MODE: 11
[1780320942.688] SMART_INTENT_CONFIDENCE: 0.132
[1780320942.688] SMART_INTENT_WANTS_SWITCH: 1
[1780320942.688] SMART_SCALAR_PHOTONS: 1.000
[1780320942.688] SMART_SCALAR_CHROMA: 1.000
[1780320942.688] SMART_SCALAR_MOOD: 1.000
[1780320942.688] SMART_SCALAR_SATURATION: 1.000
[1780320942.688] SMART_PALETTE_OVERLAY: 1
[1780320942.688] SMART_PALETTE_INDEX: 11
[1780320942.689] SMART_AUTO_COLOUR_SHIFT: 0
[1780320942.689] SMART_MIN_DWELL_MS: 12000
[1780320942.689] SMART_COOLDOWN_MS: 12000
[1780320942.689] SMART_SWITCH_WINDOW_MS: 90000
[1780320942.689] SMART_MAX_SWITCHES: 3
[1780320942.689] SMART_AUDIO_NOVELTY: 0.1129
[1780320942.689] SMART_AUDIO_ENERGY: 0.1686
[1780320942.689] SMART_EVENT_ID: 570
[1780320942.689] SMART_EVENT_AGE_MS: 270
[1780320942.689] SMART_ONSET: 0
[1780320942.691] SMART_BASS_ONSET: 0
[1780320942.691] SMART_BEAT_CONFIDENCE: 1.000
[1780320942.691] }}
[1780320942.718] [VP] profile=candidate fix=111011 chroma_seq=97207 chroma_flatness=0.4525 chroma_norm_max=0.9272 chroma_norm_mean=0.4746 chroma_final_max=0.8272 chroma_final_mean=0.3746 agc_gain=0.4747 bloom_alpha=0.9900 bloom_shift=1.0000 wave_idle=0.9850 wave_raw_margin=1.1000 wave_peak_floor=0.0800 wave_vu_floor=0.0200 wave_shift=120.0000 render_us=2377 render_avg=2222 render_max=6357
[1780320942.738] >>> :vp_status
[1780320942.749] sbr{{
[1780320942.749] VP_PROFILE: candidate
[1780320942.749] VP_FIXES: agc_soft=on chroma_gate=on prism_off=on bloom_decay=off hsv_source_sat=on secondary_clean=on
[1780320942.749] VP_STREAM: on
[1780320942.749] AP_STREAM: on
[1780320942.749] VP_BLOOM: alpha=0.9900 shift=1.0000 force_sat=on
[1780320942.751] VP_WAVEFORM: idle_fade=0.9850 raw_margin=1.1000 peak_floor=0.0800 active_fade=0.0400 blend_gain=2.0000 fallback=1.0000 vu_floor=0.0200 shift_rate=120.0000
[1780320942.753] VP_CHROMA: seq=97213 range=60 profile=0 gate_gain=1.0000 pre_max=0.3964 pre_mean=0.1968 norm_max=0.8537 norm_mean=0.4239 flatness=0.4298 final_max=0.7537 final_mean=0.3263
[1780320942.753] VP_AGC: gain=0.4825 envelope=0.4828 floor=0.0010 gated=false
[1780320942.755] VP_RENDER_US: last=3296 avg=2392 max=6357
[1780320942.755] }}
[1780320943.718] [AP] SSL=280 DC=-4774 max_raw=685 follower=1187 peak_scaled=0.399 silent_scale=1.000 silence=0 cal_source=config cal_valid=1
[1780320943.722] [VP] profile=candidate fix=111011 chroma_seq=97375 chroma_flatness=0.2495 chroma_norm_max=0.6373 chroma_norm_mean=0.3879 chroma_final_max=0.4553 chroma_final_mean=0.1768 agc_gain=0.5205 bloom_alpha=0.9900 bloom_shift=1.0000 wave_idle=0.9850 wave_raw_margin=1.1000 wave_peak_floor=0.0800 wave_vu_floor=0.0200 wave_shift=120.0000 render_us=2338 render_avg=2417 render_max=6357
[1780320944.271] [AP] SSL=280 DC=-4774 max_raw=525 follower=1115 peak_scaled=0.443 silent_scale=1.000 silence=0 cal_source=config cal_valid=1
[1780320944.728] [VP] profile=candidate fix=111011 chroma_seq=97547 chroma_flatness=0.5087 chroma_norm_max=0.9444 chroma_norm_mean=0.4356 chroma_final_max=0.8444 chroma_final_mean=0.3253 agc_gain=0.5696 bloom_alpha=0.9900 bloom_shift=1.0000 wave_idle=0.9850 wave_raw_margin=1.1000 wave_peak_floor=0.0800 wave_vu_floor=0.0200 wave_shift=120.0000 render_us=2315 render_avg=2194 render_max=6357
[1780320945.274] [AP] SSL=280 DC=-4774 max_raw=1681 follower=1129 peak_scaled=0.754 silent_scale=1.000 silence=0 cal_source=config cal_valid=1
[1780320945.723] [VP] profile=candidate fix=111011 chroma_seq=97717 chroma_flatness=0.2906 chroma_norm_max=0.6806 chroma_norm_mean=0.3899 chroma_final_max=0.5806 chroma_final_mean=0.2899 agc_gain=0.5840 bloom_alpha=0.9900 bloom_shift=1.0000 wave_idle=0.9850 wave_raw_margin=1.1000 wave_peak_floor=0.0800 wave_vu_floor=0.0200 wave_shift=120.0000 render_us=2610 render_avg=2281 render_max=6357
[1780320946.279] [AP] SSL=280 DC=-4774 max_raw=1396 follower=1263 peak_scaled=0.901 silent_scale=1.000 silence=0 cal_source=config cal_valid=1
[1780320946.728] [VP] profile=candidate fix=111011 chroma_seq=97888 chroma_flatness=0.3126 chroma_norm_max=1.1228 chroma_norm_mean=0.8102 chroma_final_max=1.0000 chroma_final_mean=0.7083 agc_gain=0.5799 bloom_alpha=0.9900 bloom_shift=1.0000 wave_idle=0.9850 wave_raw_margin=1.1000 wave_peak_floor=0.0800 wave_vu_floor=0.0200 wave_shift=120.0000 render_us=2460 render_avg=2141 render_max=6357
[1780320947.285] [AP] SSL=280 DC=-4774 max_raw=754 follower=1278 peak_scaled=0.774 silent_scale=1.000 silence=0 cal_source=config cal_valid=1
[1780320947.709] >>> :smart_status
[1780320947.724] sbr{{
[1780320947.724] SMART_ASSIST: on
[1780320947.724] SMART_SWITCHING: on
[1780320947.724] SMART_DIRECTOR_AUTONOMY: on
[1780320947.724] SMART_HOOKS: on
[1780320947.724] SMART_CONFIDENCE_FLOOR: 0.070
[1780320947.724] SMART_APPLIED_MODE: 11
[1780320947.724] SMART_LAST_REQUESTED_MODE: 11
[1780320947.725] SMART_SWITCHES_IN_WINDOW: 3
[1780320947.725] SMART_MANUAL_OWNER_ACTIVE: 0
[1780320947.726] SMART_LAST_REASON: 3
[1780320947.726] SMART_STATE: 2
[1780320947.726] SMART_INTENT_MODE: 11
[1780320947.726] SMART_INTENT_CONFIDENCE: 0.143
[1780320947.726] SMART_INTENT_WANTS_SWITCH: 1
[1780320947.726] SMART_SCALAR_PHOTONS: 1.000
[1780320947.726] SMART_SCALAR_CHROMA: 1.000
[1780320947.726] SMART_SCALAR_MOOD: 1.000
[1780320947.726] SMART_SCALAR_SATURATION: 1.000
[1780320947.726] SMART_PALETTE_OVERLAY: 1
[1780320947.726] SMART_PALETTE_INDEX: 11
[1780320947.726] SMART_AUTO_COLOUR_SHIFT: 0
[1780320947.726] SMART_MIN_DWELL_MS: 12000
[1780320947.726] SMART_COOLDOWN_MS: 12000
[1780320947.726] SMART_SWITCH_WINDOW_MS: 90000
[1780320947.726] SMART_MAX_SWITCHES: 3
[1780320947.727] SMART_AUDIO_NOVELTY: 0.1052
[1780320947.728] SMART_AUDIO_ENERGY: 0.1980
[1780320947.728] SMART_EVENT_ID: 581
[1780320947.728] SMART_EVENT_AGE_MS: 106
[1780320947.728] SMART_ONSET: 0
[1780320947.728] SMART_BASS_ONSET: 0
[1780320947.728] SMART_BEAT_CONFIDENCE: 0.000
[1780320947.728] }}
[1780320947.739] [VP] profile=candidate fix=111011 chroma_seq=98058 chroma_flatness=0.2329 chroma_norm_max=0.7921 chroma_norm_mean=0.5592 chroma_final_max=0.5292 chroma_final_mean=0.3511 agc_gain=0.5153 bloom_alpha=0.9900 bloom_shift=1.0000 wave_idle=0.9850 wave_raw_margin=1.1000 wave_peak_floor=0.0800 wave_vu_floor=0.0200 wave_shift=120.0000 render_us=2661 render_avg=2642 render_max=6357
[1780320947.765] >>> :vp_status
[1780320947.769] sbr{{
[1780320947.769] VP_PROFILE: candidate
[1780320947.770] VP_FIXES: agc_soft=on chroma_gate=on prism_off=on bloom_decay=off hsv_source_sat=on secondary_clean=on
[1780320947.770] VP_STREAM: on
[1780320947.770] AP_STREAM: on
[1780320947.771] VP_BLOOM: alpha=0.9900 shift=1.0000 force_sat=on
[1780320947.773] VP_WAVEFORM: idle_fade=0.9850 raw_margin=1.1000 peak_floor=0.0800 active_fade=0.0400 blend_gain=2.0000 fallback=1.0000 vu_floor=0.0200 shift_rate=120.0000
[1780320947.774] VP_CHROMA: seq=98064 range=60 profile=0 gate_gain=0.5146 pre_max=0.2402 pre_mean=0.1585 norm_max=0.5375 norm_mean=0.3546 flatness=0.1829 final_max=0.2251 final_mean=0.1310
[1780320947.776] VP_AGC: gain=0.5018 envelope=0.5371 floor=0.0010 gated=false
[1780320947.776] VP_RENDER_US: last=3440 avg=2765 max=6357
[1780320947.776] }}
[1780320948.289] [AP] SSL=280 DC=-4774 max_raw=359 follower=1266 peak_scaled=0.175 silent_scale=1.000 silence=0 cal_source=config cal_valid=1
[1780320948.736] [VP] profile=candidate fix=111011 chroma_seq=98225 chroma_flatness=0.3090 chroma_norm_max=0.6432 chroma_norm_mean=0.3342 chroma_final_max=0.5432 chroma_final_mean=0.2342 agc_gain=0.5096 bloom_alpha=0.9900 bloom_shift=1.0000 wave_idle=0.9850 wave_raw_margin=1.1000 wave_peak_floor=0.0800 wave_vu_floor=0.0200 wave_shift=120.0000 render_us=2545 render_avg=2360 render_max=6357
[1780320949.295] [AP] SSL=280 DC=-4774 max_raw=493 follower=1194 peak_scaled=0.288 silent_scale=1.000 silence=0 cal_source=config cal_valid=1
[1780320949.737] [VP] profile=candidate fix=111011 chroma_seq=98394 chroma_flatness=0.1464 chroma_norm_max=0.2945 chroma_norm_mean=0.1481 chroma_final_max=0.0233 chroma_final_mean=0.0106 agc_gain=0.5047 bloom_alpha=0.9900 bloom_shift=1.0000 wave_idle=0.9850 wave_raw_margin=1.1000 wave_peak_floor=0.0800 wave_vu_floor=0.0200 wave_shift=120.0000 render_us=2432 render_avg=2415 render_max=6357
[1780320950.299] [AP] SSL=280 DC=-4774 max_raw=489 follower=1201 peak_scaled=0.261 silent_scale=1.000 silence=0 cal_source=config cal_valid=1
[1780320950.740] [VP] profile=candidate fix=111011 chroma_seq=98563 chroma_flatness=0.5006 chroma_norm_max=1.1104 chroma_norm_mean=0.6098 chroma_final_max=1.0000 chroma_final_mean=0.5090 agc_gain=0.5191 bloom_alpha=0.9900 bloom_shift=1.0000 wave_idle=0.9850 wave_raw_margin=1.1000 wave_peak_floor=0.0800 wave_vu_floor=0.0200 wave_shift=120.0000 render_us=1781 render_avg=2365 render_max=6357
[1780320951.304] [AP] SSL=280 DC=-4774 max_raw=530 follower=1129 peak_scaled=0.349 silent_scale=1.000 silence=0 cal_source=config cal_valid=1
[1780320951.746] [VP] profile=candidate fix=111011 chroma_seq=98732 chroma_flatness=0.4004 chroma_norm_max=0.8788 chroma_norm_mean=0.4783 chroma_final_max=0.7788 chroma_final_mean=0.3784 agc_gain=0.5501 bloom_alpha=0.9900 bloom_shift=1.0000 wave_idle=0.9850 wave_raw_margin=1.1000 wave_peak_floor=0.0800 wave_vu_floor=0.0200 wave_shift=120.0000 render_us=2730 render_avg=2400 render_max=6357
[1780320952.687] >>> :smart_status
[1780320952.689] [AP] SSL=280 DC=-4774 max_raw=897 follower=1123 peak_scaled=0.200 silent_scale=1.000 silence=0 cal_source=config cal_valid=1
[1780320952.689] sbr{{
[1780320952.689] SMART_ASSIST: on
[1780320952.689] SMART_SWITCHING: on
[1780320952.689] SMART_DIRECTOR_AUTONOMY: on
[1780320952.689] SMART_HOOKS: on
[1780320952.689] SMART_CONFIDENCE_FLOOR: 0.070
[1780320952.689] SMART_APPLIED_MODE: 11
[1780320952.689] SMART_LAST_REQUESTED_MODE: 11
[1780320952.689] SMART_SWITCHES_IN_WINDOW: 3
[1780320952.690] SMART_MANUAL_OWNER_ACTIVE: 0
[1780320952.690] SMART_LAST_REASON: 3
[1780320952.690] SMART_STATE: 2
[1780320952.690] SMART_INTENT_MODE: 11
[1780320952.690] SMART_INTENT_CONFIDENCE: 0.112
[1780320952.690] SMART_INTENT_WANTS_SWITCH: 1
[1780320952.690] SMART_SCALAR_PHOTONS: 1.000
[1780320952.690] SMART_SCALAR_CHROMA: 1.000
[1780320952.690] SMART_SCALAR_MOOD: 1.000
[1780320952.691] SMART_SCALAR_SATURATION: 1.000
[1780320952.691] SMART_PALETTE_OVERLAY: 1
[1780320952.691] SMART_PALETTE_INDEX: 11
[1780320952.691] SMART_AUTO_COLOUR_SHIFT: 0
[1780320952.691] SMART_MIN_DWELL_MS: 12000
[1780320952.691] SMART_COOLDOWN_MS: 12000
[1780320952.691] SMART_SWITCH_WINDOW_MS: 90000
[1780320952.691] SMART_MAX_SWITCHES: 3
[1780320952.691] SMART_AUDIO_NOVELTY: 0.1414
[1780320952.692] SMART_AUDIO_ENERGY: 0.1534
[1780320952.693] SMART_EVENT_ID: 590
[1780320952.693] SMART_EVENT_AGE_MS: 276
[1780320952.693] SMART_ONSET: 0
[1780320952.693] SMART_BASS_ONSET: 0
[1780320952.693] SMART_BEAT_CONFIDENCE: 1.000
[1780320952.693] }}
[1780320952.740] >>> :vp_status
[1780320952.743] [VP] profile=candidate fix=111011 chroma_seq=98899 chroma_flatness=0.2224 chroma_norm_max=0.8295 chroma_norm_mean=0.6071 chroma_final_max=0.5193 chroma_final_mean=0.3610 agc_gain=0.5957 bloom_alpha=0.9900 bloom_shift=1.0000 wave_idle=0.9850 wave_raw_margin=1.1000 wave_peak_floor=0.0800 wave_vu_floor=0.0200 wave_shift=120.0000 render_us=3481 render_avg=2510 render_max=6357
[1780320952.745] sbr{{
[1780320952.745] VP_PROFILE: candidate
[1780320952.745] VP_FIXES: agc_soft=on chroma_gate=on prism_off=on bloom_decay=off hsv_source_sat=on secondary_clean=on
[1780320952.745] VP_STREAM: on
[1780320952.745] AP_STREAM: on
[1780320952.746] VP_BLOOM: alpha=0.9900 shift=1.0000 force_sat=on
[1780320952.748] VP_WAVEFORM: idle_fade=0.9850 raw_margin=1.1000 peak_floor=0.0800 active_fade=0.0400 blend_gain=2.0000 fallback=1.0000 vu_floor=0.0200 shift_rate=120.0000
[1780320952.750] VP_CHROMA: seq=98901 range=60 profile=0 gate_gain=1.0000 pre_max=0.3631 pre_mean=0.2493 norm_max=0.8989 norm_mean=0.6172 flatness=0.2818 final_max=0.7990 final_mean=0.5172
[1780320952.751] VP_AGC: gain=0.5957 envelope=0.3821 floor=0.0010 gated=false
[1780320952.751] VP_RENDER_US: last=2498 avg=2519 max=6357
[1780320952.751] }}
[1780320953.315] [AP] SSL=280 DC=-4774 max_raw=1118 follower=1249 peak_scaled=0.750 silent_scale=1.000 silence=0 cal_source=config cal_valid=1
[1780320953.746] [VP] profile=candidate fix=111011 chroma_seq=99067 chroma_flatness=0.3116 chroma_norm_max=0.8171 chroma_norm_mean=0.5055 chroma_final_max=0.7171 chroma_final_mean=0.4055 agc_gain=0.5647 bloom_alpha=0.9900 bloom_shift=1.0000 wave_idle=0.9850 wave_raw_margin=1.1000 wave_peak_floor=0.0800 wave_vu_floor=0.0200 wave_shift=120.0000 render_us=2584 render_avg=2357 render_max=6357
[1780320954.319] [AP] SSL=280 DC=-4774 max_raw=1146 follower=1236 peak_scaled=0.854 silent_scale=1.000 silence=0 cal_source=config cal_valid=1
[1780320954.753] [VP] profile=candidate fix=111011 chroma_seq=99235 chroma_flatness=0.2397 chroma_norm_max=0.9581 chroma_norm_mean=0.6852 chroma_final_max=0.7713 chroma_final_mean=0.5328 agc_gain=0.4968 bloom_alpha=0.9900 bloom_shift=1.0000 wave_idle=0.9850 wave_raw_margin=1.1000 wave_peak_floor=0.0800 wave_vu_floor=0.0200 wave_shift=120.0000 render_us=2550 render_avg=2542 render_max=6357
[1780320955.325] [AP] SSL=280 DC=-4774 max_raw=237 follower=1302 peak_scaled=0.388 silent_scale=1.000 silence=0 cal_source=config cal_valid=1
[1780320955.756] [VP] profile=candidate fix=111011 chroma_seq=99403 chroma_flatness=0.3593 chroma_norm_max=0.4522 chroma_norm_mean=0.0929 chroma_final_max=0.3522 chroma_final_mean=0.0482 agc_gain=0.5516 bloom_alpha=0.9900 bloom_shift=1.0000 wave_idle=0.9850 wave_raw_margin=1.1000 wave_peak_floor=0.0800 wave_vu_floor=0.0200 wave_shift=120.0000 render_us=2465 render_avg=2281 render_max=6357
[1780320956.759] [AP] SSL=280 DC=-4774 max_raw=402 follower=727 peak_scaled=0.086 silent_scale=1.000 silence=0 cal_source=config cal_valid=1
[1780320956.763] [VP] profile=candidate fix=111011 chroma_seq=99573 chroma_flatness=0.5828 chroma_norm_max=0.9728 chroma_norm_mean=0.4061 chroma_final_max=0.8597 chroma_final_mean=0.3108 agc_gain=2.1460 bloom_alpha=0.9900 bloom_shift=1.0000 wave_idle=0.9850 wave_raw_margin=1.1000 wave_peak_floor=0.0800 wave_vu_floor=0.0200 wave_shift=120.0000 render_us=2470 render_avg=2384 render_max=6357
[1780320957.335] [AP] SSL=280 DC=-4774 max_raw=277 follower=399 peak_scaled=0.071 silent_scale=1.000 silence=0 cal_source=config cal_valid=1
[1780320957.666] >>> :smart_status
[1780320957.667] sbr{{
[1780320957.667] SMART_ASSIST: on
[1780320957.667] SMART_SWITCHING: on
[1780320957.667] SMART_DIRECTOR_AUTONOMY: on
[1780320957.667] SMART_HOOKS: on
[1780320957.667] SMART_CONFIDENCE_FLOOR: 0.070
[1780320957.667] SMART_APPLIED_MODE: 11
[1780320957.668] SMART_LAST_REQUESTED_MODE: 11
[1780320957.668] SMART_SWITCHES_IN_WINDOW: 3
[1780320957.668] SMART_MANUAL_OWNER_ACTIVE: 0
[1780320957.668] SMART_LAST_REASON: 3
[1780320957.668] SMART_STATE: 2
[1780320957.668] SMART_INTENT_MODE: 11
[1780320957.668] SMART_INTENT_CONFIDENCE: 0.073
[1780320957.668] SMART_INTENT_WANTS_SWITCH: 1
[1780320957.668] SMART_SCALAR_PHOTONS: 1.000
[1780320957.668] SMART_SCALAR_CHROMA: 1.000
[1780320957.669] SMART_SCALAR_MOOD: 1.000
[1780320957.669] SMART_SCALAR_SATURATION: 1.000
[1780320957.670] SMART_PALETTE_OVERLAY: 1
[1780320957.670] SMART_PALETTE_INDEX: 11
[1780320957.670] SMART_AUTO_COLOUR_SHIFT: 0
[1780320957.670] SMART_MIN_DWELL_MS: 12000
[1780320957.670] SMART_COOLDOWN_MS: 12000
[1780320957.670] SMART_SWITCH_WINDOW_MS: 90000
[1780320957.670] SMART_MAX_SWITCHES: 3
[1780320957.670] SMART_AUDIO_NOVELTY: 0.0749
[1780320957.671] SMART_AUDIO_ENERGY: 0.1025
[1780320957.671] SMART_EVENT_ID: 596
[1780320957.672] SMART_EVENT_AGE_MS: 2510
[1780320957.672] SMART_ONSET: 0
[1780320957.672] SMART_BASS_ONSET: 0
[1780320957.672] SMART_BEAT_CONFIDENCE: 1.000
[1780320957.672] }}
[1780320957.717] >>> :vp_status
[1780320957.719] sbr{{
[1780320957.719] VP_PROFILE: candidate
[1780320957.719] VP_FIXES: agc_soft=on chroma_gate=on prism_off=on bloom_decay=off hsv_source_sat=on secondary_clean=on
[1780320957.719] VP_STREAM: on
[1780320957.719] AP_STREAM: on
[1780320957.719] VP_BLOOM: alpha=0.9900 shift=1.0000 force_sat=on
[1780320957.721] VP_WAVEFORM: idle_fade=0.9850 raw_margin=1.1000 peak_floor=0.0800 active_fade=0.0400 blend_gain=2.0000 fallback=1.0000 vu_floor=0.0200 shift_rate=120.0000
[1780320957.723] VP_CHROMA: seq=99734 range=60 profile=0 gate_gain=1.0000 pre_max=0.2672 pre_mean=0.0861 norm_max=0.6898 norm_mean=0.2223 flatness=0.4676 final_max=0.5898 final_mean=0.1543
[1780320957.723] VP_AGC: gain=3.2882 envelope=0.0622 floor=0.0010 gated=false
[1780320957.723] VP_RENDER_US: last=3338 avg=2323 max=6357
[1780320957.723] }}
[1780320957.768] [VP] profile=candidate fix=111011 chroma_seq=99741 chroma_flatness=0.3741 chroma_norm_max=0.5124 chroma_norm_mean=0.1383 chroma_final_max=0.3969 chroma_final_mean=0.0816 agc_gain=3.5166 bloom_alpha=0.9900 bloom_shift=1.0000 wave_idle=0.9850 wave_raw_margin=1.1000 wave_peak_floor=0.0800 wave_vu_floor=0.0200 wave_shift=120.0000 render_us=2500 render_avg=2473 render_max=6357
[1780320958.340] [AP] SSL=280 DC=-4774 max_raw=397 follower=297 peak_scaled=0.491 silent_scale=1.000 silence=0 cal_source=config cal_valid=1
[1780320958.774] [VP] profile=candidate fix=111011 chroma_seq=99909 chroma_flatness=0.3638 chroma_norm_max=0.8834 chroma_norm_mean=0.5195 chroma_final_max=0.6612 chroma_final_mean=0.3596 agc_gain=1.7781 bloom_alpha=0.9900 bloom_shift=1.0000 wave_idle=0.9850 wave_raw_margin=1.1000 wave_peak_floor=0.0800 wave_vu_floor=0.0200 wave_shift=120.0000 render_us=2505 render_avg=2403 render_max=6357
[1780320959.345] [AP] SSL=280 DC=-4774 max_raw=258 follower=309 peak_scaled=-0.011 silent_scale=1.000 silence=0 cal_source=config cal_valid=1
[1780320959.779] [VP] profile=candidate fix=111011 chroma_seq=100077 chroma_flatness=0.6081 chroma_norm_max=0.8951 chroma_norm_mean=0.2870 chroma_final_max=0.7951 chroma_final_mean=0.1949 agc_gain=1.7926 bloom_alpha=0.9900 bloom_shift=1.0000 wave_idle=0.9850 wave_raw_margin=1.1000 wave_peak_floor=0.0800 wave_vu_floor=0.0200 wave_shift=120.0000 render_us=3423 render_avg=2695 render_max=6357
[1780320960.350] [AP] SSL=280 DC=-4774 max_raw=327 follower=280 peak_scaled=0.062 silent_scale=1.000 silence=0 cal_source=config cal_valid=1
[1780320960.784] [VP] profile=candidate fix=111011 chroma_seq=100244 chroma_flatness=0.4054 chroma_norm_max=0.5550 chroma_norm_mean=0.1411 chroma_final_max=0.4362 chroma_final_mean=0.0815 agc_gain=3.5867 bloom_alpha=0.9900 bloom_shift=1.0000 wave_idle=0.9850 wave_raw_margin=1.1000 wave_peak_floor=0.0800 wave_vu_floor=0.0200 wave_shift=120.0000 render_us=2520 render_avg=2498 render_max=6357
[1780320961.355] [AP] SSL=280 DC=-4774 max_raw=327 follower=280 peak_scaled=0.014 silent_scale=1.000 silence=0 cal_source=config cal_valid=1
[1780320961.788] [VP] profile=candidate fix=111011 chroma_seq=100413 chroma_flatness=0.3242 chroma_norm_max=0.5981 chroma_norm_mean=0.2738 chroma_final_max=0.4981 chroma_final_mean=0.2062 agc_gain=5.2002 bloom_alpha=0.9900 bloom_shift=1.0000 wave_idle=0.9850 wave_raw_margin=1.1000 wave_peak_floor=0.0800 wave_vu_floor=0.0200 wave_shift=120.0000 render_us=2548 render_avg=2316 render_max=6357
[1780320962.360] [AP] SSL=280 DC=-4774 max_raw=424 follower=280 peak_scaled=0.529 silent_scale=1.000 silence=0 cal_source=config cal_valid=1
[1780320962.684] >>> :smart_status
[1780320962.694] sbr{{
[1780320962.694] SMART_ASSIST: on
[1780320962.694] SMART_SWITCHING: on
[1780320962.694] SMART_DIRECTOR_AUTONOMY: on
[1780320962.694] SMART_HOOKS: on
[1780320962.695] SMART_CONFIDENCE_FLOOR: 0.070
[1780320962.695] SMART_APPLIED_MODE: 11
[1780320962.695] SMART_LAST_REQUESTED_MODE: 10
[1780320962.695] SMART_SWITCHES_IN_WINDOW: 3
[1780320962.696] SMART_MANUAL_OWNER_ACTIVE: 0
[1780320962.696] SMART_LAST_REASON: 9
[1780320962.696] SMART_STATE: 2
[1780320962.696] SMART_INTENT_MODE: 10
[1780320962.696] SMART_INTENT_CONFIDENCE: 0.113
[1780320962.696] SMART_INTENT_WANTS_SWITCH: 1
[1780320962.696] SMART_SCALAR_PHOTONS: 1.000
[1780320962.696] SMART_SCALAR_CHROMA: 1.000
[1780320962.697] SMART_SCALAR_MOOD: 1.000
[1780320962.697] SMART_SCALAR_SATURATION: 1.000
[1780320962.697] SMART_PALETTE_OVERLAY: 1
[1780320962.697] SMART_PALETTE_INDEX: 22
[1780320962.697] SMART_AUTO_COLOUR_SHIFT: 0
[1780320962.697] SMART_MIN_DWELL_MS: 12000
[1780320962.697] SMART_COOLDOWN_MS: 12000
[1780320962.697] SMART_SWITCH_WINDOW_MS: 90000
[1780320962.697] SMART_MAX_SWITCHES: 3
[1780320962.698] SMART_AUDIO_NOVELTY: 0.0589
[1780320962.698] SMART_AUDIO_ENERGY: 0.0891
[1780320962.698] SMART_EVENT_ID: 603
[1780320962.698] SMART_EVENT_AGE_MS: 149
[1780320962.698] SMART_ONSET: 0
[1780320962.699] SMART_BASS_ONSET: 0
[1780320962.699] SMART_BEAT_CONFIDENCE: 0.000
[1780320962.699] }}
[1780320962.736] >>> :vp_status
[1780320962.746] sbr{{
[1780320962.746] VP_PROFILE: candidate
[1780320962.746] VP_FIXES: agc_soft=on chroma_gate=on prism_off=on bloom_decay=off hsv_source_sat=on secondary_clean=on
[1780320962.746] VP_STREAM: on
[1780320962.746] AP_STREAM: on
[1780320962.747] VP_BLOOM: alpha=0.9900 shift=1.0000 force_sat=on
[1780320962.748] VP_WAVEFORM: idle_fade=0.9850 raw_margin=1.1000 peak_floor=0.0800 active_fade=0.0400 blend_gain=2.0000 fallback=1.0000 vu_floor=0.0200 shift_rate=120.0000
[1780320962.751] VP_CHROMA: seq=100573 range=60 profile=0 gate_gain=1.0000 pre_max=0.2346 pre_mean=0.0913 norm_max=0.4946 norm_mean=0.1926 flatness=0.3651 final_max=0.5068 final_mean=0.1651
[1780320962.752] VP_AGC: gain=1.7886 envelope=0.1351 floor=0.0010 gated=false
[1780320962.752] VP_RENDER_US: last=2689 avg=2487 max=6357
[1780320962.752] }}
[1780320962.794] [VP] profile=candidate fix=111011 chroma_seq=100580 chroma_flatness=0.3218 chroma_norm_max=0.7920 chroma_norm_mean=0.4702 chroma_final_max=0.6920 chroma_final_mean=0.3777 agc_gain=1.7902 bloom_alpha=0.9900 bloom_shift=1.0000 wave_idle=0.9850 wave_raw_margin=1.1000 wave_peak_floor=0.0800 wave_vu_floor=0.0200 wave_shift=120.0000 render_us=2525 render_avg=2550 render_max=6357
[1780320963.795] [AP] SSL=280 DC=-4774 max_raw=196 follower=280 peak_scaled=-0.270 silent_scale=1.000 silence=0 cal_source=config cal_valid=1
[1780320963.799] [VP] profile=candidate fix=111011 chroma_seq=100748 chroma_flatness=0.2179 chroma_norm_max=0.2438 chroma_norm_mean=0.0293 chroma_final_max=0.1261 chroma_final_mean=0.0105 agc_gain=3.9759 bloom_alpha=0.9900 bloom_shift=1.0000 wave_idle=0.9850 wave_raw_margin=1.1000 wave_peak_floor=0.0800 wave_vu_floor=0.0200 wave_shift=120.0000 render_us=2429 render_avg=2431 render_max=6357
[1780320964.370] [AP] SSL=280 DC=-4774 max_raw=203 follower=280 peak_scaled=-0.372 silent_scale=1.000 silence=0 cal_source=config cal_valid=1
[1780320964.802] [VP] profile=candidate fix=111011 chroma_seq=100915 chroma_flatness=0.4182 chroma_norm_max=0.4811 chroma_norm_mean=0.1122 chroma_final_max=0.3811 chroma_final_mean=0.0631 agc_gain=9.8982 bloom_alpha=0.9900 bloom_shift=1.0000 wave_idle=0.9850 wave_raw_margin=1.1000 wave_peak_floor=0.0800 wave_vu_floor=0.0200 wave_shift=120.0000 render_us=2444 render_avg=2450 render_max=6357
[1780320965.376] [AP] SSL=280 DC=-4774 max_raw=231 follower=280 peak_scaled=-0.394 silent_scale=1.000 silence=0 cal_source=config cal_valid=1
[1780320965.808] [VP] profile=candidate fix=111011 chroma_seq=101084 chroma_flatness=0.3333 chroma_norm_max=0.4345 chroma_norm_mean=0.1012 chroma_final_max=0.3345 chroma_final_mean=0.0510 agc_gain=9.9997 bloom_alpha=0.9900 bloom_shift=1.0000 wave_idle=0.9850 wave_raw_margin=1.1000 wave_peak_floor=0.0800 wave_vu_floor=0.0200 wave_shift=120.0000 render_us=2487 render_avg=2374 render_max=6357
[1780320966.380] [AP] SSL=280 DC=-4774 max_raw=162 follower=280 peak_scaled=-0.354 silent_scale=1.000 silence=0 cal_source=config cal_valid=1
[1780320966.812] [VP] profile=candidate fix=111011 chroma_seq=101252 chroma_flatness=0.2866 chroma_norm_max=0.4211 chroma_norm_mean=0.1345 chroma_final_max=0.3211 chroma_final_mean=0.0761 agc_gain=9.9997 bloom_alpha=0.9900 bloom_shift=1.0000 wave_idle=0.9850 wave_raw_margin=1.1000 wave_peak_floor=0.0800 wave_vu_floor=0.0200 wave_shift=120.0000 render_us=2734 render_avg=2663 render_max=6357
[1780320967.349] ### CLIP_END id=vocal-chorus-touchme-mid ffplay_rc=0 video_rc=0
[1780320967.349] ### VIDEO_STDERR [avfoundation @ 0xa9ac1c000] Selected pixel format (yuv420p) is not supported by the input device. | [avfoundation @ 0xa9ac1c000] Supported pixel formats: | [avfoundation @ 0xa9ac1c000]   uyvy422 | [avfoundation @ 0xa9ac1c000]   yuyv422 | [avfoundation @ 0xa9ac1c000]   nv12 | [avfoundation @ 0xa9ac1c000]   0rgb | [avfoundation @ 0xa9ac1c000]   bgr0
[1780320967.349] ### CLIP_START id=vocal-chorus-lavern-late track=Lavern_InMyMind.mp3 start=70.0 duration=25.0
[1780320967.386] [AP] SSL=280 DC=-4774 max_raw=166 follower=280 peak_scaled=-0.396 silent_scale=1.000 silence=0 cal_source=config cal_valid=1
[1780320967.462] >>> :smart_status
[1780320967.465] sbr{{
[1780320967.465] SMART_ASSIST: on
[1780320967.465] SMART_SWITCHING: on
[1780320967.466] SMART_DIRECTOR_AUTONOMY: on
[1780320967.466] SMART_HOOKS: on
[1780320967.466] SMART_CONFIDENCE_FLOOR: 0.070
[1780320967.466] SMART_APPLIED_MODE: 11
[1780320967.466] SMART_LAST_REQUESTED_MODE: 3
[1780320967.466] SMART_SWITCHES_IN_WINDOW: 3
[1780320967.466] SMART_MANUAL_OWNER_ACTIVE: 0
[1780320967.466] SMART_LAST_REASON: 0
[1780320967.466] SMART_STATE: 1
[1780320967.466] SMART_INTENT_MODE: 3
[1780320967.467] SMART_INTENT_CONFIDENCE: 0.051
[1780320967.467] SMART_INTENT_WANTS_SWITCH: 0
[1780320967.467] SMART_SCALAR_PHOTONS: 0.860
[1780320967.467] SMART_SCALAR_CHROMA: 0.920
[1780320967.467] SMART_SCALAR_MOOD: 1.000
[1780320967.467] SMART_SCALAR_SATURATION: 0.900
[1780320967.467] SMART_PALETTE_OVERLAY: 1
[1780320967.468] SMART_PALETTE_INDEX: 11
[1780320967.468] SMART_AUTO_COLOUR_SHIFT: 0
[1780320967.468] SMART_MIN_DWELL_MS: 12000
[1780320967.468] SMART_COOLDOWN_MS: 12000
[1780320967.468] SMART_SWITCH_WINDOW_MS: 90000
[1780320967.468] SMART_MAX_SWITCHES: 3
[1780320967.469] SMART_AUDIO_NOVELTY: 0.0467
[1780320967.469] SMART_AUDIO_ENERGY: 0.0552
[1780320967.469] SMART_EVENT_ID: 608
[1780320967.469] SMART_EVENT_AGE_MS: 1764
[1780320967.470] SMART_ONSET: 0
[1780320967.470] SMART_BASS_ONSET: 0
[1780320967.470] SMART_BEAT_CONFIDENCE: 0.000
[1780320967.470] }}
[1780320967.517] >>> :vp_status
[1780320967.530] sbr{{
[1780320967.530] VP_PROFILE: candidate
[1780320967.531] VP_FIXES: agc_soft=on chroma_gate=on prism_off=on bloom_decay=off hsv_source_sat=on secondary_clean=on
[1780320967.531] VP_STREAM: on
[1780320967.531] AP_STREAM: on
[1780320967.532] VP_BLOOM: alpha=0.9900 shift=1.0000 force_sat=on
[1780320967.534] VP_WAVEFORM: idle_fade=0.9850 raw_margin=1.1000 peak_floor=0.0800 active_fade=0.0400 blend_gain=2.0000 fallback=1.0000 vu_floor=0.0200 shift_rate=120.0000
[1780320967.535] VP_CHROMA: seq=101372 range=60 profile=0 gate_gain=1.0000 pre_max=0.1456 pre_mean=0.0261 norm_max=0.6218 norm_mean=0.1114 flatness=0.5104 final_max=0.5218 final_mean=0.0692
[1780320967.536] VP_AGC: gain=9.9997 envelope=0.0130 floor=0.0010 gated=false
[1780320967.536] VP_RENDER_US: last=3501 avg=2725 max=6357
[1780320967.536] }}
[1780320967.819] [VP] profile=candidate fix=111011 chroma_seq=101418 chroma_flatness=0.4911 chroma_norm_max=0.6329 chroma_norm_mean=0.1417 chroma_final_max=0.5329 chroma_final_mean=0.0954 agc_gain=9.9997 bloom_alpha=0.9900 bloom_shift=1.0000 wave_idle=0.9850 wave_raw_margin=1.1000 wave_peak_floor=0.0800 wave_vu_floor=0.0200 wave_shift=120.0000 render_us=3456 render_avg=2649 render_max=6357
[1780320968.390] [AP] SSL=280 DC=-4774 max_raw=861 follower=1228 peak_scaled=0.623 silent_scale=1.000 silence=0 cal_source=config cal_valid=1
[1780320968.823] [VP] profile=candidate fix=111011 chroma_seq=101587 chroma_flatness=0.2437 chroma_norm_max=0.5380 chroma_norm_mean=0.2943 chroma_final_max=0.3584 chroma_final_mean=0.1601 agc_gain=0.6323 bloom_alpha=0.9900 bloom_shift=1.0000 wave_idle=0.9850 wave_raw_margin=1.1000 wave_peak_floor=0.0800 wave_vu_floor=0.0200 wave_shift=120.0000 render_us=2528 render_avg=2344 render_max=6357
[1780320969.394] [AP] SSL=280 DC=-4774 max_raw=834 follower=1059 peak_scaled=0.703 silent_scale=1.000 silence=0 cal_source=config cal_valid=1
[1780320969.830] [VP] profile=candidate fix=111011 chroma_seq=101753 chroma_flatness=0.3119 chroma_norm_max=0.5503 chroma_norm_mean=0.2321 chroma_final_max=0.4557 chroma_final_mean=0.1374 agc_gain=0.6798 bloom_alpha=0.9900 bloom_shift=1.0000 wave_idle=0.9850 wave_raw_margin=1.1000 wave_peak_floor=0.0800 wave_vu_floor=0.0200 wave_shift=120.0000 render_us=2584 render_avg=2614 render_max=6357
[1780320970.831] [AP] SSL=280 DC=-4774 max_raw=1223 follower=1518 peak_scaled=0.657 silent_scale=1.000 silence=0 cal_source=config cal_valid=1
[1780320970.835] [VP] profile=candidate fix=111011 chroma_seq=101918 chroma_flatness=0.2356 chroma_norm_max=0.5941 chroma_norm_mean=0.3544 chroma_final_max=0.3946 chroma_final_mean=0.2031 agc_gain=0.4524 bloom_alpha=0.9900 bloom_shift=1.0000 wave_idle=0.9850 wave_raw_margin=1.1000 wave_peak_floor=0.0800 wave_vu_floor=0.0200 wave_shift=120.0000 render_us=2629 render_avg=2647 render_max=6357
[1780320971.404] [AP] SSL=280 DC=-4774 max_raw=1300 follower=1601 peak_scaled=0.470 silent_scale=1.000 silence=0 cal_source=config cal_valid=1
[1780320971.840] [VP] profile=candidate fix=111011 chroma_seq=102084 chroma_flatness=0.1676 chroma_norm_max=0.6100 chroma_norm_mean=0.4424 chroma_final_max=0.2234 chroma_final_mean=0.1500 agc_gain=0.4600 bloom_alpha=0.9900 bloom_shift=1.0000 wave_idle=0.9850 wave_raw_margin=1.1000 wave_peak_floor=0.0800 wave_vu_floor=0.0200 wave_shift=120.0000 render_us=2806 render_avg=2670 render_max=6357
[1780320972.410] [AP] SSL=280 DC=-4774 max_raw=1287 follower=1348 peak_scaled=0.667 silent_scale=1.000 silence=0 cal_source=config cal_valid=1
[1780320972.473] >>> :smart_status
[1780320972.474] sbr{{
[1780320972.474] SMART_ASSIST: on
[1780320972.475] SMART_SWITCHING: on
[1780320972.475] SMART_DIRECTOR_AUTONOMY: on
[1780320972.475] SMART_HOOKS: on
[1780320972.475] SMART_CONFIDENCE_FLOOR: 0.070
[1780320972.475] SMART_APPLIED_MODE: 11
[1780320972.475] SMART_LAST_REQUESTED_MODE: 10
[1780320972.475] SMART_SWITCHES_IN_WINDOW: 3
[1780320972.476] SMART_MANUAL_OWNER_ACTIVE: 0
[1780320972.476] SMART_LAST_REASON: 9
[1780320972.476] SMART_STATE: 2
[1780320972.476] SMART_INTENT_MODE: 10
[1780320972.476] SMART_INTENT_CONFIDENCE: 0.120
[1780320972.477] SMART_INTENT_WANTS_SWITCH: 1
[1780320972.477] SMART_SCALAR_PHOTONS: 1.000
[1780320972.477] SMART_SCALAR_CHROMA: 1.000
[1780320972.477] SMART_SCALAR_MOOD: 1.000
[1780320972.477] SMART_SCALAR_SATURATION: 1.000
[1780320972.477] SMART_PALETTE_OVERLAY: 1
[1780320972.477] SMART_PALETTE_INDEX: 22
[1780320972.477] SMART_AUTO_COLOUR_SHIFT: 0
[1780320972.477] SMART_MIN_DWELL_MS: 12000
[1780320972.477] SMART_COOLDOWN_MS: 12000
[1780320972.477] SMART_SWITCH_WINDOW_MS: 90000
[1780320972.477] SMART_MAX_SWITCHES: 3
[1780320972.477] SMART_AUDIO_NOVELTY: 0.0566
[1780320972.478] SMART_AUDIO_ENERGY: 0.1391
[1780320972.478] SMART_EVENT_ID: 619
[1780320972.478] SMART_EVENT_AGE_MS: 1192
[1780320972.478] SMART_ONSET: 0
[1780320972.478] SMART_BASS_ONSET: 0
[1780320972.479] SMART_BEAT_CONFIDENCE: 0.000
[1780320972.479] }}
[1780320972.526] >>> :vp_status
[1780320972.535] sbr{{
[1780320972.536] VP_PROFILE: candidate
[1780320972.536] VP_FIXES: agc_soft=on chroma_gate=on prism_off=on bloom_decay=off hsv_source_sat=on secondary_clean=on
[1780320972.536] VP_STREAM: on
[1780320972.536] AP_STREAM: on
[1780320972.537] VP_BLOOM: alpha=0.9900 shift=1.0000 force_sat=on
[1780320972.538] VP_WAVEFORM: idle_fade=0.9850 raw_margin=1.1000 peak_floor=0.0800 active_fade=0.0400 blend_gain=2.0000 fallback=1.0000 vu_floor=0.0200 shift_rate=120.0000
[1780320972.541] VP_CHROMA: seq=102201 range=60 profile=0 gate_gain=1.0000 pre_max=0.2961 pre_mean=0.1653 norm_max=0.7354 norm_mean=0.4106 flatness=0.3248 final_max=0.6354 final_mean=0.3106
[1780320972.542] VP_AGC: gain=0.5087 envelope=0.4397 floor=0.0010 gated=false
[1780320972.542] VP_RENDER_US: last=3495 avg=2635 max=6357
[1780320972.543] }}
[1780320972.842] [VP] profile=candidate fix=111011 chroma_seq=102250 chroma_flatness=0.3158 chroma_norm_max=0.7350 chroma_norm_mean=0.4349 chroma_final_max=0.7240 chroma_final_mean=0.3349 agc_gain=0.4811 bloom_alpha=0.9900 bloom_shift=1.0000 wave_idle=0.9850 wave_raw_margin=1.1000 wave_peak_floor=0.0800 wave_vu_floor=0.0200 wave_shift=120.0000 render_us=2705 render_avg=2405 render_max=6357
[1780320973.416] [AP] SSL=280 DC=-4774 max_raw=1461 follower=1491 peak_scaled=0.722 silent_scale=1.000 silence=0 cal_source=config cal_valid=1
[1780320973.847] [VP] profile=candidate fix=111011 chroma_seq=102419 chroma_flatness=0.2868 chroma_norm_max=0.7031 chroma_norm_mean=0.3851 chroma_final_max=0.6031 chroma_final_mean=0.2851 agc_gain=0.5836 bloom_alpha=0.9900 bloom_shift=1.0000 wave_idle=0.9850 wave_raw_margin=1.1000 wave_peak_floor=0.0800 wave_vu_floor=0.0200 wave_shift=120.0000 render_us=2459 render_avg=2422 render_max=6357
[1780320974.850] [AP] SSL=280 DC=-4774 max_raw=861 follower=1558 peak_scaled=0.441 silent_scale=1.000 silence=0 cal_source=config cal_valid=1
[1780320974.854] [VP] profile=candidate fix=111011 chroma_seq=102589 chroma_flatness=0.2180 chroma_norm_max=0.6607 chroma_norm_mean=0.4353 chroma_final_max=0.4076 chroma_final_mean=0.2437 agc_gain=0.4973 bloom_alpha=0.9900 bloom_shift=1.0000 wave_idle=0.9850 wave_raw_margin=1.1000 wave_peak_floor=0.0800 wave_vu_floor=0.0200 wave_shift=120.0000 render_us=2593 render_avg=2515 render_max=6357
[1780320975.424] [AP] SSL=280 DC=-4774 max_raw=639 follower=1201 peak_scaled=0.520 silent_scale=1.000 silence=0 cal_source=config cal_valid=1
[1780320975.857] [VP] profile=candidate fix=111011 chroma_seq=102757 chroma_flatness=0.3710 chroma_norm_max=1.0889 chroma_norm_mean=0.7178 chroma_final_max=0.9889 chroma_final_mean=0.6179 agc_gain=0.5954 bloom_alpha=0.9900 bloom_shift=1.0000 wave_idle=0.9850 wave_raw_margin=1.1000 wave_peak_floor=0.0800 wave_vu_floor=0.0200 wave_shift=120.0000 render_us=2592 render_avg=2525 render_max=6357
[1780320976.860] [AP] SSL=280 DC=-4774 max_raw=930 follower=1244 peak_scaled=0.490 silent_scale=1.000 silence=0 cal_source=config cal_valid=1
[1780320976.863] [VP] profile=candidate fix=111011 chroma_seq=102926 chroma_flatness=0.3451 chroma_norm_max=1.0171 chroma_norm_mean=0.6720 chroma_final_max=0.9171 chroma_final_mean=0.5720 agc_gain=0.6283 bloom_alpha=0.9900 bloom_shift=1.0000 wave_idle=0.9850 wave_raw_margin=1.1000 wave_peak_floor=0.0800 wave_vu_floor=0.0200 wave_shift=120.0000 render_us=2662 render_avg=2569 render_max=6357
[1780320977.435] [AP] SSL=280 DC=-4774 max_raw=1278 follower=1146 peak_scaled=0.664 silent_scale=1.000 silence=0 cal_source=config cal_valid=1
[1780320977.492] >>> :smart_status
[1780320977.501] sbr{{
[1780320977.501] SMART_ASSIST: on
[1780320977.501] SMART_SWITCHING: on
[1780320977.501] SMART_DIRECTOR_AUTONOMY: on
[1780320977.501] SMART_HOOKS: on
[1780320977.501] SMART_CONFIDENCE_FLOOR: 0.070
[1780320977.501] SMART_APPLIED_MODE: 11
[1780320977.501] SMART_LAST_REQUESTED_MODE: 10
[1780320977.501] SMART_SWITCHES_IN_WINDOW: 3
[1780320977.501] SMART_MANUAL_OWNER_ACTIVE: 0
[1780320977.501] SMART_LAST_REASON: 9
[1780320977.501] SMART_STATE: 2
[1780320977.501] SMART_INTENT_MODE: 10
[1780320977.502] SMART_INTENT_CONFIDENCE: 0.130
[1780320977.502] SMART_INTENT_WANTS_SWITCH: 1
[1780320977.502] SMART_SCALAR_PHOTONS: 1.000
[1780320977.502] SMART_SCALAR_CHROMA: 1.000
[1780320977.502] SMART_SCALAR_MOOD: 1.000
[1780320977.502] SMART_SCALAR_SATURATION: 1.000
[1780320977.502] SMART_PALETTE_OVERLAY: 1
[1780320977.503] SMART_PALETTE_INDEX: 22
[1780320977.503] SMART_AUTO_COLOUR_SHIFT: 0
[1780320977.504] SMART_MIN_DWELL_MS: 12000
[1780320977.504] SMART_COOLDOWN_MS: 12000
[1780320977.504] SMART_SWITCH_WINDOW_MS: 90000
[1780320977.504] SMART_MAX_SWITCHES: 3
[1780320977.504] SMART_AUDIO_NOVELTY: 0.1691
[1780320977.504] SMART_AUDIO_ENERGY: 0.1661
[1780320977.504] SMART_EVENT_ID: 627
[1780320977.505] SMART_EVENT_AGE_MS: 150
[1780320977.505] SMART_ONSET: 0
[1780320977.505] SMART_BASS_ONSET: 0
[1780320977.505] SMART_BEAT_CONFIDENCE: 0.500
[1780320977.505] }}
[1780320977.545] >>> :vp_status
[1780320977.560] sbr{{
[1780320977.560] VP_PROFILE: candidate
[1780320977.560] VP_FIXES: agc_soft=on chroma_gate=on prism_off=on bloom_decay=off hsv_source_sat=on secondary_clean=on
[1780320977.560] VP_STREAM: on
[1780320977.560] AP_STREAM: on
[1780320977.561] VP_BLOOM: alpha=0.9900 shift=1.0000 force_sat=on
[1780320977.562] VP_WAVEFORM: idle_fade=0.9850 raw_margin=1.1000 peak_floor=0.0800 active_fade=0.0400 blend_gain=2.0000 fallback=1.0000 vu_floor=0.0200 shift_rate=120.0000
[1780320977.565] VP_CHROMA: seq=103043 range=60 profile=0 gate_gain=1.0000 pre_max=0.3746 pre_mean=0.2108 norm_max=0.8133 norm_mean=0.4577 flatness=0.3556 final_max=0.7133 final_mean=0.3577
[1780320977.565] VP_AGC: gain=0.5028 envelope=0.4806 floor=0.0010 gated=false
[1780320977.566] VP_RENDER_US: last=3729 avg=2705 max=6357
[1780320977.566] }}
[1780320977.869] [VP] profile=candidate fix=111011 chroma_seq=103093 chroma_flatness=0.1903 chroma_norm_max=0.5312 chroma_norm_mean=0.3409 chroma_final_max=0.2285 chroma_final_mean=0.1229 agc_gain=0.4941 bloom_alpha=0.9900 bloom_shift=1.0000 wave_idle=0.9850 wave_raw_margin=1.1000 wave_peak_floor=0.0800 wave_vu_floor=0.0200 wave_shift=120.0000 render_us=2547 render_avg=2471 render_max=6357
[1780320978.441] [AP] SSL=280 DC=-4774 max_raw=392 follower=1063 peak_scaled=0.114 silent_scale=1.000 silence=0 cal_source=config cal_valid=1
[1780320978.872] [VP] profile=candidate fix=111011 chroma_seq=103262 chroma_flatness=0.6612 chroma_norm_max=1.0224 chroma_norm_mean=0.3612 chroma_final_max=0.9225 chroma_final_mean=0.2870 agc_gain=1.7217 bloom_alpha=0.9900 bloom_shift=1.0000 wave_idle=0.9850 wave_raw_margin=1.1000 wave_peak_floor=0.0800 wave_vu_floor=0.0200 wave_shift=120.0000 render_us=2534 render_avg=2353 render_max=6357
[1780320979.875] [AP] SSL=280 DC=-4774 max_raw=507 follower=588 peak_scaled=0.205 silent_scale=1.000 silence=0 cal_source=config cal_valid=1
[1780320979.879] [VP] profile=candidate fix=111011 chroma_seq=103431 chroma_flatness=0.3848 chroma_norm_max=1.1082 chroma_norm_mean=0.7409 chroma_final_max=1.0000 chroma_final_mean=0.6383 agc_gain=1.2140 bloom_alpha=0.9900 bloom_shift=1.0000 wave_idle=0.9850 wave_raw_margin=1.1000 wave_peak_floor=0.0800 wave_vu_floor=0.0200 wave_shift=120.0000 render_us=2542 render_avg=2510 render_max=6357
[1780320980.449] [AP] SSL=280 DC=-4774 max_raw=1654 follower=1227 peak_scaled=0.793 silent_scale=1.000 silence=0 cal_source=config cal_valid=1
[1780320980.882] [VP] profile=candidate fix=111011 chroma_seq=103601 chroma_flatness=0.3299 chroma_norm_max=0.6132 chroma_norm_mean=0.2832 chroma_final_max=0.5132 chroma_final_mean=0.1883 agc_gain=0.2512 bloom_alpha=0.9900 bloom_shift=1.0000 wave_idle=0.9850 wave_raw_margin=1.1000 wave_peak_floor=0.0800 wave_vu_floor=0.0200 wave_shift=120.0000 render_us=2581 render_avg=2355 render_max=6357
[1780320981.882] [AP] SSL=280 DC=-4774 max_raw=714 follower=1275 peak_scaled=0.384 silent_scale=1.000 silence=0 cal_source=config cal_valid=1
[1780320981.885] [VP] profile=candidate fix=111011 chroma_seq=103769 chroma_flatness=0.3602 chroma_norm_max=0.8750 chroma_norm_mean=0.5148 chroma_final_max=0.7751 chroma_final_mean=0.4165 agc_gain=0.2794 bloom_alpha=0.9900 bloom_shift=1.0000 wave_idle=0.9850 wave_raw_margin=1.1000 wave_peak_floor=0.0800 wave_vu_floor=0.0200 wave_shift=120.0000 render_us=2453 render_avg=2483 render_max=6357
[1780320982.462] [AP] SSL=280 DC=-4774 max_raw=1048 follower=1053 peak_scaled=0.469 silent_scale=1.000 silence=0 cal_source=config cal_valid=1
[1780320982.501] >>> :smart_status
[1780320982.510] sbr{{
[1780320982.510] SMART_ASSIST: on
[1780320982.510] SMART_SWITCHING: on
[1780320982.510] SMART_DIRECTOR_AUTONOMY: on
[1780320982.510] SMART_HOOKS: on
[1780320982.511] SMART_CONFIDENCE_FLOOR: 0.070
[1780320982.511] SMART_APPLIED_MODE: 11
[1780320982.511] SMART_LAST_REQUESTED_MODE: 10
[1780320982.511] SMART_SWITCHES_IN_WINDOW: 3
[1780320982.511] SMART_MANUAL_OWNER_ACTIVE: 0
[1780320982.511] SMART_LAST_REASON: 9
[1780320982.511] SMART_STATE: 2
[1780320982.511] SMART_INTENT_MODE: 10
[1780320982.511] SMART_INTENT_CONFIDENCE: 0.084
[1780320982.512] SMART_INTENT_WANTS_SWITCH: 1
[1780320982.512] SMART_SCALAR_PHOTONS: 1.000
[1780320982.512] SMART_SCALAR_CHROMA: 1.000
[1780320982.512] SMART_SCALAR_MOOD: 1.000
[1780320982.512] SMART_SCALAR_SATURATION: 1.000
[1780320982.512] SMART_PALETTE_OVERLAY: 1
[1780320982.512] SMART_PALETTE_INDEX: 22
[1780320982.512] SMART_AUTO_COLOUR_SHIFT: 0
[1780320982.513] SMART_MIN_DWELL_MS: 12000
[1780320982.514] SMART_COOLDOWN_MS: 12000
[1780320982.514] SMART_SWITCH_WINDOW_MS: 90000
[1780320982.514] SMART_MAX_SWITCHES: 3
[1780320982.514] SMART_AUDIO_NOVELTY: 0.1329
[1780320982.514] SMART_AUDIO_ENERGY: 0.1661
[1780320982.514] SMART_EVENT_ID: 634
[1780320982.514] SMART_EVENT_AGE_MS: 530
[1780320982.514] SMART_ONSET: 0
[1780320982.514] SMART_BASS_ONSET: 0
[1780320982.515] SMART_BEAT_CONFIDENCE: 0.000
[1780320982.515] }}
[1780320982.556] >>> :vp_status
[1780320982.559] sbr{{
[1780320982.560] VP_PROFILE: candidate
[1780320982.560] VP_FIXES: agc_soft=on chroma_gate=on prism_off=on bloom_decay=off hsv_source_sat=on secondary_clean=on
[1780320982.560] VP_STREAM: on
[1780320982.560] AP_STREAM: on
[1780320982.560] VP_BLOOM: alpha=0.9900 shift=1.0000 force_sat=on
[1780320982.561] VP_WAVEFORM: idle_fade=0.9850 raw_margin=1.1000 peak_floor=0.0800 active_fade=0.0400 blend_gain=2.0000 fallback=1.0000 vu_floor=0.0200 shift_rate=120.0000
[1780320982.564] VP_CHROMA: seq=103883 range=60 profile=0 gate_gain=1.0000 pre_max=0.4404 pre_mean=0.2311 norm_max=1.0669 norm_mean=0.5598 flatness=0.5083 final_max=0.9669 final_mean=0.4586
[1780320982.566] VP_AGC: gain=0.3949 envelope=0.6589 floor=0.0010 gated=false
[1780320982.566] VP_RENDER_US: last=2692 avg=2594 max=6357
[1780320982.566] }}
[1780320982.893] [VP] profile=candidate fix=111011 chroma_seq=103938 chroma_flatness=0.5827 chroma_norm_max=0.9001 chroma_norm_mean=0.3174 chroma_final_max=0.8001 chroma_final_mean=0.2254 agc_gain=0.4333 bloom_alpha=0.9900 bloom_shift=1.0000 wave_idle=0.9850 wave_raw_margin=1.1000 wave_peak_floor=0.0800 wave_vu_floor=0.0200 wave_shift=120.0000 render_us=2701 render_avg=2503 render_max=6357
[1780320983.895] [AP] SSL=280 DC=-4774 max_raw=356 follower=718 peak_scaled=0.243 silent_scale=1.000 silence=0 cal_source=config cal_valid=1
[1780320983.897] [VP] profile=candidate fix=111011 chroma_seq=104106 chroma_flatness=0.6358 chroma_norm_max=1.0022 chroma_norm_mean=0.3664 chroma_final_max=0.9022 chroma_final_mean=0.2713 agc_gain=0.8581 bloom_alpha=0.9900 bloom_shift=1.0000 wave_idle=0.9850 wave_raw_margin=1.1000 wave_peak_floor=0.0800 wave_vu_floor=0.0200 wave_shift=120.0000 render_us=2463 render_avg=2463 render_max=6357
[1780320984.471] [AP] SSL=280 DC=-4774 max_raw=731 follower=496 peak_scaled=0.594 silent_scale=1.000 silence=0 cal_source=config cal_valid=1
[1780320984.904] [VP] profile=candidate fix=111011 chroma_seq=104273 chroma_flatness=0.4454 chroma_norm_max=0.8960 chroma_norm_mean=0.4378 chroma_final_max=0.7395 chroma_final_mean=0.3444 agc_gain=0.8156 bloom_alpha=0.9900 bloom_shift=1.0000 wave_idle=0.9850 wave_raw_margin=1.1000 wave_peak_floor=0.0800 wave_vu_floor=0.0200 wave_shift=120.0000 render_us=2543 render_avg=2384 render_max=6357
[1780320985.475] [AP] SSL=280 DC=-4774 max_raw=806 follower=625 peak_scaled=0.791 silent_scale=1.000 silence=0 cal_source=config cal_valid=1
[1780320985.908] [VP] profile=candidate fix=111011 chroma_seq=104442 chroma_flatness=0.4169 chroma_norm_max=0.9005 chroma_norm_mean=0.4837 chroma_final_max=0.8005 chroma_final_mean=0.3868 agc_gain=0.3758 bloom_alpha=0.9900 bloom_shift=1.0000 wave_idle=0.9850 wave_raw_margin=1.1000 wave_peak_floor=0.0800 wave_vu_floor=0.0200 wave_shift=120.0000 render_us=3569 render_avg=2560 render_max=6357
[1780320986.481] [AP] SSL=280 DC=-4774 max_raw=489 follower=957 peak_scaled=0.199 silent_scale=1.000 silence=0 cal_source=config cal_valid=1
[1780320986.915] [VP] profile=candidate fix=111011 chroma_seq=104609 chroma_flatness=0.4793 chroma_norm_max=0.6599 chroma_norm_mean=0.1806 chroma_final_max=0.5599 chroma_final_mean=0.1142 agc_gain=1.0410 bloom_alpha=0.9900 bloom_shift=1.0000 wave_idle=0.9850 wave_raw_margin=1.1000 wave_peak_floor=0.0800 wave_vu_floor=0.0200 wave_shift=120.0000 render_us=2501 render_avg=2727 render_max=6357
[1780320987.486] [AP] SSL=280 DC=-4774 max_raw=406 follower=648 peak_scaled=0.318 silent_scale=1.000 silence=0 cal_source=config cal_valid=1
[1780320987.504] >>> :smart_status
[1780320987.505] sbr{{
[1780320987.505] SMART_ASSIST: on
[1780320987.505] SMART_SWITCHING: on
[1780320987.505] SMART_DIRECTOR_AUTONOMY: on
[1780320987.505] SMART_HOOKS: on
[1780320987.505] SMART_CONFIDENCE_FLOOR: 0.070
[1780320987.505] SMART_APPLIED_MODE: 11
[1780320987.506] SMART_LAST_REQUESTED_MODE: 11
[1780320987.506] SMART_SWITCHES_IN_WINDOW: 3
[1780320987.506] SMART_MANUAL_OWNER_ACTIVE: 0
[1780320987.506] SMART_LAST_REASON: 3
[1780320987.506] SMART_STATE: 2
[1780320987.506] SMART_INTENT_MODE: 11
[1780320987.506] SMART_INTENT_CONFIDENCE: 0.105
[1780320987.506] SMART_INTENT_WANTS_SWITCH: 1
[1780320987.506] SMART_SCALAR_PHOTONS: 1.000
[1780320987.506] SMART_SCALAR_CHROMA: 1.000
[1780320987.507] SMART_SCALAR_MOOD: 1.000
[1780320987.507] SMART_SCALAR_SATURATION: 1.000
[1780320987.507] SMART_PALETTE_OVERLAY: 1
[1780320987.507] SMART_PALETTE_INDEX: 11
[1780320987.507] SMART_AUTO_COLOUR_SHIFT: 0
[1780320987.507] SMART_MIN_DWELL_MS: 12000
[1780320987.507] SMART_COOLDOWN_MS: 12000
[1780320987.507] SMART_SWITCH_WINDOW_MS: 90000
[1780320987.507] SMART_MAX_SWITCHES: 3
[1780320987.507] SMART_AUDIO_NOVELTY: 0.0977
[1780320987.509] SMART_AUDIO_ENERGY: 0.1395
[1780320987.509] SMART_EVENT_ID: 643
[1780320987.509] SMART_EVENT_AGE_MS: 137
[1780320987.509] SMART_ONSET: 0
[1780320987.509] SMART_BASS_ONSET: 0
[1780320987.509] SMART_BEAT_CONFIDENCE: 0.000
[1780320987.509] }}
[1780320987.558] >>> :vp_status
[1780320987.565] sbr{{
[1780320987.565] VP_PROFILE: candidate
[1780320987.565] VP_FIXES: agc_soft=on chroma_gate=on prism_off=on bloom_decay=off hsv_source_sat=on secondary_clean=on
[1780320987.565] VP_STREAM: on
[1780320987.565] AP_STREAM: on
[1780320987.565] VP_BLOOM: alpha=0.9900 shift=1.0000 force_sat=on
[1780320987.567] VP_WAVEFORM: idle_fade=0.9850 raw_margin=1.1000 peak_floor=0.0800 active_fade=0.0400 blend_gain=2.0000 fallback=1.0000 vu_floor=0.0200 shift_rate=120.0000
[1780320987.569] VP_CHROMA: seq=104718 range=60 profile=0 gate_gain=1.0000 pre_max=0.4138 pre_mean=0.1998 norm_max=1.0263 norm_mean=0.4810 flatness=0.5734 final_max=0.9545 final_mean=0.3811
[1780320987.571] VP_AGC: gain=0.8468 envelope=0.2778 floor=0.0010 gated=false
[1780320987.571] VP_RENDER_US: last=2542 avg=2350 max=6357
[1780320987.571] }}
[1780320987.918] [VP] profile=candidate fix=111011 chroma_seq=104776 chroma_flatness=0.2375 chroma_norm_max=0.6514 chroma_norm_mean=0.4139 chroma_final_max=0.4341 chroma_final_mean=0.2471 agc_gain=1.0882 bloom_alpha=0.9900 bloom_shift=1.0000 wave_idle=0.9850 wave_raw_margin=1.1000 wave_peak_floor=0.0800 wave_vu_floor=0.0200 wave_shift=120.0000 render_us=2670 render_avg=2347 render_max=6357
[1780320988.491] [AP] SSL=280 DC=-4774 max_raw=668 follower=593 peak_scaled=0.525 silent_scale=1.000 silence=0 cal_source=config cal_valid=1
[1780320988.923] [VP] profile=candidate fix=111011 chroma_seq=104945 chroma_flatness=0.1434 chroma_norm_max=0.6329 chroma_norm_mean=0.4896 chroma_final_max=0.1688 chroma_final_mean=0.1234 agc_gain=1.0038 bloom_alpha=0.9900 bloom_shift=1.0000 wave_idle=0.9850 wave_raw_margin=1.1000 wave_peak_floor=0.0800 wave_vu_floor=0.0200 wave_shift=120.0000 render_us=2602 render_avg=2392 render_max=6357
[1780320989.495] [AP] SSL=280 DC=-4774 max_raw=1113 follower=1213 peak_scaled=0.815 silent_scale=1.000 silence=0 cal_source=config cal_valid=1
[1780320989.929] [VP] profile=candidate fix=111011 chroma_seq=105113 chroma_flatness=0.2022 chroma_norm_max=0.7207 chroma_norm_mean=0.5802 chroma_final_max=0.6859 chroma_final_mean=0.4424 agc_gain=0.8778 bloom_alpha=0.9900 bloom_shift=1.0000 wave_idle=0.9850 wave_raw_margin=1.1000 wave_peak_floor=0.0800 wave_vu_floor=0.0200 wave_shift=120.0000 render_us=2568 render_avg=2421 render_max=6357
[1780320990.929] [AP] SSL=280 DC=-4774 max_raw=685 follower=1232 peak_scaled=0.447 silent_scale=1.000 silence=0 cal_source=config cal_valid=1
[1780320990.932] [VP] profile=candidate fix=111011 chroma_seq=105282 chroma_flatness=0.3381 chroma_norm_max=1.1071 chroma_norm_mean=0.7690 chroma_final_max=1.0000 chroma_final_mean=0.6684 agc_gain=0.6918 bloom_alpha=0.9900 bloom_shift=1.0000 wave_idle=0.9850 wave_raw_margin=1.1000 wave_peak_floor=0.0800 wave_vu_floor=0.0200 wave_shift=120.0000 render_us=2564 render_avg=2309 render_max=6357
[1780320991.506] [AP] SSL=280 DC=-4774 max_raw=861 follower=1404 peak_scaled=0.316 silent_scale=1.000 silence=0 cal_source=config cal_valid=1
[1780320991.937] [VP] profile=candidate fix=111011 chroma_seq=105449 chroma_flatness=0.3600 chroma_norm_max=0.8573 chroma_norm_mean=0.5166 chroma_final_max=0.7573 chroma_final_mean=0.4167 agc_gain=0.7416 bloom_alpha=0.9900 bloom_shift=1.0000 wave_idle=0.9850 wave_raw_margin=1.1000 wave_peak_floor=0.0800 wave_vu_floor=0.0200 wave_shift=120.0000 render_us=2547 render_avg=2458 render_max=6357
[1780320992.471] >>> :smart_status
[1780320992.483] sbr{{
[1780320992.483] SMART_ASSIST: on
[1780320992.483] SMART_SWITCHING: on
[1780320992.483] SMART_DIRECTOR_AUTONOMY: on
[1780320992.483] SMART_HOOKS: on
[1780320992.483] SMART_CONFIDENCE_FLOOR: 0.070
[1780320992.483] SMART_APPLIED_MODE: 11
[1780320992.483] SMART_LAST_REQUESTED_MODE: 11
[1780320992.484] SMART_SWITCHES_IN_WINDOW: 3
[1780320992.484] SMART_MANUAL_OWNER_ACTIVE: 0
[1780320992.484] SMART_LAST_REASON: 3
[1780320992.484] SMART_STATE: 2
[1780320992.484] SMART_INTENT_MODE: 11
[1780320992.484] SMART_INTENT_CONFIDENCE: 0.134
[1780320992.484] SMART_INTENT_WANTS_SWITCH: 1
[1780320992.484] SMART_SCALAR_PHOTONS: 1.000
[1780320992.484] SMART_SCALAR_CHROMA: 1.000
[1780320992.484] SMART_SCALAR_MOOD: 1.000
[1780320992.486] SMART_SCALAR_SATURATION: 1.000
[1780320992.486] SMART_PALETTE_OVERLAY: 1
[1780320992.486] SMART_PALETTE_INDEX: 11
[1780320992.486] SMART_AUTO_COLOUR_SHIFT: 0
[1780320992.486] SMART_MIN_DWELL_MS: 12000
[1780320992.486] SMART_COOLDOWN_MS: 12000
[1780320992.486] SMART_SWITCH_WINDOW_MS: 90000
[1780320992.486] SMART_MAX_SWITCHES: 3
[1780320992.486] SMART_AUDIO_NOVELTY: 0.0865
[1780320992.486] SMART_AUDIO_ENERGY: 0.2118
[1780320992.488] SMART_EVENT_ID: 653
[1780320992.488] SMART_EVENT_AGE_MS: 230
[1780320992.488] SMART_ONSET: 0
[1780320992.488] SMART_BASS_ONSET: 0
[1780320992.488] SMART_BEAT_CONFIDENCE: 0.000
[1780320992.488] }}
[1780320992.512] [AP] SSL=280 DC=-4774 max_raw=1071 follower=1240 peak_scaled=0.717 silent_scale=1.000 silence=0 cal_source=config cal_valid=1
[1780320992.526] >>> :vp_status
[1780320992.530] sbr{{
[1780320992.530] VP_PROFILE: candidate
[1780320992.530] VP_FIXES: agc_soft=on chroma_gate=on prism_off=on bloom_decay=off hsv_source_sat=on secondary_clean=on
[1780320992.530] VP_STREAM: on
[1780320992.530] AP_STREAM: on
[1780320992.530] VP_BLOOM: alpha=0.9900 shift=1.0000 force_sat=on
[1780320992.532] VP_WAVEFORM: idle_fade=0.9850 raw_margin=1.1000 peak_floor=0.0800 active_fade=0.0400 blend_gain=2.0000 fallback=1.0000 vu_floor=0.0200 shift_rate=120.0000
[1780320992.534] VP_CHROMA: seq=105549 range=60 profile=0 gate_gain=1.0000 pre_max=0.4281 pre_mean=0.2603 norm_max=0.9250 norm_mean=0.5624 flatness=0.3625 final_max=0.8250 final_mean=0.4624
[1780320992.534] VP_AGC: gain=0.6049 envelope=0.4373 floor=0.0010 gated=false
[1780320992.534] VP_RENDER_US: last=3285 avg=2477 max=6357
[1780320992.534] }}
[1780320992.944] [VP] profile=candidate fix=111011 chroma_seq=105617 chroma_flatness=0.1395 chroma_norm_max=0.1984 chroma_norm_mean=0.0476 chroma_final_max=0.0123 chroma_final_mean=0.0012 agc_gain=0.7457 bloom_alpha=0.9900 bloom_shift=1.0000 wave_idle=0.9850 wave_raw_margin=1.1000 wave_peak_floor=0.0800 wave_vu_floor=0.0200 wave_shift=120.0000 render_us=2525 render_avg=2373 render_max=6357
[1780320993.515] [AP] SSL=280 DC=-4774 max_raw=203 follower=821 peak_scaled=-0.016 silent_scale=1.000 silence=0 cal_source=config cal_valid=1
[1780320993.948] [VP] profile=candidate fix=111011 chroma_seq=105787 chroma_flatness=0.3072 chroma_norm_max=0.4376 chroma_norm_mean=0.1304 chroma_final_max=0.3376 chroma_final_mean=0.0842 agc_gain=6.2571 bloom_alpha=0.9900 bloom_shift=1.0000 wave_idle=0.9850 wave_raw_margin=1.1000 wave_peak_floor=0.0800 wave_vu_floor=0.0200 wave_shift=120.0000 render_us=2731 render_avg=2665 render_max=6357
[1780320994.521] [AP] SSL=280 DC=-4774 max_raw=277 follower=414 peak_scaled=-0.056 silent_scale=1.000 silence=0 cal_source=config cal_valid=1
[1780320994.955] [VP] profile=candidate fix=111011 chroma_seq=105954 chroma_flatness=0.3801 chroma_norm_max=0.6087 chroma_norm_mean=0.2550 chroma_final_max=0.5088 chroma_final_mean=0.1843 agc_gain=9.9934 bloom_alpha=0.9900 bloom_shift=1.0000 wave_idle=0.9850 wave_raw_margin=1.1000 wave_peak_floor=0.0800 wave_vu_floor=0.0200 wave_shift=120.0000 render_us=2613 render_avg=2719 render_max=6357
[1780320995.526] [AP] SSL=280 DC=-4774 max_raw=158 follower=280 peak_scaled=-0.342 silent_scale=1.000 silence=0 cal_source=config cal_valid=1
[1780320995.960] [VP] profile=candidate fix=111011 chroma_seq=106121 chroma_flatness=0.3514 chroma_norm_max=0.5318 chroma_norm_mean=0.1804 chroma_final_max=0.4318 chroma_final_mean=0.1202 agc_gain=9.9997 bloom_alpha=0.9900 bloom_shift=1.0000 wave_idle=0.9850 wave_raw_margin=1.1000 wave_peak_floor=0.0800 wave_vu_floor=0.0200 wave_shift=120.0000 render_us=3479 render_avg=2702 render_max=6357
[1780320996.960] [AP] SSL=280 DC=-4774 max_raw=210 follower=280 peak_scaled=-0.112 silent_scale=1.000 silence=0 cal_source=config cal_valid=1
[1780320996.964] [VP] profile=candidate fix=111011 chroma_seq=106288 chroma_flatness=0.8111 chroma_norm_max=1.0250 chroma_norm_mean=0.2444 chroma_final_max=0.9250 chroma_final_mean=0.1897 agc_gain=9.9997 bloom_alpha=0.9900 bloom_shift=1.0000 wave_idle=0.9850 wave_raw_margin=1.1000 wave_peak_floor=0.0800 wave_vu_floor=0.0200 wave_shift=120.0000 render_us=2476 render_avg=2596 render_max=6357
[1780320997.537] [AP] SSL=280 DC=-4774 max_raw=166 follower=280 peak_scaled=-0.246 silent_scale=1.000 silence=0 cal_source=config cal_valid=1
[1780320997.968] [VP] profile=candidate fix=111011 chroma_seq=106458 chroma_flatness=0.7284 chroma_norm_max=0.9918 chroma_norm_mean=0.2633 chroma_final_max=0.8918 chroma_final_mean=0.1957 agc_gain=9.9997 bloom_alpha=0.9900 bloom_shift=1.0000 wave_idle=0.9850 wave_raw_margin=1.1000 wave_peak_floor=0.0800 wave_vu_floor=0.0200 wave_shift=120.0000 render_us=2694 render_avg=2223 render_max=6357
[1780320998.541] [AP] SSL=280 DC=-4774 max_raw=314 follower=280 peak_scaled=-0.003 silent_scale=1.000 silence=0 cal_source=config cal_valid=1
[1780320998.973] [VP] profile=candidate fix=111011 chroma_seq=106626 chroma_flatness=0.6660 chroma_norm_max=0.8611 chroma_norm_mean=0.1951 chroma_final_max=0.7611 chroma_final_mean=0.1360 agc_gain=9.9964 bloom_alpha=0.9900 bloom_shift=1.0000 wave_idle=0.9850 wave_raw_margin=1.1000 wave_peak_floor=0.0800 wave_vu_floor=0.0200 wave_shift=120.0000 render_us=2341 render_avg=2192 render_max=6357
[1780320999.545] [AP] SSL=280 DC=-4774 max_raw=255 follower=280 peak_scaled=-0.206 silent_scale=1.000 silence=0 cal_source=config cal_valid=1
[1780320999.978] [VP] profile=candidate fix=111011 chroma_seq=106796 chroma_flatness=0.4188 chroma_norm_max=0.6855 chroma_norm_mean=0.2677 chroma_final_max=0.5855 chroma_final_mean=0.1832 agc_gain=5.6456 bloom_alpha=0.9900 bloom_shift=1.0000 wave_idle=0.9850 wave_raw_margin=1.1000 wave_peak_floor=0.0800 wave_vu_floor=0.0200 wave_shift=120.0000 render_us=2554 render_avg=2389 render_max=6357
[1780321000.981] [AP] SSL=280 DC=-4774 max_raw=268 follower=280 peak_scaled=-0.189 silent_scale=1.000 silence=0 cal_source=config cal_valid=1
[1780321000.985] [VP] profile=candidate fix=111011 chroma_seq=106964 chroma_flatness=0.2339 chroma_norm_max=0.3634 chroma_norm_mean=0.0917 chroma_final_max=0.2524 chroma_final_mean=0.0374 agc_gain=9.4967 bloom_alpha=0.9900 bloom_shift=1.0000 wave_idle=0.9850 wave_raw_margin=1.1000 wave_peak_floor=0.0800 wave_vu_floor=0.0200 wave_shift=120.0000 render_us=2599 render_avg=2692 render_max=6357
[1780321001.556] [AP] SSL=280 DC=-4774 max_raw=414 follower=288 peak_scaled=0.009 silent_scale=1.000 silence=0 cal_source=config cal_valid=1
[1780321001.987] [VP] profile=candidate fix=111011 chroma_seq=107132 chroma_flatness=0.1912 chroma_norm_max=0.2553 chroma_norm_mean=0.0642 chroma_final_max=0.0863 chroma_final_mean=0.0121 agc_gain=4.2318 bloom_alpha=0.9900 bloom_shift=1.0000 wave_idle=0.9850 wave_raw_margin=1.1000 wave_peak_floor=0.0800 wave_vu_floor=0.0200 wave_shift=120.0000 render_us=2518 render_avg=2292 render_max=6357
[1780321002.562] [AP] SSL=280 DC=-4774 max_raw=227 follower=280 peak_scaled=-0.134 silent_scale=1.000 silence=0 cal_source=config cal_valid=1
[1780321002.800] ### CLIP_END id=vocal-chorus-lavern-late ffplay_rc=0 video_rc=-9
[1780321002.800] ### VIDEO_STDERR [avfoundation @ 0xc2680c000] Selected pixel format (yuv420p) is not supported by the input device. | [avfoundation @ 0xc2680c000] Supported pixel formats: | [avfoundation @ 0xc2680c000]   uyvy422 | [avfoundation @ 0xc2680c000]   yuyv422 | [avfoundation @ 0xc2680c000]   nv12 | [avfoundation @ 0xc2680c000]   0rgb | [avfoundation @ 0xc2680c000]   bgr0
[1780321002.800] ### CLIP_START id=high-density-carte-finale track=Carte-Blanche-Mixed.mp3 start=55.0 duration=25.0
[1780321002.909] >>> :smart_status
[1780321002.910] sbr{{
[1780321002.910] SMART_ASSIST: on
[1780321002.910] SMART_SWITCHING: on
[1780321002.910] SMART_DIRECTOR_AUTONOMY: on
[1780321002.910] SMART_HOOKS: on
[1780321002.910] SMART_CONFIDENCE_FLOOR: 0.070
[1780321002.910] SMART_APPLIED_MODE: 11
[1780321002.910] SMART_LAST_REQUESTED_MODE: 3
[1780321002.910] SMART_SWITCHES_IN_WINDOW: 3
[1780321002.910] SMART_MANUAL_OWNER_ACTIVE: 0
[1780321002.911] SMART_LAST_REASON: 0
[1780321002.911] SMART_STATE: 1
[1780321002.911] SMART_INTENT_MODE: 3
[1780321002.911] SMART_INTENT_CONFIDENCE: 0.063
[1780321002.911] SMART_INTENT_WANTS_SWITCH: 0
[1780321002.911] SMART_SCALAR_PHOTONS: 0.860
[1780321002.911] SMART_SCALAR_CHROMA: 0.920
[1780321002.911] SMART_SCALAR_MOOD: 1.000
[1780321002.911] SMART_SCALAR_SATURATION: 0.900
[1780321002.911] SMART_PALETTE_OVERLAY: 1
[1780321002.912] SMART_PALETTE_INDEX: 22
[1780321002.912] SMART_AUTO_COLOUR_SHIFT: 0
[1780321002.912] SMART_MIN_DWELL_MS: 12000
[1780321002.912] SMART_COOLDOWN_MS: 12000
[1780321002.912] SMART_SWITCH_WINDOW_MS: 90000
[1780321002.912] SMART_MAX_SWITCHES: 3
[1780321002.912] SMART_AUDIO_NOVELTY: 0.0587
[1780321002.912] SMART_AUDIO_ENERGY: 0.0679
[1780321002.912] SMART_EVENT_ID: 658
[1780321002.912] SMART_EVENT_AGE_MS: 1671
[1780321002.913] SMART_ONSET: 0
[1780321002.913] SMART_BASS_ONSET: 0
[1780321002.914] SMART_BEAT_CONFIDENCE: 0.000
[1780321002.914] }}
[1780321002.963] >>> :vp_status
[1780321002.971] sbr{{
[1780321002.971] VP_PROFILE: candidate
[1780321002.972] VP_FIXES: agc_soft=on chroma_gate=on prism_off=on bloom_decay=off hsv_source_sat=on secondary_clean=on
[1780321002.972] VP_STREAM: on
[1780321002.972] AP_STREAM: on
[1780321002.972] VP_BLOOM: alpha=0.9900 shift=1.0000 force_sat=on
[1780321002.974] VP_WAVEFORM: idle_fade=0.9850 raw_margin=1.1000 peak_floor=0.0800 active_fade=0.0400 blend_gain=2.0000 fallback=1.0000 vu_floor=0.0200 shift_rate=120.0000
[1780321002.975] VP_CHROMA: seq=107297 range=60 profile=0 gate_gain=1.0000 pre_max=0.1536 pre_mean=0.0301 norm_max=0.3546 norm_mean=0.0695 flatness=0.2851 final_max=0.2547 final_mean=0.0324
[1780321002.975] VP_AGC: gain=9.9343 envelope=0.0151 floor=0.0010 gated=false
[1780321002.975] VP_RENDER_US: last=3319 avg=2678 max=6357
[1780321002.975] }}
[1780321002.992] [VP] profile=candidate fix=111011 chroma_seq=107299 chroma_flatness=0.3184 chroma_norm_max=0.4047 chroma_norm_mean=0.0963 chroma_final_max=0.2976 chroma_final_mean=0.0477 agc_gain=9.9407 bloom_alpha=0.9900 bloom_shift=1.0000 wave_idle=0.9850 wave_raw_margin=1.1000 wave_peak_floor=0.0800 wave_vu_floor=0.0200 wave_shift=120.0000 render_us=2535 render_avg=2674 render_max=6357
[1780321003.566] [AP] SSL=280 DC=-4774 max_raw=347 follower=680 peak_scaled=0.290 silent_scale=1.000 silence=0 cal_source=config cal_valid=1
[1780321003.998] [VP] profile=candidate fix=111011 chroma_seq=107467 chroma_flatness=0.2882 chroma_norm_max=0.7068 chroma_norm_mean=0.4187 chroma_final_max=0.6069 chroma_final_mean=0.3190 agc_gain=0.8956 bloom_alpha=0.9900 bloom_shift=1.0000 wave_idle=0.9850 wave_raw_margin=1.1000 wave_peak_floor=0.0800 wave_vu_floor=0.0200 wave_shift=120.0000 render_us=2352 render_avg=2590 render_max=6357
[1780321004.570] [AP] SSL=280 DC=-4774 max_raw=714 follower=1414 peak_scaled=0.449 silent_scale=1.000 silence=0 cal_source=config cal_valid=1
[1780321005.003] [VP] profile=candidate fix=111011 chroma_seq=107636 chroma_flatness=0.1681 chroma_norm_max=0.4460 chroma_norm_mean=0.2779 chroma_final_max=0.1524 chroma_final_mean=0.0784 agc_gain=0.5940 bloom_alpha=0.9900 bloom_shift=1.0000 wave_idle=0.9850 wave_raw_margin=1.1000 wave_peak_floor=0.0800 wave_vu_floor=0.0200 wave_shift=120.0000 render_us=2572 render_avg=2585 render_max=6357
[1780321005.576] [AP] SSL=280 DC=-4774 max_raw=1438 follower=1372 peak_scaled=1.003 silent_scale=1.000 silence=0 cal_source=config cal_valid=1
[1780321006.008] [VP] profile=candidate fix=111011 chroma_seq=107805 chroma_flatness=0.3745 chroma_norm_max=0.8065 chroma_norm_mean=0.4320 chroma_final_max=0.7066 chroma_final_mean=0.3320 agc_gain=0.5814 bloom_alpha=0.9900 bloom_shift=1.0000 wave_idle=0.9850 wave_raw_margin=1.1000 wave_peak_floor=0.0800 wave_vu_floor=0.0200 wave_shift=120.0000 render_us=2461 render_avg=2448 render_max=6357
[1780321006.581] [AP] SSL=280 DC=-4774 max_raw=419 follower=1148 peak_scaled=0.353 silent_scale=1.000 silence=0 cal_source=config cal_valid=1
[1780321007.015] [VP] profile=candidate fix=111011 chroma_seq=107974 chroma_flatness=0.3252 chroma_norm_max=0.6200 chroma_norm_mean=0.2948 chroma_final_max=0.5200 chroma_final_mean=0.1972 agc_gain=0.7933 bloom_alpha=0.9900 bloom_shift=1.0000 wave_idle=0.9850 wave_raw_margin=1.1000 wave_peak_floor=0.0800 wave_vu_floor=0.0200 wave_shift=120.0000 render_us=2428 render_avg=2347 render_max=6357
[1780321007.941] >>> :smart_status
[1780321007.950] [AP] SSL=280 DC=-4774 max_raw=887 follower=929 peak_scaled=0.498 silent_scale=1.000 silence=0 cal_source=config cal_valid=1
[1780321007.950] sbr{{
[1780321007.950] SMART_ASSIST: on
[1780321007.951] SMART_SWITCHING: on
[1780321007.951] SMART_DIRECTOR_AUTONOMY: on
[1780321007.951] SMART_HOOKS: on
[1780321007.951] SMART_CONFIDENCE_FLOOR: 0.070
[1780321007.951] SMART_APPLIED_MODE: 11
[1780321007.951] SMART_LAST_REQUESTED_MODE: 11
[1780321007.952] SMART_SWITCHES_IN_WINDOW: 3
[1780321007.952] SMART_MANUAL_OWNER_ACTIVE: 0
[1780321007.952] SMART_LAST_REASON: 3
[1780321007.952] SMART_STATE: 2
[1780321007.952] SMART_INTENT_MODE: 11
[1780321007.952] SMART_INTENT_CONFIDENCE: 0.093
[1780321007.952] SMART_INTENT_WANTS_SWITCH: 1
[1780321007.952] SMART_SCALAR_PHOTONS: 1.000
[1780321007.952] SMART_SCALAR_CHROMA: 1.000
[1780321007.953] SMART_SCALAR_MOOD: 1.000
[1780321007.953] SMART_SCALAR_SATURATION: 1.000
[1780321007.953] SMART_PALETTE_OVERLAY: 1
[1780321007.953] SMART_PALETTE_INDEX: 11
[1780321007.953] SMART_AUTO_COLOUR_SHIFT: 0
[1780321007.953] SMART_MIN_DWELL_MS: 12000
[1780321007.953] SMART_COOLDOWN_MS: 12000
[1780321007.953] SMART_SWITCH_WINDOW_MS: 90000
[1780321007.953] SMART_MAX_SWITCHES: 3
[1780321007.954] SMART_AUDIO_NOVELTY: 0.0919
[1780321007.954] SMART_AUDIO_ENERGY: 0.0789
[1780321007.954] SMART_EVENT_ID: 668
[1780321007.954] SMART_EVENT_AGE_MS: 787
[1780321007.954] SMART_ONSET: 0
[1780321007.954] SMART_BASS_ONSET: 0
[1780321007.954] SMART_BEAT_CONFIDENCE: 0.000
[1780321007.954] }}
[1780321007.995] >>> :vp_status
[1780321007.995] sbr{{
[1780321007.995] VP_PROFILE: candidate
[1780321007.995] VP_FIXES: agc_soft=on chroma_gate=on prism_off=on bloom_decay=off hsv_source_sat=on secondary_clean=on
[1780321007.995] VP_STREAM: on
[1780321007.996] AP_STREAM: on
[1780321007.996] VP_BLOOM: alpha=0.9900 shift=1.0000 force_sat=on
[1780321007.997] VP_WAVEFORM: idle_fade=0.9850 raw_margin=1.1000 peak_floor=0.0800 active_fade=0.0400 blend_gain=2.0000 fallback=1.0000 vu_floor=0.0200 shift_rate=120.0000
[1780321007.999] VP_CHROMA: seq=108139 range=60 profile=0 gate_gain=1.0000 pre_max=0.4497 pre_mean=0.2585 norm_max=1.0627 norm_mean=0.6109 flatness=0.4517 final_max=0.9627 final_mean=0.5109
[1780321007.999] VP_AGC: gain=0.9978 envelope=0.2451 floor=0.0010 gated=false
[1780321007.999] VP_RENDER_US: last=3422 avg=2577 max=6357
[1780321008.000] }}
[1780321008.016] [VP] profile=candidate fix=111011 chroma_seq=108141 chroma_flatness=0.3131 chroma_norm_max=0.9570 chroma_norm_mean=0.6439 chroma_final_max=0.6019 chroma_final_mean=0.4227 agc_gain=0.9910 bloom_alpha=0.9900 bloom_shift=1.0000 wave_idle=0.9850 wave_raw_margin=1.1000 wave_peak_floor=0.0800 wave_vu_floor=0.0200 wave_shift=120.0000 render_us=2548 render_avg=2587 render_max=6357
[1780321008.592] [AP] SSL=280 DC=-4774 max_raw=1034 follower=1101 peak_scaled=0.785 silent_scale=1.000 silence=0 cal_source=config cal_valid=1
[1780321009.025] [VP] profile=candidate fix=111011 chroma_seq=108309 chroma_flatness=0.3170 chroma_norm_max=0.8471 chroma_norm_mean=0.5302 chroma_final_max=0.7471 chroma_final_mean=0.4302 agc_gain=0.8712 bloom_alpha=0.9900 bloom_shift=1.0000 wave_idle=0.9850 wave_raw_margin=1.1000 wave_peak_floor=0.0800 wave_vu_floor=0.0200 wave_shift=120.0000 render_us=2565 render_avg=2535 render_max=6357
[1780321009.596] [AP] SSL=280 DC=-4774 max_raw=347 follower=1074 peak_scaled=0.146 silent_scale=1.000 silence=0 cal_source=config cal_valid=1
[1780321010.028] [VP] profile=candidate fix=111011 chroma_seq=108478 chroma_flatness=0.4048 chroma_norm_max=0.6379 chroma_norm_mean=0.2330 chroma_final_max=0.5379 chroma_final_mean=0.1446 agc_gain=0.9808 bloom_alpha=0.9900 bloom_shift=1.0000 wave_idle=0.9850 wave_raw_margin=1.1000 wave_peak_floor=0.0800 wave_vu_floor=0.0200 wave_shift=120.0000 render_us=2736 render_avg=2492 render_max=6357
[1780321010.600] [AP] SSL=280 DC=-4774 max_raw=709 follower=895 peak_scaled=0.470 silent_scale=1.000 silence=0 cal_source=config cal_valid=1
[1780321011.034] [VP] profile=candidate fix=111011 chroma_seq=108657 chroma_flatness=0.1924 chroma_norm_max=0.8277 chroma_norm_mean=0.6353 chroma_final_max=0.4090 chroma_final_mean=0.3009 agc_gain=1.0393 bloom_alpha=0.9900 bloom_shift=1.0000 wave_idle=0.9850 wave_raw_margin=1.1000 wave_peak_floor=0.0800 wave_vu_floor=0.0200 wave_shift=120.0000 render_us=2269 render_avg=1892 render_max=6357
[1780321011.606] [AP] SSL=280 DC=-4774 max_raw=498 follower=1058 peak_scaled=0.436 silent_scale=1.000 silence=0 cal_source=config cal_valid=1
[1780321012.040] [VP] profile=candidate fix=111011 chroma_seq=108841 chroma_flatness=0.3378 chroma_norm_max=0.8460 chroma_norm_mean=0.5082 chroma_final_max=0.7460 chroma_final_mean=0.4082 agc_gain=1.0576 bloom_alpha=0.9900 bloom_shift=1.0000 wave_idle=0.9850 wave_raw_margin=1.1000 wave_peak_floor=0.0800 wave_vu_floor=0.0200 wave_shift=120.0000 render_us=2278 render_avg=2014 render_max=6357
[1780321012.611] [AP] SSL=280 DC=-4774 max_raw=515 follower=937 peak_scaled=0.217 silent_scale=1.000 silence=0 cal_source=config cal_valid=1
[1780321012.946] >>> :smart_status
[1780321012.960] sbr{{
[1780321012.960] SMART_ASSIST: on
[1780321012.961] SMART_SWITCHING: on
[1780321012.961] SMART_DIRECTOR_AUTONOMY: on
[1780321012.961] SMART_HOOKS: on
[1780321012.961] SMART_CONFIDENCE_FLOOR: 0.070
[1780321012.961] SMART_APPLIED_MODE: 10
[1780321012.961] SMART_LAST_REQUESTED_MODE: 10
[1780321012.961] SMART_SWITCHES_IN_WINDOW: 1
[1780321012.961] SMART_MANUAL_OWNER_ACTIVE: 0
[1780321012.961] SMART_LAST_REASON: 3
[1780321012.961] SMART_STATE: 2
[1780321012.961] SMART_INTENT_MODE: 10
[1780321012.962] SMART_INTENT_CONFIDENCE: 0.142
[1780321012.962] SMART_INTENT_WANTS_SWITCH: 1
[1780321012.962] SMART_SCALAR_PHOTONS: 1.000
[1780321012.962] SMART_SCALAR_CHROMA: 1.000
[1780321012.963] SMART_SCALAR_MOOD: 1.000
[1780321012.963] SMART_SCALAR_SATURATION: 1.000
[1780321012.963] SMART_PALETTE_OVERLAY: 1
[1780321012.963] SMART_PALETTE_INDEX: 22
[1780321012.963] SMART_AUTO_COLOUR_SHIFT: 0
[1780321012.963] SMART_MIN_DWELL_MS: 12000
[1780321012.963] SMART_COOLDOWN_MS: 12000
[1780321012.963] SMART_SWITCH_WINDOW_MS: 90000
[1780321012.963] SMART_MAX_SWITCHES: 3
[1780321012.963] SMART_AUDIO_NOVELTY: 0.0600
[1780321012.964] SMART_AUDIO_ENERGY: 0.0955
[1780321012.964] SMART_EVENT_ID: 680
[1780321012.964] SMART_EVENT_AGE_MS: 164
[1780321012.964] SMART_ONSET: 0
[1780321012.964] SMART_BASS_ONSET: 0
[1780321012.965] SMART_BEAT_CONFIDENCE: 1.000
[1780321012.965] }}
[1780321013.000] >>> :vp_status
[1780321013.011] sbr{{
[1780321013.011] VP_PROFILE: candidate
[1780321013.012] VP_FIXES: agc_soft=on chroma_gate=on prism_off=on bloom_decay=off hsv_source_sat=on secondary_clean=on
[1780321013.012] VP_STREAM: on
[1780321013.012] AP_STREAM: on
[1780321013.012] VP_BLOOM: alpha=0.9900 shift=1.0000 force_sat=on
[1780321013.014] VP_WAVEFORM: idle_fade=0.9850 raw_margin=1.1000 peak_floor=0.0800 active_fade=0.0400 blend_gain=2.0000 fallback=1.0000 vu_floor=0.0200 shift_rate=120.0000
[1780321013.017] VP_CHROMA: seq=109018 range=60 profile=0 gate_gain=0.3093 pre_max=0.1625 pre_mean=0.0923 norm_max=0.3283 norm_mean=0.1864 flatness=0.1419 final_max=0.0706 final_mean=0.0289
[1780321013.018] VP_AGC: gain=0.8592 envelope=0.2806 floor=0.0010 gated=false
[1780321013.018] VP_RENDER_US: last=2206 avg=1959 max=6357
[1780321013.018] }}
[1780321013.045] [VP] profile=candidate fix=111011 chroma_seq=109023 chroma_flatness=0.1320 chroma_norm_max=0.3089 chroma_norm_mean=0.1769 chroma_final_max=0.0543 chroma_final_mean=0.0234 agc_gain=0.8703 bloom_alpha=0.9900 bloom_shift=1.0000 wave_idle=0.9850 wave_raw_margin=1.1000 wave_peak_floor=0.0800 wave_vu_floor=0.0200 wave_shift=120.0000 render_us=2187 render_avg=2007 render_max=6357
[1780321013.618] [AP] SSL=280 DC=-4774 max_raw=1017 follower=1030 peak_scaled=0.660 silent_scale=1.000 silence=0 cal_source=config cal_valid=1
[1780321014.051] [VP] profile=candidate fix=111011 chroma_seq=109208 chroma_flatness=0.1912 chroma_norm_max=0.9797 chroma_norm_mean=0.7885 chroma_final_max=0.4890 chroma_final_mean=0.3827 agc_gain=0.9420 bloom_alpha=0.9900 bloom_shift=1.0000 wave_idle=0.9850 wave_raw_margin=1.1000 wave_peak_floor=0.0800 wave_vu_floor=0.0200 wave_shift=120.0000 render_us=2214 render_avg=1977 render_max=6357
[1780321015.051] [AP] SSL=280 DC=-4774 max_raw=896 follower=1236 peak_scaled=0.487 silent_scale=1.000 silence=0 cal_source=config cal_valid=1
[1780321015.055] [VP] profile=candidate fix=111011 chroma_seq=109391 chroma_flatness=0.3224 chroma_norm_max=0.6898 chroma_norm_mean=0.4030 chroma_final_max=0.5899 chroma_final_mean=0.3030 agc_gain=0.8870 bloom_alpha=0.9900 bloom_shift=1.0000 wave_idle=0.9850 wave_raw_margin=1.1000 wave_peak_floor=0.0800 wave_vu_floor=0.0200 wave_shift=120.0000 render_us=2194 render_avg=2097 render_max=6357
[1780321015.631] [AP] SSL=280 DC=-4774 max_raw=378 follower=926 peak_scaled=0.163 silent_scale=1.000 silence=0 cal_source=config cal_valid=1
[1780321016.060] [VP] profile=candidate fix=111011 chroma_seq=109576 chroma_flatness=0.2134 chroma_norm_max=0.4380 chroma_norm_mean=0.2246 chroma_final_max=0.2254 chroma_final_mean=0.0921 agc_gain=0.9171 bloom_alpha=0.9900 bloom_shift=1.0000 wave_idle=0.9850 wave_raw_margin=1.1000 wave_peak_floor=0.0800 wave_vu_floor=0.0200 wave_shift=120.0000 render_us=2165 render_avg=1961 render_max=6357
[1780321016.632] [AP] SSL=280 DC=-4774 max_raw=421 follower=932 peak_scaled=0.307 silent_scale=1.000 silence=0 cal_source=config cal_valid=1
[1780321017.066] [VP] profile=candidate fix=111011 chroma_seq=109762 chroma_flatness=0.3365 chroma_norm_max=1.0532 chroma_norm_mean=0.7167 chroma_final_max=0.9532 chroma_final_mean=0.6167 agc_gain=1.2369 bloom_alpha=0.9900 bloom_shift=1.0000 wave_idle=0.9850 wave_raw_margin=1.1000 wave_peak_floor=0.0800 wave_vu_floor=0.0200 wave_shift=120.0000 render_us=2260 render_avg=1983 render_max=6357
[1780321017.955] >>> :smart_status
[1780321017.958] [AP] SSL=280 DC=-4774 max_raw=759 follower=1485 peak_scaled=0.495 silent_scale=1.000 silence=0 cal_source=config cal_valid=1
[1780321017.958] sbr{{
[1780321017.958] SMART_ASSIST: on
[1780321017.958] SMART_SWITCHING: on
[1780321017.958] SMART_DIRECTOR_AUTONOMY: on
[1780321017.958] SMART_HOOKS: on
[1780321017.958] SMART_CONFIDENCE_FLOOR: 0.070
[1780321017.958] SMART_APPLIED_MODE: 10
[1780321017.958] SMART_LAST_REQUESTED_MODE: 10
[1780321017.959] SMART_SWITCHES_IN_WINDOW: 1
[1780321017.959] SMART_MANUAL_OWNER_ACTIVE: 0
[1780321017.959] SMART_LAST_REASON: 3
[1780321017.959] SMART_STATE: 2
[1780321017.959] SMART_INTENT_MODE: 10
[1780321017.959] SMART_INTENT_CONFIDENCE: 0.141
[1780321017.960] SMART_INTENT_WANTS_SWITCH: 1
[1780321017.960] SMART_SCALAR_PHOTONS: 1.000
[1780321017.960] SMART_SCALAR_CHROMA: 1.000
[1780321017.960] SMART_SCALAR_MOOD: 1.000
[1780321017.960] SMART_SCALAR_SATURATION: 1.000
[1780321017.960] SMART_PALETTE_OVERLAY: 1
[1780321017.960] SMART_PALETTE_INDEX: 22
[1780321017.961] SMART_AUTO_COLOUR_SHIFT: 0
[1780321017.961] SMART_MIN_DWELL_MS: 12000
[1780321017.961] SMART_COOLDOWN_MS: 12000
[1780321017.961] SMART_SWITCH_WINDOW_MS: 90000
[1780321017.961] SMART_MAX_SWITCHES: 3
[1780321017.961] SMART_AUDIO_NOVELTY: 0.0950
[1780321017.962] SMART_AUDIO_ENERGY: 0.2434
[1780321017.962] SMART_EVENT_ID: 688
[1780321017.963] SMART_EVENT_AGE_MS: 506
[1780321017.963] SMART_ONSET: 0
[1780321017.963] SMART_BASS_ONSET: 0
[1780321017.963] SMART_BEAT_CONFIDENCE: 0.000
[1780321017.963] }}
[1780321018.008] >>> :vp_status
[1780321018.011] sbr{{
[1780321018.011] VP_PROFILE: candidate
[1780321018.011] VP_FIXES: agc_soft=on chroma_gate=on prism_off=on bloom_decay=off hsv_source_sat=on secondary_clean=on
[1780321018.011] VP_STREAM: on
[1780321018.011] AP_STREAM: on
[1780321018.012] VP_BLOOM: alpha=0.9900 shift=1.0000 force_sat=on
[1780321018.015] VP_WAVEFORM: idle_fade=0.9850 raw_margin=1.1000 peak_floor=0.0800 active_fade=0.0400 blend_gain=2.0000 fallback=1.0000 vu_floor=0.0200 shift_rate=120.0000
[1780321018.016] VP_CHROMA: seq=109936 range=60 profile=0 gate_gain=1.0000 pre_max=0.3466 pre_mean=0.2092 norm_max=0.7927 norm_mean=0.4785 flatness=0.3142 final_max=0.6927 final_mean=0.3785
[1780321018.017] VP_AGC: gain=0.6329 envelope=0.4410 floor=0.0010 gated=false
[1780321018.017] VP_RENDER_US: last=2364 avg=2125 max=6357
[1780321018.017] }}
[1780321018.071] [VP] profile=candidate fix=111011 chroma_seq=109945 chroma_flatness=0.2879 chroma_norm_max=0.6241 chroma_norm_mean=0.3362 chroma_final_max=0.5241 chroma_final_mean=0.2362 agc_gain=0.6194 bloom_alpha=0.9900 bloom_shift=1.0000 wave_idle=0.9850 wave_raw_margin=1.1000 wave_peak_floor=0.0800 wave_vu_floor=0.0200 wave_shift=120.0000 render_us=2333 render_avg=2210 render_max=6357
[1780321018.643] [AP] SSL=280 DC=-4774 max_raw=346 follower=1105 peak_scaled=0.207 silent_scale=1.000 silence=0 cal_source=config cal_valid=1
[1780321019.075] [VP] profile=candidate fix=111011 chroma_seq=110128 chroma_flatness=0.3978 chroma_norm_max=0.6770 chroma_norm_mean=0.2792 chroma_final_max=0.5770 chroma_final_mean=0.1871 agc_gain=0.7584 bloom_alpha=0.9900 bloom_shift=1.0000 wave_idle=0.9850 wave_raw_margin=1.1000 wave_peak_floor=0.0800 wave_vu_floor=0.0200 wave_shift=120.0000 render_us=2215 render_avg=1980 render_max=6357
[1780321019.646] [AP] SSL=280 DC=-4774 max_raw=1350 follower=1181 peak_scaled=0.686 silent_scale=1.000 silence=0 cal_source=config cal_valid=1
[1780321020.080] [VP] profile=candidate fix=111011 chroma_seq=110314 chroma_flatness=0.2572 chroma_norm_max=0.6600 chroma_norm_mean=0.4027 chroma_final_max=0.4963 chroma_final_mean=0.2688 agc_gain=0.6241 bloom_alpha=0.9900 bloom_shift=1.0000 wave_idle=0.9850 wave_raw_margin=1.1000 wave_peak_floor=0.0800 wave_vu_floor=0.0200 wave_shift=120.0000 render_us=2189 render_avg=1905 render_max=6357
[1780321021.081] [AP] SSL=280 DC=-4774 max_raw=874 follower=1309 peak_scaled=0.484 silent_scale=1.000 silence=0 cal_source=config cal_valid=1
[1780321021.085] [VP] profile=candidate fix=111011 chroma_seq=110498 chroma_flatness=0.2212 chroma_norm_max=0.5969 chroma_norm_mean=0.3757 chroma_final_max=0.3509 chroma_final_mean=0.1947 agc_gain=0.6859 bloom_alpha=0.9900 bloom_shift=1.0000 wave_idle=0.9850 wave_raw_margin=1.1000 wave_peak_floor=0.0800 wave_vu_floor=0.0200 wave_shift=120.0000 render_us=2248 render_avg=2008 render_max=6357
[1780321022.088] [AP] SSL=280 DC=-4774 max_raw=493 follower=1229 peak_scaled=0.299 silent_scale=1.000 silence=0 cal_source=config cal_valid=1
[1780321022.090] [VP] profile=candidate fix=111011 chroma_seq=110684 chroma_flatness=0.5931 chroma_norm_max=1.0762 chroma_norm_mean=0.4831 chroma_final_max=0.9762 chroma_final_mean=0.3831 agc_gain=0.6135 bloom_alpha=0.9900 bloom_shift=1.0000 wave_idle=0.9850 wave_raw_margin=1.1000 wave_peak_floor=0.0800 wave_vu_floor=0.0200 wave_shift=120.0000 render_us=2187 render_avg=1962 render_max=6357
[1780321022.662] [AP] SSL=280 DC=-4774 max_raw=1621 follower=1286 peak_scaled=0.927 silent_scale=1.000 silence=0 cal_source=config cal_valid=1
[1780321022.920] >>> :smart_status
[1780321022.921] sbr{{
[1780321022.921] SMART_ASSIST: on
[1780321022.921] SMART_SWITCHING: on
[1780321022.921] SMART_DIRECTOR_AUTONOMY: on
[1780321022.921] SMART_HOOKS: on
[1780321022.921] SMART_CONFIDENCE_FLOOR: 0.070
[1780321022.921] SMART_APPLIED_MODE: 10
[1780321022.921] SMART_LAST_REQUESTED_MODE: 10
[1780321022.921] SMART_SWITCHES_IN_WINDOW: 1
[1780321022.922] SMART_MANUAL_OWNER_ACTIVE: 0
[1780321022.922] SMART_LAST_REASON: 3
[1780321022.922] SMART_STATE: 2
[1780321022.922] SMART_INTENT_MODE: 10
[1780321022.922] SMART_INTENT_CONFIDENCE: 0.112
[1780321022.922] SMART_INTENT_WANTS_SWITCH: 1
[1780321022.922] SMART_SCALAR_PHOTONS: 1.000
[1780321022.923] SMART_SCALAR_CHROMA: 1.000
[1780321022.924] SMART_SCALAR_MOOD: 1.000
[1780321022.924] SMART_SCALAR_SATURATION: 1.000
[1780321022.924] SMART_PALETTE_OVERLAY: 1
[1780321022.924] SMART_PALETTE_INDEX: 22
[1780321022.924] SMART_AUTO_COLOUR_SHIFT: 0
[1780321022.924] SMART_MIN_DWELL_MS: 12000
[1780321022.924] SMART_COOLDOWN_MS: 12000
[1780321022.924] SMART_SWITCH_WINDOW_MS: 90000
[1780321022.924] SMART_MAX_SWITCHES: 3
[1780321022.924] SMART_AUDIO_NOVELTY: 0.0841
[1780321022.924] SMART_AUDIO_ENERGY: 0.1138
[1780321022.924] SMART_EVENT_ID: 697
[1780321022.924] SMART_EVENT_AGE_MS: 240
[1780321022.925] SMART_ONSET: 0
[1780321022.925] SMART_BASS_ONSET: 0
[1780321022.926] SMART_BEAT_CONFIDENCE: 0.000
[1780321022.926] }}
[1780321022.975] >>> :vp_status
[1780321022.987] sbr{{
[1780321022.987] VP_PROFILE: candidate
[1780321022.987] VP_FIXES: agc_soft=on chroma_gate=on prism_off=on bloom_decay=off hsv_source_sat=on secondary_clean=on
[1780321022.987] VP_STREAM: on
[1780321022.987] AP_STREAM: on
[1780321022.987] VP_BLOOM: alpha=0.9900 shift=1.0000 force_sat=on
[1780321022.989] VP_WAVEFORM: idle_fade=0.9850 raw_margin=1.1000 peak_floor=0.0800 active_fade=0.0400 blend_gain=2.0000 fallback=1.0000 vu_floor=0.0200 shift_rate=120.0000
[1780321022.991] VP_CHROMA: seq=110849 range=60 profile=0 gate_gain=1.0000 pre_max=0.3504 pre_mean=0.1923 norm_max=0.8829 norm_mean=0.4844 flatness=0.3985 final_max=0.7829 final_mean=0.3844
[1780321022.992] VP_AGC: gain=0.7076 envelope=0.3154 floor=0.0010 gated=false
[1780321022.992] VP_RENDER_US: last=1680 avg=1890 max=6357
[1780321022.993] }}
[1780321023.095] [VP] profile=candidate fix=111011 chroma_seq=110868 chroma_flatness=0.4374 chroma_norm_max=1.1390 chroma_norm_mean=0.7016 chroma_final_max=1.0000 chroma_final_mean=0.5951 agc_gain=0.6949 bloom_alpha=0.9900 bloom_shift=1.0000 wave_idle=0.9850 wave_raw_margin=1.1000 wave_peak_floor=0.0800 wave_vu_floor=0.0200 wave_shift=120.0000 render_us=2207 render_avg=1898 render_max=6357
[1780321024.096] [AP] SSL=280 DC=-4774 max_raw=515 follower=1143 peak_scaled=0.365 silent_scale=1.000 silence=0 cal_source=config cal_valid=1
[1780321024.100] [VP] profile=candidate fix=111011 chroma_seq=111044 chroma_flatness=0.3870 chroma_norm_max=0.8229 chroma_norm_mean=0.4027 chroma_final_max=0.7324 chroma_final_mean=0.3027 agc_gain=0.7486 bloom_alpha=0.9900 bloom_shift=1.0000 wave_idle=0.9850 wave_raw_margin=1.1000 wave_peak_floor=0.0800 wave_vu_floor=0.0200 wave_shift=120.0000 render_us=2422 render_avg=2226 render_max=6357
[1780321025.099] [AP] SSL=280 DC=-4774 max_raw=1062 follower=1262 peak_scaled=0.427 silent_scale=1.000 silence=0 cal_source=config cal_valid=1
[1780321025.103] [VP] profile=candidate fix=111011 chroma_seq=111217 chroma_flatness=0.2446 chroma_norm_max=0.5056 chroma_norm_mean=0.2610 chroma_final_max=0.3339 chroma_final_mean=0.1404 agc_gain=0.6357 bloom_alpha=0.9900 bloom_shift=1.0000 wave_idle=0.9850 wave_raw_margin=1.1000 wave_peak_floor=0.0800 wave_vu_floor=0.0200 wave_shift=120.0000 render_us=2446 render_avg=2309 render_max=6357
[1780321025.677] [AP] SSL=280 DC=-4774 max_raw=1182 follower=1154 peak_scaled=0.798 silent_scale=1.000 silence=0 cal_source=config cal_valid=1
[1780321026.111] [VP] profile=candidate fix=111011 chroma_seq=111388 chroma_flatness=0.1179 chroma_norm_max=0.8326 chroma_norm_mean=0.7147 chroma_final_max=0.1390 chroma_final_mean=0.1166 agc_gain=0.7229 bloom_alpha=0.9900 bloom_shift=1.0000 wave_idle=0.9850 wave_raw_margin=1.1000 wave_peak_floor=0.0800 wave_vu_floor=0.0200 wave_shift=120.0000 render_us=2266 render_avg=2131 render_max=6357
[1780321026.681] [AP] SSL=280 DC=-4774 max_raw=837 follower=1199 peak_scaled=0.382 silent_scale=1.000 silence=0 cal_source=config cal_valid=1
[1780321027.115] [VP] profile=candidate fix=111011 chroma_seq=111563 chroma_flatness=0.2642 chroma_norm_max=0.6597 chroma_norm_mean=0.3956 chroma_final_max=0.5154 chroma_final_mean=0.2518 agc_gain=0.7758 bloom_alpha=0.9900 bloom_shift=1.0000 wave_idle=0.9850 wave_raw_margin=1.1000 wave_peak_floor=0.0800 wave_vu_floor=0.0200 wave_shift=120.0000 render_us=2295 render_avg=2190 render_max=6357
[1780321027.687] [AP] SSL=280 DC=-4774 max_raw=920 follower=1145 peak_scaled=0.441 silent_scale=1.000 silence=0 cal_source=config cal_valid=1
[1780321027.919] >>> :smart_status
[1780321027.930] sbr{{
[1780321027.930] SMART_ASSIST: on
[1780321027.930] SMART_SWITCHING: on
[1780321027.930] SMART_DIRECTOR_AUTONOMY: on
[1780321027.930] SMART_HOOKS: on
[1780321027.930] SMART_CONFIDENCE_FLOOR: 0.070
[1780321027.930] SMART_APPLIED_MODE: 3
[1780321027.930] SMART_LAST_REQUESTED_MODE: 10
[1780321027.931] SMART_SWITCHES_IN_WINDOW: 2
[1780321027.932] SMART_MANUAL_OWNER_ACTIVE: 0
[1780321027.932] SMART_LAST_REASON: 9
[1780321027.932] SMART_STATE: 2
[1780321027.932] SMART_INTENT_MODE: 10
[1780321027.932] SMART_INTENT_CONFIDENCE: 0.126
[1780321027.932] SMART_INTENT_WANTS_SWITCH: 1
[1780321027.932] SMART_SCALAR_PHOTONS: 1.000
[1780321027.932] SMART_SCALAR_CHROMA: 1.000
[1780321027.932] SMART_SCALAR_MOOD: 1.000
[1780321027.932] SMART_SCALAR_SATURATION: 1.000
[1780321027.932] SMART_PALETTE_OVERLAY: 1
[1780321027.933] SMART_PALETTE_INDEX: 22
[1780321027.933] SMART_AUTO_COLOUR_SHIFT: 0
[1780321027.933] SMART_MIN_DWELL_MS: 12000
[1780321027.933] SMART_COOLDOWN_MS: 12000
[1780321027.933] SMART_SWITCH_WINDOW_MS: 90000
[1780321027.934] SMART_MAX_SWITCHES: 3
[1780321027.934] SMART_AUDIO_NOVELTY: 0.0723
[1780321027.934] SMART_AUDIO_ENERGY: 0.1636
[1780321027.934] SMART_EVENT_ID: 706
[1780321027.934] SMART_EVENT_AGE_MS: 518
[1780321027.934] SMART_ONSET: 0
[1780321027.934] SMART_BASS_ONSET: 0
[1780321027.934] SMART_BEAT_CONFIDENCE: 0.000
[1780321027.934] }}
[1780321027.970] >>> :vp_status
[1780321027.977] sbr{{
[1780321027.977] VP_PROFILE: candidate
[1780321027.977] VP_FIXES: agc_soft=on chroma_gate=on prism_off=on bloom_decay=off hsv_source_sat=on secondary_clean=on
[1780321027.977] VP_STREAM: on
[1780321027.977] AP_STREAM: on
[1780321027.978] VP_BLOOM: alpha=0.9900 shift=1.0000 force_sat=on
[1780321027.979] VP_WAVEFORM: idle_fade=0.9850 raw_margin=1.1000 peak_floor=0.0800 active_fade=0.0400 blend_gain=2.0000 fallback=1.0000 vu_floor=0.0200 shift_rate=120.0000
[1780321027.981] VP_CHROMA: seq=111715 range=60 profile=0 gate_gain=1.0000 pre_max=0.2837 pre_mean=0.1313 norm_max=0.7101 norm_mean=0.3286 flatness=0.3814 final_max=0.6101 final_mean=0.2315
[1780321027.982] VP_AGC: gain=0.6082 envelope=0.3783 floor=0.0010 gated=false
[1780321027.982] VP_RENDER_US: last=2451 avg=2248 max=6357
[1780321027.982] }}
[1780321028.120] [VP] profile=candidate fix=111011 chroma_seq=111738 chroma_flatness=0.2926 chroma_norm_max=0.5905 chroma_norm_mean=0.2979 chroma_final_max=0.4905 chroma_final_mean=0.2042 agc_gain=0.7089 bloom_alpha=0.9900 bloom_shift=1.0000 wave_idle=0.9850 wave_raw_margin=1.1000 wave_peak_floor=0.0800 wave_vu_floor=0.0200 wave_shift=120.0000 render_us=2449 render_avg=2229 render_max=6357
[1780321029.121] [AP] SSL=280 DC=-4774 max_raw=153 follower=930 peak_scaled=-0.055 silent_scale=1.000 silence=0 cal_source=config cal_valid=1
[1780321029.125] [VP] profile=candidate fix=111011 chroma_seq=111915 chroma_flatness=0.0973 chroma_norm_max=0.1299 chroma_norm_mean=0.0326 chroma_final_max=0.0137 chroma_final_mean=0.0016 agc_gain=1.9191 bloom_alpha=0.9900 bloom_shift=1.0000 wave_idle=0.9850 wave_raw_margin=1.1000 wave_peak_floor=0.0800 wave_vu_floor=0.0200 wave_shift=120.0000 render_us=2440 render_avg=2174 render_max=6357
[1780321029.696] [AP] SSL=280 DC=-4774 max_raw=315 follower=460 peak_scaled=0.096 silent_scale=1.000 silence=0 cal_source=config cal_valid=1
[1780321030.128] [VP] profile=candidate fix=111011 chroma_seq=112085 chroma_flatness=0.4704 chroma_norm_max=0.5627 chroma_norm_mean=0.0923 chroma_final_max=0.4627 chroma_final_mean=0.0437 agc_gain=9.6935 bloom_alpha=0.9900 bloom_shift=1.0000 wave_idle=0.9850 wave_raw_margin=1.1000 wave_peak_floor=0.0800 wave_vu_floor=0.0200 wave_shift=120.0000 render_us=2596 render_avg=2328 render_max=6357
[1780321030.702] [AP] SSL=280 DC=-4774 max_raw=577 follower=284 peak_scaled=0.294 silent_scale=1.000 silence=0 cal_source=config cal_valid=1
[1780321031.134] [VP] profile=candidate fix=111011 chroma_seq=112253 chroma_flatness=0.3640 chroma_norm_max=0.5466 chroma_norm_mean=0.1890 chroma_final_max=0.5489 chroma_final_mean=0.1211 agc_gain=7.0346 bloom_alpha=0.9900 bloom_shift=1.0000 wave_idle=0.9850 wave_raw_margin=1.1000 wave_peak_floor=0.0800 wave_vu_floor=0.0200 wave_shift=120.0000 render_us=2603 render_avg=2299 render_max=6357
[1780321032.136] [AP] SSL=280 DC=-4774 max_raw=558 follower=442 peak_scaled=0.225 silent_scale=1.000 silence=0 cal_source=config cal_valid=1
[1780321032.140] [VP] profile=candidate fix=111011 chroma_seq=112424 chroma_flatness=0.2183 chroma_norm_max=0.9121 chroma_norm_mean=0.6938 chroma_final_max=0.5616 chroma_final_mean=0.4106 agc_gain=0.6477 bloom_alpha=0.9900 bloom_shift=1.0000 wave_idle=0.9850 wave_raw_margin=1.1000 wave_peak_floor=0.0800 wave_vu_floor=0.0200 wave_shift=120.0000 render_us=2458 render_avg=2211 render_max=6357
[1780321032.519] ### CLIP_END id=high-density-carte-finale ffplay_rc=0 video_rc=0
[1780321032.519] ### VIDEO_STDERR [avfoundation @ 0x825018000] Selected pixel format (yuv420p) is not supported by the input device. | [avfoundation @ 0x825018000] Supported pixel formats: | [avfoundation @ 0x825018000]   uyvy422 | [avfoundation @ 0x825018000]   yuyv422 | [avfoundation @ 0x825018000]   nv12 | [avfoundation @ 0x825018000]   0rgb | [avfoundation @ 0x825018000]   bgr0
[1780321032.711] [AP] SSL=280 DC=-4774 max_raw=626 follower=1558 peak_scaled=0.383 silent_scale=1.000 silence=0 cal_source=config cal_valid=1
[1780321033.144] [VP] profile=candidate fix=111011 chroma_seq=112597 chroma_flatness=0.0464 chroma_norm_max=0.0993 chroma_norm_mean=0.0529 chroma_final_max=0.0000 chroma_final_mean=0.0000 agc_gain=0.5921 bloom_alpha=0.9900 bloom_shift=1.0000 wave_idle=0.9850 wave_raw_margin=1.1000 wave_peak_floor=0.0800 wave_vu_floor=0.0200 wave_shift=120.0000 render_us=2470 render_avg=2275 render_max=6357
[1780321033.762] >>> :ap_stream=off
[1780321033.766] [AP] SSL=280 DC=-4774 max_raw=760 follower=1040 peak_scaled=0.152 silent_scale=1.000 silence=0 cal_source=config cal_valid=1
[1780321033.766] sbr{{
[1780321033.766] AP_STREAM: off
[1780321033.766] }}
[1780321033.967] >>> :vp_stream=off
[1780321033.976] sbr{{
[1780321033.976] VP_STREAM: off
[1780321033.976] }}
[1780321034.170] >>> :vp_perf=stop
[1780321034.171] sbr{{
[1780321034.171] VP_PERF: disabled (compile with ENABLE_VP_PERF_AUDIT=1)
[1780321034.171] }}
[1780321034.371] >>> :smart_status
[1780321034.381] sbr{{
[1780321034.381] SMART_ASSIST: on
[1780321034.381] SMART_SWITCHING: on
[1780321034.381] SMART_DIRECTOR_AUTONOMY: on
[1780321034.381] SMART_HOOKS: on
[1780321034.381] SMART_CONFIDENCE_FLOOR: 0.070
[1780321034.381] SMART_APPLIED_MODE: 3
[1780321034.383] SMART_LAST_REQUESTED_MODE: 11
[1780321034.383] SMART_SWITCHES_IN_WINDOW: 2
[1780321034.383] SMART_MANUAL_OWNER_ACTIVE: 0
[1780321034.383] SMART_LAST_REASON: 9
[1780321034.383] SMART_STATE: 2
[1780321034.383] SMART_INTENT_MODE: 11
[1780321034.383] SMART_INTENT_CONFIDENCE: 0.104
[1780321034.383] SMART_INTENT_WANTS_SWITCH: 1
[1780321034.383] SMART_SCALAR_PHOTONS: 1.000
[1780321034.383] SMART_SCALAR_CHROMA: 1.000
[1780321034.383] SMART_SCALAR_MOOD: 1.000
[1780321034.383] SMART_SCALAR_SATURATION: 1.000
[1780321034.383] SMART_PALETTE_OVERLAY: 1
[1780321034.383] SMART_PALETTE_INDEX: 11
[1780321034.383] SMART_AUTO_COLOUR_SHIFT: 0
[1780321034.383] SMART_MIN_DWELL_MS: 12000
[1780321034.383] SMART_COOLDOWN_MS: 12000
[1780321034.384] SMART_SWITCH_WINDOW_MS: 90000
[1780321034.384] SMART_MAX_SWITCHES: 3
[1780321034.385] SMART_AUDIO_NOVELTY: 0.0907
[1780321034.385] SMART_AUDIO_ENERGY: 0.0568
[1780321034.385] SMART_EVENT_ID: 715
[1780321034.385] SMART_EVENT_AGE_MS: 157
[1780321034.385] SMART_ONSET: 0
[1780321034.385] SMART_BASS_ONSET: 0
[1780321034.385] SMART_BEAT_CONFIDENCE: 0.000
[1780321034.385] }}
[1780321034.574] >>> :edge_status
[1780321034.577] sbr{{
[1780321034.577] EDGE_ENABLED: on
[1780321034.577] EDGE_MODE: complementary
[1780321034.577] EDGE_STRENGTH: 0.650
[1780321034.577] }}
[1780321034.778] >>> :vp_status
[1780321034.786] sbr{{
[1780321034.786] VP_PROFILE: candidate
[1780321034.786] VP_FIXES: agc_soft=on chroma_gate=on prism_off=on bloom_decay=off hsv_source_sat=on secondary_clean=on
[1780321034.786] VP_STREAM: off
[1780321034.786] AP_STREAM: off
[1780321034.787] VP_BLOOM: alpha=0.9900 shift=1.0000 force_sat=on
[1780321034.789] VP_WAVEFORM: idle_fade=0.9850 raw_margin=1.1000 peak_floor=0.0800 active_fade=0.0400 blend_gain=2.0000 fallback=1.0000 vu_floor=0.0200 shift_rate=120.0000
[1780321034.791] VP_CHROMA: seq=112875 range=60 profile=0 gate_gain=0.9886 pre_max=0.3020 pre_mean=0.1691 norm_max=0.6312 norm_mean=0.3535 flatness=0.2777 final_max=0.5252 final_mean=0.2509
[1780321034.791] VP_AGC: gain=1.8826 envelope=0.1220 floor=0.0010 gated=false
[1780321034.792] VP_RENDER_US: last=2434 avg=2235 max=6357
[1780321034.792] }}
