1787167930.073 7.3 raw_i16_near_pct=0.000 | k1_loud=1 input_trim=1.000 gdft_trim=0.961 agc_gain=0.296 agc_env=0.0000 clip_pct=0.000 near_pct=0.000 peak_pin=0.017 spec_pin=0.000 spec_sat=0.000 lg_mode=2 lightshow=32
1787167930.073 [AP] SSL=312 DC=-73 max_raw=226 follower=367 peak_scaled=0.078 response_gain=1.000 silent_scale=1.000 silence=0 sil_pk=240 rms_raw=0.0012 pky=1.65 dim=0 cal_source=persisted_profile cal_valid=1 cal_reason=none | bpm=69.0 conf=0.99 lock=1 phase=0.97 beat=0 bstr=0.96 | onset=0 bass=0 ostr=0.00 | raw_i16_abs_peak=13 raw_i16_rms=4.7 raw_i16_near_pct=0.000 | k1_loud=1 input_trim=1.000 gdft_trim=0.989 agc_gain=0.378 agc_env=0.0000 clip_pct=0.000 near_pct=0.000 peak_pin=0.027 spec_pin=0.000 spec_sat=0.000 lg_mode=2 lightshow=32
1787167930.073 [AP] SSL=312 DC=-73 max_raw=245 follower=573 peak_scaled=0.150 response_gain=1.000 silent_scale=1.000 silence=0 sil_pk=348 rms_raw=0.0077 pky=1.78 dim=0 cal_source=persisted_profile cal_valid=1 cal_reason=none | bpm=69.0 conf=0.44 lock=0 phase=0.24 beat=0 bstr=0.68 | onset=1 bass=0 ostr=0.00 | raw_i16_abs_peak=9 raw_i16_rms=4.7 raw_i16_near_pct=0.000 | k1_loud=1 input_trim=1.000 gdft_trim=0.801 agc_gain=0.277 agc_env=0.0000 clip_pct=0.000 near_pct=0.000 peak_pin=0.172 spec_pin=0.000 spec_sat=0.000 lg_mode=2 lightshow=32
1787167930.073 [AP] SSL=312 DC=-73 max_raw=188 follower=351 peak_scaled=0.058 response_gain=1.000 silent_scale=1.000 silence=0 sil_pk=269 rms_raw=0.0060 pky=1.49 dim=0 cal_source=persisted_profile cal_valid=1 cal_reason=none | bpm=69.0 conf=0.42 lock=0 phase=0.38 beat=0 bstr=0.58 | onset=0 bass=0 ostr=0.00 | raw_i16_abs_peak=6 raw_i16_rms=2.7 raw_i16_near_pct=0.000 | k1_loud=1 input_trim=1.000 gdft_trim=0.932 agc_gain=0.434 agc_env=0.0000 clip_pct=0.000 near_pct=0.000 peak_pin=0.027 spec_pin=0.000 spec_sat=0.000 lg_mode=2 lightshow=32
1787167930.073  | raw_i16_abs_peak=6 raw_i16_rms=3.2 raw_i16_near_pct=0.000 | k1_loud=1 input_trim=1.000 gdft_trim=0.981 agc_gain=0.840 agc_env=0.0000 clip_pct=0.000 near_pct=0.000 peak_pin=0.004 spec_pin=0.000 spec_sat=0.000 lg_mode=2 lightshow=32
1787167930.073 [AP] SSL=312 DC=-73 max_raw=591 follower=337 peak_scaled=0.836 response_gain=1.000 silent_scale=1.000 silence=0 sil_pk=478 rms_raw=0.0120 pky=4.70 dim=0 cal_source=persisted_profile cal_valid=1 cal_reason=none | bpm=69.0 conf=0.99 lock=1 phase=0.61 beat=0 bstr=0.25 | onset=0 bass=1 ostr=0.13 | raw_i16_abs_peak=27 raw_i16_rms=17.6 raw_i16_near_pct=0.000 | k1_loud=1 input_trim=1.000 gdft_trim=0.995 agc_gain=1.107 agc_env=0.0000 clip_pct=0.000 near_pct=0.000 peak_pin=0.027 spec_pin=0.000 spec_sat=0.000 lg_mode=2 lightshow=32
1787167930.073 [AP] SSL=312 DC=-73 max_raw=195 follower=312 peak_scaled=0.009 response_gain=1.000 silent_scale=1.000 silence=0 sil_pk=200 rms_raw=0.0025 pky=2.07 dim=0 cal_source=persisted_profile cal_valid=1 cal_reason=none | bpm=69.0 conf=0.99 lock=1 phase=0.91 beat=0 bstr=0.14 | onset=0 bass=0 ostr=0.00 | raw_i16_abs_peak=14 raw_i16_rms=11.0 raw_i16_near_pct=0.000 | k1_loud=1 input_trim=1.000 gdft_trim=0.998 agc_gain=1.244 agc_env=0.0000 clip_pct=0.000 near_pct=0.000 peak_pin=0.004 spec_pin=0.000 spec_sat=0.000 lg_mode=2 lightshow=32
1787167930.604 [AP] SSL=312 DC=-73 max_raw=464 follower=312 peak_scaled=0.448 response_gain=1.000 silent_scale=1.000 silence=0 sil_pk=410 rms_raw=0.0052 pky=1.75 dim=0 cal_source=persisted_profile cal_valid=1 cal_reason=none | bpm=69.0 conf=0.99 lock=1 phase=0.14 beat=0 bstr=0.13 | onset=1 bass=0 ostr=0.00 | raw_i16_abs_peak=28 raw_i16_rms=11.8 raw_i16_near_pct=0.000 | k1_loud=1 input_trim=1.000 gdft_trim=1.000 agc_gain=1.578 agc_env=0.0000 clip_pct=0.000 near_pct=0.000 peak_pin=0.066 spec_pin=0.000 spec_sat=0.013 lg_mode=2 lightshow=32
1787167931.621 [AP] SSL=312 DC=-73 max_raw=406 follower=453 peak_scaled=0.241 response_gain=1.000 silent_scale=1.000 silence=0 sil_pk=360 rms_raw=0.0031 pky=1.39 dim=0 cal_source=persisted_profile cal_valid=1 cal_reason=none | bpm=69.0 conf=0.95 lock=1 phase=0.21 beat=0 bstr=0.19 | onset=0 bass=0 ostr=0.00 | raw_i16_abs_peak=25 raw_i16_rms=10.4 raw_i16_near_pct=0.000 | k1_loud=1 input_trim=1.000 gdft_trim=0.773 agc_gain=0.421 agc_env=0.0000 clip_pct=0.000 near_pct=0.000 peak_pin=0.262 spec_pin=0.000 spec_sat=0.000 lg_mode=2 lightshow=32
1787167932.528 > :build
1787167932.528 > :dump
1787167932.583 sbr{{
1787167932.583 BUILD: version=40103 git=69e21140 epoch=1787164605 env=k1_bench_im69d
1787167932.583 }}
1787167932.583 sbr{{
1787167932.583 FIRMWARE_VERSION: 40103
1787167932.583 CHIP ID: B489A500
1787167932.583 noise_button.pressed: 0
1787167932.583 noise_button.last_down: 0
1787167932.583 noise_button.last_up: 0
1787167932.583 noise_button.pin: 255
1787167932.583 mode_button.pressed: 0
1787167932.583 mode_button.last_down: 0
1787167932.583 mode_button.last_up: 0
1787167932.583 mode_button.pin: 255
1787167932.583 CONFIG.PHOTONS: 1.000000
1787167932.583 CONFIG.CHROMA: 0.100000
1787167932.583 CONFIG.MOOD: 0.000000
1787167932.583 CONFIG.LIGHTSHOW_MODE: 32
1787167932.583 CONFIG.MIRROR_ENABLED: 1
1787167932.583 CONFIG.CHROMAGRAM_RANGE: 60
1787167932.583 CONFIG.SAMPLE_RATE: 12800
1787167932.583 CONFIG.NOTE_OFFSET: 12
1787167932.583 CONFIG.SQUARE_ITER: 1.00
1787167932.583 CONFIG.LED_TYPE: 0
1787167932.583 CONFIG.LED_COUNT: 160
1787167932.583 CONFIG.LED_COLOR_ORDER: 66
1787167932.583 CONFIG.SAMPLES_PER_CHUNK: 96
1787167932.583 CONFIG.SENSITIVITY: 2.400000
1787167932.583 AUDIO_RESPONSE_GAIN: 1.000000
1787167932.583 CONFIG.BOOT_ANIMATION: 1
1787167932.583 CONFIG.SWEET_SPOT_MIN_LEVEL: 312
1787167932.583 CONFIG.SWEET_SPOT_MAX_LEVEL: 30000
1787167932.583 CONFIG.DC_OFFSET: -73
1787167932.583 CAL_SOURCE: persisted_profile
1787167932.583 CAL_VALID: 1
1787167932.583 CAL_PROFILE_LOADED: 1
1787167932.583 NOISE_CAL_REASON: none
1787167932.583 NOISE_CAL_DC_SAMPLES: 0
1787167932.583 NOISE_CAL_SSL_P50: 0.0
1787167932.583 NOISE_CAL_SSL_P90: 0.0
1787167932.583 CONFIG.STANDBY_DIMMING: 0
1787167932.583 CONFIG.REVERSE_ORDER: 0
1787167932.583 CONFIG.MAX_CURRENT_MA: 1913
1787167932.583 CONFIG.TEMPORAL_DITHERING: 1
1787167932.583 CONFIG.AUTO_COLOR_SHIFT: 1
1787167932.583 CONFIG.INCANDESCENT_FILTER: 0.50
1787167932.583 CONFIG.INCANDESCENT_MODE: 0
1787167932.583 CONFIG.BULB_OPACITY: 0.00
1787167932.583 CONFIG.SATURATION: 1.00
1787167932.583 CONFIG.PRISM_COUNT: 1.00
1787167932.583 CONFIG.BASE_COAT: 0
1787167932.583 CONFIG.BASE_COAT_INTENSITY: 0.050
1787167932.583 MASTER_BRIGHTNESS: 1.00
1787167932.583 stream_audio: 0
1787167932.583 stream_fps: 0
1787167932.583 stream_max_mags: 0
1787167932.583 stream_max_mags_followers: 0
1787167932.583 stream_magnitudes: 0
1787167932.583 stream_spectrogram: 0
1787167932.583 stream_chromagram: 0
1787167932.583 debug_mode: 0
1787167932.583 noise_complete: 1
1787167932.583 noise_iterations: 0
1787167932.583 next_save_time: 1617292
1787167932.583 settings_updated: 0
1787167932.583 I2S_PORT: 0
1787167932.583 SAMPLE_HISTORY_LENGTH: 4096
1787167932.583 silence: 0
1787167932.583 mode_destination: -1
1787167932.583 SYSTEM_FPS: 137.66
1787167932.583 LED_FPS: 202.58
1787167932.583 }}
1787167932.583 [AP] SSL=312 DC=-73 max_raw=464 follower=320 peak_scaled=0.716 response_gain=1.000 silent_scale=1.000 silence=0 sil_pk=498 rms_raw=0.0078 pky=1.57 dim=0 cal_source=persisted_profile cal_valid=1 cal_reason=none | bpm=69.0 conf=0.96 lock=1 phase=0.35 beat=0 bstr=0.16 | onset=0 bass=1 ostr=0.03 | raw_i16_abs_peak=28 raw_i16_rms=17.3 raw_i16_near_pct=0.000 | k1_loud=1 input_trim=1.000 gdft_trim=0.907 agc_gain=0.765 agc_env=0.0000 clip_pct=0.000 near_pct=0.000 peak_pin=0.041 spec_pin=0.000 spec_sat=0.000 lg_mode=2 lightshow=32
1787167933.593 [AP] SSL=312 DC=-73 max_raw=168 follower=312 peak_scaled=0.282 response_gain=1.000 silent_scale=1.000 silence=0 sil_pk=269 rms_raw=0.0017 pky=1.81 dim=0 cal_source=persisted_profile cal_valid=1 cal_reason=none | bpm=69.0 conf=0.95 lock=1 phase=0.37 beat=0 bstr=0.11 | onset=1 bass=0 ostr=0.00 | raw_i16_abs_peak=6 raw_i16_rms=2.4 raw_i16_near_pct=0.000 | k1_loud=1 input_trim=1.000 gdft_trim=0.965 agc_gain=1.273 agc_env=0.0000 clip_pct=0.000 near_pct=0.000 peak_pin=0.028 spec_pin=0.000 spec_sat=0.000 lg_mode=2 lightshow=32
1787167934.133 > :secondary_status=
1787167934.133 > :edge_status
1787167934.133 > :ap_stream=1
1787167934.133 > :vp_stream=1
1787167934.178 sbr{{
1787167934.178 SECONDARY_ENABLED: true
1787167934.178 SECONDARY_CONTROL: false (encoders control primary channel)
1787167934.178 SECONDARY_MODE: 7 (WAVEFORM-FAST)
1787167934.178 SECONDARY_PHOTONS: 1.000000
1787167934.178 SECONDARY_CHROMA: 0.000000
1787167934.178 SECONDARY_MOOD: 0.100000
1787167934.178 SECONDARY_SATURATION: 1.000000
1787167934.178 SECONDARY_PRISM_COUNT: 1.00
1787167934.178 SECONDARY_MIRROR_ENABLED: true
1787167934.178 SECONDARY_REVERSE_ORDER: false
1787167934.178 SECONDARY_BASE_COAT: false
1787167934.178 SECONDARY_PALETTE_MODE_ENABLED: true
1787167934.178 SECONDARY_PALETTE_INDEX: 40 (K1_Naberius_Gold_gp)
1787167934.178 NOTE: This command is deprecated, please use secondary_status instead
1787167934.178 }}
1787167934.178 sbr{{
1787167934.178 EDGE_ENABLED: on
1787167934.178 EDGE_MODE: split
1787167934.178 EDGE_STRENGTH: 0.450
1787167934.178 EDGE_SPREAD: 38
1787167934.178 EDGE_ROTATION: faithful
1787167934.178 EDGE_SPATIAL: uniform
1787167934.178 EDGE_DUAL: split
1787167934.178 EDGE_EFFECTIVE_SECONDARY: split_palette
1787167934.178 EDGE_EFFECTIVE_PRIMARY: split_palette
1787167934.178 }}
1787167934.178 sbr{{
1787167934.178 AP_STREAM: on
1787167934.178 }}
1787167934.178 sbr{{
1787167934.178 VP_STREAM: on
1787167934.178 }}
1787167934.178 [VP] profile=candidate fix=111011 chroma_seq=516978 chroma_flatness=0.1041 chroma_norm_max=0.5492 chroma_norm_mean=0.4450 chroma_final_max=0.0542 chroma_final_mean=0.0417 agc_gain=1.6914 bloom_alpha=0.9900 bloom_shift=1.0000 wave_idle=0.9850 wave_raw_margin=1.1000 wave_peak_floor=0.0800 wave_vu_floor=0.0200 wave_shift=120.0000 render_us=1822 render_avg=1770 render_max=2860
1787167934.607 [AP] SSL=312 DC=-73 max_raw=418 follower=326 peak_scaled=0.379 response_gain=1.000 silent_scale=1.000 silence=0 sil_pk=406 rms_raw=0.0075 pky=1.40 dim=0 cal_source=persisted_profile cal_valid=1 cal_reason=none | bpm=69.0 conf=0.94 lock=0 phase=0.43 beat=0 bstr=0.22 | onset=0 bass=0 ostr=0.00 | raw_i16_abs_peak=18 raw_i16_rms=11.2 raw_i16_near_pct=0.000 | k1_loud=1 input_trim=1.000 gdft_trim=0.894 agc_gain=1.985 agc_env=0.0000 clip_pct=0.000 near_pct=0.000 peak_pin=0.134 spec_pin=0.000 spec_sat=0.000 lg_mode=2 lightshow=32
1787167934.737 > :fps
1787167934.737 > :led_fps
1787167934.764 sbr{{
1787167934.764 SYSTEM_FPS: 136.89
1787167934.764 }}
1787167934.764 sbr{{
1787167934.764 LED_FPS: 202.30
1787167934.764 }}
1787167935.193 [VP] profile=candidate fix=111011 chroma_seq=517181 chroma_flatness=0.2656 chroma_norm_max=1.0525 chroma_norm_mean=0.7869 chroma_final_max=0.8842 chroma_final_mean=0.6376 agc_gain=1.1679 bloom_alpha=0.9900 bloom_shift=1.0000 wave_idle=0.9850 wave_raw_margin=1.1000 wave_peak_floor=0.0800 wave_vu_floor=0.0200 wave_shift=120.0000 render_us=1717 render_avg=1686 render_max=2860
1787167935.620 [AP] SSL=312 DC=-73 max_raw=322 follower=312 peak_scaled=0.382 response_gain=1.000 silent_scale=1.000 silence=0 sil_pk=388 rms_raw=0.0065 pky=1.68 dim=0 cal_source=persisted_profile cal_valid=1 cal_reason=none | bpm=69.0 conf=0.80 lock=1 phase=0.49 beat=0 bstr=0.30 | onset=0 bass=0 ostr=0.00 | raw_i16_abs_peak=13 raw_i16_rms=8.2 raw_i16_near_pct=0.000 | k1_loud=1 input_trim=1.000 gdft_trim=0.965 agc_gain=0.996 agc_env=0.0000 clip_pct=0.000 near_pct=0.000 peak_pin=0.031 spec_pin=0.000 spec_sat=0.000 lg_mode=2 lightshow=32
1787167936.210 [VP] profile=candidate fix=111011 chroma_seq=517385 chroma_flatness=0.1963 chroma_norm_max=1.0285 chroma_norm_mean=0.8322 chroma_final_max=0.5398 chroma_final_mean=0.4257 agc_gain=1.2057 bloom_alpha=0.9900 bloom_shift=1.0000 wave_idle=0.9850 wave_raw_margin=1.1000 wave_peak_floor=0.0800 wave_vu_floor=0.0200 wave_shift=120.0000 render_us=1821 render_avg=1687 render_max=2860
1787167936.631 [AP] SSL=312 DC=-73 max_raw=495 follower=319 peak_scaled=0.766 response_gain=1.000 silent_scale=1.000 silence=1 sil_pk=492 rms_raw=0.0093 pky=1.57 dim=0 cal_source=persisted_profile cal_valid=1 cal_reason=none | bpm=69.0 conf=0.84 lock=1 phase=0.63 beat=0 bstr=0.34 | onset=0 bass=0 ostr=0.00 | raw_i16_abs_peak=22 raw_i16_rms=10.3 raw_i16_near_pct=0.000 | k1_loud=1 input_trim=1.000 gdft_trim=0.990 agc_gain=0.974 agc_env=0.0000 clip_pct=0.000 near_pct=0.000 peak_pin=0.075 spec_pin=0.000 spec_sat=0.000 lg_mode=2 lightshow=32
1787167936.738 > :fps
1787167936.738 > :led_fps
1787167936.791 sbr{{
1787167936.791 SYSTEM_FPS: 139.17
1787167936.791 }}
1787167936.791 sbr{{
1787167936.791 LED_FPS: 202.52
1787167936.791 }}
1787167937.163 [VP] profile=candidate fix=111011 chroma_seq=517588 chroma_flatness=0.2388 chroma_norm_max=0.8539 chroma_norm_mean=0.6152 chroma_final_max=0.5984 chroma_final_mean=0.4089 agc_gain=1.1942 bloom_alpha=0.9900 bloom_shift=1.0000 wave_idle=0.9850 wave_raw_margin=1.1000 wave_peak_floor=0.0800 wave_vu_floor=0.0200 wave_shift=120.0000 render_us=1670 render_avg=1700 render_max=2860
1787167937.650 [AP] SSL=312 DC=-73 max_raw=406 follower=312 peak_scaled=0.495 response_gain=1.000 silent_scale=1.000 silence=1 sil_pk=387 rms_raw=0.0067 pky=2.16 dim=0 cal_source=persisted_profile cal_valid=1 cal_reason=none | bpm=69.0 conf=0.35 lock=0 phase=0.79 beat=0 bstr=0.37 | onset=0 bass=0 ostr=0.00 | raw_i16_abs_peak=25 raw_i16_rms=12.0 raw_i16_near_pct=0.000 | k1_loud=1 input_trim=1.000 gdft_trim=0.997 agc_gain=1.686 agc_env=0.0000 clip_pct=0.000 near_pct=0.000 peak_pin=0.025 spec_pin=0.000 spec_sat=0.000 lg_mode=2 lightshow=32
1787167938.186 [VP] profile=candidate fix=111011 chroma_seq=517791 chroma_flatness=0.2490 chroma_norm_max=0.8790 chroma_norm_mean=0.6299 chroma_final_max=0.6512 chroma_final_mean=0.4447 agc_gain=0.7831 bloom_alpha=0.9900 bloom_shift=1.0000 wave_idle=0.9850 wave_raw_margin=1.1000 wave_peak_floor=0.0800 wave_vu_floor=0.0200 wave_shift=120.0000 render_us=1639 render_avg=1694 render_max=2860
1787167938.667 [AP] SSL=312 DC=-73 max_raw=380 follower=394 peak_scaled=0.671 response_gain=1.000 silent_scale=1.000 silence=1 sil_pk=515 rms_raw=0.0068 pky=1.60 dim=0 cal_source=persisted_profile cal_valid=1 cal_reason=none | bpm=69.0 conf=0.18 lock=0 phase=0.96 beat=0 bstr=0.39 | onset=0 bass=0 ostr=0.00 | raw_i16_abs_peak=16 raw_i16_rms=8.3 raw_i16_near_pct=0.000 | k1_loud=1 input_trim=1.000 gdft_trim=0.905 agc_gain=0.621 agc_env=0.0000 clip_pct=0.000 near_pct=0.000 peak_pin=0.128 spec_pin=0.000 spec_sat=0.000 lg_mode=2 lightshow=32
1787167938.741 > :fps
1787167938.741 > :led_fps
1787167938.770 sbr{{
1787167938.770 SYSTEM_FPS: 141.45
1787167938.770 }}
1787167938.770 sbr{{
1787167938.770 LED_FPS: 202.54
1787167938.770 }}
1787167939.196 [VP] profile=candidate fix=111011 chroma_seq=517995 chroma_flatness=0.1768 chroma_norm_max=0.8121 chroma_norm_mean=0.6353 chroma_final_max=0.3446 chroma_final_mean=0.2590 agc_gain=0.4709 bloom_alpha=0.9900 bloom_shift=1.0000 wave_idle=0.9850 wave_raw_margin=1.1000 wave_peak_floor=0.0800 wave_vu_floor=0.0200 wave_shift=120.0000 render_us=1631 render_avg=1677 render_max=2860
1787167939.670 [AP] SSL=312 DC=-73 max_raw=552 follower=339 peak_scaled=0.552 response_gain=1.000 silent_scale=1.000 silence=1 sil_pk=414 rms_raw=0.0075 pky=1.96 dim=0 cal_source=persisted_profile cal_valid=1 cal_reason=none | bpm=99.0 conf=0.00 lock=0 phase=0.50 beat=0 bstr=0.53 | onset=0 bass=0 ostr=0.00 | raw_i16_abs_peak=25 raw_i16_rms=10.1 raw_i16_near_pct=0.000 | k1_loud=1 input_trim=1.000 gdft_trim=0.970 agc_gain=0.513 agc_env=0.0000 clip_pct=0.000 near_pct=0.000 peak_pin=0.080 spec_pin=0.000 spec_sat=0.000 lg_mode=2 lightshow=32
1787167940.197 [VP] profile=candidate fix=111011 chroma_seq=518198 chroma_flatness=0.2147 chroma_norm_max=0.8048 chroma_norm_mean=0.5901 chroma_final_max=0.4746 chroma_final_mean=0.3300 agc_gain=0.4234 bloom_alpha=0.9900 bloom_shift=1.0000 wave_idle=0.9850 wave_raw_margin=1.1000 wave_peak_floor=0.0800 wave_vu_floor=0.0200 wave_shift=120.0000 render_us=1548 render_avg=1626 render_max=2860
1787167940.678 [AP] SSL=312 DC=-73 max_raw=533 follower=377 peak_scaled=0.930 response_gain=1.000 silent_scale=1.000 silence=1 sil_pk=567 rms_raw=0.0072 pky=1.47 dim=0 cal_source=persisted_profile cal_valid=1 cal_reason=none | bpm=99.0 conf=0.00 lock=0 phase=0.17 beat=0 bstr=0.66 | onset=0 bass=0 ostr=0.00 | raw_i16_abs_peak=24 raw_i16_rms=8.7 raw_i16_near_pct=0.000 | k1_loud=1 input_trim=1.000 gdft_trim=0.898 agc_gain=0.501 agc_env=0.0000 clip_pct=0.000 near_pct=0.000 peak_pin=0.173 spec_pin=0.000 spec_sat=0.000 lg_mode=2 lightshow=32
1787167940.746 > :fps
1787167940.746 > :led_fps
1787167940.785 sbr{{
1787167940.785 SYSTEM_FPS: 136.90
1787167940.785 }}
1787167940.785 sbr{{
1787167940.785 LED_FPS: 202.36
1787167940.785 }}
1787167941.207 [VP] profile=candidate fix=111011 chroma_seq=518401 chroma_flatness=0.0862 chroma_norm_max=0.5475 chroma_norm_mean=0.4613 chroma_final_max=0.0139 chroma_final_mean=0.0112 agc_gain=0.4315 bloom_alpha=0.9900 bloom_shift=1.0000 wave_idle=0.9850 wave_raw_margin=1.1000 wave_peak_floor=0.0800 wave_vu_floor=0.0200 wave_shift=120.0000 render_us=1584 render_avg=1690 render_max=2860
1787167941.634 [AP] SSL=312 DC=-73 max_raw=783 follower=346 peak_scaled=1.196 response_gain=1.000 silent_scale=1.000 silence=0 sil_pk=585 rms_raw=0.0083 pky=1.88 dim=0 cal_source=persisted_profile cal_valid=1 cal_reason=none | bpm=99.0 conf=0.27 lock=0 phase=0.85 beat=0 bstr=0.74 | onset=1 bass=0 ostr=0.00 | raw_i16_abs_peak=37 raw_i16_rms=15.4 raw_i16_near_pct=0.000 | k1_loud=1 input_trim=1.000 gdft_trim=0.952 agc_gain=0.527 agc_env=0.0000 clip_pct=0.000 near_pct=0.000 peak_pin=0.067 spec_pin=0.000 spec_sat=0.000 lg_mode=2 lightshow=32
1787167942.223 [VP] profile=candidate fix=111011 chroma_seq=518605 chroma_flatness=0.1467 chroma_norm_max=0.8754 chroma_norm_mean=0.7286 chroma_final_max=0.2588 chroma_final_mean=0.2098 agc_gain=0.5476 bloom_alpha=0.9900 bloom_shift=1.0000 wave_idle=0.9850 wave_raw_margin=1.1000 wave_peak_floor=0.0800 wave_vu_floor=0.0200 wave_shift=120.0000 render_us=1722 render_avg=1652 render_max=2860
1787167942.647 [AP] SSL=312 DC=-73 max_raw=303 follower=312 peak_scaled=0.171 response_gain=1.000 silent_scale=1.000 silence=0 sil_pk=324 rms_raw=0.0071 pky=1.86 dim=0 cal_source=persisted_profile cal_valid=1 cal_reason=none | bpm=137.0 conf=0.25 lock=0 phase=0.50 beat=0 bstr=0.17 | onset=0 bass=0 ostr=0.00 | raw_i16_abs_peak=12 raw_i16_rms=6.7 raw_i16_near_pct=0.000 | k1_loud=1 input_trim=1.000 gdft_trim=0.945 agc_gain=0.455 agc_env=0.0000 clip_pct=0.000 near_pct=0.000 peak_pin=0.039 spec_pin=0.000 spec_sat=0.000 lg_mode=2 lightshow=32
1787167942.748 > :fps
1787167942.748 > :led_fps
1787167942.751 sbr{{
1787167942.751 SYSTEM_FPS: 138.72
1787167942.751 }}
1787167942.751 sbr{{
1787167942.751 LED_FPS: 203.01
1787167942.751 }}
1787167943.233 [VP] profile=candidate fix=111011 chroma_seq=518808 chroma_flatness=0.2412 chroma_norm_max=1.1144 chroma_norm_mean=0.8732 chroma_final_max=0.8176 chroma_final_mean=0.6232 agc_gain=0.5029 bloom_alpha=0.9900 bloom_shift=1.0000 wave_idle=0.9850 wave_raw_margin=1.1000 wave_peak_floor=0.0800 wave_vu_floor=0.0200 wave_shift=120.0000 render_us=1682 render_avg=1628 render_max=2860
1787167943.662 [AP] SSL=312 DC=-73 max_raw=495 follower=440 peak_scaled=0.681 response_gain=1.000 silent_scale=1.000 silence=0 sil_pk=565 rms_raw=0.0074 pky=1.61 dim=0 cal_source=persisted_profile cal_valid=1 cal_reason=none | bpm=137.0 conf=0.39 lock=0 phase=0.80 beat=0 bstr=0.45 | onset=1 bass=0 ostr=0.00 | raw_i16_abs_peak=29 raw_i16_rms=12.0 raw_i16_near_pct=0.000 | k1_loud=1 input_trim=1.000 gdft_trim=0.878 agc_gain=0.249 agc_env=0.0000 clip_pct=0.000 near_pct=0.000 peak_pin=0.185 spec_pin=0.000 spec_sat=0.000 lg_mode=2 lightshow=32
1787167944.249 [VP] profile=candidate fix=111011 chroma_seq=519011 chroma_flatness=0.3004 chroma_norm_max=1.0038 chroma_norm_mean=0.7034 chroma_final_max=0.9039 chroma_final_mean=0.6034 agc_gain=0.1710 bloom_alpha=0.9900 bloom_shift=1.0000 wave_idle=0.9850 wave_raw_margin=1.1000 wave_peak_floor=0.0800 wave_vu_floor=0.0200 wave_shift=120.0000 render_us=1474 render_avg=1573 render_max=2860
1787167944.675 [AP] SSL=312 DC=-73 max_raw=886 follower=580 peak_scaled=0.937 response_gain=1.000 silent_scale=1.000 silence=0 sil_pk=706 rms_raw=0.0096 pky=1.55 dim=0 cal_source=persisted_profile cal_valid=1 cal_reason=none | bpm=137.0 conf=0.27 lock=0 phase=0.11 beat=0 bstr=0.32 | onset=1 bass=0 ostr=0.00 | raw_i16_abs_peak=50 raw_i16_rms=22.4 raw_i16_near_pct=0.000 | k1_loud=1 input_trim=1.000 gdft_trim=0.791 agc_gain=0.199 agc_env=0.0000 clip_pct=0.000 near_pct=0.000 peak_pin=0.293 spec_pin=0.000 spec_sat=0.000 lg_mode=2 lightshow=32
1787167944.754 > :fps
1787167944.754 > :led_fps
1787167944.785 sbr{{
1787167944.785 SYSTEM_FPS: 135.47
1787167944.785 }}
1787167944.785 sbr{{
1787167944.785 LED_FPS: 202.08
1787167944.785 }}
1787167945.214 [VP] profile=candidate fix=111011 chroma_seq=519214 chroma_flatness=0.1623 chroma_norm_max=0.9084 chroma_norm_mean=0.7461 chroma_final_max=0.3326 chroma_final_mean=0.2659 agc_gain=0.1773 bloom_alpha=0.9900 bloom_shift=1.0000 wave_idle=0.9850 wave_raw_margin=1.1000 wave_peak_floor=0.0800 wave_vu_floor=0.0200 wave_shift=120.0000 render_us=1550 render_avg=1532 render_max=2860
1787167945.702 [AP] SSL=312 DC=-73 max_raw=725 follower=936 peak_scaled=0.691 response_gain=1.000 silent_scale=1.000 silence=0 sil_pk=810 rms_raw=0.0138 pky=2.24 dim=0 cal_source=persisted_profile cal_valid=1 cal_reason=none | bpm=137.0 conf=0.35 lock=0 phase=0.38 beat=0 bstr=0.28 | onset=0 bass=0 ostr=0.00 | raw_i16_abs_peak=34 raw_i16_rms=24.2 raw_i16_near_pct=0.000 | k1_loud=1 input_trim=1.000 gdft_trim=0.761 agc_gain=0.166 agc_env=0.0000 clip_pct=0.000 near_pct=0.000 peak_pin=0.307 spec_pin=0.000 spec_sat=0.000 lg_mode=2 lightshow=32
1787167946.228 [VP] profile=candidate fix=111011 chroma_seq=519417 chroma_flatness=0.0985 chroma_norm_max=0.8594 chroma_norm_mean=0.7609 chroma_final_max=0.0703 chroma_final_mean=0.0611 agc_gain=0.1592 bloom_alpha=0.9900 bloom_shift=1.0000 wave_idle=0.9850 wave_raw_margin=1.1000 wave_peak_floor=0.0800 wave_vu_floor=0.0200 wave_shift=120.0000 render_us=1593 render_avg=1672 render_max=2860
1787167946.656 [AP] SSL=312 DC=-73 max_raw=648 follower=759 peak_scaled=0.477 response_gain=1.000 silent_scale=1.000 silence=0 sil_pk=549 rms_raw=0.0062 pky=2.13 dim=0 cal_source=persisted_profile cal_valid=1 cal_reason=none | bpm=137.0 conf=0.37 lock=0 phase=0.69 beat=0 bstr=0.30 | onset=1 bass=0 ostr=0.00 | raw_i16_abs_peak=35 raw_i16_rms=18.0 raw_i16_near_pct=0.000 | k1_loud=1 input_trim=1.000 gdft_trim=0.861 agc_gain=0.178 agc_env=0.0000 clip_pct=0.000 near_pct=0.000 peak_pin=0.103 spec_pin=0.000 spec_sat=0.000 lg_mode=2 lightshow=32
1787167946.759 > :fps
1787167946.759 > :led_fps
1787167946.811 sbr{{
1787167946.811 SYSTEM_FPS: 135.12
1787167946.811 }}
1787167946.811 sbr{{
1787167946.811 LED_FPS: 202.57
1787167946.811 }}
1787167947.235 [VP] profile=candidate fix=111011 chroma_seq=519620 chroma_flatness=0.2718 chroma_norm_max=0.9330 chroma_norm_mean=0.6612 chroma_final_max=0.7987 chroma_final_mean=0.5381 agc_gain=0.1796 bloom_alpha=0.9900 bloom_shift=1.0000 wave_idle=0.9850 wave_raw_margin=1.1000 wave_peak_floor=0.0800 wave_vu_floor=0.0200 wave_shift=120.0000 render_us=1660 render_avg=1679 render_max=2860
1787167947.715 [AP] SSL=312 DC=-73 max_raw=810 follower=788 peak_scaled=1.151 response_gain=1.000 silent_scale=1.000 silence=0 sil_pk=962 rms_raw=0.0183 pky=2.22 dim=0 cal_source=persisted_profile cal_valid=1 cal_reason=none | bpm=137.0 conf=0.39 lock=0 phase=1.00 beat=0 bstr=0.39 | onset=0 bass=1 ostr=0.03 | raw_i16_abs_peak=46 raw_i16_rms=30.4 raw_i16_near_pct=0.000 | k1_loud=1 input_trim=1.000 gdft_trim=0.909 agc_gain=0.209 agc_env=0.0000 clip_pct=0.000 near_pct=0.000 peak_pin=0.134 spec_pin=0.000 spec_sat=0.000 lg_mode=2 lightshow=32
1787167948.250 [VP] profile=candidate fix=111011 chroma_seq=519823 chroma_flatness=0.1803 chroma_norm_max=1.0058 chroma_norm_mean=0.8255 chroma_final_max=0.4514 chroma_final_mean=0.3620 agc_gain=0.1677 bloom_alpha=0.9900 bloom_shift=1.0000 wave_idle=0.9850 wave_raw_margin=1.1000 wave_peak_floor=0.0800 wave_vu_floor=0.0200 wave_shift=120.0000 render_us=1605 render_avg=1579 render_max=2860
1787167948.671 [AP] SSL=312 DC=-73 max_raw=380 follower=700 peak_scaled=0.642 response_gain=1.000 silent_scale=1.000 silence=0 sil_pk=599 rms_raw=0.0068 pky=1.80 dim=0 cal_source=persisted_profile cal_valid=1 cal_reason=none | bpm=137.0 conf=0.41 lock=0 phase=0.26 beat=0 bstr=0.57 | onset=0 bass=1 ostr=0.03 | raw_i16_abs_peak=21 raw_i16_rms=9.4 raw_i16_near_pct=0.000 | k1_loud=1 input_trim=1.000 gdft_trim=0.879 agc_gain=0.181 agc_env=0.0000 clip_pct=0.000 near_pct=0.000 peak_pin=0.176 spec_pin=0.000 spec_sat=0.000 lg_mode=2 lightshow=32
1787167948.763 > :fps
1787167948.763 > :led_fps
1787167948.773 sbr{{
1787167948.773 SYSTEM_FPS: 136.11
1787167948.774 }}
1787167948.774 sbr{{
1787167948.774 LED_FPS: 202.66
1787167948.774 }}
1787167949.255 [VP] profile=candidate fix=111011 chroma_seq=520027 chroma_flatness=0.1309 chroma_norm_max=0.8206 chroma_norm_mean=0.6897 chroma_final_max=0.1835 chroma_final_mean=0.1502 agc_gain=0.1951 bloom_alpha=0.9900 bloom_shift=1.0000 wave_idle=0.9850 wave_raw_margin=1.1000 wave_peak_floor=0.0800 wave_vu_floor=0.0200 wave_shift=120.0000 render_us=1669 render_avg=1586 render_max=2860
1787167949.681 [AP] SSL=312 DC=-73 max_raw=572 follower=673 peak_scaled=0.642 response_gain=1.000 silent_scale=1.000 silence=0 sil_pk=597 rms_raw=0.0057 pky=2.05 dim=0 cal_source=persisted_profile cal_valid=1 cal_reason=none | bpm=137.0 conf=0.45 lock=0 phase=0.57 beat=0 bstr=0.53 | onset=1 bass=0 ostr=0.00 | raw_i16_abs_peak=26 raw_i16_rms=11.0 raw_i16_near_pct=0.000 | k1_loud=1 input_trim=1.000 gdft_trim=0.869 agc_gain=0.187 agc_env=0.0000 clip_pct=0.000 near_pct=0.000 peak_pin=0.140 spec_pin=0.000 spec_sat=0.000 lg_mode=2 lightshow=32
1787167950.271 [VP] profile=candidate fix=111011 chroma_seq=520230 chroma_flatness=0.2140 chroma_norm_max=1.0102 chroma_norm_mean=0.7961 chroma_final_max=0.6100 chroma_final_mean=0.4666 agc_gain=0.1972 bloom_alpha=0.9900 bloom_shift=1.0000 wave_idle=0.9850 wave_raw_margin=1.1000 wave_peak_floor=0.0800 wave_vu_floor=0.0200 wave_shift=120.0000 render_us=1694 render_avg=1637 render_max=2860
1787167950.699 [AP] SSL=312 DC=-73 max_raw=322 follower=838 peak_scaled=0.301 response_gain=1.000 silent_scale=1.000 silence=0 sil_pk=442 rms_raw=0.0063 pky=2.02 dim=0 cal_source=persisted_profile cal_valid=1 cal_reason=none | bpm=137.0 conf=0.51 lock=0 phase=0.88 beat=0 bstr=0.61 | onset=0 bass=0 ostr=0.00 | raw_i16_abs_peak=13 raw_i16_rms=4.2 raw_i16_near_pct=0.000 | k1_loud=1 input_trim=1.000 gdft_trim=0.852 agc_gain=0.170 agc_env=0.0000 clip_pct=0.000 near_pct=0.000 peak_pin=0.240 spec_pin=0.000 spec_sat=0.000 lg_mode=2 lightshow=32
1787167950.768 > :fps
1787167950.768 > :led_fps
1787167950.806 sbr{{
1787167950.806 SYSTEM_FPS: 142.40
1787167950.806 }}
1787167950.806 sbr{{
1787167950.806 LED_FPS: 202.49
1787167950.806 }}
1787167951.283 [VP] profile=candidate fix=111011 chroma_seq=520433 chroma_flatness=0.2527 chroma_norm_max=1.0491 chroma_norm_mean=0.7963 chroma_final_max=0.8197 chroma_final_mean=0.6014 agc_gain=0.1894 bloom_alpha=0.9900 bloom_shift=1.0000 wave_idle=0.9850 wave_raw_margin=1.1000 wave_peak_floor=0.0800 wave_vu_floor=0.0200 wave_shift=120.0000 render_us=1523 render_avg=1552 render_max=2860
1787167951.707 [AP] SSL=312 DC=-73 max_raw=694 follower=991 peak_scaled=0.542 response_gain=1.000 silent_scale=1.000 silence=0 sil_pk=757 rms_raw=0.0124 pky=2.16 dim=0 cal_source=persisted_profile cal_valid=1 cal_reason=none | bpm=69.0 conf=0.47 lock=0 phase=0.79 beat=0 bstr=0.06 | onset=0 bass=1 ostr=0.02 | raw_i16_abs_peak=40 raw_i16_rms=17.5 raw_i16_near_pct=0.000 | k1_loud=1 input_trim=1.000 gdft_trim=0.825 agc_gain=0.141 agc_env=0.0000 clip_pct=0.000 near_pct=0.000 peak_pin=0.229 spec_pin=0.000 spec_sat=0.000 lg_mode=2 lightshow=32
1787167952.241 [VP] profile=candidate fix=111011 chroma_seq=520636 chroma_flatness=0.2125 chroma_norm_max=0.9000 chroma_norm_mean=0.6875 chroma_final_max=0.5300 chroma_final_mean=0.3892 agc_gain=0.1651 bloom_alpha=0.9900 bloom_shift=1.0000 wave_idle=0.9850 wave_raw_margin=1.1000 wave_peak_floor=0.0800 wave_vu_floor=0.0200 wave_shift=120.0000 render_us=1562 render_avg=1632 render_max=2860
1787167952.724 [AP] SSL=312 DC=-73 max_raw=303 follower=742 peak_scaled=0.093 response_gain=1.000 silent_scale=1.000 silence=0 sil_pk=307 rms_raw=0.0034 pky=1.89 dim=0 cal_source=persisted_profile cal_valid=1 cal_reason=none | bpm=69.0 conf=0.73 lock=1 phase=0.02 beat=0 bstr=0.06 | onset=0 bass=0 ostr=0.00 | raw_i16_abs_peak=18 raw_i16_rms=7.6 raw_i16_near_pct=0.000 | k1_loud=1 input_trim=1.000 gdft_trim=0.919 agc_gain=0.205 agc_env=0.0000 clip_pct=0.000 near_pct=0.000 peak_pin=0.045 spec_pin=0.000 spec_sat=0.000 lg_mode=2 lightshow=32
1787167952.774 > :fps
1787167952.774 > :led_fps
1787167952.778 sbr{{
1787167952.833 SYSTEM_FPS: 146.39
1787167952.833 }}
1787167952.833 sbr{{
1787167952.833 LED_FPS: 202.77
1787167952.833 }}
1787167953.268 [VP] profile=candidate fix=111011 chroma_seq=520839 chroma_flatness=0.1034 chroma_norm_max=0.9777 chroma_norm_mean=0.8743 chroma_final_max=0.1028 chroma_final_mean=0.0917 agc_gain=0.1998 bloom_alpha=0.9900 bloom_shift=1.0000 wave_idle=0.9850 wave_raw_margin=1.1000 wave_peak_floor=0.0800 wave_vu_floor=0.0200 wave_shift=120.0000 render_us=1684 render_avg=1666 render_max=2860
1787167953.702 [AP] SSL=312 DC=-73 max_raw=368 follower=707 peak_scaled=0.594 response_gain=1.000 silent_scale=1.000 silence=0 sil_pk=619 rms_raw=0.0056 pky=1.86 dim=0 cal_source=persisted_profile cal_valid=1 cal_reason=none | bpm=69.0 conf=0.70 lock=1 phase=0.15 beat=0 bstr=0.05 | onset=0 bass=0 ostr=0.00 | raw_i16_abs_peak=23 raw_i16_rms=14.0 raw_i16_near_pct=0.000 | k1_loud=1 input_trim=1.000 gdft_trim=0.939 agc_gain=0.217 agc_env=0.0000 clip_pct=0.000 near_pct=0.000 peak_pin=0.125 spec_pin=0.000 spec_sat=0.000 lg_mode=2 lightshow=32
1787167954.287 [VP] profile=candidate fix=111011 chroma_seq=521042 chroma_flatness=0.1381 chroma_norm_max=0.9214 chroma_norm_mean=0.7833 chroma_final_max=0.2387 chroma_final_mean=0.1898 agc_gain=0.1928 bloom_alpha=0.9900 bloom_shift=1.0000 wave_idle=0.9850 wave_raw_margin=1.1000 wave_peak_floor=0.0800 wave_vu_floor=0.0200 wave_shift=120.0000 render_us=1738 render_avg=1712 render_max=2860
1787167954.722 [AP] SSL=312 DC=-73 max_raw=637 follower=787 peak_scaled=0.824 response_gain=1.000 silent_scale=1.000 silence=0 sil_pk=812 rms_raw=0.0118 pky=2.20 dim=0 cal_source=persisted_profile cal_valid=1 cal_reason=none | bpm=69.0 conf=0.66 lock=1 phase=0.21 beat=0 bstr=0.04 | onset=0 bass=1 ostr=0.02 | raw_i16_abs_peak=37 raw_i16_rms=23.1 raw_i16_near_pct=0.000 | k1_loud=1 input_trim=1.000 gdft_trim=0.908 agc_gain=0.206 agc_env=0.0000 clip_pct=0.000 near_pct=0.000 peak_pin=0.216 spec_pin=0.000 spec_sat=0.000 lg_mode=2 lightshow=32
1787167954.828 > :palette_index=40
1787167954.828 > :secondary_palette_index=40
1787167954.881 sbr{{
1787167954.881 PALETTE: 40 (K1_Naberius_Gold_gp)
1787167954.881 }}
1787167954.881 sbr{{
1787167954.881 SECONDARY_PALETTE_INDEX: 40 (K1_Naberius_Gold_gp)
1787167954.881 }}
1787167954.911 > :edge_status
1787167954.911 > :fps
1787167954.911 > :led_fps
1787167954.911 > :fps
1787167954.911 > :led_fps
1787167954.931 sbr{{
1787167954.931 EDGE_ENABLED: on
1787167954.931 EDGE_MODE: split
1787167954.931 EDGE_STRENGTH: 0.450
1787167954.931 EDGE_SPREAD: 38
1787167954.931 EDGE_ROTATION: faithful
1787167954.931 EDGE_SPATIAL: uniform
1787167954.931 EDGE_DUAL: split
1787167954.931 EDGE_EFFECTIVE_SECONDARY: split_palette
1787167954.931 EDGE_EFFECTIVE_PRIMARY: split_palette
1787167954.931 }}
1787167954.931 sbr{{
1787167954.931 SYSTEM_FPS: 140.84
1787167954.931 }}
1787167954.931 sbr{{
1787167954.931 LED_FPS: 202.11
1787167954.931 }}
1787167954.931 sbr{{
1787167954.931 SYSTEM_FPS: 140.84
1787167954.931 }}
1787167954.931 sbr{{
1787167954.931 LED_FPS: 202.11
1787167954.931 }}
1787167955.298 [VP] profile=candidate fix=111011 chroma_seq=521245 chroma_flatness=0.2299 chroma_norm_max=0.9243 chroma_norm_mean=0.6943 chroma_final_max=0.6180 chroma_final_mean=0.4428 agc_gain=0.1498 bloom_alpha=0.9900 bloom_shift=1.0000 wave_idle=0.9850 wave_raw_margin=1.1000 wave_peak_floor=0.0800 wave_vu_floor=0.0200 wave_shift=120.0000 render_us=1690 render_avg=1622 render_max=2860
1787167955.726 [AP] SSL=312 DC=-73 max_raw=725 follower=951 peak_scaled=0.513 response_gain=1.000 silent_scale=1.000 silence=0 sil_pk=694 rms_raw=0.0127 pky=2.15 dim=0 cal_source=persisted_profile cal_valid=1 cal_reason=none | bpm=69.0 conf=0.65 lock=1 phase=0.33 beat=0 bstr=0.03 | onset=0 bass=0 ostr=0.00 | raw_i16_abs_peak=34 raw_i16_rms=22.2 raw_i16_near_pct=0.000 | k1_loud=1 input_trim=1.000 gdft_trim=0.850 agc_gain=0.172 agc_env=0.0000 clip_pct=0.000 near_pct=0.000 peak_pin=0.222 spec_pin=0.000 spec_sat=0.000 lg_mode=2 lightshow=32
1787167956.309 [VP] profile=candidate fix=111011 chroma_seq=521449 chroma_flatness=0.1865 chroma_norm_max=0.8327 chroma_norm_mean=0.6463 chroma_final_max=0.3902 chroma_final_mean=0.2909 agc_gain=0.1981 bloom_alpha=0.9900 bloom_shift=1.0000 wave_idle=0.9850 wave_raw_margin=1.1000 wave_peak_floor=0.0800 wave_vu_floor=0.0200 wave_shift=120.0000 render_us=1832 render_avg=1677 render_max=2860
1787167956.734 [AP] SSL=312 DC=-73 max_raw=572 follower=800 peak_scaled=0.652 response_gain=1.000 silent_scale=1.000 silence=0 sil_pk=736 rms_raw=0.0071 pky=1.95 dim=0 cal_source=persisted_profile cal_valid=1 cal_reason=none | bpm=69.0 conf=0.65 lock=1 phase=0.57 beat=0 bstr=0.02 | onset=1 bass=0 ostr=0.00 | raw_i16_abs_peak=26 raw_i16_rms=14.1 raw_i16_near_pct=0.000 | k1_loud=1 input_trim=1.000 gdft_trim=0.890 agc_gain=0.190 agc_env=0.0000 clip_pct=0.000 near_pct=0.000 peak_pin=0.077 spec_pin=0.000 spec_sat=0.000 lg_mode=2 lightshow=32
1787167956.916 > :fps
1787167956.916 > :led_fps
1787167956.945 sbr{{
1787167956.945 SYSTEM_FPS: 144.86
1787167956.945 }}
1787167956.945 sbr{{
1787167956.945 LED_FPS: 202.18
1787167956.945 }}
1787167957.264 [VP] profile=candidate fix=111011 chroma_seq=521652 chroma_flatness=0.2509 chroma_norm_max=0.9797 chroma_norm_mean=0.7288 chroma_final_max=0.7516 chroma_final_mean=0.5372 agc_gain=0.2682 bloom_alpha=0.9900 bloom_shift=1.0000 wave_idle=0.9850 wave_raw_margin=1.1000 wave_peak_floor=0.0800 wave_vu_floor=0.0200 wave_shift=120.0000 render_us=1785 render_avg=1726 render_max=2860
1787167957.749 [AP] SSL=312 DC=-73 max_raw=437 follower=575 peak_scaled=0.305 response_gain=1.000 silent_scale=1.000 silence=0 sil_pk=422 rms_raw=0.0064 pky=1.68 dim=0 cal_source=persisted_profile cal_valid=1 cal_reason=none | bpm=69.0 conf=0.67 lock=1 phase=0.58 beat=0 bstr=0.02 | onset=1 bass=0 ostr=0.00 | raw_i16_abs_peak=23 raw_i16_rms=9.4 raw_i16_near_pct=0.000 | k1_loud=1 input_trim=1.000 gdft_trim=0.969 agc_gain=0.374 agc_env=0.0000 clip_pct=0.000 near_pct=0.000 peak_pin=0.012 spec_pin=0.000 spec_sat=0.000 lg_mode=2 lightshow=32
1787167958.288 [VP] profile=candidate fix=111011 chroma_seq=521855 chroma_flatness=0.1901 chroma_norm_max=0.9968 chroma_norm_mean=0.8067 chroma_final_max=0.4938 chroma_final_mean=0.3891 agc_gain=0.4619 bloom_alpha=0.9900 bloom_shift=1.0000 wave_idle=0.9850 wave_raw_margin=1.1000 wave_peak_floor=0.0800 wave_vu_floor=0.0200 wave_shift=120.0000 render_us=1829 render_avg=1757 render_max=2860
1787167958.720 [AP] SSL=312 DC=-73 max_raw=426 follower=767 peak_scaled=0.469 response_gain=1.000 silent_scale=1.000 silence=0 sil_pk=521 rms_raw=0.0038 pky=2.48 dim=0 cal_source=persisted_profile cal_valid=1 cal_reason=none | bpm=69.0 conf=0.66 lock=0 phase=0.70 beat=0 bstr=0.01 | onset=0 bass=0 ostr=0.00 | raw_i16_abs_peak=26 raw_i16_rms=9.5 raw_i16_near_pct=0.000 | k1_loud=1 input_trim=1.000 gdft_trim=0.948 agc_gain=0.276 agc_env=0.0000 clip_pct=0.000 near_pct=0.000 peak_pin=0.153 spec_pin=0.000 spec_sat=0.000 lg_mode=2 lightshow=32
1787167958.917 > :fps
1787167958.917 > :led_fps
1787167958.931 sbr{{
1787167958.931 SYSTEM_FPS: 142.16
1787167958.931 }}
1787167958.931 sbr{{
1787167958.931 LED_FPS: 203.04
1787167958.931 }}
1787167959.306 [VP] profile=candidate fix=111011 chroma_seq=522058 chroma_flatness=0.0834 chroma_norm_max=0.6069 chroma_norm_mean=0.5236 chroma_final_max=0.0085 chroma_final_mean=0.0071 agc_gain=0.2363 bloom_alpha=0.9900 bloom_shift=1.0000 wave_idle=0.9850 wave_raw_margin=1.1000 wave_peak_floor=0.0800 wave_vu_floor=0.0200 wave_shift=120.0000 render_us=1528 render_avg=1659 render_max=2860
1787167959.736 [AP] SSL=312 DC=-73 max_raw=264 follower=485 peak_scaled=0.237 response_gain=1.000 silent_scale=1.000 silence=0 sil_pk=358 rms_raw=0.0032 pky=1.63 dim=0 cal_source=persisted_profile cal_valid=1 cal_reason=none | bpm=69.0 conf=0.70 lock=0 phase=0.87 beat=0 bstr=0.01 | onset=0 bass=0 ostr=0.00 | raw_i16_abs_peak=11 raw_i16_rms=5.2 raw_i16_near_pct=0.000 | k1_loud=1 input_trim=1.000 gdft_trim=0.971 agc_gain=0.359 agc_env=0.0000 clip_pct=0.000 near_pct=0.000 peak_pin=0.024 spec_pin=0.000 spec_sat=0.000 lg_mode=2 lightshow=32
1787167960.326 [VP] profile=candidate fix=111011 chroma_seq=522258 chroma_flatness=0.2447 chroma_norm_max=1.0110 chroma_norm_mean=0.7663 chroma_final_max=0.7503 chroma_final_mean=0.5488 agc_gain=0.2962 bloom_alpha=0.9900 bloom_shift=1.0000 wave_idle=0.9850 wave_raw_margin=1.1000 wave_peak_floor=0.0800 wave_vu_floor=0.0200 wave_shift=120.0000 render_us=1711 render_avg=1773 render_max=2860
1787167960.743 [AP] SSL=312 DC=-73 max_raw=349 follower=350 peak_scaled=0.591 response_gain=1.000 silent_scale=1.000 silence=0 sil_pk=432 rms_raw=0.0064 pky=2.02 dim=0 cal_source=persisted_profile cal_valid=1 cal_reason=none | bpm=69.0 conf=0.52 lock=0 phase=0.01 beat=0 bstr=0.01 | onset=1 bass=0 ostr=0.00 | raw_i16_abs_peak=22 raw_i16_rms=12.9 raw_i16_near_pct=0.000 | k1_loud=1 input_trim=1.000 gdft_trim=0.992 agc_gain=0.294 agc_env=0.0000 clip_pct=0.000 near_pct=0.000 peak_pin=0.004 spec_pin=0.000 spec_sat=0.000 lg_mode=2 lightshow=32
1787167960.920 > :fps
1787167960.920 > :led_fps
1787167960.953 sbr{{
1787167960.953 SYSTEM_FPS: 136.62
1787167960.953 }}
1787167960.953 sbr{{
1787167960.953 LED_FPS: 202.61
1787167960.953 }}
1787167961.324 [VP] profile=candidate fix=111011 chroma_seq=522461 chroma_flatness=0.2159 chroma_norm_max=0.9246 chroma_norm_mean=0.7087 chroma_final_max=0.5604 chroma_final_mean=0.4107 agc_gain=0.3224 bloom_alpha=0.9900 bloom_shift=1.0000 wave_idle=0.9850 wave_raw_margin=1.1000 wave_peak_floor=0.0800 wave_vu_floor=0.0200 wave_shift=120.0000 render_us=1792 render_avg=1777 render_max=2860
1787167961.756 [AP] SSL=312 DC=-73 max_raw=668 follower=344 peak_scaled=0.934 response_gain=1.000 silent_scale=1.000 silence=0 sil_pk=516 rms_raw=0.0104 pky=1.58 dim=0 cal_source=persisted_profile cal_valid=1 cal_reason=none | bpm=69.0 conf=0.30 lock=0 phase=0.18 beat=0 bstr=0.01 | onset=0 bass=1 ostr=0.02 | raw_i16_abs_peak=31 raw_i16_rms=19.8 raw_i16_near_pct=0.000 | k1_loud=1 input_trim=1.000 gdft_trim=0.950 agc_gain=0.369 agc_env=0.0000 clip_pct=0.000 near_pct=0.000 peak_pin=0.118 spec_pin=0.000 spec_sat=0.000 lg_mode=2 lightshow=32
1787167962.339 [VP] profile=candidate fix=111011 chroma_seq=522665 chroma_flatness=0.1491 chroma_norm_max=0.9047 chroma_norm_mean=0.7556 chroma_final_max=0.2780 chroma_final_mean=0.2265 agc_gain=0.2925 bloom_alpha=0.9900 bloom_shift=1.0000 wave_idle=0.9850 wave_raw_margin=1.1000 wave_peak_floor=0.0800 wave_vu_floor=0.0200 wave_shift=120.0000 render_us=1710 render_avg=1637 render_max=2860
1787167962.768 [AP] SSL=312 DC=-73 max_raw=264 follower=331 peak_scaled=0.084 response_gain=1.000 silent_scale=1.000 silence=0 sil_pk=240 rms_raw=0.0026 pky=1.68 dim=0 cal_source=persisted_profile cal_valid=1 cal_reason=none | bpm=69.0 conf=0.43 lock=0 phase=0.32 beat=0 bstr=0.01 | onset=0 bass=0 ostr=0.00 | raw_i16_abs_peak=11 raw_i16_rms=6.5 raw_i16_near_pct=0.000 | k1_loud=1 input_trim=1.000 gdft_trim=0.915 agc_gain=0.267 agc_env=0.0000 clip_pct=0.000 near_pct=0.000 peak_pin=0.061 spec_pin=0.000 spec_sat=0.000 lg_mode=2 lightshow=32
1787167962.921 > :fps
1787167962.921 > :led_fps
1787167962.979 sbr{{
1787167962.979 SYSTEM_FPS: 134.41
1787167962.979 }}
1787167962.979 sbr{{
1787167962.979 LED_FPS: 202.35
1787167962.979 }}
1787167963.345 [VP] profile=candidate fix=111011 chroma_seq=522868 chroma_flatness=0.1181 chroma_norm_max=0.6964 chroma_norm_mean=0.5783 chroma_final_max=0.1137 chroma_final_mean=0.0912 agc_gain=0.3261 bloom_alpha=0.9900 bloom_shift=1.0000 wave_idle=0.9850 wave_raw_margin=1.1000 wave_peak_floor=0.0800 wave_vu_floor=0.0200 wave_shift=120.0000 render_us=1774 render_avg=1711 render_max=2860
1787167963.775 [AP] SSL=312 DC=-73 max_raw=188 follower=312 peak_scaled=0.000 response_gain=1.000 silent_scale=1.000 silence=0 sil_pk=187 rms_raw=0.0027 pky=2.21 dim=0 cal_source=persisted_profile cal_valid=1 cal_reason=none | bpm=69.0 conf=0.92 lock=1 phase=0.48 beat=0 bstr=0.01 | onset=0 bass=0 ostr=0.00 | raw_i16_abs_peak=6 raw_i16_rms=4.1 raw_i16_near_pct=0.000 | k1_loud=1 input_trim=1.000 gdft_trim=0.975 agc_gain=0.467 agc_env=0.0000 clip_pct=0.000 near_pct=0.000 peak_pin=0.028 spec_pin=0.000 spec_sat=0.000 lg_mode=2 lightshow=32
1787167964.308 [VP] profile=candidate fix=111011 chroma_seq=523071 chroma_flatness=0.1580 chroma_norm_max=0.6568 chroma_norm_mean=0.4988 chroma_final_max=0.2172 chroma_final_mean=0.1555 agc_gain=0.4943 bloom_alpha=0.9900 bloom_shift=1.0000 wave_idle=0.9850 wave_raw_margin=1.1000 wave_peak_floor=0.0800 wave_vu_floor=0.0200 wave_shift=120.0000 render_us=1591 render_avg=1728 render_max=2860
1787167964.786 [AP] SSL=312 DC=-73 max_raw=495 follower=384 peak_scaled=0.709 response_gain=1.000 silent_scale=1.000 silence=0 sil_pk=514 rms_raw=0.0095 pky=1.96 dim=0 cal_source=persisted_profile cal_valid=1 cal_reason=none | bpm=69.0 conf=0.98 lock=1 phase=0.83 beat=0 bstr=0.15 | onset=0 bass=1 ostr=0.15 | raw_i16_abs_peak=22 raw_i16_rms=12.7 raw_i16_near_pct=0.000 | k1_loud=1 input_trim=1.000 gdft_trim=0.972 agc_gain=0.743 agc_env=0.0000 clip_pct=0.000 near_pct=0.000 peak_pin=0.127 spec_pin=0.000 spec_sat=0.000 lg_mode=2 lightshow=32
1787167964.922 > :fps
1787167964.922 > :led_fps
1787167964.942 sbr{{
1787167964.942 SYSTEM_FPS: 136.58
1787167964.942 }}
1787167964.942 sbr{{
1787167964.942 LED_FPS: 202.08
1787167964.942 }}
1787167965.311 [VP] profile=candidate fix=111011 chroma_seq=523274 chroma_flatness=0.1206 chroma_norm_max=0.5868 chroma_norm_mean=0.4662 chroma_final_max=0.0987 chroma_final_mean=0.0730 agc_gain=0.5744 bloom_alpha=0.9900 bloom_shift=1.0000 wave_idle=0.9850 wave_raw_margin=1.1000 wave_peak_floor=0.0800 wave_vu_floor=0.0200 wave_shift=120.0000 render_us=1706 render_avg=1733 render_max=2860
1787167965.792 [AP] SSL=312 DC=-73 max_raw=157 follower=319 peak_scaled=0.057 response_gain=1.000 silent_scale=1.000 silence=0 sil_pk=151 rms_raw=0.0026 pky=2.91 dim=0 cal_source=persisted_profile cal_valid=1 cal_reason=none | bpm=69.0 conf=1.00 lock=1 phase=0.05 beat=0 bstr=0.20 | onset=0 bass=0 ostr=0.00 | raw_i16_abs_peak=12 raw_i16_rms=10.8 raw_i16_near_pct=0.000 | k1_loud=1 input_trim=1.000 gdft_trim=0.989 agc_gain=0.611 agc_env=0.0000 clip_pct=0.000 near_pct=0.000 peak_pin=0.056 spec_pin=0.000 spec_sat=0.000 lg_mode=2 lightshow=32
1787167966.331 [VP] profile=candidate fix=111011 chroma_seq=523478 chroma_flatness=0.1628 chroma_norm_max=0.6743 chroma_norm_mean=0.5114 chroma_final_max=0.2379 chroma_final_mean=0.1704 agc_gain=0.4638 bloom_alpha=0.9900 bloom_shift=1.0000 wave_idle=0.9850 wave_raw_margin=1.1000 wave_peak_floor=0.0800 wave_vu_floor=0.0200 wave_shift=120.0000 render_us=1757 render_avg=1694 render_max=2860
1787167966.814 [AP] SSL=312 DC=-73 max_raw=80 follower=312 peak_scaled=0.003 response_gain=1.000 silent_scale=1.000 silence=0 sil_pk=103 rms_raw=0.0000 pky=3.98 dim=0 cal_source=persisted_profile cal_valid=1 cal_reason=none | bpm=69.0 conf=0.97 lock=1 phase=0.18 beat=0 bstr=0.15 | onset=0 bass=0 ostr=0.00 | raw_i16_abs_peak=8 raw_i16_rms=5.1 raw_i16_near_pct=0.000 | k1_loud=1 input_trim=1.000 gdft_trim=0.997 agc_gain=0.452 agc_env=0.0000 clip_pct=0.000 near_pct=0.000 peak_pin=0.027 spec_pin=0.000 spec_sat=0.000 lg_mode=2 lightshow=32
1787167966.922 > :fps
1787167966.922 > :led_fps
1787167966.977 sbr{{
1787167966.977 SYSTEM_FPS: 141.38
1787167966.977 }}
1787167966.977 sbr{{
1787167966.977 LED_FPS: 202.92
1787167966.977 }}
1787167967.352 [VP] profile=candidate fix=111011 chroma_seq=523682 chroma_flatness=0.2294 chroma_norm_max=1.1363 chroma_norm_mean=0.9069 chroma_final_max=0.7742 chroma_final_mean=0.6028 agc_gain=0.4718 bloom_alpha=0.9900 bloom_shift=1.0000 wave_idle=0.9850 wave_raw_margin=1.1000 wave_peak_floor=0.0800 wave_vu_floor=0.0200 wave_shift=120.0000 render_us=1737 render_avg=1728 render_max=2860
1787167967.775 [AP] SSL=312 DC=-73 max_raw=387 follower=312 peak_scaled=0.238 response_gain=1.000 silent_scale=1.000 silence=0 sil_pk=315 rms_raw=0.0031 pky=2.37 dim=0 cal_source=persisted_profile cal_valid=1 cal_reason=none | bpm=69.0 conf=0.84 lock=1 phase=0.28 beat=0 bstr=0.12 | onset=0 bass=0 ostr=0.00 | raw_i16_abs_peak=24 raw_i16_rms=12.7 raw_i16_near_pct=0.000 | k1_loud=1 input_trim=1.000 gdft_trim=0.999 agc_gain=0.468 agc_env=0.0000 clip_pct=0.000 near_pct=0.000 peak_pin=0.004 spec_pin=0.000 spec_sat=0.000 lg_mode=2 lightshow=32
1787167968.367 [VP] profile=candidate fix=111011 chroma_seq=523885 chroma_flatness=0.1553 chroma_norm_max=0.7904 chroma_norm_mean=0.6351 chroma_final_max=0.2599 chroma_final_mean=0.2015 agc_gain=0.4152 bloom_alpha=0.9900 bloom_shift=1.0000 wave_idle=0.9850 wave_raw_margin=1.1000 wave_peak_floor=0.0800 wave_vu_floor=0.0200 wave_shift=120.0000 render_us=1575 render_avg=1602 render_max=2860
1787167968.795 [AP] SSL=312 DC=-73 max_raw=572 follower=338 peak_scaled=0.734 response_gain=1.000 silent_scale=1.000 silence=0 sil_pk=475 rms_raw=0.0064 pky=2.46 dim=0 cal_source=persisted_profile cal_valid=1 cal_reason=none | bpm=69.0 conf=0.72 lock=1 phase=0.49 beat=0 bstr=0.12 | onset=0 bass=1 ostr=0.06 | raw_i16_abs_peak=26 raw_i16_rms=11.3 raw_i16_near_pct=0.000 | k1_loud=1 input_trim=1.000 gdft_trim=0.968 agc_gain=0.387 agc_env=0.0000 clip_pct=0.000 near_pct=0.000 peak_pin=0.053 spec_pin=0.000 spec_sat=0.000 lg_mode=2 lightshow=32
1787167968.923 > :fps
1787167968.923 > :led_fps
1787167968.958 sbr{{
1787167968.958 SYSTEM_FPS: 137.19
1787167968.958 }}
1787167968.958 sbr{{
1787167968.958 LED_FPS: 202.20
1787167968.958 }}
1787167969.322 [VP] profile=candidate fix=111011 chroma_seq=524088 chroma_flatness=0.1794 chroma_norm_max=0.8671 chroma_norm_mean=0.6877 chroma_final_max=0.3812 chroma_final_mean=0.2921 agc_gain=0.3609 bloom_alpha=0.9900 bloom_shift=1.0000 wave_idle=0.9850 wave_raw_margin=1.1000 wave_peak_floor=0.0800 wave_vu_floor=0.0200 wave_shift=120.0000 render_us=1580 render_avg=1640 render_max=2860
1787167969.812 [AP] SSL=312 DC=-73 max_raw=322 follower=373 peak_scaled=0.528 response_gain=1.000 silent_scale=1.000 silence=0 sil_pk=389 rms_raw=0.0029 pky=1.87 dim=0 cal_source=persisted_profile cal_valid=1 cal_reason=none | bpm=69.0 conf=0.61 lock=1 phase=0.43 beat=0 bstr=0.15 | onset=0 bass=1 ostr=0.05 | raw_i16_abs_peak=13 raw_i16_rms=7.0 raw_i16_near_pct=0.000 | k1_loud=1 input_trim=1.000 gdft_trim=0.936 agc_gain=0.354 agc_env=0.0000 clip_pct=0.000 near_pct=0.000 peak_pin=0.106 spec_pin=0.000 spec_sat=0.000 lg_mode=2 lightshow=32
1787167970.355 [VP] profile=candidate fix=111011 chroma_seq=524291 chroma_flatness=0.1472 chroma_norm_max=1.0633 chroma_norm_mean=0.9161 chroma_final_max=0.3240 chroma_final_mean=0.2743 agc_gain=0.3561 bloom_alpha=0.9900 bloom_shift=1.0000 wave_idle=0.9850 wave_raw_margin=1.1000 wave_peak_floor=0.0800 wave_vu_floor=0.0200 wave_shift=120.0000 render_us=1641 render_avg=1601 render_max=2860
1787167970.827 [AP] SSL=312 DC=-73 max_raw=207 follower=319 peak_scaled=0.461 response_gain=1.000 silent_scale=1.000 silence=0 sil_pk=317 rms_raw=0.0020 pky=2.38 dim=0 cal_source=persisted_profile cal_valid=1 cal_reason=none | bpm=69.0 conf=0.72 lock=1 phase=0.66 beat=0 bstr=0.11 | onset=0 bass=1 ostr=0.04 | raw_i16_abs_peak=12 raw_i16_rms=6.5 raw_i16_near_pct=0.000 | k1_loud=1 input_trim=1.000 gdft_trim=0.982 agc_gain=0.357 agc_env=0.0000 clip_pct=0.000 near_pct=0.000 peak_pin=0.042 spec_pin=0.000 spec_sat=0.000 lg_mode=2 lightshow=32
1787167970.924 > :fps
1787167970.924 > :led_fps
1787167970.933 sbr{{
1787167970.933 SYSTEM_FPS: 136.57
1787167970.933 }}
1787167970.933 sbr{{
1787167970.933 LED_FPS: 202.63
1787167970.933 }}
1787167971.358 [VP] profile=candidate fix=111011 chroma_seq=524495 chroma_flatness=0.1982 chroma_norm_max=0.9443 chroma_norm_mean=0.7461 chroma_final_max=0.4988 chroma_final_mean=0.3817 agc_gain=0.4068 bloom_alpha=0.9900 bloom_shift=1.0000 wave_idle=0.9850 wave_raw_margin=1.1000 wave_peak_floor=0.0800 wave_vu_floor=0.0200 wave_shift=120.0000 render_us=1729 render_avg=1594 render_max=2860
1787167971.836 [AP] SSL=312 DC=-73 max_raw=149 follower=312 peak_scaled=0.244 response_gain=1.000 silent_scale=1.000 silence=0 sil_pk=253 rms_raw=0.0016 pky=2.28 dim=0 cal_source=persisted_profile cal_valid=1 cal_reason=none | bpm=69.0 conf=0.60 lock=1 phase=0.82 beat=0 bstr=0.08 | onset=0 bass=1 ostr=0.03 | raw_i16_abs_peak=10 raw_i16_rms=3.5 raw_i16_near_pct=0.000 | k1_loud=1 input_trim=1.000 gdft_trim=0.995 agc_gain=0.419 agc_env=0.0000 clip_pct=0.000 near_pct=0.000 peak_pin=0.011 spec_pin=0.000 spec_sat=0.000 lg_mode=2 lightshow=32
1787167972.371 [VP] profile=candidate fix=111011 chroma_seq=524698 chroma_flatness=0.0897 chroma_norm_max=0.9020 chroma_norm_mean=0.8123 chroma_final_max=0.0388 chroma_final_mean=0.0344 agc_gain=0.4622 bloom_alpha=0.9900 bloom_shift=1.0000 wave_idle=0.9850 wave_raw_margin=1.1000 wave_peak_floor=0.0800 wave_vu_floor=0.0200 wave_shift=120.0000 render_us=1690 render_avg=1680 render_max=2860
1787167972.795 [AP] SSL=312 DC=-73 max_raw=495 follower=312 peak_scaled=0.695 response_gain=1.000 silent_scale=1.000 silence=0 sil_pk=442 rms_raw=0.0071 pky=1.79 dim=0 cal_source=persisted_profile cal_valid=1 cal_reason=none | bpm=69.0 conf=0.59 lock=1 phase=0.97 beat=0 bstr=0.09 | onset=1 bass=0 ostr=0.00 | raw_i16_abs_peak=22 raw_i16_rms=8.9 raw_i16_near_pct=0.000 | k1_loud=1 input_trim=1.000 gdft_trim=0.999 agc_gain=0.520 agc_env=0.0000 clip_pct=0.000 near_pct=0.000 peak_pin=0.002 spec_pin=0.000 spec_sat=0.000 lg_mode=2 lightshow=32
1787167972.971 > :palette_index=41
1787167972.971 > :secondary_palette_index=41
1787167973.009 sbr{{
1787167973.010 PALETTE: 41 (K1_Vepar_Pink_gp)
1787167973.010 }}
1787167973.010 sbr{{
1787167973.010 SECONDARY_PALETTE_INDEX: 41 (K1_Vepar_Pink_gp)
1787167973.010 }}
1787167973.014 > :edge_status
1787167973.014 > :fps
1787167973.014 > :led_fps
1787167973.014 > :fps
1787167973.014 > :led_fps
1787167973.063 sbr{{
1787167973.063 EDGE_ENABLED: on
1787167973.063 EDGE_MODE: split
1787167973.063 EDGE_STRENGTH: 0.450
1787167973.063 EDGE_SPREAD: 38
1787167973.063 EDGE_ROTATION: faithful
1787167973.063 EDGE_SPATIAL: uniform
1787167973.063 EDGE_DUAL: split
1787167973.063 EDGE_EFFECTIVE_SECONDARY: split_palette
1787167973.063 EDGE_EFFECTIVE_PRIMARY: split_palette
1787167973.063 }}
1787167973.063 sbr{{
1787167973.063 SYSTEM_FPS: 137.65
1787167973.063 }}
1787167973.063 sbr{{
1787167973.063 LED_FPS: 202.22
1787167973.063 }}
1787167973.063 sbr{{
1787167973.063 SYSTEM_FPS: 137.65
1787167973.063 }}
1787167973.063 sbr{{
1787167973.063 LED_FPS: 202.22
1787167973.063 }}
1787167973.387 [VP] profile=candidate fix=111011 chroma_seq=524901 chroma_flatness=0.2073 chroma_norm_max=1.0380 chroma_norm_mean=0.8307 chroma_final_max=0.5969 chroma_final_mean=0.4650 agc_gain=0.5989 bloom_alpha=0.9900 bloom_shift=1.0000 wave_idle=0.9850 wave_raw_margin=1.1000 wave_peak_floor=0.0800 wave_vu_floor=0.0200 wave_shift=120.0000 render_us=1568 render_avg=1645 render_max=2860
1787167973.815 [AP] SSL=312 DC=-73 max_raw=418 follower=391 peak_scaled=0.671 response_gain=1.000 silent_scale=1.000 silence=0 sil_pk=513 rms_raw=0.0061 pky=1.48 dim=0 cal_source=persisted_profile cal_valid=1 cal_reason=none | bpm=69.0 conf=0.54 lock=1 phase=0.22 beat=0 bstr=0.11 | onset=0 bass=1 ostr=0.02 | raw_i16_abs_peak=18 raw_i16_rms=9.2 raw_i16_near_pct=0.000 | k1_loud=1 input_trim=1.000 gdft_trim=0.895 agc_gain=0.603 agc_env=0.0000 clip_pct=0.000 near_pct=0.000 peak_pin=0.229 spec_pin=0.000 spec_sat=0.000 lg_mode=2 lightshow=32
1787167974.349 [VP] profile=candidate fix=111011 chroma_seq=525104 chroma_flatness=0.1606 chroma_norm_max=0.9850 chroma_norm_mean=0.8244 chroma_final_max=0.3568 chroma_final_mean=0.2920 agc_gain=0.5256 bloom_alpha=0.9900 bloom_shift=1.0000 wave_idle=0.9850 wave_raw_margin=1.1000 wave_peak_floor=0.0800 wave_vu_floor=0.0200 wave_shift=120.0000 render_us=1562 render_avg=1667 render_max=2860
1787167974.839 [AP] SSL=312 DC=-73 max_raw=387 follower=312 peak_scaled=0.587 response_gain=1.000 silent_scale=1.000 silence=0 sil_pk=407 rms_raw=0.0036 pky=1.68 dim=0 cal_source=persisted_profile cal_valid=1 cal_reason=none | bpm=69.0 conf=0.53 lock=1 phase=0.34 beat=0 bstr=0.09 | onset=1 bass=0 ostr=0.00 | raw_i16_abs_peak=24 raw_i16_rms=8.1 raw_i16_near_pct=0.000 | k1_loud=1 input_trim=1.000 gdft_trim=0.940 agc_gain=0.595 agc_env=0.0000 clip_pct=0.000 near_pct=0.000 peak_pin=0.036 spec_pin=0.000 spec_sat=0.000 lg_mode=2 lightshow=32
1787167975.018 > :fps
1787167975.018 > :led_fps
1787167975.051 sbr{{
1787167975.051 SYSTEM_FPS: 136.50
1787167975.051 }}
1787167975.051 sbr{{
1787167975.051 LED_FPS: 202.73
1787167975.051 }}
1787167975.372 [VP] profile=candidate fix=111011 chroma_seq=525306 chroma_flatness=0.2029 chroma_norm_max=1.0572 chroma_norm_mean=0.8544 chroma_final_max=0.5880 chroma_final_mean=0.4634 agc_gain=0.7264 bloom_alpha=0.9900 bloom_shift=1.0000 wave_idle=0.9850 wave_raw_margin=1.1000 wave_peak_floor=0.0800 wave_vu_floor=0.0200 wave_shift=120.0000 render_us=1579 render_avg=1537 render_max=2860
1787167975.851 [AP] SSL=312 DC=-73 max_raw=541 follower=522 peak_scaled=0.606 response_gain=1.000 silent_scale=1.000 silence=0 sil_pk=535 rms_raw=0.0083 pky=1.85 dim=0 cal_source=persisted_profile cal_valid=1 cal_reason=none | bpm=70.0 conf=0.21 lock=0 phase=0.48 beat=0 bstr=0.05 | onset=0 bass=0 ostr=0.00 | raw_i16_abs_peak=32 raw_i16_rms=19.7 raw_i16_near_pct=0.000 | k1_loud=1 input_trim=1.000 gdft_trim=0.772 agc_gain=0.714 agc_env=0.0000 clip_pct=0.000 near_pct=0.000 peak_pin=0.257 spec_pin=0.000 spec_sat=0.000 lg_mode=2 lightshow=32
1787167976.381 [VP] profile=candidate fix=111011 chroma_seq=525509 chroma_flatness=0.1165 chroma_norm_max=0.9074 chroma_norm_mean=0.7909 chroma_final_max=0.1473 chroma_final_mean=0.1260 agc_gain=0.9039 bloom_alpha=0.9900 bloom_shift=1.0000 wave_idle=0.9850 wave_raw_margin=1.1000 wave_peak_floor=0.0800 wave_vu_floor=0.0200 wave_shift=120.0000 render_us=1794 render_avg=1771 render_max=2860
1787167976.855 [AP] SSL=312 DC=-73 max_raw=591 follower=380 peak_scaled=0.653 response_gain=1.000 silent_scale=1.000 silence=0 sil_pk=481 rms_raw=0.0039 pky=1.46 dim=0 cal_source=persisted_profile cal_valid=1 cal_reason=none | bpm=139.0 conf=0.14 lock=0 phase=0.32 beat=0 bstr=0.80 | onset=1 bass=0 ostr=0.00 | raw_i16_abs_peak=27 raw_i16_rms=7.4 raw_i16_near_pct=0.000 | k1_loud=1 input_trim=1.000 gdft_trim=0.907 agc_gain=1.203 agc_env=0.0000 clip_pct=0.000 near_pct=0.000 peak_pin=0.041 spec_pin=0.000 spec_sat=0.000 lg_mode=2 lightshow=32
1787167977.022 > :fps
1787167977.022 > :led_fps
1787167977.070 sbr{{
1787167977.070 SYSTEM_FPS: 137.19
1787167977.070 }}
1787167977.070 sbr{{
1787167977.070 LED_FPS: 202.86
1787167977.070 }}
1787167977.390 [VP] profile=candidate fix=111011 chroma_seq=525712 chroma_flatness=0.1978 chroma_norm_max=1.0216 chroma_norm_mean=0.8239 chroma_final_max=0.5426 chroma_final_mean=0.4262 agc_gain=1.6968 bloom_alpha=0.9900 bloom_shift=1.0000 wave_idle=0.9850 wave_raw_margin=1.1000 wave_peak_floor=0.0800 wave_vu_floor=0.0200 wave_shift=120.0000 render_us=1879 render_avg=1834 render_max=2860
1787167977.865 [AP] SSL=312 DC=-73 max_raw=572 follower=420 peak_scaled=0.829 response_gain=1.000 silent_scale=1.000 silence=1 sil_pk=625 rms_raw=0.0108 pky=1.37 dim=0 cal_source=persisted_profile cal_valid=1 cal_reason=none | bpm=139.0 conf=0.72 lock=1 phase=0.66 beat=0 bstr=0.61 | onset=0 bass=0 ostr=0.00 | raw_i16_abs_peak=26 raw_i16_rms=15.1 raw_i16_near_pct=0.000 | k1_loud=1 input_trim=1.000 gdft_trim=0.878 agc_gain=1.741 agc_env=0.0000 clip_pct=0.000 near_pct=0.000 peak_pin=0.195 spec_pin=0.000 spec_sat=0.000 lg_mode=2 lightshow=32
1787167978.399 [VP] profile=candidate fix=111011 chroma_seq=525910 chroma_flatness=0.2659 chroma_norm_max=1.0435 chroma_norm_mean=0.7776 chroma_final_max=0.8855 chroma_final_mean=0.6346 agc_gain=1.7997 bloom_alpha=0.9900 bloom_shift=1.0000 wave_idle=0.9850 wave_raw_margin=1.1000 wave_peak_floor=0.0800 wave_vu_floor=0.0200 wave_shift=120.0000 render_us=1593 render_avg=1550 render_max=2860
1787167978.821 [AP] SSL=312 DC=-73 max_raw=514 follower=382 peak_scaled=0.843 response_gain=1.000 silent_scale=1.000 silence=1 sil_pk=581 rms_raw=0.0080 pky=1.36 dim=0 cal_source=persisted_profile cal_valid=1 cal_reason=none | bpm=155.0 conf=0.78 lock=1 phase=0.09 beat=0 bstr=0.53 | onset=0 bass=0 ostr=0.00 | raw_i16_abs_peak=23 raw_i16_rms=10.0 raw_i16_near_pct=0.000 | k1_loud=1 input_trim=1.000 gdft_trim=0.835 agc_gain=1.979 agc_env=0.0000 clip_pct=0.000 near_pct=0.000 peak_pin=0.131 spec_pin=0.000 spec_sat=0.000 lg_mode=2 lightshow=32
1787167979.026 > :fps
1787167979.026 > :led_fps
1787167979.082 sbr{{
1787167979.082 SYSTEM_FPS: 137.59
1787167979.082 }}
1787167979.082 sbr{{
1787167979.082 LED_FPS: 202.56
1787167979.082 }}
1787167979.400 [VP] profile=candidate fix=111011 chroma_seq=526114 chroma_flatness=0.1339 chroma_norm_max=0.9302 chroma_norm_mean=0.7963 chroma_final_max=0.2238 chroma_final_mean=0.1877 agc_gain=1.7206 bloom_alpha=0.9900 bloom_shift=1.0000 wave_idle=0.9850 wave_raw_margin=1.1000 wave_peak_floor=0.0800 wave_vu_floor=0.0200 wave_shift=120.0000 render_us=1636 render_avg=1621 render_max=2860
1787167979.828 [AP] SSL=312 DC=-73 max_raw=380 follower=331 peak_scaled=0.701 response_gain=1.000 silent_scale=1.000 silence=1 sil_pk=463 rms_raw=0.0050 pky=1.59 dim=0 cal_source=persisted_profile cal_valid=1 cal_reason=none | bpm=90.0 conf=0.34 lock=0 phase=0.97 beat=0 bstr=0.03 | onset=0 bass=0 ostr=0.00 | raw_i16_abs_peak=16 raw_i16_rms=6.5 raw_i16_near_pct=0.000 | k1_loud=1 input_trim=1.000 gdft_trim=0.909 agc_gain=1.496 agc_env=0.0000 clip_pct=0.000 near_pct=0.000 peak_pin=0.065 spec_pin=0.000 spec_sat=0.000 lg_mode=2 lightshow=32
1787167980.408 [VP] profile=candidate fix=111011 chroma_seq=526317 chroma_flatness=0.2592 chroma_norm_max=1.0158 chroma_norm_mean=0.7566 chroma_final_max=0.8206 chroma_final_mean=0.5883 agc_gain=1.0005 bloom_alpha=0.9900 bloom_shift=1.0000 wave_idle=0.9850 wave_raw_margin=1.1000 wave_peak_floor=0.0800 wave_vu_floor=0.0200 wave_shift=120.0000 render_us=1495 render_avg=1500 render_max=2860
1787167980.878 [AP] SSL=312 DC=-73 max_raw=725 follower=350 peak_scaled=1.104 response_gain=1.000 silent_scale=1.000 silence=1 sil_pk=571 rms_raw=0.0080 pky=1.52 dim=0 cal_source=persisted_profile cal_valid=1 cal_reason=none | bpm=90.0 conf=0.00 lock=0 phase=0.46 beat=0 bstr=0.04 | onset=0 bass=0 ostr=0.00 | raw_i16_abs_peak=34 raw_i16_rms=11.9 raw_i16_near_pct=0.000 | k1_loud=1 input_trim=1.000 gdft_trim=0.883 agc_gain=0.689 agc_env=0.0000 clip_pct=0.000 near_pct=0.000 peak_pin=0.105 spec_pin=0.000 spec_sat=0.000 lg_mode=2 lightshow=32
1787167981.031 > :fps
1787167981.031 > :led_fps
1787167981.035 sbr{{
1787167981.089 SYSTEM_FPS: 138.17
1787167981.089 }}
1787167981.089 sbr{{
1787167981.089 LED_FPS: 202.13
1787167981.089 }}
1787167981.415 [VP] profile=candidate fix=111011 chroma_seq=526520 chroma_flatness=0.1679 chroma_norm_max=0.8726 chroma_norm_mean=0.7047 chroma_final_max=0.3395 chroma_final_mean=0.2657 agc_gain=0.3593 bloom_alpha=0.9900 bloom_shift=1.0000 wave_idle=0.9850 wave_raw_margin=1.1000 wave_peak_floor=0.0800 wave_vu_floor=0.0200 wave_shift=120.0000 render_us=1549 render_avg=1558 render_max=2860
1787167981.836 [AP] SSL=312 DC=-73 max_raw=322 follower=390 peak_scaled=0.044 response_gain=1.000 silent_scale=1.000 silence=1 sil_pk=285 rms_raw=0.0018 pky=1.83 dim=0 cal_source=persisted_profile cal_valid=1 cal_reason=none | bpm=90.0 conf=0.00 lock=0 phase=0.98 beat=0 bstr=0.40 | onset=0 bass=0 ostr=0.00 | raw_i16_abs_peak=18 raw_i16_rms=8.4 raw_i16_near_pct=0.000 | k1_loud=1 input_trim=1.000 gdft_trim=0.786 agc_gain=0.200 agc_env=0.0000 clip_pct=0.000 near_pct=0.000 peak_pin=0.136 spec_pin=0.000 spec_sat=0.000 lg_mode=2 lightshow=32
1787167982.415 [VP] profile=candidate fix=111011 chroma_seq=526724 chroma_flatness=0.2931 chroma_norm_max=1.0186 chroma_norm_mean=0.7255 chroma_final_max=0.9186 chroma_final_mean=0.6255 agc_gain=0.2572 bloom_alpha=0.9900 bloom_shift=1.0000 wave_idle=0.9850 wave_raw_margin=1.1000 wave_peak_floor=0.0800 wave_vu_floor=0.0200 wave_shift=120.0000 render_us=1682 render_avg=1698 render_max=2860
1787167982.889 [AP] SSL=312 DC=-73 max_raw=303 follower=312 peak_scaled=0.033 response_gain=1.000 silent_scale=1.000 silence=1 sil_pk=236 rms_raw=0.0015 pky=1.60 dim=0 cal_source=persisted_profile cal_valid=1 cal_reason=none | bpm=90.0 conf=0.00 lock=0 phase=0.50 beat=0 bstr=0.70 | onset=0 bass=0 ostr=0.00 | raw_i16_abs_peak=12 raw_i16_rms=6.8 raw_i16_near_pct=0.000 | k1_loud=1 input_trim=1.000 gdft_trim=0.936 agc_gain=0.357 agc_env=0.0000 clip_pct=0.000 near_pct=0.000 peak_pin=0.022 spec_pin=0.000 spec_sat=0.000 lg_mode=2 lightshow=32
1787167983.036 > :fps
1787167983.036 > :led_fps
1787167983.050 sbr{{
1787167983.050 SYSTEM_FPS: 139.06
1787167983.050 }}
1787167983.050 sbr{{
1787167983.050 LED_FPS: 203.10
1787167983.050 }}
1787167983.426 [VP] profile=candidate fix=111011 chroma_seq=526928 chroma_flatness=0.1143 chroma_norm_max=1.0370 chroma_norm_mean=0.9226 chroma_final_max=0.1610 chroma_final_mean=0.1413 agc_gain=0.4850 bloom_alpha=0.9900 bloom_shift=1.0000 wave_idle=0.9850 wave_raw_margin=1.1000 wave_peak_floor=0.0800 wave_vu_floor=0.0200 wave_shift=120.0000 render_us=1247 render_avg=1447 render_max=2860
1787167983.857 [AP] SSL=312 DC=-73 max_raw=188 follower=312 peak_scaled=0.059 response_gain=1.000 silent_scale=1.000 silence=1 sil_pk=282 rms_raw=0.0045 pky=1.78 dim=0 cal_source=persisted_profile cal_valid=1 cal_reason=none | bpm=90.0 conf=0.00 lock=0 phase=0.98 beat=0 bstr=0.55 | onset=0 bass=0 ostr=0.00 | raw_i16_abs_peak=6 raw_i16_rms=2.7 raw_i16_near_pct=0.000 | k1_loud=1 input_trim=1.000 gdft_trim=0.982 agc_gain=0.496 agc_env=0.0000 clip_pct=0.000 near_pct=0.000 peak_pin=0.003 spec_pin=0.000 spec_sat=0.000 lg_mode=2 lightshow=32
1787167984.430 [VP] profile=candidate fix=111011 chroma_seq=527131 chroma_flatness=0.2283 chroma_norm_max=1.0082 chroma_norm_mean=0.7799 chroma_final_max=0.6734 chroma_final_mean=0.5041 agc_gain=0.4767 bloom_alpha=0.9900 bloom_shift=1.0000 wave_idle=0.9850 wave_raw_margin=1.1000 wave_peak_floor=0.0800 wave_vu_floor=0.0200 wave_shift=120.0000 render_us=1655 render_avg=1705 render_max=2860
1787167984.863 [AP] SSL=312 DC=-73 max_raw=687 follower=416 peak_scaled=1.089 response_gain=1.000 silent_scale=1.000 silence=0 sil_pk=690 rms_raw=0.0146 pky=1.91 dim=0 cal_source=persisted_profile cal_valid=1 cal_reason=none | bpm=90.0 conf=0.20 lock=0 phase=0.50 beat=0 bstr=0.37 | onset=1 bass=0 ostr=0.00 | raw_i16_abs_peak=32 raw_i16_rms=22.2 raw_i16_near_pct=0.000 | k1_loud=1 input_trim=1.000 gdft_trim=0.974 agc_gain=0.468 agc_env=0.0000 clip_pct=0.000 near_pct=0.000 peak_pin=0.180 spec_pin=0.000 spec_sat=0.000 lg_mode=2 lightshow=32
1787167985.041 > :fps
1787167985.041 > :led_fps
1787167985.077 sbr{{
1787167985.078 SYSTEM_FPS: 136.21
1787167985.078 }}
1787167985.078 sbr{{
1787167985.078 LED_FPS: 202.26
1787167985.078 }}
1787167985.399 [VP] profile=candidate fix=111011 chroma_seq=527335 chroma_flatness=0.1880 chroma_norm_max=0.8493 chroma_norm_mean=0.6613 chroma_final_max=0.4048 chroma_final_mean=0.3032 agc_gain=0.3321 bloom_alpha=0.9900 bloom_shift=1.0000 wave_idle=0.9850 wave_raw_margin=1.1000 wave_peak_floor=0.0800 wave_vu_floor=0.0200 wave_shift=120.0000 render_us=1559 render_avg=1735 render_max=2860
1787167985.880 [AP] SSL=312 DC=-73 max_raw=399 follower=312 peak_scaled=0.266 response_gain=1.000 silent_scale=1.000 silence=0 sil_pk=361 rms_raw=0.0097 pky=2.11 dim=0 cal_source=persisted_profile cal_valid=1 cal_reason=none | bpm=90.0 conf=0.17 lock=0 phase=0.02 beat=0 bstr=0.45 | onset=1 bass=0 ostr=0.00 | raw_i16_abs_peak=17 raw_i16_rms=13.0 raw_i16_near_pct=0.000 | k1_loud=1 input_trim=1.000 gdft_trim=0.887 agc_gain=0.397 agc_env=0.0000 clip_pct=0.000 near_pct=0.000 peak_pin=0.095 spec_pin=0.000 spec_sat=0.000 lg_mode=2 lightshow=32
1787167986.405 [VP] profile=candidate fix=111011 chroma_seq=527539 chroma_flatness=0.1502 chroma_norm_max=1.1149 chroma_norm_mean=0.9647 chroma_final_max=0.3563 chroma_final_mean=0.3036 agc_gain=0.6791 bloom_alpha=0.9900 bloom_shift=1.0000 wave_idle=0.9850 wave_raw_margin=1.1000 wave_peak_floor=0.0800 wave_vu_floor=0.0200 wave_shift=120.0000 render_us=1779 render_avg=1729 render_max=2860
1787167986.889 [AP] SSL=312 DC=-73 max_raw=330 follower=524 peak_scaled=0.465 response_gain=1.000 silent_scale=1.000 silence=0 sil_pk=467 rms_raw=0.0082 pky=1.91 dim=0 cal_source=persisted_profile cal_valid=1 cal_reason=none | bpm=120.0 conf=0.27 lock=0 phase=0.80 beat=0 bstr=0.11 | onset=1 bass=0 ostr=0.00 | raw_i16_abs_peak=21 raw_i16_rms=7.2 raw_i16_near_pct=0.000 | k1_loud=1 input_trim=1.000 gdft_trim=0.847 agc_gain=0.258 agc_env=0.0000 clip_pct=0.000 near_pct=0.000 peak_pin=0.225 spec_pin=0.000 spec_sat=0.000 lg_mode=2 lightshow=32
1787167987.046 > :fps
1787167987.046 > :led_fps
1787167987.100 sbr{{
1787167987.100 SYSTEM_FPS: 136.69
1787167987.100 }}
1787167987.100 sbr{{
1787167987.100 LED_FPS: 202.80
1787167987.100 }}
1787167987.418 [VP] profile=candidate fix=111011 chroma_seq=527742 chroma_flatness=0.2025 chroma_norm_max=0.7596 chroma_norm_mean=0.5571 chroma_final_max=0.4040 chroma_final_mean=0.2800 agc_gain=0.1882 bloom_alpha=0.9900 bloom_shift=1.0000 wave_idle=0.9850 wave_raw_margin=1.1000 wave_peak_floor=0.0800 wave_vu_floor=0.0200 wave_shift=120.0000 render_us=1556 render_avg=1691 render_max=2860
1787167987.896 [AP] SSL=312 DC=-73 max_raw=456 follower=611 peak_scaled=0.442 response_gain=1.000 silent_scale=1.000 silence=0 sil_pk=500 rms_raw=0.0063 pky=1.97 dim=0 cal_source=persisted_profile cal_valid=1 cal_reason=none | bpm=120.0 conf=0.29 lock=0 phase=0.81 beat=0 bstr=0.10 | onset=0 bass=0 ostr=0.00 | raw_i16_abs_peak=27 raw_i16_rms=8.0 raw_i16_near_pct=0.000 | k1_loud=1 input_trim=1.000 gdft_trim=0.862 agc_gain=0.146 agc_env=0.0000 clip_pct=0.000 near_pct=0.000 peak_pin=0.188 spec_pin=0.000 spec_sat=0.000 lg_mode=2 lightshow=32
1787167988.416 [VP] profile=candidate fix=111011 chroma_seq=527945 chroma_flatness=0.2336 chroma_norm_max=0.9042 chroma_norm_mean=0.6706 chroma_final_max=0.6178 chroma_final_mean=0.4383 agc_gain=0.1047 bloom_alpha=0.9900 bloom_shift=1.0000 wave_idle=0.9850 wave_raw_margin=1.1000 wave_peak_floor=0.0800 wave_vu_floor=0.0200 wave_shift=120.0000 render_us=1510 render_avg=1519 render_max=2860
1787167988.894 [AP] SSL=312 DC=-73 max_raw=1167 follower=1184 peak_scaled=0.865 response_gain=1.000 silent_scale=1.000 silence=0 sil_pk=1082 rms_raw=0.0047 pky=1.52 dim=0 cal_source=persisted_profile cal_valid=1 cal_reason=none | bpm=120.0 conf=0.29 lock=0 phase=0.84 beat=0 bstr=0.08 | onset=1 bass=0 ostr=0.00 | raw_i16_abs_peak=57 raw_i16_rms=32.3 raw_i16_near_pct=0.000 | k1_loud=1 input_trim=1.000 gdft_trim=0.718 agc_gain=0.072 agc_env=0.0000 clip_pct=0.000 near_pct=0.000 peak_pin=0.323 spec_pin=0.000 spec_sat=0.000 lg_mode=2 lightshow=32
1787167989.047 > :fps
1787167989.047 > :led_fps
1787167989.051 sbr{{
1787167989.051 SYSTEM_FPS: 135.70
1787167989.051 }}
1787167989.105 sbr{{
1787167989.105 LED_FPS: 201.85
1787167989.105 }}
1787167989.428 [VP] profile=candidate fix=111011 chroma_seq=528148 chroma_flatness=0.3475 chroma_norm_max=1.0457 chroma_norm_mean=0.6982 chroma_final_max=0.9457 chroma_final_mean=0.5982 agc_gain=0.0718 bloom_alpha=0.9900 bloom_shift=1.0000 wave_idle=0.9850 wave_raw_margin=1.1000 wave_peak_floor=0.0800 wave_vu_floor=0.0200 wave_shift=120.0000 render_us=1673 render_avg=1643 render_max=2860
1787167989.913 [AP] SSL=312 DC=-73 max_raw=1328 follower=1068 peak_scaled=0.872 response_gain=1.000 silent_scale=1.000 silence=0 sil_pk=1050 rms_raw=0.0220 pky=1.51 dim=0 cal_source=persisted_profile cal_valid=1 cal_reason=none | bpm=120.0 conf=0.27 lock=0 phase=0.82 beat=0 bstr=0.05 | onset=1 bass=0 ostr=0.00 | raw_i16_abs_peak=73 raw_i16_rms=47.3 raw_i16_near_pct=0.000 | k1_loud=1 input_trim=1.000 gdft_trim=0.846 agc_gain=0.078 agc_env=0.0000 clip_pct=0.000 near_pct=0.000 peak_pin=0.113 spec_pin=0.000 spec_sat=0.000 lg_mode=2 lightshow=32
1787167990.440 [VP] profile=candidate fix=111011 chroma_seq=528351 chroma_flatness=0.2779 chroma_norm_max=0.9882 chroma_norm_mean=0.7103 chroma_final_max=0.8789 chroma_final_mean=0.6039 agc_gain=0.0839 bloom_alpha=0.9900 bloom_shift=1.0000 wave_idle=0.9850 wave_raw_margin=1.1000 wave_peak_floor=0.0800 wave_vu_floor=0.0200 wave_shift=120.0000 render_us=1622 render_avg=1528 render_max=2860
1787167990.918 [AP] SSL=312 DC=-73 max_raw=860 follower=1070 peak_scaled=0.562 response_gain=1.000 silent_scale=1.000 silence=0 sil_pk=804 rms_raw=0.0052 pky=1.59 dim=0 cal_source=persisted_profile cal_valid=1 cal_reason=none | bpm=120.0 conf=0.27 lock=0 phase=0.84 beat=0 bstr=0.10 | onset=0 bass=0 ostr=0.00 | raw_i16_abs_peak=41 raw_i16_rms=25.9 raw_i16_near_pct=0.000 | k1_loud=1 input_trim=1.000 gdft_trim=0.876 agc_gain=0.084 agc_env=0.0000 clip_pct=0.000 near_pct=0.000 peak_pin=0.095 spec_pin=0.000 spec_sat=0.000 lg_mode=2 lightshow=32
1787167991.093 > :palette_index=34
1787167991.093 > :secondary_palette_index=34
1787167991.134 sbr{{
1787167991.134 PALETTE: 34 (K1_Tropical_Ultraviolet_gp)
1787167991.134 }}
1787167991.134 sbr{{
1787167991.134 SECONDARY_PALETTE_INDEX: 34 (K1_Tropical_Ultraviolet_gp)
1787167991.134 }}
1787167991.177 > :edge_status
1787167991.177 > :fps
1787167991.177 > :led_fps
1787167991.178 > :fps
1787167991.178 > :led_fps
1787167991.184 sbr{{
1787167991.184 EDGE_ENABLED: on
1787167991.184 EDGE_MODE: split
1787167991.184 EDGE_STRENGTH: 0.450
1787167991.184 EDGE_SPREAD: 38
1787167991.184 EDGE_ROTATION: faithful
1787167991.184 EDGE_SPATIAL: uniform
1787167991.184 EDGE_DUAL: split
1787167991.184 EDGE_EFFECTIVE_SECONDARY: split_palette
1787167991.184 EDGE_EFFECTIVE_PRIMARY: split_palette
1787167991.184 }}
1787167991.184 sbr{{
1787167991.184 SYSTEM_FPS: 138.24
1787167991.184 }}
1787167991.184 sbr{{
1787167991.184 LED_FPS: 202.37
1787167991.184 }}
1787167991.184 sbr{{
1787167991.184 SYSTEM_FPS: 138.24
1787167991.184 }}
1787167991.184 sbr{{
1787167991.184 LED_FPS: 202.37
1787167991.184 }}
1787167991.449 [VP] profile=candidate fix=111011 chroma_seq=528554 chroma_flatness=0.1764 chroma_norm_max=0.7245 chroma_norm_mean=0.5482 chroma_final_max=0.3009 chroma_final_mean=0.2159 agc_gain=0.0890 bloom_alpha=0.9900 bloom_shift=1.0000 wave_idle=0.9850 wave_raw_margin=1.1000 wave_peak_floor=0.0800 wave_vu_floor=0.0200 wave_shift=120.0000 render_us=1671 render_avg=1685 render_max=2860
1787167991.929 [AP] SSL=312 DC=-73 max_raw=1493 follower=987 peak_scaled=1.048 response_gain=1.000 silent_scale=1.000 silence=0 sil_pk=1064 rms_raw=0.0146 pky=1.79 dim=0 cal_source=persisted_profile cal_valid=1 cal_reason=none | bpm=120.0 conf=0.28 lock=0 phase=0.87 beat=0 bstr=0.06 | onset=0 bass=0 ostr=0.00 | raw_i16_abs_peak=74 raw_i16_rms=44.8 raw_i16_near_pct=0.000 | k1_loud=1 input_trim=1.000 gdft_trim=0.936 agc_gain=0.104 agc_env=0.0000 clip_pct=0.000 near_pct=0.000 peak_pin=0.106 spec_pin=0.000 spec_sat=0.000 lg_mode=2 lightshow=32
1787167992.459 [VP] profile=candidate fix=111011 chroma_seq=528757 chroma_flatness=0.2978 chroma_norm_max=0.9895 chroma_norm_mean=0.6917 chroma_final_max=0.8895 chroma_final_mean=0.5917 agc_gain=0.0859 bloom_alpha=0.9900 bloom_shift=1.0000 wave_idle=0.9850 wave_raw_margin=1.1000 wave_peak_floor=0.0800 wave_vu_floor=0.0200 wave_shift=120.0000 render_us=1380 render_avg=1515 render_max=2860
1787167992.940 [AP] SSL=312 DC=-73 max_raw=656 follower=1264 peak_scaled=0.808 response_gain=1.000 silent_scale=1.000 silence=0 sil_pk=1069 rms_raw=0.0138 pky=1.68 dim=0 cal_source=persisted_profile cal_valid=1 cal_reason=none | bpm=92.0 conf=0.18 lock=0 phase=0.59 beat=0 bstr=0.02 | onset=1 bass=0 ostr=0.00 | raw_i16_abs_peak=38 raw_i16_rms=18.5 raw_i16_near_pct=0.000 | k1_loud=1 input_trim=1.000 gdft_trim=0.771 agc_gain=0.074 agc_env=0.0000 clip_pct=0.000 near_pct=0.000 peak_pin=0.238 spec_pin=0.000 spec_sat=0.000 lg_mode=2 lightshow=32
1787167993.180 > :fps
1787167993.180 > :led_fps
1787167993.200 sbr{{
1787167993.200 SYSTEM_FPS: 140.80
1787167993.200 }}
1787167993.200 sbr{{
1787167993.200 LED_FPS: 202.94
1787167993.200 }}
1787167993.467 [VP] profile=candidate fix=111011 chroma_seq=528959 chroma_flatness=0.3051 chroma_norm_max=1.0166 chroma_norm_mean=0.7115 chroma_final_max=0.9166 chroma_final_mean=0.6115 agc_gain=0.0760 bloom_alpha=0.9900 bloom_shift=1.0000 wave_idle=0.9850 wave_raw_margin=1.1000 wave_peak_floor=0.0800 wave_vu_floor=0.0200 wave_shift=120.0000 render_us=1519 render_avg=1541 render_max=2860
1787167993.947 [AP] SSL=312 DC=-73 max_raw=1109 follower=1149 peak_scaled=0.716 response_gain=1.000 silent_scale=1.000 silence=0 sil_pk=956 rms_raw=0.0159 pky=1.64 dim=0 cal_source=persisted_profile cal_valid=1 cal_reason=none | bpm=92.0 conf=0.16 lock=0 phase=0.15 beat=0 bstr=0.01 | onset=0 bass=0 ostr=0.00 | raw_i16_abs_peak=54 raw_i16_rms=28.2 raw_i16_near_pct=0.000 | k1_loud=1 input_trim=1.000 gdft_trim=0.875 agc_gain=0.082 agc_env=0.0000 clip_pct=0.000 near_pct=0.000 peak_pin=0.083 spec_pin=0.000 spec_sat=0.000 lg_mode=2 lightshow=32
1787167994.433 [VP] profile=candidate fix=111011 chroma_seq=529162 chroma_flatness=0.2691 chroma_norm_max=0.9878 chroma_norm_mean=0.7180 chroma_final_max=0.8429 chroma_final_mean=0.5867 agc_gain=0.0894 bloom_alpha=0.9900 bloom_shift=1.0000 wave_idle=0.9850 wave_raw_margin=1.1000 wave_peak_floor=0.0800 wave_vu_floor=0.0200 wave_shift=120.0000 render_us=1696 render_avg=1651 render_max=2860
1787167994.912 [AP] SSL=312 DC=-73 max_raw=322 follower=1043 peak_scaled=0.340 response_gain=1.000 silent_scale=1.000 silence=0 sil_pk=571 rms_raw=0.0080 pky=1.83 dim=0 cal_source=persisted_profile cal_valid=1 cal_reason=none | bpm=138.0 conf=0.51 lock=0 phase=0.32 beat=0 bstr=0.55 | onset=1 bass=0 ostr=0.00 | raw_i16_abs_peak=20 raw_i16_rms=8.5 raw_i16_near_pct=0.000 | k1_loud=1 input_trim=1.000 gdft_trim=0.901 agc_gain=0.089 agc_env=0.0000 clip_pct=0.000 near_pct=0.000 peak_pin=0.106 spec_pin=0.000 spec_sat=0.000 lg_mode=2 lightshow=32
1787167995.183 > :fps
1787167995.183 > :led_fps
1787167995.230 sbr{{
1787167995.230 SYSTEM_FPS: 137.02
1787167995.230 }}
1787167995.230 sbr{{
1787167995.230 LED_FPS: 202.41
1787167995.230 }}
1787167995.445 [VP] profile=candidate fix=111011 chroma_seq=529366 chroma_flatness=0.2897 chroma_norm_max=1.0682 chroma_norm_mean=0.7785 chroma_final_max=0.9682 chroma_final_mean=0.6785 agc_gain=0.1011 bloom_alpha=0.9900 bloom_shift=1.0000 wave_idle=0.9850 wave_raw_margin=1.1000 wave_peak_floor=0.0800 wave_vu_floor=0.0200 wave_shift=120.0000 render_us=1410 render_avg=1527 render_max=2860
1787167995.921 [AP] SSL=312 DC=-73 max_raw=1340 follower=1133 peak_scaled=0.986 response_gain=1.000 silent_scale=1.000 silence=0 sil_pk=1199 rms_raw=0.0177 pky=1.85 dim=0 cal_source=persisted_profile cal_valid=1 cal_reason=none | bpm=138.0 conf=0.69 lock=0 phase=0.60 beat=0 bstr=0.50 | onset=1 bass=0 ostr=0.00 | raw_i16_abs_peak=68 raw_i16_rms=40.7 raw_i16_near_pct=0.000 | k1_loud=1 input_trim=1.000 gdft_trim=0.862 agc_gain=0.086 agc_env=0.0000 clip_pct=0.000 near_pct=0.000 peak_pin=0.167 spec_pin=0.000 spec_sat=0.000 lg_mode=2 lightshow=32
1787167996.453 [VP] profile=candidate fix=111011 chroma_seq=529543 chroma_flatness=0.2680 chroma_norm_max=1.0036 chroma_norm_mean=0.7355 chroma_final_max=0.8495 chroma_final_mean=0.5975 agc_gain=0.0837 bloom_alpha=0.9900 bloom_shift=1.0000 wave_idle=0.9850 wave_raw_margin=1.1000 wave_peak_floor=0.0800 wave_vu_floor=0.0200 wave_shift=120.0000 render_us=1536 render_avg=1575 render_max=2860
1787167996.934 [AP] SSL=312 DC=-73 max_raw=694 follower=1148 peak_scaled=0.686 response_gain=1.000 silent_scale=1.000 silence=0 sil_pk=913 rms_raw=0.0124 pky=1.67 dim=0 cal_source=persisted_profile cal_valid=1 cal_reason=none | bpm=69.0 conf=0.72 lock=0 phase=0.84 beat=0 bstr=0.20 | onset=1 bass=1 ostr=0.02 | raw_i16_abs_peak=40 raw_i16_rms=20.3 raw_i16_near_pct=0.000 | k1_loud=1 input_trim=1.000 gdft_trim=0.855 agc_gain=0.083 agc_env=0.0000 clip_pct=0.000 near_pct=0.000 peak_pin=0.118 spec_pin=0.000 spec_sat=0.000 lg_mode=2 lightshow=32
1787167997.187 > :fps
1787167997.187 > :led_fps
1787167997.203 sbr{{
1787167997.203 SYSTEM_FPS: 140.28
1787167997.203 }}
1787167997.203 sbr{{
1787167997.203 LED_FPS: 202.73
1787167997.203 }}
1787167997.464 [VP] profile=candidate fix=111011 chroma_seq=529745 chroma_flatness=0.2597 chroma_norm_max=0.9189 chroma_norm_mean=0.6605 chroma_final_max=0.7401 chroma_final_mean=0.5053 agc_gain=0.0859 bloom_alpha=0.9900 bloom_shift=1.0000 wave_idle=0.9850 wave_raw_margin=1.1000 wave_peak_floor=0.0800 wave_vu_floor=0.0200 wave_shift=120.0000 render_us=1742 render_avg=1637 render_max=2860
1787167997.939 [AP] SSL=312 DC=-73 max_raw=1117 follower=1066 peak_scaled=0.748 response_gain=1.000 silent_scale=1.000 silence=0 sil_pk=986 rms_raw=0.0101 pky=1.55 dim=0 cal_source=persisted_profile cal_valid=1 cal_reason=none | bpm=69.0 conf=0.42 lock=0 phase=0.99 beat=0 bstr=0.20 | onset=0 bass=1 ostr=0.01 | raw_i16_abs_peak=62 raw_i16_rms=34.6 raw_i16_near_pct=0.000 | k1_loud=1 input_trim=1.000 gdft_trim=0.938 agc_gain=0.090 agc_env=0.0000 clip_pct=0.000 near_pct=0.000 peak_pin=0.045 spec_pin=0.000 spec_sat=0.000 lg_mode=2 lightshow=32
1787167998.469 [VP] profile=candidate fix=111011 chroma_seq=529949 chroma_flatness=0.0976 chroma_norm_max=0.5691 chroma_norm_mean=0.4715 chroma_final_max=0.0412 chroma_final_mean=0.0327 agc_gain=0.0946 bloom_alpha=0.9900 bloom_shift=1.0000 wave_idle=0.9850 wave_raw_margin=1.1000 wave_peak_floor=0.0800 wave_vu_floor=0.0200 wave_shift=120.0000 render_us=1775 render_avg=1723 render_max=2860
1787167998.955 [AP] SSL=312 DC=-73 max_raw=879 follower=1043 peak_scaled=0.738 response_gain=1.000 silent_scale=1.000 silence=0 sil_pk=900 rms_raw=0.0054 pky=1.81 dim=0 cal_source=persisted_profile cal_valid=1 cal_reason=none | bpm=69.0 conf=0.55 lock=0 phase=0.15 beat=0 bstr=0.14 | onset=1 bass=0 ostr=0.00 | raw_i16_abs_peak=46 raw_i16_rms=30.0 raw_i16_near_pct=0.000 | k1_loud=1 input_trim=1.000 gdft_trim=0.891 agc_gain=0.102 agc_env=0.0000 clip_pct=0.000 near_pct=0.000 peak_pin=0.148 spec_pin=0.000 spec_sat=0.000 lg_mode=2 lightshow=32
1787167999.189 > :fps
1787167999.189 > :led_fps
1787167999.219 sbr{{
1787167999.219 SYSTEM_FPS: 140.60
1787167999.220 }}
1787167999.220 sbr{{
1787167999.220 LED_FPS: 202.74
1787167999.220 }}
1787167999.486 [VP] profile=candidate fix=111011 chroma_seq=530152 chroma_flatness=0.3179 chroma_norm_max=1.0287 chroma_norm_mean=0.7108 chroma_final_max=0.9288 chroma_final_mean=0.6108 agc_gain=0.0828 bloom_alpha=0.9900 bloom_shift=1.0000 wave_idle=0.9850 wave_raw_margin=1.1000 wave_peak_floor=0.0800 wave_vu_floor=0.0200 wave_shift=120.0000 render_us=1477 render_avg=1529 render_max=2860
1787167999.976 [AP] SSL=312 DC=-73 max_raw=1109 follower=1214 peak_scaled=0.654 response_gain=1.000 silent_scale=1.000 silence=0 sil_pk=1008 rms_raw=0.0144 pky=1.65 dim=0 cal_source=persisted_profile cal_valid=1 cal_reason=none | bpm=69.0 conf=0.54 lock=0 phase=0.31 beat=0 bstr=0.17 | onset=0 bass=1 ostr=0.02 | raw_i16_abs_peak=54 raw_i16_rms=27.9 raw_i16_near_pct=0.000 | k1_loud=1 input_trim=1.000 gdft_trim=0.813 agc_gain=0.077 agc_env=0.0000 clip_pct=0.000 near_pct=0.000 peak_pin=0.175 spec_pin=0.000 spec_sat=0.000 lg_mode=2 lightshow=32
1787168000.452 [VP] profile=candidate fix=111011 chroma_seq=530356 chroma_flatness=0.1828 chroma_norm_max=0.6817 chroma_norm_mean=0.4989 chroma_final_max=0.2990 chroma_final_mean=0.2050 agc_gain=0.0818 bloom_alpha=0.9900 bloom_shift=1.0000 wave_idle=0.9850 wave_raw_margin=1.1000 wave_peak_floor=0.0800 wave_vu_floor=0.0200 wave_shift=120.0000 render_us=1801 render_avg=1660 render_max=2860
1787168000.932 [AP] SSL=312 DC=-73 max_raw=764 follower=924 peak_scaled=0.602 response_gain=1.000 silent_scale=1.000 silence=0 sil_pk=766 rms_raw=0.0170 pky=1.44 dim=0 cal_source=persisted_profile cal_valid=1 cal_reason=none | bpm=69.0 conf=0.68 lock=1 phase=0.39 beat=0 bstr=0.24 | onset=0 bass=0 ostr=0.00 | raw_i16_abs_peak=36 raw_i16_rms=22.4 raw_i16_near_pct=0.000 | k1_loud=1 input_trim=1.000 gdft_trim=0.930 agc_gain=0.125 agc_env=0.0000 clip_pct=0.000 near_pct=0.000 peak_pin=0.035 spec_pin=0.000 spec_sat=0.000 lg_mode=2 lightshow=32
1787168001.191 > :fps
1787168001.191 > :led_fps
1787168001.203 sbr{{
1787168001.203 SYSTEM_FPS: 140.68
1787168001.203 }}
1787168001.203 sbr{{
1787168001.203 LED_FPS: 202.72
1787168001.203 }}
1787168001.476 [VP] profile=candidate fix=111011 chroma_seq=530559 chroma_flatness=0.2320 chroma_norm_max=1.0980 chroma_norm_mean=0.8660 chroma_final_max=0.7585 chroma_final_mean=0.5822 agc_gain=0.1796 bloom_alpha=0.9900 bloom_shift=1.0000 wave_idle=0.9850 wave_raw_margin=1.1000 wave_peak_floor=0.0800 wave_vu_floor=0.0200 wave_shift=120.0000 render_us=1697 render_avg=1833 render_max=2860
1787168001.952 [AP] SSL=312 DC=-73 max_raw=514 follower=675 peak_scaled=0.462 response_gain=1.000 silent_scale=1.000 silence=0 sil_pk=568 rms_raw=0.0074 pky=1.60 dim=0 cal_source=persisted_profile cal_valid=1 cal_reason=none | bpm=69.0 conf=0.75 lock=1 phase=0.70 beat=0 bstr=0.40 | onset=1 bass=0 ostr=0.00 | raw_i16_abs_peak=23 raw_i16_rms=10.3 raw_i16_near_pct=0.000 | k1_loud=1 input_trim=1.000 gdft_trim=0.980 agc_gain=0.208 agc_env=0.0000 clip_pct=0.000 near_pct=0.000 peak_pin=0.006 spec_pin=0.000 spec_sat=0.000 lg_mode=2 lightshow=32
1787168002.479 [VP] profile=candidate fix=111011 chroma_seq=530763 chroma_flatness=0.2456 chroma_norm_max=1.0162 chroma_norm_mean=0.7706 chroma_final_max=0.7584 chroma_final_mean=0.5551 agc_gain=0.1247 bloom_alpha=0.9900 bloom_shift=1.0000 wave_idle=0.9850 wave_raw_margin=1.1000 wave_peak_floor=0.0800 wave_vu_floor=0.0200 wave_shift=120.0000 render_us=1560 render_avg=1510 render_max=2860
1787168002.965 [AP] SSL=312 DC=-73 max_raw=994 follower=1042 peak_scaled=0.799 response_gain=1.000 silent_scale=1.000 silence=0 sil_pk=1016 rms_raw=0.0198 pky=1.62 dim=0 cal_source=persisted_profile cal_valid=1 cal_reason=none | bpm=69.0 conf=0.53 lock=1 phase=0.94 beat=0 bstr=0.43 | onset=0 bass=1 ostr=0.01 | raw_i16_abs_peak=48 raw_i16_rms=32.9 raw_i16_near_pct=0.000 | k1_loud=1 input_trim=1.000 gdft_trim=0.847 agc_gain=0.085 agc_env=0.0000 clip_pct=0.000 near_pct=0.000 peak_pin=0.240 spec_pin=0.000 spec_sat=0.000 lg_mode=2 lightshow=32
1787168003.192 > :fps
1787168003.192 > :led_fps
1787168003.237 sbr{{
1787168003.237 SYSTEM_FPS: 140.68
1787168003.237 }}
1787168003.237 sbr{{
1787168003.237 LED_FPS: 202.58
1787168003.237 }}
1787168003.510 [VP] profile=candidate fix=111011 chroma_seq=530966 chroma_flatness=0.2456 chroma_norm_max=0.9256 chroma_norm_mean=0.6800 chroma_final_max=0.6835 chroma_final_mean=0.4802 agc_gain=0.0822 bloom_alpha=0.9900 bloom_shift=1.0000 wave_idle=0.9850 wave_raw_margin=1.1000 wave_peak_floor=0.0800 wave_vu_floor=0.0200 wave_shift=120.0000 render_us=1652 render_avg=1574 render_max=2860
1787168003.992 [AP] SSL=312 DC=-73 max_raw=1386 follower=1033 peak_scaled=0.948 response_gain=1.000 silent_scale=1.000 silence=0 sil_pk=981 rms_raw=0.0032 pky=1.62 dim=0 cal_source=persisted_profile cal_valid=1 cal_reason=none | bpm=69.0 conf=0.50 lock=1 phase=0.96 beat=0 bstr=0.15 | onset=0 bass=0 ostr=0.00 | raw_i16_abs_peak=76 raw_i16_rms=44.7 raw_i16_near_pct=0.000 | k1_loud=1 input_trim=1.000 gdft_trim=0.887 agc_gain=0.084 agc_env=0.0000 clip_pct=0.000 near_pct=0.000 peak_pin=0.079 spec_pin=0.000 spec_sat=0.000 lg_mode=2 lightshow=32
1787168004.483 [VP] profile=candidate fix=111011 chroma_seq=531169 chroma_flatness=0.2510 chroma_norm_max=0.8974 chroma_norm_mean=0.6464 chroma_final_max=0.6818 chroma_final_mean=0.4672 agc_gain=0.0768 bloom_alpha=0.9900 bloom_shift=1.0000 wave_idle=0.9850 wave_raw_margin=1.1000 wave_peak_floor=0.0800 wave_vu_floor=0.0200 wave_shift=120.0000 render_us=1545 render_avg=1565 render_max=2860
1787168004.971 [AP] SSL=312 DC=-73 max_raw=675 follower=1274 peak_scaled=0.923 response_gain=1.000 silent_scale=1.000 silence=0 sil_pk=1160 rms_raw=0.0258 pky=1.66 dim=0 cal_source=persisted_profile cal_valid=1 cal_reason=none | bpm=69.0 conf=0.55 lock=1 phase=0.06 beat=0 bstr=0.07 | onset=0 bass=1 ostr=0.01 | raw_i16_abs_peak=39 raw_i16_rms=14.8 raw_i16_near_pct=0.000 | k1_loud=1 input_trim=1.000 gdft_trim=0.795 agc_gain=0.074 agc_env=0.0000 clip_pct=0.000 near_pct=0.000 peak_pin=0.171 spec_pin=0.000 spec_sat=0.000 lg_mode=2 lightshow=32
1787168005.195 > :fps
1787168005.195 > :led_fps
1787168005.236 sbr{{
1787168005.236 SYSTEM_FPS: 141.66
1787168005.236 }}
1787168005.236 sbr{{
1787168005.236 LED_FPS: 202.57
1787168005.236 }}
1787168005.505 [VP] profile=candidate fix=111011 chroma_seq=531371 chroma_flatness=0.1133 chroma_norm_max=0.6581 chroma_norm_mean=0.5448 chroma_final_max=0.0928 chroma_final_mean=0.0740 agc_gain=0.0792 bloom_alpha=0.9900 bloom_shift=1.0000 wave_idle=0.9850 wave_raw_margin=1.1000 wave_peak_floor=0.0800 wave_vu_floor=0.0200 wave_shift=120.0000 render_us=1633 render_avg=1715 render_max=2860
1787168005.981 [AP] SSL=312 DC=-73 max_raw=1628 follower=1285 peak_scaled=0.982 response_gain=1.000 silent_scale=1.000 silence=0 sil_pk=1393 rms_raw=0.0205 pky=1.63 dim=0 cal_source=persisted_profile cal_valid=1 cal_reason=none | bpm=69.0 conf=0.56 lock=0 phase=0.17 beat=0 bstr=0.13 | onset=1 bass=0 ostr=0.00 | raw_i16_abs_peak=81 raw_i16_rms=47.4 raw_i16_near_pct=0.000 | k1_loud=1 input_trim=1.000 gdft_trim=0.859 agc_gain=0.089 agc_env=0.0000 clip_pct=0.000 near_pct=0.000 peak_pin=0.281 spec_pin=0.000 spec_sat=0.000 lg_mode=2 lightshow=32
1787168006.510 [VP] profile=candidate fix=111011 chroma_seq=531574 chroma_flatness=0.2974 chroma_norm_max=0.9911 chroma_norm_mean=0.6937 chroma_final_max=0.8911 chroma_final_mean=0.5937 agc_gain=0.0804 bloom_alpha=0.9900 bloom_shift=1.0000 wave_idle=0.9850 wave_raw_margin=1.1000 wave_peak_floor=0.0800 wave_vu_floor=0.0200 wave_shift=120.0000 render_us=1688 render_avg=1646 render_max=2860
1787168006.988 [AP] SSL=312 DC=-73 max_raw=944 follower=1212 peak_scaled=0.811 response_gain=1.000 silent_scale=1.000 silence=0 sil_pk=1067 rms_raw=0.0107 pky=1.62 dim=0 cal_source=persisted_profile cal_valid=1 cal_reason=none | bpm=69.0 conf=0.59 lock=0 phase=0.31 beat=0 bstr=0.16 | onset=0 bass=0 ostr=0.00 | raw_i16_abs_peak=53 raw_i16_rms=37.2 raw_i16_near_pct=0.000 | k1_loud=1 input_trim=1.000 gdft_trim=0.852 agc_gain=0.082 agc_env=0.0000 clip_pct=0.000 near_pct=0.000 peak_pin=0.173 spec_pin=0.000 spec_sat=0.000 lg_mode=2 lightshow=32
1787168007.200 > :fps
1787168007.201 > :led_fps
1787168007.255 sbr{{
1787168007.255 SYSTEM_FPS: 136.57
1787168007.255 }}
1787168007.255 sbr{{
1787168007.255 LED_FPS: 202.91
1787168007.255 }}
1787168007.521 [VP] profile=candidate fix=111011 chroma_seq=531778 chroma_flatness=0.2784 chroma_norm_max=0.9978 chroma_norm_mean=0.7194 chroma_final_max=0.8907 chroma_final_mean=0.6145 agc_gain=0.0832 bloom_alpha=0.9900 bloom_shift=1.0000 wave_idle=0.9850 wave_raw_margin=1.1000 wave_peak_floor=0.0800 wave_vu_floor=0.0200 wave_shift=120.0000 render_us=1554 render_avg=1584 render_max=2860
1787168007.997 [AP] SSL=312 DC=-73 max_raw=1002 follower=1174 peak_scaled=0.741 response_gain=1.000 silent_scale=1.000 silence=0 sil_pk=1002 rms_raw=0.0176 pky=1.56 dim=0 cal_source=persisted_profile cal_valid=1 cal_reason=none | bpm=69.0 conf=0.59 lock=0 phase=0.47 beat=0 bstr=0.06 | onset=0 bass=1 ostr=0.01 | raw_i16_abs_peak=56 raw_i16_rms=27.5 raw_i16_near_pct=0.000 | k1_loud=1 input_trim=1.000 gdft_trim=0.852 agc_gain=0.083 agc_env=0.0000 clip_pct=0.000 near_pct=0.000 peak_pin=0.133 spec_pin=0.000 spec_sat=0.000 lg_mode=2 lightshow=32
1787168008.521 [VP] profile=candidate fix=111011 chroma_seq=531981 chroma_flatness=0.3245 chroma_norm_max=1.0681 chroma_norm_mean=0.7415 chroma_final_max=0.9655 chroma_final_mean=0.6415 agc_gain=0.0873 bloom_alpha=0.9900 bloom_shift=1.0000 wave_idle=0.9850 wave_raw_margin=1.1000 wave_peak_floor=0.0800 wave_vu_floor=0.0200 wave_shift=120.0000 render_us=1655 render_avg=1634 render_max=2860
1787168008.999 [AP] SSL=312 DC=-73 max_raw=552 follower=969 peak_scaled=0.330 response_gain=1.000 silent_scale=1.000 silence=0 sil_pk=536 rms_raw=0.0070 pky=2.15 dim=0 cal_source=persisted_profile cal_valid=1 cal_reason=none | bpm=69.0 conf=0.61 lock=1 phase=0.63 beat=0 bstr=0.05 | onset=1 bass=0 ostr=0.00 | raw_i16_abs_peak=31 raw_i16_rms=15.8 raw_i16_near_pct=0.000 | k1_loud=1 input_trim=1.000 gdft_trim=0.955 agc_gain=0.094 agc_env=0.0000 clip_pct=0.000 near_pct=0.000 peak_pin=0.040 spec_pin=0.000 spec_sat=0.000 lg_mode=2 lightshow=32
1787168009.291 > :palette_index=32
1787168009.291 > :secondary_palette_index=32
1787168009.313 sbr{{
1787168009.313 PALETTE: 32 (Blue_Cyan_Yellow_gp)
1787168009.313 }}
1787168009.313 sbr{{
1787168009.313 SECONDARY_PALETTE_INDEX: 32 (Blue_Cyan_Yellow_gp)
1787168009.313 }}
1787168009.333 > :edge_status
1787168009.333 > :fps
1787168009.333 > :led_fps
1787168009.333 > :fps
1787168009.333 > :led_fps
1787168009.365 sbr{{
1787168009.365 EDGE_ENABLED: on
1787168009.365 EDGE_MODE: split
1787168009.365 EDGE_STRENGTH: 0.450
1787168009.365 EDGE_SPREAD: 38
1787168009.365 EDGE_ROTATION: faithful
1787168009.365 EDGE_SPATIAL: uniform
1787168009.365 EDGE_DUAL: split
1787168009.365 EDGE_EFFECTIVE_SECONDARY: split_palette
1787168009.365 EDGE_EFFECTIVE_PRIMARY: split_palette
1787168009.365 }}
1787168009.365 sbr{{
1787168009.365 SYSTEM_FPS: 140.59
1787168009.365 }}
1787168009.365 sbr{{
1787168009.365 LED_FPS: 202.33
1787168009.365 }}
1787168009.365 sbr{{
1787168009.365 SYSTEM_FPS: 140.59
1787168009.365 }}
1787168009.365 sbr{{
1787168009.365 LED_FPS: 202.33
1787168009.365 }}
1787168009.522 [VP] profile=candidate fix=111011 chroma_seq=532185 chroma_flatness=0.2762 chroma_norm_max=1.0328 chroma_norm_mean=0.7566 chroma_final_max=0.9149 chroma_final_mean=0.6441 agc_gain=0.1002 bloom_alpha=0.9900 bloom_shift=1.0000 wave_idle=0.9850 wave_raw_margin=1.1000 wave_peak_floor=0.0800 wave_vu_floor=0.0200 wave_shift=120.0000 render_us=1556 render_avg=1526 render_max=2860
1787168009.999 [AP] SSL=312 DC=-73 max_raw=867 follower=1097 peak_scaled=0.614 response_gain=1.000 silent_scale=1.000 silence=0 sil_pk=855 rms_raw=0.0048 pky=1.75 dim=0 cal_source=persisted_profile cal_valid=1 cal_reason=none | bpm=69.0 conf=0.64 lock=1 phase=0.93 beat=0 bstr=0.12 | onset=0 bass=0 ostr=0.00 | raw_i16_abs_peak=49 raw_i16_rms=24.9 raw_i16_near_pct=0.000 | k1_loud=1 input_trim=1.000 gdft_trim=0.867 agc_gain=0.087 agc_env=0.0000 clip_pct=0.000 near_pct=0.000 peak_pin=0.169 spec_pin=0.000 spec_sat=0.000 lg_mode=2 lightshow=32
1787168010.483 [VP] profile=candidate fix=111011 chroma_seq=532386 chroma_flatness=0.2491 chroma_norm_max=0.9122 chroma_norm_mean=0.6631 chroma_final_max=0.6868 chroma_final_mean=0.4762 agc_gain=0.0831 bloom_alpha=0.9900 bloom_shift=1.0000 wave_idle=0.9850 wave_raw_margin=1.1000 wave_peak_floor=0.0800 wave_vu_floor=0.0200 wave_shift=120.0000 render_us=1512 render_avg=1600 render_max=2860
1787168011.017 [AP] SSL=312 DC=-73 max_raw=829 follower=1059 peak_scaled=0.749 response_gain=1.000 silent_scale=1.000 silence=0 sil_pk=922 rms_raw=0.0112 pky=1.65 dim=0 cal_source=persisted_profile cal_valid=1 cal_reason=none | bpm=69.0 conf=0.61 lock=1 phase=0.13 beat=0 bstr=0.22 | onset=0 bass=1 ostr=0.01 | raw_i16_abs_peak=47 raw_i16_rms=24.1 raw_i16_near_pct=0.000 | k1_loud=1 input_trim=1.000 gdft_trim=0.916 agc_gain=0.087 agc_env=0.0000 clip_pct=0.000 near_pct=0.000 peak_pin=0.077 spec_pin=0.000 spec_sat=0.000 lg_mode=2 lightshow=32
1787168011.338 > :fps
1787168011.338 > :led_fps
1787168011.389 sbr{{
1787168011.389 SYSTEM_FPS: 139.16
1787168011.389 }}
1787168011.389 sbr{{
1787168011.389 LED_FPS: 202.17
1787168011.389 }}
1787168011.496 [VP] profile=candidate fix=111011 chroma_seq=532589 chroma_flatness=0.2879 chroma_norm_max=1.0325 chroma_norm_mean=0.7445 chroma_final_max=0.9325 chroma_final_mean=0.6445 agc_gain=0.0917 bloom_alpha=0.9900 bloom_shift=1.0000 wave_idle=0.9850 wave_raw_margin=1.1000 wave_peak_floor=0.0800 wave_vu_floor=0.0200 wave_shift=120.0000 render_us=1515 render_avg=1594 render_max=2860
1787168012.032 [AP] SSL=312 DC=-73 max_raw=1789 follower=1115 peak_scaled=1.104 response_gain=1.000 silent_scale=1.000 silence=0 sil_pk=1135 rms_raw=0.0122 pky=1.79 dim=0 cal_source=persisted_profile cal_valid=1 cal_reason=none | bpm=69.0 conf=0.23 lock=0 phase=0.08 beat=0 bstr=0.10 | onset=0 bass=0 ostr=0.00 | raw_i16_abs_peak=97 raw_i16_rms=38.2 raw_i16_near_pct=0.000 | k1_loud=1 input_trim=1.000 gdft_trim=0.970 agc_gain=0.095 agc_env=0.0000 clip_pct=0.000 near_pct=0.000 peak_pin=0.094 spec_pin=0.000 spec_sat=0.000 lg_mode=2 lightshow=32
1787168012.519 [VP] profile=candidate fix=111011 chroma_seq=532792 chroma_flatness=0.1452 chroma_norm_max=0.7524 chroma_norm_mean=0.6071 chroma_final_max=0.2128 chroma_final_mean=0.1655 agc_gain=0.0935 bloom_alpha=0.9900 bloom_shift=1.0000 wave_idle=0.9850 wave_raw_margin=1.1000 wave_peak_floor=0.0800 wave_vu_floor=0.0200 wave_shift=120.0000 render_us=1855 render_avg=1795 render_max=2860
1787168013.042 [AP] SSL=312 DC=-73 max_raw=714 follower=1089 peak_scaled=0.694 response_gain=1.000 silent_scale=1.000 silence=0 sil_pk=922 rms_raw=0.0105 pky=1.76 dim=0 cal_source=persisted_profile cal_valid=1 cal_reason=none | bpm=69.0 conf=0.64 lock=1 phase=0.25 beat=0 bstr=0.16 | onset=0 bass=0 ostr=0.00 | raw_i16_abs_peak=41 raw_i16_rms=16.7 raw_i16_near_pct=0.000 | k1_loud=1 input_trim=1.000 gdft_trim=0.887 agc_gain=0.093 agc_env=0.0000 clip_pct=0.000 near_pct=0.000 peak_pin=0.251 spec_pin=0.000 spec_sat=0.000 lg_mode=2 lightshow=32
1787168013.341 > :fps
1787168013.341 > :led_fps
1787168013.354 sbr{{
1787168013.354 SYSTEM_FPS: 143.40
1787168013.354 }}
1787168013.354 sbr{{
1787168013.354 LED_FPS: 202.27
1787168013.354 }}
1787168013.517 [VP] profile=candidate fix=111011 chroma_seq=532995 chroma_flatness=0.2395 chroma_norm_max=0.9116 chroma_norm_mean=0.6721 chroma_final_max=0.6471 chroma_final_mean=0.4562 agc_gain=0.0843 bloom_alpha=0.9900 bloom_shift=1.0000 wave_idle=0.9850 wave_raw_margin=1.1000 wave_peak_floor=0.0800 wave_vu_floor=0.0200 wave_shift=120.0000 render_us=1733 render_avg=1619 render_max=2860
1787168014.045 [AP] SSL=312 DC=-73 max_raw=848 follower=1111 peak_scaled=0.844 response_gain=1.000 silent_scale=1.000 silence=0 sil_pk=1060 rms_raw=0.0135 pky=1.53 dim=0 cal_source=persisted_profile cal_valid=1 cal_reason=none | bpm=69.0 conf=0.61 lock=1 phase=0.23 beat=0 bstr=0.23 | onset=0 bass=1 ostr=0.01 | raw_i16_abs_peak=48 raw_i16_rms=22.1 raw_i16_near_pct=0.000 | k1_loud=1 input_trim=1.000 gdft_trim=0.851 agc_gain=0.083 agc_env=0.0000 clip_pct=0.000 near_pct=0.000 peak_pin=0.172 spec_pin=0.000 spec_sat=0.000 lg_mode=2 lightshow=32
1787168014.525 [VP] profile=candidate fix=111011 chroma_seq=533194 chroma_flatness=0.2518 chroma_norm_max=0.8417 chroma_norm_mean=0.5899 chroma_final_max=0.6371 chroma_final_mean=0.4208 agc_gain=0.0884 bloom_alpha=0.9900 bloom_shift=1.0000 wave_idle=0.9850 wave_raw_margin=1.1000 wave_peak_floor=0.0800 wave_vu_floor=0.0200 wave_shift=120.0000 render_us=1728 render_avg=1767 render_max=2860
1787168015.006 [AP] SSL=312 DC=-73 max_raw=360 follower=830 peak_scaled=0.296 response_gain=1.000 silent_scale=1.000 silence=0 sil_pk=492 rms_raw=0.0054 pky=1.71 dim=0 cal_source=persisted_profile cal_valid=1 cal_reason=none | bpm=69.0 conf=0.64 lock=1 phase=0.34 beat=0 bstr=0.40 | onset=0 bass=1 ostr=0.03 | raw_i16_abs_peak=18 raw_i16_rms=8.5 raw_i16_near_pct=0.000 | k1_loud=1 input_trim=1.000 gdft_trim=0.930 agc_gain=0.150 agc_env=0.0000 clip_pct=0.000 near_pct=0.000 peak_pin=0.040 spec_pin=0.000 spec_sat=0.000 lg_mode=2 lightshow=32
1787168015.346 > :fps
1787168015.346 > :led_fps
1787168015.371 sbr{{
1787168015.371 SYSTEM_FPS: 141.76
1787168015.371 }}
1787168015.371 sbr{{
1787168015.371 LED_FPS: 202.27
1787168015.371 }}
1787168015.529 [VP] profile=candidate fix=111011 chroma_seq=533397 chroma_flatness=0.1745 chroma_norm_max=1.0378 chroma_norm_mean=0.8633 chroma_final_max=0.4431 chroma_final_mean=0.3607 agc_gain=0.2118 bloom_alpha=0.9900 bloom_shift=1.0000 wave_idle=0.9850 wave_raw_margin=1.1000 wave_peak_floor=0.0800 wave_vu_floor=0.0200 wave_shift=120.0000 render_us=1633 render_avg=1755 render_max=2860
1787168016.012 [AP] SSL=312 DC=-73 max_raw=714 follower=898 peak_scaled=0.976 response_gain=1.000 silent_scale=1.000 silence=0 sil_pk=945 rms_raw=0.0202 pky=2.03 dim=0 cal_source=persisted_profile cal_valid=1 cal_reason=none | bpm=69.0 conf=0.57 lock=1 phase=0.31 beat=0 bstr=0.28 | onset=0 bass=1 ostr=0.05 | raw_i16_abs_peak=41 raw_i16_rms=19.7 raw_i16_near_pct=0.000 | k1_loud=1 input_trim=1.000 gdft_trim=0.966 agc_gain=0.187 agc_env=0.0000 clip_pct=0.000 near_pct=0.000 peak_pin=0.164 spec_pin=0.000 spec_sat=0.000 lg_mode=2 lightshow=32
1787168016.544 [VP] profile=candidate fix=111011 chroma_seq=533600 chroma_flatness=0.2085 chroma_norm_max=1.0087 chroma_norm_mean=0.8001 chroma_final_max=0.5840 chroma_final_mean=0.4499 agc_gain=0.1376 bloom_alpha=0.9900 bloom_shift=1.0000 wave_idle=0.9850 wave_raw_margin=1.1000 wave_peak_floor=0.0800 wave_vu_floor=0.0200 wave_shift=120.0000 render_us=1568 render_avg=1645 render_max=2860
1787168017.029 [AP] SSL=312 DC=-73 max_raw=483 follower=1127 peak_scaled=0.810 response_gain=1.000 silent_scale=1.000 silence=0 sil_pk=983 rms_raw=0.0219 pky=1.69 dim=0 cal_source=persisted_profile cal_valid=1 cal_reason=none | bpm=69.0 conf=0.52 lock=1 phase=0.53 beat=0 bstr=0.12 | onset=1 bass=0 ostr=0.00 | raw_i16_abs_peak=29 raw_i16_rms=14.3 raw_i16_near_pct=0.000 | k1_loud=1 input_trim=1.000 gdft_trim=0.764 agc_gain=0.086 agc_env=0.0000 clip_pct=0.000 near_pct=0.000 peak_pin=0.323 spec_pin=0.000 spec_sat=0.000 lg_mode=2 lightshow=32
1787168017.349 > :fps
1787168017.349 > :led_fps
1787168017.396 sbr{{
1787168017.396 SYSTEM_FPS: 142.20
1787168017.396 }}
1787168017.396 sbr{{
1787168017.396 LED_FPS: 201.95
1787168017.396 }}
1787168017.557 [VP] profile=candidate fix=111011 chroma_seq=533802 chroma_flatness=0.2644 chroma_norm_max=0.8859 chroma_norm_mean=0.6214 chroma_final_max=0.7247 chroma_final_mean=0.4838 agc_gain=0.0754 bloom_alpha=0.9900 bloom_shift=1.0000 wave_idle=0.9850 wave_raw_margin=1.1000 wave_peak_floor=0.0800 wave_vu_floor=0.0200 wave_shift=120.0000 render_us=1644 render_avg=1606 render_max=2860
1787168018.037 [AP] SSL=312 DC=-73 max_raw=629 follower=1045 peak_scaled=0.769 response_gain=1.000 silent_scale=1.000 silence=0 sil_pk=922 rms_raw=0.0170 pky=1.66 dim=0 cal_source=persisted_profile cal_valid=1 cal_reason=none | bpm=69.0 conf=0.52 lock=1 phase=0.81 beat=0 bstr=0.09 | onset=1 bass=0 ostr=0.00 | raw_i16_abs_peak=29 raw_i16_rms=15.9 raw_i16_near_pct=0.000 | k1_loud=1 input_trim=1.000 gdft_trim=0.868 agc_gain=0.081 agc_env=0.0000 clip_pct=0.000 near_pct=0.000 peak_pin=0.116 spec_pin=0.000 spec_sat=0.000 lg_mode=2 lightshow=32
1787168018.565 [VP] profile=candidate fix=111011 chroma_seq=534005 chroma_flatness=0.3216 chroma_norm_max=1.0514 chroma_norm_mean=0.7298 chroma_final_max=0.9514 chroma_final_mean=0.6298 agc_gain=0.0891 bloom_alpha=0.9900 bloom_shift=1.0000 wave_idle=0.9850 wave_raw_margin=1.1000 wave_peak_floor=0.0800 wave_vu_floor=0.0200 wave_shift=120.0000 render_us=1496 render_avg=1597 render_max=2860
1787168019.048 [AP] SSL=312 DC=-73 max_raw=1301 follower=1207 peak_scaled=0.987 response_gain=1.000 silent_scale=1.000 silence=0 sil_pk=1323 rms_raw=0.0188 pky=1.53 dim=0 cal_source=persisted_profile cal_valid=1 cal_reason=none | bpm=69.0 conf=0.55 lock=1 phase=0.98 beat=0 bstr=0.04 | onset=0 bass=1 ostr=0.02 | raw_i16_abs_peak=64 raw_i16_rms=39.0 raw_i16_near_pct=0.000 | k1_loud=1 input_trim=1.000 gdft_trim=0.857 agc_gain=0.088 agc_env=0.0000 clip_pct=0.000 near_pct=0.000 peak_pin=0.366 spec_pin=0.000 spec_sat=0.000 lg_mode=2 lightshow=32
1787168019.355 > :fps
1787168019.355 > :led_fps
1787168019.365 sbr{{
1787168019.366 SYSTEM_FPS: 141.64
1787168019.366 }}
1787168019.366 sbr{{
1787168019.366 LED_FPS: 202.28
1787168019.366 }}
1787168019.579 [VP] profile=candidate fix=111011 chroma_seq=534208 chroma_flatness=0.1329 chroma_norm_max=0.7528 chroma_norm_mean=0.6199 chroma_final_max=0.1726 chroma_final_mean=0.1375 agc_gain=0.0850 bloom_alpha=0.9900 bloom_shift=1.0000 wave_idle=0.9850 wave_raw_margin=1.1000 wave_peak_floor=0.0800 wave_vu_floor=0.0200 wave_shift=120.0000 render_us=1514 render_avg=1610 render_max=2860
1787168020.061 [AP] SSL=312 DC=-73 max_raw=725 follower=1042 peak_scaled=0.700 response_gain=1.000 silent_scale=1.000 silence=0 sil_pk=854 rms_raw=0.0168 pky=2.08 dim=0 cal_source=persisted_profile cal_valid=1 cal_reason=none | bpm=69.0 conf=0.56 lock=1 phase=0.11 beat=0 bstr=0.05 | onset=0 bass=0 ostr=0.00 | raw_i16_abs_peak=39 raw_i16_rms=19.6 raw_i16_near_pct=0.000 | k1_loud=1 input_trim=1.000 gdft_trim=0.833 agc_gain=0.107 agc_env=0.0000 clip_pct=0.000 near_pct=0.000 peak_pin=0.177 spec_pin=0.000 spec_sat=0.000 lg_mode=2 lightshow=32
1787168020.530 [VP] profile=candidate fix=111011 chroma_seq=534411 chroma_flatness=0.2508 chroma_norm_max=0.9846 chroma_norm_mean=0.7338 chroma_final_max=0.7555 chroma_final_mean=0.5413 agc_gain=0.0857 bloom_alpha=0.9900 bloom_shift=1.0000 wave_idle=0.9850 wave_raw_margin=1.1000 wave_peak_floor=0.0800 wave_vu_floor=0.0200 wave_shift=120.0000 render_us=1493 render_avg=1626 render_max=2860
1787168021.070 [AP] SSL=312 DC=-73 max_raw=802 follower=1132 peak_scaled=0.780 response_gain=1.000 silent_scale=1.000 silence=0 sil_pk=1022 rms_raw=0.0251 pky=1.76 dim=0 cal_source=persisted_profile cal_valid=1 cal_reason=none | bpm=69.0 conf=0.52 lock=1 phase=0.25 beat=0 bstr=0.02 | onset=0 bass=0 ostr=0.00 | raw_i16_abs_peak=38 raw_i16_rms=15.5 raw_i16_near_pct=0.000 | k1_loud=1 input_trim=1.000 gdft_trim=0.850 agc_gain=0.082 agc_env=0.0000 clip_pct=0.000 near_pct=0.000 peak_pin=0.150 spec_pin=0.000 spec_sat=0.000 lg_mode=2 lightshow=32
1787168021.358 > :fps
1787168021.358 > :led_fps
1787168021.395 sbr{{
1787168021.395 SYSTEM_FPS: 142.06
1787168021.395 }}
1787168021.395 sbr{{
1787168021.395 LED_FPS: 202.25
1787168021.395 }}
1787168021.555 [VP] profile=candidate fix=111011 chroma_seq=534614 chroma_flatness=0.2959 chroma_norm_max=1.0451 chroma_norm_mean=0.7492 chroma_final_max=0.9451 chroma_final_mean=0.6492 agc_gain=0.0862 bloom_alpha=0.9900 bloom_shift=1.0000 wave_idle=0.9850 wave_raw_margin=1.1000 wave_peak_floor=0.0800 wave_vu_floor=0.0200 wave_shift=120.0000 render_us=1519 render_avg=1586 render_max=2860
1787168022.035 [AP] SSL=312 DC=-73 max_raw=1378 follower=1043 peak_scaled=0.914 response_gain=1.000 silent_scale=1.000 silence=0 sil_pk=1076 rms_raw=0.0171 pky=1.52 dim=0 cal_source=persisted_profile cal_valid=1 cal_reason=none | bpm=69.0 conf=0.48 lock=1 phase=0.28 beat=0 bstr=0.01 | onset=1 bass=0 ostr=0.00 | raw_i16_abs_peak=68 raw_i16_rms=35.7 raw_i16_near_pct=0.000 | k1_loud=1 input_trim=1.000 gdft_trim=0.951 agc_gain=0.092 agc_env=0.0000 clip_pct=0.000 near_pct=0.000 peak_pin=0.080 spec_pin=0.000 spec_sat=0.000 lg_mode=2 lightshow=32
1787168022.562 [VP] profile=candidate fix=111011 chroma_seq=534817 chroma_flatness=0.2426 chroma_norm_max=0.9875 chroma_norm_mean=0.7449 chroma_final_max=0.7216 chroma_final_mean=0.5243 agc_gain=0.0946 bloom_alpha=0.9900 bloom_shift=1.0000 wave_idle=0.9850 wave_raw_margin=1.1000 wave_peak_floor=0.0800 wave_vu_floor=0.0200 wave_shift=120.0000 render_us=1572 render_avg=1517 render_max=2860
1787168023.089 [AP] SSL=312 DC=-73 max_raw=426 follower=992 peak_scaled=0.467 response_gain=1.000 silent_scale=1.000 silence=0 sil_pk=640 rms_raw=0.0136 pky=1.96 dim=0 cal_source=persisted_profile cal_valid=1 cal_reason=none | bpm=69.0 conf=0.30 lock=0 phase=0.58 beat=0 bstr=0.01 | onset=0 bass=0 ostr=0.00 | raw_i16_abs_peak=26 raw_i16_rms=12.6 raw_i16_near_pct=0.000 | k1_loud=1 input_trim=1.000 gdft_trim=0.898 agc_gain=0.096 agc_env=0.0000 clip_pct=0.000 near_pct=0.000 peak_pin=0.117 spec_pin=0.000 spec_sat=0.000 lg_mode=2 lightshow=32
1787168023.363 > :fps
1787168023.363 > :led_fps
1787168023.401 sbr{{
1787168023.401 SYSTEM_FPS: 139.43
1787168023.401 }}
1787168023.401 sbr{{
1787168023.401 LED_FPS: 201.99
1787168023.401 }}
1787168023.562 [VP] profile=candidate fix=111011 chroma_seq=535018 chroma_flatness=0.2754 chroma_norm_max=1.0989 chroma_norm_mean=0.8234 chroma_final_max=0.9761 chroma_final_mean=0.7069 agc_gain=0.1223 bloom_alpha=0.9900 bloom_shift=1.0000 wave_idle=0.9850 wave_raw_margin=1.1000 wave_peak_floor=0.0800 wave_vu_floor=0.0200 wave_shift=120.0000 render_us=1426 render_avg=1601 render_max=2860
1787168024.045 [AP] SSL=312 DC=-73 max_raw=1090 follower=1156 peak_scaled=0.865 response_gain=1.000 silent_scale=1.000 silence=0 sil_pk=1107 rms_raw=0.0179 pky=1.84 dim=0 cal_source=persisted_profile cal_valid=1 cal_reason=none | bpm=69.0 conf=0.35 lock=0 phase=0.72 beat=0 bstr=0.02 | onset=0 bass=0 ostr=0.00 | raw_i16_abs_peak=53 raw_i16_rms=27.9 raw_i16_near_pct=0.000 | k1_loud=1 input_trim=1.000 gdft_trim=0.863 agc_gain=0.090 agc_env=0.0000 clip_pct=0.000 near_pct=0.000 peak_pin=0.259 spec_pin=0.000 spec_sat=0.000 lg_mode=2 lightshow=32
1787168024.576 [VP] profile=candidate fix=111011 chroma_seq=535221 chroma_flatness=0.2721 chroma_norm_max=0.9672 chroma_norm_mean=0.6950 chroma_final_max=0.8331 chroma_final_mean=0.5717 agc_gain=0.0832 bloom_alpha=0.9900 bloom_shift=1.0000 wave_idle=0.9850 wave_raw_margin=1.1000 wave_peak_floor=0.0800 wave_vu_floor=0.0200 wave_shift=120.0000 render_us=1623 render_avg=1589 render_max=2860
1787168025.054 [AP] SSL=312 DC=-73 max_raw=917 follower=1074 peak_scaled=0.862 response_gain=1.000 silent_scale=1.000 silence=0 sil_pk=1011 rms_raw=0.0155 pky=1.60 dim=0 cal_source=persisted_profile cal_valid=1 cal_reason=none | bpm=69.0 conf=0.34 lock=0 phase=0.88 beat=0 bstr=0.09 | onset=1 bass=0 ostr=0.00 | raw_i16_abs_peak=44 raw_i16_rms=19.8 raw_i16_near_pct=0.000 | k1_loud=1 input_trim=1.000 gdft_trim=0.917 agc_gain=0.087 agc_env=0.0000 clip_pct=0.000 near_pct=0.000 peak_pin=0.098 spec_pin=0.000 spec_sat=0.000 lg_mode=2 lightshow=32
1787168025.364 > :fps
1787168025.364 > :led_fps
1787168025.374 sbr{{
1787168025.374 SYSTEM_FPS: 140.14
1787168025.374 }}
1787168025.374 sbr{{
1787168025.374 LED_FPS: 202.21
1787168025.374 }}
1787168025.586 [VP] profile=candidate fix=111011 chroma_seq=535422 chroma_flatness=0.2766 chroma_norm_max=1.0324 chroma_norm_mean=0.7557 chroma_final_max=0.9167 chroma_final_mean=0.6447 agc_gain=0.0928 bloom_alpha=0.9900 bloom_shift=1.0000 wave_idle=0.9850 wave_raw_margin=1.1000 wave_peak_floor=0.0800 wave_vu_floor=0.0200 wave_shift=120.0000 render_us=1473 render_avg=1585 render_max=2860
1787168026.074 [AP] SSL=312 DC=-73 max_raw=917 follower=1256 peak_scaled=0.730 response_gain=1.000 silent_scale=1.000 silence=0 sil_pk=1053 rms_raw=0.0109 pky=1.51 dim=0 cal_source=persisted_profile cal_valid=1 cal_reason=none | bpm=69.0 conf=0.24 lock=0 phase=0.04 beat=0 bstr=0.08 | onset=0 bass=0 ostr=0.00 | raw_i16_abs_peak=44 raw_i16_rms=22.0 raw_i16_near_pct=0.000 | k1_loud=1 input_trim=1.000 gdft_trim=0.822 agc_gain=0.085 agc_env=0.0000 clip_pct=0.000 near_pct=0.000 peak_pin=0.371 spec_pin=0.000 spec_sat=0.000 lg_mode=2 lightshow=32
1787168026.548 [VP] profile=candidate fix=111011 chroma_seq=535625 chroma_flatness=0.1461 chroma_norm_max=0.7305 chroma_norm_mean=0.5844 chroma_final_max=0.2086 chroma_final_mean=0.1602 agc_gain=0.0867 bloom_alpha=0.9900 bloom_shift=1.0000 wave_idle=0.9850 wave_raw_margin=1.1000 wave_peak_floor=0.0800 wave_vu_floor=0.0200 wave_shift=120.0000 render_us=1671 render_avg=1674 render_max=2860
1787168027.086 [AP] SSL=312 DC=-73 max_raw=1013 follower=1114 peak_scaled=1.011 response_gain=1.000 silent_scale=1.000 silence=0 sil_pk=1169 rms_raw=0.0231 pky=2.03 dim=0 cal_source=persisted_profile cal_valid=1 cal_reason=none | bpm=69.0 conf=0.44 lock=0 phase=0.18 beat=0 bstr=0.05 | onset=1 bass=0 ostr=0.00 | raw_i16_abs_peak=49 raw_i16_rms=27.8 raw_i16_near_pct=0.000 | k1_loud=1 input_trim=1.000 gdft_trim=0.864 agc_gain=0.111 agc_env=0.0000 clip_pct=0.000 near_pct=0.000 peak_pin=0.177 spec_pin=0.000 spec_sat=0.000 lg_mode=2 lightshow=32
1787168027.368 > :palette_index=40
1787168027.368 > :secondary_palette_index=40
1787168027.402 sbr{{
1787168027.402 PALETTE: 40 (K1_Naberius_Gold_gp)
1787168027.402 }}
1787168027.402 sbr{{
1787168027.402 SECONDARY_PALETTE_INDEX: 40 (K1_Naberius_Gold_gp)
1787168027.402 }}
1787168027.558 [VP] profile=candidate fix=111011 chroma_seq=535826 chroma_flatness=0.2644 chroma_norm_max=0.9772 chroma_norm_mean=0.7127 chroma_final_max=0.8089 chroma_final_mean=0.5650 agc_gain=0.0861 bloom_alpha=0.9900 bloom_shift=1.0000 wave_idle=0.9850 wave_raw_margin=1.1000 wave_peak_floor=0.0800 wave_vu_floor=0.0200 wave_shift=120.0000 render_us=1489 render_avg=1540 render_max=2860
1787168027.917 > :secondary_status=
1787168027.930 sbr{{
1787168027.930 SECONDARY_ENABLED: true
1787168027.930 SECONDARY_CONTROL: false (encoders control primary channel)
1787168027.930 SECONDARY_MODE: 7 (WAVEFORM-FAST)
1787168027.930 SECONDARY_PHOTONS: 1.000000
1787168027.930 SECONDARY_CHROMA: 0.000000
1787168027.930 SECONDARY_MOOD: 0.100000
1787168027.930 SECONDARY_SATURATION: 1.000000
1787168027.930 SECONDARY_PRISM_COUNT: 1.00
1787168027.930 SECONDARY_MIRROR_ENABLED: true
1787168027.930 SECONDARY_REVERSE_ORDER: false
1787168027.930 SECONDARY_BASE_COAT: false
1787168027.930 SECONDARY_PALETTE_MODE_ENABLED: true
1787168027.930 SECONDARY_PALETTE_INDEX: 40 (K1_Naberius_Gold_gp)
1787168027.930 NOTE: This command is deprecated, please use secondary_status instead
1787168027.930 }}
1787168027.959 > :vp_stream=0
1787168027.985 sbr{{
1787168027.985 VP_STREAM: off
1787168027.985 }}
1787168028.011 > :palette_index=40
1787168028.011 > :secondary_palette_index=40
1787168028.037 sbr{{
1787168028.037 PALETTE: 40 (K1_Naberius_Gold_gp)
1787168028.037 }}
1787168028.037 sbr{{
1787168028.037 SECONDARY_PALETTE_INDEX: 40 (K1_Naberius_Gold_gp)
1787168028.037 }}
1787168028.092 [AP] SSL=312 DC=-73 max_raw=802 follower=1129 peak_scaled=0.748 response_gain=1.000 silent_scale=1.000 silence=0 sil_pk=1009 rms_raw=0.0214 pky=1.48 dim=0 cal_source=persisted_profile cal_valid=1 cal_reason=none | bpm=69.0 conf=0.34 lock=0 phase=0.35 beat=0 bstr=0.04 | onset=0 bass=0 ostr=0.00 | raw_i16_abs_peak=38 raw_i16_rms=23.3 raw_i16_near_pct=0.000 | k1_loud=1 input_trim=1.000 gdft_trim=0.870 agc_gain=0.083 agc_env=0.0000 clip_pct=0.000 near_pct=0.000 peak_pin=0.099 spec_pin=0.000 spec_sat=0.000 lg_mode=2 lightshow=32
