493258 0.000000 0
493265 0.000000 0
493272 0.000000 0
493280 0.052550 1
493289 0.000000 0
493296 0.000000 0
493304 0.056200 1
493310 0.000000 0
493318 0.000000 0
493325 0.055100 1
493334 0.000000 0
493342 0.000000 0
493349 0.045880 1
493354 0.000000 0
493362 0.000000 0
493369 0.041150 1
493378 0.000000 0
493386 0.000000 0
493393 0.036220 1
493399 0.000000 0
493406 0.000000 0
493414 0.038860 1
493423 0.000000 0
493430 0.000000 0
493438 0.060000 1
493444 0.000000 0
493452 0.000000 0
493459 0.053830 1
493468 0.000000 0
493476 0.000000 0
493483 0.057540 1
493489 0.000000 0
493496 0.000000 0
493504 0.064650 1
493513 0.000000 0
493520 0.000000 0
493528 0.059490 1
493534 0.000000 0
493542 0.000000 0
493549 0.050320 1
493558 0.000000 0
493566 0.000000 0
493573 0.055240 1
493579 0.000000 0
493586 0.000000 0
493594 0.060260 1
493603 0.000000 0
493610 0.000000 0
493618 0.071600 1
493624 0.000000 0
493632 0.000000 0
493639 0.053270 1
493648 0.000000 0
493656 0.000000 0
493663 0.051220 1
493671 0.000000 0
493678 0.000000 0
493686 0.048160 1
493694 0.000000 0
493702 0.000000 0
493709 0.072860 1
493716 0.000000 0
493724 0.000000 0
493731 0.062610 1
493738 0.000000 0
493746 0.000000 0
493753 0.050630 1
493760 0.000000 0
493768 0.000000 0
493775 0.041520 1
493784 0.000000 0
493792 0.000000 0
493799 0.045040 1
493805 0.000000 0
493812 0.000000 0
493820 0.059240 1
493829 0.000000 0
493836 0.000000 0
493844 0.062120 1
493850 0.000000 0
493858 0.000000 0
493865 0.043320 1
493874 0.000000 0
493882 0.000000 0
493889 0.046540 1
493895 0.000000 0
493902 0.000000 0
493910 0.067660 1
493919 0.000000 0
493926 0.000000 0
493934 0.074420 1
493940 0.000000 0
493948 0.000000 0
493955 0.060000 1
493963 0.000000 0
493970 0.000000 0
493978 0.050780 1
493984 0.000000 0
493992 0.000000 0
493999 0.060000 1
494008 0.000000 0
494016 0.000000 0
494023 0.051070 1
494029 0.000000 0
494036 0.000000 0
494044 0.056060 1
494053 0.000000 0
494060 0.000000 0
494068 0.057400 1
494074 0.000000 0
494082 0.000000 0
494089 0.056600 1
494098 0.000000 0
494106 0.000000 0
494113 0.053560 1
494119 0.000000 0
494126 0.000000 0
494134 0.047520 1
494143 0.000000 0
494150 0.000000 0
494158 0.060760 1
494164 0.000000 0
494172 0.000000 0
494179 0.076840 1
494189 0.000000 0
494196 0.000000 0
494204 0.114550 1
494211 0.000000 0
494218 0.000000 0
494226 0.108810 1
494234 0.000000 0
494242 0.000000 0
494249 0.060260 1
494256 0.000000 0
494264 0.000000 0
494271 0.048160 1
494279 0.000000 0
494286 0.000000 0
494294 0.034490 1
494300 0.000000 0
494308 0.000000 0
494315 0.030750 1
494324 0.000000 0
494332 0.000000 0
494339 0.046540 1
494345 0.000000 0
494352 0.000000 0
494360 0.037660 1
494369 0.000000 0
494376 0.000000 0
494384 0.047840 1
494390 0.000000 0
494398 0.000000 0
494405 0.051380 1
494413 0.000000 0
494420 0.000000 0
494428 0.051070 1
494435 0.000000 0
494442 0.000000 0
494450 0.050170 1
494459 0.000000 0
494466 0.000000 0
494474 0.046710 1
494480 0.000000 0
494488 0.000000 0
494495 0.138600 1
494504 0.000000 0
494512 0.000000 0
494519 0.108600 1
494525 0.000000 0
494532 0.000000 0
494540 0.070190 1
494549 0.000000 0
494556 0.000000 0
494564 0.043840 1
494569 0.000000 0
494576 0.000000 0
494584 0.024380 1
494593 0.000000 0
494600 0.000000 0
494608 0.031720 1
494614 0.000000 0
494622 0.000000 0
494629 0.044190 1
494638 0.000000 0
494646 0.000000 0
494653 0.047520 1
494659 0.000000 0
494666 0.000000 0
494674 0.074220 1
494683 0.000000 0
494690 0.000000 0
494698 0.051070 1
494704 0.000000 0
494712 0.000000 0
494719 0.052690 1
494728 0.000000 0
494736 0.000000 0
494743 0.052980 1
494749 0.000000 0
494756 0.000000 0
494764 0.049560 1
494773 0.000000 0
494780 0.000000 0
494788 0.050320 1
494794 0.000000 0
494802 0.000000 0
494809 0.040590 1
494819 0.000000 0
494826 0.000000 0
494834 0.055790 1
494839 0.000000 0
494846 0.000000 0
494854 0.046370 1
494863 0.000000 0
494870 0.000000 0
494878 0.053560 1
494884 0.000000 0
494892 0.000000 0
494899 0.056870 1
494909 0.000000 0
494916 0.000000 0
494924 0.057400 1
494929 0.000000 0
494936 0.000000 0
494944 0.060760 1
494953 0.000000 0
494960 0.000000 0
494968 0.066060 1
494975 0.000000 0
494982 0.000000 0
494990 0.050170 1
494998 0.000000 0
495006 0.000000 0
495013 0.043840 1
495020 0.000000 0
495028 0.000000 0
495035 0.062730 1
495043 0.000000 0
495050 0.000000 0
495058 0.067310 1
495065 0.000000 0
495072 0.000000 0
495080 0.066160 1
495089 0.000000 0
495096 0.000000 0
495104 0.052400 1
495109 0.000000 0
495116 0.000000 0
495124 0.064180 1
495133 0.000000 0
495140 0.000000 0
495148 0.067310 1
495154 0.000000 0
495162 0.000000 0
495169 0.070190 1
495178 0.000000 0
495186 0.000000 0
495193 0.048160 1
495199 0.000000 0
495206 0.000000 0
495214 0.050320 1
495223 0.000000 0
495230 0.000000 0
495238 0.044360 1
495244 0.000000 0
495252 0.000000 0
495259 0.064180 1
495268 0.000000 0
495276 0.000000 0
495283 0.066410 1
495289 0.000000 0
495296 0.000000 0
495304 0.055510 1
495313 0.000000 0
495320 0.000000 0
495328 0.046050 1
495334 0.000000 0
495342 0.000000 0
495349 0.062240 1
495358 0.000000 0
495366 0.000000 0
495373 0.065000 1
495379 0.000000 0
495386 0.000000 0
495394 0.064060 1
495404 0.000000 0
495412 0.000000 0
495419 0.060140 1
495425 0.000000 0
495432 0.000000 0
495440 0.050020 1
495448 0.000000 0
495456 0.000000 0
495463 0.045550 1
495471 0.000000 0
495478 0.000000 0
495486 0.065580 1
495493 0.000000 0
495500 0.000000 0
495508 0.058720 1
495515 0.000000 0
495522 0.000000 0
495530 0.058590 1
495539 0.000000 0
495546 0.000000 0
495554 0.063220 1
495560 0.000000 0
495568 0.000000 0
495575 0.048160 1
495584 0.000000 0
495592 0.000000 0
495599 0.045040 1
495605 0.000000 0
495612 0.000000 0
495620 0.051960 1
495628 0.000000 0
495636 0.000000 0
495643 0.054120 1
495650 0.000000 0
495658 0.000000 0
495665 0.054400 1
495674 0.000000 0
495682 0.000000 0
495689 0.043320 1
495695 0.000000 0
495702 0.000000 0
495710 0.058200 1
495718 0.000000 0
495726 0.000000 0
495733 0.069210 1
495739 0.000000 0
495746 0.000000 0
495754 0.062730 1
495764 0.000000 0
495772 0.000000 0
495779 0.073270 1
495785 0.000000 0
495792 0.000000 0
495800 0.054120 1
495808 0.000000 0
495816 0.000000 0
495823 0.062240 1
495829 0.000000 0
495836 0.000000 0
495844 0.059620 1
495853 0.000000 0
495860 0.000000 0
495868 0.063830 1
495874 0.000000 0
495882 0.000000 0
495889 0.042070 1
495898 0.000000 0
495906 0.000000 0
495913 0.055510 1
495919 0.000000 0
495926 0.000000 0
495934 0.053700 1
495943 0.000000 0
495950 0.000000 0
495958 0.063100 1
495964 0.000000 0
495972 0.000000 0
495979 0.053970 1
495988 0.000000 0
495996 0.000000 0
496003 0.060260 1
496009 0.000000 0
496016 0.000000 0
496024 0.068440 1
496033 0.000000 0
496040 0.000000 0
496048 0.070190 1
496054 0.000000 0
496062 0.000000 0
496069 0.050920 1
496078 0.000000 0
496086 0.000000 0
496093 0.054260 1
496099 0.000000 0
496106 0.000000 0
496114 0.050480 1
496123 0.000000 0
496130 0.000000 0
496138 0.046540 1
496146 0.000000 0
496154 0.000000 0
496161 0.052260 1
496169 0.000000 0
496176 0.000000 0
496184 0.051070 1
496191 0.000000 0
496198 0.000000 0
496206 0.054120 1
496213 0.000000 0
496220 0.000000 0
496228 0.064060 1
496236 0.000000 0
496244 0.000000 0
496251 0.059360 1
496259 0.000000 0
496266 0.000000 0
496274 0.048160 1
496280 0.000000 0
496288 0.000000 0
496295 0.040770 1
496304 0.000000 0
496312 0.000000 0
496319 0.039830 1
496325 0.000000 0
496332 0.000000 0
496340 0.058720 1
496349 0.000000 0
496356 0.000000 0
496364 0.053270 1
496370 0.000000 0
496378 0.000000 0
496385 0.064420 1
496394 0.000000 0
496402 0.000000 0
496409 0.072020 1
496415 0.000000 0
496422 0.000000 0
496430 0.074220 1
496439 0.000000 0
496446 0.000000 0
496454 0.062120 1
496460 0.000000 0
496468 0.000000 0
496475 0.058590 1
496484 0.000000 0
496492 0.000000 0
496499 0.064770 1
496505 0.000000 0
496512 0.000000 0
496520 0.078800 1
496529 0.000000 0
496536 0.000000 0
496544 0.054540 1
496550 0.000000 0
496558 0.000000 0
496565 0.040210 1
496574 0.000000 0
496582 0.000000 0
496589 0.039440 1
496595 0.000000 0
496602 0.000000 0
496610 0.043670 1
496619 0.000000 0
496626 0.000000 0
496634 0.046880 1
496640 0.000000 0
496648 0.000000 0
496655 0.034930 1
496663 0.000000 0
496670 0.000000 0
496678 0.048780 1
496684 0.000000 0
496692 0.000000 0
496699 0.058850 1
496708 0.000000 0
496716 0.000000 0
496723 0.055650 1
496729 0.000000 0
496736 0.000000 0
496744 0.056200 1
496753 0.000000 0
496760 0.000000 0
496768 0.064060 1
496774 0.000000 0
496782 0.000000 0
496789 0.050630 1
496798 0.000000 0
496806 0.000000 0
496813 0.033140 1
496819 0.000000 0
496826 0.000000 0
496834 0.088730 1
496843 0.000000 0
496850 0.000000 0
496858 0.099730 1
496864 0.000000 0
496872 0.000000 0
496879 0.055510 1
496888 0.000000 0
496896 0.000000 0
496903 0.048310 1
496909 0.000000 0
496916 0.000000 0
496924 0.052840 1
496933 0.000000 0
496940 0.000000 0
496948 0.044710 1
496954 0.000000 0
496962 0.000000 0
496969 0.048310 1
496978 0.000000 0
496986 0.000000 0
496993 0.026200 1
497001 0.000000 0
497008 0.000000 0
497016 0.038070 1
497024 0.000000 0
497032 0.000000 0
497039 0.033140 1
497044 0.000000 0
497052 0.000000 0
497059 0.122150 1
497068 0.000000 0
497076 0.000000 0
497083 0.077240 1
497090 0.000000 0
497098 0.000000 0
497105 0.043320 1
497114 0.000000 0
497122 0.000000 0
497129 0.054830 1
497135 0.000000 0
497142 0.000000 0
497150 0.048160 1
497158 0.000000 0
497166 0.000000 0
497173 0.058200 1
497180 0.000000 0
497188 0.000000 0
497195 0.054120 1
497203 0.000000 0
497210 0.000000 0
497218 0.051960 1
497225 0.000000 0
497232 0.000000 0
497240 0.047670 1
497249 0.000000 0
497256 0.000000 0
497264 0.041890 1
497269 0.000000 0
497276 0.000000 0
497284 0.058590 1
497294 0.000000 0
497302 0.000000 0
497309 0.047520 1
497315 0.000000 0
497322 0.000000 0
497330 0.047200 1
497338 0.000000 0
497346 0.000000 0
497353 0.044880 1
497359 0.000000 0
497366 0.000000 0
497374 0.045380 1
497383 0.000000 0
497390 0.000000 0
497398 0.062120 1
497404 0.000000 0
497412 0.000000 0
497419 0.066290 1
497428 0.000000 0
497436 0.000000 0
497443 0.068210 1
497449 0.000000 0
497456 0.000000 0
497464 0.068210 1
497473 0.000000 0
497480 0.000000 0
497488 0.086290 1
497494 0.000000 0
497502 0.000000 0
497509 0.077040 1
497518 0.000000 0
497526 0.000000 0
497533 0.066510 1
497539 0.000000 0
497546 0.000000 0
497554 0.040020 1
497564 0.000000 0
497572 0.000000 0
497579 0.045720 1
497585 0.000000 0
497592 0.000000 0
497600 0.043140 1
497608 0.000000 0
497616 0.000000 0
497623 0.048940 1
497630 0.000000 0
497638 0.000000 0
497645 0.050320 1
497653 0.000000 0
497660 0.000000 0
497668 0.041520 1
497675 0.000000 0
497682 0.000000 0
497690 0.050780 1
497698 0.000000 0
497706 0.000000 0
497713 0.059100 1
497720 0.000000 0
497728 0.000000 0
497735 0.048310 1
497743 0.000000 0
497750 0.000000 0
497758 0.053700 1
497765 0.000000 0
497772 0.000000 0
497780 0.051960 1
497789 0.000000 0
497796 0.000000 0
497804 0.032910 1
497810 0.000000 0
497818 0.000000 0
497825 0.035160 1
497834 0.000000 0
497842 0.000000 0
497849 0.046710 1
497855 0.000000 0
497862 0.000000 0
497870 0.047990 1
497878 0.000000 0
497886 0.000000 0
497893 0.066640 1
497899 0.000000 0
497906 0.000000 0
497914 0.053560 1
497923 0.000000 0
497930 0.000000 0
497938 0.060380 1
497944 0.000000 0
497952 0.000000 0
497959 0.078600 1
497968 0.000000 0
497976 0.000000 0
497983 0.074720 1
497989 0.000000 0
497996 0.000000 0
498004 0.062360 1
498013 0.000000 0
498020 0.000000 0
498028 0.059240 1
498034 0.000000 0
498042 0.000000 0
498049 0.046370 1
498058 0.000000 0
498066 0.000000 0
498073 0.047200 1
498079 0.000000 0
498086 0.000000 0
498094 0.055510 1
498103 0.000000 0
498110 0.000000 0
498118 0.043840 1
498124 0.000000 0
498132 0.000000 0
498139 0.043320 1
498148 0.000000 0
498156 0.000000 0
498163 0.042070 1
498170 0.000000 0
498178 0.000000 0
498185 0.053970 1
498193 0.000000 0
498200 0.000000 0
498208 0.055920 1
498214 0.000000 0
498222 0.000000 0
498229 0.053970 1
498238 0.000000 0
498246 0.000000 0
498253 0.062120 1
498260 0.000000 0
498268 0.000000 0
498275 0.055920 1
498284 0.000000 0
498292 0.000000 0
498299 0.056600 1
498305 0.000000 0
498312 0.000000 0
498320 0.059360 1
498329 0.000000 0
498336 0.000000 0
498344 0.057130 1
498350 0.000000 0
498358 0.000000 0
498365 0.061260 1
498374 0.000000 0
498382 0.000000 0
498389 0.078420 1
498394 0.000000 0
498402 0.000000 0
498409 0.075940 1
498418 0.000000 0
498426 0.000000 0
498433 0.068540 1
498440 0.000000 0
498448 0.000000 0
498455 0.061140 1
498464 0.000000 0
498472 0.000000 0
498479 0.053560 1
498485 0.000000 0
498492 0.000000 0
498500 0.043670 1
498508 0.000000 0
498516 0.000000 0
498523 0.073590 1
498529 0.000000 0
498536 0.000000 0
498544 0.046220 1
498553 0.000000 0
498560 0.000000 0
498568 0.036220 1
498574 0.000000 0
498582 0.000000 0
498589 0.048940 1
498598 0.000000 0
498606 0.000000 0
498613 0.047520 1
498619 0.000000 0
498626 0.000000 0
498634 0.053560 1
498643 0.000000 0
498650 0.000000 0
498658 0.031250 1
498664 0.000000 0
498672 0.000000 0
498679 0.046220 1
498688 0.000000 0
498696 0.000000 0
498703 0.068330 1
498709 0.000000 0
498716 0.000000 0
498724 0.046540 1
498733 0.000000 0
498740 0.000000 0
498748 0.055920 1
498754 0.000000 0
498762 0.000000 0
498769 0.067540 1
498779 0.000000 0
498786 0.000000 0
498794 0.066410 1
498800 0.000000 0
498808 0.000000 0
498815 0.051820 1
498823 0.000000 0
498830 0.000000 0
498838 0.062360 1
498846 0.000000 0
498854 0.000000 0
498861 0.070630 1
498869 0.000000 0
498876 0.000000 0
498884 0.066740 1
498890 0.000000 0
498898 0.000000 0
498905 0.063830 1
498913 0.000000 0
498920 0.000000 0
498928 0.050320 1
498935 0.000000 0
498942 0.000000 0
498950 0.057940 1
498958 0.000000 0
498966 0.000000 0
498973 0.057940 1
498979 0.000000 0
498986 0.000000 0
498994 0.048160 1
499004 0.000000 0
499012 0.000000 0
499019 0.041700 1
499025 0.000000 0
499032 0.000000 0
499040 0.041890 1
499049 0.000000 0
499056 0.000000 0
499064 0.058060 1
499070 0.000000 0
499078 0.000000 0
499085 0.061510 1
499094 0.000000 0
499102 0.000000 0
499109 0.064420 1
499115 0.000000 0
499122 0.000000 0
499130 0.060760 1
499138 0.000000 0
499146 0.000000 0
499153 0.053120 1
499159 0.000000 0
499166 0.000000 0
499174 0.044360 1
499183 0.000000 0
499190 0.000000 0
499198 0.058850 1
499204 0.000000 0
499212 0.000000 0
499219 0.064180 1
499228 0.000000 0
499236 0.000000 0
499243 0.077440 1
499249 0.000000 0
499256 0.000000 0
499264 0.062850 1
499273 0.000000 0
499280 0.000000 0
499288 0.050170 1
499294 0.000000 0
499302 0.000000 0
499309 0.050780 1
499318 0.000000 0
499326 0.000000 0
499333 0.065480 1
499339 0.000000 0
499346 0.000000 0
499354 0.077440 1
499363 0.000000 0
499370 0.000000 0
499378 0.081560 1
499385 0.000000 0
499392 0.000000 0
499400 0.070080 1
499409 0.000000 0
499416 0.000000 0
499424 0.047840 1
499431 0.000000 0
499438 0.000000 0
499446 0.044530 1
499454 0.000000 0
499462 0.000000 0
499469 0.038860 1
499476 0.000000 0
499484 0.000000 0
499491 0.045720 1
499499 0.000000 0
499506 0.000000 0
499514 0.050020 1
499520 0.000000 0
499528 0.000000 0
499535 0.045550 1
499544 0.000000 0
499552 0.000000 0
499559 0.049090 1
499565 0.000000 0
499572 0.000000 0
499580 0.038670 1
499588 0.000000 0
499596 0.000000 0
499603 0.054690 1
499610 0.000000 0
499618 0.000000 0
499625 0.056200 1
499634 0.000000 0
499642 0.000000 0
499649 0.057010 1
499655 0.000000 0
499662 0.000000 0
499670 0.062360 1
499679 0.000000 0
499686 0.000000 0
499694 0.061010 1
499700 0.000000 0
499708 0.000000 0
499715 0.048310 1
499724 0.000000 0
499732 0.000000 0
499739 0.044190 1
499745 0.000000 0
499752 0.000000 0
499760 0.045380 1
499768 0.000000 0
499776 0.000000 0
499783 0.048780 1
499789 0.000000 0
499796 0.000000 0
499804 0.072020 1
499813 0.000000 0
499820 0.000000 0
499828 0.060000 1
499834 0.000000 0
499842 0.000000 0
499849 0.074110 1
499858 0.000000 0
499866 0.000000 0
499873 0.052840 1
499879 0.000000 0
499886 0.000000 0
499894 0.055650 1
499903 0.000000 0
499910 0.000000 0
499918 0.054260 1
499924 0.000000 0
499932 0.000000 0
499939 0.059880 1
499948 0.000000 0
499956 0.000000 0
499963 0.054400 1
499969 0.000000 0
499976 0.000000 0
499984 0.067310 1
499993 0.000000 0
500000 0.000000 0
500008 0.062500 1
500014 0.000000 0
500022 0.000000 0
500029 0.061010 1
500039 0.000000 0
500046 0.000000 0
500054 0.044360 1
500061 0.000000 0
500068 0.000000 0
500076 0.042420 1
500084 0.000000 0
500092 0.000000 0
500099 0.028430 1
500104 0.000000 0
500112 0.000000 0
500119 0.048160 1
500129 0.000000 0
500136 0.000000 0
500144 0.060760 1
500150 0.000000 0
500158 0.000000 0
500165 0.077240 1
500174 0.000000 0
500182 0.000000 0
500189 0.081740 1
500195 0.000000 0
500202 0.000000 0
500210 0.069210 1
500219 0.000000 0
500226 0.000000 0
500234 0.045880 1
500240 0.000000 0
500248 0.000000 0
500255 0.050320 1
500264 0.000000 0
500272 0.000000 0
500279 0.086730 1
500285 0.000000 0
500292 0.000000 0
500300 0.062610 1
500309 0.000000 0
500316 0.000000 0
500324 0.057940 1
500329 0.000000 0
500336 0.000000 0
500344 0.040410 1
500353 0.000000 0
500360 0.000000 0
500368 0.039250 1
500374 0.000000 0
500382 0.000000 0
500389 0.044710 1
500398 0.000000 0
500406 0.000000 0
500413 0.062500 1
500419 0.000000 0
500426 0.000000 0
500434 0.046370 1
500443 0.000000 0
500450 0.000000 0
500458 0.048160 1
500464 0.000000 0
500472 0.000000 0
500479 0.053120 1
500488 0.000000 0
500496 0.000000 0
500503 0.053560 1
500509 0.000000 0
500516 0.000000 0
500524 0.053270 1
500533 0.000000 0
500540 0.000000 0
500548 0.055920 1
500554 0.000000 0
500562 0.000000 0
500569 0.046540 1
500578 0.000000 0
500586 0.000000 0
500593 0.054260 1
500601 0.000000 0
500608 0.000000 0
500616 0.051960 1
500624 0.000000 0
500632 0.000000 0
500639 0.054830 1
500645 0.000000 0
500652 0.000000 0
500660 0.059240 1
500669 0.000000 0
500676 0.000000 0
500684 0.062360 1
500691 0.000000 0
500698 0.000000 0
500706 0.052110 1
500713 0.000000 0
500720 0.000000 0
500728 0.054960 1
500735 0.000000 0
500742 0.000000 0
500750 0.078130 1
500759 0.000000 0
500766 0.000000 0
500774 0.078510 1
500780 0.000000 0
500788 0.000000 0
500795 0.067870 1
500804 0.000000 0
500812 0.000000 0
500819 0.060880 1
500825 0.000000 0
500832 0.000000 0
500840 0.051070 1
500849 0.000000 0
500856 0.000000 0
500864 0.051070 1
500870 0.000000 0
500878 0.000000 0
500885 0.060260 1
500894 0.000000 0
500902 0.000000 0
500909 0.061010 1
500915 0.000000 0
500922 0.000000 0
500930 0.048630 1
500939 0.000000 0
500946 0.000000 0
500954 0.030990 1
500960 0.000000 0
500968 0.000000 0
500975 0.043320 1
500984 0.000000 0
500992 0.000000 0
500999 0.065830 1
501004 0.000000 0
501012 0.000000 0
501019 0.041150 1
501028 0.000000 0
501036 0.000000 0
501043 0.034930 1
501049 0.000000 0
501056 0.000000 0
501064 0.038670 1
501073 0.000000 0
501080 0.000000 0
501088 0.046540 1
501094 0.000000 0
501102 0.000000 0
501109 0.054960 1
501118 0.000000 0
501126 0.000000 0
501133 0.067200 1
501139 0.000000 0
501146 0.000000 0
501154 0.061630 1
501163 0.000000 0
501170 0.000000 0
501178 0.047520 1
501184 0.000000 0
501192 0.000000 0
501199 0.076140 1
501208 0.000000 0
501216 0.000000 0
501223 0.072240 1
501229 0.000000 0
501236 0.000000 0
501244 0.055650 1
501253 0.000000 0
501260 0.000000 0
501268 0.064880 1
501274 0.000000 0
501282 0.000000 0
501289 0.053120 1
501298 0.000000 0
501306 0.000000 0
501313 0.040020 1
501319 0.000000 0
501326 0.000000 0
501334 0.040020 1
501343 0.000000 0
501350 0.000000 0
501358 0.049260 1
501364 0.000000 0
501372 0.000000 0
501379 0.051220 1
501388 0.000000 0
501396 0.000000 0
501403 0.061510 1
501410 0.000000 0
501418 0.000000 0
501425 0.061260 1
501434 0.000000 0
501442 0.000000 0
501449 0.053560 1
501456 0.000000 0
501464 0.000000 0
501471 0.054540 1
501479 0.000000 0
501486 0.000000 0
501494 0.045880 1
501500 0.000000 0
501508 0.000000 0
501515 0.031250 1
501524 0.000000 0
501532 0.000000 0
501539 0.040960 1
501546 0.000000 0
501554 0.000000 0
501561 0.046540 1
501569 0.000000 0
501576 0.000000 0
501584 0.064180 1
501590 0.000000 0
501598 0.000000 0
501605 0.055240 1
501614 0.000000 0
501622 0.000000 0
501629 0.045720 1
501635 0.000000 0
501642 0.000000 0
501650 0.066410 1
501659 0.000000 0
501666 0.000000 0
501674 0.065830 1
501680 0.000000 0
501688 0.000000 0
501695 0.074420 1
501704 0.000000 0
501712 0.000000 0
501719 0.082580 1
501725 0.000000 0
501732 0.000000 0
501740 0.067310 1
501749 0.000000 0
501756 0.000000 0
501764 0.052690 1
501770 0.000000 0
501778 0.000000 0
501785 0.047990 1
501794 0.000000 0
501802 0.000000 0
501809 0.050020 1
501815 0.000000 0
501822 0.000000 0
501830 0.047670 1
501839 0.000000 0
501846 0.000000 0
501854 0.049560 1
501860 0.000000 0
501868 0.000000 0
501875 0.040020 1
501884 0.000000 0
501892 0.000000 0
501899 0.047520 1
501905 0.000000 0
501912 0.000000 0
501920 0.092010 1
501929 0.000000 0
501936 0.000000 0
501944 0.128370 1
501950 0.000000 0
501958 0.000000 0
501965 0.096540 1
501973 0.000000 0
501980 0.000000 0
501988 0.055240 1
501994 0.000000 0
502002 0.000000 0
502009 0.027340 1
502018 0.000000 0
502026 0.000000 0
502033 0.025010 1
502039 0.000000 0
502046 0.000000 0
502054 0.022100 1
502063 0.000000 0
502070 0.000000 0
502078 0.030990 1
502084 0.000000 0
502092 0.000000 0
502099 0.037660 1
502108 0.000000 0
502116 0.000000 0
502123 0.041890 1
502129 0.000000 0
502136 0.000000 0
502144 0.101850 1
502153 0.000000 0
502160 0.000000 0
502168 0.083130 1
502174 0.000000 0
502182 0.000000 0
502189 0.061260 1
502198 0.000000 0
502206 0.000000 0
502213 0.046050 1
502219 0.000000 0
502226 0.000000 0
502234 0.045720 1
502243 0.000000 0
502250 0.000000 0
502258 0.040590 1
502264 0.000000 0
502272 0.000000 0
502279 0.034040 1
502288 0.000000 0
502296 0.000000 0
502303 0.044530 1
502309 0.000000 0
502316 0.000000 0
502324 0.042790 1
502334 0.000000 0
502342 0.000000 0
502349 0.059880 1
502356 0.000000 0
502364 0.000000 0
502371 0.056730 1
502379 0.000000 0
502386 0.000000 0
502394 0.041890 1
502400 0.000000 0
502408 0.000000 0
502415 0.059880 1
502424 0.000000 0
502432 0.000000 0
502439 0.059620 1
502445 0.000000 0
502452 0.000000 0
502460 0.059750 1
502469 0.000000 0
502476 0.000000 0
502484 0.064530 1
502490 0.000000 0
502498 0.000000 0
502505 0.067990 1
502513 0.000000 0
502520 0.000000 0
502528 0.087250 1
502535 0.000000 0
502542 0.000000 0
502550 0.064770 1
502559 0.000000 0
502566 0.000000 0
502574 0.046370 1
502580 0.000000 0
502588 0.000000 0
502595 0.042970 1
502604 0.000000 0
502612 0.000000 0
502619 0.109090 1
502625 0.000000 0
502632 0.000000 0
502640 0.103410 1
502649 0.000000 0
502656 0.000000 0
502664 0.084140 1
502670 0.000000 0
502678 0.000000 0
502685 0.065350 1
502693 0.000000 0
502700 0.000000 0
502708 0.029740 1
502714 0.000000 0
502722 0.000000 0
502729 0.036420 1
502738 0.000000 0
502746 0.000000 0
502753 0.040960 1
502759 0.000000 0
502766 0.000000 0
502774 0.041700 1
502783 0.000000 0
502790 0.000000 0
502798 0.048780 1
502804 0.000000 0
502812 0.000000 0
502819 0.039440 1
502828 0.000000 0
502836 0.000000 0
502843 0.067200 1
502849 0.000000 0
502856 0.000000 0
502864 0.093340 1
502873 0.000000 0
502880 0.000000 0
502888 0.075530 1
502894 0.000000 0
502902 0.000000 0
502909 0.049090 1
502918 0.000000 0
502926 0.000000 0
502933 0.039640 1
502939 0.000000 0
502946 0.000000 0
502954 0.026200 1
502963 0.000000 0
502970 0.000000 0
502978 0.080990 1
502986 0.000000 0
502994 0.000000 0
503001 0.090420 1
503009 0.000000 0
503016 0.000000 0
503024 0.050920 1
503031 0.000000 0
503038 0.000000 0
503046 0.046370 1
503053 0.000000 0
503060 0.000000 0
503068 0.039060 1
503076 0.000000 0
503084 0.000000 0
503091 0.183550 1
503098 0.000000 0
503106 0.000000 0
503113 0.101410 1
503120 0.000000 0
503128 0.000000 0
503135 0.080900 1
503144 0.000000 0
503152 0.000000 0
503159 0.063580 1
503165 0.000000 0
503172 0.000000 0
503180 0.041700 1
503189 0.000000 0
503196 0.000000 0
503204 0.034930 1
503210 0.000000 0
503218 0.000000 0
503225 0.026200 1
503234 0.000000 0
503242 0.000000 0
503249 0.036010 1
503255 0.000000 0
503262 0.000000 0
503270 0.038270 1
503279 0.000000 0
503286 0.000000 0
503294 0.033600 1
503300 0.000000 0
503308 0.000000 0
503315 0.055650 1
503324 0.000000 0
503332 0.000000 0
503339 0.066640 1
503345 0.000000 0
503352 0.000000 0
503360 0.050780 1
503368 0.000000 0
503376 0.000000 0
503383 0.026780 1
503389 0.000000 0
503396 0.000000 0
503404 0.036420 1
503413 0.000000 0
503420 0.000000 0
503428 0.038270 1
503433 0.000000 0
503440 0.000000 0
503448 0.077820 1
503458 0.000000 0
503466 0.000000 0
503473 0.084860 1
503479 0.000000 0
503486 0.000000 0
503494 0.088550 1
503503 0.000000 0
503510 0.000000 0
503518 0.045550 1
503524 0.000000 0
503532 0.000000 0
503539 0.046050 1
503548 0.000000 0
503556 0.000000 0
503563 0.118790 1
503569 0.000000 0
503576 0.000000 0
503584 0.106190 1
503593 0.000000 0
503600 0.000000 0
503608 0.072020 1
503614 0.000000 0
503622 0.000000 0
503629 0.059360 1
503638 0.000000 0
503646 0.000000 0
503653 0.045720 1
503661 0.000000 0
503668 0.000000 0
503676 0.026780 1
503683 0.000000 0
503690 0.000000 0
503698 0.047670 1
503705 0.000000 0
503712 0.000000 0
503720 0.042420 1
503728 0.000000 0
503736 0.000000 0
503743 0.042790 1
503750 0.000000 0
503758 0.000000 0
503765 0.030990 1
503774 0.000000 0
503782 0.000000 0
503789 0.081470 1
503795 0.000000 0
503802 0.000000 0
503810 0.091430 1
503818 0.000000 0
503826 0.000000 0
503833 0.061140 1
503840 0.000000 0
503848 0.000000 0
503855 0.043140 1
503864 0.000000 0
503872 0.000000 0
503879 0.036420 1
503885 0.000000 0
503892 0.000000 0
503900 0.071490 1
503909 0.000000 0
503916 0.000000 0
503924 0.101780 1
503930 0.000000 0
503938 0.000000 0
503945 0.097260 1
503954 0.000000 0
503962 0.000000 0
503969 0.057940 1
503974 0.000000 0
503982 0.000000 0
503989 0.032210 1
503998 0.000000 0
504006 0.000000 0
504013 0.161850 1
504019 0.000000 0
504026 0.000000 0
504034 0.137040 1
504043 0.000000 0
504050 0.000000 0
504058 0.075640 1
504064 0.000000 0
504072 0.000000 0
504079 0.073590 1
504088 0.000000 0
504096 0.000000 0
504103 0.061010 1
504109 0.000000 0
504116 0.000000 0
504124 0.046220 1
504133 0.000000 0
504140 0.000000 0
504148 0.042070 1
504155 0.000000 0
504162 0.000000 0
504170 0.044880 1
504179 0.000000 0
504186 0.000000 0
504194 0.049260 1
504200 0.000000 0
504208 0.000000 0
504215 0.036420 1
504223 0.000000 0
504230 0.000000 0
504238 0.049560 1
504245 0.000000 0
504252 0.000000 0
504260 0.075330 1
504269 0.000000 0
504276 0.000000 0
504284 0.062610 1
504290 0.000000 0
504298 0.000000 0
504305 0.064420 1
504314 0.000000 0
504322 0.000000 0
504329 0.046710 1
504335 0.000000 0
504342 0.000000 0
504350 0.052400 1
504359 0.000000 0
504366 0.000000 0
504374 0.045720 1
504380 0.000000 0
504388 0.000000 0
504395 0.094710 1
504404 0.000000 0
504412 0.000000 0
504419 0.079290 1
504425 0.000000 0
504432 0.000000 0
504440 0.048780 1
504449 0.000000 0
504456 0.000000 0
504464 0.053830 1
504469 0.000000 0
504476 0.000000 0
504484 0.115340 1
504493 0.000000 0
504500 0.000000 0
504508 0.113070 1
504514 0.000000 0
504522 0.000000 0
504529 0.080990 1
504538 0.000000 0
504546 0.000000 0
504553 0.068990 1
504559 0.000000 0
504566 0.000000 0
504574 0.036220 1
504583 0.000000 0
504590 0.000000 0
504598 0.045380 1
504604 0.000000 0
504612 0.000000 0
504619 0.060880 1
504628 0.000000 0
504636 0.000000 0
504643 0.058060 1
504649 0.000000 0
504656 0.000000 0
504664 0.043670 1
504673 0.000000 0
504680 0.000000 0
504688 0.035370 1
504695 0.000000 0
504702 0.000000 0
504710 0.084230 1
504718 0.000000 0
504726 0.000000 0
504733 0.092350 1
504740 0.000000 0
504748 0.000000 0
504755 0.091190 1
504763 0.000000 0
504770 0.000000 0
504778 0.071920 1
504785 0.000000 0
504792 0.000000 0
504800 0.045550 1
504809 0.000000 0
504816 0.000000 0
504824 0.039250 1
504830 0.000000 0
504838 0.000000 0
504845 0.086730 1
504854 0.000000 0
504862 0.000000 0
504869 0.085660 1
504875 0.000000 0
504882 0.000000 0
504890 0.082860 1
504899 0.000000 0
504906 0.000000 0
504914 0.036640 1
504920 0.000000 0
504928 0.000000 0
504935 0.028700 1
504944 0.000000 0
504952 0.000000 0
504959 0.136660 1
504965 0.000000 0
504972 0.000000 0
504980 0.092270 1
504988 0.000000 0
504996 0.000000 0
505003 0.071270 1
505009 0.000000 0
505016 0.000000 0
505024 0.064300 1
505033 0.000000 0
505040 0.000000 0
505048 0.047030 1
505054 0.000000 0
505062 0.000000 0
505069 0.035580 1
505078 0.000000 0
505086 0.000000 0
505093 0.042250 1
505099 0.000000 0
505106 0.000000 0
505114 0.042600 1
505123 0.000000 0
505130 0.000000 0
505138 0.035800 1
505144 0.000000 0
505152 0.000000 0
505159 0.021030 1
505168 0.000000 0
505176 0.000000 0
505183 0.036420 1
505189 0.000000 0
505196 0.000000 0
505204 0.049710 1
505214 0.000000 0
505222 0.000000 0
505229 0.055650 1
505236 0.000000 0
505244 0.000000 0
505251 0.039250 1
505258 0.000000 0
505266 0.000000 0
505273 0.029740 1
505280 0.000000 0
505288 0.000000 0
505295 0.032670 1
505304 0.000000 0
505312 0.000000 0
505319 0.060260 1
505325 0.000000 0
505332 0.000000 0
505340 0.088120 1
505349 0.000000 0
505356 0.000000 0
505364 0.073590 1
505370 0.000000 0
505378 0.000000 0
505385 0.049090 1
505394 0.000000 0
505402 0.000000 0
505409 0.044530 1
505415 0.000000 0
505422 0.000000 0
505430 0.128850 1
505439 0.000000 0
505446 0.000000 0
505454 0.121720 1
505460 0.000000 0
505468 0.000000 0
505475 0.084600 1
505484 0.000000 0
505492 0.000000 0
505499 0.064060 1
505505 0.000000 0
505512 0.000000 0
505520 0.044530 1
505529 0.000000 0
505536 0.000000 0
505544 0.031250 1
505549 0.000000 0
505556 0.000000 0
505564 0.038270 1
505573 0.000000 0
505580 0.000000 0
505588 0.034040 1
505594 0.000000 0
505602 0.000000 0
505609 0.034270 1
505618 0.000000 0
505626 0.000000 0
505633 0.030500 1
505639 0.000000 0
505646 0.000000 0
505654 0.048630 1
505663 0.000000 0
505670 0.000000 0
505678 0.078220 1
505684 0.000000 0
505692 0.000000 0
505699 0.071490 1
505708 0.000000 0
505716 0.000000 0
505723 0.058200 1
505729 0.000000 0
505736 0.000000 0
505744 0.037460 1
505753 0.000000 0
505760 0.000000 0
505768 0.041520 1
505774 0.000000 0
505782 0.000000 0
505789 0.083860 1
505798 0.000000 0
505806 0.000000 0
505813 0.106610 1
505820 0.000000 0
505828 0.000000 0
505835 0.101700 1
505843 0.000000 0
505850 0.000000 0
505858 0.038860 1
505865 0.000000 0
505872 0.000000 0
505880 0.036010 1
505889 0.000000 0
505896 0.000000 0
505904 0.158620 1
505910 0.000000 0
505918 0.000000 0
505925 0.095600 1
505933 0.000000 0
505940 0.000000 0
505948 0.065830 1
505955 0.000000 0
505962 0.000000 0
505970 0.050480 1
505979 0.000000 0
505986 0.000000 0
505994 0.047990 1
506000 0.000000 0
506008 0.000000 0
506015 0.034710 1
506023 0.000000 0
506030 0.000000 0
506038 0.033140 1
506045 0.000000 0
506052 0.000000 0
506060 0.055100 1
506069 0.000000 0
506076 0.000000 0
506084 0.041890 1
506089 0.000000 0
506096 0.000000 0
506104 0.032670 1
506113 0.000000 0
506120 0.000000 0
506128 0.056460 1
506134 0.000000 0
506142 0.000000 0
506149 0.064530 1
506158 0.000000 0
506166 0.000000 0
506173 0.047990 1
506179 0.000000 0
506186 0.000000 0
506194 0.054830 1
506203 0.000000 0
506210 0.000000 0
506218 0.057130 1
506224 0.000000 0
506232 0.000000 0
506239 0.058200 1
506248 0.000000 0
506256 0.000000 0
506263 0.075750 1
506269 0.000000 0
506276 0.000000 0
506284 0.071920 1
506294 0.000000 0
506302 0.000000 0
506309 0.061390 1
506315 0.000000 0
506322 0.000000 0
506330 0.048460 1
506338 0.000000 0
506346 0.000000 0
506353 0.047030 1
506359 0.000000 0
506366 0.000000 0
506374 0.125350 1
506383 0.000000 0
506390 0.000000 0
506398 0.099500 1
506405 0.000000 0
506412 0.000000 0
506420 0.064420 1
506428 0.000000 0
506436 0.000000 0
506443 0.051960 1
506450 0.000000 0
506458 0.000000 0
506465 0.034040 1
506474 0.000000 0
506482 0.000000 0
506489 0.042250 1
506495 0.000000 0
506502 0.000000 0
506510 0.069980 1
506518 0.000000 0
506526 0.000000 0
506533 0.047670 1
506539 0.000000 0
506546 0.000000 0
506554 0.042420 1
506563 0.000000 0
506570 0.000000 0
506578 0.046880 1
506585 0.000000 0
506592 0.000000 0
506600 0.072540 1
506608 0.000000 0
506616 0.000000 0
506623 0.082760 1
506629 0.000000 0
506636 0.000000 0
506644 0.065830 1
506653 0.000000 0
506660 0.000000 0
506668 0.042250 1
506674 0.000000 0
506682 0.000000 0
506689 0.037660 1
506698 0.000000 0
506706 0.000000 0
506713 0.057130 1
506719 0.000000 0
506726 0.000000 0
506734 0.095280 1
506743 0.000000 0
506750 0.000000 0
506758 0.091520 1
506764 0.000000 0
506772 0.000000 0
506779 0.062360 1
506788 0.000000 0
506796 0.000000 0
506803 0.035160 1
506810 0.000000 0
506818 0.000000 0
506825 0.144950 1
506833 0.000000 0
506840 0.000000 0
506848 0.126390 1
506854 0.000000 0
506862 0.000000 0
506869 0.075440 1
506878 0.000000 0
506886 0.000000 0
506893 0.074830 1
506900 0.000000 0
506908 0.000000 0
506915 0.061630 1
506924 0.000000 0
506932 0.000000 0
506939 0.039440 1
506945 0.000000 0
506952 0.000000 0
506960 0.031720 1
506969 0.000000 0
506976 0.000000 0
506984 0.049260 1
506990 0.000000 0
506998 0.000000 0
507005 0.066290 1
507014 0.000000 0
507022 0.000000 0
507029 0.034490 1
507035 0.000000 0
507042 0.000000 0
507050 0.042250 1
507059 0.000000 0
507066 0.000000 0
507074 0.064650 1
507080 0.000000 0
507088 0.000000 0
507095 0.060260 1
507103 0.000000 0
507110 0.000000 0
507118 0.056060 1
507124 0.000000 0
507132 0.000000 0
507139 0.059100 1
507148 0.000000 0
507156 0.000000 0
507163 0.055510 1
507169 0.000000 0
507176 0.000000 0
507184 0.056340 1
507193 0.000000 0
507200 0.000000 0
507208 0.079000 1
507214 0.000000 0
507222 0.000000 0
507229 0.070420 1
507238 0.000000 0
507246 0.000000 0
507253 0.049560 1
507259 0.000000 0
507266 0.000000 0
507274 0.037260 1
507283 0.000000 0
507290 0.000000 0
507298 0.118790 1
507304 0.000000 0
507312 0.000000 0
507319 0.122090 1
507328 0.000000 0
507336 0.000000 0
507343 0.091190 1
507349 0.000000 0
507356 0.000000 0
507364 0.069660 1
507373 0.000000 0
507380 0.000000 0
507388 0.044010 1
507394 0.000000 0
507402 0.000000 0
507409 0.030750 1
507418 0.000000 0
507426 0.000000 0
507433 0.037460 1
507439 0.000000 0
507446 0.000000 0
507454 0.030990 1
507463 0.000000 0
507470 0.000000 0
507478 0.038670 1
507485 0.000000 0
507492 0.000000 0
507500 0.038270 1
507509 0.000000 0
507516 0.000000 0
507524 0.052980 1
507530 0.000000 0
507538 0.000000 0
507545 0.074720 1
507553 0.000000 0
507560 0.000000 0
507568 0.084410 1
507574 0.000000 0
507582 0.000000 0
507589 0.079290 1
507598 0.000000 0
507606 0.000000 0
507613 0.060880 1
507619 0.000000 0
507626 0.000000 0
507634 0.052980 1
507643 0.000000 0
507650 0.000000 0
507658 0.077330 1
507664 0.000000 0
507672 0.000000 0
507679 0.091100 1
507688 0.000000 0
507696 0.000000 0
507703 0.076940 1
507709 0.000000 0
507716 0.000000 0
507724 0.050920 1
507733 0.000000 0
507740 0.000000 0
507748 0.053970 1
507754 0.000000 0
507762 0.000000 0
507769 0.155020 1
507778 0.000000 0
507786 0.000000 0
507793 0.114950 1
507800 0.000000 0
507808 0.000000 0
507815 0.077040 1
507824 0.000000 0
507832 0.000000 0
507839 0.059100 1
507845 0.000000 0
507852 0.000000 0
507860 0.030750 1
507868 0.000000 0
507876 0.000000 0
507883 0.033830 1
507889 0.000000 0
507896 0.000000 0
507904 0.046880 1
507913 0.000000 0
507920 0.000000 0
507928 0.059490 1
507935 0.000000 0
507942 0.000000 0
507950 0.049560 1
507958 0.000000 0
507966 0.000000 0
507973 0.038860 1
507980 0.000000 0
507988 0.000000 0
507995 0.034930 1
508004 0.000000 0
508012 0.000000 0
508019 0.052400 1
508025 0.000000 0
508032 0.000000 0
508040 0.050170 1
508048 0.000000 0
508056 0.000000 0
508063 0.041700 1
508069 0.000000 0
508076 0.000000 0
508084 0.052400 1
508094 0.000000 0
508102 0.000000 0
508109 0.044190 1
508114 0.000000 0
508122 0.000000 0
508129 0.058590 1
508138 0.000000 0
508146 0.000000 0
508153 0.080700 1
508159 0.000000 0
508166 0.000000 0
508174 0.064770 1
508183 0.000000 0
508190 0.000000 0
508198 0.074310 1
508204 0.000000 0
508212 0.000000 0
508219 0.075530 1
508228 0.000000 0
508236 0.000000 0
508243 0.115400 1
508249 0.000000 0
508256 0.000000 0
508264 0.104950 1
508273 0.000000 0
508280 0.000000 0
508288 0.066060 1
508294 0.000000 0
508302 0.000000 0
508309 0.063340 1
508318 0.000000 0
508326 0.000000 0
508333 0.041340 1
508339 0.000000 0
508346 0.000000 0
508354 0.026200 1
508363 0.000000 0
508370 0.000000 0
508378 0.038860 1
508384 0.000000 0
508392 0.000000 0
508399 0.043840 1
508408 0.000000 0
508416 0.000000 0
508423 0.034490 1
508429 0.000000 0
508436 0.000000 0
508444 0.028170 1
508453 0.000000 0
508460 0.000000 0
508468 0.046220 1
508474 0.000000 0
508482 0.000000 0
508489 0.078130 1
508498 0.000000 0
508506 0.000000 0
508513 0.065930 1
508519 0.000000 0
508526 0.000000 0
508534 0.062500 1
508543 0.000000 0
508550 0.000000 0
508558 0.047840 1
508565 0.000000 0
508572 0.000000 0
508580 0.044880 1
508589 0.000000 0
508596 0.000000 0
508604 0.091600 1
508610 0.000000 0
508618 0.000000 0
508625 0.098120 1
508633 0.000000 0
508640 0.000000 0
508648 0.092760 1
508655 0.000000 0
508662 0.000000 0
508670 0.064060 1
508679 0.000000 0
508686 0.000000 0
508694 0.053830 1
508700 0.000000 0
508708 0.000000 0
508715 0.140510 1
508724 0.000000 0
508732 0.000000 0
508739 0.076840 1
508744 0.000000 0
508752 0.000000 0
508759 0.055790 1
508768 0.000000 0
508776 0.000000 0
508783 0.058320 1
508789 0.000000 0
508796 0.000000 0
508804 0.047520 1
508813 0.000000 0
508820 0.000000 0
508828 0.078220 1
508834 0.000000 0
508842 0.000000 0
508849 0.079470 1
508858 0.000000 0
508866 0.000000 0
508873 0.080140 1
508879 0.000000 0
508886 0.000000 0
508894 0.064530 1
508903 0.000000 0
508910 0.000000 0
508918 0.022100 1
508924 0.000000 0
508932 0.000000 0
508939 0.037460 1
508948 0.000000 0
508956 0.000000 0
508963 0.043140 1
508969 0.000000 0
508976 0.000000 0
508984 0.027890 1
508993 0.000000 0
509000 0.000000 0
509008 0.055920 1
509015 0.000000 0
509022 0.000000 0
509030 0.057270 1
509038 0.000000 0
509046 0.000000 0
509053 0.045040 1
509059 0.000000 0
509066 0.000000 0
509074 0.067770 1
509084 0.000000 0
509092 0.000000 0
509099 0.074620 1
509105 0.000000 0
509112 0.000000 0
509120 0.048630 1
509128 0.000000 0
509136 0.000000 0
509143 0.049260 1
509150 0.000000 0
509158 0.000000 0
509165 0.049870 1
509174 0.000000 0
509182 0.000000 0
509189 0.102240 1
509195 0.000000 0
509202 0.000000 0
509210 0.102680 1
509218 0.000000 0
509226 0.000000 0
509233 0.079000 1
509240 0.000000 0
509248 0.000000 0
509255 0.058850 1
509263 0.000000 0
509270 0.000000 0
509278 0.053270 1
509284 0.000000 0
509292 0.000000 0
509299 0.047200 1
509308 0.000000 0
509316 0.000000 0
509323 0.039440 1
509329 0.000000 0
509336 0.000000 0
509344 0.030500 1
509353 0.000000 0
509360 0.000000 0
509368 0.030750 1
509374 0.000000 0
509382 0.000000 0
509389 0.040210 1
509398 0.000000 0
509406 0.000000 0
509413 0.066510 1
509419 0.000000 0
509426 0.000000 0
509434 0.074920 1
509443 0.000000 0
509450 0.000000 0
509458 0.075640 1
509464 0.000000 0
509472 0.000000 0
509479 0.048160 1
509488 0.000000 0
509496 0.000000 0
509503 0.030990 1
509509 0.000000 0
509516 0.000000 0
509524 0.055650 1
509533 0.000000 0
509540 0.000000 0
509548 0.090680 1
509554 0.000000 0
509562 0.000000 0
509569 0.090850 1
509578 0.000000 0
509586 0.000000 0
509593 0.067200 1
509599 0.000000 0
509606 0.000000 0
509614 0.042420 1
509623 0.000000 0
509630 0.000000 0
509638 0.133940 1
509645 0.000000 0
509652 0.000000 0
509660 0.111920 1
509668 0.000000 0
509676 0.000000 0
509683 0.067310 1
509690 0.000000 0
509698 0.000000 0
509705 0.069540 1
509714 0.000000 0
509722 0.000000 0
509729 0.058060 1
509735 0.000000 0
509742 0.000000 0
509750 0.036640 1
509759 0.000000 0
509766 0.000000 0
509774 0.050320 1
509779 0.000000 0
509786 0.000000 0
509794 0.050020 1
509803 0.000000 0
509810 0.000000 0
509818 0.058590 1
509825 0.000000 0
509832 0.000000 0
509840 0.039640 1
509848 0.000000 0
509856 0.000000 0
509863 0.041150 1
509869 0.000000 0
509876 0.000000 0
509884 0.070190 1
509893 0.000000 0
509900 0.000000 0
509908 0.062970 1
509914 0.000000 0
509922 0.000000 0
509929 0.037260 1
509938 0.000000 0
509946 0.000000 0
509953 0.044190 1
509959 0.000000 0
509966 0.000000 0
509974 0.043140 1
509983 0.000000 0
509990 0.000000 0
509998 0.048940 1
510004 0.000000 0
510012 0.000000 0
510019 0.098120 1
510028 0.000000 0
510036 0.000000 0
510043 0.077730 1
510049 0.000000 0
510056 0.000000 0
510064 0.060140 1
510074 0.000000 0
510082 0.000000 0
510089 0.062730 1
510095 0.000000 0
510102 0.000000 0
510110 0.113680 1
510118 0.000000 0
510126 0.000000 0
510133 0.107760 1
510139 0.000000 0
510146 0.000000 0
510154 0.077330 1
510164 0.000000 0
510172 0.000000 0
510179 0.059750 1
510184 0.000000 0
510192 0.000000 0
510199 0.059360 1
510208 0.000000 0
510216 0.000000 0
510223 0.042970 1
510229 0.000000 0
510236 0.000000 0
510244 0.050630 1
510254 0.000000 0
510262 0.000000 0
510269 0.050320 1
510275 0.000000 0
510282 0.000000 0
510290 0.034270 1
510298 0.000000 0
510306 0.000000 0
510313 0.038860 1
510319 0.000000 0
510326 0.000000 0
510334 0.062000 1
510344 0.000000 0
510352 0.000000 0
510359 0.063580 1
510364 0.000000 0
510372 0.000000 0
510379 0.073700 1
510388 0.000000 0
510396 0.000000 0
510403 0.065250 1
510409 0.000000 0
510416 0.000000 0
510424 0.051820 1
510433 0.000000 0
510440 0.000000 0
510448 0.059750 1
510454 0.000000 0
510462 0.000000 0
510469 0.084860 1
510478 0.000000 0
510486 0.000000 0
510493 0.100720 1
510499 0.000000 0
510506 0.000000 0
510514 0.074110 1
510523 0.000000 0
510530 0.000000 0
510538 0.039060 1
510544 0.000000 0
510552 0.000000 0
510559 0.032670 1
510568 0.000000 0
510576 0.000000 0
510583 0.093660 1
510589 0.000000 0
510596 0.000000 0
510604 0.067870 1
510614 0.000000 0
510622 0.000000 0
510629 0.066510 1
510635 0.000000 0
510642 0.000000 0
510650 0.062360 1
510658 0.000000 0
510666 0.000000 0
510673 0.045550 1
510679 0.000000 0
510686 0.000000 0
510694 0.033600 1
510703 0.000000 0
510710 0.000000 0
510718 0.061260 1
510725 0.000000 0
510732 0.000000 0
510740 0.044530 1
510748 0.000000 0
510756 0.000000 0
510763 0.047200 1
510770 0.000000 0
510778 0.000000 0
510785 0.060260 1
510794 0.000000 0
510802 0.000000 0
510809 0.055100 1
510814 0.000000 0
510822 0.000000 0
510829 0.075030 1
510839 0.000000 0
510846 0.000000 0
510854 0.061010 1
510859 0.000000 0
510866 0.000000 0
510874 0.058590 1
510884 0.000000 0
510892 0.000000 0
510899 0.065580 1
510904 0.000000 0
510912 0.000000 0
510919 0.059360 1
510928 0.000000 0
510936 0.000000 0
510943 0.069870 1
510949 0.000000 0
510956 0.000000 0
510964 0.076230 1
510973 0.000000 0
510980 0.000000 0
510988 0.057010 1
510994 0.000000 0
511002 0.000000 0
511009 0.054690 1
511018 0.000000 0
511026 0.000000 0
511033 0.067660 1
511039 0.000000 0
511046 0.000000 0
511054 0.065130 1
511063 0.000000 0
511070 0.000000 0
511078 0.060500 1
511084 0.000000 0
511092 0.000000 0
511099 0.057800 1
511108 0.000000 0
511116 0.000000 0
511123 0.041890 1
511129 0.000000 0
511136 0.000000 0
511144 0.057540 1
511153 0.000000 0
511160 0.000000 0
511168 0.077730 1
511174 0.000000 0
511182 0.000000 0
511189 0.091770 1
511198 0.000000 0
511206 0.000000 0
511213 0.068440 1
511221 0.000000 0
511228 0.000000 0
511236 0.076040 1
511244 0.000000 0
511252 0.000000 0
511259 0.056060 1
511266 0.000000 0
511274 0.000000 0
511281 0.054260 1
511289 0.000000 0
511296 0.000000 0
511304 0.067990 1
511310 0.000000 0
511318 0.000000 0
511325 0.064300 1
511334 0.000000 0
511342 0.000000 0
511349 0.054400 1
511355 0.000000 0
511362 0.000000 0
511370 0.046050 1
511379 0.000000 0
511386 0.000000 0
511394 0.050170 1
511400 0.000000 0
511408 0.000000 0
511415 0.082030 1
511424 0.000000 0
511432 0.000000 0
511439 0.073900 1
511445 0.000000 0
511452 0.000000 0
511460 0.058060 1
511469 0.000000 0
511476 0.000000 0
511484 0.058590 1
511490 0.000000 0
511498 0.000000 0
511505 0.049410 1
511514 0.000000 0
511522 0.000000 0
511529 0.057940 1
511535 0.000000 0
511542 0.000000 0
511550 0.042600 1
511559 0.000000 0
511566 0.000000 0
511574 0.037050 1
511580 0.000000 0
511588 0.000000 0
511595 0.033140 1
511604 0.000000 0
511612 0.000000 0
511619 0.043840 1
511624 0.000000 0
511632 0.000000 0
511639 0.053700 1
511648 0.000000 0
511656 0.000000 0
511663 0.064180 1
511669 0.000000 0
511676 0.000000 0
511684 0.055510 1
511693 0.000000 0
511700 0.000000 0
511708 0.047840 1
511714 0.000000 0
511722 0.000000 0
511729 0.047990 1
511738 0.000000 0
511746 0.000000 0
511753 0.062730 1
511759 0.000000 0
511766 0.000000 0
511774 0.080700 1
511783 0.000000 0
511790 0.000000 0
511798 0.068990 1
511804 0.000000 0
511812 0.000000 0
511819 0.065000 1
511828 0.000000 0
511836 0.000000 0
511843 0.066060 1
511849 0.000000 0
511856 0.000000 0
511864 0.055370 1
511873 0.000000 0
511880 0.000000 0
511888 0.059750 1
511896 0.000000 0
511904 0.000000 0
511911 0.068210 1
511919 0.000000 0
511926 0.000000 0
511934 0.065250 1
511940 0.000000 0
511948 0.000000 0
511955 0.068990 1
511964 0.000000 0
511972 0.000000 0
511979 0.071380 1
511986 0.000000 0
511994 0.000000 0
512001 0.062970 1
512009 0.000000 0
512016 0.000000 0
512024 0.039250 1
512031 0.000000 0
512038 0.000000 0
512046 0.046220 1
512054 0.000000 0
512062 0.000000 0
512069 0.050480 1
512075 0.000000 0
512082 0.000000 0
512090 0.049410 1
512099 0.000000 0
512106 0.000000 0
512114 0.063460 1
512120 0.000000 0
512128 0.000000 0
512135 0.052690 1
512144 0.000000 0
512152 0.000000 0
512159 0.046220 1
512165 0.000000 0
512172 0.000000 0
512180 0.051960 1
512189 0.000000 0
512196 0.000000 0
512204 0.052400 1
512210 0.000000 0
512218 0.000000 0
512225 0.057540 1
512234 0.000000 0
512242 0.000000 0
512249 0.061390 1
512255 0.000000 0
512262 0.000000 0
512270 0.050920 1
512279 0.000000 0
512286 0.000000 0
512294 0.051380 1
512300 0.000000 0
512308 0.000000 0
512315 0.045210 1
512324 0.000000 0
512332 0.000000 0
512339 0.073590 1
512345 0.000000 0
512352 0.000000 0
512360 0.082670 1
512369 0.000000 0
512376 0.000000 0
512384 0.061880 1
512390 0.000000 0
512398 0.000000 0
512405 0.055790 1
512413 0.000000 0
512420 0.000000 0
512428 0.063460 1
512434 0.000000 0
512442 0.000000 0
512449 0.078420 1
512458 0.000000 0
512466 0.000000 0
512473 0.066970 1
512479 0.000000 0
512486 0.000000 0
512494 0.071270 1
512503 0.000000 0
512510 0.000000 0
512518 0.063100 1
512524 0.000000 0
512532 0.000000 0
512539 0.049870 1
512548 0.000000 0
512556 0.000000 0
512563 0.038270 1
512568 0.000000 0
512576 0.000000 0
512583 0.026780 1
512593 0.000000 0
512600 0.000000 0
512608 0.033600 1
512614 0.000000 0
512622 0.000000 0
512629 0.037050 1
512638 0.000000 0
512646 0.000000 0
512653 0.045210 1
512659 0.000000 0
512666 0.000000 0
512674 0.037050 1
512683 0.000000 0
512690 0.000000 0
512698 0.055510 1
512704 0.000000 0
512712 0.000000 0
512719 0.052690 1
512728 0.000000 0
512736 0.000000 0
512743 0.045880 1
512749 0.000000 0
512756 0.000000 0
512764 0.037660 1
512774 0.000000 0
512782 0.000000 0
512789 0.041150 1
512796 0.000000 0
512804 0.000000 0
512811 0.039060 1
512819 0.000000 0
512826 0.000000 0
512834 0.051820 1
512840 0.000000 0
512848 0.000000 0
512855 0.057540 1
512863 0.000000 0
512870 0.000000 0
512878 0.061010 1
512885 0.000000 0
512892 0.000000 0
512900 0.054830 1
512909 0.000000 0
512916 0.000000 0
512924 0.106400 1
512930 0.000000 0
512938 0.000000 0
512945 0.096710 1
512953 0.000000 0
512960 0.000000 0
512968 0.073270 1
512975 0.000000 0
512982 0.000000 0
512990 0.056200 1
512999 0.000000 0
513006 0.000000 0
513014 0.036220 1
513020 0.000000 0
513028 0.000000 0
513035 0.031970 1
513044 0.000000 0
513052 0.000000 0
513059 0.028170 1
513065 0.000000 0
513072 0.000000 0
513080 0.032210 1
513088 0.000000 0
513096 0.000000 0
513103 0.039830 1
513110 0.000000 0
513118 0.000000 0
513125 0.038860 1
513134 0.000000 0
513142 0.000000 0
513149 0.050920 1
513154 0.000000 0
513162 0.000000 0
513169 0.055920 1
513178 0.000000 0
513186 0.000000 0
513193 0.046370 1
513199 0.000000 0
513206 0.000000 0
513214 0.030990 1
513223 0.000000 0
513230 0.000000 0
513238 0.041340 1
513244 0.000000 0
513252 0.000000 0
513259 0.048460 1
513268 0.000000 0
513276 0.000000 0
513283 0.063940 1
513289 0.000000 0
513296 0.000000 0
513304 0.077530 1
513313 0.000000 0
513320 0.000000 0
513328 0.070530 1
513334 0.000000 0
513342 0.000000 0
513349 0.059620 1
513358 0.000000 0
513366 0.000000 0
513373 0.053700 1
513379 0.000000 0
513386 0.000000 0
513394 0.115400 1
513403 0.000000 0
513410 0.000000 0
513418 0.097020 1
513424 0.000000 0
513432 0.000000 0
513439 0.091260 1
513449 0.000000 0
513456 0.000000 0
513464 0.072970 1
513471 0.000000 0
513478 0.000000 0
513486 0.052550 1
513494 0.000000 0
513502 0.000000 0
513509 0.028430 1
513515 0.000000 0
513522 0.000000 0
513530 0.020660 1
513539 0.000000 0
513546 0.000000 0
513554 0.040960 1
513560 0.000000 0
513568 0.000000 0
513575 0.042600 1
513584 0.000000 0
513592 0.000000 0
513599 0.040960 1
513605 0.000000 0
513612 0.000000 0
513620 0.043490 1
513628 0.000000 0
513636 0.000000 0
513643 0.056460 1
513650 0.000000 0
513658 0.000000 0
513665 0.069430 1
513673 0.000000 0
513680 0.000000 0
513688 0.063460 1
513695 0.000000 0
513702 0.000000 0
513710 0.043140 1
513719 0.000000 0
513726 0.000000 0
513734 0.037460 1
513740 0.000000 0
513748 0.000000 0
513755 0.056200 1
513763 0.000000 0
513770 0.000000 0
513778 0.058980 1
513784 0.000000 0
513792 0.000000 0
513799 0.059620 1
513809 0.000000 0
513816 0.000000 0
513824 0.060880 1
513830 0.000000 0
513838 0.000000 0
513845 0.118350 1
513853 0.000000 0
513860 0.000000 0
513868 0.136660 1
513874 0.000000 0
513882 0.000000 0
513889 0.107960 1
513898 0.000000 0
513906 0.000000 0
513913 0.089490 1
513919 0.000000 0
513926 0.000000 0
513934 0.062120 1
513943 0.000000 0
513950 0.000000 0
513958 0.043490 1
513964 0.000000 0
513972 0.000000 0
513979 0.022430 1
513988 0.000000 0
513996 0.000000 0
514003 0.030240 1
514009 0.000000 0
514016 0.000000 0
514024 0.038470 1
514033 0.000000 0
514040 0.000000 0
514048 0.036640 1
514054 0.000000 0
514062 0.000000 0
514069 0.037660 1
514078 0.000000 0
514086 0.000000 0
514093 0.037660 1
514099 0.000000 0
514106 0.000000 0
514114 0.039640 1
514123 0.000000 0
514130 0.000000 0
514138 0.045380 1
514145 0.000000 0
514152 0.000000 0
514160 0.038270 1
514168 0.000000 0
514176 0.000000 0
514183 0.030000 1
514190 0.000000 0
514198 0.000000 0
514205 0.031480 1
514213 0.000000 0
514220 0.000000 0
514228 0.071810 1
514234 0.000000 0
514242 0.000000 0
514249 0.072130 1
514259 0.000000 0
514266 0.000000 0
514274 0.059750 1
514279 0.000000 0
514286 0.000000 0
514294 0.054830 1
514304 0.000000 0
514312 0.000000 0
514319 0.039440 1
514325 0.000000 0
514332 0.000000 0
514340 0.113480 1
514348 0.000000 0
514356 0.000000 0
514363 0.090350 1
514370 0.000000 0
514378 0.000000 0
514385 0.101260 1
514394 0.000000 0
514402 0.000000 0
514409 0.079090 1
514414 0.000000 0
514422 0.000000 0
514429 0.060640 1
514439 0.000000 0
514446 0.000000 0
514454 0.030000 1
514460 0.000000 0
514468 0.000000 0
514475 0.029480 1
514483 0.000000 0
514490 0.000000 0
514498 0.043840 1
514505 0.000000 0
514512 0.000000 0
514520 0.046220 1
514528 0.000000 0
514536 0.000000 0
514543 0.038860 1
514549 0.000000 0
514556 0.000000 0
514564 0.046540 1
514573 0.000000 0
514580 0.000000 0
514588 0.057940 1
514594 0.000000 0
514602 0.000000 0
514609 0.063100 1
514618 0.000000 0
514626 0.000000 0
514633 0.059620 1
514639 0.000000 0
514646 0.000000 0
514654 0.048460 1
514663 0.000000 0
514670 0.000000 0
514678 0.047200 1
514684 0.000000 0
514692 0.000000 0
514699 0.047520 1
514708 0.000000 0
514716 0.000000 0
514723 0.050630 1
514729 0.000000 0
514736 0.000000 0
514744 0.053970 1
514753 0.000000 0
514760 0.000000 0
514768 0.072970 1
514775 0.000000 0
514782 0.000000 0
514790 0.149360 1
514799 0.000000 0
514806 0.000000 0
514814 0.141700 1
514820 0.000000 0
514828 0.000000 0
514835 0.105470 1
514844 0.000000 0
514852 0.000000 0
514859 0.079760 1
514865 0.000000 0
514872 0.000000 0
514880 0.063220 1
514888 0.000000 0
514896 0.000000 0
514903 0.043490 1
514910 0.000000 0
514918 0.000000 0
514925 0.023440 1
514934 0.000000 0
514942 0.000000 0
514949 0.032210 1
514954 0.000000 0
514962 0.000000 0
514969 0.039250 1
514979 0.000000 0
514986 0.000000 0
514994 0.052260 1
515000 0.000000 0
515008 0.000000 0
515015 0.048780 1
515024 0.000000 0
515032 0.000000 0
515039 0.065580 1
515045 0.000000 0
515052 0.000000 0
515060 0.052690 1
515068 0.000000 0
515076 0.000000 0
515083 0.037460 1
515089 0.000000 0
515096 0.000000 0
515104 0.026490 1
515114 0.000000 0
515122 0.000000 0
515129 0.046050 1
515134 0.000000 0
515142 0.000000 0
515149 0.069760 1
515158 0.000000 0
515166 0.000000 0
515173 0.076740 1
515179 0.000000 0
515186 0.000000 0
515194 0.071600 1
515203 0.000000 0
515210 0.000000 0
515218 0.061260 1
515224 0.000000 0
515232 0.000000 0
515239 0.049870 1
515248 0.000000 0
515256 0.000000 0
515263 0.111990 1
515269 0.000000 0
515276 0.000000 0
515284 0.108600 1
515293 0.000000 0
515300 0.000000 0
515308 0.092270 1
515314 0.000000 0
515322 0.000000 0
515329 0.099430 1
515338 0.000000 0
515346 0.000000 0
515353 0.069540 1
515359 0.000000 0
515366 0.000000 0
515374 0.052260 1
515383 0.000000 0
515390 0.000000 0
515398 0.039060 1
515404 0.000000 0
515412 0.000000 0
515419 0.049410 1
515428 0.000000 0
515436 0.000000 0
515443 0.041340 1
515450 0.000000 0
515458 0.000000 0
515465 0.038860 1
515473 0.000000 0
515480 0.000000 0
515488 0.031970 1
515494 0.000000 0
515502 0.000000 0
515509 0.073700 1
515518 0.000000 0
515526 0.000000 0
515533 0.077040 1
515540 0.000000 0
515548 0.000000 0
515555 0.061630 1
515564 0.000000 0
515572 0.000000 0
515579 0.046050 1
515585 0.000000 0
515592 0.000000 0
515600 0.044190 1
515608 0.000000 0
515616 0.000000 0
515623 0.037870 1
515630 0.000000 0
515638 0.000000 0
515645 0.067310 1
515653 0.000000 0
515660 0.000000 0
515668 0.069110 1
515674 0.000000 0
515682 0.000000 0
515689 0.064530 1
515699 0.000000 0
515706 0.000000 0
515714 0.040590 1
515720 0.000000 0
515728 0.000000 0
515735 0.134920 1
515744 0.000000 0
515752 0.000000 0
515759 0.115340 1
515765 0.000000 0
515772 0.000000 0
515780 0.082400 1
515788 0.000000 0
515796 0.000000 0
515803 0.076230 1
515809 0.000000 0
515816 0.000000 0
515824 0.054830 1
515833 0.000000 0
515840 0.000000 0
515848 0.037050 1
515854 0.000000 0
515862 0.000000 0
515869 0.022100 1
515878 0.000000 0
515886 0.000000 0
515893 0.031250 1
515899 0.000000 0
515906 0.000000 0
515914 0.038070 1
515923 0.000000 0
515930 0.000000 0
515938 0.047840 1
515944 0.000000 0
515952 0.000000 0
515959 0.047030 1
515968 0.000000 0
515976 0.000000 0
515983 0.047030 1
515989 0.000000 0
515996 0.000000 0
516004 0.059490 1
516013 0.000000 0
516020 0.000000 0
516028 0.051380 1
516034 0.000000 0
516042 0.000000 0
516049 0.037050 1
516059 0.000000 0
516066 0.000000 0
516074 0.033140 1
516081 0.000000 0
516088 0.000000 0
516096 0.063830 1
516104 0.000000 0
516112 0.000000 0
516119 0.069540 1
516125 0.000000 0
516132 0.000000 0
516140 0.070310 1
516149 0.000000 0
516156 0.000000 0
516164 0.063940 1
516170 0.000000 0
516178 0.000000 0
516185 0.056870 1
516194 0.000000 0
516202 0.000000 0
516209 0.114890 1
516215 0.000000 0
516222 0.000000 0
516230 0.093000 1
516239 0.000000 0
516246 0.000000 0
516254 0.099660 1
516260 0.000000 0
516268 0.000000 0
516275 0.078510 1
516284 0.000000 0
516292 0.000000 0
516299 0.054120 1
516305 0.000000 0
516312 0.000000 0
516320 0.035800 1
516329 0.000000 0
516336 0.000000 0
516344 0.032670 1
516350 0.000000 0
516358 0.000000 0
516365 0.047200 1
516373 0.000000 0
516380 0.000000 0
516388 0.047840 1
516394 0.000000 0
516402 0.000000 0
516409 0.041520 1
516418 0.000000 0
516426 0.000000 0
516433 0.045040 1
516439 0.000000 0
516446 0.000000 0
516454 0.043320 1
516463 0.000000 0
516470 0.000000 0
516478 0.053270 1
516484 0.000000 0
516492 0.000000 0
516499 0.046220 1
516508 0.000000 0
516516 0.000000 0
516523 0.058460 1
516529 0.000000 0
516536 0.000000 0
516544 0.063100 1
516553 0.000000 0
516560 0.000000 0
516568 0.069210 1
516574 0.000000 0
516582 0.000000 0
516589 0.065250 1
516598 0.000000 0
516606 0.000000 0
516613 0.060000 1
516621 0.000000 0
516628 0.000000 0
516636 0.060640 1
516643 0.000000 0
516650 0.000000 0
516658 0.116400 1
516665 0.000000 0
516672 0.000000 0
516680 0.136830 1
516688 0.000000 0
516696 0.000000 0
516703 0.106110 1
516710 0.000000 0
516718 0.000000 0
516725 0.070850 1
516733 0.000000 0
516740 0.000000 0
516748 0.061010 1
516755 0.000000 0
516762 0.000000 0
516770 0.047990 1
516778 0.000000 0
516786 0.000000 0
516793 0.031480 1
516800 0.000000 0
516808 0.000000 0
516815 0.025010 1
516824 0.000000 0
516832 0.000000 0
516839 0.043140 1
516844 0.000000 0
516852 0.000000 0
516859 0.040020 1
516869 0.000000 0
516876 0.000000 0
516884 0.039250 1
516890 0.000000 0
516898 0.000000 0
516905 0.033600 1
516914 0.000000 0
516922 0.000000 0
516929 0.058060 1
516935 0.000000 0
516942 0.000000 0
516950 0.047350 1
516958 0.000000 0
516966 0.000000 0
516973 0.051510 1
516979 0.000000 0
516986 0.000000 0
516994 0.044530 1
517003 0.000000 0
517010 0.000000 0
517018 0.044190 1
517024 0.000000 0
517032 0.000000 0
517039 0.080900 1
517048 0.000000 0
517056 0.000000 0
517063 0.086380 1
517069 0.000000 0
517076 0.000000 0
517084 0.062730 1
517093 0.000000 0
517100 0.000000 0
517108 0.049560 1
517114 0.000000 0
517122 0.000000 0
517129 0.044880 1
517138 0.000000 0
517146 0.000000 0
517153 0.113210 1
517159 0.000000 0
517166 0.000000 0
517174 0.088120 1
517183 0.000000 0
517190 0.000000 0
517198 0.095120 1
517205 0.000000 0
517212 0.000000 0
517220 0.086200 1
517229 0.000000 0
517236 0.000000 0
517244 0.057010 1
517251 0.000000 0
517258 0.000000 0
517266 0.026200 1
517274 0.000000 0
517282 0.000000 0
517289 0.040960 1
517295 0.000000 0
517302 0.000000 0
517310 0.040410 1
517319 0.000000 0
517326 0.000000 0
517334 0.041150 1
517340 0.000000 0
517348 0.000000 0
517355 0.040410 1
517364 0.000000 0
517372 0.000000 0
517379 0.054960 1
517385 0.000000 0
517392 0.000000 0
517400 0.063340 1
517409 0.000000 0
517416 0.000000 0
517424 0.082950 1
517430 0.000000 0
517438 0.000000 0
517445 0.054120 1
517454 0.000000 0
517462 0.000000 0
517469 0.040590 1
517475 0.000000 0
517482 0.000000 0
517490 0.062360 1
517499 0.000000 0
517506 0.000000 0
517514 0.075750 1
517520 0.000000 0
517528 0.000000 0
517535 0.065000 1
517544 0.000000 0
517552 0.000000 0
517559 0.051070 1
517564 0.000000 0
517572 0.000000 0
517579 0.060640 1
517588 0.000000 0
517596 0.000000 0
517603 0.133380 1
517609 0.000000 0
517616 0.000000 0
517624 0.122410 1
517633 0.000000 0
517640 0.000000 0
517648 0.088810 1
517654 0.000000 0
517662 0.000000 0
517669 0.066870 1
517678 0.000000 0
517686 0.000000 0
517693 0.050020 1
517699 0.000000 0
517706 0.000000 0
517714 0.042420 1
517723 0.000000 0
517730 0.000000 0
517738 0.023760 1
517744 0.000000 0
517752 0.000000 0
517759 0.034270 1
517768 0.000000 0
517776 0.000000 0
517783 0.034490 1
517789 0.000000 0
517796 0.000000 0
517804 0.031480 1
517813 0.000000 0
517820 0.000000 0
517828 0.039250 1
517836 0.000000 0
517844 0.000000 0
517851 0.048310 1
517858 0.000000 0
517866 0.000000 0
517873 0.062850 1
517880 0.000000 0
517888 0.000000 0
517895 0.049410 1
517903 0.000000 0
517910 0.000000 0
517918 0.043670 1
517925 0.000000 0
517932 0.000000 0
517940 0.039440 1
517949 0.000000 0
517956 0.000000 0
517964 0.061390 1
517970 0.000000 0
517978 0.000000 0
517985 0.075140 1
517994 0.000000 0
518002 0.000000 0
518009 0.071270 1
518015 0.000000 0
518022 0.000000 0
518030 0.061750 1
518039 0.000000 0
518046 0.000000 0
518054 0.057130 1
518060 0.000000 0
518068 0.000000 0
518075 0.112870 1
518084 0.000000 0
518092 0.000000 0
518099 0.106750 1
518105 0.000000 0
518112 0.000000 0
518120 0.112540 1
518129 0.000000 0
518136 0.000000 0
518144 0.109650 1
518150 0.000000 0
518158 0.000000 0
518165 0.073700 1
518173 0.000000 0
518180 0.000000 0
518188 0.044190 1
518194 0.000000 0
518202 0.000000 0
518209 0.026200 1
518218 0.000000 0
518226 0.000000 0
518233 0.048160 1
518239 0.000000 0
518246 0.000000 0
518254 0.061260 1
518263 0.000000 0
518270 0.000000 0
518278 0.042790 1
518284 0.000000 0
518292 0.000000 0
518299 0.039440 1
518308 0.000000 0
518316 0.000000 0
518323 0.058850 1
518329 0.000000 0
518336 0.000000 0
518344 0.071380 1
518353 0.000000 0
518360 0.000000 0
518368 0.071700 1
518374 0.000000 0
518382 0.000000 0
518389 0.054960 1
518398 0.000000 0
518406 0.000000 0
518413 0.054960 1
518419 0.000000 0
518426 0.000000 0
518434 0.052260 1
518443 0.000000 0
518450 0.000000 0
518458 0.068440 1
518466 0.000000 0
518474 0.000000 0
518481 0.058850 1
518489 0.000000 0
518496 0.000000 0
518504 0.056340 1
518511 0.000000 0
518518 0.000000 0
518526 0.057540 1
518533 0.000000 0
518540 0.000000 0
518548 0.129490 1
518555 0.000000 0
518562 0.000000 0
518570 0.103930 1
518579 0.000000 0
518586 0.000000 0
518594 0.090180 1
518600 0.000000 0
518608 0.000000 0
518615 0.077820 1
518624 0.000000 0
518632 0.000000 0
518639 0.054400 1
518645 0.000000 0
518652 0.000000 0
518660 0.035800 1
518669 0.000000 0
518676 0.000000 0
518684 0.028430 1
518690 0.000000 0
518698 0.000000 0
518705 0.027890 1
518714 0.000000 0
518722 0.000000 0
518729 0.036220 1
518735 0.000000 0
518742 0.000000 0
518750 0.041340 1
518759 0.000000 0
518766 0.000000 0
518774 0.044530 1
518779 0.000000 0
518786 0.000000 0
518794 0.068670 1
518803 0.000000 0
518810 0.000000 0
518818 0.061880 1
518824 0.000000 0
518832 0.000000 0
518839 0.040770 1
518848 0.000000 0
518856 0.000000 0
518863 0.033140 1
518869 0.000000 0
518876 0.000000 0
518884 0.050020 1
518893 0.000000 0
518900 0.000000 0
518908 0.060140 1
518914 0.000000 0
518922 0.000000 0
518929 0.067310 1
518938 0.000000 0
518946 0.000000 0
518953 0.055100 1
518959 0.000000 0
518966 0.000000 0
518974 0.048630 1
518983 0.000000 0
518990 0.000000 0
518998 0.050320 1
519004 0.000000 0
519012 0.000000 0
519019 0.109580 1
519028 0.000000 0
519036 0.000000 0
519043 0.096150 1
519050 0.000000 0
519058 0.000000 0
519065 0.093660 1
519074 0.000000 0
519082 0.000000 0
519089 0.082490 1
519096 0.000000 0
519104 0.000000 0
519111 0.063580 1
519119 0.000000 0
519126 0.000000 0
519134 0.035800 1
519141 0.000000 0
519148 0.000000 0
519156 0.038470 1
519164 0.000000 0
519172 0.000000 0
519179 0.041150 1
519185 0.000000 0
519192 0.000000 0
519200 0.049260 1
519209 0.000000 0
519216 0.000000 0
519224 0.053270 1
519230 0.000000 0
519238 0.000000 0
519245 0.066970 1
519254 0.000000 0
519262 0.000000 0
519269 0.063710 1
519275 0.000000 0
519282 0.000000 0
519290 0.055510 1
519299 0.000000 0
519306 0.000000 0
519314 0.053560 1
519320 0.000000 0
519328 0.000000 0
519335 0.071600 1
519344 0.000000 0
519352 0.000000 0
519359 0.076940 1
519365 0.000000 0
519372 0.000000 0
519380 0.066410 1
519388 0.000000 0
519396 0.000000 0
519403 0.061010 1
519409 0.000000 0
519416 0.000000 0
519424 0.067430 1
519433 0.000000 0
519440 0.000000 0
519448 0.071380 1
519454 0.000000 0
519462 0.000000 0
519469 0.114610 1
519478 0.000000 0
519486 0.000000 0
519493 0.123640 1
519499 0.000000 0
519506 0.000000 0
519514 0.103490 1
519523 0.000000 0
519530 0.000000 0
519538 0.064530 1
519544 0.000000 0
519552 0.000000 0
519559 0.053120 1
519568 0.000000 0
519576 0.000000 0
519583 0.040210 1
519589 0.000000 0
519596 0.000000 0
519604 0.023440 1
519613 0.000000 0
519620 0.000000 0
519628 0.047200 1
519634 0.000000 0
519642 0.000000 0
519649 0.043140 1
519659 0.000000 0
519666 0.000000 0
519674 0.051220 1
519681 0.000000 0
519688 0.000000 0
519696 0.033140 1
519704 0.000000 0
519712 0.000000 0
519719 0.045720 1
519726 0.000000 0
519734 0.000000 0
519741 0.059360 1
519748 0.000000 0
519756 0.000000 0
519763 0.061510 1
519770 0.000000 0
519778 0.000000 0
519785 0.048940 1
519794 0.000000 0
519802 0.000000 0
519809 0.053270 1
519815 0.000000 0
519822 0.000000 0
519830 0.052260 1
519839 0.000000 0
519846 0.000000 0
519854 0.075750 1
519860 0.000000 0
519868 0.000000 0
519875 0.065130 1
519884 0.000000 0
519892 0.000000 0
519899 0.051960 1
519905 0.000000 0
519912 0.000000 0
519920 0.042970 1
519929 0.000000 0
519936 0.000000 0
519944 0.048310 1
519950 0.000000 0
519958 0.000000 0
519965 0.099200 1
519973 0.000000 0
519980 0.000000 0
519988 0.081830 1
519995 0.000000 0
520002 0.000000 0
520010 0.086290 1
520019 0.000000 0
520026 0.000000 0
520034 0.068330 1
520040 0.000000 0
520048 0.000000 0
520055 0.048460 1
520063 0.000000 0
520070 0.000000 0
520078 0.037460 1
520084 0.000000 0
520092 0.000000 0
520099 0.047200 1
520108 0.000000 0
520116 0.000000 0
520123 0.054260 1
520129 0.000000 0
520136 0.000000 0
520144 0.034490 1
520153 0.000000 0
520160 0.000000 0
520168 0.038070 1
520174 0.000000 0
520182 0.000000 0
520189 0.048310 1
520198 0.000000 0
520206 0.000000 0
520213 0.045380 1
520219 0.000000 0
520226 0.000000 0
520234 0.060760 1
520243 0.000000 0
520250 0.000000 0
520258 0.069870 1
520264 0.000000 0
520272 0.000000 0
520279 0.051820 1
520288 0.000000 0
520296 0.000000 0
520303 0.061630 1
520310 0.000000 0
520318 0.000000 0
520325 0.066970 1
520334 0.000000 0
520342 0.000000 0
520349 0.069210 1
520356 0.000000 0
520364 0.000000 0
520371 0.052840 1
520378 0.000000 0
520386 0.000000 0
520393 0.061510 1
520400 0.000000 0
520408 0.000000 0
520415 0.119110 1
520423 0.000000 0
520430 0.000000 0
520438 0.107330 1
520445 0.000000 0
520452 0.000000 0
520460 0.084600 1
520469 0.000000 0
520476 0.000000 0
520484 0.077620 1
520490 0.000000 0
520498 0.000000 0
520505 0.062970 1
520514 0.000000 0
520522 0.000000 0
520529 0.043840 1
520535 0.000000 0
520542 0.000000 0
520550 0.037050 1
520559 0.000000 0
520566 0.000000 0
520574 0.036640 1
520580 0.000000 0
520588 0.000000 0
520595 0.053700 1
520604 0.000000 0
520612 0.000000 0
520619 0.047840 1
520624 0.000000 0
520632 0.000000 0
520639 0.032440 1
520649 0.000000 0
520656 0.000000 0
520664 0.035800 1
520670 0.000000 0
520678 0.000000 0
520685 0.047840 1
520693 0.000000 0
520700 0.000000 0
520708 0.040960 1
520714 0.000000 0
520722 0.000000 0
520729 0.039060 1
520738 0.000000 0
520746 0.000000 0
520753 0.044010 1
520759 0.000000 0
520766 0.000000 0
520774 0.068880 1
520783 0.000000 0
520790 0.000000 0
520798 0.081930 1
520804 0.000000 0
520812 0.000000 0
520819 0.075230 1
520828 0.000000 0
520836 0.000000 0
520843 0.049090 1
520849 0.000000 0
520856 0.000000 0
520864 0.052400 1
520873 0.000000 0
520880 0.000000 0
520888 0.104080 1
520894 0.000000 0
520902 0.000000 0
520909 0.094640 1
520918 0.000000 0
520926 0.000000 0
520933 0.087160 1
520939 0.000000 0
520946 0.000000 0
520954 0.078420 1
520964 0.000000 0
520972 0.000000 0
520979 0.069660 1
520986 0.000000 0
520994 0.000000 0
521001 0.050480 1
521009 0.000000 0
521016 0.000000 0
521024 0.034930 1
521031 0.000000 0
521038 0.000000 0
521046 0.060000 1
521053 0.000000 0
521060 0.000000 0
521068 0.052550 1
521075 0.000000 0
521082 0.000000 0
521090 0.041700 1
521099 0.000000 0
521106 0.000000 0
521114 0.050780 1
521120 0.000000 0
521128 0.000000 0
521135 0.047670 1
521143 0.000000 0
521150 0.000000 0
521158 0.047030 1
521165 0.000000 0
521172 0.000000 0
521180 0.058060 1
521189 0.000000 0
521196 0.000000 0
521204 0.060140 1
521210 0.000000 0
521218 0.000000 0
521225 0.058980 1
521234 0.000000 0
521242 0.000000 0
521249 0.058590 1
521255 0.000000 0
521262 0.000000 0
521270 0.076540 1
521279 0.000000 0
521286 0.000000 0
521294 0.061510 1
521300 0.000000 0
521308 0.000000 0
521315 0.055650 1
521324 0.000000 0
521332 0.000000 0
521339 0.053560 1
521344 0.000000 0
521352 0.000000 0
521359 0.116080 1
521368 0.000000 0
521376 0.000000 0
521383 0.107330 1
521389 0.000000 0
521396 0.000000 0
521404 0.084600 1
521413 0.000000 0
521420 0.000000 0
521428 0.079000 1
521434 0.000000 0
521442 0.000000 0
521449 0.057130 1
521458 0.000000 0
521466 0.000000 0
521473 0.037050 1
521479 0.000000 0
521486 0.000000 0
521494 0.045550 1
521503 0.000000 0
521510 0.000000 0
521518 0.045550 1
521524 0.000000 0
521532 0.000000 0
521539 0.043490 1
521548 0.000000 0
521556 0.000000 0
521563 0.045040 1
521569 0.000000 0
521576 0.000000 0
521584 0.038670 1
521594 0.000000 0
521602 0.000000 0
521609 0.040210 1
521615 0.000000 0
521622 0.000000 0
521630 0.056340 1
521639 0.000000 0
521646 0.000000 0
521654 0.053270 1
521660 0.000000 0
521668 0.000000 0
521675 0.064420 1
521684 0.000000 0
521692 0.000000 0
521699 0.059490 1
521705 0.000000 0
521712 0.000000 0
521720 0.081380 1
521729 0.000000 0
521736 0.000000 0
521744 0.082950 1
521750 0.000000 0
521758 0.000000 0
521765 0.060140 1
521774 0.000000 0
521782 0.000000 0
521789 0.044530 1
521795 0.000000 0
521802 0.000000 0
521810 0.048460 1
521819 0.000000 0
521826 0.000000 0
521834 0.106690 1
521840 0.000000 0
521848 0.000000 0
521855 0.090090 1
521864 0.000000 0
521872 0.000000 0
521879 0.090350 1
521885 0.000000 0
521892 0.000000 0
521900 0.080140 1
521909 0.000000 0
521916 0.000000 0
521924 0.062240 1
521929 0.000000 0
521936 0.000000 0
521944 0.039640 1
521953 0.000000 0
521960 0.000000 0
521968 0.034270 1
521974 0.000000 0
521982 0.000000 0
521989 0.040410 1
521998 0.000000 0
522006 0.000000 0
522013 0.040020 1
522019 0.000000 0
522026 0.000000 0
522034 0.036010 1
522043 0.000000 0
522050 0.000000 0
522058 0.049260 1
522064 0.000000 0
522072 0.000000 0
522079 0.070630 1
522088 0.000000 0
522096 0.000000 0
522103 0.080140 1
522109 0.000000 0
522116 0.000000 0
522124 0.054120 1
522133 0.000000 0
522140 0.000000 0
522148 0.049260 1
522154 0.000000 0
522162 0.000000 0
522169 0.049870 1
522178 0.000000 0
522186 0.000000 0
522193 0.066290 1
522200 0.000000 0
522208 0.000000 0
522215 0.066640 1
522223 0.000000 0
522230 0.000000 0
522238 0.067990 1
522246 0.000000 0
522254 0.000000 0
522261 0.063830 1
522268 0.000000 0
522276 0.000000 0
522283 0.097490 1
522290 0.000000 0
522298 0.000000 0
522305 0.131070 1
522314 0.000000 0
522322 0.000000 0
522329 0.091430 1
522335 0.000000 0
522342 0.000000 0
522350 0.082580 1
522359 0.000000 0
522366 0.000000 0
522374 0.069210 1
522380 0.000000 0
522388 0.000000 0
522395 0.057270 1
522404 0.000000 0
522412 0.000000 0
522419 0.041520 1
522425 0.000000 0
522432 0.000000 0
522440 0.037870 1
522449 0.000000 0
522456 0.000000 0
522464 0.042420 1
522469 0.000000 0
522476 0.000000 0
522484 0.049260 1
522494 0.000000 0
522502 0.000000 0
522509 0.056200 1
522514 0.000000 0
522522 0.000000 0
522529 0.051510 1
522538 0.000000 0
522546 0.000000 0
522553 0.055920 1
522559 0.000000 0
522566 0.000000 0
522574 0.049090 1
522583 0.000000 0
522590 0.000000 0
522598 0.051960 1
522604 0.000000 0
522612 0.000000 0
522619 0.054400 1
522628 0.000000 0
522636 0.000000 0
522643 0.037260 1
522649 0.000000 0
522656 0.000000 0
522664 0.054260 1
522673 0.000000 0
522680 0.000000 0
522688 0.062000 1
522694 0.000000 0
522702 0.000000 0
522709 0.057800 1
522718 0.000000 0
522726 0.000000 0
522733 0.066060 1
522739 0.000000 0
522746 0.000000 0
522754 0.039060 1
522764 0.000000 0
522772 0.000000 0
522779 0.095430 1
522786 0.000000 0
522794 0.000000 0
522801 0.090090 1
522809 0.000000 0
522816 0.000000 0
522824 0.090260 1
522830 0.000000 0
522838 0.000000 0
522845 0.079670 1
522854 0.000000 0
522862 0.000000 0
522869 0.058460 1
522875 0.000000 0
522882 0.000000 0
522890 0.048460 1
522899 0.000000 0
522906 0.000000 0
522914 0.050320 1
522920 0.000000 0
522928 0.000000 0
522935 0.055510 1
522944 0.000000 0
522952 0.000000 0
522959 0.052260 1
522965 0.000000 0
522972 0.000000 0
522980 0.049710 1
522988 0.000000 0
522996 0.000000 0
523003 0.072340 1
523010 0.000000 0
523018 0.000000 0
523025 0.071490 1
523034 0.000000 0
523042 0.000000 0
523049 0.067310 1
523055 0.000000 0
523062 0.000000 0
523070 0.062970 1
523079 0.000000 0
523086 0.000000 0
523094 0.061510 1
523100 0.000000 0
523108 0.000000 0
523115 0.050020 1
523124 0.000000 0
523132 0.000000 0
523139 0.074720 1
523145 0.000000 0
523152 0.000000 0
523160 0.083960 1
523168 0.000000 0
523176 0.000000 0
523183 0.055510 1
523189 0.000000 0
523196 0.000000 0
523204 0.054120 1
523213 0.000000 0
523220 0.000000 0
523228 0.109850 1
523234 0.000000 0
523242 0.000000 0
523249 0.094710 1
523258 0.000000 0
523266 0.000000 0
523273 0.062610 1
523279 0.000000 0
523286 0.000000 0
523294 0.068330 1
523303 0.000000 0
523310 0.000000 0
523318 0.062850 1
523324 0.000000 0
523332 0.000000 0
523339 0.046050 1
523348 0.000000 0
523356 0.000000 0
523363 0.026780 1
523369 0.000000 0
523376 0.000000 0
523384 0.036850 1
523393 0.000000 0
523400 0.000000 0
523408 0.034490 1
523415 0.000000 0
523422 0.000000 0
523430 0.039830 1
523439 0.000000 0
523446 0.000000 0
523454 0.054830 1
523461 0.000000 0
523468 0.000000 0
523476 0.062610 1
523484 0.000000 0
523492 0.000000 0
523499 0.053120 1
523505 0.000000 0
523512 0.000000 0
523520 0.050920 1
523529 0.000000 0
523536 0.000000 0
523544 0.047200 1
523550 0.000000 0
523558 0.000000 0
523565 0.057660 1
523574 0.000000 0
523582 0.000000 0
523589 0.071380 1
523595 0.000000 0
523602 0.000000 0
523610 0.079960 1
523618 0.000000 0
523626 0.000000 0
523633 0.056870 1
523640 0.000000 0
523648 0.000000 0
523655 0.062970 1
523664 0.000000 0
523672 0.000000 0
523679 0.044360 1
523684 0.000000 0
523692 0.000000 0
523699 0.094560 1
523709 0.000000 0
523716 0.000000 0
523724 0.099580 1
523730 0.000000 0
523738 0.000000 0
523745 0.105680 1
523754 0.000000 0
523762 0.000000 0
523769 0.093660 1
523775 0.000000 0
523782 0.000000 0
523790 0.060140 1
523798 0.000000 0
523806 0.000000 0
523813 0.037460 1
523819 0.000000 0
523826 0.000000 0
523834 0.028700 1
523843 0.000000 0
523850 0.000000 0
523858 0.035800 1
523864 0.000000 0
523872 0.000000 0
523879 0.031970 1
523888 0.000000 0
523896 0.000000 0
523903 0.041700 1
523909 0.000000 0
523916 0.000000 0
523924 0.063580 1
523933 0.000000 0
523940 0.000000 0
523948 0.067430 1
523954 0.000000 0
523962 0.000000 0
523969 0.052980 1
523978 0.000000 0
523986 0.000000 0
523993 0.060260 1
523999 0.000000 0
524006 0.000000 0
524014 0.052400 1
524023 0.000000 0
524030 0.000000 0
524038 0.035580 1
524045 0.000000 0
524052 0.000000 0
524060 0.046370 1
524069 0.000000 0
524076 0.000000 0
524084 0.077040 1
524091 0.000000 0
524098 0.000000 0
524106 0.062240 1
524114 0.000000 0
524122 0.000000 0
524129 0.063340 1
524136 0.000000 0
524144 0.000000 0
524151 0.062500 1
524159 0.000000 0
524166 0.000000 0
524174 0.131430 1
524180 0.000000 0
524188 0.000000 0
524195 0.094880 1
524204 0.000000 0
524212 0.000000 0
524219 0.080520 1
524225 0.000000 0
524232 0.000000 0
524240 0.076740 1
524249 0.000000 0
524256 0.000000 0
524264 0.056340 1
524270 0.000000 0
524278 0.000000 0
524285 0.042970 1
524294 0.000000 0
524302 0.000000 0
524309 0.049410 1
524314 0.000000 0
524322 0.000000 0
524329 0.047350 1
524339 0.000000 0
524346 0.000000 0
524354 0.033370 1
524360 0.000000 0
524368 0.000000 0
524375 0.038670 1
524384 0.000000 0
524392 0.000000 0
524399 0.046710 1
524405 0.000000 0
524412 0.000000 0
524420 0.050170 1
524429 0.000000 0
524436 0.000000 0
524444 0.063340 1
524450 0.000000 0
524458 0.000000 0
524465 0.069760 1
524473 0.000000 0
524480 0.000000 0
524488 0.059880 1
524494 0.000000 0
524502 0.000000 0
524509 0.059620 1
524518 0.000000 0
524526 0.000000 0
524533 0.059240 1
524539 0.000000 0
524546 0.000000 0
524554 0.057660 1
524563 0.000000 0
524570 0.000000 0
524578 0.057660 1
524584 0.000000 0
524592 0.000000 0
524599 0.058200 1
524608 0.000000 0
524616 0.000000 0
524623 0.051070 1
524629 0.000000 0
524636 0.000000 0
524644 0.100800 1
524653 0.000000 0
524660 0.000000 0
524668 0.083220 1
524674 0.000000 0
524682 0.000000 0
524689 0.068670 1
524698 0.000000 0
524706 0.000000 0
524713 0.073180 1
524719 0.000000 0
524726 0.000000 0
524734 0.064420 1
524744 0.000000 0
524752 0.000000 0
524759 0.040960 1
524766 0.000000 0
524774 0.000000 0
524781 0.039250 1
524789 0.000000 0
524796 0.000000 0
524804 0.043320 1
524810 0.000000 0
524818 0.000000 0
524825 0.072240 1
524833 0.000000 0
524840 0.000000 0
524848 0.067990 1
524855 0.000000 0
524862 0.000000 0
524870 0.053270 1
524879 0.000000 0
524886 0.000000 0
524894 0.062360 1
524900 0.000000 0
524908 0.000000 0
524915 0.061510 1
524924 0.000000 0
524932 0.000000 0
524939 0.069210 1
524945 0.000000 0
524952 0.000000 0
524960 0.048310 1
524969 0.000000 0
524976 0.000000 0
524984 0.049870 1
524990 0.000000 0
524998 0.000000 0
525005 0.053410 1
525014 0.000000 0
525022 0.000000 0
525029 0.068670 1
525035 0.000000 0
525042 0.000000 0
525050 0.065480 1
525059 0.000000 0
525066 0.000000 0
525074 0.059490 1
525080 0.000000 0
525088 0.000000 0
525095 0.073900 1
525103 0.000000 0
525110 0.000000 0
525118 0.095750 1
525124 0.000000 0
525132 0.000000 0
525139 0.080810 1
525148 0.000000 0
525156 0.000000 0
525163 0.063220 1
525169 0.000000 0
525176 0.000000 0
525184 0.061390 1
525193 0.000000 0
525200 0.000000 0
525208 0.042790 1
525214 0.000000 0
525222 0.000000 0
525229 0.041340 1
525238 0.000000 0
525246 0.000000 0
525253 0.054690 1
525259 0.000000 0
525266 0.000000 0
525274 0.053970 1
525283 0.000000 0
525290 0.000000 0
525298 0.034490 1
525304 0.000000 0
525312 0.000000 0
525319 0.042070 1
525328 0.000000 0
525336 0.000000 0
525343 0.058850 1
525349 0.000000 0
525356 0.000000 0
525364 0.060140 1
525374 0.000000 0
525382 0.000000 0
525389 0.051070 1
525396 0.000000 0
525404 0.000000 0
525411 0.053270 1
525418 0.000000 0
525426 0.000000 0
525433 0.051070 1
525440 0.000000 0
525448 0.000000 0
525455 0.044360 1
525463 0.000000 0
525470 0.000000 0
525478 0.072240 1
525485 0.000000 0
525492 0.000000 0
525500 0.060000 1
525509 0.000000 0
525516 0.000000 0
525524 0.061260 1
525530 0.000000 0
525538 0.000000 0
525545 0.067990 1
525554 0.000000 0
525562 0.000000 0
525569 0.053410 1
525575 0.000000 0
525582 0.000000 0
525590 0.078020 1
525599 0.000000 0
525606 0.000000 0
525614 0.066510 1
525619 0.000000 0
525626 0.000000 0
525634 0.072860 1
525644 0.000000 0
525652 0.000000 0
525659 0.061880 1
525665 0.000000 0
525672 0.000000 0
525680 0.060500 1
525689 0.000000 0
525696 0.000000 0
525704 0.038470 1
525709 0.000000 0
525716 0.000000 0
525724 0.050170 1
525734 0.000000 0
525742 0.000000 0
525749 0.053970 1
525754 0.000000 0
525762 0.000000 0
525769 0.049090 1
525778 0.000000 0
525786 0.000000 0
525793 0.046370 1
525799 0.000000 0
525806 0.000000 0
525814 0.054400 1
525823 0.000000 0
525830 0.000000 0
525838 0.069110 1
525844 0.000000 0
525852 0.000000 0
525859 0.063580 1
525868 0.000000 0
525876 0.000000 0
525883 0.054260 1
525889 0.000000 0
525896 0.000000 0
525904 0.054260 1
525913 0.000000 0
525920 0.000000 0
525928 0.065580 1
525934 0.000000 0
525942 0.000000 0
525949 0.062850 1
525958 0.000000 0
525966 0.000000 0
525973 0.077530 1
525979 0.000000 0
525986 0.000000 0
525994 0.073270 1
526003 0.000000 0
526010 0.000000 0
526018 0.062500 1
526025 0.000000 0
526032 0.000000 0
526040 0.093340 1
526049 0.000000 0
526056 0.000000 0
526064 0.094150 1
526071 0.000000 0
526078 0.000000 0
526086 0.072970 1
526094 0.000000 0
526102 0.000000 0
526109 0.057400 1
526116 0.000000 0
526124 0.000000 0
526131 0.050020 1
526139 0.000000 0
526146 0.000000 0
526154 0.042250 1
526160 0.000000 0
526168 0.000000 0
526175 0.047030 1
526184 0.000000 0
526192 0.000000 0
526199 0.041520 1
526205 0.000000 0
526212 0.000000 0
526220 0.050480 1
526229 0.000000 0
526236 0.000000 0
526244 0.063710 1
526250 0.000000 0
526258 0.000000 0
526265 0.058980 1
526274 0.000000 0
526282 0.000000 0
526289 0.051070 1
526295 0.000000 0
526302 0.000000 0
526310 0.066510 1
526319 0.000000 0
526326 0.000000 0
526334 0.071170 1
526340 0.000000 0
526348 0.000000 0
526355 0.064060 1
526364 0.000000 0
526372 0.000000 0
526379 0.054260 1
526385 0.000000 0
526392 0.000000 0
526400 0.059490 1
526409 0.000000 0
526416 0.000000 0
526424 0.060140 1
526429 0.000000 0
526436 0.000000 0
526444 0.054120 1
526453 0.000000 0
526460 0.000000 0
526468 0.056060 1
526473 0.000000 0
526480 0.000000 0
526488 0.049560 1
526498 0.000000 0
526506 0.000000 0
526513 0.075140 1
526519 0.000000 0
526526 0.000000 0
526534 0.072970 1
526543 0.000000 0
526550 0.000000 0
526558 0.077440 1
526564 0.000000 0
526572 0.000000 0
526579 0.076940 1
526588 0.000000 0
526596 0.000000 0
526603 0.062730 1
526609 0.000000 0
526616 0.000000 0
526624 0.051380 1
526633 0.000000 0
526640 0.000000 0
526648 0.043140 1
526654 0.000000 0
526662 0.000000 0
526669 0.044880 1
526678 0.000000 0
526686 0.000000 0
526693 0.050480 1
526699 0.000000 0
526706 0.000000 0
526714 0.051670 1
526723 0.000000 0
526730 0.000000 0
526738 0.048630 1
526744 0.000000 0
526752 0.000000 0
526759 0.061260 1
526769 0.000000 0
526776 0.000000 0
526784 0.061880 1
526791 0.000000 0
526798 0.000000 0
526806 0.063580 1
526814 0.000000 0
526822 0.000000 0
526829 0.053270 1
526836 0.000000 0
526844 0.000000 0
526851 0.054830 1
526858 0.000000 0
526866 0.000000 0
526873 0.051960 1
526880 0.000000 0
526888 0.000000 0
526895 0.072340 1
526904 0.000000 0
526912 0.000000 0
526919 0.066870 1
526925 0.000000 0
526932 0.000000 0
526940 0.067430 1
526949 0.000000 0
526956 0.000000 0
526964 0.060260 1
526970 0.000000 0
526978 0.000000 0
526985 0.065930 1
526994 0.000000 0
527002 0.000000 0
527009 0.053120 1
527015 0.000000 0
527022 0.000000 0
527030 0.060640 1
527039 0.000000 0
527046 0.000000 0
527054 0.063580 1
527060 0.000000 0
527068 0.000000 0
527075 0.065710 1
527084 0.000000 0
527092 0.000000 0
527099 0.047520 1
527105 0.000000 0
527112 0.000000 0
527120 0.039250 1
527129 0.000000 0
527136 0.000000 0
527144 0.048780 1
527150 0.000000 0
527158 0.000000 0
527165 0.040590 1
527174 0.000000 0
527182 0.000000 0
527189 0.031720 1
527195 0.000000 0
527202 0.000000 0
527210 0.055100 1
527218 0.000000 0
527226 0.000000 0
527233 0.058060 1
527239 0.000000 0
527246 0.000000 0
527254 0.057940 1
527263 0.000000 0
527270 0.000000 0
527278 0.057800 1
527284 0.000000 0
527292 0.000000 0
527299 0.053560 1
527308 0.000000 0
527316 0.000000 0
527323 0.051960 1
527329 0.000000 0
527336 0.000000 0
527344 0.056060 1
527353 0.000000 0
527360 0.000000 0
527368 0.054400 1
527374 0.000000 0
527382 0.000000 0
527389 0.060880 1
527398 0.000000 0
527406 0.000000 0
527413 0.050630 1
527419 0.000000 0
527426 0.000000 0
527434 0.055370 1
527443 0.000000 0
527450 0.000000 0
527458 0.049710 1
527464 0.000000 0
527472 0.000000 0
527479 0.041340 1
527488 0.000000 0
527496 0.000000 0
527503 0.048310 1
527509 0.000000 0
527516 0.000000 0
527524 0.050920 1
527533 0.000000 0
527540 0.000000 0
527548 0.042070 1
527554 0.000000 0
527562 0.000000 0
527569 0.037460 1
527578 0.000000 0
527586 0.000000 0
527593 0.039640 1
527599 0.000000 0
527606 0.000000 0
527614 0.061750 1
527623 0.000000 0
527630 0.000000 0
527638 0.046050 1
527644 0.000000 0
527652 0.000000 0
527659 0.046050 1
527668 0.000000 0
527676 0.000000 0
527683 0.057010 1
527689 0.000000 0
527696 0.000000 0
527704 0.059240 1
527713 0.000000 0
527720 0.000000 0
527728 0.053270 1
527734 0.000000 0
527742 0.000000 0
527749 0.060380 1
527758 0.000000 0
527766 0.000000 0
527773 0.062360 1
527780 0.000000 0
527788 0.000000 0
527795 0.047200 1
527804 0.000000 0
527812 0.000000 0
527819 0.048780 1
527826 0.000000 0
527834 0.000000 0
527841 0.046710 1
527849 0.000000 0
527856 0.000000 0
527864 0.039830 1
527870 0.000000 0
527878 0.000000 0
527885 0.042600 1
527894 0.000000 0
527902 0.000000 0
527909 0.044530 1
527915 0.000000 0
527922 0.000000 0
527930 0.049710 1
527939 0.000000 0
527946 0.000000 0
527954 0.050170 1
527960 0.000000 0
527968 0.000000 0
527975 0.048940 1
527984 0.000000 0
527992 0.000000 0
527999 0.042790 1
528005 0.000000 0
528012 0.000000 0
528020 0.055100 1
528029 0.000000 0
528036 0.000000 0
528044 0.046880 1
528050 0.000000 0
528058 0.000000 0
528065 0.041890 1
528074 0.000000 0
528082 0.000000 0
528089 0.053560 1
528095 0.000000 0
528102 0.000000 0
528110 0.041700 1
528119 0.000000 0
528126 0.000000 0
528134 0.045380 1
528140 0.000000 0
528148 0.000000 0
528155 0.043670 1
528164 0.000000 0
528172 0.000000 0
528179 0.052110 1
528184 0.000000 0
528192 0.000000 0
528199 0.051380 1
528208 0.000000 0
528216 0.000000 0
528223 0.057540 1
528229 0.000000 0
528236 0.000000 0
528244 0.050170 1
528253 0.000000 0
528260 0.000000 0
528268 0.059100 1
528274 0.000000 0
528282 0.000000 0
528289 0.052840 1
528298 0.000000 0
528306 0.000000 0
528313 0.050480 1
528319 0.000000 0
528326 0.000000 0
528334 0.063830 1
528343 0.000000 0
528350 0.000000 0
528358 0.061140 1
528364 0.000000 0
528372 0.000000 0
528379 0.051670 1
528388 0.000000 0
528396 0.000000 0
528403 0.041890 1
528409 0.000000 0
528416 0.000000 0
528424 0.045720 1
528433 0.000000 0
528440 0.000000 0
528448 0.053270 1
528454 0.000000 0
528462 0.000000 0
528469 0.049090 1
528479 0.000000 0
528486 0.000000 0
528494 0.045720 1
528501 0.000000 0
528508 0.000000 0
528516 0.053120 1
528524 0.000000 0
528532 0.000000 0
528539 0.056460 1
528545 0.000000 0
528552 0.000000 0
528560 0.045040 1
528568 0.000000 0
528576 0.000000 0
528583 0.041520 1
528591 0.000000 0
528598 0.000000 0
528606 0.049710 1
528614 0.000000 0
528622 0.000000 0
528629 0.043490 1
528635 0.000000 0
528642 0.000000 0
528650 0.044710 1
528659 0.000000 0
528666 0.000000 0
528674 0.044360 1
528679 0.000000 0
528686 0.000000 0
528694 0.049410 1
528703 0.000000 0
528710 0.000000 0
528718 0.050320 1
528725 0.000000 0
528732 0.000000 0
528740 0.057130 1
528748 0.000000 0
528756 0.000000 0
528763 0.046370 1
528770 0.000000 0
528778 0.000000 0
528785 0.050780 1
528794 0.000000 0
528802 0.000000 0
528809 0.051510 1
528815 0.000000 0
528822 0.000000 0
528830 0.052840 1
528839 0.000000 0
528846 0.000000 0
528854 0.060880 1
528860 0.000000 0
528868 0.000000 0
528875 0.051510 1
528884 0.000000 0
528892 0.000000 0
528899 0.045880 1
528905 0.000000 0
528912 0.000000 0
528920 0.037460 1
528929 0.000000 0
528936 0.000000 0
528944 0.053410 1
528950 0.000000 0
528958 0.000000 0
528965 0.064060 1
528973 0.000000 0
528980 0.000000 0
528988 0.048630 1
528993 0.000000 0
529000 0.000000 0
529008 0.054120 1
529018 0.000000 0
529026 0.000000 0
529033 0.049560 1
529039 0.000000 0
529046 0.000000 0
529054 0.045720 1
529063 0.000000 0
529070 0.000000 0
529078 0.034490 1
529084 0.000000 0
529092 0.000000 0
529099 0.043840 1
529108 0.000000 0
529116 0.000000 0
529123 0.046050 1
529129 0.000000 0
529136 0.000000 0
529144 0.046710 1
529153 0.000000 0
529160 0.000000 0
529168 0.045210 1
529174 0.000000 0
529182 0.000000 0
529189 0.038860 1
529198 0.000000 0
529206 0.000000 0
529213 0.036010 1
529219 0.000000 0
529226 0.000000 0
529234 0.070630 1
529243 0.000000 0
529250 0.000000 0
529258 0.056460 1
529264 0.000000 0
529272 0.000000 0
529279 0.053120 1
529289 0.000000 0
529296 0.000000 0
529304 0.063220 1
529311 0.000000 0
529318 0.000000 0
529326 0.038470 1
529334 0.000000 0
529342 0.000000 0
529349 0.056060 1
529355 0.000000 0
529362 0.000000 0
529370 0.041700 1
529378 0.000000 0
529386 0.000000 0
529393 0.035800 1
529400 0.000000 0
529408 0.000000 0
529415 0.048160 1
529424 0.000000 0
529432 0.000000 0
529439 0.042070 1
529445 0.000000 0
529452 0.000000 0
529460 0.030750 1
529469 0.000000 0
529476 0.000000 0
529484 0.035800 1
529490 0.000000 0
529498 0.000000 0
529505 0.045720 1
529514 0.000000 0
529522 0.000000 0
529529 0.039830 1
529535 0.000000 0
529542 0.000000 0
529550 0.050920 1
529558 0.000000 0
529566 0.000000 0
529573 0.046710 1
529580 0.000000 0
529588 0.000000 0
529595 0.047840 1
529604 0.000000 0
529612 0.000000 0
529619 0.063830 1
529624 0.000000 0
529632 0.000000 0
529639 0.066160 1
529648 0.000000 0
529656 0.000000 0
529663 0.045040 1
529669 0.000000 0
529676 0.000000 0
529684 0.065000 1
529693 0.000000 0
529700 0.000000 0
529708 0.055790 1
529714 0.000000 0
529722 0.000000 0
529729 0.047200 1
529738 0.000000 0
529746 0.000000 0
529753 0.046370 1
529759 0.000000 0
529766 0.000000 0
529774 0.053410 1
529783 0.000000 0
529790 0.000000 0
529798 0.036850 1
529804 0.000000 0
529812 0.000000 0
529819 0.036640 1
529828 0.000000 0
529836 0.000000 0
529843 0.032210 1
529849 0.000000 0
529856 0.000000 0
529864 0.053560 1
529873 0.000000 0
529880 0.000000 0
529888 0.048460 1
529894 0.000000 0
529902 0.000000 0
529909 0.034270 1
529918 0.000000 0
529926 0.000000 0
529933 0.047670 1
529939 0.000000 0
529946 0.000000 0
529954 0.051510 1
529963 0.000000 0
529970 0.000000 0
529978 0.050170 1
529986 0.000000 0
529994 0.000000 0
530001 0.043140 1
530009 0.000000 0
530016 0.000000 0
530024 0.043840 1
530031 0.000000 0
530038 0.000000 0
530046 0.049560 1
530053 0.000000 0
530060 0.000000 0
530068 0.077040 1
530075 0.000000 0
530082 0.000000 0
530090 0.069870 1
530099 0.000000 0
530106 0.000000 0
530114 0.052840 1
530120 0.000000 0
530128 0.000000 0
530135 0.041700 1
530144 0.000000 0
530152 0.000000 0
530159 0.051820 1
530165 0.000000 0
530172 0.000000 0
530180 0.051380 1
530189 0.000000 0
530196 0.000000 0
530204 0.055920 1
530210 0.000000 0
530218 0.000000 0
530225 0.054260 1
530233 0.000000 0
530240 0.000000 0
530248 0.040410 1
530255 0.000000 0
530262 0.000000 0
530270 0.056060 1
530279 0.000000 0
530286 0.000000 0
530294 0.040960 1
530299 0.000000 0
530306 0.000000 0
530314 0.052550 1
530324 0.000000 0
530332 0.000000 0
530339 0.054960 1
530344 0.000000 0
530352 0.000000 0
530359 0.061510 1
530369 0.000000 0
530376 0.000000 0
530384 0.058720 1
530390 0.000000 0
530398 0.000000 0
530405 0.045040 1
530414 0.000000 0
530422 0.000000 0
530429 0.039060 1
530435 0.000000 0
530442 0.000000 0
530450 0.053830 1
530458 0.000000 0
530466 0.000000 0
530473 0.054690 1
530479 0.000000 0
530486 0.000000 0
530494 0.041150 1
530503 0.000000 0
530510 0.000000 0
530518 0.039830 1
530524 0.000000 0
530532 0.000000 0
530539 0.049260 1
530548 0.000000 0
530556 0.000000 0
530563 0.044360 1
530569 0.000000 0
530576 0.000000 0
530584 0.045550 1
530593 0.000000 0
530600 0.000000 0
530608 0.052400 1
530614 0.000000 0
530622 0.000000 0
530629 0.054690 1
530638 0.000000 0
530646 0.000000 0
530653 0.057800 1
530659 0.000000 0
530666 0.000000 0
530674 0.069540 1
530683 0.000000 0
530690 0.000000 0
530698 0.055920 1
530704 0.000000 0
530712 0.000000 0
530719 0.049870 1
530728 0.000000 0
530736 0.000000 0
530743 0.048460 1
530749 0.000000 0
530756 0.000000 0
530764 0.060000 1
530773 0.000000 0
530780 0.000000 0
530788 0.053410 1
530795 0.000000 0
530802 0.000000 0
530810 0.067660 1
530819 0.000000 0
530826 0.000000 0
530834 0.063830 1
530841 0.000000 0
530848 0.000000 0
530856 0.040590 1
530864 0.000000 0
530872 0.000000 0
530879 0.040590 1
530886 0.000000 0
530894 0.000000 0
530901 0.049870 1
530908 0.000000 0
530916 0.000000 0
530923 0.059750 1
530930 0.000000 0
530938 0.000000 0
530945 0.062360 1
530954 0.000000 0
530962 0.000000 0
530969 0.069320 1
530975 0.000000 0
530982 0.000000 0
530990 0.060140 1
530999 0.000000 0
531006 0.000000 0
531014 0.052840 1
531019 0.000000 0
531026 0.000000 0
531034 0.049870 1
531044 0.000000 0
531052 0.000000 0
531059 0.050020 1
531065 0.000000 0
531072 0.000000 0
531080 0.042070 1
531089 0.000000 0
531096 0.000000 0
531104 0.050170 1
531110 0.000000 0
531118 0.000000 0
531125 0.036850 1
531134 0.000000 0
531142 0.000000 0
531149 0.049870 1
531154 0.000000 0
531162 0.000000 0
531169 0.061630 1
531179 0.000000 0
531186 0.000000 0
531194 0.075940 1
531200 0.000000 0
531208 0.000000 0
531215 0.042420 1
531223 0.000000 0
531230 0.000000 0
531238 0.053560 1
531244 0.000000 0
531252 0.000000 0
531259 0.063220 1
531268 0.000000 0
531276 0.000000 0
531283 0.049870 1
531288 0.000000 0
531296 0.000000 0
531303 0.060260 1
531313 0.000000 0
531320 0.000000 0
531328 0.045880 1
531334 0.000000 0
531342 0.000000 0
531349 0.045880 1
531358 0.000000 0
531366 0.000000 0
531373 0.054400 1
531379 0.000000 0
531386 0.000000 0
531394 0.068210 1
531403 0.000000 0
531410 0.000000 0
531418 0.047670 1
531424 0.000000 0
531432 0.000000 0
531439 0.046710 1
531448 0.000000 0
531456 0.000000 0
531463 0.053700 1
531469 0.000000 0
531476 0.000000 0
531484 0.098270 1
531494 0.000000 0
531502 0.000000 0
531509 0.075330 1
531516 0.000000 0
531524 0.000000 0
531531 0.070080 1
531538 0.000000 0
531546 0.000000 0
531553 0.048310 1
531560 0.000000 0
531568 0.000000 0
531575 0.049560 1
531583 0.000000 0
531590 0.000000 0
531598 0.046710 1
531605 0.000000 0
531612 0.000000 0
531620 0.042070 1
531628 0.000000 0
531636 0.000000 0
531643 0.047840 1
531649 0.000000 0
531656 0.000000 0
531664 0.068440 1
531673 0.000000 0
531680 0.000000 0
531688 0.058320 1
531695 0.000000 0
531702 0.000000 0
531710 0.053120 1
531719 0.000000 0
531726 0.000000 0
531734 0.057800 1
531739 0.000000 0
531746 0.000000 0
531754 0.041890 1
531764 0.000000 0
531772 0.000000 0
531779 0.048940 1
531785 0.000000 0
531792 0.000000 0
531800 0.046880 1
531809 0.000000 0
531816 0.000000 0
531824 0.051380 1
531830 0.000000 0
531838 0.000000 0
531845 0.059620 1
531853 0.000000 0
531860 0.000000 0
531868 0.065250 1
531874 0.000000 0
531882 0.000000 0
531889 0.058850 1
531898 0.000000 0
531906 0.000000 0
531913 0.074830 1
531919 0.000000 0
531926 0.000000 0
531934 0.081740 1
531943 0.000000 0
531950 0.000000 0
531958 0.060760 1
531964 0.000000 0
531972 0.000000 0
531979 0.052260 1
531988 0.000000 0
531996 0.000000 0
532003 0.050480 1
532009 0.000000 0
532016 0.000000 0
532024 0.035580 1
532033 0.000000 0
532040 0.000000 0
532048 0.043320 1
532054 0.000000 0
532062 0.000000 0
532069 0.041520 1
532078 0.000000 0
532086 0.000000 0
532093 0.045550 1
532099 0.000000 0
532106 0.000000 0
532114 0.056460 1
532123 0.000000 0
532130 0.000000 0
532138 0.063580 1
532146 0.000000 0
532154 0.000000 0
532161 0.056730 1
532168 0.000000 0
532176 0.000000 0
532183 0.085130 1
532190 0.000000 0
532198 0.000000 0
532205 0.076940 1
532214 0.000000 0
532222 0.000000 0
532229 0.070530 1
532235 0.000000 0
532242 0.000000 0
532250 0.052400 1
532259 0.000000 0
532266 0.000000 0
532274 0.035160 1
532280 0.000000 0
532288 0.000000 0
532295 0.075640 1
532304 0.000000 0
532312 0.000000 0
532319 0.066410 1
532325 0.000000 0
532332 0.000000 0
532340 0.065000 1
532349 0.000000 0
532356 0.000000 0
532364 0.047200 1
532370 0.000000 0
532378 0.000000 0
532385 0.050170 1
532394 0.000000 0
532402 0.000000 0
532409 0.044360 1
532415 0.000000 0
532422 0.000000 0
532430 0.041890 1
532439 0.000000 0
532446 0.000000 0
532454 0.053410 1
532460 0.000000 0
532468 0.000000 0
532475 0.070530 1
532484 0.000000 0
532492 0.000000 0
532499 0.063830 1
532505 0.000000 0
532512 0.000000 0
532520 0.051820 1
532529 0.000000 0
532536 0.000000 0
532544 0.039830 1
532549 0.000000 0
532556 0.000000 0
532564 0.045720 1
532573 0.000000 0
532580 0.000000 0
532588 0.044530 1
532594 0.000000 0
532602 0.000000 0
532609 0.043490 1
532618 0.000000 0
532626 0.000000 0
532633 0.048780 1
532639 0.000000 0
532646 0.000000 0
532654 0.069320 1
532663 0.000000 0
532670 0.000000 0
532678 0.078510 1
532684 0.000000 0
532692 0.000000 0
532699 0.071700 1
532708 0.000000 0
532716 0.000000 0
532723 0.057010 1
532729 0.000000 0
532736 0.000000 0
532744 0.063830 1
532753 0.000000 0
532760 0.000000 0
532768 0.053560 1
532774 0.000000 0
532782 0.000000 0
532789 0.045040 1
532799 0.000000 0
532806 0.000000 0
532814 0.047200 1
532821 0.000000 0
532828 0.000000 0
532836 0.056200 1
532844 0.000000 0
532852 0.000000 0
532859 0.052690 1
532866 0.000000 0
532874 0.000000 0
532881 0.042420 1
532889 0.000000 0
532896 0.000000 0
532904 0.051510 1
532910 0.000000 0
532918 0.000000 0
532925 0.058590 1
532934 0.000000 0
532942 0.000000 0
532949 0.069980 1
532955 0.000000 0
532962 0.000000 0
532970 0.087340 1
532979 0.000000 0
532986 0.000000 0
532994 0.050320 1
533000 0.000000 0
533008 0.000000 0
533015 0.052690 1
533024 0.000000 0
533032 0.000000 0
533039 0.057660 1
533045 0.000000 0
533052 0.000000 0
533060 0.050170 1
533069 0.000000 0
533076 0.000000 0
533084 0.047350 1
533090 0.000000 0
533098 0.000000 0
533105 0.043490 1
533114 0.000000 0
533122 0.000000 0
533129 0.053560 1
533135 0.000000 0
533142 0.000000 0
533150 0.047200 1
533158 0.000000 0
533166 0.000000 0
533173 0.055650 1
533179 0.000000 0
533186 0.000000 0
533194 0.067080 1
533203 0.000000 0
533210 0.000000 0
533218 0.066740 1
533224 0.000000 0
533232 0.000000 0
533239 0.059750 1
533248 0.000000 0
533256 0.000000 0
533263 0.060000 1
533269 0.000000 0
533276 0.000000 0
533284 0.056200 1
533293 0.000000 0
533300 0.000000 0
533308 0.056730 1
533314 0.000000 0
533322 0.000000 0
533329 0.041340 1
533338 0.000000 0
533346 0.000000 0
533353 0.032910 1
533359 0.000000 0
533366 0.000000 0
533374 0.048310 1
533383 0.000000 0
533390 0.000000 0
533398 0.041340 1
533404 0.000000 0
533412 0.000000 0
533419 0.056870 1
533428 0.000000 0
533436 0.000000 0
533443 0.060760 1
533451 0.000000 0
533458 0.000000 0
533466 0.058060 1
533474 0.000000 0
533482 0.000000 0
533489 0.048310 1
533494 0.000000 0
533502 0.000000 0
533509 0.080700 1
533519 0.000000 0
533526 0.000000 0
533534 0.099580 1
533540 0.000000 0
533548 0.000000 0
533555 0.067870 1
533564 0.000000 0
533572 0.000000 0
533579 0.049870 1
533584 0.000000 0
533592 0.000000 0
533599 0.044190 1
533608 0.000000 0
533616 0.000000 0
533623 0.059880 1
533630 0.000000 0
533638 0.000000 0
533645 0.052110 1
533654 0.000000 0
533662 0.000000 0
533669 0.053560 1
533675 0.000000 0
533682 0.000000 0
533690 0.055920 1
533698 0.000000 0
533706 0.000000 0
533713 0.062500 1
533720 0.000000 0
533728 0.000000 0
533735 0.056200 1
533744 0.000000 0
533752 0.000000 0
533759 0.044880 1
533765 0.000000 0
533772 0.000000 0
533780 0.040410 1
533788 0.000000 0
533796 0.000000 0
533803 0.059490 1
533809 0.000000 0
533816 0.000000 0
533824 0.072760 1
533833 0.000000 0
533840 0.000000 0
533848 0.053120 1
533854 0.000000 0
533862 0.000000 0
533869 0.051670 1
533878 0.000000 0
533886 0.000000 0
533893 0.050780 1
533899 0.000000 0
533906 0.000000 0
533914 0.055370 1
533923 0.000000 0
533930 0.000000 0
533938 0.053700 1
533944 0.000000 0
533952 0.000000 0
533959 0.063100 1
533968 0.000000 0
533976 0.000000 0
533983 0.060500 1
533989 0.000000 0
533996 0.000000 0
534004 0.077530 1
534014 0.000000 0
534022 0.000000 0
534029 0.085480 1
534036 0.000000 0
534044 0.000000 0
534051 0.079380 1
534058 0.000000 0
534066 0.000000 0
534073 0.064300 1
534081 0.000000 0
534088 0.000000 0
534096 0.065710 1
534103 0.000000 0
534110 0.000000 0
534118 0.053560 1
534125 0.000000 0
534132 0.000000 0
534140 0.057940 1
534149 0.000000 0
534156 0.000000 0
534164 0.062850 1
534169 0.000000 0
534176 0.000000 0
534184 0.054260 1
534194 0.000000 0
534202 0.000000 0
534209 0.075030 1
534215 0.000000 0
534222 0.000000 0
534230 0.061140 1
534239 0.000000 0
534246 0.000000 0
534254 0.054540 1
534260 0.000000 0
534268 0.000000 0
534275 0.052980 1
534284 0.000000 0
534292 0.000000 0
534299 0.049560 1
534304 0.000000 0
534312 0.000000 0
534319 0.052690 1
534329 0.000000 0
534336 0.000000 0
534344 0.051670 1
534349 0.000000 0
534356 0.000000 0
534364 0.042790 1
534374 0.000000 0
534382 0.000000 0
534389 0.053830 1
534394 0.000000 0
534402 0.000000 0
534409 0.060000 1
534418 0.000000 0
534426 0.000000 0
534433 0.081930 1
534439 0.000000 0
534446 0.000000 0
534454 0.065250 1
534463 0.000000 0
534470 0.000000 0
534478 0.062610 1
534484 0.000000 0
534492 0.000000 0
534499 0.096790 1
534508 0.000000 0
534516 0.000000 0
534523 0.119310 1
534529 0.000000 0
534536 0.000000 0
534544 0.082490 1
534553 0.000000 0
534560 0.000000 0
534568 0.052400 1
534574 0.000000 0
534582 0.000000 0
534589 0.046710 1
534598 0.000000 0
534606 0.000000 0
534613 0.060760 1
534619 0.000000 0
534626 0.000000 0
534634 0.062000 1
534643 0.000000 0
534650 0.000000 0
534658 0.050630 1
534664 0.000000 0
534672 0.000000 0
534679 0.040590 1
534689 0.000000 0
534696 0.000000 0
534704 0.042420 1
534711 0.000000 0
534718 0.000000 0
534726 0.043140 1
534734 0.000000 0
534742 0.000000 0
534749 0.043320 1
534756 0.000000 0
534764 0.000000 0
534771 0.051510 1
534778 0.000000 0
534786 0.000000 0
534793 0.050630 1
534801 0.000000 0
534808 0.000000 0
534816 0.065930 1
534824 0.000000 0
534832 0.000000 0
534839 0.069430 1
534845 0.000000 0
534852 0.000000 0
534860 0.052980 1
534869 0.000000 0
534876 0.000000 0
534884 0.045380 1
534890 0.000000 0
534898 0.000000 0
534905 0.047840 1
534914 0.000000 0
534922 0.000000 0
534929 0.044710 1
534935 0.000000 0
534942 0.000000 0
534950 0.079000 1
534959 0.000000 0
534966 0.000000 0
534974 0.096710 1
534980 0.000000 0
534988 0.000000 0
534995 0.080520 1
535004 0.000000 0
535012 0.000000 0
535019 0.087250 1
535025 0.000000 0
535032 0.000000 0
535040 0.068880 1
535049 0.000000 0
535056 0.000000 0
535064 0.057660 1
535069 0.000000 0
535076 0.000000 0
535084 0.045720 1
535094 0.000000 0
535102 0.000000 0
535109 0.027620 1
535115 0.000000 0
535122 0.000000 0
535130 0.035800 1
535139 0.000000 0
535146 0.000000 0
535154 0.027050 1
535160 0.000000 0
535168 0.000000 0
535175 0.029740 1
535184 0.000000 0
535192 0.000000 0
535199 0.041520 1
535204 0.000000 0
535212 0.000000 0
535219 0.056600 1
535228 0.000000 0
535236 0.000000 0
535243 0.042250 1
535249 0.000000 0
535256 0.000000 0
535264 0.031720 1
535273 0.000000 0
535280 0.000000 0
535288 0.036220 1
535294 0.000000 0
535302 0.000000 0
535309 0.026200 1
535318 0.000000 0
535326 0.000000 0
535333 0.042420 1
535339 0.000000 0
535346 0.000000 0
535354 0.032210 1
535363 0.000000 0
535370 0.000000 0
535378 0.028960 1
535384 0.000000 0
535392 0.000000 0
535399 0.039060 1
535408 0.000000 0
535416 0.000000 0
535423 0.103410 1
535429 0.000000 0
535436 0.000000 0
535444 0.099350 1
535453 0.000000 0
535460 0.000000 0
535468 0.074830 1
535474 0.000000 0
535482 0.000000 0
535489 0.052550 1
535499 0.000000 0
535506 0.000000 0
535514 0.044010 1
535521 0.000000 0
535528 0.000000 0
535536 0.046050 1
535544 0.000000 0
535552 0.000000 0
535559 0.052690 1
535566 0.000000 0
535574 0.000000 0
535581 0.058850 1
535588 0.000000 0
535596 0.000000 0
535603 0.056460 1
535610 0.000000 0
535618 0.000000 0
535625 0.051380 1
535634 0.000000 0
535642 0.000000 0
535649 0.050320 1
535655 0.000000 0
535662 0.000000 0
535670 0.104010 1
535679 0.000000 0
535686 0.000000 0
535694 0.062850 1
535700 0.000000 0
535708 0.000000 0
535715 0.057010 1
535723 0.000000 0
535730 0.000000 0
535738 0.055920 1
535745 0.000000 0
535752 0.000000 0
535760 0.058200 1
535769 0.000000 0
535776 0.000000 0
535784 0.063460 1
535790 0.000000 0
535798 0.000000 0
535805 0.041340 1
535814 0.000000 0
535822 0.000000 0
535829 0.032670 1
535834 0.000000 0
535842 0.000000 0
535849 0.044530 1
535859 0.000000 0
535866 0.000000 0
535874 0.035160 1
535880 0.000000 0
535888 0.000000 0
535895 0.077330 1
535904 0.000000 0
535912 0.000000 0
535919 0.072760 1
535924 0.000000 0
535932 0.000000 0
535939 0.048780 1
535948 0.000000 0
535956 0.000000 0
535963 0.036640 1
535969 0.000000 0
535976 0.000000 0
535984 0.029480 1
535993 0.000000 0
536000 0.000000 0
536008 0.036850 1
536014 0.000000 0
536022 0.000000 0
536029 0.041340 1
536038 0.000000 0
536046 0.000000 0
536053 0.038860 1
536059 0.000000 0
536066 0.000000 0
536074 0.028960 1
536083 0.000000 0
536090 0.000000 0
536098 0.045040 1
536104 0.000000 0
536112 0.000000 0
536119 0.044530 1
536128 0.000000 0
536136 0.000000 0
536143 0.061630 1
536151 0.000000 0
536158 0.000000 0
536166 0.056200 1
536174 0.000000 0
536182 0.000000 0
536189 0.034490 1
536196 0.000000 0
536204 0.000000 0
536211 0.032440 1
536218 0.000000 0
536226 0.000000 0
536233 0.036850 1
536240 0.000000 0
536248 0.000000 0
536255 0.047520 1
536264 0.000000 0
536272 0.000000 0
536279 0.051960 1
536285 0.000000 0
536292 0.000000 0
536300 0.034710 1
536309 0.000000 0
536316 0.000000 0
536324 0.039250 1
536330 0.000000 0
536338 0.000000 0
536345 0.036640 1
536354 0.000000 0
536362 0.000000 0
536369 0.108250 1
536375 0.000000 0
536382 0.000000 0
536390 0.093100 1
536399 0.000000 0
536406 0.000000 0
536414 0.057540 1
536420 0.000000 0
536428 0.000000 0
536435 0.052980 1
536444 0.000000 0
536452 0.000000 0
536459 0.050780 1
536465 0.000000 0
536472 0.000000 0
536480 0.056340 1
536489 0.000000 0
536496 0.000000 0
536504 0.049560 1
536510 0.000000 0
536518 0.000000 0
536525 0.038860 1
536534 0.000000 0
536542 0.000000 0
536549 0.036640 1
536554 0.000000 0
536562 0.000000 0
536569 0.047840 1
536578 0.000000 0
536586 0.000000 0
536593 0.062850 1
536599 0.000000 0
536606 0.000000 0
536614 0.076540 1
536623 0.000000 0
536630 0.000000 0
536638 0.060140 1
536644 0.000000 0
536652 0.000000 0
536659 0.040590 1
536668 0.000000 0
536676 0.000000 0
536683 0.028430 1
536689 0.000000 0
536696 0.000000 0
536704 0.067430 1
536713 0.000000 0
536720 0.000000 0
536728 0.073380 1
536734 0.000000 0
536742 0.000000 0
536749 0.078220 1
536758 0.000000 0
536766 0.000000 0
536773 0.092520 1
536780 0.000000 0
536788 0.000000 0
536795 0.085390 1
536804 0.000000 0
536812 0.000000 0
536819 0.070630 1
536826 0.000000 0
536834 0.000000 0
536841 0.070530 1
536848 0.000000 0
536856 0.000000 0
536863 0.048630 1
536871 0.000000 0
536878 0.000000 0
536886 0.069980 1
536893 0.000000 0
536900 0.000000 0
536908 0.062850 1
536915 0.000000 0
536922 0.000000 0
536930 0.056730 1
536939 0.000000 0
536946 0.000000 0
536954 0.041150 1
536960 0.000000 0
536968 0.000000 0
536975 0.021740 1
536984 0.000000 0
536992 0.000000 0
536999 0.027340 1
537005 0.000000 0
537012 0.000000 0
537020 0.034040 1
537029 0.000000 0
537036 0.000000 0
537044 0.032670 1
537050 0.000000 0
537058 0.000000 0
537065 0.106320 1
537074 0.000000 0
537082 0.000000 0
537089 0.101110 1
537095 0.000000 0
537102 0.000000 0
537110 0.087950 1
537119 0.000000 0
537126 0.000000 0
537134 0.089420 1
537140 0.000000 0
537148 0.000000 0
537155 0.070530 1
537164 0.000000 0
537172 0.000000 0
537179 0.049710 1
537184 0.000000 0
537192 0.000000 0
537199 0.042420 1
537208 0.000000 0
537216 0.000000 0
537223 0.042600 1
537229 0.000000 0
537236 0.000000 0
537244 0.036850 1
537253 0.000000 0
537260 0.000000 0
537268 0.030750 1
537273 0.000000 0
537280 0.000000 0
537288 0.062730 1
537298 0.000000 0
537306 0.000000 0
537313 0.091520 1
537319 0.000000 0
537326 0.000000 0
537334 0.061880 1
537343 0.000000 0
537350 0.000000 0
537358 0.067660 1
537364 0.000000 0
537372 0.000000 0
537379 0.058200 1
537388 0.000000 0
537396 0.000000 0
537403 0.059490 1
537409 0.000000 0
537416 0.000000 0
537424 0.048780 1
537433 0.000000 0
537440 0.000000 0
537448 0.030990 1
537454 0.000000 0
537462 0.000000 0
537469 0.031250 1
537478 0.000000 0
537486 0.000000 0
537493 0.033600 1
537499 0.000000 0
537506 0.000000 0
537514 0.038860 1
537524 0.000000 0
537532 0.000000 0
537539 0.093750 1
537546 0.000000 0
537554 0.000000 0
537561 0.093580 1
537569 0.000000 0
537576 0.000000 0
537584 0.057800 1
537591 0.000000 0
537598 0.000000 0
537606 0.056060 1
537614 0.000000 0
537622 0.000000 0
537629 0.042250 1
537636 0.000000 0
537644 0.000000 0
537651 0.041150 1
537659 0.000000 0
537666 0.000000 0
537674 0.040770 1
537680 0.000000 0
537688 0.000000 0
537695 0.042970 1
537704 0.000000 0
537712 0.000000 0
537719 0.033830 1
537725 0.000000 0
537732 0.000000 0
537740 0.038470 1
537749 0.000000 0
537756 0.000000 0
537764 0.111510 1
537770 0.000000 0
537778 0.000000 0
537785 0.113820 1
537794 0.000000 0
537802 0.000000 0
537809 0.061140 1
537815 0.000000 0
537822 0.000000 0
537830 0.056340 1
537839 0.000000 0
537846 0.000000 0
537854 0.054400 1
537860 0.000000 0
537868 0.000000 0
537875 0.042420 1
537883 0.000000 0
537890 0.000000 0
537898 0.034710 1
537905 0.000000 0
537912 0.000000 0
537920 0.033830 1
537929 0.000000 0
537936 0.000000 0
537944 0.029740 1
537950 0.000000 0
537958 0.000000 0
537965 0.034490 1
537974 0.000000 0
537982 0.000000 0
537989 0.045210 1
537994 0.000000 0
538002 0.000000 0
538009 0.062360 1
538018 0.000000 0
538026 0.000000 0
538033 0.066970 1
538039 0.000000 0
538046 0.000000 0
538054 0.065000 1
538063 0.000000 0
538070 0.000000 0
538078 0.036220 1
538084 0.000000 0
538092 0.000000 0
538099 0.029220 1
538108 0.000000 0
538116 0.000000 0
538123 0.049410 1
538129 0.000000 0
538136 0.000000 0
538144 0.049410 1
538153 0.000000 0
538160 0.000000 0
538168 0.044360 1
538174 0.000000 0
538182 0.000000 0
538189 0.041150 1
538198 0.000000 0
538206 0.000000 0
538213 0.048160 1
538219 0.000000 0
538226 0.000000 0
538234 0.083310 1
538244 0.000000 0
538252 0.000000 0
538259 0.077930 1
538265 0.000000 0
538272 0.000000 0
538280 0.069980 1
538288 0.000000 0
538296 0.000000 0
538303 0.046710 1
538310 0.000000 0
538318 0.000000 0
538325 0.045880 1
538333 0.000000 0
538340 0.000000 0
538348 0.057660 1
538355 0.000000 0
538362 0.000000 0
538370 0.052980 1
538379 0.000000 0
538386 0.000000 0
538394 0.060880 1
538399 0.000000 0
538406 0.000000 0
538414 0.061880 1
538423 0.000000 0
538430 0.000000 0
538438 0.061010 1
538445 0.000000 0
538452 0.000000 0
538460 0.051510 1
538469 0.000000 0
538476 0.000000 0
538484 0.076740 1
538489 0.000000 0
538496 0.000000 0
538504 0.060500 1
538514 0.000000 0
538522 0.000000 0
538529 0.108520 1
538535 0.000000 0
538542 0.000000 0
538550 0.081470 1
538559 0.000000 0
538566 0.000000 0
538574 0.077240 1
538580 0.000000 0
538588 0.000000 0
538595 0.063100 1
538604 0.000000 0
538612 0.000000 0
538619 0.047350 1
538625 0.000000 0
538632 0.000000 0
538640 0.044530 1
538648 0.000000 0
538656 0.000000 0
538663 0.043840 1
538669 0.000000 0
538676 0.000000 0
538684 0.051960 1
538693 0.000000 0
538700 0.000000 0
538708 0.086460 1
538714 0.000000 0
538722 0.000000 0
538729 0.078510 1
538738 0.000000 0
538746 0.000000 0
538753 0.069540 1
538759 0.000000 0
538766 0.000000 0
538774 0.062850 1
538783 0.000000 0
538790 0.000000 0
538798 0.048310 1
538804 0.000000 0
538812 0.000000 0
538819 0.033600 1
538828 0.000000 0
538836 0.000000 0
538843 0.025010 1
538849 0.000000 0
538856 0.000000 0
538864 0.029480 1
538873 0.000000 0
538880 0.000000 0
538888 0.042600 1
538894 0.000000 0
538902 0.000000 0
538909 0.033370 1
538918 0.000000 0
538926 0.000000 0
538933 0.084950 1
538939 0.000000 0
538946 0.000000 0
538954 0.080810 1
538963 0.000000 0
538970 0.000000 0
538978 0.059880 1
538984 0.000000 0
538992 0.000000 0
538999 0.064770 1
539008 0.000000 0
539016 0.000000 0
539023 0.050920 1
539030 0.000000 0
539038 0.000000 0
539045 0.033600 1
539054 0.000000 0
539062 0.000000 0
539069 0.037870 1
539074 0.000000 0
539082 0.000000 0
539089 0.033830 1
539098 0.000000 0
539106 0.000000 0
539113 0.039060 1
539120 0.000000 0
539128 0.000000 0
539135 0.031970 1
539144 0.000000 0
539152 0.000000 0
539159 0.021390 1
539164 0.000000 0
539172 0.000000 0
539179 0.093750 1
539188 0.000000 0
539196 0.000000 0
539203 0.094880 1
539210 0.000000 0
539218 0.000000 0
539225 0.066510 1
539234 0.000000 0
539242 0.000000 0
539249 0.059240 1
539255 0.000000 0
539262 0.000000 0
539270 0.038470 1
539279 0.000000 0
539286 0.000000 0
539294 0.043490 1
539300 0.000000 0
539308 0.000000 0
539315 0.027620 1
539324 0.000000 0
539332 0.000000 0
539339 0.027620 1
539345 0.000000 0
539352 0.000000 0
539360 0.031970 1
539368 0.000000 0
539376 0.000000 0
539383 0.031480 1
539389 0.000000 0
539396 0.000000 0
539404 0.079960 1
539413 0.000000 0
539420 0.000000 0
539428 0.085660 1
539434 0.000000 0
539442 0.000000 0
539449 0.096790 1
539458 0.000000 0
539466 0.000000 0
539473 0.069110 1
539479 0.000000 0
539486 0.000000 0
539494 0.055100 1
539503 0.000000 0
539510 0.000000 0
539518 0.049410 1
539524 0.000000 0
539532 0.000000 0
539539 0.030000 1
539548 0.000000 0
539556 0.000000 0
539563 0.034040 1
539569 0.000000 0
539576 0.000000 0
539584 0.040020 1
539593 0.000000 0
539600 0.000000 0
539608 0.038670 1
539614 0.000000 0
539622 0.000000 0
539629 0.055100 1
539639 0.000000 0
539646 0.000000 0
539654 0.116270 1
539660 0.000000 0
539668 0.000000 0
539675 0.085310 1
539683 0.000000 0
539690 0.000000 0
539698 0.044360 1
539704 0.000000 0
539712 0.000000 0
539719 0.055920 1
539729 0.000000 0
539736 0.000000 0
539744 0.051510 1
539749 0.000000 0
539756 0.000000 0
539764 0.054690 1
539773 0.000000 0
539780 0.000000 0
539788 0.059750 1
539795 0.000000 0
539802 0.000000 0
539810 0.052260 1
539819 0.000000 0
539826 0.000000 0
539834 0.046050 1
539840 0.000000 0
539848 0.000000 0
539855 0.039830 1
539864 0.000000 0
539872 0.000000 0
539879 0.051510 1
539885 0.000000 0
539892 0.000000 0
539900 0.074110 1
539909 0.000000 0
539916 0.000000 0
539924 0.071600 1
539930 0.000000 0
539938 0.000000 0
539945 0.070630 1
539954 0.000000 0
539962 0.000000 0
539969 0.067660 1
539974 0.000000 0
539982 0.000000 0
539989 0.061750 1
539998 0.000000 0
540006 0.000000 0
540013 0.074620 1
540019 0.000000 0
540026 0.000000 0
540034 0.067870 1
540043 0.000000 0
540050 0.000000 0
540058 0.083860 1
540064 0.000000 0
540072 0.000000 0
540079 0.083680 1
540088 0.000000 0
540096 0.000000 0
540103 0.049560 1
540109 0.000000 0
540116 0.000000 0
540124 0.044360 1
540133 0.000000 0
540140 0.000000 0
540148 0.039640 1
540154 0.000000 0
540162 0.000000 0
540169 0.037260 1
540178 0.000000 0
540186 0.000000 0
540193 0.039250 1
540199 0.000000 0
540206 0.000000 0
540214 0.036010 1
540223 0.000000 0
540230 0.000000 0
540238 0.046050 1
540244 0.000000 0
540252 0.000000 0
540259 0.053560 1
540268 0.000000 0
540276 0.000000 0
540283 0.071810 1
540289 0.000000 0
540296 0.000000 0
540304 0.055100 1
540314 0.000000 0
540322 0.000000 0
540329 0.049410 1
540336 0.000000 0
540344 0.000000 0
540351 0.089330 1
540358 0.000000 0
540366 0.000000 0
540373 0.102240 1
540381 0.000000 0
540388 0.000000 0
540396 0.105180 1
540404 0.000000 0
540412 0.000000 0
540419 0.088120 1
540425 0.000000 0
540432 0.000000 0
540440 0.063710 1
540449 0.000000 0
540456 0.000000 0
540464 0.060500 1
540470 0.000000 0
540478 0.000000 0
540485 0.067660 1
540493 0.000000 0
540500 0.000000 0
540508 0.057800 1
540515 0.000000 0
540522 0.000000 0
540530 0.041520 1
540538 0.000000 0
540546 0.000000 0
540553 0.034930 1
540560 0.000000 0
540568 0.000000 0
540575 0.027890 1
540584 0.000000 0
540592 0.000000 0
540599 0.027890 1
540605 0.000000 0
540612 0.000000 0
540620 0.017010 1
540629 0.000000 0
540636 0.000000 0
540644 0.028700 1
540650 0.000000 0
540658 0.000000 0
540665 0.030000 1
540674 0.000000 0
540682 0.000000 0
540689 0.038670 1
540694 0.000000 0
540702 0.000000 0
540709 0.029740 1
540718 0.000000 0
540726 0.000000 0
540733 0.030500 1
540739 0.000000 0
540746 0.000000 0
540754 0.025310 1
540763 0.000000 0
540770 0.000000 0
540778 0.035800 1
540784 0.000000 0
540792 0.000000 0
540799 0.050480 1
540808 0.000000 0
540816 0.000000 0
540823 0.085570 1
540829 0.000000 0
540836 0.000000 0
540844 0.077240 1
540853 0.000000 0
540860 0.000000 0
540868 0.063710 1
540874 0.000000 0
540882 0.000000 0
540889 0.054830 1
540898 0.000000 0
540906 0.000000 0
540913 0.061880 1
540919 0.000000 0
540926 0.000000 0
540934 0.069430 1
540943 0.000000 0
540950 0.000000 0
540958 0.039250 1
540966 0.000000 0
540974 0.000000 0
540981 0.034930 1
540988 0.000000 0
540996 0.000000 0
541003 0.037460 1
541011 0.000000 0
541018 0.000000 0
541026 0.052550 1
541033 0.000000 0
541040 0.000000 0
541048 0.090180 1
541055 0.000000 0
541062 0.000000 0
541070 0.092010 1
541079 0.000000 0
541086 0.000000 0
541094 0.057130 1
541100 0.000000 0
541108 0.000000 0
541115 0.054690 1
541124 0.000000 0
541132 0.000000 0
541139 0.043140 1
541145 0.000000 0
541152 0.000000 0
541160 0.033600 1
541169 0.000000 0
541176 0.000000 0
541184 0.034270 1
541190 0.000000 0
541198 0.000000 0
541205 0.042790 1
541213 0.000000 0
541220 0.000000 0
541228 0.043840 1
541235 0.000000 0
541242 0.000000 0
541250 0.032910 1
541259 0.000000 0
541266 0.000000 0
541274 0.039440 1
541280 0.000000 0
541288 0.000000 0
541295 0.078420 1
541304 0.000000 0
541312 0.000000 0
541319 0.092850 1
541324 0.000000 0
541332 0.000000 0
541339 0.086900 1
541349 0.000000 0
541356 0.000000 0
541364 0.073180 1
541369 0.000000 0
541376 0.000000 0
541384 0.063340 1
541393 0.000000 0
541400 0.000000 0
541408 0.049870 1
541414 0.000000 0
541422 0.000000 0
541429 0.045040 1
541438 0.000000 0
541446 0.000000 0
541453 0.044530 1
541459 0.000000 0
541466 0.000000 0
541474 0.041520 1
541483 0.000000 0
541490 0.000000 0
541498 0.039640 1
541504 0.000000 0
541512 0.000000 0
541519 0.097960 1
541528 0.000000 0
541536 0.000000 0
541543 0.083960 1
541549 0.000000 0
541556 0.000000 0
541564 0.088290 1
541573 0.000000 0
541580 0.000000 0
541588 0.060000 1
541594 0.000000 0
541602 0.000000 0
541609 0.047200 1
541618 0.000000 0
541626 0.000000 0
541633 0.037660 1
541639 0.000000 0
541646 0.000000 0
541654 0.033600 1
541664 0.000000 0
541672 0.000000 0
541679 0.030240 1
541685 0.000000 0
541692 0.000000 0
541700 0.040410 1
541708 0.000000 0
541716 0.000000 0
541723 0.067660 1
541729 0.000000 0
541736 0.000000 0
541744 0.054690 1
541754 0.000000 0
541762 0.000000 0
541769 0.055100 1
541775 0.000000 0
541782 0.000000 0
541790 0.035800 1
541798 0.000000 0
541806 0.000000 0
541813 0.034930 1
541820 0.000000 0
541828 0.000000 0
541835 0.051220 1
541844 0.000000 0
541852 0.000000 0
541859 0.044360 1
541865 0.000000 0
541872 0.000000 0
541880 0.064880 1
541889 0.000000 0
541896 0.000000 0
541904 0.049410 1
541909 0.000000 0
541916 0.000000 0
541924 0.050630 1
541934 0.000000 0
541942 0.000000 0
541949 0.031480 1
541955 0.000000 0
541962 0.000000 0
541970 0.032440 1
541979 0.000000 0
541986 0.000000 0
541994 0.057660 1
541999 0.000000 0
542006 0.000000 0
542014 0.052260 1
542023 0.000000 0
542030 0.000000 0
542038 0.046710 1
542044 0.000000 0
542052 0.000000 0
542059 0.051220 1
542068 0.000000 0
542076 0.000000 0
542083 0.037050 1
542089 0.000000 0
542096 0.000000 0
542104 0.059620 1
542113 0.000000 0
542120 0.000000 0
542128 0.053120 1
542134 0.000000 0
542142 0.000000 0
542149 0.050920 1
542158 0.000000 0
542166 0.000000 0
542173 0.047990 1
542179 0.000000 0
542186 0.000000 0
542194 0.058980 1
542203 0.000000 0
542210 0.000000 0
542218 0.065130 1
542224 0.000000 0
542232 0.000000 0
542239 0.049710 1
542249 0.000000 0
542256 0.000000 0
542264 0.032440 1
542271 0.000000 0
542278 0.000000 0
542286 0.032670 1
542294 0.000000 0
542302 0.000000 0
542309 0.031720 1
542315 0.000000 0
542322 0.000000 0
542330 0.032210 1
542338 0.000000 0
542346 0.000000 0
542353 0.048780 1
542361 0.000000 0
542368 0.000000 0
542376 0.040770 1
542384 0.000000 0
542392 0.000000 0
542399 0.034710 1
542405 0.000000 0
542412 0.000000 0
542420 0.038470 1
542429 0.000000 0
542436 0.000000 0
542444 0.043140 1
542450 0.000000 0
542458 0.000000 0
542465 0.112060 1
542474 0.000000 0
542482 0.000000 0
542489 0.105680 1
542495 0.000000 0
542502 0.000000 0
542510 0.101110 1
542519 0.000000 0
542526 0.000000 0
542534 0.094960 1
542540 0.000000 0
542548 0.000000 0
542555 0.082580 1
542564 0.000000 0
542572 0.000000 0
542579 0.064770 1
542584 0.000000 0
542592 0.000000 0
542599 0.049090 1
542608 0.000000 0
542616 0.000000 0
542623 0.031720 1
542629 0.000000 0
542636 0.000000 0
542644 0.049410 1
542653 0.000000 0
542660 0.000000 0
542668 0.038470 1
542674 0.000000 0
542682 0.000000 0
542689 0.060260 1
542698 0.000000 0
542706 0.000000 0
542713 0.055510 1
542719 0.000000 0
542726 0.000000 0
542734 0.045550 1
542743 0.000000 0
542750 0.000000 0
542758 0.025310 1
542764 0.000000 0
542772 0.000000 0
542779 0.028700 1
542788 0.000000 0
542796 0.000000 0
542803 0.028700 1
542809 0.000000 0
542816 0.000000 0
542824 0.034040 1
542833 0.000000 0
542840 0.000000 0
542848 0.033370 1
542854 0.000000 0
542862 0.000000 0
542869 0.039830 1
542879 0.000000 0
542886 0.000000 0
542894 0.039830 1
542901 0.000000 0
542908 0.000000 0
542916 0.067770 1
542923 0.000000 0
542930 0.000000 0
542938 0.117110 1
542946 0.000000 0
542954 0.000000 0
542961 0.087430 1
542969 0.000000 0
542976 0.000000 0
542984 0.084050 1
542990 0.000000 0
542998 0.000000 0
543005 0.084950 1
543014 0.000000 0
543022 0.000000 0
543029 0.055920 1
543035 0.000000 0
543042 0.000000 0
543050 0.053410 1
543059 0.000000 0
543066 0.000000 0
543074 0.043140 1
543080 0.000000 0
543088 0.000000 0
543095 0.027620 1
543104 0.000000 0
543112 0.000000 0
543119 0.020290 1
543125 0.000000 0
543132 0.000000 0
543140 0.047840 1
543148 0.000000 0
543156 0.000000 0
543163 0.082120 1
543169 0.000000 0
543176 0.000000 0
543184 0.077240 1
543194 0.000000 0
543202 0.000000 0
543209 0.056060 1
543215 0.000000 0
543222 0.000000 0
543230 0.060380 1
543239 0.000000 0
543246 0.000000 0
543254 0.057130 1
543260 0.000000 0
543268 0.000000 0
543275 0.057270 1
543284 0.000000 0
543292 0.000000 0
543299 0.052980 1
543304 0.000000 0
543312 0.000000 0
543319 0.049560 1
543328 0.000000 0
543336 0.000000 0
543343 0.050320 1
543349 0.000000 0
543356 0.000000 0
543364 0.042600 1
543373 0.000000 0
543380 0.000000 0
543388 0.090850 1
543394 0.000000 0
543402 0.000000 0
543409 0.098120 1
543418 0.000000 0
543426 0.000000 0
543433 0.077530 1
543439 0.000000 0
543446 0.000000 0
543454 0.057400 1
543463 0.000000 0
543470 0.000000 0
543478 0.063710 1
543484 0.000000 0
543492 0.000000 0
543499 0.053270 1
543508 0.000000 0
543516 0.000000 0
543523 0.041890 1
543529 0.000000 0
543536 0.000000 0
543544 0.034710 1
543553 0.000000 0
543560 0.000000 0
543568 0.033600 1
543574 0.000000 0
543582 0.000000 0
543589 0.034710 1
543598 0.000000 0
543606 0.000000 0
543613 0.030000 1
543621 0.000000 0
543628 0.000000 0
543636 0.047840 1
543644 0.000000 0
543652 0.000000 0
543659 0.048630 1
543666 0.000000 0
543674 0.000000 0
543681 0.027340 1
543689 0.000000 0
543696 0.000000 0
543704 0.025310 1
543710 0.000000 0
543718 0.000000 0
543725 0.025310 1
543734 0.000000 0
543742 0.000000 0
543749 0.019910 1
543755 0.000000 0
543762 0.000000 0
543770 0.039640 1
543779 0.000000 0
543786 0.000000 0
543794 0.039640 1
543800 0.000000 0
543808 0.000000 0
543815 0.025010 1
543824 0.000000 0
543832 0.000000 0
543839 0.027890 1
543845 0.000000 0
543852 0.000000 0
543860 0.113210 1
543869 0.000000 0
543876 0.000000 0
543884 0.109160 1
543890 0.000000 0
543898 0.000000 0
543905 0.093580 1
543913 0.000000 0
543920 0.000000 0
543928 0.089850 1
543934 0.000000 0
543942 0.000000 0
543949 0.063940 1
543958 0.000000 0
543966 0.000000 0
543973 0.050780 1
543979 0.000000 0
543986 0.000000 0
543994 0.029740 1
544003 0.000000 0
544010 0.000000 0
544018 0.037050 1
544024 0.000000 0
544032 0.000000 0
544039 0.042420 1
544048 0.000000 0
544056 0.000000 0
544063 0.059490 1
544069 0.000000 0
544076 0.000000 0
544084 0.028700 1
544093 0.000000 0
544100 0.000000 0
544108 0.038670 1
544114 0.000000 0
544122 0.000000 0
544129 0.040770 1
544138 0.000000 0
544146 0.000000 0
544153 0.034930 1
544161 0.000000 0
544168 0.000000 0
544176 0.028430 1
544184 0.000000 0
544192 0.000000 0
544199 0.027340 1
544204 0.000000 0
544212 0.000000 0
544219 0.082030 1
544229 0.000000 0
544236 0.000000 0
544244 0.088030 1
544250 0.000000 0
544258 0.000000 0
544265 0.078890 1
544274 0.000000 0
544282 0.000000 0
544289 0.082950 1
544295 0.000000 0
544302 0.000000 0
544310 0.076340 1
544319 0.000000 0
544326 0.000000 0
544334 0.086110 1
544340 0.000000 0
544348 0.000000 0
544355 0.062500 1
544364 0.000000 0
544372 0.000000 0
544379 0.040020 1
544385 0.000000 0
544392 0.000000 0
544400 0.038270 1
544409 0.000000 0
544416 0.000000 0
544424 0.040410 1
544430 0.000000 0
544438 0.000000 0
544445 0.042600 1
544454 0.000000 0
544462 0.000000 0
544469 0.043320 1
544475 0.000000 0
544482 0.000000 0
544490 0.053560 1
544499 0.000000 0
544506 0.000000 0
544514 0.045550 1
544520 0.000000 0
544528 0.000000 0
544535 0.039440 1
544544 0.000000 0
544552 0.000000 0
544559 0.084140 1
544565 0.000000 0
544572 0.000000 0
544580 0.088470 1
544588 0.000000 0
544596 0.000000 0
544603 0.080610 1
544609 0.000000 0
544616 0.000000 0
544624 0.065130 1
544633 0.000000 0
544640 0.000000 0
544648 0.044710 1
544654 0.000000 0
544662 0.000000 0
544669 0.031970 1
544678 0.000000 0
544686 0.000000 0
544693 0.034040 1
544699 0.000000 0
544706 0.000000 0
544714 0.030240 1
544723 0.000000 0
544730 0.000000 0
544738 0.030990 1
544744 0.000000 0
544752 0.000000 0
544759 0.029480 1
544768 0.000000 0
544776 0.000000 0
544783 0.040770 1
544789 0.000000 0
544796 0.000000 0
544804 0.094640 1
544813 0.000000 0
544820 0.000000 0
544828 0.086640 1
544836 0.000000 0
544844 0.000000 0
544851 0.059750 1
544859 0.000000 0
544866 0.000000 0
544874 0.049090 1
544881 0.000000 0
544888 0.000000 0
544896 0.055650 1
544903 0.000000 0
544910 0.000000 0
544918 0.057010 1
544925 0.000000 0
544932 0.000000 0
544940 0.042970 1
544949 0.000000 0
544956 0.000000 0
544964 0.041150 1
544970 0.000000 0
544978 0.000000 0
544985 0.033140 1
544994 0.000000 0
545002 0.000000 0
545009 0.028960 1
545014 0.000000 0
545022 0.000000 0
545029 0.081470 1
545038 0.000000 0
545046 0.000000 0
545053 0.084950 1
545060 0.000000 0
545068 0.000000 0
545075 0.069760 1
545084 0.000000 0
545092 0.000000 0
545099 0.079290 1
545105 0.000000 0
545112 0.000000 0
545120 0.053700 1
545129 0.000000 0
545136 0.000000 0
545144 0.050630 1
545150 0.000000 0
545158 0.000000 0
545165 0.047840 1
545174 0.000000 0
545182 0.000000 0
545189 0.042600 1
545195 0.000000 0
545202 0.000000 0
545210 0.035160 1
545219 0.000000 0
545226 0.000000 0
545234 0.037870 1
545240 0.000000 0
545248 0.000000 0
545255 0.058590 1
545263 0.000000 0
545270 0.000000 0
545278 0.092440 1
545284 0.000000 0
545292 0.000000 0
545299 0.075750 1
545308 0.000000 0
545316 0.000000 0
545323 0.062240 1
545329 0.000000 0
545336 0.000000 0
545344 0.061630 1
545353 0.000000 0
545360 0.000000 0
545368 0.053120 1
545374 0.000000 0
545382 0.000000 0
545389 0.040590 1
545398 0.000000 0
545406 0.000000 0
545413 0.030990 1
545419 0.000000 0
545426 0.000000 0
545434 0.049410 1
545443 0.000000 0
545450 0.000000 0
545458 0.044190 1
545464 0.000000 0
545472 0.000000 0
545479 0.028170 1
545488 0.000000 0
545496 0.000000 0
545503 0.059360 1
545509 0.000000 0
545516 0.000000 0
545524 0.068670 1
545534 0.000000 0
545542 0.000000 0
545549 0.057270 1
545555 0.000000 0
545562 0.000000 0
545570 0.040770 1
545579 0.000000 0
545586 0.000000 0
545594 0.052110 1
545599 0.000000 0
545606 0.000000 0
545614 0.040020 1
545623 0.000000 0
545630 0.000000 0
545638 0.049090 1
545645 0.000000 0
545652 0.000000 0
545660 0.056340 1
545669 0.000000 0
545676 0.000000 0
545684 0.060380 1
545690 0.000000 0
545698 0.000000 0
545705 0.056060 1
545713 0.000000 0
545720 0.000000 0
545728 0.077530 1
545735 0.000000 0
545742 0.000000 0
545750 0.087430 1
545759 0.000000 0
545766 0.000000 0
545774 0.059620 1
545779 0.000000 0
545786 0.000000 0
545794 0.057270 1
545804 0.000000 0
545812 0.000000 0
545819 0.053120 1
545825 0.000000 0
545832 0.000000 0
545840 0.042790 1
545849 0.000000 0
545856 0.000000 0
545864 0.046540 1
545870 0.000000 0
545878 0.000000 0
545885 0.048940 1
545893 0.000000 0
545900 0.000000 0
545908 0.064650 1
545914 0.000000 0
545922 0.000000 0
545929 0.043490 1
545938 0.000000 0
545946 0.000000 0
545953 0.046370 1
545959 0.000000 0
545966 0.000000 0
545974 0.058980 1
545983 0.000000 0
545990 0.000000 0
545998 0.068670 1
546004 0.000000 0
546012 0.000000 0
546019 0.058320 1
546028 0.000000 0
546036 0.000000 0
546043 0.069430 1
546049 0.000000 0
546056 0.000000 0
546064 0.063940 1
546073 0.000000 0
546080 0.000000 0
546088 0.054120 1
546094 0.000000 0
546102 0.000000 0
546109 0.083500 1
546118 0.000000 0
546126 0.000000 0
546133 0.076650 1
546139 0.000000 0
546146 0.000000 0
546154 0.047840 1
546163 0.000000 0
546170 0.000000 0
546178 0.053970 1
546186 0.000000 0
546194 0.000000 0
546201 0.077730 1
546209 0.000000 0
546216 0.000000 0
546224 0.095990 1
546230 0.000000 0
546238 0.000000 0
546245 0.075530 1
546254 0.000000 0
546262 0.000000 0
546269 0.063580 1
546275 0.000000 0
546282 0.000000 0
546290 0.045720 1
546299 0.000000 0
546306 0.000000 0
546314 0.046710 1
546321 0.000000 0
546328 0.000000 0
546336 0.035800 1
546344 0.000000 0
546352 0.000000 0
546359 0.045210 1
546365 0.000000 0
546372 0.000000 0
546380 0.048940 1
546389 0.000000 0
546396 0.000000 0
546404 0.035580 1
546410 0.000000 0
546418 0.000000 0
546425 0.026780 1
546434 0.000000 0
546442 0.000000 0
546449 0.069660 1
546455 0.000000 0
546462 0.000000 0
546470 0.053970 1
546479 0.000000 0
546486 0.000000 0
546494 0.049710 1
546500 0.000000 0
546508 0.000000 0
546515 0.053970 1
546524 0.000000 0
546532 0.000000 0
546539 0.060140 1
546545 0.000000 0
546552 0.000000 0
546560 0.045720 1
546569 0.000000 0
546576 0.000000 0
546584 0.038470 1
546590 0.000000 0
546598 0.000000 0
546605 0.027340 1
546614 0.000000 0
546622 0.000000 0
546629 0.035800 1
546635 0.000000 0
546642 0.000000 0
546650 0.031480 1
546659 0.000000 0
546666 0.000000 0
546674 0.082120 1
546679 0.000000 0
546686 0.000000 0
546694 0.078130 1
546703 0.000000 0
546710 0.000000 0
546718 0.065580 1
546724 0.000000 0
546732 0.000000 0
546739 0.057400 1
546748 0.000000 0
546756 0.000000 0
546763 0.050170 1
546769 0.000000 0
546776 0.000000 0
546784 0.050320 1
546793 0.000000 0
546800 0.000000 0
546808 0.049090 1
546814 0.000000 0
546822 0.000000 0
546829 0.040020 1
546838 0.000000 0
546846 0.000000 0
546853 0.040960 1
546859 0.000000 0
546866 0.000000 0
546874 0.048160 1
546883 0.000000 0
546890 0.000000 0
546898 0.036850 1
546904 0.000000 0
546912 0.000000 0
546919 0.081090 1
546928 0.000000 0
546936 0.000000 0
546943 0.074220 1
546949 0.000000 0
546956 0.000000 0
546964 0.060380 1
546973 0.000000 0
546980 0.000000 0
546988 0.060760 1
546994 0.000000 0
547002 0.000000 0
547009 0.063100 1
547018 0.000000 0
547026 0.000000 0
547033 0.047840 1
547039 0.000000 0
547046 0.000000 0
547054 0.036220 1
547064 0.000000 0
547072 0.000000 0
547079 0.045380 1
547085 0.000000 0
547092 0.000000 0
547100 0.051070 1
547109 0.000000 0
547116 0.000000 0
547124 0.021390 1
547131 0.000000 0
547138 0.000000 0
547146 0.087950 1
547154 0.000000 0
547162 0.000000 0
547169 0.073790 1
547176 0.000000 0
547184 0.000000 0
547191 0.068440 1
547198 0.000000 0
547206 0.000000 0
547213 0.076940 1
547220 0.000000 0
547228 0.000000 0
547235 0.069540 1
547244 0.000000 0
547252 0.000000 0
547259 0.042970 1
547265 0.000000 0
547272 0.000000 0
547280 0.050920 1
547289 0.000000 0
547296 0.000000 0
547304 0.046220 1
547310 0.000000 0
547318 0.000000 0
547325 0.041520 1
547334 0.000000 0
547342 0.000000 0
547349 0.046050 1
547355 0.000000 0
547362 0.000000 0
547370 0.058200 1
547379 0.000000 0
547386 0.000000 0
547394 0.066160 1
547399 0.000000 0
547406 0.000000 0
547414 0.065480 1
547424 0.000000 0
547432 0.000000 0
547439 0.067660 1
547445 0.000000 0
547452 0.000000 0
547460 0.076940 1
547469 0.000000 0
547476 0.000000 0
547484 0.072240 1
547489 0.000000 0
547496 0.000000 0
547504 0.072240 1
547513 0.000000 0
547520 0.000000 0
547528 0.083410 1
547534 0.000000 0
547542 0.000000 0
547549 0.077620 1
547558 0.000000 0
547566 0.000000 0
547573 0.078890 1
547578 0.000000 0
547586 0.000000 0
547593 0.053560 1
547603 0.000000 0
547610 0.000000 0
547618 0.030000 1
547624 0.000000 0
547632 0.000000 0
547639 0.037870 1
547648 0.000000 0
547656 0.000000 0
547663 0.036220 1
547669 0.000000 0
547676 0.000000 0
547684 0.034490 1
547693 0.000000 0
547700 0.000000 0
547708 0.043490 1
547714 0.000000 0
547722 0.000000 0
547729 0.048630 1
547738 0.000000 0
547746 0.000000 0
547753 0.044010 1
547759 0.000000 0
547766 0.000000 0
547774 0.050020 1
547783 0.000000 0
547790 0.000000 0
547798 0.041150 1
547804 0.000000 0
547812 0.000000 0
547819 0.045040 1
547828 0.000000 0
547836 0.000000 0
547843 0.072340 1
547849 0.000000 0
547856 0.000000 0
547864 0.075330 1
547874 0.000000 0
547882 0.000000 0
547889 0.075440 1
547896 0.000000 0
547904 0.000000 0
547911 0.076230 1
547919 0.000000 0
547926 0.000000 0
547934 0.069320 1
547941 0.000000 0
547948 0.000000 0
547956 0.061510 1
547963 0.000000 0
547970 0.000000 0
547978 0.055790 1
547986 0.000000 0
547994 0.000000 0
548001 0.055920 1
548009 0.000000 0
548016 0.000000 0
548024 0.056200 1
548030 0.000000 0
548038 0.000000 0
548045 0.050630 1
548054 0.000000 0
548062 0.000000 0
548069 0.041150 1
548075 0.000000 0
548082 0.000000 0
548090 0.032210 1
548099 0.000000 0
548106 0.000000 0
548114 0.026200 1
548120 0.000000 0
548128 0.000000 0
548135 0.038070 1
548143 0.000000 0
548150 0.000000 0
548158 0.044710 1
548165 0.000000 0
548172 0.000000 0
548180 0.047200 1
548189 0.000000 0
548196 0.000000 0
548204 0.043670 1
548209 0.000000 0
548216 0.000000 0
548224 0.043490 1
548234 0.000000 0
548242 0.000000 0
548249 0.054960 1
548254 0.000000 0
548262 0.000000 0
548269 0.041520 1
548279 0.000000 0
548286 0.000000 0
548294 0.050320 1
548300 0.000000 0
548308 0.000000 0
548315 0.084320 1
548324 0.000000 0
548332 0.000000 0
548339 0.078600 1
548344 0.000000 0
548352 0.000000 0
548359 0.073080 1
548368 0.000000 0
548376 0.000000 0
548383 0.063710 1
548389 0.000000 0
548396 0.000000 0
548404 0.058590 1
548413 0.000000 0
548420 0.000000 0
548428 0.053560 1
548434 0.000000 0
548442 0.000000 0
548449 0.056060 1
548458 0.000000 0
548466 0.000000 0
548473 0.053410 1
548479 0.000000 0
548486 0.000000 0
548494 0.031720 1
548503 0.000000 0
548510 0.000000 0
548518 0.046050 1
548524 0.000000 0
548532 0.000000 0
548539 0.049090 1
548548 0.000000 0
548556 0.000000 0
548563 0.061630 1
548569 0.000000 0
548576 0.000000 0
548584 0.061260 1
548593 0.000000 0
548600 0.000000 0
548608 0.051670 1
548614 0.000000 0
548622 0.000000 0
548629 0.054400 1
548638 0.000000 0
548646 0.000000 0
548653 0.048940 1
548659 0.000000 0
548666 0.000000 0
548674 0.044880 1
548683 0.000000 0
548690 0.000000 0
548698 0.046220 1
548704 0.000000 0
548712 0.000000 0
548719 0.034270 1
548729 0.000000 0
548736 0.000000 0
548744 0.030750 1
548751 0.000000 0
548758 0.000000 0
548766 0.052400 1
548773 0.000000 0
548780 0.000000 0
548788 0.075030 1
548795 0.000000 0
548802 0.000000 0
548810 0.080140 1
548818 0.000000 0
548826 0.000000 0
548833 0.082030 1
548840 0.000000 0
548848 0.000000 0
548855 0.062610 1
548864 0.000000 0
548872 0.000000 0
548879 0.046370 1
548885 0.000000 0
548892 0.000000 0
548900 0.047200 1
548909 0.000000 0
548916 0.000000 0
548924 0.045210 1
548930 0.000000 0
548938 0.000000 0
548945 0.045210 1
548954 0.000000 0
548962 0.000000 0
548969 0.048160 1
548975 0.000000 0
548982 0.000000 0
548990 0.045550 1
548999 0.000000 0
549006 0.000000 0
549014 0.077130 1
549020 0.000000 0
549028 0.000000 0
549035 0.073380 1
549044 0.000000 0
549052 0.000000 0
549059 0.059880 1
549065 0.000000 0
549072 0.000000 0
549080 0.057540 1
549089 0.000000 0
549096 0.000000 0
549104 0.047670 1
549110 0.000000 0
549118 0.000000 0
549125 0.050020 1
549134 0.000000 0
549142 0.000000 0
549149 0.063710 1
549155 0.000000 0
549162 0.000000 0
549170 0.062500 1
549179 0.000000 0
549186 0.000000 0
549194 0.036010 1
549200 0.000000 0
549208 0.000000 0
549215 0.032910 1
549224 0.000000 0
549232 0.000000 0
549239 0.052400 1
549245 0.000000 0
549252 0.000000 0
549260 0.051960 1
549268 0.000000 0
549276 0.000000 0
549283 0.039830 1
549289 0.000000 0
549296 0.000000 0
549304 0.048460 1
549313 0.000000 0
549320 0.000000 0
549328 0.055100 1
549334 0.000000 0
549342 0.000000 0
549349 0.050170 1
549358 0.000000 0
549366 0.000000 0
549373 0.043670 1
549379 0.000000 0
549386 0.000000 0
549394 0.047030 1
549403 0.000000 0
549410 0.000000 0
549418 0.066160 1
549424 0.000000 0
549432 0.000000 0
549439 0.058980 1
549448 0.000000 0
549456 0.000000 0
549463 0.041520 1
549469 0.000000 0
549476 0.000000 0
549484 0.032210 1
549493 0.000000 0
549500 0.000000 0
549508 0.032440 1
549514 0.000000 0
549522 0.000000 0
549529 0.033600 1
549538 0.000000 0
549546 0.000000 0
549553 0.044710 1
549559 0.000000 0
549566 0.000000 0
549574 0.034040 1
549583 0.000000 0
549590 0.000000 0
549598 0.045720 1
549604 0.000000 0
549612 0.000000 0
549619 0.036420 1
549629 0.000000 0
549636 0.000000 0
549644 0.037050 1
549650 0.000000 0
549658 0.000000 0
549665 0.040210 1
549674 0.000000 0
549682 0.000000 0
549689 0.053410 1
549695 0.000000 0
549702 0.000000 0
549710 0.057010 1
549719 0.000000 0
549726 0.000000 0
549734 0.051070 1
549740 0.000000 0
549748 0.000000 0
549755 0.041150 1
549764 0.000000 0
549772 0.000000 0
549779 0.047990 1
549784 0.000000 0
549792 0.000000 0
549799 0.047030 1
549808 0.000000 0
549816 0.000000 0
549823 0.048160 1
549829 0.000000 0
549836 0.000000 0
549844 0.051380 1
549853 0.000000 0
549860 0.000000 0
549868 0.055370 1
549874 0.000000 0
549882 0.000000 0
549889 0.059100 1
549898 0.000000 0
549906 0.000000 0
549913 0.054960 1
549919 0.000000 0
549926 0.000000 0
549934 0.048940 1
549943 0.000000 0
549950 0.000000 0
549958 0.162050 1
549964 0.000000 0
549972 0.000000 0
549979 0.158370 1
549988 0.000000 0
549996 0.000000 0
550003 0.141480 1
550009 0.000000 0
550016 0.000000 0
550024 0.121460 1
550033 0.000000 0
550040 0.000000 0
550048 0.087510 1
550054 0.000000 0
550062 0.000000 0
550069 0.058980 1
550078 0.000000 0
550086 0.000000 0
550093 0.040590 1
550099 0.000000 0
550106 0.000000 0
550114 0.028960 1
550123 0.000000 0
550130 0.000000 0
550138 0.060640 1
550144 0.000000 0
550152 0.000000 0
550159 0.042970 1
550168 0.000000 0
550176 0.000000 0
550183 0.042070 1
550190 0.000000 0
550198 0.000000 0
550205 0.038270 1
550214 0.000000 0
550222 0.000000 0
550229 0.032670 1
550236 0.000000 0
550244 0.000000 0
550251 0.022100 1
550259 0.000000 0
550266 0.000000 0
550274 0.024380 1
550281 0.000000 0
550288 0.000000 0
550296 0.033370 1
550304 0.000000 0
550312 0.000000 0
550319 0.048780 1
550326 0.000000 0
550334 0.000000 0
550341 0.035800 1
550349 0.000000 0
550356 0.000000 0
550364 0.029740 1
550370 0.000000 0
550378 0.000000 0
550385 0.035160 1
550394 0.000000 0
550402 0.000000 0
550409 0.032440 1
550415 0.000000 0
550422 0.000000 0
550430 0.098420 1
550438 0.000000 0
550446 0.000000 0
550453 0.117450 1
550460 0.000000 0
550468 0.000000 0
550475 0.090420 1
550484 0.000000 0
550492 0.000000 0
550499 0.072760 1
550505 0.000000 0
550512 0.000000 0
550520 0.063220 1
550529 0.000000 0
550536 0.000000 0
550544 0.057540 1
550550 0.000000 0
550558 0.000000 0
550565 0.044360 1
550574 0.000000 0
550582 0.000000 0
550589 0.037660 1
550595 0.000000 0
550602 0.000000 0
550610 0.036850 1
550619 0.000000 0
550626 0.000000 0
550634 0.032210 1
550640 0.000000 0
550648 0.000000 0
550655 0.047350 1
550663 0.000000 0
550670 0.000000 0
550678 0.053410 1
550684 0.000000 0
550692 0.000000 0
550699 0.052400 1
550708 0.000000 0
550716 0.000000 0
550723 0.053560 1
550729 0.000000 0
550736 0.000000 0
550744 0.054690 1
550753 0.000000 0
550760 0.000000 0
550768 0.049090 1
550774 0.000000 0
550782 0.000000 0
550789 0.047350 1
550798 0.000000 0
550806 0.000000 0
550813 0.046050 1
550819 0.000000 0
550826 0.000000 0
550834 0.051510 1
550843 0.000000 0
550850 0.000000 0
550858 0.046710 1
550864 0.000000 0
550872 0.000000 0
550879 0.043320 1
550888 0.000000 0
550896 0.000000 0
550903 0.081180 1
550909 0.000000 0
550916 0.000000 0
550924 0.099200 1
550933 0.000000 0
550940 0.000000 0
550948 0.082670 1
550956 0.000000 0
550964 0.000000 0
550971 0.061880 1
550979 0.000000 0
550986 0.000000 0
550994 0.051070 1
551001 0.000000 0
551008 0.000000 0
551016 0.045380 1
551024 0.000000 0
551032 0.000000 0
551039 0.046880 1
551045 0.000000 0
551052 0.000000 0
551060 0.037870 1
551069 0.000000 0
551076 0.000000 0
551084 0.040410 1
551091 0.000000 0
551098 0.000000 0
551106 0.032670 1
551114 0.000000 0
551122 0.000000 0
551129 0.039640 1
551135 0.000000 0
551142 0.000000 0
551150 0.036220 1
551159 0.000000 0
551166 0.000000 0
551174 0.045550 1
551180 0.000000 0
551188 0.000000 0
551195 0.049090 1
551203 0.000000 0
551210 0.000000 0
551218 0.039640 1
551225 0.000000 0
551232 0.000000 0
551240 0.037870 1
551249 0.000000 0
551256 0.000000 0
551264 0.032440 1
551269 0.000000 0
551276 0.000000 0
551284 0.028700 1
551294 0.000000 0
551302 0.000000 0
551309 0.018720 1
551315 0.000000 0
551322 0.000000 0
551330 0.025600 1
551339 0.000000 0
551346 0.000000 0
551354 0.070190 1
551360 0.000000 0
551368 0.000000 0
551375 0.112200 1
551383 0.000000 0
551390 0.000000 0
551398 0.104300 1
551404 0.000000 0
551412 0.000000 0
551419 0.082030 1
551428 0.000000 0
551436 0.000000 0
551443 0.077440 1
551449 0.000000 0
551456 0.000000 0
551464 0.070420 1
551473 0.000000 0
551480 0.000000 0
551488 0.042790 1
551494 0.000000 0
551502 0.000000 0
551509 0.029480 1
551518 0.000000 0
551526 0.000000 0
551533 0.034270 1
551539 0.000000 0
551546 0.000000 0
551554 0.034710 1
551563 0.000000 0
551570 0.000000 0
551578 0.042250 1
551584 0.000000 0
551592 0.000000 0
551599 0.055920 1
551608 0.000000 0
551616 0.000000 0
551623 0.047990 1
551631 0.000000 0
551638 0.000000 0
551646 0.040210 1
551654 0.000000 0
551662 0.000000 0
551669 0.035370 1
551676 0.000000 0
551684 0.000000 0
551691 0.034490 1
551699 0.000000 0
551706 0.000000 0
551714 0.043320 1
551721 0.000000 0
551728 0.000000 0
551736 0.047350 1
551743 0.000000 0
551750 0.000000 0
551758 0.065000 1
551765 0.000000 0
551772 0.000000 0
551780 0.080810 1
551789 0.000000 0
551796 0.000000 0
551804 0.103850 1
551810 0.000000 0
551818 0.000000 0
551825 0.080610 1
551834 0.000000 0
551842 0.000000 0
551849 0.074420 1
551855 0.000000 0
551862 0.000000 0
551870 0.059100 1
551879 0.000000 0
551886 0.000000 0
551894 0.053410 1
551900 0.000000 0
551908 0.000000 0
551915 0.043840 1
551923 0.000000 0
551930 0.000000 0
551938 0.042250 1
551945 0.000000 0
551952 0.000000 0
551960 0.039640 1
551969 0.000000 0
551976 0.000000 0
551984 0.040410 1
551990 0.000000 0
551998 0.000000 0
552005 0.036850 1
552014 0.000000 0
552022 0.000000 0
552029 0.025010 1
552035 0.000000 0
552042 0.000000 0
552050 0.028700 1
552059 0.000000 0
552066 0.000000 0
552074 0.058460 1
552080 0.000000 0
552088 0.000000 0
552095 0.060760 1
552104 0.000000 0
552112 0.000000 0
552119 0.064650 1
552124 0.000000 0
552132 0.000000 0
552139 0.070190 1
552148 0.000000 0
552156 0.000000 0
552163 0.064880 1
552169 0.000000 0
552176 0.000000 0
552184 0.067660 1
552193 0.000000 0
552200 0.000000 0
552208 0.072450 1
552214 0.000000 0
552222 0.000000 0
552229 0.063340 1
552238 0.000000 0
552246 0.000000 0
552253 0.054260 1
552259 0.000000 0
552266 0.000000 0
552274 0.037260 1
552283 0.000000 0
552290 0.000000 0
552298 0.075940 1
552304 0.000000 0
552312 0.000000 0
552319 0.079380 1
552328 0.000000 0
552336 0.000000 0
552343 0.064530 1
552349 0.000000 0
552356 0.000000 0
552364 0.055920 1
552373 0.000000 0
552380 0.000000 0
552388 0.050480 1
552394 0.000000 0
552402 0.000000 0
552409 0.048780 1
552418 0.000000 0
552426 0.000000 0
552433 0.044010 1
552439 0.000000 0
552446 0.000000 0
552454 0.030990 1
552463 0.000000 0
552470 0.000000 0
552478 0.026200 1
552484 0.000000 0
552492 0.000000 0
552499 0.022430 1
552508 0.000000 0
552516 0.000000 0
552523 0.024080 1
552530 0.000000 0
552538 0.000000 0
552545 0.041890 1
552554 0.000000 0
552562 0.000000 0
552569 0.076230 1
552575 0.000000 0
552582 0.000000 0
552590 0.062000 1
552598 0.000000 0
552606 0.000000 0
552613 0.052110 1
552621 0.000000 0
552628 0.000000 0
552636 0.046370 1
552643 0.000000 0
552650 0.000000 0
552658 0.043140 1
552665 0.000000 0
552672 0.000000 0
552680 0.033370 1
552689 0.000000 0
552696 0.000000 0
552704 0.032210 1
552710 0.000000 0
552718 0.000000 0
552725 0.027050 1
552733 0.000000 0
552740 0.000000 0
552748 0.026490 1
552755 0.000000 0
552762 0.000000 0
552770 0.085310 1
552779 0.000000 0
552786 0.000000 0
552794 0.085940 1
552800 0.000000 0
552808 0.000000 0
552815 0.078020 1
552824 0.000000 0
552832 0.000000 0
552839 0.064880 1
552845 0.000000 0
552852 0.000000 0
552860 0.046370 1
552869 0.000000 0
552876 0.000000 0
552884 0.039830 1
552890 0.000000 0
552898 0.000000 0
552905 0.039060 1
552914 0.000000 0
552922 0.000000 0
552929 0.037260 1
552935 0.000000 0
552942 0.000000 0
552950 0.042600 1
552959 0.000000 0
552966 0.000000 0
552974 0.036850 1
552980 0.000000 0
552988 0.000000 0
552995 0.053970 1
553003 0.000000 0
553010 0.000000 0
553018 0.054120 1
553024 0.000000 0
553032 0.000000 0
553039 0.045210 1
553048 0.000000 0
553056 0.000000 0
553063 0.035800 1
553069 0.000000 0
553076 0.000000 0
553084 0.034930 1
553093 0.000000 0
553100 0.000000 0
553108 0.048160 1
553114 0.000000 0
553122 0.000000 0
553129 0.047990 1
553138 0.000000 0
553146 0.000000 0
553153 0.043840 1
553159 0.000000 0
553166 0.000000 0
553174 0.040960 1
553183 0.000000 0
553190 0.000000 0
553198 0.050020 1
553204 0.000000 0
553212 0.000000 0
553219 0.050630 1
553228 0.000000 0
553236 0.000000 0
553243 0.065130 1
553249 0.000000 0
553256 0.000000 0
553264 0.053120 1
553274 0.000000 0
553282 0.000000 0
553289 0.064060 1
553296 0.000000 0
553304 0.000000 0
553311 0.073490 1
553319 0.000000 0
553326 0.000000 0
553334 0.075840 1
553340 0.000000 0
553348 0.000000 0
553355 0.069210 1
553363 0.000000 0
553370 0.000000 0
553378 0.060500 1
553385 0.000000 0
553392 0.000000 0
553400 0.057800 1
553408 0.000000 0
553416 0.000000 0
553423 0.056460 1
553430 0.000000 0
553438 0.000000 0
553445 0.043320 1
553454 0.000000 0
553462 0.000000 0
553469 0.058200 1
553475 0.000000 0
553482 0.000000 0
553490 0.058320 1
553499 0.000000 0
553506 0.000000 0
553514 0.044710 1
553520 0.000000 0
553528 0.000000 0
553535 0.054960 1
553544 0.000000 0
553552 0.000000 0
553559 0.061010 1
553565 0.000000 0
553572 0.000000 0
553580 0.044010 1
553589 0.000000 0
553596 0.000000 0
553604 0.076040 1
553610 0.000000 0
553618 0.000000 0
553625 0.061010 1
553634 0.000000 0
553642 0.000000 0
553649 0.041700 1
553655 0.000000 0
553662 0.000000 0
553670 0.049710 1
553679 0.000000 0
553686 0.000000 0
553694 0.057940 1
553699 0.000000 0
553706 0.000000 0
553714 0.067990 1
553723 0.000000 0
553730 0.000000 0
553738 0.066510 1
553744 0.000000 0
553752 0.000000 0
553759 0.077330 1
553768 0.000000 0
553776 0.000000 0
553783 0.055790 1
553789 0.000000 0
553796 0.000000 0
553804 0.027050 1
553813 0.000000 0
553820 0.000000 0
553828 0.027620 1
553834 0.000000 0
553842 0.000000 0
553849 0.032210 1
553858 0.000000 0
553866 0.000000 0
553873 0.042250 1
553879 0.000000 0
553886 0.000000 0
553894 0.025310 1
553903 0.000000 0
553910 0.000000 0
553918 0.016570 1
553924 0.000000 0
553932 0.000000 0
553939 0.044190 1
553948 0.000000 0
553956 0.000000 0
553963 0.048310 1
553969 0.000000 0
553976 0.000000 0
553984 0.060640 1
553993 0.000000 0
554000 0.000000 0
554008 0.060880 1
554014 0.000000 0
554022 0.000000 0
554029 0.064880 1
554039 0.000000 0
554046 0.000000 0
554054 0.058060 1
554061 0.000000 0
554068 0.000000 0
554076 0.047670 1
554083 0.000000 0
554090 0.000000 0
554098 0.039830 1
554105 0.000000 0
554112 0.000000 0
554120 0.044360 1
554128 0.000000 0
554136 0.000000 0
554143 0.041520 1
554150 0.000000 0
554158 0.000000 0
554165 0.069660 1
554174 0.000000 0
554182 0.000000 0
554189 0.094640 1
554195 0.000000 0
554202 0.000000 0
554210 0.111850 1
554219 0.000000 0
554226 0.000000 0
554234 0.080340 1
554240 0.000000 0
554248 0.000000 0
554255 0.043140 1
554264 0.000000 0
554272 0.000000 0
554279 0.046370 1
554285 0.000000 0
554292 0.000000 0
554300 0.035370 1
554309 0.000000 0
554316 0.000000 0
554324 0.034040 1
554330 0.000000 0
554338 0.000000 0
554345 0.034040 1
554354 0.000000 0
554362 0.000000 0
554369 0.056600 1
554375 0.000000 0
554382 0.000000 0
554390 0.040410 1
554399 0.000000 0
554406 0.000000 0
554414 0.054830 1
554420 0.000000 0
554428 0.000000 0
554435 0.057010 1
554444 0.000000 0
554452 0.000000 0
554459 0.055240 1
554465 0.000000 0
554472 0.000000 0
554480 0.050320 1
554489 0.000000 0
554496 0.000000 0
554504 0.056730 1
554509 0.000000 0
554516 0.000000 0
554524 0.042250 1
554533 0.000000 0
554540 0.000000 0
554548 0.025600 1
554554 0.000000 0
554562 0.000000 0
554569 0.035160 1
554578 0.000000 0
554586 0.000000 0
554593 0.053120 1
554599 0.000000 0
554606 0.000000 0
554614 0.052110 1
554623 0.000000 0
554630 0.000000 0
554638 0.081560 1
554644 0.000000 0
554652 0.000000 0
554659 0.083960 1
554668 0.000000 0
554676 0.000000 0
554683 0.082670 1
554689 0.000000 0
554696 0.000000 0
554704 0.078510 1
554713 0.000000 0
554720 0.000000 0
554728 0.078130 1
554734 0.000000 0
554742 0.000000 0
554749 0.061630 1
554758 0.000000 0
554766 0.000000 0
554773 0.042970 1
554779 0.000000 0
554786 0.000000 0
554794 0.032440 1
554803 0.000000 0
554810 0.000000 0
554818 0.036010 1
554824 0.000000 0
554832 0.000000 0
554839 0.030000 1
554849 0.000000 0
554856 0.000000 0
554864 0.044880 1
554871 0.000000 0
554878 0.000000 0
554886 0.058720 1
554893 0.000000 0
554900 0.000000 0
554908 0.064880 1
554916 0.000000 0
554924 0.000000 0
554931 0.059100 1
554938 0.000000 0
554946 0.000000 0
554953 0.048940 1
554960 0.000000 0
554968 0.000000 0
554975 0.042250 1
554984 0.000000 0
554992 0.000000 0
554999 0.049710 1
555005 0.000000 0
555012 0.000000 0
555020 0.043140 1
555028 0.000000 0
555036 0.000000 0
555043 0.036640 1
555050 0.000000 0
555058 0.000000 0
555065 0.053410 1
555074 0.000000 0
555082 0.000000 0
555089 0.067200 1
555095 0.000000 0
555102 0.000000 0
555110 0.088470 1
555119 0.000000 0
555126 0.000000 0
555134 0.084670 1
555139 0.000000 0
555146 0.000000 0
555154 0.072340 1
555164 0.000000 0
555172 0.000000 0
555179 0.080340 1
555185 0.000000 0
555192 0.000000 0
555200 0.077620 1
555209 0.000000 0
555216 0.000000 0
555224 0.062850 1
555229 0.000000 0
555236 0.000000 0
555244 0.051380 1
555253 0.000000 0
555260 0.000000 0
555268 0.044530 1
555274 0.000000 0
555282 0.000000 0
555289 0.037050 1
555298 0.000000 0
555306 0.000000 0
555313 0.034490 1
555319 0.000000 0
555326 0.000000 0
555334 0.037460 1
555343 0.000000 0
555350 0.000000 0
555358 0.055240 1
555364 0.000000 0
555372 0.000000 0
555379 0.079000 1
555388 0.000000 0
555396 0.000000 0
555403 0.063580 1
555409 0.000000 0
555416 0.000000 0
555424 0.052550 1
555433 0.000000 0
555440 0.000000 0
555448 0.053830 1
555454 0.000000 0
555462 0.000000 0
555469 0.048460 1
555478 0.000000 0
555486 0.000000 0
555493 0.050320 1
555499 0.000000 0
555506 0.000000 0
555514 0.047840 1
555523 0.000000 0
555530 0.000000 0
555538 0.059880 1
555544 0.000000 0
555552 0.000000 0
555559 0.056730 1
555569 0.000000 0
555576 0.000000 0
555584 0.054120 1
555591 0.000000 0
555598 0.000000 0
555606 0.063220 1
555614 0.000000 0
555622 0.000000 0
555629 0.057130 1
555635 0.000000 0
555642 0.000000 0
555650 0.062610 1
555659 0.000000 0
555666 0.000000 0
555674 0.054120 1
555680 0.000000 0
555688 0.000000 0
555695 0.053700 1
555704 0.000000 0
555712 0.000000 0
555719 0.036850 1
555725 0.000000 0
555732 0.000000 0
555740 0.031720 1
555749 0.000000 0
555756 0.000000 0
555764 0.032910 1
555770 0.000000 0
555778 0.000000 0
555785 0.032910 1
555794 0.000000 0
555802 0.000000 0
555809 0.035800 1
555815 0.000000 0
555822 0.000000 0
555830 0.063100 1
555839 0.000000 0
555846 0.000000 0
555854 0.063460 1
555860 0.000000 0
555868 0.000000 0
555875 0.056600 1
555883 0.000000 0
555890 0.000000 0
555898 0.049870 1
555905 0.000000 0
555912 0.000000 0
555920 0.045550 1
555929 0.000000 0
555936 0.000000 0
555944 0.041340 1
555950 0.000000 0
555958 0.000000 0
555965 0.036420 1
555974 0.000000 0
555982 0.000000 0
555989 0.028430 1
555995 0.000000 0
556002 0.000000 0
556010 0.029220 1
556018 0.000000 0
556026 0.000000 0
556033 0.047670 1
556039 0.000000 0
556046 0.000000 0
556054 0.079470 1
556064 0.000000 0
556072 0.000000 0
556079 0.073080 1
556085 0.000000 0
556092 0.000000 0
556100 0.062120 1
556109 0.000000 0
556116 0.000000 0
556124 0.061140 1
556130 0.000000 0
556138 0.000000 0
556145 0.068540 1
556154 0.000000 0
556162 0.000000 0
556169 0.060640 1
556174 0.000000 0
556182 0.000000 0
556189 0.062000 1
556198 0.000000 0
556206 0.000000 0
556213 0.041700 1
556219 0.000000 0
556226 0.000000 0
556234 0.028430 1
556243 0.000000 0
556250 0.000000 0
556258 0.033140 1
556264 0.000000 0
556272 0.000000 0
556279 0.049870 1
556288 0.000000 0
556296 0.000000 0
556303 0.065480 1
556309 0.000000 0
556316 0.000000 0
556324 0.063340 1
556333 0.000000 0
556340 0.000000 0
556348 0.071700 1
556354 0.000000 0
556362 0.000000 0
556369 0.093420 1
556378 0.000000 0
556386 0.000000 0
556393 0.094790 1
556399 0.000000 0
556406 0.000000 0
556414 0.064180 1
556423 0.000000 0
556430 0.000000 0
556438 0.022430 1
556444 0.000000 0
556452 0.000000 0
556459 0.028430 1
556468 0.000000 0
556476 0.000000 0
556483 0.024700 1
556489 0.000000 0
556496 0.000000 0
556504 0.009570 1
556513 0.000000 0
556520 0.000000 0
556528 0.076450 1
556534 0.000000 0
556542 0.000000 0
556549 0.088640 1
556558 0.000000 0
556566 0.000000 0
556573 0.065350 1
556579 0.000000 0
556586 0.000000 0
556594 0.061750 1
556604 0.000000 0
556612 0.000000 0
556619 0.061880 1
556626 0.000000 0
556634 0.000000 0
556641 0.047520 1
556649 0.000000 0
556656 0.000000 0
556664 0.052110 1
556670 0.000000 0
556678 0.000000 0
556685 0.046710 1
556694 0.000000 0
556702 0.000000 0
556709 0.036850 1
556715 0.000000 0
556722 0.000000 0
556730 0.030000 1
556739 0.000000 0
556746 0.000000 0
556754 0.025310 1
556760 0.000000 0
556768 0.000000 0
556775 0.036220 1
556784 0.000000 0
556792 0.000000 0
556799 0.053700 1
556805 0.000000 0
556812 0.000000 0
556820 0.065130 1
556829 0.000000 0
556836 0.000000 0
556844 0.097410 1
556850 0.000000 0
556858 0.000000 0
556865 0.082310 1
556874 0.000000 0
556882 0.000000 0
556889 0.060640 1
556894 0.000000 0
556902 0.000000 0
556909 0.054690 1
556919 0.000000 0
556926 0.000000 0
556934 0.045720 1
556940 0.000000 0
556948 0.000000 0
556955 0.039060 1
556964 0.000000 0
556972 0.000000 0
556979 0.038070 1
556984 0.000000 0
556992 0.000000 0
556999 0.043140 1
557008 0.000000 0
557016 0.000000 0
557023 0.050480 1
557029 0.000000 0
557036 0.000000 0
557044 0.070950 1
557053 0.000000 0
557060 0.000000 0
557068 0.070190 1
557074 0.000000 0
557082 0.000000 0
557089 0.056730 1
557098 0.000000 0
557106 0.000000 0
557113 0.062360 1
557119 0.000000 0
557126 0.000000 0
557134 0.053120 1
557143 0.000000 0
557150 0.000000 0
557158 0.041890 1
557164 0.000000 0
557172 0.000000 0
557179 0.071700 1
557188 0.000000 0
557196 0.000000 0
557203 0.045720 1
557209 0.000000 0
557216 0.000000 0
557224 0.049710 1
557233 0.000000 0
557240 0.000000 0
557248 0.055370 1
557254 0.000000 0
557262 0.000000 0
557269 0.050780 1
557279 0.000000 0
557286 0.000000 0
557294 0.047840 1
557301 0.000000 0
557308 0.000000 0
557316 0.070740 1
557324 0.000000 0
557332 0.000000 0
557339 0.066410 1
557346 0.000000 0
557354 0.000000 0
557361 0.068540 1
557369 0.000000 0
557376 0.000000 0
557384 0.062240 1
557391 0.000000 0
557398 0.000000 0
557406 0.052110 1
557414 0.000000 0
557422 0.000000 0
557429 0.044190 1
557435 0.000000 0
557442 0.000000 0
557450 0.055920 1
557459 0.000000 0
557466 0.000000 0
557474 0.077620 1
557480 0.000000 0
557488 0.000000 0
557495 0.080810 1
557504 0.000000 0
557512 0.000000 0
557519 0.078020 1
557525 0.000000 0
557532 0.000000 0
557540 0.060760 1
557549 0.000000 0
557556 0.000000 0
557564 0.047030 1
557570 0.000000 0
557578 0.000000 0
557585 0.048460 1
557594 0.000000 0
557602 0.000000 0
557609 0.042070 1
557615 0.000000 0
557622 0.000000 0
557630 0.040210 1
557639 0.000000 0
557646 0.000000 0
557654 0.036420 1
557660 0.000000 0
557668 0.000000 0
557675 0.041520 1
557684 0.000000 0
557692 0.000000 0
557699 0.045040 1
557704 0.000000 0
557712 0.000000 0
557719 0.041700 1
557728 0.000000 0
557736 0.000000 0
557743 0.050320 1
557749 0.000000 0
557756 0.000000 0
557764 0.047670 1
557773 0.000000 0
557780 0.000000 0
557788 0.049260 1
557794 0.000000 0
557802 0.000000 0
557809 0.040590 1
557818 0.000000 0
557826 0.000000 0
557833 0.058200 1
557839 0.000000 0
557846 0.000000 0
557854 0.064770 1
557863 0.000000 0
557870 0.000000 0
557878 0.034930 1
557884 0.000000 0
557892 0.000000 0
557899 0.032910 1
557908 0.000000 0
557916 0.000000 0
557923 0.065480 1
557929 0.000000 0
557936 0.000000 0
557944 0.086110 1
557953 0.000000 0
557960 0.000000 0
557968 0.084320 1
557974 0.000000 0
557982 0.000000 0
557989 0.086020 1
557998 0.000000 0
558006 0.000000 0
558013 0.072130 1
558019 0.000000 0
558026 0.000000 0
558034 0.062610 1
558043 0.000000 0
558050 0.000000 0
558058 0.043840 1
558064 0.000000 0
558072 0.000000 0
558079 0.030000 1
558088 0.000000 0
558096 0.000000 0
558103 0.036420 1
558111 0.000000 0
558118 0.000000 0
558126 0.053120 1
558134 0.000000 0
558142 0.000000 0
558149 0.039640 1
558156 0.000000 0
558164 0.000000 0
558171 0.053270 1
558178 0.000000 0
558186 0.000000 0
558193 0.056060 1
558201 0.000000 0
558208 0.000000 0
558216 0.048160 1
558223 0.000000 0
558230 0.000000 0
558238 0.049260 1
558245 0.000000 0
558252 0.000000 0
558260 0.051380 1
558269 0.000000 0
558276 0.000000 0
558284 0.052110 1
558290 0.000000 0
558298 0.000000 0
558305 0.050920 1
558314 0.000000 0
558322 0.000000 0
558329 0.050480 1
558335 0.000000 0
558342 0.000000 0
558350 0.038070 1
558358 0.000000 0
558366 0.000000 0
558373 0.045380 1
558380 0.000000 0
558388 0.000000 0
558395 0.069660 1
558404 0.000000 0
558412 0.000000 0
558419 0.084760 1
558425 0.000000 0
558432 0.000000 0
558440 0.070310 1
558449 0.000000 0
558456 0.000000 0
558464 0.049870 1
558470 0.000000 0
558478 0.000000 0
558485 0.055920 1
558494 0.000000 0
558502 0.000000 0
558509 0.067200 1
558515 0.000000 0
558522 0.000000 0
558530 0.058460 1
558539 0.000000 0
558546 0.000000 0
558554 0.039250 1
558559 0.000000 0
558566 0.000000 0
558574 0.044880 1
558583 0.000000 0
558590 0.000000 0
558598 0.034930 1
558603 0.000000 0
558610 0.000000 0
558618 0.037260 1
558628 0.000000 0
558636 0.000000 0
558643 0.054260 1
558649 0.000000 0
558656 0.000000 0
558664 0.055920 1
558673 0.000000 0
558680 0.000000 0
558688 0.041340 1
558694 0.000000 0
558702 0.000000 0
558709 0.025600 1
558718 0.000000 0
558726 0.000000 0
558733 0.044710 1
558739 0.000000 0
558746 0.000000 0
558754 0.046370 1
558763 0.000000 0
558770 0.000000 0
558778 0.036640 1
558784 0.000000 0
558792 0.000000 0
558799 0.025310 1
558808 0.000000 0
558816 0.000000 0
558823 0.023440 1
558829 0.000000 0
558836 0.000000 0
558844 0.034490 1
558853 0.000000 0
558860 0.000000 0
558868 0.095430 1
558874 0.000000 0
558882 0.000000 0
558889 0.111020 1
558899 0.000000 0
558906 0.000000 0
558914 0.083590 1
558921 0.000000 0
558928 0.000000 0
558936 0.063460 1
558944 0.000000 0
558952 0.000000 0
558959 0.058320 1
558965 0.000000 0
558972 0.000000 0
558980 0.059750 1
558988 0.000000 0
558996 0.000000 0
559003 0.051380 1
559011 0.000000 0
559018 0.000000 0
559026 0.050170 1
559034 0.000000 0
559042 0.000000 0
559049 0.051380 1
559055 0.000000 0
559062 0.000000 0
559070 0.047670 1
559079 0.000000 0
559086 0.000000 0
559094 0.044710 1
559100 0.000000 0
559108 0.000000 0
559115 0.054400 1
559124 0.000000 0
559132 0.000000 0
559139 0.042600 1
559145 0.000000 0
559152 0.000000 0
559160 0.034040 1
559169 0.000000 0
559176 0.000000 0
559184 0.027340 1
559190 0.000000 0
559198 0.000000 0
559205 0.041890 1
559214 0.000000 0
559222 0.000000 0
559229 0.040770 1
559235 0.000000 0
559242 0.000000 0
559250 0.055100 1
559259 0.000000 0
559266 0.000000 0
559274 0.061510 1
559280 0.000000 0
559288 0.000000 0
559295 0.081740 1
559304 0.000000 0
559312 0.000000 0
559319 0.098040 1
559325 0.000000 0
559332 0.000000 0
559340 0.076340 1
559349 0.000000 0
559356 0.000000 0
559364 0.072860 1
559370 0.000000 0
559378 0.000000 0
559385 0.057130 1
559394 0.000000 0
559402 0.000000 0
559409 0.052400 1
559415 0.000000 0
559422 0.000000 0
559430 0.045720 1
559438 0.000000 0
559446 0.000000 0
559453 0.032210 1
559459 0.000000 0
559466 0.000000 0
559474 0.027890 1
559483 0.000000 0
559490 0.000000 0
559498 0.031250 1
559504 0.000000 0
559512 0.000000 0
559519 0.024380 1
559528 0.000000 0
559536 0.000000 0
559543 0.024380 1
559549 0.000000 0
559556 0.000000 0
559564 0.042600 1
559573 0.000000 0
559580 0.000000 0
559588 0.053700 1
559594 0.000000 0
559602 0.000000 0
559609 0.065130 1
559618 0.000000 0
559626 0.000000 0
559633 0.073590 1
559639 0.000000 0
559646 0.000000 0
559654 0.078220 1
559663 0.000000 0
559670 0.000000 0
559678 0.071270 1
559684 0.000000 0
559692 0.000000 0
559699 0.064880 1
559709 0.000000 0
559716 0.000000 0
559724 0.049560 1
559731 0.000000 0
559738 0.000000 0
559746 0.046050 1
559754 0.000000 0
559762 0.000000 0
559769 0.029740 1
559775 0.000000 0
559782 0.000000 0
559790 0.036010 1
559799 0.000000 0
559806 0.000000 0
559814 0.060640 1
559820 0.000000 0
559828 0.000000 0
559835 0.061140 1
559844 0.000000 0
559852 0.000000 0
559859 0.049090 1
559865 0.000000 0
559872 0.000000 0
559880 0.052110 1
559889 0.000000 0
559896 0.000000 0
559904 0.051960 1
559910 0.000000 0
559918 0.000000 0
559925 0.027050 1
559934 0.000000 0
559942 0.000000 0
559949 0.027620 1
559955 0.000000 0
559962 0.000000 0
559970 0.028170 1
559979 0.000000 0
559986 0.000000 0
559994 0.024700 1
560000 0.000000 0
560008 0.000000 0
560015 0.033600 1
560024 0.000000 0
560032 0.000000 0
560039 0.044010 1
560045 0.000000 0
560052 0.000000 0
560060 0.052400 1
560069 0.000000 0
560076 0.000000 0
560084 0.052260 1
560090 0.000000 0
560098 0.000000 0
560105 0.049090 1
560113 0.000000 0
560120 0.000000 0
560128 0.043140 1
560134 0.000000 0
560142 0.000000 0
560149 0.042970 1
560158 0.000000 0
560166 0.000000 0
560173 0.040410 1
560179 0.000000 0
560186 0.000000 0
560194 0.037870 1
560203 0.000000 0
560210 0.000000 0
560218 0.040410 1
560224 0.000000 0
560232 0.000000 0
560239 0.035800 1
560248 0.000000 0
560256 0.000000 0
560263 0.064420 1
560269 0.000000 0
560276 0.000000 0
560284 0.092100 1
560293 0.000000 0
560300 0.000000 0
560308 0.081280 1
560314 0.000000 0
560322 0.000000 0
560329 0.060380 1
560338 0.000000 0
560346 0.000000 0
560353 0.054260 1
560359 0.000000 0
560366 0.000000 0
560374 0.047030 1
560383 0.000000 0
560390 0.000000 0
560398 0.040770 1
560404 0.000000 0
560412 0.000000 0
560419 0.039830 1
560428 0.000000 0
560436 0.000000 0
560443 0.034710 1
560451 0.000000 0
560458 0.000000 0
560466 0.040590 1
560473 0.000000 0
560480 0.000000 0
560488 0.043140 1
560495 0.000000 0
560502 0.000000 0
560510 0.052400 1
560518 0.000000 0
560526 0.000000 0
560533 0.050920 1
560541 0.000000 0
560548 0.000000 0
560556 0.039640 1
560563 0.000000 0
560570 0.000000 0
560578 0.044360 1
560585 0.000000 0
560592 0.000000 0
560600 0.038670 1
560609 0.000000 0
560616 0.000000 0
560624 0.062500 1
560630 0.000000 0
560638 0.000000 0
560645 0.045720 1
560654 0.000000 0
560662 0.000000 0
560669 0.042970 1
560675 0.000000 0
560682 0.000000 0
560690 0.042970 1
560699 0.000000 0
560706 0.000000 0
560714 0.047670 1
560720 0.000000 0
560728 0.000000 0
560735 0.045720 1
560744 0.000000 0
560752 0.000000 0
560759 0.057010 1
560765 0.000000 0
560772 0.000000 0
560780 0.061010 1
560789 0.000000 0
560796 0.000000 0
560804 0.066970 1
560810 0.000000 0
560818 0.000000 0
560825 0.063580 1
560834 0.000000 0
560842 0.000000 0
560849 0.060500 1
560855 0.000000 0
560862 0.000000 0
560870 0.058850 1
560879 0.000000 0
560886 0.000000 0
560894 0.071920 1
560899 0.000000 0
560906 0.000000 0
560914 0.053270 1
560923 0.000000 0
560930 0.000000 0
560938 0.040590 1
560944 0.000000 0
560952 0.000000 0
560959 0.048460 1
560968 0.000000 0
560976 0.000000 0
560983 0.057400 1
560988 0.000000 0
560996 0.000000 0
561003 0.053120 1
561013 0.000000 0
561020 0.000000 0
561028 0.048780 1
561034 0.000000 0
561042 0.000000 0
561049 0.053410 1
561058 0.000000 0
561066 0.000000 0
561073 0.052400 1
561079 0.000000 0
561086 0.000000 0
561094 0.073590 1
561103 0.000000 0
561110 0.000000 0
561118 0.075940 1
561124 0.000000 0
561132 0.000000 0
561139 0.041890 1
561148 0.000000 0
561156 0.000000 0
561163 0.052260 1
561169 0.000000 0
561176 0.000000 0
561184 0.056200 1
561194 0.000000 0
561202 0.000000 0
561209 0.071060 1
561216 0.000000 0
561224 0.000000 0
561231 0.075940 1
561238 0.000000 0
561246 0.000000 0
561253 0.076650 1
561261 0.000000 0
561268 0.000000 0
561276 0.065480 1
561284 0.000000 0
561292 0.000000 0
561299 0.048630 1
561305 0.000000 0
561312 0.000000 0
561320 0.045720 1
561329 0.000000 0
561336 0.000000 0
561344 0.036220 1
561350 0.000000 0
561358 0.000000 0
561365 0.029480 1
561374 0.000000 0
561382 0.000000 0
561389 0.031250 1
561395 0.000000 0
561402 0.000000 0
561410 0.035580 1
561419 0.000000 0
561426 0.000000 0
561434 0.035800 1
561440 0.000000 0
561448 0.000000 0
561455 0.055370 1
561464 0.000000 0
561472 0.000000 0
561479 0.059360 1
561485 0.000000 0
561492 0.000000 0
561500 0.062500 1
561509 0.000000 0
561516 0.000000 0
561524 0.054690 1
561530 0.000000 0
561538 0.000000 0
561545 0.052260 1
561553 0.000000 0
561560 0.000000 0
561568 0.040590 1
561574 0.000000 0
561582 0.000000 0
561589 0.038670 1
561599 0.000000 0
561606 0.000000 0
561614 0.055510 1
561620 0.000000 0
561628 0.000000 0
561635 0.038270 1
561644 0.000000 0
561652 0.000000 0
561659 0.048630 1
561665 0.000000 0
561672 0.000000 0
561680 0.068440 1
561689 0.000000 0
561696 0.000000 0
561704 0.076650 1
561710 0.000000 0
561718 0.000000 0
561725 0.067430 1
561734 0.000000 0
561742 0.000000 0
561749 0.061260 1
561754 0.000000 0
561762 0.000000 0
561769 0.054120 1
561778 0.000000 0
561786 0.000000 0
561793 0.049410 1
561799 0.000000 0
561806 0.000000 0
561814 0.047520 1
561823 0.000000 0
561830 0.000000 0
561838 0.025010 1
561844 0.000000 0
561852 0.000000 0
561859 0.024080 1
561868 0.000000 0
561876 0.000000 0
561883 0.030500 1
561888 0.000000 0
561896 0.000000 0
561903 0.030750 1
561913 0.000000 0
561920 0.000000 0
561928 0.060640 1
561934 0.000000 0
561942 0.000000 0
561949 0.062240 1
561958 0.000000 0
561966 0.000000 0
561973 0.054690 1
561979 0.000000 0
561986 0.000000 0
561994 0.046540 1
562003 0.000000 0
562010 0.000000 0
562018 0.054400 1
562024 0.000000 0
562032 0.000000 0
562039 0.050630 1
562048 0.000000 0
562056 0.000000 0
562063 0.047350 1
562069 0.000000 0
562076 0.000000 0
562084 0.035370 1
562093 0.000000 0
562100 0.000000 0
562108 0.044880 1
562114 0.000000 0
562122 0.000000 0
562129 0.048160 1
562138 0.000000 0
562146 0.000000 0
562153 0.084670 1
562159 0.000000 0
562166 0.000000 0
562174 0.085660 1
562183 0.000000 0
562190 0.000000 0
562198 0.062730 1
562206 0.000000 0
562214 0.000000 0
562221 0.067770 1
562229 0.000000 0
562236 0.000000 0
562244 0.068670 1
562251 0.000000 0
562258 0.000000 0
562266 0.056460 1
562273 0.000000 0
562280 0.000000 0
562288 0.039060 1
562296 0.000000 0
562304 0.000000 0
562311 0.028960 1
562319 0.000000 0
562326 0.000000 0
562334 0.042420 1
562340 0.000000 0
562348 0.000000 0
562355 0.040210 1
562364 0.000000 0
562372 0.000000 0
562379 0.034930 1
562385 0.000000 0
562392 0.000000 0
562400 0.033370 1
562408 0.000000 0
562416 0.000000 0
562423 0.044010 1
562430 0.000000 0
562438 0.000000 0
562445 0.036420 1
562454 0.000000 0
562462 0.000000 0
562469 0.038070 1
562475 0.000000 0
562482 0.000000 0
562490 0.049090 1
562499 0.000000 0
562506 0.000000 0
562514 0.052690 1
562520 0.000000 0
562528 0.000000 0
562535 0.057660 1
562544 0.000000 0
562552 0.000000 0
562559 0.052260 1
562565 0.000000 0
562572 0.000000 0
562580 0.057130 1
562589 0.000000 0
562596 0.000000 0
562604 0.059490 1
562610 0.000000 0
562618 0.000000 0
562625 0.085760 1
562633 0.000000 0
562640 0.000000 0
562648 0.074010 1
562654 0.000000 0
562662 0.000000 0
562669 0.078420 1
562678 0.000000 0
562686 0.000000 0
562693 0.087690 1
562699 0.000000 0
562706 0.000000 0
562714 0.086730 1
562723 0.000000 0
562730 0.000000 0
562738 0.063830 1
562743 0.000000 0
562750 0.000000 0
562758 0.052840 1
562768 0.000000 0
562776 0.000000 0
562783 0.048460 1
562789 0.000000 0
562796 0.000000 0
562804 0.053270 1
562813 0.000000 0
562820 0.000000 0
562828 0.036010 1
562834 0.000000 0
562842 0.000000 0
562849 0.056060 1
562858 0.000000 0
562866 0.000000 0
562873 0.059490 1
562879 0.000000 0
562886 0.000000 0
562894 0.057130 1
562903 0.000000 0
562910 0.000000 0
562918 0.046220 1
562924 0.000000 0
562932 0.000000 0
562939 0.057270 1
562948 0.000000 0
562956 0.000000 0
562963 0.050780 1
562969 0.000000 0
562976 0.000000 0
562984 0.038670 1
562993 0.000000 0
563000 0.000000 0
563008 0.040020 1
563016 0.000000 0
563024 0.000000 0
563031 0.042420 1
563039 0.000000 0
563046 0.000000 0
563054 0.039060 1
563061 0.000000 0
563068 0.000000 0
563076 0.063710 1
563083 0.000000 0
563090 0.000000 0
563098 0.063710 1
563106 0.000000 0
563114 0.000000 0
563121 0.057130 1
563129 0.000000 0
563136 0.000000 0
563144 0.060260 1
563150 0.000000 0
563158 0.000000 0
563165 0.051510 1
563174 0.000000 0
563182 0.000000 0
563189 0.049260 1
563195 0.000000 0
563202 0.000000 0
563210 0.043320 1
563219 0.000000 0
563226 0.000000 0
563234 0.035580 1
563240 0.000000 0
563248 0.000000 0
563255 0.042420 1
563264 0.000000 0
563272 0.000000 0
563279 0.037260 1
563285 0.000000 0
563292 0.000000 0
563300 0.028960 1
563309 0.000000 0
563316 0.000000 0
563324 0.046710 1
563329 0.000000 0
563336 0.000000 0
563344 0.059240 1
563354 0.000000 0
563362 0.000000 0
563369 0.061260 1
563375 0.000000 0
563382 0.000000 0
563390 0.059240 1
563399 0.000000 0
563406 0.000000 0
563414 0.047990 1
563420 0.000000 0
563428 0.000000 0
563435 0.038670 1
563444 0.000000 0
563452 0.000000 0
563459 0.044190 1
563465 0.000000 0
563472 0.000000 0
563480 0.040020 1
563489 0.000000 0
563496 0.000000 0
563504 0.052110 1
563510 0.000000 0
563518 0.000000 0
563525 0.030750 1
563534 0.000000 0
563542 0.000000 0
563549 0.050480 1
563554 0.000000 0
563562 0.000000 0
563569 0.074920 1
563578 0.000000 0
563586 0.000000 0
563593 0.072340 1
563599 0.000000 0
563606 0.000000 0
563614 0.058460 1
563623 0.000000 0
563630 0.000000 0
563638 0.055790 1
563644 0.000000 0
563652 0.000000 0
563659 0.052110 1
563668 0.000000 0
563676 0.000000 0
563683 0.043490 1
563689 0.000000 0
563696 0.000000 0
563704 0.041340 1
563713 0.000000 0
563720 0.000000 0
563728 0.035370 1
563734 0.000000 0
563742 0.000000 0
563749 0.024380 1
563758 0.000000 0
563766 0.000000 0
563773 0.038860 1
563779 0.000000 0
563786 0.000000 0
563794 0.066640 1
563803 0.000000 0
563810 0.000000 0
563818 0.074010 1
563824 0.000000 0
563832 0.000000 0
563839 0.065930 1
563848 0.000000 0
563856 0.000000 0
563863 0.049090 1
563869 0.000000 0
563876 0.000000 0
563884 0.050480 1
563893 0.000000 0
563900 0.000000 0
563908 0.049260 1
563916 0.000000 0
563924 0.000000 0
563931 0.026490 1
563939 0.000000 0
563946 0.000000 0
563954 0.023100 1
563961 0.000000 0
563968 0.000000 0
563976 0.034930 1
563983 0.000000 0
563990 0.000000 0
563998 0.037870 1
564006 0.000000 0
564014 0.000000 0
564021 0.088810 1
564029 0.000000 0
564036 0.000000 0
564044 0.101700 1
564051 0.000000 0
564058 0.000000 0
564066 0.088210 1
564074 0.000000 0
564082 0.000000 0
564089 0.074720 1
564095 0.000000 0
564102 0.000000 0
564110 0.055650 1
564119 0.000000 0
564126 0.000000 0
564134 0.059620 1
564140 0.000000 0
564148 0.000000 0
564155 0.052110 1
564164 0.000000 0
564172 0.000000 0
564179 0.060640 1
564185 0.000000 0
564192 0.000000 0
564200 0.053120 1
564209 0.000000 0
564216 0.000000 0
564224 0.032210 1
564230 0.000000 0
564238 0.000000 0
564245 0.025600 1
564253 0.000000 0
564260 0.000000 0
564268 0.022100 1
564274 0.000000 0
564282 0.000000 0
564289 0.035160 1
564299 0.000000 0
564306 0.000000 0
564314 0.032910 1
564319 0.000000 0
564326 0.000000 0
564334 0.035160 1
564343 0.000000 0
564350 0.000000 0
564358 0.041340 1
564364 0.000000 0
564372 0.000000 0
564379 0.057540 1
564388 0.000000 0
564396 0.000000 0
564403 0.065350 1
564409 0.000000 0
564416 0.000000 0
564424 0.052260 1
564433 0.000000 0
564440 0.000000 0
564448 0.060500 1
564454 0.000000 0
564462 0.000000 0
564469 0.050630 1
564478 0.000000 0
564486 0.000000 0
564493 0.045380 1
564499 0.000000 0
564506 0.000000 0
564514 0.044190 1
564523 0.000000 0
564530 0.000000 0
564538 0.051960 1
564544 0.000000 0
564552 0.000000 0
564559 0.049710 1
564568 0.000000 0
564576 0.000000 0
564583 0.039250 1
564589 0.000000 0
564596 0.000000 0
564604 0.046220 1
564613 0.000000 0
564620 0.000000 0
564628 0.041700 1
564635 0.000000 0
564642 0.000000 0
564650 0.050170 1
564659 0.000000 0
564666 0.000000 0
564674 0.066410 1
564681 0.000000 0
564688 0.000000 0
564696 0.063460 1
564704 0.000000 0
564712 0.000000 0
564719 0.053270 1
564726 0.000000 0
564734 0.000000 0
564741 0.054120 1
564749 0.000000 0
564756 0.000000 0
564764 0.058320 1
564770 0.000000 0
564778 0.000000 0
564785 0.057940 1
564794 0.000000 0
564802 0.000000 0
564809 0.084230 1
564815 0.000000 0
564822 0.000000 0
564830 0.066970 1
564839 0.000000 0
564846 0.000000 0
564854 0.052400 1
564860 0.000000 0
564868 0.000000 0
564875 0.059620 1
564884 0.000000 0
564892 0.000000 0
564899 0.054960 1
564905 0.000000 0
564912 0.000000 0
564920 0.042250 1
564929 0.000000 0
564936 0.000000 0
564944 0.039250 1
564950 0.000000 0
564958 0.000000 0
564965 0.061750 1
564973 0.000000 0
564980 0.000000 0
564988 0.067660 1
564995 0.000000 0
565002 0.000000 0
565010 0.072130 1
565018 0.000000 0
565026 0.000000 0
565033 0.084500 1
565039 0.000000 0
565046 0.000000 0
565054 0.068670 1
565063 0.000000 0
565070 0.000000 0
565078 0.064180 1
565084 0.000000 0
565092 0.000000 0
565099 0.052400 1
565108 0.000000 0
565116 0.000000 0
565123 0.053700 1
565129 0.000000 0
565136 0.000000 0
565144 0.056340 1
565153 0.000000 0
565160 0.000000 0
565168 0.055790 1
565174 0.000000 0
565182 0.000000 0
565189 0.047350 1
565198 0.000000 0
565206 0.000000 0
565213 0.050920 1
565219 0.000000 0
565226 0.000000 0
565234 0.045550 1
565243 0.000000 0
565250 0.000000 0
565258 0.045720 1
565264 0.000000 0
565272 0.000000 0
565279 0.042070 1
565288 0.000000 0
565296 0.000000 0
565303 0.061750 1
565309 0.000000 0
565316 0.000000 0
565324 0.051820 1
565333 0.000000 0
565340 0.000000 0
565348 0.048630 1
565354 0.000000 0
565362 0.000000 0
565369 0.039830 1
565378 0.000000 0
565386 0.000000 0
565393 0.044710 1
565401 0.000000 0
565408 0.000000 0
565416 0.049560 1
565424 0.000000 0
565432 0.000000 0
565439 0.047840 1
565446 0.000000 0
565454 0.000000 0
565461 0.059240 1
565469 0.000000 0
565476 0.000000 0
565484 0.056200 1
565491 0.000000 0
565498 0.000000 0
565506 0.062120 1
565514 0.000000 0
565522 0.000000 0
565529 0.068540 1
565536 0.000000 0
565544 0.000000 0
565551 0.045210 1
565559 0.000000 0
565566 0.000000 0
565574 0.037260 1
565580 0.000000 0
565588 0.000000 0
565595 0.035580 1
565604 0.000000 0
565612 0.000000 0
565619 0.044710 1
565625 0.000000 0
565632 0.000000 0
565640 0.063830 1
565649 0.000000 0
565656 0.000000 0
565664 0.050170 1
565670 0.000000 0
565678 0.000000 0
565685 0.045380 1
565694 0.000000 0
565702 0.000000 0
565709 0.051670 1
565715 0.000000 0
565722 0.000000 0
565730 0.053970 1
565739 0.000000 0
565746 0.000000 0
565754 0.054400 1
565760 0.000000 0
565768 0.000000 0
565775 0.055650 1
565784 0.000000 0
565792 0.000000 0
565799 0.048310 1
565804 0.000000 0
565812 0.000000 0
565819 0.049260 1
565829 0.000000 0
565836 0.000000 0
565844 0.046370 1
565850 0.000000 0
565858 0.000000 0
565865 0.047990 1
565874 0.000000 0
565882 0.000000 0
565889 0.051820 1
565895 0.000000 0
565902 0.000000 0
565910 0.052400 1
565918 0.000000 0
565926 0.000000 0
565933 0.060500 1
565939 0.000000 0
565946 0.000000 0
565954 0.074920 1
565963 0.000000 0
565970 0.000000 0
565978 0.068540 1
565984 0.000000 0
565992 0.000000 0
565999 0.046540 1
566008 0.000000 0
566016 0.000000 0
566023 0.047990 1
566029 0.000000 0
566036 0.000000 0
566044 0.044530 1
566053 0.000000 0
566060 0.000000 0
566068 0.047990 1
566074 0.000000 0
566082 0.000000 0
566089 0.037660 1
566098 0.000000 0
566106 0.000000 0
566113 0.045040 1
566119 0.000000 0
566126 0.000000 0
566134 0.047990 1
566143 0.000000 0
566150 0.000000 0
566158 0.051820 1
566164 0.000000 0
566172 0.000000 0
566179 0.050170 1
566188 0.000000 0
566196 0.000000 0
566203 0.051670 1
566209 0.000000 0
566216 0.000000 0
566224 0.042970 1
566233 0.000000 0
566240 0.000000 0
566248 0.061140 1
566254 0.000000 0
566262 0.000000 0
566269 0.052840 1
566278 0.000000 0
566286 0.000000 0
566293 0.055920 1
566299 0.000000 0
566306 0.000000 0
566314 0.049870 1
566323 0.000000 0
566330 0.000000 0
566338 0.051670 1
566344 0.000000 0
566352 0.000000 0
566359 0.052260 1
566368 0.000000 0
566376 0.000000 0
566383 0.042790 1
566391 0.000000 0
566398 0.000000 0
566406 0.054960 1
566414 0.000000 0
566422 0.000000 0
566429 0.060000 1
566436 0.000000 0
566444 0.000000 0
566451 0.069430 1
566459 0.000000 0
566466 0.000000 0
566474 0.059750 1
566480 0.000000 0
566488 0.000000 0
566495 0.047990 1
566503 0.000000 0
566510 0.000000 0
566518 0.043670 1
566525 0.000000 0
566532 0.000000 0
566540 0.039830 1
566549 0.000000 0
566556 0.000000 0
566564 0.049560 1
566570 0.000000 0
566578 0.000000 0
566585 0.051820 1
566594 0.000000 0
566602 0.000000 0
566609 0.051670 1
566615 0.000000 0
566622 0.000000 0
566630 0.047840 1
566639 0.000000 0
566646 0.000000 0
566654 0.040770 1
566660 0.000000 0
566668 0.000000 0
566675 0.038070 1
566684 0.000000 0
566692 0.000000 0
566699 0.039640 1
566705 0.000000 0
566712 0.000000 0
566720 0.039830 1
566729 0.000000 0
566736 0.000000 0
566744 0.053700 1
566750 0.000000 0
566758 0.000000 0
566765 0.045720 1
566774 0.000000 0
566782 0.000000 0
566789 0.048160 1
566795 0.000000 0
566802 0.000000 0
566810 0.044010 1
566819 0.000000 0
566826 0.000000 0
566834 0.053830 1
566839 0.000000 0
566846 0.000000 0
566854 0.050170 1
566863 0.000000 0
566870 0.000000 0
566878 0.062120 1
566884 0.000000 0
566892 0.000000 0
566899 0.081280 1
566908 0.000000 0
566916 0.000000 0
566923 0.073700 1
566929 0.000000 0
566936 0.000000 0
566944 0.054540 1
566953 0.000000 0
566960 0.000000 0
566968 0.051820 1
566974 0.000000 0
566982 0.000000 0
566989 0.034710 1
566998 0.000000 0
567006 0.000000 0
567013 0.047350 1
567019 0.000000 0
567026 0.000000 0
567034 0.034710 1
567043 0.000000 0
567050 0.000000 0
567058 0.041340 1
567064 0.000000 0
567072 0.000000 0
567079 0.041890 1
567088 0.000000 0
567096 0.000000 0
567103 0.060380 1
567109 0.000000 0
567116 0.000000 0
567124 0.051070 1
567133 0.000000 0
567140 0.000000 0
567148 0.049090 1
567154 0.000000 0
567162 0.000000 0
567169 0.045380 1
567178 0.000000 0
567186 0.000000 0
567193 0.041340 1
567199 0.000000 0
567206 0.000000 0
567214 0.046880 1
567223 0.000000 0
567230 0.000000 0
567238 0.058980 1
567244 0.000000 0
567252 0.000000 0
567259 0.057130 1
567269 0.000000 0
567276 0.000000 0
567284 0.056870 1
567291 0.000000 0
567298 0.000000 0
567306 0.054540 1
567314 0.000000 0
567322 0.000000 0
567329 0.063940 1
567336 0.000000 0
567344 0.000000 0
567351 0.062120 1
567359 0.000000 0
567366 0.000000 0
567374 0.062610 1
567380 0.000000 0
567388 0.000000 0
567395 0.071810 1
567404 0.000000 0
567412 0.000000 0
567419 0.063460 1
567426 0.000000 0
567434 0.000000 0
567441 0.036640 1
567449 0.000000 0
567456 0.000000 0
567464 0.031480 1
567470 0.000000 0
567478 0.000000 0
567485 0.045880 1
567494 0.000000 0
567502 0.000000 0
567509 0.060260 1
567515 0.000000 0
567522 0.000000 0
567530 0.055790 1
567539 0.000000 0
567546 0.000000 0
567554 0.031970 1
567560 0.000000 0
567568 0.000000 0
567575 0.052550 1
567584 0.000000 0
567592 0.000000 0
567599 0.058590 1
567605 0.000000 0
567612 0.000000 0
567620 0.056060 1
567629 0.000000 0
567636 0.000000 0
567644 0.043670 1
567650 0.000000 0
567658 0.000000 0
567665 0.046050 1
567674 0.000000 0
567682 0.000000 0
567689 0.055100 1
567695 0.000000 0
567702 0.000000 0
567710 0.045040 1
567719 0.000000 0
567726 0.000000 0
567734 0.072970 1
567740 0.000000 0
567748 0.000000 0
567755 0.073380 1
567764 0.000000 0
567772 0.000000 0
567779 0.080140 1
567784 0.000000 0
567792 0.000000 0
567799 0.068210 1
567809 0.000000 0
567816 0.000000 0
567824 0.075440 1
567830 0.000000 0
567838 0.000000 0
567845 0.071380 1
567853 0.000000 0
567860 0.000000 0
567868 0.050920 1
567874 0.000000 0
567882 0.000000 0
567889 0.052110 1
567898 0.000000 0
567906 0.000000 0
567913 0.037260 1
567919 0.000000 0
567926 0.000000 0
567934 0.031250 1
567943 0.000000 0
567950 0.000000 0
567958 0.050320 1
567964 0.000000 0
567972 0.000000 0
567979 0.053120 1
567988 0.000000 0
567996 0.000000 0
568003 0.053830 1
568009 0.000000 0
568016 0.000000 0
568024 0.056870 1
568033 0.000000 0
568040 0.000000 0
568048 0.037460 1
568054 0.000000 0
568062 0.000000 0
568069 0.032210 1
568078 0.000000 0
568086 0.000000 0
568093 0.052550 1
568099 0.000000 0
568106 0.000000 0
568114 0.052260 1
568123 0.000000 0
568130 0.000000 0
568138 0.049870 1
568144 0.000000 0
568152 0.000000 0
568159 0.043670 1
568168 0.000000 0
568176 0.000000 0
568183 0.047990 1
568189 0.000000 0
568196 0.000000 0
568204 0.044880 1
568213 0.000000 0
568220 0.000000 0
568228 0.055510 1
568234 0.000000 0
568242 0.000000 0
568249 0.074010 1
568258 0.000000 0
568266 0.000000 0
568273 0.073700 1
568281 0.000000 0
568288 0.000000 0
568296 0.067200 1
568304 0.000000 0
568312 0.000000 0
568319 0.069320 1
568326 0.000000 0
568334 0.000000 0
568341 0.054960 1
568349 0.000000 0
568356 0.000000 0
568364 0.051220 1
568371 0.000000 0
568378 0.000000 0
568386 0.052260 1
568393 0.000000 0
568400 0.000000 0
568408 0.045210 1
568416 0.000000 0
568424 0.000000 0
568431 0.045880 1
568438 0.000000 0
568446 0.000000 0
568453 0.046710 1
568460 0.000000 0
568468 0.000000 0
568475 0.051670 1
568484 0.000000 0
568492 0.000000 0
568499 0.045210 1
568505 0.000000 0
568512 0.000000 0
568520 0.048460 1
568529 0.000000 0
568536 0.000000 0
568544 0.033830 1
568550 0.000000 0
568558 0.000000 0
568565 0.044880 1
568574 0.000000 0
568582 0.000000 0
568589 0.045380 1
568595 0.000000 0
568602 0.000000 0
568610 0.044710 1
568619 0.000000 0
568626 0.000000 0
568634 0.041700 1
568640 0.000000 0
568648 0.000000 0
568655 0.053970 1
568664 0.000000 0
568672 0.000000 0
568679 0.047030 1
568685 0.000000 0
568692 0.000000 0
568700 0.062730 1
568709 0.000000 0
568716 0.000000 0
568724 0.063830 1
568729 0.000000 0
568736 0.000000 0
568744 0.081650 1
568754 0.000000 0
568762 0.000000 0
568769 0.097020 1
568775 0.000000 0
568782 0.000000 0
568790 0.094560 1
568799 0.000000 0
568806 0.000000 0
568814 0.059880 1
568819 0.000000 0
568826 0.000000 0
568834 0.046370 1
568843 0.000000 0
568850 0.000000 0
568858 0.033140 1
568864 0.000000 0
568872 0.000000 0
568879 0.048160 1
568888 0.000000 0
568896 0.000000 0
568903 0.052260 1
568909 0.000000 0
568916 0.000000 0
568924 0.064770 1
568933 0.000000 0
568940 0.000000 0
568948 0.055790 1
568953 0.000000 0
568960 0.000000 0
568968 0.037460 1
568978 0.000000 0
568986 0.000000 0
568993 0.040410 1
568999 0.000000 0
569006 0.000000 0
569014 0.066160 1
569023 0.000000 0
569030 0.000000 0
569038 0.076140 1
569044 0.000000 0
569052 0.000000 0
569059 0.055510 1
569068 0.000000 0
569076 0.000000 0
569083 0.050780 1
569089 0.000000 0
569096 0.000000 0
569104 0.047990 1
569113 0.000000 0
569120 0.000000 0
569128 0.049410 1
569134 0.000000 0
569142 0.000000 0
569149 0.049560 1
569158 0.000000 0
569166 0.000000 0
569173 0.058850 1
569179 0.000000 0
569186 0.000000 0
569194 0.070530 1
569204 0.000000 0
569212 0.000000 0
569219 0.063710 1
569225 0.000000 0
569232 0.000000 0
569240 0.063830 1
569249 0.000000 0
569256 0.000000 0
569264 0.064300 1
569271 0.000000 0
569278 0.000000 0
569286 0.068100 1
569293 0.000000 0
569300 0.000000 0
569308 0.075140 1
569316 0.000000 0
569324 0.000000 0
569331 0.049090 1
569339 0.000000 0
569346 0.000000 0
569354 0.041890 1
569360 0.000000 0
569368 0.000000 0
569375 0.039060 1
569384 0.000000 0
569392 0.000000 0
569399 0.041700 1
569405 0.000000 0
569412 0.000000 0
569420 0.037050 1
569429 0.000000 0
569436 0.000000 0
569444 0.039060 1
569450 0.000000 0
569458 0.000000 0
569465 0.041340 1
569474 0.000000 0
569482 0.000000 0
569489 0.042420 1
569495 0.000000 0
569502 0.000000 0
569510 0.063710 1
569519 0.000000 0
569526 0.000000 0
569534 0.064880 1
569540 0.000000 0
569548 0.000000 0
569555 0.049260 1
569564 0.000000 0
569572 0.000000 0
569579 0.047670 1
569585 0.000000 0
569592 0.000000 0
569600 0.036420 1
569609 0.000000 0
569616 0.000000 0
569624 0.046370 1
569630 0.000000 0
569638 0.000000 0
569645 0.064060 1
569654 0.000000 0
569662 0.000000 0
569669 0.067310 1
569675 0.000000 0
569682 0.000000 0
569690 0.068990 1
569699 0.000000 0
569706 0.000000 0
569714 0.073790 1
569720 0.000000 0
569728 0.000000 0
569735 0.072340 1
569743 0.000000 0
569750 0.000000 0
569758 0.048310 1
569764 0.000000 0
569772 0.000000 0
569779 0.040020 1
569788 0.000000 0
569796 0.000000 0
569803 0.036850 1
569809 0.000000 0
569816 0.000000 0
569824 0.051070 1
569833 0.000000 0
569840 0.000000 0
569848 0.046880 1
569853 0.000000 0
569860 0.000000 0
569868 0.054690 1
569878 0.000000 0
569886 0.000000 0
569893 0.050920 1
569899 0.000000 0
569906 0.000000 0
569914 0.047670 1
569923 0.000000 0
569930 0.000000 0
569938 0.058460 1
569944 0.000000 0
569952 0.000000 0
569959 0.050480 1
569968 0.000000 0
569976 0.000000 0
569983 0.049710 1
569989 0.000000 0
569996 0.000000 0
570004 0.054690 1
570013 0.000000 0
570020 0.000000 0
570028 0.060880 1
570034 0.000000 0
570042 0.000000 0
570049 0.047520 1
570058 0.000000 0
570066 0.000000 0
570073 0.058590 1
570079 0.000000 0
570086 0.000000 0
570094 0.056340 1
570103 0.000000 0
570110 0.000000 0
570118 0.068440 1
570124 0.000000 0
570132 0.000000 0
570139 0.062850 1
570148 0.000000 0
570156 0.000000 0
570163 0.057270 1
570171 0.000000 0
570178 0.000000 0
570186 0.064530 1
570194 0.000000 0
570202 0.000000 0
570209 0.061010 1
570216 0.000000 0
570224 0.000000 0
570231 0.063340 1
570238 0.000000 0
570246 0.000000 0
570253 0.045210 1
570261 0.000000 0
570268 0.000000 0
570276 0.042600 1
570284 0.000000 0
570292 0.000000 0
570299 0.041890 1
570306 0.000000 0
570314 0.000000 0
570321 0.042970 1
570329 0.000000 0
570336 0.000000 0
570344 0.056060 1
570350 0.000000 0
570358 0.000000 0
570365 0.055240 1
570374 0.000000 0
570382 0.000000 0
570389 0.048630 1
570395 0.000000 0
570402 0.000000 0
570410 0.054690 1
570419 0.000000 0
570426 0.000000 0
570434 0.045040 1
570440 0.000000 0
570448 0.000000 0
570455 0.048310 1
570464 0.000000 0
570472 0.000000 0
570479 0.052840 1
570485 0.000000 0
570492 0.000000 0
570500 0.041700 1
570509 0.000000 0
570516 0.000000 0
570524 0.053270 1
570530 0.000000 0
570538 0.000000 0
570545 0.065580 1
570554 0.000000 0
570562 0.000000 0
570569 0.059880 1
570574 0.000000 0
570582 0.000000 0
570589 0.059880 1
570599 0.000000 0
570606 0.000000 0
570614 0.070420 1
570620 0.000000 0
570628 0.000000 0
570635 0.081930 1
570644 0.000000 0
570652 0.000000 0
570659 0.089230 1
570665 0.000000 0
570672 0.000000 0
570680 0.075330 1
570689 0.000000 0
570696 0.000000 0
570704 0.047030 1
570709 0.000000 0
570716 0.000000 0
570724 0.045720 1
570733 0.000000 0
570740 0.000000 0
570748 0.033830 1
570754 0.000000 0
570762 0.000000 0
570769 0.037870 1
570778 0.000000 0
570786 0.000000 0
570793 0.058060 1
570799 0.000000 0
570806 0.000000 0
570814 0.052400 1
570823 0.000000 0
570830 0.000000 0
570838 0.066290 1
570844 0.000000 0
570852 0.000000 0
570859 0.063580 1
570868 0.000000 0
570876 0.000000 0
570883 0.064060 1
570889 0.000000 0
570896 0.000000 0
570904 0.057660 1
570913 0.000000 0
570920 0.000000 0
570928 0.062360 1
570934 0.000000 0
570942 0.000000 0
570949 0.046050 1
570958 0.000000 0
570966 0.000000 0
570973 0.049410 1
570979 0.000000 0
570986 0.000000 0
570994 0.066290 1
571003 0.000000 0
571010 0.000000 0
571018 0.058060 1
571024 0.000000 0
571032 0.000000 0
571039 0.058460 1
571049 0.000000 0
571056 0.000000 0
571064 0.063580 1
571071 0.000000 0
571078 0.000000 0
571086 0.085130 1
571094 0.000000 0
571102 0.000000 0
571109 0.072760 1
571116 0.000000 0
571124 0.000000 0
571131 0.080230 1
571139 0.000000 0
571146 0.000000 0
571154 0.074420 1
571160 0.000000 0
571168 0.000000 0
571175 0.058980 1
571184 0.000000 0
571192 0.000000 0
571199 0.045550 1
571206 0.000000 0
571214 0.000000 0
571221 0.032440 1
571229 0.000000 0
571236 0.000000 0
571244 0.046880 1
571250 0.000000 0
571258 0.000000 0
571265 0.058060 1
571274 0.000000 0
571282 0.000000 0
571289 0.043320 1
571295 0.000000 0
571302 0.000000 0
571310 0.038470 1
571319 0.000000 0
571326 0.000000 0
571334 0.055100 1
571340 0.000000 0
571348 0.000000 0
571355 0.039830 1
571363 0.000000 0
571370 0.000000 0
571378 0.068100 1
571385 0.000000 0
571392 0.000000 0
571400 0.070310 1
571409 0.000000 0
571416 0.000000 0
571424 0.049260 1
571430 0.000000 0
571438 0.000000 0
571445 0.044710 1
571454 0.000000 0
571462 0.000000 0
571469 0.061880 1
571475 0.000000 0
571482 0.000000 0
571490 0.069870 1
571499 0.000000 0
571506 0.000000 0
571514 0.072540 1
571519 0.000000 0
571526 0.000000 0
571534 0.052260 1
571544 0.000000 0
571552 0.000000 0
571559 0.057010 1
571565 0.000000 0
571572 0.000000 0
571580 0.071920 1
571589 0.000000 0
571596 0.000000 0
571604 0.066870 1
571610 0.000000 0
571618 0.000000 0
571625 0.050630 1
571633 0.000000 0
571640 0.000000 0
571648 0.068330 1
571654 0.000000 0
571662 0.000000 0
571669 0.056200 1
571678 0.000000 0
571686 0.000000 0
571693 0.046220 1
571699 0.000000 0
571706 0.000000 0
571714 0.044710 1
571723 0.000000 0
571730 0.000000 0
571738 0.033830 1
571744 0.000000 0
571752 0.000000 0
571759 0.040210 1
571768 0.000000 0
571776 0.000000 0
571783 0.035370 1
571789 0.000000 0
571796 0.000000 0
571804 0.044360 1
571813 0.000000 0
571820 0.000000 0
571828 0.040210 1
571834 0.000000 0
571842 0.000000 0
571849 0.050780 1
571858 0.000000 0
571866 0.000000 0
571873 0.054400 1
571879 0.000000 0
571886 0.000000 0
571894 0.063580 1
571903 0.000000 0
571910 0.000000 0
571918 0.065580 1
571924 0.000000 0
571932 0.000000 0
571939 0.052690 1
571948 0.000000 0
571956 0.000000 0
571963 0.058720 1
571969 0.000000 0
571976 0.000000 0
571984 0.058320 1
571993 0.000000 0
572000 0.000000 0
572008 0.058200 1
572014 0.000000 0
572022 0.000000 0
572029 0.057270 1
572038 0.000000 0
572046 0.000000 0
572053 0.058720 1
572059 0.000000 0
572066 0.000000 0
572074 0.058060 1
572084 0.000000 0
572092 0.000000 0
572099 0.047840 1
572106 0.000000 0
572114 0.000000 0
572121 0.049260 1
572129 0.000000 0
572136 0.000000 0
572144 0.065350 1
572150 0.000000 0
572158 0.000000 0
572165 0.040590 1
572173 0.000000 0
572180 0.000000 0
572188 0.046220 1
572195 0.000000 0
572202 0.000000 0
572210 0.052690 1
572219 0.000000 0
572226 0.000000 0
572234 0.050780 1
572241 0.000000 0
572248 0.000000 0
572256 0.049260 1
572264 0.000000 0
572272 0.000000 0
572279 0.042070 1
572286 0.000000 0
572294 0.000000 0
572301 0.043840 1
572309 0.000000 0
572316 0.000000 0
572324 0.052980 1
572330 0.000000 0
572338 0.000000 0
572345 0.074620 1
572353 0.000000 0
572360 0.000000 0
572368 0.055240 1
572375 0.000000 0
572382 0.000000 0
572390 0.042420 1
572399 0.000000 0
572406 0.000000 0
572414 0.044710 1
572420 0.000000 0
572428 0.000000 0
572435 0.031480 1
572444 0.000000 0
572452 0.000000 0
572459 0.052980 1
572465 0.000000 0
572472 0.000000 0
572480 0.067200 1
572489 0.000000 0
572496 0.000000 0
572504 0.074620 1
572510 0.000000 0
572518 0.000000 0
572525 0.089490 1
572534 0.000000 0
572542 0.000000 0
572549 0.090930 1
572554 0.000000 0
572562 0.000000 0
572569 0.061630 1
572578 0.000000 0
572586 0.000000 0
572593 0.044710 1
572599 0.000000 0
572606 0.000000 0
572614 0.036010 1
572623 0.000000 0
572630 0.000000 0
572638 0.048160 1
572644 0.000000 0
572652 0.000000 0
572659 0.042070 1
572668 0.000000 0
572676 0.000000 0
572683 0.050630 1
572689 0.000000 0
572696 0.000000 0
572704 0.051960 1
572713 0.000000 0
572720 0.000000 0
572728 0.062240 1
572734 0.000000 0
572742 0.000000 0
572749 0.066870 1
572758 0.000000 0
572766 0.000000 0
572773 0.060760 1
572779 0.000000 0
572786 0.000000 0
572794 0.049870 1
572803 0.000000 0
572810 0.000000 0
572818 0.051670 1
572824 0.000000 0
572832 0.000000 0
572839 0.046880 1
572848 0.000000 0
572856 0.000000 0
572863 0.038470 1
572869 0.000000 0
572876 0.000000 0
572884 0.039250 1
572893 0.000000 0
572900 0.000000 0
572908 0.054960 1
572914 0.000000 0
572922 0.000000 0
572929 0.043490 1
572938 0.000000 0
572946 0.000000 0
572953 0.047670 1
572959 0.000000 0
572966 0.000000 0
572974 0.057130 1
572983 0.000000 0
572990 0.000000 0
572998 0.068210 1
573004 0.000000 0
573012 0.000000 0
573019 0.062610 1
573029 0.000000 0
573036 0.000000 0
573044 0.062610 1
573051 0.000000 0
573058 0.000000 0
573066 0.063580 1
573074 0.000000 0
573082 0.000000 0
573089 0.050630 1
573096 0.000000 0
573104 0.000000 0
573111 0.041340 1
573119 0.000000 0
573126 0.000000 0
573134 0.045720 1
573141 0.000000 0
573148 0.000000 0
573156 0.058060 1
573163 0.000000 0
573170 0.000000 0
573178 0.056060 1
573186 0.000000 0
573194 0.000000 0
573201 0.039640 1
573209 0.000000 0
573216 0.000000 0
573224 0.042070 1
573230 0.000000 0
573238 0.000000 0
573245 0.073900 1
573254 0.000000 0
573262 0.000000 0
573269 0.060760 1
573275 0.000000 0
573282 0.000000 0
573290 0.052690 1
573299 0.000000 0
573306 0.000000 0
573314 0.036010 1
573319 0.000000 0
573326 0.000000 0
573334 0.037260 1
573344 0.000000 0
573352 0.000000 0
573359 0.032210 1
573365 0.000000 0
573372 0.000000 0
573380 0.054540 1
573388 0.000000 0
573396 0.000000 0
573403 0.059490 1
573410 0.000000 0
573418 0.000000 0
573425 0.054540 1
573434 0.000000 0
573442 0.000000 0
573449 0.062610 1
573455 0.000000 0
573462 0.000000 0
573470 0.073490 1
573478 0.000000 0
573486 0.000000 0
573493 0.076340 1
573499 0.000000 0
573506 0.000000 0
573514 0.045380 1
573524 0.000000 0
573532 0.000000 0
573539 0.038670 1
573544 0.000000 0
573552 0.000000 0
573559 0.051510 1
573569 0.000000 0
573576 0.000000 0
573584 0.056200 1
573590 0.000000 0
573598 0.000000 0
573605 0.051820 1
573614 0.000000 0
573622 0.000000 0
573629 0.054260 1
573635 0.000000 0
573642 0.000000 0
573650 0.060140 1
573659 0.000000 0
573666 0.000000 0
573674 0.060760 1
573679 0.000000 0
573686 0.000000 0
573694 0.098890 1
573703 0.000000 0
573710 0.000000 0
573718 0.101850 1
573724 0.000000 0
573732 0.000000 0
573739 0.046880 1
573748 0.000000 0
573756 0.000000 0
573763 0.036850 1
573769 0.000000 0
573776 0.000000 0
573784 0.050020 1
573793 0.000000 0
573800 0.000000 0
573808 0.041520 1
573814 0.000000 0
573822 0.000000 0
573829 0.038860 1
573838 0.000000 0
573846 0.000000 0
573853 0.044360 1
573859 0.000000 0
573866 0.000000 0
573874 0.055650 1
573883 0.000000 0
573890 0.000000 0
573898 0.049560 1
573904 0.000000 0
573912 0.000000 0
573919 0.048780 1
573928 0.000000 0
573936 0.000000 0
573943 0.058720 1
573949 0.000000 0
573956 0.000000 0
573964 0.048160 1
573973 0.000000 0
573980 0.000000 0
573988 0.045380 1
573994 0.000000 0
574002 0.000000 0
574009 0.048630 1
574018 0.000000 0
574026 0.000000 0
574033 0.070530 1
574039 0.000000 0
574046 0.000000 0
574054 0.059490 1
574063 0.000000 0
574070 0.000000 0
574078 0.058320 1
574084 0.000000 0
574092 0.000000 0
574099 0.052550 1
574108 0.000000 0
574116 0.000000 0
574123 0.051220 1
574129 0.000000 0
574136 0.000000 0
574144 0.056460 1
574153 0.000000 0
574160 0.000000 0
574168 0.059360 1
574174 0.000000 0
574182 0.000000 0
574189 0.061390 1
574198 0.000000 0
574206 0.000000 0
574213 0.046220 1
574220 0.000000 0
574228 0.000000 0
574235 0.034710 1
574244 0.000000 0
574252 0.000000 0
574259 0.036420 1
574266 0.000000 0
574274 0.000000 0
574281 0.042970 1
574289 0.000000 0
574296 0.000000 0
574304 0.058720 1
574311 0.000000 0
574318 0.000000 0
574326 0.060500 1
574334 0.000000 0
574342 0.000000 0
574349 0.057800 1
574356 0.000000 0
574364 0.000000 0
574371 0.065350 1
574379 0.000000 0
574386 0.000000 0
574394 0.064420 1
574400 0.000000 0
574408 0.000000 0
574415 0.047350 1
574424 0.000000 0
574432 0.000000 0
574439 0.052260 1
574445 0.000000 0
574452 0.000000 0
574460 0.054960 1
574468 0.000000 0
574476 0.000000 0
574483 0.054400 1
574490 0.000000 0
574498 0.000000 0
574505 0.055650 1
574514 0.000000 0
574522 0.000000 0
574529 0.071700 1
574535 0.000000 0
574542 0.000000 0
574550 0.057660 1
574559 0.000000 0
574566 0.000000 0
574574 0.058590 1
574580 0.000000 0
574588 0.000000 0
574595 0.057540 1
574604 0.000000 0
574612 0.000000 0
574619 0.058060 1
574625 0.000000 0
574632 0.000000 0
574640 0.047670 1
574649 0.000000 0
574656 0.000000 0
574664 0.057800 1
574669 0.000000 0
574676 0.000000 0
574684 0.061260 1
574693 0.000000 0
574700 0.000000 0
574708 0.061390 1
574714 0.000000 0
574722 0.000000 0
574729 0.065000 1
574738 0.000000 0
574746 0.000000 0
574753 0.068210 1
574759 0.000000 0
574766 0.000000 0
574774 0.063460 1
574783 0.000000 0
574790 0.000000 0
574798 0.064880 1
574804 0.000000 0
574812 0.000000 0
574819 0.065250 1
574828 0.000000 0
574836 0.000000 0
574843 0.076740 1
574849 0.000000 0
574856 0.000000 0
574864 0.076340 1
574873 0.000000 0
574880 0.000000 0
574888 0.063580 1
574894 0.000000 0
574902 0.000000 0
574909 0.039250 1
574918 0.000000 0
574926 0.000000 0
574933 0.042250 1
574941 0.000000 0
574948 0.000000 0
574956 0.055240 1
574964 0.000000 0
574972 0.000000 0
574979 0.051670 1
574986 0.000000 0
574994 0.000000 0
575001 0.050020 1
575009 0.000000 0
575016 0.000000 0
575024 0.061880 1
575031 0.000000 0
575038 0.000000 0
575046 0.054120 1
575054 0.000000 0
575062 0.000000 0
575069 0.052690 1
575075 0.000000 0
575082 0.000000 0
575090 0.067540 1
575099 0.000000 0
575106 0.000000 0
575114 0.049870 1
575120 0.000000 0
575128 0.000000 0
575135 0.049560 1
575144 0.000000 0
575152 0.000000 0
575159 0.054400 1
575165 0.000000 0
575172 0.000000 0
575180 0.056200 1
575189 0.000000 0
575196 0.000000 0
575204 0.051820 1
575210 0.000000 0
575218 0.000000 0
575225 0.053120 1
575234 0.000000 0
575242 0.000000 0
575249 0.047200 1
575255 0.000000 0
575262 0.000000 0
575270 0.051510 1
575279 0.000000 0
575286 0.000000 0
575294 0.061010 1
575300 0.000000 0
575308 0.000000 0
575315 0.074010 1
575324 0.000000 0
575332 0.000000 0
575339 0.059360 1
575345 0.000000 0
575352 0.000000 0
575360 0.055920 1
575368 0.000000 0
575376 0.000000 0
575383 0.057010 1
575389 0.000000 0
575396 0.000000 0
575404 0.049260 1
575413 0.000000 0
575420 0.000000 0
575428 0.063830 1
575434 0.000000 0
575442 0.000000 0
575449 0.078220 1
575458 0.000000 0
575466 0.000000 0
575473 0.057270 1
575479 0.000000 0
575486 0.000000 0
575494 0.055240 1
575503 0.000000 0
575510 0.000000 0
575518 0.062360 1
575524 0.000000 0
575532 0.000000 0
575539 0.072540 1
575548 0.000000 0
575556 0.000000 0
575563 0.068670 1
575569 0.000000 0
575576 0.000000 0
575584 0.058980 1
575593 0.000000 0
575600 0.000000 0
575608 0.038270 1
575614 0.000000 0
575622 0.000000 0
575629 0.030500 1
575638 0.000000 0
575646 0.000000 0
575653 0.038070 1
575659 0.000000 0
575666 0.000000 0
575674 0.056870 1
575684 0.000000 0
575692 0.000000 0
575699 0.067660 1
575706 0.000000 0
575714 0.000000 0
575721 0.067080 1
575729 0.000000 0
575736 0.000000 0
575744 0.066870 1
575751 0.000000 0
575758 0.000000 0
575766 0.066510 1
575774 0.000000 0
575782 0.000000 0
575789 0.074530 1
575796 0.000000 0
575804 0.000000 0
575811 0.069660 1
575819 0.000000 0
575826 0.000000 0
575834 0.064060 1
575840 0.000000 0
575848 0.000000 0
575855 0.057400 1
575864 0.000000 0
575872 0.000000 0
575879 0.043490 1
575885 0.000000 0
575892 0.000000 0
575900 0.052690 1
575909 0.000000 0
575916 0.000000 0
575924 0.054260 1
575930 0.000000 0
575938 0.000000 0
575945 0.057270 1
575954 0.000000 0
575962 0.000000 0
575969 0.063830 1
575975 0.000000 0
575982 0.000000 0
575990 0.069660 1
575999 0.000000 0
576006 0.000000 0
576014 0.066510 1
576020 0.000000 0
576028 0.000000 0
576035 0.058320 1
576044 0.000000 0
576052 0.000000 0
576059 0.079760 1
576065 0.000000 0
576072 0.000000 0
576080 0.063580 1
576088 0.000000 0
576096 0.000000 0
576103 0.046880 1
576109 0.000000 0
576116 0.000000 0
576124 0.041700 1
576133 0.000000 0
576140 0.000000 0
576148 0.047840 1
576154 0.000000 0
576162 0.000000 0
576169 0.047990 1
576178 0.000000 0
576186 0.000000 0
576193 0.046880 1
576199 0.000000 0
576206 0.000000 0
576214 0.062500 1
576223 0.000000 0
576230 0.000000 0
576238 0.056060 1
576244 0.000000 0
576252 0.000000 0
576259 0.059360 1
576268 0.000000 0
576276 0.000000 0
576283 0.051820 1
576289 0.000000 0
576296 0.000000 0
576304 0.057400 1
576313 0.000000 0
576320 0.000000 0
576328 0.052110 1
576334 0.000000 0
576342 0.000000 0
576349 0.060500 1
576358 0.000000 0
576366 0.000000 0
576373 0.087690 1
576379 0.000000 0
576386 0.000000 0
576394 0.061390 1
576404 0.000000 0
576412 0.000000 0
576419 0.051670 1
576426 0.000000 0
576434 0.000000 0
576441 0.047030 1
576449 0.000000 0
576456 0.000000 0
576464 0.054400 1
576471 0.000000 0
576478 0.000000 0
576486 0.055920 1
576494 0.000000 0
576502 0.000000 0
576509 0.048160 1
576515 0.000000 0
576522 0.000000 0
576530 0.040410 1
576539 0.000000 0
576546 0.000000 0
576554 0.042250 1
576560 0.000000 0
576568 0.000000 0
576575 0.042600 1
576584 0.000000 0
576592 0.000000 0
576599 0.056600 1
576605 0.000000 0
576612 0.000000 0
576620 0.058590 1
576629 0.000000 0
576636 0.000000 0
576644 0.055510 1
576650 0.000000 0
576658 0.000000 0
576665 0.053120 1
576674 0.000000 0
576682 0.000000 0
576689 0.057540 1
576695 0.000000 0
576702 0.000000 0
576710 0.065710 1
576719 0.000000 0
576726 0.000000 0
576734 0.063460 1
576740 0.000000 0
576748 0.000000 0
576755 0.050480 1
576764 0.000000 0
576772 0.000000 0
576779 0.047200 1
576785 0.000000 0
576792 0.000000 0
576800 0.055510 1
576809 0.000000 0
576816 0.000000 0
576824 0.052400 1
576830 0.000000 0
576838 0.000000 0
576845 0.054260 1
576853 0.000000 0
576860 0.000000 0
576868 0.048160 1
576874 0.000000 0
576882 0.000000 0
576889 0.048460 1
576898 0.000000 0
576906 0.000000 0
576913 0.049870 1
576919 0.000000 0
576926 0.000000 0
576934 0.053270 1
576943 0.000000 0
576950 0.000000 0
576958 0.065930 1
576964 0.000000 0
576972 0.000000 0
576979 0.055370 1
576988 0.000000 0
576996 0.000000 0
577003 0.039250 1
577009 0.000000 0
577016 0.000000 0
577024 0.049410 1
577033 0.000000 0
577040 0.000000 0
577048 0.050920 1
577054 0.000000 0
577062 0.000000 0
577069 0.050630 1
577078 0.000000 0
577086 0.000000 0
577093 0.041890 1
577099 0.000000 0
577106 0.000000 0
577114 0.036640 1
577123 0.000000 0
577130 0.000000 0
577138 0.078600 1
577144 0.000000 0
577152 0.000000 0
577159 0.074620 1
577169 0.000000 0
577176 0.000000 0
577184 0.070530 1
577191 0.000000 0
577198 0.000000 0
577206 0.061510 1
577214 0.000000 0
577222 0.000000 0
577229 0.040410 1
577236 0.000000 0
577244 0.000000 0
577251 0.046540 1
577258 0.000000 0
577266 0.000000 0
577273 0.052840 1
577280 0.000000 0
577288 0.000000 0
577295 0.046880 1
577304 0.000000 0
577312 0.000000 0
577319 0.040410 1
577325 0.000000 0
577332 0.000000 0
577340 0.041150 1
577349 0.000000 0
577356 0.000000 0
577364 0.046710 1
577370 0.000000 0
577378 0.000000 0
577385 0.051380 1
577394 0.000000 0
577402 0.000000 0
577409 0.072650 1
577415 0.000000 0
577422 0.000000 0
577430 0.082030 1
577439 0.000000 0
577446 0.000000 0
577454 0.074620 1
577460 0.000000 0
577468 0.000000 0
577475 0.041700 1
577484 0.000000 0
577492 0.000000 0
577499 0.061140 1
577505 0.000000 0
577512 0.000000 0
577520 0.056870 1
577529 0.000000 0
577536 0.000000 0
577544 0.046370 1
577549 0.000000 0
577556 0.000000 0
577564 0.033140 1
577573 0.000000 0
577580 0.000000 0
577588 0.032910 1
577594 0.000000 0
577602 0.000000 0
577609 0.058590 1
577618 0.000000 0
577626 0.000000 0
577633 0.071060 1
577639 0.000000 0
577646 0.000000 0
577654 0.078800 1
577663 0.000000 0
577670 0.000000 0
577678 0.056460 1
577684 0.000000 0
577692 0.000000 0
577699 0.054260 1
577708 0.000000 0
577716 0.000000 0
577723 0.049560 1
577729 0.000000 0
577736 0.000000 0
577744 0.060880 1
577753 0.000000 0
577760 0.000000 0
577768 0.065130 1
577774 0.000000 0
577782 0.000000 0
577789 0.054960 1
577798 0.000000 0
577806 0.000000 0
577813 0.032210 1
577821 0.000000 0
577828 0.000000 0
577836 0.040770 1
577843 0.000000 0
577850 0.000000 0
577858 0.067080 1
577865 0.000000 0
577872 0.000000 0
577880 0.054260 1
577889 0.000000 0
577896 0.000000 0
577904 0.058590 1
577910 0.000000 0
577918 0.000000 0
577925 0.049710 1
577934 0.000000 0
577942 0.000000 0
577949 0.044190 1
577955 0.000000 0
577962 0.000000 0
577970 0.070530 1
577979 0.000000 0
577986 0.000000 0
577994 0.057400 1
578000 0.000000 0
578008 0.000000 0
578015 0.053410 1
578023 0.000000 0
578030 0.000000 0
578038 0.053700 1
578045 0.000000 0
578052 0.000000 0
578060 0.042790 1
578069 0.000000 0
578076 0.000000 0
578084 0.048310 1
578090 0.000000 0
578098 0.000000 0
578105 0.059360 1
578114 0.000000 0
578122 0.000000 0
578129 0.072130 1
578135 0.000000 0
578142 0.000000 0
578150 0.080810 1
578159 0.000000 0
578166 0.000000 0
578174 0.060760 1
578179 0.000000 0
578186 0.000000 0
578194 0.039830 1
578203 0.000000 0
578210 0.000000 0
578218 0.034930 1
578224 0.000000 0
578232 0.000000 0
578239 0.041150 1
578248 0.000000 0
578256 0.000000 0
578263 0.043490 1
578269 0.000000 0
578276 0.000000 0
578284 0.038470 1
578293 0.000000 0
578300 0.000000 0
578308 0.057660 1
578314 0.000000 0
578322 0.000000 0
578329 0.078890 1
578338 0.000000 0
578346 0.000000 0
578353 0.079090 1
578359 0.000000 0
578366 0.000000 0
578374 0.072130 1
578383 0.000000 0
578390 0.000000 0
578398 0.038270 1
578404 0.000000 0
578412 0.000000 0
578419 0.036010 1
578428 0.000000 0
578436 0.000000 0
578443 0.049410 1
578450 0.000000 0
578458 0.000000 0
578465 0.052110 1
578473 0.000000 0
578480 0.000000 0
578488 0.049710 1
578495 0.000000 0
578502 0.000000 0
578510 0.054960 1
578518 0.000000 0
578526 0.000000 0
578533 0.058590 1
578540 0.000000 0
578548 0.000000 0
578555 0.058590 1
578564 0.000000 0
578572 0.000000 0
578579 0.062730 1
578584 0.000000 0
578592 0.000000 0
578599 0.047840 1
578609 0.000000 0
578616 0.000000 0
578624 0.038470 1
578630 0.000000 0
578638 0.000000 0
578645 0.029480 1
578654 0.000000 0
578662 0.000000 0
578669 0.036220 1
578675 0.000000 0
578682 0.000000 0
578690 0.036010 1
578699 0.000000 0
578706 0.000000 0
578714 0.043840 1
578720 0.000000 0
578728 0.000000 0
578735 0.050480 1
578743 0.000000 0
578750 0.000000 0
578758 0.051510 1
578764 0.000000 0
578772 0.000000 0
578779 0.095520 1
578788 0.000000 0
578796 0.000000 0
578803 0.096860 1
578809 0.000000 0
578816 0.000000 0
578824 0.120840 1
578833 0.000000 0
578840 0.000000 0
578848 0.116990 1
578854 0.000000 0
578862 0.000000 0
578869 0.110610 1
578878 0.000000 0
578886 0.000000 0
578893 0.086990 1
578899 0.000000 0
578906 0.000000 0
578914 0.060880 1
578923 0.000000 0
578930 0.000000 0
578938 0.061510 1
578944 0.000000 0
578952 0.000000 0
578959 0.038860 1
578968 0.000000 0
578976 0.000000 0
578983 0.031250 1
578989 0.000000 0
578996 0.000000 0
579004 0.052110 1
579013 0.000000 0
579020 0.000000 0
579028 0.088550 1
579034 0.000000 0
579042 0.000000 0
579049 0.065710 1
579058 0.000000 0
579066 0.000000 0
579073 0.052690 1
579079 0.000000 0
579086 0.000000 0
579094 0.044010 1
579103 0.000000 0
579110 0.000000 0
579118 0.043140 1
579124 0.000000 0
579132 0.000000 0
579139 0.028430 1
579148 0.000000 0
579156 0.000000 0
579163 0.044880 1
579169 0.000000 0
579176 0.000000 0
579184 0.044710 1
579193 0.000000 0
579200 0.000000 0
579208 0.050630 1
579214 0.000000 0
579222 0.000000 0
579229 0.042250 1
579238 0.000000 0
579246 0.000000 0
579253 0.027890 1
579259 0.000000 0
579266 0.000000 0
579274 0.047520 1
579283 0.000000 0
579290 0.000000 0
579298 0.046880 1
579304 0.000000 0
579312 0.000000 0
579319 0.051670 1
579328 0.000000 0
579336 0.000000 0
579343 0.038860 1
579351 0.000000 0
579358 0.000000 0
579366 0.021740 1
579374 0.000000 0
579382 0.000000 0
579389 0.057010 1
579396 0.000000 0
579404 0.000000 0
579411 0.065000 1
579419 0.000000 0
579426 0.000000 0
579434 0.059750 1
579441 0.000000 0
579448 0.000000 0
579456 0.046710 1
579464 0.000000 0
579472 0.000000 0
579479 0.038070 1
579485 0.000000 0
579492 0.000000 0
579500 0.048940 1
579508 0.000000 0
579516 0.000000 0
579523 0.050480 1
579530 0.000000 0
579538 0.000000 0
579545 0.059620 1
579554 0.000000 0
579562 0.000000 0
579569 0.047670 1
579575 0.000000 0
579582 0.000000 0
579590 0.060380 1
579599 0.000000 0
579606 0.000000 0
579614 0.062120 1
579619 0.000000 0
579626 0.000000 0
579634 0.062610 1
579644 0.000000 0
579652 0.000000 0
579659 0.065130 1
579665 0.000000 0
579672 0.000000 0
579680 0.063100 1
579688 0.000000 0
579696 0.000000 0
579703 0.063460 1
579710 0.000000 0
579718 0.000000 0
579725 0.044190 1
579734 0.000000 0
579742 0.000000 0
579749 0.046220 1
579755 0.000000 0
579762 0.000000 0
579770 0.036010 1
579779 0.000000 0
579786 0.000000 0
579794 0.043140 1
579800 0.000000 0
579808 0.000000 0
579815 0.060500 1
579824 0.000000 0
579832 0.000000 0
579839 0.060500 1
579845 0.000000 0
579852 0.000000 0
579860 0.049870 1
579868 0.000000 0
579876 0.000000 0
579883 0.045040 1
579889 0.000000 0
579896 0.000000 0
579904 0.045550 1
579913 0.000000 0
579920 0.000000 0
579928 0.040960 1
579934 0.000000 0
579942 0.000000 0
579949 0.080520 1
579958 0.000000 0
579966 0.000000 0
579973 0.079960 1
579979 0.000000 0
579986 0.000000 0
579994 0.068440 1
580003 0.000000 0
580010 0.000000 0
580018 0.075440 1
580024 0.000000 0
580032 0.000000 0
580039 0.066060 1
580048 0.000000 0
580056 0.000000 0
580063 0.053830 1
580069 0.000000 0
580076 0.000000 0
580084 0.022430 1
580093 0.000000 0
580100 0.000000 0
580108 0.033140 1
580116 0.000000 0
580124 0.000000 0
580131 0.035160 1
580139 0.000000 0
580146 0.000000 0
580154 0.051960 1
580161 0.000000 0
580168 0.000000 0
580176 0.066410 1
580184 0.000000 0
580192 0.000000 0
580199 0.051070 1
580205 0.000000 0
580212 0.000000 0
580220 0.080340 1
580229 0.000000 0
580236 0.000000 0
580244 0.072860 1
580250 0.000000 0
580258 0.000000 0
580265 0.055100 1
580274 0.000000 0
580282 0.000000 0
580289 0.048780 1
580295 0.000000 0
580302 0.000000 0
580310 0.047030 1
580319 0.000000 0
580326 0.000000 0
580334 0.055510 1
580340 0.000000 0
580348 0.000000 0
580355 0.052550 1
580364 0.000000 0
580372 0.000000 0
580379 0.049410 1
580385 0.000000 0
580392 0.000000 0
580400 0.046710 1
580409 0.000000 0
580416 0.000000 0
580424 0.180580 1
580430 0.000000 0
580438 0.000000 0
580445 0.151030 1
580453 0.000000 0
580460 0.000000 0
580468 0.077130 1
580474 0.000000 0
580482 0.000000 0
580489 0.072970 1
580498 0.000000 0
580506 0.000000 0
580513 0.048780 1
580519 0.000000 0
580526 0.000000 0
580534 0.100570 1
580543 0.000000 0
580550 0.000000 0
580558 0.093340 1
580564 0.000000 0
580572 0.000000 0
580579 0.024700 1
580588 0.000000 0
580596 0.000000 0
580603 0.025010 1
580609 0.000000 0
580616 0.000000 0
580624 0.026780 1
580633 0.000000 0
580640 0.000000 0
580648 0.041700 1
580654 0.000000 0
580662 0.000000 0
580669 0.086110 1
580678 0.000000 0
580686 0.000000 0
580693 0.056460 1
580699 0.000000 0
580706 0.000000 0
580714 0.040410 1
580724 0.000000 0
580732 0.000000 0
580739 0.040210 1
580746 0.000000 0
580754 0.000000 0
580761 0.059880 1
580768 0.000000 0
580776 0.000000 0
580783 0.122350 1
580791 0.000000 0
580798 0.000000 0
580806 0.059240 1
580814 0.000000 0
580822 0.000000 0
580829 0.040020 1
580835 0.000000 0
580842 0.000000 0
580850 0.032910 1
580859 0.000000 0
580866 0.000000 0
580874 0.038860 1
580880 0.000000 0
580888 0.000000 0
580895 0.102750 1
580904 0.000000 0
580912 0.000000 0
580919 0.090090 1
580925 0.000000 0
580932 0.000000 0
580940 0.070420 1
580948 0.000000 0
580956 0.000000 0
580963 0.061010 1
580970 0.000000 0
580978 0.000000 0
580985 0.035800 1
580994 0.000000 0
581002 0.000000 0
581009 0.029220 1
581015 0.000000 0
581022 0.000000 0
581030 0.021740 1
581039 0.000000 0
581046 0.000000 0
581054 0.081280 1
581059 0.000000 0
581066 0.000000 0
581074 0.068880 1
581083 0.000000 0
581090 0.000000 0
581098 0.035800 1
581104 0.000000 0
581112 0.000000 0
581119 0.040210 1
581128 0.000000 0
581136 0.000000 0
581143 0.050020 1
581149 0.000000 0
581156 0.000000 0
581164 0.057540 1
581173 0.000000 0
581180 0.000000 0
581188 0.063100 1
581194 0.000000 0
581202 0.000000 0
581209 0.098190 1
581218 0.000000 0
581226 0.000000 0
581233 0.088470 1
581239 0.000000 0
581246 0.000000 0
581254 0.040210 1
581264 0.000000 0
581272 0.000000 0
581279 0.041340 1
581286 0.000000 0
581294 0.000000 0
581301 0.034710 1
581309 0.000000 0
581316 0.000000 0
581324 0.040770 1
581330 0.000000 0
581338 0.000000 0
581345 0.050630 1
581354 0.000000 0
581362 0.000000 0
581369 0.108110 1
581375 0.000000 0
581382 0.000000 0
581390 0.079000 1
581399 0.000000 0
581406 0.000000 0
581414 0.076740 1
581420 0.000000 0
581428 0.000000 0
581435 0.075940 1
581444 0.000000 0
581452 0.000000 0
581459 0.044360 1
581465 0.000000 0
581472 0.000000 0
581480 0.026780 1
581489 0.000000 0
581496 0.000000 0
581504 0.022430 1
581510 0.000000 0
581518 0.000000 0
581525 0.041700 1
581533 0.000000 0
581540 0.000000 0
581548 0.054830 1
581554 0.000000 0
581562 0.000000 0
581569 0.051820 1
581578 0.000000 0
581586 0.000000 0
581593 0.080990 1
581599 0.000000 0
581606 0.000000 0
581614 0.082310 1
581623 0.000000 0
581630 0.000000 0
581638 0.049870 1
581644 0.000000 0
581652 0.000000 0
581659 0.080430 1
581668 0.000000 0
581676 0.000000 0
581683 0.061510 1
581689 0.000000 0
581696 0.000000 0
581704 0.083860 1
581713 0.000000 0
581720 0.000000 0
581728 0.094710 1
581736 0.000000 0
581744 0.000000 0
581751 0.052550 1
581759 0.000000 0
581766 0.000000 0
581774 0.045380 1
581780 0.000000 0
581788 0.000000 0
581795 0.048460 1
581803 0.000000 0
581810 0.000000 0
581818 0.048780 1
581825 0.000000 0
581832 0.000000 0
581840 0.076840 1
581849 0.000000 0
581856 0.000000 0
581864 0.071060 1
581870 0.000000 0
581878 0.000000 0
581885 0.072650 1
581894 0.000000 0
581902 0.000000 0
581909 0.057800 1
581915 0.000000 0
581922 0.000000 0
581930 0.041150 1
581939 0.000000 0
581946 0.000000 0
581954 0.030750 1
581960 0.000000 0
581968 0.000000 0
581975 0.031970 1
581984 0.000000 0
581992 0.000000 0
581999 0.030750 1
582005 0.000000 0
582012 0.000000 0
582020 0.051510 1
582029 0.000000 0
582036 0.000000 0
582044 0.069540 1
582049 0.000000 0
582056 0.000000 0
582064 0.135260 1
582073 0.000000 0
582080 0.000000 0
582088 0.107760 1
582094 0.000000 0
582102 0.000000 0
582109 0.046050 1
582118 0.000000 0
582126 0.000000 0
582133 0.042070 1
582139 0.000000 0
582146 0.000000 0
582154 0.038470 1
582163 0.000000 0
582170 0.000000 0
582178 0.041700 1
582184 0.000000 0
582192 0.000000 0
582199 0.057400 1
582209 0.000000 0
582216 0.000000 0
582224 0.046370 1
582231 0.000000 0
582238 0.000000 0
582246 0.050320 1
582253 0.000000 0
582260 0.000000 0
582268 0.050170 1
582276 0.000000 0
582284 0.000000 0
582291 0.130950 1
582298 0.000000 0
582306 0.000000 0
582313 0.148330 1
582320 0.000000 0
582328 0.000000 0
582335 0.071490 1
582344 0.000000 0
582352 0.000000 0
582359 0.068770 1
582365 0.000000 0
582372 0.000000 0
582380 0.053560 1
582389 0.000000 0
582396 0.000000 0
582404 0.035370 1
582410 0.000000 0
582418 0.000000 0
582425 0.098590 1
582434 0.000000 0
582442 0.000000 0
582449 0.036850 1
582455 0.000000 0
582462 0.000000 0
582470 0.028170 1
582479 0.000000 0
582486 0.000000 0
582494 0.038860 1
582500 0.000000 0
582508 0.000000 0
582515 0.051070 1
582523 0.000000 0
582530 0.000000 0
582538 0.103640 1
582544 0.000000 0
582552 0.000000 0
582559 0.071060 1
582568 0.000000 0
582576 0.000000 0
582583 0.044190 1
582589 0.000000 0
582596 0.000000 0
582604 0.053270 1
582613 0.000000 0
582620 0.000000 0
582628 0.041700 1
582634 0.000000 0
582642 0.000000 0
582649 0.122590 1
582658 0.000000 0
582666 0.000000 0
582673 0.078800 1
582679 0.000000 0
582686 0.000000 0
582694 0.037260 1
582703 0.000000 0
582710 0.000000 0
582718 0.037660 1
582724 0.000000 0
582732 0.000000 0
582739 0.049260 1
582748 0.000000 0
582756 0.000000 0
582763 0.093580 1
582771 0.000000 0
582778 0.000000 0
582786 0.100340 1
582794 0.000000 0
582802 0.000000 0
582809 0.078220 1
582816 0.000000 0
582824 0.000000 0
582831 0.062730 1
582838 0.000000 0
582846 0.000000 0
582853 0.041520 1
582860 0.000000 0
582868 0.000000 0
582875 0.027620 1
582884 0.000000 0
582892 0.000000 0
582899 0.015630 1
582905 0.000000 0
582912 0.000000 0
582920 0.092440 1
582928 0.000000 0
582936 0.000000 0
582943 0.089660 1
582950 0.000000 0
582958 0.000000 0
582965 0.037460 1
582974 0.000000 0
582982 0.000000 0
582989 0.030240 1
582995 0.000000 0
583002 0.000000 0
583010 0.051220 1
583019 0.000000 0
583026 0.000000 0
583034 0.066290 1
583040 0.000000 0
583048 0.000000 0
583055 0.058590 1
583063 0.000000 0
583070 0.000000 0
583078 0.112260 1
583084 0.000000 0
583092 0.000000 0
583099 0.101340 1
583108 0.000000 0
583116 0.000000 0
583123 0.044880 1
583129 0.000000 0
583136 0.000000 0
583144 0.042250 1
583153 0.000000 0
583160 0.000000 0
583168 0.036220 1
583174 0.000000 0
583182 0.000000 0
583189 0.042970 1
583198 0.000000 0
583206 0.000000 0
583213 0.040410 1
583219 0.000000 0
583226 0.000000 0
583234 0.129960 1
583243 0.000000 0
583250 0.000000 0
583258 0.113680 1
583266 0.000000 0
583274 0.000000 0
583281 0.074220 1
583289 0.000000 0
583296 0.000000 0
583304 0.071490 1
583310 0.000000 0
583318 0.000000 0
583325 0.042070 1
583334 0.000000 0
583342 0.000000 0
583349 0.055100 1
583355 0.000000 0
583362 0.000000 0
583370 0.030000 1
583379 0.000000 0
583386 0.000000 0
583394 0.031720 1
583400 0.000000 0
583408 0.000000 0
583415 0.042790 1
583424 0.000000 0
583432 0.000000 0
583439 0.044010 1
583445 0.000000 0
583452 0.000000 0
583460 0.073270 1
583469 0.000000 0
583476 0.000000 0
583484 0.114690 1
583490 0.000000 0
583498 0.000000 0
583505 0.065480 1
583514 0.000000 0
583522 0.000000 0
583529 0.037050 1
583535 0.000000 0
583542 0.000000 0
583550 0.062500 1
583558 0.000000 0
583566 0.000000 0
583573 0.057800 1
583579 0.000000 0
583586 0.000000 0
583594 0.035160 1
583603 0.000000 0
583610 0.000000 0
583618 0.042250 1
583624 0.000000 0
583632 0.000000 0
583639 0.045550 1
583648 0.000000 0
583656 0.000000 0
583663 0.057270 1
583669 0.000000 0
583676 0.000000 0
583684 0.058460 1
583693 0.000000 0
583700 0.000000 0
583708 0.087950 1
583714 0.000000 0
583722 0.000000 0
583729 0.082760 1
583738 0.000000 0
583746 0.000000 0
583753 0.078310 1
583759 0.000000 0
583766 0.000000 0
583774 0.065000 1
583784 0.000000 0
583792 0.000000 0
583799 0.039640 1
583806 0.000000 0
583814 0.000000 0
583821 0.034930 1
583829 0.000000 0
583836 0.000000 0
583844 0.016570 1
583850 0.000000 0
583858 0.000000 0
583865 0.038470 1
583874 0.000000 0
583882 0.000000 0
583889 0.047840 1
583895 0.000000 0
583902 0.000000 0
583910 0.052400 1
583919 0.000000 0
583926 0.000000 0
583934 0.118670 1
583940 0.000000 0
583948 0.000000 0
583955 0.117890 1
583964 0.000000 0
583972 0.000000 0
583979 0.074720 1
583985 0.000000 0
583992 0.000000 0
584000 0.045210 1
584009 0.000000 0
584016 0.000000 0
584024 0.043490 1
584030 0.000000 0
584038 0.000000 0
584045 0.048460 1
584054 0.000000 0
584062 0.000000 0
584069 0.042420 1
584074 0.000000 0
584082 0.000000 0
584089 0.040770 1
584098 0.000000 0
584106 0.000000 0
584113 0.047520 1
584119 0.000000 0
584126 0.000000 0
584134 0.052840 1
584143 0.000000 0
584150 0.000000 0
584158 0.049870 1
584164 0.000000 0
584172 0.000000 0
584179 0.157610 1
584188 0.000000 0
584196 0.000000 0
584203 0.093900 1
584209 0.000000 0
584216 0.000000 0
584224 0.067540 1
584233 0.000000 0
584240 0.000000 0
584248 0.056870 1
584254 0.000000 0
584262 0.000000 0
584269 0.034710 1
584278 0.000000 0
584286 0.000000 0
584293 0.101410 1
584301 0.000000 0
584308 0.000000 0
584316 0.067990 1
584324 0.000000 0
584332 0.000000 0
584339 0.050320 1
584346 0.000000 0
584354 0.000000 0
584361 0.047030 1
584369 0.000000 0
584376 0.000000 0
584384 0.040020 1
584390 0.000000 0
584398 0.000000 0
584405 0.085570 1
584414 0.000000 0
584422 0.000000 0
584429 0.071490 1
584435 0.000000 0
584442 0.000000 0
584450 0.040770 1
584459 0.000000 0
584466 0.000000 0
584474 0.041340 1
584480 0.000000 0
584488 0.000000 0
584495 0.056870 1
584504 0.000000 0
584512 0.000000 0
584519 0.122530 1
584525 0.000000 0
584532 0.000000 0
584540 0.112460 1
584549 0.000000 0
584556 0.000000 0
584564 0.051670 1
584570 0.000000 0
584578 0.000000 0
584585 0.046220 1
584594 0.000000 0
584602 0.000000 0
584609 0.046370 1
584614 0.000000 0
584622 0.000000 0
584629 0.040960 1
584638 0.000000 0
584646 0.000000 0
584653 0.086810 1
584659 0.000000 0
584666 0.000000 0
584674 0.062240 1
584683 0.000000 0
584690 0.000000 0
584698 0.065130 1
584704 0.000000 0
584712 0.000000 0
584719 0.050020 1
584728 0.000000 0
584736 0.000000 0
584743 0.035370 1
584749 0.000000 0
584756 0.000000 0
584764 0.027890 1
584773 0.000000 0
584780 0.000000 0
584788 0.019910 1
584794 0.000000 0
584802 0.000000 0
584809 0.087430 1
584819 0.000000 0
584826 0.000000 0
584834 0.063340 1
584841 0.000000 0
584848 0.000000 0
584856 0.034040 1
584864 0.000000 0
584872 0.000000 0
584879 0.050920 1
584885 0.000000 0
584892 0.000000 0
584900 0.066740 1
584909 0.000000 0
584916 0.000000 0
584924 0.065250 1
584930 0.000000 0
584938 0.000000 0
584945 0.057940 1
584953 0.000000 0
584960 0.000000 0
584968 0.107180 1
584975 0.000000 0
584982 0.000000 0
584990 0.053120 1
584999 0.000000 0
585006 0.000000 0
585014 0.032670 1
585020 0.000000 0
585028 0.000000 0
585035 0.046370 1
585044 0.000000 0
585052 0.000000 0
585059 0.039060 1
585065 0.000000 0
585072 0.000000 0
585080 0.046050 1
585088 0.000000 0
585096 0.000000 0
585103 0.108110 1
585109 0.000000 0
585116 0.000000 0
585124 0.106750 1
585133 0.000000 0
585140 0.000000 0
585148 0.079380 1
585154 0.000000 0
585162 0.000000 0
585169 0.070950 1
585178 0.000000 0
585186 0.000000 0
585193 0.053700 1
585199 0.000000 0
585206 0.000000 0
585214 0.036220 1
585223 0.000000 0
585230 0.000000 0
585238 0.037460 1
585244 0.000000 0
585252 0.000000 0
585259 0.039250 1
585269 0.000000 0
585276 0.000000 0
585284 0.036010 1
585290 0.000000 0
585298 0.000000 0
585305 0.046050 1
585313 0.000000 0
585320 0.000000 0
585328 0.043140 1
585336 0.000000 0
585344 0.000000 0
585351 0.084050 1
585359 0.000000 0
585366 0.000000 0
585374 0.074830 1
585380 0.000000 0
585388 0.000000 0
585395 0.048940 1
585404 0.000000 0
585412 0.000000 0
585419 0.068100 1
585425 0.000000 0
585432 0.000000 0
585440 0.058060 1
585449 0.000000 0
585456 0.000000 0
585464 0.088810 1
585470 0.000000 0
585478 0.000000 0
585485 0.075840 1
585494 0.000000 0
585502 0.000000 0
585509 0.035800 1
585515 0.000000 0
585522 0.000000 0
585530 0.051670 1
585538 0.000000 0
585546 0.000000 0
585553 0.044530 1
585559 0.000000 0
585566 0.000000 0
585574 0.079470 1
585583 0.000000 0
585590 0.000000 0
585598 0.074110 1
585604 0.000000 0
585612 0.000000 0
585619 0.077440 1
585628 0.000000 0
585636 0.000000 0
585643 0.072860 1
585649 0.000000 0
585656 0.000000 0
585664 0.051380 1
585673 0.000000 0
585680 0.000000 0
585688 0.039250 1
585694 0.000000 0
585702 0.000000 0
585709 0.035580 1
585718 0.000000 0
585726 0.000000 0
585733 0.034040 1
585739 0.000000 0
585746 0.000000 0
585754 0.044710 1
585763 0.000000 0
585770 0.000000 0
585778 0.040410 1
585785 0.000000 0
585792 0.000000 0
585800 0.058320 1
585808 0.000000 0
585816 0.000000 0
585823 0.134690 1
585830 0.000000 0
585838 0.000000 0
585845 0.077730 1
585854 0.000000 0
585862 0.000000 0
585869 0.051380 1
585875 0.000000 0
585882 0.000000 0
585890 0.062850 1
585899 0.000000 0
585906 0.000000 0
585914 0.042790 1
585920 0.000000 0
585928 0.000000 0
585935 0.047520 1
585944 0.000000 0
585952 0.000000 0
585959 0.044710 1
585965 0.000000 0
585972 0.000000 0
585980 0.053270 1
585989 0.000000 0
585996 0.000000 0
586004 0.058460 1
586010 0.000000 0
586018 0.000000 0
586025 0.049410 1
586033 0.000000 0
586040 0.000000 0
586048 0.150230 1
586054 0.000000 0
586062 0.000000 0
586069 0.122350 1
586078 0.000000 0
586086 0.000000 0
586093 0.067990 1
586099 0.000000 0
586106 0.000000 0
586114 0.063710 1
586123 0.000000 0
586130 0.000000 0
586138 0.049260 1
586144 0.000000 0
586152 0.000000 0
586159 0.103720 1
586168 0.000000 0
586176 0.000000 0
586183 0.088210 1
586189 0.000000 0
586196 0.000000 0
586204 0.029220 1
586213 0.000000 0
586220 0.000000 0
586228 0.032440 1
586234 0.000000 0
586242 0.000000 0
586249 0.033140 1
586259 0.000000 0
586266 0.000000 0
586274 0.056460 1
586280 0.000000 0
586288 0.000000 0
586295 0.095600 1
586304 0.000000 0
586312 0.000000 0
586319 0.044880 1
586325 0.000000 0
586332 0.000000 0
586340 0.040020 1
586349 0.000000 0
586356 0.000000 0
586364 0.051960 1
586370 0.000000 0
586378 0.000000 0
586385 0.054830 1
586394 0.000000 0
586402 0.000000 0
586409 0.110960 1
586415 0.000000 0
586422 0.000000 0
586430 0.053700 1
586439 0.000000 0
586446 0.000000 0
586454 0.043840 1
586460 0.000000 0
586468 0.000000 0
586475 0.057270 1
586484 0.000000 0
586492 0.000000 0
586499 0.047030 1
586505 0.000000 0
586512 0.000000 0
586520 0.089330 1
586529 0.000000 0
586536 0.000000 0
586544 0.078220 1
586549 0.000000 0
586556 0.000000 0
586564 0.066740 1
586573 0.000000 0
586580 0.000000 0
586588 0.058720 1
586594 0.000000 0
586602 0.000000 0
586609 0.038670 1
586618 0.000000 0
586626 0.000000 0
586633 0.025910 1
586639 0.000000 0
586646 0.000000 0
586654 0.015630 1
586663 0.000000 0
586670 0.000000 0
586678 0.093750 1
586684 0.000000 0
586692 0.000000 0
586699 0.079090 1
586708 0.000000 0
586716 0.000000 0
586723 0.031970 1
586731 0.000000 0
586738 0.000000 0
586746 0.043840 1
586753 0.000000 0
586760 0.000000 0
586768 0.070950 1
586776 0.000000 0
586784 0.000000 0
586791 0.073490 1
586799 0.000000 0
586806 0.000000 0
586814 0.064770 1
586820 0.000000 0
586828 0.000000 0
586835 0.113150 1
586843 0.000000 0
586850 0.000000 0
586858 0.090010 1
586865 0.000000 0
586872 0.000000 0
586880 0.029220 1
586889 0.000000 0
586896 0.000000 0
586904 0.040020 1
586910 0.000000 0
586918 0.000000 0
586925 0.047200 1
586934 0.000000 0
586942 0.000000 0
586949 0.049710 1
586955 0.000000 0
586962 0.000000 0
586970 0.042250 1
586978 0.000000 0
586986 0.000000 0
586993 0.104880 1
586999 0.000000 0
587006 0.000000 0
587014 0.100110 1
587023 0.000000 0
587030 0.000000 0
587038 0.097890 1
587044 0.000000 0
587052 0.000000 0
587059 0.078890 1
587068 0.000000 0
587076 0.000000 0
587083 0.045720 1
587089 0.000000 0
587096 0.000000 0
587104 0.030990 1
587113 0.000000 0
587120 0.000000 0
587128 0.031480 1
587134 0.000000 0
587142 0.000000 0
587149 0.036010 1
587158 0.000000 0
587166 0.000000 0
587173 0.053700 1
587181 0.000000 0
587188 0.000000 0
587196 0.040210 1
587203 0.000000 0
587210 0.000000 0
587218 0.051070 1
587226 0.000000 0
587234 0.000000 0
587241 0.050920 1
587249 0.000000 0
587256 0.000000 0
587264 0.051670 1
587270 0.000000 0
587278 0.000000 0
587285 0.057130 1
587294 0.000000 0
587302 0.000000 0
587309 0.062240 1
587315 0.000000 0
587322 0.000000 0
587330 0.077440 1
587339 0.000000 0
587346 0.000000 0
587354 0.064300 1
587360 0.000000 0
587368 0.000000 0
587375 0.064420 1
587384 0.000000 0
587392 0.000000 0
587399 0.060760 1
587405 0.000000 0
587412 0.000000 0
587420 0.077240 1
587429 0.000000 0
587436 0.000000 0
587444 0.061630 1
587450 0.000000 0
587458 0.000000 0
587465 0.079470 1
587474 0.000000 0
587482 0.000000 0
587489 0.065830 1
587494 0.000000 0
587502 0.000000 0
587509 0.060500 1
587518 0.000000 0
587526 0.000000 0
587533 0.042790 1
587539 0.000000 0
587546 0.000000 0
587554 0.030990 1
587563 0.000000 0
587570 0.000000 0
587578 0.021390 1
587584 0.000000 0
587592 0.000000 0
587599 0.022100 1
587608 0.000000 0
587616 0.000000 0
587623 0.035580 1
587629 0.000000 0
587636 0.000000 0
587644 0.033600 1
587653 0.000000 0
587660 0.000000 0
587668 0.049090 1
587674 0.000000 0
587682 0.000000 0
587689 0.128190 1
587699 0.000000 0
587706 0.000000 0
587714 0.100500 1
587721 0.000000 0
587728 0.000000 0
587736 0.061880 1
587744 0.000000 0
587752 0.000000 0
587759 0.053830 1
587765 0.000000 0
587772 0.000000 0
587780 0.045210 1
587788 0.000000 0
587796 0.000000 0
587803 0.042250 1
587810 0.000000 0
587818 0.000000 0
587825 0.060000 1
587834 0.000000 0
587842 0.000000 0
587849 0.053700 1
587855 0.000000 0
587862 0.000000 0
587870 0.049560 1
587879 0.000000 0
587886 0.000000 0
587894 0.056200 1
587900 0.000000 0
587908 0.000000 0
587915 0.161240 1
587924 0.000000 0
587932 0.000000 0
587939 0.163120 1
587945 0.000000 0
587952 0.000000 0
587960 0.083770 1
587969 0.000000 0
587976 0.000000 0
587984 0.065710 1
587990 0.000000 0
587998 0.000000 0
588005 0.055510 1
588014 0.000000 0
588022 0.000000 0
588029 0.035580 1
588035 0.000000 0
588042 0.000000 0
588050 0.102310 1
588058 0.000000 0
588066 0.000000 0
588073 0.045550 1
588079 0.000000 0
588086 0.000000 0
588094 0.018310 1
588103 0.000000 0
588110 0.000000 0
588118 0.028170 1
588124 0.000000 0
588132 0.000000 0
588139 0.075140 1
588148 0.000000 0
588156 0.000000 0
588163 0.106400 1
588169 0.000000 0
588176 0.000000 0
588184 0.066410 1
588193 0.000000 0
588200 0.000000 0
588208 0.040590 1
588214 0.000000 0
588222 0.000000 0
588229 0.039640 1
588238 0.000000 0
588246 0.000000 0
588253 0.047030 1
588261 0.000000 0
588268 0.000000 0
588276 0.121780 1
588284 0.000000 0
588292 0.000000 0
588299 0.098590 1
588306 0.000000 0
588314 0.000000 0
588321 0.042600 1
588328 0.000000 0
588336 0.000000 0
588343 0.061260 1
588350 0.000000 0
588358 0.000000 0
588365 0.057130 1
588374 0.000000 0
588382 0.000000 0
588389 0.085390 1
588395 0.000000 0
588402 0.000000 0
588410 0.086730 1
588419 0.000000 0
588426 0.000000 0
588434 0.069210 1
588440 0.000000 0
588448 0.000000 0
588455 0.061880 1
588464 0.000000 0
588472 0.000000 0
588479 0.044710 1
588485 0.000000 0
588492 0.000000 0
588500 0.027620 1
588509 0.000000 0
588516 0.000000 0
588524 0.012340 1
588530 0.000000 0
588538 0.000000 0
588545 0.091690 1
588553 0.000000 0
588560 0.000000 0
588568 0.094560 1
588574 0.000000 0
588582 0.000000 0
588589 0.034710 1
588598 0.000000 0
588606 0.000000 0
588613 0.046710 1
588619 0.000000 0
588626 0.000000 0
588634 0.051380 1
588643 0.000000 0
588650 0.000000 0
588658 0.062610 1
588664 0.000000 0
588672 0.000000 0
588679 0.062850 1
588688 0.000000 0
588696 0.000000 0
588703 0.102970 1
588709 0.000000 0
588716 0.000000 0
588724 0.110830 1
588734 0.000000 0
588742 0.000000 0
588749 0.046710 1
588756 0.000000 0
588764 0.000000 0
588771 0.033830 1
588779 0.000000 0
588786 0.000000 0
588794 0.030750 1
588801 0.000000 0
588808 0.000000 0
588816 0.056730 1
588824 0.000000 0
588832 0.000000 0
588839 0.047200 1
588845 0.000000 0
588852 0.000000 0
588860 0.107260 1
588869 0.000000 0
588876 0.000000 0
588884 0.094470 1
588890 0.000000 0
588898 0.000000 0
588905 0.076940 1
588914 0.000000 0
588922 0.000000 0
588929 0.067660 1
588935 0.000000 0
588942 0.000000 0
588950 0.048310 1
588959 0.000000 0
588966 0.000000 0
588974 0.034930 1
588980 0.000000 0
588988 0.000000 0
588995 0.034710 1
589003 0.000000 0
589010 0.000000 0
589018 0.038070 1
589024 0.000000 0
589032 0.000000 0
589039 0.041150 1
589048 0.000000 0
589056 0.000000 0
589063 0.046050 1
589069 0.000000 0
589076 0.000000 0
589084 0.037870 1
589093 0.000000 0
589100 0.000000 0
589108 0.090420 1
589114 0.000000 0
589122 0.000000 0
589129 0.064420 1
589138 0.000000 0
589146 0.000000 0
589153 0.050920 1
589159 0.000000 0
589166 0.000000 0
589174 0.044360 1
589183 0.000000 0
589190 0.000000 0
589198 0.043490 1
589205 0.000000 0
589212 0.000000 0
589220 0.103930 1
589228 0.000000 0
589236 0.000000 0
589243 0.073080 1
589250 0.000000 0
589258 0.000000 0
589265 0.039830 1
589274 0.000000 0
589282 0.000000 0
589289 0.053120 1
589295 0.000000 0
589302 0.000000 0
589310 0.045720 1
589319 0.000000 0
589326 0.000000 0
589334 0.081470 1
589340 0.000000 0
589348 0.000000 0
589355 0.073900 1
589364 0.000000 0
589372 0.000000 0
589379 0.082220 1
589385 0.000000 0
589392 0.000000 0
589400 0.068100 1
589409 0.000000 0
589416 0.000000 0
589424 0.043490 1
589430 0.000000 0
589438 0.000000 0
589445 0.034930 1
589454 0.000000 0
589462 0.000000 0
589469 0.029220 1
589474 0.000000 0
589482 0.000000 0
589489 0.030750 1
589498 0.000000 0
589506 0.000000 0
589513 0.041150 1
589519 0.000000 0
589526 0.000000 0
589534 0.051070 1
589543 0.000000 0
589550 0.000000 0
589558 0.129490 1
589564 0.000000 0
589572 0.000000 0
589579 0.118550 1
589588 0.000000 0
589596 0.000000 0
589603 0.065350 1
589609 0.000000 0
589616 0.000000 0
589624 0.045040 1
589633 0.000000 0
589640 0.000000 0
589648 0.048630 1
589654 0.000000 0
589662 0.000000 0
589669 0.043490 1
589679 0.000000 0
589686 0.000000 0
589694 0.052840 1
589700 0.000000 0
589708 0.000000 0
589715 0.039640 1
589723 0.000000 0
589730 0.000000 0
589738 0.051070 1
589745 0.000000 0
589752 0.000000 0
589760 0.057270 1
589769 0.000000 0
589776 0.000000 0
589784 0.050920 1
589790 0.000000 0
589798 0.000000 0
589805 0.159150 1
589814 0.000000 0
589822 0.000000 0
589829 0.095600 1
589835 0.000000 0
589842 0.000000 0
589850 0.068990 1
589859 0.000000 0
589866 0.000000 0
589874 0.062240 1
589880 0.000000 0
589888 0.000000 0
589895 0.034040 1
589904 0.000000 0
589912 0.000000 0
589919 0.108810 1
589925 0.000000 0
589932 0.000000 0
589940 0.061750 1
589948 0.000000 0
589956 0.000000 0
589963 0.005520 0
589969 0.000000 0
589976 0.000000 0
589984 0.022770 0
589993 0.000000 0
590000 0.000000 0
590008 0.037460 0
590014 0.000000 0
590022 0.000000 0
590029 0.102310 0
590038 0.000000 0
590046 0.000000 0
590053 0.086110 0
590059 0.000000 0
590066 0.000000 0
590074 0.044710 0
590083 0.000000 0
590090 0.000000 0
590098 0.041700 0
590104 0.000000 0
590112 0.000000 0
590119 0.053120 0
590128 0.000000 0
590136 0.000000 0
590143 0.116460 0
590149 0.000000 0
590156 0.000000 0
590164 0.102370 0
590173 0.000000 0
590180 0.000000 0
590188 0.040020 0
590194 0.000000 0
590202 0.000000 0
590209 0.067080 0
590219 0.000000 0
590226 0.000000 0
590234 0.064300 0
590241 0.000000 0
590248 0.000000 0
590256 0.047030 0
590264 0.000000 0
590272 0.000000 0
590279 0.093000 0
590286 0.000000 0
590294 0.000000 0
590301 0.077240 0
590309 0.000000 0
590316 0.000000 0
590324 0.074010 0
590330 0.000000 0
590338 0.000000 0
590345 0.059880 0
590354 0.000000 0
590362 0.000000 0
590369 0.035580 0
590375 0.000000 0
590382 0.000000 0
590390 0.017900 0
590399 0.000000 0
590406 0.000000 0
590414 0.030240 0
590420 0.000000 0
590428 0.000000 0
590435 0.102530 0
590444 0.000000 0
590452 0.000000 0
590459 0.055510 0
590465 0.000000 0
590472 0.000000 0
590480 0.043320 0
590488 0.000000 0
590496 0.000000 0
590503 0.056870 0
590509 0.000000 0
590516 0.000000 0
590524 0.061010 0
590533 0.000000 0
590540 0.000000 0
590548 0.067660 0
590554 0.000000 0
590562 0.000000 0
590569 0.069660 0
590578 0.000000 0
590586 0.000000 0
590593 0.111380 0
590599 0.000000 0
590606 0.000000 0
590614 0.061260 0
590623 0.000000 0
590630 0.000000 0
590638 0.031480 0
590644 0.000000 0
590652 0.000000 0
590659 0.048460 0
590669 0.000000 0
590676 0.000000 0
590684 0.043840 0
590691 0.000000 0
590698 0.000000 0
590706 0.047350 0
590714 0.000000 0
590722 0.000000 0
590729 0.108110 0
590735 0.000000 0
590742 0.000000 0
590750 0.124560 0
590759 0.000000 0
590766 0.000000 0
590774 0.075140 0
590780 0.000000 0
590788 0.000000 0
590795 0.062970 0
590803 0.000000 0
590810 0.000000 0
590818 0.054120 0
590825 0.000000 0
590832 0.000000 0
590840 0.053700 0
590849 0.000000 0
590856 0.000000 0
590864 0.038670 0
590870 0.000000 0
590878 0.000000 0
590885 0.021030 0
590894 0.000000 0
590902 0.000000 0
590909 0.032670 0
590915 0.000000 0
590922 0.000000 0
590930 0.042600 0
590938 0.000000 0
590946 0.000000 0
590953 0.047990 0
590959 0.000000 0
590966 0.000000 0
590974 0.119810 0
590983 0.000000 0
590990 0.000000 0
590998 0.101930 0
591004 0.000000 0
591012 0.000000 0
591019 0.045380 0
591028 0.000000 0
591036 0.000000 0
591043 0.056060 0
591049 0.000000 0
591056 0.000000 0
591064 0.068880 0
591073 0.000000 0
591080 0.000000 0
591088 0.040410 0
591094 0.000000 0
591102 0.000000 0
591109 0.034490 0
591118 0.000000 0
591126 0.000000 0
591133 0.048630 0
591140 0.000000 0
591148 0.000000 0
591155 0.077620 0
591164 0.000000 0
591172 0.000000 0
591179 0.072020 0
591186 0.000000 0
591194 0.000000 0
591201 0.081090 0
591208 0.000000 0
591216 0.000000 0
591223 0.077820 0
591231 0.000000 0
591238 0.000000 0
591246 0.089590 0
591254 0.000000 0
591262 0.000000 0
591269 0.075030 0
591275 0.000000 0
591282 0.000000 0
591290 0.045550 0
591299 0.000000 0
591306 0.000000 0
591314 0.027340 0
591320 0.000000 0
591328 0.000000 0
591335 0.024700 0
591344 0.000000 0
591352 0.000000 0
591359 0.023440 0
591365 0.000000 0
591372 0.000000 0
591380 0.036420 0
591389 0.000000 0
591396 0.000000 0
591404 0.046370 0
591410 0.000000 0
591418 0.000000 0
591425 0.052110 0
591434 0.000000 0
591442 0.000000 0
591449 0.125290 0
591455 0.000000 0
591462 0.000000 0
591470 0.097180 0
591478 0.000000 0
591486 0.000000 0
591493 0.052260 0
591499 0.000000 0
591506 0.000000 0
591514 0.049710 0
591523 0.000000 0
591530 0.000000 0
591538 0.048310 0
591544 0.000000 0
591552 0.000000 0
591559 0.049560 0
591568 0.000000 0
591576 0.000000 0
591583 0.048460 0
591589 0.000000 0
591596 0.000000 0
591604 0.045550 0
591613 0.000000 0
591620 0.000000 0
591628 0.065830 0
591634 0.000000 0
591642 0.000000 0
591649 0.057270 0
591658 0.000000 0
591666 0.000000 0
591673 0.151340 0
591679 0.000000 0
591686 0.000000 0
591694 0.128910 0
591704 0.000000 0
591712 0.000000 0
591719 0.079960 0
591726 0.000000 0
591734 0.000000 0
591741 0.074420 0
591748 0.000000 0
591756 0.000000 0
591763 0.040210 0
591770 0.000000 0
591778 0.000000 0
591785 0.106480 0
591794 0.000000 0
591802 0.000000 0
591809 0.094560 0
591815 0.000000 0
591822 0.000000 0
591830 0.024080 0
591839 0.000000 0
591846 0.000000 0
591854 0.030240 0
591860 0.000000 0
591868 0.000000 0
591875 0.047520 0
591884 0.000000 0
591892 0.000000 0
591899 0.052260 0
591905 0.000000 0
591912 0.000000 0
591920 0.096310 0
591928 0.000000 0
591936 0.000000 0
591943 0.054120 0
591949 0.000000 0
591956 0.000000 0
591964 0.079090 0
591973 0.000000 0
591980 0.000000 0
591988 0.084950 0
591995 0.000000 0
592002 0.000000 0
592010 0.045880 0
592018 0.000000 0
592026 0.000000 0
592033 0.111020 0
592039 0.000000 0
592046 0.000000 0
592054 0.053120 0
592063 0.000000 0
592070 0.000000 0
592078 0.037660 0
592084 0.000000 0
592092 0.000000 0
592099 0.061630 0
592108 0.000000 0
592116 0.000000 0
592123 0.056730 0
592129 0.000000 0
592136 0.000000 0
592144 0.089420 0
592153 0.000000 0
592160 0.000000 0
592168 0.076450 0
592174 0.000000 0
592182 0.000000 0
592189 0.059880 0
592198 0.000000 0
592206 0.000000 0
592213 0.053830 0
592219 0.000000 0
592226 0.000000 0
592234 0.041150 0
592244 0.000000 0
592252 0.000000 0
592259 0.027620 0
592266 0.000000 0
592274 0.000000 0
592281 0.026780 0
592289 0.000000 0
592296 0.000000 0
592304 0.120130 0
592311 0.000000 0
592318 0.000000 0
592326 0.095120 0
592334 0.000000 0
592342 0.000000 0
592349 0.050320 0
592355 0.000000 0
592362 0.000000 0
592370 0.049260 0
592379 0.000000 0
592386 0.000000 0
592394 0.046220 0
592400 0.000000 0
592408 0.000000 0
592415 0.044530 0
592424 0.000000 0
592432 0.000000 0
592439 0.093340 0
592445 0.000000 0
592452 0.000000 0
592460 0.099050 0
592468 0.000000 0
592476 0.000000 0
592483 0.071380 0
592490 0.000000 0
592498 0.000000 0
592505 0.035580 0
592513 0.000000 0
592520 0.000000 0
592528 0.045210 0
592534 0.000000 0
592542 0.000000 0
592549 0.057540 0
592558 0.000000 0
592566 0.000000 0
592573 0.060140 0
592579 0.000000 0
592586 0.000000 0
592594 0.045550 0
592603 0.000000 0
592610 0.000000 0
592618 0.094390 0
592624 0.000000 0
592632 0.000000 0
592639 0.069430 0
592648 0.000000 0
592656 0.000000 0
592663 0.070530 0
592669 0.000000 0
592676 0.000000 0
592684 0.067770 0
592693 0.000000 0
592700 0.000000 0
592708 0.058320 0
592716 0.000000 0
592724 0.000000 0
592731 0.035370 0
592739 0.000000 0
592746 0.000000 0
592754 0.025010 0
592761 0.000000 0
592768 0.000000 0
592776 0.046880 0
592784 0.000000 0
592792 0.000000 0
592799 0.040770 0
592805 0.000000 0
592812 0.000000 0
592820 0.052840 0
592829 0.000000 0
592836 0.000000 0
592844 0.108950 1
592850 0.000000 0
592858 0.000000 0
592865 0.096150 1
592874 0.000000 0
592882 0.000000 0
592889 0.041150 1
592895 0.000000 0
592902 0.000000 0
592910 0.050320 1
592919 0.000000 0
592926 0.000000 0
592934 0.036220 1
592940 0.000000 0
592948 0.000000 0
592955 0.082400 1
592964 0.000000 0
592972 0.000000 0
592979 0.076650 1
592985 0.000000 0
592992 0.000000 0
593000 0.036420 1
593008 0.000000 0
593016 0.000000 0
593023 0.041520 1
593029 0.000000 0
593036 0.000000 0
593044 0.057660 1
593053 0.000000 0
593060 0.000000 0
593068 0.055510 1
593074 0.000000 0
593082 0.000000 0
593089 0.076540 1
593098 0.000000 0
593106 0.000000 0
593113 0.111850 1
593119 0.000000 0
593126 0.000000 0
593134 0.106400 1
593143 0.000000 0
593150 0.000000 0
593158 0.078220 1
593164 0.000000 0
593172 0.000000 0
593179 0.064650 1
593188 0.000000 0
593196 0.000000 0
593203 0.066060 1
593210 0.000000 0
593218 0.000000 0
593225 0.073270 1
593234 0.000000 0
593242 0.000000 0
593249 0.071060 1
593256 0.000000 0
593264 0.000000 0
593271 0.064060 1
593279 0.000000 0
593286 0.000000 0
593294 0.054960 1
593301 0.000000 0
593308 0.000000 0
593316 0.037460 1
593324 0.000000 0
593332 0.000000 0
593339 0.038670 1
593345 0.000000 0
593352 0.000000 0
593360 0.042070 1
593369 0.000000 0
593376 0.000000 0
593384 0.048460 1
593390 0.000000 0
593398 0.000000 0
593405 0.054400 1
593414 0.000000 0
593422 0.000000 0
593429 0.043490 1
593435 0.000000 0
593442 0.000000 0
593450 0.064880 1
593459 0.000000 0
593466 0.000000 0
593474 0.061880 1
593480 0.000000 0
593488 0.000000 0
593495 0.064180 1
593504 0.000000 0
593512 0.000000 0
593519 0.077620 1
593524 0.000000 0
593532 0.000000 0
593539 0.086200 1
593549 0.000000 0
593556 0.000000 0
593564 0.079470 1
593570 0.000000 0
593578 0.000000 0
593585 0.062610 1
593594 0.000000 0
593602 0.000000 0
593609 0.052260 1
593614 0.000000 0
593622 0.000000 0
593629 0.057540 1
593638 0.000000 0
593646 0.000000 0
593653 0.042600 1
593659 0.000000 0
593666 0.000000 0
593674 0.044880 1
593683 0.000000 0
593690 0.000000 0
593698 0.050170 1
593704 0.000000 0
593712 0.000000 0
593719 0.034710 1
593728 0.000000 0
593736 0.000000 0
593743 0.039640 1
593749 0.000000 0
593756 0.000000 0
593764 0.031720 1
593773 0.000000 0
593780 0.000000 0
593788 0.075750 1
593794 0.000000 0
593802 0.000000 0
593809 0.083770 1
593818 0.000000 0
593826 0.000000 0
593833 0.076230 1
593839 0.000000 0
593846 0.000000 0
593854 0.085310 1
593864 0.000000 0
593872 0.000000 0
593879 0.079960 1
593886 0.000000 0
593894 0.000000 0
593901 0.058850 1
593909 0.000000 0
593916 0.000000 0
593924 0.049260 1
593931 0.000000 0
593938 0.000000 0
593946 0.052550 1
593953 0.000000 0
593960 0.000000 0
593968 0.040020 1
593975 0.000000 0
593982 0.000000 0
593990 0.058060 1
593999 0.000000 0
594006 0.000000 0
594014 0.063940 1
594020 0.000000 0
594028 0.000000 0
594035 0.075640 1
594044 0.000000 0
594052 0.000000 0
594059 0.066160 1
594065 0.000000 0
594072 0.000000 0
594080 0.069540 1
594089 0.000000 0
594096 0.000000 0
594104 0.054400 1
594110 0.000000 0
594118 0.000000 0
594125 0.054690 1
594134 0.000000 0
594142 0.000000 0
594149 0.054540 1
594155 0.000000 0
594162 0.000000 0
594170 0.030500 1
594179 0.000000 0
594186 0.000000 0
594194 0.045880 1
594199 0.000000 0
594206 0.000000 0
594214 0.066510 1
594223 0.000000 0
594230 0.000000 0
594238 0.047350 1
594243 0.000000 0
594250 0.000000 0
594258 0.049410 1
594268 0.000000 0
594276 0.000000 0
594283 0.047990 1
594289 0.000000 0
594296 0.000000 0
594304 0.047840 1
594313 0.000000 0
594320 0.000000 0
594328 0.036220 1
594334 0.000000 0
594342 0.000000 0
594349 0.036640 1
594358 0.000000 0
594366 0.000000 0
594373 0.034490 1
594379 0.000000 0
594386 0.000000 0
594394 0.031720 1
594403 0.000000 0
594410 0.000000 0
594418 0.039250 1
594425 0.000000 0
594432 0.000000 0
594440 0.044360 1
594448 0.000000 0
594456 0.000000 0
594463 0.054690 1
594469 0.000000 0
594476 0.000000 0
594484 0.058720 1
594493 0.000000 0
594500 0.000000 0
594508 0.100340 1
594515 0.000000 0
594522 0.000000 0
594530 0.100880 1
594538 0.000000 0
594546 0.000000 0
594553 0.079290 1
594560 0.000000 0
594568 0.000000 0
594575 0.089070 1
594584 0.000000 0
594592 0.000000 0
594599 0.071810 1
594605 0.000000 0
594612 0.000000 0
594620 0.055920 1
594628 0.000000 0
594636 0.000000 0
594643 0.062850 1
594649 0.000000 0
594656 0.000000 0
594664 0.038270 1
594674 0.000000 0
594682 0.000000 0
594689 0.032910 1
594695 0.000000 0
594702 0.000000 0
594710 0.052260 1
594719 0.000000 0
594726 0.000000 0
594734 0.048630 1
594740 0.000000 0
594748 0.000000 0
594755 0.034270 1
594763 0.000000 0
594770 0.000000 0
594778 0.028430 1
594784 0.000000 0
594792 0.000000 0
594799 0.016100 1
594808 0.000000 0
594816 0.000000 0
594823 0.031970 1
594829 0.000000 0
594836 0.000000 0
594844 0.034930 1
594853 0.000000 0
594860 0.000000 0
594868 0.029740 1
594874 0.000000 0
594882 0.000000 0
594889 0.041890 1
594898 0.000000 0
594906 0.000000 0
594913 0.039060 1
594919 0.000000 0
594926 0.000000 0
594934 0.035800 1
594943 0.000000 0
594950 0.000000 0
594958 0.089750 1
594964 0.000000 0
594972 0.000000 0
594979 0.099350 1
594988 0.000000 0
594996 0.000000 0
595003 0.133670 1
595009 0.000000 0
595016 0.000000 0
595024 0.130720 1
595033 0.000000 0
595040 0.000000 0
595048 0.080430 1
595054 0.000000 0
595062 0.000000 0
595069 0.054830 1
595079 0.000000 0
595086 0.000000 0
595094 0.047200 1
595100 0.000000 0
595108 0.000000 0
595115 0.043490 1
595124 0.000000 0
595132 0.000000 0
595139 0.043490 1
595145 0.000000 0
595152 0.000000 0
595160 0.056460 1
595169 0.000000 0
595176 0.000000 0
595184 0.108170 1
595190 0.000000 0
595198 0.000000 0
595205 0.105180 1
595214 0.000000 0
595222 0.000000 0
595229 0.055650 1
595235 0.000000 0
595242 0.000000 0
595250 0.044190 1
595259 0.000000 0
595266 0.000000 0
595274 0.044010 1
595280 0.000000 0
595288 0.000000 0
595295 0.043670 1
595303 0.000000 0
595310 0.000000 0
595318 0.058200 1
595324 0.000000 0
595332 0.000000 0
595339 0.051380 1
595348 0.000000 0
595356 0.000000 0
595363 0.048940 1
595369 0.000000 0
595376 0.000000 0
595384 0.051380 1
595393 0.000000 0
595400 0.000000 0
595408 0.065130 1
595414 0.000000 0
595422 0.000000 0
595429 0.127230 1
595438 0.000000 0
595446 0.000000 0
595453 0.086020 1
595459 0.000000 0
595466 0.000000 0
595474 0.062360 1
595483 0.000000 0
595490 0.000000 0
595498 0.067770 1
595504 0.000000 0
595512 0.000000 0
595519 0.043320 1
595528 0.000000 0
595536 0.000000 0
595543 0.095670 1
595549 0.000000 0
595556 0.000000 0
595564 0.068540 1
595573 0.000000 0
595580 0.000000 0
595588 0.025010 1
595595 0.000000 0
595602 0.000000 0
595610 0.030240 1
595619 0.000000 0
595626 0.000000 0
595634 0.047350 1
595641 0.000000 0
595648 0.000000 0
595656 0.080810 1
595664 0.000000 0
595672 0.000000 0
595679 0.067200 1
595685 0.000000 0
595692 0.000000 0
595700 0.043140 1
595709 0.000000 0
595716 0.000000 0
595724 0.037260 1
595729 0.000000 0
595736 0.000000 0
595744 0.047670 1
595754 0.000000 0
595762 0.000000 0
595769 0.110610 1
595775 0.000000 0
595782 0.000000 0
595790 0.107900 1
595799 0.000000 0
595806 0.000000 0
595814 0.047990 1
595820 0.000000 0
595828 0.000000 0
595835 0.055100 1
595844 0.000000 0
595852 0.000000 0
595859 0.056460 1
595864 0.000000 0
595872 0.000000 0
595879 0.049560 1
595889 0.000000 0
595896 0.000000 0
595904 0.089920 1
595910 0.000000 0
595918 0.000000 0
595925 0.072860 1
595933 0.000000 0
595940 0.000000 0
595948 0.071920 1
595954 0.000000 0
595962 0.000000 0
595969 0.065480 1
595978 0.000000 0
595986 0.000000 0
595993 0.037870 1
595999 0.000000 0
596006 0.000000 0
596014 0.025600 1
596023 0.000000 0
596030 0.000000 0
596038 0.035580 1
596044 0.000000 0
596052 0.000000 0
596059 0.084500 1
596068 0.000000 0
596076 0.000000 0
596083 0.053560 1
596089 0.000000 0
596096 0.000000 0
596104 0.037660 1
596113 0.000000 0
596120 0.000000 0
596128 0.045380 1
596135 0.000000 0
596142 0.000000 0
596150 0.044360 1
596158 0.000000 0
596166 0.000000 0
596173 0.054830 1
596180 0.000000 0
596188 0.000000 0
596195 0.045880 1
596203 0.000000 0
596210 0.000000 0
596218 0.096860 1
596225 0.000000 0
596232 0.000000 0
596240 0.061750 1
596249 0.000000 0
596256 0.000000 0
596264 0.054400 1
596270 0.000000 0
596278 0.000000 0
596285 0.051070 1
596294 0.000000 0
596302 0.000000 0
596309 0.059100 1
596315 0.000000 0
596322 0.000000 0
596330 0.047990 1
596339 0.000000 0
596346 0.000000 0
596354 0.108950 1
596360 0.000000 0
596368 0.000000 0
596375 0.116200 1
596384 0.000000 0
596392 0.000000 0
596399 0.081740 1
596405 0.000000 0
596412 0.000000 0
596420 0.074310 1
596428 0.000000 0
596436 0.000000 0
596443 0.062000 1
596449 0.000000 0
596456 0.000000 0
596464 0.039060 1
596473 0.000000 0
596480 0.000000 0
596488 0.027620 1
596494 0.000000 0
596502 0.000000 0
596509 0.027340 1
596518 0.000000 0
596526 0.000000 0
596533 0.038070 1
596539 0.000000 0
596546 0.000000 0
596554 0.041340 1
596563 0.000000 0
596570 0.000000 0
596578 0.038670 1
596584 0.000000 0
596592 0.000000 0
596599 0.077730 1
596608 0.000000 0
596616 0.000000 0
596623 0.075330 1
596629 0.000000 0
596636 0.000000 0
596644 0.045550 1
596654 0.000000 0
596662 0.000000 0
596669 0.054400 1
596676 0.000000 0
596684 0.000000 0
596691 0.059100 1
596699 0.000000 0
596706 0.000000 0
596714 0.113210 1
596721 0.000000 0
596728 0.000000 0
596736 0.086810 1
596744 0.000000 0
596752 0.000000 0
596759 0.038470 1
596765 0.000000 0
596772 0.000000 0
596780 0.051070 1
596789 0.000000 0
596796 0.000000 0
596804 0.053410 1
596810 0.000000 0
596818 0.000000 0
596825 0.068440 1
596834 0.000000 0
596842 0.000000 0
596849 0.068330 1
596855 0.000000 0
596862 0.000000 0
596870 0.090930 1
596879 0.000000 0
596886 0.000000 0
596894 0.087080 1
596900 0.000000 0
596908 0.000000 0
596915 0.047030 1
596924 0.000000 0
596932 0.000000 0
596939 0.030990 1
596945 0.000000 0
596952 0.000000 0
596960 0.027890 1
596968 0.000000 0
596976 0.000000 0
596983 0.028960 1
596989 0.000000 0
596996 0.000000 0
597004 0.027890 1
597013 0.000000 0
597020 0.000000 0
597028 0.058720 1
597034 0.000000 0
597042 0.000000 0
597049 0.063830 1
597058 0.000000 0
597066 0.000000 0
597073 0.146360 1
597079 0.000000 0
597086 0.000000 0
597094 0.101030 1
597103 0.000000 0
597110 0.000000 0
597118 0.037260 1
597125 0.000000 0
597132 0.000000 0
597140 0.034710 1
597149 0.000000 0
597156 0.000000 0
597164 0.034710 1
597170 0.000000 0
597178 0.000000 0
597185 0.039250 1
597194 0.000000 0
597202 0.000000 0
597209 0.048940 1
597215 0.000000 0
597222 0.000000 0
597230 0.046540 1
597239 0.000000 0
597246 0.000000 0
597254 0.061510 1
597260 0.000000 0
597268 0.000000 0
597275 0.080990 1
597284 0.000000 0
597292 0.000000 0
597299 0.133500 1
597305 0.000000 0
597312 0.000000 0
597320 0.115210 1
597329 0.000000 0
597336 0.000000 0
597344 0.070530 1
597350 0.000000 0
597358 0.000000 0
597365 0.059750 1
597374 0.000000 0
597382 0.000000 0
597389 0.043490 1
597395 0.000000 0
597402 0.000000 0
597410 0.099120 1
597419 0.000000 0
597426 0.000000 0
597434 0.085660 1
597440 0.000000 0
597448 0.000000 0
597455 0.022430 1
597463 0.000000 0
597470 0.000000 0
597478 0.019530 1
597484 0.000000 0
597492 0.000000 0
597499 0.028960 1
597508 0.000000 0
597516 0.000000 0
597523 0.049090 1
597529 0.000000 0
597536 0.000000 0
597544 0.086460 1
597553 0.000000 0
597560 0.000000 0
597568 0.057800 1
597574 0.000000 0
597582 0.000000 0
597589 0.047520 1
597598 0.000000 0
597606 0.000000 0
597613 0.062730 1
597619 0.000000 0
597626 0.000000 0
597634 0.048310 1
597643 0.000000 0
597650 0.000000 0
597658 0.127290 1
597664 0.000000 0
597672 0.000000 0
597679 0.055370 1
597689 0.000000 0
597696 0.000000 0
597704 0.063340 1
597711 0.000000 0
597718 0.000000 0
597726 0.060140 1
597734 0.000000 0
597742 0.000000 0
597749 0.047990 1
597755 0.000000 0
597762 0.000000 0
597770 0.096940 1
597779 0.000000 0
597786 0.000000 0
597794 0.083500 1
597800 0.000000 0
597808 0.000000 0
597815 0.079670 1
597824 0.000000 0
597832 0.000000 0
597839 0.057540 1
597845 0.000000 0
597852 0.000000 0
597860 0.030500 1
597869 0.000000 0
597876 0.000000 0
597884 0.025310 1
597890 0.000000 0
597898 0.000000 0
597905 0.021740 1
597914 0.000000 0
597922 0.000000 0
597929 0.085040 1
597935 0.000000 0
597942 0.000000 0
597950 0.073180 1
597959 0.000000 0
597966 0.000000 0
597974 0.028700 1
597979 0.000000 0
597986 0.000000 0
597994 0.039250 1
598003 0.000000 0
598010 0.000000 0
598018 0.083220 1
598024 0.000000 0
598032 0.000000 0
598039 0.070310 1
598048 0.000000 0
598056 0.000000 0
598063 0.057800 1
598069 0.000000 0
598076 0.000000 0
598084 0.092010 1
598093 0.000000 0
598100 0.000000 0
598108 0.073180 1
598114 0.000000 0
598122 0.000000 0
598129 0.038670 1
598138 0.000000 0
598146 0.000000 0
598153 0.061260 1
598161 0.000000 0
598168 0.000000 0
598176 0.041700 1
598184 0.000000 0
598192 0.000000 0
598199 0.051070 1
598204 0.000000 0
598212 0.000000 0
598219 0.069760 1
598228 0.000000 0
598236 0.000000 0
598243 0.119570 1
598250 0.000000 0
598258 0.000000 0
598265 0.087600 1
598274 0.000000 0
598282 0.000000 0
598289 0.069320 1
598295 0.000000 0
598302 0.000000 0
598310 0.067430 1
598319 0.000000 0
598326 0.000000 0
598334 0.042250 1
598340 0.000000 0
598348 0.000000 0
598355 0.046540 1
598364 0.000000 0
598372 0.000000 0
598379 0.030990 1
598385 0.000000 0
598392 0.000000 0
598400 0.028170 1
598409 0.000000 0
598416 0.000000 0
598424 0.049710 1
598429 0.000000 0
598436 0.000000 0
598444 0.049410 1
598453 0.000000 0
598460 0.000000 0
598468 0.104080 1
598474 0.000000 0
598482 0.000000 0
598489 0.119250 1
598498 0.000000 0
598506 0.000000 0
598513 0.045380 1
598519 0.000000 0
598526 0.000000 0
598534 0.023440 1
598543 0.000000 0
598550 0.000000 0
598558 0.042070 1
598564 0.000000 0
598572 0.000000 0
598579 0.055790 1
598588 0.000000 0
598596 0.000000 0
598603 0.059880 1
598609 0.000000 0
598616 0.000000 0
598624 0.057540 1
598633 0.000000 0
598640 0.000000 0
598648 0.063710 1
598654 0.000000 0
598662 0.000000 0
598669 0.062500 1
598679 0.000000 0
598686 0.000000 0
598694 0.053970 1
598701 0.000000 0
598708 0.000000 0
598716 0.089490 1
598724 0.000000 0
598732 0.000000 0
598739 0.091360 1
598746 0.000000 0
598754 0.000000 0
598761 0.088640 1
598769 0.000000 0
598776 0.000000 0
598784 0.056730 1
598790 0.000000 0
598798 0.000000 0
598805 0.068210 1
598814 0.000000 0
598822 0.000000 0
598829 0.027050 1
598835 0.000000 0
598842 0.000000 0
598850 0.022770 1
598858 0.000000 0
598866 0.000000 0
598873 0.032670 1
598880 0.000000 0
598888 0.000000 0
598895 0.033370 1
598904 0.000000 0
598912 0.000000 0
598919 0.077040 1
598925 0.000000 0
598932 0.000000 0
598940 0.131360 1
598949 0.000000 0
598956 0.000000 0
598964 0.095350 1
598970 0.000000 0
598978 0.000000 0
598985 0.042790 1
598993 0.000000 0
599000 0.000000 0
599008 0.051070 1
599014 0.000000 0
599022 0.000000 0
599029 0.058200 1
599038 0.000000 0
599046 0.000000 0
599053 0.052260 1
599059 0.000000 0
599066 0.000000 0
599074 0.044010 1
599083 0.000000 0
599090 0.000000 0
599098 0.044710 1
599104 0.000000 0
599112 0.000000 0
599119 0.057010 1
599128 0.000000 0
599136 0.000000 0
599143 0.065930 1
599149 0.000000 0
599156 0.000000 0
599164 0.136660 1
599173 0.000000 0
599180 0.000000 0
599188 0.132340 1
599194 0.000000 0
599202 0.000000 0
599209 0.080610 1
599219 0.000000 0
599226 0.000000 0
599234 0.060760 1
599241 0.000000 0
599248 0.000000 0
599256 0.046540 1
599264 0.000000 0
599272 0.000000 0
599279 0.038270 1
599286 0.000000 0
599294 0.000000 0
599301 0.092680 1
599308 0.000000 0
599316 0.000000 0
599323 0.040410 1
599330 0.000000 0
599338 0.000000 0
599345 0.019530 1
599354 0.000000 0
599362 0.000000 0
599369 0.046710 1
599375 0.000000 0
599382 0.000000 0
599390 0.048780 1
599399 0.000000 0
599406 0.000000 0
599414 0.101780 1
599420 0.000000 0
599428 0.000000 0
599435 0.068440 1
599444 0.000000 0
599452 0.000000 0
599459 0.032210 1
599465 0.000000 0
599472 0.000000 0
599480 0.061750 1
599489 0.000000 0
599496 0.000000 0
599504 0.054120 1
599510 0.000000 0
599518 0.000000 0
599525 0.143570 1
599534 0.000000 0
599542 0.000000 0
599549 0.097180 1
599554 0.000000 0
599562 0.000000 0
599569 0.036220 1
599578 0.000000 0
599586 0.000000 0
599593 0.043490 1
599599 0.000000 0
599606 0.000000 0
599614 0.049410 1
599623 0.000000 0
599630 0.000000 0
599638 0.095920 1
599644 0.000000 0
599652 0.000000 0
599659 0.089070 1
599668 0.000000 0
599676 0.000000 0
599683 0.074010 1
599689 0.000000 0
599696 0.000000 0
599704 0.068210 1
599713 0.000000 0
599720 0.000000 0
599728 0.049090 1
599734 0.000000 0
599742 0.000000 0
599749 0.030240 1
599758 0.000000 0
599766 0.000000 0
599773 0.019910 1
599779 0.000000 0
599786 0.000000 0
599794 0.094070 1
599804 0.000000 0
599812 0.000000 0
599819 0.097570 1
599825 0.000000 0
599832 0.000000 0
599840 0.042250 1
599849 0.000000 0
599856 0.000000 0
599864 0.049090 1
599870 0.000000 0
599878 0.000000 0
599885 0.057540 1
599894 0.000000 0
599902 0.000000 0
599909 0.045380 1
599915 0.000000 0
599922 0.000000 0
599930 0.052840 1
599939 0.000000 0
599946 0.000000 0
599954 0.094470 1
599960 0.000000 0
599968 0.000000 0
599975 0.093580 1
599984 0.000000 0
599992 0.000000 0
599999 0.042790 1
600005 0.000000 0
600012 0.000000 0
600020 0.061750 1
600029 0.000000 0
600036 0.000000 0
600044 0.052840 1
600050 0.000000 0
600058 0.000000 0
600065 0.060640 1
600073 0.000000 0
600080 0.000000 0
600088 0.055100 1
600094 0.000000 0
600102 0.000000 0
600109 0.108460 1
600118 0.000000 0
600126 0.000000 0
600133 0.097890 1
600139 0.000000 0
600146 0.000000 0
600154 0.070310 1
600163 0.000000 0
600170 0.000000 0
600178 0.063710 1
600184 0.000000 0
600192 0.000000 0
600199 0.048630 1
600208 0.000000 0
600216 0.000000 0
600223 0.034490 1
600229 0.000000 0
600236 0.000000 0
600244 0.033830 1
600254 0.000000 0
600262 0.000000 0
600269 0.034710 1
600274 0.000000 0
600282 0.000000 0
600289 0.046050 1
600298 0.000000 0
600306 0.000000 0
600313 0.060500 1
600320 0.000000 0
600328 0.000000 0
600335 0.059100 1
600344 0.000000 0
600352 0.000000 0
600359 0.087340 1
600365 0.000000 0
600372 0.000000 0
600380 0.068440 1
600389 0.000000 0
600396 0.000000 0
600404 0.042070 1
600410 0.000000 0
600418 0.000000 0
600425 0.046710 1
600434 0.000000 0
600442 0.000000 0
600449 0.043490 1
600455 0.000000 0
600462 0.000000 0
600470 0.110200 1
600479 0.000000 0
600486 0.000000 0
600494 0.068540 1
600500 0.000000 0
600508 0.000000 0
600515 0.041340 1
600524 0.000000 0
600532 0.000000 0
600539 0.061140 1
600544 0.000000 0
600552 0.000000 0
600559 0.062500 1
600568 0.000000 0
600576 0.000000 0
600583 0.087340 1
600589 0.000000 0
600596 0.000000 0
600604 0.089160 1
600613 0.000000 0
600620 0.000000 0
600628 0.081560 1
600634 0.000000 0
600642 0.000000 0
600649 0.055510 1
600658 0.000000 0
600666 0.000000 0
600673 0.033140 1
600679 0.000000 0
600686 0.000000 0
600694 0.038470 1
600703 0.000000 0
600710 0.000000 0
600718 0.019130 1
600724 0.000000 0
600732 0.000000 0
600739 0.015630 1
600748 0.000000 0
600756 0.000000 0
600763 0.053560 1
600769 0.000000 0
600776 0.000000 0
600784 0.106750 1
600793 0.000000 0
600800 0.000000 0
600808 0.117050 1
600814 0.000000 0
600822 0.000000 0
600829 0.104590 1
600839 0.000000 0
600846 0.000000 0
600854 0.048310 1
600859 0.000000 0
600866 0.000000 0
600874 0.039830 1
600884 0.000000 0
600892 0.000000 0
600899 0.046220 1
600905 0.000000 0
600912 0.000000 0
600920 0.039640 1
600929 0.000000 0
600936 0.000000 0
600944 0.042420 1
600950 0.000000 0
600958 0.000000 0
600965 0.040770 1
600974 0.000000 0
600982 0.000000 0
600989 0.037660 1
600995 0.000000 0
601002 0.000000 0
601010 0.043840 1
601018 0.000000 0
601026 0.000000 0
601033 0.079960 1
601039 0.000000 0
601046 0.000000 0
601054 0.145890 1
601063 0.000000 0
601070 0.000000 0
601078 0.088030 1
601084 0.000000 0
601092 0.000000 0
601099 0.063830 1
601108 0.000000 0
601116 0.000000 0
601123 0.059750 1
601129 0.000000 0
601136 0.000000 0
601144 0.042600 1
601153 0.000000 0
601160 0.000000 0
601168 0.085480 1
601174 0.000000 0
601182 0.000000 0
601189 0.059880 1
601198 0.000000 0
601206 0.000000 0
601213 0.011050 1
601220 0.000000 0
601228 0.000000 0
601235 0.033600 1
601244 0.000000 0
601252 0.000000 0
601259 0.032910 1
601266 0.000000 0
601274 0.000000 0
601281 0.096540 1
601289 0.000000 0
601296 0.000000 0
601304 0.080430 1
601311 0.000000 0
601318 0.000000 0
601326 0.039640 1
601334 0.000000 0
601342 0.000000 0
601349 0.050020 1
601355 0.000000 0
601362 0.000000 0
601370 0.057400 1
601378 0.000000 0
601386 0.000000 0
601393 0.141220 1
601400 0.000000 0
601408 0.000000 0
601415 0.123160 1
601423 0.000000 0
601430 0.000000 0
601438 0.040590 1
601445 0.000000 0
601452 0.000000 0
601460 0.036010 1
601469 0.000000 0
601476 0.000000 0
601484 0.040770 1
601490 0.000000 0
601498 0.000000 0
601505 0.045550 1
601514 0.000000 0
601522 0.000000 0
601529 0.099660 1
601534 0.000000 0
601542 0.000000 0
601549 0.078130 1
601558 0.000000 0
601566 0.000000 0
601573 0.077730 1
601579 0.000000 0
601586 0.000000 0
601594 0.056730 1
601603 0.000000 0
601610 0.000000 0
601618 0.039640 1
601624 0.000000 0
601632 0.000000 0
601639 0.024080 1
601648 0.000000 0
601656 0.000000 0
601663 0.038470 1
601669 0.000000 0
601676 0.000000 0
601684 0.088470 1
601693 0.000000 0
601700 0.000000 0
601708 0.054830 1
601714 0.000000 0
601722 0.000000 0
601729 0.042070 1
601738 0.000000 0
601746 0.000000 0
601753 0.057540 1
601760 0.000000 0
601768 0.000000 0
601775 0.058980 1
601784 0.000000 0
601792 0.000000 0
601799 0.054830 1
601806 0.000000 0
601814 0.000000 0
601821 0.050320 1
601829 0.000000 0
601836 0.000000 0
601844 0.093980 1
601850 0.000000 0
601858 0.000000 0
601865 0.076840 1
601874 0.000000 0
601882 0.000000 0
601889 0.048940 1
601895 0.000000 0
601902 0.000000 0
601910 0.046880 1
601918 0.000000 0
601926 0.000000 0
601933 0.048160 1
601940 0.000000 0
601948 0.000000 0
601955 0.043670 1
601964 0.000000 0
601972 0.000000 0
601979 0.111920 1
601985 0.000000 0
601992 0.000000 0
602000 0.109440 1
602009 0.000000 0
602016 0.000000 0
602024 0.070420 1
602030 0.000000 0
602038 0.000000 0
602045 0.073270 1
602053 0.000000 0
602060 0.000000 0
602068 0.063710 1
602074 0.000000 0
602082 0.000000 0
602089 0.047990 1
602098 0.000000 0
602106 0.000000 0
602113 0.032910 1
602119 0.000000 0
602126 0.000000 0
602134 0.040410 1
602143 0.000000 0
602150 0.000000 0
602158 0.033140 1
602164 0.000000 0
602172 0.000000 0
602179 0.055100 1
602188 0.000000 0
602196 0.000000 0
602203 0.048940 1
602209 0.000000 0
602216 0.000000 0
602224 0.043490 1
602233 0.000000 0
602240 0.000000 0
602248 0.077440 1
602256 0.000000 0
602264 0.000000 0
602271 0.058720 1
602279 0.000000 0
602286 0.000000 0
602294 0.059240 1
602301 0.000000 0
602308 0.000000 0
602316 0.067770 1
602323 0.000000 0
602330 0.000000 0
602338 0.090260 1
602346 0.000000 0
602354 0.000000 0
602361 0.080610 1
602369 0.000000 0
602376 0.000000 0
602384 0.052690 1
602390 0.000000 0
602398 0.000000 0
602405 0.072130 1
602414 0.000000 0
602422 0.000000 0
602429 0.077040 1
602435 0.000000 0
602442 0.000000 0
602450 0.081930 1
602458 0.000000 0
602466 0.000000 0
602473 0.085480 1
602480 0.000000 0
602488 0.000000 0
602495 0.077930 1
602504 0.000000 0
602512 0.000000 0
602519 0.068990 1
602525 0.000000 0
602532 0.000000 0
602540 0.038470 1
602549 0.000000 0
602556 0.000000 0
602564 0.031720 1
602570 0.000000 0
602578 0.000000 0
602585 0.015120 1
602593 0.000000 0
602600 0.000000 0
602608 0.028700 1
602614 0.000000 0
602622 0.000000 0
602629 0.032210 1
602638 0.000000 0
602646 0.000000 0
602653 0.038470 1
602659 0.000000 0
602666 0.000000 0
602674 0.048630 1
602683 0.000000 0
602690 0.000000 0
602698 0.126020 1
602704 0.000000 0
602712 0.000000 0
602719 0.092930 1
602728 0.000000 0
602736 0.000000 0
602743 0.054690 1
602749 0.000000 0
602756 0.000000 0
602764 0.045720 1
602773 0.000000 0
602780 0.000000 0
602788 0.042250 1
602795 0.000000 0
602802 0.000000 0
602810 0.060640 1
602819 0.000000 0
602826 0.000000 0
602834 0.058980 1
602839 0.000000 0
602846 0.000000 0
602854 0.052260 1
602863 0.000000 0
602870 0.000000 0
602878 0.057400 1
602885 0.000000 0
602892 0.000000 0
602900 0.080900 1
602909 0.000000 0
602916 0.000000 0
602924 0.157850 1
602930 0.000000 0
602938 0.000000 0
602945 0.147250 1
602954 0.000000 0
602962 0.000000 0
602969 0.071170 1
602975 0.000000 0
602982 0.000000 0
602990 0.060000 1
602999 0.000000 0
603006 0.000000 0
603014 0.040960 1
603020 0.000000 0
603028 0.000000 0
603035 0.076340 1
603044 0.000000 0
603052 0.000000 0
603059 0.069320 1
603065 0.000000 0
603072 0.000000 0
603080 0.020660 1
603088 0.000000 0
603096 0.000000 0
603103 0.028700 1
603109 0.000000 0
603116 0.000000 0
603124 0.030500 1
603133 0.000000 0
603140 0.000000 0
603148 0.049090 1
603154 0.000000 0
603162 0.000000 0
603169 0.086810 1
603178 0.000000 0
603186 0.000000 0
603193 0.044190 1
603199 0.000000 0
603206 0.000000 0
603214 0.041520 1
603223 0.000000 0
603230 0.000000 0
603238 0.065130 1
603244 0.000000 0
603252 0.000000 0
603259 0.053970 1
603268 0.000000 0
603276 0.000000 0
603283 0.130310 1
603289 0.000000 0
603296 0.000000 0
603304 0.065710 1
603313 0.000000 0
603320 0.000000 0
603328 0.039060 1
603334 0.000000 0
603342 0.000000 0
603349 0.043320 1
603359 0.000000 0
603366 0.000000 0
603374 0.043320 1
603381 0.000000 0
603388 0.000000 0
603396 0.101110 1
603404 0.000000 0
603412 0.000000 0
603419 0.089850 1
603426 0.000000 0
603434 0.000000 0
603441 0.081930 1
603448 0.000000 0
603456 0.000000 0
603463 0.101180 1
603470 0.000000 0
603478 0.000000 0
603485 0.064420 1
603494 0.000000 0
603502 0.000000 0
603509 0.039440 1
603515 0.000000 0
603522 0.000000 0
603530 0.017900 1
603539 0.000000 0
603546 0.000000 0
603554 0.082400 1
603560 0.000000 0
603568 0.000000 0
603575 0.071600 1
603584 0.000000 0
603592 0.000000 0
603599 0.028170 1
603605 0.000000 0
603612 0.000000 0
603620 0.053970 1
603629 0.000000 0
603636 0.000000 0
603644 0.052110 1
603650 0.000000 0
603658 0.000000 0
603665 0.051070 1
603674 0.000000 0
603682 0.000000 0
603689 0.064880 1
603694 0.000000 0
603702 0.000000 0
603709 0.086990 1
603718 0.000000 0
603726 0.000000 0
603733 0.072650 1
603739 0.000000 0
603746 0.000000 0
603754 0.052690 1
603763 0.000000 0
603770 0.000000 0
603778 0.069870 1
603784 0.000000 0
603792 0.000000 0
603799 0.050170 1
603808 0.000000 0
603816 0.000000 0
603823 0.048630 1
603829 0.000000 0
603836 0.000000 0
603844 0.093490 1
603853 0.000000 0
603860 0.000000 0
603868 0.116850 1
603874 0.000000 0
603882 0.000000 0
603889 0.074310 1
603898 0.000000 0
603906 0.000000 0
603913 0.056200 1
603919 0.000000 0
603926 0.000000 0
603934 0.054960 1
603944 0.000000 0
603952 0.000000 0
603959 0.036850 1
603966 0.000000 0
603974 0.000000 0
603981 0.030500 1
603988 0.000000 0
603996 0.000000 0
604003 0.033370 1
604010 0.000000 0
604018 0.000000 0
604025 0.034710 1
604034 0.000000 0
604042 0.000000 0
604049 0.035800 1
604055 0.000000 0
604062 0.000000 0
604070 0.064420 1
604079 0.000000 0
604086 0.000000 0
604094 0.097410 1
604100 0.000000 0
604108 0.000000 0
604115 0.093660 1
604124 0.000000 0
604132 0.000000 0
604139 0.054960 1
604145 0.000000 0
604152 0.000000 0
604160 0.055370 1
604169 0.000000 0
604176 0.000000 0
604184 0.035160 1
604190 0.000000 0
604198 0.000000 0
604205 0.077730 1
604213 0.000000 0
604220 0.000000 0
604228 0.084950 1
604234 0.000000 0
604242 0.000000 0
604249 0.057800 1
604258 0.000000 0
604266 0.000000 0
604273 0.035800 1
604279 0.000000 0
604286 0.000000 0
604294 0.059620 1
604303 0.000000 0
604310 0.000000 0
604318 0.064770 1
604324 0.000000 0
604332 0.000000 0
604339 0.095280 1
604348 0.000000 0
604356 0.000000 0
604363 0.077530 1
604369 0.000000 0
604376 0.000000 0
604384 0.085660 1
604393 0.000000 0
604400 0.000000 0
604408 0.075750 1
604414 0.000000 0
604422 0.000000 0
604429 0.039440 1
604438 0.000000 0
604446 0.000000 0
604453 0.028700 1
604459 0.000000 0
604466 0.000000 0
604474 0.030990 1
604484 0.000000 0
604492 0.000000 0
604499 0.029740 1
604504 0.000000 0
604512 0.000000 0
604519 0.038670 1
604528 0.000000 0
604536 0.000000 0
604543 0.042790 1
604550 0.000000 0
604558 0.000000 0
604565 0.124380 1
604574 0.000000 0
604582 0.000000 0
604589 0.111850 1
604595 0.000000 0
604602 0.000000 0
604610 0.065710 1
604619 0.000000 0
604626 0.000000 0
604634 0.048940 1
604640 0.000000 0
604648 0.000000 0
604655 0.049410 1
604664 0.000000 0
604672 0.000000 0
604679 0.040210 1
604685 0.000000 0
604692 0.000000 0
604700 0.050480 1
604709 0.000000 0
604716 0.000000 0
604724 0.045550 1
604730 0.000000 0
604738 0.000000 0
604745 0.060380 1
604754 0.000000 0
604762 0.000000 0
604769 0.060640 1
604774 0.000000 0
604782 0.000000 0
604789 0.169010 1
604798 0.000000 0
604806 0.000000 0
604813 0.158770 1
604819 0.000000 0
604826 0.000000 0
604834 0.077240 1
604843 0.000000 0
604850 0.000000 0
604858 0.060140 1
604864 0.000000 0
604872 0.000000 0
604879 0.048780 1
604888 0.000000 0
604896 0.000000 0
604903 0.038270 1
604909 0.000000 0
604916 0.000000 0
604924 0.083410 1
604933 0.000000 0
604940 0.000000 0
604948 0.042420 1
604954 0.000000 0
604962 0.000000 0
604969 0.016100 1
604978 0.000000 0
604986 0.000000 0
604993 0.035160 1
604999 0.000000 0
605006 0.000000 0
605014 0.040210 1
605023 0.000000 0
605030 0.000000 0
605038 0.085310 1
605045 0.000000 0
605052 0.000000 0
605060 0.060000 1
605068 0.000000 0
605076 0.000000 0
605083 0.040020 1
605090 0.000000 0
605098 0.000000 0
605105 0.035580 1
605114 0.000000 0
605122 0.000000 0
605129 0.042600 1
605135 0.000000 0
605142 0.000000 0
605150 0.134520 1
605159 0.000000 0
605166 0.000000 0
605174 0.091690 1
605180 0.000000 0
605188 0.000000 0
605195 0.037050 1
605204 0.000000 0
605212 0.000000 0
605219 0.048940 1
605225 0.000000 0
605232 0.000000 0
605240 0.050480 1
605249 0.000000 0
605256 0.000000 0
605264 0.093490 1
605270 0.000000 0
605278 0.000000 0
605285 0.095350 1
605294 0.000000 0
605302 0.000000 0
605309 0.073700 1
605314 0.000000 0
605322 0.000000 0
605329 0.074220 1
605338 0.000000 0
605346 0.000000 0
605353 0.053560 1
605359 0.000000 0
605366 0.000000 0
605374 0.039250 1
605383 0.000000 0
605390 0.000000 0
605398 0.020660 1
605404 0.000000 0
605412 0.000000 0
605419 0.081650 1
605428 0.000000 0
605436 0.000000 0
605443 0.086640 1
605449 0.000000 0
605456 0.000000 0
605464 0.030000 1
605473 0.000000 0
605480 0.000000 0
605488 0.051510 1
605494 0.000000 0
605502 0.000000 0
605509 0.054400 1
605519 0.000000 0
605526 0.000000 0
605534 0.059620 1
605541 0.000000 0
605548 0.000000 0
605556 0.068770 1
605563 0.000000 0
605570 0.000000 0
605578 0.099810 1
605585 0.000000 0
605592 0.000000 0
605600 0.091100 1
605609 0.000000 0
605616 0.000000 0
605624 0.055370 1
605629 0.000000 0
605636 0.000000 0
605644 0.044710 1
605654 0.000000 0
605662 0.000000 0
605669 0.037870 1
605675 0.000000 0
605682 0.000000 0
605690 0.038670 1
605699 0.000000 0
605706 0.000000 0
605714 0.091100 1
605720 0.000000 0
605728 0.000000 0
605735 0.120270 1
605744 0.000000 0
605752 0.000000 0
605759 0.109220 1
605765 0.000000 0
605772 0.000000 0
605780 0.071380 1
605789 0.000000 0
605796 0.000000 0
605804 0.067870 1
605810 0.000000 0
605818 0.000000 0
605825 0.046710 1
605833 0.000000 0
605840 0.000000 0
605848 0.045040 1
605854 0.000000 0
605862 0.000000 0
605869 0.037870 1
605878 0.000000 0
605886 0.000000 0
605893 0.031480 1
605899 0.000000 0
605906 0.000000 0
605914 0.034490 1
605923 0.000000 0
605930 0.000000 0
605938 0.043490 1
605944 0.000000 0
605952 0.000000 0
605959 0.080230 1
605968 0.000000 0
605976 0.000000 0
605983 0.115080 1
605989 0.000000 0
605996 0.000000 0
606004 0.074720 1
606013 0.000000 0
606020 0.000000 0
606028 0.042250 1
606034 0.000000 0
606042 0.000000 0
606049 0.044530 1
606059 0.000000 0
606066 0.000000 0
606074 0.046540 1
606081 0.000000 0
606088 0.000000 0
606096 0.047840 1
606103 0.000000 0
606110 0.000000 0
606118 0.056600 1
606126 0.000000 0
606134 0.000000 0
606141 0.046220 1
606149 0.000000 0
606156 0.000000 0
606164 0.071600 1
606170 0.000000 0
606178 0.000000 0
606185 0.069870 1
606194 0.000000 0
606202 0.000000 0
606209 0.080610 1
606215 0.000000 0
606222 0.000000 0
606230 0.081830 1
606239 0.000000 0
606246 0.000000 0
606254 0.078800 1
606260 0.000000 0
606268 0.000000 0
606275 0.058460 1
606283 0.000000 0
606290 0.000000 0
606298 0.067770 1
606305 0.000000 0
606312 0.000000 0
606320 0.073270 1
606328 0.000000 0
606336 0.000000 0
606343 0.042070 1
606350 0.000000 0
606358 0.000000 0
606365 0.025010 1
606373 0.000000 0
606380 0.000000 0
606388 0.030240 1
606394 0.000000 0
606402 0.000000 0
606409 0.043140 1
606418 0.000000 0
606426 0.000000 0
606433 0.125110 1
606439 0.000000 0
606446 0.000000 0
606454 0.120130 1
606463 0.000000 0
606470 0.000000 0
606478 0.076650 1
606484 0.000000 0
606492 0.000000 0
606499 0.055240 1
606508 0.000000 0
606516 0.000000 0
606523 0.054400 1
606529 0.000000 0
606536 0.000000 0
606544 0.039440 1
606553 0.000000 0
606560 0.000000 0
606568 0.042600 1
606575 0.000000 0
606582 0.000000 0
606590 0.049870 1
606599 0.000000 0
606606 0.000000 0
606614 0.049870 1
606621 0.000000 0
606628 0.000000 0
606636 0.047200 1
606644 0.000000 0
606652 0.000000 0
606659 0.083860 1
606665 0.000000 0
606672 0.000000 0
606680 0.150120 1
606689 0.000000 0
606696 0.000000 0
606704 0.086020 1
606710 0.000000 0
606718 0.000000 0
606725 0.061880 1
606733 0.000000 0
606740 0.000000 0
606748 0.059240 1
606755 0.000000 0
606762 0.000000 0
606770 0.031250 1
606779 0.000000 0
606786 0.000000 0
606794 0.092850 1
606799 0.000000 0
606806 0.000000 0
606814 0.069210 1
606824 0.000000 0
606832 0.000000 0
606839 0.029220 1
606845 0.000000 0
606852 0.000000 0
606860 0.029480 1
606869 0.000000 0
606876 0.000000 0
606884 0.038470 1
606889 0.000000 0
606896 0.000000 0
606904 0.087160 1
606913 0.000000 0
606920 0.000000 0
606928 0.074220 1
606934 0.000000 0
606942 0.000000 0
606949 0.042420 1
606958 0.000000 0
606966 0.000000 0
606973 0.047670 1
606979 0.000000 0
606986 0.000000 0
606994 0.052690 1
607003 0.000000 0
607010 0.000000 0
607018 0.136600 1
607024 0.000000 0
607032 0.000000 0
607039 0.126210 1
607048 0.000000 0
607056 0.000000 0
607063 0.051380 1
607069 0.000000 0
607076 0.000000 0
607084 0.039830 1
607093 0.000000 0
607100 0.000000 0
607108 0.054540 1
607116 0.000000 0
607124 0.000000 0
607131 0.051380 1
607139 0.000000 0
607146 0.000000 0
607154 0.095520 1
607161 0.000000 0
607168 0.000000 0
607176 0.080610 1
607184 0.000000 0
607192 0.000000 0
607199 0.082580 1
607205 0.000000 0
607212 0.000000 0
607220 0.063460 1
607229 0.000000 0
607236 0.000000 0
607244 0.038860 1
607250 0.000000 0
607258 0.000000 0
607265 0.035160 1
607274 0.000000 0
607282 0.000000 0
607289 0.028430 1
607295 0.000000 0
607302 0.000000 0
607310 0.085940 1
607319 0.000000 0
607326 0.000000 0
607334 0.044880 1
607340 0.000000 0
607348 0.000000 0
607355 0.029480 1
607364 0.000000 0
607372 0.000000 0
607379 0.048630 1
607384 0.000000 0
607392 0.000000 0
607399 0.058200 1
607408 0.000000 0
607416 0.000000 0
607423 0.060140 1
607429 0.000000 0
607436 0.000000 0
607444 0.070080 1
607453 0.000000 0
607460 0.000000 0
607468 0.095750 1
607474 0.000000 0
607482 0.000000 0
607489 0.075750 1
607498 0.000000 0
607506 0.000000 0
607513 0.062850 1
607519 0.000000 0
607526 0.000000 0
607534 0.051380 1
607543 0.000000 0
607550 0.000000 0
607558 0.039640 1
607566 0.000000 0
607574 0.000000 0
607581 0.048630 1
607588 0.000000 0
607596 0.000000 0
607603 0.104300 1
607610 0.000000 0
607618 0.000000 0
607625 0.111020 1
607633 0.000000 0
607640 0.000000 0
607648 0.087950 1
607655 0.000000 0
607662 0.000000 0
607670 0.085480 1
607679 0.000000 0
607686 0.000000 0
607694 0.051070 1
607700 0.000000 0
607708 0.000000 0
607715 0.043670 1
607723 0.000000 0
607730 0.000000 0
607738 0.025600 1
607745 0.000000 0
607752 0.000000 0
607760 0.030990 1
607769 0.000000 0
607776 0.000000 0
607784 0.036010 1
607789 0.000000 0
607796 0.000000 0
607804 0.041340 1
607814 0.000000 0
607822 0.000000 0
607829 0.045550 1
607835 0.000000 0
607842 0.000000 0
607850 0.080340 1
607858 0.000000 0
607866 0.000000 0
607873 0.076450 1
607879 0.000000 0
607886 0.000000 0
607894 0.046710 1
607903 0.000000 0
607910 0.000000 0
607918 0.063220 1
607924 0.000000 0
607932 0.000000 0
607939 0.052110 1
607948 0.000000 0
607956 0.000000 0
607963 0.113210 1
607969 0.000000 0
607976 0.000000 0
607984 0.099200 1
607993 0.000000 0
608000 0.000000 0
608008 0.063830 1
608014 0.000000 0
608022 0.000000 0
608029 0.067310 1
608038 0.000000 0
608046 0.000000 0
608053 0.066290 1
608061 0.000000 0
608068 0.000000 0
608076 0.054120 1
608084 0.000000 0
608092 0.000000 0
608099 0.102910 1
608106 0.000000 0
608114 0.000000 0
608121 0.103490 1
608128 0.000000 0
608136 0.000000 0
608143 0.088120 1
608150 0.000000 0
608158 0.000000 0
608165 0.060380 1
608174 0.000000 0
608182 0.000000 0
608189 0.052980 1
608195 0.000000 0
608202 0.000000 0
608210 0.052550 1
608219 0.000000 0
608226 0.000000 0
608234 0.061630 1
608240 0.000000 0
608248 0.000000 0
608255 0.056460 1
608264 0.000000 0
608272 0.000000 0
608279 0.057800 1
608285 0.000000 0
608292 0.000000 0
608300 0.038670 1
608309 0.000000 0
608316 0.000000 0
608324 0.033830 1
608329 0.000000 0
608336 0.000000 0
608344 0.021740 1
608354 0.000000 0
608362 0.000000 0
608369 0.019130 1
608374 0.000000 0
608382 0.000000 0
608389 0.022770 1
608398 0.000000 0
608406 0.000000 0
608413 0.024380 1
608419 0.000000 0
608426 0.000000 0
608434 0.066640 1
608443 0.000000 0
608450 0.000000 0
608458 0.108460 1
608464 0.000000 0
608472 0.000000 0
608479 0.104660 1
608488 0.000000 0
608496 0.000000 0
608503 0.100570 1
608509 0.000000 0
608516 0.000000 0
608524 0.073900 1
608533 0.000000 0
608540 0.000000 0
608548 0.068770 1
608554 0.000000 0
608562 0.000000 0
608569 0.062360 1
608578 0.000000 0
608586 0.000000 0
608593 0.073700 1
608599 0.000000 0
608606 0.000000 0
608614 0.056340 1
608624 0.000000 0
608632 0.000000 0
608639 0.057800 1
608646 0.000000 0
608654 0.000000 0
608661 0.047990 1
608669 0.000000 0
608676 0.000000 0
608684 0.041340 1
608690 0.000000 0
608698 0.000000 0
608705 0.044710 1
608714 0.000000 0
608722 0.000000 0
608729 0.042420 1
608735 0.000000 0
608742 0.000000 0
608750 0.038860 1
608759 0.000000 0
608766 0.000000 0
608774 0.026490 1
608780 0.000000 0
608788 0.000000 0
608795 0.093100 1
608804 0.000000 0
608812 0.000000 0
608819 0.110830 1
608825 0.000000 0
608832 0.000000 0
608840 0.109090 1
608849 0.000000 0
608856 0.000000 0
608864 0.090760 1
608870 0.000000 0
608878 0.000000 0
608885 0.074310 1
608894 0.000000 0
608902 0.000000 0
608909 0.054960 1
608915 0.000000 0
608922 0.000000 0
608930 0.043840 1
608939 0.000000 0
608946 0.000000 0
608954 0.047670 1
608959 0.000000 0
608966 0.000000 0
608974 0.049090 1
608983 0.000000 0
608990 0.000000 0
608998 0.053560 1
609004 0.000000 0
609012 0.000000 0
609019 0.053970 1
609028 0.000000 0
609036 0.000000 0
609043 0.034930 1
609049 0.000000 0
609056 0.000000 0
609064 0.060500 1
609073 0.000000 0
609080 0.000000 0
609088 0.051510 1
609094 0.000000 0
609102 0.000000 0
609109 0.042970 1
609118 0.000000 0
609126 0.000000 0
609133 0.050020 1
609139 0.000000 0
609146 0.000000 0
609154 0.057940 1
609163 0.000000 0
609170 0.000000 0
609178 0.050630 1
609184 0.000000 0
609192 0.000000 0
609199 0.045550 1
609208 0.000000 0
609216 0.000000 0
609223 0.046710 1
609230 0.000000 0
609238 0.000000 0
609245 0.050020 1
609254 0.000000 0
609262 0.000000 0
609269 0.049560 1
609275 0.000000 0
609282 0.000000 0
609290 0.043140 1
609299 0.000000 0
609306 0.000000 0
609314 0.033370 1
609320 0.000000 0
609328 0.000000 0
609335 0.021740 1
609344 0.000000 0
609352 0.000000 0
609359 0.035580 1
609365 0.000000 0
609372 0.000000 0
609380 0.050170 1
609389 0.000000 0
609396 0.000000 0
609404 0.053270 1
609410 0.000000 0
609418 0.000000 0
609425 0.051960 1
609434 0.000000 0
609442 0.000000 0
609449 0.044190 1
609455 0.000000 0
609462 0.000000 0
609470 0.048160 1
609479 0.000000 0
609486 0.000000 0
609494 0.086290 1
609500 0.000000 0
609508 0.000000 0
609515 0.108320 1
609523 0.000000 0
609530 0.000000 0
609538 0.098890 1
609544 0.000000 0
609552 0.000000 0
609559 0.086810 1
609568 0.000000 0
609576 0.000000 0
609583 0.067870 1
609589 0.000000 0
609596 0.000000 0
609604 0.066060 1
609613 0.000000 0
609620 0.000000 0
609628 0.070190 1
609634 0.000000 0
609642 0.000000 0
609649 0.038860 1
609658 0.000000 0
609666 0.000000 0
609673 0.031720 1
609679 0.000000 0
609686 0.000000 0
609694 0.032910 1
609703 0.000000 0
609710 0.000000 0
609718 0.048940 1
609724 0.000000 0
609732 0.000000 0
609739 0.044190 1
609748 0.000000 0
609756 0.000000 0
609763 0.042250 1
609769 0.000000 0
609776 0.000000 0
609784 0.050020 1
609794 0.000000 0
609802 0.000000 0
609809 0.051220 1
609816 0.000000 0
609824 0.000000 0
609831 0.042070 1
609838 0.000000 0
609846 0.000000 0
609853 0.052980 1
609860 0.000000 0
609868 0.000000 0
609875 0.046050 1
609884 0.000000 0
609892 0.000000 0
609899 0.038070 1
609905 0.000000 0
609912 0.000000 0
609920 0.029480 1
609928 0.000000 0
609936 0.000000 0
609943 0.044880 1
609950 0.000000 0
609958 0.000000 0
609965 0.065130 1
609973 0.000000 0
609980 0.000000 0
609988 0.073700 1
609995 0.000000 0
610002 0.000000 0
610010 0.062240 1
610019 0.000000 0
610026 0.000000 0
610034 0.058980 1
610040 0.000000 0
610048 0.000000 0
610055 0.056600 1
610064 0.000000 0
610072 0.000000 0
610079 0.042420 1
610085 0.000000 0
610092 0.000000 0
610100 0.063220 1
610109 0.000000 0
610116 0.000000 0
610124 0.060760 1
610129 0.000000 0
610136 0.000000 0
610144 0.050630 1
610153 0.000000 0
610160 0.000000 0
610168 0.057940 1
610174 0.000000 0
610182 0.000000 0
610189 0.053700 1
610198 0.000000 0
610206 0.000000 0
610213 0.062500 1
610218 0.000000 0
610226 0.000000 0
610233 0.041520 1
610243 0.000000 0
610250 0.000000 0
610258 0.046710 1
610264 0.000000 0
610272 0.000000 0
610279 0.042250 1
610288 0.000000 0
610296 0.000000 0
610303 0.048460 1
610309 0.000000 0
610316 0.000000 0
610324 0.046710 1
610333 0.000000 0
610340 0.000000 0
610348 0.048160 1
610354 0.000000 0
610362 0.000000 0
610369 0.044190 1
610378 0.000000 0
610386 0.000000 0
610393 0.047990 1
610399 0.000000 0
610406 0.000000 0
610414 0.042420 1
610423 0.000000 0
610430 0.000000 0
610438 0.050170 1
610444 0.000000 0
610452 0.000000 0
610459 0.057800 1
610468 0.000000 0
610476 0.000000 0
610483 0.060380 1
610489 0.000000 0
610496 0.000000 0
610504 0.043320 1
610513 0.000000 0
610520 0.000000 0
610528 0.038270 1
610534 0.000000 0
610542 0.000000 0
610549 0.035160 1
610559 0.000000 0
610566 0.000000 0
610574 0.027050 1
610581 0.000000 0
610588 0.000000 0
610596 0.038070 1
610604 0.000000 0
610612 0.000000 0
610619 0.044880 1
610626 0.000000 0
610634 0.000000 0
610641 0.067080 1
610649 0.000000 0
610656 0.000000 0
610664 0.054830 1
610671 0.000000 0
610678 0.000000 0
610686 0.061510 1
610694 0.000000 0
610702 0.000000 0
610709 0.054540 1
610715 0.000000 0
610722 0.000000 0
610730 0.051960 1
610739 0.000000 0
610746 0.000000 0
610754 0.053830 1
610760 0.000000 0
610768 0.000000 0
610775 0.046880 1
610784 0.000000 0
610792 0.000000 0
610799 0.042070 1
610805 0.000000 0
610812 0.000000 0
610820 0.047670 1
610829 0.000000 0
610836 0.000000 0
610844 0.050020 1
610850 0.000000 0
610858 0.000000 0
610865 0.044360 1
610874 0.000000 0
610882 0.000000 0
610889 0.054260 1
610895 0.000000 0
610902 0.000000 0
610910 0.044710 1
610919 0.000000 0
610926 0.000000 0
610934 0.047200 1
610940 0.000000 0
610948 0.000000 0
610955 0.046050 1
610964 0.000000 0
610972 0.000000 0
610979 0.043140 1
610984 0.000000 0
610992 0.000000 0
610999 0.033600 1
611008 0.000000 0
611016 0.000000 0
611023 0.050480 1
611029 0.000000 0
611036 0.000000 0
611044 0.046370 1
611053 0.000000 0
611060 0.000000 0
611068 0.059880 1
611074 0.000000 0
611082 0.000000 0
611089 0.057800 1
611098 0.000000 0
611106 0.000000 0
611113 0.047030 1
611119 0.000000 0
611126 0.000000 0
611134 0.049410 1
611143 0.000000 0
611150 0.000000 0
611158 0.040410 1
611164 0.000000 0
611172 0.000000 0
611179 0.042600 1
611188 0.000000 0
611196 0.000000 0
611203 0.044710 1
611209 0.000000 0
611216 0.000000 0
611224 0.055650 1
611233 0.000000 0
611240 0.000000 0
611248 0.043490 1
611254 0.000000 0
611262 0.000000 0
611269 0.043840 1
611278 0.000000 0
611286 0.000000 0
611293 0.044010 1
611299 0.000000 0
611306 0.000000 0
611314 0.045380 1
611324 0.000000 0
611332 0.000000 0
611339 0.040770 1
611345 0.000000 0
611352 0.000000 0
611360 0.043140 1
611369 0.000000 0
611376 0.000000 0
611384 0.048940 1
611390 0.000000 0
611398 0.000000 0
611405 0.058980 1
611414 0.000000 0
611422 0.000000 0
611429 0.048940 1
611435 0.000000 0
611442 0.000000 0
611450 0.048940 1
611459 0.000000 0
611466 0.000000 0
611474 0.050170 1
611480 0.000000 0
611488 0.000000 0
611495 0.047840 1
611504 0.000000 0
611512 0.000000 0
611519 0.039830 1
611525 0.000000 0
611532 0.000000 0
611540 0.052550 1
611549 0.000000 0
611556 0.000000 0
611564 0.047200 1
611570 0.000000 0
611578 0.000000 0
611585 0.052840 1
611594 0.000000 0
611602 0.000000 0
611609 0.051960 1
611615 0.000000 0
611622 0.000000 0
611630 0.044010 1
611639 0.000000 0
611646 0.000000 0
611654 0.042420 1
611660 0.000000 0
611668 0.000000 0
611675 0.038470 1
611684 0.000000 0
611692 0.000000 0
611699 0.050320 1
611705 0.000000 0
611712 0.000000 0
611720 0.051510 1
611729 0.000000 0
611736 0.000000 0
611744 0.049090 1
611749 0.000000 0
611756 0.000000 0
611764 0.042420 1
611773 0.000000 0
611780 0.000000 0
611788 0.048460 1
611794 0.000000 0
611802 0.000000 0
611809 0.066060 1
611818 0.000000 0
611826 0.000000 0
611833 0.059100 1
611839 0.000000 0
611846 0.000000 0
611854 0.058460 1
611863 0.000000 0
611870 0.000000 0
611878 0.051960 1
611884 0.000000 0
611892 0.000000 0
611899 0.041340 1
611908 0.000000 0
611916 0.000000 0
611923 0.033600 1
611929 0.000000 0
611936 0.000000 0
611944 0.035580 1
611953 0.000000 0
611960 0.000000 0
611968 0.053830 1
611974 0.000000 0
611982 0.000000 0
611989 0.049710 1
611999 0.000000 0
612006 0.000000 0
612014 0.039440 1
612021 0.000000 0
612028 0.000000 0
612036 0.062970 1
612044 0.000000 0
612052 0.000000 0
612059 0.076450 1
612066 0.000000 0
612074 0.000000 0
612081 0.059880 1
612089 0.000000 0
612096 0.000000 0
612104 0.049710 1
612111 0.000000 0
612118 0.000000 0
612126 0.051380 1
612134 0.000000 0
612142 0.000000 0
612149 0.049410 1
612155 0.000000 0
612162 0.000000 0
612170 0.058060 1
612179 0.000000 0
612186 0.000000 0
612194 0.051380 1
612200 0.000000 0
612208 0.000000 0
612215 0.051820 1
612224 0.000000 0
612232 0.000000 0
612239 0.041520 1
612245 0.000000 0
612252 0.000000 0
612260 0.054260 1
612269 0.000000 0
612276 0.000000 0
612284 0.052110 1
612290 0.000000 0
612298 0.000000 0
612305 0.046050 1
612314 0.000000 0
612322 0.000000 0
612329 0.050480 1
612335 0.000000 0
612342 0.000000 0
612350 0.058320 1
612358 0.000000 0
612366 0.000000 0
612373 0.047200 1
612379 0.000000 0
612386 0.000000 0
612394 0.045880 1
612403 0.000000 0
612410 0.000000 0
612418 0.047990 1
612424 0.000000 0
612432 0.000000 0
612439 0.063830 1
612448 0.000000 0
612456 0.000000 0
612463 0.068670 1
612469 0.000000 0
612476 0.000000 0
612484 0.054540 1
612493 0.000000 0
612500 0.000000 0
612508 0.060760 1
612514 0.000000 0
612522 0.000000 0
612529 0.050630 1
612538 0.000000 0
612546 0.000000 0
612553 0.051960 1
612559 0.000000 0
612566 0.000000 0
612574 0.048780 1
612583 0.000000 0
612590 0.000000 0
612598 0.069210 1
612604 0.000000 0
612612 0.000000 0
612619 0.048780 1
612628 0.000000 0
612636 0.000000 0
612643 0.040770 1
612651 0.000000 0
612658 0.000000 0
612666 0.056600 1
612674 0.000000 0
612682 0.000000 0
612689 0.044190 1
612696 0.000000 0
612704 0.000000 0
612711 0.047520 1
612719 0.000000 0
612726 0.000000 0
612734 0.060760 1
612740 0.000000 0
612748 0.000000 0
612755 0.073900 1
612763 0.000000 0
612770 0.000000 0
612778 0.073080 1
612785 0.000000 0
612792 0.000000 0
612800 0.071060 1
612809 0.000000 0
612816 0.000000 0
612824 0.058720 1
612829 0.000000 0
612836 0.000000 0
612844 0.050320 1
612854 0.000000 0
612862 0.000000 0
612869 0.049560 1
612875 0.000000 0
612882 0.000000 0
612890 0.049260 1
612899 0.000000 0
612906 0.000000 0
612914 0.063940 1
612919 0.000000 0
612926 0.000000 0
612934 0.063710 1
612944 0.000000 0
612952 0.000000 0
612959 0.056870 1
612965 0.000000 0
612972 0.000000 0
612980 0.051820 1
612989 0.000000 0
612996 0.000000 0
613004 0.066060 1
613010 0.000000 0
613018 0.000000 0
613025 0.066510 1
613033 0.000000 0
613040 0.000000 0
613048 0.071600 1
613054 0.000000 0
613062 0.000000 0
613069 0.066740 1
613078 0.000000 0
613086 0.000000 0
613093 0.052400 1
613099 0.000000 0
613106 0.000000 0
613114 0.056200 1
613123 0.000000 0
613130 0.000000 0
613138 0.063460 1
613144 0.000000 0
613152 0.000000 0
613159 0.066160 1
613168 0.000000 0
613176 0.000000 0
613183 0.066410 1
613189 0.000000 0
613196 0.000000 0
613204 0.052260 1
613213 0.000000 0
613220 0.000000 0
613228 0.040590 1
613234 0.000000 0
613242 0.000000 0
613249 0.049560 1
613258 0.000000 0
613266 0.000000 0
613273 0.069870 1
