672352 0.000000 0
672359 0.000000 0
672366 0.000000 0
672374 0.062240 1
672379 0.000000 0
672386 0.000000 0
672394 0.056600 1
672404 0.000000 0
672412 0.000000 0
672419 0.051670 1
672425 0.000000 0
672432 0.000000 0
672440 0.057130 1
672449 0.000000 0
672456 0.000000 0
672464 0.069430 1
672469 0.000000 0
672476 0.000000 0
672484 0.064420 1
672493 0.000000 0
672500 0.000000 0
672508 0.059880 1
672514 0.000000 0
672522 0.000000 0
672529 0.052980 1
672538 0.000000 0
672546 0.000000 0
672553 0.042600 1
672559 0.000000 0
672566 0.000000 0
672574 0.048160 1
672583 0.000000 0
672590 0.000000 0
672598 0.062000 1
672604 0.000000 0
672612 0.000000 0
672619 0.046540 1
672628 0.000000 0
672636 0.000000 0
672643 0.038070 1
672649 0.000000 0
672656 0.000000 0
672664 0.050920 1
672673 0.000000 0
672680 0.000000 0
672688 0.046710 1
672694 0.000000 0
672702 0.000000 0
672709 0.033370 1
672718 0.000000 0
672726 0.000000 0
672733 0.039640 1
672739 0.000000 0
672746 0.000000 0
672754 0.058060 1
672764 0.000000 0
672772 0.000000 0
672779 0.056460 1
672786 0.000000 0
672794 0.000000 0
672801 0.053270 1
672809 0.000000 0
672816 0.000000 0
672824 0.051670 1
672830 0.000000 0
672838 0.000000 0
672845 0.060640 1
672853 0.000000 0
672860 0.000000 0
672868 0.054830 1
672876 0.000000 0
672884 0.000000 0
672891 0.054960 1
672898 0.000000 0
672906 0.000000 0
672913 0.048310 1
672920 0.000000 0
672928 0.000000 0
672935 0.060760 1
672944 0.000000 0
672952 0.000000 0
672959 0.044710 1
672965 0.000000 0
672972 0.000000 0
672980 0.059360 1
672989 0.000000 0
672996 0.000000 0
673004 0.066410 1
673010 0.000000 0
673018 0.000000 0
673025 0.052400 1
673034 0.000000 0
673042 0.000000 0
673049 0.038270 1
673055 0.000000 0
673062 0.000000 0
673070 0.021390 1
673079 0.000000 0
673086 0.000000 0
673094 0.028170 1
673099 0.000000 0
673106 0.000000 0
673114 0.047030 1
673124 0.000000 0
673132 0.000000 0
673139 0.054960 1
673145 0.000000 0
673152 0.000000 0
673160 0.054400 1
673168 0.000000 0
673176 0.000000 0
673183 0.062500 1
673189 0.000000 0
673196 0.000000 0
673204 0.075530 1
673213 0.000000 0
673220 0.000000 0
673228 0.066160 1
673234 0.000000 0
673242 0.000000 0
673249 0.055790 1
673258 0.000000 0
673266 0.000000 0
673273 0.036640 1
673279 0.000000 0
673286 0.000000 0
673294 0.030500 1
673303 0.000000 0
673310 0.000000 0
673318 0.036010 1
673324 0.000000 0
673332 0.000000 0
673339 0.046220 1
673348 0.000000 0
673356 0.000000 0
673363 0.056600 1
673369 0.000000 0
673376 0.000000 0
673384 0.064420 1
673393 0.000000 0
673400 0.000000 0
673408 0.060880 1
673415 0.000000 0
673422 0.000000 0
673430 0.043840 1
673439 0.000000 0
673446 0.000000 0
673454 0.050170 1
673460 0.000000 0
673468 0.000000 0
673475 0.042790 1
673483 0.000000 0
673490 0.000000 0
673498 0.038270 1
673505 0.000000 0
673512 0.000000 0
673520 0.032910 1
673528 0.000000 0
673536 0.000000 0
673543 0.045210 1
673550 0.000000 0
673558 0.000000 0
673565 0.054120 1
673573 0.000000 0
673580 0.000000 0
673588 0.069430 1
673595 0.000000 0
673602 0.000000 0
673610 0.067660 1
673619 0.000000 0
673626 0.000000 0
673634 0.055920 1
673639 0.000000 0
673646 0.000000 0
673654 0.059240 1
673664 0.000000 0
673672 0.000000 0
673679 0.067770 1
673685 0.000000 0
673692 0.000000 0
673700 0.053700 1
673709 0.000000 0
673716 0.000000 0
673724 0.051960 1
673729 0.000000 0
673736 0.000000 0
673744 0.039440 1
673754 0.000000 0
673762 0.000000 0
673769 0.053970 1
673774 0.000000 0
673782 0.000000 0
673789 0.064650 1
673798 0.000000 0
673806 0.000000 0
673813 0.059100 1
673819 0.000000 0
673826 0.000000 0
673834 0.051070 1
673843 0.000000 0
673850 0.000000 0
673858 0.045720 1
673864 0.000000 0
673872 0.000000 0
673879 0.043320 1
673888 0.000000 0
673896 0.000000 0
673903 0.048630 1
673909 0.000000 0
673916 0.000000 0
673924 0.033140 1
673933 0.000000 0
673940 0.000000 0
673948 0.053120 1
673954 0.000000 0
673962 0.000000 0
673969 0.069210 1
673978 0.000000 0
673986 0.000000 0
673993 0.063100 1
673999 0.000000 0
674006 0.000000 0
674014 0.039640 1
674023 0.000000 0
674030 0.000000 0
674038 0.033370 1
674044 0.000000 0
674052 0.000000 0
674059 0.051820 1
674069 0.000000 0
674076 0.000000 0
674084 0.078890 1
674091 0.000000 0
674098 0.000000 0
674106 0.066160 1
674113 0.000000 0
674120 0.000000 0
674128 0.071600 1
674136 0.000000 0
674144 0.000000 0
674151 0.047840 1
674159 0.000000 0
674166 0.000000 0
674174 0.050780 1
674181 0.000000 0
674188 0.000000 0
674196 0.057130 1
674204 0.000000 0
674212 0.000000 0
674219 0.090180 1
674225 0.000000 0
674232 0.000000 0
674240 0.043490 1
674249 0.000000 0
674256 0.000000 0
674264 0.049260 1
674270 0.000000 0
674278 0.000000 0
674285 0.036420 1
674294 0.000000 0
674302 0.000000 0
674309 0.077820 1
674315 0.000000 0
674322 0.000000 0
674330 0.072130 1
674339 0.000000 0
674346 0.000000 0
674354 0.041700 1
674360 0.000000 0
674368 0.000000 0
674375 0.048310 1
674384 0.000000 0
674392 0.000000 0
674399 0.052110 1
674405 0.000000 0
674412 0.000000 0
674420 0.062850 1
674429 0.000000 0
674436 0.000000 0
674444 0.043670 1
674449 0.000000 0
674456 0.000000 0
674464 0.055920 1
674473 0.000000 0
674480 0.000000 0
674488 0.066060 1
674494 0.000000 0
674502 0.000000 0
674509 0.067200 1
674518 0.000000 0
674526 0.000000 0
674533 0.052260 1
674539 0.000000 0
674546 0.000000 0
674554 0.057540 1
674563 0.000000 0
674570 0.000000 0
674578 0.050480 1
674584 0.000000 0
674592 0.000000 0
674599 0.046220 1
674608 0.000000 0
674616 0.000000 0
674623 0.051820 1
674629 0.000000 0
674636 0.000000 0
674644 0.039640 1
674653 0.000000 0
674660 0.000000 0
674668 0.051510 1
674674 0.000000 0
674682 0.000000 0
674689 0.057010 1
674698 0.000000 0
674706 0.000000 0
674713 0.062850 1
674721 0.000000 0
674728 0.000000 0
674736 0.051670 1
674744 0.000000 0
674752 0.000000 0
674759 0.043670 1
674766 0.000000 0
674774 0.000000 0
674781 0.047030 1
674789 0.000000 0
674796 0.000000 0
674804 0.063460 1
674811 0.000000 0
674818 0.000000 0
674826 0.075030 1
674833 0.000000 0
674840 0.000000 0
674848 0.066640 1
674855 0.000000 0
674862 0.000000 0
674870 0.054830 1
674879 0.000000 0
674886 0.000000 0
674894 0.053270 1
674900 0.000000 0
674908 0.000000 0
674915 0.041520 1
674924 0.000000 0
674932 0.000000 0
674939 0.047350 1
674945 0.000000 0
674952 0.000000 0
674960 0.045040 1
674969 0.000000 0
674976 0.000000 0
674984 0.039830 1
674990 0.000000 0
674998 0.000000 0
675005 0.059360 1
675014 0.000000 0
675022 0.000000 0
675029 0.066060 1
675035 0.000000 0
675042 0.000000 0
675050 0.069540 1
675059 0.000000 0
675066 0.000000 0
675074 0.059240 1
675080 0.000000 0
675088 0.000000 0
675095 0.046710 1
675104 0.000000 0
675112 0.000000 0
675119 0.052260 1
675125 0.000000 0
675132 0.000000 0
675140 0.064880 1
675148 0.000000 0
675156 0.000000 0
675163 0.056730 1
675169 0.000000 0
675176 0.000000 0
675184 0.060880 1
675193 0.000000 0
675200 0.000000 0
675208 0.060380 1
675214 0.000000 0
675222 0.000000 0
675229 0.047670 1
675238 0.000000 0
675246 0.000000 0
675253 0.053830 1
675259 0.000000 0
675266 0.000000 0
675274 0.058320 1
675283 0.000000 0
675290 0.000000 0
675298 0.054400 1
675304 0.000000 0
675312 0.000000 0
675319 0.053830 1
675328 0.000000 0
675336 0.000000 0
675343 0.037050 1
675349 0.000000 0
675356 0.000000 0
675364 0.050480 1
675373 0.000000 0
675380 0.000000 0
675388 0.056870 1
675394 0.000000 0
675402 0.000000 0
675409 0.062500 1
675418 0.000000 0
675426 0.000000 0
675433 0.063100 1
675439 0.000000 0
675446 0.000000 0
675454 0.054400 1
675463 0.000000 0
675470 0.000000 0
675478 0.031720 1
675486 0.000000 0
675494 0.000000 0
675501 0.043670 1
675509 0.000000 0
675516 0.000000 0
675524 0.037870 1
675530 0.000000 0
675538 0.000000 0
675545 0.049090 1
675554 0.000000 0
675562 0.000000 0
675569 0.041340 1
675575 0.000000 0
675582 0.000000 0
675590 0.045040 1
675598 0.000000 0
675606 0.000000 0
675613 0.052400 1
675620 0.000000 0
675628 0.000000 0
675635 0.048630 1
675644 0.000000 0
675652 0.000000 0
675659 0.048940 1
675665 0.000000 0
675672 0.000000 0
675680 0.053830 1
675689 0.000000 0
675696 0.000000 0
675704 0.047840 1
675710 0.000000 0
675718 0.000000 0
675725 0.047350 1
675734 0.000000 0
675742 0.000000 0
675749 0.031720 1
675754 0.000000 0
675762 0.000000 0
675769 0.036640 1
675779 0.000000 0
675786 0.000000 0
675794 0.040590 1
675800 0.000000 0
675808 0.000000 0
675815 0.047200 1
675823 0.000000 0
675830 0.000000 0
675838 0.047520 1
675844 0.000000 0
675852 0.000000 0
675859 0.044360 1
675868 0.000000 0
675876 0.000000 0
675883 0.061140 1
675889 0.000000 0
675896 0.000000 0
675904 0.053120 1
675913 0.000000 0
675920 0.000000 0
675928 0.050020 1
675934 0.000000 0
675942 0.000000 0
675949 0.052260 1
675958 0.000000 0
675966 0.000000 0
675973 0.067430 1
675979 0.000000 0
675986 0.000000 0
675994 0.075330 1
676003 0.000000 0
676010 0.000000 0
676018 0.067430 1
676024 0.000000 0
676032 0.000000 0
676039 0.063340 1
676048 0.000000 0
676056 0.000000 0
676063 0.052690 1
676069 0.000000 0
676076 0.000000 0
676084 0.051670 1
676094 0.000000 0
676102 0.000000 0
676109 0.051960 1
676116 0.000000 0
676124 0.000000 0
676131 0.046880 1
676139 0.000000 0
676146 0.000000 0
676154 0.047840 1
676161 0.000000 0
676168 0.000000 0
676176 0.058590 1
676183 0.000000 0
676190 0.000000 0
676198 0.064420 1
676205 0.000000 0
676212 0.000000 0
676220 0.057660 1
676229 0.000000 0
676236 0.000000 0
676244 0.051510 1
676250 0.000000 0
676258 0.000000 0
676265 0.045880 1
676274 0.000000 0
676282 0.000000 0
676289 0.047200 1
676295 0.000000 0
676302 0.000000 0
676310 0.054830 1
676319 0.000000 0
676326 0.000000 0
676334 0.061390 1
676340 0.000000 0
676348 0.000000 0
676355 0.057540 1
676364 0.000000 0
676372 0.000000 0
676379 0.066060 1
676385 0.000000 0
676392 0.000000 0
676400 0.059880 1
676409 0.000000 0
676416 0.000000 0
676424 0.074310 1
676429 0.000000 0
676436 0.000000 0
676444 0.097730 1
676453 0.000000 0
676460 0.000000 0
676468 0.088210 1
676474 0.000000 0
676482 0.000000 0
676489 0.061390 1
676498 0.000000 0
676506 0.000000 0
676513 0.040590 1
676519 0.000000 0
676526 0.000000 0
676534 0.044010 1
676543 0.000000 0
676550 0.000000 0
676558 0.047990 1
676564 0.000000 0
676572 0.000000 0
676579 0.045380 1
676588 0.000000 0
676596 0.000000 0
676603 0.044360 1
676609 0.000000 0
676616 0.000000 0
676624 0.060500 1
676633 0.000000 0
676640 0.000000 0
676648 0.060760 1
676654 0.000000 0
676662 0.000000 0
676669 0.057400 1
676678 0.000000 0
676686 0.000000 0
676693 0.042070 1
676699 0.000000 0
676706 0.000000 0
676714 0.035800 1
676723 0.000000 0
676730 0.000000 0
676738 0.046540 1
676746 0.000000 0
676754 0.000000 0
676761 0.051960 1
676769 0.000000 0
676776 0.000000 0
676784 0.053120 1
676791 0.000000 0
676798 0.000000 0
676806 0.046220 1
676814 0.000000 0
676822 0.000000 0
676829 0.073900 1
676835 0.000000 0
676842 0.000000 0
676850 0.091770 1
676859 0.000000 0
676866 0.000000 0
676874 0.073790 1
676880 0.000000 0
676888 0.000000 0
676895 0.091100 1
676904 0.000000 0
676912 0.000000 0
676919 0.109030 1
676925 0.000000 0
676932 0.000000 0
676940 0.077820 1
676949 0.000000 0
676956 0.000000 0
676964 0.040210 1
676970 0.000000 0
676978 0.000000 0
676985 0.042600 1
676994 0.000000 0
677002 0.000000 0
677009 0.064060 1
677015 0.000000 0
677022 0.000000 0
677030 0.055370 1
677039 0.000000 0
677046 0.000000 0
677054 0.050320 1
677060 0.000000 0
677068 0.000000 0
677075 0.044190 1
677084 0.000000 0
677092 0.000000 0
677099 0.045880 1
677105 0.000000 0
677112 0.000000 0
677120 0.040590 1
677129 0.000000 0
677136 0.000000 0
677144 0.047520 1
677150 0.000000 0
677158 0.000000 0
677165 0.039640 1
677174 0.000000 0
677182 0.000000 0
677189 0.050020 1
677194 0.000000 0
677202 0.000000 0
677209 0.051960 1
677218 0.000000 0
677226 0.000000 0
677233 0.052110 1
677239 0.000000 0
677246 0.000000 0
677254 0.048940 1
677263 0.000000 0
677270 0.000000 0
677278 0.043840 1
677284 0.000000 0
677292 0.000000 0
677299 0.063940 1
677308 0.000000 0
677316 0.000000 0
677323 0.080610 1
677329 0.000000 0
677336 0.000000 0
677344 0.071600 1
677353 0.000000 0
677360 0.000000 0
677368 0.084410 1
677374 0.000000 0
677382 0.000000 0
677389 0.082310 1
677398 0.000000 0
677406 0.000000 0
677413 0.065130 1
677419 0.000000 0
677426 0.000000 0
677434 0.049560 1
677443 0.000000 0
677450 0.000000 0
677458 0.045720 1
677464 0.000000 0
677472 0.000000 0
677479 0.048630 1
677488 0.000000 0
677496 0.000000 0
677503 0.051820 1
677509 0.000000 0
677516 0.000000 0
677524 0.043320 1
677533 0.000000 0
677540 0.000000 0
677548 0.036010 1
677554 0.000000 0
677562 0.000000 0
677569 0.027050 1
677579 0.000000 0
677586 0.000000 0
677594 0.036640 1
677601 0.000000 0
677608 0.000000 0
677616 0.045210 1
677623 0.000000 0
677630 0.000000 0
677638 0.033140 1
677646 0.000000 0
677654 0.000000 0
677661 0.052980 1
677669 0.000000 0
677676 0.000000 0
677684 0.055790 1
677690 0.000000 0
677698 0.000000 0
677705 0.058980 1
677714 0.000000 0
677722 0.000000 0
677729 0.059880 1
677735 0.000000 0
677742 0.000000 0
677750 0.056600 1
677759 0.000000 0
677766 0.000000 0
677774 0.060880 1
677780 0.000000 0
677788 0.000000 0
677795 0.073590 1
677803 0.000000 0
677810 0.000000 0
677818 0.052690 1
677825 0.000000 0
677832 0.000000 0
677840 0.098890 1
677849 0.000000 0
677856 0.000000 0
677864 0.094640 1
677870 0.000000 0
677878 0.000000 0
677885 0.062610 1
677894 0.000000 0
677902 0.000000 0
677909 0.035160 1
677915 0.000000 0
677922 0.000000 0
677930 0.041520 1
677939 0.000000 0
677946 0.000000 0
677954 0.057010 1
677960 0.000000 0
677968 0.000000 0
677975 0.051510 1
677984 0.000000 0
677992 0.000000 0
677999 0.043320 1
678005 0.000000 0
678012 0.000000 0
678020 0.040210 1
678029 0.000000 0
678036 0.000000 0
678044 0.038670 1
678049 0.000000 0
678056 0.000000 0
678064 0.046050 1
678073 0.000000 0
678080 0.000000 0
678088 0.046220 1
678094 0.000000 0
678102 0.000000 0
678109 0.046710 1
678118 0.000000 0
678126 0.000000 0
678133 0.057800 1
678139 0.000000 0
678146 0.000000 0
678154 0.058590 1
678163 0.000000 0
678170 0.000000 0
678178 0.057940 1
678184 0.000000 0
678192 0.000000 0
678199 0.059240 1
678208 0.000000 0
678216 0.000000 0
678223 0.061390 1
678229 0.000000 0
678236 0.000000 0
678244 0.074420 1
678253 0.000000 0
678260 0.000000 0
678268 0.069430 1
678274 0.000000 0
678282 0.000000 0
678289 0.056460 1
678299 0.000000 0
678306 0.000000 0
678314 0.073270 1
678321 0.000000 0
678328 0.000000 0
678336 0.080340 1
678344 0.000000 0
678352 0.000000 0
678359 0.047030 1
678366 0.000000 0
678374 0.000000 0
678381 0.025600 1
678388 0.000000 0
678396 0.000000 0
678403 0.038860 1
678410 0.000000 0
678418 0.000000 0
678425 0.052110 1
678434 0.000000 0
678442 0.000000 0
678449 0.057130 1
678455 0.000000 0
678462 0.000000 0
678470 0.054960 1
678479 0.000000 0
678486 0.000000 0
678494 0.025010 1
678500 0.000000 0
678508 0.000000 0
678515 0.045880 1
678524 0.000000 0
678532 0.000000 0
678539 0.049090 1
678545 0.000000 0
678552 0.000000 0
678560 0.037870 1
678569 0.000000 0
678576 0.000000 0
678584 0.049870 1
678590 0.000000 0
678598 0.000000 0
678605 0.044710 1
678613 0.000000 0
678620 0.000000 0
678628 0.046540 1
678634 0.000000 0
678642 0.000000 0
678649 0.076230 1
678659 0.000000 0
678666 0.000000 0
678674 0.059880 1
678680 0.000000 0
678688 0.000000 0
678695 0.053120 1
678703 0.000000 0
678710 0.000000 0
678718 0.066160 1
678723 0.000000 0
678730 0.000000 0
678738 0.065130 1
678748 0.000000 0
678756 0.000000 0
678763 0.070190 1
678769 0.000000 0
678776 0.000000 0
678784 0.102370 1
678793 0.000000 0
678800 0.000000 0
678808 0.093420 1
678814 0.000000 0
678822 0.000000 0
678829 0.043840 1
678838 0.000000 0
678846 0.000000 0
678853 0.037870 1
678859 0.000000 0
678866 0.000000 0
678874 0.045040 1
678883 0.000000 0
678890 0.000000 0
678898 0.057800 1
678904 0.000000 0
678912 0.000000 0
678919 0.052400 1
678928 0.000000 0
678936 0.000000 0
678943 0.034710 1
678949 0.000000 0
678956 0.000000 0
678964 0.035370 1
678973 0.000000 0
678980 0.000000 0
678988 0.032670 1
678994 0.000000 0
679002 0.000000 0
679009 0.040590 1
679019 0.000000 0
679026 0.000000 0
679034 0.047200 1
679041 0.000000 0
679048 0.000000 0
679056 0.057010 1
679064 0.000000 0
679072 0.000000 0
679079 0.043840 1
679086 0.000000 0
679094 0.000000 0
679101 0.055240 1
679109 0.000000 0
679116 0.000000 0
679124 0.061260 1
679131 0.000000 0
679138 0.000000 0
679146 0.051380 1
679154 0.000000 0
679162 0.000000 0
679169 0.047990 1
679175 0.000000 0
679182 0.000000 0
679190 0.059240 1
679199 0.000000 0
679206 0.000000 0
679214 0.056600 1
679220 0.000000 0
679228 0.000000 0
679235 0.070630 1
679244 0.000000 0
679252 0.000000 0
679259 0.076940 1
679265 0.000000 0
679272 0.000000 0
679280 0.074010 1
679289 0.000000 0
679296 0.000000 0
679304 0.033600 1
679310 0.000000 0
679318 0.000000 0
679325 0.028430 1
679334 0.000000 0
679342 0.000000 0
679349 0.060500 1
679355 0.000000 0
679362 0.000000 0
679370 0.064770 1
679379 0.000000 0
679386 0.000000 0
679394 0.055920 1
679400 0.000000 0
679408 0.000000 0
679415 0.039830 1
679424 0.000000 0
679432 0.000000 0
679439 0.040210 1
679444 0.000000 0
679452 0.000000 0
679459 0.054400 1
679468 0.000000 0
679476 0.000000 0
679483 0.061630 1
679489 0.000000 0
679496 0.000000 0
679504 0.035580 1
679513 0.000000 0
679520 0.000000 0
679528 0.050320 1
679534 0.000000 0
679542 0.000000 0
679549 0.052260 1
679558 0.000000 0
679566 0.000000 0
679573 0.059100 1
679579 0.000000 0
679586 0.000000 0
679594 0.066640 1
679603 0.000000 0
679610 0.000000 0
679618 0.055920 1
679624 0.000000 0
679632 0.000000 0
679639 0.032910 1
679648 0.000000 0
679656 0.000000 0
679663 0.042790 1
679669 0.000000 0
679676 0.000000 0
679684 0.037050 1
679694 0.000000 0
679702 0.000000 0
679709 0.042970 1
679716 0.000000 0
679724 0.000000 0
679731 0.053830 1
679739 0.000000 0
679746 0.000000 0
679754 0.051820 1
679761 0.000000 0
679768 0.000000 0
679776 0.050320 1
679784 0.000000 0
679792 0.000000 0
679799 0.044010 1
679805 0.000000 0
679812 0.000000 0
679820 0.040590 1
679829 0.000000 0
679836 0.000000 0
679844 0.035580 1
679850 0.000000 0
679858 0.000000 0
679865 0.040960 1
679874 0.000000 0
679882 0.000000 0
679889 0.040410 1
679895 0.000000 0
679902 0.000000 0
679910 0.047030 1
679919 0.000000 0
679926 0.000000 0
679934 0.057010 1
679940 0.000000 0
679948 0.000000 0
679955 0.059360 1
679964 0.000000 0
679972 0.000000 0
679979 0.052260 1
679985 0.000000 0
679992 0.000000 0
680000 0.060380 1
680009 0.000000 0
680016 0.000000 0
680024 0.051220 1
680029 0.000000 0
680036 0.000000 0
680044 0.060000 1
680053 0.000000 0
680060 0.000000 0
680068 0.061140 1
680074 0.000000 0
680082 0.000000 0
680089 0.039640 1
680098 0.000000 0
680106 0.000000 0
680113 0.051820 1
680119 0.000000 0
680126 0.000000 0
680134 0.048460 1
680143 0.000000 0
680150 0.000000 0
680158 0.055370 1
680164 0.000000 0
680172 0.000000 0
680179 0.049090 1
680188 0.000000 0
680196 0.000000 0
680203 0.062120 1
680209 0.000000 0
680216 0.000000 0
680224 0.067870 1
680233 0.000000 0
680240 0.000000 0
680248 0.091100 1
680254 0.000000 0
680262 0.000000 0
680269 0.088730 1
680278 0.000000 0
680286 0.000000 0
680293 0.092180 1
680301 0.000000 0
680308 0.000000 0
680316 0.090590 1
680324 0.000000 0
680332 0.000000 0
680339 0.087690 1
680346 0.000000 0
680354 0.000000 0
680361 0.082580 1
680369 0.000000 0
680376 0.000000 0
680384 0.055920 1
680391 0.000000 0
680398 0.000000 0
680406 0.068990 1
680413 0.000000 0
680420 0.000000 0
680428 0.051670 1
680436 0.000000 0
680444 0.000000 0
680451 0.047840 1
680459 0.000000 0
680466 0.000000 0
680474 0.052550 1
680480 0.000000 0
680488 0.000000 0
680495 0.033600 1
680504 0.000000 0
680512 0.000000 0
680519 0.041150 1
680525 0.000000 0
680532 0.000000 0
680540 0.063580 1
680549 0.000000 0
680556 0.000000 0
680564 0.064180 1
680570 0.000000 0
680578 0.000000 0
680585 0.067990 1
680594 0.000000 0
680602 0.000000 0
680609 0.062610 1
680615 0.000000 0
680622 0.000000 0
680630 0.064180 1
680639 0.000000 0
680646 0.000000 0
680654 0.057010 1
680659 0.000000 0
680666 0.000000 0
680674 0.059240 1
680684 0.000000 0
680692 0.000000 0
680699 0.071060 1
680704 0.000000 0
680712 0.000000 0
680719 0.062120 1
680729 0.000000 0
680736 0.000000 0
680744 0.044190 1
680750 0.000000 0
680758 0.000000 0
680765 0.030240 1
680774 0.000000 0
680782 0.000000 0
680789 0.036640 1
680794 0.000000 0
680802 0.000000 0
680809 0.044710 1
680818 0.000000 0
680826 0.000000 0
680833 0.061750 1
680839 0.000000 0
680846 0.000000 0
680854 0.057800 1
680863 0.000000 0
680870 0.000000 0
680878 0.045040 1
680884 0.000000 0
680892 0.000000 0
680899 0.046050 1
680908 0.000000 0
680916 0.000000 0
680923 0.033370 1
680929 0.000000 0
680936 0.000000 0
680944 0.037870 1
680953 0.000000 0
680960 0.000000 0
680968 0.034040 1
680974 0.000000 0
680982 0.000000 0
680989 0.034270 1
680998 0.000000 0
681006 0.000000 0
681013 0.041150 1
681019 0.000000 0
681026 0.000000 0
681034 0.044360 1
681044 0.000000 0
681052 0.000000 0
681059 0.068770 1
681066 0.000000 0
681074 0.000000 0
681081 0.073590 1
681089 0.000000 0
681096 0.000000 0
681104 0.075230 1
681111 0.000000 0
681118 0.000000 0
681126 0.047030 1
681134 0.000000 0
681142 0.000000 0
681149 0.046370 1
681155 0.000000 0
681162 0.000000 0
681170 0.049410 1
681179 0.000000 0
681186 0.000000 0
681194 0.043840 1
681200 0.000000 0
681208 0.000000 0
681215 0.037870 1
681224 0.000000 0
681232 0.000000 0
681239 0.039440 1
681245 0.000000 0
681252 0.000000 0
681260 0.045040 1
681268 0.000000 0
681276 0.000000 0
681283 0.063340 1
681290 0.000000 0
681298 0.000000 0
681305 0.058850 1
681314 0.000000 0
681322 0.000000 0
681329 0.053830 1
681335 0.000000 0
681342 0.000000 0
681350 0.058460 1
681359 0.000000 0
681366 0.000000 0
681374 0.069660 1
681380 0.000000 0
681388 0.000000 0
681395 0.063460 1
681404 0.000000 0
681412 0.000000 0
681419 0.053830 1
681424 0.000000 0
681432 0.000000 0
681439 0.054540 1
681448 0.000000 0
681456 0.000000 0
681463 0.065580 1
681469 0.000000 0
681476 0.000000 0
681484 0.054960 1
681493 0.000000 0
681500 0.000000 0
681508 0.049260 1
681514 0.000000 0
681522 0.000000 0
681529 0.074010 1
681538 0.000000 0
681546 0.000000 0
681553 0.092520 1
681559 0.000000 0
681566 0.000000 0
681574 0.078220 1
681583 0.000000 0
681590 0.000000 0
681598 0.059360 1
681604 0.000000 0
681612 0.000000 0
681619 0.047200 1
681628 0.000000 0
681636 0.000000 0
681643 0.038270 1
681649 0.000000 0
681656 0.000000 0
681664 0.051820 1
681673 0.000000 0
681680 0.000000 0
681688 0.052980 1
681694 0.000000 0
681702 0.000000 0
681709 0.045720 1
681718 0.000000 0
681726 0.000000 0
681733 0.032910 1
681739 0.000000 0
681746 0.000000 0
681754 0.028170 1
681764 0.000000 0
681772 0.000000 0
681779 0.060260 1
681786 0.000000 0
681794 0.000000 0
681801 0.080050 1
681809 0.000000 0
681816 0.000000 0
681824 0.063940 1
681831 0.000000 0
681838 0.000000 0
681846 0.054120 1
681854 0.000000 0
681862 0.000000 0
681869 0.047520 1
681876 0.000000 0
681884 0.000000 0
681891 0.035580 1
681899 0.000000 0
681906 0.000000 0
681914 0.040590 1
681920 0.000000 0
681928 0.000000 0
681935 0.035580 1
681944 0.000000 0
681952 0.000000 0
681959 0.062500 1
681965 0.000000 0
681972 0.000000 0
681980 0.046540 1
681989 0.000000 0
681996 0.000000 0
682004 0.048940 1
682009 0.000000 0
682016 0.000000 0
682024 0.048940 1
682034 0.000000 0
682042 0.000000 0
682049 0.021390 1
682055 0.000000 0
682062 0.000000 0
682070 0.037050 1
682078 0.000000 0
682086 0.000000 0
682093 0.059620 1
682100 0.000000 0
682108 0.000000 0
682115 0.056340 1
682124 0.000000 0
682132 0.000000 0
682139 0.034270 1
682145 0.000000 0
682152 0.000000 0
682160 0.028430 1
682169 0.000000 0
682176 0.000000 0
682184 0.042070 1
682190 0.000000 0
682198 0.000000 0
682205 0.065480 1
682214 0.000000 0
682222 0.000000 0
682229 0.050320 1
682235 0.000000 0
682242 0.000000 0
682250 0.053560 1
682259 0.000000 0
682266 0.000000 0
682274 0.065930 1
682279 0.000000 0
682286 0.000000 0
682294 0.073590 1
682303 0.000000 0
682310 0.000000 0
682318 0.054120 1
682324 0.000000 0
682332 0.000000 0
682339 0.041150 1
682348 0.000000 0
682356 0.000000 0
682363 0.053560 1
682369 0.000000 0
682376 0.000000 0
682384 0.067770 1
682393 0.000000 0
682400 0.000000 0
682408 0.066740 1
682414 0.000000 0
682422 0.000000 0
682429 0.058460 1
682438 0.000000 0
682446 0.000000 0
682453 0.046710 1
682459 0.000000 0
682466 0.000000 0
682474 0.044530 1
682483 0.000000 0
682490 0.000000 0
682498 0.048310 1
682504 0.000000 0
682512 0.000000 0
682519 0.045380 1
682528 0.000000 0
682536 0.000000 0
682543 0.047990 1
682551 0.000000 0
682558 0.000000 0
682566 0.048630 1
682574 0.000000 0
682582 0.000000 0
682589 0.046050 1
682596 0.000000 0
682604 0.000000 0
682611 0.042250 1
682619 0.000000 0
682626 0.000000 0
682634 0.037460 1
682640 0.000000 0
682648 0.000000 0
682655 0.049560 1
682664 0.000000 0
682672 0.000000 0
682679 0.045380 1
682685 0.000000 0
682692 0.000000 0
682700 0.058460 1
682709 0.000000 0
682716 0.000000 0
682724 0.063340 1
682730 0.000000 0
682738 0.000000 0
682745 0.053700 1
682754 0.000000 0
682762 0.000000 0
682769 0.050920 1
682775 0.000000 0
682782 0.000000 0
682790 0.045210 1
682799 0.000000 0
682806 0.000000 0
682814 0.036420 1
682820 0.000000 0
682828 0.000000 0
682835 0.047030 1
682844 0.000000 0
682852 0.000000 0
682859 0.042070 1
682865 0.000000 0
682872 0.000000 0
682880 0.052690 1
682889 0.000000 0
682896 0.000000 0
682904 0.057540 1
682909 0.000000 0
682916 0.000000 0
682924 0.073080 1
682933 0.000000 0
682940 0.000000 0
682948 0.070080 1
682954 0.000000 0
682962 0.000000 0
682969 0.062970 1
682978 0.000000 0
682986 0.000000 0
682993 0.054400 1
682999 0.000000 0
683006 0.000000 0
683014 0.052110 1
683023 0.000000 0
683030 0.000000 0
683038 0.054960 1
683044 0.000000 0
683052 0.000000 0
683059 0.058850 1
683068 0.000000 0
683076 0.000000 0
683083 0.053700 1
683089 0.000000 0
683096 0.000000 0
683104 0.057660 1
683113 0.000000 0
683120 0.000000 0
683128 0.053120 1
683134 0.000000 0
683142 0.000000 0
683149 0.041340 1
683158 0.000000 0
683166 0.000000 0
683173 0.039250 1
683179 0.000000 0
683186 0.000000 0
683194 0.043490 1
683204 0.000000 0
683212 0.000000 0
683219 0.045880 1
683226 0.000000 0
683234 0.000000 0
683241 0.052260 1
683249 0.000000 0
683256 0.000000 0
683264 0.066740 1
683271 0.000000 0
683278 0.000000 0
683286 0.058060 1
683293 0.000000 0
683300 0.000000 0
683308 0.054960 1
683315 0.000000 0
683322 0.000000 0
683330 0.062730 1
683339 0.000000 0
683346 0.000000 0
683354 0.077240 1
683360 0.000000 0
683368 0.000000 0
683375 0.051070 1
683384 0.000000 0
683392 0.000000 0
683399 0.054400 1
683405 0.000000 0
683412 0.000000 0
683420 0.062850 1
683428 0.000000 0
683436 0.000000 0
683443 0.068330 1
683450 0.000000 0
683458 0.000000 0
683465 0.075640 1
683474 0.000000 0
683482 0.000000 0
683489 0.056200 1
683495 0.000000 0
683502 0.000000 0
683510 0.047200 1
683519 0.000000 0
683526 0.000000 0
683534 0.074110 1
683540 0.000000 0
683548 0.000000 0
683555 0.064300 1
683564 0.000000 0
683572 0.000000 0
683579 0.040590 1
683585 0.000000 0
683592 0.000000 0
683600 0.036640 1
683609 0.000000 0
683616 0.000000 0
683624 0.042420 1
683630 0.000000 0
683638 0.000000 0
683645 0.028700 1
683653 0.000000 0
683660 0.000000 0
683668 0.024080 1
683674 0.000000 0
683682 0.000000 0
683689 0.038270 1
683698 0.000000 0
683706 0.000000 0
683713 0.058460 1
683719 0.000000 0
683726 0.000000 0
683734 0.063460 1
683743 0.000000 0
683750 0.000000 0
683758 0.062120 1
683764 0.000000 0
683772 0.000000 0
683779 0.057800 1
683788 0.000000 0
683796 0.000000 0
683803 0.054960 1
683809 0.000000 0
683816 0.000000 0
683824 0.040020 1
683833 0.000000 0
683840 0.000000 0
683848 0.062610 1
683854 0.000000 0
683862 0.000000 0
683869 0.077620 1
683878 0.000000 0
683886 0.000000 0
683893 0.078600 1
683899 0.000000 0
683906 0.000000 0
683914 0.069870 1
683923 0.000000 0
683930 0.000000 0
683938 0.069210 1
683946 0.000000 0
683954 0.000000 0
683961 0.052840 1
683969 0.000000 0
683976 0.000000 0
683984 0.041700 1
683991 0.000000 0
683998 0.000000 0
684006 0.057270 1
684014 0.000000 0
684022 0.000000 0
684029 0.055370 1
684036 0.000000 0
684044 0.000000 0
684051 0.042970 1
684059 0.000000 0
684066 0.000000 0
684074 0.041340 1
684081 0.000000 0
684088 0.000000 0
684096 0.055920 1
684104 0.000000 0
684112 0.000000 0
684119 0.080140 1
684125 0.000000 0
684132 0.000000 0
684140 0.106900 1
684149 0.000000 0
684156 0.000000 0
684164 0.105180 1
684170 0.000000 0
684178 0.000000 0
684185 0.078890 1
684194 0.000000 0
684202 0.000000 0
684209 0.058460 1
684215 0.000000 0
684222 0.000000 0
684230 0.056200 1
684239 0.000000 0
684246 0.000000 0
684254 0.053120 1
684260 0.000000 0
684268 0.000000 0
684275 0.071920 1
684283 0.000000 0
684290 0.000000 0
684298 0.036420 1
684304 0.000000 0
684312 0.000000 0
684319 0.029220 1
684328 0.000000 0
684336 0.000000 0
684343 0.034710 1
684350 0.000000 0
684358 0.000000 0
684365 0.038270 1
684374 0.000000 0
684382 0.000000 0
684389 0.040590 1
684395 0.000000 0
684402 0.000000 0
684410 0.048160 1
684419 0.000000 0
684426 0.000000 0
684434 0.030750 1
684440 0.000000 0
684448 0.000000 0
684455 0.037050 1
684464 0.000000 0
684472 0.000000 0
684479 0.041150 1
684485 0.000000 0
684492 0.000000 0
684500 0.038270 1
684508 0.000000 0
684516 0.000000 0
684523 0.035160 1
684529 0.000000 0
684536 0.000000 0
684544 0.034270 1
684553 0.000000 0
684560 0.000000 0
684568 0.038270 1
684574 0.000000 0
684582 0.000000 0
684589 0.045720 1
684598 0.000000 0
684606 0.000000 0
684613 0.049090 1
684619 0.000000 0
684626 0.000000 0
684634 0.046880 1
684643 0.000000 0
684650 0.000000 0
684658 0.044530 1
684664 0.000000 0
684672 0.000000 0
684679 0.046370 1
684688 0.000000 0
684696 0.000000 0
684703 0.049260 1
684709 0.000000 0
684716 0.000000 0
684724 0.029220 1
684733 0.000000 0
684740 0.000000 0
684748 0.035370 1
684754 0.000000 0
684762 0.000000 0
684769 0.045550 1
684778 0.000000 0
684786 0.000000 0
684793 0.068100 1
684799 0.000000 0
684806 0.000000 0
684814 0.069980 1
684824 0.000000 0
684832 0.000000 0
684839 0.075440 1
684846 0.000000 0
684854 0.000000 0
684861 0.074220 1
684869 0.000000 0
684876 0.000000 0
684884 0.067660 1
684891 0.000000 0
684898 0.000000 0
684906 0.073180 1
684914 0.000000 0
684922 0.000000 0
684929 0.077440 1
684936 0.000000 0
684944 0.000000 0
684951 0.073790 1
684959 0.000000 0
684966 0.000000 0
684974 0.051070 1
684980 0.000000 0
684988 0.000000 0
684995 0.043670 1
685004 0.000000 0
685012 0.000000 0
685019 0.034490 1
685025 0.000000 0
685032 0.000000 0
685040 0.045210 1
685049 0.000000 0
685056 0.000000 0
685064 0.036640 1
685069 0.000000 0
685076 0.000000 0
685084 0.037050 1
685094 0.000000 0
685102 0.000000 0
685109 0.040960 1
685115 0.000000 0
685122 0.000000 0
685130 0.054260 1
685139 0.000000 0
685146 0.000000 0
685154 0.041890 1
685160 0.000000 0
685168 0.000000 0
685175 0.035370 1
685184 0.000000 0
685192 0.000000 0
685199 0.049090 1
685205 0.000000 0
685212 0.000000 0
685220 0.059620 1
685229 0.000000 0
685236 0.000000 0
685244 0.060380 1
685250 0.000000 0
685258 0.000000 0
685265 0.057540 1
685274 0.000000 0
685282 0.000000 0
685289 0.053830 1
685294 0.000000 0
685302 0.000000 0
685309 0.046880 1
685318 0.000000 0
685326 0.000000 0
685333 0.060500 1
685339 0.000000 0
685346 0.000000 0
685354 0.060640 1
685363 0.000000 0
685370 0.000000 0
685378 0.041150 1
685384 0.000000 0
685392 0.000000 0
685399 0.034710 1
685408 0.000000 0
685416 0.000000 0
685423 0.039250 1
685429 0.000000 0
685436 0.000000 0
685444 0.037460 1
685453 0.000000 0
685460 0.000000 0
685468 0.029480 1
685474 0.000000 0
685482 0.000000 0
685489 0.035370 1
685498 0.000000 0
685506 0.000000 0
685513 0.050630 1
685520 0.000000 0
685528 0.000000 0
685535 0.047030 1
685544 0.000000 0
685552 0.000000 0
685559 0.044710 1
685565 0.000000 0
685572 0.000000 0
685580 0.038270 1
685588 0.000000 0
685596 0.000000 0
685603 0.038860 1
685610 0.000000 0
685618 0.000000 0
685625 0.043320 1
685633 0.000000 0
685640 0.000000 0
685648 0.043140 1
685655 0.000000 0
685662 0.000000 0
685670 0.044530 1
685679 0.000000 0
685686 0.000000 0
685694 0.046880 1
685700 0.000000 0
685708 0.000000 0
685715 0.051820 1
685724 0.000000 0
685732 0.000000 0
685739 0.086810 1
685745 0.000000 0
685752 0.000000 0
685760 0.086900 1
685769 0.000000 0
685776 0.000000 0
685784 0.055100 1
685790 0.000000 0
685798 0.000000 0
685805 0.064060 1
685814 0.000000 0
685822 0.000000 0
685829 0.060000 1
685835 0.000000 0
685842 0.000000 0
685850 0.049260 1
685858 0.000000 0
685866 0.000000 0
685873 0.048940 1
685879 0.000000 0
685886 0.000000 0
685894 0.057800 1
685903 0.000000 0
685910 0.000000 0
685918 0.052980 1
685924 0.000000 0
685932 0.000000 0
685939 0.035370 1
685948 0.000000 0
685956 0.000000 0
685963 0.031720 1
685969 0.000000 0
685976 0.000000 0
685984 0.043140 1
685993 0.000000 0
686000 0.000000 0
686008 0.043320 1
686014 0.000000 0
686022 0.000000 0
686029 0.048460 1
686038 0.000000 0
686046 0.000000 0
686053 0.046880 1
686059 0.000000 0
686066 0.000000 0
686074 0.047030 1
686083 0.000000 0
686090 0.000000 0
686098 0.054260 1
686104 0.000000 0
686112 0.000000 0
686119 0.060500 1
686129 0.000000 0
686136 0.000000 0
686144 0.068440 1
686151 0.000000 0
686158 0.000000 0
686166 0.067770 1
686173 0.000000 0
686180 0.000000 0
686188 0.069210 1
686196 0.000000 0
686204 0.000000 0
686211 0.053410 1
686218 0.000000 0
686226 0.000000 0
686233 0.065350 1
686240 0.000000 0
686248 0.000000 0
686255 0.065830 1
686264 0.000000 0
686272 0.000000 0
686279 0.078510 1
686285 0.000000 0
686292 0.000000 0
686300 0.074720 1
686309 0.000000 0
686316 0.000000 0
686324 0.064530 1
686330 0.000000 0
686338 0.000000 0
686345 0.061140 1
686354 0.000000 0
686362 0.000000 0
686369 0.061390 1
686375 0.000000 0
686382 0.000000 0
686390 0.046710 1
686399 0.000000 0
686406 0.000000 0
686414 0.050920 1
686420 0.000000 0
686428 0.000000 0
686435 0.058320 1
686444 0.000000 0
686452 0.000000 0
686459 0.049090 1
686465 0.000000 0
686472 0.000000 0
686480 0.046540 1
686489 0.000000 0
686496 0.000000 0
686504 0.040770 1
686510 0.000000 0
686518 0.000000 0
686525 0.040770 1
686534 0.000000 0
686542 0.000000 0
686549 0.044710 1
686555 0.000000 0
686562 0.000000 0
686570 0.054400 1
686578 0.000000 0
686586 0.000000 0
686593 0.052840 1
686599 0.000000 0
686606 0.000000 0
686614 0.047350 1
686623 0.000000 0
686630 0.000000 0
686638 0.051220 1
686644 0.000000 0
686652 0.000000 0
686659 0.049090 1
686668 0.000000 0
686676 0.000000 0
686683 0.051220 1
686689 0.000000 0
686696 0.000000 0
686704 0.036640 1
686713 0.000000 0
686720 0.000000 0
686728 0.081930 1
686734 0.000000 0
686742 0.000000 0
686749 0.087430 1
686758 0.000000 0
686766 0.000000 0
686773 0.068880 1
686779 0.000000 0
686786 0.000000 0
686794 0.046710 1
686803 0.000000 0
686810 0.000000 0
686818 0.064530 1
686824 0.000000 0
686832 0.000000 0
686839 0.058060 1
686848 0.000000 0
686856 0.000000 0
686863 0.037660 1
686871 0.000000 0
686878 0.000000 0
686886 0.048780 1
686894 0.000000 0
686902 0.000000 0
686909 0.054120 1
686916 0.000000 0
686924 0.000000 0
686931 0.040210 1
686938 0.000000 0
686946 0.000000 0
686953 0.035580 1
686959 0.000000 0
686966 0.000000 0
686974 0.052400 1
686983 0.000000 0
686990 0.000000 0
686998 0.051070 1
687005 0.000000 0
687012 0.000000 0
687020 0.060760 1
687029 0.000000 0
687036 0.000000 0
687044 0.062730 1
687050 0.000000 0
687058 0.000000 0
687065 0.060500 1
687074 0.000000 0
687082 0.000000 0
687089 0.066160 1
687095 0.000000 0
687102 0.000000 0
687110 0.062610 1
687119 0.000000 0
687126 0.000000 0
687134 0.052840 1
687140 0.000000 0
687148 0.000000 0
687155 0.056600 1
687164 0.000000 0
687172 0.000000 0
687179 0.048160 1
687185 0.000000 0
687192 0.000000 0
687200 0.076540 1
687209 0.000000 0
687216 0.000000 0
687224 0.096470 1
687230 0.000000 0
687238 0.000000 0
687245 0.087160 1
687254 0.000000 0
687262 0.000000 0
687269 0.047990 1
687274 0.000000 0
687282 0.000000 0
687289 0.044880 1
687298 0.000000 0
687306 0.000000 0
687313 0.051380 1
687319 0.000000 0
687326 0.000000 0
687334 0.049260 1
687343 0.000000 0
687350 0.000000 0
687358 0.048630 1
687363 0.000000 0
687370 0.000000 0
687378 0.042250 1
687388 0.000000 0
687396 0.000000 0
687403 0.058980 1
687409 0.000000 0
687416 0.000000 0
687424 0.052980 1
687433 0.000000 0
687440 0.000000 0
687448 0.053120 1
687454 0.000000 0
687462 0.000000 0
687469 0.052110 1
687478 0.000000 0
687486 0.000000 0
687493 0.049410 1
687499 0.000000 0
687506 0.000000 0
687514 0.044010 1
687523 0.000000 0
687530 0.000000 0
687538 0.046710 1
687544 0.000000 0
687552 0.000000 0
687559 0.067310 1
687568 0.000000 0
687576 0.000000 0
687583 0.053120 1
687589 0.000000 0
687596 0.000000 0
687604 0.053830 1
687613 0.000000 0
687620 0.000000 0
687628 0.059620 1
687636 0.000000 0
687644 0.000000 0
687651 0.061390 1
687659 0.000000 0
687666 0.000000 0
687674 0.080990 1
687681 0.000000 0
687688 0.000000 0
687696 0.091600 1
687704 0.000000 0
687712 0.000000 0
687719 0.083770 1
687725 0.000000 0
687732 0.000000 0
687740 0.048630 1
687748 0.000000 0
687756 0.000000 0
687763 0.045550 1
687770 0.000000 0
687778 0.000000 0
687785 0.041890 1
687794 0.000000 0
687802 0.000000 0
687809 0.057940 1
687815 0.000000 0
687822 0.000000 0
687830 0.074920 1
687839 0.000000 0
687846 0.000000 0
687854 0.074420 1
687860 0.000000 0
687868 0.000000 0
687875 0.068770 1
687884 0.000000 0
687892 0.000000 0
687899 0.066060 1
687904 0.000000 0
687912 0.000000 0
687919 0.052550 1
687929 0.000000 0
687936 0.000000 0
687944 0.041340 1
687950 0.000000 0
687958 0.000000 0
687965 0.043490 1
687974 0.000000 0
687982 0.000000 0
687989 0.073270 1
687995 0.000000 0
688002 0.000000 0
688010 0.069870 1
688019 0.000000 0
688026 0.000000 0
688034 0.056340 1
688040 0.000000 0
688048 0.000000 0
688055 0.055370 1
688064 0.000000 0
688072 0.000000 0
688079 0.072340 1
688085 0.000000 0
688092 0.000000 0
688100 0.076230 1
688109 0.000000 0
688116 0.000000 0
688124 0.068990 1
688130 0.000000 0
688138 0.000000 0
688145 0.078710 1
688153 0.000000 0
688160 0.000000 0
688168 0.090260 1
688174 0.000000 0
688182 0.000000 0
688189 0.076740 1
688198 0.000000 0
688206 0.000000 0
688213 0.050170 1
688219 0.000000 0
688226 0.000000 0
688234 0.044010 1
688243 0.000000 0
688250 0.000000 0
688258 0.037870 1
688264 0.000000 0
688272 0.000000 0
688279 0.041340 1
688288 0.000000 0
688296 0.000000 0
688303 0.037870 1
688309 0.000000 0
688316 0.000000 0
688324 0.067990 1
688333 0.000000 0
688340 0.000000 0
688348 0.069320 1
688354 0.000000 0
688362 0.000000 0
688369 0.058060 1
688378 0.000000 0
688386 0.000000 0
688393 0.064530 1
688399 0.000000 0
688406 0.000000 0
688414 0.061880 1
688423 0.000000 0
688430 0.000000 0
688438 0.053270 1
688444 0.000000 0
688452 0.000000 0
688459 0.050630 1
688468 0.000000 0
688476 0.000000 0
688483 0.039440 1
688489 0.000000 0
688496 0.000000 0
688504 0.038270 1
688513 0.000000 0
688520 0.000000 0
688528 0.029480 1
688534 0.000000 0
688542 0.000000 0
688549 0.041890 1
688558 0.000000 0
688566 0.000000 0
688573 0.051510 1
688579 0.000000 0
688586 0.000000 0
688594 0.041890 1
688603 0.000000 0
688610 0.000000 0
688618 0.044710 1
688624 0.000000 0
688632 0.000000 0
688639 0.055370 1
688648 0.000000 0
688656 0.000000 0
688663 0.045040 1
688671 0.000000 0
688678 0.000000 0
688686 0.039830 1
688694 0.000000 0
688702 0.000000 0
688709 0.031250 1
688716 0.000000 0
688724 0.000000 0
688731 0.048630 1
688739 0.000000 0
688746 0.000000 0
688754 0.056200 1
688761 0.000000 0
688768 0.000000 0
688776 0.064420 1
688784 0.000000 0
688792 0.000000 0
688799 0.064180 1
688805 0.000000 0
688812 0.000000 0
688820 0.070420 1
688829 0.000000 0
688836 0.000000 0
688844 0.067770 1
688850 0.000000 0
688858 0.000000 0
688865 0.056340 1
688874 0.000000 0
688882 0.000000 0
688889 0.050020 1
688895 0.000000 0
688902 0.000000 0
688910 0.049260 1
688918 0.000000 0
688926 0.000000 0
688933 0.049870 1
688940 0.000000 0
688948 0.000000 0
688955 0.047670 1
688963 0.000000 0
688970 0.000000 0
688978 0.042420 1
688985 0.000000 0
688992 0.000000 0
689000 0.038070 1
689009 0.000000 0
689016 0.000000 0
689024 0.038860 1
689030 0.000000 0
689038 0.000000 0
689045 0.046540 1
689054 0.000000 0
689062 0.000000 0
689069 0.041520 1
689075 0.000000 0
689082 0.000000 0
689090 0.048460 1
689099 0.000000 0
689106 0.000000 0
689114 0.045210 1
689119 0.000000 0
689126 0.000000 0
689134 0.034490 1
689144 0.000000 0
689152 0.000000 0
689159 0.030240 1
689164 0.000000 0
689172 0.000000 0
689179 0.036850 1
689189 0.000000 0
689196 0.000000 0
689204 0.036420 1
689209 0.000000 0
689216 0.000000 0
689224 0.040590 1
689233 0.000000 0
689240 0.000000 0
689248 0.045040 1
689254 0.000000 0
689262 0.000000 0
689269 0.051820 1
689278 0.000000 0
689286 0.000000 0
689293 0.051670 1
689299 0.000000 0
689306 0.000000 0
689314 0.050020 1
689323 0.000000 0
689330 0.000000 0
689338 0.047350 1
689344 0.000000 0
689352 0.000000 0
689359 0.046880 1
689368 0.000000 0
689376 0.000000 0
689383 0.053560 1
689389 0.000000 0
689396 0.000000 0
689404 0.049260 1
689413 0.000000 0
689420 0.000000 0
689428 0.036850 1
689434 0.000000 0
689442 0.000000 0
689449 0.027620 1
689458 0.000000 0
689466 0.000000 0
689473 0.044010 1
689479 0.000000 0
689486 0.000000 0
689494 0.037870 1
689503 0.000000 0
689510 0.000000 0
689518 0.036640 1
689525 0.000000 0
689532 0.000000 0
689540 0.037460 1
689549 0.000000 0
689556 0.000000 0
689564 0.053970 1
689571 0.000000 0
689578 0.000000 0
689586 0.063940 1
689594 0.000000 0
689602 0.000000 0
689609 0.048160 1
689616 0.000000 0
689624 0.000000 0
689631 0.047670 1
689638 0.000000 0
689646 0.000000 0
689653 0.047840 1
689660 0.000000 0
689668 0.000000 0
689675 0.043670 1
689684 0.000000 0
689692 0.000000 0
689699 0.044190 1
689705 0.000000 0
689712 0.000000 0
689720 0.053830 1
689728 0.000000 0
689736 0.000000 0
689743 0.061510 1
689750 0.000000 0
689758 0.000000 0
689765 0.048940 1
689774 0.000000 0
689782 0.000000 0
689789 0.044190 1
689795 0.000000 0
689802 0.000000 0
689810 0.039440 1
689819 0.000000 0
689826 0.000000 0
689834 0.034930 1
689840 0.000000 0
689848 0.000000 0
689855 0.045720 1
689864 0.000000 0
689872 0.000000 0
689879 0.065710 1
689885 0.000000 0
689892 0.000000 0
689900 0.063940 1
689909 0.000000 0
689916 0.000000 0
689924 0.056460 1
689929 0.000000 0
689936 0.000000 0
689944 0.049410 1
689953 0.000000 0
689960 0.000000 0
689968 0.061880 1
689974 0.000000 0
689982 0.000000 0
689989 0.056730 1
689998 0.000000 0
690006 0.000000 0
690013 0.046220 1
690019 0.000000 0
690026 0.000000 0
690034 0.050480 1
690043 0.000000 0
690050 0.000000 0
690058 0.056340 1
690064 0.000000 0
690072 0.000000 0
690079 0.038860 1
690088 0.000000 0
690096 0.000000 0
690103 0.039250 1
690109 0.000000 0
690116 0.000000 0
690124 0.042250 1
690133 0.000000 0
690140 0.000000 0
690148 0.052110 1
690154 0.000000 0
690162 0.000000 0
690169 0.043320 1
690179 0.000000 0
690186 0.000000 0
690194 0.054400 1
690200 0.000000 0
690208 0.000000 0
690215 0.062970 1
690223 0.000000 0
690230 0.000000 0
690238 0.069110 1
690245 0.000000 0
690252 0.000000 0
690260 0.052400 1
690268 0.000000 0
690276 0.000000 0
690283 0.048630 1
690290 0.000000 0
690298 0.000000 0
690305 0.048310 1
690313 0.000000 0
690320 0.000000 0
690328 0.051380 1
690335 0.000000 0
690342 0.000000 0
690350 0.053410 1
690359 0.000000 0
690366 0.000000 0
690374 0.057940 1
690380 0.000000 0
690388 0.000000 0
690395 0.070630 1
690404 0.000000 0
690412 0.000000 0
690419 0.050780 1
690425 0.000000 0
690432 0.000000 0
690440 0.058720 1
690449 0.000000 0
690456 0.000000 0
690464 0.054960 1
690470 0.000000 0
690478 0.000000 0
690485 0.054690 1
690493 0.000000 0
690500 0.000000 0
690508 0.073700 1
690514 0.000000 0
690522 0.000000 0
690529 0.065130 1
690538 0.000000 0
690546 0.000000 0
690553 0.045880 1
690559 0.000000 0
690566 0.000000 0
690574 0.043140 1
690583 0.000000 0
690590 0.000000 0
690598 0.048160 1
690604 0.000000 0
690612 0.000000 0
690619 0.053560 1
690628 0.000000 0
690636 0.000000 0
690643 0.052690 1
690649 0.000000 0
690656 0.000000 0
690664 0.053270 1
690673 0.000000 0
690680 0.000000 0
690688 0.044010 1
690694 0.000000 0
690702 0.000000 0
690709 0.044010 1
690718 0.000000 0
690726 0.000000 0
690733 0.047030 1
690739 0.000000 0
690746 0.000000 0
690754 0.051510 1
690764 0.000000 0
690772 0.000000 0
690779 0.049090 1
690786 0.000000 0
690794 0.000000 0
690801 0.037870 1
690808 0.000000 0
690816 0.000000 0
690823 0.069430 1
690831 0.000000 0
690838 0.000000 0
690846 0.054260 1
690853 0.000000 0
690860 0.000000 0
690868 0.054830 1
690875 0.000000 0
690882 0.000000 0
690890 0.062120 1
690899 0.000000 0
690906 0.000000 0
690914 0.060260 1
690920 0.000000 0
690928 0.000000 0
690935 0.056340 1
690944 0.000000 0
690952 0.000000 0
690959 0.069760 1
690965 0.000000 0
690972 0.000000 0
690980 0.080900 1
690989 0.000000 0
690996 0.000000 0
691004 0.070080 1
691010 0.000000 0
691018 0.000000 0
691025 0.041700 1
691034 0.000000 0
691042 0.000000 0
691049 0.037870 1
691055 0.000000 0
691062 0.000000 0
691070 0.052110 1
691079 0.000000 0
691086 0.000000 0
691094 0.049260 1
691100 0.000000 0
691108 0.000000 0
691115 0.051820 1
691124 0.000000 0
691132 0.000000 0
691139 0.048940 1
691145 0.000000 0
691152 0.000000 0
691160 0.048160 1
691168 0.000000 0
691176 0.000000 0
691183 0.040410 1
691189 0.000000 0
691196 0.000000 0
691204 0.065480 1
691213 0.000000 0
691220 0.000000 0
691228 0.058980 1
691234 0.000000 0
691242 0.000000 0
691249 0.063460 1
691258 0.000000 0
691266 0.000000 0
691273 0.054690 1
691279 0.000000 0
691286 0.000000 0
691294 0.069540 1
691303 0.000000 0
691310 0.000000 0
691318 0.057130 1
691324 0.000000 0
691332 0.000000 0
691339 0.056200 1
691348 0.000000 0
691356 0.000000 0
691363 0.055510 1
691369 0.000000 0
691376 0.000000 0
691384 0.057400 1
691393 0.000000 0
691400 0.000000 0
691408 0.052400 1
691414 0.000000 0
691422 0.000000 0
691429 0.076040 1
691439 0.000000 0
691446 0.000000 0
691454 0.087080 1
691461 0.000000 0
691468 0.000000 0
691476 0.073490 1
691484 0.000000 0
691492 0.000000 0
691499 0.050920 1
691506 0.000000 0
691514 0.000000 0
691521 0.054400 1
691529 0.000000 0
691536 0.000000 0
691544 0.046540 1
691551 0.000000 0
691558 0.000000 0
691566 0.039830 1
691574 0.000000 0
691582 0.000000 0
691589 0.037870 1
691595 0.000000 0
691602 0.000000 0
691610 0.040410 1
691618 0.000000 0
691626 0.000000 0
691633 0.035580 1
691640 0.000000 0
691648 0.000000 0
691655 0.055790 1
691664 0.000000 0
691672 0.000000 0
691679 0.040410 1
691685 0.000000 0
691692 0.000000 0
691700 0.031480 1
691709 0.000000 0
691716 0.000000 0
691724 0.046370 1
691730 0.000000 0
691738 0.000000 0
691745 0.054400 1
691754 0.000000 0
691762 0.000000 0
691769 0.061140 1
691775 0.000000 0
691782 0.000000 0
691790 0.061140 1
691799 0.000000 0
691806 0.000000 0
691814 0.065830 1
691819 0.000000 0
691826 0.000000 0
691834 0.068100 1
691843 0.000000 0
691850 0.000000 0
691858 0.058460 1
691864 0.000000 0
691872 0.000000 0
691879 0.056460 1
691888 0.000000 0
691896 0.000000 0
691903 0.091940 1
691909 0.000000 0
691916 0.000000 0
691924 0.089660 1
691933 0.000000 0
691940 0.000000 0
691948 0.053830 1
691954 0.000000 0
691962 0.000000 0
691969 0.032210 1
691978 0.000000 0
691986 0.000000 0
691993 0.049710 1
691999 0.000000 0
692006 0.000000 0
692014 0.057270 1
692023 0.000000 0
692030 0.000000 0
692038 0.049260 1
692044 0.000000 0
692052 0.000000 0
692059 0.033370 1
692068 0.000000 0
692076 0.000000 0
692083 0.037870 1
692089 0.000000 0
692096 0.000000 0
692104 0.028960 1
692113 0.000000 0
692120 0.000000 0
692128 0.042070 1
692134 0.000000 0
692142 0.000000 0
692149 0.050630 1
692159 0.000000 0
692166 0.000000 0
692174 0.069540 1
692181 0.000000 0
692188 0.000000 0
692196 0.065710 1
692203 0.000000 0
692210 0.000000 0
692218 0.055510 1
692225 0.000000 0
692232 0.000000 0
692240 0.064420 1
692248 0.000000 0
692256 0.000000 0
692263 0.052690 1
692270 0.000000 0
692278 0.000000 0
692285 0.056060 1
692294 0.000000 0
692302 0.000000 0
692309 0.074110 1
692314 0.000000 0
692322 0.000000 0
692329 0.068330 1
692339 0.000000 0
692346 0.000000 0
692354 0.065480 1
692360 0.000000 0
692368 0.000000 0
692375 0.085040 1
692384 0.000000 0
692392 0.000000 0
692399 0.083770 1
692405 0.000000 0
692412 0.000000 0
692420 0.046710 1
692429 0.000000 0
692436 0.000000 0
692444 0.046540 1
692450 0.000000 0
692458 0.000000 0
692465 0.045880 1
692474 0.000000 0
692482 0.000000 0
692489 0.044360 1
692495 0.000000 0
692502 0.000000 0
692510 0.053270 1
692519 0.000000 0
692526 0.000000 0
692534 0.040410 1
692540 0.000000 0
692548 0.000000 0
692555 0.037460 1
692564 0.000000 0
692572 0.000000 0
692579 0.035370 1
692584 0.000000 0
692592 0.000000 0
692599 0.033140 1
692608 0.000000 0
692616 0.000000 0
692623 0.044710 1
692629 0.000000 0
692636 0.000000 0
692644 0.046710 1
692653 0.000000 0
692660 0.000000 0
692668 0.051220 1
692674 0.000000 0
692682 0.000000 0
692689 0.051820 1
692698 0.000000 0
692706 0.000000 0
692713 0.057800 1
692719 0.000000 0
692726 0.000000 0
692734 0.055790 1
692743 0.000000 0
692750 0.000000 0
692758 0.053120 1
692764 0.000000 0
692772 0.000000 0
692779 0.064530 1
692788 0.000000 0
692796 0.000000 0
692803 0.063580 1
692809 0.000000 0
692816 0.000000 0
692824 0.070740 1
692833 0.000000 0
692840 0.000000 0
692848 0.093000 1
692854 0.000000 0
692862 0.000000 0
692869 0.078800 1
692878 0.000000 0
692886 0.000000 0
692893 0.043490 1
692901 0.000000 0
692908 0.000000 0
692916 0.040960 1
692924 0.000000 0
692932 0.000000 0
692939 0.036010 1
692946 0.000000 0
692954 0.000000 0
692961 0.042250 1
692969 0.000000 0
692976 0.000000 0
692984 0.037870 1
692991 0.000000 0
692998 0.000000 0
693006 0.043840 1
693013 0.000000 0
693020 0.000000 0
693028 0.046370 1
693035 0.000000 0
693042 0.000000 0
693050 0.044360 1
693059 0.000000 0
693066 0.000000 0
693074 0.039060 1
693080 0.000000 0
693088 0.000000 0
693095 0.031720 1
693104 0.000000 0
693112 0.000000 0
693119 0.037870 1
693125 0.000000 0
693132 0.000000 0
693140 0.046220 1
693148 0.000000 0
693156 0.000000 0
693163 0.051510 1
693170 0.000000 0
693178 0.000000 0
693185 0.066510 1
693194 0.000000 0
693202 0.000000 0
693209 0.047200 1
693214 0.000000 0
693222 0.000000 0
693229 0.050320 1
693239 0.000000 0
693246 0.000000 0
693254 0.063830 1
693260 0.000000 0
693268 0.000000 0
693275 0.064530 1
693284 0.000000 0
693292 0.000000 0
693299 0.076450 1
693304 0.000000 0
693312 0.000000 0
693319 0.088640 1
693328 0.000000 0
693336 0.000000 0
693343 0.067200 1
693349 0.000000 0
693356 0.000000 0
693364 0.044010 1
693373 0.000000 0
693380 0.000000 0
693388 0.045880 1
693394 0.000000 0
693402 0.000000 0
693409 0.047520 1
693418 0.000000 0
693426 0.000000 0
693433 0.047200 1
693439 0.000000 0
693446 0.000000 0
693454 0.047990 1
693463 0.000000 0
693470 0.000000 0
693478 0.042600 1
693484 0.000000 0
693492 0.000000 0
693499 0.045880 1
693508 0.000000 0
693516 0.000000 0
693523 0.052110 1
693529 0.000000 0
693536 0.000000 0
693544 0.036420 1
693553 0.000000 0
693560 0.000000 0
693568 0.044710 1
693576 0.000000 0
693584 0.000000 0
693591 0.062000 1
693599 0.000000 0
693606 0.000000 0
693614 0.088900 1
693621 0.000000 0
693628 0.000000 0
693636 0.078800 1
693643 0.000000 0
693650 0.000000 0
693658 0.057540 1
693666 0.000000 0
693674 0.000000 0
693681 0.045210 1
693689 0.000000 0
693696 0.000000 0
693704 0.051070 1
693710 0.000000 0
693718 0.000000 0
693725 0.055510 1
693734 0.000000 0
693742 0.000000 0
693749 0.052690 1
693755 0.000000 0
693762 0.000000 0
693770 0.075330 1
693778 0.000000 0
693786 0.000000 0
693793 0.090420 1
693800 0.000000 0
693808 0.000000 0
693815 0.067770 1
693824 0.000000 0
693832 0.000000 0
693839 0.039060 1
693845 0.000000 0
693852 0.000000 0
693860 0.035800 1
693869 0.000000 0
693876 0.000000 0
693884 0.049560 1
693890 0.000000 0
693898 0.000000 0
693905 0.052400 1
693914 0.000000 0
693922 0.000000 0
693929 0.040960 1
693935 0.000000 0
693942 0.000000 0
693950 0.042070 1
693959 0.000000 0
693966 0.000000 0
693974 0.053120 1
693980 0.000000 0
693988 0.000000 0
693995 0.060640 1
694004 0.000000 0
694012 0.000000 0
694019 0.060500 1
694024 0.000000 0
694032 0.000000 0
694039 0.058060 1
694048 0.000000 0
694056 0.000000 0
694063 0.054960 1
694069 0.000000 0
694076 0.000000 0
694084 0.039830 1
694093 0.000000 0
694100 0.000000 0
694108 0.048940 1
694114 0.000000 0
694122 0.000000 0
694129 0.052690 1
694138 0.000000 0
694146 0.000000 0
694153 0.047670 1
694159 0.000000 0
694166 0.000000 0
694174 0.070080 1
694183 0.000000 0
694190 0.000000 0
694198 0.071170 1
694204 0.000000 0
694212 0.000000 0
694219 0.058590 1
694228 0.000000 0
694236 0.000000 0
694243 0.071600 1
694249 0.000000 0
694256 0.000000 0
694264 0.078220 1
694273 0.000000 0
694280 0.000000 0
694288 0.067870 1
694294 0.000000 0
694302 0.000000 0
694309 0.045380 1
694318 0.000000 0
694326 0.000000 0
694333 0.041700 1
694341 0.000000 0
694348 0.000000 0
694356 0.050780 1
694364 0.000000 0
694372 0.000000 0
694379 0.052260 1
694386 0.000000 0
694394 0.000000 0
694401 0.039640 1
694409 0.000000 0
694416 0.000000 0
694424 0.037460 1
694431 0.000000 0
694438 0.000000 0
694446 0.047670 1
694454 0.000000 0
694462 0.000000 0
694469 0.048310 1
694475 0.000000 0
694482 0.000000 0
694490 0.042250 1
694499 0.000000 0
694506 0.000000 0
694514 0.047990 1
694520 0.000000 0
694528 0.000000 0
694535 0.058060 1
694544 0.000000 0
694552 0.000000 0
694559 0.076540 1
694565 0.000000 0
694572 0.000000 0
694580 0.070530 1
694589 0.000000 0
694596 0.000000 0
694604 0.054540 1
694610 0.000000 0
694618 0.000000 0
694625 0.054260 1
694634 0.000000 0
694642 0.000000 0
694649 0.076230 1
694655 0.000000 0
694662 0.000000 0
694670 0.084950 1
694679 0.000000 0
694686 0.000000 0
694694 0.077930 1
694700 0.000000 0
694708 0.000000 0
694715 0.030500 1
694723 0.000000 0
694730 0.000000 0
694738 0.043670 1
694744 0.000000 0
694752 0.000000 0
694759 0.048630 1
694768 0.000000 0
694776 0.000000 0
694783 0.060000 1
694789 0.000000 0
694796 0.000000 0
694804 0.054260 1
694813 0.000000 0
694820 0.000000 0
694828 0.039250 1
694834 0.000000 0
694842 0.000000 0
694849 0.032910 1
694858 0.000000 0
694866 0.000000 0
694873 0.029220 1
694879 0.000000 0
694886 0.000000 0
694894 0.056730 1
694903 0.000000 0
694910 0.000000 0
694918 0.064420 1
694924 0.000000 0
694932 0.000000 0
694939 0.064650 1
694948 0.000000 0
694956 0.000000 0
694963 0.063340 1
694969 0.000000 0
694976 0.000000 0
694984 0.050780 1
694993 0.000000 0
695000 0.000000 0
695008 0.053120 1
695014 0.000000 0
695022 0.000000 0
695029 0.060760 1
695039 0.000000 0
695046 0.000000 0
695054 0.057940 1
695060 0.000000 0
695068 0.000000 0
695075 0.058980 1
695084 0.000000 0
695092 0.000000 0
695099 0.073590 1
695106 0.000000 0
695114 0.000000 0
695121 0.081830 1
695129 0.000000 0
695136 0.000000 0
695144 0.069430 1
695151 0.000000 0
695158 0.000000 0
695166 0.046880 1
695174 0.000000 0
695182 0.000000 0
695189 0.018720 1
695195 0.000000 0
695202 0.000000 0
695210 0.036220 1
695219 0.000000 0
695226 0.000000 0
695234 0.054540 1
695240 0.000000 0
695248 0.000000 0
695255 0.052260 1
695264 0.000000 0
695272 0.000000 0
695279 0.046540 1
695285 0.000000 0
695292 0.000000 0
695300 0.059100 1
695309 0.000000 0
695316 0.000000 0
695324 0.062240 1
695330 0.000000 0
695338 0.000000 0
695345 0.075440 1
695354 0.000000 0
695362 0.000000 0
695369 0.070190 1
695375 0.000000 0
695382 0.000000 0
695390 0.072970 1
695399 0.000000 0
695406 0.000000 0
695414 0.069760 1
695420 0.000000 0
695428 0.000000 0
695435 0.055240 1
695444 0.000000 0
695452 0.000000 0
695459 0.062610 1
695465 0.000000 0
695472 0.000000 0
695480 0.057400 1
695489 0.000000 0
695496 0.000000 0
695504 0.057010 1
695509 0.000000 0
695516 0.000000 0
695524 0.057940 1
695534 0.000000 0
695542 0.000000 0
695549 0.056060 1
695555 0.000000 0
695562 0.000000 0
695570 0.049260 1
695578 0.000000 0
695586 0.000000 0
695593 0.050920 1
695599 0.000000 0
695606 0.000000 0
695614 0.052550 1
695623 0.000000 0
695630 0.000000 0
695638 0.045550 1
695644 0.000000 0
695652 0.000000 0
695659 0.031970 1
695668 0.000000 0
695676 0.000000 0
695683 0.044010 1
695689 0.000000 0
695696 0.000000 0
695704 0.049870 1
695713 0.000000 0
695720 0.000000 0
695728 0.043140 1
695734 0.000000 0
695742 0.000000 0
695749 0.031970 1
695758 0.000000 0
695766 0.000000 0
695773 0.039640 1
695779 0.000000 0
695786 0.000000 0
695794 0.041520 1
695803 0.000000 0
695810 0.000000 0
695818 0.064650 1
695824 0.000000 0
695832 0.000000 0
695839 0.074220 1
695848 0.000000 0
695856 0.000000 0
695863 0.063340 1
695869 0.000000 0
695876 0.000000 0
695884 0.062970 1
695893 0.000000 0
695900 0.000000 0
695908 0.057270 1
695914 0.000000 0
695922 0.000000 0
695929 0.057010 1
695938 0.000000 0
695946 0.000000 0
695953 0.049090 1
695959 0.000000 0
695966 0.000000 0
695974 0.053970 1
695983 0.000000 0
695990 0.000000 0
695998 0.044360 1
696005 0.000000 0
696012 0.000000 0
696020 0.047030 1
696029 0.000000 0
696036 0.000000 0
696044 0.043140 1
696050 0.000000 0
696058 0.000000 0
696065 0.049260 1
696074 0.000000 0
696082 0.000000 0
696089 0.044710 1
696096 0.000000 0
696104 0.000000 0
696111 0.053700 1
696119 0.000000 0
696126 0.000000 0
696134 0.053970 1
696139 0.000000 0
696146 0.000000 0
696154 0.052110 1
696163 0.000000 0
696170 0.000000 0
696178 0.057400 1
696184 0.000000 0
696192 0.000000 0
696199 0.058980 1
696208 0.000000 0
696216 0.000000 0
696223 0.067770 1
696230 0.000000 0
696238 0.000000 0
696245 0.058460 1
696254 0.000000 0
696262 0.000000 0
696269 0.036220 1
696275 0.000000 0
696282 0.000000 0
696290 0.047030 1
696299 0.000000 0
696306 0.000000 0
696314 0.058720 1
696320 0.000000 0
696328 0.000000 0
696335 0.059360 1
696344 0.000000 0
696352 0.000000 0
696359 0.048780 1
696365 0.000000 0
696372 0.000000 0
696380 0.042970 1
696389 0.000000 0
696396 0.000000 0
696404 0.052550 1
696410 0.000000 0
696418 0.000000 0
696425 0.063340 1
696434 0.000000 0
696442 0.000000 0
696449 0.057130 1
696455 0.000000 0
696462 0.000000 0
696470 0.052110 1
696479 0.000000 0
696486 0.000000 0
696494 0.046370 1
696500 0.000000 0
696508 0.000000 0
696515 0.042790 1
696524 0.000000 0
696532 0.000000 0
696539 0.052110 1
696545 0.000000 0
696552 0.000000 0
696560 0.042970 1
696568 0.000000 0
696576 0.000000 0
696583 0.034710 1
696589 0.000000 0
696596 0.000000 0
696604 0.035370 1
696613 0.000000 0
696620 0.000000 0
696628 0.045720 1
696634 0.000000 0
696642 0.000000 0
696649 0.053410 1
696658 0.000000 0
696666 0.000000 0
696673 0.066510 1
696679 0.000000 0
696686 0.000000 0
696694 0.071920 1
696703 0.000000 0
696710 0.000000 0
696718 0.048160 1
696724 0.000000 0
696732 0.000000 0
696739 0.035800 1
696748 0.000000 0
696756 0.000000 0
696763 0.054960 1
696769 0.000000 0
696776 0.000000 0
696784 0.062000 1
696793 0.000000 0
696800 0.000000 0
696808 0.058060 1
696814 0.000000 0
696822 0.000000 0
696829 0.063580 1
696838 0.000000 0
696846 0.000000 0
696853 0.047350 1
696859 0.000000 0
696866 0.000000 0
696874 0.048780 1
696883 0.000000 0
696890 0.000000 0
696898 0.043320 1
696904 0.000000 0
696912 0.000000 0
696919 0.055100 1
696929 0.000000 0
696936 0.000000 0
696944 0.056460 1
696950 0.000000 0
696958 0.000000 0
696965 0.051070 1
696974 0.000000 0
696982 0.000000 0
696989 0.067990 1
696995 0.000000 0
697002 0.000000 0
697010 0.063710 1
697019 0.000000 0
697026 0.000000 0
697034 0.051220 1
697040 0.000000 0
697048 0.000000 0
697055 0.027890 1
697064 0.000000 0
697072 0.000000 0
697079 0.040770 1
697085 0.000000 0
697092 0.000000 0
697100 0.037870 1
697109 0.000000 0
697116 0.000000 0
697124 0.037050 1
697130 0.000000 0
697138 0.000000 0
697145 0.040410 1
697154 0.000000 0
697162 0.000000 0
697169 0.037870 1
697175 0.000000 0
697182 0.000000 0
697190 0.032670 1
697199 0.000000 0
697206 0.000000 0
697214 0.032910 1
697220 0.000000 0
697228 0.000000 0
697235 0.047200 1
697244 0.000000 0
697252 0.000000 0
697259 0.058980 1
697265 0.000000 0
697272 0.000000 0
697280 0.057660 1
697289 0.000000 0
697296 0.000000 0
697304 0.046220 1
697309 0.000000 0
697316 0.000000 0
697324 0.053270 1
697333 0.000000 0
697340 0.000000 0
697348 0.053410 1
697354 0.000000 0
697362 0.000000 0
697369 0.043490 1
697378 0.000000 0
697386 0.000000 0
697393 0.048460 1
697399 0.000000 0
697406 0.000000 0
697414 0.047840 1
697423 0.000000 0
697430 0.000000 0
697438 0.053700 1
697444 0.000000 0
697452 0.000000 0
697459 0.049870 1
697468 0.000000 0
697476 0.000000 0
697483 0.060140 1
697489 0.000000 0
697496 0.000000 0
697504 0.055650 1
697513 0.000000 0
697520 0.000000 0
697528 0.051670 1
697534 0.000000 0
697542 0.000000 0
697549 0.044190 1
697558 0.000000 0
697566 0.000000 0
697573 0.049090 1
697581 0.000000 0
697588 0.000000 0
697596 0.046880 1
697604 0.000000 0
697612 0.000000 0
697619 0.041890 1
697626 0.000000 0
697634 0.000000 0
697641 0.043840 1
697649 0.000000 0
697656 0.000000 0
697664 0.042070 1
697671 0.000000 0
697678 0.000000 0
697686 0.082310 1
697694 0.000000 0
697702 0.000000 0
697709 0.097660 1
697715 0.000000 0
697722 0.000000 0
697730 0.073900 1
697739 0.000000 0
697746 0.000000 0
697754 0.073380 1
697760 0.000000 0
697768 0.000000 0
697775 0.074420 1
697783 0.000000 0
697790 0.000000 0
697798 0.063340 1
697805 0.000000 0
697812 0.000000 0
697820 0.063710 1
697829 0.000000 0
697836 0.000000 0
697844 0.058720 1
697850 0.000000 0
697858 0.000000 0
697865 0.047030 1
697873 0.000000 0
697880 0.000000 0
697888 0.040410 1
697895 0.000000 0
697902 0.000000 0
697910 0.041890 1
697919 0.000000 0
697926 0.000000 0
697934 0.040210 1
697940 0.000000 0
697948 0.000000 0
697955 0.047520 1
697964 0.000000 0
697972 0.000000 0
697979 0.049710 1
697985 0.000000 0
697992 0.000000 0
698000 0.044880 1
698009 0.000000 0
698016 0.000000 0
698024 0.049710 1
698030 0.000000 0
698038 0.000000 0
698045 0.059360 1
698054 0.000000 0
698062 0.000000 0
698069 0.050170 1
698074 0.000000 0
698082 0.000000 0
698089 0.057400 1
698098 0.000000 0
698106 0.000000 0
698113 0.044710 1
698119 0.000000 0
698126 0.000000 0
698134 0.055510 1
698143 0.000000 0
698150 0.000000 0
698158 0.050630 1
698164 0.000000 0
698172 0.000000 0
698179 0.061880 1
698188 0.000000 0
698196 0.000000 0
698203 0.063710 1
698209 0.000000 0
698216 0.000000 0
698224 0.063100 1
698233 0.000000 0
698240 0.000000 0
698248 0.051670 1
698254 0.000000 0
698262 0.000000 0
698269 0.040020 1
698278 0.000000 0
698286 0.000000 0
698293 0.048940 1
698299 0.000000 0
698306 0.000000 0
698314 0.052260 1
698323 0.000000 0
698330 0.000000 0
698338 0.046050 1
698344 0.000000 0
698352 0.000000 0
698359 0.066060 1
698368 0.000000 0
698376 0.000000 0
698383 0.055510 1
698389 0.000000 0
698396 0.000000 0
698404 0.060640 1
698413 0.000000 0
698420 0.000000 0
698428 0.052840 1
698434 0.000000 0
698442 0.000000 0
698449 0.053410 1
698458 0.000000 0
698466 0.000000 0
698473 0.050630 1
698479 0.000000 0
698486 0.000000 0
698494 0.049870 1
698503 0.000000 0
698510 0.000000 0
698518 0.046370 1
698524 0.000000 0
698532 0.000000 0
698539 0.058590 1
698548 0.000000 0
698556 0.000000 0
698563 0.061010 1
698569 0.000000 0
698576 0.000000 0
698584 0.057270 1
698594 0.000000 0
698602 0.000000 0
698609 0.056730 1
698616 0.000000 0
698624 0.000000 0
698631 0.053970 1
698639 0.000000 0
698646 0.000000 0
698654 0.056600 1
698660 0.000000 0
698668 0.000000 0
698675 0.043140 1
698683 0.000000 0
698690 0.000000 0
698698 0.065480 1
698705 0.000000 0
698712 0.000000 0
698720 0.062850 1
698729 0.000000 0
698736 0.000000 0
698744 0.051380 1
698750 0.000000 0
698758 0.000000 0
698765 0.059360 1
698774 0.000000 0
698782 0.000000 0
698789 0.057130 1
698795 0.000000 0
698802 0.000000 0
698810 0.051510 1
698819 0.000000 0
698826 0.000000 0
698834 0.044190 1
698840 0.000000 0
698848 0.000000 0
698855 0.051820 1
698864 0.000000 0
698872 0.000000 0
698879 0.064770 1
698885 0.000000 0
698892 0.000000 0
698900 0.064060 1
698909 0.000000 0
698916 0.000000 0
698924 0.046050 1
698930 0.000000 0
698938 0.000000 0
698945 0.049870 1
698954 0.000000 0
698962 0.000000 0
698969 0.056340 1
698975 0.000000 0
698982 0.000000 0
698990 0.055650 1
698999 0.000000 0
699006 0.000000 0
699014 0.056870 1
699020 0.000000 0
699028 0.000000 0
699035 0.045210 1
699043 0.000000 0
699050 0.000000 0
699058 0.042420 1
699064 0.000000 0
699072 0.000000 0
699079 0.062850 1
699088 0.000000 0
699096 0.000000 0
699103 0.043670 1
699108 0.000000 0
699116 0.000000 0
699123 0.045880 1
699133 0.000000 0
699140 0.000000 0
699148 0.044880 1
699154 0.000000 0
699162 0.000000 0
699169 0.037660 1
699178 0.000000 0
699186 0.000000 0
699193 0.043490 1
699199 0.000000 0
699206 0.000000 0
699214 0.049870 1
699223 0.000000 0
699230 0.000000 0
699238 0.032440 1
699244 0.000000 0
699252 0.000000 0
699259 0.047030 1
699268 0.000000 0
699276 0.000000 0
699283 0.053120 1
699289 0.000000 0
699296 0.000000 0
699304 0.046880 1
699313 0.000000 0
699320 0.000000 0
699328 0.057010 1
699334 0.000000 0
699342 0.000000 0
699349 0.052400 1
699359 0.000000 0
699366 0.000000 0
699374 0.060000 1
699381 0.000000 0
699388 0.000000 0
699396 0.069540 1
699404 0.000000 0
699412 0.000000 0
699419 0.068330 1
699426 0.000000 0
699434 0.000000 0
699441 0.061630 1
699448 0.000000 0
699456 0.000000 0
699463 0.054690 1
699470 0.000000 0
699478 0.000000 0
699485 0.056340 1
699494 0.000000 0
699502 0.000000 0
699509 0.045040 1
699515 0.000000 0
699522 0.000000 0
699530 0.033600 1
699539 0.000000 0
699546 0.000000 0
699554 0.052980 1
699560 0.000000 0
699568 0.000000 0
699575 0.060500 1
699584 0.000000 0
699592 0.000000 0
699599 0.066290 1
699605 0.000000 0
699612 0.000000 0
699620 0.060140 1
699629 0.000000 0
699636 0.000000 0
699644 0.069320 1
699650 0.000000 0
699658 0.000000 0
699665 0.059100 1
699673 0.000000 0
699680 0.000000 0
699688 0.045380 1
699695 0.000000 0
699702 0.000000 0
699710 0.059490 1
699719 0.000000 0
699726 0.000000 0
699734 0.059240 1
699740 0.000000 0
699748 0.000000 0
699755 0.045880 1
699764 0.000000 0
699772 0.000000 0
699779 0.041520 1
699784 0.000000 0
699792 0.000000 0
699799 0.040770 1
699808 0.000000 0
699816 0.000000 0
699823 0.043140 1
699829 0.000000 0
699836 0.000000 0
699844 0.045380 1
699853 0.000000 0
699860 0.000000 0
699868 0.056870 1
699874 0.000000 0
699882 0.000000 0
699889 0.065480 1
699898 0.000000 0
699906 0.000000 0
699913 0.076740 1
699919 0.000000 0
699926 0.000000 0
699934 0.084760 1
699943 0.000000 0
699950 0.000000 0
699958 0.083310 1
699964 0.000000 0
699972 0.000000 0
699979 0.059360 1
699988 0.000000 0
699996 0.000000 0
700003 0.051070 1
700009 0.000000 0
700016 0.000000 0
700024 0.043670 1
700033 0.000000 0
700040 0.000000 0
700048 0.047840 1
700054 0.000000 0
700062 0.000000 0
700069 0.062610 1
700078 0.000000 0
700086 0.000000 0
700093 0.059360 1
700099 0.000000 0
700106 0.000000 0
700114 0.049710 1
700123 0.000000 0
700130 0.000000 0
700138 0.040410 1
700145 0.000000 0
700152 0.000000 0
700160 0.042970 1
700169 0.000000 0
700176 0.000000 0
700184 0.047030 1
700191 0.000000 0
700198 0.000000 0
700206 0.050780 1
700214 0.000000 0
700222 0.000000 0
700229 0.039250 1
700236 0.000000 0
700244 0.000000 0
700251 0.049560 1
700258 0.000000 0
700266 0.000000 0
700273 0.048940 1
700280 0.000000 0
700288 0.000000 0
700295 0.046050 1
700304 0.000000 0
700312 0.000000 0
700319 0.044360 1
700324 0.000000 0
700332 0.000000 0
700339 0.051070 1
700349 0.000000 0
700356 0.000000 0
700364 0.050920 1
700370 0.000000 0
700378 0.000000 0
700385 0.041700 1
700394 0.000000 0
700402 0.000000 0
700409 0.055920 1
700415 0.000000 0
700422 0.000000 0
700430 0.055920 1
700439 0.000000 0
700446 0.000000 0
700454 0.047840 1
700460 0.000000 0
700468 0.000000 0
700475 0.059490 1
700484 0.000000 0
700492 0.000000 0
700499 0.064180 1
700505 0.000000 0
700512 0.000000 0
700520 0.061880 1
700529 0.000000 0
700536 0.000000 0
700544 0.064650 1
700549 0.000000 0
700556 0.000000 0
700564 0.054830 1
700573 0.000000 0
700580 0.000000 0
700588 0.048160 1
700594 0.000000 0
700602 0.000000 0
700609 0.044710 1
700618 0.000000 0
700626 0.000000 0
700633 0.052690 1
700639 0.000000 0
700646 0.000000 0
700654 0.051510 1
700663 0.000000 0
700670 0.000000 0
700678 0.042970 1
700684 0.000000 0
700692 0.000000 0
700699 0.039440 1
700708 0.000000 0
700716 0.000000 0
700723 0.050920 1
700729 0.000000 0
700736 0.000000 0
700744 0.066060 1
700753 0.000000 0
700760 0.000000 0
700768 0.079580 1
700774 0.000000 0
700782 0.000000 0
700789 0.060640 1
700798 0.000000 0
700806 0.000000 0
700813 0.068540 1
700819 0.000000 0
700826 0.000000 0
700834 0.056600 1
700843 0.000000 0
700850 0.000000 0
700858 0.058590 1
700866 0.000000 0
700874 0.000000 0
700881 0.062120 1
700889 0.000000 0
700896 0.000000 0
700904 0.052980 1
700911 0.000000 0
700918 0.000000 0
700926 0.050780 1
700933 0.000000 0
700940 0.000000 0
700948 0.055790 1
700956 0.000000 0
700964 0.000000 0
700971 0.056730 1
700978 0.000000 0
700986 0.000000 0
700993 0.052840 1
701000 0.000000 0
701008 0.000000 0
701015 0.045380 1
701024 0.000000 0
701032 0.000000 0
701039 0.055790 1
701045 0.000000 0
701052 0.000000 0
701060 0.053120 1
701069 0.000000 0
701076 0.000000 0
701084 0.053270 1
701090 0.000000 0
701098 0.000000 0
701105 0.060880 1
701114 0.000000 0
701122 0.000000 0
701129 0.059880 1
701135 0.000000 0
701142 0.000000 0
701150 0.070950 1
701159 0.000000 0
701166 0.000000 0
701174 0.065930 1
701180 0.000000 0
701188 0.000000 0
701195 0.051510 1
701204 0.000000 0
701212 0.000000 0
701219 0.058590 1
701225 0.000000 0
701232 0.000000 0
701240 0.050480 1
701249 0.000000 0
701256 0.000000 0
701264 0.057130 1
701270 0.000000 0
701278 0.000000 0
701285 0.064880 1
701294 0.000000 0
701302 0.000000 0
701309 0.066970 1
701315 0.000000 0
701322 0.000000 0
701330 0.057130 1
701339 0.000000 0
701346 0.000000 0
701354 0.075640 1
701360 0.000000 0
701368 0.000000 0
701375 0.067990 1
701383 0.000000 0
701390 0.000000 0
701398 0.039640 1
701404 0.000000 0
701412 0.000000 0
701419 0.048940 1
701428 0.000000 0
701436 0.000000 0
701443 0.041150 1
701449 0.000000 0
701456 0.000000 0
701464 0.039640 1
701473 0.000000 0
701480 0.000000 0
701488 0.047840 1
701494 0.000000 0
701502 0.000000 0
701509 0.056340 1
701518 0.000000 0
701526 0.000000 0
701533 0.055100 1
701539 0.000000 0
701546 0.000000 0
701554 0.047200 1
701563 0.000000 0
701570 0.000000 0
701578 0.044360 1
701584 0.000000 0
701592 0.000000 0
701599 0.042600 1
701608 0.000000 0
701616 0.000000 0
701623 0.048460 1
701629 0.000000 0
701636 0.000000 0
701644 0.067080 1
701653 0.000000 0
701660 0.000000 0
701668 0.064880 1
701675 0.000000 0
701682 0.000000 0
701690 0.057270 1
701699 0.000000 0
701706 0.000000 0
701714 0.042600 1
701721 0.000000 0
701728 0.000000 0
701736 0.056340 1
701744 0.000000 0
701752 0.000000 0
701759 0.059100 1
701766 0.000000 0
701774 0.000000 0
701781 0.057660 1
701789 0.000000 0
701796 0.000000 0
701804 0.080140 1
701811 0.000000 0
701818 0.000000 0
701826 0.073380 1
701834 0.000000 0
701842 0.000000 0
701849 0.059240 1
701854 0.000000 0
701862 0.000000 0
701869 0.034040 1
701879 0.000000 0
701886 0.000000 0
701894 0.030750 1
701900 0.000000 0
701908 0.000000 0
701915 0.035800 1
701924 0.000000 0
701932 0.000000 0
701939 0.034270 1
701945 0.000000 0
701952 0.000000 0
701960 0.042070 1
701968 0.000000 0
701976 0.000000 0
701983 0.051510 1
701990 0.000000 0
701998 0.000000 0
702005 0.059880 1
702014 0.000000 0
702022 0.000000 0
702029 0.052690 1
702035 0.000000 0
702042 0.000000 0
702050 0.054690 1
702059 0.000000 0
702066 0.000000 0
702074 0.074620 1
702079 0.000000 0
702086 0.000000 0
702094 0.064770 1
702104 0.000000 0
702112 0.000000 0
702119 0.047520 1
702125 0.000000 0
702132 0.000000 0
702140 0.053120 1
702149 0.000000 0
702156 0.000000 0
702164 0.056340 1
702170 0.000000 0
702178 0.000000 0
702185 0.050780 1
702193 0.000000 0
702200 0.000000 0
702208 0.061750 1
702213 0.000000 0
702220 0.000000 0
702228 0.071270 1
702238 0.000000 0
702246 0.000000 0
702253 0.060880 1
702259 0.000000 0
702266 0.000000 0
702274 0.048780 1
702283 0.000000 0
702290 0.000000 0
702298 0.043840 1
702304 0.000000 0
702312 0.000000 0
702319 0.047350 1
702328 0.000000 0
702336 0.000000 0
702343 0.051510 1
702349 0.000000 0
702356 0.000000 0
702364 0.048940 1
702373 0.000000 0
702380 0.000000 0
702388 0.050020 1
702394 0.000000 0
702402 0.000000 0
702409 0.054690 1
702418 0.000000 0
702426 0.000000 0
702433 0.052260 1
702439 0.000000 0
702446 0.000000 0
702454 0.049090 1
702463 0.000000 0
702470 0.000000 0
702478 0.043320 1
702484 0.000000 0
702492 0.000000 0
702499 0.056340 1
702508 0.000000 0
702516 0.000000 0
702523 0.042420 1
702531 0.000000 0
702538 0.000000 0
702546 0.043840 1
702554 0.000000 0
702562 0.000000 0
702569 0.050630 1
702576 0.000000 0
702584 0.000000 0
702591 0.044360 1
702599 0.000000 0
702606 0.000000 0
702614 0.060640 1
702621 0.000000 0
702628 0.000000 0
702636 0.057270 1
702644 0.000000 0
702652 0.000000 0
702659 0.047520 1
702665 0.000000 0
702672 0.000000 0
702680 0.067080 1
702689 0.000000 0
702696 0.000000 0
702704 0.079090 1
702710 0.000000 0
702718 0.000000 0
702725 0.052400 1
702734 0.000000 0
702742 0.000000 0
702749 0.037260 1
702755 0.000000 0
702762 0.000000 0
702770 0.053120 1
702779 0.000000 0
702786 0.000000 0
702794 0.057010 1
702800 0.000000 0
702808 0.000000 0
702815 0.047840 1
702824 0.000000 0
702832 0.000000 0
702839 0.049710 1
702845 0.000000 0
702852 0.000000 0
702860 0.043320 1
702869 0.000000 0
702876 0.000000 0
702884 0.045550 1
702890 0.000000 0
702898 0.000000 0
702905 0.068670 1
702914 0.000000 0
702922 0.000000 0
702929 0.074010 1
702935 0.000000 0
702942 0.000000 0
702950 0.067660 1
702958 0.000000 0
702966 0.000000 0
702973 0.061880 1
702979 0.000000 0
702986 0.000000 0
702994 0.055100 1
703003 0.000000 0
703010 0.000000 0
703018 0.058590 1
703024 0.000000 0
703032 0.000000 0
703039 0.038270 1
703048 0.000000 0
703056 0.000000 0
703063 0.035800 1
703069 0.000000 0
703076 0.000000 0
703084 0.042600 1
703093 0.000000 0
703100 0.000000 0
703108 0.046370 1
703114 0.000000 0
703122 0.000000 0
703129 0.056340 1
703138 0.000000 0
703146 0.000000 0
703153 0.068100 1
703159 0.000000 0
703166 0.000000 0
703174 0.070310 1
703183 0.000000 0
703190 0.000000 0
703198 0.059750 1
703204 0.000000 0
703212 0.000000 0
703219 0.039830 1
703228 0.000000 0
703236 0.000000 0
703243 0.039830 1
703249 0.000000 0
703256 0.000000 0
703264 0.047200 1
703274 0.000000 0
703282 0.000000 0
703289 0.052690 1
703296 0.000000 0
703304 0.000000 0
703311 0.042790 1
703318 0.000000 0
703326 0.000000 0
703333 0.059620 1
703341 0.000000 0
703348 0.000000 0
703356 0.081740 1
703363 0.000000 0
703370 0.000000 0
703378 0.081180 1
703385 0.000000 0
703392 0.000000 0
703400 0.086550 1
703409 0.000000 0
703416 0.000000 0
703424 0.065930 1
703429 0.000000 0
703436 0.000000 0
703444 0.057130 1
703454 0.000000 0
703462 0.000000 0
703469 0.046050 1
703475 0.000000 0
703482 0.000000 0
703490 0.057660 1
703499 0.000000 0
703506 0.000000 0
703514 0.059240 1
703520 0.000000 0
703528 0.000000 0
703535 0.045720 1
703544 0.000000 0
703552 0.000000 0
703559 0.047200 1
703565 0.000000 0
703572 0.000000 0
703580 0.052690 1
703589 0.000000 0
703596 0.000000 0
703604 0.043670 1
703610 0.000000 0
703618 0.000000 0
703625 0.052550 1
703634 0.000000 0
703642 0.000000 0
703649 0.061880 1
703654 0.000000 0
703662 0.000000 0
703669 0.061880 1
703678 0.000000 0
703686 0.000000 0
703693 0.054120 1
703699 0.000000 0
703706 0.000000 0
703714 0.068100 1
703723 0.000000 0
703730 0.000000 0
703738 0.066060 1
703744 0.000000 0
703752 0.000000 0
703759 0.053120 1
703768 0.000000 0
703776 0.000000 0
703783 0.044710 1
703789 0.000000 0
703796 0.000000 0
703804 0.051220 1
703813 0.000000 0
703820 0.000000 0
703828 0.056460 1
703834 0.000000 0
703842 0.000000 0
703849 0.054400 1
703858 0.000000 0
703866 0.000000 0
703873 0.072130 1
703879 0.000000 0
703886 0.000000 0
703894 0.068670 1
703903 0.000000 0
703910 0.000000 0
703918 0.042070 1
703924 0.000000 0
703932 0.000000 0
703939 0.049260 1
703948 0.000000 0
703956 0.000000 0
703963 0.056200 1
703969 0.000000 0
703976 0.000000 0
703984 0.061630 1
703993 0.000000 0
704000 0.000000 0
704008 0.041700 1
704014 0.000000 0
704022 0.000000 0
704029 0.039830 1
704038 0.000000 0
704046 0.000000 0
704053 0.022100 1
704059 0.000000 0
704066 0.000000 0
704074 0.032670 1
704083 0.000000 0
704090 0.000000 0
704098 0.052980 1
704104 0.000000 0
704112 0.000000 0
704119 0.054400 1
704129 0.000000 0
704136 0.000000 0
704144 0.045550 1
704150 0.000000 0
704158 0.000000 0
704165 0.040770 1
704174 0.000000 0
704182 0.000000 0
704189 0.025010 1
704194 0.000000 0
704202 0.000000 0
704209 0.037870 1
704218 0.000000 0
704226 0.000000 0
704233 0.036420 1
704240 0.000000 0
704248 0.000000 0
704255 0.038470 1
704263 0.000000 0
704270 0.000000 0
704278 0.058060 1
704285 0.000000 0
704292 0.000000 0
704300 0.054830 1
704308 0.000000 0
704316 0.000000 0
704323 0.049870 1
704330 0.000000 0
704338 0.000000 0
704345 0.040210 1
704354 0.000000 0
704362 0.000000 0
704369 0.054960 1
704375 0.000000 0
704382 0.000000 0
704390 0.043670 1
704399 0.000000 0
704406 0.000000 0
704414 0.041340 1
704420 0.000000 0
704428 0.000000 0
704435 0.046050 1
704444 0.000000 0
704452 0.000000 0
704459 0.061630 1
704465 0.000000 0
704472 0.000000 0
704480 0.064180 1
704489 0.000000 0
704496 0.000000 0
704504 0.068670 1
704510 0.000000 0
704518 0.000000 0
704525 0.050170 1
704533 0.000000 0
704540 0.000000 0
704548 0.049410 1
704554 0.000000 0
704562 0.000000 0
704569 0.062500 1
704578 0.000000 0
704586 0.000000 0
704593 0.055920 1
704599 0.000000 0
704606 0.000000 0
704614 0.048940 1
704623 0.000000 0
704630 0.000000 0
704638 0.047350 1
704643 0.000000 0
704650 0.000000 0
704658 0.062610 1
704668 0.000000 0
704676 0.000000 0
704683 0.043490 1
704688 0.000000 0
704696 0.000000 0
704703 0.040410 1
704713 0.000000 0
704720 0.000000 0
704728 0.036420 1
704734 0.000000 0
704742 0.000000 0
704749 0.040020 1
704758 0.000000 0
704766 0.000000 0
704773 0.034930 1
704779 0.000000 0
704786 0.000000 0
704794 0.046710 1
704803 0.000000 0
704810 0.000000 0
704818 0.055920 1
704824 0.000000 0
704832 0.000000 0
704839 0.061630 1
704848 0.000000 0
704856 0.000000 0
704863 0.067770 1
704869 0.000000 0
704876 0.000000 0
704884 0.065350 1
704893 0.000000 0
704900 0.000000 0
704908 0.042790 1
704916 0.000000 0
704924 0.000000 0
704931 0.036420 1
704939 0.000000 0
704946 0.000000 0
704954 0.050780 1
704961 0.000000 0
704968 0.000000 0
704976 0.064180 1
704983 0.000000 0
704990 0.000000 0
704998 0.057940 1
705005 0.000000 0
705012 0.000000 0
705020 0.057400 1
705029 0.000000 0
705036 0.000000 0
705044 0.073270 1
705050 0.000000 0
705058 0.000000 0
705065 0.063710 1
705074 0.000000 0
705082 0.000000 0
705089 0.043140 1
705095 0.000000 0
705102 0.000000 0
705110 0.047350 1
705119 0.000000 0
705126 0.000000 0
705134 0.045550 1
705140 0.000000 0
705148 0.000000 0
705155 0.047840 1
705164 0.000000 0
705172 0.000000 0
705179 0.041150 1
705185 0.000000 0
705192 0.000000 0
705200 0.039640 1
705209 0.000000 0
705216 0.000000 0
705224 0.061010 1
705230 0.000000 0
705238 0.000000 0
705245 0.057940 1
705254 0.000000 0
705262 0.000000 0
705269 0.054260 1
705274 0.000000 0
705282 0.000000 0
705289 0.047200 1
705298 0.000000 0
705306 0.000000 0
705313 0.051220 1
705319 0.000000 0
705326 0.000000 0
705334 0.055790 1
705343 0.000000 0
705350 0.000000 0
705358 0.048780 1
705364 0.000000 0
705372 0.000000 0
705379 0.049090 1
705388 0.000000 0
705396 0.000000 0
705403 0.049560 1
705409 0.000000 0
705416 0.000000 0
705424 0.061140 1
705433 0.000000 0
705440 0.000000 0
705448 0.064420 1
705454 0.000000 0
705462 0.000000 0
705469 0.045720 1
705478 0.000000 0
705486 0.000000 0
705493 0.066410 1
705499 0.000000 0
705506 0.000000 0
705514 0.067990 1
705523 0.000000 0
705530 0.000000 0
705538 0.052690 1
705546 0.000000 0
705554 0.000000 0
705561 0.040960 1
705569 0.000000 0
705576 0.000000 0
705584 0.049090 1
705591 0.000000 0
705598 0.000000 0
705606 0.050780 1
705614 0.000000 0
705622 0.000000 0
705629 0.050320 1
705636 0.000000 0
705644 0.000000 0
705651 0.046370 1
705658 0.000000 0
705666 0.000000 0
705673 0.044530 1
705680 0.000000 0
705688 0.000000 0
705695 0.047520 1
705704 0.000000 0
705712 0.000000 0
705719 0.056060 1
705725 0.000000 0
705732 0.000000 0
705740 0.050320 1
705748 0.000000 0
705756 0.000000 0
705763 0.040960 1
705770 0.000000 0
705778 0.000000 0
705785 0.052980 1
705794 0.000000 0
705802 0.000000 0
705809 0.058980 1
705815 0.000000 0
705822 0.000000 0
705830 0.058720 1
705839 0.000000 0
705846 0.000000 0
705854 0.057940 1
705860 0.000000 0
705868 0.000000 0
705875 0.051380 1
705884 0.000000 0
705892 0.000000 0
705899 0.052110 1
705905 0.000000 0
705912 0.000000 0
705920 0.053120 1
705929 0.000000 0
705936 0.000000 0
705944 0.044010 1
705950 0.000000 0
705958 0.000000 0
705965 0.077330 1
705974 0.000000 0
705982 0.000000 0
705989 0.075940 1
705994 0.000000 0
706002 0.000000 0
706009 0.048460 1
706018 0.000000 0
706026 0.000000 0
706033 0.031720 1
706038 0.000000 0
706046 0.000000 0
706053 0.038670 1
706063 0.000000 0
706070 0.000000 0
706078 0.054400 1
706084 0.000000 0
706092 0.000000 0
706099 0.061010 1
706108 0.000000 0
706116 0.000000 0
706123 0.054120 1
706129 0.000000 0
706136 0.000000 0
706144 0.058200 1
706153 0.000000 0
706160 0.000000 0
706168 0.055100 1
706174 0.000000 0
706182 0.000000 0
706189 0.055510 1
706198 0.000000 0
706206 0.000000 0
706213 0.049870 1
706219 0.000000 0
706226 0.000000 0
706234 0.061390 1
706243 0.000000 0
706250 0.000000 0
706258 0.061750 1
706264 0.000000 0
706272 0.000000 0
706279 0.063710 1
706288 0.000000 0
706296 0.000000 0
706303 0.063340 1
706309 0.000000 0
706316 0.000000 0
706324 0.077130 1
706334 0.000000 0
706342 0.000000 0
706349 0.060760 1
706355 0.000000 0
706362 0.000000 0
706370 0.064060 1
706379 0.000000 0
706386 0.000000 0
706394 0.058850 1
706401 0.000000 0
706408 0.000000 0
706416 0.040590 1
706424 0.000000 0
706432 0.000000 0
706439 0.075230 1
706446 0.000000 0
706454 0.000000 0
706461 0.068210 1
706469 0.000000 0
706476 0.000000 0
706484 0.047520 1
706490 0.000000 0
706498 0.000000 0
706505 0.042420 1
706514 0.000000 0
706522 0.000000 0
706529 0.040590 1
706535 0.000000 0
706542 0.000000 0
706550 0.041340 1
706559 0.000000 0
706566 0.000000 0
706574 0.034490 1
706580 0.000000 0
706588 0.000000 0
706595 0.042250 1
706604 0.000000 0
706612 0.000000 0
706619 0.046710 1
706625 0.000000 0
706632 0.000000 0
706640 0.042250 1
706649 0.000000 0
706656 0.000000 0
706664 0.049710 1
706670 0.000000 0
706678 0.000000 0
706685 0.056200 1
706694 0.000000 0
706702 0.000000 0
706709 0.055790 1
706715 0.000000 0
706722 0.000000 0
706730 0.032910 1
706739 0.000000 0
706746 0.000000 0
706754 0.051220 1
706759 0.000000 0
706766 0.000000 0
706774 0.065350 1
706784 0.000000 0
706792 0.000000 0
706799 0.053270 1
706805 0.000000 0
706812 0.000000 0
706820 0.040020 1
706829 0.000000 0
706836 0.000000 0
706844 0.049260 1
706849 0.000000 0
706856 0.000000 0
706864 0.062850 1
706873 0.000000 0
706880 0.000000 0
706888 0.059360 1
706894 0.000000 0
706902 0.000000 0
706909 0.075840 1
706918 0.000000 0
706926 0.000000 0
706933 0.077620 1
706939 0.000000 0
706946 0.000000 0
706954 0.041890 1
706963 0.000000 0
706970 0.000000 0
706978 0.034710 1
706984 0.000000 0
706992 0.000000 0
706999 0.040960 1
707008 0.000000 0
707016 0.000000 0
707023 0.053270 1
707029 0.000000 0
707036 0.000000 0
707044 0.069870 1
707053 0.000000 0
707060 0.000000 0
707068 0.070530 1
707074 0.000000 0
707082 0.000000 0
707089 0.071270 1
707098 0.000000 0
707106 0.000000 0
707113 0.059240 1
707121 0.000000 0
707128 0.000000 0
707136 0.049090 1
707144 0.000000 0
707152 0.000000 0
707159 0.054960 1
707166 0.000000 0
707174 0.000000 0
707181 0.054830 1
707189 0.000000 0
707196 0.000000 0
707204 0.067080 1
707211 0.000000 0
707218 0.000000 0
707226 0.063830 1
707234 0.000000 0
707242 0.000000 0
707249 0.059100 1
707255 0.000000 0
707262 0.000000 0
707270 0.048460 1
707279 0.000000 0
707286 0.000000 0
707294 0.051380 1
707300 0.000000 0
707308 0.000000 0
707315 0.056730 1
707324 0.000000 0
707332 0.000000 0
707339 0.043670 1
707345 0.000000 0
707352 0.000000 0
707360 0.060500 1
707369 0.000000 0
707376 0.000000 0
707384 0.068100 1
707389 0.000000 0
707396 0.000000 0
707404 0.062850 1
707414 0.000000 0
707422 0.000000 0
707429 0.046540 1
707435 0.000000 0
707442 0.000000 0
707450 0.033140 1
707459 0.000000 0
707466 0.000000 0
707474 0.038470 1
707480 0.000000 0
707488 0.000000 0
707495 0.052980 1
707504 0.000000 0
707512 0.000000 0
707519 0.064880 1
707525 0.000000 0
707532 0.000000 0
707540 0.064770 1
707549 0.000000 0
707556 0.000000 0
707564 0.063100 1
707569 0.000000 0
707576 0.000000 0
707584 0.059360 1
707594 0.000000 0
707602 0.000000 0
707609 0.040770 1
707615 0.000000 0
707622 0.000000 0
707630 0.042420 1
707639 0.000000 0
707646 0.000000 0
707654 0.048780 1
707659 0.000000 0
707666 0.000000 0
707674 0.060140 1
707684 0.000000 0
707692 0.000000 0
707699 0.056730 1
707704 0.000000 0
707712 0.000000 0
707719 0.041890 1
707729 0.000000 0
707736 0.000000 0
707744 0.059360 1
707750 0.000000 0
707758 0.000000 0
707765 0.067080 1
707774 0.000000 0
707782 0.000000 0
707789 0.073590 1
707795 0.000000 0
707802 0.000000 0
707810 0.063830 1
707819 0.000000 0
707826 0.000000 0
707834 0.053970 1
707840 0.000000 0
707848 0.000000 0
707855 0.042970 1
707864 0.000000 0
707872 0.000000 0
707879 0.043320 1
707884 0.000000 0
707892 0.000000 0
707899 0.035800 1
707909 0.000000 0
707916 0.000000 0
707924 0.035370 1
707930 0.000000 0
707938 0.000000 0
707945 0.040590 1
707954 0.000000 0
707962 0.000000 0
707969 0.042250 1
707974 0.000000 0
707982 0.000000 0
707989 0.043490 1
707998 0.000000 0
708006 0.000000 0
708013 0.046370 1
708019 0.000000 0
708026 0.000000 0
708034 0.046540 1
708043 0.000000 0
708050 0.000000 0
708058 0.042970 1
708064 0.000000 0
708072 0.000000 0
708079 0.049090 1
708088 0.000000 0
708096 0.000000 0
708103 0.042790 1
708109 0.000000 0
708116 0.000000 0
708124 0.043840 1
708133 0.000000 0
708140 0.000000 0
708148 0.038270 1
708154 0.000000 0
708162 0.000000 0
708169 0.036420 1
708178 0.000000 0
708186 0.000000 0
708193 0.044360 1
708199 0.000000 0
708206 0.000000 0
708214 0.058320 1
708223 0.000000 0
708230 0.000000 0
708238 0.064420 1
708244 0.000000 0
708252 0.000000 0
708259 0.067200 1
708268 0.000000 0
708276 0.000000 0
708283 0.048160 1
708289 0.000000 0
708296 0.000000 0
708304 0.048940 1
708313 0.000000 0
708320 0.000000 0
708328 0.049560 1
708336 0.000000 0
708344 0.000000 0
708351 0.034710 1
708359 0.000000 0
708366 0.000000 0
708374 0.029220 1
708381 0.000000 0
708388 0.000000 0
708396 0.031480 1
708404 0.000000 0
708412 0.000000 0
708419 0.039640 1
708426 0.000000 0
708434 0.000000 0
708441 0.045380 1
708449 0.000000 0
708456 0.000000 0
708464 0.060760 1
708470 0.000000 0
708478 0.000000 0
708485 0.058590 1
708494 0.000000 0
708502 0.000000 0
708509 0.044530 1
708515 0.000000 0
708522 0.000000 0
708530 0.047200 1
708539 0.000000 0
708546 0.000000 0
708554 0.053700 1
708560 0.000000 0
708568 0.000000 0
708575 0.044880 1
708584 0.000000 0
708592 0.000000 0
708599 0.053700 1
708605 0.000000 0
708612 0.000000 0
708620 0.053560 1
708629 0.000000 0
708636 0.000000 0
708644 0.047200 1
708650 0.000000 0
708658 0.000000 0
708665 0.041700 1
708674 0.000000 0
708682 0.000000 0
708689 0.040020 1
708695 0.000000 0
708702 0.000000 0
708710 0.054400 1
708718 0.000000 0
708726 0.000000 0
708733 0.070850 1
708739 0.000000 0
708746 0.000000 0
708754 0.055920 1
708763 0.000000 0
708770 0.000000 0
708778 0.064300 1
708784 0.000000 0
708792 0.000000 0
708799 0.062120 1
708808 0.000000 0
708816 0.000000 0
708823 0.040960 1
708829 0.000000 0
708836 0.000000 0
708844 0.037870 1
708853 0.000000 0
708860 0.000000 0
708868 0.028960 1
708874 0.000000 0
708882 0.000000 0
708889 0.045040 1
708898 0.000000 0
708906 0.000000 0
708913 0.055240 1
708919 0.000000 0
708926 0.000000 0
708934 0.047990 1
708943 0.000000 0
708950 0.000000 0
708958 0.045550 1
708964 0.000000 0
708972 0.000000 0
708979 0.039830 1
708988 0.000000 0
708996 0.000000 0
709003 0.047840 1
709009 0.000000 0
709016 0.000000 0
709024 0.042600 1
709034 0.000000 0
709042 0.000000 0
709049 0.042070 1
709056 0.000000 0
709064 0.000000 0
709071 0.045380 1
709079 0.000000 0
709086 0.000000 0
709094 0.054260 1
709100 0.000000 0
709108 0.000000 0
709115 0.045550 1
709123 0.000000 0
709130 0.000000 0
709138 0.055790 1
709145 0.000000 0
709152 0.000000 0
709160 0.066410 1
709169 0.000000 0
709176 0.000000 0
709184 0.080430 1
709190 0.000000 0
709198 0.000000 0
709205 0.074420 1
709214 0.000000 0
709222 0.000000 0
709229 0.067770 1
709235 0.000000 0
709242 0.000000 0
709250 0.056460 1
709259 0.000000 0
709266 0.000000 0
709274 0.057400 1
709280 0.000000 0
709288 0.000000 0
709295 0.040960 1
709303 0.000000 0
709310 0.000000 0
709318 0.035800 1
709324 0.000000 0
709332 0.000000 0
709339 0.029480 1
709348 0.000000 0
709356 0.000000 0
709363 0.039250 1
709369 0.000000 0
709376 0.000000 0
709384 0.059240 1
709393 0.000000 0
709400 0.000000 0
709408 0.069110 1
709415 0.000000 0
709422 0.000000 0
709430 0.072130 1
709439 0.000000 0
709446 0.000000 0
709454 0.068770 1
709460 0.000000 0
709468 0.000000 0
709475 0.050780 1
709483 0.000000 0
709490 0.000000 0
709498 0.034270 1
709504 0.000000 0
709512 0.000000 0
709519 0.036420 1
709528 0.000000 0
709536 0.000000 0
709543 0.047200 1
709549 0.000000 0
709556 0.000000 0
709564 0.040590 1
709573 0.000000 0
709580 0.000000 0
709588 0.034040 1
709594 0.000000 0
709602 0.000000 0
709609 0.032210 1
709618 0.000000 0
709626 0.000000 0
709633 0.049560 1
709639 0.000000 0
709646 0.000000 0
709654 0.084760 1
709663 0.000000 0
709670 0.000000 0
709678 0.082310 1
709684 0.000000 0
709692 0.000000 0
709699 0.087160 1
709708 0.000000 0
709716 0.000000 0
709723 0.082760 1
709731 0.000000 0
709738 0.000000 0
709746 0.067990 1
709754 0.000000 0
709762 0.000000 0
709769 0.052550 1
709776 0.000000 0
709784 0.000000 0
709791 0.048460 1
709799 0.000000 0
709806 0.000000 0
709814 0.043140 1
709820 0.000000 0
709828 0.000000 0
709835 0.046050 1
709844 0.000000 0
709852 0.000000 0
709859 0.033830 1
709865 0.000000 0
709872 0.000000 0
709880 0.043670 1
709888 0.000000 0
709896 0.000000 0
709903 0.042250 1
709909 0.000000 0
709916 0.000000 0
709924 0.041520 1
709934 0.000000 0
709942 0.000000 0
709949 0.033830 1
709955 0.000000 0
709962 0.000000 0
709970 0.047990 1
709979 0.000000 0
709986 0.000000 0
709994 0.045210 1
710000 0.000000 0
710008 0.000000 0
710015 0.040210 1
710024 0.000000 0
710032 0.000000 0
710039 0.039440 1
710045 0.000000 0
710052 0.000000 0
710060 0.048160 1
710068 0.000000 0
710076 0.000000 0
710083 0.055100 1
710089 0.000000 0
710096 0.000000 0
710104 0.054960 1
710113 0.000000 0
710120 0.000000 0
710128 0.078310 1
710134 0.000000 0
710142 0.000000 0
710149 0.069210 1
710158 0.000000 0
710166 0.000000 0
710173 0.069870 1
710179 0.000000 0
710186 0.000000 0
710194 0.059100 1
710203 0.000000 0
710210 0.000000 0
710218 0.046050 1
710224 0.000000 0
710232 0.000000 0
710239 0.043490 1
710248 0.000000 0
710256 0.000000 0
710263 0.046710 1
710269 0.000000 0
710276 0.000000 0
710284 0.044530 1
710293 0.000000 0
710300 0.000000 0
710308 0.037260 1
710314 0.000000 0
710322 0.000000 0
710329 0.034490 1
710338 0.000000 0
710346 0.000000 0
710353 0.041340 1
710359 0.000000 0
710366 0.000000 0
710374 0.046050 1
710383 0.000000 0
710390 0.000000 0
710398 0.050780 1
710404 0.000000 0
710412 0.000000 0
710419 0.043320 1
710428 0.000000 0
710436 0.000000 0
710443 0.036010 1
710449 0.000000 0
710456 0.000000 0
710464 0.053410 1
710474 0.000000 0
710482 0.000000 0
710489 0.059750 1
710496 0.000000 0
710504 0.000000 0
710511 0.057400 1
710519 0.000000 0
710526 0.000000 0
710534 0.058720 1
710540 0.000000 0
710548 0.000000 0
710555 0.059880 1
710564 0.000000 0
710572 0.000000 0
710579 0.062360 1
710585 0.000000 0
710592 0.000000 0
710600 0.068670 1
710609 0.000000 0
710616 0.000000 0
710624 0.075330 1
710630 0.000000 0
710638 0.000000 0
710645 0.076540 1
710654 0.000000 0
710662 0.000000 0
710669 0.071810 1
710675 0.000000 0
710682 0.000000 0
710690 0.059880 1
710699 0.000000 0
710706 0.000000 0
710714 0.049410 1
710720 0.000000 0
710728 0.000000 0
710735 0.040960 1
710744 0.000000 0
710752 0.000000 0
710759 0.044880 1
710765 0.000000 0
710772 0.000000 0
710780 0.045040 1
710788 0.000000 0
710796 0.000000 0
710803 0.050920 1
710809 0.000000 0
710816 0.000000 0
710824 0.045550 1
710834 0.000000 0
710842 0.000000 0
710849 0.058590 1
710855 0.000000 0
710862 0.000000 0
710870 0.053830 1
710879 0.000000 0
710886 0.000000 0
710894 0.048940 1
710900 0.000000 0
710908 0.000000 0
710915 0.038070 1
710924 0.000000 0
710932 0.000000 0
710939 0.038070 1
710944 0.000000 0
710952 0.000000 0
710959 0.044530 1
710968 0.000000 0
710976 0.000000 0
710983 0.036850 1
710989 0.000000 0
710996 0.000000 0
711004 0.044710 1
711013 0.000000 0
711020 0.000000 0
711028 0.055240 1
711034 0.000000 0
711042 0.000000 0
711049 0.039250 1
711058 0.000000 0
711066 0.000000 0
711073 0.051960 1
711079 0.000000 0
711086 0.000000 0
711094 0.069110 1
711103 0.000000 0
711110 0.000000 0
711118 0.064770 1
711124 0.000000 0
711132 0.000000 0
711139 0.043140 1
711148 0.000000 0
711156 0.000000 0
711163 0.046540 1
711169 0.000000 0
711176 0.000000 0
711184 0.050630 1
711193 0.000000 0
711200 0.000000 0
711208 0.045880 1
711214 0.000000 0
711222 0.000000 0
711229 0.043490 1
711238 0.000000 0
711246 0.000000 0
711253 0.039830 1
711259 0.000000 0
711266 0.000000 0
711274 0.058460 1
711283 0.000000 0
711290 0.000000 0
711298 0.067430 1
711304 0.000000 0
711312 0.000000 0
711319 0.070420 1
711329 0.000000 0
711336 0.000000 0
711344 0.056460 1
711351 0.000000 0
711358 0.000000 0
711366 0.051510 1
711374 0.000000 0
711382 0.000000 0
711389 0.047030 1
711396 0.000000 0
711404 0.000000 0
711411 0.061630 1
711418 0.000000 0
711426 0.000000 0
711433 0.055100 1
711440 0.000000 0
711448 0.000000 0
711455 0.055100 1
711464 0.000000 0
711472 0.000000 0
711479 0.054120 1
711485 0.000000 0
711492 0.000000 0
711500 0.045720 1
711509 0.000000 0
711516 0.000000 0
711524 0.041150 1
711530 0.000000 0
711538 0.000000 0
711545 0.042070 1
711554 0.000000 0
711562 0.000000 0
711569 0.038670 1
711575 0.000000 0
711582 0.000000 0
711590 0.055650 1
711599 0.000000 0
711606 0.000000 0
711614 0.046710 1
711620 0.000000 0
711628 0.000000 0
711635 0.044880 1
711644 0.000000 0
711652 0.000000 0
711659 0.056200 1
711665 0.000000 0
711672 0.000000 0
711680 0.058590 1
711689 0.000000 0
711696 0.000000 0
711704 0.035370 1
711710 0.000000 0
711718 0.000000 0
711725 0.045720 1
711734 0.000000 0
711742 0.000000 0
711749 0.038860 1
711755 0.000000 0
711762 0.000000 0
711770 0.057940 1
711778 0.000000 0
711786 0.000000 0
711793 0.053970 1
711799 0.000000 0
711806 0.000000 0
711814 0.046220 1
711823 0.000000 0
711830 0.000000 0
711838 0.039250 1
711844 0.000000 0
711852 0.000000 0
711859 0.042970 1
711868 0.000000 0
711876 0.000000 0
711883 0.049560 1
711889 0.000000 0
711896 0.000000 0
711904 0.053830 1
711913 0.000000 0
711920 0.000000 0
711928 0.051960 1
711935 0.000000 0
711942 0.000000 0
711950 0.058320 1
711958 0.000000 0
711966 0.000000 0
711973 0.058850 1
711979 0.000000 0
711986 0.000000 0
711994 0.040770 1
712003 0.000000 0
712010 0.000000 0
712018 0.050630 1
712024 0.000000 0
712032 0.000000 0
712039 0.048630 1
712048 0.000000 0
712056 0.000000 0
712063 0.033140 1
712069 0.000000 0
712076 0.000000 0
712084 0.037260 1
712093 0.000000 0
712100 0.000000 0
712108 0.041700 1
712114 0.000000 0
712122 0.000000 0
712129 0.055790 1
712139 0.000000 0
712146 0.000000 0
712154 0.053830 1
712161 0.000000 0
712168 0.000000 0
712176 0.042970 1
712184 0.000000 0
712192 0.000000 0
712199 0.042070 1
712206 0.000000 0
712214 0.000000 0
712221 0.050630 1
712229 0.000000 0
712236 0.000000 0
712244 0.049260 1
712250 0.000000 0
712258 0.000000 0
712265 0.058460 1
712274 0.000000 0
712282 0.000000 0
712289 0.061260 1
712295 0.000000 0
712302 0.000000 0
712310 0.047030 1
712319 0.000000 0
712326 0.000000 0
712334 0.039830 1
712340 0.000000 0
712348 0.000000 0
712355 0.048940 1
712364 0.000000 0
712372 0.000000 0
712379 0.050480 1
712385 0.000000 0
712392 0.000000 0
712400 0.052260 1
712409 0.000000 0
712416 0.000000 0
712424 0.057270 1
712430 0.000000 0
712438 0.000000 0
712445 0.050780 1
712454 0.000000 0
712462 0.000000 0
712469 0.049410 1
712474 0.000000 0
712482 0.000000 0
712489 0.058060 1
712498 0.000000 0
712506 0.000000 0
712513 0.043140 1
712519 0.000000 0
712526 0.000000 0
712534 0.045880 1
712543 0.000000 0
712550 0.000000 0
712558 0.046220 1
712564 0.000000 0
712572 0.000000 0
712579 0.044190 1
712588 0.000000 0
712596 0.000000 0
712603 0.048630 1
712609 0.000000 0
712616 0.000000 0
712624 0.031970 1
712633 0.000000 0
712640 0.000000 0
712648 0.031480 1
712654 0.000000 0
712662 0.000000 0
712669 0.042420 1
712678 0.000000 0
712686 0.000000 0
712693 0.053120 1
712699 0.000000 0
712706 0.000000 0
712714 0.061010 1
712723 0.000000 0
712730 0.000000 0
712738 0.064650 1
712746 0.000000 0
712754 0.000000 0
712761 0.051670 1
712769 0.000000 0
712776 0.000000 0
712784 0.049410 1
712791 0.000000 0
712798 0.000000 0
712806 0.052840 1
712814 0.000000 0
712822 0.000000 0
712829 0.049870 1
712835 0.000000 0
712842 0.000000 0
712850 0.040210 1
712859 0.000000 0
712866 0.000000 0
712874 0.046540 1
712880 0.000000 0
712888 0.000000 0
712895 0.055790 1
712904 0.000000 0
712912 0.000000 0
712919 0.049410 1
712925 0.000000 0
712932 0.000000 0
712940 0.067430 1
712949 0.000000 0
712956 0.000000 0
712964 0.073490 1
712970 0.000000 0
712978 0.000000 0
712985 0.066290 1
712994 0.000000 0
713002 0.000000 0
713009 0.066870 1
713015 0.000000 0
713022 0.000000 0
713030 0.064420 1
713039 0.000000 0
713046 0.000000 0
713054 0.058720 1
713060 0.000000 0
713068 0.000000 0
713075 0.057660 1
713083 0.000000 0
713090 0.000000 0
713098 0.041890 1
713104 0.000000 0
713112 0.000000 0
713119 0.034930 1
713128 0.000000 0
713136 0.000000 0
713143 0.055370 1
713149 0.000000 0
713156 0.000000 0
713164 0.070740 1
713173 0.000000 0
713180 0.000000 0
713188 0.072020 1
713194 0.000000 0
713202 0.000000 0
713209 0.062500 1
713218 0.000000 0
713226 0.000000 0
713233 0.057270 1
713239 0.000000 0
713246 0.000000 0
713254 0.049410 1
713263 0.000000 0
713270 0.000000 0
713278 0.069320 1
713284 0.000000 0
713292 0.000000 0
713299 0.067870 1
713309 0.000000 0
713316 0.000000 0
713324 0.060260 1
713331 0.000000 0
713338 0.000000 0
713346 0.093490 1
713354 0.000000 0
713362 0.000000 0
713369 0.092930 1
713376 0.000000 0
713384 0.000000 0
713391 0.059490 1
713399 0.000000 0
713406 0.000000 0
713414 0.049410 1
713420 0.000000 0
713428 0.000000 0
713435 0.056600 1
713444 0.000000 0
713452 0.000000 0
713459 0.051070 1
713465 0.000000 0
713472 0.000000 0
713480 0.048630 1
713489 0.000000 0
713496 0.000000 0
713504 0.056730 1
713510 0.000000 0
713518 0.000000 0
713525 0.050170 1
713534 0.000000 0
713542 0.000000 0
713549 0.059360 1
713555 0.000000 0
713562 0.000000 0
713570 0.053560 1
713579 0.000000 0
713586 0.000000 0
713594 0.049870 1
713600 0.000000 0
713608 0.000000 0
713615 0.051220 1
713624 0.000000 0
713632 0.000000 0
713639 0.041890 1
713645 0.000000 0
713652 0.000000 0
713660 0.051380 1
713669 0.000000 0
713676 0.000000 0
713684 0.047990 1
713690 0.000000 0
713698 0.000000 0
713705 0.043490 1
713713 0.000000 0
713720 0.000000 0
713728 0.046220 1
713734 0.000000 0
713742 0.000000 0
713749 0.046540 1
713758 0.000000 0
713766 0.000000 0
713773 0.047840 1
713779 0.000000 0
713786 0.000000 0
713794 0.051670 1
713803 0.000000 0
713810 0.000000 0
713818 0.055790 1
713824 0.000000 0
713832 0.000000 0
713839 0.050920 1
713848 0.000000 0
713856 0.000000 0
713863 0.061010 1
713869 0.000000 0
713876 0.000000 0
713884 0.048630 1
713893 0.000000 0
713900 0.000000 0
713908 0.052550 1
713914 0.000000 0
713922 0.000000 0
713929 0.049560 1
713938 0.000000 0
713946 0.000000 0
713953 0.050480 1
713959 0.000000 0
713966 0.000000 0
713974 0.049560 1
713984 0.000000 0
713992 0.000000 0
713999 0.054540 1
714006 0.000000 0
714014 0.000000 0
714021 0.049710 1
714029 0.000000 0
714036 0.000000 0
714044 0.036420 1
714051 0.000000 0
714058 0.000000 0
714066 0.032910 1
714073 0.000000 0
714080 0.000000 0
714088 0.049710 1
714094 0.000000 0
714102 0.000000 0
714109 0.065580 1
714119 0.000000 0
714126 0.000000 0
714134 0.067870 1
714140 0.000000 0
714148 0.000000 0
714155 0.067430 1
714164 0.000000 0
714172 0.000000 0
714179 0.051070 1
714185 0.000000 0
714192 0.000000 0
714200 0.057270 1
714209 0.000000 0
714216 0.000000 0
714224 0.045040 1
714230 0.000000 0
714238 0.000000 0
714245 0.047200 1
714254 0.000000 0
714262 0.000000 0
714269 0.038470 1
714275 0.000000 0
714282 0.000000 0
714290 0.039640 1
714299 0.000000 0
714306 0.000000 0
714314 0.049710 1
714319 0.000000 0
714326 0.000000 0
714334 0.060500 1
714344 0.000000 0
714352 0.000000 0
714359 0.058590 1
714365 0.000000 0
714372 0.000000 0
714380 0.070850 1
714389 0.000000 0
714396 0.000000 0
714404 0.075440 1
714410 0.000000 0
714418 0.000000 0
714425 0.050920 1
714433 0.000000 0
714440 0.000000 0
714448 0.052690 1
714454 0.000000 0
714462 0.000000 0
714469 0.058460 1
714478 0.000000 0
714486 0.000000 0
714493 0.058980 1
714499 0.000000 0
714506 0.000000 0
714514 0.047670 1
714523 0.000000 0
714530 0.000000 0
714538 0.047350 1
714544 0.000000 0
714552 0.000000 0
714559 0.047840 1
714568 0.000000 0
714576 0.000000 0
714583 0.047840 1
714589 0.000000 0
714596 0.000000 0
714604 0.053970 1
714613 0.000000 0
714620 0.000000 0
714628 0.053970 1
714634 0.000000 0
714642 0.000000 0
714649 0.049410 1
714658 0.000000 0
714666 0.000000 0
714673 0.054690 1
714679 0.000000 0
714686 0.000000 0
714694 0.064180 1
714703 0.000000 0
714710 0.000000 0
714718 0.070630 1
714724 0.000000 0
714732 0.000000 0
714739 0.055920 1
714748 0.000000 0
714756 0.000000 0
714763 0.057940 1
714769 0.000000 0
714776 0.000000 0
714784 0.044710 1
714793 0.000000 0
714800 0.000000 0
714808 0.054540 1
714814 0.000000 0
714822 0.000000 0
714829 0.050320 1
714839 0.000000 0
714846 0.000000 0
714854 0.044360 1
714861 0.000000 0
714868 0.000000 0
714876 0.039640 1
714884 0.000000 0
714892 0.000000 0
714899 0.042790 1
714906 0.000000 0
714914 0.000000 0
714921 0.057540 1
714928 0.000000 0
714936 0.000000 0
714943 0.067430 1
714951 0.000000 0
714958 0.000000 0
714966 0.057130 1
714974 0.000000 0
714982 0.000000 0
714989 0.048160 1
714995 0.000000 0
715002 0.000000 0
715010 0.051960 1
715019 0.000000 0
715026 0.000000 0
715034 0.068440 1
715040 0.000000 0
715048 0.000000 0
715055 0.087080 1
715063 0.000000 0
715070 0.000000 0
715078 0.083770 1
715085 0.000000 0
715092 0.000000 0
715100 0.072450 1
715109 0.000000 0
715116 0.000000 0
715124 0.058980 1
715130 0.000000 0
715138 0.000000 0
715145 0.051220 1
715154 0.000000 0
715162 0.000000 0
715169 0.061750 1
715174 0.000000 0
715182 0.000000 0
715189 0.068440 1
715199 0.000000 0
715206 0.000000 0
715214 0.053700 1
715220 0.000000 0
715228 0.000000 0
715235 0.039640 1
715244 0.000000 0
715252 0.000000 0
715259 0.042070 1
715264 0.000000 0
715272 0.000000 0
715279 0.049090 1
715288 0.000000 0
715296 0.000000 0
715303 0.052110 1
715309 0.000000 0
715316 0.000000 0
715324 0.041340 1
715333 0.000000 0
715340 0.000000 0
715348 0.038070 1
715354 0.000000 0
715362 0.000000 0
715369 0.039250 1
715378 0.000000 0
715386 0.000000 0
715393 0.050630 1
715399 0.000000 0
715406 0.000000 0
715414 0.079470 1
715423 0.000000 0
715430 0.000000 0
715438 0.079760 1
715444 0.000000 0
715452 0.000000 0
715459 0.057270 1
715468 0.000000 0
715476 0.000000 0
715483 0.047030 1
715489 0.000000 0
715496 0.000000 0
715504 0.056200 1
715513 0.000000 0
715520 0.000000 0
715528 0.046880 1
715534 0.000000 0
715542 0.000000 0
715549 0.044710 1
715559 0.000000 0
715566 0.000000 0
715574 0.054830 1
715581 0.000000 0
715588 0.000000 0
715596 0.062120 1
715604 0.000000 0
715612 0.000000 0
715619 0.064300 1
715626 0.000000 0
715634 0.000000 0
715641 0.036850 1
715649 0.000000 0
715656 0.000000 0
715664 0.046710 1
715670 0.000000 0
715678 0.000000 0
715685 0.041700 1
715694 0.000000 0
715702 0.000000 0
715709 0.035580 1
715715 0.000000 0
715722 0.000000 0
715730 0.037660 1
715739 0.000000 0
715746 0.000000 0
715754 0.057130 1
715760 0.000000 0
715768 0.000000 0
715775 0.060500 1
715783 0.000000 0
715790 0.000000 0
715798 0.061010 1
715805 0.000000 0
715812 0.000000 0
715820 0.067870 1
715829 0.000000 0
715836 0.000000 0
715844 0.060500 1
715850 0.000000 0
715858 0.000000 0
715865 0.050480 1
715874 0.000000 0
715882 0.000000 0
715889 0.048780 1
715895 0.000000 0
715902 0.000000 0
715910 0.048780 1
715919 0.000000 0
715926 0.000000 0
715934 0.041340 1
715940 0.000000 0
715948 0.000000 0
715955 0.043840 1
715964 0.000000 0
715972 0.000000 0
715979 0.046370 1
715984 0.000000 0
715992 0.000000 0
715999 0.045040 1
716008 0.000000 0
716016 0.000000 0
716023 0.046540 1
716029 0.000000 0
716036 0.000000 0
716044 0.049870 1
716053 0.000000 0
716060 0.000000 0
716068 0.048940 1
716074 0.000000 0
716082 0.000000 0
716089 0.059490 1
716098 0.000000 0
716106 0.000000 0
716113 0.060760 1
716119 0.000000 0
716126 0.000000 0
716134 0.059880 1
716143 0.000000 0
716150 0.000000 0
716158 0.058320 1
716164 0.000000 0
716172 0.000000 0
716179 0.066640 1
716188 0.000000 0
716196 0.000000 0
716203 0.071700 1
716209 0.000000 0
716216 0.000000 0
716224 0.068100 1
716233 0.000000 0
716240 0.000000 0
716248 0.049560 1
716254 0.000000 0
716262 0.000000 0
716269 0.044880 1
716278 0.000000 0
716286 0.000000 0
716293 0.044710 1
716301 0.000000 0
716308 0.000000 0
716316 0.027340 1
716324 0.000000 0
716332 0.000000 0
716339 0.041700 1
716346 0.000000 0
716354 0.000000 0
716361 0.045720 1
716369 0.000000 0
716376 0.000000 0
716384 0.040410 1
716391 0.000000 0
716398 0.000000 0
716406 0.054690 1
716414 0.000000 0
716422 0.000000 0
716429 0.064180 1
716435 0.000000 0
716442 0.000000 0
716450 0.054540 1
716459 0.000000 0
716466 0.000000 0
716474 0.057010 1
716480 0.000000 0
716488 0.000000 0
716495 0.062000 1
716504 0.000000 0
716512 0.000000 0
716519 0.053700 1
716525 0.000000 0
716532 0.000000 0
716540 0.047200 1
716548 0.000000 0
716556 0.000000 0
716563 0.048310 1
716569 0.000000 0
716576 0.000000 0
716584 0.039440 1
716593 0.000000 0
716600 0.000000 0
716608 0.052260 1
716615 0.000000 0
716622 0.000000 0
716630 0.049090 1
716639 0.000000 0
716646 0.000000 0
716654 0.040410 1
716660 0.000000 0
716668 0.000000 0
716675 0.060640 1
716684 0.000000 0
716692 0.000000 0
716699 0.058850 1
716704 0.000000 0
716712 0.000000 0
716719 0.062610 1
716728 0.000000 0
716736 0.000000 0
716743 0.064770 1
716749 0.000000 0
716756 0.000000 0
716764 0.069430 1
716773 0.000000 0
716780 0.000000 0
716788 0.070740 1
716794 0.000000 0
716802 0.000000 0
716809 0.045880 1
716818 0.000000 0
716826 0.000000 0
716833 0.045880 1
716839 0.000000 0
716846 0.000000 0
716854 0.049870 1
716863 0.000000 0
716870 0.000000 0
716878 0.042600 1
716884 0.000000 0
716892 0.000000 0
716899 0.039640 1
716908 0.000000 0
716916 0.000000 0
716923 0.030750 1
716929 0.000000 0
716936 0.000000 0
716944 0.034490 1
716953 0.000000 0
716960 0.000000 0
716968 0.054260 1
716974 0.000000 0
716982 0.000000 0
716989 0.050320 1
716998 0.000000 0
717006 0.000000 0
717013 0.052260 1
717019 0.000000 0
717026 0.000000 0
717034 0.053970 1
717043 0.000000 0
717050 0.000000 0
717058 0.052400 1
717064 0.000000 0
717072 0.000000 0
717079 0.061630 1
717088 0.000000 0
717096 0.000000 0
717103 0.046220 1
717110 0.000000 0
717118 0.000000 0
717125 0.047840 1
717134 0.000000 0
717142 0.000000 0
717149 0.072130 1
717156 0.000000 0
717164 0.000000 0
717171 0.080140 1
717179 0.000000 0
717186 0.000000 0
717194 0.070530 1
717201 0.000000 0
717208 0.000000 0
717216 0.069320 1
717224 0.000000 0
717232 0.000000 0
717239 0.060140 1
717244 0.000000 0
717252 0.000000 0
717259 0.056060 1
717269 0.000000 0
717276 0.000000 0
717284 0.053830 1
717289 0.000000 0
717296 0.000000 0
717304 0.037260 1
717314 0.000000 0
717322 0.000000 0
717329 0.036420 1
717335 0.000000 0
717342 0.000000 0
717350 0.030990 1
717359 0.000000 0
717366 0.000000 0
717374 0.040020 1
717380 0.000000 0
717388 0.000000 0
717395 0.049710 1
717404 0.000000 0
717412 0.000000 0
717419 0.052550 1
717425 0.000000 0
717432 0.000000 0
717440 0.045550 1
717448 0.000000 0
717456 0.000000 0
717463 0.039830 1
717470 0.000000 0
717478 0.000000 0
717485 0.029220 1
717494 0.000000 0
717502 0.000000 0
717509 0.031720 1
717515 0.000000 0
717522 0.000000 0
717530 0.032910 1
717539 0.000000 0
717546 0.000000 0
717554 0.047840 1
717560 0.000000 0
717568 0.000000 0
717575 0.047200 1
717584 0.000000 0
717592 0.000000 0
717599 0.055240 1
717605 0.000000 0
717612 0.000000 0
717620 0.052840 1
717628 0.000000 0
717636 0.000000 0
717643 0.050630 1
717649 0.000000 0
717656 0.000000 0
717664 0.045040 1
717673 0.000000 0
717680 0.000000 0
717688 0.045550 1
717694 0.000000 0
717702 0.000000 0
717709 0.035580 1
717718 0.000000 0
717726 0.000000 0
717733 0.037050 1
717738 0.000000 0
717746 0.000000 0
717753 0.027620 1
717763 0.000000 0
717770 0.000000 0
717778 0.036220 1
717784 0.000000 0
717792 0.000000 0
717799 0.042250 1
717808 0.000000 0
717816 0.000000 0
717823 0.046220 1
717829 0.000000 0
717836 0.000000 0
717844 0.041700 1
717853 0.000000 0
717860 0.000000 0
717868 0.047030 1
717874 0.000000 0
717882 0.000000 0
717889 0.058980 1
717898 0.000000 0
717906 0.000000 0
717913 0.062120 1
717919 0.000000 0
717926 0.000000 0
717934 0.044710 1
717943 0.000000 0
717950 0.000000 0
717958 0.049560 1
717964 0.000000 0
717972 0.000000 0
717979 0.051220 1
717988 0.000000 0
717996 0.000000 0
718003 0.045040 1
718011 0.000000 0
718018 0.000000 0
718026 0.057400 1
718034 0.000000 0
718042 0.000000 0
718049 0.049710 1
718055 0.000000 0
718062 0.000000 0
718070 0.058060 1
718079 0.000000 0
718086 0.000000 0
718094 0.055790 1
718101 0.000000 0
718108 0.000000 0
718116 0.050480 1
718124 0.000000 0
718132 0.000000 0
718139 0.046540 1
718146 0.000000 0
718154 0.000000 0
718161 0.055370 1
718169 0.000000 0
718176 0.000000 0
718184 0.050920 1
718190 0.000000 0
718198 0.000000 0
718205 0.044880 1
718214 0.000000 0
718222 0.000000 0
718229 0.043490 1
718235 0.000000 0
718242 0.000000 0
718250 0.050170 1
718259 0.000000 0
718266 0.000000 0
718274 0.048780 1
718280 0.000000 0
718288 0.000000 0
718295 0.041520 1
718304 0.000000 0
718312 0.000000 0
718319 0.044190 1
718325 0.000000 0
718332 0.000000 0
718340 0.042250 1
718349 0.000000 0
718356 0.000000 0
718364 0.044710 1
718370 0.000000 0
718378 0.000000 0
718385 0.043670 1
718393 0.000000 0
718400 0.000000 0
718408 0.051220 1
718415 0.000000 0
718422 0.000000 0
718430 0.060000 1
718439 0.000000 0
718446 0.000000 0
718454 0.051510 1
718459 0.000000 0
718466 0.000000 0
718474 0.055920 1
718484 0.000000 0
718492 0.000000 0
718499 0.053970 1
718505 0.000000 0
718512 0.000000 0
718520 0.041700 1
718529 0.000000 0
718536 0.000000 0
718544 0.028700 1
718549 0.000000 0
718556 0.000000 0
718564 0.045380 1
718573 0.000000 0
718580 0.000000 0
718588 0.049090 1
718593 0.000000 0
718600 0.000000 0
718608 0.059100 1
718618 0.000000 0
718626 0.000000 0
718633 0.068670 1
718639 0.000000 0
718646 0.000000 0
718654 0.054830 1
718663 0.000000 0
718670 0.000000 0
718678 0.043140 1
718684 0.000000 0
718692 0.000000 0
718699 0.033370 1
718708 0.000000 0
718716 0.000000 0
718723 0.041520 1
718729 0.000000 0
718736 0.000000 0
718744 0.057540 1
718753 0.000000 0
718760 0.000000 0
718768 0.051070 1
718774 0.000000 0
718782 0.000000 0
718789 0.058320 1
718798 0.000000 0
718806 0.000000 0
718813 0.049260 1
718819 0.000000 0
718826 0.000000 0
718834 0.044010 1
718843 0.000000 0
718850 0.000000 0
718858 0.044360 1
718866 0.000000 0
718874 0.000000 0
718881 0.054260 1
718889 0.000000 0
718896 0.000000 0
718904 0.058850 1
718911 0.000000 0
718918 0.000000 0
718926 0.066410 1
718934 0.000000 0
718942 0.000000 0
718949 0.062500 1
718956 0.000000 0
718964 0.000000 0
718971 0.049870 1
718979 0.000000 0
718986 0.000000 0
718994 0.035800 1
719000 0.000000 0
719008 0.000000 0
719015 0.039640 1
719024 0.000000 0
719032 0.000000 0
719039 0.051380 1
719045 0.000000 0
719052 0.000000 0
719060 0.053700 1
719069 0.000000 0
719076 0.000000 0
719084 0.063940 1
719090 0.000000 0
719098 0.000000 0
719105 0.069320 1
719114 0.000000 0
719122 0.000000 0
719129 0.070950 1
719135 0.000000 0
719142 0.000000 0
719150 0.036850 1
719159 0.000000 0
719166 0.000000 0
719174 0.038860 1
719180 0.000000 0
719188 0.000000 0
719195 0.044190 1
719204 0.000000 0
719212 0.000000 0
719219 0.049710 1
719225 0.000000 0
719232 0.000000 0
719240 0.049090 1
719249 0.000000 0
719256 0.000000 0
719264 0.044190 1
719270 0.000000 0
719278 0.000000 0
719285 0.035580 1
719294 0.000000 0
719302 0.000000 0
719309 0.048940 1
719315 0.000000 0
719322 0.000000 0
719330 0.054690 1
719338 0.000000 0
719346 0.000000 0
719353 0.055100 1
719359 0.000000 0
719366 0.000000 0
719374 0.059490 1
719383 0.000000 0
719390 0.000000 0
719398 0.056460 1
719404 0.000000 0
719412 0.000000 0
719419 0.059750 1
719428 0.000000 0
719436 0.000000 0
719443 0.060260 1
719449 0.000000 0
719456 0.000000 0
719464 0.052110 1
719473 0.000000 0
719480 0.000000 0
719488 0.065250 1
719494 0.000000 0
719502 0.000000 0
719509 0.058320 1
719518 0.000000 0
719526 0.000000 0
719533 0.052690 1
719539 0.000000 0
719546 0.000000 0
719554 0.049260 1
719563 0.000000 0
719570 0.000000 0
719578 0.053270 1
719584 0.000000 0
719592 0.000000 0
719599 0.047840 1
719608 0.000000 0
719616 0.000000 0
719623 0.036010 1
719629 0.000000 0
719636 0.000000 0
719644 0.040590 1
719653 0.000000 0
719660 0.000000 0
719668 0.049410 1
719674 0.000000 0
719682 0.000000 0
719689 0.049710 1
719699 0.000000 0
719706 0.000000 0
719714 0.054400 1
719721 0.000000 0
719728 0.000000 0
719736 0.063100 1
719744 0.000000 0
719752 0.000000 0
719759 0.062610 1
719766 0.000000 0
719774 0.000000 0
719781 0.063220 1
719789 0.000000 0
719796 0.000000 0
719804 0.047840 1
719810 0.000000 0
719818 0.000000 0
719825 0.052550 1
719834 0.000000 0
719842 0.000000 0
719849 0.051070 1
719855 0.000000 0
719862 0.000000 0
719870 0.044880 1
719879 0.000000 0
719886 0.000000 0
719894 0.058060 1
719900 0.000000 0
719908 0.000000 0
719915 0.057130 1
719924 0.000000 0
719932 0.000000 0
719939 0.057940 1
719945 0.000000 0
719952 0.000000 0
719960 0.059750 1
719969 0.000000 0
719976 0.000000 0
719984 0.075640 1
719990 0.000000 0
719998 0.000000 0
720005 0.077930 1
720014 0.000000 0
720022 0.000000 0
720029 0.060140 1
720035 0.000000 0
720042 0.000000 0
720050 0.060000 1
720059 0.000000 0
720066 0.000000 0
720074 0.045720 1
720080 0.000000 0
720088 0.000000 0
720095 0.034490 1
720104 0.000000 0
720112 0.000000 0
720119 0.030240 1
720125 0.000000 0
720132 0.000000 0
720140 0.041150 1
720148 0.000000 0
720156 0.000000 0
720163 0.044360 1
720170 0.000000 0
720178 0.000000 0
720185 0.055240 1
720193 0.000000 0
720200 0.000000 0
720208 0.059620 1
720214 0.000000 0
720222 0.000000 0
720229 0.060000 1
720239 0.000000 0
720246 0.000000 0
720254 0.063460 1
720259 0.000000 0
720266 0.000000 0
720274 0.046220 1
720283 0.000000 0
720290 0.000000 0
720298 0.038470 1
720304 0.000000 0
720312 0.000000 0
720319 0.033600 1
720328 0.000000 0
720336 0.000000 0
720343 0.029740 1
720349 0.000000 0
720356 0.000000 0
720364 0.032670 1
720373 0.000000 0
720380 0.000000 0
720388 0.040770 1
720394 0.000000 0
720402 0.000000 0
720409 0.034930 1
720418 0.000000 0
720426 0.000000 0
720433 0.047520 1
720439 0.000000 0
720446 0.000000 0
720454 0.039060 1
720463 0.000000 0
720470 0.000000 0
720478 0.031970 1
720484 0.000000 0
720492 0.000000 0
720499 0.049410 1
720508 0.000000 0
720516 0.000000 0
720523 0.049260 1
720529 0.000000 0
720536 0.000000 0
720544 0.049560 1
720553 0.000000 0
720560 0.000000 0
720568 0.053270 1
720576 0.000000 0
720584 0.000000 0
720591 0.058200 1
720599 0.000000 0
720606 0.000000 0
720614 0.054260 1
720621 0.000000 0
720628 0.000000 0
720636 0.043320 1
720644 0.000000 0
720652 0.000000 0
720659 0.066060 1
720666 0.000000 0
720674 0.000000 0
720681 0.066970 1
720689 0.000000 0
720696 0.000000 0
720704 0.064880 1
720710 0.000000 0
720718 0.000000 0
720725 0.062970 1
720734 0.000000 0
720742 0.000000 0
720749 0.056870 1
720755 0.000000 0
720762 0.000000 0
720770 0.044010 1
720778 0.000000 0
720786 0.000000 0
720793 0.049090 1
720800 0.000000 0
720808 0.000000 0
720815 0.057130 1
720824 0.000000 0
720832 0.000000 0
720839 0.057010 1
720844 0.000000 0
720852 0.000000 0
720859 0.048310 1
720869 0.000000 0
720876 0.000000 0
720884 0.029480 1
720890 0.000000 0
720898 0.000000 0
720905 0.033600 1
720913 0.000000 0
720920 0.000000 0
720928 0.042600 1
720935 0.000000 0
720942 0.000000 0
720950 0.040210 1
720959 0.000000 0
720966 0.000000 0
720974 0.038270 1
720980 0.000000 0
720988 0.000000 0
720995 0.046540 1
721004 0.000000 0
721012 0.000000 0
721019 0.042600 1
721025 0.000000 0
721032 0.000000 0
721040 0.038860 1
721049 0.000000 0
721056 0.000000 0
721064 0.047030 1
721070 0.000000 0
721078 0.000000 0
721085 0.045880 1
721094 0.000000 0
721102 0.000000 0
721109 0.039640 1
721115 0.000000 0
721122 0.000000 0
721130 0.032210 1
721139 0.000000 0
721146 0.000000 0
721154 0.044360 1
721159 0.000000 0
721166 0.000000 0
721174 0.044530 1
721184 0.000000 0
721192 0.000000 0
721199 0.050480 1
721205 0.000000 0
721212 0.000000 0
721220 0.060760 1
721228 0.000000 0
721236 0.000000 0
721243 0.058850 1
721249 0.000000 0
721256 0.000000 0
721264 0.051220 1
721273 0.000000 0
721280 0.000000 0
721288 0.041520 1
721294 0.000000 0
721302 0.000000 0
721309 0.038070 1
721318 0.000000 0
721326 0.000000 0
721333 0.046710 1
721339 0.000000 0
721346 0.000000 0
721354 0.036850 1
721363 0.000000 0
721370 0.000000 0
721378 0.056600 1
721383 0.000000 0
721390 0.000000 0
721398 0.054960 1
721408 0.000000 0
721416 0.000000 0
721423 0.046220 1
721429 0.000000 0
721436 0.000000 0
721444 0.057130 1
721453 0.000000 0
721460 0.000000 0
721468 0.050630 1
721474 0.000000 0
721482 0.000000 0
721489 0.035370 1
721498 0.000000 0
721506 0.000000 0
721513 0.038270 1
721519 0.000000 0
721526 0.000000 0
721534 0.049410 1
721543 0.000000 0
721550 0.000000 0
721558 0.061390 1
721564 0.000000 0
721572 0.000000 0
721579 0.053560 1
721588 0.000000 0
721596 0.000000 0
721603 0.046370 1
721609 0.000000 0
721616 0.000000 0
721624 0.041340 1
721634 0.000000 0
721642 0.000000 0
721649 0.034710 1
721656 0.000000 0
721664 0.000000 0
721671 0.046370 1
721679 0.000000 0
721686 0.000000 0
721694 0.030750 1
721701 0.000000 0
721708 0.000000 0
721716 0.040020 1
721723 0.000000 0
721730 0.000000 0
721738 0.049090 1
721746 0.000000 0
721754 0.000000 0
721761 0.045720 1
721769 0.000000 0
721776 0.000000 0
721784 0.039830 1
721790 0.000000 0
721798 0.000000 0
721805 0.036220 1
721814 0.000000 0
721822 0.000000 0
721829 0.053270 1
721835 0.000000 0
721842 0.000000 0
721850 0.062610 1
721859 0.000000 0
721866 0.000000 0
721874 0.048460 1
721880 0.000000 0
721888 0.000000 0
721895 0.052840 1
721904 0.000000 0
721912 0.000000 0
721919 0.047670 1
721925 0.000000 0
721932 0.000000 0
721940 0.051960 1
721949 0.000000 0
721956 0.000000 0
721964 0.038670 1
721970 0.000000 0
721978 0.000000 0
721985 0.051510 1
721994 0.000000 0
722002 0.000000 0
722009 0.052980 1
722014 0.000000 0
722022 0.000000 0
722029 0.046710 1
722038 0.000000 0
722046 0.000000 0
722053 0.042790 1
722059 0.000000 0
722066 0.000000 0
722074 0.044190 1
722083 0.000000 0
722090 0.000000 0
722098 0.041340 1
722104 0.000000 0
722112 0.000000 0
722119 0.036850 1
722128 0.000000 0
722136 0.000000 0
722143 0.042790 1
722149 0.000000 0
722156 0.000000 0
722164 0.044190 1
722173 0.000000 0
722180 0.000000 0
722188 0.051960 1
722194 0.000000 0
722202 0.000000 0
722209 0.052400 1
722218 0.000000 0
722226 0.000000 0
722233 0.050320 1
722239 0.000000 0
722246 0.000000 0
722254 0.046880 1
722263 0.000000 0
722270 0.000000 0
722278 0.054120 1
722286 0.000000 0
722294 0.000000 0
722301 0.047200 1
722309 0.000000 0
722316 0.000000 0
722324 0.048310 1
722331 0.000000 0
722338 0.000000 0
722346 0.047670 1
722353 0.000000 0
722360 0.000000 0
722368 0.067430 1
722375 0.000000 0
722382 0.000000 0
722390 0.068330 1
722399 0.000000 0
722406 0.000000 0
722414 0.063710 1
722420 0.000000 0
722428 0.000000 0
722435 0.064420 1
722444 0.000000 0
722452 0.000000 0
722459 0.058590 1
722465 0.000000 0
722472 0.000000 0
722480 0.061630 1
722489 0.000000 0
722496 0.000000 0
722504 0.047200 1
722510 0.000000 0
722518 0.000000 0
722525 0.038070 1
722534 0.000000 0
722542 0.000000 0
722549 0.046880 1
722555 0.000000 0
722562 0.000000 0
722570 0.052840 1
722579 0.000000 0
722586 0.000000 0
722594 0.055790 1
722600 0.000000 0
722608 0.000000 0
722615 0.048780 1
722624 0.000000 0
722632 0.000000 0
722639 0.051510 1
722645 0.000000 0
722652 0.000000 0
722660 0.034040 1
722669 0.000000 0
722676 0.000000 0
722684 0.065130 1
722689 0.000000 0
722696 0.000000 0
722704 0.060640 1
722713 0.000000 0
722720 0.000000 0
722728 0.054400 1
722734 0.000000 0
722742 0.000000 0
722749 0.046370 1
722758 0.000000 0
722766 0.000000 0
722773 0.054400 1
722779 0.000000 0
722786 0.000000 0
722794 0.046540 1
722803 0.000000 0
722810 0.000000 0
722818 0.049710 1
722824 0.000000 0
722832 0.000000 0
722839 0.059880 1
722848 0.000000 0
722856 0.000000 0
722863 0.064300 1
722869 0.000000 0
722876 0.000000 0
722884 0.051070 1
722893 0.000000 0
722900 0.000000 0
722908 0.041700 1
722914 0.000000 0
722922 0.000000 0
722929 0.037870 1
722938 0.000000 0
722946 0.000000 0
722953 0.046370 1
722959 0.000000 0
722966 0.000000 0
722974 0.051220 1
722983 0.000000 0
722990 0.000000 0
722998 0.053970 1
723006 0.000000 0
723014 0.000000 0
723021 0.063100 1
723029 0.000000 0
723036 0.000000 0
723044 0.072650 1
723051 0.000000 0
723058 0.000000 0
723066 0.064880 1
723074 0.000000 0
723082 0.000000 0
723089 0.056460 1
723096 0.000000 0
723104 0.000000 0
723111 0.034270 1
723119 0.000000 0
723126 0.000000 0
723134 0.054690 1
723140 0.000000 0
723148 0.000000 0
723155 0.050020 1
723164 0.000000 0
723172 0.000000 0
723179 0.051960 1
723185 0.000000 0
723192 0.000000 0
723200 0.059360 1
723209 0.000000 0
723216 0.000000 0
723224 0.054690 1
723230 0.000000 0
723238 0.000000 0
723245 0.057400 1
723253 0.000000 0
723260 0.000000 0
723268 0.063940 1
723275 0.000000 0
723282 0.000000 0
723290 0.050320 1
723299 0.000000 0
723306 0.000000 0
723314 0.050020 1
723320 0.000000 0
723328 0.000000 0
723335 0.059240 1
723344 0.000000 0
723352 0.000000 0
723359 0.052690 1
723365 0.000000 0
723372 0.000000 0
723380 0.037870 1
723389 0.000000 0
723396 0.000000 0
723404 0.045380 1
723409 0.000000 0
723416 0.000000 0
723424 0.052980 1
723433 0.000000 0
723440 0.000000 0
723448 0.051220 1
723454 0.000000 0
723462 0.000000 0
723469 0.051820 1
723478 0.000000 0
723486 0.000000 0
723493 0.062120 1
723499 0.000000 0
723506 0.000000 0
723514 0.075330 1
723523 0.000000 0
723530 0.000000 0
723538 0.076140 1
723544 0.000000 0
723552 0.000000 0
723559 0.063460 1
723568 0.000000 0
723576 0.000000 0
723583 0.055240 1
723589 0.000000 0
723596 0.000000 0
723604 0.052260 1
723613 0.000000 0
723620 0.000000 0
723628 0.055920 1
723634 0.000000 0
723642 0.000000 0
723649 0.048780 1
723658 0.000000 0
723666 0.000000 0
723673 0.049870 1
723679 0.000000 0
723686 0.000000 0
723694 0.044190 1
723703 0.000000 0
723710 0.000000 0
723718 0.044710 1
723724 0.000000 0
723732 0.000000 0
723739 0.064300 1
723749 0.000000 0
723756 0.000000 0
723764 0.059240 1
723771 0.000000 0
723778 0.000000 0
723786 0.052840 1
723794 0.000000 0
723802 0.000000 0
723809 0.055370 1
723815 0.000000 0
723822 0.000000 0
723830 0.037660 1
723839 0.000000 0
723846 0.000000 0
723854 0.044190 1
723860 0.000000 0
723868 0.000000 0
723875 0.037260 1
723884 0.000000 0
723892 0.000000 0
723899 0.045380 1
723905 0.000000 0
723912 0.000000 0
723920 0.046540 1
723929 0.000000 0
723936 0.000000 0
723944 0.061260 1
723950 0.000000 0
723958 0.000000 0
723965 0.055650 1
723974 0.000000 0
723982 0.000000 0
723989 0.064770 1
723995 0.000000 0
724002 0.000000 0
724010 0.065480 1
724019 0.000000 0
724026 0.000000 0
724034 0.065710 1
724040 0.000000 0
724048 0.000000 0
724055 0.064650 1
724063 0.000000 0
724070 0.000000 0
724078 0.046050 1
724085 0.000000 0
724092 0.000000 0
724100 0.049870 1
724109 0.000000 0
724116 0.000000 0
724124 0.064180 1
724130 0.000000 0
724138 0.000000 0
724145 0.075140 1
724154 0.000000 0
724162 0.000000 0
724169 0.078600 1
724175 0.000000 0
724182 0.000000 0
724190 0.074720 1
724199 0.000000 0
724206 0.000000 0
724214 0.074830 1
724220 0.000000 0
724228 0.000000 0
724235 0.064650 1
724243 0.000000 0
724250 0.000000 0
724258 0.052550 1
724264 0.000000 0
724272 0.000000 0
724279 0.058980 1
724288 0.000000 0
724296 0.000000 0
724303 0.045880 1
724309 0.000000 0
724316 0.000000 0
724324 0.033830 1
724334 0.000000 0
724342 0.000000 0
724349 0.040020 1
724354 0.000000 0
724362 0.000000 0
724369 0.047350 1
724379 0.000000 0
724386 0.000000 0
724394 0.051380 1
724400 0.000000 0
724408 0.000000 0
724415 0.039640 1
724423 0.000000 0
724430 0.000000 0
724438 0.035370 1
724444 0.000000 0
724452 0.000000 0
724459 0.049090 1
724468 0.000000 0
724476 0.000000 0
724483 0.052690 1
724489 0.000000 0
724496 0.000000 0
724504 0.055510 1
724513 0.000000 0
724520 0.000000 0
724528 0.062240 1
724534 0.000000 0
724542 0.000000 0
724549 0.054690 1
724558 0.000000 0
724566 0.000000 0
724573 0.044530 1
724579 0.000000 0
724586 0.000000 0
724594 0.032910 1
724603 0.000000 0
724610 0.000000 0
724618 0.029740 1
724624 0.000000 0
724632 0.000000 0
724639 0.052400 1
724648 0.000000 0
724656 0.000000 0
724663 0.079290 1
724669 0.000000 0
724676 0.000000 0
724684 0.082490 1
724693 0.000000 0
724700 0.000000 0
724708 0.075940 1
724714 0.000000 0
724722 0.000000 0
724729 0.053830 1
724738 0.000000 0
724746 0.000000 0
724753 0.047200 1
724759 0.000000 0
724766 0.000000 0
724774 0.050320 1
724783 0.000000 0
724790 0.000000 0
724798 0.054830 1
724805 0.000000 0
724812 0.000000 0
724820 0.046050 1
724829 0.000000 0
724836 0.000000 0
724844 0.047030 1
724850 0.000000 0
724858 0.000000 0
724865 0.044360 1
724874 0.000000 0
724882 0.000000 0
724889 0.041700 1
724896 0.000000 0
724904 0.000000 0
724911 0.048310 1
724918 0.000000 0
724926 0.000000 0
724933 0.053970 1
724941 0.000000 0
724948 0.000000 0
724956 0.047840 1
724964 0.000000 0
724972 0.000000 0
724979 0.040020 1
724985 0.000000 0
724992 0.000000 0
725000 0.033600 1
725009 0.000000 0
725016 0.000000 0
725024 0.040590 1
725030 0.000000 0
725038 0.000000 0
725045 0.050480 1
725053 0.000000 0
725060 0.000000 0
725068 0.051380 1
725075 0.000000 0
725082 0.000000 0
725090 0.057660 1
725099 0.000000 0
725106 0.000000 0
725114 0.042250 1
725120 0.000000 0
725128 0.000000 0
725135 0.047520 1
725144 0.000000 0
725152 0.000000 0
725159 0.048460 1
725165 0.000000 0
725172 0.000000 0
725180 0.046370 1
725189 0.000000 0
725196 0.000000 0
725204 0.048310 1
725210 0.000000 0
725218 0.000000 0
725225 0.050320 1
725234 0.000000 0
725242 0.000000 0
725249 0.042970 1
725255 0.000000 0
725262 0.000000 0
725270 0.050480 1
725279 0.000000 0
725286 0.000000 0
725294 0.053270 1
725299 0.000000 0
725306 0.000000 0
725314 0.047200 1
725323 0.000000 0
725330 0.000000 0
725338 0.048630 1
725344 0.000000 0
725352 0.000000 0
725359 0.058720 1
725368 0.000000 0
725376 0.000000 0
725383 0.055790 1
725389 0.000000 0
725396 0.000000 0
725404 0.056060 1
725413 0.000000 0
725420 0.000000 0
725428 0.044360 1
725434 0.000000 0
725442 0.000000 0
725449 0.045380 1
725458 0.000000 0
725466 0.000000 0
725473 0.042250 1
725479 0.000000 0
725486 0.000000 0
725494 0.046880 1
725503 0.000000 0
725510 0.000000 0
725518 0.053270 1
725524 0.000000 0
725532 0.000000 0
725539 0.056200 1
725548 0.000000 0
725556 0.000000 0
725563 0.049260 1
725569 0.000000 0
725576 0.000000 0
725584 0.044710 1
725593 0.000000 0
725600 0.000000 0
725608 0.041520 1
725614 0.000000 0
725622 0.000000 0
725629 0.036010 1
725638 0.000000 0
725646 0.000000 0
725653 0.058320 1
725659 0.000000 0
725666 0.000000 0
725674 0.055510 1
725684 0.000000 0
725692 0.000000 0
725699 0.048780 1
725706 0.000000 0
725714 0.000000 0
725721 0.050780 1
725729 0.000000 0
725736 0.000000 0
725744 0.033830 1
725751 0.000000 0
725758 0.000000 0
725766 0.040960 1
725774 0.000000 0
725782 0.000000 0
725789 0.041520 1
725796 0.000000 0
725804 0.000000 0
725811 0.050780 1
725818 0.000000 0
725826 0.000000 0
725833 0.043670 1
725841 0.000000 0
725848 0.000000 0
725856 0.057400 1
725864 0.000000 0
725872 0.000000 0
725879 0.054260 1
725884 0.000000 0
725892 0.000000 0
725899 0.051820 1
725909 0.000000 0
725916 0.000000 0
725924 0.049560 1
725931 0.000000 0
725938 0.000000 0
725946 0.041150 1
725954 0.000000 0
725962 0.000000 0
725969 0.050020 1
725975 0.000000 0
725982 0.000000 0
725990 0.047990 1
725999 0.000000 0
726006 0.000000 0
726014 0.062240 1
726020 0.000000 0
726028 0.000000 0
726035 0.055100 1
726044 0.000000 0
726052 0.000000 0
726059 0.050920 1
726065 0.000000 0
726072 0.000000 0
726080 0.049710 1
726089 0.000000 0
726096 0.000000 0
726104 0.036010 1
726110 0.000000 0
726118 0.000000 0
726125 0.042070 1
726134 0.000000 0
726142 0.000000 0
726149 0.042600 1
726155 0.000000 0
726162 0.000000 0
726170 0.057130 1
726179 0.000000 0
726186 0.000000 0
726194 0.063710 1
726200 0.000000 0
726208 0.000000 0
726215 0.056340 1
726224 0.000000 0
726232 0.000000 0
726239 0.050170 1
726245 0.000000 0
726252 0.000000 0
726260 0.052980 1
726269 0.000000 0
726276 0.000000 0
726284 0.049870 1
726290 0.000000 0
726298 0.000000 0
726305 0.043840 1
726314 0.000000 0
726322 0.000000 0
726329 0.044530 1
726335 0.000000 0
726342 0.000000 0
726350 0.058590 1
726358 0.000000 0
726366 0.000000 0
726373 0.067990 1
726380 0.000000 0
726388 0.000000 0
726395 0.075440 1
726403 0.000000 0
726410 0.000000 0
726418 0.068990 1
726424 0.000000 0
726432 0.000000 0
726439 0.062610 1
726448 0.000000 0
726456 0.000000 0
726463 0.051220 1
726469 0.000000 0
726476 0.000000 0
726484 0.058980 1
726493 0.000000 0
726500 0.000000 0
726508 0.060640 1
726514 0.000000 0
726522 0.000000 0
726529 0.055920 1
726538 0.000000 0
726546 0.000000 0
726553 0.055920 1
726559 0.000000 0
726566 0.000000 0
726574 0.044190 1
726583 0.000000 0
726590 0.000000 0
726598 0.051670 1
726604 0.000000 0
726612 0.000000 0
726619 0.039440 1
726628 0.000000 0
726636 0.000000 0
726643 0.037870 1
726649 0.000000 0
726656 0.000000 0
726664 0.047200 1
726673 0.000000 0
726680 0.000000 0
726688 0.049710 1
726694 0.000000 0
726702 0.000000 0
726709 0.040590 1
726718 0.000000 0
726726 0.000000 0
726733 0.054960 1
726739 0.000000 0
726746 0.000000 0
726754 0.045210 1
726764 0.000000 0
726772 0.000000 0
726779 0.043840 1
726786 0.000000 0
726794 0.000000 0
726801 0.044530 1
726809 0.000000 0
726816 0.000000 0
726824 0.040770 1
726831 0.000000 0
726838 0.000000 0
726846 0.048630 1
726854 0.000000 0
726862 0.000000 0
726869 0.054960 1
726875 0.000000 0
726882 0.000000 0
726890 0.050170 1
726899 0.000000 0
726906 0.000000 0
726914 0.044190 1
726920 0.000000 0
726928 0.000000 0
726935 0.044360 1
726944 0.000000 0
726952 0.000000 0
726959 0.071170 1
726965 0.000000 0
726972 0.000000 0
726980 0.073700 1
726989 0.000000 0
726996 0.000000 0
727004 0.065350 1
727010 0.000000 0
727018 0.000000 0
727025 0.065480 1
727034 0.000000 0
727042 0.000000 0
727049 0.043140 1
727055 0.000000 0
727062 0.000000 0
727070 0.043140 1
727079 0.000000 0
727086 0.000000 0
727094 0.049710 1
727099 0.000000 0
727106 0.000000 0
727114 0.055650 1
727123 0.000000 0
727130 0.000000 0
727138 0.059490 1
727144 0.000000 0
727152 0.000000 0
727159 0.057400 1
727168 0.000000 0
727176 0.000000 0
727183 0.045380 1
727189 0.000000 0
727196 0.000000 0
727204 0.049090 1
727213 0.000000 0
727220 0.000000 0
727228 0.055650 1
727234 0.000000 0
727242 0.000000 0
727249 0.057660 1
727258 0.000000 0
727266 0.000000 0
727273 0.040020 1
727279 0.000000 0
727286 0.000000 0
727294 0.036220 1
727303 0.000000 0
727310 0.000000 0
727318 0.038860 1
727324 0.000000 0
727332 0.000000 0
727339 0.046050 1
727348 0.000000 0
727356 0.000000 0
727363 0.053700 1
727369 0.000000 0
727376 0.000000 0
727384 0.073700 1
727394 0.000000 0
727402 0.000000 0
727409 0.074620 1
727415 0.000000 0
727422 0.000000 0
727430 0.072020 1
727439 0.000000 0
727446 0.000000 0
727454 0.061010 1
727460 0.000000 0
727468 0.000000 0
727475 0.061140 1
727484 0.000000 0
727492 0.000000 0
727499 0.076140 1
727506 0.000000 0
727514 0.000000 0
727521 0.058590 1
727529 0.000000 0
727536 0.000000 0
727544 0.037660 1
727550 0.000000 0
727558 0.000000 0
727565 0.030990 1
727574 0.000000 0
727582 0.000000 0
727589 0.038270 1
727595 0.000000 0
727602 0.000000 0
727610 0.037050 1
727619 0.000000 0
727626 0.000000 0
727634 0.058850 1
727640 0.000000 0
727648 0.000000 0
727655 0.049560 1
727664 0.000000 0
727672 0.000000 0
727679 0.053970 1
727685 0.000000 0
727692 0.000000 0
727700 0.061140 1
727708 0.000000 0
727716 0.000000 0
727723 0.083500 1
727729 0.000000 0
727736 0.000000 0
727744 0.081180 1
727754 0.000000 0
727762 0.000000 0
727769 0.062120 1
727774 0.000000 0
727782 0.000000 0
727789 0.049870 1
727798 0.000000 0
727806 0.000000 0
727813 0.075440 1
727819 0.000000 0
727826 0.000000 0
727834 0.053560 1
727843 0.000000 0
727850 0.000000 0
727858 0.061880 1
727863 0.000000 0
727870 0.000000 0
727878 0.055370 1
727888 0.000000 0
727896 0.000000 0
727903 0.070080 1
727909 0.000000 0
727916 0.000000 0
727924 0.063580 1
727933 0.000000 0
727940 0.000000 0
727948 0.061880 1
727954 0.000000 0
727962 0.000000 0
727969 0.054120 1
727978 0.000000 0
727986 0.000000 0
727993 0.041890 1
727999 0.000000 0
728006 0.000000 0
728014 0.048310 1
728023 0.000000 0
728030 0.000000 0
728038 0.036220 1
728044 0.000000 0
728052 0.000000 0
728059 0.049560 1
728068 0.000000 0
728076 0.000000 0
728083 0.057940 1
728089 0.000000 0
728096 0.000000 0
728104 0.052260 1
728114 0.000000 0
728122 0.000000 0
728129 0.044880 1
728136 0.000000 0
728144 0.000000 0
728151 0.038270 1
728159 0.000000 0
728166 0.000000 0
728174 0.069540 1
728181 0.000000 0
728188 0.000000 0
728196 0.076040 1
728204 0.000000 0
728212 0.000000 0
728219 0.063830 1
728225 0.000000 0
728232 0.000000 0
728240 0.051960 1
728249 0.000000 0
728256 0.000000 0
728264 0.040410 1
728270 0.000000 0
728278 0.000000 0
728285 0.046540 1
728294 0.000000 0
728302 0.000000 0
728309 0.056340 1
728315 0.000000 0
728322 0.000000 0
728330 0.059240 1
728339 0.000000 0
728346 0.000000 0
728354 0.060000 1
728360 0.000000 0
728368 0.000000 0
728375 0.069980 1
728384 0.000000 0
728392 0.000000 0
728399 0.052400 1
728405 0.000000 0
728412 0.000000 0
728420 0.065580 1
728429 0.000000 0
728436 0.000000 0
728444 0.045720 1
728450 0.000000 0
728458 0.000000 0
728465 0.047350 1
728474 0.000000 0
728482 0.000000 0
728489 0.048160 1
728495 0.000000 0
728502 0.000000 0
728510 0.046220 1
728518 0.000000 0
728526 0.000000 0
728533 0.038270 1
728540 0.000000 0
728548 0.000000 0
728555 0.051070 1
728563 0.000000 0
728570 0.000000 0
728578 0.043670 1
728584 0.000000 0
728592 0.000000 0
728599 0.039830 1
728608 0.000000 0
728616 0.000000 0
728623 0.050780 1
728630 0.000000 0
728638 0.000000 0
728645 0.050020 1
728654 0.000000 0
728662 0.000000 0
728669 0.037260 1
728674 0.000000 0
728682 0.000000 0
728689 0.039060 1
728698 0.000000 0
728706 0.000000 0
728713 0.031970 1
728719 0.000000 0
728726 0.000000 0
728734 0.040960 1
728743 0.000000 0
728750 0.000000 0
728758 0.042790 1
728764 0.000000 0
728772 0.000000 0
728779 0.041890 1
728788 0.000000 0
728796 0.000000 0
728803 0.040410 1
728809 0.000000 0
728816 0.000000 0
728824 0.042420 1
728833 0.000000 0
728840 0.000000 0
728848 0.053970 1
728854 0.000000 0
728862 0.000000 0
728869 0.050320 1
728878 0.000000 0
728886 0.000000 0
728893 0.041700 1
728899 0.000000 0
728906 0.000000 0
728914 0.040770 1
728923 0.000000 0
728930 0.000000 0
728938 0.048460 1
728944 0.000000 0
728952 0.000000 0
728959 0.052690 1
728968 0.000000 0
728976 0.000000 0
728983 0.047030 1
728989 0.000000 0
728996 0.000000 0
729004 0.058320 1
729014 0.000000 0
729022 0.000000 0
729029 0.054260 1
729036 0.000000 0
729044 0.000000 0
729051 0.051960 1
729059 0.000000 0
729066 0.000000 0
729074 0.042790 1
729081 0.000000 0
729088 0.000000 0
729096 0.043840 1
729104 0.000000 0
729112 0.000000 0
729119 0.058200 1
729126 0.000000 0
729134 0.000000 0
729141 0.053830 1
729149 0.000000 0
729156 0.000000 0
729164 0.050480 1
729170 0.000000 0
729178 0.000000 0
729185 0.039830 1
729194 0.000000 0
729202 0.000000 0
729209 0.032210 1
729215 0.000000 0
729222 0.000000 0
729230 0.054400 1
729239 0.000000 0
729246 0.000000 0
729254 0.058320 1
729260 0.000000 0
729268 0.000000 0
729275 0.048630 1
729283 0.000000 0
729290 0.000000 0
729298 0.055240 1
729304 0.000000 0
729312 0.000000 0
729319 0.054690 1
729329 0.000000 0
729336 0.000000 0
729344 0.057130 1
729350 0.000000 0
729358 0.000000 0
729365 0.055790 1
729374 0.000000 0
729382 0.000000 0
729389 0.056600 1
729395 0.000000 0
729402 0.000000 0
729410 0.051510 1
729418 0.000000 0
729426 0.000000 0
729433 0.058590 1
729439 0.000000 0
729446 0.000000 0
729454 0.050630 1
729463 0.000000 0
729470 0.000000 0
729478 0.042070 1
729484 0.000000 0
729492 0.000000 0
729499 0.046710 1
729508 0.000000 0
729516 0.000000 0
729523 0.040960 1
729529 0.000000 0
729536 0.000000 0
729544 0.051380 1
729553 0.000000 0
729560 0.000000 0
729568 0.053410 1
729574 0.000000 0
729582 0.000000 0
729589 0.057940 1
729598 0.000000 0
729606 0.000000 0
729613 0.049090 1
729619 0.000000 0
729626 0.000000 0
729634 0.051960 1
729643 0.000000 0
729650 0.000000 0
729658 0.055650 1
729664 0.000000 0
729672 0.000000 0
729679 0.042420 1
729688 0.000000 0
729696 0.000000 0
729703 0.065000 1
729710 0.000000 0
729718 0.000000 0
729725 0.057540 1
729734 0.000000 0
729742 0.000000 0
729749 0.055240 1
729756 0.000000 0
729764 0.000000 0
729771 0.048310 1
729779 0.000000 0
729786 0.000000 0
729794 0.060140 1
729801 0.000000 0
729808 0.000000 0
729816 0.053700 1
729824 0.000000 0
729832 0.000000 0
729839 0.066970 1
729845 0.000000 0
729852 0.000000 0
729860 0.056060 1
729869 0.000000 0
729876 0.000000 0
729884 0.074920 1
729890 0.000000 0
729898 0.000000 0
729905 0.055650 1
729914 0.000000 0
729922 0.000000 0
729929 0.045040 1
729935 0.000000 0
729942 0.000000 0
729950 0.058320 1
729959 0.000000 0
729966 0.000000 0
729974 0.056730 1
729980 0.000000 0
729988 0.000000 0
729995 0.054260 1
730004 0.000000 0
730012 0.000000 0
730019 0.067200 1
730025 0.000000 0
730032 0.000000 0
730040 0.059490 1
730049 0.000000 0
730056 0.000000 0
730064 0.051380 1
730070 0.000000 0
730078 0.000000 0
730085 0.053560 1
730094 0.000000 0
730102 0.000000 0
730109 0.059880 1
730115 0.000000 0
730122 0.000000 0
730130 0.061880 1
730139 0.000000 0
730146 0.000000 0
730154 0.065000 1
730160 0.000000 0
730168 0.000000 0
730175 0.055370 1
730183 0.000000 0
730190 0.000000 0
730198 0.054690 1
730204 0.000000 0
730212 0.000000 0
730219 0.055920 1
730228 0.000000 0
730236 0.000000 0
730243 0.042420 1
730249 0.000000 0
730256 0.000000 0
730264 0.051960 1
730273 0.000000 0
730280 0.000000 0
730288 0.052550 1
730294 0.000000 0
730302 0.000000 0
730309 0.050170 1
730318 0.000000 0
730326 0.000000 0
730333 0.047200 1
730339 0.000000 0
730346 0.000000 0
730354 0.050630 1
730363 0.000000 0
730370 0.000000 0
730378 0.048460 1
730384 0.000000 0
730392 0.000000 0
730399 0.067080 1
730408 0.000000 0
730416 0.000000 0
730423 0.074830 1
730430 0.000000 0
730438 0.000000 0
730445 0.059620 1
730454 0.000000 0
730462 0.000000 0
730469 0.052110 1
730476 0.000000 0
730484 0.000000 0
730491 0.045040 1
730499 0.000000 0
730506 0.000000 0
730514 0.048630 1
730521 0.000000 0
730528 0.000000 0
730536 0.046540 1
730543 0.000000 0
730550 0.000000 0
730558 0.048160 1
730566 0.000000 0
730574 0.000000 0
730581 0.047030 1
730589 0.000000 0
730596 0.000000 0
730604 0.051670 1
730610 0.000000 0
730618 0.000000 0
730625 0.048160 1
730633 0.000000 0
730640 0.000000 0
730648 0.050320 1
730655 0.000000 0
730662 0.000000 0
730670 0.065250 1
730679 0.000000 0
730686 0.000000 0
730694 0.041520 1
730700 0.000000 0
730708 0.000000 0
730715 0.044710 1
730724 0.000000 0
730732 0.000000 0
730739 0.046050 1
730745 0.000000 0
730752 0.000000 0
730760 0.051510 1
730769 0.000000 0
730776 0.000000 0
730784 0.043840 1
730790 0.000000 0
730798 0.000000 0
730805 0.066870 1
730814 0.000000 0
730822 0.000000 0
730829 0.062850 1
730834 0.000000 0
730842 0.000000 0
730849 0.043840 1
730858 0.000000 0
730866 0.000000 0
730873 0.080990 1
730879 0.000000 0
730886 0.000000 0
730894 0.074420 1
730903 0.000000 0
730910 0.000000 0
730918 0.052980 1
730924 0.000000 0
730932 0.000000 0
730939 0.057270 1
730948 0.000000 0
730956 0.000000 0
730963 0.050920 1
730969 0.000000 0
730976 0.000000 0
730984 0.052980 1
730993 0.000000 0
731000 0.000000 0
731008 0.042970 1
731014 0.000000 0
731022 0.000000 0
731029 0.037460 1
731038 0.000000 0
731046 0.000000 0
731053 0.041150 1
731059 0.000000 0
731066 0.000000 0
731074 0.057800 1
731083 0.000000 0
731090 0.000000 0
731098 0.070190 1
731104 0.000000 0
731112 0.000000 0
731119 0.069110 1
731129 0.000000 0
731136 0.000000 0
731144 0.064880 1
731151 0.000000 0
731158 0.000000 0
731166 0.058980 1
731174 0.000000 0
731182 0.000000 0
731189 0.055650 1
731196 0.000000 0
731204 0.000000 0
731211 0.058850 1
731219 0.000000 0
731226 0.000000 0
731234 0.054260 1
731240 0.000000 0
731248 0.000000 0
731255 0.079290 1
731264 0.000000 0
731272 0.000000 0
731279 0.079960 1
731285 0.000000 0
731292 0.000000 0
731300 0.045380 1
731308 0.000000 0
731316 0.000000 0
731323 0.046880 1
731330 0.000000 0
731338 0.000000 0
731345 0.066970 1
731353 0.000000 0
731360 0.000000 0
731368 0.070420 1
731375 0.000000 0
731382 0.000000 0
731390 0.050780 1
731399 0.000000 0
731406 0.000000 0
731414 0.056730 1
731420 0.000000 0
731428 0.000000 0
731435 0.058980 1
731444 0.000000 0
731452 0.000000 0
731459 0.051670 1
731465 0.000000 0
731472 0.000000 0
731480 0.042600 1
731489 0.000000 0
731496 0.000000 0
731504 0.043670 1
731510 0.000000 0
731518 0.000000 0
731525 0.041700 1
731534 0.000000 0
731542 0.000000 0
731549 0.049260 1
731555 0.000000 0
731562 0.000000 0
731570 0.057660 1
731578 0.000000 0
731586 0.000000 0
731593 0.059240 1
731599 0.000000 0
731606 0.000000 0
731614 0.058590 1
731623 0.000000 0
731630 0.000000 0
731638 0.046540 1
731644 0.000000 0
731652 0.000000 0
731659 0.046880 1
731668 0.000000 0
731676 0.000000 0
731683 0.042420 1
731689 0.000000 0
731696 0.000000 0
731704 0.038860 1
731713 0.000000 0
731720 0.000000 0
731728 0.037260 1
731734 0.000000 0
731742 0.000000 0
731749 0.036220 1
731758 0.000000 0
731766 0.000000 0
731773 0.047520 1
731779 0.000000 0
731786 0.000000 0
731794 0.057270 1
731803 0.000000 0
731810 0.000000 0
731818 0.063100 1
731824 0.000000 0
731832 0.000000 0
731839 0.054960 1
731848 0.000000 0
731856 0.000000 0
731863 0.047350 1
731869 0.000000 0
731876 0.000000 0
731884 0.048310 1
731893 0.000000 0
731900 0.000000 0
731908 0.044530 1
731916 0.000000 0
731924 0.000000 0
731931 0.045720 1
731939 0.000000 0
731946 0.000000 0
731954 0.045880 1
731961 0.000000 0
731968 0.000000 0
731976 0.050920 1
731984 0.000000 0
731992 0.000000 0
731999 0.045040 1
732005 0.000000 0
732012 0.000000 0
732020 0.055510 1
732028 0.000000 0
732036 0.000000 0
732043 0.048160 1
732051 0.000000 0
732058 0.000000 0
732066 0.060380 1
732074 0.000000 0
732082 0.000000 0
732089 0.053970 1
732095 0.000000 0
732102 0.000000 0
732110 0.048630 1
732119 0.000000 0
732126 0.000000 0
732134 0.057270 1
732140 0.000000 0
732148 0.000000 0
732155 0.072760 1
732164 0.000000 0
732172 0.000000 0
732179 0.068670 1
732185 0.000000 0
732192 0.000000 0
732200 0.063100 1
732209 0.000000 0
732216 0.000000 0
732224 0.057940 1
732230 0.000000 0
732238 0.000000 0
732245 0.057940 1
732254 0.000000 0
732262 0.000000 0
732269 0.053410 1
732275 0.000000 0
732282 0.000000 0
732290 0.044880 1
732299 0.000000 0
732306 0.000000 0
732314 0.047520 1
732320 0.000000 0
732328 0.000000 0
732335 0.042600 1
732344 0.000000 0
732352 0.000000 0
732359 0.050020 1
732365 0.000000 0
732372 0.000000 0
732380 0.041700 1
732389 0.000000 0
732396 0.000000 0
732404 0.034270 1
732410 0.000000 0
732418 0.000000 0
732425 0.047030 1
732434 0.000000 0
732442 0.000000 0
732449 0.051220 1
732455 0.000000 0
732462 0.000000 0
732470 0.052550 1
732478 0.000000 0
732486 0.000000 0
732493 0.057660 1
732498 0.000000 0
732506 0.000000 0
732513 0.052980 1
732523 0.000000 0
732530 0.000000 0
732538 0.041890 1
732544 0.000000 0
732552 0.000000 0
732559 0.042250 1
732568 0.000000 0
732576 0.000000 0
732583 0.044530 1
732589 0.000000 0
732596 0.000000 0
732604 0.047030 1
732613 0.000000 0
732620 0.000000 0
732628 0.072970 1
732634 0.000000 0
732642 0.000000 0
732649 0.071600 1
732658 0.000000 0
732666 0.000000 0
732673 0.068880 1
732679 0.000000 0
732686 0.000000 0
732694 0.055790 1
732703 0.000000 0
732710 0.000000 0
732718 0.057130 1
732724 0.000000 0
732732 0.000000 0
732739 0.044010 1
732748 0.000000 0
732756 0.000000 0
732763 0.046710 1
732769 0.000000 0
732776 0.000000 0
732784 0.041520 1
732793 0.000000 0
732800 0.000000 0
732808 0.036220 1
732814 0.000000 0
732822 0.000000 0
732829 0.036420 1
732838 0.000000 0
732846 0.000000 0
732853 0.028700 1
732859 0.000000 0
732866 0.000000 0
732874 0.030000 1
732884 0.000000 0
732892 0.000000 0
732899 0.035800 1
732906 0.000000 0
732914 0.000000 0
732921 0.047200 1
732928 0.000000 0
732936 0.000000 0
732943 0.056340 1
732951 0.000000 0
732958 0.000000 0
732966 0.071270 1
732973 0.000000 0
732980 0.000000 0
732988 0.053120 1
732995 0.000000 0
733002 0.000000 0
733010 0.051820 1
733019 0.000000 0
733026 0.000000 0
733034 0.052840 1
733040 0.000000 0
733048 0.000000 0
733055 0.056340 1
733064 0.000000 0
733072 0.000000 0
733079 0.065830 1
733085 0.000000 0
733092 0.000000 0
733100 0.050630 1
733109 0.000000 0
733116 0.000000 0
733124 0.052980 1
733130 0.000000 0
733138 0.000000 0
733145 0.049260 1
733154 0.000000 0
733162 0.000000 0
733169 0.046050 1
733175 0.000000 0
733182 0.000000 0
733190 0.053410 1
733199 0.000000 0
733206 0.000000 0
733214 0.053120 1
733220 0.000000 0
733228 0.000000 0
733235 0.048310 1
733244 0.000000 0
733252 0.000000 0
733259 0.056200 1
733264 0.000000 0
733272 0.000000 0
733279 0.055790 1
733288 0.000000 0
733296 0.000000 0
733303 0.046370 1
733309 0.000000 0
733316 0.000000 0
733324 0.052690 1
733333 0.000000 0
733340 0.000000 0
733348 0.051960 1
733354 0.000000 0
733362 0.000000 0
733369 0.055650 1
733378 0.000000 0
733386 0.000000 0
733393 0.052110 1
733399 0.000000 0
733406 0.000000 0
733414 0.055100 1
733423 0.000000 0
733430 0.000000 0
733438 0.058720 1
733444 0.000000 0
733452 0.000000 0
733459 0.040770 1
733468 0.000000 0
733476 0.000000 0
733483 0.044190 1
733489 0.000000 0
733496 0.000000 0
733504 0.046710 1
733513 0.000000 0
733520 0.000000 0
733528 0.047670 1
733534 0.000000 0
733542 0.000000 0
733549 0.043840 1
733558 0.000000 0
733566 0.000000 0
733573 0.044530 1
733581 0.000000 0
733588 0.000000 0
733596 0.061140 1
733604 0.000000 0
733612 0.000000 0
733619 0.054260 1
733624 0.000000 0
733632 0.000000 0
733639 0.060880 1
733648 0.000000 0
733656 0.000000 0
733663 0.048940 1
733671 0.000000 0
733678 0.000000 0
733686 0.045720 1
733694 0.000000 0
733702 0.000000 0
733709 0.047030 1
733715 0.000000 0
733722 0.000000 0
733730 0.046540 1
733739 0.000000 0
733746 0.000000 0
733754 0.043840 1
733760 0.000000 0
733768 0.000000 0
733775 0.043670 1
733784 0.000000 0
733792 0.000000 0
733799 0.033140 1
733805 0.000000 0
733812 0.000000 0
733820 0.043320 1
733829 0.000000 0
733836 0.000000 0
733844 0.041150 1
733850 0.000000 0
733858 0.000000 0
733865 0.054690 1
733874 0.000000 0
733882 0.000000 0
733889 0.058850 1
733894 0.000000 0
733902 0.000000 0
733909 0.047840 1
733919 0.000000 0
733926 0.000000 0
733934 0.050020 1
733940 0.000000 0
733948 0.000000 0
733955 0.046220 1
733964 0.000000 0
733972 0.000000 0
733979 0.055510 1
733985 0.000000 0
733992 0.000000 0
734000 0.043140 1
734009 0.000000 0
734016 0.000000 0
734024 0.056200 1
734029 0.000000 0
734036 0.000000 0
734044 0.060000 1
734053 0.000000 0
734060 0.000000 0
734068 0.057270 1
734074 0.000000 0
734082 0.000000 0
734089 0.055790 1
734098 0.000000 0
734106 0.000000 0
734113 0.045380 1
734118 0.000000 0
734126 0.000000 0
734133 0.044530 1
734143 0.000000 0
734150 0.000000 0
734158 0.042250 1
734164 0.000000 0
734172 0.000000 0
734179 0.049560 1
734188 0.000000 0
734196 0.000000 0
734203 0.054400 1
734209 0.000000 0
734216 0.000000 0
734224 0.038670 1
734233 0.000000 0
734240 0.000000 0
734248 0.045550 1
734254 0.000000 0
734262 0.000000 0
734269 0.054400 1
734278 0.000000 0
734286 0.000000 0
734293 0.053270 1
734299 0.000000 0
734306 0.000000 0
734314 0.051960 1
734324 0.000000 0
734332 0.000000 0
734339 0.058850 1
734346 0.000000 0
734354 0.000000 0
734361 0.054260 1
734368 0.000000 0
734376 0.000000 0
734383 0.051960 1
734391 0.000000 0
734398 0.000000 0
734406 0.044360 1
734413 0.000000 0
734420 0.000000 0
734428 0.061010 1
734435 0.000000 0
734442 0.000000 0
734450 0.052400 1
734459 0.000000 0
734466 0.000000 0
734474 0.066870 1
734480 0.000000 0
734488 0.000000 0
734495 0.059490 1
734504 0.000000 0
734512 0.000000 0
734519 0.064880 1
734525 0.000000 0
734532 0.000000 0
734540 0.057540 1
734549 0.000000 0
734556 0.000000 0
734564 0.057800 1
734570 0.000000 0
734578 0.000000 0
734585 0.057130 1
734594 0.000000 0
734602 0.000000 0
734609 0.036420 1
734615 0.000000 0
734622 0.000000 0
734630 0.043320 1
734639 0.000000 0
734646 0.000000 0
734654 0.058320 1
734660 0.000000 0
734668 0.000000 0
734675 0.063220 1
734684 0.000000 0
734692 0.000000 0
734699 0.045040 1
734705 0.000000 0
734712 0.000000 0
734720 0.044710 1
734728 0.000000 0
734736 0.000000 0
734743 0.057130 1
734749 0.000000 0
734756 0.000000 0
734764 0.060880 1
734773 0.000000 0
734780 0.000000 0
734788 0.066290 1
734794 0.000000 0
734802 0.000000 0
734809 0.048780 1
734818 0.000000 0
734826 0.000000 0
734833 0.055790 1
734839 0.000000 0
734846 0.000000 0
734854 0.050170 1
734863 0.000000 0
734870 0.000000 0
734878 0.046880 1
734884 0.000000 0
734892 0.000000 0
734899 0.044190 1
734908 0.000000 0
734916 0.000000 0
734923 0.047990 1
734929 0.000000 0
734936 0.000000 0
734944 0.041700 1
734953 0.000000 0
734960 0.000000 0
734968 0.051670 1
734975 0.000000 0
734982 0.000000 0
734990 0.066870 1
734999 0.000000 0
735006 0.000000 0
735014 0.073270 1
735021 0.000000 0
735028 0.000000 0
735036 0.057940 1
735044 0.000000 0
735052 0.000000 0
735059 0.057400 1
735065 0.000000 0
735072 0.000000 0
735080 0.043670 1
735089 0.000000 0
735096 0.000000 0
735104 0.038670 1
735110 0.000000 0
735118 0.000000 0
735125 0.046710 1
735134 0.000000 0
735142 0.000000 0
735149 0.058320 1
735155 0.000000 0
735162 0.000000 0
735170 0.053120 1
735179 0.000000 0
735186 0.000000 0
735194 0.058320 1
735200 0.000000 0
735208 0.000000 0
735215 0.047200 1
735224 0.000000 0
735232 0.000000 0
735239 0.042970 1
735245 0.000000 0
735252 0.000000 0
735260 0.053700 1
735269 0.000000 0
735276 0.000000 0
735284 0.048460 1
735289 0.000000 0
735296 0.000000 0
735304 0.049260 1
735314 0.000000 0
735322 0.000000 0
735329 0.047030 1
735335 0.000000 0
735342 0.000000 0
735350 0.068990 1
735358 0.000000 0
735366 0.000000 0
735373 0.068540 1
735378 0.000000 0
735386 0.000000 0
735393 0.062000 1
735403 0.000000 0
735410 0.000000 0
735418 0.050480 1
735424 0.000000 0
735432 0.000000 0
735439 0.058320 1
735448 0.000000 0
735456 0.000000 0
735463 0.066640 1
735469 0.000000 0
735476 0.000000 0
735484 0.059240 1
735493 0.000000 0
735500 0.000000 0
735508 0.058980 1
735514 0.000000 0
735522 0.000000 0
735529 0.059240 1
735538 0.000000 0
735546 0.000000 0
735553 0.044530 1
735559 0.000000 0
735566 0.000000 0
735574 0.043490 1
735583 0.000000 0
735590 0.000000 0
735598 0.039250 1
735604 0.000000 0
735612 0.000000 0
735619 0.038070 1
735628 0.000000 0
735636 0.000000 0
735643 0.045040 1
735649 0.000000 0
735656 0.000000 0
735664 0.063220 1
735673 0.000000 0
735680 0.000000 0
735688 0.067870 1
735694 0.000000 0
735702 0.000000 0
735709 0.062850 1
735719 0.000000 0
735726 0.000000 0
735734 0.056600 1
735741 0.000000 0
735748 0.000000 0
735756 0.051220 1
735764 0.000000 0
735772 0.000000 0
735779 0.053700 1
735786 0.000000 0
735794 0.000000 0
735801 0.057270 1
735808 0.000000 0
735816 0.000000 0
735823 0.057940 1
735830 0.000000 0
735838 0.000000 0
735845 0.059360 1
735854 0.000000 0
735862 0.000000 0
735869 0.040410 1
735875 0.000000 0
735882 0.000000 0
735890 0.047030 1
735899 0.000000 0
735906 0.000000 0
735914 0.056200 1
735920 0.000000 0
735928 0.000000 0
735935 0.058980 1
735943 0.000000 0
735950 0.000000 0
735958 0.066410 1
735965 0.000000 0
735972 0.000000 0
735980 0.060760 1
735989 0.000000 0
735996 0.000000 0
736004 0.052690 1
736010 0.000000 0
736018 0.000000 0
736025 0.042070 1
736034 0.000000 0
736042 0.000000 0
736049 0.041520 1
736055 0.000000 0
736062 0.000000 0
736070 0.040590 1
736079 0.000000 0
736086 0.000000 0
736094 0.042600 1
736100 0.000000 0
736108 0.000000 0
736115 0.057800 1
736124 0.000000 0
736132 0.000000 0
736139 0.055100 1
736144 0.000000 0
736152 0.000000 0
736159 0.057800 1
736168 0.000000 0
736176 0.000000 0
736183 0.058980 1
736189 0.000000 0
736196 0.000000 0
736204 0.054540 1
736213 0.000000 0
736220 0.000000 0
736228 0.045720 1
736234 0.000000 0
736242 0.000000 0
736249 0.045380 1
736258 0.000000 0
736266 0.000000 0
736273 0.051670 1
736279 0.000000 0
736286 0.000000 0
736294 0.053560 1
736303 0.000000 0
736310 0.000000 0
736318 0.049710 1
736324 0.000000 0
736332 0.000000 0
736339 0.041150 1
736348 0.000000 0
736356 0.000000 0
736363 0.040770 1
736369 0.000000 0
736376 0.000000 0
736384 0.057800 1
736393 0.000000 0
736400 0.000000 0
736408 0.060260 1
736414 0.000000 0
736422 0.000000 0
736429 0.056200 1
736438 0.000000 0
736446 0.000000 0
736453 0.062730 1
736461 0.000000 0
736468 0.000000 0
736476 0.054400 1
736484 0.000000 0
736492 0.000000 0
736499 0.056060 1
736506 0.000000 0
736514 0.000000 0
736521 0.062120 1
736529 0.000000 0
736536 0.000000 0
736544 0.041700 1
736551 0.000000 0
736558 0.000000 0
736566 0.045720 1
736574 0.000000 0
736582 0.000000 0
736589 0.047350 1
736596 0.000000 0
736604 0.000000 0
736611 0.053830 1
736619 0.000000 0
736626 0.000000 0
736634 0.056200 1
736640 0.000000 0
736648 0.000000 0
736655 0.050170 1
736664 0.000000 0
736672 0.000000 0
736679 0.051820 1
736685 0.000000 0
736692 0.000000 0
736700 0.062500 1
736709 0.000000 0
736716 0.000000 0
736724 0.071380 1
736730 0.000000 0
736738 0.000000 0
736745 0.063580 1
736754 0.000000 0
736762 0.000000 0
736769 0.061510 1
736775 0.000000 0
736782 0.000000 0
736790 0.059620 1
736799 0.000000 0
736806 0.000000 0
736814 0.046220 1
736820 0.000000 0
736828 0.000000 0
736835 0.057540 1
736844 0.000000 0
736852 0.000000 0
736859 0.043670 1
736865 0.000000 0
736872 0.000000 0
736880 0.050020 1
736889 0.000000 0
736896 0.000000 0
736904 0.055370 1
736909 0.000000 0
736916 0.000000 0
736924 0.057400 1
736933 0.000000 0
736940 0.000000 0
736948 0.042420 1
736954 0.000000 0
736962 0.000000 0
736969 0.046710 1
736978 0.000000 0
736986 0.000000 0
736993 0.044190 1
736999 0.000000 0
737006 0.000000 0
737014 0.061260 1
737023 0.000000 0
737030 0.000000 0
737038 0.056340 1
737044 0.000000 0
737052 0.000000 0
737059 0.060760 1
737068 0.000000 0
737076 0.000000 0
737083 0.043840 1
737089 0.000000 0
737096 0.000000 0
737104 0.048940 1
737113 0.000000 0
737120 0.000000 0
737128 0.051220 1
737134 0.000000 0
737142 0.000000 0
737149 0.058850 1
737158 0.000000 0
737166 0.000000 0
737173 0.057940 1
737179 0.000000 0
737186 0.000000 0
737194 0.055790 1
737203 0.000000 0
737210 0.000000 0
737218 0.057130 1
737224 0.000000 0
737232 0.000000 0
737239 0.061260 1
737249 0.000000 0
737256 0.000000 0
737264 0.053410 1
737271 0.000000 0
737278 0.000000 0
737286 0.049410 1
737294 0.000000 0
737302 0.000000 0
737309 0.053830 1
737316 0.000000 0
737324 0.000000 0
737331 0.063710 1
737339 0.000000 0
737346 0.000000 0
737354 0.057800 1
737361 0.000000 0
737368 0.000000 0
737376 0.065930 1
737384 0.000000 0
737392 0.000000 0
737399 0.070080 1
737405 0.000000 0
737412 0.000000 0
737420 0.060640 1
737429 0.000000 0
737436 0.000000 0
737444 0.072650 1
737450 0.000000 0
737458 0.000000 0
737465 0.071270 1
737474 0.000000 0
737482 0.000000 0
737489 0.052400 1
737495 0.000000 0
737502 0.000000 0
737510 0.045880 1
737519 0.000000 0
737526 0.000000 0
737534 0.036220 1
737540 0.000000 0
737548 0.000000 0
737555 0.035160 1
737564 0.000000 0
737572 0.000000 0
737579 0.034040 1
737585 0.000000 0
737592 0.000000 0
737600 0.037870 1
737609 0.000000 0
737616 0.000000 0
737624 0.050780 1
737630 0.000000 0
737638 0.000000 0
737645 0.069870 1
737654 0.000000 0
737662 0.000000 0
737669 0.052110 1
737675 0.000000 0
737682 0.000000 0
737690 0.052260 1
737699 0.000000 0
737706 0.000000 0
737714 0.046880 1
737720 0.000000 0
737728 0.000000 0
737735 0.042970 1
737743 0.000000 0
737750 0.000000 0
737758 0.032670 1
737765 0.000000 0
737772 0.000000 0
737780 0.044530 1
737788 0.000000 0
737796 0.000000 0
737803 0.052550 1
737809 0.000000 0
737816 0.000000 0
737824 0.074010 1
737833 0.000000 0
737840 0.000000 0
737848 0.070530 1
737853 0.000000 0
737860 0.000000 0
737868 0.069430 1
737878 0.000000 0
737886 0.000000 0
737893 0.055100 1
737899 0.000000 0
737906 0.000000 0
737914 0.043320 1
737923 0.000000 0
737930 0.000000 0
737938 0.042250 1
737944 0.000000 0
737952 0.000000 0
737959 0.056460 1
737968 0.000000 0
737976 0.000000 0
737983 0.045550 1
737989 0.000000 0
737996 0.000000 0
738004 0.043670 1
738013 0.000000 0
738020 0.000000 0
738028 0.046710 1
738034 0.000000 0
738042 0.000000 0
738049 0.055650 1
738058 0.000000 0
738066 0.000000 0
738073 0.057400 1
738079 0.000000 0
738086 0.000000 0
738094 0.047990 1
738103 0.000000 0
738110 0.000000 0
738118 0.059100 1
738124 0.000000 0
738132 0.000000 0
738139 0.045210 1
738148 0.000000 0
738156 0.000000 0
738163 0.056730 1
738170 0.000000 0
738178 0.000000 0
738185 0.071700 1
738194 0.000000 0
738202 0.000000 0
738209 0.042970 1
738215 0.000000 0
738222 0.000000 0
738230 0.038470 1
738239 0.000000 0
738246 0.000000 0
738254 0.053700 1
738260 0.000000 0
738268 0.000000 0
738275 0.050020 1
738283 0.000000 0
738290 0.000000 0
738298 0.051070 1
738304 0.000000 0
738312 0.000000 0
738319 0.063580 1
738329 0.000000 0
738336 0.000000 0
738344 0.055100 1
738350 0.000000 0
738358 0.000000 0
738365 0.033830 1
738374 0.000000 0
738382 0.000000 0
738389 0.031720 1
738395 0.000000 0
738402 0.000000 0
738410 0.059490 1
738419 0.000000 0
738426 0.000000 0
738434 0.052110 1
738440 0.000000 0
738448 0.000000 0
738455 0.054830 1
738464 0.000000 0
738472 0.000000 0
738479 0.054830 1
738485 0.000000 0
738492 0.000000 0
738500 0.045550 1
738508 0.000000 0
738516 0.000000 0
738523 0.050320 1
738529 0.000000 0
738536 0.000000 0
738544 0.048630 1
738554 0.000000 0
738562 0.000000 0
738569 0.050480 1
738575 0.000000 0
738582 0.000000 0
738590 0.052260 1
738598 0.000000 0
738606 0.000000 0
738613 0.060140 1
738619 0.000000 0
738626 0.000000 0
738634 0.065250 1
738644 0.000000 0
738652 0.000000 0
738659 0.054120 1
738664 0.000000 0
738672 0.000000 0
738679 0.057660 1
738688 0.000000 0
738696 0.000000 0
738703 0.047350 1
738709 0.000000 0
738716 0.000000 0
738724 0.044530 1
738733 0.000000 0
738740 0.000000 0
738748 0.060140 1
738754 0.000000 0
738762 0.000000 0
738769 0.056460 1
738778 0.000000 0
738786 0.000000 0
738793 0.056730 1
738799 0.000000 0
738806 0.000000 0
738814 0.059100 1
738823 0.000000 0
738830 0.000000 0
738838 0.034930 1
738844 0.000000 0
738852 0.000000 0
738859 0.039830 1
738868 0.000000 0
738876 0.000000 0
738883 0.046220 1
738889 0.000000 0
738896 0.000000 0
738904 0.044530 1
738913 0.000000 0
738920 0.000000 0
738928 0.039640 1
738934 0.000000 0
738942 0.000000 0
738949 0.041700 1
738958 0.000000 0
738966 0.000000 0
738973 0.051960 1
738979 0.000000 0
738986 0.000000 0
738994 0.051510 1
739003 0.000000 0
739010 0.000000 0
739018 0.063340 1
739024 0.000000 0
739032 0.000000 0
739039 0.045720 1
739048 0.000000 0
739056 0.000000 0
739063 0.049870 1
739071 0.000000 0
739078 0.000000 0
739086 0.054120 1
739094 0.000000 0
739102 0.000000 0
739109 0.060380 1
739116 0.000000 0
739124 0.000000 0
739131 0.060640 1
739139 0.000000 0
739146 0.000000 0
739154 0.051820 1
739161 0.000000 0
739168 0.000000 0
739176 0.060140 1
739184 0.000000 0
739192 0.000000 0
739199 0.061880 1
739205 0.000000 0
739212 0.000000 0
739220 0.055510 1
739229 0.000000 0
739236 0.000000 0
739244 0.050020 1
739250 0.000000 0
739258 0.000000 0
739265 0.054400 1
739274 0.000000 0
739282 0.000000 0
739289 0.047200 1
739295 0.000000 0
739302 0.000000 0
739310 0.038270 1
739319 0.000000 0
739326 0.000000 0
739334 0.046050 1
739340 0.000000 0
739348 0.000000 0
739355 0.043840 1
739363 0.000000 0
739370 0.000000 0
739378 0.046710 1
739384 0.000000 0
739392 0.000000 0
739399 0.050480 1
739408 0.000000 0
739416 0.000000 0
739423 0.054400 1
739429 0.000000 0
739436 0.000000 0
739444 0.061750 1
739453 0.000000 0
739460 0.000000 0
739468 0.059240 1
739474 0.000000 0
739482 0.000000 0
739489 0.055100 1
739498 0.000000 0
739506 0.000000 0
739513 0.052400 1
739519 0.000000 0
739526 0.000000 0
739534 0.055240 1
739543 0.000000 0
739550 0.000000 0
739558 0.056600 1
739564 0.000000 0
739572 0.000000 0
739579 0.044880 1
739588 0.000000 0
739596 0.000000 0
739603 0.046710 1
739609 0.000000 0
739616 0.000000 0
739624 0.058200 1
739633 0.000000 0
739640 0.000000 0
739648 0.047520 1
739654 0.000000 0
739662 0.000000 0
739669 0.039830 1
739678 0.000000 0
739686 0.000000 0
739693 0.026200 1
739699 0.000000 0
739706 0.000000 0
739714 0.034490 1
739723 0.000000 0
739730 0.000000 0
739738 0.036220 1
739744 0.000000 0
739752 0.000000 0
739759 0.046710 1
739769 0.000000 0
739776 0.000000 0
739784 0.059240 1
739791 0.000000 0
739798 0.000000 0
739806 0.059360 1
739813 0.000000 0
739820 0.000000 0
739828 0.037660 1
739836 0.000000 0
739844 0.000000 0
739851 0.031970 1
739859 0.000000 0
739866 0.000000 0
739874 0.032910 1
739880 0.000000 0
739888 0.000000 0
739895 0.065830 1
739904 0.000000 0
739912 0.000000 0
739919 0.067990 1
739925 0.000000 0
739932 0.000000 0
739940 0.063220 1
739949 0.000000 0
739956 0.000000 0
739964 0.059100 1
739970 0.000000 0
739978 0.000000 0
739985 0.055920 1
739994 0.000000 0
740002 0.000000 0
740009 0.054960 1
740015 0.000000 0
740022 0.000000 0
740030 0.054540 1
740039 0.000000 0
740046 0.000000 0
740054 0.055510 1
740060 0.000000 0
740068 0.000000 0
740075 0.036640 1
740084 0.000000 0
740092 0.000000 0
740099 0.057130 1
740105 0.000000 0
740112 0.000000 0
740120 0.067200 1
740128 0.000000 0
740136 0.000000 0
740143 0.053970 1
740150 0.000000 0
740158 0.000000 0
740165 0.044360 1
740173 0.000000 0
740180 0.000000 0
740188 0.028170 1
740194 0.000000 0
740202 0.000000 0
740209 0.021390 1
740218 0.000000 0
740226 0.000000 0
740233 0.050920 1
740239 0.000000 0
740246 0.000000 0
740254 0.061880 1
740263 0.000000 0
740270 0.000000 0
740278 0.061140 1
740284 0.000000 0
740292 0.000000 0
740299 0.043840 1
740308 0.000000 0
740316 0.000000 0
740323 0.045210 1
740329 0.000000 0
740336 0.000000 0
740344 0.068210 1
740353 0.000000 0
740360 0.000000 0
740368 0.067200 1
740374 0.000000 0
740382 0.000000 0
740389 0.067430 1
740399 0.000000 0
740406 0.000000 0
740414 0.044710 1
740421 0.000000 0
740428 0.000000 0
740436 0.033140 1
740444 0.000000 0
740452 0.000000 0
740459 0.049560 1
740466 0.000000 0
740474 0.000000 0
740481 0.062850 1
740489 0.000000 0
740496 0.000000 0
740504 0.048310 1
740510 0.000000 0
740518 0.000000 0
740525 0.034710 1
740534 0.000000 0
740542 0.000000 0
740549 0.035580 1
740555 0.000000 0
740562 0.000000 0
740570 0.051220 1
740579 0.000000 0
740586 0.000000 0
740594 0.057130 1
740600 0.000000 0
740608 0.000000 0
740615 0.059620 1
740624 0.000000 0
740632 0.000000 0
740639 0.049870 1
740645 0.000000 0
740652 0.000000 0
740660 0.036220 1
740669 0.000000 0
740676 0.000000 0
740684 0.065830 1
740690 0.000000 0
740698 0.000000 0
740705 0.061140 1
740714 0.000000 0
740722 0.000000 0
740729 0.072450 1
740735 0.000000 0
740742 0.000000 0
740750 0.050020 1
740759 0.000000 0
740766 0.000000 0
740774 0.032210 1
740779 0.000000 0
740786 0.000000 0
740794 0.025010 1
740803 0.000000 0
740810 0.000000 0
740818 0.059880 1
740824 0.000000 0
740832 0.000000 0
740839 0.062360 1
740848 0.000000 0
740856 0.000000 0
740863 0.058720 1
740869 0.000000 0
740876 0.000000 0
740884 0.050630 1
740893 0.000000 0
740900 0.000000 0
740908 0.036220 1
740914 0.000000 0
740922 0.000000 0
740929 0.061390 1
740938 0.000000 0
740946 0.000000 0
740953 0.067870 1
740959 0.000000 0
740966 0.000000 0
740974 0.056340 1
740983 0.000000 0
740990 0.000000 0
740998 0.050920 1
741004 0.000000 0
741012 0.000000 0
741019 0.053410 1
741028 0.000000 0
741036 0.000000 0
741043 0.072020 1
741051 0.000000 0
741058 0.000000 0
741066 0.080810 1
741074 0.000000 0
741082 0.000000 0
741089 0.074620 1
741095 0.000000 0
741102 0.000000 0
741110 0.043670 1
741119 0.000000 0
741126 0.000000 0
741134 0.047200 1
741140 0.000000 0
741148 0.000000 0
741155 0.046370 1
741164 0.000000 0
741172 0.000000 0
741179 0.075030 1
741185 0.000000 0
741192 0.000000 0
741200 0.083130 1
741208 0.000000 0
741216 0.000000 0
741223 0.058460 1
741230 0.000000 0
741238 0.000000 0
741245 0.044880 1
741254 0.000000 0
741262 0.000000 0
741269 0.045720 1
741275 0.000000 0
741282 0.000000 0
741290 0.063460 1
741299 0.000000 0
741306 0.000000 0
741314 0.068670 1
741319 0.000000 0
741326 0.000000 0
741334 0.064880 1
741344 0.000000 0
741352 0.000000 0
741359 0.042970 1
741365 0.000000 0
741372 0.000000 0
741380 0.036640 1
741388 0.000000 0
741396 0.000000 0
741403 0.059620 1
741409 0.000000 0
741416 0.000000 0
741424 0.071060 1
741433 0.000000 0
741440 0.000000 0
741448 0.056460 1
741454 0.000000 0
741462 0.000000 0
741469 0.054120 1
741478 0.000000 0
741486 0.000000 0
741493 0.036220 1
741499 0.000000 0
741506 0.000000 0
741514 0.073180 1
741523 0.000000 0
741530 0.000000 0
741538 0.066160 1
741544 0.000000 0
741552 0.000000 0
741559 0.061510 1
741568 0.000000 0
741576 0.000000 0
741583 0.048630 1
741589 0.000000 0
741596 0.000000 0
741604 0.040960 1
741613 0.000000 0
741620 0.000000 0
741628 0.066410 1
741634 0.000000 0
741642 0.000000 0
741649 0.068440 1
741658 0.000000 0
741666 0.000000 0
741673 0.069760 1
741679 0.000000 0
741686 0.000000 0
741694 0.049870 1
741704 0.000000 0
741712 0.000000 0
741719 0.026200 1
741726 0.000000 0
741734 0.000000 0
741741 0.066160 1
741749 0.000000 0
741756 0.000000 0
741764 0.065830 1
741771 0.000000 0
741778 0.000000 0
741786 0.066510 1
741794 0.000000 0
741802 0.000000 0
741809 0.059620 1
741815 0.000000 0
741822 0.000000 0
741830 0.045040 1
741839 0.000000 0
741846 0.000000 0
741854 0.060640 1
741860 0.000000 0
741868 0.000000 0
741875 0.070740 1
741884 0.000000 0
741892 0.000000 0
741899 0.059360 1
741905 0.000000 0
741912 0.000000 0
741920 0.057270 1
741929 0.000000 0
741936 0.000000 0
741944 0.060640 1
741950 0.000000 0
741958 0.000000 0
741965 0.047200 1
741974 0.000000 0
741982 0.000000 0
741989 0.067200 1
741995 0.000000 0
742002 0.000000 0
742010 0.071920 1
742019 0.000000 0
742026 0.000000 0
742034 0.050630 1
742039 0.000000 0
742046 0.000000 0
742054 0.034270 1
742064 0.000000 0
742072 0.000000 0
742079 0.034040 1
742084 0.000000 0
742092 0.000000 0
742099 0.069540 1
742108 0.000000 0
742116 0.000000 0
742123 0.075840 1
742128 0.000000 0
742136 0.000000 0
742143 0.060760 1
742153 0.000000 0
742160 0.000000 0
742168 0.042070 1
742174 0.000000 0
742182 0.000000 0
742189 0.038070 1
742198 0.000000 0
742206 0.000000 0
742213 0.076940 1
742219 0.000000 0
742226 0.000000 0
742234 0.082030 1
742243 0.000000 0
742250 0.000000 0
742258 0.071270 1
742264 0.000000 0
742272 0.000000 0
742279 0.040020 1
742288 0.000000 0
742296 0.000000 0
742303 0.040210 1
742309 0.000000 0
742316 0.000000 0
742324 0.067540 1
742334 0.000000 0
742342 0.000000 0
742349 0.080430 1
742356 0.000000 0
742364 0.000000 0
742371 0.072650 1
742379 0.000000 0
742386 0.000000 0
742394 0.049710 1
742400 0.000000 0
742408 0.000000 0
742415 0.039640 1
742423 0.000000 0
742430 0.000000 0
742438 0.031250 1
742446 0.000000 0
742454 0.000000 0
742461 0.050920 1
742469 0.000000 0
742476 0.000000 0
742484 0.064060 1
742490 0.000000 0
742498 0.000000 0
742505 0.067870 1
742514 0.000000 0
742522 0.000000 0
742529 0.044530 1
742535 0.000000 0
742542 0.000000 0
742550 0.038670 1
742559 0.000000 0
742566 0.000000 0
742574 0.082120 1
742580 0.000000 0
742588 0.000000 0
742595 0.070080 1
742603 0.000000 0
742610 0.000000 0
742618 0.060380 1
742625 0.000000 0
742632 0.000000 0
742640 0.044010 1
742649 0.000000 0
742656 0.000000 0
742664 0.041340 1
742670 0.000000 0
742678 0.000000 0
742685 0.055650 1
742694 0.000000 0
742702 0.000000 0
742709 0.064300 1
742715 0.000000 0
742722 0.000000 0
742730 0.048160 1
742739 0.000000 0
742746 0.000000 0
742754 0.037870 1
742760 0.000000 0
742768 0.000000 0
742775 0.032670 1
742784 0.000000 0
742792 0.000000 0
742799 0.060380 1
742804 0.000000 0
742812 0.000000 0
742819 0.079090 1
742828 0.000000 0
742836 0.000000 0
742843 0.069660 1
742849 0.000000 0
742856 0.000000 0
742864 0.059100 1
742873 0.000000 0
742880 0.000000 0
742888 0.034490 1
742894 0.000000 0
742902 0.000000 0
742909 0.043670 1
742918 0.000000 0
742926 0.000000 0
742933 0.050480 1
742939 0.000000 0
742946 0.000000 0
742954 0.056340 1
742963 0.000000 0
742970 0.000000 0
742978 0.047030 1
742984 0.000000 0
742992 0.000000 0
742999 0.036010 1
743008 0.000000 0
743016 0.000000 0
743023 0.061390 1
743029 0.000000 0
743036 0.000000 0
743044 0.079580 1
743053 0.000000 0
743060 0.000000 0
743068 0.073270 1
743074 0.000000 0
743082 0.000000 0
743089 0.055370 1
743099 0.000000 0
743106 0.000000 0
743114 0.030000 1
743121 0.000000 0
743128 0.000000 0
743136 0.020290 1
743144 0.000000 0
743152 0.000000 0
743159 0.059240 1
743166 0.000000 0
743174 0.000000 0
743181 0.067660 1
743189 0.000000 0
743196 0.000000 0
743204 0.053970 1
743211 0.000000 0
743218 0.000000 0
743226 0.041150 1
743234 0.000000 0
743242 0.000000 0
743249 0.038470 1
743255 0.000000 0
743262 0.000000 0
743270 0.061750 1
743279 0.000000 0
743286 0.000000 0
743294 0.068440 1
743300 0.000000 0
743308 0.000000 0
743315 0.066870 1
743324 0.000000 0
743332 0.000000 0
743339 0.063710 1
743345 0.000000 0
743352 0.000000 0
743360 0.045720 1
743369 0.000000 0
743376 0.000000 0
743384 0.063830 1
743390 0.000000 0
743398 0.000000 0
743405 0.059100 1
743414 0.000000 0
743422 0.000000 0
743429 0.058460 1
743435 0.000000 0
743442 0.000000 0
743450 0.030990 1
743459 0.000000 0
743466 0.000000 0
743474 0.029480 1
743479 0.000000 0
743486 0.000000 0
743494 0.042790 1
743503 0.000000 0
743510 0.000000 0
743518 0.049410 1
743524 0.000000 0
743532 0.000000 0
743539 0.054260 1
743548 0.000000 0
743556 0.000000 0
743563 0.048630 1
743569 0.000000 0
743576 0.000000 0
743584 0.036640 1
743593 0.000000 0
743600 0.000000 0
743608 0.053830 1
743614 0.000000 0
743622 0.000000 0
743629 0.074220 1
743638 0.000000 0
743646 0.000000 0
743653 0.077620 1
743659 0.000000 0
743666 0.000000 0
743674 0.058850 1
743683 0.000000 0
743690 0.000000 0
743698 0.044190 1
743704 0.000000 0
743712 0.000000 0
743719 0.039830 1
743728 0.000000 0
743736 0.000000 0
743743 0.070530 1
743751 0.000000 0
743758 0.000000 0
743766 0.082400 1
743774 0.000000 0
743782 0.000000 0
743789 0.063830 1
743796 0.000000 0
743804 0.000000 0
743811 0.045550 1
743819 0.000000 0
743826 0.000000 0
743834 0.033370 1
743841 0.000000 0
743848 0.000000 0
743856 0.038070 1
743863 0.000000 0
743870 0.000000 0
743878 0.051070 1
743885 0.000000 0
743892 0.000000 0
743900 0.055650 1
743909 0.000000 0
743916 0.000000 0
743924 0.045210 1
743930 0.000000 0
743938 0.000000 0
743945 0.034930 1
743954 0.000000 0
743962 0.000000 0
743969 0.058200 1
743975 0.000000 0
743982 0.000000 0
743990 0.076840 1
743998 0.000000 0
744006 0.000000 0
744013 0.074720 1
744020 0.000000 0
744028 0.000000 0
744035 0.048310 1
744044 0.000000 0
744052 0.000000 0
744059 0.027620 1
744064 0.000000 0
744072 0.000000 0
744079 0.067770 1
744089 0.000000 0
744096 0.000000 0
744104 0.098510 1
744110 0.000000 0
744118 0.000000 0
744125 0.080340 1
744134 0.000000 0
744142 0.000000 0
744149 0.046880 1
744155 0.000000 0
744162 0.000000 0
744170 0.037460 1
744178 0.000000 0
744186 0.000000 0
744193 0.031250 1
744199 0.000000 0
744206 0.000000 0
744214 0.070080 1
744223 0.000000 0
744230 0.000000 0
744238 0.072860 1
744244 0.000000 0
744252 0.000000 0
744259 0.048780 1
744268 0.000000 0
744276 0.000000 0
744283 0.043670 1
744289 0.000000 0
744296 0.000000 0
744304 0.041890 1
744313 0.000000 0
744320 0.000000 0
744328 0.063580 1
744334 0.000000 0
744342 0.000000 0
744349 0.056340 1
744358 0.000000 0
744366 0.000000 0
744373 0.051820 1
744379 0.000000 0
744386 0.000000 0
744394 0.050480 1
744403 0.000000 0
744410 0.000000 0
744418 0.050320 1
744424 0.000000 0
744432 0.000000 0
744439 0.066510 1
744448 0.000000 0
744456 0.000000 0
744463 0.066740 1
744471 0.000000 0
744478 0.000000 0
744486 0.059620 1
744494 0.000000 0
744502 0.000000 0
744509 0.034040 1
744515 0.000000 0
744522 0.000000 0
744530 0.021390 1
744539 0.000000 0
744546 0.000000 0
744554 0.042970 1
744560 0.000000 0
744568 0.000000 0
744575 0.075230 1
744584 0.000000 0
744592 0.000000 0
744599 0.078130 1
744605 0.000000 0
744612 0.000000 0
744620 0.050320 1
744628 0.000000 0
744636 0.000000 0
744643 0.034710 1
744650 0.000000 0
744658 0.000000 0
744665 0.042070 1
744674 0.000000 0
744682 0.000000 0
744689 0.068990 1
744695 0.000000 0
744702 0.000000 0
744710 0.070190 1
744719 0.000000 0
744726 0.000000 0
744734 0.071380 1
744740 0.000000 0
744748 0.000000 0
744755 0.062850 1
744764 0.000000 0
744772 0.000000 0
744779 0.040410 1
744785 0.000000 0
744792 0.000000 0
744800 0.077440 1
744809 0.000000 0
744816 0.000000 0
744824 0.081830 1
744829 0.000000 0
744836 0.000000 0
744844 0.058200 1
744853 0.000000 0
744860 0.000000 0
744868 0.039830 1
744874 0.000000 0
744882 0.000000 0
744889 0.022770 1
744898 0.000000 0
744906 0.000000 0
744913 0.077130 1
744919 0.000000 0
744926 0.000000 0
744934 0.076450 1
744943 0.000000 0
744950 0.000000 0
744958 0.056730 1
744964 0.000000 0
744972 0.000000 0
744979 0.036420 1
744988 0.000000 0
744996 0.000000 0
745003 0.034490 1
745009 0.000000 0
745016 0.000000 0
745024 0.070190 1
745033 0.000000 0
745040 0.000000 0
745048 0.080340 1
745054 0.000000 0
745062 0.000000 0
745069 0.061140 1
745079 0.000000 0
745086 0.000000 0
745094 0.046370 1
745101 0.000000 0
745108 0.000000 0
745116 0.035580 1
745124 0.000000 0
745132 0.000000 0
745139 0.060000 1
745146 0.000000 0
745154 0.000000 0
745161 0.073490 1
745169 0.000000 0
745176 0.000000 0
745184 0.059750 1
745191 0.000000 0
745198 0.000000 0
745206 0.051070 1
745214 0.000000 0
745222 0.000000 0
745229 0.038070 1
745235 0.000000 0
745242 0.000000 0
745250 0.048310 1
745259 0.000000 0
745266 0.000000 0
745274 0.064300 1
745280 0.000000 0
745288 0.000000 0
745295 0.076450 1
745303 0.000000 0
745310 0.000000 0
745318 0.055920 1
745325 0.000000 0
745332 0.000000 0
745340 0.050170 1
745349 0.000000 0
745356 0.000000 0
745364 0.030000 1
745370 0.000000 0
745378 0.000000 0
745385 0.069980 1
745394 0.000000 0
745402 0.000000 0
745409 0.066060 1
745415 0.000000 0
745422 0.000000 0
745430 0.056060 1
745439 0.000000 0
745446 0.000000 0
745454 0.044530 1
745459 0.000000 0
745466 0.000000 0
745474 0.042970 1
745483 0.000000 0
745490 0.000000 0
745498 0.067430 1
745504 0.000000 0
745512 0.000000 0
745519 0.066870 1
745528 0.000000 0
745536 0.000000 0
745543 0.060640 1
745549 0.000000 0
745556 0.000000 0
745564 0.037460 1
745573 0.000000 0
745580 0.000000 0
745588 0.027890 1
745594 0.000000 0
745602 0.000000 0
745609 0.045720 1
745618 0.000000 0
745626 0.000000 0
745633 0.061510 1
745639 0.000000 0
745646 0.000000 0
745654 0.069430 1
745663 0.000000 0
745670 0.000000 0
745678 0.048310 1
745684 0.000000 0
745692 0.000000 0
745699 0.048310 1
745708 0.000000 0
745716 0.000000 0
745723 0.072340 1
745730 0.000000 0
745738 0.000000 0
745745 0.081560 1
745754 0.000000 0
745762 0.000000 0
745769 0.073900 1
745776 0.000000 0
745784 0.000000 0
745791 0.051960 1
745799 0.000000 0
745806 0.000000 0
745814 0.045720 1
745821 0.000000 0
745828 0.000000 0
745836 0.057130 1
745844 0.000000 0
745852 0.000000 0
745859 0.057540 1
745865 0.000000 0
745872 0.000000 0
745880 0.060380 1
745889 0.000000 0
745896 0.000000 0
745904 0.058200 1
745910 0.000000 0
745918 0.000000 0
745925 0.044530 1
745934 0.000000 0
745942 0.000000 0
745949 0.045210 1
745955 0.000000 0
745962 0.000000 0
745970 0.067990 1
745978 0.000000 0
745986 0.000000 0
745993 0.073380 1
746000 0.000000 0
746008 0.000000 0
746015 0.045880 1
746024 0.000000 0
746032 0.000000 0
746039 0.017010 1
746045 0.000000 0
746052 0.000000 0
746060 0.022100 1
746069 0.000000 0
746076 0.000000 0
746084 0.070190 1
746089 0.000000 0
746096 0.000000 0
746104 0.075330 1
746114 0.000000 0
746122 0.000000 0
746129 0.056460 1
746135 0.000000 0
746142 0.000000 0
746150 0.038470 1
746159 0.000000 0
746166 0.000000 0
746174 0.041700 1
746179 0.000000 0
746186 0.000000 0
746194 0.053120 1
746203 0.000000 0
746210 0.000000 0
746218 0.058590 1
746224 0.000000 0
746232 0.000000 0
746239 0.061510 1
746248 0.000000 0
746256 0.000000 0
746263 0.058200 1
746269 0.000000 0
746276 0.000000 0
746284 0.044710 1
746293 0.000000 0
746300 0.000000 0
746308 0.043490 1
746314 0.000000 0
746322 0.000000 0
746329 0.056340 1
746338 0.000000 0
746346 0.000000 0
746353 0.054830 1
746359 0.000000 0
746366 0.000000 0
746374 0.042070 1
746383 0.000000 0
746390 0.000000 0
746398 0.042420 1
746404 0.000000 0
746412 0.000000 0
746419 0.050480 1
746428 0.000000 0
746436 0.000000 0
746443 0.076140 1
746449 0.000000 0
746456 0.000000 0
746464 0.072020 1
746473 0.000000 0
746480 0.000000 0
746488 0.062240 1
746494 0.000000 0
746502 0.000000 0
746509 0.045550 1
746518 0.000000 0
746526 0.000000 0
746533 0.041340 1
746539 0.000000 0
746546 0.000000 0
746554 0.053270 1
746564 0.000000 0
746572 0.000000 0
746579 0.057270 1
746585 0.000000 0
746592 0.000000 0
746600 0.062240 1
746609 0.000000 0
746616 0.000000 0
746624 0.042070 1
746631 0.000000 0
746638 0.000000 0
746646 0.036850 1
746654 0.000000 0
746662 0.000000 0
746669 0.059620 1
746676 0.000000 0
746684 0.000000 0
746691 0.074420 1
746699 0.000000 0
746706 0.000000 0
746714 0.047350 1
746721 0.000000 0
746728 0.000000 0
746736 0.047200 1
746744 0.000000 0
746752 0.000000 0
746759 0.036640 1
746765 0.000000 0
746772 0.000000 0
746780 0.057010 1
746789 0.000000 0
746796 0.000000 0
746804 0.064650 1
746810 0.000000 0
746818 0.000000 0
746825 0.057800 1
746834 0.000000 0
746842 0.000000 0
746849 0.054120 1
746855 0.000000 0
746862 0.000000 0
746870 0.044190 1
746879 0.000000 0
746886 0.000000 0
746894 0.040020 1
746900 0.000000 0
746908 0.000000 0
746915 0.055650 1
746924 0.000000 0
746932 0.000000 0
746939 0.065130 1
746945 0.000000 0
746952 0.000000 0
746960 0.057270 1
746969 0.000000 0
746976 0.000000 0
746984 0.042970 1
746990 0.000000 0
746998 0.000000 0
747005 0.035370 1
747014 0.000000 0
747022 0.000000 0
747029 0.060640 1
747034 0.000000 0
747042 0.000000 0
747049 0.056600 1
747058 0.000000 0
747066 0.000000 0
747073 0.055370 1
747079 0.000000 0
747086 0.000000 0
747094 0.033830 1
747103 0.000000 0
747110 0.000000 0
747118 0.031250 1
747124 0.000000 0
747132 0.000000 0
747139 0.064650 1
747148 0.000000 0
747156 0.000000 0
747163 0.066970 1
747168 0.000000 0
747176 0.000000 0
747183 0.057270 1
747193 0.000000 0
747200 0.000000 0
747208 0.040770 1
747214 0.000000 0
747222 0.000000 0
747229 0.034490 1
747238 0.000000 0
747246 0.000000 0
747253 0.063580 1
747259 0.000000 0
747266 0.000000 0
747274 0.063220 1
747283 0.000000 0
747290 0.000000 0
747298 0.046370 1
747304 0.000000 0
747312 0.000000 0
747319 0.035370 1
747328 0.000000 0
747336 0.000000 0
747343 0.030240 1
747349 0.000000 0
747356 0.000000 0
747364 0.064060 1
747373 0.000000 0
747380 0.000000 0
747388 0.063460 1
747396 0.000000 0
747404 0.000000 0
747411 0.056870 1
747419 0.000000 0
747426 0.000000 0
747434 0.052400 1
747441 0.000000 0
747448 0.000000 0
747456 0.043840 1
747463 0.000000 0
747470 0.000000 0
747478 0.062240 1
747486 0.000000 0
747494 0.000000 0
747501 0.068210 1
747509 0.000000 0
747516 0.000000 0
747524 0.059750 1
747530 0.000000 0
747538 0.000000 0
747545 0.052550 1
747554 0.000000 0
747562 0.000000 0
747569 0.052260 1
747575 0.000000 0
747582 0.000000 0
747590 0.042420 1
747599 0.000000 0
747606 0.000000 0
747614 0.063100 1
747620 0.000000 0
747628 0.000000 0
747635 0.055790 1
747644 0.000000 0
747652 0.000000 0
747659 0.054690 1
747665 0.000000 0
747672 0.000000 0
747680 0.038270 1
747689 0.000000 0
747696 0.000000 0
747704 0.037460 1
747710 0.000000 0
747718 0.000000 0
747725 0.055100 1
747734 0.000000 0
747742 0.000000 0
747749 0.057400 1
747755 0.000000 0
747762 0.000000 0
747770 0.059100 1
747779 0.000000 0
747786 0.000000 0
747794 0.047030 1
747800 0.000000 0
747808 0.000000 0
747815 0.043320 1
747823 0.000000 0
747830 0.000000 0
747838 0.071490 1
747844 0.000000 0
747852 0.000000 0
747859 0.077930 1
747868 0.000000 0
747876 0.000000 0
747883 0.064770 1
747889 0.000000 0
747896 0.000000 0
747904 0.035800 1
747913 0.000000 0
747920 0.000000 0
747928 0.033830 1
747934 0.000000 0
747942 0.000000 0
747949 0.041150 1
747958 0.000000 0
747966 0.000000 0
747973 0.068670 1
747979 0.000000 0
747986 0.000000 0
747994 0.068770 1
748003 0.000000 0
748010 0.000000 0
748018 0.048940 1
748024 0.000000 0
748032 0.000000 0
748039 0.041700 1
748048 0.000000 0
748056 0.000000 0
748063 0.041700 1
748069 0.000000 0
748076 0.000000 0
748084 0.054260 1
748093 0.000000 0
748100 0.000000 0
748108 0.063100 1
748114 0.000000 0
748122 0.000000 0
748129 0.062850 1
748138 0.000000 0
748146 0.000000 0
748153 0.055100 1
748160 0.000000 0
748168 0.000000 0
748175 0.037260 1
748184 0.000000 0
748192 0.000000 0
748199 0.061010 1
748206 0.000000 0
748214 0.000000 0
748221 0.066510 1
748228 0.000000 0
748236 0.000000 0
748243 0.057660 1
748251 0.000000 0
748258 0.000000 0
748266 0.055370 1
748274 0.000000 0
748282 0.000000 0
748289 0.040960 1
748295 0.000000 0
748302 0.000000 0
748310 0.059880 1
748319 0.000000 0
748326 0.000000 0
748334 0.076230 1
748340 0.000000 0
748348 0.000000 0
748355 0.064180 1
748364 0.000000 0
748372 0.000000 0
748379 0.040020 1
748385 0.000000 0
748392 0.000000 0
748400 0.030000 1
748409 0.000000 0
748416 0.000000 0
748424 0.064530 1
748430 0.000000 0
748438 0.000000 0
748445 0.069320 1
748454 0.000000 0
748462 0.000000 0
748469 0.056460 1
748475 0.000000 0
748482 0.000000 0
748490 0.042970 1
748498 0.000000 0
748506 0.000000 0
748513 0.031970 1
748520 0.000000 0
748528 0.000000 0
748535 0.074530 1
748544 0.000000 0
748552 0.000000 0
748559 0.084230 1
748564 0.000000 0
748572 0.000000 0
748579 0.070310 1
748588 0.000000 0
748596 0.000000 0
748603 0.059880 1
748609 0.000000 0
748616 0.000000 0
748624 0.049410 1
748633 0.000000 0
748640 0.000000 0
748648 0.040770 1
748654 0.000000 0
748662 0.000000 0
748669 0.069660 1
748678 0.000000 0
748686 0.000000 0
748693 0.070950 1
748699 0.000000 0
748706 0.000000 0
748714 0.048160 1
748723 0.000000 0
748730 0.000000 0
748738 0.041340 1
748744 0.000000 0
748752 0.000000 0
748759 0.034930 1
748768 0.000000 0
748776 0.000000 0
748783 0.055370 1
748789 0.000000 0
748796 0.000000 0
748804 0.062000 1
748813 0.000000 0
748820 0.000000 0
748828 0.054830 1
748834 0.000000 0
748842 0.000000 0
748849 0.039830 1
748859 0.000000 0
748866 0.000000 0
748874 0.022770 1
748881 0.000000 0
748888 0.000000 0
748896 0.050780 1
748904 0.000000 0
748912 0.000000 0
748919 0.051510 1
748926 0.000000 0
748934 0.000000 0
748941 0.047520 1
748949 0.000000 0
748956 0.000000 0
748964 0.049090 1
748970 0.000000 0
748978 0.000000 0
748985 0.039440 1
748994 0.000000 0
749002 0.000000 0
749009 0.063710 1
749015 0.000000 0
749022 0.000000 0
749030 0.073790 1
749038 0.000000 0
749046 0.000000 0
749053 0.064530 1
749060 0.000000 0
749068 0.000000 0
749075 0.066510 1
749083 0.000000 0
749090 0.000000 0
749098 0.041890 1
749105 0.000000 0
749112 0.000000 0
749120 0.035800 1
749129 0.000000 0
749136 0.000000 0
749144 0.078020 1
749150 0.000000 0
749158 0.000000 0
749165 0.082030 1
749174 0.000000 0
749182 0.000000 0
749189 0.067770 1
749195 0.000000 0
749202 0.000000 0
749210 0.047030 1
749219 0.000000 0
749226 0.000000 0
749234 0.037260 1
749239 0.000000 0
749246 0.000000 0
749254 0.047520 1
749263 0.000000 0
749270 0.000000 0
749278 0.072970 1
749284 0.000000 0
749292 0.000000 0
749299 0.062730 1
749308 0.000000 0
749316 0.000000 0
749323 0.036850 1
749329 0.000000 0
749336 0.000000 0
749344 0.024700 1
749353 0.000000 0
749360 0.000000 0
749368 0.061630 1
749374 0.000000 0
749382 0.000000 0
749389 0.067990 1
749398 0.000000 0
749406 0.000000 0
749413 0.060260 1
749419 0.000000 0
749426 0.000000 0
749434 0.048630 1
749443 0.000000 0
749450 0.000000 0
749458 0.041890 1
749464 0.000000 0
749472 0.000000 0
749479 0.080520 1
749489 0.000000 0
749496 0.000000 0
749504 0.077440 1
749511 0.000000 0
749518 0.000000 0
749526 0.068330 1
749534 0.000000 0
749542 0.000000 0
749549 0.049090 1
749555 0.000000 0
749562 0.000000 0
749570 0.036220 1
749579 0.000000 0
749586 0.000000 0
749594 0.062970 1
749601 0.000000 0
749608 0.000000 0
749616 0.053120 1
749624 0.000000 0
749632 0.000000 0
749639 0.063460 1
749645 0.000000 0
749652 0.000000 0
749660 0.053270 1
749669 0.000000 0
749676 0.000000 0
749684 0.048630 1
749690 0.000000 0
749698 0.000000 0
749705 0.053270 1
749714 0.000000 0
749722 0.000000 0
749729 0.062360 1
749735 0.000000 0
749742 0.000000 0
749750 0.066290 1
749759 0.000000 0
749766 0.000000 0
749774 0.057130 1
749780 0.000000 0
749788 0.000000 0
749795 0.046050 1
749804 0.000000 0
749812 0.000000 0
749819 0.061010 1
749825 0.000000 0
749832 0.000000 0
749840 0.067990 1
749849 0.000000 0
749856 0.000000 0
749864 0.053970 1
749870 0.000000 0
749878 0.000000 0
749885 0.055650 1
749894 0.000000 0
749902 0.000000 0
749909 0.055510 1
749915 0.000000 0
749922 0.000000 0
749930 0.036010 1
749939 0.000000 0
749946 0.000000 0
749954 0.063220 1
749959 0.000000 0
749966 0.000000 0
749974 0.072540 1
749983 0.000000 0
749990 0.000000 0
749998 0.068880 1
750004 0.000000 0
750012 0.000000 0
750019 0.048940 1
750028 0.000000 0
750036 0.000000 0
750043 0.049410 1
750049 0.000000 0
750056 0.000000 0
750064 0.066740 1
750073 0.000000 0
750080 0.000000 0
750088 0.076940 1
750094 0.000000 0
750102 0.000000 0
750109 0.068540 1
750118 0.000000 0
750126 0.000000 0
750133 0.048630 1
750139 0.000000 0
750146 0.000000 0
750154 0.034710 1
750163 0.000000 0
750170 0.000000 0
750178 0.045040 1
750184 0.000000 0
750192 0.000000 0
750199 0.059360 1
750209 0.000000 0
750216 0.000000 0
750224 0.055650 1
750231 0.000000 0
750238 0.000000 0
750246 0.053270 1
750254 0.000000 0
750262 0.000000 0
750269 0.044190 1
750276 0.000000 0
750284 0.000000 0
750291 0.051670 1
750299 0.000000 0
750306 0.000000 0
750314 0.056870 1
750321 0.000000 0
750328 0.000000 0
750336 0.059880 1
750344 0.000000 0
750352 0.000000 0
750359 0.053560 1
750365 0.000000 0
750372 0.000000 0
750380 0.043670 1
750389 0.000000 0
750396 0.000000 0
750404 0.044710 1
750410 0.000000 0
750418 0.000000 0
750425 0.069430 1
750434 0.000000 0
750442 0.000000 0
750449 0.079090 1
750455 0.000000 0
750462 0.000000 0
750470 0.066510 1
750479 0.000000 0
750486 0.000000 0
750494 0.051070 1
750500 0.000000 0
750508 0.000000 0
750515 0.044190 1
750524 0.000000 0
750532 0.000000 0
750539 0.071600 1
750545 0.000000 0
750552 0.000000 0
750560 0.052840 1
750568 0.000000 0
750576 0.000000 0
750583 0.057010 1
750590 0.000000 0
750598 0.000000 0
750605 0.051380 1
750613 0.000000 0
750620 0.000000 0
750628 0.036420 1
750633 0.000000 0
750640 0.000000 0
750648 0.046050 1
750658 0.000000 0
750666 0.000000 0
750673 0.059490 1
750679 0.000000 0
750686 0.000000 0
750694 0.062730 1
750703 0.000000 0
750710 0.000000 0
750718 0.043490 1
750724 0.000000 0
750732 0.000000 0
750739 0.039830 1
750748 0.000000 0
750756 0.000000 0
750763 0.048460 1
750769 0.000000 0
750776 0.000000 0
750784 0.056870 1
750793 0.000000 0
750800 0.000000 0
750808 0.067430 1
750814 0.000000 0
750822 0.000000 0
750829 0.066160 1
750838 0.000000 0
750846 0.000000 0
750853 0.058980 1
750859 0.000000 0
750866 0.000000 0
750874 0.047990 1
750883 0.000000 0
750890 0.000000 0
750898 0.060640 1
750904 0.000000 0
750912 0.000000 0
750919 0.051670 1
750929 0.000000 0
750936 0.000000 0
750944 0.051380 1
750951 0.000000 0
750958 0.000000 0
750966 0.038070 1
750974 0.000000 0
750982 0.000000 0
750989 0.037660 1
750996 0.000000 0
751004 0.000000 0
751011 0.058850 1
751018 0.000000 0
751026 0.000000 0
751033 0.065350 1
751041 0.000000 0
751048 0.000000 0
751056 0.059490 1
751064 0.000000 0
751072 0.000000 0
751079 0.044530 1
751085 0.000000 0
751092 0.000000 0
751100 0.045720 1
751109 0.000000 0
751116 0.000000 0
751124 0.056060 1
751130 0.000000 0
751138 0.000000 0
751145 0.076450 1
751154 0.000000 0
751162 0.000000 0
751169 0.073270 1
751175 0.000000 0
751182 0.000000 0
751190 0.057540 1
751199 0.000000 0
751206 0.000000 0
751214 0.036420 1
751220 0.000000 0
751228 0.000000 0
751235 0.055920 1
751244 0.000000 0
751252 0.000000 0
751259 0.055240 1
751265 0.000000 0
751272 0.000000 0
751280 0.055370 1
751289 0.000000 0
751296 0.000000 0
751304 0.047670 1
751310 0.000000 0
751318 0.000000 0
751325 0.042420 1
751334 0.000000 0
751342 0.000000 0
751349 0.045880 1
751355 0.000000 0
751362 0.000000 0
751370 0.045880 1
751379 0.000000 0
751386 0.000000 0
751394 0.055100 1
751400 0.000000 0
751408 0.000000 0
751415 0.063830 1
751423 0.000000 0
751430 0.000000 0
751438 0.051670 1
751445 0.000000 0
751452 0.000000 0
751460 0.042970 1
751469 0.000000 0
751476 0.000000 0
751484 0.064060 1
751490 0.000000 0
751498 0.000000 0
751505 0.056200 1
751514 0.000000 0
751522 0.000000 0
751529 0.060640 1
751535 0.000000 0
751542 0.000000 0
751550 0.043140 1
751559 0.000000 0
751566 0.000000 0
751574 0.036420 1
751580 0.000000 0
751588 0.000000 0
751595 0.069540 1
751603 0.000000 0
751610 0.000000 0
751618 0.075840 1
751624 0.000000 0
751632 0.000000 0
751639 0.050020 1
751648 0.000000 0
751656 0.000000 0
751663 0.049710 1
751669 0.000000 0
751676 0.000000 0
751684 0.046880 1
751693 0.000000 0
751700 0.000000 0
751708 0.053410 1
751714 0.000000 0
751722 0.000000 0
751729 0.066740 1
751738 0.000000 0
751746 0.000000 0
751753 0.059240 1
751759 0.000000 0
751766 0.000000 0
751774 0.052260 1
751783 0.000000 0
751790 0.000000 0
751798 0.037260 1
751804 0.000000 0
751812 0.000000 0
751819 0.057540 1
751828 0.000000 0
751836 0.000000 0
751843 0.067990 1
751849 0.000000 0
751856 0.000000 0
751864 0.063580 1
751873 0.000000 0
751880 0.000000 0
751888 0.048780 1
751894 0.000000 0
751902 0.000000 0
751909 0.057010 1
751918 0.000000 0
751926 0.000000 0
751933 0.053700 1
751939 0.000000 0
751946 0.000000 0
751954 0.061750 1
751963 0.000000 0
751970 0.000000 0
751978 0.074010 1
751984 0.000000 0
751992 0.000000 0
751999 0.053830 1
752008 0.000000 0
752016 0.000000 0
752023 0.034040 1
752031 0.000000 0
752038 0.000000 0
752046 0.039830 1
752054 0.000000 0
752062 0.000000 0
752069 0.047350 1
752076 0.000000 0
752084 0.000000 0
752091 0.055370 1
752099 0.000000 0
752106 0.000000 0
752114 0.052110 1
752120 0.000000 0
752128 0.000000 0
752135 0.051070 1
752144 0.000000 0
752152 0.000000 0
752159 0.028960 1
752166 0.000000 0
752174 0.000000 0
752181 0.057270 1
752188 0.000000 0
752196 0.000000 0
752203 0.063460 1
752210 0.000000 0
752218 0.000000 0
752225 0.052400 1
752234 0.000000 0
752242 0.000000 0
752249 0.044010 1
752255 0.000000 0
752262 0.000000 0
752270 0.054830 1
752279 0.000000 0
752286 0.000000 0
752294 0.063580 1
752300 0.000000 0
752308 0.000000 0
752315 0.072540 1
752324 0.000000 0
752332 0.000000 0
752339 0.055240 1
752345 0.000000 0
752352 0.000000 0
752360 0.045040 1
752369 0.000000 0
752376 0.000000 0
752384 0.027890 1
752390 0.000000 0
752398 0.000000 0
752405 0.058060 1
752414 0.000000 0
752422 0.000000 0
752429 0.066410 1
752435 0.000000 0
752442 0.000000 0
752450 0.062970 1
752459 0.000000 0
752466 0.000000 0
752474 0.053560 1
752480 0.000000 0
752488 0.000000 0
752495 0.044360 1
752504 0.000000 0
752512 0.000000 0
752519 0.053410 1
752525 0.000000 0
752532 0.000000 0
752540 0.054830 1
752549 0.000000 0
752556 0.000000 0
752564 0.060500 1
752570 0.000000 0
752578 0.000000 0
752585 0.058200 1
752594 0.000000 0
752602 0.000000 0
752609 0.046880 1
752615 0.000000 0
752622 0.000000 0
752630 0.042420 1
752638 0.000000 0
752646 0.000000 0
752653 0.054400 1
752659 0.000000 0
752666 0.000000 0
752674 0.049090 1
752683 0.000000 0
752690 0.000000 0
752698 0.056870 1
752704 0.000000 0
752712 0.000000 0
752719 0.057270 1
752728 0.000000 0
752736 0.000000 0
752743 0.037660 1
752749 0.000000 0
752756 0.000000 0
752764 0.048940 1
752773 0.000000 0
752780 0.000000 0
752788 0.050480 1
752794 0.000000 0
752802 0.000000 0
752809 0.047350 1
752818 0.000000 0
752826 0.000000 0
752833 0.054400 1
752839 0.000000 0
752846 0.000000 0
752854 0.041700 1
752863 0.000000 0
752870 0.000000 0
752878 0.041150 1
752884 0.000000 0
752892 0.000000 0
752899 0.044010 1
752908 0.000000 0
752916 0.000000 0
752923 0.067990 1
752929 0.000000 0
752936 0.000000 0
752944 0.065580 1
752953 0.000000 0
752960 0.000000 0
752968 0.047670 1
752974 0.000000 0
752982 0.000000 0
752989 0.058590 1
752998 0.000000 0
753006 0.000000 0
753013 0.070420 1
753020 0.000000 0
753028 0.000000 0
753035 0.055100 1
753044 0.000000 0
753052 0.000000 0
753059 0.058980 1
753066 0.000000 0
753074 0.000000 0
753081 0.049870 1
753089 0.000000 0
753096 0.000000 0
753104 0.048460 1
753111 0.000000 0
753118 0.000000 0
753126 0.041340 1
753134 0.000000 0
753142 0.000000 0
753149 0.052980 1
753155 0.000000 0
753162 0.000000 0
753170 0.057010 1
753179 0.000000 0
753186 0.000000 0
753194 0.042070 1
753200 0.000000 0
753208 0.000000 0
753215 0.039830 1
753223 0.000000 0
753230 0.000000 0
753238 0.059360 1
753245 0.000000 0
753252 0.000000 0
753260 0.064880 1
753269 0.000000 0
753276 0.000000 0
753284 0.070420 1
753290 0.000000 0
753298 0.000000 0
753305 0.046540 1
753314 0.000000 0
753322 0.000000 0
753329 0.042600 1
753335 0.000000 0
753342 0.000000 0
753350 0.053120 1
753359 0.000000 0
753366 0.000000 0
753374 0.055510 1
753380 0.000000 0
753388 0.000000 0
753395 0.051380 1
753404 0.000000 0
753412 0.000000 0
753419 0.039640 1
753425 0.000000 0
753432 0.000000 0
753440 0.044710 1
753449 0.000000 0
753456 0.000000 0
753464 0.050170 1
753469 0.000000 0
753476 0.000000 0
753484 0.050020 1
753493 0.000000 0
753500 0.000000 0
753508 0.063220 1
753514 0.000000 0
753522 0.000000 0
753529 0.065350 1
753538 0.000000 0
753546 0.000000 0
753553 0.045880 1
753559 0.000000 0
753566 0.000000 0
753574 0.044710 1
753583 0.000000 0
753590 0.000000 0
753598 0.052400 1
753604 0.000000 0
753612 0.000000 0
753619 0.052980 1
753628 0.000000 0
753636 0.000000 0
753643 0.050320 1
753649 0.000000 0
753656 0.000000 0
753664 0.045210 1
753673 0.000000 0
753680 0.000000 0
753688 0.047990 1
753694 0.000000 0
753702 0.000000 0
753709 0.049090 1
753718 0.000000 0
753726 0.000000 0
753733 0.056200 1
753739 0.000000 0
753746 0.000000 0
753754 0.067200 1
753763 0.000000 0
753770 0.000000 0
753778 0.059490 1
753784 0.000000 0
753792 0.000000 0
753799 0.057010 1
753808 0.000000 0
753816 0.000000 0
753823 0.058200 1
753829 0.000000 0
753836 0.000000 0
753844 0.053830 1
753854 0.000000 0
753862 0.000000 0
753869 0.044880 1
753876 0.000000 0
753884 0.000000 0
753891 0.046050 1
753899 0.000000 0
753906 0.000000 0
753914 0.060140 1
753921 0.000000 0
753928 0.000000 0
753936 0.054260 1
753944 0.000000 0
753952 0.000000 0
753959 0.051510 1
753965 0.000000 0
753972 0.000000 0
753980 0.051670 1
753989 0.000000 0
753996 0.000000 0
754004 0.047990 1
754011 0.000000 0
754018 0.000000 0
754026 0.042420 1
754034 0.000000 0
754042 0.000000 0
754049 0.056460 1
754055 0.000000 0
754062 0.000000 0
754070 0.056340 1
754079 0.000000 0
754086 0.000000 0
754094 0.056600 1
754100 0.000000 0
754108 0.000000 0
754115 0.058460 1
754124 0.000000 0
754132 0.000000 0
754139 0.050630 1
754145 0.000000 0
754152 0.000000 0
754160 0.055100 1
754169 0.000000 0
754176 0.000000 0
754184 0.056060 1
754190 0.000000 0
754198 0.000000 0
754205 0.048160 1
754214 0.000000 0
754222 0.000000 0
754229 0.035160 1
754235 0.000000 0
754242 0.000000 0
754250 0.047840 1
754259 0.000000 0
754266 0.000000 0
754274 0.048780 1
754279 0.000000 0
754286 0.000000 0
754294 0.049870 1
754304 0.000000 0
754312 0.000000 0
754319 0.057940 1
754325 0.000000 0
754332 0.000000 0
754340 0.050320 1
754349 0.000000 0
754356 0.000000 0
754364 0.061880 1
754369 0.000000 0
754376 0.000000 0
754384 0.064300 1
754393 0.000000 0
754400 0.000000 0
754408 0.053270 1
754414 0.000000 0
754422 0.000000 0
754429 0.047840 1
754438 0.000000 0
754446 0.000000 0
754453 0.050630 1
754459 0.000000 0
754466 0.000000 0
754474 0.047990 1
754483 0.000000 0
754490 0.000000 0
754498 0.044360 1
754504 0.000000 0
754512 0.000000 0
754519 0.060140 1
754528 0.000000 0
754536 0.000000 0
754543 0.056600 1
754549 0.000000 0
754556 0.000000 0
754564 0.053700 1
754573 0.000000 0
754580 0.000000 0
754588 0.038670 1
754594 0.000000 0
754602 0.000000 0
754609 0.049260 1
754618 0.000000 0
754626 0.000000 0
754633 0.055920 1
754639 0.000000 0
754646 0.000000 0
754654 0.077130 1
754663 0.000000 0
754670 0.000000 0
754678 0.080230 1
754686 0.000000 0
754694 0.000000 0
754701 0.079850 1
754709 0.000000 0
754716 0.000000 0
754724 0.054830 1
754731 0.000000 0
754738 0.000000 0
754746 0.044880 1
754753 0.000000 0
754760 0.000000 0
754768 0.054400 1
754776 0.000000 0
754784 0.000000 0
754791 0.045380 1
754799 0.000000 0
754806 0.000000 0
754814 0.050480 1
754820 0.000000 0
754828 0.000000 0
754835 0.056730 1
754844 0.000000 0
754852 0.000000 0
754859 0.043490 1
754865 0.000000 0
754872 0.000000 0
754880 0.064770 1
754888 0.000000 0
754896 0.000000 0
754903 0.061140 1
754910 0.000000 0
754918 0.000000 0
754925 0.044010 1
754934 0.000000 0
754942 0.000000 0
754949 0.035160 1
754955 0.000000 0
754962 0.000000 0
754970 0.039250 1
754979 0.000000 0
754986 0.000000 0
754994 0.058980 1
754999 0.000000 0
755006 0.000000 0
755014 0.075750 1
755024 0.000000 0
755032 0.000000 0
755039 0.039830 1
755045 0.000000 0
755052 0.000000 0
755060 0.042790 1
755068 0.000000 0
755076 0.000000 0
755083 0.047200 1
755089 0.000000 0
755096 0.000000 0
755104 0.063340 1
755113 0.000000 0
755120 0.000000 0
755128 0.069980 1
755134 0.000000 0
755142 0.000000 0
755149 0.064530 1
755158 0.000000 0
755166 0.000000 0
755173 0.035580 1
755179 0.000000 0
755186 0.000000 0
755194 0.030990 1
755203 0.000000 0
755210 0.000000 0
755218 0.035160 1
755224 0.000000 0
755232 0.000000 0
755239 0.055790 1
755248 0.000000 0
755256 0.000000 0
755263 0.053700 1
755269 0.000000 0
755276 0.000000 0
755284 0.046540 1
755293 0.000000 0
755300 0.000000 0
755308 0.039440 1
755314 0.000000 0
755322 0.000000 0
755329 0.058060 1
755338 0.000000 0
755346 0.000000 0
755353 0.085570 1
755359 0.000000 0
755366 0.000000 0
755374 0.077620 1
755383 0.000000 0
755390 0.000000 0
755398 0.043840 1
755404 0.000000 0
755412 0.000000 0
755419 0.043140 1
755428 0.000000 0
755436 0.000000 0
755443 0.035370 1
755451 0.000000 0
755458 0.000000 0
755466 0.053560 1
755474 0.000000 0
755482 0.000000 0
755489 0.058720 1
755495 0.000000 0
755502 0.000000 0
755510 0.053410 1
755519 0.000000 0
755526 0.000000 0
755534 0.037260 1
755540 0.000000 0
755548 0.000000 0
755555 0.033370 1
755564 0.000000 0
755572 0.000000 0
755579 0.045210 1
755585 0.000000 0
755592 0.000000 0
755600 0.059620 1
755609 0.000000 0
755616 0.000000 0
755624 0.064880 1
755630 0.000000 0
755638 0.000000 0
755645 0.054690 1
755654 0.000000 0
755662 0.000000 0
755669 0.046540 1
755675 0.000000 0
755682 0.000000 0
755690 0.046710 1
755699 0.000000 0
755706 0.000000 0
755714 0.055790 1
755720 0.000000 0
755728 0.000000 0
755735 0.055240 1
755744 0.000000 0
755752 0.000000 0
755759 0.048940 1
755765 0.000000 0
755772 0.000000 0
755780 0.050780 1
755789 0.000000 0
755796 0.000000 0
755804 0.058590 1
755810 0.000000 0
755818 0.000000 0
755825 0.055100 1
755834 0.000000 0
755842 0.000000 0
755849 0.058590 1
755855 0.000000 0
755862 0.000000 0
755870 0.050020 1
755878 0.000000 0
755886 0.000000 0
755893 0.053120 1
755899 0.000000 0
755906 0.000000 0
755914 0.045380 1
755923 0.000000 0
755930 0.000000 0
755938 0.049710 1
755944 0.000000 0
755952 0.000000 0
755959 0.061010 1
755968 0.000000 0
755976 0.000000 0
755983 0.058320 1
755989 0.000000 0
755996 0.000000 0
756004 0.041890 1
756013 0.000000 0
756020 0.000000 0
756028 0.062120 1
756034 0.000000 0
756042 0.000000 0
756049 0.083770 1
756058 0.000000 0
756066 0.000000 0
756073 0.087860 1
756079 0.000000 0
756086 0.000000 0
756094 0.067430 1
756103 0.000000 0
756110 0.000000 0
756118 0.051820 1
756124 0.000000 0
756132 0.000000 0
756139 0.046370 1
756148 0.000000 0
756156 0.000000 0
756163 0.051510 1
756169 0.000000 0
756176 0.000000 0
756184 0.065250 1
756193 0.000000 0
756200 0.000000 0
756208 0.057130 1
756214 0.000000 0
756222 0.000000 0
756229 0.030000 1
756239 0.000000 0
756246 0.000000 0
756254 0.044190 1
756261 0.000000 0
756268 0.000000 0
756276 0.055650 1
756284 0.000000 0
756292 0.000000 0
756299 0.055240 1
756306 0.000000 0
756314 0.000000 0
756321 0.054830 1
756329 0.000000 0
756336 0.000000 0
756344 0.046540 1
756350 0.000000 0
756358 0.000000 0
756365 0.035370 1
756374 0.000000 0
756382 0.000000 0
756389 0.043490 1
756395 0.000000 0
756402 0.000000 0
756410 0.066870 1
756419 0.000000 0
756426 0.000000 0
756434 0.072540 1
756440 0.000000 0
756448 0.000000 0
756455 0.056730 1
756464 0.000000 0
756472 0.000000 0
756479 0.049090 1
756485 0.000000 0
756492 0.000000 0
756500 0.045550 1
756509 0.000000 0
756516 0.000000 0
756524 0.049710 1
756530 0.000000 0
756538 0.000000 0
756545 0.066970 1
756554 0.000000 0
756562 0.000000 0
756569 0.074420 1
756575 0.000000 0
756582 0.000000 0
756590 0.067990 1
756599 0.000000 0
756606 0.000000 0
756614 0.059490 1
756620 0.000000 0
756628 0.000000 0
756635 0.058720 1
756644 0.000000 0
756652 0.000000 0
756659 0.062730 1
756665 0.000000 0
756672 0.000000 0
756680 0.052550 1
756688 0.000000 0
756696 0.000000 0
756703 0.051070 1
756709 0.000000 0
756716 0.000000 0
756724 0.032910 1
756733 0.000000 0
756740 0.000000 0
756748 0.054400 1
756754 0.000000 0
756762 0.000000 0
756769 0.064180 1
756778 0.000000 0
756786 0.000000 0
756793 0.057660 1
756799 0.000000 0
756806 0.000000 0
756814 0.054830 1
756823 0.000000 0
756830 0.000000 0
756838 0.063710 1
756844 0.000000 0
756852 0.000000 0
756859 0.063460 1
756868 0.000000 0
756876 0.000000 0
756883 0.060500 1
756889 0.000000 0
756896 0.000000 0
756904 0.060140 1
756913 0.000000 0
756920 0.000000 0
756928 0.067310 1
756934 0.000000 0
756942 0.000000 0
756949 0.049090 1
756958 0.000000 0
756966 0.000000 0
756973 0.071920 1
756979 0.000000 0
756986 0.000000 0
756994 0.083220 1
757003 0.000000 0
757010 0.000000 0
757018 0.070310 1
757026 0.000000 0
757034 0.000000 0
757041 0.063100 1
757049 0.000000 0
757056 0.000000 0
757064 0.038670 1
757071 0.000000 0
757078 0.000000 0
757086 0.037050 1
757094 0.000000 0
757102 0.000000 0
757109 0.047840 1
757116 0.000000 0
757124 0.000000 0
757131 0.045720 1
757138 0.000000 0
757146 0.000000 0
757153 0.046540 1
757160 0.000000 0
757168 0.000000 0
757175 0.041150 1
757184 0.000000 0
757192 0.000000 0
757199 0.042250 1
757205 0.000000 0
757212 0.000000 0
757220 0.067540 1
757229 0.000000 0
757236 0.000000 0
757244 0.074720 1
757250 0.000000 0
757258 0.000000 0
757265 0.059240 1
757274 0.000000 0
757282 0.000000 0
757289 0.051220 1
757295 0.000000 0
757302 0.000000 0
757310 0.043840 1
757319 0.000000 0
757326 0.000000 0
757334 0.059490 1
757340 0.000000 0
757348 0.000000 0
757355 0.067770 1
757364 0.000000 0
757372 0.000000 0
757379 0.053560 1
757385 0.000000 0
757392 0.000000 0
757400 0.049090 1
757409 0.000000 0
757416 0.000000 0
757424 0.047670 1
757430 0.000000 0
757438 0.000000 0
757445 0.044710 1
757453 0.000000 0
757460 0.000000 0
757468 0.058980 1
757474 0.000000 0
757482 0.000000 0
757489 0.062360 1
757498 0.000000 0
757506 0.000000 0
757513 0.057130 1
757519 0.000000 0
757526 0.000000 0
757534 0.048460 1
757543 0.000000 0
757550 0.000000 0
757558 0.052980 1
757564 0.000000 0
757572 0.000000 0
757579 0.058460 1
757588 0.000000 0
757596 0.000000 0
757603 0.047030 1
757609 0.000000 0
757616 0.000000 0
757624 0.056730 1
757633 0.000000 0
757640 0.000000 0
757648 0.050320 1
757654 0.000000 0
757662 0.000000 0
757669 0.044190 1
757678 0.000000 0
757686 0.000000 0
757693 0.054400 1
757699 0.000000 0
757706 0.000000 0
757714 0.053700 1
757723 0.000000 0
757730 0.000000 0
757738 0.047670 1
757744 0.000000 0
757752 0.000000 0
757759 0.042970 1
757768 0.000000 0
757776 0.000000 0
757783 0.050480 1
757789 0.000000 0
757796 0.000000 0
757804 0.056730 1
757814 0.000000 0
757822 0.000000 0
757829 0.071170 1
757836 0.000000 0
757844 0.000000 0
757851 0.044360 1
757859 0.000000 0
757866 0.000000 0
757874 0.040960 1
757881 0.000000 0
757888 0.000000 0
757896 0.050480 1
757904 0.000000 0
757912 0.000000 0
757919 0.080610 1
757925 0.000000 0
757932 0.000000 0
757940 0.077330 1
757949 0.000000 0
757956 0.000000 0
757964 0.073590 1
757970 0.000000 0
757978 0.000000 0
757985 0.057540 1
757994 0.000000 0
758002 0.000000 0
758009 0.042070 1
758015 0.000000 0
758022 0.000000 0
758030 0.033600 1
758039 0.000000 0
758046 0.000000 0
758054 0.052840 1
758060 0.000000 0
758068 0.000000 0
758075 0.041890 1
758083 0.000000 0
758090 0.000000 0
758098 0.036010 1
758105 0.000000 0
758112 0.000000 0
758120 0.045040 1
758129 0.000000 0
758136 0.000000 0
758144 0.034040 1
758150 0.000000 0
758158 0.000000 0
758165 0.044360 1
758174 0.000000 0
758182 0.000000 0
758189 0.043140 1
758195 0.000000 0
758202 0.000000 0
758210 0.034710 1
758219 0.000000 0
758226 0.000000 0
758234 0.032910 1
758240 0.000000 0
758248 0.000000 0
758255 0.051220 1
758264 0.000000 0
758272 0.000000 0
758279 0.061260 1
758285 0.000000 0
758292 0.000000 0
758300 0.071810 1
758308 0.000000 0
758316 0.000000 0
758323 0.052260 1
758329 0.000000 0
758336 0.000000 0
758344 0.044710 1
758353 0.000000 0
758360 0.000000 0
758368 0.036640 1
758374 0.000000 0
758382 0.000000 0
758389 0.041700 1
758398 0.000000 0
758406 0.000000 0
758413 0.060380 1
758419 0.000000 0
758426 0.000000 0
758434 0.064650 1
758443 0.000000 0
758450 0.000000 0
758458 0.059620 1
758464 0.000000 0
758472 0.000000 0
758479 0.048630 1
758488 0.000000 0
758496 0.000000 0
758503 0.056200 1
758509 0.000000 0
758516 0.000000 0
758524 0.058460 1
758533 0.000000 0
758540 0.000000 0
758548 0.045380 1
758554 0.000000 0
758562 0.000000 0
758569 0.034490 1
758579 0.000000 0
758586 0.000000 0
758594 0.030240 1
758601 0.000000 0
758608 0.000000 0
758616 0.061010 1
758624 0.000000 0
758632 0.000000 0
758639 0.063710 1
758646 0.000000 0
758654 0.000000 0
758661 0.055920 1
758669 0.000000 0
758676 0.000000 0
758684 0.048460 1
758691 0.000000 0
758698 0.000000 0
758706 0.044530 1
758714 0.000000 0
758722 0.000000 0
758729 0.055240 1
758735 0.000000 0
758742 0.000000 0
758750 0.065130 1
758759 0.000000 0
758766 0.000000 0
758774 0.062500 1
758780 0.000000 0
758788 0.000000 0
758795 0.047520 1
758804 0.000000 0
758812 0.000000 0
758819 0.045720 1
758825 0.000000 0
758832 0.000000 0
758840 0.058590 1
758849 0.000000 0
758856 0.000000 0
758864 0.080700 1
758870 0.000000 0
758878 0.000000 0
758885 0.080140 1
758894 0.000000 0
758902 0.000000 0
758909 0.055650 1
758915 0.000000 0
758922 0.000000 0
758930 0.046050 1
758939 0.000000 0
758946 0.000000 0
758954 0.049710 1
758960 0.000000 0
758968 0.000000 0
758975 0.048160 1
758984 0.000000 0
758992 0.000000 0
758999 0.045380 1
759005 0.000000 0
759012 0.000000 0
759020 0.042600 1
759028 0.000000 0
759036 0.000000 0
759043 0.038070 1
759049 0.000000 0
759056 0.000000 0
759064 0.047030 1
759073 0.000000 0
759080 0.000000 0
759088 0.068100 1
759094 0.000000 0
759102 0.000000 0
759109 0.084140 1
759118 0.000000 0
759126 0.000000 0
759133 0.068440 1
759138 0.000000 0
759146 0.000000 0
759153 0.044530 1
759163 0.000000 0
759170 0.000000 0
759178 0.039250 1
759184 0.000000 0
759192 0.000000 0
759199 0.065130 1
759208 0.000000 0
759216 0.000000 0
759223 0.068330 1
759229 0.000000 0
759236 0.000000 0
759244 0.058720 1
759253 0.000000 0
759260 0.000000 0
759268 0.040960 1
759274 0.000000 0
759282 0.000000 0
759289 0.044710 1
759298 0.000000 0
759306 0.000000 0
759313 0.036420 1
759319 0.000000 0
759326 0.000000 0
759334 0.048460 1
759343 0.000000 0
759350 0.000000 0
759358 0.058720 1
759364 0.000000 0
759372 0.000000 0
759379 0.066160 1
759388 0.000000 0
759396 0.000000 0
759403 0.049710 1
759410 0.000000 0
759418 0.000000 0
759425 0.050630 1
759434 0.000000 0
759442 0.000000 0
759449 0.048940 1
759456 0.000000 0
759464 0.000000 0
759471 0.053270 1
759479 0.000000 0
759486 0.000000 0
759494 0.048780 1
759501 0.000000 0
759508 0.000000 0
759516 0.046880 1
759524 0.000000 0
759532 0.000000 0
759539 0.042420 1
759546 0.000000 0
759554 0.000000 0
759561 0.053410 1
759569 0.000000 0
759576 0.000000 0
759584 0.060380 1
759590 0.000000 0
759598 0.000000 0
759605 0.050920 1
759614 0.000000 0
759622 0.000000 0
759629 0.038860 1
759635 0.000000 0
759642 0.000000 0
759650 0.047840 1
759659 0.000000 0
759666 0.000000 0
759674 0.075530 1
759680 0.000000 0
759688 0.000000 0
759695 0.073790 1
759704 0.000000 0
759712 0.000000 0
759719 0.058320 1
759725 0.000000 0
759732 0.000000 0
759740 0.044530 1
759749 0.000000 0
759756 0.000000 0
759764 0.045550 1
759770 0.000000 0
759778 0.000000 0
759785 0.071700 1
759794 0.000000 0
759802 0.000000 0
759809 0.077240 1
759815 0.000000 0
759822 0.000000 0
759830 0.083860 1
759839 0.000000 0
759846 0.000000 0
759854 0.064880 1
759860 0.000000 0
759868 0.000000 0
759875 0.043490 1
759883 0.000000 0
759890 0.000000 0
759898 0.031250 1
759904 0.000000 0
759912 0.000000 0
759919 0.054960 1
759928 0.000000 0
759936 0.000000 0
759943 0.046710 1
759949 0.000000 0
759956 0.000000 0
759964 0.039250 1
759973 0.000000 0
759980 0.000000 0
759988 0.049560 1
759994 0.000000 0
760002 0.000000 0
760009 0.055240 1
760018 0.000000 0
760026 0.000000 0
760033 0.058850 1
760039 0.000000 0
760046 0.000000 0
760054 0.054830 1
760063 0.000000 0
760070 0.000000 0
760078 0.053560 1
760084 0.000000 0
760092 0.000000 0
760099 0.039250 1
760108 0.000000 0
760116 0.000000 0
760123 0.027890 1
760129 0.000000 0
760136 0.000000 0
760144 0.054690 1
760153 0.000000 0
760160 0.000000 0
760168 0.057800 1
760174 0.000000 0
760182 0.000000 0
760189 0.056200 1
760198 0.000000 0
760206 0.000000 0
760213 0.053120 1
760219 0.000000 0
760226 0.000000 0
760234 0.045550 1
760244 0.000000 0
760252 0.000000 0
760259 0.049710 1
760266 0.000000 0
760274 0.000000 0
760281 0.068880 1
760289 0.000000 0
760296 0.000000 0
760304 0.071060 1
760311 0.000000 0
760318 0.000000 0
760326 0.065710 1
760333 0.000000 0
760340 0.000000 0
760348 0.052110 1
760356 0.000000 0
760364 0.000000 0
760371 0.050480 1
760378 0.000000 0
760386 0.000000 0
760393 0.064420 1
760401 0.000000 0
760408 0.000000 0
760416 0.068210 1
760424 0.000000 0
760432 0.000000 0
760439 0.048780 1
760445 0.000000 0
760452 0.000000 0
760460 0.037460 1
760469 0.000000 0
760476 0.000000 0
760484 0.044010 1
760490 0.000000 0
760498 0.000000 0
760505 0.073790 1
760514 0.000000 0
760522 0.000000 0
760529 0.074530 1
760535 0.000000 0
760542 0.000000 0
760550 0.071170 1
760559 0.000000 0
760566 0.000000 0
760574 0.050170 1
760580 0.000000 0
760588 0.000000 0
760595 0.030500 1
760604 0.000000 0
760612 0.000000 0
760619 0.055650 1
760625 0.000000 0
760632 0.000000 0
760640 0.061140 1
760649 0.000000 0
760656 0.000000 0
760664 0.050630 1
760670 0.000000 0
760678 0.000000 0
760685 0.033140 1
760694 0.000000 0
760702 0.000000 0
760709 0.042790 1
760714 0.000000 0
760722 0.000000 0
760729 0.088730 1
760739 0.000000 0
760746 0.000000 0
760754 0.093170 1
760760 0.000000 0
760768 0.000000 0
760775 0.068330 1
760784 0.000000 0
760792 0.000000 0
760799 0.061010 1
760805 0.000000 0
760812 0.000000 0
760820 0.044710 1
760828 0.000000 0
760836 0.000000 0
760843 0.047840 1
760849 0.000000 0
760856 0.000000 0
760864 0.050320 1
760873 0.000000 0
760880 0.000000 0
760888 0.042790 1
760894 0.000000 0
760902 0.000000 0
760909 0.038070 1
760918 0.000000 0
760926 0.000000 0
760933 0.035160 1
760939 0.000000 0
760946 0.000000 0
760954 0.062120 1
760963 0.000000 0
760970 0.000000 0
760978 0.063580 1
760984 0.000000 0
760992 0.000000 0
760999 0.068100 1
761008 0.000000 0
761016 0.000000 0
761023 0.052260 1
761029 0.000000 0
761036 0.000000 0
761044 0.064530 1
761053 0.000000 0
761060 0.000000 0
761068 0.048940 1
761074 0.000000 0
761082 0.000000 0
761089 0.071270 1
761098 0.000000 0
761106 0.000000 0
761113 0.076450 1
761119 0.000000 0
761126 0.000000 0
761134 0.053560 1
761143 0.000000 0
761150 0.000000 0
761158 0.049260 1
761164 0.000000 0
761172 0.000000 0
761179 0.040020 1
761188 0.000000 0
761196 0.000000 0
761203 0.061260 1
761211 0.000000 0
761218 0.000000 0
761226 0.064060 1
761234 0.000000 0
761242 0.000000 0
761249 0.072760 1
761256 0.000000 0
761264 0.000000 0
761271 0.058720 1
761279 0.000000 0
761286 0.000000 0
761294 0.054400 1
761301 0.000000 0
761308 0.000000 0
761316 0.056870 1
761324 0.000000 0
761332 0.000000 0
761339 0.049410 1
761346 0.000000 0
761354 0.000000 0
761361 0.045720 1
761369 0.000000 0
761376 0.000000 0
761384 0.050170 1
761390 0.000000 0
761398 0.000000 0
761405 0.051960 1
761414 0.000000 0
761422 0.000000 0
761429 0.067310 1
761435 0.000000 0
761442 0.000000 0
761450 0.065710 1
761459 0.000000 0
761466 0.000000 0
761474 0.057660 1
761480 0.000000 0
761488 0.000000 0
761495 0.036850 1
761504 0.000000 0
761512 0.000000 0
761519 0.039830 1
761525 0.000000 0
761532 0.000000 0
761540 0.063940 1
761549 0.000000 0
761556 0.000000 0
761564 0.074420 1
761570 0.000000 0
761578 0.000000 0
761585 0.067770 1
761594 0.000000 0
761602 0.000000 0
761609 0.045550 1
761615 0.000000 0
761622 0.000000 0
761630 0.024700 1
761639 0.000000 0
761646 0.000000 0
761654 0.067990 1
761660 0.000000 0
761668 0.000000 0
761675 0.085760 1
761683 0.000000 0
761690 0.000000 0
761698 0.076040 1
761705 0.000000 0
761712 0.000000 0
761720 0.054830 1
761728 0.000000 0
761736 0.000000 0
761743 0.039640 1
761749 0.000000 0
761756 0.000000 0
761764 0.025910 1
761773 0.000000 0
761780 0.000000 0
761788 0.040210 1
761794 0.000000 0
761802 0.000000 0
761809 0.067310 1
761818 0.000000 0
761826 0.000000 0
761833 0.053560 1
761838 0.000000 0
761846 0.000000 0
761853 0.046710 1
761863 0.000000 0
761870 0.000000 0
761878 0.031720 1
761884 0.000000 0
761892 0.000000 0
761899 0.054540 1
761908 0.000000 0
761916 0.000000 0
761923 0.049260 1
761929 0.000000 0
761936 0.000000 0
761944 0.044360 1
761953 0.000000 0
761960 0.000000 0
761968 0.040020 1
761974 0.000000 0
761982 0.000000 0
761989 0.047840 1
761998 0.000000 0
762006 0.000000 0
762013 0.065830 1
762019 0.000000 0
762026 0.000000 0
762034 0.079670 1
762043 0.000000 0
762050 0.000000 0
762058 0.069870 1
762064 0.000000 0
762072 0.000000 0
762079 0.054830 1
762088 0.000000 0
762096 0.000000 0
762103 0.043490 1
762109 0.000000 0
762116 0.000000 0
762124 0.042420 1
762133 0.000000 0
762140 0.000000 0
762148 0.039060 1
762156 0.000000 0
762164 0.000000 0
762171 0.055650 1
762179 0.000000 0
762186 0.000000 0
762194 0.058850 1
762201 0.000000 0
762208 0.000000 0
762216 0.048310 1
762224 0.000000 0
762232 0.000000 0
762239 0.036420 1
762246 0.000000 0
762254 0.000000 0
762261 0.054540 1
762269 0.000000 0
762276 0.000000 0
762284 0.054400 1
762290 0.000000 0
762298 0.000000 0
762305 0.035160 1
762314 0.000000 0
762322 0.000000 0
762329 0.035580 1
762335 0.000000 0
762342 0.000000 0
762350 0.055100 1
762359 0.000000 0
762366 0.000000 0
762374 0.073080 1
762380 0.000000 0
762388 0.000000 0
762395 0.085480 1
762404 0.000000 0
762412 0.000000 0
762419 0.085390 1
762425 0.000000 0
762432 0.000000 0
762440 0.053560 1
762449 0.000000 0
762456 0.000000 0
762464 0.038270 1
762470 0.000000 0
762478 0.000000 0
762485 0.072020 1
762494 0.000000 0
762502 0.000000 0
762509 0.064880 1
762515 0.000000 0
762522 0.000000 0
762530 0.038470 1
762539 0.000000 0
762546 0.000000 0
762554 0.047670 1
762560 0.000000 0
762568 0.000000 0
762575 0.044360 1
762584 0.000000 0
762592 0.000000 0
762599 0.068990 1
762605 0.000000 0
762612 0.000000 0
762620 0.079380 1
762628 0.000000 0
762636 0.000000 0
762643 0.067870 1
762648 0.000000 0
762656 0.000000 0
762663 0.056460 1
762673 0.000000 0
762680 0.000000 0
762688 0.045040 1
762694 0.000000 0
762702 0.000000 0
762709 0.036010 1
762718 0.000000 0
762726 0.000000 0
762733 0.032210 1
762739 0.000000 0
762746 0.000000 0
762754 0.041700 1
762763 0.000000 0
762770 0.000000 0
762778 0.047520 1
762784 0.000000 0
762792 0.000000 0
762799 0.046220 1
762808 0.000000 0
762816 0.000000 0
762823 0.037050 1
762829 0.000000 0
762836 0.000000 0
762844 0.077620 1
762853 0.000000 0
762860 0.000000 0
762868 0.079960 1
762874 0.000000 0
762882 0.000000 0
762889 0.046370 1
762898 0.000000 0
762906 0.000000 0
762913 0.047030 1
762919 0.000000 0
762926 0.000000 0
762934 0.053410 1
762943 0.000000 0
762950 0.000000 0
762958 0.057130 1
762964 0.000000 0
762972 0.000000 0
762979 0.058460 1
762988 0.000000 0
762996 0.000000 0
763003 0.054120 1
763009 0.000000 0
763016 0.000000 0
763024 0.036010 1
763034 0.000000 0
763042 0.000000 0
763049 0.042250 1
763056 0.000000 0
763064 0.000000 0
763071 0.044530 1
763079 0.000000 0
763086 0.000000 0
763094 0.067200 1
763101 0.000000 0
763108 0.000000 0
763116 0.074220 1
763124 0.000000 0
763132 0.000000 0
763139 0.064530 1
763146 0.000000 0
763154 0.000000 0
763161 0.045720 1
763169 0.000000 0
763176 0.000000 0
763184 0.058850 1
763190 0.000000 0
763198 0.000000 0
763205 0.059750 1
763214 0.000000 0
763222 0.000000 0
763229 0.053700 1
763235 0.000000 0
763242 0.000000 0
763250 0.058850 1
763259 0.000000 0
763266 0.000000 0
763274 0.039640 1
763280 0.000000 0
763288 0.000000 0
763295 0.043320 1
763304 0.000000 0
763312 0.000000 0
763319 0.064770 1
763325 0.000000 0
763332 0.000000 0
763340 0.061880 1
763349 0.000000 0
763356 0.000000 0
763364 0.049560 1
763370 0.000000 0
763378 0.000000 0
763385 0.039440 1
763394 0.000000 0
763402 0.000000 0
763409 0.046050 1
763415 0.000000 0
763422 0.000000 0
763430 0.064530 1
763439 0.000000 0
763446 0.000000 0
763454 0.066640 1
763460 0.000000 0
763468 0.000000 0
763475 0.059620 1
763483 0.000000 0
763490 0.000000 0
763498 0.045880 1
763504 0.000000 0
763512 0.000000 0
763519 0.046050 1
763528 0.000000 0
763536 0.000000 0
763543 0.093170 1
763549 0.000000 0
763556 0.000000 0
763564 0.088380 1
763573 0.000000 0
763580 0.000000 0
763588 0.068880 1
763593 0.000000 0
763600 0.000000 0
763608 0.031720 1
763618 0.000000 0
763626 0.000000 0
763633 0.030990 1
763639 0.000000 0
763646 0.000000 0
763654 0.045040 1
763663 0.000000 0
763670 0.000000 0
763678 0.068100 1
763684 0.000000 0
763692 0.000000 0
763699 0.060140 1
763708 0.000000 0
763716 0.000000 0
763723 0.042970 1
763729 0.000000 0
763736 0.000000 0
763744 0.039250 1
763753 0.000000 0
763760 0.000000 0
763768 0.062000 1
763774 0.000000 0
763782 0.000000 0
763789 0.071600 1
763798 0.000000 0
763806 0.000000 0
763813 0.067200 1
763819 0.000000 0
763826 0.000000 0
763834 0.062970 1
763843 0.000000 0
763850 0.000000 0
763858 0.039640 1
763864 0.000000 0
763872 0.000000 0
763879 0.028430 1
763888 0.000000 0
763896 0.000000 0
763903 0.071810 1
763911 0.000000 0
763918 0.000000 0
763926 0.057270 1
763934 0.000000 0
763942 0.000000 0
763949 0.045550 1
763956 0.000000 0
763964 0.000000 0
763971 0.057010 1
763979 0.000000 0
763986 0.000000 0
763994 0.049260 1
764001 0.000000 0
764008 0.000000 0
764016 0.040960 1
764024 0.000000 0
764032 0.000000 0
764039 0.060260 1
764046 0.000000 0
764054 0.000000 0
764061 0.052840 1
764069 0.000000 0
764076 0.000000 0
764084 0.046880 1
764090 0.000000 0
764098 0.000000 0
764105 0.039440 1
764114 0.000000 0
764122 0.000000 0
764129 0.060140 1
764135 0.000000 0
764142 0.000000 0
764150 0.072970 1
764159 0.000000 0
764166 0.000000 0
764174 0.045550 1
764180 0.000000 0
764188 0.000000 0
764195 0.030990 1
764204 0.000000 0
764212 0.000000 0
764219 0.034710 1
764225 0.000000 0
764232 0.000000 0
764240 0.069210 1
764249 0.000000 0
764256 0.000000 0
764264 0.067080 1
764270 0.000000 0
764278 0.000000 0
764285 0.058060 1
764294 0.000000 0
764302 0.000000 0
764309 0.046880 1
764315 0.000000 0
764322 0.000000 0
764330 0.045380 1
764339 0.000000 0
764346 0.000000 0
764354 0.040410 1
764360 0.000000 0
764368 0.000000 0
764375 0.057010 1
764384 0.000000 0
764392 0.000000 0
764399 0.069760 1
764404 0.000000 0
764412 0.000000 0
764419 0.068330 1
764428 0.000000 0
764436 0.000000 0
764443 0.046880 1
764449 0.000000 0
764456 0.000000 0
764464 0.067660 1
764473 0.000000 0
764480 0.000000 0
764488 0.090520 1
764494 0.000000 0
764502 0.000000 0
764509 0.082860 1
764518 0.000000 0
764526 0.000000 0
764533 0.070530 1
764539 0.000000 0
764546 0.000000 0
764554 0.055650 1
764563 0.000000 0
764570 0.000000 0
764578 0.047350 1
764584 0.000000 0
764592 0.000000 0
764599 0.038270 1
764608 0.000000 0
764616 0.000000 0
764623 0.042250 1
764629 0.000000 0
764636 0.000000 0
764644 0.035370 1
764653 0.000000 0
764660 0.000000 0
764668 0.037870 1
764674 0.000000 0
764682 0.000000 0
764689 0.047520 1
764698 0.000000 0
764706 0.000000 0
764713 0.075840 1
764719 0.000000 0
764726 0.000000 0
764734 0.075230 1
764743 0.000000 0
764750 0.000000 0
764758 0.053970 1
764764 0.000000 0
764772 0.000000 0
764779 0.052980 1
764788 0.000000 0
764796 0.000000 0
764803 0.062970 1
764809 0.000000 0
764816 0.000000 0
764824 0.064420 1
764833 0.000000 0
764840 0.000000 0
764848 0.071270 1
764854 0.000000 0
764862 0.000000 0
764869 0.064650 1
764878 0.000000 0
764886 0.000000 0
764893 0.054260 1
764899 0.000000 0
764906 0.000000 0
764914 0.035160 1
764924 0.000000 0
764932 0.000000 0
764939 0.032670 1
764946 0.000000 0
764954 0.000000 0
764961 0.042600 1
764969 0.000000 0
764976 0.000000 0
764984 0.054960 1
764991 0.000000 0
764998 0.000000 0
765006 0.056870 1
765014 0.000000 0
765022 0.000000 0
765029 0.038470 1
765036 0.000000 0
765044 0.000000 0
765051 0.032210 1
765059 0.000000 0
765066 0.000000 0
765074 0.061010 1
765081 0.000000 0
765088 0.000000 0
765096 0.058980 1
765104 0.000000 0
765112 0.000000 0
765119 0.052550 1
765125 0.000000 0
765132 0.000000 0
765140 0.052840 1
765149 0.000000 0
765156 0.000000 0
765164 0.058320 1
765170 0.000000 0
765178 0.000000 0
765185 0.086640 1
765194 0.000000 0
765202 0.000000 0
765209 0.084050 1
765215 0.000000 0
765222 0.000000 0
765230 0.076740 1
765239 0.000000 0
765246 0.000000 0
765254 0.057800 1
765260 0.000000 0
765268 0.000000 0
765275 0.054540 1
765284 0.000000 0
765292 0.000000 0
765299 0.076230 1
765305 0.000000 0
765312 0.000000 0
765320 0.078020 1
765329 0.000000 0
765336 0.000000 0
765344 0.053970 1
765349 0.000000 0
765356 0.000000 0
765364 0.040020 1
765374 0.000000 0
765382 0.000000 0
765389 0.033370 1
765395 0.000000 0
765402 0.000000 0
765410 0.081560 1
765419 0.000000 0
765426 0.000000 0
765434 0.087770 1
765440 0.000000 0
765448 0.000000 0
765455 0.076840 1
765463 0.000000 0
765470 0.000000 0
765478 0.043670 1
765484 0.000000 0
765492 0.000000 0
765499 0.034490 1
765508 0.000000 0
765516 0.000000 0
765523 0.027050 1
765529 0.000000 0
765536 0.000000 0
765544 0.041890 1
765553 0.000000 0
765560 0.000000 0
765568 0.033600 1
765574 0.000000 0
765582 0.000000 0
765589 0.031720 1
765598 0.000000 0
765606 0.000000 0
765613 0.024080 1
765619 0.000000 0
765626 0.000000 0
765634 0.036010 1
765643 0.000000 0
765650 0.000000 0
765658 0.075030 1
765664 0.000000 0
765672 0.000000 0
765679 0.074920 1
765688 0.000000 0
765696 0.000000 0
765703 0.054120 1
765709 0.000000 0
765716 0.000000 0
765724 0.043490 1
765733 0.000000 0
765740 0.000000 0
765748 0.039440 1
765754 0.000000 0
765762 0.000000 0
765769 0.072760 1
765778 0.000000 0
765786 0.000000 0
765793 0.079470 1
765799 0.000000 0
765806 0.000000 0
765814 0.068210 1
765823 0.000000 0
765830 0.000000 0
765838 0.064420 1
765846 0.000000 0
765854 0.000000 0
765861 0.041520 1
765869 0.000000 0
765876 0.000000 0
765884 0.054830 1
765891 0.000000 0
765898 0.000000 0
765906 0.053700 1
765914 0.000000 0
765922 0.000000 0
765929 0.051820 1
765936 0.000000 0
765944 0.000000 0
765951 0.050920 1
765959 0.000000 0
765966 0.000000 0
765974 0.049410 1
765980 0.000000 0
765988 0.000000 0
765995 0.052400 1
766004 0.000000 0
766012 0.000000 0
766019 0.064530 1
766025 0.000000 0
766032 0.000000 0
766040 0.072860 1
766049 0.000000 0
766056 0.000000 0
766064 0.049560 1
766070 0.000000 0
766078 0.000000 0
766085 0.056060 1
766094 0.000000 0
766102 0.000000 0
766109 0.068440 1
766115 0.000000 0
766122 0.000000 0
766130 0.064420 1
766139 0.000000 0
766146 0.000000 0
766154 0.056730 1
766160 0.000000 0
766168 0.000000 0
766175 0.040960 1
766184 0.000000 0
766192 0.000000 0
766199 0.040590 1
766204 0.000000 0
766212 0.000000 0
766219 0.053700 1
766229 0.000000 0
766236 0.000000 0
766244 0.070420 1
766250 0.000000 0
766258 0.000000 0
766265 0.064530 1
766274 0.000000 0
766282 0.000000 0
766289 0.053560 1
766295 0.000000 0
766302 0.000000 0
766310 0.057400 1
766319 0.000000 0
766326 0.000000 0
766334 0.053700 1
766340 0.000000 0
766348 0.000000 0
766355 0.078020 1
766364 0.000000 0
766372 0.000000 0
766379 0.071600 1
766385 0.000000 0
766392 0.000000 0
766400 0.069660 1
766408 0.000000 0
766416 0.000000 0
766423 0.054540 1
766430 0.000000 0
766438 0.000000 0
766445 0.044190 1
766453 0.000000 0
766460 0.000000 0
766468 0.030750 1
766474 0.000000 0
766482 0.000000 0
766489 0.045210 1
766498 0.000000 0
766506 0.000000 0
766513 0.046370 1
766518 0.000000 0
766526 0.000000 0
766533 0.029480 1
766543 0.000000 0
766550 0.000000 0
766558 0.025910 1
766564 0.000000 0
766572 0.000000 0
766579 0.053700 1
766588 0.000000 0
766596 0.000000 0
766603 0.071490 1
766609 0.000000 0
766616 0.000000 0
766624 0.065000 1
766633 0.000000 0
766640 0.000000 0
766648 0.051220 1
766654 0.000000 0
766662 0.000000 0
766669 0.043140 1
766678 0.000000 0
766686 0.000000 0
766693 0.049560 1
766699 0.000000 0
766706 0.000000 0
766714 0.072020 1
766723 0.000000 0
766730 0.000000 0
766738 0.076940 1
766744 0.000000 0
766752 0.000000 0
766759 0.059490 1
766769 0.000000 0
766776 0.000000 0
766784 0.045720 1
766791 0.000000 0
766798 0.000000 0
766806 0.031250 1
766814 0.000000 0
766822 0.000000 0
766829 0.037460 1
766836 0.000000 0
766844 0.000000 0
766851 0.059100 1
766859 0.000000 0
766866 0.000000 0
766874 0.052690 1
766880 0.000000 0
766888 0.000000 0
766895 0.038860 1
766904 0.000000 0
766912 0.000000 0
766919 0.034270 1
766925 0.000000 0
766932 0.000000 0
766940 0.071810 1
766949 0.000000 0
766956 0.000000 0
766964 0.072020 1
766970 0.000000 0
766978 0.000000 0
766985 0.056460 1
766994 0.000000 0
767002 0.000000 0
767009 0.044530 1
767015 0.000000 0
767022 0.000000 0
767030 0.039640 1
767038 0.000000 0
767046 0.000000 0
767053 0.065250 1
767059 0.000000 0
767066 0.000000 0
767074 0.068990 1
767084 0.000000 0
767092 0.000000 0
767099 0.068770 1
767104 0.000000 0
767112 0.000000 0
767119 0.063940 1
767128 0.000000 0
767136 0.000000 0
767143 0.046220 1
767149 0.000000 0
767156 0.000000 0
767164 0.044010 1
767173 0.000000 0
767180 0.000000 0
767188 0.058060 1
767194 0.000000 0
767202 0.000000 0
767209 0.068100 1
767218 0.000000 0
767226 0.000000 0
767233 0.052260 1
767239 0.000000 0
767246 0.000000 0
767254 0.042250 1
767263 0.000000 0
767270 0.000000 0
767278 0.079290 1
767284 0.000000 0
767292 0.000000 0
767299 0.098890 1
767308 0.000000 0
767316 0.000000 0
767323 0.082120 1
767329 0.000000 0
767336 0.000000 0
767344 0.058320 1
767353 0.000000 0
767360 0.000000 0
767368 0.045720 1
767374 0.000000 0
767382 0.000000 0
767389 0.034270 1
767398 0.000000 0
767406 0.000000 0
767413 0.053560 1
767419 0.000000 0
767426 0.000000 0
767434 0.068670 1
767443 0.000000 0
767450 0.000000 0
767458 0.061390 1
767464 0.000000 0
767472 0.000000 0
767479 0.030240 1
767488 0.000000 0
767496 0.000000 0
767503 0.036640 1
767509 0.000000 0
767516 0.000000 0
767524 0.046050 1
767533 0.000000 0
767540 0.000000 0
767548 0.058720 1
767556 0.000000 0
767564 0.000000 0
767571 0.048630 1
767579 0.000000 0
767586 0.000000 0
767594 0.042070 1
767601 0.000000 0
767608 0.000000 0
767616 0.045210 1
767624 0.000000 0
767632 0.000000 0
767639 0.075940 1
767646 0.000000 0
767654 0.000000 0
767661 0.072760 1
767669 0.000000 0
767676 0.000000 0
767684 0.066740 1
767691 0.000000 0
767698 0.000000 0
767706 0.055920 1
767714 0.000000 0
767722 0.000000 0
767729 0.036420 1
767735 0.000000 0
767742 0.000000 0
767750 0.065830 1
767759 0.000000 0
767766 0.000000 0
767774 0.092930 1
767780 0.000000 0
767788 0.000000 0
767795 0.081180 1
767804 0.000000 0
767812 0.000000 0
767819 0.075530 1
767825 0.000000 0
767832 0.000000 0
767840 0.059490 1
767848 0.000000 0
767856 0.000000 0
767863 0.042790 1
767870 0.000000 0
767878 0.000000 0
767885 0.050780 1
767894 0.000000 0
767902 0.000000 0
767909 0.062000 1
767915 0.000000 0
767922 0.000000 0
767930 0.062500 1
767938 0.000000 0
767946 0.000000 0
767953 0.041150 1
767960 0.000000 0
767968 0.000000 0
767975 0.034710 1
767983 0.000000 0
767990 0.000000 0
767998 0.049090 1
768005 0.000000 0
768012 0.000000 0
768020 0.060380 1
768029 0.000000 0
768036 0.000000 0
768044 0.048630 1
768050 0.000000 0
768058 0.000000 0
768065 0.035160 1
768074 0.000000 0
768082 0.000000 0
768089 0.033600 1
768095 0.000000 0
768102 0.000000 0
768110 0.051380 1
768119 0.000000 0
768126 0.000000 0
768134 0.068210 1
768140 0.000000 0
768148 0.000000 0
768155 0.061630 1
768164 0.000000 0
768172 0.000000 0
768179 0.049710 1
768185 0.000000 0
768192 0.000000 0
768200 0.045040 1
768209 0.000000 0
768216 0.000000 0
768224 0.090590 1
768230 0.000000 0
768238 0.000000 0
768245 0.089420 1
768254 0.000000 0
768262 0.000000 0
768269 0.091940 1
768276 0.000000 0
768284 0.000000 0
768291 0.050480 1
768298 0.000000 0
768306 0.000000 0
768313 0.038860 1
768319 0.000000 0
768326 0.000000 0
768334 0.055920 1
768343 0.000000 0
768350 0.000000 0
768358 0.057660 1
768364 0.000000 0
768372 0.000000 0
768379 0.055920 1
768388 0.000000 0
768396 0.000000 0
768403 0.051380 1
768409 0.000000 0
768416 0.000000 0
768424 0.040020 1
768433 0.000000 0
768440 0.000000 0
768448 0.032910 1
768454 0.000000 0
768462 0.000000 0
768469 0.066640 1
768478 0.000000 0
768486 0.000000 0
768493 0.068770 1
768499 0.000000 0
768506 0.000000 0
768514 0.048160 1
768523 0.000000 0
768530 0.000000 0
768538 0.030750 1
768544 0.000000 0
768552 0.000000 0
768559 0.028170 1
768568 0.000000 0
768576 0.000000 0
768583 0.058720 1
768589 0.000000 0
768596 0.000000 0
768604 0.062360 1
768613 0.000000 0
768620 0.000000 0
768628 0.055650 1
768634 0.000000 0
768642 0.000000 0
768649 0.051960 1
768658 0.000000 0
768666 0.000000 0
768673 0.041520 1
768679 0.000000 0
768686 0.000000 0
768694 0.048780 1
768703 0.000000 0
768710 0.000000 0
768718 0.050170 1
768724 0.000000 0
768732 0.000000 0
768739 0.058980 1
768748 0.000000 0
768756 0.000000 0
768763 0.050020 1
768769 0.000000 0
768776 0.000000 0
768784 0.036640 1
768793 0.000000 0
768800 0.000000 0
768808 0.032440 1
768814 0.000000 0
768822 0.000000 0
768829 0.040590 1
768838 0.000000 0
768846 0.000000 0
768853 0.041520 1
768859 0.000000 0
768866 0.000000 0
768874 0.040770 1
768883 0.000000 0
768890 0.000000 0
768898 0.038270 1
768904 0.000000 0
768912 0.000000 0
768919 0.040210 1
768928 0.000000 0
768936 0.000000 0
768943 0.066160 1
768949 0.000000 0
768956 0.000000 0
768964 0.059100 1
768973 0.000000 0
768980 0.000000 0
768988 0.056060 1
768994 0.000000 0
769002 0.000000 0
769009 0.032440 1
769018 0.000000 0
769026 0.000000 0
769033 0.035160 1
769039 0.000000 0
769046 0.000000 0
769054 0.044190 1
769063 0.000000 0
769070 0.000000 0
769078 0.057400 1
769086 0.000000 0
769094 0.000000 0
769101 0.052980 1
769109 0.000000 0
769116 0.000000 0
769124 0.040210 1
769131 0.000000 0
769138 0.000000 0
769146 0.036640 1
769154 0.000000 0
769162 0.000000 0
769169 0.081830 1
769176 0.000000 0
769184 0.000000 0
769191 0.069540 1
769199 0.000000 0
769206 0.000000 0
769214 0.074830 1
769220 0.000000 0
769228 0.000000 0
769235 0.042420 1
769244 0.000000 0
769252 0.000000 0
769259 0.047670 1
769265 0.000000 0
769272 0.000000 0
769280 0.043320 1
769289 0.000000 0
769296 0.000000 0
769304 0.047840 1
769310 0.000000 0
769318 0.000000 0
769325 0.050320 1
769334 0.000000 0
769342 0.000000 0
769349 0.059360 1
769355 0.000000 0
769362 0.000000 0
769370 0.050170 1
769379 0.000000 0
769386 0.000000 0
769394 0.045210 1
769400 0.000000 0
769408 0.000000 0
769415 0.054120 1
769424 0.000000 0
769432 0.000000 0
769439 0.057010 1
769445 0.000000 0
769452 0.000000 0
769460 0.053560 1
769469 0.000000 0
769476 0.000000 0
769484 0.060880 1
769490 0.000000 0
769498 0.000000 0
769505 0.043490 1
769514 0.000000 0
769522 0.000000 0
769529 0.055510 1
769535 0.000000 0
769542 0.000000 0
769550 0.054690 1
769558 0.000000 0
769566 0.000000 0
769573 0.040410 1
769579 0.000000 0
769586 0.000000 0
769594 0.037460 1
769603 0.000000 0
769610 0.000000 0
769618 0.034930 1
769625 0.000000 0
769632 0.000000 0
769640 0.033140 1
769649 0.000000 0
769656 0.000000 0
769664 0.032440 1
769669 0.000000 0
769676 0.000000 0
769684 0.030240 1
769694 0.000000 0
769702 0.000000 0
769709 0.034270 1
769715 0.000000 0
769722 0.000000 0
769730 0.039830 1
769739 0.000000 0
769746 0.000000 0
769754 0.042600 1
769760 0.000000 0
769768 0.000000 0
769775 0.060880 1
769783 0.000000 0
769790 0.000000 0
769798 0.063340 1
769805 0.000000 0
769812 0.000000 0
769820 0.037050 1
769828 0.000000 0
769836 0.000000 0
769843 0.042250 1
769849 0.000000 0
769856 0.000000 0
769864 0.037460 1
769873 0.000000 0
769880 0.000000 0
769888 0.039640 1
769894 0.000000 0
769902 0.000000 0
769909 0.045380 1
769918 0.000000 0
769926 0.000000 0
769933 0.043140 1
769939 0.000000 0
769946 0.000000 0
769954 0.046710 1
769963 0.000000 0
769970 0.000000 0
769978 0.050780 1
769984 0.000000 0
769992 0.000000 0
769999 0.046540 1
770008 0.000000 0
770016 0.000000 0
770023 0.046540 1
770029 0.000000 0
770036 0.000000 0
770044 0.044710 1
770053 0.000000 0
770060 0.000000 0
770068 0.054960 1
770074 0.000000 0
770082 0.000000 0
770089 0.052550 1
770098 0.000000 0
770106 0.000000 0
770113 0.050630 1
770119 0.000000 0
770126 0.000000 0
770134 0.042600 1
770143 0.000000 0
770150 0.000000 0
770158 0.055920 1
770164 0.000000 0
770172 0.000000 0
770179 0.043320 1
770188 0.000000 0
770196 0.000000 0
770203 0.054690 1
770209 0.000000 0
770216 0.000000 0
770224 0.050020 1
770233 0.000000 0
770240 0.000000 0
770248 0.051820 1
770255 0.000000 0
770262 0.000000 0
770270 0.051380 1
770279 0.000000 0
770286 0.000000 0
770294 0.050780 1
770301 0.000000 0
770308 0.000000 0
770316 0.052400 1
770323 0.000000 0
770330 0.000000 0
770338 0.049710 1
770345 0.000000 0
770352 0.000000 0
770360 0.052260 1
770368 0.000000 0
770376 0.000000 0
770383 0.057660 1
770390 0.000000 0
770398 0.000000 0
770405 0.046710 1
770414 0.000000 0
770422 0.000000 0
770429 0.055790 1
770435 0.000000 0
770442 0.000000 0
770450 0.048460 1
770458 0.000000 0
770466 0.000000 0
770473 0.056460 1
770480 0.000000 0
770488 0.000000 0
770495 0.047200 1
770504 0.000000 0
770512 0.000000 0
770519 0.045720 1
770525 0.000000 0
770532 0.000000 0
770540 0.051070 1
770549 0.000000 0
770556 0.000000 0
770564 0.056340 1
770570 0.000000 0
770578 0.000000 0
770585 0.053410 1
770594 0.000000 0
770602 0.000000 0
770609 0.050780 1
770615 0.000000 0
770622 0.000000 0
770630 0.054690 1
770639 0.000000 0
770646 0.000000 0
770654 0.058720 1
770660 0.000000 0
770668 0.000000 0
770675 0.055790 1
770684 0.000000 0
770692 0.000000 0
770699 0.047350 1
770705 0.000000 0
770712 0.000000 0
770720 0.041340 1
770729 0.000000 0
770736 0.000000 0
770744 0.040770 1
770750 0.000000 0
770758 0.000000 0
770765 0.044010 1
770773 0.000000 0
770780 0.000000 0
770788 0.045040 1
770794 0.000000 0
770802 0.000000 0
770809 0.052550 1
770818 0.000000 0
770826 0.000000 0
770833 0.050020 1
770839 0.000000 0
770846 0.000000 0
770854 0.046370 1
770863 0.000000 0
770870 0.000000 0
770878 0.055510 1
770884 0.000000 0
770892 0.000000 0
770899 0.062500 1
770908 0.000000 0
770916 0.000000 0
770923 0.053970 1
770929 0.000000 0
770936 0.000000 0
770944 0.047030 1
770953 0.000000 0
770960 0.000000 0
770968 0.035370 1
770974 0.000000 0
770982 0.000000 0
770989 0.047670 1
770998 0.000000 0
771006 0.000000 0
771013 0.061510 1
771019 0.000000 0
771026 0.000000 0
771034 0.057800 1
771043 0.000000 0
771050 0.000000 0
771058 0.053700 1
771064 0.000000 0
771072 0.000000 0
771079 0.049260 1
771088 0.000000 0
771096 0.000000 0
771103 0.061140 1
771109 0.000000 0
771116 0.000000 0
771124 0.070190 1
771134 0.000000 0
771142 0.000000 0
771149 0.073790 1
771156 0.000000 0
771164 0.000000 0
771171 0.055240 1
771179 0.000000 0
771186 0.000000 0
771194 0.050320 1
771199 0.000000 0
771206 0.000000 0
771214 0.050630 1
771224 0.000000 0
771232 0.000000 0
771239 0.056870 1
771245 0.000000 0
771252 0.000000 0
771260 0.062120 1
771269 0.000000 0
771276 0.000000 0
771284 0.058200 1
771290 0.000000 0
771298 0.000000 0
771305 0.052400 1
771314 0.000000 0
771322 0.000000 0
771329 0.061010 1
771335 0.000000 0
771342 0.000000 0
771350 0.052110 1
771358 0.000000 0
771366 0.000000 0
771373 0.062240 1
771380 0.000000 0
771388 0.000000 0
771395 0.073380 1
771404 0.000000 0
771412 0.000000 0
771419 0.057270 1
771425 0.000000 0
771432 0.000000 0
771440 0.046050 1
771449 0.000000 0
771456 0.000000 0
771464 0.045040 1
771469 0.000000 0
771476 0.000000 0
771484 0.054830 1
771494 0.000000 0
771502 0.000000 0
771509 0.045880 1
771515 0.000000 0
771522 0.000000 0
771530 0.055510 1
771539 0.000000 0
771546 0.000000 0
771554 0.050780 1
771560 0.000000 0
771568 0.000000 0
771575 0.064530 1
771583 0.000000 0
771590 0.000000 0
771598 0.071810 1
771604 0.000000 0
771612 0.000000 0
771619 0.066970 1
771628 0.000000 0
771636 0.000000 0
771643 0.063220 1
771648 0.000000 0
771656 0.000000 0
771663 0.060260 1
771673 0.000000 0
771680 0.000000 0
771688 0.046220 1
771694 0.000000 0
771702 0.000000 0
771709 0.044880 1
771718 0.000000 0
771726 0.000000 0
771733 0.045720 1
771739 0.000000 0
771746 0.000000 0
771754 0.053830 1
771763 0.000000 0
771770 0.000000 0
771778 0.055510 1
771784 0.000000 0
771792 0.000000 0
771799 0.054830 1
771808 0.000000 0
771816 0.000000 0
771823 0.046370 1
771829 0.000000 0
771836 0.000000 0
771844 0.047520 1
771853 0.000000 0
771860 0.000000 0
771868 0.061510 1
771874 0.000000 0
771882 0.000000 0
771889 0.058060 1
771899 0.000000 0
771906 0.000000 0
771914 0.061880 1
771921 0.000000 0
771928 0.000000 0
771936 0.050020 1
771943 0.000000 0
771950 0.000000 0
771958 0.049560 1
771966 0.000000 0
771974 0.000000 0
771981 0.070530 1
771989 0.000000 0
771996 0.000000 0
772004 0.067080 1
772009 0.000000 0
772016 0.000000 0
772024 0.058590 1
772034 0.000000 0
772042 0.000000 0
772049 0.056730 1
772055 0.000000 0
772062 0.000000 0
772070 0.067870 1
772079 0.000000 0
772086 0.000000 0
772094 0.050630 1
772100 0.000000 0
772108 0.000000 0
772115 0.052840 1
772124 0.000000 0
772132 0.000000 0
772139 0.052840 1
772145 0.000000 0
772152 0.000000 0
772160 0.061880 1
772169 0.000000 0
772176 0.000000 0
772184 0.059240 1
772190 0.000000 0
772198 0.000000 0
772205 0.050780 1
772214 0.000000 0
772222 0.000000 0
772229 0.050480 1
772235 0.000000 0
772242 0.000000 0
772250 0.050170 1
772259 0.000000 0
772266 0.000000 0
772274 0.049560 1
772280 0.000000 0
772288 0.000000 0
772295 0.055790 1
772303 0.000000 0
772310 0.000000 0
772318 0.052690 1
772324 0.000000 0
772332 0.000000 0
772339 0.055100 1
772348 0.000000 0
772356 0.000000 0
772363 0.061510 1
772369 0.000000 0
772376 0.000000 0
772384 0.048940 1
772393 0.000000 0
772400 0.000000 0
772408 0.058460 1
772414 0.000000 0
772422 0.000000 0
772429 0.067430 1
772438 0.000000 0
772446 0.000000 0
772453 0.061390 1
772459 0.000000 0
772466 0.000000 0
772474 0.067200 1
772483 0.000000 0
772490 0.000000 0
772498 0.041700 1
772504 0.000000 0
772512 0.000000 0
772519 0.062120 1
772528 0.000000 0
772536 0.000000 0
772543 0.079760 1
772549 0.000000 0
772556 0.000000 0
772564 0.066740 1
772573 0.000000 0
772580 0.000000 0
772588 0.052110 1
772594 0.000000 0
772602 0.000000 0
772609 0.041340 1
772618 0.000000 0
772626 0.000000 0
772633 0.052980 1
772639 0.000000 0
772646 0.000000 0
772654 0.052400 1
772664 0.000000 0
772672 0.000000 0
772679 0.054830 1
772686 0.000000 0
772694 0.000000 0
772701 0.059620 1
772709 0.000000 0
772716 0.000000 0
772724 0.072450 1
772729 0.000000 0
772736 0.000000 0
772744 0.063580 1
772754 0.000000 0
772762 0.000000 0
772769 0.045550 1
772775 0.000000 0
772782 0.000000 0
772790 0.047990 1
772799 0.000000 0
772806 0.000000 0
772814 0.060500 1
772820 0.000000 0
772828 0.000000 0
772835 0.063580 1
772844 0.000000 0
772852 0.000000 0
772859 0.060760 1
772865 0.000000 0
772872 0.000000 0
772880 0.051070 1
772889 0.000000 0
772896 0.000000 0
772904 0.048310 1
772910 0.000000 0
772918 0.000000 0
772925 0.049560 1
772934 0.000000 0
772942 0.000000 0
772949 0.064180 1
772955 0.000000 0
772962 0.000000 0
772970 0.056600 1
772979 0.000000 0
772986 0.000000 0
772994 0.085040 1
772999 0.000000 0
773006 0.000000 0
773014 0.077040 1
773024 0.000000 0
773032 0.000000 0
773039 0.055510 1
773045 0.000000 0
773052 0.000000 0
773060 0.033830 1
773069 0.000000 0
773076 0.000000 0
773084 0.052980 1
773090 0.000000 0
773098 0.000000 0
773105 0.042970 1
773114 0.000000 0
773122 0.000000 0
773129 0.042790 1
773135 0.000000 0
773142 0.000000 0
773150 0.031480 1
773158 0.000000 0
773166 0.000000 0
773173 0.047350 1
773179 0.000000 0
773186 0.000000 0
773194 0.036640 1
773203 0.000000 0
773210 0.000000 0
773218 0.052400 1
773224 0.000000 0
773232 0.000000 0
773239 0.047200 1
773248 0.000000 0
773256 0.000000 0
773263 0.052110 1
773269 0.000000 0
773276 0.000000 0
773284 0.053830 1
773293 0.000000 0
773300 0.000000 0
773308 0.062500 1
773314 0.000000 0
773322 0.000000 0
773329 0.064530 1
773338 0.000000 0
773346 0.000000 0
773353 0.058460 1
773359 0.000000 0
773366 0.000000 0
773374 0.053410 1
773383 0.000000 0
773390 0.000000 0
773398 0.040590 1
773404 0.000000 0
773412 0.000000 0
773419 0.041340 1
773428 0.000000 0
773436 0.000000 0
773443 0.050920 1
773449 0.000000 0
773456 0.000000 0
773464 0.054830 1
773473 0.000000 0
773480 0.000000 0
773488 0.051510 1
773494 0.000000 0
773502 0.000000 0
773509 0.058590 1
773518 0.000000 0
773526 0.000000 0
773533 0.057940 1
773539 0.000000 0
773546 0.000000 0
773554 0.057800 1
773564 0.000000 0
773572 0.000000 0
773579 0.046050 1
773585 0.000000 0
773592 0.000000 0
773600 0.036640 1
773609 0.000000 0
773616 0.000000 0
773624 0.041340 1
773631 0.000000 0
773638 0.000000 0
773646 0.041150 1
773654 0.000000 0
773662 0.000000 0
773669 0.052260 1
773676 0.000000 0
773684 0.000000 0
773691 0.048630 1
773699 0.000000 0
773706 0.000000 0
773714 0.030000 1
773720 0.000000 0
773728 0.000000 0
773735 0.032440 1
773744 0.000000 0
773752 0.000000 0
773759 0.045210 1
773765 0.000000 0
773772 0.000000 0
773780 0.038860 1
773789 0.000000 0
773796 0.000000 0
773804 0.055790 1
773810 0.000000 0
773818 0.000000 0
773825 0.053830 1
773834 0.000000 0
773842 0.000000 0
773849 0.041520 1
773855 0.000000 0
773862 0.000000 0
773870 0.044190 1
773879 0.000000 0
773886 0.000000 0
773894 0.055920 1
773900 0.000000 0
773908 0.000000 0
773915 0.050020 1
773924 0.000000 0
773932 0.000000 0
773939 0.047990 1
773945 0.000000 0
773952 0.000000 0
773960 0.041700 1
773968 0.000000 0
773976 0.000000 0
773983 0.043490 1
773989 0.000000 0
773996 0.000000 0
774004 0.050170 1
774013 0.000000 0
774020 0.000000 0
774028 0.051820 1
774034 0.000000 0
774042 0.000000 0
774049 0.054400 1
774058 0.000000 0
774066 0.000000 0
774073 0.071490 1
774079 0.000000 0
774086 0.000000 0
774094 0.090180 1
774103 0.000000 0
774110 0.000000 0
774118 0.093830 1
774124 0.000000 0
774132 0.000000 0
774139 0.081740 1
774148 0.000000 0
774156 0.000000 0
774163 0.075640 1
774169 0.000000 0
774176 0.000000 0
774184 0.050630 1
774193 0.000000 0
774200 0.000000 0
774208 0.076540 1
774214 0.000000 0
774222 0.000000 0
774229 0.043840 1
774238 0.000000 0
774246 0.000000 0
774253 0.057010 1
774259 0.000000 0
774266 0.000000 0
774274 0.043490 1
774283 0.000000 0
774290 0.000000 0
774298 0.052110 1
774304 0.000000 0
774312 0.000000 0
774319 0.065000 1
774328 0.000000 0
774336 0.000000 0
774343 0.062730 1
774349 0.000000 0
774356 0.000000 0
774364 0.072130 1
774373 0.000000 0
774380 0.000000 0
774388 0.059750 1
774394 0.000000 0
774402 0.000000 0
774409 0.060000 1
774418 0.000000 0
774426 0.000000 0
774433 0.055920 1
774439 0.000000 0
774446 0.000000 0
774454 0.057130 1
774464 0.000000 0
774472 0.000000 0
774479 0.047990 1
774485 0.000000 0
774492 0.000000 0
774500 0.053970 1
774509 0.000000 0
774516 0.000000 0
774524 0.051670 1
774530 0.000000 0
774538 0.000000 0
774545 0.063220 1
774554 0.000000 0
774562 0.000000 0
774569 0.064420 1
774576 0.000000 0
774584 0.000000 0
774591 0.057400 1
774599 0.000000 0
774606 0.000000 0
774614 0.060000 1
774620 0.000000 0
774628 0.000000 0
774635 0.048940 1
774643 0.000000 0
774650 0.000000 0
774658 0.052980 1
774664 0.000000 0
774672 0.000000 0
774679 0.040210 1
774689 0.000000 0
774696 0.000000 0
774704 0.033830 1
774710 0.000000 0
774718 0.000000 0
774725 0.034270 1
774734 0.000000 0
774742 0.000000 0
774749 0.025910 1
774755 0.000000 0
774762 0.000000 0
774770 0.038070 1
774779 0.000000 0
774786 0.000000 0
774794 0.025010 1
774800 0.000000 0
774808 0.000000 0
774815 0.036640 1
774824 0.000000 0
774832 0.000000 0
774839 0.039640 1
774845 0.000000 0
774852 0.000000 0
774860 0.041340 1
774869 0.000000 0
774876 0.000000 0
774884 0.050920 1
774890 0.000000 0
774898 0.000000 0
774905 0.049410 1
774914 0.000000 0
774922 0.000000 0
774929 0.049710 1
774935 0.000000 0
774942 0.000000 0
774950 0.046710 1
774959 0.000000 0
774966 0.000000 0
774974 0.043140 1
774980 0.000000 0
774988 0.000000 0
774995 0.041520 1
775004 0.000000 0
775012 0.000000 0
775019 0.058060 1
775024 0.000000 0
775032 0.000000 0
775039 0.070850 1
775049 0.000000 0
775056 0.000000 0
775064 0.058590 1
775069 0.000000 0
775076 0.000000 0
775084 0.052550 1
775094 0.000000 0
775102 0.000000 0
775109 0.066290 1
775115 0.000000 0
775122 0.000000 0
775130 0.053700 1
775138 0.000000 0
775146 0.000000 0
775153 0.047520 1
775159 0.000000 0
775166 0.000000 0
775174 0.045720 1
775183 0.000000 0
775190 0.000000 0
775198 0.046710 1
775204 0.000000 0
775212 0.000000 0
775219 0.045210 1
775228 0.000000 0
775236 0.000000 0
775243 0.043670 1
775249 0.000000 0
775256 0.000000 0
775264 0.050170 1
775273 0.000000 0
775280 0.000000 0
775288 0.059880 1
775294 0.000000 0
775302 0.000000 0
775309 0.066060 1
775318 0.000000 0
775326 0.000000 0
775333 0.076040 1
775339 0.000000 0
775346 0.000000 0
775354 0.067660 1
775363 0.000000 0
775370 0.000000 0
775378 0.061750 1
775384 0.000000 0
775392 0.000000 0
775399 0.054960 1
775408 0.000000 0
775416 0.000000 0
775423 0.032670 1
775429 0.000000 0
775436 0.000000 0
775444 0.030500 1
775453 0.000000 0
775460 0.000000 0
775468 0.051960 1
775474 0.000000 0
775482 0.000000 0
775489 0.036640 1
775498 0.000000 0
775506 0.000000 0
775513 0.047200 1
775519 0.000000 0
775526 0.000000 0
775534 0.040770 1
775543 0.000000 0
775550 0.000000 0
775558 0.038470 1
775564 0.000000 0
775572 0.000000 0
775579 0.056340 1
775588 0.000000 0
775596 0.000000 0
775603 0.051820 1
775609 0.000000 0
775616 0.000000 0
775624 0.042790 1
775633 0.000000 0
775640 0.000000 0
775648 0.037660 1
775656 0.000000 0
775664 0.000000 0
775671 0.041520 1
775679 0.000000 0
775686 0.000000 0
775694 0.048310 1
775700 0.000000 0
775708 0.000000 0
775715 0.046880 1
775724 0.000000 0
775732 0.000000 0
775739 0.053270 1
775745 0.000000 0
775752 0.000000 0
775760 0.067430 1
775769 0.000000 0
775776 0.000000 0
775784 0.050780 1
775790 0.000000 0
775798 0.000000 0
775805 0.047350 1
775814 0.000000 0
775822 0.000000 0
775829 0.039060 1
775835 0.000000 0
775842 0.000000 0
775850 0.049260 1
775859 0.000000 0
775866 0.000000 0
775874 0.045550 1
775880 0.000000 0
775888 0.000000 0
775895 0.044010 1
775904 0.000000 0
775912 0.000000 0
775919 0.049560 1
775925 0.000000 0
775932 0.000000 0
775940 0.047990 1
775948 0.000000 0
775956 0.000000 0
775963 0.041890 1
775970 0.000000 0
775978 0.000000 0
775985 0.053830 1
775994 0.000000 0
776002 0.000000 0
776009 0.053270 1
776015 0.000000 0
776022 0.000000 0
776030 0.050630 1
776039 0.000000 0
776046 0.000000 0
776054 0.050020 1
776060 0.000000 0
776068 0.000000 0
776075 0.072650 1
776084 0.000000 0
776092 0.000000 0
776099 0.065130 1
776105 0.000000 0
776112 0.000000 0
776120 0.061010 1
776129 0.000000 0
776136 0.000000 0
776144 0.048780 1
776150 0.000000 0
776158 0.000000 0
776165 0.055240 1
776174 0.000000 0
776182 0.000000 0
776189 0.055100 1
776194 0.000000 0
776202 0.000000 0
776209 0.050320 1
776218 0.000000 0
776226 0.000000 0
776233 0.058720 1
776239 0.000000 0
776246 0.000000 0
776254 0.045040 1
776263 0.000000 0
776270 0.000000 0
776278 0.040770 1
776284 0.000000 0
776292 0.000000 0
776299 0.041700 1
776308 0.000000 0
776316 0.000000 0
776323 0.045720 1
776329 0.000000 0
776336 0.000000 0
776344 0.060000 1
776353 0.000000 0
776360 0.000000 0
776368 0.056460 1
776374 0.000000 0
776382 0.000000 0
776389 0.043840 1
776398 0.000000 0
776406 0.000000 0
776413 0.039640 1
776419 0.000000 0
776426 0.000000 0
776434 0.050780 1
776443 0.000000 0
776450 0.000000 0
776458 0.042070 1
776464 0.000000 0
776472 0.000000 0
776479 0.039060 1
776488 0.000000 0
776496 0.000000 0
776503 0.054540 1
776509 0.000000 0
776516 0.000000 0
776524 0.041700 1
776533 0.000000 0
776540 0.000000 0
776548 0.053700 1
776554 0.000000 0
776562 0.000000 0
776569 0.061510 1
776578 0.000000 0
776586 0.000000 0
776593 0.049090 1
776601 0.000000 0
776608 0.000000 0
776616 0.046220 1
776624 0.000000 0
776632 0.000000 0
776639 0.050920 1
776646 0.000000 0
776654 0.000000 0
776661 0.054540 1
776668 0.000000 0
776676 0.000000 0
776683 0.052110 1
776691 0.000000 0
776698 0.000000 0
776706 0.055240 1
776713 0.000000 0
776720 0.000000 0
776728 0.048160 1
776735 0.000000 0
776742 0.000000 0
776750 0.049090 1
776759 0.000000 0
776766 0.000000 0
776774 0.058720 1
776780 0.000000 0
776788 0.000000 0
776795 0.067540 1
776804 0.000000 0
776812 0.000000 0
776819 0.050020 1
776825 0.000000 0
776832 0.000000 0
776840 0.045550 1
776848 0.000000 0
776856 0.000000 0
776863 0.050780 1
776870 0.000000 0
776878 0.000000 0
776885 0.058720 1
776894 0.000000 0
776902 0.000000 0
776909 0.065130 1
776915 0.000000 0
776922 0.000000 0
776930 0.057540 1
776939 0.000000 0
776946 0.000000 0
776954 0.063710 1
776960 0.000000 0
776968 0.000000 0
776975 0.057660 1
776984 0.000000 0
776992 0.000000 0
776999 0.049260 1
777005 0.000000 0
777012 0.000000 0
777020 0.047350 1
777029 0.000000 0
777036 0.000000 0
777044 0.042420 1
777050 0.000000 0
777058 0.000000 0
777065 0.067770 1
777074 0.000000 0
777082 0.000000 0
777089 0.064180 1
777094 0.000000 0
777102 0.000000 0
777109 0.051070 1
777118 0.000000 0
777126 0.000000 0
777133 0.052690 1
777139 0.000000 0
777146 0.000000 0
777154 0.054690 1
777163 0.000000 0
777170 0.000000 0
777178 0.055370 1
777184 0.000000 0
777192 0.000000 0
777199 0.077330 1
777208 0.000000 0
777216 0.000000 0
777223 0.064420 1
777229 0.000000 0
777236 0.000000 0
777244 0.066410 1
777253 0.000000 0
777260 0.000000 0
777268 0.049410 1
777274 0.000000 0
777282 0.000000 0
777289 0.053560 1
777298 0.000000 0
777306 0.000000 0
777313 0.044530 1
777319 0.000000 0
777326 0.000000 0
777334 0.052110 1
777343 0.000000 0
777350 0.000000 0
777358 0.054690 1
777364 0.000000 0
777372 0.000000 0
777379 0.043840 1
777388 0.000000 0
777396 0.000000 0
777403 0.038470 1
777409 0.000000 0
777416 0.000000 0
777424 0.041520 1
777433 0.000000 0
777440 0.000000 0
777448 0.057660 1
777454 0.000000 0
777462 0.000000 0
777469 0.057800 1
777478 0.000000 0
777486 0.000000 0
777493 0.047990 1
777499 0.000000 0
777506 0.000000 0
777514 0.057130 1
777523 0.000000 0
777530 0.000000 0
777538 0.058200 1
777544 0.000000 0
777552 0.000000 0
777559 0.053120 1
777568 0.000000 0
777576 0.000000 0
777583 0.044190 1
777590 0.000000 0
777598 0.000000 0
777605 0.065130 1
777614 0.000000 0
777622 0.000000 0
777629 0.062850 1
777636 0.000000 0
777644 0.000000 0
777651 0.066870 1
777659 0.000000 0
777666 0.000000 0
777674 0.082220 1
777681 0.000000 0
777688 0.000000 0
777696 0.075640 1
777704 0.000000 0
777712 0.000000 0
777719 0.054540 1
777725 0.000000 0
777732 0.000000 0
777740 0.049710 1
777749 0.000000 0
777756 0.000000 0
777764 0.045720 1
777770 0.000000 0
777778 0.000000 0
777785 0.077130 1
777794 0.000000 0
777802 0.000000 0
777809 0.099350 1
777815 0.000000 0
777822 0.000000 0
777830 0.095750 1
777839 0.000000 0
777846 0.000000 0
777854 0.049260 1
777860 0.000000 0
777868 0.000000 0
777875 0.038670 1
777884 0.000000 0
777892 0.000000 0
777899 0.052260 1
777905 0.000000 0
777912 0.000000 0
777920 0.057130 1
777929 0.000000 0
777936 0.000000 0
777944 0.058200 1
777950 0.000000 0
777958 0.000000 0
777965 0.062500 1
777974 0.000000 0
777982 0.000000 0
777989 0.068330 1
777995 0.000000 0
778002 0.000000 0
778010 0.061750 1
778019 0.000000 0
778026 0.000000 0
778034 0.062610 1
778040 0.000000 0
778048 0.000000 0
778055 0.052840 1
778064 0.000000 0
778072 0.000000 0
778079 0.047200 1
778085 0.000000 0
778092 0.000000 0
778100 0.037050 1
778109 0.000000 0
778116 0.000000 0
778124 0.038070 1
778129 0.000000 0
778136 0.000000 0
778144 0.055370 1
778153 0.000000 0
778160 0.000000 0
778168 0.059100 1
778174 0.000000 0
778182 0.000000 0
778189 0.048940 1
778198 0.000000 0
778206 0.000000 0
778213 0.044010 1
778219 0.000000 0
778226 0.000000 0
778234 0.048630 1
778243 0.000000 0
778250 0.000000 0
778258 0.043840 1
778264 0.000000 0
778272 0.000000 0
778279 0.054690 1
778288 0.000000 0
778296 0.000000 0
778303 0.058060 1
778309 0.000000 0
778316 0.000000 0
778324 0.058320 1
778333 0.000000 0
778340 0.000000 0
778348 0.056200 1
778354 0.000000 0
778362 0.000000 0
778369 0.033370 1
778378 0.000000 0
778386 0.000000 0
778393 0.039250 1
778399 0.000000 0
778406 0.000000 0
778414 0.055240 1
778423 0.000000 0
778430 0.000000 0
778438 0.045880 1
778446 0.000000 0
778454 0.000000 0
778461 0.044880 1
778469 0.000000 0
778476 0.000000 0
778484 0.053410 1
778489 0.000000 0
778496 0.000000 0
778504 0.052110 1
778514 0.000000 0
778522 0.000000 0
778529 0.068540 1
778535 0.000000 0
778542 0.000000 0
778550 0.071170 1
778559 0.000000 0
778566 0.000000 0
778574 0.093340 1
778580 0.000000 0
778588 0.000000 0
778595 0.083130 1
778604 0.000000 0
778612 0.000000 0
778619 0.069660 1
778625 0.000000 0
778632 0.000000 0
778640 0.066970 1
778648 0.000000 0
778656 0.000000 0
778663 0.069110 1
778670 0.000000 0
778678 0.000000 0
778685 0.069320 1
778694 0.000000 0
778702 0.000000 0
778709 0.050480 1
778715 0.000000 0
778722 0.000000 0
778730 0.070950 1
778739 0.000000 0
778746 0.000000 0
778754 0.066290 1
778760 0.000000 0
778768 0.000000 0
778775 0.060380 1
778784 0.000000 0
778792 0.000000 0
778799 0.057010 1
778805 0.000000 0
778812 0.000000 0
778820 0.049410 1
778829 0.000000 0
778836 0.000000 0
778844 0.041890 1
778850 0.000000 0
778858 0.000000 0
778865 0.040210 1
778874 0.000000 0
778882 0.000000 0
778889 0.044880 1
778895 0.000000 0
778902 0.000000 0
778910 0.032910 1
778918 0.000000 0
778926 0.000000 0
778933 0.041890 1
778939 0.000000 0
778946 0.000000 0
778954 0.046540 1
778963 0.000000 0
778970 0.000000 0
778978 0.040590 1
778984 0.000000 0
778992 0.000000 0
778999 0.039250 1
779008 0.000000 0
779016 0.000000 0
779023 0.041700 1
779029 0.000000 0
779036 0.000000 0
779044 0.046710 1
779053 0.000000 0
779060 0.000000 0
779068 0.043140 1
779074 0.000000 0
779082 0.000000 0
779089 0.044530 1
779098 0.000000 0
779106 0.000000 0
779113 0.055240 1
779119 0.000000 0
779126 0.000000 0
779134 0.053830 1
779143 0.000000 0
779150 0.000000 0
779158 0.050480 1
779164 0.000000 0
779172 0.000000 0
779179 0.040590 1
779188 0.000000 0
779196 0.000000 0
779203 0.046370 1
779211 0.000000 0
779218 0.000000 0
779226 0.052840 1
779234 0.000000 0
779242 0.000000 0
779249 0.050630 1
779256 0.000000 0
779264 0.000000 0
779271 0.045880 1
779278 0.000000 0
779286 0.000000 0
779293 0.050170 1
779300 0.000000 0
779308 0.000000 0
779315 0.041150 1
779324 0.000000 0
779332 0.000000 0
779339 0.040590 1
779345 0.000000 0
779352 0.000000 0
779360 0.036640 1
779368 0.000000 0
779376 0.000000 0
779383 0.036220 1
779390 0.000000 0
779398 0.000000 0
779405 0.033370 1
779414 0.000000 0
779422 0.000000 0
779429 0.032440 1
779435 0.000000 0
779442 0.000000 0
779450 0.054120 1
779459 0.000000 0
779466 0.000000 0
779474 0.069320 1
779480 0.000000 0
779488 0.000000 0
779495 0.072860 1
779504 0.000000 0
779512 0.000000 0
779519 0.071270 1
779524 0.000000 0
779532 0.000000 0
779539 0.068100 1
779549 0.000000 0
779556 0.000000 0
779564 0.062850 1
779569 0.000000 0
779576 0.000000 0
779584 0.057660 1
779593 0.000000 0
779600 0.000000 0
779608 0.053410 1
779614 0.000000 0
779622 0.000000 0
779629 0.066060 1
779638 0.000000 0
779646 0.000000 0
779653 0.053970 1
779659 0.000000 0
779666 0.000000 0
779674 0.037050 1
779683 0.000000 0
779690 0.000000 0
779698 0.030500 1
779704 0.000000 0
779712 0.000000 0
779719 0.036640 1
779728 0.000000 0
779736 0.000000 0
779743 0.047990 1
779749 0.000000 0
779756 0.000000 0
779764 0.055920 1
779773 0.000000 0
779780 0.000000 0
779788 0.048160 1
779794 0.000000 0
779802 0.000000 0
779809 0.053120 1
779818 0.000000 0
779826 0.000000 0
779833 0.048460 1
779839 0.000000 0
779846 0.000000 0
779854 0.046540 1
779863 0.000000 0
779870 0.000000 0
779878 0.042970 1
779884 0.000000 0
779892 0.000000 0
779899 0.042420 1
779908 0.000000 0
779916 0.000000 0
779923 0.033600 1
779929 0.000000 0
779936 0.000000 0
779944 0.055790 1
779954 0.000000 0
779962 0.000000 0
779969 0.070950 1
779976 0.000000 0
779984 0.000000 0
779991 0.073080 1
779999 0.000000 0
780006 0.000000 0
780014 0.068540 1
780020 0.000000 0
780028 0.000000 0
780035 0.061390 1
780044 0.000000 0
780052 0.000000 0
780059 0.062360 1
780065 0.000000 0
780072 0.000000 0
780080 0.040590 1
780089 0.000000 0
780096 0.000000 0
780104 0.064530 1
780110 0.000000 0
780118 0.000000 0
780125 0.068440 1
780134 0.000000 0
780142 0.000000 0
780149 0.065350 1
780155 0.000000 0
780162 0.000000 0
780170 0.052110 1
780179 0.000000 0
780186 0.000000 0
780194 0.062240 1
780200 0.000000 0
780208 0.000000 0
780215 0.059100 1
780224 0.000000 0
780232 0.000000 0
780239 0.051220 1
780245 0.000000 0
780252 0.000000 0
780260 0.065480 1
780269 0.000000 0
780276 0.000000 0
780284 0.049260 1
780290 0.000000 0
780298 0.000000 0
780305 0.039440 1
780314 0.000000 0
780322 0.000000 0
780329 0.050780 1
780335 0.000000 0
780342 0.000000 0
780350 0.041700 1
780359 0.000000 0
780366 0.000000 0
780374 0.049410 1
780380 0.000000 0
780388 0.000000 0
780395 0.048310 1
780404 0.000000 0
780412 0.000000 0
780419 0.054540 1
780425 0.000000 0
780432 0.000000 0
780440 0.053410 1
780448 0.000000 0
780456 0.000000 0
780463 0.050020 1
780469 0.000000 0
780476 0.000000 0
780484 0.072020 1
780493 0.000000 0
780500 0.000000 0
780508 0.071600 1
780513 0.000000 0
780520 0.000000 0
780528 0.058720 1
780538 0.000000 0
780546 0.000000 0
780553 0.051820 1
780559 0.000000 0
780566 0.000000 0
780574 0.068210 1
780583 0.000000 0
780590 0.000000 0
780598 0.052550 1
780604 0.000000 0
780612 0.000000 0
780619 0.041150 1
780628 0.000000 0
780636 0.000000 0
780643 0.040590 1
780649 0.000000 0
780656 0.000000 0
780664 0.047200 1
780673 0.000000 0
780680 0.000000 0
780688 0.052400 1
780694 0.000000 0
780702 0.000000 0
780709 0.062970 1
780718 0.000000 0
780726 0.000000 0
780733 0.068210 1
780739 0.000000 0
780746 0.000000 0
780754 0.065130 1
780763 0.000000 0
780770 0.000000 0
780778 0.062240 1
780784 0.000000 0
780792 0.000000 0
780799 0.067870 1
780808 0.000000 0
780816 0.000000 0
780823 0.052690 1
780829 0.000000 0
780836 0.000000 0
780844 0.046050 1
780853 0.000000 0
780860 0.000000 0
780868 0.037660 1
780874 0.000000 0
780882 0.000000 0
780889 0.039830 1
780898 0.000000 0
780906 0.000000 0
780913 0.047670 1
780919 0.000000 0
780926 0.000000 0
780934 0.044530 1
780944 0.000000 0
780952 0.000000 0
780959 0.076340 1
780966 0.000000 0
780974 0.000000 0
780981 0.074110 1
780989 0.000000 0
780996 0.000000 0
781004 0.058590 1
781010 0.000000 0
781018 0.000000 0
781025 0.047030 1
781034 0.000000 0
781042 0.000000 0
781049 0.041700 1
781055 0.000000 0
781062 0.000000 0
781070 0.043320 1
781079 0.000000 0
781086 0.000000 0
781094 0.038070 1
781101 0.000000 0
781108 0.000000 0
781116 0.040960 1
781123 0.000000 0
781130 0.000000 0
781138 0.033370 1
781144 0.000000 0
781152 0.000000 0
781159 0.045550 1
781169 0.000000 0
781176 0.000000 0
781184 0.043670 1
781190 0.000000 0
781198 0.000000 0
781205 0.034490 1
781214 0.000000 0
781222 0.000000 0
781229 0.034930 1
781235 0.000000 0
781242 0.000000 0
781250 0.030240 1
781258 0.000000 0
781266 0.000000 0
781273 0.053970 1
781280 0.000000 0
781288 0.000000 0
781295 0.045380 1
781304 0.000000 0
781312 0.000000 0
781319 0.051070 1
781325 0.000000 0
781332 0.000000 0
781340 0.059240 1
781349 0.000000 0
781356 0.000000 0
781364 0.057660 1
781370 0.000000 0
781378 0.000000 0
781385 0.057130 1
781394 0.000000 0
781402 0.000000 0
781409 0.052400 1
781414 0.000000 0
781422 0.000000 0
781429 0.080700 1
781439 0.000000 0
781446 0.000000 0
781454 0.084670 1
781460 0.000000 0
781468 0.000000 0
781475 0.056340 1
781484 0.000000 0
781492 0.000000 0
781499 0.049870 1
781505 0.000000 0
781512 0.000000 0
781520 0.048940 1
781528 0.000000 0
781536 0.000000 0
781543 0.045380 1
781549 0.000000 0
781556 0.000000 0
781564 0.052690 1
781573 0.000000 0
781580 0.000000 0
781588 0.063830 1
781594 0.000000 0
781602 0.000000 0
781609 0.071920 1
781618 0.000000 0
781626 0.000000 0
781633 0.058200 1
781639 0.000000 0
781646 0.000000 0
781654 0.056060 1
781663 0.000000 0
781670 0.000000 0
781678 0.065580 1
781684 0.000000 0
781692 0.000000 0
781699 0.044710 1
781708 0.000000 0
781716 0.000000 0
781723 0.037260 1
781729 0.000000 0
781736 0.000000 0
781744 0.064770 1
781753 0.000000 0
781760 0.000000 0
781768 0.073590 1
781774 0.000000 0
781782 0.000000 0
781789 0.066160 1
781798 0.000000 0
781806 0.000000 0
781813 0.050630 1
781819 0.000000 0
781826 0.000000 0
781834 0.056730 1
781843 0.000000 0
781850 0.000000 0
781858 0.064530 1
781864 0.000000 0
781872 0.000000 0
781879 0.062120 1
781888 0.000000 0
781896 0.000000 0
781903 0.068670 1
781909 0.000000 0
781916 0.000000 0
781924 0.066870 1
781933 0.000000 0
781940 0.000000 0
781948 0.056340 1
781954 0.000000 0
781962 0.000000 0
781969 0.040590 1
781979 0.000000 0
781986 0.000000 0
781994 0.035800 1
782001 0.000000 0
782008 0.000000 0
782016 0.046220 1
782024 0.000000 0
782032 0.000000 0
782039 0.082120 1
782046 0.000000 0
782054 0.000000 0
782061 0.067660 1
782069 0.000000 0
782076 0.000000 0
782084 0.066160 1
782091 0.000000 0
782098 0.000000 0
782106 0.057270 1
782114 0.000000 0
782122 0.000000 0
782129 0.044360 1
782135 0.000000 0
782142 0.000000 0
782150 0.047990 1
782159 0.000000 0
782166 0.000000 0
782174 0.055100 1
782180 0.000000 0
782188 0.000000 0
782195 0.058720 1
782204 0.000000 0
782212 0.000000 0
782219 0.052690 1
782225 0.000000 0
782232 0.000000 0
782240 0.044880 1
782249 0.000000 0
782256 0.000000 0
782264 0.047200 1
782269 0.000000 0
782276 0.000000 0
782284 0.060500 1
782294 0.000000 0
782302 0.000000 0
782309 0.044360 1
782315 0.000000 0
782322 0.000000 0
782330 0.051820 1
782339 0.000000 0
782346 0.000000 0
782354 0.056460 1
782359 0.000000 0
782366 0.000000 0
782374 0.066640 1
782383 0.000000 0
782390 0.000000 0
782398 0.050480 1
782405 0.000000 0
782412 0.000000 0
782420 0.033830 1
782429 0.000000 0
782436 0.000000 0
782444 0.034270 1
782450 0.000000 0
782458 0.000000 0
782465 0.033600 1
782473 0.000000 0
782480 0.000000 0
782488 0.046370 1
782494 0.000000 0
782502 0.000000 0
782509 0.048780 1
782518 0.000000 0
782526 0.000000 0
782533 0.059750 1
782539 0.000000 0
782546 0.000000 0
782554 0.045210 1
782563 0.000000 0
782570 0.000000 0
782578 0.047520 1
782584 0.000000 0
782592 0.000000 0
782599 0.055100 1
782608 0.000000 0
782616 0.000000 0
782623 0.058850 1
782629 0.000000 0
782636 0.000000 0
782644 0.066640 1
782653 0.000000 0
782660 0.000000 0
782668 0.053270 1
782674 0.000000 0
782682 0.000000 0
782689 0.051960 1
782698 0.000000 0
782706 0.000000 0
782713 0.053410 1
782719 0.000000 0
782726 0.000000 0
782734 0.056600 1
782743 0.000000 0
782750 0.000000 0
782758 0.066640 1
782764 0.000000 0
782772 0.000000 0
782779 0.063460 1
782788 0.000000 0
782796 0.000000 0
782803 0.049260 1
782809 0.000000 0
782816 0.000000 0
782824 0.063220 1
782833 0.000000 0
782840 0.000000 0
782848 0.053410 1
782855 0.000000 0
782862 0.000000 0
782870 0.066060 1
782879 0.000000 0
782886 0.000000 0
782894 0.046880 1
782900 0.000000 0
782908 0.000000 0
782915 0.028960 1
782924 0.000000 0
782932 0.000000 0
782939 0.028960 1
782945 0.000000 0
782952 0.000000 0
782960 0.041150 1
782969 0.000000 0
782976 0.000000 0
782984 0.038860 1
782991 0.000000 0
782998 0.000000 0
783006 0.030750 1
783013 0.000000 0
783020 0.000000 0
783028 0.041890 1
783035 0.000000 0
783042 0.000000 0
783050 0.048460 1
783059 0.000000 0
783066 0.000000 0
783074 0.050320 1
783080 0.000000 0
783088 0.000000 0
783095 0.033140 1
783104 0.000000 0
783112 0.000000 0
783119 0.052980 1
783125 0.000000 0
783132 0.000000 0
783140 0.058460 1
783149 0.000000 0
783156 0.000000 0
783164 0.050780 1
783170 0.000000 0
783178 0.000000 0
783185 0.049260 1
783194 0.000000 0
783202 0.000000 0
783209 0.047840 1
783215 0.000000 0
783222 0.000000 0
783230 0.036010 1
783239 0.000000 0
783246 0.000000 0
783254 0.052550 1
783260 0.000000 0
783268 0.000000 0
783275 0.046710 1
783283 0.000000 0
783290 0.000000 0
783298 0.049710 1
783304 0.000000 0
783312 0.000000 0
783319 0.056730 1
783328 0.000000 0
783336 0.000000 0
783343 0.064060 1
783349 0.000000 0
783356 0.000000 0
783364 0.050170 1
783373 0.000000 0
783380 0.000000 0
783388 0.044710 1
783394 0.000000 0
783402 0.000000 0
783409 0.042600 1
783418 0.000000 0
783426 0.000000 0
783433 0.040590 1
783439 0.000000 0
783446 0.000000 0
783454 0.052400 1
783463 0.000000 0
783470 0.000000 0
783478 0.040210 1
783484 0.000000 0
783492 0.000000 0
783499 0.036220 1
783508 0.000000 0
783516 0.000000 0
783523 0.058320 1
783529 0.000000 0
783536 0.000000 0
783544 0.046220 1
783553 0.000000 0
783560 0.000000 0
783568 0.045550 1
783574 0.000000 0
783582 0.000000 0
783589 0.044530 1
783599 0.000000 0
783606 0.000000 0
783614 0.044530 1
783620 0.000000 0
783628 0.000000 0
783635 0.043140 1
783644 0.000000 0
783652 0.000000 0
783659 0.059620 1
783665 0.000000 0
783672 0.000000 0
783680 0.052400 1
783688 0.000000 0
783696 0.000000 0
783703 0.052110 1
783710 0.000000 0
783718 0.000000 0
783725 0.062360 1
783734 0.000000 0
783742 0.000000 0
783749 0.060140 1
783755 0.000000 0
783762 0.000000 0
783770 0.064060 1
783779 0.000000 0
783786 0.000000 0
783794 0.081090 1
783800 0.000000 0
783808 0.000000 0
783815 0.075030 1
783824 0.000000 0
783832 0.000000 0
783839 0.058590 1
783845 0.000000 0
783852 0.000000 0
783860 0.066290 1
783869 0.000000 0
783876 0.000000 0
783884 0.063710 1
783890 0.000000 0
783898 0.000000 0
783905 0.058720 1
783914 0.000000 0
783922 0.000000 0
783929 0.076540 1
783935 0.000000 0
783942 0.000000 0
783950 0.044360 1
783959 0.000000 0
783966 0.000000 0
783974 0.058320 1
783980 0.000000 0
783988 0.000000 0
783995 0.044190 1
784004 0.000000 0
784012 0.000000 0
784019 0.036640 1
784025 0.000000 0
784032 0.000000 0
784040 0.053120 1
784049 0.000000 0
784056 0.000000 0
784064 0.046370 1
784070 0.000000 0
784078 0.000000 0
784085 0.042970 1
784093 0.000000 0
784100 0.000000 0
784108 0.041520 1
784114 0.000000 0
784122 0.000000 0
784129 0.049560 1
784138 0.000000 0
784146 0.000000 0
784153 0.051220 1
784159 0.000000 0
784166 0.000000 0
784174 0.057010 1
784183 0.000000 0
784190 0.000000 0
784198 0.060380 1
784204 0.000000 0
784212 0.000000 0
784219 0.065830 1
784228 0.000000 0
784236 0.000000 0
784243 0.079380 1
784249 0.000000 0
784256 0.000000 0
784264 0.079090 1
784273 0.000000 0
784280 0.000000 0
784288 0.056200 1
784294 0.000000 0
784302 0.000000 0
784309 0.046540 1
784318 0.000000 0
784326 0.000000 0
784333 0.038070 1
784339 0.000000 0
784346 0.000000 0
784354 0.038270 1
784363 0.000000 0
784370 0.000000 0
784378 0.046880 1
784384 0.000000 0
784392 0.000000 0
784399 0.047670 1
784408 0.000000 0
784416 0.000000 0
784423 0.048780 1
784429 0.000000 0
784436 0.000000 0
784444 0.047520 1
784453 0.000000 0
784460 0.000000 0
784468 0.042070 1
784474 0.000000 0
784482 0.000000 0
784489 0.035800 1
784498 0.000000 0
784506 0.000000 0
784513 0.069110 1
784519 0.000000 0
784526 0.000000 0
784534 0.066290 1
784543 0.000000 0
784550 0.000000 0
784558 0.058850 1
784564 0.000000 0
784572 0.000000 0
784579 0.047990 1
784588 0.000000 0
784596 0.000000 0
784603 0.040960 1
784609 0.000000 0
784616 0.000000 0
784624 0.040020 1
784633 0.000000 0
784640 0.000000 0
784648 0.048940 1
784656 0.000000 0
784664 0.000000 0
784671 0.048940 1
784679 0.000000 0
784686 0.000000 0
784694 0.071810 1
784701 0.000000 0
784708 0.000000 0
784716 0.076040 1
784724 0.000000 0
784732 0.000000 0
784739 0.084140 1
784746 0.000000 0
784754 0.000000 0
784761 0.049870 1
784769 0.000000 0
784776 0.000000 0
784784 0.041340 1
784790 0.000000 0
784798 0.000000 0
784805 0.046540 1
784814 0.000000 0
784822 0.000000 0
784829 0.046540 1
784835 0.000000 0
784842 0.000000 0
784850 0.038860 1
784859 0.000000 0
784866 0.000000 0
784874 0.037870 1
784880 0.000000 0
784888 0.000000 0
784895 0.050630 1
784904 0.000000 0
784912 0.000000 0
784919 0.034270 1
784925 0.000000 0
784932 0.000000 0
784940 0.029480 1
784949 0.000000 0
784956 0.000000 0
784964 0.038470 1
784970 0.000000 0
784978 0.000000 0
784985 0.055240 1
784994 0.000000 0
785002 0.000000 0
785009 0.050920 1
785015 0.000000 0
785022 0.000000 0
785030 0.047200 1
785039 0.000000 0
785046 0.000000 0
785054 0.060260 1
785060 0.000000 0
785068 0.000000 0
785075 0.055920 1
785084 0.000000 0
785092 0.000000 0
785099 0.045210 1
785105 0.000000 0
785112 0.000000 0
785120 0.050920 1
785129 0.000000 0
785136 0.000000 0
785144 0.045720 1
785150 0.000000 0
785158 0.000000 0
785165 0.057540 1
785174 0.000000 0
785182 0.000000 0
785189 0.076230 1
785195 0.000000 0
785202 0.000000 0
785210 0.069660 1
785219 0.000000 0
785226 0.000000 0
785234 0.048780 1
785240 0.000000 0
785248 0.000000 0
785255 0.032910 1
785264 0.000000 0
785272 0.000000 0
785279 0.044880 1
785285 0.000000 0
785292 0.000000 0
785300 0.039830 1
785308 0.000000 0
785316 0.000000 0
785323 0.041890 1
785329 0.000000 0
785336 0.000000 0
785344 0.038270 1
785353 0.000000 0
785360 0.000000 0
785368 0.032670 1
785374 0.000000 0
785382 0.000000 0
785389 0.034490 1
785398 0.000000 0
785406 0.000000 0
785413 0.044710 1
785419 0.000000 0
785426 0.000000 0
785434 0.030500 1
785443 0.000000 0
785450 0.000000 0
785458 0.036010 1
785464 0.000000 0
785472 0.000000 0
785479 0.040960 1
785488 0.000000 0
785496 0.000000 0
785503 0.053830 1
785509 0.000000 0
785516 0.000000 0
785524 0.051380 1
785533 0.000000 0
785540 0.000000 0
785548 0.049090 1
785554 0.000000 0
785562 0.000000 0
785569 0.042420 1
785578 0.000000 0
785586 0.000000 0
785593 0.048630 1
785599 0.000000 0
785606 0.000000 0
785614 0.052260 1
785624 0.000000 0
785632 0.000000 0
785639 0.056460 1
785646 0.000000 0
785654 0.000000 0
785661 0.084760 1
785669 0.000000 0
785676 0.000000 0
785684 0.079090 1
785691 0.000000 0
785698 0.000000 0
785706 0.053270 1
785713 0.000000 0
785720 0.000000 0
785728 0.041890 1
785736 0.000000 0
785744 0.000000 0
785751 0.044360 1
785758 0.000000 0
785766 0.000000 0
785773 0.053270 1
785780 0.000000 0
785788 0.000000 0
785795 0.037460 1
785804 0.000000 0
785812 0.000000 0
785819 0.052400 1
785825 0.000000 0
785832 0.000000 0
785840 0.046540 1
785849 0.000000 0
785856 0.000000 0
785864 0.035580 1
785870 0.000000 0
785878 0.000000 0
785885 0.038270 1
785894 0.000000 0
785902 0.000000 0
785909 0.045550 1
785915 0.000000 0
785922 0.000000 0
785930 0.056460 1
785939 0.000000 0
785946 0.000000 0
785954 0.060640 1
785959 0.000000 0
785966 0.000000 0
785974 0.057660 1
785984 0.000000 0
785992 0.000000 0
785999 0.055650 1
786005 0.000000 0
786012 0.000000 0
786020 0.052400 1
786029 0.000000 0
786036 0.000000 0
786044 0.075440 1
786050 0.000000 0
786058 0.000000 0
786065 0.068670 1
786074 0.000000 0
786082 0.000000 0
786089 0.070420 1
786094 0.000000 0
786102 0.000000 0
786109 0.091940 1
786118 0.000000 0
786126 0.000000 0
786133 0.088470 1
786139 0.000000 0
786146 0.000000 0
786154 0.073900 1
786163 0.000000 0
786170 0.000000 0
786178 0.048460 1
786184 0.000000 0
786192 0.000000 0
786199 0.039640 1
786208 0.000000 0
786216 0.000000 0
786223 0.044880 1
786228 0.000000 0
786236 0.000000 0
786243 0.047990 1
786253 0.000000 0
786260 0.000000 0
786268 0.047030 1
786274 0.000000 0
786282 0.000000 0
786289 0.038470 1
786298 0.000000 0
786306 0.000000 0
786313 0.030990 1
786319 0.000000 0
786326 0.000000 0
786334 0.043670 1
786343 0.000000 0
786350 0.000000 0
786358 0.040590 1
786364 0.000000 0
786372 0.000000 0
786379 0.039640 1
786388 0.000000 0
786396 0.000000 0
786403 0.072540 1
786409 0.000000 0
786416 0.000000 0
786424 0.063100 1
786433 0.000000 0
786440 0.000000 0
786448 0.061390 1
786454 0.000000 0
786462 0.000000 0
786469 0.046710 1
786478 0.000000 0
786486 0.000000 0
786493 0.051070 1
786499 0.000000 0
786506 0.000000 0
786514 0.065130 1
786523 0.000000 0
786530 0.000000 0
786538 0.067870 1
786546 0.000000 0
786554 0.000000 0
786561 0.063460 1
786569 0.000000 0
786576 0.000000 0
786584 0.085220 1
786591 0.000000 0
786598 0.000000 0
786606 0.079850 1
786614 0.000000 0
786622 0.000000 0
786629 0.054690 1
786636 0.000000 0
786644 0.000000 0
786651 0.033830 1
786658 0.000000 0
786666 0.000000 0
786673 0.043140 1
786681 0.000000 0
786688 0.000000 0
786696 0.050920 1
786704 0.000000 0
786712 0.000000 0
786719 0.047030 1
786725 0.000000 0
786732 0.000000 0
786740 0.039060 1
786749 0.000000 0
786756 0.000000 0
786764 0.041520 1
786770 0.000000 0
786778 0.000000 0
786785 0.038270 1
786794 0.000000 0
786802 0.000000 0
786809 0.019910 1
786815 0.000000 0
786822 0.000000 0
786830 0.036850 1
786838 0.000000 0
786846 0.000000 0
786853 0.055100 1
786860 0.000000 0
786868 0.000000 0
786875 0.063940 1
786884 0.000000 0
786892 0.000000 0
786899 0.052400 1
786905 0.000000 0
786912 0.000000 0
786920 0.047840 1
786929 0.000000 0
786936 0.000000 0
786944 0.051220 1
786950 0.000000 0
786958 0.000000 0
786965 0.042600 1
786974 0.000000 0
786982 0.000000 0
786989 0.063220 1
786995 0.000000 0
787002 0.000000 0
787010 0.074920 1
787019 0.000000 0
787026 0.000000 0
787034 0.061880 1
787039 0.000000 0
787046 0.000000 0
787054 0.078510 1
787063 0.000000 0
787070 0.000000 0
787078 0.087340 1
787084 0.000000 0
787092 0.000000 0
787099 0.064060 1
787108 0.000000 0
787116 0.000000 0
787123 0.042790 1
787129 0.000000 0
787136 0.000000 0
787144 0.049870 1
787153 0.000000 0
787160 0.000000 0
787168 0.047990 1
787174 0.000000 0
787182 0.000000 0
787189 0.047030 1
787198 0.000000 0
787206 0.000000 0
787213 0.046220 1
787219 0.000000 0
787226 0.000000 0
787234 0.058850 1
787243 0.000000 0
787250 0.000000 0
787258 0.054120 1
787264 0.000000 0
787272 0.000000 0
787279 0.042790 1
787288 0.000000 0
787296 0.000000 0
787303 0.038670 1
787309 0.000000 0
787316 0.000000 0
787324 0.049870 1
787333 0.000000 0
787340 0.000000 0
787348 0.045720 1
787354 0.000000 0
787362 0.000000 0
787369 0.051960 1
787378 0.000000 0
787386 0.000000 0
787393 0.060500 1
787399 0.000000 0
787406 0.000000 0
787414 0.052550 1
787423 0.000000 0
787430 0.000000 0
787438 0.039440 1
787444 0.000000 0
787452 0.000000 0
787459 0.050920 1
787468 0.000000 0
787476 0.000000 0
787483 0.052690 1
787491 0.000000 0
787498 0.000000 0
787506 0.038470 1
787514 0.000000 0
787522 0.000000 0
787529 0.071810 1
787536 0.000000 0
787544 0.000000 0
787551 0.074010 1
787559 0.000000 0
787566 0.000000 0
787574 0.061510 1
787581 0.000000 0
787588 0.000000 0
787596 0.036220 1
787604 0.000000 0
787612 0.000000 0
787619 0.039250 1
787625 0.000000 0
787632 0.000000 0
787640 0.045210 1
787649 0.000000 0
787656 0.000000 0
787664 0.049560 1
787670 0.000000 0
787678 0.000000 0
787685 0.037660 1
787694 0.000000 0
787702 0.000000 0
787709 0.036850 1
787715 0.000000 0
787722 0.000000 0
787730 0.047520 1
787738 0.000000 0
787746 0.000000 0
787753 0.068540 1
787760 0.000000 0
787768 0.000000 0
787775 0.053700 1
787784 0.000000 0
787792 0.000000 0
787799 0.063580 1
787805 0.000000 0
787812 0.000000 0
787820 0.053700 1
787829 0.000000 0
787836 0.000000 0
787844 0.052980 1
787850 0.000000 0
787858 0.000000 0
787865 0.051510 1
787874 0.000000 0
787882 0.000000 0
787889 0.044010 1
787895 0.000000 0
787902 0.000000 0
787910 0.049560 1
787919 0.000000 0
787926 0.000000 0
787934 0.058320 1
787939 0.000000 0
787946 0.000000 0
787954 0.057540 1
787963 0.000000 0
787970 0.000000 0
787978 0.056600 1
787984 0.000000 0
787992 0.000000 0
787999 0.077530 1
788008 0.000000 0
788016 0.000000 0
788023 0.088210 1
788029 0.000000 0
788036 0.000000 0
788044 0.053120 1
788053 0.000000 0
788060 0.000000 0
788068 0.041150 1
788073 0.000000 0
788080 0.000000 0
788088 0.039830 1
788098 0.000000 0
788106 0.000000 0
788113 0.044190 1
788119 0.000000 0
788126 0.000000 0
788134 0.044010 1
788143 0.000000 0
788150 0.000000 0
788158 0.045720 1
788164 0.000000 0
788172 0.000000 0
788179 0.048160 1
788188 0.000000 0
788196 0.000000 0
788203 0.049410 1
788209 0.000000 0
788216 0.000000 0
788224 0.037050 1
788233 0.000000 0
788240 0.000000 0
788248 0.048310 1
788254 0.000000 0
788262 0.000000 0
788269 0.066640 1
788278 0.000000 0
788286 0.000000 0
788293 0.065710 1
788299 0.000000 0
788306 0.000000 0
788314 0.064060 1
788324 0.000000 0
788332 0.000000 0
788339 0.077620 1
788346 0.000000 0
788354 0.000000 0
788361 0.063580 1
788369 0.000000 0
788376 0.000000 0
788384 0.065930 1
788391 0.000000 0
788398 0.000000 0
788406 0.075440 1
788413 0.000000 0
788420 0.000000 0
788428 0.073590 1
788435 0.000000 0
788442 0.000000 0
788450 0.078800 1
788458 0.000000 0
788466 0.000000 0
788473 0.054690 1
788480 0.000000 0
788488 0.000000 0
788495 0.049560 1
788504 0.000000 0
788512 0.000000 0
788519 0.045210 1
788525 0.000000 0
788532 0.000000 0
788540 0.045880 1
788549 0.000000 0
788556 0.000000 0
788564 0.037260 1
788570 0.000000 0
788578 0.000000 0
788585 0.026490 1
788594 0.000000 0
788602 0.000000 0
788609 0.027620 1
788615 0.000000 0
788622 0.000000 0
788630 0.034040 1
788639 0.000000 0
788646 0.000000 0
788654 0.036420 1
788660 0.000000 0
788668 0.000000 0
788675 0.044710 1
788684 0.000000 0
788692 0.000000 0
788699 0.047990 1
788705 0.000000 0
788712 0.000000 0
788720 0.040410 1
788729 0.000000 0
788736 0.000000 0
788744 0.054830 1
788750 0.000000 0
788758 0.000000 0
788765 0.049260 1
788774 0.000000 0
788782 0.000000 0
788789 0.037660 1
788795 0.000000 0
788802 0.000000 0
788810 0.041890 1
788818 0.000000 0
788826 0.000000 0
788833 0.058590 1
788839 0.000000 0
788846 0.000000 0
788854 0.063460 1
788863 0.000000 0
788870 0.000000 0
788878 0.070420 1
788884 0.000000 0
788892 0.000000 0
788899 0.086110 1
788908 0.000000 0
788916 0.000000 0
788923 0.081380 1
788928 0.000000 0
788936 0.000000 0
788943 0.040590 1
788953 0.000000 0
788960 0.000000 0
788968 0.041890 1
788974 0.000000 0
788982 0.000000 0
788989 0.057270 1
788998 0.000000 0
789006 0.000000 0
789013 0.055790 1
789019 0.000000 0
789026 0.000000 0
789034 0.046540 1
789043 0.000000 0
789050 0.000000 0
789058 0.037660 1
789064 0.000000 0
789072 0.000000 0
789079 0.039250 1
789088 0.000000 0
789096 0.000000 0
789103 0.042790 1
789109 0.000000 0
789116 0.000000 0
789124 0.064530 1
789133 0.000000 0
789140 0.000000 0
789148 0.074920 1
789154 0.000000 0
789162 0.000000 0
789169 0.066410 1
789178 0.000000 0
789186 0.000000 0
789193 0.064420 1
789199 0.000000 0
789206 0.000000 0
789214 0.066290 1
789223 0.000000 0
789230 0.000000 0
789238 0.072130 1
789246 0.000000 0
789254 0.000000 0
789261 0.071490 1
789269 0.000000 0
789276 0.000000 0
789284 0.056870 1
789291 0.000000 0
789298 0.000000 0
789306 0.061880 1
789314 0.000000 0
789322 0.000000 0
789329 0.063940 1
789335 0.000000 0
789342 0.000000 0
789350 0.048460 1
789359 0.000000 0
789366 0.000000 0
789374 0.052400 1
789380 0.000000 0
789388 0.000000 0
789395 0.047990 1
789404 0.000000 0
789412 0.000000 0
789419 0.052260 1
789425 0.000000 0
789432 0.000000 0
789440 0.053410 1
789449 0.000000 0
789456 0.000000 0
789464 0.042600 1
789470 0.000000 0
789478 0.000000 0
789485 0.047030 1
789494 0.000000 0
789502 0.000000 0
789509 0.044010 1
789515 0.000000 0
789522 0.000000 0
789530 0.041340 1
789539 0.000000 0
789546 0.000000 0
789554 0.031970 1
789560 0.000000 0
789568 0.000000 0
789575 0.044880 1
789584 0.000000 0
789592 0.000000 0
789599 0.061510 1
789605 0.000000 0
789612 0.000000 0
789620 0.073270 1
789629 0.000000 0
789636 0.000000 0
789644 0.076040 1
789650 0.000000 0
789658 0.000000 0
789665 0.051670 1
789674 0.000000 0
789682 0.000000 0
789689 0.041700 1
789695 0.000000 0
789702 0.000000 0
789710 0.058720 1
789718 0.000000 0
789726 0.000000 0
789733 0.060640 1
789739 0.000000 0
789746 0.000000 0
789754 0.050020 1
789763 0.000000 0
789770 0.000000 0
789778 0.040590 1
789784 0.000000 0
789792 0.000000 0
789799 0.047520 1
789808 0.000000 0
789816 0.000000 0
789823 0.052550 1
789829 0.000000 0
789836 0.000000 0
789844 0.048460 1
789853 0.000000 0
789860 0.000000 0
789868 0.044710 1
789874 0.000000 0
789882 0.000000 0
789889 0.055100 1
789898 0.000000 0
789906 0.000000 0
789913 0.059240 1
789919 0.000000 0
789926 0.000000 0
789934 0.062730 1
789943 0.000000 0
789950 0.000000 0
789958 0.057130 1
789964 0.000000 0
789972 0.000000 0
789979 0.049560 1
789988 0.000000 0
789996 0.000000 0
790003 0.045880 1
790009 0.000000 0
790016 0.000000 0
790024 0.027890 1
790033 0.000000 0
790040 0.000000 0
790048 0.058460 1
790054 0.000000 0
790062 0.000000 0
790069 0.053700 1
790078 0.000000 0
790086 0.000000 0
790093 0.051510 1
790099 0.000000 0
790106 0.000000 0
790114 0.047350 1
790124 0.000000 0
790132 0.000000 0
790139 0.054400 1
790146 0.000000 0
790154 0.000000 0
790161 0.053970 1
790169 0.000000 0
790176 0.000000 0
790184 0.064770 1
790191 0.000000 0
790198 0.000000 0
790206 0.054690 1
790213 0.000000 0
790220 0.000000 0
790228 0.062730 1
790235 0.000000 0
790242 0.000000 0
790250 0.039440 1
790259 0.000000 0
790266 0.000000 0
790274 0.054120 1
790280 0.000000 0
790288 0.000000 0
790295 0.073080 1
790304 0.000000 0
790312 0.000000 0
790319 0.065130 1
790325 0.000000 0
790332 0.000000 0
790340 0.047030 1
790349 0.000000 0
790356 0.000000 0
790364 0.045550 1
790370 0.000000 0
790378 0.000000 0
790385 0.049410 1
790394 0.000000 0
790402 0.000000 0
790409 0.042970 1
790415 0.000000 0
790422 0.000000 0
790430 0.030240 1
790439 0.000000 0
790446 0.000000 0
790454 0.029220 1
790460 0.000000 0
790468 0.000000 0
790475 0.039250 1
790484 0.000000 0
790492 0.000000 0
790499 0.047350 1
790505 0.000000 0
790512 0.000000 0
790520 0.043670 1
790529 0.000000 0
790536 0.000000 0
790544 0.047030 1
790550 0.000000 0
790558 0.000000 0
790565 0.045720 1
790574 0.000000 0
790582 0.000000 0
790589 0.037260 1
790594 0.000000 0
790602 0.000000 0
790609 0.042250 1
790618 0.000000 0
790626 0.000000 0
790633 0.039440 1
790639 0.000000 0
790646 0.000000 0
790654 0.037050 1
790663 0.000000 0
790670 0.000000 0
790678 0.054260 1
790683 0.000000 0
790690 0.000000 0
790698 0.065000 1
790708 0.000000 0
790716 0.000000 0
790723 0.064420 1
790729 0.000000 0
790736 0.000000 0
790744 0.075230 1
790753 0.000000 0
790760 0.000000 0
790768 0.084140 1
790774 0.000000 0
790782 0.000000 0
790789 0.062730 1
790798 0.000000 0
790806 0.000000 0
790813 0.055510 1
790819 0.000000 0
790826 0.000000 0
790834 0.035580 1
790843 0.000000 0
790850 0.000000 0
790858 0.047840 1
790864 0.000000 0
790872 0.000000 0
790879 0.066970 1
790889 0.000000 0
790896 0.000000 0
790904 0.066510 1
790911 0.000000 0
790918 0.000000 0
790926 0.039440 1
790934 0.000000 0
790942 0.000000 0
790949 0.051070 1
790956 0.000000 0
790964 0.000000 0
790971 0.052840 1
790978 0.000000 0
790986 0.000000 0
790993 0.045550 1
791001 0.000000 0
791008 0.000000 0
791016 0.051070 1
791023 0.000000 0
791030 0.000000 0
791038 0.067540 1
791045 0.000000 0
791052 0.000000 0
791060 0.074310 1
791069 0.000000 0
791076 0.000000 0
791084 0.041150 1
791090 0.000000 0
791098 0.000000 0
791105 0.038270 1
791114 0.000000 0
791122 0.000000 0
791129 0.041340 1
791135 0.000000 0
791142 0.000000 0
791150 0.049090 1
791159 0.000000 0
791166 0.000000 0
791174 0.053560 1
791180 0.000000 0
791188 0.000000 0
791195 0.050170 1
791204 0.000000 0
791212 0.000000 0
791219 0.044530 1
791224 0.000000 0
791232 0.000000 0
791239 0.049090 1
791249 0.000000 0
791256 0.000000 0
791264 0.052690 1
791270 0.000000 0
791278 0.000000 0
791285 0.055370 1
791294 0.000000 0
791302 0.000000 0
791309 0.050480 1
791315 0.000000 0
791322 0.000000 0
791330 0.047350 1
791338 0.000000 0
791346 0.000000 0
791353 0.049710 1
791359 0.000000 0
791366 0.000000 0
791374 0.039640 1
791383 0.000000 0
791390 0.000000 0
791398 0.047520 1
791404 0.000000 0
791412 0.000000 0
791419 0.044710 1
791428 0.000000 0
791436 0.000000 0
791443 0.048460 1
791449 0.000000 0
791456 0.000000 0
791464 0.057400 1
791473 0.000000 0
791480 0.000000 0
791488 0.051670 1
791494 0.000000 0
791502 0.000000 0
791509 0.084500 1
791518 0.000000 0
791526 0.000000 0
791533 0.080230 1
791539 0.000000 0
791546 0.000000 0
791554 0.075840 1
791563 0.000000 0
791570 0.000000 0
791578 0.057660 1
791586 0.000000 0
791594 0.000000 0
791601 0.053120 1
791609 0.000000 0
791616 0.000000 0
791624 0.056870 1
791631 0.000000 0
791638 0.000000 0
791646 0.052840 1
791654 0.000000 0
791662 0.000000 0
791669 0.057660 1
791676 0.000000 0
791684 0.000000 0
791691 0.042250 1
791699 0.000000 0
791706 0.000000 0
791714 0.047350 1
791721 0.000000 0
791728 0.000000 0
791736 0.051960 1
791744 0.000000 0
791752 0.000000 0
791759 0.056600 1
791765 0.000000 0
791772 0.000000 0
791780 0.052400 1
791789 0.000000 0
791796 0.000000 0
791804 0.047200 1
791810 0.000000 0
791818 0.000000 0
791825 0.035580 1
791834 0.000000 0
791842 0.000000 0
791849 0.048460 1
791855 0.000000 0
791862 0.000000 0
791870 0.050170 1
791878 0.000000 0
791886 0.000000 0
791893 0.049870 1
791900 0.000000 0
791908 0.000000 0
791915 0.047990 1
791924 0.000000 0
791932 0.000000 0
791939 0.055920 1
791945 0.000000 0
791952 0.000000 0
791960 0.061390 1
791969 0.000000 0
791976 0.000000 0
791984 0.077130 1
791989 0.000000 0
791996 0.000000 0
792004 0.076740 1
792014 0.000000 0
792022 0.000000 0
792029 0.073080 1
792034 0.000000 0
792042 0.000000 0
792049 0.058320 1
792058 0.000000 0
792066 0.000000 0
792073 0.058200 1
792079 0.000000 0
792086 0.000000 0
792094 0.063580 1
792103 0.000000 0
792110 0.000000 0
792118 0.048780 1
792124 0.000000 0
792132 0.000000 0
792139 0.069430 1
792148 0.000000 0
792156 0.000000 0
792163 0.070190 1
792169 0.000000 0
792176 0.000000 0
792184 0.054540 1
792193 0.000000 0
792200 0.000000 0
792208 0.059240 1
792214 0.000000 0
792222 0.000000 0
792229 0.052690 1
792238 0.000000 0
792246 0.000000 0
792253 0.047200 1
792259 0.000000 0
792266 0.000000 0
792274 0.045380 1
792283 0.000000 0
792290 0.000000 0
792298 0.053410 1
792304 0.000000 0
792312 0.000000 0
792319 0.055370 1
792328 0.000000 0
792336 0.000000 0
792343 0.059880 1
